attraction_name, attraction_rate, attraction_type, attraction_url, attraction_parent_url
Planetarium Judenburg, 4.5, Museums, /Attraction_Review-g2274032-d7078254-Reviews-Planetarium_Judenburg-Judenburg_Styria.html, /Attractions-g2274032-Activities-Judenburg_Styria.html
Puchmuseum, 5.0, Museums, /Attraction_Review-g2274032-d8534102-Reviews-Puchmuseum-Judenburg_Styria.html, /Attractions-g2274032-Activities-Judenburg_Styria.html
Stadtmuseum Judenburg, 4.0, Museums, /Attraction_Review-g2274032-d9762388-Reviews-Stadtmuseum_Judenburg-Judenburg_Styria.html, /Attractions-g2274032-Activities-Judenburg_Styria.html
Pfarre Judenburg-St. Nikolaus, 5.0, Sights & Landmarks, /Attraction_Review-g2274032-d9762442-Reviews-Pfarre_Judenburg_St_Nikolaus-Judenburg_Styria.html, /Attractions-g2274032-Activities-Judenburg_Styria.html
Pfarre Judenburg-St. Magdalena, 4.0, Sights & Landmarks, /Attraction_Review-g2274032-d12581222-Reviews-Pfarre_Judenburg_St_Magdalena-Judenburg_Styria.html, /Attractions-g2274032-Activities-Judenburg_Styria.html
Tourismusverband Judenburg, 5.0, Traveller Resources, /Attraction_Review-g2274032-d12593074-Reviews-Tourismusverband_Judenburg-Judenburg_Styria.html, /Attractions-g2274032-Activities-Judenburg_Styria.html
Jesuitenkloster, 4.5, Sights & Landmarks, /Attraction_Review-g2274032-d9762564-Reviews-Jesuitenkloster-Judenburg_Styria.html, /Attractions-g2274032-Activities-Judenburg_Styria.html
Stadtturm Judenburg, 4.0, Sights & Landmarks, /Attraction_Review-g2274032-d9762439-Reviews-Stadtturm_Judenburg-Judenburg_Styria.html, /Attractions-g2274032-Activities-Judenburg_Styria.html
Schloss Liechtenstein, 3.0, Sights & Landmarks, /Attraction_Review-g2274032-d12592973-Reviews-Schloss_Liechtenstein-Judenburg_Styria.html, /Attractions-g2274032-Activities-Judenburg_Styria.html
Mojito Bar Judenburg, 4.0, Nightlife, /Attraction_Review-g2274032-d8536916-Reviews-Mojito_Bar_Judenburg-Judenburg_Styria.html, /Attractions-g2274032-Activities-Judenburg_Styria.html
Museum Murtal: Archäologie der Region, None, Museums, /Attraction_Review-g2274032-d20266229-Reviews-Museum_Murtal_Archaologie_der_Region-Judenburg_Styria.html, /Attractions-g2274032-Activities-Judenburg_Styria.html
Erlebnisfreibad Judenburg, None, Fun & Games, /Attraction_Review-g2274032-d12592966-Reviews-Erlebnisfreibad_Judenburg-Judenburg_Styria.html, /Attractions-g2274032-Activities-Judenburg_Styria.html
Stadtbibliothek Judenburg, None, Traveller Resources, /Attraction_Review-g2274032-d12581216-Reviews-Stadtbibliothek_Judenburg-Judenburg_Styria.html, /Attractions-g2274032-Activities-Judenburg_Styria.html
Kalvarienbergkirche, None, Sights & Landmarks, /Attraction_Review-g2274032-d12581221-Reviews-Kalvarienbergkirche-Judenburg_Styria.html, /Attractions-g2274032-Activities-Judenburg_Styria.html
Judenburger Grotte, None, Nature & Parks, /Attraction_Review-g2274032-d12581220-Reviews-Judenburger_Grotte-Judenburg_Styria.html, /Attractions-g2274032-Activities-Judenburg_Styria.html
