attraction_name, attraction_rate, attraction_type, attraction_url, attraction_parent_url
Schloss Kornberg, 4.5, Sights & Landmarks, /Attraction_Review-g663125-d10416792-Reviews-Schloss_Kornberg-Feldbach_Styria.html, /Attractions-g663125-Activities-Feldbach_Styria.html
Altstadtgasse, 4.5, Sights & Landmarks, /Attraction_Review-g663125-d14118239-Reviews-Altstadtgasse-Feldbach_Styria.html, /Attractions-g663125-Activities-Feldbach_Styria.html
Zentrum Feldbach, 5.0, Sights & Landmarks, /Attraction_Review-g663125-d12689267-Reviews-Zentrum_Feldbach-Feldbach_Styria.html, /Attractions-g663125-Activities-Feldbach_Styria.html
Heimatmuseum in Tabor, 4.0, Museums, /Attraction_Review-g663125-d8713133-Reviews-Heimatmuseum_in_Tabor-Feldbach_Styria.html, /Attractions-g663125-Activities-Feldbach_Styria.html
Bahnerlebnis Steiermark, 4.5, Tours, /Attraction_Review-g663125-d19423666-Reviews-Bahnerlebnis_Steiermark-Feldbach_Styria.html, /Attractions-g663125-Activities-Feldbach_Styria.html
Villa Mold, None, Sights & Landmarks, /Attraction_Review-g663125-d21174826-Reviews-Villa_Mold-Feldbach_Styria.html, /Attractions-g663125-Activities-Feldbach_Styria.html
Krenac Edelbrennerei, None, Food & Drink, /Attraction_Review-g663125-d21180167-Reviews-Krenac_Edelbrennerei-Feldbach_Styria.html, /Attractions-g663125-Activities-Feldbach_Styria.html
Mariensaeule, None, Sights & Landmarks, /Attraction_Review-g663125-d12690582-Reviews-Mariensaeule-Feldbach_Styria.html, /Attractions-g663125-Activities-Feldbach_Styria.html
Kunsthalle Feldbach, None, Museums, /Attraction_Review-g663125-d12689264-Reviews-Kunsthalle_Feldbach-Feldbach_Styria.html, /Attractions-g663125-Activities-Feldbach_Styria.html
Steinerner Metzen, None, Sights & Landmarks, /Attraction_Review-g663125-d12689413-Reviews-Steinerner_Metzen-Feldbach_Styria.html, /Attractions-g663125-Activities-Feldbach_Styria.html
Rathaus Feldbach, None, Sights & Landmarks, /Attraction_Review-g663125-d12689418-Reviews-Rathaus_Feldbach-Feldbach_Styria.html, /Attractions-g663125-Activities-Feldbach_Styria.html
Dorfkapelle Oberweißenbach, None, Sights & Landmarks, /Attraction_Review-g663125-d12689420-Reviews-Dorfkapelle_Oberweissenbach-Feldbach_Styria.html, /Attractions-g663125-Activities-Feldbach_Styria.html
Ortskapelle Paurach, None, Sights & Landmarks, /Attraction_Review-g663125-d12689421-Reviews-Ortskapelle_Paurach-Feldbach_Styria.html, /Attractions-g663125-Activities-Feldbach_Styria.html
Österreichisches Vulkanmuseum Gniebing, None, Museums, /Attraction_Review-g663125-d12689424-Reviews-Osterreichisches_Vulkanmuseum_Gniebing-Feldbach_Styria.html, /Attractions-g663125-Activities-Feldbach_Styria.html
Schloss Hainfeld, None, Sights & Landmarks, /Attraction_Review-g663125-d12689425-Reviews-Schloss_Hainfeld-Feldbach_Styria.html, /Attractions-g663125-Activities-Feldbach_Styria.html
Gniebingbergkapelle, None, Sights & Landmarks, /Attraction_Review-g663125-d12689426-Reviews-Gniebingbergkapelle-Feldbach_Styria.html, /Attractions-g663125-Activities-Feldbach_Styria.html
Lugitschkapelle, None, Sights & Landmarks, /Attraction_Review-g663125-d12689429-Reviews-Lugitschkapelle-Feldbach_Styria.html, /Attractions-g663125-Activities-Feldbach_Styria.html
Unterweißenbacher Dorfkapelle, None, Sights & Landmarks, /Attraction_Review-g663125-d12689431-Reviews-Unterweissenbacher_Dorfkapelle-Feldbach_Styria.html, /Attractions-g663125-Activities-Feldbach_Styria.html
Sternwarte + Planetenwanderweg Auersbach, None, Museums, /Attraction_Review-g663125-d12689432-Reviews-Sternwarte_Planetenwanderweg_Auersbach-Feldbach_Styria.html, /Attractions-g663125-Activities-Feldbach_Styria.html
Stadtbibliothek Feldbach, None, Traveller Resources, /Attraction_Review-g663125-d12689258-Reviews-Stadtbibliothek_Feldbach-Feldbach_Styria.html, /Attractions-g663125-Activities-Feldbach_Styria.html
Pfarre Feldbach, None, Sights & Landmarks, /Attraction_Review-g663125-d12689262-Reviews-Pfarre_Feldbach-Feldbach_Styria.html, /Attractions-g663125-Activities-Feldbach_Styria.html
Fallschirmjägerdenkmal, None, Sights & Landmarks, /Attraction_Review-g663125-d12689414-Reviews-Fallschirmjagerdenkmal-Feldbach_Styria.html, /Attractions-g663125-Activities-Feldbach_Styria.html
Kornbergertor, None, Sights & Landmarks, /Attraction_Review-g663125-d12689415-Reviews-Kornbergertor-Feldbach_Styria.html, /Attractions-g663125-Activities-Feldbach_Styria.html
Musikschule der Stadt Feldbach, None, Sights & Landmarks, /Attraction_Review-g663125-d12689416-Reviews-Musikschule_der_Stadt_Feldbach-Feldbach_Styria.html, /Attractions-g663125-Activities-Feldbach_Styria.html
Kloster der Schulschwestern, None, Sights & Landmarks, /Attraction_Review-g663125-d12689417-Reviews-Kloster_der_Schulschwestern-Feldbach_Styria.html, /Attractions-g663125-Activities-Feldbach_Styria.html
Grazer Tor, None, Sights & Landmarks, /Attraction_Review-g663125-d12689423-Reviews-Grazer_Tor-Feldbach_Styria.html, /Attractions-g663125-Activities-Feldbach_Styria.html
7group Flight-Service, None, Tours, /Attraction_Review-g663125-d15595048-Reviews-7group_Flight_Service-Feldbach_Styria.html, /Attractions-g663125-Activities-Feldbach_Styria.html
