attraction_name, attraction_rate, attraction_type, attraction_url, attraction_parent_url
Paul-Ausserleitner-Schanze, 4.5, Sights & Landmarks, /Attraction_Review-g1602415-d13086566-Reviews-Paul_Ausserleitner_Schanze-Bischofshofen_Austrian_Alps.html, /Attractions-g1602415-Activities-Bischofshofen_Austrian_Alps.html
Gainfeldbach, 4.5, Nature & Parks, /Attraction_Review-g1602415-d13086568-Reviews-Gainfeldbach-Bischofshofen_Austrian_Alps.html, /Attractions-g1602415-Activities-Bischofshofen_Austrian_Alps.html
Frauenkirche, 4.5, Sights & Landmarks, /Attraction_Review-g1602415-d9857739-Reviews-Frauenkirche-Bischofshofen_Austrian_Alps.html, /Attractions-g1602415-Activities-Bischofshofen_Austrian_Alps.html
St. Maximillian, 4.0, Sights & Landmarks, /Attraction_Review-g1602415-d9857546-Reviews-St_Maximillian-Bischofshofen_Austrian_Alps.html, /Attractions-g1602415-Activities-Bischofshofen_Austrian_Alps.html
Bischofshofen Bahnhof, 4.0, Sights & Landmarks, /Attraction_Review-g1602415-d15769388-Reviews-Bischofshofen_Bahnhof-Bischofshofen_Austrian_Alps.html, /Attractions-g1602415-Activities-Bischofshofen_Austrian_Alps.html
Neu Touristik, 5.0, Tours, /Attraction_Review-g1602415-d17566326-Reviews-Neu_Touristik-Bischofshofen_Austrian_Alps.html, /Attractions-g1602415-Activities-Bischofshofen_Austrian_Alps.html
Pfarrkirche - Bischofshofen, None, Sights & Landmarks, /Attraction_Review-g1602415-d13230969-Reviews-Pfarrkirche_Bischofshofen-Bischofshofen_Austrian_Alps.html, /Attractions-g1602415-Activities-Bischofshofen_Austrian_Alps.html
