attraction_name, attraction_rate, attraction_type, attraction_url, attraction_parent_url
Wasserwelt Haldensee, 5.0, Fun & Games, /Attraction_Review-g665890-d11728541-Reviews-Wasserwelt_Haldensee-Gran_Tirol_Austrian_Alps.html, /Attractions-g665890-Activities-Gran_Tirol_Austrian_Alps.html
Spielplatz, 4.5, Fun & Games, /Attraction_Review-g665890-d12964124-Reviews-Spielplatz-Gran_Tirol_Austrian_Alps.html, /Attractions-g665890-Activities-Gran_Tirol_Austrian_Alps.html
St. Wendelin Church, 4.5, Sights & Landmarks, /Attraction_Review-g665890-d1999454-Reviews-St_Wendelin_Church-Gran_Tirol_Austrian_Alps.html, /Attractions-g665890-Activities-Gran_Tirol_Austrian_Alps.html
Sonnenbergbahn, 4.5, Outdoor Activities, /Attraction_Review-g665890-d8367972-Reviews-Sonnenbergbahn-Gran_Tirol_Austrian_Alps.html, /Attractions-g665890-Activities-Gran_Tirol_Austrian_Alps.html
Sonnenhof Day Spa, 4.5, Spas & Wellness, /Attraction_Review-g665890-d12965916-Reviews-Sonnenhof_Day_Spa-Gran_Tirol_Austrian_Alps.html, /Attractions-g665890-Activities-Gran_Tirol_Austrian_Alps.html
Skischule Gran-Haldensee, 4.0, Classes & Workshops, /Attraction_Review-g665890-d9681939-Reviews-Skischule_Gran_Haldensee-Gran_Tirol_Austrian_Alps.html, /Attractions-g665890-Activities-Gran_Tirol_Austrian_Alps.html
