attraction_name, attraction_rate, attraction_type, attraction_url, attraction_parent_url
Swarovski Kristallwelten, 4.0, Museums, /Attraction_Review-g1572395-d265237-Reviews-Swarovski_Kristallwelten-Wattens_Tirol_Austrian_Alps.html, /Attractions-g1572395-Activities-Wattens_Tirol_Austrian_Alps.html
Museum Wattens, 5.0, Museums, /Attraction_Review-g1572395-d19336823-Reviews-Museum_Wattens-Wattens_Tirol_Austrian_Alps.html, /Attractions-g1572395-Activities-Wattens_Tirol_Austrian_Alps.html
Museu Delle Macchine Da Screvere, 3.5, Museums, /Attraction_Review-g1572395-d8775990-Reviews-Museu_Delle_Macchine_Da_Screvere-Wattens_Tirol_Austrian_Alps.html, /Attractions-g1572395-Activities-Wattens_Tirol_Austrian_Alps.html
Sagenpark - Marktgemeinde Wattens, None, Sights & Landmarks, /Attraction_Review-g1572395-d20363614-Reviews-Sagenpark_Marktgemeinde_Wattens-Wattens_Tirol_Austrian_Alps.html, /Attractions-g1572395-Activities-Wattens_Tirol_Austrian_Alps.html
Laurentiuskirche - Alte Pfarrkirche, None, Sights & Landmarks, /Attraction_Review-g1572395-d20363616-Reviews-Laurentiuskirche_Alte_Pfarrkirche-Wattens_Tirol_Austrian_Alps.html, /Attractions-g1572395-Activities-Wattens_Tirol_Austrian_Alps.html
Sägekirche, None, Sights & Landmarks, /Attraction_Review-g1572395-d20363618-Reviews-Sagekirche-Wattens_Tirol_Austrian_Alps.html, /Attractions-g1572395-Activities-Wattens_Tirol_Austrian_Alps.html
Marienkirche - Neue Pfarrkirche, None, Sights & Landmarks, /Attraction_Review-g1572395-d20363617-Reviews-Marienkirche_Neue_Pfarrkirche-Wattens_Tirol_Austrian_Alps.html, /Attractions-g1572395-Activities-Wattens_Tirol_Austrian_Alps.html
Persönlichkeitsdenkmal Daniel Swarovski, None, Sights & Landmarks, /Attraction_Review-g1572395-d20363606-Reviews-Personlichkeitsdenkmal_Daniel_Swarovski-Wattens_Tirol_Austrian_Alps.html, /Attractions-g1572395-Activities-Wattens_Tirol_Austrian_Alps.html
Rathaus Wattens, None, Sights & Landmarks, /Attraction_Review-g1572395-d20363607-Reviews-Rathaus_Wattens-Wattens_Tirol_Austrian_Alps.html, /Attractions-g1572395-Activities-Wattens_Tirol_Austrian_Alps.html
Markterhebungsbrunnen, None, Sights & Landmarks, /Attraction_Review-g1572395-d20363615-Reviews-Markterhebungsbrunnen-Wattens_Tirol_Austrian_Alps.html, /Attractions-g1572395-Activities-Wattens_Tirol_Austrian_Alps.html
Infopoint Wattens, None, Traveller Resources, /Attraction_Review-g1572395-d12547792-Reviews-Infopoint_Wattens-Wattens_Tirol_Austrian_Alps.html, /Attractions-g1572395-Activities-Wattens_Tirol_Austrian_Alps.html
