attraction_name, attraction_rate, attraction_type, attraction_url, attraction_parent_url
Tiroler Zugspitzbahn, 4.5, Nature & Parks, /Attraction_Review-g635548-d8630962-Reviews-Tiroler_Zugspitzbahn-Ehrwald_Tirol_Austrian_Alps.html, /Attractions-g635548-Activities-Ehrwald_Tirol_Austrian_Alps.html
Wasserfall-Erlebnisweg Ehrwald, 4.5, Nature & Parks, /Attraction_Review-g635548-d10680394-Reviews-Wasserfall_Erlebnisweg_Ehrwald-Ehrwald_Tirol_Austrian_Alps.html, /Attractions-g635548-Activities-Ehrwald_Tirol_Austrian_Alps.html
Ehrwalder Almsee, 5.0, Nature & Parks, /Attraction_Review-g635548-d14876387-Reviews-Ehrwalder_Almsee-Ehrwald_Tirol_Austrian_Alps.html, /Attractions-g635548-Activities-Ehrwald_Tirol_Austrian_Alps.html
Hochfeldernalm, 4.5, Nature & Parks, /Attraction_Review-g635548-d8640963-Reviews-Hochfeldernalm-Ehrwald_Tirol_Austrian_Alps.html, /Attractions-g635548-Activities-Ehrwald_Tirol_Austrian_Alps.html
Ehrwalder Wettersteinbahnen, 4.5, Nature & Parks, /Attraction_Review-g635548-d9752652-Reviews-Ehrwalder_Wettersteinbahnen-Ehrwald_Tirol_Austrian_Alps.html, /Attractions-g635548-Activities-Ehrwald_Tirol_Austrian_Alps.html
Familienbad Zugspitzarena, 4.0, Water & Amusement Parks, /Attraction_Review-g635548-d7887235-Reviews-Familienbad_Zugspitzarena-Ehrwald_Tirol_Austrian_Alps.html, /Attractions-g635548-Activities-Ehrwald_Tirol_Austrian_Alps.html
Faszination Zugspitze Erlebnis Museum, 4.5, Museums, /Attraction_Review-g635548-d13078247-Reviews-Faszination_Zugspitze_Erlebnis_Museum-Ehrwald_Tirol_Austrian_Alps.html, /Attractions-g635548-Activities-Ehrwald_Tirol_Austrian_Alps.html
Ehrwalder Almbahn, 4.5, Outdoor Activities, /Attraction_Review-g635548-d6941946-Reviews-Ehrwalder_Almbahn-Ehrwald_Tirol_Austrian_Alps.html, /Attractions-g635548-Activities-Ehrwald_Tirol_Austrian_Alps.html
Skischule &amp; Skiverleih Total, 4.5, Classes & Workshops, /Attraction_Review-g635548-d12969826-Reviews-Skischule_Skiverleih_Total-Ehrwald_Tirol_Austrian_Alps.html, /Attractions-g635548-Activities-Ehrwald_Tirol_Austrian_Alps.html
The Caledonian Irish Pub, 5.0, Nightlife, /Attraction_Review-g635548-d15656818-Reviews-The_Caledonian_Irish_Pub-Ehrwald_Tirol_Austrian_Alps.html, /Attractions-g635548-Activities-Ehrwald_Tirol_Austrian_Alps.html
Ski Pepi Pechtl, 4.0, Shopping, /Attraction_Review-g635548-d12135551-Reviews-Ski_Pepi_Pechtl-Ehrwald_Tirol_Austrian_Alps.html, /Attractions-g635548-Activities-Ehrwald_Tirol_Austrian_Alps.html
Skiverleih Leitner, 5.0, Outdoor Activities, /Attraction_Review-g635548-d13385669-Reviews-Skiverleih_Leitner-Ehrwald_Tirol_Austrian_Alps.html, /Attractions-g635548-Activities-Ehrwald_Tirol_Austrian_Alps.html
Intersport Leitner, 3.0, Outdoor Activities, /Attraction_Review-g635548-d10948277-Reviews-Intersport_Leitner-Ehrwald_Tirol_Austrian_Alps.html, /Attractions-g635548-Activities-Ehrwald_Tirol_Austrian_Alps.html
Ferienwohnung Hosp Miniature Golf, 3.0, Fun & Games, /Attraction_Review-g635548-d8541938-Reviews-Ferienwohnung_Hosp_Miniature_Golf-Ehrwald_Tirol_Austrian_Alps.html, /Attractions-g635548-Activities-Ehrwald_Tirol_Austrian_Alps.html
Radlwerkstatt, None, Outdoor Activities, /Attraction_Review-g635548-d15274770-Reviews-Radlwerkstatt-Ehrwald_Tirol_Austrian_Alps.html, /Attractions-g635548-Activities-Ehrwald_Tirol_Austrian_Alps.html
Sport Kerber, None, Nature & Parks, /Attraction_Review-g635548-d16678549-Reviews-Sport_Kerber-Ehrwald_Tirol_Austrian_Alps.html, /Attractions-g635548-Activities-Ehrwald_Tirol_Austrian_Alps.html
