attraction_name, attraction_rate, attraction_type, attraction_url, attraction_parent_url
Brau Union Österreich AG - Braumuseum, 5.0, Museums, /Attraction_Review-g5002899-d12580900-Reviews-Brau_Union_Osterreich_AG_Braumuseum-Wieselburg_Lower_Austria.html, /Attractions-g5002899-Activities-Wieselburg_Lower_Austria.html
Die Haydnschule, None, Sights & Landmarks, /Attraction_Review-g5002899-d12580894-Reviews-Die_Haydnschule-Wieselburg_Lower_Austria.html, /Attractions-g5002899-Activities-Wieselburg_Lower_Austria.html
Kirche und Oktogon, None, Sights & Landmarks, /Attraction_Review-g5002899-d12580895-Reviews-Kirche_und_Oktogon-Wieselburg_Lower_Austria.html, /Attractions-g5002899-Activities-Wieselburg_Lower_Austria.html
Der alte Pafrrhof und das Wolfgangbild, None, Sights & Landmarks, /Attraction_Review-g5002899-d12580897-Reviews-Der_alte_Pafrrhof_und_das_Wolfgangbild-Wieselburg_Lower_Austria.html, /Attractions-g5002899-Activities-Wieselburg_Lower_Austria.html
Museum für Ur- und Frühgeschichte, None, Museums, /Attraction_Review-g5002899-d12580899-Reviews-Museum_fur_Ur_und_Fruhgeschichte-Wieselburg_Lower_Austria.html, /Attractions-g5002899-Activities-Wieselburg_Lower_Austria.html
Öffentliche Bücherei Wieselburg, None, Traveller Resources, /Attraction_Review-g5002899-d12580906-Reviews-Offentliche_Bucherei_Wieselburg-Wieselburg_Lower_Austria.html, /Attractions-g5002899-Activities-Wieselburg_Lower_Austria.html
Das Kriegerdenkmal, None, Sights & Landmarks, /Attraction_Review-g5002899-d12590070-Reviews-Das_Kriegerdenkmal-Wieselburg_Lower_Austria.html, /Attractions-g5002899-Activities-Wieselburg_Lower_Austria.html
Die Flussmädchen, None, Sights & Landmarks, /Attraction_Review-g5002899-d12580892-Reviews-Die_Flussmadchen-Wieselburg_Lower_Austria.html, /Attractions-g5002899-Activities-Wieselburg_Lower_Austria.html
Der Wehrmann in Eisen, None, Sights & Landmarks, /Attraction_Review-g5002899-d12580893-Reviews-Der_Wehrmann_in_Eisen-Wieselburg_Lower_Austria.html, /Attractions-g5002899-Activities-Wieselburg_Lower_Austria.html
Tennisplätze - TC Volksbank Wieselburg, None, Fun & Games, /Attraction_Review-g5002899-d12580905-Reviews-Tennisplatze_TC_Volksbank_Wieselburg-Wieselburg_Lower_Austria.html, /Attractions-g5002899-Activities-Wieselburg_Lower_Austria.html
Fußballplatz - SC Raika Trenkwalder Wieselburg, None, Fun & Games, /Attraction_Review-g5002899-d12580898-Reviews-Fussballplatz_SC_Raika_Trenkwalder_Wieselburg-Wieselburg_Lower_Austria.html, /Attractions-g5002899-Activities-Wieselburg_Lower_Austria.html
Freizeiteinrichtungen, None, Fun & Games, /Attraction_Review-g5002899-d12580904-Reviews-Freizeiteinrichtungen-Wieselburg_Lower_Austria.html, /Attractions-g5002899-Activities-Wieselburg_Lower_Austria.html
Wurzers Spezialitaten Hofladen, None, Food & Drink, /Attraction_Review-g5002899-d21296885-Reviews-Wurzers_Spezialitaten_Hofladen-Wieselburg_Lower_Austria.html, /Attractions-g5002899-Activities-Wieselburg_Lower_Austria.html
