attraction_name, attraction_rate, attraction_type, attraction_url, attraction_parent_url
Fashion Lounge Vita, 5.0, Shopping, /Attraction_Review-g190454-d15092431-Reviews-Fashion_Lounge_Vita-Vienna.html, /Attractions-g190454-Activities-Vienna.html
Skulptur 'Scherzo Gruppe', 3.0, Sights & Landmarks, /Attraction_Review-g190454-d13418096-Reviews-Skulptur_Scherzo_Gruppe-Vienna.html, /Attractions-g190454-Activities-Vienna.html
Katholische Kirche Altottakring, 5.0, Sights & Landmarks, /Attraction_Review-g190454-d11718692-Reviews-Katholische_Kirche_Altottakring-Vienna.html, /Attractions-g190454-Activities-Vienna.html
Metamorphose der Säule, 3.5, Sights & Landmarks, /Attraction_Review-g190454-d14010661-Reviews-Metamorphose_der_Saule-Vienna.html, /Attractions-g190454-Activities-Vienna.html
Kolja Kramer Fine Arts, 5.0, Museums, /Attraction_Review-g190454-d15242669-Reviews-Kolja_Kramer_Fine_Arts-Vienna.html, /Attractions-g190454-Activities-Vienna.html
Trinity column St. Ulrich, 4.0, Sights & Landmarks, /Attraction_Review-g190454-d14971462-Reviews-Trinity_column_St_Ulrich-Vienna.html, /Attractions-g190454-Activities-Vienna.html
Denkmal Sankt Franziskus, 3.5, Sights & Landmarks, /Attraction_Review-g190454-d13552676-Reviews-Denkmal_Sankt_Franziskus-Vienna.html, /Attractions-g190454-Activities-Vienna.html
Marienstatue, 4.0, Sights & Landmarks, /Attraction_Review-g190454-d10059436-Reviews-Marienstatue-Vienna.html, /Attractions-g190454-Activities-Vienna.html
Statue Adam Smith, 3.0, Sights & Landmarks, /Attraction_Review-g190454-d13418208-Reviews-Statue_Adam_Smith-Vienna.html, /Attractions-g190454-Activities-Vienna.html
Adolf Schärf Monument, 2.5, Sights & Landmarks, /Attraction_Review-g190454-d13831202-Reviews-Adolf_Scharf_Monument-Vienna.html, /Attractions-g190454-Activities-Vienna.html
Stadtpalais Todesco, 3.0, Sights & Landmarks, /Attraction_Review-g190454-d13418282-Reviews-Stadtpalais_Todesco-Vienna.html, /Attractions-g190454-Activities-Vienna.html
Heldendenkmal, 5.0, Sights & Landmarks, /Attraction_Review-g190454-d13801091-Reviews-Heldendenkmal-Vienna.html, /Attractions-g190454-Activities-Vienna.html
Skulptur Stage Set, 2.5, Sights & Landmarks, /Attraction_Review-g190454-d13386937-Reviews-Skulptur_Stage_Set-Vienna.html, /Attractions-g190454-Activities-Vienna.html
Demel Museum, 3.0, Museums, /Attraction_Review-g190454-d15293547-Reviews-Demel_Museum-Vienna.html, /Attractions-g190454-Activities-Vienna.html
Schauspielhaus, 4.0, Concerts & Shows, /Attraction_Review-g190454-d245609-Reviews-Schauspielhaus-Vienna.html, /Attractions-g190454-Activities-Vienna.html
Andromedabrunnen, 4.5, Sights & Landmarks, /Attraction_Review-g190454-d14010607-Reviews-Andromedabrunnen-Vienna.html, /Attractions-g190454-Activities-Vienna.html
Hermannskogel, 4.5, Sights & Landmarks, /Attraction_Review-g190454-d12657108-Reviews-Hermannskogel-Vienna.html, /Attractions-g190454-Activities-Vienna.html
Denkmal Franz Werfel, 3.0, Sights & Landmarks, /Attraction_Review-g190454-d13418259-Reviews-Denkmal_Franz_Werfel-Vienna.html, /Attractions-g190454-Activities-Vienna.html
Gallery Sikabonyi, 5.0, Museums, /Attraction_Review-g190454-d13314669-Reviews-Gallery_Sikabonyi-Vienna.html, /Attractions-g190454-Activities-Vienna.html
Schwarzenberg Park, 4.5, Nature & Parks, /Attraction_Review-g190454-d14090926-Reviews-Schwarzenberg_Park-Vienna.html, /Attractions-g190454-Activities-Vienna.html
Denkmal Marcus Omufuma, 2.0, Sights & Landmarks, /Attraction_Review-g190454-d13552525-Reviews-Denkmal_Marcus_Omufuma-Vienna.html, /Attractions-g190454-Activities-Vienna.html
Habsburgwarte, 4.5, Sights & Landmarks, /Attraction_Review-g190454-d12657111-Reviews-Habsburgwarte-Vienna.html, /Attractions-g190454-Activities-Vienna.html
Schokoladenhaus, 4.0, Sights & Landmarks, /Attraction_Review-g190454-d10166691-Reviews-Schokoladenhaus-Vienna.html, /Attractions-g190454-Activities-Vienna.html
Tilgner Brunnen, 3.0, Sights & Landmarks, /Attraction_Review-g190454-d13418243-Reviews-Tilgner_Brunnen-Vienna.html, /Attractions-g190454-Activities-Vienna.html
Elfriede-Gerstl-Steg, 2.5, Sights & Landmarks, /Attraction_Review-g190454-d13387021-Reviews-Elfriede_Gerstl_Steg-Vienna.html, /Attractions-g190454-Activities-Vienna.html
Denkmal Heinrich II., 3.5, Sights & Landmarks, /Attraction_Review-g190454-d14010449-Reviews-Denkmal_Heinrich_II-Vienna.html, /Attractions-g190454-Activities-Vienna.html
Bundesbad Alte Donau, 3.0, Fun & Games, /Attraction_Review-g190454-d18186572-Reviews-Bundesbad_Alte_Donau-Vienna.html, /Attractions-g190454-Activities-Vienna.html
Villa Wertheimstein, 3.0, Sights & Landmarks, /Attraction_Review-g190454-d7078257-Reviews-Villa_Wertheimstein-Vienna.html, /Attractions-g190454-Activities-Vienna.html
Denkmal Klemens Maria Hofbauer, 2.5, Sights & Landmarks, /Attraction_Review-g190454-d13552678-Reviews-Denkmal_Klemens_Maria_Hofbauer-Vienna.html, /Attractions-g190454-Activities-Vienna.html
Standesamt Schlesingerplatz, 3.0, Sights & Landmarks, /Attraction_Review-g190454-d13983154-Reviews-Standesamt_Schlesingerplatz-Vienna.html, /Attractions-g190454-Activities-Vienna.html
