attraction_name, attraction_rate, attraction_type, attraction_url, attraction_parent_url
KraftWanderWeg&& Der Hügel von Loipersdorf, 4.5, Nature & Parks, /Attraction_Review-g641761-d3618558-Reviews-KraftWanderWeg_Der_Hugel_von_Loipersdorf-Loipersdorf_Styria.html, /Attractions-g641761-Activities-Loipersdorf_Styria.html
Tourismusverband Loipersdorf, 5.0, Traveller Resources, /Attraction_Review-g641761-d17566294-Reviews-Tourismusverband_Loipersdorf-Loipersdorf_Styria.html, /Attractions-g641761-Activities-Loipersdorf_Styria.html
Weinhof Kowald, 4.0, Food & Drink, /Attraction_Review-g641761-d7972031-Reviews-Weinhof_Kowald-Loipersdorf_Styria.html, /Attractions-g641761-Activities-Loipersdorf_Styria.html
Therme Loipersdorf, 4.0, Spas & Wellness, /Attraction_Review-g641761-d2040764-Reviews-Therme_Loipersdorf-Loipersdorf_Styria.html, /Attractions-g641761-Activities-Loipersdorf_Styria.html
Thermengolfplatz Loipersdorf-Furstenfeld, 4.5, Outdoor Activities, /Attraction_Review-g641761-d8264668-Reviews-Thermengolfplatz_Loipersdorf_Furstenfeld-Loipersdorf_Styria.html, /Attractions-g641761-Activities-Loipersdorf_Styria.html
Wein-erlebnis-weg Bad Loipersdorf, 3.0, Nature & Parks, /Attraction_Review-g641761-d21315479-Reviews-Wein_erlebnis_weg_Bad_Loipersdorf-Loipersdorf_Styria.html, /Attractions-g641761-Activities-Loipersdorf_Styria.html
Pfarre Loipersdorf, None, Sights & Landmarks, /Attraction_Review-g641761-d20909551-Reviews-Pfarre_Loipersdorf-Loipersdorf_Styria.html, /Attractions-g641761-Activities-Loipersdorf_Styria.html
