attraction_name, attraction_rate, attraction_type, attraction_url, attraction_parent_url
Hochgebirgsbahnen Ankogel, 4.5, Nature & Parks, /Attraction_Review-g807440-d8598223-Reviews-Hochgebirgsbahnen_Ankogel-Mallnitz_Carinthia_Austrian_Alps.html, /Attractions-g807440-Activities-Mallnitz_Carinthia_Austrian_Alps.html
Visitor Center Mallnitz, 4.5, Museums, /Attraction_Review-g807440-d10540063-Reviews-Visitor_Center_Mallnitz-Mallnitz_Carinthia_Austrian_Alps.html, /Attractions-g807440-Activities-Mallnitz_Carinthia_Austrian_Alps.html
Tauernbad Mallnitz, 4.0, Water & Amusement Parks, /Attraction_Review-g807440-d10537163-Reviews-Tauernbad_Mallnitz-Mallnitz_Carinthia_Austrian_Alps.html, /Attractions-g807440-Activities-Mallnitz_Carinthia_Austrian_Alps.html
Jausenstation Stockerhütte, 4.5, Tours, /Attraction_Review-g807440-d9455417-Reviews-Jausenstation_Stockerhutte-Mallnitz_Carinthia_Austrian_Alps.html, /Attractions-g807440-Activities-Mallnitz_Carinthia_Austrian_Alps.html
Pfarramt, None, Sights & Landmarks, /Attraction_Review-g807440-d13955510-Reviews-Pfarramt-Mallnitz_Carinthia_Austrian_Alps.html, /Attractions-g807440-Activities-Mallnitz_Carinthia_Austrian_Alps.html
