attraction_name, attraction_rate, attraction_type, attraction_url, attraction_parent_url
Zwolferhorn Cable Car, 4.5, Transportation, /Attraction_Review-g608664-d1832241-Reviews-Zwolferhorn_Cable_Car-St_Gilgen_Austrian_Alps.html, /Attractions-g608664-Activities-St_Gilgen_Austrian_Alps.html
Lake Wolfgang, 4.5, Nature & Parks, /Attraction_Review-g608664-d13750992-Reviews-Lake_Wolfgang-St_Gilgen_Austrian_Alps.html, /Attractions-g608664-Activities-St_Gilgen_Austrian_Alps.html
St Gilgen Mozartplatz, 4.5, Sights & Landmarks, /Attraction_Review-g608664-d6500789-Reviews-St_Gilgen_Mozartplatz-St_Gilgen_Austrian_Alps.html, /Attractions-g608664-Activities-St_Gilgen_Austrian_Alps.html
Musik Instrumenten Museum Der Volker, 5.0, Museums, /Attraction_Review-g608664-d7109373-Reviews-Musik_Instrumenten_Museum_Der_Volker-St_Gilgen_Austrian_Alps.html, /Attractions-g608664-Activities-St_Gilgen_Austrian_Alps.html
Falkensteinkirche, 4.5, Sights & Landmarks, /Attraction_Review-g608664-d10433576-Reviews-Falkensteinkirche-St_Gilgen_Austrian_Alps.html, /Attractions-g608664-Activities-St_Gilgen_Austrian_Alps.html
Europakloster Gut Aich, 4.5, Sights & Landmarks, /Attraction_Review-g608664-d10433631-Reviews-Europakloster_Gut_Aich-St_Gilgen_Austrian_Alps.html, /Attractions-g608664-Activities-St_Gilgen_Austrian_Alps.html
Pfarrkirche St. Gilgen, 4.0, Sights & Landmarks, /Attraction_Review-g608664-d11856274-Reviews-Pfarrkirche_St_Gilgen-St_Gilgen_Austrian_Alps.html, /Attractions-g608664-Activities-St_Gilgen_Austrian_Alps.html
Badewiese Sonnplatz, 5.0, Nature & Parks, /Attraction_Review-g608664-d15057059-Reviews-Badewiese_Sonnplatz-St_Gilgen_Austrian_Alps.html, /Attractions-g608664-Activities-St_Gilgen_Austrian_Alps.html
Heimatkundliches Museum St. Gilgen, 4.0, Museums, /Attraction_Review-g608664-d9718368-Reviews-Heimatkundliches_Museum_St_Gilgen-St_Gilgen_Austrian_Alps.html, /Attractions-g608664-Activities-St_Gilgen_Austrian_Alps.html
Cafe Dallmann, 3.5, Nightlife, /Attraction_Review-g608664-d2554339-Reviews-Cafe_Dallmann-St_Gilgen_Austrian_Alps.html, /Attractions-g608664-Activities-St_Gilgen_Austrian_Alps.html
Geschenke &amp; Souvenir, 4.5, Shopping, /Attraction_Review-g608664-d8539676-Reviews-Geschenke_Souvenir-St_Gilgen_Austrian_Alps.html, /Attractions-g608664-Activities-St_Gilgen_Austrian_Alps.html
Radhaus Wolfgangsee - Verkauf - Verleih - Reparatur, 5.0, Boat Tours & Water Sports, /Attraction_Review-g608664-d16874413-Reviews-Radhaus_Wolfgangsee_Verkauf_Verleih_Reparatur-St_Gilgen_Austrian_Alps.html, /Attractions-g608664-Activities-St_Gilgen_Austrian_Alps.html
Gisa Leitgeb Bicycle Rental, 4.0, Outdoor Activities, /Attraction_Review-g608664-d8667803-Reviews-Gisa_Leitgeb_Bicycle_Rental-St_Gilgen_Austrian_Alps.html, /Attractions-g608664-Activities-St_Gilgen_Austrian_Alps.html
SkyTandem, 4.0, Boat Tours & Water Sports, /Attraction_Review-g608664-d8564923-Reviews-SkyTandem-St_Gilgen_Austrian_Alps.html, /Attractions-g608664-Activities-St_Gilgen_Austrian_Alps.html
Schloss Hüttenstein, None, Sights & Landmarks, /Attraction_Review-g608664-d10436426-Reviews-Schloss_Huttenstein-St_Gilgen_Austrian_Alps.html, /Attractions-g608664-Activities-St_Gilgen_Austrian_Alps.html
