attraction_name, attraction_rate, attraction_type, attraction_url, attraction_parent_url
Nitsch Museum, 4.5, Museums, /Attraction_Review-g1514537-d12700262-Reviews-Nitsch_Museum-Mistelbach_Lower_Austria.html, /Attractions-g1514537-Activities-Mistelbach_Lower_Austria.html
MAMUZ Museum Mistelbach, 4.0, Museums, /Attraction_Review-g1514537-d8437182-Reviews-MAMUZ_Museum_Mistelbach-Mistelbach_Lower_Austria.html, /Attractions-g1514537-Activities-Mistelbach_Lower_Austria.html
Sektkellerei Christian Madl, 5.0, Food & Drink, /Attraction_Review-g1514537-d14028806-Reviews-Sektkellerei_Christian_Madl-Mistelbach_Lower_Austria.html, /Attractions-g1514537-Activities-Mistelbach_Lower_Austria.html
Romanischer Karner, 5.0, Sights & Landmarks, /Attraction_Review-g1514537-d12700314-Reviews-Romanischer_Karner-Mistelbach_Lower_Austria.html, /Attractions-g1514537-Activities-Mistelbach_Lower_Austria.html
Stadtpfarrkirche - Kath. Pfarrkirche hl. Martin, 4.0, Sights & Landmarks, /Attraction_Review-g1514537-d12700316-Reviews-Stadtpfarrkirche_Kath_Pfarrkirche_hl_Martin-Mistelbach_Lower_Austria.html, /Attractions-g1514537-Activities-Mistelbach_Lower_Austria.html
Schwedenkeller, 3.0, Sights & Landmarks, /Attraction_Review-g1514537-d12700318-Reviews-Schwedenkeller-Mistelbach_Lower_Austria.html, /Attractions-g1514537-Activities-Mistelbach_Lower_Austria.html
Weingut Schmid Pillichsdorf, 4.0, Food & Drink, /Attraction_Review-g1514537-d11838504-Reviews-Weingut_Schmid_Pillichsdorf-Mistelbach_Lower_Austria.html, /Attractions-g1514537-Activities-Mistelbach_Lower_Austria.html
Kino Mistelbach – Kronen Filmtheater, 5.0, Fun & Games, /Attraction_Review-g1514537-d12703818-Reviews-Kino_Mistelbach_Kronen_Filmtheater-Mistelbach_Lower_Austria.html, /Attractions-g1514537-Activities-Mistelbach_Lower_Austria.html
Schaugarten Puerkl, None, Nature & Parks, /Attraction_Review-g1514537-d1509593-Reviews-Schaugarten_Puerkl-Mistelbach_Lower_Austria.html, /Attractions-g1514537-Activities-Mistelbach_Lower_Austria.html
Weingut Thüringer, None, Food & Drink, /Attraction_Review-g1514537-d21296643-Reviews-Weingut_Thuringer-Mistelbach_Lower_Austria.html, /Attractions-g1514537-Activities-Mistelbach_Lower_Austria.html
Weingut Waberer, None, Food & Drink, /Attraction_Review-g1514537-d21296647-Reviews-Weingut_Waberer-Mistelbach_Lower_Austria.html, /Attractions-g1514537-Activities-Mistelbach_Lower_Austria.html
Jüdischer Friedhof, None, Sights & Landmarks, /Attraction_Review-g1514537-d21296650-Reviews-Judischer_Friedhof-Mistelbach_Lower_Austria.html, /Attractions-g1514537-Activities-Mistelbach_Lower_Austria.html
Barnabitenkolleg, None, Sights & Landmarks, /Attraction_Review-g1514537-d12700315-Reviews-Barnabitenkolleg-Mistelbach_Lower_Austria.html, /Attractions-g1514537-Activities-Mistelbach_Lower_Austria.html
Wetterhauschen, None, Sights & Landmarks, /Attraction_Review-g1514537-d12700317-Reviews-Wetterhauschen-Mistelbach_Lower_Austria.html, /Attractions-g1514537-Activities-Mistelbach_Lower_Austria.html
Benefiziatenhaus, None, Sights & Landmarks, /Attraction_Review-g1514537-d12700319-Reviews-Benefiziatenhaus-Mistelbach_Lower_Austria.html, /Attractions-g1514537-Activities-Mistelbach_Lower_Austria.html
Elisabethkirche, None, Sights & Landmarks, /Attraction_Review-g1514537-d12700320-Reviews-Elisabethkirche-Mistelbach_Lower_Austria.html, /Attractions-g1514537-Activities-Mistelbach_Lower_Austria.html
Kunstverein Mistelbach, None, Museums, /Attraction_Review-g1514537-d12700362-Reviews-Kunstverein_Mistelbach-Mistelbach_Lower_Austria.html, /Attractions-g1514537-Activities-Mistelbach_Lower_Austria.html
Kegelbahn, None, Fun & Games, /Attraction_Review-g1514537-d11912655-Reviews-Kegelbahn-Mistelbach_Lower_Austria.html, /Attractions-g1514537-Activities-Mistelbach_Lower_Austria.html
Barfussweg Schrattenberg-Valtice, None, Outdoor Activities, /Attraction_Review-g1514537-d10822350-Reviews-Barfussweg_Schrattenberg_Valtice-Mistelbach_Lower_Austria.html, /Attractions-g1514537-Activities-Mistelbach_Lower_Austria.html
Weingut Ipsmiller, None, Food & Drink, /Attraction_Review-g1514537-d14028794-Reviews-Weingut_Ipsmiller-Mistelbach_Lower_Austria.html, /Attractions-g1514537-Activities-Mistelbach_Lower_Austria.html
Weingut Faber-Kochl, None, Food & Drink, /Attraction_Review-g1514537-d17440101-Reviews-Weingut_Faber_Kochl-Mistelbach_Lower_Austria.html, /Attractions-g1514537-Activities-Mistelbach_Lower_Austria.html
