attraction_name, attraction_rate, attraction_type, attraction_url, attraction_parent_url
Swarovski, 4.5, Shopping, /Attraction_Review-g641769-d10541096-Reviews-Swarovski-Schwechat_Lower_Austria.html, /Attractions-g641769-Activities-Schwechat_Lower_Austria.html
SKY Lounge (Non-Schengen Area flights), 4.0, Traveller Resources, /Attraction_Review-g641769-d10541024-Reviews-SKY_Lounge_Non_Schengen_Area_flights-Schwechat_Lower_Austria.html, /Attractions-g641769-Activities-Schwechat_Lower_Austria.html
Gratiae, 5.0, Shopping, /Attraction_Review-g641769-d10544053-Reviews-Gratiae-Schwechat_Lower_Austria.html, /Attractions-g641769-Activities-Schwechat_Lower_Austria.html
Schmitt &amp; Trunk, 5.0, Shopping, /Attraction_Review-g641769-d10541077-Reviews-Schmitt_Trunk-Schwechat_Lower_Austria.html, /Attractions-g641769-Activities-Schwechat_Lower_Austria.html
SKY Lounge (Schengen Area flights), 3.0, Traveller Resources, /Attraction_Review-g641769-d10541025-Reviews-SKY_Lounge_Schengen_Area_flights-Schwechat_Lower_Austria.html, /Attractions-g641769-Activities-Schwechat_Lower_Austria.html
Spar, 4.0, Shopping, /Attraction_Review-g641769-d10543794-Reviews-Spar-Schwechat_Lower_Austria.html, /Attractions-g641769-Activities-Schwechat_Lower_Austria.html
Heinemann Duty Free, 3.5, Shopping, /Attraction_Review-g641769-d10540853-Reviews-Heinemann_Duty_Free-Schwechat_Lower_Austria.html, /Attractions-g641769-Activities-Schwechat_Lower_Austria.html
JET Lounge (Schengen), 3.0, Traveller Resources, /Attraction_Review-g641769-d10543966-Reviews-JET_Lounge_Schengen-Schwechat_Lower_Austria.html, /Attractions-g641769-Activities-Schwechat_Lower_Austria.html
Schmitt &amp; Trunk, 3.5, Shopping, /Attraction_Review-g641769-d10541048-Reviews-Schmitt_Trunk-Schwechat_Lower_Austria.html, /Attractions-g641769-Activities-Schwechat_Lower_Austria.html
Victoria's Secret, 5.0, Shopping, /Attraction_Review-g641769-d10544034-Reviews-Victoria_s_Secret-Schwechat_Lower_Austria.html, /Attractions-g641769-Activities-Schwechat_Lower_Austria.html
AIR Lounge (Non-Schengen Area flights), 3.0, Traveller Resources, /Attraction_Review-g641769-d10544037-Reviews-AIR_Lounge_Non_Schengen_Area_flights-Schwechat_Lower_Austria.html, /Attractions-g641769-Activities-Schwechat_Lower_Austria.html
Senses of Austria, 4.0, Shopping, /Attraction_Review-g641769-d10543991-Reviews-Senses_of_Austria-Schwechat_Lower_Austria.html, /Attractions-g641769-Activities-Schwechat_Lower_Austria.html
Eisenbahnmuseum Schwechat, 4.0, Museums, /Attraction_Review-g641769-d12964090-Reviews-Eisenbahnmuseum_Schwechat-Schwechat_Lower_Austria.html, /Attractions-g641769-Activities-Schwechat_Lower_Austria.html
Picard, 4.5, Shopping, /Attraction_Review-g641769-d10540971-Reviews-Picard-Schwechat_Lower_Austria.html, /Attractions-g641769-Activities-Schwechat_Lower_Austria.html
Samsonite, 5.0, Shopping, /Attraction_Review-g641769-d10543925-Reviews-Samsonite-Schwechat_Lower_Austria.html, /Attractions-g641769-Activities-Schwechat_Lower_Austria.html
Visitor Terrace, 3.5, Sights & Landmarks, /Attraction_Review-g641769-d10543785-Reviews-Visitor_Terrace-Schwechat_Lower_Austria.html, /Attractions-g641769-Activities-Schwechat_Lower_Austria.html
Bipa, 3.5, Shopping, /Attraction_Review-g641769-d10543718-Reviews-Bipa-Schwechat_Lower_Austria.html, /Attractions-g641769-Activities-Schwechat_Lower_Austria.html
Heinemann Duty Free, 4.0, Shopping, /Attraction_Review-g641769-d10540826-Reviews-Heinemann_Duty_Free-Schwechat_Lower_Austria.html, /Attractions-g641769-Activities-Schwechat_Lower_Austria.html
Heinemann Duty Free, 3.5, Shopping, /Attraction_Review-g641769-d10540818-Reviews-Heinemann_Duty_Free-Schwechat_Lower_Austria.html, /Attractions-g641769-Activities-Schwechat_Lower_Austria.html
Manner, 4.0, Shopping, /Attraction_Review-g641769-d10544093-Reviews-Manner-Schwechat_Lower_Austria.html, /Attractions-g641769-Activities-Schwechat_Lower_Austria.html
Watch &amp; Jewelry, 5.0, Shopping, /Attraction_Review-g641769-d10541107-Reviews-Watch_Jewelry-Schwechat_Lower_Austria.html, /Attractions-g641769-Activities-Schwechat_Lower_Austria.html
Heinemann Duty Free, 3.5, Shopping, /Attraction_Review-g641769-d10540879-Reviews-Heinemann_Duty_Free-Schwechat_Lower_Austria.html, /Attractions-g641769-Activities-Schwechat_Lower_Austria.html
Heinemann Duty Free, 2.5, Shopping, /Attraction_Review-g641769-d10540871-Reviews-Heinemann_Duty_Free-Schwechat_Lower_Austria.html, /Attractions-g641769-Activities-Schwechat_Lower_Austria.html
Michael Kors, 5.0, Shopping, /Attraction_Review-g641769-d10544062-Reviews-Michael_Kors-Schwechat_Lower_Austria.html, /Attractions-g641769-Activities-Schwechat_Lower_Austria.html
Flavors of Austria, 2.0, Shopping, /Attraction_Review-g641769-d10540792-Reviews-Flavors_of_Austria-Schwechat_Lower_Austria.html, /Attractions-g641769-Activities-Schwechat_Lower_Austria.html
Furla, 5.0, Shopping, /Attraction_Review-g641769-d10543886-Reviews-Furla-Schwechat_Lower_Austria.html, /Attractions-g641769-Activities-Schwechat_Lower_Austria.html
Rimowa, 2.0, Shopping, /Attraction_Review-g641769-d10540991-Reviews-Rimowa-Schwechat_Lower_Austria.html, /Attractions-g641769-Activities-Schwechat_Lower_Austria.html
Liska, 5.0, Shopping, /Attraction_Review-g641769-d10540951-Reviews-Liska-Schwechat_Lower_Austria.html, /Attractions-g641769-Activities-Schwechat_Lower_Austria.html
Philip Plein, 4.0, Shopping, /Attraction_Review-g641769-d10544070-Reviews-Philip_Plein-Schwechat_Lower_Austria.html, /Attractions-g641769-Activities-Schwechat_Lower_Austria.html
Versace, 5.0, Shopping, /Attraction_Review-g641769-d10541103-Reviews-Versace-Schwechat_Lower_Austria.html, /Attractions-g641769-Activities-Schwechat_Lower_Austria.html
