attraction_name, attraction_rate, attraction_type, attraction_url, attraction_parent_url
Die Eselsberger Alm, 5.0, Nature & Parks, /Attraction_Review-g2275271-d12881123-Reviews-Die_Eselsberger_Alm-Oberwoelz_Stadt_Styria.html, /Attractions-g2275271-Activities-Oberwoelz_Stadt_Styria.html
Tourismusverband Oberwoelz - Lachtal, 4.5, Traveller Resources, /Attraction_Review-g2275271-d12884324-Reviews-Tourismusverband_Oberwoelz_Lachtal-Oberwoelz_Stadt_Styria.html, /Attractions-g2275271-Activities-Oberwoelz_Stadt_Styria.html
Wallfahrtskirche Maria Altötting, 5.0, Sights & Landmarks, /Attraction_Review-g2275271-d12881135-Reviews-Wallfahrtskirche_Maria_Altotting-Oberwoelz_Stadt_Styria.html, /Attractions-g2275271-Activities-Oberwoelz_Stadt_Styria.html
Hochseilgarten Oberwölz, 5.0, Tours, /Attraction_Review-g2275271-d12884332-Reviews-Hochseilgarten_Oberwolz-Oberwoelz_Stadt_Styria.html, /Attractions-g2275271-Activities-Oberwoelz_Stadt_Styria.html
Das Heimatmuseum der Stadt Oberwölz, 4.0, Museums, /Attraction_Review-g2275271-d12881125-Reviews-Das_Heimatmuseum_der_Stadt_Oberwolz-Oberwoelz_Stadt_Styria.html, /Attractions-g2275271-Activities-Oberwoelz_Stadt_Styria.html
Österreichisches Blasmusikmuseum, None, Museums, /Attraction_Review-g2275271-d12881119-Reviews-Osterreichisches_Blasmusikmuseum-Oberwoelz_Stadt_Styria.html, /Attractions-g2275271-Activities-Oberwoelz_Stadt_Styria.html
Sagenhaftes Wölzertal, None, Sights & Landmarks, /Attraction_Review-g2275271-d12881126-Reviews-Sagenhaftes_Wolzertal-Oberwoelz_Stadt_Styria.html, /Attractions-g2275271-Activities-Oberwoelz_Stadt_Styria.html
Freibad Oberwoelz, None, Fun & Games, /Attraction_Review-g2275271-d12884320-Reviews-Freibad_Oberwoelz-Oberwoelz_Stadt_Styria.html, /Attractions-g2275271-Activities-Oberwoelz_Stadt_Styria.html
Burg Rothenfels, None, Sights & Landmarks, /Attraction_Review-g2275271-d12881129-Reviews-Burg_Rothenfels-Oberwoelz_Stadt_Styria.html, /Attractions-g2275271-Activities-Oberwoelz_Stadt_Styria.html
Pfarre Oberwölz - Stadtpfarrkirche Öberwölz, None, Sights & Landmarks, /Attraction_Review-g2275271-d12881134-Reviews-Pfarre_Oberwolz_Stadtpfarrkirche_Oberwolz-Oberwoelz_Stadt_Styria.html, /Attractions-g2275271-Activities-Oberwoelz_Stadt_Styria.html
