attraction_name, attraction_rate, attraction_type, attraction_url, attraction_parent_url
Dom zu Gurk, 4.5, Sights & Landmarks, /Attraction_Review-g1196654-d6973830-Reviews-Dom_zu_Gurk-Gurk_Carinthia_Austrian_Alps.html, /Attractions-g1196654-Activities-Gurk_Carinthia_Austrian_Alps.html
Schatzkammer Gurk, 4.5, Museums, /Attraction_Review-g1196654-d9868015-Reviews-Schatzkammer_Gurk-Gurk_Carinthia_Austrian_Alps.html, /Attractions-g1196654-Activities-Gurk_Carinthia_Austrian_Alps.html
Haus der Heimat, None, Sights & Landmarks, /Attraction_Review-g1196654-d10819291-Reviews-Haus_der_Heimat-Gurk_Carinthia_Austrian_Alps.html, /Attractions-g1196654-Activities-Gurk_Carinthia_Austrian_Alps.html
Kirche St. Lambert, None, Sights & Landmarks, /Attraction_Review-g1196654-d10819283-Reviews-Kirche_St_Lambert-Gurk_Carinthia_Austrian_Alps.html, /Attractions-g1196654-Activities-Gurk_Carinthia_Austrian_Alps.html
Kirche St. Philippen, None, Sights & Landmarks, /Attraction_Review-g1196654-d10819290-Reviews-Kirche_St_Philippen-Gurk_Carinthia_Austrian_Alps.html, /Attractions-g1196654-Activities-Gurk_Carinthia_Austrian_Alps.html
Zwergenpark Gurktal, None, Fun & Games, /Attraction_Review-g1196654-d13317493-Reviews-Zwergenpark_Gurktal-Gurk_Carinthia_Austrian_Alps.html, /Attractions-g1196654-Activities-Gurk_Carinthia_Austrian_Alps.html
