attraction_name, attraction_rate, attraction_type, attraction_url, attraction_parent_url
Hallstatt Skywalk 'Welterbeblick', 4.5, Sights & Landmarks, /Attraction_Review-g190427-d6899058-Reviews-Hallstatt_Skywalk_Welterbeblick-Hallstatt_Upper_Austria.html, /Attractions-g190427-Activities-Hallstatt_Upper_Austria.html
Old Town, 4.5, Sights & Landmarks, /Attraction_Review-g190427-d8326861-Reviews-Old_Town-Hallstatt_Upper_Austria.html, /Attractions-g190427-Activities-Hallstatt_Upper_Austria.html
Salzwelten Hallstatt, 4.5, Sights & Landmarks, /Attraction_Review-g190427-d607563-Reviews-Salzwelten_Hallstatt-Hallstatt_Upper_Austria.html, /Attractions-g190427-Activities-Hallstatt_Upper_Austria.html
Hallstätter See, 4.5, Nature & Parks, /Attraction_Review-g190427-d11653470-Reviews-Hallstatter_See-Hallstatt_Upper_Austria.html, /Attractions-g190427-Activities-Hallstatt_Upper_Austria.html
Central Square Marktplatz, 4.5, Sights & Landmarks, /Attraction_Review-g190427-d4621348-Reviews-Central_Square_Marktplatz-Hallstatt_Upper_Austria.html, /Attractions-g190427-Activities-Hallstatt_Upper_Austria.html
Hallstatt Ossuary, 4.0, Sights & Landmarks, /Attraction_Review-g190427-d607564-Reviews-Hallstatt_Ossuary-Hallstatt_Upper_Austria.html, /Attractions-g190427-Activities-Hallstatt_Upper_Austria.html
Waldbachstrub Waterfall, 4.5, Nature & Parks, /Attraction_Review-g190427-d10420329-Reviews-Waldbachstrub_Waterfall-Hallstatt_Upper_Austria.html, /Attractions-g190427-Activities-Hallstatt_Upper_Austria.html
Museum Hallstatt, 4.5, Museums, /Attraction_Review-g190427-d1901355-Reviews-Museum_Hallstatt-Hallstatt_Upper_Austria.html, /Attractions-g190427-Activities-Hallstatt_Upper_Austria.html
Badestrand Hallstatt, 4.5, Nature & Parks, /Attraction_Review-g190427-d10717320-Reviews-Badestrand_Hallstatt-Hallstatt_Upper_Austria.html, /Attractions-g190427-Activities-Hallstatt_Upper_Austria.html
Hallstatt Lutheran Church, 4.0, Sights & Landmarks, /Attraction_Review-g190427-d8817831-Reviews-Hallstatt_Lutheran_Church-Hallstatt_Upper_Austria.html, /Attractions-g190427-Activities-Hallstatt_Upper_Austria.html
Parish of the Assumption, 4.5, Sights & Landmarks, /Attraction_Review-g190427-d6622250-Reviews-Parish_of_the_Assumption-Hallstatt_Upper_Austria.html, /Attractions-g190427-Activities-Hallstatt_Upper_Austria.html
Echernwand, 5.0, Nature & Parks, /Attraction_Review-g190427-d14063120-Reviews-Echernwand-Hallstatt_Upper_Austria.html, /Attractions-g190427-Activities-Hallstatt_Upper_Austria.html
EU Shuttlebus Group, 5.0, Transportation, /Attraction_Review-g190427-d10189807-Reviews-EU_Shuttlebus_Group-Hallstatt_Upper_Austria.html, /Attractions-g190427-Activities-Hallstatt_Upper_Austria.html
Lake Hallstatt Explorer, 5.0, Boat Tours & Water Sports, /Attraction_Review-g190427-d8286026-Reviews-Lake_Hallstatt_Explorer-Hallstatt_Upper_Austria.html, /Attractions-g190427-Activities-Hallstatt_Upper_Austria.html
Hallstäettersee-Schifffahrt, 4.5, Tours, /Attraction_Review-g190427-d4991676-Reviews-Hallstaettersee_Schifffahrt-Hallstatt_Upper_Austria.html, /Attractions-g190427-Activities-Hallstatt_Upper_Austria.html
Krumbock Bootsverleih, 4.5, Boat Tours & Water Sports, /Attraction_Review-g190427-d8489975-Reviews-Krumbock_Bootsverleih-Hallstatt_Upper_Austria.html, /Attractions-g190427-Activities-Hallstatt_Upper_Austria.html
Prague Shuttle Bus, 4.5, Transportation, /Attraction_Review-g190427-d10400822-Reviews-Prague_Shuttle_Bus-Hallstatt_Upper_Austria.html, /Attractions-g190427-Activities-Hallstatt_Upper_Austria.html
Genussladen, 3.0, Shopping, /Attraction_Review-g190427-d11921242-Reviews-Genussladen-Hallstatt_Upper_Austria.html, /Attractions-g190427-Activities-Hallstatt_Upper_Austria.html
Europe - Journey | Private Sightseeing Door-to-Door Transfers - Hallstatt, None, Tours, /Attraction_Review-g190427-d20914193-Reviews-Europe_Journey_Private_Sightseeing_Door_to_Door_Transfers_Hallstatt-Hallstatt_Up.html, /Attractions-g190427-Activities-Hallstatt_Upper_Austria.html
Questo Hallstatt Tours &amp; City Games, None, Tours, /Attraction_Review-g190427-d21227866-Reviews-Questo_Hallstatt_Tours_City_Games-Hallstatt_Upper_Austria.html, /Attractions-g190427-Activities-Hallstatt_Upper_Austria.html
Sebastian Tours &amp; Transport, None, Tours, /Attraction_Review-g190427-d21242547-Reviews-Sebastian_Tours_Transport-Hallstatt_Upper_Austria.html, /Attractions-g190427-Activities-Hallstatt_Upper_Austria.html
Trip And Shuttle, None, Transportation, /Attraction_Review-g190427-d16856553-Reviews-Trip_And_Shuttle-Hallstatt_Upper_Austria.html, /Attractions-g190427-Activities-Hallstatt_Upper_Austria.html
Trip And Shuttle, None, Transportation, /Attraction_Review-g190427-d16856594-Reviews-Trip_And_Shuttle-Hallstatt_Upper_Austria.html, /Attractions-g190427-Activities-Hallstatt_Upper_Austria.html
