attraction_name, attraction_rate, attraction_type, attraction_url, attraction_parent_url
Pfarrkirche Wosendorf, 4.0, Sights & Landmarks, /Attraction_Review-g6958504-d14903439-Reviews-Pfarrkirche_Wosendorf-Woesendorf_Lower_Austria.html, /Attractions-g6958504-Activities-Woesendorf_Lower_Austria.html
Scooteremotion, 5.0, Outdoor Activities, /Attraction_Review-g6958504-d14098087-Reviews-Scooteremotion-Woesendorf_Lower_Austria.html, /Attractions-g6958504-Activities-Woesendorf_Lower_Austria.html
Weingut Schrey, None, Food & Drink, /Attraction_Review-g6958504-d21010028-Reviews-Weingut_Schrey-Woesendorf_Lower_Austria.html, /Attractions-g6958504-Activities-Woesendorf_Lower_Austria.html
Brauhaus Wosendorf Friesenbichler, None, Food & Drink, /Attraction_Review-g6958504-d21010745-Reviews-Brauhaus_Wosendorf_Friesenbichler-Woesendorf_Lower_Austria.html, /Attractions-g6958504-Activities-Woesendorf_Lower_Austria.html
