attraction_name, attraction_rate, attraction_type, attraction_url, attraction_parent_url
Kirche Tiffen, 4.5, Sights & Landmarks, /Attraction_Review-g641723-d9714414-Reviews-Kirche_Tiffen-Feldkirchen_Carinthia_Austrian_Alps.html, /Attractions-g641723-Activities-Feldkirchen_Carinthia_Austrian_Alps.html
St. Ulrich Bei Feldkirchen, 4.0, Sights & Landmarks, /Attraction_Review-g641723-d8811349-Reviews-St_Ulrich_Bei_Feldkirchen-Feldkirchen_Carinthia_Austrian_Alps.html, /Attractions-g641723-Activities-Feldkirchen_Carinthia_Austrian_Alps.html
Museum Feldkirchen, 3.5, Museums, /Attraction_Review-g641723-d9709696-Reviews-Museum_Feldkirchen-Feldkirchen_Carinthia_Austrian_Alps.html, /Attractions-g641723-Activities-Feldkirchen_Carinthia_Austrian_Alps.html
St. Nicholas Cathedral, 3.0, Sights & Landmarks, /Attraction_Review-g641723-d12873930-Reviews-St_Nicholas_Cathedral-Feldkirchen_Carinthia_Austrian_Alps.html, /Attractions-g641723-Activities-Feldkirchen_Carinthia_Austrian_Alps.html
Pfarrkirche Maria im Dorn, 3.0, Sights & Landmarks, /Attraction_Review-g641723-d11898959-Reviews-Pfarrkirche_Maria_im_Dorn-Feldkirchen_Carinthia_Austrian_Alps.html, /Attractions-g641723-Activities-Feldkirchen_Carinthia_Austrian_Alps.html
