attraction_name, attraction_rate, attraction_type, attraction_url, attraction_parent_url
Sankt Johannes Von Nepomuk, 2.5, Sights & Landmarks, /Attraction_Review-g190454-d13554187-Reviews-Sankt_Johannes_Von_Nepomuk-Vienna.html, /Attractions-g190454-Activities-Vienna.html
Sarkophag und Trauernde, 3.5, Sights & Landmarks, /Attraction_Review-g190454-d14010659-Reviews-Sarkophag_und_Trauernde-Vienna.html, /Attractions-g190454-Activities-Vienna.html
Papstkreuz, 2.5, Sights & Landmarks, /Attraction_Review-g190454-d13801086-Reviews-Papstkreuz-Vienna.html, /Attractions-g190454-Activities-Vienna.html
Pfadfindermuseum und Institut fuer Pfadfindergeschichte, 5.0, Museums, /Attraction_Review-g190454-d13360760-Reviews-Pfadfindermuseum_und_Institut_fuer_Pfadfindergeschichte-Vienna.html, /Attractions-g190454-Activities-Vienna.html
Denkmal Max Reinhardt, 3.0, Sights & Landmarks, /Attraction_Review-g190454-d13984017-Reviews-Denkmal_Max_Reinhardt-Vienna.html, /Attractions-g190454-Activities-Vienna.html
Zacherfabrik, 4.0, Sights & Landmarks, /Attraction_Review-g190454-d8586548-Reviews-Zacherfabrik-Vienna.html, /Attractions-g190454-Activities-Vienna.html
Denkmal Anastasius Grün, 2.5, Sights & Landmarks, /Attraction_Review-g190454-d13418251-Reviews-Denkmal_Anastasius_Grun-Vienna.html, /Attractions-g190454-Activities-Vienna.html
Catholic Church of St. Andrew, 5.0, Sights & Landmarks, /Attraction_Review-g190454-d17690563-Reviews-Catholic_Church_of_St_Andrew-Vienna.html, /Attractions-g190454-Activities-Vienna.html
Denkmal Theophil von Hansen, 3.0, Sights & Landmarks, /Attraction_Review-g190454-d13983275-Reviews-Denkmal_Theophil_von_Hansen-Vienna.html, /Attractions-g190454-Activities-Vienna.html
Firma Ingeneur Wolfgang Irzl, 3.5, Sights & Landmarks, /Attraction_Review-g190454-d245394-Reviews-Firma_Ingeneur_Wolfgang_Irzl-Vienna.html, /Attractions-g190454-Activities-Vienna.html
Vienna Shoe Museum, 3.0, Museums, /Attraction_Review-g190454-d11733371-Reviews-Vienna_Shoe_Museum-Vienna.html, /Attractions-g190454-Activities-Vienna.html
Vogeltränke Pinguingruppe, 2.0, Sights & Landmarks, /Attraction_Review-g190454-d14010670-Reviews-Vogeltranke_Pinguingruppe-Vienna.html, /Attractions-g190454-Activities-Vienna.html
Denkmal Georg Rebhann Ritter von Aspernbruck, 2.5, Sights & Landmarks, /Attraction_Review-g190454-d14010647-Reviews-Denkmal_Georg_Rebhann_Ritter_von_Aspernbruck-Vienna.html, /Attractions-g190454-Activities-Vienna.html
Denkmal Friedrich von Schmidt, 2.5, Sights & Landmarks, /Attraction_Review-g190454-d13984016-Reviews-Denkmal_Friedrich_von_Schmidt-Vienna.html, /Attractions-g190454-Activities-Vienna.html
Wiener Antiquariat Ingo Nebehay, 3.0, Shopping, /Attraction_Review-g190454-d12963951-Reviews-Wiener_Antiquariat_Ingo_Nebehay-Vienna.html, /Attractions-g190454-Activities-Vienna.html
Haus Horner, 5.0, Sights & Landmarks, /Attraction_Review-g190454-d15343352-Reviews-Haus_Horner-Vienna.html, /Attractions-g190454-Activities-Vienna.html
Palais Trauttmansdorff, 3.0, Sights & Landmarks, /Attraction_Review-g190454-d14010576-Reviews-Palais_Trauttmansdorff-Vienna.html, /Attractions-g190454-Activities-Vienna.html
Bäckerkreuz, 4.0, Sights & Landmarks, /Attraction_Review-g190454-d14012553-Reviews-Backerkreuz-Vienna.html, /Attractions-g190454-Activities-Vienna.html
El Friso de Beethoven de Klimt, 5.0, Sights & Landmarks, /Attraction_Review-g190454-d19879503-Reviews-El_Friso_de_Beethoven_de_Klimt-Vienna.html, /Attractions-g190454-Activities-Vienna.html
Gedenktafel Adam Frantisek Kollar, 3.0, Sights & Landmarks, /Attraction_Review-g190454-d14010547-Reviews-Gedenktafel_Adam_Frantisek_Kollar-Vienna.html, /Attractions-g190454-Activities-Vienna.html
Denkmal Josef Labor, 3.0, Sights & Landmarks, /Attraction_Review-g190454-d13418102-Reviews-Denkmal_Josef_Labor-Vienna.html, /Attractions-g190454-Activities-Vienna.html
Galerie Artziwna, 4.0, Museums, /Attraction_Review-g190454-d12310093-Reviews-Galerie_Artziwna-Vienna.html, /Attractions-g190454-Activities-Vienna.html
Skulptur 'Der Ackerbau', 3.0, Sights & Landmarks, /Attraction_Review-g190454-d14010657-Reviews-Skulptur_Der_Ackerbau-Vienna.html, /Attractions-g190454-Activities-Vienna.html
Villa Schopp, 4.5, Sights & Landmarks, /Attraction_Review-g190454-d10167396-Reviews-Villa_Schopp-Vienna.html, /Attractions-g190454-Activities-Vienna.html
St. Johannes der Täufer, 3.5, Sights & Landmarks, /Attraction_Review-g190454-d8778631-Reviews-St_Johannes_der_Taufer-Vienna.html, /Attractions-g190454-Activities-Vienna.html
Skulptur 'Die Treue der österreichischen Nation', 3.0, Sights & Landmarks, /Attraction_Review-g190454-d14010658-Reviews-Skulptur_Die_Treue_der_osterreichischen_Nation-Vienna.html, /Attractions-g190454-Activities-Vienna.html
Palais Damian, 3.0, Sights & Landmarks, /Attraction_Review-g190454-d13983161-Reviews-Palais_Damian-Vienna.html, /Attractions-g190454-Activities-Vienna.html
Julius Ofner Denkmal, 3.5, Sights & Landmarks, /Attraction_Review-g190454-d15061368-Reviews-Julius_Ofner_Denkmal-Vienna.html, /Attractions-g190454-Activities-Vienna.html
Denkmal Ferdinand Freiherr von Hochstetter, 3.0, Sights & Landmarks, /Attraction_Review-g190454-d14010646-Reviews-Denkmal_Ferdinand_Freiherr_von_Hochstetter-Vienna.html, /Attractions-g190454-Activities-Vienna.html
Denkmal Iwan Franko, 2.5, Sights & Landmarks, /Attraction_Review-g190454-d14010549-Reviews-Denkmal_Iwan_Franko-Vienna.html, /Attractions-g190454-Activities-Vienna.html
