attraction_name, attraction_rate, attraction_type, attraction_url, attraction_parent_url
Kitzsteinhorn, 4.5, Nature & Parks, /Attraction_Review-g608661-d1230926-Reviews-Kitzsteinhorn-Kaprun_Austrian_Alps.html, /Attractions-g608661-Activities-Kaprun_Austrian_Alps.html
Oldtimer Museum, 4.0, Museums, /Attraction_Review-g608661-d3654316-Reviews-Oldtimer_Museum-Kaprun_Austrian_Alps.html, /Attractions-g608661-Activities-Kaprun_Austrian_Alps.html
Hochgebirgsstauseen, 5.0, Nature & Parks, /Attraction_Review-g608661-d15198921-Reviews-Hochgebirgsstauseen-Kaprun_Austrian_Alps.html, /Attractions-g608661-Activities-Kaprun_Austrian_Alps.html
St.Margareta Church, 4.5, Sights & Landmarks, /Attraction_Review-g608661-d4715207-Reviews-St_Margareta_Church-Kaprun_Austrian_Alps.html, /Attractions-g608661-Activities-Kaprun_Austrian_Alps.html
Burg Kaprun, 4.0, Sights & Landmarks, /Attraction_Review-g608661-d4406368-Reviews-Burg_Kaprun-Kaprun_Austrian_Alps.html, /Attractions-g608661-Activities-Kaprun_Austrian_Alps.html
SKICUBE Skischool Kaprun, 5.0, Nature & Parks, /Attraction_Review-g608661-d19503854-Reviews-SKICUBE_Skischool_Kaprun-Kaprun_Austrian_Alps.html, /Attractions-g608661-Activities-Kaprun_Austrian_Alps.html
Alpin Skischule, 3.5, Classes & Workshops, /Attraction_Review-g608661-d13449479-Reviews-Alpin_Skischule-Kaprun_Austrian_Alps.html, /Attractions-g608661-Activities-Kaprun_Austrian_Alps.html
Hochgebirgsstauseen, 5.0, Tours, /Attraction_Review-g608661-d3403843-Reviews-Hochgebirgsstauseen-Kaprun_Austrian_Alps.html, /Attractions-g608661-Activities-Kaprun_Austrian_Alps.html
Sigmund-Thun-Klamm, 4.5, Outdoor Activities, /Attraction_Review-g608661-d2292339-Reviews-Sigmund_Thun_Klamm-Kaprun_Austrian_Alps.html, /Attractions-g608661-Activities-Kaprun_Austrian_Alps.html
Tauern Spa, 4.0, Spas & Wellness, /Attraction_Review-g608661-d3258667-Reviews-Tauern_Spa-Kaprun_Austrian_Alps.html, /Attractions-g608661-Activities-Kaprun_Austrian_Alps.html
Klammsee, 4.5, Outdoor Activities, /Attraction_Review-g608661-d7221178-Reviews-Klammsee-Kaprun_Austrian_Alps.html, /Attractions-g608661-Activities-Kaprun_Austrian_Alps.html
Alpine Coaster Maisi Flitzer, 4.0, Fun & Games, /Attraction_Review-g608661-d4868188-Reviews-Alpine_Coaster_Maisi_Flitzer-Kaprun_Austrian_Alps.html, /Attractions-g608661-Activities-Kaprun_Austrian_Alps.html
Maiskogel, 4.5, Nature & Parks, /Attraction_Review-g608661-d13486095-Reviews-Maiskogel-Kaprun_Austrian_Alps.html, /Attractions-g608661-Activities-Kaprun_Austrian_Alps.html
Bewegt - Ski &amp; Sportcamp, 5.0, Classes & Workshops, /Attraction_Review-g608661-d9883902-Reviews-Bewegt_Ski_Sportcamp-Kaprun_Austrian_Alps.html, /Attractions-g608661-Activities-Kaprun_Austrian_Alps.html
Hartwegers Ski &amp; Snowboard School, 4.5, Outdoor Activities, /Attraction_Review-g608661-d7386709-Reviews-Hartwegers_Ski_Snowboard_School-Kaprun_Austrian_Alps.html, /Attractions-g608661-Activities-Kaprun_Austrian_Alps.html
Ski Dome Oberschneider, 4.0, Nature & Parks, /Attraction_Review-g608661-d8491447-Reviews-Ski_Dome_Oberschneider-Kaprun_Austrian_Alps.html, /Attractions-g608661-Activities-Kaprun_Austrian_Alps.html
Off Piste Bar Aprés Ski Bar &amp; Night Club Kaprun, 4.5, Nightlife, /Attraction_Review-g608661-d15242535-Reviews-Off_Piste_Bar_Apres_Ski_Bar_Night_Club_Kaprun-Kaprun_Austrian_Alps.html, /Attractions-g608661-Activities-Kaprun_Austrian_Alps.html
Landgut Edelweiss, 4.5, Tours, /Attraction_Review-g608661-d11965920-Reviews-Landgut_Edelweiss-Kaprun_Austrian_Alps.html, /Attractions-g608661-Activities-Kaprun_Austrian_Alps.html
Frost, 5.0, Outdoor Activities, /Attraction_Review-g608661-d6207109-Reviews-Frost-Kaprun_Austrian_Alps.html, /Attractions-g608661-Activities-Kaprun_Austrian_Alps.html
Flieg mit Tom, 4.5, Boat Tours & Water Sports, /Attraction_Review-g608661-d10534243-Reviews-Flieg_mit_Tom-Kaprun_Austrian_Alps.html, /Attractions-g608661-Activities-Kaprun_Austrian_Alps.html
Verbund Tourismus- Day Tours, 4.0, Tours, /Attraction_Review-g608661-d3521021-Reviews-Verbund_Tourismus_Day_Tours-Kaprun_Austrian_Alps.html, /Attractions-g608661-Activities-Kaprun_Austrian_Alps.html
Nationalpark-Gallery-Infostollen, 5.0, Museums, /Attraction_Review-g608661-d21226256-Reviews-Nationalpark_Gallery_Infostollen-Kaprun_Austrian_Alps.html, /Attractions-g608661-Activities-Kaprun_Austrian_Alps.html
Skivolution, 5.0, Outdoor Activities, /Attraction_Review-g608661-d17326352-Reviews-Skivolution-Kaprun_Austrian_Alps.html, /Attractions-g608661-Activities-Kaprun_Austrian_Alps.html
Pfarrkirche Heilige Margaretha, 4.0, Sights & Landmarks, /Attraction_Review-g608661-d20323681-Reviews-Pfarrkirche_Heilige_Margaretha-Kaprun_Austrian_Alps.html, /Attractions-g608661-Activities-Kaprun_Austrian_Alps.html
Fun 'n' Lounge, 1.0, Nightlife, /Attraction_Review-g608661-d4040886-Reviews-Fun_n_Lounge-Kaprun_Austrian_Alps.html, /Attractions-g608661-Activities-Kaprun_Austrian_Alps.html
Ski- und Snowboarding Kaprun, None, Nature & Parks, /Attraction_Review-g608661-d19938677-Reviews-Ski_und_Snowboarding_Kaprun-Kaprun_Austrian_Alps.html, /Attractions-g608661-Activities-Kaprun_Austrian_Alps.html
Wuestlauweg zum Alpenhaus Kesselfall, None, Nature & Parks, /Attraction_Review-g608661-d12868557-Reviews-Wuestlauweg_zum_Alpenhaus_Kesselfall-Kaprun_Austrian_Alps.html, /Attractions-g608661-Activities-Kaprun_Austrian_Alps.html
Holiday Hikes, None, Tours, /Attraction_Review-g608661-d11729185-Reviews-Holiday_Hikes-Kaprun_Austrian_Alps.html, /Attractions-g608661-Activities-Kaprun_Austrian_Alps.html
