attraction_name, attraction_rate, attraction_type, attraction_url, attraction_parent_url
Freischwimmbad Bad Häring, 5.0, Water & Amusement Parks, /Attraction_Review-g1165103-d10712984-Reviews-Freischwimmbad_Bad_Haring-Bad_Haring_Tirol_Austrian_Alps.html, /Attractions-g1165103-Activities-Bad_Haring_Tirol_Austrian_Alps.html
Gesundheitsweg Bad Häring, 4.5, Nature & Parks, /Attraction_Review-g1165103-d10712997-Reviews-Gesundheitsweg_Bad_Haring-Bad_Haring_Tirol_Austrian_Alps.html, /Attractions-g1165103-Activities-Bad_Haring_Tirol_Austrian_Alps.html
Bergbaumuseum Bad Häring, 3.0, Museums, /Attraction_Review-g1165103-d10712865-Reviews-Bergbaumuseum_Bad_Haring-Bad_Haring_Tirol_Austrian_Alps.html, /Attractions-g1165103-Activities-Bad_Haring_Tirol_Austrian_Alps.html
Pfarramt Bad Häring, None, Sights & Landmarks, /Attraction_Review-g1165103-d20415717-Reviews-Pfarramt_Bad_Haring-Bad_Haring_Tirol_Austrian_Alps.html, /Attractions-g1165103-Activities-Bad_Haring_Tirol_Austrian_Alps.html
