attraction_name, attraction_rate, attraction_type, attraction_url, attraction_parent_url
Töpperschloss Neubruck, 4.5, Sights & Landmarks, /Attraction_Review-g1136476-d10250078-Reviews-Topperschloss_Neubruck-Scheibbs_Lower_Austria.html, /Attractions-g1136476-Activities-Scheibbs_Lower_Austria.html
Keramikmusuem Scheibbs, 5.0, Museums, /Attraction_Review-g1136476-d10274486-Reviews-Keramikmusuem_Scheibbs-Scheibbs_Lower_Austria.html, /Attractions-g1136476-Activities-Scheibbs_Lower_Austria.html
Burgarena Reinsberg, 4.0, Sights & Landmarks, /Attraction_Review-g6957753-d12702876-Reviews-Burgarena_Reinsberg-Reinsberg_Scheibbs_Lower_Austria.html, /Attractions-g1136476-Activities-Scheibbs_Lower_Austria.html
Schutzenscheibenmuseum Scheibbs, 4.0, Museums, /Attraction_Review-g1136476-d9566854-Reviews-Schutzenscheibenmuseum_Scheibbs-Scheibbs_Lower_Austria.html, /Attractions-g1136476-Activities-Scheibbs_Lower_Austria.html
Brewery Wieselburger, None, Food & Drink, /Attraction_Review-g1136476-d4375671-Reviews-Brewery_Wieselburger-Scheibbs_Lower_Austria.html, /Attractions-g1136476-Activities-Scheibbs_Lower_Austria.html
Klosterkirche St. Barbara - röm. kath. Pfarramt Scheibbs, None, Sights & Landmarks, /Attraction_Review-g1136476-d12883648-Reviews-Klosterkirche_St_Barbara_rom_kath_Pfarramt_Scheibbs-Scheibbs_Lower_Austria.html, /Attractions-g1136476-Activities-Scheibbs_Lower_Austria.html
Mostviertel Tourismus, None, Traveller Resources, /Attraction_Review-g1136476-d12590095-Reviews-Mostviertel_Tourismus-Scheibbs_Lower_Austria.html, /Attractions-g1136476-Activities-Scheibbs_Lower_Austria.html
