attraction_name, attraction_rate, attraction_type, attraction_url, attraction_parent_url
Quartier21, 4.0, Museums, /Attraction_Review-g190454-d6700627-Reviews-Quartier21-Vienna.html, /Attractions-g190454-Activities-Vienna.html
Wien Museum MUSA, 5.0, Museums, /Attraction_Review-g190454-d18933784-Reviews-Wien_Museum_MUSA-Vienna.html, /Attractions-g190454-Activities-Vienna.html
Denkmal Friedrich von Amerling, 3.0, Sights & Landmarks, /Attraction_Review-g190454-d13386985-Reviews-Denkmal_Friedrich_von_Amerling-Vienna.html, /Attractions-g190454-Activities-Vienna.html
Mariensäule Maria Treu, 5.0, Sights & Landmarks, /Attraction_Review-g190454-d13983962-Reviews-Mariensaule_Maria_Treu-Vienna.html, /Attractions-g190454-Activities-Vienna.html
Herengasse Street, 4.0, Sights & Landmarks, /Attraction_Review-g190454-d13786434-Reviews-Herengasse_Street-Vienna.html, /Attractions-g190454-Activities-Vienna.html
Vienna Central Mosque, 4.5, Sights & Landmarks, /Attraction_Review-g190454-d8116514-Reviews-Vienna_Central_Mosque-Vienna.html, /Attractions-g190454-Activities-Vienna.html
Johann Strauss Konzerte Sofiensale, 4.5, Concerts & Shows, /Attraction_Review-g190454-d10184562-Reviews-Johann_Strauss_Konzerte_Sofiensale-Vienna.html, /Attractions-g190454-Activities-Vienna.html
Dreimäderlhaus, 4.0, Sights & Landmarks, /Attraction_Review-g190454-d12580936-Reviews-Dreimaderlhaus-Vienna.html, /Attractions-g190454-Activities-Vienna.html
Rochuskirche, 3.5, Sights & Landmarks, /Attraction_Review-g190454-d10545549-Reviews-Rochuskirche-Vienna.html, /Attractions-g190454-Activities-Vienna.html
European Peace Walk, 4.0, Sights & Landmarks, /Attraction_Review-g190454-d6120484-Reviews-European_Peace_Walk-Vienna.html, /Attractions-g190454-Activities-Vienna.html
Haus zum heiligen Josef, 4.0, Sights & Landmarks, /Attraction_Review-g190454-d13552560-Reviews-Haus_zum_heiligen_Josef-Vienna.html, /Attractions-g190454-Activities-Vienna.html
Hannovermarkt, 3.5, Food & Drink, /Attraction_Review-g190454-d10219110-Reviews-Hannovermarkt-Vienna.html, /Attractions-g190454-Activities-Vienna.html
Alm Advent, 4.0, Events, /Attraction_Review-g190454-d19455514-Reviews-Alm_Advent-Vienna.html, /Attractions-g190454-Activities-Vienna.html
Zacherlhaus, 4.0, Sights & Landmarks, /Attraction_Review-g190454-d14010579-Reviews-Zacherlhaus-Vienna.html, /Attractions-g190454-Activities-Vienna.html
Sankt Johann Nepomuk, 3.0, Sights & Landmarks, /Attraction_Review-g190454-d10431706-Reviews-Sankt_Johann_Nepomuk-Vienna.html, /Attractions-g190454-Activities-Vienna.html
Columbus Center, 4.0, Shopping, /Attraction_Review-g190454-d13087380-Reviews-Columbus_Center-Vienna.html, /Attractions-g190454-Activities-Vienna.html
Palais Harrach, 4.5, Sights & Landmarks, /Attraction_Review-g190454-d15190963-Reviews-Palais_Harrach-Vienna.html, /Attractions-g190454-Activities-Vienna.html
Nouvel Tower, 3.5, Sights & Landmarks, /Attraction_Review-g190454-d2248240-Reviews-Nouvel_Tower-Vienna.html, /Attractions-g190454-Activities-Vienna.html
Denkmal Abraham a Santa Clara, 3.5, Sights & Landmarks, /Attraction_Review-g190454-d13559186-Reviews-Denkmal_Abraham_a_Santa_Clara-Vienna.html, /Attractions-g190454-Activities-Vienna.html
Palais Hoyos, 4.0, Sights & Landmarks, /Attraction_Review-g190454-d13418070-Reviews-Palais_Hoyos-Vienna.html, /Attractions-g190454-Activities-Vienna.html
Denkmal Josef Madersperger, 2.5, Sights & Landmarks, /Attraction_Review-g190454-d13418187-Reviews-Denkmal_Josef_Madersperger-Vienna.html, /Attractions-g190454-Activities-Vienna.html
Donauweibchenbrunnen, 3.5, Sights & Landmarks, /Attraction_Review-g190454-d13386995-Reviews-Donauweibchenbrunnen-Vienna.html, /Attractions-g190454-Activities-Vienna.html
Marokkanerbrunnen, 4.0, Sights & Landmarks, /Attraction_Review-g190454-d10783344-Reviews-Marokkanerbrunnen-Vienna.html, /Attractions-g190454-Activities-Vienna.html
Galerie Kaiblinger, 4.5, Museums, /Attraction_Review-g190454-d10459033-Reviews-Galerie_Kaiblinger-Vienna.html, /Attractions-g190454-Activities-Vienna.html
Mosesbrunnen, 3.0, Sights & Landmarks, /Attraction_Review-g190454-d14010627-Reviews-Mosesbrunnen-Vienna.html, /Attractions-g190454-Activities-Vienna.html
Sebastian Kneipp Brunnen, 3.0, Sights & Landmarks, /Attraction_Review-g190454-d13386923-Reviews-Sebastian_Kneipp_Brunnen-Vienna.html, /Attractions-g190454-Activities-Vienna.html
St Marxer Friedhof, 4.5, Sights & Landmarks, /Attraction_Review-g190454-d246611-Reviews-St_Marxer_Friedhof-Vienna.html, /Attractions-g190454-Activities-Vienna.html
Wiener Symphoniker, 4.5, Concerts & Shows, /Attraction_Review-g190454-d245650-Reviews-Wiener_Symphoniker-Vienna.html, /Attractions-g190454-Activities-Vienna.html
Statue Niklas Graf Salm, 3.0, Sights & Landmarks, /Attraction_Review-g190454-d13983276-Reviews-Statue_Niklas_Graf_Salm-Vienna.html, /Attractions-g190454-Activities-Vienna.html
Schlosstheater Schönbrunn, 4.0, Concerts & Shows, /Attraction_Review-g190454-d245611-Reviews-Schlosstheater_Schonbrunn-Vienna.html, /Attractions-g190454-Activities-Vienna.html
