attraction_name, attraction_rate, attraction_type, attraction_url, attraction_parent_url
Theater Kosmos, 5.0, Concerts & Shows, /Attraction_Review-g190449-d13125078-Reviews-Theater_Kosmos-Bregenz_Vorarlberg_Austrian_Alps.html, /Attractions-g190449-Activities-Bregenz_Vorarlberg_Austrian_Alps.html
Das kleinste Haus Europas, 3.0, Sights & Landmarks, /Attraction_Review-g190449-d15558625-Reviews-Das_kleinste_Haus_Europas-Bregenz_Vorarlberg_Austrian_Alps.html, /Attractions-g190449-Activities-Bregenz_Vorarlberg_Austrian_Alps.html
Neptunsbrunnen, 4.0, Sights & Landmarks, /Attraction_Review-g190449-d13121437-Reviews-Neptunsbrunnen-Bregenz_Vorarlberg_Austrian_Alps.html, /Attractions-g190449-Activities-Bregenz_Vorarlberg_Austrian_Alps.html
Postamt Bregenz, 4.0, Sights & Landmarks, /Attraction_Review-g190449-d13121350-Reviews-Postamt_Bregenz-Bregenz_Vorarlberg_Austrian_Alps.html, /Attractions-g190449-Activities-Bregenz_Vorarlberg_Austrian_Alps.html
Kongresskultur Bregenz, 3.0, Traveller Resources, /Attraction_Review-g190449-d15549417-Reviews-Kongresskultur_Bregenz-Bregenz_Vorarlberg_Austrian_Alps.html, /Attractions-g190449-Activities-Bregenz_Vorarlberg_Austrian_Alps.html
Galerie Arthouse, None, Museums, /Attraction_Review-g190449-d13121298-Reviews-Galerie_Arthouse-Bregenz_Vorarlberg_Austrian_Alps.html, /Attractions-g190449-Activities-Bregenz_Vorarlberg_Austrian_Alps.html
Galerie Lisi Hämmerle, None, Museums, /Attraction_Review-g190449-d13121300-Reviews-Galerie_Lisi_Hammerle-Bregenz_Vorarlberg_Austrian_Alps.html, /Attractions-g190449-Activities-Bregenz_Vorarlberg_Austrian_Alps.html
Stadtbücherei Bregenz, None, Traveller Resources, /Attraction_Review-g190449-d13121301-Reviews-Stadtbucherei_Bregenz-Bregenz_Vorarlberg_Austrian_Alps.html, /Attractions-g190449-Activities-Bregenz_Vorarlberg_Austrian_Alps.html
K12 Galerie, None, Museums, /Attraction_Review-g190449-d13121320-Reviews-K12_Galerie-Bregenz_Vorarlberg_Austrian_Alps.html, /Attractions-g190449-Activities-Bregenz_Vorarlberg_Austrian_Alps.html
Magazin 4 - Bregenzer Kunstverein, None, Museums, /Attraction_Review-g190449-d13121322-Reviews-Magazin_4_Bregenzer_Kunstverein-Bregenz_Vorarlberg_Austrian_Alps.html, /Attractions-g190449-Activities-Bregenz_Vorarlberg_Austrian_Alps.html
Galerie &&&&angewandt', None, Museums, /Attraction_Review-g190449-d13121318-Reviews-Galerie_angewandt-Bregenz_Vorarlberg_Austrian_Alps.html, /Attractions-g190449-Activities-Bregenz_Vorarlberg_Austrian_Alps.html
Galerie Atelier Werkstatt &&&&Patrick Roth', None, Museums, /Attraction_Review-g190449-d13121324-Reviews-Galerie_Atelier_Werkstatt_Patrick_Roth-Bregenz_Vorarlberg_Austrian_Alps.html, /Attractions-g190449-Activities-Bregenz_Vorarlberg_Austrian_Alps.html
Bregenz Galerie, None, Museums, /Attraction_Review-g190449-d13121325-Reviews-Bregenz_Galerie-Bregenz_Vorarlberg_Austrian_Alps.html, /Attractions-g190449-Activities-Bregenz_Vorarlberg_Austrian_Alps.html
Vorarlberger Landesbibliothek, None, Traveller Resources, /Attraction_Review-g190449-d13121351-Reviews-Vorarlberger_Landesbibliothek-Bregenz_Vorarlberg_Austrian_Alps.html, /Attractions-g190449-Activities-Bregenz_Vorarlberg_Austrian_Alps.html
St.-Gebhard-Kirche, None, Sights & Landmarks, /Attraction_Review-g190449-d13121364-Reviews-St_Gebhard_Kirche-Bregenz_Vorarlberg_Austrian_Alps.html, /Attractions-g190449-Activities-Bregenz_Vorarlberg_Austrian_Alps.html
St. Kolumban, None, Sights & Landmarks, /Attraction_Review-g190449-d13121374-Reviews-St_Kolumban-Bregenz_Vorarlberg_Austrian_Alps.html, /Attractions-g190449-Activities-Bregenz_Vorarlberg_Austrian_Alps.html
Sterbenden Krieger - Kriegerdenkmal, None, Sights & Landmarks, /Attraction_Review-g190449-d13121434-Reviews-Sterbenden_Krieger_Kriegerdenkmal-Bregenz_Vorarlberg_Austrian_Alps.html, /Attractions-g190449-Activities-Bregenz_Vorarlberg_Austrian_Alps.html
Anton Schneider Monument, None, Sights & Landmarks, /Attraction_Review-g190449-d13121440-Reviews-Anton_Schneider_Monument-Bregenz_Vorarlberg_Austrian_Alps.html, /Attractions-g190449-Activities-Bregenz_Vorarlberg_Austrian_Alps.html
Villa Liebenstein - Musikschule der Landeshauptstadt Bregenz, None, Sights & Landmarks, /Attraction_Review-g190449-d13121550-Reviews-Villa_Liebenstein_Musikschule_der_Landeshauptstadt_Bregenz-Bregenz_Vorarlberg_Au.html, /Attractions-g190449-Activities-Bregenz_Vorarlberg_Austrian_Alps.html
Bregenz Tourismus & Stadtmarketing, None, Traveller Resources, /Attraction_Review-g190449-d13125098-Reviews-Bregenz_Tourismus_Stadtmarketing-Bregenz_Vorarlberg_Austrian_Alps.html, /Attractions-g190449-Activities-Bregenz_Vorarlberg_Austrian_Alps.html
Jodok-Fink-Denkmal, None, Sights & Landmarks, /Attraction_Review-g190449-d13121375-Reviews-Jodok_Fink_Denkmal-Bregenz_Vorarlberg_Austrian_Alps.html, /Attractions-g190449-Activities-Bregenz_Vorarlberg_Austrian_Alps.html
Fruchtbare, None, Sights & Landmarks, /Attraction_Review-g190449-d13121446-Reviews-Fruchtbare-Bregenz_Vorarlberg_Austrian_Alps.html, /Attractions-g190449-Activities-Bregenz_Vorarlberg_Austrian_Alps.html
Hugo-von-Montfort-Brunnen, None, Sights & Landmarks, /Attraction_Review-g190449-d13121449-Reviews-Hugo_von_Montfort_Brunnen-Bregenz_Vorarlberg_Austrian_Alps.html, /Attractions-g190449-Activities-Bregenz_Vorarlberg_Austrian_Alps.html
Vorarlberger Landesarchiv, None, Traveller Resources, /Attraction_Review-g190449-d13121553-Reviews-Vorarlberger_Landesarchiv-Bregenz_Vorarlberg_Austrian_Alps.html, /Attractions-g190449-Activities-Bregenz_Vorarlberg_Austrian_Alps.html
Vorarlberger Landestheater, None, Concerts & Shows, /Attraction_Review-g190449-d13125073-Reviews-Vorarlberger_Landestheater-Bregenz_Vorarlberg_Austrian_Alps.html, /Attractions-g190449-Activities-Bregenz_Vorarlberg_Austrian_Alps.html
Hallenbad Bregenz, None, Fun & Games, /Attraction_Review-g190449-d18931192-Reviews-Hallenbad_Bregenz-Bregenz_Vorarlberg_Austrian_Alps.html, /Attractions-g190449-Activities-Bregenz_Vorarlberg_Austrian_Alps.html
