attraction_name, attraction_rate, attraction_type, attraction_url, attraction_parent_url
Haus Scheu, 4.0, Sights & Landmarks, /Attraction_Review-g190454-d10167397-Reviews-Haus_Scheu-Vienna.html, /Attractions-g190454-Activities-Vienna.html
Statue Leopold Karl von Kollonitsch, 3.0, Sights & Landmarks, /Attraction_Review-g190454-d13983302-Reviews-Statue_Leopold_Karl_von_Kollonitsch-Vienna.html, /Attractions-g190454-Activities-Vienna.html
Denkmal der Exekutive, 3.0, Sights & Landmarks, /Attraction_Review-g190454-d13801090-Reviews-Denkmal_der_Exekutive-Vienna.html, /Attractions-g190454-Activities-Vienna.html
Kletterwand am Flakturm, 4.5, Sights & Landmarks, /Attraction_Review-g190454-d245448-Reviews-Kletterwand_am_Flakturm-Vienna.html, /Attractions-g190454-Activities-Vienna.html
Weingut am Reisenberg, 3.5, None, /Attraction_Review-g190454-d2047632-Reviews-Weingut_am_Reisenberg-Vienna.html, /Attractions-g190454-Activities-Vienna.html
Aspern-Essling 1809, 5.0, Museums, /Attraction_Review-g190454-d11602576-Reviews-Aspern_Essling_1809-Vienna.html, /Attractions-g190454-Activities-Vienna.html
Opera Toilet Vienna, 3.5, Sights & Landmarks, /Attraction_Review-g190454-d15128202-Reviews-Opera_Toilet_Vienna-Vienna.html, /Attractions-g190454-Activities-Vienna.html
Hermann-Gmeiner Park, 4.0, Nature & Parks, /Attraction_Review-g190454-d10275758-Reviews-Hermann_Gmeiner_Park-Vienna.html, /Attractions-g190454-Activities-Vienna.html
Metternichpalais, 3.5, Sights & Landmarks, /Attraction_Review-g190454-d12100893-Reviews-Metternichpalais-Vienna.html, /Attractions-g190454-Activities-Vienna.html
Vienna Ballhaus, 4.5, Traveller Resources, /Attraction_Review-g190454-d13082088-Reviews-Vienna_Ballhaus-Vienna.html, /Attractions-g190454-Activities-Vienna.html
48er Tandler, 4.0, Shopping, /Attraction_Review-g190454-d10857164-Reviews-48er_Tandler-Vienna.html, /Attractions-g190454-Activities-Vienna.html
Partners of All Nations EU Monument, 3.0, Sights & Landmarks, /Attraction_Review-g190454-d13875205-Reviews-Partners_of_All_Nations_EU_Monument-Vienna.html, /Attractions-g190454-Activities-Vienna.html
Fussball Museum, 2.5, Museums, /Attraction_Review-g190454-d245408-Reviews-Fussball_Museum-Vienna.html, /Attractions-g190454-Activities-Vienna.html
Gruam, 5.0, Concerts & Shows, /Attraction_Review-g190454-d8036440-Reviews-Gruam-Vienna.html, /Attractions-g190454-Activities-Vienna.html
Denkmal Leopold Figl, 3.0, Sights & Landmarks, /Attraction_Review-g190454-d13552679-Reviews-Denkmal_Leopold_Figl-Vienna.html, /Attractions-g190454-Activities-Vienna.html
Strauss-Lanner-Denkmal, 3.5, Sights & Landmarks, /Attraction_Review-g190454-d13983157-Reviews-Strauss_Lanner_Denkmal-Vienna.html, /Attractions-g190454-Activities-Vienna.html
Arbeiterinnenstrand, 3.5, Nature & Parks, /Attraction_Review-g190454-d12952849-Reviews-Arbeiterinnenstrand-Vienna.html, /Attractions-g190454-Activities-Vienna.html
Statue Leopold VI., 3.0, Sights & Landmarks, /Attraction_Review-g190454-d13983284-Reviews-Statue_Leopold_VI-Vienna.html, /Attractions-g190454-Activities-Vienna.html
Denkmal Josef Popper Lynkeus, 2.0, Sights & Landmarks, /Attraction_Review-g190454-d13983278-Reviews-Denkmal_Josef_Popper_Lynkeus-Vienna.html, /Attractions-g190454-Activities-Vienna.html
Künstlerhaus, 4.0, Sights & Landmarks, /Attraction_Review-g190454-d13418106-Reviews-Kunstlerhaus-Vienna.html, /Attractions-g190454-Activities-Vienna.html
Denkmal Nikolaus Lenau, 3.0, Sights & Landmarks, /Attraction_Review-g190454-d13418238-Reviews-Denkmal_Nikolaus_Lenau-Vienna.html, /Attractions-g190454-Activities-Vienna.html
Denkmal Josef Weinheber, 2.0, Sights & Landmarks, /Attraction_Review-g190454-d13418270-Reviews-Denkmal_Josef_Weinheber-Vienna.html, /Attractions-g190454-Activities-Vienna.html
Film Festival, 4.5, Events, /Attraction_Review-g190454-d18380665-Reviews-Film_Festival-Vienna.html, /Attractions-g190454-Activities-Vienna.html
W&K - Wienerroither & Kohlbacher, 5.0, Museums, /Attraction_Review-g190454-d14046942-Reviews-W_K_Wienerroither_Kohlbacher-Vienna.html, /Attractions-g190454-Activities-Vienna.html
Liesinger Bad, 4.0, Water & Amusement Parks, /Attraction_Review-g190454-d8492044-Reviews-Liesinger_Bad-Vienna.html, /Attractions-g190454-Activities-Vienna.html
Museum of Young Art (MOYA), 3.0, Museums, /Attraction_Review-g190454-d1449256-Reviews-Museum_of_Young_Art_MOYA-Vienna.html, /Attractions-g190454-Activities-Vienna.html
Denkmal Ludwig Zamenhof, 2.5, Sights & Landmarks, /Attraction_Review-g190454-d13418107-Reviews-Denkmal_Ludwig_Zamenhof-Vienna.html, /Attractions-g190454-Activities-Vienna.html
TBA21, 3.5, Sights & Landmarks, /Attraction_Review-g190454-d6938205-Reviews-TBA21-Vienna.html, /Attractions-g190454-Activities-Vienna.html
Statue Joseph von Sonnenfels, 3.0, Sights & Landmarks, /Attraction_Review-g190454-d13983304-Reviews-Statue_Joseph_von_Sonnenfels-Vienna.html, /Attractions-g190454-Activities-Vienna.html
Elisabethinenkirche, 4.0, Sights & Landmarks, /Attraction_Review-g190454-d6680958-Reviews-Elisabethinenkirche-Vienna.html, /Attractions-g190454-Activities-Vienna.html
