attraction_name, attraction_rate, attraction_type, attraction_url, attraction_parent_url
Gailtaler Höhenweg, None, Nature & Parks, /Attraction_Review-g1786914-d10813367-Reviews-Gailtaler_Hohenweg-St_Stefan_im_Gailtal_Carinthia_Austrian_Alps.html, /Attractions-g1786914-Activities-St_Stefan_im_Gailtal_Carinthia_Austrian_Alps.html
Kirchlein St. Steben, None, Sights & Landmarks, /Attraction_Review-g1786914-d12421054-Reviews-Kirchlein_St_Steben-St_Stefan_im_Gailtal_Carinthia_Austrian_Alps.html, /Attractions-g1786914-Activities-St_Stefan_im_Gailtal_Carinthia_Austrian_Alps.html
Pfarrkirche St. Paul an der Gail, None, Sights & Landmarks, /Attraction_Review-g1786914-d12421114-Reviews-Pfarrkirche_St_Paul_an_der_Gail-St_Stefan_im_Gailtal_Carinthia_Austrian_Alps.html, /Attractions-g1786914-Activities-St_Stefan_im_Gailtal_Carinthia_Austrian_Alps.html
Schloss Bodenhof, None, Sights & Landmarks, /Attraction_Review-g1786914-d12421130-Reviews-Schloss_Bodenhof-St_Stefan_im_Gailtal_Carinthia_Austrian_Alps.html, /Attractions-g1786914-Activities-St_Stefan_im_Gailtal_Carinthia_Austrian_Alps.html
Ruine Aichelburg, None, Sights & Landmarks, /Attraction_Review-g1786914-d12421131-Reviews-Ruine_Aichelburg-St_Stefan_im_Gailtal_Carinthia_Austrian_Alps.html, /Attractions-g1786914-Activities-St_Stefan_im_Gailtal_Carinthia_Austrian_Alps.html
Vorderberg Natural Swimming Pool, None, Fun & Games, /Attraction_Review-g1786914-d12423281-Reviews-Vorderberg_Natural_Swimming_Pool-St_Stefan_im_Gailtal_Carinthia_Austrian_Alps.html, /Attractions-g1786914-Activities-St_Stefan_im_Gailtal_Carinthia_Austrian_Alps.html
Wallfahrtskirche 'Maria im Graben, None, Sights & Landmarks, /Attraction_Review-g1786914-d12423321-Reviews-Wallfahrtskirche_Maria_im_Graben-St_Stefan_im_Gailtal_Carinthia_Austrian_Alps.html, /Attractions-g1786914-Activities-St_Stefan_im_Gailtal_Carinthia_Austrian_Alps.html
Biotop Sieblerbad, None, Nature & Parks, /Attraction_Review-g1786914-d12421051-Reviews-Biotop_Sieblerbad-St_Stefan_im_Gailtal_Carinthia_Austrian_Alps.html, /Attractions-g1786914-Activities-St_Stefan_im_Gailtal_Carinthia_Austrian_Alps.html
Pfarrkirche St. Stefan an der Gail, None, Sights & Landmarks, /Attraction_Review-g1786914-d12421110-Reviews-Pfarrkirche_St_Stefan_an_der_Gail-St_Stefan_im_Gailtal_Carinthia_Austrian_Alps.html, /Attractions-g1786914-Activities-St_Stefan_im_Gailtal_Carinthia_Austrian_Alps.html
Watermill 'Grazi', None, Sights & Landmarks, /Attraction_Review-g1786914-d12421111-Reviews-Watermill_Grazi-St_Stefan_im_Gailtal_Carinthia_Austrian_Alps.html, /Attractions-g1786914-Activities-St_Stefan_im_Gailtal_Carinthia_Austrian_Alps.html
Natural resort Siebenbrünn, None, Nature & Parks, /Attraction_Review-g1786914-d12421113-Reviews-Natural_resort_Siebenbrunn-St_Stefan_im_Gailtal_Carinthia_Austrian_Alps.html, /Attractions-g1786914-Activities-St_Stefan_im_Gailtal_Carinthia_Austrian_Alps.html
