attraction_name, attraction_rate, attraction_type, attraction_url, attraction_parent_url
Pfarre Pradl, 4.0, Sights & Landmarks, /Attraction_Review-g190445-d13475583-Reviews-Pfarre_Pradl-Innsbruck_Tirol_Austrian_Alps.html, /Attractions-g190445-Activities-Innsbruck_Tirol_Austrian_Alps.html
IVB - Innsbrucker Verkehrsbetriebe, 3.5, Transportation, /Attraction_Review-g190445-d10644197-Reviews-IVB_Innsbrucker_Verkehrsbetriebe-Innsbruck_Tirol_Austrian_Alps.html, /Attractions-g190445-Activities-Innsbruck_Tirol_Austrian_Alps.html
Congress innsbruck, 4.0, Sights & Landmarks, /Attraction_Review-g190445-d13475608-Reviews-Congress_innsbruck-Innsbruck_Tirol_Austrian_Alps.html, /Attractions-g190445-Activities-Innsbruck_Tirol_Austrian_Alps.html
Franzosendenkmal/Befreiungsdenkmal, 4.5, Sights & Landmarks, /Attraction_Review-g190445-d15542765-Reviews-Franzosendenkmal_Befreiungsdenkmal-Innsbruck_Tirol_Austrian_Alps.html, /Attractions-g190445-Activities-Innsbruck_Tirol_Austrian_Alps.html
Freibad Tivoli, 5.0, Fun & Games, /Attraction_Review-g190445-d15549247-Reviews-Freibad_Tivoli-Innsbruck_Tirol_Austrian_Alps.html, /Attractions-g190445-Activities-Innsbruck_Tirol_Austrian_Alps.html
Georgskapelle, 4.0, Sights & Landmarks, /Attraction_Review-g190445-d10780909-Reviews-Georgskapelle-Innsbruck_Tirol_Austrian_Alps.html, /Attractions-g190445-Activities-Innsbruck_Tirol_Austrian_Alps.html
Innsbruck Town Hall, 3.5, Sights & Landmarks, /Attraction_Review-g190445-d12638165-Reviews-Innsbruck_Town_Hall-Innsbruck_Tirol_Austrian_Alps.html, /Attractions-g190445-Activities-Innsbruck_Tirol_Austrian_Alps.html
Stadtmuseum, 4.5, Museums, /Attraction_Review-g190445-d10323369-Reviews-Stadtmuseum-Innsbruck_Tirol_Austrian_Alps.html, /Attractions-g190445-Activities-Innsbruck_Tirol_Austrian_Alps.html
Landschaftlichen Pfarre Maria Hilf, 4.0, Sights & Landmarks, /Attraction_Review-g190445-d10780911-Reviews-Landschaftlichen_Pfarre_Maria_Hilf-Innsbruck_Tirol_Austrian_Alps.html, /Attractions-g190445-Activities-Innsbruck_Tirol_Austrian_Alps.html
Neue Höttinger Pfarrkirche, 3.5, Sights & Landmarks, /Attraction_Review-g190445-d10804697-Reviews-Neue_Hottinger_Pfarrkirche-Innsbruck_Tirol_Austrian_Alps.html, /Attractions-g190445-Activities-Innsbruck_Tirol_Austrian_Alps.html
Darmstuedter Huette - Huettenzustieg, 4.5, Nature & Parks, /Attraction_Review-g190445-d13125040-Reviews-Darmstuedter_Huette_Huettenzustieg-Innsbruck_Tirol_Austrian_Alps.html, /Attractions-g190445-Activities-Innsbruck_Tirol_Austrian_Alps.html
Altes Landhaus, 4.5, Sights & Landmarks, /Attraction_Review-g190445-d15542752-Reviews-Altes_Landhaus-Innsbruck_Tirol_Austrian_Alps.html, /Attractions-g190445-Activities-Innsbruck_Tirol_Austrian_Alps.html
Hungerburg Trail, 5.0, Nature & Parks, /Attraction_Review-g190445-d15274750-Reviews-Hungerburg_Trail-Innsbruck_Tirol_Austrian_Alps.html, /Attractions-g190445-Activities-Innsbruck_Tirol_Austrian_Alps.html
Innbrucke, 4.5, Sights & Landmarks, /Attraction_Review-g190445-d19649302-Reviews-Innbrucke-Innsbruck_Tirol_Austrian_Alps.html, /Attractions-g190445-Activities-Innsbruck_Tirol_Austrian_Alps.html
Gasthof Goldener Adler, 4.5, Sights & Landmarks, /Attraction_Review-g190445-d19447727-Reviews-Gasthof_Goldener_Adler-Innsbruck_Tirol_Austrian_Alps.html, /Attractions-g190445-Activities-Innsbruck_Tirol_Austrian_Alps.html
Alte Höttinger Pfarrkirche, 3.5, Sights & Landmarks, /Attraction_Review-g190445-d10819416-Reviews-Alte_Hottinger_Pfarrkirche-Innsbruck_Tirol_Austrian_Alps.html, /Attractions-g190445-Activities-Innsbruck_Tirol_Austrian_Alps.html
Rudolfsbrunnen, 3.5, Sights & Landmarks, /Attraction_Review-g190445-d15542762-Reviews-Rudolfsbrunnen-Innsbruck_Tirol_Austrian_Alps.html, /Attractions-g190445-Activities-Innsbruck_Tirol_Austrian_Alps.html
Andreas-Hofer-Denkmal, 3.5, Sights & Landmarks, /Attraction_Review-g190445-d15542803-Reviews-Andreas_Hofer_Denkmal-Innsbruck_Tirol_Austrian_Alps.html, /Attractions-g190445-Activities-Innsbruck_Tirol_Austrian_Alps.html
Maximilianisches Zeughaus, 4.0, Museums, /Attraction_Review-g190445-d15542802-Reviews-Maximilianisches_Zeughaus-Innsbruck_Tirol_Austrian_Alps.html, /Attractions-g190445-Activities-Innsbruck_Tirol_Austrian_Alps.html
Alpenpark Karwendel, 4.5, Nature & Parks, /Attraction_Review-g190445-d241145-Reviews-Alpenpark_Karwendel-Innsbruck_Tirol_Austrian_Alps.html, /Attractions-g190445-Activities-Innsbruck_Tirol_Austrian_Alps.html
Palais Sarnthein/Peterlongohaus, 4.0, Sights & Landmarks, /Attraction_Review-g190445-d15542771-Reviews-Palais_Sarnthein_Peterlongohaus-Innsbruck_Tirol_Austrian_Alps.html, /Attractions-g190445-Activities-Innsbruck_Tirol_Austrian_Alps.html
Spielplatz Waltherpark, 3.5, Fun & Games, /Attraction_Review-g190445-d12488597-Reviews-Spielplatz_Waltherpark-Innsbruck_Tirol_Austrian_Alps.html, /Attractions-g190445-Activities-Innsbruck_Tirol_Austrian_Alps.html
Trautsonhaus, 4.0, Sights & Landmarks, /Attraction_Review-g190445-d15549073-Reviews-Trautsonhaus-Innsbruck_Tirol_Austrian_Alps.html, /Attractions-g190445-Activities-Innsbruck_Tirol_Austrian_Alps.html
Ehem. Palais Lodron/Greilhaus, 4.0, Sights & Landmarks, /Attraction_Review-g190445-d15542769-Reviews-Ehem_Palais_Lodron_Greilhaus-Innsbruck_Tirol_Austrian_Alps.html, /Attractions-g190445-Activities-Innsbruck_Tirol_Austrian_Alps.html
Kongresshaus, 4.0, Traveller Resources, /Attraction_Review-g190445-d15542747-Reviews-Kongresshaus-Innsbruck_Tirol_Austrian_Alps.html, /Attractions-g190445-Activities-Innsbruck_Tirol_Austrian_Alps.html
Wallfahrtskirche Maria Schnee, 5.0, Sights & Landmarks, /Attraction_Review-g190445-d15549175-Reviews-Wallfahrtskirche_Maria_Schnee-Innsbruck_Tirol_Austrian_Alps.html, /Attractions-g190445-Activities-Innsbruck_Tirol_Austrian_Alps.html
Taxispalais, 2.0, Museums, /Attraction_Review-g190445-d10698745-Reviews-Taxispalais-Innsbruck_Tirol_Austrian_Alps.html, /Attractions-g190445-Activities-Innsbruck_Tirol_Austrian_Alps.html
Stadtbibliothek Innsbruck, 5.0, Traveller Resources, /Attraction_Review-g190445-d17338893-Reviews-Stadtbibliothek_Innsbruck-Innsbruck_Tirol_Austrian_Alps.html, /Attractions-g190445-Activities-Innsbruck_Tirol_Austrian_Alps.html
Altes Regierungsgebaude, 4.0, Sights & Landmarks, /Attraction_Review-g190445-d15549267-Reviews-Altes_Regierungsgebaude-Innsbruck_Tirol_Austrian_Alps.html, /Attractions-g190445-Activities-Innsbruck_Tirol_Austrian_Alps.html
Sieben-Kapellen-Kirche/Siebenkreuzkapelle, 4.0, Sights & Landmarks, /Attraction_Review-g190445-d15542757-Reviews-Sieben_Kapellen_Kirche_Siebenkreuzkapelle-Innsbruck_Tirol_Austrian_Alps.html, /Attractions-g190445-Activities-Innsbruck_Tirol_Austrian_Alps.html
