attraction_name, attraction_rate, attraction_type, attraction_url, attraction_parent_url
Hofladen Eierhof Holzmann, 5.0, Shopping, /Attraction_Review-g4172081-d6522767-Reviews-Hofladen_Eierhof_Holzmann-Konigswiesen_Upper_Austria.html, /Attractions-g4172081-Activities-Konigswiesen_Upper_Austria.html
Weichselbaumer Kapelle, None, Sights & Landmarks, /Attraction_Review-g4172081-d13109965-Reviews-Weichselbaumer_Kapelle-Konigswiesen_Upper_Austria.html, /Attractions-g4172081-Activities-Konigswiesen_Upper_Austria.html
Der Wackelstein in Mötlasberg, None, Nature & Parks, /Attraction_Review-g4172081-d13109969-Reviews-Der_Wackelstein_in_Motlasberg-Konigswiesen_Upper_Austria.html, /Attractions-g4172081-Activities-Konigswiesen_Upper_Austria.html
Das Königswiesner Heimathaus - Museum für Heimat und Gewerbe, None, Museums, /Attraction_Review-g4172081-d13109973-Reviews-Das_Konigswiesner_Heimathaus_Museum_fur_Heimat_und_Gewerbe-Konigswiesen_Upper_A.html, /Attractions-g4172081-Activities-Konigswiesen_Upper_Austria.html
Erlebniswanderweg Klammleiten, None, Nature & Parks, /Attraction_Review-g4172081-d13110047-Reviews-Erlebniswanderweg_Klammleiten-Konigswiesen_Upper_Austria.html, /Attractions-g4172081-Activities-Konigswiesen_Upper_Austria.html
Die Pfarrkirche von Mönchdorf, None, Sights & Landmarks, /Attraction_Review-g4172081-d13110049-Reviews-Die_Pfarrkirche_von_Monchdorf-Konigswiesen_Upper_Austria.html, /Attractions-g4172081-Activities-Konigswiesen_Upper_Austria.html
Pfarrkirche 'Maria Himmelfahrt', None, Sights & Landmarks, /Attraction_Review-g4172081-d13110051-Reviews-Pfarrkirche_Maria_Himmelfahrt-Konigswiesen_Upper_Austria.html, /Attractions-g4172081-Activities-Konigswiesen_Upper_Austria.html
