attraction_name, attraction_rate, attraction_type, attraction_url, attraction_parent_url
Johannesbachklamm, 4.5, Nature & Parks, /Attraction_Review-g5001538-d8037123-Reviews-Johannesbachklamm-Wurflach_Lower_Austria.html, /Attractions-g5001538-Activities-Wurflach_Lower_Austria.html
Mountainbiken in Würflach und Umgebung, 5.0, Nature & Parks, /Attraction_Review-g5001538-d9554702-Reviews-Mountainbiken_in_Wurflach_und_Umgebung-Wurflach_Lower_Austria.html, /Attractions-g5001538-Activities-Wurflach_Lower_Austria.html
Wellnesswelt Würflach, 5.0, Spas & Wellness, /Attraction_Review-g5001538-d9467836-Reviews-Wellnesswelt_Wurflach-Wurflach_Lower_Austria.html, /Attractions-g5001538-Activities-Wurflach_Lower_Austria.html
Bewegungsarena 5 Freunde, None, Nature & Parks, /Attraction_Review-g5001538-d9467840-Reviews-Bewegungsarena_5_Freunde-Wurflach_Lower_Austria.html, /Attractions-g5001538-Activities-Wurflach_Lower_Austria.html
