attraction_name, attraction_rate, attraction_type, attraction_url, attraction_parent_url
Evangelisches Pfarramt Neunkirchen, None, Sights & Landmarks, /Attraction_Review-g1957818-d21325192-Reviews-Evangelisches_Pfarramt_Neunkirchen-Neunkirchen_Lower_Austria.html, /Attractions-g1957818-Activities-Neunkirchen_Lower_Austria.html
Pfarramt röm-kath, None, Sights & Landmarks, /Attraction_Review-g1957818-d21323896-Reviews-Pfarramt_rom_kath-Neunkirchen_Lower_Austria.html, /Attractions-g1957818-Activities-Neunkirchen_Lower_Austria.html
Kevser, None, Outdoor Activities, /Attraction_Review-g1957818-d5871278-Reviews-Kevser-Neunkirchen_Lower_Austria.html, /Attractions-g1957818-Activities-Neunkirchen_Lower_Austria.html
Herzbewusst Akademie – Coaching Anna Flemming, None, Classes & Workshops, /Attraction_Review-g1957818-d12150585-Reviews-Herzbewusst_Akademie_Coaching_Anna_Flemming-Neunkirchen_Lower_Austria.html, /Attractions-g1957818-Activities-Neunkirchen_Lower_Austria.html
