attraction_name, attraction_rate, attraction_type, attraction_url, attraction_parent_url
Hohe Gloriette, 5.0, Sights & Landmarks, /Attraction_Review-g939822-d12829363-Reviews-Hohe_Gloriette-Portschach_am_Worther_See_Carinthia_Austrian_Alps.html, /Attractions-g939822-Activities-Portschach_am_Worther_See_Carinthia_Austrian_Alps.html
Passeggiata Lungolago, 4.5, Nature & Parks, /Attraction_Review-g939822-d9768063-Reviews-Passeggiata_Lungolago-Portschach_am_Worther_See_Carinthia_Austrian_Alps.html, /Attractions-g939822-Activities-Portschach_am_Worther_See_Carinthia_Austrian_Alps.html
Poertschach Landspitz Peter Alexander Steg, 5.0, Sights & Landmarks, /Attraction_Review-g939822-d15290154-Reviews-Poertschach_Landspitz_Peter_Alexander_Steg-Portschach_am_Worther_See_Carinthia_A.html, /Attractions-g939822-Activities-Portschach_am_Worther_See_Carinthia_Austrian_Alps.html
Promenadenbad, 4.5, Fun & Games, /Attraction_Review-g939822-d10717336-Reviews-Promenadenbad-Portschach_am_Worther_See_Carinthia_Austrian_Alps.html, /Attractions-g939822-Activities-Portschach_am_Worther_See_Carinthia_Austrian_Alps.html
Villa Worth, 3.0, Sights & Landmarks, /Attraction_Review-g939822-d14000942-Reviews-Villa_Worth-Portschach_am_Worther_See_Carinthia_Austrian_Alps.html, /Attractions-g939822-Activities-Portschach_am_Worther_See_Carinthia_Austrian_Alps.html
Burg und Museumsverein Leonstein, 4.0, Sights & Landmarks, /Attraction_Review-g939822-d10442998-Reviews-Burg_und_Museumsverein_Leonstein-Portschach_am_Worther_See_Carinthia_Austrian_Al.html, /Attractions-g939822-Activities-Portschach_am_Worther_See_Carinthia_Austrian_Alps.html
Werzer-Bad - 1895, 4.0, Sights & Landmarks, /Attraction_Review-g939822-d13997527-Reviews-Werzer_Bad_1895-Portschach_am_Worther_See_Carinthia_Austrian_Alps.html, /Attractions-g939822-Activities-Portschach_am_Worther_See_Carinthia_Austrian_Alps.html
Brunnen- Die Familie, 4.0, Sights & Landmarks, /Attraction_Review-g939822-d15286666-Reviews-Brunnen_Die_Familie-Portschach_am_Worther_See_Carinthia_Austrian_Alps.html, /Attractions-g939822-Activities-Portschach_am_Worther_See_Carinthia_Austrian_Alps.html
Pfarrkirche Heiliger Johannes der Täufer, 4.0, Sights & Landmarks, /Attraction_Review-g939822-d10442975-Reviews-Pfarrkirche_Heiliger_Johannes_der_Taufer-Portschach_am_Worther_See_Carinthia_Aus.html, /Attractions-g939822-Activities-Portschach_am_Worther_See_Carinthia_Austrian_Alps.html
Mec's Barcafe, 4.5, Nightlife, /Attraction_Review-g939822-d10717324-Reviews-Mec_s_Barcafe-Portschach_am_Worther_See_Carinthia_Austrian_Alps.html, /Attractions-g939822-Activities-Portschach_am_Worther_See_Carinthia_Austrian_Alps.html
Waldseilpark Wörthersee, 5.0, Tours, /Attraction_Review-g939822-d18187651-Reviews-Waldseilpark_Worthersee-Portschach_am_Worther_See_Carinthia_Austrian_Alps.html, /Attractions-g939822-Activities-Portschach_am_Worther_See_Carinthia_Austrian_Alps.html
Villa Seehort, 3.0, Sights & Landmarks, /Attraction_Review-g939822-d14000951-Reviews-Villa_Seehort-Portschach_am_Worther_See_Carinthia_Austrian_Alps.html, /Attractions-g939822-Activities-Portschach_am_Worther_See_Carinthia_Austrian_Alps.html
Barfußweg Pörtschach, 1.0, Nature & Parks, /Attraction_Review-g939822-d21214722-Reviews-Barfussweg_Portschach-Portschach_am_Worther_See_Carinthia_Austrian_Alps.html, /Attractions-g939822-Activities-Portschach_am_Worther_See_Carinthia_Austrian_Alps.html
Sup2Gether, None, Boat Tours & Water Sports, /Attraction_Review-g939822-d17818358-Reviews-Sup2Gether-Portschach_am_Worther_See_Carinthia_Austrian_Alps.html, /Attractions-g939822-Activities-Portschach_am_Worther_See_Carinthia_Austrian_Alps.html
ZUGaengliche KUNST, None, Museums, /Attraction_Review-g939822-d21182789-Reviews-ZUGaengliche_KUNST-Portschach_am_Worther_See_Carinthia_Austrian_Alps.html, /Attractions-g939822-Activities-Portschach_am_Worther_See_Carinthia_Austrian_Alps.html
Villa Seewarte - 1893, None, Sights & Landmarks, /Attraction_Review-g939822-d13997525-Reviews-Villa_Seewarte_1893-Portschach_am_Worther_See_Carinthia_Austrian_Alps.html, /Attractions-g939822-Activities-Portschach_am_Worther_See_Carinthia_Austrian_Alps.html
Villa Venezia - 1891, None, Sights & Landmarks, /Attraction_Review-g939822-d13997529-Reviews-Villa_Venezia_1891-Portschach_am_Worther_See_Carinthia_Austrian_Alps.html, /Attractions-g939822-Activities-Portschach_am_Worther_See_Carinthia_Austrian_Alps.html
Villa Seeblick - 1888, None, Sights & Landmarks, /Attraction_Review-g939822-d13997523-Reviews-Villa_Seeblick_1888-Portschach_am_Worther_See_Carinthia_Austrian_Alps.html, /Attractions-g939822-Activities-Portschach_am_Worther_See_Carinthia_Austrian_Alps.html
