attraction_name, attraction_rate, attraction_type, attraction_url, attraction_parent_url
Rax-Törlweg-Wandersteig, 5.0, Nature & Parks, /Attraction_Review-g1195276-d10749208-Reviews-Rax_Torlweg_Wandersteig-Reichenau_an_der_Rax_Lower_Austria.html, /Attractions-g1195276-Activities-Reichenau_an_der_Rax_Lower_Austria.html
Theater Reichenau, 4.5, Sights & Landmarks, /Attraction_Review-g1195276-d10697012-Reviews-Theater_Reichenau-Reichenau_an_der_Rax_Lower_Austria.html, /Attractions-g1195276-Activities-Reichenau_an_der_Rax_Lower_Austria.html
Kurhaus Thalhof, 5.0, Sights & Landmarks, /Attraction_Review-g1195276-d14998344-Reviews-Kurhaus_Thalhof-Reichenau_an_der_Rax_Lower_Austria.html, /Attractions-g1195276-Activities-Reichenau_an_der_Rax_Lower_Austria.html
Schloss Reichenau, 4.5, Sights & Landmarks, /Attraction_Review-g1195276-d14998366-Reviews-Schloss_Reichenau-Reichenau_an_der_Rax_Lower_Austria.html, /Attractions-g1195276-Activities-Reichenau_an_der_Rax_Lower_Austria.html
Wasserleitungsmuseum Kaiserbrunn, 4.0, Museums, /Attraction_Review-g1195276-d17534677-Reviews-Wasserleitungsmuseum_Kaiserbrunn-Reichenau_an_der_Rax_Lower_Austria.html, /Attractions-g1195276-Activities-Reichenau_an_der_Rax_Lower_Austria.html
Wiener Hochquellwasserleitung - Reichenau an der Rax, 4.0, Sights & Landmarks, /Attraction_Review-g1195276-d14998420-Reviews-Wiener_Hochquellwasserleitung_Reichenau_an_der_Rax-Reichenau_an_der_Rax_Lower_A.html, /Attractions-g1195276-Activities-Reichenau_an_der_Rax_Lower_Austria.html
Schlossanlage/Villa Wartholz, 3.0, Sights & Landmarks, /Attraction_Review-g1195276-d14998343-Reviews-Schlossanlage_Villa_Wartholz-Reichenau_an_der_Rax_Lower_Austria.html, /Attractions-g1195276-Activities-Reichenau_an_der_Rax_Lower_Austria.html
Rax-Seilbahn, 4.5, Outdoor Activities, /Attraction_Review-g1195276-d4750384-Reviews-Rax_Seilbahn-Reichenau_an_der_Rax_Lower_Austria.html, /Attractions-g1195276-Activities-Reichenau_an_der_Rax_Lower_Austria.html
Alpenstrandbad Edlach, 5.0, Sights & Landmarks, /Attraction_Review-g1195276-d14998368-Reviews-Alpenstrandbad_Edlach-Reichenau_an_der_Rax_Lower_Austria.html, /Attractions-g1195276-Activities-Reichenau_an_der_Rax_Lower_Austria.html
Tourist Office Reichenau an der Rax, None, Traveller Resources, /Attraction_Review-g1195276-d14998395-Reviews-Tourist_Office_Reichenau_an_der_Rax-Reichenau_an_der_Rax_Lower_Austria.html, /Attractions-g1195276-Activities-Reichenau_an_der_Rax_Lower_Austria.html
Pfarrkirche Edlach an der Rax, None, Sights & Landmarks, /Attraction_Review-g1195276-d14998372-Reviews-Pfarrkirche_Edlach_an_der_Rax-Reichenau_an_der_Rax_Lower_Austria.html, /Attractions-g1195276-Activities-Reichenau_an_der_Rax_Lower_Austria.html
Karl Farkas - Villa, None, Sights & Landmarks, /Attraction_Review-g1195276-d14998378-Reviews-Karl_Farkas_Villa-Reichenau_an_der_Rax_Lower_Austria.html, /Attractions-g1195276-Activities-Reichenau_an_der_Rax_Lower_Austria.html
Rathaus - Reichenau an der Rax, None, Sights & Landmarks, /Attraction_Review-g1195276-d14998373-Reviews-Rathaus_Reichenau_an_der_Rax-Reichenau_an_der_Rax_Lower_Austria.html, /Attractions-g1195276-Activities-Reichenau_an_der_Rax_Lower_Austria.html
Ehemaliger Floßofen, None, Sights & Landmarks, /Attraction_Review-g1195276-d14998369-Reviews-Ehemaliger_Flossofen-Reichenau_an_der_Rax_Lower_Austria.html, /Attractions-g1195276-Activities-Reichenau_an_der_Rax_Lower_Austria.html
Kath. Pfarrkirche hl. Barbara, None, Sights & Landmarks, /Attraction_Review-g1195276-d14998380-Reviews-Kath_Pfarrkirche_hl_Barbara-Reichenau_an_der_Rax_Lower_Austria.html, /Attractions-g1195276-Activities-Reichenau_an_der_Rax_Lower_Austria.html
Volkskundliches Handwerksmuseum - Reichenau an der Rax, None, Museums, /Attraction_Review-g1195276-d14998419-Reviews-Volkskundliches_Handwerksmuseum_Reichenau_an_der_Rax-Reichenau_an_der_Rax_Lower.html, /Attractions-g1195276-Activities-Reichenau_an_der_Rax_Lower_Austria.html
