attraction_name, attraction_rate, attraction_type, attraction_url, attraction_parent_url
Steppentierpark Pamhagen, 4.5, Zoos & Aquariums, /Attraction_Review-g1195534-d3592503-Reviews-Steppentierpark_Pamhagen-Pamhagen_Burgenland.html, /Attractions-g1195534-Activities-Pamhagen_Burgenland.html
Demeterhof Weinbau Meinklang, 4.5, Food & Drink, /Attraction_Review-g1195534-d7657809-Reviews-Demeterhof_Weinbau_Meinklang-Pamhagen_Burgenland.html, /Attractions-g1195534-Activities-Pamhagen_Burgenland.html
Andert Weine, 5.0, Food & Drink, /Attraction_Review-g1195534-d7657814-Reviews-Andert_Weine-Pamhagen_Burgenland.html, /Attractions-g1195534-Activities-Pamhagen_Burgenland.html
Edelbraende Steiner, None, Food & Drink, /Attraction_Review-g1195534-d7657812-Reviews-Edelbraende_Steiner-Pamhagen_Burgenland.html, /Attractions-g1195534-Activities-Pamhagen_Burgenland.html
Weingut Josef Tschida, None, Food & Drink, /Attraction_Review-g1195534-d7657813-Reviews-Weingut_Josef_Tschida-Pamhagen_Burgenland.html, /Attractions-g1195534-Activities-Pamhagen_Burgenland.html
Weingut Lentsch, None, Food & Drink, /Attraction_Review-g1195534-d7657824-Reviews-Weingut_Lentsch-Pamhagen_Burgenland.html, /Attractions-g1195534-Activities-Pamhagen_Burgenland.html
Weingut Payer Alte Rebe, None, Food & Drink, /Attraction_Review-g1195534-d7657817-Reviews-Weingut_Payer_Alte_Rebe-Pamhagen_Burgenland.html, /Attractions-g1195534-Activities-Pamhagen_Burgenland.html
Biohof Heideboden, None, Food & Drink, /Attraction_Review-g1195534-d7657816-Reviews-Biohof_Heideboden-Pamhagen_Burgenland.html, /Attractions-g1195534-Activities-Pamhagen_Burgenland.html
Obst- &amp; Weinbau Johann Steinhofer, None, Food & Drink, /Attraction_Review-g1195534-d7657819-Reviews-Obst_Weinbau_Johann_Steinhofer-Pamhagen_Burgenland.html, /Attractions-g1195534-Activities-Pamhagen_Burgenland.html
Winzerkeller Seewinkel, None, Food & Drink, /Attraction_Review-g1195534-d7657822-Reviews-Winzerkeller_Seewinkel-Pamhagen_Burgenland.html, /Attractions-g1195534-Activities-Pamhagen_Burgenland.html
Weingut Michlits, None, Food & Drink, /Attraction_Review-g1195534-d7657818-Reviews-Weingut_Michlits-Pamhagen_Burgenland.html, /Attractions-g1195534-Activities-Pamhagen_Burgenland.html
