attraction_name, attraction_rate, attraction_type, attraction_url, attraction_parent_url
Angelika Kauffmann Museum, 4.5, Museums, /Attraction_Review-g666186-d6556433-Reviews-Angelika_Kauffmann_Museum-Schwarzenberg_Vorarlberg_Austrian_Alps.html, /Attractions-g666186-Activities-Schwarzenberg_Vorarlberg_Austrian_Alps.html
Schwarzenberger Pfarrkirche, 5.0, Sights & Landmarks, /Attraction_Review-g666186-d9882724-Reviews-Schwarzenberger_Pfarrkirche-Schwarzenberg_Vorarlberg_Austrian_Alps.html, /Attractions-g666186-Activities-Schwarzenberg_Vorarlberg_Austrian_Alps.html
Bodele Ski Area, 3.5, Nature & Parks, /Attraction_Review-g666186-d7377754-Reviews-Bodele_Ski_Area-Schwarzenberg_Vorarlberg_Austrian_Alps.html, /Attractions-g666186-Activities-Schwarzenberg_Vorarlberg_Austrian_Alps.html
Lustenauer Hutte, 1.0, Nature & Parks, /Attraction_Review-g666186-d15056806-Reviews-Lustenauer_Hutte-Schwarzenberg_Vorarlberg_Austrian_Alps.html, /Attractions-g666186-Activities-Schwarzenberg_Vorarlberg_Austrian_Alps.html
