attraction_name, attraction_rate, attraction_type, attraction_url, attraction_parent_url
Wildoner Badesee, 3.5, Nature & Parks, /Attraction_Review-g13196549-d14998480-Reviews-Wildoner_Badesee-Wildon_Styria.html, /Attractions-g13196549-Activities-Wildon_Styria.html
Burgruine Wildon, 4.0, Sights & Landmarks, /Attraction_Review-g13196549-d14998477-Reviews-Burgruine_Wildon-Wildon_Styria.html, /Attractions-g13196549-Activities-Wildon_Styria.html
Kulturpark Hengist, None, Nature & Parks, /Attraction_Review-g13196549-d13164141-Reviews-Kulturpark_Hengist-Wildon_Styria.html, /Attractions-g13196549-Activities-Wildon_Styria.html
Schloss Schwarzenegg, None, Sights & Landmarks, /Attraction_Review-g13196549-d14998474-Reviews-Schloss_Schwarzenegg-Wildon_Styria.html, /Attractions-g13196549-Activities-Wildon_Styria.html
Pfarrkirche St. Magdalena Wildon, None, Sights & Landmarks, /Attraction_Review-g13196549-d14998476-Reviews-Pfarrkirche_St_Magdalena_Wildon-Wildon_Styria.html, /Attractions-g13196549-Activities-Wildon_Styria.html
Zinnmuseum Ruhmann, None, Museums, /Attraction_Review-g13196549-d14998479-Reviews-Zinnmuseum_Ruhmann-Wildon_Styria.html, /Attractions-g13196549-Activities-Wildon_Styria.html
Kulturzentrum Schloss Wildon, None, Sights & Landmarks, /Attraction_Review-g13196549-d14998484-Reviews-Kulturzentrum_Schloss_Wildon-Wildon_Styria.html, /Attractions-g13196549-Activities-Wildon_Styria.html
