attraction_name, attraction_rate, attraction_type, attraction_url, attraction_parent_url
Burg Griffen, 4.0, Sights & Landmarks, /Attraction_Review-g1912645-d9714424-Reviews-Burg_Griffen-Griffen_Carinthia_Austrian_Alps.html, /Attractions-g1912645-Activities-Griffen_Carinthia_Austrian_Alps.html
Tropfsteinhöhle Griffen, 3.5, Nature & Parks, /Attraction_Review-g1912645-d10636661-Reviews-Tropfsteinhohle_Griffen-Griffen_Carinthia_Austrian_Alps.html, /Attractions-g1912645-Activities-Griffen_Carinthia_Austrian_Alps.html
Die Pfarrkirche Markt Griffen - Kath. Pfarrkirche hll. Peter und Paul, 3.5, Sights & Landmarks, /Attraction_Review-g1912645-d10850287-Reviews-Die_Pfarrkirche_Markt_Griffen_Kath_Pfarrkirche_hll_Peter_und_Paul-Griffen_Carin.html, /Attractions-g1912645-Activities-Griffen_Carinthia_Austrian_Alps.html
Stift Griffen/Grebinjski klošter, 4.5, Sights & Landmarks, /Attraction_Review-g1912645-d10850288-Reviews-Stift_Griffen_Grebinjski_kloster-Griffen_Carinthia_Austrian_Alps.html, /Attractions-g1912645-Activities-Griffen_Carinthia_Austrian_Alps.html
Griffen Wehrkirchen, None, Sights & Landmarks, /Attraction_Review-g1912645-d10850300-Reviews-Griffen_Wehrkirchen-Griffen_Carinthia_Austrian_Alps.html, /Attractions-g1912645-Activities-Griffen_Carinthia_Austrian_Alps.html
Filialkirche St. Thomas in Gletschach, None, Sights & Landmarks, /Attraction_Review-g1912645-d10850298-Reviews-Filialkirche_St_Thomas_in_Gletschach-Griffen_Carinthia_Austrian_Alps.html, /Attractions-g1912645-Activities-Griffen_Carinthia_Austrian_Alps.html
