attraction_name, attraction_rate, attraction_type, attraction_url, attraction_parent_url
Tierwelt Herberstein, 4.5, Zoos & Aquariums, /Attraction_Review-g2008182-d3613764-Reviews-Tierwelt_Herberstein-Stubenberg_am_See_Styria.html, /Attractions-g2008182-Activities-Stubenberg_am_See_Styria.html
Stubenbergsee, 4.5, Nature & Parks, /Attraction_Review-g2008182-d2010208-Reviews-Stubenbergsee-Stubenberg_am_See_Styria.html, /Attractions-g2008182-Activities-Stubenberg_am_See_Styria.html
Schloss Stubenberg, 5.0, Sights & Landmarks, /Attraction_Review-g2008182-d18716068-Reviews-Schloss_Stubenberg-Stubenberg_am_See_Styria.html, /Attractions-g2008182-Activities-Stubenberg_am_See_Styria.html
Hoedl Hof, 5.0, Food & Drink, /Attraction_Review-g2008182-d12639824-Reviews-Hoedl_Hof-Stubenberg_am_See_Styria.html, /Attractions-g2008182-Activities-Stubenberg_am_See_Styria.html
Tourismusverband - Apfelland Stubenbergsee, 1.0, Traveller Resources, /Attraction_Review-g2008182-d12589041-Reviews-Tourismusverband_Apfelland_Stubenbergsee-Stubenberg_am_See_Styria.html, /Attractions-g2008182-Activities-Stubenberg_am_See_Styria.html
Flaggl Balooning GmbH, 5.0, Tours, /Attraction_Review-g2008182-d10061333-Reviews-Flaggl_Balooning_GmbH-Stubenberg_am_See_Styria.html, /Attractions-g2008182-Activities-Stubenberg_am_See_Styria.html
Bubble Soccer Arena, None, Fun & Games, /Attraction_Review-g2008182-d18716079-Reviews-Bubble_Soccer_Arena-Stubenberg_am_See_Styria.html, /Attractions-g2008182-Activities-Stubenberg_am_See_Styria.html
TALCUS Reithofer, None, Classes & Workshops, /Attraction_Review-g2008182-d18454463-Reviews-TALCUS_Reithofer-Stubenberg_am_See_Styria.html, /Attractions-g2008182-Activities-Stubenberg_am_See_Styria.html
Öffentliche Bücherei Stubenberg am See, None, Traveller Resources, /Attraction_Review-g2008182-d18453327-Reviews-Offentliche_Bucherei_Stubenberg_am_See-Stubenberg_am_See_Styria.html, /Attractions-g2008182-Activities-Stubenberg_am_See_Styria.html
Burg Neuhaus bei Stubenberg, None, Sights & Landmarks, /Attraction_Review-g2008182-d18453328-Reviews-Burg_Neuhaus_bei_Stubenberg-Stubenberg_am_See_Styria.html, /Attractions-g2008182-Activities-Stubenberg_am_See_Styria.html
Pfarrkirche hl. Nikolaus Stubenberg, None, Sights & Landmarks, /Attraction_Review-g2008182-d18453324-Reviews-Pfarrkirche_hl_Nikolaus_Stubenberg-Stubenberg_am_See_Styria.html, /Attractions-g2008182-Activities-Stubenberg_am_See_Styria.html
Schloss Schielleiten, None, Sights & Landmarks, /Attraction_Review-g2008182-d18453326-Reviews-Schloss_Schielleiten-Stubenberg_am_See_Styria.html, /Attractions-g2008182-Activities-Stubenberg_am_See_Styria.html
