attraction_name, attraction_rate, attraction_type, attraction_url, attraction_parent_url
Ölmühle Kremsner, 5.0, Museums, /Attraction_Review-g2274001-d5062608-Reviews-Olmuhle_Kremsner-Grossklein_Styria.html, /Attractions-g2274001-Activities-Grossklein_Styria.html
Kreuzbergwarte, 5.0, Sights & Landmarks, /Attraction_Review-g2274001-d13010708-Reviews-Kreuzbergwarte-Grossklein_Styria.html, /Attractions-g2274001-Activities-Grossklein_Styria.html
Hallstattzeitliches Museum Großklein, None, Museums, /Attraction_Review-g2274001-d10735671-Reviews-Hallstattzeitliches_Museum_Grossklein-Grossklein_Styria.html, /Attractions-g2274001-Activities-Grossklein_Styria.html
Die prähistorische Siedlung am Burgstallkogel, None, Sights & Landmarks, /Attraction_Review-g2274001-d13007766-Reviews-Die_prahistorische_Siedlung_am_Burgstallkogel-Grossklein_Styria.html, /Attractions-g2274001-Activities-Grossklein_Styria.html
Pfarrkirche HL. Georg, None, Sights & Landmarks, /Attraction_Review-g2274001-d13010704-Reviews-Pfarrkirche_HL_Georg-Grossklein_Styria.html, /Attractions-g2274001-Activities-Grossklein_Styria.html
Schlossmuseum Romantikschloss Ottersbach, None, Museums, /Attraction_Review-g2274001-d12580857-Reviews-Schlossmuseum_Romantikschloss_Ottersbach-Grossklein_Styria.html, /Attractions-g2274001-Activities-Grossklein_Styria.html
