attraction_name, attraction_rate, attraction_type, attraction_url, attraction_parent_url
Ritzensee, 4.5, Nature & Parks, /Attraction_Review-g656477-d3670806-Reviews-Ritzensee-Saalfelden_am_Steinernen_Meer_Austrian_Alps.html, /Attractions-g656477-Activities-Saalfelden_am_Steinernen_Meer_Austrian_Alps.html
Museum Schloss Ritzen, 4.5, Museums, /Attraction_Review-g656477-d7622243-Reviews-Museum_Schloss_Ritzen-Saalfelden_am_Steinernen_Meer_Austrian_Alps.html, /Attractions-g656477-Activities-Saalfelden_am_Steinernen_Meer_Austrian_Alps.html
Sommerrodelbahn, 3.5, Fun & Games, /Attraction_Review-g656477-d7002955-Reviews-Sommerrodelbahn-Saalfelden_am_Steinernen_Meer_Austrian_Alps.html, /Attractions-g656477-Activities-Saalfelden_am_Steinernen_Meer_Austrian_Alps.html
Paintball Sportverein Saalfelden, 5.0, Fun & Games, /Attraction_Review-g656477-d15279214-Reviews-Paintball_Sportverein_Saalfelden-Saalfelden_am_Steinernen_Meer_Austrian_Alps.html, /Attractions-g656477-Activities-Saalfelden_am_Steinernen_Meer_Austrian_Alps.html
Sommer Rode in, 4.0, Outdoor Activities, /Attraction_Review-g656477-d4813159-Reviews-Sommer_Rode_in-Saalfelden_am_Steinernen_Meer_Austrian_Alps.html, /Attractions-g656477-Activities-Saalfelden_am_Steinernen_Meer_Austrian_Alps.html
Imkerei Hottl, 4.5, Shopping, /Attraction_Review-g656477-d4877759-Reviews-Imkerei_Hottl-Saalfelden_am_Steinernen_Meer_Austrian_Alps.html, /Attractions-g656477-Activities-Saalfelden_am_Steinernen_Meer_Austrian_Alps.html
Einsiedelei am Palfen, 5.0, Sights & Landmarks, /Attraction_Review-g656477-d20813101-Reviews-Einsiedelei_am_Palfen-Saalfelden_am_Steinernen_Meer_Austrian_Alps.html, /Attractions-g656477-Activities-Saalfelden_am_Steinernen_Meer_Austrian_Alps.html
Bar Milwaukee, 4.0, Nightlife, /Attraction_Review-g656477-d7622242-Reviews-Bar_Milwaukee-Saalfelden_am_Steinernen_Meer_Austrian_Alps.html, /Attractions-g656477-Activities-Saalfelden_am_Steinernen_Meer_Austrian_Alps.html
Riemannhaus, 2.0, Nature & Parks, /Attraction_Review-g656477-d20812535-Reviews-Riemannhaus-Saalfelden_am_Steinernen_Meer_Austrian_Alps.html, /Attractions-g656477-Activities-Saalfelden_am_Steinernen_Meer_Austrian_Alps.html
Resis Kleine Freuden, None, Shopping, /Attraction_Review-g656477-d20812555-Reviews-Resis_Kleine_Freuden-Saalfelden_am_Steinernen_Meer_Austrian_Alps.html, /Attractions-g656477-Activities-Saalfelden_am_Steinernen_Meer_Austrian_Alps.html
Gossl Saalfelden, None, Shopping, /Attraction_Review-g656477-d20813099-Reviews-Gossl_Saalfelden-Saalfelden_am_Steinernen_Meer_Austrian_Alps.html, /Attractions-g656477-Activities-Saalfelden_am_Steinernen_Meer_Austrian_Alps.html
Siegfried Herzog Destillate, None, Food & Drink, /Attraction_Review-g656477-d20812537-Reviews-Siegfried_Herzog_Destillate-Saalfelden_am_Steinernen_Meer_Austrian_Alps.html, /Attractions-g656477-Activities-Saalfelden_am_Steinernen_Meer_Austrian_Alps.html
Filialkirche Gerling - Kath. Pfarrkirche hl. Gotthard, None, Sights & Landmarks, /Attraction_Review-g656477-d20812548-Reviews-Filialkirche_Gerling_Kath_Pfarrkirche_hl_Gotthard-Saalfelden_am_Steinernen_Meer_.html, /Attractions-g656477-Activities-Saalfelden_am_Steinernen_Meer_Austrian_Alps.html
Filialkirche Lenzing - Alte Kirche, None, Sights & Landmarks, /Attraction_Review-g656477-d20812550-Reviews-Filialkirche_Lenzing_Alte_Kirche-Saalfelden_am_Steinernen_Meer_Austrian_Alps.html, /Attractions-g656477-Activities-Saalfelden_am_Steinernen_Meer_Austrian_Alps.html
Almdorfkapelle - Ortskapelle hl. Anna, None, Sights & Landmarks, /Attraction_Review-g656477-d20812551-Reviews-Almdorfkapelle_Ortskapelle_hl_Anna-Saalfelden_am_Steinernen_Meer_Austrian_Alps.html, /Attractions-g656477-Activities-Saalfelden_am_Steinernen_Meer_Austrian_Alps.html
Schloss Lichtenberg, None, Sights & Landmarks, /Attraction_Review-g656477-d20812552-Reviews-Schloss_Lichtenberg-Saalfelden_am_Steinernen_Meer_Austrian_Alps.html, /Attractions-g656477-Activities-Saalfelden_am_Steinernen_Meer_Austrian_Alps.html
Salewa, None, Shopping, /Attraction_Review-g656477-d20812558-Reviews-Salewa-Saalfelden_am_Steinernen_Meer_Austrian_Alps.html, /Attractions-g656477-Activities-Saalfelden_am_Steinernen_Meer_Austrian_Alps.html
SkulpturenRadWeg, None, Nature & Parks, /Attraction_Review-g656477-d20812562-Reviews-SkulpturenRadWeg-Saalfelden_am_Steinernen_Meer_Austrian_Alps.html, /Attractions-g656477-Activities-Saalfelden_am_Steinernen_Meer_Austrian_Alps.html
Schloss Dorfheim, None, Sights & Landmarks, /Attraction_Review-g656477-d20812567-Reviews-Schloss_Dorfheim-Saalfelden_am_Steinernen_Meer_Austrian_Alps.html, /Attractions-g656477-Activities-Saalfelden_am_Steinernen_Meer_Austrian_Alps.html
Erlebnisschwimmbad Obsmarkt, None, Fun & Games, /Attraction_Review-g656477-d20812581-Reviews-Erlebnisschwimmbad_Obsmarkt-Saalfelden_am_Steinernen_Meer_Austrian_Alps.html, /Attractions-g656477-Activities-Saalfelden_am_Steinernen_Meer_Austrian_Alps.html
Kletterhalle Felsenfest, None, Fun & Games, /Attraction_Review-g656477-d20812587-Reviews-Kletterhalle_Felsenfest-Saalfelden_am_Steinernen_Meer_Austrian_Alps.html, /Attractions-g656477-Activities-Saalfelden_am_Steinernen_Meer_Austrian_Alps.html
Weltladen, None, Shopping, /Attraction_Review-g656477-d20812594-Reviews-Weltladen-Saalfelden_am_Steinernen_Meer_Austrian_Alps.html, /Attractions-g656477-Activities-Saalfelden_am_Steinernen_Meer_Austrian_Alps.html
Buchhandlung Wirthmiller, None, Shopping, /Attraction_Review-g656477-d20812602-Reviews-Buchhandlung_Wirthmiller-Saalfelden_am_Steinernen_Meer_Austrian_Alps.html, /Attractions-g656477-Activities-Saalfelden_am_Steinernen_Meer_Austrian_Alps.html
Pfarrkirche Saalfelden, None, Sights & Landmarks, /Attraction_Review-g656477-d20812517-Reviews-Pfarrkirche_Saalfelden-Saalfelden_am_Steinernen_Meer_Austrian_Alps.html, /Attractions-g656477-Activities-Saalfelden_am_Steinernen_Meer_Austrian_Alps.html
Öffentliche Bücherei - Stadtgemeinde Saalfelden, None, Traveller Resources, /Attraction_Review-g656477-d20812529-Reviews-Offentliche_Bucherei_Stadtgemeinde_Saalfelden-Saalfelden_am_Steinernen_Meer_Aust.html, /Attractions-g656477-Activities-Saalfelden_am_Steinernen_Meer_Austrian_Alps.html
Minigolf - Saalfelden, None, Fun & Games, /Attraction_Review-g656477-d20812539-Reviews-Minigolf_Saalfelden-Saalfelden_am_Steinernen_Meer_Austrian_Alps.html, /Attractions-g656477-Activities-Saalfelden_am_Steinernen_Meer_Austrian_Alps.html
Balancierender Vitalweg Einsiedelei, None, Sights & Landmarks, /Attraction_Review-g656477-d20812538-Reviews-Balancierender_Vitalweg_Einsiedelei-Saalfelden_am_Steinernen_Meer_Austrian_Alps.html, /Attractions-g656477-Activities-Saalfelden_am_Steinernen_Meer_Austrian_Alps.html
Tourist Info Saalfelden, None, Traveller Resources, /Attraction_Review-g656477-d20812543-Reviews-Tourist_Info_Saalfelden-Saalfelden_am_Steinernen_Meer_Austrian_Alps.html, /Attractions-g656477-Activities-Saalfelden_am_Steinernen_Meer_Austrian_Alps.html
Wochenmarkt Saalfelden, None, Food & Drink, /Attraction_Review-g656477-d20812530-Reviews-Wochenmarkt_Saalfelden-Saalfelden_am_Steinernen_Meer_Austrian_Alps.html, /Attractions-g656477-Activities-Saalfelden_am_Steinernen_Meer_Austrian_Alps.html
The Sailor Bar, None, Nightlife, /Attraction_Review-g656477-d7622247-Reviews-The_Sailor_Bar-Saalfelden_am_Steinernen_Meer_Austrian_Alps.html, /Attractions-g656477-Activities-Saalfelden_am_Steinernen_Meer_Austrian_Alps.html
