attraction_name, attraction_rate, attraction_type, attraction_url, attraction_parent_url
Langbathseen, 4.5, Nature & Parks, /Attraction_Review-g681054-d2549503-Reviews-Langbathseen-Ebensee_am_Traunsee_Upper_Austria.html, /Attractions-g681054-Activities-Ebensee_am_Traunsee_Upper_Austria.html
Offensee, 5.0, Nature & Parks, /Attraction_Review-g681054-d2613330-Reviews-Offensee-Ebensee_am_Traunsee_Upper_Austria.html, /Attractions-g681054-Activities-Ebensee_am_Traunsee_Upper_Austria.html
Feuerkogel, 4.5, Nature & Parks, /Attraction_Review-g681054-d2549501-Reviews-Feuerkogel-Ebensee_am_Traunsee_Upper_Austria.html, /Attractions-g681054-Activities-Ebensee_am_Traunsee_Upper_Austria.html
Zeitgeschichte Museum und KZ-Gedenkstätte Ebensee, 5.0, Museums, /Attraction_Review-g681054-d3953287-Reviews-Zeitgeschichte_Museum_und_KZ_Gedenkstatte_Ebensee-Ebensee_am_Traunsee_Upper_Austr.html, /Attractions-g681054-Activities-Ebensee_am_Traunsee_Upper_Austria.html
Gassel-Tropfsteinhoehle, 4.5, Nature & Parks, /Attraction_Review-g681054-d2549423-Reviews-Gassel_Tropfsteinhoehle-Ebensee_am_Traunsee_Upper_Austria.html, /Attractions-g681054-Activities-Ebensee_am_Traunsee_Upper_Austria.html
Naturmuseum Salzkammergut - Treffpunkt Natur, 5.0, Museums, /Attraction_Review-g681054-d5014576-Reviews-Naturmuseum_Salzkammergut_Treffpunkt_Natur-Ebensee_am_Traunsee_Upper_Austria.html, /Attractions-g681054-Activities-Ebensee_am_Traunsee_Upper_Austria.html
Vinothek Wein &amp; Fein, 4.5, Shopping, /Attraction_Review-g681054-d7346520-Reviews-Vinothek_Wein_Fein-Ebensee_am_Traunsee_Upper_Austria.html, /Attractions-g681054-Activities-Ebensee_am_Traunsee_Upper_Austria.html
Karthalle Ebensee, 4.5, Fun & Games, /Attraction_Review-g681054-d6678706-Reviews-Karthalle_Ebensee-Ebensee_am_Traunsee_Upper_Austria.html, /Attractions-g681054-Activities-Ebensee_am_Traunsee_Upper_Austria.html
Rindbach Wasserfall, 5.0, Outdoor Activities, /Attraction_Review-g681054-d7363882-Reviews-Rindbach_Wasserfall-Ebensee_am_Traunsee_Upper_Austria.html, /Attractions-g681054-Activities-Ebensee_am_Traunsee_Upper_Austria.html
The.riverwave, None, Boat Tours & Water Sports, /Attraction_Review-g681054-d21041973-Reviews-The_riverwave-Ebensee_am_Traunsee_Upper_Austria.html, /Attractions-g681054-Activities-Ebensee_am_Traunsee_Upper_Austria.html
Badeplatz Rindbach, None, Nature & Parks, /Attraction_Review-g681054-d21285555-Reviews-Badeplatz_Rindbach-Ebensee_am_Traunsee_Upper_Austria.html, /Attractions-g681054-Activities-Ebensee_am_Traunsee_Upper_Austria.html
Godspeed Sail Racing Academy, None, Boat Tours & Water Sports, /Attraction_Review-g681054-d12201184-Reviews-Godspeed_Sail_Racing_Academy-Ebensee_am_Traunsee_Upper_Austria.html, /Attractions-g681054-Activities-Ebensee_am_Traunsee_Upper_Austria.html
