attraction_name, attraction_rate, attraction_type, attraction_url, attraction_parent_url
Red Bull Headquarters, 4.5, Sights & Landmarks, /Attraction_Review-g608659-d8388957-Reviews-Red_Bull_Headquarters-Fuschl_am_See_Austrian_Alps.html, /Attractions-g608659-Activities-Fuschl_am_See_Austrian_Alps.html
Schober Frauenkopf Mountain, 4.5, Nature & Parks, /Attraction_Review-g608659-d6877053-Reviews-Schober_Frauenkopf_Mountain-Fuschl_am_See_Austrian_Alps.html, /Attractions-g608659-Activities-Fuschl_am_See_Austrian_Alps.html
Fuschlsee Bad, 4.0, Water & Amusement Parks, /Attraction_Review-g608659-d12778399-Reviews-Fuschlsee_Bad-Fuschl_am_See_Austrian_Alps.html, /Attractions-g608659-Activities-Fuschl_am_See_Austrian_Alps.html
Ruming Mill, 4.5, Sights & Landmarks, /Attraction_Review-g608659-d10619004-Reviews-Ruming_Mill-Fuschl_am_See_Austrian_Alps.html, /Attractions-g608659-Activities-Fuschl_am_See_Austrian_Alps.html
Fuschlsee Rundweg, 4.5, Outdoor Activities, /Attraction_Review-g608659-d6877042-Reviews-Fuschlsee_Rundweg-Fuschl_am_See_Austrian_Alps.html, /Attractions-g608659-Activities-Fuschl_am_See_Austrian_Alps.html
