attraction_name, attraction_rate, attraction_type, attraction_url, attraction_parent_url
Badesee Greifenburg, 4.5, Nature & Parks, /Attraction_Review-g1878479-d12718988-Reviews-Badesee_Greifenburg-Greifenburg_Carinthia_Austrian_Alps.html, /Attractions-g1878479-Activities-Greifenburg_Carinthia_Austrian_Alps.html
Wassererlebnisweg Gnoppnitzbach, 4.5, Nature & Parks, /Attraction_Review-g1878479-d12719040-Reviews-Wassererlebnisweg_Gnoppnitzbach-Greifenburg_Carinthia_Austrian_Alps.html, /Attractions-g1878479-Activities-Greifenburg_Carinthia_Austrian_Alps.html
Schloss Greifenburg, 5.0, Sights & Landmarks, /Attraction_Review-g1878479-d12718986-Reviews-Schloss_Greifenburg-Greifenburg_Carinthia_Austrian_Alps.html, /Attractions-g1878479-Activities-Greifenburg_Carinthia_Austrian_Alps.html
Wanderweg zur Feldnerhütte, 5.0, Nature & Parks, /Attraction_Review-g1878479-d12720713-Reviews-Wanderweg_zur_Feldnerhutte-Greifenburg_Carinthia_Austrian_Alps.html, /Attractions-g1878479-Activities-Greifenburg_Carinthia_Austrian_Alps.html
Mühlgrabenwasserfall Greifenburg, 4.0, Nature & Parks, /Attraction_Review-g1878479-d12718990-Reviews-Muhlgrabenwasserfall_Greifenburg-Greifenburg_Carinthia_Austrian_Alps.html, /Attractions-g1878479-Activities-Greifenburg_Carinthia_Austrian_Alps.html
Kletterpark Greifenburg am Badesee, 4.5, Tours, /Attraction_Review-g1878479-d12720704-Reviews-Kletterpark_Greifenburg_am_Badesee-Greifenburg_Carinthia_Austrian_Alps.html, /Attractions-g1878479-Activities-Greifenburg_Carinthia_Austrian_Alps.html
Pfarre Greifenburg - Kath. Pfarrkirche hl. Katharina mit ehem. Kirchhof, None, Sights & Landmarks, /Attraction_Review-g1878479-d12719041-Reviews-Pfarre_Greifenburg_Kath_Pfarrkirche_hl_Katharina_mit_ehem_Kirchhof-Greifenburg_.html, /Attractions-g1878479-Activities-Greifenburg_Carinthia_Austrian_Alps.html
Pfarre Waisach - Kath. Pfarrkirche hl. Nikolaus mit ehem. Friedhof, None, Sights & Landmarks, /Attraction_Review-g1878479-d12719042-Reviews-Pfarre_Waisach_Kath_Pfarrkirche_hl_Nikolaus_mit_ehem_Friedhof-Greifenburg_Carin.html, /Attractions-g1878479-Activities-Greifenburg_Carinthia_Austrian_Alps.html
