attraction_name, attraction_rate, attraction_type, attraction_url, attraction_parent_url
Pitztaler Gletscher Ski Resort, 4.5, Nature & Parks, /Attraction_Review-g939835-d3154094-Reviews-Pitztaler_Gletscher_Ski_Resort-St_Leonhard_im_Pitztal_Tirol_Austrian_Alps.html, /Attractions-g939835-Activities-St_Leonhard_im_Pitztal_Tirol_Austrian_Alps.html
Wildspitzbahn, 4.5, Transportation, /Attraction_Review-g939835-d10665619-Reviews-Wildspitzbahn-St_Leonhard_im_Pitztal_Tirol_Austrian_Alps.html, /Attractions-g939835-Activities-St_Leonhard_im_Pitztal_Tirol_Austrian_Alps.html
Rifflsee, 4.5, Outdoor Activities, /Attraction_Review-g939835-d4545172-Reviews-Rifflsee-St_Leonhard_im_Pitztal_Tirol_Austrian_Alps.html, /Attractions-g939835-Activities-St_Leonhard_im_Pitztal_Tirol_Austrian_Alps.html
Club Alpin Skischule Pitztal, 4.0, Outdoor Activities, /Attraction_Review-g939835-d2022094-Reviews-Club_Alpin_Skischule_Pitztal-St_Leonhard_im_Pitztal_Tirol_Austrian_Alps.html, /Attractions-g939835-Activities-St_Leonhard_im_Pitztal_Tirol_Austrian_Alps.html
The White Light Chapel, 3.0, Sights & Landmarks, /Attraction_Review-g939835-d20951547-Reviews-The_White_Light_Chapel-St_Leonhard_im_Pitztal_Tirol_Austrian_Alps.html, /Attractions-g939835-Activities-St_Leonhard_im_Pitztal_Tirol_Austrian_Alps.html
Pfarrkirche St. Leonhard im Pitztal, None, Sights & Landmarks, /Attraction_Review-g939835-d21326218-Reviews-Pfarrkirche_St_Leonhard_im_Pitztal-St_Leonhard_im_Pitztal_Tirol_Austrian_Alps.html, /Attractions-g939835-Activities-St_Leonhard_im_Pitztal_Tirol_Austrian_Alps.html
