attraction_name, attraction_rate, attraction_type, attraction_url, attraction_parent_url
Waldschwimmbad Niederndorf, 4.5, Water & Amusement Parks, /Attraction_Review-g2275012-d10713927-Reviews-Waldschwimmbad_Niederndorf-Niederndorf_Tirol_Austrian_Alps.html, /Attractions-g2275012-Activities-Niederndorf_Tirol_Austrian_Alps.html
Heimatmuseums &&&&Zur alten Schmiede', 4.0, Museums, /Attraction_Review-g2275012-d10108134-Reviews-Heimatmuseums_Zur_alten_Schmiede-Niederndorf_Tirol_Austrian_Alps.html, /Attractions-g2275012-Activities-Niederndorf_Tirol_Austrian_Alps.html
Käserei Plangger, 4.5, Shopping, /Attraction_Review-g2275012-d10723587-Reviews-Kaserei_Plangger-Niederndorf_Tirol_Austrian_Alps.html, /Attractions-g2275012-Activities-Niederndorf_Tirol_Austrian_Alps.html
Käserei Hatzenstadt, 5.0, Shopping, /Attraction_Review-g2275012-d10723579-Reviews-Kaserei_Hatzenstadt-Niederndorf_Tirol_Austrian_Alps.html, /Attractions-g2275012-Activities-Niederndorf_Tirol_Austrian_Alps.html
