attraction_name, attraction_rate, attraction_type, attraction_url, attraction_parent_url
Schlossturm mit Glaskubus, 4.5, Sights & Landmarks, /Attraction_Review-g608689-d10758421-Reviews-Schlossturm_mit_Glaskubus-Waidhofen_an_der_Ybbs_Lower_Austria.html, /Attractions-g608689-Activities-Waidhofen_an_der_Ybbs_Lower_Austria.html
Schloss Rothschild, 5.0, Sights & Landmarks, /Attraction_Review-g608689-d10758471-Reviews-Schloss_Rothschild-Waidhofen_an_der_Ybbs_Lower_Austria.html, /Attractions-g608689-Activities-Waidhofen_an_der_Ybbs_Lower_Austria.html
Bauernmarkt, 4.5, Food & Drink, /Attraction_Review-g608689-d12720558-Reviews-Bauernmarkt-Waidhofen_an_der_Ybbs_Lower_Austria.html, /Attractions-g608689-Activities-Waidhofen_an_der_Ybbs_Lower_Austria.html
5-Elemente-Museum, 4.0, Museums, /Attraction_Review-g608689-d10758425-Reviews-5_Elemente_Museum-Waidhofen_an_der_Ybbs_Lower_Austria.html, /Attractions-g608689-Activities-Waidhofen_an_der_Ybbs_Lower_Austria.html
Rathaus, 4.5, Sights & Landmarks, /Attraction_Review-g608689-d10758410-Reviews-Rathaus-Waidhofen_an_der_Ybbs_Lower_Austria.html, /Attractions-g608689-Activities-Waidhofen_an_der_Ybbs_Lower_Austria.html
Natur-und Erlebnispark Buchenberg, 3.0, Nature & Parks, /Attraction_Review-g608689-d10698752-Reviews-Natur_und_Erlebnispark_Buchenberg-Waidhofen_an_der_Ybbs_Lower_Austria.html, /Attractions-g608689-Activities-Waidhofen_an_der_Ybbs_Lower_Austria.html
Filmbuehne, None, Fun & Games, /Attraction_Review-g608689-d12698420-Reviews-Filmbuehne-Waidhofen_an_der_Ybbs_Lower_Austria.html, /Attractions-g608689-Activities-Waidhofen_an_der_Ybbs_Lower_Austria.html
Schaukraftwerk Schwellöd, None, Museums, /Attraction_Review-g608689-d10758450-Reviews-Schaukraftwerk_Schwellod-Waidhofen_an_der_Ybbs_Lower_Austria.html, /Attractions-g608689-Activities-Waidhofen_an_der_Ybbs_Lower_Austria.html
