attraction_name, attraction_rate, attraction_type, attraction_url, attraction_parent_url
Schloss Schrattenthal, 5.0, Sights & Landmarks, /Attraction_Review-g5074501-d11733546-Reviews-Schloss_Schrattenthal-Schrattenthal_Lower_Austria.html, /Attractions-g5074501-Activities-Schrattenthal_Lower_Austria.html
Weingut Zull, 5.0, Food & Drink, /Attraction_Review-g5074501-d11748167-Reviews-Weingut_Zull-Schrattenthal_Lower_Austria.html, /Attractions-g5074501-Activities-Schrattenthal_Lower_Austria.html
Weingut Hindler, None, Food & Drink, /Attraction_Review-g5074501-d20405115-Reviews-Weingut_Hindler-Schrattenthal_Lower_Austria.html, /Attractions-g5074501-Activities-Schrattenthal_Lower_Austria.html
Weingut Andreas Mayer, None, Food & Drink, /Attraction_Review-g5074501-d11748205-Reviews-Weingut_Andreas_Mayer-Schrattenthal_Lower_Austria.html, /Attractions-g5074501-Activities-Schrattenthal_Lower_Austria.html
Weingut Studeny, None, Food & Drink, /Attraction_Review-g5074501-d19373283-Reviews-Weingut_Studeny-Schrattenthal_Lower_Austria.html, /Attractions-g5074501-Activities-Schrattenthal_Lower_Austria.html
Weingut Familie Schrejma, None, Food & Drink, /Attraction_Review-g5074501-d19387408-Reviews-Weingut_Familie_Schrejma-Schrattenthal_Lower_Austria.html, /Attractions-g5074501-Activities-Schrattenthal_Lower_Austria.html
