attraction_name, attraction_rate, attraction_type, attraction_url, attraction_parent_url
Schmittenhöhe, 4.5, Nature & Parks, /Attraction_Review-g608666-d3547589-Reviews-Schmittenhohe-Zell_am_See_Austrian_Alps.html, /Attractions-g608666-Activities-Zell_am_See_Austrian_Alps.html
Gipfelwelt 3000, 4.5, Sights & Landmarks, /Attraction_Review-g608666-d8637997-Reviews-Gipfelwelt_3000-Zell_am_See_Austrian_Alps.html, /Attractions-g608666-Activities-Zell_am_See_Austrian_Alps.html
Zell Am See, 4.0, Nature & Parks, /Attraction_Review-g608666-d282322-Reviews-Zell_Am_See-Zell_am_See_Austrian_Alps.html, /Attractions-g608666-Activities-Zell_am_See_Austrian_Alps.html
Lake Zell, 4.5, Nature & Parks, /Attraction_Review-g608666-d4460081-Reviews-Lake_Zell-Zell_am_See_Austrian_Alps.html, /Attractions-g608666-Activities-Zell_am_See_Austrian_Alps.html
Pinzgauer Lokalbahn, 4.5, Tours, /Attraction_Review-g608666-d10619094-Reviews-Pinzgauer_Lokalbahn-Zell_am_See_Austrian_Alps.html, /Attractions-g608666-Activities-Zell_am_See_Austrian_Alps.html
Light show on the Lake, 4.5, Sights & Landmarks, /Attraction_Review-g608666-d12707211-Reviews-Light_show_on_the_Lake-Zell_am_See_Austrian_Alps.html, /Attractions-g608666-Activities-Zell_am_See_Austrian_Alps.html
Strandbad Zeller See, 4.5, Nature & Parks, /Attraction_Review-g608666-d3378438-Reviews-Strandbad_Zeller_See-Zell_am_See_Austrian_Alps.html, /Attractions-g608666-Activities-Zell_am_See_Austrian_Alps.html
New Schmittenhohe Mountain Paths, 4.5, Nature & Parks, /Attraction_Review-g608666-d12436136-Reviews-New_Schmittenhohe_Mountain_Paths-Zell_am_See_Austrian_Alps.html, /Attractions-g608666-Activities-Zell_am_See_Austrian_Alps.html
Strandbad Thumersbach, 4.5, Fun & Games, /Attraction_Review-g608666-d12864291-Reviews-Strandbad_Thumersbach-Zell_am_See_Austrian_Alps.html, /Attractions-g608666-Activities-Zell_am_See_Austrian_Alps.html
St. Hippolyt, 4.5, Sights & Landmarks, /Attraction_Review-g608666-d10666128-Reviews-St_Hippolyt-Zell_am_See_Austrian_Alps.html, /Attractions-g608666-Activities-Zell_am_See_Austrian_Alps.html
Elisabethkapelle, 4.5, Sights & Landmarks, /Attraction_Review-g608666-d15196135-Reviews-Elisabethkapelle-Zell_am_See_Austrian_Alps.html, /Attractions-g608666-Activities-Zell_am_See_Austrian_Alps.html
Hallenbad Indoor Swimming Pool, 4.0, Fun & Games, /Attraction_Review-g608666-d6433713-Reviews-Hallenbad_Indoor_Swimming_Pool-Zell_am_See_Austrian_Alps.html, /Attractions-g608666-Activities-Zell_am_See_Austrian_Alps.html
Casino Zell am See, 3.5, Casinos & Gambling, /Attraction_Review-g608666-d12872726-Reviews-Casino_Zell_am_See-Zell_am_See_Austrian_Alps.html, /Attractions-g608666-Activities-Zell_am_See_Austrian_Alps.html
Heimatmuseum, 4.0, Museums, /Attraction_Review-g608666-d3294933-Reviews-Heimatmuseum-Zell_am_See_Austrian_Alps.html, /Attractions-g608666-Activities-Zell_am_See_Austrian_Alps.html
Ferry Porsche Congress Center, 4.0, Sights & Landmarks, /Attraction_Review-g608666-d10684871-Reviews-Ferry_Porsche_Congress_Center-Zell_am_See_Austrian_Alps.html, /Attractions-g608666-Activities-Zell_am_See_Austrian_Alps.html
Schmidolin Drakefire Playground, 4.5, Fun & Games, /Attraction_Review-g608666-d17599242-Reviews-Schmidolin_Drakefire_Playground-Zell_am_See_Austrian_Alps.html, /Attractions-g608666-Activities-Zell_am_See_Austrian_Alps.html
Die Skischule Zell am See SPORT ALPIN, 5.0, Nature & Parks, /Attraction_Review-g608666-d19993443-Reviews-Die_Skischule_Zell_am_See_SPORT_ALPIN-Zell_am_See_Austrian_Alps.html, /Attractions-g608666-Activities-Zell_am_See_Austrian_Alps.html
Monika Gatt Kosmetik, 5.0, Sights & Landmarks, /Attraction_Review-g608666-d19325023-Reviews-Monika_Gatt_Kosmetik-Zell_am_See_Austrian_Alps.html, /Attractions-g608666-Activities-Zell_am_See_Austrian_Alps.html
Hallenbad und Freizeitzentrum, 3.0, Fun & Games, /Attraction_Review-g608666-d12864274-Reviews-Hallenbad_und_Freizeitzentrum-Zell_am_See_Austrian_Alps.html, /Attractions-g608666-Activities-Zell_am_See_Austrian_Alps.html
Ginhouse, 4.5, Nightlife, /Attraction_Review-g608666-d1553918-Reviews-Ginhouse-Zell_am_See_Austrian_Alps.html, /Attractions-g608666-Activities-Zell_am_See_Austrian_Alps.html
Murrays Irish Bar, 5.0, Nightlife, /Attraction_Review-g608666-d12178164-Reviews-Murrays_Irish_Bar-Zell_am_See_Austrian_Alps.html, /Attractions-g608666-Activities-Zell_am_See_Austrian_Alps.html
SennAir Helicopter, 5.0, Tours, /Attraction_Review-g608666-d12459515-Reviews-SennAir_Helicopter-Zell_am_See_Austrian_Alps.html, /Attractions-g608666-Activities-Zell_am_See_Austrian_Alps.html
Outdo Rafting, 5.0, Boat Tours & Water Sports, /Attraction_Review-g608666-d11962268-Reviews-Outdo_Rafting-Zell_am_See_Austrian_Alps.html, /Attractions-g608666-Activities-Zell_am_See_Austrian_Alps.html
Adventure Service Outdoorsports, 5.0, Boat Tours & Water Sports, /Attraction_Review-g608666-d12278027-Reviews-Adventure_Service_Outdoorsports-Zell_am_See_Austrian_Alps.html, /Attractions-g608666-Activities-Zell_am_See_Austrian_Alps.html
See Esplanade, 4.5, Outdoor Activities, /Attraction_Review-g608666-d4199626-Reviews-See_Esplanade-Zell_am_See_Austrian_Alps.html, /Attractions-g608666-Activities-Zell_am_See_Austrian_Alps.html
Zell &amp; Roll, 5.0, Outdoor Activities, /Attraction_Review-g608666-d10416738-Reviews-Zell_Roll-Zell_am_See_Austrian_Alps.html, /Attractions-g608666-Activities-Zell_am_See_Austrian_Alps.html
Charisma Am Stadtplatz, 4.5, Shopping, /Attraction_Review-g608666-d7060281-Reviews-Charisma_Am_Stadtplatz-Zell_am_See_Austrian_Alps.html, /Attractions-g608666-Activities-Zell_am_See_Austrian_Alps.html
Off Piste Bar Aprés Ski &amp; Night Club Zell am See, 5.0, Nightlife, /Attraction_Review-g608666-d13394557-Reviews-Off_Piste_Bar_Apres_Ski_Night_Club_Zell_am_See-Zell_am_See_Austrian_Alps.html, /Attractions-g608666-Activities-Zell_am_See_Austrian_Alps.html
MySnapAir, 5.0, Tours, /Attraction_Review-g608666-d12643773-Reviews-MySnapAir-Zell_am_See_Austrian_Alps.html, /Attractions-g608666-Activities-Zell_am_See_Austrian_Alps.html
Insider Bar, 4.5, Nightlife, /Attraction_Review-g608666-d10737221-Reviews-Insider_Bar-Zell_am_See_Austrian_Alps.html, /Attractions-g608666-Activities-Zell_am_See_Austrian_Alps.html
