attraction_name, attraction_rate, attraction_type, attraction_url, attraction_parent_url
Dorfertal, 5.0, Sights & Landmarks, /Attraction_Review-g676650-d7052989-Reviews-Dorfertal-Kals_am_Grossglockner_Tirol_Austrian_Alps.html, /Attractions-g676650-Activities-Kals_am_Grossglockner_Tirol_Austrian_Alps.html
Kalser Glocknerstraße, 4.5, Nature & Parks, /Attraction_Review-g676650-d10803808-Reviews-Kalser_Glocknerstrasse-Kals_am_Grossglockner_Tirol_Austrian_Alps.html, /Attractions-g676650-Activities-Kals_am_Grossglockner_Tirol_Austrian_Alps.html
Haengebruecke, 4.5, Sights & Landmarks, /Attraction_Review-g676650-d17634655-Reviews-Haengebruecke-Kals_am_Grossglockner_Tirol_Austrian_Alps.html, /Attractions-g676650-Activities-Kals_am_Grossglockner_Tirol_Austrian_Alps.html
St. Georgs Kirche, 5.0, Sights & Landmarks, /Attraction_Review-g676650-d12696015-Reviews-St_Georgs_Kirche-Kals_am_Grossglockner_Tirol_Austrian_Alps.html, /Attractions-g676650-Activities-Kals_am_Grossglockner_Tirol_Austrian_Alps.html
Glocknerhaus, 5.0, Museums, /Attraction_Review-g676650-d19098646-Reviews-Glocknerhaus-Kals_am_Grossglockner_Tirol_Austrian_Alps.html, /Attractions-g676650-Activities-Kals_am_Grossglockner_Tirol_Austrian_Alps.html
Grossglockner Resort, 3.0, Nature & Parks, /Attraction_Review-g676650-d15098769-Reviews-Grossglockner_Resort-Kals_am_Grossglockner_Tirol_Austrian_Alps.html, /Attractions-g676650-Activities-Kals_am_Grossglockner_Tirol_Austrian_Alps.html
Adrenalin Outdoor Sports, 5.0, Boat Tours & Water Sports, /Attraction_Review-g676650-d12064612-Reviews-Adrenalin_Outdoor_Sports-Kals_am_Grossglockner_Tirol_Austrian_Alps.html, /Attractions-g676650-Activities-Kals_am_Grossglockner_Tirol_Austrian_Alps.html
Glockner Adventures, 5.0, Boat Tours & Water Sports, /Attraction_Review-g676650-d15033002-Reviews-Glockner_Adventures-Kals_am_Grossglockner_Tirol_Austrian_Alps.html, /Attractions-g676650-Activities-Kals_am_Grossglockner_Tirol_Austrian_Alps.html
Kirchenruine St. Peter, None, Sights & Landmarks, /Attraction_Review-g676650-d12696013-Reviews-Kirchenruine_St_Peter-Kals_am_Grossglockner_Tirol_Austrian_Alps.html, /Attractions-g676650-Activities-Kals_am_Grossglockner_Tirol_Austrian_Alps.html
Kath. Pfarrkirche hl. Rupert und Friedhof, None, Sights & Landmarks, /Attraction_Review-g676650-d12696012-Reviews-Kath_Pfarrkirche_hl_Rupert_und_Friedhof-Kals_am_Grossglockner_Tirol_Austrian_Alp.html, /Attractions-g676650-Activities-Kals_am_Grossglockner_Tirol_Austrian_Alps.html
