attraction_name, attraction_rate, attraction_type, attraction_url, attraction_parent_url
Burgmuseum Deutschlandsberg, 4.5, Museums, /Attraction_Review-g1236963-d2349107-Reviews-Burgmuseum_Deutschlandsberg-Deutschlandsberg_Styria.html, /Attractions-g1236963-Activities-Deutschlandsberg_Styria.html
Deutschlandsberg Rathaus, 5.0, Sights & Landmarks, /Attraction_Review-g1236963-d10846222-Reviews-Deutschlandsberg_Rathaus-Deutschlandsberg_Styria.html, /Attractions-g1236963-Activities-Deutschlandsberg_Styria.html
Schloss Wildbach - Deutschlandsberg, 4.0, Sights & Landmarks, /Attraction_Review-g1236963-d10846241-Reviews-Schloss_Wildbach_Deutschlandsberg-Deutschlandsberg_Styria.html, /Attractions-g1236963-Activities-Deutschlandsberg_Styria.html
Golfclub Schloß Frauenthal, 4.5, Outdoor Activities, /Attraction_Review-g1236963-d10401409-Reviews-Golfclub_Schloss_Frauenthal-Deutschlandsberg_Styria.html, /Attractions-g1236963-Activities-Deutschlandsberg_Styria.html
Der Marmeladen-Laden, 5.0, Shopping, /Attraction_Review-g1236963-d12590045-Reviews-Der_Marmeladen_Laden-Deutschlandsberg_Styria.html, /Attractions-g1236963-Activities-Deutschlandsberg_Styria.html
Schilcherland-Spezialitaten, None, Shopping, /Attraction_Review-g1236963-d4222704-Reviews-Schilcherland_Spezialitaten-Deutschlandsberg_Styria.html, /Attractions-g1236963-Activities-Deutschlandsberg_Styria.html
Schilcher Weinstrasse, None, Outdoor Activities, /Attraction_Review-g1236963-d20342853-Reviews-Schilcher_Weinstrasse-Deutschlandsberg_Styria.html, /Attractions-g1236963-Activities-Deutschlandsberg_Styria.html
Pfarre St. Oswald in Freiland, None, Sights & Landmarks, /Attraction_Review-g1236963-d10846242-Reviews-Pfarre_St_Oswald_in_Freiland-Deutschlandsberg_Styria.html, /Attractions-g1236963-Activities-Deutschlandsberg_Styria.html
Schloss Feilhofen, None, Sights & Landmarks, /Attraction_Review-g1236963-d10846245-Reviews-Schloss_Feilhofen-Deutschlandsberg_Styria.html, /Attractions-g1236963-Activities-Deutschlandsberg_Styria.html
Galileos, None, Tours, /Attraction_Review-g1236963-d12378653-Reviews-Galileos-Deutschlandsberg_Styria.html, /Attractions-g1236963-Activities-Deutschlandsberg_Styria.html
