attraction_name, attraction_rate, attraction_type, attraction_url, attraction_parent_url
Domherrenhof, None, Sights & Landmarks, /Attraction_Review-g190432-d15052408-Reviews-Domherrenhof-Graz_Styria.html, /Attractions-g190432-Activities-Graz_Styria.html
St. Vinzenz Church, None, Sights & Landmarks, /Attraction_Review-g190432-d15052964-Reviews-St_Vinzenz_Church-Graz_Styria.html, /Attractions-g190432-Activities-Graz_Styria.html
Galerie Jo, None, Museums, /Attraction_Review-g190432-d15139577-Reviews-Galerie_Jo-Graz_Styria.html, /Attractions-g190432-Activities-Graz_Styria.html
Palmburg, None, Sights & Landmarks, /Attraction_Review-g190432-d15052673-Reviews-Palmburg-Graz_Styria.html, /Attractions-g190432-Activities-Graz_Styria.html
Hallerschloss, None, Sights & Landmarks, /Attraction_Review-g190432-d15052755-Reviews-Hallerschloss-Graz_Styria.html, /Attractions-g190432-Activities-Graz_Styria.html
Mariensäule oder Türkensäule, None, Sights & Landmarks, /Attraction_Review-g190432-d15049030-Reviews-Mariensaule_oder_Turkensaule-Graz_Styria.html, /Attractions-g190432-Activities-Graz_Styria.html
Franziskanerkloster Graz, None, Sights & Landmarks, /Attraction_Review-g190432-d15049067-Reviews-Franziskanerkloster_Graz-Graz_Styria.html, /Attractions-g190432-Activities-Graz_Styria.html
Ehem. Bischöfliches Palais, None, Sights & Landmarks, /Attraction_Review-g190432-d15049068-Reviews-Ehem_Bischofliches_Palais-Graz_Styria.html, /Attractions-g190432-Activities-Graz_Styria.html
Palais Welserheimb, None, Sights & Landmarks, /Attraction_Review-g190432-d15049083-Reviews-Palais_Welserheimb-Graz_Styria.html, /Attractions-g190432-Activities-Graz_Styria.html
Stempfergasse, None, Sights & Landmarks, /Attraction_Review-g190432-d15049085-Reviews-Stempfergasse-Graz_Styria.html, /Attractions-g190432-Activities-Graz_Styria.html
Steinmosaik Städtefreundschaft-Völkerfreundschaft, None, Sights & Landmarks, /Attraction_Review-g190432-d15049107-Reviews-Steinmosaik_Stadtefreundschaft_Volkerfreundschaft-Graz_Styria.html, /Attractions-g190432-Activities-Graz_Styria.html
Rosariumbrunnen, None, Sights & Landmarks, /Attraction_Review-g190432-d15049110-Reviews-Rosariumbrunnen-Graz_Styria.html, /Attractions-g190432-Activities-Graz_Styria.html
Pomeranzengasse, None, Sights & Landmarks, /Attraction_Review-g190432-d15049111-Reviews-Pomeranzengasse-Graz_Styria.html, /Attractions-g190432-Activities-Graz_Styria.html
Palais Meran, None, Sights & Landmarks, /Attraction_Review-g190432-d15049131-Reviews-Palais_Meran-Graz_Styria.html, /Attractions-g190432-Activities-Graz_Styria.html
Literaturhaus Graz, None, Sights & Landmarks, /Attraction_Review-g190432-d15049129-Reviews-Literaturhaus_Graz-Graz_Styria.html, /Attractions-g190432-Activities-Graz_Styria.html
Minoriten-Schlössl, None, Sights & Landmarks, /Attraction_Review-g190432-d15049128-Reviews-Minoriten_Schlossl-Graz_Styria.html, /Attractions-g190432-Activities-Graz_Styria.html
Tupay-Schlössl - Schloss Schönau, None, Sights & Landmarks, /Attraction_Review-g190432-d15049135-Reviews-Tupay_Schlossl_Schloss_Schonau-Graz_Styria.html, /Attractions-g190432-Activities-Graz_Styria.html
Bildungshaus Schloss St. Martin, None, Sights & Landmarks, /Attraction_Review-g190432-d15049137-Reviews-Bildungshaus_Schloss_St_Martin-Graz_Styria.html, /Attractions-g190432-Activities-Graz_Styria.html
Palais Stubenberg-Wildenstein, None, Sights & Landmarks, /Attraction_Review-g190432-d15049081-Reviews-Palais_Stubenberg_Wildenstein-Graz_Styria.html, /Attractions-g190432-Activities-Graz_Styria.html
Murgasse, None, Sights & Landmarks, /Attraction_Review-g190432-d15049086-Reviews-Murgasse-Graz_Styria.html, /Attractions-g190432-Activities-Graz_Styria.html
Palais Breuner, None, Sights & Landmarks, /Attraction_Review-g190432-d15049106-Reviews-Palais_Breuner-Graz_Styria.html, /Attractions-g190432-Activities-Graz_Styria.html
Palais Kollonitsch, None, Sights & Landmarks, /Attraction_Review-g190432-d15049121-Reviews-Palais_Kollonitsch-Graz_Styria.html, /Attractions-g190432-Activities-Graz_Styria.html
Hans-Sachs-Gasse, None, Sights & Landmarks, /Attraction_Review-g190432-d15049118-Reviews-Hans_Sachs_Gasse-Graz_Styria.html, /Attractions-g190432-Activities-Graz_Styria.html
Meerscheinschlössl, None, Sights & Landmarks, /Attraction_Review-g190432-d15049127-Reviews-Meerscheinschlossl-Graz_Styria.html, /Attractions-g190432-Activities-Graz_Styria.html
Volksgarten, None, Nature & Parks, /Attraction_Review-g190432-d17291660-Reviews-Volksgarten-Graz_Styria.html, /Attractions-g190432-Activities-Graz_Styria.html
Diözesanmuseum Graz, None, Museums, /Attraction_Review-g190432-d17593638-Reviews-Diozesanmuseum_Graz-Graz_Styria.html, /Attractions-g190432-Activities-Graz_Styria.html
Margaretenbad, None, Fun & Games, /Attraction_Review-g190432-d18454486-Reviews-Margaretenbad-Graz_Styria.html, /Attractions-g190432-Activities-Graz_Styria.html
Bad Strassgang, None, Fun & Games, /Attraction_Review-g190432-d18454492-Reviews-Bad_Strassgang-Graz_Styria.html, /Attractions-g190432-Activities-Graz_Styria.html
Theophil Hansens Prokesch-Osten Mausoleum, None, Sights & Landmarks, /Attraction_Review-g190432-d18716126-Reviews-Theophil_Hansens_Prokesch_Osten_Mausoleum-Graz_Styria.html, /Attractions-g190432-Activities-Graz_Styria.html
A-TEAM Sportclub Graz, None, Sights & Landmarks, /Attraction_Review-g190432-d18453352-Reviews-A_TEAM_Sportclub_Graz-Graz_Styria.html, /Attractions-g190432-Activities-Graz_Styria.html
