attraction_name, attraction_rate, attraction_type, attraction_url, attraction_parent_url
Blumengaerten Hirschstetten, 4.5, Nature & Parks, /Attraction_Review-g190454-d3559599-Reviews-Blumengaerten_Hirschstetten-Vienna.html, /Attractions-g190454-Activities-Vienna.html
Vienna University of Economics and Business, 5.0, Sights & Landmarks, /Attraction_Review-g190454-d7202098-Reviews-Vienna_University_of_Economics_and_Business-Vienna.html, /Attractions-g190454-Activities-Vienna.html
Postsparkasse, 4.5, Sights & Landmarks, /Attraction_Review-g190454-d246444-Reviews-Postsparkasse-Vienna.html, /Attractions-g190454-Activities-Vienna.html
Westbahn, 4.0, Transportation, /Attraction_Review-g190454-d7755450-Reviews-Westbahn-Vienna.html, /Attractions-g190454-Activities-Vienna.html
Ernst Happel Stadion, 4.0, Sights & Landmarks, /Attraction_Review-g190454-d245381-Reviews-Ernst_Happel_Stadion-Vienna.html, /Attractions-g190454-Activities-Vienna.html
BahnhofCity Wien Hauptbahnhof, 4.0, Shopping, /Attraction_Review-g190454-d12513834-Reviews-BahnhofCity_Wien_Hauptbahnhof-Vienna.html, /Attractions-g190454-Activities-Vienna.html
Strandbad Gänsehäufel, 5.0, Fun & Games, /Attraction_Review-g190454-d10847599-Reviews-Strandbad_Gansehaufel-Vienna.html, /Attractions-g190454-Activities-Vienna.html
Kaiserappartements, 4.0, Sights & Landmarks, /Attraction_Review-g190454-d246421-Reviews-Kaiserappartements-Vienna.html, /Attractions-g190454-Activities-Vienna.html
Museum of Modern Art Ludwig Foundation (MUMOK), 3.0, Museums, /Attraction_Review-g190454-d319359-Reviews-Museum_of_Modern_Art_Ludwig_Foundation_MUMOK-Vienna.html, /Attractions-g190454-Activities-Vienna.html
Billa Corso im Herrnhuterhaus, 4.5, Shopping, /Attraction_Review-g190454-d9823324-Reviews-Billa_Corso_im_Herrnhuterhaus-Vienna.html, /Attractions-g190454-Activities-Vienna.html
Bermuda Triangle, 4.0, Other, /Attraction_Review-g190454-d245702-Reviews-Bermuda_Triangle-Vienna.html, /Attractions-g190454-Activities-Vienna.html
Heldendenkmal der Roten Armee, 4.0, Sights & Landmarks, /Attraction_Review-g190454-d7106696-Reviews-Heldendenkmal_der_Roten_Armee-Vienna.html, /Attractions-g190454-Activities-Vienna.html
Capuchin Church (Kapuzinerkirche), 4.0, Sights & Landmarks, /Attraction_Review-g190454-d245770-Reviews-Capuchin_Church_Kapuzinerkirche-Vienna.html, /Attractions-g190454-Activities-Vienna.html
Palais Auersperg, 3.5, Sights & Landmarks, /Attraction_Review-g190454-d4378127-Reviews-Palais_Auersperg-Vienna.html, /Attractions-g190454-Activities-Vienna.html
Tez Info Shop, 5.0, Traveller Resources, /Attraction_Review-g190454-d12489565-Reviews-Tez_Info_Shop-Vienna.html, /Attractions-g190454-Activities-Vienna.html
Flohmarkt am Naschmarkt, 3.5, Shopping, /Attraction_Review-g190454-d545844-Reviews-Flohmarkt_am_Naschmarkt-Vienna.html, /Attractions-g190454-Activities-Vienna.html
Franziskanerkirche, 4.0, Sights & Landmarks, /Attraction_Review-g190454-d6536349-Reviews-Franziskanerkirche-Vienna.html, /Attractions-g190454-Activities-Vienna.html
Casino Wien, 4.0, Casinos & Gambling, /Attraction_Review-g190454-d245764-Reviews-Casino_Wien-Vienna.html, /Attractions-g190454-Activities-Vienna.html
Wien Museum Hermesvilla, 4.5, Museums, /Attraction_Review-g190454-d592597-Reviews-Wien_Museum_Hermesvilla-Vienna.html, /Attractions-g190454-Activities-Vienna.html
St. Rupert's Church (Ruprechtskirche), 4.5, Sights & Landmarks, /Attraction_Review-g190454-d319316-Reviews-St_Rupert_s_Church_Ruprechtskirche-Vienna.html, /Attractions-g190454-Activities-Vienna.html
Maria Theresien Square, 4.5, Sights & Landmarks, /Attraction_Review-g190454-d14470311-Reviews-Maria_Theresien_Square-Vienna.html, /Attractions-g190454-Activities-Vienna.html
Botanischer Garten (Botanical Garden of the University of Vienna), 4.5, Nature & Parks, /Attraction_Review-g190454-d319281-Reviews-Botanischer_Garten_Botanical_Garden_of_the_University_of_Vienna-Vienna.html, /Attractions-g190454-Activities-Vienna.html
ZOOM Kindermuseum, 4.0, Museums, /Attraction_Review-g190454-d245659-Reviews-ZOOM_Kindermuseum-Vienna.html, /Attractions-g190454-Activities-Vienna.html
Klimt Villa, 4.0, Museums, /Attraction_Review-g190454-d3534289-Reviews-Klimt_Villa-Vienna.html, /Attractions-g190454-Activities-Vienna.html
Wiener Stadthalle, 4.0, Traveller Resources, /Attraction_Review-g190454-d245617-Reviews-Wiener_Stadthalle-Vienna.html, /Attractions-g190454-Activities-Vienna.html
Johann Strauss Museum, 4.0, Museums, /Attraction_Review-g190454-d246418-Reviews-Johann_Strauss_Museum-Vienna.html, /Attractions-g190454-Activities-Vienna.html
Allianz Stadion, 4.5, Sights & Landmarks, /Attraction_Review-g190454-d10769200-Reviews-Allianz_Stadion-Vienna.html, /Attractions-g190454-Activities-Vienna.html
Am Hof, 4.0, Sights & Landmarks, /Attraction_Review-g190454-d244510-Reviews-Am_Hof-Vienna.html, /Attractions-g190454-Activities-Vienna.html
Silberkammer, 4.0, Museums, /Attraction_Review-g190454-d311250-Reviews-Silberkammer-Vienna.html, /Attractions-g190454-Activities-Vienna.html
Otto Wagner Pavillon Karlsplatz, 4.0, Sights & Landmarks, /Attraction_Review-g190454-d4234316-Reviews-Otto_Wagner_Pavillon_Karlsplatz-Vienna.html, /Attractions-g190454-Activities-Vienna.html
