attraction_name, attraction_rate, attraction_type, attraction_url, attraction_parent_url
Myrafaelle, 4.5, Sights & Landmarks, /Attraction_Review-g8017307-d3501083-Reviews-Myrafaelle-Muggendorf_Lower_Austria.html, /Attractions-g8017307-Activities-Muggendorf_Lower_Austria.html
Steinwandklamm, 5.0, Nature & Parks, /Attraction_Review-g8017307-d8016957-Reviews-Steinwandklamm-Muggendorf_Lower_Austria.html, /Attractions-g8017307-Activities-Muggendorf_Lower_Austria.html
Myra Falls, 4.5, Nature & Parks, /Attraction_Review-g8017307-d12679345-Reviews-Myra_Falls-Muggendorf_Lower_Austria.html, /Attractions-g8017307-Activities-Muggendorf_Lower_Austria.html
Myrafalle, 4.0, Nature & Parks, /Attraction_Review-g8017307-d10803044-Reviews-Myrafalle-Muggendorf_Lower_Austria.html, /Attractions-g8017307-Activities-Muggendorf_Lower_Austria.html
