attraction_name, attraction_rate, attraction_type, attraction_url, attraction_parent_url
Villach Alpine Road, 4.5, Outdoor Activities, /Attraction_Review-g190437-d2358251-Reviews-Villach_Alpine_Road-Villach_Carinthia_Austrian_Alps.html, /Attractions-g190437-Activities-Villach_Carinthia_Austrian_Alps.html
Naturpark Dobratsch, 4.5, Nature & Parks, /Attraction_Review-g190437-d6603534-Reviews-Naturpark_Dobratsch-Villach_Carinthia_Austrian_Alps.html, /Attractions-g190437-Activities-Villach_Carinthia_Austrian_Alps.html
ATRIO Villach, 4.0, Shopping, /Attraction_Review-g190437-d2329282-Reviews-ATRIO_Villach-Villach_Carinthia_Austrian_Alps.html, /Attractions-g190437-Activities-Villach_Carinthia_Austrian_Alps.html
Automuseum TAF-TIMER, 4.5, Museums, /Attraction_Review-g190437-d11914459-Reviews-Automuseum_TAF_TIMER-Villach_Carinthia_Austrian_Alps.html, /Attractions-g190437-Activities-Villach_Carinthia_Austrian_Alps.html
Villach-St. Jakob, 4.0, Sights & Landmarks, /Attraction_Review-g190437-d7050604-Reviews-Villach_St_Jakob-Villach_Carinthia_Austrian_Alps.html, /Attractions-g190437-Activities-Villach_Carinthia_Austrian_Alps.html
Das Maibachl, 5.0, Nature & Parks, /Attraction_Review-g190437-d13808596-Reviews-Das_Maibachl-Villach_Carinthia_Austrian_Alps.html, /Attractions-g190437-Activities-Villach_Carinthia_Austrian_Alps.html
Stadtpfarrturm, 4.0, Sights & Landmarks, /Attraction_Review-g190437-d7051873-Reviews-Stadtpfarrturm-Villach_Carinthia_Austrian_Alps.html, /Attractions-g190437-Activities-Villach_Carinthia_Austrian_Alps.html
Villacher Fahrzeugmuseum, 4.0, Museums, /Attraction_Review-g190437-d6728189-Reviews-Villacher_Fahrzeugmuseum-Villach_Carinthia_Austrian_Alps.html, /Attractions-g190437-Activities-Villach_Carinthia_Austrian_Alps.html
Villach Innenstadt, 4.0, Sights & Landmarks, /Attraction_Review-g190437-d10662182-Reviews-Villach_Innenstadt-Villach_Carinthia_Austrian_Alps.html, /Attractions-g190437-Activities-Villach_Carinthia_Austrian_Alps.html
Tourismusinformation Villach-Stadt, 4.5, Traveller Resources, /Attraction_Review-g190437-d10728455-Reviews-Tourismusinformation_Villach_Stadt-Villach_Carinthia_Austrian_Alps.html, /Attractions-g190437-Activities-Villach_Carinthia_Austrian_Alps.html
Museum Der Stadt Villach, 4.0, Museums, /Attraction_Review-g190437-d8686352-Reviews-Museum_Der_Stadt_Villach-Villach_Carinthia_Austrian_Alps.html, /Attractions-g190437-Activities-Villach_Carinthia_Austrian_Alps.html
Villacher Alpen Arena, 5.0, Fun & Games, /Attraction_Review-g190437-d13808592-Reviews-Villacher_Alpen_Arena-Villach_Carinthia_Austrian_Alps.html, /Attractions-g190437-Activities-Villach_Carinthia_Austrian_Alps.html
Villach Hbf, 3.5, Sights & Landmarks, /Attraction_Review-g190437-d12513936-Reviews-Villach_Hbf-Villach_Carinthia_Austrian_Alps.html, /Attractions-g190437-Activities-Villach_Carinthia_Austrian_Alps.html
Vassacher See, 4.5, Nature & Parks, /Attraction_Review-g190437-d12850323-Reviews-Vassacher_See-Villach_Carinthia_Austrian_Alps.html, /Attractions-g190437-Activities-Villach_Carinthia_Austrian_Alps.html
MTB Area One, 5.0, Nature & Parks, /Attraction_Review-g190437-d10598087-Reviews-MTB_Area_One-Villach_Carinthia_Austrian_Alps.html, /Attractions-g190437-Activities-Villach_Carinthia_Austrian_Alps.html
St. Nikolai Kirche - Villach, 4.0, Sights & Landmarks, /Attraction_Review-g190437-d9707197-Reviews-St_Nikolai_Kirche_Villach-Villach_Carinthia_Austrian_Alps.html, /Attractions-g190437-Activities-Villach_Carinthia_Austrian_Alps.html
Burgherrenrunde, 4.0, Nature & Parks, /Attraction_Review-g190437-d10584555-Reviews-Burgherrenrunde-Villach_Carinthia_Austrian_Alps.html, /Attractions-g190437-Activities-Villach_Carinthia_Austrian_Alps.html
Das Relief von Karnten, 4.5, Museums, /Attraction_Review-g190437-d11874663-Reviews-Das_Relief_von_Karnten-Villach_Carinthia_Austrian_Alps.html, /Attractions-g190437-Activities-Villach_Carinthia_Austrian_Alps.html
Der Narr - der bronzenen Skulptur eines Narren, 4.0, Sights & Landmarks, /Attraction_Review-g190437-d13846836-Reviews-Der_Narr_der_bronzenen_Skulptur_eines_Narren-Villach_Carinthia_Austrian_Alps.html, /Attractions-g190437-Activities-Villach_Carinthia_Austrian_Alps.html
Wallfahrtskirche Maria Gail, 4.5, Sights & Landmarks, /Attraction_Review-g190437-d8821939-Reviews-Wallfahrtskirche_Maria_Gail-Villach_Carinthia_Austrian_Alps.html, /Attractions-g190437-Activities-Villach_Carinthia_Austrian_Alps.html
Rathaus Villach, 4.0, Sights & Landmarks, /Attraction_Review-g190437-d12581254-Reviews-Rathaus_Villach-Villach_Carinthia_Austrian_Alps.html, /Attractions-g190437-Activities-Villach_Carinthia_Austrian_Alps.html
Biobauernmarkt - Villach, 4.5, Food & Drink, /Attraction_Review-g190437-d13357367-Reviews-Biobauernmarkt_Villach-Villach_Carinthia_Austrian_Alps.html, /Attractions-g190437-Activities-Villach_Carinthia_Austrian_Alps.html
Fitness- und Gesundheitsparcours Warmbad-Villach, 4.5, Nature & Parks, /Attraction_Review-g190437-d10605089-Reviews-Fitness_und_Gesundheitsparcours_Warmbad_Villach-Villach_Carinthia_Austrian_Alps.html, /Attractions-g190437-Activities-Villach_Carinthia_Austrian_Alps.html
Evangelische Kirche Im Stadtpark, 4.0, Sights & Landmarks, /Attraction_Review-g190437-d9707579-Reviews-Evangelische_Kirche_Im_Stadtpark-Villach_Carinthia_Austrian_Alps.html, /Attractions-g190437-Activities-Villach_Carinthia_Austrian_Alps.html
Kirche Zum Heiligen Kreuz, 4.0, Sights & Landmarks, /Attraction_Review-g190437-d9803557-Reviews-Kirche_Zum_Heiligen_Kreuz-Villach_Carinthia_Austrian_Alps.html, /Attractions-g190437-Activities-Villach_Carinthia_Austrian_Alps.html
Congress Center Villach, 5.0, Traveller Resources, /Attraction_Review-g190437-d13808589-Reviews-Congress_Center_Villach-Villach_Carinthia_Austrian_Alps.html, /Attractions-g190437-Activities-Villach_Carinthia_Austrian_Alps.html
Paracelsus-Haus in Villach, 2.0, Sights & Landmarks, /Attraction_Review-g190437-d12719108-Reviews-Paracelsus_Haus_in_Villach-Villach_Carinthia_Austrian_Alps.html, /Attractions-g190437-Activities-Villach_Carinthia_Austrian_Alps.html
Dinzlschloss, 5.0, Sights & Landmarks, /Attraction_Review-g190437-d11871064-Reviews-Dinzlschloss-Villach_Carinthia_Austrian_Alps.html, /Attractions-g190437-Activities-Villach_Carinthia_Austrian_Alps.html
Schillerpark, 4.0, Nature & Parks, /Attraction_Review-g190437-d9707588-Reviews-Schillerpark-Villach_Carinthia_Austrian_Alps.html, /Attractions-g190437-Activities-Villach_Carinthia_Austrian_Alps.html
Braumeister, 3.5, Sights & Landmarks, /Attraction_Review-g190437-d14918351-Reviews-Braumeister-Villach_Carinthia_Austrian_Alps.html, /Attractions-g190437-Activities-Villach_Carinthia_Austrian_Alps.html
