attraction_name, attraction_rate, attraction_type, attraction_url, attraction_parent_url
Bleistätter Moor, 4.0, Nature & Parks, /Attraction_Review-g635756-d10620640-Reviews-Bleistatter_Moor-Steindorf_Carinthia_Austrian_Alps.html, /Attractions-g635756-Activities-Steindorf_Carinthia_Austrian_Alps.html
Domenig Steinhaus, 3.5, Sights & Landmarks, /Attraction_Review-g635756-d10726154-Reviews-Domenig_Steinhaus-Steindorf_Carinthia_Austrian_Alps.html, /Attractions-g635756-Activities-Steindorf_Carinthia_Austrian_Alps.html
Evang. Kirche Tschöran, None, Sights & Landmarks, /Attraction_Review-g635756-d11445193-Reviews-Evang_Kirche_Tschoran-Steindorf_Carinthia_Austrian_Alps.html, /Attractions-g635756-Activities-Steindorf_Carinthia_Austrian_Alps.html
St. Margarethen in Tiffen, None, Sights & Landmarks, /Attraction_Review-g635756-d11445168-Reviews-St_Margarethen_in_Tiffen-Steindorf_Carinthia_Austrian_Alps.html, /Attractions-g635756-Activities-Steindorf_Carinthia_Austrian_Alps.html
Kirche St. Johann in Steindorf, None, Sights & Landmarks, /Attraction_Review-g635756-d11445166-Reviews-Kirche_St_Johann_in_Steindorf-Steindorf_Carinthia_Austrian_Alps.html, /Attractions-g635756-Activities-Steindorf_Carinthia_Austrian_Alps.html
Kirche St. Josef, None, Sights & Landmarks, /Attraction_Review-g635756-d11445192-Reviews-Kirche_St_Josef-Steindorf_Carinthia_Austrian_Alps.html, /Attractions-g635756-Activities-Steindorf_Carinthia_Austrian_Alps.html
