attraction_name, attraction_rate, attraction_type, attraction_url, attraction_parent_url
Stift Geras, 4.0, Sights & Landmarks, /Attraction_Review-g1571733-d10663029-Reviews-Stift_Geras-Geras_Lower_Austria.html, /Attractions-g1571733-Activities-Geras_Lower_Austria.html
Naturpark Geras, 3.5, Nature & Parks, /Attraction_Review-g1571733-d5519650-Reviews-Naturpark_Geras-Geras_Lower_Austria.html, /Attractions-g1571733-Activities-Geras_Lower_Austria.html
Prämostratenserstift Geras, 3.5, Sights & Landmarks, /Attraction_Review-g1571733-d12839689-Reviews-Pramostratenserstift_Geras-Geras_Lower_Austria.html, /Attractions-g1571733-Activities-Geras_Lower_Austria.html
Johannes-Nepomuk-Säule von 1728, None, Sights & Landmarks, /Attraction_Review-g1571733-d21186532-Reviews-Johannes_Nepomuk_Saule_von_1728-Geras_Lower_Austria.html, /Attractions-g1571733-Activities-Geras_Lower_Austria.html
