attraction_name, attraction_rate, attraction_type, attraction_url, attraction_parent_url
Schloss Esterhazy, 4.5, Concerts & Shows, /Attraction_Review-g190412-d292959-Reviews-Schloss_Esterhazy-Eisenstadt_Burgenland.html, /Attractions-g190412-Activities-Eisenstadt_Burgenland.html
Haydn-Haus Eisenstadt, 4.5, Museums, /Attraction_Review-g190412-d292958-Reviews-Haydn_Haus_Eisenstadt-Eisenstadt_Burgenland.html, /Attractions-g190412-Activities-Eisenstadt_Burgenland.html
Schlosspark Eisenstadt, 4.5, Nature & Parks, /Attraction_Review-g190412-d12529045-Reviews-Schlosspark_Eisenstadt-Eisenstadt_Burgenland.html, /Attractions-g190412-Activities-Eisenstadt_Burgenland.html
Bergkirche, 4.5, Sights & Landmarks, /Attraction_Review-g190412-d1875856-Reviews-Bergkirche-Eisenstadt_Burgenland.html, /Attractions-g190412-Activities-Eisenstadt_Burgenland.html
Schloss Esterházy Kulturverwaltung, 4.5, Museums, /Attraction_Review-g190412-d4979730-Reviews-Schloss_Esterhazy_Kulturverwaltung-Eisenstadt_Burgenland.html, /Attractions-g190412-Activities-Eisenstadt_Burgenland.html
Rathaus, 4.5, Sights & Landmarks, /Attraction_Review-g190412-d12529046-Reviews-Rathaus-Eisenstadt_Burgenland.html, /Attractions-g190412-Activities-Eisenstadt_Burgenland.html
Leopoldinentempel, 4.5, Sights & Landmarks, /Attraction_Review-g190412-d12529051-Reviews-Leopoldinentempel-Eisenstadt_Burgenland.html, /Attractions-g190412-Activities-Eisenstadt_Burgenland.html
Pulverturm, 5.0, Sights & Landmarks, /Attraction_Review-g190412-d12529049-Reviews-Pulverturm-Eisenstadt_Burgenland.html, /Attractions-g190412-Activities-Eisenstadt_Burgenland.html
Franziskaner Kirche, 3.5, Sights & Landmarks, /Attraction_Review-g190412-d12528854-Reviews-Franziskaner_Kirche-Eisenstadt_Burgenland.html, /Attractions-g190412-Activities-Eisenstadt_Burgenland.html
Landesgalerie Burgenland, 4.5, Museums, /Attraction_Review-g190412-d7195447-Reviews-Landesgalerie_Burgenland-Eisenstadt_Burgenland.html, /Attractions-g190412-Activities-Eisenstadt_Burgenland.html
Dom- und Stadtpfarre zum Hl. Martin, 3.5, Sights & Landmarks, /Attraction_Review-g190412-d12528862-Reviews-Dom_und_Stadtpfarre_zum_Hl_Martin-Eisenstadt_Burgenland.html, /Attractions-g190412-Activities-Eisenstadt_Burgenland.html
Spitalskirche mit Haydnorgel, 4.0, Sights & Landmarks, /Attraction_Review-g190412-d12528914-Reviews-Spitalskirche_mit_Haydnorgel-Eisenstadt_Burgenland.html, /Attractions-g190412-Activities-Eisenstadt_Burgenland.html
Österreichisches Jüdisches Museum, 4.5, Museums, /Attraction_Review-g190412-d2700586-Reviews-Osterreichisches_Judisches_Museum-Eisenstadt_Burgenland.html, /Attractions-g190412-Activities-Eisenstadt_Burgenland.html
Tourismusverband, 4.5, Traveller Resources, /Attraction_Review-g190412-d12537342-Reviews-Tourismusverband-Eisenstadt_Burgenland.html, /Attractions-g190412-Activities-Eisenstadt_Burgenland.html
Pfarrkirche Kleinhöflein, 5.0, Sights & Landmarks, /Attraction_Review-g190412-d12528915-Reviews-Pfarrkirche_Kleinhoflein-Eisenstadt_Burgenland.html, /Attractions-g190412-Activities-Eisenstadt_Burgenland.html
Pestsäule, 3.5, Sights & Landmarks, /Attraction_Review-g190412-d12528859-Reviews-Pestsaule-Eisenstadt_Burgenland.html, /Attractions-g190412-Activities-Eisenstadt_Burgenland.html
Weingut Hahnenkamp, 4.0, Food & Drink, /Attraction_Review-g190412-d7682730-Reviews-Weingut_Hahnenkamp-Eisenstadt_Burgenland.html, /Attractions-g190412-Activities-Eisenstadt_Burgenland.html
Jüdischer Friedhof, 3.0, Sights & Landmarks, /Attraction_Review-g190412-d12528861-Reviews-Judischer_Friedhof-Eisenstadt_Burgenland.html, /Attractions-g190412-Activities-Eisenstadt_Burgenland.html
Pongratzhaus, 5.0, Sights & Landmarks, /Attraction_Review-g190412-d12529050-Reviews-Pongratzhaus-Eisenstadt_Burgenland.html, /Attractions-g190412-Activities-Eisenstadt_Burgenland.html
Der Obelisk, 3.0, Sights & Landmarks, /Attraction_Review-g190412-d12529052-Reviews-Der_Obelisk-Eisenstadt_Burgenland.html, /Attractions-g190412-Activities-Eisenstadt_Burgenland.html
Weingut Tinhof, 2.0, Food & Drink, /Attraction_Review-g190412-d7682729-Reviews-Weingut_Tinhof-Eisenstadt_Burgenland.html, /Attractions-g190412-Activities-Eisenstadt_Burgenland.html
Franz List Denkmal, 4.0, Sights & Landmarks, /Attraction_Review-g190412-d12528858-Reviews-Franz_List_Denkmal-Eisenstadt_Burgenland.html, /Attractions-g190412-Activities-Eisenstadt_Burgenland.html
Weingut Kaiser Magdalenenhof, None, Food & Drink, /Attraction_Review-g190412-d20379926-Reviews-Weingut_Kaiser_Magdalenenhof-Eisenstadt_Burgenland.html, /Attractions-g190412-Activities-Eisenstadt_Burgenland.html
Gloriette, None, Sights & Landmarks, /Attraction_Review-g190412-d12537348-Reviews-Gloriette-Eisenstadt_Burgenland.html, /Attractions-g190412-Activities-Eisenstadt_Burgenland.html
Freibad im Schlosspark, None, Fun & Games, /Attraction_Review-g190412-d12533626-Reviews-Freibad_im_Schlosspark-Eisenstadt_Burgenland.html, /Attractions-g190412-Activities-Eisenstadt_Burgenland.html
Diözesanmuseum Eisenstadt, None, Museums, /Attraction_Review-g190412-d12528831-Reviews-Diozesanmuseum_Eisenstadt-Eisenstadt_Burgenland.html, /Attractions-g190412-Activities-Eisenstadt_Burgenland.html
Galerie am Oberberg, None, Museums, /Attraction_Review-g190412-d12528830-Reviews-Galerie_am_Oberberg-Eisenstadt_Burgenland.html, /Attractions-g190412-Activities-Eisenstadt_Burgenland.html
Feuerwehrmuseum Eisenstadt, None, Museums, /Attraction_Review-g190412-d12528833-Reviews-Feuerwehrmuseum_Eisenstadt-Eisenstadt_Burgenland.html, /Attractions-g190412-Activities-Eisenstadt_Burgenland.html
Dommuseum, None, Museums, /Attraction_Review-g190412-d12528919-Reviews-Dommuseum-Eisenstadt_Burgenland.html, /Attractions-g190412-Activities-Eisenstadt_Burgenland.html
Pfarrkirche St. Georgen, None, Sights & Landmarks, /Attraction_Review-g190412-d12528918-Reviews-Pfarrkirche_St_Georgen-Eisenstadt_Burgenland.html, /Attractions-g190412-Activities-Eisenstadt_Burgenland.html
