attraction_name, attraction_rate, attraction_type, attraction_url, attraction_parent_url
SkiWelt Wilder Kaiser - Brixental, 4.5, Nature & Parks, /Attraction_Review-g608680-d4757834-Reviews-SkiWelt_Wilder_Kaiser_Brixental-Soll_Tirol_Austrian_Alps.html, /Attractions-g608680-Activities-Soll_Tirol_Austrian_Alps.html
Hexenwasser, 4.5, Museums, /Attraction_Review-g608680-d2025920-Reviews-Hexenwasser-Soll_Tirol_Austrian_Alps.html, /Attractions-g608680-Activities-Soll_Tirol_Austrian_Alps.html
Soll, 4.5, None, /Attraction_Review-g608680-d1986575-Reviews-Soll-Soll_Tirol_Austrian_Alps.html, /Attractions-g608680-Activities-Soll_Tirol_Austrian_Alps.html
Ahornsee, 4.5, Nature & Parks, /Attraction_Review-g608680-d12863980-Reviews-Ahornsee-Soll_Tirol_Austrian_Alps.html, /Attractions-g608680-Activities-Soll_Tirol_Austrian_Alps.html
Nachtski Soell, 4.5, Nature & Parks, /Attraction_Review-g608680-d3629313-Reviews-Nachtski_Soell-Soll_Tirol_Austrian_Alps.html, /Attractions-g608680-Activities-Soll_Tirol_Austrian_Alps.html
Skischule Snowboard Soell Hochsoell, 5.0, Classes & Workshops, /Attraction_Review-g608680-d16662279-Reviews-Skischule_Snowboard_Soell_Hochsoell-Soll_Tirol_Austrian_Alps.html, /Attractions-g608680-Activities-Soll_Tirol_Austrian_Alps.html
Pfarramt Söll, 5.0, Sights & Landmarks, /Attraction_Review-g608680-d11866514-Reviews-Pfarramt_Soll-Soll_Tirol_Austrian_Alps.html, /Attractions-g608680-Activities-Soll_Tirol_Austrian_Alps.html
Kleiner Pölven, 4.0, Nature & Parks, /Attraction_Review-g608680-d9752209-Reviews-Kleiner_Polven-Soll_Tirol_Austrian_Alps.html, /Attractions-g608680-Activities-Soll_Tirol_Austrian_Alps.html
Skisportschule Mountainmind, 5.0, Nature & Parks, /Attraction_Review-g608680-d13511080-Reviews-Skisportschule_Mountainmind-Soll_Tirol_Austrian_Alps.html, /Attractions-g608680-Activities-Soll_Tirol_Austrian_Alps.html
Rodelverleih Hohe Salve, 4.0, Outdoor Activities, /Attraction_Review-g608680-d4234338-Reviews-Rodelverleih_Hohe_Salve-Soll_Tirol_Austrian_Alps.html, /Attractions-g608680-Activities-Soll_Tirol_Austrian_Alps.html
Whiskymühle, 4.5, Nightlife, /Attraction_Review-g608680-d11965453-Reviews-Whiskymuhle-Soll_Tirol_Austrian_Alps.html, /Attractions-g608680-Activities-Soll_Tirol_Austrian_Alps.html
SkiCenter Stoll, 4.5, Outdoor Activities, /Attraction_Review-g608680-d12201097-Reviews-SkiCenter_Stoll-Soll_Tirol_Austrian_Alps.html, /Attractions-g608680-Activities-Soll_Tirol_Austrian_Alps.html
The JamJar, 4.0, Nightlife, /Attraction_Review-g608680-d15856302-Reviews-The_JamJar-Soll_Tirol_Austrian_Alps.html, /Attractions-g608680-Activities-Soll_Tirol_Austrian_Alps.html
boardbetter, None, Classes & Workshops, /Attraction_Review-g608680-d19808937-Reviews-Boardbetter-Soll_Tirol_Austrian_Alps.html, /Attractions-g608680-Activities-Soll_Tirol_Austrian_Alps.html
