attraction_name, attraction_rate, attraction_type, attraction_url, attraction_parent_url
Kristbergbahn, 4.0, Transportation, /Attraction_Review-g2276793-d12859921-Reviews-Kristbergbahn-Silbertal_Vorarlberg_Austrian_Alps.html, /Attractions-g2276793-Activities-Silbertal_Vorarlberg_Austrian_Alps.html
St. Agatha Kapelle am Kristberg, 4.5, Sights & Landmarks, /Attraction_Review-g2276793-d8434000-Reviews-St_Agatha_Kapelle_am_Kristberg-Silbertal_Vorarlberg_Austrian_Alps.html, /Attractions-g2276793-Activities-Silbertal_Vorarlberg_Austrian_Alps.html
Montafoner Bergbaumuseum, 4.5, Museums, /Attraction_Review-g2276793-d12572670-Reviews-Montafoner_Bergbaumuseum-Silbertal_Vorarlberg_Austrian_Alps.html, /Attractions-g2276793-Activities-Silbertal_Vorarlberg_Austrian_Alps.html
Montafoner Sagenspiele, 4.5, Concerts & Shows, /Attraction_Review-g2276793-d4444219-Reviews-Montafoner_Sagenspiele-Silbertal_Vorarlberg_Austrian_Alps.html, /Attractions-g2276793-Activities-Silbertal_Vorarlberg_Austrian_Alps.html
