attraction_name, attraction_rate, attraction_type, attraction_url, attraction_parent_url
Das Frohn Kirchl, 5.0, Sights & Landmarks, /Attraction_Review-g10381992-d12421603-Reviews-Das_Frohn_Kirchl-St_Lorenzen_im_Lesachtal_Carinthia_Austrian_Alps.html, /Attractions-g10381992-Activities-St_Lorenzen_im_Lesachtal_Carinthia_Austrian_Alps.html
Kath. Filialkirche hl. Radegund in Wiesen, 5.0, Sights & Landmarks, /Attraction_Review-g10381992-d21199607-Reviews-Kath_Filialkirche_hl_Radegund_in_Wiesen-St_Lorenzen_im_Lesachtal_Carinthia_Aus.html, /Attractions-g10381992-Activities-St_Lorenzen_im_Lesachtal_Carinthia_Austrian_Alps.html
Kirche St. Lorenzen Im Lesachtal, 4.0, Sights & Landmarks, /Attraction_Review-g10381992-d21201030-Reviews-Kirche_St_Lorenzen_Im_Lesachtal-St_Lorenzen_im_Lesachtal_Carinthia_Austrian_Al.html, /Attractions-g10381992-Activities-St_Lorenzen_im_Lesachtal_Carinthia_Austrian_Alps.html
Kraftquelle Radegund, 1.0, Sights & Landmarks, /Attraction_Review-g10381992-d21199559-Reviews-Kraftquelle_Radegund-St_Lorenzen_im_Lesachtal_Carinthia_Austrian_Alps.html, /Attractions-g10381992-Activities-St_Lorenzen_im_Lesachtal_Carinthia_Austrian_Alps.html
Mega Dive Lesachtal, None, Fun & Games, /Attraction_Review-g10381992-d21199560-Reviews-Mega_Dive_Lesachtal-St_Lorenzen_im_Lesachtal_Carinthia_Austrian_Alps.html, /Attractions-g10381992-Activities-St_Lorenzen_im_Lesachtal_Carinthia_Austrian_Alps.html
Filialkirche Obergail, None, Sights & Landmarks, /Attraction_Review-g10381992-d21199575-Reviews-Filialkirche_Obergail-St_Lorenzen_im_Lesachtal_Carinthia_Austrian_Alps.html, /Attractions-g10381992-Activities-St_Lorenzen_im_Lesachtal_Carinthia_Austrian_Alps.html
Pfarrkirche Liesing (hl. Nikolaus), None, Sights & Landmarks, /Attraction_Review-g10381992-d21199587-Reviews-Pfarrkirche_Liesing_hl_Nikolaus-St_Lorenzen_im_Lesachtal_Carinthia_Austrian_Al.html, /Attractions-g10381992-Activities-St_Lorenzen_im_Lesachtal_Carinthia_Austrian_Alps.html
Kapelle Hl. Dreifaltigkeit, None, Sights & Landmarks, /Attraction_Review-g10381992-d21199586-Reviews-Kapelle_Hl_Dreifaltigkeit-St_Lorenzen_im_Lesachtal_Carinthia_Austrian_Alps.html, /Attractions-g10381992-Activities-St_Lorenzen_im_Lesachtal_Carinthia_Austrian_Alps.html
Schustermuseum - Lesachtal, None, Museums, /Attraction_Review-g10381992-d21199530-Reviews-Schustermuseum_Lesachtal-St_Lorenzen_im_Lesachtal_Carinthia_Austrian_Alps.html, /Attractions-g10381992-Activities-St_Lorenzen_im_Lesachtal_Carinthia_Austrian_Alps.html
Lumkofel, None, Nature & Parks, /Attraction_Review-g10381992-d15027713-Reviews-Lumkofel-St_Lorenzen_im_Lesachtal_Carinthia_Austrian_Alps.html, /Attractions-g10381992-Activities-St_Lorenzen_im_Lesachtal_Carinthia_Austrian_Alps.html
Riebenkofel (2.386 m), None, Nature & Parks, /Attraction_Review-g10381992-d15027719-Reviews-Riebenkofel_2_386_m-St_Lorenzen_im_Lesachtal_Carinthia_Austrian_Alps.html, /Attractions-g10381992-Activities-St_Lorenzen_im_Lesachtal_Carinthia_Austrian_Alps.html
