attraction_name, attraction_rate, attraction_type, attraction_url, attraction_parent_url
KZ-Gedenkstätte Mauthausen, 4.5, Museums, /Attraction_Review-g1136481-d282363-Reviews-KZ_Gedenkstatte_Mauthausen-Mauthausen_Upper_Austria.html, /Attractions-g1136481-Activities-Mauthausen_Upper_Austria.html
Soldatenfriedhof Mauthausen, 4.5, Sights & Landmarks, /Attraction_Review-g1136481-d10416546-Reviews-Soldatenfriedhof_Mauthausen-Mauthausen_Upper_Austria.html, /Attractions-g1136481-Activities-Mauthausen_Upper_Austria.html
Marbacher Linde, 5.0, Nature & Parks, /Attraction_Review-g1136481-d8527296-Reviews-Marbacher_Linde-Mauthausen_Upper_Austria.html, /Attractions-g1136481-Activities-Mauthausen_Upper_Austria.html
Die Pfarrkirche St. Nikolaus zu Mauthausen, 4.5, Sights & Landmarks, /Attraction_Review-g1136481-d10459100-Reviews-Die_Pfarrkirche_St_Nikolaus_zu_Mauthausen-Mauthausen_Upper_Austria.html, /Attractions-g1136481-Activities-Mauthausen_Upper_Austria.html
Heindlkai, 5.0, Sights & Landmarks, /Attraction_Review-g1136481-d12607325-Reviews-Heindlkai-Mauthausen_Upper_Austria.html, /Attractions-g1136481-Activities-Mauthausen_Upper_Austria.html
Das Apothekenmuseum Mauthausen, 4.5, Museums, /Attraction_Review-g1136481-d10459123-Reviews-Das_Apothekenmuseum_Mauthausen-Mauthausen_Upper_Austria.html, /Attractions-g1136481-Activities-Mauthausen_Upper_Austria.html
Heinrichskirche, 4.0, Sights & Landmarks, /Attraction_Review-g1136481-d10459063-Reviews-Heinrichskirche-Mauthausen_Upper_Austria.html, /Attractions-g1136481-Activities-Mauthausen_Upper_Austria.html
Marktgemeinde Mauthausen, 3.0, Sights & Landmarks, /Attraction_Review-g1136481-d10459090-Reviews-Marktgemeinde_Mauthausen-Mauthausen_Upper_Austria.html, /Attractions-g1136481-Activities-Mauthausen_Upper_Austria.html
Donaupark, 4.5, Shopping, /Attraction_Review-g1136481-d7145878-Reviews-Donaupark-Mauthausen_Upper_Austria.html, /Attractions-g1136481-Activities-Mauthausen_Upper_Austria.html
