attraction_name, attraction_rate, attraction_type, attraction_url, attraction_parent_url
The Liechtenstein Garden Palace, 4.5, Museums, /Attraction_Review-g190454-d7312845-Reviews-The_Liechtenstein_Garden_Palace-Vienna.html, /Attractions-g190454-Activities-Vienna.html
Chapel of St. Virgil, 4.5, Sights & Landmarks, /Attraction_Review-g190454-d10352464-Reviews-Chapel_of_St_Virgil-Vienna.html, /Attractions-g190454-Activities-Vienna.html
Vienna's English Theatre, 4.5, Concerts & Shows, /Attraction_Review-g190454-d245638-Reviews-Vienna_s_English_Theatre-Vienna.html, /Attractions-g190454-Activities-Vienna.html
Villon Wine Cellars, 4.0, Food & Drink, /Attraction_Review-g190454-d2239216-Reviews-Villon_Wine_Cellars-Vienna.html, /Attractions-g190454-Activities-Vienna.html
Ephesos Museum, 4.0, Museums, /Attraction_Review-g190454-d245704-Reviews-Ephesos_Museum-Vienna.html, /Attractions-g190454-Activities-Vienna.html
Die Burgkapelle (Home of the Vienna Boys' Choir), 4.0, Sights & Landmarks, /Attraction_Review-g190454-d319287-Reviews-Die_Burgkapelle_Home_of_the_Vienna_Boys_Choir-Vienna.html, /Attractions-g190454-Activities-Vienna.html
Liliputbahn, 4.0, Tours, /Attraction_Review-g190454-d7950768-Reviews-Liliputbahn-Vienna.html, /Attractions-g190454-Activities-Vienna.html
Falschermuseum Museum of Art Fakes, 4.0, Museums, /Attraction_Review-g190454-d7003062-Reviews-Falschermuseum_Museum_of_Art_Fakes-Vienna.html, /Attractions-g190454-Activities-Vienna.html
Kurpark Oberlaa, 4.5, Nature & Parks, /Attraction_Review-g190454-d7597926-Reviews-Kurpark_Oberlaa-Vienna.html, /Attractions-g190454-Activities-Vienna.html
Malteserkirche, 4.0, Sights & Landmarks, /Attraction_Review-g190454-d3165399-Reviews-Malteserkirche-Vienna.html, /Attractions-g190454-Activities-Vienna.html
Theatermuseum, 3.5, Museums, /Attraction_Review-g190454-d194016-Reviews-Theatermuseum-Vienna.html, /Attractions-g190454-Activities-Vienna.html
Palais Equitable, 4.5, Sights & Landmarks, /Attraction_Review-g190454-d8592147-Reviews-Palais_Equitable-Vienna.html, /Attractions-g190454-Activities-Vienna.html
WestLicht. Museum for Photography, 4.5, Museums, /Attraction_Review-g190454-d1068833-Reviews-WestLicht_Museum_for_Photography-Vienna.html, /Attractions-g190454-Activities-Vienna.html
Federal Pathologic-Anatomical Museum, 4.0, Museums, /Attraction_Review-g190454-d3475864-Reviews-Federal_Pathologic_Anatomical_Museum-Vienna.html, /Attractions-g190454-Activities-Vienna.html
Donner Brunnen, 4.0, Sights & Landmarks, /Attraction_Review-g190454-d245766-Reviews-Donner_Brunnen-Vienna.html, /Attractions-g190454-Activities-Vienna.html
Prinz Eugen Statue, 4.0, Sights & Landmarks, /Attraction_Review-g190454-d13219834-Reviews-Prinz_Eugen_Statue-Vienna.html, /Attractions-g190454-Activities-Vienna.html
Burg Leopoldsberg, 4.0, Sights & Landmarks, /Attraction_Review-g190454-d7203873-Reviews-Burg_Leopoldsberg-Vienna.html, /Attractions-g190454-Activities-Vienna.html
Mariahilfer Kirche, 4.0, Sights & Landmarks, /Attraction_Review-g190454-d9876968-Reviews-Mariahilfer_Kirche-Vienna.html, /Attractions-g190454-Activities-Vienna.html
Haydnhaus, 4.5, Sights & Landmarks, /Attraction_Review-g190454-d319277-Reviews-Haydnhaus-Vienna.html, /Attractions-g190454-Activities-Vienna.html
Collection of Old Musical Instruments, 4.5, Museums, /Attraction_Review-g190454-d246450-Reviews-Collection_of_Old_Musical_Instruments-Vienna.html, /Attractions-g190454-Activities-Vienna.html
Vermahlungsbrunnen (Marriage Fountain), 4.0, Sights & Landmarks, /Attraction_Review-g190454-d592603-Reviews-Vermahlungsbrunnen_Marriage_Fountain-Vienna.html, /Attractions-g190454-Activities-Vienna.html
Pötzleinsdorfer Schlosspark, 4.5, Nature & Parks, /Attraction_Review-g190454-d4503034-Reviews-Potzleinsdorfer_Schlosspark-Vienna.html, /Attractions-g190454-Activities-Vienna.html
Palais Ephrussi, 4.0, Sights & Landmarks, /Attraction_Review-g190454-d10593658-Reviews-Palais_Ephrussi-Vienna.html, /Attractions-g190454-Activities-Vienna.html
Hofmusikkapelle, 4.0, Museums, /Attraction_Review-g190454-d2201647-Reviews-Hofmusikkapelle-Vienna.html, /Attractions-g190454-Activities-Vienna.html
Schubert Statue, 4.0, Sights & Landmarks, /Attraction_Review-g190454-d194156-Reviews-Schubert_Statue-Vienna.html, /Attractions-g190454-Activities-Vienna.html
Friedhof der Namenlosen, 4.5, Sights & Landmarks, /Attraction_Review-g190454-d240963-Reviews-Friedhof_der_Namenlosen-Vienna.html, /Attractions-g190454-Activities-Vienna.html
Erzherzog Karl Denkmal, 4.0, Sights & Landmarks, /Attraction_Review-g190454-d11739381-Reviews-Erzherzog_Karl_Denkmal-Vienna.html, /Attractions-g190454-Activities-Vienna.html
Tourist Info Wien, 3.5, Traveller Resources, /Attraction_Review-g190454-d8593515-Reviews-Tourist_Info_Wien-Vienna.html, /Attractions-g190454-Activities-Vienna.html
Monument to Johann Andreas Von Liebenberg, 4.0, Sights & Landmarks, /Attraction_Review-g190454-d6961078-Reviews-Monument_to_Johann_Andreas_Von_Liebenberg-Vienna.html, /Attractions-g190454-Activities-Vienna.html
Belvedere 21, 3.5, Museums, /Attraction_Review-g190454-d2485728-Reviews-Belvedere_21-Vienna.html, /Attractions-g190454-Activities-Vienna.html
