attraction_name, attraction_rate, attraction_type, attraction_url, attraction_parent_url
Schloss Kollegg im Lavanttal, None, Sights & Landmarks, /Attraction_Review-g1194189-d13998975-Reviews-Schloss_Kollegg_im_Lavanttal-St_Andra_Carinthia_Austrian_Alps.html, /Attractions-g1194189-Activities-St_Andra_Carinthia_Austrian_Alps.html
Kath. Pfarrkirche hl. Andreas - Domkirche, None, Sights & Landmarks, /Attraction_Review-g1194189-d13998963-Reviews-Kath_Pfarrkirche_hl_Andreas_Domkirche-St_Andra_Carinthia_Austrian_Alps.html, /Attractions-g1194189-Activities-St_Andra_Carinthia_Austrian_Alps.html
Stadtbücherei - Stadtgemeinde St. Andrä, None, Traveller Resources, /Attraction_Review-g1194189-d13998973-Reviews-Stadtbucherei_Stadtgemeinde_St_Andra-St_Andra_Carinthia_Austrian_Alps.html, /Attractions-g1194189-Activities-St_Andra_Carinthia_Austrian_Alps.html
Pfarrkirche Maria Rojach, None, Sights & Landmarks, /Attraction_Review-g1194189-d13998976-Reviews-Pfarrkirche_Maria_Rojach-St_Andra_Carinthia_Austrian_Alps.html, /Attractions-g1194189-Activities-St_Andra_Carinthia_Austrian_Alps.html
Basilika Maria Loreto, None, Sights & Landmarks, /Attraction_Review-g1194189-d14004831-Reviews-Basilika_Maria_Loreto-St_Andra_Carinthia_Austrian_Alps.html, /Attractions-g1194189-Activities-St_Andra_Carinthia_Austrian_Alps.html
Großer Speikkogel, None, Nature & Parks, /Attraction_Review-g1194189-d13998984-Reviews-Grosser_Speikkogel-St_Andra_Carinthia_Austrian_Alps.html, /Attractions-g1194189-Activities-St_Andra_Carinthia_Austrian_Alps.html
Tourismusinformation der Stadtgemeinde St. Andrä, None, Traveller Resources, /Attraction_Review-g1194189-d14008251-Reviews-Tourismusinformation_der_Stadtgemeinde_St_Andra-St_Andra_Carinthia_Austrian_Alp.html, /Attractions-g1194189-Activities-St_Andra_Carinthia_Austrian_Alps.html
