attraction_name, attraction_rate, attraction_type, attraction_url, attraction_parent_url
Weingut Graf, 5.0, Food & Drink, /Attraction_Review-g7208283-d7810082-Reviews-Weingut_Graf-Tattendorf_Lower_Austria.html, /Attractions-g7208283-Activities-Tattendorf_Lower_Austria.html
Weingut Johannishof Reinisch, 4.5, Food & Drink, /Attraction_Review-g7208283-d7810078-Reviews-Weingut_Johannishof_Reinisch-Tattendorf_Lower_Austria.html, /Attractions-g7208283-Activities-Tattendorf_Lower_Austria.html
Weingut Schneider, 5.0, Food & Drink, /Attraction_Review-g7208283-d7810081-Reviews-Weingut_Schneider-Tattendorf_Lower_Austria.html, /Attractions-g7208283-Activities-Tattendorf_Lower_Austria.html
Weingut Alfred Reinisch, 4.0, Food & Drink, /Attraction_Review-g7208283-d7810071-Reviews-Weingut_Alfred_Reinisch-Tattendorf_Lower_Austria.html, /Attractions-g7208283-Activities-Tattendorf_Lower_Austria.html
Kletterpark Tattendorf, 5.0, Outdoor Activities, /Attraction_Review-g7208283-d7203400-Reviews-Kletterpark_Tattendorf-Tattendorf_Lower_Austria.html, /Attractions-g7208283-Activities-Tattendorf_Lower_Austria.html
Weingut Auer, None, Nightlife, /Attraction_Review-g7208283-d21283400-Reviews-Weingut_Auer-Tattendorf_Lower_Austria.html, /Attractions-g7208283-Activities-Tattendorf_Lower_Austria.html
Heimatmuseum Teesdorf, None, Museums, /Attraction_Review-g7208283-d7890798-Reviews-Heimatmuseum_Teesdorf-Tattendorf_Lower_Austria.html, /Attractions-g7208283-Activities-Tattendorf_Lower_Austria.html
Weingut Johann Gisperg, None, Food & Drink, /Attraction_Review-g7208283-d7890823-Reviews-Weingut_Johann_Gisperg-Tattendorf_Lower_Austria.html, /Attractions-g7208283-Activities-Tattendorf_Lower_Austria.html
