attraction_name, attraction_rate, attraction_type, attraction_url, attraction_parent_url
Pfarrkirche St. Jakob und St. Leonhard, 4.5, Sights & Landmarks, /Attraction_Review-g662666-d17791317-Reviews-Pfarrkirche_St_Jakob_und_St_Leonhard-Hopfgarten_im_Brixental_Tirol_Austrian_Alps.html, /Attractions-g662666-Activities-Hopfgarten_im_Brixental_Tirol_Austrian_Alps.html
Hohe Salve, 4.5, Outdoor Activities, /Attraction_Review-g662666-d5571389-Reviews-Hohe_Salve-Hopfgarten_im_Brixental_Tirol_Austrian_Alps.html, /Attractions-g662666-Activities-Hopfgarten_im_Brixental_Tirol_Austrian_Alps.html
Freizeitanlage Salvenaland Hopfgarten, 4.5, Fun & Games, /Attraction_Review-g662666-d2303085-Reviews-Freizeitanlage_Salvenaland_Hopfgarten-Hopfgarten_im_Brixental_Tirol_Austrian_Alps.html, /Attractions-g662666-Activities-Hopfgarten_im_Brixental_Tirol_Austrian_Alps.html
Berg &amp; Radl, 5.0, Outdoor Activities, /Attraction_Review-g662666-d14210093-Reviews-Berg_Radl-Hopfgarten_im_Brixental_Tirol_Austrian_Alps.html, /Attractions-g662666-Activities-Hopfgarten_im_Brixental_Tirol_Austrian_Alps.html
Philipp Zellner, 5.0, Boat Tours & Water Sports, /Attraction_Review-g662666-d17884567-Reviews-Philipp_Zellner-Hopfgarten_im_Brixental_Tirol_Austrian_Alps.html, /Attractions-g662666-Activities-Hopfgarten_im_Brixental_Tirol_Austrian_Alps.html
Kirchenruine Hörbrunn, None, Sights & Landmarks, /Attraction_Review-g662666-d20363570-Reviews-Kirchenruine_Horbrunn-Hopfgarten_im_Brixental_Tirol_Austrian_Alps.html, /Attractions-g662666-Activities-Hopfgarten_im_Brixental_Tirol_Austrian_Alps.html
Burgruine Engelsberg -- Elsbethen, None, Sights & Landmarks, /Attraction_Review-g662666-d20363572-Reviews-Burgruine_Engelsberg_Elsbethen-Hopfgarten_im_Brixental_Tirol_Austrian_Alps.html, /Attractions-g662666-Activities-Hopfgarten_im_Brixental_Tirol_Austrian_Alps.html
Stegner-Brücke, None, Sights & Landmarks, /Attraction_Review-g662666-d20363571-Reviews-Stegner_Brucke-Hopfgarten_im_Brixental_Tirol_Austrian_Alps.html, /Attractions-g662666-Activities-Hopfgarten_im_Brixental_Tirol_Austrian_Alps.html
Elsbethen-Kapelle, None, Sights & Landmarks, /Attraction_Review-g662666-d20363573-Reviews-Elsbethen_Kapelle-Hopfgarten_im_Brixental_Tirol_Austrian_Alps.html, /Attractions-g662666-Activities-Hopfgarten_im_Brixental_Tirol_Austrian_Alps.html
Kapelle zum Hl. Kreuz in Penningdörfl, None, Sights & Landmarks, /Attraction_Review-g662666-d20363574-Reviews-Kapelle_zum_Hl_Kreuz_in_Penningdorfl-Hopfgarten_im_Brixental_Tirol_Austrian_Alps.html, /Attractions-g662666-Activities-Hopfgarten_im_Brixental_Tirol_Austrian_Alps.html
Contiki Haus Schoneck, None, Tours, /Attraction_Review-g662666-d21371867-Reviews-Contiki_Haus_Schoneck-Hopfgarten_im_Brixental_Tirol_Austrian_Alps.html, /Attractions-g662666-Activities-Hopfgarten_im_Brixental_Tirol_Austrian_Alps.html
