attraction_name, attraction_rate, attraction_type, attraction_url, attraction_parent_url
Tourist Information Notsch in the Gail Valley, 4.0, Traveller Resources, /Attraction_Review-g2013937-d11549772-Reviews-Tourist_Information_Notsch_in_the_Gail_Valley-Noetsch_im_Gailtal_Carinthia_Aust.html, /Attractions-g2013937-Activities-Noetsch_im_Gailtal_Carinthia_Austrian_Alps.html
Pfarrkirche Saak, 4.0, Sights & Landmarks, /Attraction_Review-g2013937-d8738274-Reviews-Pfarrkirche_Saak-Noetsch_im_Gailtal_Carinthia_Austrian_Alps.html, /Attractions-g2013937-Activities-Noetsch_im_Gailtal_Carinthia_Austrian_Alps.html
Rafting Carnica, 4.5, Boat Tours & Water Sports, /Attraction_Review-g2013937-d12878809-Reviews-Rafting_Carnica-Noetsch_im_Gailtal_Carinthia_Austrian_Alps.html, /Attractions-g2013937-Activities-Noetsch_im_Gailtal_Carinthia_Austrian_Alps.html
Museum des Nötscher Kreises, None, Museums, /Attraction_Review-g2013937-d9719319-Reviews-Museum_des_Notscher_Kreises-Noetsch_im_Gailtal_Carinthia_Austrian_Alps.html, /Attractions-g2013937-Activities-Noetsch_im_Gailtal_Carinthia_Austrian_Alps.html
