attraction_name, attraction_rate, attraction_type, attraction_url, attraction_parent_url
Straussenland, 4.5, Zoos & Aquariums, /Attraction_Review-g2017673-d7917447-Reviews-Straussenland-Schoenberg_am_Kamp_Lower_Austria.html, /Attractions-g2017673-Activities-Schoenberg_am_Kamp_Lower_Austria.html
Alte Schmiede, 5.0, Traveller Resources, /Attraction_Review-g2017673-d3183470-Reviews-Alte_Schmiede-Schoenberg_am_Kamp_Lower_Austria.html, /Attractions-g2017673-Activities-Schoenberg_am_Kamp_Lower_Austria.html
Freizeitzentrum Schoenberg, 5.0, Fun & Games, /Attraction_Review-g2017673-d16668419-Reviews-Freizeitzentrum_Schoenberg-Schoenberg_am_Kamp_Lower_Austria.html, /Attractions-g2017673-Activities-Schoenberg_am_Kamp_Lower_Austria.html
Naturpark Kamptal Schönberg, 4.5, Sights & Landmarks, /Attraction_Review-g2017673-d3183435-Reviews-Naturpark_Kamptal_Schonberg-Schoenberg_am_Kamp_Lower_Austria.html, /Attractions-g2017673-Activities-Schoenberg_am_Kamp_Lower_Austria.html
