attraction_name, attraction_rate, attraction_type, attraction_url, attraction_parent_url
Auer von Welsbach Museum, 4.5, Museums, /Attraction_Review-g2205243-d3305550-Reviews-Auer_von_Welsbach_Museum-Althofen_Carinthia_Austrian_Alps.html, /Attractions-g2205243-Activities-Althofen_Carinthia_Austrian_Alps.html
Die Gurkthalbahn, 5.0, Tours, /Attraction_Review-g2205243-d10730921-Reviews-Die_Gurkthalbahn-Althofen_Carinthia_Austrian_Alps.html, /Attractions-g2205243-Activities-Althofen_Carinthia_Austrian_Alps.html
Pfarrkirche Althofen - Hl. Thomas von Canterbury, 3.5, Sights & Landmarks, /Attraction_Review-g2205243-d12111647-Reviews-Pfarrkirche_Althofen_Hl_Thomas_von_Canterbury-Althofen_Carinthia_Austrian_Alps.html, /Attractions-g2205243-Activities-Althofen_Carinthia_Austrian_Alps.html
Befestigung Althofen, 3.5, Sights & Landmarks, /Attraction_Review-g2205243-d12111566-Reviews-Befestigung_Althofen-Althofen_Carinthia_Austrian_Alps.html, /Attractions-g2205243-Activities-Althofen_Carinthia_Austrian_Alps.html
