attraction_name, attraction_rate, attraction_type, attraction_url, attraction_parent_url
Wehturm Palterndorf, 5.0, Sights & Landmarks, /Attraction_Review-g2220864-d3460356-Reviews-Wehturm_Palterndorf-Ganserndorf_Lower_Austria.html, /Attractions-g2220864-Activities-Ganserndorf_Lower_Austria.html
Erlebnispark, 4.0, Tours, /Attraction_Review-g2220864-d2269165-Reviews-Erlebnispark-Ganserndorf_Lower_Austria.html, /Attractions-g2220864-Activities-Ganserndorf_Lower_Austria.html
Freibad Neusiedl an der Zaya, 5.0, Boat Tours & Water Sports, /Attraction_Review-g2220864-d3349759-Reviews-Freibad_Neusiedl_an_der_Zaya-Ganserndorf_Lower_Austria.html, /Attractions-g2220864-Activities-Ganserndorf_Lower_Austria.html
Reisegourmet Tours, None, Food & Drink, /Attraction_Review-g2220864-d2041224-Reviews-Reisegourmet_Tours-Ganserndorf_Lower_Austria.html, /Attractions-g2220864-Activities-Ganserndorf_Lower_Austria.html
Beauty &amp; Spa Lounge, None, Spas & Wellness, /Attraction_Review-g2220864-d3735523-Reviews-Beauty_Spa_Lounge-Ganserndorf_Lower_Austria.html, /Attractions-g2220864-Activities-Ganserndorf_Lower_Austria.html
