attraction_name, attraction_rate, attraction_type, attraction_url, attraction_parent_url
Dorfbahn Rosnerkoepfl, 4.5, Transportation, /Attraction_Review-g641740-d12832667-Reviews-Dorfbahn_Rosnerkoepfl-Werfenweng_Austrian_Alps.html, /Attractions-g641740-Activities-Werfenweng_Austrian_Alps.html
IKARUS Hoehenrundweg, 4.5, Nature & Parks, /Attraction_Review-g641740-d12711423-Reviews-IKARUS_Hoehenrundweg-Werfenweng_Austrian_Alps.html, /Attractions-g641740-Activities-Werfenweng_Austrian_Alps.html
Dorfskischule, 3.5, Classes & Workshops, /Attraction_Review-g641740-d16657724-Reviews-Dorfskischule-Werfenweng_Austrian_Alps.html, /Attractions-g641740-Activities-Werfenweng_Austrian_Alps.html
Skischule Pro &amp; Bobo Kinderclub, 1.0, Classes & Workshops, /Attraction_Review-g641740-d13449522-Reviews-Skischule_Pro_Bobo_Kinderclub-Werfenweng_Austrian_Alps.html, /Attractions-g641740-Activities-Werfenweng_Austrian_Alps.html
FlyTandem Paragliding, 5.0, Boat Tours & Water Sports, /Attraction_Review-g641740-d4023826-Reviews-FlyTandem_Paragliding-Werfenweng_Austrian_Alps.html, /Attractions-g641740-Activities-Werfenweng_Austrian_Alps.html
Flight School  Austriafly, 5.0, Boat Tours & Water Sports, /Attraction_Review-g641740-d10051351-Reviews-Flight_School_Austriafly-Werfenweng_Austrian_Alps.html, /Attractions-g641740-Activities-Werfenweng_Austrian_Alps.html
Marienwallfahrtskirche, None, Sights & Landmarks, /Attraction_Review-g641740-d21014254-Reviews-Marienwallfahrtskirche-Werfenweng_Austrian_Alps.html, /Attractions-g641740-Activities-Werfenweng_Austrian_Alps.html
