attraction_name, attraction_rate, attraction_type, attraction_url, attraction_parent_url
Teufelsgasse, 5.0, Nature & Parks, /Attraction_Review-g811451-d15061292-Reviews-Teufelsgasse-Kirchdorf_in_Tirol_Tirol_Austrian_Alps.html, /Attractions-g811451-Activities-Kirchdorf_in_Tirol_Tirol_Austrian_Alps.html
Tiroler Schaukäserei Wilder Käser, 4.5, Shopping, /Attraction_Review-g811451-d8649377-Reviews-Tiroler_Schaukaserei_Wilder_Kaser-Kirchdorf_in_Tirol_Tirol_Austrian_Alps.html, /Attractions-g811451-Activities-Kirchdorf_in_Tirol_Tirol_Austrian_Alps.html
Skischule Kirchdorf, 4.5, Outdoor Activities, /Attraction_Review-g811451-d7095865-Reviews-Skischule_Kirchdorf-Kirchdorf_in_Tirol_Tirol_Austrian_Alps.html, /Attractions-g811451-Activities-Kirchdorf_in_Tirol_Tirol_Austrian_Alps.html
Kath. Pfarramt, None, Sights & Landmarks, /Attraction_Review-g811451-d21315213-Reviews-Kath_Pfarramt-Kirchdorf_in_Tirol_Tirol_Austrian_Alps.html, /Attractions-g811451-Activities-Kirchdorf_in_Tirol_Tirol_Austrian_Alps.html
Museum im Metzgerhaus, None, Museums, /Attraction_Review-g811451-d15321794-Reviews-Museum_im_Metzgerhaus-Kirchdorf_in_Tirol_Tirol_Austrian_Alps.html, /Attractions-g811451-Activities-Kirchdorf_in_Tirol_Tirol_Austrian_Alps.html
