attraction_name, attraction_rate, attraction_type, attraction_url, attraction_parent_url
Stift Zwettl, 4.5, Sights & Landmarks, /Attraction_Review-g1131937-d4155094-Reviews-Stift_Zwettl-Zwettl_Lower_Austria.html, /Attractions-g1131937-Activities-Zwettl_Lower_Austria.html
Burgruine Lichtenfels, 4.5, Sights & Landmarks, /Attraction_Review-g1131937-d7059622-Reviews-Burgruine_Lichtenfels-Zwettl_Lower_Austria.html, /Attractions-g1131937-Activities-Zwettl_Lower_Austria.html
Schnapsglasmuseum, 5.0, Museums, /Attraction_Review-g1131937-d12378473-Reviews-Schnapsglasmuseum-Zwettl_Lower_Austria.html, /Attractions-g1131937-Activities-Zwettl_Lower_Austria.html
Alpakahof Hahn, 5.0, Sights & Landmarks, /Attraction_Review-g1131937-d16874366-Reviews-Alpakahof_Hahn-Zwettl_Lower_Austria.html, /Attractions-g1131937-Activities-Zwettl_Lower_Austria.html
Privatbrauerei Zwettl, 4.5, Food & Drink, /Attraction_Review-g1131937-d13138960-Reviews-Privatbrauerei_Zwettl-Zwettl_Lower_Austria.html, /Attractions-g1131937-Activities-Zwettl_Lower_Austria.html
Thayaquelle, 4.5, Sights & Landmarks, /Attraction_Review-g1131937-d14863330-Reviews-Thayaquelle-Zwettl_Lower_Austria.html, /Attractions-g1131937-Activities-Zwettl_Lower_Austria.html
Hundertwasserbrunnen, 3.5, Sights & Landmarks, /Attraction_Review-g1131937-d12657084-Reviews-Hundertwasserbrunnen-Zwettl_Lower_Austria.html, /Attractions-g1131937-Activities-Zwettl_Lower_Austria.html
Stadtmuseum Zwettl, 3.5, Museums, /Attraction_Review-g1131937-d6728195-Reviews-Stadtmuseum_Zwettl-Zwettl_Lower_Austria.html, /Attractions-g1131937-Activities-Zwettl_Lower_Austria.html
Sonnentor, 4.5, Classes & Workshops, /Attraction_Review-g1131937-d10723578-Reviews-Sonnentor-Zwettl_Lower_Austria.html, /Attractions-g1131937-Activities-Zwettl_Lower_Austria.html
Stadtpfarrkirche Mariä Himmelfahrt, 5.0, Sights & Landmarks, /Attraction_Review-g1131937-d21305531-Reviews-Stadtpfarrkirche_Maria_Himmelfahrt-Zwettl_Lower_Austria.html, /Attractions-g1131937-Activities-Zwettl_Lower_Austria.html
Dreifaltigkeitssaule, 5.0, Sights & Landmarks, /Attraction_Review-g1131937-d21306823-Reviews-Dreifaltigkeitssaule-Zwettl_Lower_Austria.html, /Attractions-g1131937-Activities-Zwettl_Lower_Austria.html
Stadtbücherei Zwettl, None, Traveller Resources, /Attraction_Review-g1131937-d13088092-Reviews-Stadtbucherei_Zwettl-Zwettl_Lower_Austria.html, /Attractions-g1131937-Activities-Zwettl_Lower_Austria.html
Schulmuseum Edelhof, None, Museums, /Attraction_Review-g1131937-d13088097-Reviews-Schulmuseum_Edelhof-Zwettl_Lower_Austria.html, /Attractions-g1131937-Activities-Zwettl_Lower_Austria.html
Galerie Blaugelbezwettl, None, Museums, /Attraction_Review-g1131937-d13088100-Reviews-Galerie_Blaugelbezwettl-Zwettl_Lower_Austria.html, /Attractions-g1131937-Activities-Zwettl_Lower_Austria.html
