attraction_name, attraction_rate, attraction_type, attraction_url, attraction_parent_url
Achensee, 4.5, Nature & Parks, /Attraction_Review-g658716-d1870156-Reviews-Achensee-Maurach_Eben_am_Achensee_Tirol_Austrian_Alps.html, /Attractions-g2049356-Activities-Eben_am_Achensee_Tirol_Austrian_Alps.html
Vitalberg - Steinöl Museum, 4.0, Museums, /Attraction_Review-g641748-d3885995-Reviews-Vitalberg_Steinol_Museum-Pertisau_Eben_am_Achensee_Tirol_Austrian_Alps.html, /Attractions-g2049356-Activities-Eben_am_Achensee_Tirol_Austrian_Alps.html
Gaisalm, 4.0, Nature & Parks, /Attraction_Review-g641748-d3291086-Reviews-Gaisalm-Pertisau_Eben_am_Achensee_Tirol_Austrian_Alps.html, /Attractions-g2049356-Activities-Eben_am_Achensee_Tirol_Austrian_Alps.html
Dreifaltigkeitskirche Church (Church of the Holy Trinity), 4.5, Sights & Landmarks, /Attraction_Review-g641748-d8532455-Reviews-Dreifaltigkeitskirche_Church_Church_of_the_Holy_Trinity-Pertisau_Eben_am_Achensee.html, /Attractions-g2049356-Activities-Eben_am_Achensee_Tirol_Austrian_Alps.html
Tourismus Informationsbüro Pertisau, 4.0, Traveller Resources, /Attraction_Review-g641748-d8505073-Reviews-Tourismus_Informationsburo_Pertisau-Pertisau_Eben_am_Achensee_Tirol_Austrian_Alps.html, /Attractions-g2049356-Activities-Eben_am_Achensee_Tirol_Austrian_Alps.html
Atoll Achensee, 4.0, Fun & Games, /Attraction_Review-g658716-d15027734-Reviews-Atoll_Achensee-Maurach_Eben_am_Achensee_Tirol_Austrian_Alps.html, /Attractions-g2049356-Activities-Eben_am_Achensee_Tirol_Austrian_Alps.html
Achenseer Museumswelt, 4.5, Museums, /Attraction_Review-g658716-d6690372-Reviews-Achenseer_Museumswelt-Maurach_Eben_am_Achensee_Tirol_Austrian_Alps.html, /Attractions-g2049356-Activities-Eben_am_Achensee_Tirol_Austrian_Alps.html
Eleanor Brent-Dyer Plaque, 4.0, Sights & Landmarks, /Attraction_Review-g641748-d17740360-Reviews-Eleanor_Brent_Dyer_Plaque-Pertisau_Eben_am_Achensee_Tirol_Austrian_Alps.html, /Attractions-g2049356-Activities-Eben_am_Achensee_Tirol_Austrian_Alps.html
Pfarre St Notburga in Eben Und Notburga Museum, 4.5, Sights & Landmarks, /Attraction_Review-g2049356-d8596432-Reviews-Pfarre_St_Notburga_in_Eben_Und_Notburga_Museum-Eben_am_Achensee_Tirol_Austrian_A.html, /Attractions-g2049356-Activities-Eben_am_Achensee_Tirol_Austrian_Alps.html
Gleitschirmschule Achensee, 5.0, Boat Tours & Water Sports, /Attraction_Review-g641748-d15605634-Reviews-Gleitschirmschule_Achensee-Pertisau_Eben_am_Achensee_Tirol_Austrian_Alps.html, /Attractions-g2049356-Activities-Eben_am_Achensee_Tirol_Austrian_Alps.html
Alpinsport Achensee, 5.0, Boat Tours & Water Sports, /Attraction_Review-g641748-d10955338-Reviews-Alpinsport_Achensee-Pertisau_Eben_am_Achensee_Tirol_Austrian_Alps.html, /Attractions-g2049356-Activities-Eben_am_Achensee_Tirol_Austrian_Alps.html
Rofanseilbahn, 4.5, Outdoor Activities, /Attraction_Review-g658716-d7186274-Reviews-Rofanseilbahn-Maurach_Eben_am_Achensee_Tirol_Austrian_Alps.html, /Attractions-g2049356-Activities-Eben_am_Achensee_Tirol_Austrian_Alps.html
Karwendel Bergbahn, 4.0, Outdoor Activities, /Attraction_Review-g641748-d6780987-Reviews-Karwendel_Bergbahn-Pertisau_Eben_am_Achensee_Tirol_Austrian_Alps.html, /Attractions-g2049356-Activities-Eben_am_Achensee_Tirol_Austrian_Alps.html
Achenseeschiffahrt, 4.0, Transportation, /Attraction_Review-g641748-d11707926-Reviews-Achenseeschiffahrt-Pertisau_Eben_am_Achensee_Tirol_Austrian_Alps.html, /Attractions-g2049356-Activities-Eben_am_Achensee_Tirol_Austrian_Alps.html
Tirol Schiffahrt, 4.5, Boat Tours & Water Sports, /Attraction_Review-g658716-d3679945-Reviews-Tirol_Schiffahrt-Maurach_Eben_am_Achensee_Tirol_Austrian_Alps.html, /Attractions-g2049356-Activities-Eben_am_Achensee_Tirol_Austrian_Alps.html
Rofan Seilbahn, 4.0, Transportation, /Attraction_Review-g658716-d2357561-Reviews-Rofan_Seilbahn-Maurach_Eben_am_Achensee_Tirol_Austrian_Alps.html, /Attractions-g2049356-Activities-Eben_am_Achensee_Tirol_Austrian_Alps.html
Tandemfliegen Fly Achensee, 5.0, Boat Tours & Water Sports, /Attraction_Review-g658716-d11895515-Reviews-Tandemfliegen_Fly_Achensee-Maurach_Eben_am_Achensee_Tirol_Austrian_Alps.html, /Attractions-g2049356-Activities-Eben_am_Achensee_Tirol_Austrian_Alps.html
Skischule Pertisau, 4.5, Nature & Parks, /Attraction_Review-g641748-d8137805-Reviews-Skischule_Pertisau-Pertisau_Eben_am_Achensee_Tirol_Austrian_Alps.html, /Attractions-g2049356-Activities-Eben_am_Achensee_Tirol_Austrian_Alps.html
Golfclub Achensee, 5.0, Fun & Games, /Attraction_Review-g641748-d15014024-Reviews-Golfclub_Achensee-Pertisau_Eben_am_Achensee_Tirol_Austrian_Alps.html, /Attractions-g2049356-Activities-Eben_am_Achensee_Tirol_Austrian_Alps.html
Bergsport Achensee, 5.0, Outdoor Activities, /Attraction_Review-g2049356-d12216056-Reviews-Bergsport_Achensee-Eben_am_Achensee_Tirol_Austrian_Alps.html, /Attractions-g2049356-Activities-Eben_am_Achensee_Tirol_Austrian_Alps.html
Dalfazer Wasserfall, 5.0, Sights & Landmarks, /Attraction_Review-g658716-d21125795-Reviews-Dalfazer_Wasserfall-Maurach_Eben_am_Achensee_Tirol_Austrian_Alps.html, /Attractions-g2049356-Activities-Eben_am_Achensee_Tirol_Austrian_Alps.html
Sport Leithner Bicycle Rental, 4.5, Outdoor Activities, /Attraction_Review-g641748-d8514147-Reviews-Sport_Leithner_Bicycle_Rental-Pertisau_Eben_am_Achensee_Tirol_Austrian_Alps.html, /Attractions-g2049356-Activities-Eben_am_Achensee_Tirol_Austrian_Alps.html
learn2kite.at, 5.0, Boat Tours & Water Sports, /Attraction_Review-g658716-d14802456-Reviews-Learn2kite_at-Maurach_Eben_am_Achensee_Tirol_Austrian_Alps.html, /Attractions-g2049356-Activities-Eben_am_Achensee_Tirol_Austrian_Alps.html
Hotel der Wiesenhof Wellness &amp; Spa, 5.0, Spas & Wellness, /Attraction_Review-g641748-d15234681-Reviews-Hotel_der_Wiesenhof_Wellness_Spa-Pertisau_Eben_am_Achensee_Tirol_Austrian_Alps.html, /Attractions-g2049356-Activities-Eben_am_Achensee_Tirol_Austrian_Alps.html
Trachten Edelheiss, 4.0, Shopping, /Attraction_Review-g641748-d15324875-Reviews-Trachten_Edelheiss-Pertisau_Eben_am_Achensee_Tirol_Austrian_Alps.html, /Attractions-g2049356-Activities-Eben_am_Achensee_Tirol_Austrian_Alps.html
