attraction_name, attraction_rate, attraction_type, attraction_url, attraction_parent_url
Granatkapelle Am Penken, 4.5, Sights & Landmarks, /Attraction_Review-g793518-d7597812-Reviews-Granatkapelle_Am_Penken-Finkenberg_Tirol_Austrian_Alps.html, /Attractions-g793518-Activities-Finkenberg_Tirol_Austrian_Alps.html
Pepis Kinderland, 5.0, Fun & Games, /Attraction_Review-g793518-d18927078-Reviews-Pepis_Kinderland-Finkenberg_Tirol_Austrian_Alps.html, /Attractions-g793518-Activities-Finkenberg_Tirol_Austrian_Alps.html
Skipower Skischool, 5.0, Outdoor Activities, /Attraction_Review-g793518-d7900971-Reviews-Skipower_Skischool-Finkenberg_Tirol_Austrian_Alps.html, /Attractions-g793518-Activities-Finkenberg_Tirol_Austrian_Alps.html
Berliner Hohenweg, None, Nature & Parks, /Attraction_Review-g793518-d15069384-Reviews-Berliner_Hohenweg-Finkenberg_Tirol_Austrian_Alps.html, /Attractions-g793518-Activities-Finkenberg_Tirol_Austrian_Alps.html
Bikeguide Zillertal, None, Tours, /Attraction_Review-g793518-d17540578-Reviews-Bikeguide_Zillertal-Finkenberg_Tirol_Austrian_Alps.html, /Attractions-g793518-Activities-Finkenberg_Tirol_Austrian_Alps.html
Bikeguide Zillertal, None, Tours, /Attraction_Review-g793518-d17582902-Reviews-Bikeguide_Zillertal-Finkenberg_Tirol_Austrian_Alps.html, /Attractions-g793518-Activities-Finkenberg_Tirol_Austrian_Alps.html
Bikeguide Zillertal, None, Tours, /Attraction_Review-g793518-d17584040-Reviews-Bikeguide_Zillertal-Finkenberg_Tirol_Austrian_Alps.html, /Attractions-g793518-Activities-Finkenberg_Tirol_Austrian_Alps.html
Bikeguide Zillertal, None, Tours, /Attraction_Review-g793518-d17539947-Reviews-Bikeguide_Zillertal-Finkenberg_Tirol_Austrian_Alps.html, /Attractions-g793518-Activities-Finkenberg_Tirol_Austrian_Alps.html
