attraction_name, attraction_rate, attraction_type, attraction_url, attraction_parent_url
Museum Niederoesterreich, 4.5, Museums, /Attraction_Review-g635762-d5566116-Reviews-Museum_Niederoesterreich-Sankt_Polten_Lower_Austria.html, /Attractions-g635762-Activities-Sankt_Polten_Lower_Austria.html
Festspielhaus St. Poelten, 5.0, Sights & Landmarks, /Attraction_Review-g635762-d4583208-Reviews-Festspielhaus_St_Poelten-Sankt_Polten_Lower_Austria.html, /Attractions-g635762-Activities-Sankt_Polten_Lower_Austria.html
Die Kathedralkirche Mariä Himmelfahrt, 4.5, Sights & Landmarks, /Attraction_Review-g635762-d9564204-Reviews-Die_Kathedralkirche_Maria_Himmelfahrt-Sankt_Polten_Lower_Austria.html, /Attractions-g635762-Activities-Sankt_Polten_Lower_Austria.html
Franziskanerkirche Und Franziskanerkloster, 4.0, Sights & Landmarks, /Attraction_Review-g635762-d9528501-Reviews-Franziskanerkirche_Und_Franziskanerkloster-Sankt_Polten_Lower_Austria.html, /Attractions-g635762-Activities-Sankt_Polten_Lower_Austria.html
Der Hammerpark, 5.0, Nature & Parks, /Attraction_Review-g635762-d11913095-Reviews-Der_Hammerpark-Sankt_Polten_Lower_Austria.html, /Attractions-g635762-Activities-Sankt_Polten_Lower_Austria.html
Klangturm St. Pölten, 4.0, Sights & Landmarks, /Attraction_Review-g635762-d9564265-Reviews-Klangturm_St_Polten-Sankt_Polten_Lower_Austria.html, /Attractions-g635762-Activities-Sankt_Polten_Lower_Austria.html
Stadtmuseum St. Pölten, 4.5, Museums, /Attraction_Review-g635762-d8689805-Reviews-Stadtmuseum_St_Polten-Sankt_Polten_Lower_Austria.html, /Attractions-g635762-Activities-Sankt_Polten_Lower_Austria.html
Rathaus, 4.0, Sights & Landmarks, /Attraction_Review-g635762-d9528504-Reviews-Rathaus-Sankt_Polten_Lower_Austria.html, /Attractions-g635762-Activities-Sankt_Polten_Lower_Austria.html
Traisenpark Flohmarkt, 4.0, Shopping, /Attraction_Review-g635762-d10598095-Reviews-Traisenpark_Flohmarkt-Sankt_Polten_Lower_Austria.html, /Attractions-g635762-Activities-Sankt_Polten_Lower_Austria.html
Camptal Gardens in Lower Austria, 4.5, Nature & Parks, /Attraction_Review-g635762-d3172757-Reviews-Camptal_Gardens_in_Lower_Austria-Sankt_Polten_Lower_Austria.html, /Attractions-g635762-Activities-Sankt_Polten_Lower_Austria.html
Diözesanmuseums St. Pölten, 4.5, Museums, /Attraction_Review-g635762-d9528502-Reviews-Diozesanmuseums_St_Polten-Sankt_Polten_Lower_Austria.html, /Attractions-g635762-Activities-Sankt_Polten_Lower_Austria.html
Dreifaltigkeitssäule, 4.0, Sights & Landmarks, /Attraction_Review-g635762-d12528828-Reviews-Dreifaltigkeitssaule-Sankt_Polten_Lower_Austria.html, /Attractions-g635762-Activities-Sankt_Polten_Lower_Austria.html
Herrenplatz, 5.0, Sights & Landmarks, /Attraction_Review-g635762-d11913084-Reviews-Herrenplatz-Sankt_Polten_Lower_Austria.html, /Attractions-g635762-Activities-Sankt_Polten_Lower_Austria.html
VAZ St. Polten, 4.0, Sights & Landmarks, /Attraction_Review-g635762-d14059152-Reviews-VAZ_St_Polten-Sankt_Polten_Lower_Austria.html, /Attractions-g635762-Activities-Sankt_Polten_Lower_Austria.html
Das Wasserschloss - Schloss Pottenbrunn, 4.0, Sights & Landmarks, /Attraction_Review-g635762-d12703851-Reviews-Das_Wasserschloss_Schloss_Pottenbrunn-Sankt_Polten_Lower_Austria.html, /Attractions-g635762-Activities-Sankt_Polten_Lower_Austria.html
Sparkasse Park, 4.5, Nature & Parks, /Attraction_Review-g635762-d11913071-Reviews-Sparkasse_Park-Sankt_Polten_Lower_Austria.html, /Attractions-g635762-Activities-Sankt_Polten_Lower_Austria.html
Prandtauerkirche und Karmeliterhof, 3.5, Sights & Landmarks, /Attraction_Review-g635762-d11913096-Reviews-Prandtauerkirche_und_Karmeliterhof-Sankt_Polten_Lower_Austria.html, /Attractions-g635762-Activities-Sankt_Polten_Lower_Austria.html
St. Pöltens Märkte, 4.0, Food & Drink, /Attraction_Review-g635762-d11913069-Reviews-St_Poltens_Markte-Sankt_Polten_Lower_Austria.html, /Attractions-g635762-Activities-Sankt_Polten_Lower_Austria.html
Riemerplatz, 5.0, Sights & Landmarks, /Attraction_Review-g635762-d11913081-Reviews-Riemerplatz-Sankt_Polten_Lower_Austria.html, /Attractions-g635762-Activities-Sankt_Polten_Lower_Austria.html
Der Stadtwald, 5.0, Nature & Parks, /Attraction_Review-g635762-d11913070-Reviews-Der_Stadtwald-Sankt_Polten_Lower_Austria.html, /Attractions-g635762-Activities-Sankt_Polten_Lower_Austria.html
Bühne im Hof, 4.5, Sights & Landmarks, /Attraction_Review-g635762-d11914526-Reviews-Buhne_im_Hof-Sankt_Polten_Lower_Austria.html, /Attractions-g635762-Activities-Sankt_Polten_Lower_Austria.html
Apotheke zum goldenen Löwen, 5.0, Sights & Landmarks, /Attraction_Review-g635762-d11913076-Reviews-Apotheke_zum_goldenen_Lowen-Sankt_Polten_Lower_Austria.html, /Attractions-g635762-Activities-Sankt_Polten_Lower_Austria.html
Mega Flohmarkt Unterradlberg, 4.0, Shopping, /Attraction_Review-g635762-d10595962-Reviews-Mega_Flohmarkt_Unterradlberg-Sankt_Polten_Lower_Austria.html, /Attractions-g635762-Activities-Sankt_Polten_Lower_Austria.html
Institut Für Jüdische Geschichte Österreichs, 4.0, Museums, /Attraction_Review-g635762-d10520760-Reviews-Institut_Fur_Judische_Geschichte_Osterreichs-Sankt_Polten_Lower_Austria.html, /Attractions-g635762-Activities-Sankt_Polten_Lower_Austria.html
Weingut Markus Huber, None, Food & Drink, /Attraction_Review-g635762-d6536348-Reviews-Weingut_Markus_Huber-Sankt_Polten_Lower_Austria.html, /Attractions-g635762-Activities-Sankt_Polten_Lower_Austria.html
Stadtbücherei St. Pölten&& Zentrale, None, Traveller Resources, /Attraction_Review-g635762-d11913054-Reviews-Stadtbucherei_St_Polten_Zentrale-Sankt_Polten_Lower_Austria.html, /Attractions-g635762-Activities-Sankt_Polten_Lower_Austria.html
Dokumentationsstelle für Literatur in Niederösterreich, None, Traveller Resources, /Attraction_Review-g635762-d11913063-Reviews-Dokumentationsstelle_fur_Literatur_in_Niederosterreich-Sankt_Polten_Lower_Austri.html, /Attractions-g635762-Activities-Sankt_Polten_Lower_Austria.html
Institut der Englischen Fräulein, None, Sights & Landmarks, /Attraction_Review-g635762-d11913086-Reviews-Institut_der_Englischen_Fraulein-Sankt_Polten_Lower_Austria.html, /Attractions-g635762-Activities-Sankt_Polten_Lower_Austria.html
Der Ausstellungsraum des St. Pöltner Künstlerbundes im Löwenhof, None, Museums, /Attraction_Review-g635762-d11913120-Reviews-Der_Ausstellungsraum_des_St_Poltner_Kunstlerbundes_im_Lowenhof-Sankt_Polten_Lowe.html, /Attractions-g635762-Activities-Sankt_Polten_Lower_Austria.html
Galerie Maringer, None, Museums, /Attraction_Review-g635762-d11913118-Reviews-Galerie_Maringer-Sankt_Polten_Lower_Austria.html, /Attractions-g635762-Activities-Sankt_Polten_Lower_Austria.html
