attraction_name, attraction_rate, attraction_type, attraction_url, attraction_parent_url
Pankratium, 4.5, Museums, /Attraction_Review-g1194672-d3356824-Reviews-Pankratium-Gmund_Carinthia_Austrian_Alps.html, /Attractions-g1194672-Activities-Gmund_Carinthia_Austrian_Alps.html
Porsche Automuseum, 4.0, Museums, /Attraction_Review-g1194672-d7129728-Reviews-Porsche_Automuseum-Gmund_Carinthia_Austrian_Alps.html, /Attractions-g1194672-Activities-Gmund_Carinthia_Austrian_Alps.html
Stadtturmgalerie, 4.5, Museums, /Attraction_Review-g1194672-d8744575-Reviews-Stadtturmgalerie-Gmund_Carinthia_Austrian_Alps.html, /Attractions-g1194672-Activities-Gmund_Carinthia_Austrian_Alps.html
Alte Burg, 4.0, Sights & Landmarks, /Attraction_Review-g1194672-d2295849-Reviews-Alte_Burg-Gmund_Carinthia_Austrian_Alps.html, /Attractions-g1194672-Activities-Gmund_Carinthia_Austrian_Alps.html
Stadtplatz, 4.5, Sights & Landmarks, /Attraction_Review-g1194672-d12421753-Reviews-Stadtplatz-Gmund_Carinthia_Austrian_Alps.html, /Attractions-g1194672-Activities-Gmund_Carinthia_Austrian_Alps.html
Skulpturengarten und Atelier Fritz Russ, 4.5, Museums, /Attraction_Review-g1194672-d13997542-Reviews-Skulpturengarten_und_Atelier_Fritz_Russ-Gmund_Carinthia_Austrian_Alps.html, /Attractions-g1194672-Activities-Gmund_Carinthia_Austrian_Alps.html
Stadtpfarrkirche Maria Himmelfahrt, 4.5, Sights & Landmarks, /Attraction_Review-g1194672-d8726486-Reviews-Stadtpfarrkirche_Maria_Himmelfahrt-Gmund_Carinthia_Austrian_Alps.html, /Attractions-g1194672-Activities-Gmund_Carinthia_Austrian_Alps.html
Stadtturm, 4.0, Sights & Landmarks, /Attraction_Review-g1194672-d8749486-Reviews-Stadtturm-Gmund_Carinthia_Austrian_Alps.html, /Attractions-g1194672-Activities-Gmund_Carinthia_Austrian_Alps.html
Altes Rathaus, 4.5, Sights & Landmarks, /Attraction_Review-g1194672-d12421605-Reviews-Altes_Rathaus-Gmund_Carinthia_Austrian_Alps.html, /Attractions-g1194672-Activities-Gmund_Carinthia_Austrian_Alps.html
Maltator, 4.5, Sights & Landmarks, /Attraction_Review-g1194672-d8751239-Reviews-Maltator-Gmund_Carinthia_Austrian_Alps.html, /Attractions-g1194672-Activities-Gmund_Carinthia_Austrian_Alps.html
Waldviertler Schmalspurbahn, 5.0, Tours, /Attraction_Review-g1194672-d15218480-Reviews-Waldviertler_Schmalspurbahn-Gmund_Carinthia_Austrian_Alps.html, /Attractions-g1194672-Activities-Gmund_Carinthia_Austrian_Alps.html
Kahraman Massagen, 5.0, Spas & Wellness, /Attraction_Review-g1194672-d12003458-Reviews-Kahraman_Massagen-Gmund_Carinthia_Austrian_Alps.html, /Attractions-g1194672-Activities-Gmund_Carinthia_Austrian_Alps.html
Haus der Gmunder Zeitgeschichte, None, Museums, /Attraction_Review-g1194672-d20950940-Reviews-Haus_der_Gmunder_Zeitgeschichte-Gmund_Carinthia_Austrian_Alps.html, /Attractions-g1194672-Activities-Gmund_Carinthia_Austrian_Alps.html
Eva Faschauner Heimatmuseum, None, Sights & Landmarks, /Attraction_Review-g1194672-d11933432-Reviews-Eva_Faschauner_Heimatmuseum-Gmund_Carinthia_Austrian_Alps.html, /Attractions-g1194672-Activities-Gmund_Carinthia_Austrian_Alps.html
Blockheidemännlein, None, Sights & Landmarks, /Attraction_Review-g1194672-d12421604-Reviews-Blockheidemannlein-Gmund_Carinthia_Austrian_Alps.html, /Attractions-g1194672-Activities-Gmund_Carinthia_Austrian_Alps.html
Das Schmiedemuseum 'Alte Huf- und Wagenschmiede', None, Museums, /Attraction_Review-g1194672-d12421715-Reviews-Das_Schmiedemuseum_Alte_Huf_und_Wagenschmiede-Gmund_Carinthia_Austrian_Alps.html, /Attractions-g1194672-Activities-Gmund_Carinthia_Austrian_Alps.html
Waldviertelbahn, None, Tours, /Attraction_Review-g1194672-d12423363-Reviews-Waldviertelbahn-Gmund_Carinthia_Austrian_Alps.html, /Attractions-g1194672-Activities-Gmund_Carinthia_Austrian_Alps.html
Palmenhaus, None, Sights & Landmarks, /Attraction_Review-g1194672-d12423364-Reviews-Palmenhaus-Gmund_Carinthia_Austrian_Alps.html, /Attractions-g1194672-Activities-Gmund_Carinthia_Austrian_Alps.html
Galerieatelier Tomassetti, None, Museums, /Attraction_Review-g1194672-d13997540-Reviews-Galerieatelier_Tomassetti-Gmund_Carinthia_Austrian_Alps.html, /Attractions-g1194672-Activities-Gmund_Carinthia_Austrian_Alps.html
Hausgalerie Russ und Bachmann in Gmünd, None, Museums, /Attraction_Review-g1194672-d13997541-Reviews-Hausgalerie_Russ_und_Bachmann_in_Gmund-Gmund_Carinthia_Austrian_Alps.html, /Attractions-g1194672-Activities-Gmund_Carinthia_Austrian_Alps.html
Peter's Land, None, Food & Drink, /Attraction_Review-g1194672-d16725974-Reviews-Peter_s_Land-Gmund_Carinthia_Austrian_Alps.html, /Attractions-g1194672-Activities-Gmund_Carinthia_Austrian_Alps.html
