attraction_name, attraction_rate, attraction_type, attraction_url, attraction_parent_url
Belvedereschlössl, 5.0, Sights & Landmarks, /Attraction_Review-g230014-d13136968-Reviews-Belvedereschlossl-Stockerau_Lower_Austria.html, /Attractions-g230014-Activities-Stockerau_Lower_Austria.html
Kapelle Des Heiligen Boromäus, 5.0, Sights & Landmarks, /Attraction_Review-g230014-d21389351-Reviews-Kapelle_Des_Heiligen_Boromaus-Stockerau_Lower_Austria.html, /Attractions-g230014-Activities-Stockerau_Lower_Austria.html
Dreifaltigkeitssäule, 5.0, Sights & Landmarks, /Attraction_Review-g230014-d21305521-Reviews-Dreifaltigkeitssaule-Stockerau_Lower_Austria.html, /Attractions-g230014-Activities-Stockerau_Lower_Austria.html
Rathaus Stockerau, 5.0, Sights & Landmarks, /Attraction_Review-g230014-d21306802-Reviews-Rathaus_Stockerau-Stockerau_Lower_Austria.html, /Attractions-g230014-Activities-Stockerau_Lower_Austria.html
Aerial Helicopter, 5.0, Tours, /Attraction_Review-g230014-d15529520-Reviews-Aerial_Helicopter-Stockerau_Lower_Austria.html, /Attractions-g230014-Activities-Stockerau_Lower_Austria.html
Pfarrkirche, None, Sights & Landmarks, /Attraction_Review-g230014-d21020802-Reviews-Pfarrkirche-Stockerau_Lower_Austria.html, /Attractions-g230014-Activities-Stockerau_Lower_Austria.html
Brunnbergwarte, None, Sights & Landmarks, /Attraction_Review-g230014-d23025454-Reviews-Brunnbergwarte-Stockerau_Lower_Austria.html, /Attractions-g230014-Activities-Stockerau_Lower_Austria.html
