attraction_name, attraction_rate, attraction_type, attraction_url, attraction_parent_url
Lago Schlegeisspeicher, 4.5, Nature & Parks, /Attraction_Review-g2273777-d4546372-Reviews-Lago_Schlegeisspeicher-Ginzling_Tirol_Austrian_Alps.html, /Attractions-g2273777-Activities-Ginzling_Tirol_Austrian_Alps.html
Hochgebirgs-Naturpark Zillertaler Alpen, 5.0, Nature & Parks, /Attraction_Review-g2273777-d20323674-Reviews-Hochgebirgs_Naturpark_Zillertaler_Alpen-Ginzling_Tirol_Austrian_Alps.html, /Attractions-g2273777-Activities-Ginzling_Tirol_Austrian_Alps.html
Events Zillertal, 4.0, Tours, /Attraction_Review-g2273777-d17548567-Reviews-Events_Zillertal-Ginzling_Tirol_Austrian_Alps.html, /Attractions-g2273777-Activities-Ginzling_Tirol_Austrian_Alps.html
Das Spiel, None, Fun & Games, /Attraction_Review-g2273777-d13959108-Reviews-Das_Spiel-Ginzling_Tirol_Austrian_Alps.html, /Attractions-g2273777-Activities-Ginzling_Tirol_Austrian_Alps.html
