attraction_name, attraction_rate, attraction_type, attraction_url, attraction_parent_url
Kunstsupermarket, None, Museums, /Attraction_Review-g190454-d15673482-Reviews-Kunstsupermarket-Vienna.html, /Attractions-g190454-Activities-Vienna.html
Kunstausstellung ANTOINETTE Gesichter der Europa, None, Events, /Attraction_Review-g190454-d15692266-Reviews-Kunstausstellung_ANTOINETTE_Gesichter_der_Europa-Vienna.html, /Attractions-g190454-Activities-Vienna.html
Gustav Klimt Denkmal, None, Sights & Landmarks, /Attraction_Review-g190454-d15656318-Reviews-Gustav_Klimt_Denkmal-Vienna.html, /Attractions-g190454-Activities-Vienna.html
Flohmarkt, None, Shopping, /Attraction_Review-g190454-d15817344-Reviews-Flohmarkt-Vienna.html, /Attractions-g190454-Activities-Vienna.html
Kleiner Salon fur Illustration, None, Museums, /Attraction_Review-g190454-d16696582-Reviews-Kleiner_Salon_fur_Illustration-Vienna.html, /Attractions-g190454-Activities-Vienna.html
Danube Jumping, None, Fun & Games, /Attraction_Review-g190454-d15849884-Reviews-Danube_Jumping-Vienna.html, /Attractions-g190454-Activities-Vienna.html
God Will Provide, None, Sights & Landmarks, /Attraction_Review-g190454-d16754330-Reviews-God_Will_Provide-Vienna.html, /Attractions-g190454-Activities-Vienna.html
Feuerwehrmuseum, None, Museums, /Attraction_Review-g190454-d17370483-Reviews-Feuerwehrmuseum-Vienna.html, /Attractions-g190454-Activities-Vienna.html
Sputnik KG, None, Other, /Attraction_Review-g190454-d17712602-Reviews-Sputnik_KG-Vienna.html, /Attractions-g190454-Activities-Vienna.html
Lillis Ballroom, None, Other, /Attraction_Review-g190454-d19048643-Reviews-Lillis_Ballroom-Vienna.html, /Attractions-g190454-Activities-Vienna.html
Antiquitäten Museum Andréewitch, None, Museums, /Attraction_Review-g190454-d19067571-Reviews-Antiquitaten_Museum_Andreewitch-Vienna.html, /Attractions-g190454-Activities-Vienna.html
Antik Keller Matschnigs, None, Shopping, /Attraction_Review-g190454-d18816812-Reviews-Antik_Keller_Matschnigs-Vienna.html, /Attractions-g190454-Activities-Vienna.html
