attraction_name, attraction_rate, attraction_type, attraction_url, attraction_parent_url
Diedamskopf Skiresort, 4.5, Nature & Parks, /Attraction_Review-g1098354-d1948190-Reviews-Diedamskopf_Skiresort-Schoppernau_Vorarlberg_Austrian_Alps.html, /Attractions-g1098354-Activities-Schoppernau_Vorarlberg_Austrian_Alps.html
Villa Maund, 4.5, Sights & Landmarks, /Attraction_Review-g1098354-d2621395-Reviews-Villa_Maund-Schoppernau_Vorarlberg_Austrian_Alps.html, /Attractions-g1098354-Activities-Schoppernau_Vorarlberg_Austrian_Alps.html
Langlaufschule Au-Schoppernau, 4.0, Classes & Workshops, /Attraction_Review-g1098354-d15779949-Reviews-Langlaufschule_Au_Schoppernau-Schoppernau_Vorarlberg_Austrian_Alps.html, /Attractions-g1098354-Activities-Schoppernau_Vorarlberg_Austrian_Alps.html
Bergbahnen Diedamskopf, 4.5, Tours, /Attraction_Review-g1098354-d21182358-Reviews-Bergbahnen_Diedamskopf-Schoppernau_Vorarlberg_Austrian_Alps.html, /Attractions-g1098354-Activities-Schoppernau_Vorarlberg_Austrian_Alps.html
Aktiv-Zentrum Bregenzerwald, 5.0, Tours, /Attraction_Review-g1098354-d15188549-Reviews-Aktiv_Zentrum_Bregenzerwald-Schoppernau_Vorarlberg_Austrian_Alps.html, /Attractions-g1098354-Activities-Schoppernau_Vorarlberg_Austrian_Alps.html
