attraction_name, attraction_rate, attraction_type, attraction_url, attraction_parent_url
Almenwelt Lofer, 4.5, Nature & Parks, /Attraction_Review-g811450-d2549306-Reviews-Almenwelt_Lofer-Lofer_Austrian_Alps.html, /Attractions-g811450-Activities-Lofer_Austrian_Alps.html
Steinbergbad, 5.0, Fun & Games, /Attraction_Review-g811450-d14988923-Reviews-Steinbergbad-Lofer_Austrian_Alps.html, /Attractions-g811450-Activities-Lofer_Austrian_Alps.html
Skischule Sturm Almenwelt Lofer, 5.0, Outdoor Activities, /Attraction_Review-g811450-d4930668-Reviews-Skischule_Sturm_Almenwelt_Lofer-Lofer_Austrian_Alps.html, /Attractions-g811450-Activities-Lofer_Austrian_Alps.html
Berger Feinste Confiserie, 4.5, Shopping, /Attraction_Review-g811450-d7356995-Reviews-Berger_Feinste_Confiserie-Lofer_Austrian_Alps.html, /Attractions-g811450-Activities-Lofer_Austrian_Alps.html
Base Camp, 4.5, Boat Tours & Water Sports, /Attraction_Review-g811450-d8565100-Reviews-Base_Camp-Lofer_Austrian_Alps.html, /Attractions-g811450-Activities-Lofer_Austrian_Alps.html
Motion Outdoor, 5.0, Boat Tours & Water Sports, /Attraction_Review-g811450-d13455887-Reviews-Motion_Outdoor-Lofer_Austrian_Alps.html, /Attractions-g811450-Activities-Lofer_Austrian_Alps.html
HERBST Bike Lofer, 5.0, Tours, /Attraction_Review-g811450-d17519821-Reviews-HERBST_Bike_Lofer-Lofer_Austrian_Alps.html, /Attractions-g811450-Activities-Lofer_Austrian_Alps.html
HERBST Skischule Lofer, 3.5, Outdoor Activities, /Attraction_Review-g811450-d15211821-Reviews-HERBST_Skischule_Lofer-Lofer_Austrian_Alps.html, /Attractions-g811450-Activities-Lofer_Austrian_Alps.html
Großes Hundshorn, None, Nature & Parks, /Attraction_Review-g811450-d10749065-Reviews-Grosses_Hundshorn-Lofer_Austrian_Alps.html, /Attractions-g811450-Activities-Lofer_Austrian_Alps.html
Tourismusverband Salzburger Saalachtal, None, Traveller Resources, /Attraction_Review-g811450-d20895438-Reviews-Tourismusverband_Salzburger_Saalachtal-Lofer_Austrian_Alps.html, /Attractions-g811450-Activities-Lofer_Austrian_Alps.html
Filialkirche hl. Antonius von Padua, None, Sights & Landmarks, /Attraction_Review-g811450-d20895437-Reviews-Filialkirche_hl_Antonius_von_Padua-Lofer_Austrian_Alps.html, /Attractions-g811450-Activities-Lofer_Austrian_Alps.html
Pfarrkirche Lofer, None, Sights & Landmarks, /Attraction_Review-g811450-d20895397-Reviews-Pfarrkirche_Lofer-Lofer_Austrian_Alps.html, /Attractions-g811450-Activities-Lofer_Austrian_Alps.html
Teufelssteg, None, Sights & Landmarks, /Attraction_Review-g811450-d21141270-Reviews-Teufelssteg-Lofer_Austrian_Alps.html, /Attractions-g811450-Activities-Lofer_Austrian_Alps.html
Loferer Almsee, None, Nature & Parks, /Attraction_Review-g811450-d21408377-Reviews-Loferer_Almsee-Lofer_Austrian_Alps.html, /Attractions-g811450-Activities-Lofer_Austrian_Alps.html
Martin Fuchs, None, Nightlife, /Attraction_Review-g811450-d17737820-Reviews-Martin_Fuchs-Lofer_Austrian_Alps.html, /Attractions-g811450-Activities-Lofer_Austrian_Alps.html
