attraction_name, attraction_rate, attraction_type, attraction_url, attraction_parent_url
Weingut Krispel, 5.0, Food & Drink, /Attraction_Review-g1655880-d19450067-Reviews-Weingut_Krispel-Straden_Styria.html, /Attractions-g1655880-Activities-Straden_Styria.html
Urlmullers Bauernhof-Manufaktur, 5.0, Shopping, /Attraction_Review-g1655880-d5996861-Reviews-Urlmullers_Bauernhof_Manufaktur-Straden_Styria.html, /Attractions-g1655880-Activities-Straden_Styria.html
Tropper Weine, 5.0, Food & Drink, /Attraction_Review-g1655880-d21073569-Reviews-Tropper_Weine-Straden_Styria.html, /Attractions-g1655880-Activities-Straden_Styria.html
Weingut Frauwallner, None, Food & Drink, /Attraction_Review-g1655880-d21170256-Reviews-Weingut_Frauwallner-Straden_Styria.html, /Attractions-g1655880-Activities-Straden_Styria.html
Weingut Pock, None, Food & Drink, /Attraction_Review-g1655880-d19449947-Reviews-Weingut_Pock-Straden_Styria.html, /Attractions-g1655880-Activities-Straden_Styria.html
Key West, None, Nightlife, /Attraction_Review-g1655880-d19450098-Reviews-Key_West-Straden_Styria.html, /Attractions-g1655880-Activities-Straden_Styria.html
Hofladen Hirschmann, None, Food & Drink, /Attraction_Review-g1655880-d19443369-Reviews-Hofladen_Hirschmann-Straden_Styria.html, /Attractions-g1655880-Activities-Straden_Styria.html
Weingut Neumeister, None, Food & Drink, /Attraction_Review-g1655880-d19449954-Reviews-Weingut_Neumeister-Straden_Styria.html, /Attractions-g1655880-Activities-Straden_Styria.html
Weingut Frauwallner, None, Food & Drink, /Attraction_Review-g1655880-d19449957-Reviews-Weingut_Frauwallner-Straden_Styria.html, /Attractions-g1655880-Activities-Straden_Styria.html
