attraction_name, attraction_rate, attraction_type, attraction_url, attraction_parent_url
Cyta- Flohmarkt, 4.5, Shopping, /Attraction_Review-g1744365-d9871052-Reviews-Cyta_Flohmarkt-Voels_Tirol_Austrian_Alps.html, /Attractions-g1744365-Activities-Voels_Tirol_Austrian_Alps.html
Schwimmbad Völs, 5.0, Water & Amusement Parks, /Attraction_Review-g1744365-d10749473-Reviews-Schwimmbad_Vols-Voels_Tirol_Austrian_Alps.html, /Attractions-g1744365-Activities-Voels_Tirol_Austrian_Alps.html
Joy Das Kinderparadies, 5.0, Fun & Games, /Attraction_Review-g1744365-d13116272-Reviews-Joy_Das_Kinderparadies-Voels_Tirol_Austrian_Alps.html, /Attractions-g1744365-Activities-Voels_Tirol_Austrian_Alps.html
FLIP LAB, 5.0, Fun & Games, /Attraction_Review-g1744365-d17756264-Reviews-FLIP_LAB-Voels_Tirol_Austrian_Alps.html, /Attractions-g1744365-Activities-Voels_Tirol_Austrian_Alps.html
Alte Pfarrkirche hll. Jodok und Lucia - Pfarramt Völs, None, Sights & Landmarks, /Attraction_Review-g1744365-d20363585-Reviews-Alte_Pfarrkirche_hll_Jodok_und_Lucia_Pfarramt_Vols-Voels_Tirol_Austrian_Alps.html, /Attractions-g1744365-Activities-Voels_Tirol_Austrian_Alps.html
Museum Thurnfels, None, Museums, /Attraction_Review-g1744365-d20363586-Reviews-Museum_Thurnfels-Voels_Tirol_Austrian_Alps.html, /Attractions-g1744365-Activities-Voels_Tirol_Austrian_Alps.html
Gänseliesl-Brunnen, None, Sights & Landmarks, /Attraction_Review-g1744365-d20363588-Reviews-Ganseliesl_Brunnen-Voels_Tirol_Austrian_Alps.html, /Attractions-g1744365-Activities-Voels_Tirol_Austrian_Alps.html
Wallfahrtskirche hl. Blasius, None, Sights & Landmarks, /Attraction_Review-g1744365-d20363587-Reviews-Wallfahrtskirche_hl_Blasius-Voels_Tirol_Austrian_Alps.html, /Attractions-g1744365-Activities-Voels_Tirol_Austrian_Alps.html
Froschbrunnen, None, Sights & Landmarks, /Attraction_Review-g1744365-d20363589-Reviews-Froschbrunnen-Voels_Tirol_Austrian_Alps.html, /Attractions-g1744365-Activities-Voels_Tirol_Austrian_Alps.html
Kreuzgruppe am Pestfriedhof, None, Sights & Landmarks, /Attraction_Review-g1744365-d20363591-Reviews-Kreuzgruppe_am_Pestfriedhof-Voels_Tirol_Austrian_Alps.html, /Attractions-g1744365-Activities-Voels_Tirol_Austrian_Alps.html
Emmauskirche, None, Sights & Landmarks, /Attraction_Review-g1744365-d20363590-Reviews-Emmauskirche-Voels_Tirol_Austrian_Alps.html, /Attractions-g1744365-Activities-Voels_Tirol_Austrian_Alps.html
Kriegerdenkmal - Völs, None, Sights & Landmarks, /Attraction_Review-g1744365-d20363593-Reviews-Kriegerdenkmal_Vols-Voels_Tirol_Austrian_Alps.html, /Attractions-g1744365-Activities-Voels_Tirol_Austrian_Alps.html
Völser Teich, None, Nature & Parks, /Attraction_Review-g1744365-d20363599-Reviews-Volser_Teich-Voels_Tirol_Austrian_Alps.html, /Attractions-g1744365-Activities-Voels_Tirol_Austrian_Alps.html
