attraction_name, attraction_rate, attraction_type, attraction_url, attraction_parent_url
Stift Herzogenburg, 4.5, Sights & Landmarks, /Attraction_Review-g2274013-d3183462-Reviews-Stift_Herzogenburg-Herzogenburg_Lower_Austria.html, /Attractions-g2274013-Activities-Herzogenburg_Lower_Austria.html
Wallfahrtskirche Maria Heil der Kranken, 4.5, Sights & Landmarks, /Attraction_Review-g2274013-d6698479-Reviews-Wallfahrtskirche_Maria_Heil_der_Kranken-Herzogenburg_Lower_Austria.html, /Attractions-g2274013-Activities-Herzogenburg_Lower_Austria.html
Weinhof Hinterleitner, 4.0, Shopping, /Attraction_Review-g2274013-d6690373-Reviews-Weinhof_Hinterleitner-Herzogenburg_Lower_Austria.html, /Attractions-g2274013-Activities-Herzogenburg_Lower_Austria.html
Weingut Karl Heinz Schnabel, None, Shopping, /Attraction_Review-g2274013-d7387053-Reviews-Weingut_Karl_Heinz_Schnabel-Herzogenburg_Lower_Austria.html, /Attractions-g2274013-Activities-Herzogenburg_Lower_Austria.html
Stiftsweingut Herzogenburg, None, Shopping, /Attraction_Review-g2274013-d7386612-Reviews-Stiftsweingut_Herzogenburg-Herzogenburg_Lower_Austria.html, /Attractions-g2274013-Activities-Herzogenburg_Lower_Austria.html
Schloss Heiligenkreuz-Gutenbrunn, None, Museums, /Attraction_Review-g2274013-d6698467-Reviews-Schloss_Heiligenkreuz_Gutenbrunn-Herzogenburg_Lower_Austria.html, /Attractions-g2274013-Activities-Herzogenburg_Lower_Austria.html
