attraction_name, attraction_rate, attraction_type, attraction_url, attraction_parent_url
The Hainburg Castle, 4.5, Sights & Landmarks, /Attraction_Review-g1071606-d10059567-Reviews-The_Hainburg_Castle-Hainburg_an_der_Donau_Lower_Austria.html, /Attractions-g1071606-Activities-Hainburg_an_der_Donau_Lower_Austria.html
Braunsberg, 4.5, Sights & Landmarks, /Attraction_Review-g1071606-d12423299-Reviews-Braunsberg-Hainburg_an_der_Donau_Lower_Austria.html, /Attractions-g1071606-Activities-Hainburg_an_der_Donau_Lower_Austria.html
Martin Luther Kirche, 5.0, Sights & Landmarks, /Attraction_Review-g1071606-d14130662-Reviews-Martin_Luther_Kirche-Hainburg_an_der_Donau_Lower_Austria.html, /Attractions-g1071606-Activities-Hainburg_an_der_Donau_Lower_Austria.html
Galleria Danubia, 4.0, Shopping, /Attraction_Review-g1071606-d20046935-Reviews-Galleria_Danubia-Hainburg_an_der_Donau_Lower_Austria.html, /Attractions-g1071606-Activities-Hainburg_an_der_Donau_Lower_Austria.html
