attraction_name, attraction_rate, attraction_type, attraction_url, attraction_parent_url
Rauscher Park, 4.0, Nature & Parks, /Attraction_Review-g190436-d15154867-Reviews-Rauscher_Park-Klagenfurt_Carinthia_Austrian_Alps.html, /Attractions-g190436-Activities-Klagenfurt_Carinthia_Austrian_Alps.html
Floriani-Denkmal, 3.5, Sights & Landmarks, /Attraction_Review-g190436-d12099136-Reviews-Floriani_Denkmal-Klagenfurt_Carinthia_Austrian_Alps.html, /Attractions-g190436-Activities-Klagenfurt_Carinthia_Austrian_Alps.html
Wildpark Mageregg, 2.5, Nature & Parks, /Attraction_Review-g190436-d9871629-Reviews-Wildpark_Mageregg-Klagenfurt_Carinthia_Austrian_Alps.html, /Attractions-g190436-Activities-Klagenfurt_Carinthia_Austrian_Alps.html
Kreuzberglkirche&& Kreuzweg, 4.5, Sights & Landmarks, /Attraction_Review-g190436-d9871568-Reviews-Kreuzberglkirche_Kreuzweg-Klagenfurt_Carinthia_Austrian_Alps.html, /Attractions-g190436-Activities-Klagenfurt_Carinthia_Austrian_Alps.html
Obelisk, 4.0, Sights & Landmarks, /Attraction_Review-g190436-d12804796-Reviews-Obelisk-Klagenfurt_Carinthia_Austrian_Alps.html, /Attractions-g190436-Activities-Klagenfurt_Carinthia_Austrian_Alps.html
Burgerspitalkirche, 4.0, Sights & Landmarks, /Attraction_Review-g190436-d14183641-Reviews-Burgerspitalkirche-Klagenfurt_Carinthia_Austrian_Alps.html, /Attractions-g190436-Activities-Klagenfurt_Carinthia_Austrian_Alps.html
Antoniusbrünnlein, 5.0, Sights & Landmarks, /Attraction_Review-g190436-d12799318-Reviews-Antoniusbrunnlein-Klagenfurt_Carinthia_Austrian_Alps.html, /Attractions-g190436-Activities-Klagenfurt_Carinthia_Austrian_Alps.html
Johanneskirche, 4.0, Sights & Landmarks, /Attraction_Review-g190436-d15148252-Reviews-Johanneskirche-Klagenfurt_Carinthia_Austrian_Alps.html, /Attractions-g190436-Activities-Klagenfurt_Carinthia_Austrian_Alps.html
St. Georgen am Sandhof, 4.0, Sights & Landmarks, /Attraction_Review-g190436-d9871611-Reviews-St_Georgen_am_Sandhof-Klagenfurt_Carinthia_Austrian_Alps.html, /Attractions-g190436-Activities-Klagenfurt_Carinthia_Austrian_Alps.html
Dreifaltigkeitssaule, 4.0, Sights & Landmarks, /Attraction_Review-g190436-d12106128-Reviews-Dreifaltigkeitssaule-Klagenfurt_Carinthia_Austrian_Alps.html, /Attractions-g190436-Activities-Klagenfurt_Carinthia_Austrian_Alps.html
Ernst Fuchs Kapelle, 3.0, Sights & Landmarks, /Attraction_Review-g190436-d12594758-Reviews-Ernst_Fuchs_Kapelle-Klagenfurt_Carinthia_Austrian_Alps.html, /Attractions-g190436-Activities-Klagenfurt_Carinthia_Austrian_Alps.html
Musikverein Karnten, 4.0, Concerts & Shows, /Attraction_Review-g190436-d9876899-Reviews-Musikverein_Karnten-Klagenfurt_Carinthia_Austrian_Alps.html, /Attractions-g190436-Activities-Klagenfurt_Carinthia_Austrian_Alps.html
Fluderbrunnen, 4.0, Sights & Landmarks, /Attraction_Review-g190436-d12799317-Reviews-Fluderbrunnen-Klagenfurt_Carinthia_Austrian_Alps.html, /Attractions-g190436-Activities-Klagenfurt_Carinthia_Austrian_Alps.html
Burgkapelle, 3.0, Sights & Landmarks, /Attraction_Review-g190436-d9871394-Reviews-Burgkapelle-Klagenfurt_Carinthia_Austrian_Alps.html, /Attractions-g190436-Activities-Klagenfurt_Carinthia_Austrian_Alps.html
Puttibrunnen und Erzherzog Johann Park, 4.0, Sights & Landmarks, /Attraction_Review-g190436-d12799325-Reviews-Puttibrunnen_und_Erzherzog_Johann_Park-Klagenfurt_Carinthia_Austrian_Alps.html, /Attractions-g190436-Activities-Klagenfurt_Carinthia_Austrian_Alps.html
Elisabethinenkirche&& Kloster, 3.5, Sights & Landmarks, /Attraction_Review-g190436-d9871583-Reviews-Elisabethinenkirche_Kloster-Klagenfurt_Carinthia_Austrian_Alps.html, /Attractions-g190436-Activities-Klagenfurt_Carinthia_Austrian_Alps.html
Alpen-Adria-Galerie/Stadthaus, 4.0, Museums, /Attraction_Review-g190436-d12799306-Reviews-Alpen_Adria_Galerie_Stadthaus-Klagenfurt_Carinthia_Austrian_Alps.html, /Attractions-g190436-Activities-Klagenfurt_Carinthia_Austrian_Alps.html
Marienstatue, 3.5, Sights & Landmarks, /Attraction_Review-g190436-d12106154-Reviews-Marienstatue-Klagenfurt_Carinthia_Austrian_Alps.html, /Attractions-g190436-Activities-Klagenfurt_Carinthia_Austrian_Alps.html
Bunkerturm Kreuzbergl, 3.0, Sights & Landmarks, /Attraction_Review-g190436-d9879700-Reviews-Bunkerturm_Kreuzbergl-Klagenfurt_Carinthia_Austrian_Alps.html, /Attractions-g190436-Activities-Klagenfurt_Carinthia_Austrian_Alps.html
Koschatmuseum, 4.0, Museums, /Attraction_Review-g190436-d9753719-Reviews-Koschatmuseum-Klagenfurt_Carinthia_Austrian_Alps.html, /Attractions-g190436-Activities-Klagenfurt_Carinthia_Austrian_Alps.html
University Library, 5.0, Traveller Resources, /Attraction_Review-g190436-d9876890-Reviews-University_Library-Klagenfurt_Carinthia_Austrian_Alps.html, /Attractions-g190436-Activities-Klagenfurt_Carinthia_Austrian_Alps.html
Kapelle Maria Loretto, 5.0, Sights & Landmarks, /Attraction_Review-g190436-d12120077-Reviews-Kapelle_Maria_Loretto-Klagenfurt_Carinthia_Austrian_Alps.html, /Attractions-g190436-Activities-Klagenfurt_Carinthia_Austrian_Alps.html
Galerie3, 3.5, Museums, /Attraction_Review-g190436-d9871668-Reviews-Galerie3-Klagenfurt_Carinthia_Austrian_Alps.html, /Attractions-g190436-Activities-Klagenfurt_Carinthia_Austrian_Alps.html
Klagenfurt-St. Ruprecht, 3.0, Sights & Landmarks, /Attraction_Review-g190436-d9871547-Reviews-Klagenfurt_St_Ruprecht-Klagenfurt_Carinthia_Austrian_Alps.html, /Attractions-g190436-Activities-Klagenfurt_Carinthia_Austrian_Alps.html
Thomas-Koschat-Denkmal, 3.0, Sights & Landmarks, /Attraction_Review-g190436-d12799324-Reviews-Thomas_Koschat_Denkmal-Klagenfurt_Carinthia_Austrian_Alps.html, /Attractions-g190436-Activities-Klagenfurt_Carinthia_Austrian_Alps.html
Rektorat Klagenfurt-Christkönig, 4.0, Sights & Landmarks, /Attraction_Review-g190436-d9871609-Reviews-Rektorat_Klagenfurt_Christkonig-Klagenfurt_Carinthia_Austrian_Alps.html, /Attractions-g190436-Activities-Klagenfurt_Carinthia_Austrian_Alps.html
Schatzmayrpark, 1.0, Nature & Parks, /Attraction_Review-g190436-d13113057-Reviews-Schatzmayrpark-Klagenfurt_Carinthia_Austrian_Alps.html, /Attractions-g190436-Activities-Klagenfurt_Carinthia_Austrian_Alps.html
Südpark Shopping Center, 4.0, Shopping, /Attraction_Review-g190436-d15003404-Reviews-Sudpark_Shopping_Center-Klagenfurt_Carinthia_Austrian_Alps.html, /Attractions-g190436-Activities-Klagenfurt_Carinthia_Austrian_Alps.html
World Bodypainting Festival, None, Events, /Attraction_Review-g190436-d21130529-Reviews-World_Bodypainting_Festival-Klagenfurt_Carinthia_Austrian_Alps.html, /Attractions-g190436-Activities-Klagenfurt_Carinthia_Austrian_Alps.html
Pelzverkehr Festival, None, Events, /Attraction_Review-g190436-d21142174-Reviews-Pelzverkehr_Festival-Klagenfurt_Carinthia_Austrian_Alps.html, /Attractions-g190436-Activities-Klagenfurt_Carinthia_Austrian_Alps.html
