attraction_name, attraction_rate, attraction_type, attraction_url, attraction_parent_url
Freizeitzentrum Axams, 4.0, Fun & Games, /Attraction_Review-g1194706-d12139893-Reviews-Freizeitzentrum_Axams-Axams_Tirol_Austrian_Alps.html, /Attractions-g1194706-Activities-Axams_Tirol_Austrian_Alps.html
Postkutscherhof Axams, 4.0, Tours, /Attraction_Review-g1194706-d8733825-Reviews-Postkutscherhof_Axams-Axams_Tirol_Austrian_Alps.html, /Attractions-g1194706-Activities-Axams_Tirol_Austrian_Alps.html
Kath. Pfarrkirche hl. Johannes d. T. - Pfarramt Axams, None, Sights & Landmarks, /Attraction_Review-g1194706-d20363580-Reviews-Kath_Pfarrkirche_hl_Johannes_d_T_Pfarramt_Axams-Axams_Tirol_Austrian_Alps.html, /Attractions-g1194706-Activities-Axams_Tirol_Austrian_Alps.html
Offroad Arena Axams, None, Tours, /Attraction_Review-g1194706-d21250472-Reviews-Offroad_Arena_Axams-Axams_Tirol_Austrian_Alps.html, /Attractions-g1194706-Activities-Axams_Tirol_Austrian_Alps.html
