attraction_name, attraction_rate, attraction_type, attraction_url, attraction_parent_url
Die heangenden Garten der Sulamith, 5.0, Museums, /Attraction_Review-g1195631-d15237883-Reviews-Die_heangenden_Garten_der_Sulamith-St_Kathrein_am_Offeneg_Styria.html, /Attractions-g1195631-Activities-St_Kathrein_am_Offeneg_Styria.html
Almenland Edelbrennerei - Familie Graf, 5.0, Food & Drink, /Attraction_Review-g1195631-d19652389-Reviews-Almenland_Edelbrennerei_Familie_Graf-St_Kathrein_am_Offeneg_Styria.html, /Attractions-g1195631-Activities-St_Kathrein_am_Offeneg_Styria.html
Almgarten, None, Shopping, /Attraction_Review-g1195631-d20864841-Reviews-Almgarten-St_Kathrein_am_Offeneg_Styria.html, /Attractions-g1195631-Activities-St_Kathrein_am_Offeneg_Styria.html
Pfarrkirche Sankt Katharina, None, Sights & Landmarks, /Attraction_Review-g1195631-d19648926-Reviews-Pfarrkirche_Sankt_Katharina-St_Kathrein_am_Offeneg_Styria.html, /Attractions-g1195631-Activities-St_Kathrein_am_Offeneg_Styria.html
Holzmeisterlift Sommeralm, None, Nature & Parks, /Attraction_Review-g1195631-d19740936-Reviews-Holzmeisterlift_Sommeralm-St_Kathrein_am_Offeneg_Styria.html, /Attractions-g1195631-Activities-St_Kathrein_am_Offeneg_Styria.html
