attraction_name, attraction_rate, attraction_type, attraction_url, attraction_parent_url
Weissensee, 4.5, Nature & Parks, /Attraction_Review-g641728-d12829334-Reviews-Weissensee-Weissensee_Carinthia_Austrian_Alps.html, /Attractions-g641728-Activities-Weissensee_Carinthia_Austrian_Alps.html
Schifffahrt am Weissensee, 4.5, Transportation, /Attraction_Review-g641728-d10356485-Reviews-Schifffahrt_am_Weissensee-Weissensee_Carinthia_Austrian_Alps.html, /Attractions-g641728-Activities-Weissensee_Carinthia_Austrian_Alps.html
Weissensee Bergbahn, 4.0, Transportation, /Attraction_Review-g641728-d12604293-Reviews-Weissensee_Bergbahn-Weissensee_Carinthia_Austrian_Alps.html, /Attractions-g641728-Activities-Weissensee_Carinthia_Austrian_Alps.html
INTERSPORT Alpensport, 4.0, Outdoor Activities, /Attraction_Review-g641728-d12720952-Reviews-INTERSPORT_Alpensport-Weissensee_Carinthia_Austrian_Alps.html, /Attractions-g641728-Activities-Weissensee_Carinthia_Austrian_Alps.html
Tauchsport Yachtdiver Weissensee, 3.0, Boat Tours & Water Sports, /Attraction_Review-g641728-d7185854-Reviews-Tauchsport_Yachtdiver_Weissensee-Weissensee_Carinthia_Austrian_Alps.html, /Attractions-g641728-Activities-Weissensee_Carinthia_Austrian_Alps.html
