attraction_name, attraction_rate, attraction_type, attraction_url, attraction_parent_url
SchafbergBahn, 4.5, Tours, /Attraction_Review-g296672-d1832219-Reviews-SchafbergBahn-St_Wolfgang_Upper_Austria.html, /Attractions-g296672-Activities-St_Wolfgang_Upper_Austria.html
Pfarre St. Wolfgang, 4.5, Sights & Landmarks, /Attraction_Review-g296672-d538011-Reviews-Pfarre_St_Wolfgang-St_Wolfgang_Upper_Austria.html, /Attractions-g296672-Activities-St_Wolfgang_Upper_Austria.html
The Pilgrim's Way, 4.5, Nature & Parks, /Attraction_Review-g296672-d3138233-Reviews-The_Pilgrim_s_Way-St_Wolfgang_Upper_Austria.html, /Attractions-g296672-Activities-St_Wolfgang_Upper_Austria.html
Dittelbachwildnis, 5.0, Nature & Parks, /Attraction_Review-g296672-d8452500-Reviews-Dittelbachwildnis-St_Wolfgang_Upper_Austria.html, /Attractions-g296672-Activities-St_Wolfgang_Upper_Austria.html
Wolfgangsee, 5.0, Nature & Parks, /Attraction_Review-g296672-d19597860-Reviews-Wolfgangsee-St_Wolfgang_Upper_Austria.html, /Attractions-g296672-Activities-St_Wolfgang_Upper_Austria.html
Michael Pacher-Haus, 4.5, Sights & Landmarks, /Attraction_Review-g296672-d7094050-Reviews-Michael_Pacher_Haus-St_Wolfgang_Upper_Austria.html, /Attractions-g296672-Activities-St_Wolfgang_Upper_Austria.html
Puppenmuseum (Dorf-Alm), 4.0, Museums, /Attraction_Review-g296672-d4955461-Reviews-Puppenmuseum_Dorf_Alm-St_Wolfgang_Upper_Austria.html, /Attractions-g296672-Activities-St_Wolfgang_Upper_Austria.html
Wolfgangsee Schifffahrt, 4.5, Tours, /Attraction_Review-g296672-d4378144-Reviews-Wolfgangsee_Schifffahrt-St_Wolfgang_Upper_Austria.html, /Attractions-g296672-Activities-St_Wolfgang_Upper_Austria.html
Sportcamp Raudaschl, 4.0, Boat Tours & Water Sports, /Attraction_Review-g296672-d8536889-Reviews-Sportcamp_Raudaschl-St_Wolfgang_Upper_Austria.html, /Attractions-g296672-Activities-St_Wolfgang_Upper_Austria.html
