attraction_name, attraction_rate, attraction_type, attraction_url, attraction_parent_url
Klippitztorl, 4.5, Nature & Parks, /Attraction_Review-g1239033-d4739464-Reviews-Klippitztorl-Bad_Sankt_Leonhard_im_Lavanttal_Carinthia_Austrian_Alps.html, /Attractions-g1239033-Activities-Bad_Sankt_Leonhard_im_Lavanttal_Carinthia_Austrian_Alps.html
Burgruine Gomarn, 4.5, Sights & Landmarks, /Attraction_Review-g1239033-d10442921-Reviews-Burgruine_Gomarn-Bad_Sankt_Leonhard_im_Lavanttal_Carinthia_Austrian_Alps.html, /Attractions-g1239033-Activities-Bad_Sankt_Leonhard_im_Lavanttal_Carinthia_Austrian_Alps.html
Pfarre St. Leonhard, 4.5, Sights & Landmarks, /Attraction_Review-g1239033-d10442886-Reviews-Pfarre_St_Leonhard-Bad_Sankt_Leonhard_im_Lavanttal_Carinthia_Austrian_Alps.html, /Attractions-g1239033-Activities-Bad_Sankt_Leonhard_im_Lavanttal_Carinthia_Austrian_Alps.html
Der Sonnenturm, 4.5, Sights & Landmarks, /Attraction_Review-g1239033-d10807798-Reviews-Der_Sonnenturm-Bad_Sankt_Leonhard_im_Lavanttal_Carinthia_Austrian_Alps.html, /Attractions-g1239033-Activities-Bad_Sankt_Leonhard_im_Lavanttal_Carinthia_Austrian_Alps.html
Schloss Waldenstein im Lavanttal, 3.5, Sights & Landmarks, /Attraction_Review-g1239033-d10442866-Reviews-Schloss_Waldenstein_im_Lavanttal-Bad_Sankt_Leonhard_im_Lavanttal_Carinthia_Aust.html, /Attractions-g1239033-Activities-Bad_Sankt_Leonhard_im_Lavanttal_Carinthia_Austrian_Alps.html
Kunigundkirche, 4.0, Sights & Landmarks, /Attraction_Review-g1239033-d10442897-Reviews-Kunigundkirche-Bad_Sankt_Leonhard_im_Lavanttal_Carinthia_Austrian_Alps.html, /Attractions-g1239033-Activities-Bad_Sankt_Leonhard_im_Lavanttal_Carinthia_Austrian_Alps.html
Ruine Painburg, 3.5, Sights & Landmarks, /Attraction_Review-g1239033-d10442919-Reviews-Ruine_Painburg-Bad_Sankt_Leonhard_im_Lavanttal_Carinthia_Austrian_Alps.html, /Attractions-g1239033-Activities-Bad_Sankt_Leonhard_im_Lavanttal_Carinthia_Austrian_Alps.html
Schloss Wiesenau im Lavanttal, 3.0, Sights & Landmarks, /Attraction_Review-g1239033-d10442896-Reviews-Schloss_Wiesenau_im_Lavanttal-Bad_Sankt_Leonhard_im_Lavanttal_Carinthia_Austria.html, /Attractions-g1239033-Activities-Bad_Sankt_Leonhard_im_Lavanttal_Carinthia_Austrian_Alps.html
