attraction_name, attraction_rate, attraction_type, attraction_url, attraction_parent_url
Villa Trapp The original Sound of Music Family Home, 4.5, Museums, /Attraction_Review-g190441-d14136309-Reviews-Villa_Trapp_The_original_Sound_of_Music_Family_Home-Salzburg_Austrian_Alps.html, /Attractions-g190441-Activities-Salzburg_Austrian_Alps.html
Sternarkaden, 4.5, Shopping, /Attraction_Review-g190441-d11829978-Reviews-Sternarkaden-Salzburg_Austrian_Alps.html, /Attractions-g190441-Activities-Salzburg_Austrian_Alps.html
Bibelwelt Erlebnismuseum, 3.5, Museums, /Attraction_Review-g190441-d8040580-Reviews-Bibelwelt_Erlebnismuseum-Salzburg_Austrian_Alps.html, /Attractions-g190441-Activities-Salzburg_Austrian_Alps.html
Marien Statue, 4.0, Sights & Landmarks, /Attraction_Review-g190441-d14954379-Reviews-Marien_Statue-Salzburg_Austrian_Alps.html, /Attractions-g190441-Activities-Salzburg_Austrian_Alps.html
Soccerpark Salzburg, 4.5, Fun & Games, /Attraction_Review-g190441-d12982218-Reviews-Soccerpark_Salzburg-Salzburg_Austrian_Alps.html, /Attractions-g190441-Activities-Salzburg_Austrian_Alps.html
Salzburgring, 4.5, Sights & Landmarks, /Attraction_Review-g190441-d7909291-Reviews-Salzburgring-Salzburg_Austrian_Alps.html, /Attractions-g190441-Activities-Salzburg_Austrian_Alps.html
Evangelische Christuskirche, 4.0, Sights & Landmarks, /Attraction_Review-g190441-d2324696-Reviews-Evangelische_Christuskirche-Salzburg_Austrian_Alps.html, /Attractions-g190441-Activities-Salzburg_Austrian_Alps.html
Volkskunde Museum, 4.0, Museums, /Attraction_Review-g190441-d2098141-Reviews-Volkskunde_Museum-Salzburg_Austrian_Alps.html, /Attractions-g190441-Activities-Salzburg_Austrian_Alps.html
CS Galerie, 5.0, Sights & Landmarks, /Attraction_Review-g190441-d7262597-Reviews-CS_Galerie-Salzburg_Austrian_Alps.html, /Attractions-g190441-Activities-Salzburg_Austrian_Alps.html
Herbert von Karajan - Statue, 3.5, Sights & Landmarks, /Attraction_Review-g190441-d12989622-Reviews-Herbert_von_Karajan_Statue-Salzburg_Austrian_Alps.html, /Attractions-g190441-Activities-Salzburg_Austrian_Alps.html
Hettwer Bastei, 4.0, Sights & Landmarks, /Attraction_Review-g190441-d10525938-Reviews-Hettwer_Bastei-Salzburg_Austrian_Alps.html, /Attractions-g190441-Activities-Salzburg_Austrian_Alps.html
Church of St. Maria Loreto, 5.0, Sights & Landmarks, /Attraction_Review-g190441-d14876770-Reviews-Church_of_St_Maria_Loreto-Salzburg_Austrian_Alps.html, /Attractions-g190441-Activities-Salzburg_Austrian_Alps.html
Aya Bad, 4.0, Water & Amusement Parks, /Attraction_Review-g190441-d3870223-Reviews-Aya_Bad-Salzburg_Austrian_Alps.html, /Attractions-g190441-Activities-Salzburg_Austrian_Alps.html
Moser Outlet, 5.0, Shopping, /Attraction_Review-g190441-d6889631-Reviews-Moser_Outlet-Salzburg_Austrian_Alps.html, /Attractions-g190441-Activities-Salzburg_Austrian_Alps.html
The Selinger, 5.0, Museums, /Attraction_Review-g190441-d8373255-Reviews-The_Selinger-Salzburg_Austrian_Alps.html, /Attractions-g190441-Activities-Salzburg_Austrian_Alps.html
Wilder-Mann-Brunnen, 4.0, Sights & Landmarks, /Attraction_Review-g190441-d14880731-Reviews-Wilder_Mann_Brunnen-Salzburg_Austrian_Alps.html, /Attractions-g190441-Activities-Salzburg_Austrian_Alps.html
Russian Orthodox Church, 4.5, Sights & Landmarks, /Attraction_Review-g190441-d14876772-Reviews-Russian_Orthodox_Church-Salzburg_Austrian_Alps.html, /Attractions-g190441-Activities-Salzburg_Austrian_Alps.html
Michaelskirche, 4.0, Sights & Landmarks, /Attraction_Review-g190441-d10110427-Reviews-Michaelskirche-Salzburg_Austrian_Alps.html, /Attractions-g190441-Activities-Salzburg_Austrian_Alps.html
St Markus Church, 4.0, Sights & Landmarks, /Attraction_Review-g190441-d1730772-Reviews-St_Markus_Church-Salzburg_Austrian_Alps.html, /Attractions-g190441-Activities-Salzburg_Austrian_Alps.html
Awilda Sculpture, 4.0, Sights & Landmarks, /Attraction_Review-g190441-d14927147-Reviews-Awilda_Sculpture-Salzburg_Austrian_Alps.html, /Attractions-g190441-Activities-Salzburg_Austrian_Alps.html
Pfarre St. Paul, 5.0, Sights & Landmarks, /Attraction_Review-g190441-d14772295-Reviews-Pfarre_St_Paul-Salzburg_Austrian_Alps.html, /Attractions-g190441-Activities-Salzburg_Austrian_Alps.html
Tourist Information, 3.5, Traveller Resources, /Attraction_Review-g190441-d12003699-Reviews-Tourist_Information-Salzburg_Austrian_Alps.html, /Attractions-g190441-Activities-Salzburg_Austrian_Alps.html
Tourist Information Mozartplatz, 3.5, Traveller Resources, /Attraction_Review-g190441-d12994571-Reviews-Tourist_Information_Mozartplatz-Salzburg_Austrian_Alps.html, /Attractions-g190441-Activities-Salzburg_Austrian_Alps.html
Radfahrer, 4.0, Sights & Landmarks, /Attraction_Review-g190441-d14772311-Reviews-Radfahrer-Salzburg_Austrian_Alps.html, /Attractions-g190441-Activities-Salzburg_Austrian_Alps.html
Salzburg State Theatre, 4.0, Concerts & Shows, /Attraction_Review-g190441-d12337806-Reviews-Salzburg_State_Theatre-Salzburg_Austrian_Alps.html, /Attractions-g190441-Activities-Salzburg_Austrian_Alps.html
Staatsbrücke, 3.5, Sights & Landmarks, /Attraction_Review-g190441-d11856264-Reviews-Staatsbrucke-Salzburg_Austrian_Alps.html, /Attractions-g190441-Activities-Salzburg_Austrian_Alps.html
Kiesel Passage, 3.5, Shopping, /Attraction_Review-g190441-d14094932-Reviews-Kiesel_Passage-Salzburg_Austrian_Alps.html, /Attractions-g190441-Activities-Salzburg_Austrian_Alps.html
Gstattentor, 4.0, Sights & Landmarks, /Attraction_Review-g190441-d14876790-Reviews-Gstattentor-Salzburg_Austrian_Alps.html, /Attractions-g190441-Activities-Salzburg_Austrian_Alps.html
Schloss Leopoldskron, 4.5, Sights & Landmarks, /Attraction_Review-g190441-d17313986-Reviews-Schloss_Leopoldskron-Salzburg_Austrian_Alps.html, /Attractions-g190441-Activities-Salzburg_Austrian_Alps.html
Caldera Sculpture, 3.5, Sights & Landmarks, /Attraction_Review-g190441-d14770187-Reviews-Caldera_Sculpture-Salzburg_Austrian_Alps.html, /Attractions-g190441-Activities-Salzburg_Austrian_Alps.html
