attraction_name, attraction_rate, attraction_type, attraction_url, attraction_parent_url
Zahnmuseum Linz, 4.5, Museums, /Attraction_Review-g190428-d7192388-Reviews-Zahnmuseum_Linz-Linz_Upper_Austria.html, /Attractions-g190428-Activities-Linz_Upper_Austria.html
Tabakfabrik, 4.0, Museums, /Attraction_Review-g190428-d10090138-Reviews-Tabakfabrik-Linz_Upper_Austria.html, /Attractions-g190428-Activities-Linz_Upper_Austria.html
Volksgarten, 4.0, Nature & Parks, /Attraction_Review-g190428-d13297979-Reviews-Volksgarten-Linz_Upper_Austria.html, /Attractions-g190428-Activities-Linz_Upper_Austria.html
Tourist Information Linz, 4.0, Traveller Resources, /Attraction_Review-g190428-d11914595-Reviews-Tourist_Information_Linz-Linz_Upper_Austria.html, /Attractions-g190428-Activities-Linz_Upper_Austria.html
Herz Jesu Kirche, 4.5, Sights & Landmarks, /Attraction_Review-g190428-d12395628-Reviews-Herz_Jesu_Kirche-Linz_Upper_Austria.html, /Attractions-g190428-Activities-Linz_Upper_Austria.html
Wellnessoase Hummelhof, 3.5, Fun & Games, /Attraction_Review-g190428-d8855264-Reviews-Wellnessoase_Hummelhof-Linz_Upper_Austria.html, /Attractions-g190428-Activities-Linz_Upper_Austria.html
Nordico Stadtmuseum, 4.0, Museums, /Attraction_Review-g190428-d7887371-Reviews-Nordico_Stadtmuseum-Linz_Upper_Austria.html, /Attractions-g190428-Activities-Linz_Upper_Austria.html
Weikerlsee, 4.5, Nature & Parks, /Attraction_Review-g190428-d10507710-Reviews-Weikerlsee-Linz_Upper_Austria.html, /Attractions-g190428-Activities-Linz_Upper_Austria.html
Mural Harbor, 5.0, Sights & Landmarks, /Attraction_Review-g190428-d16648152-Reviews-Mural_Harbor-Linz_Upper_Austria.html, /Attractions-g190428-Activities-Linz_Upper_Austria.html
Mozarthaus, 3.5, Sights & Landmarks, /Attraction_Review-g190428-d11913119-Reviews-Mozarthaus-Linz_Upper_Austria.html, /Attractions-g190428-Activities-Linz_Upper_Austria.html
Brunnhofer Galerie, 5.0, Museums, /Attraction_Review-g190428-d7698592-Reviews-Brunnhofer_Galerie-Linz_Upper_Austria.html, /Attractions-g190428-Activities-Linz_Upper_Austria.html
Linzer Stadtpark, 4.0, Nature & Parks, /Attraction_Review-g190428-d11913131-Reviews-Linzer_Stadtpark-Linz_Upper_Austria.html, /Attractions-g190428-Activities-Linz_Upper_Austria.html
Altstadt, 4.0, Other, /Attraction_Review-g190428-d17598573-Reviews-Altstadt-Linz_Upper_Austria.html, /Attractions-g190428-Activities-Linz_Upper_Austria.html
Zeitgeschichteausstellung 1938-1945, 5.0, Museums, /Attraction_Review-g190428-d8662418-Reviews-Zeitgeschichteausstellung_1938_1945-Linz_Upper_Austria.html, /Attractions-g190428-Activities-Linz_Upper_Austria.html
Foto Gallerie - Die Bühne der Fotokunst, 4.5, Museums, /Attraction_Review-g190428-d10176675-Reviews-Foto_Gallerie_Die_Buhne_der_Fotokunst-Linz_Upper_Austria.html, /Attractions-g190428-Activities-Linz_Upper_Austria.html
Martin Luther Kirche, 3.0, Sights & Landmarks, /Attraction_Review-g190428-d12593484-Reviews-Martin_Luther_Kirche-Linz_Upper_Austria.html, /Attractions-g190428-Activities-Linz_Upper_Austria.html
Die Marktbrauerei - Linzer Biermanufaktur, 5.0, Food & Drink, /Attraction_Review-g190428-d17346343-Reviews-Die_Marktbrauerei_Linzer_Biermanufaktur-Linz_Upper_Austria.html, /Attractions-g190428-Activities-Linz_Upper_Austria.html
Landesbibliothek, 4.5, Traveller Resources, /Attraction_Review-g190428-d11913112-Reviews-Landesbibliothek-Linz_Upper_Austria.html, /Attractions-g190428-Activities-Linz_Upper_Austria.html
Lentia City, 5.0, Shopping, /Attraction_Review-g190428-d15562937-Reviews-Lentia_City-Linz_Upper_Austria.html, /Attractions-g190428-Activities-Linz_Upper_Austria.html
Stadtpfarrkirche Urfahr, 3.5, Sights & Landmarks, /Attraction_Review-g190428-d10856914-Reviews-Stadtpfarrkirche_Urfahr-Linz_Upper_Austria.html, /Attractions-g190428-Activities-Linz_Upper_Austria.html
Stifterhaus, 4.0, Museums, /Attraction_Review-g190428-d7834513-Reviews-Stifterhaus-Linz_Upper_Austria.html, /Attractions-g190428-Activities-Linz_Upper_Austria.html
OK Offenes Kulturhaus Oberösterreich, 4.0, Museums, /Attraction_Review-g190428-d11913122-Reviews-OK_Offenes_Kulturhaus_Oberosterreich-Linz_Upper_Austria.html, /Attractions-g190428-Activities-Linz_Upper_Austria.html
Atelierhaus Salzamt, 5.0, Museums, /Attraction_Review-g190428-d15564441-Reviews-Atelierhaus_Salzamt-Linz_Upper_Austria.html, /Attractions-g190428-Activities-Linz_Upper_Austria.html
Johannes Kepler University, 4.0, Sights & Landmarks, /Attraction_Review-g190428-d13139223-Reviews-Johannes_Kepler_University-Linz_Upper_Austria.html, /Attractions-g190428-Activities-Linz_Upper_Austria.html
Stadion der Stadt Linz, 2.5, Sights & Landmarks, /Attraction_Review-g190428-d11913132-Reviews-Stadion_der_Stadt_Linz-Linz_Upper_Austria.html, /Attractions-g190428-Activities-Linz_Upper_Austria.html
Tribune Linz - Theater am Sudbahnhofmarkt, 5.0, Concerts & Shows, /Attraction_Review-g190428-d17441505-Reviews-Tribune_Linz_Theater_am_Sudbahnhofmarkt-Linz_Upper_Austria.html, /Attractions-g190428-Activities-Linz_Upper_Austria.html
Kepler Salon, 4.0, Sights & Landmarks, /Attraction_Review-g190428-d11914600-Reviews-Kepler_Salon-Linz_Upper_Austria.html, /Attractions-g190428-Activities-Linz_Upper_Austria.html
Bischofshof der Diözese Linz, 3.0, Sights & Landmarks, /Attraction_Review-g190428-d15566900-Reviews-Bischofshof_der_Diozese_Linz-Linz_Upper_Austria.html, /Attractions-g190428-Activities-Linz_Upper_Austria.html
Palais Mannstorff, 3.0, Shopping, /Attraction_Review-g190428-d15575815-Reviews-Palais_Mannstorff-Linz_Upper_Austria.html, /Attractions-g190428-Activities-Linz_Upper_Austria.html
Adalbert Stifter Denkmal, 4.0, Sights & Landmarks, /Attraction_Review-g190428-d17839576-Reviews-Adalbert_Stifter_Denkmal-Linz_Upper_Austria.html, /Attractions-g190428-Activities-Linz_Upper_Austria.html
