attraction_name, attraction_rate, attraction_type, attraction_url, attraction_parent_url
Katholische Pfarrkirche St. Barbara und Agatha, 4.0, Sights & Landmarks, /Attraction_Review-g2208339-d17594655-Reviews-Katholische_Pfarrkirche_St_Barbara_und_Agatha-Bad_Pirawarth_Lower_Austria.html, /Attractions-g2208339-Activities-Bad_Pirawarth_Lower_Austria.html
Schaugarten Saubergen, None, Nature & Parks, /Attraction_Review-g2208339-d20893871-Reviews-Schaugarten_Saubergen-Bad_Pirawarth_Lower_Austria.html, /Attractions-g2208339-Activities-Bad_Pirawarth_Lower_Austria.html
Weingut Holzmann, None, Food & Drink, /Attraction_Review-g2208339-d20895281-Reviews-Weingut_Holzmann-Bad_Pirawarth_Lower_Austria.html, /Attractions-g2208339-Activities-Bad_Pirawarth_Lower_Austria.html
Weingut Kletzer, None, Food & Drink, /Attraction_Review-g2208339-d20895282-Reviews-Weingut_Kletzer-Bad_Pirawarth_Lower_Austria.html, /Attractions-g2208339-Activities-Bad_Pirawarth_Lower_Austria.html
Weingut Stich-Gaismayer, None, Food & Drink, /Attraction_Review-g2208339-d17599785-Reviews-Weingut_Stich_Gaismayer-Bad_Pirawarth_Lower_Austria.html, /Attractions-g2208339-Activities-Bad_Pirawarth_Lower_Austria.html
Weingut Hofmeister, None, Food & Drink, /Attraction_Review-g2208339-d17599792-Reviews-Weingut_Hofmeister-Bad_Pirawarth_Lower_Austria.html, /Attractions-g2208339-Activities-Bad_Pirawarth_Lower_Austria.html
Bioweinbau Putz, None, Food & Drink, /Attraction_Review-g2208339-d17599839-Reviews-Bioweinbau_Putz-Bad_Pirawarth_Lower_Austria.html, /Attractions-g2208339-Activities-Bad_Pirawarth_Lower_Austria.html
Kollnbrunner Bauernladen, None, Food & Drink, /Attraction_Review-g2208339-d17599825-Reviews-Kollnbrunner_Bauernladen-Bad_Pirawarth_Lower_Austria.html, /Attractions-g2208339-Activities-Bad_Pirawarth_Lower_Austria.html
Weingut Heinz Bauer, None, Food & Drink, /Attraction_Review-g2208339-d17599852-Reviews-Weingut_Heinz_Bauer-Bad_Pirawarth_Lower_Austria.html, /Attractions-g2208339-Activities-Bad_Pirawarth_Lower_Austria.html
