attraction_name, attraction_rate, attraction_type, attraction_url, attraction_parent_url
Heiliger Stein, 4.0, Sights & Landmarks, /Attraction_Review-g12952686-d15007652-Reviews-Heiliger_Stein-Unterretzbach_Lower_Austria.html, /Attractions-g12952686-Activities-Unterretzbach_Lower_Austria.html
Rockabilly Weinkult, 5.0, Shopping, /Attraction_Review-g12952686-d12932509-Reviews-Rockabilly_Weinkult-Unterretzbach_Lower_Austria.html, /Attractions-g12952686-Activities-Unterretzbach_Lower_Austria.html
Weingut Rucker, 5.0, Food & Drink, /Attraction_Review-g12952686-d21246001-Reviews-Weingut_Rucker-Unterretzbach_Lower_Austria.html, /Attractions-g12952686-Activities-Unterretzbach_Lower_Austria.html
Weingut Grenzlandhof Raab, None, Food & Drink, /Attraction_Review-g12952686-d15027739-Reviews-Weingut_Grenzlandhof_Raab-Unterretzbach_Lower_Austria.html, /Attractions-g12952686-Activities-Unterretzbach_Lower_Austria.html
Pfarrkirche St. Jakob Unterretzbach, None, Sights & Landmarks, /Attraction_Review-g12952686-d15026686-Reviews-Pfarrkirche_St_Jakob_Unterretzbach-Unterretzbach_Lower_Austria.html, /Attractions-g12952686-Activities-Unterretzbach_Lower_Austria.html
Weingut Hofbauer, None, Food & Drink, /Attraction_Review-g12952686-d20362212-Reviews-Weingut_Hofbauer-Unterretzbach_Lower_Austria.html, /Attractions-g12952686-Activities-Unterretzbach_Lower_Austria.html
Weingut Teufelsbauer, None, Food & Drink, /Attraction_Review-g12952686-d21252241-Reviews-Weingut_Teufelsbauer-Unterretzbach_Lower_Austria.html, /Attractions-g12952686-Activities-Unterretzbach_Lower_Austria.html
Weinbau Polz, None, Food & Drink, /Attraction_Review-g12952686-d21340102-Reviews-Weinbau_Polz-Unterretzbach_Lower_Austria.html, /Attractions-g12952686-Activities-Unterretzbach_Lower_Austria.html
Weingut Valerie Stolberg, None, Food & Drink, /Attraction_Review-g12952686-d21339587-Reviews-Weingut_Valerie_Stolberg-Unterretzbach_Lower_Austria.html, /Attractions-g12952686-Activities-Unterretzbach_Lower_Austria.html
Keramik°5 - Atelier Parzer Silvia - Töpferei und Malerei, None, Shopping, /Attraction_Review-g12952686-d21339585-Reviews-Keramik_5_Atelier_Parzer_Silvia_Topferei_und_Malerei-Unterretzbach_Lower_Austr.html, /Attractions-g12952686-Activities-Unterretzbach_Lower_Austria.html
Die Angergärten In Unterretzbach, None, Nature & Parks, /Attraction_Review-g12952686-d21338940-Reviews-Die_Angergarten_In_Unterretzbach-Unterretzbach_Lower_Austria.html, /Attractions-g12952686-Activities-Unterretzbach_Lower_Austria.html
Weingut Sonnenhügel, None, Food & Drink, /Attraction_Review-g12952686-d17464860-Reviews-Weingut_Sonnenhugel-Unterretzbach_Lower_Austria.html, /Attractions-g12952686-Activities-Unterretzbach_Lower_Austria.html
Weingut Toifl, None, Food & Drink, /Attraction_Review-g12952686-d17464871-Reviews-Weingut_Toifl-Unterretzbach_Lower_Austria.html, /Attractions-g12952686-Activities-Unterretzbach_Lower_Austria.html
