attraction_name, attraction_rate, attraction_type, attraction_url, attraction_parent_url
Konigsleiten Mountain Cable Car, 4.5, Transportation, /Attraction_Review-g2273690-d12851131-Reviews-Konigsleiten_Mountain_Cable_Car-Koenigsleiten_Austrian_Alps.html, /Attractions-g2273690-Activities-Koenigsleiten_Austrian_Alps.html
Jodelwanderweg, 4.5, Nature & Parks, /Attraction_Review-g2273690-d12593476-Reviews-Jodelwanderweg-Koenigsleiten_Austrian_Alps.html, /Attractions-g2273690-Activities-Koenigsleiten_Austrian_Alps.html
Alpenwelt FelsenBAD&amp;SPA, 4.5, Spas & Wellness, /Attraction_Review-g2273690-d12080625-Reviews-Alpenwelt_FelsenBAD_SPA-Koenigsleiten_Austrian_Alps.html, /Attractions-g2273690-Activities-Koenigsleiten_Austrian_Alps.html
Hannes' Alm, 3.0, Nightlife, /Attraction_Review-g2273690-d19838937-Reviews-Hannes_Alm-Koenigsleiten_Austrian_Alps.html, /Attractions-g2273690-Activities-Koenigsleiten_Austrian_Alps.html
