attraction_name, attraction_rate, attraction_type, attraction_url, attraction_parent_url
Skischaukel Radstadt - Altenmarkt, 4.0, Nature & Parks, /Attraction_Review-g1056040-d15675578-Reviews-Skischaukel_Radstadt_Altenmarkt-Radstadt_Austrian_Alps.html, /Attractions-g1056040-Activities-Radstadt_Austrian_Alps.html
Radstädter Radgarten, 4.0, Sights & Landmarks, /Attraction_Review-g1056040-d8720073-Reviews-Radstadter_Radgarten-Radstadt_Austrian_Alps.html, /Attractions-g1056040-Activities-Radstadt_Austrian_Alps.html
Tourismusverband Radstadt, 4.0, Traveller Resources, /Attraction_Review-g1056040-d12698956-Reviews-Tourismusverband_Radstadt-Radstadt_Austrian_Alps.html, /Attractions-g1056040-Activities-Radstadt_Austrian_Alps.html
Schloss Mauer, 3.0, Sights & Landmarks, /Attraction_Review-g1056040-d12696268-Reviews-Schloss_Mauer-Radstadt_Austrian_Alps.html, /Attractions-g1056040-Activities-Radstadt_Austrian_Alps.html
Golfclub Radstadt, 4.5, Outdoor Activities, /Attraction_Review-g1056040-d10856943-Reviews-Golfclub_Radstadt-Radstadt_Austrian_Alps.html, /Attractions-g1056040-Activities-Radstadt_Austrian_Alps.html
Schloss Tandalier Radstadt, 5.0, Sights & Landmarks, /Attraction_Review-g1056040-d12696201-Reviews-Schloss_Tandalier_Radstadt-Radstadt_Austrian_Alps.html, /Attractions-g1056040-Activities-Radstadt_Austrian_Alps.html
Rossbrand, 1.0, Nature & Parks, /Attraction_Review-g1056040-d13230970-Reviews-Rossbrand-Radstadt_Austrian_Alps.html, /Attractions-g1056040-Activities-Radstadt_Austrian_Alps.html
Radstaedter Nachtwaechter, None, Tours, /Attraction_Review-g1056040-d12698963-Reviews-Radstaedter_Nachtwaechter-Radstadt_Austrian_Alps.html, /Attractions-g1056040-Activities-Radstadt_Austrian_Alps.html
Kulturkreis Das Zentrum Radstadt, None, Sights & Landmarks, /Attraction_Review-g1056040-d12698972-Reviews-Kulturkreis_Das_Zentrum_Radstadt-Radstadt_Austrian_Alps.html, /Attractions-g1056040-Activities-Radstadt_Austrian_Alps.html
Schwimmbad Radstadt, None, Fun & Games, /Attraction_Review-g1056040-d12698983-Reviews-Schwimmbad_Radstadt-Radstadt_Austrian_Alps.html, /Attractions-g1056040-Activities-Radstadt_Austrian_Alps.html
Sportzentrum, None, Fun & Games, /Attraction_Review-g1056040-d12698978-Reviews-Sportzentrum-Radstadt_Austrian_Alps.html, /Attractions-g1056040-Activities-Radstadt_Austrian_Alps.html
Kapuzinerturm, None, Sights & Landmarks, /Attraction_Review-g1056040-d12696112-Reviews-Kapuzinerturm-Radstadt_Austrian_Alps.html, /Attractions-g1056040-Activities-Radstadt_Austrian_Alps.html
Stadtpfarrkirche Maria Himmelfahrt, None, Sights & Landmarks, /Attraction_Review-g1056040-d12696117-Reviews-Stadtpfarrkirche_Maria_Himmelfahrt-Radstadt_Austrian_Alps.html, /Attractions-g1056040-Activities-Radstadt_Austrian_Alps.html
Schloss Lerchen, None, Sights & Landmarks, /Attraction_Review-g1056040-d12696119-Reviews-Schloss_Lerchen-Radstadt_Austrian_Alps.html, /Attractions-g1056040-Activities-Radstadt_Austrian_Alps.html
Ehemalige Kapuzinerklosterkirche - Filialkirche Maria Empfängnis, None, Sights & Landmarks, /Attraction_Review-g1056040-d12696120-Reviews-Ehemalige_Kapuzinerklosterkirche_Filialkirche_Maria_Empfangnis-Radstadt_Austria.html, /Attractions-g1056040-Activities-Radstadt_Austrian_Alps.html
Wallfahrtskirche &&&&Maria Loreto ob den Lerchen', None, Sights & Landmarks, /Attraction_Review-g1056040-d12696195-Reviews-Wallfahrtskirche_Maria_Loreto_ob_den_Lerchen-Radstadt_Austrian_Alps.html, /Attractions-g1056040-Activities-Radstadt_Austrian_Alps.html
Bezirksgericht Radstadt, None, Sights & Landmarks, /Attraction_Review-g1056040-d12696197-Reviews-Bezirksgericht_Radstadt-Radstadt_Austrian_Alps.html, /Attractions-g1056040-Activities-Radstadt_Austrian_Alps.html
Stadtbibliothek Radstadt, None, Traveller Resources, /Attraction_Review-g1056040-d12696203-Reviews-Stadtbibliothek_Radstadt-Radstadt_Austrian_Alps.html, /Attractions-g1056040-Activities-Radstadt_Austrian_Alps.html
Wallner Strick, None, Shopping, /Attraction_Review-g1056040-d12539039-Reviews-Wallner_Strick-Radstadt_Austrian_Alps.html, /Attractions-g1056040-Activities-Radstadt_Austrian_Alps.html
Dachstein-Destillerie, None, Food & Drink, /Attraction_Review-g1056040-d15003713-Reviews-Dachstein_Destillerie-Radstadt_Austrian_Alps.html, /Attractions-g1056040-Activities-Radstadt_Austrian_Alps.html
