attraction_name, attraction_rate, attraction_type, attraction_url, attraction_parent_url
Jagersee, 5.0, Nature & Parks, /Attraction_Review-g1010306-d17390696-Reviews-Jagersee-Kleinarl_Austrian_Alps.html, /Attractions-g1010306-Activities-Kleinarl_Austrian_Alps.html
Sky Amade Flachauwinkl-Kleinarl, 5.0, Nature & Parks, /Attraction_Review-g1010306-d20200814-Reviews-Sky_Amade_Flachauwinkl_Kleinarl-Kleinarl_Austrian_Alps.html, /Attractions-g1010306-Activities-Kleinarl_Austrian_Alps.html
kletter-welt, 5.0, Tours, /Attraction_Review-g1010306-d12838044-Reviews-Kletter_welt-Kleinarl_Austrian_Alps.html, /Attractions-g1010306-Activities-Kleinarl_Austrian_Alps.html
Kraft der Baume Lehrpfad, None, Nature & Parks, /Attraction_Review-g1010306-d14863268-Reviews-Kraft_der_Baume_Lehrpfad-Kleinarl_Austrian_Alps.html, /Attractions-g1010306-Activities-Kleinarl_Austrian_Alps.html
