attraction_name, attraction_rate, attraction_type, attraction_url, attraction_parent_url
Wallfahrtskirche Maria Helfbrunn in der Südoststeiermark, 4.0, Sights & Landmarks, /Attraction_Review-g8480284-d15010501-Reviews-Wallfahrtskirche_Maria_Helfbrunn_in_der_Sudoststeiermark-Deutsch_Goritz_Styria.html, /Attractions-g8480284-Activities-Deutsch_Goritz_Styria.html
Wallfahrtskirche Maria Helfbrunn, 4.0, Sights & Landmarks, /Attraction_Review-g8480284-d5111377-Reviews-Wallfahrtskirche_Maria_Helfbrunn-Deutsch_Goritz_Styria.html, /Attractions-g8480284-Activities-Deutsch_Goritz_Styria.html
Pechmann's Old Oil Mill, 4.5, Tours, /Attraction_Review-g8480284-d195613-Reviews-Pechmann_s_Old_Oil_Mill-Deutsch_Goritz_Styria.html, /Attractions-g8480284-Activities-Deutsch_Goritz_Styria.html
Römerzeitliches Museum Ratschendorf, None, Museums, /Attraction_Review-g8480284-d15010470-Reviews-Romerzeitliches_Museum_Ratschendorf-Deutsch_Goritz_Styria.html, /Attractions-g8480284-Activities-Deutsch_Goritz_Styria.html
Pfarre Deutsch Goritz - Kath. Pfarrkirche Unbefleckte Empfängnis, None, Sights & Landmarks, /Attraction_Review-g8480284-d15010473-Reviews-Pfarre_Deutsch_Goritz_Kath_Pfarrkirche_Unbefleckte_Empfangnis-Deutsch_Goritz_St.html, /Attractions-g8480284-Activities-Deutsch_Goritz_Styria.html
