attraction_name, attraction_rate, attraction_type, attraction_url, attraction_parent_url
Rust Old Town, 4.5, Sights & Landmarks, /Attraction_Review-g635760-d13693256-Reviews-Rust_Old_Town-Rust_Burgenland.html, /Attractions-g635760-Activities-Rust_Burgenland.html
Fischerkirche, 4.5, Sights & Landmarks, /Attraction_Review-g635760-d7646993-Reviews-Fischerkirche-Rust_Burgenland.html, /Attractions-g635760-Activities-Rust_Burgenland.html
Weingut Feiler-Artinger, 5.0, Food & Drink, /Attraction_Review-g635760-d7646995-Reviews-Weingut_Feiler_Artinger-Rust_Burgenland.html, /Attractions-g635760-Activities-Rust_Burgenland.html
Weingut Wartha A.u.E., 5.0, Food & Drink, /Attraction_Review-g635760-d10356521-Reviews-Weingut_Wartha_A_u_E-Rust_Burgenland.html, /Attractions-g635760-Activities-Rust_Burgenland.html
Katholische Stadtpfarrkirche zur Heiligsten Dreifaltigkeit, 4.0, Sights & Landmarks, /Attraction_Review-g635760-d10356528-Reviews-Katholische_Stadtpfarrkirche_zur_Heiligsten_Dreifaltigkeit-Rust_Burgenland.html, /Attractions-g635760-Activities-Rust_Burgenland.html
Kremayrhaus-Stadtmuseum Rust, 4.5, Museums, /Attraction_Review-g635760-d15004929-Reviews-Kremayrhaus_Stadtmuseum_Rust-Rust_Burgenland.html, /Attractions-g635760-Activities-Rust_Burgenland.html
Weingut Elfenhof, 4.0, Food & Drink, /Attraction_Review-g635760-d7649848-Reviews-Weingut_Elfenhof-Rust_Burgenland.html, /Attractions-g635760-Activities-Rust_Burgenland.html
Weingut Triebaumer, 5.0, Food & Drink, /Attraction_Review-g635760-d7646994-Reviews-Weingut_Triebaumer-Rust_Burgenland.html, /Attractions-g635760-Activities-Rust_Burgenland.html
Weinbau Conrad, 4.0, Food & Drink, /Attraction_Review-g635760-d7649847-Reviews-Weinbau_Conrad-Rust_Burgenland.html, /Attractions-g635760-Activities-Rust_Burgenland.html
Paddelzentrum Rust, 5.0, Boat Tours & Water Sports, /Attraction_Review-g635760-d6433720-Reviews-Paddelzentrum_Rust-Rust_Burgenland.html, /Attractions-g635760-Activities-Rust_Burgenland.html
sail.at KREINDL - Segelschule Rust, 5.0, Boat Tours & Water Sports, /Attraction_Review-g635760-d16878888-Reviews-Sail_at_KREINDL_Segelschule_Rust-Rust_Burgenland.html, /Attractions-g635760-Activities-Rust_Burgenland.html
MW Markus Wiesinger, 5.0, Shopping, /Attraction_Review-g635760-d16841614-Reviews-MW_Markus_Wiesinger-Rust_Burgenland.html, /Attractions-g635760-Activities-Rust_Burgenland.html
Ceelmarine, 5.0, Boat Tours & Water Sports, /Attraction_Review-g635760-d10727326-Reviews-Ceelmarine-Rust_Burgenland.html, /Attractions-g635760-Activities-Rust_Burgenland.html
Tourismusverband Freistadt Rust, 4.0, Traveller Resources, /Attraction_Review-g635760-d15009580-Reviews-Tourismusverband_Freistadt_Rust-Rust_Burgenland.html, /Attractions-g635760-Activities-Rust_Burgenland.html
Rust Schifffahrt Schreiner, 4.0, Boat Tours & Water Sports, /Attraction_Review-g635760-d14055603-Reviews-Rust_Schifffahrt_Schreiner-Rust_Burgenland.html, /Attractions-g635760-Activities-Rust_Burgenland.html
Kral Steffanus, None, Food & Drink, /Attraction_Review-g635760-d20913626-Reviews-Kral_Steffanus-Rust_Burgenland.html, /Attractions-g635760-Activities-Rust_Burgenland.html
Weinbau Tremmel, None, Food & Drink, /Attraction_Review-g635760-d7649846-Reviews-Weinbau_Tremmel-Rust_Burgenland.html, /Attractions-g635760-Activities-Rust_Burgenland.html
Weingut D.I. Ladislaus Török, None, Food & Drink, /Attraction_Review-g635760-d7649850-Reviews-Weingut_D_I_Ladislaus_Torok-Rust_Burgenland.html, /Attractions-g635760-Activities-Rust_Burgenland.html
Weingut Rudolf Bachkoenig, None, Food & Drink, /Attraction_Review-g635760-d7646996-Reviews-Weingut_Rudolf_Bachkoenig-Rust_Burgenland.html, /Attractions-g635760-Activities-Rust_Burgenland.html
Weingut Storchenhof, None, Food & Drink, /Attraction_Review-g635760-d7646998-Reviews-Weingut_Storchenhof-Rust_Burgenland.html, /Attractions-g635760-Activities-Rust_Burgenland.html
Weinbau Beilschmidt, None, Food & Drink, /Attraction_Review-g635760-d7646997-Reviews-Weinbau_Beilschmidt-Rust_Burgenland.html, /Attractions-g635760-Activities-Rust_Burgenland.html
Evangelische Kirche - Rust, None, Sights & Landmarks, /Attraction_Review-g635760-d15004945-Reviews-Evangelische_Kirche_Rust-Rust_Burgenland.html, /Attractions-g635760-Activities-Rust_Burgenland.html
Atelier Martha Treiber, None, Museums, /Attraction_Review-g635760-d15005088-Reviews-Atelier_Martha_Treiber-Rust_Burgenland.html, /Attractions-g635760-Activities-Rust_Burgenland.html
Seehof Rust, None, Sights & Landmarks, /Attraction_Review-g635760-d15004944-Reviews-Seehof_Rust-Rust_Burgenland.html, /Attractions-g635760-Activities-Rust_Burgenland.html
