attraction_name, attraction_rate, attraction_type, attraction_url, attraction_parent_url
Sackstrasse, 4.5, Sights & Landmarks, /Attraction_Review-g190432-d592725-Reviews-Sackstrasse-Graz_Styria.html, /Attractions-g190432-Activities-Graz_Styria.html
Church of the Franciscans (Franziskanerkirche), 4.5, Sights & Landmarks, /Attraction_Review-g190432-d592787-Reviews-Church_of_the_Franciscans_Franziskanerkirche-Graz_Styria.html, /Attractions-g190432-Activities-Graz_Styria.html
Murpark Shopping Center, 4.0, Shopping, /Attraction_Review-g190432-d2425557-Reviews-Murpark_Shopping_Center-Graz_Styria.html, /Attractions-g190432-Activities-Graz_Styria.html
Church of Our Lady of Succor (Mariahilferkirche), 4.0, Sights & Landmarks, /Attraction_Review-g190432-d535010-Reviews-Church_of_Our_Lady_of_Succor_Mariahilferkirche-Graz_Styria.html, /Attractions-g190432-Activities-Graz_Styria.html
Grazer Spielzeugmuseum Preschan, 4.0, Museums, /Attraction_Review-g190432-d15026297-Reviews-Grazer_Spielzeugmuseum_Preschan-Graz_Styria.html, /Attractions-g190432-Activities-Graz_Styria.html
Bauernmarkt am Lendplatz, 4.5, Shopping, /Attraction_Review-g190432-d241111-Reviews-Bauernmarkt_am_Lendplatz-Graz_Styria.html, /Attractions-g190432-Activities-Graz_Styria.html
Stadtpfarrkirche, 4.0, Sights & Landmarks, /Attraction_Review-g190432-d267699-Reviews-Stadtpfarrkirche-Graz_Styria.html, /Attractions-g190432-Activities-Graz_Styria.html
Herrengasse, 4.5, Sights & Landmarks, /Attraction_Review-g190432-d15049082-Reviews-Herrengasse-Graz_Styria.html, /Attractions-g190432-Activities-Graz_Styria.html
Kalvarienberg Graz, 4.5, Sights & Landmarks, /Attraction_Review-g190432-d5324686-Reviews-Kalvarienberg_Graz-Graz_Styria.html, /Attractions-g190432-Activities-Graz_Styria.html
MuWa -- Museum of Perception ( Museum der Wahrnehmung), 4.5, Museums, /Attraction_Review-g190432-d592698-Reviews-MuWa_Museum_of_Perception_Museum_der_Wahrnehmung-Graz_Styria.html, /Attractions-g190432-Activities-Graz_Styria.html
Leech Forest (Leechwald), 4.5, Nature & Parks, /Attraction_Review-g190432-d592748-Reviews-Leech_Forest_Leechwald-Graz_Styria.html, /Attractions-g190432-Activities-Graz_Styria.html
Rettenbachklamm, 5.0, Nature & Parks, /Attraction_Review-g190432-d8605208-Reviews-Rettenbachklamm-Graz_Styria.html, /Attractions-g190432-Activities-Graz_Styria.html
Stadtpark, 4.0, Nature & Parks, /Attraction_Review-g190432-d592264-Reviews-Stadtpark-Graz_Styria.html, /Attractions-g190432-Activities-Graz_Styria.html
Erzherzog Johann Brunnen, 4.0, Sights & Landmarks, /Attraction_Review-g190432-d241122-Reviews-Erzherzog_Johann_Brunnen-Graz_Styria.html, /Attractions-g190432-Activities-Graz_Styria.html
Zentralfriedhof, 4.5, Sights & Landmarks, /Attraction_Review-g190432-d6684695-Reviews-Zentralfriedhof-Graz_Styria.html, /Attractions-g190432-Activities-Graz_Styria.html
Jakominiplatz, 3.0, Sights & Landmarks, /Attraction_Review-g190432-d592765-Reviews-Jakominiplatz-Graz_Styria.html, /Attractions-g190432-Activities-Graz_Styria.html
Step Church (Stiegenkirche), 4.0, Sights & Landmarks, /Attraction_Review-g190432-d592705-Reviews-Step_Church_Stiegenkirche-Graz_Styria.html, /Attractions-g190432-Activities-Graz_Styria.html
HOPS Craft Beer Pub, 5.0, Food & Drink, /Attraction_Review-g190432-d17854070-Reviews-HOPS_Craft_Beer_Pub-Graz_Styria.html, /Attractions-g190432-Activities-Graz_Styria.html
Museum fuer Geschichte, 4.0, Museums, /Attraction_Review-g190432-d13355159-Reviews-Museum_fuer_Geschichte-Graz_Styria.html, /Attractions-g190432-Activities-Graz_Styria.html
GrazMuseum, 4.5, Museums, /Attraction_Review-g190432-d8458599-Reviews-GrazMuseum-Graz_Styria.html, /Attractions-g190432-Activities-Graz_Styria.html
Stallbastei, 4.5, Sights & Landmarks, /Attraction_Review-g190432-d592706-Reviews-Stallbastei-Graz_Styria.html, /Attractions-g190432-Activities-Graz_Styria.html
Johann Puch Museum, 4.0, Museums, /Attraction_Review-g190432-d9567510-Reviews-Johann_Puch_Museum-Graz_Styria.html, /Attractions-g190432-Activities-Graz_Styria.html
Gemaltes Haus, 4.0, Sights & Landmarks, /Attraction_Review-g190432-d12902575-Reviews-Gemaltes_Haus-Graz_Styria.html, /Attractions-g190432-Activities-Graz_Styria.html
Am eisernen Tor, 4.0, Sights & Landmarks, /Attraction_Review-g190432-d241125-Reviews-Am_eisernen_Tor-Graz_Styria.html, /Attractions-g190432-Activities-Graz_Styria.html
Stadthalle Graz, 3.5, Traveller Resources, /Attraction_Review-g190432-d286313-Reviews-Stadthalle_Graz-Graz_Styria.html, /Attractions-g190432-Activities-Graz_Styria.html
Schlossberglift, 4.5, Sights & Landmarks, /Attraction_Review-g190432-d14088124-Reviews-Schlossberglift-Graz_Styria.html, /Attractions-g190432-Activities-Graz_Styria.html
Freiheitsplatz, 4.0, Sights & Landmarks, /Attraction_Review-g190432-d592781-Reviews-Freiheitsplatz-Graz_Styria.html, /Attractions-g190432-Activities-Graz_Styria.html
Der Kleine Elefant, 3.5, Sights & Landmarks, /Attraction_Review-g190432-d12902614-Reviews-Der_Kleine_Elefant-Graz_Styria.html, /Attractions-g190432-Activities-Graz_Styria.html
CITYPARK, 4.5, Shopping, /Attraction_Review-g190432-d14102229-Reviews-CITYPARK-Graz_Styria.html, /Attractions-g190432-Activities-Graz_Styria.html
Casino Graz, 3.0, Casinos & Gambling, /Attraction_Review-g190432-d8296893-Reviews-Casino_Graz-Graz_Styria.html, /Attractions-g190432-Activities-Graz_Styria.html
