attraction_name, attraction_rate, attraction_type, attraction_url, attraction_parent_url
Eichenwald Weine, 5.0, Food & Drink, /Attraction_Review-g8734684-d10726126-Reviews-Eichenwald_Weine-Horitschon_Burgenland.html, /Attractions-g8734684-Activities-Horitschon_Burgenland.html
Weingut Weninger, 3.0, Food & Drink, /Attraction_Review-g8734684-d14113644-Reviews-Weingut_Weninger-Horitschon_Burgenland.html, /Attractions-g8734684-Activities-Horitschon_Burgenland.html
Vinothek Horitschon, 4.5, Food & Drink, /Attraction_Review-g8734684-d8732170-Reviews-Vinothek_Horitschon-Horitschon_Burgenland.html, /Attractions-g8734684-Activities-Horitschon_Burgenland.html
Weingut Paul Lehrner, None, Food & Drink, /Attraction_Review-g8734684-d14113650-Reviews-Weingut_Paul_Lehrner-Horitschon_Burgenland.html, /Attractions-g8734684-Activities-Horitschon_Burgenland.html
Weingut Gober, None, Food & Drink, /Attraction_Review-g8734684-d14113647-Reviews-Weingut_Gober-Horitschon_Burgenland.html, /Attractions-g8734684-Activities-Horitschon_Burgenland.html
RotweinHof Amminger, None, Food & Drink, /Attraction_Review-g8734684-d21230244-Reviews-RotweinHof_Amminger-Horitschon_Burgenland.html, /Attractions-g8734684-Activities-Horitschon_Burgenland.html
Domaine Mayrhofer, None, Food & Drink, /Attraction_Review-g8734684-d21230508-Reviews-Domaine_Mayrhofer-Horitschon_Burgenland.html, /Attractions-g8734684-Activities-Horitschon_Burgenland.html
IBY BioRotweingut, None, Food & Drink, /Attraction_Review-g8734684-d19157521-Reviews-IBY_BioRotweingut-Horitschon_Burgenland.html, /Attractions-g8734684-Activities-Horitschon_Burgenland.html
Weingut Wessely, None, Food & Drink, /Attraction_Review-g8734684-d19157518-Reviews-Weingut_Wessely-Horitschon_Burgenland.html, /Attractions-g8734684-Activities-Horitschon_Burgenland.html
BaderWein, None, Food & Drink, /Attraction_Review-g8734684-d19084113-Reviews-BaderWein-Horitschon_Burgenland.html, /Attractions-g8734684-Activities-Horitschon_Burgenland.html
Bioweingut Moritz, None, Food & Drink, /Attraction_Review-g8734684-d19084108-Reviews-Bioweingut_Moritz-Horitschon_Burgenland.html, /Attractions-g8734684-Activities-Horitschon_Burgenland.html
Rotweingut Maria Kerschbaum, None, Food & Drink, /Attraction_Review-g8734684-d19084118-Reviews-Rotweingut_Maria_Kerschbaum-Horitschon_Burgenland.html, /Attractions-g8734684-Activities-Horitschon_Burgenland.html
Weinhof Bauer-Poltl, None, Food & Drink, /Attraction_Review-g8734684-d19091430-Reviews-Weinhof_Bauer_Poltl-Horitschon_Burgenland.html, /Attractions-g8734684-Activities-Horitschon_Burgenland.html
Weingut Kerschbaum, None, Food & Drink, /Attraction_Review-g8734684-d19084102-Reviews-Weingut_Kerschbaum-Horitschon_Burgenland.html, /Attractions-g8734684-Activities-Horitschon_Burgenland.html
