attraction_name, attraction_rate, attraction_type, attraction_url, attraction_parent_url
Pfarrkirche Sankt Lorenzen ob Eibiswald, 5.0, Sights & Landmarks, /Attraction_Review-g1800399-d20332630-Reviews-Pfarrkirche_Sankt_Lorenzen_ob_Eibiswald-Eibiswald_Styria.html, /Attractions-g1800399-Activities-Eibiswald_Styria.html
Weingut Haring Vlg.Pichlippi, 5.0, Food & Drink, /Attraction_Review-g1800399-d20379102-Reviews-Weingut_Haring_Vlg_Pichlippi-Eibiswald_Styria.html, /Attractions-g1800399-Activities-Eibiswald_Styria.html
Hans Kloepfer Weg, 5.0, Nature & Parks, /Attraction_Review-g1800399-d20332577-Reviews-Hans_Kloepfer_Weg-Eibiswald_Styria.html, /Attractions-g1800399-Activities-Eibiswald_Styria.html
Bachbauer, 5.0, Sights & Landmarks, /Attraction_Review-g1800399-d20961477-Reviews-Bachbauer-Eibiswald_Styria.html, /Attractions-g1800399-Activities-Eibiswald_Styria.html
Erlebnisbad Eibiswald, None, Fun & Games, /Attraction_Review-g1800399-d20342886-Reviews-Erlebnisbad_Eibiswald-Eibiswald_Styria.html, /Attractions-g1800399-Activities-Eibiswald_Styria.html
Freibad St. Oswald ob Eibiswald, None, Fun & Games, /Attraction_Review-g1800399-d20342891-Reviews-Freibad_St_Oswald_ob_Eibiswald-Eibiswald_Styria.html, /Attractions-g1800399-Activities-Eibiswald_Styria.html
Stausee Soboth, None, Nature & Parks, /Attraction_Review-g1800399-d20332578-Reviews-Stausee_Soboth-Eibiswald_Styria.html, /Attractions-g1800399-Activities-Eibiswald_Styria.html
Katholische Pfarrkirche hl. Maria - Pfarrkirche Eibiswald, None, Sights & Landmarks, /Attraction_Review-g1800399-d20332576-Reviews-Katholische_Pfarrkirche_hl_Maria_Pfarrkirche_Eibiswald-Eibiswald_Styria.html, /Attractions-g1800399-Activities-Eibiswald_Styria.html
Pfarrkirche St. Oswald ob Eibiswald, None, Sights & Landmarks, /Attraction_Review-g1800399-d20332628-Reviews-Pfarrkirche_St_Oswald_ob_Eibiswald-Eibiswald_Styria.html, /Attractions-g1800399-Activities-Eibiswald_Styria.html
Filialkirche St. Anton in Bachholz/ Hl. Antonius der Einsiedler, None, Sights & Landmarks, /Attraction_Review-g1800399-d20332607-Reviews-Filialkirche_St_Anton_in_Bachholz_Hl_Antonius_der_Einsiedler-Eibiswald_Styria.html, /Attractions-g1800399-Activities-Eibiswald_Styria.html
Pfarrkirche Soboth, None, Sights & Landmarks, /Attraction_Review-g1800399-d20332629-Reviews-Pfarrkirche_Soboth-Eibiswald_Styria.html, /Attractions-g1800399-Activities-Eibiswald_Styria.html
Aussichtswarte Buchenberg, None, Sights & Landmarks, /Attraction_Review-g1800399-d15548838-Reviews-Aussichtswarte_Buchenberg-Eibiswald_Styria.html, /Attractions-g1800399-Activities-Eibiswald_Styria.html
