attraction_name, attraction_rate, attraction_type, attraction_url, attraction_parent_url
Schattberg X-press, 4.5, Nature & Parks, /Attraction_Review-g608663-d10731458-Reviews-Schattberg_X_press-Saalbach_Hinterglemm_Austrian_Alps.html, /Attractions-g608663-Activities-Saalbach_Hinterglemm_Austrian_Alps.html
Skicircus Saalbach Hinterglemm, 4.5, Nature & Parks, /Attraction_Review-g608663-d13444373-Reviews-Skicircus_Saalbach_Hinterglemm-Saalbach_Hinterglemm_Austrian_Alps.html, /Attractions-g608663-Activities-Saalbach_Hinterglemm_Austrian_Alps.html
Reiterkogelbahn, 4.5, Nature & Parks, /Attraction_Review-g608663-d3227879-Reviews-Reiterkogelbahn-Saalbach_Hinterglemm_Austrian_Alps.html, /Attractions-g608663-Activities-Saalbach_Hinterglemm_Austrian_Alps.html
Der Talschluss, 4.5, Nature & Parks, /Attraction_Review-g608663-d8012980-Reviews-Der_Talschluss-Saalbach_Hinterglemm_Austrian_Alps.html, /Attractions-g608663-Activities-Saalbach_Hinterglemm_Austrian_Alps.html
Baumzipfelweg, 4.5, Nature & Parks, /Attraction_Review-g608663-d8264507-Reviews-Baumzipfelweg-Saalbach_Hinterglemm_Austrian_Alps.html, /Attractions-g608663-Activities-Saalbach_Hinterglemm_Austrian_Alps.html
Zwolferkogelbahn, 4.5, Nature & Parks, /Attraction_Review-g608663-d9458527-Reviews-Zwolferkogelbahn-Saalbach_Hinterglemm_Austrian_Alps.html, /Attractions-g608663-Activities-Saalbach_Hinterglemm_Austrian_Alps.html
Kohlmaisgipfelbahn, 4.5, Transportation, /Attraction_Review-g608663-d10680401-Reviews-Kohlmaisgipfelbahn-Saalbach_Hinterglemm_Austrian_Alps.html, /Attractions-g608663-Activities-Saalbach_Hinterglemm_Austrian_Alps.html
Bike Circus Saalbach, 4.5, Nature & Parks, /Attraction_Review-g608663-d10287461-Reviews-Bike_Circus_Saalbach-Saalbach_Hinterglemm_Austrian_Alps.html, /Attractions-g608663-Activities-Saalbach_Hinterglemm_Austrian_Alps.html
Montelino' s Water Playground, 4.5, Fun & Games, /Attraction_Review-g608663-d12629795-Reviews-Montelino_s_Water_Playground-Saalbach_Hinterglemm_Austrian_Alps.html, /Attractions-g608663-Activities-Saalbach_Hinterglemm_Austrian_Alps.html
Pfarramt, 4.5, Sights & Landmarks, /Attraction_Review-g608663-d11866531-Reviews-Pfarramt-Saalbach_Hinterglemm_Austrian_Alps.html, /Attractions-g608663-Activities-Saalbach_Hinterglemm_Austrian_Alps.html
Berg Kodok, 5.0, Nature & Parks, /Attraction_Review-g608663-d18379538-Reviews-Berg_Kodok-Saalbach_Hinterglemm_Austrian_Alps.html, /Attractions-g608663-Activities-Saalbach_Hinterglemm_Austrian_Alps.html
Erlebnisweg Kohlmais, 4.5, Nature & Parks, /Attraction_Review-g608663-d17763493-Reviews-Erlebnisweg_Kohlmais-Saalbach_Hinterglemm_Austrian_Alps.html, /Attractions-g608663-Activities-Saalbach_Hinterglemm_Austrian_Alps.html
Snowacademy Saalbach, 4.5, Outdoor Activities, /Attraction_Review-g608663-d7787904-Reviews-Snowacademy_Saalbach-Saalbach_Hinterglemm_Austrian_Alps.html, /Attractions-g608663-Activities-Saalbach_Hinterglemm_Austrian_Alps.html
Sport Hagleitner, 4.0, Shopping, /Attraction_Review-g608663-d1737981-Reviews-Sport_Hagleitner-Saalbach_Hinterglemm_Austrian_Alps.html, /Attractions-g608663-Activities-Saalbach_Hinterglemm_Austrian_Alps.html
Montelino sur le Kohlmais, 5.0, Outdoor Activities, /Attraction_Review-g608663-d4831698-Reviews-Montelino_sur_le_Kohlmais-Saalbach_Hinterglemm_Austrian_Alps.html, /Attractions-g608663-Activities-Saalbach_Hinterglemm_Austrian_Alps.html
Piscine Découverte du Cap’taine Crochet, 4.5, Fun & Games, /Attraction_Review-g608663-d4922051-Reviews-Piscine_Decouverte_du_Cap_taine_Crochet-Saalbach_Hinterglemm_Austrian_Alps.html, /Attractions-g608663-Activities-Saalbach_Hinterglemm_Austrian_Alps.html
Hochseilpark, 4.0, Tours, /Attraction_Review-g608663-d12726635-Reviews-Hochseilpark-Saalbach_Hinterglemm_Austrian_Alps.html, /Attractions-g608663-Activities-Saalbach_Hinterglemm_Austrian_Alps.html
Minigolf, 4.5, Fun & Games, /Attraction_Review-g608663-d11550008-Reviews-Minigolf-Saalbach_Hinterglemm_Austrian_Alps.html, /Attractions-g608663-Activities-Saalbach_Hinterglemm_Austrian_Alps.html
Skischule Zink Saalbach, 5.0, Outdoor Activities, /Attraction_Review-g608663-d9570021-Reviews-Skischule_Zink_Saalbach-Saalbach_Hinterglemm_Austrian_Alps.html, /Attractions-g608663-Activities-Saalbach_Hinterglemm_Austrian_Alps.html
Off Piste Bar, 5.0, Nightlife, /Attraction_Review-g608663-d19767744-Reviews-Off_Piste_Bar-Saalbach_Hinterglemm_Austrian_Alps.html, /Attractions-g608663-Activities-Saalbach_Hinterglemm_Austrian_Alps.html
Club Castello Saalbach, 4.0, Nightlife, /Attraction_Review-g608663-d7640323-Reviews-Club_Castello_Saalbach-Saalbach_Hinterglemm_Austrian_Alps.html, /Attractions-g608663-Activities-Saalbach_Hinterglemm_Austrian_Alps.html
Black Sheep Ski, 4.5, Classes & Workshops, /Attraction_Review-g608663-d2446870-Reviews-Black_Sheep_Ski-Saalbach_Hinterglemm_Austrian_Alps.html, /Attractions-g608663-Activities-Saalbach_Hinterglemm_Austrian_Alps.html
The Good Old Pub Crawl, 5.0, Nightlife, /Attraction_Review-g608663-d13795199-Reviews-The_Good_Old_Pub_Crawl-Saalbach_Hinterglemm_Austrian_Alps.html, /Attractions-g608663-Activities-Saalbach_Hinterglemm_Austrian_Alps.html
Kartbahn Saalbach, 5.0, Fun & Games, /Attraction_Review-g608663-d15027560-Reviews-Kartbahn_Saalbach-Saalbach_Hinterglemm_Austrian_Alps.html, /Attractions-g608663-Activities-Saalbach_Hinterglemm_Austrian_Alps.html
Skischule Saalbach - Fürstauer, 3.5, Outdoor Activities, /Attraction_Review-g608663-d8511616-Reviews-Skischule_Saalbach_Furstauer-Saalbach_Hinterglemm_Austrian_Alps.html, /Attractions-g608663-Activities-Saalbach_Hinterglemm_Austrian_Alps.html
Fly`n Soul Tandemparagliding, 5.0, Boat Tours & Water Sports, /Attraction_Review-g608663-d21043082-Reviews-Fly_n_Soul_Tandemparagliding-Saalbach_Hinterglemm_Austrian_Alps.html, /Attractions-g608663-Activities-Saalbach_Hinterglemm_Austrian_Alps.html
Skifurst-Rent a Ski, 4.0, Outdoor Activities, /Attraction_Review-g608663-d9798030-Reviews-Skifurst_Rent_a_Ski-Saalbach_Hinterglemm_Austrian_Alps.html, /Attractions-g608663-Activities-Saalbach_Hinterglemm_Austrian_Alps.html
Nightbar KUHSTALL, 4.0, Nightlife, /Attraction_Review-g608663-d4891144-Reviews-Nightbar_KUHSTALL-Saalbach_Hinterglemm_Austrian_Alps.html, /Attractions-g608663-Activities-Saalbach_Hinterglemm_Austrian_Alps.html
UnderBar, 3.5, Nightlife, /Attraction_Review-g608663-d4096332-Reviews-UnderBar-Saalbach_Hinterglemm_Austrian_Alps.html, /Attractions-g608663-Activities-Saalbach_Hinterglemm_Austrian_Alps.html
Après Ski Paleis, 5.0, Nightlife, /Attraction_Review-g608663-d10022039-Reviews-Apres_Ski_Paleis-Saalbach_Hinterglemm_Austrian_Alps.html, /Attractions-g608663-Activities-Saalbach_Hinterglemm_Austrian_Alps.html
