attraction_name, attraction_rate, attraction_type, attraction_url, attraction_parent_url
Schafberg, 5.0, Nature & Parks, /Attraction_Review-g12193130-d14933892-Reviews-Schafberg-Sankt_Wolfgang_im_Salzkammergut_Upper_Austria.html, /Attractions-g12193130-Activities-Sankt_Wolfgang_im_Salzkammergut_Upper_Austria.html
Schwarzensee Runde, 4.5, Nature & Parks, /Attraction_Review-g12193130-d13120617-Reviews-Schwarzensee_Runde-Sankt_Wolfgang_im_Salzkammergut_Upper_Austria.html, /Attractions-g12193130-Activities-Sankt_Wolfgang_im_Salzkammergut_Upper_Austria.html
See-Destillerie &amp; Klosterkellerei, 5.0, Shopping, /Attraction_Review-g12193130-d12310153-Reviews-See_Destillerie_Klosterkellerei-Sankt_Wolfgang_im_Salzkammergut_Upper_Austria.html, /Attractions-g12193130-Activities-Sankt_Wolfgang_im_Salzkammergut_Upper_Austria.html
See-Biker, 5.0, Outdoor Activities, /Attraction_Review-g12193130-d16707998-Reviews-See_Biker-Sankt_Wolfgang_im_Salzkammergut_Upper_Austria.html, /Attractions-g12193130-Activities-Sankt_Wolfgang_im_Salzkammergut_Upper_Austria.html
Sebastian Tours &amp; Transport, None, Tours, /Attraction_Review-g12193130-d21248528-Reviews-Sebastian_Tours_Transport-Sankt_Wolfgang_im_Salzkammergut_Upper_Austria.html, /Attractions-g12193130-Activities-Sankt_Wolfgang_im_Salzkammergut_Upper_Austria.html
Schmuck und Mineralien, None, Shopping, /Attraction_Review-g12193130-d17791303-Reviews-Schmuck_und_Mineralien-Sankt_Wolfgang_im_Salzkammergut_Upper_Austria.html, /Attractions-g12193130-Activities-Sankt_Wolfgang_im_Salzkammergut_Upper_Austria.html
