attraction_name, attraction_rate, attraction_type, attraction_url, attraction_parent_url
Basilika Frauenkirchen, 4.5, Sights & Landmarks, /Attraction_Review-g1598511-d7657664-Reviews-Basilika_Frauenkirchen-Frauenkirchen_Burgenland.html, /Attractions-g1598511-Activities-Frauenkirchen_Burgenland.html
Weingut Umathum, 5.0, Food & Drink, /Attraction_Review-g1598511-d7657656-Reviews-Weingut_Umathum-Frauenkirchen_Burgenland.html, /Attractions-g1598511-Activities-Frauenkirchen_Burgenland.html
St. Martins Therme &amp; Lodge, 4.0, Spas & Wellness, /Attraction_Review-g1598511-d2025854-Reviews-St_Martins_Therme_Lodge-Frauenkirchen_Burgenland.html, /Attractions-g1598511-Activities-Frauenkirchen_Burgenland.html
Erich Stekovics, 4.0, Shopping, /Attraction_Review-g1598511-d3172749-Reviews-Erich_Stekovics-Frauenkirchen_Burgenland.html, /Attractions-g1598511-Activities-Frauenkirchen_Burgenland.html
Sailers Vinothek Burgenland, 2.5, Shopping, /Attraction_Review-g1598511-d7657658-Reviews-Sailers_Vinothek_Burgenland-Frauenkirchen_Burgenland.html, /Attractions-g1598511-Activities-Frauenkirchen_Burgenland.html
Bioweingut Heideboden, None, Food & Drink, /Attraction_Review-g1598511-d7657657-Reviews-Bioweingut_Heideboden-Frauenkirchen_Burgenland.html, /Attractions-g1598511-Activities-Frauenkirchen_Burgenland.html
Weingut Pinetz, None, Food & Drink, /Attraction_Review-g1598511-d7657659-Reviews-Weingut_Pinetz-Frauenkirchen_Burgenland.html, /Attractions-g1598511-Activities-Frauenkirchen_Burgenland.html
Weingut Rommer, None, Food & Drink, /Attraction_Review-g1598511-d7657662-Reviews-Weingut_Rommer-Frauenkirchen_Burgenland.html, /Attractions-g1598511-Activities-Frauenkirchen_Burgenland.html
STEPPENDUFT Die Pannonische Duftmanufaktur, None, Tours, /Attraction_Review-g1598511-d15355530-Reviews-STEPPENDUFT_Die_Pannonische_Duftmanufaktur-Frauenkirchen_Burgenland.html, /Attractions-g1598511-Activities-Frauenkirchen_Burgenland.html
