attraction_name, attraction_rate, attraction_type, attraction_url, attraction_parent_url
Museum of Tyrolean Farmsteads, 4.5, Museums, /Attraction_Review-g811449-d3605911-Reviews-Museum_of_Tyrolean_Farmsteads-Kramsach_Tirol_Austrian_Alps.html, /Attractions-g811449-Activities-Kramsach_Tirol_Austrian_Alps.html
Museum Friedhof Tirol, 4.5, Museums, /Attraction_Review-g811449-d3633289-Reviews-Museum_Friedhof_Tirol-Kramsach_Tirol_Austrian_Alps.html, /Attractions-g811449-Activities-Kramsach_Tirol_Austrian_Alps.html
Forstmeile, 5.0, Nature & Parks, /Attraction_Review-g811449-d12292781-Reviews-Forstmeile-Kramsach_Tirol_Austrian_Alps.html, /Attractions-g811449-Activities-Kramsach_Tirol_Austrian_Alps.html
Skulpturenpark Kramsach, 3.0, Nature & Parks, /Attraction_Review-g811449-d12077210-Reviews-Skulpturenpark_Kramsach-Kramsach_Tirol_Austrian_Alps.html, /Attractions-g811449-Activities-Kramsach_Tirol_Austrian_Alps.html
Hochseilgarten Kramsach, 5.0, Tours, /Attraction_Review-g811449-d12080924-Reviews-Hochseilgarten_Kramsach-Kramsach_Tirol_Austrian_Alps.html, /Attractions-g811449-Activities-Kramsach_Tirol_Austrian_Alps.html
Klettersteig Reintalersee, 4.0, Tours, /Attraction_Review-g811449-d12080938-Reviews-Klettersteig_Reintalersee-Kramsach_Tirol_Austrian_Alps.html, /Attractions-g811449-Activities-Kramsach_Tirol_Austrian_Alps.html
Bogenschießen, None, Fun & Games, /Attraction_Review-g811449-d12077205-Reviews-Bogenschiessen-Kramsach_Tirol_Austrian_Alps.html, /Attractions-g811449-Activities-Kramsach_Tirol_Austrian_Alps.html
Bieraterie, None, Shopping, /Attraction_Review-g811449-d15037732-Reviews-Bieraterie-Kramsach_Tirol_Austrian_Alps.html, /Attractions-g811449-Activities-Kramsach_Tirol_Austrian_Alps.html
