attraction_name, attraction_rate, attraction_type, attraction_url, attraction_parent_url
Pfarrkirche Drasenhofen, 5.0, Sights & Landmarks, /Attraction_Review-g2613196-d20030238-Reviews-Pfarrkirche_Drasenhofen-Drasenhofen_Lower_Austria.html, /Attractions-g2613196-Activities-Drasenhofen_Lower_Austria.html
Pfarre Stützenhofen, None, Sights & Landmarks, /Attraction_Review-g2613196-d21020799-Reviews-Pfarre_Stutzenhofen-Drasenhofen_Lower_Austria.html, /Attractions-g2613196-Activities-Drasenhofen_Lower_Austria.html
Weinviertler Sektmanufaktur, None, Food & Drink, /Attraction_Review-g2613196-d20962751-Reviews-Weinviertler_Sektmanufaktur-Drasenhofen_Lower_Austria.html, /Attractions-g2613196-Activities-Drasenhofen_Lower_Austria.html
Weinhof Zum Biofritzl, None, Food & Drink, /Attraction_Review-g2613196-d20962765-Reviews-Weinhof_Zum_Biofritzl-Drasenhofen_Lower_Austria.html, /Attractions-g2613196-Activities-Drasenhofen_Lower_Austria.html
Schloss Fünfkirchen, None, Sights & Landmarks, /Attraction_Review-g2613196-d12883646-Reviews-Schloss_Funfkirchen-Drasenhofen_Lower_Austria.html, /Attractions-g2613196-Activities-Drasenhofen_Lower_Austria.html
