attraction_name, attraction_rate, attraction_type, attraction_url, attraction_parent_url
Messerer Museum, 4.5, Museums, /Attraction_Review-g2613262-d4419117-Reviews-Messerer_Museum-Steinbach_an_der_Steyr_Upper_Austria.html, /Attractions-g2613262-Activities-Steinbach_an_der_Steyr_Upper_Austria.html
Galerie am Farberbach, 4.5, Sights & Landmarks, /Attraction_Review-g2613262-d4419112-Reviews-Galerie_am_Farberbach-Steinbach_an_der_Steyr_Upper_Austria.html, /Attractions-g2613262-Activities-Steinbach_an_der_Steyr_Upper_Austria.html
Pfarre Steinbach an der Steyr, None, Sights & Landmarks, /Attraction_Review-g2613262-d13103246-Reviews-Pfarre_Steinbach_an_der_Steyr-Steinbach_an_der_Steyr_Upper_Austria.html, /Attractions-g2613262-Activities-Steinbach_an_der_Steyr_Upper_Austria.html
Bücherei - Gemeinde Steinbach an der Steyr, None, Traveller Resources, /Attraction_Review-g2613262-d13103242-Reviews-Bucherei_Gemeinde_Steinbach_an_der_Steyr-Steinbach_an_der_Steyr_Upper_Austria.html, /Attractions-g2613262-Activities-Steinbach_an_der_Steyr_Upper_Austria.html
Krippenhaus Steinbach - Sammlung Pils, None, Museums, /Attraction_Review-g2613262-d13103258-Reviews-Krippenhaus_Steinbach_Sammlung_Pils-Steinbach_an_der_Steyr_Upper_Austria.html, /Attractions-g2613262-Activities-Steinbach_an_der_Steyr_Upper_Austria.html
