attraction_name, attraction_rate, attraction_type, attraction_url, attraction_parent_url
Ringwarte, 4.5, Sights & Landmarks, /Attraction_Review-g1568319-d3618481-Reviews-Ringwarte-Hartberg_Styria.html, /Attractions-g1568319-Activities-Hartberg_Styria.html
Schloss Klaffenau, 5.0, Sights & Landmarks, /Attraction_Review-g1568319-d13133727-Reviews-Schloss_Klaffenau-Hartberg_Styria.html, /Attractions-g1568319-Activities-Hartberg_Styria.html
Romanischer Karner, 5.0, Sights & Landmarks, /Attraction_Review-g1568319-d13134456-Reviews-Romanischer_Karner-Hartberg_Styria.html, /Attractions-g1568319-Activities-Hartberg_Styria.html
Museum Hartberg, 4.0, Museums, /Attraction_Review-g1568319-d13133681-Reviews-Museum_Hartberg-Hartberg_Styria.html, /Attractions-g1568319-Activities-Hartberg_Styria.html
Ökopark Hartberg, 3.5, Museums, /Attraction_Review-g1568319-d13133702-Reviews-Okopark_Hartberg-Hartberg_Styria.html, /Attractions-g1568319-Activities-Hartberg_Styria.html
Disco Excalibur, 4.5, Nightlife, /Attraction_Review-g1568319-d9794308-Reviews-Disco_Excalibur-Hartberg_Styria.html, /Attractions-g1568319-Activities-Hartberg_Styria.html
Schloss Hartberg, 5.0, Sights & Landmarks, /Attraction_Review-g1568319-d13133689-Reviews-Schloss_Hartberg-Hartberg_Styria.html, /Attractions-g1568319-Activities-Hartberg_Styria.html
Hartberger Literatursommer, None, Traveller Resources, /Attraction_Review-g1568319-d21140396-Reviews-Hartberger_Literatursommer-Hartberg_Styria.html, /Attractions-g1568319-Activities-Hartberg_Styria.html
Urkraftpraxis, None, Spas & Wellness, /Attraction_Review-g1568319-d19695461-Reviews-Urkraftpraxis-Hartberg_Styria.html, /Attractions-g1568319-Activities-Hartberg_Styria.html
Sinneswelt, None, Shopping, /Attraction_Review-g1568319-d19695481-Reviews-Sinneswelt-Hartberg_Styria.html, /Attractions-g1568319-Activities-Hartberg_Styria.html
Schölblingerturm, None, Sights & Landmarks, /Attraction_Review-g1568319-d13133684-Reviews-Scholblingerturm-Hartberg_Styria.html, /Attractions-g1568319-Activities-Hartberg_Styria.html
Reckturm, None, Sights & Landmarks, /Attraction_Review-g1568319-d13133687-Reviews-Reckturm-Hartberg_Styria.html, /Attractions-g1568319-Activities-Hartberg_Styria.html
Sternwarte am oekopark Hartberg, None, Museums, /Attraction_Review-g1568319-d13133768-Reviews-Sternwarte_am_oekopark_Hartberg-Hartberg_Styria.html, /Attractions-g1568319-Activities-Hartberg_Styria.html
Keramik Saustall, None, Shopping, /Attraction_Review-g1568319-d13134513-Reviews-Keramik_Saustall-Hartberg_Styria.html, /Attractions-g1568319-Activities-Hartberg_Styria.html
Stadtpfarrkirche St. Martin, None, Sights & Landmarks, /Attraction_Review-g1568319-d13133685-Reviews-Stadtpfarrkirche_St_Martin-Hartberg_Styria.html, /Attractions-g1568319-Activities-Hartberg_Styria.html
Kapuzinerkloster, None, Sights & Landmarks, /Attraction_Review-g1568319-d13134427-Reviews-Kapuzinerkloster-Hartberg_Styria.html, /Attractions-g1568319-Activities-Hartberg_Styria.html
Tourismusverband Hartbergerland, None, Traveller Resources, /Attraction_Review-g1568319-d13134425-Reviews-Tourismusverband_Hartbergerland-Hartberg_Styria.html, /Attractions-g1568319-Activities-Hartberg_Styria.html
Posch Muehle, None, Tours, /Attraction_Review-g1568319-d13134511-Reviews-Posch_Muehle-Hartberg_Styria.html, /Attractions-g1568319-Activities-Hartberg_Styria.html
Stadtfuehrungen, None, Tours, /Attraction_Review-g1568319-d13134526-Reviews-Stadtfuehrungen-Hartberg_Styria.html, /Attractions-g1568319-Activities-Hartberg_Styria.html
Schaugarten Bellabayer, None, Nature & Parks, /Attraction_Review-g1568319-d13133700-Reviews-Schaugarten_Bellabayer-Hartberg_Styria.html, /Attractions-g1568319-Activities-Hartberg_Styria.html
Stadtgemeinde Hartberg - Bücherei, None, Traveller Resources, /Attraction_Review-g1568319-d13133680-Reviews-Stadtgemeinde_Hartberg_Bucherei-Hartberg_Styria.html, /Attractions-g1568319-Activities-Hartberg_Styria.html
Stadtpark, None, Nature & Parks, /Attraction_Review-g1568319-d13133686-Reviews-Stadtpark-Hartberg_Styria.html, /Attractions-g1568319-Activities-Hartberg_Styria.html
Rathaus Hartberg, None, Sights & Landmarks, /Attraction_Review-g1568319-d13133729-Reviews-Rathaus_Hartberg-Hartberg_Styria.html, /Attractions-g1568319-Activities-Hartberg_Styria.html
Wallfahrtskirche Maria Lebing, None, Sights & Landmarks, /Attraction_Review-g1568319-d13133770-Reviews-Wallfahrtskirche_Maria_Lebing-Hartberg_Styria.html, /Attractions-g1568319-Activities-Hartberg_Styria.html
Hartberger Gmoos, None, Nature & Parks, /Attraction_Review-g1568319-d13133844-Reviews-Hartberger_Gmoos-Hartberg_Styria.html, /Attractions-g1568319-Activities-Hartberg_Styria.html
