attraction_name, attraction_rate, attraction_type, attraction_url, attraction_parent_url
Wildpark Assling, 4.5, Nature & Parks, /Attraction_Review-g2357635-d2302450-Reviews-Wildpark_Assling-Assling_Tirol_Austrian_Alps.html, /Attractions-g2357635-Activities-Assling_Tirol_Austrian_Alps.html
Wild Park Assling, 4.5, Zoos & Aquariums, /Attraction_Review-g2357635-d4491515-Reviews-Wild_Park_Assling-Assling_Tirol_Austrian_Alps.html, /Attractions-g2357635-Activities-Assling_Tirol_Austrian_Alps.html
Vitalpinum, 4.5, Nature & Parks, /Attraction_Review-g2357635-d7986604-Reviews-Vitalpinum-Assling_Tirol_Austrian_Alps.html, /Attractions-g2357635-Activities-Assling_Tirol_Austrian_Alps.html
Vithal Freizeitzentrum, 4.0, Fun & Games, /Attraction_Review-g2357635-d10717467-Reviews-Vithal_Freizeitzentrum-Assling_Tirol_Austrian_Alps.html, /Attractions-g2357635-Activities-Assling_Tirol_Austrian_Alps.html
Archäologieraum - Assling, None, Museums, /Attraction_Review-g2357635-d11208688-Reviews-Archaologieraum_Assling-Assling_Tirol_Austrian_Alps.html, /Attractions-g2357635-Activities-Assling_Tirol_Austrian_Alps.html
