attraction_name, attraction_rate, attraction_type, attraction_url, attraction_parent_url
Albertinaplatz, 3.5, Sights & Landmarks, /Attraction_Review-g190454-d11641670-Reviews-Albertinaplatz-Vienna.html, /Attractions-g190454-Activities-Vienna.html
Schottenkirche, 4.5, Sights & Landmarks, /Attraction_Review-g190454-d3165383-Reviews-Schottenkirche-Vienna.html, /Attractions-g190454-Activities-Vienna.html
Akademie der bildenden Kunste, 4.5, Museums, /Attraction_Review-g190454-d191397-Reviews-Akademie_der_bildenden_Kunste-Vienna.html, /Attractions-g190454-Activities-Vienna.html
Setagaya Park, 4.0, Nature & Parks, /Attraction_Review-g190454-d3598346-Reviews-Setagaya_Park-Vienna.html, /Attractions-g190454-Activities-Vienna.html
Justizpalast, 4.5, Sights & Landmarks, /Attraction_Review-g190454-d13556622-Reviews-Justizpalast-Vienna.html, /Attractions-g190454-Activities-Vienna.html
Romermuseum, 4.0, Museums, /Attraction_Review-g190454-d2038186-Reviews-Romermuseum-Vienna.html, /Attractions-g190454-Activities-Vienna.html
Cemetery of St. Marx (Friedhof St. Marx), 4.5, Nature & Parks, /Attraction_Review-g190454-d590746-Reviews-Cemetery_of_St_Marx_Friedhof_St_Marx-Vienna.html, /Attractions-g190454-Activities-Vienna.html
Flakturm, 4.5, Sights & Landmarks, /Attraction_Review-g190454-d6782471-Reviews-Flakturm-Vienna.html, /Attractions-g190454-Activities-Vienna.html
Orangery at Schoenbrunn Palace, 3.5, Nature & Parks, /Attraction_Review-g190454-d245539-Reviews-Orangery_at_Schoenbrunn_Palace-Vienna.html, /Attractions-g190454-Activities-Vienna.html
Medl-Braeu, 4.5, Food & Drink, /Attraction_Review-g190454-d282401-Reviews-Medl_Braeu-Vienna.html, /Attractions-g190454-Activities-Vienna.html
Liechtenstein City Palace, 4.5, Museums, /Attraction_Review-g190454-d4214107-Reviews-Liechtenstein_City_Palace-Vienna.html, /Attractions-g190454-Activities-Vienna.html
Bank Austria Kunstforum, 4.5, Museums, /Attraction_Review-g190454-d3645437-Reviews-Bank_Austria_Kunstforum-Vienna.html, /Attractions-g190454-Activities-Vienna.html
Gasometer, 4.0, Sights & Landmarks, /Attraction_Review-g190454-d3258672-Reviews-Gasometer-Vienna.html, /Attractions-g190454-Activities-Vienna.html
Austria Center Vienna, 4.0, Traveller Resources, /Attraction_Review-g190454-d1418545-Reviews-Austria_Center_Vienna-Vienna.html, /Attractions-g190454-Activities-Vienna.html
Volkstheater, 4.5, Concerts & Shows, /Attraction_Review-g190454-d245642-Reviews-Volkstheater-Vienna.html, /Attractions-g190454-Activities-Vienna.html
SchokoMuseum Wien, 4.0, Museums, /Attraction_Review-g190454-d2695962-Reviews-SchokoMuseum_Wien-Vienna.html, /Attractions-g190454-Activities-Vienna.html
Türkenschanzpark, 4.5, Nature & Parks, /Attraction_Review-g190454-d3242912-Reviews-Turkenschanzpark-Vienna.html, /Attractions-g190454-Activities-Vienna.html
Hochstrahlbrunnen, 4.0, Sights & Landmarks, /Attraction_Review-g190454-d9706314-Reviews-Hochstrahlbrunnen-Vienna.html, /Attractions-g190454-Activities-Vienna.html
Meinl am Graben, 4.5, Shopping, /Attraction_Review-g190454-d282391-Reviews-Meinl_am_Graben-Vienna.html, /Attractions-g190454-Activities-Vienna.html
Beethoven Statue, 4.0, Sights & Landmarks, /Attraction_Review-g190454-d194153-Reviews-Beethoven_Statue-Vienna.html, /Attractions-g190454-Activities-Vienna.html
Hofjagd- und Rustkammer, 4.5, Museums, /Attraction_Review-g190454-d246416-Reviews-Hofjagd_und_Rustkammer-Vienna.html, /Attractions-g190454-Activities-Vienna.html
Ottakringer Brauerei, 4.0, Food & Drink, /Attraction_Review-g190454-d10184047-Reviews-Ottakringer_Brauerei-Vienna.html, /Attractions-g190454-Activities-Vienna.html
Funeral Museum (Bestattungsmuseum), 4.5, Museums, /Attraction_Review-g190454-d194139-Reviews-Funeral_Museum_Bestattungsmuseum-Vienna.html, /Attractions-g190454-Activities-Vienna.html
Michaelertrakt, 4.5, Sights & Landmarks, /Attraction_Review-g190454-d10751008-Reviews-Michaelertrakt-Vienna.html, /Attractions-g190454-Activities-Vienna.html
Strandbad Alte Donau, 4.5, Fun & Games, /Attraction_Review-g190454-d245619-Reviews-Strandbad_Alte_Donau-Vienna.html, /Attractions-g190454-Activities-Vienna.html
Wien Mitte the Mall, 3.5, Shopping, /Attraction_Review-g190454-d6444607-Reviews-Wien_Mitte_the_Mall-Vienna.html, /Attractions-g190454-Activities-Vienna.html
Torture museum, 3.0, Museums, /Attraction_Review-g190454-d2227975-Reviews-Torture_museum-Vienna.html, /Attractions-g190454-Activities-Vienna.html
Museum of Contraception and Abortion, 4.5, Museums, /Attraction_Review-g190454-d2281960-Reviews-Museum_of_Contraception_and_Abortion-Vienna.html, /Attractions-g190454-Activities-Vienna.html
Goethe Monument, 3.5, Sights & Landmarks, /Attraction_Review-g190454-d10339216-Reviews-Goethe_Monument-Vienna.html, /Attractions-g190454-Activities-Vienna.html
Schonbrunn Children’s Museum, 4.5, Museums, /Attraction_Review-g190454-d14098532-Reviews-Schonbrunn_Children_s_Museum-Vienna.html, /Attractions-g190454-Activities-Vienna.html
