attraction_name, attraction_rate, attraction_type, attraction_url, attraction_parent_url
Bergbahnen Andelsbuch, 5.0, Nature & Parks, /Attraction_Review-g641729-d15623168-Reviews-Bergbahnen_Andelsbuch-Andelsbuch_Vorarlberg_Austrian_Alps.html, /Attractions-g641729-Activities-Andelsbuch_Vorarlberg_Austrian_Alps.html
Buehlbach Wasserfaelle, 5.0, Nature & Parks, /Attraction_Review-g641729-d17625049-Reviews-Buehlbach_Wasserfaelle-Andelsbuch_Vorarlberg_Austrian_Alps.html, /Attractions-g641729-Activities-Andelsbuch_Vorarlberg_Austrian_Alps.html
Werkraum, 4.0, Museums, /Attraction_Review-g641729-d5014575-Reviews-Werkraum-Andelsbuch_Vorarlberg_Austrian_Alps.html, /Attractions-g641729-Activities-Andelsbuch_Vorarlberg_Austrian_Alps.html
Sankt Peter und Paul Kirche, 4.5, Sights & Landmarks, /Attraction_Review-g641729-d12856607-Reviews-Sankt_Peter_und_Paul_Kirche-Andelsbuch_Vorarlberg_Austrian_Alps.html, /Attractions-g641729-Activities-Andelsbuch_Vorarlberg_Austrian_Alps.html
Bregenzerwälder Käsehaus, 4.5, Shopping, /Attraction_Review-g641729-d11810021-Reviews-Bregenzerwalder_Kasehaus-Andelsbuch_Vorarlberg_Austrian_Alps.html, /Attractions-g641729-Activities-Andelsbuch_Vorarlberg_Austrian_Alps.html
Flugschule Bregenzerwald, 5.0, Boat Tours & Water Sports, /Attraction_Review-g641729-d10597975-Reviews-Flugschule_Bregenzerwald-Andelsbuch_Vorarlberg_Austrian_Alps.html, /Attractions-g641729-Activities-Andelsbuch_Vorarlberg_Austrian_Alps.html
Tandemflüge im Bregenzerwald - Flugschule Bregenzerwald, None, Boat Tours & Water Sports, /Attraction_Review-g641729-d21214972-Reviews-Tandemfluge_im_Bregenzerwald_Flugschule_Bregenzerwald-Andelsbuch_Vorarlberg_Aust.html, /Attractions-g641729-Activities-Andelsbuch_Vorarlberg_Austrian_Alps.html
Kraftwerk Andelsbuch, None, Tours, /Attraction_Review-g641729-d10749352-Reviews-Kraftwerk_Andelsbuch-Andelsbuch_Vorarlberg_Austrian_Alps.html, /Attractions-g641729-Activities-Andelsbuch_Vorarlberg_Austrian_Alps.html
