attraction_name, attraction_rate, attraction_type, attraction_url, attraction_parent_url
Wehrstift Eberndorf, 4.5, Sights & Landmarks, /Attraction_Review-g1196663-d12111599-Reviews-Wehrstift_Eberndorf-Eberndorf_Carinthia_Austrian_Alps.html, /Attractions-g1196663-Activities-Eberndorf_Carinthia_Austrian_Alps.html
Sablatnigmoor, 4.5, Nature & Parks, /Attraction_Review-g1196663-d10856882-Reviews-Sablatnigmoor-Eberndorf_Carinthia_Austrian_Alps.html, /Attractions-g1196663-Activities-Eberndorf_Carinthia_Austrian_Alps.html
Stiftskirche Maria Himmelfahrt, 5.0, Sights & Landmarks, /Attraction_Review-g1196663-d10779812-Reviews-Stiftskirche_Maria_Himmelfahrt-Eberndorf_Carinthia_Austrian_Alps.html, /Attractions-g1196663-Activities-Eberndorf_Carinthia_Austrian_Alps.html
Gösselsdorfer See, None, Nature & Parks, /Attraction_Review-g1196663-d20481838-Reviews-Gosselsdorfer_See-Eberndorf_Carinthia_Austrian_Alps.html, /Attractions-g1196663-Activities-Eberndorf_Carinthia_Austrian_Alps.html
