attraction_name, attraction_rate, attraction_type, attraction_url, attraction_parent_url
Günster Wasserfall, 4.5, Nature & Parks, /Attraction_Review-g1194612-d7616456-Reviews-Gunster_Wasserfall-Krakaudorf_Styria.html, /Attractions-g1194612-Activities-Krakaudorf_Styria.html
Pfarrkirche St. Oswald, 5.0, Sights & Landmarks, /Attraction_Review-g1194612-d15290444-Reviews-Pfarrkirche_St_Oswald-Krakaudorf_Styria.html, /Attractions-g1194612-Activities-Krakaudorf_Styria.html
Kath. Filialkirche hl. Ulrich am Hollerberg, 3.0, Sights & Landmarks, /Attraction_Review-g1194612-d15290463-Reviews-Kath_Filialkirche_hl_Ulrich_am_Hollerberg-Krakaudorf_Styria.html, /Attractions-g1194612-Activities-Krakaudorf_Styria.html
Grazer Hütte, None, Nature & Parks, /Attraction_Review-g1194612-d20893583-Reviews-Grazer_Hutte-Krakaudorf_Styria.html, /Attractions-g1194612-Activities-Krakaudorf_Styria.html
Dorfmuseum Krakaudorf - 'Waltlhaus', None, Museums, /Attraction_Review-g1194612-d13136405-Reviews-Dorfmuseum_Krakaudorf_Waltlhaus-Krakaudorf_Styria.html, /Attractions-g1194612-Activities-Krakaudorf_Styria.html
Edelsteingarten und Mineralienmuseum, None, Museums, /Attraction_Review-g1194612-d13136406-Reviews-Edelsteingarten_und_Mineralienmuseum-Krakaudorf_Styria.html, /Attractions-g1194612-Activities-Krakaudorf_Styria.html
Steirische Herrgott, None, Sights & Landmarks, /Attraction_Review-g1194612-d15290553-Reviews-Steirische_Herrgott-Krakaudorf_Styria.html, /Attractions-g1194612-Activities-Krakaudorf_Styria.html
Bade- u. Freizeitsee in Krakaudorf, None, Nature & Parks, /Attraction_Review-g1194612-d15287821-Reviews-Bade_u_Freizeitsee_in_Krakaudorf-Krakaudorf_Styria.html, /Attractions-g1194612-Activities-Krakaudorf_Styria.html
Kalvarienberg in Krakaudorf, None, Sights & Landmarks, /Attraction_Review-g1194612-d15287822-Reviews-Kalvarienberg_in_Krakaudorf-Krakaudorf_Styria.html, /Attractions-g1194612-Activities-Krakaudorf_Styria.html
