attraction_name, attraction_rate, attraction_type, attraction_url, attraction_parent_url
Ossiacher See, 4.5, Nature & Parks, /Attraction_Review-g641726-d2284294-Reviews-Ossiacher_See-Ossiach_Carinthia_Austrian_Alps.html, /Attractions-g641726-Activities-Ossiach_Carinthia_Austrian_Alps.html
Maria Himmelfahrt, 4.5, Sights & Landmarks, /Attraction_Review-g641726-d12675199-Reviews-Maria_Himmelfahrt-Ossiach_Carinthia_Austrian_Alps.html, /Attractions-g641726-Activities-Ossiach_Carinthia_Austrian_Alps.html
Ossiach Abbey Music Academy, 5.0, Sights & Landmarks, /Attraction_Review-g641726-d12689800-Reviews-Ossiach_Abbey_Music_Academy-Ossiach_Carinthia_Austrian_Alps.html, /Attractions-g641726-Activities-Ossiach_Carinthia_Austrian_Alps.html
Ossiacher See Radweg (R2 und R2A), 5.0, Nature & Parks, /Attraction_Review-g641726-d14138728-Reviews-Ossiacher_See_Radweg_R2_und_R2A-Ossiach_Carinthia_Austrian_Alps.html, /Attractions-g641726-Activities-Ossiach_Carinthia_Austrian_Alps.html
Ossiach Abbey, 5.0, Sights & Landmarks, /Attraction_Review-g641726-d12842244-Reviews-Ossiach_Abbey-Ossiach_Carinthia_Austrian_Alps.html, /Attractions-g641726-Activities-Ossiach_Carinthia_Austrian_Alps.html
St. Anton am Ossiacher Tauern, 4.0, Sights & Landmarks, /Attraction_Review-g641726-d13104784-Reviews-St_Anton_am_Ossiacher_Tauern-Ossiach_Carinthia_Austrian_Alps.html, /Attractions-g641726-Activities-Ossiach_Carinthia_Austrian_Alps.html
Tourismusinformation Ossiach, 3.5, Traveller Resources, /Attraction_Review-g641726-d11549724-Reviews-Tourismusinformation_Ossiach-Ossiach_Carinthia_Austrian_Alps.html, /Attractions-g641726-Activities-Ossiach_Carinthia_Austrian_Alps.html
Kletterwald Ossiacher See, 4.5, Tours, /Attraction_Review-g641726-d7740544-Reviews-Kletterwald_Ossiacher_See-Ossiach_Carinthia_Austrian_Alps.html, /Attractions-g641726-Activities-Ossiach_Carinthia_Austrian_Alps.html
Sommerrodelbahn Ossiacher See, None, Sights & Landmarks, /Attraction_Review-g641726-d18380699-Reviews-Sommerrodelbahn_Ossiacher_See-Ossiach_Carinthia_Austrian_Alps.html, /Attractions-g641726-Activities-Ossiach_Carinthia_Austrian_Alps.html
