attraction_name, attraction_rate, attraction_type, attraction_url, attraction_parent_url
Gut Aiderbichl Henndorf, 4.5, Sights & Landmarks, /Attraction_Review-g1816517-d2479047-Reviews-Gut_Aiderbichl_Henndorf-Henndorf_am_Wallersee_Austrian_Alps.html, /Attractions-g1816517-Activities-Henndorf_am_Wallersee_Austrian_Alps.html
Golf &amp; Country Club Gut Altentann, 4.0, Outdoor Activities, /Attraction_Review-g1816517-d5571350-Reviews-Golf_Country_Club_Gut_Altentann-Henndorf_am_Wallersee_Austrian_Alps.html, /Attractions-g1816517-Activities-Henndorf_am_Wallersee_Austrian_Alps.html
Burgruine Lichtentann, None, Sights & Landmarks, /Attraction_Review-g1816517-d20815720-Reviews-Burgruine_Lichtentann-Henndorf_am_Wallersee_Austrian_Alps.html, /Attractions-g1816517-Activities-Henndorf_am_Wallersee_Austrian_Alps.html
Literaturhaus Henndorf, None, Museums, /Attraction_Review-g1816517-d20815670-Reviews-Literaturhaus_Henndorf-Henndorf_am_Wallersee_Austrian_Alps.html, /Attractions-g1816517-Activities-Henndorf_am_Wallersee_Austrian_Alps.html
