attraction_name, attraction_rate, attraction_type, attraction_url, attraction_parent_url
Weinweg Langenlois, 4.5, Nature & Parks, /Attraction_Review-g635761-d8039773-Reviews-Weinweg_Langenlois-Langenlois_Lower_Austria.html, /Attractions-g635761-Activities-Langenlois_Lower_Austria.html
Weingut Fred Loimer, 5.0, Sights & Landmarks, /Attraction_Review-g635761-d10786786-Reviews-Weingut_Fred_Loimer-Langenlois_Lower_Austria.html, /Attractions-g635761-Activities-Langenlois_Lower_Austria.html
LOISIUM WeinErlebnisWelt &amp; Vinothek, 4.0, Food & Drink, /Attraction_Review-g635761-d1820415-Reviews-LOISIUM_WeinErlebnisWelt_Vinothek-Langenlois_Lower_Austria.html, /Attractions-g635761-Activities-Langenlois_Lower_Austria.html
Weingut Bruendlmayer, 5.0, Food & Drink, /Attraction_Review-g635761-d6582113-Reviews-Weingut_Bruendlmayer-Langenlois_Lower_Austria.html, /Attractions-g635761-Activities-Langenlois_Lower_Austria.html
Weingut Sax, 5.0, Food & Drink, /Attraction_Review-g635761-d6536345-Reviews-Weingut_Sax-Langenlois_Lower_Austria.html, /Attractions-g635761-Activities-Langenlois_Lower_Austria.html
Heimatmuseum Langenlois, 4.5, Museums, /Attraction_Review-g635761-d6600568-Reviews-Heimatmuseum_Langenlois-Langenlois_Lower_Austria.html, /Attractions-g635761-Activities-Langenlois_Lower_Austria.html
Weingut Rosner, 5.0, Food & Drink, /Attraction_Review-g635761-d11895489-Reviews-Weingut_Rosner-Langenlois_Lower_Austria.html, /Attractions-g635761-Activities-Langenlois_Lower_Austria.html
Weingut Ludwig Ehn, 4.5, Food & Drink, /Attraction_Review-g635761-d6582112-Reviews-Weingut_Ludwig_Ehn-Langenlois_Lower_Austria.html, /Attractions-g635761-Activities-Langenlois_Lower_Austria.html
Pfarrkirche zum heiligen Laurentius, 4.5, Sights & Landmarks, /Attraction_Review-g635761-d10624970-Reviews-Pfarrkirche_zum_heiligen_Laurentius-Langenlois_Lower_Austria.html, /Attractions-g635761-Activities-Langenlois_Lower_Austria.html
Weingut Rabl, 3.5, Food & Drink, /Attraction_Review-g635761-d13189532-Reviews-Weingut_Rabl-Langenlois_Lower_Austria.html, /Attractions-g635761-Activities-Langenlois_Lower_Austria.html
Ursin Haus, 4.0, Nightlife, /Attraction_Review-g635761-d581762-Reviews-Ursin_Haus-Langenlois_Lower_Austria.html, /Attractions-g635761-Activities-Langenlois_Lower_Austria.html
WinEcycle Tours, 5.0, Food & Drink, /Attraction_Review-g635761-d21209492-Reviews-WinEcycle_Tours-Langenlois_Lower_Austria.html, /Attractions-g635761-Activities-Langenlois_Lower_Austria.html
Weingut Jurtschitsch, 4.5, Shopping, /Attraction_Review-g635761-d6598041-Reviews-Weingut_Jurtschitsch-Langenlois_Lower_Austria.html, /Attractions-g635761-Activities-Langenlois_Lower_Austria.html
Erste Kamptaler Essigmanufaktur, 5.0, Shopping, /Attraction_Review-g635761-d6600566-Reviews-Erste_Kamptaler_Essigmanufaktur-Langenlois_Lower_Austria.html, /Attractions-g635761-Activities-Langenlois_Lower_Austria.html
Nikolauskirche - Kath. Filialkirche hl. Nikolaus und ehem. Kirchhof, None, Sights & Landmarks, /Attraction_Review-g635761-d20361074-Reviews-Nikolauskirche_Kath_Filialkirche_hl_Nikolaus_und_ehem_Kirchhof-Langenlois_Lower_.html, /Attractions-g635761-Activities-Langenlois_Lower_Austria.html
Kriegergedächtniskapelle, None, Sights & Landmarks, /Attraction_Review-g635761-d20361077-Reviews-Kriegergedachtniskapelle-Langenlois_Lower_Austria.html, /Attractions-g635761-Activities-Langenlois_Lower_Austria.html
Burgruine Kronsegg, None, Sights & Landmarks, /Attraction_Review-g635761-d20361095-Reviews-Burgruine_Kronsegg-Langenlois_Lower_Austria.html, /Attractions-g635761-Activities-Langenlois_Lower_Austria.html
Ortskapelle Haindorf, None, Sights & Landmarks, /Attraction_Review-g635761-d20361076-Reviews-Ortskapelle_Haindorf-Langenlois_Lower_Austria.html, /Attractions-g635761-Activities-Langenlois_Lower_Austria.html
Pest-/Dreifaltigkeitssäule - Kornplatz, None, Sights & Landmarks, /Attraction_Review-g635761-d20361097-Reviews-Pest_Dreifaltigkeitssaule_Kornplatz-Langenlois_Lower_Austria.html, /Attractions-g635761-Activities-Langenlois_Lower_Austria.html
Schloss Schiltern und Barockgarten, None, Sights & Landmarks, /Attraction_Review-g635761-d20361096-Reviews-Schloss_Schiltern_und_Barockgarten-Langenlois_Lower_Austria.html, /Attractions-g635761-Activities-Langenlois_Lower_Austria.html
Maria Immaculata Brunnen - Holzplatz, None, Sights & Landmarks, /Attraction_Review-g635761-d20361098-Reviews-Maria_Immaculata_Brunnen_Holzplatz-Langenlois_Lower_Austria.html, /Attractions-g635761-Activities-Langenlois_Lower_Austria.html
Kellergasse Am Sauberg, None, Sights & Landmarks, /Attraction_Review-g635761-d21495063-Reviews-Kellergasse_Am_Sauberg-Langenlois_Lower_Austria.html, /Attractions-g635761-Activities-Langenlois_Lower_Austria.html
Weingut Michaela Joebstl, None, Shopping, /Attraction_Review-g635761-d6598042-Reviews-Weingut_Michaela_Joebstl-Langenlois_Lower_Austria.html, /Attractions-g635761-Activities-Langenlois_Lower_Austria.html
Weingut Haimerl, None, Food & Drink, /Attraction_Review-g635761-d19155805-Reviews-Weingut_Haimerl-Langenlois_Lower_Austria.html, /Attractions-g635761-Activities-Langenlois_Lower_Austria.html
Freizeitanlage Kamp, None, Nature & Parks, /Attraction_Review-g635761-d17720193-Reviews-Freizeitanlage_Kamp-Langenlois_Lower_Austria.html, /Attractions-g635761-Activities-Langenlois_Lower_Austria.html
