attraction_name, attraction_rate, attraction_type, attraction_url, attraction_parent_url
Streetworkout-Park, None, Nature & Parks, /Attraction_Review-g635550-d15050143-Reviews-Streetworkout_Park-Dornbirn_Vorarlberg_Austrian_Alps.html, /Attractions-g635550-Activities-Dornbirn_Vorarlberg_Austrian_Alps.html
Christbaumschmuck Museum, None, Museums, /Attraction_Review-g635550-d15050171-Reviews-Christbaumschmuck_Museum-Dornbirn_Vorarlberg_Austrian_Alps.html, /Attractions-g635550-Activities-Dornbirn_Vorarlberg_Austrian_Alps.html
Kapelle Kehlen, None, Sights & Landmarks, /Attraction_Review-g635550-d15050134-Reviews-Kapelle_Kehlen-Dornbirn_Vorarlberg_Austrian_Alps.html, /Attractions-g635550-Activities-Dornbirn_Vorarlberg_Austrian_Alps.html
Stadtbücherei Dornbirn, None, Traveller Resources, /Attraction_Review-g635550-d15050153-Reviews-Stadtbucherei_Dornbirn-Dornbirn_Vorarlberg_Austrian_Alps.html, /Attractions-g635550-Activities-Dornbirn_Vorarlberg_Austrian_Alps.html
Pfarrkirche Dornbirn-Oberdorf, None, Sights & Landmarks, /Attraction_Review-g635550-d15050137-Reviews-Pfarrkirche_Dornbirn_Oberdorf-Dornbirn_Vorarlberg_Austrian_Alps.html, /Attractions-g635550-Activities-Dornbirn_Vorarlberg_Austrian_Alps.html
Heilandskirche Dornbirn, None, Sights & Landmarks, /Attraction_Review-g635550-d15050141-Reviews-Heilandskirche_Dornbirn-Dornbirn_Vorarlberg_Austrian_Alps.html, /Attractions-g635550-Activities-Dornbirn_Vorarlberg_Austrian_Alps.html
Kunstraum Dornbirn, None, Museums, /Attraction_Review-g635550-d15050170-Reviews-Kunstraum_Dornbirn-Dornbirn_Vorarlberg_Austrian_Alps.html, /Attractions-g635550-Activities-Dornbirn_Vorarlberg_Austrian_Alps.html
Galerie Art House, None, Museums, /Attraction_Review-g635550-d15050167-Reviews-Galerie_Art_House-Dornbirn_Vorarlberg_Austrian_Alps.html, /Attractions-g635550-Activities-Dornbirn_Vorarlberg_Austrian_Alps.html
Galerie c.art Prantl & Boch, None, Museums, /Attraction_Review-g635550-d15050169-Reviews-Galerie_c_art_Prantl_Boch-Dornbirn_Vorarlberg_Austrian_Alps.html, /Attractions-g635550-Activities-Dornbirn_Vorarlberg_Austrian_Alps.html
Ebniter Museumsstuba, None, Museums, /Attraction_Review-g635550-d15050172-Reviews-Ebniter_Museumsstuba-Dornbirn_Vorarlberg_Austrian_Alps.html, /Attractions-g635550-Activities-Dornbirn_Vorarlberg_Austrian_Alps.html
Heumöser Alpe, None, Nature & Parks, /Attraction_Review-g635550-d15050127-Reviews-Heumoser_Alpe-Dornbirn_Vorarlberg_Austrian_Alps.html, /Attractions-g635550-Activities-Dornbirn_Vorarlberg_Austrian_Alps.html
Dornbirn Tourismus, None, Traveller Resources, /Attraction_Review-g635550-d15056583-Reviews-Dornbirn_Tourismus-Dornbirn_Vorarlberg_Austrian_Alps.html, /Attractions-g635550-Activities-Dornbirn_Vorarlberg_Austrian_Alps.html
Villa Guntram Hammerle, None, Sights & Landmarks, /Attraction_Review-g635550-d15056818-Reviews-Villa_Guntram_Hammerle-Dornbirn_Vorarlberg_Austrian_Alps.html, /Attractions-g635550-Activities-Dornbirn_Vorarlberg_Austrian_Alps.html
