attraction_name, attraction_rate, attraction_type, attraction_url, attraction_parent_url
Werner Berg Museum, 5.0, Museums, /Attraction_Review-g2273729-d8097027-Reviews-Werner_Berg_Museum-Bleiburg_Carinthia_Austrian_Alps.html, /Attractions-g2273729-Activities-Bleiburg_Carinthia_Austrian_Alps.html
Kabinenbahn Petzen, 4.5, Transportation, /Attraction_Review-g2273729-d12604306-Reviews-Kabinenbahn_Petzen-Bleiburg_Carinthia_Austrian_Alps.html, /Attractions-g2273729-Activities-Bleiburg_Carinthia_Austrian_Alps.html
Schloss Bleiburg, 4.0, Sights & Landmarks, /Attraction_Review-g2273729-d10865676-Reviews-Schloss_Bleiburg-Bleiburg_Carinthia_Austrian_Alps.html, /Attractions-g2273729-Activities-Bleiburg_Carinthia_Austrian_Alps.html
Filialkirche Hl. Lucia, 5.0, Sights & Landmarks, /Attraction_Review-g2273729-d10847936-Reviews-Filialkirche_Hl_Lucia-Bleiburg_Carinthia_Austrian_Alps.html, /Attractions-g2273729-Activities-Bleiburg_Carinthia_Austrian_Alps.html
Joerg Haider Bridge, 3.0, Sights & Landmarks, /Attraction_Review-g2273729-d12720783-Reviews-Joerg_Haider_Bridge-Bleiburg_Carinthia_Austrian_Alps.html, /Attractions-g2273729-Activities-Bleiburg_Carinthia_Austrian_Alps.html
Filialkirche Hl. Bartholomäus, 4.0, Sights & Landmarks, /Attraction_Review-g2273729-d10847961-Reviews-Filialkirche_Hl_Bartholomaus-Bleiburg_Carinthia_Austrian_Alps.html, /Attractions-g2273729-Activities-Bleiburg_Carinthia_Austrian_Alps.html
Filialkirche Hl. Margaretha, 5.0, Sights & Landmarks, /Attraction_Review-g2273729-d10847964-Reviews-Filialkirche_Hl_Margaretha-Bleiburg_Carinthia_Austrian_Alps.html, /Attractions-g2273729-Activities-Bleiburg_Carinthia_Austrian_Alps.html
Europaplatz - Bleiburg, 3.0, Sights & Landmarks, /Attraction_Review-g2273729-d10847979-Reviews-Europaplatz_Bleiburg-Bleiburg_Carinthia_Austrian_Alps.html, /Attractions-g2273729-Activities-Bleiburg_Carinthia_Austrian_Alps.html
Stadtpfarrkirche 'Hl. Petrus und Paulus', 3.0, Sights & Landmarks, /Attraction_Review-g2273729-d10847878-Reviews-Stadtpfarrkirche_Hl_Petrus_und_Paulus-Bleiburg_Carinthia_Austrian_Alps.html, /Attractions-g2273729-Activities-Bleiburg_Carinthia_Austrian_Alps.html
Escape-Rooms-Petzen, 5.0, Fun & Games, /Attraction_Review-g2273729-d13397264-Reviews-Escape_Rooms_Petzen-Bleiburg_Carinthia_Austrian_Alps.html, /Attractions-g2273729-Activities-Bleiburg_Carinthia_Austrian_Alps.html
Werner Berg Greisslerei, 4.0, Nightlife, /Attraction_Review-g2273729-d12035514-Reviews-Werner_Berg_Greisslerei-Bleiburg_Carinthia_Austrian_Alps.html, /Attractions-g2273729-Activities-Bleiburg_Carinthia_Austrian_Alps.html
Erasmuskapelle - Evangelische Kirche, None, Sights & Landmarks, /Attraction_Review-g2273729-d10865665-Reviews-Erasmuskapelle_Evangelische_Kirche-Bleiburg_Carinthia_Austrian_Alps.html, /Attractions-g2273729-Activities-Bleiburg_Carinthia_Austrian_Alps.html
Filialkirche Hl. Georg, None, Sights & Landmarks, /Attraction_Review-g2273729-d10865672-Reviews-Filialkirche_Hl_Georg-Bleiburg_Carinthia_Austrian_Alps.html, /Attractions-g2273729-Activities-Bleiburg_Carinthia_Austrian_Alps.html
Pfarrkirche St. Florian, None, Sights & Landmarks, /Attraction_Review-g2273729-d10847939-Reviews-Pfarrkirche_St_Florian-Bleiburg_Carinthia_Austrian_Alps.html, /Attractions-g2273729-Activities-Bleiburg_Carinthia_Austrian_Alps.html
Filialkirche Hl. Sebastian, None, Sights & Landmarks, /Attraction_Review-g2273729-d10847881-Reviews-Filialkirche_Hl_Sebastian-Bleiburg_Carinthia_Austrian_Alps.html, /Attractions-g2273729-Activities-Bleiburg_Carinthia_Austrian_Alps.html
Filialkirche St. Oswald, None, Sights & Landmarks, /Attraction_Review-g2273729-d10847935-Reviews-Filialkirche_St_Oswald-Bleiburg_Carinthia_Austrian_Alps.html, /Attractions-g2273729-Activities-Bleiburg_Carinthia_Austrian_Alps.html
Filialkirche Maria Himmelfahrt, None, Sights & Landmarks, /Attraction_Review-g2273729-d10847879-Reviews-Filialkirche_Maria_Himmelfahrt-Bleiburg_Carinthia_Austrian_Alps.html, /Attractions-g2273729-Activities-Bleiburg_Carinthia_Austrian_Alps.html
Filialkirche Hl. Andreas, None, Sights & Landmarks, /Attraction_Review-g2273729-d10847937-Reviews-Filialkirche_Hl_Andreas-Bleiburg_Carinthia_Austrian_Alps.html, /Attractions-g2273729-Activities-Bleiburg_Carinthia_Austrian_Alps.html
Pestkreuz Bleiburg, None, Sights & Landmarks, /Attraction_Review-g2273729-d10847980-Reviews-Pestkreuz_Bleiburg-Bleiburg_Carinthia_Austrian_Alps.html, /Attractions-g2273729-Activities-Bleiburg_Carinthia_Austrian_Alps.html
