attraction_name, attraction_rate, attraction_type, attraction_url, attraction_parent_url
Denkmal Aron Menczer, 4.0, Sights & Landmarks, /Attraction_Review-g190454-d14010612-Reviews-Denkmal_Aron_Menczer-Vienna.html, /Attractions-g190454-Activities-Vienna.html
Gänsemädchenbrunnen, 3.0, Sights & Landmarks, /Attraction_Review-g190454-d13552445-Reviews-Gansemadchenbrunnen-Vienna.html, /Attractions-g190454-Activities-Vienna.html
Weghuberpark, 3.5, Nature & Parks, /Attraction_Review-g190454-d11779851-Reviews-Weghuberpark-Vienna.html, /Attractions-g190454-Activities-Vienna.html
Serbisch-Orthodoxe Kirche Christi Auferstehung, 4.0, Sights & Landmarks, /Attraction_Review-g190454-d10056067-Reviews-Serbisch_Orthodoxe_Kirche_Christi_Auferstehung-Vienna.html, /Attractions-g190454-Activities-Vienna.html
Metropol Theater, 4.0, Concerts & Shows, /Attraction_Review-g190454-d245458-Reviews-Metropol_Theater-Vienna.html, /Attractions-g190454-Activities-Vienna.html
Heiligenkreuzerhof Market, 3.5, Shopping, /Attraction_Review-g190454-d191403-Reviews-Heiligenkreuzerhof_Market-Vienna.html, /Attractions-g190454-Activities-Vienna.html
Bezirksmuseum Floridsdorf, 5.0, Museums, /Attraction_Review-g190454-d12594459-Reviews-Bezirksmuseum_Floridsdorf-Vienna.html, /Attractions-g190454-Activities-Vienna.html
Modenapark, 3.0, Nature & Parks, /Attraction_Review-g190454-d13418083-Reviews-Modenapark-Vienna.html, /Attractions-g190454-Activities-Vienna.html
Denkmal Rudolf von Alt, 3.5, Sights & Landmarks, /Attraction_Review-g190454-d13552677-Reviews-Denkmal_Rudolf_von_Alt-Vienna.html, /Attractions-g190454-Activities-Vienna.html
Finanzministerium, 4.0, Sights & Landmarks, /Attraction_Review-g190454-d311232-Reviews-Finanzministerium-Vienna.html, /Attractions-g190454-Activities-Vienna.html
Palais Caprara-Geymüller, 4.0, Sights & Landmarks, /Attraction_Review-g190454-d14010571-Reviews-Palais_Caprara_Geymuller-Vienna.html, /Attractions-g190454-Activities-Vienna.html
Denkmal Ferdinand Georg Waldmüller, 3.5, Sights & Landmarks, /Attraction_Review-g190454-d13983894-Reviews-Denkmal_Ferdinand_Georg_Waldmuller-Vienna.html, /Attractions-g190454-Activities-Vienna.html
Grete-Rehor-Park, 3.0, Nature & Parks, /Attraction_Review-g190454-d13552582-Reviews-Grete_Rehor_Park-Vienna.html, /Attractions-g190454-Activities-Vienna.html
Galerie Lehner, 3.5, Museums, /Attraction_Review-g190454-d2312378-Reviews-Galerie_Lehner-Vienna.html, /Attractions-g190454-Activities-Vienna.html
Pushkin Statue, 4.0, Sights & Landmarks, /Attraction_Review-g190454-d7597997-Reviews-Pushkin_Statue-Vienna.html, /Attractions-g190454-Activities-Vienna.html
Pilgramgasse, 3.5, Sights & Landmarks, /Attraction_Review-g190454-d15061381-Reviews-Pilgramgasse-Vienna.html, /Attractions-g190454-Activities-Vienna.html
Barmherzigenkirche, 4.0, Sights & Landmarks, /Attraction_Review-g190454-d4545178-Reviews-Barmherzigenkirche-Vienna.html, /Attractions-g190454-Activities-Vienna.html
Währinger Schubertpark, 3.5, Sights & Landmarks, /Attraction_Review-g190454-d13923741-Reviews-Wahringer_Schubertpark-Vienna.html, /Attractions-g190454-Activities-Vienna.html
Rahlstiege, 3.5, Sights & Landmarks, /Attraction_Review-g190454-d13552446-Reviews-Rahlstiege-Vienna.html, /Attractions-g190454-Activities-Vienna.html
3CityWave, 5.0, Fun & Games, /Attraction_Review-g190454-d11444735-Reviews-3CityWave-Vienna.html, /Attractions-g190454-Activities-Vienna.html
Denkmal Ernst Mach, 3.0, Sights & Landmarks, /Attraction_Review-g190454-d13983951-Reviews-Denkmal_Ernst_Mach-Vienna.html, /Attractions-g190454-Activities-Vienna.html
Basiliskenbrunnen, 3.5, Sights & Landmarks, /Attraction_Review-g190454-d13386956-Reviews-Basiliskenbrunnen-Vienna.html, /Attractions-g190454-Activities-Vienna.html
Haus Steiner, 4.5, Sights & Landmarks, /Attraction_Review-g190454-d10167398-Reviews-Haus_Steiner-Vienna.html, /Attractions-g190454-Activities-Vienna.html
Reformierte Stadtkirche, 3.5, Sights & Landmarks, /Attraction_Review-g190454-d11718721-Reviews-Reformierte_Stadtkirche-Vienna.html, /Attractions-g190454-Activities-Vienna.html
Zum Hayden Schuss-Figur, 3.5, Sights & Landmarks, /Attraction_Review-g190454-d14010451-Reviews-Zum_Hayden_Schuss_Figur-Vienna.html, /Attractions-g190454-Activities-Vienna.html
Heiligen Geist Kirche, 5.0, Sights & Landmarks, /Attraction_Review-g190454-d12339219-Reviews-Heiligen_Geist_Kirche-Vienna.html, /Attractions-g190454-Activities-Vienna.html
Statue Rauchfangkehrer, 4.0, Sights & Landmarks, /Attraction_Review-g190454-d14010546-Reviews-Statue_Rauchfangkehrer-Vienna.html, /Attractions-g190454-Activities-Vienna.html
Wirtschaftsmuseum, 4.5, Museums, /Attraction_Review-g190454-d12402388-Reviews-Wirtschaftsmuseum-Vienna.html, /Attractions-g190454-Activities-Vienna.html
Schwendermarkt, 3.5, Shopping, /Attraction_Review-g190454-d12384926-Reviews-Schwendermarkt-Vienna.html, /Attractions-g190454-Activities-Vienna.html
Denkmal Julius Raab, 3.5, Sights & Landmarks, /Attraction_Review-g190454-d13552675-Reviews-Denkmal_Julius_Raab-Vienna.html, /Attractions-g190454-Activities-Vienna.html
