attraction_name, attraction_rate, attraction_type, attraction_url, attraction_parent_url
Rathaus Straß, None, Sights & Landmarks, /Attraction_Review-g1898523-d20332676-Reviews-Rathaus_Strass-Strass_in_Steiermark_Styria.html, /Attractions-g1898523-Activities-Strass_in_Steiermark_Styria.html
Pfarrkirche Hl. Michael, None, Sights & Landmarks, /Attraction_Review-g1898523-d20334001-Reviews-Pfarrkirche_Hl_Michael-Strass_in_Steiermark_Styria.html, /Attractions-g1898523-Activities-Strass_in_Steiermark_Styria.html
Erzherzog-Johann-Kaserne/ ehem. Schloss Straß, None, Sights & Landmarks, /Attraction_Review-g1898523-d20332669-Reviews-Erzherzog_Johann_Kaserne_ehem_Schloss_Strass-Strass_in_Steiermark_Styria.html, /Attractions-g1898523-Activities-Strass_in_Steiermark_Styria.html
Kath. Pfarrkirche Mariä Himmelfahrt - Pfarre Straß, None, Sights & Landmarks, /Attraction_Review-g1898523-d20332670-Reviews-Kath_Pfarrkirche_Maria_Himmelfahrt_Pfarre_Strass-Strass_in_Steiermark_Styria.html, /Attractions-g1898523-Activities-Strass_in_Steiermark_Styria.html
Polz Garten Südsteiermark, None, Nature & Parks, /Attraction_Review-g1898523-d13160427-Reviews-Polz_Garten_Sudsteiermark-Strass_in_Steiermark_Styria.html, /Attractions-g1898523-Activities-Strass_in_Steiermark_Styria.html
Attemsmoor, None, Tours, /Attraction_Review-g1898523-d15843453-Reviews-Attemsmoor-Strass_in_Steiermark_Styria.html, /Attractions-g1898523-Activities-Strass_in_Steiermark_Styria.html
