attraction_name, attraction_rate, attraction_type, attraction_url, attraction_parent_url
Benedictine Abbey of St. Paul, 4.5, Sights & Landmarks, /Attraction_Review-g2642395-d6674703-Reviews-Benedictine_Abbey_of_St_Paul-Sankt_Paul_im_Lavanttal_Carinthia_Austrian_Alps.html, /Attractions-g2642395-Activities-Sankt_Paul_im_Lavanttal_Carinthia_Austrian_Alps.html
Ruine Rabenstein, 4.0, Sights & Landmarks, /Attraction_Review-g2642395-d12111604-Reviews-Ruine_Rabenstein-Sankt_Paul_im_Lavanttal_Carinthia_Austrian_Alps.html, /Attractions-g2642395-Activities-Sankt_Paul_im_Lavanttal_Carinthia_Austrian_Alps.html
Weinhof Vlg. Ritter, 5.0, Nightlife, /Attraction_Review-g2642395-d15321834-Reviews-Weinhof_Vlg_Ritter-Sankt_Paul_im_Lavanttal_Carinthia_Austrian_Alps.html, /Attractions-g2642395-Activities-Sankt_Paul_im_Lavanttal_Carinthia_Austrian_Alps.html
Benedikt be-Weg-t (Grenzenloses Pilgern), None, Nature & Parks, /Attraction_Review-g2642395-d12124770-Reviews-Benedikt_be_Weg_t_Grenzenloses_Pilgern-Sankt_Paul_im_Lavanttal_Carinthia_Austri.html, /Attractions-g2642395-Activities-Sankt_Paul_im_Lavanttal_Carinthia_Austrian_Alps.html
Lavanttaler OBSTBAU-MUSEUM, None, Museums, /Attraction_Review-g2642395-d12111638-Reviews-Lavanttaler_OBSTBAU_MUSEUM-Sankt_Paul_im_Lavanttal_Carinthia_Austrian_Alps.html, /Attractions-g2642395-Activities-Sankt_Paul_im_Lavanttal_Carinthia_Austrian_Alps.html
