attraction_name, attraction_rate, attraction_type, attraction_url, attraction_parent_url
Tourismusverband Lesachtal, 5.0, Traveller Resources, /Attraction_Review-g1196804-d12423268-Reviews-Tourismusverband_Lesachtal-Liesing_Carinthia_Austrian_Alps.html, /Attractions-g1196804-Activities-Liesing_Carinthia_Austrian_Alps.html
Obergail - Steineckenalm, 4.0, Nature & Parks, /Attraction_Review-g1196804-d15026731-Reviews-Obergail_Steineckenalm-Liesing_Carinthia_Austrian_Alps.html, /Attractions-g1196804-Activities-Liesing_Carinthia_Austrian_Alps.html
Brotbackhaus, None, Sights & Landmarks, /Attraction_Review-g1196804-d12421564-Reviews-Brotbackhaus-Liesing_Carinthia_Austrian_Alps.html, /Attractions-g1196804-Activities-Liesing_Carinthia_Austrian_Alps.html
Geigenbaumuseum, None, Museums, /Attraction_Review-g1196804-d12423336-Reviews-Geigenbaumuseum-Liesing_Carinthia_Austrian_Alps.html, /Attractions-g1196804-Activities-Liesing_Carinthia_Austrian_Alps.html
Pfarrkirche Kornat, None, Sights & Landmarks, /Attraction_Review-g1196804-d12423351-Reviews-Pfarrkirche_Kornat-Liesing_Carinthia_Austrian_Alps.html, /Attractions-g1196804-Activities-Liesing_Carinthia_Austrian_Alps.html
