attraction_name, attraction_rate, attraction_type, attraction_url, attraction_parent_url
Vino Versum Poysdorf, 4.5, Museums, /Attraction_Review-g1022626-d6591264-Reviews-Vino_Versum_Poysdorf-Poysdorf_Lower_Austria.html, /Attractions-g1022626-Activities-Poysdorf_Lower_Austria.html
Weingut Taubenschuss, 5.0, Food & Drink, /Attraction_Review-g1022626-d11886532-Reviews-Weingut_Taubenschuss-Poysdorf_Lower_Austria.html, /Attractions-g1022626-Activities-Poysdorf_Lower_Austria.html
Pfarrkirche Poysdorf, 5.0, Sights & Landmarks, /Attraction_Review-g1022626-d20030270-Reviews-Pfarrkirche_Poysdorf-Poysdorf_Lower_Austria.html, /Attractions-g1022626-Activities-Poysdorf_Lower_Austria.html
Golfclub Veltlinerland, 4.0, Outdoor Activities, /Attraction_Review-g1022626-d12868512-Reviews-Golfclub_Veltlinerland-Poysdorf_Lower_Austria.html, /Attractions-g1022626-Activities-Poysdorf_Lower_Austria.html
Wino, 4.5, Shopping, /Attraction_Review-g1022626-d7299951-Reviews-Wino-Poysdorf_Lower_Austria.html, /Attractions-g1022626-Activities-Poysdorf_Lower_Austria.html
radWERK-W4, 5.0, Outdoor Activities, /Attraction_Review-g1022626-d15017507-Reviews-RadWERK_W4-Poysdorf_Lower_Austria.html, /Attractions-g1022626-Activities-Poysdorf_Lower_Austria.html
Oldtimer-Museum Poysdorf, None, Museums, /Attraction_Review-g1022626-d11881746-Reviews-Oldtimer_Museum_Poysdorf-Poysdorf_Lower_Austria.html, /Attractions-g1022626-Activities-Poysdorf_Lower_Austria.html
Weingut Gmeinbock, None, Food & Drink, /Attraction_Review-g1022626-d19219677-Reviews-Weingut_Gmeinbock-Poysdorf_Lower_Austria.html, /Attractions-g1022626-Activities-Poysdorf_Lower_Austria.html
