attraction_name, attraction_rate, attraction_type, attraction_url, attraction_parent_url
Winzer Krems, 4.5, Food & Drink, /Attraction_Review-g190424-d2264080-Reviews-Winzer_Krems-Krems_an_der_Donau_Lower_Austria.html, /Attractions-g190424-Activities-Krems_an_der_Donau_Lower_Austria.html
Karikaturmuseum, 4.5, Museums, /Attraction_Review-g190424-d1966876-Reviews-Karikaturmuseum-Krems_an_der_Donau_Lower_Austria.html, /Attractions-g190424-Activities-Krems_an_der_Donau_Lower_Austria.html
Steiner Tor, 4.0, Sights & Landmarks, /Attraction_Review-g190424-d9720594-Reviews-Steiner_Tor-Krems_an_der_Donau_Lower_Austria.html, /Attractions-g190424-Activities-Krems_an_der_Donau_Lower_Austria.html
Wachauer Marillen Erlebnisweg, 4.5, Nature & Parks, /Attraction_Review-g190424-d10302058-Reviews-Wachauer_Marillen_Erlebnisweg-Krems_an_der_Donau_Lower_Austria.html, /Attractions-g190424-Activities-Krems_an_der_Donau_Lower_Austria.html
Kunsthalle Krems, 4.5, Museums, /Attraction_Review-g190424-d1195110-Reviews-Kunsthalle_Krems-Krems_an_der_Donau_Lower_Austria.html, /Attractions-g190424-Activities-Krems_an_der_Donau_Lower_Austria.html
Pfarre Krems St. Veit, 4.0, Sights & Landmarks, /Attraction_Review-g190424-d12833736-Reviews-Pfarre_Krems_St_Veit-Krems_an_der_Donau_Lower_Austria.html, /Attractions-g190424-Activities-Krems_an_der_Donau_Lower_Austria.html
Piaristenkirche, 4.0, Sights & Landmarks, /Attraction_Review-g190424-d8375584-Reviews-Piaristenkirche-Krems_an_der_Donau_Lower_Austria.html, /Attractions-g190424-Activities-Krems_an_der_Donau_Lower_Austria.html
Gozzoburg, 4.5, Museums, /Attraction_Review-g190424-d10667222-Reviews-Gozzoburg-Krems_an_der_Donau_Lower_Austria.html, /Attractions-g190424-Activities-Krems_an_der_Donau_Lower_Austria.html
Motorrad-Museum, 5.0, Museums, /Attraction_Review-g190424-d1966883-Reviews-Motorrad_Museum-Krems_an_der_Donau_Lower_Austria.html, /Attractions-g190424-Activities-Krems_an_der_Donau_Lower_Austria.html
Dominikanerkirche, 4.5, Museums, /Attraction_Review-g190424-d8264706-Reviews-Dominikanerkirche-Krems_an_der_Donau_Lower_Austria.html, /Attractions-g190424-Activities-Krems_an_der_Donau_Lower_Austria.html
Katholic Pfarrkirche Hl. Nikolaus, 3.5, Sights & Landmarks, /Attraction_Review-g190424-d6465417-Reviews-Katholic_Pfarrkirche_Hl_Nikolaus-Krems_an_der_Donau_Lower_Austria.html, /Attractions-g190424-Activities-Krems_an_der_Donau_Lower_Austria.html
Die Frauenbergstiege, 4.5, Sights & Landmarks, /Attraction_Review-g190424-d10632669-Reviews-Die_Frauenbergstiege-Krems_an_der_Donau_Lower_Austria.html, /Attractions-g190424-Activities-Krems_an_der_Donau_Lower_Austria.html
Mariandl Shopping Center, 3.5, Shopping, /Attraction_Review-g190424-d10623600-Reviews-Mariandl_Shopping_Center-Krems_an_der_Donau_Lower_Austria.html, /Attractions-g190424-Activities-Krems_an_der_Donau_Lower_Austria.html
Beethovenhaus Gneixendorf, 3.5, Food & Drink, /Attraction_Review-g190424-d3470237-Reviews-Beethovenhaus_Gneixendorf-Krems_an_der_Donau_Lower_Austria.html, /Attractions-g190424-Activities-Krems_an_der_Donau_Lower_Austria.html
Museum Krems, 4.0, Museums, /Attraction_Review-g190424-d14803387-Reviews-Museum_Krems-Krems_an_der_Donau_Lower_Austria.html, /Attractions-g190424-Activities-Krems_an_der_Donau_Lower_Austria.html
Wachaubahn, 4.0, Outdoor Activities, /Attraction_Review-g190424-d16663056-Reviews-Wachaubahn-Krems_an_der_Donau_Lower_Austria.html, /Attractions-g190424-Activities-Krems_an_der_Donau_Lower_Austria.html
Burgerspitalkirche St. Philipp &amp; Jakob, 4.0, Sights & Landmarks, /Attraction_Review-g190424-d10671157-Reviews-Burgerspitalkirche_St_Philipp_Jakob-Krems_an_der_Donau_Lower_Austria.html, /Attractions-g190424-Activities-Krems_an_der_Donau_Lower_Austria.html
Salomon Undhof Winery, 5.0, Food & Drink, /Attraction_Review-g190424-d11965956-Reviews-Salomon_Undhof_Winery-Krems_an_der_Donau_Lower_Austria.html, /Attractions-g190424-Activities-Krems_an_der_Donau_Lower_Austria.html
Altstadt von Stein, 5.0, Sights & Landmarks, /Attraction_Review-g190424-d19086667-Reviews-Altstadt_von_Stein-Krems_an_der_Donau_Lower_Austria.html, /Attractions-g190424-Activities-Krems_an_der_Donau_Lower_Austria.html
Steiner Tor City Shopping, 2.0, Shopping, /Attraction_Review-g190424-d10665692-Reviews-Steiner_Tor_City_Shopping-Krems_an_der_Donau_Lower_Austria.html, /Attractions-g190424-Activities-Krems_an_der_Donau_Lower_Austria.html
Wachau Cultural Landscape, 4.0, Sights & Landmarks, /Attraction_Review-g190424-d12653666-Reviews-Wachau_Cultural_Landscape-Krems_an_der_Donau_Lower_Austria.html, /Attractions-g190424-Activities-Krems_an_der_Donau_Lower_Austria.html
Schloss Wolfsberg, 3.0, Sights & Landmarks, /Attraction_Review-g190424-d14008920-Reviews-Schloss_Wolfsberg-Krems_an_der_Donau_Lower_Austria.html, /Attractions-g190424-Activities-Krems_an_der_Donau_Lower_Austria.html
Ruine Rundersburg, 3.0, Sights & Landmarks, /Attraction_Review-g190424-d7059561-Reviews-Ruine_Rundersburg-Krems_an_der_Donau_Lower_Austria.html, /Attractions-g190424-Activities-Krems_an_der_Donau_Lower_Austria.html
Brandner Schiffahrt, 4.0, Boat Tours & Water Sports, /Attraction_Review-g190424-d8378441-Reviews-Brandner_Schiffahrt-Krems_an_der_Donau_Lower_Austria.html, /Attractions-g190424-Activities-Krems_an_der_Donau_Lower_Austria.html
Weinhimmel, 5.0, Nightlife, /Attraction_Review-g190424-d10157249-Reviews-Weinhimmel-Krems_an_der_Donau_Lower_Austria.html, /Attractions-g190424-Activities-Krems_an_der_Donau_Lower_Austria.html
Wachauschifffahrt, 4.0, Tours, /Attraction_Review-g190424-d6516192-Reviews-Wachauschifffahrt-Krems_an_der_Donau_Lower_Austria.html, /Attractions-g190424-Activities-Krems_an_der_Donau_Lower_Austria.html
Flugplatz Krems - Langenlois, 4.5, Outdoor Activities, /Attraction_Review-g190424-d6847405-Reviews-Flugplatz_Krems_Langenlois-Krems_an_der_Donau_Lower_Austria.html, /Attractions-g190424-Activities-Krems_an_der_Donau_Lower_Austria.html
Kre:ART UpcyclingDesignShop, 4.5, Classes & Workshops, /Attraction_Review-g190424-d12447820-Reviews-Kre_ART_UpcyclingDesignShop-Krems_an_der_Donau_Lower_Austria.html, /Attractions-g190424-Activities-Krems_an_der_Donau_Lower_Austria.html
Krems Tourismus Stadtfuehrungen, 5.0, Tours, /Attraction_Review-g190424-d13848187-Reviews-Krems_Tourismus_Stadtfuehrungen-Krems_an_der_Donau_Lower_Austria.html, /Attractions-g190424-Activities-Krems_an_der_Donau_Lower_Austria.html
Wein.Cabinet, 5.0, Nightlife, /Attraction_Review-g190424-d15118219-Reviews-Wein_Cabinet-Krems_an_der_Donau_Lower_Austria.html, /Attractions-g190424-Activities-Krems_an_der_Donau_Lower_Austria.html
