attraction_name, attraction_rate, attraction_type, attraction_url, attraction_parent_url
Therme Geinberg, 3.5, Spas & Wellness, /Attraction_Review-g651671-d643522-Reviews-Therme_Geinberg-Geinberg_Upper_Austria.html, /Attractions-g651671-Activities-Geinberg_Upper_Austria.html
Cook up Kitchen, 5.0, Food & Drink, /Attraction_Review-g651671-d15290008-Reviews-Cook_up_Kitchen-Geinberg_Upper_Austria.html, /Attractions-g651671-Activities-Geinberg_Upper_Austria.html
Tourismusverband s’Innviertel, None, Traveller Resources, /Attraction_Review-g651671-d15548957-Reviews-Tourismusverband_s_Innviertel-Geinberg_Upper_Austria.html, /Attractions-g651671-Activities-Geinberg_Upper_Austria.html
Galerie InnArt, None, Museums, /Attraction_Review-g651671-d15542673-Reviews-Galerie_InnArt-Geinberg_Upper_Austria.html, /Attractions-g651671-Activities-Geinberg_Upper_Austria.html
Atelier Stattmann, None, Museums, /Attraction_Review-g651671-d15542671-Reviews-Atelier_Stattmann-Geinberg_Upper_Austria.html, /Attractions-g651671-Activities-Geinberg_Upper_Austria.html
