attraction_name, attraction_rate, attraction_type, attraction_url, attraction_parent_url
Schloss Persenbeug, 4.0, Sights & Landmarks, /Attraction_Review-g1572388-d14792211-Reviews-Schloss_Persenbeug-Persenbeug_Lower_Austria.html, /Attractions-g1572388-Activities-Persenbeug_Lower_Austria.html
Pfarre Persenbeug, None, Sights & Landmarks, /Attraction_Review-g1572388-d14792204-Reviews-Pfarre_Persenbeug-Persenbeug_Lower_Austria.html, /Attractions-g1572388-Activities-Persenbeug_Lower_Austria.html
Heimatmuseum Persenbeug-Gottsdorf, None, Museums, /Attraction_Review-g1572388-d14764530-Reviews-Heimatmuseum_Persenbeug_Gottsdorf-Persenbeug_Lower_Austria.html, /Attractions-g1572388-Activities-Persenbeug_Lower_Austria.html
Pfarrkirche hl. Petrus und Paulus - Pfarramt Gottsdorf, None, Sights & Landmarks, /Attraction_Review-g1572388-d14764531-Reviews-Pfarrkirche_hl_Petrus_und_Paulus_Pfarramt_Gottsdorf-Persenbeug_Lower_Austria.html, /Attractions-g1572388-Activities-Persenbeug_Lower_Austria.html
