attraction_name, attraction_rate, attraction_type, attraction_url, attraction_parent_url
Melk Abbey, 4.5, Sights & Landmarks, /Attraction_Review-g190425-d546649-Reviews-Melk_Abbey-Melk_Lower_Austria.html, /Attractions-g190425-Activities-Melk_Lower_Austria.html
Stadtpfarrkirche Maria Himmelfahrt, 4.0, Sights & Landmarks, /Attraction_Review-g190425-d14918119-Reviews-Stadtpfarrkirche_Maria_Himmelfahrt-Melk_Lower_Austria.html, /Attractions-g190425-Activities-Melk_Lower_Austria.html
KZ-Gedenkstatte Melk (Melk Memorial), 4.0, Sights & Landmarks, /Attraction_Review-g190425-d16852644-Reviews-KZ_Gedenkstatte_Melk_Melk_Memorial-Melk_Lower_Austria.html, /Attractions-g190425-Activities-Melk_Lower_Austria.html
Greenranch, 5.0, Sights & Landmarks, /Attraction_Review-g190425-d4545193-Reviews-Greenranch-Melk_Lower_Austria.html, /Attractions-g190425-Activities-Melk_Lower_Austria.html
Tastedillery, 4.0, Food & Drink, /Attraction_Review-g190425-d19925946-Reviews-Tastedillery-Melk_Lower_Austria.html, /Attractions-g190425-Activities-Melk_Lower_Austria.html
Wein &amp; Wachau, 4.5, Shopping, /Attraction_Review-g190425-d546653-Reviews-Wein_Wachau-Melk_Lower_Austria.html, /Attractions-g190425-Activities-Melk_Lower_Austria.html
Wachaubad Der Stadtgemeinde Melk, 5.0, Outdoor Activities, /Attraction_Review-g190425-d21227697-Reviews-Wachaubad_Der_Stadtgemeinde_Melk-Melk_Lower_Austria.html, /Attractions-g190425-Activities-Melk_Lower_Austria.html
Sebastian Tours &amp; Transport, None, Tours, /Attraction_Review-g190425-d21248524-Reviews-Sebastian_Tours_Transport-Melk_Lower_Austria.html, /Attractions-g190425-Activities-Melk_Lower_Austria.html
