attraction_name, attraction_rate, attraction_type, attraction_url, attraction_parent_url
Die Perchtoldsdorfer Heide, 4.5, Nature & Parks, /Attraction_Review-g1055996-d11770464-Reviews-Die_Perchtoldsdorfer_Heide-Perchtoldsdorf_Lower_Austria.html, /Attractions-g1055996-Activities-Perchtoldsdorf_Lower_Austria.html
Burg Perchtoldsdorf, 4.5, Sights & Landmarks, /Attraction_Review-g1055996-d5498826-Reviews-Burg_Perchtoldsdorf-Perchtoldsdorf_Lower_Austria.html, /Attractions-g1055996-Activities-Perchtoldsdorf_Lower_Austria.html
Hugo Wolf Haus, 5.0, Museums, /Attraction_Review-g1055996-d9716821-Reviews-Hugo_Wolf_Haus-Perchtoldsdorf_Lower_Austria.html, /Attractions-g1055996-Activities-Perchtoldsdorf_Lower_Austria.html
Dreifaltigkeitssäule, 4.0, Sights & Landmarks, /Attraction_Review-g1055996-d19112507-Reviews-Dreifaltigkeitssaule-Perchtoldsdorf_Lower_Austria.html, /Attractions-g1055996-Activities-Perchtoldsdorf_Lower_Austria.html
Freizeitzentzum Perchtoldsdorf, 3.0, Fun & Games, /Attraction_Review-g1055996-d10803769-Reviews-Freizeitzentzum_Perchtoldsdorf-Perchtoldsdorf_Lower_Austria.html, /Attractions-g1055996-Activities-Perchtoldsdorf_Lower_Austria.html
Föhrenberge, 5.0, Nature & Parks, /Attraction_Review-g1055996-d20379651-Reviews-Fohrenberge-Perchtoldsdorf_Lower_Austria.html, /Attractions-g1055996-Activities-Perchtoldsdorf_Lower_Austria.html
Buschenschank Helene &amp; Georg Nigl, 4.0, Nightlife, /Attraction_Review-g1055996-d12947969-Reviews-Buschenschank_Helene_Georg_Nigl-Perchtoldsdorf_Lower_Austria.html, /Attractions-g1055996-Activities-Perchtoldsdorf_Lower_Austria.html
Rathaus Perchtoldsdorf, 4.0, Sights & Landmarks, /Attraction_Review-g1055996-d19112475-Reviews-Rathaus_Perchtoldsdorf-Perchtoldsdorf_Lower_Austria.html, /Attractions-g1055996-Activities-Perchtoldsdorf_Lower_Austria.html
Spitalskirche, 4.0, Sights & Landmarks, /Attraction_Review-g1055996-d19113478-Reviews-Spitalskirche-Perchtoldsdorf_Lower_Austria.html, /Attractions-g1055996-Activities-Perchtoldsdorf_Lower_Austria.html
Pfarrkirche hl. Augustinus - Perchtoldsdorf, 4.0, Sights & Landmarks, /Attraction_Review-g1055996-d19112510-Reviews-Pfarrkirche_hl_Augustinus_Perchtoldsdorf-Perchtoldsdorf_Lower_Austria.html, /Attractions-g1055996-Activities-Perchtoldsdorf_Lower_Austria.html
Weinrat-Haus, 4.0, Shopping, /Attraction_Review-g1055996-d19974729-Reviews-Weinrat_Haus-Perchtoldsdorf_Lower_Austria.html, /Attractions-g1055996-Activities-Perchtoldsdorf_Lower_Austria.html
Kreuzweg Hochberg, None, Sights & Landmarks, /Attraction_Review-g1055996-d19112489-Reviews-Kreuzweg_Hochberg-Perchtoldsdorf_Lower_Austria.html, /Attractions-g1055996-Activities-Perchtoldsdorf_Lower_Austria.html
