attraction_name, attraction_rate, attraction_type, attraction_url, attraction_parent_url
Jagdmuseum Schloss Stainz, 4.5, Museums, /Attraction_Review-g2276806-d4234355-Reviews-Jagdmuseum_Schloss_Stainz-Stainz_Styria.html, /Attractions-g2276806-Activities-Stainz_Styria.html
Pfarre Stainz - Katholische Pfarrkirche Hl. Katharina, 4.5, Sights & Landmarks, /Attraction_Review-g2276806-d10846194-Reviews-Pfarre_Stainz_Katholische_Pfarrkirche_Hl_Katharina-Stainz_Styria.html, /Attractions-g2276806-Activities-Stainz_Styria.html
Traktormuseum Stainz, 5.0, Museums, /Attraction_Review-g2276806-d10846182-Reviews-Traktormuseum_Stainz-Stainz_Styria.html, /Attractions-g2276806-Activities-Stainz_Styria.html
Evang. Pfarrkirche A.B., 4.5, Sights & Landmarks, /Attraction_Review-g2276806-d10846195-Reviews-Evang_Pfarrkirche_A_B-Stainz_Styria.html, /Attractions-g2276806-Activities-Stainz_Styria.html
Stainzer Flascherlzug, 4.0, Tours, /Attraction_Review-g2276806-d4234351-Reviews-Stainzer_Flascherlzug-Stainz_Styria.html, /Attractions-g2276806-Activities-Stainz_Styria.html
Keramik Klug, 5.0, Shopping, /Attraction_Review-g2276806-d21163775-Reviews-Keramik_Klug-Stainz_Styria.html, /Attractions-g2276806-Activities-Stainz_Styria.html
Vinothek Weinhaus, 1.0, Nightlife, /Attraction_Review-g2276806-d4234357-Reviews-Vinothek_Weinhaus-Stainz_Styria.html, /Attractions-g2276806-Activities-Stainz_Styria.html
Tourismusverband Schilcherland Steiermark, None, Traveller Resources, /Attraction_Review-g2276806-d20342866-Reviews-Tourismusverband_Schilcherland_Steiermark-Stainz_Styria.html, /Attractions-g2276806-Activities-Stainz_Styria.html
Marktkapelle Maria Himmelskönigin, None, Sights & Landmarks, /Attraction_Review-g2276806-d20332546-Reviews-Marktkapelle_Maria_Himmelskonigin-Stainz_Styria.html, /Attractions-g2276806-Activities-Stainz_Styria.html
Stainzer Warte, None, Sights & Landmarks, /Attraction_Review-g2276806-d20332545-Reviews-Stainzer_Warte-Stainz_Styria.html, /Attractions-g2276806-Activities-Stainz_Styria.html
Jakob-Rosolenz-Stiege, None, Sights & Landmarks, /Attraction_Review-g2276806-d20332547-Reviews-Jakob_Rosolenz_Stiege-Stainz_Styria.html, /Attractions-g2276806-Activities-Stainz_Styria.html
