attraction_name, attraction_rate, attraction_type, attraction_url, attraction_parent_url
Christlum, 4.5, Nature & Parks, /Attraction_Review-g616044-d11657549-Reviews-Christlum-Achenkirch_Tirol_Austrian_Alps.html, /Attractions-g616044-Activities-Achenkirch_Tirol_Austrian_Alps.html
Badestrand Achensee Nord, 4.5, Nature & Parks, /Attraction_Review-g616044-d11705435-Reviews-Badestrand_Achensee_Nord-Achenkirch_Tirol_Austrian_Alps.html, /Attractions-g616044-Activities-Achenkirch_Tirol_Austrian_Alps.html
Sixenhof, 4.5, Museums, /Attraction_Review-g616044-d8357020-Reviews-Sixenhof-Achenkirch_Tirol_Austrian_Alps.html, /Attractions-g616044-Activities-Achenkirch_Tirol_Austrian_Alps.html
Abenteuerpark Achensee, 4.5, Fun & Games, /Attraction_Review-g616044-d2401105-Reviews-Abenteuerpark_Achensee-Achenkirch_Tirol_Austrian_Alps.html, /Attractions-g616044-Activities-Achenkirch_Tirol_Austrian_Alps.html
Ski - &amp; Snowboardschule Busslehner, 5.0, Outdoor Activities, /Attraction_Review-g616044-d8536861-Reviews-Ski_Snowboardschule_Busslehner-Achenkirch_Tirol_Austrian_Alps.html, /Attractions-g616044-Activities-Achenkirch_Tirol_Austrian_Alps.html
Alpengolf Achenkirch, 4.0, Outdoor Activities, /Attraction_Review-g616044-d11705434-Reviews-Alpengolf_Achenkirch-Achenkirch_Tirol_Austrian_Alps.html, /Attractions-g616044-Activities-Achenkirch_Tirol_Austrian_Alps.html
Skischule Achensee, 5.0, Classes & Workshops, /Attraction_Review-g616044-d13385745-Reviews-Skischule_Achensee-Achenkirch_Tirol_Austrian_Alps.html, /Attractions-g616044-Activities-Achenkirch_Tirol_Austrian_Alps.html
Pferderüecken Reiten &amp; Fahren, 5.0, Outdoor Activities, /Attraction_Review-g616044-d6782642-Reviews-Pferderuecken_Reiten_Fahren-Achenkirch_Tirol_Austrian_Alps.html, /Attractions-g616044-Activities-Achenkirch_Tirol_Austrian_Alps.html
Busslehner Ski and Snowboard School, 3.5, Classes & Workshops, /Attraction_Review-g616044-d8556348-Reviews-Busslehner_Ski_and_Snowboard_School-Achenkirch_Tirol_Austrian_Alps.html, /Attractions-g616044-Activities-Achenkirch_Tirol_Austrian_Alps.html
Achensee Alpaka, None, Tours, /Attraction_Review-g616044-d21362167-Reviews-Achensee_Alpaka-Achenkirch_Tirol_Austrian_Alps.html, /Attractions-g616044-Activities-Achenkirch_Tirol_Austrian_Alps.html
