attraction_name, attraction_rate, attraction_type, attraction_url, attraction_parent_url
Museum im Lavanthaus, 4.5, Museums, /Attraction_Review-g190438-d5503763-Reviews-Museum_im_Lavanthaus-Wolfsberg_Carinthia_Austrian_Alps.html, /Attractions-g190438-Activities-Wolfsberg_Carinthia_Austrian_Alps.html
Lavanttaler Spargelhof Sternath, 5.0, Sights & Landmarks, /Attraction_Review-g1196672-d6702488-Reviews-Lavanttaler_Spargelhof_Sternath-St_Stefan_im_Lavanttal_Wolfsberg_Carinthia_Austr.html, /Attractions-g190438-Activities-Wolfsberg_Carinthia_Austrian_Alps.html
Lavanttal Arena, 4.5, Sights & Landmarks, /Attraction_Review-g190438-d4819239-Reviews-Lavanttal_Arena-Wolfsberg_Carinthia_Austrian_Alps.html, /Attractions-g190438-Activities-Wolfsberg_Carinthia_Austrian_Alps.html
Schloss Wolfsberg, 3.5, Sights & Landmarks, /Attraction_Review-g190438-d9720589-Reviews-Schloss_Wolfsberg-Wolfsberg_Carinthia_Austrian_Alps.html, /Attractions-g190438-Activities-Wolfsberg_Carinthia_Austrian_Alps.html
Altstadt Von Wolfsberg, 4.0, Sights & Landmarks, /Attraction_Review-g190438-d9716144-Reviews-Altstadt_Von_Wolfsberg-Wolfsberg_Carinthia_Austrian_Alps.html, /Attractions-g190438-Activities-Wolfsberg_Carinthia_Austrian_Alps.html
Pfarre Sankt Marein im Lavanttal, 5.0, Sights & Landmarks, /Attraction_Review-g190438-d12580925-Reviews-Pfarre_Sankt_Marein_im_Lavanttal-Wolfsberg_Carinthia_Austrian_Alps.html, /Attractions-g190438-Activities-Wolfsberg_Carinthia_Austrian_Alps.html
Die Markuskirche - Pfarre Wolfsberg im Lavanttal, 4.0, Sights & Landmarks, /Attraction_Review-g190438-d10442882-Reviews-Die_Markuskirche_Pfarre_Wolfsberg_im_Lavanttal-Wolfsberg_Carinthia_Austrian_Alps.html, /Attractions-g190438-Activities-Wolfsberg_Carinthia_Austrian_Alps.html
Haus der Region, 5.0, Shopping, /Attraction_Review-g190438-d21058662-Reviews-Haus_der_Region-Wolfsberg_Carinthia_Austrian_Alps.html, /Attractions-g190438-Activities-Wolfsberg_Carinthia_Austrian_Alps.html
Fleischbrücke, 5.0, Sights & Landmarks, /Attraction_Review-g190438-d12111456-Reviews-Fleischbrucke-Wolfsberg_Carinthia_Austrian_Alps.html, /Attractions-g190438-Activities-Wolfsberg_Carinthia_Austrian_Alps.html
Fassadengestaltung Rathaus Wolfsberg, 5.0, Sights & Landmarks, /Attraction_Review-g190438-d12120172-Reviews-Fassadengestaltung_Rathaus_Wolfsberg-Wolfsberg_Carinthia_Austrian_Alps.html, /Attractions-g190438-Activities-Wolfsberg_Carinthia_Austrian_Alps.html
Kartsport Friesacher, 5.0, Fun & Games, /Attraction_Review-g1196672-d10497603-Reviews-Kartsport_Friesacher-St_Stefan_im_Lavanttal_Wolfsberg_Carinthia_Austrian_Alps.html, /Attractions-g190438-Activities-Wolfsberg_Carinthia_Austrian_Alps.html
Mausoleum Heyrowsky, None, Sights & Landmarks, /Attraction_Review-g190438-d12111449-Reviews-Mausoleum_Heyrowsky-Wolfsberg_Carinthia_Austrian_Alps.html, /Attractions-g190438-Activities-Wolfsberg_Carinthia_Austrian_Alps.html
Fassade Bezirkshauptmannschaft, None, Sights & Landmarks, /Attraction_Review-g190438-d12111455-Reviews-Fassade_Bezirkshauptmannschaft-Wolfsberg_Carinthia_Austrian_Alps.html, /Attractions-g190438-Activities-Wolfsberg_Carinthia_Austrian_Alps.html
Floriani Brunnen, None, Sights & Landmarks, /Attraction_Review-g190438-d12111457-Reviews-Floriani_Brunnen-Wolfsberg_Carinthia_Austrian_Alps.html, /Attractions-g190438-Activities-Wolfsberg_Carinthia_Austrian_Alps.html
Mariensaeule Wolfsberg, None, Sights & Landmarks, /Attraction_Review-g190438-d12120195-Reviews-Mariensaeule_Wolfsberg-Wolfsberg_Carinthia_Austrian_Alps.html, /Attractions-g190438-Activities-Wolfsberg_Carinthia_Austrian_Alps.html
Pfarrkirche Forst, None, Sights & Landmarks, /Attraction_Review-g190438-d12580919-Reviews-Pfarrkirche_Forst-Wolfsberg_Carinthia_Austrian_Alps.html, /Attractions-g190438-Activities-Wolfsberg_Carinthia_Austrian_Alps.html
Schloss Thürn, None, Sights & Landmarks, /Attraction_Review-g190438-d12580923-Reviews-Schloss_Thurn-Wolfsberg_Carinthia_Austrian_Alps.html, /Attractions-g190438-Activities-Wolfsberg_Carinthia_Austrian_Alps.html
Filialkirche St. Johann, None, Sights & Landmarks, /Attraction_Review-g190438-d12580926-Reviews-Filialkirche_St_Johann-Wolfsberg_Carinthia_Austrian_Alps.html, /Attractions-g190438-Activities-Wolfsberg_Carinthia_Austrian_Alps.html
Pfarrkirche St. Margarethen im Lavanttal, None, Sights & Landmarks, /Attraction_Review-g190438-d12580924-Reviews-Pfarrkirche_St_Margarethen_im_Lavanttal-Wolfsberg_Carinthia_Austrian_Alps.html, /Attractions-g190438-Activities-Wolfsberg_Carinthia_Austrian_Alps.html
Schloss Reideben, None, Sights & Landmarks, /Attraction_Review-g190438-d12580930-Reviews-Schloss_Reideben-Wolfsberg_Carinthia_Austrian_Alps.html, /Attractions-g190438-Activities-Wolfsberg_Carinthia_Austrian_Alps.html
Schloss Bayerhofen - Wolfsberg, None, Sights & Landmarks, /Attraction_Review-g190438-d12536350-Reviews-Schloss_Bayerhofen_Wolfsberg-Wolfsberg_Carinthia_Austrian_Alps.html, /Attractions-g190438-Activities-Wolfsberg_Carinthia_Austrian_Alps.html
Mega Lasergame, None, Fun & Games, /Attraction_Review-g1196672-d10497390-Reviews-Mega_Lasergame-St_Stefan_im_Lavanttal_Wolfsberg_Carinthia_Austrian_Alps.html, /Attractions-g190438-Activities-Wolfsberg_Carinthia_Austrian_Alps.html
Kletterzentrum, None, Fun & Games, /Attraction_Review-g190438-d15037470-Reviews-Kletterzentrum-Wolfsberg_Carinthia_Austrian_Alps.html, /Attractions-g190438-Activities-Wolfsberg_Carinthia_Austrian_Alps.html
Tourismusverband Wolfsberg, None, Traveller Resources, /Attraction_Review-g190438-d15041959-Reviews-Tourismusverband_Wolfsberg-Wolfsberg_Carinthia_Austrian_Alps.html, /Attractions-g190438-Activities-Wolfsberg_Carinthia_Austrian_Alps.html
GaborFoto - Die Liebe zum Licht, None, Classes & Workshops, /Attraction_Review-g1196672-d15137699-Reviews-GaborFoto_Die_Liebe_zum_Licht-St_Stefan_im_Lavanttal_Wolfsberg_Carinthia_Austri.html, /Attractions-g190438-Activities-Wolfsberg_Carinthia_Austrian_Alps.html
