attraction_name, attraction_rate, attraction_type, attraction_url, attraction_parent_url
Stillensteinklamm Wanderweg, 4.5, Nature & Parks, /Attraction_Review-g1172289-d13385539-Reviews-Stillensteinklamm_Wanderweg-Grein_Upper_Austria.html, /Attractions-g1172289-Activities-Grein_Upper_Austria.html
Greinburg Castle, 4.5, Sights & Landmarks, /Attraction_Review-g1172289-d3203645-Reviews-Greinburg_Castle-Grein_Upper_Austria.html, /Attractions-g1172289-Activities-Grein_Upper_Austria.html
Historisches Stadttheater Grein, 4.5, Concerts & Shows, /Attraction_Review-g1172289-d2366702-Reviews-Historisches_Stadttheater_Grein-Grein_Upper_Austria.html, /Attractions-g1172289-Activities-Grein_Upper_Austria.html
St Giles Church, 4.5, Sights & Landmarks, /Attraction_Review-g1172289-d3203646-Reviews-St_Giles_Church-Grein_Upper_Austria.html, /Attractions-g1172289-Activities-Grein_Upper_Austria.html
Umi Uma Uberfuhr, 1.0, Transportation, /Attraction_Review-g1172289-d21200654-Reviews-Umi_Uma_Uberfuhr-Grein_Upper_Austria.html, /Attractions-g1172289-Activities-Grein_Upper_Austria.html
Massage Pia Puchberger, None, Spas & Wellness, /Attraction_Review-g1172289-d15758624-Reviews-Massage_Pia_Puchberger-Grein_Upper_Austria.html, /Attractions-g1172289-Activities-Grein_Upper_Austria.html
