attraction_name, attraction_rate, attraction_type, attraction_url, attraction_parent_url
Grosse Basilika, 4.0, Sights & Landmarks, /Attraction_Review-g1928108-d8014542-Reviews-Grosse_Basilika-Waidhofen_an_der_Thaya_Lower_Austria.html, /Attractions-g1928108-Activities-Waidhofen_an_der_Thaya_Lower_Austria.html
Burg Karlstein, 4.0, Sights & Landmarks, /Attraction_Review-g1928108-d7203256-Reviews-Burg_Karlstein-Waidhofen_an_der_Thaya_Lower_Austria.html, /Attractions-g1928108-Activities-Waidhofen_an_der_Thaya_Lower_Austria.html
Uhrenmuseum, 3.0, Museums, /Attraction_Review-g1928108-d7203215-Reviews-Uhrenmuseum-Waidhofen_an_der_Thaya_Lower_Austria.html, /Attractions-g1928108-Activities-Waidhofen_an_der_Thaya_Lower_Austria.html
Jüdischer Friedhof Waidhofen An Der Thaya, None, Sights & Landmarks, /Attraction_Review-g1928108-d20897354-Reviews-Judischer_Friedhof_Waidhofen_An_Der_Thaya-Waidhofen_an_der_Thaya_Lower_Austria.html, /Attractions-g1928108-Activities-Waidhofen_an_der_Thaya_Lower_Austria.html
Pfarrkirche Waidhofen an der Thaya, None, Sights & Landmarks, /Attraction_Review-g1928108-d20895442-Reviews-Pfarrkirche_Waidhofen_an_der_Thaya-Waidhofen_an_der_Thaya_Lower_Austria.html, /Attractions-g1928108-Activities-Waidhofen_an_der_Thaya_Lower_Austria.html
Waldrapp-voliere, None, Zoos & Aquariums, /Attraction_Review-g1928108-d20895440-Reviews-Waldrapp_voliere-Waidhofen_an_der_Thaya_Lower_Austria.html, /Attractions-g1928108-Activities-Waidhofen_an_der_Thaya_Lower_Austria.html
Skulpturengarten - Puch 17, None, Nature & Parks, /Attraction_Review-g1928108-d20895443-Reviews-Skulpturengarten_Puch_17-Waidhofen_an_der_Thaya_Lower_Austria.html, /Attractions-g1928108-Activities-Waidhofen_an_der_Thaya_Lower_Austria.html
Dürer-Hase von Prof. Herold, None, Sights & Landmarks, /Attraction_Review-g1928108-d20895444-Reviews-Durer_Hase_von_Prof_Herold-Waidhofen_an_der_Thaya_Lower_Austria.html, /Attractions-g1928108-Activities-Waidhofen_an_der_Thaya_Lower_Austria.html
Evangelische Kirche Waidhofen an der Thaya, None, Sights & Landmarks, /Attraction_Review-g1928108-d20895446-Reviews-Evangelische_Kirche_Waidhofen_an_der_Thaya-Waidhofen_an_der_Thaya_Lower_Austria.html, /Attractions-g1928108-Activities-Waidhofen_an_der_Thaya_Lower_Austria.html
Robert Hamerling-denkmal, None, Sights & Landmarks, /Attraction_Review-g1928108-d20895439-Reviews-Robert_Hamerling_denkmal-Waidhofen_an_der_Thaya_Lower_Austria.html, /Attractions-g1928108-Activities-Waidhofen_an_der_Thaya_Lower_Austria.html
Stadtmuseum Waidhofen an der Thaya, None, Museums, /Attraction_Review-g1928108-d20895448-Reviews-Stadtmuseum_Waidhofen_an_der_Thaya-Waidhofen_an_der_Thaya_Lower_Austria.html, /Attractions-g1928108-Activities-Waidhofen_an_der_Thaya_Lower_Austria.html
Kunst.Galerie.Waldviertel, None, Museums, /Attraction_Review-g1928108-d20895449-Reviews-Kunst_Galerie_Waldviertel-Waidhofen_an_der_Thaya_Lower_Austria.html, /Attractions-g1928108-Activities-Waidhofen_an_der_Thaya_Lower_Austria.html
Sporthalle Waidhofen an der Thaya, None, Fun & Games, /Attraction_Review-g1928108-d20895447-Reviews-Sporthalle_Waidhofen_an_der_Thaya-Waidhofen_an_der_Thaya_Lower_Austria.html, /Attractions-g1928108-Activities-Waidhofen_an_der_Thaya_Lower_Austria.html
Silomuseum, None, Museums, /Attraction_Review-g1928108-d20895450-Reviews-Silomuseum-Waidhofen_an_der_Thaya_Lower_Austria.html, /Attractions-g1928108-Activities-Waidhofen_an_der_Thaya_Lower_Austria.html
Schloss Waidhofen An Der Thaya, None, Sights & Landmarks, /Attraction_Review-g1928108-d20895455-Reviews-Schloss_Waidhofen_An_Der_Thaya-Waidhofen_an_der_Thaya_Lower_Austria.html, /Attractions-g1928108-Activities-Waidhofen_an_der_Thaya_Lower_Austria.html
Schloss Vestenötting, None, Sights & Landmarks, /Attraction_Review-g1928108-d20895457-Reviews-Schloss_Vestenotting-Waidhofen_an_der_Thaya_Lower_Austria.html, /Attractions-g1928108-Activities-Waidhofen_an_der_Thaya_Lower_Austria.html
TAM - Theater an der Mauer, None, Concerts & Shows, /Attraction_Review-g1928108-d20895459-Reviews-TAM_Theater_an_der_Mauer-Waidhofen_an_der_Thaya_Lower_Austria.html, /Attractions-g1928108-Activities-Waidhofen_an_der_Thaya_Lower_Austria.html
Stadtbuecherei - Waidhofen an der Thaya, None, Traveller Resources, /Attraction_Review-g1928108-d20897342-Reviews-Stadtbuecherei_Waidhofen_an_der_Thaya-Waidhofen_an_der_Thaya_Lower_Austria.html, /Attractions-g1928108-Activities-Waidhofen_an_der_Thaya_Lower_Austria.html
Arena Geomantica, None, Nature & Parks, /Attraction_Review-g1928108-d21186492-Reviews-Arena_Geomantica-Waidhofen_an_der_Thaya_Lower_Austria.html, /Attractions-g1928108-Activities-Waidhofen_an_der_Thaya_Lower_Austria.html
Naturpark Dobersberg, None, Nature & Parks, /Attraction_Review-g1928108-d12698585-Reviews-Naturpark_Dobersberg-Waidhofen_an_der_Thaya_Lower_Austria.html, /Attractions-g1928108-Activities-Waidhofen_an_der_Thaya_Lower_Austria.html
Schloss Dobersberg, None, Sights & Landmarks, /Attraction_Review-g1928108-d12698627-Reviews-Schloss_Dobersberg-Waidhofen_an_der_Thaya_Lower_Austria.html, /Attractions-g1928108-Activities-Waidhofen_an_der_Thaya_Lower_Austria.html
Hallenbad &amp; Sauna Dobersberg, None, Fun & Games, /Attraction_Review-g1928108-d12698565-Reviews-Hallenbad_Sauna_Dobersberg-Waidhofen_an_der_Thaya_Lower_Austria.html, /Attractions-g1928108-Activities-Waidhofen_an_der_Thaya_Lower_Austria.html
Kulturverein Dobersberg, None, Sights & Landmarks, /Attraction_Review-g1928108-d12698604-Reviews-Kulturverein_Dobersberg-Waidhofen_an_der_Thaya_Lower_Austria.html, /Attractions-g1928108-Activities-Waidhofen_an_der_Thaya_Lower_Austria.html
