attraction_name, attraction_rate, attraction_type, attraction_url, attraction_parent_url
Weingut Alfred Ziniel, 5.0, Food & Drink, /Attraction_Review-g2613253-d7657847-Reviews-Weingut_Alfred_Ziniel-Sankt_Andra_bei_Frauenkirchen_Burgenland.html, /Attractions-g2613253-Activities-Sankt_Andra_bei_Frauenkirchen_Burgenland.html
Zicksee, 4.0, Nature & Parks, /Attraction_Review-g2613253-d7657841-Reviews-Zicksee-Sankt_Andra_bei_Frauenkirchen_Burgenland.html, /Attractions-g2613253-Activities-Sankt_Andra_bei_Frauenkirchen_Burgenland.html
Apfelgarten Leeb, None, Food & Drink, /Attraction_Review-g2613253-d7657862-Reviews-Apfelgarten_Leeb-Sankt_Andra_bei_Frauenkirchen_Burgenland.html, /Attractions-g2613253-Activities-Sankt_Andra_bei_Frauenkirchen_Burgenland.html
Weingut Michlits-Stadlmann, None, Food & Drink, /Attraction_Review-g2613253-d7657839-Reviews-Weingut_Michlits_Stadlmann-Sankt_Andra_bei_Frauenkirchen_Burgenland.html, /Attractions-g2613253-Activities-Sankt_Andra_bei_Frauenkirchen_Burgenland.html
Weinbau &amp; Fassbinderei Karl Roll, None, Food & Drink, /Attraction_Review-g2613253-d7657645-Reviews-Weinbau_Fassbinderei_Karl_Roll-Sankt_Andra_bei_Frauenkirchen_Burgenland.html, /Attractions-g2613253-Activities-Sankt_Andra_bei_Frauenkirchen_Burgenland.html
