attraction_name, attraction_rate, attraction_type, attraction_url, attraction_parent_url
Motorikpark Gamlitz, 4.5, Nature & Parks, /Attraction_Review-g1167642-d8065321-Reviews-Motorikpark_Gamlitz-Gamlitz_Styria.html, /Attractions-g1167642-Activities-Gamlitz_Styria.html
Weingut Lackner-Tinnacher, 5.0, Food & Drink, /Attraction_Review-g1167642-d8760863-Reviews-Weingut_Lackner_Tinnacher-Gamlitz_Styria.html, /Attractions-g1167642-Activities-Gamlitz_Styria.html
Weingut Söll, 4.5, Food & Drink, /Attraction_Review-g1167642-d7691672-Reviews-Weingut_Soll-Gamlitz_Styria.html, /Attractions-g1167642-Activities-Gamlitz_Styria.html
Weingut Assigal, 5.0, Food & Drink, /Attraction_Review-g1167642-d7693623-Reviews-Weingut_Assigal-Gamlitz_Styria.html, /Attractions-g1167642-Activities-Gamlitz_Styria.html
Weingut Goedmakers, 5.0, Food & Drink, /Attraction_Review-g1167642-d7694087-Reviews-Weingut_Goedmakers-Gamlitz_Styria.html, /Attractions-g1167642-Activities-Gamlitz_Styria.html
Weingut Karl &amp; Gustav Strauss, 4.5, Food & Drink, /Attraction_Review-g1167642-d14028390-Reviews-Weingut_Karl_Gustav_Strauss-Gamlitz_Styria.html, /Attractions-g1167642-Activities-Gamlitz_Styria.html
Weingut Bauer, 5.0, Food & Drink, /Attraction_Review-g1167642-d8649139-Reviews-Weingut_Bauer-Gamlitz_Styria.html, /Attractions-g1167642-Activities-Gamlitz_Styria.html
Weinbaumuseum Schloss Gamlitz, 3.5, Museums, /Attraction_Review-g1167642-d10735678-Reviews-Weinbaumuseum_Schloss_Gamlitz-Gamlitz_Styria.html, /Attractions-g1167642-Activities-Gamlitz_Styria.html
Pfarre Gamlitz, 5.0, Sights & Landmarks, /Attraction_Review-g1167642-d10846134-Reviews-Pfarre_Gamlitz-Gamlitz_Styria.html, /Attractions-g1167642-Activities-Gamlitz_Styria.html
Weingut Riegelnegg - Olwitschhof, 5.0, Food & Drink, /Attraction_Review-g1167642-d7693611-Reviews-Weingut_Riegelnegg_Olwitschhof-Gamlitz_Styria.html, /Attractions-g1167642-Activities-Gamlitz_Styria.html
Weingut Karl und Annemarie Riegelnegg, 5.0, Food & Drink, /Attraction_Review-g1167642-d7691673-Reviews-Weingut_Karl_und_Annemarie_Riegelnegg-Gamlitz_Styria.html, /Attractions-g1167642-Activities-Gamlitz_Styria.html
Die Amtmann - Genussladen&& Naturgarten und Hofcafé, 5.0, Outdoor Activities, /Attraction_Review-g1167642-d6904712-Reviews-Die_Amtmann_Genussladen_Naturgarten_und_Hofcafe-Gamlitz_Styria.html, /Attractions-g1167642-Activities-Gamlitz_Styria.html
Obsthof Glück, 4.0, Shopping, /Attraction_Review-g1167642-d10495084-Reviews-Obsthof_Gluck-Gamlitz_Styria.html, /Attractions-g1167642-Activities-Gamlitz_Styria.html
Fruchtbrennerei Franz Tinnauer, 5.0, Shopping, /Attraction_Review-g1167642-d5999392-Reviews-Fruchtbrennerei_Franz_Tinnauer-Gamlitz_Styria.html, /Attractions-g1167642-Activities-Gamlitz_Styria.html
Tourismusverband Gamlitz, None, Traveller Resources, /Attraction_Review-g1167642-d20342898-Reviews-Tourismusverband_Gamlitz-Gamlitz_Styria.html, /Attractions-g1167642-Activities-Gamlitz_Styria.html
