attraction_name, attraction_rate, attraction_type, attraction_url, attraction_parent_url
Filialkirche St. Gandolf, None, Sights & Landmarks, /Attraction_Review-g1925790-d13100206-Reviews-Filialkirche_St_Gandolf-Koettmannsdorf_Carinthia_Austrian_Alps.html, /Attractions-g1925790-Activities-Koettmannsdorf_Carinthia_Austrian_Alps.html
Schloss Hollenburg, None, Sights & Landmarks, /Attraction_Review-g1925790-d13100208-Reviews-Schloss_Hollenburg-Koettmannsdorf_Carinthia_Austrian_Alps.html, /Attractions-g1925790-Activities-Koettmannsdorf_Carinthia_Austrian_Alps.html
Filialkirche St. Margarethen ob Köttmannsdorf, None, Sights & Landmarks, /Attraction_Review-g1925790-d13100205-Reviews-Filialkirche_St_Margarethen_ob_Kottmannsdorf-Koettmannsdorf_Carinthia_Austrian_.html, /Attractions-g1925790-Activities-Koettmannsdorf_Carinthia_Austrian_Alps.html
Das Tor zum Rosental, None, Sights & Landmarks, /Attraction_Review-g1925790-d13100255-Reviews-Das_Tor_zum_Rosental-Koettmannsdorf_Carinthia_Austrian_Alps.html, /Attractions-g1925790-Activities-Koettmannsdorf_Carinthia_Austrian_Alps.html
Pfarrkirche St. Georg, None, Sights & Landmarks, /Attraction_Review-g1925790-d13109582-Reviews-Pfarrkirche_St_Georg-Koettmannsdorf_Carinthia_Austrian_Alps.html, /Attractions-g1925790-Activities-Koettmannsdorf_Carinthia_Austrian_Alps.html
Kapelle Maria Waldesruh, None, Sights & Landmarks, /Attraction_Review-g1925790-d13100254-Reviews-Kapelle_Maria_Waldesruh-Koettmannsdorf_Carinthia_Austrian_Alps.html, /Attractions-g1925790-Activities-Koettmannsdorf_Carinthia_Austrian_Alps.html
Gemeindebücherei - Gemeinde Köttmannsdorf in Kärnten, None, Traveller Resources, /Attraction_Review-g1925790-d13100257-Reviews-Gemeindebucherei_Gemeinde_Kottmannsdorf_in_Karnten-Koettmannsdorf_Carinthia_Aus.html, /Attractions-g1925790-Activities-Koettmannsdorf_Carinthia_Austrian_Alps.html
