attraction_name, attraction_rate, attraction_type, attraction_url, attraction_parent_url
Altstadt von Bad Radkersburg, 4.5, Sights & Landmarks, /Attraction_Review-g1049453-d12580820-Reviews-Altstadt_von_Bad_Radkersburg-Bad_Radkersburg_Styria.html, /Attractions-g1049453-Activities-Bad_Radkersburg_Styria.html
Frauenkirche Bad Radkersburg, 4.5, Sights & Landmarks, /Attraction_Review-g1049453-d12580821-Reviews-Frauenkirche_Bad_Radkersburg-Bad_Radkersburg_Styria.html, /Attractions-g1049453-Activities-Bad_Radkersburg_Styria.html
Museum im alten Zeughaus, 5.0, Museums, /Attraction_Review-g1049453-d9836660-Reviews-Museum_im_alten_Zeughaus-Bad_Radkersburg_Styria.html, /Attractions-g1049453-Activities-Bad_Radkersburg_Styria.html
Gaesteinfo Region Bad Radkersburg, 5.0, Traveller Resources, /Attraction_Review-g1049453-d12589054-Reviews-Gaesteinfo_Region_Bad_Radkersburg-Bad_Radkersburg_Styria.html, /Attractions-g1049453-Activities-Bad_Radkersburg_Styria.html
Kriegerdenkmal der Roten Armee, 3.5, Sights & Landmarks, /Attraction_Review-g1049453-d12580831-Reviews-Kriegerdenkmal_der_Roten_Armee-Bad_Radkersburg_Styria.html, /Attractions-g1049453-Activities-Bad_Radkersburg_Styria.html
Puchhaus, 3.0, Sights & Landmarks, /Attraction_Review-g1049453-d15010532-Reviews-Puchhaus-Bad_Radkersburg_Styria.html, /Attractions-g1049453-Activities-Bad_Radkersburg_Styria.html
Parktherme Bad Radkersburg, 4.0, Spas & Wellness, /Attraction_Review-g1049453-d2623757-Reviews-Parktherme_Bad_Radkersburg-Bad_Radkersburg_Styria.html, /Attractions-g1049453-Activities-Bad_Radkersburg_Styria.html
Rathaus am Hauptplatz, 4.0, Sights & Landmarks, /Attraction_Review-g1049453-d15010639-Reviews-Rathaus_am_Hauptplatz-Bad_Radkersburg_Styria.html, /Attractions-g1049453-Activities-Bad_Radkersburg_Styria.html
Kapuzinerklosterkirche, None, Sights & Landmarks, /Attraction_Review-g1049453-d12580824-Reviews-Kapuzinerklosterkirche-Bad_Radkersburg_Styria.html, /Attractions-g1049453-Activities-Bad_Radkersburg_Styria.html
Palais Herberstorff, None, Sights & Landmarks, /Attraction_Review-g1049453-d12580825-Reviews-Palais_Herberstorff-Bad_Radkersburg_Styria.html, /Attractions-g1049453-Activities-Bad_Radkersburg_Styria.html
Evangelische Christuskirche, None, Sights & Landmarks, /Attraction_Review-g1049453-d12580822-Reviews-Evangelische_Christuskirche-Bad_Radkersburg_Styria.html, /Attractions-g1049453-Activities-Bad_Radkersburg_Styria.html
Mariensäule am Hauptplatz - Bad Radkersburg, None, Sights & Landmarks, /Attraction_Review-g1049453-d12580827-Reviews-Mariensaule_am_Hauptplatz_Bad_Radkersburg-Bad_Radkersburg_Styria.html, /Attractions-g1049453-Activities-Bad_Radkersburg_Styria.html
Pfarre Bad Radkersburg, None, Sights & Landmarks, /Attraction_Review-g1049453-d12580818-Reviews-Pfarre_Bad_Radkersburg-Bad_Radkersburg_Styria.html, /Attractions-g1049453-Activities-Bad_Radkersburg_Styria.html
Urbani Vinothek Bad Radkersburg, None, Nightlife, /Attraction_Review-g1049453-d15008001-Reviews-Urbani_Vinothek_Bad_Radkersburg-Bad_Radkersburg_Styria.html, /Attractions-g1049453-Activities-Bad_Radkersburg_Styria.html
Pistorkaserne, None, Sights & Landmarks, /Attraction_Review-g1049453-d15007991-Reviews-Pistorkaserne-Bad_Radkersburg_Styria.html, /Attractions-g1049453-Activities-Bad_Radkersburg_Styria.html
Bücherei Bad Radkersburg, None, Traveller Resources, /Attraction_Review-g1049453-d15007988-Reviews-Bucherei_Bad_Radkersburg-Bad_Radkersburg_Styria.html, /Attractions-g1049453-Activities-Bad_Radkersburg_Styria.html
Frauentor, None, Sights & Landmarks, /Attraction_Review-g1049453-d15007992-Reviews-Frauentor-Bad_Radkersburg_Styria.html, /Attractions-g1049453-Activities-Bad_Radkersburg_Styria.html
