attraction_name, attraction_rate, attraction_type, attraction_url, attraction_parent_url
Weinhof Uibel, 5.0, Food & Drink, /Attraction_Review-g4997754-d7688139-Reviews-Weinhof_Uibel-Ziersdorf_Lower_Austria.html, /Attractions-g4997754-Activities-Ziersdorf_Lower_Austria.html
Weingut Wenzl Heribert, None, Food & Drink, /Attraction_Review-g4997754-d20883615-Reviews-Weingut_Wenzl_Heribert-Ziersdorf_Lower_Austria.html, /Attractions-g4997754-Activities-Ziersdorf_Lower_Austria.html
Winzerhof Greil, None, Food & Drink, /Attraction_Review-g4997754-d7686977-Reviews-Winzerhof_Greil-Ziersdorf_Lower_Austria.html, /Attractions-g4997754-Activities-Ziersdorf_Lower_Austria.html
Weingut Anton Woeber, None, Food & Drink, /Attraction_Review-g4997754-d7686976-Reviews-Weingut_Anton_Woeber-Ziersdorf_Lower_Austria.html, /Attractions-g4997754-Activities-Ziersdorf_Lower_Austria.html
Weingut Erich Pöhacker, None, Food & Drink, /Attraction_Review-g4997754-d7688141-Reviews-Weingut_Erich_Pohacker-Ziersdorf_Lower_Austria.html, /Attractions-g4997754-Activities-Ziersdorf_Lower_Austria.html
Weinhof Brandl, None, Food & Drink, /Attraction_Review-g4997754-d7688142-Reviews-Weinhof_Brandl-Ziersdorf_Lower_Austria.html, /Attractions-g4997754-Activities-Ziersdorf_Lower_Austria.html
