attraction_name, attraction_rate, attraction_type, attraction_url, attraction_parent_url
Schaubergwerk Museum Oberzeiring, 4.5, Sights & Landmarks, /Attraction_Review-g2275276-d2647714-Reviews-Schaubergwerk_Museum_Oberzeiring-Oberzeiring_Styria.html, /Attractions-g2275276-Activities-Oberzeiring_Styria.html
Kath. Pfarrkirche St. Nikolaus, 4.0, Sights & Landmarks, /Attraction_Review-g2275276-d15477476-Reviews-Kath_Pfarrkirche_St_Nikolaus-Oberzeiring_Styria.html, /Attractions-g2275276-Activities-Oberzeiring_Styria.html
Kalvarienbergkirche, None, Sights & Landmarks, /Attraction_Review-g2275276-d15477477-Reviews-Kalvarienbergkirche-Oberzeiring_Styria.html, /Attractions-g2275276-Activities-Oberzeiring_Styria.html
Tourist Office Polstal, None, Traveller Resources, /Attraction_Review-g2275276-d15509431-Reviews-Tourist_Office_Polstal-Oberzeiring_Styria.html, /Attractions-g2275276-Activities-Oberzeiring_Styria.html
Elisabethkirche, None, Sights & Landmarks, /Attraction_Review-g2275276-d15509435-Reviews-Elisabethkirche-Oberzeiring_Styria.html, /Attractions-g2275276-Activities-Oberzeiring_Styria.html
