attraction_name, attraction_rate, attraction_type, attraction_url, attraction_parent_url
Spitalskirche, 4.0, Sights & Landmarks, /Attraction_Review-g190445-d3674350-Reviews-Spitalskirche-Innsbruck_Tirol_Austrian_Alps.html, /Attractions-g190445-Activities-Innsbruck_Tirol_Austrian_Alps.html
Muttereralmpark, 4.5, Nature & Parks, /Attraction_Review-g190445-d12198173-Reviews-Muttereralmpark-Innsbruck_Tirol_Austrian_Alps.html, /Attractions-g190445-Activities-Innsbruck_Tirol_Austrian_Alps.html
Einkaufszentrum Sillpark, 4.0, Shopping, /Attraction_Review-g190445-d241198-Reviews-Einkaufszentrum_Sillpark-Innsbruck_Tirol_Austrian_Alps.html, /Attractions-g190445-Activities-Innsbruck_Tirol_Austrian_Alps.html
St. Anna's Column (Annasaule), 4.0, Sights & Landmarks, /Attraction_Review-g190445-d245741-Reviews-St_Anna_s_Column_Annasaule-Innsbruck_Tirol_Austrian_Alps.html, /Attractions-g190445-Activities-Innsbruck_Tirol_Austrian_Alps.html
Ottoburg, 4.0, Sights & Landmarks, /Attraction_Review-g190445-d592766-Reviews-Ottoburg-Innsbruck_Tirol_Austrian_Alps.html, /Attractions-g190445-Activities-Innsbruck_Tirol_Austrian_Alps.html
Triumphal Arch (Triumphpforte), 4.0, Sights & Landmarks, /Attraction_Review-g190445-d245744-Reviews-Triumphal_Arch_Triumphpforte-Innsbruck_Tirol_Austrian_Alps.html, /Attractions-g190445-Activities-Innsbruck_Tirol_Austrian_Alps.html
Markthalle, 4.0, Shopping, /Attraction_Review-g190445-d241205-Reviews-Markthalle-Innsbruck_Tirol_Austrian_Alps.html, /Attractions-g190445-Activities-Innsbruck_Tirol_Austrian_Alps.html
Stift Wilten, 4.5, Sights & Landmarks, /Attraction_Review-g190445-d4452794-Reviews-Stift_Wilten-Innsbruck_Tirol_Austrian_Alps.html, /Attractions-g190445-Activities-Innsbruck_Tirol_Austrian_Alps.html
Jesuit Church, 4.0, Sights & Landmarks, /Attraction_Review-g190445-d5571383-Reviews-Jesuit_Church-Innsbruck_Tirol_Austrian_Alps.html, /Attractions-g190445-Activities-Innsbruck_Tirol_Austrian_Alps.html
Ski & Snowboardschule Innsbruck, 4.5, Nature & Parks, /Attraction_Review-g190445-d4459945-Reviews-Ski_Snowboardschule_Innsbruck-Innsbruck_Tirol_Austrian_Alps.html, /Attractions-g190445-Activities-Innsbruck_Tirol_Austrian_Alps.html
Casino Innsbruck, 3.5, Casinos & Gambling, /Attraction_Review-g190445-d245745-Reviews-Casino_Innsbruck-Innsbruck_Tirol_Austrian_Alps.html, /Attractions-g190445-Activities-Innsbruck_Tirol_Austrian_Alps.html
Alpengarten Patscherkofel, 4.5, Nature & Parks, /Attraction_Review-g190445-d241143-Reviews-Alpengarten_Patscherkofel-Innsbruck_Tirol_Austrian_Alps.html, /Attractions-g190445-Activities-Innsbruck_Tirol_Austrian_Alps.html
Klettersteig Innsbruck, 5.0, Nature & Parks, /Attraction_Review-g190445-d241152-Reviews-Klettersteig_Innsbruck-Innsbruck_Tirol_Austrian_Alps.html, /Attractions-g190445-Activities-Innsbruck_Tirol_Austrian_Alps.html
Zirbenweg, 5.0, Nature & Parks, /Attraction_Review-g190445-d12805555-Reviews-Zirbenweg-Innsbruck_Tirol_Austrian_Alps.html, /Attractions-g190445-Activities-Innsbruck_Tirol_Austrian_Alps.html
Stubaitalbahn, 4.5, Transportation, /Attraction_Review-g190445-d13449223-Reviews-Stubaitalbahn-Innsbruck_Tirol_Austrian_Alps.html, /Attractions-g190445-Activities-Innsbruck_Tirol_Austrian_Alps.html
Rapoldi Park, 4.0, Fun & Games, /Attraction_Review-g190445-d8533880-Reviews-Rapoldi_Park-Innsbruck_Tirol_Austrian_Alps.html, /Attractions-g190445-Activities-Innsbruck_Tirol_Austrian_Alps.html
RathausGalerien, 4.0, Shopping, /Attraction_Review-g190445-d8701517-Reviews-RathausGalerien-Innsbruck_Tirol_Austrian_Alps.html, /Attractions-g190445-Activities-Innsbruck_Tirol_Austrian_Alps.html
Botanical Garden (Botanischer Garten), 4.0, Nature & Parks, /Attraction_Review-g190445-d592749-Reviews-Botanical_Garden_Botanischer_Garten-Innsbruck_Tirol_Austrian_Alps.html, /Attractions-g190445-Activities-Innsbruck_Tirol_Austrian_Alps.html
Europabruecke, 4.0, Sights & Landmarks, /Attraction_Review-g190445-d12409684-Reviews-Europabruecke-Innsbruck_Tirol_Austrian_Alps.html, /Attractions-g190445-Activities-Innsbruck_Tirol_Austrian_Alps.html
Servite Church, 4.0, Sights & Landmarks, /Attraction_Review-g190445-d7321244-Reviews-Servite_Church-Innsbruck_Tirol_Austrian_Alps.html, /Attractions-g190445-Activities-Innsbruck_Tirol_Austrian_Alps.html
Tiroler Landestheater, 4.0, Concerts & Shows, /Attraction_Review-g190445-d245748-Reviews-Tiroler_Landestheater-Innsbruck_Tirol_Austrian_Alps.html, /Attractions-g190445-Activities-Innsbruck_Tirol_Austrian_Alps.html
Kletterzentrum Innsbruck, 4.5, Fun & Games, /Attraction_Review-g190445-d13203808-Reviews-Kletterzentrum_Innsbruck-Innsbruck_Tirol_Austrian_Alps.html, /Attractions-g190445-Activities-Innsbruck_Tirol_Austrian_Alps.html
Europe bridge, 4.0, Sights & Landmarks, /Attraction_Review-g190445-d12416255-Reviews-Europe_bridge-Innsbruck_Tirol_Austrian_Alps.html, /Attractions-g190445-Activities-Innsbruck_Tirol_Austrian_Alps.html
Kaufhaus Tyrol, 3.5, Shopping, /Attraction_Review-g190445-d2000587-Reviews-Kaufhaus_Tyrol-Innsbruck_Tirol_Austrian_Alps.html, /Attractions-g190445-Activities-Innsbruck_Tirol_Austrian_Alps.html
Panoramarundweg, 4.5, Nature & Parks, /Attraction_Review-g190445-d12997967-Reviews-Panoramarundweg-Innsbruck_Tirol_Austrian_Alps.html, /Attractions-g190445-Activities-Innsbruck_Tirol_Austrian_Alps.html
Tiroler MuseumsBahnen, 4.0, Museums, /Attraction_Review-g190445-d8714875-Reviews-Tiroler_MuseumsBahnen-Innsbruck_Tirol_Austrian_Alps.html, /Attractions-g190445-Activities-Innsbruck_Tirol_Austrian_Alps.html
Hoettinger Alm, 4.5, Sights & Landmarks, /Attraction_Review-g190445-d2103216-Reviews-Hoettinger_Alm-Innsbruck_Tirol_Austrian_Alps.html, /Attractions-g190445-Activities-Innsbruck_Tirol_Austrian_Alps.html
Baggersee Rossau, 3.5, Nature & Parks, /Attraction_Review-g190445-d12613296-Reviews-Baggersee_Rossau-Innsbruck_Tirol_Austrian_Alps.html, /Attractions-g190445-Activities-Innsbruck_Tirol_Austrian_Alps.html
Kunstraum Innsbruck, 4.5, Museums, /Attraction_Review-g190445-d12510185-Reviews-Kunstraum_Innsbruck-Innsbruck_Tirol_Austrian_Alps.html, /Attractions-g190445-Activities-Innsbruck_Tirol_Austrian_Alps.html
Museum of Anatomy, 5.0, Museums, /Attraction_Review-g190445-d10623717-Reviews-Museum_of_Anatomy-Innsbruck_Tirol_Austrian_Alps.html, /Attractions-g190445-Activities-Innsbruck_Tirol_Austrian_Alps.html
