attraction_name, attraction_rate, attraction_type, attraction_url, attraction_parent_url
Pfarrkirche Rum St. Georg, None, Sights & Landmarks, /Attraction_Review-g2275354-d20364319-Reviews-Pfarrkirche_Rum_St_Georg-Rum_Tirol_Austrian_Alps.html, /Attractions-g2275354-Activities-Rum_Tirol_Austrian_Alps.html
Marienkapelle - Rum, None, Sights & Landmarks, /Attraction_Review-g2275354-d20363626-Reviews-Marienkapelle_Rum-Rum_Tirol_Austrian_Alps.html, /Attractions-g2275354-Activities-Rum_Tirol_Austrian_Alps.html
Feng Shui Park - Marktgemeinde Rum, None, Nature & Parks, /Attraction_Review-g2275354-d20363627-Reviews-Feng_Shui_Park_Marktgemeinde_Rum-Rum_Tirol_Austrian_Alps.html, /Attractions-g2275354-Activities-Rum_Tirol_Austrian_Alps.html
Naturlehrpfad Rum, None, Nature & Parks, /Attraction_Review-g2275354-d20364326-Reviews-Naturlehrpfad_Rum-Rum_Tirol_Austrian_Alps.html, /Attractions-g2275354-Activities-Rum_Tirol_Austrian_Alps.html
Tourismus Information Rum, None, Traveller Resources, /Attraction_Review-g2275354-d20364329-Reviews-Tourismus_Information_Rum-Rum_Tirol_Austrian_Alps.html, /Attractions-g2275354-Activities-Rum_Tirol_Austrian_Alps.html
