attraction_name, attraction_rate, attraction_type, attraction_url, attraction_parent_url
Schiederweiher, 5.0, Nature & Parks, /Attraction_Review-g1172284-d10697973-Reviews-Schiederweiher-Hinterstoder_Upper_Austria.html, /Attractions-g1172284-Activities-Hinterstoder_Upper_Austria.html
Alpineum, 4.5, Museums, /Attraction_Review-g1172284-d13414481-Reviews-Alpineum-Hinterstoder_Upper_Austria.html, /Attractions-g1172284-Activities-Hinterstoder_Upper_Austria.html
Kreidelucke Wanderweg, 5.0, Nature & Parks, /Attraction_Review-g1172284-d12800120-Reviews-Kreidelucke_Wanderweg-Hinterstoder_Upper_Austria.html, /Attractions-g1172284-Activities-Hinterstoder_Upper_Austria.html
Prielschutzhaus, 3.5, Nature & Parks, /Attraction_Review-g1172284-d3482540-Reviews-Prielschutzhaus-Hinterstoder_Upper_Austria.html, /Attractions-g1172284-Activities-Hinterstoder_Upper_Austria.html
Kreidelucke Gefuehrte Hoehlentour, None, Tours, /Attraction_Review-g1172284-d12804715-Reviews-Kreidelucke_Gefuehrte_Hoehlentour-Hinterstoder_Upper_Austria.html, /Attractions-g1172284-Activities-Hinterstoder_Upper_Austria.html
