attraction_name, attraction_rate, attraction_type, attraction_url, attraction_parent_url
Bergeralm Ski Resort, 4.0, Nature & Parks, /Attraction_Review-g954000-d2722189-Reviews-Bergeralm_Ski_Resort-Steinach_am_Brenner_Tirol_Austrian_Alps.html, /Attractions-g954000-Activities-Steinach_am_Brenner_Tirol_Austrian_Alps.html
BBT Tunnelwelten, 4.0, Museums, /Attraction_Review-g954000-d12186857-Reviews-BBT_Tunnelwelten-Steinach_am_Brenner_Tirol_Austrian_Alps.html, /Attractions-g954000-Activities-Steinach_am_Brenner_Tirol_Austrian_Alps.html
Pfarrkirche Steinach am Brenner, 4.0, Sights & Landmarks, /Attraction_Review-g954000-d13230965-Reviews-Pfarrkirche_Steinach_am_Brenner-Steinach_am_Brenner_Tirol_Austrian_Alps.html, /Attractions-g954000-Activities-Steinach_am_Brenner_Tirol_Austrian_Alps.html
Wipprad, None, Outdoor Activities, /Attraction_Review-g954000-d14069391-Reviews-Wipprad-Steinach_am_Brenner_Tirol_Austrian_Alps.html, /Attractions-g954000-Activities-Steinach_am_Brenner_Tirol_Austrian_Alps.html
