attraction_name, attraction_rate, attraction_type, attraction_url, attraction_parent_url
Badesee Moorstrandbad, 4.5, Nature & Parks, /Attraction_Review-g2135898-d8291512-Reviews-Badesee_Moorstrandbad-Kirchbichl_Tirol_Austrian_Alps.html, /Attractions-g2135898-Activities-Kirchbichl_Tirol_Austrian_Alps.html
Kath. Pfarrkirche Unsere Liebe Frau - Pfarre Kirchbichl, None, Sights & Landmarks, /Attraction_Review-g2135898-d20363578-Reviews-Kath_Pfarrkirche_Unsere_Liebe_Frau_Pfarre_Kirchbichl-Kirchbichl_Tirol_Austrian_.html, /Attractions-g2135898-Activities-Kirchbichl_Tirol_Austrian_Alps.html
Mariahilf-Kapelle am Grattenbergl, None, Sights & Landmarks, /Attraction_Review-g2135898-d20363579-Reviews-Mariahilf_Kapelle_am_Grattenbergl-Kirchbichl_Tirol_Austrian_Alps.html, /Attractions-g2135898-Activities-Kirchbichl_Tirol_Austrian_Alps.html
Neuapostolische Kirche Österreich, None, Sights & Landmarks, /Attraction_Review-g2135898-d21238679-Reviews-Neuapostolische_Kirche_Osterreich-Kirchbichl_Tirol_Austrian_Alps.html, /Attractions-g2135898-Activities-Kirchbichl_Tirol_Austrian_Alps.html
Pfarrkirche Mariä Himmelfahrt, None, Sights & Landmarks, /Attraction_Review-g2135898-d21238684-Reviews-Pfarrkirche_Maria_Himmelfahrt-Kirchbichl_Tirol_Austrian_Alps.html, /Attractions-g2135898-Activities-Kirchbichl_Tirol_Austrian_Alps.html
