attraction_name, attraction_rate, attraction_type, attraction_url, attraction_parent_url
Bergbahnen Koessen, 4.5, Transportation, /Attraction_Review-g811452-d13341429-Reviews-Bergbahnen_Koessen-Kossen_Tirol_Austrian_Alps.html, /Attractions-g811452-Activities-Kossen_Tirol_Austrian_Alps.html
Wallfahrtskirche Maria Klobenstein, 4.0, Sights & Landmarks, /Attraction_Review-g811452-d3183434-Reviews-Wallfahrtskirche_Maria_Klobenstein-Kossen_Tirol_Austrian_Alps.html, /Attractions-g811452-Activities-Kossen_Tirol_Austrian_Alps.html
Hagertal, 5.0, Sights & Landmarks, /Attraction_Review-g811452-d12524022-Reviews-Hagertal-Kossen_Tirol_Austrian_Alps.html, /Attractions-g811452-Activities-Kossen_Tirol_Austrian_Alps.html
Golfclub Reit im Winkl, 4.5, Outdoor Activities, /Attraction_Review-g811452-d8275060-Reviews-Golfclub_Reit_im_Winkl-Kossen_Tirol_Austrian_Alps.html, /Attractions-g811452-Activities-Kossen_Tirol_Austrian_Alps.html
CIA Canyoning in Austria &amp; More Adventures, 5.0, Boat Tours & Water Sports, /Attraction_Review-g811452-d9744401-Reviews-CIA_Canyoning_in_Austria_More_Adventures-Kossen_Tirol_Austrian_Alps.html, /Attractions-g811452-Activities-Kossen_Tirol_Austrian_Alps.html
Sport und Natur, 5.0, Boat Tours & Water Sports, /Attraction_Review-g811452-d12341636-Reviews-Sport_und_Natur-Kossen_Tirol_Austrian_Alps.html, /Attractions-g811452-Activities-Kossen_Tirol_Austrian_Alps.html
Next Outdoor Generation, 5.0, Boat Tours & Water Sports, /Attraction_Review-g811452-d9872480-Reviews-Next_Outdoor_Generation-Kossen_Tirol_Austrian_Alps.html, /Attractions-g811452-Activities-Kossen_Tirol_Austrian_Alps.html
Bichlacher 4 Angelteiche, 4.0, Outdoor Activities, /Attraction_Review-g811452-d7185736-Reviews-Bichlacher_4_Angelteiche-Kossen_Tirol_Austrian_Alps.html, /Attractions-g811452-Activities-Kossen_Tirol_Austrian_Alps.html
Snowtubing, 2.5, Outdoor Activities, /Attraction_Review-g811452-d13350780-Reviews-Snowtubing-Kossen_Tirol_Austrian_Alps.html, /Attractions-g811452-Activities-Kossen_Tirol_Austrian_Alps.html
Hagersee, None, Nature & Parks, /Attraction_Review-g811452-d12526628-Reviews-Hagersee-Kossen_Tirol_Austrian_Alps.html, /Attractions-g811452-Activities-Kossen_Tirol_Austrian_Alps.html
Kaiserwinkl Golf, None, Outdoor Activities, /Attraction_Review-g811452-d14803100-Reviews-Kaiserwinkl_Golf-Kossen_Tirol_Austrian_Alps.html, /Attractions-g811452-Activities-Kossen_Tirol_Austrian_Alps.html
Viktor Müller, None, Boat Tours & Water Sports, /Attraction_Review-g811452-d17737911-Reviews-Viktor_Muller-Kossen_Tirol_Austrian_Alps.html, /Attractions-g811452-Activities-Kossen_Tirol_Austrian_Alps.html
GleitschirmWerkstatt, None, Boat Tours & Water Sports, /Attraction_Review-g811452-d17528620-Reviews-GleitschirmWerkstatt-Kossen_Tirol_Austrian_Alps.html, /Attractions-g811452-Activities-Kossen_Tirol_Austrian_Alps.html
