attraction_name, attraction_rate, attraction_type, attraction_url, attraction_parent_url
Designer Outlet Parndorf, 4.0, Shopping, /Attraction_Review-g1572387-d1963632-Reviews-Designer_Outlet_Parndorf-Parndorf_Burgenland.html, /Attractions-g1572387-Activities-Parndorf_Burgenland.html
Fashion Outlet Parndorf, 4.0, Shopping, /Attraction_Review-g1572387-d6720974-Reviews-Fashion_Outlet_Parndorf-Parndorf_Burgenland.html, /Attractions-g1572387-Activities-Parndorf_Burgenland.html
Cineplexx, 4.0, Fun & Games, /Attraction_Review-g1572387-d14768744-Reviews-Cineplexx-Parndorf_Burgenland.html, /Attractions-g1572387-Activities-Parndorf_Burgenland.html
PADO Shopping park Parndorf, 5.0, Shopping, /Attraction_Review-g1572387-d18617919-Reviews-PADO_Shopping_park_Parndorf-Parndorf_Burgenland.html, /Attractions-g1572387-Activities-Parndorf_Burgenland.html
