attraction_name, attraction_rate, attraction_type, attraction_url, attraction_parent_url
Planetenlehrpfad, 5.0, Nature & Parks, /Attraction_Review-g5062327-d11871574-Reviews-Planetenlehrpfad-Terfens_Tirol_Austrian_Alps.html, /Attractions-g5062327-Activities-Terfens_Tirol_Austrian_Alps.html
Die Welt der Schmetterlinge, 4.0, Zoos & Aquariums, /Attraction_Review-g5062327-d9713383-Reviews-Die_Welt_der_Schmetterlinge-Terfens_Tirol_Austrian_Alps.html, /Attractions-g5062327-Activities-Terfens_Tirol_Austrian_Alps.html
Dschungelhaus in Tirol, 3.5, Zoos & Aquariums, /Attraction_Review-g5062327-d10692146-Reviews-Dschungelhaus_in_Tirol-Terfens_Tirol_Austrian_Alps.html, /Attractions-g5062327-Activities-Terfens_Tirol_Austrian_Alps.html
Maria Larch, 4.0, Sights & Landmarks, /Attraction_Review-g5062327-d21389441-Reviews-Maria_Larch-Terfens_Tirol_Austrian_Alps.html, /Attractions-g5062327-Activities-Terfens_Tirol_Austrian_Alps.html
Tirolland, 3.0, Fun & Games, /Attraction_Review-g5062327-d18189916-Reviews-Tirolland-Terfens_Tirol_Austrian_Alps.html, /Attractions-g5062327-Activities-Terfens_Tirol_Austrian_Alps.html
