attraction_name, attraction_rate, attraction_type, attraction_url, attraction_parent_url
Tscheppaschlucht, 4.5, Nature & Parks, /Attraction_Review-g1913171-d3229657-Reviews-Tscheppaschlucht-Ferlach_Carinthia_Austrian_Alps.html, /Attractions-g1913171-Activities-Ferlach_Carinthia_Austrian_Alps.html
Schloss Ferlach Buechsenmacher und Jagdmuseum, 4.5, Museums, /Attraction_Review-g1913171-d2020730-Reviews-Schloss_Ferlach_Buechsenmacher_und_Jagdmuseum-Ferlach_Carinthia_Austrian_Alps.html, /Attractions-g1913171-Activities-Ferlach_Carinthia_Austrian_Alps.html
Historama - Museum fuer Technik und Verkehr, 4.5, Museums, /Attraction_Review-g1913171-d12597068-Reviews-Historama_Museum_fuer_Technik_und_Verkehr-Ferlach_Carinthia_Austrian_Alps.html, /Attractions-g1913171-Activities-Ferlach_Carinthia_Austrian_Alps.html
Waldseilpark Tscheppaschlucht, 4.5, Water & Amusement Parks, /Attraction_Review-g1913171-d3403860-Reviews-Waldseilpark_Tscheppaschlucht-Ferlach_Carinthia_Austrian_Alps.html, /Attractions-g1913171-Activities-Ferlach_Carinthia_Austrian_Alps.html
Tscheppaschlucht, 4.0, Nature & Parks, /Attraction_Review-g1913171-d14149906-Reviews-Tscheppaschlucht-Ferlach_Carinthia_Austrian_Alps.html, /Attractions-g1913171-Activities-Ferlach_Carinthia_Austrian_Alps.html
Pfarrkirche Hl. Martin in Ferlach/Borovlje, None, Sights & Landmarks, /Attraction_Review-g1913171-d12594503-Reviews-Pfarrkirche_Hl_Martin_in_Ferlach_Borovlje-Ferlach_Carinthia_Austrian_Alps.html, /Attractions-g1913171-Activities-Ferlach_Carinthia_Austrian_Alps.html
