attraction_name, attraction_rate, attraction_type, attraction_url, attraction_parent_url
Schloss Greillenstein, 4.5, Sights & Landmarks, /Attraction_Review-g1055992-d7059418-Reviews-Schloss_Greillenstein-Horn_Lower_Austria.html, /Attractions-g1055992-Activities-Horn_Lower_Austria.html
Hoebart Museum Horn, 5.0, Museums, /Attraction_Review-g1055992-d14926385-Reviews-Hoebart_Museum_Horn-Horn_Lower_Austria.html, /Attractions-g1055992-Activities-Horn_Lower_Austria.html
Piaristenkirche, None, Sights & Landmarks, /Attraction_Review-g1055992-d20941785-Reviews-Piaristenkirche-Horn_Lower_Austria.html, /Attractions-g1055992-Activities-Horn_Lower_Austria.html
Georgskirche, None, Sights & Landmarks, /Attraction_Review-g1055992-d20943281-Reviews-Georgskirche-Horn_Lower_Austria.html, /Attractions-g1055992-Activities-Horn_Lower_Austria.html
Schloss Breiteneich, None, Sights & Landmarks, /Attraction_Review-g1055992-d20943280-Reviews-Schloss_Breiteneich-Horn_Lower_Austria.html, /Attractions-g1055992-Activities-Horn_Lower_Austria.html
Burg Burgschleinitz, None, Sights & Landmarks, /Attraction_Review-g1055992-d20869091-Reviews-Burg_Burgschleinitz-Horn_Lower_Austria.html, /Attractions-g1055992-Activities-Horn_Lower_Austria.html
Weingut Berger, None, Food & Drink, /Attraction_Review-g1055992-d6698471-Reviews-Weingut_Berger-Horn_Lower_Austria.html, /Attractions-g1055992-Activities-Horn_Lower_Austria.html
Winzerhof Stift, None, Shopping, /Attraction_Review-g1055992-d6698470-Reviews-Winzerhof_Stift-Horn_Lower_Austria.html, /Attractions-g1055992-Activities-Horn_Lower_Austria.html
Weinbau Ziss, None, Food & Drink, /Attraction_Review-g1055992-d6698472-Reviews-Weinbau_Ziss-Horn_Lower_Austria.html, /Attractions-g1055992-Activities-Horn_Lower_Austria.html
Kellergasse Roeschitz, None, Sights & Landmarks, /Attraction_Review-g1055992-d6698473-Reviews-Kellergasse_Roeschitz-Horn_Lower_Austria.html, /Attractions-g1055992-Activities-Horn_Lower_Austria.html
Röeschitzer Raritäetenmuseum, None, Museums, /Attraction_Review-g1055992-d6698480-Reviews-Roeschitzer_Raritaetenmuseum-Horn_Lower_Austria.html, /Attractions-g1055992-Activities-Horn_Lower_Austria.html
Schloss Horn, None, Sights & Landmarks, /Attraction_Review-g1055992-d17818790-Reviews-Schloss_Horn-Horn_Lower_Austria.html, /Attractions-g1055992-Activities-Horn_Lower_Austria.html
