attraction_name, attraction_rate, attraction_type, attraction_url, attraction_parent_url
Stubaier Gletscher, 4.5, Nature & Parks, /Attraction_Review-g644054-d1955639-Reviews-Stubaier_Gletscher-Neustift_im_Stubaital_Tirol_Austrian_Alps.html, /Attractions-g644054-Activities-Neustift_im_Stubaital_Tirol_Austrian_Alps.html
Grawa Wasserfall, 4.5, Nature & Parks, /Attraction_Review-g644054-d4752184-Reviews-Grawa_Wasserfall-Neustift_im_Stubaital_Tirol_Austrian_Alps.html, /Attractions-g644054-Activities-Neustift_im_Stubaital_Tirol_Austrian_Alps.html
Elfer Bergbahn, 4.5, Transportation, /Attraction_Review-g644054-d14901142-Reviews-Elfer_Bergbahn-Neustift_im_Stubaital_Tirol_Austrian_Alps.html, /Attractions-g644054-Activities-Neustift_im_Stubaital_Tirol_Austrian_Alps.html
Top of Tyrol, 5.0, Sights & Landmarks, /Attraction_Review-g644054-d14892438-Reviews-Top_of_Tyrol-Neustift_im_Stubaital_Tirol_Austrian_Alps.html, /Attractions-g644054-Activities-Neustift_im_Stubaital_Tirol_Austrian_Alps.html
Wilde Wasser Weg, 5.0, Nature & Parks, /Attraction_Review-g644054-d14901281-Reviews-Wilde_Wasser_Weg-Neustift_im_Stubaital_Tirol_Austrian_Alps.html, /Attractions-g644054-Activities-Neustift_im_Stubaital_Tirol_Austrian_Alps.html
Blue Lake, 4.5, Nature & Parks, /Attraction_Review-g644054-d8532434-Reviews-Blue_Lake-Neustift_im_Stubaital_Tirol_Austrian_Alps.html, /Attractions-g644054-Activities-Neustift_im_Stubaital_Tirol_Austrian_Alps.html
Eishohle Tirol, 4.0, Nature & Parks, /Attraction_Review-g644054-d14929049-Reviews-Eishohle_Tirol-Neustift_im_Stubaital_Tirol_Austrian_Alps.html, /Attractions-g644054-Activities-Neustift_im_Stubaital_Tirol_Austrian_Alps.html
Heimatmuseum Forsterhaus, 4.5, Museums, /Attraction_Review-g644054-d12700096-Reviews-Heimatmuseum_Forsterhaus-Neustift_im_Stubaital_Tirol_Austrian_Alps.html, /Attractions-g644054-Activities-Neustift_im_Stubaital_Tirol_Austrian_Alps.html
Schischule Neustift Stubaier Gletscher, 3.0, Classes & Workshops, /Attraction_Review-g644054-d13449549-Reviews-Schischule_Neustift_Stubaier_Gletscher-Neustift_im_Stubaital_Tirol_Austrian_Alps.html, /Attractions-g644054-Activities-Neustift_im_Stubaital_Tirol_Austrian_Alps.html
Air4You - Tandemfluge, 5.0, Boat Tours & Water Sports, /Attraction_Review-g644054-d8565111-Reviews-Air4You_Tandemfluge-Neustift_im_Stubaital_Tirol_Austrian_Alps.html, /Attractions-g644054-Activities-Neustift_im_Stubaital_Tirol_Austrian_Alps.html
Tandem Paragliding, 5.0, Boat Tours & Water Sports, /Attraction_Review-g644054-d13630984-Reviews-Tandem_Paragliding-Neustift_im_Stubaital_Tirol_Austrian_Alps.html, /Attractions-g644054-Activities-Neustift_im_Stubaital_Tirol_Austrian_Alps.html
Stubai Rafting / Source to Sea, 4.5, Boat Tours & Water Sports, /Attraction_Review-g644054-d10416723-Reviews-Stubai_Rafting_Source_to_Sea-Neustift_im_Stubaital_Tirol_Austrian_Alps.html, /Attractions-g644054-Activities-Neustift_im_Stubaital_Tirol_Austrian_Alps.html
Alpin Schischule Neustift, 5.0, Outdoor Activities, /Attraction_Review-g644054-d9841669-Reviews-Alpin_Schischule_Neustift-Neustift_im_Stubaital_Tirol_Austrian_Alps.html, /Attractions-g644054-Activities-Neustift_im_Stubaital_Tirol_Austrian_Alps.html
Flugschule Parafly Stubaital, 5.0, Boat Tours & Water Sports, /Attraction_Review-g644054-d12653114-Reviews-Flugschule_Parafly_Stubaital-Neustift_im_Stubaital_Tirol_Austrian_Alps.html, /Attractions-g644054-Activities-Neustift_im_Stubaital_Tirol_Austrian_Alps.html
Skischule Neustift Olympia, 3.5, Shopping, /Attraction_Review-g644054-d1755524-Reviews-Skischule_Neustift_Olympia-Neustift_im_Stubaital_Tirol_Austrian_Alps.html, /Attractions-g644054-Activities-Neustift_im_Stubaital_Tirol_Austrian_Alps.html
Sportfarm, 5.0, Outdoor Activities, /Attraction_Review-g644054-d12124943-Reviews-Sportfarm-Neustift_im_Stubaital_Tirol_Austrian_Alps.html, /Attractions-g644054-Activities-Neustift_im_Stubaital_Tirol_Austrian_Alps.html
Kid's Park Klaus Äuele, 4.5, Fun & Games, /Attraction_Review-g644054-d8435215-Reviews-Kid_s_Park_Klaus_Auele-Neustift_im_Stubaital_Tirol_Austrian_Alps.html, /Attractions-g644054-Activities-Neustift_im_Stubaital_Tirol_Austrian_Alps.html
Sport Mode Schönherr, 5.0, Outdoor Activities, /Attraction_Review-g644054-d19091741-Reviews-Sport_Mode_Schonherr-Neustift_im_Stubaital_Tirol_Austrian_Alps.html, /Attractions-g644054-Activities-Neustift_im_Stubaital_Tirol_Austrian_Alps.html
Papillon Alpen-Paragliding-Center Stubai, 4.5, Boat Tours & Water Sports, /Attraction_Review-g644054-d3668186-Reviews-Papillon_Alpen_Paragliding_Center_Stubai-Neustift_im_Stubaital_Tirol_Austrian_Alp.html, /Attractions-g644054-Activities-Neustift_im_Stubaital_Tirol_Austrian_Alps.html
Fly-Stubai, 5.0, Boat Tours & Water Sports, /Attraction_Review-g644054-d14092962-Reviews-Fly_Stubai-Neustift_im_Stubaital_Tirol_Austrian_Alps.html, /Attractions-g644054-Activities-Neustift_im_Stubaital_Tirol_Austrian_Alps.html
Freeride Center Stubai, 5.0, Outdoor Activities, /Attraction_Review-g644054-d5571605-Reviews-Freeride_Center_Stubai-Neustift_im_Stubaital_Tirol_Austrian_Alps.html, /Attractions-g644054-Activities-Neustift_im_Stubaital_Tirol_Austrian_Alps.html
Fly Stubai, 5.0, Boat Tours & Water Sports, /Attraction_Review-g644054-d17694379-Reviews-Fly_Stubai-Neustift_im_Stubaital_Tirol_Austrian_Alps.html, /Attractions-g644054-Activities-Neustift_im_Stubaital_Tirol_Austrian_Alps.html
DownTown, 4.0, Nightlife, /Attraction_Review-g644054-d13835760-Reviews-DownTown-Neustift_im_Stubaital_Tirol_Austrian_Alps.html, /Attractions-g644054-Activities-Neustift_im_Stubaital_Tirol_Austrian_Alps.html
Fly together, 5.0, Boat Tours & Water Sports, /Attraction_Review-g644054-d14962991-Reviews-Fly_together-Neustift_im_Stubaital_Tirol_Austrian_Alps.html, /Attractions-g644054-Activities-Neustift_im_Stubaital_Tirol_Austrian_Alps.html
SHE-FLY Paragliding, None, Boat Tours & Water Sports, /Attraction_Review-g644054-d12219989-Reviews-SHE_FLY_Paragliding-Neustift_im_Stubaital_Tirol_Austrian_Alps.html, /Attractions-g644054-Activities-Neustift_im_Stubaital_Tirol_Austrian_Alps.html
Fly-Me, None, Boat Tours & Water Sports, /Attraction_Review-g644054-d12928758-Reviews-Fly_Me-Neustift_im_Stubaital_Tirol_Austrian_Alps.html, /Attractions-g644054-Activities-Neustift_im_Stubaital_Tirol_Austrian_Alps.html
Pfarramt Neustift, None, Sights & Landmarks, /Attraction_Review-g644054-d13230950-Reviews-Pfarramt_Neustift-Neustift_im_Stubaital_Tirol_Austrian_Alps.html, /Attractions-g644054-Activities-Neustift_im_Stubaital_Tirol_Austrian_Alps.html
Holzknecht's Erlebniseinkauf, None, Shopping, /Attraction_Review-g644054-d17821513-Reviews-Holzknecht_s_Erlebniseinkauf-Neustift_im_Stubaital_Tirol_Austrian_Alps.html, /Attractions-g644054-Activities-Neustift_im_Stubaital_Tirol_Austrian_Alps.html
