attraction_name, attraction_rate, attraction_type, attraction_url, attraction_parent_url
Pfarrkirche St. Martin in Kirchbach - Kirchbach, 5.0, Sights & Landmarks, /Attraction_Review-g1904148-d11208660-Reviews-Pfarrkirche_St_Martin_in_Kirchbach_Kirchbach-Kirchbach_Carinthia_Austrian_Alps.html, /Attractions-g1904148-Activities-Kirchbach_Carinthia_Austrian_Alps.html
Gailtal Bauer, 3.5, Sights & Landmarks, /Attraction_Review-g1904148-d8520601-Reviews-Gailtal_Bauer-Kirchbach_Carinthia_Austrian_Alps.html, /Attractions-g1904148-Activities-Kirchbach_Carinthia_Austrian_Alps.html
Golfanlage Gailtalgolf, 4.5, Outdoor Activities, /Attraction_Review-g1904148-d3534279-Reviews-Golfanlage_Gailtalgolf-Kirchbach_Carinthia_Austrian_Alps.html, /Attractions-g1904148-Activities-Kirchbach_Carinthia_Austrian_Alps.html
Freibad Kirchbach, 5.0, Fun & Games, /Attraction_Review-g1904148-d10803652-Reviews-Freibad_Kirchbach-Kirchbach_Carinthia_Austrian_Alps.html, /Attractions-g1904148-Activities-Kirchbach_Carinthia_Austrian_Alps.html
Schloß Thurnhof - Kirchbach, None, Sights & Landmarks, /Attraction_Review-g1904148-d11208618-Reviews-Schloss_Thurnhof_Kirchbach-Kirchbach_Carinthia_Austrian_Alps.html, /Attractions-g1904148-Activities-Kirchbach_Carinthia_Austrian_Alps.html
Historische Bildstöcke - Kirchbach, None, Sights & Landmarks, /Attraction_Review-g1904148-d11208676-Reviews-Historische_Bildstocke_Kirchbach-Kirchbach_Carinthia_Austrian_Alps.html, /Attractions-g1904148-Activities-Kirchbach_Carinthia_Austrian_Alps.html
Pfarrkirche Grafendorf im Gailtal, None, Sights & Landmarks, /Attraction_Review-g1904148-d12421132-Reviews-Pfarrkirche_Grafendorf_im_Gailtal-Kirchbach_Carinthia_Austrian_Alps.html, /Attractions-g1904148-Activities-Kirchbach_Carinthia_Austrian_Alps.html
