attraction_name, attraction_rate, attraction_type, attraction_url, attraction_parent_url
Granattor, 4.5, Sights & Landmarks, /Attraction_Review-g608652-d9554791-Reviews-Granattor-Millstatt_Carinthia_Austrian_Alps.html, /Attractions-g608652-Activities-Millstatt_Carinthia_Austrian_Alps.html
Badehaus Millstatt, 4.5, Fun & Games, /Attraction_Review-g608652-d9554810-Reviews-Badehaus_Millstatt-Millstatt_Carinthia_Austrian_Alps.html, /Attractions-g608652-Activities-Millstatt_Carinthia_Austrian_Alps.html
Die Stiftskirche Millstatt, 4.5, Sights & Landmarks, /Attraction_Review-g608652-d12265531-Reviews-Die_Stiftskirche_Millstatt-Millstatt_Carinthia_Austrian_Alps.html, /Attractions-g608652-Activities-Millstatt_Carinthia_Austrian_Alps.html
Schluchtweg Millstatt, 4.5, Nature & Parks, /Attraction_Review-g608652-d8859152-Reviews-Schluchtweg_Millstatt-Millstatt_Carinthia_Austrian_Alps.html, /Attractions-g608652-Activities-Millstatt_Carinthia_Austrian_Alps.html
Radroute um den Millstätter See, 4.5, Nature & Parks, /Attraction_Review-g608652-d11044659-Reviews-Radroute_um_den_Millstatter_See-Millstatt_Carinthia_Austrian_Alps.html, /Attractions-g608652-Activities-Millstatt_Carinthia_Austrian_Alps.html
Slow Trail Zwerges, 5.0, Nature & Parks, /Attraction_Review-g608652-d15029992-Reviews-Slow_Trail_Zwerges-Millstatt_Carinthia_Austrian_Alps.html, /Attractions-g608652-Activities-Millstatt_Carinthia_Austrian_Alps.html
Sentiero dell' Amore, 4.5, Nature & Parks, /Attraction_Review-g608652-d8859154-Reviews-Sentiero_dell_Amore-Millstatt_Carinthia_Austrian_Alps.html, /Attractions-g608652-Activities-Millstatt_Carinthia_Austrian_Alps.html
Der Millstätter See Radweg, 4.5, Nature & Parks, /Attraction_Review-g608652-d14131392-Reviews-Der_Millstatter_See_Radweg-Millstatt_Carinthia_Austrian_Alps.html, /Attractions-g608652-Activities-Millstatt_Carinthia_Austrian_Alps.html
Millstatter Stiftmuseum, 4.0, Museums, /Attraction_Review-g608652-d4509565-Reviews-Millstatter_Stiftmuseum-Millstatt_Carinthia_Austrian_Alps.html, /Attractions-g608652-Activities-Millstatt_Carinthia_Austrian_Alps.html
Lindenhof Galerie, 5.0, Museums, /Attraction_Review-g608652-d15013337-Reviews-Lindenhof_Galerie-Millstatt_Carinthia_Austrian_Alps.html, /Attractions-g608652-Activities-Millstatt_Carinthia_Austrian_Alps.html
Tennisplätze, 5.0, Fun & Games, /Attraction_Review-g608652-d10674772-Reviews-Tennisplatze-Millstatt_Carinthia_Austrian_Alps.html, /Attractions-g608652-Activities-Millstatt_Carinthia_Austrian_Alps.html
Gemeindetrandbad Dellach, 5.0, Sights & Landmarks, /Attraction_Review-g608652-d10529332-Reviews-Gemeindetrandbad_Dellach-Millstatt_Carinthia_Austrian_Alps.html, /Attractions-g608652-Activities-Millstatt_Carinthia_Austrian_Alps.html
Millstatter See, 4.5, Outdoor Activities, /Attraction_Review-g608652-d2071578-Reviews-Millstatter_See-Millstatt_Carinthia_Austrian_Alps.html, /Attractions-g608652-Activities-Millstatt_Carinthia_Austrian_Alps.html
Schifffahrt Millstätter See, 4.0, Boat Tours & Water Sports, /Attraction_Review-g608652-d8859155-Reviews-Schifffahrt_Millstatter_See-Millstatt_Carinthia_Austrian_Alps.html, /Attractions-g608652-Activities-Millstatt_Carinthia_Austrian_Alps.html
Golfplatz Millstätter See, 5.0, Outdoor Activities, /Attraction_Review-g608652-d9557849-Reviews-Golfplatz_Millstatter_See-Millstatt_Carinthia_Austrian_Alps.html, /Attractions-g608652-Activities-Millstatt_Carinthia_Austrian_Alps.html
Surf- und Segelschule Millstatt, 5.0, Boat Tours & Water Sports, /Attraction_Review-g608652-d13505915-Reviews-Surf_und_Segelschule_Millstatt-Millstatt_Carinthia_Austrian_Alps.html, /Attractions-g608652-Activities-Millstatt_Carinthia_Austrian_Alps.html
Kegelbahnen-Pizzeria Peppino, 4.5, Fun & Games, /Attraction_Review-g608652-d10219595-Reviews-Kegelbahnen_Pizzeria_Peppino-Millstatt_Carinthia_Austrian_Alps.html, /Attractions-g608652-Activities-Millstatt_Carinthia_Austrian_Alps.html
Millino-Kino Millstatt, 4.0, Fun & Games, /Attraction_Review-g608652-d8859314-Reviews-Millino_Kino_Millstatt-Millstatt_Carinthia_Austrian_Alps.html, /Attractions-g608652-Activities-Millstatt_Carinthia_Austrian_Alps.html
Bootsverleih &amp; Wassersport Strobl, 4.0, Boat Tours & Water Sports, /Attraction_Review-g608652-d8859265-Reviews-Bootsverleih_Wassersport_Strobl-Millstatt_Carinthia_Austrian_Alps.html, /Attractions-g608652-Activities-Millstatt_Carinthia_Austrian_Alps.html
Mountainbikestation-Geführte M-Bike Touren, 4.5, Tours, /Attraction_Review-g608652-d8859269-Reviews-Mountainbikestation_Gefuhrte_M_Bike_Touren-Millstatt_Carinthia_Austrian_Alps.html, /Attractions-g608652-Activities-Millstatt_Carinthia_Austrian_Alps.html
Stiftskirche Millstatt, 5.0, Sights & Landmarks, /Attraction_Review-g608652-d21207747-Reviews-Stiftskirche_Millstatt-Millstatt_Carinthia_Austrian_Alps.html, /Attractions-g608652-Activities-Millstatt_Carinthia_Austrian_Alps.html
Bienenhof Millstätter See, 4.5, Tours, /Attraction_Review-g608652-d8859316-Reviews-Bienenhof_Millstatter_See-Millstatt_Carinthia_Austrian_Alps.html, /Attractions-g608652-Activities-Millstatt_Carinthia_Austrian_Alps.html
Tagesausflugsfahrten Burgstaller, None, Tours, /Attraction_Review-g608652-d21177942-Reviews-Tagesausflugsfahrten_Burgstaller-Millstatt_Carinthia_Austrian_Alps.html, /Attractions-g608652-Activities-Millstatt_Carinthia_Austrian_Alps.html
Kalvarienberg Kapelle, None, Sights & Landmarks, /Attraction_Review-g608652-d21207754-Reviews-Kalvarienberg_Kapelle-Millstatt_Carinthia_Austrian_Alps.html, /Attractions-g608652-Activities-Millstatt_Carinthia_Austrian_Alps.html
Netzfischfahrten mit den Reinankenwirten, None, Boat Tours & Water Sports, /Attraction_Review-g608652-d10679566-Reviews-Netzfischfahrten_mit_den_Reinankenwirten-Millstatt_Carinthia_Austrian_Alps.html, /Attractions-g608652-Activities-Millstatt_Carinthia_Austrian_Alps.html
Tourist Office Millstatt am See, None, Traveller Resources, /Attraction_Review-g608652-d15041977-Reviews-Tourist_Office_Millstatt_am_See-Millstatt_Carinthia_Austrian_Alps.html, /Attractions-g608652-Activities-Millstatt_Carinthia_Austrian_Alps.html
