attraction_name, attraction_rate, attraction_type, attraction_url, attraction_parent_url
Flugschule Salzburg, 5.0, Boat Tours & Water Sports, /Attraction_Review-g635758-d10667319-Reviews-Flugschule_Salzburg-Wals_Austrian_Alps.html, /Attractions-g635758-Activities-Wals_Austrian_Alps.html
Golf &amp; Country Club Salzburg Klessheim, 4.5, Outdoor Activities, /Attraction_Review-g635758-d4154462-Reviews-Golf_Country_Club_Salzburg_Klessheim-Wals_Austrian_Alps.html, /Attractions-g635758-Activities-Wals_Austrian_Alps.html
Kugelrund, 4.0, Fun & Games, /Attraction_Review-g635758-d12947942-Reviews-Kugelrund-Wals_Austrian_Alps.html, /Attractions-g635758-Activities-Wals_Austrian_Alps.html
Salzburger Wehrgeschichtliches Museum, 5.0, Museums, /Attraction_Review-g635758-d19318746-Reviews-Salzburger_Wehrgeschichtliches_Museum-Wals_Austrian_Alps.html, /Attractions-g635758-Activities-Wals_Austrian_Alps.html
My Private Spa, 5.0, Spas & Wellness, /Attraction_Review-g635758-d14032081-Reviews-My_Private_Spa-Wals_Austrian_Alps.html, /Attractions-g635758-Activities-Wals_Austrian_Alps.html
Cineplexx Salzburg Airport, 3.0, Fun & Games, /Attraction_Review-g635758-d11914653-Reviews-Cineplexx_Salzburg_Airport-Wals_Austrian_Alps.html, /Attractions-g635758-Activities-Wals_Austrian_Alps.html
Toni Bar Nightlife &amp; Cocktails, 4.0, Nightlife, /Attraction_Review-g635758-d11624580-Reviews-Toni_Bar_Nightlife_Cocktails-Wals_Austrian_Alps.html, /Attractions-g635758-Activities-Wals_Austrian_Alps.html
Salzbike, None, Tours, /Attraction_Review-g635758-d20941520-Reviews-Salzbike-Wals_Austrian_Alps.html, /Attractions-g635758-Activities-Wals_Austrian_Alps.html
