attraction_name, attraction_rate, attraction_type, attraction_url, attraction_parent_url
Bikepark Leogang, 4.5, Nature & Parks, /Attraction_Review-g641736-d10045874-Reviews-Bikepark_Leogang-Leogang_Austrian_Alps.html, /Attractions-g641736-Activities-Leogang_Austrian_Alps.html
Sinne Erlebnispark an der Asitz Mittelstation, 5.0, Nature & Parks, /Attraction_Review-g641736-d10035904-Reviews-Sinne_Erlebnispark_an_der_Asitz_Mittelstation-Leogang_Austrian_Alps.html, /Attractions-g641736-Activities-Leogang_Austrian_Alps.html
Ski Deisenberger, 5.0, Nature & Parks, /Attraction_Review-g641736-d7360553-Reviews-Ski_Deisenberger-Leogang_Austrian_Alps.html, /Attractions-g641736-Activities-Leogang_Austrian_Alps.html
Bergbau- und Gotikmuseum Leogang, 5.0, Museums, /Attraction_Review-g641736-d3751673-Reviews-Bergbau_und_Gotikmuseum_Leogang-Leogang_Austrian_Alps.html, /Attractions-g641736-Activities-Leogang_Austrian_Alps.html
Birnbachloch, 5.0, Sights & Landmarks, /Attraction_Review-g641736-d17690504-Reviews-Birnbachloch-Leogang_Austrian_Alps.html, /Attractions-g641736-Activities-Leogang_Austrian_Alps.html
Leoganger Bergbahnen, 4.5, Shopping, /Attraction_Review-g641736-d3227878-Reviews-Leoganger_Bergbahnen-Leogang_Austrian_Alps.html, /Attractions-g641736-Activities-Leogang_Austrian_Alps.html
Flying Fox XXL, 4.5, Tours, /Attraction_Review-g641736-d10035913-Reviews-Flying_Fox_XXL-Leogang_Austrian_Alps.html, /Attractions-g641736-Activities-Leogang_Austrian_Alps.html
Schnees Sport Schule Asitz, 4.5, Classes & Workshops, /Attraction_Review-g641736-d7694711-Reviews-Schnees_Sport_Schule_Asitz-Leogang_Austrian_Alps.html, /Attractions-g641736-Activities-Leogang_Austrian_Alps.html
Elements Outdoorsports - Bikeschule im Bike Park Leogang, 5.0, Tours, /Attraction_Review-g641736-d10247499-Reviews-Elements_Outdoorsports_Bikeschule_im_Bike_Park_Leogang-Leogang_Austrian_Alps.html, /Attractions-g641736-Activities-Leogang_Austrian_Alps.html
Stockis Mountaindestillerie, 5.0, Food & Drink, /Attraction_Review-g641736-d17675433-Reviews-Stockis_Mountaindestillerie-Leogang_Austrian_Alps.html, /Attractions-g641736-Activities-Leogang_Austrian_Alps.html
ÖAV-Kletterhalle Leogang, None, Fun & Games, /Attraction_Review-g641736-d20812515-Reviews-OAV_Kletterhalle_Leogang-Leogang_Austrian_Alps.html, /Attractions-g641736-Activities-Leogang_Austrian_Alps.html
Knappenkapelle St. Anna, None, Sights & Landmarks, /Attraction_Review-g641736-d20812545-Reviews-Knappenkapelle_St_Anna-Leogang_Austrian_Alps.html, /Attractions-g641736-Activities-Leogang_Austrian_Alps.html
Huttschmiede, None, Museums, /Attraction_Review-g641736-d20812557-Reviews-Huttschmiede-Leogang_Austrian_Alps.html, /Attractions-g641736-Activities-Leogang_Austrian_Alps.html
Freizeitanlage Sonnrain, None, Fun & Games, /Attraction_Review-g641736-d20812556-Reviews-Freizeitanlage_Sonnrain-Leogang_Austrian_Alps.html, /Attractions-g641736-Activities-Leogang_Austrian_Alps.html
Leos Gang Art, None, Nature & Parks, /Attraction_Review-g641736-d20812561-Reviews-Leos_Gang_Art-Leogang_Austrian_Alps.html, /Attractions-g641736-Activities-Leogang_Austrian_Alps.html
Leonarium, None, Spas & Wellness, /Attraction_Review-g641736-d20812593-Reviews-Leonarium-Leogang_Austrian_Alps.html, /Attractions-g641736-Activities-Leogang_Austrian_Alps.html
Wildgehege-Tour, None, Nature & Parks, /Attraction_Review-g641736-d20812604-Reviews-Wildgehege_Tour-Leogang_Austrian_Alps.html, /Attractions-g641736-Activities-Leogang_Austrian_Alps.html
Leo's Wasserwelt, None, Nature & Parks, /Attraction_Review-g641736-d20812516-Reviews-Leo_s_Wasserwelt-Leogang_Austrian_Alps.html, /Attractions-g641736-Activities-Leogang_Austrian_Alps.html
Pfarrkirche Leogang, None, Sights & Landmarks, /Attraction_Review-g641736-d20812540-Reviews-Pfarrkirche_Leogang-Leogang_Austrian_Alps.html, /Attractions-g641736-Activities-Leogang_Austrian_Alps.html
Kristallkeller der Fam. Lemberger in Leogang, None, Museums, /Attraction_Review-g641736-d20812541-Reviews-Kristallkeller_der_Fam_Lemberger_in_Leogang-Leogang_Austrian_Alps.html, /Attractions-g641736-Activities-Leogang_Austrian_Alps.html
