attraction_name, attraction_rate, attraction_type, attraction_url, attraction_parent_url
Kloster Wernberg, 5.0, Sights & Landmarks, /Attraction_Review-g1473207-d12120228-Reviews-Kloster_Wernberg-Wernberg_Carinthia_Austrian_Alps.html, /Attractions-g1473207-Activities-Wernberg_Carinthia_Austrian_Alps.html
Erlebnisbad Gemeinde WErnberg, 3.5, Nature & Parks, /Attraction_Review-g1473207-d8317500-Reviews-Erlebnisbad_Gemeinde_WErnberg-Wernberg_Carinthia_Austrian_Alps.html, /Attractions-g1473207-Activities-Wernberg_Carinthia_Austrian_Alps.html
Schloss Damtschach, 5.0, Sights & Landmarks, /Attraction_Review-g1473207-d12120257-Reviews-Schloss_Damtschach-Wernberg_Carinthia_Austrian_Alps.html, /Attractions-g1473207-Activities-Wernberg_Carinthia_Austrian_Alps.html
Burgruine Eichelberg / Aichelberg, 5.0, Sights & Landmarks, /Attraction_Review-g1473207-d12111458-Reviews-Burgruine_Eichelberg_Aichelberg-Wernberg_Carinthia_Austrian_Alps.html, /Attractions-g1473207-Activities-Wernberg_Carinthia_Austrian_Alps.html
Schloss Wernberg, 4.0, Sights & Landmarks, /Attraction_Review-g1473207-d12120268-Reviews-Schloss_Wernberg-Wernberg_Carinthia_Austrian_Alps.html, /Attractions-g1473207-Activities-Wernberg_Carinthia_Austrian_Alps.html
Burg Sternberg / Kirche am Sternberg, 4.0, Sights & Landmarks, /Attraction_Review-g1473207-d12111459-Reviews-Burg_Sternberg_Kirche_am_Sternberg-Wernberg_Carinthia_Austrian_Alps.html, /Attractions-g1473207-Activities-Wernberg_Carinthia_Austrian_Alps.html
Tourismusinformation Wernberg, None, Traveller Resources, /Attraction_Review-g1473207-d11549799-Reviews-Tourismusinformation_Wernberg-Wernberg_Carinthia_Austrian_Alps.html, /Attractions-g1473207-Activities-Wernberg_Carinthia_Austrian_Alps.html
