attraction_name, attraction_rate, attraction_type, attraction_url, attraction_parent_url
Dolce & Gabbana, 5.0, Shopping, /Attraction_Review-g641769-d10544059-Reviews-Dolce_Gabbana-Schwechat_Lower_Austria.html, /Attractions-g641769-Activities-Schwechat_Lower_Austria.html
Paul & Shark, 5.0, Shopping, /Attraction_Review-g641769-d10543867-Reviews-Paul_Shark-Schwechat_Lower_Austria.html, /Attractions-g641769-Activities-Schwechat_Lower_Austria.html
Freywille, 5.0, Shopping, /Attraction_Review-g641769-d10544111-Reviews-Freywille-Schwechat_Lower_Austria.html, /Attractions-g641769-Activities-Schwechat_Lower_Austria.html
Swarovski, 4.5, Shopping, /Attraction_Review-g641769-d10541095-Reviews-Swarovski-Schwechat_Lower_Austria.html, /Attractions-g641769-Activities-Schwechat_Lower_Austria.html
Wolford, 3.0, Shopping, /Attraction_Review-g641769-d10541108-Reviews-Wolford-Schwechat_Lower_Austria.html, /Attractions-g641769-Activities-Schwechat_Lower_Austria.html
Calvin Klein, 4.0, Shopping, /Attraction_Review-g641769-d10543887-Reviews-Calvin_Klein-Schwechat_Lower_Austria.html, /Attractions-g641769-Activities-Schwechat_Lower_Austria.html
Salvatore Ferragamo, 5.0, Shopping, /Attraction_Review-g641769-d10543912-Reviews-Salvatore_Ferragamo-Schwechat_Lower_Austria.html, /Attractions-g641769-Activities-Schwechat_Lower_Austria.html
Picard, 5.0, Shopping, /Attraction_Review-g641769-d10540973-Reviews-Picard-Schwechat_Lower_Austria.html, /Attractions-g641769-Activities-Schwechat_Lower_Austria.html
Havaianas, 5.0, Shopping, /Attraction_Review-g641769-d10543843-Reviews-Havaianas-Schwechat_Lower_Austria.html, /Attractions-g641769-Activities-Schwechat_Lower_Austria.html
Codello, 5.0, Shopping, /Attraction_Review-g641769-d10543806-Reviews-Codello-Schwechat_Lower_Austria.html, /Attractions-g641769-Activities-Schwechat_Lower_Austria.html
Heinemann Duty Free, 2.0, Shopping, /Attraction_Review-g641769-d10540857-Reviews-Heinemann_Duty_Free-Schwechat_Lower_Austria.html, /Attractions-g641769-Activities-Schwechat_Lower_Austria.html
Falke, 5.0, Shopping, /Attraction_Review-g641769-d10543800-Reviews-Falke-Schwechat_Lower_Austria.html, /Attractions-g641769-Activities-Schwechat_Lower_Austria.html
Christ, 5.0, Shopping, /Attraction_Review-g641769-d10543882-Reviews-Christ-Schwechat_Lower_Austria.html, /Attractions-g641769-Activities-Schwechat_Lower_Austria.html
Memories, 4.0, Shopping, /Attraction_Review-g641769-d10543685-Reviews-Memories-Schwechat_Lower_Austria.html, /Attractions-g641769-Activities-Schwechat_Lower_Austria.html
Heinemann Duty Free, 3.0, Shopping, /Attraction_Review-g641769-d10540881-Reviews-Heinemann_Duty_Free-Schwechat_Lower_Austria.html, /Attractions-g641769-Activities-Schwechat_Lower_Austria.html
Senses of Austria, 1.0, Shopping, /Attraction_Review-g641769-d10541083-Reviews-Senses_of_Austria-Schwechat_Lower_Austria.html, /Attractions-g641769-Activities-Schwechat_Lower_Austria.html
Senses of Austria, 4.0, Shopping, /Attraction_Review-g641769-d10541084-Reviews-Senses_of_Austria-Schwechat_Lower_Austria.html, /Attractions-g641769-Activities-Schwechat_Lower_Austria.html
Schmitt & Trunk, None, Shopping, /Attraction_Review-g641769-d10541041-Reviews-Schmitt_Trunk-Schwechat_Lower_Austria.html, /Attractions-g641769-Activities-Schwechat_Lower_Austria.html
Schmitt & Trunk, None, Shopping, /Attraction_Review-g641769-d10541050-Reviews-Schmitt_Trunk-Schwechat_Lower_Austria.html, /Attractions-g641769-Activities-Schwechat_Lower_Austria.html
Hallohallo Shop, None, Shopping, /Attraction_Review-g641769-d10543743-Reviews-Hallohallo_Shop-Schwechat_Lower_Austria.html, /Attractions-g641769-Activities-Schwechat_Lower_Austria.html
Happy Socks, None, Shopping, /Attraction_Review-g641769-d10543808-Reviews-Happy_Socks-Schwechat_Lower_Austria.html, /Attractions-g641769-Activities-Schwechat_Lower_Austria.html
Jockey International, None, Shopping, /Attraction_Review-g641769-d10543816-Reviews-Jockey_International-Schwechat_Lower_Austria.html, /Attractions-g641769-Activities-Schwechat_Lower_Austria.html
Toms, None, Shopping, /Attraction_Review-g641769-d10543820-Reviews-Toms-Schwechat_Lower_Austria.html, /Attractions-g641769-Activities-Schwechat_Lower_Austria.html
Lolaandgrace, None, Shopping, /Attraction_Review-g641769-d10543851-Reviews-Lolaandgrace-Schwechat_Lower_Austria.html, /Attractions-g641769-Activities-Schwechat_Lower_Austria.html
Senses of Austria, None, Shopping, /Attraction_Review-g641769-d10541087-Reviews-Senses_of_Austria-Schwechat_Lower_Austria.html, /Attractions-g641769-Activities-Schwechat_Lower_Austria.html
Olymp, None, Shopping, /Attraction_Review-g641769-d10543855-Reviews-Olymp-Schwechat_Lower_Austria.html, /Attractions-g641769-Activities-Schwechat_Lower_Austria.html
Flavors of Austria, None, Shopping, /Attraction_Review-g641769-d10540793-Reviews-Flavors_of_Austria-Schwechat_Lower_Austria.html, /Attractions-g641769-Activities-Schwechat_Lower_Austria.html
Hugo Boss, None, Shopping, /Attraction_Review-g641769-d10540911-Reviews-Hugo_Boss-Schwechat_Lower_Austria.html, /Attractions-g641769-Activities-Schwechat_Lower_Austria.html
Hugo Boss, None, Shopping, /Attraction_Review-g641769-d10540921-Reviews-Hugo_Boss-Schwechat_Lower_Austria.html, /Attractions-g641769-Activities-Schwechat_Lower_Austria.html
Liska, None, Shopping, /Attraction_Review-g641769-d10540949-Reviews-Liska-Schwechat_Lower_Austria.html, /Attractions-g641769-Activities-Schwechat_Lower_Austria.html
