attraction_name, attraction_rate, attraction_type, attraction_url, attraction_parent_url
Basilika St. Michael, 4.5, Sights & Landmarks, /Attraction_Review-g608656-d1758215-Reviews-Basilika_St_Michael-Mondsee_Upper_Austria.html, /Attractions-g608656-Activities-Mondsee_Upper_Austria.html
Alpenseebad Mondsee, 4.5, Water & Amusement Parks, /Attraction_Review-g608656-d3403859-Reviews-Alpenseebad_Mondsee-Mondsee_Upper_Austria.html, /Attractions-g608656-Activities-Mondsee_Upper_Austria.html
Museum Mondseeland Und Osterreichisches Pfahlbaumuseum, 4.5, Museums, /Attraction_Review-g608656-d7021554-Reviews-Museum_Mondseeland_Und_Osterreichisches_Pfahlbaumuseum-Mondsee_Upper_Austria.html, /Attractions-g608656-Activities-Mondsee_Upper_Austria.html
Kulturgut Horibachhof, 4.5, Sights & Landmarks, /Attraction_Review-g608656-d2291667-Reviews-Kulturgut_Horibachhof-Mondsee_Upper_Austria.html, /Attractions-g608656-Activities-Mondsee_Upper_Austria.html
Moonscape, 5.0, Fun & Games, /Attraction_Review-g608656-d13207010-Reviews-Moonscape-Mondsee_Upper_Austria.html, /Attractions-g608656-Activities-Mondsee_Upper_Austria.html
Golfclub Am Mondsee, 5.0, Outdoor Activities, /Attraction_Review-g608656-d2228078-Reviews-Golfclub_Am_Mondsee-Mondsee_Upper_Austria.html, /Attractions-g608656-Activities-Mondsee_Upper_Austria.html
Schifffahrt Meindl, 4.5, Boat Tours & Water Sports, /Attraction_Review-g608656-d10189808-Reviews-Schifffahrt_Meindl-Mondsee_Upper_Austria.html, /Attractions-g608656-Activities-Mondsee_Upper_Austria.html
Fun Flitzer, 4.5, Tours, /Attraction_Review-g608656-d7685091-Reviews-Fun_Flitzer-Mondsee_Upper_Austria.html, /Attractions-g608656-Activities-Mondsee_Upper_Austria.html
Sunshine Bar 1959, 4.0, Nightlife, /Attraction_Review-g608656-d15011766-Reviews-Sunshine_Bar_1959-Mondsee_Upper_Austria.html, /Attractions-g608656-Activities-Mondsee_Upper_Austria.html
Rössl Bar, None, Nightlife, /Attraction_Review-g608656-d7357109-Reviews-Rossl_Bar-Mondsee_Upper_Austria.html, /Attractions-g608656-Activities-Mondsee_Upper_Austria.html
Vinothek Birgit Reingruber, None, Shopping, /Attraction_Review-g608656-d7357004-Reviews-Vinothek_Birgit_Reingruber-Mondsee_Upper_Austria.html, /Attractions-g608656-Activities-Mondsee_Upper_Austria.html
Roessl Bar Mondsee Club &amp; Pub, None, Nightlife, /Attraction_Review-g608656-d12550341-Reviews-Roessl_Bar_Mondsee_Club_Pub-Mondsee_Upper_Austria.html, /Attractions-g608656-Activities-Mondsee_Upper_Austria.html
