attraction_name, attraction_rate, attraction_type, attraction_url, attraction_parent_url
Kirche zur Hl Katharina - Pfarre Längenfeld, 4.5, Sights & Landmarks, /Attraction_Review-g1055481-d12548384-Reviews-Kirche_zur_Hl_Katharina_Pfarre_Langenfeld-Langenfeld_Tirol_Austrian_Alps.html, /Attractions-g1055481-Activities-Langenfeld_Tirol_Austrian_Alps.html
Hangenbrucke, 4.5, Sights & Landmarks, /Attraction_Review-g1055481-d15508445-Reviews-Hangenbrucke-Langenfeld_Tirol_Austrian_Alps.html, /Attractions-g1055481-Activities-Langenfeld_Tirol_Austrian_Alps.html
Otztaler Heimat - und Freilichtmuseum, 4.0, Museums, /Attraction_Review-g1055481-d8481661-Reviews-Otztaler_Heimat_und_Freilichtmuseum-Langenfeld_Tirol_Austrian_Alps.html, /Attractions-g1055481-Activities-Langenfeld_Tirol_Austrian_Alps.html
Aqua Dome - Tirol Therme Laengenfeld, 4.0, Spas & Wellness, /Attraction_Review-g1055481-d654103-Reviews-Aqua_Dome_Tirol_Therme_Laengenfeld-Langenfeld_Tirol_Austrian_Alps.html, /Attractions-g1055481-Activities-Langenfeld_Tirol_Austrian_Alps.html
Klettersteig Lehner Wasserfall, 5.0, Tours, /Attraction_Review-g1055481-d10373302-Reviews-Klettersteig_Lehner_Wasserfall-Langenfeld_Tirol_Austrian_Alps.html, /Attractions-g1055481-Activities-Langenfeld_Tirol_Austrian_Alps.html
Geocaching, 4.5, Fun & Games, /Attraction_Review-g1055481-d10554641-Reviews-Geocaching-Langenfeld_Tirol_Austrian_Alps.html, /Attractions-g1055481-Activities-Langenfeld_Tirol_Austrian_Alps.html
Epic Adventures, 5.0, Tours, /Attraction_Review-g1055480-d19456930-Reviews-Epic_Adventures-Otztal_Langenfeld_Tirol_Austrian_Alps.html, /Attractions-g1055481-Activities-Langenfeld_Tirol_Austrian_Alps.html
Pferdeschlittenfahrten, 5.0, Tours, /Attraction_Review-g1055481-d15758974-Reviews-Pferdeschlittenfahrten-Langenfeld_Tirol_Austrian_Alps.html, /Attractions-g1055481-Activities-Langenfeld_Tirol_Austrian_Alps.html
Naturpark Haus, 4.0, Museums, /Attraction_Review-g1055481-d21238656-Reviews-Naturpark_Haus-Langenfeld_Tirol_Austrian_Alps.html, /Attractions-g1055481-Activities-Langenfeld_Tirol_Austrian_Alps.html
Friedensquell, None, Spas & Wellness, /Attraction_Review-g1055481-d10802892-Reviews-Friedensquell-Langenfeld_Tirol_Austrian_Alps.html, /Attractions-g1055481-Activities-Langenfeld_Tirol_Austrian_Alps.html
Schneesportschule Gries, None, Classes & Workshops, /Attraction_Review-g1055481-d12694441-Reviews-Schneesportschule_Gries-Langenfeld_Tirol_Austrian_Alps.html, /Attractions-g1055481-Activities-Langenfeld_Tirol_Austrian_Alps.html
Viktoria Gstrein, None, Tours, /Attraction_Review-g1055480-d21229124-Reviews-Viktoria_Gstrein-Otztal_Langenfeld_Tirol_Austrian_Alps.html, /Attractions-g1055481-Activities-Langenfeld_Tirol_Austrian_Alps.html
Klamm Kapelle zum Hl. Nepomuk, None, Sights & Landmarks, /Attraction_Review-g1055481-d19879181-Reviews-Klamm_Kapelle_zum_Hl_Nepomuk-Langenfeld_Tirol_Austrian_Alps.html, /Attractions-g1055481-Activities-Langenfeld_Tirol_Austrian_Alps.html
GOODTIMES OUTDOOR, None, Boat Tours & Water Sports, /Attraction_Review-g1055480-d17735788-Reviews-GOODTIMES_OUTDOOR-Otztal_Langenfeld_Tirol_Austrian_Alps.html, /Attractions-g1055481-Activities-Langenfeld_Tirol_Austrian_Alps.html
