attraction_name, attraction_rate, attraction_type, attraction_url, attraction_parent_url
Nostalgiewelt Eggenburg, 4.5, Museums, /Attraction_Review-g2273757-d7131513-Reviews-Nostalgiewelt_Eggenburg-Eggenburg_Lower_Austria.html, /Attractions-g2273757-Activities-Eggenburg_Lower_Austria.html
Krahuletz Museum, 5.0, Museums, /Attraction_Review-g2273757-d13087616-Reviews-Krahuletz_Museum-Eggenburg_Lower_Austria.html, /Attractions-g2273757-Activities-Eggenburg_Lower_Austria.html
Karner, 4.5, Sights & Landmarks, /Attraction_Review-g2273757-d13093815-Reviews-Karner-Eggenburg_Lower_Austria.html, /Attractions-g2273757-Activities-Eggenburg_Lower_Austria.html
Winzer Stoitzendorf, None, Food & Drink, /Attraction_Review-g2273757-d20869166-Reviews-Winzer_Stoitzendorf-Eggenburg_Lower_Austria.html, /Attractions-g2273757-Activities-Eggenburg_Lower_Austria.html
Steinmetz Museum Zogelsdorf, None, Museums, /Attraction_Review-g2273757-d20938134-Reviews-Steinmetz_Museum_Zogelsdorf-Eggenburg_Lower_Austria.html, /Attractions-g2273757-Activities-Eggenburg_Lower_Austria.html
Weingut Kauderer, None, Food & Drink, /Attraction_Review-g2273757-d20869165-Reviews-Weingut_Kauderer-Eggenburg_Lower_Austria.html, /Attractions-g2273757-Activities-Eggenburg_Lower_Austria.html
Schloss Zogelsdorf, None, Museums, /Attraction_Review-g2273757-d20869079-Reviews-Schloss_Zogelsdorf-Eggenburg_Lower_Austria.html, /Attractions-g2273757-Activities-Eggenburg_Lower_Austria.html
Pestsaeule, None, Sights & Landmarks, /Attraction_Review-g2273757-d13093742-Reviews-Pestsaeule-Eggenburg_Lower_Austria.html, /Attractions-g2273757-Activities-Eggenburg_Lower_Austria.html
Barbarakapelle, None, Sights & Landmarks, /Attraction_Review-g2273757-d13087610-Reviews-Barbarakapelle-Eggenburg_Lower_Austria.html, /Attractions-g2273757-Activities-Eggenburg_Lower_Austria.html
Stadtbücherei Eggenburg, None, Traveller Resources, /Attraction_Review-g2273757-d13087613-Reviews-Stadtbucherei_Eggenburg-Eggenburg_Lower_Austria.html, /Attractions-g2273757-Activities-Eggenburg_Lower_Austria.html
Adlerbrunnen, None, Sights & Landmarks, /Attraction_Review-g2273757-d13087620-Reviews-Adlerbrunnen-Eggenburg_Lower_Austria.html, /Attractions-g2273757-Activities-Eggenburg_Lower_Austria.html
Der Eggenburger Hauptplatz, None, Sights & Landmarks, /Attraction_Review-g2273757-d13087639-Reviews-Der_Eggenburger_Hauptplatz-Eggenburg_Lower_Austria.html, /Attractions-g2273757-Activities-Eggenburg_Lower_Austria.html
Das 'Gemalte Haus' an der Ecke Hauptplatz/Kremserstraße, None, Sights & Landmarks, /Attraction_Review-g2273757-d13087640-Reviews-Das_Gemalte_Haus_an_der_Ecke_Hauptplatz_Kremserstrasse-Eggenburg_Lower_Austria.html, /Attractions-g2273757-Activities-Eggenburg_Lower_Austria.html
Bergfried, None, Sights & Landmarks, /Attraction_Review-g2273757-d13087743-Reviews-Bergfried-Eggenburg_Lower_Austria.html, /Attractions-g2273757-Activities-Eggenburg_Lower_Austria.html
Redemptoristenkloster Eggenburg, None, Sights & Landmarks, /Attraction_Review-g2273757-d13087751-Reviews-Redemptoristenkloster_Eggenburg-Eggenburg_Lower_Austria.html, /Attractions-g2273757-Activities-Eggenburg_Lower_Austria.html
Pranger, None, Sights & Landmarks, /Attraction_Review-g2273757-d13087769-Reviews-Pranger-Eggenburg_Lower_Austria.html, /Attractions-g2273757-Activities-Eggenburg_Lower_Austria.html
Martinskapelle, None, Sights & Landmarks, /Attraction_Review-g2273757-d13087796-Reviews-Martinskapelle-Eggenburg_Lower_Austria.html, /Attractions-g2273757-Activities-Eggenburg_Lower_Austria.html
aOE Iss Dialekt, None, Museums, /Attraction_Review-g2273757-d13093556-Reviews-AOE_Iss_Dialekt-Eggenburg_Lower_Austria.html, /Attractions-g2273757-Activities-Eggenburg_Lower_Austria.html
Pfarrkirche St. Stephan, None, Sights & Landmarks, /Attraction_Review-g2273757-d13093567-Reviews-Pfarrkirche_St_Stephan-Eggenburg_Lower_Austria.html, /Attractions-g2273757-Activities-Eggenburg_Lower_Austria.html
Wanderweg 'Stein &amp; Wein', None, Nature & Parks, /Attraction_Review-g2273757-d13093722-Reviews-Wanderweg_Stein_Wein-Eggenburg_Lower_Austria.html, /Attractions-g2273757-Activities-Eggenburg_Lower_Austria.html
Mariensaeule, None, Sights & Landmarks, /Attraction_Review-g2273757-d13094066-Reviews-Mariensaeule-Eggenburg_Lower_Austria.html, /Attractions-g2273757-Activities-Eggenburg_Lower_Austria.html
Eggenburg Tourismus - Information, None, Traveller Resources, /Attraction_Review-g2273757-d13094102-Reviews-Eggenburg_Tourismus_Information-Eggenburg_Lower_Austria.html, /Attractions-g2273757-Activities-Eggenburg_Lower_Austria.html
Rathaus - Stadtgemeinde Eggenburg, None, Sights & Landmarks, /Attraction_Review-g2273757-d13087746-Reviews-Rathaus_Stadtgemeinde_Eggenburg-Eggenburg_Lower_Austria.html, /Attractions-g2273757-Activities-Eggenburg_Lower_Austria.html
Schubertbrunnen, None, Sights & Landmarks, /Attraction_Review-g2273757-d13087745-Reviews-Schubertbrunnen-Eggenburg_Lower_Austria.html, /Attractions-g2273757-Activities-Eggenburg_Lower_Austria.html
Kanzlerturm und Zinnenwanderung, None, Sights & Landmarks, /Attraction_Review-g2273757-d13087749-Reviews-Kanzlerturm_und_Zinnenwanderung-Eggenburg_Lower_Austria.html, /Attractions-g2273757-Activities-Eggenburg_Lower_Austria.html
Grabkapelle, None, Sights & Landmarks, /Attraction_Review-g2273757-d13087638-Reviews-Grabkapelle-Eggenburg_Lower_Austria.html, /Attractions-g2273757-Activities-Eggenburg_Lower_Austria.html
Stadtmauerstadt Eggenburg, None, Sights & Landmarks, /Attraction_Review-g2273757-d13087747-Reviews-Stadtmauerstadt_Eggenburg-Eggenburg_Lower_Austria.html, /Attractions-g2273757-Activities-Eggenburg_Lower_Austria.html
Rebsortenpfad, None, Sights & Landmarks, /Attraction_Review-g2273757-d13087744-Reviews-Rebsortenpfad-Eggenburg_Lower_Austria.html, /Attractions-g2273757-Activities-Eggenburg_Lower_Austria.html
Museum des Priv. unif. Bürgerkorps, None, Museums, /Attraction_Review-g2273757-d13087786-Reviews-Museum_des_Priv_unif_Burgerkorps-Eggenburg_Lower_Austria.html, /Attractions-g2273757-Activities-Eggenburg_Lower_Austria.html
Klosterkirche, None, Sights & Landmarks, /Attraction_Review-g2273757-d13087791-Reviews-Klosterkirche-Eggenburg_Lower_Austria.html, /Attractions-g2273757-Activities-Eggenburg_Lower_Austria.html
