attraction_name, attraction_rate, attraction_type, attraction_url, attraction_parent_url
Kurpark Bad Hall, 5.0, Nature & Parks, /Attraction_Review-g1055463-d17567685-Reviews-Kurpark_Bad_Hall-Bad_Hall_Upper_Austria.html, /Attractions-g1055463-Activities-Bad_Hall_Upper_Austria.html
Stadttheater Bad Hall, 4.5, Concerts & Shows, /Attraction_Review-g1055463-d9794474-Reviews-Stadttheater_Bad_Hall-Bad_Hall_Upper_Austria.html, /Attractions-g1055463-Activities-Bad_Hall_Upper_Austria.html
Eurotherme Bad Hall, 3.0, Fun & Games, /Attraction_Review-g1055463-d8855268-Reviews-Eurotherme_Bad_Hall-Bad_Hall_Upper_Austria.html, /Attractions-g1055463-Activities-Bad_Hall_Upper_Austria.html
Weinbau Rogl, None, Food & Drink, /Attraction_Review-g1055463-d20926064-Reviews-Weinbau_Rogl-Bad_Hall_Upper_Austria.html, /Attractions-g1055463-Activities-Bad_Hall_Upper_Austria.html
Forum Hall, None, Museums, /Attraction_Review-g1055463-d17567654-Reviews-Forum_Hall-Bad_Hall_Upper_Austria.html, /Attractions-g1055463-Activities-Bad_Hall_Upper_Austria.html
Pfarrkirche Bad Hall, None, Sights & Landmarks, /Attraction_Review-g1055463-d17567671-Reviews-Pfarrkirche_Bad_Hall-Bad_Hall_Upper_Austria.html, /Attractions-g1055463-Activities-Bad_Hall_Upper_Austria.html
