attraction_name, attraction_rate, attraction_type, attraction_url, attraction_parent_url
Wallfahrtskirche Maria Schnee, 4.5, Sights & Landmarks, /Attraction_Review-g811456-d7980895-Reviews-Wallfahrtskirche_Maria_Schnee-Maria_Luggau_Carinthia_Austrian_Alps.html, /Attractions-g811456-Activities-Maria_Luggau_Carinthia_Austrian_Alps.html
Servitenkloster Maria Luggau, 4.5, Sights & Landmarks, /Attraction_Review-g811456-d11666210-Reviews-Servitenkloster_Maria_Luggau-Maria_Luggau_Carinthia_Austrian_Alps.html, /Attractions-g811456-Activities-Maria_Luggau_Carinthia_Austrian_Alps.html
Historische Klostergartenanlage Maria Luggau, 5.0, Nature & Parks, /Attraction_Review-g811456-d12420794-Reviews-Historische_Klostergartenanlage_Maria_Luggau-Maria_Luggau_Carinthia_Austrian_Alp.html, /Attractions-g811456-Activities-Maria_Luggau_Carinthia_Austrian_Alps.html
Mühlenweg Maria Luggau, 4.5, Tours, /Attraction_Review-g811456-d11668924-Reviews-Muhlenweg_Maria_Luggau-Maria_Luggau_Carinthia_Austrian_Alps.html, /Attractions-g811456-Activities-Maria_Luggau_Carinthia_Austrian_Alps.html
Lesachtaler Bauernladen, 5.0, Shopping, /Attraction_Review-g811456-d21199561-Reviews-Lesachtaler_Bauernladen-Maria_Luggau_Carinthia_Austrian_Alps.html, /Attractions-g811456-Activities-Maria_Luggau_Carinthia_Austrian_Alps.html
Marienpilgerweg Kärnten, None, Nature & Parks, /Attraction_Review-g811456-d10813352-Reviews-Marienpilgerweg_Karnten-Maria_Luggau_Carinthia_Austrian_Alps.html, /Attractions-g811456-Activities-Maria_Luggau_Carinthia_Austrian_Alps.html
Kajak auf der Gail, None, Boat Tours & Water Sports, /Attraction_Review-g811456-d15027718-Reviews-Kajak_auf_der_Gail-Maria_Luggau_Carinthia_Austrian_Alps.html, /Attractions-g811456-Activities-Maria_Luggau_Carinthia_Austrian_Alps.html
