attraction_name, attraction_rate, attraction_type, attraction_url, attraction_parent_url
Therme Aqualux, 4.0, Spas & Wellness, /Attraction_Review-g1196717-d2144146-Reviews-Therme_Aqualux-Fohnsdorf_Styria.html, /Attractions-g1196717-Activities-Fohnsdorf_Styria.html
Bergbaumuseum Fohnsdorf, 5.0, Museums, /Attraction_Review-g1196717-d12882455-Reviews-Bergbaumuseum_Fohnsdorf-Fohnsdorf_Styria.html, /Attractions-g1196717-Activities-Fohnsdorf_Styria.html
Burgruine Fohnsdorf, 4.0, Sights & Landmarks, /Attraction_Review-g1196717-d12882477-Reviews-Burgruine_Fohnsdorf-Fohnsdorf_Styria.html, /Attractions-g1196717-Activities-Fohnsdorf_Styria.html
Rattenberger Teich, None, Nature & Parks, /Attraction_Review-g1196717-d12882464-Reviews-Rattenberger_Teich-Fohnsdorf_Styria.html, /Attractions-g1196717-Activities-Fohnsdorf_Styria.html
Kath. Pfarrkirche hl. Rupert und Friedhof, None, Sights & Landmarks, /Attraction_Review-g1196717-d12882476-Reviews-Kath_Pfarrkirche_hl_Rupert_und_Friedhof-Fohnsdorf_Styria.html, /Attractions-g1196717-Activities-Fohnsdorf_Styria.html
Tourismusverband Fohnsdorf, None, Traveller Resources, /Attraction_Review-g1196717-d12884499-Reviews-Tourismusverband_Fohnsdorf-Fohnsdorf_Styria.html, /Attractions-g1196717-Activities-Fohnsdorf_Styria.html
Sporthalle Fohnsdorf, None, Fun & Games, /Attraction_Review-g1196717-d12882518-Reviews-Sporthalle_Fohnsdorf-Fohnsdorf_Styria.html, /Attractions-g1196717-Activities-Fohnsdorf_Styria.html
Sillweger Aussichtswarte, None, Sights & Landmarks, /Attraction_Review-g1196717-d12882457-Reviews-Sillweger_Aussichtswarte-Fohnsdorf_Styria.html, /Attractions-g1196717-Activities-Fohnsdorf_Styria.html
Dieselkino Fohnsdorf, None, Fun & Games, /Attraction_Review-g1196717-d15348571-Reviews-Dieselkino_Fohnsdorf-Fohnsdorf_Styria.html, /Attractions-g1196717-Activities-Fohnsdorf_Styria.html
