attraction_name, attraction_rate, attraction_type, attraction_url, attraction_parent_url
Reitherkogelbahn, 4.5, Transportation, /Attraction_Review-g939827-d10319370-Reviews-Reitherkogelbahn-Reith_im_Alpbachtal_Tirol_Austrian_Alps.html, /Attractions-g939827-Activities-Reith_im_Alpbachtal_Tirol_Austrian_Alps.html
Juppi Zauberwald, 5.0, Fun & Games, /Attraction_Review-g939827-d12060124-Reviews-Juppi_Zauberwald-Reith_im_Alpbachtal_Tirol_Austrian_Alps.html, /Attractions-g939827-Activities-Reith_im_Alpbachtal_Tirol_Austrian_Alps.html
Hildegard von Bingen Garten, 4.5, Nature & Parks, /Attraction_Review-g939827-d12060135-Reviews-Hildegard_von_Bingen_Garten-Reith_im_Alpbachtal_Tirol_Austrian_Alps.html, /Attractions-g939827-Activities-Reith_im_Alpbachtal_Tirol_Austrian_Alps.html
Schloss Matzen, 4.5, Sights & Landmarks, /Attraction_Review-g939827-d12051148-Reviews-Schloss_Matzen-Reith_im_Alpbachtal_Tirol_Austrian_Alps.html, /Attractions-g939827-Activities-Reith_im_Alpbachtal_Tirol_Austrian_Alps.html
Reither Badesee, 4.0, Nature & Parks, /Attraction_Review-g939827-d12076504-Reviews-Reither_Badesee-Reith_im_Alpbachtal_Tirol_Austrian_Alps.html, /Attractions-g939827-Activities-Reith_im_Alpbachtal_Tirol_Austrian_Alps.html
Rosenkranzkapelle, 5.0, Sights & Landmarks, /Attraction_Review-g939827-d12060138-Reviews-Rosenkranzkapelle-Reith_im_Alpbachtal_Tirol_Austrian_Alps.html, /Attractions-g939827-Activities-Reith_im_Alpbachtal_Tirol_Austrian_Alps.html
Alpbachtaler Kinderpark, 5.0, Fun & Games, /Attraction_Review-g939827-d12065293-Reviews-Alpbachtaler_Kinderpark-Reith_im_Alpbachtal_Tirol_Austrian_Alps.html, /Attractions-g939827-Activities-Reith_im_Alpbachtal_Tirol_Austrian_Alps.html
