attraction_name, attraction_rate, attraction_type, attraction_url, attraction_parent_url
Loessiade, 5.0, Spas & Wellness, /Attraction_Review-g7235368-d7203524-Reviews-Loessiade-Absdorf_Lower_Austria.html, /Attractions-g7235368-Activities-Absdorf_Lower_Austria.html
Werner Weinlinger, None, Food & Drink, /Attraction_Review-g7235368-d21211460-Reviews-Werner_Weinlinger-Absdorf_Lower_Austria.html, /Attractions-g7235368-Activities-Absdorf_Lower_Austria.html
Imkerei Trabauer, None, Sights & Landmarks, /Attraction_Review-g7235368-d21211462-Reviews-Imkerei_Trabauer-Absdorf_Lower_Austria.html, /Attractions-g7235368-Activities-Absdorf_Lower_Austria.html
Gerti &amp; Flocky's Blunzenkeller, None, Nightlife, /Attraction_Review-g7235368-d11827012-Reviews-Gerti_Flocky_s_Blunzenkeller-Absdorf_Lower_Austria.html, /Attractions-g7235368-Activities-Absdorf_Lower_Austria.html
