attraction_name, attraction_rate, attraction_type, attraction_url, attraction_parent_url
Austria und Styria, None, Sights & Landmarks, /Attraction_Review-g190432-d12880771-Reviews-Austria_und_Styria-Graz_Styria.html, /Attractions-g190432-Activities-Graz_Styria.html
Kirche Don Bosco, None, Sights & Landmarks, /Attraction_Review-g190432-d12881689-Reviews-Kirche_Don_Bosco-Graz_Styria.html, /Attractions-g190432-Activities-Graz_Styria.html
Landesgericht für Strafsachen Graz, None, Sights & Landmarks, /Attraction_Review-g190432-d12902561-Reviews-Landesgericht_fur_Strafsachen_Graz-Graz_Styria.html, /Attractions-g190432-Activities-Graz_Styria.html
Theriak Museum, None, Sights & Landmarks, /Attraction_Review-g190432-d12902565-Reviews-Theriak_Museum-Graz_Styria.html, /Attractions-g190432-Activities-Graz_Styria.html
Giovanni's Garden, None, Nature & Parks, /Attraction_Review-g190432-d12902572-Reviews-Giovanni_s_Garden-Graz_Styria.html, /Attractions-g190432-Activities-Graz_Styria.html
Galerie Kunst & Handel, None, Museums, /Attraction_Review-g190432-d12902559-Reviews-Galerie_Kunst_Handel-Graz_Styria.html, /Attractions-g190432-Activities-Graz_Styria.html
Galerie Glacis, None, Museums, /Attraction_Review-g190432-d12902581-Reviews-Galerie_Glacis-Graz_Styria.html, /Attractions-g190432-Activities-Graz_Styria.html
kunstGarten, None, Nature & Parks, /Attraction_Review-g190432-d12902574-Reviews-KunstGarten-Graz_Styria.html, /Attractions-g190432-Activities-Graz_Styria.html
Gottscheer Gedenkstätte - Graz, None, Sights & Landmarks, /Attraction_Review-g190432-d12902582-Reviews-Gottscheer_Gedenkstatte_Graz-Graz_Styria.html, /Attractions-g190432-Activities-Graz_Styria.html
Palais des Enffans d'Avernas, None, Sights & Landmarks, /Attraction_Review-g190432-d12902589-Reviews-Palais_des_Enffans_d_Avernas-Graz_Styria.html, /Attractions-g190432-Activities-Graz_Styria.html
Haus der Wissenschaft, None, Museums, /Attraction_Review-g190432-d12902571-Reviews-Haus_der_Wissenschaft-Graz_Styria.html, /Attractions-g190432-Activities-Graz_Styria.html
Camera Austria, None, Museums, /Attraction_Review-g190432-d12902584-Reviews-Camera_Austria-Graz_Styria.html, /Attractions-g190432-Activities-Graz_Styria.html
Hans Gross Kriminalmuseum, None, Museums, /Attraction_Review-g190432-d12902570-Reviews-Hans_Gross_Kriminalmuseum-Graz_Styria.html, /Attractions-g190432-Activities-Graz_Styria.html
HDA - House of Architecture, None, Museums, /Attraction_Review-g190432-d12903587-Reviews-HDA_House_of_Architecture-Graz_Styria.html, /Attractions-g190432-Activities-Graz_Styria.html
Ecco Arte, None, Museums, /Attraction_Review-g190432-d12903632-Reviews-Ecco_Arte-Graz_Styria.html, /Attractions-g190432-Activities-Graz_Styria.html
Palais Lengheimb, None, Sights & Landmarks, /Attraction_Review-g190432-d12906663-Reviews-Palais_Lengheimb-Graz_Styria.html, /Attractions-g190432-Activities-Graz_Styria.html
Galerie Schafschetzy, None, Museums, /Attraction_Review-g190432-d12902573-Reviews-Galerie_Schafschetzy-Graz_Styria.html, /Attractions-g190432-Activities-Graz_Styria.html
Landesgericht für Zivilrechtssachen Graz, None, Sights & Landmarks, /Attraction_Review-g190432-d12902569-Reviews-Landesgericht_fur_Zivilrechtssachen_Graz-Graz_Styria.html, /Attractions-g190432-Activities-Graz_Styria.html
Forum Stadtpark, None, Sights & Landmarks, /Attraction_Review-g190432-d12906638-Reviews-Forum_Stadtpark-Graz_Styria.html, /Attractions-g190432-Activities-Graz_Styria.html
Artelier Contemporary, None, Museums, /Attraction_Review-g190432-d12902557-Reviews-Artelier_Contemporary-Graz_Styria.html, /Attractions-g190432-Activities-Graz_Styria.html
Galerie Eugen Lendl, None, Museums, /Attraction_Review-g190432-d12902576-Reviews-Galerie_Eugen_Lendl-Graz_Styria.html, /Attractions-g190432-Activities-Graz_Styria.html
Kunst Galerie Holasek, None, Museums, /Attraction_Review-g190432-d12902587-Reviews-Kunst_Galerie_Holasek-Graz_Styria.html, /Attractions-g190432-Activities-Graz_Styria.html
Buddhist Center Graz, None, Sights & Landmarks, /Attraction_Review-g190432-d10416668-Reviews-Buddhist_Center_Graz-Graz_Styria.html, /Attractions-g190432-Activities-Graz_Styria.html
Der Grazer St. Peter - Stadtfriedhof, None, Sights & Landmarks, /Attraction_Review-g190432-d13006444-Reviews-Der_Grazer_St_Peter_Stadtfriedhof-Graz_Styria.html, /Attractions-g190432-Activities-Graz_Styria.html
Alte Galerie, None, Museums, /Attraction_Review-g190432-d13355226-Reviews-Alte_Galerie-Graz_Styria.html, /Attractions-g190432-Activities-Graz_Styria.html
Edel Trodel, None, Shopping, /Attraction_Review-g190432-d14989261-Reviews-Edel_Trodel-Graz_Styria.html, /Attractions-g190432-Activities-Graz_Styria.html
Palais Schwarzenberg, None, Sights & Landmarks, /Attraction_Review-g190432-d15052291-Reviews-Palais_Schwarzenberg-Graz_Styria.html, /Attractions-g190432-Activities-Graz_Styria.html
Palais Trauttmansdorff, None, Sights & Landmarks, /Attraction_Review-g190432-d15052328-Reviews-Palais_Trauttmansdorff-Graz_Styria.html, /Attractions-g190432-Activities-Graz_Styria.html
Palais Dietrichstein, None, Sights & Landmarks, /Attraction_Review-g190432-d15052342-Reviews-Palais_Dietrichstein-Graz_Styria.html, /Attractions-g190432-Activities-Graz_Styria.html
Jakominiviertel, None, Sights & Landmarks, /Attraction_Review-g190432-d15052374-Reviews-Jakominiviertel-Graz_Styria.html, /Attractions-g190432-Activities-Graz_Styria.html
