attraction_name, attraction_rate, attraction_type, attraction_url, attraction_parent_url
Tourist information, 5.0, Traveller Resources, /Attraction_Review-g1194688-d19074695-Reviews-Tourist_information-Bichlbach_Tirol_Austrian_Alps.html, /Attractions-g1194688-Activities-Bichlbach_Tirol_Austrian_Alps.html
Almkopfbahn, 4.0, Transportation, /Attraction_Review-g1194688-d15202313-Reviews-Almkopfbahn-Bichlbach_Tirol_Austrian_Alps.html, /Attractions-g1194688-Activities-Bichlbach_Tirol_Austrian_Alps.html
Zunftkirche St. Joseph, 4.0, Sights & Landmarks, /Attraction_Review-g1194688-d19448843-Reviews-Zunftkirche_St_Joseph-Bichlbach_Tirol_Austrian_Alps.html, /Attractions-g1194688-Activities-Bichlbach_Tirol_Austrian_Alps.html
Kletterwald Bichlbach, 5.0, Tours, /Attraction_Review-g1194688-d8605305-Reviews-Kletterwald_Bichlbach-Bichlbach_Tirol_Austrian_Alps.html, /Attractions-g1194688-Activities-Bichlbach_Tirol_Austrian_Alps.html
Roli's Roller Rent - Bergrollerverleih, 4.5, Outdoor Activities, /Attraction_Review-g1194688-d12378677-Reviews-Roli_s_Roller_Rent_Bergrollerverleih-Bichlbach_Tirol_Austrian_Alps.html, /Attractions-g1194688-Activities-Bichlbach_Tirol_Austrian_Alps.html
Flying Fox Bichlbach, 5.0, Tours, /Attraction_Review-g1194688-d21220844-Reviews-Flying_Fox_Bichlbach-Bichlbach_Tirol_Austrian_Alps.html, /Attractions-g1194688-Activities-Bichlbach_Tirol_Austrian_Alps.html
Tier &amp; Spielpark Bichlbach, 3.0, Fun & Games, /Attraction_Review-g1194688-d12708407-Reviews-Tier_Spielpark_Bichlbach-Bichlbach_Tirol_Austrian_Alps.html, /Attractions-g1194688-Activities-Bichlbach_Tirol_Austrian_Alps.html
