attraction_name, attraction_rate, attraction_type, attraction_url, attraction_parent_url
Dieselkino Oberwart, 3.5, Fun & Games, /Attraction_Review-g1729150-d12905197-Reviews-Dieselkino_Oberwart-Oberwart_Burgenland.html, /Attractions-g1729150-Activities-Oberwart_Burgenland.html
Alien Park Oberwart, 5.0, Fun & Games, /Attraction_Review-g1729150-d8812846-Reviews-Alien_Park_Oberwart-Oberwart_Burgenland.html, /Attractions-g1729150-Activities-Oberwart_Burgenland.html
Baumwipfelweg Althodis, None, Sights & Landmarks, /Attraction_Review-g1729150-d21283404-Reviews-Baumwipfelweg_Althodis-Oberwart_Burgenland.html, /Attractions-g1729150-Activities-Oberwart_Burgenland.html
AK-Bücherei Oberwart, None, Traveller Resources, /Attraction_Review-g1729150-d22941060-Reviews-AK_Bucherei_Oberwart-Oberwart_Burgenland.html, /Attractions-g1729150-Activities-Oberwart_Burgenland.html
Abenteuer Minigolf 'Hollywood', None, Fun & Games, /Attraction_Review-g1729150-d12590401-Reviews-Abenteuer_Minigolf_Hollywood-Oberwart_Burgenland.html, /Attractions-g1729150-Activities-Oberwart_Burgenland.html
