attraction_name, attraction_rate, attraction_type, attraction_url, attraction_parent_url
Wurbauerkogel, 4.5, Nature & Parks, /Attraction_Review-g939854-d10763489-Reviews-Wurbauerkogel-Windischgarsten_Upper_Austria.html, /Attractions-g939854-Activities-Windischgarsten_Upper_Austria.html
Hochseilgarten Gleinkersee, 4.5, Tours, /Attraction_Review-g939854-d16775183-Reviews-Hochseilgarten_Gleinkersee-Windischgarsten_Upper_Austria.html, /Attractions-g939854-Activities-Windischgarsten_Upper_Austria.html
3D - Bogenschießen am Abenteuerberg Wurbauerkogel, 5.0, Tours, /Attraction_Review-g939854-d16846134-Reviews-3D_Bogenschiessen_am_Abenteuerberg_Wurbauerkogel-Windischgarsten_Upper_Austria.html, /Attractions-g939854-Activities-Windischgarsten_Upper_Austria.html
Golfclub Dilly, 5.0, Outdoor Activities, /Attraction_Review-g939854-d19253709-Reviews-Golfclub_Dilly-Windischgarsten_Upper_Austria.html, /Attractions-g939854-Activities-Windischgarsten_Upper_Austria.html
Pfarrkirche St. Jakob, None, Sights & Landmarks, /Attraction_Review-g939854-d21376387-Reviews-Pfarrkirche_St_Jakob-Windischgarsten_Upper_Austria.html, /Attractions-g939854-Activities-Windischgarsten_Upper_Austria.html
Kalvarienberg Kirche, None, Sights & Landmarks, /Attraction_Review-g939854-d21376381-Reviews-Kalvarienberg_Kirche-Windischgarsten_Upper_Austria.html, /Attractions-g939854-Activities-Windischgarsten_Upper_Austria.html
Pfarramt Röm.-kath. Windischgarsten, None, Sights & Landmarks, /Attraction_Review-g939854-d21376385-Reviews-Pfarramt_Rom_kath_Windischgarsten-Windischgarsten_Upper_Austria.html, /Attractions-g939854-Activities-Windischgarsten_Upper_Austria.html
PyhrnPriel-erlebnisagentur, None, Tours, /Attraction_Review-g939854-d13494044-Reviews-PyhrnPriel_erlebnisagentur-Windischgarsten_Upper_Austria.html, /Attractions-g939854-Activities-Windischgarsten_Upper_Austria.html
Fels Hochseilgarten Hexenkessel, None, Tours, /Attraction_Review-g939854-d16857220-Reviews-Fels_Hochseilgarten_Hexenkessel-Windischgarsten_Upper_Austria.html, /Attractions-g939854-Activities-Windischgarsten_Upper_Austria.html
