attraction_name, attraction_rate, attraction_type, attraction_url, attraction_parent_url
Gospa od Prizidnice, 4.5, Sights & Landmarks, /Attraction_Review-g2034474-d5513028-Reviews-Gospa_od_Prizidnice-Slatine_Ciovo_Island_Split_Dalmatia_County_Dalmatia.html, /Attractions-g2034474-Activities-Slatine_Ciovo_Island_Split_Dalmatia_County_Dalmatia.html
Nakiros Boat Rental, 5.0, Boat Tours & Water Sports, /Attraction_Review-g2034474-d12176354-Reviews-Nakiros_Boat_Rental-Slatine_Ciovo_Island_Split_Dalmatia_County_Dalmatia.html, /Attractions-g2034474-Activities-Slatine_Ciovo_Island_Split_Dalmatia_County_Dalmatia.html
Kava Beach, 5.0, Nature & Parks, /Attraction_Review-g2034474-d21251122-Reviews-Kava_Beach-Slatine_Ciovo_Island_Split_Dalmatia_County_Dalmatia.html, /Attractions-g2034474-Activities-Slatine_Ciovo_Island_Split_Dalmatia_County_Dalmatia.html
Bura Line Boat Excursions&& Private Trips and Rentals, 5.0, Boat Tours & Water Sports, /Attraction_Review-g2034474-d20168827-Reviews-Bura_Line_Boat_Excursions_Private_Trips_and_Rentals-Slatine_Ciovo_Island_Split_.html, /Attractions-g2034474-Activities-Slatine_Ciovo_Island_Split_Dalmatia_County_Dalmatia.html
Čiovo - Slatine - Central Dalmatia Croatia - Bike Tracks, None, Nature & Parks, /Attraction_Review-g2034474-d20975283-Reviews-Ciovo_Slatine_Central_Dalmatia_Croatia_Bike_Tracks-Slatine_Ciovo_Island_Split_D.html, /Attractions-g2034474-Activities-Slatine_Ciovo_Island_Split_Dalmatia_County_Dalmatia.html
Čiovo - Slatine - Central Dalmatia Croatia - Theme Trails, None, Sights & Landmarks, /Attraction_Review-g2034474-d20954173-Reviews-Ciovo_Slatine_Central_Dalmatia_Croatia_Theme_Trails-Slatine_Ciovo_Island_Split_.html, /Attractions-g2034474-Activities-Slatine_Ciovo_Island_Split_Dalmatia_County_Dalmatia.html
