attraction_name, attraction_rate, attraction_type, attraction_url, attraction_parent_url
Tatinja Beach, 4.5, Nature & Parks, /Attraction_Review-g3380066-d10838911-Reviews-Tatinja_Beach-Karlobag_Lika_Senj_County.html, /Attractions-g3380066-Activities-Karlobag_Lika_Senj_County.html
Kubus&& Ura, 4.5, Sights & Landmarks, /Attraction_Review-g3380066-d12911029-Reviews-Kubus_Ura-Karlobag_Lika_Senj_County.html, /Attractions-g3380066-Activities-Karlobag_Lika_Senj_County.html
Madi Tours, 4.5, Boat Tours & Water Sports, /Attraction_Review-g3380066-d14552880-Reviews-Madi_Tours-Karlobag_Lika_Senj_County.html, /Attractions-g3380066-Activities-Karlobag_Lika_Senj_County.html
Monastery of St. Joseph, None, Sights & Landmarks, /Attraction_Review-g3380066-d17416340-Reviews-Monastery_of_St_Joseph-Karlobag_Lika_Senj_County.html, /Attractions-g3380066-Activities-Karlobag_Lika_Senj_County.html
Kapela Blazene Djevice Marije od sedam zalosti, None, Sights & Landmarks, /Attraction_Review-g3380066-d20811293-Reviews-Kapela_Blazene_Djevice_Marije_od_sedam_zalosti-Karlobag_Lika_Senj_County.html, /Attractions-g3380066-Activities-Karlobag_Lika_Senj_County.html
