attraction_name, attraction_rate, attraction_type, attraction_url, attraction_parent_url
Roko Adventure, 5.0, Tours, /Attraction_Review-g3454811-d17708223-Reviews-Roko_Adventure-Zuljana_Dubrovnik_Neretva_County_Dalmatia.html, /Attractions-g3454811-Activities-Zuljana_Dubrovnik_Neretva_County_Dalmatia.html
Watersport Blue planet, 5.0, Boat Tours & Water Sports, /Attraction_Review-g3454811-d17771589-Reviews-Watersport_Blue_planet-Zuljana_Dubrovnik_Neretva_County_Dalmatia.html, /Attractions-g3454811-Activities-Zuljana_Dubrovnik_Neretva_County_Dalmatia.html
Lopin &amp; Co Diving Center, 4.0, Boat Tours & Water Sports, /Attraction_Review-g3454811-d7075274-Reviews-Lopin_Co_Diving_Center-Zuljana_Dubrovnik_Neretva_County_Dalmatia.html, /Attractions-g3454811-Activities-Zuljana_Dubrovnik_Neretva_County_Dalmatia.html
Tour boat 'Marija', None, Food & Drink, /Attraction_Review-g3454811-d17543669-Reviews-Tour_boat_Marija-Zuljana_Dubrovnik_Neretva_County_Dalmatia.html, /Attractions-g3454811-Activities-Zuljana_Dubrovnik_Neretva_County_Dalmatia.html
