attraction_name, attraction_rate, attraction_type, attraction_url, attraction_parent_url
Vina Visintin, 4.0, Food & Drink, /Attraction_Review-g736586-d15105704-Reviews-Vina_Visintin-Livade_Istria.html, /Attractions-g736586-Activities-Livade_Istria.html
Istrian Thermal Resort, 3.0, Nature & Parks, /Attraction_Review-g736586-d3202908-Reviews-Istrian_Thermal_Resort-Livade_Istria.html, /Attractions-g736586-Activities-Livade_Istria.html
Ipša, 5.0, Shopping, /Attraction_Review-g736586-d10332484-Reviews-Ipsa-Livade_Istria.html, /Attractions-g736586-Activities-Livade_Istria.html
Medea - Janković, 5.0, Shopping, /Attraction_Review-g736586-d10534040-Reviews-Medea_Jankovic-Livade_Istria.html, /Attractions-g736586-Activities-Livade_Istria.html
Indigo Sun - obrt za njegu i odrzavanje tijela, None, Spas & Wellness, /Attraction_Review-g736586-d6839575-Reviews-Indigo_Sun_obrt_za_njegu_i_odrzavanje_tijela-Livade_Istria.html, /Attractions-g736586-Activities-Livade_Istria.html
