attraction_name, attraction_rate, attraction_type, attraction_url, attraction_parent_url
Grabovac Winery, 5.0, Food & Drink, /Attraction_Review-g8310247-d8305772-Reviews-Grabovac_Winery-Donji_Prolozac_Split_Dalmatia_County_Dalmatia.html, /Attractions-g8310247-Activities-Donji_Prolozac_Split_Dalmatia_County_Dalmatia.html
Imotski - Eko Grabovac - sv. Roko - Duzeli - Bike Tracks, None, Nature & Parks, /Attraction_Review-g8310247-d20968362-Reviews-Imotski_Eko_Grabovac_sv_Roko_Duzeli_Bike_Tracks-Donji_Prolozac_Split_Dalmatia_C.html, /Attractions-g8310247-Activities-Donji_Prolozac_Split_Dalmatia_County_Dalmatia.html
Badnjevica Central Dalmatia Croatia Theme Trail, None, Sights & Landmarks, /Attraction_Review-g8310247-d20993197-Reviews-Badnjevica_Central_Dalmatia_Croatia_Theme_Trail-Donji_Prolozac_Split_Dalmatia_C.html, /Attractions-g8310247-Activities-Donji_Prolozac_Split_Dalmatia_County_Dalmatia.html
Imotski - Srcem Polja - Central Dalmatia Croatia - Bike Tracks, None, Nature & Parks, /Attraction_Review-g8310247-d21229953-Reviews-Imotski_Srcem_Polja_Central_Dalmatia_Croatia_Bike_Tracks-Donji_Prolozac_Split_D.html, /Attractions-g8310247-Activities-Donji_Prolozac_Split_Dalmatia_County_Dalmatia.html
Imotski - Srcem Polja - Central Dalmatia Croatia - Bike Tracks, None, Nature & Parks, /Attraction_Review-g8310247-d21072402-Reviews-Imotski_Srcem_Polja_Central_Dalmatia_Croatia_Bike_Tracks-Donji_Prolozac_Split_D.html, /Attractions-g8310247-Activities-Donji_Prolozac_Split_Dalmatia_County_Dalmatia.html
