attraction_name, attraction_rate, attraction_type, attraction_url, attraction_parent_url
Pupnatska Luca Beach, 4.5, Nature & Parks, /Attraction_Review-g1007309-d7720745-Reviews-Pupnatska_Luca_Beach-Korcula_Town_Korcula_Island_Dubrovnik_Neretva_County_Dalmat.html, /Attractions-g1007309-Activities-Korcula_Town_Korcula_Island_Dubrovnik_Neretva_County_Dalmatia.html
St. Mark's Cathedral, 4.5, Sights & Landmarks, /Attraction_Review-g1007309-d7177582-Reviews-St_Mark_s_Cathedral-Korcula_Town_Korcula_Island_Dubrovnik_Neretva_County_Dalmati.html, /Attractions-g1007309-Activities-Korcula_Town_Korcula_Island_Dubrovnik_Neretva_County_Dalmatia.html
Korcula Town Walls, 4.5, Sights & Landmarks, /Attraction_Review-g1007309-d12901256-Reviews-Korcula_Town_Walls-Korcula_Town_Korcula_Island_Dubrovnik_Neretva_County_Dalmati.html, /Attractions-g1007309-Activities-Korcula_Town_Korcula_Island_Dubrovnik_Neretva_County_Dalmatia.html
Revelin Tower, 4.5, Sights & Landmarks, /Attraction_Review-g1007309-d10717194-Reviews-Revelin_Tower-Korcula_Town_Korcula_Island_Dubrovnik_Neretva_County_Dalmatia.html, /Attractions-g1007309-Activities-Korcula_Town_Korcula_Island_Dubrovnik_Neretva_County_Dalmatia.html
Marco Polo Museum, 3.5, Museums, /Attraction_Review-g1007309-d5777599-Reviews-Marco_Polo_Museum-Korcula_Town_Korcula_Island_Dubrovnik_Neretva_County_Dalmatia.html, /Attractions-g1007309-Activities-Korcula_Town_Korcula_Island_Dubrovnik_Neretva_County_Dalmatia.html
Korcula Water Taxi, 4.0, Transportation, /Attraction_Review-g1007309-d15229558-Reviews-Korcula_Water_Taxi-Korcula_Town_Korcula_Island_Dubrovnik_Neretva_County_Dalmati.html, /Attractions-g1007309-Activities-Korcula_Town_Korcula_Island_Dubrovnik_Neretva_County_Dalmatia.html
Zakerja Tower, 4.0, Sights & Landmarks, /Attraction_Review-g1007309-d12936752-Reviews-Zakerja_Tower-Korcula_Town_Korcula_Island_Dubrovnik_Neretva_County_Dalmatia.html, /Attractions-g1007309-Activities-Korcula_Town_Korcula_Island_Dubrovnik_Neretva_County_Dalmatia.html
Vapor gallery, 4.5, Museums, /Attraction_Review-g1007309-d8148108-Reviews-Vapor_gallery-Korcula_Town_Korcula_Island_Dubrovnik_Neretva_County_Dalmatia.html, /Attractions-g1007309-Activities-Korcula_Town_Korcula_Island_Dubrovnik_Neretva_County_Dalmatia.html
Korcula Town Museum, 4.0, Museums, /Attraction_Review-g1007309-d6123165-Reviews-Korcula_Town_Museum-Korcula_Town_Korcula_Island_Dubrovnik_Neretva_County_Dalmati.html, /Attractions-g1007309-Activities-Korcula_Town_Korcula_Island_Dubrovnik_Neretva_County_Dalmatia.html
Atelier Abel, 5.0, Sights & Landmarks, /Attraction_Review-g1007309-d4456202-Reviews-Atelier_Abel-Korcula_Town_Korcula_Island_Dubrovnik_Neretva_County_Dalmatia.html, /Attractions-g1007309-Activities-Korcula_Town_Korcula_Island_Dubrovnik_Neretva_County_Dalmatia.html
Kula Svih Svetih, 4.0, Sights & Landmarks, /Attraction_Review-g1007309-d12909726-Reviews-Kula_Svih_Svetih-Korcula_Town_Korcula_Island_Dubrovnik_Neretva_County_Dalmatia.html, /Attractions-g1007309-Activities-Korcula_Town_Korcula_Island_Dubrovnik_Neretva_County_Dalmatia.html
Sveti Mihovil, 4.0, Sights & Landmarks, /Attraction_Review-g1007309-d8837218-Reviews-Sveti_Mihovil-Korcula_Town_Korcula_Island_Dubrovnik_Neretva_County_Dalmatia.html, /Attractions-g1007309-Activities-Korcula_Town_Korcula_Island_Dubrovnik_Neretva_County_Dalmatia.html
Forteca, 3.5, Sights & Landmarks, /Attraction_Review-g1007309-d12350473-Reviews-Forteca-Korcula_Town_Korcula_Island_Dubrovnik_Neretva_County_Dalmatia.html, /Attractions-g1007309-Activities-Korcula_Town_Korcula_Island_Dubrovnik_Neretva_County_Dalmatia.html
ACI Marina Korcula, 2.5, Nature & Parks, /Attraction_Review-g1007309-d12790996-Reviews-ACI_Marina_Korcula-Korcula_Town_Korcula_Island_Dubrovnik_Neretva_County_Dalmati.html, /Attractions-g1007309-Activities-Korcula_Town_Korcula_Island_Dubrovnik_Neretva_County_Dalmatia.html
Velika Knezeva Kula, 4.5, Sights & Landmarks, /Attraction_Review-g1007309-d12901193-Reviews-Velika_Knezeva_Kula-Korcula_Town_Korcula_Island_Dubrovnik_Neretva_County_Dalmat.html, /Attractions-g1007309-Activities-Korcula_Town_Korcula_Island_Dubrovnik_Neretva_County_Dalmatia.html
Church Sveti Petar, 4.0, Sights & Landmarks, /Attraction_Review-g1007309-d13238961-Reviews-Church_Sveti_Petar-Korcula_Town_Korcula_Island_Dubrovnik_Neretva_County_Dalmati.html, /Attractions-g1007309-Activities-Korcula_Town_Korcula_Island_Dubrovnik_Neretva_County_Dalmatia.html
Tower Kanalevic, 4.0, Sights & Landmarks, /Attraction_Review-g1007309-d12909727-Reviews-Tower_Kanalevic-Korcula_Town_Korcula_Island_Dubrovnik_Neretva_County_Dalmatia.html, /Attractions-g1007309-Activities-Korcula_Town_Korcula_Island_Dubrovnik_Neretva_County_Dalmatia.html
Kula Morska Vrata, 4.5, Sights & Landmarks, /Attraction_Review-g1007309-d12908678-Reviews-Kula_Morska_Vrata-Korcula_Town_Korcula_Island_Dubrovnik_Neretva_County_Dalmatia.html, /Attractions-g1007309-Activities-Korcula_Town_Korcula_Island_Dubrovnik_Neretva_County_Dalmatia.html
Icon Museum, 4.0, Museums, /Attraction_Review-g1007309-d13206548-Reviews-Icon_Museum-Korcula_Town_Korcula_Island_Dubrovnik_Neretva_County_Dalmatia.html, /Attractions-g1007309-Activities-Korcula_Town_Korcula_Island_Dubrovnik_Neretva_County_Dalmatia.html
Church Gospojina, 4.0, Sights & Landmarks, /Attraction_Review-g1007309-d13207175-Reviews-Church_Gospojina-Korcula_Town_Korcula_Island_Dubrovnik_Neretva_County_Dalmatia.html, /Attractions-g1007309-Activities-Korcula_Town_Korcula_Island_Dubrovnik_Neretva_County_Dalmatia.html
Bishop's Treasury Museum, 3.5, Museums, /Attraction_Review-g1007309-d13238901-Reviews-Bishop_s_Treasury_Museum-Korcula_Town_Korcula_Island_Dubrovnik_Neretva_County_D.html, /Attractions-g1007309-Activities-Korcula_Town_Korcula_Island_Dubrovnik_Neretva_County_Dalmatia.html
Gabrielis Palace, 4.0, Sights & Landmarks, /Attraction_Review-g1007309-d13238937-Reviews-Gabrielis_Palace-Korcula_Town_Korcula_Island_Dubrovnik_Neretva_County_Dalmatia.html, /Attractions-g1007309-Activities-Korcula_Town_Korcula_Island_Dubrovnik_Neretva_County_Dalmatia.html
Bishops Palace, 4.0, Sights & Landmarks, /Attraction_Review-g1007309-d13206465-Reviews-Bishops_Palace-Korcula_Town_Korcula_Island_Dubrovnik_Neretva_County_Dalmatia.html, /Attractions-g1007309-Activities-Korcula_Town_Korcula_Island_Dubrovnik_Neretva_County_Dalmatia.html
Church Svih Svetih, 4.5, Sights & Landmarks, /Attraction_Review-g1007309-d13202647-Reviews-Church_Svih_Svetih-Korcula_Town_Korcula_Island_Dubrovnik_Neretva_County_Dalmati.html, /Attractions-g1007309-Activities-Korcula_Town_Korcula_Island_Dubrovnik_Neretva_County_Dalmatia.html
Mala Kneźeva Kula, 4.0, Sights & Landmarks, /Attraction_Review-g1007309-d12934673-Reviews-Mala_Knezeva_Kula-Korcula_Town_Korcula_Island_Dubrovnik_Neretva_County_Dalmatia.html, /Attractions-g1007309-Activities-Korcula_Town_Korcula_Island_Dubrovnik_Neretva_County_Dalmatia.html
Arneri Palace, 3.5, Sights & Landmarks, /Attraction_Review-g1007309-d13206471-Reviews-Arneri_Palace-Korcula_Town_Korcula_Island_Dubrovnik_Neretva_County_Dalmatia.html, /Attractions-g1007309-Activities-Korcula_Town_Korcula_Island_Dubrovnik_Neretva_County_Dalmatia.html
Park Foretic, 3.5, Nature & Parks, /Attraction_Review-g1007309-d10347993-Reviews-Park_Foretic-Korcula_Town_Korcula_Island_Dubrovnik_Neretva_County_Dalmatia.html, /Attractions-g1007309-Activities-Korcula_Town_Korcula_Island_Dubrovnik_Neretva_County_Dalmatia.html
Crkva Svete Justine, 4.5, Sights & Landmarks, /Attraction_Review-g1007309-d17853547-Reviews-Crkva_Svete_Justine-Korcula_Town_Korcula_Island_Dubrovnik_Neretva_County_Dalmat.html, /Attractions-g1007309-Activities-Korcula_Town_Korcula_Island_Dubrovnik_Neretva_County_Dalmatia.html
MONO art, 4.0, Traveller Resources, /Attraction_Review-g1007309-d10373814-Reviews-MONO_art-Korcula_Town_Korcula_Island_Dubrovnik_Neretva_County_Dalmatia.html, /Attractions-g1007309-Activities-Korcula_Town_Korcula_Island_Dubrovnik_Neretva_County_Dalmatia.html
Loggia, 3.5, Sights & Landmarks, /Attraction_Review-g1007309-d13206200-Reviews-Loggia-Korcula_Town_Korcula_Island_Dubrovnik_Neretva_County_Dalmatia.html, /Attractions-g1007309-Activities-Korcula_Town_Korcula_Island_Dubrovnik_Neretva_County_Dalmatia.html
