attraction_name, attraction_rate, attraction_type, attraction_url, attraction_parent_url
Ethno Museum Barilo, 4.5, Museums, /Attraction_Review-g651684-d10865634-Reviews-Ethno_Museum_Barilo-Blato_Korcula_Island_Dubrovnik_Neretva_County_Dalmatia.html, /Attractions-g651684-Activities-Blato_Korcula_Island_Dubrovnik_Neretva_County_Dalmatia.html
As Adventure, 5.0, Boat Tours & Water Sports, /Attraction_Review-g651684-d12550548-Reviews-As_Adventure-Blato_Korcula_Island_Dubrovnik_Neretva_County_Dalmatia.html, /Attractions-g651684-Activities-Blato_Korcula_Island_Dubrovnik_Neretva_County_Dalmatia.html
Zlatna Rijeka, 5.0, Boat Tours & Water Sports, /Attraction_Review-g651684-d14032713-Reviews-Zlatna_Rijeka-Blato_Korcula_Island_Dubrovnik_Neretva_County_Dalmatia.html, /Attractions-g651684-Activities-Blato_Korcula_Island_Dubrovnik_Neretva_County_Dalmatia.html
Zal, None, Outdoor Activities, /Attraction_Review-g651684-d13802324-Reviews-Zal-Blato_Korcula_Island_Dubrovnik_Neretva_County_Dalmatia.html, /Attractions-g651684-Activities-Blato_Korcula_Island_Dubrovnik_Neretva_County_Dalmatia.html
Blato 1902 d. d., None, Food & Drink, /Attraction_Review-g651684-d15967332-Reviews-Blato_1902_d_d-Blato_Korcula_Island_Dubrovnik_Neretva_County_Dalmatia.html, /Attractions-g651684-Activities-Blato_Korcula_Island_Dubrovnik_Neretva_County_Dalmatia.html
