attraction_name, attraction_rate, attraction_type, attraction_url, attraction_parent_url
Juraj Dobrila Memorial, 4.5, Sights & Landmarks, /Attraction_Review-g303829-d8545915-Reviews-Juraj_Dobrila_Memorial-Porec_Istria.html, /Attractions-g303829-Activities-Porec_Istria.html
Plava Laguna Beach, 4.5, Nature & Parks, /Attraction_Review-g303829-d17821212-Reviews-Plava_Laguna_Beach-Porec_Istria.html, /Attractions-g303829-Activities-Porec_Istria.html
Town Hall, 3.5, Sights & Landmarks, /Attraction_Review-g303829-d16409907-Reviews-Town_Hall-Porec_Istria.html, /Attractions-g303829-Activities-Porec_Istria.html
Traktor Story, 4.5, Museums, /Attraction_Review-g1190313-d6995228-Reviews-Traktor_Story-Nova_Vas_Porec_Istria.html, /Attractions-g303829-Activities-Porec_Istria.html
Istrian Assembly Hall, 4.0, Sights & Landmarks, /Attraction_Review-g303829-d554773-Reviews-Istrian_Assembly_Hall-Porec_Istria.html, /Attractions-g303829-Activities-Porec_Istria.html
Labyrinth Novi Vinodolski, 5.0, Sights & Landmarks, /Attraction_Review-g303829-d7608806-Reviews-Labyrinth_Novi_Vinodolski-Porec_Istria.html, /Attractions-g303829-Activities-Porec_Istria.html
North Defense Tower, 3.0, Sights & Landmarks, /Attraction_Review-g303829-d9665435-Reviews-North_Defense_Tower-Porec_Istria.html, /Attractions-g303829-Activities-Porec_Istria.html
Hillfort Mordele, 4.0, Sights & Landmarks, /Attraction_Review-g303829-d7052121-Reviews-Hillfort_Mordele-Porec_Istria.html, /Attractions-g303829-Activities-Porec_Istria.html
The Gothic Palace, 3.5, Sights & Landmarks, /Attraction_Review-g303829-d17295280-Reviews-The_Gothic_Palace-Porec_Istria.html, /Attractions-g303829-Activities-Porec_Istria.html
Canon’s House, 3.5, Sights & Landmarks, /Attraction_Review-g303829-d9606169-Reviews-Canon_s_House-Porec_Istria.html, /Attractions-g303829-Activities-Porec_Istria.html
Vergottini Palace, 3.0, Sights & Landmarks, /Attraction_Review-g303829-d17292113-Reviews-Vergottini_Palace-Porec_Istria.html, /Attractions-g303829-Activities-Porec_Istria.html
Baredin Cave, 4.5, Sights & Landmarks, /Attraction_Review-g1190313-d13406378-Reviews-Baredin_Cave-Nova_Vas_Porec_Istria.html, /Attractions-g303829-Activities-Porec_Istria.html
Grada Siofoka Park, None, Nature & Parks, /Attraction_Review-g303829-d9605928-Reviews-Grada_Siofoka_Park-Porec_Istria.html, /Attractions-g303829-Activities-Porec_Istria.html
Bullwarks Medievals, None, Sights & Landmarks, /Attraction_Review-g303829-d9605988-Reviews-Bullwarks_Medievals-Porec_Istria.html, /Attractions-g303829-Activities-Porec_Istria.html
Admiral Automat Klub Poreč, None, Casinos & Gambling, /Attraction_Review-g303829-d12298236-Reviews-Admiral_Automat_Klub_Porec-Porec_Istria.html, /Attractions-g303829-Activities-Porec_Istria.html
House of Frescoes, None, Museums, /Attraction_Review-g303829-d13335888-Reviews-House_of_Frescoes-Porec_Istria.html, /Attractions-g303829-Activities-Porec_Istria.html
SENATOR, None, Casinos & Gambling, /Attraction_Review-g303829-d14920217-Reviews-SENATOR-Porec_Istria.html, /Attractions-g303829-Activities-Porec_Istria.html
Materada Tennis, None, Fun & Games, /Attraction_Review-g303829-d14047493-Reviews-Materada_Tennis-Porec_Istria.html, /Attractions-g303829-Activities-Porec_Istria.html
Cathedral Badilica of the Assumption of Mary&& Poreč, None, Sights & Landmarks, /Attraction_Review-g303829-d18716827-Reviews-Cathedral_Badilica_of_the_Assumption_of_Mary_Porec-Porec_Istria.html, /Attractions-g303829-Activities-Porec_Istria.html
