attraction_name, attraction_rate, attraction_type, attraction_url, attraction_parent_url
Porec Old Town, 4.5, Sights & Landmarks, /Attraction_Review-g303829-d523222-Reviews-Porec_Old_Town-Porec_Istria.html, /Attractions-g303829-Activities-Porec_Istria.html
Jama - Grotta Baredine, 4.5, Nature & Parks, /Attraction_Review-g303829-d554772-Reviews-Jama_Grotta_Baredine-Porec_Istria.html, /Attractions-g303829-Activities-Porec_Istria.html
Euphrasius Basilica, 4.5, Sights & Landmarks, /Attraction_Review-g303829-d319594-Reviews-Euphrasius_Basilica-Porec_Istria.html, /Attractions-g303829-Activities-Porec_Istria.html
Aquapark Aquacolors Poreč, 4.0, Water & Amusement Parks, /Attraction_Review-g303829-d8284161-Reviews-Aquapark_Aquacolors_Porec-Porec_Istria.html, /Attractions-g303829-Activities-Porec_Istria.html
MOTODROM Porec, 4.5, Sights & Landmarks, /Attraction_Review-g303829-d7757249-Reviews-MOTODROM_Porec-Porec_Istria.html, /Attractions-g303829-Activities-Porec_Istria.html
Venezia Lines, 4.0, Transportation, /Attraction_Review-g303829-d2424195-Reviews-Venezia_Lines-Porec_Istria.html, /Attractions-g303829-Activities-Porec_Istria.html
Decumanus Street, 4.0, Sights & Landmarks, /Attraction_Review-g303829-d7984088-Reviews-Decumanus_Street-Porec_Istria.html, /Attractions-g303829-Activities-Porec_Istria.html
Damjanic Wines, 5.0, Food & Drink, /Attraction_Review-g303829-d9821179-Reviews-Damjanic_Wines-Porec_Istria.html, /Attractions-g303829-Activities-Porec_Istria.html
Round Tower, 4.0, Sights & Landmarks, /Attraction_Review-g303829-d554777-Reviews-Round_Tower-Porec_Istria.html, /Attractions-g303829-Activities-Porec_Istria.html
Adventure Park Sky Fox, 4.5, Water & Amusement Parks, /Attraction_Review-g303829-d8725969-Reviews-Adventure_Park_Sky_Fox-Porec_Istria.html, /Attractions-g303829-Activities-Porec_Istria.html
Plava Laguna, 4.5, Nature & Parks, /Attraction_Review-g303829-d15010445-Reviews-Plava_Laguna-Porec_Istria.html, /Attractions-g303829-Activities-Porec_Istria.html
Porec Aquarium, 2.5, Zoos & Aquariums, /Attraction_Review-g303829-d3178784-Reviews-Porec_Aquarium-Porec_Istria.html, /Attractions-g303829-Activities-Porec_Istria.html
Pentagonal Tower, 4.0, Museums, /Attraction_Review-g303829-d554776-Reviews-Pentagonal_Tower-Porec_Istria.html, /Attractions-g303829-Activities-Porec_Istria.html
Romanesque House, 4.0, Sights & Landmarks, /Attraction_Review-g303829-d554774-Reviews-Romanesque_House-Porec_Istria.html, /Attractions-g303829-Activities-Porec_Istria.html
Church of Our Lady of the Angels, 3.5, Sights & Landmarks, /Attraction_Review-g303829-d5371565-Reviews-Church_of_Our_Lady_of_the_Angels-Porec_Istria.html, /Attractions-g303829-Activities-Porec_Istria.html
Bura Brew, 5.0, Food & Drink, /Attraction_Review-g303829-d10190849-Reviews-Bura_Brew-Porec_Istria.html, /Attractions-g303829-Activities-Porec_Istria.html
Kart Cross Dirt Racing, 4.5, Sights & Landmarks, /Attraction_Review-g303829-d6785234-Reviews-Kart_Cross_Dirt_Racing-Porec_Istria.html, /Attractions-g303829-Activities-Porec_Istria.html
Marafor Square, 4.0, Sights & Landmarks, /Attraction_Review-g303829-d7984107-Reviews-Marafor_Square-Porec_Istria.html, /Attractions-g303829-Activities-Porec_Istria.html
Grad Poreč, 4.5, Sights & Landmarks, /Attraction_Review-g303829-d8545914-Reviews-Grad_Porec-Porec_Istria.html, /Attractions-g303829-Activities-Porec_Istria.html
Roman Ruins, 3.5, Sights & Landmarks, /Attraction_Review-g303829-d8557253-Reviews-Roman_Ruins-Porec_Istria.html, /Attractions-g303829-Activities-Porec_Istria.html
Zuccato Palace, 4.0, Sights & Landmarks, /Attraction_Review-g303829-d8643465-Reviews-Zuccato_Palace-Porec_Istria.html, /Attractions-g303829-Activities-Porec_Istria.html
Obala Marsala Tita, 3.5, Sights & Landmarks, /Attraction_Review-g303829-d9605991-Reviews-Obala_Marsala_Tita-Porec_Istria.html, /Attractions-g303829-Activities-Porec_Istria.html
Eufrazijeva Street, 4.5, Sights & Landmarks, /Attraction_Review-g303829-d9606170-Reviews-Eufrazijeva_Street-Porec_Istria.html, /Attractions-g303829-Activities-Porec_Istria.html
Joakim Rakovac Memorial, 4.0, Sights & Landmarks, /Attraction_Review-g303829-d8545911-Reviews-Joakim_Rakovac_Memorial-Porec_Istria.html, /Attractions-g303829-Activities-Porec_Istria.html
Sincic Palace, 4.0, Sights & Landmarks, /Attraction_Review-g303829-d7984096-Reviews-Sincic_Palace-Porec_Istria.html, /Attractions-g303829-Activities-Porec_Istria.html
House of Two Saints, 4.0, Sights & Landmarks, /Attraction_Review-g303829-d7984100-Reviews-House_of_Two_Saints-Porec_Istria.html, /Attractions-g303829-Activities-Porec_Istria.html
Porec Ferry Port, 3.5, Sights & Landmarks, /Attraction_Review-g303829-d9606171-Reviews-Porec_Ferry_Port-Porec_Istria.html, /Attractions-g303829-Activities-Porec_Istria.html
Lion Gothic House, 3.5, Sights & Landmarks, /Attraction_Review-g303829-d9606177-Reviews-Lion_Gothic_House-Porec_Istria.html, /Attractions-g303829-Activities-Porec_Istria.html
Riva Shopping Mall, 2.0, Shopping, /Attraction_Review-g303829-d9857033-Reviews-Riva_Shopping_Mall-Porec_Istria.html, /Attractions-g303829-Activities-Porec_Istria.html
Obala Matka Laginje Square, 4.0, Sights & Landmarks, /Attraction_Review-g303829-d9605990-Reviews-Obala_Matka_Laginje_Square-Porec_Istria.html, /Attractions-g303829-Activities-Porec_Istria.html
