attraction_name, attraction_rate, attraction_type, attraction_url, attraction_parent_url
Arman Marijan Winery, 5.0, Food & Drink, /Attraction_Review-g3487380-d7059310-Reviews-Arman_Marijan_Winery-Vizinada_Istria.html, /Attractions-g3487380-Activities-Vizinada_Istria.html
Rossi Winery, 5.0, Food & Drink, /Attraction_Review-g3487380-d12694385-Reviews-Rossi_Winery-Vizinada_Istria.html, /Attractions-g3487380-Activities-Vizinada_Istria.html
Franc Arman Winery, 4.5, Food & Drink, /Attraction_Review-g3487380-d10199135-Reviews-Franc_Arman_Winery-Vizinada_Istria.html, /Attractions-g3487380-Activities-Vizinada_Istria.html
Vina Deklic, 4.5, Food & Drink, /Attraction_Review-g3487380-d13121169-Reviews-Vina_Deklic-Vizinada_Istria.html, /Attractions-g3487380-Activities-Vizinada_Istria.html
OH Wines, 5.0, Food & Drink, /Attraction_Review-g3487380-d15322661-Reviews-OH_Wines-Vizinada_Istria.html, /Attractions-g3487380-Activities-Vizinada_Istria.html
Gerzinic, 4.5, Food & Drink, /Attraction_Review-g3487380-d6897372-Reviews-Gerzinic-Vizinada_Istria.html, /Attractions-g3487380-Activities-Vizinada_Istria.html
Pino Rossi Vina, 5.0, Food & Drink, /Attraction_Review-g3487380-d13172844-Reviews-Pino_Rossi_Vina-Vizinada_Istria.html, /Attractions-g3487380-Activities-Vizinada_Istria.html
Sosich Wines, 5.0, Food & Drink, /Attraction_Review-g3487380-d17780725-Reviews-Sosich_Wines-Vizinada_Istria.html, /Attractions-g3487380-Activities-Vizinada_Istria.html
