attraction_name, attraction_rate, attraction_type, attraction_url, attraction_parent_url
Providenca Tematski Vidikovac, 4.5, Sights & Landmarks, /Attraction_Review-g297514-d10671216-Reviews-Providenca_Tematski_Vidikovac-Mali_Losinj_Losinj_Island_Kvarner_Bay_Islands_Prim.html, /Attractions-g297514-Activities-Mali_Losinj_Losinj_Island_Kvarner_Bay_Islands_Primorje_Gorski_Kotar_County.html
Muzej Apoksiomena, 4.5, Museums, /Attraction_Review-g297514-d10458557-Reviews-Muzej_Apoksiomena-Mali_Losinj_Losinj_Island_Kvarner_Bay_Islands_Primorje_Gorski_.html, /Attractions-g297514-Activities-Mali_Losinj_Losinj_Island_Kvarner_Bay_Islands_Primorje_Gorski_Kotar_County.html
Cikat Forest Park, 4.5, Nature & Parks, /Attraction_Review-g297514-d2318766-Reviews-Cikat_Forest_Park-Mali_Losinj_Losinj_Island_Kvarner_Bay_Islands_Primorje_Gorski_K.html, /Attractions-g297514-Activities-Mali_Losinj_Losinj_Island_Kvarner_Bay_Islands_Primorje_Gorski_Kotar_County.html
Aquapark Cikat, 4.0, Water & Amusement Parks, /Attraction_Review-g297514-d8600291-Reviews-Aquapark_Cikat-Mali_Losinj_Losinj_Island_Kvarner_Bay_Islands_Primorje_Gorski_Kota.html, /Attractions-g297514-Activities-Mali_Losinj_Losinj_Island_Kvarner_Bay_Islands_Primorje_Gorski_Kotar_County.html
Zabodarski Beach, 4.5, Nature & Parks, /Attraction_Review-g297514-d10607224-Reviews-Zabodarski_Beach-Mali_Losinj_Losinj_Island_Kvarner_Bay_Islands_Primorje_Gorski_K.html, /Attractions-g297514-Activities-Mali_Losinj_Losinj_Island_Kvarner_Bay_Islands_Primorje_Gorski_Kotar_County.html
Veli Zal Beach, 4.0, Nature & Parks, /Attraction_Review-g297514-d10607215-Reviews-Veli_Zal_Beach-Mali_Losinj_Losinj_Island_Kvarner_Bay_Islands_Primorje_Gorski_Kot.html, /Attractions-g297514-Activities-Mali_Losinj_Losinj_Island_Kvarner_Bay_Islands_Primorje_Gorski_Kotar_County.html
Plieski, 4.5, Nature & Parks, /Attraction_Review-g297514-d3395908-Reviews-Plieski-Mali_Losinj_Losinj_Island_Kvarner_Bay_Islands_Primorje_Gorski_Kotar_Count.html, /Attractions-g297514-Activities-Mali_Losinj_Losinj_Island_Kvarner_Bay_Islands_Primorje_Gorski_Kotar_County.html
The Lošinj Aromatic Garden, 4.0, Nature & Parks, /Attraction_Review-g297514-d2318767-Reviews-The_Losinj_Aromatic_Garden-Mali_Losinj_Losinj_Island_Kvarner_Bay_Islands_Primorje.html, /Attractions-g297514-Activities-Mali_Losinj_Losinj_Island_Kvarner_Bay_Islands_Primorje_Gorski_Kotar_County.html
Spiaggia Naturista FKK, 4.0, Nature & Parks, /Attraction_Review-g297514-d7018164-Reviews-Spiaggia_Naturista_FKK-Mali_Losinj_Losinj_Island_Kvarner_Bay_Islands_Primorje_Gor.html, /Attractions-g297514-Activities-Mali_Losinj_Losinj_Island_Kvarner_Bay_Islands_Primorje_Gorski_Kotar_County.html
Valdarke Beach, 4.5, Nature & Parks, /Attraction_Review-g297514-d12874881-Reviews-Valdarke_Beach-Mali_Losinj_Losinj_Island_Kvarner_Bay_Islands_Primorje_Gorski_Kot.html, /Attractions-g297514-Activities-Mali_Losinj_Losinj_Island_Kvarner_Bay_Islands_Primorje_Gorski_Kotar_County.html
Krivica, 4.0, Nature & Parks, /Attraction_Review-g297514-d3397299-Reviews-Krivica-Mali_Losinj_Losinj_Island_Kvarner_Bay_Islands_Primorje_Gorski_Kotar_Count.html, /Attractions-g297514-Activities-Mali_Losinj_Losinj_Island_Kvarner_Bay_Islands_Primorje_Gorski_Kotar_County.html
Cikat Beach, 4.0, Nature & Parks, /Attraction_Review-g297514-d12919703-Reviews-Cikat_Beach-Mali_Losinj_Losinj_Island_Kvarner_Bay_Islands_Primorje_Gorski_Kotar_.html, /Attractions-g297514-Activities-Mali_Losinj_Losinj_Island_Kvarner_Bay_Islands_Primorje_Gorski_Kotar_County.html
Liska Slatina Beach, 4.0, Nature & Parks, /Attraction_Review-g297514-d10753080-Reviews-Liska_Slatina_Beach-Mali_Losinj_Losinj_Island_Kvarner_Bay_Islands_Primorje_Gorsk.html, /Attractions-g297514-Activities-Mali_Losinj_Losinj_Island_Kvarner_Bay_Islands_Primorje_Gorski_Kotar_County.html
Miomirisni otcki vrt, 4.5, Sights & Landmarks, /Attraction_Review-g297514-d12450013-Reviews-Miomirisni_otcki_vrt-Mali_Losinj_Losinj_Island_Kvarner_Bay_Islands_Primorje_Gors.html, /Attractions-g297514-Activities-Mali_Losinj_Losinj_Island_Kvarner_Bay_Islands_Primorje_Gorski_Kotar_County.html
Meli, 4.0, Nature & Parks, /Attraction_Review-g297514-d3395266-Reviews-Meli-Mali_Losinj_Losinj_Island_Kvarner_Bay_Islands_Primorje_Gorski_Kotar_County.html, /Attractions-g297514-Activities-Mali_Losinj_Losinj_Island_Kvarner_Bay_Islands_Primorje_Gorski_Kotar_County.html
Monte Baston, 4.5, Nature & Parks, /Attraction_Review-g297514-d10759009-Reviews-Monte_Baston-Mali_Losinj_Losinj_Island_Kvarner_Bay_Islands_Primorje_Gorski_Kotar.html, /Attractions-g297514-Activities-Mali_Losinj_Losinj_Island_Kvarner_Bay_Islands_Primorje_Gorski_Kotar_County.html
Cuanguski Beach, 4.5, Nature & Parks, /Attraction_Review-g297514-d15138804-Reviews-Cuanguski_Beach-Mali_Losinj_Losinj_Island_Kvarner_Bay_Islands_Primorje_Gorski_Ko.html, /Attractions-g297514-Activities-Mali_Losinj_Losinj_Island_Kvarner_Bay_Islands_Primorje_Gorski_Kotar_County.html
Uvala Engleza, 4.5, Nature & Parks, /Attraction_Review-g297514-d3395269-Reviews-Uvala_Engleza-Mali_Losinj_Losinj_Island_Kvarner_Bay_Islands_Primorje_Gorski_Kotar.html, /Attractions-g297514-Activities-Mali_Losinj_Losinj_Island_Kvarner_Bay_Islands_Primorje_Gorski_Kotar_County.html
Losinjski Muzej, 4.0, Museums, /Attraction_Review-g297514-d2336076-Reviews-Losinjski_Muzej-Mali_Losinj_Losinj_Island_Kvarner_Bay_Islands_Primorje_Gorski_Kot.html, /Attractions-g297514-Activities-Mali_Losinj_Losinj_Island_Kvarner_Bay_Islands_Primorje_Gorski_Kotar_County.html
Przine, 4.0, Nature & Parks, /Attraction_Review-g297514-d3338563-Reviews-Przine-Mali_Losinj_Losinj_Island_Kvarner_Bay_Islands_Primorje_Gorski_Kotar_County.html, /Attractions-g297514-Activities-Mali_Losinj_Losinj_Island_Kvarner_Bay_Islands_Primorje_Gorski_Kotar_County.html
Church of St. Martin, 4.0, Sights & Landmarks, /Attraction_Review-g297514-d2294590-Reviews-Church_of_St_Martin-Mali_Losinj_Losinj_Island_Kvarner_Bay_Islands_Primorje_Gorski.html, /Attractions-g297514-Activities-Mali_Losinj_Losinj_Island_Kvarner_Bay_Islands_Primorje_Gorski_Kotar_County.html
Bojcic, 4.0, Nature & Parks, /Attraction_Review-g297514-d3395265-Reviews-Bojcic-Mali_Losinj_Losinj_Island_Kvarner_Bay_Islands_Primorje_Gorski_Kotar_County.html, /Attractions-g297514-Activities-Mali_Losinj_Losinj_Island_Kvarner_Bay_Islands_Primorje_Gorski_Kotar_County.html
Trg Republike Fountain, 3.5, Sights & Landmarks, /Attraction_Review-g297514-d2345110-Reviews-Trg_Republike_Fountain-Mali_Losinj_Losinj_Island_Kvarner_Bay_Islands_Primorje_Gor.html, /Attractions-g297514-Activities-Mali_Losinj_Losinj_Island_Kvarner_Bay_Islands_Primorje_Gorski_Kotar_County.html
The Fountain, 3.0, Sights & Landmarks, /Attraction_Review-g297514-d3442153-Reviews-The_Fountain-Mali_Losinj_Losinj_Island_Kvarner_Bay_Islands_Primorje_Gorski_Kotar_.html, /Attractions-g297514-Activities-Mali_Losinj_Losinj_Island_Kvarner_Bay_Islands_Primorje_Gorski_Kotar_County.html
Church of the Nativity of the Virgin, 3.5, Sights & Landmarks, /Attraction_Review-g297514-d2294592-Reviews-Church_of_the_Nativity_of_the_Virgin-Mali_Losinj_Losinj_Island_Kvarner_Bay_Island.html, /Attractions-g297514-Activities-Mali_Losinj_Losinj_Island_Kvarner_Bay_Islands_Primorje_Gorski_Kotar_County.html
The Church of the Annunciation of the Blessed Virgin Mary, 4.0, Sights & Landmarks, /Attraction_Review-g297514-d2318760-Reviews-The_Church_of_the_Annunciation_of_the_Blessed_Virgin_Mary-Mali_Losinj_Losinj_Isla.html, /Attractions-g297514-Activities-Mali_Losinj_Losinj_Island_Kvarner_Bay_Islands_Primorje_Gorski_Kotar_County.html
The Monument to Ambroz Haracic, 3.0, Sights & Landmarks, /Attraction_Review-g297514-d2324782-Reviews-The_Monument_to_Ambroz_Haracic-Mali_Losinj_Losinj_Island_Kvarner_Bay_Islands_Prim.html, /Attractions-g297514-Activities-Mali_Losinj_Losinj_Island_Kvarner_Bay_Islands_Primorje_Gorski_Kotar_County.html
The Church of St. Nicholas, 4.0, Sights & Landmarks, /Attraction_Review-g297514-d2324144-Reviews-The_Church_of_St_Nicholas-Mali_Losinj_Losinj_Island_Kvarner_Bay_Islands_Primorje_.html, /Attractions-g297514-Activities-Mali_Losinj_Losinj_Island_Kvarner_Bay_Islands_Primorje_Gorski_Kotar_County.html
Calvary - Way of the Cross, 3.0, Sights & Landmarks, /Attraction_Review-g297514-d2336052-Reviews-Calvary_Way_of_the_Cross-Mali_Losinj_Losinj_Island_Kvarner_Bay_Islands_Primorje_G.html, /Attractions-g297514-Activities-Mali_Losinj_Losinj_Island_Kvarner_Bay_Islands_Primorje_Gorski_Kotar_County.html
Thai Touch Massage, 5.0, Spas & Wellness, /Attraction_Review-g297514-d10847603-Reviews-Thai_Touch_Massage-Mali_Losinj_Losinj_Island_Kvarner_Bay_Islands_Primorje_Gorski.html, /Attractions-g297514-Activities-Mali_Losinj_Losinj_Island_Kvarner_Bay_Islands_Primorje_Gorski_Kotar_County.html
