attraction_name, attraction_rate, attraction_type, attraction_url, attraction_parent_url
Mljet National Park, 4.5, Nature & Parks, /Attraction_Review-g1501915-d548269-Reviews-Mljet_National_Park-Mljet_Island_Dubrovnik_Neretva_County_Dalmatia.html, /Attractions-g1501915-Activities-Mljet_Island_Dubrovnik_Neretva_County_Dalmatia.html
Odysseus Cave, 4.5, Nature & Parks, /Attraction_Review-g1501915-d10680152-Reviews-Odysseus_Cave-Mljet_Island_Dubrovnik_Neretva_County_Dalmatia.html, /Attractions-g1501915-Activities-Mljet_Island_Dubrovnik_Neretva_County_Dalmatia.html
Sutmiholjska Beach, 3.5, Nature & Parks, /Attraction_Review-g1501915-d13919217-Reviews-Sutmiholjska_Beach-Mljet_Island_Dubrovnik_Neretva_County_Dalmatia.html, /Attractions-g1501915-Activities-Mljet_Island_Dubrovnik_Neretva_County_Dalmatia.html
Blato Village, 3.0, Sights & Landmarks, /Attraction_Review-g1501915-d11669117-Reviews-Blato_Village-Mljet_Island_Dubrovnik_Neretva_County_Dalmatia.html, /Attractions-g1501915-Activities-Mljet_Island_Dubrovnik_Neretva_County_Dalmatia.html
Diving Centre Aquatica, 4.5, Boat Tours & Water Sports, /Attraction_Review-g1899197-d12876487-Reviews-Diving_Centre_Aquatica-Pomena_Mljet_Island_Dubrovnik_Neretva_County_Dalmatia.html, /Attractions-g1501915-Activities-Mljet_Island_Dubrovnik_Neretva_County_Dalmatia.html
Aloha Mljet, 4.0, Outdoor Activities, /Attraction_Review-g1096195-d12867324-Reviews-Aloha_Mljet-Govedari_Mljet_Island_Dubrovnik_Neretva_County_Dalmatia.html, /Attractions-g1501915-Activities-Mljet_Island_Dubrovnik_Neretva_County_Dalmatia.html
Mini Brum, 3.0, Outdoor Activities, /Attraction_Review-g2034471-d14893503-Reviews-Mini_Brum-Sobra_Mljet_Island_Dubrovnik_Neretva_County_Dalmatia.html, /Attractions-g1501915-Activities-Mljet_Island_Dubrovnik_Neretva_County_Dalmatia.html
Energy Clinic, None, Spas & Wellness, /Attraction_Review-g1899197-d14066704-Reviews-Energy_Clinic-Pomena_Mljet_Island_Dubrovnik_Neretva_County_Dalmatia.html, /Attractions-g1501915-Activities-Mljet_Island_Dubrovnik_Neretva_County_Dalmatia.html
Odysseus Cave Speedboat tours, None, Boat Tours & Water Sports, /Attraction_Review-g1501915-d19120235-Reviews-Odysseus_Cave_Speedboat_tours-Mljet_Island_Dubrovnik_Neretva_County_Dalmatia.html, /Attractions-g1501915-Activities-Mljet_Island_Dubrovnik_Neretva_County_Dalmatia.html
