attraction_name, attraction_rate, attraction_type, attraction_url, attraction_parent_url
Marinska Kula, 4.0, Sights & Landmarks, /Attraction_Review-g1190301-d10113658-Reviews-Marinska_Kula-Marina_Split_Dalmatia_County_Dalmatia.html, /Attractions-g1190301-Activities-Marina_Split_Dalmatia_County_Dalmatia.html
Church of St. Mary of the Snow, 4.0, Sights & Landmarks, /Attraction_Review-g1190301-d10519047-Reviews-Church_of_St_Mary_of_the_Snow-Marina_Split_Dalmatia_County_Dalmatia.html, /Attractions-g1190301-Activities-Marina_Split_Dalmatia_County_Dalmatia.html
Drid Hill, None, Nature & Parks, /Attraction_Review-g1190301-d10519038-Reviews-Drid_Hill-Marina_Split_Dalmatia_County_Dalmatia.html, /Attractions-g1190301-Activities-Marina_Split_Dalmatia_County_Dalmatia.html
St. Jacob Cave, None, Sights & Landmarks, /Attraction_Review-g1190301-d17611406-Reviews-St_Jacob_Cave-Marina_Split_Dalmatia_County_Dalmatia.html, /Attractions-g1190301-Activities-Marina_Split_Dalmatia_County_Dalmatia.html
Marina-3 - Central Dalmatia Croatia - Bike Tracks, None, Nature & Parks, /Attraction_Review-g1190301-d20975286-Reviews-Marina_3_Central_Dalmatia_Croatia_Bike_Tracks-Marina_Split_Dalmatia_County_Dalm.html, /Attractions-g1190301-Activities-Marina_Split_Dalmatia_County_Dalmatia.html
Marina - Central Dalmatia Croatia - Bike Tracks, None, Nature & Parks, /Attraction_Review-g1190301-d20975475-Reviews-Marina_Central_Dalmatia_Croatia_Bike_Tracks-Marina_Split_Dalmatia_County_Dalmat.html, /Attractions-g1190301-Activities-Marina_Split_Dalmatia_County_Dalmatia.html
Marina-5 - Central Dalmatia Croatia - Bike Tracks, None, Nature & Parks, /Attraction_Review-g1190301-d20975458-Reviews-Marina_5_Central_Dalmatia_Croatia_Bike_Tracks-Marina_Split_Dalmatia_County_Dalm.html, /Attractions-g1190301-Activities-Marina_Split_Dalmatia_County_Dalmatia.html
Marina - Central Dalmatia Croatia - Bike Tracks, None, Nature & Parks, /Attraction_Review-g1190301-d20975473-Reviews-Marina_Central_Dalmatia_Croatia_Bike_Tracks-Marina_Split_Dalmatia_County_Dalmat.html, /Attractions-g1190301-Activities-Marina_Split_Dalmatia_County_Dalmatia.html
