attraction_name, attraction_rate, attraction_type, attraction_url, attraction_parent_url
Blue Lake, 4.5, Nature & Parks, /Attraction_Review-g1027143-d3334830-Reviews-Blue_Lake-Imotski_Split_Dalmatia_County_Dalmatia.html, /Attractions-g1027143-Activities-Imotski_Split_Dalmatia_County_Dalmatia.html
Red Lake, 4.5, Nature & Parks, /Attraction_Review-g1027143-d3334841-Reviews-Red_Lake-Imotski_Split_Dalmatia_County_Dalmatia.html, /Attractions-g1027143-Activities-Imotski_Split_Dalmatia_County_Dalmatia.html
Vrljika, 5.0, Nature & Parks, /Attraction_Review-g1027143-d7622531-Reviews-Vrljika-Imotski_Split_Dalmatia_County_Dalmatia.html, /Attractions-g1027143-Activities-Imotski_Split_Dalmatia_County_Dalmatia.html
Topana Fortress, 4.0, Sights & Landmarks, /Attraction_Review-g1027143-d4816103-Reviews-Topana_Fortress-Imotski_Split_Dalmatia_County_Dalmatia.html, /Attractions-g1027143-Activities-Imotski_Split_Dalmatia_County_Dalmatia.html
Vinarija Glavota, 5.0, Food & Drink, /Attraction_Review-g1027143-d15044613-Reviews-Vinarija_Glavota-Imotski_Split_Dalmatia_County_Dalmatia.html, /Attractions-g1027143-Activities-Imotski_Split_Dalmatia_County_Dalmatia.html
The Basilica of Zmijavci, 4.5, Sights & Landmarks, /Attraction_Review-g1027143-d7620093-Reviews-The_Basilica_of_Zmijavci-Imotski_Split_Dalmatia_County_Dalmatia.html, /Attractions-g1027143-Activities-Imotski_Split_Dalmatia_County_Dalmatia.html
Prolozac Swamp, 5.0, Nature & Parks, /Attraction_Review-g1027143-d7622528-Reviews-Prolozac_Swamp-Imotski_Split_Dalmatia_County_Dalmatia.html, /Attractions-g1027143-Activities-Imotski_Split_Dalmatia_County_Dalmatia.html
Vina Đuzel, 5.0, Food & Drink, /Attraction_Review-g1027143-d21054607-Reviews-Vina_Duzel-Imotski_Split_Dalmatia_County_Dalmatia.html, /Attractions-g1027143-Activities-Imotski_Split_Dalmatia_County_Dalmatia.html
Pasko Liker, 5.0, Shopping, /Attraction_Review-g1027143-d8379958-Reviews-Pasko_Liker-Imotski_Split_Dalmatia_County_Dalmatia.html, /Attractions-g1027143-Activities-Imotski_Split_Dalmatia_County_Dalmatia.html
Imotski - Modro i Crveno Jezero - Central Dalmatia Croatia - Bike Tracks, 5.0, Nature & Parks, /Attraction_Review-g1027143-d21070988-Reviews-Imotski_Modro_i_Crveno_Jezero_Central_Dalmatia_Croatia_Bike_Tracks-Imotski_Spli.html, /Attractions-g1027143-Activities-Imotski_Split_Dalmatia_County_Dalmatia.html
Fitness Centar Tempo Imotski, 5.0, Spas & Wellness, /Attraction_Review-g1027143-d12625338-Reviews-Fitness_Centar_Tempo_Imotski-Imotski_Split_Dalmatia_County_Dalmatia.html, /Attractions-g1027143-Activities-Imotski_Split_Dalmatia_County_Dalmatia.html
Caffe Bar Stribor, None, Nightlife, /Attraction_Review-g1027143-d10920177-Reviews-Caffe_Bar_Stribor-Imotski_Split_Dalmatia_County_Dalmatia.html, /Attractions-g1027143-Activities-Imotski_Split_Dalmatia_County_Dalmatia.html
Arena Automat Klub, None, Casinos & Gambling, /Attraction_Review-g1027143-d15138126-Reviews-Arena_Automat_Klub-Imotski_Split_Dalmatia_County_Dalmatia.html, /Attractions-g1027143-Activities-Imotski_Split_Dalmatia_County_Dalmatia.html
RED AND BLUE, None, Tours, /Attraction_Review-g1027143-d17750974-Reviews-RED_AND_BLUE-Imotski_Split_Dalmatia_County_Dalmatia.html, /Attractions-g1027143-Activities-Imotski_Split_Dalmatia_County_Dalmatia.html
The Medieval tombstones of Lovreć Bike Tracks Censtral Dalmatia Croatia, None, Nature & Parks, /Attraction_Review-g1027143-d20328783-Reviews-The_Medieval_tombstones_of_Lovrec_Bike_Tracks_Censtral_Dalmatia_Croatia-Imotski.html, /Attractions-g1027143-Activities-Imotski_Split_Dalmatia_County_Dalmatia.html
Imotski - Studenci - Cista - Lovreć - Bike Tracks, None, Nature & Parks, /Attraction_Review-g1027143-d20969527-Reviews-Imotski_Studenci_Cista_Lovrec_Bike_Tracks-Imotski_Split_Dalmatia_County_Dalmati.html, /Attractions-g1027143-Activities-Imotski_Split_Dalmatia_County_Dalmatia.html
Zmijavci - Slivno - Poljica - Central Dalmatia Croatia - Bike Tracks, None, Nature & Parks, /Attraction_Review-g1027143-d20969529-Reviews-Zmijavci_Slivno_Poljica_Central_Dalmatia_Croatia_Bike_Tracks-Imotski_Split_Dalm.html, /Attractions-g1027143-Activities-Imotski_Split_Dalmatia_County_Dalmatia.html
Imotski - Istočno polje - Central Dalmatia Croatia - Bike Tracks, None, Nature & Parks, /Attraction_Review-g1027143-d20969524-Reviews-Imotski_Istocno_polje_Central_Dalmatia_Croatia_Bike_Tracks-Imotski_Split_Dalmat.html, /Attractions-g1027143-Activities-Imotski_Split_Dalmatia_County_Dalmatia.html
Imotski Jezera - Central Dalmatia Croatia - Theme Trails, None, Sights & Landmarks, /Attraction_Review-g1027143-d21003722-Reviews-Imotski_Jezera_Central_Dalmatia_Croatia_Theme_Trails-Imotski_Split_Dalmatia_Cou.html, /Attractions-g1027143-Activities-Imotski_Split_Dalmatia_County_Dalmatia.html
Voda Zivot Znaci - Imotski - Central Dalmatia Croatia - Bike Tracks, None, Nature & Parks, /Attraction_Review-g1027143-d21229959-Reviews-Voda_Zivot_Znaci_Imotski_Central_Dalmatia_Croatia_Bike_Tracks-Imotski_Split_Dal.html, /Attractions-g1027143-Activities-Imotski_Split_Dalmatia_County_Dalmatia.html
Above the Blue Lake bike tracks Central Dalmatia Croatia, None, Nature & Parks, /Attraction_Review-g1027143-d20328671-Reviews-Above_the_Blue_Lake_bike_tracks_Central_Dalmatia_Croatia-Imotski_Split_Dalmatia.html, /Attractions-g1027143-Activities-Imotski_Split_Dalmatia_County_Dalmatia.html
