attraction_name, attraction_rate, attraction_type, attraction_url, attraction_parent_url
Canoe Gacka, 5.0, Boat Tours & Water Sports, /Attraction_Review-g1203073-d12849243-Reviews-Canoe_Gacka-Hrvatska_Kostajnica_Sisak_Moslavina_County_Central_Croatia.html, /Attractions-g1203073-Activities-Hrvatska_Kostajnica_Sisak_Moslavina_County_Central_Croatia.html
White Shark, 5.0, Boat Tours & Water Sports, /Attraction_Review-g1203073-d10431801-Reviews-White_Shark-Hrvatska_Kostajnica_Sisak_Moslavina_County_Central_Croatia.html, /Attractions-g1203073-Activities-Hrvatska_Kostajnica_Sisak_Moslavina_County_Central_Croatia.html
Fina Dalmata, 3.0, Shopping, /Attraction_Review-g1203073-d13010157-Reviews-Fina_Dalmata-Hrvatska_Kostajnica_Sisak_Moslavina_County_Central_Croatia.html, /Attractions-g1203073-Activities-Hrvatska_Kostajnica_Sisak_Moslavina_County_Central_Croatia.html
Magic fly tours, 1.0, Boat Tours & Water Sports, /Attraction_Review-g1203073-d11639519-Reviews-Magic_fly_tours-Hrvatska_Kostajnica_Sisak_Moslavina_County_Central_Croatia.html, /Attractions-g1203073-Activities-Hrvatska_Kostajnica_Sisak_Moslavina_County_Central_Croatia.html
Croatian Transfer Service, None, Transportation, /Attraction_Review-g1203073-d11978016-Reviews-Croatian_Transfer_Service-Hrvatska_Kostajnica_Sisak_Moslavina_County_Central_Cr.html, /Attractions-g1203073-Activities-Hrvatska_Kostajnica_Sisak_Moslavina_County_Central_Croatia.html
OPG Lovro Lenac, None, Food & Drink, /Attraction_Review-g1203073-d17542054-Reviews-OPG_Lovro_Lenac-Hrvatska_Kostajnica_Sisak_Moslavina_County_Central_Croatia.html, /Attractions-g1203073-Activities-Hrvatska_Kostajnica_Sisak_Moslavina_County_Central_Croatia.html
Memorial for Croatian Defenders, None, Sights & Landmarks, /Attraction_Review-g1203073-d17539843-Reviews-Memorial_for_Croatian_Defenders-Hrvatska_Kostajnica_Sisak_Moslavina_County_Cent.html, /Attractions-g1203073-Activities-Hrvatska_Kostajnica_Sisak_Moslavina_County_Central_Croatia.html
Stained glass windows at the Church of St. Anthony, None, Sights & Landmarks, /Attraction_Review-g1203073-d17539815-Reviews-Stained_glass_windows_at_the_Church_of_St_Anthony-Hrvatska_Kostajnica_Sisak_Mos.html, /Attractions-g1203073-Activities-Hrvatska_Kostajnica_Sisak_Moslavina_County_Central_Croatia.html
Old bicycle, None, Sights & Landmarks, /Attraction_Review-g1203073-d17539882-Reviews-Old_bicycle-Hrvatska_Kostajnica_Sisak_Moslavina_County_Central_Croatia.html, /Attractions-g1203073-Activities-Hrvatska_Kostajnica_Sisak_Moslavina_County_Central_Croatia.html
Spring Pekinac, None, Sights & Landmarks, /Attraction_Review-g1203073-d17539983-Reviews-Spring_Pekinac-Hrvatska_Kostajnica_Sisak_Moslavina_County_Central_Croatia.html, /Attractions-g1203073-Activities-Hrvatska_Kostajnica_Sisak_Moslavina_County_Central_Croatia.html
Orthodox church of the St. Archangels Michael and Gabriel, None, Sights & Landmarks, /Attraction_Review-g1203073-d17540362-Reviews-Orthodox_church_of_the_St_Archangels_Michael_and_Gabriel-Hrvatska_Kostajnica_Si.html, /Attractions-g1203073-Activities-Hrvatska_Kostajnica_Sisak_Moslavina_County_Central_Croatia.html
Remains of St. Anne church, None, Sights & Landmarks, /Attraction_Review-g1203073-d17535966-Reviews-Remains_of_St_Anne_church-Hrvatska_Kostajnica_Sisak_Moslavina_County_Central_Cr.html, /Attractions-g1203073-Activities-Hrvatska_Kostajnica_Sisak_Moslavina_County_Central_Croatia.html
The parish church of St. Anthony of Padua, None, Sights & Landmarks, /Attraction_Review-g1203073-d17540136-Reviews-The_parish_church_of_St_Anthony_of_Padua-Hrvatska_Kostajnica_Sisak_Moslavina_Co.html, /Attractions-g1203073-Activities-Hrvatska_Kostajnica_Sisak_Moslavina_County_Central_Croatia.html
The Gordan Lederer memorial, None, Sights & Landmarks, /Attraction_Review-g1203073-d17536113-Reviews-The_Gordan_Lederer_memorial-Hrvatska_Kostajnica_Sisak_Moslavina_County_Central_.html, /Attractions-g1203073-Activities-Hrvatska_Kostajnica_Sisak_Moslavina_County_Central_Croatia.html
Orthodox church of the birth of the Holy Mother of God, None, Sights & Landmarks, /Attraction_Review-g1203073-d17535818-Reviews-Orthodox_church_of_the_birth_of_the_Holy_Mother_of_God-Hrvatska_Kostajnica_Sisa.html, /Attractions-g1203073-Activities-Hrvatska_Kostajnica_Sisak_Moslavina_County_Central_Croatia.html
Remains of St. Nicholas church, None, Sights & Landmarks, /Attraction_Review-g1203073-d17535894-Reviews-Remains_of_St_Nicholas_church-Hrvatska_Kostajnica_Sisak_Moslavina_County_Centra.html, /Attractions-g1203073-Activities-Hrvatska_Kostajnica_Sisak_Moslavina_County_Central_Croatia.html
Remains of the St. Rocco chapel, None, Sights & Landmarks, /Attraction_Review-g1203073-d17535913-Reviews-Remains_of_the_St_Rocco_chapel-Hrvatska_Kostajnica_Sisak_Moslavina_County_Centr.html, /Attractions-g1203073-Activities-Hrvatska_Kostajnica_Sisak_Moslavina_County_Central_Croatia.html
Spring Tekija, None, Sights & Landmarks, /Attraction_Review-g1203073-d17539955-Reviews-Spring_Tekija-Hrvatska_Kostajnica_Sisak_Moslavina_County_Central_Croatia.html, /Attractions-g1203073-Activities-Hrvatska_Kostajnica_Sisak_Moslavina_County_Central_Croatia.html
Statue of Jesus the Savior, None, Sights & Landmarks, /Attraction_Review-g1203073-d17536018-Reviews-Statue_of_Jesus_the_Savior-Hrvatska_Kostajnica_Sisak_Moslavina_County_Central_C.html, /Attractions-g1203073-Activities-Hrvatska_Kostajnica_Sisak_Moslavina_County_Central_Croatia.html
St. Rocco stairs, None, Sights & Landmarks, /Attraction_Review-g1203073-d17536029-Reviews-St_Rocco_stairs-Hrvatska_Kostajnica_Sisak_Moslavina_County_Central_Croatia.html, /Attractions-g1203073-Activities-Hrvatska_Kostajnica_Sisak_Moslavina_County_Central_Croatia.html
Forest park Djed, None, Nature & Parks, /Attraction_Review-g1203073-d17536040-Reviews-Forest_park_Djed-Hrvatska_Kostajnica_Sisak_Moslavina_County_Central_Croatia.html, /Attractions-g1203073-Activities-Hrvatska_Kostajnica_Sisak_Moslavina_County_Central_Croatia.html
Fortress Zrin, None, Sights & Landmarks, /Attraction_Review-g1203073-d17536073-Reviews-Fortress_Zrin-Hrvatska_Kostajnica_Sisak_Moslavina_County_Central_Croatia.html, /Attractions-g1203073-Activities-Hrvatska_Kostajnica_Sisak_Moslavina_County_Central_Croatia.html
Spring Mala Gospa, None, Sights & Landmarks, /Attraction_Review-g1203073-d17540106-Reviews-Spring_Mala_Gospa-Hrvatska_Kostajnica_Sisak_Moslavina_County_Central_Croatia.html, /Attractions-g1203073-Activities-Hrvatska_Kostajnica_Sisak_Moslavina_County_Central_Croatia.html
