attraction_name, attraction_rate, attraction_type, attraction_url, attraction_parent_url
Telascica Nature Park, 4.5, Nature & Parks, /Attraction_Review-g1190826-d553243-Reviews-Telascica_Nature_Park-Dugi_Island_Zadar_County_Dalmatia.html, /Attractions-g1190826-Activities-Dugi_Island_Zadar_County_Dalmatia.html
Sakarun Beach, 4.0, Nature & Parks, /Attraction_Review-g1190826-d4587489-Reviews-Sakarun_Beach-Dugi_Island_Zadar_County_Dalmatia.html, /Attractions-g1190826-Activities-Dugi_Island_Zadar_County_Dalmatia.html
Beach Veli Zal, 4.5, Nature & Parks, /Attraction_Review-g1190826-d17654804-Reviews-Beach_Veli_Zal-Dugi_Island_Zadar_County_Dalmatia.html, /Attractions-g1190826-Activities-Dugi_Island_Zadar_County_Dalmatia.html
Lavdara Otok (Lavdara Island), 5.0, Nature & Parks, /Attraction_Review-g1190826-d2356919-Reviews-Lavdara_Otok_Lavdara_Island-Dugi_Island_Zadar_County_Dalmatia.html, /Attractions-g1190826-Activities-Dugi_Island_Zadar_County_Dalmatia.html
Veli Rat lighthouse, 4.5, Sights & Landmarks, /Attraction_Review-g2039685-d4749667-Reviews-Veli_Rat_lighthouse-Veli_rat_Dugi_Island_Zadar_County_Dalmatia.html, /Attractions-g1190826-Activities-Dugi_Island_Zadar_County_Dalmatia.html
Cave Strasna Pec, 3.5, Nature & Parks, /Attraction_Review-g13139990-d7052643-Reviews-Cave_Strasna_Pec-Savar_Dugi_Island_Zadar_County_Dalmatia.html, /Attractions-g1190826-Activities-Dugi_Island_Zadar_County_Dalmatia.html
Taxi Frka, 5.0, Transportation, /Attraction_Review-g1898560-d9821106-Reviews-Taxi_Frka-Sali_Dugi_Island_Zadar_County_Dalmatia.html, /Attractions-g1190826-Activities-Dugi_Island_Zadar_County_Dalmatia.html
Kornati &amp; Telašćica Excursions - Boat Jana, 5.0, Boat Tours & Water Sports, /Attraction_Review-g1898560-d21095909-Reviews-Kornati_Telascica_Excursions_Boat_Jana-Sali_Dugi_Island_Zadar_County_Dalmatia.html, /Attractions-g1190826-Activities-Dugi_Island_Zadar_County_Dalmatia.html
Kopakanana, 5.0, Nightlife, /Attraction_Review-g1898560-d14983920-Reviews-Kopakanana-Sali_Dugi_Island_Zadar_County_Dalmatia.html, /Attractions-g1190826-Activities-Dugi_Island_Zadar_County_Dalmatia.html
Vala Tours, 5.0, Boat Tours & Water Sports, /Attraction_Review-g1898560-d21084962-Reviews-Vala_Tours-Sali_Dugi_Island_Zadar_County_Dalmatia.html, /Attractions-g1190826-Activities-Dugi_Island_Zadar_County_Dalmatia.html
Adamo Travel, 3.5, Boat Tours & Water Sports, /Attraction_Review-g1898560-d15639938-Reviews-Adamo_Travel-Sali_Dugi_Island_Zadar_County_Dalmatia.html, /Attractions-g1190826-Activities-Dugi_Island_Zadar_County_Dalmatia.html
Tome Fishing Day Adventures, 5.0, Boat Tours & Water Sports, /Attraction_Review-g1190826-d6424431-Reviews-Tome_Fishing_Day_Adventures-Dugi_Island_Zadar_County_Dalmatia.html, /Attractions-g1190826-Activities-Dugi_Island_Zadar_County_Dalmatia.html
Spiaggia Prasna, 3.0, Nature & Parks, /Attraction_Review-g13139990-d21307184-Reviews-Spiaggia_Prasna-Savar_Dugi_Island_Zadar_County_Dalmatia.html, /Attractions-g1190826-Activities-Dugi_Island_Zadar_County_Dalmatia.html
Cliffs of Dugi Otok, 3.0, Sights & Landmarks, /Attraction_Review-g1898560-d21307807-Reviews-Cliffs_of_Dugi_Otok-Sali_Dugi_Island_Zadar_County_Dalmatia.html, /Attractions-g1190826-Activities-Dugi_Island_Zadar_County_Dalmatia.html
Maras Tours, None, Boat Tours & Water Sports, /Attraction_Review-g1898560-d12311548-Reviews-Maras_Tours-Sali_Dugi_Island_Zadar_County_Dalmatia.html, /Attractions-g1190826-Activities-Dugi_Island_Zadar_County_Dalmatia.html
Rent A Boat 'SOL', None, Boat Tours & Water Sports, /Attraction_Review-g14050646-d17738348-Reviews-Rent_A_Boat_SOL-Soline_Dugi_Island_Zadar_County_Dalmatia.html, /Attractions-g1190826-Activities-Dugi_Island_Zadar_County_Dalmatia.html
