attraction_name, attraction_rate, attraction_type, attraction_url, attraction_parent_url
Groznjan Hilltop village of artists&& Istria&& Croatia, 4.5, Sights & Landmarks, /Attraction_Review-g303807-d4568497-Reviews-Groznjan_Hilltop_village_of_artists_Istria_Croatia-Groznjan_Istria.html, /Attractions-g303807-Activities-Groznjan_Istria.html
Vina Zigante, 5.0, Food & Drink, /Attraction_Review-g303807-d13998196-Reviews-Vina_Zigante-Groznjan_Istria.html, /Attractions-g303807-Activities-Groznjan_Istria.html
The Town Loggia, 4.5, Sights & Landmarks, /Attraction_Review-g303807-d12791275-Reviews-The_Town_Loggia-Groznjan_Istria.html, /Attractions-g303807-Activities-Groznjan_Istria.html
Alternative Scene Groznjan, 5.0, Museums, /Attraction_Review-g303807-d14358492-Reviews-Alternative_Scene_Groznjan-Groznjan_Istria.html, /Attractions-g303807-Activities-Groznjan_Istria.html
Church of St Vitus&& Modest&& &amp; Crescentius, 5.0, Sights & Landmarks, /Attraction_Review-g303807-d14212574-Reviews-Church_of_St_Vitus_Modest_Crescentius-Groznjan_Istria.html, /Attractions-g303807-Activities-Groznjan_Istria.html
Gallery Togy, 5.0, Museums, /Attraction_Review-g303807-d12867161-Reviews-Gallery_Togy-Groznjan_Istria.html, /Attractions-g303807-Activities-Groznjan_Istria.html
Fiore Day Tours - Groznjan, 5.0, Tours, /Attraction_Review-g303807-d2529626-Reviews-Fiore_Day_Tours_Groznjan-Groznjan_Istria.html, /Attractions-g303807-Activities-Groznjan_Istria.html
Jazz is Back B.P., 4.5, Concerts & Shows, /Attraction_Review-g303807-d4551403-Reviews-Jazz_is_Back_B_P-Groznjan_Istria.html, /Attractions-g303807-Activities-Groznjan_Istria.html
Prsut Edi Dunis, 4.0, Shopping, /Attraction_Review-g303807-d4843878-Reviews-Prsut_Edi_Dunis-Groznjan_Istria.html, /Attractions-g303807-Activities-Groznjan_Istria.html
Shop Istra, None, Shopping, /Attraction_Review-g303807-d17544815-Reviews-Shop_Istra-Groznjan_Istria.html, /Attractions-g303807-Activities-Groznjan_Istria.html
Aura Shop Groznjan, None, Shopping, /Attraction_Review-g303807-d21360387-Reviews-Aura_Shop_Groznjan-Groznjan_Istria.html, /Attractions-g303807-Activities-Groznjan_Istria.html
