attraction_name, attraction_rate, attraction_type, attraction_url, attraction_parent_url
Lavanda Deklevi, 4.5, Sights & Landmarks, /Attraction_Review-g1190333-d8097972-Reviews-Lavanda_Deklevi-Visnjan_Istria.html, /Attractions-g1190333-Activities-Visnjan_Istria.html
Vina Poletti, 5.0, Food & Drink, /Attraction_Review-g1190333-d12563025-Reviews-Vina_Poletti-Visnjan_Istria.html, /Attractions-g1190333-Activities-Visnjan_Istria.html
Visnjan Observatory, 4.0, Museums, /Attraction_Review-g1190333-d12789055-Reviews-Visnjan_Observatory-Visnjan_Istria.html, /Attractions-g1190333-Activities-Visnjan_Istria.html
Vina Radovan, 5.0, Food & Drink, /Attraction_Review-g12641463-d12421926-Reviews-Vina_Radovan-Radovani_Visnjan_Istria.html, /Attractions-g1190333-Activities-Visnjan_Istria.html
Winery MISAL, 5.0, Food & Drink, /Attraction_Review-g1190333-d11871771-Reviews-Winery_MISAL-Visnjan_Istria.html, /Attractions-g1190333-Activities-Visnjan_Istria.html
Zdanje ranogotička crkva Sv.Antona opata, None, Sights & Landmarks, /Attraction_Review-g1190333-d13502561-Reviews-Zdanje_ranogoticka_crkva_Sv_Antona_opata-Visnjan_Istria.html, /Attractions-g1190333-Activities-Visnjan_Istria.html
Villa Polesini-Scampicchio, None, Sights & Landmarks, /Attraction_Review-g1190333-d14257950-Reviews-Villa_Polesini_Scampicchio-Visnjan_Istria.html, /Attractions-g1190333-Activities-Visnjan_Istria.html
