attraction_name, attraction_rate, attraction_type, attraction_url, attraction_parent_url
Stari Toč Selce, 4.5, Museums, /Attraction_Review-g608719-d8308349-Reviews-Stari_Toc_Selce-Selce_Primorje_Gorski_Kotar_County.html, /Attractions-g608719-Activities-Selce_Primorje_Gorski_Kotar_County.html
Paris-Nice Church of St. Catherine, 3.5, Sights & Landmarks, /Attraction_Review-g608719-d8541864-Reviews-Paris_Nice_Church_of_St_Catherine-Selce_Primorje_Gorski_Kotar_County.html, /Attractions-g608719-Activities-Selce_Primorje_Gorski_Kotar_County.html
Beach Poli Mora, 3.5, Nature & Parks, /Attraction_Review-g608719-d14928299-Reviews-Beach_Poli_Mora-Selce_Primorje_Gorski_Kotar_County.html, /Attractions-g608719-Activities-Selce_Primorje_Gorski_Kotar_County.html
Diving Center Mihuric, 4.5, Boat Tours & Water Sports, /Attraction_Review-g608719-d12703347-Reviews-Diving_Center_Mihuric-Selce_Primorje_Gorski_Kotar_County.html, /Attractions-g608719-Activities-Selce_Primorje_Gorski_Kotar_County.html
Olive Mill – Tos, None, Sights & Landmarks, /Attraction_Review-g608719-d7222585-Reviews-Olive_Mill_Tos-Selce_Primorje_Gorski_Kotar_County.html, /Attractions-g608719-Activities-Selce_Primorje_Gorski_Kotar_County.html
Kvarner Adventure, None, Tours, /Attraction_Review-g608719-d17609503-Reviews-Kvarner_Adventure-Selce_Primorje_Gorski_Kotar_County.html, /Attractions-g608719-Activities-Selce_Primorje_Gorski_Kotar_County.html
