attraction_name, attraction_rate, attraction_type, attraction_url, attraction_parent_url
Gallery GEA, 4.5, Museums, /Attraction_Review-g294454-d3613224-Reviews-Gallery_GEA-Zagreb_Central_Croatia.html, /Attractions-g294454-Activities-Zagreb_Central_Croatia.html
EcoPark Kraš, 4.0, Nature & Parks, /Attraction_Review-g294454-d3553840-Reviews-EcoPark_Kras-Zagreb_Central_Croatia.html, /Attractions-g294454-Activities-Zagreb_Central_Croatia.html
Zagreb Puppet Theatre, 5.0, Concerts & Shows, /Attraction_Review-g294454-d20107372-Reviews-Zagreb_Puppet_Theatre-Zagreb_Central_Croatia.html, /Attractions-g294454-Activities-Zagreb_Central_Croatia.html
Karting Centar Zagreb, 4.0, Fun & Games, /Attraction_Review-g294454-d2311480-Reviews-Karting_Centar_Zagreb-Zagreb_Central_Croatia.html, /Attractions-g294454-Activities-Zagreb_Central_Croatia.html
Park Bele IV, 3.5, Nature & Parks, /Attraction_Review-g294454-d13456242-Reviews-Park_Bele_IV-Zagreb_Central_Croatia.html, /Attractions-g294454-Activities-Zagreb_Central_Croatia.html
Galerija Inkubator, 5.0, Museums, /Attraction_Review-g294454-d4177091-Reviews-Galerija_Inkubator-Zagreb_Central_Croatia.html, /Attractions-g294454-Activities-Zagreb_Central_Croatia.html
Go Green, 5.0, Food & Drink, /Attraction_Review-g294454-d12433475-Reviews-Go_Green-Zagreb_Central_Croatia.html, /Attractions-g294454-Activities-Zagreb_Central_Croatia.html
Galerija T, 3.0, Museums, /Attraction_Review-g294454-d7597443-Reviews-Galerija_T-Zagreb_Central_Croatia.html, /Attractions-g294454-Activities-Zagreb_Central_Croatia.html
Disk Thrower, 3.5, Sights & Landmarks, /Attraction_Review-g294454-d11867760-Reviews-Disk_Thrower-Zagreb_Central_Croatia.html, /Attractions-g294454-Activities-Zagreb_Central_Croatia.html
Chapel of the Wounded Jesus, 3.5, Sights & Landmarks, /Attraction_Review-g294454-d11823524-Reviews-Chapel_of_the_Wounded_Jesus-Zagreb_Central_Croatia.html, /Attractions-g294454-Activities-Zagreb_Central_Croatia.html
Pikto gallery, 5.0, Museums, /Attraction_Review-g294454-d10082422-Reviews-Pikto_gallery-Zagreb_Central_Croatia.html, /Attractions-g294454-Activities-Zagreb_Central_Croatia.html
Admiral Automat Klub Trg, 3.0, Casinos & Gambling, /Attraction_Review-g294454-d12298278-Reviews-Admiral_Automat_Klub_Trg-Zagreb_Central_Croatia.html, /Attractions-g294454-Activities-Zagreb_Central_Croatia.html
Admiral Casino, 1.0, Casinos & Gambling, /Attraction_Review-g294454-d12298193-Reviews-Admiral_Casino-Zagreb_Central_Croatia.html, /Attractions-g294454-Activities-Zagreb_Central_Croatia.html
Muzej Trgovina Zagreb, 5.0, Museums, /Attraction_Review-g294454-d8366381-Reviews-Muzej_Trgovina_Zagreb-Zagreb_Central_Croatia.html, /Attractions-g294454-Activities-Zagreb_Central_Croatia.html
Sport Klub Centar, None, Classes & Workshops, /Attraction_Review-g294454-d11694397-Reviews-Sport_Klub_Centar-Zagreb_Central_Croatia.html, /Attractions-g294454-Activities-Zagreb_Central_Croatia.html
State Archives, 3.0, Museums, /Attraction_Review-g294454-d8284860-Reviews-State_Archives-Zagreb_Central_Croatia.html, /Attractions-g294454-Activities-Zagreb_Central_Croatia.html
Admiral Automat Klub, 3.0, Casinos & Gambling, /Attraction_Review-g294454-d12597687-Reviews-Admiral_Automat_Klub-Zagreb_Central_Croatia.html, /Attractions-g294454-Activities-Zagreb_Central_Croatia.html
Admiral Automat Klub, 2.0, Casinos & Gambling, /Attraction_Review-g294454-d12408137-Reviews-Admiral_Automat_Klub-Zagreb_Central_Croatia.html, /Attractions-g294454-Activities-Zagreb_Central_Croatia.html
Kuca Senoa, None, Museums, /Attraction_Review-g294454-d12960047-Reviews-Kuca_Senoa-Zagreb_Central_Croatia.html, /Attractions-g294454-Activities-Zagreb_Central_Croatia.html
Ulupuh Gallery, 3.5, Museums, /Attraction_Review-g294454-d13455720-Reviews-Ulupuh_Gallery-Zagreb_Central_Croatia.html, /Attractions-g294454-Activities-Zagreb_Central_Croatia.html
Krvavi Most, 3.0, Sights & Landmarks, /Attraction_Review-g294454-d18191039-Reviews-Krvavi_Most-Zagreb_Central_Croatia.html, /Attractions-g294454-Activities-Zagreb_Central_Croatia.html
Antimuzej - Antimuseum, 5.0, Museums, /Attraction_Review-g294454-d21311428-Reviews-Antimuzej_Antimuseum-Zagreb_Central_Croatia.html, /Attractions-g294454-Activities-Zagreb_Central_Croatia.html
Senator, None, Casinos & Gambling, /Attraction_Review-g294454-d10771765-Reviews-Senator-Zagreb_Central_Croatia.html, /Attractions-g294454-Activities-Zagreb_Central_Croatia.html
Sveti Juraj nakon bitke sa zmajem, None, Sights & Landmarks, /Attraction_Review-g294454-d12099112-Reviews-Sveti_Juraj_nakon_bitke_sa_zmajem-Zagreb_Central_Croatia.html, /Attractions-g294454-Activities-Zagreb_Central_Croatia.html
Admiral Casino Dubrava, None, Casinos & Gambling, /Attraction_Review-g294454-d12295936-Reviews-Admiral_Casino_Dubrava-Zagreb_Central_Croatia.html, /Attractions-g294454-Activities-Zagreb_Central_Croatia.html
Admiral Automat Klub Sesvete, None, Casinos & Gambling, /Attraction_Review-g294454-d12298242-Reviews-Admiral_Automat_Klub_Sesvete-Zagreb_Central_Croatia.html, /Attractions-g294454-Activities-Zagreb_Central_Croatia.html
Admiral Automat Klub Srednjaci, None, Casinos & Gambling, /Attraction_Review-g294454-d12298268-Reviews-Admiral_Automat_Klub_Srednjaci-Zagreb_Central_Croatia.html, /Attractions-g294454-Activities-Zagreb_Central_Croatia.html
Admiral Automat Club Gračani, None, Casinos & Gambling, /Attraction_Review-g294454-d12298161-Reviews-Admiral_Automat_Club_Gracani-Zagreb_Central_Croatia.html, /Attractions-g294454-Activities-Zagreb_Central_Croatia.html
Admiral Automat Klub, None, Casinos & Gambling, /Attraction_Review-g294454-d12298213-Reviews-Admiral_Automat_Klub-Zagreb_Central_Croatia.html, /Attractions-g294454-Activities-Zagreb_Central_Croatia.html
Admiral Automat Club, None, Casinos & Gambling, /Attraction_Review-g294454-d12298234-Reviews-Admiral_Automat_Club-Zagreb_Central_Croatia.html, /Attractions-g294454-Activities-Zagreb_Central_Croatia.html
