attraction_name, attraction_rate, attraction_type, attraction_url, attraction_parent_url
Ninska Laguna Beach, 4.0, Nature & Parks, /Attraction_Review-g303820-d3228738-Reviews-Ninska_Laguna_Beach-Nin_Zadar_County_Dalmatia.html, /Attractions-g303820-Activities-Nin_Zadar_County_Dalmatia.html
Stone Bridge and the Old Gate, 4.0, Sights & Landmarks, /Attraction_Review-g303820-d5483204-Reviews-Stone_Bridge_and_the_Old_Gate-Nin_Zadar_County_Dalmatia.html, /Attractions-g303820-Activities-Nin_Zadar_County_Dalmatia.html
The Church of the Holy Cross, 4.0, Sights & Landmarks, /Attraction_Review-g303820-d4104950-Reviews-The_Church_of_the_Holy_Cross-Nin_Zadar_County_Dalmatia.html, /Attractions-g303820-Activities-Nin_Zadar_County_Dalmatia.html
Nin's Lagoon, 4.0, Nature & Parks, /Attraction_Review-g303820-d3460941-Reviews-Nin_s_Lagoon-Nin_Zadar_County_Dalmatia.html, /Attractions-g303820-Activities-Nin_Zadar_County_Dalmatia.html
Solana Nin - Salt Museum, 4.0, Museums, /Attraction_Review-g303820-d6556685-Reviews-Solana_Nin_Salt_Museum-Nin_Zadar_County_Dalmatia.html, /Attractions-g303820-Activities-Nin_Zadar_County_Dalmatia.html
St. Nicholas Church, 4.0, Sights & Landmarks, /Attraction_Review-g303820-d4115738-Reviews-St_Nicholas_Church-Nin_Zadar_County_Dalmatia.html, /Attractions-g303820-Activities-Nin_Zadar_County_Dalmatia.html
Museum of Nin Antiquities, 4.0, Museums, /Attraction_Review-g303820-d7028484-Reviews-Museum_of_Nin_Antiquities-Nin_Zadar_County_Dalmatia.html, /Attractions-g303820-Activities-Nin_Zadar_County_Dalmatia.html
The Roman Temple, 4.0, Sights & Landmarks, /Attraction_Review-g303820-d5505920-Reviews-The_Roman_Temple-Nin_Zadar_County_Dalmatia.html, /Attractions-g303820-Activities-Nin_Zadar_County_Dalmatia.html
church of san anselm, 4.0, Sights & Landmarks, /Attraction_Review-g303820-d5505919-Reviews-Church_of_san_anselm-Nin_Zadar_County_Dalmatia.html, /Attractions-g303820-Activities-Nin_Zadar_County_Dalmatia.html
The Old Croatian Boat Condura Croatica, 3.5, Sights & Landmarks, /Attraction_Review-g303820-d5483207-Reviews-The_Old_Croatian_Boat_Condura_Croatica-Nin_Zadar_County_Dalmatia.html, /Attractions-g303820-Activities-Nin_Zadar_County_Dalmatia.html
Treasury of the Parish Church Gold and Silver of Nin, 3.0, Museums, /Attraction_Review-g303820-d7020240-Reviews-Treasury_of_the_Parish_Church_Gold_and_Silver_of_Nin-Nin_Zadar_County_Dalmatia.html, /Attractions-g303820-Activities-Nin_Zadar_County_Dalmatia.html
Mashtel Distillery, 5.0, Nightlife, /Attraction_Review-g303820-d12515071-Reviews-Mashtel_Distillery-Nin_Zadar_County_Dalmatia.html, /Attractions-g303820-Activities-Nin_Zadar_County_Dalmatia.html
Porat Bar Nin, 5.0, Nightlife, /Attraction_Review-g303820-d17661017-Reviews-Porat_Bar_Nin-Nin_Zadar_County_Dalmatia.html, /Attractions-g303820-Activities-Nin_Zadar_County_Dalmatia.html
Rent A Boat, 5.0, Boat Tours & Water Sports, /Attraction_Review-g303820-d15057710-Reviews-Rent_A_Boat-Nin_Zadar_County_Dalmatia.html, /Attractions-g303820-Activities-Nin_Zadar_County_Dalmatia.html
Souvenir Shop Hani, 5.0, Shopping, /Attraction_Review-g303820-d19068609-Reviews-Souvenir_Shop_Hani-Nin_Zadar_County_Dalmatia.html, /Attractions-g303820-Activities-Nin_Zadar_County_Dalmatia.html
Surfmania Surf &amp; Fly Center, 4.5, Boat Tours & Water Sports, /Attraction_Review-g303820-d10229061-Reviews-Surfmania_Surf_Fly_Center-Nin_Zadar_County_Dalmatia.html, /Attractions-g303820-Activities-Nin_Zadar_County_Dalmatia.html
Walking Tour in Nin, 5.0, Tours, /Attraction_Review-g303820-d20969863-Reviews-Walking_Tour_in_Nin-Nin_Zadar_County_Dalmatia.html, /Attractions-g303820-Activities-Nin_Zadar_County_Dalmatia.html
Surfmania, 1.0, Boat Tours & Water Sports, /Attraction_Review-g303820-d7094687-Reviews-Surfmania-Nin_Zadar_County_Dalmatia.html, /Attractions-g303820-Activities-Nin_Zadar_County_Dalmatia.html
Zdrijac, None, Nature & Parks, /Attraction_Review-g303820-d15097547-Reviews-Zdrijac-Nin_Zadar_County_Dalmatia.html, /Attractions-g303820-Activities-Nin_Zadar_County_Dalmatia.html
Rent a Bike Nin, None, Outdoor Activities, /Attraction_Review-g303820-d17752019-Reviews-Rent_a_Bike_Nin-Nin_Zadar_County_Dalmatia.html, /Attractions-g303820-Activities-Nin_Zadar_County_Dalmatia.html
Stand Up Paddleboarding (SUP) Nin  - school&& rental &amp; tours, None, Boat Tours & Water Sports, /Attraction_Review-g303820-d20963841-Reviews-Stand_Up_Paddleboarding_SUP_Nin_school_rental_tours-Nin_Zadar_County_Dalmatia.html, /Attractions-g303820-Activities-Nin_Zadar_County_Dalmatia.html
