attraction_name, attraction_rate, attraction_type, attraction_url, attraction_parent_url
Beach Kotlina, None, Nature & Parks, /Attraction_Review-g303802-d17805712-Reviews-Beach_Kotlina-Bol_Brac_Island_Split_Dalmatia_County_Dalmatia.html, /Attractions-g608703-Activities-Brac_Island_Split_Dalmatia_County_Dalmatia.html
Franciscan Monastery and St. Martin's Church, None, Sights & Landmarks, /Attraction_Review-g2095028-d17728030-Reviews-Franciscan_Monastery_and_St_Martin_s_Church-Sumartin_Brac_Island_Split_Dalmatia.html, /Attractions-g608703-Activities-Brac_Island_Split_Dalmatia_County_Dalmatia.html
Marijanović House, None, Sights & Landmarks, /Attraction_Review-g2290306-d17728036-Reviews-Marijanovic_House-Sutivan_Brac_Island_Split_Dalmatia_County_Dalmatia.html, /Attractions-g608703-Activities-Brac_Island_Split_Dalmatia_County_Dalmatia.html
Pinija Bol Central Dalmatia Croatia Bike Tracks, None, Nature & Parks, /Attraction_Review-g303802-d20913773-Reviews-Pinija_Bol_Central_Dalmatia_Croatia_Bike_Tracks-Bol_Brac_Island_Split_Dalmatia_C.html, /Attractions-g608703-Activities-Brac_Island_Split_Dalmatia_County_Dalmatia.html
Profunda Postira Central Dalmatia Croatia Bike Tracks, None, Nature & Parks, /Attraction_Review-g616078-d20913748-Reviews-Profunda_Postira_Central_Dalmatia_Croatia_Bike_Tracks-Postira_Brac_Island_Split_.html, /Attractions-g608703-Activities-Brac_Island_Split_Dalmatia_County_Dalmatia.html
Brac - Sutivan - Maestral - Central Dalmatia Croatia - Theme Trails, None, Sights & Landmarks, /Attraction_Review-g2290306-d20993188-Reviews-Brac_Sutivan_Maestral_Central_Dalmatia_Croatia_Theme_Trails-Sutivan_Brac_Island.html, /Attractions-g608703-Activities-Brac_Island_Split_Dalmatia_County_Dalmatia.html
Brac&& Bol - Final - Central Dalmatia Croatia - Theme Trails, None, Sights & Landmarks, /Attraction_Review-g303802-d20993195-Reviews-Brac_Bol_Final_Central_Dalmatia_Croatia_Theme_Trails-Bol_Brac_Island_Split_Dalma.html, /Attractions-g608703-Activities-Brac_Island_Split_Dalmatia_County_Dalmatia.html
Sv. Petar Supetar Central Dalmatia Croatia Bike Tracks, None, Nature & Parks, /Attraction_Review-g651685-d20913712-Reviews-Sv_Petar_Supetar_Central_Dalmatia_Croatia_Bike_Tracks-Supetar_Brac_Island_Split_.html, /Attractions-g608703-Activities-Brac_Island_Split_Dalmatia_County_Dalmatia.html
Brač Sunca Central Dalmatia Croatia Bike Tracks, None, Nature & Parks, /Attraction_Review-g1966240-d20913960-Reviews-Brac_Sunca_Central_Dalmatia_Croatia_Bike_Tracks-Milna_Brac_Island_Split_Dalmati.html, /Attractions-g608703-Activities-Brac_Island_Split_Dalmatia_County_Dalmatia.html
Hvar - Dubova - Central Dalmatia Croatia - Bike Tracks, None, Nature & Parks, /Attraction_Review-g1966240-d20929772-Reviews-Hvar_Dubova_Central_Dalmatia_Croatia_Bike_Tracks-Milna_Brac_Island_Split_Dalmat.html, /Attractions-g608703-Activities-Brac_Island_Split_Dalmatia_County_Dalmatia.html
Tvrđava i Lanterna Brac Central Dalmatia Bike tracks, None, Nature & Parks, /Attraction_Review-g1966240-d20921023-Reviews-Tvrdava_i_Lanterna_Brac_Central_Dalmatia_Bike_tracks-Milna_Brac_Island_Split_Da.html, /Attractions-g608703-Activities-Brac_Island_Split_Dalmatia_County_Dalmatia.html
Maestral Brač Central Dalmatia Croatia Bike Tracks, None, Nature & Parks, /Attraction_Review-g2290306-d20913693-Reviews-Maestral_Brac_Central_Dalmatia_Croatia_Bike_Tracks-Sutivan_Brac_Island_Split_Da.html, /Attractions-g608703-Activities-Brac_Island_Split_Dalmatia_County_Dalmatia.html
Sv Juraj Supetar Central Dalmatia Croatia Bike Tracks, None, Nature & Parks, /Attraction_Review-g651685-d20913971-Reviews-Sv_Juraj_Supetar_Central_Dalmatia_Croatia_Bike_Tracks-Supetar_Brac_Island_Split_.html, /Attractions-g608703-Activities-Brac_Island_Split_Dalmatia_County_Dalmatia.html
Levanat Sutivan Brač Central Dalmatia Croatia Bike tracks, None, Nature & Parks, /Attraction_Review-g2290306-d20913710-Reviews-Levanat_Sutivan_Brac_Central_Dalmatia_Croatia_Bike_tracks-Sutivan_Brac_Island_S.html, /Attractions-g608703-Activities-Brac_Island_Split_Dalmatia_County_Dalmatia.html
Sv Lovre Supetar Central Dalmatia Croatia Bike Tracks, None, Nature & Parks, /Attraction_Review-g651685-d20913973-Reviews-Sv_Lovre_Supetar_Central_Dalmatia_Croatia_Bike_Tracks-Supetar_Brac_Island_Split_.html, /Attractions-g608703-Activities-Brac_Island_Split_Dalmatia_County_Dalmatia.html
Sv Jelena Supetar Central Dalmatia Croatia Bike Tracks, None, Nature & Parks, /Attraction_Review-g651685-d20913742-Reviews-Sv_Jelena_Supetar_Central_Dalmatia_Croatia_Bike_Tracks-Supetar_Brac_Island_Split.html, /Attractions-g608703-Activities-Brac_Island_Split_Dalmatia_County_Dalmatia.html
Sv. Roko Supetar Central Dalmatia Croatia Bike Tracks, None, Nature & Parks, /Attraction_Review-g651685-d20913975-Reviews-Sv_Roko_Supetar_Central_Dalmatia_Croatia_Bike_Tracks-Supetar_Brac_Island_Split_D.html, /Attractions-g608703-Activities-Brac_Island_Split_Dalmatia_County_Dalmatia.html
Macića i Vivera Postira Central Dalmatia Croatia Bike Tracks, None, Nature & Parks, /Attraction_Review-g616078-d20913976-Reviews-Macica_i_Vivera_Postira_Central_Dalmatia_Croatia_Bike_Tracks-Postira_Brac_Island.html, /Attractions-g608703-Activities-Brac_Island_Split_Dalmatia_County_Dalmatia.html
Milna - Central Dalmatia Croatia - Theme Trails, None, Sights & Landmarks, /Attraction_Review-g1966240-d20944710-Reviews-Milna_Central_Dalmatia_Croatia_Theme_Trails-Milna_Brac_Island_Split_Dalmatia_Co.html, /Attractions-g608703-Activities-Brac_Island_Split_Dalmatia_County_Dalmatia.html
Brač - Dolce Vita - Supetar - Central Dalmatia Croatia - Theme Trails, None, Nature & Parks, /Attraction_Review-g651685-d20948968-Reviews-Brac_Dolce_Vita_Supetar_Central_Dalmatia_Croatia_Theme_Trails-Supetar_Brac_Islan.html, /Attractions-g608703-Activities-Brac_Island_Split_Dalmatia_County_Dalmatia.html
Brač - Put Maslina - Central Dalmatia Croatia - Theme Trails, None, Sights & Landmarks, /Attraction_Review-g15685692-d20948971-Reviews-Brac_Put_Maslina_Central_Dalmatia_Croatia_Theme_Trails-Mirca_Brac_Island_Split.html, /Attractions-g608703-Activities-Brac_Island_Split_Dalmatia_County_Dalmatia.html
Sv Jere Supetar Central Dalmatia Croatia Bike Staze, None, Nature & Parks, /Attraction_Review-g651685-d20913707-Reviews-Sv_Jere_Supetar_Central_Dalmatia_Croatia_Bike_Staze-Supetar_Brac_Island_Split_Da.html, /Attractions-g608703-Activities-Brac_Island_Split_Dalmatia_County_Dalmatia.html
Sv. Josip Supetar Central Dalmatia Croatia Bike Tracks, None, Nature & Parks, /Attraction_Review-g651685-d20913698-Reviews-Sv_Josip_Supetar_Central_Dalmatia_Croatia_Bike_Tracks-Supetar_Brac_Island_Split_.html, /Attractions-g608703-Activities-Brac_Island_Split_Dalmatia_County_Dalmatia.html
Plavac Mali Bol Central Dalmatia Croatiabike Tracks, None, Nature & Parks, /Attraction_Review-g303802-d20913980-Reviews-Plavac_Mali_Bol_Central_Dalmatia_Croatiabike_Tracks-Bol_Brac_Island_Split_Dalmat.html, /Attractions-g608703-Activities-Brac_Island_Split_Dalmatia_County_Dalmatia.html
Kadulja Bol Central Dalmatia Croatia Bike Tracks, None, Nature & Parks, /Attraction_Review-g303802-d20913983-Reviews-Kadulja_Bol_Central_Dalmatia_Croatia_Bike_Tracks-Bol_Brac_Island_Split_Dalmatia_.html, /Attractions-g608703-Activities-Brac_Island_Split_Dalmatia_County_Dalmatia.html
Tramuntana Brač Central Dalmatia Croatia Bike Tracks, None, Nature & Parks, /Attraction_Review-g2290306-d20913694-Reviews-Tramuntana_Brac_Central_Dalmatia_Croatia_Bike_Tracks-Sutivan_Brac_Island_Split_.html, /Attractions-g608703-Activities-Brac_Island_Split_Dalmatia_County_Dalmatia.html
Ružmarin Bol Central Dalmatia Croatia Bike Tracks, None, Nature & Parks, /Attraction_Review-g303802-d20913991-Reviews-Ruzmarin_Bol_Central_Dalmatia_Croatia_Bike_Tracks-Bol_Brac_Island_Split_Dalmatia.html, /Attractions-g608703-Activities-Brac_Island_Split_Dalmatia_County_Dalmatia.html
Splitska - Herkul - Central Dalmatia Croatia - Theme Trails, None, Sights & Landmarks, /Attraction_Review-g1077161-d20944863-Reviews-Splitska_Herkul_Central_Dalmatia_Croatia_Theme_Trails-Splitska_Brac_Island_Spli.html, /Attractions-g608703-Activities-Brac_Island_Split_Dalmatia_County_Dalmatia.html
Brač - Dan s Rendićem - Supetar - Central Dalmatia Croatia - Theme Trails, None, Nature & Parks, /Attraction_Review-g651685-d20948967-Reviews-Brac_Dan_s_Rendicem_Supetar_Central_Dalmatia_Croatia_Theme_Trails-Supetar_Brac_I.html, /Attractions-g608703-Activities-Brac_Island_Split_Dalmatia_County_Dalmatia.html
Brac&& Sumartin - Povlja - Tragom Benediktinaca - Theme Trails, None, Sights & Landmarks, /Attraction_Review-g2095028-d20954932-Reviews-Brac_Sumartin_Povlja_Tragom_Benediktinaca_Theme_Trails-Sumartin_Brac_Island_Spl.html, /Attractions-g608703-Activities-Brac_Island_Split_Dalmatia_County_Dalmatia.html
