attraction_name, attraction_rate, attraction_type, attraction_url, attraction_parent_url
Hrvatski Dom Viganj Kuvenat, 4.5, Sights & Landmarks, /Attraction_Review-g1190303-d7123046-Reviews-Hrvatski_Dom_Viganj_Kuvenat-Viganj_Peljesac_Peninsula_Dubrovnik_Neretva_County_D.html, /Attractions-g1190303-Activities-Viganj_Peljesac_Peninsula_Dubrovnik_Neretva_County_Dalmatia.html
Vidikovac Viganj, 4.0, Nature & Parks, /Attraction_Review-g1190303-d12948803-Reviews-Vidikovac_Viganj-Viganj_Peljesac_Peninsula_Dubrovnik_Neretva_County_Dalmatia.html, /Attractions-g1190303-Activities-Viganj_Peljesac_Peninsula_Dubrovnik_Neretva_County_Dalmatia.html
Sveti Ivan, 4.0, Sights & Landmarks, /Attraction_Review-g1190303-d12911684-Reviews-Sveti_Ivan-Viganj_Peljesac_Peninsula_Dubrovnik_Neretva_County_Dalmatia.html, /Attractions-g1190303-Activities-Viganj_Peljesac_Peninsula_Dubrovnik_Neretva_County_Dalmatia.html
Saint Liberan Church, 3.5, Sights & Landmarks, /Attraction_Review-g1190303-d12991695-Reviews-Saint_Liberan_Church-Viganj_Peljesac_Peninsula_Dubrovnik_Neretva_County_Dalmati.html, /Attractions-g1190303-Activities-Viganj_Peljesac_Peninsula_Dubrovnik_Neretva_County_Dalmatia.html
Danielis Yachting, 5.0, Boat Tours & Water Sports, /Attraction_Review-g1190303-d7854872-Reviews-Danielis_Yachting-Viganj_Peljesac_Peninsula_Dubrovnik_Neretva_County_Dalmatia.html, /Attractions-g1190303-Activities-Viganj_Peljesac_Peninsula_Dubrovnik_Neretva_County_Dalmatia.html
Massage Centre Ventus, 5.0, Spas & Wellness, /Attraction_Review-g1190303-d10535533-Reviews-Massage_Centre_Ventus-Viganj_Peljesac_Peninsula_Dubrovnik_Neretva_County_Dalmat.html, /Attractions-g1190303-Activities-Viganj_Peljesac_Peninsula_Dubrovnik_Neretva_County_Dalmatia.html
Water Donkey Windsurfing and Kitesurfing Centre, 4.5, Boat Tours & Water Sports, /Attraction_Review-g1190303-d4742198-Reviews-Water_Donkey_Windsurfing_and_Kitesurfing_Centre-Viganj_Peljesac_Peninsula_Dubrov.html, /Attractions-g1190303-Activities-Viganj_Peljesac_Peninsula_Dubrovnik_Neretva_County_Dalmatia.html
Liberan Windsurf and Kitesurf Center, 5.0, Boat Tours & Water Sports, /Attraction_Review-g1190303-d4340735-Reviews-Liberan_Windsurf_and_Kitesurf_Center-Viganj_Peljesac_Peninsula_Dubrovnik_Neretva.html, /Attractions-g1190303-Activities-Viganj_Peljesac_Peninsula_Dubrovnik_Neretva_County_Dalmatia.html
