attraction_name, attraction_rate, attraction_type, attraction_url, attraction_parent_url
Walls of Dubrovnik, 4.5, Sights & Landmarks, /Attraction_Review-g295371-d522915-Reviews-Walls_of_Dubrovnik-Dubrovnik_Dubrovnik_Neretva_County_Dalmatia.html, /Attractions-g295371-Activities-Dubrovnik_Dubrovnik_Neretva_County_Dalmatia.html
Old Town, 4.5, Sights & Landmarks, /Attraction_Review-g295371-d550317-Reviews-Old_Town-Dubrovnik_Dubrovnik_Neretva_County_Dalmatia.html, /Attractions-g295371-Activities-Dubrovnik_Dubrovnik_Neretva_County_Dalmatia.html
Lokrum Island, 4.5, Nature & Parks, /Attraction_Review-g295371-d483261-Reviews-Lokrum_Island-Dubrovnik_Dubrovnik_Neretva_County_Dalmatia.html, /Attractions-g295371-Activities-Dubrovnik_Dubrovnik_Neretva_County_Dalmatia.html
Fort Lovrijenac, 4.5, Sights & Landmarks, /Attraction_Review-g295371-d523463-Reviews-Fort_Lovrijenac-Dubrovnik_Dubrovnik_Neretva_County_Dalmatia.html, /Attractions-g295371-Activities-Dubrovnik_Dubrovnik_Neretva_County_Dalmatia.html
Mount Srđ, 4.5, Nature & Parks, /Attraction_Review-g295371-d1956597-Reviews-Mount_Srd-Dubrovnik_Dubrovnik_Neretva_County_Dalmatia.html, /Attractions-g295371-Activities-Dubrovnik_Dubrovnik_Neretva_County_Dalmatia.html
Dubrovnik Cable Car, 4.5, Transportation, /Attraction_Review-g295371-d1886448-Reviews-Dubrovnik_Cable_Car-Dubrovnik_Dubrovnik_Neretva_County_Dalmatia.html, /Attractions-g295371-Activities-Dubrovnik_Dubrovnik_Neretva_County_Dalmatia.html
Lopud Island, 4.5, Nature & Parks, /Attraction_Review-g295371-d552671-Reviews-Lopud_Island-Dubrovnik_Dubrovnik_Neretva_County_Dalmatia.html, /Attractions-g295371-Activities-Dubrovnik_Dubrovnik_Neretva_County_Dalmatia.html
Stradun, 4.5, Sights & Landmarks, /Attraction_Review-g295371-d550238-Reviews-Stradun-Dubrovnik_Dubrovnik_Neretva_County_Dalmatia.html, /Attractions-g295371-Activities-Dubrovnik_Dubrovnik_Neretva_County_Dalmatia.html
Pile Gate, 4.0, Sights & Landmarks, /Attraction_Review-g295371-d550296-Reviews-Pile_Gate-Dubrovnik_Dubrovnik_Neretva_County_Dalmatia.html, /Attractions-g295371-Activities-Dubrovnik_Dubrovnik_Neretva_County_Dalmatia.html
Lapad, 4.5, Sights & Landmarks, /Attraction_Review-g295371-d552669-Reviews-Lapad-Dubrovnik_Dubrovnik_Neretva_County_Dalmatia.html, /Attractions-g295371-Activities-Dubrovnik_Dubrovnik_Neretva_County_Dalmatia.html
Elafiti Islands, 4.0, Nature & Parks, /Attraction_Review-g295371-d552666-Reviews-Elafiti_Islands-Dubrovnik_Dubrovnik_Neretva_County_Dalmatia.html, /Attractions-g295371-Activities-Dubrovnik_Dubrovnik_Neretva_County_Dalmatia.html
Zarkovica Animal Shelter, 5.0, Nature & Parks, /Attraction_Review-g295371-d10716189-Reviews-Zarkovica_Animal_Shelter-Dubrovnik_Dubrovnik_Neretva_County_Dalmatia.html, /Attractions-g295371-Activities-Dubrovnik_Dubrovnik_Neretva_County_Dalmatia.html
Korcula Island - Priscapac, 4.5, Nature & Parks, /Attraction_Review-g295371-d552787-Reviews-Korcula_Island_Priscapac-Dubrovnik_Dubrovnik_Neretva_County_Dalmatia.html, /Attractions-g295371-Activities-Dubrovnik_Dubrovnik_Neretva_County_Dalmatia.html
Kolocep Island, 4.5, Nature & Parks, /Attraction_Review-g295371-d552786-Reviews-Kolocep_Island-Dubrovnik_Dubrovnik_Neretva_County_Dalmatia.html, /Attractions-g295371-Activities-Dubrovnik_Dubrovnik_Neretva_County_Dalmatia.html
War Photo Limited, 4.5, Museums, /Attraction_Review-g295371-d611022-Reviews-War_Photo_Limited-Dubrovnik_Dubrovnik_Neretva_County_Dalmatia.html, /Attractions-g295371-Activities-Dubrovnik_Dubrovnik_Neretva_County_Dalmatia.html
Museum of Croatian War of Independence, 4.0, Museums, /Attraction_Review-g295371-d2069404-Reviews-Museum_of_Croatian_War_of_Independence-Dubrovnik_Dubrovnik_Neretva_County_Dalmati.html, /Attractions-g295371-Activities-Dubrovnik_Dubrovnik_Neretva_County_Dalmatia.html
Rector's Palace, 4.0, Museums, /Attraction_Review-g295371-d319480-Reviews-Rector_s_Palace-Dubrovnik_Dubrovnik_Neretva_County_Dalmatia.html, /Attractions-g295371-Activities-Dubrovnik_Dubrovnik_Neretva_County_Dalmatia.html
Sipan, 4.5, Nature & Parks, /Attraction_Review-g295371-d1027737-Reviews-Sipan-Dubrovnik_Dubrovnik_Neretva_County_Dalmatia.html, /Attractions-g295371-Activities-Dubrovnik_Dubrovnik_Neretva_County_Dalmatia.html
The Franciscan Church and Monastery, 4.0, Traveller Resources, /Attraction_Review-g295371-d317714-Reviews-The_Franciscan_Church_and_Monastery-Dubrovnik_Dubrovnik_Neretva_County_Dalmatia.html, /Attractions-g295371-Activities-Dubrovnik_Dubrovnik_Neretva_County_Dalmatia.html
Sveti Jakov Beach, 4.5, Nature & Parks, /Attraction_Review-g295371-d3393049-Reviews-Sveti_Jakov_Beach-Dubrovnik_Dubrovnik_Neretva_County_Dalmatia.html, /Attractions-g295371-Activities-Dubrovnik_Dubrovnik_Neretva_County_Dalmatia.html
Red History Museum, 5.0, Museums, /Attraction_Review-g295371-d17342134-Reviews-Red_History_Museum-Dubrovnik_Dubrovnik_Neretva_County_Dalmatia.html, /Attractions-g295371-Activities-Dubrovnik_Dubrovnik_Neretva_County_Dalmatia.html
Dubrovnik Beer Company, 5.0, Food & Drink, /Attraction_Review-g295371-d14123535-Reviews-Dubrovnik_Beer_Company-Dubrovnik_Dubrovnik_Neretva_County_Dalmatia.html, /Attractions-g295371-Activities-Dubrovnik_Dubrovnik_Neretva_County_Dalmatia.html
City Harbor, 4.5, Nature & Parks, /Attraction_Review-g295371-d553496-Reviews-City_Harbor-Dubrovnik_Dubrovnik_Neretva_County_Dalmatia.html, /Attractions-g295371-Activities-Dubrovnik_Dubrovnik_Neretva_County_Dalmatia.html
Beach Kupari, 4.5, Nature & Parks, /Attraction_Review-g295371-d6900924-Reviews-Beach_Kupari-Dubrovnik_Dubrovnik_Neretva_County_Dalmatia.html, /Attractions-g295371-Activities-Dubrovnik_Dubrovnik_Neretva_County_Dalmatia.html
Minceta Fortress, 4.5, Sights & Landmarks, /Attraction_Review-g295371-d549392-Reviews-Minceta_Fortress-Dubrovnik_Dubrovnik_Neretva_County_Dalmatia.html, /Attractions-g295371-Activities-Dubrovnik_Dubrovnik_Neretva_County_Dalmatia.html
Love Stories Museum, 4.5, Museums, /Attraction_Review-g295371-d14086357-Reviews-Love_Stories_Museum-Dubrovnik_Dubrovnik_Neretva_County_Dalmatia.html, /Attractions-g295371-Activities-Dubrovnik_Dubrovnik_Neretva_County_Dalmatia.html
Church of Saint Blaise, 4.0, Sights & Landmarks, /Attraction_Review-g295371-d550324-Reviews-Church_of_Saint_Blaise-Dubrovnik_Dubrovnik_Neretva_County_Dalmatia.html, /Attractions-g295371-Activities-Dubrovnik_Dubrovnik_Neretva_County_Dalmatia.html
Onophrian Fountain, 4.0, Sights & Landmarks, /Attraction_Review-g295371-d553498-Reviews-Onophrian_Fountain-Dubrovnik_Dubrovnik_Neretva_County_Dalmatia.html, /Attractions-g295371-Activities-Dubrovnik_Dubrovnik_Neretva_County_Dalmatia.html
Banje Beach, 3.0, Nature & Parks, /Attraction_Review-g295371-d2487410-Reviews-Banje_Beach-Dubrovnik_Dubrovnik_Neretva_County_Dalmatia.html, /Attractions-g295371-Activities-Dubrovnik_Dubrovnik_Neretva_County_Dalmatia.html
St. John's Fortress, 4.5, Sights & Landmarks, /Attraction_Review-g295371-d553493-Reviews-St_John_s_Fortress-Dubrovnik_Dubrovnik_Neretva_County_Dalmatia.html, /Attractions-g295371-Activities-Dubrovnik_Dubrovnik_Neretva_County_Dalmatia.html
