attraction_name, attraction_rate, attraction_type, attraction_url, attraction_parent_url
Vransko Jezero Nature Park, 4.5, Nature & Parks, /Attraction_Review-g608702-d5894061-Reviews-Vransko_Jezero_Nature_Park-Biograd_na_Moru_Zadar_County_Dalmatia.html, /Attractions-g608702-Activities-Biograd_na_Moru_Zadar_County_Dalmatia.html
Marina Kornati, 4.0, Nature & Parks, /Attraction_Review-g608702-d633517-Reviews-Marina_Kornati-Biograd_na_Moru_Zadar_County_Dalmatia.html, /Attractions-g608702-Activities-Biograd_na_Moru_Zadar_County_Dalmatia.html
Fun Park Biograd, 3.5, Water & Amusement Parks, /Attraction_Review-g608702-d12674108-Reviews-Fun_Park_Biograd-Biograd_na_Moru_Zadar_County_Dalmatia.html, /Attractions-g608702-Activities-Biograd_na_Moru_Zadar_County_Dalmatia.html
Beach Vela Draga, 4.5, Nature & Parks, /Attraction_Review-g608702-d12794388-Reviews-Beach_Vela_Draga-Biograd_na_Moru_Zadar_County_Dalmatia.html, /Attractions-g608702-Activities-Biograd_na_Moru_Zadar_County_Dalmatia.html
Zavicajni Muzej Biograd Na Moru, 4.5, Museums, /Attraction_Review-g608702-d7112407-Reviews-Zavicajni_Muzej_Biograd_Na_Moru-Biograd_na_Moru_Zadar_County_Dalmatia.html, /Attractions-g608702-Activities-Biograd_na_Moru_Zadar_County_Dalmatia.html
Trim Nautica Charter, 5.0, Boat Tours & Water Sports, /Attraction_Review-g608702-d10745187-Reviews-Trim_Nautica_Charter-Biograd_na_Moru_Zadar_County_Dalmatia.html, /Attractions-g608702-Activities-Biograd_na_Moru_Zadar_County_Dalmatia.html
Konjicki Klub Vencel, 5.0, Outdoor Activities, /Attraction_Review-g608702-d6432263-Reviews-Konjicki_Klub_Vencel-Biograd_na_Moru_Zadar_County_Dalmatia.html, /Attractions-g608702-Activities-Biograd_na_Moru_Zadar_County_Dalmatia.html
Buggy Croatia Biograd, 5.0, Tours, /Attraction_Review-g608702-d12458168-Reviews-Buggy_Croatia_Biograd-Biograd_na_Moru_Zadar_County_Dalmatia.html, /Attractions-g608702-Activities-Biograd_na_Moru_Zadar_County_Dalmatia.html
Just Dive Croatia, 5.0, Boat Tours & Water Sports, /Attraction_Review-g608702-d15081175-Reviews-Just_Dive_Croatia-Biograd_na_Moru_Zadar_County_Dalmatia.html, /Attractions-g608702-Activities-Biograd_na_Moru_Zadar_County_Dalmatia.html
True Croatia Boat Experience, 5.0, Food & Drink, /Attraction_Review-g608702-d17826743-Reviews-True_Croatia_Boat_Experience-Biograd_na_Moru_Zadar_County_Dalmatia.html, /Attractions-g608702-Activities-Biograd_na_Moru_Zadar_County_Dalmatia.html
SkverTours Travel Agency, 5.0, Boat Tours & Water Sports, /Attraction_Review-g608702-d15887201-Reviews-SkverTours_Travel_Agency-Biograd_na_Moru_Zadar_County_Dalmatia.html, /Attractions-g608702-Activities-Biograd_na_Moru_Zadar_County_Dalmatia.html
Bougainville Diving, 5.0, Boat Tours & Water Sports, /Attraction_Review-g608702-d2263527-Reviews-Bougainville_Diving-Biograd_na_Moru_Zadar_County_Dalmatia.html, /Attractions-g608702-Activities-Biograd_na_Moru_Zadar_County_Dalmatia.html
Pro Eko, 5.0, Boat Tours & Water Sports, /Attraction_Review-g608702-d13120604-Reviews-Pro_Eko-Biograd_na_Moru_Zadar_County_Dalmatia.html, /Attractions-g608702-Activities-Biograd_na_Moru_Zadar_County_Dalmatia.html
Adventure Park, 4.5, Fun & Games, /Attraction_Review-g608702-d12658357-Reviews-Adventure_Park-Biograd_na_Moru_Zadar_County_Dalmatia.html, /Attractions-g608702-Activities-Biograd_na_Moru_Zadar_County_Dalmatia.html
Kulas Rent A Boat, 4.0, Boat Tours & Water Sports, /Attraction_Review-g608702-d7606094-Reviews-Kulas_Rent_A_Boat-Biograd_na_Moru_Zadar_County_Dalmatia.html, /Attractions-g608702-Activities-Biograd_na_Moru_Zadar_County_Dalmatia.html
Charter Novak, 4.0, Boat Tours & Water Sports, /Attraction_Review-g608702-d14931675-Reviews-Charter_Novak-Biograd_na_Moru_Zadar_County_Dalmatia.html, /Attractions-g608702-Activities-Biograd_na_Moru_Zadar_County_Dalmatia.html
Event Ship Nada, 4.0, Tours, /Attraction_Review-g608702-d6963974-Reviews-Event_Ship_Nada-Biograd_na_Moru_Zadar_County_Dalmatia.html, /Attractions-g608702-Activities-Biograd_na_Moru_Zadar_County_Dalmatia.html
Rent A Boat Biograd Mono, 5.0, Boat Tours & Water Sports, /Attraction_Review-g608702-d21156119-Reviews-Rent_A_Boat_Biograd_Mono-Biograd_na_Moru_Zadar_County_Dalmatia.html, /Attractions-g608702-Activities-Biograd_na_Moru_Zadar_County_Dalmatia.html
Rent a SUP, 5.0, Boat Tours & Water Sports, /Attraction_Review-g608702-d17610587-Reviews-Rent_a_SUP-Biograd_na_Moru_Zadar_County_Dalmatia.html, /Attractions-g608702-Activities-Biograd_na_Moru_Zadar_County_Dalmatia.html
Redsunrentals, 5.0, Boat Tours & Water Sports, /Attraction_Review-g608702-d21234175-Reviews-Redsunrentals-Biograd_na_Moru_Zadar_County_Dalmatia.html, /Attractions-g608702-Activities-Biograd_na_Moru_Zadar_County_Dalmatia.html
Yachts4Rent, 5.0, Boat Tours & Water Sports, /Attraction_Review-g608702-d17695459-Reviews-Yachts4Rent-Biograd_na_Moru_Zadar_County_Dalmatia.html, /Attractions-g608702-Activities-Biograd_na_Moru_Zadar_County_Dalmatia.html
Bay Charter, 3.5, Boat Tours & Water Sports, /Attraction_Review-g608702-d12219254-Reviews-Bay_Charter-Biograd_na_Moru_Zadar_County_Dalmatia.html, /Attractions-g608702-Activities-Biograd_na_Moru_Zadar_County_Dalmatia.html
Beach Bar Pattaya, 3.5, Nightlife, /Attraction_Review-g608702-d15051783-Reviews-Beach_Bar_Pattaya-Biograd_na_Moru_Zadar_County_Dalmatia.html, /Attractions-g608702-Activities-Biograd_na_Moru_Zadar_County_Dalmatia.html
Energy Clinic Crvena Luka Resort, None, Spas & Wellness, /Attraction_Review-g608702-d13967282-Reviews-Energy_Clinic_Crvena_Luka_Resort-Biograd_na_Moru_Zadar_County_Dalmatia.html, /Attractions-g608702-Activities-Biograd_na_Moru_Zadar_County_Dalmatia.html
Tantra Spirit Festival, None, Food & Drink, /Attraction_Review-g608702-d17324242-Reviews-Tantra_Spirit_Festival-Biograd_na_Moru_Zadar_County_Dalmatia.html, /Attractions-g608702-Activities-Biograd_na_Moru_Zadar_County_Dalmatia.html
Bure Centar, None, Shopping, /Attraction_Review-g608702-d17426049-Reviews-Bure_Centar-Biograd_na_Moru_Zadar_County_Dalmatia.html, /Attractions-g608702-Activities-Biograd_na_Moru_Zadar_County_Dalmatia.html
Smiljana Drk, None, Shopping, /Attraction_Review-g608702-d17737059-Reviews-Smiljana_Drk-Biograd_na_Moru_Zadar_County_Dalmatia.html, /Attractions-g608702-Activities-Biograd_na_Moru_Zadar_County_Dalmatia.html
dein Skipper Marko, None, Food & Drink, /Attraction_Review-g608702-d17736241-Reviews-Dein_Skipper_Marko-Biograd_na_Moru_Zadar_County_Dalmatia.html, /Attractions-g608702-Activities-Biograd_na_Moru_Zadar_County_Dalmatia.html
Rent a boat Biograd, None, Tours, /Attraction_Review-g608702-d17527251-Reviews-Rent_a_boat_Biograd-Biograd_na_Moru_Zadar_County_Dalmatia.html, /Attractions-g608702-Activities-Biograd_na_Moru_Zadar_County_Dalmatia.html
