attraction_name, attraction_rate, attraction_type, attraction_url, attraction_parent_url
Square of Petar Preradovic, 4.0, Sights & Landmarks, /Attraction_Review-g294454-d7023736-Reviews-Square_of_Petar_Preradovic-Zagreb_Central_Croatia.html, /Attractions-g294454-Activities-Zagreb_Central_Croatia.html
Statue of Marija Juric Zagorka, 4.0, Sights & Landmarks, /Attraction_Review-g294454-d8284713-Reviews-Statue_of_Marija_Juric_Zagorka-Zagreb_Central_Croatia.html, /Attractions-g294454-Activities-Zagreb_Central_Croatia.html
Croatian State Archives, 4.0, Museums, /Attraction_Review-g294454-d3367481-Reviews-Croatian_State_Archives-Zagreb_Central_Croatia.html, /Attractions-g294454-Activities-Zagreb_Central_Croatia.html
INmusic Festival, 4.0, Events, /Attraction_Review-g294454-d10020379-Reviews-INmusic_Festival-Zagreb_Central_Croatia.html, /Attractions-g294454-Activities-Zagreb_Central_Croatia.html
Saint George Statue, 4.0, Sights & Landmarks, /Attraction_Review-g294454-d5111725-Reviews-Saint_George_Statue-Zagreb_Central_Croatia.html, /Attractions-g294454-Activities-Zagreb_Central_Croatia.html
Zagreb Electric Tram, 4.0, Transportation, /Attraction_Review-g294454-d10398864-Reviews-Zagreb_Electric_Tram-Zagreb_Central_Croatia.html, /Attractions-g294454-Activities-Zagreb_Central_Croatia.html
Hrelic Flea Market, 3.5, Shopping, /Attraction_Review-g294454-d2649398-Reviews-Hrelic_Flea_Market-Zagreb_Central_Croatia.html, /Attractions-g294454-Activities-Zagreb_Central_Croatia.html
City Center one West, 4.0, Shopping, /Attraction_Review-g294454-d8126227-Reviews-City_Center_one_West-Zagreb_Central_Croatia.html, /Attractions-g294454-Activities-Zagreb_Central_Croatia.html
Statue of Kumica Barica, 4.0, Sights & Landmarks, /Attraction_Review-g294454-d8660625-Reviews-Statue_of_Kumica_Barica-Zagreb_Central_Croatia.html, /Attractions-g294454-Activities-Zagreb_Central_Croatia.html
King Tomislav Statue, 4.0, Sights & Landmarks, /Attraction_Review-g294454-d12859563-Reviews-King_Tomislav_Statue-Zagreb_Central_Croatia.html, /Attractions-g294454-Activities-Zagreb_Central_Croatia.html
Croatian History Museum (Hrvatski Povijesni Muzej), 3.5, Museums, /Attraction_Review-g294454-d317699-Reviews-Croatian_History_Museum_Hrvatski_Povijesni_Muzej-Zagreb_Central_Croatia.html, /Attractions-g294454-Activities-Zagreb_Central_Croatia.html
Stadion Maksimir, 2.5, Sights & Landmarks, /Attraction_Review-g294454-d12958129-Reviews-Stadion_Maksimir-Zagreb_Central_Croatia.html, /Attractions-g294454-Activities-Zagreb_Central_Croatia.html
Mandusevac Fountain, 3.5, Sights & Landmarks, /Attraction_Review-g294454-d549680-Reviews-Mandusevac_Fountain-Zagreb_Central_Croatia.html, /Attractions-g294454-Activities-Zagreb_Central_Croatia.html
Antun Gustav Matos Statue, 4.0, Sights & Landmarks, /Attraction_Review-g294454-d8657400-Reviews-Antun_Gustav_Matos_Statue-Zagreb_Central_Croatia.html, /Attractions-g294454-Activities-Zagreb_Central_Croatia.html
Zagreb Mosque, 4.5, Sights & Landmarks, /Attraction_Review-g294454-d7966977-Reviews-Zagreb_Mosque-Zagreb_Central_Croatia.html, /Attractions-g294454-Activities-Zagreb_Central_Croatia.html
Kino Europa, 4.5, Concerts & Shows, /Attraction_Review-g294454-d1645399-Reviews-Kino_Europa-Zagreb_Central_Croatia.html, /Attractions-g294454-Activities-Zagreb_Central_Croatia.html
Statue of Petrica Kerempuh, 4.0, Sights & Landmarks, /Attraction_Review-g294454-d9801231-Reviews-Statue_of_Petrica_Kerempuh-Zagreb_Central_Croatia.html, /Attractions-g294454-Activities-Zagreb_Central_Croatia.html
Klovićevi Dvori Gallery, 4.0, Museums, /Attraction_Review-g294454-d12346837-Reviews-Klovicevi_Dvori_Gallery-Zagreb_Central_Croatia.html, /Attractions-g294454-Activities-Zagreb_Central_Croatia.html
Croatian Parliament Building, 3.5, Sights & Landmarks, /Attraction_Review-g294454-d12870470-Reviews-Croatian_Parliament_Building-Zagreb_Central_Croatia.html, /Attractions-g294454-Activities-Zagreb_Central_Croatia.html
St. Mary's Church, 3.5, Sights & Landmarks, /Attraction_Review-g294454-d7257640-Reviews-St_Mary_s_Church-Zagreb_Central_Croatia.html, /Attractions-g294454-Activities-Zagreb_Central_Croatia.html
Plaque of Nikola Tesla, 4.0, Sights & Landmarks, /Attraction_Review-g294454-d10359769-Reviews-Plaque_of_Nikola_Tesla-Zagreb_Central_Croatia.html, /Attractions-g294454-Activities-Zagreb_Central_Croatia.html
Muzej Cokolade Zagreb, 5.0, Museums, /Attraction_Review-g294454-d19493466-Reviews-Muzej_Cokolade_Zagreb-Zagreb_Central_Croatia.html, /Attractions-g294454-Activities-Zagreb_Central_Croatia.html
Zagreb Ethnographic Museum, 4.0, Museums, /Attraction_Review-g294454-d1985340-Reviews-Zagreb_Ethnographic_Museum-Zagreb_Central_Croatia.html, /Attractions-g294454-Activities-Zagreb_Central_Croatia.html
Avenue Mall, 4.0, Shopping, /Attraction_Review-g294454-d7125564-Reviews-Avenue_Mall-Zagreb_Central_Croatia.html, /Attractions-g294454-Activities-Zagreb_Central_Croatia.html
Meteorological Pole, 4.0, Sights & Landmarks, /Attraction_Review-g294454-d13151471-Reviews-Meteorological_Pole-Zagreb_Central_Croatia.html, /Attractions-g294454-Activities-Zagreb_Central_Croatia.html
City Center One, 4.0, Shopping, /Attraction_Review-g294454-d10262790-Reviews-City_Center_One-Zagreb_Central_Croatia.html, /Attractions-g294454-Activities-Zagreb_Central_Croatia.html
Konzum, 3.5, Shopping, /Attraction_Review-g294454-d13435144-Reviews-Konzum-Zagreb_Central_Croatia.html, /Attractions-g294454-Activities-Zagreb_Central_Croatia.html
Strossmayer Square, 4.0, Nature & Parks, /Attraction_Review-g294454-d10229437-Reviews-Strossmayer_Square-Zagreb_Central_Croatia.html, /Attractions-g294454-Activities-Zagreb_Central_Croatia.html
Park Ribnjak, 4.0, Nature & Parks, /Attraction_Review-g294454-d13478500-Reviews-Park_Ribnjak-Zagreb_Central_Croatia.html, /Attractions-g294454-Activities-Zagreb_Central_Croatia.html
Medvednica Nature Park, 4.5, Nature & Parks, /Attraction_Review-g294454-d10669772-Reviews-Medvednica_Nature_Park-Zagreb_Central_Croatia.html, /Attractions-g294454-Activities-Zagreb_Central_Croatia.html
