attraction_name, attraction_rate, attraction_type, attraction_url, attraction_parent_url
Planjka - Trinćel, 4.0, Nature & Parks, /Attraction_Review-g1190791-d10753632-Reviews-Planjka_Trincel-Stara_Novalja_Lika_Senj_County.html, /Attractions-g1190791-Activities-Stara_Novalja_Lika_Senj_County.html
Connex Diving, 5.0, Boat Tours & Water Sports, /Attraction_Review-g1190791-d6732559-Reviews-Connex_Diving-Stara_Novalja_Lika_Senj_County.html, /Attractions-g1190791-Activities-Stara_Novalja_Lika_Senj_County.html
Ocean Pro, 5.0, Boat Tours & Water Sports, /Attraction_Review-g1190791-d9842925-Reviews-Ocean_Pro-Stara_Novalja_Lika_Senj_County.html, /Attractions-g1190791-Activities-Stara_Novalja_Lika_Senj_County.html
Lagona Divers, 5.0, Boat Tours & Water Sports, /Attraction_Review-g1190791-d12547330-Reviews-Lagona_Divers-Stara_Novalja_Lika_Senj_County.html, /Attractions-g1190791-Activities-Stara_Novalja_Lika_Senj_County.html
Blue Bay Diving Center, 3.0, Boat Tours & Water Sports, /Attraction_Review-g1190791-d4460387-Reviews-Blue_Bay_Diving_Center-Stara_Novalja_Lika_Senj_County.html, /Attractions-g1190791-Activities-Stara_Novalja_Lika_Senj_County.html
