attraction_name, attraction_rate, attraction_type, attraction_url, attraction_parent_url
Homeland War Memorial, 3.5, Sights & Landmarks, /Attraction_Review-g674800-d15323152-Reviews-Homeland_War_Memorial-Slano_Dubrovnik_Neretva_County_Dalmatia.html, /Attractions-g674800-Activities-Slano_Dubrovnik_Neretva_County_Dalmatia.html
Rector's Palace, 3.5, Sights & Landmarks, /Attraction_Review-g674800-d17441311-Reviews-Rector_s_Palace-Slano_Dubrovnik_Neretva_County_Dalmatia.html, /Attractions-g674800-Activities-Slano_Dubrovnik_Neretva_County_Dalmatia.html
Obala Slano, 5.0, Boat Tours & Water Sports, /Attraction_Review-g674800-d15198006-Reviews-Obala_Slano-Slano_Dubrovnik_Neretva_County_Dalmatia.html, /Attractions-g674800-Activities-Slano_Dubrovnik_Neretva_County_Dalmatia.html
Amaze.d Wellness &amp; Spa, None, Spas & Wellness, /Attraction_Review-g674800-d14053123-Reviews-Amaze_d_Wellness_Spa-Slano_Dubrovnik_Neretva_County_Dalmatia.html, /Attractions-g674800-Activities-Slano_Dubrovnik_Neretva_County_Dalmatia.html
