attraction_name, attraction_rate, attraction_type, attraction_url, attraction_parent_url
Tkalčićeva, 4.5, Sights & Landmarks, /Attraction_Review-g294454-d549763-Reviews-Tkalciceva-Zagreb_Central_Croatia.html, /Attractions-g294454-Activities-Zagreb_Central_Croatia.html
Upper Town (Gornji Grad), 4.5, Sights & Landmarks, /Attraction_Review-g294454-d549627-Reviews-Upper_Town_Gornji_Grad-Zagreb_Central_Croatia.html, /Attractions-g294454-Activities-Zagreb_Central_Croatia.html
St. Mark's Church (Crkva sv. Marka), 4.5, Sights & Landmarks, /Attraction_Review-g294454-d316411-Reviews-St_Mark_s_Church_Crkva_sv_Marka-Zagreb_Central_Croatia.html, /Attractions-g294454-Activities-Zagreb_Central_Croatia.html
Museum of Broken Relationships, 4.0, Museums, /Attraction_Review-g294454-d1929841-Reviews-Museum_of_Broken_Relationships-Zagreb_Central_Croatia.html, /Attractions-g294454-Activities-Zagreb_Central_Croatia.html
Museum of Illusions, 4.0, Museums, /Attraction_Review-g294454-d8421378-Reviews-Museum_of_Illusions-Zagreb_Central_Croatia.html, /Attractions-g294454-Activities-Zagreb_Central_Croatia.html
Mirogoj Cemetery, 4.5, Sights & Landmarks, /Attraction_Review-g294454-d316812-Reviews-Mirogoj_Cemetery-Zagreb_Central_Croatia.html, /Attractions-g294454-Activities-Zagreb_Central_Croatia.html
Cathedral of the Assumption, 4.5, Sights & Landmarks, /Attraction_Review-g294454-d548412-Reviews-Cathedral_of_the_Assumption-Zagreb_Central_Croatia.html, /Attractions-g294454-Activities-Zagreb_Central_Croatia.html
Dolac Market, 4.0, Food & Drink, /Attraction_Review-g294454-d548398-Reviews-Dolac_Market-Zagreb_Central_Croatia.html, /Attractions-g294454-Activities-Zagreb_Central_Croatia.html
Jelacic Square (Trg Bana Josipa Jelacica), 4.0, Shopping, /Attraction_Review-g294454-d316800-Reviews-Jelacic_Square_Trg_Bana_Josipa_Jelacica-Zagreb_Central_Croatia.html, /Attractions-g294454-Activities-Zagreb_Central_Croatia.html
Maksimir Park (Maksimirirski perivoj), 4.5, Zoos & Aquariums, /Attraction_Review-g294454-d316808-Reviews-Maksimir_Park_Maksimirirski_perivoj-Zagreb_Central_Croatia.html, /Attractions-g294454-Activities-Zagreb_Central_Croatia.html
Croatian Museum of Naive Art, 4.5, Museums, /Attraction_Review-g294454-d2236328-Reviews-Croatian_Museum_of_Naive_Art-Zagreb_Central_Croatia.html, /Attractions-g294454-Activities-Zagreb_Central_Croatia.html
Lotrščak Tower, 4.5, Sights & Landmarks, /Attraction_Review-g294454-d316408-Reviews-Lotrscak_Tower-Zagreb_Central_Croatia.html, /Attractions-g294454-Activities-Zagreb_Central_Croatia.html
Zagreb 80's Museum, 4.5, Museums, /Attraction_Review-g294454-d13230105-Reviews-Zagreb_80_s_Museum-Zagreb_Central_Croatia.html, /Attractions-g294454-Activities-Zagreb_Central_Croatia.html
Funicular Railway, 4.0, Transportation, /Attraction_Review-g294454-d546665-Reviews-Funicular_Railway-Zagreb_Central_Croatia.html, /Attractions-g294454-Activities-Zagreb_Central_Croatia.html
Zrinjevac, 4.5, Nature & Parks, /Attraction_Review-g294454-d549623-Reviews-Zrinjevac-Zagreb_Central_Croatia.html, /Attractions-g294454-Activities-Zagreb_Central_Croatia.html
Zagreb Zoo, 4.0, Zoos & Aquariums, /Attraction_Review-g294454-d549625-Reviews-Zagreb_Zoo-Zagreb_Central_Croatia.html, /Attractions-g294454-Activities-Zagreb_Central_Croatia.html
Lower Town, 4.5, Sights & Landmarks, /Attraction_Review-g294454-d549679-Reviews-Lower_Town-Zagreb_Central_Croatia.html, /Attractions-g294454-Activities-Zagreb_Central_Croatia.html
Medvednica mountain (Sljeme), 4.5, Nature & Parks, /Attraction_Review-g294454-d549693-Reviews-Medvednica_mountain_Sljeme-Zagreb_Central_Croatia.html, /Attractions-g294454-Activities-Zagreb_Central_Croatia.html
Image of War - War Photography Museum, 5.0, Museums, /Attraction_Review-g294454-d14934075-Reviews-Image_of_War_War_Photography_Museum-Zagreb_Central_Croatia.html, /Attractions-g294454-Activities-Zagreb_Central_Croatia.html
Croatian National Theatre in Zagreb, 4.5, Concerts & Shows, /Attraction_Review-g294454-d316417-Reviews-Croatian_National_Theatre_in_Zagreb-Zagreb_Central_Croatia.html, /Attractions-g294454-Activities-Zagreb_Central_Croatia.html
Tunel Gric, 4.0, Sights & Landmarks, /Attraction_Review-g294454-d10538906-Reviews-Tunel_Gric-Zagreb_Central_Croatia.html, /Attractions-g294454-Activities-Zagreb_Central_Croatia.html
Botanical Garden, 4.0, Nature & Parks, /Attraction_Review-g294454-d548349-Reviews-Botanical_Garden-Zagreb_Central_Croatia.html, /Attractions-g294454-Activities-Zagreb_Central_Croatia.html
Mimara Museum, 4.0, Museums, /Attraction_Review-g294454-d316420-Reviews-Mimara_Museum-Zagreb_Central_Croatia.html, /Attractions-g294454-Activities-Zagreb_Central_Croatia.html
Jarun Lake, 4.5, Fun & Games, /Attraction_Review-g294454-d549626-Reviews-Jarun_Lake-Zagreb_Central_Croatia.html, /Attractions-g294454-Activities-Zagreb_Central_Croatia.html
King Tomislav Square, 4.5, Sights & Landmarks, /Attraction_Review-g294454-d548742-Reviews-King_Tomislav_Square-Zagreb_Central_Croatia.html, /Attractions-g294454-Activities-Zagreb_Central_Croatia.html
Zagreb 360, 4.0, Sights & Landmarks, /Attraction_Review-g294454-d4116334-Reviews-Zagreb_360-Zagreb_Central_Croatia.html, /Attractions-g294454-Activities-Zagreb_Central_Croatia.html
Archaeological Museum in Zagreb, 4.5, Museums, /Attraction_Review-g294454-d317697-Reviews-Archaeological_Museum_in_Zagreb-Zagreb_Central_Croatia.html, /Attractions-g294454-Activities-Zagreb_Central_Croatia.html
Arena Centar, 4.5, Shopping, /Attraction_Review-g294454-d4943717-Reviews-Arena_Centar-Zagreb_Central_Croatia.html, /Attractions-g294454-Activities-Zagreb_Central_Croatia.html
Strossmayer Promenade, 4.5, Sights & Landmarks, /Attraction_Review-g294454-d8652012-Reviews-Strossmayer_Promenade-Zagreb_Central_Croatia.html, /Attractions-g294454-Activities-Zagreb_Central_Croatia.html
Ban Josip Jelacic Monument, 4.0, Sights & Landmarks, /Attraction_Review-g294454-d546669-Reviews-Ban_Josip_Jelacic_Monument-Zagreb_Central_Croatia.html, /Attractions-g294454-Activities-Zagreb_Central_Croatia.html
