attraction_name, attraction_rate, attraction_type, attraction_url, attraction_parent_url
Underwater park Punat, 5.0, Water & Amusement Parks, /Attraction_Review-g303830-d12543344-Reviews-Underwater_park_Punat-Punat_Krk_Island_Kvarner_Bay_Islands_Primorje_Gorski_Kotar.html, /Attractions-g303830-Activities-Punat_Krk_Island_Kvarner_Bay_Islands_Primorje_Gorski_Kotar_County.html
Punat Beach, 4.0, Nature & Parks, /Attraction_Review-g303830-d15856395-Reviews-Punat_Beach-Punat_Krk_Island_Kvarner_Bay_Islands_Primorje_Gorski_Kotar_County.html, /Attractions-g303830-Activities-Punat_Krk_Island_Kvarner_Bay_Islands_Primorje_Gorski_Kotar_County.html
Church of St. Roch, 4.0, Sights & Landmarks, /Attraction_Review-g303830-d6028419-Reviews-Church_of_St_Roch-Punat_Krk_Island_Kvarner_Bay_Islands_Primorje_Gorski_Kotar_Coun.html, /Attractions-g303830-Activities-Punat_Krk_Island_Kvarner_Bay_Islands_Primorje_Gorski_Kotar_County.html
Church of St. Donatus, 4.5, Sights & Landmarks, /Attraction_Review-g303830-d6028377-Reviews-Church_of_St_Donatus-Punat_Krk_Island_Kvarner_Bay_Islands_Primorje_Gorski_Kotar_C.html, /Attractions-g303830-Activities-Punat_Krk_Island_Kvarner_Bay_Islands_Primorje_Gorski_Kotar_County.html
Church of St. Nicholas, 3.5, Sights & Landmarks, /Attraction_Review-g303830-d6028423-Reviews-Church_of_St_Nicholas-Punat_Krk_Island_Kvarner_Bay_Islands_Primorje_Gorski_Kotar_.html, /Attractions-g303830-Activities-Punat_Krk_Island_Kvarner_Bay_Islands_Primorje_Gorski_Kotar_County.html
Chapel of St. Peter Remains, 4.0, Sights & Landmarks, /Attraction_Review-g303830-d6028357-Reviews-Chapel_of_St_Peter_Remains-Punat_Krk_Island_Kvarner_Bay_Islands_Primorje_Gorski_K.html, /Attractions-g303830-Activities-Punat_Krk_Island_Kvarner_Bay_Islands_Primorje_Gorski_Kotar_County.html
Church of St. Trinity, 3.0, Sights & Landmarks, /Attraction_Review-g303830-d7098514-Reviews-Church_of_St_Trinity-Punat_Krk_Island_Kvarner_Bay_Islands_Primorje_Gorski_Kotar_C.html, /Attractions-g303830-Activities-Punat_Krk_Island_Kvarner_Bay_Islands_Primorje_Gorski_Kotar_County.html
Taxi Boat Punat, 5.0, Boat Tours & Water Sports, /Attraction_Review-g303830-d16663086-Reviews-Taxi_Boat_Punat-Punat_Krk_Island_Kvarner_Bay_Islands_Primorje_Gorski_Kotar_Count.html, /Attractions-g303830-Activities-Punat_Krk_Island_Kvarner_Bay_Islands_Primorje_Gorski_Kotar_County.html
Hang-Loose-Diving, 5.0, Boat Tours & Water Sports, /Attraction_Review-g303830-d6844652-Reviews-Hang_Loose_Diving-Punat_Krk_Island_Kvarner_Bay_Islands_Primorje_Gorski_Kotar_Coun.html, /Attractions-g303830-Activities-Punat_Krk_Island_Kvarner_Bay_Islands_Primorje_Gorski_Kotar_County.html
Nas Sailing Center, 5.0, Boat Tours & Water Sports, /Attraction_Review-g303830-d8296257-Reviews-Nas_Sailing_Center-Punat_Krk_Island_Kvarner_Bay_Islands_Primorje_Gorski_Kotar_Cou.html, /Attractions-g303830-Activities-Punat_Krk_Island_Kvarner_Bay_Islands_Primorje_Gorski_Kotar_County.html
Croatia Excursions Boats, 5.0, Boat Tours & Water Sports, /Attraction_Review-g303830-d12334671-Reviews-Croatia_Excursions_Boats-Punat_Krk_Island_Kvarner_Bay_Islands_Primorje_Gorski_Ko.html, /Attractions-g303830-Activities-Punat_Krk_Island_Kvarner_Bay_Islands_Primorje_Gorski_Kotar_County.html
Buggy Tours, 5.0, Tours, /Attraction_Review-g303830-d20392709-Reviews-Buggy_Tours-Punat_Krk_Island_Kvarner_Bay_Islands_Primorje_Gorski_Kotar_County.html, /Attractions-g303830-Activities-Punat_Krk_Island_Kvarner_Bay_Islands_Primorje_Gorski_Kotar_County.html
Beach bar Ulika, 4.5, Nightlife, /Attraction_Review-g303830-d4374659-Reviews-Beach_bar_Ulika-Punat_Krk_Island_Kvarner_Bay_Islands_Primorje_Gorski_Kotar_County.html, /Attractions-g303830-Activities-Punat_Krk_Island_Kvarner_Bay_Islands_Primorje_Gorski_Kotar_County.html
More Punat, 5.0, Boat Tours & Water Sports, /Attraction_Review-g303830-d13818668-Reviews-More_Punat-Punat_Krk_Island_Kvarner_Bay_Islands_Primorje_Gorski_Kotar_County.html, /Attractions-g303830-Activities-Punat_Krk_Island_Kvarner_Bay_Islands_Primorje_Gorski_Kotar_County.html
Beach Medane, 5.0, Nature & Parks, /Attraction_Review-g303830-d20220675-Reviews-Beach_Medane-Punat_Krk_Island_Kvarner_Bay_Islands_Primorje_Gorski_Kotar_County.html, /Attractions-g303830-Activities-Punat_Krk_Island_Kvarner_Bay_Islands_Primorje_Gorski_Kotar_County.html
Olive Oil Tasting with Dinner by Croatia Excursions, 5.0, Food & Drink, /Attraction_Review-g303830-d13636038-Reviews-Olive_Oil_Tasting_with_Dinner_by_Croatia_Excursions-Punat_Krk_Island_Kvarner_Bay.html, /Attractions-g303830-Activities-Punat_Krk_Island_Kvarner_Bay_Islands_Primorje_Gorski_Kotar_County.html
M/b Košljun, 5.0, Boat Tours & Water Sports, /Attraction_Review-g303830-d17336811-Reviews-M_b_Kosljun-Punat_Krk_Island_Kvarner_Bay_Islands_Primorje_Gorski_Kotar_County.html, /Attractions-g303830-Activities-Punat_Krk_Island_Kvarner_Bay_Islands_Primorje_Gorski_Kotar_County.html
Plavnik Excursions, 3.5, Boat Tours & Water Sports, /Attraction_Review-g303830-d8830979-Reviews-Plavnik_Excursions-Punat_Krk_Island_Kvarner_Bay_Islands_Primorje_Gorski_Kotar_Cou.html, /Attractions-g303830-Activities-Punat_Krk_Island_Kvarner_Bay_Islands_Primorje_Gorski_Kotar_County.html
Garant Charter, 1.0, Boat Tours & Water Sports, /Attraction_Review-g303830-d15089837-Reviews-Garant_Charter-Punat_Krk_Island_Kvarner_Bay_Islands_Primorje_Gorski_Kotar_County.html, /Attractions-g303830-Activities-Punat_Krk_Island_Kvarner_Bay_Islands_Primorje_Gorski_Kotar_County.html
Chapel of St. George Remains, None, Sights & Landmarks, /Attraction_Review-g303830-d6028367-Reviews-Chapel_of_St_George_Remains-Punat_Krk_Island_Kvarner_Bay_Islands_Primorje_Gorski_.html, /Attractions-g303830-Activities-Punat_Krk_Island_Kvarner_Bay_Islands_Primorje_Gorski_Kotar_County.html
Church of St. Andrew, None, Sights & Landmarks, /Attraction_Review-g303830-d6028394-Reviews-Church_of_St_Andrew-Punat_Krk_Island_Kvarner_Bay_Islands_Primorje_Gorski_Kotar_Co.html, /Attractions-g303830-Activities-Punat_Krk_Island_Kvarner_Bay_Islands_Primorje_Gorski_Kotar_County.html
Parish Church of the Holy Trinity, None, Sights & Landmarks, /Attraction_Review-g303830-d6028437-Reviews-Parish_Church_of_the_Holy_Trinity-Punat_Krk_Island_Kvarner_Bay_Islands_Primorje_G.html, /Attractions-g303830-Activities-Punat_Krk_Island_Kvarner_Bay_Islands_Primorje_Gorski_Kotar_County.html
Morana Miljanovic, None, Boat Tours & Water Sports, /Attraction_Review-g303830-d17736384-Reviews-Morana_Miljanovic-Punat_Krk_Island_Kvarner_Bay_Islands_Primorje_Gorski_Kotar_Cou.html, /Attractions-g303830-Activities-Punat_Krk_Island_Kvarner_Bay_Islands_Primorje_Gorski_Kotar_County.html
Marina Punat, None, Nature & Parks, /Attraction_Review-g303830-d21170942-Reviews-Marina_Punat-Punat_Krk_Island_Kvarner_Bay_Islands_Primorje_Gorski_Kotar_County.html, /Attractions-g303830-Activities-Punat_Krk_Island_Kvarner_Bay_Islands_Primorje_Gorski_Kotar_County.html
Attractions&& Trips&& Things to do&& Adventure, None, Tours, /Attraction_Review-g303830-d20256939-Reviews-Attractions_Trips_Things_to_do_Adventure-Punat_Krk_Island_Kvarner_Bay_Islands_Pr.html, /Attractions-g303830-Activities-Punat_Krk_Island_Kvarner_Bay_Islands_Primorje_Gorski_Kotar_County.html
StarFish Party Boat, None, Nightlife, /Attraction_Review-g303830-d22928337-Reviews-StarFish_Party_Boat-Punat_Krk_Island_Kvarner_Bay_Islands_Primorje_Gorski_Kotar_C.html, /Attractions-g303830-Activities-Punat_Krk_Island_Kvarner_Bay_Islands_Primorje_Gorski_Kotar_County.html
