attraction_name, attraction_rate, attraction_type, attraction_url, attraction_parent_url
Podvrske Beach, 4.5, Nature & Parks, /Attraction_Review-g2034462-d6628686-Reviews-Podvrske_Beach-Murter_Murter_Island_Sibenik_Knin_County_Dalmatia.html, /Attractions-g2034462-Activities-Murter_Murter_Island_Sibenik_Knin_County_Dalmatia.html
Cigrada Beach, 4.5, Nature & Parks, /Attraction_Review-g2034462-d8089841-Reviews-Cigrada_Beach-Murter_Murter_Island_Sibenik_Knin_County_Dalmatia.html, /Attractions-g2034462-Activities-Murter_Murter_Island_Sibenik_Knin_County_Dalmatia.html
Beach Slanica, 3.5, Nature & Parks, /Attraction_Review-g2034462-d6609177-Reviews-Beach_Slanica-Murter_Murter_Island_Sibenik_Knin_County_Dalmatia.html, /Attractions-g2034462-Activities-Murter_Murter_Island_Sibenik_Knin_County_Dalmatia.html
Kosirina Beach, 4.0, Nature & Parks, /Attraction_Review-g2034462-d8369012-Reviews-Kosirina_Beach-Murter_Murter_Island_Sibenik_Knin_County_Dalmatia.html, /Attractions-g2034462-Activities-Murter_Murter_Island_Sibenik_Knin_County_Dalmatia.html
Activity Yachting Holidays, 5.0, Tours, /Attraction_Review-g2034462-d6828140-Reviews-Activity_Yachting_Holidays-Murter_Murter_Island_Sibenik_Knin_County_Dalmatia.html, /Attractions-g2034462-Activities-Murter_Murter_Island_Sibenik_Knin_County_Dalmatia.html
Jamming Adventures, 5.0, Boat Tours & Water Sports, /Attraction_Review-g2034462-d2533942-Reviews-Jamming_Adventures-Murter_Murter_Island_Sibenik_Knin_County_Dalmatia.html, /Attractions-g2034462-Activities-Murter_Murter_Island_Sibenik_Knin_County_Dalmatia.html
Najada Diving, 4.5, Boat Tours & Water Sports, /Attraction_Review-g2034462-d6385107-Reviews-Najada_Diving-Murter_Murter_Island_Sibenik_Knin_County_Dalmatia.html, /Attractions-g2034462-Activities-Murter_Murter_Island_Sibenik_Knin_County_Dalmatia.html
FreeSpirit Sailing, 5.0, Boat Tours & Water Sports, /Attraction_Review-g2034462-d10724671-Reviews-FreeSpirit_Sailing-Murter_Murter_Island_Sibenik_Knin_County_Dalmatia.html, /Attractions-g2034462-Activities-Murter_Murter_Island_Sibenik_Knin_County_Dalmatia.html
Beer Bar Kantun, 5.0, Nightlife, /Attraction_Review-g2034462-d10369007-Reviews-Beer_Bar_Kantun-Murter_Murter_Island_Sibenik_Knin_County_Dalmatia.html, /Attractions-g2034462-Activities-Murter_Murter_Island_Sibenik_Knin_County_Dalmatia.html
Bon Sailing School, 5.0, Boat Tours & Water Sports, /Attraction_Review-g2034462-d15688139-Reviews-Bon_Sailing_School-Murter_Murter_Island_Sibenik_Knin_County_Dalmatia.html, /Attractions-g2034462-Activities-Murter_Murter_Island_Sibenik_Knin_County_Dalmatia.html
Kornatica Tourist Agency, 5.0, Boat Tours & Water Sports, /Attraction_Review-g2034462-d10729911-Reviews-Kornatica_Tourist_Agency-Murter_Murter_Island_Sibenik_Knin_County_Dalmatia.html, /Attractions-g2034462-Activities-Murter_Murter_Island_Sibenik_Knin_County_Dalmatia.html
SemiSubmarine Murter, 4.0, Boat Tours & Water Sports, /Attraction_Review-g2034462-d12367818-Reviews-SemiSubmarine_Murter-Murter_Murter_Island_Sibenik_Knin_County_Dalmatia.html, /Attractions-g2034462-Activities-Murter_Murter_Island_Sibenik_Knin_County_Dalmatia.html
Rent a boat Murter - MotoSport, 4.5, Outdoor Activities, /Attraction_Review-g2034462-d10682000-Reviews-Rent_a_boat_Murter_MotoSport-Murter_Murter_Island_Sibenik_Knin_County_Dalmatia.html, /Attractions-g2034462-Activities-Murter_Murter_Island_Sibenik_Knin_County_Dalmatia.html
Tureta Tours, 4.0, Boat Tours & Water Sports, /Attraction_Review-g2034462-d18218272-Reviews-Tureta_Tours-Murter_Murter_Island_Sibenik_Knin_County_Dalmatia.html, /Attractions-g2034462-Activities-Murter_Murter_Island_Sibenik_Knin_County_Dalmatia.html
Corretto Bar, 3.5, Nightlife, /Attraction_Review-g2034462-d12839752-Reviews-Corretto_Bar-Murter_Murter_Island_Sibenik_Knin_County_Dalmatia.html, /Attractions-g2034462-Activities-Murter_Murter_Island_Sibenik_Knin_County_Dalmatia.html
Megabite Big Game Fishing, 5.0, Boat Tours & Water Sports, /Attraction_Review-g2034462-d7935958-Reviews-Megabite_Big_Game_Fishing-Murter_Murter_Island_Sibenik_Knin_County_Dalmatia.html, /Attractions-g2034462-Activities-Murter_Murter_Island_Sibenik_Knin_County_Dalmatia.html
Big Game Fishing Murter - Day Tours, 5.0, Boat Tours & Water Sports, /Attraction_Review-g2034462-d4700545-Reviews-Big_Game_Fishing_Murter_Day_Tours-Murter_Murter_Island_Sibenik_Knin_County_Dalma.html, /Attractions-g2034462-Activities-Murter_Murter_Island_Sibenik_Knin_County_Dalmatia.html
Fortuna Maris, 3.5, Boat Tours & Water Sports, /Attraction_Review-g2034462-d8434369-Reviews-Fortuna_Maris-Murter_Murter_Island_Sibenik_Knin_County_Dalmatia.html, /Attractions-g2034462-Activities-Murter_Murter_Island_Sibenik_Knin_County_Dalmatia.html
Murter Riding, None, Classes & Workshops, /Attraction_Review-g2034462-d10717298-Reviews-Murter_Riding-Murter_Murter_Island_Sibenik_Knin_County_Dalmatia.html, /Attractions-g2034462-Activities-Murter_Murter_Island_Sibenik_Knin_County_Dalmatia.html
Balun Aydost Charter, None, Boat Tours & Water Sports, /Attraction_Review-g2034462-d8403830-Reviews-Balun_Aydost_Charter-Murter_Murter_Island_Sibenik_Knin_County_Dalmatia.html, /Attractions-g2034462-Activities-Murter_Murter_Island_Sibenik_Knin_County_Dalmatia.html
Mala Dama, None, Boat Tours & Water Sports, /Attraction_Review-g2034462-d14943346-Reviews-Mala_Dama-Murter_Murter_Island_Sibenik_Knin_County_Dalmatia.html, /Attractions-g2034462-Activities-Murter_Murter_Island_Sibenik_Knin_County_Dalmatia.html
T.O. Delikatese Vukšić 1997, None, Food & Drink, /Attraction_Review-g2034462-d19608243-Reviews-T_O_Delikatese_Vuksic_1997-Murter_Murter_Island_Sibenik_Knin_County_Dalmatia.html, /Attractions-g2034462-Activities-Murter_Murter_Island_Sibenik_Knin_County_Dalmatia.html
