attraction_name, attraction_rate, attraction_type, attraction_url, attraction_parent_url
Nebojan Paintball, 5.0, Fun & Games, /Attraction_Review-g1203078-d16734773-Reviews-Nebojan_Paintball-Petrinja_Sisak_Moslavina_County_Central_Croatia.html, /Attractions-g1203078-Activities-Petrinja_Sisak_Moslavina_County_Central_Croatia.html
Admiral Automat Klub, None, Casinos & Gambling, /Attraction_Review-g1203078-d12298261-Reviews-Admiral_Automat_Klub-Petrinja_Sisak_Moslavina_County_Central_Croatia.html, /Attractions-g1203078-Activities-Petrinja_Sisak_Moslavina_County_Central_Croatia.html
BB Trans, None, Transportation, /Attraction_Review-g1203078-d17491158-Reviews-BB_Trans-Petrinja_Sisak_Moslavina_County_Central_Croatia.html, /Attractions-g1203078-Activities-Petrinja_Sisak_Moslavina_County_Central_Croatia.html
Fountain - Petrinja, None, Sights & Landmarks, /Attraction_Review-g1203078-d23030901-Reviews-Fountain_Petrinja-Petrinja_Sisak_Moslavina_County_Central_Croatia.html, /Attractions-g1203078-Activities-Petrinja_Sisak_Moslavina_County_Central_Croatia.html
Spomenik Stjepanu Radiću, None, Sights & Landmarks, /Attraction_Review-g1203078-d23030903-Reviews-Spomenik_Stjepanu_Radicu-Petrinja_Sisak_Moslavina_County_Central_Croatia.html, /Attractions-g1203078-Activities-Petrinja_Sisak_Moslavina_County_Central_Croatia.html
Turistička zajednica Grada Petrinje, None, Traveller Resources, /Attraction_Review-g1203078-d23030905-Reviews-Turisticka_zajednica_Grada_Petrinje-Petrinja_Sisak_Moslavina_County_Central_Cro.html, /Attractions-g1203078-Activities-Petrinja_Sisak_Moslavina_County_Central_Croatia.html
Klinac Grad, None, Sights & Landmarks, /Attraction_Review-g1203078-d23030904-Reviews-Klinac_Grad-Petrinja_Sisak_Moslavina_County_Central_Croatia.html, /Attractions-g1203078-Activities-Petrinja_Sisak_Moslavina_County_Central_Croatia.html
Čovjek i bik, None, Sights & Landmarks, /Attraction_Review-g1203078-d23030902-Reviews-Covjek_i_bik-Petrinja_Sisak_Moslavina_County_Central_Croatia.html, /Attractions-g1203078-Activities-Petrinja_Sisak_Moslavina_County_Central_Croatia.html
RKT. CRKVA SV. LOVRE, None, Sights & Landmarks, /Attraction_Review-g1203078-d23027363-Reviews-RKT_CRKVA_SV_LOVRE-Petrinja_Sisak_Moslavina_County_Central_Croatia.html, /Attractions-g1203078-Activities-Petrinja_Sisak_Moslavina_County_Central_Croatia.html
