attraction_name, attraction_rate, attraction_type, attraction_url, attraction_parent_url
Lake Peruca, 5.0, Nature & Parks, /Attraction_Review-g1051516-d15062051-Reviews-Lake_Peruca-Vrlika_Split_Dalmatia_County_Dalmatia.html, /Attractions-g1051516-Activities-Vrlika_Split_Dalmatia_County_Dalmatia.html
Vrlicki Prozor, 5.0, Sights & Landmarks, /Attraction_Review-g1051516-d9991546-Reviews-Vrlicki_Prozor-Vrlika_Split_Dalmatia_County_Dalmatia.html, /Attractions-g1051516-Activities-Vrlika_Split_Dalmatia_County_Dalmatia.html
Cesma Fountain, 5.0, Sights & Landmarks, /Attraction_Review-g1051516-d12832701-Reviews-Cesma_Fountain-Vrlika_Split_Dalmatia_County_Dalmatia.html, /Attractions-g1051516-Activities-Vrlika_Split_Dalmatia_County_Dalmatia.html
Church of Our Lady of Rosary, None, Sights & Landmarks, /Attraction_Review-g1051516-d15033990-Reviews-Church_of_Our_Lady_of_Rosary-Vrlika_Split_Dalmatia_County_Dalmatia.html, /Attractions-g1051516-Activities-Vrlika_Split_Dalmatia_County_Dalmatia.html
Balecki Bridge, None, Sights & Landmarks, /Attraction_Review-g1051516-d15034108-Reviews-Balecki_Bridge-Vrlika_Split_Dalmatia_County_Dalmatia.html, /Attractions-g1051516-Activities-Vrlika_Split_Dalmatia_County_Dalmatia.html
Pločasti Bridge, None, Sights & Landmarks, /Attraction_Review-g1051516-d15192705-Reviews-Plocasti_Bridge-Vrlika_Split_Dalmatia_County_Dalmatia.html, /Attractions-g1051516-Activities-Vrlika_Split_Dalmatia_County_Dalmatia.html
Monument to Milan Begović, None, Sights & Landmarks, /Attraction_Review-g1051516-d15192742-Reviews-Monument_to_Milan_Begovic-Vrlika_Split_Dalmatia_County_Dalmatia.html, /Attractions-g1051516-Activities-Vrlika_Split_Dalmatia_County_Dalmatia.html
Vrlika - Golo Brdo - Central Dalmatia Croatia - Bike Tracks, None, Nature & Parks, /Attraction_Review-g1051516-d20975138-Reviews-Vrlika_Golo_Brdo_Central_Dalmatia_Croatia_Bike_Tracks-Vrlika_Split_Dalmatia_Cou.html, /Attractions-g1051516-Activities-Vrlika_Split_Dalmatia_County_Dalmatia.html
Vrlika - Peruča - Central Dalmatia Croatia - Bike Tracks, None, Nature & Parks, /Attraction_Review-g1051516-d20969612-Reviews-Vrlika_Peruca_Central_Dalmatia_Croatia_Bike_Tracks-Vrlika_Split_Dalmatia_County.html, /Attractions-g1051516-Activities-Vrlika_Split_Dalmatia_County_Dalmatia.html
Vrlika - Izvor Cetine - Central Dalmatia Croatia - Bike Tracks, None, Nature & Parks, /Attraction_Review-g1051516-d20969614-Reviews-Vrlika_Izvor_Cetine_Central_Dalmatia_Croatia_Bike_Tracks-Vrlika_Split_Dalmatia_.html, /Attractions-g1051516-Activities-Vrlika_Split_Dalmatia_County_Dalmatia.html
Dinara Mountain, None, Nature & Parks, /Attraction_Review-g1051516-d15058476-Reviews-Dinara_Mountain-Vrlika_Split_Dalmatia_County_Dalmatia.html, /Attractions-g1051516-Activities-Vrlika_Split_Dalmatia_County_Dalmatia.html
Svilaja Mountain, None, Nature & Parks, /Attraction_Review-g1051516-d15058472-Reviews-Svilaja_Mountain-Vrlika_Split_Dalmatia_County_Dalmatia.html, /Attractions-g1051516-Activities-Vrlika_Split_Dalmatia_County_Dalmatia.html
