attraction_name, attraction_rate, attraction_type, attraction_url, attraction_parent_url
Vrana Lake Nature Park, 4.5, Nature & Parks, /Attraction_Review-g1190821-d6028504-Reviews-Vrana_Lake_Nature_Park-Pakostane_Zadar_County_Dalmatia.html, /Attractions-g1190821-Activities-Pakostane_Zadar_County_Dalmatia.html
Dalmatia Adventures - Day Tours, 5.0, Boat Tours & Water Sports, /Attraction_Review-g1190821-d7174244-Reviews-Dalmatia_Adventures_Day_Tours-Pakostane_Zadar_County_Dalmatia.html, /Attractions-g1190821-Activities-Pakostane_Zadar_County_Dalmatia.html
Luigia Tours, 5.0, Boat Tours & Water Sports, /Attraction_Review-g1190821-d8478191-Reviews-Luigia_Tours-Pakostane_Zadar_County_Dalmatia.html, /Attractions-g1190821-Activities-Pakostane_Zadar_County_Dalmatia.html
Sea Shell Tours, 5.0, Boat Tours & Water Sports, /Attraction_Review-g1190821-d17363075-Reviews-Sea_Shell_Tours-Pakostane_Zadar_County_Dalmatia.html, /Attractions-g1190821-Activities-Pakostane_Zadar_County_Dalmatia.html
Scuba Adventures, 5.0, Boat Tours & Water Sports, /Attraction_Review-g1190821-d12694955-Reviews-Scuba_Adventures-Pakostane_Zadar_County_Dalmatia.html, /Attractions-g1190821-Activities-Pakostane_Zadar_County_Dalmatia.html
Nadji Laguna, 4.5, Boat Tours & Water Sports, /Attraction_Review-g1190821-d10462179-Reviews-Nadji_Laguna-Pakostane_Zadar_County_Dalmatia.html, /Attractions-g1190821-Activities-Pakostane_Zadar_County_Dalmatia.html
Paintball Pakostane, 5.0, Fun & Games, /Attraction_Review-g1190821-d15053781-Reviews-Paintball_Pakostane-Pakostane_Zadar_County_Dalmatia.html, /Attractions-g1190821-Activities-Pakostane_Zadar_County_Dalmatia.html
Taboo PRO Fishing Team, 5.0, Boat Tours & Water Sports, /Attraction_Review-g1190821-d15554542-Reviews-Taboo_PRO_Fishing_Team-Pakostane_Zadar_County_Dalmatia.html, /Attractions-g1190821-Activities-Pakostane_Zadar_County_Dalmatia.html
Rent a Boat Dalmatia, 3.0, Boat Tours & Water Sports, /Attraction_Review-g1190821-d11824767-Reviews-Rent_a_Boat_Dalmatia-Pakostane_Zadar_County_Dalmatia.html, /Attractions-g1190821-Activities-Pakostane_Zadar_County_Dalmatia.html
Galeb Aventures, 5.0, Boat Tours & Water Sports, /Attraction_Review-g1190821-d10063785-Reviews-Galeb_Aventures-Pakostane_Zadar_County_Dalmatia.html, /Attractions-g1190821-Activities-Pakostane_Zadar_County_Dalmatia.html
Dalmaturist, 1.0, Boat Tours & Water Sports, /Attraction_Review-g1190821-d21204662-Reviews-Dalmaturist-Pakostane_Zadar_County_Dalmatia.html, /Attractions-g1190821-Activities-Pakostane_Zadar_County_Dalmatia.html
Kolura, None, Museums, /Attraction_Review-g1190821-d21120674-Reviews-Kolura-Pakostane_Zadar_County_Dalmatia.html, /Attractions-g1190821-Activities-Pakostane_Zadar_County_Dalmatia.html
St Justina Church, None, Sights & Landmarks, /Attraction_Review-g1190821-d21314693-Reviews-St_Justina_Church-Pakostane_Zadar_County_Dalmatia.html, /Attractions-g1190821-Activities-Pakostane_Zadar_County_Dalmatia.html
