attraction_name, attraction_rate, attraction_type, attraction_url, attraction_parent_url
Muzej Sinjske alke, 5.0, Museums, /Attraction_Review-g644076-d8735624-Reviews-Muzej_Sinjske_alke-Sinj_Split_Dalmatia_County_Dalmatia.html, /Attractions-g644076-Activities-Sinj_Split_Dalmatia_County_Dalmatia.html
Fortress of Sinj, 4.5, Sights & Landmarks, /Attraction_Review-g644076-d10039958-Reviews-Fortress_of_Sinj-Sinj_Split_Dalmatia_County_Dalmatia.html, /Attractions-g644076-Activities-Sinj_Split_Dalmatia_County_Dalmatia.html
Tenis Klub Sinj, 5.0, Fun & Games, /Attraction_Review-g644076-d15060975-Reviews-Tenis_Klub_Sinj-Sinj_Split_Dalmatia_County_Dalmatia.html, /Attractions-g644076-Activities-Sinj_Split_Dalmatia_County_Dalmatia.html
Monument to an alkar, 4.5, Sights & Landmarks, /Attraction_Review-g644076-d6889591-Reviews-Monument_to_an_alkar-Sinj_Split_Dalmatia_County_Dalmatia.html, /Attractions-g644076-Activities-Sinj_Split_Dalmatia_County_Dalmatia.html
Gaius Laberius, 4.5, Sights & Landmarks, /Attraction_Review-g644076-d6672473-Reviews-Gaius_Laberius-Sinj_Split_Dalmatia_County_Dalmatia.html, /Attractions-g644076-Activities-Sinj_Split_Dalmatia_County_Dalmatia.html
Galerija Sikirica, 4.5, Museums, /Attraction_Review-g644076-d8417398-Reviews-Galerija_Sikirica-Sinj_Split_Dalmatia_County_Dalmatia.html, /Attractions-g644076-Activities-Sinj_Split_Dalmatia_County_Dalmatia.html
Sikirica Gallery, 5.0, Museums, /Attraction_Review-g644076-d8416830-Reviews-Sikirica_Gallery-Sinj_Split_Dalmatia_County_Dalmatia.html, /Attractions-g644076-Activities-Sinj_Split_Dalmatia_County_Dalmatia.html
Vjera Villa, 5.0, Sights & Landmarks, /Attraction_Review-g644076-d6696330-Reviews-Vjera_Villa-Sinj_Split_Dalmatia_County_Dalmatia.html, /Attractions-g644076-Activities-Sinj_Split_Dalmatia_County_Dalmatia.html
Alka Knights Court (Kvartiri), 5.0, Sights & Landmarks, /Attraction_Review-g644076-d6696324-Reviews-Alka_Knights_Court_Kvartiri-Sinj_Split_Dalmatia_County_Dalmatia.html, /Attractions-g644076-Activities-Sinj_Split_Dalmatia_County_Dalmatia.html
Stations of the cross at the old town, 4.5, Sights & Landmarks, /Attraction_Review-g644076-d6672477-Reviews-Stations_of_the_cross_at_the_old_town-Sinj_Split_Dalmatia_County_Dalmatia.html, /Attractions-g644076-Activities-Sinj_Split_Dalmatia_County_Dalmatia.html
Danek villa, 3.0, Sights & Landmarks, /Attraction_Review-g644076-d6672475-Reviews-Danek_villa-Sinj_Split_Dalmatia_County_Dalmatia.html, /Attractions-g644076-Activities-Sinj_Split_Dalmatia_County_Dalmatia.html
Three generations monument, 5.0, Sights & Landmarks, /Attraction_Review-g644076-d6750793-Reviews-Three_generations_monument-Sinj_Split_Dalmatia_County_Dalmatia.html, /Attractions-g644076-Activities-Sinj_Split_Dalmatia_County_Dalmatia.html
Tourist Office Sinj, 3.5, Traveller Resources, /Attraction_Review-g644076-d7277051-Reviews-Tourist_Office_Sinj-Sinj_Split_Dalmatia_County_Dalmatia.html, /Attractions-g644076-Activities-Sinj_Split_Dalmatia_County_Dalmatia.html
Wolf &amp; Viper, 5.0, Tours, /Attraction_Review-g644076-d17416291-Reviews-Wolf_Viper-Sinj_Split_Dalmatia_County_Dalmatia.html, /Attractions-g644076-Activities-Sinj_Split_Dalmatia_County_Dalmatia.html
Dalmatia Bike Tours, 5.0, Tours, /Attraction_Review-g644076-d7603633-Reviews-Dalmatia_Bike_Tours-Sinj_Split_Dalmatia_County_Dalmatia.html, /Attractions-g644076-Activities-Sinj_Split_Dalmatia_County_Dalmatia.html
Tripalo Villa, None, Sights & Landmarks, /Attraction_Review-g644076-d6696328-Reviews-Tripalo_Villa-Sinj_Split_Dalmatia_County_Dalmatia.html, /Attractions-g644076-Activities-Sinj_Split_Dalmatia_County_Dalmatia.html
Tripalo Palace, None, Sights & Landmarks, /Attraction_Review-g644076-d6696327-Reviews-Tripalo_Palace-Sinj_Split_Dalmatia_County_Dalmatia.html, /Attractions-g644076-Activities-Sinj_Split_Dalmatia_County_Dalmatia.html
At the spring, None, Sights & Landmarks, /Attraction_Review-g644076-d6672472-Reviews-At_the_spring-Sinj_Split_Dalmatia_County_Dalmatia.html, /Attractions-g644076-Activities-Sinj_Split_Dalmatia_County_Dalmatia.html
Petrovac fountain, None, Sights & Landmarks, /Attraction_Review-g644076-d6672474-Reviews-Petrovac_fountain-Sinj_Split_Dalmatia_County_Dalmatia.html, /Attractions-g644076-Activities-Sinj_Split_Dalmatia_County_Dalmatia.html
Dinko Simunovic bust, None, Sights & Landmarks, /Attraction_Review-g644076-d6696329-Reviews-Dinko_Simunovic_bust-Sinj_Split_Dalmatia_County_Dalmatia.html, /Attractions-g644076-Activities-Sinj_Split_Dalmatia_County_Dalmatia.html
Alkar's Bridge, None, Sights & Landmarks, /Attraction_Review-g644076-d7106881-Reviews-Alkar_s_Bridge-Sinj_Split_Dalmatia_County_Dalmatia.html, /Attractions-g644076-Activities-Sinj_Split_Dalmatia_County_Dalmatia.html
Sinj Franciscan Grammar School, None, Sights & Landmarks, /Attraction_Review-g644076-d7107423-Reviews-Sinj_Franciscan_Grammar_School-Sinj_Split_Dalmatia_County_Dalmatia.html, /Attractions-g644076-Activities-Sinj_Split_Dalmatia_County_Dalmatia.html
Admiral Automat Klub, None, Casinos & Gambling, /Attraction_Review-g644076-d12298245-Reviews-Admiral_Automat_Klub-Sinj_Split_Dalmatia_County_Dalmatia.html, /Attractions-g644076-Activities-Sinj_Split_Dalmatia_County_Dalmatia.html
Fenix Tours, None, Tours, /Attraction_Review-g644076-d14016734-Reviews-Fenix_Tours-Sinj_Split_Dalmatia_County_Dalmatia.html, /Attractions-g644076-Activities-Sinj_Split_Dalmatia_County_Dalmatia.html
Fenix Tours, None, Tours, /Attraction_Review-g644076-d14017534-Reviews-Fenix_Tours-Sinj_Split_Dalmatia_County_Dalmatia.html, /Attractions-g644076-Activities-Sinj_Split_Dalmatia_County_Dalmatia.html
SplitAir, None, Tours, /Attraction_Review-g644076-d15618058-Reviews-SplitAir-Sinj_Split_Dalmatia_County_Dalmatia.html, /Attractions-g644076-Activities-Sinj_Split_Dalmatia_County_Dalmatia.html
Chestnut Alley, None, Sights & Landmarks, /Attraction_Review-g644076-d17725378-Reviews-Chestnut_Alley-Sinj_Split_Dalmatia_County_Dalmatia.html, /Attractions-g644076-Activities-Sinj_Split_Dalmatia_County_Dalmatia.html
Sinj - Aequum - Central Dalmatia Croatia - Bike Tracks, None, Nature & Parks, /Attraction_Review-g644076-d20968917-Reviews-Sinj_Aequum_Central_Dalmatia_Croatia_Bike_Tracks-Sinj_Split_Dalmatia_County_Dalm.html, /Attractions-g644076-Activities-Sinj_Split_Dalmatia_County_Dalmatia.html
Muć - Central Dalmatia Croatia - Theme Trails, None, Sights & Landmarks, /Attraction_Review-g644076-d20943364-Reviews-Muc_Central_Dalmatia_Croatia_Theme_Trails-Sinj_Split_Dalmatia_County_Dalmatia.html, /Attractions-g644076-Activities-Sinj_Split_Dalmatia_County_Dalmatia.html
Sinj - Cetina - Central Dalmatia Croatia - Bike Tracks, None, Nature & Parks, /Attraction_Review-g644076-d20969611-Reviews-Sinj_Cetina_Central_Dalmatia_Croatia_Bike_Tracks-Sinj_Split_Dalmatia_County_Dalm.html, /Attractions-g644076-Activities-Sinj_Split_Dalmatia_County_Dalmatia.html
