attraction_name, attraction_rate, attraction_type, attraction_url, attraction_parent_url
Suha Punta Beach, 4.5, Nature & Parks, /Attraction_Review-g1959805-d10587973-Reviews-Suha_Punta_Beach-Kampor_Rab_Island_Kvarner_Bay_Islands_Primorje_Gorski_Kotar_Co.html, /Attractions-g1959805-Activities-Kampor_Rab_Island_Kvarner_Bay_Islands_Primorje_Gorski_Kotar_County.html
Jelenovica Beach, 4.5, Nature & Parks, /Attraction_Review-g1959805-d12857543-Reviews-Jelenovica_Beach-Kampor_Rab_Island_Kvarner_Bay_Islands_Primorje_Gorski_Kotar_Co.html, /Attractions-g1959805-Activities-Kampor_Rab_Island_Kvarner_Bay_Islands_Primorje_Gorski_Kotar_County.html
Rab Concentration Camp, 4.0, Sights & Landmarks, /Attraction_Review-g1959805-d12853450-Reviews-Rab_Concentration_Camp-Kampor_Rab_Island_Kvarner_Bay_Islands_Primorje_Gorski_Ko.html, /Attractions-g1959805-Activities-Kampor_Rab_Island_Kvarner_Bay_Islands_Primorje_Gorski_Kotar_County.html
Grota Caffe Bar, 4.5, Nightlife, /Attraction_Review-g1959805-d19175910-Reviews-Grota_Caffe_Bar-Kampor_Rab_Island_Kvarner_Bay_Islands_Primorje_Gorski_Kotar_Cou.html, /Attractions-g1959805-Activities-Kampor_Rab_Island_Kvarner_Bay_Islands_Primorje_Gorski_Kotar_County.html
