attraction_name, attraction_rate, attraction_type, attraction_url, attraction_parent_url
Herczer Palace, None, Sights & Landmarks, /Attraction_Review-g303839-d19100528-Reviews-Herczer_Palace-Varazdin_Varazdin_County_Central_Croatia.html, /Attractions-g303839-Activities-Varazdin_Varazdin_County_Central_Croatia.html
Diocese of Varaždin - Diocesan Hall, None, Sights & Landmarks, /Attraction_Review-g303839-d19100355-Reviews-Diocese_of_Varazdin_Diocesan_Hall-Varazdin_Varazdin_County_Central_Croatia.html, /Attractions-g303839-Activities-Varazdin_Varazdin_County_Central_Croatia.html
Church of Good Shepherd, None, Sights & Landmarks, /Attraction_Review-g303839-d19100349-Reviews-Church_of_Good_Shepherd-Varazdin_Varazdin_County_Central_Croatia.html, /Attractions-g303839-Activities-Varazdin_Varazdin_County_Central_Croatia.html
Church of St. Vid, None, Sights & Landmarks, /Attraction_Review-g303839-d19110790-Reviews-Church_of_St_Vid-Varazdin_Varazdin_County_Central_Croatia.html, /Attractions-g303839-Activities-Varazdin_Varazdin_County_Central_Croatia.html
Patacic Palace Varazdin, None, Sights & Landmarks, /Attraction_Review-g303839-d14268139-Reviews-Patacic_Palace_Varazdin-Varazdin_Varazdin_County_Central_Croatia.html, /Attractions-g303839-Activities-Varazdin_Varazdin_County_Central_Croatia.html
Manor Klenovnik, None, Sights & Landmarks, /Attraction_Review-g303839-d549620-Reviews-Manor_Klenovnik-Varazdin_Varazdin_County_Central_Croatia.html, /Attractions-g303839-Activities-Varazdin_Varazdin_County_Central_Croatia.html
