attraction_name, attraction_rate, attraction_type, attraction_url, attraction_parent_url
River Cetina, 4.5, Sights & Landmarks, /Attraction_Review-g1051514-d9742016-Reviews-River_Cetina-Trilj_Split_Dalmatia_County_Dalmatia.html, /Attractions-g1051514-Activities-Trilj_Split_Dalmatia_County_Dalmatia.html
Grab Mills, 4.5, Sights & Landmarks, /Attraction_Review-g1051514-d10029156-Reviews-Grab_Mills-Trilj_Split_Dalmatia_County_Dalmatia.html, /Attractions-g1051514-Activities-Trilj_Split_Dalmatia_County_Dalmatia.html
Nutjak Fortress, 4.5, Sights & Landmarks, /Attraction_Review-g1051514-d10025201-Reviews-Nutjak_Fortress-Trilj_Split_Dalmatia_County_Dalmatia.html, /Attractions-g1051514-Activities-Trilj_Split_Dalmatia_County_Dalmatia.html
Krolo Winery, 5.0, Food & Drink, /Attraction_Review-g1051514-d12932527-Reviews-Krolo_Winery-Trilj_Split_Dalmatia_County_Dalmatia.html, /Attractions-g1051514-Activities-Trilj_Split_Dalmatia_County_Dalmatia.html
Tilurij, 4.5, Sights & Landmarks, /Attraction_Review-g1051514-d10025564-Reviews-Tilurij-Trilj_Split_Dalmatia_County_Dalmatia.html, /Attractions-g1051514-Activities-Trilj_Split_Dalmatia_County_Dalmatia.html
Cacvina -Fortress, 5.0, Sights & Landmarks, /Attraction_Review-g1051514-d10025277-Reviews-Cacvina_Fortress-Trilj_Split_Dalmatia_County_Dalmatia.html, /Attractions-g1051514-Activities-Trilj_Split_Dalmatia_County_Dalmatia.html
Konjički Klub Sveti Mihovil, 5.0, Tours, /Attraction_Review-g1051514-d15843642-Reviews-Konjicki_Klub_Sveti_Mihovil-Trilj_Split_Dalmatia_County_Dalmatia.html, /Attractions-g1051514-Activities-Trilj_Split_Dalmatia_County_Dalmatia.html
Kazika, 5.0, Nightlife, /Attraction_Review-g1051514-d12534542-Reviews-Kazika-Trilj_Split_Dalmatia_County_Dalmatia.html, /Attractions-g1051514-Activities-Trilj_Split_Dalmatia_County_Dalmatia.html
Trilj Strmendolac - Central Dalmatia Croatia - Bike Tracks, None, Nature & Parks, /Attraction_Review-g1051514-d20968916-Reviews-Trilj_Strmendolac_Central_Dalmatia_Croatia_Bike_Tracks-Trilj_Split_Dalmatia_Cou.html, /Attractions-g1051514-Activities-Trilj_Split_Dalmatia_County_Dalmatia.html
Trilj - Gardun - Tilirijum - Central Dalmatia Croatia - Bike Tracks, None, Nature & Parks, /Attraction_Review-g1051514-d20968914-Reviews-Trilj_Gardun_Tilirijum_Central_Dalmatia_Croatia_Bike_Tracks-Trilj_Split_Dalmati.html, /Attractions-g1051514-Activities-Trilj_Split_Dalmatia_County_Dalmatia.html
Trilj Konjušnica - Central Dalmatia Croatia - Bike Tracks, None, Nature & Parks, /Attraction_Review-g1051514-d20968908-Reviews-Trilj_Konjusnica_Central_Dalmatia_Croatia_Bike_Tracks-Trilj_Split_Dalmatia_Coun.html, /Attractions-g1051514-Activities-Trilj_Split_Dalmatia_County_Dalmatia.html
Gaz - Cacvina - Zivaljic - Central Dalmatia Croatia - Bike Tracks, None, Nature & Parks, /Attraction_Review-g1051514-d20968896-Reviews-Gaz_Cacvina_Zivaljic_Central_Dalmatia_Croatia_Bike_Tracks-Trilj_Split_Dalmatia_.html, /Attractions-g1051514-Activities-Trilj_Split_Dalmatia_County_Dalmatia.html
Trilj - Central Dalmatia Croatia - Theme Trails, None, Sights & Landmarks, /Attraction_Review-g1051514-d20943366-Reviews-Trilj_Central_Dalmatia_Croatia_Theme_Trails-Trilj_Split_Dalmatia_County_Dalmati.html, /Attractions-g1051514-Activities-Trilj_Split_Dalmatia_County_Dalmatia.html
Trilj - Gardun - Nutjak - Central Dalmatia Croatia - Bike Tracks, None, Nature & Parks, /Attraction_Review-g1051514-d20969608-Reviews-Trilj_Gardun_Nutjak_Central_Dalmatia_Croatia_Bike_Tracks-Trilj_Split_Dalmatia_C.html, /Attractions-g1051514-Activities-Trilj_Split_Dalmatia_County_Dalmatia.html
Gaz - Grab - Jabuka - Central Dalmatia Croatia - Bike Tracks, None, Nature & Parks, /Attraction_Review-g1051514-d21071630-Reviews-Gaz_Grab_Jabuka_Central_Dalmatia_Croatia_Bike_Tracks-Trilj_Split_Dalmatia_Count.html, /Attractions-g1051514-Activities-Trilj_Split_Dalmatia_County_Dalmatia.html
