attraction_name, attraction_rate, attraction_type, attraction_url, attraction_parent_url
The Upper Lakes, 4.5, Nature & Parks, /Attraction_Review-g1190792-d13074411-Reviews-The_Upper_Lakes-Plitvica_Plitvice_Lakes_National_Park_Central_Croatia.html, /Attractions-g1190792-Activities-Plitvica_Plitvice_Lakes_National_Park_Central_Croatia.html
Gavanovac Lake, 5.0, Nature & Parks, /Attraction_Review-g1190792-d13122390-Reviews-Gavanovac_Lake-Plitvica_Plitvice_Lakes_National_Park_Central_Croatia.html, /Attractions-g1190792-Activities-Plitvica_Plitvice_Lakes_National_Park_Central_Croatia.html
Pevalekovi Slapovi, 5.0, Nature & Parks, /Attraction_Review-g1190792-d13206463-Reviews-Pevalekovi_Slapovi-Plitvica_Plitvice_Lakes_National_Park_Central_Croatia.html, /Attractions-g1190792-Activities-Plitvica_Plitvice_Lakes_National_Park_Central_Croatia.html
Slapovi Milke Trnine, 4.5, Nature & Parks, /Attraction_Review-g1190792-d13076955-Reviews-Slapovi_Milke_Trnine-Plitvica_Plitvice_Lakes_National_Park_Central_Croatia.html, /Attractions-g1190792-Activities-Plitvica_Plitvice_Lakes_National_Park_Central_Croatia.html
Veliki Prstavac, 4.5, Nature & Parks, /Attraction_Review-g1190792-d13076586-Reviews-Veliki_Prstavac-Plitvica_Plitvice_Lakes_National_Park_Central_Croatia.html, /Attractions-g1190792-Activities-Plitvica_Plitvice_Lakes_National_Park_Central_Croatia.html
Plitvice Lakes National Park, 4.5, Nature & Parks, /Attraction_Review-g1190792-d16869524-Reviews-Plitvice_Lakes_National_Park-Plitvica_Plitvice_Lakes_National_Park_Central_Croa.html, /Attractions-g1190792-Activities-Plitvica_Plitvice_Lakes_National_Park_Central_Croatia.html
Milanovacki Slap, 4.5, Nature & Parks, /Attraction_Review-g1190792-d13126938-Reviews-Milanovacki_Slap-Plitvica_Plitvice_Lakes_National_Park_Central_Croatia.html, /Attractions-g1190792-Activities-Plitvica_Plitvice_Lakes_National_Park_Central_Croatia.html
Burgeti Lakes, 5.0, Nature & Parks, /Attraction_Review-g1190792-d13089552-Reviews-Burgeti_Lakes-Plitvica_Plitvice_Lakes_National_Park_Central_Croatia.html, /Attractions-g1190792-Activities-Plitvica_Plitvice_Lakes_National_Park_Central_Croatia.html
Kaluderovac Lake, 5.0, Nature & Parks, /Attraction_Review-g1190792-d13122416-Reviews-Kaluderovac_Lake-Plitvica_Plitvice_Lakes_National_Park_Central_Croatia.html, /Attractions-g1190792-Activities-Plitvica_Plitvice_Lakes_National_Park_Central_Croatia.html
Milanovac Lake, 4.5, Nature & Parks, /Attraction_Review-g1190792-d13112327-Reviews-Milanovac_Lake-Plitvica_Plitvice_Lakes_National_Park_Central_Croatia.html, /Attractions-g1190792-Activities-Plitvica_Plitvice_Lakes_National_Park_Central_Croatia.html
Great Cascades, 4.5, Nature & Parks, /Attraction_Review-g1190792-d13141439-Reviews-Great_Cascades-Plitvica_Plitvice_Lakes_National_Park_Central_Croatia.html, /Attractions-g1190792-Activities-Plitvica_Plitvice_Lakes_National_Park_Central_Croatia.html
Memorial plaque to Gustav Janecek, 4.5, Sights & Landmarks, /Attraction_Review-g1190792-d13143719-Reviews-Memorial_plaque_to_Gustav_Janecek-Plitvica_Plitvice_Lakes_National_Park_Central.html, /Attractions-g1190792-Activities-Plitvica_Plitvice_Lakes_National_Park_Central_Croatia.html
Šupljara cave, 4.0, Nature & Parks, /Attraction_Review-g1190792-d13131289-Reviews-Supljara_cave-Plitvica_Plitvice_Lakes_National_Park_Central_Croatia.html, /Attractions-g1190792-Activities-Plitvica_Plitvice_Lakes_National_Park_Central_Croatia.html
Lake Milino, 4.5, Nature & Parks, /Attraction_Review-g1190792-d13089563-Reviews-Lake_Milino-Plitvica_Plitvice_Lakes_National_Park_Central_Croatia.html, /Attractions-g1190792-Activities-Plitvica_Plitvice_Lakes_National_Park_Central_Croatia.html
Batinovac Waterfall, 4.5, Nature & Parks, /Attraction_Review-g1190792-d13139186-Reviews-Batinovac_Waterfall-Plitvica_Plitvice_Lakes_National_Park_Central_Croatia.html, /Attractions-g1190792-Activities-Plitvica_Plitvice_Lakes_National_Park_Central_Croatia.html
Kozjacki Slapovi, 4.5, Nature & Parks, /Attraction_Review-g1190792-d13238743-Reviews-Kozjacki_Slapovi-Plitvica_Plitvice_Lakes_National_Park_Central_Croatia.html, /Attractions-g1190792-Activities-Plitvica_Plitvice_Lakes_National_Park_Central_Croatia.html
Ciginovac Lake, 4.5, Nature & Parks, /Attraction_Review-g1190792-d13103324-Reviews-Ciginovac_Lake-Plitvica_Plitvice_Lakes_National_Park_Central_Croatia.html, /Attractions-g1190792-Activities-Plitvica_Plitvice_Lakes_National_Park_Central_Croatia.html
Malo Lake, 4.5, Nature & Parks, /Attraction_Review-g1190792-d13114404-Reviews-Malo_Lake-Plitvica_Plitvice_Lakes_National_Park_Central_Croatia.html, /Attractions-g1190792-Activities-Plitvica_Plitvice_Lakes_National_Park_Central_Croatia.html
Novakovica Brod Lake, 5.0, Nature & Parks, /Attraction_Review-g1190792-d13122421-Reviews-Novakovica_Brod_Lake-Plitvica_Plitvice_Lakes_National_Park_Central_Croatia.html, /Attractions-g1190792-Activities-Plitvica_Plitvice_Lakes_National_Park_Central_Croatia.html
Veliko Lake, 4.5, Nature & Parks, /Attraction_Review-g1190792-d13137333-Reviews-Veliko_Lake-Plitvica_Plitvice_Lakes_National_Park_Central_Croatia.html, /Attractions-g1190792-Activities-Plitvica_Plitvice_Lakes_National_Park_Central_Croatia.html
Memorial plaque to Ivo Pevalek, 4.0, Sights & Landmarks, /Attraction_Review-g1190792-d13161368-Reviews-Memorial_plaque_to_Ivo_Pevalek-Plitvica_Plitvice_Lakes_National_Park_Central_Cr.html, /Attractions-g1190792-Activities-Plitvica_Plitvice_Lakes_National_Park_Central_Croatia.html
Batinovac Lake, 4.5, Nature & Parks, /Attraction_Review-g1190792-d13114390-Reviews-Batinovac_Lake-Plitvica_Plitvice_Lakes_National_Park_Central_Croatia.html, /Attractions-g1190792-Activities-Plitvica_Plitvice_Lakes_National_Park_Central_Croatia.html
Labudovački slap, 5.0, Nature & Parks, /Attraction_Review-g1190792-d13202760-Reviews-Labudovacki_slap-Plitvica_Plitvice_Lakes_National_Park_Central_Croatia.html, /Attractions-g1190792-Activities-Plitvica_Plitvice_Lakes_National_Park_Central_Croatia.html
Proscansko Lake, 4.5, Nature & Parks, /Attraction_Review-g1190792-d13112326-Reviews-Proscansko_Lake-Plitvica_Plitvice_Lakes_National_Park_Central_Croatia.html, /Attractions-g1190792-Activities-Plitvica_Plitvice_Lakes_National_Park_Central_Croatia.html
Lake Vir, 4.5, Nature & Parks, /Attraction_Review-g1190792-d13114417-Reviews-Lake_Vir-Plitvica_Plitvice_Lakes_National_Park_Central_Croatia.html, /Attractions-g1190792-Activities-Plitvica_Plitvice_Lakes_National_Park_Central_Croatia.html
Ciganovac Waterfall, 4.5, Nature & Parks, /Attraction_Review-g1190792-d13198791-Reviews-Ciganovac_Waterfall-Plitvica_Plitvice_Lakes_National_Park_Central_Croatia.html, /Attractions-g1190792-Activities-Plitvica_Plitvice_Lakes_National_Park_Central_Croatia.html
Contiki, None, Tours, /Attraction_Review-g1190792-d21372542-Reviews-Contiki-Plitvica_Plitvice_Lakes_National_Park_Central_Croatia.html, /Attractions-g1190792-Activities-Plitvica_Plitvice_Lakes_National_Park_Central_Croatia.html
