attraction_name, attraction_rate, attraction_type, attraction_url, attraction_parent_url
Chiavalon Organic Extra Virgin Olive Oil, 5.0, Sights & Landmarks, /Attraction_Review-g608711-d4784310-Reviews-Chiavalon_Organic_Extra_Virgin_Olive_Oil-Vodnjan_Istria.html, /Attractions-g608711-Activities-Vodnjan_Istria.html
Brist Extra Virgin Olive Oil, 5.0, Sights & Landmarks, /Attraction_Review-g608711-d6650867-Reviews-Brist_Extra_Virgin_Olive_Oil-Vodnjan_Istria.html, /Attractions-g608711-Activities-Vodnjan_Istria.html
Istrian de Dignan - Ecomuseum, 5.0, Museums, /Attraction_Review-g608711-d6984993-Reviews-Istrian_de_Dignan_Ecomuseum-Vodnjan_Istria.html, /Attractions-g608711-Activities-Vodnjan_Istria.html
Wine Babos, 5.0, Food & Drink, /Attraction_Review-g608711-d7104473-Reviews-Wine_Babos-Vodnjan_Istria.html, /Attractions-g608711-Activities-Vodnjan_Istria.html
Medea Winery, 5.0, Food & Drink, /Attraction_Review-g608711-d14158614-Reviews-Medea_Winery-Vodnjan_Istria.html, /Attractions-g608711-Activities-Vodnjan_Istria.html
Cadenela Organic Extra Virgin Olive Oil, 5.0, Sights & Landmarks, /Attraction_Review-g608711-d8832641-Reviews-Cadenela_Organic_Extra_Virgin_Olive_Oil-Vodnjan_Istria.html, /Attractions-g608711-Activities-Vodnjan_Istria.html
Church of St. Blaise, 3.5, Sights & Landmarks, /Attraction_Review-g608711-d619841-Reviews-Church_of_St_Blaise-Vodnjan_Istria.html, /Attractions-g608711-Activities-Vodnjan_Istria.html
Park Kazuna, 4.0, Sights & Landmarks, /Attraction_Review-g608711-d12218979-Reviews-Park_Kazuna-Vodnjan_Istria.html, /Attractions-g608711-Activities-Vodnjan_Istria.html
Meloto Extra Virgin Olive Oil, 5.0, Sights & Landmarks, /Attraction_Review-g608711-d11866546-Reviews-Meloto_Extra_Virgin_Olive_Oil-Vodnjan_Istria.html, /Attractions-g608711-Activities-Vodnjan_Istria.html
Apoteka, 5.0, Museums, /Attraction_Review-g608711-d8384590-Reviews-Apoteka-Vodnjan_Istria.html, /Attractions-g608711-Activities-Vodnjan_Istria.html
Opg Toffetti, 5.0, Food & Drink, /Attraction_Review-g608711-d7052174-Reviews-Opg_Toffetti-Vodnjan_Istria.html, /Attractions-g608711-Activities-Vodnjan_Istria.html
Kod Milana, 4.5, None, /Attraction_Review-g608711-d6985330-Reviews-Kod_Milana-Vodnjan_Istria.html, /Attractions-g608711-Activities-Vodnjan_Istria.html
Gallerie, 4.0, Museums, /Attraction_Review-g608711-d9750106-Reviews-Gallerie-Vodnjan_Istria.html, /Attractions-g608711-Activities-Vodnjan_Istria.html
Guide in Croatia Ulyana Bilich, 5.0, Food & Drink, /Attraction_Review-g608711-d10069409-Reviews-Guide_in_Croatia_Ulyana_Bilich-Vodnjan_Istria.html, /Attractions-g608711-Activities-Vodnjan_Istria.html
Uljara Tonin, 5.0, Shopping, /Attraction_Review-g608711-d6893575-Reviews-Uljara_Tonin-Vodnjan_Istria.html, /Attractions-g608711-Activities-Vodnjan_Istria.html
Olea Prima Organic Extra Virgin Olive Oil, 5.0, Shopping, /Attraction_Review-g608711-d6833722-Reviews-Olea_Prima_Organic_Extra_Virgin_Olive_Oil-Vodnjan_Istria.html, /Attractions-g608711-Activities-Vodnjan_Istria.html
Baioco, 5.0, Shopping, /Attraction_Review-g608711-d14178829-Reviews-Baioco-Vodnjan_Istria.html, /Attractions-g608711-Activities-Vodnjan_Istria.html
Stancija San Antonio, 4.5, Shopping, /Attraction_Review-g608711-d8608777-Reviews-Stancija_San_Antonio-Vodnjan_Istria.html, /Attractions-g608711-Activities-Vodnjan_Istria.html
Bike Peroj, 5.0, Outdoor Activities, /Attraction_Review-g608711-d12218893-Reviews-Bike_Peroj-Vodnjan_Istria.html, /Attractions-g608711-Activities-Vodnjan_Istria.html
Oio Vivo, 4.0, Shopping, /Attraction_Review-g608711-d12818931-Reviews-Oio_Vivo-Vodnjan_Istria.html, /Attractions-g608711-Activities-Vodnjan_Istria.html
LightHouse Music Cub, None, Nightlife, /Attraction_Review-g608711-d3639984-Reviews-LightHouse_Music_Cub-Vodnjan_Istria.html, /Attractions-g608711-Activities-Vodnjan_Istria.html
Parish Church of St. Rocco, None, Sights & Landmarks, /Attraction_Review-g608711-d19091727-Reviews-Parish_Church_of_St_Rocco-Vodnjan_Istria.html, /Attractions-g608711-Activities-Vodnjan_Istria.html
Church of St. Fosca, None, Sights & Landmarks, /Attraction_Review-g608711-d19091753-Reviews-Church_of_St_Fosca-Vodnjan_Istria.html, /Attractions-g608711-Activities-Vodnjan_Istria.html
St. Spiridon, None, Sights & Landmarks, /Attraction_Review-g608711-d19091754-Reviews-St_Spiridon-Vodnjan_Istria.html, /Attractions-g608711-Activities-Vodnjan_Istria.html
The Church of the Holy Cross, None, Sights & Landmarks, /Attraction_Review-g608711-d19091770-Reviews-The_Church_of_the_Holy_Cross-Vodnjan_Istria.html, /Attractions-g608711-Activities-Vodnjan_Istria.html
Church of Madonna of Traverse​, None, Sights & Landmarks, /Attraction_Review-g608711-d19091961-Reviews-Church_of_Madonna_of_Traverse-Vodnjan_Istria.html, /Attractions-g608711-Activities-Vodnjan_Istria.html
Church of our Lady of Mount Carmel​, None, Sights & Landmarks, /Attraction_Review-g608711-d19091944-Reviews-Church_of_our_Lady_of_Mount_Carmel-Vodnjan_Istria.html, /Attractions-g608711-Activities-Vodnjan_Istria.html
Church of St. Francis of Assisi​, None, Sights & Landmarks, /Attraction_Review-g608711-d19092624-Reviews-Church_of_St_Francis_of_Assisi-Vodnjan_Istria.html, /Attractions-g608711-Activities-Vodnjan_Istria.html
The parish church of St. Blaise, None, Sights & Landmarks, /Attraction_Review-g608711-d19091771-Reviews-The_parish_church_of_St_Blaise-Vodnjan_Istria.html, /Attractions-g608711-Activities-Vodnjan_Istria.html
Guran Early Medieval Settlement, None, Sights & Landmarks, /Attraction_Review-g608711-d19091806-Reviews-Guran_Early_Medieval_Settlement-Vodnjan_Istria.html, /Attractions-g608711-Activities-Vodnjan_Istria.html
