attraction_name, attraction_rate, attraction_type, attraction_url, attraction_parent_url
700 Year OId Oak, 3.0, Sights & Landmarks, /Attraction_Review-g2069364-d9863647-Reviews-700_Year_OId_Oak-Kastel_Gomilica_Kastela_Split_Dalmatia_County_Dalmatia.html, /Attractions-g8099428-Activities-Kastela_Split_Dalmatia_County_Dalmatia.html
Kastel Tartaglia-Ambrosini, 5.0, Sights & Landmarks, /Attraction_Review-g1096197-d9859915-Reviews-Kastel_Tartaglia_Ambrosini-Kastel_Luksic_Kastela_Split_Dalmatia_County_Dalmatia.html, /Attractions-g8099428-Activities-Kastela_Split_Dalmatia_County_Dalmatia.html
Marina Kastela, 2.5, Nature & Parks, /Attraction_Review-g2069364-d13323769-Reviews-Marina_Kastela-Kastel_Gomilica_Kastela_Split_Dalmatia_County_Dalmatia.html, /Attractions-g8099428-Activities-Kastela_Split_Dalmatia_County_Dalmatia.html
Rkt. Crkva Uznesenja Bdm, 3.0, Sights & Landmarks, /Attraction_Review-g1096197-d12961789-Reviews-Rkt_Crkva_Uznesenja_Bdm-Kastel_Luksic_Kastela_Split_Dalmatia_County_Dalmatia.html, /Attractions-g8099428-Activities-Kastela_Split_Dalmatia_County_Dalmatia.html
St. Peter's Confraternity Building, None, Sights & Landmarks, /Attraction_Review-g1051510-d10102974-Reviews-St_Peter_s_Confraternity_Building-Kastel_Novi_Kastela_Split_Dalmatia_County_Dal.html, /Attractions-g8099428-Activities-Kastela_Split_Dalmatia_County_Dalmatia.html
Church Of St. Jerolim, None, Sights & Landmarks, /Attraction_Review-g2069364-d9846486-Reviews-Church_Of_St_Jerolim-Kastel_Gomilica_Kastela_Split_Dalmatia_County_Dalmatia.html, /Attractions-g8099428-Activities-Kastela_Split_Dalmatia_County_Dalmatia.html
Arena Automat Klub, None, Casinos & Gambling, /Attraction_Review-g1096197-d15137765-Reviews-Arena_Automat_Klub-Kastel_Luksic_Kastela_Split_Dalmatia_County_Dalmatia.html, /Attractions-g8099428-Activities-Kastela_Split_Dalmatia_County_Dalmatia.html
Church of St. Nofro, None, Sights & Landmarks, /Attraction_Review-g1096198-d17611279-Reviews-Church_of_St_Nofro-Kastel_Stafilic_Kastela_Split_Dalmatia_County_Dalmatia.html, /Attractions-g8099428-Activities-Kastela_Split_Dalmatia_County_Dalmatia.html
Church of St. George of Zestinje, None, Sights & Landmarks, /Attraction_Review-g1096198-d17611088-Reviews-Church_of_St_George_of_Zestinje-Kastel_Stafilic_Kastela_Split_Dalmatia_County_D.html, /Attractions-g8099428-Activities-Kastela_Split_Dalmatia_County_Dalmatia.html
Seaside Promenade, None, Sights & Landmarks, /Attraction_Review-g8099428-d19089966-Reviews-Seaside_Promenade-Kastela_Split_Dalmatia_County_Dalmatia.html, /Attractions-g8099428-Activities-Kastela_Split_Dalmatia_County_Dalmatia.html
Staza života Kaštela - Central Dalmatia Croatia - Theme Trails, None, Sights & Landmarks, /Attraction_Review-g3675344-d20945246-Reviews-Staza_zivota_Kastela_Central_Dalmatia_Croatia_Theme_Trails-Kastel_Sucurac_Kaste.html, /Attractions-g8099428-Activities-Kastela_Split_Dalmatia_County_Dalmatia.html
Planinarski dom Putalj - Tvrdava Klis-Theme Trails, None, Sights & Landmarks, /Attraction_Review-g3675344-d20941155-Reviews-Planinarski_dom_Putalj_Tvrdava_Klis_Theme_Trails-Kastel_Sucurac_Kastela_Split_D.html, /Attractions-g8099428-Activities-Kastela_Split_Dalmatia_County_Dalmatia.html
Kaštela - Central Dalmatia Croatia - Theme Trails, None, Sights & Landmarks, /Attraction_Review-g1096198-d20941270-Reviews-Kastela_Central_Dalmatia_Croatia_Theme_Trails-Kastel_Stafilic_Kastela_Split_Dal.html, /Attractions-g8099428-Activities-Kastela_Split_Dalmatia_County_Dalmatia.html
Sv Jure Radun-Sv Kuzma i Damjan Gomilica - Central Dalmatia Croatia - Theme Trail, None, Sights & Landmarks, /Attraction_Review-g3200577-d20993191-Reviews-Sv_Jure_Radun_Sv_Kuzma_i_Damjan_Gomilica_Central_Dalmatia_Croatia_Theme_Trail-K.html, /Attractions-g8099428-Activities-Kastela_Split_Dalmatia_County_Dalmatia.html
Sv Kuzma i Damjan Gomilica-Pl dom Putalj -Theme Trails, None, Sights & Landmarks, /Attraction_Review-g2069364-d20992039-Reviews-Sv_Kuzma_i_Damjan_Gomilica_Pl_dom_Putalj_Theme_Trails-Kastel_Gomilica_Kastela_S.html, /Attractions-g8099428-Activities-Kastela_Split_Dalmatia_County_Dalmatia.html
