attraction_name, attraction_rate, attraction_type, attraction_url, attraction_parent_url
Rockabilly Bar Hang Loose, 4.5, Nightlife, /Attraction_Review-g1026898-d13361042-Reviews-Rockabilly_Bar_Hang_Loose-Vinkovci_Vukovar_Syrmia_County_Slavonia.html, /Attractions-g1026898-Activities-Vinkovci_Vukovar_Syrmia_County_Slavonia.html
Hang Loose, 4.5, Nightlife, /Attraction_Review-g1026898-d13361043-Reviews-Hang_Loose-Vinkovci_Vukovar_Syrmia_County_Slavonia.html, /Attractions-g1026898-Activities-Vinkovci_Vukovar_Syrmia_County_Slavonia.html
Sportski Klub Kinezis, 5.0, Spas & Wellness, /Attraction_Review-g1026898-d12891652-Reviews-Sportski_Klub_Kinezis-Vinkovci_Vukovar_Syrmia_County_Slavonia.html, /Attractions-g1026898-Activities-Vinkovci_Vukovar_Syrmia_County_Slavonia.html
Admiral Automat Club, None, Casinos & Gambling, /Attraction_Review-g1026898-d12298337-Reviews-Admiral_Automat_Club-Vinkovci_Vukovar_Syrmia_County_Slavonia.html, /Attractions-g1026898-Activities-Vinkovci_Vukovar_Syrmia_County_Slavonia.html
Pusa, None, Nightlife, /Attraction_Review-g1026898-d18184245-Reviews-Pusa-Vinkovci_Vukovar_Syrmia_County_Slavonia.html, /Attractions-g1026898-Activities-Vinkovci_Vukovar_Syrmia_County_Slavonia.html
