attraction_name, attraction_rate, attraction_type, attraction_url, attraction_parent_url
Gornje Selo, 5.0, Sights & Landmarks, /Attraction_Review-g612413-d2342976-Reviews-Gornje_Selo-Susak_Primorje_Gorski_Kotar_County.html, /Attractions-g612413-Activities-Susak_Primorje_Gorski_Kotar_County.html
Veli Buoh, 4.5, Sights & Landmarks, /Attraction_Review-g612413-d2331434-Reviews-Veli_Buoh-Susak_Primorje_Gorski_Kotar_County.html, /Attractions-g612413-Activities-Susak_Primorje_Gorski_Kotar_County.html
Susak Island, 4.0, Nature & Parks, /Attraction_Review-g612413-d12598503-Reviews-Susak_Island-Susak_Primorje_Gorski_Kotar_County.html, /Attractions-g612413-Activities-Susak_Primorje_Gorski_Kotar_County.html
Lighthouse on Garba, 5.0, Sights & Landmarks, /Attraction_Review-g612413-d2331456-Reviews-Lighthouse_on_Garba-Susak_Primorje_Gorski_Kotar_County.html, /Attractions-g612413-Activities-Susak_Primorje_Gorski_Kotar_County.html
Cemetery and Chapel of Our Lady of Sorrows, 4.5, Sights & Landmarks, /Attraction_Review-g612413-d2331582-Reviews-Cemetery_and_Chapel_of_Our_Lady_of_Sorrows-Susak_Primorje_Gorski_Kotar_County.html, /Attractions-g612413-Activities-Susak_Primorje_Gorski_Kotar_County.html
The Bok Beach, 4.5, Nature & Parks, /Attraction_Review-g612413-d2342947-Reviews-The_Bok_Beach-Susak_Primorje_Gorski_Kotar_County.html, /Attractions-g612413-Activities-Susak_Primorje_Gorski_Kotar_County.html
Wine Cellar - Donje Selo, 3.5, Food & Drink, /Attraction_Review-g612413-d2342985-Reviews-Wine_Cellar_Donje_Selo-Susak_Primorje_Gorski_Kotar_County.html, /Attractions-g612413-Activities-Susak_Primorje_Gorski_Kotar_County.html
Veli Buoh– Romanesque Crucifix, 4.0, Sights & Landmarks, /Attraction_Review-g612413-d3442148-Reviews-Veli_Buoh_Romanesque_Crucifix-Susak_Primorje_Gorski_Kotar_County.html, /Attractions-g612413-Activities-Susak_Primorje_Gorski_Kotar_County.html
Benedictine Abbey of St. Michael (St. Nicholas), 4.0, Sights & Landmarks, /Attraction_Review-g612413-d2331577-Reviews-Benedictine_Abbey_of_St_Michael_St_Nicholas-Susak_Primorje_Gorski_Kotar_County.html, /Attractions-g612413-Activities-Susak_Primorje_Gorski_Kotar_County.html
Caffe bar Malonogometni Klub Iseljenika, 5.0, Nightlife, /Attraction_Review-g612413-d17675618-Reviews-Caffe_bar_Malonogometni_Klub_Iseljenika-Susak_Primorje_Gorski_Kotar_County.html, /Attractions-g612413-Activities-Susak_Primorje_Gorski_Kotar_County.html
Chapel of Our Lady of Annunciation on Art, None, Sights & Landmarks, /Attraction_Review-g612413-d2365418-Reviews-Chapel_of_Our_Lady_of_Annunciation_on_Art-Susak_Primorje_Gorski_Kotar_County.html, /Attractions-g612413-Activities-Susak_Primorje_Gorski_Kotar_County.html
Puntina - Roman Settlement, None, Sights & Landmarks, /Attraction_Review-g612413-d2365425-Reviews-Puntina_Roman_Settlement-Susak_Primorje_Gorski_Kotar_County.html, /Attractions-g612413-Activities-Susak_Primorje_Gorski_Kotar_County.html
Parish Church of St. Nicholas, None, Sights & Landmarks, /Attraction_Review-g612413-d2342982-Reviews-Parish_Church_of_St_Nicholas-Susak_Primorje_Gorski_Kotar_County.html, /Attractions-g612413-Activities-Susak_Primorje_Gorski_Kotar_County.html
