attraction_name, attraction_rate, attraction_type, attraction_url, attraction_parent_url
Vela Luka, 4.5, Nature & Parks, /Attraction_Review-g303800-d14183155-Reviews-Vela_Luka-Baska_Krk_Island_Kvarner_Bay_Islands_Primorje_Gorski_Kotar_County.html, /Attractions-g303800-Activities-Baska_Krk_Island_Kvarner_Bay_Islands_Primorje_Gorski_Kotar_County.html
Church of St. Lucy, 4.5, Sights & Landmarks, /Attraction_Review-g303800-d6702937-Reviews-Church_of_St_Lucy-Baska_Krk_Island_Kvarner_Bay_Islands_Primorje_Gorski_Kotar_Coun.html, /Attractions-g303800-Activities-Baska_Krk_Island_Kvarner_Bay_Islands_Primorje_Gorski_Kotar_County.html
Church of St.Trinity - Baška, 4.0, Sights & Landmarks, /Attraction_Review-g303800-d7001917-Reviews-Church_of_St_Trinity_Baska-Baska_Krk_Island_Kvarner_Bay_Islands_Primorje_Gorski_K.html, /Attractions-g303800-Activities-Baska_Krk_Island_Kvarner_Bay_Islands_Primorje_Gorski_Kotar_County.html
Chiesa Di Santa Lucia, 4.5, Sights & Landmarks, /Attraction_Review-g303800-d15053341-Reviews-Chiesa_Di_Santa_Lucia-Baska_Krk_Island_Kvarner_Bay_Islands_Primorje_Gorski_Kotar.html, /Attractions-g303800-Activities-Baska_Krk_Island_Kvarner_Bay_Islands_Primorje_Gorski_Kotar_County.html
Adriatic aquarium Baška, 3.0, Zoos & Aquariums, /Attraction_Review-g303800-d8542085-Reviews-Adriatic_aquarium_Baska-Baska_Krk_Island_Kvarner_Bay_Islands_Primorje_Gorski_Kota.html, /Attractions-g303800-Activities-Baska_Krk_Island_Kvarner_Bay_Islands_Primorje_Gorski_Kotar_County.html
Zipline Edison, 5.0, Tours, /Attraction_Review-g303800-d12495415-Reviews-Zipline_Edison-Baska_Krk_Island_Kvarner_Bay_Islands_Primorje_Gorski_Kotar_County.html, /Attractions-g303800-Activities-Baska_Krk_Island_Kvarner_Bay_Islands_Primorje_Gorski_Kotar_County.html
Squatina Diving, 5.0, Boat Tours & Water Sports, /Attraction_Review-g303800-d12819466-Reviews-Squatina_Diving-Baska_Krk_Island_Kvarner_Bay_Islands_Primorje_Gorski_Kotar_Count.html, /Attractions-g303800-Activities-Baska_Krk_Island_Kvarner_Bay_Islands_Primorje_Gorski_Kotar_County.html
Hidden Krk, 4.5, Boat Tours & Water Sports, /Attraction_Review-g303800-d9865628-Reviews-Hidden_Krk-Baska_Krk_Island_Kvarner_Bay_Islands_Primorje_Gorski_Kotar_County.html, /Attractions-g303800-Activities-Baska_Krk_Island_Kvarner_Bay_Islands_Primorje_Gorski_Kotar_County.html
Baska Wellness Centre, 4.0, Spas & Wellness, /Attraction_Review-g303800-d7785575-Reviews-Baska_Wellness_Centre-Baska_Krk_Island_Kvarner_Bay_Islands_Primorje_Gorski_Kotar_.html, /Attractions-g303800-Activities-Baska_Krk_Island_Kvarner_Bay_Islands_Primorje_Gorski_Kotar_County.html
Oto Nautika - Jetski Rental Center, 4.0, Boat Tours & Water Sports, /Attraction_Review-g303800-d7790750-Reviews-Oto_Nautika_Jetski_Rental_Center-Baska_Krk_Island_Kvarner_Bay_Islands_Primorje_Go.html, /Attractions-g303800-Activities-Baska_Krk_Island_Kvarner_Bay_Islands_Primorje_Gorski_Kotar_County.html
Plitvice Lakes by Boat &amp; Bus, 4.5, Tours, /Attraction_Review-g303800-d14933578-Reviews-Plitvice_Lakes_by_Boat_Bus-Baska_Krk_Island_Kvarner_Bay_Islands_Primorje_Gorski_.html, /Attractions-g303800-Activities-Baska_Krk_Island_Kvarner_Bay_Islands_Primorje_Gorski_Kotar_County.html
RUBY Rent a boat, 5.0, Boat Tours & Water Sports, /Attraction_Review-g303800-d17720636-Reviews-RUBY_Rent_a_boat-Baska_Krk_Island_Kvarner_Bay_Islands_Primorje_Gorski_Kotar_Coun.html, /Attractions-g303800-Activities-Baska_Krk_Island_Kvarner_Bay_Islands_Primorje_Gorski_Kotar_County.html
Rent a Scooter &amp; Quad, 4.5, Tours, /Attraction_Review-g303800-d17557292-Reviews-Rent_a_Scooter_Quad-Baska_Krk_Island_Kvarner_Bay_Islands_Primorje_Gorski_Kotar_C.html, /Attractions-g303800-Activities-Baska_Krk_Island_Kvarner_Bay_Islands_Primorje_Gorski_Kotar_County.html
Vrženica Canyon, 5.0, Nature & Parks, /Attraction_Review-g303800-d21119768-Reviews-Vrzenica_Canyon-Baska_Krk_Island_Kvarner_Bay_Islands_Primorje_Gorski_Kotar_Count.html, /Attractions-g303800-Activities-Baska_Krk_Island_Kvarner_Bay_Islands_Primorje_Gorski_Kotar_County.html
Wind Watersports, 5.0, Boat Tours & Water Sports, /Attraction_Review-g303800-d19329097-Reviews-Wind_Watersports-Baska_Krk_Island_Kvarner_Bay_Islands_Primorje_Gorski_Kotar_Coun.html, /Attractions-g303800-Activities-Baska_Krk_Island_Kvarner_Bay_Islands_Primorje_Gorski_Kotar_County.html
Baska Rent a Boat, 5.0, Boat Tours & Water Sports, /Attraction_Review-g303800-d14901812-Reviews-Baska_Rent_a_Boat-Baska_Krk_Island_Kvarner_Bay_Islands_Primorje_Gorski_Kotar_Cou.html, /Attractions-g303800-Activities-Baska_Krk_Island_Kvarner_Bay_Islands_Primorje_Gorski_Kotar_County.html
Semisubmarine Baska, 2.0, Boat Tours & Water Sports, /Attraction_Review-g303800-d8653010-Reviews-Semisubmarine_Baska-Baska_Krk_Island_Kvarner_Bay_Islands_Primorje_Gorski_Kotar_Co.html, /Attractions-g303800-Activities-Baska_Krk_Island_Kvarner_Bay_Islands_Primorje_Gorski_Kotar_County.html
Zipline Ediso, None, Tours, /Attraction_Review-g303800-d12495412-Reviews-Zipline_Ediso-Baska_Krk_Island_Kvarner_Bay_Islands_Primorje_Gorski_Kotar_County.html, /Attractions-g303800-Activities-Baska_Krk_Island_Kvarner_Bay_Islands_Primorje_Gorski_Kotar_County.html
David Sucur, None, Boat Tours & Water Sports, /Attraction_Review-g303800-d17724201-Reviews-David_Sucur-Baska_Krk_Island_Kvarner_Bay_Islands_Primorje_Gorski_Kotar_County.html, /Attractions-g303800-Activities-Baska_Krk_Island_Kvarner_Bay_Islands_Primorje_Gorski_Kotar_County.html
Nada, None, Nightlife, /Attraction_Review-g303800-d21232825-Reviews-Nada-Baska_Krk_Island_Kvarner_Bay_Islands_Primorje_Gorski_Kotar_County.html, /Attractions-g303800-Activities-Baska_Krk_Island_Kvarner_Bay_Islands_Primorje_Gorski_Kotar_County.html
