attraction_name, attraction_rate, attraction_type, attraction_url, attraction_parent_url
Museum Uja, 5.0, Museums, /Attraction_Review-g2034470-d11710227-Reviews-Museum_Uja-Skrip_Brac_Island_Split_Dalmatia_County_Dalmatia.html, /Attractions-g2034470-Activities-Skrip_Brac_Island_Split_Dalmatia_County_Dalmatia.html
The Island of Brač Museum - Škrip, 4.5, Museums, /Attraction_Review-g2034470-d7689902-Reviews-The_Island_of_Brac_Museum_Skrip-Skrip_Brac_Island_Split_Dalmatia_County_Dalmatia.html, /Attractions-g2034470-Activities-Skrip_Brac_Island_Split_Dalmatia_County_Dalmatia.html
Museum of Brac, 4.5, Sights & Landmarks, /Attraction_Review-g2034470-d12289720-Reviews-Museum_of_Brac-Skrip_Brac_Island_Split_Dalmatia_County_Dalmatia.html, /Attractions-g2034470-Activities-Skrip_Brac_Island_Split_Dalmatia_County_Dalmatia.html
Skrika Proizvodno Trgovacki Obrt, 5.0, Food & Drink, /Attraction_Review-g2034470-d15062423-Reviews-Skrika_Proizvodno_Trgovacki_Obrt-Skrip_Brac_Island_Split_Dalmatia_County_Dalmat.html, /Attractions-g2034470-Activities-Skrip_Brac_Island_Split_Dalmatia_County_Dalmatia.html
Proizvodno Trgovacki Obrt, None, Food & Drink, /Attraction_Review-g2034470-d15062604-Reviews-Proizvodno_Trgovacki_Obrt-Skrip_Brac_Island_Split_Dalmatia_County_Dalmatia.html, /Attractions-g2034470-Activities-Skrip_Brac_Island_Split_Dalmatia_County_Dalmatia.html
