attraction_name, attraction_rate, attraction_type, attraction_url, attraction_parent_url
Lungo Mare, 4.5, Sights & Landmarks, /Attraction_Review-g297515-d1997680-Reviews-Lungo_Mare-Opatija_Primorje_Gorski_Kotar_County.html, /Attractions-g297515-Activities-Opatija_Primorje_Gorski_Kotar_County.html
The Angiolina Park - Villa Angiolina, 4.5, Nature & Parks, /Attraction_Review-g297515-d8115464-Reviews-The_Angiolina_Park_Villa_Angiolina-Opatija_Primorje_Gorski_Kotar_County.html, /Attractions-g297515-Activities-Opatija_Primorje_Gorski_Kotar_County.html
Volosko, 4.5, Sights & Landmarks, /Attraction_Review-g297515-d554699-Reviews-Volosko-Opatija_Primorje_Gorski_Kotar_County.html, /Attractions-g297515-Activities-Opatija_Primorje_Gorski_Kotar_County.html
Moscenicka Draga, 4.5, Nature & Parks, /Attraction_Review-g297515-d600429-Reviews-Moscenicka_Draga-Opatija_Primorje_Gorski_Kotar_County.html, /Attractions-g297515-Activities-Opatija_Primorje_Gorski_Kotar_County.html
Maiden With The Seagull, 4.0, Sights & Landmarks, /Attraction_Review-g297515-d6395223-Reviews-Maiden_With_The_Seagull-Opatija_Primorje_Gorski_Kotar_County.html, /Attractions-g297515-Activities-Opatija_Primorje_Gorski_Kotar_County.html
Katedrala Sv. Jakova, 4.5, Sights & Landmarks, /Attraction_Review-g297515-d10535554-Reviews-Katedrala_Sv_Jakova-Opatija_Primorje_Gorski_Kotar_County.html, /Attractions-g297515-Activities-Opatija_Primorje_Gorski_Kotar_County.html
Slatina Beach, 3.5, Nature & Parks, /Attraction_Review-g297515-d2267830-Reviews-Slatina_Beach-Opatija_Primorje_Gorski_Kotar_County.html, /Attractions-g297515-Activities-Opatija_Primorje_Gorski_Kotar_County.html
Croatian Museum of Tourism, 4.0, Museums, /Attraction_Review-g297515-d8140258-Reviews-Croatian_Museum_of_Tourism-Opatija_Primorje_Gorski_Kotar_County.html, /Attractions-g297515-Activities-Opatija_Primorje_Gorski_Kotar_County.html
Saint Jacob, 4.0, Sights & Landmarks, /Attraction_Review-g297515-d13925528-Reviews-Saint_Jacob-Opatija_Primorje_Gorski_Kotar_County.html, /Attractions-g297515-Activities-Opatija_Primorje_Gorski_Kotar_County.html
Madonna del Mare Statue, 4.0, Sights & Landmarks, /Attraction_Review-g297515-d13925523-Reviews-Madonna_del_Mare_Statue-Opatija_Primorje_Gorski_Kotar_County.html, /Attractions-g297515-Activities-Opatija_Primorje_Gorski_Kotar_County.html
Crkva Navjestenja, 4.0, Sights & Landmarks, /Attraction_Review-g297515-d10437886-Reviews-Crkva_Navjestenja-Opatija_Primorje_Gorski_Kotar_County.html, /Attractions-g297515-Activities-Opatija_Primorje_Gorski_Kotar_County.html
Galerija Antikvarijat, 4.5, Shopping, /Attraction_Review-g297515-d8507828-Reviews-Galerija_Antikvarijat-Opatija_Primorje_Gorski_Kotar_County.html, /Attractions-g297515-Activities-Opatija_Primorje_Gorski_Kotar_County.html
Open Air Theatre, 4.5, Concerts & Shows, /Attraction_Review-g297515-d17441396-Reviews-Open_Air_Theatre-Opatija_Primorje_Gorski_Kotar_County.html, /Attractions-g297515-Activities-Opatija_Primorje_Gorski_Kotar_County.html
Admiral Casino, 3.0, Casinos & Gambling, /Attraction_Review-g297515-d12298330-Reviews-Admiral_Casino-Opatija_Primorje_Gorski_Kotar_County.html, /Attractions-g297515-Activities-Opatija_Primorje_Gorski_Kotar_County.html
Swiss House Museum, 5.0, Museums, /Attraction_Review-g297515-d19871531-Reviews-Swiss_House_Museum-Opatija_Primorje_Gorski_Kotar_County.html, /Attractions-g297515-Activities-Opatija_Primorje_Gorski_Kotar_County.html
Admiral Automat Klub, 3.5, Casinos & Gambling, /Attraction_Review-g297515-d12298176-Reviews-Admiral_Automat_Klub-Opatija_Primorje_Gorski_Kotar_County.html, /Attractions-g297515-Activities-Opatija_Primorje_Gorski_Kotar_County.html
Casino Rosalija, 3.0, Casinos & Gambling, /Attraction_Review-g297515-d4590223-Reviews-Casino_Rosalija-Opatija_Primorje_Gorski_Kotar_County.html, /Attractions-g297515-Activities-Opatija_Primorje_Gorski_Kotar_County.html
Church of St. Ana, 3.5, Sights & Landmarks, /Attraction_Review-g297515-d12274145-Reviews-Church_of_St_Ana-Opatija_Primorje_Gorski_Kotar_County.html, /Attractions-g297515-Activities-Opatija_Primorje_Gorski_Kotar_County.html
Center Gervais, 3.0, Concerts & Shows, /Attraction_Review-g297515-d17441394-Reviews-Center_Gervais-Opatija_Primorje_Gorski_Kotar_County.html, /Attractions-g297515-Activities-Opatija_Primorje_Gorski_Kotar_County.html
Manufaktura Souvenirs, 4.5, Shopping, /Attraction_Review-g297515-d4729112-Reviews-Manufaktura_Souvenirs-Opatija_Primorje_Gorski_Kotar_County.html, /Attractions-g297515-Activities-Opatija_Primorje_Gorski_Kotar_County.html
Kredenca Opatija, 4.5, Shopping, /Attraction_Review-g297515-d6848710-Reviews-Kredenca_Opatija-Opatija_Primorje_Gorski_Kotar_County.html, /Attractions-g297515-Activities-Opatija_Primorje_Gorski_Kotar_County.html
Paragvaj Tours, 4.5, Boat Tours & Water Sports, /Attraction_Review-g297515-d10501435-Reviews-Paragvaj_Tours-Opatija_Primorje_Gorski_Kotar_County.html, /Attractions-g297515-Activities-Opatija_Primorje_Gorski_Kotar_County.html
Ema &amp; Marlin boat tours, 4.5, Boat Tours & Water Sports, /Attraction_Review-g297515-d17636154-Reviews-Ema_Marlin_boat_tours-Opatija_Primorje_Gorski_Kotar_County.html, /Attractions-g297515-Activities-Opatija_Primorje_Gorski_Kotar_County.html
Quarnero Tours, 5.0, Boat Tours & Water Sports, /Attraction_Review-g297515-d21033910-Reviews-Quarnero_Tours-Opatija_Primorje_Gorski_Kotar_County.html, /Attractions-g297515-Activities-Opatija_Primorje_Gorski_Kotar_County.html
Caffe Bar Mimoza, 4.5, Nightlife, /Attraction_Review-g297515-d12830895-Reviews-Caffe_Bar_Mimoza-Opatija_Primorje_Gorski_Kotar_County.html, /Attractions-g297515-Activities-Opatija_Primorje_Gorski_Kotar_County.html
Marotti Windsurf Centar, 5.0, Boat Tours & Water Sports, /Attraction_Review-g297515-d17392310-Reviews-Marotti_Windsurf_Centar-Opatija_Primorje_Gorski_Kotar_County.html, /Attractions-g297515-Activities-Opatija_Primorje_Gorski_Kotar_County.html
Contessa Tours - Opatija, 4.0, Boat Tours & Water Sports, /Attraction_Review-g297515-d10426642-Reviews-Contessa_Tours_Opatija-Opatija_Primorje_Gorski_Kotar_County.html, /Attractions-g297515-Activities-Opatija_Primorje_Gorski_Kotar_County.html
AC Nautik, 5.0, Classes & Workshops, /Attraction_Review-g297515-d12712859-Reviews-AC_Nautik-Opatija_Primorje_Gorski_Kotar_County.html, /Attractions-g297515-Activities-Opatija_Primorje_Gorski_Kotar_County.html
Rent a Kayak &amp; SUP Croatia, 5.0, Boat Tours & Water Sports, /Attraction_Review-g297515-d12692482-Reviews-Rent_a_Kayak_SUP_Croatia-Opatija_Primorje_Gorski_Kotar_County.html, /Attractions-g297515-Activities-Opatija_Primorje_Gorski_Kotar_County.html
Colosseum, 3.5, Nightlife, /Attraction_Review-g297515-d4735880-Reviews-Colosseum-Opatija_Primorje_Gorski_Kotar_County.html, /Attractions-g297515-Activities-Opatija_Primorje_Gorski_Kotar_County.html
