attraction_name, attraction_rate, attraction_type, attraction_url, attraction_parent_url
Fazana Beach, 4.0, Nature & Parks, /Attraction_Review-g780756-d10677258-Reviews-Fazana_Beach-Fazana_Istria.html, /Attractions-g780756-Activities-Fazana_Istria.html
Glass Boat Igor Fažana, 5.0, Boat Tours & Water Sports, /Attraction_Review-g780756-d12558875-Reviews-Glass_Boat_Igor_Fazana-Fazana_Istria.html, /Attractions-g780756-Activities-Fazana_Istria.html
Taxi Boat Elen, 5.0, Boat Tours & Water Sports, /Attraction_Review-g780756-d15891351-Reviews-Taxi_Boat_Elen-Fazana_Istria.html, /Attractions-g780756-Activities-Fazana_Istria.html
Windsurfing Fazana, 5.0, Boat Tours & Water Sports, /Attraction_Review-g780756-d14059037-Reviews-Windsurfing_Fazana-Fazana_Istria.html, /Attractions-g780756-Activities-Fazana_Istria.html
Fazana Semisubmarine, 4.0, Boat Tours & Water Sports, /Attraction_Review-g780756-d13952568-Reviews-Fazana_Semisubmarine-Fazana_Istria.html, /Attractions-g780756-Activities-Fazana_Istria.html
Jangalooz Adventure Park, 4.0, Fun & Games, /Attraction_Review-g780756-d13951182-Reviews-Jangalooz_Adventure_Park-Fazana_Istria.html, /Attractions-g780756-Activities-Fazana_Istria.html
Fasana Brijun Nautic, 3.0, Boat Tours & Water Sports, /Attraction_Review-g780756-d21105490-Reviews-Fasana_Brijun_Nautic-Fazana_Istria.html, /Attractions-g780756-Activities-Fazana_Istria.html
Studio In &amp; Valentino, None, Spas & Wellness, /Attraction_Review-g780756-d14781587-Reviews-Studio_In_Valentino-Fazana_Istria.html, /Attractions-g780756-Activities-Fazana_Istria.html
Miroslava Bulešića, None, Sights & Landmarks, /Attraction_Review-g780756-d21196756-Reviews-Miroslava_Bulesica-Fazana_Istria.html, /Attractions-g780756-Activities-Fazana_Istria.html
Sts. Cosmas and Damian Church, None, Sights & Landmarks, /Attraction_Review-g780756-d21197266-Reviews-Sts_Cosmas_and_Damian_Church-Fazana_Istria.html, /Attractions-g780756-Activities-Fazana_Istria.html
Church of Our Lady of Mount Carmel, None, Sights & Landmarks, /Attraction_Review-g780756-d21314312-Reviews-Church_of_Our_Lady_of_Mount_Carmel-Fazana_Istria.html, /Attractions-g780756-Activities-Fazana_Istria.html
Rea excursion, None, Tours, /Attraction_Review-g780756-d21252819-Reviews-Rea_excursion-Fazana_Istria.html, /Attractions-g780756-Activities-Fazana_Istria.html
