attraction_name, attraction_rate, attraction_type, attraction_url, attraction_parent_url
Ranch Paradiz, None, Nature & Parks, /Attraction_Review-g295373-d13965524-Reviews-Ranch_Paradiz-Pula_Istria.html, /Attractions-g295373-Activities-Pula_Istria.html
Arena Automat Klub, None, Casinos & Gambling, /Attraction_Review-g295373-d15138130-Reviews-Arena_Automat_Klub-Pula_Istria.html, /Attractions-g295373-Activities-Pula_Istria.html
Community Center Rojc, None, Other, /Attraction_Review-g295373-d17351219-Reviews-Community_Center_Rojc-Pula_Istria.html, /Attractions-g295373-Activities-Pula_Istria.html
Andarte-glass, None, Museums, /Attraction_Review-g295373-d20328990-Reviews-Andarte_glass-Pula_Istria.html, /Attractions-g295373-Activities-Pula_Istria.html
Crkva Sv.nikole, None, Sights & Landmarks, /Attraction_Review-g6761515-d21232071-Reviews-Crkva_Sv_nikole-Pjescana_Uvala_Pula_Istria.html, /Attractions-g295373-Activities-Pula_Istria.html
Saint Paul Church, None, Sights & Landmarks, /Attraction_Review-g295373-d21232080-Reviews-Saint_Paul_Church-Pula_Istria.html, /Attractions-g295373-Activities-Pula_Istria.html
Fort Punto, None, Sights & Landmarks, /Attraction_Review-g295373-d21185005-Reviews-Fort_Punto-Pula_Istria.html, /Attractions-g295373-Activities-Pula_Istria.html
Pula Railway Station, None, Sights & Landmarks, /Attraction_Review-g295373-d19774251-Reviews-Pula_Railway_Station-Pula_Istria.html, /Attractions-g295373-Activities-Pula_Istria.html
Memorial to the Fallen Soldiers of the Anti-fascist Uprising of the Croats, None, Sights & Landmarks, /Attraction_Review-g295373-d18195006-Reviews-Memorial_to_the_Fallen_Soldiers_of_the_Anti_fascist_Uprising_of_the_Croats-Pula_.html, /Attractions-g295373-Activities-Pula_Istria.html
