attraction_name, attraction_rate, attraction_type, attraction_url, attraction_parent_url
Church of St. Theodore, 4.0, Sights & Landmarks, /Attraction_Review-g670760-d6028347-Reviews-Church_of_St_Theodore-Okrug_Gornji_Ciovo_Island_Split_Dalmatia_County_Dalmatia.html, /Attractions-g670550-Activities-Ciovo_Island_Split_Dalmatia_County_Dalmatia.html
Church of St. Charles Borromeo, 4.0, Sights & Landmarks, /Attraction_Review-g670760-d6028463-Reviews-Church_of_St_Charles_Borromeo-Okrug_Gornji_Ciovo_Island_Split_Dalmatia_County_Dal.html, /Attractions-g670550-Activities-Ciovo_Island_Split_Dalmatia_County_Dalmatia.html
Copacabana Beach, 4.0, Nature & Parks, /Attraction_Review-g670760-d12253683-Reviews-Copacabana_Beach-Okrug_Gornji_Ciovo_Island_Split_Dalmatia_County_Dalmatia.html, /Attractions-g670550-Activities-Ciovo_Island_Split_Dalmatia_County_Dalmatia.html
Ciovo Caves, 3.5, Nature & Parks, /Attraction_Review-g670550-d5560522-Reviews-Ciovo_Caves-Ciovo_Island_Split_Dalmatia_County_Dalmatia.html, /Attractions-g670550-Activities-Ciovo_Island_Split_Dalmatia_County_Dalmatia.html
Gospa od Prizidnice, 4.5, Sights & Landmarks, /Attraction_Review-g2034474-d5513028-Reviews-Gospa_od_Prizidnice-Slatine_Ciovo_Island_Split_Dalmatia_County_Dalmatia.html, /Attractions-g670550-Activities-Ciovo_Island_Split_Dalmatia_County_Dalmatia.html
Dominikanski Samostan Sv. Kriza, 5.0, Sights & Landmarks, /Attraction_Review-g2034419-d17571703-Reviews-Dominikanski_Samostan_Sv_Kriza-Arbanija_Ciovo_Island_Split_Dalmatia_County_Dalm.html, /Attractions-g670550-Activities-Ciovo_Island_Split_Dalmatia_County_Dalmatia.html
Chapel of St. John the Baptist, 5.0, Sights & Landmarks, /Attraction_Review-g2005099-d6028398-Reviews-Chapel_of_St_John_the_Baptist-Okrug_Donji_Ciovo_Island_Split_Dalmatia_County_Dal.html, /Attractions-g670550-Activities-Ciovo_Island_Split_Dalmatia_County_Dalmatia.html
Nakiros Boat Rental, 5.0, Boat Tours & Water Sports, /Attraction_Review-g2034474-d12176354-Reviews-Nakiros_Boat_Rental-Slatine_Ciovo_Island_Split_Dalmatia_County_Dalmatia.html, /Attractions-g670550-Activities-Ciovo_Island_Split_Dalmatia_County_Dalmatia.html
Camp Labadusa, 4.5, Boat Tours & Water Sports, /Attraction_Review-g670760-d4811725-Reviews-Camp_Labadusa-Okrug_Gornji_Ciovo_Island_Split_Dalmatia_County_Dalmatia.html, /Attractions-g670550-Activities-Ciovo_Island_Split_Dalmatia_County_Dalmatia.html
Trogir Diving Center - Day Dive, 4.0, Boat Tours & Water Sports, /Attraction_Review-g670760-d8535647-Reviews-Trogir_Diving_Center_Day_Dive-Okrug_Gornji_Ciovo_Island_Split_Dalmatia_County_Dal.html, /Attractions-g670550-Activities-Ciovo_Island_Split_Dalmatia_County_Dalmatia.html
Three Island Tour, 4.0, Boat Tours & Water Sports, /Attraction_Review-g670760-d12352081-Reviews-Three_Island_Tour-Okrug_Gornji_Ciovo_Island_Split_Dalmatia_County_Dalmatia.html, /Attractions-g670550-Activities-Ciovo_Island_Split_Dalmatia_County_Dalmatia.html
Fly Rent, 5.0, Boat Tours & Water Sports, /Attraction_Review-g2034419-d12636198-Reviews-Fly_Rent-Arbanija_Ciovo_Island_Split_Dalmatia_County_Dalmatia.html, /Attractions-g670550-Activities-Ciovo_Island_Split_Dalmatia_County_Dalmatia.html
Charter Trogir, 4.5, Boat Tours & Water Sports, /Attraction_Review-g670760-d7785439-Reviews-Charter_Trogir-Okrug_Gornji_Ciovo_Island_Split_Dalmatia_County_Dalmatia.html, /Attractions-g670550-Activities-Ciovo_Island_Split_Dalmatia_County_Dalmatia.html
Beach bar Vagabundo, 4.5, Nightlife, /Attraction_Review-g670760-d10688025-Reviews-Beach_bar_Vagabundo-Okrug_Gornji_Ciovo_Island_Split_Dalmatia_County_Dalmatia.html, /Attractions-g670550-Activities-Ciovo_Island_Split_Dalmatia_County_Dalmatia.html
Skrapa Beach Bar, 4.5, Nightlife, /Attraction_Review-g2034419-d8468397-Reviews-Skrapa_Beach_Bar-Arbanija_Ciovo_Island_Split_Dalmatia_County_Dalmatia.html, /Attractions-g670550-Activities-Ciovo_Island_Split_Dalmatia_County_Dalmatia.html
Laganini Beach Club, 4.0, Nightlife, /Attraction_Review-g670550-d7211546-Reviews-Laganini_Beach_Club-Ciovo_Island_Split_Dalmatia_County_Dalmatia.html, /Attractions-g670550-Activities-Ciovo_Island_Split_Dalmatia_County_Dalmatia.html
Zelrent, 4.0, Outdoor Activities, /Attraction_Review-g670760-d12558696-Reviews-Zelrent-Okrug_Gornji_Ciovo_Island_Split_Dalmatia_County_Dalmatia.html, /Attractions-g670550-Activities-Ciovo_Island_Split_Dalmatia_County_Dalmatia.html
Secret Adriatic Ltd, 5.0, Food & Drink, /Attraction_Review-g670760-d17443571-Reviews-Secret_Adriatic_Ltd-Okrug_Gornji_Ciovo_Island_Split_Dalmatia_County_Dalmatia.html, /Attractions-g670550-Activities-Ciovo_Island_Split_Dalmatia_County_Dalmatia.html
Kava Beach, 5.0, Nature & Parks, /Attraction_Review-g2034474-d21251122-Reviews-Kava_Beach-Slatine_Ciovo_Island_Split_Dalmatia_County_Dalmatia.html, /Attractions-g670550-Activities-Ciovo_Island_Split_Dalmatia_County_Dalmatia.html
Bura Line Boat Excursions&& Private Trips and Rentals, 5.0, Boat Tours & Water Sports, /Attraction_Review-g2034474-d20168827-Reviews-Bura_Line_Boat_Excursions_Private_Trips_and_Rentals-Slatine_Ciovo_Island_Split_.html, /Attractions-g670550-Activities-Ciovo_Island_Split_Dalmatia_County_Dalmatia.html
Bay Kancelirovac, 3.0, Outdoor Activities, /Attraction_Review-g670760-d6033734-Reviews-Bay_Kancelirovac-Okrug_Gornji_Ciovo_Island_Split_Dalmatia_County_Dalmatia.html, /Attractions-g670550-Activities-Ciovo_Island_Split_Dalmatia_County_Dalmatia.html
Ciovo&& Croatia, 3.0, Nature & Parks, /Attraction_Review-g670760-d21326829-Reviews-Ciovo_Croatia-Okrug_Gornji_Ciovo_Island_Split_Dalmatia_County_Dalmatia.html, /Attractions-g670550-Activities-Ciovo_Island_Split_Dalmatia_County_Dalmatia.html
Okrug Adventure Club, 1.0, Boat Tours & Water Sports, /Attraction_Review-g2005099-d16805717-Reviews-Okrug_Adventure_Club-Okrug_Donji_Ciovo_Island_Split_Dalmatia_County_Dalmatia.html, /Attractions-g670550-Activities-Ciovo_Island_Split_Dalmatia_County_Dalmatia.html
Abeona Charter-Day Tours, 1.0, Boat Tours & Water Sports, /Attraction_Review-g670760-d16884163-Reviews-Abeona_Charter_Day_Tours-Okrug_Gornji_Ciovo_Island_Split_Dalmatia_County_Dalmati.html, /Attractions-g670550-Activities-Ciovo_Island_Split_Dalmatia_County_Dalmatia.html
Three Island Tour, 1.5, Boat Tours & Water Sports, /Attraction_Review-g670760-d12352099-Reviews-Three_Island_Tour-Okrug_Gornji_Ciovo_Island_Split_Dalmatia_County_Dalmatia.html, /Attractions-g670550-Activities-Ciovo_Island_Split_Dalmatia_County_Dalmatia.html
Max Rent Water Sports Center, None, Boat Tours & Water Sports, /Attraction_Review-g670760-d12273436-Reviews-Max_Rent_Water_Sports_Center-Okrug_Gornji_Ciovo_Island_Split_Dalmatia_County_Dal.html, /Attractions-g670550-Activities-Ciovo_Island_Split_Dalmatia_County_Dalmatia.html
Fizio Terra, None, Spas & Wellness, /Attraction_Review-g670760-d16628183-Reviews-Fizio_Terra-Okrug_Gornji_Ciovo_Island_Split_Dalmatia_County_Dalmatia.html, /Attractions-g670550-Activities-Ciovo_Island_Split_Dalmatia_County_Dalmatia.html
Čiovo - Slatine - Central Dalmatia Croatia - Bike Tracks, None, Nature & Parks, /Attraction_Review-g2034474-d20975283-Reviews-Ciovo_Slatine_Central_Dalmatia_Croatia_Bike_Tracks-Slatine_Ciovo_Island_Split_D.html, /Attractions-g670550-Activities-Ciovo_Island_Split_Dalmatia_County_Dalmatia.html
Ciovo - Mastrinka - Central Dalmatia Croatia - Bike Tracks, None, Nature & Parks, /Attraction_Review-g3675315-d20975469-Reviews-Ciovo_Mastrinka_Central_Dalmatia_Croatia_Bike_Tracks-Mastrinka_Ciovo_Island_Spl.html, /Attractions-g670550-Activities-Ciovo_Island_Split_Dalmatia_County_Dalmatia.html
Čiovo - crkva sv. Teodora - Central Dalmatia Croatia - Theme Trails, None, Sights & Landmarks, /Attraction_Review-g670760-d20953670-Reviews-Ciovo_crkva_sv_Teodora_Central_Dalmatia_Croatia_Theme_Trails-Okrug_Gornji_Ciovo_.html, /Attractions-g670550-Activities-Ciovo_Island_Split_Dalmatia_County_Dalmatia.html
