attraction_name, attraction_rate, attraction_type, attraction_url, attraction_parent_url
Kaštil Gospodnetic Dol, 5.0, Sights & Landmarks, /Attraction_Review-g616078-d12484933-Reviews-Kastil_Gospodnetic_Dol-Postira_Brac_Island_Split_Dalmatia_County_Dalmatia.html, /Attractions-g616078-Activities-Postira_Brac_Island_Split_Dalmatia_County_Dalmatia.html
Beach Lozna Mala, 5.0, Outdoor Activities, /Attraction_Review-g616078-d12818834-Reviews-Beach_Lozna_Mala-Postira_Brac_Island_Split_Dalmatia_County_Dalmatia.html, /Attractions-g616078-Activities-Postira_Brac_Island_Split_Dalmatia_County_Dalmatia.html
Our Lady of Gorma, 4.5, Sights & Landmarks, /Attraction_Review-g616078-d7724440-Reviews-Our_Lady_of_Gorma-Postira_Brac_Island_Split_Dalmatia_County_Dalmatia.html, /Attractions-g616078-Activities-Postira_Brac_Island_Split_Dalmatia_County_Dalmatia.html
Lovrecina Bay, 3.5, Nature & Parks, /Attraction_Review-g616078-d4492798-Reviews-Lovrecina_Bay-Postira_Brac_Island_Split_Dalmatia_County_Dalmatia.html, /Attractions-g616078-Activities-Postira_Brac_Island_Split_Dalmatia_County_Dalmatia.html
Mirje, 4.5, Sights & Landmarks, /Attraction_Review-g616078-d7724449-Reviews-Mirje-Postira_Brac_Island_Split_Dalmatia_County_Dalmatia.html, /Attractions-g616078-Activities-Postira_Brac_Island_Split_Dalmatia_County_Dalmatia.html
Church of St. Ante, 5.0, Sights & Landmarks, /Attraction_Review-g616078-d7724445-Reviews-Church_of_St_Ante-Postira_Brac_Island_Split_Dalmatia_County_Dalmatia.html, /Attractions-g616078-Activities-Postira_Brac_Island_Split_Dalmatia_County_Dalmatia.html
Church of St. Peter, 5.0, Sights & Landmarks, /Attraction_Review-g616078-d7724446-Reviews-Church_of_St_Peter-Postira_Brac_Island_Split_Dalmatia_County_Dalmatia.html, /Attractions-g616078-Activities-Postira_Brac_Island_Split_Dalmatia_County_Dalmatia.html
The church of St. Spirit, 4.0, Sights & Landmarks, /Attraction_Review-g616078-d7724443-Reviews-The_church_of_St_Spirit-Postira_Brac_Island_Split_Dalmatia_County_Dalmatia.html, /Attractions-g616078-Activities-Postira_Brac_Island_Split_Dalmatia_County_Dalmatia.html
Brac Adventure, 5.0, Boat Tours & Water Sports, /Attraction_Review-g616078-d14000495-Reviews-Brac_Adventure-Postira_Brac_Island_Split_Dalmatia_County_Dalmatia.html, /Attractions-g616078-Activities-Postira_Brac_Island_Split_Dalmatia_County_Dalmatia.html
Broc OPG Santic, 5.0, Shopping, /Attraction_Review-g616078-d14917486-Reviews-Broc_OPG_Santic-Postira_Brac_Island_Split_Dalmatia_County_Dalmatia.html, /Attractions-g616078-Activities-Postira_Brac_Island_Split_Dalmatia_County_Dalmatia.html
Beach Bar Trstena, 5.0, Nightlife, /Attraction_Review-g616078-d17609970-Reviews-Beach_Bar_Trstena-Postira_Brac_Island_Split_Dalmatia_County_Dalmatia.html, /Attractions-g616078-Activities-Postira_Brac_Island_Split_Dalmatia_County_Dalmatia.html
Milnarski Brac, 5.0, Tours, /Attraction_Review-g616078-d15562664-Reviews-Milnarski_Brac-Postira_Brac_Island_Split_Dalmatia_County_Dalmatia.html, /Attractions-g616078-Activities-Postira_Brac_Island_Split_Dalmatia_County_Dalmatia.html
Birth House of Poet Vladimir Nazor, None, Sights & Landmarks, /Attraction_Review-g616078-d7728860-Reviews-Birth_House_of_Poet_Vladimir_Nazor-Postira_Brac_Island_Split_Dalmatia_County_Dalm.html, /Attractions-g616078-Activities-Postira_Brac_Island_Split_Dalmatia_County_Dalmatia.html
Church of St. Rocco, None, Sights & Landmarks, /Attraction_Review-g616078-d7724444-Reviews-Church_of_St_Rocco-Postira_Brac_Island_Split_Dalmatia_County_Dalmatia.html, /Attractions-g616078-Activities-Postira_Brac_Island_Split_Dalmatia_County_Dalmatia.html
Church of St  Nicholas, None, Sights & Landmarks, /Attraction_Review-g616078-d7724447-Reviews-Church_of_St_Nicholas-Postira_Brac_Island_Split_Dalmatia_County_Dalmatia.html, /Attractions-g616078-Activities-Postira_Brac_Island_Split_Dalmatia_County_Dalmatia.html
Church of St. John the Baptist, None, Sights & Landmarks, /Attraction_Review-g616078-d7724438-Reviews-Church_of_St_John_the_Baptist-Postira_Brac_Island_Split_Dalmatia_County_Dalmatia.html, /Attractions-g616078-Activities-Postira_Brac_Island_Split_Dalmatia_County_Dalmatia.html
Church of St. Joseph, None, Sights & Landmarks, /Attraction_Review-g616078-d7724442-Reviews-Church_of_St_Joseph-Postira_Brac_Island_Split_Dalmatia_County_Dalmatia.html, /Attractions-g616078-Activities-Postira_Brac_Island_Split_Dalmatia_County_Dalmatia.html
Beauty Point Kozmeticki Salon, None, Spas & Wellness, /Attraction_Review-g616078-d17804604-Reviews-Beauty_Point_Kozmeticki_Salon-Postira_Brac_Island_Split_Dalmatia_County_Dalmatia.html, /Attractions-g616078-Activities-Postira_Brac_Island_Split_Dalmatia_County_Dalmatia.html
Profunda Postira Central Dalmatia Croatia Bike Tracks, None, Nature & Parks, /Attraction_Review-g616078-d20913748-Reviews-Profunda_Postira_Central_Dalmatia_Croatia_Bike_Tracks-Postira_Brac_Island_Split_.html, /Attractions-g616078-Activities-Postira_Brac_Island_Split_Dalmatia_County_Dalmatia.html
Macića i Vivera Postira Central Dalmatia Croatia Bike Tracks, None, Nature & Parks, /Attraction_Review-g616078-d20913976-Reviews-Macica_i_Vivera_Postira_Central_Dalmatia_Croatia_Bike_Tracks-Postira_Brac_Island.html, /Attractions-g616078-Activities-Postira_Brac_Island_Split_Dalmatia_County_Dalmatia.html
Croatia Cruises, None, Food & Drink, /Attraction_Review-g616078-d22856271-Reviews-Croatia_Cruises-Postira_Brac_Island_Split_Dalmatia_County_Dalmatia.html, /Attractions-g616078-Activities-Postira_Brac_Island_Split_Dalmatia_County_Dalmatia.html
Kartolina, None, Boat Tours & Water Sports, /Attraction_Review-g616078-d17384201-Reviews-Kartolina-Postira_Brac_Island_Split_Dalmatia_County_Dalmatia.html, /Attractions-g616078-Activities-Postira_Brac_Island_Split_Dalmatia_County_Dalmatia.html
