attraction_name, attraction_rate, attraction_type, attraction_url, attraction_parent_url
Paklenica National Park, 4.5, Nature & Parks, /Attraction_Review-g1466943-d14204896-Reviews-Paklenica_National_Park-Starigrad_Paklenica_Zadar_County_Dalmatia.html, /Attractions-g1466943-Activities-Starigrad_Paklenica_Zadar_County_Dalmatia.html
Manita peć cave, 4.5, Sights & Landmarks, /Attraction_Review-g1466943-d10544628-Reviews-Manita_pec_cave-Starigrad_Paklenica_Zadar_County_Dalmatia.html, /Attractions-g1466943-Activities-Starigrad_Paklenica_Zadar_County_Dalmatia.html
Vecka Kula, 4.5, Sights & Landmarks, /Attraction_Review-g1466943-d11689112-Reviews-Vecka_Kula-Starigrad_Paklenica_Zadar_County_Dalmatia.html, /Attractions-g1466943-Activities-Starigrad_Paklenica_Zadar_County_Dalmatia.html
Paklenica Avanturist, 5.0, Boat Tours & Water Sports, /Attraction_Review-g1466943-d4431675-Reviews-Paklenica_Avanturist-Starigrad_Paklenica_Zadar_County_Dalmatia.html, /Attractions-g1466943-Activities-Starigrad_Paklenica_Zadar_County_Dalmatia.html
Mountain Traveller Croatia, 5.0, Nature & Parks, /Attraction_Review-g1466943-d9998201-Reviews-Mountain_Traveller_Croatia-Starigrad_Paklenica_Zadar_County_Dalmatia.html, /Attractions-g1466943-Activities-Starigrad_Paklenica_Zadar_County_Dalmatia.html
Disticnt Adventures, 5.0, Boat Tours & Water Sports, /Attraction_Review-g1466943-d8289178-Reviews-Disticnt_Adventures-Starigrad_Paklenica_Zadar_County_Dalmatia.html, /Attractions-g1466943-Activities-Starigrad_Paklenica_Zadar_County_Dalmatia.html
Cottage Lugarnica, None, Sights & Landmarks, /Attraction_Review-g1466943-d17417302-Reviews-Cottage_Lugarnica-Starigrad_Paklenica_Zadar_County_Dalmatia.html, /Attractions-g1466943-Activities-Starigrad_Paklenica_Zadar_County_Dalmatia.html
Fenix Beach &amp; Summer Bar, None, Nightlife, /Attraction_Review-g1466943-d17782809-Reviews-Fenix_Beach_Summer_Bar-Starigrad_Paklenica_Zadar_County_Dalmatia.html, /Attractions-g1466943-Activities-Starigrad_Paklenica_Zadar_County_Dalmatia.html
Adriatic Vakanties NL, None, Food & Drink, /Attraction_Review-g1466943-d19468046-Reviews-Adriatic_Vakanties_NL-Starigrad_Paklenica_Zadar_County_Dalmatia.html, /Attractions-g1466943-Activities-Starigrad_Paklenica_Zadar_County_Dalmatia.html
