attraction_name, attraction_rate, attraction_type, attraction_url, attraction_parent_url
Gambaletto Winery &amp; Extra Virgin Olive Oils, 4.5, Food & Drink, /Attraction_Review-g1077172-d6848445-Reviews-Gambaletto_Winery_Extra_Virgin_Olive_Oils-Buje_Istria.html, /Attractions-g1077172-Activities-Buje_Istria.html
St. Servulus church, 4.0, Sights & Landmarks, /Attraction_Review-g1077172-d12951494-Reviews-St_Servulus_church-Buje_Istria.html, /Attractions-g1077172-Activities-Buje_Istria.html
Church of St. Mary of Mercy, 4.0, Sights & Landmarks, /Attraction_Review-g1077172-d12982965-Reviews-Church_of_St_Mary_of_Mercy-Buje_Istria.html, /Attractions-g1077172-Activities-Buje_Istria.html
Agro-Millo, 5.0, Shopping, /Attraction_Review-g1077172-d4843880-Reviews-Agro_Millo-Buje_Istria.html, /Attractions-g1077172-Activities-Buje_Istria.html
Zigante Tartufi Shop, 4.0, Shopping, /Attraction_Review-g1077172-d10378884-Reviews-Zigante_Tartufi_Shop-Buje_Istria.html, /Attractions-g1077172-Activities-Buje_Istria.html
Clai, 4.5, Food & Drink, /Attraction_Review-g1077172-d7218271-Reviews-Clai-Buje_Istria.html, /Attractions-g1077172-Activities-Buje_Istria.html
Camelus Adventures - Istrialand, 4.5, Outdoor Activities, /Attraction_Review-g1077172-d12253597-Reviews-Camelus_Adventures_Istrialand-Buje_Istria.html, /Attractions-g1077172-Activities-Buje_Istria.html
Extra Virgin Olive Oil Pila - OPG Gardos Eleonora, 5.0, Shopping, /Attraction_Review-g1077172-d4115225-Reviews-Extra_Virgin_Olive_Oil_Pila_OPG_Gardos_Eleonora-Buje_Istria.html, /Attractions-g1077172-Activities-Buje_Istria.html
