attraction_name, attraction_rate, attraction_type, attraction_url, attraction_parent_url
Knin Fortress, 4.5, Sights & Landmarks, /Attraction_Review-g1026899-d2355879-Reviews-Knin_Fortress-Knin_Sibenik_Knin_County_Dalmatia.html, /Attractions-g1026899-Activities-Knin_Sibenik_Knin_County_Dalmatia.html
Krcic River, 4.5, Nature & Parks, /Attraction_Review-g1026899-d6051274-Reviews-Krcic_River-Knin_Sibenik_Knin_County_Dalmatia.html, /Attractions-g1026899-Activities-Knin_Sibenik_Knin_County_Dalmatia.html
Manojlovac waterfall, 4.5, Nature & Parks, /Attraction_Review-g1026899-d8310949-Reviews-Manojlovac_waterfall-Knin_Sibenik_Knin_County_Dalmatia.html, /Attractions-g1026899-Activities-Knin_Sibenik_Knin_County_Dalmatia.html
Burnum Ruins, 4.0, Sights & Landmarks, /Attraction_Review-g1026899-d6033678-Reviews-Burnum_Ruins-Knin_Sibenik_Knin_County_Dalmatia.html, /Attractions-g1026899-Activities-Knin_Sibenik_Knin_County_Dalmatia.html
Admiral Automat Klub Knin, None, Casinos & Gambling, /Attraction_Review-g1026899-d12298224-Reviews-Admiral_Automat_Klub_Knin-Knin_Sibenik_Knin_County_Dalmatia.html, /Attractions-g1026899-Activities-Knin_Sibenik_Knin_County_Dalmatia.html
