attraction_name, attraction_rate, attraction_type, attraction_url, attraction_parent_url
Valle dIstria/Bale, 4.5, Sights & Landmarks, /Attraction_Review-g303799-d4737628-Reviews-Valle_dIstria_Bale-Bale_Istria.html, /Attractions-g303799-Activities-Bale_Istria.html
Winery San Tommaso, 4.5, Food & Drink, /Attraction_Review-g303799-d6962045-Reviews-Winery_San_Tommaso-Bale_Istria.html, /Attractions-g303799-Activities-Bale_Istria.html
Park Histria Aromatica, 4.0, Nature & Parks, /Attraction_Review-g303799-d7280537-Reviews-Park_Histria_Aromatica-Bale_Istria.html, /Attractions-g303799-Activities-Bale_Istria.html
Castle of Soardo-Bembo, 4.5, Sights & Landmarks, /Attraction_Review-g303799-d600366-Reviews-Castle_of_Soardo_Bembo-Bale_Istria.html, /Attractions-g303799-Activities-Bale_Istria.html
Grubic - Olive Mill &amp; Evoo, 4.5, Museums, /Attraction_Review-g303799-d12635601-Reviews-Grubic_Olive_Mill_Evoo-Bale_Istria.html, /Attractions-g303799-Activities-Bale_Istria.html
Iglesia Del Espiritu Santo, 4.0, Sights & Landmarks, /Attraction_Review-g303799-d5283568-Reviews-Iglesia_Del_Espiritu_Santo-Bale_Istria.html, /Attractions-g303799-Activities-Bale_Istria.html
church of Visitation of Blessed Virgin Mary to St. Elizabeth, 4.0, Sights & Landmarks, /Attraction_Review-g303799-d5283579-Reviews-Church_of_Visitation_of_Blessed_Virgin_Mary_to_St_Elizabeth-Bale_Istria.html, /Attractions-g303799-Activities-Bale_Istria.html
Chiesa del Santo Spirito, 4.0, Sights & Landmarks, /Attraction_Review-g303799-d13335819-Reviews-Chiesa_del_Santo_Spirito-Bale_Istria.html, /Attractions-g303799-Activities-Bale_Istria.html
Sunset Beach Club - Windsurfing And Sailing School, 5.0, Boat Tours & Water Sports, /Attraction_Review-g303799-d10161449-Reviews-Sunset_Beach_Club_Windsurfing_And_Sailing_School-Bale_Istria.html, /Attractions-g303799-Activities-Bale_Istria.html
Dodo Bar, 5.0, Nightlife, /Attraction_Review-g303799-d12865607-Reviews-Dodo_Bar-Bale_Istria.html, /Attractions-g303799-Activities-Bale_Istria.html
The Old Diver, 4.5, Boat Tours & Water Sports, /Attraction_Review-g303799-d10727230-Reviews-The_Old_Diver-Bale_Istria.html, /Attractions-g303799-Activities-Bale_Istria.html
Bembo Olio D Oliva, 5.0, Shopping, /Attraction_Review-g303799-d16701037-Reviews-Bembo_Olio_D_Oliva-Bale_Istria.html, /Attractions-g303799-Activities-Bale_Istria.html
Lola III -Day Rentals, None, Boat Tours & Water Sports, /Attraction_Review-g303799-d8424916-Reviews-Lola_III_Day_Rentals-Bale_Istria.html, /Attractions-g303799-Activities-Bale_Istria.html
Piemonte d'Istria, None, Sights & Landmarks, /Attraction_Review-g303799-d13335827-Reviews-Piemonte_d_Istria-Bale_Istria.html, /Attractions-g303799-Activities-Bale_Istria.html
Energy Clinic Meneghetti, None, Spas & Wellness, /Attraction_Review-g303799-d13967212-Reviews-Energy_Clinic_Meneghetti-Bale_Istria.html, /Attractions-g303799-Activities-Bale_Istria.html
Mauricio Drandic, None, Tours, /Attraction_Review-g303799-d18453295-Reviews-Mauricio_Drandic-Bale_Istria.html, /Attractions-g303799-Activities-Bale_Istria.html
