attraction_name, attraction_rate, attraction_type, attraction_url, attraction_parent_url
Srebreno Beach, 4.0, Nature & Parks, /Attraction_Review-g2039676-d4424624-Reviews-Srebreno_Beach-Srebreno_Dubrovnik_Neretva_County_Dalmatia.html, /Attractions-g2039676-Activities-Srebreno_Dubrovnik_Neretva_County_Dalmatia.html
SubCity Dubrovnik, 4.0, Shopping, /Attraction_Review-g2039676-d10123178-Reviews-SubCity_Dubrovnik-Srebreno_Dubrovnik_Neretva_County_Dalmatia.html, /Attractions-g2039676-Activities-Srebreno_Dubrovnik_Neretva_County_Dalmatia.html
Silverland Sea Kayaking -Srebreno, 5.0, Boat Tours & Water Sports, /Attraction_Review-g2039676-d6874604-Reviews-Silverland_Sea_Kayaking_Srebreno-Srebreno_Dubrovnik_Neretva_County_Dalmatia.html, /Attractions-g2039676-Activities-Srebreno_Dubrovnik_Neretva_County_Dalmatia.html
Club 23, 4.0, Nightlife, /Attraction_Review-g2039676-d12620817-Reviews-Club_23-Srebreno_Dubrovnik_Neretva_County_Dalmatia.html, /Attractions-g2039676-Activities-Srebreno_Dubrovnik_Neretva_County_Dalmatia.html
