attraction_name, attraction_rate, attraction_type, attraction_url, attraction_parent_url
Skradinski Buk Waterfall, 4.0, Nature & Parks, /Attraction_Review-g303819-d17393610-Reviews-Skradinski_Buk_Waterfall-Krka_National_Park_Sibenik_Knin_County_Dalmatia.html, /Attractions-g303819-Activities-Krka_National_Park_Sibenik_Knin_County_Dalmatia.html
Krka National Park, 4.0, Nature & Parks, /Attraction_Review-g303819-d17540666-Reviews-Krka_National_Park-Krka_National_Park_Sibenik_Knin_County_Dalmatia.html, /Attractions-g303819-Activities-Krka_National_Park_Sibenik_Knin_County_Dalmatia.html
Visovac Monastery, 4.0, Sights & Landmarks, /Attraction_Review-g303819-d555075-Reviews-Visovac_Monastery-Krka_National_Park_Sibenik_Knin_County_Dalmatia.html, /Attractions-g303819-Activities-Krka_National_Park_Sibenik_Knin_County_Dalmatia.html
Kljucica Fortress, 5.0, Sights & Landmarks, /Attraction_Review-g303819-d11672411-Reviews-Kljucica_Fortress-Krka_National_Park_Sibenik_Knin_County_Dalmatia.html, /Attractions-g303819-Activities-Krka_National_Park_Sibenik_Knin_County_Dalmatia.html
