attraction_name, attraction_rate, attraction_type, attraction_url, attraction_parent_url
Jadro Beach, 4.0, Nature & Parks, /Attraction_Review-g1190831-d3419831-Reviews-Jadro_Beach-Vir_Zadar_County_Dalmatia.html, /Attractions-g1190831-Activities-Vir_Zadar_County_Dalmatia.html
Kastelina Castle, 4.0, Sights & Landmarks, /Attraction_Review-g1190831-d13430586-Reviews-Kastelina_Castle-Vir_Zadar_County_Dalmatia.html, /Attractions-g1190831-Activities-Vir_Zadar_County_Dalmatia.html
Black Pearl - Exclusive Excursions, 5.0, Boat Tours & Water Sports, /Attraction_Review-g1190831-d12197119-Reviews-Black_Pearl_Exclusive_Excursions-Vir_Zadar_County_Dalmatia.html, /Attractions-g1190831-Activities-Vir_Zadar_County_Dalmatia.html
Taxi Vir, 5.0, Transportation, /Attraction_Review-g1190831-d13791998-Reviews-Taxi_Vir-Vir_Zadar_County_Dalmatia.html, /Attractions-g1190831-Activities-Vir_Zadar_County_Dalmatia.html
Scuba Diving Center, 5.0, Boat Tours & Water Sports, /Attraction_Review-g1190831-d17721467-Reviews-Scuba_Diving_Center-Vir_Zadar_County_Dalmatia.html, /Attractions-g1190831-Activities-Vir_Zadar_County_Dalmatia.html
Schengen Transfer Vir, None, Tours, /Attraction_Review-g1190831-d20134119-Reviews-Schengen_Transfer_Vir-Vir_Zadar_County_Dalmatia.html, /Attractions-g1190831-Activities-Vir_Zadar_County_Dalmatia.html
