attraction_name, attraction_rate, attraction_type, attraction_url, attraction_parent_url
Plomin Old Town, 4.0, Sights & Landmarks, /Attraction_Review-g1190345-d9703062-Reviews-Plomin_Old_Town-Plomin_Istria.html, /Attractions-g1190345-Activities-Plomin_Istria.html
Plomin Luka, 3.5, Nature & Parks, /Attraction_Review-g1190345-d3333464-Reviews-Plomin_Luka-Plomin_Istria.html, /Attractions-g1190345-Activities-Plomin_Istria.html
Crkva Blažene Djevice Marije, None, Sights & Landmarks, /Attraction_Review-g1190345-d21196733-Reviews-Crkva_Blazene_Djevice_Marije-Plomin_Istria.html, /Attractions-g1190345-Activities-Plomin_Istria.html
Crkva Sv Juraj, None, Sights & Landmarks, /Attraction_Review-g1190345-d21197264-Reviews-Crkva_Sv_Juraj-Plomin_Istria.html, /Attractions-g1190345-Activities-Plomin_Istria.html
