attraction_name, attraction_rate, attraction_type, attraction_url, attraction_parent_url
Potovošće, 4.5, Nature & Parks, /Attraction_Review-g1067963-d12815155-Reviews-Potovosce-Vrbnik_Krk_Island_Kvarner_Bay_Islands_Primorje_Gorski_Kotar_County.html, /Attractions-g1067963-Activities-Vrbnik_Krk_Island_Kvarner_Bay_Islands_Primorje_Gorski_Kotar_County.html
Kuća Vina Ivan Katunar, 4.5, Food & Drink, /Attraction_Review-g1067963-d8540683-Reviews-Kuca_Vina_Ivan_Katunar-Vrbnik_Krk_Island_Kvarner_Bay_Islands_Primorje_Gorski_Kot.html, /Attractions-g1067963-Activities-Vrbnik_Krk_Island_Kvarner_Bay_Islands_Primorje_Gorski_Kotar_County.html
Klancic Narrow Street, 4.0, Sights & Landmarks, /Attraction_Review-g1067963-d10818301-Reviews-Klancic_Narrow_Street-Vrbnik_Krk_Island_Kvarner_Bay_Islands_Primorje_Gorski_Kot.html, /Attractions-g1067963-Activities-Vrbnik_Krk_Island_Kvarner_Bay_Islands_Primorje_Gorski_Kotar_County.html
Our Lady of the Assumption - Vrbnik, 4.5, Sights & Landmarks, /Attraction_Review-g1067963-d7001916-Reviews-Our_Lady_of_the_Assumption_Vrbnik-Vrbnik_Krk_Island_Kvarner_Bay_Islands_Primorje.html, /Attractions-g1067963-Activities-Vrbnik_Krk_Island_Kvarner_Bay_Islands_Primorje_Gorski_Kotar_County.html
Katunar, 4.5, Food & Drink, /Attraction_Review-g1067963-d11800738-Reviews-Katunar-Vrbnik_Krk_Island_Kvarner_Bay_Islands_Primorje_Gorski_Kotar_County.html, /Attractions-g1067963-Activities-Vrbnik_Krk_Island_Kvarner_Bay_Islands_Primorje_Gorski_Kotar_County.html
The Old House Of Vrbnik, 4.5, Museums, /Attraction_Review-g1067963-d12702150-Reviews-The_Old_House_Of_Vrbnik-Vrbnik_Krk_Island_Kvarner_Bay_Islands_Primorje_Gorski_K.html, /Attractions-g1067963-Activities-Vrbnik_Krk_Island_Kvarner_Bay_Islands_Primorje_Gorski_Kotar_County.html
Vitezić family library, 4.0, Traveller Resources, /Attraction_Review-g1067963-d6999105-Reviews-Vitezic_family_library-Vrbnik_Krk_Island_Kvarner_Bay_Islands_Primorje_Gorski_Kot.html, /Attractions-g1067963-Activities-Vrbnik_Krk_Island_Kvarner_Bay_Islands_Primorje_Gorski_Kotar_County.html
Dive Loft Krk, 4.5, Boat Tours & Water Sports, /Attraction_Review-g1067963-d11707288-Reviews-Dive_Loft_Krk-Vrbnik_Krk_Island_Kvarner_Bay_Islands_Primorje_Gorski_Kotar_Count.html, /Attractions-g1067963-Activities-Vrbnik_Krk_Island_Kvarner_Bay_Islands_Primorje_Gorski_Kotar_County.html
Vrbnik Wine Tales, 5.0, Food & Drink, /Attraction_Review-g1067963-d12568866-Reviews-Vrbnik_Wine_Tales-Vrbnik_Krk_Island_Kvarner_Bay_Islands_Primorje_Gorski_Kotar_C.html, /Attractions-g1067963-Activities-Vrbnik_Krk_Island_Kvarner_Bay_Islands_Primorje_Gorski_Kotar_County.html
Enjoy Krk with Mare Tours, None, Food & Drink, /Attraction_Review-g1067963-d17840356-Reviews-Enjoy_Krk_with_Mare_Tours-Vrbnik_Krk_Island_Kvarner_Bay_Islands_Primorje_Gorski.html, /Attractions-g1067963-Activities-Vrbnik_Krk_Island_Kvarner_Bay_Islands_Primorje_Gorski_Kotar_County.html
Farus Travel, None, Tours, /Attraction_Review-g1067963-d19976336-Reviews-Farus_Travel-Vrbnik_Krk_Island_Kvarner_Bay_Islands_Primorje_Gorski_Kotar_County.html, /Attractions-g1067963-Activities-Vrbnik_Krk_Island_Kvarner_Bay_Islands_Primorje_Gorski_Kotar_County.html
