attraction_name, attraction_rate, attraction_type, attraction_url, attraction_parent_url
Palazzo di Diocleziano, 4.5, Sights & Landmarks, /Attraction_Review-g295370-d317704-Reviews-Palazzo_di_Diocleziano-Split_Split_Dalmatia_County_Dalmatia.html, /Attractions-g295370-Activities-Split_Split_Dalmatia_County_Dalmatia.html
Marjan Park, 4.5, Nature & Parks, /Attraction_Review-g295370-d550486-Reviews-Marjan_Park-Split_Split_Dalmatia_County_Dalmatia.html, /Attractions-g295370-Activities-Split_Split_Dalmatia_County_Dalmatia.html
Old Split, 4.5, Sights & Landmarks, /Attraction_Review-g295370-d548054-Reviews-Old_Split-Split_Split_Dalmatia_County_Dalmatia.html, /Attractions-g295370-Activities-Split_Split_Dalmatia_County_Dalmatia.html
Cathedral of Saint Domnius, 4.5, Sights & Landmarks, /Attraction_Review-g295370-d523517-Reviews-Cathedral_of_Saint_Domnius-Split_Split_Dalmatia_County_Dalmatia.html, /Attractions-g295370-Activities-Split_Split_Dalmatia_County_Dalmatia.html
Klis Fortress, 4.0, Sights & Landmarks, /Attraction_Review-g1051517-d2356012-Reviews-Klis_Fortress-Klis_Split_Split_Dalmatia_County_Dalmatia.html, /Attractions-g295370-Activities-Split_Split_Dalmatia_County_Dalmatia.html
Riva Harbor, 4.5, Nature & Parks, /Attraction_Review-g295370-d553132-Reviews-Riva_Harbor-Split_Split_Dalmatia_County_Dalmatia.html, /Attractions-g295370-Activities-Split_Split_Dalmatia_County_Dalmatia.html
Froggyland, 4.5, Museums, /Attraction_Review-g295370-d4299371-Reviews-Froggyland-Split_Split_Dalmatia_County_Dalmatia.html, /Attractions-g295370-Activities-Split_Split_Dalmatia_County_Dalmatia.html
Putalj Winery, 5.0, Food & Drink, /Attraction_Review-g295370-d5892249-Reviews-Putalj_Winery-Split_Split_Dalmatia_County_Dalmatia.html, /Attractions-g295370-Activities-Split_Split_Dalmatia_County_Dalmatia.html
The Peristyle of Diocletian's Palace, 4.5, Sights & Landmarks, /Attraction_Review-g295370-d4816096-Reviews-The_Peristyle_of_Diocletian_s_Palace-Split_Split_Dalmatia_County_Dalmatia.html, /Attractions-g295370-Activities-Split_Split_Dalmatia_County_Dalmatia.html
Galerija Mestrovic, 4.5, Museums, /Attraction_Review-g295370-d1171939-Reviews-Galerija_Mestrovic-Split_Split_Dalmatia_County_Dalmatia.html, /Attractions-g295370-Activities-Split_Split_Dalmatia_County_Dalmatia.html
Kasuni Beach, 4.0, Nature & Parks, /Attraction_Review-g295370-d8627425-Reviews-Kasuni_Beach-Split_Split_Dalmatia_County_Dalmatia.html, /Attractions-g295370-Activities-Split_Split_Dalmatia_County_Dalmatia.html
Game of Thrones Museum Split, 4.5, Museums, /Attraction_Review-g295370-d17434683-Reviews-Game_of_Thrones_Museum_Split-Split_Split_Dalmatia_County_Dalmatia.html, /Attractions-g295370-Activities-Split_Split_Dalmatia_County_Dalmatia.html
Grgur Ninski Statue, 4.0, Sights & Landmarks, /Attraction_Review-g295370-d550408-Reviews-Grgur_Ninski_Statue-Split_Split_Dalmatia_County_Dalmatia.html, /Attractions-g295370-Activities-Split_Split_Dalmatia_County_Dalmatia.html
Parish Church of St. Lawrence, 5.0, Sights & Landmarks, /Attraction_Review-g1571763-d17725175-Reviews-Parish_Church_of_St_Lawrence-Stobrec_Split_Split_Dalmatia_County_Dalmatia.html, /Attractions-g295370-Activities-Split_Split_Dalmatia_County_Dalmatia.html
Green Market, 4.5, Shopping, /Attraction_Review-g295370-d3420254-Reviews-Green_Market-Split_Split_Dalmatia_County_Dalmatia.html, /Attractions-g295370-Activities-Split_Split_Dalmatia_County_Dalmatia.html
Bene Beach, 4.0, Nature & Parks, /Attraction_Review-g295370-d3598177-Reviews-Bene_Beach-Split_Split_Dalmatia_County_Dalmatia.html, /Attractions-g295370-Activities-Split_Split_Dalmatia_County_Dalmatia.html
Beach Stobrec, 4.0, Nature & Parks, /Attraction_Review-g1571763-d18936299-Reviews-Beach_Stobrec-Stobrec_Split_Split_Dalmatia_County_Dalmatia.html, /Attractions-g295370-Activities-Split_Split_Dalmatia_County_Dalmatia.html
Poljud Stadium, 4.5, Sights & Landmarks, /Attraction_Review-g295370-d553165-Reviews-Poljud_Stadium-Split_Split_Dalmatia_County_Dalmatia.html, /Attractions-g295370-Activities-Split_Split_Dalmatia_County_Dalmatia.html
Fruit's Square (Trg Brace Radic), 4.0, Sights & Landmarks, /Attraction_Review-g295370-d553097-Reviews-Fruit_s_Square_Trg_Brace_Radic-Split_Split_Dalmatia_County_Dalmatia.html, /Attractions-g295370-Activities-Split_Split_Dalmatia_County_Dalmatia.html
Bacvice Beach, 3.0, Nature & Parks, /Attraction_Review-g295370-d4773472-Reviews-Bacvice_Beach-Split_Split_Dalmatia_County_Dalmatia.html, /Attractions-g295370-Activities-Split_Split_Dalmatia_County_Dalmatia.html
Pjaca, 4.5, Sights & Landmarks, /Attraction_Review-g295370-d548152-Reviews-Pjaca-Split_Split_Dalmatia_County_Dalmatia.html, /Attractions-g295370-Activities-Split_Split_Dalmatia_County_Dalmatia.html
Dioklecijanova (Cardo Maximus), 4.5, Sights & Landmarks, /Attraction_Review-g295370-d550473-Reviews-Dioklecijanova_Cardo_Maximus-Split_Split_Dalmatia_County_Dalmatia.html, /Attractions-g295370-Activities-Split_Split_Dalmatia_County_Dalmatia.html
Žnjan City Beach, 4.0, Nature & Parks, /Attraction_Review-g295370-d5599133-Reviews-Znjan_City_Beach-Split_Split_Dalmatia_County_Dalmatia.html, /Attractions-g295370-Activities-Split_Split_Dalmatia_County_Dalmatia.html
Split Gallery of Fine Arts, 4.5, Museums, /Attraction_Review-g295370-d8263929-Reviews-Split_Gallery_of_Fine_Arts-Split_Split_Dalmatia_County_Dalmatia.html, /Attractions-g295370-Activities-Split_Split_Dalmatia_County_Dalmatia.html
Ethnographic Museum Split, 4.0, Museums, /Attraction_Review-g295370-d2718916-Reviews-Ethnographic_Museum_Split-Split_Split_Dalmatia_County_Dalmatia.html, /Attractions-g295370-Activities-Split_Split_Dalmatia_County_Dalmatia.html
Podstrana Beach, 4.0, Nature & Parks, /Attraction_Review-g295370-d8434804-Reviews-Podstrana_Beach-Split_Split_Dalmatia_County_Dalmatia.html, /Attractions-g295370-Activities-Split_Split_Dalmatia_County_Dalmatia.html
Archaeological Museum Split, 4.0, Museums, /Attraction_Review-g295370-d317712-Reviews-Archaeological_Museum_Split-Split_Split_Dalmatia_County_Dalmatia.html, /Attractions-g295370-Activities-Split_Split_Dalmatia_County_Dalmatia.html
City Clock, 4.0, Sights & Landmarks, /Attraction_Review-g295370-d550470-Reviews-City_Clock-Split_Split_Dalmatia_County_Dalmatia.html, /Attractions-g295370-Activities-Split_Split_Dalmatia_County_Dalmatia.html
Temple of Jupiter, 3.5, Sights & Landmarks, /Attraction_Review-g295370-d2345458-Reviews-Temple_of_Jupiter-Split_Split_Dalmatia_County_Dalmatia.html, /Attractions-g295370-Activities-Split_Split_Dalmatia_County_Dalmatia.html
Split Synagogue, 4.5, Sights & Landmarks, /Attraction_Review-g295370-d6929957-Reviews-Split_Synagogue-Split_Split_Dalmatia_County_Dalmatia.html, /Attractions-g295370-Activities-Split_Split_Dalmatia_County_Dalmatia.html
