attraction_name, attraction_rate, attraction_type, attraction_url, attraction_parent_url
Admiral Automat Klub, None, Casinos & Gambling, /Attraction_Review-g294454-d12298267-Reviews-Admiral_Automat_Klub-Zagreb_Central_Croatia.html, /Attractions-g294454-Activities-Zagreb_Central_Croatia.html
Admiral Automat Club Central, None, Casinos & Gambling, /Attraction_Review-g294454-d12298192-Reviews-Admiral_Automat_Club_Central-Zagreb_Central_Croatia.html, /Attractions-g294454-Activities-Zagreb_Central_Croatia.html
Admiral Automat Club, None, Casinos & Gambling, /Attraction_Review-g294454-d12298327-Reviews-Admiral_Automat_Club-Zagreb_Central_Croatia.html, /Attractions-g294454-Activities-Zagreb_Central_Croatia.html
Senator, None, Casinos & Gambling, /Attraction_Review-g294454-d12564025-Reviews-Senator-Zagreb_Central_Croatia.html, /Attractions-g294454-Activities-Zagreb_Central_Croatia.html
Zagreb Dance Center, None, Concerts & Shows, /Attraction_Review-g294454-d13174383-Reviews-Zagreb_Dance_Center-Zagreb_Central_Croatia.html, /Attractions-g294454-Activities-Zagreb_Central_Croatia.html
Admiral Automat Klub Dubrava 2, None, Casinos & Gambling, /Attraction_Review-g294454-d12409600-Reviews-Admiral_Automat_Klub_Dubrava_2-Zagreb_Central_Croatia.html, /Attractions-g294454-Activities-Zagreb_Central_Croatia.html
Admiral Automat Klub, None, Casinos & Gambling, /Attraction_Review-g294454-d12408481-Reviews-Admiral_Automat_Klub-Zagreb_Central_Croatia.html, /Attractions-g294454-Activities-Zagreb_Central_Croatia.html
Admiral Automat Klub Cvjetni trg, None, Casinos & Gambling, /Attraction_Review-g294454-d12408530-Reviews-Admiral_Automat_Klub_Cvjetni_trg-Zagreb_Central_Croatia.html, /Attractions-g294454-Activities-Zagreb_Central_Croatia.html
Admiral Automat Klub, None, Casinos & Gambling, /Attraction_Review-g294454-d12408597-Reviews-Admiral_Automat_Klub-Zagreb_Central_Croatia.html, /Attractions-g294454-Activities-Zagreb_Central_Croatia.html
Admiral Automat Klub, None, Casinos & Gambling, /Attraction_Review-g294454-d12408059-Reviews-Admiral_Automat_Klub-Zagreb_Central_Croatia.html, /Attractions-g294454-Activities-Zagreb_Central_Croatia.html
Admiral Automat Klub Malešnica, None, Casinos & Gambling, /Attraction_Review-g294454-d12597702-Reviews-Admiral_Automat_Klub_Malesnica-Zagreb_Central_Croatia.html, /Attractions-g294454-Activities-Zagreb_Central_Croatia.html
Senator, None, Casinos & Gambling, /Attraction_Review-g294454-d14204908-Reviews-Senator-Zagreb_Central_Croatia.html, /Attractions-g294454-Activities-Zagreb_Central_Croatia.html
Senator, None, Casinos & Gambling, /Attraction_Review-g294454-d14204486-Reviews-Senator-Zagreb_Central_Croatia.html, /Attractions-g294454-Activities-Zagreb_Central_Croatia.html
Senator, None, Casinos & Gambling, /Attraction_Review-g294454-d14204532-Reviews-Senator-Zagreb_Central_Croatia.html, /Attractions-g294454-Activities-Zagreb_Central_Croatia.html
Senator, None, Casinos & Gambling, /Attraction_Review-g294454-d14204628-Reviews-Senator-Zagreb_Central_Croatia.html, /Attractions-g294454-Activities-Zagreb_Central_Croatia.html
Admiral Automat Club Kvatric, None, Casinos & Gambling, /Attraction_Review-g294454-d14939965-Reviews-Admiral_Automat_Club_Kvatric-Zagreb_Central_Croatia.html, /Attractions-g294454-Activities-Zagreb_Central_Croatia.html
Admiral Automat Club Las Vegas, None, Casinos & Gambling, /Attraction_Review-g294454-d14939952-Reviews-Admiral_Automat_Club_Las_Vegas-Zagreb_Central_Croatia.html, /Attractions-g294454-Activities-Zagreb_Central_Croatia.html
Ostrman Atelier, None, Museums, /Attraction_Review-g294454-d13821918-Reviews-Ostrman_Atelier-Zagreb_Central_Croatia.html, /Attractions-g294454-Activities-Zagreb_Central_Croatia.html
COTRUGLI Business Museum, None, Museums, /Attraction_Review-g294454-d13551623-Reviews-COTRUGLI_Business_Museum-Zagreb_Central_Croatia.html, /Attractions-g294454-Activities-Zagreb_Central_Croatia.html
Arena Automat Klub, None, Casinos & Gambling, /Attraction_Review-g294454-d15137561-Reviews-Arena_Automat_Klub-Zagreb_Central_Croatia.html, /Attractions-g294454-Activities-Zagreb_Central_Croatia.html
Arena Automat Klub, None, Casinos & Gambling, /Attraction_Review-g294454-d15137670-Reviews-Arena_Automat_Klub-Zagreb_Central_Croatia.html, /Attractions-g294454-Activities-Zagreb_Central_Croatia.html
Otvoreni studio keramike, None, Museums, /Attraction_Review-g294454-d17522852-Reviews-Otvoreni_studio_keramike-Zagreb_Central_Croatia.html, /Attractions-g294454-Activities-Zagreb_Central_Croatia.html
Holocaust Monument - (Krešimir Rogina and Dalibor Stošić), None, Sights & Landmarks, /Attraction_Review-g294454-d21244665-Reviews-Holocaust_Monument_Kresimir_Rogina_and_Dalibor_Stosic-Zagreb_Central_Croatia.html, /Attractions-g294454-Activities-Zagreb_Central_Croatia.html
Our Lady of Loreto, None, Sights & Landmarks, /Attraction_Review-g294454-d21267725-Reviews-Our_Lady_of_Loreto-Zagreb_Central_Croatia.html, /Attractions-g294454-Activities-Zagreb_Central_Croatia.html
Josip Konta Art Studio, None, Museums, /Attraction_Review-g294454-d21320708-Reviews-Josip_Konta_Art_Studio-Zagreb_Central_Croatia.html, /Attractions-g294454-Activities-Zagreb_Central_Croatia.html
Udruga Vestigium, None, Food & Drink, /Attraction_Review-g294454-d19692534-Reviews-Udruga_Vestigium-Zagreb_Central_Croatia.html, /Attractions-g294454-Activities-Zagreb_Central_Croatia.html
Ledeni Park, None, Nature & Parks, /Attraction_Review-g294454-d19820676-Reviews-Ledeni_Park-Zagreb_Central_Croatia.html, /Attractions-g294454-Activities-Zagreb_Central_Croatia.html
Palatino Art Gallery, None, Museums, /Attraction_Review-g294454-d21395104-Reviews-Palatino_Art_Gallery-Zagreb_Central_Croatia.html, /Attractions-g294454-Activities-Zagreb_Central_Croatia.html
Minipolis D.o.o., None, Water & Amusement Parks, /Attraction_Review-g294454-d21372438-Reviews-Minipolis_D_o_o-Zagreb_Central_Croatia.html, /Attractions-g294454-Activities-Zagreb_Central_Croatia.html
