attraction_name, attraction_rate, attraction_type, attraction_url, attraction_parent_url
Church of St. Krsevan, 4.5, Sights & Landmarks, /Attraction_Review-g295374-d554041-Reviews-Church_of_St_Krsevan-Zadar_Zadar_County_Dalmatia.html, /Attractions-g295374-Activities-Zadar_Zadar_County_Dalmatia.html
Jetski Center, 4.5, Water & Amusement Parks, /Attraction_Review-g295374-d10226525-Reviews-Jetski_Center-Zadar_Zadar_County_Dalmatia.html, /Attractions-g295374-Activities-Zadar_Zadar_County_Dalmatia.html
St. Simon's Church, 3.5, Sights & Landmarks, /Attraction_Review-g295374-d554039-Reviews-St_Simon_s_Church-Zadar_Zadar_County_Dalmatia.html, /Attractions-g295374-Activities-Zadar_Zadar_County_Dalmatia.html
University of Zadar, 4.0, Sights & Landmarks, /Attraction_Review-g295374-d5449586-Reviews-University_of_Zadar-Zadar_Zadar_County_Dalmatia.html, /Attractions-g295374-Activities-Zadar_Zadar_County_Dalmatia.html
Town Museum, 2.5, Museums, /Attraction_Review-g1943239-d6894952-Reviews-Town_Museum-Bibinje_Zadar_Zadar_County_Dalmatia.html, /Attractions-g295374-Activities-Zadar_Zadar_County_Dalmatia.html
St. Mary's Church and Monastery, 4.0, Sights & Landmarks, /Attraction_Review-g295374-d10175644-Reviews-St_Mary_s_Church_and_Monastery-Zadar_Zadar_County_Dalmatia.html, /Attractions-g295374-Activities-Zadar_Zadar_County_Dalmatia.html
Perivoj kraljice Jelene Madijevke, 4.0, Nature & Parks, /Attraction_Review-g295374-d9733796-Reviews-Perivoj_kraljice_Jelene_Madijevke-Zadar_Zadar_County_Dalmatia.html, /Attractions-g295374-Activities-Zadar_Zadar_County_Dalmatia.html
Perivoj Vladimira Nazora, 3.5, Nature & Parks, /Attraction_Review-g295374-d9709675-Reviews-Perivoj_Vladimira_Nazora-Zadar_Zadar_County_Dalmatia.html, /Attractions-g295374-Activities-Zadar_Zadar_County_Dalmatia.html
FlipSea Aqua Park Kolovare, 3.5, Water & Amusement Parks, /Attraction_Review-g295374-d10519807-Reviews-FlipSea_Aqua_Park_Kolovare-Zadar_Zadar_County_Dalmatia.html, /Attractions-g295374-Activities-Zadar_Zadar_County_Dalmatia.html
Iglesia de San Elias - St Elias Church, 4.0, Sights & Landmarks, /Attraction_Review-g295374-d5449587-Reviews-Iglesia_de_San_Elias_St_Elias_Church-Zadar_Zadar_County_Dalmatia.html, /Attractions-g295374-Activities-Zadar_Zadar_County_Dalmatia.html
Church of Our Lady of Health, 3.5, Sights & Landmarks, /Attraction_Review-g295374-d9709760-Reviews-Church_of_Our_Lady_of_Health-Zadar_Zadar_County_Dalmatia.html, /Attractions-g295374-Activities-Zadar_Zadar_County_Dalmatia.html
Bablja Kula, 3.5, Sights & Landmarks, /Attraction_Review-g295374-d554008-Reviews-Bablja_Kula-Zadar_Zadar_County_Dalmatia.html, /Attractions-g295374-Activities-Zadar_Zadar_County_Dalmatia.html
Gradski Most Zadar, 4.5, Sights & Landmarks, /Attraction_Review-g295374-d17347978-Reviews-Gradski_Most_Zadar-Zadar_Zadar_County_Dalmatia.html, /Attractions-g295374-Activities-Zadar_Zadar_County_Dalmatia.html
Beach Uskok, 4.0, Nature & Parks, /Attraction_Review-g295374-d14211193-Reviews-Beach_Uskok-Zadar_Zadar_County_Dalmatia.html, /Attractions-g295374-Activities-Zadar_Zadar_County_Dalmatia.html
Visnjik Sports Center, 4.5, Fun & Games, /Attraction_Review-g295374-d16881419-Reviews-Visnjik_Sports_Center-Zadar_Zadar_County_Dalmatia.html, /Attractions-g295374-Activities-Zadar_Zadar_County_Dalmatia.html
Zadar City Museum / Muzej Grada Zadra, 3.0, Museums, /Attraction_Review-g295374-d7019702-Reviews-Zadar_City_Museum_Muzej_Grada_Zadra-Zadar_Zadar_County_Dalmatia.html, /Attractions-g295374-Activities-Zadar_Zadar_County_Dalmatia.html
Jadrolinija, 2.0, Transportation, /Attraction_Review-g295374-d17823009-Reviews-Jadrolinija-Zadar_Zadar_County_Dalmatia.html, /Attractions-g295374-Activities-Zadar_Zadar_County_Dalmatia.html
Sfinga (sfinge), 5.0, Sights & Landmarks, /Attraction_Review-g295374-d21301563-Reviews-Sfinga_sfinge-Zadar_Zadar_County_Dalmatia.html, /Attractions-g295374-Activities-Zadar_Zadar_County_Dalmatia.html
Statue of Spiro Brusina, 4.0, Sights & Landmarks, /Attraction_Review-g295374-d21034450-Reviews-Statue_of_Spiro_Brusina-Zadar_Zadar_County_Dalmatia.html, /Attractions-g295374-Activities-Zadar_Zadar_County_Dalmatia.html
Admiral Automat Klub, None, Casinos & Gambling, /Attraction_Review-g295374-d12298338-Reviews-Admiral_Automat_Klub-Zadar_Zadar_County_Dalmatia.html, /Attractions-g295374-Activities-Zadar_Zadar_County_Dalmatia.html
Admiral Automat Klub, None, Casinos & Gambling, /Attraction_Review-g295374-d12298291-Reviews-Admiral_Automat_Klub-Zadar_Zadar_County_Dalmatia.html, /Attractions-g295374-Activities-Zadar_Zadar_County_Dalmatia.html
Admiral Automat Club, None, Casinos & Gambling, /Attraction_Review-g295374-d12298402-Reviews-Admiral_Automat_Club-Zadar_Zadar_County_Dalmatia.html, /Attractions-g295374-Activities-Zadar_Zadar_County_Dalmatia.html
Admiral Automat Klub, None, Casinos & Gambling, /Attraction_Review-g295374-d12408100-Reviews-Admiral_Automat_Klub-Zadar_Zadar_County_Dalmatia.html, /Attractions-g295374-Activities-Zadar_Zadar_County_Dalmatia.html
Sea Clubbing, None, Outdoor Activities, /Attraction_Review-g295374-d12526929-Reviews-Sea_Clubbing-Zadar_Zadar_County_Dalmatia.html, /Attractions-g295374-Activities-Zadar_Zadar_County_Dalmatia.html
Admiral Casino Zadar, None, Casinos & Gambling, /Attraction_Review-g295374-d14182140-Reviews-Admiral_Casino_Zadar-Zadar_Zadar_County_Dalmatia.html, /Attractions-g295374-Activities-Zadar_Zadar_County_Dalmatia.html
Arena Automat Klub, None, Casinos & Gambling, /Attraction_Review-g295374-d15138116-Reviews-Arena_Automat_Klub-Zadar_Zadar_County_Dalmatia.html, /Attractions-g295374-Activities-Zadar_Zadar_County_Dalmatia.html
Oštri rat - Puntamika Lighthouse, None, Sights & Landmarks, /Attraction_Review-g295374-d22927682-Reviews-Ostri_rat_Puntamika_Lighthouse-Zadar_Zadar_County_Dalmatia.html, /Attractions-g295374-Activities-Zadar_Zadar_County_Dalmatia.html
