attraction_name, attraction_rate, attraction_type, attraction_url, attraction_parent_url
Spiaggia di Rucica, 4.5, Sights & Landmarks, /Attraction_Review-g651687-d4745922-Reviews-Spiaggia_di_Rucica-Novalja_Island_of_Pag_Zadar_County_Dalmatia.html, /Attractions-g651687-Activities-Novalja_Island_of_Pag_Zadar_County_Dalmatia.html
Zrce Beach, 4.0, Nature & Parks, /Attraction_Review-g651687-d3349765-Reviews-Zrce_Beach-Novalja_Island_of_Pag_Zadar_County_Dalmatia.html, /Attractions-g651687-Activities-Novalja_Island_of_Pag_Zadar_County_Dalmatia.html
Strasko Beach, 3.5, Nature & Parks, /Attraction_Review-g651687-d12786446-Reviews-Strasko_Beach-Novalja_Island_of_Pag_Zadar_County_Dalmatia.html, /Attractions-g651687-Activities-Novalja_Island_of_Pag_Zadar_County_Dalmatia.html
Caska Beach, 3.5, Nature & Parks, /Attraction_Review-g651687-d12786331-Reviews-Caska_Beach-Novalja_Island_of_Pag_Zadar_County_Dalmatia.html, /Attractions-g651687-Activities-Novalja_Island_of_Pag_Zadar_County_Dalmatia.html
Gajac beach, 4.0, Nature & Parks, /Attraction_Review-g651687-d17709458-Reviews-Gajac_beach-Novalja_Island_of_Pag_Zadar_County_Dalmatia.html, /Attractions-g651687-Activities-Novalja_Island_of_Pag_Zadar_County_Dalmatia.html
City Museum of Novalja - Roman Aqueduct, 3.0, Sights & Landmarks, /Attraction_Review-g651687-d10842364-Reviews-City_Museum_of_Novalja_Roman_Aqueduct-Novalja_Island_of_Pag_Zadar_County_Dalmati.html, /Attractions-g651687-Activities-Novalja_Island_of_Pag_Zadar_County_Dalmatia.html
Noa Beach Club, 4.5, Nightlife, /Attraction_Review-g651687-d3407360-Reviews-Noa_Beach_Club-Novalja_Island_of_Pag_Zadar_County_Dalmatia.html, /Attractions-g651687-Activities-Novalja_Island_of_Pag_Zadar_County_Dalmatia.html
Big Yellow House Bar, 4.5, Nightlife, /Attraction_Review-g651687-d8514279-Reviews-Big_Yellow_House_Bar-Novalja_Island_of_Pag_Zadar_County_Dalmatia.html, /Attractions-g651687-Activities-Novalja_Island_of_Pag_Zadar_County_Dalmatia.html
Aquarius Zrce Beach, 4.0, Nightlife, /Attraction_Review-g651687-d2700588-Reviews-Aquarius_Zrce_Beach-Novalja_Island_of_Pag_Zadar_County_Dalmatia.html, /Attractions-g651687-Activities-Novalja_Island_of_Pag_Zadar_County_Dalmatia.html
Papaya club, 4.0, Nightlife, /Attraction_Review-g651687-d969711-Reviews-Papaya_club-Novalja_Island_of_Pag_Zadar_County_Dalmatia.html, /Attractions-g651687-Activities-Novalja_Island_of_Pag_Zadar_County_Dalmatia.html
Jet Boat Novalja, 5.0, Boat Tours & Water Sports, /Attraction_Review-g651687-d8867736-Reviews-Jet_Boat_Novalja-Novalja_Island_of_Pag_Zadar_County_Dalmatia.html, /Attractions-g651687-Activities-Novalja_Island_of_Pag_Zadar_County_Dalmatia.html
Kalypso Zrce, 4.0, Nightlife, /Attraction_Review-g651687-d2700589-Reviews-Kalypso_Zrce-Novalja_Island_of_Pag_Zadar_County_Dalmatia.html, /Attractions-g651687-Activities-Novalja_Island_of_Pag_Zadar_County_Dalmatia.html
Segway Novalja, 5.0, Tours, /Attraction_Review-g651687-d8137852-Reviews-Segway_Novalja-Novalja_Island_of_Pag_Zadar_County_Dalmatia.html, /Attractions-g651687-Activities-Novalja_Island_of_Pag_Zadar_County_Dalmatia.html
Cocomo club, 3.5, Nightlife, /Attraction_Review-g651687-d8548862-Reviews-Cocomo_club-Novalja_Island_of_Pag_Zadar_County_Dalmatia.html, /Attractions-g651687-Activities-Novalja_Island_of_Pag_Zadar_County_Dalmatia.html
Diving Center FOKA, 4.5, Boat Tours & Water Sports, /Attraction_Review-g651687-d9771135-Reviews-Diving_Center_FOKA-Novalja_Island_of_Pag_Zadar_County_Dalmatia.html, /Attractions-g651687-Activities-Novalja_Island_of_Pag_Zadar_County_Dalmatia.html
Zrce Booze Cruise, 5.0, Boat Tours & Water Sports, /Attraction_Review-g651687-d16779860-Reviews-Zrce_Booze_Cruise-Novalja_Island_of_Pag_Zadar_County_Dalmatia.html, /Attractions-g651687-Activities-Novalja_Island_of_Pag_Zadar_County_Dalmatia.html
Backstage Zrce, 5.0, Nightlife, /Attraction_Review-g651687-d14928707-Reviews-Backstage_Zrce-Novalja_Island_of_Pag_Zadar_County_Dalmatia.html, /Attractions-g651687-Activities-Novalja_Island_of_Pag_Zadar_County_Dalmatia.html
Croatia by Heart - Tours with locals, 5.0, Food & Drink, /Attraction_Review-g651687-d10587609-Reviews-Croatia_by_Heart_Tours_with_locals-Novalja_Island_of_Pag_Zadar_County_Dalmatia.html, /Attractions-g651687-Activities-Novalja_Island_of_Pag_Zadar_County_Dalmatia.html
Euphoria Zrce Beach, 3.5, Nightlife, /Attraction_Review-g651687-d6985953-Reviews-Euphoria_Zrce_Beach-Novalja_Island_of_Pag_Zadar_County_Dalmatia.html, /Attractions-g651687-Activities-Novalja_Island_of_Pag_Zadar_County_Dalmatia.html
NAV TAXI, 4.5, Transportation, /Attraction_Review-g651687-d12319044-Reviews-NAV_TAXI-Novalja_Island_of_Pag_Zadar_County_Dalmatia.html, /Attractions-g651687-Activities-Novalja_Island_of_Pag_Zadar_County_Dalmatia.html
Adriatic Academy, 5.0, Food & Drink, /Attraction_Review-g651687-d17441531-Reviews-Adriatic_Academy-Novalja_Island_of_Pag_Zadar_County_Dalmatia.html, /Attractions-g651687-Activities-Novalja_Island_of_Pag_Zadar_County_Dalmatia.html
Fish Spa, 5.0, Spas & Wellness, /Attraction_Review-g651687-d10393647-Reviews-Fish_Spa-Novalja_Island_of_Pag_Zadar_County_Dalmatia.html, /Attractions-g651687-Activities-Novalja_Island_of_Pag_Zadar_County_Dalmatia.html
Chili Beach Bar, 1.0, Nightlife, /Attraction_Review-g651687-d8492862-Reviews-Chili_Beach_Bar-Novalja_Island_of_Pag_Zadar_County_Dalmatia.html, /Attractions-g651687-Activities-Novalja_Island_of_Pag_Zadar_County_Dalmatia.html
Rocks Beach Club, 2.5, Nightlife, /Attraction_Review-g651687-d10376897-Reviews-Rocks_Beach_Club-Novalja_Island_of_Pag_Zadar_County_Dalmatia.html, /Attractions-g651687-Activities-Novalja_Island_of_Pag_Zadar_County_Dalmatia.html
Paintball Babe, None, Fun & Games, /Attraction_Review-g651687-d8535361-Reviews-Paintball_Babe-Novalja_Island_of_Pag_Zadar_County_Dalmatia.html, /Attractions-g651687-Activities-Novalja_Island_of_Pag_Zadar_County_Dalmatia.html
Backstage Bar, None, Nightlife, /Attraction_Review-g651687-d12845326-Reviews-Backstage_Bar-Novalja_Island_of_Pag_Zadar_County_Dalmatia.html, /Attractions-g651687-Activities-Novalja_Island_of_Pag_Zadar_County_Dalmatia.html
Taxi Mestro &amp; Taxi Ferox, None, Transportation, /Attraction_Review-g651687-d14096246-Reviews-Taxi_Mestro_Taxi_Ferox-Novalja_Island_of_Pag_Zadar_County_Dalmatia.html, /Attractions-g651687-Activities-Novalja_Island_of_Pag_Zadar_County_Dalmatia.html
Babe Beach, None, Nature & Parks, /Attraction_Review-g651687-d15865807-Reviews-Babe_Beach-Novalja_Island_of_Pag_Zadar_County_Dalmatia.html, /Attractions-g651687-Activities-Novalja_Island_of_Pag_Zadar_County_Dalmatia.html
Roundabout Novalja, None, Tours, /Attraction_Review-g651687-d17689100-Reviews-Roundabout_Novalja-Novalja_Island_of_Pag_Zadar_County_Dalmatia.html, /Attractions-g651687-Activities-Novalja_Island_of_Pag_Zadar_County_Dalmatia.html
Dr. Fish Spa Novalja, None, Spas & Wellness, /Attraction_Review-g651687-d17810925-Reviews-Dr_Fish_Spa_Novalja-Novalja_Island_of_Pag_Zadar_County_Dalmatia.html, /Attractions-g651687-Activities-Novalja_Island_of_Pag_Zadar_County_Dalmatia.html
