attraction_name, attraction_rate, attraction_type, attraction_url, attraction_parent_url
Konjicki Klub Capall Hrboki, 3.0, Nature & Parks, /Attraction_Review-g1157701-d3750640-Reviews-Konjicki_Klub_Capall_Hrboki-Barban_Istria.html, /Attractions-g1157701-Activities-Barban_Istria.html
Glavani Park, 5.0, Tours, /Attraction_Review-g1157701-d1973802-Reviews-Glavani_Park-Barban_Istria.html, /Attractions-g1157701-Activities-Barban_Istria.html
Istra Adventure, 4.5, Boat Tours & Water Sports, /Attraction_Review-g1157701-d8442287-Reviews-Istra_Adventure-Barban_Istria.html, /Attractions-g1157701-Activities-Barban_Istria.html
Foiba di Terli, None, Sights & Landmarks, /Attraction_Review-g1157701-d13507523-Reviews-Foiba_di_Terli-Barban_Istria.html, /Attractions-g1157701-Activities-Barban_Istria.html
Church of St. Anthony the Abbot, None, Sights & Landmarks, /Attraction_Review-g1157701-d21301248-Reviews-Church_of_St_Anthony_the_Abbot-Barban_Istria.html, /Attractions-g1157701-Activities-Barban_Istria.html
Chiesa della Madonna della Valle, None, Sights & Landmarks, /Attraction_Review-g1157701-d21301016-Reviews-Chiesa_della_Madonna_della_Valle-Barban_Istria.html, /Attractions-g1157701-Activities-Barban_Istria.html
St. Nicholas Church, None, Sights & Landmarks, /Attraction_Review-g1157701-d21314504-Reviews-St_Nicholas_Church-Barban_Istria.html, /Attractions-g1157701-Activities-Barban_Istria.html
