attraction_name, attraction_rate, attraction_type, attraction_url, attraction_parent_url
Sumartin Beach, 4.5, Nature & Parks, /Attraction_Review-g2095028-d4492799-Reviews-Sumartin_Beach-Sumartin_Brac_Island_Split_Dalmatia_County_Dalmatia.html, /Attractions-g2095028-Activities-Sumartin_Brac_Island_Split_Dalmatia_County_Dalmatia.html
Sumartin Ferry, 3.5, Transportation, /Attraction_Review-g2095028-d15017601-Reviews-Sumartin_Ferry-Sumartin_Brac_Island_Split_Dalmatia_County_Dalmatia.html, /Attractions-g2095028-Activities-Sumartin_Brac_Island_Split_Dalmatia_County_Dalmatia.html
Sumartin Rent, 5.0, Boat Tours & Water Sports, /Attraction_Review-g2095028-d10767120-Reviews-Sumartin_Rent-Sumartin_Brac_Island_Split_Dalmatia_County_Dalmatia.html, /Attractions-g2095028-Activities-Sumartin_Brac_Island_Split_Dalmatia_County_Dalmatia.html
Rado Rent Sumartin, 5.0, Outdoor Activities, /Attraction_Review-g2095028-d13969703-Reviews-Rado_Rent_Sumartin-Sumartin_Brac_Island_Split_Dalmatia_County_Dalmatia.html, /Attractions-g2095028-Activities-Sumartin_Brac_Island_Split_Dalmatia_County_Dalmatia.html
Brac E-bike, 5.0, Outdoor Activities, /Attraction_Review-g2095028-d17691621-Reviews-Brac_E_bike-Sumartin_Brac_Island_Split_Dalmatia_County_Dalmatia.html, /Attractions-g2095028-Activities-Sumartin_Brac_Island_Split_Dalmatia_County_Dalmatia.html
Your Taxi on Brač, 4.0, Transportation, /Attraction_Review-g2095028-d13970599-Reviews-Your_Taxi_on_Brac-Sumartin_Brac_Island_Split_Dalmatia_County_Dalmatia.html, /Attractions-g2095028-Activities-Sumartin_Brac_Island_Split_Dalmatia_County_Dalmatia.html
Franciscan Monastery and St. Martin's Church, None, Sights & Landmarks, /Attraction_Review-g2095028-d17728030-Reviews-Franciscan_Monastery_and_St_Martin_s_Church-Sumartin_Brac_Island_Split_Dalmatia.html, /Attractions-g2095028-Activities-Sumartin_Brac_Island_Split_Dalmatia_County_Dalmatia.html
Brac&& Sumartin - Povlja - Tragom Benediktinaca - Theme Trails, None, Sights & Landmarks, /Attraction_Review-g2095028-d20954932-Reviews-Brac_Sumartin_Povlja_Tragom_Benediktinaca_Theme_Trails-Sumartin_Brac_Island_Spl.html, /Attractions-g2095028-Activities-Sumartin_Brac_Island_Split_Dalmatia_County_Dalmatia.html
St. Martin Church, None, Sights & Landmarks, /Attraction_Review-g2095028-d19509637-Reviews-St_Martin_Church-Sumartin_Brac_Island_Split_Dalmatia_County_Dalmatia.html, /Attractions-g2095028-Activities-Sumartin_Brac_Island_Split_Dalmatia_County_Dalmatia.html
