attraction_name, attraction_rate, attraction_type, attraction_url, attraction_parent_url
Obiteljski Podrum Szabo, 5.0, Food & Drink, /Attraction_Review-g3200532-d11787014-Reviews-Obiteljski_Podrum_Szabo-Karanac_Osijek_Baranja_County_Slavonia.html, /Attractions-g3200532-Activities-Karanac_Osijek_Baranja_County_Slavonia.html
Kušaonica Svijetli Dvori, 5.0, Food & Drink, /Attraction_Review-g3200532-d10847051-Reviews-Kusaonica_Svijetli_Dvori-Karanac_Osijek_Baranja_County_Slavonia.html, /Attractions-g3200532-Activities-Karanac_Osijek_Baranja_County_Slavonia.html
FARMA obrt za izradu etno suvenira, 5.0, Shopping, /Attraction_Review-g3200532-d11751025-Reviews-FARMA_obrt_za_izradu_etno_suvenira-Karanac_Osijek_Baranja_County_Slavonia.html, /Attractions-g3200532-Activities-Karanac_Osijek_Baranja_County_Slavonia.html
Podrum - Szabó - Pincészet, None, Food & Drink, /Attraction_Review-g3200532-d11754687-Reviews-Podrum_Szabo_Pinceszet-Karanac_Osijek_Baranja_County_Slavonia.html, /Attractions-g3200532-Activities-Karanac_Osijek_Baranja_County_Slavonia.html
Golden Slavonia, None, Food & Drink, /Attraction_Review-g3200532-d16851588-Reviews-Golden_Slavonia-Karanac_Osijek_Baranja_County_Slavonia.html, /Attractions-g3200532-Activities-Karanac_Osijek_Baranja_County_Slavonia.html
