attraction_name, attraction_rate, attraction_type, attraction_url, attraction_parent_url
Stiniva Cove, 4.0, Nature & Parks, /Attraction_Review-g424973-d2324162-Reviews-Stiniva_Cove-Vis_Island_of_Vis_Split_Dalmatia_County_Dalmatia.html, /Attractions-g424971-Activities-Island_of_Vis_Split_Dalmatia_County_Dalmatia.html
Mount Hum, 4.5, Nature & Parks, /Attraction_Review-g424971-d622113-Reviews-Mount_Hum-Island_of_Vis_Split_Dalmatia_County_Dalmatia.html, /Attractions-g424971-Activities-Island_of_Vis_Split_Dalmatia_County_Dalmatia.html
Bavul art, 5.0, Museums, /Attraction_Review-g424973-d8470724-Reviews-Bavul_art-Vis_Island_of_Vis_Split_Dalmatia_County_Dalmatia.html, /Attractions-g424971-Activities-Island_of_Vis_Split_Dalmatia_County_Dalmatia.html
Vis Walking Tours, 5.0, Sights & Landmarks, /Attraction_Review-g1062125-d10461576-Reviews-Vis_Walking_Tours-Komiza_Island_of_Vis_Split_Dalmatia_County_Dalmatia.html, /Attractions-g424971-Activities-Island_of_Vis_Split_Dalmatia_County_Dalmatia.html
Srebrna Bay, 4.5, Nature & Parks, /Attraction_Review-g424971-d6857315-Reviews-Srebrna_Bay-Island_of_Vis_Split_Dalmatia_County_Dalmatia.html, /Attractions-g424971-Activities-Island_of_Vis_Split_Dalmatia_County_Dalmatia.html
St Juraj’s Inlet, 5.0, Nature & Parks, /Attraction_Review-g424973-d10022957-Reviews-St_Juraj_s_Inlet-Vis_Island_of_Vis_Split_Dalmatia_County_Dalmatia.html, /Attractions-g424971-Activities-Island_of_Vis_Split_Dalmatia_County_Dalmatia.html
George III Fortress, 4.5, Sights & Landmarks, /Attraction_Review-g424973-d17728019-Reviews-George_III_Fortress-Vis_Island_of_Vis_Split_Dalmatia_County_Dalmatia.html, /Attractions-g424971-Activities-Island_of_Vis_Split_Dalmatia_County_Dalmatia.html
Eta atelier, 5.0, Museums, /Attraction_Review-g424973-d10730686-Reviews-Eta_atelier-Vis_Island_of_Vis_Split_Dalmatia_County_Dalmatia.html, /Attractions-g424971-Activities-Island_of_Vis_Split_Dalmatia_County_Dalmatia.html
Green Cave, 3.5, Nature & Parks, /Attraction_Review-g424973-d10758270-Reviews-Green_Cave-Vis_Island_of_Vis_Split_Dalmatia_County_Dalmatia.html, /Attractions-g424971-Activities-Island_of_Vis_Split_Dalmatia_County_Dalmatia.html
Fort George, 5.0, Sights & Landmarks, /Attraction_Review-g424971-d15355924-Reviews-Fort_George-Island_of_Vis_Split_Dalmatia_County_Dalmatia.html, /Attractions-g424971-Activities-Island_of_Vis_Split_Dalmatia_County_Dalmatia.html
Church of Our Lady of the Pirates, 5.0, Sights & Landmarks, /Attraction_Review-g1062125-d17611426-Reviews-Church_of_Our_Lady_of_the_Pirates-Komiza_Island_of_Vis_Split_Dalmatia_County_Da.html, /Attractions-g424971-Activities-Island_of_Vis_Split_Dalmatia_County_Dalmatia.html
Beach Prirovo Vis, 5.0, Nature & Parks, /Attraction_Review-g424973-d15051368-Reviews-Beach_Prirovo_Vis-Vis_Island_of_Vis_Split_Dalmatia_County_Dalmatia.html, /Attractions-g424971-Activities-Island_of_Vis_Split_Dalmatia_County_Dalmatia.html
Zaglav Beach, 3.5, Nature & Parks, /Attraction_Review-g424971-d6867354-Reviews-Zaglav_Beach-Island_of_Vis_Split_Dalmatia_County_Dalmatia.html, /Attractions-g424971-Activities-Island_of_Vis_Split_Dalmatia_County_Dalmatia.html
Green Cave, 3.5, Nature & Parks, /Attraction_Review-g424971-d10755830-Reviews-Green_Cave-Island_of_Vis_Split_Dalmatia_County_Dalmatia.html, /Attractions-g424971-Activities-Island_of_Vis_Split_Dalmatia_County_Dalmatia.html
Kula Bentinck Terjun, 5.0, Sights & Landmarks, /Attraction_Review-g424973-d21377603-Reviews-Kula_Bentinck_Terjun-Vis_Island_of_Vis_Split_Dalmatia_County_Dalmatia.html, /Attractions-g424971-Activities-Island_of_Vis_Split_Dalmatia_County_Dalmatia.html
Kamenica Beach, 5.0, Nature & Parks, /Attraction_Review-g1062125-d21366847-Reviews-Kamenica_Beach-Komiza_Island_of_Vis_Split_Dalmatia_County_Dalmatia.html, /Attractions-g424971-Activities-Island_of_Vis_Split_Dalmatia_County_Dalmatia.html
Crkva Sv. Jeronima, 5.0, Sights & Landmarks, /Attraction_Review-g424973-d21366860-Reviews-Crkva_Sv_Jeronima-Vis_Island_of_Vis_Split_Dalmatia_County_Dalmatia.html, /Attractions-g424971-Activities-Island_of_Vis_Split_Dalmatia_County_Dalmatia.html
St. Nicholas Church, 5.0, Sights & Landmarks, /Attraction_Review-g1062125-d21359593-Reviews-St_Nicholas_Church-Komiza_Island_of_Vis_Split_Dalmatia_County_Dalmatia.html, /Attractions-g424971-Activities-Island_of_Vis_Split_Dalmatia_County_Dalmatia.html
Beach Club Lunatic, 5.0, Nature & Parks, /Attraction_Review-g1062125-d21359602-Reviews-Beach_Club_Lunatic-Komiza_Island_of_Vis_Split_Dalmatia_County_Dalmatia.html, /Attractions-g424971-Activities-Island_of_Vis_Split_Dalmatia_County_Dalmatia.html
Church Of Our Lady Of Spilice, 4.5, Sights & Landmarks, /Attraction_Review-g424973-d21361884-Reviews-Church_Of_Our_Lady_Of_Spilice-Vis_Island_of_Vis_Split_Dalmatia_County_Dalmatia.html, /Attractions-g424971-Activities-Island_of_Vis_Split_Dalmatia_County_Dalmatia.html
Crkva Sv. Jurja, 5.0, Sights & Landmarks, /Attraction_Review-g424973-d21361280-Reviews-Crkva_Sv_Jurja-Vis_Island_of_Vis_Split_Dalmatia_County_Dalmatia.html, /Attractions-g424971-Activities-Island_of_Vis_Split_Dalmatia_County_Dalmatia.html
Host Lighthouse, 5.0, Nature & Parks, /Attraction_Review-g424973-d21362794-Reviews-Host_Lighthouse-Vis_Island_of_Vis_Split_Dalmatia_County_Dalmatia.html, /Attractions-g424971-Activities-Island_of_Vis_Split_Dalmatia_County_Dalmatia.html
Stoncica Lighthouse, 5.0, Sights & Landmarks, /Attraction_Review-g424973-d21379833-Reviews-Stoncica_Lighthouse-Vis_Island_of_Vis_Split_Dalmatia_County_Dalmatia.html, /Attractions-g424971-Activities-Island_of_Vis_Split_Dalmatia_County_Dalmatia.html
Grandovac Beach, 5.0, Nature & Parks, /Attraction_Review-g424973-d21361682-Reviews-Grandovac_Beach-Vis_Island_of_Vis_Split_Dalmatia_County_Dalmatia.html, /Attractions-g424971-Activities-Island_of_Vis_Split_Dalmatia_County_Dalmatia.html
Church St.Ciprijan and Justina, 5.0, Sights & Landmarks, /Attraction_Review-g424973-d21361686-Reviews-Church_St_Ciprijan_and_Justina-Vis_Island_of_Vis_Split_Dalmatia_County_Dalmatia.html, /Attractions-g424971-Activities-Island_of_Vis_Split_Dalmatia_County_Dalmatia.html
Komiža Castle, 5.0, Sights & Landmarks, /Attraction_Review-g1062125-d21360389-Reviews-Komiza_Castle-Komiza_Island_of_Vis_Split_Dalmatia_County_Dalmatia.html, /Attractions-g424971-Activities-Island_of_Vis_Split_Dalmatia_County_Dalmatia.html
Boj pod Visom - Crkva sv. Mihovila - Theme Trails, 5.0, Nature & Parks, /Attraction_Review-g424973-d21066782-Reviews-Boj_pod_Visom_Crkva_sv_Mihovila_Theme_Trails-Vis_Island_of_Vis_Split_Dalmatia_Co.html, /Attractions-g424971-Activities-Island_of_Vis_Split_Dalmatia_County_Dalmatia.html
Rimske Terme, 4.5, Sights & Landmarks, /Attraction_Review-g424973-d21368075-Reviews-Rimske_Terme-Vis_Island_of_Vis_Split_Dalmatia_County_Dalmatia.html, /Attractions-g424971-Activities-Island_of_Vis_Split_Dalmatia_County_Dalmatia.html
Prirovo Cemetery, 4.0, Sights & Landmarks, /Attraction_Review-g424973-d21366878-Reviews-Prirovo_Cemetery-Vis_Island_of_Vis_Split_Dalmatia_County_Dalmatia.html, /Attractions-g424971-Activities-Island_of_Vis_Split_Dalmatia_County_Dalmatia.html
Komiža Cemetery, 4.5, Sights & Landmarks, /Attraction_Review-g1062125-d21359596-Reviews-Komiza_Cemetery-Komiza_Island_of_Vis_Split_Dalmatia_County_Dalmatia.html, /Attractions-g424971-Activities-Island_of_Vis_Split_Dalmatia_County_Dalmatia.html
