attraction_name, attraction_rate, attraction_type, attraction_url, attraction_parent_url
Grabovaca Cave Park, 4.5, Nature & Parks, /Attraction_Review-g4090747-d4090750-Reviews-Grabovaca_Cave_Park-Perusic_Lika_Senj_County.html, /Attractions-g4090747-Activities-Perusic_Lika_Senj_County.html
Perušić old town, None, Sights & Landmarks, /Attraction_Review-g4090747-d17462017-Reviews-Perusic_old_town-Perusic_Lika_Senj_County.html, /Attractions-g4090747-Activities-Perusic_Lika_Senj_County.html
Church of the Exaltation of the Holy Cross, None, Sights & Landmarks, /Attraction_Review-g4090747-d17462158-Reviews-Church_of_the_Exaltation_of_the_Holy_Cross-Perusic_Lika_Senj_County.html, /Attractions-g4090747-Activities-Perusic_Lika_Senj_County.html
Stilanova Lika, None, Food & Drink, /Attraction_Review-g4090747-d20300866-Reviews-Stilanova_Lika-Perusic_Lika_Senj_County.html, /Attractions-g4090747-Activities-Perusic_Lika_Senj_County.html
