attraction_name, attraction_rate, attraction_type, attraction_url, attraction_parent_url
Samobor Castle, 4.0, Sights & Landmarks, /Attraction_Review-g303834-d10378761-Reviews-Samobor_Castle-Samobor_Zagreb_County_Central_Croatia.html, /Attractions-g303834-Activities-Samobor_Zagreb_County_Central_Croatia.html
Sajmiste Samobor, 4.5, Shopping, /Attraction_Review-g303834-d12660778-Reviews-Sajmiste_Samobor-Samobor_Zagreb_County_Central_Croatia.html, /Attractions-g303834-Activities-Samobor_Zagreb_County_Central_Croatia.html
Farmer's Market Samobor, 4.5, Food & Drink, /Attraction_Review-g303834-d15080233-Reviews-Farmer_s_Market_Samobor-Samobor_Zagreb_County_Central_Croatia.html, /Attractions-g303834-Activities-Samobor_Zagreb_County_Central_Croatia.html
Samoborski Muzej, 4.0, Museums, /Attraction_Review-g303834-d7915379-Reviews-Samoborski_Muzej-Samobor_Zagreb_County_Central_Croatia.html, /Attractions-g303834-Activities-Samobor_Zagreb_County_Central_Croatia.html
Old town Okić, 5.0, Sights & Landmarks, /Attraction_Review-g303834-d17851141-Reviews-Old_town_Okic-Samobor_Zagreb_County_Central_Croatia.html, /Attractions-g303834-Activities-Samobor_Zagreb_County_Central_Croatia.html
Church of Saint Anastazia, 3.5, Sights & Landmarks, /Attraction_Review-g303834-d7912913-Reviews-Church_of_Saint_Anastazia-Samobor_Zagreb_County_Central_Croatia.html, /Attractions-g303834-Activities-Samobor_Zagreb_County_Central_Croatia.html
Galerija Prica, 5.0, Museums, /Attraction_Review-g303834-d10341790-Reviews-Galerija_Prica-Samobor_Zagreb_County_Central_Croatia.html, /Attractions-g303834-Activities-Samobor_Zagreb_County_Central_Croatia.html
Rudnik sveta Barbara (The Saint Barbara mine), 4.0, Museums, /Attraction_Review-g303834-d10318201-Reviews-Rudnik_sveta_Barbara_The_Saint_Barbara_mine-Samobor_Zagreb_County_Central_Croati.html, /Attractions-g303834-Activities-Samobor_Zagreb_County_Central_Croatia.html
Kristal Tuk, 3.0, Sights & Landmarks, /Attraction_Review-g303834-d6156735-Reviews-Kristal_Tuk-Samobor_Zagreb_County_Central_Croatia.html, /Attractions-g303834-Activities-Samobor_Zagreb_County_Central_Croatia.html
Samoborski Fasnik, 3.0, Events, /Attraction_Review-g303834-d10020381-Reviews-Samoborski_Fasnik-Samobor_Zagreb_County_Central_Croatia.html, /Attractions-g303834-Activities-Samobor_Zagreb_County_Central_Croatia.html
Monument of Ivica Sudnik, 3.0, Sights & Landmarks, /Attraction_Review-g303834-d17492571-Reviews-Monument_of_Ivica_Sudnik-Samobor_Zagreb_County_Central_Croatia.html, /Attractions-g303834-Activities-Samobor_Zagreb_County_Central_Croatia.html
Church of the Assumption of Blessed Virgin Mary and Franciscan Monastery, 3.0, Sights & Landmarks, /Attraction_Review-g303834-d17491062-Reviews-Church_of_the_Assumption_of_Blessed_Virgin_Mary_and_Franciscan_Monastery-Samobor.html, /Attractions-g303834-Activities-Samobor_Zagreb_County_Central_Croatia.html
Marton Museum, 5.0, Museums, /Attraction_Review-g303834-d20323197-Reviews-Marton_Museum-Samobor_Zagreb_County_Central_Croatia.html, /Attractions-g303834-Activities-Samobor_Zagreb_County_Central_Croatia.html
Admiral Automat Klub, None, Casinos & Gambling, /Attraction_Review-g303834-d12298237-Reviews-Admiral_Automat_Klub-Samobor_Zagreb_County_Central_Croatia.html, /Attractions-g303834-Activities-Samobor_Zagreb_County_Central_Croatia.html
Skela Samobor - Zapresic, None, Transportation, /Attraction_Review-g303834-d17705203-Reviews-Skela_Samobor_Zapresic-Samobor_Zagreb_County_Central_Croatia.html, /Attractions-g303834-Activities-Samobor_Zagreb_County_Central_Croatia.html
Sundial, None, Sights & Landmarks, /Attraction_Review-g303834-d17503399-Reviews-Sundial-Samobor_Zagreb_County_Central_Croatia.html, /Attractions-g303834-Activities-Samobor_Zagreb_County_Central_Croatia.html
Path of the Dukes, None, Sights & Landmarks, /Attraction_Review-g303834-d17503425-Reviews-Path_of_the_Dukes-Samobor_Zagreb_County_Central_Croatia.html, /Attractions-g303834-Activities-Samobor_Zagreb_County_Central_Croatia.html
Meteorological Column, None, Sights & Landmarks, /Attraction_Review-g303834-d17506653-Reviews-Meteorological_Column-Samobor_Zagreb_County_Central_Croatia.html, /Attractions-g303834-Activities-Samobor_Zagreb_County_Central_Croatia.html
Bermet Fabek, None, Food & Drink, /Attraction_Review-g303834-d17506663-Reviews-Bermet_Fabek-Samobor_Zagreb_County_Central_Croatia.html, /Attractions-g303834-Activities-Samobor_Zagreb_County_Central_Croatia.html
Hydropatic pools, None, Fun & Games, /Attraction_Review-g303834-d17506662-Reviews-Hydropatic_pools-Samobor_Zagreb_County_Central_Croatia.html, /Attractions-g303834-Activities-Samobor_Zagreb_County_Central_Croatia.html
Wines Zupancic, None, Food & Drink, /Attraction_Review-g303834-d17506676-Reviews-Wines_Zupancic-Samobor_Zagreb_County_Central_Croatia.html, /Attractions-g303834-Activities-Samobor_Zagreb_County_Central_Croatia.html
Curia Hamor, None, Sights & Landmarks, /Attraction_Review-g303834-d17503412-Reviews-Curia_Hamor-Samobor_Zagreb_County_Central_Croatia.html, /Attractions-g303834-Activities-Samobor_Zagreb_County_Central_Croatia.html
Monument to victims of the Homeland War, None, Sights & Landmarks, /Attraction_Review-g303834-d17491175-Reviews-Monument_to_victims_of_the_Homeland_War-Samobor_Zagreb_County_Central_Croatia.html, /Attractions-g303834-Activities-Samobor_Zagreb_County_Central_Croatia.html
Book House, None, Sights & Landmarks, /Attraction_Review-g303834-d17503502-Reviews-Book_House-Samobor_Zagreb_County_Central_Croatia.html, /Attractions-g303834-Activities-Samobor_Zagreb_County_Central_Croatia.html
Palace Balagovi dvori, None, Sights & Landmarks, /Attraction_Review-g303834-d17504829-Reviews-Palace_Balagovi_dvori-Samobor_Zagreb_County_Central_Croatia.html, /Attractions-g303834-Activities-Samobor_Zagreb_County_Central_Croatia.html
Photo gallery Lang, None, Museums, /Attraction_Review-g303834-d17502508-Reviews-Photo_gallery_Lang-Samobor_Zagreb_County_Central_Croatia.html, /Attractions-g303834-Activities-Samobor_Zagreb_County_Central_Croatia.html
Statue of Mother of God, None, Sights & Landmarks, /Attraction_Review-g303834-d17491180-Reviews-Statue_of_Mother_of_God-Samobor_Zagreb_County_Central_Croatia.html, /Attractions-g303834-Activities-Samobor_Zagreb_County_Central_Croatia.html
Wine Tasting 'TIN', None, Food & Drink, /Attraction_Review-g303834-d17504839-Reviews-Wine_Tasting_TIN-Samobor_Zagreb_County_Central_Croatia.html, /Attractions-g303834-Activities-Samobor_Zagreb_County_Central_Croatia.html
Train Samoborček, None, Sights & Landmarks, /Attraction_Review-g303834-d17492558-Reviews-Train_Samoborcek-Samobor_Zagreb_County_Central_Croatia.html, /Attractions-g303834-Activities-Samobor_Zagreb_County_Central_Croatia.html
Monument of Kočo Racin, None, Sights & Landmarks, /Attraction_Review-g303834-d17492587-Reviews-Monument_of_Koco_Racin-Samobor_Zagreb_County_Central_Croatia.html, /Attractions-g303834-Activities-Samobor_Zagreb_County_Central_Croatia.html
