attraction_name, attraction_rate, attraction_type, attraction_url, attraction_parent_url
Villa Korta Katarina &amp; Winery&& Relais &amp; Chateaux Member, 4.5, Food & Drink, /Attraction_Review-g635772-d3162555-Reviews-Villa_Korta_Katarina_Winery_Relais_Chateaux_Member-Orebic_Peljesac_Peninsula_Dubr.html, /Attractions-g635772-Activities-Orebic_Peljesac_Peninsula_Dubrovnik_Neretva_County_Dalmatia.html
Sveti Ilija Mountain, 5.0, Nature & Parks, /Attraction_Review-g635772-d12885390-Reviews-Sveti_Ilija_Mountain-Orebic_Peljesac_Peninsula_Dubrovnik_Neretva_County_Dalmatia.html, /Attractions-g635772-Activities-Orebic_Peljesac_Peninsula_Dubrovnik_Neretva_County_Dalmatia.html
Monastery of Our Lady of Anđela, 4.5, Sights & Landmarks, /Attraction_Review-g635772-d12883888-Reviews-Monastery_of_Our_Lady_of_Andela-Orebic_Peljesac_Peninsula_Dubrovnik_Neretva_Coun.html, /Attractions-g635772-Activities-Orebic_Peljesac_Peninsula_Dubrovnik_Neretva_County_Dalmatia.html
Vidikovac Orebic, 5.0, Sights & Landmarks, /Attraction_Review-g635772-d12884493-Reviews-Vidikovac_Orebic-Orebic_Peljesac_Peninsula_Dubrovnik_Neretva_County_Dalmatia.html, /Attractions-g635772-Activities-Orebic_Peljesac_Peninsula_Dubrovnik_Neretva_County_Dalmatia.html
Boutique Winery Mikulic, 5.0, Food & Drink, /Attraction_Review-g635772-d14174449-Reviews-Boutique_Winery_Mikulic-Orebic_Peljesac_Peninsula_Dubrovnik_Neretva_County_Dalma.html, /Attractions-g635772-Activities-Orebic_Peljesac_Peninsula_Dubrovnik_Neretva_County_Dalmatia.html
Trstenica Beach, 3.5, Nature & Parks, /Attraction_Review-g635772-d12884503-Reviews-Trstenica_Beach-Orebic_Peljesac_Peninsula_Dubrovnik_Neretva_County_Dalmatia.html, /Attractions-g635772-Activities-Orebic_Peljesac_Peninsula_Dubrovnik_Neretva_County_Dalmatia.html
Jadrolinija, 4.0, Transportation, /Attraction_Review-g635772-d13079669-Reviews-Jadrolinija-Orebic_Peljesac_Peninsula_Dubrovnik_Neretva_County_Dalmatia.html, /Attractions-g635772-Activities-Orebic_Peljesac_Peninsula_Dubrovnik_Neretva_County_Dalmatia.html
Gospe od Karmena, 4.5, Sights & Landmarks, /Attraction_Review-g635772-d12883893-Reviews-Gospe_od_Karmena-Orebic_Peljesac_Peninsula_Dubrovnik_Neretva_County_Dalmatia.html, /Attractions-g635772-Activities-Orebic_Peljesac_Peninsula_Dubrovnik_Neretva_County_Dalmatia.html
Kapetansko groblje, 5.0, Sights & Landmarks, /Attraction_Review-g635772-d12906298-Reviews-Kapetansko_groblje-Orebic_Peljesac_Peninsula_Dubrovnik_Neretva_County_Dalmatia.html, /Attractions-g635772-Activities-Orebic_Peljesac_Peninsula_Dubrovnik_Neretva_County_Dalmatia.html
Cypress Reserve 'Pod Gospu', 5.0, Nature & Parks, /Attraction_Review-g635772-d12912164-Reviews-Cypress_Reserve_Pod_Gospu-Orebic_Peljesac_Peninsula_Dubrovnik_Neretva_County_Dal.html, /Attractions-g635772-Activities-Orebic_Peljesac_Peninsula_Dubrovnik_Neretva_County_Dalmatia.html
Natura Antunovic, 4.5, Food & Drink, /Attraction_Review-g635772-d6954450-Reviews-Natura_Antunovic-Orebic_Peljesac_Peninsula_Dubrovnik_Neretva_County_Dalmatia.html, /Attractions-g635772-Activities-Orebic_Peljesac_Peninsula_Dubrovnik_Neretva_County_Dalmatia.html
Pomorski Muzej Orebić, 4.0, Museums, /Attraction_Review-g635772-d12880818-Reviews-Pomorski_Muzej_Orebic-Orebic_Peljesac_Peninsula_Dubrovnik_Neretva_County_Dalmati.html, /Attractions-g635772-Activities-Orebic_Peljesac_Peninsula_Dubrovnik_Neretva_County_Dalmatia.html
Orebic Tourist Board, 4.0, Traveller Resources, /Attraction_Review-g635772-d13075714-Reviews-Orebic_Tourist_Board-Orebic_Peljesac_Peninsula_Dubrovnik_Neretva_County_Dalmatia.html, /Attractions-g635772-Activities-Orebic_Peljesac_Peninsula_Dubrovnik_Neretva_County_Dalmatia.html
Kapela Sv. Roka, 4.0, Sights & Landmarks, /Attraction_Review-g635772-d12934603-Reviews-Kapela_Sv_Roka-Orebic_Peljesac_Peninsula_Dubrovnik_Neretva_County_Dalmatia.html, /Attractions-g635772-Activities-Orebic_Peljesac_Peninsula_Dubrovnik_Neretva_County_Dalmatia.html
Crkva Pomoćnice Krśćana, 4.0, Sights & Landmarks, /Attraction_Review-g635772-d12881140-Reviews-Crkva_Pomocnice_KrScana-Orebic_Peljesac_Peninsula_Dubrovnik_Neretva_County_Dalma.html, /Attractions-g635772-Activities-Orebic_Peljesac_Peninsula_Dubrovnik_Neretva_County_Dalmatia.html
Aqua Sports Orebic, 5.0, Boat Tours & Water Sports, /Attraction_Review-g635772-d12786251-Reviews-Aqua_Sports_Orebic-Orebic_Peljesac_Peninsula_Dubrovnik_Neretva_County_Dalmatia.html, /Attractions-g635772-Activities-Orebic_Peljesac_Peninsula_Dubrovnik_Neretva_County_Dalmatia.html
Wine &amp; Grill Bar Peninsula, 5.0, Nightlife, /Attraction_Review-g635772-d3254802-Reviews-Wine_Grill_Bar_Peninsula-Orebic_Peljesac_Peninsula_Dubrovnik_Neretva_County_Dalma.html, /Attractions-g635772-Activities-Orebic_Peljesac_Peninsula_Dubrovnik_Neretva_County_Dalmatia.html
Excursion Line My Sun, 5.0, Transportation, /Attraction_Review-g635772-d17777384-Reviews-Excursion_Line_My_Sun-Orebic_Peljesac_Peninsula_Dubrovnik_Neretva_County_Dalmati.html, /Attractions-g635772-Activities-Orebic_Peljesac_Peninsula_Dubrovnik_Neretva_County_Dalmatia.html
Watersport Center Orebic, 5.0, Boat Tours & Water Sports, /Attraction_Review-g635772-d3198079-Reviews-Watersport_Center_Orebic-Orebic_Peljesac_Peninsula_Dubrovnik_Neretva_County_Dalma.html, /Attractions-g635772-Activities-Orebic_Peljesac_Peninsula_Dubrovnik_Neretva_County_Dalmatia.html
Dalmatino Tours, 5.0, Food & Drink, /Attraction_Review-g635772-d17756254-Reviews-Dalmatino_Tours-Orebic_Peljesac_Peninsula_Dubrovnik_Neretva_County_Dalmatia.html, /Attractions-g635772-Activities-Orebic_Peljesac_Peninsula_Dubrovnik_Neretva_County_Dalmatia.html
Orebic Boat Rent, 4.0, Boat Tours & Water Sports, /Attraction_Review-g635772-d12385926-Reviews-Orebic_Boat_Rent-Orebic_Peljesac_Peninsula_Dubrovnik_Neretva_County_Dalmatia.html, /Attractions-g635772-Activities-Orebic_Peljesac_Peninsula_Dubrovnik_Neretva_County_Dalmatia.html
Orebic Boat Rent - Cruise Dalmatian Islands, 5.0, Boat Tours & Water Sports, /Attraction_Review-g635772-d17452085-Reviews-Orebic_Boat_Rent_Cruise_Dalmatian_Islands-Orebic_Peljesac_Peninsula_Dubrovnik_Ne.html, /Attractions-g635772-Activities-Orebic_Peljesac_Peninsula_Dubrovnik_Neretva_County_Dalmatia.html
Semisubmarine Orebic, 3.5, Boat Tours & Water Sports, /Attraction_Review-g635772-d12688226-Reviews-Semisubmarine_Orebic-Orebic_Peljesac_Peninsula_Dubrovnik_Neretva_County_Dalmatia.html, /Attractions-g635772-Activities-Orebic_Peljesac_Peninsula_Dubrovnik_Neretva_County_Dalmatia.html
Orebic Taxi Transfers, 4.0, Transportation, /Attraction_Review-g635772-d9834386-Reviews-Orebic_Taxi_Transfers-Orebic_Peljesac_Peninsula_Dubrovnik_Neretva_County_Dalmatia.html, /Attractions-g635772-Activities-Orebic_Peljesac_Peninsula_Dubrovnik_Neretva_County_Dalmatia.html
Croatia Holidays Orebić, 3.0, Boat Tours & Water Sports, /Attraction_Review-g635772-d17479002-Reviews-Croatia_Holidays_Orebic-Orebic_Peljesac_Peninsula_Dubrovnik_Neretva_County_Dalma.html, /Attractions-g635772-Activities-Orebic_Peljesac_Peninsula_Dubrovnik_Neretva_County_Dalmatia.html
Dalmatinac, None, Tours, /Attraction_Review-g635772-d17698471-Reviews-Dalmatinac-Orebic_Peljesac_Peninsula_Dubrovnik_Neretva_County_Dalmatia.html, /Attractions-g635772-Activities-Orebic_Peljesac_Peninsula_Dubrovnik_Neretva_County_Dalmatia.html
