attraction_name, attraction_rate, attraction_type, attraction_url, attraction_parent_url
Vukovar Municipal Museum, 4.5, Museums, /Attraction_Review-g303842-d6899000-Reviews-Vukovar_Municipal_Museum-Vukovar_Vukovar_Syrmia_County_Slavonia.html, /Attractions-g303842-Activities-Vukovar_Vukovar_Syrmia_County_Slavonia.html
Ovcara Memorial Center, 4.5, Museums, /Attraction_Review-g303842-d7145846-Reviews-Ovcara_Memorial_Center-Vukovar_Vukovar_Syrmia_County_Slavonia.html, /Attractions-g303842-Activities-Vukovar_Vukovar_Syrmia_County_Slavonia.html
Vukovar Water Tower, 4.5, Sights & Landmarks, /Attraction_Review-g303842-d8682123-Reviews-Vukovar_Water_Tower-Vukovar_Vukovar_Syrmia_County_Slavonia.html, /Attractions-g303842-Activities-Vukovar_Vukovar_Syrmia_County_Slavonia.html
Vučedol Culture Museum, 4.5, Museums, /Attraction_Review-g303842-d9461493-Reviews-Vucedol_Culture_Museum-Vukovar_Vukovar_Syrmia_County_Slavonia.html, /Attractions-g303842-Activities-Vukovar_Vukovar_Syrmia_County_Slavonia.html
Memorijalno Groblje Vukovar, 5.0, Sights & Landmarks, /Attraction_Review-g303842-d9873775-Reviews-Memorijalno_Groblje_Vukovar-Vukovar_Vukovar_Syrmia_County_Slavonia.html, /Attractions-g303842-Activities-Vukovar_Vukovar_Syrmia_County_Slavonia.html
The Church of St. Phillip and St. James, 4.5, Sights & Landmarks, /Attraction_Review-g303842-d600518-Reviews-The_Church_of_St_Phillip_and_St_James-Vukovar_Vukovar_Syrmia_County_Slavonia.html, /Attractions-g303842-Activities-Vukovar_Vukovar_Syrmia_County_Slavonia.html
Place of Remembrance - Vukovar Hospital 1991, 5.0, Museums, /Attraction_Review-g303842-d12997050-Reviews-Place_of_Remembrance_Vukovar_Hospital_1991-Vukovar_Vukovar_Syrmia_County_Slavoni.html, /Attractions-g303842-Activities-Vukovar_Vukovar_Syrmia_County_Slavonia.html
Phoenix Monument, 4.5, Sights & Landmarks, /Attraction_Review-g303842-d8683024-Reviews-Phoenix_Monument-Vukovar_Vukovar_Syrmia_County_Slavonia.html, /Attractions-g303842-Activities-Vukovar_Vukovar_Syrmia_County_Slavonia.html
Memorial centre of Homeland war Vukovar, 5.0, Museums, /Attraction_Review-g303842-d17594026-Reviews-Memorial_centre_of_Homeland_war_Vukovar-Vukovar_Vukovar_Syrmia_County_Slavonia.html, /Attractions-g303842-Activities-Vukovar_Vukovar_Syrmia_County_Slavonia.html
Danube River Walkway, 4.0, Sights & Landmarks, /Attraction_Review-g303842-d8682128-Reviews-Danube_River_Walkway-Vukovar_Vukovar_Syrmia_County_Slavonia.html, /Attractions-g303842-Activities-Vukovar_Vukovar_Syrmia_County_Slavonia.html
Vukovar Ada, 4.5, Nature & Parks, /Attraction_Review-g303842-d17594069-Reviews-Vukovar_Ada-Vukovar_Vukovar_Syrmia_County_Slavonia.html, /Attractions-g303842-Activities-Vukovar_Vukovar_Syrmia_County_Slavonia.html
The Memorial Home of Croatian Defenders, 5.0, Museums, /Attraction_Review-g303842-d17594036-Reviews-The_Memorial_Home_of_Croatian_Defenders-Vukovar_Vukovar_Syrmia_County_Slavonia.html, /Attractions-g303842-Activities-Vukovar_Vukovar_Syrmia_County_Slavonia.html
The Baroque Center of Vukovar, 5.0, Sights & Landmarks, /Attraction_Review-g303842-d17613603-Reviews-The_Baroque_Center_of_Vukovar-Vukovar_Vukovar_Syrmia_County_Slavonia.html, /Attractions-g303842-Activities-Vukovar_Vukovar_Syrmia_County_Slavonia.html
Vukovar WaterBus Bajadera, 5.0, Boat Tours & Water Sports, /Attraction_Review-g303842-d12785274-Reviews-Vukovar_WaterBus_Bajadera-Vukovar_Vukovar_Syrmia_County_Slavonia.html, /Attractions-g303842-Activities-Vukovar_Vukovar_Syrmia_County_Slavonia.html
Danubium Tours, 5.0, Boat Tours & Water Sports, /Attraction_Review-g303842-d9609223-Reviews-Danubium_Tours-Vukovar_Vukovar_Syrmia_County_Slavonia.html, /Attractions-g303842-Activities-Vukovar_Vukovar_Syrmia_County_Slavonia.html
Family Farm Dunavski Raj (Danube Paradise), None, Food & Drink, /Attraction_Review-g303842-d17600771-Reviews-Family_Farm_Dunavski_Raj_Danube_Paradise-Vukovar_Vukovar_Syrmia_County_Slavonia.html, /Attractions-g303842-Activities-Vukovar_Vukovar_Syrmia_County_Slavonia.html
Chapel of St. Roch, None, Sights & Landmarks, /Attraction_Review-g303842-d17610843-Reviews-Chapel_of_St_Roch-Vukovar_Vukovar_Syrmia_County_Slavonia.html, /Attractions-g303842-Activities-Vukovar_Vukovar_Syrmia_County_Slavonia.html
Birth House of Lavoslav Ruzicka, None, Sights & Landmarks, /Attraction_Review-g303842-d17725331-Reviews-Birth_House_of_Lavoslav_Ruzicka-Vukovar_Vukovar_Syrmia_County_Slavonia.html, /Attractions-g303842-Activities-Vukovar_Vukovar_Syrmia_County_Slavonia.html
The Forest Park Adica, None, Nature & Parks, /Attraction_Review-g303842-d17600695-Reviews-The_Forest_Park_Adica-Vukovar_Vukovar_Syrmia_County_Slavonia.html, /Attractions-g303842-Activities-Vukovar_Vukovar_Syrmia_County_Slavonia.html
Old Water Tower, None, Sights & Landmarks, /Attraction_Review-g303842-d17585615-Reviews-Old_Water_Tower-Vukovar_Vukovar_Syrmia_County_Slavonia.html, /Attractions-g303842-Activities-Vukovar_Vukovar_Syrmia_County_Slavonia.html
Theater Hrvatski Dom Vukovar, None, Concerts & Shows, /Attraction_Review-g303842-d17578738-Reviews-Theater_Hrvatski_Dom_Vukovar-Vukovar_Vukovar_Syrmia_County_Slavonia.html, /Attractions-g303842-Activities-Vukovar_Vukovar_Syrmia_County_Slavonia.html
The Central Cross, None, Sights & Landmarks, /Attraction_Review-g303842-d17594044-Reviews-The_Central_Cross-Vukovar_Vukovar_Syrmia_County_Slavonia.html, /Attractions-g303842-Activities-Vukovar_Vukovar_Syrmia_County_Slavonia.html
Church of St. Nicholas, None, Sights & Landmarks, /Attraction_Review-g303842-d17585618-Reviews-Church_of_St_Nicholas-Vukovar_Vukovar_Syrmia_County_Slavonia.html, /Attractions-g303842-Activities-Vukovar_Vukovar_Syrmia_County_Slavonia.html
Becarski Kriz, None, Sights & Landmarks, /Attraction_Review-g303842-d17585626-Reviews-Becarski_Kriz-Vukovar_Vukovar_Syrmia_County_Slavonia.html, /Attractions-g303842-Activities-Vukovar_Vukovar_Syrmia_County_Slavonia.html
