attraction_name, attraction_rate, attraction_type, attraction_url, attraction_parent_url
Aquatika Freshwater Aquarium Karlovac, 4.0, Zoos & Aquariums, /Attraction_Review-g303809-d11794149-Reviews-Aquatika_Freshwater_Aquarium_Karlovac-Karlovac_Karlovac_County_Central_Croatia.html, /Attractions-g303809-Activities-Karlovac_Karlovac_County_Central_Croatia.html
The Museum of Army Collections from the Croatian Homeland War, 4.0, Museums, /Attraction_Review-g303809-d3997812-Reviews-The_Museum_of_Army_Collections_from_the_Croatian_Homeland_War-Karlovac_Karlovac_C.html, /Attractions-g303809-Activities-Karlovac_Karlovac_County_Central_Croatia.html
Dubovac Castle, 4.0, Sights & Landmarks, /Attraction_Review-g303809-d2345076-Reviews-Dubovac_Castle-Karlovac_Karlovac_County_Central_Croatia.html, /Attractions-g303809-Activities-Karlovac_Karlovac_County_Central_Croatia.html
Franciscan Museum Karlovac, 5.0, Museums, /Attraction_Review-g303809-d19692598-Reviews-Franciscan_Museum_Karlovac-Karlovac_Karlovac_County_Central_Croatia.html, /Attractions-g303809-Activities-Karlovac_Karlovac_County_Central_Croatia.html
Foginovo beach, 5.0, Nature & Parks, /Attraction_Review-g303809-d8844171-Reviews-Foginovo_beach-Karlovac_Karlovac_County_Central_Croatia.html, /Attractions-g303809-Activities-Karlovac_Karlovac_County_Central_Croatia.html
Vrbanić Gardens, 4.5, Nature & Parks, /Attraction_Review-g303809-d5962148-Reviews-Vrbanic_Gardens-Karlovac_Karlovac_County_Central_Croatia.html, /Attractions-g303809-Activities-Karlovac_Karlovac_County_Central_Croatia.html
Karlovac City Museum, 4.5, Museums, /Attraction_Review-g303809-d3997881-Reviews-Karlovac_City_Museum-Karlovac_Karlovac_County_Central_Croatia.html, /Attractions-g303809-Activities-Karlovac_Karlovac_County_Central_Croatia.html
Renaissance Star-Shaped Fortress, 4.0, Sights & Landmarks, /Attraction_Review-g303809-d3746530-Reviews-Renaissance_Star_Shaped_Fortress-Karlovac_Karlovac_County_Central_Croatia.html, /Attractions-g303809-Activities-Karlovac_Karlovac_County_Central_Croatia.html
Miljokaz, 4.5, Sights & Landmarks, /Attraction_Review-g303809-d3746545-Reviews-Miljokaz-Karlovac_Karlovac_County_Central_Croatia.html, /Attractions-g303809-Activities-Karlovac_Karlovac_County_Central_Croatia.html
Paviljon Katzler 1897, 5.0, Sights & Landmarks, /Attraction_Review-g303809-d6120440-Reviews-Paviljon_Katzler_1897-Karlovac_Karlovac_County_Central_Croatia.html, /Attractions-g303809-Activities-Karlovac_Karlovac_County_Central_Croatia.html
Church of the Holy Trinity and Franciscan Monastery, 4.0, Sights & Landmarks, /Attraction_Review-g303809-d5953744-Reviews-Church_of_the_Holy_Trinity_and_Franciscan_Monastery-Karlovac_Karlovac_County_Cent.html, /Attractions-g303809-Activities-Karlovac_Karlovac_County_Central_Croatia.html
Drveni Most (Wooden Bridge), 4.5, Sights & Landmarks, /Attraction_Review-g303809-d9866005-Reviews-Drveni_Most_Wooden_Bridge-Karlovac_Karlovac_County_Central_Croatia.html, /Attractions-g303809-Activities-Karlovac_Karlovac_County_Central_Croatia.html
The Karlovac Food Market, 5.0, Food & Drink, /Attraction_Review-g303809-d17351120-Reviews-The_Karlovac_Food_Market-Karlovac_Karlovac_County_Central_Croatia.html, /Attractions-g303809-Activities-Karlovac_Karlovac_County_Central_Croatia.html
The Karlovac Firefighters Museum, 4.0, Museums, /Attraction_Review-g303809-d17343508-Reviews-The_Karlovac_Firefighters_Museum-Karlovac_Karlovac_County_Central_Croatia.html, /Attractions-g303809-Activities-Karlovac_Karlovac_County_Central_Croatia.html
Main town square, 3.0, Sights & Landmarks, /Attraction_Review-g303809-d10084143-Reviews-Main_town_square-Karlovac_Karlovac_County_Central_Croatia.html, /Attractions-g303809-Activities-Karlovac_Karlovac_County_Central_Croatia.html
Radiceva Street, 1.0, Sights & Landmarks, /Attraction_Review-g303809-d17351116-Reviews-Radiceva_Street-Karlovac_Karlovac_County_Central_Croatia.html, /Attractions-g303809-Activities-Karlovac_Karlovac_County_Central_Croatia.html
Terra Croatica Adventure Travel, 5.0, Boat Tours & Water Sports, /Attraction_Review-g303809-d6452988-Reviews-Terra_Croatica_Adventure_Travel-Karlovac_Karlovac_County_Central_Croatia.html, /Attractions-g303809-Activities-Karlovac_Karlovac_County_Central_Croatia.html
KAMAT Adventure Travel, 5.0, Boat Tours & Water Sports, /Attraction_Review-g303809-d17395167-Reviews-KAMAT_Adventure_Travel-Karlovac_Karlovac_County_Central_Croatia.html, /Attractions-g303809-Activities-Karlovac_Karlovac_County_Central_Croatia.html
Marzito Travel, 5.0, Tours, /Attraction_Review-g303809-d14108529-Reviews-Marzito_Travel-Karlovac_Karlovac_County_Central_Croatia.html, /Attractions-g303809-Activities-Karlovac_Karlovac_County_Central_Croatia.html
Papa's Bar, 5.0, Nightlife, /Attraction_Review-g303809-d3746554-Reviews-Papa_s_Bar-Karlovac_Karlovac_County_Central_Croatia.html, /Attractions-g303809-Activities-Karlovac_Karlovac_County_Central_Croatia.html
Aurora Colapis, 5.0, Boat Tours & Water Sports, /Attraction_Review-g303809-d12452898-Reviews-Aurora_Colapis-Karlovac_Karlovac_County_Central_Croatia.html, /Attractions-g303809-Activities-Karlovac_Karlovac_County_Central_Croatia.html
Croatia Open Land, 5.0, Boat Tours & Water Sports, /Attraction_Review-g303809-d15594819-Reviews-Croatia_Open_Land-Karlovac_Karlovac_County_Central_Croatia.html, /Attractions-g303809-Activities-Karlovac_Karlovac_County_Central_Croatia.html
SuSu Pub, 5.0, Nightlife, /Attraction_Review-g303809-d12403555-Reviews-SuSu_Pub-Karlovac_Karlovac_County_Central_Croatia.html, /Attractions-g303809-Activities-Karlovac_Karlovac_County_Central_Croatia.html
Warp Omega, 5.0, Fun & Games, /Attraction_Review-g303809-d13306686-Reviews-Warp_Omega-Karlovac_Karlovac_County_Central_Croatia.html, /Attractions-g303809-Activities-Karlovac_Karlovac_County_Central_Croatia.html
Kanuing Kupa, 4.5, Boat Tours & Water Sports, /Attraction_Review-g303809-d7927731-Reviews-Kanuing_Kupa-Karlovac_Karlovac_County_Central_Croatia.html, /Attractions-g303809-Activities-Karlovac_Karlovac_County_Central_Croatia.html
Lounge Bar Catalpa, 5.0, Nightlife, /Attraction_Review-g303809-d11965854-Reviews-Lounge_Bar_Catalpa-Karlovac_Karlovac_County_Central_Croatia.html, /Attractions-g303809-Activities-Karlovac_Karlovac_County_Central_Croatia.html
Vjekoslav Karas Gallery, None, Museums, /Attraction_Review-g303809-d5953745-Reviews-Vjekoslav_Karas_Gallery-Karlovac_Karlovac_County_Central_Croatia.html, /Attractions-g303809-Activities-Karlovac_Karlovac_County_Central_Croatia.html
Trend Wellness &amp; Fitness, None, Spas & Wellness, /Attraction_Review-g303809-d6577558-Reviews-Trend_Wellness_Fitness-Karlovac_Karlovac_County_Central_Croatia.html, /Attractions-g303809-Activities-Karlovac_Karlovac_County_Central_Croatia.html
The Radoslav Lopasic Monument, None, Sights & Landmarks, /Attraction_Review-g303809-d10084144-Reviews-The_Radoslav_Lopasic_Monument-Karlovac_Karlovac_County_Central_Croatia.html, /Attractions-g303809-Activities-Karlovac_Karlovac_County_Central_Croatia.html
The National shrine of St. Joseph, None, Sights & Landmarks, /Attraction_Review-g303809-d10084166-Reviews-The_National_shrine_of_St_Joseph-Karlovac_Karlovac_County_Central_Croatia.html, /Attractions-g303809-Activities-Karlovac_Karlovac_County_Central_Croatia.html
