attraction_name, attraction_rate, attraction_type, attraction_url, attraction_parent_url
Cikola River Canyon, 4.5, Nature & Parks, /Attraction_Review-g1203165-d6059803-Reviews-Cikola_River_Canyon-Drnis_Sibenik_Knin_County_Dalmatia.html, /Attractions-g1203165-Activities-Drnis_Sibenik_Knin_County_Dalmatia.html
Etnoland, 5.0, Sights & Landmarks, /Attraction_Review-g17794933-d7318184-Reviews-Etnoland-Pakovo_Selo_Drnis_Sibenik_Knin_County_Dalmatia.html, /Attractions-g1203165-Activities-Drnis_Sibenik_Knin_County_Dalmatia.html
Zip Line Cikola Canyon, 5.0, Tours, /Attraction_Review-g1203165-d10679029-Reviews-Zip_Line_Cikola_Canyon-Drnis_Sibenik_Knin_County_Dalmatia.html, /Attractions-g1203165-Activities-Drnis_Sibenik_Knin_County_Dalmatia.html
Croatian Travel Club Ltd., 5.0, Tours, /Attraction_Review-g17794933-d21185729-Reviews-Croatian_Travel_Club_Ltd-Pakovo_Selo_Drnis_Sibenik_Knin_County_Dalmatia.html, /Attractions-g1203165-Activities-Drnis_Sibenik_Knin_County_Dalmatia.html
