attraction_name, attraction_rate, attraction_type, attraction_url, attraction_parent_url
Matlovac Beach, 4.0, Nature & Parks, /Attraction_Review-g1182209-d10663962-Reviews-Matlovac_Beach-Pasman_Island_Zadar_County_Dalmatia.html, /Attractions-g1182209-Activities-Pasman_Island_Zadar_County_Dalmatia.html
Aussichtsturm Tkon, 4.5, Sights & Landmarks, /Attraction_Review-g1966246-d17544927-Reviews-Aussichtsturm_Tkon-Tkon_Pasman_Island_Zadar_County_Dalmatia.html, /Attractions-g1182209-Activities-Pasman_Island_Zadar_County_Dalmatia.html
Matlovac Beach, 4.5, Nature & Parks, /Attraction_Review-g2039688-d10663938-Reviews-Matlovac_Beach-Zdrelac_Pasman_Island_Zadar_County_Dalmatia.html, /Attractions-g1182209-Activities-Pasman_Island_Zadar_County_Dalmatia.html
OPG Matulić, 5.0, Shopping, /Attraction_Review-g1943243-d7710804-Reviews-OPG_Matulic-Pasman_Pasman_Island_Zadar_County_Dalmatia.html, /Attractions-g1182209-Activities-Pasman_Island_Zadar_County_Dalmatia.html
frane deskovic, None, Boat Tours & Water Sports, /Attraction_Review-g1182209-d17738569-Reviews-Frane_deskovic-Pasman_Island_Zadar_County_Dalmatia.html, /Attractions-g1182209-Activities-Pasman_Island_Zadar_County_Dalmatia.html
