attraction_name, attraction_rate, attraction_type, attraction_url, attraction_parent_url
Gradski muzej Požega, 5.0, Museums, /Attraction_Review-g1023803-d20205943-Reviews-Gradski_muzej_Pozega-Pozega_Pozega_Slavonia_County_Slavonia.html, /Attractions-g1023803-Activities-Pozega_Pozega_Slavonia_County_Slavonia.html
Caffe Bar Deja Vu, 4.5, Nightlife, /Attraction_Review-g1023803-d4756459-Reviews-Caffe_Bar_Deja_Vu-Pozega_Pozega_Slavonia_County_Slavonia.html, /Attractions-g1023803-Activities-Pozega_Pozega_Slavonia_County_Slavonia.html
Admiral Automat Klub, None, Casinos & Gambling, /Attraction_Review-g1023803-d12298230-Reviews-Admiral_Automat_Klub-Pozega_Pozega_Slavonia_County_Slavonia.html, /Attractions-g1023803-Activities-Pozega_Pozega_Slavonia_County_Slavonia.html
Arena Automat Klub, None, Casinos & Gambling, /Attraction_Review-g1023803-d15137799-Reviews-Arena_Automat_Klub-Pozega_Pozega_Slavonia_County_Slavonia.html, /Attractions-g1023803-Activities-Pozega_Pozega_Slavonia_County_Slavonia.html
Supernova Požega, None, Shopping, /Attraction_Review-g1023803-d21025776-Reviews-Supernova_Pozega-Pozega_Pozega_Slavonia_County_Slavonia.html, /Attractions-g1023803-Activities-Pozega_Pozega_Slavonia_County_Slavonia.html
Kužni Pil, None, Sights & Landmarks, /Attraction_Review-g1023803-d20361296-Reviews-Kuzni_Pil-Pozega_Pozega_Slavonia_County_Slavonia.html, /Attractions-g1023803-Activities-Pozega_Pozega_Slavonia_County_Slavonia.html
Spomen park Sokolovac, None, Sights & Landmarks, /Attraction_Review-g1023803-d21256174-Reviews-Spomen_park_Sokolovac-Pozega_Pozega_Slavonia_County_Slavonia.html, /Attractions-g1023803-Activities-Pozega_Pozega_Slavonia_County_Slavonia.html
Skate Park Požega, None, Nature & Parks, /Attraction_Review-g1023803-d21344053-Reviews-Skate_Park_Pozega-Pozega_Pozega_Slavonia_County_Slavonia.html, /Attractions-g1023803-Activities-Pozega_Pozega_Slavonia_County_Slavonia.html
