attraction_name, attraction_rate, attraction_type, attraction_url, attraction_parent_url
Vinarija Kovacevic, 5.0, Food & Drink, /Attraction_Review-g1203154-d8380299-Reviews-Vinarija_Kovacevic-Daruvar_Bjelovar_Bilogora_County_Central_Croatia.html, /Attractions-g1203154-Activities-Daruvar_Bjelovar_Bilogora_County_Central_Croatia.html
Dvorac Jankovic, 4.0, Sights & Landmarks, /Attraction_Review-g1203154-d12696372-Reviews-Dvorac_Jankovic-Daruvar_Bjelovar_Bilogora_County_Central_Croatia.html, /Attractions-g1203154-Activities-Daruvar_Bjelovar_Bilogora_County_Central_Croatia.html
Public Caffe, 4.5, Nightlife, /Attraction_Review-g1203154-d12698583-Reviews-Public_Caffe-Daruvar_Bjelovar_Bilogora_County_Central_Croatia.html, /Attractions-g1203154-Activities-Daruvar_Bjelovar_Bilogora_County_Central_Croatia.html
Aquae Balissae, 3.5, Spas & Wellness, /Attraction_Review-g1203154-d12660254-Reviews-Aquae_Balissae-Daruvar_Bjelovar_Bilogora_County_Central_Croatia.html, /Attractions-g1203154-Activities-Daruvar_Bjelovar_Bilogora_County_Central_Croatia.html
Vladimir Ivić, None, Tours, /Attraction_Review-g1203154-d17583470-Reviews-Vladimir_Ivic-Daruvar_Bjelovar_Bilogora_County_Central_Croatia.html, /Attractions-g1203154-Activities-Daruvar_Bjelovar_Bilogora_County_Central_Croatia.html
