attraction_name, attraction_rate, attraction_type, attraction_url, attraction_parent_url
Church of St. Ignatius of Loyola, 4.5, Sights & Landmarks, /Attraction_Review-g295371-d4227592-Reviews-Church_of_St_Ignatius_of_Loyola-Dubrovnik_Dubrovnik_Neretva_County_Dalmatia.html, /Attractions-g295371-Activities-Dubrovnik_Dubrovnik_Neretva_County_Dalmatia.html
Dominican Monastery, 4.0, Sights & Landmarks, /Attraction_Review-g295371-d552660-Reviews-Dominican_Monastery-Dubrovnik_Dubrovnik_Neretva_County_Dalmatia.html, /Attractions-g295371-Activities-Dubrovnik_Dubrovnik_Neretva_County_Dalmatia.html
Copacabana Beach, 3.5, Nature & Parks, /Attraction_Review-g295371-d3380541-Reviews-Copacabana_Beach-Dubrovnik_Dubrovnik_Neretva_County_Dalmatia.html, /Attractions-g295371-Activities-Dubrovnik_Dubrovnik_Neretva_County_Dalmatia.html
Lapad Beach, 3.5, Nature & Parks, /Attraction_Review-g295371-d3380542-Reviews-Lapad_Beach-Dubrovnik_Dubrovnik_Neretva_County_Dalmatia.html, /Attractions-g295371-Activities-Dubrovnik_Dubrovnik_Neretva_County_Dalmatia.html
Dubrovnik Cathedral, 4.0, Sights & Landmarks, /Attraction_Review-g295371-d11733423-Reviews-Dubrovnik_Cathedral-Dubrovnik_Dubrovnik_Neretva_County_Dalmatia.html, /Attractions-g295371-Activities-Dubrovnik_Dubrovnik_Neretva_County_Dalmatia.html
Bell Tower, 4.5, Sights & Landmarks, /Attraction_Review-g295371-d553494-Reviews-Bell_Tower-Dubrovnik_Dubrovnik_Neretva_County_Dalmatia.html, /Attractions-g295371-Activities-Dubrovnik_Dubrovnik_Neretva_County_Dalmatia.html
Gornji Ugao Tower, 5.0, Museums, /Attraction_Review-g295371-d8071100-Reviews-Gornji_Ugao_Tower-Dubrovnik_Dubrovnik_Neretva_County_Dalmatia.html, /Attractions-g295371-Activities-Dubrovnik_Dubrovnik_Neretva_County_Dalmatia.html
Bellevue beach, 4.5, Nature & Parks, /Attraction_Review-g295371-d14932733-Reviews-Bellevue_beach-Dubrovnik_Dubrovnik_Neretva_County_Dalmatia.html, /Attractions-g295371-Activities-Dubrovnik_Dubrovnik_Neretva_County_Dalmatia.html
Fort Bokar, 4.0, Sights & Landmarks, /Attraction_Review-g295371-d552663-Reviews-Fort_Bokar-Dubrovnik_Dubrovnik_Neretva_County_Dalmatia.html, /Attractions-g295371-Activities-Dubrovnik_Dubrovnik_Neretva_County_Dalmatia.html
Ploče Gate, 4.0, Sights & Landmarks, /Attraction_Review-g295371-d7349155-Reviews-Ploce_Gate-Dubrovnik_Dubrovnik_Neretva_County_Dalmatia.html, /Attractions-g295371-Activities-Dubrovnik_Dubrovnik_Neretva_County_Dalmatia.html
Dubrovnik Sea Aquarium, 3.0, Zoos & Aquariums, /Attraction_Review-g295371-d1078413-Reviews-Dubrovnik_Sea_Aquarium-Dubrovnik_Dubrovnik_Neretva_County_Dalmatia.html, /Attractions-g295371-Activities-Dubrovnik_Dubrovnik_Neretva_County_Dalmatia.html
Sponza Palace, 3.5, Sights & Landmarks, /Attraction_Review-g295371-d527842-Reviews-Sponza_Palace-Dubrovnik_Dubrovnik_Neretva_County_Dalmatia.html, /Attractions-g295371-Activities-Dubrovnik_Dubrovnik_Neretva_County_Dalmatia.html
Fort Imperial, 4.5, Sights & Landmarks, /Attraction_Review-g295371-d12964862-Reviews-Fort_Imperial-Dubrovnik_Dubrovnik_Neretva_County_Dalmatia.html, /Attractions-g295371-Activities-Dubrovnik_Dubrovnik_Neretva_County_Dalmatia.html
Molunat  Village, 4.5, Other, /Attraction_Review-g295371-d552789-Reviews-Molunat_Village-Dubrovnik_Dubrovnik_Neretva_County_Dalmatia.html, /Attractions-g295371-Activities-Dubrovnik_Dubrovnik_Neretva_County_Dalmatia.html
Brsalje Street, 4.0, Sights & Landmarks, /Attraction_Review-g295371-d553490-Reviews-Brsalje_Street-Dubrovnik_Dubrovnik_Neretva_County_Dalmatia.html, /Attractions-g295371-Activities-Dubrovnik_Dubrovnik_Neretva_County_Dalmatia.html
Synagogue, 4.0, Sights & Landmarks, /Attraction_Review-g295371-d527841-Reviews-Synagogue-Dubrovnik_Dubrovnik_Neretva_County_Dalmatia.html, /Attractions-g295371-Activities-Dubrovnik_Dubrovnik_Neretva_County_Dalmatia.html
Bacina Lakes, 4.5, Nature & Parks, /Attraction_Review-g295371-d4323086-Reviews-Bacina_Lakes-Dubrovnik_Dubrovnik_Neretva_County_Dalmatia.html, /Attractions-g295371-Activities-Dubrovnik_Dubrovnik_Neretva_County_Dalmatia.html
Cathedral Treasury, 4.0, Sights & Landmarks, /Attraction_Review-g295371-d527845-Reviews-Cathedral_Treasury-Dubrovnik_Dubrovnik_Neretva_County_Dalmatia.html, /Attractions-g295371-Activities-Dubrovnik_Dubrovnik_Neretva_County_Dalmatia.html
Memorial Room of the Defenders of Dubrovnik, 4.5, Museums, /Attraction_Review-g295371-d2478025-Reviews-Memorial_Room_of_the_Defenders_of_Dubrovnik-Dubrovnik_Dubrovnik_Neretva_County_Da.html, /Attractions-g295371-Activities-Dubrovnik_Dubrovnik_Neretva_County_Dalmatia.html
European Route E65, 4.5, Outdoor Activities, /Attraction_Review-g295371-d1488455-Reviews-European_Route_E65-Dubrovnik_Dubrovnik_Neretva_County_Dalmatia.html, /Attractions-g295371-Activities-Dubrovnik_Dubrovnik_Neretva_County_Dalmatia.html
Maritime Museum, 3.5, Museums, /Attraction_Review-g295371-d8646770-Reviews-Maritime_Museum-Dubrovnik_Dubrovnik_Neretva_County_Dalmatia.html, /Attractions-g295371-Activities-Dubrovnik_Dubrovnik_Neretva_County_Dalmatia.html
Franjo Tuđman Bridge, 4.0, Sights & Landmarks, /Attraction_Review-g295371-d8342609-Reviews-Franjo_Tudman_Bridge-Dubrovnik_Dubrovnik_Neretva_County_Dalmatia.html, /Attractions-g295371-Activities-Dubrovnik_Dubrovnik_Neretva_County_Dalmatia.html
Museum of Modern Art Dubrovnik (MOMAD), 4.0, Museums, /Attraction_Review-g295371-d2069362-Reviews-Museum_of_Modern_Art_Dubrovnik_MOMAD-Dubrovnik_Dubrovnik_Neretva_County_Dalmatia.html, /Attractions-g295371-Activities-Dubrovnik_Dubrovnik_Neretva_County_Dalmatia.html
Prijeko street, 4.0, Sights & Landmarks, /Attraction_Review-g295371-d9736883-Reviews-Prijeko_street-Dubrovnik_Dubrovnik_Neretva_County_Dalmatia.html, /Attractions-g295371-Activities-Dubrovnik_Dubrovnik_Neretva_County_Dalmatia.html
Plat, 4.0, Outdoor Activities, /Attraction_Review-g295371-d553290-Reviews-Plat-Dubrovnik_Dubrovnik_Neretva_County_Dalmatia.html, /Attractions-g295371-Activities-Dubrovnik_Dubrovnik_Neretva_County_Dalmatia.html
Lokrum Visitor Center, 4.0, Museums, /Attraction_Review-g295371-d8493803-Reviews-Lokrum_Visitor_Center-Dubrovnik_Dubrovnik_Neretva_County_Dalmatia.html, /Attractions-g295371-Activities-Dubrovnik_Dubrovnik_Neretva_County_Dalmatia.html
Church of the Holy Annunciation, 4.0, Sights & Landmarks, /Attraction_Review-g295371-d4227596-Reviews-Church_of_the_Holy_Annunciation-Dubrovnik_Dubrovnik_Neretva_County_Dalmatia.html, /Attractions-g295371-Activities-Dubrovnik_Dubrovnik_Neretva_County_Dalmatia.html
Luza Square, 4.5, Sights & Landmarks, /Attraction_Review-g295371-d13798654-Reviews-Luza_Square-Dubrovnik_Dubrovnik_Neretva_County_Dalmatia.html, /Attractions-g295371-Activities-Dubrovnik_Dubrovnik_Neretva_County_Dalmatia.html
Winery Botaro, 5.0, Food & Drink, /Attraction_Review-g295371-d10717961-Reviews-Winery_Botaro-Dubrovnik_Dubrovnik_Neretva_County_Dalmatia.html, /Attractions-g295371-Activities-Dubrovnik_Dubrovnik_Neretva_County_Dalmatia.html
St. Saviour Church, 4.0, Sights & Landmarks, /Attraction_Review-g295371-d7044997-Reviews-St_Saviour_Church-Dubrovnik_Dubrovnik_Neretva_County_Dalmatia.html, /Attractions-g295371-Activities-Dubrovnik_Dubrovnik_Neretva_County_Dalmatia.html
