attraction_name, attraction_rate, attraction_type, attraction_url, attraction_parent_url
the Old Town, 4.5, Museums, /Attraction_Review-g1203052-d4221152-Reviews-The_Old_Town-Sisak_Sisak_Moslavina_County_Central_Croatia.html, /Attractions-g1203052-Activities-Sisak_Sisak_Moslavina_County_Central_Croatia.html
'Mali Kaptol', 4.0, Sights & Landmarks, /Attraction_Review-g1203052-d10377625-Reviews-Mali_Kaptol-Sisak_Sisak_Moslavina_County_Central_Croatia.html, /Attractions-g1203052-Activities-Sisak_Sisak_Moslavina_County_Central_Croatia.html
Siscia - ancient Roman city, 4.0, Sights & Landmarks, /Attraction_Review-g1203052-d4602727-Reviews-Siscia_ancient_Roman_city-Sisak_Sisak_Moslavina_County_Central_Croatia.html, /Attractions-g1203052-Activities-Sisak_Sisak_Moslavina_County_Central_Croatia.html
SRC Sisak - indoor Olympic swimming pool, 4.5, Fun & Games, /Attraction_Review-g1203052-d4602734-Reviews-SRC_Sisak_indoor_Olympic_swimming_pool-Sisak_Sisak_Moslavina_County_Central_Croa.html, /Attractions-g1203052-Activities-Sisak_Sisak_Moslavina_County_Central_Croatia.html
Stari most, 5.0, Sights & Landmarks, /Attraction_Review-g1203052-d12287622-Reviews-Stari_most-Sisak_Sisak_Moslavina_County_Central_Croatia.html, /Attractions-g1203052-Activities-Sisak_Sisak_Moslavina_County_Central_Croatia.html
War veterans memorial park, 5.0, Nature & Parks, /Attraction_Review-g1203052-d4602730-Reviews-War_veterans_memorial_park-Sisak_Sisak_Moslavina_County_Central_Croatia.html, /Attractions-g1203052-Activities-Sisak_Sisak_Moslavina_County_Central_Croatia.html
Wooden houses, 4.5, Other, /Attraction_Review-g1203052-d554688-Reviews-Wooden_houses-Sisak_Sisak_Moslavina_County_Central_Croatia.html, /Attractions-g1203052-Activities-Sisak_Sisak_Moslavina_County_Central_Croatia.html
Sisak, 5.0, Sights & Landmarks, /Attraction_Review-g1203052-d19112724-Reviews-Sisak-Sisak_Sisak_Moslavina_County_Central_Croatia.html, /Attractions-g1203052-Activities-Sisak_Sisak_Moslavina_County_Central_Croatia.html
Granik, 4.0, Sights & Landmarks, /Attraction_Review-g1203052-d12280228-Reviews-Granik-Sisak_Sisak_Moslavina_County_Central_Croatia.html, /Attractions-g1203052-Activities-Sisak_Sisak_Moslavina_County_Central_Croatia.html
Sportski Plesni Klub Top Step, 5.0, Classes & Workshops, /Attraction_Review-g1203052-d8540987-Reviews-Sportski_Plesni_Klub_Top_Step-Sisak_Sisak_Moslavina_County_Central_Croatia.html, /Attractions-g1203052-Activities-Sisak_Sisak_Moslavina_County_Central_Croatia.html
Siscia Jazz Club, 5.0, Nightlife, /Attraction_Review-g1203052-d12281448-Reviews-Siscia_Jazz_Club-Sisak_Sisak_Moslavina_County_Central_Croatia.html, /Attractions-g1203052-Activities-Sisak_Sisak_Moslavina_County_Central_Croatia.html
Holandska Kuca, 5.0, Museums, /Attraction_Review-g1203052-d21166335-Reviews-Holandska_Kuca-Sisak_Sisak_Moslavina_County_Central_Croatia.html, /Attractions-g1203052-Activities-Sisak_Sisak_Moslavina_County_Central_Croatia.html
Gradski Muzej Sisak, 4.0, Museums, /Attraction_Review-g1203052-d21166378-Reviews-Gradski_Muzej_Sisak-Sisak_Sisak_Moslavina_County_Central_Croatia.html, /Attractions-g1203052-Activities-Sisak_Sisak_Moslavina_County_Central_Croatia.html
Moon bar, 3.0, Nightlife, /Attraction_Review-g1203052-d12526987-Reviews-Moon_bar-Sisak_Sisak_Moslavina_County_Central_Croatia.html, /Attractions-g1203052-Activities-Sisak_Sisak_Moslavina_County_Central_Croatia.html
Admiral Automat Klub, None, Casinos & Gambling, /Attraction_Review-g1203052-d12298250-Reviews-Admiral_Automat_Klub-Sisak_Sisak_Moslavina_County_Central_Croatia.html, /Attractions-g1203052-Activities-Sisak_Sisak_Moslavina_County_Central_Croatia.html
Sculpture Park, None, Nature & Parks, /Attraction_Review-g1203052-d12281469-Reviews-Sculpture_Park-Sisak_Sisak_Moslavina_County_Central_Croatia.html, /Attractions-g1203052-Activities-Sisak_Sisak_Moslavina_County_Central_Croatia.html
Senator, None, Casinos & Gambling, /Attraction_Review-g1203052-d14209332-Reviews-Senator-Sisak_Sisak_Moslavina_County_Central_Croatia.html, /Attractions-g1203052-Activities-Sisak_Sisak_Moslavina_County_Central_Croatia.html
Supernova Sisak West, None, Shopping, /Attraction_Review-g1203052-d18936563-Reviews-Supernova_Sisak_West-Sisak_Sisak_Moslavina_County_Central_Croatia.html, /Attractions-g1203052-Activities-Sisak_Sisak_Moslavina_County_Central_Croatia.html
Supernova Sisak East, None, Shopping, /Attraction_Review-g1203052-d18977694-Reviews-Supernova_Sisak_East-Sisak_Sisak_Moslavina_County_Central_Croatia.html, /Attractions-g1203052-Activities-Sisak_Sisak_Moslavina_County_Central_Croatia.html
Crkva Sveta Marija, None, Sights & Landmarks, /Attraction_Review-g1203052-d21322113-Reviews-Crkva_Sveta_Marija-Sisak_Sisak_Moslavina_County_Central_Croatia.html, /Attractions-g1203052-Activities-Sisak_Sisak_Moslavina_County_Central_Croatia.html
Katedrala Uzvišenja Sv. Križa, None, Sights & Landmarks, /Attraction_Review-g1203052-d21322177-Reviews-Katedrala_Uzvisenja_Sv_Kriza-Sisak_Sisak_Moslavina_County_Central_Croatia.html, /Attractions-g1203052-Activities-Sisak_Sisak_Moslavina_County_Central_Croatia.html
Church of Visitation of the Virgin Mary, None, Sights & Landmarks, /Attraction_Review-g1203052-d21322179-Reviews-Church_of_Visitation_of_the_Virgin_Mary-Sisak_Sisak_Moslavina_County_Central_Cr.html, /Attractions-g1203052-Activities-Sisak_Sisak_Moslavina_County_Central_Croatia.html
