attraction_name, attraction_rate, attraction_type, attraction_url, attraction_parent_url
The Shrine of St. Anna, 5.0, Sights & Landmarks, /Attraction_Review-g1023799-d8004157-Reviews-The_Shrine_of_St_Anna-Belisce_Osijek_Baranja_County_Slavonia.html, /Attractions-g1023799-Activities-Belisce_Osijek_Baranja_County_Slavonia.html
Guttman palace, 4.0, Sights & Landmarks, /Attraction_Review-g1023799-d8003873-Reviews-Guttman_palace-Belisce_Osijek_Baranja_County_Slavonia.html, /Attractions-g1023799-Activities-Belisce_Osijek_Baranja_County_Slavonia.html
Swimming Pool Belisce, 3.5, Water & Amusement Parks, /Attraction_Review-g1023799-d8010543-Reviews-Swimming_Pool_Belisce-Belisce_Osijek_Baranja_County_Slavonia.html, /Attractions-g1023799-Activities-Belisce_Osijek_Baranja_County_Slavonia.html
Museum Belisce, None, Museums, /Attraction_Review-g1023799-d8003874-Reviews-Museum_Belisce-Belisce_Osijek_Baranja_County_Slavonia.html, /Attractions-g1023799-Activities-Belisce_Osijek_Baranja_County_Slavonia.html
Church of St. Joseph the Worker, None, Sights & Landmarks, /Attraction_Review-g1023799-d8003875-Reviews-Church_of_St_Joseph_the_Worker-Belisce_Osijek_Baranja_County_Slavonia.html, /Attractions-g1023799-Activities-Belisce_Osijek_Baranja_County_Slavonia.html
