attraction_name, attraction_rate, attraction_type, attraction_url, attraction_parent_url
Nature Park Biokovo, 4.5, Nature & Parks, /Attraction_Review-g303814-d3485960-Reviews-Nature_Park_Biokovo-Makarska_Split_Dalmatia_County_Dalmatia.html, /Attractions-g303814-Activities-Makarska_Split_Dalmatia_County_Dalmatia.html
Biokovo Mountain, 4.5, Nature & Parks, /Attraction_Review-g303814-d556549-Reviews-Biokovo_Mountain-Makarska_Split_Dalmatia_County_Dalmatia.html, /Attractions-g303814-Activities-Makarska_Split_Dalmatia_County_Dalmatia.html
Makarska Harbour, 4.5, Sights & Landmarks, /Attraction_Review-g303814-d10252304-Reviews-Makarska_Harbour-Makarska_Split_Dalmatia_County_Dalmatia.html, /Attractions-g303814-Activities-Makarska_Split_Dalmatia_County_Dalmatia.html
The Peninsula of St. Peter, 4.5, Nature & Parks, /Attraction_Review-g303814-d10113543-Reviews-The_Peninsula_of_St_Peter-Makarska_Split_Dalmatia_County_Dalmatia.html, /Attractions-g303814-Activities-Makarska_Split_Dalmatia_County_Dalmatia.html
Svetiste Vepric, 4.5, Sights & Landmarks, /Attraction_Review-g303814-d6495413-Reviews-Svetiste_Vepric-Makarska_Split_Dalmatia_County_Dalmatia.html, /Attractions-g303814-Activities-Makarska_Split_Dalmatia_County_Dalmatia.html
Park Suma Osejava, 4.5, Nature & Parks, /Attraction_Review-g303814-d10113584-Reviews-Park_Suma_Osejava-Makarska_Split_Dalmatia_County_Dalmatia.html, /Attractions-g303814-Activities-Makarska_Split_Dalmatia_County_Dalmatia.html
St. Mark's Church, 4.0, Sights & Landmarks, /Attraction_Review-g303814-d554700-Reviews-St_Mark_s_Church-Makarska_Split_Dalmatia_County_Dalmatia.html, /Attractions-g303814-Activities-Makarska_Split_Dalmatia_County_Dalmatia.html
Nugal Beach, 4.0, Nature & Parks, /Attraction_Review-g303814-d14989555-Reviews-Nugal_Beach-Makarska_Split_Dalmatia_County_Dalmatia.html, /Attractions-g303814-Activities-Makarska_Split_Dalmatia_County_Dalmatia.html
Kacic Square, 4.5, Sights & Landmarks, /Attraction_Review-g303814-d10103014-Reviews-Kacic_Square-Makarska_Split_Dalmatia_County_Dalmatia.html, /Attractions-g303814-Activities-Makarska_Split_Dalmatia_County_Dalmatia.html
Makarska Observatory, 4.5, Museums, /Attraction_Review-g303814-d12915939-Reviews-Makarska_Observatory-Makarska_Split_Dalmatia_County_Dalmatia.html, /Attractions-g303814-Activities-Makarska_Split_Dalmatia_County_Dalmatia.html
Shells Museum Malakoloski Muzej, 4.0, Museums, /Attraction_Review-g303814-d6929840-Reviews-Shells_Museum_Malakoloski_Muzej-Makarska_Split_Dalmatia_County_Dalmatia.html, /Attractions-g303814-Activities-Makarska_Split_Dalmatia_County_Dalmatia.html
Muzej Riba i Rakova, 5.0, Museums, /Attraction_Review-g303814-d12917895-Reviews-Muzej_Riba_i_Rakova-Makarska_Split_Dalmatia_County_Dalmatia.html, /Attractions-g303814-Activities-Makarska_Split_Dalmatia_County_Dalmatia.html
Botanical Garden Kotisina, 4.0, Nature & Parks, /Attraction_Review-g303814-d12856243-Reviews-Botanical_Garden_Kotisina-Makarska_Split_Dalmatia_County_Dalmatia.html, /Attractions-g303814-Activities-Makarska_Split_Dalmatia_County_Dalmatia.html
Makarska Municipal Museum, 5.0, Museums, /Attraction_Review-g303814-d17420962-Reviews-Makarska_Municipal_Museum-Makarska_Split_Dalmatia_County_Dalmatia.html, /Attractions-g303814-Activities-Makarska_Split_Dalmatia_County_Dalmatia.html
Franjevacki Samostan Blazene Djevice Marije, 4.5, Sights & Landmarks, /Attraction_Review-g303814-d17850442-Reviews-Franjevacki_Samostan_Blazene_Djevice_Marije-Makarska_Split_Dalmatia_County_Dalma.html, /Attractions-g303814-Activities-Makarska_Split_Dalmatia_County_Dalmatia.html
Tennis center Makarska, 4.5, Fun & Games, /Attraction_Review-g303814-d10110368-Reviews-Tennis_center_Makarska-Makarska_Split_Dalmatia_County_Dalmatia.html, /Attractions-g303814-Activities-Makarska_Split_Dalmatia_County_Dalmatia.html
Shopping Centre Merces, 5.0, Shopping, /Attraction_Review-g303814-d18966859-Reviews-Shopping_Centre_Merces-Makarska_Split_Dalmatia_County_Dalmatia.html, /Attractions-g303814-Activities-Makarska_Split_Dalmatia_County_Dalmatia.html
Arena Casino Makarska, 5.0, Casinos & Gambling, /Attraction_Review-g303814-d15147437-Reviews-Arena_Casino_Makarska-Makarska_Split_Dalmatia_County_Dalmatia.html, /Attractions-g303814-Activities-Makarska_Split_Dalmatia_County_Dalmatia.html
Admiral Automat Club, 5.0, Casinos & Gambling, /Attraction_Review-g303814-d12298163-Reviews-Admiral_Automat_Club-Makarska_Split_Dalmatia_County_Dalmatia.html, /Attractions-g303814-Activities-Makarska_Split_Dalmatia_County_Dalmatia.html
Spomenik Sv. Petra, 4.5, Sights & Landmarks, /Attraction_Review-g303814-d17850417-Reviews-Spomenik_Sv_Petra-Makarska_Split_Dalmatia_County_Dalmatia.html, /Attractions-g303814-Activities-Makarska_Split_Dalmatia_County_Dalmatia.html
New World Lover Art Galery, 5.0, Museums, /Attraction_Review-g303814-d17695278-Reviews-New_World_Lover_Art_Galery-Makarska_Split_Dalmatia_County_Dalmatia.html, /Attractions-g303814-Activities-Makarska_Split_Dalmatia_County_Dalmatia.html
Adventure Makarska, 3.0, None, /Attraction_Review-g303814-d7099288-Reviews-Adventure_Makarska-Makarska_Split_Dalmatia_County_Dalmatia.html, /Attractions-g303814-Activities-Makarska_Split_Dalmatia_County_Dalmatia.html
Promet Makarska, 2.5, Transportation, /Attraction_Review-g303814-d15122507-Reviews-Promet_Makarska-Makarska_Split_Dalmatia_County_Dalmatia.html, /Attractions-g303814-Activities-Makarska_Split_Dalmatia_County_Dalmatia.html
Biokovo Skywalk, 4.5, Sights & Landmarks, /Attraction_Review-g303814-d21142297-Reviews-Biokovo_Skywalk-Makarska_Split_Dalmatia_County_Dalmatia.html, /Attractions-g303814-Activities-Makarska_Split_Dalmatia_County_Dalmatia.html
Igor Dragicevic Art Gallery, None, Museums, /Attraction_Review-g303814-d12669729-Reviews-Igor_Dragicevic_Art_Gallery-Makarska_Split_Dalmatia_County_Dalmatia.html, /Attractions-g303814-Activities-Makarska_Split_Dalmatia_County_Dalmatia.html
Arta Larga Gallery, None, Museums, /Attraction_Review-g303814-d17413169-Reviews-Arta_Larga_Gallery-Makarska_Split_Dalmatia_County_Dalmatia.html, /Attractions-g303814-Activities-Makarska_Split_Dalmatia_County_Dalmatia.html
Hundestrand, None, Nature & Parks, /Attraction_Review-g303814-d17600217-Reviews-Hundestrand-Makarska_Split_Dalmatia_County_Dalmatia.html, /Attractions-g303814-Activities-Makarska_Split_Dalmatia_County_Dalmatia.html
SOLA Makarska ART&amp;CRAFT, None, Museums, /Attraction_Review-g303814-d17578804-Reviews-SOLA_Makarska_ART_CRAFT-Makarska_Split_Dalmatia_County_Dalmatia.html, /Attractions-g303814-Activities-Makarska_Split_Dalmatia_County_Dalmatia.html
Kotišina - Central Dalmatia Croatia - Theme Trails, None, Sights & Landmarks, /Attraction_Review-g303814-d20993354-Reviews-Kotisina_Central_Dalmatia_Croatia_Theme_Trails-Makarska_Split_Dalmatia_County_Da.html, /Attractions-g303814-Activities-Makarska_Split_Dalmatia_County_Dalmatia.html
Biokovo Tour Central Dalmatia Croatia Bike Tracks, None, Nature & Parks, /Attraction_Review-g303814-d20923027-Reviews-Biokovo_Tour_Central_Dalmatia_Croatia_Bike_Tracks-Makarska_Split_Dalmatia_County.html, /Attractions-g303814-Activities-Makarska_Split_Dalmatia_County_Dalmatia.html
