attraction_name, attraction_rate, attraction_type, attraction_url, attraction_parent_url
Trogir Extra Muros - Central Dalmatia Croatia - Theme Trails, None, Sights & Landmarks, /Attraction_Review-g303838-d20943276-Reviews-Trogir_Extra_Muros_Central_Dalmatia_Croatia_Theme_Trails-Trogir_Split_Dalmatia_C.html, /Attractions-g303838-Activities-Trogir_Split_Dalmatia_County_Dalmatia.html
Trogir Intra Muros Central Dalmatia Croatia - Theme trails, None, Sights & Landmarks, /Attraction_Review-g303838-d20943278-Reviews-Trogir_Intra_Muros_Central_Dalmatia_Croatia_Theme_trails-Trogir_Split_Dalmatia_C.html, /Attractions-g303838-Activities-Trogir_Split_Dalmatia_County_Dalmatia.html
Trogir - Central Dalmatia Croatia - Bike Tracks, None, Nature & Parks, /Attraction_Review-g303838-d20972971-Reviews-Trogir_Central_Dalmatia_Croatia_Bike_Tracks-Trogir_Split_Dalmatia_County_Dalmati.html, /Attractions-g303838-Activities-Trogir_Split_Dalmatia_County_Dalmatia.html
Trogir harbour, None, Nature & Parks, /Attraction_Review-g303838-d20373499-Reviews-Trogir_harbour-Trogir_Split_Dalmatia_County_Dalmatia.html, /Attractions-g303838-Activities-Trogir_Split_Dalmatia_County_Dalmatia.html
