attraction_name, attraction_rate, attraction_type, attraction_url, attraction_parent_url
Pavlinski samostan, 3.5, Sights & Landmarks, /Attraction_Review-g1203124-d12268396-Reviews-Pavlinski_samostan-Lepoglava_Varazdin_County_Central_Croatia.html, /Attractions-g1203124-Activities-Lepoglava_Varazdin_County_Central_Croatia.html
Gaveznica - Kameni, None, Sights & Landmarks, /Attraction_Review-g1203124-d19100580-Reviews-Gaveznica_Kameni-Lepoglava_Varazdin_County_Central_Croatia.html, /Attractions-g1203124-Activities-Lepoglava_Varazdin_County_Central_Croatia.html
Church of the Visitation of the Blessed Virgin Mary - Višnjica, None, Sights & Landmarks, /Attraction_Review-g1203124-d19099523-Reviews-Church_of_the_Visitation_of_the_Blessed_Virgin_Mary_Visnjica-Lepoglava_Varazdin.html, /Attractions-g1203124-Activities-Lepoglava_Varazdin_County_Central_Croatia.html
Church of St. Mary in Lepoglava, None, Sights & Landmarks, /Attraction_Review-g1203124-d19100139-Reviews-Church_of_St_Mary_in_Lepoglava-Lepoglava_Varazdin_County_Central_Croatia.html, /Attractions-g1203124-Activities-Lepoglava_Varazdin_County_Central_Croatia.html
Chapel of St. John in Gorica, None, Sights & Landmarks, /Attraction_Review-g1203124-d19100140-Reviews-Chapel_of_St_John_in_Gorica-Lepoglava_Varazdin_County_Central_Croatia.html, /Attractions-g1203124-Activities-Lepoglava_Varazdin_County_Central_Croatia.html
Chapel of St. George in Purga Bednjanska, None, Sights & Landmarks, /Attraction_Review-g1203124-d19100297-Reviews-Chapel_of_St_George_in_Purga_Bednjanska-Lepoglava_Varazdin_County_Central_Croat.html, /Attractions-g1203124-Activities-Lepoglava_Varazdin_County_Central_Croatia.html
Chapel of Our Lady of Snow - Žarovnica, None, Sights & Landmarks, /Attraction_Review-g1203124-d19099522-Reviews-Chapel_of_Our_Lady_of_Snow_Zarovnica-Lepoglava_Varazdin_County_Central_Croatia.html, /Attractions-g1203124-Activities-Lepoglava_Varazdin_County_Central_Croatia.html
