attraction_name, attraction_rate, attraction_type, attraction_url, attraction_parent_url
Losinjski Muzej, 4.0, Museums, /Attraction_Review-g297514-d2336076-Reviews-Losinjski_Muzej-Mali_Losinj_Losinj_Island_Kvarner_Bay_Islands_Primorje_Gorski_Kot.html, /Attractions-g644067-Activities-Losinj_Island_Kvarner_Bay_Islands_Primorje_Gorski_Kotar_County.html
Liski, 3.5, Nature & Parks, /Attraction_Review-g644067-d3388363-Reviews-Liski-Losinj_Island_Kvarner_Bay_Islands_Primorje_Gorski_Kotar_County.html, /Attractions-g644067-Activities-Losinj_Island_Kvarner_Bay_Islands_Primorje_Gorski_Kotar_County.html
Przine, 4.0, Nature & Parks, /Attraction_Review-g297514-d3338563-Reviews-Przine-Mali_Losinj_Losinj_Island_Kvarner_Bay_Islands_Primorje_Gorski_Kotar_County.html, /Attractions-g644067-Activities-Losinj_Island_Kvarner_Bay_Islands_Primorje_Gorski_Kotar_County.html
Church of St. Martin, 4.0, Sights & Landmarks, /Attraction_Review-g297514-d2294590-Reviews-Church_of_St_Martin-Mali_Losinj_Losinj_Island_Kvarner_Bay_Islands_Primorje_Gorski.html, /Attractions-g644067-Activities-Losinj_Island_Kvarner_Bay_Islands_Primorje_Gorski_Kotar_County.html
Bojcic, 4.0, Nature & Parks, /Attraction_Review-g297514-d3395265-Reviews-Bojcic-Mali_Losinj_Losinj_Island_Kvarner_Bay_Islands_Primorje_Gorski_Kotar_County.html, /Attractions-g644067-Activities-Losinj_Island_Kvarner_Bay_Islands_Primorje_Gorski_Kotar_County.html
Trg Republike Fountain, 3.5, Sights & Landmarks, /Attraction_Review-g297514-d2345110-Reviews-Trg_Republike_Fountain-Mali_Losinj_Losinj_Island_Kvarner_Bay_Islands_Primorje_Gor.html, /Attractions-g644067-Activities-Losinj_Island_Kvarner_Bay_Islands_Primorje_Gorski_Kotar_County.html
The Fountain, 3.0, Sights & Landmarks, /Attraction_Review-g297514-d3442153-Reviews-The_Fountain-Mali_Losinj_Losinj_Island_Kvarner_Bay_Islands_Primorje_Gorski_Kotar_.html, /Attractions-g644067-Activities-Losinj_Island_Kvarner_Bay_Islands_Primorje_Gorski_Kotar_County.html
Church of the Nativity of the Virgin, 3.5, Sights & Landmarks, /Attraction_Review-g297514-d2294592-Reviews-Church_of_the_Nativity_of_the_Virgin-Mali_Losinj_Losinj_Island_Kvarner_Bay_Island.html, /Attractions-g644067-Activities-Losinj_Island_Kvarner_Bay_Islands_Primorje_Gorski_Kotar_County.html
The Church of the Annunciation of the Blessed Virgin Mary, 4.0, Sights & Landmarks, /Attraction_Review-g297514-d2318760-Reviews-The_Church_of_the_Annunciation_of_the_Blessed_Virgin_Mary-Mali_Losinj_Losinj_Isla.html, /Attractions-g644067-Activities-Losinj_Island_Kvarner_Bay_Islands_Primorje_Gorski_Kotar_County.html
Church of Sv. Ivan the Baptist, 4.5, Sights & Landmarks, /Attraction_Review-g644068-d2333029-Reviews-Church_of_Sv_Ivan_the_Baptist-Veli_Losinj_Losinj_Island_Kvarner_Bay_Islands_Primo.html, /Attractions-g644067-Activities-Losinj_Island_Kvarner_Bay_Islands_Primorje_Gorski_Kotar_County.html
Osorscica, 4.0, Nature & Parks, /Attraction_Review-g644067-d2324136-Reviews-Osorscica-Losinj_Island_Kvarner_Bay_Islands_Primorje_Gorski_Kotar_County.html, /Attractions-g644067-Activities-Losinj_Island_Kvarner_Bay_Islands_Primorje_Gorski_Kotar_County.html
The Monument to Ambroz Haracic, 3.0, Sights & Landmarks, /Attraction_Review-g297514-d2324782-Reviews-The_Monument_to_Ambroz_Haracic-Mali_Losinj_Losinj_Island_Kvarner_Bay_Islands_Prim.html, /Attractions-g644067-Activities-Losinj_Island_Kvarner_Bay_Islands_Primorje_Gorski_Kotar_County.html
Old Olive Mill, 5.0, Sights & Landmarks, /Attraction_Review-g644067-d2365439-Reviews-Old_Olive_Mill-Losinj_Island_Kvarner_Bay_Islands_Primorje_Gorski_Kotar_County.html, /Attractions-g644067-Activities-Losinj_Island_Kvarner_Bay_Islands_Primorje_Gorski_Kotar_County.html
The Church of St. Nicholas, 4.0, Sights & Landmarks, /Attraction_Review-g297514-d2324144-Reviews-The_Church_of_St_Nicholas-Mali_Losinj_Losinj_Island_Kvarner_Bay_Islands_Primorje_.html, /Attractions-g644067-Activities-Losinj_Island_Kvarner_Bay_Islands_Primorje_Gorski_Kotar_County.html
Calvary - Way of the Cross, 3.0, Sights & Landmarks, /Attraction_Review-g297514-d2336052-Reviews-Calvary_Way_of_the_Cross-Mali_Losinj_Losinj_Island_Kvarner_Bay_Islands_Primorje_G.html, /Attractions-g644067-Activities-Losinj_Island_Kvarner_Bay_Islands_Primorje_Gorski_Kotar_County.html
Tower of Veli Losinj, 4.0, Museums, /Attraction_Review-g644068-d3442335-Reviews-Tower_of_Veli_Losinj-Veli_Losinj_Losinj_Island_Kvarner_Bay_Islands_Primorje_Gorsk.html, /Attractions-g644067-Activities-Losinj_Island_Kvarner_Bay_Islands_Primorje_Gorski_Kotar_County.html
The Osot Town Museum, 3.0, Museums, /Attraction_Review-g644067-d3435291-Reviews-The_Osot_Town_Museum-Losinj_Island_Kvarner_Bay_Islands_Primorje_Gorski_Kotar_Coun.html, /Attractions-g644067-Activities-Losinj_Island_Kvarner_Bay_Islands_Primorje_Gorski_Kotar_County.html
Beach Studencic, 5.0, Nature & Parks, /Attraction_Review-g16894352-d17729534-Reviews-Beach_Studencic-Cunski_Losinj_Island_Kvarner_Bay_Islands_Primorje_Gorski_Kotar.html, /Attractions-g644067-Activities-Losinj_Island_Kvarner_Bay_Islands_Primorje_Gorski_Kotar_County.html
Beach Javorna, 4.5, Nature & Parks, /Attraction_Review-g644068-d12700331-Reviews-Beach_Javorna-Veli_Losinj_Losinj_Island_Kvarner_Bay_Islands_Primorje_Gorski_Kota.html, /Attractions-g644067-Activities-Losinj_Island_Kvarner_Bay_Islands_Primorje_Gorski_Kotar_County.html
Parish Church of Sv. Antun Opat, 4.0, Sights & Landmarks, /Attraction_Review-g644068-d2313363-Reviews-Parish_Church_of_Sv_Antun_Opat-Veli_Losinj_Losinj_Island_Kvarner_Bay_Islands_Prim.html, /Attractions-g644067-Activities-Losinj_Island_Kvarner_Bay_Islands_Primorje_Gorski_Kotar_County.html
Valdarke Cove, 4.0, None, /Attraction_Review-g644068-d6983816-Reviews-Valdarke_Cove-Veli_Losinj_Losinj_Island_Kvarner_Bay_Islands_Primorje_Gorski_Kotar.html, /Attractions-g644067-Activities-Losinj_Island_Kvarner_Bay_Islands_Primorje_Gorski_Kotar_County.html
The Annunciation of Mary, 4.0, Sights & Landmarks, /Attraction_Review-g644068-d2324146-Reviews-The_Annunciation_of_Mary-Veli_Losinj_Losinj_Island_Kvarner_Bay_Islands_Primorje_G.html, /Attractions-g644067-Activities-Losinj_Island_Kvarner_Bay_Islands_Primorje_Gorski_Kotar_County.html
Church of Our Lady of the Angels, 3.5, Sights & Landmarks, /Attraction_Review-g644068-d2324141-Reviews-Church_of_Our_Lady_of_the_Angels-Veli_Losinj_Losinj_Island_Kvarner_Bay_Islands_Pr.html, /Attractions-g644067-Activities-Losinj_Island_Kvarner_Bay_Islands_Primorje_Gorski_Kotar_County.html
Church of Sv. Nikola, 3.0, Sights & Landmarks, /Attraction_Review-g644068-d2365393-Reviews-Church_of_Sv_Nikola-Veli_Losinj_Losinj_Island_Kvarner_Bay_Islands_Primorje_Gorski.html, /Attractions-g644067-Activities-Losinj_Island_Kvarner_Bay_Islands_Primorje_Gorski_Kotar_County.html
Standarac - Flagpole, 3.0, Sights & Landmarks, /Attraction_Review-g644068-d2336063-Reviews-Standarac_Flagpole-Veli_Losinj_Losinj_Island_Kvarner_Bay_Islands_Primorje_Gorski_.html, /Attractions-g644067-Activities-Losinj_Island_Kvarner_Bay_Islands_Primorje_Gorski_Kotar_County.html
Church of Sv. Petar, 3.0, Sights & Landmarks, /Attraction_Review-g644068-d2345140-Reviews-Church_of_Sv_Petar-Veli_Losinj_Losinj_Island_Kvarner_Bay_Islands_Primorje_Gorski_.html, /Attractions-g644067-Activities-Losinj_Island_Kvarner_Bay_Islands_Primorje_Gorski_Kotar_County.html
St. Andrew's Church Sicadrija, 3.0, Sights & Landmarks, /Attraction_Review-g644067-d2345169-Reviews-St_Andrew_s_Church_Sicadrija-Losinj_Island_Kvarner_Bay_Islands_Primorje_Gorski_Ko.html, /Attractions-g644067-Activities-Losinj_Island_Kvarner_Bay_Islands_Primorje_Gorski_Kotar_County.html
Beach Vale skura, None, Nature & Parks, /Attraction_Review-g644068-d17813410-Reviews-Beach_Vale_skura-Veli_Losinj_Losinj_Island_Kvarner_Bay_Islands_Primorje_Gorski_K.html, /Attractions-g644067-Activities-Losinj_Island_Kvarner_Bay_Islands_Primorje_Gorski_Kotar_County.html
Kriška Bay, None, Nature & Parks, /Attraction_Review-g644068-d21264604-Reviews-Kriska_Bay-Veli_Losinj_Losinj_Island_Kvarner_Bay_Islands_Primorje_Gorski_Kotar_C.html, /Attractions-g644067-Activities-Losinj_Island_Kvarner_Bay_Islands_Primorje_Gorski_Kotar_County.html
Josip Kasman Monument, None, Sights & Landmarks, /Attraction_Review-g644067-d2333025-Reviews-Josip_Kasman_Monument-Losinj_Island_Kvarner_Bay_Islands_Primorje_Gorski_Kotar_Cou.html, /Attractions-g644067-Activities-Losinj_Island_Kvarner_Bay_Islands_Primorje_Gorski_Kotar_County.html
