attraction_name, attraction_rate, attraction_type, attraction_url, attraction_parent_url
Spiaggia di Rucica, 4.5, Sights & Landmarks, /Attraction_Review-g651687-d4745922-Reviews-Spiaggia_di_Rucica-Novalja_Island_of_Pag_Zadar_County_Dalmatia.html, /Attractions-g651686-Activities-Island_of_Pag_Zadar_County_Dalmatia.html
Main Square Trg Kralja Pedra Kresimira IV, 4.0, Sights & Landmarks, /Attraction_Review-g651686-d7236904-Reviews-Main_Square_Trg_Kralja_Pedra_Kresimira_IV-Island_of_Pag_Zadar_County_Dalmatia.html, /Attractions-g651686-Activities-Island_of_Pag_Zadar_County_Dalmatia.html
Museum of Salt, 4.0, Museums, /Attraction_Review-g651686-d7236924-Reviews-Museum_of_Salt-Island_of_Pag_Zadar_County_Dalmatia.html, /Attractions-g651686-Activities-Island_of_Pag_Zadar_County_Dalmatia.html
Zrce Beach, 4.0, Nature & Parks, /Attraction_Review-g651687-d3349765-Reviews-Zrce_Beach-Novalja_Island_of_Pag_Zadar_County_Dalmatia.html, /Attractions-g651686-Activities-Island_of_Pag_Zadar_County_Dalmatia.html
Pag Lace Gallery, 3.5, Museums, /Attraction_Review-g651686-d7236903-Reviews-Pag_Lace_Gallery-Island_of_Pag_Zadar_County_Dalmatia.html, /Attractions-g651686-Activities-Island_of_Pag_Zadar_County_Dalmatia.html
Strasko Beach, 3.5, Nature & Parks, /Attraction_Review-g651687-d12786446-Reviews-Strasko_Beach-Novalja_Island_of_Pag_Zadar_County_Dalmatia.html, /Attractions-g651686-Activities-Island_of_Pag_Zadar_County_Dalmatia.html
Caska Beach, 3.5, Nature & Parks, /Attraction_Review-g651687-d12786331-Reviews-Caska_Beach-Novalja_Island_of_Pag_Zadar_County_Dalmatia.html, /Attractions-g651686-Activities-Island_of_Pag_Zadar_County_Dalmatia.html
Gajac beach, 4.0, Nature & Parks, /Attraction_Review-g651687-d17709458-Reviews-Gajac_beach-Novalja_Island_of_Pag_Zadar_County_Dalmatia.html, /Attractions-g651686-Activities-Island_of_Pag_Zadar_County_Dalmatia.html
Bosana Beach Pag, 4.5, Nature & Parks, /Attraction_Review-g651688-d10231057-Reviews-Bosana_Beach_Pag-Pag_Island_of_Pag_Zadar_County_Dalmatia.html, /Attractions-g651686-Activities-Island_of_Pag_Zadar_County_Dalmatia.html
City Museum of Novalja - Roman Aqueduct, 3.0, Sights & Landmarks, /Attraction_Review-g651687-d10842364-Reviews-City_Museum_of_Novalja_Roman_Aqueduct-Novalja_Island_of_Pag_Zadar_County_Dalmati.html, /Attractions-g651686-Activities-Island_of_Pag_Zadar_County_Dalmatia.html
Simuni Beach, 4.5, Nature & Parks, /Attraction_Review-g4560239-d4725208-Reviews-Simuni_Beach-Simuni_Island_of_Pag_Zadar_County_Dalmatia.html, /Attractions-g651686-Activities-Island_of_Pag_Zadar_County_Dalmatia.html
Cista Beach, 4.5, Nature & Parks, /Attraction_Review-g651688-d12827807-Reviews-Cista_Beach-Pag_Island_of_Pag_Zadar_County_Dalmatia.html, /Attractions-g651686-Activities-Island_of_Pag_Zadar_County_Dalmatia.html
Church of the Assumption, 4.0, Sights & Landmarks, /Attraction_Review-g651688-d7237015-Reviews-Church_of_the_Assumption-Pag_Island_of_Pag_Zadar_County_Dalmatia.html, /Attractions-g651686-Activities-Island_of_Pag_Zadar_County_Dalmatia.html
Vrtovi Lunjskih Maslina, 4.5, Nature & Parks, /Attraction_Review-g1077183-d6982198-Reviews-Vrtovi_Lunjskih_Maslina-Lun_Island_of_Pag_Zadar_County_Dalmatia.html, /Attractions-g651686-Activities-Island_of_Pag_Zadar_County_Dalmatia.html
Dubrovnik Beach, 4.0, Nature & Parks, /Attraction_Review-g1571762-d12833677-Reviews-Dubrovnik_Beach-Povljana_Island_of_Pag_Zadar_County_Dalmatia.html, /Attractions-g651686-Activities-Island_of_Pag_Zadar_County_Dalmatia.html
Mala Mandra beach, 4.5, Nature & Parks, /Attraction_Review-g2030955-d8015938-Reviews-Mala_Mandra_beach-Kolan_Island_of_Pag_Zadar_County_Dalmatia.html, /Attractions-g651686-Activities-Island_of_Pag_Zadar_County_Dalmatia.html
Beach Delfinka, 3.5, Nature & Parks, /Attraction_Review-g651688-d14246307-Reviews-Beach_Delfinka-Pag_Island_of_Pag_Zadar_County_Dalmatia.html, /Attractions-g651686-Activities-Island_of_Pag_Zadar_County_Dalmatia.html
Beritnica Beach, 4.5, Nature & Parks, /Attraction_Review-g6598060-d17839528-Reviews-Beritnica_Beach-Metajna_Island_of_Pag_Zadar_County_Dalmatia.html, /Attractions-g651686-Activities-Island_of_Pag_Zadar_County_Dalmatia.html
Kolanjsko Blato, 5.0, Nature & Parks, /Attraction_Review-g2030955-d8017028-Reviews-Kolanjsko_Blato-Kolan_Island_of_Pag_Zadar_County_Dalmatia.html, /Attractions-g651686-Activities-Island_of_Pag_Zadar_County_Dalmatia.html
Plaža Čista, 4.0, Nature & Parks, /Attraction_Review-g2030955-d12822126-Reviews-Plaza_Cista-Kolan_Island_of_Pag_Zadar_County_Dalmatia.html, /Attractions-g651686-Activities-Island_of_Pag_Zadar_County_Dalmatia.html
Dog Beach, 4.0, Nature & Parks, /Attraction_Review-g15684000-d19999515-Reviews-Dog_Beach-Gajac_Island_of_Pag_Zadar_County_Dalmatia.html, /Attractions-g651686-Activities-Island_of_Pag_Zadar_County_Dalmatia.html
Branicevica Beach, 3.5, Nature & Parks, /Attraction_Review-g15684000-d19934224-Reviews-Branicevica_Beach-Gajac_Island_of_Pag_Zadar_County_Dalmatia.html, /Attractions-g651686-Activities-Island_of_Pag_Zadar_County_Dalmatia.html
Robinzon Tours, 4.5, Boat Tours & Water Sports, /Attraction_Review-g651688-d2227865-Reviews-Robinzon_Tours-Pag_Island_of_Pag_Zadar_County_Dalmatia.html, /Attractions-g651686-Activities-Island_of_Pag_Zadar_County_Dalmatia.html
Custom Adventure Tours Povljana, 5.0, Tours, /Attraction_Review-g1571762-d17577486-Reviews-Custom_Adventure_Tours_Povljana-Povljana_Island_of_Pag_Zadar_County_Dalmatia.html, /Attractions-g651686-Activities-Island_of_Pag_Zadar_County_Dalmatia.html
Kokopelli Beach Bar, 5.0, Nightlife, /Attraction_Review-g4560239-d8405020-Reviews-Kokopelli_Beach_Bar-Simuni_Island_of_Pag_Zadar_County_Dalmatia.html, /Attractions-g651686-Activities-Island_of_Pag_Zadar_County_Dalmatia.html
Noa Beach Club, 4.5, Nightlife, /Attraction_Review-g651687-d3407360-Reviews-Noa_Beach_Club-Novalja_Island_of_Pag_Zadar_County_Dalmatia.html, /Attractions-g651686-Activities-Island_of_Pag_Zadar_County_Dalmatia.html
Sirana Gligora, 4.0, Shopping, /Attraction_Review-g2030955-d2030416-Reviews-Sirana_Gligora-Kolan_Island_of_Pag_Zadar_County_Dalmatia.html, /Attractions-g651686-Activities-Island_of_Pag_Zadar_County_Dalmatia.html
Big Yellow House Bar, 4.5, Nightlife, /Attraction_Review-g651687-d8514279-Reviews-Big_Yellow_House_Bar-Novalja_Island_of_Pag_Zadar_County_Dalmatia.html, /Attractions-g651686-Activities-Island_of_Pag_Zadar_County_Dalmatia.html
Aquarius Zrce Beach, 4.0, Nightlife, /Attraction_Review-g651687-d2700588-Reviews-Aquarius_Zrce_Beach-Novalja_Island_of_Pag_Zadar_County_Dalmatia.html, /Attractions-g651686-Activities-Island_of_Pag_Zadar_County_Dalmatia.html
Papaya club, 4.0, Nightlife, /Attraction_Review-g651687-d969711-Reviews-Papaya_club-Novalja_Island_of_Pag_Zadar_County_Dalmatia.html, /Attractions-g651686-Activities-Island_of_Pag_Zadar_County_Dalmatia.html
