attraction_name, attraction_rate, attraction_type, attraction_url, attraction_parent_url
Asta Yachting, 5.0, Boat Tours & Water Sports, /Attraction_Review-g1034769-d7734447-Reviews-Asta_Yachting-Sukosan_Zadar_County_Dalmatia.html, /Attractions-g1034769-Activities-Sukosan_Zadar_County_Dalmatia.html
Daysailing Zadar, 5.0, Boat Tours & Water Sports, /Attraction_Review-g1034769-d10226528-Reviews-Daysailing_Zadar-Sukosan_Zadar_County_Dalmatia.html, /Attractions-g1034769-Activities-Sukosan_Zadar_County_Dalmatia.html
Elan yachting, 1.0, Outdoor Activities, /Attraction_Review-g1034769-d4324638-Reviews-Elan_yachting-Sukosan_Zadar_County_Dalmatia.html, /Attractions-g1034769-Activities-Sukosan_Zadar_County_Dalmatia.html
Adriatic Charter, 2.0, Boat Tours & Water Sports, /Attraction_Review-g1034769-d13988685-Reviews-Adriatic_Charter-Sukosan_Zadar_County_Dalmatia.html, /Attractions-g1034769-Activities-Sukosan_Zadar_County_Dalmatia.html
Rent a Boat Zadar, None, Boat Tours & Water Sports, /Attraction_Review-g1034769-d12706524-Reviews-Rent_a_Boat_Zadar-Sukosan_Zadar_County_Dalmatia.html, /Attractions-g1034769-Activities-Sukosan_Zadar_County_Dalmatia.html
Paintball Sukosan, None, Fun & Games, /Attraction_Review-g1034769-d14939368-Reviews-Paintball_Sukosan-Sukosan_Zadar_County_Dalmatia.html, /Attractions-g1034769-Activities-Sukosan_Zadar_County_Dalmatia.html
Paintball Sukosan, None, Fun & Games, /Attraction_Review-g1034769-d14939915-Reviews-Paintball_Sukosan-Sukosan_Zadar_County_Dalmatia.html, /Attractions-g1034769-Activities-Sukosan_Zadar_County_Dalmatia.html
Ankora, None, Boat Tours & Water Sports, /Attraction_Review-g1034769-d21083293-Reviews-Ankora-Sukosan_Zadar_County_Dalmatia.html, /Attractions-g1034769-Activities-Sukosan_Zadar_County_Dalmatia.html
