attraction_name, attraction_rate, attraction_type, attraction_url, attraction_parent_url
Vrtovi Lunjskih Maslina, 4.5, Nature & Parks, /Attraction_Review-g1077183-d6982198-Reviews-Vrtovi_Lunjskih_Maslina-Lun_Island_of_Pag_Zadar_County_Dalmatia.html, /Attractions-g1077183-Activities-Lun_Island_of_Pag_Zadar_County_Dalmatia.html
Crkva Krista Kralja, None, Sights & Landmarks, /Attraction_Review-g1077183-d21345317-Reviews-Crkva_Krista_Kralja-Lun_Island_of_Pag_Zadar_County_Dalmatia.html, /Attractions-g1077183-Activities-Lun_Island_of_Pag_Zadar_County_Dalmatia.html
Crkva Sv. Jeronima, None, Sights & Landmarks, /Attraction_Review-g1077183-d21345319-Reviews-Crkva_Sv_Jeronima-Lun_Island_of_Pag_Zadar_County_Dalmatia.html, /Attractions-g1077183-Activities-Lun_Island_of_Pag_Zadar_County_Dalmatia.html
Crkva Majke Božje od Zdravlja, None, Sights & Landmarks, /Attraction_Review-g1077183-d21343790-Reviews-Crkva_Majke_Bozje_od_Zdravlja-Lun_Island_of_Pag_Zadar_County_Dalmatia.html, /Attractions-g1077183-Activities-Lun_Island_of_Pag_Zadar_County_Dalmatia.html
