attraction_name, attraction_rate, attraction_type, attraction_url, attraction_parent_url
Sailing Murter, 5.0, Boat Tours & Water Sports, /Attraction_Review-g1190813-d9787888-Reviews-Sailing_Murter-Tisno_Sibenik_Knin_County_Dalmatia.html, /Attractions-g1190813-Activities-Tisno_Sibenik_Knin_County_Dalmatia.html
Diving Center Tramonto, 5.0, Boat Tours & Water Sports, /Attraction_Review-g1190813-d12172150-Reviews-Diving_Center_Tramonto-Tisno_Sibenik_Knin_County_Dalmatia.html, /Attractions-g1190813-Activities-Tisno_Sibenik_Knin_County_Dalmatia.html
Tisno Rent, 4.5, Boat Tours & Water Sports, /Attraction_Review-g1190813-d13444601-Reviews-Tisno_Rent-Tisno_Sibenik_Knin_County_Dalmatia.html, /Attractions-g1190813-Activities-Tisno_Sibenik_Knin_County_Dalmatia.html
Fun Diving Dive Centre, 5.0, Boat Tours & Water Sports, /Attraction_Review-g1190813-d4954012-Reviews-Fun_Diving_Dive_Centre-Tisno_Sibenik_Knin_County_Dalmatia.html, /Attractions-g1190813-Activities-Tisno_Sibenik_Knin_County_Dalmatia.html
Rent a boat ' Ane' Tisno, 5.0, Boat Tours & Water Sports, /Attraction_Review-g1190813-d17313959-Reviews-Rent_a_boat_Ane_Tisno-Tisno_Sibenik_Knin_County_Dalmatia.html, /Attractions-g1190813-Activities-Tisno_Sibenik_Knin_County_Dalmatia.html
Kornati Charter, 2.0, Boat Tours & Water Sports, /Attraction_Review-g1190813-d10480966-Reviews-Kornati_Charter-Tisno_Sibenik_Knin_County_Dalmatia.html, /Attractions-g1190813-Activities-Tisno_Sibenik_Knin_County_Dalmatia.html
Outdoor Spirit, None, Outdoor Activities, /Attraction_Review-g1190813-d7001450-Reviews-Outdoor_Spirit-Tisno_Sibenik_Knin_County_Dalmatia.html, /Attractions-g1190813-Activities-Tisno_Sibenik_Knin_County_Dalmatia.html
