attraction_name, attraction_rate, attraction_type, attraction_url, attraction_parent_url
Romana Atelier, 4.5, Sights & Landmarks, /Attraction_Review-g295371-d4909607-Reviews-Romana_Atelier-Dubrovnik_Dubrovnik_Neretva_County_Dalmatia.html, /Attractions-g295371-Activities-Dubrovnik_Dubrovnik_Neretva_County_Dalmatia.html
The Votive Church of St Blaise on Gorica, 4.0, Sights & Landmarks, /Attraction_Review-g295371-d9743642-Reviews-The_Votive_Church_of_St_Blaise_on_Gorica-Dubrovnik_Dubrovnik_Neretva_County_Dalma.html, /Attractions-g295371-Activities-Dubrovnik_Dubrovnik_Neretva_County_Dalmatia.html
The Lazarettos, 4.0, Sights & Landmarks, /Attraction_Review-g295371-d9736874-Reviews-The_Lazarettos-Dubrovnik_Dubrovnik_Neretva_County_Dalmatia.html, /Attractions-g295371-Activities-Dubrovnik_Dubrovnik_Neretva_County_Dalmatia.html
City of Dubrovnik Tourist Board, 3.0, Traveller Resources, /Attraction_Review-g295371-d13478160-Reviews-City_of_Dubrovnik_Tourist_Board-Dubrovnik_Dubrovnik_Neretva_County_Dalmatia.html, /Attractions-g295371-Activities-Dubrovnik_Dubrovnik_Neretva_County_Dalmatia.html
Port Gruz, 3.5, Sights & Landmarks, /Attraction_Review-g295371-d16675111-Reviews-Port_Gruz-Dubrovnik_Dubrovnik_Neretva_County_Dalmatia.html, /Attractions-g295371-Activities-Dubrovnik_Dubrovnik_Neretva_County_Dalmatia.html
Fort Royal, 3.5, Sights & Landmarks, /Attraction_Review-g295371-d12989251-Reviews-Fort_Royal-Dubrovnik_Dubrovnik_Neretva_County_Dalmatia.html, /Attractions-g295371-Activities-Dubrovnik_Dubrovnik_Neretva_County_Dalmatia.html
Porporela, 5.0, Sights & Landmarks, /Attraction_Review-g295371-d17577988-Reviews-Porporela-Dubrovnik_Dubrovnik_Neretva_County_Dalmatia.html, /Attractions-g295371-Activities-Dubrovnik_Dubrovnik_Neretva_County_Dalmatia.html
Aquapark Cavtat, 3.5, Water & Amusement Parks, /Attraction_Review-g295371-d8441100-Reviews-Aquapark_Cavtat-Dubrovnik_Dubrovnik_Neretva_County_Dalmatia.html, /Attractions-g295371-Activities-Dubrovnik_Dubrovnik_Neretva_County_Dalmatia.html
Croatian Naive Art Gallery, 5.0, Museums, /Attraction_Review-g295371-d13855249-Reviews-Croatian_Naive_Art_Gallery-Dubrovnik_Dubrovnik_Neretva_County_Dalmatia.html, /Attractions-g295371-Activities-Dubrovnik_Dubrovnik_Neretva_County_Dalmatia.html
Convent of St. Claire, 3.5, Sights & Landmarks, /Attraction_Review-g295371-d11725733-Reviews-Convent_of_St_Claire-Dubrovnik_Dubrovnik_Neretva_County_Dalmatia.html, /Attractions-g295371-Activities-Dubrovnik_Dubrovnik_Neretva_County_Dalmatia.html
Artist on Ancient City Wall Walk, 5.0, Sights & Landmarks, /Attraction_Review-g295371-d12659892-Reviews-Artist_on_Ancient_City_Wall_Walk-Dubrovnik_Dubrovnik_Neretva_County_Dalmatia.html, /Attractions-g295371-Activities-Dubrovnik_Dubrovnik_Neretva_County_Dalmatia.html
Domino Church, 3.5, Sights & Landmarks, /Attraction_Review-g295371-d9743049-Reviews-Domino_Church-Dubrovnik_Dubrovnik_Neretva_County_Dalmatia.html, /Attractions-g295371-Activities-Dubrovnik_Dubrovnik_Neretva_County_Dalmatia.html
Art Gallery TALIR, 4.5, Museums, /Attraction_Review-g295371-d8093583-Reviews-Art_Gallery_TALIR-Dubrovnik_Dubrovnik_Neretva_County_Dalmatia.html, /Attractions-g295371-Activities-Dubrovnik_Dubrovnik_Neretva_County_Dalmatia.html
Dead Sea, 4.0, Nature & Parks, /Attraction_Review-g295371-d13002119-Reviews-Dead_Sea-Dubrovnik_Dubrovnik_Neretva_County_Dalmatia.html, /Attractions-g295371-Activities-Dubrovnik_Dubrovnik_Neretva_County_Dalmatia.html
Fortress Prevlaka, 3.5, Sights & Landmarks, /Attraction_Review-g295371-d7083129-Reviews-Fortress_Prevlaka-Dubrovnik_Dubrovnik_Neretva_County_Dalmatia.html, /Attractions-g295371-Activities-Dubrovnik_Dubrovnik_Neretva_County_Dalmatia.html
Crkva sv.Spasa, 4.0, Sights & Landmarks, /Attraction_Review-g295371-d12954690-Reviews-Crkva_sv_Spasa-Dubrovnik_Dubrovnik_Neretva_County_Dalmatia.html, /Attractions-g295371-Activities-Dubrovnik_Dubrovnik_Neretva_County_Dalmatia.html
Samostan Sv.klare, 3.5, Museums, /Attraction_Review-g295371-d12449274-Reviews-Samostan_Sv_klare-Dubrovnik_Dubrovnik_Neretva_County_Dalmatia.html, /Attractions-g295371-Activities-Dubrovnik_Dubrovnik_Neretva_County_Dalmatia.html
Archeological Museum, 3.5, Museums, /Attraction_Review-g295371-d2540164-Reviews-Archeological_Museum-Dubrovnik_Dubrovnik_Neretva_County_Dalmatia.html, /Attractions-g295371-Activities-Dubrovnik_Dubrovnik_Neretva_County_Dalmatia.html
Sunset Beach Dubrovnik - Beach & Cabanas, 2.0, Outdoor Activities, /Attraction_Review-g295371-d17568117-Reviews-Sunset_Beach_Dubrovnik_Beach_Cabanas-Dubrovnik_Dubrovnik_Neretva_County_Dalmatia.html, /Attractions-g295371-Activities-Dubrovnik_Dubrovnik_Neretva_County_Dalmatia.html
City Guard Building, 4.0, Sights & Landmarks, /Attraction_Review-g295371-d9736473-Reviews-City_Guard_Building-Dubrovnik_Dubrovnik_Neretva_County_Dalmatia.html, /Attractions-g295371-Activities-Dubrovnik_Dubrovnik_Neretva_County_Dalmatia.html
Franciscan library, 4.0, Sights & Landmarks, /Attraction_Review-g295371-d9740420-Reviews-Franciscan_library-Dubrovnik_Dubrovnik_Neretva_County_Dalmatia.html, /Attractions-g295371-Activities-Dubrovnik_Dubrovnik_Neretva_County_Dalmatia.html
Church of St Joseph, 4.0, Sights & Landmarks, /Attraction_Review-g295371-d9743058-Reviews-Church_of_St_Joseph-Dubrovnik_Dubrovnik_Neretva_County_Dalmatia.html, /Attractions-g295371-Activities-Dubrovnik_Dubrovnik_Neretva_County_Dalmatia.html
Pustjerna, 4.0, Sights & Landmarks, /Attraction_Review-g295371-d9736854-Reviews-Pustjerna-Dubrovnik_Dubrovnik_Neretva_County_Dalmatia.html, /Attractions-g295371-Activities-Dubrovnik_Dubrovnik_Neretva_County_Dalmatia.html
Island Palagruza, 5.0, Nature & Parks, /Attraction_Review-g295371-d552783-Reviews-Island_Palagruza-Dubrovnik_Dubrovnik_Neretva_County_Dalmatia.html, /Attractions-g295371-Activities-Dubrovnik_Dubrovnik_Neretva_County_Dalmatia.html
Church of Our Lady of Mt.Carmel, 3.5, Sights & Landmarks, /Attraction_Review-g295371-d9743071-Reviews-Church_of_Our_Lady_of_Mt_Carmel-Dubrovnik_Dubrovnik_Neretva_County_Dalmatia.html, /Attractions-g295371-Activities-Dubrovnik_Dubrovnik_Neretva_County_Dalmatia.html
Dulcic Masle Pulitika Gallery, 2.5, Museums, /Attraction_Review-g295371-d16634327-Reviews-Dulcic_Masle_Pulitika_Gallery-Dubrovnik_Dubrovnik_Neretva_County_Dalmatia.html, /Attractions-g295371-Activities-Dubrovnik_Dubrovnik_Neretva_County_Dalmatia.html
Collegium Ragusinum, 3.5, Sights & Landmarks, /Attraction_Review-g295371-d9736957-Reviews-Collegium_Ragusinum-Dubrovnik_Dubrovnik_Neretva_County_Dalmatia.html, /Attractions-g295371-Activities-Dubrovnik_Dubrovnik_Neretva_County_Dalmatia.html
Lokrum Botanical Garten, 4.5, Nature & Parks, /Attraction_Review-g295371-d12969000-Reviews-Lokrum_Botanical_Garten-Dubrovnik_Dubrovnik_Neretva_County_Dalmatia.html, /Attractions-g295371-Activities-Dubrovnik_Dubrovnik_Neretva_County_Dalmatia.html
Parish Church of St Peter, 5.0, Sights & Landmarks, /Attraction_Review-g295371-d9743508-Reviews-Parish_Church_of_St_Peter-Dubrovnik_Dubrovnik_Neretva_County_Dalmatia.html, /Attractions-g295371-Activities-Dubrovnik_Dubrovnik_Neretva_County_Dalmatia.html
Church of St Sebastian, 3.5, Sights & Landmarks, /Attraction_Review-g295371-d12991637-Reviews-Church_of_St_Sebastian-Dubrovnik_Dubrovnik_Neretva_County_Dalmatia.html, /Attractions-g295371-Activities-Dubrovnik_Dubrovnik_Neretva_County_Dalmatia.html
