attraction_name, attraction_rate, attraction_type, attraction_url, attraction_parent_url
Obrt Eva, 4.5, Tours, /Attraction_Review-g8480324-d21212631-Reviews-Obrt_Eva-Plitvicka_Jezera_Plitvice_Lakes_National_Park_Central_Croatia.html, /Attractions-g8480324-Activities-Plitvicka_Jezera_Plitvice_Lakes_National_Park_Central_Croatia.html
Schengen Transfer Plitvice Lakes, 5.0, Tours, /Attraction_Review-g8480324-d20049187-Reviews-Schengen_Transfer_Plitvice_Lakes-Plitvicka_Jezera_Plitvice_Lakes_National_Park_.html, /Attractions-g8480324-Activities-Plitvicka_Jezera_Plitvice_Lakes_National_Park_Central_Croatia.html
ORHIDEJA TRAVEL, 5.0, Boat Tours & Water Sports, /Attraction_Review-g8480324-d17803052-Reviews-ORHIDEJA_TRAVEL-Plitvicka_Jezera_Plitvice_Lakes_National_Park_Central_Croatia.html, /Attractions-g8480324-Activities-Plitvicka_Jezera_Plitvice_Lakes_National_Park_Central_Croatia.html
Natasha Vlajsavljevic, 4.5, Tours, /Attraction_Review-g8480324-d17848574-Reviews-Natasha_Vlajsavljevic-Plitvicka_Jezera_Plitvice_Lakes_National_Park_Central_Cro.html, /Attractions-g8480324-Activities-Plitvicka_Jezera_Plitvice_Lakes_National_Park_Central_Croatia.html
Balkan Travel, 4.5, Tours, /Attraction_Review-g8480324-d16779044-Reviews-Balkan_Travel-Plitvicka_Jezera_Plitvice_Lakes_National_Park_Central_Croatia.html, /Attractions-g8480324-Activities-Plitvicka_Jezera_Plitvice_Lakes_National_Park_Central_Croatia.html
Dražen Rastovac, None, Tours, /Attraction_Review-g8480324-d17636209-Reviews-Drazen_Rastovac-Plitvicka_Jezera_Plitvice_Lakes_National_Park_Central_Croatia.html, /Attractions-g8480324-Activities-Plitvicka_Jezera_Plitvice_Lakes_National_Park_Central_Croatia.html
Plitvice Lakes National Park tailor-made trips and tours, None, Tours, /Attraction_Review-g8480324-d20912836-Reviews-Plitvice_Lakes_National_Park_tailor_made_trips_and_tours-Plitvicka_Jezera_Plitv.html, /Attractions-g8480324-Activities-Plitvicka_Jezera_Plitvice_Lakes_National_Park_Central_Croatia.html
Croatian Catholic Church Marija Mother, None, Sights & Landmarks, /Attraction_Review-g8480324-d20907168-Reviews-Croatian_Catholic_Church_Marija_Mother-Plitvicka_Jezera_Plitvice_Lakes_National.html, /Attractions-g8480324-Activities-Plitvicka_Jezera_Plitvice_Lakes_National_Park_Central_Croatia.html
Jelena Panjkovic, None, Tours, /Attraction_Review-g8480324-d19961132-Reviews-Jelena_Panjkovic-Plitvicka_Jezera_Plitvice_Lakes_National_Park_Central_Croatia.html, /Attractions-g8480324-Activities-Plitvicka_Jezera_Plitvice_Lakes_National_Park_Central_Croatia.html
Atelier JanjaGora, None, Fun & Games, /Attraction_Review-g8480324-d19469344-Reviews-Atelier_JanjaGora-Plitvicka_Jezera_Plitvice_Lakes_National_Park_Central_Croatia.html, /Attractions-g8480324-Activities-Plitvicka_Jezera_Plitvice_Lakes_National_Park_Central_Croatia.html
Zeljava Air Base, None, Sights & Landmarks, /Attraction_Review-g8480324-d19834780-Reviews-Zeljava_Air_Base-Plitvicka_Jezera_Plitvice_Lakes_National_Park_Central_Croatia.html, /Attractions-g8480324-Activities-Plitvicka_Jezera_Plitvice_Lakes_National_Park_Central_Croatia.html
LINEAVERDE TRAVEL AGENCY, None, Tours, /Attraction_Review-g8480324-d17740610-Reviews-LINEAVERDE_TRAVEL_AGENCY-Plitvicka_Jezera_Plitvice_Lakes_National_Park_Central_.html, /Attractions-g8480324-Activities-Plitvicka_Jezera_Plitvice_Lakes_National_Park_Central_Croatia.html
