attraction_name, attraction_rate, attraction_type, attraction_url, attraction_parent_url
Old Castle (Stari Grad), 4.5, Museums, /Attraction_Review-g303839-d553967-Reviews-Old_Castle_Stari_Grad-Varazdin_Varazdin_County_Central_Croatia.html, /Attractions-g303839-Activities-Varazdin_Varazdin_County_Central_Croatia.html
Main Square, 4.5, Sights & Landmarks, /Attraction_Review-g303839-d554921-Reviews-Main_Square-Varazdin_Varazdin_County_Central_Croatia.html, /Attractions-g303839-Activities-Varazdin_Varazdin_County_Central_Croatia.html
Grgur Ninski Statue, 4.0, Sights & Landmarks, /Attraction_Review-g303839-d553970-Reviews-Grgur_Ninski_Statue-Varazdin_Varazdin_County_Central_Croatia.html, /Attractions-g303839-Activities-Varazdin_Varazdin_County_Central_Croatia.html
Varazdin Cemetery, 4.5, Sights & Landmarks, /Attraction_Review-g303839-d15701207-Reviews-Varazdin_Cemetery-Varazdin_Varazdin_County_Central_Croatia.html, /Attractions-g303839-Activities-Varazdin_Varazdin_County_Central_Croatia.html
Franciscan Church &amp; Monastery of St John the Baptist, 4.0, Sights & Landmarks, /Attraction_Review-g303839-d12714512-Reviews-Franciscan_Church_Monastery_of_St_John_the_Baptist-Varazdin_Varazdin_County_Cent.html, /Attractions-g303839-Activities-Varazdin_Varazdin_County_Central_Croatia.html
Town Hall Varazdin, 4.5, Sights & Landmarks, /Attraction_Review-g303839-d14270467-Reviews-Town_Hall_Varazdin-Varazdin_Varazdin_County_Central_Croatia.html, /Attractions-g303839-Activities-Varazdin_Varazdin_County_Central_Croatia.html
Muzej Andjela, 5.0, Museums, /Attraction_Review-g303839-d12664359-Reviews-Muzej_Andjela-Varazdin_Varazdin_County_Central_Croatia.html, /Attractions-g303839-Activities-Varazdin_Varazdin_County_Central_Croatia.html
Ursuline Church of the Birth of Christ, 4.0, Sights & Landmarks, /Attraction_Review-g303839-d554709-Reviews-Ursuline_Church_of_the_Birth_of_Christ-Varazdin_Varazdin_County_Central_Croatia.html, /Attractions-g303839-Activities-Varazdin_Varazdin_County_Central_Croatia.html
Church of St. Florian, 4.5, Sights & Landmarks, /Attraction_Review-g303839-d554920-Reviews-Church_of_St_Florian-Varazdin_Varazdin_County_Central_Croatia.html, /Attractions-g303839-Activities-Varazdin_Varazdin_County_Central_Croatia.html
The World of Insects, 5.0, Museums, /Attraction_Review-g303839-d12534946-Reviews-The_World_of_Insects-Varazdin_Varazdin_County_Central_Croatia.html, /Attractions-g303839-Activities-Varazdin_Varazdin_County_Central_Croatia.html
Varazdinska Katedrala Uznesenja Blazene Djevice Marije Na Nebo, 4.0, Sights & Landmarks, /Attraction_Review-g303839-d15849719-Reviews-Varazdinska_Katedrala_Uznesenja_Blazene_Djevice_Marije_Na_Nebo-Varazdin_Varazdin.html, /Attractions-g303839-Activities-Varazdin_Varazdin_County_Central_Croatia.html
Admiral Automat Klub, 2.0, Casinos & Gambling, /Attraction_Review-g303839-d12298279-Reviews-Admiral_Automat_Klub-Varazdin_Varazdin_County_Central_Croatia.html, /Attractions-g303839-Activities-Varazdin_Varazdin_County_Central_Croatia.html
St. Nicholas Church, 3.5, Sights & Landmarks, /Attraction_Review-g303839-d553969-Reviews-St_Nicholas_Church-Varazdin_Varazdin_County_Central_Croatia.html, /Attractions-g303839-Activities-Varazdin_Varazdin_County_Central_Croatia.html
Sermage Palace, 3.0, Museums, /Attraction_Review-g303839-d15701504-Reviews-Sermage_Palace-Varazdin_Varazdin_County_Central_Croatia.html, /Attractions-g303839-Activities-Varazdin_Varazdin_County_Central_Croatia.html
Church of St. George, 3.0, Sights & Landmarks, /Attraction_Review-g303839-d16207479-Reviews-Church_of_St_George-Varazdin_Varazdin_County_Central_Croatia.html, /Attractions-g303839-Activities-Varazdin_Varazdin_County_Central_Croatia.html
Admiral Automat Klub, None, Casinos & Gambling, /Attraction_Review-g303839-d12639962-Reviews-Admiral_Automat_Klub-Varazdin_Varazdin_County_Central_Croatia.html, /Attractions-g303839-Activities-Varazdin_Varazdin_County_Central_Croatia.html
Patacic-Puttar Palace Varazdin, None, Sights & Landmarks, /Attraction_Review-g303839-d14269932-Reviews-Patacic_Puttar_Palace_Varazdin-Varazdin_Varazdin_County_Central_Croatia.html, /Attractions-g303839-Activities-Varazdin_Varazdin_County_Central_Croatia.html
Arena Automat Klub, None, Casinos & Gambling, /Attraction_Review-g303839-d15137696-Reviews-Arena_Automat_Klub-Varazdin_Varazdin_County_Central_Croatia.html, /Attractions-g303839-Activities-Varazdin_Varazdin_County_Central_Croatia.html
Park of John Paul II, None, Nature & Parks, /Attraction_Review-g303839-d19100354-Reviews-Park_of_John_Paul_II-Varazdin_Varazdin_County_Central_Croatia.html, /Attractions-g303839-Activities-Varazdin_Varazdin_County_Central_Croatia.html
Church of the Holy Trinity, None, Sights & Landmarks, /Attraction_Review-g303839-d19095256-Reviews-Church_of_the_Holy_Trinity-Varazdin_Varazdin_County_Central_Croatia.html, /Attractions-g303839-Activities-Varazdin_Varazdin_County_Central_Croatia.html
Votive Chapel of St Roch, None, Sights & Landmarks, /Attraction_Review-g303839-d19095267-Reviews-Votive_Chapel_of_St_Roch-Varazdin_Varazdin_County_Central_Croatia.html, /Attractions-g303839-Activities-Varazdin_Varazdin_County_Central_Croatia.html
The Jesuit Monastery, None, Sights & Landmarks, /Attraction_Review-g303839-d19094990-Reviews-The_Jesuit_Monastery-Varazdin_Varazdin_County_Central_Croatia.html, /Attractions-g303839-Activities-Varazdin_Varazdin_County_Central_Croatia.html
Parish Church of St. Nicholas, None, Sights & Landmarks, /Attraction_Review-g303839-d19094991-Reviews-Parish_Church_of_St_Nicholas-Varazdin_Varazdin_County_Central_Croatia.html, /Attractions-g303839-Activities-Varazdin_Varazdin_County_Central_Croatia.html
Keglevic Palace, None, Sights & Landmarks, /Attraction_Review-g303839-d19103843-Reviews-Keglevic_Palace-Varazdin_Varazdin_County_Central_Croatia.html, /Attractions-g303839-Activities-Varazdin_Varazdin_County_Central_Croatia.html
Erdody Palace, None, Sights & Landmarks, /Attraction_Review-g303839-d19103846-Reviews-Erdody_Palace-Varazdin_Varazdin_County_Central_Croatia.html, /Attractions-g303839-Activities-Varazdin_Varazdin_County_Central_Croatia.html
Draskovic Palace, None, Sights & Landmarks, /Attraction_Review-g303839-d19103849-Reviews-Draskovic_Palace-Varazdin_Varazdin_County_Central_Croatia.html, /Attractions-g303839-Activities-Varazdin_Varazdin_County_Central_Croatia.html
The Parish of St. Fabian and Sebastian, None, Sights & Landmarks, /Attraction_Review-g303839-d19103570-Reviews-The_Parish_of_St_Fabian_and_Sebastian-Varazdin_Varazdin_County_Central_Croatia.html, /Attractions-g303839-Activities-Varazdin_Varazdin_County_Central_Croatia.html
Church of St. Florian, None, Sights & Landmarks, /Attraction_Review-g303839-d19095266-Reviews-Church_of_St_Florian-Varazdin_Varazdin_County_Central_Croatia.html, /Attractions-g303839-Activities-Varazdin_Varazdin_County_Central_Croatia.html
Church of St. Joseph, None, Sights & Landmarks, /Attraction_Review-g303839-d19100341-Reviews-Church_of_St_Joseph-Varazdin_Varazdin_County_Central_Croatia.html, /Attractions-g303839-Activities-Varazdin_Varazdin_County_Central_Croatia.html
Vatroslav Jagic Promenade, None, Nature & Parks, /Attraction_Review-g303839-d19100518-Reviews-Vatroslav_Jagic_Promenade-Varazdin_Varazdin_County_Central_Croatia.html, /Attractions-g303839-Activities-Varazdin_Varazdin_County_Central_Croatia.html
