attraction_name, attraction_rate, attraction_type, attraction_url, attraction_parent_url
Bilotinjak Beach, 4.5, Nature & Parks, /Attraction_Review-g1190304-d12876335-Reviews-Bilotinjak_Beach-Zaton_Dubrovnik_Neretva_County_Dalmatia.html, /Attractions-g1190304-Activities-Zaton_Dubrovnik_Neretva_County_Dalmatia.html
Du Boat Rent, 5.0, Boat Tours & Water Sports, /Attraction_Review-g1190304-d12727728-Reviews-Du_Boat_Rent-Zaton_Dubrovnik_Neretva_County_Dalmatia.html, /Attractions-g1190304-Activities-Zaton_Dubrovnik_Neretva_County_Dalmatia.html
BEACH BAR 'La Rocca', 5.0, Nightlife, /Attraction_Review-g1190304-d15090710-Reviews-BEACH_BAR_La_Rocca-Zaton_Dubrovnik_Neretva_County_Dalmatia.html, /Attractions-g1190304-Activities-Zaton_Dubrovnik_Neretva_County_Dalmatia.html
Dubrovnik Boat Excursions, 3.0, Boat Tours & Water Sports, /Attraction_Review-g1190304-d8649017-Reviews-Dubrovnik_Boat_Excursions-Zaton_Dubrovnik_Neretva_County_Dalmatia.html, /Attractions-g1190304-Activities-Zaton_Dubrovnik_Neretva_County_Dalmatia.html
Caffe Bar Popeye, 3.5, Nightlife, /Attraction_Review-g1190304-d15009415-Reviews-Caffe_Bar_Popeye-Zaton_Dubrovnik_Neretva_County_Dalmatia.html, /Attractions-g1190304-Activities-Zaton_Dubrovnik_Neretva_County_Dalmatia.html
