attraction_name, attraction_rate, attraction_type, attraction_url, attraction_parent_url
Čakovec Castle, 4.0, Sights & Landmarks, /Attraction_Review-g678214-d3609791-Reviews-Cakovec_Castle-Cakovec_Medimurje_County_Central_Croatia.html, /Attractions-g678214-Activities-Cakovec_Medimurje_County_Central_Croatia.html
Zgrada Doma sindikata - Trgovacki Casino, 4.5, Sights & Landmarks, /Attraction_Review-g678214-d8384560-Reviews-Zgrada_Doma_sindikata_Trgovacki_Casino-Cakovec_Medimurje_County_Central_Croatia.html, /Attractions-g678214-Activities-Cakovec_Medimurje_County_Central_Croatia.html
Spomenik Nikoli Zrinskom, 3.5, Sights & Landmarks, /Attraction_Review-g678214-d12700608-Reviews-Spomenik_Nikoli_Zrinskom-Cakovec_Medimurje_County_Central_Croatia.html, /Attractions-g678214-Activities-Cakovec_Medimurje_County_Central_Croatia.html
Muzej Medimurja Čakovec, 3.0, Museums, /Attraction_Review-g678214-d12700598-Reviews-Muzej_Medimurja_Cakovec-Cakovec_Medimurje_County_Central_Croatia.html, /Attractions-g678214-Activities-Cakovec_Medimurje_County_Central_Croatia.html
Turistička Zajednica Grada Čakovca, 1.0, Traveller Resources, /Attraction_Review-g678214-d12700609-Reviews-Turisticka_Zajednica_Grada_Cakovca-Cakovec_Medimurje_County_Central_Croatia.html, /Attractions-g678214-Activities-Cakovec_Medimurje_County_Central_Croatia.html
Admiral Automat Klub, None, Casinos & Gambling, /Attraction_Review-g678214-d12408178-Reviews-Admiral_Automat_Klub-Cakovec_Medimurje_County_Central_Croatia.html, /Attractions-g678214-Activities-Cakovec_Medimurje_County_Central_Croatia.html
Luckia Automat Klub, None, Casinos & Gambling, /Attraction_Review-g678214-d12623841-Reviews-Luckia_Automat_Klub-Cakovec_Medimurje_County_Central_Croatia.html, /Attractions-g678214-Activities-Cakovec_Medimurje_County_Central_Croatia.html
Centar za kulturu Čakovec, None, Traveller Resources, /Attraction_Review-g678214-d12700602-Reviews-Centar_za_kulturu_Cakovec-Cakovec_Medimurje_County_Central_Croatia.html, /Attractions-g678214-Activities-Cakovec_Medimurje_County_Central_Croatia.html
Župna crkva sv. Nikole Biskupa i franjevački samostan, None, Sights & Landmarks, /Attraction_Review-g678214-d12700600-Reviews-Zupna_crkva_sv_Nikole_Biskupa_i_franjevacki_samostan-Cakovec_Medimurje_County_Ce.html, /Attractions-g678214-Activities-Cakovec_Medimurje_County_Central_Croatia.html
Crkva Svetog Antuna Padovanskog, None, Sights & Landmarks, /Attraction_Review-g678214-d21207293-Reviews-Crkva_Svetog_Antuna_Padovanskog-Cakovec_Medimurje_County_Central_Croatia.html, /Attractions-g678214-Activities-Cakovec_Medimurje_County_Central_Croatia.html
