attraction_name, attraction_rate, attraction_type, attraction_url, attraction_parent_url
North Kiteboarding Club, 5.0, Boat Tours & Water Sports, /Attraction_Review-g2034454-d4458621-Reviews-North_Kiteboarding_Club-Kuciste_Peljesac_Peninsula_Dubrovnik_Neretva_County_Dalm.html, /Attractions-g2034454-Activities-Kuciste_Peljesac_Peninsula_Dubrovnik_Neretva_County_Dalmatia.html
Surf Center Perna, 4.5, Boat Tours & Water Sports, /Attraction_Review-g2034454-d12095066-Reviews-Surf_Center_Perna-Kuciste_Peljesac_Peninsula_Dubrovnik_Neretva_County_Dalmatia.html, /Attractions-g2034454-Activities-Kuciste_Peljesac_Peninsula_Dubrovnik_Neretva_County_Dalmatia.html
Orca Sailing, 5.0, Boat Tours & Water Sports, /Attraction_Review-g2034454-d8130494-Reviews-Orca_Sailing-Kuciste_Peljesac_Peninsula_Dubrovnik_Neretva_County_Dalmatia.html, /Attractions-g2034454-Activities-Kuciste_Peljesac_Peninsula_Dubrovnik_Neretva_County_Dalmatia.html
Crotap Windsurfing School, 5.0, Boat Tours & Water Sports, /Attraction_Review-g2034454-d7813924-Reviews-Crotap_Windsurfing_School-Kuciste_Peljesac_Peninsula_Dubrovnik_Neretva_County_Da.html, /Attractions-g2034454-Activities-Kuciste_Peljesac_Peninsula_Dubrovnik_Neretva_County_Dalmatia.html
