attraction_name, attraction_rate, attraction_type, attraction_url, attraction_parent_url
Tvrdalj Castle, 4.0, Sights & Landmarks, /Attraction_Review-g1077182-d2554494-Reviews-Tvrdalj_Castle-Stari_Grad_Hvar_Island_Split_Dalmatia_County_Dalmatia.html, /Attractions-g1077182-Activities-Stari_Grad_Hvar_Island_Split_Dalmatia_County_Dalmatia.html
Stari Grad Plain, 4.5, Sights & Landmarks, /Attraction_Review-g1077182-d6784320-Reviews-Stari_Grad_Plain-Stari_Grad_Hvar_Island_Split_Dalmatia_County_Dalmatia.html, /Attractions-g1077182-Activities-Stari_Grad_Hvar_Island_Split_Dalmatia_County_Dalmatia.html
The Church of St Stephen, 4.0, Sights & Landmarks, /Attraction_Review-g1077182-d9733567-Reviews-The_Church_of_St_Stephen-Stari_Grad_Hvar_Island_Split_Dalmatia_County_Dalmatia.html, /Attractions-g1077182-Activities-Stari_Grad_Hvar_Island_Split_Dalmatia_County_Dalmatia.html
Church of St John, 4.5, Sights & Landmarks, /Attraction_Review-g1077182-d10030064-Reviews-Church_of_St_John-Stari_Grad_Hvar_Island_Split_Dalmatia_County_Dalmatia.html, /Attractions-g1077182-Activities-Stari_Grad_Hvar_Island_Split_Dalmatia_County_Dalmatia.html
The Church of St Peter and the Dominican Monastery, 4.0, Sights & Landmarks, /Attraction_Review-g1077182-d9754171-Reviews-The_Church_of_St_Peter_and_the_Dominican_Monastery-Stari_Grad_Hvar_Island_Split_.html, /Attractions-g1077182-Activities-Stari_Grad_Hvar_Island_Split_Dalmatia_County_Dalmatia.html
Stari Grad Culture Centre, 4.5, Sights & Landmarks, /Attraction_Review-g1077182-d9754204-Reviews-Stari_Grad_Culture_Centre-Stari_Grad_Hvar_Island_Split_Dalmatia_County_Dalmatia.html, /Attractions-g1077182-Activities-Stari_Grad_Hvar_Island_Split_Dalmatia_County_Dalmatia.html
Stari Grad Museum, 4.0, Museums, /Attraction_Review-g1077182-d8426455-Reviews-Stari_Grad_Museum-Stari_Grad_Hvar_Island_Split_Dalmatia_County_Dalmatia.html, /Attractions-g1077182-Activities-Stari_Grad_Hvar_Island_Split_Dalmatia_County_Dalmatia.html
Church of St. Roch, 4.0, Sights & Landmarks, /Attraction_Review-g1077182-d10029909-Reviews-Church_of_St_Roch-Stari_Grad_Hvar_Island_Split_Dalmatia_County_Dalmatia.html, /Attractions-g1077182-Activities-Stari_Grad_Hvar_Island_Split_Dalmatia_County_Dalmatia.html
Maslinica bay, 4.0, Nature & Parks, /Attraction_Review-g1077182-d17610625-Reviews-Maslinica_bay-Stari_Grad_Hvar_Island_Split_Dalmatia_County_Dalmatia.html, /Attractions-g1077182-Activities-Stari_Grad_Hvar_Island_Split_Dalmatia_County_Dalmatia.html
Purkin Kuk, 4.0, Sights & Landmarks, /Attraction_Review-g1077182-d3206482-Reviews-Purkin_Kuk-Stari_Grad_Hvar_Island_Split_Dalmatia_County_Dalmatia.html, /Attractions-g1077182-Activities-Stari_Grad_Hvar_Island_Split_Dalmatia_County_Dalmatia.html
Skor Square, 4.0, Sights & Landmarks, /Attraction_Review-g1077182-d17610902-Reviews-Skor_Square-Stari_Grad_Hvar_Island_Split_Dalmatia_County_Dalmatia.html, /Attractions-g1077182-Activities-Stari_Grad_Hvar_Island_Split_Dalmatia_County_Dalmatia.html
Open Art Marin + Marinka, 5.0, Sights & Landmarks, /Attraction_Review-g1077182-d6781697-Reviews-Open_Art_Marin_Marinka-Stari_Grad_Hvar_Island_Split_Dalmatia_County_Dalmatia.html, /Attractions-g1077182-Activities-Stari_Grad_Hvar_Island_Split_Dalmatia_County_Dalmatia.html
Perivoj Roberta Visanija, 4.0, Nature & Parks, /Attraction_Review-g1077182-d17412179-Reviews-Perivoj_Roberta_Visanija-Stari_Grad_Hvar_Island_Split_Dalmatia_County_Dalmatia.html, /Attractions-g1077182-Activities-Stari_Grad_Hvar_Island_Split_Dalmatia_County_Dalmatia.html
Church of the St Jerome, 3.0, Sights & Landmarks, /Attraction_Review-g1077182-d10030026-Reviews-Church_of_the_St_Jerome-Stari_Grad_Hvar_Island_Split_Dalmatia_County_Dalmatia.html, /Attractions-g1077182-Activities-Stari_Grad_Hvar_Island_Split_Dalmatia_County_Dalmatia.html
Hvar Life, 5.0, Food & Drink, /Attraction_Review-g1077182-d10387635-Reviews-Hvar_Life-Stari_Grad_Hvar_Island_Split_Dalmatia_County_Dalmatia.html, /Attractions-g1077182-Activities-Stari_Grad_Hvar_Island_Split_Dalmatia_County_Dalmatia.html
Glavica Hill, 4.5, Outdoor Activities, /Attraction_Review-g1077182-d7022949-Reviews-Glavica_Hill-Stari_Grad_Hvar_Island_Split_Dalmatia_County_Dalmatia.html, /Attractions-g1077182-Activities-Stari_Grad_Hvar_Island_Split_Dalmatia_County_Dalmatia.html
Lampedusa bar, 4.0, Nightlife, /Attraction_Review-g1077182-d7984540-Reviews-Lampedusa_bar-Stari_Grad_Hvar_Island_Split_Dalmatia_County_Dalmatia.html, /Attractions-g1077182-Activities-Stari_Grad_Hvar_Island_Split_Dalmatia_County_Dalmatia.html
Pascal Adventure, 5.0, Boat Tours & Water Sports, /Attraction_Review-g1077182-d15325214-Reviews-Pascal_Adventure-Stari_Grad_Hvar_Island_Split_Dalmatia_County_Dalmatia.html, /Attractions-g1077182-Activities-Stari_Grad_Hvar_Island_Split_Dalmatia_County_Dalmatia.html
Ivan Travel, 5.0, Transportation, /Attraction_Review-g1077182-d14076458-Reviews-Ivan_Travel-Stari_Grad_Hvar_Island_Split_Dalmatia_County_Dalmatia.html, /Attractions-g1077182-Activities-Stari_Grad_Hvar_Island_Split_Dalmatia_County_Dalmatia.html
Žukova beach, 5.0, Nature & Parks, /Attraction_Review-g1077182-d21166729-Reviews-Zukova_beach-Stari_Grad_Hvar_Island_Split_Dalmatia_County_Dalmatia.html, /Attractions-g1077182-Activities-Stari_Grad_Hvar_Island_Split_Dalmatia_County_Dalmatia.html
Secret Hvar, 5.0, Tours, /Attraction_Review-g1077182-d17578217-Reviews-Secret_Hvar-Stari_Grad_Hvar_Island_Split_Dalmatia_County_Dalmatia.html, /Attractions-g1077182-Activities-Stari_Grad_Hvar_Island_Split_Dalmatia_County_Dalmatia.html
Basetina, 3.0, Boat Tours & Water Sports, /Attraction_Review-g1077182-d14984652-Reviews-Basetina-Stari_Grad_Hvar_Island_Split_Dalmatia_County_Dalmatia.html, /Attractions-g1077182-Activities-Stari_Grad_Hvar_Island_Split_Dalmatia_County_Dalmatia.html
Kabal Peninsula, None, Nature & Parks, /Attraction_Review-g1077182-d17610953-Reviews-Kabal_Peninsula-Stari_Grad_Hvar_Island_Split_Dalmatia_County_Dalmatia.html, /Attractions-g1077182-Activities-Stari_Grad_Hvar_Island_Split_Dalmatia_County_Dalmatia.html
Banj Beach, None, Nature & Parks, /Attraction_Review-g1077182-d17610607-Reviews-Banj_Beach-Stari_Grad_Hvar_Island_Split_Dalmatia_County_Dalmatia.html, /Attractions-g1077182-Activities-Stari_Grad_Hvar_Island_Split_Dalmatia_County_Dalmatia.html
Zavala bay, None, Nature & Parks, /Attraction_Review-g1077182-d17610812-Reviews-Zavala_bay-Stari_Grad_Hvar_Island_Split_Dalmatia_County_Dalmatia.html, /Attractions-g1077182-Activities-Stari_Grad_Hvar_Island_Split_Dalmatia_County_Dalmatia.html
St. Nicholas' Church, None, Sights & Landmarks, /Attraction_Review-g1077182-d17610051-Reviews-St_Nicholas_Church-Stari_Grad_Hvar_Island_Split_Dalmatia_County_Dalmatia.html, /Attractions-g1077182-Activities-Stari_Grad_Hvar_Island_Split_Dalmatia_County_Dalmatia.html
St. Lucy's Church, None, Sights & Landmarks, /Attraction_Review-g1077182-d17610011-Reviews-St_Lucy_s_Church-Stari_Grad_Hvar_Island_Split_Dalmatia_County_Dalmatia.html, /Attractions-g1077182-Activities-Stari_Grad_Hvar_Island_Split_Dalmatia_County_Dalmatia.html
Hvar - Kabal - Central Dalmatia Croatia - Bike Tracks, None, Nature & Parks, /Attraction_Review-g1077182-d20931522-Reviews-Hvar_Kabal_Central_Dalmatia_Croatia_Bike_Tracks-Stari_Grad_Hvar_Island_Split_Da.html, /Attractions-g1077182-Activities-Stari_Grad_Hvar_Island_Split_Dalmatia_County_Dalmatia.html
Hvar - Purkin - Central Dalmatia Croatia - Bike Tracks, None, Nature & Parks, /Attraction_Review-g1077182-d20931521-Reviews-Hvar_Purkin_Central_Dalmatia_Croatia_Bike_Tracks-Stari_Grad_Hvar_Island_Split_D.html, /Attractions-g1077182-Activities-Stari_Grad_Hvar_Island_Split_Dalmatia_County_Dalmatia.html
Starigrad - Central Dalmatia Croatia - Theme Trails, None, Sights & Landmarks, /Attraction_Review-g1077182-d20945058-Reviews-Starigrad_Central_Dalmatia_Croatia_Theme_Trails-Stari_Grad_Hvar_Island_Split_Da.html, /Attractions-g1077182-Activities-Stari_Grad_Hvar_Island_Split_Dalmatia_County_Dalmatia.html
