attraction_name, attraction_rate, attraction_type, attraction_url, attraction_parent_url
Bay of Bakar, 4.5, Nature & Parks, /Attraction_Review-g1175202-d12895042-Reviews-Bay_of_Bakar-Bakar_Primorje_Gorski_Kotar_County.html, /Attractions-g1175202-Activities-Bakar_Primorje_Gorski_Kotar_County.html
The Turkish house, 5.0, Sights & Landmarks, /Attraction_Review-g1175202-d15560341-Reviews-The_Turkish_house-Bakar_Primorje_Gorski_Kotar_County.html, /Attractions-g1175202-Activities-Bakar_Primorje_Gorski_Kotar_County.html
Bakar's Drystone walls, 5.0, Sights & Landmarks, /Attraction_Review-g1175202-d15561689-Reviews-Bakar_s_Drystone_walls-Bakar_Primorje_Gorski_Kotar_County.html, /Attractions-g1175202-Activities-Bakar_Primorje_Gorski_Kotar_County.html
Church of St. Andrija the Apostle, 5.0, Sights & Landmarks, /Attraction_Review-g1175202-d15561175-Reviews-Church_of_St_Andrija_the_Apostle-Bakar_Primorje_Gorski_Kotar_County.html, /Attractions-g1175202-Activities-Bakar_Primorje_Gorski_Kotar_County.html
