attraction_name, attraction_rate, attraction_type, attraction_url, attraction_parent_url
Cathedral of Our Lady of the Assumption, 4.0, Sights & Landmarks, /Attraction_Review-g1067956-d7001915-Reviews-Cathedral_of_Our_Lady_of_the_Assumption-Krk_Krk_Island_Kvarner_Bay_Islands_Primo.html, /Attractions-g1067956-Activities-Krk_Krk_Island_Kvarner_Bay_Islands_Primorje_Gorski_Kotar_County.html
Krk City walls, 5.0, Sights & Landmarks, /Attraction_Review-g1067956-d17209723-Reviews-Krk_City_walls-Krk_Krk_Island_Kvarner_Bay_Islands_Primorje_Gorski_Kotar_County.html, /Attractions-g1067956-Activities-Krk_Krk_Island_Kvarner_Bay_Islands_Primorje_Gorski_Kotar_County.html
Semisubmarine Krk, 3.0, Boat Tours & Water Sports, /Attraction_Review-g1067956-d10676934-Reviews-Semisubmarine_Krk-Krk_Krk_Island_Kvarner_Bay_Islands_Primorje_Gorski_Kotar_Coun.html, /Attractions-g1067956-Activities-Krk_Krk_Island_Kvarner_Bay_Islands_Primorje_Gorski_Kotar_County.html
Our Lady of Health, 4.5, Sights & Landmarks, /Attraction_Review-g1067956-d12726336-Reviews-Our_Lady_of_Health-Krk_Krk_Island_Kvarner_Bay_Islands_Primorje_Gorski_Kotar_Cou.html, /Attractions-g1067956-Activities-Krk_Krk_Island_Kvarner_Bay_Islands_Primorje_Gorski_Kotar_County.html
Sv. Marak, 3.0, Nature & Parks, /Attraction_Review-g1067956-d12633049-Reviews-Sv_Marak-Krk_Krk_Island_Kvarner_Bay_Islands_Primorje_Gorski_Kotar_County.html, /Attractions-g1067956-Activities-Krk_Krk_Island_Kvarner_Bay_Islands_Primorje_Gorski_Kotar_County.html
Otok Plavnik, 5.0, Nature & Parks, /Attraction_Review-g1067956-d17666032-Reviews-Otok_Plavnik-Krk_Krk_Island_Kvarner_Bay_Islands_Primorje_Gorski_Kotar_County.html, /Attractions-g1067956-Activities-Krk_Krk_Island_Kvarner_Bay_Islands_Primorje_Gorski_Kotar_County.html
Krk Island Maritime Heritage Interpretation Centre, 5.0, Museums, /Attraction_Review-g1067956-d19236118-Reviews-Krk_Island_Maritime_Heritage_Interpretation_Centre-Krk_Krk_Island_Kvarner_Bay_I.html, /Attractions-g1067956-Activities-Krk_Krk_Island_Kvarner_Bay_Islands_Primorje_Gorski_Kotar_County.html
Aquarium Terrarium, 2.5, Zoos & Aquariums, /Attraction_Review-g1067956-d11666282-Reviews-Aquarium_Terrarium-Krk_Krk_Island_Kvarner_Bay_Islands_Primorje_Gorski_Kotar_Cou.html, /Attractions-g1067956-Activities-Krk_Krk_Island_Kvarner_Bay_Islands_Primorje_Gorski_Kotar_County.html
The Temple of Venus, 3.0, Sights & Landmarks, /Attraction_Review-g1067956-d17332622-Reviews-The_Temple_of_Venus-Krk_Krk_Island_Kvarner_Bay_Islands_Primorje_Gorski_Kotar_Co.html, /Attractions-g1067956-Activities-Krk_Krk_Island_Kvarner_Bay_Islands_Primorje_Gorski_Kotar_County.html
The Church of St Quirinus - Sacral collection, 4.0, Sights & Landmarks, /Attraction_Review-g1067956-d14306815-Reviews-The_Church_of_St_Quirinus_Sacral_collection-Krk_Krk_Island_Kvarner_Bay_Islands_.html, /Attractions-g1067956-Activities-Krk_Krk_Island_Kvarner_Bay_Islands_Primorje_Gorski_Kotar_County.html
Volsonis, 4.5, Nightlife, /Attraction_Review-g1067956-d4296793-Reviews-Volsonis-Krk_Krk_Island_Kvarner_Bay_Islands_Primorje_Gorski_Kotar_County.html, /Attractions-g1067956-Activities-Krk_Krk_Island_Kvarner_Bay_Islands_Primorje_Gorski_Kotar_County.html
Northern kayak adventures Croatia, 5.0, Boat Tours & Water Sports, /Attraction_Review-g1067956-d12527838-Reviews-Northern_kayak_adventures_Croatia-Krk_Krk_Island_Kvarner_Bay_Islands_Primorje_G.html, /Attractions-g1067956-Activities-Krk_Krk_Island_Kvarner_Bay_Islands_Primorje_Gorski_Kotar_County.html
Rent a Boat Krk - Bura, 5.0, Boat Tours & Water Sports, /Attraction_Review-g1067956-d6495659-Reviews-Rent_a_Boat_Krk_Bura-Krk_Krk_Island_Kvarner_Bay_Islands_Primorje_Gorski_Kotar_Co.html, /Attractions-g1067956-Activities-Krk_Krk_Island_Kvarner_Bay_Islands_Primorje_Gorski_Kotar_County.html
Mb Tajana Krk, 4.5, Boat Tours & Water Sports, /Attraction_Review-g1067956-d12899065-Reviews-Mb_Tajana_Krk-Krk_Krk_Island_Kvarner_Bay_Islands_Primorje_Gorski_Kotar_County.html, /Attractions-g1067956-Activities-Krk_Krk_Island_Kvarner_Bay_Islands_Primorje_Gorski_Kotar_County.html
Kapetan Nemo &amp; Mali Pin, 5.0, Boat Tours & Water Sports, /Attraction_Review-g1067956-d15064737-Reviews-Kapetan_Nemo_Mali_Pin-Krk_Krk_Island_Kvarner_Bay_Islands_Primorje_Gorski_Kotar_.html, /Attractions-g1067956-Activities-Krk_Krk_Island_Kvarner_Bay_Islands_Primorje_Gorski_Kotar_County.html
Zip Line Krk, 4.5, Tours, /Attraction_Review-g1067956-d11714672-Reviews-Zip_Line_Krk-Krk_Krk_Island_Kvarner_Bay_Islands_Primorje_Gorski_Kotar_County.html, /Attractions-g1067956-Activities-Krk_Krk_Island_Kvarner_Bay_Islands_Primorje_Gorski_Kotar_County.html
Rent a Boat IMNAUTIKA, 5.0, Boat Tours & Water Sports, /Attraction_Review-g1067956-d15594838-Reviews-Rent_a_Boat_IMNAUTIKA-Krk_Krk_Island_Kvarner_Bay_Islands_Primorje_Gorski_Kotar_.html, /Attractions-g1067956-Activities-Krk_Krk_Island_Kvarner_Bay_Islands_Primorje_Gorski_Kotar_County.html
TOUReBIKE, 5.0, Tours, /Attraction_Review-g1067956-d17385149-Reviews-TOUReBIKE-Krk_Krk_Island_Kvarner_Bay_Islands_Primorje_Gorski_Kotar_County.html, /Attractions-g1067956-Activities-Krk_Krk_Island_Kvarner_Bay_Islands_Primorje_Gorski_Kotar_County.html
Fish Pedicure Krk, 4.0, Spas & Wellness, /Attraction_Review-g1067956-d12616777-Reviews-Fish_Pedicure_Krk-Krk_Krk_Island_Kvarner_Bay_Islands_Primorje_Gorski_Kotar_Coun.html, /Attractions-g1067956-Activities-Krk_Krk_Island_Kvarner_Bay_Islands_Primorje_Gorski_Kotar_County.html
Excursions by Boat Doria, 5.0, Boat Tours & Water Sports, /Attraction_Review-g1067956-d17762714-Reviews-Excursions_by_Boat_Doria-Krk_Krk_Island_Kvarner_Bay_Islands_Primorje_Gorski_Kot.html, /Attractions-g1067956-Activities-Krk_Krk_Island_Kvarner_Bay_Islands_Primorje_Gorski_Kotar_County.html
Krk City Tour, 4.5, Tours, /Attraction_Review-g1067956-d10492478-Reviews-Krk_City_Tour-Krk_Krk_Island_Kvarner_Bay_Islands_Primorje_Gorski_Kotar_County.html, /Attractions-g1067956-Activities-Krk_Krk_Island_Kvarner_Bay_Islands_Primorje_Gorski_Kotar_County.html
Cycling Union Krk, 4.5, Outdoor Activities, /Attraction_Review-g1067956-d6888646-Reviews-Cycling_Union_Krk-Krk_Krk_Island_Kvarner_Bay_Islands_Primorje_Gorski_Kotar_Count.html, /Attractions-g1067956-Activities-Krk_Krk_Island_Kvarner_Bay_Islands_Primorje_Gorski_Kotar_County.html
Kamplin Square, 4.0, Sights & Landmarks, /Attraction_Review-g1067956-d16800994-Reviews-Kamplin_Square-Krk_Krk_Island_Kvarner_Bay_Islands_Primorje_Gorski_Kotar_County.html, /Attractions-g1067956-Activities-Krk_Krk_Island_Kvarner_Bay_Islands_Primorje_Gorski_Kotar_County.html
Rent a Scooter &amp; Quad, 5.0, Outdoor Activities, /Attraction_Review-g1067956-d17556162-Reviews-Rent_a_Scooter_Quad-Krk_Krk_Island_Kvarner_Bay_Islands_Primorje_Gorski_Kotar_Co.html, /Attractions-g1067956-Activities-Krk_Krk_Island_Kvarner_Bay_Islands_Primorje_Gorski_Kotar_County.html
Krk City Tour, 5.0, Outdoor Activities, /Attraction_Review-g1067956-d10517412-Reviews-Krk_City_Tour-Krk_Krk_Island_Kvarner_Bay_Islands_Primorje_Gorski_Kotar_County.html, /Attractions-g1067956-Activities-Krk_Krk_Island_Kvarner_Bay_Islands_Primorje_Gorski_Kotar_County.html
Caffe Bar BogArt, 4.0, Nightlife, /Attraction_Review-g1067956-d18936132-Reviews-Caffe_Bar_BogArt-Krk_Krk_Island_Kvarner_Bay_Islands_Primorje_Gorski_Kotar_Count.html, /Attractions-g1067956-Activities-Krk_Krk_Island_Kvarner_Bay_Islands_Primorje_Gorski_Kotar_County.html
Caffe Bar Tajana, 3.5, Nightlife, /Attraction_Review-g1067956-d7785544-Reviews-Caffe_Bar_Tajana-Krk_Krk_Island_Kvarner_Bay_Islands_Primorje_Gorski_Kotar_County.html, /Attractions-g1067956-Activities-Krk_Krk_Island_Kvarner_Bay_Islands_Primorje_Gorski_Kotar_County.html
MCP, None, Boat Tours & Water Sports, /Attraction_Review-g1067956-d10633989-Reviews-MCP-Krk_Krk_Island_Kvarner_Bay_Islands_Primorje_Gorski_Kotar_County.html, /Attractions-g1067956-Activities-Krk_Krk_Island_Kvarner_Bay_Islands_Primorje_Gorski_Kotar_County.html
Activity Center Krk, None, Spas & Wellness, /Attraction_Review-g1067956-d18313089-Reviews-Activity_Center_Krk-Krk_Krk_Island_Kvarner_Bay_Islands_Primorje_Gorski_Kotar_Co.html, /Attractions-g1067956-Activities-Krk_Krk_Island_Kvarner_Bay_Islands_Primorje_Gorski_Kotar_County.html
Activity Center Krk, None, Nature & Parks, /Attraction_Review-g1067956-d18716561-Reviews-Activity_Center_Krk-Krk_Krk_Island_Kvarner_Bay_Islands_Primorje_Gorski_Kotar_Co.html, /Attractions-g1067956-Activities-Krk_Krk_Island_Kvarner_Bay_Islands_Primorje_Gorski_Kotar_County.html
