attraction_name, attraction_rate, attraction_type, attraction_url, attraction_parent_url
Passage of Croatian poets, None, Sights & Landmarks, /Attraction_Review-g303834-d17501512-Reviews-Passage_of_Croatian_poets-Samobor_Zagreb_County_Central_Croatia.html, /Attractions-g303834-Activities-Samobor_Zagreb_County_Central_Croatia.html
Well on the Main Square, None, Sights & Landmarks, /Attraction_Review-g303834-d17492735-Reviews-Well_on_the_Main_Square-Samobor_Zagreb_County_Central_Croatia.html, /Attractions-g303834-Activities-Samobor_Zagreb_County_Central_Croatia.html
Monument of Ferdo Livadić, None, Sights & Landmarks, /Attraction_Review-g303834-d17492739-Reviews-Monument_of_Ferdo_Livadic-Samobor_Zagreb_County_Central_Croatia.html, /Attractions-g303834-Activities-Samobor_Zagreb_County_Central_Croatia.html
Pyramid at Anindol, None, Sights & Landmarks, /Attraction_Review-g303834-d17492836-Reviews-Pyramid_at_Anindol-Samobor_Zagreb_County_Central_Croatia.html, /Attractions-g303834-Activities-Samobor_Zagreb_County_Central_Croatia.html
Grave of Julijana Cantilly, None, Sights & Landmarks, /Attraction_Review-g303834-d17491080-Reviews-Grave_of_Julijana_Cantilly-Samobor_Zagreb_County_Central_Croatia.html, /Attractions-g303834-Activities-Samobor_Zagreb_County_Central_Croatia.html
Villa Wagner, None, Sights & Landmarks, /Attraction_Review-g303834-d17491162-Reviews-Villa_Wagner-Samobor_Zagreb_County_Central_Croatia.html, /Attractions-g303834-Activities-Samobor_Zagreb_County_Central_Croatia.html
Chapel of St. Ana, None, Sights & Landmarks, /Attraction_Review-g303834-d17491936-Reviews-Chapel_of_St_Ana-Samobor_Zagreb_County_Central_Croatia.html, /Attractions-g303834-Activities-Samobor_Zagreb_County_Central_Croatia.html
Church of St. Michael, None, Sights & Landmarks, /Attraction_Review-g303834-d17491209-Reviews-Church_of_St_Michael-Samobor_Zagreb_County_Central_Croatia.html, /Attractions-g303834-Activities-Samobor_Zagreb_County_Central_Croatia.html
Wine cellar Zupancic, None, Food & Drink, /Attraction_Review-g303834-d17506680-Reviews-Wine_cellar_Zupancic-Samobor_Zagreb_County_Central_Croatia.html, /Attractions-g303834-Activities-Samobor_Zagreb_County_Central_Croatia.html
Family farm Jaic Krasnik, None, Food & Drink, /Attraction_Review-g303834-d17511645-Reviews-Family_farm_Jaic_Krasnik-Samobor_Zagreb_County_Central_Croatia.html, /Attractions-g303834-Activities-Samobor_Zagreb_County_Central_Croatia.html
Samobor Calvary, None, Sights & Landmarks, /Attraction_Review-g303834-d17501547-Reviews-Samobor_Calvary-Samobor_Zagreb_County_Central_Croatia.html, /Attractions-g303834-Activities-Samobor_Zagreb_County_Central_Croatia.html
