attraction_name, attraction_rate, attraction_type, attraction_url, attraction_parent_url
Wine Tasting Brac &amp; Olive Oil Brac, 4.5, Food & Drink, /Attraction_Review-g2034464-d8774146-Reviews-Wine_Tasting_Brac_Olive_Oil_Brac-Nerezisca_Brac_Island_Split_Dalmatia_County_Dal.html, /Attractions-g2034464-Activities-Nerezisca_Brac_Island_Split_Dalmatia_County_Dalmatia.html
Senjkovic Winery, 5.0, Food & Drink, /Attraction_Review-g2034464-d4480407-Reviews-Senjkovic_Winery-Nerezisca_Brac_Island_Split_Dalmatia_County_Dalmatia.html, /Attractions-g2034464-Activities-Nerezisca_Brac_Island_Split_Dalmatia_County_Dalmatia.html
Uvala Smrka, 4.0, Sights & Landmarks, /Attraction_Review-g2034464-d15264379-Reviews-Uvala_Smrka-Nerezisca_Brac_Island_Split_Dalmatia_County_Dalmatia.html, /Attractions-g2034464-Activities-Nerezisca_Brac_Island_Split_Dalmatia_County_Dalmatia.html
Brač - Nerežišća - Central Dalmatia Croatia - Theme Trails, 5.0, Sights & Landmarks, /Attraction_Review-g2034464-d20948109-Reviews-Brac_Nerezisca_Central_Dalmatia_Croatia_Theme_Trails-Nerezisca_Brac_Island_Spli.html, /Attractions-g2034464-Activities-Nerezisca_Brac_Island_Split_Dalmatia_County_Dalmatia.html
Church of St. Peter, None, Sights & Landmarks, /Attraction_Review-g2034464-d17611443-Reviews-Church_of_St_Peter-Nerezisca_Brac_Island_Split_Dalmatia_County_Dalmatia.html, /Attractions-g2034464-Activities-Nerezisca_Brac_Island_Split_Dalmatia_County_Dalmatia.html
