attraction_name, attraction_rate, attraction_type, attraction_url, attraction_parent_url
Aquapark Istralandia, 4.5, Water & Amusement Parks, /Attraction_Review-g608708-d5973653-Reviews-Aquapark_Istralandia-Novigrad_Istria.html, /Attractions-g608708-Activities-Novigrad_Istria.html
City Walls, 4.5, Sights & Landmarks, /Attraction_Review-g608708-d12951191-Reviews-City_Walls-Novigrad_Istria.html, /Attractions-g608708-Activities-Novigrad_Istria.html
Pinesta Beach, 4.5, Nature & Parks, /Attraction_Review-g608708-d4552666-Reviews-Pinesta_Beach-Novigrad_Istria.html, /Attractions-g608708-Activities-Novigrad_Istria.html
Moreno Ivancic Winery, 4.5, Food & Drink, /Attraction_Review-g608708-d10819492-Reviews-Moreno_Ivancic_Winery-Novigrad_Istria.html, /Attractions-g608708-Activities-Novigrad_Istria.html
Church of St. Pelage and St. Benedetto, 4.0, Sights & Landmarks, /Attraction_Review-g608708-d5445090-Reviews-Church_of_St_Pelage_and_St_Benedetto-Novigrad_Istria.html, /Attractions-g608708-Activities-Novigrad_Istria.html
K.u.K. Marinemuseum, 4.5, Museums, /Attraction_Review-g608708-d2289840-Reviews-K_u_K_Marinemuseum-Novigrad_Istria.html, /Attractions-g608708-Activities-Novigrad_Istria.html
Muzej Lapidarium, 4.5, Museums, /Attraction_Review-g608708-d4885826-Reviews-Muzej_Lapidarium-Novigrad_Istria.html, /Attractions-g608708-Activities-Novigrad_Istria.html
Iglesia de Da Virgen Del Carmen, 4.0, Sights & Landmarks, /Attraction_Review-g608708-d5445101-Reviews-Iglesia_de_Da_Virgen_Del_Carmen-Novigrad_Istria.html, /Attractions-g608708-Activities-Novigrad_Istria.html
Stancija Fava, 3.5, Food & Drink, /Attraction_Review-g608708-d12902997-Reviews-Stancija_Fava-Novigrad_Istria.html, /Attractions-g608708-Activities-Novigrad_Istria.html
Chiesa Di San Pelagio E San Massimo, 4.0, Sights & Landmarks, /Attraction_Review-g608708-d18543281-Reviews-Chiesa_Di_San_Pelagio_E_San_Massimo-Novigrad_Istria.html, /Attractions-g608708-Activities-Novigrad_Istria.html
Delicia Keksi - Local Delicacies, 5.0, Shopping, /Attraction_Review-g608708-d21105336-Reviews-Delicia_Keksi_Local_Delicacies-Novigrad_Istria.html, /Attractions-g608708-Activities-Novigrad_Istria.html
Amore Bar Novigrad, 4.0, Nightlife, /Attraction_Review-g608708-d15279416-Reviews-Amore_Bar_Novigrad-Novigrad_Istria.html, /Attractions-g608708-Activities-Novigrad_Istria.html
Bar Rotonda, 4.0, Nightlife, /Attraction_Review-g608708-d5571405-Reviews-Bar_Rotonda-Novigrad_Istria.html, /Attractions-g608708-Activities-Novigrad_Istria.html
Winery Pervino, 5.0, Food & Drink, /Attraction_Review-g608708-d13465562-Reviews-Winery_Pervino-Novigrad_Istria.html, /Attractions-g608708-Activities-Novigrad_Istria.html
Booze and Blues Club, 4.0, Nightlife, /Attraction_Review-g608708-d10371955-Reviews-Booze_and_Blues_Club-Novigrad_Istria.html, /Attractions-g608708-Activities-Novigrad_Istria.html
Olmuhle Al Torcio, 3.5, Shopping, /Attraction_Review-g608708-d4830727-Reviews-Olmuhle_Al_Torcio-Novigrad_Istria.html, /Attractions-g608708-Activities-Novigrad_Istria.html
Piko Shop - fishing &amp; camping, 4.5, Shopping, /Attraction_Review-g608708-d10538246-Reviews-Piko_Shop_fishing_camping-Novigrad_Istria.html, /Attractions-g608708-Activities-Novigrad_Istria.html
Belistra Water Sports, 4.5, Outdoor Activities, /Attraction_Review-g608708-d6015326-Reviews-Belistra_Water_Sports-Novigrad_Istria.html, /Attractions-g608708-Activities-Novigrad_Istria.html
Croatia Sailing Center, 5.0, Boat Tours & Water Sports, /Attraction_Review-g608708-d12446005-Reviews-Croatia_Sailing_Center-Novigrad_Istria.html, /Attractions-g608708-Activities-Novigrad_Istria.html
Church of Assumption of Blessed Virgin Mary, None, Sights & Landmarks, /Attraction_Review-g608708-d14096772-Reviews-Church_of_Assumption_of_Blessed_Virgin_Mary-Novigrad_Istria.html, /Attractions-g608708-Activities-Novigrad_Istria.html
