attraction_name, attraction_rate, attraction_type, attraction_url, attraction_parent_url
The Brod Fortress, 4.5, Sights & Landmarks, /Attraction_Review-g303835-d4415307-Reviews-The_Brod_Fortress-Slavonski_Brod_Brod_Posavina_County_Slavonia.html, /Attractions-g303835-Activities-Slavonski_Brod_Brod_Posavina_County_Slavonia.html
Slavonski Brod Cemetery, 3.5, Sights & Landmarks, /Attraction_Review-g303835-d600423-Reviews-Slavonski_Brod_Cemetery-Slavonski_Brod_Brod_Posavina_County_Slavonia.html, /Attractions-g303835-Activities-Slavonski_Brod_Brod_Posavina_County_Slavonia.html
Admiral Automat Klub, None, Casinos & Gambling, /Attraction_Review-g303835-d12298254-Reviews-Admiral_Automat_Klub-Slavonski_Brod_Brod_Posavina_County_Slavonia.html, /Attractions-g303835-Activities-Slavonski_Brod_Brod_Posavina_County_Slavonia.html
Luckie Auto Club, None, Casinos & Gambling, /Attraction_Review-g303835-d12623692-Reviews-Luckie_Auto_Club-Slavonski_Brod_Brod_Posavina_County_Slavonia.html, /Attractions-g303835-Activities-Slavonski_Brod_Brod_Posavina_County_Slavonia.html
Luckia Automat Klub, None, Casinos & Gambling, /Attraction_Review-g303835-d12708852-Reviews-Luckia_Automat_Klub-Slavonski_Brod_Brod_Posavina_County_Slavonia.html, /Attractions-g303835-Activities-Slavonski_Brod_Brod_Posavina_County_Slavonia.html
Majic Tours, None, Tours, /Attraction_Review-g303835-d12513491-Reviews-Majic_Tours-Slavonski_Brod_Brod_Posavina_County_Slavonia.html, /Attractions-g303835-Activities-Slavonski_Brod_Brod_Posavina_County_Slavonia.html
Supernova Slavonski Brod, None, Shopping, /Attraction_Review-g303835-d18936525-Reviews-Supernova_Slavonski_Brod-Slavonski_Brod_Brod_Posavina_County_Slavonia.html, /Attractions-g303835-Activities-Slavonski_Brod_Brod_Posavina_County_Slavonia.html
Supernova Colosseum, None, Fun & Games, /Attraction_Review-g303835-d18937671-Reviews-Supernova_Colosseum-Slavonski_Brod_Brod_Posavina_County_Slavonia.html, /Attractions-g303835-Activities-Slavonski_Brod_Brod_Posavina_County_Slavonia.html
Samostan Presvetog Trojstva, None, Sights & Landmarks, /Attraction_Review-g303835-d21054809-Reviews-Samostan_Presvetog_Trojstva-Slavonski_Brod_Brod_Posavina_County_Slavonia.html, /Attractions-g303835-Activities-Slavonski_Brod_Brod_Posavina_County_Slavonia.html
