attraction_name, attraction_rate, attraction_type, attraction_url, attraction_parent_url
Kamenjak National Park, 4.5, Nature & Parks, /Attraction_Review-g1077169-d2269575-Reviews-Kamenjak_National_Park-Premantura_Istria.html, /Attractions-g1077169-Activities-Premantura_Istria.html
Punta Kamenjak, 4.5, Nature & Parks, /Attraction_Review-g1077169-d8517070-Reviews-Punta_Kamenjak-Premantura_Istria.html, /Attractions-g1077169-Activities-Premantura_Istria.html
Njive Beach, 4.5, Nature & Parks, /Attraction_Review-g1077169-d11635896-Reviews-Njive_Beach-Premantura_Istria.html, /Attractions-g1077169-Activities-Premantura_Istria.html
Penizule Beach, 4.5, Nature & Parks, /Attraction_Review-g1077169-d11635844-Reviews-Penizule_Beach-Premantura_Istria.html, /Attractions-g1077169-Activities-Premantura_Istria.html
Debeljak Beach, 5.0, Nature & Parks, /Attraction_Review-g1077169-d12786448-Reviews-Debeljak_Beach-Premantura_Istria.html, /Attractions-g1077169-Activities-Premantura_Istria.html
Plovanije Beach, 4.5, Nature & Parks, /Attraction_Review-g1077169-d12859822-Reviews-Plovanije_Beach-Premantura_Istria.html, /Attractions-g1077169-Activities-Premantura_Istria.html
Portic Beach, 4.0, Nature & Parks, /Attraction_Review-g1077169-d8517031-Reviews-Portic_Beach-Premantura_Istria.html, /Attractions-g1077169-Activities-Premantura_Istria.html
Beach Mala Kolumbarica, 4.5, Nature & Parks, /Attraction_Review-g1077169-d15155135-Reviews-Beach_Mala_Kolumbarica-Premantura_Istria.html, /Attractions-g1077169-Activities-Premantura_Istria.html
Kamenjak Peninsula, 5.0, Sights & Landmarks, /Attraction_Review-g1077169-d18716691-Reviews-Kamenjak_Peninsula-Premantura_Istria.html, /Attractions-g1077169-Activities-Premantura_Istria.html
Franina Beach, 4.0, Nature & Parks, /Attraction_Review-g1077169-d12859818-Reviews-Franina_Beach-Premantura_Istria.html, /Attractions-g1077169-Activities-Premantura_Istria.html
Ceja Island, 4.0, Nature & Parks, /Attraction_Review-g1077169-d12355396-Reviews-Ceja_Island-Premantura_Istria.html, /Attractions-g1077169-Activities-Premantura_Istria.html
Jistra Adventures, 5.0, Boat Tours & Water Sports, /Attraction_Review-g1077169-d13543558-Reviews-Jistra_Adventures-Premantura_Istria.html, /Attractions-g1077169-Activities-Premantura_Istria.html
Istrakayak, 5.0, Boat Tours & Water Sports, /Attraction_Review-g1077169-d4777534-Reviews-Istrakayak-Premantura_Istria.html, /Attractions-g1077169-Activities-Premantura_Istria.html
Scuba Libre Diving, 5.0, Boat Tours & Water Sports, /Attraction_Review-g1077169-d8494162-Reviews-Scuba_Libre_Diving-Premantura_Istria.html, /Attractions-g1077169-Activities-Premantura_Istria.html
POTAMAN GOURMET SHOP &amp; TASTING ROOM, 5.0, Nightlife, /Attraction_Review-g1077169-d17440182-Reviews-POTAMAN_GOURMET_SHOP_TASTING_ROOM-Premantura_Istria.html, /Attractions-g1077169-Activities-Premantura_Istria.html
Premantura Boats &amp; Watersports, 5.0, Boat Tours & Water Sports, /Attraction_Review-g1077169-d15138917-Reviews-Premantura_Boats_Watersports-Premantura_Istria.html, /Attractions-g1077169-Activities-Premantura_Istria.html
Windsurfing center Premantura, 3.0, Outdoor Activities, /Attraction_Review-g1077169-d12277046-Reviews-Windsurfing_center_Premantura-Premantura_Istria.html, /Attractions-g1077169-Activities-Premantura_Istria.html
Mima Rent A Bike, None, Tours, /Attraction_Review-g1077169-d21141240-Reviews-Mima_Rent_A_Bike-Premantura_Istria.html, /Attractions-g1077169-Activities-Premantura_Istria.html
