attraction_name, attraction_rate, attraction_type, attraction_url, attraction_parent_url
Komrcar Park, 4.5, Nature & Parks, /Attraction_Review-g1799875-d4706323-Reviews-Komrcar_Park-Rab_Town_Rab_Island_Kvarner_Bay_Islands_Primorje_Gorski_Kotar_Count.html, /Attractions-g1799875-Activities-Rab_Town_Rab_Island_Kvarner_Bay_Islands_Primorje_Gorski_Kotar_County.html
The Harbour and the Town Prospect, 4.5, Sights & Landmarks, /Attraction_Review-g1799875-d6570965-Reviews-The_Harbour_and_the_Town_Prospect-Rab_Town_Rab_Island_Kvarner_Bay_Islands_Primor.html, /Attractions-g1799875-Activities-Rab_Town_Rab_Island_Kvarner_Bay_Islands_Primorje_Gorski_Kotar_County.html
Tower of St. Christopher, 4.5, Sights & Landmarks, /Attraction_Review-g1799875-d3339355-Reviews-Tower_of_St_Christopher-Rab_Town_Rab_Island_Kvarner_Bay_Islands_Primorje_Gorski_.html, /Attractions-g1799875-Activities-Rab_Town_Rab_Island_Kvarner_Bay_Islands_Primorje_Gorski_Kotar_County.html
Rab-Maman trail, 4.5, Nature & Parks, /Attraction_Review-g1799875-d2248657-Reviews-Rab_Maman_trail-Rab_Town_Rab_Island_Kvarner_Bay_Islands_Primorje_Gorski_Kotar_Co.html, /Attractions-g1799875-Activities-Rab_Town_Rab_Island_Kvarner_Bay_Islands_Primorje_Gorski_Kotar_County.html
St. Ivan Evangelista, 4.5, Sights & Landmarks, /Attraction_Review-g1799875-d552369-Reviews-St_Ivan_Evangelista-Rab_Town_Rab_Island_Kvarner_Bay_Islands_Primorje_Gorski_Kotar.html, /Attractions-g1799875-Activities-Rab_Town_Rab_Island_Kvarner_Bay_Islands_Primorje_Gorski_Kotar_County.html
The Town Loggia, 4.5, Sights & Landmarks, /Attraction_Review-g1799875-d6570982-Reviews-The_Town_Loggia-Rab_Town_Rab_Island_Kvarner_Bay_Islands_Primorje_Gorski_Kotar_Co.html, /Attractions-g1799875-Activities-Rab_Town_Rab_Island_Kvarner_Bay_Islands_Primorje_Gorski_Kotar_County.html
The Cathedral of the Holy Virgin Mary's Assumption, 4.5, Sights & Landmarks, /Attraction_Review-g1799875-d6755861-Reviews-The_Cathedral_of_the_Holy_Virgin_Mary_s_Assumption-Rab_Town_Rab_Island_Kvarner_B.html, /Attractions-g1799875-Activities-Rab_Town_Rab_Island_Kvarner_Bay_Islands_Primorje_Gorski_Kotar_County.html
Trg Municipium Arba, 4.5, Sights & Landmarks, /Attraction_Review-g1799875-d4685747-Reviews-Trg_Municipium_Arba-Rab_Town_Rab_Island_Kvarner_Bay_Islands_Primorje_Gorski_Kota.html, /Attractions-g1799875-Activities-Rab_Town_Rab_Island_Kvarner_Bay_Islands_Primorje_Gorski_Kotar_County.html
St. Francis Church, 5.0, Sights & Landmarks, /Attraction_Review-g1799875-d6557751-Reviews-St_Francis_Church-Rab_Town_Rab_Island_Kvarner_Bay_Islands_Primorje_Gorski_Kotar_.html, /Attractions-g1799875-Activities-Rab_Town_Rab_Island_Kvarner_Bay_Islands_Primorje_Gorski_Kotar_County.html
Hungry Fish, 5.0, Spas & Wellness, /Attraction_Review-g1799875-d14982034-Reviews-Hungry_Fish-Rab_Town_Rab_Island_Kvarner_Bay_Islands_Primorje_Gorski_Kotar_Count.html, /Attractions-g1799875-Activities-Rab_Town_Rab_Island_Kvarner_Bay_Islands_Primorje_Gorski_Kotar_County.html
Mirko Diving Center, 4.0, Boat Tours & Water Sports, /Attraction_Review-g1799875-d2331007-Reviews-Mirko_Diving_Center-Rab_Town_Rab_Island_Kvarner_Bay_Islands_Primorje_Gorski_Kota.html, /Attractions-g1799875-Activities-Rab_Town_Rab_Island_Kvarner_Bay_Islands_Primorje_Gorski_Kotar_County.html
Island Escape Croatia, 5.0, Boat Tours & Water Sports, /Attraction_Review-g1799875-d17778035-Reviews-Island_Escape_Croatia-Rab_Town_Rab_Island_Kvarner_Bay_Islands_Primorje_Gorski_K.html, /Attractions-g1799875-Activities-Rab_Town_Rab_Island_Kvarner_Bay_Islands_Primorje_Gorski_Kotar_County.html
Deni Excursions day trips, 4.0, Boat Tours & Water Sports, /Attraction_Review-g1799875-d3167173-Reviews-Deni_Excursions_day_trips-Rab_Town_Rab_Island_Kvarner_Bay_Islands_Primorje_Gorsk.html, /Attractions-g1799875-Activities-Rab_Town_Rab_Island_Kvarner_Bay_Islands_Primorje_Gorski_Kotar_County.html
Nostromo Boot Charter Rab, 5.0, Transportation, /Attraction_Review-g1799875-d19921287-Reviews-Nostromo_Boot_Charter_Rab-Rab_Town_Rab_Island_Kvarner_Bay_Islands_Primorje_Gors.html, /Attractions-g1799875-Activities-Rab_Town_Rab_Island_Kvarner_Bay_Islands_Primorje_Gorski_Kotar_County.html
Church of St justine Rab Town, None, Sights & Landmarks, /Attraction_Review-g1799875-d14311519-Reviews-Church_of_St_justine_Rab_Town-Rab_Town_Rab_Island_Kvarner_Bay_Islands_Primorje_.html, /Attractions-g1799875-Activities-Rab_Town_Rab_Island_Kvarner_Bay_Islands_Primorje_Gorski_Kotar_County.html
Holy Cross Church Rab Town, None, Sights & Landmarks, /Attraction_Review-g1799875-d14311429-Reviews-Holy_Cross_Church_Rab_Town-Rab_Town_Rab_Island_Kvarner_Bay_Islands_Primorje_Gor.html, /Attractions-g1799875-Activities-Rab_Town_Rab_Island_Kvarner_Bay_Islands_Primorje_Gorski_Kotar_County.html
turistički obrt ' la Stella ', None, Boat Tours & Water Sports, /Attraction_Review-g1799875-d17332879-Reviews-Turisticki_obrt_la_Stella-Rab_Town_Rab_Island_Kvarner_Bay_Islands_Primorje_Gors.html, /Attractions-g1799875-Activities-Rab_Town_Rab_Island_Kvarner_Bay_Islands_Primorje_Gorski_Kotar_County.html
