attraction_name, attraction_rate, attraction_type, attraction_url, attraction_parent_url
Church of St. Mary and St. Peregrin, 4.0, Sights & Landmarks, /Attraction_Review-g608710-d8522748-Reviews-Church_of_St_Mary_and_St_Peregrin-Umag_Istria.html, /Attractions-g608710-Activities-Umag_Istria.html
Stella Maris Stadion, 4.5, Fun & Games, /Attraction_Review-g608710-d12693306-Reviews-Stella_Maris_Stadion-Umag_Istria.html, /Attractions-g608710-Activities-Umag_Istria.html
Coronica Winery, 4.0, Food & Drink, /Attraction_Review-g608710-d12911174-Reviews-Coronica_Winery-Umag_Istria.html, /Attractions-g608710-Activities-Umag_Istria.html
St. Pelegrin Church, 4.0, Sights & Landmarks, /Attraction_Review-g608710-d13425899-Reviews-St_Pelegrin_Church-Umag_Istria.html, /Attractions-g608710-Activities-Umag_Istria.html
Aquavision Glassboat Katamaran, 4.5, Boat Tours & Water Sports, /Attraction_Review-g608710-d10312267-Reviews-Aquavision_Glassboat_Katamaran-Umag_Istria.html, /Attractions-g608710-Activities-Umag_Istria.html
Subaquatic Dive Center, 5.0, Boat Tours & Water Sports, /Attraction_Review-g608710-d7248689-Reviews-Subaquatic_Dive_Center-Umag_Istria.html, /Attractions-g608710-Activities-Umag_Istria.html
Cuj, 5.0, Shopping, /Attraction_Review-g608710-d12558646-Reviews-Cuj-Umag_Istria.html, /Attractions-g608710-Activities-Umag_Istria.html
Umag Segway City Tour, 4.5, Tours, /Attraction_Review-g608710-d6726183-Reviews-Umag_Segway_City_Tour-Umag_Istria.html, /Attractions-g608710-Activities-Umag_Istria.html
Go kart Umag, 4.5, Fun & Games, /Attraction_Review-g608710-d12438940-Reviews-Go_kart_Umag-Umag_Istria.html, /Attractions-g608710-Activities-Umag_Istria.html
Fish Spa, 4.5, Spas & Wellness, /Attraction_Review-g608710-d10393651-Reviews-Fish_Spa-Umag_Istria.html, /Attractions-g608710-Activities-Umag_Istria.html
Istria Gourmet Food Tours, 4.5, Food & Drink, /Attraction_Review-g608710-d12666099-Reviews-Istria_Gourmet_Food_Tours-Umag_Istria.html, /Attractions-g608710-Activities-Umag_Istria.html
DR boats - obrt za morski ribolov, 5.0, Boat Tours & Water Sports, /Attraction_Review-g608710-d17555343-Reviews-DR_boats_obrt_za_morski_ribolov-Umag_Istria.html, /Attractions-g608710-Activities-Umag_Istria.html
Adventure Park Jangalooz, 4.5, Tours, /Attraction_Review-g608710-d17859968-Reviews-Adventure_Park_Jangalooz-Umag_Istria.html, /Attractions-g608710-Activities-Umag_Istria.html
Spa Vita, 4.0, Spas & Wellness, /Attraction_Review-g608710-d6556837-Reviews-Spa_Vita-Umag_Istria.html, /Attractions-g608710-Activities-Umag_Istria.html
Goldfish Beach Bar, 3.5, Nightlife, /Attraction_Review-g608710-d12700330-Reviews-Goldfish_Beach_Bar-Umag_Istria.html, /Attractions-g608710-Activities-Umag_Istria.html
Rennradverleih Umag, 5.0, Outdoor Activities, /Attraction_Review-g608710-d13444765-Reviews-Rennradverleih_Umag-Umag_Istria.html, /Attractions-g608710-Activities-Umag_Istria.html
Your Summer Adventures, 3.0, Boat Tours & Water Sports, /Attraction_Review-g608710-d17735175-Reviews-Your_Summer_Adventures-Umag_Istria.html, /Attractions-g608710-Activities-Umag_Istria.html
ATC DOO, None, Food & Drink, /Attraction_Review-g608710-d12911179-Reviews-ATC_DOO-Umag_Istria.html, /Attractions-g608710-Activities-Umag_Istria.html
Kart-Kart Cross, None, Fun & Games, /Attraction_Review-g608710-d15018979-Reviews-Kart_Kart_Cross-Umag_Istria.html, /Attractions-g608710-Activities-Umag_Istria.html
Rene Kozlović, None, Food & Drink, /Attraction_Review-g608710-d23000224-Reviews-Rene_Kozlovic-Umag_Istria.html, /Attractions-g608710-Activities-Umag_Istria.html
