attraction_name, attraction_rate, attraction_type, attraction_url, attraction_parent_url
Novakovica Brod Lake, 5.0, Nature & Parks, /Attraction_Review-g1190792-d13122421-Reviews-Novakovica_Brod_Lake-Plitvica_Plitvice_Lakes_National_Park_Central_Croatia.html, /Attractions-g303827-Activities-Plitvice_Lakes_National_Park_Central_Croatia.html
Veliko Lake, 4.5, Nature & Parks, /Attraction_Review-g1190792-d13137333-Reviews-Veliko_Lake-Plitvica_Plitvice_Lakes_National_Park_Central_Croatia.html, /Attractions-g303827-Activities-Plitvice_Lakes_National_Park_Central_Croatia.html
Memorial plaque to Ivo Pevalek, 4.0, Sights & Landmarks, /Attraction_Review-g1190792-d13161368-Reviews-Memorial_plaque_to_Ivo_Pevalek-Plitvica_Plitvice_Lakes_National_Park_Central_Cr.html, /Attractions-g303827-Activities-Plitvice_Lakes_National_Park_Central_Croatia.html
Batinovac Lake, 4.5, Nature & Parks, /Attraction_Review-g1190792-d13114390-Reviews-Batinovac_Lake-Plitvica_Plitvice_Lakes_National_Park_Central_Croatia.html, /Attractions-g303827-Activities-Plitvice_Lakes_National_Park_Central_Croatia.html
Labudovački slap, 5.0, Nature & Parks, /Attraction_Review-g1190792-d13202760-Reviews-Labudovacki_slap-Plitvica_Plitvice_Lakes_National_Park_Central_Croatia.html, /Attractions-g303827-Activities-Plitvice_Lakes_National_Park_Central_Croatia.html
Proscansko Lake, 4.5, Nature & Parks, /Attraction_Review-g1190792-d13112326-Reviews-Proscansko_Lake-Plitvica_Plitvice_Lakes_National_Park_Central_Croatia.html, /Attractions-g303827-Activities-Plitvice_Lakes_National_Park_Central_Croatia.html
Lake Vir, 4.5, Nature & Parks, /Attraction_Review-g1190792-d13114417-Reviews-Lake_Vir-Plitvica_Plitvice_Lakes_National_Park_Central_Croatia.html, /Attractions-g303827-Activities-Plitvice_Lakes_National_Park_Central_Croatia.html
Ciganovac Waterfall, 4.5, Nature & Parks, /Attraction_Review-g1190792-d13198791-Reviews-Ciganovac_Waterfall-Plitvica_Plitvice_Lakes_National_Park_Central_Croatia.html, /Attractions-g303827-Activities-Plitvice_Lakes_National_Park_Central_Croatia.html
Croatian Catholic Church Marija Mother, None, Sights & Landmarks, /Attraction_Review-g8480324-d20907168-Reviews-Croatian_Catholic_Church_Marija_Mother-Plitvicka_Jezera_Plitvice_Lakes_National.html, /Attractions-g303827-Activities-Plitvice_Lakes_National_Park_Central_Croatia.html
Art Gallery Rubedo, None, Museums, /Attraction_Review-g644071-d19953042-Reviews-Art_Gallery_Rubedo-Grabovac_Plitvice_Lakes_National_Park_Central_Croatia.html, /Attractions-g303827-Activities-Plitvice_Lakes_National_Park_Central_Croatia.html
Cubric Family Farm, None, Sights & Landmarks, /Attraction_Review-g670545-d19438053-Reviews-Cubric_Family_Farm-Rakovica_Plitvice_Lakes_National_Park_Central_Croatia.html, /Attractions-g303827-Activities-Plitvice_Lakes_National_Park_Central_Croatia.html
Zeljava Air Base, None, Sights & Landmarks, /Attraction_Review-g8480324-d19834780-Reviews-Zeljava_Air_Base-Plitvicka_Jezera_Plitvice_Lakes_National_Park_Central_Croatia.html, /Attractions-g303827-Activities-Plitvice_Lakes_National_Park_Central_Croatia.html
