attraction_name, attraction_rate, attraction_type, attraction_url, attraction_parent_url
Lim Channel, 4.0, Nature & Parks, /Attraction_Review-g608712-d10782655-Reviews-Lim_Channel-Vrsar_Istria.html, /Attractions-g608712-Activities-Vrsar_Istria.html
Parish Church of St. Martin and Bell Tower, 4.5, Sights & Landmarks, /Attraction_Review-g608712-d14079384-Reviews-Parish_Church_of_St_Martin_and_Bell_Tower-Vrsar_Istria.html, /Attractions-g608712-Activities-Vrsar_Istria.html
Skulpturenpark Vrsar, 4.0, Nature & Parks, /Attraction_Review-g608712-d3983584-Reviews-Skulpturenpark_Vrsar-Vrsar_Istria.html, /Attractions-g608712-Activities-Vrsar_Istria.html
Viewpoint Casanova, 4.5, Sights & Landmarks, /Attraction_Review-g608712-d15243772-Reviews-Viewpoint_Casanova-Vrsar_Istria.html, /Attractions-g608712-Activities-Vrsar_Istria.html
Basilica of St. Mary of the Sea, 4.0, Sights & Landmarks, /Attraction_Review-g608712-d10423662-Reviews-Basilica_of_St_Mary_of_the_Sea-Vrsar_Istria.html, /Attractions-g608712-Activities-Vrsar_Istria.html
Sport center Montraker, 4.5, Fun & Games, /Attraction_Review-g608712-d6384302-Reviews-Sport_center_Montraker-Vrsar_Istria.html, /Attractions-g608712-Activities-Vrsar_Istria.html
Sosich Wines, 5.0, Food & Drink, /Attraction_Review-g608712-d8734381-Reviews-Sosich_Wines-Vrsar_Istria.html, /Attractions-g608712-Activities-Vrsar_Istria.html
Romuald's Cave, 2.5, Nature & Parks, /Attraction_Review-g608712-d12274905-Reviews-Romuald_s_Cave-Vrsar_Istria.html, /Attractions-g608712-Activities-Vrsar_Istria.html
Starfish Diving Center, 5.0, Boat Tours & Water Sports, /Attraction_Review-g608712-d3656330-Reviews-Starfish_Diving_Center-Vrsar_Istria.html, /Attractions-g608712-Activities-Vrsar_Istria.html
Excursions Mikela, 4.5, Boat Tours & Water Sports, /Attraction_Review-g608712-d10538517-Reviews-Excursions_Mikela-Vrsar_Istria.html, /Attractions-g608712-Activities-Vrsar_Istria.html
Vrsar Rent A Boat &amp; Taxi 'Istra Speed Boat', 5.0, Boat Tours & Water Sports, /Attraction_Review-g608712-d21045808-Reviews-Vrsar_Rent_A_Boat_Taxi_Istra_Speed_Boat-Vrsar_Istria.html, /Attractions-g608712-Activities-Vrsar_Istria.html
Triton Diving Center Vrsar, 4.5, Boat Tours & Water Sports, /Attraction_Review-g608712-d7751624-Reviews-Triton_Diving_Center_Vrsar-Vrsar_Istria.html, /Attractions-g608712-Activities-Vrsar_Istria.html
Lidija Tours, 4.5, Boat Tours & Water Sports, /Attraction_Review-g608712-d6501749-Reviews-Lidija_Tours-Vrsar_Istria.html, /Attractions-g608712-Activities-Vrsar_Istria.html
Bora Bora Excursions, 5.0, Boat Tours & Water Sports, /Attraction_Review-g608712-d12275748-Reviews-Bora_Bora_Excursions-Vrsar_Istria.html, /Attractions-g608712-Activities-Vrsar_Istria.html
Papillon Cocktail Bar, 5.0, Nightlife, /Attraction_Review-g608712-d10533321-Reviews-Papillon_Cocktail_Bar-Vrsar_Istria.html, /Attractions-g608712-Activities-Vrsar_Istria.html
Caffe bar Nieves, 4.5, Nightlife, /Attraction_Review-g608712-d11706776-Reviews-Caffe_bar_Nieves-Vrsar_Istria.html, /Attractions-g608712-Activities-Vrsar_Istria.html
Batanaa, 4.0, Nightlife, /Attraction_Review-g608712-d4783780-Reviews-Batanaa-Vrsar_Istria.html, /Attractions-g608712-Activities-Vrsar_Istria.html
Saliunca Souvenir Shop, 5.0, Shopping, /Attraction_Review-g608712-d15015650-Reviews-Saliunca_Souvenir_Shop-Vrsar_Istria.html, /Attractions-g608712-Activities-Vrsar_Istria.html
Aeropark Vrsar - Tours, 3.5, Tours, /Attraction_Review-g608712-d4795561-Reviews-Aeropark_Vrsar_Tours-Vrsar_Istria.html, /Attractions-g608712-Activities-Vrsar_Istria.html
Sport Andrea, 5.0, Boat Tours & Water Sports, /Attraction_Review-g608712-d14790976-Reviews-Sport_Andrea-Vrsar_Istria.html, /Attractions-g608712-Activities-Vrsar_Istria.html
Skokpadobranom skydiving, 5.0, Tours, /Attraction_Review-g608712-d4431755-Reviews-Skokpadobranom_skydiving-Vrsar_Istria.html, /Attractions-g608712-Activities-Vrsar_Istria.html
Airport Vrsar, 3.5, Tours, /Attraction_Review-g608712-d12319283-Reviews-Airport_Vrsar-Vrsar_Istria.html, /Attractions-g608712-Activities-Vrsar_Istria.html
Traditional Thai Massages, 3.5, Spas & Wellness, /Attraction_Review-g608712-d12515783-Reviews-Traditional_Thai_Massages-Vrsar_Istria.html, /Attractions-g608712-Activities-Vrsar_Istria.html
Fran's Reef Adriatic Diving and Sailing, 3.0, Boat Tours & Water Sports, /Attraction_Review-g608712-d4022183-Reviews-Fran_s_Reef_Adriatic_Diving_and_Sailing-Vrsar_Istria.html, /Attractions-g608712-Activities-Vrsar_Istria.html
Skydive Vrsar, None, Tours, /Attraction_Review-g608712-d10035341-Reviews-Skydive_Vrsar-Vrsar_Istria.html, /Attractions-g608712-Activities-Vrsar_Istria.html
Mr. Sax- Boat Excursions, None, Boat Tours & Water Sports, /Attraction_Review-g608712-d17850680-Reviews-Mr_Sax_Boat_Excursions-Vrsar_Istria.html, /Attractions-g608712-Activities-Vrsar_Istria.html
Adriatic Diving Center Vrsar/funtana, None, Boat Tours & Water Sports, /Attraction_Review-g608712-d21257922-Reviews-Adriatic_Diving_Center_Vrsar_funtana-Vrsar_Istria.html, /Attractions-g608712-Activities-Vrsar_Istria.html
