attraction_name, attraction_rate, attraction_type, attraction_url, attraction_parent_url
Banjole Beach, 3.5, Nature & Parks, /Attraction_Review-g1096192-d15080656-Reviews-Banjole_Beach-Banjole_Istria.html, /Attractions-g1096192-Activities-Banjole_Istria.html
Beach Bar Palma, 4.0, Nightlife, /Attraction_Review-g1096192-d12695494-Reviews-Beach_Bar_Palma-Banjole_Istria.html, /Attractions-g1096192-Activities-Banjole_Istria.html
Buggy Safari Pula, 5.0, Tours, /Attraction_Review-g1096192-d10243947-Reviews-Buggy_Safari_Pula-Banjole_Istria.html, /Attractions-g1096192-Activities-Banjole_Istria.html
Diving Center Indie, 5.0, Boat Tours & Water Sports, /Attraction_Review-g1096192-d15094298-Reviews-Diving_Center_Indie-Banjole_Istria.html, /Attractions-g1096192-Activities-Banjole_Istria.html
Centinera Beach, 5.0, Sights & Landmarks, /Attraction_Review-g1096192-d21250875-Reviews-Centinera_Beach-Banjole_Istria.html, /Attractions-g1096192-Activities-Banjole_Istria.html
Church of Our Lady of the Sea, None, Sights & Landmarks, /Attraction_Review-g1096192-d21232532-Reviews-Church_of_Our_Lady_of_the_Sea-Banjole_Istria.html, /Attractions-g1096192-Activities-Banjole_Istria.html
