attraction_name, attraction_rate, attraction_type, attraction_url, attraction_parent_url
Taxi Frka, 5.0, Transportation, /Attraction_Review-g1898560-d9821106-Reviews-Taxi_Frka-Sali_Dugi_Island_Zadar_County_Dalmatia.html, /Attractions-g1898560-Activities-Sali_Dugi_Island_Zadar_County_Dalmatia.html
Kornati &amp; Telašćica Excursions - Boat Jana, 5.0, Boat Tours & Water Sports, /Attraction_Review-g1898560-d21095909-Reviews-Kornati_Telascica_Excursions_Boat_Jana-Sali_Dugi_Island_Zadar_County_Dalmatia.html, /Attractions-g1898560-Activities-Sali_Dugi_Island_Zadar_County_Dalmatia.html
Kopakanana, 5.0, Nightlife, /Attraction_Review-g1898560-d14983920-Reviews-Kopakanana-Sali_Dugi_Island_Zadar_County_Dalmatia.html, /Attractions-g1898560-Activities-Sali_Dugi_Island_Zadar_County_Dalmatia.html
Vala Tours, 5.0, Boat Tours & Water Sports, /Attraction_Review-g1898560-d21084962-Reviews-Vala_Tours-Sali_Dugi_Island_Zadar_County_Dalmatia.html, /Attractions-g1898560-Activities-Sali_Dugi_Island_Zadar_County_Dalmatia.html
Adamo Travel, 3.5, Boat Tours & Water Sports, /Attraction_Review-g1898560-d15639938-Reviews-Adamo_Travel-Sali_Dugi_Island_Zadar_County_Dalmatia.html, /Attractions-g1898560-Activities-Sali_Dugi_Island_Zadar_County_Dalmatia.html
Cliffs of Dugi Otok, 3.0, Sights & Landmarks, /Attraction_Review-g1898560-d21307807-Reviews-Cliffs_of_Dugi_Otok-Sali_Dugi_Island_Zadar_County_Dalmatia.html, /Attractions-g1898560-Activities-Sali_Dugi_Island_Zadar_County_Dalmatia.html
Maras Tours, None, Boat Tours & Water Sports, /Attraction_Review-g1898560-d12311548-Reviews-Maras_Tours-Sali_Dugi_Island_Zadar_County_Dalmatia.html, /Attractions-g1898560-Activities-Sali_Dugi_Island_Zadar_County_Dalmatia.html
