attraction_name, attraction_rate, attraction_type, attraction_url, attraction_parent_url
Halmac - Veli i Mali Trzic, 5.0, Sights & Landmarks, /Attraction_Review-g1069853-d2342891-Reviews-Halmac_Veli_i_Mali_Trzic-Nerezine_Primorje_Gorski_Kotar_County.html, /Attractions-g1069853-Activities-Nerezine_Primorje_Gorski_Kotar_County.html
Studenac Square, 4.0, Sights & Landmarks, /Attraction_Review-g1069853-d12330797-Reviews-Studenac_Square-Nerezine_Primorje_Gorski_Kotar_County.html, /Attractions-g1069853-Activities-Nerezine_Primorje_Gorski_Kotar_County.html
The Church and Monastery of St. Francis, 3.5, Sights & Landmarks, /Attraction_Review-g1069853-d2314942-Reviews-The_Church_and_Monastery_of_St_Francis-Nerezine_Primorje_Gorski_Kotar_County.html, /Attractions-g1069853-Activities-Nerezine_Primorje_Gorski_Kotar_County.html
Church of St. Maria Magdalena, 3.5, Museums, /Attraction_Review-g1069853-d2318790-Reviews-Church_of_St_Maria_Magdalena-Nerezine_Primorje_Gorski_Kotar_County.html, /Attractions-g1069853-Activities-Nerezine_Primorje_Gorski_Kotar_County.html
Church of Our Lady of Good Health, 2.0, Sights & Landmarks, /Attraction_Review-g1069853-d2318795-Reviews-Church_of_Our_Lady_of_Good_Health-Nerezine_Primorje_Gorski_Kotar_County.html, /Attractions-g1069853-Activities-Nerezine_Primorje_Gorski_Kotar_County.html
Ridimutak Beach, 4.5, Nightlife, /Attraction_Review-g1069853-d8606684-Reviews-Ridimutak_Beach-Nerezine_Primorje_Gorski_Kotar_County.html, /Attractions-g1069853-Activities-Nerezine_Primorje_Gorski_Kotar_County.html
Marlyn - windsurf school&& rent-a-sup &amp; boat, 5.0, Boat Tours & Water Sports, /Attraction_Review-g1069853-d18720073-Reviews-Marlyn_windsurf_school_rent_a_sup_boat-Nerezine_Primorje_Gorski_Kotar_County.html, /Attractions-g1069853-Activities-Nerezine_Primorje_Gorski_Kotar_County.html
Trzicko guvno (threshing floor), None, Sights & Landmarks, /Attraction_Review-g1069853-d12339837-Reviews-Trzicko_guvno_threshing_floor-Nerezine_Primorje_Gorski_Kotar_County.html, /Attractions-g1069853-Activities-Nerezine_Primorje_Gorski_Kotar_County.html
Remains of the church under Osoršćica, None, Sights & Landmarks, /Attraction_Review-g1069853-d12330824-Reviews-Remains_of_the_church_under_Osorscica-Nerezine_Primorje_Gorski_Kotar_County.html, /Attractions-g1069853-Activities-Nerezine_Primorje_Gorski_Kotar_County.html
Polje, None, Sights & Landmarks, /Attraction_Review-g1069853-d2365378-Reviews-Polje-Nerezine_Primorje_Gorski_Kotar_County.html, /Attractions-g1069853-Activities-Nerezine_Primorje_Gorski_Kotar_County.html
