attraction_name, attraction_rate, attraction_type, attraction_url, attraction_parent_url
Sutivan Nature Park, 4.5, Fun & Games, /Attraction_Review-g2290306-d14931178-Reviews-Sutivan_Nature_Park-Sutivan_Brac_Island_Split_Dalmatia_County_Dalmatia.html, /Attractions-g2290306-Activities-Sutivan_Brac_Island_Split_Dalmatia_County_Dalmatia.html
The Church of St. Roko, 4.0, Sights & Landmarks, /Attraction_Review-g2290306-d8408361-Reviews-The_Church_of_St_Roko-Sutivan_Brac_Island_Split_Dalmatia_County_Dalmatia.html, /Attractions-g2290306-Activities-Sutivan_Brac_Island_Split_Dalmatia_County_Dalmatia.html
Bay Likva, 5.0, Nature & Parks, /Attraction_Review-g2290306-d18968016-Reviews-Bay_Likva-Sutivan_Brac_Island_Split_Dalmatia_County_Dalmatia.html, /Attractions-g2290306-Activities-Sutivan_Brac_Island_Split_Dalmatia_County_Dalmatia.html
Parish Church of the Assumption of the Blessed Virgin Mary, 3.5, Sights & Landmarks, /Attraction_Review-g2290306-d8300132-Reviews-Parish_Church_of_the_Assumption_of_the_Blessed_Virgin_Mary-Sutivan_Brac_Island_S.html, /Attractions-g2290306-Activities-Sutivan_Brac_Island_Split_Dalmatia_County_Dalmatia.html
Church of St. John the Baptist, 4.5, Sights & Landmarks, /Attraction_Review-g2290306-d9715993-Reviews-Church_of_St_John_the_Baptist-Sutivan_Brac_Island_Split_Dalmatia_County_Dalmatia.html, /Attractions-g2290306-Activities-Sutivan_Brac_Island_Split_Dalmatia_County_Dalmatia.html
The Ilic House Complex, 3.0, Sights & Landmarks, /Attraction_Review-g2290306-d8300131-Reviews-The_Ilic_House_Complex-Sutivan_Brac_Island_Split_Dalmatia_County_Dalmatia.html, /Attractions-g2290306-Activities-Sutivan_Brac_Island_Split_Dalmatia_County_Dalmatia.html
Summer House Of Jerolim Kavanjin, 3.0, Sights & Landmarks, /Attraction_Review-g2290306-d8309239-Reviews-Summer_House_Of_Jerolim_Kavanjin-Sutivan_Brac_Island_Split_Dalmatia_County_Dalma.html, /Attractions-g2290306-Activities-Sutivan_Brac_Island_Split_Dalmatia_County_Dalmatia.html
Explore Brač, 5.0, Food & Drink, /Attraction_Review-g2290306-d16832427-Reviews-Explore_Brac-Sutivan_Brac_Island_Split_Dalmatia_County_Dalmatia.html, /Attractions-g2290306-Activities-Sutivan_Brac_Island_Split_Dalmatia_County_Dalmatia.html
Bunta Beach, None, Nature & Parks, /Attraction_Review-g2290306-d18186036-Reviews-Bunta_Beach-Sutivan_Brac_Island_Split_Dalmatia_County_Dalmatia.html, /Attractions-g2290306-Activities-Sutivan_Brac_Island_Split_Dalmatia_County_Dalmatia.html
Marijanović House, None, Sights & Landmarks, /Attraction_Review-g2290306-d17728036-Reviews-Marijanovic_House-Sutivan_Brac_Island_Split_Dalmatia_County_Dalmatia.html, /Attractions-g2290306-Activities-Sutivan_Brac_Island_Split_Dalmatia_County_Dalmatia.html
Brac - Sutivan - Maestral - Central Dalmatia Croatia - Theme Trails, None, Sights & Landmarks, /Attraction_Review-g2290306-d20993188-Reviews-Brac_Sutivan_Maestral_Central_Dalmatia_Croatia_Theme_Trails-Sutivan_Brac_Island.html, /Attractions-g2290306-Activities-Sutivan_Brac_Island_Split_Dalmatia_County_Dalmatia.html
Maestral Brač Central Dalmatia Croatia Bike Tracks, None, Nature & Parks, /Attraction_Review-g2290306-d20913693-Reviews-Maestral_Brac_Central_Dalmatia_Croatia_Bike_Tracks-Sutivan_Brac_Island_Split_Da.html, /Attractions-g2290306-Activities-Sutivan_Brac_Island_Split_Dalmatia_County_Dalmatia.html
Levanat Sutivan Brač Central Dalmatia Croatia Bike tracks, None, Nature & Parks, /Attraction_Review-g2290306-d20913710-Reviews-Levanat_Sutivan_Brac_Central_Dalmatia_Croatia_Bike_tracks-Sutivan_Brac_Island_S.html, /Attractions-g2290306-Activities-Sutivan_Brac_Island_Split_Dalmatia_County_Dalmatia.html
Tramuntana Brač Central Dalmatia Croatia Bike Tracks, None, Nature & Parks, /Attraction_Review-g2290306-d20913694-Reviews-Tramuntana_Brac_Central_Dalmatia_Croatia_Bike_Tracks-Sutivan_Brac_Island_Split_.html, /Attractions-g2290306-Activities-Sutivan_Brac_Island_Split_Dalmatia_County_Dalmatia.html
