attraction_name, attraction_rate, attraction_type, attraction_url, attraction_parent_url
Marina Vlaska, 4.5, Nature & Parks, /Attraction_Review-g1966240-d13073231-Reviews-Marina_Vlaska-Milna_Brac_Island_Split_Dalmatia_County_Dalmatia.html, /Attractions-g1966240-Activities-Milna_Brac_Island_Split_Dalmatia_County_Dalmatia.html
Church of Our Lady of Annunciation, 4.0, Sights & Landmarks, /Attraction_Review-g1966240-d10113743-Reviews-Church_of_Our_Lady_of_Annunciation-Milna_Brac_Island_Split_Dalmatia_County_Dalm.html, /Attractions-g1966240-Activities-Milna_Brac_Island_Split_Dalmatia_County_Dalmatia.html
Brac Excursions, 4.5, Boat Tours & Water Sports, /Attraction_Review-g1966240-d10717958-Reviews-Brac_Excursions-Milna_Brac_Island_Split_Dalmatia_County_Dalmatia.html, /Attractions-g1966240-Activities-Milna_Brac_Island_Split_Dalmatia_County_Dalmatia.html
Rent a boat Milna, 5.0, Boat Tours & Water Sports, /Attraction_Review-g1966240-d15519330-Reviews-Rent_a_boat_Milna-Milna_Brac_Island_Split_Dalmatia_County_Dalmatia.html, /Attractions-g1966240-Activities-Milna_Brac_Island_Split_Dalmatia_County_Dalmatia.html
Draulik Dive Center, 5.0, Boat Tours & Water Sports, /Attraction_Review-g1966240-d11962511-Reviews-Draulik_Dive_Center-Milna_Brac_Island_Split_Dalmatia_County_Dalmatia.html, /Attractions-g1966240-Activities-Milna_Brac_Island_Split_Dalmatia_County_Dalmatia.html
Milnarski, 5.0, Tours, /Attraction_Review-g1966240-d10641884-Reviews-Milnarski-Milna_Brac_Island_Split_Dalmatia_County_Dalmatia.html, /Attractions-g1966240-Activities-Milna_Brac_Island_Split_Dalmatia_County_Dalmatia.html
Taxi Karoca Brac, 4.5, Transportation, /Attraction_Review-g1966240-d13602593-Reviews-Taxi_Karoca_Brac-Milna_Brac_Island_Split_Dalmatia_County_Dalmatia.html, /Attractions-g1966240-Activities-Milna_Brac_Island_Split_Dalmatia_County_Dalmatia.html
Rent A Boat Mrdulja, 5.0, Boat Tours & Water Sports, /Attraction_Review-g1966240-d21348934-Reviews-Rent_A_Boat_Mrdulja-Milna_Brac_Island_Split_Dalmatia_County_Dalmatia.html, /Attractions-g1966240-Activities-Milna_Brac_Island_Split_Dalmatia_County_Dalmatia.html
Church of St. Michael, None, Sights & Landmarks, /Attraction_Review-g1966240-d10521105-Reviews-Church_of_St_Michael-Milna_Brac_Island_Split_Dalmatia_County_Dalmatia.html, /Attractions-g1966240-Activities-Milna_Brac_Island_Split_Dalmatia_County_Dalmatia.html
Brač Sunca Central Dalmatia Croatia Bike Tracks, None, Nature & Parks, /Attraction_Review-g1966240-d20913960-Reviews-Brac_Sunca_Central_Dalmatia_Croatia_Bike_Tracks-Milna_Brac_Island_Split_Dalmati.html, /Attractions-g1966240-Activities-Milna_Brac_Island_Split_Dalmatia_County_Dalmatia.html
Hvar - Dubova - Central Dalmatia Croatia - Bike Tracks, None, Nature & Parks, /Attraction_Review-g1966240-d20929772-Reviews-Hvar_Dubova_Central_Dalmatia_Croatia_Bike_Tracks-Milna_Brac_Island_Split_Dalmat.html, /Attractions-g1966240-Activities-Milna_Brac_Island_Split_Dalmatia_County_Dalmatia.html
Tvrđava i Lanterna Brac Central Dalmatia Bike tracks, None, Nature & Parks, /Attraction_Review-g1966240-d20921023-Reviews-Tvrdava_i_Lanterna_Brac_Central_Dalmatia_Bike_tracks-Milna_Brac_Island_Split_Da.html, /Attractions-g1966240-Activities-Milna_Brac_Island_Split_Dalmatia_County_Dalmatia.html
Milna - Central Dalmatia Croatia - Theme Trails, None, Sights & Landmarks, /Attraction_Review-g1966240-d20944710-Reviews-Milna_Central_Dalmatia_Croatia_Theme_Trails-Milna_Brac_Island_Split_Dalmatia_Co.html, /Attractions-g1966240-Activities-Milna_Brac_Island_Split_Dalmatia_County_Dalmatia.html
