attraction_name, attraction_rate, attraction_type, attraction_url, attraction_parent_url
Top Outlet Park Dugopolje, 3.5, Shopping, /Attraction_Review-g1753367-d10308055-Reviews-Top_Outlet_Park_Dugopolje-Dugopolje_Split_Dalmatia_County_Dalmatia.html, /Attractions-g1753367-Activities-Dugopolje_Split_Dalmatia_County_Dalmatia.html
Cetina Tours, 5.0, Boat Tours & Water Sports, /Attraction_Review-g1753367-d15050331-Reviews-Cetina_Tours-Dugopolje_Split_Dalmatia_County_Dalmatia.html, /Attractions-g1753367-Activities-Dugopolje_Split_Dalmatia_County_Dalmatia.html
Massarus Mons Dugopolje Central Dalmatia Croatia - Theme Trails, None, Sights & Landmarks, /Attraction_Review-g1753367-d20941248-Reviews-Massarus_Mons_Dugopolje_Central_Dalmatia_Croatia_Theme_Trails-Dugopolje_Split_D.html, /Attractions-g1753367-Activities-Dugopolje_Split_Dalmatia_County_Dalmatia.html
Dugopoljski mali put Theme Trails, None, Sights & Landmarks, /Attraction_Review-g1753367-d20941163-Reviews-Dugopoljski_mali_put_Theme_Trails-Dugopolje_Split_Dalmatia_County_Dalmatia.html, /Attractions-g1753367-Activities-Dugopolje_Split_Dalmatia_County_Dalmatia.html
Dugopolje - Rera - Central Dalmatia Croatia - Bike Tracks, None, Nature & Parks, /Attraction_Review-g1753367-d21251787-Reviews-Dugopolje_Rera_Central_Dalmatia_Croatia_Bike_Tracks-Dugopolje_Split_Dalmatia_Co.html, /Attractions-g1753367-Activities-Dugopolje_Split_Dalmatia_County_Dalmatia.html
