attraction_name, attraction_rate, attraction_type, attraction_url, attraction_parent_url
Franjevacki Samostan I Rkt. Crkva Pohodenja Marijina, 5.0, Sights & Landmarks, /Attraction_Review-g608716-d17850622-Reviews-Franjevacki_Samostan_I_Rkt_Crkva_Pohodenja_Marijina-Mokosica_Dubrovnik_Neretva_C.html, /Attractions-g608716-Activities-Mokosica_Dubrovnik_Neretva_County_Dalmatia.html
Mala Mara, 4.5, Boat Tours & Water Sports, /Attraction_Review-g608716-d16963475-Reviews-Mala_Mara-Mokosica_Dubrovnik_Neretva_County_Dalmatia.html, /Attractions-g608716-Activities-Mokosica_Dubrovnik_Neretva_County_Dalmatia.html
Dubrovnik Speedboat Excursions, 5.0, Boat Tours & Water Sports, /Attraction_Review-g608716-d6508988-Reviews-Dubrovnik_Speedboat_Excursions-Mokosica_Dubrovnik_Neretva_County_Dalmatia.html, /Attractions-g608716-Activities-Mokosica_Dubrovnik_Neretva_County_Dalmatia.html
Bovi Tours, None, Tours, /Attraction_Review-g608716-d17585501-Reviews-Bovi_Tours-Mokosica_Dubrovnik_Neretva_County_Dalmatia.html, /Attractions-g608716-Activities-Mokosica_Dubrovnik_Neretva_County_Dalmatia.html
Bovi Tours, None, Transportation, /Attraction_Review-g608716-d17584465-Reviews-Bovi_Tours-Mokosica_Dubrovnik_Neretva_County_Dalmatia.html, /Attractions-g608716-Activities-Mokosica_Dubrovnik_Neretva_County_Dalmatia.html
