attraction_name, attraction_rate, attraction_type, attraction_url, attraction_parent_url
Church of St Peter and Paul, 4.0, Sights & Landmarks, /Attraction_Review-g676666-d2324807-Reviews-Church_of_St_Peter_and_Paul-Ilovik_Primorje_Gorski_Kotar_County.html, /Attractions-g676666-Activities-Ilovik_Primorje_Gorski_Kotar_County.html
Cemetery&& Sv. Petar, 4.0, Sights & Landmarks, /Attraction_Review-g676666-d2334100-Reviews-Cemetery_Sv_Petar-Ilovik_Primorje_Gorski_Kotar_County.html, /Attractions-g676666-Activities-Ilovik_Primorje_Gorski_Kotar_County.html
Olive mill, 3.0, Sights & Landmarks, /Attraction_Review-g676666-d2331322-Reviews-Olive_mill-Ilovik_Primorje_Gorski_Kotar_County.html, /Attractions-g676666-Activities-Ilovik_Primorje_Gorski_Kotar_County.html
Benedictine Monastery of St. Peter, 3.0, Sights & Landmarks, /Attraction_Review-g676666-d2331310-Reviews-Benedictine_Monastery_of_St_Peter-Ilovik_Primorje_Gorski_Kotar_County.html, /Attractions-g676666-Activities-Ilovik_Primorje_Gorski_Kotar_County.html
Fortica - Venetian Fort, 2.5, Sights & Landmarks, /Attraction_Review-g676666-d2345165-Reviews-Fortica_Venetian_Fort-Ilovik_Primorje_Gorski_Kotar_County.html, /Attractions-g676666-Activities-Ilovik_Primorje_Gorski_Kotar_County.html
