attraction_name, attraction_rate, attraction_type, attraction_url, attraction_parent_url
Kapetanovic Fortress, 4.0, Sights & Landmarks, /Attraction_Review-g1051515-d9993972-Reviews-Kapetanovic_Fortress-Vrgorac_Split_Dalmatia_County_Dalmatia.html, /Attractions-g1051515-Activities-Vrgorac_Split_Dalmatia_County_Dalmatia.html
Veliki Godinj, 4.5, Sights & Landmarks, /Attraction_Review-g1051515-d10533594-Reviews-Veliki_Godinj-Vrgorac_Split_Dalmatia_County_Dalmatia.html, /Attractions-g1051515-Activities-Vrgorac_Split_Dalmatia_County_Dalmatia.html
Tin Ujević Monument, 5.0, Sights & Landmarks, /Attraction_Review-g1051515-d9991610-Reviews-Tin_Ujevic_Monument-Vrgorac_Split_Dalmatia_County_Dalmatia.html, /Attractions-g1051515-Activities-Vrgorac_Split_Dalmatia_County_Dalmatia.html
The Church Of Annunciation Of The Blessed Virgin Mary, 4.0, Sights & Landmarks, /Attraction_Review-g1051515-d9993995-Reviews-The_Church_Of_Annunciation_Of_The_Blessed_Virgin_Mary-Vrgorac_Split_Dalmatia_Cou.html, /Attractions-g1051515-Activities-Vrgorac_Split_Dalmatia_County_Dalmatia.html
Winery Franić Krystal Modus, None, Food & Drink, /Attraction_Review-g1051515-d15074073-Reviews-Winery_Franic_Krystal_Modus-Vrgorac_Split_Dalmatia_County_Dalmatia.html, /Attractions-g1051515-Activities-Vrgorac_Split_Dalmatia_County_Dalmatia.html
Mate International, None, Nature & Parks, /Attraction_Review-g1051515-d20912558-Reviews-Mate_International-Vrgorac_Split_Dalmatia_County_Dalmatia.html, /Attractions-g1051515-Activities-Vrgorac_Split_Dalmatia_County_Dalmatia.html
Vrgorac - Central Dalmatia Croatia - Theme trails, None, Sights & Landmarks, /Attraction_Review-g1051515-d21003846-Reviews-Vrgorac_Central_Dalmatia_Croatia_Theme_trails-Vrgorac_Split_Dalmatia_County_Dal.html, /Attractions-g1051515-Activities-Vrgorac_Split_Dalmatia_County_Dalmatia.html
