attraction_name, attraction_rate, attraction_type, attraction_url, attraction_parent_url
Northern Velebit National Park, 4.5, Nature & Parks, /Attraction_Review-g6368970-d553257-Reviews-Northern_Velebit_National_Park-Krasno_Polje_Lika_Senj_County.html, /Attractions-g6368970-Activities-Krasno_Polje_Lika_Senj_County.html
Premuzic Trail, 5.0, Nature & Parks, /Attraction_Review-g6368970-d551300-Reviews-Premuzic_Trail-Krasno_Polje_Lika_Senj_County.html, /Attractions-g6368970-Activities-Krasno_Polje_Lika_Senj_County.html
Velebit House - Visitor Center, 4.5, Traveller Resources, /Attraction_Review-g6368970-d15098314-Reviews-Velebit_House_Visitor_Center-Krasno_Polje_Lika_Senj_County.html, /Attractions-g6368970-Activities-Krasno_Polje_Lika_Senj_County.html
National Park Sjeverni Velebit, 4.5, Sights & Landmarks, /Attraction_Review-g6368970-d12070995-Reviews-National_Park_Sjeverni_Velebit-Krasno_Polje_Lika_Senj_County.html, /Attractions-g6368970-Activities-Krasno_Polje_Lika_Senj_County.html
Forestry museum Krasno, None, Museums, /Attraction_Review-g6368970-d17416328-Reviews-Forestry_museum_Krasno-Krasno_Polje_Lika_Senj_County.html, /Attractions-g6368970-Activities-Krasno_Polje_Lika_Senj_County.html
Župna Crkva sv. Antuna Padovanskog, None, Sights & Landmarks, /Attraction_Review-g6368970-d22867255-Reviews-Zupna_Crkva_sv_Antuna_Padovanskog-Krasno_Polje_Lika_Senj_County.html, /Attractions-g6368970-Activities-Krasno_Polje_Lika_Senj_County.html
Svetiste Gospe od Krasna, None, Sights & Landmarks, /Attraction_Review-g6368970-d22851747-Reviews-Svetiste_Gospe_od_Krasna-Krasno_Polje_Lika_Senj_County.html, /Attractions-g6368970-Activities-Krasno_Polje_Lika_Senj_County.html
