attraction_name, attraction_rate, attraction_type, attraction_url, attraction_parent_url
Pucišca Stonemasonry School, 4.0, Sights & Landmarks, /Attraction_Review-g16672716-d10331181-Reviews-Pucisca_Stonemasonry_School-Pucisca_Split_Dalmatia_County_Dalmatia.html, /Attractions-g16672716-Activities-Pucisca_Split_Dalmatia_County_Dalmatia.html
Parish church of St. Jerome, 4.0, Sights & Landmarks, /Attraction_Review-g16672716-d17724760-Reviews-Parish_church_of_St_Jerome-Pucisca_Split_Dalmatia_County_Dalmatia.html, /Attractions-g16672716-Activities-Pucisca_Split_Dalmatia_County_Dalmatia.html
Pučišća - Central Dalmatia Croatia - Theme Trails, 4.0, Sights & Landmarks, /Attraction_Review-g16672716-d20993365-Reviews-Pucisca_Central_Dalmatia_Croatia_Theme_Trails-Pucisca_Split_Dalmatia_County_Da.html, /Attractions-g16672716-Activities-Pucisca_Split_Dalmatia_County_Dalmatia.html
Srce Brača Pučišća Central Dalmatia Croatia Bike Tracks, None, Nature & Parks, /Attraction_Review-g16672716-d20913759-Reviews-Srce_Braca_Pucisca_Central_Dalmatia_Croatia_Bike_Tracks-Pucisca_Split_Dalmatia.html, /Attractions-g16672716-Activities-Pucisca_Split_Dalmatia_County_Dalmatia.html
Pucisca - Central Dalmatia Croatia - Theme Trails, None, Sights & Landmarks, /Attraction_Review-g16672716-d21003765-Reviews-Pucisca_Central_Dalmatia_Croatia_Theme_Trails-Pucisca_Split_Dalmatia_County_Da.html, /Attractions-g16672716-Activities-Pucisca_Split_Dalmatia_County_Dalmatia.html
