attraction_name, attraction_rate, attraction_type, attraction_url, attraction_parent_url
Dinopark Funtana, 4.0, Water & Amusement Parks, /Attraction_Review-g608706-d4740648-Reviews-Dinopark_Funtana-Funtana_Istria.html, /Attractions-g608706-Activities-Funtana_Istria.html
Dolphin Tours Istria, 5.0, Boat Tours & Water Sports, /Attraction_Review-g608706-d15606399-Reviews-Dolphin_Tours_Istria-Funtana_Istria.html, /Attractions-g608706-Activities-Funtana_Istria.html
Istra Nautika (Marina Funtana), 3.5, Boat Tours & Water Sports, /Attraction_Review-g608706-d8013808-Reviews-Istra_Nautika_Marina_Funtana-Funtana_Istria.html, /Attractions-g608706-Activities-Funtana_Istria.html
Vinarija Eki-loza, 5.0, Nightlife, /Attraction_Review-g608706-d12922980-Reviews-Vinarija_Eki_loza-Funtana_Istria.html, /Attractions-g608706-Activities-Funtana_Istria.html
Beach Massage Istria, 5.0, Spas & Wellness, /Attraction_Review-g608706-d12515506-Reviews-Beach_Massage_Istria-Funtana_Istria.html, /Attractions-g608706-Activities-Funtana_Istria.html
Saliunca Souvenir Shop, None, Shopping, /Attraction_Review-g608706-d15015360-Reviews-Saliunca_Souvenir_Shop-Funtana_Istria.html, /Attractions-g608706-Activities-Funtana_Istria.html
Villa Borisi, None, Sights & Landmarks, /Attraction_Review-g608706-d14257943-Reviews-Villa_Borisi-Funtana_Istria.html, /Attractions-g608706-Activities-Funtana_Istria.html
Funtana charter, None, Boat Tours & Water Sports, /Attraction_Review-g608706-d19509832-Reviews-Funtana_charter-Funtana_Istria.html, /Attractions-g608706-Activities-Funtana_Istria.html
