attraction_name, attraction_rate, attraction_type, attraction_url, attraction_parent_url
Trsat Castle, 4.5, Sights & Landmarks, /Attraction_Review-g297516-d582106-Reviews-Trsat_Castle-Rijeka_Primorje_Gorski_Kotar_County.html, /Attractions-g297516-Activities-Rijeka_Primorje_Gorski_Kotar_County.html
Peek &amp; Poke Computer Museum, 5.0, Museums, /Attraction_Review-g297516-d3629157-Reviews-Peek_Poke_Computer_Museum-Rijeka_Primorje_Gorski_Kotar_County.html, /Attractions-g297516-Activities-Rijeka_Primorje_Gorski_Kotar_County.html
Kastav, 4.5, Sights & Landmarks, /Attraction_Review-g297516-d554741-Reviews-Kastav-Rijeka_Primorje_Gorski_Kotar_County.html, /Attractions-g297516-Activities-Rijeka_Primorje_Gorski_Kotar_County.html
Rijeka Central Market, 4.0, Food & Drink, /Attraction_Review-g297516-d8121666-Reviews-Rijeka_Central_Market-Rijeka_Primorje_Gorski_Kotar_County.html, /Attractions-g297516-Activities-Rijeka_Primorje_Gorski_Kotar_County.html
Shrine of Our Lady of Trsat, 4.0, Sights & Landmarks, /Attraction_Review-g297516-d4355572-Reviews-Shrine_of_Our_Lady_of_Trsat-Rijeka_Primorje_Gorski_Kotar_County.html, /Attractions-g297516-Activities-Rijeka_Primorje_Gorski_Kotar_County.html
Korzo, 4.0, Sights & Landmarks, /Attraction_Review-g297516-d4354058-Reviews-Korzo-Rijeka_Primorje_Gorski_Kotar_County.html, /Attractions-g297516-Activities-Rijeka_Primorje_Gorski_Kotar_County.html
Sablicevo, 4.5, Nature & Parks, /Attraction_Review-g297516-d12833757-Reviews-Sablicevo-Rijeka_Primorje_Gorski_Kotar_County.html, /Attractions-g297516-Activities-Rijeka_Primorje_Gorski_Kotar_County.html
St. Vitus Cathedral, 4.0, Museums, /Attraction_Review-g297516-d582104-Reviews-St_Vitus_Cathedral-Rijeka_Primorje_Gorski_Kotar_County.html, /Attractions-g297516-Activities-Rijeka_Primorje_Gorski_Kotar_County.html
Gradski Toranj (City Tower), 4.0, Sights & Landmarks, /Attraction_Review-g297516-d4355674-Reviews-Gradski_Toranj_City_Tower-Rijeka_Primorje_Gorski_Kotar_County.html, /Attractions-g297516-Activities-Rijeka_Primorje_Gorski_Kotar_County.html
Capuchin Church of Our Lady of Lourdes, 4.0, Sights & Landmarks, /Attraction_Review-g297516-d4355764-Reviews-Capuchin_Church_of_Our_Lady_of_Lourdes-Rijeka_Primorje_Gorski_Kotar_County.html, /Attractions-g297516-Activities-Rijeka_Primorje_Gorski_Kotar_County.html
Jadrolinija - Day Trips, 3.0, Transportation, /Attraction_Review-g297516-d554017-Reviews-Jadrolinija_Day_Trips-Rijeka_Primorje_Gorski_Kotar_County.html, /Attractions-g297516-Activities-Rijeka_Primorje_Gorski_Kotar_County.html
Molo Longo, 4.0, Sights & Landmarks, /Attraction_Review-g297516-d4355497-Reviews-Molo_Longo-Rijeka_Primorje_Gorski_Kotar_County.html, /Attractions-g297516-Activities-Rijeka_Primorje_Gorski_Kotar_County.html
Croatian National Theatre Ivan pl. Zajc, 4.0, Concerts & Shows, /Attraction_Review-g297516-d582102-Reviews-Croatian_National_Theatre_Ivan_pl_Zajc-Rijeka_Primorje_Gorski_Kotar_County.html, /Attractions-g297516-Activities-Rijeka_Primorje_Gorski_Kotar_County.html
Rijeka Carnival, 5.0, Events, /Attraction_Review-g297516-d10020380-Reviews-Rijeka_Carnival-Rijeka_Primorje_Gorski_Kotar_County.html, /Attractions-g297516-Activities-Rijeka_Primorje_Gorski_Kotar_County.html
Tunelri, 4.5, Sights & Landmarks, /Attraction_Review-g297516-d12804550-Reviews-Tunelri-Rijeka_Primorje_Gorski_Kotar_County.html, /Attractions-g297516-Activities-Rijeka_Primorje_Gorski_Kotar_County.html
Maritime and History Museum of the Croatian Littoral, 4.5, Museums, /Attraction_Review-g297516-d4355503-Reviews-Maritime_and_History_Museum_of_the_Croatian_Littoral-Rijeka_Primorje_Gorski_Kotar.html, /Attractions-g297516-Activities-Rijeka_Primorje_Gorski_Kotar_County.html
Plaza Glavanovo, 4.5, Nature & Parks, /Attraction_Review-g297516-d12833742-Reviews-Plaza_Glavanovo-Rijeka_Primorje_Gorski_Kotar_County.html, /Attractions-g297516-Activities-Rijeka_Primorje_Gorski_Kotar_County.html
Veprinac, 4.5, Sights & Landmarks, /Attraction_Review-g297516-d554664-Reviews-Veprinac-Rijeka_Primorje_Gorski_Kotar_County.html, /Attractions-g297516-Activities-Rijeka_Primorje_Gorski_Kotar_County.html
Astronomical Centre Rijeka, 4.5, Museums, /Attraction_Review-g297516-d3665006-Reviews-Astronomical_Centre_Rijeka-Rijeka_Primorje_Gorski_Kotar_County.html, /Attractions-g297516-Activities-Rijeka_Primorje_Gorski_Kotar_County.html
Old Gateway (Roman Arch), 4.0, Sights & Landmarks, /Attraction_Review-g297516-d4355687-Reviews-Old_Gateway_Roman_Arch-Rijeka_Primorje_Gorski_Kotar_County.html, /Attractions-g297516-Activities-Rijeka_Primorje_Gorski_Kotar_County.html
Saint Mary of the Assumption Church, 4.0, Sights & Landmarks, /Attraction_Review-g297516-d4355745-Reviews-Saint_Mary_of_the_Assumption_Church-Rijeka_Primorje_Gorski_Kotar_County.html, /Attractions-g297516-Activities-Rijeka_Primorje_Gorski_Kotar_County.html
Natural History Museum, 4.0, Museums, /Attraction_Review-g297516-d4355512-Reviews-Natural_History_Museum-Rijeka_Primorje_Gorski_Kotar_County.html, /Attractions-g297516-Activities-Rijeka_Primorje_Gorski_Kotar_County.html
The Modello Palace, 4.5, Sights & Landmarks, /Attraction_Review-g297516-d600430-Reviews-The_Modello_Palace-Rijeka_Primorje_Gorski_Kotar_County.html, /Attractions-g297516-Activities-Rijeka_Primorje_Gorski_Kotar_County.html
Rijeka Islamic Center, 4.5, Sights & Landmarks, /Attraction_Review-g297516-d7060705-Reviews-Rijeka_Islamic_Center-Rijeka_Primorje_Gorski_Kotar_County.html, /Attractions-g297516-Activities-Rijeka_Primorje_Gorski_Kotar_County.html
The Governor's Palace, 4.5, Museums, /Attraction_Review-g297516-d4355788-Reviews-The_Governor_s_Palace-Rijeka_Primorje_Gorski_Kotar_County.html, /Attractions-g297516-Activities-Rijeka_Primorje_Gorski_Kotar_County.html
Crystal Palace Casino, 4.0, Casinos & Gambling, /Attraction_Review-g297516-d10810084-Reviews-Crystal_Palace_Casino-Rijeka_Primorje_Gorski_Kotar_County.html, /Attractions-g297516-Activities-Rijeka_Primorje_Gorski_Kotar_County.html
Jadrolinija Ferry, 3.0, Transportation, /Attraction_Review-g297516-d12978350-Reviews-Jadrolinija_Ferry-Rijeka_Primorje_Gorski_Kotar_County.html, /Attractions-g297516-Activities-Rijeka_Primorje_Gorski_Kotar_County.html
Stube Petra Kružića, 4.0, Sights & Landmarks, /Attraction_Review-g297516-d11445125-Reviews-Stube_Petra_Kruzica-Rijeka_Primorje_Gorski_Kotar_County.html, /Attractions-g297516-Activities-Rijeka_Primorje_Gorski_Kotar_County.html
Old Torpedo–Launching Ramp, 3.5, Sights & Landmarks, /Attraction_Review-g297516-d4355510-Reviews-Old_Torpedo_Launching_Ramp-Rijeka_Primorje_Gorski_Kotar_County.html, /Attractions-g297516-Activities-Rijeka_Primorje_Gorski_Kotar_County.html
Bookstore Val, 5.0, Sights & Landmarks, /Attraction_Review-g297516-d17700850-Reviews-Bookstore_Val-Rijeka_Primorje_Gorski_Kotar_County.html, /Attractions-g297516-Activities-Rijeka_Primorje_Gorski_Kotar_County.html
