attraction_name, attraction_rate, attraction_type, attraction_url, attraction_parent_url
Fulfinum Mirine, 4.0, Sights & Landmarks, /Attraction_Review-g303822-d6999104-Reviews-Fulfinum_Mirine-Omisalj_Krk_Island_Kvarner_Bay_Islands_Primorje_Gorski_Kotar_Coun.html, /Attractions-g303824-Activities-Krk_Island_Kvarner_Bay_Islands_Primorje_Gorski_Kotar_County.html
Chiesa Di Santa Lucia, 4.5, Sights & Landmarks, /Attraction_Review-g303800-d15053341-Reviews-Chiesa_Di_Santa_Lucia-Baska_Krk_Island_Kvarner_Bay_Islands_Primorje_Gorski_Kotar.html, /Attractions-g303824-Activities-Krk_Island_Kvarner_Bay_Islands_Primorje_Gorski_Kotar_County.html
Magneli Beach, 4.0, Nature & Parks, /Attraction_Review-g4560249-d8567523-Reviews-Magneli_Beach-Brzac_Krk_Island_Kvarner_Bay_Islands_Primorje_Gorski_Kotar_County.html, /Attractions-g303824-Activities-Krk_Island_Kvarner_Bay_Islands_Primorje_Gorski_Kotar_County.html
Kuća Vina Ivan Katunar, 4.5, Food & Drink, /Attraction_Review-g1067963-d8540683-Reviews-Kuca_Vina_Ivan_Katunar-Vrbnik_Krk_Island_Kvarner_Bay_Islands_Primorje_Gorski_Kot.html, /Attractions-g303824-Activities-Krk_Island_Kvarner_Bay_Islands_Primorje_Gorski_Kotar_County.html
Klancic Narrow Street, 4.0, Sights & Landmarks, /Attraction_Review-g1067963-d10818301-Reviews-Klancic_Narrow_Street-Vrbnik_Krk_Island_Kvarner_Bay_Islands_Primorje_Gorski_Kot.html, /Attractions-g303824-Activities-Krk_Island_Kvarner_Bay_Islands_Primorje_Gorski_Kotar_County.html
Oprna Bay, 5.0, Nature & Parks, /Attraction_Review-g3746060-d10838245-Reviews-Oprna_Bay-Stara_Baska_Krk_Island_Kvarner_Bay_Islands_Primorje_Gorski_Kotar_Coun.html, /Attractions-g303824-Activities-Krk_Island_Kvarner_Bay_Islands_Primorje_Gorski_Kotar_County.html
Our Lady of the Assumption - Omišalj, 4.5, Sights & Landmarks, /Attraction_Review-g303822-d6999107-Reviews-Our_Lady_of_the_Assumption_Omisalj-Omisalj_Krk_Island_Kvarner_Bay_Islands_Primorj.html, /Attractions-g303824-Activities-Krk_Island_Kvarner_Bay_Islands_Primorje_Gorski_Kotar_County.html
Our Lady of the Assumption - Vrbnik, 4.5, Sights & Landmarks, /Attraction_Review-g1067963-d7001916-Reviews-Our_Lady_of_the_Assumption_Vrbnik-Vrbnik_Krk_Island_Kvarner_Bay_Islands_Primorje.html, /Attractions-g303824-Activities-Krk_Island_Kvarner_Bay_Islands_Primorje_Gorski_Kotar_County.html
Adriatic aquarium Baška, 3.0, Zoos & Aquariums, /Attraction_Review-g303800-d8542085-Reviews-Adriatic_aquarium_Baska-Baska_Krk_Island_Kvarner_Bay_Islands_Primorje_Gorski_Kota.html, /Attractions-g303824-Activities-Krk_Island_Kvarner_Bay_Islands_Primorje_Gorski_Kotar_County.html
Punat Beach, 4.0, Nature & Parks, /Attraction_Review-g303830-d15856395-Reviews-Punat_Beach-Punat_Krk_Island_Kvarner_Bay_Islands_Primorje_Gorski_Kotar_County.html, /Attractions-g303824-Activities-Krk_Island_Kvarner_Bay_Islands_Primorje_Gorski_Kotar_County.html
Katunar, 4.5, Food & Drink, /Attraction_Review-g1067963-d11800738-Reviews-Katunar-Vrbnik_Krk_Island_Kvarner_Bay_Islands_Primorje_Gorski_Kotar_County.html, /Attractions-g303824-Activities-Krk_Island_Kvarner_Bay_Islands_Primorje_Gorski_Kotar_County.html
Church of St. Roch, 4.0, Sights & Landmarks, /Attraction_Review-g303830-d6028419-Reviews-Church_of_St_Roch-Punat_Krk_Island_Kvarner_Bay_Islands_Primorje_Gorski_Kotar_Coun.html, /Attractions-g303824-Activities-Krk_Island_Kvarner_Bay_Islands_Primorje_Gorski_Kotar_County.html
Church of St. Donatus, 4.5, Sights & Landmarks, /Attraction_Review-g303830-d6028377-Reviews-Church_of_St_Donatus-Punat_Krk_Island_Kvarner_Bay_Islands_Primorje_Gorski_Kotar_C.html, /Attractions-g303824-Activities-Krk_Island_Kvarner_Bay_Islands_Primorje_Gorski_Kotar_County.html
The Old House Of Vrbnik, 4.5, Museums, /Attraction_Review-g1067963-d12702150-Reviews-The_Old_House_Of_Vrbnik-Vrbnik_Krk_Island_Kvarner_Bay_Islands_Primorje_Gorski_K.html, /Attractions-g303824-Activities-Krk_Island_Kvarner_Bay_Islands_Primorje_Gorski_Kotar_County.html
Voscica Lighthouse, 3.5, Sights & Landmarks, /Attraction_Review-g303822-d7272317-Reviews-Voscica_Lighthouse-Omisalj_Krk_Island_Kvarner_Bay_Islands_Primorje_Gorski_Kotar_C.html, /Attractions-g303824-Activities-Krk_Island_Kvarner_Bay_Islands_Primorje_Gorski_Kotar_County.html
Church of St. Nicholas, 3.5, Sights & Landmarks, /Attraction_Review-g303830-d6028423-Reviews-Church_of_St_Nicholas-Punat_Krk_Island_Kvarner_Bay_Islands_Primorje_Gorski_Kotar_.html, /Attractions-g303824-Activities-Krk_Island_Kvarner_Bay_Islands_Primorje_Gorski_Kotar_County.html
Chapel of St. Peter Remains, 4.0, Sights & Landmarks, /Attraction_Review-g303830-d6028357-Reviews-Chapel_of_St_Peter_Remains-Punat_Krk_Island_Kvarner_Bay_Islands_Primorje_Gorski_K.html, /Attractions-g303824-Activities-Krk_Island_Kvarner_Bay_Islands_Primorje_Gorski_Kotar_County.html
Vitezić family library, 4.0, Traveller Resources, /Attraction_Review-g1067963-d6999105-Reviews-Vitezic_family_library-Vrbnik_Krk_Island_Kvarner_Bay_Islands_Primorje_Gorski_Kot.html, /Attractions-g303824-Activities-Krk_Island_Kvarner_Bay_Islands_Primorje_Gorski_Kotar_County.html
Church of St. Trinity, 3.0, Sights & Landmarks, /Attraction_Review-g303830-d7098514-Reviews-Church_of_St_Trinity-Punat_Krk_Island_Kvarner_Bay_Islands_Primorje_Gorski_Kotar_C.html, /Attractions-g303824-Activities-Krk_Island_Kvarner_Bay_Islands_Primorje_Gorski_Kotar_County.html
Baska Beach, 4.0, Nature & Parks, /Attraction_Review-g3746060-d16668341-Reviews-Baska_Beach-Stara_Baska_Krk_Island_Kvarner_Bay_Islands_Primorje_Gorski_Kotar_Co.html, /Attractions-g303824-Activities-Krk_Island_Kvarner_Bay_Islands_Primorje_Gorski_Kotar_County.html
Beach Medane, 5.0, Nature & Parks, /Attraction_Review-g303830-d20220675-Reviews-Beach_Medane-Punat_Krk_Island_Kvarner_Bay_Islands_Primorje_Gorski_Kotar_County.html, /Attractions-g303824-Activities-Krk_Island_Kvarner_Bay_Islands_Primorje_Gorski_Kotar_County.html
Krk Frankopanski kastel, 5.0, Sights & Landmarks, /Attraction_Review-g303824-d18083760-Reviews-Krk_Frankopanski_kastel-Krk_Island_Kvarner_Bay_Islands_Primorje_Gorski_Kotar_Cou.html, /Attractions-g303824-Activities-Krk_Island_Kvarner_Bay_Islands_Primorje_Gorski_Kotar_County.html
Kamplin Square, 4.0, Sights & Landmarks, /Attraction_Review-g1067956-d16800994-Reviews-Kamplin_Square-Krk_Krk_Island_Kvarner_Bay_Islands_Primorje_Gorski_Kotar_County.html, /Attractions-g303824-Activities-Krk_Island_Kvarner_Bay_Islands_Primorje_Gorski_Kotar_County.html
Rajska šetnica, 5.0, Sights & Landmarks, /Attraction_Review-g968322-d21346139-Reviews-Rajska_setnica-Malinska_Krk_Island_Kvarner_Bay_Islands_Primorje_Gorski_Kotar_Cou.html, /Attractions-g303824-Activities-Krk_Island_Kvarner_Bay_Islands_Primorje_Gorski_Kotar_County.html
Hotel Palace Haludovo, 5.0, Sights & Landmarks, /Attraction_Review-g968322-d21166006-Reviews-Hotel_Palace_Haludovo-Malinska_Krk_Island_Kvarner_Bay_Islands_Primorje_Gorski_Ko.html, /Attractions-g303824-Activities-Krk_Island_Kvarner_Bay_Islands_Primorje_Gorski_Kotar_County.html
Vrženica Canyon, 5.0, Nature & Parks, /Attraction_Review-g303800-d21119768-Reviews-Vrzenica_Canyon-Baska_Krk_Island_Kvarner_Bay_Islands_Primorje_Gorski_Kotar_Count.html, /Attractions-g303824-Activities-Krk_Island_Kvarner_Bay_Islands_Primorje_Gorski_Kotar_County.html
Chapel of St. George Remains, None, Sights & Landmarks, /Attraction_Review-g303830-d6028367-Reviews-Chapel_of_St_George_Remains-Punat_Krk_Island_Kvarner_Bay_Islands_Primorje_Gorski_.html, /Attractions-g303824-Activities-Krk_Island_Kvarner_Bay_Islands_Primorje_Gorski_Kotar_County.html
Church of St. Andrew, None, Sights & Landmarks, /Attraction_Review-g303830-d6028394-Reviews-Church_of_St_Andrew-Punat_Krk_Island_Kvarner_Bay_Islands_Primorje_Gorski_Kotar_Co.html, /Attractions-g303824-Activities-Krk_Island_Kvarner_Bay_Islands_Primorje_Gorski_Kotar_County.html
Parish Church of the Holy Trinity, None, Sights & Landmarks, /Attraction_Review-g303830-d6028437-Reviews-Parish_Church_of_the_Holy_Trinity-Punat_Krk_Island_Kvarner_Bay_Islands_Primorje_G.html, /Attractions-g303824-Activities-Krk_Island_Kvarner_Bay_Islands_Primorje_Gorski_Kotar_County.html
Redagara Beach, None, Nature & Parks, /Attraction_Review-g303824-d18919735-Reviews-Redagara_Beach-Krk_Island_Kvarner_Bay_Islands_Primorje_Gorski_Kotar_County.html, /Attractions-g303824-Activities-Krk_Island_Kvarner_Bay_Islands_Primorje_Gorski_Kotar_County.html
