attraction_name, attraction_rate, attraction_type, attraction_url, attraction_parent_url
Medieval Theme Park Sanc. Michael, 5.0, Water & Amusement Parks, /Attraction_Review-g303836-d12640319-Reviews-Medieval_Theme_Park_Sanc_Michael-Svetvincenat_Istria.html, /Attractions-g303836-Activities-Svetvincenat_Istria.html
Svetvincenat's loggia, 4.5, Sights & Landmarks, /Attraction_Review-g303836-d554863-Reviews-Svetvincenat_s_loggia-Svetvincenat_Istria.html, /Attractions-g303836-Activities-Svetvincenat_Istria.html
Church of St. Catherine, 4.0, Sights & Landmarks, /Attraction_Review-g303836-d554359-Reviews-Church_of_St_Catherine-Svetvincenat_Istria.html, /Attractions-g303836-Activities-Svetvincenat_Istria.html
Cistern, 4.0, Sights & Landmarks, /Attraction_Review-g303836-d554861-Reviews-Cistern-Svetvincenat_Istria.html, /Attractions-g303836-Activities-Svetvincenat_Istria.html
Kažun, 1.0, Sights & Landmarks, /Attraction_Review-g303836-d554866-Reviews-Kazun-Svetvincenat_Istria.html, /Attractions-g303836-Activities-Svetvincenat_Istria.html
Morosini Grimani Castle Svetvincenat, 4.5, Fun & Games, /Attraction_Review-g303836-d10783677-Reviews-Morosini_Grimani_Castle_Svetvincenat-Svetvincenat_Istria.html, /Attractions-g303836-Activities-Svetvincenat_Istria.html
Medieval Nights in the Castle, 4.5, Concerts & Shows, /Attraction_Review-g303836-d10546812-Reviews-Medieval_Nights_in_the_Castle-Svetvincenat_Istria.html, /Attractions-g303836-Activities-Svetvincenat_Istria.html
Caffe bar Žlinja, 5.0, Nightlife, /Attraction_Review-g303836-d21198729-Reviews-Caffe_bar_Zlinja-Svetvincenat_Istria.html, /Attractions-g303836-Activities-Svetvincenat_Istria.html
Mare Witch House, 3.5, Fun & Games, /Attraction_Review-g303836-d14910118-Reviews-Mare_Witch_House-Svetvincenat_Istria.html, /Attractions-g303836-Activities-Svetvincenat_Istria.html
Kampanjola Eko Bira, None, Food & Drink, /Attraction_Review-g303836-d15192043-Reviews-Kampanjola_Eko_Bira-Svetvincenat_Istria.html, /Attractions-g303836-Activities-Svetvincenat_Istria.html
