attraction_name, attraction_rate, attraction_type, attraction_url, attraction_parent_url
Luna, 5.0, Shopping, /Attraction_Review-g12559635-d2665113-Reviews-Luna-Grizane_Belgrad_Primorje_Gorski_Kotar_County.html, /Attractions-g12559635-Activities-Grizane_Belgrad_Primorje_Gorski_Kotar_County.html
Kuća Klović, None, Museums, /Attraction_Review-g12559635-d14208686-Reviews-Kuca_Klovic-Grizane_Belgrad_Primorje_Gorski_Kotar_County.html, /Attractions-g12559635-Activities-Grizane_Belgrad_Primorje_Gorski_Kotar_County.html
Župna crkva Sv Martina, None, Sights & Landmarks, /Attraction_Review-g12559635-d21276651-Reviews-Zupna_crkva_Sv_Martina-Grizane_Belgrad_Primorje_Gorski_Kotar_County.html, /Attractions-g12559635-Activities-Grizane_Belgrad_Primorje_Gorski_Kotar_County.html
Crkva Gospe Snježne, None, Sights & Landmarks, /Attraction_Review-g12559635-d21277463-Reviews-Crkva_Gospe_Snjezne-Grizane_Belgrad_Primorje_Gorski_Kotar_County.html, /Attractions-g12559635-Activities-Grizane_Belgrad_Primorje_Gorski_Kotar_County.html
Crkva Sv Roka, None, Sights & Landmarks, /Attraction_Review-g12559635-d21277449-Reviews-Crkva_Sv_Roka-Grizane_Belgrad_Primorje_Gorski_Kotar_County.html, /Attractions-g12559635-Activities-Grizane_Belgrad_Primorje_Gorski_Kotar_County.html
