attraction_name, attraction_rate, attraction_type, attraction_url, attraction_parent_url
Makirina Trail, 4.0, Nature & Parks, /Attraction_Review-g1096201-d6028498-Reviews-Makirina_Trail-Pirovac_Sibenik_Knin_County_Dalmatia.html, /Attractions-g1096201-Activities-Pirovac_Sibenik_Knin_County_Dalmatia.html
Village Gates, 4.0, Sights & Landmarks, /Attraction_Review-g1096201-d6033664-Reviews-Village_Gates-Pirovac_Sibenik_Knin_County_Dalmatia.html, /Attractions-g1096201-Activities-Pirovac_Sibenik_Knin_County_Dalmatia.html
Lolic Beach, 3.5, Nature & Parks, /Attraction_Review-g1096201-d6028501-Reviews-Lolic_Beach-Pirovac_Sibenik_Knin_County_Dalmatia.html, /Attractions-g1096201-Activities-Pirovac_Sibenik_Knin_County_Dalmatia.html
Monument to King Tomislav, 2.5, Sights & Landmarks, /Attraction_Review-g1096201-d6038158-Reviews-Monument_to_King_Tomislav-Pirovac_Sibenik_Knin_County_Dalmatia.html, /Attractions-g1096201-Activities-Pirovac_Sibenik_Knin_County_Dalmatia.html
Barbarella's Discotheque, 4.5, Nightlife, /Attraction_Review-g1096201-d6436519-Reviews-Barbarella_s_Discotheque-Pirovac_Sibenik_Knin_County_Dalmatia.html, /Attractions-g1096201-Activities-Pirovac_Sibenik_Knin_County_Dalmatia.html
Pirovac Bay, 3.5, Outdoor Activities, /Attraction_Review-g1096201-d6028460-Reviews-Pirovac_Bay-Pirovac_Sibenik_Knin_County_Dalmatia.html, /Attractions-g1096201-Activities-Pirovac_Sibenik_Knin_County_Dalmatia.html
Winery Livaić, None, Food & Drink, /Attraction_Review-g1096201-d17546160-Reviews-Winery_Livaic-Pirovac_Sibenik_Knin_County_Dalmatia.html, /Attractions-g1096201-Activities-Pirovac_Sibenik_Knin_County_Dalmatia.html
