attraction_name, attraction_rate, attraction_type, attraction_url, attraction_parent_url
Perna Inlet, 4.5, Nature & Parks, /Attraction_Review-g2485270-d10029265-Reviews-Perna_Inlet-Sucuraj_Hvar_Island_Split_Dalmatia_County_Dalmatia.html, /Attractions-g2485270-Activities-Sucuraj_Hvar_Island_Split_Dalmatia_County_Dalmatia.html
St Nicholas, 5.0, Sights & Landmarks, /Attraction_Review-g2485270-d10037109-Reviews-St_Nicholas-Sucuraj_Hvar_Island_Split_Dalmatia_County_Dalmatia.html, /Attractions-g2485270-Activities-Sucuraj_Hvar_Island_Split_Dalmatia_County_Dalmatia.html
Church of St George, 4.0, Sights & Landmarks, /Attraction_Review-g2485270-d10037051-Reviews-Church_of_St_George-Sucuraj_Hvar_Island_Split_Dalmatia_County_Dalmatia.html, /Attractions-g2485270-Activities-Sucuraj_Hvar_Island_Split_Dalmatia_County_Dalmatia.html
Fortica, 1.0, Sights & Landmarks, /Attraction_Review-g2485270-d17728079-Reviews-Fortica-Sucuraj_Hvar_Island_Split_Dalmatia_County_Dalmatia.html, /Attractions-g2485270-Activities-Sucuraj_Hvar_Island_Split_Dalmatia_County_Dalmatia.html
Hvar - Sućuraj - Central Dalmatia Croatia - Bike Tracks, None, Nature & Parks, /Attraction_Review-g2485270-d20329845-Reviews-Hvar_Sucuraj_Central_Dalmatia_Croatia_Bike_Tracks-Sucuraj_Hvar_Island_Split_Dal.html, /Attractions-g2485270-Activities-Sucuraj_Hvar_Island_Split_Dalmatia_County_Dalmatia.html
