attraction_name, attraction_rate, attraction_type, attraction_url, attraction_parent_url
Old Wine Cellars, 4.5, Sights & Landmarks, /Attraction_Review-g1034767-d2627172-Reviews-Old_Wine_Cellars-Ilok_Vukovar_Syrmia_County_Slavonia.html, /Attractions-g1034767-Activities-Ilok_Vukovar_Syrmia_County_Slavonia.html
Castle Odescalchi-Museum of Ilok, 4.5, Museums, /Attraction_Review-g1034767-d2627159-Reviews-Castle_Odescalchi_Museum_of_Ilok-Ilok_Vukovar_Syrmia_County_Slavonia.html, /Attractions-g1034767-Activities-Ilok_Vukovar_Syrmia_County_Slavonia.html
Principovac Country Estate, 4.5, Food & Drink, /Attraction_Review-g1034767-d2634437-Reviews-Principovac_Country_Estate-Ilok_Vukovar_Syrmia_County_Slavonia.html, /Attractions-g1034767-Activities-Ilok_Vukovar_Syrmia_County_Slavonia.html
Medieval Ilok Fortress, 4.5, Sights & Landmarks, /Attraction_Review-g1034767-d2627163-Reviews-Medieval_Ilok_Fortress-Ilok_Vukovar_Syrmia_County_Slavonia.html, /Attractions-g1034767-Activities-Ilok_Vukovar_Syrmia_County_Slavonia.html
Vinarija Knezovic, 4.0, Food & Drink, /Attraction_Review-g1034767-d15680477-Reviews-Vinarija_Knezovic-Ilok_Vukovar_Syrmia_County_Slavonia.html, /Attractions-g1034767-Activities-Ilok_Vukovar_Syrmia_County_Slavonia.html
Sanctuary&& Church and Friary of St. John of Capistrano, 4.0, Sights & Landmarks, /Attraction_Review-g1034767-d13492697-Reviews-Sanctuary_Church_and_Friary_of_St_John_of_Capistrano-Ilok_Vukovar_Syrmia_County.html, /Attractions-g1034767-Activities-Ilok_Vukovar_Syrmia_County_Slavonia.html
Pro-Travel, 4.5, Food & Drink, /Attraction_Review-g1034767-d9582341-Reviews-Pro_Travel-Ilok_Vukovar_Syrmia_County_Slavonia.html, /Attractions-g1034767-Activities-Ilok_Vukovar_Syrmia_County_Slavonia.html
Podrumi Krešić, None, Food & Drink, /Attraction_Review-g1034767-d12429578-Reviews-Podrumi_Kresic-Ilok_Vukovar_Syrmia_County_Slavonia.html, /Attractions-g1034767-Activities-Ilok_Vukovar_Syrmia_County_Slavonia.html
