attraction_name, attraction_rate, attraction_type, attraction_url, attraction_parent_url
Beach Sulic, 4.5, Nature & Parks, /Attraction_Review-g295371-d17813241-Reviews-Beach_Sulic-Dubrovnik_Dubrovnik_Neretva_County_Dalmatia.html, /Attractions-g295371-Activities-Dubrovnik_Dubrovnik_Neretva_County_Dalmatia.html
Plaza Ovrata, 5.0, Nature & Parks, /Attraction_Review-g295371-d12885473-Reviews-Plaza_Ovrata-Dubrovnik_Dubrovnik_Neretva_County_Dalmatia.html, /Attractions-g295371-Activities-Dubrovnik_Dubrovnik_Neretva_County_Dalmatia.html
Charlotte's Well, 3.0, Sights & Landmarks, /Attraction_Review-g295371-d13002118-Reviews-Charlotte_s_Well-Dubrovnik_Dubrovnik_Neretva_County_Dalmatia.html, /Attractions-g295371-Activities-Dubrovnik_Dubrovnik_Neretva_County_Dalmatia.html
Sigurata Church and Museum, 4.5, Sights & Landmarks, /Attraction_Review-g295371-d9743073-Reviews-Sigurata_Church_and_Museum-Dubrovnik_Dubrovnik_Neretva_County_Dalmatia.html, /Attractions-g295371-Activities-Dubrovnik_Dubrovnik_Neretva_County_Dalmatia.html
Owl Head, 4.0, Sights & Landmarks, /Attraction_Review-g295371-d19402300-Reviews-Owl_Head-Dubrovnik_Dubrovnik_Neretva_County_Dalmatia.html, /Attractions-g295371-Activities-Dubrovnik_Dubrovnik_Neretva_County_Dalmatia.html
Church of the Holy Cross, 5.0, Sights & Landmarks, /Attraction_Review-g295371-d9743564-Reviews-Church_of_the_Holy_Cross-Dubrovnik_Dubrovnik_Neretva_County_Dalmatia.html, /Attractions-g295371-Activities-Dubrovnik_Dubrovnik_Neretva_County_Dalmatia.html
Church of St Michael, 3.5, Sights & Landmarks, /Attraction_Review-g295371-d9743647-Reviews-Church_of_St_Michael-Dubrovnik_Dubrovnik_Neretva_County_Dalmatia.html, /Attractions-g295371-Activities-Dubrovnik_Dubrovnik_Neretva_County_Dalmatia.html
Nikola Mihanovic Fountain, 3.0, Sights & Landmarks, /Attraction_Review-g295371-d12962638-Reviews-Nikola_Mihanovic_Fountain-Dubrovnik_Dubrovnik_Neretva_County_Dalmatia.html, /Attractions-g295371-Activities-Dubrovnik_Dubrovnik_Neretva_County_Dalmatia.html
Mandrac Beach, 4.0, Outdoor Activities, /Attraction_Review-g295371-d17695236-Reviews-Mandrac_Beach-Dubrovnik_Dubrovnik_Neretva_County_Dalmatia.html, /Attractions-g295371-Activities-Dubrovnik_Dubrovnik_Neretva_County_Dalmatia.html
Church of St Mary of the Castle, 4.0, Sights & Landmarks, /Attraction_Review-g295371-d9743075-Reviews-Church_of_St_Mary_of_the_Castle-Dubrovnik_Dubrovnik_Neretva_County_Dalmatia.html, /Attractions-g295371-Activities-Dubrovnik_Dubrovnik_Neretva_County_Dalmatia.html
Church of San Salvador, 3.5, Sights & Landmarks, /Attraction_Review-g295371-d12918369-Reviews-Church_of_San_Salvador-Dubrovnik_Dubrovnik_Neretva_County_Dalmatia.html, /Attractions-g295371-Activities-Dubrovnik_Dubrovnik_Neretva_County_Dalmatia.html
Church of Our Lady of Mercy, 3.5, Sights & Landmarks, /Attraction_Review-g295371-d9743635-Reviews-Church_of_Our_Lady_of_Mercy-Dubrovnik_Dubrovnik_Neretva_County_Dalmatia.html, /Attractions-g295371-Activities-Dubrovnik_Dubrovnik_Neretva_County_Dalmatia.html
Chapel S. Luca, 3.0, Sights & Landmarks, /Attraction_Review-g295371-d13807897-Reviews-Chapel_S_Luca-Dubrovnik_Dubrovnik_Neretva_County_Dalmatia.html, /Attractions-g295371-Activities-Dubrovnik_Dubrovnik_Neretva_County_Dalmatia.html
Exhibition of Sea Creatures, 3.0, Museums, /Attraction_Review-g295371-d8364039-Reviews-Exhibition_of_Sea_Creatures-Dubrovnik_Dubrovnik_Neretva_County_Dalmatia.html, /Attractions-g295371-Activities-Dubrovnik_Dubrovnik_Neretva_County_Dalmatia.html
Church of St James Pipunar, 4.0, Sights & Landmarks, /Attraction_Review-g295371-d12981082-Reviews-Church_of_St_James_Pipunar-Dubrovnik_Dubrovnik_Neretva_County_Dalmatia.html, /Attractions-g295371-Activities-Dubrovnik_Dubrovnik_Neretva_County_Dalmatia.html
Photo Gallery Carmel, 4.0, Museums, /Attraction_Review-g295371-d2216837-Reviews-Photo_Gallery_Carmel-Dubrovnik_Dubrovnik_Neretva_County_Dalmatia.html, /Attractions-g295371-Activities-Dubrovnik_Dubrovnik_Neretva_County_Dalmatia.html
Virtual Museum of City of Dubrovnik, 5.0, Museums, /Attraction_Review-g295371-d9743681-Reviews-Virtual_Museum_of_City_of_Dubrovnik-Dubrovnik_Dubrovnik_Neretva_County_Dalmatia.html, /Attractions-g295371-Activities-Dubrovnik_Dubrovnik_Neretva_County_Dalmatia.html
Church of St Roch, 3.5, Sights & Landmarks, /Attraction_Review-g295371-d13023678-Reviews-Church_of_St_Roch-Dubrovnik_Dubrovnik_Neretva_County_Dalmatia.html, /Attractions-g295371-Activities-Dubrovnik_Dubrovnik_Neretva_County_Dalmatia.html
Church of St Margaret, 4.0, Sights & Landmarks, /Attraction_Review-g295371-d9740422-Reviews-Church_of_St_Margaret-Dubrovnik_Dubrovnik_Neretva_County_Dalmatia.html, /Attractions-g295371-Activities-Dubrovnik_Dubrovnik_Neretva_County_Dalmatia.html
St. Luke's Church, 3.5, Sights & Landmarks, /Attraction_Review-g295371-d12981040-Reviews-St_Luke_s_Church-Dubrovnik_Dubrovnik_Neretva_County_Dalmatia.html, /Attractions-g295371-Activities-Dubrovnik_Dubrovnik_Neretva_County_Dalmatia.html
Church of St Nicholas of the Shipyard, 3.0, Sights & Landmarks, /Attraction_Review-g295371-d9743565-Reviews-Church_of_St_Nicholas_of_the_Shipyard-Dubrovnik_Dubrovnik_Neretva_County_Dalmatia.html, /Attractions-g295371-Activities-Dubrovnik_Dubrovnik_Neretva_County_Dalmatia.html
Gunduliceva Poljana Market, 5.0, Food & Drink, /Attraction_Review-g295371-d20715227-Reviews-Gunduliceva_Poljana_Market-Dubrovnik_Dubrovnik_Neretva_County_Dalmatia.html, /Attractions-g295371-Activities-Dubrovnik_Dubrovnik_Neretva_County_Dalmatia.html
Šetalište Nika i Meda Pucića, 4.0, Nature & Parks, /Attraction_Review-g295371-d21273526-Reviews-Setaliste_Nika_i_Meda_Pucica-Dubrovnik_Dubrovnik_Neretva_County_Dalmatia.html, /Attractions-g295371-Activities-Dubrovnik_Dubrovnik_Neretva_County_Dalmatia.html
Jewish Fountain, 4.0, Sights & Landmarks, /Attraction_Review-g295371-d21331497-Reviews-Jewish_Fountain-Dubrovnik_Dubrovnik_Neretva_County_Dalmatia.html, /Attractions-g295371-Activities-Dubrovnik_Dubrovnik_Neretva_County_Dalmatia.html
Statue of Aphrodite and Pan., 4.0, Sights & Landmarks, /Attraction_Review-g295371-d21315499-Reviews-Statue_of_Aphrodite_and_Pan-Dubrovnik_Dubrovnik_Neretva_County_Dalmatia.html, /Attractions-g295371-Activities-Dubrovnik_Dubrovnik_Neretva_County_Dalmatia.html
Lion Head Fountain, 4.0, Sights & Landmarks, /Attraction_Review-g295371-d21320326-Reviews-Lion_Head_Fountain-Dubrovnik_Dubrovnik_Neretva_County_Dalmatia.html, /Attractions-g295371-Activities-Dubrovnik_Dubrovnik_Neretva_County_Dalmatia.html
Jesuit Staircase, 4.0, Sights & Landmarks, /Attraction_Review-g295371-d21309305-Reviews-Jesuit_Staircase-Dubrovnik_Dubrovnik_Neretva_County_Dalmatia.html, /Attractions-g295371-Activities-Dubrovnik_Dubrovnik_Neretva_County_Dalmatia.html
Kolorina Bay, 4.0, Nature & Parks, /Attraction_Review-g295371-d21309317-Reviews-Kolorina_Bay-Dubrovnik_Dubrovnik_Neretva_County_Dalmatia.html, /Attractions-g295371-Activities-Dubrovnik_Dubrovnik_Neretva_County_Dalmatia.html
Park Orsula, 4.0, Sights & Landmarks, /Attraction_Review-g295371-d21042814-Reviews-Park_Orsula-Dubrovnik_Dubrovnik_Neretva_County_Dalmatia.html, /Attractions-g295371-Activities-Dubrovnik_Dubrovnik_Neretva_County_Dalmatia.html
Church of St James, None, Sights & Landmarks, /Attraction_Review-g295371-d9743498-Reviews-Church_of_St_James-Dubrovnik_Dubrovnik_Neretva_County_Dalmatia.html, /Attractions-g295371-Activities-Dubrovnik_Dubrovnik_Neretva_County_Dalmatia.html
