attraction_name, attraction_rate, attraction_type, attraction_url, attraction_parent_url
Vielle ville de Labin, 4.0, Sights & Landmarks, /Attraction_Review-g1077176-d4731857-Reviews-Vielle_ville_de_Labin-Labin_Istria.html, /Attractions-g1077176-Activities-Labin_Istria.html
Blessed Virgin Mary's Birth, 4.5, Sights & Landmarks, /Attraction_Review-g1077176-d14053760-Reviews-Blessed_Virgin_Mary_s_Birth-Labin_Istria.html, /Attractions-g1077176-Activities-Labin_Istria.html
Narodni muzej, 4.5, Museums, /Attraction_Review-g1077176-d12730598-Reviews-Narodni_muzej-Labin_Istria.html, /Attractions-g1077176-Activities-Labin_Istria.html
Fortica Viewpoint Labin, 5.0, Sights & Landmarks, /Attraction_Review-g1077176-d14310057-Reviews-Fortica_Viewpoint_Labin-Labin_Istria.html, /Attractions-g1077176-Activities-Labin_Istria.html
Zvonik Sv. Justa, 5.0, Sights & Landmarks, /Attraction_Review-g1077176-d15134842-Reviews-Zvonik_Sv_Justa-Labin_Istria.html, /Attractions-g1077176-Activities-Labin_Istria.html
Porta Sanfior, 4.5, Sights & Landmarks, /Attraction_Review-g1077176-d14062613-Reviews-Porta_Sanfior-Labin_Istria.html, /Attractions-g1077176-Activities-Labin_Istria.html
Dubrova Sculpture Park, 4.5, Nature & Parks, /Attraction_Review-g1077176-d15046598-Reviews-Dubrova_Sculpture_Park-Labin_Istria.html, /Attractions-g1077176-Activities-Labin_Istria.html
Merania ceramic manufacture, 5.0, Museums, /Attraction_Review-g1077176-d12608395-Reviews-Merania_ceramic_manufacture-Labin_Istria.html, /Attractions-g1077176-Activities-Labin_Istria.html
Sentona's Trail, 4.0, Nature & Parks, /Attraction_Review-g1077176-d15140518-Reviews-Sentona_s_Trail-Labin_Istria.html, /Attractions-g1077176-Activities-Labin_Istria.html
Gradska knjižnica / City library Labin, 4.5, Traveller Resources, /Attraction_Review-g1077176-d10806868-Reviews-Gradska_knjiznica_City_library_Labin-Labin_Istria.html, /Attractions-g1077176-Activities-Labin_Istria.html
Admiral Automat Klub, 3.0, Casinos & Gambling, /Attraction_Review-g1077176-d12298288-Reviews-Admiral_Automat_Klub-Labin_Istria.html, /Attractions-g1077176-Activities-Labin_Istria.html
Art Gastro Galerie Im Palast Negri, 5.0, Shopping, /Attraction_Review-g1077176-d7102630-Reviews-Art_Gastro_Galerie_Im_Palast_Negri-Labin_Istria.html, /Attractions-g1077176-Activities-Labin_Istria.html
Scubacenter SV Marina, 4.5, Boat Tours & Water Sports, /Attraction_Review-g1077176-d5534185-Reviews-Scubacenter_SV_Marina-Labin_Istria.html, /Attractions-g1077176-Activities-Labin_Istria.html
Girandella Diving, 5.0, Boat Tours & Water Sports, /Attraction_Review-g1077176-d7944788-Reviews-Girandella_Diving-Labin_Istria.html, /Attractions-g1077176-Activities-Labin_Istria.html
ALLEGRO hand made ceramics atelier, 4.5, Shopping, /Attraction_Review-g1077176-d11799005-Reviews-ALLEGRO_hand_made_ceramics_atelier-Labin_Istria.html, /Attractions-g1077176-Activities-Labin_Istria.html
Scampicchio Palace Labin, None, Sights & Landmarks, /Attraction_Review-g1077176-d14212624-Reviews-Scampicchio_Palace_Labin-Labin_Istria.html, /Attractions-g1077176-Activities-Labin_Istria.html
CIRCOLO GASTRO SHOP, None, Food & Drink, /Attraction_Review-g1077176-d17795100-Reviews-CIRCOLO_GASTRO_SHOP-Labin_Istria.html, /Attractions-g1077176-Activities-Labin_Istria.html
Istra quad tours powered by Lavado motoshop, None, Tours, /Attraction_Review-g1077176-d21304742-Reviews-Istra_quad_tours_powered_by_Lavado_motoshop-Labin_Istria.html, /Attractions-g1077176-Activities-Labin_Istria.html
