attraction_name, attraction_rate, attraction_type, attraction_url, attraction_parent_url
Feštinsko Kraljevstvo, 4.5, Nature & Parks, /Attraction_Review-g1902347-d3444998-Reviews-Festinsko_Kraljevstvo-Zminj_Istria.html, /Attractions-g1902347-Activities-Zminj_Istria.html
Latus Dairy, 4.0, Food & Drink, /Attraction_Review-g1902347-d10595255-Reviews-Latus_Dairy-Zminj_Istria.html, /Attractions-g1902347-Activities-Zminj_Istria.html
Pedalistra, 5.0, Nature & Parks, /Attraction_Review-g1902347-d13831901-Reviews-Pedalistra-Zminj_Istria.html, /Attractions-g1902347-Activities-Zminj_Istria.html
Enduro Adventure Istria, None, Tours, /Attraction_Review-g1902347-d19927051-Reviews-Enduro_Adventure_Istria-Zminj_Istria.html, /Attractions-g1902347-Activities-Zminj_Istria.html
