attraction_name, attraction_rate, attraction_type, attraction_url, attraction_parent_url
Tvrdava Klis - Sv Nikola Solin - Central Dalmatia Croatia - Theme Trails, None, Sights & Landmarks, /Attraction_Review-g1051517-d21003842-Reviews-Tvrdava_Klis_Sv_Nikola_Solin_Central_Dalmatia_Croatia_Theme_Trails-Klis_Split_S.html, /Attractions-g295370-Activities-Split_Split_Dalmatia_County_Dalmatia.html
Tvrđava Klis - Sv Nikola Solin - Central Dalmatia Croatia - Theme Trails, None, Sights & Landmarks, /Attraction_Review-g1051517-d21229733-Reviews-Tvrdava_Klis_Sv_Nikola_Solin_Central_Dalmatia_Croatia_Theme_Trails-Klis_Split_S.html, /Attractions-g295370-Activities-Split_Split_Dalmatia_County_Dalmatia.html
Favbet Casno, None, Casinos & Gambling, /Attraction_Review-g295370-d19326786-Reviews-Favbet_Casno-Split_Split_Dalmatia_County_Dalmatia.html, /Attractions-g295370-Activities-Split_Split_Dalmatia_County_Dalmatia.html
Split - Bedemi - Central Dalmatia Croatia - Theme Trails, None, Sights & Landmarks, /Attraction_Review-g295370-d20263678-Reviews-Split_Bedemi_Central_Dalmatia_Croatia_Theme_Trails-Split_Split_Dalmatia_County_D.html, /Attractions-g295370-Activities-Split_Split_Dalmatia_County_Dalmatia.html
Anagram Art Gallery, None, Museums, /Attraction_Review-g295370-d21282104-Reviews-Anagram_Art_Gallery-Split_Split_Dalmatia_County_Dalmatia.html, /Attractions-g295370-Activities-Split_Split_Dalmatia_County_Dalmatia.html
