attraction_name, attraction_rate, attraction_type, attraction_url, attraction_parent_url
Providenca Tematski Vidikovac, 4.5, Sights & Landmarks, /Attraction_Review-g297514-d10671216-Reviews-Providenca_Tematski_Vidikovac-Mali_Losinj_Losinj_Island_Kvarner_Bay_Islands_Prim.html, /Attractions-g644067-Activities-Losinj_Island_Kvarner_Bay_Islands_Primorje_Gorski_Kotar_County.html
Muzej Apoksiomena, 4.5, Museums, /Attraction_Review-g297514-d10458557-Reviews-Muzej_Apoksiomena-Mali_Losinj_Losinj_Island_Kvarner_Bay_Islands_Primorje_Gorski_.html, /Attractions-g644067-Activities-Losinj_Island_Kvarner_Bay_Islands_Primorje_Gorski_Kotar_County.html
Cikat Forest Park, 4.5, Nature & Parks, /Attraction_Review-g297514-d2318766-Reviews-Cikat_Forest_Park-Mali_Losinj_Losinj_Island_Kvarner_Bay_Islands_Primorje_Gorski_K.html, /Attractions-g644067-Activities-Losinj_Island_Kvarner_Bay_Islands_Primorje_Gorski_Kotar_County.html
Aquapark Cikat, 4.0, Water & Amusement Parks, /Attraction_Review-g297514-d8600291-Reviews-Aquapark_Cikat-Mali_Losinj_Losinj_Island_Kvarner_Bay_Islands_Primorje_Gorski_Kota.html, /Attractions-g644067-Activities-Losinj_Island_Kvarner_Bay_Islands_Primorje_Gorski_Kotar_County.html
Unije, 4.5, Nature & Parks, /Attraction_Review-g644067-d3377040-Reviews-Unije-Losinj_Island_Kvarner_Bay_Islands_Primorje_Gorski_Kotar_County.html, /Attractions-g644067-Activities-Losinj_Island_Kvarner_Bay_Islands_Primorje_Gorski_Kotar_County.html
Zabodarski Beach, 4.5, Nature & Parks, /Attraction_Review-g297514-d10607224-Reviews-Zabodarski_Beach-Mali_Losinj_Losinj_Island_Kvarner_Bay_Islands_Primorje_Gorski_K.html, /Attractions-g644067-Activities-Losinj_Island_Kvarner_Bay_Islands_Primorje_Gorski_Kotar_County.html
Veli Zal Beach, 4.0, Nature & Parks, /Attraction_Review-g297514-d10607215-Reviews-Veli_Zal_Beach-Mali_Losinj_Losinj_Island_Kvarner_Bay_Islands_Primorje_Gorski_Kot.html, /Attractions-g644067-Activities-Losinj_Island_Kvarner_Bay_Islands_Primorje_Gorski_Kotar_County.html
Artatore, 4.0, Nature & Parks, /Attraction_Review-g644067-d3329337-Reviews-Artatore-Losinj_Island_Kvarner_Bay_Islands_Primorje_Gorski_Kotar_County.html, /Attractions-g644067-Activities-Losinj_Island_Kvarner_Bay_Islands_Primorje_Gorski_Kotar_County.html
Plieski, 4.5, Nature & Parks, /Attraction_Review-g297514-d3395908-Reviews-Plieski-Mali_Losinj_Losinj_Island_Kvarner_Bay_Islands_Primorje_Gorski_Kotar_Count.html, /Attractions-g644067-Activities-Losinj_Island_Kvarner_Bay_Islands_Primorje_Gorski_Kotar_County.html
The Lošinj Aromatic Garden, 4.0, Nature & Parks, /Attraction_Review-g297514-d2318767-Reviews-The_Losinj_Aromatic_Garden-Mali_Losinj_Losinj_Island_Kvarner_Bay_Islands_Primorje.html, /Attractions-g644067-Activities-Losinj_Island_Kvarner_Bay_Islands_Primorje_Gorski_Kotar_County.html
Blue World Institute, 4.5, Nature & Parks, /Attraction_Review-g644068-d2331429-Reviews-Blue_World_Institute-Veli_Losinj_Losinj_Island_Kvarner_Bay_Islands_Primorje_Gorsk.html, /Attractions-g644067-Activities-Losinj_Island_Kvarner_Bay_Islands_Primorje_Gorski_Kotar_County.html
Osorscica – mountaineering trail, 4.5, Nature & Parks, /Attraction_Review-g644067-d3442372-Reviews-Osorscica_mountaineering_trail-Losinj_Island_Kvarner_Bay_Islands_Primorje_Gorski_.html, /Attractions-g644067-Activities-Losinj_Island_Kvarner_Bay_Islands_Primorje_Gorski_Kotar_County.html
Spiaggia Naturista FKK, 4.0, Nature & Parks, /Attraction_Review-g297514-d7018164-Reviews-Spiaggia_Naturista_FKK-Mali_Losinj_Losinj_Island_Kvarner_Bay_Islands_Primorje_Gor.html, /Attractions-g644067-Activities-Losinj_Island_Kvarner_Bay_Islands_Primorje_Gorski_Kotar_County.html
Valdarke Beach, 4.5, Nature & Parks, /Attraction_Review-g297514-d12874881-Reviews-Valdarke_Beach-Mali_Losinj_Losinj_Island_Kvarner_Bay_Islands_Primorje_Gorski_Kot.html, /Attractions-g644067-Activities-Losinj_Island_Kvarner_Bay_Islands_Primorje_Gorski_Kotar_County.html
Krivica, 4.0, Nature & Parks, /Attraction_Review-g297514-d3397299-Reviews-Krivica-Mali_Losinj_Losinj_Island_Kvarner_Bay_Islands_Primorje_Gorski_Kotar_Count.html, /Attractions-g644067-Activities-Losinj_Island_Kvarner_Bay_Islands_Primorje_Gorski_Kotar_County.html
Breakwater Rovenska, 4.5, Sights & Landmarks, /Attraction_Review-g644068-d2318788-Reviews-Breakwater_Rovenska-Veli_Losinj_Losinj_Island_Kvarner_Bay_Islands_Primorje_Gorski.html, /Attractions-g644067-Activities-Losinj_Island_Kvarner_Bay_Islands_Primorje_Gorski_Kotar_County.html
Cikat Beach, 4.0, Nature & Parks, /Attraction_Review-g297514-d12919703-Reviews-Cikat_Beach-Mali_Losinj_Losinj_Island_Kvarner_Bay_Islands_Primorje_Gorski_Kotar_.html, /Attractions-g644067-Activities-Losinj_Island_Kvarner_Bay_Islands_Primorje_Gorski_Kotar_County.html
Meli Plat, 4.0, Nature & Parks, /Attraction_Review-g644067-d3377037-Reviews-Meli_Plat-Losinj_Island_Kvarner_Bay_Islands_Primorje_Gorski_Kotar_County.html, /Attractions-g644067-Activities-Losinj_Island_Kvarner_Bay_Islands_Primorje_Gorski_Kotar_County.html
Liska Slatina Beach, 4.0, Nature & Parks, /Attraction_Review-g297514-d10753080-Reviews-Liska_Slatina_Beach-Mali_Losinj_Losinj_Island_Kvarner_Bay_Islands_Primorje_Gorsk.html, /Attractions-g644067-Activities-Losinj_Island_Kvarner_Bay_Islands_Primorje_Gorski_Kotar_County.html
Miomirisni otcki vrt, 4.5, Sights & Landmarks, /Attraction_Review-g297514-d12450013-Reviews-Miomirisni_otcki_vrt-Mali_Losinj_Losinj_Island_Kvarner_Bay_Islands_Primorje_Gors.html, /Attractions-g644067-Activities-Losinj_Island_Kvarner_Bay_Islands_Primorje_Gorski_Kotar_County.html
Meli, 4.0, Nature & Parks, /Attraction_Review-g297514-d3395266-Reviews-Meli-Mali_Losinj_Losinj_Island_Kvarner_Bay_Islands_Primorje_Gorski_Kotar_County.html, /Attractions-g644067-Activities-Losinj_Island_Kvarner_Bay_Islands_Primorje_Gorski_Kotar_County.html
Susak, 4.5, Nature & Parks, /Attraction_Review-g644067-d3377038-Reviews-Susak-Losinj_Island_Kvarner_Bay_Islands_Primorje_Gorski_Kotar_County.html, /Attractions-g644067-Activities-Losinj_Island_Kvarner_Bay_Islands_Primorje_Gorski_Kotar_County.html
Monte Baston, 4.5, Nature & Parks, /Attraction_Review-g297514-d10759009-Reviews-Monte_Baston-Mali_Losinj_Losinj_Island_Kvarner_Bay_Islands_Primorje_Gorski_Kotar.html, /Attractions-g644067-Activities-Losinj_Island_Kvarner_Bay_Islands_Primorje_Gorski_Kotar_County.html
Ustrine, 3.5, Nature & Parks, /Attraction_Review-g644067-d3377041-Reviews-Ustrine-Losinj_Island_Kvarner_Bay_Islands_Primorje_Gorski_Kotar_County.html, /Attractions-g644067-Activities-Losinj_Island_Kvarner_Bay_Islands_Primorje_Gorski_Kotar_County.html
Cuanguski Beach, 4.5, Nature & Parks, /Attraction_Review-g297514-d15138804-Reviews-Cuanguski_Beach-Mali_Losinj_Losinj_Island_Kvarner_Bay_Islands_Primorje_Gorski_Ko.html, /Attractions-g644067-Activities-Losinj_Island_Kvarner_Bay_Islands_Primorje_Gorski_Kotar_County.html
Port Rovenska, 4.5, Sights & Landmarks, /Attraction_Review-g644067-d2336062-Reviews-Port_Rovenska-Losinj_Island_Kvarner_Bay_Islands_Primorje_Gorski_Kotar_County.html, /Attractions-g644067-Activities-Losinj_Island_Kvarner_Bay_Islands_Primorje_Gorski_Kotar_County.html
Galboka, 4.5, Nature & Parks, /Attraction_Review-g644067-d3374936-Reviews-Galboka-Losinj_Island_Kvarner_Bay_Islands_Primorje_Gorski_Kotar_County.html, /Attractions-g644067-Activities-Losinj_Island_Kvarner_Bay_Islands_Primorje_Gorski_Kotar_County.html
Uvala Engleza, 4.5, Nature & Parks, /Attraction_Review-g297514-d3395269-Reviews-Uvala_Engleza-Mali_Losinj_Losinj_Island_Kvarner_Bay_Islands_Primorje_Gorski_Kotar.html, /Attractions-g644067-Activities-Losinj_Island_Kvarner_Bay_Islands_Primorje_Gorski_Kotar_County.html
Losinjski Museum, 5.0, Museums, /Attraction_Review-g644067-d2336077-Reviews-Losinjski_Museum-Losinj_Island_Kvarner_Bay_Islands_Primorje_Gorski_Kotar_County.html, /Attractions-g644067-Activities-Losinj_Island_Kvarner_Bay_Islands_Primorje_Gorski_Kotar_County.html
The Nerezine port, 4.5, Sights & Landmarks, /Attraction_Review-g644067-d2334044-Reviews-The_Nerezine_port-Losinj_Island_Kvarner_Bay_Islands_Primorje_Gorski_Kotar_County.html, /Attractions-g644067-Activities-Losinj_Island_Kvarner_Bay_Islands_Primorje_Gorski_Kotar_County.html
