attraction_name, attraction_rate, attraction_type, attraction_url, attraction_parent_url
Lukovo Beach, 4.5, Nature & Parks, /Attraction_Review-g776611-d4724266-Reviews-Lukovo_Beach-Senj_Lika_Senj_County.html, /Attractions-g776611-Activities-Senj_Lika_Senj_County.html
Nehaj Castle, 4.0, Museums, /Attraction_Review-g776611-d1569600-Reviews-Nehaj_Castle-Senj_Lika_Senj_County.html, /Attractions-g776611-Activities-Senj_Lika_Senj_County.html
Prva Draga Beach, 4.5, Nature & Parks, /Attraction_Review-g776611-d12639922-Reviews-Prva_Draga_Beach-Senj_Lika_Senj_County.html, /Attractions-g776611-Activities-Senj_Lika_Senj_County.html
Suncanik Sculpture, 4.5, Sights & Landmarks, /Attraction_Review-g776611-d13156546-Reviews-Suncanik_Sculpture-Senj_Lika_Senj_County.html, /Attractions-g776611-Activities-Senj_Lika_Senj_County.html
Senj City Museum, 5.0, Museums, /Attraction_Review-g776611-d14046799-Reviews-Senj_City_Museum-Senj_Lika_Senj_County.html, /Attractions-g776611-Activities-Senj_Lika_Senj_County.html
Grifon, 4.0, Zoos & Aquariums, /Attraction_Review-g776611-d8643467-Reviews-Grifon-Senj_Lika_Senj_County.html, /Attractions-g776611-Activities-Senj_Lika_Senj_County.html
Galathea Diving Center, 5.0, Boat Tours & Water Sports, /Attraction_Review-g776611-d14863056-Reviews-Galathea_Diving_Center-Senj_Lika_Senj_County.html, /Attractions-g776611-Activities-Senj_Lika_Senj_County.html
Planinarski dom Zavizan, 5.0, Nature & Parks, /Attraction_Review-g776611-d21477871-Reviews-Planinarski_dom_Zavizan-Senj_Lika_Senj_County.html, /Attractions-g776611-Activities-Senj_Lika_Senj_County.html
Velebit House, None, Museums, /Attraction_Review-g776611-d21343688-Reviews-Velebit_House-Senj_Lika_Senj_County.html, /Attractions-g776611-Activities-Senj_Lika_Senj_County.html
Kapelica sv. Antuna, None, Sights & Landmarks, /Attraction_Review-g776611-d22851753-Reviews-Kapelica_sv_Antuna-Senj_Lika_Senj_County.html, /Attractions-g776611-Activities-Senj_Lika_Senj_County.html
Holy Mary of Arta, None, Sights & Landmarks, /Attraction_Review-g776611-d22867228-Reviews-Holy_Mary_of_Arta-Senj_Lika_Senj_County.html, /Attractions-g776611-Activities-Senj_Lika_Senj_County.html
Co-Cathedral of the Assumption of Mary, None, Sights & Landmarks, /Attraction_Review-g776611-d22867239-Reviews-Co_Cathedral_of_the_Assumption_of_Mary-Senj_Lika_Senj_County.html, /Attractions-g776611-Activities-Senj_Lika_Senj_County.html
