attraction_name, attraction_rate, attraction_type, attraction_url, attraction_parent_url
Infeld gallery, 5.0, Sights & Landmarks, /Attraction_Review-g2048897-d6999109-Reviews-Infeld_gallery-Dobrinj_Primorje_Gorski_Kotar_County.html, /Attractions-g2048897-Activities-Dobrinj_Primorje_Gorski_Kotar_County.html
St.Vitus church, 4.5, Sights & Landmarks, /Attraction_Review-g2048897-d7001919-Reviews-St_Vitus_church-Dobrinj_Primorje_Gorski_Kotar_County.html, /Attractions-g2048897-Activities-Dobrinj_Primorje_Gorski_Kotar_County.html
Church of St.Stephen, 4.0, Sights & Landmarks, /Attraction_Review-g2048897-d7001918-Reviews-Church_of_St_Stephen-Dobrinj_Primorje_Gorski_Kotar_County.html, /Attractions-g2048897-Activities-Dobrinj_Primorje_Gorski_Kotar_County.html
Dobrinj ethnographic collection, 4.0, Sights & Landmarks, /Attraction_Review-g2048897-d6999110-Reviews-Dobrinj_ethnographic_collection-Dobrinj_Primorje_Gorski_Kotar_County.html, /Attractions-g2048897-Activities-Dobrinj_Primorje_Gorski_Kotar_County.html
Arcus Arena, 1.0, Fun & Games, /Attraction_Review-g2048897-d8613570-Reviews-Arcus_Arena-Dobrinj_Primorje_Gorski_Kotar_County.html, /Attractions-g2048897-Activities-Dobrinj_Primorje_Gorski_Kotar_County.html
Rent-a-boat Klimno, None, Boat Tours & Water Sports, /Attraction_Review-g2048897-d9821001-Reviews-Rent_a_boat_Klimno-Dobrinj_Primorje_Gorski_Kotar_County.html, /Attractions-g2048897-Activities-Dobrinj_Primorje_Gorski_Kotar_County.html
