attraction_name, attraction_rate, attraction_type, attraction_url, attraction_parent_url
Mastrinka - Old Olive Tree, 4.5, Nature & Parks, /Attraction_Review-g1096198-d7908000-Reviews-Mastrinka_Old_Olive_Tree-Kastel_Stafilic_Kastela_Split_Dalmatia_County_Dalmatia.html, /Attractions-g8099428-Activities-Kastela_Split_Dalmatia_County_Dalmatia.html
Church of St. Ivan Krstitelj, 4.5, Sights & Landmarks, /Attraction_Review-g3200577-d8071534-Reviews-Church_of_St_Ivan_Krstitelj-Kastel_Stari_Kastela_Split_Dalmatia_County_Dalmatia.html, /Attractions-g8099428-Activities-Kastela_Split_Dalmatia_County_Dalmatia.html
Kastilac Fort, 4.5, Sights & Landmarks, /Attraction_Review-g2069364-d8071703-Reviews-Kastilac_Fort-Kastel_Gomilica_Kastela_Split_Dalmatia_County_Dalmatia.html, /Attractions-g8099428-Activities-Kastela_Split_Dalmatia_County_Dalmatia.html
Vina Perisin, 5.0, Food & Drink, /Attraction_Review-g1937951-d14924155-Reviews-Vina_Perisin-Kastel_Kambelovac_Kastela_Split_Dalmatia_County_Dalmatia.html, /Attractions-g8099428-Activities-Kastela_Split_Dalmatia_County_Dalmatia.html
Museum of the Town of Kastela, 4.5, Museums, /Attraction_Review-g1096197-d7336677-Reviews-Museum_of_the_Town_of_Kastela-Kastel_Luksic_Kastela_Split_Dalmatia_County_Dalmat.html, /Attractions-g8099428-Activities-Kastela_Split_Dalmatia_County_Dalmatia.html
Kastel Vitturi, 4.5, Museums, /Attraction_Review-g1096197-d9859946-Reviews-Kastel_Vitturi-Kastel_Luksic_Kastela_Split_Dalmatia_County_Dalmatia.html, /Attractions-g8099428-Activities-Kastela_Split_Dalmatia_County_Dalmatia.html
Biblical Garden Stomorija, 4.5, Nature & Parks, /Attraction_Review-g1051510-d8071693-Reviews-Biblical_Garden_Stomorija-Kastel_Novi_Kastela_Split_Dalmatia_County_Dalmatia.html, /Attractions-g8099428-Activities-Kastela_Split_Dalmatia_County_Dalmatia.html
Bedalov Winery, 5.0, Food & Drink, /Attraction_Review-g1937951-d6412448-Reviews-Bedalov_Winery-Kastel_Kambelovac_Kastela_Split_Dalmatia_County_Dalmatia.html, /Attractions-g8099428-Activities-Kastela_Split_Dalmatia_County_Dalmatia.html
Malacka Lookout, 4.5, Sights & Landmarks, /Attraction_Review-g1051510-d9860073-Reviews-Malacka_Lookout-Kastel_Novi_Kastela_Split_Dalmatia_County_Dalmatia.html, /Attractions-g8099428-Activities-Kastela_Split_Dalmatia_County_Dalmatia.html
Winery Kovac, 5.0, Food & Drink, /Attraction_Review-g3675344-d12496662-Reviews-Winery_Kovac-Kastel_Sucurac_Kastela_Split_Dalmatia_County_Dalmatia.html, /Attractions-g8099428-Activities-Kastela_Split_Dalmatia_County_Dalmatia.html
The Parish Church of St. Peter, 5.0, Sights & Landmarks, /Attraction_Review-g1051510-d9866689-Reviews-The_Parish_Church_of_St_Peter-Kastel_Novi_Kastela_Split_Dalmatia_County_Dalmatia.html, /Attractions-g8099428-Activities-Kastela_Split_Dalmatia_County_Dalmatia.html
Parish Church Our Lady of Rosary, 4.5, Sights & Landmarks, /Attraction_Review-g3200577-d8071540-Reviews-Parish_Church_Our_Lady_of_Rosary-Kastel_Stari_Kastela_Split_Dalmatia_County_Dalm.html, /Attractions-g8099428-Activities-Kastela_Split_Dalmatia_County_Dalmatia.html
Cippico Castle, 3.5, Sights & Landmarks, /Attraction_Review-g3200577-d8073892-Reviews-Cippico_Castle-Kastel_Stari_Kastela_Split_Dalmatia_County_Dalmatia.html, /Attractions-g8099428-Activities-Kastela_Split_Dalmatia_County_Dalmatia.html
Castle Rotondo, 4.5, Sights & Landmarks, /Attraction_Review-g1096198-d9866709-Reviews-Castle_Rotondo-Kastel_Stafilic_Kastela_Split_Dalmatia_County_Dalmatia.html, /Attractions-g8099428-Activities-Kastela_Split_Dalmatia_County_Dalmatia.html
Messenger Of Freedom Monument, 4.0, Sights & Landmarks, /Attraction_Review-g1051510-d9867266-Reviews-Messenger_Of_Freedom_Monument-Kastel_Novi_Kastela_Split_Dalmatia_County_Dalmatia.html, /Attractions-g8099428-Activities-Kastela_Split_Dalmatia_County_Dalmatia.html
Winery Vucica - Wine tasting, 4.5, Food & Drink, /Attraction_Review-g1937951-d18978654-Reviews-Winery_Vucica_Wine_tasting-Kastel_Kambelovac_Kastela_Split_Dalmatia_County_Dalm.html, /Attractions-g8099428-Activities-Kastela_Split_Dalmatia_County_Dalmatia.html
Church of the Lady of Stomorija, 5.0, Sights & Landmarks, /Attraction_Review-g1051510-d9867382-Reviews-Church_of_the_Lady_of_Stomorija-Kastel_Novi_Kastela_Split_Dalmatia_County_Dalmat.html, /Attractions-g8099428-Activities-Kastela_Split_Dalmatia_County_Dalmatia.html
Botanical Garden of the Ostrog Primary School, 4.5, Nature & Parks, /Attraction_Review-g1096197-d9720174-Reviews-Botanical_Garden_of_the_Ostrog_Primary_School-Kastel_Luksic_Kastela_Split_Dalmat.html, /Attractions-g8099428-Activities-Kastela_Split_Dalmatia_County_Dalmatia.html
Nehaj Tower, 4.0, Sights & Landmarks, /Attraction_Review-g1096198-d9866732-Reviews-Nehaj_Tower-Kastel_Stafilic_Kastela_Split_Dalmatia_County_Dalmatia.html, /Attractions-g8099428-Activities-Kastela_Split_Dalmatia_County_Dalmatia.html
Church Of St. Roch, 4.5, Sights & Landmarks, /Attraction_Review-g1051510-d9860196-Reviews-Church_Of_St_Roch-Kastel_Novi_Kastela_Split_Dalmatia_County_Dalmatia.html, /Attractions-g8099428-Activities-Kastela_Split_Dalmatia_County_Dalmatia.html
Castle Cambi, 4.0, Sights & Landmarks, /Attraction_Review-g1937951-d8290121-Reviews-Castle_Cambi-Kastel_Kambelovac_Kastela_Split_Dalmatia_County_Dalmatia.html, /Attractions-g8099428-Activities-Kastela_Split_Dalmatia_County_Dalmatia.html
Archbishop's Palace, 4.5, Sights & Landmarks, /Attraction_Review-g3675344-d8050975-Reviews-Archbishop_s_Palace-Kastel_Sucurac_Kastela_Split_Dalmatia_County_Dalmatia.html, /Attractions-g8099428-Activities-Kastela_Split_Dalmatia_County_Dalmatia.html
Church of St Kuzma and St Damjan, 4.5, Sights & Landmarks, /Attraction_Review-g2069364-d8071681-Reviews-Church_of_St_Kuzma_and_St_Damjan-Kastel_Gomilica_Kastela_Split_Dalmatia_County_D.html, /Attractions-g8099428-Activities-Kastela_Split_Dalmatia_County_Dalmatia.html
Kastle Rusinac, 4.5, Sights & Landmarks, /Attraction_Review-g1096197-d9859881-Reviews-Kastle_Rusinac-Kastel_Luksic_Kastela_Split_Dalmatia_County_Dalmatia.html, /Attractions-g8099428-Activities-Kastela_Split_Dalmatia_County_Dalmatia.html
St. Michael Church, 4.5, Sights & Landmarks, /Attraction_Review-g1937951-d8872888-Reviews-St_Michael_Church-Kastel_Kambelovac_Kastela_Split_Dalmatia_County_Dalmatia.html, /Attractions-g8099428-Activities-Kastela_Split_Dalmatia_County_Dalmatia.html
Church of the Blessed Virgin Mary, 4.5, Sights & Landmarks, /Attraction_Review-g1096197-d9860038-Reviews-Church_of_the_Blessed_Virgin_Mary-Kastel_Luksic_Kastela_Split_Dalmatia_County_Da.html, /Attractions-g8099428-Activities-Kastela_Split_Dalmatia_County_Dalmatia.html
Church of St. John the Baptist, 4.0, Sights & Landmarks, /Attraction_Review-g1096197-d9859983-Reviews-Church_of_St_John_the_Baptist-Kastel_Luksic_Kastela_Split_Dalmatia_County_Dalmat.html, /Attractions-g8099428-Activities-Kastela_Split_Dalmatia_County_Dalmatia.html
Vitturi Park, 3.5, Nature & Parks, /Attraction_Review-g1096197-d9860056-Reviews-Vitturi_Park-Kastel_Luksic_Kastela_Split_Dalmatia_County_Dalmatia.html, /Attractions-g8099428-Activities-Kastela_Split_Dalmatia_County_Dalmatia.html
Church of St. Georg of Putalj, 5.0, Sights & Landmarks, /Attraction_Review-g3675344-d9867722-Reviews-Church_of_St_Georg_of_Putalj-Kastel_Sucurac_Kastela_Split_Dalmatia_County_Dalmat.html, /Attractions-g8099428-Activities-Kastela_Split_Dalmatia_County_Dalmatia.html
Fort at Glavica, 4.0, Sights & Landmarks, /Attraction_Review-g3675344-d8050988-Reviews-Fort_at_Glavica-Kastel_Sucurac_Kastela_Split_Dalmatia_County_Dalmatia.html, /Attractions-g8099428-Activities-Kastela_Split_Dalmatia_County_Dalmatia.html
