attraction_name, attraction_rate, attraction_type, attraction_url, attraction_parent_url
Tvrdava Fortica, 4.5, Sights & Landmarks, /Attraction_Review-g303808-d552473-Reviews-Tvrdava_Fortica-Hvar_Hvar_Island_Split_Dalmatia_County_Dalmatia.html, /Attractions-g659912-Activities-Hvar_Island_Split_Dalmatia_County_Dalmatia.html
Pakleni Islands, 4.5, Nature & Parks, /Attraction_Review-g303808-d552466-Reviews-Pakleni_Islands-Hvar_Hvar_Island_Split_Dalmatia_County_Dalmatia.html, /Attractions-g659912-Activities-Hvar_Island_Split_Dalmatia_County_Dalmatia.html
Pokonji Dol Beach, 4.5, Nature & Parks, /Attraction_Review-g659912-d4960255-Reviews-Pokonji_Dol_Beach-Hvar_Island_Split_Dalmatia_County_Dalmatia.html, /Attractions-g659912-Activities-Hvar_Island_Split_Dalmatia_County_Dalmatia.html
Mlini Beach, 4.5, Nature & Parks, /Attraction_Review-g303808-d8498091-Reviews-Mlini_Beach-Hvar_Hvar_Island_Split_Dalmatia_County_Dalmatia.html, /Attractions-g659912-Activities-Hvar_Island_Split_Dalmatia_County_Dalmatia.html
Jerolim, 4.5, Nature & Parks, /Attraction_Review-g303808-d4744143-Reviews-Jerolim-Hvar_Hvar_Island_Split_Dalmatia_County_Dalmatia.html, /Attractions-g659912-Activities-Hvar_Island_Split_Dalmatia_County_Dalmatia.html
Vunetovo Craft Beer, 5.0, Food & Drink, /Attraction_Review-g659912-d10343132-Reviews-Vunetovo_Craft_Beer-Hvar_Island_Split_Dalmatia_County_Dalmatia.html, /Attractions-g659912-Activities-Hvar_Island_Split_Dalmatia_County_Dalmatia.html
The Harbour of Hvar, 4.5, Sights & Landmarks, /Attraction_Review-g303808-d12646081-Reviews-The_Harbour_of_Hvar-Hvar_Hvar_Island_Split_Dalmatia_County_Dalmatia.html, /Attractions-g659912-Activities-Hvar_Island_Split_Dalmatia_County_Dalmatia.html
Malo Grablje, 4.5, Museums, /Attraction_Review-g659912-d5449087-Reviews-Malo_Grablje-Hvar_Island_Split_Dalmatia_County_Dalmatia.html, /Attractions-g659912-Activities-Hvar_Island_Split_Dalmatia_County_Dalmatia.html
Franciscan Monastery, 4.0, Sights & Landmarks, /Attraction_Review-g303808-d1887242-Reviews-Franciscan_Monastery-Hvar_Hvar_Island_Split_Dalmatia_County_Dalmatia.html, /Attractions-g659912-Activities-Hvar_Island_Split_Dalmatia_County_Dalmatia.html
Mekicevica Beach, 4.5, Nature & Parks, /Attraction_Review-g303808-d4735862-Reviews-Mekicevica_Beach-Hvar_Hvar_Island_Split_Dalmatia_County_Dalmatia.html, /Attractions-g659912-Activities-Hvar_Island_Split_Dalmatia_County_Dalmatia.html
St. Stephen's Cathedral, 4.0, Sights & Landmarks, /Attraction_Review-g303808-d552467-Reviews-St_Stephen_s_Cathedral-Hvar_Hvar_Island_Split_Dalmatia_County_Dalmatia.html, /Attractions-g659912-Activities-Hvar_Island_Split_Dalmatia_County_Dalmatia.html
Tvrdalj Castle, 4.0, Sights & Landmarks, /Attraction_Review-g1077182-d2554494-Reviews-Tvrdalj_Castle-Stari_Grad_Hvar_Island_Split_Dalmatia_County_Dalmatia.html, /Attractions-g659912-Activities-Hvar_Island_Split_Dalmatia_County_Dalmatia.html
Fort Napoljun - Napolean, 4.5, Museums, /Attraction_Review-g303808-d9764770-Reviews-Fort_Napoljun_Napolean-Hvar_Hvar_Island_Split_Dalmatia_County_Dalmatia.html, /Attractions-g659912-Activities-Hvar_Island_Split_Dalmatia_County_Dalmatia.html
Tomic Winery, 4.5, Food & Drink, /Attraction_Review-g659962-d7240629-Reviews-Tomic_Winery-Jelsa_Hvar_Island_Split_Dalmatia_County_Dalmatia.html, /Attractions-g659912-Activities-Hvar_Island_Split_Dalmatia_County_Dalmatia.html
Stari Grad Plain, 4.5, Sights & Landmarks, /Attraction_Review-g1077182-d6784320-Reviews-Stari_Grad_Plain-Stari_Grad_Hvar_Island_Split_Dalmatia_County_Dalmatia.html, /Attractions-g659912-Activities-Hvar_Island_Split_Dalmatia_County_Dalmatia.html
Hvar Beach, 4.5, Nature & Parks, /Attraction_Review-g303808-d12865129-Reviews-Hvar_Beach-Hvar_Hvar_Island_Split_Dalmatia_County_Dalmatia.html, /Attractions-g659912-Activities-Hvar_Island_Split_Dalmatia_County_Dalmatia.html
Hvar Public Theatre, 4.0, Concerts & Shows, /Attraction_Review-g303808-d2300086-Reviews-Hvar_Public_Theatre-Hvar_Hvar_Island_Split_Dalmatia_County_Dalmatia.html, /Attractions-g659912-Activities-Hvar_Island_Split_Dalmatia_County_Dalmatia.html
Benedictine Monastery, 3.5, Sights & Landmarks, /Attraction_Review-g303808-d8535995-Reviews-Benedictine_Monastery-Hvar_Hvar_Island_Split_Dalmatia_County_Dalmatia.html, /Attractions-g659912-Activities-Hvar_Island_Split_Dalmatia_County_Dalmatia.html
Dubokovic Wine, 5.0, Food & Drink, /Attraction_Review-g659962-d12949251-Reviews-Dubokovic_Wine-Jelsa_Hvar_Island_Split_Dalmatia_County_Dalmatia.html, /Attractions-g659912-Activities-Hvar_Island_Split_Dalmatia_County_Dalmatia.html
Palmizana Botanical Garden, 4.0, Nature & Parks, /Attraction_Review-g303808-d9718092-Reviews-Palmizana_Botanical_Garden-Hvar_Hvar_Island_Split_Dalmatia_County_Dalmatia.html, /Attractions-g659912-Activities-Hvar_Island_Split_Dalmatia_County_Dalmatia.html
Rent a Hvar, 4.0, Transportation, /Attraction_Review-g303808-d10287999-Reviews-Rent_a_Hvar-Hvar_Hvar_Island_Split_Dalmatia_County_Dalmatia.html, /Attractions-g659912-Activities-Hvar_Island_Split_Dalmatia_County_Dalmatia.html
Momo Beach Hvar, 3.5, Outdoor Activities, /Attraction_Review-g303808-d4587941-Reviews-Momo_Beach_Hvar-Hvar_Hvar_Island_Split_Dalmatia_County_Dalmatia.html, /Attractions-g659912-Activities-Hvar_Island_Split_Dalmatia_County_Dalmatia.html
Island Galešnik, 4.5, Nature & Parks, /Attraction_Review-g303808-d8432544-Reviews-Island_Galesnik-Hvar_Hvar_Island_Split_Dalmatia_County_Dalmatia.html, /Attractions-g659912-Activities-Hvar_Island_Split_Dalmatia_County_Dalmatia.html
Robinson Beach, 5.0, Nature & Parks, /Attraction_Review-g303808-d18915738-Reviews-Robinson_Beach-Hvar_Hvar_Island_Split_Dalmatia_County_Dalmatia.html, /Attractions-g659912-Activities-Hvar_Island_Split_Dalmatia_County_Dalmatia.html
Sumica Park, 5.0, Nature & Parks, /Attraction_Review-g303808-d10719500-Reviews-Sumica_Park-Hvar_Hvar_Island_Split_Dalmatia_County_Dalmatia.html, /Attractions-g659912-Activities-Hvar_Island_Split_Dalmatia_County_Dalmatia.html
Church of the Holy Spirit, 3.5, Sights & Landmarks, /Attraction_Review-g303808-d8540036-Reviews-Church_of_the_Holy_Spirit-Hvar_Hvar_Island_Split_Dalmatia_County_Dalmatia.html, /Attractions-g659912-Activities-Hvar_Island_Split_Dalmatia_County_Dalmatia.html
Pinjata, 5.0, Food & Drink, /Attraction_Review-g1190300-d13343103-Reviews-Pinjata-Vrboska_Jelsa_Hvar_Island_Split_Dalmatia_County_Dalmatia.html, /Attractions-g659912-Activities-Hvar_Island_Split_Dalmatia_County_Dalmatia.html
Former Church and Monastery of St. Veneranda, 3.5, Sights & Landmarks, /Attraction_Review-g303808-d10719422-Reviews-Former_Church_and_Monastery_of_St_Veneranda-Hvar_Hvar_Island_Split_Dalmatia_Coun.html, /Attractions-g659912-Activities-Hvar_Island_Split_Dalmatia_County_Dalmatia.html
Arsenal, 3.5, Sights & Landmarks, /Attraction_Review-g303808-d17610992-Reviews-Arsenal-Hvar_Hvar_Island_Split_Dalmatia_County_Dalmatia.html, /Attractions-g659912-Activities-Hvar_Island_Split_Dalmatia_County_Dalmatia.html
Armoury, 3.0, Sights & Landmarks, /Attraction_Review-g303808-d9727080-Reviews-Armoury-Hvar_Hvar_Island_Split_Dalmatia_County_Dalmatia.html, /Attractions-g659912-Activities-Hvar_Island_Split_Dalmatia_County_Dalmatia.html
