attraction_name, attraction_rate, attraction_type, attraction_url, attraction_parent_url
Savudrija Lighthouse, 4.5, Sights & Landmarks, /Attraction_Review-g670811-d1592774-Reviews-Savudrija_Lighthouse-Savudrija_Istria.html, /Attractions-g670811-Activities-Savudrija_Istria.html
Farma Jola Poljoprivredni Obrt, 5.0, Sights & Landmarks, /Attraction_Review-g670811-d9762076-Reviews-Farma_Jola_Poljoprivredni_Obrt-Savudrija_Istria.html, /Attractions-g670811-Activities-Savudrija_Istria.html
Degrassi, 5.0, Shopping, /Attraction_Review-g670811-d1592517-Reviews-Degrassi-Savudrija_Istria.html, /Attractions-g670811-Activities-Savudrija_Istria.html
Golf Club Adriatic, 4.0, Outdoor Activities, /Attraction_Review-g670811-d2281150-Reviews-Golf_Club_Adriatic-Savudrija_Istria.html, /Attractions-g670811-Activities-Savudrija_Istria.html
Energy Clinic Kempinski Adriatic, 4.5, Spas & Wellness, /Attraction_Review-g670811-d13967240-Reviews-Energy_Clinic_Kempinski_Adriatic-Savudrija_Istria.html, /Attractions-g670811-Activities-Savudrija_Istria.html
