attraction_name, attraction_rate, attraction_type, attraction_url, attraction_parent_url
The town of Hum, 4.5, Sights & Landmarks, /Attraction_Review-g3746016-d3183878-Reviews-The_town_of_Hum-Hum_Istria.html, /Attractions-g3746016-Activities-Hum_Istria.html
Viale Glagolitico, 4.5, Sights & Landmarks, /Attraction_Review-g3746016-d6737830-Reviews-Viale_Glagolitico-Hum_Istria.html, /Attractions-g3746016-Activities-Hum_Istria.html
Centro Storico Colmo, None, Sights & Landmarks, /Attraction_Review-g3746016-d13340596-Reviews-Centro_Storico_Colmo-Hum_Istria.html, /Attractions-g3746016-Activities-Hum_Istria.html
Crkva sv. Jeronima, None, Sights & Landmarks, /Attraction_Review-g3746016-d21360498-Reviews-Crkva_sv_Jeronima-Hum_Istria.html, /Attractions-g3746016-Activities-Hum_Istria.html
Aura Shop Hum, None, Food & Drink, /Attraction_Review-g3746016-d21360377-Reviews-Aura_Shop_Hum-Hum_Istria.html, /Attractions-g3746016-Activities-Hum_Istria.html
Kuča Biske - Hum, None, Shopping, /Attraction_Review-g3746016-d21360769-Reviews-Kuca_Biske_Hum-Hum_Istria.html, /Attractions-g3746016-Activities-Hum_Istria.html
Imela Souvenir Shop, None, Shopping, /Attraction_Review-g3746016-d21360385-Reviews-Imela_Souvenir_Shop-Hum_Istria.html, /Attractions-g3746016-Activities-Hum_Istria.html
