attraction_name, attraction_rate, attraction_type, attraction_url, attraction_parent_url
Winery Bezek, 5.0, Nightlife, /Attraction_Review-g4472749-d12590404-Reviews-Winery_Bezek-Janjina_Dubrovnik_Neretva_County_Dalmatia.html, /Attractions-g4472749-Activities-Janjina_Dubrovnik_Neretva_County_Dalmatia.html
Winery Dezulovic, None, Food & Drink, /Attraction_Review-g4472749-d17720420-Reviews-Winery_Dezulovic-Janjina_Dubrovnik_Neretva_County_Dalmatia.html, /Attractions-g4472749-Activities-Janjina_Dubrovnik_Neretva_County_Dalmatia.html
Crkva Sv. Vlaho, None, Sights & Landmarks, /Attraction_Review-g4472749-d21285184-Reviews-Crkva_Sv_Vlaho-Janjina_Dubrovnik_Neretva_County_Dalmatia.html, /Attractions-g4472749-Activities-Janjina_Dubrovnik_Neretva_County_Dalmatia.html
Crkva sv. Stjepana, None, Sights & Landmarks, /Attraction_Review-g4472749-d21314684-Reviews-Crkva_sv_Stjepana-Janjina_Dubrovnik_Neretva_County_Dalmatia.html, /Attractions-g4472749-Activities-Janjina_Dubrovnik_Neretva_County_Dalmatia.html
