attraction_name, attraction_rate, attraction_type, attraction_url, attraction_parent_url
Church of the St Roch, 4.5, Sights & Landmarks, /Attraction_Review-g1190300-d10007006-Reviews-Church_of_the_St_Roch-Vrboska_Jelsa_Hvar_Island_Split_Dalmatia_County_Dalmatia.html, /Attractions-g659912-Activities-Hvar_Island_Split_Dalmatia_County_Dalmatia.html
Church of St George, 4.0, Sights & Landmarks, /Attraction_Review-g2485270-d10037051-Reviews-Church_of_St_George-Sucuraj_Hvar_Island_Split_Dalmatia_County_Dalmatia.html, /Attractions-g659912-Activities-Hvar_Island_Split_Dalmatia_County_Dalmatia.html
The Church of St Michael, 4.0, Sights & Landmarks, /Attraction_Review-g659962-d9719103-Reviews-The_Church_of_St_Michael-Jelsa_Hvar_Island_Split_Dalmatia_County_Dalmatia.html, /Attractions-g659912-Activities-Hvar_Island_Split_Dalmatia_County_Dalmatia.html
Our Lady of Health Church, 3.5, Sights & Landmarks, /Attraction_Review-g659962-d9753958-Reviews-Our_Lady_of_Health_Church-Jelsa_Hvar_Island_Split_Dalmatia_County_Dalmatia.html, /Attractions-g659912-Activities-Hvar_Island_Split_Dalmatia_County_Dalmatia.html
Exotic Beach, 4.0, Nature & Parks, /Attraction_Review-g1175152-d6739539-Reviews-Exotic_Beach-Sveta_Nedilja_Hvar_Island_Split_Dalmatia_County_Dalmatia.html, /Attractions-g659912-Activities-Hvar_Island_Split_Dalmatia_County_Dalmatia.html
Fortica, 1.0, Sights & Landmarks, /Attraction_Review-g2485270-d17728079-Reviews-Fortica-Sucuraj_Hvar_Island_Split_Dalmatia_County_Dalmatia.html, /Attractions-g659912-Activities-Hvar_Island_Split_Dalmatia_County_Dalmatia.html
Žukova beach, 5.0, Nature & Parks, /Attraction_Review-g1077182-d21166729-Reviews-Zukova_beach-Stari_Grad_Hvar_Island_Split_Dalmatia_County_Dalmatia.html, /Attractions-g659912-Activities-Hvar_Island_Split_Dalmatia_County_Dalmatia.html
Sports centre Jelsa, 5.0, Fun & Games, /Attraction_Review-g659962-d17465988-Reviews-Sports_centre_Jelsa-Jelsa_Hvar_Island_Split_Dalmatia_County_Dalmatia.html, /Attractions-g659912-Activities-Hvar_Island_Split_Dalmatia_County_Dalmatia.html
Motokit, 5.0, Nature & Parks, /Attraction_Review-g19126304-d21204244-Reviews-Motokit-Malo_Grablje_Hvar_Island_Split_Dalmatia_County_Dalmatia.html, /Attractions-g659912-Activities-Hvar_Island_Split_Dalmatia_County_Dalmatia.html
St. Nicholas Peak, 5.0, Nature & Parks, /Attraction_Review-g303808-d14788155-Reviews-St_Nicholas_Peak-Hvar_Hvar_Island_Split_Dalmatia_County_Dalmatia.html, /Attractions-g659912-Activities-Hvar_Island_Split_Dalmatia_County_Dalmatia.html
The Church of St Roch, None, Sights & Landmarks, /Attraction_Review-g659962-d9753868-Reviews-The_Church_of_St_Roch-Jelsa_Hvar_Island_Split_Dalmatia_County_Dalmatia.html, /Attractions-g659912-Activities-Hvar_Island_Split_Dalmatia_County_Dalmatia.html
Lapidary, None, Sights & Landmarks, /Attraction_Review-g659962-d9719379-Reviews-Lapidary-Jelsa_Hvar_Island_Split_Dalmatia_County_Dalmatia.html, /Attractions-g659912-Activities-Hvar_Island_Split_Dalmatia_County_Dalmatia.html
Kabal Peninsula, None, Nature & Parks, /Attraction_Review-g1077182-d17610953-Reviews-Kabal_Peninsula-Stari_Grad_Hvar_Island_Split_Dalmatia_County_Dalmatia.html, /Attractions-g659912-Activities-Hvar_Island_Split_Dalmatia_County_Dalmatia.html
Banj Beach, None, Nature & Parks, /Attraction_Review-g1077182-d17610607-Reviews-Banj_Beach-Stari_Grad_Hvar_Island_Split_Dalmatia_County_Dalmatia.html, /Attractions-g659912-Activities-Hvar_Island_Split_Dalmatia_County_Dalmatia.html
Beach Tusno, None, Nature & Parks, /Attraction_Review-g1190300-d18904725-Reviews-Beach_Tusno-Vrboska_Jelsa_Hvar_Island_Split_Dalmatia_County_Dalmatia.html, /Attractions-g659912-Activities-Hvar_Island_Split_Dalmatia_County_Dalmatia.html
Jelsa Town Cemetery, None, Sights & Landmarks, /Attraction_Review-g659962-d17466476-Reviews-Jelsa_Town_Cemetery-Jelsa_Hvar_Island_Split_Dalmatia_County_Dalmatia.html, /Attractions-g659912-Activities-Hvar_Island_Split_Dalmatia_County_Dalmatia.html
Zavala bay, None, Nature & Parks, /Attraction_Review-g1077182-d17610812-Reviews-Zavala_bay-Stari_Grad_Hvar_Island_Split_Dalmatia_County_Dalmatia.html, /Attractions-g659912-Activities-Hvar_Island_Split_Dalmatia_County_Dalmatia.html
Sosa Gallery, None, Museums, /Attraction_Review-g303808-d17694474-Reviews-Sosa_Gallery-Hvar_Hvar_Island_Split_Dalmatia_County_Dalmatia.html, /Attractions-g659912-Activities-Hvar_Island_Split_Dalmatia_County_Dalmatia.html
St. Nicholas' Church, None, Sights & Landmarks, /Attraction_Review-g1077182-d17610051-Reviews-St_Nicholas_Church-Stari_Grad_Hvar_Island_Split_Dalmatia_County_Dalmatia.html, /Attractions-g659912-Activities-Hvar_Island_Split_Dalmatia_County_Dalmatia.html
Tirkiz beach bar, None, Nature & Parks, /Attraction_Review-g659962-d17660466-Reviews-Tirkiz_beach_bar-Jelsa_Hvar_Island_Split_Dalmatia_County_Dalmatia.html, /Attractions-g659912-Activities-Hvar_Island_Split_Dalmatia_County_Dalmatia.html
Hvar Heritage Museum, None, Museums, /Attraction_Review-g303808-d17544078-Reviews-Hvar_Heritage_Museum-Hvar_Hvar_Island_Split_Dalmatia_County_Dalmatia.html, /Attractions-g659912-Activities-Hvar_Island_Split_Dalmatia_County_Dalmatia.html
St. Lucy's Church, None, Sights & Landmarks, /Attraction_Review-g1077182-d17610011-Reviews-St_Lucy_s_Church-Stari_Grad_Hvar_Island_Split_Dalmatia_County_Dalmatia.html, /Attractions-g659912-Activities-Hvar_Island_Split_Dalmatia_County_Dalmatia.html
Hvar - Za UNESCO-m - Central Dalmatia Croatia - Bike Tracks, None, Nature & Parks, /Attraction_Review-g659962-d20329947-Reviews-Hvar_Za_UNESCO_m_Central_Dalmatia_Croatia_Bike_Tracks-Jelsa_Hvar_Island_Split_Da.html, /Attractions-g659912-Activities-Hvar_Island_Split_Dalmatia_County_Dalmatia.html
Hvar - Kroz Dračevicu - Central Dalmatia Croatia- Bike Tracks, None, Nature & Parks, /Attraction_Review-g1190300-d20929851-Reviews-Hvar_Kroz_Dracevicu_Central_Dalmatia_Croatia_Bike_Tracks-Vrboska_Jelsa_Hvar_Isl.html, /Attractions-g659912-Activities-Hvar_Island_Split_Dalmatia_County_Dalmatia.html
Hvar - Malo Grablje - Central Dalmatia Croatia - Bike Tracks, None, Nature & Parks, /Attraction_Review-g303808-d20926105-Reviews-Hvar_Malo_Grablje_Central_Dalmatia_Croatia_Bike_Tracks-Hvar_Hvar_Island_Split_Da.html, /Attractions-g659912-Activities-Hvar_Island_Split_Dalmatia_County_Dalmatia.html
Hvar - Težačka - Central Dalmatia Croatia - Bike Tracks, None, Nature & Parks, /Attraction_Review-g303808-d20927212-Reviews-Hvar_Tezacka_Central_Dalmatia_Croatia_Bike_Tracks-Hvar_Hvar_Island_Split_Dalmati.html, /Attractions-g659912-Activities-Hvar_Island_Split_Dalmatia_County_Dalmatia.html
Hvar - Kabal - Central Dalmatia Croatia - Bike Tracks, None, Nature & Parks, /Attraction_Review-g1077182-d20931522-Reviews-Hvar_Kabal_Central_Dalmatia_Croatia_Bike_Tracks-Stari_Grad_Hvar_Island_Split_Da.html, /Attractions-g659912-Activities-Hvar_Island_Split_Dalmatia_County_Dalmatia.html
Hvar - Purkin - Central Dalmatia Croatia - Bike Tracks, None, Nature & Parks, /Attraction_Review-g1077182-d20931521-Reviews-Hvar_Purkin_Central_Dalmatia_Croatia_Bike_Tracks-Stari_Grad_Hvar_Island_Split_D.html, /Attractions-g659912-Activities-Hvar_Island_Split_Dalmatia_County_Dalmatia.html
Hvar - ForTrail- Sridnja - Central Dalmatia Croatia - Theme Trails, None, Sights & Landmarks, /Attraction_Review-g303808-d20953806-Reviews-Hvar_ForTrail_Sridnja_Central_Dalmatia_Croatia_Theme_Trails-Hvar_Hvar_Island_Spl.html, /Attractions-g659912-Activities-Hvar_Island_Split_Dalmatia_County_Dalmatia.html
Starigrad - Central Dalmatia Croatia - Theme Trails, None, Sights & Landmarks, /Attraction_Review-g1077182-d20945058-Reviews-Starigrad_Central_Dalmatia_Croatia_Theme_Trails-Stari_Grad_Hvar_Island_Split_Da.html, /Attractions-g659912-Activities-Hvar_Island_Split_Dalmatia_County_Dalmatia.html
