attraction_name, attraction_rate, attraction_type, attraction_url, attraction_parent_url
Kozlovic Winery, 4.5, Food & Drink, /Attraction_Review-g1190335-d3336961-Reviews-Kozlovic_Winery-Momjan_Istria.html, /Attractions-g1190335-Activities-Momjan_Istria.html
Kabola Winery, 4.5, Food & Drink, /Attraction_Review-g1190335-d6384745-Reviews-Kabola_Winery-Momjan_Istria.html, /Attractions-g1190335-Activities-Momjan_Istria.html
Momjan Castle, 4.0, Sights & Landmarks, /Attraction_Review-g1190335-d12814380-Reviews-Momjan_Castle-Momjan_Istria.html, /Attractions-g1190335-Activities-Momjan_Istria.html
Sinkovic, None, Food & Drink, /Attraction_Review-g1190335-d15207496-Reviews-Sinkovic-Momjan_Istria.html, /Attractions-g1190335-Activities-Momjan_Istria.html
