attraction_name, attraction_rate, attraction_type, attraction_url, attraction_parent_url
Pazin Cave, 4.5, Nature & Parks, /Attraction_Review-g303826-d8764841-Reviews-Pazin_Cave-Pazin_Istria.html, /Attractions-g303826-Activities-Pazin_Istria.html
Zarecki Krov, 4.5, Nature & Parks, /Attraction_Review-g303826-d14928454-Reviews-Zarecki_Krov-Pazin_Istria.html, /Attractions-g303826-Activities-Pazin_Istria.html
Anđelini Winery, 5.0, Food & Drink, /Attraction_Review-g303826-d11851566-Reviews-Andelini_Winery-Pazin_Istria.html, /Attractions-g303826-Activities-Pazin_Istria.html
Church of St. Mary of Skriljine, 4.5, Sights & Landmarks, /Attraction_Review-g303826-d7099365-Reviews-Church_of_St_Mary_of_Skriljine-Pazin_Istria.html, /Attractions-g303826-Activities-Pazin_Istria.html
Pazin Abyss, 4.0, Nature & Parks, /Attraction_Review-g303826-d7094640-Reviews-Pazin_Abyss-Pazin_Istria.html, /Attractions-g303826-Activities-Pazin_Istria.html
Pazin City Museum / Muzej Grada Pazina, 3.5, Museums, /Attraction_Review-g303826-d10159552-Reviews-Pazin_City_Museum_Muzej_Grada_Pazina-Pazin_Istria.html, /Attractions-g303826-Activities-Pazin_Istria.html
Church of St. Nicholas, 4.0, Sights & Landmarks, /Attraction_Review-g303826-d13004497-Reviews-Church_of_St_Nicholas-Pazin_Istria.html, /Attractions-g303826-Activities-Pazin_Istria.html
Zip Line Pazinska Jama, 5.0, Tours, /Attraction_Review-g303826-d6890577-Reviews-Zip_Line_Pazinska_Jama-Pazin_Istria.html, /Attractions-g303826-Activities-Pazin_Istria.html
Pazin Chasm, 3.5, Outdoor Activities, /Attraction_Review-g303826-d4260136-Reviews-Pazin_Chasm-Pazin_Istria.html, /Attractions-g303826-Activities-Pazin_Istria.html
Taste Istria, 5.0, Shopping, /Attraction_Review-g303826-d14862210-Reviews-Taste_Istria-Pazin_Istria.html, /Attractions-g303826-Activities-Pazin_Istria.html
Central Istria Adventure, 5.0, Tours, /Attraction_Review-g303826-d21249086-Reviews-Central_Istria_Adventure-Pazin_Istria.html, /Attractions-g303826-Activities-Pazin_Istria.html
Buffet Bunker, 4.0, Nightlife, /Attraction_Review-g303826-d6403670-Reviews-Buffet_Bunker-Pazin_Istria.html, /Attractions-g303826-Activities-Pazin_Istria.html
Caffe Bar Epolon, 5.0, Nightlife, /Attraction_Review-g303826-d13867483-Reviews-Caffe_Bar_Epolon-Pazin_Istria.html, /Attractions-g303826-Activities-Pazin_Istria.html
Terra Magica Beram, 5.0, Shopping, /Attraction_Review-g303826-d8642647-Reviews-Terra_Magica_Beram-Pazin_Istria.html, /Attractions-g303826-Activities-Pazin_Istria.html
Motocross Park Santarija, 5.0, Nature & Parks, /Attraction_Review-g303826-d7952855-Reviews-Motocross_Park_Santarija-Pazin_Istria.html, /Attractions-g303826-Activities-Pazin_Istria.html
Sawasdee Thai Massage &amp; Spa, 5.0, Spas & Wellness, /Attraction_Review-g303826-d8869918-Reviews-Sawasdee_Thai_Massage_Spa-Pazin_Istria.html, /Attractions-g303826-Activities-Pazin_Istria.html
The Church of St. Catherine, None, Sights & Landmarks, /Attraction_Review-g303826-d10161798-Reviews-The_Church_of_St_Catherine-Pazin_Istria.html, /Attractions-g303826-Activities-Pazin_Istria.html
Vinarija Gorta, None, Food & Drink, /Attraction_Review-g303826-d15033228-Reviews-Vinarija_Gorta-Pazin_Istria.html, /Attractions-g303826-Activities-Pazin_Istria.html
eFISHent tours, None, Boat Tours & Water Sports, /Attraction_Review-g303826-d16787602-Reviews-EFISHent_tours-Pazin_Istria.html, /Attractions-g303826-Activities-Pazin_Istria.html
Suveniri Aion, None, Shopping, /Attraction_Review-g303826-d17397836-Reviews-Suveniri_Aion-Pazin_Istria.html, /Attractions-g303826-Activities-Pazin_Istria.html
Pazin - Beram - Pazin 711, None, Nature & Parks, /Attraction_Review-g303826-d21305395-Reviews-Pazin_Beram_Pazin_711-Pazin_Istria.html, /Attractions-g303826-Activities-Pazin_Istria.html
