attraction_name, attraction_rate, attraction_type, attraction_url, attraction_parent_url
Tvrdava Fortica, 4.5, Sights & Landmarks, /Attraction_Review-g303808-d552473-Reviews-Tvrdava_Fortica-Hvar_Hvar_Island_Split_Dalmatia_County_Dalmatia.html, /Attractions-g303808-Activities-Hvar_Hvar_Island_Split_Dalmatia_County_Dalmatia.html
Pakleni Islands, 4.5, Nature & Parks, /Attraction_Review-g303808-d552466-Reviews-Pakleni_Islands-Hvar_Hvar_Island_Split_Dalmatia_County_Dalmatia.html, /Attractions-g303808-Activities-Hvar_Hvar_Island_Split_Dalmatia_County_Dalmatia.html
Mlini Beach, 4.5, Nature & Parks, /Attraction_Review-g303808-d8498091-Reviews-Mlini_Beach-Hvar_Hvar_Island_Split_Dalmatia_County_Dalmatia.html, /Attractions-g303808-Activities-Hvar_Hvar_Island_Split_Dalmatia_County_Dalmatia.html
Jerolim, 4.5, Nature & Parks, /Attraction_Review-g303808-d4744143-Reviews-Jerolim-Hvar_Hvar_Island_Split_Dalmatia_County_Dalmatia.html, /Attractions-g303808-Activities-Hvar_Hvar_Island_Split_Dalmatia_County_Dalmatia.html
The Harbour of Hvar, 4.5, Sights & Landmarks, /Attraction_Review-g303808-d12646081-Reviews-The_Harbour_of_Hvar-Hvar_Hvar_Island_Split_Dalmatia_County_Dalmatia.html, /Attractions-g303808-Activities-Hvar_Hvar_Island_Split_Dalmatia_County_Dalmatia.html
Franciscan Monastery, 4.0, Sights & Landmarks, /Attraction_Review-g303808-d1887242-Reviews-Franciscan_Monastery-Hvar_Hvar_Island_Split_Dalmatia_County_Dalmatia.html, /Attractions-g303808-Activities-Hvar_Hvar_Island_Split_Dalmatia_County_Dalmatia.html
Mekicevica Beach, 4.5, Nature & Parks, /Attraction_Review-g303808-d4735862-Reviews-Mekicevica_Beach-Hvar_Hvar_Island_Split_Dalmatia_County_Dalmatia.html, /Attractions-g303808-Activities-Hvar_Hvar_Island_Split_Dalmatia_County_Dalmatia.html
St. Stephen's Cathedral, 4.0, Sights & Landmarks, /Attraction_Review-g303808-d552467-Reviews-St_Stephen_s_Cathedral-Hvar_Hvar_Island_Split_Dalmatia_County_Dalmatia.html, /Attractions-g303808-Activities-Hvar_Hvar_Island_Split_Dalmatia_County_Dalmatia.html
Fort Napoljun - Napolean, 4.5, Museums, /Attraction_Review-g303808-d9764770-Reviews-Fort_Napoljun_Napolean-Hvar_Hvar_Island_Split_Dalmatia_County_Dalmatia.html, /Attractions-g303808-Activities-Hvar_Hvar_Island_Split_Dalmatia_County_Dalmatia.html
Hvar Beach, 4.5, Nature & Parks, /Attraction_Review-g303808-d12865129-Reviews-Hvar_Beach-Hvar_Hvar_Island_Split_Dalmatia_County_Dalmatia.html, /Attractions-g303808-Activities-Hvar_Hvar_Island_Split_Dalmatia_County_Dalmatia.html
Hvar Public Theatre, 4.0, Concerts & Shows, /Attraction_Review-g303808-d2300086-Reviews-Hvar_Public_Theatre-Hvar_Hvar_Island_Split_Dalmatia_County_Dalmatia.html, /Attractions-g303808-Activities-Hvar_Hvar_Island_Split_Dalmatia_County_Dalmatia.html
Benedictine Monastery, 3.5, Sights & Landmarks, /Attraction_Review-g303808-d8535995-Reviews-Benedictine_Monastery-Hvar_Hvar_Island_Split_Dalmatia_County_Dalmatia.html, /Attractions-g303808-Activities-Hvar_Hvar_Island_Split_Dalmatia_County_Dalmatia.html
Palmizana Botanical Garden, 4.0, Nature & Parks, /Attraction_Review-g303808-d9718092-Reviews-Palmizana_Botanical_Garden-Hvar_Hvar_Island_Split_Dalmatia_County_Dalmatia.html, /Attractions-g303808-Activities-Hvar_Hvar_Island_Split_Dalmatia_County_Dalmatia.html
Rent a Hvar, 4.0, Transportation, /Attraction_Review-g303808-d10287999-Reviews-Rent_a_Hvar-Hvar_Hvar_Island_Split_Dalmatia_County_Dalmatia.html, /Attractions-g303808-Activities-Hvar_Hvar_Island_Split_Dalmatia_County_Dalmatia.html
Momo Beach Hvar, 3.5, Outdoor Activities, /Attraction_Review-g303808-d4587941-Reviews-Momo_Beach_Hvar-Hvar_Hvar_Island_Split_Dalmatia_County_Dalmatia.html, /Attractions-g303808-Activities-Hvar_Hvar_Island_Split_Dalmatia_County_Dalmatia.html
Island Galešnik, 4.5, Nature & Parks, /Attraction_Review-g303808-d8432544-Reviews-Island_Galesnik-Hvar_Hvar_Island_Split_Dalmatia_County_Dalmatia.html, /Attractions-g303808-Activities-Hvar_Hvar_Island_Split_Dalmatia_County_Dalmatia.html
Robinson Beach, 5.0, Nature & Parks, /Attraction_Review-g303808-d18915738-Reviews-Robinson_Beach-Hvar_Hvar_Island_Split_Dalmatia_County_Dalmatia.html, /Attractions-g303808-Activities-Hvar_Hvar_Island_Split_Dalmatia_County_Dalmatia.html
Sumica Park, 5.0, Nature & Parks, /Attraction_Review-g303808-d10719500-Reviews-Sumica_Park-Hvar_Hvar_Island_Split_Dalmatia_County_Dalmatia.html, /Attractions-g303808-Activities-Hvar_Hvar_Island_Split_Dalmatia_County_Dalmatia.html
Church of the Holy Spirit, 3.5, Sights & Landmarks, /Attraction_Review-g303808-d8540036-Reviews-Church_of_the_Holy_Spirit-Hvar_Hvar_Island_Split_Dalmatia_County_Dalmatia.html, /Attractions-g303808-Activities-Hvar_Hvar_Island_Split_Dalmatia_County_Dalmatia.html
Former Church and Monastery of St. Veneranda, 3.5, Sights & Landmarks, /Attraction_Review-g303808-d10719422-Reviews-Former_Church_and_Monastery_of_St_Veneranda-Hvar_Hvar_Island_Split_Dalmatia_Coun.html, /Attractions-g303808-Activities-Hvar_Hvar_Island_Split_Dalmatia_County_Dalmatia.html
Arsenal, 3.5, Sights & Landmarks, /Attraction_Review-g303808-d17610992-Reviews-Arsenal-Hvar_Hvar_Island_Split_Dalmatia_County_Dalmatia.html, /Attractions-g303808-Activities-Hvar_Hvar_Island_Split_Dalmatia_County_Dalmatia.html
Armoury, 3.0, Sights & Landmarks, /Attraction_Review-g303808-d9727080-Reviews-Armoury-Hvar_Hvar_Island_Split_Dalmatia_County_Dalmatia.html, /Attractions-g303808-Activities-Hvar_Hvar_Island_Split_Dalmatia_County_Dalmatia.html
Turisticka Zajednica Grada Hvara, 2.0, Traveller Resources, /Attraction_Review-g303808-d10719108-Reviews-Turisticka_Zajednica_Grada_Hvara-Hvar_Hvar_Island_Split_Dalmatia_County_Dalmatia.html, /Attractions-g303808-Activities-Hvar_Hvar_Island_Split_Dalmatia_County_Dalmatia.html
St. Nicholas Peak, 5.0, Nature & Parks, /Attraction_Review-g303808-d14788155-Reviews-St_Nicholas_Peak-Hvar_Hvar_Island_Split_Dalmatia_County_Dalmatia.html, /Attractions-g303808-Activities-Hvar_Hvar_Island_Split_Dalmatia_County_Dalmatia.html
Sosa Gallery, None, Museums, /Attraction_Review-g303808-d17694474-Reviews-Sosa_Gallery-Hvar_Hvar_Island_Split_Dalmatia_County_Dalmatia.html, /Attractions-g303808-Activities-Hvar_Hvar_Island_Split_Dalmatia_County_Dalmatia.html
Hvar Heritage Museum, None, Museums, /Attraction_Review-g303808-d17544078-Reviews-Hvar_Heritage_Museum-Hvar_Hvar_Island_Split_Dalmatia_County_Dalmatia.html, /Attractions-g303808-Activities-Hvar_Hvar_Island_Split_Dalmatia_County_Dalmatia.html
Hvar - Malo Grablje - Central Dalmatia Croatia - Bike Tracks, None, Nature & Parks, /Attraction_Review-g303808-d20926105-Reviews-Hvar_Malo_Grablje_Central_Dalmatia_Croatia_Bike_Tracks-Hvar_Hvar_Island_Split_Da.html, /Attractions-g303808-Activities-Hvar_Hvar_Island_Split_Dalmatia_County_Dalmatia.html
Hvar - Težačka - Central Dalmatia Croatia - Bike Tracks, None, Nature & Parks, /Attraction_Review-g303808-d20927212-Reviews-Hvar_Tezacka_Central_Dalmatia_Croatia_Bike_Tracks-Hvar_Hvar_Island_Split_Dalmati.html, /Attractions-g303808-Activities-Hvar_Hvar_Island_Split_Dalmatia_County_Dalmatia.html
Hvar - ForTrail- Sridnja - Central Dalmatia Croatia - Theme Trails, None, Sights & Landmarks, /Attraction_Review-g303808-d20953806-Reviews-Hvar_ForTrail_Sridnja_Central_Dalmatia_Croatia_Theme_Trails-Hvar_Hvar_Island_Spl.html, /Attractions-g303808-Activities-Hvar_Hvar_Island_Split_Dalmatia_County_Dalmatia.html
Hvar - Lesina - Central Dalmatia Croatia - Bike Tracks, None, Nature & Parks, /Attraction_Review-g303808-d20404113-Reviews-Hvar_Lesina_Central_Dalmatia_Croatia_Bike_Tracks-Hvar_Hvar_Island_Split_Dalmatia.html, /Attractions-g303808-Activities-Hvar_Hvar_Island_Split_Dalmatia_County_Dalmatia.html
