attraction_name, attraction_rate, attraction_type, attraction_url, attraction_parent_url
Mala Mandra beach, 4.5, Nature & Parks, /Attraction_Review-g2030955-d8015938-Reviews-Mala_Mandra_beach-Kolan_Island_of_Pag_Zadar_County_Dalmatia.html, /Attractions-g2030955-Activities-Kolan_Island_of_Pag_Zadar_County_Dalmatia.html
Kolanjsko Blato, 5.0, Nature & Parks, /Attraction_Review-g2030955-d8017028-Reviews-Kolanjsko_Blato-Kolan_Island_of_Pag_Zadar_County_Dalmatia.html, /Attractions-g2030955-Activities-Kolan_Island_of_Pag_Zadar_County_Dalmatia.html
Plaža Čista, 4.0, Nature & Parks, /Attraction_Review-g2030955-d12822126-Reviews-Plaza_Cista-Kolan_Island_of_Pag_Zadar_County_Dalmatia.html, /Attractions-g2030955-Activities-Kolan_Island_of_Pag_Zadar_County_Dalmatia.html
Sirana Gligora, 4.0, Shopping, /Attraction_Review-g2030955-d2030416-Reviews-Sirana_Gligora-Kolan_Island_of_Pag_Zadar_County_Dalmatia.html, /Attractions-g2030955-Activities-Kolan_Island_of_Pag_Zadar_County_Dalmatia.html
