attraction_name, attraction_rate, attraction_type, attraction_url, attraction_parent_url
Monty's Dog Beach and Bar, 4.5, Nature & Parks, /Attraction_Review-g303805-d10243633-Reviews-Monty_s_Dog_Beach_and_Bar-Crikvenica_Primorje_Gorski_Kotar_County.html, /Attractions-g303805-Activities-Crikvenica_Primorje_Gorski_Kotar_County.html
Crikvenica Beach, 4.0, Nature & Parks, /Attraction_Review-g303805-d10231187-Reviews-Crikvenica_Beach-Crikvenica_Primorje_Gorski_Kotar_County.html, /Attractions-g303805-Activities-Crikvenica_Primorje_Gorski_Kotar_County.html
Love Path, 5.0, Nature & Parks, /Attraction_Review-g303805-d10757387-Reviews-Love_Path-Crikvenica_Primorje_Gorski_Kotar_County.html, /Attractions-g303805-Activities-Crikvenica_Primorje_Gorski_Kotar_County.html
The Bronze Fisherman Statue, 4.0, Sights & Landmarks, /Attraction_Review-g303805-d6557334-Reviews-The_Bronze_Fisherman_Statue-Crikvenica_Primorje_Gorski_Kotar_County.html, /Attractions-g303805-Activities-Crikvenica_Primorje_Gorski_Kotar_County.html
Aquarium, 3.0, Zoos & Aquariums, /Attraction_Review-g303805-d3240875-Reviews-Aquarium-Crikvenica_Primorje_Gorski_Kotar_County.html, /Attractions-g303805-Activities-Crikvenica_Primorje_Gorski_Kotar_County.html
St. Anthony Church, 4.0, Sights & Landmarks, /Attraction_Review-g303805-d6537121-Reviews-St_Anthony_Church-Crikvenica_Primorje_Gorski_Kotar_County.html, /Attractions-g303805-Activities-Crikvenica_Primorje_Gorski_Kotar_County.html
Magic Vinodol, 4.0, Sights & Landmarks, /Attraction_Review-g303805-d6528609-Reviews-Magic_Vinodol-Crikvenica_Primorje_Gorski_Kotar_County.html, /Attractions-g303805-Activities-Crikvenica_Primorje_Gorski_Kotar_County.html
The Weather Station, 3.5, Sights & Landmarks, /Attraction_Review-g303805-d6557372-Reviews-The_Weather_Station-Crikvenica_Primorje_Gorski_Kotar_County.html, /Attractions-g303805-Activities-Crikvenica_Primorje_Gorski_Kotar_County.html
Crikvenica Town Museum, 3.5, Museums, /Attraction_Review-g303805-d6659329-Reviews-Crikvenica_Town_Museum-Crikvenica_Primorje_Gorski_Kotar_County.html, /Attractions-g303805-Activities-Crikvenica_Primorje_Gorski_Kotar_County.html
Glass Studio, 5.0, Museums, /Attraction_Review-g303805-d13004689-Reviews-Glass_Studio-Crikvenica_Primorje_Gorski_Kotar_County.html, /Attractions-g303805-Activities-Crikvenica_Primorje_Gorski_Kotar_County.html
Crikvenica Riviera, 4.0, Sights & Landmarks, /Attraction_Review-g303805-d19690284-Reviews-Crikvenica_Riviera-Crikvenica_Primorje_Gorski_Kotar_County.html, /Attractions-g303805-Activities-Crikvenica_Primorje_Gorski_Kotar_County.html
Calvary (Kalvarija), 3.5, Sights & Landmarks, /Attraction_Review-g303805-d7317569-Reviews-Calvary_Kalvarija-Crikvenica_Primorje_Gorski_Kotar_County.html, /Attractions-g303805-Activities-Crikvenica_Primorje_Gorski_Kotar_County.html
Stjepan Radic Monument, 3.5, Sights & Landmarks, /Attraction_Review-g303805-d7317565-Reviews-Stjepan_Radic_Monument-Crikvenica_Primorje_Gorski_Kotar_County.html, /Attractions-g303805-Activities-Crikvenica_Primorje_Gorski_Kotar_County.html
Crikvenica Town Gallery, 4.0, Sights & Landmarks, /Attraction_Review-g303805-d6539259-Reviews-Crikvenica_Town_Gallery-Crikvenica_Primorje_Gorski_Kotar_County.html, /Attractions-g303805-Activities-Crikvenica_Primorje_Gorski_Kotar_County.html
Paragliding Kvarner, 5.0, Boat Tours & Water Sports, /Attraction_Review-g303805-d5961849-Reviews-Paragliding_Kvarner-Crikvenica_Primorje_Gorski_Kotar_County.html, /Attractions-g303805-Activities-Crikvenica_Primorje_Gorski_Kotar_County.html
Kredenca Gift Shop, 4.5, Shopping, /Attraction_Review-g303805-d6725425-Reviews-Kredenca_Gift_Shop-Crikvenica_Primorje_Gorski_Kotar_County.html, /Attractions-g303805-Activities-Crikvenica_Primorje_Gorski_Kotar_County.html
Dive City, 4.0, Boat Tours & Water Sports, /Attraction_Review-g303805-d9882484-Reviews-Dive_City-Crikvenica_Primorje_Gorski_Kotar_County.html, /Attractions-g303805-Activities-Crikvenica_Primorje_Gorski_Kotar_County.html
Beach Bar Figa, 5.0, Nightlife, /Attraction_Review-g303805-d17585847-Reviews-Beach_Bar_Figa-Crikvenica_Primorje_Gorski_Kotar_County.html, /Attractions-g303805-Activities-Crikvenica_Primorje_Gorski_Kotar_County.html
Crikvenica Croatia Jet Boat Adventure, 5.0, Boat Tours & Water Sports, /Attraction_Review-g303805-d10547401-Reviews-Crikvenica_Croatia_Jet_Boat_Adventure-Crikvenica_Primorje_Gorski_Kotar_County.html, /Attractions-g303805-Activities-Crikvenica_Primorje_Gorski_Kotar_County.html
Bike Point Crikvenica, 5.0, Outdoor Activities, /Attraction_Review-g303805-d12583676-Reviews-Bike_Point_Crikvenica-Crikvenica_Primorje_Gorski_Kotar_County.html, /Attractions-g303805-Activities-Crikvenica_Primorje_Gorski_Kotar_County.html
GORAN HORVATIĆ, 5.0, Boat Tours & Water Sports, /Attraction_Review-g303805-d19460718-Reviews-GORAN_HORVATIC-Crikvenica_Primorje_Gorski_Kotar_County.html, /Attractions-g303805-Activities-Crikvenica_Primorje_Gorski_Kotar_County.html
Discotheque Pulse Crikvenica, 2.5, Nightlife, /Attraction_Review-g303805-d10331262-Reviews-Discotheque_Pulse_Crikvenica-Crikvenica_Primorje_Gorski_Kotar_County.html, /Attractions-g303805-Activities-Crikvenica_Primorje_Gorski_Kotar_County.html
Paraglidingfly Croatia, None, Boat Tours & Water Sports, /Attraction_Review-g303805-d15020561-Reviews-Paraglidingfly_Croatia-Crikvenica_Primorje_Gorski_Kotar_County.html, /Attractions-g303805-Activities-Crikvenica_Primorje_Gorski_Kotar_County.html
Senator Automat Clubs, None, Casinos & Gambling, /Attraction_Review-g303805-d14920575-Reviews-Senator_Automat_Clubs-Crikvenica_Primorje_Gorski_Kotar_County.html, /Attractions-g303805-Activities-Crikvenica_Primorje_Gorski_Kotar_County.html
Quad Renting, None, Outdoor Activities, /Attraction_Review-g303805-d18114677-Reviews-Quad_Renting-Crikvenica_Primorje_Gorski_Kotar_County.html, /Attractions-g303805-Activities-Crikvenica_Primorje_Gorski_Kotar_County.html
Adrenalin Park, None, Nature & Parks, /Attraction_Review-g303805-d18454454-Reviews-Adrenalin_Park-Crikvenica_Primorje_Gorski_Kotar_County.html, /Attractions-g303805-Activities-Crikvenica_Primorje_Gorski_Kotar_County.html
Adrenalin Park, None, Tours, /Attraction_Review-g303805-d18455150-Reviews-Adrenalin_Park-Crikvenica_Primorje_Gorski_Kotar_County.html, /Attractions-g303805-Activities-Crikvenica_Primorje_Gorski_Kotar_County.html
ElBike Crikvenica, None, Outdoor Activities, /Attraction_Review-g303805-d18218473-Reviews-ElBike_Crikvenica-Crikvenica_Primorje_Gorski_Kotar_County.html, /Attractions-g303805-Activities-Crikvenica_Primorje_Gorski_Kotar_County.html
Quad Renting Crikvenica, None, Tours, /Attraction_Review-g303805-d21163893-Reviews-Quad_Renting_Crikvenica-Crikvenica_Primorje_Gorski_Kotar_County.html, /Attractions-g303805-Activities-Crikvenica_Primorje_Gorski_Kotar_County.html
Sax bar Crikvenica, None, Nightlife, /Attraction_Review-g303805-d21250898-Reviews-Sax_bar_Crikvenica-Crikvenica_Primorje_Gorski_Kotar_County.html, /Attractions-g303805-Activities-Crikvenica_Primorje_Gorski_Kotar_County.html
