attraction_name, attraction_rate, attraction_type, attraction_url, attraction_parent_url
Hvar - Vrboska - putevima Vrbovačke povijesti - Theme Trails, None, Sights & Landmarks, /Attraction_Review-g1190300-d20996010-Reviews-Hvar_Vrboska_putevima_Vrbovacke_povijesti_Theme_Trails-Vrboska_Jelsa_Hvar_Islan.html, /Attractions-g659912-Activities-Hvar_Island_Split_Dalmatia_County_Dalmatia.html
Hvar - za Križem - Central Dalmatia Croatia - Theme Trails, None, Sights & Landmarks, /Attraction_Review-g659962-d20996011-Reviews-Hvar_za_Krizem_Central_Dalmatia_Croatia_Theme_Trails-Jelsa_Hvar_Island_Split_Dal.html, /Attractions-g659912-Activities-Hvar_Island_Split_Dalmatia_County_Dalmatia.html
Hvar - Lesina - Central Dalmatia Croatia - Bike Tracks, None, Nature & Parks, /Attraction_Review-g303808-d20404113-Reviews-Hvar_Lesina_Central_Dalmatia_Croatia_Bike_Tracks-Hvar_Hvar_Island_Split_Dalmatia.html, /Attractions-g659912-Activities-Hvar_Island_Split_Dalmatia_County_Dalmatia.html
Beach 'Velo Žolo', None, Nature & Parks, /Attraction_Review-g3675364-d21369599-Reviews-Beach_Velo_Zolo-Ivan_Dolac_Jelsa_Hvar_Island_Split_Dalmatia_County_Dalmatia.html, /Attractions-g659912-Activities-Hvar_Island_Split_Dalmatia_County_Dalmatia.html
Beach 'Lučica', None, Nature & Parks, /Attraction_Review-g659962-d21369605-Reviews-Beach_Lucica-Jelsa_Hvar_Island_Split_Dalmatia_County_Dalmatia.html, /Attractions-g659912-Activities-Hvar_Island_Split_Dalmatia_County_Dalmatia.html
Naturist beach, None, Nature & Parks, /Attraction_Review-g2561382-d21381147-Reviews-Naturist_beach-Zavala_Jelsa_Hvar_Island_Split_Dalmatia_County_Dalmatia.html, /Attractions-g659912-Activities-Hvar_Island_Split_Dalmatia_County_Dalmatia.html
Beach Mina, None, Nature & Parks, /Attraction_Review-g659962-d21369660-Reviews-Beach_Mina-Jelsa_Hvar_Island_Split_Dalmatia_County_Dalmatia.html, /Attractions-g659912-Activities-Hvar_Island_Split_Dalmatia_County_Dalmatia.html
Beach Zenčišće, None, Nature & Parks, /Attraction_Review-g659962-d21375834-Reviews-Beach_Zencisce-Jelsa_Hvar_Island_Split_Dalmatia_County_Dalmatia.html, /Attractions-g659912-Activities-Hvar_Island_Split_Dalmatia_County_Dalmatia.html
Jelsa 985, None, Fun & Games, /Attraction_Review-g659962-d21326603-Reviews-Jelsa_985-Jelsa_Hvar_Island_Split_Dalmatia_County_Dalmatia.html, /Attractions-g659912-Activities-Hvar_Island_Split_Dalmatia_County_Dalmatia.html
Hvar - Preko Vrha - Central Dalmatia Croatia - Bike Tracks, None, Nature & Parks, /Attraction_Review-g659962-d20329894-Reviews-Hvar_Preko_Vrha_Central_Dalmatia_Croatia_Bike_Tracks-Jelsa_Hvar_Island_Split_Dal.html, /Attractions-g659912-Activities-Hvar_Island_Split_Dalmatia_County_Dalmatia.html
Hvar - Sućuraj - Central Dalmatia Croatia - Bike Tracks, None, Nature & Parks, /Attraction_Review-g2485270-d20329845-Reviews-Hvar_Sucuraj_Central_Dalmatia_Croatia_Bike_Tracks-Sucuraj_Hvar_Island_Split_Dal.html, /Attractions-g659912-Activities-Hvar_Island_Split_Dalmatia_County_Dalmatia.html
Hvar - Humac - Central Dalmatia Croatia - Bike Tracks, None, Nature & Parks, /Attraction_Review-g659962-d20328808-Reviews-Hvar_Humac_Central_Dalmatia_Croatia_Bike_Tracks-Jelsa_Hvar_Island_Split_Dalmatia.html, /Attractions-g659912-Activities-Hvar_Island_Split_Dalmatia_County_Dalmatia.html
More Beachwear Store, None, Shopping, /Attraction_Review-g303808-d21310807-Reviews-More_Beachwear_Store-Hvar_Hvar_Island_Split_Dalmatia_County_Dalmatia.html, /Attractions-g659912-Activities-Hvar_Island_Split_Dalmatia_County_Dalmatia.html
Jelsa tourist board, None, Nature & Parks, /Attraction_Review-g659962-d21510012-Reviews-Jelsa_tourist_board-Jelsa_Hvar_Island_Split_Dalmatia_County_Dalmatia.html, /Attractions-g659912-Activities-Hvar_Island_Split_Dalmatia_County_Dalmatia.html
Jelsa tourist board, None, Nature & Parks, /Attraction_Review-g659962-d21506783-Reviews-Jelsa_tourist_board-Jelsa_Hvar_Island_Split_Dalmatia_County_Dalmatia.html, /Attractions-g659912-Activities-Hvar_Island_Split_Dalmatia_County_Dalmatia.html
Tourist Board of Jelsa, None, Nature & Parks, /Attraction_Review-g659962-d21390436-Reviews-Tourist_Board_of_Jelsa-Jelsa_Hvar_Island_Split_Dalmatia_County_Dalmatia.html, /Attractions-g659912-Activities-Hvar_Island_Split_Dalmatia_County_Dalmatia.html
Beach Ivan Dolac, None, Nature & Parks, /Attraction_Review-g3675364-d21390486-Reviews-Beach_Ivan_Dolac-Ivan_Dolac_Jelsa_Hvar_Island_Split_Dalmatia_County_Dalmatia.html, /Attractions-g659912-Activities-Hvar_Island_Split_Dalmatia_County_Dalmatia.html
The Cross-Bearer’s Memorial, None, Sights & Landmarks, /Attraction_Review-g659962-d21378536-Reviews-The_Cross_Bearer_s_Memorial-Jelsa_Hvar_Island_Split_Dalmatia_County_Dalmatia.html, /Attractions-g659912-Activities-Hvar_Island_Split_Dalmatia_County_Dalmatia.html
Vela Stiniva, None, Nature & Parks, /Attraction_Review-g659962-d17466446-Reviews-Vela_Stiniva-Jelsa_Hvar_Island_Split_Dalmatia_County_Dalmatia.html, /Attractions-g659912-Activities-Hvar_Island_Split_Dalmatia_County_Dalmatia.html
