attraction_name, attraction_rate, attraction_type, attraction_url, attraction_parent_url
Mrtvi kanal i Palača Adamić, 4.5, Sights & Landmarks, /Attraction_Review-g297516-d11445118-Reviews-Mrtvi_kanal_i_Palaca_Adamic-Rijeka_Primorje_Gorski_Kotar_County.html, /Attractions-g297516-Activities-Rijeka_Primorje_Gorski_Kotar_County.html
Kazališni park, 4.0, Nature & Parks, /Attraction_Review-g297516-d11445065-Reviews-Kazalisni_park-Rijeka_Primorje_Gorski_Kotar_County.html, /Attractions-g297516-Activities-Rijeka_Primorje_Gorski_Kotar_County.html
Rijeka Synagogue, 4.0, Sights & Landmarks, /Attraction_Review-g297516-d4355507-Reviews-Rijeka_Synagogue-Rijeka_Primorje_Gorski_Kotar_County.html, /Attractions-g297516-Activities-Rijeka_Primorje_Gorski_Kotar_County.html
Serbian-Orthodox St. Nicholas Church, 4.0, Sights & Landmarks, /Attraction_Review-g297516-d6931636-Reviews-Serbian_Orthodox_St_Nicholas_Church-Rijeka_Primorje_Gorski_Kotar_County.html, /Attractions-g297516-Activities-Rijeka_Primorje_Gorski_Kotar_County.html
Palace of Justice, 4.0, Sights & Landmarks, /Attraction_Review-g297516-d4354041-Reviews-Palace_of_Justice-Rijeka_Primorje_Gorski_Kotar_County.html, /Attractions-g297516-Activities-Rijeka_Primorje_Gorski_Kotar_County.html
Perivoj Gospe Trsatske, 4.5, Nature & Parks, /Attraction_Review-g297516-d11445086-Reviews-Perivoj_Gospe_Trsatske-Rijeka_Primorje_Gorski_Kotar_County.html, /Attractions-g297516-Activities-Rijeka_Primorje_Gorski_Kotar_County.html
Palača Ploech, 4.0, Sights & Landmarks, /Attraction_Review-g297516-d11445059-Reviews-Palaca_Ploech-Rijeka_Primorje_Gorski_Kotar_County.html, /Attractions-g297516-Activities-Rijeka_Primorje_Gorski_Kotar_County.html
Ex Libris Antiquariato, 5.0, Traveller Resources, /Attraction_Review-g297516-d10642211-Reviews-Ex_Libris_Antiquariato-Rijeka_Primorje_Gorski_Kotar_County.html, /Attractions-g297516-Activities-Rijeka_Primorje_Gorski_Kotar_County.html
Ztc Shopping, 4.0, Shopping, /Attraction_Review-g297516-d11662606-Reviews-Ztc_Shopping-Rijeka_Primorje_Gorski_Kotar_County.html, /Attractions-g297516-Activities-Rijeka_Primorje_Gorski_Kotar_County.html
Trg Ivana Koblera, 3.5, Sights & Landmarks, /Attraction_Review-g297516-d11445057-Reviews-Trg_Ivana_Koblera-Rijeka_Primorje_Gorski_Kotar_County.html, /Attractions-g297516-Activities-Rijeka_Primorje_Gorski_Kotar_County.html
Rijeka City Museum, 4.0, Museums, /Attraction_Review-g297516-d4355566-Reviews-Rijeka_City_Museum-Rijeka_Primorje_Gorski_Kotar_County.html, /Attractions-g297516-Activities-Rijeka_Primorje_Gorski_Kotar_County.html
Riječki neboder, 4.0, Sights & Landmarks, /Attraction_Review-g297516-d11445113-Reviews-Rijecki_neboder-Rijeka_Primorje_Gorski_Kotar_County.html, /Attractions-g297516-Activities-Rijeka_Primorje_Gorski_Kotar_County.html
Torpedo museum, 4.0, Museums, /Attraction_Review-g297516-d10486026-Reviews-Torpedo_museum-Rijeka_Primorje_Gorski_Kotar_County.html, /Attractions-g297516-Activities-Rijeka_Primorje_Gorski_Kotar_County.html
Museum of Modern and Contemporary Art, 3.5, Museums, /Attraction_Review-g297516-d4355579-Reviews-Museum_of_Modern_and_Contemporary_Art-Rijeka_Primorje_Gorski_Kotar_County.html, /Attractions-g297516-Activities-Rijeka_Primorje_Gorski_Kotar_County.html
Rijecka groblja, 5.0, Sights & Landmarks, /Attraction_Review-g297516-d11621532-Reviews-Rijecka_groblja-Rijeka_Primorje_Gorski_Kotar_County.html, /Attractions-g297516-Activities-Rijeka_Primorje_Gorski_Kotar_County.html
Park narodnog heroja, 5.0, Nature & Parks, /Attraction_Review-g297516-d11445098-Reviews-Park_narodnog_heroja-Rijeka_Primorje_Gorski_Kotar_County.html, /Attractions-g297516-Activities-Rijeka_Primorje_Gorski_Kotar_County.html
St. Jerome's Church, 4.0, Sights & Landmarks, /Attraction_Review-g297516-d4354051-Reviews-St_Jerome_s_Church-Rijeka_Primorje_Gorski_Kotar_County.html, /Attractions-g297516-Activities-Rijeka_Primorje_Gorski_Kotar_County.html
Kuća Veneziana i ulica Dolac, 5.0, Sights & Landmarks, /Attraction_Review-g297516-d11445102-Reviews-Kuca_Veneziana_i_ulica_Dolac-Rijeka_Primorje_Gorski_Kotar_County.html, /Attractions-g297516-Activities-Rijeka_Primorje_Gorski_Kotar_County.html
Grcevo, 3.5, Nature & Parks, /Attraction_Review-g297516-d15511663-Reviews-Grcevo-Rijeka_Primorje_Gorski_Kotar_County.html, /Attractions-g297516-Activities-Rijeka_Primorje_Gorski_Kotar_County.html
Foiba di Obrovo, 4.0, Sights & Landmarks, /Attraction_Review-g297516-d13502563-Reviews-Foiba_di_Obrovo-Rijeka_Primorje_Gorski_Kotar_County.html, /Attractions-g297516-Activities-Rijeka_Primorje_Gorski_Kotar_County.html
Palača Adria, 4.0, Sights & Landmarks, /Attraction_Review-g297516-d11445111-Reviews-Palaca_Adria-Rijeka_Primorje_Gorski_Kotar_County.html, /Attractions-g297516-Activities-Rijeka_Primorje_Gorski_Kotar_County.html
Rijeka Tunnel, 4.5, Sights & Landmarks, /Attraction_Review-g297516-d18378504-Reviews-Rijeka_Tunnel-Rijeka_Primorje_Gorski_Kotar_County.html, /Attractions-g297516-Activities-Rijeka_Primorje_Gorski_Kotar_County.html
Tarsatički principij, 4.0, Sights & Landmarks, /Attraction_Review-g297516-d11445127-Reviews-Tarsaticki_principij-Rijeka_Primorje_Gorski_Kotar_County.html, /Attractions-g297516-Activities-Rijeka_Primorje_Gorski_Kotar_County.html
Crkva sv. Jurja mučenika, 4.5, Sights & Landmarks, /Attraction_Review-g297516-d11445103-Reviews-Crkva_sv_Jurja_mucenika-Rijeka_Primorje_Gorski_Kotar_County.html, /Attractions-g297516-Activities-Rijeka_Primorje_Gorski_Kotar_County.html
Stendarac, 3.5, Sights & Landmarks, /Attraction_Review-g297516-d4354047-Reviews-Stendarac-Rijeka_Primorje_Gorski_Kotar_County.html, /Attractions-g297516-Activities-Rijeka_Primorje_Gorski_Kotar_County.html
St. Romuald Tempio Votivo Church, 4.5, Sights & Landmarks, /Attraction_Review-g297516-d6973432-Reviews-St_Romuald_Tempio_Votivo_Church-Rijeka_Primorje_Gorski_Kotar_County.html, /Attractions-g297516-Activities-Rijeka_Primorje_Gorski_Kotar_County.html
Turska kuća, 5.0, Sights & Landmarks, /Attraction_Review-g297516-d11445067-Reviews-Turska_kuca-Rijeka_Primorje_Gorski_Kotar_County.html, /Attractions-g297516-Activities-Rijeka_Primorje_Gorski_Kotar_County.html
Igraliste Beach, 3.0, Nature & Parks, /Attraction_Review-g297516-d15033934-Reviews-Igraliste_Beach-Rijeka_Primorje_Gorski_Kotar_County.html, /Attractions-g297516-Activities-Rijeka_Primorje_Gorski_Kotar_County.html
Titanic-Carpathia Permanent Exhibition, 4.0, Museums, /Attraction_Review-g297516-d4355667-Reviews-Titanic_Carpathia_Permanent_Exhibition-Rijeka_Primorje_Gorski_Kotar_County.html, /Attractions-g297516-Activities-Rijeka_Primorje_Gorski_Kotar_County.html
Teatro Fenice, 1.5, Sights & Landmarks, /Attraction_Review-g297516-d11445061-Reviews-Teatro_Fenice-Rijeka_Primorje_Gorski_Kotar_County.html, /Attractions-g297516-Activities-Rijeka_Primorje_Gorski_Kotar_County.html
