attraction_name, attraction_rate, attraction_type, attraction_url, attraction_parent_url
Lastovo, 4.5, Nature & Parks, /Attraction_Review-g1175144-d612205-Reviews-Lastovo-Lastovo_Island_Dubrovnik_Neretva_County_Dalmatia.html, /Attractions-g1175144-Activities-Lastovo_Island_Dubrovnik_Neretva_County_Dalmatia.html
Korita, 5.0, Nature & Parks, /Attraction_Review-g1175144-d14928827-Reviews-Korita-Lastovo_Island_Dubrovnik_Neretva_County_Dalmatia.html, /Attractions-g1175144-Activities-Lastovo_Island_Dubrovnik_Neretva_County_Dalmatia.html
Visit Lastovo, 5.0, Food & Drink, /Attraction_Review-g1175144-d17730055-Reviews-Visit_Lastovo-Lastovo_Island_Dubrovnik_Neretva_County_Dalmatia.html, /Attractions-g1175144-Activities-Lastovo_Island_Dubrovnik_Neretva_County_Dalmatia.html
Diving Center Ankora, 5.0, Boat Tours & Water Sports, /Attraction_Review-g1175144-d8563679-Reviews-Diving_Center_Ankora-Lastovo_Island_Dubrovnik_Neretva_County_Dalmatia.html, /Attractions-g1175144-Activities-Lastovo_Island_Dubrovnik_Neretva_County_Dalmatia.html
Explore Lastovo by boat, 5.0, Transportation, /Attraction_Review-g16867390-d17735705-Reviews-Explore_Lastovo_by_boat-Lastovo_Lastovo_Island_Dubrovnik_Neretva_County_Dalmat.html, /Attractions-g1175144-Activities-Lastovo_Island_Dubrovnik_Neretva_County_Dalmatia.html
Izleti Lastovo Survival, 5.0, Boat Tours & Water Sports, /Attraction_Review-g16867390-d19071068-Reviews-Izleti_Lastovo_Survival-Lastovo_Lastovo_Island_Dubrovnik_Neretva_County_Dalmat.html, /Attractions-g1175144-Activities-Lastovo_Island_Dubrovnik_Neretva_County_Dalmatia.html
Caffe Bar Mamilo, 5.0, Nightlife, /Attraction_Review-g16867390-d18752223-Reviews-Caffe_Bar_Mamilo-Lastovo_Lastovo_Island_Dubrovnik_Neretva_County_Dalmatia.html, /Attractions-g1175144-Activities-Lastovo_Island_Dubrovnik_Neretva_County_Dalmatia.html
