attraction_name, attraction_rate, attraction_type, attraction_url, attraction_parent_url
Metkovic Natural History Museum, 5.0, Museums, /Attraction_Review-g1009398-d7032692-Reviews-Metkovic_Natural_History_Museum-Metkovic_Dubrovnik_Neretva_County_Dalmatia.html, /Attractions-g1009398-Activities-Metkovic_Dubrovnik_Neretva_County_Dalmatia.html
Vinogradi Volarevic, 5.0, Food & Drink, /Attraction_Review-g1009398-d15291127-Reviews-Vinogradi_Volarevic-Metkovic_Dubrovnik_Neretva_County_Dalmatia.html, /Attractions-g1009398-Activities-Metkovic_Dubrovnik_Neretva_County_Dalmatia.html
Jama U Predolcu, 4.0, Nature & Parks, /Attraction_Review-g1009398-d9765810-Reviews-Jama_U_Predolcu-Metkovic_Dubrovnik_Neretva_County_Dalmatia.html, /Attractions-g1009398-Activities-Metkovic_Dubrovnik_Neretva_County_Dalmatia.html
Seva Duty Free, None, Shopping, /Attraction_Review-g1009398-d16963518-Reviews-Seva_Duty_Free-Metkovic_Dubrovnik_Neretva_County_Dalmatia.html, /Attractions-g1009398-Activities-Metkovic_Dubrovnik_Neretva_County_Dalmatia.html
Caffe Bar Ivana, None, Nightlife, /Attraction_Review-g1009398-d20948073-Reviews-Caffe_Bar_Ivana-Metkovic_Dubrovnik_Neretva_County_Dalmatia.html, /Attractions-g1009398-Activities-Metkovic_Dubrovnik_Neretva_County_Dalmatia.html
