attraction_name, attraction_rate, attraction_type, attraction_url, attraction_parent_url
Franciscan Monastery Of St. Paul the Hermit, 4.0, Sights & Landmarks, /Attraction_Review-g1190829-d18154675-Reviews-Franciscan_Monastery_Of_St_Paul_the_Hermit-Preko_Zadar_County_Dalmatia.html, /Attractions-g1190829-Activities-Preko_Zadar_County_Dalmatia.html
NAV Travel, 4.5, Outdoor Activities, /Attraction_Review-g1190829-d12387111-Reviews-NAV_Travel-Preko_Zadar_County_Dalmatia.html, /Attractions-g1190829-Activities-Preko_Zadar_County_Dalmatia.html
NAV ADRIATIC J.D.O.O., 4.5, Boat Tours & Water Sports, /Attraction_Review-g1190829-d16725854-Reviews-NAV_ADRIATIC_J_D_O_O-Preko_Zadar_County_Dalmatia.html, /Attractions-g1190829-Activities-Preko_Zadar_County_Dalmatia.html
NavAdriatic Travel Agency, 2.5, Boat Tours & Water Sports, /Attraction_Review-g1190829-d12275756-Reviews-NavAdriatic_Travel_Agency-Preko_Zadar_County_Dalmatia.html, /Attractions-g1190829-Activities-Preko_Zadar_County_Dalmatia.html
Traveling Spoon, None, Food & Drink, /Attraction_Review-g1190829-d17470066-Reviews-Traveling_Spoon-Preko_Zadar_County_Dalmatia.html, /Attractions-g1190829-Activities-Preko_Zadar_County_Dalmatia.html
