attraction_name, attraction_rate, attraction_type, attraction_url, attraction_parent_url
Blue World Institute, 4.5, Nature & Parks, /Attraction_Review-g644068-d2331429-Reviews-Blue_World_Institute-Veli_Losinj_Losinj_Island_Kvarner_Bay_Islands_Primorje_Gorsk.html, /Attractions-g644068-Activities-Veli_Losinj_Losinj_Island_Kvarner_Bay_Islands_Primorje_Gorski_Kotar_County.html
Breakwater Rovenska, 4.5, Sights & Landmarks, /Attraction_Review-g644068-d2318788-Reviews-Breakwater_Rovenska-Veli_Losinj_Losinj_Island_Kvarner_Bay_Islands_Primorje_Gorski.html, /Attractions-g644068-Activities-Veli_Losinj_Losinj_Island_Kvarner_Bay_Islands_Primorje_Gorski_Kotar_County.html
Church of Sv. Ivan the Baptist, 4.5, Sights & Landmarks, /Attraction_Review-g644068-d2333029-Reviews-Church_of_Sv_Ivan_the_Baptist-Veli_Losinj_Losinj_Island_Kvarner_Bay_Islands_Primo.html, /Attractions-g644068-Activities-Veli_Losinj_Losinj_Island_Kvarner_Bay_Islands_Primorje_Gorski_Kotar_County.html
Tower of Veli Losinj, 4.0, Museums, /Attraction_Review-g644068-d3442335-Reviews-Tower_of_Veli_Losinj-Veli_Losinj_Losinj_Island_Kvarner_Bay_Islands_Primorje_Gorsk.html, /Attractions-g644068-Activities-Veli_Losinj_Losinj_Island_Kvarner_Bay_Islands_Primorje_Gorski_Kotar_County.html
Beach Javorna, 4.5, Nature & Parks, /Attraction_Review-g644068-d12700331-Reviews-Beach_Javorna-Veli_Losinj_Losinj_Island_Kvarner_Bay_Islands_Primorje_Gorski_Kota.html, /Attractions-g644068-Activities-Veli_Losinj_Losinj_Island_Kvarner_Bay_Islands_Primorje_Gorski_Kotar_County.html
Parish Church of Sv. Antun Opat, 4.0, Sights & Landmarks, /Attraction_Review-g644068-d2313363-Reviews-Parish_Church_of_Sv_Antun_Opat-Veli_Losinj_Losinj_Island_Kvarner_Bay_Islands_Prim.html, /Attractions-g644068-Activities-Veli_Losinj_Losinj_Island_Kvarner_Bay_Islands_Primorje_Gorski_Kotar_County.html
Valdarke Cove, 4.0, None, /Attraction_Review-g644068-d6983816-Reviews-Valdarke_Cove-Veli_Losinj_Losinj_Island_Kvarner_Bay_Islands_Primorje_Gorski_Kotar.html, /Attractions-g644068-Activities-Veli_Losinj_Losinj_Island_Kvarner_Bay_Islands_Primorje_Gorski_Kotar_County.html
The Annunciation of Mary, 4.0, Sights & Landmarks, /Attraction_Review-g644068-d2324146-Reviews-The_Annunciation_of_Mary-Veli_Losinj_Losinj_Island_Kvarner_Bay_Islands_Primorje_G.html, /Attractions-g644068-Activities-Veli_Losinj_Losinj_Island_Kvarner_Bay_Islands_Primorje_Gorski_Kotar_County.html
Church of Our Lady of the Angels, 3.5, Sights & Landmarks, /Attraction_Review-g644068-d2324141-Reviews-Church_of_Our_Lady_of_the_Angels-Veli_Losinj_Losinj_Island_Kvarner_Bay_Islands_Pr.html, /Attractions-g644068-Activities-Veli_Losinj_Losinj_Island_Kvarner_Bay_Islands_Primorje_Gorski_Kotar_County.html
Church of Sv. Nikola, 3.0, Sights & Landmarks, /Attraction_Review-g644068-d2365393-Reviews-Church_of_Sv_Nikola-Veli_Losinj_Losinj_Island_Kvarner_Bay_Islands_Primorje_Gorski.html, /Attractions-g644068-Activities-Veli_Losinj_Losinj_Island_Kvarner_Bay_Islands_Primorje_Gorski_Kotar_County.html
Standarac - Flagpole, 3.0, Sights & Landmarks, /Attraction_Review-g644068-d2336063-Reviews-Standarac_Flagpole-Veli_Losinj_Losinj_Island_Kvarner_Bay_Islands_Primorje_Gorski_.html, /Attractions-g644068-Activities-Veli_Losinj_Losinj_Island_Kvarner_Bay_Islands_Primorje_Gorski_Kotar_County.html
Church of Sv. Petar, 3.0, Sights & Landmarks, /Attraction_Review-g644068-d2345140-Reviews-Church_of_Sv_Petar-Veli_Losinj_Losinj_Island_Kvarner_Bay_Islands_Primorje_Gorski_.html, /Attractions-g644068-Activities-Veli_Losinj_Losinj_Island_Kvarner_Bay_Islands_Primorje_Gorski_Kotar_County.html
Skippin' Pebble, 5.0, Boat Tours & Water Sports, /Attraction_Review-g644068-d12514866-Reviews-Skippin_Pebble-Veli_Losinj_Losinj_Island_Kvarner_Bay_Islands_Primorje_Gorski_Kot.html, /Attractions-g644068-Activities-Veli_Losinj_Losinj_Island_Kvarner_Bay_Islands_Primorje_Gorski_Kotar_County.html
Active Losinj, 5.0, Boat Tours & Water Sports, /Attraction_Review-g644068-d14181350-Reviews-Active_Losinj-Veli_Losinj_Losinj_Island_Kvarner_Bay_Islands_Primorje_Gorski_Kota.html, /Attractions-g644068-Activities-Veli_Losinj_Losinj_Island_Kvarner_Bay_Islands_Primorje_Gorski_Kotar_County.html
Ultramarin art, 5.0, Museums, /Attraction_Review-g644068-d12543198-Reviews-Ultramarin_art-Veli_Losinj_Losinj_Island_Kvarner_Bay_Islands_Primorje_Gorski_Kot.html, /Attractions-g644068-Activities-Veli_Losinj_Losinj_Island_Kvarner_Bay_Islands_Primorje_Gorski_Kotar_County.html
Tourist agency VAL, 1.0, Boat Tours & Water Sports, /Attraction_Review-g644068-d17406203-Reviews-Tourist_agency_VAL-Veli_Losinj_Losinj_Island_Kvarner_Bay_Islands_Primorje_Gorski.html, /Attractions-g644068-Activities-Veli_Losinj_Losinj_Island_Kvarner_Bay_Islands_Primorje_Gorski_Kotar_County.html
Beach Vale skura, None, Nature & Parks, /Attraction_Review-g644068-d17813410-Reviews-Beach_Vale_skura-Veli_Losinj_Losinj_Island_Kvarner_Bay_Islands_Primorje_Gorski_K.html, /Attractions-g644068-Activities-Veli_Losinj_Losinj_Island_Kvarner_Bay_Islands_Primorje_Gorski_Kotar_County.html
Kriška Bay, None, Nature & Parks, /Attraction_Review-g644068-d21264604-Reviews-Kriska_Bay-Veli_Losinj_Losinj_Island_Kvarner_Bay_Islands_Primorje_Gorski_Kotar_C.html, /Attractions-g644068-Activities-Veli_Losinj_Losinj_Island_Kvarner_Bay_Islands_Primorje_Gorski_Kotar_County.html
Former National Home&& Croatia, None, Sights & Landmarks, /Attraction_Review-g644068-d2345147-Reviews-Former_National_Home_Croatia-Veli_Losinj_Losinj_Island_Kvarner_Bay_Islands_Primor.html, /Attractions-g644068-Activities-Veli_Losinj_Losinj_Island_Kvarner_Bay_Islands_Primorje_Gorski_Kotar_County.html
