attraction_name, attraction_rate, attraction_type, attraction_url, attraction_parent_url
Marija Bistrica Church, 4.5, Sights & Landmarks, /Attraction_Review-g303815-d548348-Reviews-Marija_Bistrica_Church-Marija_Bistrica_Krapina_Zagorje_County_Central_Croatia.html, /Attractions-g303815-Activities-Marija_Bistrica_Krapina_Zagorje_County_Central_Croatia.html
Marian shrine (Crkva-bazilika Majke Bozje Bistricke), 5.0, Sights & Landmarks, /Attraction_Review-g303815-d556529-Reviews-Marian_shrine_Crkva_bazilika_Majke_Bozje_Bistricke-Marija_Bistrica_Krapina_Zagorje.html, /Attractions-g303815-Activities-Marija_Bistrica_Krapina_Zagorje_County_Central_Croatia.html
The statue of pope John Paul II, 4.5, Sights & Landmarks, /Attraction_Review-g303815-d554713-Reviews-The_statue_of_pope_John_Paul_II-Marija_Bistrica_Krapina_Zagorje_County_Central_Cro.html, /Attractions-g303815-Activities-Marija_Bistrica_Krapina_Zagorje_County_Central_Croatia.html
Kalvarija-Marija Bistrica, 5.0, Sights & Landmarks, /Attraction_Review-g303815-d17784342-Reviews-Kalvarija_Marija_Bistrica-Marija_Bistrica_Krapina_Zagorje_County_Central_Croatia.html, /Attractions-g303815-Activities-Marija_Bistrica_Krapina_Zagorje_County_Central_Croatia.html
Statue of Mother Mary of Bistrica (Kip Majke Božje Bistričke), 4.5, Sights & Landmarks, /Attraction_Review-g303815-d600457-Reviews-Statue_of_Mother_Mary_of_Bistrica_Kip_Majke_Bozje_Bistricke-Marija_Bistrica_Krapin.html, /Attractions-g303815-Activities-Marija_Bistrica_Krapina_Zagorje_County_Central_Croatia.html
