attraction_name, attraction_rate, attraction_type, attraction_url, attraction_parent_url
Stiniva Cove, 4.0, Nature & Parks, /Attraction_Review-g424973-d2324162-Reviews-Stiniva_Cove-Vis_Island_of_Vis_Split_Dalmatia_County_Dalmatia.html, /Attractions-g424973-Activities-Vis_Island_of_Vis_Split_Dalmatia_County_Dalmatia.html
Bavul art, 5.0, Museums, /Attraction_Review-g424973-d8470724-Reviews-Bavul_art-Vis_Island_of_Vis_Split_Dalmatia_County_Dalmatia.html, /Attractions-g424973-Activities-Vis_Island_of_Vis_Split_Dalmatia_County_Dalmatia.html
St Juraj’s Inlet, 5.0, Nature & Parks, /Attraction_Review-g424973-d10022957-Reviews-St_Juraj_s_Inlet-Vis_Island_of_Vis_Split_Dalmatia_County_Dalmatia.html, /Attractions-g424973-Activities-Vis_Island_of_Vis_Split_Dalmatia_County_Dalmatia.html
George III Fortress, 4.5, Sights & Landmarks, /Attraction_Review-g424973-d17728019-Reviews-George_III_Fortress-Vis_Island_of_Vis_Split_Dalmatia_County_Dalmatia.html, /Attractions-g424973-Activities-Vis_Island_of_Vis_Split_Dalmatia_County_Dalmatia.html
Eta atelier, 5.0, Museums, /Attraction_Review-g424973-d10730686-Reviews-Eta_atelier-Vis_Island_of_Vis_Split_Dalmatia_County_Dalmatia.html, /Attractions-g424973-Activities-Vis_Island_of_Vis_Split_Dalmatia_County_Dalmatia.html
Green Cave, 3.5, Nature & Parks, /Attraction_Review-g424973-d10758270-Reviews-Green_Cave-Vis_Island_of_Vis_Split_Dalmatia_County_Dalmatia.html, /Attractions-g424973-Activities-Vis_Island_of_Vis_Split_Dalmatia_County_Dalmatia.html
Beach Prirovo Vis, 5.0, Nature & Parks, /Attraction_Review-g424973-d15051368-Reviews-Beach_Prirovo_Vis-Vis_Island_of_Vis_Split_Dalmatia_County_Dalmatia.html, /Attractions-g424973-Activities-Vis_Island_of_Vis_Split_Dalmatia_County_Dalmatia.html
Visit, 5.0, Food & Drink, /Attraction_Review-g424973-d8036409-Reviews-Visit-Vis_Island_of_Vis_Split_Dalmatia_County_Dalmatia.html, /Attractions-g424973-Activities-Vis_Island_of_Vis_Split_Dalmatia_County_Dalmatia.html
Aquamarine boat tours, 5.0, Boat Tours & Water Sports, /Attraction_Review-g424973-d17791331-Reviews-Aquamarine_boat_tours-Vis_Island_of_Vis_Split_Dalmatia_County_Dalmatia.html, /Attractions-g424973-Activities-Vis_Island_of_Vis_Split_Dalmatia_County_Dalmatia.html
Stand Up Paddle Vis, 5.0, Boat Tours & Water Sports, /Attraction_Review-g424973-d8052189-Reviews-Stand_Up_Paddle_Vis-Vis_Island_of_Vis_Split_Dalmatia_County_Dalmatia.html, /Attractions-g424973-Activities-Vis_Island_of_Vis_Split_Dalmatia_County_Dalmatia.html
Navigator - Day Tours, 4.5, Tours, /Attraction_Review-g424973-d4568577-Reviews-Navigator_Day_Tours-Vis_Island_of_Vis_Split_Dalmatia_County_Dalmatia.html, /Attractions-g424973-Activities-Vis_Island_of_Vis_Split_Dalmatia_County_Dalmatia.html
Paiz Travel, 4.5, Boat Tours & Water Sports, /Attraction_Review-g424973-d9999238-Reviews-Paiz_Travel-Vis_Island_of_Vis_Split_Dalmatia_County_Dalmatia.html, /Attractions-g424973-Activities-Vis_Island_of_Vis_Split_Dalmatia_County_Dalmatia.html
Vis Rent, 4.5, Boat Tours & Water Sports, /Attraction_Review-g424973-d12350428-Reviews-Vis_Rent-Vis_Island_of_Vis_Split_Dalmatia_County_Dalmatia.html, /Attractions-g424973-Activities-Vis_Island_of_Vis_Split_Dalmatia_County_Dalmatia.html
Musun Transfers &amp; Excursions, 5.0, Boat Tours & Water Sports, /Attraction_Review-g424973-d14131418-Reviews-Musun_Transfers_Excursions-Vis_Island_of_Vis_Split_Dalmatia_County_Dalmatia.html, /Attractions-g424973-Activities-Vis_Island_of_Vis_Split_Dalmatia_County_Dalmatia.html
Surf's Up Vis - Beachwear and Rentals, 5.0, Boat Tours & Water Sports, /Attraction_Review-g424973-d16859075-Reviews-Surf_s_Up_Vis_Beachwear_and_Rentals-Vis_Island_of_Vis_Split_Dalmatia_County_Dalm.html, /Attractions-g424973-Activities-Vis_Island_of_Vis_Split_Dalmatia_County_Dalmatia.html
Anma Diving Center, 3.5, Boat Tours & Water Sports, /Attraction_Review-g424973-d3379140-Reviews-Anma_Diving_Center-Vis_Island_of_Vis_Split_Dalmatia_County_Dalmatia.html, /Attractions-g424973-Activities-Vis_Island_of_Vis_Split_Dalmatia_County_Dalmatia.html
Kula Bentinck Terjun, 5.0, Sights & Landmarks, /Attraction_Review-g424973-d21377603-Reviews-Kula_Bentinck_Terjun-Vis_Island_of_Vis_Split_Dalmatia_County_Dalmatia.html, /Attractions-g424973-Activities-Vis_Island_of_Vis_Split_Dalmatia_County_Dalmatia.html
Crkva Sv. Jeronima, 5.0, Sights & Landmarks, /Attraction_Review-g424973-d21366860-Reviews-Crkva_Sv_Jeronima-Vis_Island_of_Vis_Split_Dalmatia_County_Dalmatia.html, /Attractions-g424973-Activities-Vis_Island_of_Vis_Split_Dalmatia_County_Dalmatia.html
Church Of Our Lady Of Spilice, 4.5, Sights & Landmarks, /Attraction_Review-g424973-d21361884-Reviews-Church_Of_Our_Lady_Of_Spilice-Vis_Island_of_Vis_Split_Dalmatia_County_Dalmatia.html, /Attractions-g424973-Activities-Vis_Island_of_Vis_Split_Dalmatia_County_Dalmatia.html
Crkva Sv. Jurja, 5.0, Sights & Landmarks, /Attraction_Review-g424973-d21361280-Reviews-Crkva_Sv_Jurja-Vis_Island_of_Vis_Split_Dalmatia_County_Dalmatia.html, /Attractions-g424973-Activities-Vis_Island_of_Vis_Split_Dalmatia_County_Dalmatia.html
Host Lighthouse, 5.0, Nature & Parks, /Attraction_Review-g424973-d21362794-Reviews-Host_Lighthouse-Vis_Island_of_Vis_Split_Dalmatia_County_Dalmatia.html, /Attractions-g424973-Activities-Vis_Island_of_Vis_Split_Dalmatia_County_Dalmatia.html
Stoncica Lighthouse, 5.0, Sights & Landmarks, /Attraction_Review-g424973-d21379833-Reviews-Stoncica_Lighthouse-Vis_Island_of_Vis_Split_Dalmatia_County_Dalmatia.html, /Attractions-g424973-Activities-Vis_Island_of_Vis_Split_Dalmatia_County_Dalmatia.html
Grandovac Beach, 5.0, Nature & Parks, /Attraction_Review-g424973-d21361682-Reviews-Grandovac_Beach-Vis_Island_of_Vis_Split_Dalmatia_County_Dalmatia.html, /Attractions-g424973-Activities-Vis_Island_of_Vis_Split_Dalmatia_County_Dalmatia.html
Church St.Ciprijan and Justina, 5.0, Sights & Landmarks, /Attraction_Review-g424973-d21361686-Reviews-Church_St_Ciprijan_and_Justina-Vis_Island_of_Vis_Split_Dalmatia_County_Dalmatia.html, /Attractions-g424973-Activities-Vis_Island_of_Vis_Split_Dalmatia_County_Dalmatia.html
Boj pod Visom - Crkva sv. Mihovila - Theme Trails, 5.0, Nature & Parks, /Attraction_Review-g424973-d21066782-Reviews-Boj_pod_Visom_Crkva_sv_Mihovila_Theme_Trails-Vis_Island_of_Vis_Split_Dalmatia_Co.html, /Attractions-g424973-Activities-Vis_Island_of_Vis_Split_Dalmatia_County_Dalmatia.html
Stiniva Vis, 5.0, Boat Tours & Water Sports, /Attraction_Review-g424973-d15635600-Reviews-Stiniva_Vis-Vis_Island_of_Vis_Split_Dalmatia_County_Dalmatia.html, /Attractions-g424973-Activities-Vis_Island_of_Vis_Split_Dalmatia_County_Dalmatia.html
Ljetno Kino 'Hrid' Vis, 3.5, Fun & Games, /Attraction_Review-g424973-d14937089-Reviews-Ljetno_Kino_Hrid_Vis-Vis_Island_of_Vis_Split_Dalmatia_County_Dalmatia.html, /Attractions-g424973-Activities-Vis_Island_of_Vis_Split_Dalmatia_County_Dalmatia.html
Rimske Terme, 4.5, Sights & Landmarks, /Attraction_Review-g424973-d21368075-Reviews-Rimske_Terme-Vis_Island_of_Vis_Split_Dalmatia_County_Dalmatia.html, /Attractions-g424973-Activities-Vis_Island_of_Vis_Split_Dalmatia_County_Dalmatia.html
Prirovo Cemetery, 4.0, Sights & Landmarks, /Attraction_Review-g424973-d21366878-Reviews-Prirovo_Cemetery-Vis_Island_of_Vis_Split_Dalmatia_County_Dalmatia.html, /Attractions-g424973-Activities-Vis_Island_of_Vis_Split_Dalmatia_County_Dalmatia.html
Češka vila, 4.5, Sights & Landmarks, /Attraction_Review-g424973-d21361291-Reviews-Ceska_vila-Vis_Island_of_Vis_Split_Dalmatia_County_Dalmatia.html, /Attractions-g424973-Activities-Vis_Island_of_Vis_Split_Dalmatia_County_Dalmatia.html
