attraction_name, attraction_rate, attraction_type, attraction_url, attraction_parent_url
Sculpture Grounded Sun, 3.5, Sights & Landmarks, /Attraction_Review-g294454-d7023829-Reviews-Sculpture_Grounded_Sun-Zagreb_Central_Croatia.html, /Attractions-g294454-Activities-Zagreb_Central_Croatia.html
Budi Ponosan, 3.5, Museums, /Attraction_Review-g294454-d10307094-Reviews-Budi_Ponosan-Zagreb_Central_Croatia.html, /Attractions-g294454-Activities-Zagreb_Central_Croatia.html
Jesuit Square (Jezuitski trg), 3.5, Sights & Landmarks, /Attraction_Review-g294454-d548410-Reviews-Jesuit_Square_Jezuitski_trg-Zagreb_Central_Croatia.html, /Attractions-g294454-Activities-Zagreb_Central_Croatia.html
Booksa, 4.0, Sights & Landmarks, /Attraction_Review-g294454-d1735272-Reviews-Booksa-Zagreb_Central_Croatia.html, /Attractions-g294454-Activities-Zagreb_Central_Croatia.html
St George and the Dragon, 4.0, Sights & Landmarks, /Attraction_Review-g294454-d9811273-Reviews-St_George_and_the_Dragon-Zagreb_Central_Croatia.html, /Attractions-g294454-Activities-Zagreb_Central_Croatia.html
Zmajska Pivovara, 5.0, Food & Drink, /Attraction_Review-g294454-d15558140-Reviews-Zmajska_Pivovara-Zagreb_Central_Croatia.html, /Attractions-g294454-Activities-Zagreb_Central_Croatia.html
Gallery of Croatian Naive Art, 4.5, Museums, /Attraction_Review-g294454-d14892485-Reviews-Gallery_of_Croatian_Naive_Art-Zagreb_Central_Croatia.html, /Attractions-g294454-Activities-Zagreb_Central_Croatia.html
Grand Casino Admiral, 4.0, Casinos & Gambling, /Attraction_Review-g294454-d12616224-Reviews-Grand_Casino_Admiral-Zagreb_Central_Croatia.html, /Attractions-g294454-Activities-Zagreb_Central_Croatia.html
Wake Park Jarun, 5.0, Fun & Games, /Attraction_Review-g294454-d7785545-Reviews-Wake_Park_Jarun-Zagreb_Central_Croatia.html, /Attractions-g294454-Activities-Zagreb_Central_Croatia.html
Stjepan Radic Statue, 4.0, Sights & Landmarks, /Attraction_Review-g294454-d11823616-Reviews-Stjepan_Radic_Statue-Zagreb_Central_Croatia.html, /Attractions-g294454-Activities-Zagreb_Central_Croatia.html
Sava River, 3.5, Nature & Parks, /Attraction_Review-g294454-d10105386-Reviews-Sava_River-Zagreb_Central_Croatia.html, /Attractions-g294454-Activities-Zagreb_Central_Croatia.html
Typhlological Museum, 5.0, Museums, /Attraction_Review-g294454-d6838616-Reviews-Typhlological_Museum-Zagreb_Central_Croatia.html, /Attractions-g294454-Activities-Zagreb_Central_Croatia.html
Basilica of The Sacred Heart of Jesus, 4.5, Sights & Landmarks, /Attraction_Review-g294454-d9802091-Reviews-Basilica_of_The_Sacred_Heart_of_Jesus-Zagreb_Central_Croatia.html, /Attractions-g294454-Activities-Zagreb_Central_Croatia.html
Concert Hall Vatroslav Lisinski, 4.5, Concerts & Shows, /Attraction_Review-g294454-d10153389-Reviews-Concert_Hall_Vatroslav_Lisinski-Zagreb_Central_Croatia.html, /Attractions-g294454-Activities-Zagreb_Central_Croatia.html
Academy of Music, 4.5, Sights & Landmarks, /Attraction_Review-g294454-d12859597-Reviews-Academy_of_Music-Zagreb_Central_Croatia.html, /Attractions-g294454-Activities-Zagreb_Central_Croatia.html
Advent in Zagreb, 4.5, Events, /Attraction_Review-g294454-d15679453-Reviews-Advent_in_Zagreb-Zagreb_Central_Croatia.html, /Attractions-g294454-Activities-Zagreb_Central_Croatia.html
St. Francis of Assisi Church, 4.5, Sights & Landmarks, /Attraction_Review-g294454-d3225663-Reviews-St_Francis_of_Assisi_Church-Zagreb_Central_Croatia.html, /Attractions-g294454-Activities-Zagreb_Central_Croatia.html
Bandiceve Fontane, 3.0, Sights & Landmarks, /Attraction_Review-g294454-d9554461-Reviews-Bandiceve_Fontane-Zagreb_Central_Croatia.html, /Attractions-g294454-Activities-Zagreb_Central_Croatia.html
Mestrovicev Paviljon - Croatian Association of Artists, 3.5, Museums, /Attraction_Review-g294454-d8705517-Reviews-Mestrovicev_Paviljon_Croatian_Association_of_Artists-Zagreb_Central_Croatia.html, /Attractions-g294454-Activities-Zagreb_Central_Croatia.html
Importanne Centar, 3.0, Shopping, /Attraction_Review-g294454-d10032175-Reviews-Importanne_Centar-Zagreb_Central_Croatia.html, /Attractions-g294454-Activities-Zagreb_Central_Croatia.html
Recreational Sports Center Jarun, 4.5, Nature & Parks, /Attraction_Review-g294454-d548403-Reviews-Recreational_Sports_Center_Jarun-Zagreb_Central_Croatia.html, /Attractions-g294454-Activities-Zagreb_Central_Croatia.html
Lauba, 4.5, Museums, /Attraction_Review-g294454-d3439531-Reviews-Lauba-Zagreb_Central_Croatia.html, /Attractions-g294454-Activities-Zagreb_Central_Croatia.html
Zagreb Observatory, 4.5, Museums, /Attraction_Review-g294454-d9701832-Reviews-Zagreb_Observatory-Zagreb_Central_Croatia.html, /Attractions-g294454-Activities-Zagreb_Central_Croatia.html
Hrvatski skolski muzej - Croatian School Museum, 4.0, Museums, /Attraction_Review-g294454-d10059838-Reviews-Hrvatski_skolski_muzej_Croatian_School_Museum-Zagreb_Central_Croatia.html, /Attractions-g294454-Activities-Zagreb_Central_Croatia.html
Kallina House, 5.0, Sights & Landmarks, /Attraction_Review-g294454-d15068657-Reviews-Kallina_House-Zagreb_Central_Croatia.html, /Attractions-g294454-Activities-Zagreb_Central_Croatia.html
Dom Sportova, 3.5, Classes & Workshops, /Attraction_Review-g294454-d3923270-Reviews-Dom_Sportova-Zagreb_Central_Croatia.html, /Attractions-g294454-Activities-Zagreb_Central_Croatia.html
Cvjetni center mall, 3.5, Shopping, /Attraction_Review-g294454-d10104171-Reviews-Cvjetni_center_mall-Zagreb_Central_Croatia.html, /Attractions-g294454-Activities-Zagreb_Central_Croatia.html
Kazalište Mala Scena, 5.0, Concerts & Shows, /Attraction_Review-g294454-d13791959-Reviews-Kazaliste_Mala_Scena-Zagreb_Central_Croatia.html, /Attractions-g294454-Activities-Zagreb_Central_Croatia.html
Trg Europe, 3.5, Sights & Landmarks, /Attraction_Review-g294454-d10104168-Reviews-Trg_Europe-Zagreb_Central_Croatia.html, /Attractions-g294454-Activities-Zagreb_Central_Croatia.html
National and University Library, 4.0, Traveller Resources, /Attraction_Review-g294454-d549757-Reviews-National_and_University_Library-Zagreb_Central_Croatia.html, /Attractions-g294454-Activities-Zagreb_Central_Croatia.html
