attraction_name, attraction_rate, attraction_type, attraction_url, attraction_parent_url
Governor’s Palace, 3.5, Sights & Landmarks, /Attraction_Review-g1007309-d13218796-Reviews-Governor_s_Palace-Korcula_Town_Korcula_Island_Dubrovnik_Neretva_County_Dalmatia.html, /Attractions-g1007309-Activities-Korcula_Town_Korcula_Island_Dubrovnik_Neretva_County_Dalmatia.html
Bratinja Luka Beach, 5.0, Nature & Parks, /Attraction_Review-g2039690-d21227188-Reviews-Bratinja_Luka_Beach-Zrnovo_Korcula_Town_Korcula_Island_Dubrovnik_Neretva_County.html, /Attractions-g1007309-Activities-Korcula_Town_Korcula_Island_Dubrovnik_Neretva_County_Dalmatia.html
Korcula Gallery - Marko Art, None, Museums, /Attraction_Review-g1007309-d21232928-Reviews-Korcula_Gallery_Marko_Art-Korcula_Town_Korcula_Island_Dubrovnik_Neretva_County_.html, /Attractions-g1007309-Activities-Korcula_Town_Korcula_Island_Dubrovnik_Neretva_County_Dalmatia.html
Bratinja Luka Beach, None, Nature & Parks, /Attraction_Review-g2039690-d21227196-Reviews-Bratinja_Luka_Beach-Zrnovo_Korcula_Town_Korcula_Island_Dubrovnik_Neretva_County.html, /Attractions-g1007309-Activities-Korcula_Town_Korcula_Island_Dubrovnik_Neretva_County_Dalmatia.html
