attraction_name, attraction_rate, attraction_type, attraction_url, attraction_parent_url
Amphitheatre de Pula, 4.5, Sights & Landmarks, /Attraction_Review-g295373-d550323-Reviews-Amphitheatre_de_Pula-Pula_Istria.html, /Attractions-g295373-Activities-Pula_Istria.html
Aquarium Pula, 4.0, Zoos & Aquariums, /Attraction_Review-g295373-d4292154-Reviews-Aquarium_Pula-Pula_Istria.html, /Attractions-g295373-Activities-Pula_Istria.html
Pula's Marketplace, 4.0, Shopping, /Attraction_Review-g295373-d7717212-Reviews-Pula_s_Marketplace-Pula_Istria.html, /Attractions-g295373-Activities-Pula_Istria.html
Benazic Winery, 5.0, Food & Drink, /Attraction_Review-g295373-d7244455-Reviews-Benazic_Winery-Pula_Istria.html, /Attractions-g295373-Activities-Pula_Istria.html
Museum Olei Histriae, 4.5, Museums, /Attraction_Review-g295373-d12342277-Reviews-Museum_Olei_Histriae-Pula_Istria.html, /Attractions-g295373-Activities-Pula_Istria.html
Kastel, 4.0, Sights & Landmarks, /Attraction_Review-g295373-d553266-Reviews-Kastel-Pula_Istria.html, /Attractions-g295373-Activities-Pula_Istria.html
Temple Of Augustus, 4.0, Sights & Landmarks, /Attraction_Review-g295373-d553253-Reviews-Temple_Of_Augustus-Pula_Istria.html, /Attractions-g295373-Activities-Pula_Istria.html
Food &amp; Wine station Trapan, 4.5, Food & Drink, /Attraction_Review-g295373-d2529328-Reviews-Food_Wine_station_Trapan-Pula_Istria.html, /Attractions-g295373-Activities-Pula_Istria.html
Arco dei Sergi, 4.0, Sights & Landmarks, /Attraction_Review-g295373-d553242-Reviews-Arco_dei_Sergi-Pula_Istria.html, /Attractions-g295373-Activities-Pula_Istria.html
Floor mosaic The Punishment of Dirce, 4.0, Sights & Landmarks, /Attraction_Review-g295373-d4702499-Reviews-Floor_mosaic_The_Punishment_of_Dirce-Pula_Istria.html, /Attractions-g295373-Activities-Pula_Istria.html
MEMO Museum Pula, 4.5, Museums, /Attraction_Review-g295373-d14784191-Reviews-MEMO_Museum_Pula-Pula_Istria.html, /Attractions-g295373-Activities-Pula_Istria.html
Kotli, 4.0, Nature & Parks, /Attraction_Review-g295373-d553276-Reviews-Kotli-Pula_Istria.html, /Attractions-g295373-Activities-Pula_Istria.html
Les galeries souterraines Zerostrasse, 3.5, Sights & Landmarks, /Attraction_Review-g295373-d4731860-Reviews-Les_galeries_souterraines_Zerostrasse-Pula_Istria.html, /Attractions-g295373-Activities-Pula_Istria.html
Monastery and Church of St. Francis, 4.5, Sights & Landmarks, /Attraction_Review-g295373-d553265-Reviews-Monastery_and_Church_of_St_Francis-Pula_Istria.html, /Attractions-g295373-Activities-Pula_Istria.html
Medulin Village, 3.5, Sights & Landmarks, /Attraction_Review-g295373-d553250-Reviews-Medulin_Village-Pula_Istria.html, /Attractions-g295373-Activities-Pula_Istria.html
Lighting Giants, 3.5, Sights & Landmarks, /Attraction_Review-g295373-d10619147-Reviews-Lighting_Giants-Pula_Istria.html, /Attractions-g295373-Activities-Pula_Istria.html
Felsen Strand, 5.0, Nature & Parks, /Attraction_Review-g295373-d14397058-Reviews-Felsen_Strand-Pula_Istria.html, /Attractions-g295373-Activities-Pula_Istria.html
The Town Hall (City Palace), 4.0, Sights & Landmarks, /Attraction_Review-g295373-d550287-Reviews-The_Town_Hall_City_Palace-Pula_Istria.html, /Attractions-g295373-Activities-Pula_Istria.html
AquaPark Pula, 5.0, Water & Amusement Parks, /Attraction_Review-g295373-d16858017-Reviews-AquaPark_Pula-Pula_Istria.html, /Attractions-g295373-Activities-Pula_Istria.html
Ambrela Beach, 4.0, Nature & Parks, /Attraction_Review-g295373-d15120846-Reviews-Ambrela_Beach-Pula_Istria.html, /Attractions-g295373-Activities-Pula_Istria.html
Pula Cathedral, 3.5, Sights & Landmarks, /Attraction_Review-g295373-d553262-Reviews-Pula_Cathedral-Pula_Istria.html, /Attractions-g295373-Activities-Pula_Istria.html
Marina Veruda, 4.0, Nature & Parks, /Attraction_Review-g295373-d8428421-Reviews-Marina_Veruda-Pula_Istria.html, /Attractions-g295373-Activities-Pula_Istria.html
Beach Valovine, 4.0, Nature & Parks, /Attraction_Review-g295373-d12730144-Reviews-Beach_Valovine-Pula_Istria.html, /Attractions-g295373-Activities-Pula_Istria.html
The Twin Gates of Pula, 3.5, Sights & Landmarks, /Attraction_Review-g295373-d553268-Reviews-The_Twin_Gates_of_Pula-Pula_Istria.html, /Attractions-g295373-Activities-Pula_Istria.html
Gate of Hercules, 3.5, Sights & Landmarks, /Attraction_Review-g295373-d553264-Reviews-Gate_of_Hercules-Pula_Istria.html, /Attractions-g295373-Activities-Pula_Istria.html
Max City, 4.0, Shopping, /Attraction_Review-g295373-d16787674-Reviews-Max_City-Pula_Istria.html, /Attractions-g295373-Activities-Pula_Istria.html
Small Roman Theatre, 4.0, Sights & Landmarks, /Attraction_Review-g295373-d8728806-Reviews-Small_Roman_Theatre-Pula_Istria.html, /Attractions-g295373-Activities-Pula_Istria.html
Nesactium, 4.0, Sights & Landmarks, /Attraction_Review-g295373-d4721141-Reviews-Nesactium-Pula_Istria.html, /Attractions-g295373-Activities-Pula_Istria.html
Church of Our Lady of the Sea (Mornaricka crkva), 4.5, Sights & Landmarks, /Attraction_Review-g295373-d548299-Reviews-Church_of_Our_Lady_of_the_Sea_Mornaricka_crkva-Pula_Istria.html, /Attractions-g295373-Activities-Pula_Istria.html
Church of St Anthony, 4.0, Sights & Landmarks, /Attraction_Review-g295373-d8451500-Reviews-Church_of_St_Anthony-Pula_Istria.html, /Attractions-g295373-Activities-Pula_Istria.html
