attraction_name, attraction_rate, attraction_type, attraction_url, attraction_parent_url
Activity Center Krk, None, Nature & Parks, /Attraction_Review-g1067956-d18716561-Reviews-Activity_Center_Krk-Krk_Krk_Island_Kvarner_Bay_Islands_Primorje_Gorski_Kotar_Co.html, /Attractions-g303824-Activities-Krk_Island_Kvarner_Bay_Islands_Primorje_Gorski_Kotar_County.html
Punta De Galeto Beach, None, Nature & Parks, /Attraction_Review-g1067956-d18276400-Reviews-Punta_De_Galeto_Beach-Krk_Krk_Island_Kvarner_Bay_Islands_Primorje_Gorski_Kotar_.html, /Attractions-g303824-Activities-Krk_Island_Kvarner_Bay_Islands_Primorje_Gorski_Kotar_County.html
Town Council Hall, None, Sights & Landmarks, /Attraction_Review-g1067956-d17230760-Reviews-Town_Council_Hall-Krk_Krk_Island_Kvarner_Bay_Islands_Primorje_Gorski_Kotar_Coun.html, /Attractions-g303824-Activities-Krk_Island_Kvarner_Bay_Islands_Primorje_Gorski_Kotar_County.html
Vela Market Place, None, Sights & Landmarks, /Attraction_Review-g1067956-d17230766-Reviews-Vela_Market_Place-Krk_Krk_Island_Kvarner_Bay_Islands_Primorje_Gorski_Kotar_Coun.html, /Attractions-g303824-Activities-Krk_Island_Kvarner_Bay_Islands_Primorje_Gorski_Kotar_County.html
The Church of Saint Francis, None, Sights & Landmarks, /Attraction_Review-g1067956-d17332585-Reviews-The_Church_of_Saint_Francis-Krk_Krk_Island_Kvarner_Bay_Islands_Primorje_Gorski_.html, /Attractions-g303824-Activities-Krk_Island_Kvarner_Bay_Islands_Primorje_Gorski_Kotar_County.html
Splendidissima, None, Sights & Landmarks, /Attraction_Review-g1067956-d17332625-Reviews-Splendidissima-Krk_Krk_Island_Kvarner_Bay_Islands_Primorje_Gorski_Kotar_County.html, /Attractions-g303824-Activities-Krk_Island_Kvarner_Bay_Islands_Primorje_Gorski_Kotar_County.html
Roman Mosaic, None, Sights & Landmarks, /Attraction_Review-g1067956-d17332105-Reviews-Roman_Mosaic-Krk_Krk_Island_Kvarner_Bay_Islands_Primorje_Gorski_Kotar_County.html, /Attractions-g303824-Activities-Krk_Island_Kvarner_Bay_Islands_Primorje_Gorski_Kotar_County.html
Church of St Dunat, None, Sights & Landmarks, /Attraction_Review-g1748906-d17332505-Reviews-Church_of_St_Dunat-Kornic_Krk_Island_Kvarner_Bay_Islands_Primorje_Gorski_Kotar_.html, /Attractions-g303824-Activities-Krk_Island_Kvarner_Bay_Islands_Primorje_Gorski_Kotar_County.html
Rook on the Shoreline, None, Sights & Landmarks, /Attraction_Review-g1067956-d17209762-Reviews-Rook_on_the_Shoreline-Krk_Krk_Island_Kvarner_Bay_Islands_Primorje_Gorski_Kotar_.html, /Attractions-g303824-Activities-Krk_Island_Kvarner_Bay_Islands_Primorje_Gorski_Kotar_County.html
Marina Punat, None, Nature & Parks, /Attraction_Review-g303830-d21170942-Reviews-Marina_Punat-Punat_Krk_Island_Kvarner_Bay_Islands_Primorje_Gorski_Kotar_County.html, /Attractions-g303824-Activities-Krk_Island_Kvarner_Bay_Islands_Primorje_Gorski_Kotar_County.html
Crkva Sv. Josip, None, Sights & Landmarks, /Attraction_Review-g303822-d21277487-Reviews-Crkva_Sv_Josip-Omisalj_Krk_Island_Kvarner_Bay_Islands_Primorje_Gorski_Kotar_Coun.html, /Attractions-g303824-Activities-Krk_Island_Kvarner_Bay_Islands_Primorje_Gorski_Kotar_County.html
Church Of The Assumption Of The Blessed Virgin Mary, None, Sights & Landmarks, /Attraction_Review-g303822-d21277481-Reviews-Church_Of_The_Assumption_Of_The_Blessed_Virgin_Mary-Omisalj_Krk_Island_Kvarner_B.html, /Attractions-g303824-Activities-Krk_Island_Kvarner_Bay_Islands_Primorje_Gorski_Kotar_County.html
Crkva Sv Duh, None, Sights & Landmarks, /Attraction_Review-g303822-d21277483-Reviews-Crkva_Sv_Duh-Omisalj_Krk_Island_Kvarner_Bay_Islands_Primorje_Gorski_Kotar_County.html, /Attractions-g303824-Activities-Krk_Island_Kvarner_Bay_Islands_Primorje_Gorski_Kotar_County.html
