attraction_name, attraction_rate, attraction_type, attraction_url, attraction_parent_url
Ston City Walls, 4.5, Sights & Landmarks, /Attraction_Review-g608720-d3748647-Reviews-Ston_City_Walls-Ston_Peljesac_Peninsula_Dubrovnik_Neretva_County_Dalmatia.html, /Attractions-g608720-Activities-Ston_Peljesac_Peninsula_Dubrovnik_Neretva_County_Dalmatia.html
Milos Winery, 4.5, Food & Drink, /Attraction_Review-g608720-d4997645-Reviews-Milos_Winery-Ston_Peljesac_Peninsula_Dubrovnik_Neretva_County_Dalmatia.html, /Attractions-g608720-Activities-Ston_Peljesac_Peninsula_Dubrovnik_Neretva_County_Dalmatia.html
Marlais Winery, 5.0, Food & Drink, /Attraction_Review-g608720-d12346874-Reviews-Marlais_Winery-Ston_Peljesac_Peninsula_Dubrovnik_Neretva_County_Dalmatia.html, /Attractions-g608720-Activities-Ston_Peljesac_Peninsula_Dubrovnik_Neretva_County_Dalmatia.html
Ston Old Town, 4.0, Sights & Landmarks, /Attraction_Review-g608720-d12885294-Reviews-Ston_Old_Town-Ston_Peljesac_Peninsula_Dubrovnik_Neretva_County_Dalmatia.html, /Attractions-g608720-Activities-Ston_Peljesac_Peninsula_Dubrovnik_Neretva_County_Dalmatia.html
Vina Vukas, 5.0, Food & Drink, /Attraction_Review-g608720-d12494131-Reviews-Vina_Vukas-Ston_Peljesac_Peninsula_Dubrovnik_Neretva_County_Dalmatia.html, /Attractions-g608720-Activities-Ston_Peljesac_Peninsula_Dubrovnik_Neretva_County_Dalmatia.html
Ston Salt Works, 3.5, Museums, /Attraction_Review-g608720-d4997584-Reviews-Ston_Salt_Works-Ston_Peljesac_Peninsula_Dubrovnik_Neretva_County_Dalmatia.html, /Attractions-g608720-Activities-Ston_Peljesac_Peninsula_Dubrovnik_Neretva_County_Dalmatia.html
Ledinic Winery, 5.0, Food & Drink, /Attraction_Review-g608720-d12881487-Reviews-Ledinic_Winery-Ston_Peljesac_Peninsula_Dubrovnik_Neretva_County_Dalmatia.html, /Attractions-g608720-Activities-Ston_Peljesac_Peninsula_Dubrovnik_Neretva_County_Dalmatia.html
Saline di Ston, 4.0, Nature & Parks, /Attraction_Review-g608720-d10748923-Reviews-Saline_di_Ston-Ston_Peljesac_Peninsula_Dubrovnik_Neretva_County_Dalmatia.html, /Attractions-g608720-Activities-Ston_Peljesac_Peninsula_Dubrovnik_Neretva_County_Dalmatia.html
Fort Kaśtio, 3.5, Sights & Landmarks, /Attraction_Review-g608720-d12938957-Reviews-Fort_KaStio-Ston_Peljesac_Peninsula_Dubrovnik_Neretva_County_Dalmatia.html, /Attractions-g608720-Activities-Ston_Peljesac_Peninsula_Dubrovnik_Neretva_County_Dalmatia.html
Tvrđava Podzvizd, 4.5, Sights & Landmarks, /Attraction_Review-g608720-d12948476-Reviews-Tvrdava_Podzvizd-Ston_Peljesac_Peninsula_Dubrovnik_Neretva_County_Dalmatia.html, /Attractions-g608720-Activities-Ston_Peljesac_Peninsula_Dubrovnik_Neretva_County_Dalmatia.html
Steinmauer, 4.0, Sights & Landmarks, /Attraction_Review-g608720-d10399073-Reviews-Steinmauer-Ston_Peljesac_Peninsula_Dubrovnik_Neretva_County_Dalmatia.html, /Attractions-g608720-Activities-Ston_Peljesac_Peninsula_Dubrovnik_Neretva_County_Dalmatia.html
Church&& St. Nicholas, 4.0, Sights & Landmarks, /Attraction_Review-g608720-d12948546-Reviews-Church_St_Nicholas-Ston_Peljesac_Peninsula_Dubrovnik_Neretva_County_Dalmatia.html, /Attractions-g608720-Activities-Ston_Peljesac_Peninsula_Dubrovnik_Neretva_County_Dalmatia.html
Bishop's Palace, 4.0, Sights & Landmarks, /Attraction_Review-g608720-d12963326-Reviews-Bishop_s_Palace-Ston_Peljesac_Peninsula_Dubrovnik_Neretva_County_Dalmatia.html, /Attractions-g608720-Activities-Ston_Peljesac_Peninsula_Dubrovnik_Neretva_County_Dalmatia.html
Kayaking Ston, 5.0, Boat Tours & Water Sports, /Attraction_Review-g608720-d14935708-Reviews-Kayaking_Ston-Ston_Peljesac_Peninsula_Dubrovnik_Neretva_County_Dalmatia.html, /Attractions-g608720-Activities-Ston_Peljesac_Peninsula_Dubrovnik_Neretva_County_Dalmatia.html
Natura Dalmatia - liquors and olive oil tasting, 5.0, Food & Drink, /Attraction_Review-g608720-d19653389-Reviews-Natura_Dalmatia_liquors_and_olive_oil_tasting-Ston_Peljesac_Peninsula_Dubrovnik_.html, /Attractions-g608720-Activities-Ston_Peljesac_Peninsula_Dubrovnik_Neretva_County_Dalmatia.html
Peljesac.hr, 5.0, Nightlife, /Attraction_Review-g608720-d16900959-Reviews-Peljesac_hr-Ston_Peljesac_Peninsula_Dubrovnik_Neretva_County_Dalmatia.html, /Attractions-g608720-Activities-Ston_Peljesac_Peninsula_Dubrovnik_Neretva_County_Dalmatia.html
Ston Adventure, 5.0, Boat Tours & Water Sports, /Attraction_Review-g608720-d12851345-Reviews-Ston_Adventure-Ston_Peljesac_Peninsula_Dubrovnik_Neretva_County_Dalmatia.html, /Attractions-g608720-Activities-Ston_Peljesac_Peninsula_Dubrovnik_Neretva_County_Dalmatia.html
Natura Dalmatia, 5.0, Shopping, /Attraction_Review-g608720-d19657196-Reviews-Natura_Dalmatia-Ston_Peljesac_Peninsula_Dubrovnik_Neretva_County_Dalmatia.html, /Attractions-g608720-Activities-Ston_Peljesac_Peninsula_Dubrovnik_Neretva_County_Dalmatia.html
Ston Untold, 5.0, Tours, /Attraction_Review-g608720-d17535160-Reviews-Ston_Untold-Ston_Peljesac_Peninsula_Dubrovnik_Neretva_County_Dalmatia.html, /Attractions-g608720-Activities-Ston_Peljesac_Peninsula_Dubrovnik_Neretva_County_Dalmatia.html
Soul Of Croatia, 5.0, Tours, /Attraction_Review-g608720-d19313739-Reviews-Soul_Of_Croatia-Ston_Peljesac_Peninsula_Dubrovnik_Neretva_County_Dalmatia.html, /Attractions-g608720-Activities-Ston_Peljesac_Peninsula_Dubrovnik_Neretva_County_Dalmatia.html
Souvenir Shop, 4.0, Shopping, /Attraction_Review-g608720-d15042765-Reviews-Souvenir_Shop-Ston_Peljesac_Peninsula_Dubrovnik_Neretva_County_Dalmatia.html, /Attractions-g608720-Activities-Ston_Peljesac_Peninsula_Dubrovnik_Neretva_County_Dalmatia.html
Mundo Tours, None, Food & Drink, /Attraction_Review-g608720-d17785241-Reviews-Mundo_Tours-Ston_Peljesac_Peninsula_Dubrovnik_Neretva_County_Dalmatia.html, /Attractions-g608720-Activities-Ston_Peljesac_Peninsula_Dubrovnik_Neretva_County_Dalmatia.html
