attraction_name, attraction_rate, attraction_type, attraction_url, attraction_parent_url
Cavtat Old Town, 4.5, Sights & Landmarks, /Attraction_Review-g303804-d600370-Reviews-Cavtat_Old_Town-Cavtat_Konavle_Dubrovnik_Neretva_County_Dalmatia.html, /Attractions-g2266740-Activities-Konavle_Dubrovnik_Neretva_County_Dalmatia.html
Cavtat Seaside Promenade, 4.5, Sights & Landmarks, /Attraction_Review-g303804-d10392840-Reviews-Cavtat_Seaside_Promenade-Cavtat_Konavle_Dubrovnik_Neretva_County_Dalmatia.html, /Attractions-g2266740-Activities-Konavle_Dubrovnik_Neretva_County_Dalmatia.html
Cavtat Cemetery, 4.5, Sights & Landmarks, /Attraction_Review-g303804-d600365-Reviews-Cavtat_Cemetery-Cavtat_Konavle_Dubrovnik_Neretva_County_Dalmatia.html, /Attractions-g2266740-Activities-Konavle_Dubrovnik_Neretva_County_Dalmatia.html
Vlaho Bukovac House, 4.5, Museums, /Attraction_Review-g303804-d2356342-Reviews-Vlaho_Bukovac_House-Cavtat_Konavle_Dubrovnik_Neretva_County_Dalmatia.html, /Attractions-g2266740-Activities-Konavle_Dubrovnik_Neretva_County_Dalmatia.html
Church of St Nicholas, 4.5, Sights & Landmarks, /Attraction_Review-g303804-d4222673-Reviews-Church_of_St_Nicholas-Cavtat_Konavle_Dubrovnik_Neretva_County_Dalmatia.html, /Attractions-g2266740-Activities-Konavle_Dubrovnik_Neretva_County_Dalmatia.html
Pasjaca Beach, 4.5, Nature & Parks, /Attraction_Review-g10218952-d12692025-Reviews-Pasjaca_Beach-Popovici_Konavle_Dubrovnik_Neretva_County_Dalmatia.html, /Attractions-g2266740-Activities-Konavle_Dubrovnik_Neretva_County_Dalmatia.html
Ronald Brown Pathway, 4.5, Sights & Landmarks, /Attraction_Review-g303804-d4282710-Reviews-Ronald_Brown_Pathway-Cavtat_Konavle_Dubrovnik_Neretva_County_Dalmatia.html, /Attractions-g2266740-Activities-Konavle_Dubrovnik_Neretva_County_Dalmatia.html
Footpath Cavtat - Radovčići, 4.5, Nature & Parks, /Attraction_Review-g303804-d12413954-Reviews-Footpath_Cavtat_Radovcici-Cavtat_Konavle_Dubrovnik_Neretva_County_Dalmatia.html, /Attractions-g2266740-Activities-Konavle_Dubrovnik_Neretva_County_Dalmatia.html
Church of Our Lady of the Snow, 4.0, Sights & Landmarks, /Attraction_Review-g303804-d4222744-Reviews-Church_of_Our_Lady_of_the_Snow-Cavtat_Konavle_Dubrovnik_Neretva_County_Dalmatia.html, /Attractions-g2266740-Activities-Konavle_Dubrovnik_Neretva_County_Dalmatia.html
Konavle County Museum, 4.5, Museums, /Attraction_Review-g2295888-d7145835-Reviews-Konavle_County_Museum-Cilipi_Konavle_Dubrovnik_Neretva_County_Dalmatia.html, /Attractions-g2266740-Activities-Konavle_Dubrovnik_Neretva_County_Dalmatia.html
Beach Rat, 4.5, Nature & Parks, /Attraction_Review-g303804-d15066320-Reviews-Beach_Rat-Cavtat_Konavle_Dubrovnik_Neretva_County_Dalmatia.html, /Attractions-g2266740-Activities-Konavle_Dubrovnik_Neretva_County_Dalmatia.html
Malvasija Karaman Winery, 4.5, Food & Drink, /Attraction_Review-g2266740-d12982664-Reviews-Malvasija_Karaman_Winery-Konavle_Dubrovnik_Neretva_County_Dalmatia.html, /Attractions-g2266740-Activities-Konavle_Dubrovnik_Neretva_County_Dalmatia.html
Baltazar Bogišić Collection, 4.5, Museums, /Attraction_Review-g303804-d12402975-Reviews-Baltazar_Bogisic_Collection-Cavtat_Konavle_Dubrovnik_Neretva_County_Dalmatia.html, /Attractions-g2266740-Activities-Konavle_Dubrovnik_Neretva_County_Dalmatia.html
Valtazar Bogisic Monument, 4.0, Sights & Landmarks, /Attraction_Review-g303804-d15204286-Reviews-Valtazar_Bogisic_Monument-Cavtat_Konavle_Dubrovnik_Neretva_County_Dalmatia.html, /Attractions-g2266740-Activities-Konavle_Dubrovnik_Neretva_County_Dalmatia.html
Zlatovisce, 5.0, Food & Drink, /Attraction_Review-g2659007-d17630108-Reviews-Zlatovisce-Gruda_Konavle_Dubrovnik_Neretva_County_Dalmatia.html, /Attractions-g2266740-Activities-Konavle_Dubrovnik_Neretva_County_Dalmatia.html
Sveta Ana Adrenalin Park, 5.0, Water & Amusement Parks, /Attraction_Review-g2659007-d8515602-Reviews-Sveta_Ana_Adrenalin_Park-Gruda_Konavle_Dubrovnik_Neretva_County_Dalmatia.html, /Attractions-g2266740-Activities-Konavle_Dubrovnik_Neretva_County_Dalmatia.html
Saint Nicholas Church, 4.0, Sights & Landmarks, /Attraction_Review-g2295888-d6885466-Reviews-Saint_Nicholas_Church-Cilipi_Konavle_Dubrovnik_Neretva_County_Dalmatia.html, /Attractions-g2266740-Activities-Konavle_Dubrovnik_Neretva_County_Dalmatia.html
Crvik, 4.5, Food & Drink, /Attraction_Review-g2295888-d17826847-Reviews-Crvik-Cilipi_Konavle_Dubrovnik_Neretva_County_Dalmatia.html, /Attractions-g2266740-Activities-Konavle_Dubrovnik_Neretva_County_Dalmatia.html
Vila Milicic, 4.0, Food & Drink, /Attraction_Review-g15829494-d15813546-Reviews-Vila_Milicic-Zastolje_Konavle_Dubrovnik_Neretva_County_Dalmatia.html, /Attractions-g2266740-Activities-Konavle_Dubrovnik_Neretva_County_Dalmatia.html
Water Sports Cavtat, 5.0, Boat Tours & Water Sports, /Attraction_Review-g303804-d12843522-Reviews-Water_Sports_Cavtat-Cavtat_Konavle_Dubrovnik_Neretva_County_Dalmatia.html, /Attractions-g2266740-Activities-Konavle_Dubrovnik_Neretva_County_Dalmatia.html
Sea Kayaking Cavtat, 5.0, Boat Tours & Water Sports, /Attraction_Review-g303804-d4091717-Reviews-Sea_Kayaking_Cavtat-Cavtat_Konavle_Dubrovnik_Neretva_County_Dalmatia.html, /Attractions-g2266740-Activities-Konavle_Dubrovnik_Neretva_County_Dalmatia.html
Rent a boat Cavtat &amp; Cavtat sailing by Mario Milicic, 5.0, Boat Tours & Water Sports, /Attraction_Review-g303804-d12651860-Reviews-Rent_a_boat_Cavtat_Cavtat_sailing_by_Mario_Milicic-Cavtat_Konavle_Dubrovnik_Nere.html, /Attractions-g2266740-Activities-Konavle_Dubrovnik_Neretva_County_Dalmatia.html
Beach Bar Little Star, 4.5, Nightlife, /Attraction_Review-g303804-d4742593-Reviews-Beach_Bar_Little_Star-Cavtat_Konavle_Dubrovnik_Neretva_County_Dalmatia.html, /Attractions-g2266740-Activities-Konavle_Dubrovnik_Neretva_County_Dalmatia.html
Galleon Tirena, 4.5, Boat Tours & Water Sports, /Attraction_Review-g2295888-d19865969-Reviews-Galleon_Tirena-Cilipi_Konavle_Dubrovnik_Neretva_County_Dalmatia.html, /Attractions-g2266740-Activities-Konavle_Dubrovnik_Neretva_County_Dalmatia.html
Adventure Park Cadmos Village, 5.0, Tours, /Attraction_Review-g2295888-d6846591-Reviews-Adventure_Park_Cadmos_Village-Cilipi_Konavle_Dubrovnik_Neretva_County_Dalmatia.html, /Attractions-g2266740-Activities-Konavle_Dubrovnik_Neretva_County_Dalmatia.html
Adeo Travel, 5.0, Tours, /Attraction_Review-g303804-d12610270-Reviews-Adeo_Travel-Cavtat_Konavle_Dubrovnik_Neretva_County_Dalmatia.html, /Attractions-g2266740-Activities-Konavle_Dubrovnik_Neretva_County_Dalmatia.html
Kameni Mlin Stone Mill, 5.0, Tours, /Attraction_Review-g2295888-d13552064-Reviews-Kameni_Mlin_Stone_Mill-Cilipi_Konavle_Dubrovnik_Neretva_County_Dalmatia.html, /Attractions-g2266740-Activities-Konavle_Dubrovnik_Neretva_County_Dalmatia.html
Skatulica, 4.5, Shopping, /Attraction_Review-g303804-d10055692-Reviews-Skatulica-Cavtat_Konavle_Dubrovnik_Neretva_County_Dalmatia.html, /Attractions-g2266740-Activities-Konavle_Dubrovnik_Neretva_County_Dalmatia.html
Cavtat Boat Trips &amp; Transfers, 5.0, Boat Tours & Water Sports, /Attraction_Review-g303804-d16719145-Reviews-Cavtat_Boat_Trips_Transfers-Cavtat_Konavle_Dubrovnik_Neretva_County_Dalmatia.html, /Attractions-g2266740-Activities-Konavle_Dubrovnik_Neretva_County_Dalmatia.html
Lux Travel, 5.0, Boat Tours & Water Sports, /Attraction_Review-g303804-d2163066-Reviews-Lux_Travel-Cavtat_Konavle_Dubrovnik_Neretva_County_Dalmatia.html, /Attractions-g2266740-Activities-Konavle_Dubrovnik_Neretva_County_Dalmatia.html
