attraction_name, attraction_rate, attraction_type, attraction_url, attraction_parent_url
Sokolac Castle, 4.0, Sights & Landmarks, /Attraction_Review-g8355763-d8352257-Reviews-Sokolac_Castle-Brinje_Lika_Senj_County.html, /Attractions-g8355763-Activities-Brinje_Lika_Senj_County.html
Sinicic Cave, 5.0, Nature & Parks, /Attraction_Review-g8355763-d14956175-Reviews-Sinicic_Cave-Brinje_Lika_Senj_County.html, /Attractions-g8355763-Activities-Brinje_Lika_Senj_County.html
Crkva Sv. Antuna Padovanskog, None, Sights & Landmarks, /Attraction_Review-g8355763-d20907075-Reviews-Crkva_Sv_Antuna_Padovanskog-Brinje_Lika_Senj_County.html, /Attractions-g8355763-Activities-Brinje_Lika_Senj_County.html
Crkva Uznesenja Blazene Djevice Marije, None, Sights & Landmarks, /Attraction_Review-g8355763-d20907154-Reviews-Crkva_Uznesenja_Blazene_Djevice_Marije-Brinje_Lika_Senj_County.html, /Attractions-g8355763-Activities-Brinje_Lika_Senj_County.html
Kapela Sv. Trojstva, None, Sights & Landmarks, /Attraction_Review-g8355763-d20910173-Reviews-Kapela_Sv_Trojstva-Brinje_Lika_Senj_County.html, /Attractions-g8355763-Activities-Brinje_Lika_Senj_County.html
Kapelica Sv. Stipana, None, Sights & Landmarks, /Attraction_Review-g8355763-d20910177-Reviews-Kapelica_Sv_Stipana-Brinje_Lika_Senj_County.html, /Attractions-g8355763-Activities-Brinje_Lika_Senj_County.html
