attraction_name, attraction_rate, attraction_type, attraction_url, attraction_parent_url
Atelier Mestrovic, 4.5, Museums, /Attraction_Review-g294454-d3367459-Reviews-Atelier_Mestrovic-Zagreb_Central_Croatia.html, /Attractions-g294454-Activities-Zagreb_Central_Croatia.html
Porta di Pietra (Kamenita Vrata), 4.0, Sights & Landmarks, /Attraction_Review-g294454-d548411-Reviews-Porta_di_Pietra_Kamenita_Vrata-Zagreb_Central_Croatia.html, /Attractions-g294454-Activities-Zagreb_Central_Croatia.html
Park Bundek, 4.5, Nature & Parks, /Attraction_Review-g294454-d4166989-Reviews-Park_Bundek-Zagreb_Central_Croatia.html, /Attractions-g294454-Activities-Zagreb_Central_Croatia.html
Zagreb Cathedral, 4.5, Sights & Landmarks, /Attraction_Review-g294454-d14821355-Reviews-Zagreb_Cathedral-Zagreb_Central_Croatia.html, /Attractions-g294454-Activities-Zagreb_Central_Croatia.html
Tehnicki Muzej, 4.0, Museums, /Attraction_Review-g294454-d1735265-Reviews-Tehnicki_Muzej-Zagreb_Central_Croatia.html, /Attractions-g294454-Activities-Zagreb_Central_Croatia.html
Diamond Palace casino, 4.5, Casinos & Gambling, /Attraction_Review-g294454-d13808995-Reviews-Diamond_Palace_casino-Zagreb_Central_Croatia.html, /Attractions-g294454-Activities-Zagreb_Central_Croatia.html
Holy Mary Monument, 4.0, Sights & Landmarks, /Attraction_Review-g294454-d548401-Reviews-Holy_Mary_Monument-Zagreb_Central_Croatia.html, /Attractions-g294454-Activities-Zagreb_Central_Croatia.html
Art Pavilion (Umjetnicki Paviljon), 4.0, Museums, /Attraction_Review-g294454-d549759-Reviews-Art_Pavilion_Umjetnicki_Paviljon-Zagreb_Central_Croatia.html, /Attractions-g294454-Activities-Zagreb_Central_Croatia.html
Museum of Arts and Crafts, 4.5, Museums, /Attraction_Review-g294454-d316426-Reviews-Museum_of_Arts_and_Crafts-Zagreb_Central_Croatia.html, /Attractions-g294454-Activities-Zagreb_Central_Croatia.html
Zagreb City Museum, 4.0, Museums, /Attraction_Review-g294454-d316781-Reviews-Zagreb_City_Museum-Zagreb_Central_Croatia.html, /Attractions-g294454-Activities-Zagreb_Central_Croatia.html
Tortureum - Museum of Torture, 4.0, Museums, /Attraction_Review-g294454-d8472202-Reviews-Tortureum_Museum_of_Torture-Zagreb_Central_Croatia.html, /Attractions-g294454-Activities-Zagreb_Central_Croatia.html
St. Mark's Square, 4.5, Sights & Landmarks, /Attraction_Review-g294454-d12872757-Reviews-St_Mark_s_Square-Zagreb_Central_Croatia.html, /Attractions-g294454-Activities-Zagreb_Central_Croatia.html
Drazen Petrovic Museum - Memorial Center, 4.5, Museums, /Attraction_Review-g294454-d3619289-Reviews-Drazen_Petrovic_Museum_Memorial_Center-Zagreb_Central_Croatia.html, /Attractions-g294454-Activities-Zagreb_Central_Croatia.html
Ilica, 4.0, Sights & Landmarks, /Attraction_Review-g294454-d548408-Reviews-Ilica-Zagreb_Central_Croatia.html, /Attractions-g294454-Activities-Zagreb_Central_Croatia.html
Nikola Tesla Statue, 4.0, Sights & Landmarks, /Attraction_Review-g294454-d8298585-Reviews-Nikola_Tesla_Statue-Zagreb_Central_Croatia.html, /Attractions-g294454-Activities-Zagreb_Central_Croatia.html
Museum of Contemporary Art, 4.0, Museums, /Attraction_Review-g294454-d4742577-Reviews-Museum_of_Contemporary_Art-Zagreb_Central_Croatia.html, /Attractions-g294454-Activities-Zagreb_Central_Croatia.html
Republic of Croatia Square / Trg Republike Hrvatske, 4.5, Sights & Landmarks, /Attraction_Review-g294454-d10105309-Reviews-Republic_of_Croatia_Square_Trg_Republike_Hrvatske-Zagreb_Central_Croatia.html, /Attractions-g294454-Activities-Zagreb_Central_Croatia.html
Tourist Information Centre Zagreb, 4.5, Traveller Resources, /Attraction_Review-g294454-d10202648-Reviews-Tourist_Information_Centre_Zagreb-Zagreb_Central_Croatia.html, /Attractions-g294454-Activities-Zagreb_Central_Croatia.html
Moderna Galerija, 4.0, Museums, /Attraction_Review-g294454-d3367468-Reviews-Moderna_Galerija-Zagreb_Central_Croatia.html, /Attractions-g294454-Activities-Zagreb_Central_Croatia.html
Zagreb Glavni Kolodvor, 3.5, Sights & Landmarks, /Attraction_Review-g294454-d9838894-Reviews-Zagreb_Glavni_Kolodvor-Zagreb_Central_Croatia.html, /Attractions-g294454-Activities-Zagreb_Central_Croatia.html
Backo Mini Express, 4.5, Museums, /Attraction_Review-g294454-d10004848-Reviews-Backo_Mini_Express-Zagreb_Central_Croatia.html, /Attractions-g294454-Activities-Zagreb_Central_Croatia.html
Radićeva, 4.0, Sights & Landmarks, /Attraction_Review-g294454-d549694-Reviews-Radiceva-Zagreb_Central_Croatia.html, /Attractions-g294454-Activities-Zagreb_Central_Croatia.html
Zagreb Orthodox Cathedral, 4.0, Sights & Landmarks, /Attraction_Review-g294454-d7340161-Reviews-Zagreb_Orthodox_Cathedral-Zagreb_Central_Croatia.html, /Attractions-g294454-Activities-Zagreb_Central_Croatia.html
Strossmayer's Old Masters Gallery, 4.0, Museums, /Attraction_Review-g294454-d316794-Reviews-Strossmayer_s_Old_Masters_Gallery-Zagreb_Central_Croatia.html, /Attractions-g294454-Activities-Zagreb_Central_Croatia.html
Church of St. Catherine, 4.0, Sights & Landmarks, /Attraction_Review-g294454-d548404-Reviews-Church_of_St_Catherine-Zagreb_Central_Croatia.html, /Attractions-g294454-Activities-Zagreb_Central_Croatia.html
The Well of Life, 4.5, Sights & Landmarks, /Attraction_Review-g294454-d549628-Reviews-The_Well_of_Life-Zagreb_Central_Croatia.html, /Attractions-g294454-Activities-Zagreb_Central_Croatia.html
Tennis Holidays Croatia, 5.0, Classes & Workshops, /Attraction_Review-g294454-d13396303-Reviews-Tennis_Holidays_Croatia-Zagreb_Central_Croatia.html, /Attractions-g294454-Activities-Zagreb_Central_Croatia.html
Medvedgrad Castle, 4.0, Sights & Landmarks, /Attraction_Review-g294454-d549766-Reviews-Medvedgrad_Castle-Zagreb_Central_Croatia.html, /Attractions-g294454-Activities-Zagreb_Central_Croatia.html
Art Park Zagreb, 4.0, Nature & Parks, /Attraction_Review-g294454-d12546384-Reviews-Art_Park_Zagreb-Zagreb_Central_Croatia.html, /Attractions-g294454-Activities-Zagreb_Central_Croatia.html
Mushroom Museum, 4.5, Museums, /Attraction_Review-g294454-d7613193-Reviews-Mushroom_Museum-Zagreb_Central_Croatia.html, /Attractions-g294454-Activities-Zagreb_Central_Croatia.html
