attraction_name, attraction_rate, attraction_type, attraction_url, attraction_parent_url
Novo Pošta Beach, 4.0, Nature & Parks, /Attraction_Review-g1062125-d21359608-Reviews-Novo_Posta_Beach-Komiza_Island_of_Vis_Split_Dalmatia_County_Dalmatia.html, /Attractions-g424971-Activities-Island_of_Vis_Split_Dalmatia_County_Dalmatia.html
Češka vila, 4.5, Sights & Landmarks, /Attraction_Review-g424973-d21361291-Reviews-Ceska_vila-Vis_Island_of_Vis_Split_Dalmatia_County_Dalmatia.html, /Attractions-g424971-Activities-Island_of_Vis_Split_Dalmatia_County_Dalmatia.html
Wellington Fortress, 4.0, Sights & Landmarks, /Attraction_Review-g424973-d17728028-Reviews-Wellington_Fortress-Vis_Island_of_Vis_Split_Dalmatia_County_Dalmatia.html, /Attractions-g424971-Activities-Island_of_Vis_Split_Dalmatia_County_Dalmatia.html
Tower Of Perasti, 4.0, Sights & Landmarks, /Attraction_Review-g424973-d21366837-Reviews-Tower_Of_Perasti-Vis_Island_of_Vis_Split_Dalmatia_County_Dalmatia.html, /Attractions-g424971-Activities-Island_of_Vis_Split_Dalmatia_County_Dalmatia.html
Crkva Gospe Od Velog Sela, 4.0, Sights & Landmarks, /Attraction_Review-g21360873-d21360860-Reviews-Crkva_Gospe_Od_Velog_Sela-Podselje_Island_of_Vis_Split_Dalmatia_County_Dalmati.html, /Attractions-g424971-Activities-Island_of_Vis_Split_Dalmatia_County_Dalmatia.html
Archeological Museum, 4.0, Museums, /Attraction_Review-g424973-d21361689-Reviews-Archeological_Museum-Vis_Island_of_Vis_Split_Dalmatia_County_Dalmatia.html, /Attractions-g424971-Activities-Island_of_Vis_Split_Dalmatia_County_Dalmatia.html
Boj pod Visom - Kula Wellington - Central Dalmatia Croatia - Theme Trails, 4.0, Nature & Parks, /Attraction_Review-g424973-d21066881-Reviews-Boj_pod_Visom_Kula_Wellington_Central_Dalmatia_Croatia_Theme_Trails-Vis_Island_o.html, /Attractions-g424971-Activities-Island_of_Vis_Split_Dalmatia_County_Dalmatia.html
The Necropolis Of Issa, 3.5, Sights & Landmarks, /Attraction_Review-g424973-d21366829-Reviews-The_Necropolis_Of_Issa-Vis_Island_of_Vis_Split_Dalmatia_County_Dalmatia.html, /Attractions-g424971-Activities-Island_of_Vis_Split_Dalmatia_County_Dalmatia.html
Otočni prsten Vis Bike Tracks Central Dalmatia Croatia, None, Nature & Parks, /Attraction_Review-g424971-d20329929-Reviews-Otocni_prsten_Vis_Bike_Tracks_Central_Dalmatia_Croatia-Island_of_Vis_Split_Dalma.html, /Attractions-g424971-Activities-Island_of_Vis_Split_Dalmatia_County_Dalmatia.html
Palagružaona Bike Tracks Vis Central Dalmatia Croatia, None, Nature & Parks, /Attraction_Review-g1062125-d20329930-Reviews-Palagruzaona_Bike_Tracks_Vis_Central_Dalmatia_Croatia-Komiza_Island_of_Vis_Spli.html, /Attractions-g424971-Activities-Island_of_Vis_Split_Dalmatia_County_Dalmatia.html
Pojorsko Vis bike staze, None, Nature & Parks, /Attraction_Review-g424971-d20329932-Reviews-Pojorsko_Vis_bike_staze-Island_of_Vis_Split_Dalmatia_County_Dalmatia.html, /Attractions-g424971-Activities-Island_of_Vis_Split_Dalmatia_County_Dalmatia.html
Sv Jurja Vis Bike Tracks Central Dalmatia Croatia, None, Nature & Parks, /Attraction_Review-g424971-d20329936-Reviews-Sv_Jurja_Vis_Bike_Tracks_Central_Dalmatia_Croatia-Island_of_Vis_Split_Dalmatia_C.html, /Attractions-g424971-Activities-Island_of_Vis_Split_Dalmatia_County_Dalmatia.html
Sv Mikule Vis Bike Tracks Central Dalmatia Croatia, None, Nature & Parks, /Attraction_Review-g1062125-d20329939-Reviews-Sv_Mikule_Vis_Bike_Tracks_Central_Dalmatia_Croatia-Komiza_Island_of_Vis_Split_D.html, /Attractions-g424971-Activities-Island_of_Vis_Split_Dalmatia_County_Dalmatia.html
Zapadni Prsten, None, Nature & Parks, /Attraction_Review-g1062125-d21028672-Reviews-Zapadni_Prsten-Komiza_Island_of_Vis_Split_Dalmatia_County_Dalmatia.html, /Attractions-g424971-Activities-Island_of_Vis_Split_Dalmatia_County_Dalmatia.html
Boj pod Visom, None, Nature & Parks, /Attraction_Review-g424973-d20943683-Reviews-Boj_pod_Visom-Vis_Island_of_Vis_Split_Dalmatia_County_Dalmatia.html, /Attractions-g424971-Activities-Island_of_Vis_Split_Dalmatia_County_Dalmatia.html
Vis - Istocni Prsten, None, Nature & Parks, /Attraction_Review-g424973-d21104696-Reviews-Vis_Istocni_Prsten-Vis_Island_of_Vis_Split_Dalmatia_County_Dalmatia.html, /Attractions-g424971-Activities-Island_of_Vis_Split_Dalmatia_County_Dalmatia.html
Vis - Zapadni Prsten - Central Dalmatia Croatia - Bike Tracks, None, Nature & Parks, /Attraction_Review-g1062125-d21225049-Reviews-Vis_Zapadni_Prsten_Central_Dalmatia_Croatia_Bike_Tracks-Komiza_Island_of_Vis_Sp.html, /Attractions-g424971-Activities-Island_of_Vis_Split_Dalmatia_County_Dalmatia.html
Manjarema Vis Bike Tracks Central Dalmatia Croatia, None, Nature & Parks, /Attraction_Review-g1062125-d20329925-Reviews-Manjarema_Vis_Bike_Tracks_Central_Dalmatia_Croatia-Komiza_Island_of_Vis_Split_D.html, /Attractions-g424971-Activities-Island_of_Vis_Split_Dalmatia_County_Dalmatia.html
Tvrdava Jadrana Vis Bike Tracks Central Dalmatia Croatia, None, Nature & Parks, /Attraction_Review-g424971-d20330084-Reviews-Tvrdava_Jadrana_Vis_Bike_Tracks_Central_Dalmatia_Croatia-Island_of_Vis_Split_Dal.html, /Attractions-g424971-Activities-Island_of_Vis_Split_Dalmatia_County_Dalmatia.html
Vis vale i plovci bike staze, None, Nature & Parks, /Attraction_Review-g424971-d20330085-Reviews-Vis_vale_i_plovci_bike_staze-Island_of_Vis_Split_Dalmatia_County_Dalmatia.html, /Attractions-g424971-Activities-Island_of_Vis_Split_Dalmatia_County_Dalmatia.html
