attraction_name, attraction_rate, attraction_type, attraction_url, attraction_parent_url
Historic City of Trogir, 4.5, Sights & Landmarks, /Attraction_Review-g303838-d523456-Reviews-Historic_City_of_Trogir-Trogir_Split_Dalmatia_County_Dalmatia.html, /Attractions-g303838-Activities-Trogir_Split_Dalmatia_County_Dalmatia.html
The St. Lawrence Cathedral and Bell Tower, 4.5, Sights & Landmarks, /Attraction_Review-g303838-d554403-Reviews-The_St_Lawrence_Cathedral_and_Bell_Tower-Trogir_Split_Dalmatia_County_Dalmatia.html, /Attractions-g303838-Activities-Trogir_Split_Dalmatia_County_Dalmatia.html
Central Square in Trogir, 4.5, Sights & Landmarks, /Attraction_Review-g303838-d550555-Reviews-Central_Square_in_Trogir-Trogir_Split_Dalmatia_County_Dalmatia.html, /Attractions-g303838-Activities-Trogir_Split_Dalmatia_County_Dalmatia.html
Fortress Kamerlengo, 3.5, Sights & Landmarks, /Attraction_Review-g303838-d550552-Reviews-Fortress_Kamerlengo-Trogir_Split_Dalmatia_County_Dalmatia.html, /Attractions-g303838-Activities-Trogir_Split_Dalmatia_County_Dalmatia.html
Waterfront Promenade, 4.5, Sights & Landmarks, /Attraction_Review-g303838-d13549949-Reviews-Waterfront_Promenade-Trogir_Split_Dalmatia_County_Dalmatia.html, /Attractions-g303838-Activities-Trogir_Split_Dalmatia_County_Dalmatia.html
Palace Cipiko, 4.0, Sights & Landmarks, /Attraction_Review-g303838-d550557-Reviews-Palace_Cipiko-Trogir_Split_Dalmatia_County_Dalmatia.html, /Attractions-g303838-Activities-Trogir_Split_Dalmatia_County_Dalmatia.html
North Gate, 4.0, Sights & Landmarks, /Attraction_Review-g303838-d550556-Reviews-North_Gate-Trogir_Split_Dalmatia_County_Dalmatia.html, /Attractions-g303838-Activities-Trogir_Split_Dalmatia_County_Dalmatia.html
The City Hall - Duke's Palace, 4.0, Sights & Landmarks, /Attraction_Review-g303838-d550562-Reviews-The_City_Hall_Duke_s_Palace-Trogir_Split_Dalmatia_County_Dalmatia.html, /Attractions-g303838-Activities-Trogir_Split_Dalmatia_County_Dalmatia.html
Mlinice Pantan, 4.0, Museums, /Attraction_Review-g303838-d10023046-Reviews-Mlinice_Pantan-Trogir_Split_Dalmatia_County_Dalmatia.html, /Attractions-g303838-Activities-Trogir_Split_Dalmatia_County_Dalmatia.html
St. Dominic Monastery, 4.0, Sights & Landmarks, /Attraction_Review-g303838-d550550-Reviews-St_Dominic_Monastery-Trogir_Split_Dalmatia_County_Dalmatia.html, /Attractions-g303838-Activities-Trogir_Split_Dalmatia_County_Dalmatia.html
The Chapel of Ivan Orsini, 4.5, Sights & Landmarks, /Attraction_Review-g303838-d550559-Reviews-The_Chapel_of_Ivan_Orsini-Trogir_Split_Dalmatia_County_Dalmatia.html, /Attractions-g303838-Activities-Trogir_Split_Dalmatia_County_Dalmatia.html
Green Market, 4.0, Food & Drink, /Attraction_Review-g303838-d13529975-Reviews-Green_Market-Trogir_Split_Dalmatia_County_Dalmatia.html, /Attractions-g303838-Activities-Trogir_Split_Dalmatia_County_Dalmatia.html
Kairos Collection, 4.5, Museums, /Attraction_Review-g303838-d554405-Reviews-Kairos_Collection-Trogir_Split_Dalmatia_County_Dalmatia.html, /Attractions-g303838-Activities-Trogir_Split_Dalmatia_County_Dalmatia.html
Town Museum, 3.5, Museums, /Attraction_Review-g303838-d4172025-Reviews-Town_Museum-Trogir_Split_Dalmatia_County_Dalmatia.html, /Attractions-g303838-Activities-Trogir_Split_Dalmatia_County_Dalmatia.html
Park Fortin, 4.0, Nature & Parks, /Attraction_Review-g303838-d13964038-Reviews-Park_Fortin-Trogir_Split_Dalmatia_County_Dalmatia.html, /Attractions-g303838-Activities-Trogir_Split_Dalmatia_County_Dalmatia.html
The Church of St. Peter, 4.0, Sights & Landmarks, /Attraction_Review-g303838-d550561-Reviews-The_Church_of_St_Peter-Trogir_Split_Dalmatia_County_Dalmatia.html, /Attractions-g303838-Activities-Trogir_Split_Dalmatia_County_Dalmatia.html
Marisa Shopping Center, 3.5, Shopping, /Attraction_Review-g303838-d13237850-Reviews-Marisa_Shopping_Center-Trogir_Split_Dalmatia_County_Dalmatia.html, /Attractions-g303838-Activities-Trogir_Split_Dalmatia_County_Dalmatia.html
Vitturi Tower, 4.0, Sights & Landmarks, /Attraction_Review-g303838-d554399-Reviews-Vitturi_Tower-Trogir_Split_Dalmatia_County_Dalmatia.html, /Attractions-g303838-Activities-Trogir_Split_Dalmatia_County_Dalmatia.html
The Church of St. Barbara, 3.5, Sights & Landmarks, /Attraction_Review-g303838-d550560-Reviews-The_Church_of_St_Barbara-Trogir_Split_Dalmatia_County_Dalmatia.html, /Attractions-g303838-Activities-Trogir_Split_Dalmatia_County_Dalmatia.html
Marmont's Monument, 3.5, Sights & Landmarks, /Attraction_Review-g303838-d550554-Reviews-Marmont_s_Monument-Trogir_Split_Dalmatia_County_Dalmatia.html, /Attractions-g303838-Activities-Trogir_Split_Dalmatia_County_Dalmatia.html
St. Sebastian, 4.0, Sights & Landmarks, /Attraction_Review-g303838-d17451539-Reviews-St_Sebastian-Trogir_Split_Dalmatia_County_Dalmatia.html, /Attractions-g303838-Activities-Trogir_Split_Dalmatia_County_Dalmatia.html
St. Mark’s Fortress, 3.5, Sights & Landmarks, /Attraction_Review-g303838-d15515272-Reviews-St_Mark_s_Fortress-Trogir_Split_Dalmatia_County_Dalmatia.html, /Attractions-g303838-Activities-Trogir_Split_Dalmatia_County_Dalmatia.html
Tourist Board Trogir, 3.5, Traveller Resources, /Attraction_Review-g303838-d13520346-Reviews-Tourist_Board_Trogir-Trogir_Split_Dalmatia_County_Dalmatia.html, /Attractions-g303838-Activities-Trogir_Split_Dalmatia_County_Dalmatia.html
Trogir City Hall, 4.0, Sights & Landmarks, /Attraction_Review-g303838-d17594700-Reviews-Trogir_City_Hall-Trogir_Split_Dalmatia_County_Dalmatia.html, /Attractions-g303838-Activities-Trogir_Split_Dalmatia_County_Dalmatia.html
Church of Our Lady, 3.5, Sights & Landmarks, /Attraction_Review-g303838-d13962960-Reviews-Church_of_Our_Lady-Trogir_Split_Dalmatia_County_Dalmatia.html, /Attractions-g303838-Activities-Trogir_Split_Dalmatia_County_Dalmatia.html
Croatian Anthem Plate, 3.5, Sights & Landmarks, /Attraction_Review-g303838-d10023021-Reviews-Croatian_Anthem_Plate-Trogir_Split_Dalmatia_County_Dalmatia.html, /Attractions-g303838-Activities-Trogir_Split_Dalmatia_County_Dalmatia.html
Lotus Taxi, 5.0, Transportation, /Attraction_Review-g303838-d17258902-Reviews-Lotus_Taxi-Trogir_Split_Dalmatia_County_Dalmatia.html, /Attractions-g303838-Activities-Trogir_Split_Dalmatia_County_Dalmatia.html
Atelier Uremovic, None, Museums, /Attraction_Review-g303838-d12915257-Reviews-Atelier_Uremovic-Trogir_Split_Dalmatia_County_Dalmatia.html, /Attractions-g303838-Activities-Trogir_Split_Dalmatia_County_Dalmatia.html
Čiovo - Trogir - Central Dalmatia Croatia - Bike Tracks, None, Nature & Parks, /Attraction_Review-g303838-d20975285-Reviews-Ciovo_Trogir_Central_Dalmatia_Croatia_Bike_Tracks-Trogir_Split_Dalmatia_County_D.html, /Attractions-g303838-Activities-Trogir_Split_Dalmatia_County_Dalmatia.html
Čiovo - Central Dalmatia Croatia - Bike Tracks, None, Nature & Parks, /Attraction_Review-g303838-d20975267-Reviews-Ciovo_Central_Dalmatia_Croatia_Bike_Tracks-Trogir_Split_Dalmatia_County_Dalmatia.html, /Attractions-g303838-Activities-Trogir_Split_Dalmatia_County_Dalmatia.html
