attraction_name, attraction_rate, attraction_type, attraction_url, attraction_parent_url
Ancient Salona, 4.0, Sights & Landmarks, /Attraction_Review-g1203167-d10123183-Reviews-Ancient_Salona-Solin_Split_Dalmatia_County_Dalmatia.html, /Attractions-g1203167-Activities-Solin_Split_Dalmatia_County_Dalmatia.html
Ruins of the Solin Amphitheatre, 4.0, Sights & Landmarks, /Attraction_Review-g1203167-d553108-Reviews-Ruins_of_the_Solin_Amphitheatre-Solin_Split_Dalmatia_County_Dalmatia.html, /Attractions-g1203167-Activities-Solin_Split_Dalmatia_County_Dalmatia.html
Jadro River, 4.5, Nature & Parks, /Attraction_Review-g1203167-d9755999-Reviews-Jadro_River-Solin_Split_Dalmatia_County_Dalmatia.html, /Attractions-g1203167-Activities-Solin_Split_Dalmatia_County_Dalmatia.html
Our Lady’s Islet (Gospin otok), 4.5, Sights & Landmarks, /Attraction_Review-g1203167-d4427788-Reviews-Our_Lady_s_Islet_Gospin_otok-Solin_Split_Dalmatia_County_Dalmatia.html, /Attractions-g1203167-Activities-Solin_Split_Dalmatia_County_Dalmatia.html
Gaspina mlinica, 5.0, Sights & Landmarks, /Attraction_Review-g1203167-d6483158-Reviews-Gaspina_mlinica-Solin_Split_Dalmatia_County_Dalmatia.html, /Attractions-g1203167-Activities-Solin_Split_Dalmatia_County_Dalmatia.html
Manastirine, 4.5, Sights & Landmarks, /Attraction_Review-g1203167-d6557352-Reviews-Manastirine-Solin_Split_Dalmatia_County_Dalmatia.html, /Attractions-g1203167-Activities-Solin_Split_Dalmatia_County_Dalmatia.html
Amphitheater, 4.0, Concerts & Shows, /Attraction_Review-g1203167-d6557360-Reviews-Amphitheater-Solin_Split_Dalmatia_County_Dalmatia.html, /Attractions-g1203167-Activities-Solin_Split_Dalmatia_County_Dalmatia.html
Basilica urbana, 4.5, Sights & Landmarks, /Attraction_Review-g1203167-d6557345-Reviews-Basilica_urbana-Solin_Split_Dalmatia_County_Dalmatia.html, /Attractions-g1203167-Activities-Solin_Split_Dalmatia_County_Dalmatia.html
Town Gate - Porta Caesarea, 4.0, Sights & Landmarks, /Attraction_Review-g1203167-d6706786-Reviews-Town_Gate_Porta_Caesarea-Solin_Split_Dalmatia_County_Dalmatia.html, /Attractions-g1203167-Activities-Solin_Split_Dalmatia_County_Dalmatia.html
Town Baths, 4.0, Sights & Landmarks, /Attraction_Review-g1203167-d6557341-Reviews-Town_Baths-Solin_Split_Dalmatia_County_Dalmatia.html, /Attractions-g1203167-Activities-Solin_Split_Dalmatia_County_Dalmatia.html
The Five Bridges, 4.0, Sights & Landmarks, /Attraction_Review-g1203167-d6706796-Reviews-The_Five_Bridges-Solin_Split_Dalmatia_County_Dalmatia.html, /Attractions-g1203167-Activities-Solin_Split_Dalmatia_County_Dalmatia.html
Suplja Crkva, 4.5, Sights & Landmarks, /Attraction_Review-g1203167-d6557323-Reviews-Suplja_Crkva-Solin_Split_Dalmatia_County_Dalmatia.html, /Attractions-g1203167-Activities-Solin_Split_Dalmatia_County_Dalmatia.html
Gradina, 3.0, Sights & Landmarks, /Attraction_Review-g1203167-d6557340-Reviews-Gradina-Solin_Split_Dalmatia_County_Dalmatia.html, /Attractions-g1203167-Activities-Solin_Split_Dalmatia_County_Dalmatia.html
Kapljuc, 4.0, Sights & Landmarks, /Attraction_Review-g1203167-d9756054-Reviews-Kapljuc-Solin_Split_Dalmatia_County_Dalmatia.html, /Attractions-g1203167-Activities-Solin_Split_Dalmatia_County_Dalmatia.html
Town walls, 3.5, Sights & Landmarks, /Attraction_Review-g1203167-d6557351-Reviews-Town_walls-Solin_Split_Dalmatia_County_Dalmatia.html, /Attractions-g1203167-Activities-Solin_Split_Dalmatia_County_Dalmatia.html
Private Driver Guide Croatia, 5.0, Tours, /Attraction_Review-g1203167-d7161794-Reviews-Private_Driver_Guide_Croatia-Solin_Split_Dalmatia_County_Dalmatia.html, /Attractions-g1203167-Activities-Solin_Split_Dalmatia_County_Dalmatia.html
MD Fizio massage&& osteopathy&& manual treatmant &amp; beauty treatmants, 5.0, Spas & Wellness, /Attraction_Review-g1203167-d12221693-Reviews-MD_Fizio_massage_osteopathy_manual_treatmant_beauty_treatmants-Solin_Split_Dalm.html, /Attractions-g1203167-Activities-Solin_Split_Dalmatia_County_Dalmatia.html
Expect Travel Croatia, 5.0, Tours, /Attraction_Review-g1203167-d17291962-Reviews-Expect_Travel_Croatia-Solin_Split_Dalmatia_County_Dalmatia.html, /Attractions-g1203167-Activities-Solin_Split_Dalmatia_County_Dalmatia.html
Transfer&amp;taxi-Salonitan_Split, None, Shopping, /Attraction_Review-g1203167-d16734097-Reviews-Transfer_taxi_Salonitan_Split-Solin_Split_Dalmatia_County_Dalmatia.html, /Attractions-g1203167-Activities-Solin_Split_Dalmatia_County_Dalmatia.html
Marusinac, None, Sights & Landmarks, /Attraction_Review-g1203167-d9755688-Reviews-Marusinac-Solin_Split_Dalmatia_County_Dalmatia.html, /Attractions-g1203167-Activities-Solin_Split_Dalmatia_County_Dalmatia.html
Taxi Solin, None, Transportation, /Attraction_Review-g1203167-d10061073-Reviews-Taxi_Solin-Solin_Split_Dalmatia_County_Dalmatia.html, /Attractions-g1203167-Activities-Solin_Split_Dalmatia_County_Dalmatia.html
Grifin Uzgajivanica, None, Zoos & Aquariums, /Attraction_Review-g1203167-d15843112-Reviews-Grifin_Uzgajivanica-Solin_Split_Dalmatia_County_Dalmatia.html, /Attractions-g1203167-Activities-Solin_Split_Dalmatia_County_Dalmatia.html
The Basilica of St. Peter and Moses, None, Sights & Landmarks, /Attraction_Review-g1203167-d17725008-Reviews-The_Basilica_of_St_Peter_and_Moses-Solin_Split_Dalmatia_County_Dalmatia.html, /Attractions-g1203167-Activities-Solin_Split_Dalmatia_County_Dalmatia.html
Caffe Bar Apollo, None, Nightlife, /Attraction_Review-g1203167-d17818550-Reviews-Caffe_Bar_Apollo-Solin_Split_Dalmatia_County_Dalmatia.html, /Attractions-g1203167-Activities-Solin_Split_Dalmatia_County_Dalmatia.html
Lea Vukušić Benzon, None, Tours, /Attraction_Review-g1203167-d17548245-Reviews-Lea_Vukusic_Benzon-Solin_Split_Dalmatia_County_Dalmatia.html, /Attractions-g1203167-Activities-Solin_Split_Dalmatia_County_Dalmatia.html
Aura, None, Boat Tours & Water Sports, /Attraction_Review-g1203167-d17543443-Reviews-Aura-Solin_Split_Dalmatia_County_Dalmatia.html, /Attractions-g1203167-Activities-Solin_Split_Dalmatia_County_Dalmatia.html
Salona - Central Dalmatia Croatia - Bike Tracks, None, Nature & Parks, /Attraction_Review-g1203167-d20912526-Reviews-Salona_Central_Dalmatia_Croatia_Bike_Tracks-Solin_Split_Dalmatia_County_Dalmati.html, /Attractions-g1203167-Activities-Solin_Split_Dalmatia_County_Dalmatia.html
Solin - Izvor Jadra - Central Dalmatia Croatia - Theme Trails, None, Sights & Landmarks, /Attraction_Review-g1203167-d20944721-Reviews-Solin_Izvor_Jadra_Central_Dalmatia_Croatia_Theme_Trails-Solin_Split_Dalmatia_Co.html, /Attractions-g1203167-Activities-Solin_Split_Dalmatia_County_Dalmatia.html
Blaca - Central Dalmatia Croatia - Bike Tracks, None, Nature & Parks, /Attraction_Review-g1203167-d21229740-Reviews-Blaca_Central_Dalmatia_Croatia_Bike_Tracks-Solin_Split_Dalmatia_County_Dalmatia.html, /Attractions-g1203167-Activities-Solin_Split_Dalmatia_County_Dalmatia.html
