attraction_name, attraction_rate, attraction_type, attraction_url, attraction_parent_url
Ucka Nature Park, 4.5, Nature & Parks, /Attraction_Review-g303813-d17326333-Reviews-Ucka_Nature_Park-Lovran_Istria.html, /Attractions-g303813-Activities-Lovran_Istria.html
Atelier &amp; Gallery IVAN PESSI, 5.0, Museums, /Attraction_Review-g303813-d17695938-Reviews-Atelier_Gallery_IVAN_PESSI-Lovran_Istria.html, /Attractions-g303813-Activities-Lovran_Istria.html
Crkvica Sv. Trojstva, 4.0, Sights & Landmarks, /Attraction_Review-g303813-d16857746-Reviews-Crkvica_Sv_Trojstva-Lovran_Istria.html, /Attractions-g303813-Activities-Lovran_Istria.html
Crkvica Sv. Trojstva, 4.5, Sights & Landmarks, /Attraction_Review-g303813-d16857738-Reviews-Crkvica_Sv_Trojstva-Lovran_Istria.html, /Attractions-g303813-Activities-Lovran_Istria.html
Peperoncino Lovran, 4.5, Shopping, /Attraction_Review-g303813-d7365291-Reviews-Peperoncino_Lovran-Lovran_Istria.html, /Attractions-g303813-Activities-Lovran_Istria.html
Suvenir Lovran, 4.5, Shopping, /Attraction_Review-g303813-d10954451-Reviews-Suvenir_Lovran-Lovran_Istria.html, /Attractions-g303813-Activities-Lovran_Istria.html
Beach Bar 69, 3.5, Nightlife, /Attraction_Review-g303813-d2624746-Reviews-Beach_Bar_69-Lovran_Istria.html, /Attractions-g303813-Activities-Lovran_Istria.html
