attraction_name, attraction_rate, attraction_type, attraction_url, attraction_parent_url
Jadrolinija, 2.5, Transportation, /Attraction_Review-g295370-d12860269-Reviews-Jadrolinija-Split_Split_Dalmatia_County_Dalmatia.html, /Attractions-g295370-Activities-Split_Split_Dalmatia_County_Dalmatia.html
Mall of Split, 4.0, Shopping, /Attraction_Review-g295370-d10172519-Reviews-Mall_of_Split-Split_Split_Dalmatia_County_Dalmatia.html, /Attractions-g295370-Activities-Split_Split_Dalmatia_County_Dalmatia.html
Live Museum Split, 4.5, Museums, /Attraction_Review-g295370-d6782361-Reviews-Live_Museum_Split-Split_Split_Dalmatia_County_Dalmatia.html, /Attractions-g295370-Activities-Split_Split_Dalmatia_County_Dalmatia.html
Trstenik Beach, 4.0, Nature & Parks, /Attraction_Review-g295370-d8556194-Reviews-Trstenik_Beach-Split_Split_Dalmatia_County_Dalmatia.html, /Attractions-g295370-Activities-Split_Split_Dalmatia_County_Dalmatia.html
The Golden Gate, 4.0, Sights & Landmarks, /Attraction_Review-g295370-d13505943-Reviews-The_Golden_Gate-Split_Split_Dalmatia_County_Dalmatia.html, /Attractions-g295370-Activities-Split_Split_Dalmatia_County_Dalmatia.html
Jaman Art, 4.5, Museums, /Attraction_Review-g295370-d2390422-Reviews-Jaman_Art-Split_Split_Dalmatia_County_Dalmatia.html, /Attractions-g295370-Activities-Split_Split_Dalmatia_County_Dalmatia.html
SNAV, 2.5, Transportation, /Attraction_Review-g295370-d12589033-Reviews-SNAV-Split_Split_Dalmatia_County_Dalmatia.html, /Attractions-g295370-Activities-Split_Split_Dalmatia_County_Dalmatia.html
City Museum of Split, 4.0, Museums, /Attraction_Review-g295370-d600489-Reviews-City_Museum_of_Split-Split_Split_Dalmatia_County_Dalmatia.html, /Attractions-g295370-Activities-Split_Split_Dalmatia_County_Dalmatia.html
Kastel Gomilica, 4.5, Other, /Attraction_Review-g295370-d550482-Reviews-Kastel_Gomilica-Split_Split_Dalmatia_County_Dalmatia.html, /Attractions-g295370-Activities-Split_Split_Dalmatia_County_Dalmatia.html
Croatian Maritime Museum, 4.0, Museums, /Attraction_Review-g295370-d1550621-Reviews-Croatian_Maritime_Museum-Split_Split_Dalmatia_County_Dalmatia.html, /Attractions-g295370-Activities-Split_Split_Dalmatia_County_Dalmatia.html
Prokurative, 4.0, Sights & Landmarks, /Attraction_Review-g295370-d552829-Reviews-Prokurative-Split_Split_Dalmatia_County_Dalmatia.html, /Attractions-g295370-Activities-Split_Split_Dalmatia_County_Dalmatia.html
Mandrill Nano-Brewing CO., 4.5, Food & Drink, /Attraction_Review-g295370-d14109485-Reviews-Mandrill_Nano_Brewing_CO-Split_Split_Dalmatia_County_Dalmatia.html, /Attractions-g295370-Activities-Split_Split_Dalmatia_County_Dalmatia.html
Port of Split, 4.0, Sights & Landmarks, /Attraction_Review-g295370-d10323851-Reviews-Port_of_Split-Split_Split_Dalmatia_County_Dalmatia.html, /Attractions-g295370-Activities-Split_Split_Dalmatia_County_Dalmatia.html
Ultra Europe, 3.5, Events, /Attraction_Review-g295370-d10020382-Reviews-Ultra_Europe-Split_Split_Dalmatia_County_Dalmatia.html, /Attractions-g295370-Activities-Split_Split_Dalmatia_County_Dalmatia.html
Church and Monastery of St. Frances, 4.0, Sights & Landmarks, /Attraction_Review-g295370-d8672858-Reviews-Church_and_Monastery_of_St_Frances-Split_Split_Dalmatia_County_Dalmatia.html, /Attractions-g295370-Activities-Split_Split_Dalmatia_County_Dalmatia.html
Eastern (Silver) Gate, 4.0, Sights & Landmarks, /Attraction_Review-g295370-d550474-Reviews-Eastern_Silver_Gate-Split_Split_Dalmatia_County_Dalmatia.html, /Attractions-g295370-Activities-Split_Split_Dalmatia_County_Dalmatia.html
Croatian National Theater, 4.5, Concerts & Shows, /Attraction_Review-g295370-d550471-Reviews-Croatian_National_Theater-Split_Split_Dalmatia_County_Dalmatia.html, /Attractions-g295370-Activities-Split_Split_Dalmatia_County_Dalmatia.html
Kastelet Beach, 4.0, Nature & Parks, /Attraction_Review-g295370-d7056592-Reviews-Kastelet_Beach-Split_Split_Dalmatia_County_Dalmatia.html, /Attractions-g295370-Activities-Split_Split_Dalmatia_County_Dalmatia.html
Vestibulum of Diocletian's Palace, 4.5, Sights & Landmarks, /Attraction_Review-g295370-d14928967-Reviews-Vestibulum_of_Diocletian_s_Palace-Split_Split_Dalmatia_County_Dalmatia.html, /Attractions-g295370-Activities-Split_Split_Dalmatia_County_Dalmatia.html
Strossmayer Park, 4.0, Nature & Parks, /Attraction_Review-g295370-d550468-Reviews-Strossmayer_Park-Split_Split_Dalmatia_County_Dalmatia.html, /Attractions-g295370-Activities-Split_Split_Dalmatia_County_Dalmatia.html
Let Me Pass (Pusti me da prodjem) Street, 3.5, Sights & Landmarks, /Attraction_Review-g295370-d550484-Reviews-Let_Me_Pass_Pusti_me_da_prodjem_Street-Split_Split_Dalmatia_County_Dalmatia.html, /Attractions-g295370-Activities-Split_Split_Dalmatia_County_Dalmatia.html
Kresimirova Street / Decumanus, 4.0, Sights & Landmarks, /Attraction_Review-g295370-d550483-Reviews-Kresimirova_Street_Decumanus-Split_Split_Dalmatia_County_Dalmatia.html, /Attractions-g295370-Activities-Split_Split_Dalmatia_County_Dalmatia.html
Firule Beach, 3.5, Nature & Parks, /Attraction_Review-g295370-d8611875-Reviews-Firule_Beach-Split_Split_Dalmatia_County_Dalmatia.html, /Attractions-g295370-Activities-Split_Split_Dalmatia_County_Dalmatia.html
Budikovac Island, 3.0, Nature & Parks, /Attraction_Review-g295370-d8434466-Reviews-Budikovac_Island-Split_Split_Dalmatia_County_Dalmatia.html, /Attractions-g295370-Activities-Split_Split_Dalmatia_County_Dalmatia.html
Tap B Craft Brewery & Brewpub Split, 4.5, Food & Drink, /Attraction_Review-g295370-d14007758-Reviews-Tap_B_Craft_Brewery_Brewpub_Split-Split_Split_Dalmatia_County_Dalmatia.html, /Attractions-g295370-Activities-Split_Split_Dalmatia_County_Dalmatia.html
Mosor Mountain, 4.5, Nature & Parks, /Attraction_Review-g295370-d10818772-Reviews-Mosor_Mountain-Split_Split_Dalmatia_County_Dalmatia.html, /Attractions-g295370-Activities-Split_Split_Dalmatia_County_Dalmatia.html
Konzum, 4.5, Shopping, /Attraction_Review-g295370-d13501734-Reviews-Konzum-Split_Split_Dalmatia_County_Dalmatia.html, /Attractions-g295370-Activities-Split_Split_Dalmatia_County_Dalmatia.html
Joker, 3.5, Shopping, /Attraction_Review-g295370-d11426607-Reviews-Joker-Split_Split_Dalmatia_County_Dalmatia.html, /Attractions-g295370-Activities-Split_Split_Dalmatia_County_Dalmatia.html
Sustipan, 4.5, Nature & Parks, /Attraction_Review-g295370-d12810216-Reviews-Sustipan-Split_Split_Dalmatia_County_Dalmatia.html, /Attractions-g295370-Activities-Split_Split_Dalmatia_County_Dalmatia.html
The Emanuel Vidović Gallery, 4.0, Museums, /Attraction_Review-g295370-d7363331-Reviews-Galerija_Emanuel_Vidovic-Split_Split_Dalmatia_County_Dalmatia.html, /Attractions-g295370-Activities-Split_Split_Dalmatia_County_Dalmatia.html
