attraction_name, attraction_rate, attraction_type, attraction_url, attraction_parent_url
Provic Winery, 5.0, Food & Drink, /Attraction_Review-g1203170-d12864092-Reviews-Provic_Winery-Opuzen_Dubrovnik_Neretva_County_Dalmatia.html, /Attractions-g1203170-Activities-Opuzen_Dubrovnik_Neretva_County_Dalmatia.html
Neretva Kiteboarding, 5.0, Boat Tours & Water Sports, /Attraction_Review-g1203170-d7987840-Reviews-Neretva_Kiteboarding-Opuzen_Dubrovnik_Neretva_County_Dalmatia.html, /Attractions-g1203170-Activities-Opuzen_Dubrovnik_Neretva_County_Dalmatia.html
Summer Flow, 5.0, Boat Tours & Water Sports, /Attraction_Review-g1203170-d12882593-Reviews-Summer_Flow-Opuzen_Dubrovnik_Neretva_County_Dalmatia.html, /Attractions-g1203170-Activities-Opuzen_Dubrovnik_Neretva_County_Dalmatia.html
Victory Boat Tours, None, Boat Tours & Water Sports, /Attraction_Review-g1203170-d14210126-Reviews-Victory_Boat_Tours-Opuzen_Dubrovnik_Neretva_County_Dalmatia.html, /Attractions-g1203170-Activities-Opuzen_Dubrovnik_Neretva_County_Dalmatia.html
Neretva Foto Safari, None, Boat Tours & Water Sports, /Attraction_Review-g1203170-d18313376-Reviews-Neretva_Foto_Safari-Opuzen_Dubrovnik_Neretva_County_Dalmatia.html, /Attractions-g1203170-Activities-Opuzen_Dubrovnik_Neretva_County_Dalmatia.html
