attraction_name, attraction_rate, attraction_type, attraction_url, attraction_parent_url
Medulla Brač Central Dalmatia Croatia Bike Tracks, None, Nature & Parks, /Attraction_Review-g3200557-d20913636-Reviews-Medulla_Brac_Central_Dalmatia_Croatia_Bike_Tracks-Lozisce_Split_Dalmatia_County.html, /Attractions-g3200557-Activities-Lozisce_Split_Dalmatia_County_Dalmatia.html
Cvrčka Brač Central Dalmatia Croatia Bike Tracks, None, Nature & Parks, /Attraction_Review-g3200557-d20913970-Reviews-Cvrcka_Brac_Central_Dalmatia_Croatia_Bike_Tracks-Lozisce_Split_Dalmatia_County_.html, /Attractions-g3200557-Activities-Lozisce_Split_Dalmatia_County_Dalmatia.html
Milna - Francuska Utvrda - Central Dalmatia Croatia - Theme Trails, None, Sights & Landmarks, /Attraction_Review-g3200557-d21003737-Reviews-Milna_Francuska_Utvrda_Central_Dalmatia_Croatia_Theme_Trails-Lozisce_Split_Dalm.html, /Attractions-g3200557-Activities-Lozisce_Split_Dalmatia_County_Dalmatia.html
Lozisca - Central Dalmatia Croatia - Theme Trails, None, Sights & Landmarks, /Attraction_Review-g3200557-d21003762-Reviews-Lozisca_Central_Dalmatia_Croatia_Theme_Trails-Lozisce_Split_Dalmatia_County_Dal.html, /Attractions-g3200557-Activities-Lozisce_Split_Dalmatia_County_Dalmatia.html
