attraction_name, attraction_rate, attraction_type, attraction_url, attraction_parent_url
Museum of Hangovers, 5.0, Museums, /Attraction_Review-g294454-d19611237-Reviews-Museum_of_Hangovers-Zagreb_Central_Croatia.html, /Attractions-g294454-Activities-Zagreb_Central_Croatia.html
SS Cyril and Methodius Greek Catholic Co-Cathedral, 3.5, Sights & Landmarks, /Attraction_Review-g294454-d9745446-Reviews-SS_Cyril_and_Methodius_Greek_Catholic_Co_Cathedral-Zagreb_Central_Croatia.html, /Attractions-g294454-Activities-Zagreb_Central_Croatia.html
Statue of Petar Preradovic, 3.5, Sights & Landmarks, /Attraction_Review-g294454-d9801195-Reviews-Statue_of_Petar_Preradovic-Zagreb_Central_Croatia.html, /Attractions-g294454-Activities-Zagreb_Central_Croatia.html
Zagreb Fair Convention Center, 2.5, Traveller Resources, /Attraction_Review-g294454-d1420240-Reviews-Zagreb_Fair_Convention_Center-Zagreb_Central_Croatia.html, /Attractions-g294454-Activities-Zagreb_Central_Croatia.html
Bud bar, 4.5, Nature & Parks, /Attraction_Review-g294454-d12629292-Reviews-Bud_bar-Zagreb_Central_Croatia.html, /Attractions-g294454-Activities-Zagreb_Central_Croatia.html
Statue of August Senoe, 4.0, Sights & Landmarks, /Attraction_Review-g294454-d8668899-Reviews-Statue_of_August_Senoe-Zagreb_Central_Croatia.html, /Attractions-g294454-Activities-Zagreb_Central_Croatia.html
Croatian National Bank, 3.0, Sights & Landmarks, /Attraction_Review-g294454-d549698-Reviews-Croatian_National_Bank-Zagreb_Central_Croatia.html, /Attractions-g294454-Activities-Zagreb_Central_Croatia.html
Opatovina Park, 3.5, Nature & Parks, /Attraction_Review-g294454-d10105430-Reviews-Opatovina_Park-Zagreb_Central_Croatia.html, /Attractions-g294454-Activities-Zagreb_Central_Croatia.html
Arena Automat Klub, 5.0, Casinos & Gambling, /Attraction_Review-g294454-d15138163-Reviews-Arena_Automat_Klub-Zagreb_Central_Croatia.html, /Attractions-g294454-Activities-Zagreb_Central_Croatia.html
Croatian Railway Museum, 3.5, Museums, /Attraction_Review-g294454-d14204294-Reviews-Croatian_Railway_Museum-Zagreb_Central_Croatia.html, /Attractions-g294454-Activities-Zagreb_Central_Croatia.html
Kino Tuskanac, 4.0, Concerts & Shows, /Attraction_Review-g294454-d2234304-Reviews-Kino_Tuskanac-Zagreb_Central_Croatia.html, /Attractions-g294454-Activities-Zagreb_Central_Croatia.html
SRC Salata, 5.0, Fun & Games, /Attraction_Review-g294454-d13349961-Reviews-SRC_Salata-Zagreb_Central_Croatia.html, /Attractions-g294454-Activities-Zagreb_Central_Croatia.html
Statue of Charlie Chaplin, 3.5, Sights & Landmarks, /Attraction_Review-g294454-d9811577-Reviews-Statue_of_Charlie_Chaplin-Zagreb_Central_Croatia.html, /Attractions-g294454-Activities-Zagreb_Central_Croatia.html
Black Marsh (Crna Mlaka), 2.5, Nature & Parks, /Attraction_Review-g294454-d548360-Reviews-Black_Marsh_Crna_Mlaka-Zagreb_Central_Croatia.html, /Attractions-g294454-Activities-Zagreb_Central_Croatia.html
British Square, 3.5, Sights & Landmarks, /Attraction_Review-g294454-d13983269-Reviews-British_Square-Zagreb_Central_Croatia.html, /Attractions-g294454-Activities-Zagreb_Central_Croatia.html
Statue of Tin Ujevic, 4.0, Sights & Landmarks, /Attraction_Review-g294454-d9801938-Reviews-Statue_of_Tin_Ujevic-Zagreb_Central_Croatia.html, /Attractions-g294454-Activities-Zagreb_Central_Croatia.html
Galleria Business Center, 3.0, Shopping, /Attraction_Review-g294454-d10105355-Reviews-Galleria_Business_Center-Zagreb_Central_Croatia.html, /Attractions-g294454-Activities-Zagreb_Central_Croatia.html
Ban's Court, 3.5, Sights & Landmarks, /Attraction_Review-g294454-d12870473-Reviews-Ban_s_Court-Zagreb_Central_Croatia.html, /Attractions-g294454-Activities-Zagreb_Central_Croatia.html
Cro Casino, 3.0, Casinos & Gambling, /Attraction_Review-g294454-d10283624-Reviews-Cro_Casino-Zagreb_Central_Croatia.html, /Attractions-g294454-Activities-Zagreb_Central_Croatia.html
Explore Zagreb, 5.0, Sights & Landmarks, /Attraction_Review-g294454-d15606516-Reviews-Explore_Zagreb-Zagreb_Central_Croatia.html, /Attractions-g294454-Activities-Zagreb_Central_Croatia.html
Tituš Caffe Bar, 5.0, Sights & Landmarks, /Attraction_Review-g294454-d10478065-Reviews-Titus_Caffe_Bar-Zagreb_Central_Croatia.html, /Attractions-g294454-Activities-Zagreb_Central_Croatia.html
Arena Automat Klub, 5.0, Casinos & Gambling, /Attraction_Review-g294454-d15137657-Reviews-Arena_Automat_Klub-Zagreb_Central_Croatia.html, /Attractions-g294454-Activities-Zagreb_Central_Croatia.html
Croatian Institute of History - The Golden Hall, 4.0, Sights & Landmarks, /Attraction_Review-g294454-d7349189-Reviews-Croatian_Institute_of_History_The_Golden_Hall-Zagreb_Central_Croatia.html, /Attractions-g294454-Activities-Zagreb_Central_Croatia.html
Kazaliste Komedija, 4.0, Concerts & Shows, /Attraction_Review-g294454-d3462242-Reviews-Kazaliste_Komedija-Zagreb_Central_Croatia.html, /Attractions-g294454-Activities-Zagreb_Central_Croatia.html
Strijeljanje talaca, 4.0, Sights & Landmarks, /Attraction_Review-g294454-d12099113-Reviews-Strijeljanje_talaca-Zagreb_Central_Croatia.html, /Attractions-g294454-Activities-Zagreb_Central_Croatia.html
Gliptoteka HAZU, 3.0, Museums, /Attraction_Review-g294454-d7615527-Reviews-Gliptoteka_HAZU-Zagreb_Central_Croatia.html, /Attractions-g294454-Activities-Zagreb_Central_Croatia.html
Gallery Mijo Kovacic, 5.0, Museums, /Attraction_Review-g294454-d11649920-Reviews-Gallery_Mijo_Kovacic-Zagreb_Central_Croatia.html, /Attractions-g294454-Activities-Zagreb_Central_Croatia.html
Zagreb, 5.0, Sights & Landmarks, /Attraction_Review-g294454-d17804636-Reviews-Zagreb-Zagreb_Central_Croatia.html, /Attractions-g294454-Activities-Zagreb_Central_Croatia.html
Muzej Policije, 5.0, Museums, /Attraction_Review-g294454-d20022891-Reviews-Muzej_Policije-Zagreb_Central_Croatia.html, /Attractions-g294454-Activities-Zagreb_Central_Croatia.html
HT Museum of Post and Telecommunications, 5.0, Museums, /Attraction_Review-g294454-d4108075-Reviews-HT_Museum_of_Post_and_Telecommunications-Zagreb_Central_Croatia.html, /Attractions-g294454-Activities-Zagreb_Central_Croatia.html
