attraction_name, attraction_rate, attraction_type, attraction_url, attraction_parent_url
Girandella Beach, 4.5, Sights & Landmarks, /Attraction_Review-g303832-d10751744-Reviews-Girandella_Beach-Rabac_Istria.html, /Attractions-g303832-Activities-Rabac_Istria.html
Four Elements Beach, 4.5, Nature & Parks, /Attraction_Review-g303832-d10714814-Reviews-Four_Elements_Beach-Rabac_Istria.html, /Attractions-g303832-Activities-Rabac_Istria.html
Maslinica Beach, 4.0, Nature & Parks, /Attraction_Review-g303832-d15083674-Reviews-Maslinica_Beach-Rabac_Istria.html, /Attractions-g303832-Activities-Rabac_Istria.html
Merlo Boats, 5.0, Boat Tours & Water Sports, /Attraction_Review-g303832-d14183204-Reviews-Merlo_Boats-Rabac_Istria.html, /Attractions-g303832-Activities-Rabac_Istria.html
Klinica Boat Excursions, 5.0, Boat Tours & Water Sports, /Attraction_Review-g303832-d14063641-Reviews-Klinica_Boat_Excursions-Rabac_Istria.html, /Attractions-g303832-Activities-Rabac_Istria.html
FruFru Boats, 5.0, Boat Tours & Water Sports, /Attraction_Review-g303832-d12876808-Reviews-FruFru_Boats-Rabac_Istria.html, /Attractions-g303832-Activities-Rabac_Istria.html
Four Elements Art of Adventure, 5.0, Boat Tours & Water Sports, /Attraction_Review-g303832-d6580188-Reviews-Four_Elements_Art_of_Adventure-Rabac_Istria.html, /Attractions-g303832-Activities-Rabac_Istria.html
Movie Lounge Bar, 4.0, Nightlife, /Attraction_Review-g303832-d4563062-Reviews-Movie_Lounge_Bar-Rabac_Istria.html, /Attractions-g303832-Activities-Rabac_Istria.html
M/S Duboka - Boat Tours, 4.5, Boat Tours & Water Sports, /Attraction_Review-g303832-d6867325-Reviews-M_S_Duboka_Boat_Tours-Rabac_Istria.html, /Attractions-g303832-Activities-Rabac_Istria.html
The Beat Beach Club, 4.0, Nightlife, /Attraction_Review-g303832-d10519742-Reviews-The_Beat_Beach_Club-Rabac_Istria.html, /Attractions-g303832-Activities-Rabac_Istria.html
Perla, 4.0, Nightlife, /Attraction_Review-g303832-d6756430-Reviews-Perla-Rabac_Istria.html, /Attractions-g303832-Activities-Rabac_Istria.html
Atlas Rabac - Day Tours, 5.0, Tours, /Attraction_Review-g303832-d4591051-Reviews-Atlas_Rabac_Day_Tours-Rabac_Istria.html, /Attractions-g303832-Activities-Rabac_Istria.html
Vanilija Rabac, 4.0, Nightlife, /Attraction_Review-g303832-d12673283-Reviews-Vanilija_Rabac-Rabac_Istria.html, /Attractions-g303832-Activities-Rabac_Istria.html
Bike Center, 5.0, Outdoor Activities, /Attraction_Review-g303832-d14048942-Reviews-Bike_Center-Rabac_Istria.html, /Attractions-g303832-Activities-Rabac_Istria.html
Vivi Ski sport, 5.0, Boat Tours & Water Sports, /Attraction_Review-g303832-d13002557-Reviews-Vivi_Ski_sport-Rabac_Istria.html, /Attractions-g303832-Activities-Rabac_Istria.html
Nina - Rent A Boat, 4.5, Boat Tours & Water Sports, /Attraction_Review-g303832-d17542539-Reviews-Nina_Rent_A_Boat-Rabac_Istria.html, /Attractions-g303832-Activities-Rabac_Istria.html
Pikolece, 5.0, Shopping, /Attraction_Review-g303832-d12604515-Reviews-Pikolece-Rabac_Istria.html, /Attractions-g303832-Activities-Rabac_Istria.html
Rabac Excursions, 4.5, Boat Tours & Water Sports, /Attraction_Review-g303832-d13008072-Reviews-Rabac_Excursions-Rabac_Istria.html, /Attractions-g303832-Activities-Rabac_Istria.html
Kvarner Express, 4.5, Boat Tours & Water Sports, /Attraction_Review-g303832-d12237859-Reviews-Kvarner_Express-Rabac_Istria.html, /Attractions-g303832-Activities-Rabac_Istria.html
Istria Boats, 4.5, Boat Tours & Water Sports, /Attraction_Review-g303832-d12667435-Reviews-Istria_Boats-Rabac_Istria.html, /Attractions-g303832-Activities-Rabac_Istria.html
Rabac Diving Resort, 3.5, Boat Tours & Water Sports, /Attraction_Review-g303832-d8152724-Reviews-Rabac_Diving_Resort-Rabac_Istria.html, /Attractions-g303832-Activities-Rabac_Istria.html
Akvarium Explorer, None, Boat Tours & Water Sports, /Attraction_Review-g303832-d21209033-Reviews-Akvarium_Explorer-Rabac_Istria.html, /Attractions-g303832-Activities-Rabac_Istria.html
Lamkra Dive Center Rabac, None, Boat Tours & Water Sports, /Attraction_Review-g303832-d21185333-Reviews-Lamkra_Dive_Center_Rabac-Rabac_Istria.html, /Attractions-g303832-Activities-Rabac_Istria.html
