attraction_name, attraction_rate, attraction_type, attraction_url, attraction_parent_url
Venetian tower, 4.0, Sights & Landmarks, /Attraction_Review-g295370-d13501729-Reviews-Venetian_tower-Split_Split_Dalmatia_County_Dalmatia.html, /Attractions-g295370-Activities-Split_Split_Dalmatia_County_Dalmatia.html
Split Zoo, 2.0, Zoos & Aquariums, /Attraction_Review-g295370-d4299744-Reviews-Split_Zoo-Split_Split_Dalmatia_County_Dalmatia.html, /Attractions-g295370-Activities-Split_Split_Dalmatia_County_Dalmatia.html
Marmontova Ulica, 4.0, Other, /Attraction_Review-g295370-d15685006-Reviews-Marmontova_Ulica-Split_Split_Dalmatia_County_Dalmatia.html, /Attractions-g295370-Activities-Split_Split_Dalmatia_County_Dalmatia.html
Marko Marulić Sculpture, 3.5, Sights & Landmarks, /Attraction_Review-g295370-d14202757-Reviews-Marko_Marulic_Sculpture-Split_Split_Dalmatia_County_Dalmatia.html, /Attractions-g295370-Activities-Split_Split_Dalmatia_County_Dalmatia.html
The Church of Saint Martin, 4.0, Sights & Landmarks, /Attraction_Review-g295370-d8285655-Reviews-The_Church_of_Saint_Martin-Split_Split_Dalmatia_County_Dalmatia.html, /Attractions-g295370-Activities-Split_Split_Dalmatia_County_Dalmatia.html
Cindro Palace, 3.5, Sights & Landmarks, /Attraction_Review-g295370-d550458-Reviews-Cindro_Palace-Split_Split_Dalmatia_County_Dalmatia.html, /Attractions-g295370-Activities-Split_Split_Dalmatia_County_Dalmatia.html
Zeljezna Vrata, 4.0, Sights & Landmarks, /Attraction_Review-g295370-d13962014-Reviews-Zeljezna_Vrata-Split_Split_Dalmatia_County_Dalmatia.html, /Attractions-g295370-Activities-Split_Split_Dalmatia_County_Dalmatia.html
St Dominic Church, 4.5, Sights & Landmarks, /Attraction_Review-g295370-d13967321-Reviews-St_Dominic_Church-Split_Split_Dalmatia_County_Dalmatia.html, /Attractions-g295370-Activities-Split_Split_Dalmatia_County_Dalmatia.html
Mestroviceve Crikvine Kastilac, 4.5, Museums, /Attraction_Review-g295370-d8618127-Reviews-Mestroviceve_Crikvine_Kastilac-Split_Split_Dalmatia_County_Dalmatia.html, /Attractions-g295370-Activities-Split_Split_Dalmatia_County_Dalmatia.html
Nakic Palace, 3.5, Sights & Landmarks, /Attraction_Review-g295370-d553164-Reviews-Nakic_Palace-Split_Split_Dalmatia_County_Dalmatia.html, /Attractions-g295370-Activities-Split_Split_Dalmatia_County_Dalmatia.html
Grisogono - Cipci Palace, 4.0, Sights & Landmarks, /Attraction_Review-g295370-d550337-Reviews-Grisogono_Cipci_Palace-Split_Split_Dalmatia_County_Dalmatia.html, /Attractions-g295370-Activities-Split_Split_Dalmatia_County_Dalmatia.html
Ovcice Beach, 3.5, Nature & Parks, /Attraction_Review-g295370-d8611879-Reviews-Ovcice_Beach-Split_Split_Dalmatia_County_Dalmatia.html, /Attractions-g295370-Activities-Split_Split_Dalmatia_County_Dalmatia.html
Samostan i zupa Gospe od Zdravlja, 4.0, Sights & Landmarks, /Attraction_Review-g295370-d11814720-Reviews-Samostan_i_zupa_Gospe_od_Zdravlja-Split_Split_Dalmatia_County_Dalmatia.html, /Attractions-g295370-Activities-Split_Split_Dalmatia_County_Dalmatia.html
Church of St. Roko, 4.0, Sights & Landmarks, /Attraction_Review-g295370-d553110-Reviews-Church_of_St_Roko-Split_Split_Dalmatia_County_Dalmatia.html, /Attractions-g295370-Activities-Split_Split_Dalmatia_County_Dalmatia.html
Beach Jezinac, 4.5, Nature & Parks, /Attraction_Review-g295370-d17621096-Reviews-Beach_Jezinac-Split_Split_Dalmatia_County_Dalmatia.html, /Attractions-g295370-Activities-Split_Split_Dalmatia_County_Dalmatia.html
Dalmatia-Express, 3.5, Transportation, /Attraction_Review-g295370-d10543518-Reviews-Dalmatia_Express-Split_Split_Dalmatia_County_Dalmatia.html, /Attractions-g295370-Activities-Split_Split_Dalmatia_County_Dalmatia.html
Jaksic Gallery, 4.5, Museums, /Attraction_Review-g295370-d8065891-Reviews-Jaksic_Gallery-Split_Split_Dalmatia_County_Dalmatia.html, /Attractions-g295370-Activities-Split_Split_Dalmatia_County_Dalmatia.html
Admiral Casino Split, 2.5, Casinos & Gambling, /Attraction_Review-g295370-d4474872-Reviews-Admiral_Casino_Split-Split_Split_Dalmatia_County_Dalmatia.html, /Attractions-g295370-Activities-Split_Split_Dalmatia_County_Dalmatia.html
Museum of Croatian Archaeological Monuments, 3.0, Museums, /Attraction_Review-g295370-d4816099-Reviews-Museum_of_Croatian_Archaeological_Monuments-Split_Split_Dalmatia_County_Dalmatia.html, /Attractions-g295370-Activities-Split_Split_Dalmatia_County_Dalmatia.html
Split Express, 4.5, Transportation, /Attraction_Review-g295370-d17724281-Reviews-Split_Express-Split_Split_Dalmatia_County_Dalmatia.html, /Attractions-g295370-Activities-Split_Split_Dalmatia_County_Dalmatia.html
Promet Split, 2.5, Transportation, /Attraction_Review-g295370-d13529970-Reviews-Promet_Split-Split_Split_Dalmatia_County_Dalmatia.html, /Attractions-g295370-Activities-Split_Split_Dalmatia_County_Dalmatia.html
Duilovo Beach, 3.0, Nature & Parks, /Attraction_Review-g295370-d8545082-Reviews-Duilovo_Beach-Split_Split_Dalmatia_County_Dalmatia.html, /Attractions-g295370-Activities-Split_Split_Dalmatia_County_Dalmatia.html
Split Aqueduct, 3.0, Sights & Landmarks, /Attraction_Review-g295370-d10039907-Reviews-Split_Aqueduct-Split_Split_Dalmatia_County_Dalmatia.html, /Attractions-g295370-Activities-Split_Split_Dalmatia_County_Dalmatia.html
Split Express, 2.5, Transportation, /Attraction_Review-g295370-d17451674-Reviews-Split_Express-Split_Split_Dalmatia_County_Dalmatia.html, /Attractions-g295370-Activities-Split_Split_Dalmatia_County_Dalmatia.html
Split Nomad Gallery, 5.0, Museums, /Attraction_Review-g295370-d17467294-Reviews-Split_Nomad_Gallery-Split_Split_Dalmatia_County_Dalmatia.html, /Attractions-g295370-Activities-Split_Split_Dalmatia_County_Dalmatia.html
Church of St. Nickolas the Traveler, 3.5, Sights & Landmarks, /Attraction_Review-g295370-d10124215-Reviews-Church_of_St_Nickolas_the_Traveler-Split_Split_Dalmatia_County_Dalmatia.html, /Attractions-g295370-Activities-Split_Split_Dalmatia_County_Dalmatia.html
Masjid - Islamic Center Split, 3.5, Sights & Landmarks, /Attraction_Review-g295370-d14014378-Reviews-Masjid_Islamic_Center_Split-Split_Split_Dalmatia_County_Dalmatia.html, /Attractions-g295370-Activities-Split_Split_Dalmatia_County_Dalmatia.html
Strossmayerova Fontana, 3.0, Sights & Landmarks, /Attraction_Review-g295370-d13482160-Reviews-Strossmayerova_Fontana-Split_Split_Dalmatia_County_Dalmatia.html, /Attractions-g295370-Activities-Split_Split_Dalmatia_County_Dalmatia.html
Natural History Museum, 2.5, Museums, /Attraction_Review-g295370-d14862278-Reviews-Natural_History_Museum-Split_Split_Dalmatia_County_Dalmatia.html, /Attractions-g295370-Activities-Split_Split_Dalmatia_County_Dalmatia.html
Sports Hall of Fame Museum, 5.0, Museums, /Attraction_Review-g295370-d12994355-Reviews-Sports_Hall_of_Fame_Museum-Split_Split_Dalmatia_County_Dalmatia.html, /Attractions-g295370-Activities-Split_Split_Dalmatia_County_Dalmatia.html
