attraction_name, attraction_rate, attraction_type, attraction_url, attraction_parent_url
Basilica of St. Stephen, 4.5, Sights & Landmarks, /Attraction_Review-g3675338-d9877104-Reviews-Basilica_of_St_Stephen-Grohote_Solta_Island_Split_Dalmatia_County_Dalmatia.html, /Attractions-g3675338-Activities-Grohote_Solta_Island_Split_Dalmatia_County_Dalmatia.html
St. Michael, None, Sights & Landmarks, /Attraction_Review-g3675338-d8868672-Reviews-St_Michael-Grohote_Solta_Island_Split_Dalmatia_County_Dalmatia.html, /Attractions-g3675338-Activities-Grohote_Solta_Island_Split_Dalmatia_County_Dalmatia.html
Grmej Šolta Central Dalmatia Croatia Bike Tracks, None, Nature & Parks, /Attraction_Review-g3675338-d20923074-Reviews-Grmej_Solta_Central_Dalmatia_Croatia_Bike_Tracks-Grohote_Solta_Island_Split_Dal.html, /Attractions-g3675338-Activities-Grohote_Solta_Island_Split_Dalmatia_County_Dalmatia.html
Rudula Solta Central Dalmatia Croatia Bike Tracks, None, Nature & Parks, /Attraction_Review-g3675338-d20927731-Reviews-Rudula_Solta_Central_Dalmatia_Croatia_Bike_Tracks-Grohote_Solta_Island_Split_Da.html, /Attractions-g3675338-Activities-Grohote_Solta_Island_Split_Dalmatia_County_Dalmatia.html
