attraction_name, attraction_rate, attraction_type, attraction_url, attraction_parent_url
Franciscan Monastery, 4.5, Sights & Landmarks, /Attraction_Review-g968322-d7001913-Reviews-Franciscan_Monastery-Malinska_Krk_Island_Kvarner_Bay_Islands_Primorje_Gorski_Kota.html, /Attractions-g968322-Activities-Malinska_Krk_Island_Kvarner_Bay_Islands_Primorje_Gorski_Kotar_County.html
St.Apolinar parish church, 4.0, Sights & Landmarks, /Attraction_Review-g968322-d6999112-Reviews-St_Apolinar_parish_church-Malinska_Krk_Island_Kvarner_Bay_Islands_Primorje_Gorski.html, /Attractions-g968322-Activities-Malinska_Krk_Island_Kvarner_Bay_Islands_Primorje_Gorski_Kotar_County.html
Submalin d.o.o., 4.5, Boat Tours & Water Sports, /Attraction_Review-g968322-d8643387-Reviews-Submalin_d_o_o-Malinska_Krk_Island_Kvarner_Bay_Islands_Primorje_Gorski_Kotar_Coun.html, /Attractions-g968322-Activities-Malinska_Krk_Island_Kvarner_Bay_Islands_Primorje_Gorski_Kotar_County.html
Quad Croatia, 4.5, Outdoor Activities, /Attraction_Review-g968322-d7717641-Reviews-Quad_Croatia-Malinska_Krk_Island_Kvarner_Bay_Islands_Primorje_Gorski_Kotar_County.html, /Attractions-g968322-Activities-Malinska_Krk_Island_Kvarner_Bay_Islands_Primorje_Gorski_Kotar_County.html
Rent-Kayak SUP Croatia, 5.0, Outdoor Activities, /Attraction_Review-g968322-d14791853-Reviews-Rent_Kayak_SUP_Croatia-Malinska_Krk_Island_Kvarner_Bay_Islands_Primorje_Gorski_K.html, /Attractions-g968322-Activities-Malinska_Krk_Island_Kvarner_Bay_Islands_Primorje_Gorski_Kotar_County.html
LIT-MALINSKA d.o.o., 4.5, Tours, /Attraction_Review-g968322-d7152083-Reviews-LIT_MALINSKA_d_o_o-Malinska_Krk_Island_Kvarner_Bay_Islands_Primorje_Gorski_Kotar_.html, /Attractions-g968322-Activities-Malinska_Krk_Island_Kvarner_Bay_Islands_Primorje_Gorski_Kotar_County.html
Semisubmarine Malinska, 4.0, Boat Tours & Water Sports, /Attraction_Review-g968322-d8504054-Reviews-Semisubmarine_Malinska-Malinska_Krk_Island_Kvarner_Bay_Islands_Primorje_Gorski_Ko.html, /Attractions-g968322-Activities-Malinska_Krk_Island_Kvarner_Bay_Islands_Primorje_Gorski_Kotar_County.html
Rajska šetnica, 5.0, Sights & Landmarks, /Attraction_Review-g968322-d21346139-Reviews-Rajska_setnica-Malinska_Krk_Island_Kvarner_Bay_Islands_Primorje_Gorski_Kotar_Cou.html, /Attractions-g968322-Activities-Malinska_Krk_Island_Kvarner_Bay_Islands_Primorje_Gorski_Kotar_County.html
Hotel Palace Haludovo, 5.0, Sights & Landmarks, /Attraction_Review-g968322-d21166006-Reviews-Hotel_Palace_Haludovo-Malinska_Krk_Island_Kvarner_Bay_Islands_Primorje_Gorski_Ko.html, /Attractions-g968322-Activities-Malinska_Krk_Island_Kvarner_Bay_Islands_Primorje_Gorski_Kotar_County.html
Fish Spa &amp; Massage 'HD', 5.0, Spas & Wellness, /Attraction_Review-g968322-d17622965-Reviews-Fish_Spa_Massage_HD-Malinska_Krk_Island_Kvarner_Bay_Islands_Primorje_Gorski_Kota.html, /Attractions-g968322-Activities-Malinska_Krk_Island_Kvarner_Bay_Islands_Primorje_Gorski_Kotar_County.html
Rent a Boat Malinska, 1.0, Boat Tours & Water Sports, /Attraction_Review-g968322-d14993948-Reviews-Rent_a_Boat_Malinska-Malinska_Krk_Island_Kvarner_Bay_Islands_Primorje_Gorski_Kot.html, /Attractions-g968322-Activities-Malinska_Krk_Island_Kvarner_Bay_Islands_Primorje_Gorski_Kotar_County.html
BIKA, None, Tours, /Attraction_Review-g968322-d21212630-Reviews-BIKA-Malinska_Krk_Island_Kvarner_Bay_Islands_Primorje_Gorski_Kotar_County.html, /Attractions-g968322-Activities-Malinska_Krk_Island_Kvarner_Bay_Islands_Primorje_Gorski_Kotar_County.html
