attraction_name, attraction_rate, attraction_type, attraction_url, attraction_parent_url
Luznica Manor, 5.0, Sights & Landmarks, /Attraction_Review-g1175155-d11600883-Reviews-Luznica_Manor-Zapresic_Zagreb_County_Central_Croatia.html, /Attractions-g1175155-Activities-Zapresic_Zagreb_County_Central_Croatia.html
Westgate shopping city, 3.5, Shopping, /Attraction_Review-g1175155-d13412423-Reviews-Westgate_shopping_city-Zapresic_Zagreb_County_Central_Croatia.html, /Attractions-g1175155-Activities-Zapresic_Zagreb_County_Central_Croatia.html
Discover Croatia, 5.0, Tours, /Attraction_Review-g1175155-d16721544-Reviews-Discover_Croatia-Zapresic_Zagreb_County_Central_Croatia.html, /Attractions-g1175155-Activities-Zapresic_Zagreb_County_Central_Croatia.html
Bell's Pub, 5.0, Nightlife, /Attraction_Review-g1175155-d19115088-Reviews-Bell_s_Pub-Zapresic_Zagreb_County_Central_Croatia.html, /Attractions-g1175155-Activities-Zapresic_Zagreb_County_Central_Croatia.html
Admiral Automat Klub, None, Casinos & Gambling, /Attraction_Review-g1175155-d12298341-Reviews-Admiral_Automat_Klub-Zapresic_Zagreb_County_Central_Croatia.html, /Attractions-g1175155-Activities-Zapresic_Zagreb_County_Central_Croatia.html
Vidikovac Kameni Svati, None, Nature & Parks, /Attraction_Review-g1175155-d21068012-Reviews-Vidikovac_Kameni_Svati-Zapresic_Zagreb_County_Central_Croatia.html, /Attractions-g1175155-Activities-Zapresic_Zagreb_County_Central_Croatia.html
Kompleks Novi dvori, None, Sights & Landmarks, /Attraction_Review-g1175155-d21068014-Reviews-Kompleks_Novi_dvori-Zapresic_Zagreb_County_Central_Croatia.html, /Attractions-g1175155-Activities-Zapresic_Zagreb_County_Central_Croatia.html
Jezero Zajarki - Ribolov, None, Nature & Parks, /Attraction_Review-g1175155-d21068011-Reviews-Jezero_Zajarki_Ribolov-Zapresic_Zagreb_County_Central_Croatia.html, /Attractions-g1175155-Activities-Zapresic_Zagreb_County_Central_Croatia.html
Vršilnica Zaprešić, None, Sights & Landmarks, /Attraction_Review-g1175155-d21068017-Reviews-Vrsilnica_Zapresic-Zapresic_Zagreb_County_Central_Croatia.html, /Attractions-g1175155-Activities-Zapresic_Zagreb_County_Central_Croatia.html
Gradska knjižnica Ante kovačić, None, Traveller Resources, /Attraction_Review-g1175155-d21068018-Reviews-Gradska_knjiznica_Ante_kovacic-Zapresic_Zagreb_County_Central_Croatia.html, /Attractions-g1175155-Activities-Zapresic_Zagreb_County_Central_Croatia.html
Turističko - informativni centar Zaprešić, None, Traveller Resources, /Attraction_Review-g1175155-d21068019-Reviews-Turisticko_informativni_centar_Zapresic-Zapresic_Zagreb_County_Central_Croatia.html, /Attractions-g1175155-Activities-Zapresic_Zagreb_County_Central_Croatia.html
Stadion ŠRC Zaprešić, None, Sights & Landmarks, /Attraction_Review-g1175155-d21068028-Reviews-Stadion_SRC_Zapresic-Zapresic_Zagreb_County_Central_Croatia.html, /Attractions-g1175155-Activities-Zapresic_Zagreb_County_Central_Croatia.html
Jezero 'Zajarki' Zaprešić, None, Nature & Parks, /Attraction_Review-g1175155-d21068029-Reviews-Jezero_Zajarki_Zapresic-Zapresic_Zagreb_County_Central_Croatia.html, /Attractions-g1175155-Activities-Zapresic_Zagreb_County_Central_Croatia.html
Muzej Matija Skurjeni | Zaprešić, None, Museums, /Attraction_Review-g1175155-d21067962-Reviews-Muzej_Matija_Skurjeni_Zapresic-Zapresic_Zagreb_County_Central_Croatia.html, /Attractions-g1175155-Activities-Zapresic_Zagreb_County_Central_Croatia.html
Galeriji Matice Hrvatske, None, Museums, /Attraction_Review-g1175155-d21067976-Reviews-Galeriji_Matice_Hrvatske-Zapresic_Zagreb_County_Central_Croatia.html, /Attractions-g1175155-Activities-Zapresic_Zagreb_County_Central_Croatia.html
Galerija Anima, None, Museums, /Attraction_Review-g1175155-d21067978-Reviews-Galerija_Anima-Zapresic_Zagreb_County_Central_Croatia.html, /Attractions-g1175155-Activities-Zapresic_Zagreb_County_Central_Croatia.html
Galerija 'Razvid' - Pučko otvoreno učilište Zaprešić, None, Museums, /Attraction_Review-g1175155-d21067977-Reviews-Galerija_Razvid_Pucko_otvoreno_uciliste_Zapresic-Zapresic_Zagreb_County_Central.html, /Attractions-g1175155-Activities-Zapresic_Zagreb_County_Central_Croatia.html
Bronze statue of Ante Kovačić, None, Sights & Landmarks, /Attraction_Review-g1175155-d21068677-Reviews-Bronze_statue_of_Ante_Kovacic-Zapresic_Zagreb_County_Central_Croatia.html, /Attractions-g1175155-Activities-Zapresic_Zagreb_County_Central_Croatia.html
