attraction_name, attraction_rate, attraction_type, attraction_url, attraction_parent_url
Beach Duce, 3.5, Nature & Parks, /Attraction_Review-g1943241-d18543051-Reviews-Beach_Duce-Duce_Split_Dalmatia_County_Dalmatia.html, /Attractions-g1943241-Activities-Duce_Split_Dalmatia_County_Dalmatia.html
Rent A Boat Duće, 4.5, Boat Tours & Water Sports, /Attraction_Review-g1943241-d6024372-Reviews-Rent_A_Boat_Duce-Duce_Split_Dalmatia_County_Dalmatia.html, /Attractions-g1943241-Activities-Duce_Split_Dalmatia_County_Dalmatia.html
Bai Bien Wellness Center, 5.0, Spas & Wellness, /Attraction_Review-g1943241-d13873676-Reviews-Bai_Bien_Wellness_Center-Duce_Split_Dalmatia_County_Dalmatia.html, /Attractions-g1943241-Activities-Duce_Split_Dalmatia_County_Dalmatia.html
Duće - Plaža - Central Dalmatia Croatia - Bike Tracks, 4.0, Nature & Parks, /Attraction_Review-g1943241-d20912505-Reviews-Duce_Plaza_Central_Dalmatia_Croatia_Bike_Tracks-Duce_Split_Dalmatia_County_Dalm.html, /Attractions-g1943241-Activities-Duce_Split_Dalmatia_County_Dalmatia.html
