attraction_name, attraction_rate, attraction_type, attraction_url, attraction_parent_url
Orlando Column, 3.5, Sights & Landmarks, /Attraction_Review-g295371-d550754-Reviews-Orlando_Column-Dubrovnik_Dubrovnik_Neretva_County_Dalmatia.html, /Attractions-g295371-Activities-Dubrovnik_Dubrovnik_Neretva_County_Dalmatia.html
Lokrum Island Botanical Gardens, 4.0, Nature & Parks, /Attraction_Review-g295371-d12968996-Reviews-Lokrum_Island_Botanical_Gardens-Dubrovnik_Dubrovnik_Neretva_County_Dalmatia.html, /Attractions-g295371-Activities-Dubrovnik_Dubrovnik_Neretva_County_Dalmatia.html
Gradac Park, 4.0, Nature & Parks, /Attraction_Review-g295371-d11645180-Reviews-Gradac_Park-Dubrovnik_Dubrovnik_Neretva_County_Dalmatia.html, /Attractions-g295371-Activities-Dubrovnik_Dubrovnik_Neretva_County_Dalmatia.html
The Rupe Museum, 3.5, Museums, /Attraction_Review-g295371-d2536693-Reviews-The_Rupe_Museum-Dubrovnik_Dubrovnik_Neretva_County_Dalmatia.html, /Attractions-g295371-Activities-Dubrovnik_Dubrovnik_Neretva_County_Dalmatia.html
Pedestrian Bridge, 4.0, Sights & Landmarks, /Attraction_Review-g295371-d553491-Reviews-Pedestrian_Bridge-Dubrovnik_Dubrovnik_Neretva_County_Dalmatia.html, /Attractions-g295371-Activities-Dubrovnik_Dubrovnik_Neretva_County_Dalmatia.html
Statue of Marin Držić, 3.5, Sights & Landmarks, /Attraction_Review-g295371-d13169226-Reviews-Statue_of_Marin_Drzic-Dubrovnik_Dubrovnik_Neretva_County_Dalmatia.html, /Attractions-g295371-Activities-Dubrovnik_Dubrovnik_Neretva_County_Dalmatia.html
Sebastian Art Gallery & Art Shop, 5.0, Museums, /Attraction_Review-g295371-d12610173-Reviews-Sebastian_Art_Gallery_Art_Shop-Dubrovnik_Dubrovnik_Neretva_County_Dalmatia.html, /Attractions-g295371-Activities-Dubrovnik_Dubrovnik_Neretva_County_Dalmatia.html
Dance Beach, 4.5, Nature & Parks, /Attraction_Review-g295371-d15070322-Reviews-Dance_Beach-Dubrovnik_Dubrovnik_Neretva_County_Dalmatia.html, /Attractions-g295371-Activities-Dubrovnik_Dubrovnik_Neretva_County_Dalmatia.html
Buža Gate, 4.0, Sights & Landmarks, /Attraction_Review-g295371-d9736882-Reviews-Buza_Gate-Dubrovnik_Dubrovnik_Neretva_County_Dalmatia.html, /Attractions-g295371-Activities-Dubrovnik_Dubrovnik_Neretva_County_Dalmatia.html
Natural history museum, 3.0, Museums, /Attraction_Review-g295371-d4059549-Reviews-Natural_history_museum-Dubrovnik_Dubrovnik_Neretva_County_Dalmatia.html, /Attractions-g295371-Activities-Dubrovnik_Dubrovnik_Neretva_County_Dalmatia.html
Velika Petka Hill, 4.5, Nature & Parks, /Attraction_Review-g295371-d10543788-Reviews-Velika_Petka_Hill-Dubrovnik_Dubrovnik_Neretva_County_Dalmatia.html, /Attractions-g295371-Activities-Dubrovnik_Dubrovnik_Neretva_County_Dalmatia.html
The Cultural Historical Museum, 4.0, Museums, /Attraction_Review-g295371-d9743717-Reviews-The_Cultural_Historical_Museum-Dubrovnik_Dubrovnik_Neretva_County_Dalmatia.html, /Attractions-g295371-Activities-Dubrovnik_Dubrovnik_Neretva_County_Dalmatia.html
Revelin Fortress, 4.0, Sights & Landmarks, /Attraction_Review-g295371-d553487-Reviews-Revelin_Fortress-Dubrovnik_Dubrovnik_Neretva_County_Dalmatia.html, /Attractions-g295371-Activities-Dubrovnik_Dubrovnik_Neretva_County_Dalmatia.html
Monument of Poet Ivan Gundulić, 4.0, Sights & Landmarks, /Attraction_Review-g295371-d9736548-Reviews-Monument_of_Poet_Ivan_Gundulic-Dubrovnik_Dubrovnik_Neretva_County_Dalmatia.html, /Attractions-g295371-Activities-Dubrovnik_Dubrovnik_Neretva_County_Dalmatia.html
Little Church of St. Nicholas (Crkva sv. Nikole), 4.0, Sights & Landmarks, /Attraction_Review-g295371-d2202788-Reviews-Little_Church_of_St_Nicholas_Crkva_sv_Nikole-Dubrovnik_Dubrovnik_Neretva_County_D.html, /Attractions-g295371-Activities-Dubrovnik_Dubrovnik_Neretva_County_Dalmatia.html
Dubrovnik Main Bus Station, 2.5, Transportation, /Attraction_Review-g295371-d13482559-Reviews-Dubrovnik_Main_Bus_Station-Dubrovnik_Dubrovnik_Neretva_County_Dalmatia.html, /Attractions-g295371-Activities-Dubrovnik_Dubrovnik_Neretva_County_Dalmatia.html
House of Marin Drzic, 2.0, Museums, /Attraction_Review-g295371-d2069352-Reviews-House_of_Marin_Drzic-Dubrovnik_Dubrovnik_Neretva_County_Dalmatia.html, /Attractions-g295371-Activities-Dubrovnik_Dubrovnik_Neretva_County_Dalmatia.html
Little Onofrio Fountain, 4.0, Sights & Landmarks, /Attraction_Review-g295371-d11732773-Reviews-Little_Onofrio_Fountain-Dubrovnik_Dubrovnik_Neretva_County_Dalmatia.html, /Attractions-g295371-Activities-Dubrovnik_Dubrovnik_Neretva_County_Dalmatia.html
Dubrovnik West Harbour, 4.0, Sights & Landmarks, /Attraction_Review-g295371-d14176424-Reviews-Dubrovnik_West_Harbour-Dubrovnik_Dubrovnik_Neretva_County_Dalmatia.html, /Attractions-g295371-Activities-Dubrovnik_Dubrovnik_Neretva_County_Dalmatia.html
Stikovica Beach, 4.0, Nature & Parks, /Attraction_Review-g295371-d1587071-Reviews-Stikovica_Beach-Dubrovnik_Dubrovnik_Neretva_County_Dalmatia.html, /Attractions-g295371-Activities-Dubrovnik_Dubrovnik_Neretva_County_Dalmatia.html
Dubrovnik Synagogue, 4.0, Sights & Landmarks, /Attraction_Review-g295371-d12964095-Reviews-Dubrovnik_Synagogue-Dubrovnik_Dubrovnik_Neretva_County_Dalmatia.html, /Attractions-g295371-Activities-Dubrovnik_Dubrovnik_Neretva_County_Dalmatia.html
Square Poljana R. Boskovica, 4.0, None, /Attraction_Review-g295371-d7395076-Reviews-Square_Poljana_R_Boskovica-Dubrovnik_Dubrovnik_Neretva_County_Dalmatia.html, /Attractions-g295371-Activities-Dubrovnik_Dubrovnik_Neretva_County_Dalmatia.html
Art by Stjepko, 5.0, Museums, /Attraction_Review-g295371-d3443669-Reviews-Art_by_Stjepko-Dubrovnik_Dubrovnik_Neretva_County_Dalmatia.html, /Attractions-g295371-Activities-Dubrovnik_Dubrovnik_Neretva_County_Dalmatia.html
Grgic Winery, 4.0, Food & Drink, /Attraction_Review-g295371-d523459-Reviews-Grgic_Winery-Dubrovnik_Dubrovnik_Neretva_County_Dalmatia.html, /Attractions-g295371-Activities-Dubrovnik_Dubrovnik_Neretva_County_Dalmatia.html
Franjevacki Crkva Male Brace, 4.5, Sights & Landmarks, /Attraction_Review-g295371-d13008087-Reviews-Franjevacki_Crkva_Male_Brace-Dubrovnik_Dubrovnik_Neretva_County_Dalmatia.html, /Attractions-g295371-Activities-Dubrovnik_Dubrovnik_Neretva_County_Dalmatia.html
Merit Casino Libertas, 2.5, Casinos & Gambling, /Attraction_Review-g295371-d12289383-Reviews-Merit_Casino_Libertas-Dubrovnik_Dubrovnik_Neretva_County_Dalmatia.html, /Attractions-g295371-Activities-Dubrovnik_Dubrovnik_Neretva_County_Dalmatia.html
Prevlaka Nature Park, 4.0, Nature & Parks, /Attraction_Review-g295371-d4533207-Reviews-Prevlaka_Nature_Park-Dubrovnik_Dubrovnik_Neretva_County_Dalmatia.html, /Attractions-g295371-Activities-Dubrovnik_Dubrovnik_Neretva_County_Dalmatia.html
Amerling Fontana, 3.5, Sights & Landmarks, /Attraction_Review-g295371-d12955100-Reviews-Amerling_Fontana-Dubrovnik_Dubrovnik_Neretva_County_Dalmatia.html, /Attractions-g295371-Activities-Dubrovnik_Dubrovnik_Neretva_County_Dalmatia.html
Medžlis, 5.0, Sights & Landmarks, /Attraction_Review-g295371-d9765617-Reviews-Medzlis-Dubrovnik_Dubrovnik_Neretva_County_Dalmatia.html, /Attractions-g295371-Activities-Dubrovnik_Dubrovnik_Neretva_County_Dalmatia.html
Benedictine Monastery, 4.0, Sights & Landmarks, /Attraction_Review-g295371-d553488-Reviews-Benedictine_Monastery-Dubrovnik_Dubrovnik_Neretva_County_Dalmatia.html, /Attractions-g295371-Activities-Dubrovnik_Dubrovnik_Neretva_County_Dalmatia.html
