attraction_name, attraction_rate, attraction_type, attraction_url, attraction_parent_url
Church of St. Jerolime, 4.5, Sights & Landmarks, /Attraction_Review-g1966241-d10040411-Reviews-Church_of_St_Jerolime-Pucisce_Brac_Island_Split_Dalmatia_County_Dalmatia.html, /Attractions-g608703-Activities-Brac_Island_Split_Dalmatia_County_Dalmatia.html
Church of St. Peter, 5.0, Sights & Landmarks, /Attraction_Review-g616078-d7724446-Reviews-Church_of_St_Peter-Postira_Brac_Island_Split_Dalmatia_County_Dalmatia.html, /Attractions-g608703-Activities-Brac_Island_Split_Dalmatia_County_Dalmatia.html
The church of St. Spirit, 4.0, Sights & Landmarks, /Attraction_Review-g616078-d7724443-Reviews-The_church_of_St_Spirit-Postira_Brac_Island_Split_Dalmatia_County_Dalmatia.html, /Attractions-g608703-Activities-Brac_Island_Split_Dalmatia_County_Dalmatia.html
Sumartin Ferry, 3.5, Transportation, /Attraction_Review-g2095028-d15017601-Reviews-Sumartin_Ferry-Sumartin_Brac_Island_Split_Dalmatia_County_Dalmatia.html, /Attractions-g608703-Activities-Brac_Island_Split_Dalmatia_County_Dalmatia.html
The Island of Brač Museum - Škrip, 4.5, Museums, /Attraction_Review-g2034470-d7689902-Reviews-The_Island_of_Brac_Museum_Skrip-Skrip_Brac_Island_Split_Dalmatia_County_Dalmatia.html, /Attractions-g608703-Activities-Brac_Island_Split_Dalmatia_County_Dalmatia.html
Chapel of St. Nicholas, 3.0, Sights & Landmarks, /Attraction_Review-g2034469-d10040009-Reviews-Chapel_of_St_Nicholas-Selca_Brac_Island_Split_Dalmatia_County_Dalmatia.html, /Attractions-g608703-Activities-Brac_Island_Split_Dalmatia_County_Dalmatia.html
Jaksic Gallery, 5.0, Museums, /Attraction_Review-g2034424-d6556516-Reviews-Jaksic_Gallery-Donji_Humac_Brac_Island_Split_Dalmatia_County_Dalmatia.html, /Attractions-g608703-Activities-Brac_Island_Split_Dalmatia_County_Dalmatia.html
The Church of St. Roko, 4.0, Sights & Landmarks, /Attraction_Review-g2290306-d8408361-Reviews-The_Church_of_St_Roko-Sutivan_Brac_Island_Split_Dalmatia_County_Dalmatia.html, /Attractions-g608703-Activities-Brac_Island_Split_Dalmatia_County_Dalmatia.html
Dracheva Beach, 5.0, Nature & Parks, /Attraction_Review-g14006522-d15087549-Reviews-Dracheva_Beach-Murvica_Brac_Island_Split_Dalmatia_County_Dalmatia.html, /Attractions-g608703-Activities-Brac_Island_Split_Dalmatia_County_Dalmatia.html
Museum of Brac, 4.5, Sights & Landmarks, /Attraction_Review-g2034470-d12289720-Reviews-Museum_of_Brac-Skrip_Brac_Island_Split_Dalmatia_County_Dalmatia.html, /Attractions-g608703-Activities-Brac_Island_Split_Dalmatia_County_Dalmatia.html
Uvala Smrka, 4.0, Sights & Landmarks, /Attraction_Review-g2034464-d15264379-Reviews-Uvala_Smrka-Nerezisca_Brac_Island_Split_Dalmatia_County_Dalmatia.html, /Attractions-g608703-Activities-Brac_Island_Split_Dalmatia_County_Dalmatia.html
Bay Likva, 5.0, Nature & Parks, /Attraction_Review-g2290306-d18968016-Reviews-Bay_Likva-Sutivan_Brac_Island_Split_Dalmatia_County_Dalmatia.html, /Attractions-g608703-Activities-Brac_Island_Split_Dalmatia_County_Dalmatia.html
Parish Church of the Assumption of the Blessed Virgin Mary, 3.5, Sights & Landmarks, /Attraction_Review-g2290306-d8300132-Reviews-Parish_Church_of_the_Assumption_of_the_Blessed_Virgin_Mary-Sutivan_Brac_Island_S.html, /Attractions-g608703-Activities-Brac_Island_Split_Dalmatia_County_Dalmatia.html
Church of St. John the Baptist, 4.5, Sights & Landmarks, /Attraction_Review-g2290306-d9715993-Reviews-Church_of_St_John_the_Baptist-Sutivan_Brac_Island_Split_Dalmatia_County_Dalmatia.html, /Attractions-g608703-Activities-Brac_Island_Split_Dalmatia_County_Dalmatia.html
Skrika Proizvodno Trgovacki Obrt, 5.0, Food & Drink, /Attraction_Review-g2034470-d15062423-Reviews-Skrika_Proizvodno_Trgovacki_Obrt-Skrip_Brac_Island_Split_Dalmatia_County_Dalmat.html, /Attractions-g608703-Activities-Brac_Island_Split_Dalmatia_County_Dalmatia.html
The Ilic House Complex, 3.0, Sights & Landmarks, /Attraction_Review-g2290306-d8300131-Reviews-The_Ilic_House_Complex-Sutivan_Brac_Island_Split_Dalmatia_County_Dalmatia.html, /Attractions-g608703-Activities-Brac_Island_Split_Dalmatia_County_Dalmatia.html
Summer House Of Jerolim Kavanjin, 3.0, Sights & Landmarks, /Attraction_Review-g2290306-d8309239-Reviews-Summer_House_Of_Jerolim_Kavanjin-Sutivan_Brac_Island_Split_Dalmatia_County_Dalma.html, /Attractions-g608703-Activities-Brac_Island_Split_Dalmatia_County_Dalmatia.html
Tourist Office, 5.0, Traveller Resources, /Attraction_Review-g303802-d21233431-Reviews-Tourist_Office-Bol_Brac_Island_Split_Dalmatia_County_Dalmatia.html, /Attractions-g608703-Activities-Brac_Island_Split_Dalmatia_County_Dalmatia.html
Brač - Nerežišća - Central Dalmatia Croatia - Theme Trails, 5.0, Sights & Landmarks, /Attraction_Review-g2034464-d20948109-Reviews-Brac_Nerezisca_Central_Dalmatia_Croatia_Theme_Trails-Nerezisca_Brac_Island_Spli.html, /Attractions-g608703-Activities-Brac_Island_Split_Dalmatia_County_Dalmatia.html
Birth House of Poet Vladimir Nazor, None, Sights & Landmarks, /Attraction_Review-g616078-d7728860-Reviews-Birth_House_of_Poet_Vladimir_Nazor-Postira_Brac_Island_Split_Dalmatia_County_Dalm.html, /Attractions-g608703-Activities-Brac_Island_Split_Dalmatia_County_Dalmatia.html
Church of St. Rocco, None, Sights & Landmarks, /Attraction_Review-g616078-d7724444-Reviews-Church_of_St_Rocco-Postira_Brac_Island_Split_Dalmatia_County_Dalmatia.html, /Attractions-g608703-Activities-Brac_Island_Split_Dalmatia_County_Dalmatia.html
Church of St  Nicholas, None, Sights & Landmarks, /Attraction_Review-g616078-d7724447-Reviews-Church_of_St_Nicholas-Postira_Brac_Island_Split_Dalmatia_County_Dalmatia.html, /Attractions-g608703-Activities-Brac_Island_Split_Dalmatia_County_Dalmatia.html
Church of St. John the Baptist, None, Sights & Landmarks, /Attraction_Review-g616078-d7724438-Reviews-Church_of_St_John_the_Baptist-Postira_Brac_Island_Split_Dalmatia_County_Dalmatia.html, /Attractions-g608703-Activities-Brac_Island_Split_Dalmatia_County_Dalmatia.html
Church of St. Joseph, None, Sights & Landmarks, /Attraction_Review-g616078-d7724442-Reviews-Church_of_St_Joseph-Postira_Brac_Island_Split_Dalmatia_County_Dalmatia.html, /Attractions-g608703-Activities-Brac_Island_Split_Dalmatia_County_Dalmatia.html
Church of St. Michael, None, Sights & Landmarks, /Attraction_Review-g1966240-d10521105-Reviews-Church_of_St_Michael-Milna_Brac_Island_Split_Dalmatia_County_Dalmatia.html, /Attractions-g608703-Activities-Brac_Island_Split_Dalmatia_County_Dalmatia.html
Kopacina Cave, None, Sights & Landmarks, /Attraction_Review-g2034424-d10688409-Reviews-Kopacina_Cave-Donji_Humac_Brac_Island_Split_Dalmatia_County_Dalmatia.html, /Attractions-g608703-Activities-Brac_Island_Split_Dalmatia_County_Dalmatia.html
Proizvodno Trgovacki Obrt, None, Food & Drink, /Attraction_Review-g2034470-d15062604-Reviews-Proizvodno_Trgovacki_Obrt-Skrip_Brac_Island_Split_Dalmatia_County_Dalmatia.html, /Attractions-g608703-Activities-Brac_Island_Split_Dalmatia_County_Dalmatia.html
Bunta Beach, None, Nature & Parks, /Attraction_Review-g2290306-d18186036-Reviews-Bunta_Beach-Sutivan_Brac_Island_Split_Dalmatia_County_Dalmatia.html, /Attractions-g608703-Activities-Brac_Island_Split_Dalmatia_County_Dalmatia.html
Church of St. Peter, None, Sights & Landmarks, /Attraction_Review-g2034464-d17611443-Reviews-Church_of_St_Peter-Nerezisca_Brac_Island_Split_Dalmatia_County_Dalmatia.html, /Attractions-g608703-Activities-Brac_Island_Split_Dalmatia_County_Dalmatia.html
Statue of John Paul II, None, Sights & Landmarks, /Attraction_Review-g2034469-d17724897-Reviews-Statue_of_John_Paul_II-Selca_Brac_Island_Split_Dalmatia_County_Dalmatia.html, /Attractions-g608703-Activities-Brac_Island_Split_Dalmatia_County_Dalmatia.html
