attraction_name, attraction_rate, attraction_type, attraction_url, attraction_parent_url
Tvrdic Honey, 5.0, Nature & Parks, /Attraction_Review-g664421-d3499360-Reviews-Tvrdic_Honey-Solta_Island_Split_Dalmatia_County_Dalmatia.html, /Attractions-g664421-Activities-Solta_Island_Split_Dalmatia_County_Dalmatia.html
Agroturizam Kastelanac, 5.0, Food & Drink, /Attraction_Review-g664421-d6636522-Reviews-Agroturizam_Kastelanac-Solta_Island_Split_Dalmatia_County_Dalmatia.html, /Attractions-g664421-Activities-Solta_Island_Split_Dalmatia_County_Dalmatia.html
Marchi Castle, 4.0, Sights & Landmarks, /Attraction_Review-g1959802-d9877671-Reviews-Marchi_Castle-Maslinica_Solta_Island_Split_Dalmatia_County_Dalmatia.html, /Attractions-g664421-Activities-Solta_Island_Split_Dalmatia_County_Dalmatia.html
Vela straza, 4.0, Sights & Landmarks, /Attraction_Review-g1190794-d9877196-Reviews-Vela_straza-Gornje_Selo_Solta_Island_Split_Dalmatia_County_Dalmatia.html, /Attractions-g664421-Activities-Solta_Island_Split_Dalmatia_County_Dalmatia.html
Basilica of St. Stephen, 4.5, Sights & Landmarks, /Attraction_Review-g3675338-d9877104-Reviews-Basilica_of_St_Stephen-Grohote_Solta_Island_Split_Dalmatia_County_Dalmatia.html, /Attractions-g664421-Activities-Solta_Island_Split_Dalmatia_County_Dalmatia.html
The Church and Benedictine Monastery, 3.0, Sights & Landmarks, /Attraction_Review-g1959802-d10113693-Reviews-The_Church_and_Benedictine_Monastery-Maslinica_Solta_Island_Split_Dalmatia_Coun.html, /Attractions-g664421-Activities-Solta_Island_Split_Dalmatia_County_Dalmatia.html
Donje Selo Stairs, 4.0, Sights & Landmarks, /Attraction_Review-g1190794-d2331448-Reviews-Donje_Selo_Stairs-Gornje_Selo_Solta_Island_Split_Dalmatia_County_Dalmatia.html, /Attractions-g664421-Activities-Solta_Island_Split_Dalmatia_County_Dalmatia.html
Olynthia Natura, 4.5, Food & Drink, /Attraction_Review-g664421-d3494238-Reviews-Olynthia_Natura-Solta_Island_Split_Dalmatia_County_Dalmatia.html, /Attractions-g664421-Activities-Solta_Island_Split_Dalmatia_County_Dalmatia.html
Discover Solta, 5.0, Food & Drink, /Attraction_Review-g2034466-d11931333-Reviews-Discover_Solta-Rogac_Solta_Island_Split_Dalmatia_County_Dalmatia.html, /Attractions-g664421-Activities-Solta_Island_Split_Dalmatia_County_Dalmatia.html
North Breeze, 5.0, Boat Tours & Water Sports, /Attraction_Review-g664421-d17757272-Reviews-North_Breeze-Solta_Island_Split_Dalmatia_County_Dalmatia.html, /Attractions-g664421-Activities-Solta_Island_Split_Dalmatia_County_Dalmatia.html
Archery Oliveto, 5.0, Fun & Games, /Attraction_Review-g1959802-d10746569-Reviews-Archery_Oliveto-Maslinica_Solta_Island_Split_Dalmatia_County_Dalmatia.html, /Attractions-g664421-Activities-Solta_Island_Split_Dalmatia_County_Dalmatia.html
Diving Centre Leomar, 4.5, Boat Tours & Water Sports, /Attraction_Review-g2485272-d3499418-Reviews-Diving_Centre_Leomar-Stomorska_Solta_Island_Split_Dalmatia_County_Dalmatia.html, /Attractions-g664421-Activities-Solta_Island_Split_Dalmatia_County_Dalmatia.html
Sailing Europe Charter, 4.5, Boat Tours & Water Sports, /Attraction_Review-g2034466-d12906756-Reviews-Sailing_Europe_Charter-Rogac_Solta_Island_Split_Dalmatia_County_Dalmatia.html, /Attractions-g664421-Activities-Solta_Island_Split_Dalmatia_County_Dalmatia.html
Choovita Beach Bar, 3.0, Nightlife, /Attraction_Review-g2034463-d12631101-Reviews-Choovita_Beach_Bar-Necujam_Solta_Island_Split_Dalmatia_County_Dalmatia.html, /Attractions-g664421-Activities-Solta_Island_Split_Dalmatia_County_Dalmatia.html
St. Michael, None, Sights & Landmarks, /Attraction_Review-g3675338-d8868672-Reviews-St_Michael-Grohote_Solta_Island_Split_Dalmatia_County_Dalmatia.html, /Attractions-g664421-Activities-Solta_Island_Split_Dalmatia_County_Dalmatia.html
Church of St. Theresa of Avila, None, Sights & Landmarks, /Attraction_Review-g2034466-d10040244-Reviews-Church_of_St_Theresa_of_Avila-Rogac_Solta_Island_Split_Dalmatia_County_Dalmatia.html, /Attractions-g664421-Activities-Solta_Island_Split_Dalmatia_County_Dalmatia.html
Seven Islets, None, Nature & Parks, /Attraction_Review-g1959802-d10113677-Reviews-Seven_Islets-Maslinica_Solta_Island_Split_Dalmatia_County_Dalmatia.html, /Attractions-g664421-Activities-Solta_Island_Split_Dalmatia_County_Dalmatia.html
Kasjun cove, None, Nature & Parks, /Attraction_Review-g2034466-d17610778-Reviews-Kasjun_cove-Rogac_Solta_Island_Split_Dalmatia_County_Dalmatia.html, /Attractions-g664421-Activities-Solta_Island_Split_Dalmatia_County_Dalmatia.html
SailingEurope Charter, None, Boat Tours & Water Sports, /Attraction_Review-g2034466-d17690239-Reviews-SailingEurope_Charter-Rogac_Solta_Island_Split_Dalmatia_County_Dalmatia.html, /Attractions-g664421-Activities-Solta_Island_Split_Dalmatia_County_Dalmatia.html
Church of Our Lady of Stomorja, None, Sights & Landmarks, /Attraction_Review-g2485272-d17725214-Reviews-Church_of_Our_Lady_of_Stomorja-Stomorska_Solta_Island_Split_Dalmatia_County_Dal.html, /Attractions-g664421-Activities-Solta_Island_Split_Dalmatia_County_Dalmatia.html
Saskinja Maslinica Central Dalmatia Croatia Bike Tracks, None, Nature & Parks, /Attraction_Review-g1959802-d20923090-Reviews-Saskinja_Maslinica_Central_Dalmatia_Croatia_Bike_Tracks-Maslinica_Solta_Island_.html, /Attractions-g664421-Activities-Solta_Island_Split_Dalmatia_County_Dalmatia.html
Grmej Šolta Central Dalmatia Croatia Bike Tracks, None, Nature & Parks, /Attraction_Review-g3675338-d20923074-Reviews-Grmej_Solta_Central_Dalmatia_Croatia_Bike_Tracks-Grohote_Solta_Island_Split_Dal.html, /Attractions-g664421-Activities-Solta_Island_Split_Dalmatia_County_Dalmatia.html
Kamik Solta Central Dalmatia Croatia Bike Tracks, None, Nature & Parks, /Attraction_Review-g2034463-d20927728-Reviews-Kamik_Solta_Central_Dalmatia_Croatia_Bike_Tracks-Necujam_Solta_Island_Split_Dal.html, /Attractions-g664421-Activities-Solta_Island_Split_Dalmatia_County_Dalmatia.html
Balkun Šolta Central Dalmatia Croatia Bike Tracks, None, Nature & Parks, /Attraction_Review-g2034466-d20920839-Reviews-Balkun_Solta_Central_Dalmatia_Croatia_Bike_Tracks-Rogac_Solta_Island_Split_Dalm.html, /Attractions-g664421-Activities-Solta_Island_Split_Dalmatia_County_Dalmatia.html
Rudula Solta Central Dalmatia Croatia Bike Tracks, None, Nature & Parks, /Attraction_Review-g3675338-d20927731-Reviews-Rudula_Solta_Central_Dalmatia_Croatia_Bike_Tracks-Grohote_Solta_Island_Split_Da.html, /Attractions-g664421-Activities-Solta_Island_Split_Dalmatia_County_Dalmatia.html
Nečujam - Central Dalmatia Croatia - Theme Trails, None, Sights & Landmarks, /Attraction_Review-g2034463-d20954172-Reviews-Necujam_Central_Dalmatia_Croatia_Theme_Trails-Necujam_Solta_Island_Split_Dalmat.html, /Attractions-g664421-Activities-Solta_Island_Split_Dalmatia_County_Dalmatia.html
Plaza Komarca, None, Nature & Parks, /Attraction_Review-g2034466-d21378848-Reviews-Plaza_Komarca-Rogac_Solta_Island_Split_Dalmatia_County_Dalmatia.html, /Attractions-g664421-Activities-Solta_Island_Split_Dalmatia_County_Dalmatia.html
