attraction_name, attraction_rate, attraction_type, attraction_url, attraction_parent_url
Church of Saint Vitus, 3.5, Sights & Landmarks, /Attraction_Review-g5237895-d7929616-Reviews-Church_of_Saint_Vitus-Privlaka_Zadar_County_Dalmatia.html, /Attractions-g5237895-Activities-Privlaka_Zadar_County_Dalmatia.html
Sea Adventure Privlaka, 5.0, Outdoor Activities, /Attraction_Review-g5237895-d14107677-Reviews-Sea_Adventure_Privlaka-Privlaka_Zadar_County_Dalmatia.html, /Attractions-g5237895-Activities-Privlaka_Zadar_County_Dalmatia.html
Sabunike Beach, 4.0, Boat Tours & Water Sports, /Attraction_Review-g5237895-d7929814-Reviews-Sabunike_Beach-Privlaka_Zadar_County_Dalmatia.html, /Attractions-g5237895-Activities-Privlaka_Zadar_County_Dalmatia.html
Church of Saint Catherine, None, Sights & Landmarks, /Attraction_Review-g5237895-d7932375-Reviews-Church_of_Saint_Catherine-Privlaka_Zadar_County_Dalmatia.html, /Attractions-g5237895-Activities-Privlaka_Zadar_County_Dalmatia.html
Church of Saint Barbara, None, Sights & Landmarks, /Attraction_Review-g5237895-d7927065-Reviews-Church_of_Saint_Barbara-Privlaka_Zadar_County_Dalmatia.html, /Attractions-g5237895-Activities-Privlaka_Zadar_County_Dalmatia.html
Parish Church of the Nativity of the Blessed Virgin Mary, None, Sights & Landmarks, /Attraction_Review-g5237895-d7927064-Reviews-Parish_Church_of_the_Nativity_of_the_Blessed_Virgin_Mary-Privlaka_Zadar_County_D.html, /Attractions-g5237895-Activities-Privlaka_Zadar_County_Dalmatia.html
