attraction_name, attraction_rate, attraction_type, attraction_url, attraction_parent_url
Lovric Winery, 5.0, Food & Drink, /Attraction_Review-g1069851-d12695749-Reviews-Lovric_Winery-Lumbarda_Korcula_Island_Dubrovnik_Neretva_County_Dalmatia.html, /Attractions-g1069851-Activities-Lumbarda_Korcula_Island_Dubrovnik_Neretva_County_Dalmatia.html
Vela Przina Beach, 4.0, Nature & Parks, /Attraction_Review-g1069851-d8489353-Reviews-Vela_Przina_Beach-Lumbarda_Korcula_Island_Dubrovnik_Neretva_County_Dalmatia.html, /Attractions-g1069851-Activities-Lumbarda_Korcula_Island_Dubrovnik_Neretva_County_Dalmatia.html
Vitits Winery, 4.5, Food & Drink, /Attraction_Review-g1069851-d15025738-Reviews-Vitits_Winery-Lumbarda_Korcula_Island_Dubrovnik_Neretva_County_Dalmatia.html, /Attractions-g1069851-Activities-Lumbarda_Korcula_Island_Dubrovnik_Neretva_County_Dalmatia.html
Popic Winery Lumbarda, 5.0, Food & Drink, /Attraction_Review-g1069851-d14917636-Reviews-Popic_Winery_Lumbarda-Lumbarda_Korcula_Island_Dubrovnik_Neretva_County_Dalmatia.html, /Attractions-g1069851-Activities-Lumbarda_Korcula_Island_Dubrovnik_Neretva_County_Dalmatia.html
Bire winery, 4.0, Food & Drink, /Attraction_Review-g1069851-d7051813-Reviews-Bire_winery-Lumbarda_Korcula_Island_Dubrovnik_Neretva_County_Dalmatia.html, /Attractions-g1069851-Activities-Lumbarda_Korcula_Island_Dubrovnik_Neretva_County_Dalmatia.html
Partizanski Spomenik, 3.0, Sights & Landmarks, /Attraction_Review-g1069851-d12912340-Reviews-Partizanski_Spomenik-Lumbarda_Korcula_Island_Dubrovnik_Neretva_County_Dalmatia.html, /Attractions-g1069851-Activities-Lumbarda_Korcula_Island_Dubrovnik_Neretva_County_Dalmatia.html
Spirit of Korkyra, 5.0, Boat Tours & Water Sports, /Attraction_Review-g1069851-d14136273-Reviews-Spirit_of_Korkyra-Lumbarda_Korcula_Island_Dubrovnik_Neretva_County_Dalmatia.html, /Attractions-g1069851-Activities-Lumbarda_Korcula_Island_Dubrovnik_Neretva_County_Dalmatia.html
Freestyle, 5.0, Outdoor Activities, /Attraction_Review-g1069851-d6893418-Reviews-Freestyle-Lumbarda_Korcula_Island_Dubrovnik_Neretva_County_Dalmatia.html, /Attractions-g1069851-Activities-Lumbarda_Korcula_Island_Dubrovnik_Neretva_County_Dalmatia.html
LumbardaBlue, 5.0, Boat Tours & Water Sports, /Attraction_Review-g1069851-d11738088-Reviews-LumbardaBlue-Lumbarda_Korcula_Island_Dubrovnik_Neretva_County_Dalmatia.html, /Attractions-g1069851-Activities-Lumbarda_Korcula_Island_Dubrovnik_Neretva_County_Dalmatia.html
Sea Adventures, 5.0, Boat Tours & Water Sports, /Attraction_Review-g1069851-d16639367-Reviews-Sea_Adventures-Lumbarda_Korcula_Island_Dubrovnik_Neretva_County_Dalmatia.html, /Attractions-g1069851-Activities-Lumbarda_Korcula_Island_Dubrovnik_Neretva_County_Dalmatia.html
Spirit of Korkyra, 5.0, Tours, /Attraction_Review-g1069851-d14136132-Reviews-Spirit_of_Korkyra-Lumbarda_Korcula_Island_Dubrovnik_Neretva_County_Dalmatia.html, /Attractions-g1069851-Activities-Lumbarda_Korcula_Island_Dubrovnik_Neretva_County_Dalmatia.html
Winery Cipre, 4.5, Food & Drink, /Attraction_Review-g1069851-d17754984-Reviews-Winery_Cipre-Lumbarda_Korcula_Island_Dubrovnik_Neretva_County_Dalmatia.html, /Attractions-g1069851-Activities-Lumbarda_Korcula_Island_Dubrovnik_Neretva_County_Dalmatia.html
Boana Rental Agency, 5.0, Outdoor Activities, /Attraction_Review-g1069851-d14791115-Reviews-Boana_Rental_Agency-Lumbarda_Korcula_Island_Dubrovnik_Neretva_County_Dalmatia.html, /Attractions-g1069851-Activities-Lumbarda_Korcula_Island_Dubrovnik_Neretva_County_Dalmatia.html
Stonac Private Tours, 4.5, Tours, /Attraction_Review-g1069851-d4454331-Reviews-Stonac_Private_Tours-Lumbarda_Korcula_Island_Dubrovnik_Neretva_County_Dalmatia.html, /Attractions-g1069851-Activities-Lumbarda_Korcula_Island_Dubrovnik_Neretva_County_Dalmatia.html
Peninsula Raznjic, 5.0, Nature & Parks, /Attraction_Review-g1069851-d21170835-Reviews-Peninsula_Raznjic-Lumbarda_Korcula_Island_Dubrovnik_Neretva_County_Dalmatia.html, /Attractions-g1069851-Activities-Lumbarda_Korcula_Island_Dubrovnik_Neretva_County_Dalmatia.html
freestyle.hr, 5.0, Outdoor Activities, /Attraction_Review-g1069851-d6893140-Reviews-Freestyle_hr-Lumbarda_Korcula_Island_Dubrovnik_Neretva_County_Dalmatia.html, /Attractions-g1069851-Activities-Lumbarda_Korcula_Island_Dubrovnik_Neretva_County_Dalmatia.html
Trail Detours, 4.5, Tours, /Attraction_Review-g1069851-d10256719-Reviews-Trail_Detours-Lumbarda_Korcula_Island_Dubrovnik_Neretva_County_Dalmatia.html, /Attractions-g1069851-Activities-Lumbarda_Korcula_Island_Dubrovnik_Neretva_County_Dalmatia.html
Spirit of Korkyra, None, Boat Tours & Water Sports, /Attraction_Review-g1069851-d14136146-Reviews-Spirit_of_Korkyra-Lumbarda_Korcula_Island_Dubrovnik_Neretva_County_Dalmatia.html, /Attractions-g1069851-Activities-Lumbarda_Korcula_Island_Dubrovnik_Neretva_County_Dalmatia.html
Lumbarda Travel, None, Boat Tours & Water Sports, /Attraction_Review-g1069851-d18189149-Reviews-Lumbarda_Travel-Lumbarda_Korcula_Island_Dubrovnik_Neretva_County_Dalmatia.html, /Attractions-g1069851-Activities-Lumbarda_Korcula_Island_Dubrovnik_Neretva_County_Dalmatia.html
Meri Jurjevic, None, Boat Tours & Water Sports, /Attraction_Review-g1069851-d17826659-Reviews-Meri_Jurjevic-Lumbarda_Korcula_Island_Dubrovnik_Neretva_County_Dalmatia.html, /Attractions-g1069851-Activities-Lumbarda_Korcula_Island_Dubrovnik_Neretva_County_Dalmatia.html
