attraction_name, attraction_rate, attraction_type, attraction_url, attraction_parent_url
Hilltop Walled Ancient City of Motovun, 4.5, Sights & Landmarks, /Attraction_Review-g303817-d3217281-Reviews-Hilltop_Walled_Ancient_City_of_Motovun-Motovun_Istria.html, /Attractions-g303817-Activities-Motovun_Istria.html
Benvenuti Winery, 5.0, Food & Drink, /Attraction_Review-g303817-d8802719-Reviews-Benvenuti_Winery-Motovun_Istria.html, /Attractions-g303817-Activities-Motovun_Istria.html
Ancient City Walls, 4.5, Sights & Landmarks, /Attraction_Review-g303817-d550402-Reviews-Ancient_City_Walls-Motovun_Istria.html, /Attractions-g303817-Activities-Motovun_Istria.html
Fakin Wines, 4.5, Food & Drink, /Attraction_Review-g303817-d10285903-Reviews-Fakin_Wines-Motovun_Istria.html, /Attractions-g303817-Activities-Motovun_Istria.html
Bell Tower, 4.0, Sights & Landmarks, /Attraction_Review-g303817-d550414-Reviews-Bell_Tower-Motovun_Istria.html, /Attractions-g303817-Activities-Motovun_Istria.html
Vina Pilato, 5.0, Food & Drink, /Attraction_Review-g303817-d10822770-Reviews-Vina_Pilato-Motovun_Istria.html, /Attractions-g303817-Activities-Motovun_Istria.html
Church of the Virgin Mary, 4.0, Sights & Landmarks, /Attraction_Review-g303817-d550409-Reviews-Church_of_the_Virgin_Mary-Motovun_Istria.html, /Attractions-g303817-Activities-Motovun_Istria.html
Cemetery, 4.0, Sights & Landmarks, /Attraction_Review-g303817-d550413-Reviews-Cemetery-Motovun_Istria.html, /Attractions-g303817-Activities-Motovun_Istria.html
Cultural and educational Center Kastel, 5.0, Sights & Landmarks, /Attraction_Review-g303817-d13127879-Reviews-Cultural_and_educational_Center_Kastel-Motovun_Istria.html, /Attractions-g303817-Activities-Motovun_Istria.html
Ancient Well, 4.0, Sights & Landmarks, /Attraction_Review-g303817-d550407-Reviews-Ancient_Well-Motovun_Istria.html, /Attractions-g303817-Activities-Motovun_Istria.html
Miro Tartufi, 5.0, Shopping, /Attraction_Review-g303817-d10435177-Reviews-Miro_Tartufi-Motovun_Istria.html, /Attractions-g303817-Activities-Motovun_Istria.html
Paragliding Tandem Istra, 5.0, Boat Tours & Water Sports, /Attraction_Review-g303817-d3213318-Reviews-Paragliding_Tandem_Istra-Motovun_Istria.html, /Attractions-g303817-Activities-Motovun_Istria.html
Truffle Hunting, 5.0, Fun & Games, /Attraction_Review-g303817-d8653677-Reviews-Truffle_Hunting-Motovun_Istria.html, /Attractions-g303817-Activities-Motovun_Istria.html
Montona Tours - Rent a Bike Point Motovun, 5.0, Tours, /Attraction_Review-g303817-d9741404-Reviews-Montona_Tours_Rent_a_Bike_Point_Motovun-Motovun_Istria.html, /Attractions-g303817-Activities-Motovun_Istria.html
Svilicic truffle hunting, 5.0, Tours, /Attraction_Review-g303817-d17530092-Reviews-Svilicic_truffle_hunting-Motovun_Istria.html, /Attractions-g303817-Activities-Motovun_Istria.html
Vespa Tour Istria - Montona Tours, 5.0, Tours, /Attraction_Review-g303817-d15815708-Reviews-Vespa_Tour_Istria_Montona_Tours-Motovun_Istria.html, /Attractions-g303817-Activities-Motovun_Istria.html
Bencic Truffles, 5.0, Shopping, /Attraction_Review-g303817-d5772357-Reviews-Bencic_Truffles-Motovun_Istria.html, /Attractions-g303817-Activities-Motovun_Istria.html
Atelier Art in Situ, 5.0, Museums, /Attraction_Review-g303817-d12613845-Reviews-Atelier_Art_in_Situ-Motovun_Istria.html, /Attractions-g303817-Activities-Motovun_Istria.html
Berba Bertosa, 5.0, Nightlife, /Attraction_Review-g303817-d21186262-Reviews-Berba_Bertosa-Motovun_Istria.html, /Attractions-g303817-Activities-Motovun_Istria.html
Art Studio Isabella, 5.0, Museums, /Attraction_Review-g303817-d12842039-Reviews-Art_Studio_Isabella-Motovun_Istria.html, /Attractions-g303817-Activities-Motovun_Istria.html
Parenzana train, 3.5, Tours, /Attraction_Review-g303817-d6976085-Reviews-Parenzana_train-Motovun_Istria.html, /Attractions-g303817-Activities-Motovun_Istria.html
Premium Truffles, 5.0, Shopping, /Attraction_Review-g303817-d9821073-Reviews-Premium_Truffles-Motovun_Istria.html, /Attractions-g303817-Activities-Motovun_Istria.html
Traveling Spoon, None, Food & Drink, /Attraction_Review-g303817-d19385442-Reviews-Traveling_Spoon-Motovun_Istria.html, /Attractions-g303817-Activities-Motovun_Istria.html
