attraction_name, attraction_rate, attraction_type, attraction_url, attraction_parent_url
Kuća Rabske Torte, 4.5, Museums, /Attraction_Review-g303831-d9828609-Reviews-Kuca_Rabske_Torte-Rab_Island_Kvarner_Bay_Islands_Primorje_Gorski_Kotar_County.html, /Attractions-g303831-Activities-Rab_Island_Kvarner_Bay_Islands_Primorje_Gorski_Kotar_County.html
Pudarica Beach, 4.0, Nature & Parks, /Attraction_Review-g303831-d8614486-Reviews-Pudarica_Beach-Rab_Island_Kvarner_Bay_Islands_Primorje_Gorski_Kotar_County.html, /Attractions-g303831-Activities-Rab_Island_Kvarner_Bay_Islands_Primorje_Gorski_Kotar_County.html
Zidine Fortress, 4.5, Sights & Landmarks, /Attraction_Review-g303831-d553860-Reviews-Zidine_Fortress-Rab_Island_Kvarner_Bay_Islands_Primorje_Gorski_Kotar_County.html, /Attractions-g303831-Activities-Rab_Island_Kvarner_Bay_Islands_Primorje_Gorski_Kotar_County.html
Cathedral of St. Mary The Great (Sveta Marija Velika), 4.5, Sights & Landmarks, /Attraction_Review-g303831-d552364-Reviews-Cathedral_of_St_Mary_The_Great_Sveta_Marija_Velika-Rab_Island_Kvarner_Bay_Islands_.html, /Attractions-g303831-Activities-Rab_Island_Kvarner_Bay_Islands_Primorje_Gorski_Kotar_County.html
Goli Otok, 4.0, Nature & Parks, /Attraction_Review-g1190806-d2227117-Reviews-Goli_Otok-Lopar_Rab_Island_Kvarner_Bay_Islands_Primorje_Gorski_Kotar_County.html, /Attractions-g303831-Activities-Rab_Island_Kvarner_Bay_Islands_Primorje_Gorski_Kotar_County.html
Lopar Beach, 3.5, Nature & Parks, /Attraction_Review-g1190806-d2253482-Reviews-Lopar_Beach-Lopar_Rab_Island_Kvarner_Bay_Islands_Primorje_Gorski_Kotar_County.html, /Attractions-g303831-Activities-Rab_Island_Kvarner_Bay_Islands_Primorje_Gorski_Kotar_County.html
Ciganka Beach, 4.0, Nature & Parks, /Attraction_Review-g1190806-d7046939-Reviews-Ciganka_Beach-Lopar_Rab_Island_Kvarner_Bay_Islands_Primorje_Gorski_Kotar_County.html, /Attractions-g303831-Activities-Rab_Island_Kvarner_Bay_Islands_Primorje_Gorski_Kotar_County.html
Sv. Fumije Samostan, 4.5, Sights & Landmarks, /Attraction_Review-g303831-d4685742-Reviews-Sv_Fumije_Samostan-Rab_Island_Kvarner_Bay_Islands_Primorje_Gorski_Kotar_County.html, /Attractions-g303831-Activities-Rab_Island_Kvarner_Bay_Islands_Primorje_Gorski_Kotar_County.html
Sahara Beach, 3.5, Nature & Parks, /Attraction_Review-g1190806-d12676599-Reviews-Sahara_Beach-Lopar_Rab_Island_Kvarner_Bay_Islands_Primorje_Gorski_Kotar_County.html, /Attractions-g303831-Activities-Rab_Island_Kvarner_Bay_Islands_Primorje_Gorski_Kotar_County.html
Podsilo Beach, 4.0, Nature & Parks, /Attraction_Review-g1190806-d12709837-Reviews-Podsilo_Beach-Lopar_Rab_Island_Kvarner_Bay_Islands_Primorje_Gorski_Kotar_County.html, /Attractions-g303831-Activities-Rab_Island_Kvarner_Bay_Islands_Primorje_Gorski_Kotar_County.html
The Early-Byzantine Fortification of Sv. Kuzma and Sv. Damjan, 4.5, Sights & Landmarks, /Attraction_Review-g303831-d6570977-Reviews-The_Early_Byzantine_Fortification_of_Sv_Kuzma_and_Sv_Damjan-Rab_Island_Kvarner_Ba.html, /Attractions-g303831-Activities-Rab_Island_Kvarner_Bay_Islands_Primorje_Gorski_Kotar_County.html
Otok Sveti Grgur, 4.5, Nature & Parks, /Attraction_Review-g1190806-d14983589-Reviews-Otok_Sveti_Grgur-Lopar_Rab_Island_Kvarner_Bay_Islands_Primorje_Gorski_Kotar_Cou.html, /Attractions-g303831-Activities-Rab_Island_Kvarner_Bay_Islands_Primorje_Gorski_Kotar_County.html
Kandarola Nude Beach, 4.5, Nature & Parks, /Attraction_Review-g2039674-d4761520-Reviews-Kandarola_Nude_Beach-Palit_Rab_Island_Kvarner_Bay_Islands_Primorje_Gorski_Kotar_.html, /Attractions-g303831-Activities-Rab_Island_Kvarner_Bay_Islands_Primorje_Gorski_Kotar_County.html
The Church of Sv.Petar (St. Peter), 4.5, Sights & Landmarks, /Attraction_Review-g303831-d6570980-Reviews-The_Church_of_Sv_Petar_St_Peter-Rab_Island_Kvarner_Bay_Islands_Primorje_Gorski_Ko.html, /Attractions-g303831-Activities-Rab_Island_Kvarner_Bay_Islands_Primorje_Gorski_Kotar_County.html
Church of St. Justina, 4.0, Sights & Landmarks, /Attraction_Review-g303831-d552368-Reviews-Church_of_St_Justina-Rab_Island_Kvarner_Bay_Islands_Primorje_Gorski_Kotar_County.html, /Attractions-g303831-Activities-Rab_Island_Kvarner_Bay_Islands_Primorje_Gorski_Kotar_County.html
Church of St. Anthony, 4.5, Sights & Landmarks, /Attraction_Review-g303831-d552362-Reviews-Church_of_St_Anthony-Rab_Island_Kvarner_Bay_Islands_Primorje_Gorski_Kotar_County.html, /Attractions-g303831-Activities-Rab_Island_Kvarner_Bay_Islands_Primorje_Gorski_Kotar_County.html
Suha Punta Beach, 4.5, Nature & Parks, /Attraction_Review-g1959805-d10587973-Reviews-Suha_Punta_Beach-Kampor_Rab_Island_Kvarner_Bay_Islands_Primorje_Gorski_Kotar_Co.html, /Attractions-g303831-Activities-Rab_Island_Kvarner_Bay_Islands_Primorje_Gorski_Kotar_County.html
Lapidarij, 5.0, Museums, /Attraction_Review-g303831-d552363-Reviews-Lapidarij-Rab_Island_Kvarner_Bay_Islands_Primorje_Gorski_Kotar_County.html, /Attractions-g303831-Activities-Rab_Island_Kvarner_Bay_Islands_Primorje_Gorski_Kotar_County.html
Komrcar Park, 4.5, Nature & Parks, /Attraction_Review-g1799875-d4706323-Reviews-Komrcar_Park-Rab_Town_Rab_Island_Kvarner_Bay_Islands_Primorje_Gorski_Kotar_Count.html, /Attractions-g303831-Activities-Rab_Island_Kvarner_Bay_Islands_Primorje_Gorski_Kotar_County.html
Varos, 5.0, Sights & Landmarks, /Attraction_Review-g303831-d554644-Reviews-Varos-Rab_Island_Kvarner_Bay_Islands_Primorje_Gorski_Kotar_County.html, /Attractions-g303831-Activities-Rab_Island_Kvarner_Bay_Islands_Primorje_Gorski_Kotar_County.html
Jelenovica Beach, 4.5, Nature & Parks, /Attraction_Review-g1959805-d12857543-Reviews-Jelenovica_Beach-Kampor_Rab_Island_Kvarner_Bay_Islands_Primorje_Gorski_Kotar_Co.html, /Attractions-g303831-Activities-Rab_Island_Kvarner_Bay_Islands_Primorje_Gorski_Kotar_County.html
The Harbour and the Town Prospect, 4.5, Sights & Landmarks, /Attraction_Review-g1799875-d6570965-Reviews-The_Harbour_and_the_Town_Prospect-Rab_Town_Rab_Island_Kvarner_Bay_Islands_Primor.html, /Attractions-g303831-Activities-Rab_Island_Kvarner_Bay_Islands_Primorje_Gorski_Kotar_County.html
Tower of St. Christopher, 4.5, Sights & Landmarks, /Attraction_Review-g1799875-d3339355-Reviews-Tower_of_St_Christopher-Rab_Town_Rab_Island_Kvarner_Bay_Islands_Primorje_Gorski_.html, /Attractions-g303831-Activities-Rab_Island_Kvarner_Bay_Islands_Primorje_Gorski_Kotar_County.html
Rab Concentration Camp, 4.0, Sights & Landmarks, /Attraction_Review-g1959805-d12853450-Reviews-Rab_Concentration_Camp-Kampor_Rab_Island_Kvarner_Bay_Islands_Primorje_Gorski_Ko.html, /Attractions-g303831-Activities-Rab_Island_Kvarner_Bay_Islands_Primorje_Gorski_Kotar_County.html
Rab-Maman trail, 4.5, Nature & Parks, /Attraction_Review-g1799875-d2248657-Reviews-Rab_Maman_trail-Rab_Town_Rab_Island_Kvarner_Bay_Islands_Primorje_Gorski_Kotar_Co.html, /Attractions-g303831-Activities-Rab_Island_Kvarner_Bay_Islands_Primorje_Gorski_Kotar_County.html
St. Ivan Evangelista, 4.5, Sights & Landmarks, /Attraction_Review-g1799875-d552369-Reviews-St_Ivan_Evangelista-Rab_Town_Rab_Island_Kvarner_Bay_Islands_Primorje_Gorski_Kotar.html, /Attractions-g303831-Activities-Rab_Island_Kvarner_Bay_Islands_Primorje_Gorski_Kotar_County.html
The Town Loggia, 4.5, Sights & Landmarks, /Attraction_Review-g1799875-d6570982-Reviews-The_Town_Loggia-Rab_Town_Rab_Island_Kvarner_Bay_Islands_Primorje_Gorski_Kotar_Co.html, /Attractions-g303831-Activities-Rab_Island_Kvarner_Bay_Islands_Primorje_Gorski_Kotar_County.html
The Cathedral of the Holy Virgin Mary's Assumption, 4.5, Sights & Landmarks, /Attraction_Review-g1799875-d6755861-Reviews-The_Cathedral_of_the_Holy_Virgin_Mary_s_Assumption-Rab_Town_Rab_Island_Kvarner_B.html, /Attractions-g303831-Activities-Rab_Island_Kvarner_Bay_Islands_Primorje_Gorski_Kotar_County.html
Trg Municipium Arba, 4.5, Sights & Landmarks, /Attraction_Review-g1799875-d4685747-Reviews-Trg_Municipium_Arba-Rab_Town_Rab_Island_Kvarner_Bay_Islands_Primorje_Gorski_Kota.html, /Attractions-g303831-Activities-Rab_Island_Kvarner_Bay_Islands_Primorje_Gorski_Kotar_County.html
St. Francis Church, 5.0, Sights & Landmarks, /Attraction_Review-g1799875-d6557751-Reviews-St_Francis_Church-Rab_Town_Rab_Island_Kvarner_Bay_Islands_Primorje_Gorski_Kotar_.html, /Attractions-g303831-Activities-Rab_Island_Kvarner_Bay_Islands_Primorje_Gorski_Kotar_County.html
