attraction_name, attraction_rate, attraction_type, attraction_url, attraction_parent_url
Levan, 4.0, Nature & Parks, /Attraction_Review-g1190777-d3410198-Reviews-Levan-Liznjan_Istria.html, /Attractions-g1190777-Activities-Liznjan_Istria.html
Kite Camp Istria, 5.0, Boat Tours & Water Sports, /Attraction_Review-g1190777-d13037855-Reviews-Kite_Camp_Istria-Liznjan_Istria.html, /Attractions-g1190777-Activities-Liznjan_Istria.html
Bura Bora diving center, 5.0, Boat Tours & Water Sports, /Attraction_Review-g1190777-d17343582-Reviews-Bura_Bora_diving_center-Liznjan_Istria.html, /Attractions-g1190777-Activities-Liznjan_Istria.html
B.R.B. Sport, 5.0, Outdoor Activities, /Attraction_Review-g1190777-d12064495-Reviews-B_R_B_Sport-Liznjan_Istria.html, /Attractions-g1190777-Activities-Liznjan_Istria.html
