attraction_name, attraction_rate, attraction_type, attraction_url, attraction_parent_url
Velika Knezeva Kula, 4.5, Sights & Landmarks, /Attraction_Review-g1007309-d12901193-Reviews-Velika_Knezeva_Kula-Korcula_Town_Korcula_Island_Dubrovnik_Neretva_County_Dalmat.html, /Attractions-g303810-Activities-Korcula_Island_Dubrovnik_Neretva_County_Dalmatia.html
Church Sveti Petar, 4.0, Sights & Landmarks, /Attraction_Review-g1007309-d13238961-Reviews-Church_Sveti_Petar-Korcula_Town_Korcula_Island_Dubrovnik_Neretva_County_Dalmati.html, /Attractions-g303810-Activities-Korcula_Island_Dubrovnik_Neretva_County_Dalmatia.html
Tower Kanalevic, 4.0, Sights & Landmarks, /Attraction_Review-g1007309-d12909727-Reviews-Tower_Kanalevic-Korcula_Town_Korcula_Island_Dubrovnik_Neretva_County_Dalmatia.html, /Attractions-g303810-Activities-Korcula_Island_Dubrovnik_Neretva_County_Dalmatia.html
Kula Morska Vrata, 4.5, Sights & Landmarks, /Attraction_Review-g1007309-d12908678-Reviews-Kula_Morska_Vrata-Korcula_Town_Korcula_Island_Dubrovnik_Neretva_County_Dalmatia.html, /Attractions-g303810-Activities-Korcula_Island_Dubrovnik_Neretva_County_Dalmatia.html
Icon Museum, 4.0, Museums, /Attraction_Review-g1007309-d13206548-Reviews-Icon_Museum-Korcula_Town_Korcula_Island_Dubrovnik_Neretva_County_Dalmatia.html, /Attractions-g303810-Activities-Korcula_Island_Dubrovnik_Neretva_County_Dalmatia.html
Church Gospojina, 4.0, Sights & Landmarks, /Attraction_Review-g1007309-d13207175-Reviews-Church_Gospojina-Korcula_Town_Korcula_Island_Dubrovnik_Neretva_County_Dalmatia.html, /Attractions-g303810-Activities-Korcula_Island_Dubrovnik_Neretva_County_Dalmatia.html
Bishop's Treasury Museum, 3.5, Museums, /Attraction_Review-g1007309-d13238901-Reviews-Bishop_s_Treasury_Museum-Korcula_Town_Korcula_Island_Dubrovnik_Neretva_County_D.html, /Attractions-g303810-Activities-Korcula_Island_Dubrovnik_Neretva_County_Dalmatia.html
Gabrielis Palace, 4.0, Sights & Landmarks, /Attraction_Review-g1007309-d13238937-Reviews-Gabrielis_Palace-Korcula_Town_Korcula_Island_Dubrovnik_Neretva_County_Dalmatia.html, /Attractions-g303810-Activities-Korcula_Island_Dubrovnik_Neretva_County_Dalmatia.html
Bishops Palace, 4.0, Sights & Landmarks, /Attraction_Review-g1007309-d13206465-Reviews-Bishops_Palace-Korcula_Town_Korcula_Island_Dubrovnik_Neretva_County_Dalmatia.html, /Attractions-g303810-Activities-Korcula_Island_Dubrovnik_Neretva_County_Dalmatia.html
Church Svih Svetih, 4.5, Sights & Landmarks, /Attraction_Review-g1007309-d13202647-Reviews-Church_Svih_Svetih-Korcula_Town_Korcula_Island_Dubrovnik_Neretva_County_Dalmati.html, /Attractions-g303810-Activities-Korcula_Island_Dubrovnik_Neretva_County_Dalmatia.html
Mala Kneźeva Kula, 4.0, Sights & Landmarks, /Attraction_Review-g1007309-d12934673-Reviews-Mala_Knezeva_Kula-Korcula_Town_Korcula_Island_Dubrovnik_Neretva_County_Dalmatia.html, /Attractions-g303810-Activities-Korcula_Island_Dubrovnik_Neretva_County_Dalmatia.html
Arneri Palace, 3.5, Sights & Landmarks, /Attraction_Review-g1007309-d13206471-Reviews-Arneri_Palace-Korcula_Town_Korcula_Island_Dubrovnik_Neretva_County_Dalmatia.html, /Attractions-g303810-Activities-Korcula_Island_Dubrovnik_Neretva_County_Dalmatia.html
Park Foretic, 3.5, Nature & Parks, /Attraction_Review-g1007309-d10347993-Reviews-Park_Foretic-Korcula_Town_Korcula_Island_Dubrovnik_Neretva_County_Dalmatia.html, /Attractions-g303810-Activities-Korcula_Island_Dubrovnik_Neretva_County_Dalmatia.html
Crkva Svete Justine, 4.5, Sights & Landmarks, /Attraction_Review-g1007309-d17853547-Reviews-Crkva_Svete_Justine-Korcula_Town_Korcula_Island_Dubrovnik_Neretva_County_Dalmat.html, /Attractions-g303810-Activities-Korcula_Island_Dubrovnik_Neretva_County_Dalmatia.html
MONO art, 4.0, Traveller Resources, /Attraction_Review-g1007309-d10373814-Reviews-MONO_art-Korcula_Town_Korcula_Island_Dubrovnik_Neretva_County_Dalmatia.html, /Attractions-g303810-Activities-Korcula_Island_Dubrovnik_Neretva_County_Dalmatia.html
Loggia, 3.5, Sights & Landmarks, /Attraction_Review-g1007309-d13206200-Reviews-Loggia-Korcula_Town_Korcula_Island_Dubrovnik_Neretva_County_Dalmatia.html, /Attractions-g303810-Activities-Korcula_Island_Dubrovnik_Neretva_County_Dalmatia.html
Governor’s Palace, 3.5, Sights & Landmarks, /Attraction_Review-g1007309-d13218796-Reviews-Governor_s_Palace-Korcula_Town_Korcula_Island_Dubrovnik_Neretva_County_Dalmatia.html, /Attractions-g303810-Activities-Korcula_Island_Dubrovnik_Neretva_County_Dalmatia.html
Luka Mozaika - World's Longest Mosaic, 4.5, Sights & Landmarks, /Attraction_Review-g608722-d21204581-Reviews-Luka_Mozaika_World_s_Longest_Mosaic-Vela_Luka_Korcula_Island_Dubrovnik_Neretva_C.html, /Attractions-g303810-Activities-Korcula_Island_Dubrovnik_Neretva_County_Dalmatia.html
Black Island Winery, 5.0, Food & Drink, /Attraction_Review-g1069855-d19424845-Reviews-Black_Island_Winery-Smokvica_Korcula_Island_Dubrovnik_Neretva_County_Dalmatia.html, /Attractions-g303810-Activities-Korcula_Island_Dubrovnik_Neretva_County_Dalmatia.html
Bratinja Luka Beach, 5.0, Nature & Parks, /Attraction_Review-g2039690-d21227188-Reviews-Bratinja_Luka_Beach-Zrnovo_Korcula_Town_Korcula_Island_Dubrovnik_Neretva_County.html, /Attractions-g303810-Activities-Korcula_Island_Dubrovnik_Neretva_County_Dalmatia.html
Peninsula Raznjic, 5.0, Nature & Parks, /Attraction_Review-g1069851-d21170835-Reviews-Peninsula_Raznjic-Lumbarda_Korcula_Island_Dubrovnik_Neretva_County_Dalmatia.html, /Attractions-g303810-Activities-Korcula_Island_Dubrovnik_Neretva_County_Dalmatia.html
Blato 1902 d. d., None, Food & Drink, /Attraction_Review-g651684-d15967332-Reviews-Blato_1902_d_d-Blato_Korcula_Island_Dubrovnik_Neretva_County_Dalmatia.html, /Attractions-g303810-Activities-Korcula_Island_Dubrovnik_Neretva_County_Dalmatia.html
Marina Korkyra, None, Nature & Parks, /Attraction_Review-g608722-d20966296-Reviews-Marina_Korkyra-Vela_Luka_Korcula_Island_Dubrovnik_Neretva_County_Dalmatia.html, /Attractions-g303810-Activities-Korcula_Island_Dubrovnik_Neretva_County_Dalmatia.html
Korcula Gallery - Marko Art, None, Museums, /Attraction_Review-g1007309-d21232928-Reviews-Korcula_Gallery_Marko_Art-Korcula_Town_Korcula_Island_Dubrovnik_Neretva_County_.html, /Attractions-g303810-Activities-Korcula_Island_Dubrovnik_Neretva_County_Dalmatia.html
Bratinja Luka Beach, None, Nature & Parks, /Attraction_Review-g2039690-d21227196-Reviews-Bratinja_Luka_Beach-Zrnovo_Korcula_Town_Korcula_Island_Dubrovnik_Neretva_County.html, /Attractions-g303810-Activities-Korcula_Island_Dubrovnik_Neretva_County_Dalmatia.html
