attraction_name, attraction_rate, attraction_type, attraction_url, attraction_parent_url
Željeznodobni Grobni Humci, None, Sights & Landmarks, /Attraction_Review-g3746065-d21068097-Reviews-Zeljeznodobni_Grobni_Humci-Veliko_Trgovisce_Krapina_Zagorje_County_Central_Croa.html, /Attractions-g3746065-Activities-Veliko_Trgovisce_Krapina_Zagorje_County_Central_Croatia.html
Bronze Statue of Franjo Tudjman, None, Sights & Landmarks, /Attraction_Review-g3746065-d21097566-Reviews-Bronze_Statue_of_Franjo_Tudjman-Veliko_Trgovisce_Krapina_Zagorje_County_Central.html, /Attractions-g3746065-Activities-Veliko_Trgovisce_Krapina_Zagorje_County_Central_Croatia.html
Crkva Svetog Jurja na Jezeru, None, Sights & Landmarks, /Attraction_Review-g3746065-d21067953-Reviews-Crkva_Svetog_Jurja_na_Jezeru-Veliko_Trgovisce_Krapina_Zagorje_County_Central_Cr.html, /Attractions-g3746065-Activities-Veliko_Trgovisce_Krapina_Zagorje_County_Central_Croatia.html
Crkva Sveta Tri Kralja U Velikoj Erpenji, None, Sights & Landmarks, /Attraction_Review-g3746065-d21067954-Reviews-Crkva_Sveta_Tri_Kralja_U_Velikoj_Erpenji-Veliko_Trgovisce_Krapina_Zagorje_Count.html, /Attractions-g3746065-Activities-Veliko_Trgovisce_Krapina_Zagorje_County_Central_Croatia.html
Rodna kuća dr. Franje Tuđmana, None, Sights & Landmarks, /Attraction_Review-g3746065-d21067957-Reviews-Rodna_kuca_dr_Franje_Tudmana-Veliko_Trgovisce_Krapina_Zagorje_County_Central_Cr.html, /Attractions-g3746065-Activities-Veliko_Trgovisce_Krapina_Zagorje_County_Central_Croatia.html
Kapela Blažene Djevice Marije na Strmcu, None, Sights & Landmarks, /Attraction_Review-g3746065-d21067956-Reviews-Kapela_Blazene_Djevice_Marije_na_Strmcu-Veliko_Trgovisce_Krapina_Zagorje_County.html, /Attractions-g3746065-Activities-Veliko_Trgovisce_Krapina_Zagorje_County_Central_Croatia.html
Bronze statue of Alojzije Stepinac, None, Sights & Landmarks, /Attraction_Review-g3746065-d21068671-Reviews-Bronze_statue_of_Alojzije_Stepinac-Veliko_Trgovisce_Krapina_Zagorje_County_Cent.html, /Attractions-g3746065-Activities-Veliko_Trgovisce_Krapina_Zagorje_County_Central_Croatia.html
Župni dvor i župna crkva Blažene Djevice Marije od Sedam Žalosti, None, Sights & Landmarks, /Attraction_Review-g3746065-d21068676-Reviews-Zupni_dvor_i_zupna_crkva_Blazene_Djevice_Marije_od_Sedam_Zalosti-Veliko_Trgovis.html, /Attractions-g3746065-Activities-Veliko_Trgovisce_Krapina_Zagorje_County_Central_Croatia.html
Go-mar Transfers, None, Food & Drink, /Attraction_Review-g3746065-d19460716-Reviews-Go_mar_Transfers-Veliko_Trgovisce_Krapina_Zagorje_County_Central_Croatia.html, /Attractions-g3746065-Activities-Veliko_Trgovisce_Krapina_Zagorje_County_Central_Croatia.html
