attraction_name, attraction_rate, attraction_type, attraction_url, attraction_parent_url
Abbey of the Holy Cross, 4.5, Sights & Landmarks, /Attraction_Review-g1190293-d9990199-Reviews-Abbey_of_the_Holy_Cross-Zivogosce_Split_Dalmatia_County_Dalmatia.html, /Attractions-g1190293-Activities-Zivogosce_Split_Dalmatia_County_Dalmatia.html
Duba beach, 4.5, Nature & Parks, /Attraction_Review-g1190293-d17613494-Reviews-Duba_beach-Zivogosce_Split_Dalmatia_County_Dalmatia.html, /Attractions-g1190293-Activities-Zivogosce_Split_Dalmatia_County_Dalmatia.html
Dole Camp Beach, 3.5, Nature & Parks, /Attraction_Review-g1190293-d9989896-Reviews-Dole_Camp_Beach-Zivogosce_Split_Dalmatia_County_Dalmatia.html, /Attractions-g1190293-Activities-Zivogosce_Split_Dalmatia_County_Dalmatia.html
Slobodan Juretić Bobo, None, Food & Drink, /Attraction_Review-g1190293-d19620477-Reviews-Slobodan_Juretic_Bobo-Zivogosce_Split_Dalmatia_County_Dalmatia.html, /Attractions-g1190293-Activities-Zivogosce_Split_Dalmatia_County_Dalmatia.html
Mala Duba Beach, None, Nature & Parks, /Attraction_Review-g1190293-d17610928-Reviews-Mala_Duba_Beach-Zivogosce_Split_Dalmatia_County_Dalmatia.html, /Attractions-g1190293-Activities-Zivogosce_Split_Dalmatia_County_Dalmatia.html
