attraction_name, attraction_rate, attraction_type, attraction_url, attraction_parent_url
Gogol Monument, 4.5, Sights & Landmarks, /Attraction_Review-g3667778-d6629631-Reviews-Gogol_Monument-Nizhyn_Chernihiv_Oblast.html, /Attractions-g3667778-Activities-Nizhyn_Chernihiv_Oblast.html
Nizhyn Cucumber Monument, 4.0, Sights & Landmarks, /Attraction_Review-g3667778-d6630456-Reviews-Nizhyn_Cucumber_Monument-Nizhyn_Chernihiv_Oblast.html, /Attractions-g3667778-Activities-Nizhyn_Chernihiv_Oblast.html
Grafskiy Park, 4.0, Nature & Parks, /Attraction_Review-g3667778-d6767286-Reviews-Grafskiy_Park-Nizhyn_Chernihiv_Oblast.html, /Attractions-g3667778-Activities-Nizhyn_Chernihiv_Oblast.html
Nizhyn High School Museum, 5.0, Museums, /Attraction_Review-g3667778-d6629027-Reviews-Nizhyn_High_School_Museum-Nizhyn_Chernihiv_Oblast.html, /Attractions-g3667778-Activities-Nizhyn_Chernihiv_Oblast.html
Ostrog, 4.0, Sights & Landmarks, /Attraction_Review-g3667778-d6630944-Reviews-Ostrog-Nizhyn_Chernihiv_Oblast.html, /Attractions-g3667778-Activities-Nizhyn_Chernihiv_Oblast.html
Greek Quarter, 3.5, Sights & Landmarks, /Attraction_Review-g3667778-d6629537-Reviews-Greek_Quarter-Nizhyn_Chernihiv_Oblast.html, /Attractions-g3667778-Activities-Nizhyn_Chernihiv_Oblast.html
St. Nicolas Wondermaker Church, 4.5, Sights & Landmarks, /Attraction_Review-g3667778-d6515968-Reviews-St_Nicolas_Wondermaker_Church-Nizhyn_Chernihiv_Oblast.html, /Attractions-g3667778-Activities-Nizhyn_Chernihiv_Oblast.html
St. Nicolas Cathedral, 3.5, Sights & Landmarks, /Attraction_Review-g3667778-d6629381-Reviews-St_Nicolas_Cathedral-Nizhyn_Chernihiv_Oblast.html, /Attractions-g3667778-Activities-Nizhyn_Chernihiv_Oblast.html
Tarasa Shevchenka Park, 3.5, Nature & Parks, /Attraction_Review-g3667778-d6767287-Reviews-Tarasa_Shevchenka_Park-Nizhyn_Chernihiv_Oblast.html, /Attractions-g3667778-Activities-Nizhyn_Chernihiv_Oblast.html
Madonna Nazareth Annunciation Monastery, 3.5, Sights & Landmarks, /Attraction_Review-g3667778-d6515964-Reviews-Madonna_Nazareth_Annunciation_Monastery-Nizhyn_Chernihiv_Oblast.html, /Attractions-g3667778-Activities-Nizhyn_Chernihiv_Oblast.html
Mark Bernes Monument, 3.5, Sights & Landmarks, /Attraction_Review-g3667778-d6943113-Reviews-Mark_Bernes_Monument-Nizhyn_Chernihiv_Oblast.html, /Attractions-g3667778-Activities-Nizhyn_Chernihiv_Oblast.html
Rare Books Museum, 4.0, Museums, /Attraction_Review-g3667778-d6515962-Reviews-Rare_Books_Museum-Nizhyn_Chernihiv_Oblast.html, /Attractions-g3667778-Activities-Nizhyn_Chernihiv_Oblast.html
Nizhyn museum of local history named after I.G. Spasskyi, 4.0, Museums, /Attraction_Review-g3667778-d6628867-Reviews-Nizhyn_museum_of_local_history_named_after_I_G_Spasskyi-Nizhyn_Chernihiv_Oblast.html, /Attractions-g3667778-Activities-Nizhyn_Chernihiv_Oblast.html
Mariya Zankovetska Monument, 4.0, Sights & Landmarks, /Attraction_Review-g3667778-d6630938-Reviews-Mariya_Zankovetska_Monument-Nizhyn_Chernihiv_Oblast.html, /Attractions-g3667778-Activities-Nizhyn_Chernihiv_Oblast.html
Nizhyn University Picture Gallery, 3.0, Museums, /Attraction_Review-g3667778-d6628978-Reviews-Nizhyn_University_Picture_Gallery-Nizhyn_Chernihiv_Oblast.html, /Attractions-g3667778-Activities-Nizhyn_Chernihiv_Oblast.html
John the Apostle Church, 3.0, Sights & Landmarks, /Attraction_Review-g3667778-d3667781-Reviews-John_the_Apostle_Church-Nizhyn_Chernihiv_Oblast.html, /Attractions-g3667778-Activities-Nizhyn_Chernihiv_Oblast.html
Pokrovska Church, 3.0, Sights & Landmarks, /Attraction_Review-g3667778-d6515967-Reviews-Pokrovska_Church-Nizhyn_Chernihiv_Oblast.html, /Attractions-g3667778-Activities-Nizhyn_Chernihiv_Oblast.html
Bogdan Khmelnistkiy Monument, 4.0, Sights & Landmarks, /Attraction_Review-g3667778-d6940241-Reviews-Bogdan_Khmelnistkiy_Monument-Nizhyn_Chernihiv_Oblast.html, /Attractions-g3667778-Activities-Nizhyn_Chernihiv_Oblast.html
Mykhail Ligda Greek Pharmacie, 3.0, Museums, /Attraction_Review-g3667778-d6630935-Reviews-Mykhail_Ligda_Greek_Pharmacie-Nizhyn_Chernihiv_Oblast.html, /Attractions-g3667778-Activities-Nizhyn_Chernihiv_Oblast.html
Nishyn Savior Transfiguration Church, 3.0, Sights & Landmarks, /Attraction_Review-g3667778-d6515963-Reviews-Nishyn_Savior_Transfiguration_Church-Nizhyn_Chernihiv_Oblast.html, /Attractions-g3667778-Activities-Nizhyn_Chernihiv_Oblast.html
St.Michael’s Greek Church, 4.0, Sights & Landmarks, /Attraction_Review-g3667778-d6756074-Reviews-St_Michael_s_Greek_Church-Nizhyn_Chernihiv_Oblast.html, /Attractions-g3667778-Activities-Nizhyn_Chernihiv_Oblast.html
Greek Magistrate, 3.0, Sights & Landmarks, /Attraction_Review-g3667778-d6630934-Reviews-Greek_Magistrate-Nizhyn_Chernihiv_Oblast.html, /Attractions-g3667778-Activities-Nizhyn_Chernihiv_Oblast.html
St. Trinity Church, 3.0, Sights & Landmarks, /Attraction_Review-g3667778-d6515969-Reviews-St_Trinity_Church-Nizhyn_Chernihiv_Oblast.html, /Attractions-g3667778-Activities-Nizhyn_Chernihiv_Oblast.html
Nizhyn Fortress Ruins, 2.0, Sights & Landmarks, /Attraction_Review-g3667778-d6630920-Reviews-Nizhyn_Fortress_Ruins-Nizhyn_Chernihiv_Oblast.html, /Attractions-g3667778-Activities-Nizhyn_Chernihiv_Oblast.html
Nizhyn Post Station Museum, 4.0, Museums, /Attraction_Review-g3667778-d6640847-Reviews-Nizhyn_Post_Station_Museum-Nizhyn_Chernihiv_Oblast.html, /Attractions-g3667778-Activities-Nizhyn_Chernihiv_Oblast.html
Lenin's Monument, 1.5, Sights & Landmarks, /Attraction_Review-g3667778-d6630941-Reviews-Lenin_s_Monument-Nizhyn_Chernihiv_Oblast.html, /Attractions-g3667778-Activities-Nizhyn_Chernihiv_Oblast.html
Epiphany Cathedral, None, Sights & Landmarks, /Attraction_Review-g3667778-d6515966-Reviews-Epiphany_Cathedral-Nizhyn_Chernihiv_Oblast.html, /Attractions-g3667778-Activities-Nizhyn_Chernihiv_Oblast.html
Vvedenskiy Monastery, None, Sights & Landmarks, /Attraction_Review-g3667778-d6515970-Reviews-Vvedenskiy_Monastery-Nizhyn_Chernihiv_Oblast.html, /Attractions-g3667778-Activities-Nizhyn_Chernihiv_Oblast.html
Monument to the Afgan Soldiers of Nizhyn Area, None, Sights & Landmarks, /Attraction_Review-g3667778-d6767285-Reviews-Monument_to_the_Afgan_Soldiers_of_Nizhyn_Area-Nizhyn_Chernihiv_Oblast.html, /Attractions-g3667778-Activities-Nizhyn_Chernihiv_Oblast.html
Gogol Museum, None, Museums, /Attraction_Review-g3667778-d6628897-Reviews-Gogol_Museum-Nizhyn_Chernihiv_Oblast.html, /Attractions-g3667778-Activities-Nizhyn_Chernihiv_Oblast.html
