attraction_name, attraction_rate, attraction_type, attraction_url, attraction_parent_url
Pokrovskiy Park, 4.5, Nature & Parks, /Attraction_Review-g3174748-d12902415-Reviews-Pokrovskiy_Park-Irpin_Kiev_Oblast.html, /Attractions-g3174748-Activities-Irpin_Kiev_Oblast.html
Naberezhnaya, 5.0, Sights & Landmarks, /Attraction_Review-g3174748-d16814604-Reviews-Naberezhnaya-Irpin_Kiev_Oblast.html, /Attractions-g3174748-Activities-Irpin_Kiev_Oblast.html
Dot 456, None, Sights & Landmarks, /Attraction_Review-g3174748-d15336919-Reviews-Dot_456-Irpin_Kiev_Oblast.html, /Attractions-g3174748-Activities-Irpin_Kiev_Oblast.html
KA4KA Wake Park, None, Boat Tours & Water Sports, /Attraction_Review-g3174748-d21275303-Reviews-KA4KA_Wake_Park-Irpin_Kiev_Oblast.html, /Attractions-g3174748-Activities-Irpin_Kiev_Oblast.html
