attraction_name, attraction_rate, attraction_type, attraction_url, attraction_parent_url
Diorama Sturm Fortress of Izmail, None, Museums, /Attraction_Review-g777828-d9466810-Reviews-Diorama_Sturm_Fortress_of_Izmail-Izmail_Odessa_Oblast.html, /Attractions-g777828-Activities-Izmail_Odessa_Oblast.html
Intercession Cathedral, None, Sights & Landmarks, /Attraction_Review-g777828-d11911370-Reviews-Intercession_Cathedral-Izmail_Odessa_Oblast.html, /Attractions-g777828-Activities-Izmail_Odessa_Oblast.html
Izmail Historical Museum A.V. Suvorov, None, Museums, /Attraction_Review-g777828-d9466809-Reviews-Izmail_Historical_Museum_A_V_Suvorov-Izmail_Odessa_Oblast.html, /Attractions-g777828-Activities-Izmail_Odessa_Oblast.html
Museum of History of Ukrainian Danube Shipping Company, None, Museums, /Attraction_Review-g777828-d11917099-Reviews-Museum_of_History_of_Ukrainian_Danube_Shipping_Company-Izmail_Odessa_Oblast.html, /Attractions-g777828-Activities-Izmail_Odessa_Oblast.html
Izmail Brewery Fest, None, Food & Drink, /Attraction_Review-g777828-d11911329-Reviews-Izmail_Brewery_Fest-Izmail_Odessa_Oblast.html, /Attractions-g777828-Activities-Izmail_Odessa_Oblast.html
Izmail Museum of History and Local Lore of Pridunaviye, None, Museums, /Attraction_Review-g777828-d11917083-Reviews-Izmail_Museum_of_History_and_Local_Lore_of_Pridunaviye-Izmail_Odessa_Oblast.html, /Attractions-g777828-Activities-Izmail_Odessa_Oblast.html
Regional Landscape Park Izmailovskiye Ostrova, None, Nature & Parks, /Attraction_Review-g777828-d9466805-Reviews-Regional_Landscape_Park_Izmailovskiye_Ostrova-Izmail_Odessa_Oblast.html, /Attractions-g777828-Activities-Izmail_Odessa_Oblast.html
Wine Cellar "VINARIA", None, Food & Drink, /Attraction_Review-g777828-d20329077-Reviews-Wine_Cellar_VINARIA-Izmail_Odessa_Oblast.html, /Attractions-g777828-Activities-Izmail_Odessa_Oblast.html
