attraction_name, attraction_rate, attraction_type, attraction_url, attraction_parent_url
Sultan Suleiman Mosque, 5.0, Sights & Landmarks, /Attraction_Review-g298055-d12662454-Reviews-Sultan_Suleiman_Mosque-Mariupol_Donetsk_Oblast.html, /Attractions-g298055-Activities-Mariupol_Donetsk_Oblast.html
Mariupol Art Museum Named After Arkhip Kuindzhi, 4.5, Museums, /Attraction_Review-g298055-d10053163-Reviews-Mariupol_Art_Museum_Named_After_Arkhip_Kuindzhi-Mariupol_Donetsk_Oblast.html, /Attractions-g298055-Activities-Mariupol_Donetsk_Oblast.html
Mariupol City Garden, 4.5, Nature & Parks, /Attraction_Review-g298055-d13130254-Reviews-Mariupol_City_Garden-Mariupol_Donetsk_Oblast.html, /Attractions-g298055-Activities-Mariupol_Donetsk_Oblast.html
PortCity, 5.0, Shopping, /Attraction_Review-g298055-d14892263-Reviews-PortCity-Mariupol_Donetsk_Oblast.html, /Attractions-g298055-Activities-Mariupol_Donetsk_Oblast.html
Mariupol Zoo, 3.0, Zoos & Aquariums, /Attraction_Review-g298055-d12694368-Reviews-Mariupol_Zoo-Mariupol_Donetsk_Oblast.html, /Attractions-g298055-Activities-Mariupol_Donetsk_Oblast.html
Extreme Park, 4.0, Water & Amusement Parks, /Attraction_Review-g298055-d15070158-Reviews-Extreme_Park-Mariupol_Donetsk_Oblast.html, /Attractions-g298055-Activities-Mariupol_Donetsk_Oblast.html
City Theater Square, 3.5, Nature & Parks, /Attraction_Review-g298055-d13130301-Reviews-City_Theater_Square-Mariupol_Donetsk_Oblast.html, /Attractions-g298055-Activities-Mariupol_Donetsk_Oblast.html
ROOMS Playstation Club, 5.0, Fun & Games, /Attraction_Review-g298055-d13144597-Reviews-ROOMS_Playstation_Club-Mariupol_Donetsk_Oblast.html, /Attractions-g298055-Activities-Mariupol_Donetsk_Oblast.html
XRoom Reality Quest, 5.0, Fun & Games, /Attraction_Review-g298055-d15091941-Reviews-XRoom_Reality_Quest-Mariupol_Donetsk_Oblast.html, /Attractions-g298055-Activities-Mariupol_Donetsk_Oblast.html
1880 Cocktail Bar, 5.0, Nightlife, /Attraction_Review-g298055-d20205697-Reviews-1880_Cocktail_Bar-Mariupol_Donetsk_Oblast.html, /Attractions-g298055-Activities-Mariupol_Donetsk_Oblast.html
Quest Project Izolyatsiya, 3.0, Fun & Games, /Attraction_Review-g298055-d12621712-Reviews-Quest_Project_Izolyatsiya-Mariupol_Donetsk_Oblast.html, /Attractions-g298055-Activities-Mariupol_Donetsk_Oblast.html
Savona, 3.0, Fun & Games, /Attraction_Review-g298055-d14892369-Reviews-Savona-Mariupol_Donetsk_Oblast.html, /Attractions-g298055-Activities-Mariupol_Donetsk_Oblast.html
Bowling Club BomBay, None, Fun & Games, /Attraction_Review-g298055-d14891835-Reviews-Bowling_Club_BomBay-Mariupol_Donetsk_Oblast.html, /Attractions-g298055-Activities-Mariupol_Donetsk_Oblast.html
Fly Kids, None, Water & Amusement Parks, /Attraction_Review-g298055-d19760741-Reviews-Fly_Kids-Mariupol_Donetsk_Oblast.html, /Attractions-g298055-Activities-Mariupol_Donetsk_Oblast.html
Computer Club Virus, None, Fun & Games, /Attraction_Review-g298055-d21383099-Reviews-Computer_Club_Virus-Mariupol_Donetsk_Oblast.html, /Attractions-g298055-Activities-Mariupol_Donetsk_Oblast.html
