attraction_name, attraction_rate, attraction_type, attraction_url, attraction_parent_url
Church of the Nativity of the Blessed Virgin, 5.0, Sights & Landmarks, /Attraction_Review-g1072134-d7306385-Reviews-Church_of_the_Nativity_of_the_Blessed_Virgin-Sambir_Lviv_Oblast.html, /Attractions-g1072134-Activities-Sambir_Lviv_Oblast.html
Town Hall, 4.0, Sights & Landmarks, /Attraction_Review-g1072134-d9738242-Reviews-Town_Hall-Sambir_Lviv_Oblast.html, /Attractions-g1072134-Activities-Sambir_Lviv_Oblast.html
Museum Lesya Kurbasa, None, Museums, /Attraction_Review-g1072134-d9738207-Reviews-Museum_Lesya_Kurbasa-Sambir_Lviv_Oblast.html, /Attractions-g1072134-Activities-Sambir_Lviv_Oblast.html
Church of St. John the Baptist, None, Sights & Landmarks, /Attraction_Review-g1072134-d9738203-Reviews-Church_of_St_John_the_Baptist-Sambir_Lviv_Oblast.html, /Attractions-g1072134-Activities-Sambir_Lviv_Oblast.html
Historical and Ethnographic Museum Boikivshhina, None, Museums, /Attraction_Review-g1072134-d9738239-Reviews-Historical_and_Ethnographic_Museum_Boikivshhina-Sambir_Lviv_Oblast.html, /Attractions-g1072134-Activities-Sambir_Lviv_Oblast.html
Museum of Hetman Sagaidachnogo P.Konashevicha, None, Museums, /Attraction_Review-g1072134-d9737837-Reviews-Museum_of_Hetman_Sagaidachnogo_P_Konashevicha-Sambir_Lviv_Oblast.html, /Attractions-g1072134-Activities-Sambir_Lviv_Oblast.html
Ostrich Farm Bilak, None, Food & Drink, /Attraction_Review-g1072134-d9737856-Reviews-Ostrich_Farm_Bilak-Sambir_Lviv_Oblast.html, /Attractions-g1072134-Activities-Sambir_Lviv_Oblast.html
