attraction_name, attraction_rate, attraction_type, attraction_url, attraction_parent_url
Solenoye Lake, None, Nature & Parks, /Attraction_Review-g6277188-d12288164-Reviews-Solenoye_Lake-Schastlivtsevo_Kherson_Oblast.html, /Attractions-g6277188-Activities-Schastlivtsevo_Kherson_Oblast.html
Safari Park, None, Zoos & Aquariums, /Attraction_Review-g6277188-d12290890-Reviews-Safari_Park-Schastlivtsevo_Kherson_Oblast.html, /Attractions-g6277188-Activities-Schastlivtsevo_Kherson_Oblast.html
Hot Spring, None, Sights & Landmarks, /Attraction_Review-g6277188-d17624495-Reviews-Hot_Spring-Schastlivtsevo_Kherson_Oblast.html, /Attractions-g6277188-Activities-Schastlivtsevo_Kherson_Oblast.html
Zyablivske Lake, None, Nature & Parks, /Attraction_Review-g6277188-d21027881-Reviews-Zyablivske_Lake-Schastlivtsevo_Kherson_Oblast.html, /Attractions-g6277188-Activities-Schastlivtsevo_Kherson_Oblast.html
