attraction_name, attraction_rate, attraction_type, attraction_url, attraction_parent_url
Mount Pip Ivan, None, Nature & Parks, /Attraction_Review-g2360780-d9599285-Reviews-Mount_Pip_Ivan-Verkhovyna_Verkhovyns_kyi_District_Ivano_Frankivsk_Oblast.html, /Attractions-g2360780-Activities-Verkhovyna_Verkhovyns_kyi_District_Ivano_Frankivsk_Oblast.html
Museum of Gutsulsk Magic, None, Museums, /Attraction_Review-g2360780-d9599419-Reviews-Museum_of_Gutsulsk_Magic-Verkhovyna_Verkhovyns_kyi_District_Ivano_Frankivsk_Obla.html, /Attractions-g2360780-Activities-Verkhovyna_Verkhovyns_kyi_District_Ivano_Frankivsk_Oblast.html
House-museum Film Shadows of Forgotten Ancestors, None, Museums, /Attraction_Review-g2360780-d9599490-Reviews-House_museum_Film_Shadows_of_Forgotten_Ancestors-Verkhovyna_Verkhovyns_kyi_Distr.html, /Attractions-g2360780-Activities-Verkhovyna_Verkhovyns_kyi_District_Ivano_Frankivsk_Oblast.html
Museum of Musical Instruments. R.Kumlika, None, Museums, /Attraction_Review-g2360780-d9599517-Reviews-Museum_of_Musical_Instruments_R_Kumlika-Verkhovyna_Verkhovyns_kyi_District_Ivano.html, /Attractions-g2360780-Activities-Verkhovyna_Verkhovyns_kyi_District_Ivano_Frankivsk_Oblast.html
Museum "Gallery of Traditions and Rituals", None, Museums, /Attraction_Review-g2360780-d13758374-Reviews-Museum_Gallery_of_Traditions_and_Rituals-Verkhovyna_Verkhovyns_kyi_District_Iva.html, /Attractions-g2360780-Activities-Verkhovyna_Verkhovyns_kyi_District_Ivano_Frankivsk_Oblast.html
Brewery Verkhovyna, None, Food & Drink, /Attraction_Review-g2360780-d12182093-Reviews-Brewery_Verkhovyna-Verkhovyna_Verkhovyns_kyi_District_Ivano_Frankivsk_Oblast.html, /Attractions-g2360780-Activities-Verkhovyna_Verkhovyns_kyi_District_Ivano_Frankivsk_Oblast.html
Museum of Hutsul Lifa and Art "At Trembitar's", None, Museums, /Attraction_Review-g2360780-d13794682-Reviews-Museum_of_Hutsul_Lifa_and_Art_At_Trembitar_s-Verkhovyna_Verkhovyns_kyi_District.html, /Attractions-g2360780-Activities-Verkhovyna_Verkhovyns_kyi_District_Ivano_Frankivsk_Oblast.html
Museum of Gutsulshhina, None, Museums, /Attraction_Review-g2360780-d12225152-Reviews-Museum_of_Gutsulshhina-Verkhovyna_Verkhovyns_kyi_District_Ivano_Frankivsk_Oblas.html, /Attractions-g2360780-Activities-Verkhovyna_Verkhovyns_kyi_District_Ivano_Frankivsk_Oblast.html
Muzey Prykladnoho Mystetstva Vynohray, None, Museums, /Attraction_Review-g2360780-d20329589-Reviews-Muzey_Prykladnoho_Mystetstva_Vynohray-Verkhovyna_Verkhovyns_kyi_District_Ivano_.html, /Attractions-g2360780-Activities-Verkhovyna_Verkhovyns_kyi_District_Ivano_Frankivsk_Oblast.html
Polonina Lukovitsya, None, Sights & Landmarks, /Attraction_Review-g2360780-d18716071-Reviews-Polonina_Lukovitsya-Verkhovyna_Verkhovyns_kyi_District_Ivano_Frankivsk_Oblast.html, /Attractions-g2360780-Activities-Verkhovyna_Verkhovyns_kyi_District_Ivano_Frankivsk_Oblast.html
