attraction_name, attraction_rate, attraction_type, attraction_url, attraction_parent_url
Kryvyy Rih Botanical Garden, 4.5, Nature & Parks, /Attraction_Review-g298053-d12105251-Reviews-Kryvyy_Rih_Botanical_Garden-Kryvyy_Rih_Dnipropetrovsk_Oblast.html, /Attractions-g298053-Activities-Kryvyy_Rih_Dnipropetrovsk_Oblast.html
Park of Gazeta Pravda, 4.5, Nature & Parks, /Attraction_Review-g298053-d8627965-Reviews-Park_of_Gazeta_Pravda-Kryvyy_Rih_Dnipropetrovsk_Oblast.html, /Attractions-g298053-Activities-Kryvyy_Rih_Dnipropetrovsk_Oblast.html
Spaso-Preobrazhensky Cathedral, 4.0, Sights & Landmarks, /Attraction_Review-g298053-d9712708-Reviews-Spaso_Preobrazhensky_Cathedral-Kryvyy_Rih_Dnipropetrovsk_Oblast.html, /Attractions-g298053-Activities-Kryvyy_Rih_Dnipropetrovsk_Oblast.html
Krivoi Rog Glavny, 3.5, Sights & Landmarks, /Attraction_Review-g298053-d16746284-Reviews-Krivoi_Rog_Glavny-Kryvyy_Rih_Dnipropetrovsk_Oblast.html, /Attractions-g298053-Activities-Kryvyy_Rih_Dnipropetrovsk_Oblast.html
Private Tours Kryvyi Rih city&& Ukraine (Industrial tours) / Duolingo English speaking club at Kryvyi Rih&& Ukraine, 5.0, Tours, /Attraction_Review-g298053-d17664690-Reviews-Private_Tours_Kryvyi_Rih_city_Ukraine_Industrial_tours_Duolingo_English_speaking.html, /Attractions-g298053-Activities-Kryvyy_Rih_Dnipropetrovsk_Oblast.html
QuestLife, 5.0, Fun & Games, /Attraction_Review-g298053-d8705306-Reviews-QuestLife-Kryvyy_Rih_Dnipropetrovsk_Oblast.html, /Attractions-g298053-Activities-Kryvyy_Rih_Dnipropetrovsk_Oblast.html
FUN PARK, 3.5, Fun & Games, /Attraction_Review-g298053-d19896945-Reviews-FUN_PARK-Kryvyy_Rih_Dnipropetrovsk_Oblast.html, /Attractions-g298053-Activities-Kryvyy_Rih_Dnipropetrovsk_Oblast.html
Museum of Labour Glory of YUGOK, 5.0, Museums, /Attraction_Review-g298053-d20325955-Reviews-Museum_of_Labour_Glory_of_YUGOK-Kryvyy_Rih_Dnipropetrovsk_Oblast.html, /Attractions-g298053-Activities-Kryvyy_Rih_Dnipropetrovsk_Oblast.html
Nika Beauty, 5.0, Spas & Wellness, /Attraction_Review-g298053-d19240571-Reviews-Nika_Beauty-Kryvyy_Rih_Dnipropetrovsk_Oblast.html, /Attractions-g298053-Activities-Kryvyy_Rih_Dnipropetrovsk_Oblast.html
Beauty Facroy, 5.0, Spas & Wellness, /Attraction_Review-g298053-d12686002-Reviews-Beauty_Facroy-Kryvyy_Rih_Dnipropetrovsk_Oblast.html, /Attractions-g298053-Activities-Kryvyy_Rih_Dnipropetrovsk_Oblast.html
Rope Park LEN V PEN, 3.0, Tours, /Attraction_Review-g298053-d7854840-Reviews-Rope_Park_LEN_V_PEN-Kryvyy_Rih_Dnipropetrovsk_Oblast.html, /Attractions-g298053-Activities-Kryvyy_Rih_Dnipropetrovsk_Oblast.html
Quest Out, 5.0, Fun & Games, /Attraction_Review-g298053-d7299201-Reviews-Quest_Out-Kryvyy_Rih_Dnipropetrovsk_Oblast.html, /Attractions-g298053-Activities-Kryvyy_Rih_Dnipropetrovsk_Oblast.html
Svyatoshin, 3.5, Nightlife, /Attraction_Review-g298053-d10024412-Reviews-Svyatoshin-Kryvyy_Rih_Dnipropetrovsk_Oblast.html, /Attractions-g298053-Activities-Kryvyy_Rih_Dnipropetrovsk_Oblast.html
Fly  Kids, 1.0, Water & Amusement Parks, /Attraction_Review-g298053-d19760674-Reviews-Fly_Kids-Kryvyy_Rih_Dnipropetrovsk_Oblast.html, /Attractions-g298053-Activities-Kryvyy_Rih_Dnipropetrovsk_Oblast.html
True Detective Riddle Room, None, Fun & Games, /Attraction_Review-g298053-d9462800-Reviews-True_Detective_Riddle_Room-Kryvyy_Rih_Dnipropetrovsk_Oblast.html, /Attractions-g298053-Activities-Kryvyy_Rih_Dnipropetrovsk_Oblast.html
Garage Club, 2.0, Nightlife, /Attraction_Review-g298053-d13955769-Reviews-Garage_Club-Kryvyy_Rih_Dnipropetrovsk_Oblast.html, /Attractions-g298053-Activities-Kryvyy_Rih_Dnipropetrovsk_Oblast.html
Synagogue Beys Shtern Shulman, None, Sights & Landmarks, /Attraction_Review-g298053-d16783462-Reviews-Synagogue_Beys_Shtern_Shulman-Kryvyy_Rih_Dnipropetrovsk_Oblast.html, /Attractions-g298053-Activities-Kryvyy_Rih_Dnipropetrovsk_Oblast.html
Yamasaki Academy, None, Classes & Workshops, /Attraction_Review-g298053-d19761461-Reviews-Yamasaki_Academy-Kryvyy_Rih_Dnipropetrovsk_Oblast.html, /Attractions-g298053-Activities-Kryvyy_Rih_Dnipropetrovsk_Oblast.html
Esenin Karaoke &amp; Club, None, Nightlife, /Attraction_Review-g298053-d19910461-Reviews-Esenin_Karaoke_Club-Kryvyy_Rih_Dnipropetrovsk_Oblast.html, /Attractions-g298053-Activities-Kryvyy_Rih_Dnipropetrovsk_Oblast.html
Mad Brothers, None, Concerts & Shows, /Attraction_Review-g298053-d19993451-Reviews-Mad_Brothers-Kryvyy_Rih_Dnipropetrovsk_Oblast.html, /Attractions-g298053-Activities-Kryvyy_Rih_Dnipropetrovsk_Oblast.html
Kryvyi Rih Helicopter Tour, None, Tours, /Attraction_Review-g298053-d21306813-Reviews-Kryvyi_Rih_Helicopter_Tour-Kryvyy_Rih_Dnipropetrovsk_Oblast.html, /Attractions-g298053-Activities-Kryvyy_Rih_Dnipropetrovsk_Oblast.html
CharterTickets, None, Tours, /Attraction_Review-g298053-d20291382-Reviews-CharterTickets-Kryvyy_Rih_Dnipropetrovsk_Oblast.html, /Attractions-g298053-Activities-Kryvyy_Rih_Dnipropetrovsk_Oblast.html
Cybersport Club Legion, None, Fun & Games, /Attraction_Review-g298053-d22951828-Reviews-Cybersport_Club_Legion-Kryvyy_Rih_Dnipropetrovsk_Oblast.html, /Attractions-g298053-Activities-Kryvyy_Rih_Dnipropetrovsk_Oblast.html
