attraction_name, attraction_rate, attraction_type, attraction_url, attraction_parent_url
Lypcha Deer Farm, 4.5, Sights & Landmarks, /Attraction_Review-g3176267-d3680107-Reviews-Lypcha_Deer_Farm-Khust_Zakarpattia_Oblast.html, /Attractions-g3176267-Activities-Khust_Zakarpattia_Oblast.html
Khust Ostrich Farm, 4.5, Sights & Landmarks, /Attraction_Review-g3176267-d3680108-Reviews-Khust_Ostrich_Farm-Khust_Zakarpattia_Oblast.html, /Attractions-g3176267-Activities-Khust_Zakarpattia_Oblast.html
Khustskiy Castle, 4.0, Sights & Landmarks, /Attraction_Review-g3176267-d3177737-Reviews-Khustskiy_Castle-Khust_Zakarpattia_Oblast.html, /Attractions-g3176267-Activities-Khust_Zakarpattia_Oblast.html
Khust Synagogue, 5.0, Sights & Landmarks, /Attraction_Review-g3176267-d6570768-Reviews-Khust_Synagogue-Khust_Zakarpattia_Oblast.html, /Attractions-g3176267-Activities-Khust_Zakarpattia_Oblast.html
St. Elizabeth Fortress-Church, 5.0, Sights & Landmarks, /Attraction_Review-g3176267-d3177747-Reviews-St_Elizabeth_Fortress_Church-Khust_Zakarpattia_Oblast.html, /Attractions-g3176267-Activities-Khust_Zakarpattia_Oblast.html
St. Cyril and St Methodius Cathedral, 5.0, Sights & Landmarks, /Attraction_Review-g3176267-d12583342-Reviews-St_Cyril_and_St_Methodius_Cathedral-Khust_Zakarpattia_Oblast.html, /Attractions-g3176267-Activities-Khust_Zakarpattia_Oblast.html
Khust Regional History Museum, 3.5, Museums, /Attraction_Review-g3176267-d3680109-Reviews-Khust_Regional_History_Museum-Khust_Zakarpattia_Oblast.html, /Attractions-g3176267-Activities-Khust_Zakarpattia_Oblast.html
