attraction_name, attraction_rate, attraction_type, attraction_url, attraction_parent_url
Khortitsa National Nature Reserve, None, Nature & Parks, /Attraction_Review-g298049-d2416657-Reviews-Khortitsa_National_Nature_Reserve-Zaporizhzhya_Zaporizhia_Oblast.html, /Attractions-g298049-Activities-Zaporizhzhya_Zaporizhia_Oblast.html
Faeton Retro Cars Museum, None, Museums, /Attraction_Review-g298049-d6564926-Reviews-Faeton_Retro_Cars_Museum-Zaporizhzhya_Zaporizhia_Oblast.html, /Attractions-g298049-Activities-Zaporizhzhya_Zaporizhia_Oblast.html
Motor Sich Aviation Museum, None, Museums, /Attraction_Review-g298049-d6755963-Reviews-Motor_Sich_Aviation_Museum-Zaporizhzhya_Zaporizhia_Oblast.html, /Attractions-g298049-Activities-Zaporizhzhya_Zaporizhia_Oblast.html
The Historical and Cultural Complex Zaporizhian Sich, None, Museums, /Attraction_Review-g298049-d7834915-Reviews-The_Historical_and_Cultural_Complex_Zaporizhian_Sich-Zaporizhzhya_Zaporizhia_Obla.html, /Attractions-g298049-Activities-Zaporizhzhya_Zaporizhia_Oblast.html
Zaporizhzhya City Children Botanic Gardens, None, Nature & Parks, /Attraction_Review-g298049-d6828013-Reviews-Zaporizhzhya_City_Children_Botanic_Gardens-Zaporizhzhya_Zaporizhia_Oblast.html, /Attractions-g298049-Activities-Zaporizhzhya_Zaporizhia_Oblast.html
Dnieper Hydroelectric Station, None, Sights & Landmarks, /Attraction_Review-g298049-d6429411-Reviews-Dnieper_Hydroelectric_Station-Zaporizhzhya_Zaporizhia_Oblast.html, /Attractions-g298049-Activities-Zaporizhzhya_Zaporizhia_Oblast.html
Soborny Avenue, None, Sights & Landmarks, /Attraction_Review-g298049-d6425854-Reviews-Soborny_Avenue-Zaporizhzhya_Zaporizhia_Oblast.html, /Attractions-g298049-Activities-Zaporizhzhya_Zaporizhia_Oblast.html
Zaporizhzhya Children Railway, None, Tours, /Attraction_Review-g298049-d6940834-Reviews-Zaporizhzhya_Children_Railway-Zaporizhzhya_Zaporizhia_Oblast.html, /Attractions-g298049-Activities-Zaporizhzhya_Zaporizhia_Oblast.html
Fleek's Museum of Science, None, Museums, /Attraction_Review-g298049-d14514789-Reviews-Fleek_s_Museum_of_Science-Zaporizhzhya_Zaporizhia_Oblast.html, /Attractions-g298049-Activities-Zaporizhzhya_Zaporizhia_Oblast.html
Rainbow Fountains Cascade, None, Sights & Landmarks, /Attraction_Review-g298049-d6984089-Reviews-Rainbow_Fountains_Cascade-Zaporizhzhya_Zaporizhia_Oblast.html, /Attractions-g298049-Activities-Zaporizhzhya_Zaporizhia_Oblast.html
