attraction_name, attraction_rate, attraction_type, attraction_url, attraction_parent_url
Kirovohrad Arboretum, None, Nature & Parks, /Attraction_Review-g298056-d4999913-Reviews-Kirovohrad_Arboretum-Kropyvnytskyi_Kirovohrad_Oblast.html, /Attractions-g298056-Activities-Kropyvnytskyi_Kirovohrad_Oblast.html
Kropivnitsky Kirovohrad Ukraine Music Drama Theatre, None, Concerts & Shows, /Attraction_Review-g298056-d6835007-Reviews-Kropivnitsky_Kirovohrad_Ukraine_Music_Drama_Theatre-Kropyvnytskyi_Kirovohrad_Obla.html, /Attractions-g298056-Activities-Kropyvnytskyi_Kirovohrad_Oblast.html
Ukraine Guardian Angel, None, Sights & Landmarks, /Attraction_Review-g298056-d6782391-Reviews-Ukraine_Guardian_Angel-Kropyvnytskyi_Kirovohrad_Oblast.html, /Attractions-g298056-Activities-Kropyvnytskyi_Kirovohrad_Oblast.html
Kirovohrad Art Museum, None, Museums, /Attraction_Review-g298056-d6782369-Reviews-Kirovohrad_Art_Museum-Kropyvnytskyi_Kirovohrad_Oblast.html, /Attractions-g298056-Activities-Kropyvnytskyi_Kirovohrad_Oblast.html
Church Protection of the Holy Virgin, None, Sights & Landmarks, /Attraction_Review-g298056-d6835202-Reviews-Church_Protection_of_the_Holy_Virgin-Kropyvnytskyi_Kirovohrad_Oblast.html, /Attractions-g298056-Activities-Kropyvnytskyi_Kirovohrad_Oblast.html
Scythian Statues Open Air Exhibition, None, Sights & Landmarks, /Attraction_Review-g298056-d6881928-Reviews-Scythian_Statues_Open_Air_Exhibition-Kropyvnytskyi_Kirovohrad_Oblast.html, /Attractions-g298056-Activities-Kropyvnytskyi_Kirovohrad_Oblast.html
Transfiguration Cathedral, None, Sights & Landmarks, /Attraction_Review-g298056-d6782383-Reviews-Transfiguration_Cathedral-Kropyvnytskyi_Kirovohrad_Oblast.html, /Attractions-g298056-Activities-Kropyvnytskyi_Kirovohrad_Oblast.html
Elisavetgrad Jews Museum, None, Museums, /Attraction_Review-g298056-d6782377-Reviews-Elisavetgrad_Jews_Museum-Kropyvnytskyi_Kirovohrad_Oblast.html, /Attractions-g298056-Activities-Kropyvnytskyi_Kirovohrad_Oblast.html
Elisavetgrad Art Gallery, None, Museums, /Attraction_Review-g298056-d6835193-Reviews-Elisavetgrad_Art_Gallery-Kropyvnytskyi_Kirovohrad_Oblast.html, /Attractions-g298056-Activities-Kropyvnytskyi_Kirovohrad_Oblast.html
Kovalevsky Park, None, Nature & Parks, /Attraction_Review-g298056-d6856780-Reviews-Kovalevsky_Park-Kropyvnytskyi_Kirovohrad_Oblast.html, /Attractions-g298056-Activities-Kropyvnytskyi_Kirovohrad_Oblast.html
