attraction_name, attraction_rate, attraction_type, attraction_url, attraction_parent_url
Kamenet's Podolsky Castle, 4.5, Sights & Landmarks, /Attraction_Review-g659293-d1953976-Reviews-Kamenet_s_Podolsky_Castle-Kamianets_Podilskyi_Khmelnytskyi_Oblast.html, /Attractions-g659293-Activities-Kamianets_Podilskyi_Khmelnytskyi_Oblast.html
Bakota/ Submerged Settlement and Remains of Ancient Cave Monastery, 5.0, Nature & Parks, /Attraction_Review-g659293-d4939811-Reviews-Bakota_Submerged_Settlement_and_Remains_of_Ancient_Cave_Monastery-Kamianets_Podil.html, /Attractions-g659293-Activities-Kamianets_Podilskyi_Khmelnytskyi_Oblast.html
The Smotrych River Canyon, 5.0, Nature & Parks, /Attraction_Review-g659293-d6942987-Reviews-The_Smotrych_River_Canyon-Kamianets_Podilskyi_Khmelnytskyi_Oblast.html, /Attractions-g659293-Activities-Kamianets_Podilskyi_Khmelnytskyi_Oblast.html
Cathedral of the Saints Peter and Paul, 5.0, Sights & Landmarks, /Attraction_Review-g659293-d6787793-Reviews-Cathedral_of_the_Saints_Peter_and_Paul-Kamianets_Podilskyi_Khmelnytskyi_Oblast.html, /Attractions-g659293-Activities-Kamianets_Podilskyi_Khmelnytskyi_Oblast.html
Museum of Miniatures Castles of Ukraine, 4.5, Museums, /Attraction_Review-g659293-d12667704-Reviews-Museum_of_Miniatures_Castles_of_Ukraine-Kamianets_Podilskyi_Khmelnytskyi_Oblast.html, /Attractions-g659293-Activities-Kamianets_Podilskyi_Khmelnytskyi_Oblast.html
Turkish Minaret, 4.5, Sights & Landmarks, /Attraction_Review-g659293-d6637942-Reviews-Turkish_Minaret-Kamianets_Podilskyi_Khmelnytskyi_Oblast.html, /Attractions-g659293-Activities-Kamianets_Podilskyi_Khmelnytskyi_Oblast.html
Dominican Monastery of St. Nicholas, 4.5, Sights & Landmarks, /Attraction_Review-g659293-d6598039-Reviews-Dominican_Monastery_of_St_Nicholas-Kamianets_Podilskyi_Khmelnytskyi_Oblast.html, /Attractions-g659293-Activities-Kamianets_Podilskyi_Khmelnytskyi_Oblast.html
Church of the Exaltation of the Cross, 5.0, Sights & Landmarks, /Attraction_Review-g659293-d4939798-Reviews-Church_of_the_Exaltation_of_the_Cross-Kamianets_Podilskyi_Khmelnytskyi_Oblast.html, /Attractions-g659293-Activities-Kamianets_Podilskyi_Khmelnytskyi_Oblast.html
Alexander Nevskiy Church, 4.5, Sights & Landmarks, /Attraction_Review-g659293-d6598286-Reviews-Alexander_Nevskiy_Church-Kamianets_Podilskyi_Khmelnytskyi_Oblast.html, /Attractions-g659293-Activities-Kamianets_Podilskyi_Khmelnytskyi_Oblast.html
Novoplanivskiy Bridge, 4.5, Sights & Landmarks, /Attraction_Review-g659293-d6619199-Reviews-Novoplanivskiy_Bridge-Kamianets_Podilskyi_Khmelnytskyi_Oblast.html, /Attractions-g659293-Activities-Kamianets_Podilskyi_Khmelnytskyi_Oblast.html
Kamenetz-Podolskiy Historical Museum, 4.5, Museums, /Attraction_Review-g659293-d6479375-Reviews-Kamenetz_Podolskiy_Historical_Museum-Kamianets_Podilskyi_Khmelnytskyi_Oblast.html, /Attractions-g659293-Activities-Kamianets_Podilskyi_Khmelnytskyi_Oblast.html
Kamianets-Podilskyi Gallery of Arts, 5.0, Sights & Landmarks, /Attraction_Review-g659293-d6523301-Reviews-Kamianets_Podilskyi_Gallery_of_Arts-Kamianets_Podilskyi_Khmelnytskyi_Oblast.html, /Attractions-g659293-Activities-Kamianets_Podilskyi_Khmelnytskyi_Oblast.html
Cave Atlantida, 5.0, Nature & Parks, /Attraction_Review-g659293-d9817145-Reviews-Cave_Atlantida-Kamianets_Podilskyi_Khmelnytskyi_Oblast.html, /Attractions-g659293-Activities-Kamianets_Podilskyi_Khmelnytskyi_Oblast.html
City Hall, 4.5, Sights & Landmarks, /Attraction_Review-g659293-d6523298-Reviews-City_Hall-Kamianets_Podilskyi_Khmelnytskyi_Oblast.html, /Attractions-g659293-Activities-Kamianets_Podilskyi_Khmelnytskyi_Oblast.html
The Russian Gate With Fortifications, 4.5, Sights & Landmarks, /Attraction_Review-g659293-d6619204-Reviews-The_Russian_Gate_With_Fortifications-Kamianets_Podilskyi_Khmelnytskyi_Oblast.html, /Attractions-g659293-Activities-Kamianets_Podilskyi_Khmelnytskyi_Oblast.html
Kollektsioner, 5.0, Museums, /Attraction_Review-g659293-d15111500-Reviews-Kollektsioner-Kamianets_Podilskyi_Khmelnytskyi_Oblast.html, /Attractions-g659293-Activities-Kamianets_Podilskyi_Khmelnytskyi_Oblast.html
National Historical and Architectural Reserve Kamyanets, 5.0, Sights & Landmarks, /Attraction_Review-g659293-d8490106-Reviews-National_Historical_and_Architectural_Reserve_Kamyanets-Kamianets_Podilskyi_Khmel.html, /Attractions-g659293-Activities-Kamianets_Podilskyi_Khmelnytskyi_Oblast.html
St. Nicolas Armenian Church, 4.5, Sights & Landmarks, /Attraction_Review-g659293-d6598285-Reviews-St_Nicolas_Armenian_Church-Kamianets_Podilskyi_Khmelnytskyi_Oblast.html, /Attractions-g659293-Activities-Kamianets_Podilskyi_Khmelnytskyi_Oblast.html
St. George Cathedral, 4.5, Sights & Landmarks, /Attraction_Review-g659293-d6598288-Reviews-St_George_Cathedral-Kamianets_Podilskyi_Khmelnytskyi_Oblast.html, /Attractions-g659293-Activities-Kamianets_Podilskyi_Khmelnytskyi_Oblast.html
St. Josafat Trinitarian Cathedral, 4.5, Sights & Landmarks, /Attraction_Review-g659293-d6596406-Reviews-St_Josafat_Trinitarian_Cathedral-Kamianets_Podilskyi_Khmelnytskyi_Oblast.html, /Attractions-g659293-Activities-Kamianets_Podilskyi_Khmelnytskyi_Oblast.html
Lower Polish Gates, 4.5, Sights & Landmarks, /Attraction_Review-g659293-d6619376-Reviews-Lower_Polish_Gates-Kamianets_Podilskyi_Khmelnytskyi_Oblast.html, /Attractions-g659293-Activities-Kamianets_Podilskyi_Khmelnytskyi_Oblast.html
Strimka Lan Bridge, 5.0, Sights & Landmarks, /Attraction_Review-g659293-d6767343-Reviews-Strimka_Lan_Bridge-Kamianets_Podilskyi_Khmelnytskyi_Oblast.html, /Attractions-g659293-Activities-Kamianets_Podilskyi_Khmelnytskyi_Oblast.html
Farenholts Stairs, 4.5, Sights & Landmarks, /Attraction_Review-g659293-d6619205-Reviews-Farenholts_Stairs-Kamianets_Podilskyi_Khmelnytskyi_Oblast.html, /Attractions-g659293-Activities-Kamianets_Podilskyi_Khmelnytskyi_Oblast.html
Armenian Well, 4.0, Sights & Landmarks, /Attraction_Review-g659293-d6598038-Reviews-Armenian_Well-Kamianets_Podilskyi_Khmelnytskyi_Oblast.html, /Attractions-g659293-Activities-Kamianets_Podilskyi_Khmelnytskyi_Oblast.html
Honcharna Tower, 4.5, Sights & Landmarks, /Attraction_Review-g659293-d6619372-Reviews-Honcharna_Tower-Kamianets_Podilskyi_Khmelnytskyi_Oblast.html, /Attractions-g659293-Activities-Kamianets_Podilskyi_Khmelnytskyi_Oblast.html
Church of Peter and Paul, 4.5, Sights & Landmarks, /Attraction_Review-g659293-d6598426-Reviews-Church_of_Peter_and_Paul-Kamianets_Podilskyi_Khmelnytskyi_Oblast.html, /Attractions-g659293-Activities-Kamianets_Podilskyi_Khmelnytskyi_Oblast.html
Mourning Jesus Statue, 4.5, Sights & Landmarks, /Attraction_Review-g659293-d6767276-Reviews-Mourning_Jesus_Statue-Kamianets_Podilskyi_Khmelnytskyi_Oblast.html, /Attractions-g659293-Activities-Kamianets_Podilskyi_Khmelnytskyi_Oblast.html
The Table of Consent, 4.5, Sights & Landmarks, /Attraction_Review-g659293-d6619381-Reviews-The_Table_of_Consent-Kamianets_Podilskyi_Khmelnytskyi_Oblast.html, /Attractions-g659293-Activities-Kamianets_Podilskyi_Khmelnytskyi_Oblast.html
Podilski Tovtry National Nature Park, 4.5, Nature & Parks, /Attraction_Review-g659293-d6762477-Reviews-Podilski_Tovtry_National_Nature_Park-Kamianets_Podilskyi_Khmelnytskyi_Oblast.html, /Attractions-g659293-Activities-Kamianets_Podilskyi_Khmelnytskyi_Oblast.html
Kushnirska Stefana Batoryya Tower, 4.5, Sights & Landmarks, /Attraction_Review-g659293-d6767267-Reviews-Kushnirska_Stefana_Batoryya_Tower-Kamianets_Podilskyi_Khmelnytskyi_Oblast.html, /Attractions-g659293-Activities-Kamianets_Podilskyi_Khmelnytskyi_Oblast.html
