attraction_name, attraction_rate, attraction_type, attraction_url, attraction_parent_url
National Park Skole Beskids, None, Nature & Parks, /Attraction_Review-g3737821-d9712665-Reviews-National_Park_Skole_Beskids-Skole_Skolivs_kyi_District_Lviv_Oblast.html, /Attractions-g3737821-Activities-Skole_Skolivs_kyi_District_Lviv_Oblast.html
Mount Parashka, None, Outdoor Activities, /Attraction_Review-g3737821-d9712646-Reviews-Mount_Parashka-Skole_Skolivs_kyi_District_Lviv_Oblast.html, /Attractions-g3737821-Activities-Skole_Skolivs_kyi_District_Lviv_Oblast.html
Kamenets Waterfall, None, Nature & Parks, /Attraction_Review-g3737821-d8776613-Reviews-Kamenets_Waterfall-Skole_Skolivs_kyi_District_Lviv_Oblast.html, /Attractions-g3737821-Activities-Skole_Skolivs_kyi_District_Lviv_Oblast.html
Waterfall Gurkalo, None, Nature & Parks, /Attraction_Review-g3737821-d9712648-Reviews-Waterfall_Gurkalo-Skole_Skolivs_kyi_District_Lviv_Oblast.html, /Attractions-g3737821-Activities-Skole_Skolivs_kyi_District_Lviv_Oblast.html
Rafting Center, None, Outdoor Activities, /Attraction_Review-g3737821-d3837939-Reviews-Rafting_Center-Skole_Skolivs_kyi_District_Lviv_Oblast.html, /Attractions-g3737821-Activities-Skole_Skolivs_kyi_District_Lviv_Oblast.html
Lopata Mountain, None, Nature & Parks, /Attraction_Review-g3737821-d15057908-Reviews-Lopata_Mountain-Skole_Skolivs_kyi_District_Lviv_Oblast.html, /Attractions-g3737821-Activities-Skole_Skolivs_kyi_District_Lviv_Oblast.html
Palace of Gredel, None, Sights & Landmarks, /Attraction_Review-g3737821-d14181062-Reviews-Palace_of_Gredel-Skole_Skolivs_kyi_District_Lviv_Oblast.html, /Attractions-g3737821-Activities-Skole_Skolivs_kyi_District_Lviv_Oblast.html
