attraction_name, attraction_rate, attraction_type, attraction_url, attraction_parent_url
Terebovlya Castle, None, Sights & Landmarks, /Attraction_Review-g303933-d2629768-Reviews-Terebovlya_Castle-Terebovlya_Ternopil_Oblast.html, /Attractions-g303933-Activities-Terebovlya_Ternopil_Oblast.html
Museum-Workshop, None, Museums, /Attraction_Review-g303933-d19031386-Reviews-Museum_Workshop-Terebovlya_Ternopil_Oblast.html, /Attractions-g303933-Activities-Terebovlya_Ternopil_Oblast.html
Tourist Information Centre, None, Traveler Resources, /Attraction_Review-g303933-d19031382-Reviews-Tourist_Information_Centre-Terebovlya_Ternopil_Oblast.html, /Attractions-g303933-Activities-Terebovlya_Ternopil_Oblast.html
Ostriv Village, None, Sights & Landmarks, /Attraction_Review-g303933-d600400-Reviews-Ostriv_Village-Terebovlya_Ternopil_Oblast.html, /Attractions-g303933-Activities-Terebovlya_Ternopil_Oblast.html
