attraction_name, attraction_rate, attraction_type, attraction_url, attraction_parent_url
Peremohy Park, 4.5, Nature & Parks, /Attraction_Review-g2554470-d10430907-Reviews-Peremohy_Park-Brovary_Kiev_Oblast.html, /Attractions-g2554470-Activities-Brovary_Kiev_Oblast.html
Park Shevchenka, 4.0, Nature & Parks, /Attraction_Review-g2554470-d10430911-Reviews-Park_Shevchenka-Brovary_Kiev_Oblast.html, /Attractions-g2554470-Activities-Brovary_Kiev_Oblast.html
Terminal Water Park, 3.5, Water & Amusement Parks, /Attraction_Review-g2554470-d4470239-Reviews-Terminal_Water_Park-Brovary_Kiev_Oblast.html, /Attractions-g2554470-Activities-Brovary_Kiev_Oblast.html
Monument to Heroes of Chernobyl, 5.0, Sights & Landmarks, /Attraction_Review-g2554470-d17826524-Reviews-Monument_to_Heroes_of_Chernobyl-Brovary_Kiev_Oblast.html, /Attractions-g2554470-Activities-Brovary_Kiev_Oblast.html
Terminal, 3.5, Shopping, /Attraction_Review-g2554470-d14072757-Reviews-Terminal-Brovary_Kiev_Oblast.html, /Attractions-g2554470-Activities-Brovary_Kiev_Oblast.html
Park Sosnovyy, 4.0, Nature & Parks, /Attraction_Review-g2554470-d17835504-Reviews-Park_Sosnovyy-Brovary_Kiev_Oblast.html, /Attractions-g2554470-Activities-Brovary_Kiev_Oblast.html
Church of St. Apostle Ioann Bogoslov, 4.0, Sights & Landmarks, /Attraction_Review-g2554470-d18187185-Reviews-Church_of_St_Apostle_Ioann_Bogoslov-Brovary_Kiev_Oblast.html, /Attractions-g2554470-Activities-Brovary_Kiev_Oblast.html
Zahyblym U Roky Vvv Brovarchanam, 5.0, Sights & Landmarks, /Attraction_Review-g2554470-d17821413-Reviews-Zahyblym_U_Roky_Vvv_Brovarchanam-Brovary_Kiev_Oblast.html, /Attractions-g2554470-Activities-Brovary_Kiev_Oblast.html
Cathedral of the Holy Apostles Peter and Paul, 4.0, Sights & Landmarks, /Attraction_Review-g2554470-d17912551-Reviews-Cathedral_of_the_Holy_Apostles_Peter_and_Paul-Brovary_Kiev_Oblast.html, /Attractions-g2554470-Activities-Brovary_Kiev_Oblast.html
Church of the Protection of the Holy Virgin, 4.0, Sights & Landmarks, /Attraction_Review-g2554470-d17990643-Reviews-Church_of_the_Protection_of_the_Holy_Virgin-Brovary_Kiev_Oblast.html, /Attractions-g2554470-Activities-Brovary_Kiev_Oblast.html
Park Pryozernyi, 3.0, Nature & Parks, /Attraction_Review-g2554470-d17821470-Reviews-Park_Pryozernyi-Brovary_Kiev_Oblast.html, /Attractions-g2554470-Activities-Brovary_Kiev_Oblast.html
Sports and Educational Shooting Complex Kupol, 5.0, Fun & Games, /Attraction_Review-g2554470-d17733838-Reviews-Sports_and_Educational_Shooting_Complex_Kupol-Brovary_Kiev_Oblast.html, /Attractions-g2554470-Activities-Brovary_Kiev_Oblast.html
TamTour, 2.5, Tours, /Attraction_Review-g2554470-d12954110-Reviews-TamTour-Brovary_Kiev_Oblast.html, /Attractions-g2554470-Activities-Brovary_Kiev_Oblast.html
Shooting Range CENTER-A, None, Fun & Games, /Attraction_Review-g2554470-d12624404-Reviews-Shooting_Range_CENTER_A-Brovary_Kiev_Oblast.html, /Attractions-g2554470-Activities-Brovary_Kiev_Oblast.html
Shafran SPA, None, Spas & Wellness, /Attraction_Review-g2554470-d15663351-Reviews-Shafran_SPA-Brovary_Kiev_Oblast.html, /Attractions-g2554470-Activities-Brovary_Kiev_Oblast.html
Sniper, None, Fun & Games, /Attraction_Review-g2554470-d17384211-Reviews-Sniper-Brovary_Kiev_Oblast.html, /Attractions-g2554470-Activities-Brovary_Kiev_Oblast.html
SvitLytsia, None, Sights & Landmarks, /Attraction_Review-g2554470-d21182954-Reviews-SvitLytsia-Brovary_Kiev_Oblast.html, /Attractions-g2554470-Activities-Brovary_Kiev_Oblast.html
