attraction_name, attraction_rate, attraction_type, attraction_url, attraction_parent_url
Odessa National Academic Opera and Ballet Theater, None, Concerts & Shows, /Attraction_Review-g295368-d554746-Reviews-Odessa_National_Academic_Opera_and_Ballet_Theater-Odessa_Odessa_Oblast.html, /Attractions-g295368-Activities-Odessa_Odessa_Oblast.html
Deribasovskaya Street, None, Sights & Landmarks, /Attraction_Review-g295368-d554486-Reviews-Deribasovskaya_Street-Odessa_Odessa_Oblast.html, /Attractions-g295368-Activities-Odessa_Odessa_Oblast.html
Secrets of Underground Odessa Museum, None, Museums, /Attraction_Review-g295368-d6784590-Reviews-Secrets_of_Underground_Odessa_Museum-Odessa_Odessa_Oblast.html, /Attractions-g295368-Activities-Odessa_Odessa_Oblast.html
Passage, None, Sights & Landmarks, /Attraction_Review-g295368-d2083546-Reviews-Passage-Odessa_Odessa_Oblast.html, /Attractions-g295368-Activities-Odessa_Odessa_Oblast.html
Odessa Delphinarium Nemo, None, Nature & Parks, /Attraction_Review-g295368-d6027684-Reviews-Odessa_Delphinarium_Nemo-Odessa_Odessa_Oblast.html, /Attractions-g295368-Activities-Odessa_Odessa_Oblast.html
Primorsky Boulevard, None, Sights & Landmarks, /Attraction_Review-g295368-d554887-Reviews-Primorsky_Boulevard-Odessa_Odessa_Oblast.html, /Attractions-g295368-Activities-Odessa_Odessa_Oblast.html
Museum of Interesting Science, None, Museums, /Attraction_Review-g295368-d6755140-Reviews-Museum_of_Interesting_Science-Odessa_Odessa_Oblast.html, /Attractions-g295368-Activities-Odessa_Odessa_Oblast.html
Shustov Cognac Museum, None, Museums, /Attraction_Review-g295368-d6023952-Reviews-Shustov_Cognac_Museum-Odessa_Odessa_Oblast.html, /Attractions-g295368-Activities-Odessa_Odessa_Oblast.html
City Garden, None, Nature & Parks, /Attraction_Review-g295368-d554490-Reviews-City_Garden-Odessa_Odessa_Oblast.html, /Attractions-g295368-Activities-Odessa_Odessa_Oblast.html
Insomnia- The Haunted House, None, Museums, /Attraction_Review-g295368-d12952995-Reviews-Insomnia_The_Haunted_House-Odessa_Odessa_Oblast.html, /Attractions-g295368-Activities-Odessa_Odessa_Oblast.html
