attraction_name, attraction_rate, attraction_type, attraction_url, attraction_parent_url
Cherkasy Zoo, 4.5, Zoos & Aquariums, /Attraction_Review-g303929-d6616636-Reviews-Cherkasy_Zoo-Cherkasy_Cherkasy_Oblast.html, /Attractions-g303929-Activities-Cherkasy_Cherkasy_Oblast.html
Rose Valley, 4.5, Nature & Parks, /Attraction_Review-g303929-d3702023-Reviews-Rose_Valley-Cherkasy_Cherkasy_Oblast.html, /Attractions-g303929-Activities-Cherkasy_Cherkasy_Oblast.html
White Lotus Temple, 4.5, Sights & Landmarks, /Attraction_Review-g303929-d6616640-Reviews-White_Lotus_Temple-Cherkasy_Cherkasy_Oblast.html, /Attractions-g303929-Activities-Cherkasy_Cherkasy_Oblast.html
Hill of Fame, 4.5, Sights & Landmarks, /Attraction_Review-g303929-d3702017-Reviews-Hill_of_Fame-Cherkasy_Cherkasy_Oblast.html, /Attractions-g303929-Activities-Cherkasy_Cherkasy_Oblast.html
Kremenchug Reservoir, 4.5, Nature & Parks, /Attraction_Review-g303929-d9771357-Reviews-Kremenchug_Reservoir-Cherkasy_Cherkasy_Oblast.html, /Attractions-g303929-Activities-Cherkasy_Cherkasy_Oblast.html
Yuvileyniy Park, 5.0, Nature & Parks, /Attraction_Review-g303929-d6765794-Reviews-Yuvileyniy_Park-Cherkasy_Cherkasy_Oblast.html, /Attractions-g303929-Activities-Cherkasy_Cherkasy_Oblast.html
Cherkasy Regional Museum Of Local Lore, 4.5, Museums, /Attraction_Review-g303929-d4915741-Reviews-Cherkasy_Regional_Museum_Of_Local_Lore-Cherkasy_Cherkasy_Oblast.html, /Attractions-g303929-Activities-Cherkasy_Cherkasy_Oblast.html
Shherbiny House, 4.5, Sights & Landmarks, /Attraction_Review-g303929-d3844066-Reviews-Shherbiny_House-Cherkasy_Cherkasy_Oblast.html, /Attractions-g303929-Activities-Cherkasy_Cherkasy_Oblast.html
LUBAVA, 4.0, Shopping, /Attraction_Review-g303929-d10794859-Reviews-LUBAVA-Cherkasy_Cherkasy_Oblast.html, /Attractions-g303929-Activities-Cherkasy_Cherkasy_Oblast.html
Cherkasy Puppet Theatre, 4.5, Concerts & Shows, /Attraction_Review-g303929-d6762505-Reviews-Cherkasy_Puppet_Theatre-Cherkasy_Cherkasy_Oblast.html, /Attractions-g303929-Activities-Cherkasy_Cherkasy_Oblast.html
Cherkasy River Station, 3.5, Sights & Landmarks, /Attraction_Review-g303929-d9771365-Reviews-Cherkasy_River_Station-Cherkasy_Cherkasy_Oblast.html, /Attractions-g303929-Activities-Cherkasy_Cherkasy_Oblast.html
Manor Museum Raiskiy Ugolok, 4.5, Museums, /Attraction_Review-g303929-d9752318-Reviews-Manor_Museum_Raiskiy_Ugolok-Cherkasy_Cherkasy_Oblast.html, /Attractions-g303929-Activities-Cherkasy_Cherkasy_Oblast.html
Cherkasy Regional Museum of Art, 4.0, Museums, /Attraction_Review-g303929-d6762499-Reviews-Cherkasy_Regional_Museum_of_Art-Cherkasy_Cherkasy_Oblast.html, /Attractions-g303929-Activities-Cherkasy_Cherkasy_Oblast.html
Children's shopping center Plastilin, 4.5, Shopping, /Attraction_Review-g303929-d3802336-Reviews-Children_s_shopping_center_Plastilin-Cherkasy_Cherkasy_Oblast.html, /Attractions-g303929-Activities-Cherkasy_Cherkasy_Oblast.html
Cherkasy Music and Drama Theatre, 4.0, Concerts & Shows, /Attraction_Review-g303929-d6762510-Reviews-Cherkasy_Music_and_Drama_Theatre-Cherkasy_Cherkasy_Oblast.html, /Attractions-g303929-Activities-Cherkasy_Cherkasy_Oblast.html
Music and Light Fountain, 4.0, Sights & Landmarks, /Attraction_Review-g303929-d6765797-Reviews-Music_and_Light_Fountain-Cherkasy_Cherkasy_Oblast.html, /Attractions-g303929-Activities-Cherkasy_Cherkasy_Oblast.html
Kobzar Book Museum, 4.0, Museums, /Attraction_Review-g303929-d6616641-Reviews-Kobzar_Book_Museum-Cherkasy_Cherkasy_Oblast.html, /Attractions-g303929-Activities-Cherkasy_Cherkasy_Oblast.html
Bochka Entertainment Center, 1.0, Outdoor Activities, /Attraction_Review-g303929-d12324045-Reviews-Bochka_Entertainment_Center-Cherkasy_Cherkasy_Oblast.html, /Attractions-g303929-Activities-Cherkasy_Cherkasy_Oblast.html
Izolyatsiya escape the room, 5.0, Fun & Games, /Attraction_Review-g303929-d15532670-Reviews-Izolyatsiya_escape_the_room-Cherkasy_Cherkasy_Oblast.html, /Attractions-g303929-Activities-Cherkasy_Cherkasy_Oblast.html
Bowling Lucky Strike, 4.5, Fun & Games, /Attraction_Review-g303929-d7006638-Reviews-Bowling_Lucky_Strike-Cherkasy_Cherkasy_Oblast.html, /Attractions-g303929-Activities-Cherkasy_Cherkasy_Oblast.html
QuestPark, 5.0, Fun & Games, /Attraction_Review-g303929-d8863405-Reviews-QuestPark-Cherkasy_Cherkasy_Oblast.html, /Attractions-g303929-Activities-Cherkasy_Cherkasy_Oblast.html
Yacht Club Cherkasy Parus, 4.5, Boat Tours & Water Sports, /Attraction_Review-g303929-d9771412-Reviews-Yacht_Club_Cherkasy_Parus-Cherkasy_Cherkasy_Oblast.html, /Attractions-g303929-Activities-Cherkasy_Cherkasy_Oblast.html
Horse-racing Club Svan, 4.5, Nature & Parks, /Attraction_Review-g303929-d9776026-Reviews-Horse_racing_Club_Svan-Cherkasy_Cherkasy_Oblast.html, /Attractions-g303929-Activities-Cherkasy_Cherkasy_Oblast.html
Slon Spa, 3.5, Spas & Wellness, /Attraction_Review-g303929-d14039754-Reviews-Slon_Spa-Cherkasy_Cherkasy_Oblast.html, /Attractions-g303929-Activities-Cherkasy_Cherkasy_Oblast.html
QRoom, 5.0, Fun & Games, /Attraction_Review-g303929-d10064532-Reviews-QRoom-Cherkasy_Cherkasy_Oblast.html, /Attractions-g303929-Activities-Cherkasy_Cherkasy_Oblast.html
Cherkasy Oblast Philharmonics, 5.0, Concerts & Shows, /Attraction_Review-g303929-d6942389-Reviews-Cherkasy_Oblast_Philharmonics-Cherkasy_Cherkasy_Oblast.html, /Attractions-g303929-Activities-Cherkasy_Cherkasy_Oblast.html
Palace of Culture Friendship of Peoples, 3.0, Concerts & Shows, /Attraction_Review-g303929-d7132609-Reviews-Palace_of_Culture_Friendship_of_Peoples-Cherkasy_Cherkasy_Oblast.html, /Attractions-g303929-Activities-Cherkasy_Cherkasy_Oblast.html
Keyhole Quest, 5.0, Fun & Games, /Attraction_Review-g303929-d9789397-Reviews-Keyhole_Quest-Cherkasy_Cherkasy_Oblast.html, /Attractions-g303929-Activities-Cherkasy_Cherkasy_Oblast.html
Cherkasy Tennis Club Selena, None, Fun & Games, /Attraction_Review-g303929-d10800740-Reviews-Cherkasy_Tennis_Club_Selena-Cherkasy_Cherkasy_Oblast.html, /Attractions-g303929-Activities-Cherkasy_Cherkasy_Oblast.html
Raiskiy Ugolok, None, Spas & Wellness, /Attraction_Review-g303929-d10669894-Reviews-Raiskiy_Ugolok-Cherkasy_Cherkasy_Oblast.html, /Attractions-g303929-Activities-Cherkasy_Cherkasy_Oblast.html
