attraction_name, attraction_rate, attraction_type, attraction_url, attraction_parent_url
Museum Complex Spadshchanskiy Les, None, Museums, /Attraction_Review-g7217918-d8651158-Reviews-Museum_Complex_Spadshchanskiy_Les-Putivl_Sumy_Oblast.html, /Attractions-g7217918-Activities-Putivl_Sumy_Oblast.html
Molchanskiy Monastery, None, Sights & Landmarks, /Attraction_Review-g7217918-d7212367-Reviews-Molchanskiy_Monastery-Putivl_Sumy_Oblast.html, /Attractions-g7217918-Activities-Putivl_Sumy_Oblast.html
Old Russian Ancient Town, None, Sights & Landmarks, /Attraction_Review-g7217918-d8651164-Reviews-Old_Russian_Ancient_Town-Putivl_Sumy_Oblast.html, /Attractions-g7217918-Activities-Putivl_Sumy_Oblast.html
Putivl Local Lore Museum, None, Museums, /Attraction_Review-g7217918-d8617364-Reviews-Putivl_Local_Lore_Museum-Putivl_Sumy_Oblast.html, /Attractions-g7217918-Activities-Putivl_Sumy_Oblast.html
