attraction_name, attraction_rate, attraction_type, attraction_url, attraction_parent_url
Zolochiv Castle, None, Sights & Landmarks, /Attraction_Review-g1657087-d1874845-Reviews-Zolochiv_Castle-Zolochiv_Lviv_Oblast.html, /Attractions-g1657087-Activities-Zolochiv_Lviv_Oblast.html
Chapel of Communist Repressions' Victims, None, Sights & Landmarks, /Attraction_Review-g1657087-d6550833-Reviews-Chapel_of_Communist_Repressions_Victims-Zolochiv_Lviv_Oblast.html, /Attractions-g1657087-Activities-Zolochiv_Lviv_Oblast.html
Jewish Cemetery, None, Sights & Landmarks, /Attraction_Review-g1657087-d6755902-Reviews-Jewish_Cemetery-Zolochiv_Lviv_Oblast.html, /Attractions-g1657087-Activities-Zolochiv_Lviv_Oblast.html
Madonna Assumption Cathedral, None, Sights & Landmarks, /Attraction_Review-g1657087-d6550830-Reviews-Madonna_Assumption_Cathedral-Zolochiv_Lviv_Oblast.html, /Attractions-g1657087-Activities-Zolochiv_Lviv_Oblast.html
Ascension Church, None, Sights & Landmarks, /Attraction_Review-g1657087-d6550831-Reviews-Ascension_Church-Zolochiv_Lviv_Oblast.html, /Attractions-g1657087-Activities-Zolochiv_Lviv_Oblast.html
Zolochiv Courtyard, None, Sights & Landmarks, /Attraction_Review-g1657087-d6755897-Reviews-Zolochiv_Courtyard-Zolochiv_Lviv_Oblast.html, /Attractions-g1657087-Activities-Zolochiv_Lviv_Oblast.html
St. Nicolas Church, None, Sights & Landmarks, /Attraction_Review-g1657087-d6550832-Reviews-St_Nicolas_Church-Zolochiv_Lviv_Oblast.html, /Attractions-g1657087-Activities-Zolochiv_Lviv_Oblast.html
Old City Cemetery, None, Sights & Landmarks, /Attraction_Review-g1657087-d6755907-Reviews-Old_City_Cemetery-Zolochiv_Lviv_Oblast.html, /Attractions-g1657087-Activities-Zolochiv_Lviv_Oblast.html
Shevchenkivske Lake, None, Nature & Parks, /Attraction_Review-g1657087-d6755904-Reviews-Shevchenkivske_Lake-Zolochiv_Lviv_Oblast.html, /Attractions-g1657087-Activities-Zolochiv_Lviv_Oblast.html
Markiyan Shashkevych House-Museum, None, Museums, /Attraction_Review-g1657087-d6755900-Reviews-Markiyan_Shashkevych_House_Museum-Zolochiv_Lviv_Oblast.html, /Attractions-g1657087-Activities-Zolochiv_Lviv_Oblast.html
