attraction_name, attraction_rate, attraction_type, attraction_url, attraction_parent_url
Church of the Holy Trinity, None, Sights & Landmarks, /Attraction_Review-g12063423-d12076790-Reviews-Church_of_the_Holy_Trinity-Ivano_Frankove_Lviv_Oblast.html, /Attractions-g12063423-Activities-Ivano_Frankove_Lviv_Oblast.html
Museum of History of Art Crafts Yavorovshhiny, None, Museums, /Attraction_Review-g12063423-d12076437-Reviews-Museum_of_History_of_Art_Crafts_Yavorovshhiny-Ivano_Frankove_Lviv_Oblast.html, /Attractions-g12063423-Activities-Ivano_Frankove_Lviv_Oblast.html
Rastochye Museum of Nature, None, Nature & Parks, /Attraction_Review-g12063423-d12076421-Reviews-Rastochye_Museum_of_Nature-Ivano_Frankove_Lviv_Oblast.html, /Attractions-g12063423-Activities-Ivano_Frankove_Lviv_Oblast.html
Yavorivsk National Park, None, Nature & Parks, /Attraction_Review-g12063423-d9726846-Reviews-Yavorivsk_National_Park-Ivano_Frankove_Lviv_Oblast.html, /Attractions-g12063423-Activities-Ivano_Frankove_Lviv_Oblast.html
