attraction_name, attraction_rate, attraction_type, attraction_url, attraction_parent_url
Museum of Miniature Books named after V. A. Razumov, None, Museums, /Attraction_Review-g12634213-d17430469-Reviews-Museum_of_Miniature_Books_named_after_V_A_Razumov-Horlivka_Donetsk_Oblast.html, /Attractions-g12634213-Activities-Horlivka_Donetsk_Oblast.html
Epiphany Cathedral, None, Sights & Landmarks, /Attraction_Review-g12634213-d17430628-Reviews-Epiphany_Cathedral-Horlivka_Donetsk_Oblast.html, /Attractions-g12634213-Activities-Horlivka_Donetsk_Oblast.html
Victory Square, None, Sights & Landmarks, /Attraction_Review-g12634213-d18971914-Reviews-Victory_Square-Horlivka_Donetsk_Oblast.html, /Attractions-g12634213-Activities-Horlivka_Donetsk_Oblast.html
Horlivka City History Museum, None, Museums, /Attraction_Review-g12634213-d19761206-Reviews-Horlivka_City_History_Museum-Horlivka_Donetsk_Oblast.html, /Attractions-g12634213-Activities-Horlivka_Donetsk_Oblast.html
Sovetskoi Armii Park, None, Nature & Parks, /Attraction_Review-g12634213-d21378525-Reviews-Sovetskoi_Armii_Park-Horlivka_Donetsk_Oblast.html, /Attractions-g12634213-Activities-Horlivka_Donetsk_Oblast.html
Lenina Square, None, Sights & Landmarks, /Attraction_Review-g12634213-d21337758-Reviews-Lenina_Square-Horlivka_Donetsk_Oblast.html, /Attractions-g12634213-Activities-Horlivka_Donetsk_Oblast.html
Pamyatnik Voinam-Afgantsam, None, Sights & Landmarks, /Attraction_Review-g12634213-d21326074-Reviews-Pamyatnik_Voinam_Afgantsam-Horlivka_Donetsk_Oblast.html, /Attractions-g12634213-Activities-Horlivka_Donetsk_Oblast.html
Revolyutsii Square, None, Sights & Landmarks, /Attraction_Review-g12634213-d21300291-Reviews-Revolyutsii_Square-Horlivka_Donetsk_Oblast.html, /Attractions-g12634213-Activities-Horlivka_Donetsk_Oblast.html
Church of the Savior Image Not Made by Hands, None, Sights & Landmarks, /Attraction_Review-g12634213-d21308527-Reviews-Church_of_the_Savior_Image_Not_Made_by_Hands-Horlivka_Donetsk_Oblast.html, /Attractions-g12634213-Activities-Horlivka_Donetsk_Oblast.html
Heroes Skver, None, Sights & Landmarks, /Attraction_Review-g12634213-d21080742-Reviews-Heroes_Skver-Horlivka_Donetsk_Oblast.html, /Attractions-g12634213-Activities-Horlivka_Donetsk_Oblast.html
