attraction_name, attraction_rate, attraction_type, attraction_url, attraction_parent_url
Tendrovskaya Kosa, None, Nature & Parks, /Attraction_Review-g3200178-d12272403-Reviews-Tendrovskaya_Kosa-Zalizny_Port_Kherson_Oblast.html, /Attractions-g3200178-Activities-Zalizny_Port_Kherson_Oblast.html
Night Club Tarantino, None, Nightlife, /Attraction_Review-g3200178-d12272402-Reviews-Night_Club_Tarantino-Zalizny_Port_Kherson_Oblast.html, /Attractions-g3200178-Activities-Zalizny_Port_Kherson_Oblast.html
Sea Star Beach Club, None, Outdoor Activities, /Attraction_Review-g3200178-d12272412-Reviews-Sea_Star_Beach_Club-Zalizny_Port_Kherson_Oblast.html, /Attractions-g3200178-Activities-Zalizny_Port_Kherson_Oblast.html
World of Water Entertainment, None, Tours, /Attraction_Review-g3200178-d12272411-Reviews-World_of_Water_Entertainment-Zalizny_Port_Kherson_Oblast.html, /Attractions-g3200178-Activities-Zalizny_Port_Kherson_Oblast.html
