attraction_name, attraction_rate, attraction_type, attraction_url, attraction_parent_url
Biryuch Island, None, Nature & Parks, /Attraction_Review-g4202769-d9800222-Reviews-Biryuch_Island-Genichesk_Kherson_Oblast.html, /Attractions-g4202769-Activities-Genichesk_Kherson_Oblast.html
Arabat Spit, None, Nature & Parks, /Attraction_Review-g4202769-d9800225-Reviews-Arabat_Spit-Genichesk_Kherson_Oblast.html, /Attractions-g4202769-Activities-Genichesk_Kherson_Oblast.html
Azov-Sivash National Park, None, Outdoor Activities, /Attraction_Review-g4202769-d9800220-Reviews-Azov_Sivash_National_Park-Genichesk_Kherson_Oblast.html, /Attractions-g4202769-Activities-Genichesk_Kherson_Oblast.html
Kite Center Wind-Extreme, None, Tours, /Attraction_Review-g4202769-d12636143-Reviews-Kite_Center_Wind_Extreme-Genichesk_Kherson_Oblast.html, /Attractions-g4202769-Activities-Genichesk_Kherson_Oblast.html
Full Power, None, Tours, /Attraction_Review-g4202769-d19289019-Reviews-Full_Power-Genichesk_Kherson_Oblast.html, /Attractions-g4202769-Activities-Genichesk_Kherson_Oblast.html
