attraction_name, attraction_rate, attraction_type, attraction_url, attraction_parent_url
Mount Bukovel, 4.5, Nature & Parks, /Attraction_Review-g2534700-d9599240-Reviews-Mount_Bukovel-Bukovel_Ivano_Frankivsk_Oblast.html, /Attractions-g2534700-Activities-Bukovel_Ivano_Frankivsk_Oblast.html
Dinosaur Park, 4.5, Water & Amusement Parks, /Attraction_Review-g3426922-d19882635-Reviews-Dinosaur_Park-Polyanytsya_Bukovel_Ivano_Frankivsk_Oblast.html, /Attractions-g2534700-Activities-Bukovel_Ivano_Frankivsk_Oblast.html
Mount Khomyak, 4.5, Nature & Parks, /Attraction_Review-g2534700-d9604316-Reviews-Mount_Khomyak-Bukovel_Ivano_Frankivsk_Oblast.html, /Attractions-g2534700-Activities-Bukovel_Ivano_Frankivsk_Oblast.html
Upside Down House, 2.5, Museums, /Attraction_Review-g3426922-d18546424-Reviews-Upside_Down_House-Polyanytsya_Bukovel_Ivano_Frankivsk_Oblast.html, /Attractions-g2534700-Activities-Bukovel_Ivano_Frankivsk_Oblast.html
Bukovel Winter Fair, 4.0, Sights & Landmarks, /Attraction_Review-g2534700-d13171367-Reviews-Bukovel_Winter_Fair-Bukovel_Ivano_Frankivsk_Oblast.html, /Attractions-g2534700-Activities-Bukovel_Ivano_Frankivsk_Oblast.html
Hutsul Land Ethnopark, 4.0, Zoos & Aquariums, /Attraction_Review-g2534700-d18066229-Reviews-Hutsul_Land_Ethnopark-Bukovel_Ivano_Frankivsk_Oblast.html, /Attractions-g2534700-Activities-Bukovel_Ivano_Frankivsk_Oblast.html
Ski Resort Bukovel, 4.0, Nature & Parks, /Attraction_Review-g3426922-d7854542-Reviews-Ski_Resort_Bukovel-Polyanytsya_Bukovel_Ivano_Frankivsk_Oblast.html, /Attractions-g2534700-Activities-Bukovel_Ivano_Frankivsk_Oblast.html
VODA club, 4.0, Nightlife, /Attraction_Review-g3426922-d8605016-Reviews-VODA_club-Polyanytsya_Bukovel_Ivano_Frankivsk_Oblast.html, /Attractions-g2534700-Activities-Bukovel_Ivano_Frankivsk_Oblast.html
Bukovel Ski School, 4.5, Classes & Workshops, /Attraction_Review-g3426922-d12244978-Reviews-Bukovel_Ski_School-Polyanytsya_Bukovel_Ivano_Frankivsk_Oblast.html, /Attractions-g2534700-Activities-Bukovel_Ivano_Frankivsk_Oblast.html
Roller Coaster Zipline, 5.0, Tours, /Attraction_Review-g3426922-d12119548-Reviews-Roller_Coaster_Zipline-Polyanytsya_Bukovel_Ivano_Frankivsk_Oblast.html, /Attractions-g2534700-Activities-Bukovel_Ivano_Frankivsk_Oblast.html
Wellness and Spa center Radisson Blu&& Bukovel, 5.0, Spas & Wellness, /Attraction_Review-g2534700-d15137703-Reviews-Wellness_and_Spa_center_Radisson_Blu_Bukovel-Bukovel_Ivano_Frankivsk_Oblast.html, /Attractions-g2534700-Activities-Bukovel_Ivano_Frankivsk_Oblast.html
Bike Zip, 5.0, Tours, /Attraction_Review-g2534700-d13281505-Reviews-Bike_Zip-Bukovel_Ivano_Frankivsk_Oblast.html, /Attractions-g2534700-Activities-Bukovel_Ivano_Frankivsk_Oblast.html
Bukovelski Chany, 4.5, Spas & Wellness, /Attraction_Review-g2534700-d13277875-Reviews-Bukovelski_Chany-Bukovel_Ivano_Frankivsk_Oblast.html, /Attractions-g2534700-Activities-Bukovel_Ivano_Frankivsk_Oblast.html
Ice Bar Bukovel, 4.5, Nightlife, /Attraction_Review-g2534700-d13278000-Reviews-Ice_Bar_Bukovel-Bukovel_Ivano_Frankivsk_Oblast.html, /Attractions-g2534700-Activities-Bukovel_Ivano_Frankivsk_Oblast.html
Extreme Park Bukovel, 5.0, Outdoor Activities, /Attraction_Review-g2534700-d11824272-Reviews-Extreme_Park_Bukovel-Bukovel_Ivano_Frankivsk_Oblast.html, /Attractions-g2534700-Activities-Bukovel_Ivano_Frankivsk_Oblast.html
Banka na Drovakh, 5.0, Spas & Wellness, /Attraction_Review-g2534700-d11823800-Reviews-Banka_na_Drovakh-Bukovel_Ivano_Frankivsk_Oblast.html, /Attractions-g2534700-Activities-Bukovel_Ivano_Frankivsk_Oblast.html
Zhazhda Skorosti Kart Racing Centre, 4.5, Fun & Games, /Attraction_Review-g2534700-d11824240-Reviews-Zhazhda_Skorosti_Kart_Racing_Centre-Bukovel_Ivano_Frankivsk_Oblast.html, /Attractions-g2534700-Activities-Bukovel_Ivano_Frankivsk_Oblast.html
Entertainment Center Buka, 3.5, Fun & Games, /Attraction_Review-g2534700-d7201913-Reviews-Entertainment_Center_Buka-Bukovel_Ivano_Frankivsk_Oblast.html, /Attractions-g2534700-Activities-Bukovel_Ivano_Frankivsk_Oblast.html
Children Entertainment Center Leopark, 5.0, Fun & Games, /Attraction_Review-g2534700-d11824266-Reviews-Children_Entertainment_Center_Leopark-Bukovel_Ivano_Frankivsk_Oblast.html, /Attractions-g2534700-Activities-Bukovel_Ivano_Frankivsk_Oblast.html
SPA Center 4 Seasons, 3.0, Spas & Wellness, /Attraction_Review-g2534700-d11824209-Reviews-SPA_Center_4_Seasons-Bukovel_Ivano_Frankivsk_Oblast.html, /Attractions-g2534700-Activities-Bukovel_Ivano_Frankivsk_Oblast.html
SPA Center Oasis, 2.5, Spas & Wellness, /Attraction_Review-g2534700-d11824225-Reviews-SPA_Center_Oasis-Bukovel_Ivano_Frankivsk_Oblast.html, /Attractions-g2534700-Activities-Bukovel_Ivano_Frankivsk_Oblast.html
Jeep Tours in Bukovel, None, Boat Tours & Water Sports, /Attraction_Review-g2534700-d11823788-Reviews-Jeep_Tours_in_Bukovel-Bukovel_Ivano_Frankivsk_Oblast.html, /Attractions-g2534700-Activities-Bukovel_Ivano_Frankivsk_Oblast.html
Bukovel Center ATV &amp; Snowmobiles Rentals, None, Outdoor Activities, /Attraction_Review-g2534700-d13752831-Reviews-Bukovel_Center_ATV_Snowmobiles_Rentals-Bukovel_Ivano_Frankivsk_Oblast.html, /Attractions-g2534700-Activities-Bukovel_Ivano_Frankivsk_Oblast.html
Banka "Parna v Bogdana", None, Spas & Wellness, /Attraction_Review-g2534700-d14791852-Reviews-Banka_Parna_v_Bogdana-Bukovel_Ivano_Frankivsk_Oblast.html, /Attractions-g2534700-Activities-Bukovel_Ivano_Frankivsk_Oblast.html
