attraction_name, attraction_rate, attraction_type, attraction_url, attraction_parent_url
Okhtyrka Holy Trinity Monastery, 5.0, Sights & Landmarks, /Attraction_Review-g3221161-d10418357-Reviews-Okhtyrka_Holy_Trinity_Monastery-Okhtyrka_Sumy_Oblast.html, /Attractions-g3221161-Activities-Okhtyrka_Sumy_Oblast.html
Intercession Cathedral, 5.0, Sights & Landmarks, /Attraction_Review-g3221161-d10153373-Reviews-Intercession_Cathedral-Okhtyrka_Sumy_Oblast.html, /Attractions-g3221161-Activities-Okhtyrka_Sumy_Oblast.html
Saint George Church, 4.5, Sights & Landmarks, /Attraction_Review-g3221161-d10112899-Reviews-Saint_George_Church-Okhtyrka_Sumy_Oblast.html, /Attractions-g3221161-Activities-Okhtyrka_Sumy_Oblast.html
Mount of Military Glory, None, Sights & Landmarks, /Attraction_Review-g3221161-d10418361-Reviews-Mount_of_Military_Glory-Okhtyrka_Sumy_Oblast.html, /Attractions-g3221161-Activities-Okhtyrka_Sumy_Oblast.html
