attraction_name, attraction_rate, attraction_type, attraction_url, attraction_parent_url
Anticafe Free Time, None, Fun & Games, /Attraction_Review-g6208868-d8300149-Reviews-Anticafe_Free_Time-Horodenka_Ivano_Frankivsk_Oblast.html, /Attractions-g6208868-Activities-Horodenka_Ivano_Frankivsk_Oblast.html
Monument Heavenly Hundreds, None, Sights & Landmarks, /Attraction_Review-g6208868-d15837901-Reviews-Monument_Heavenly_Hundreds-Horodenka_Ivano_Frankivsk_Oblast.html, /Attractions-g6208868-Activities-Horodenka_Ivano_Frankivsk_Oblast.html
Church of the Assumption of the Blessed Virgin, None, Sights & Landmarks, /Attraction_Review-g6208868-d15837926-Reviews-Church_of_the_Assumption_of_the_Blessed_Virgin-Horodenka_Ivano_Frankivsk_Oblast.html, /Attractions-g6208868-Activities-Horodenka_Ivano_Frankivsk_Oblast.html
Monastery Konhrehatsiyi Klirykiv Bozhestvennoho Provedinnya, None, Sights & Landmarks, /Attraction_Review-g6208868-d15837955-Reviews-Monastery_Konhrehatsiyi_Klirykiv_Bozhestvennoho_Provedinnya-Horodenka_Ivano_Fra.html, /Attractions-g6208868-Activities-Horodenka_Ivano_Frankivsk_Oblast.html
Prechistoi Devy Marii Statue, None, Sights & Landmarks, /Attraction_Review-g6208868-d15837915-Reviews-Prechistoi_Devy_Marii_Statue-Horodenka_Ivano_Frankivsk_Oblast.html, /Attractions-g6208868-Activities-Horodenka_Ivano_Frankivsk_Oblast.html
Tarasa Shevchenko Monument, None, Sights & Landmarks, /Attraction_Review-g6208868-d15837924-Reviews-Tarasa_Shevchenko_Monument-Horodenka_Ivano_Frankivsk_Oblast.html, /Attractions-g6208868-Activities-Horodenka_Ivano_Frankivsk_Oblast.html
