attraction_name, attraction_rate, attraction_type, attraction_url, attraction_parent_url
Kyivo-Pechers'ka Lavra, None, Sights & Landmarks, /Attraction_Review-g294474-d579203-Reviews-Kyivo_Pechers_ka_Lavra-Kyiv_Kiev.html, /Attractions-g294474-Activities-Kyiv_Kiev.html
Rodina Mat (Motherland), None, Sights & Landmarks, /Attraction_Review-g294474-d636597-Reviews-Rodina_Mat_Motherland-Kyiv_Kiev.html, /Attractions-g294474-Activities-Kyiv_Kiev.html
Andriyivski Uzviz, None, Sights & Landmarks, /Attraction_Review-g294474-d1025206-Reviews-Andriyivski_Uzviz-Kyiv_Kiev.html, /Attractions-g294474-Activities-Kyiv_Kiev.html
Saint Sophia Cathedral, None, Sights & Landmarks, /Attraction_Review-g294474-d556660-Reviews-Saint_Sophia_Cathedral-Kyiv_Kiev.html, /Attractions-g294474-Activities-Kyiv_Kiev.html
Khreshchatyk, None, Sights & Landmarks, /Attraction_Review-g294474-d1066189-Reviews-Khreshchatyk-Kyiv_Kiev.html, /Attractions-g294474-Activities-Kyiv_Kiev.html
National Museum of the History of Ukraine in the Second World War, None, Museums, /Attraction_Review-g294474-d1482747-Reviews-National_Museum_of_the_History_of_Ukraine_in_the_Second_World_War-Kyiv_Kiev.html, /Attractions-g294474-Activities-Kyiv_Kiev.html
State Aviation Museum, None, Museums, /Attraction_Review-g294474-d1876113-Reviews-State_Aviation_Museum-Kyiv_Kiev.html, /Attractions-g294474-Activities-Kyiv_Kiev.html
Pirogovo Open-Air Museum, None, Museums, /Attraction_Review-g294474-d2013827-Reviews-Pirogovo_Open_Air_Museum-Kyiv_Kiev.html, /Attractions-g294474-Activities-Kyiv_Kiev.html
Taras Shevchenko National Opera and Ballet Theatre of Ukraine, None, Concerts & Shows, /Attraction_Review-g294474-d2140408-Reviews-Taras_Shevchenko_National_Opera_and_Ballet_Theatre_of_Ukraine-Kyiv_Kiev.html, /Attractions-g294474-Activities-Kyiv_Kiev.html
Mykola Syadristy Microminiatures Museum, None, Museums, /Attraction_Review-g294474-d2181715-Reviews-Mykola_Syadristy_Microminiatures_Museum-Kyiv_Kiev.html, /Attractions-g294474-Activities-Kyiv_Kiev.html
