attraction_name, attraction_rate, attraction_type, attraction_url, attraction_parent_url
Dolphinarium Akvarel, None, Zoos & Aquariums, /Attraction_Review-g4046658-d7854537-Reviews-Dolphinarium_Akvarel-Skadovsk_Kherson_Oblast.html, /Attractions-g4046658-Activities-Skadovsk_Kherson_Oblast.html
Regional Local Lore Museum, None, Museums, /Attraction_Review-g4046658-d9707935-Reviews-Regional_Local_Lore_Museum-Skadovsk_Kherson_Oblast.html, /Attractions-g4046658-Activities-Skadovsk_Kherson_Oblast.html
Aquapark Akvatoriya, None, Water & Amusement Parks, /Attraction_Review-g4046658-d12272387-Reviews-Aquapark_Akvatoriya-Skadovsk_Kherson_Oblast.html, /Attractions-g4046658-Activities-Skadovsk_Kherson_Oblast.html
Ozon Nigt Club, None, Nightlife, /Attraction_Review-g4046658-d12272385-Reviews-Ozon_Nigt_Club-Skadovsk_Kherson_Oblast.html, /Attractions-g4046658-Activities-Skadovsk_Kherson_Oblast.html
