attraction_name, attraction_rate, attraction_type, attraction_url, attraction_parent_url
Ostrich Farm Straus Yug, 4.5, Zoos & Aquariums, /Attraction_Review-g3167800-d10712164-Reviews-Ostrich_Farm_Straus_Yug-Melitopol_Zaporizhia_Oblast.html, /Attractions-g3167800-Activities-Melitopol_Zaporizhia_Oblast.html
Gorky Park, 4.5, Nature & Parks, /Attraction_Review-g3167800-d7161787-Reviews-Gorky_Park-Melitopol_Zaporizhia_Oblast.html, /Attractions-g3167800-Activities-Melitopol_Zaporizhia_Oblast.html
Alexander Nevsky Cathedral, 4.0, Sights & Landmarks, /Attraction_Review-g3167800-d12871127-Reviews-Alexander_Nevsky_Cathedral-Melitopol_Zaporizhia_Oblast.html, /Attractions-g3167800-Activities-Melitopol_Zaporizhia_Oblast.html
Roller Center, 5.0, Fun & Games, /Attraction_Review-g3167800-d12272556-Reviews-Roller_Center-Melitopol_Zaporizhia_Oblast.html, /Attractions-g3167800-Activities-Melitopol_Zaporizhia_Oblast.html
Rope Park High Park Melitopol, 5.0, Tours, /Attraction_Review-g3167800-d6876924-Reviews-Rope_Park_High_Park_Melitopol-Melitopol_Zaporizhia_Oblast.html, /Attractions-g3167800-Activities-Melitopol_Zaporizhia_Oblast.html
Pobeda Cinema, 2.5, Fun & Games, /Attraction_Review-g3167800-d15014089-Reviews-Pobeda_Cinema-Melitopol_Zaporizhia_Oblast.html, /Attractions-g3167800-Activities-Melitopol_Zaporizhia_Oblast.html
Fly Kids, None, Water & Amusement Parks, /Attraction_Review-g3167800-d19760742-Reviews-Fly_Kids-Melitopol_Zaporizhia_Oblast.html, /Attractions-g3167800-Activities-Melitopol_Zaporizhia_Oblast.html
