attraction_name, attraction_rate, attraction_type, attraction_url, attraction_parent_url
Sources of Mineral Water, 4.5, Nature & Parks, /Attraction_Review-g1936405-d9797472-Reviews-Sources_of_Mineral_Water-Myrhorod_Poltava_Oblast.html, /Attractions-g1936405-Activities-Myrhorod_Poltava_Oblast.html
Kurortny Park, 4.5, Nature & Parks, /Attraction_Review-g1936405-d9797195-Reviews-Kurortny_Park-Myrhorod_Poltava_Oblast.html, /Attractions-g1936405-Activities-Myrhorod_Poltava_Oblast.html
Mirgorodskaya Luzha, 4.5, Nature & Parks, /Attraction_Review-g1936405-d9797135-Reviews-Mirgorodskaya_Luzha-Myrhorod_Poltava_Oblast.html, /Attractions-g1936405-Activities-Myrhorod_Poltava_Oblast.html
Museum of Guramishvili, 4.0, Museums, /Attraction_Review-g1936405-d9797117-Reviews-Museum_of_Guramishvili-Myrhorod_Poltava_Oblast.html, /Attractions-g1936405-Activities-Myrhorod_Poltava_Oblast.html
Myrhorod Local Lore Museum, 3.5, Museums, /Attraction_Review-g1936405-d9797121-Reviews-Myrhorod_Local_Lore_Museum-Myrhorod_Poltava_Oblast.html, /Attractions-g1936405-Activities-Myrhorod_Poltava_Oblast.html
