attraction_name, attraction_rate, attraction_type, attraction_url, attraction_parent_url
Cretaceous rocks of Belokuzminovka, None, Nature & Parks, /Attraction_Review-g4452616-d12793816-Reviews-Cretaceous_rocks_of_Belokuzminovka-Kramatorsk_Donetsk_Oblast.html, /Attractions-g4452616-Activities-Kramatorsk_Donetsk_Oblast.html
Cinema Rodina, None, Fun & Games, /Attraction_Review-g4452616-d10547049-Reviews-Cinema_Rodina-Kramatorsk_Donetsk_Oblast.html, /Attractions-g4452616-Activities-Kramatorsk_Donetsk_Oblast.html
Kramatorsk Regional Landscape Park, None, Nature & Parks, /Attraction_Review-g4452616-d21332128-Reviews-Kramatorsk_Regional_Landscape_Park-Kramatorsk_Donetsk_Oblast.html, /Attractions-g4452616-Activities-Kramatorsk_Donetsk_Oblast.html
Vykhod, None, Fun & Games, /Attraction_Review-g4452616-d15154658-Reviews-Vykhod-Kramatorsk_Donetsk_Oblast.html, /Attractions-g4452616-Activities-Kramatorsk_Donetsk_Oblast.html
