attraction_name, attraction_rate, attraction_type, attraction_url, attraction_parent_url
Chapel of the Holy Prince Peter and Fevronia of Murom, 5.0, Sights & Landmarks, /Attraction_Review-g1575093-d8660923-Reviews-Chapel_of_the_Holy_Prince_Peter_and_Fevronia_of_Murom-Nikopol_Dnipropetrovsk_Obl.html, /Attractions-g1575093-Activities-Nikopol_Dnipropetrovsk_Oblast.html
Church of the Nativity of the Blessed Virgin, 5.0, Sights & Landmarks, /Attraction_Review-g1575093-d11699565-Reviews-Church_of_the_Nativity_of_the_Blessed_Virgin-Nikopol_Dnipropetrovsk_Oblast.html, /Attractions-g1575093-Activities-Nikopol_Dnipropetrovsk_Oblast.html
City Embankment, 3.5, Sights & Landmarks, /Attraction_Review-g1575093-d11699608-Reviews-City_Embankment-Nikopol_Dnipropetrovsk_Oblast.html, /Attractions-g1575093-Activities-Nikopol_Dnipropetrovsk_Oblast.html
7 Sichey, 5.0, Tours, /Attraction_Review-g1575093-d11677676-Reviews-7_Sichey-Nikopol_Dnipropetrovsk_Oblast.html, /Attractions-g1575093-Activities-Nikopol_Dnipropetrovsk_Oblast.html
Savior Transfiguration Cathedral, None, Sights & Landmarks, /Attraction_Review-g1575093-d12344329-Reviews-Savior_Transfiguration_Cathedral-Nikopol_Dnipropetrovsk_Oblast.html, /Attractions-g1575093-Activities-Nikopol_Dnipropetrovsk_Oblast.html
