attraction_name, attraction_rate, attraction_type, attraction_url, attraction_parent_url
State Historical Cultural Preserve Busha, None, Sights & Landmarks, /Attraction_Review-g3697872-d3678503-Reviews-State_Historical_Cultural_Preserve_Busha-Busha_Vinnytsia_Oblast.html, /Attractions-g3697872-Activities-Busha_Vinnytsia_Oblast.html
Busha Ethnographic Museum, None, Museums, /Attraction_Review-g3697872-d6733962-Reviews-Busha_Ethnographic_Museum-Busha_Vinnytsia_Oblast.html, /Attractions-g3697872-Activities-Busha_Vinnytsia_Oblast.html
Busha Castle, None, Sights & Landmarks, /Attraction_Review-g3697872-d6733957-Reviews-Busha_Castle-Busha_Vinnytsia_Oblast.html, /Attractions-g3697872-Activities-Busha_Vinnytsia_Oblast.html
Busha Cossack Cemetery, None, Sights & Landmarks, /Attraction_Review-g3697872-d6733960-Reviews-Busha_Cossack_Cemetery-Busha_Vinnytsia_Oblast.html, /Attractions-g3697872-Activities-Busha_Vinnytsia_Oblast.html
Busha Historic Sculpture Park, None, Nature & Parks, /Attraction_Review-g3697872-d6733961-Reviews-Busha_Historic_Sculpture_Park-Busha_Vinnytsia_Oblast.html, /Attractions-g3697872-Activities-Busha_Vinnytsia_Oblast.html
Haydamatskiy Yar, None, Outdoor Activities, /Attraction_Review-g3697872-d6733965-Reviews-Haydamatskiy_Yar-Busha_Vinnytsia_Oblast.html, /Attractions-g3697872-Activities-Busha_Vinnytsia_Oblast.html
Busha Rock Monastery, None, Sights & Landmarks, /Attraction_Review-g3697872-d6733959-Reviews-Busha_Rock_Monastery-Busha_Vinnytsia_Oblast.html, /Attractions-g3697872-Activities-Busha_Vinnytsia_Oblast.html
