attraction_name, attraction_rate, attraction_type, attraction_url, attraction_parent_url
Castle Ruins at Skala Podilska, None, Sights & Landmarks, /Attraction_Review-g2550510-d2315244-Reviews-Castle_Ruins_at_Skala_Podilska-Skala_Podil_s_ka_Ternopil_Oblast.html, /Attractions-g2550510-Activities-Skala_Podil_s_ka_Ternopil_Oblast.html
St. Nicolas Church, None, Sights & Landmarks, /Attraction_Review-g2550510-d6527893-Reviews-St_Nicolas_Church-Skala_Podil_s_ka_Ternopil_Oblast.html, /Attractions-g2550510-Activities-Skala_Podil_s_ka_Ternopil_Oblast.html
Madonna Assumption Cathedral, None, Sights & Landmarks, /Attraction_Review-g2550510-d6527897-Reviews-Madonna_Assumption_Cathedral-Skala_Podil_s_ka_Ternopil_Oblast.html, /Attractions-g2550510-Activities-Skala_Podil_s_ka_Ternopil_Oblast.html
Skala-Podilskiy Park, None, Nature & Parks, /Attraction_Review-g2550510-d6733969-Reviews-Skala_Podilskiy_Park-Skala_Podil_s_ka_Ternopil_Oblast.html, /Attractions-g2550510-Activities-Skala_Podil_s_ka_Ternopil_Oblast.html
Old Jewish Cemetery, None, Sights & Landmarks, /Attraction_Review-g2550510-d6733978-Reviews-Old_Jewish_Cemetery-Skala_Podil_s_ka_Ternopil_Oblast.html, /Attractions-g2550510-Activities-Skala_Podil_s_ka_Ternopil_Oblast.html
Golukhovskiy Mansion, None, Sights & Landmarks, /Attraction_Review-g2550510-d6527896-Reviews-Golukhovskiy_Mansion-Skala_Podil_s_ka_Ternopil_Oblast.html, /Attractions-g2550510-Activities-Skala_Podil_s_ka_Ternopil_Oblast.html
Old Polish Cemetery, None, Sights & Landmarks, /Attraction_Review-g2550510-d6733972-Reviews-Old_Polish_Cemetery-Skala_Podil_s_ka_Ternopil_Oblast.html, /Attractions-g2550510-Activities-Skala_Podil_s_ka_Ternopil_Oblast.html
Red Army Soldiers Common Grave, None, Sights & Landmarks, /Attraction_Review-g2550510-d6733977-Reviews-Red_Army_Soldiers_Common_Grave-Skala_Podil_s_ka_Ternopil_Oblast.html, /Attractions-g2550510-Activities-Skala_Podil_s_ka_Ternopil_Oblast.html
Former Beth Am Synagogue, None, Sights & Landmarks, /Attraction_Review-g2550510-d6733975-Reviews-Former_Beth_Am_Synagogue-Skala_Podil_s_ka_Ternopil_Oblast.html, /Attractions-g2550510-Activities-Skala_Podil_s_ka_Ternopil_Oblast.html
Bohdan Khmelnitskiy Statue, None, Sights & Landmarks, /Attraction_Review-g2550510-d6733968-Reviews-Bohdan_Khmelnitskiy_Statue-Skala_Podil_s_ka_Ternopil_Oblast.html, /Attractions-g2550510-Activities-Skala_Podil_s_ka_Ternopil_Oblast.html
