attraction_name, attraction_rate, attraction_type, attraction_url, attraction_parent_url
Gopri Embankment, None, Sights & Landmarks, /Attraction_Review-g12157497-d12290987-Reviews-Gopri_Embankment-Hola_Prystan_Kherson_Oblast.html, /Attractions-g12157497-Activities-Hola_Prystan_Kherson_Oblast.html
Salt Lake Preserve, None, Nature & Parks, /Attraction_Review-g12157497-d12290984-Reviews-Salt_Lake_Preserve-Hola_Prystan_Kherson_Oblast.html, /Attractions-g12157497-Activities-Hola_Prystan_Kherson_Oblast.html
Black Sea Biosphere Reserve, None, Nature & Parks, /Attraction_Review-g12157497-d21094738-Reviews-Black_Sea_Biosphere_Reserve-Hola_Prystan_Kherson_Oblast.html, /Attractions-g12157497-Activities-Hola_Prystan_Kherson_Oblast.html
Bobrovoye Lake, None, Nature & Parks, /Attraction_Review-g12157497-d21094735-Reviews-Bobrovoye_Lake-Hola_Prystan_Kherson_Oblast.html, /Attractions-g12157497-Activities-Hola_Prystan_Kherson_Oblast.html
Chaika Holiday Village, None, Outdoor Activities, /Attraction_Review-g12157497-d12278970-Reviews-Chaika_Holiday_Village-Hola_Prystan_Kherson_Oblast.html, /Attractions-g12157497-Activities-Hola_Prystan_Kherson_Oblast.html
