attraction_name, attraction_rate, attraction_type, attraction_url, attraction_parent_url
Dolphinarium Oskar, None, Zoos & Aquariums, /Attraction_Review-g940874-d10298101-Reviews-Dolphinarium_Oskar-Truskavets_Lviv_Oblast.html, /Attractions-g940874-Activities-Truskavets_Lviv_Oblast.html
The Spring №1, None, Nature & Parks, /Attraction_Review-g940874-d8650390-Reviews-The_Spring_1-Truskavets_Lviv_Oblast.html, /Attractions-g940874-Activities-Truskavets_Lviv_Oblast.html
Landscape Park Podgorye, None, Nature & Parks, /Attraction_Review-g940874-d10365328-Reviews-Landscape_Park_Podgorye-Truskavets_Lviv_Oblast.html, /Attractions-g940874-Activities-Truskavets_Lviv_Oblast.html
Kurortny Park, None, Nature & Parks, /Attraction_Review-g940874-d9737779-Reviews-Kurortny_Park-Truskavets_Lviv_Oblast.html, /Attractions-g940874-Activities-Truskavets_Lviv_Oblast.html
Museum of the History of the Resort Truskavets, None, Museums, /Attraction_Review-g940874-d9737790-Reviews-Museum_of_the_History_of_the_Resort_Truskavets-Truskavets_Lviv_Oblast.html, /Attractions-g940874-Activities-Truskavets_Lviv_Oblast.html
Art Museum Mikhail Bilas, None, Museums, /Attraction_Review-g940874-d9737783-Reviews-Art_Museum_Mikhail_Bilas-Truskavets_Lviv_Oblast.html, /Attractions-g940874-Activities-Truskavets_Lviv_Oblast.html
Assumption Church of Blessed Virgin Mary, None, Sights & Landmarks, /Attraction_Review-g940874-d11948970-Reviews-Assumption_Church_of_Blessed_Virgin_Mary-Truskavets_Lviv_Oblast.html, /Attractions-g940874-Activities-Truskavets_Lviv_Oblast.html
Jesus Christ Statue, None, Sights & Landmarks, /Attraction_Review-g940874-d15036969-Reviews-Jesus_Christ_Statue-Truskavets_Lviv_Oblast.html, /Attractions-g940874-Activities-Truskavets_Lviv_Oblast.html
Central Square, None, Sights & Landmarks, /Attraction_Review-g940874-d10365348-Reviews-Central_Square-Truskavets_Lviv_Oblast.html, /Attractions-g940874-Activities-Truskavets_Lviv_Oblast.html
The Spring №6 - Edvard, None, Nature & Parks, /Attraction_Review-g940874-d8647059-Reviews-The_Spring_6_Edvard-Truskavets_Lviv_Oblast.html, /Attractions-g940874-Activities-Truskavets_Lviv_Oblast.html
