attraction_name, attraction_rate, attraction_type, attraction_url, attraction_parent_url
Zbarazh Castle, None, Sights & Landmarks, /Attraction_Review-g2717707-d2697679-Reviews-Zbarazh_Castle-Zbarazh_Ternopil_Oblast.html, /Attractions-g2717707-Activities-Zbarazh_Ternopil_Oblast.html
St. Antony Bernadine Monastery, None, Sights & Landmarks, /Attraction_Review-g2717707-d6734026-Reviews-St_Antony_Bernadine_Monastery-Zbarazh_Ternopil_Oblast.html, /Attractions-g2717707-Activities-Zbarazh_Ternopil_Oblast.html
Savior Transfiguration Church, None, Sights & Landmarks, /Attraction_Review-g2717707-d6940781-Reviews-Savior_Transfiguration_Church-Zbarazh_Ternopil_Oblast.html, /Attractions-g2717707-Activities-Zbarazh_Ternopil_Oblast.html
Assumption Church, None, Sights & Landmarks, /Attraction_Review-g2717707-d6528024-Reviews-Assumption_Church-Zbarazh_Ternopil_Oblast.html, /Attractions-g2717707-Activities-Zbarazh_Ternopil_Oblast.html
Resurrection Cathedral, None, Sights & Landmarks, /Attraction_Review-g2717707-d6528023-Reviews-Resurrection_Cathedral-Zbarazh_Ternopil_Oblast.html, /Attractions-g2717707-Activities-Zbarazh_Ternopil_Oblast.html
