attraction_name, attraction_rate, attraction_type, attraction_url, attraction_parent_url
Museum of Ukrainian Pottery, 5.0, Museums, /Attraction_Review-g8621764-d8608258-Reviews-Museum_of_Ukrainian_Pottery-Opishnya_Poltava_Oblast.html, /Attractions-g8621764-Activities-Opishnya_Poltava_Oblast.html
Krichevsky Family Museum, 5.0, Museums, /Attraction_Review-g8621764-d13945520-Reviews-Krichevsky_Family_Museum-Opishnya_Poltava_Oblast.html, /Attractions-g8621764-Activities-Opishnya_Poltava_Oblast.html
Estate Museum of Aleksandra Selyuchenko, 5.0, Museums, /Attraction_Review-g8621764-d13958181-Reviews-Estate_Museum_of_Aleksandra_Selyuchenko-Opishnya_Poltava_Oblast.html, /Attractions-g8621764-Activities-Opishnya_Poltava_Oblast.html
Estate Museum of Poshyvailo Family, None, Museums, /Attraction_Review-g8621764-d13958139-Reviews-Estate_Museum_of_Poshyvailo_Family-Opishnya_Poltava_Oblast.html, /Attractions-g8621764-Activities-Opishnya_Poltava_Oblast.html
