attraction_name, attraction_rate, attraction_type, attraction_url, attraction_parent_url
Shevchenko City Park, None, Nature & Parks, /Attraction_Review-g303930-d4345684-Reviews-Shevchenko_City_Park-Ivano_Frankivsk_Ivano_Frankivsk_Oblast.html, /Attractions-g303930-Activities-Ivano_Frankivsk_Ivano_Frankivsk_Oblast.html
Rynok square, None, Sights & Landmarks, /Attraction_Review-g303930-d4173434-Reviews-Rynok_square-Ivano_Frankivsk_Ivano_Frankivsk_Oblast.html, /Attractions-g303930-Activities-Ivano_Frankivsk_Ivano_Frankivsk_Oblast.html
Stometrivka, None, Sights & Landmarks, /Attraction_Review-g303930-d4173430-Reviews-Stometrivka-Ivano_Frankivsk_Ivano_Frankivsk_Oblast.html, /Attractions-g303930-Activities-Ivano_Frankivsk_Ivano_Frankivsk_Oblast.html
Ratusha, None, Sights & Landmarks, /Attraction_Review-g303930-d13129599-Reviews-Ratusha-Ivano_Frankivsk_Ivano_Frankivsk_Oblast.html, /Attractions-g303930-Activities-Ivano_Frankivsk_Ivano_Frankivsk_Oblast.html
The Holy Resurrection Cathedral, None, Sights & Landmarks, /Attraction_Review-g303930-d6564577-Reviews-The_Holy_Resurrection_Cathedral-Ivano_Frankivsk_Ivano_Frankivsk_Oblast.html, /Attractions-g303930-Activities-Ivano_Frankivsk_Ivano_Frankivsk_Oblast.html
Town Lake, None, Nature & Parks, /Attraction_Review-g303930-d4345698-Reviews-Town_Lake-Ivano_Frankivsk_Ivano_Frankivsk_Oblast.html, /Attractions-g303930-Activities-Ivano_Frankivsk_Ivano_Frankivsk_Oblast.html
Prycarpathian Museum of Arts, None, Museums, /Attraction_Review-g303930-d4173432-Reviews-Prycarpathian_Museum_of_Arts-Ivano_Frankivsk_Ivano_Frankivsk_Oblast.html, /Attractions-g303930-Activities-Ivano_Frankivsk_Ivano_Frankivsk_Oblast.html
Ivano-Frankivsk Lore Museum, None, Museums, /Attraction_Review-g303930-d6564576-Reviews-Ivano_Frankivsk_Lore_Museum-Ivano_Frankivsk_Ivano_Frankivsk_Oblast.html, /Attractions-g303930-Activities-Ivano_Frankivsk_Ivano_Frankivsk_Oblast.html
Cathedral of the Holy Virgin, None, Sights & Landmarks, /Attraction_Review-g303930-d6564578-Reviews-Cathedral_of_the_Holy_Virgin-Ivano_Frankivsk_Ivano_Frankivsk_Oblast.html, /Attractions-g303930-Activities-Ivano_Frankivsk_Ivano_Frankivsk_Oblast.html
Valy, None, Sights & Landmarks, /Attraction_Review-g303930-d4173433-Reviews-Valy-Ivano_Frankivsk_Ivano_Frankivsk_Oblast.html, /Attractions-g303930-Activities-Ivano_Frankivsk_Ivano_Frankivsk_Oblast.html
