attraction_name, attraction_rate, attraction_type, attraction_url, attraction_parent_url
Wooden Church of St. Trinity, 5.0, Sights & Landmarks, /Attraction_Review-g2167722-d2625483-Reviews-Wooden_Church_of_St_Trinity-Zhovkva_Lviv_Oblast.html, /Attractions-g2167722-Activities-Zhovkva_Lviv_Oblast.html
Vicheva Square, 4.5, Sights & Landmarks, /Attraction_Review-g2167722-d2625557-Reviews-Vicheva_Square-Zhovkva_Lviv_Oblast.html, /Attractions-g2167722-Activities-Zhovkva_Lviv_Oblast.html
Zhovkva Castle, 4.0, Sights & Landmarks, /Attraction_Review-g2167722-d2624866-Reviews-Zhovkva_Castle-Zhovkva_Lviv_Oblast.html, /Attractions-g2167722-Activities-Zhovkva_Lviv_Oblast.html
Basilian Monastery and the Heart of Christ Church, 4.5, Sights & Landmarks, /Attraction_Review-g2167722-d2625563-Reviews-Basilian_Monastery_and_the_Heart_of_Christ_Church-Zhovkva_Lviv_Oblast.html, /Attractions-g2167722-Activities-Zhovkva_Lviv_Oblast.html
Zhovkva Town Hall, 4.5, Sights & Landmarks, /Attraction_Review-g2167722-d2625559-Reviews-Zhovkva_Town_Hall-Zhovkva_Lviv_Oblast.html, /Attractions-g2167722-Activities-Zhovkva_Lviv_Oblast.html
Zhovkva Defence Synagogue, 4.0, Sights & Landmarks, /Attraction_Review-g2167722-d2625511-Reviews-Zhovkva_Defence_Synagogue-Zhovkva_Lviv_Oblast.html, /Attractions-g2167722-Activities-Zhovkva_Lviv_Oblast.html
St. Lawrence Catholic Church, 4.5, Sights & Landmarks, /Attraction_Review-g2167722-d2625552-Reviews-St_Lawrence_Catholic_Church-Zhovkva_Lviv_Oblast.html, /Attractions-g2167722-Activities-Zhovkva_Lviv_Oblast.html
St. Josaphat Church of Dominican Convent, 4.5, Sights & Landmarks, /Attraction_Review-g2167722-d2625509-Reviews-St_Josaphat_Church_of_Dominican_Convent-Zhovkva_Lviv_Oblast.html, /Attractions-g2167722-Activities-Zhovkva_Lviv_Oblast.html
Zvirynetska Gate, 4.0, Sights & Landmarks, /Attraction_Review-g2167722-d6524215-Reviews-Zvirynetska_Gate-Zhovkva_Lviv_Oblast.html, /Attractions-g2167722-Activities-Zhovkva_Lviv_Oblast.html
Glynska Gate, 3.5, Sights & Landmarks, /Attraction_Review-g2167722-d6733730-Reviews-Glynska_Gate-Zhovkva_Lviv_Oblast.html, /Attractions-g2167722-Activities-Zhovkva_Lviv_Oblast.html
Church of the Holy Apostles Peter and Paul, 3.5, Sights & Landmarks, /Attraction_Review-g2167722-d6698133-Reviews-Church_of_the_Holy_Apostles_Peter_and_Paul-Zhovkva_Lviv_Oblast.html, /Attractions-g2167722-Activities-Zhovkva_Lviv_Oblast.html
Madonna Nativity Wooden Church, 5.0, Sights & Landmarks, /Attraction_Review-g2167722-d5873972-Reviews-Madonna_Nativity_Wooden_Church-Zhovkva_Lviv_Oblast.html, /Attractions-g2167722-Activities-Zhovkva_Lviv_Oblast.html
Yevhen Konovalets Museum, None, Museums, /Attraction_Review-g2167722-d6698143-Reviews-Yevhen_Konovalets_Museum-Zhovkva_Lviv_Oblast.html, /Attractions-g2167722-Activities-Zhovkva_Lviv_Oblast.html
NKVD Victims Common Grave-Memorial, None, Sights & Landmarks, /Attraction_Review-g2167722-d6698135-Reviews-NKVD_Victims_Common_Grave_Memorial-Zhovkva_Lviv_Oblast.html, /Attractions-g2167722-Activities-Zhovkva_Lviv_Oblast.html
Charivni Ozera, None, Nature & Parks, /Attraction_Review-g2167722-d12078454-Reviews-Charivni_Ozera-Zhovkva_Lviv_Oblast.html, /Attractions-g2167722-Activities-Zhovkva_Lviv_Oblast.html
