attraction_name, attraction_rate, attraction_type, attraction_url, attraction_parent_url
Probiy Waterfall, 4.5, Nature & Parks, /Attraction_Review-g1816350-d3176869-Reviews-Probiy_Waterfall-Yaremche_Ivano_Frankivsk_Oblast.html, /Attractions-g1816350-Activities-Yaremche_Ivano_Frankivsk_Oblast.html
Mount Hoverla, 5.0, Nature & Parks, /Attraction_Review-g2360787-d6784452-Reviews-Mount_Hoverla-Vorokhta_Yaremche_Ivano_Frankivsk_Oblast.html, /Attractions-g1816350-Activities-Yaremche_Ivano_Frankivsk_Oblast.html
Rocks Dovbusha, 4.5, Nature & Parks, /Attraction_Review-g1816350-d7212371-Reviews-Rocks_Dovbusha-Yaremche_Ivano_Frankivsk_Oblast.html, /Attractions-g1816350-Activities-Yaremche_Ivano_Frankivsk_Oblast.html
Carpathian National Nature Park, 5.0, Nature & Parks, /Attraction_Review-g1816350-d9693300-Reviews-Carpathian_National_Nature_Park-Yaremche_Ivano_Frankivsk_Oblast.html, /Attractions-g1816350-Activities-Yaremche_Ivano_Frankivsk_Oblast.html
Makovytsia Mountain, 5.0, Nature & Parks, /Attraction_Review-g1816350-d12885416-Reviews-Makovytsia_Mountain-Yaremche_Ivano_Frankivsk_Oblast.html, /Attractions-g1816350-Activities-Yaremche_Ivano_Frankivsk_Oblast.html
Bridge - Viaduct, 4.5, Sights & Landmarks, /Attraction_Review-g2360787-d9599562-Reviews-Bridge_Viaduct-Vorokhta_Yaremche_Ivano_Frankivsk_Oblast.html, /Attractions-g1816350-Activities-Yaremche_Ivano_Frankivsk_Oblast.html
Yagodnaya Mountain, 5.0, Nature & Parks, /Attraction_Review-g1993058-d12174582-Reviews-Yagodnaya_Mountain-Mykulychyn_Yaremche_Ivano_Frankivsk_Oblast.html, /Attractions-g1816350-Activities-Yaremche_Ivano_Frankivsk_Oblast.html
Brewery Mikulichin, 4.5, Food & Drink, /Attraction_Review-g1993058-d9694665-Reviews-Brewery_Mikulichin-Mykulychyn_Yaremche_Ivano_Frankivsk_Oblast.html, /Attractions-g1816350-Activities-Yaremche_Ivano_Frankivsk_Oblast.html
Girske Mini-Brewery, 4.5, Food & Drink, /Attraction_Review-g1993058-d12257061-Reviews-Girske_Mini_Brewery-Mykulychyn_Yaremche_Ivano_Frankivsk_Oblast.html, /Attractions-g1816350-Activities-Yaremche_Ivano_Frankivsk_Oblast.html
Waterfall Guk, 4.5, Nature & Parks, /Attraction_Review-g2642886-d8630527-Reviews-Waterfall_Guk-Tatariv_Yaremche_Ivano_Frankivsk_Oblast.html, /Attractions-g1816350-Activities-Yaremche_Ivano_Frankivsk_Oblast.html
St Elias Wooden Church, 4.5, Sights & Landmarks, /Attraction_Review-g1816350-d3176871-Reviews-St_Elias_Wooden_Church-Yaremche_Ivano_Frankivsk_Oblast.html, /Attractions-g1816350-Activities-Yaremche_Ivano_Frankivsk_Oblast.html
Lake Nesamovitoye, 4.5, Nature & Parks, /Attraction_Review-g2360787-d9599553-Reviews-Lake_Nesamovitoye-Vorokhta_Yaremche_Ivano_Frankivsk_Oblast.html, /Attractions-g1816350-Activities-Yaremche_Ivano_Frankivsk_Oblast.html
Church of Nativity of Most Holy Mother of God, 4.5, Sights & Landmarks, /Attraction_Review-g2360787-d9599558-Reviews-Church_of_Nativity_of_Most_Holy_Mother_of_God-Vorokhta_Yaremche_Ivano_Frankivsk_.html, /Attractions-g1816350-Activities-Yaremche_Ivano_Frankivsk_Oblast.html
Park-Museum of the Carpathians in Miniature, 4.0, Museums, /Attraction_Review-g1816350-d9599237-Reviews-Park_Museum_of_the_Carpathians_in_Miniature-Yaremche_Ivano_Frankivsk_Oblast.html, /Attractions-g1816350-Activities-Yaremche_Ivano_Frankivsk_Oblast.html
Mountain Rokita, 4.5, Nature & Parks, /Attraction_Review-g1993058-d12188121-Reviews-Mountain_Rokita-Mykulychyn_Yaremche_Ivano_Frankivsk_Oblast.html, /Attractions-g1816350-Activities-Yaremche_Ivano_Frankivsk_Oblast.html
Cage Farm оf the Carpathian National Nature Park, 4.5, Nature & Parks, /Attraction_Review-g1816350-d13945492-Reviews-Cage_Farm_f_the_Carpathian_National_Nature_Park-Yaremche_Ivano_Frankivsk_Oblast.html, /Attractions-g1816350-Activities-Yaremche_Ivano_Frankivsk_Oblast.html
Nativity of St. John the Baptist, 4.5, Sights & Landmarks, /Attraction_Review-g1816350-d10467299-Reviews-Nativity_of_St_John_the_Baptist-Yaremche_Ivano_Frankivsk_Oblast.html, /Attractions-g1816350-Activities-Yaremche_Ivano_Frankivsk_Oblast.html
Museum of Ethnography and Ecology of the Carpathians, 5.0, Museums, /Attraction_Review-g1816350-d15617470-Reviews-Museum_of_Ethnography_and_Ecology_of_the_Carpathians-Yaremche_Ivano_Frankivsk_O.html, /Attractions-g1816350-Activities-Yaremche_Ivano_Frankivsk_Oblast.html
Yablonitskiy Pass, 4.0, Nature & Parks, /Attraction_Review-g5111707-d8630589-Reviews-Yablonitskiy_Pass-Yablunytsya_Yaremche_Ivano_Frankivsk_Oblast.html, /Attractions-g1816350-Activities-Yaremche_Ivano_Frankivsk_Oblast.html
Waterfall Maiden Tears, 4.0, Nature & Parks, /Attraction_Review-g1816350-d7261981-Reviews-Waterfall_Maiden_Tears-Yaremche_Ivano_Frankivsk_Oblast.html, /Attractions-g1816350-Activities-Yaremche_Ivano_Frankivsk_Oblast.html
Maricheyka Lake, 4.5, Nature & Parks, /Attraction_Review-g1816350-d10284293-Reviews-Maricheyka_Lake-Yaremche_Ivano_Frankivsk_Oblast.html, /Attractions-g1816350-Activities-Yaremche_Ivano_Frankivsk_Oblast.html
Pozhizhevska Polonina, 4.5, Nature & Parks, /Attraction_Review-g2360787-d12263637-Reviews-Pozhizhevska_Polonina-Vorokhta_Yaremche_Ivano_Frankivsk_Oblast.html, /Attractions-g1816350-Activities-Yaremche_Ivano_Frankivsk_Oblast.html
St. Michael's Wooden Church, 4.0, Sights & Landmarks, /Attraction_Review-g1816350-d3176884-Reviews-St_Michael_s_Wooden_Church-Yaremche_Ivano_Frankivsk_Oblast.html, /Attractions-g1816350-Activities-Yaremche_Ivano_Frankivsk_Oblast.html
Brebeneskul Lake, 4.5, Nature & Parks, /Attraction_Review-g2360787-d12188174-Reviews-Brebeneskul_Lake-Vorokhta_Yaremche_Ivano_Frankivsk_Oblast.html, /Attractions-g1816350-Activities-Yaremche_Ivano_Frankivsk_Oblast.html
Prutsky (Goverlyansky) Waterfall, 5.0, Nature & Parks, /Attraction_Review-g2360787-d18218646-Reviews-Prutsky_Goverlyansky_Waterfall-Vorokhta_Yaremche_Ivano_Frankivsk_Oblast.html, /Attractions-g1816350-Activities-Yaremche_Ivano_Frankivsk_Oblast.html
Museum of Andrey Shheptitskiy, None, Museums, /Attraction_Review-g1816350-d12225175-Reviews-Museum_of_Andrey_Shheptitskiy-Yaremche_Ivano_Frankivsk_Oblast.html, /Attractions-g1816350-Activities-Yaremche_Ivano_Frankivsk_Oblast.html
Gutsulshhina Museum of Traditional Symbols, None, Museums, /Attraction_Review-g1993058-d12174564-Reviews-Gutsulshhina_Museum_of_Traditional_Symbols-Mykulychyn_Yaremche_Ivano_Frankivsk_.html, /Attractions-g1816350-Activities-Yaremche_Ivano_Frankivsk_Oblast.html
Goat Farm "Green Yar", None, Sights & Landmarks, /Attraction_Review-g1993058-d12243016-Reviews-Goat_Farm_Green_Yar-Mykulychyn_Yaremche_Ivano_Frankivsk_Oblast.html, /Attractions-g1816350-Activities-Yaremche_Ivano_Frankivsk_Oblast.html
Yablunitsa, None, Nature & Parks, /Attraction_Review-g5111707-d15606646-Reviews-Yablunitsa-Yablunytsya_Yaremche_Ivano_Frankivsk_Oblast.html, /Attractions-g1816350-Activities-Yaremche_Ivano_Frankivsk_Oblast.html
Avangard, None, Nature & Parks, /Attraction_Review-g2360787-d15594364-Reviews-Avangard-Vorokhta_Yaremche_Ivano_Frankivsk_Oblast.html, /Attractions-g1816350-Activities-Yaremche_Ivano_Frankivsk_Oblast.html
