attraction_name, attraction_rate, attraction_type, attraction_url, attraction_parent_url
Transfiguration Cathedral, None, Sights & Landmarks, /Attraction_Review-g7034663-d10205966-Reviews-Transfiguration_Cathedral-Pryluky_Chernihiv_Oblast.html, /Attractions-g7034663-Activities-Pryluky_Chernihiv_Oblast.html
Monument to Lyubov Zabashta, None, Sights & Landmarks, /Attraction_Review-g7034663-d10186416-Reviews-Monument_to_Lyubov_Zabashta-Pryluky_Chernihiv_Oblast.html, /Attractions-g7034663-Activities-Pryluky_Chernihiv_Oblast.html
Candlemas Cathedral, None, Sights & Landmarks, /Attraction_Review-g7034663-d8608821-Reviews-Candlemas_Cathedral-Pryluky_Chernihiv_Oblast.html, /Attractions-g7034663-Activities-Pryluky_Chernihiv_Oblast.html
Pryluky Fortress, None, Sights & Landmarks, /Attraction_Review-g7034663-d10253264-Reviews-Pryluky_Fortress-Pryluky_Chernihiv_Oblast.html, /Attractions-g7034663-Activities-Pryluky_Chernihiv_Oblast.html
Museum of Oleg Koshevoi, None, Museums, /Attraction_Review-g7034663-d10253212-Reviews-Museum_of_Oleg_Koshevoi-Pryluky_Chernihiv_Oblast.html, /Attractions-g7034663-Activities-Pryluky_Chernihiv_Oblast.html
Church of St. John Chrysostom Nativity, None, Sights & Landmarks, /Attraction_Review-g7034663-d10183623-Reviews-Church_of_St_John_Chrysostom_Nativity-Pryluky_Chernihiv_Oblast.html, /Attractions-g7034663-Activities-Pryluky_Chernihiv_Oblast.html
Local Lore Museum of Maslov, None, Museums, /Attraction_Review-g7034663-d8608796-Reviews-Local_Lore_Museum_of_Maslov-Pryluky_Chernihiv_Oblast.html, /Attractions-g7034663-Activities-Pryluky_Chernihiv_Oblast.html
Nativity of the Virgin Cathedral, None, Sights & Landmarks, /Attraction_Review-g7034663-d10183605-Reviews-Nativity_of_the_Virgin_Cathedral-Pryluky_Chernihiv_Oblast.html, /Attractions-g7034663-Activities-Pryluky_Chernihiv_Oblast.html
Church of St. Panteleimon, None, Sights & Landmarks, /Attraction_Review-g7034663-d10205957-Reviews-Church_of_St_Panteleimon-Pryluky_Chernihiv_Oblast.html, /Attractions-g7034663-Activities-Pryluky_Chernihiv_Oblast.html
Monument to Ioasaf Belgorodskiy, None, Sights & Landmarks, /Attraction_Review-g7034663-d10183781-Reviews-Monument_to_Ioasaf_Belgorodskiy-Pryluky_Chernihiv_Oblast.html, /Attractions-g7034663-Activities-Pryluky_Chernihiv_Oblast.html
