attraction_name, attraction_rate, attraction_type, attraction_url, attraction_parent_url
Park Shcherbakova, 4.5, Nature & Parks, /Attraction_Review-g298046-d2457227-Reviews-Park_Shcherbakova-Donetsk_Donetsk_Oblast.html, /Attractions-g298046-Activities-Donetsk_Donetsk_Oblast.html
Park of Forged Figures, 4.5, Nature & Parks, /Attraction_Review-g298046-d2457224-Reviews-Park_of_Forged_Figures-Donetsk_Donetsk_Oblast.html, /Attractions-g298046-Activities-Donetsk_Donetsk_Oblast.html
Pushkin Boulevard, 5.0, Sights & Landmarks, /Attraction_Review-g298046-d3264422-Reviews-Pushkin_Boulevard-Donetsk_Donetsk_Oblast.html, /Attractions-g298046-Activities-Donetsk_Donetsk_Oblast.html
Donetsk Botanical Garden, 4.5, Nature & Parks, /Attraction_Review-g298046-d3263524-Reviews-Donetsk_Botanical_Garden-Donetsk_Donetsk_Oblast.html, /Attractions-g298046-Activities-Donetsk_Donetsk_Oblast.html
Church of Saints Peter and Fevronia, 5.0, Sights & Landmarks, /Attraction_Review-g298046-d16737975-Reviews-Church_of_Saints_Peter_and_Fevronia-Donetsk_Donetsk_Oblast.html, /Attractions-g298046-Activities-Donetsk_Donetsk_Oblast.html
The Holy Transfiguration Cathedral, 4.5, Sights & Landmarks, /Attraction_Review-g298046-d3264346-Reviews-The_Holy_Transfiguration_Cathedral-Donetsk_Donetsk_Oblast.html, /Attractions-g298046-Activities-Donetsk_Donetsk_Oblast.html
Donbass Arena, 5.0, Sights & Landmarks, /Attraction_Review-g298046-d600528-Reviews-Donbass_Arena-Donetsk_Donetsk_Oblast.html, /Attractions-g298046-Activities-Donetsk_Donetsk_Oblast.html
The Tsar Cannon, 4.5, Sights & Landmarks, /Attraction_Review-g298046-d3263805-Reviews-The_Tsar_Cannon-Donetsk_Donetsk_Oblast.html, /Attractions-g298046-Activities-Donetsk_Donetsk_Oblast.html
The River Calmius, 4.0, Nature & Parks, /Attraction_Review-g298046-d600533-Reviews-The_River_Calmius-Donetsk_Donetsk_Oblast.html, /Attractions-g298046-Activities-Donetsk_Donetsk_Oblast.html
Donetsk Regional Museum of Local History, 4.0, Museums, /Attraction_Review-g298046-d3263842-Reviews-Donetsk_Regional_Museum_of_Local_History-Donetsk_Donetsk_Oblast.html, /Attractions-g298046-Activities-Donetsk_Donetsk_Oblast.html
Donetsk National Academical Opera and Ballet Theatre, 4.5, Concerts & Shows, /Attraction_Review-g298046-d3263853-Reviews-Donetsk_National_Academical_Opera_and_Ballet_Theatre-Donetsk_Donetsk_Oblast.html, /Attractions-g298046-Activities-Donetsk_Donetsk_Oblast.html
History of the Great Patriotic War Museum, 5.0, Museums, /Attraction_Review-g298046-d6490643-Reviews-History_of_the_Great_Patriotic_War_Museum-Donetsk_Donetsk_Oblast.html, /Attractions-g298046-Activities-Donetsk_Donetsk_Oblast.html
Donbass Liberators Memorial complex, 5.0, Sights & Landmarks, /Attraction_Review-g298046-d3264414-Reviews-Donbass_Liberators_Memorial_complex-Donetsk_Donetsk_Oblast.html, /Attractions-g298046-Activities-Donetsk_Donetsk_Oblast.html
Holy Virgin Church, 4.5, Sights & Landmarks, /Attraction_Review-g298046-d6493067-Reviews-Holy_Virgin_Church-Donetsk_Donetsk_Oblast.html, /Attractions-g298046-Activities-Donetsk_Donetsk_Oblast.html
Art-Donbass, 4.5, Museums, /Attraction_Review-g298046-d3264404-Reviews-Art_Donbass-Donetsk_Donetsk_Oblast.html, /Attractions-g298046-Activities-Donetsk_Donetsk_Oblast.html
Aquapark Aquasferra, 3.5, Water & Amusement Parks, /Attraction_Review-g298046-d4037930-Reviews-Aquapark_Aquasferra-Donetsk_Donetsk_Oblast.html, /Attractions-g298046-Activities-Donetsk_Donetsk_Oblast.html
Donetsk Regional Philharmonic Society, 4.0, Concerts & Shows, /Attraction_Review-g298046-d6502227-Reviews-Donetsk_Regional_Philharmonic_Society-Donetsk_Donetsk_Oblast.html, /Attractions-g298046-Activities-Donetsk_Donetsk_Oblast.html
Victoria Park, 5.0, Nature & Parks, /Attraction_Review-g298046-d17733922-Reviews-Victoria_Park-Donetsk_Donetsk_Oblast.html, /Attractions-g298046-Activities-Donetsk_Donetsk_Oblast.html
Holy Trinity Cathedral, 4.0, Sights & Landmarks, /Attraction_Review-g298046-d6493005-Reviews-Holy_Trinity_Cathedral-Donetsk_Donetsk_Oblast.html, /Attractions-g298046-Activities-Donetsk_Donetsk_Oblast.html
Continent Mall, 5.0, Shopping, /Attraction_Review-g298046-d16814274-Reviews-Continent_Mall-Donetsk_Donetsk_Oblast.html, /Attractions-g298046-Activities-Donetsk_Donetsk_Oblast.html
Donetsk Regional Clinical Trauma Hospital, 4.0, Sights & Landmarks, /Attraction_Review-g298046-d16939759-Reviews-Donetsk_Regional_Clinical_Trauma_Hospital-Donetsk_Donetsk_Oblast.html, /Attractions-g298046-Activities-Donetsk_Donetsk_Oblast.html
Park  of the Konti Factory, 5.0, Nature & Parks, /Attraction_Review-g298046-d17714544-Reviews-Park_of_the_Konti_Factory-Donetsk_Donetsk_Oblast.html, /Attractions-g298046-Activities-Donetsk_Donetsk_Oblast.html
GREEN Plaza, 4.0, Shopping, /Attraction_Review-g298046-d17348296-Reviews-GREEN_Plaza-Donetsk_Donetsk_Oblast.html, /Attractions-g298046-Activities-Donetsk_Donetsk_Oblast.html
Donetsk Planetarium, 4.5, Museums, /Attraction_Review-g298046-d554207-Reviews-Donetsk_Planetarium-Donetsk_Donetsk_Oblast.html, /Attractions-g298046-Activities-Donetsk_Donetsk_Oblast.html
Mertsalov’s Palm, 4.5, Sights & Landmarks, /Attraction_Review-g298046-d3264834-Reviews-Mertsalov_s_Palm-Donetsk_Donetsk_Oblast.html, /Attractions-g298046-Activities-Donetsk_Donetsk_Oblast.html
Temple of Xenia of St. Petersburg, 4.5, Sights & Landmarks, /Attraction_Review-g298046-d7041149-Reviews-Temple_of_Xenia_of_St_Petersburg-Donetsk_Donetsk_Oblast.html, /Attractions-g298046-Activities-Donetsk_Donetsk_Oblast.html
Mine Hole 4/4 BIS Memorial Complex, 5.0, Sights & Landmarks, /Attraction_Review-g298046-d17065492-Reviews-Mine_Hole_4_4_BIS_Memorial_Complex-Donetsk_Donetsk_Oblast.html, /Attractions-g298046-Activities-Donetsk_Donetsk_Oblast.html
Park named after the 30th Anniversary of Victory, 5.0, Nature & Parks, /Attraction_Review-g298046-d17343298-Reviews-Park_named_after_the_30th_Anniversary_of_Victory-Donetsk_Donetsk_Oblast.html, /Attractions-g298046-Activities-Donetsk_Donetsk_Oblast.html
Donetsk Republican Palace of Children's and Youth Creativity, 4.0, Sights & Landmarks, /Attraction_Review-g298046-d16756032-Reviews-Donetsk_Republican_Palace_of_Children_s_and_Youth_Creativity-Donetsk_Donetsk_Obl.html, /Attractions-g298046-Activities-Donetsk_Donetsk_Oblast.html
Monument to Sergey Bubka, 4.0, Sights & Landmarks, /Attraction_Review-g298046-d3317109-Reviews-Monument_to_Sergey_Bubka-Donetsk_Donetsk_Oblast.html, /Attractions-g298046-Activities-Donetsk_Donetsk_Oblast.html
