attraction_name, attraction_rate, attraction_type, attraction_url, attraction_parent_url
Olgi  Kobylyanskoi  Street, 4.5, Sights & Landmarks, /Attraction_Review-g298054-d2252321-Reviews-Olgi_Kobylyanskoi_Street-Chernivtsi_Chernivtsi_Oblast.html, /Attractions-g298054-Activities-Chernivtsi_Chernivtsi_Oblast.html
Residence of Bukovynian Metropolitans - Chernivtsi National University, 5.0, Sights & Landmarks, /Attraction_Review-g298054-d2068611-Reviews-Residence_of_Bukovynian_Metropolitans_Chernivtsi_National_University-Chernivtsi_C.html, /Attractions-g298054-Activities-Chernivtsi_Chernivtsi_Oblast.html
Jewish Cemetery, 4.0, Sights & Landmarks, /Attraction_Review-g298054-d3262105-Reviews-Jewish_Cemetery-Chernivtsi_Chernivtsi_Oblast.html, /Attractions-g298054-Activities-Chernivtsi_Chernivtsi_Oblast.html
Chernivtsi City Hall, 4.5, Sights & Landmarks, /Attraction_Review-g298054-d3262042-Reviews-Chernivtsi_City_Hall-Chernivtsi_Chernivtsi_Oblast.html, /Attractions-g298054-Activities-Chernivtsi_Chernivtsi_Oblast.html
Shevchenko Central Park of Culture and Leisure, 4.5, Nature & Parks, /Attraction_Review-g298054-d3295234-Reviews-Shevchenko_Central_Park_of_Culture_and_Leisure-Chernivtsi_Chernivtsi_Oblast.html, /Attractions-g298054-Activities-Chernivtsi_Chernivtsi_Oblast.html
Chernivtsi Drama Theatre, 4.5, Concerts & Shows, /Attraction_Review-g298054-d600769-Reviews-Chernivtsi_Drama_Theatre-Chernivtsi_Chernivtsi_Oblast.html, /Attractions-g298054-Activities-Chernivtsi_Chernivtsi_Oblast.html
Chernivtsi Museum of Arts, 4.5, Museums, /Attraction_Review-g298054-d3264989-Reviews-Chernivtsi_Museum_of_Arts-Chernivtsi_Chernivtsi_Oblast.html, /Attractions-g298054-Activities-Chernivtsi_Chernivtsi_Oblast.html
Teatralna Square, 4.5, Sights & Landmarks, /Attraction_Review-g298054-d6641394-Reviews-Teatralna_Square-Chernivtsi_Chernivtsi_Oblast.html, /Attractions-g298054-Activities-Chernivtsi_Chernivtsi_Oblast.html
Armenian Church, 4.5, Sights & Landmarks, /Attraction_Review-g298054-d3262054-Reviews-Armenian_Church-Chernivtsi_Chernivtsi_Oblast.html, /Attractions-g298054-Activities-Chernivtsi_Chernivtsi_Oblast.html
Museum of Bukovinian Jewish History, 4.5, Museums, /Attraction_Review-g298054-d3263158-Reviews-Museum_of_Bukovinian_Jewish_History-Chernivtsi_Chernivtsi_Oblast.html, /Attractions-g298054-Activities-Chernivtsi_Chernivtsi_Oblast.html
Church of the Heart of Jesus, 4.5, Sights & Landmarks, /Attraction_Review-g298054-d3263148-Reviews-Church_of_the_Heart_of_Jesus-Chernivtsi_Chernivtsi_Oblast.html, /Attractions-g298054-Activities-Chernivtsi_Chernivtsi_Oblast.html
The Regional Museum of Folk Architecture and Life, 4.5, Museums, /Attraction_Review-g298054-d3265029-Reviews-The_Regional_Museum_of_Folk_Architecture_and_Life-Chernivtsi_Chernivtsi_Oblast.html, /Attractions-g298054-Activities-Chernivtsi_Chernivtsi_Oblast.html
Palace of Culture - Jewish People’s House, 4.5, Sights & Landmarks, /Attraction_Review-g298054-d3263256-Reviews-Palace_of_Culture_Jewish_People_s_House-Chernivtsi_Chernivtsi_Oblast.html, /Attractions-g298054-Activities-Chernivtsi_Chernivtsi_Oblast.html
Ship House, 4.0, Sights & Landmarks, /Attraction_Review-g298054-d3262101-Reviews-Ship_House-Chernivtsi_Chernivtsi_Oblast.html, /Attractions-g298054-Activities-Chernivtsi_Chernivtsi_Oblast.html
Chernivtsi National University Botanical Garden, 4.5, Nature & Parks, /Attraction_Review-g298054-d3263391-Reviews-Chernivtsi_National_University_Botanical_Garden-Chernivtsi_Chernivtsi_Oblast.html, /Attractions-g298054-Activities-Chernivtsi_Chernivtsi_Oblast.html
Chernivtsi Train Station, 3.5, Sights & Landmarks, /Attraction_Review-g298054-d2441919-Reviews-Chernivtsi_Train_Station-Chernivtsi_Chernivtsi_Oblast.html, /Attractions-g298054-Activities-Chernivtsi_Chernivtsi_Oblast.html
Zhovtneviy Park, 4.5, Nature & Parks, /Attraction_Review-g298054-d6429043-Reviews-Zhovtneviy_Park-Chernivtsi_Chernivtsi_Oblast.html, /Attractions-g298054-Activities-Chernivtsi_Chernivtsi_Oblast.html
St Nicholas Cathedral, 4.5, Sights & Landmarks, /Attraction_Review-g298054-d3262049-Reviews-St_Nicholas_Cathedral-Chernivtsi_Chernivtsi_Oblast.html, /Attractions-g298054-Activities-Chernivtsi_Chernivtsi_Oblast.html
The Holy Spirit Orthodox Cathedral, 4.5, Sights & Landmarks, /Attraction_Review-g298054-d3262089-Reviews-The_Holy_Spirit_Orthodox_Cathedral-Chernivtsi_Chernivtsi_Oblast.html, /Attractions-g298054-Activities-Chernivtsi_Chernivtsi_Oblast.html
Kalinovskiy Market, 4.5, Food & Drink, /Attraction_Review-g298054-d10805042-Reviews-Kalinovskiy_Market-Chernivtsi_Chernivtsi_Oblast.html, /Attractions-g298054-Activities-Chernivtsi_Chernivtsi_Oblast.html
Chernivtsi Museum of Local Lore, 4.0, Museums, /Attraction_Review-g298054-d3262048-Reviews-Chernivtsi_Museum_of_Local_Lore-Chernivtsi_Chernivtsi_Oblast.html, /Attractions-g298054-Activities-Chernivtsi_Chernivtsi_Oblast.html
German House, 4.5, Sights & Landmarks, /Attraction_Review-g298054-d3262977-Reviews-German_House-Chernivtsi_Chernivtsi_Oblast.html, /Attractions-g298054-Activities-Chernivtsi_Chernivtsi_Oblast.html
Turkish Well, 4.0, Sights & Landmarks, /Attraction_Review-g298054-d5794275-Reviews-Turkish_Well-Chernivtsi_Chernivtsi_Oblast.html, /Attractions-g298054-Activities-Chernivtsi_Chernivtsi_Oblast.html
Alley of Stars, 3.5, Sights & Landmarks, /Attraction_Review-g298054-d5794281-Reviews-Alley_of_Stars-Chernivtsi_Chernivtsi_Oblast.html, /Attractions-g298054-Activities-Chernivtsi_Chernivtsi_Oblast.html
St. Nicholas Wooden Church, 4.5, Sights & Landmarks, /Attraction_Review-g298054-d3262610-Reviews-St_Nicholas_Wooden_Church-Chernivtsi_Chernivtsi_Oblast.html, /Attractions-g298054-Activities-Chernivtsi_Chernivtsi_Oblast.html
Holy Trinity Orthodox Cathedral, 4.5, Sights & Landmarks, /Attraction_Review-g298054-d3476485-Reviews-Holy_Trinity_Orthodox_Cathedral-Chernivtsi_Chernivtsi_Oblast.html, /Attractions-g298054-Activities-Chernivtsi_Chernivtsi_Oblast.html
Cathedral of the Assumption of the Blessed Virgin Mary, 4.5, Sights & Landmarks, /Attraction_Review-g298054-d3263266-Reviews-Cathedral_of_the_Assumption_of_the_Blessed_Virgin_Mary-Chernivtsi_Chernivtsi_Obla.html, /Attractions-g298054-Activities-Chernivtsi_Chernivtsi_Oblast.html
Franz Joseph I Statue, 3.5, Sights & Landmarks, /Attraction_Review-g298054-d3279585-Reviews-Franz_Joseph_I_Statue-Chernivtsi_Chernivtsi_Oblast.html, /Attractions-g298054-Activities-Chernivtsi_Chernivtsi_Oblast.html
Bukovynian Diaspora Museum, 4.0, Museums, /Attraction_Review-g298054-d3263222-Reviews-Bukovynian_Diaspora_Museum-Chernivtsi_Chernivtsi_Oblast.html, /Attractions-g298054-Activities-Chernivtsi_Chernivtsi_Oblast.html
Olha Kobylyanska Literature Memorial Museum, 5.0, Museums, /Attraction_Review-g298054-d3263251-Reviews-Olha_Kobylyanska_Literature_Memorial_Museum-Chernivtsi_Chernivtsi_Oblast.html, /Attractions-g298054-Activities-Chernivtsi_Chernivtsi_Oblast.html
