attraction_name, attraction_rate, attraction_type, attraction_url, attraction_parent_url
Palanok Castle, 4.5, Sights & Landmarks, /Attraction_Review-g674805-d3211008-Reviews-Palanok_Castle-Mukacheve_Zakarpattia_Oblast.html, /Attractions-g674805-Activities-Mukacheve_Zakarpattia_Oblast.html
Chimney Sweep Monument, 4.5, Sights & Landmarks, /Attraction_Review-g674805-d3373356-Reviews-Chimney_Sweep_Monument-Mukacheve_Zakarpattia_Oblast.html, /Attractions-g674805-Activities-Mukacheve_Zakarpattia_Oblast.html
Latorica River, 4.5, Nature & Parks, /Attraction_Review-g674805-d3396931-Reviews-Latorica_River-Mukacheve_Zakarpattia_Oblast.html, /Attractions-g674805-Activities-Mukacheve_Zakarpattia_Oblast.html
Mukacheve Town Hall, 4.5, Sights & Landmarks, /Attraction_Review-g674805-d3371908-Reviews-Mukacheve_Town_Hall-Mukacheve_Zakarpattia_Oblast.html, /Attractions-g674805-Activities-Mukacheve_Zakarpattia_Oblast.html
St. Cyril and Methodius Monument, 4.5, Sights & Landmarks, /Attraction_Review-g674805-d3373391-Reviews-St_Cyril_and_Methodius_Monument-Mukacheve_Zakarpattia_Oblast.html, /Attractions-g674805-Activities-Mukacheve_Zakarpattia_Oblast.html
Keltic Yard, 5.0, Food & Drink, /Attraction_Review-g674805-d6640568-Reviews-Keltic_Yard-Mukacheve_Zakarpattia_Oblast.html, /Attractions-g674805-Activities-Mukacheve_Zakarpattia_Oblast.html
St.Martin Cathedral, 4.5, Sights & Landmarks, /Attraction_Review-g674805-d3680103-Reviews-St_Martin_Cathedral-Mukacheve_Zakarpattia_Oblast.html, /Attractions-g674805-Activities-Mukacheve_Zakarpattia_Oblast.html
St. Nicholas Monastery, 4.5, Sights & Landmarks, /Attraction_Review-g674805-d3371738-Reviews-St_Nicholas_Monastery-Mukacheve_Zakarpattia_Oblast.html, /Attractions-g674805-Activities-Mukacheve_Zakarpattia_Oblast.html
Myru Square, 4.5, Sights & Landmarks, /Attraction_Review-g674805-d6767282-Reviews-Myru_Square-Mukacheve_Zakarpattia_Oblast.html, /Attractions-g674805-Activities-Mukacheve_Zakarpattia_Oblast.html
Rákóczi-Schönborn Palace, 3.5, Sights & Landmarks, /Attraction_Review-g674805-d3373349-Reviews-Rakoczi_Schonborn_Palace-Mukacheve_Zakarpattia_Oblast.html, /Attractions-g674805-Activities-Mukacheve_Zakarpattia_Oblast.html
Church of Pochaiv Madonna Icon, 5.0, Sights & Landmarks, /Attraction_Review-g674805-d6528020-Reviews-Church_of_Pochaiv_Madonna_Icon-Mukacheve_Zakarpattia_Oblast.html, /Attractions-g674805-Activities-Mukacheve_Zakarpattia_Oblast.html
St. Joseph Chapel, 5.0, Sights & Landmarks, /Attraction_Review-g674805-d3680106-Reviews-St_Joseph_Chapel-Mukacheve_Zakarpattia_Oblast.html, /Attractions-g674805-Activities-Mukacheve_Zakarpattia_Oblast.html
Zakarpattya State Russian Drama Theatre, 5.0, Concerts & Shows, /Attraction_Review-g674805-d6767280-Reviews-Zakarpattya_State_Russian_Drama_Theatre-Mukacheve_Zakarpattia_Oblast.html, /Attractions-g674805-Activities-Mukacheve_Zakarpattia_Oblast.html
Mukacheve Church of the Assumption, 5.0, Sights & Landmarks, /Attraction_Review-g674805-d6640570-Reviews-Mukacheve_Church_of_the_Assumption-Mukacheve_Zakarpattia_Oblast.html, /Attractions-g674805-Activities-Mukacheve_Zakarpattia_Oblast.html
Honey House, 5.0, Shopping, /Attraction_Review-g674805-d3396940-Reviews-Honey_House-Mukacheve_Zakarpattia_Oblast.html, /Attractions-g674805-Activities-Mukacheve_Zakarpattia_Oblast.html
Zanozza Home Decor, 5.0, Shopping, /Attraction_Review-g674805-d20213716-Reviews-Zanozza_Home_Decor-Mukacheve_Zakarpattia_Oblast.html, /Attractions-g674805-Activities-Mukacheve_Zakarpattia_Oblast.html
Zakarpattya Sacral Wooden Architecture Exhibition, None, Museums, /Attraction_Review-g674805-d6734016-Reviews-Zakarpattya_Sacral_Wooden_Architecture_Exhibition-Mukacheve_Zakarpattia_Oblast.html, /Attractions-g674805-Activities-Mukacheve_Zakarpattia_Oblast.html
Mukacheve Picture Gallery, None, Museums, /Attraction_Review-g674805-d6640571-Reviews-Mukacheve_Picture_Gallery-Mukacheve_Zakarpattia_Oblast.html, /Attractions-g674805-Activities-Mukacheve_Zakarpattia_Oblast.html
Mihaly Munkacsy Memorial Museum, None, Museums, /Attraction_Review-g674805-d6640569-Reviews-Mihaly_Munkacsy_Memorial_Museum-Mukacheve_Zakarpattia_Oblast.html, /Attractions-g674805-Activities-Mukacheve_Zakarpattia_Oblast.html
Holy Martin Art Salon, None, Shopping, /Attraction_Review-g674805-d6940775-Reviews-Holy_Martin_Art_Salon-Mukacheve_Zakarpattia_Oblast.html, /Attractions-g674805-Activities-Mukacheve_Zakarpattia_Oblast.html
Paintball Club Omega, None, Fun & Games, /Attraction_Review-g674805-d7261989-Reviews-Paintball_Club_Omega-Mukacheve_Zakarpattia_Oblast.html, /Attractions-g674805-Activities-Mukacheve_Zakarpattia_Oblast.html
Fatoria  Lombardia, None, Sights & Landmarks, /Attraction_Review-g674805-d16815002-Reviews-Fatoria_Lombardia-Mukacheve_Zakarpattia_Oblast.html, /Attractions-g674805-Activities-Mukacheve_Zakarpattia_Oblast.html
Gusiny Marshrut, None, Sights & Landmarks, /Attraction_Review-g674805-d19760577-Reviews-Gusiny_Marshrut-Mukacheve_Zakarpattia_Oblast.html, /Attractions-g674805-Activities-Mukacheve_Zakarpattia_Oblast.html
Chocolate SPA, None, Spas & Wellness, /Attraction_Review-g674805-d21259661-Reviews-Chocolate_SPA-Mukacheve_Zakarpattia_Oblast.html, /Attractions-g674805-Activities-Mukacheve_Zakarpattia_Oblast.html
