attraction_name, attraction_rate, attraction_type, attraction_url, attraction_parent_url
Oasis Shopping and Entertainment Center, None, Shopping, /Attraction_Review-g1203138-d12276414-Reviews-Oasis_Shopping_and_Entertainment_Center-Khmelnytskyi_Khmelnytskyi_Oblast.html, /Attractions-g1203138-Activities-Khmelnytskyi_Khmelnytskyi_Oblast.html
Lybid - Plaza, None, Shopping, /Attraction_Review-g1203138-d15759105-Reviews-Lybid_Plaza-Khmelnytskyi_Khmelnytskyi_Oblast.html, /Attractions-g1203138-Activities-Khmelnytskyi_Khmelnytskyi_Oblast.html
St. Anufriy's Spring, None, Nature & Parks, /Attraction_Review-g1203138-d8608657-Reviews-St_Anufriy_s_Spring-Khmelnytskyi_Khmelnytskyi_Oblast.html, /Attractions-g1203138-Activities-Khmelnytskyi_Khmelnytskyi_Oblast.html
Art Museum of Khmelnytskyi District, None, Museums, /Attraction_Review-g1203138-d11777445-Reviews-Art_Museum_of_Khmelnytskyi_District-Khmelnytskyi_Khmelnytskyi_Oblast.html, /Attractions-g1203138-Activities-Khmelnytskyi_Khmelnytskyi_Oblast.html
Waterpark 7 Okean, None, Water & Amusement Parks, /Attraction_Review-g1203138-d9740699-Reviews-Waterpark_7_Okean-Khmelnytskyi_Khmelnytskyi_Oblast.html, /Attractions-g1203138-Activities-Khmelnytskyi_Khmelnytskyi_Oblast.html
Museum of Interesting Science Evrika, None, Museums, /Attraction_Review-g1203138-d12191837-Reviews-Museum_of_Interesting_Science_Evrika-Khmelnytskyi_Khmelnytskyi_Oblast.html, /Attractions-g1203138-Activities-Khmelnytskyi_Khmelnytskyi_Oblast.html
KVARTAL Shopping and Entertainment Center, None, Shopping, /Attraction_Review-g1203138-d12276426-Reviews-KVARTAL_Shopping_and_Entertainment_Center-Khmelnytskyi_Khmelnytskyi_Oblast.html, /Attractions-g1203138-Activities-Khmelnytskyi_Khmelnytskyi_Oblast.html
Monument of Eternal Glory, None, Sights & Landmarks, /Attraction_Review-g1203138-d11800758-Reviews-Monument_of_Eternal_Glory-Khmelnytskyi_Khmelnytskyi_Oblast.html, /Attractions-g1203138-Activities-Khmelnytskyi_Khmelnytskyi_Oblast.html
Shooters Club Lasertag, None, Fun & Games, /Attraction_Review-g1203138-d15663457-Reviews-Shooters_Club_Lasertag-Khmelnytskyi_Khmelnytskyi_Oblast.html, /Attractions-g1203138-Activities-Khmelnytskyi_Khmelnytskyi_Oblast.html
Lux Night &amp; Karaoke Club, None, Nightlife, /Attraction_Review-g1203138-d14018238-Reviews-Lux_Night_Karaoke_Club-Khmelnytskyi_Khmelnytskyi_Oblast.html, /Attractions-g1203138-Activities-Khmelnytskyi_Khmelnytskyi_Oblast.html
