attraction_name, attraction_rate, attraction_type, attraction_url, attraction_parent_url
Arboretum Oleksandriya, 4.5, Nature & Parks, /Attraction_Review-g672772-d2357608-Reviews-Arboretum_Oleksandriya-Bila_Tserkva_Kiev_Oblast.html, /Attractions-g672772-Activities-Bila_Tserkva_Kiev_Oblast.html
House of Organ and Chamber Music, 4.5, Sights & Landmarks, /Attraction_Review-g672772-d10641958-Reviews-House_of_Organ_and_Chamber_Music-Bila_Tserkva_Kiev_Oblast.html, /Attractions-g672772-Activities-Bila_Tserkva_Kiev_Oblast.html
Shopping Arcade BRUM, 4.0, Sights & Landmarks, /Attraction_Review-g672772-d10692281-Reviews-Shopping_Arcade_BRUM-Bila_Tserkva_Kiev_Oblast.html, /Attractions-g672772-Activities-Bila_Tserkva_Kiev_Oblast.html
Old Water Mill, 4.0, Sights & Landmarks, /Attraction_Review-g672772-d8714370-Reviews-Old_Water_Mill-Bila_Tserkva_Kiev_Oblast.html, /Attractions-g672772-Activities-Bila_Tserkva_Kiev_Oblast.html
Church of St. George, 5.0, Sights & Landmarks, /Attraction_Review-g672772-d10686358-Reviews-Church_of_St_George-Bila_Tserkva_Kiev_Oblast.html, /Attractions-g672772-Activities-Bila_Tserkva_Kiev_Oblast.html
Monument to Yaroslav Mudry, 4.0, Sights & Landmarks, /Attraction_Review-g672772-d10642001-Reviews-Monument_to_Yaroslav_Mudry-Bila_Tserkva_Kiev_Oblast.html, /Attractions-g672772-Activities-Bila_Tserkva_Kiev_Oblast.html
Transfiguration Cathedral, 4.0, Sights & Landmarks, /Attraction_Review-g672772-d10662860-Reviews-Transfiguration_Cathedral-Bila_Tserkva_Kiev_Oblast.html, /Attractions-g672772-Activities-Bila_Tserkva_Kiev_Oblast.html
Teplokhod Yuryev, 5.0, Boat Tours & Water Sports, /Attraction_Review-g672772-d15034137-Reviews-Teplokhod_Yuryev-Bila_Tserkva_Kiev_Oblast.html, /Attractions-g672772-Activities-Bila_Tserkva_Kiev_Oblast.html
GoncharoV, None, Spas & Wellness, /Attraction_Review-g672772-d18857955-Reviews-GoncharoV-Bila_Tserkva_Kiev_Oblast.html, /Attractions-g672772-Activities-Bila_Tserkva_Kiev_Oblast.html
