attraction_name, attraction_rate, attraction_type, attraction_url, attraction_parent_url
Menorah Center, None, Sights & Landmarks, /Attraction_Review-g298045-d6617738-Reviews-Menorah_Center-Dnipro_Dnipropetrovsk_Oblast.html, /Attractions-g298045-Activities-Dnipro_Dnipropetrovsk_Oblast.html
Museum Time Machines, None, Museums, /Attraction_Review-g298045-d9797499-Reviews-Museum_Time_Machines-Dnipro_Dnipropetrovsk_Oblast.html, /Attractions-g298045-Activities-Dnipro_Dnipropetrovsk_Oblast.html
Dnipropetrovsk National History Museum, None, Museums, /Attraction_Review-g298045-d6510645-Reviews-Dnipropetrovsk_National_History_Museum-Dnipro_Dnipropetrovsk_Oblast.html, /Attractions-g298045-Activities-Dnipro_Dnipropetrovsk_Oblast.html
Battle for Dnieper Diorama, None, Museums, /Attraction_Review-g298045-d6617732-Reviews-Battle_for_Dnieper_Diorama-Dnipro_Dnipropetrovsk_Oblast.html, /Attractions-g298045-Activities-Dnipro_Dnipropetrovsk_Oblast.html
Dnipropetrovsk University Botanical Garden, None, Nature & Parks, /Attraction_Review-g298045-d6766010-Reviews-Dnipropetrovsk_University_Botanical_Garden-Dnipro_Dnipropetrovsk_Oblast.html, /Attractions-g298045-Activities-Dnipro_Dnipropetrovsk_Oblast.html
Taras Shevchenko Park, None, Nature & Parks, /Attraction_Review-g298045-d6826644-Reviews-Taras_Shevchenko_Park-Dnipro_Dnipropetrovsk_Oblast.html, /Attractions-g298045-Activities-Dnipro_Dnipropetrovsk_Oblast.html
Waterfall, None, Nature & Parks, /Attraction_Review-g298045-d6765870-Reviews-Waterfall-Dnipro_Dnipropetrovsk_Oblast.html, /Attractions-g298045-Activities-Dnipro_Dnipropetrovsk_Oblast.html
Karl Marx Prospect, None, Sights & Landmarks, /Attraction_Review-g298045-d3447995-Reviews-Karl_Marx_Prospect-Dnipro_Dnipropetrovsk_Oblast.html, /Attractions-g298045-Activities-Dnipro_Dnipropetrovsk_Oblast.html
ATO Museum, None, Museums, /Attraction_Review-g298045-d12631225-Reviews-ATO_Museum-Dnipro_Dnipropetrovsk_Oblast.html, /Attractions-g298045-Activities-Dnipro_Dnipropetrovsk_Oblast.html
Memory of The Jewish People and The Holocaust In Ukraine Museum, None, Museums, /Attraction_Review-g298045-d6617739-Reviews-Memory_of_The_Jewish_People_and_The_Holocaust_In_Ukraine_Museum-Dnipro_Dnipropetr.html, /Attractions-g298045-Activities-Dnipro_Dnipropetrovsk_Oblast.html
