attraction_name, attraction_rate, attraction_type, attraction_url, attraction_parent_url
Buchach Basilian Fathers Monastery, 5.0, Sights & Landmarks, /Attraction_Review-g6651153-d6429346-Reviews-Buchach_Basilian_Fathers_Monastery-Buchach_Ternopil_Oblast.html, /Attractions-g6651153-Activities-Buchach_Ternopil_Oblast.html
Buchach Castle Ruins, 4.5, Sights & Landmarks, /Attraction_Review-g6651153-d6750781-Reviews-Buchach_Castle_Ruins-Buchach_Ternopil_Oblast.html, /Attractions-g6651153-Activities-Buchach_Ternopil_Oblast.html
Assumption Cathedral, 5.0, Sights & Landmarks, /Attraction_Review-g6651153-d6762484-Reviews-Assumption_Cathedral-Buchach_Ternopil_Oblast.html, /Attractions-g6651153-Activities-Buchach_Ternopil_Oblast.html
Buchatska Ratusha, 5.0, Sights & Landmarks, /Attraction_Review-g6651153-d13445490-Reviews-Buchatska_Ratusha-Buchach_Ternopil_Oblast.html, /Attractions-g6651153-Activities-Buchach_Ternopil_Oblast.html
Art-dvor, 4.5, Sights & Landmarks, /Attraction_Review-g6651153-d13445646-Reviews-Art_dvor-Buchach_Ternopil_Oblast.html, /Attractions-g6651153-Activities-Buchach_Ternopil_Oblast.html
Saint Pokrova Church, 4.5, Sights & Landmarks, /Attraction_Review-g6651153-d6762485-Reviews-Saint_Pokrova_Church-Buchach_Ternopil_Oblast.html, /Attractions-g6651153-Activities-Buchach_Ternopil_Oblast.html
Ioana Penzelya Monument, 4.5, Sights & Landmarks, /Attraction_Review-g6651153-d13445508-Reviews-Ioana_Penzelya_Monument-Buchach_Ternopil_Oblast.html, /Attractions-g6651153-Activities-Buchach_Ternopil_Oblast.html
Buchatskiy Museum of Local Lore, 4.0, Museums, /Attraction_Review-g6651153-d13445494-Reviews-Buchatskiy_Museum_of_Local_Lore-Buchach_Ternopil_Oblast.html, /Attractions-g6651153-Activities-Buchach_Ternopil_Oblast.html
Political Prisoners Museum, 4.0, Museums, /Attraction_Review-g6651153-d6762482-Reviews-Political_Prisoners_Museum-Buchach_Ternopil_Oblast.html, /Attractions-g6651153-Activities-Buchach_Ternopil_Oblast.html
St. Nicolas Church, 4.0, Sights & Landmarks, /Attraction_Review-g6651153-d6762487-Reviews-St_Nicolas_Church-Buchach_Ternopil_Oblast.html, /Attractions-g6651153-Activities-Buchach_Ternopil_Oblast.html
St. John Nepomucene Statue, None, Sights & Landmarks, /Attraction_Review-g6651153-d6750783-Reviews-St_John_Nepomucene_Statue-Buchach_Ternopil_Oblast.html, /Attractions-g6651153-Activities-Buchach_Ternopil_Oblast.html
Church of St. Archangel Michael, None, Sights & Landmarks, /Attraction_Review-g6651153-d6762488-Reviews-Church_of_St_Archangel_Michael-Buchach_Ternopil_Oblast.html, /Attractions-g6651153-Activities-Buchach_Ternopil_Oblast.html
