attraction_name, attraction_rate, attraction_type, attraction_url, attraction_parent_url
0 Kilometr, None, Sights & Landmarks, /Attraction_Review-g1026580-d5617329-Reviews-0_Kilometr-Vilkovo_Odessa_Oblast.html, /Attractions-g1026580-Activities-Vilkovo_Odessa_Oblast.html
Danube Biospheric Reserve, None, Nature & Parks, /Attraction_Review-g1026580-d6733946-Reviews-Danube_Biospheric_Reserve-Vilkovo_Odessa_Oblast.html, /Attractions-g1026580-Activities-Vilkovo_Odessa_Oblast.html
St.Nicolas Orthodox Church, None, Sights & Landmarks, /Attraction_Review-g1026580-d6733951-Reviews-St_Nicolas_Orthodox_Church-Vilkovo_Odessa_Oblast.html, /Attractions-g1026580-Activities-Vilkovo_Odessa_Oblast.html
Fishermen House - Vilkovo Lore Museum, None, Museums, /Attraction_Review-g1026580-d6527776-Reviews-Fishermen_House_Vilkovo_Lore_Museum-Vilkovo_Odessa_Oblast.html, /Attractions-g1026580-Activities-Vilkovo_Odessa_Oblast.html
St.Nicolas Wondermaker Old Believers Church, None, Sights & Landmarks, /Attraction_Review-g1026580-d6733949-Reviews-St_Nicolas_Wondermaker_Old_Believers_Church-Vilkovo_Odessa_Oblast.html, /Attractions-g1026580-Activities-Vilkovo_Odessa_Oblast.html
Lipovanin Old Believer Monument, None, Sights & Landmarks, /Attraction_Review-g1026580-d6733952-Reviews-Lipovanin_Old_Believer_Monument-Vilkovo_Odessa_Oblast.html, /Attractions-g1026580-Activities-Vilkovo_Odessa_Oblast.html
St.Peter ad Paul Old Believers Chapel, None, Sights & Landmarks, /Attraction_Review-g1026580-d6733956-Reviews-St_Peter_ad_Paul_Old_Believers_Chapel-Vilkovo_Odessa_Oblast.html, /Attractions-g1026580-Activities-Vilkovo_Odessa_Oblast.html
Madonna Nativity Old Believers Church, None, Sights & Landmarks, /Attraction_Review-g1026580-d6733947-Reviews-Madonna_Nativity_Old_Believers_Church-Vilkovo_Odessa_Oblast.html, /Attractions-g1026580-Activities-Vilkovo_Odessa_Oblast.html
Vilkovo-Tour, None, Tours, /Attraction_Review-g1026580-d6733955-Reviews-Vilkovo_Tour-Vilkovo_Odessa_Oblast.html, /Attractions-g1026580-Activities-Vilkovo_Odessa_Oblast.html
Kayak Club Kilimbey, None, Tours, /Attraction_Review-g1026580-d17425397-Reviews-Kayak_Club_Kilimbey-Vilkovo_Odessa_Oblast.html, /Attractions-g1026580-Activities-Vilkovo_Odessa_Oblast.html
