attraction_name, attraction_rate, attraction_type, attraction_url, attraction_parent_url
Saint Anthony Caves, None, Nature & Parks, /Attraction_Review-g298051-d3318466-Reviews-Saint_Anthony_Caves-Chernihiv_Chernihiv_Oblast.html, /Attractions-g298051-Activities-Chernihiv_Chernihiv_Oblast.html
Dytynets, None, Sights & Landmarks, /Attraction_Review-g298051-d3318413-Reviews-Dytynets-Chernihiv_Chernihiv_Oblast.html, /Attractions-g298051-Activities-Chernihiv_Chernihiv_Oblast.html
St. Trinity Cathedral, None, Sights & Landmarks, /Attraction_Review-g298051-d3321156-Reviews-St_Trinity_Cathedral-Chernihiv_Chernihiv_Oblast.html, /Attractions-g298051-Activities-Chernihiv_Chernihiv_Oblast.html
Desna River, None, Nature & Parks, /Attraction_Review-g298051-d3321120-Reviews-Desna_River-Chernihiv_Chernihiv_Oblast.html, /Attractions-g298051-Activities-Chernihiv_Chernihiv_Oblast.html
Pyatnytska Church, None, Sights & Landmarks, /Attraction_Review-g298051-d3318437-Reviews-Pyatnytska_Church-Chernihiv_Chernihiv_Oblast.html, /Attractions-g298051-Activities-Chernihiv_Chernihiv_Oblast.html
Saviour-Transfiguration Cathedral, None, Sights & Landmarks, /Attraction_Review-g298051-d3265723-Reviews-Saviour_Transfiguration_Cathedral-Chernihiv_Chernihiv_Oblast.html, /Attractions-g298051-Activities-Chernihiv_Chernihiv_Oblast.html
Yeletsky Assumption Monastery, None, Sights & Landmarks, /Attraction_Review-g298051-d3318446-Reviews-Yeletsky_Assumption_Monastery-Chernihiv_Chernihiv_Oblast.html, /Attractions-g298051-Activities-Chernihiv_Chernihiv_Oblast.html
Chernihiv Red Square, None, Sights & Landmarks, /Attraction_Review-g298051-d3336525-Reviews-Chernihiv_Red_Square-Chernihiv_Chernihiv_Oblast.html, /Attractions-g298051-Activities-Chernihiv_Chernihiv_Oblast.html
St. Catherine Church, None, Sights & Landmarks, /Attraction_Review-g298051-d3265713-Reviews-St_Catherine_Church-Chernihiv_Chernihiv_Oblast.html, /Attractions-g298051-Activities-Chernihiv_Chernihiv_Oblast.html
Fountain with Lights and Music, None, Sights & Landmarks, /Attraction_Review-g298051-d3331153-Reviews-Fountain_with_Lights_and_Music-Chernihiv_Chernihiv_Oblast.html, /Attractions-g298051-Activities-Chernihiv_Chernihiv_Oblast.html
