attraction_name, attraction_rate, attraction_type, attraction_url, attraction_parent_url
Old Town, None, Sights & Landmarks, /Attraction_Review-g295377-d598874-Reviews-Old_Town-Lviv_Lviv_Oblast.html, /Attractions-g295377-Activities-Lviv_Lviv_Oblast.html
Lviv City Hall, None, Sights & Landmarks, /Attraction_Review-g295377-d4374475-Reviews-Lviv_City_Hall-Lviv_Lviv_Oblast.html, /Attractions-g295377-Activities-Lviv_Lviv_Oblast.html
Lychakiv Cemetery, None, Museums, /Attraction_Review-g295377-d318800-Reviews-Lychakiv_Cemetery-Lviv_Lviv_Oblast.html, /Attractions-g295377-Activities-Lviv_Lviv_Oblast.html
Rynok Square, None, Sights & Landmarks, /Attraction_Review-g295377-d523254-Reviews-Rynok_Square-Lviv_Lviv_Oblast.html, /Attractions-g295377-Activities-Lviv_Lviv_Oblast.html
Lviv National Opera, None, Concerts & Shows, /Attraction_Review-g295377-d554630-Reviews-Lviv_National_Opera-Lviv_Lviv_Oblast.html, /Attractions-g295377-Activities-Lviv_Lviv_Oblast.html
Beer Cultural Experience Center “Lvivarnya”, None, Museums, /Attraction_Review-g295377-d1912034-Reviews-Beer_Cultural_Experience_Center_Lvivarnya-Lviv_Lviv_Oblast.html, /Attractions-g295377-Activities-Lviv_Lviv_Oblast.html
Insomnia - The Haunted House, None, Museums, /Attraction_Review-g295377-d10284492-Reviews-Insomnia_The_Haunted_House-Lviv_Lviv_Oblast.html, /Attractions-g295377-Activities-Lviv_Lviv_Oblast.html
Museum of Folk Architecture and Life, None, Museums, /Attraction_Review-g295377-d2542690-Reviews-Museum_of_Folk_Architecture_and_Life-Lviv_Lviv_Oblast.html, /Attractions-g295377-Activities-Lviv_Lviv_Oblast.html
Lviv High Castle, None, Sights & Landmarks, /Attraction_Review-g295377-d2190208-Reviews-Lviv_High_Castle-Lviv_Lviv_Oblast.html, /Attractions-g295377-Activities-Lviv_Lviv_Oblast.html
Svyatogo Yura Cathedral, None, Sights & Landmarks, /Attraction_Review-g295377-d555132-Reviews-Svyatogo_Yura_Cathedral-Lviv_Lviv_Oblast.html, /Attractions-g295377-Activities-Lviv_Lviv_Oblast.html
