attraction_name, attraction_rate, attraction_type, attraction_url, attraction_parent_url
Oleshky Sands, None, Nature & Parks, /Attraction_Review-g7109318-d9800229-Reviews-Oleshky_Sands-Oleshky_Kherson_Oblast.html, /Attractions-g7109318-Activities-Oleshky_Kherson_Oblast.html
Stud Farm Grand Prix, None, Outdoor Activities, /Attraction_Review-g7109318-d9800250-Reviews-Stud_Farm_Grand_Prix-Oleshky_Kherson_Oblast.html, /Attractions-g7109318-Activities-Oleshky_Kherson_Oblast.html
Butsefal Horse Lovers Club, None, Outdoor Activities, /Attraction_Review-g7109318-d9800255-Reviews-Butsefal_Horse_Lovers_Club-Oleshky_Kherson_Oblast.html, /Attractions-g7109318-Activities-Oleshky_Kherson_Oblast.html
The base of Green Tourism Chumatska Krinitsa, None, Spas & Wellness, /Attraction_Review-g7109318-d9800239-Reviews-The_base_of_Green_Tourism_Chumatska_Krinitsa-Oleshky_Kherson_Oblast.html, /Attractions-g7109318-Activities-Oleshky_Kherson_Oblast.html
Prishhukovoye Iodistoye Lake, None, Nature & Parks, /Attraction_Review-g7109318-d17171973-Reviews-Prishhukovoye_Iodistoye_Lake-Oleshky_Kherson_Oblast.html, /Attractions-g7109318-Activities-Oleshky_Kherson_Oblast.html
