attraction_name, attraction_rate, attraction_type, attraction_url, attraction_parent_url
Church of Sts. Anna, None, Sights & Landmarks, /Attraction_Review-g3858003-d9737750-Reviews-Church_of_Sts_Anna-Boryslav_Lviv_Oblast.html, /Attractions-g3858003-Activities-Boryslav_Lviv_Oblast.html
Museum of the History of Oil&& Ozokerite and Gas Industry, None, Museums, /Attraction_Review-g3858003-d9737754-Reviews-Museum_of_the_History_of_Oil_Ozokerite_and_Gas_Industry-Boryslav_Lviv_Oblast.html, /Attractions-g3858003-Activities-Boryslav_Lviv_Oblast.html
Ski Complex Bukovytsia, None, Nature & Parks, /Attraction_Review-g3858003-d10804879-Reviews-Ski_Complex_Bukovytsia-Boryslav_Lviv_Oblast.html, /Attractions-g3858003-Activities-Boryslav_Lviv_Oblast.html
Krutogor 365, None, Nature & Parks, /Attraction_Review-g3858003-d15549806-Reviews-Krutogor_365-Boryslav_Lviv_Oblast.html, /Attractions-g3858003-Activities-Boryslav_Lviv_Oblast.html
