attraction_name, attraction_rate, attraction_type, attraction_url, attraction_parent_url
Lubart's Castle, None, Sights & Landmarks, /Attraction_Review-g1602458-d2510792-Reviews-Lubart_s_Castle-Lutsk_Volyn_Oblast.html, /Attractions-g1602458-Activities-Lutsk_Volyn_Oblast.html
Lutsk Zoo, None, Zoos & Aquariums, /Attraction_Review-g1602458-d5788444-Reviews-Lutsk_Zoo-Lutsk_Volyn_Oblast.html, /Attractions-g1602458-Activities-Lutsk_Volyn_Oblast.html
House of architect Golovan, None, Sights & Landmarks, /Attraction_Review-g1602458-d2689113-Reviews-House_of_architect_Golovan-Lutsk_Volyn_Oblast.html, /Attractions-g1602458-Activities-Lutsk_Volyn_Oblast.html
Lesya Ukrainka Central Park, None, Nature & Parks, /Attraction_Review-g1602458-d6429071-Reviews-Lesya_Ukrainka_Central_Park-Lutsk_Volyn_Oblast.html, /Attractions-g1602458-Activities-Lutsk_Volyn_Oblast.html
Volynskiy Regional Museum Ukrainian Military Equipment, None, Museums, /Attraction_Review-g1602458-d2512210-Reviews-Volynskiy_Regional_Museum_Ukrainian_Military_Equipment-Lutsk_Volyn_Oblast.html, /Attractions-g1602458-Activities-Lutsk_Volyn_Oblast.html
Eternal Glory Memorial Complex, None, Sights & Landmarks, /Attraction_Review-g1602458-d5777746-Reviews-Eternal_Glory_Memorial_Complex-Lutsk_Volyn_Oblast.html, /Attractions-g1602458-Activities-Lutsk_Volyn_Oblast.html
Lutsk Dungeon, None, Museums, /Attraction_Review-g1602458-d5774612-Reviews-Lutsk_Dungeon-Lutsk_Volyn_Oblast.html, /Attractions-g1602458-Activities-Lutsk_Volyn_Oblast.html
St. Peter and St. Paul Cathedral, None, Sights & Landmarks, /Attraction_Review-g1602458-d2512207-Reviews-St_Peter_and_St_Paul_Cathedral-Lutsk_Volyn_Oblast.html, /Attractions-g1602458-Activities-Lutsk_Volyn_Oblast.html
The Korsaks Museum of Contemporary Ukrainian Art, None, Museums, /Attraction_Review-g1602458-d15147841-Reviews-The_Korsaks_Museum_of_Contemporary_Ukrainian_Art-Lutsk_Volyn_Oblast.html, /Attractions-g1602458-Activities-Lutsk_Volyn_Oblast.html
Trinity Cathedral, None, Sights & Landmarks, /Attraction_Review-g1602458-d5774605-Reviews-Trinity_Cathedral-Lutsk_Volyn_Oblast.html, /Attractions-g1602458-Activities-Lutsk_Volyn_Oblast.html
