attraction_name, attraction_rate, attraction_type, attraction_url, attraction_parent_url
St. George Wooden Church, 5.0, Sights & Landmarks, /Attraction_Review-g1597598-d4881148-Reviews-St_George_Wooden_Church-Drohobych_Lviv_Oblast.html, /Attractions-g1597598-Activities-Drohobych_Lviv_Oblast.html
Drohobych Choral Synagogue, 4.5, Sights & Landmarks, /Attraction_Review-g1597598-d5774627-Reviews-Drohobych_Choral_Synagogue-Drohobych_Lviv_Oblast.html, /Attractions-g1597598-Activities-Drohobych_Lviv_Oblast.html
Drohobychyna Museum, 4.5, Museums, /Attraction_Review-g1597598-d4881155-Reviews-Drohobychyna_Museum-Drohobych_Lviv_Oblast.html, /Attractions-g1597598-Activities-Drohobych_Lviv_Oblast.html
Lviv Academic Regional Drama Theatre Drohobycha, 5.0, Concerts & Shows, /Attraction_Review-g1597598-d6940229-Reviews-Lviv_Academic_Regional_Drama_Theatre_Drohobycha-Drohobych_Lviv_Oblast.html, /Attractions-g1597598-Activities-Drohobych_Lviv_Oblast.html
Drohobych Tower, 4.5, Sights & Landmarks, /Attraction_Review-g1597598-d5774624-Reviews-Drohobych_Tower-Drohobych_Lviv_Oblast.html, /Attractions-g1597598-Activities-Drohobych_Lviv_Oblast.html
Cross Exaltation Wooden Church, 5.0, Sights & Landmarks, /Attraction_Review-g1597598-d4881156-Reviews-Cross_Exaltation_Wooden_Church-Drohobych_Lviv_Oblast.html, /Attractions-g1597598-Activities-Drohobych_Lviv_Oblast.html
St. Peter and Paul Basilian Monastery, 5.0, Sights & Landmarks, /Attraction_Review-g1597598-d6198938-Reviews-St_Peter_and_Paul_Basilian_Monastery-Drohobych_Lviv_Oblast.html, /Attractions-g1597598-Activities-Drohobych_Lviv_Oblast.html
Bruno Shults Museum, 4.0, Museums, /Attraction_Review-g1597598-d6524220-Reviews-Bruno_Shults_Museum-Drohobych_Lviv_Oblast.html, /Attractions-g1597598-Activities-Drohobych_Lviv_Oblast.html
St.Bartholomew Cathedral, 5.0, Sights & Landmarks, /Attraction_Review-g1597598-d4881152-Reviews-St_Bartholomew_Cathedral-Drohobych_Lviv_Oblast.html, /Attractions-g1597598-Activities-Drohobych_Lviv_Oblast.html
Yuriy Drohobych Monument, 4.5, Sights & Landmarks, /Attraction_Review-g1597598-d6698139-Reviews-Yuriy_Drohobych_Monument-Drohobych_Lviv_Oblast.html, /Attractions-g1597598-Activities-Drohobych_Lviv_Oblast.html
Stepan Bandera Leisure Park, 4.0, Nature & Parks, /Attraction_Review-g1597598-d6698140-Reviews-Stepan_Bandera_Leisure_Park-Drohobych_Lviv_Oblast.html, /Attractions-g1597598-Activities-Drohobych_Lviv_Oblast.html
Drohobych Palace of Arts, 5.0, Museums, /Attraction_Review-g1597598-d6524217-Reviews-Drohobych_Palace_of_Arts-Drohobych_Lviv_Oblast.html, /Attractions-g1597598-Activities-Drohobych_Lviv_Oblast.html
State Historical and Cultural Reserve Naguevichi, 5.0, Museums, /Attraction_Review-g1597598-d6940254-Reviews-State_Historical_and_Cultural_Reserve_Naguevichi-Drohobych_Lviv_Oblast.html, /Attractions-g1597598-Activities-Drohobych_Lviv_Oblast.html
Drohobych Trinity Cathedral, 5.0, Sights & Landmarks, /Attraction_Review-g1597598-d5774626-Reviews-Drohobych_Trinity_Cathedral-Drohobych_Lviv_Oblast.html, /Attractions-g1597598-Activities-Drohobych_Lviv_Oblast.html
Saint Paraskeva Wooden Church, 5.0, Sights & Landmarks, /Attraction_Review-g1597598-d6618296-Reviews-Saint_Paraskeva_Wooden_Church-Drohobych_Lviv_Oblast.html, /Attractions-g1597598-Activities-Drohobych_Lviv_Oblast.html
Pope John Paul II Monument, 5.0, Sights & Landmarks, /Attraction_Review-g1597598-d6733783-Reviews-Pope_John_Paul_II_Monument-Drohobych_Lviv_Oblast.html, /Attractions-g1597598-Activities-Drohobych_Lviv_Oblast.html
Bohdan Khmelnitskiy Park, None, Nature & Parks, /Attraction_Review-g1597598-d6698144-Reviews-Bohdan_Khmelnitskiy_Park-Drohobych_Lviv_Oblast.html, /Attractions-g1597598-Activities-Drohobych_Lviv_Oblast.html
St.Job Cathedral, None, Sights & Landmarks, /Attraction_Review-g1597598-d6762481-Reviews-St_Job_Cathedral-Drohobych_Lviv_Oblast.html, /Attractions-g1597598-Activities-Drohobych_Lviv_Oblast.html
Madonna Assumption Greek Catholic Church, None, Sights & Landmarks, /Attraction_Review-g1597598-d6767229-Reviews-Madonna_Assumption_Greek_Catholic_Church-Drohobych_Lviv_Oblast.html, /Attractions-g1597598-Activities-Drohobych_Lviv_Oblast.html
The Holy Transfiguration of Lord Church, None, Sights & Landmarks, /Attraction_Review-g1597598-d6767230-Reviews-The_Holy_Transfiguration_of_Lord_Church-Drohobych_Lviv_Oblast.html, /Attractions-g1597598-Activities-Drohobych_Lviv_Oblast.html
Burgomaster Yarosh Villa, None, Sights & Landmarks, /Attraction_Review-g1597598-d6618292-Reviews-Burgomaster_Yarosh_Villa-Drohobych_Lviv_Oblast.html, /Attractions-g1597598-Activities-Drohobych_Lviv_Oblast.html
Stepan Bandera Monument, None, Sights & Landmarks, /Attraction_Review-g1597598-d6698142-Reviews-Stepan_Bandera_Monument-Drohobych_Lviv_Oblast.html, /Attractions-g1597598-Activities-Drohobych_Lviv_Oblast.html
Tourist Information Center of Drohobych, None, Traveler Resources, /Attraction_Review-g1597598-d15663416-Reviews-Tourist_Information_Center_of_Drohobych-Drohobych_Lviv_Oblast.html, /Attractions-g1597598-Activities-Drohobych_Lviv_Oblast.html
Drogobitska Solevarnya, None, Sights & Landmarks, /Attraction_Review-g1597598-d17675769-Reviews-Drogobitska_Solevarnya-Drohobych_Lviv_Oblast.html, /Attractions-g1597598-Activities-Drohobych_Lviv_Oblast.html
Galereya Vag, None, Museums, /Attraction_Review-g1597598-d20607375-Reviews-Galereya_Vag-Drohobych_Lviv_Oblast.html, /Attractions-g1597598-Activities-Drohobych_Lviv_Oblast.html
Halereya Sakralnoho Mystetstva, None, Museums, /Attraction_Review-g1597598-d20560198-Reviews-Halereya_Sakralnoho_Mystetstva-Drohobych_Lviv_Oblast.html, /Attractions-g1597598-Activities-Drohobych_Lviv_Oblast.html
Drohobytsʹka Ratusha, None, Sights & Landmarks, /Attraction_Review-g1597598-d20810856-Reviews-Drohobyts_ka_Ratusha-Drohobych_Lviv_Oblast.html, /Attractions-g1597598-Activities-Drohobych_Lviv_Oblast.html
