province_name, region_name, province_url
Zipf attractions, Upper Austria, /Attractions-g1194467-Activities-Zipf_Upper_Austria.html
Lichtenau im Waldviertel attractions, Lower Austria, /Attractions-g8354188-Activities-Lichtenau_im_Waldviertel_Lower_Austria.html
Geboltskirchen attractions, Upper Austria, /Attractions-g1194471-Activities-Geboltskirchen_Upper_Austria.html
Rettenegg attractions, Styria, /Attractions-g4997559-Activities-Rettenegg_Styria.html
Hinterthal attractions, Salzburg Region, /Attractions-g1194476-Activities-Hinterthal_Austrian_Alps.html
Bruck an der Lafnitz attractions, Styria, /Attractions-g1982989-Activities-Bruck_an_der_Lafnitz_Styria.html
Gross Gerungs attractions, Thail, /Attractions-g1989126-Activities-Gross_Gerungs_Thail_Lower_Austria.html
Sankt Georgen ob Judenburg attractions, Styria, /Attractions-g12196515-Activities-Sankt_Georgen_ob_Judenburg_Styria.html
Wilhering attractions, Upper Austria, /Attractions-g7371346-Activities-Wilhering_Upper_Austria.html
Kumberg attractions, Styria, /Attractions-g12196509-Activities-Kumberg_Styria.html
Krustetten attractions, Lower Austria, /Attractions-g4997731-Activities-Krustetten_Lower_Austria.html
Weiten attractions, Lower Austria, /Attractions-g12204684-Activities-Weiten_Lower_Austria.html
Koenigstetten attractions, Lower Austria, /Attractions-g10003106-Activities-Koenigstetten_Lower_Austria.html
Grundlsee attractions, Styria, /Attractions-g1720871-Activities-Grundlsee_Styria.html
Opponitz attractions, Lower Austria, /Attractions-g8096326-Activities-Opponitz_Lower_Austria.html
Grimmenstein attractions, Lower Austria, /Attractions-g10381984-Activities-Grimmenstein_Lower_Austria.html
Walding attractions, Upper Austria, /Attractions-g10382047-Activities-Walding_Upper_Austria.html
Weissenkirchen im Attergau attractions, Upper Austria, /Attractions-g20992777-Activities-Weissenkirchen_im_Attergau_Upper_Austria.html
Hart im Zillertal attractions, Tirol, /Attractions-g1194588-Activities-Hart_im_Zillertal_Tirol_Austrian_Alps.html
Radmer attractions, Styria, /Attractions-g12204788-Activities-Radmer_Styria.html
Brunnenthal attractions, Upper Austria, /Attractions-g7602734-Activities-Brunnenthal_Upper_Austria.html
Kalwang attractions, Styria, /Attractions-g10382021-Activities-Kalwang_Styria.html
Penk attractions, Lower Austria, /Attractions-g1196621-Activities-Penk_Lower_Austria.html
Weissbriach attractions, Carinthia, /Attractions-g1196667-Activities-Weissbriach_Carinthia_Austrian_Alps.html
Fernitz attractions, Styria, /Attractions-g7340574-Activities-Fernitz_Styria.html
Gutenstein attractions, Lower Austria, /Attractions-g10382063-Activities-Gutenstein_Lower_Austria.html
Gschnitz attractions, Tirol, /Attractions-g1194592-Activities-Gschnitz_Tirol_Austrian_Alps.html
Neuhofen an der Krems attractions, Upper Austria, /Attractions-g12536378-Activities-Neuhofen_an_der_Krems_Upper_Austria.html
Unterperfuss attractions, Tirol, /Attractions-g1925781-Activities-Unterperfuss_Tirol_Austrian_Alps.html
Hallwang attractions, Salzburg Region, /Attractions-g1010304-Activities-Hallwang_Austrian_Alps.html
Gotzis attractions, Vorarlberg, /Attractions-g635549-Activities-Gotzis_Vorarlberg_Austrian_Alps.html
Schlosshof attractions, Lower Austria, /Attractions-g1905289-Activities-Schlosshof_Lower_Austria.html
Alberndorf in der Riedmark attractions, Upper Austria, /Attractions-g12081702-Activities-Alberndorf_in_der_Riedmark_Upper_Austria.html
Breitenfurt bei Wien attractions, Lower Austria, /Attractions-g3340947-Activities-Breitenfurt_bei_Wien_Lower_Austria.html
Nasswald attractions, Lower Austria, /Attractions-g21322723-Activities-Nasswald_Lower_Austria.html
Weichselbaum attractions, Jennersdorf, /Attractions-g10381880-Activities-Weichselbaum_Jennersdorf_Burgenland.html
Studenzen attractions, Styria, /Attractions-g12204562-Activities-Studenzen_Styria.html
Olsach attractions, Carinthia, /Attractions-g12204567-Activities-Olsach_Carinthia_Austrian_Alps.html
Bodensdorf attractions, Carinthia, /Attractions-g641722-Activities-Bodensdorf_Carinthia_Austrian_Alps.html
Neumarkt in Steiermark attractions, Styria, /Attractions-g7744192-Activities-Neumarkt_in_Steiermark_Styria.html
Nassereith attractions, Tirol, /Attractions-g1196709-Activities-Nassereith_Tirol_Austrian_Alps.html
Leopoldschlag attractions, Upper Austria, /Attractions-g9716268-Activities-Leopoldschlag_Upper_Austria.html
Strau attractions, Carinthia, /Attractions-g12204550-Activities-Strau_Carinthia_Austrian_Alps.html
Zederhaus attractions, Salzburg Region, /Attractions-g776911-Activities-Zederhaus_Austrian_Alps.html
Hoersching attractions, Upper Austria, /Attractions-g2274023-Activities-Hoersching_Upper_Austria.html
Zell am Pettenfirst attractions, Upper Austria, /Attractions-g10381915-Activities-Zell_am_Pettenfirst_Upper_Austria.html
Huettau attractions, Salzburg Region, /Attractions-g2274026-Activities-Huettau_Austrian_Alps.html
Kaiserbrunn attractions, Lower Austria, /Attractions-g2274034-Activities-Kaiserbrunn_Lower_Austria.html
Kauns attractions, Tirol, /Attractions-g2274038-Activities-Kauns_Tirol_Austrian_Alps.html
Steyrling attractions, Upper Austria, /Attractions-g1925834-Activities-Steyrling_Upper_Austria.html
