province_name, region_name, province_url
Grossklein attractions, Styria, /Attractions-g2274001-Activities-Grossklein_Styria.html
Bad Hall attractions, Upper Austria, /Attractions-g1055463-Activities-Bad_Hall_Upper_Austria.html
Herzogenburg attractions, Lower Austria, /Attractions-g2274013-Activities-Herzogenburg_Lower_Austria.html
Grein attractions, Upper Austria, /Attractions-g1172289-Activities-Grein_Upper_Austria.html
Steindorf attractions, Carinthia, /Attractions-g635756-Activities-Steindorf_Carinthia_Austrian_Alps.html
Guttaring attractions, Carinthia, /Attractions-g4469544-Activities-Guttaring_Carinthia_Austrian_Alps.html
Altenmarkt im Pongau attractions, Salzburg Region, /Attractions-g1156007-Activities-Altenmarkt_im_Pongau_Austrian_Alps.html
Jochberg attractions, Tirol, /Attractions-g1196999-Activities-Jochberg_Tirol_Austrian_Alps.html
Dolsach attractions, Tirol, /Attractions-g2184208-Activities-Dolsach_Tirol_Austrian_Alps.html
Andau attractions, Burgenland, /Attractions-g7709880-Activities-Andau_Burgenland.html
Dalaas attractions, Vorarlberg, /Attractions-g3411249-Activities-Dalaas_Vorarlberg_Austrian_Alps.html
Hintertux attractions, Tirol, /Attractions-g1056049-Activities-Hintertux_Tirol_Austrian_Alps.html
Sankt Wolfgang im Salzkammergut attractions, Upper Austria, /Attractions-g12193130-Activities-Sankt_Wolfgang_im_Salzkammergut_Upper_Austria.html
Schrattenthal attractions, Lower Austria, /Attractions-g5074501-Activities-Schrattenthal_Lower_Austria.html
Gussing attractions, Burgenland, /Attractions-g1025608-Activities-Gussing_Burgenland.html
Sankt Barbara im Murztal attractions, Styria, /Attractions-g11951830-Activities-Sankt_Barbara_im_Murztal_Styria.html
Absam attractions, Tirol, /Attractions-g1453731-Activities-Absam_Tirol_Austrian_Alps.html
Neuhaus am Klausenbach attractions, Burgenland, /Attractions-g2275010-Activities-Neuhaus_am_Klausenbach_Burgenland.html
Steinbach am Attersee attractions, Upper Austria, /Attractions-g939838-Activities-Steinbach_am_Attersee_Upper_Austria.html
St. Leonhard im Pitztal attractions, Tirol, /Attractions-g939835-Activities-St_Leonhard_im_Pitztal_Tirol_Austrian_Alps.html
Uttendorf attractions, Salzburg Region, /Attractions-g939846-Activities-Uttendorf_Austrian_Alps.html
Griffen attractions, Carinthia, /Attractions-g1912645-Activities-Griffen_Carinthia_Austrian_Alps.html
Molln attractions, Upper Austria, /Attractions-g2543430-Activities-Molln_Upper_Austria.html
Rastenfeld attractions, Lower Austria, /Attractions-g2275327-Activities-Rastenfeld_Lower_Austria.html
Kirchberg an der Raab attractions, Styria, /Attractions-g2613214-Activities-Kirchberg_an_der_Raab_Styria.html
Kaunertal attractions, Tirol, /Attractions-g1171458-Activities-Kaunertal_Tirol_Austrian_Alps.html
Sankt Andra bei Frauenkirchen attractions, Burgenland, /Attractions-g2613253-Activities-Sankt_Andra_bei_Frauenkirchen_Burgenland.html
Rudersdorf attractions, Burgenland, /Attractions-g2613251-Activities-Rudersdorf_Burgenland.html
Steinbach an der Steyr attractions, Upper Austria, /Attractions-g2613262-Activities-Steinbach_an_der_Steyr_Upper_Austria.html
Rum attractions, Tirol, /Attractions-g2275354-Activities-Rum_Tirol_Austrian_Alps.html
Glodnitz attractions, Carinthia, /Attractions-g5001419-Activities-Glodnitz_Carinthia_Austrian_Alps.html
Vomp attractions, Tirol, /Attractions-g12195962-Activities-Vomp_Tirol_Austrian_Alps.html
Jerzens attractions, Tirol, /Attractions-g1194193-Activities-Jerzens_Tirol_Austrian_Alps.html
Schwarzach im Pongau attractions, Salzburg Region, /Attractions-g10385476-Activities-Schwarzach_im_Pongau_Austrian_Alps.html
Maria Alm attractions, Salzburg Region, /Attractions-g227585-Activities-Maria_Alm_Austrian_Alps.html
Eggelsberg attractions, Upper Austria, /Attractions-g2011444-Activities-Eggelsberg_Upper_Austria.html
Platt attractions, Lower Austria, /Attractions-g13969813-Activities-Platt_Lower_Austria.html
Baernbach attractions, Styria, /Attractions-g2273714-Activities-Baernbach_Styria.html
Geinberg attractions, Upper Austria, /Attractions-g651671-Activities-Geinberg_Upper_Austria.html
Assling attractions, Tirol, /Attractions-g2357635-Activities-Assling_Tirol_Austrian_Alps.html
Leutasch attractions, Tirol, /Attractions-g811455-Activities-Leutasch_Tirol_Austrian_Alps.html
Kirchdorf in Tirol attractions, Tirol, /Attractions-g811451-Activities-Kirchdorf_in_Tirol_Tirol_Austrian_Alps.html
Gramastetten attractions, Upper Austria, /Attractions-g7023010-Activities-Gramastetten_Upper_Austria.html
Sankt Paul im Lavanttal attractions, Carinthia, /Attractions-g2642395-Activities-Sankt_Paul_im_Lavanttal_Carinthia_Austrian_Alps.html
Flattach attractions, Carinthia, /Attractions-g807439-Activities-Flattach_Carinthia_Austrian_Alps.html
Gleisdorf attractions, Styria, /Attractions-g1858070-Activities-Gleisdorf_Styria.html
Mallnitz attractions, Carinthia, /Attractions-g807440-Activities-Mallnitz_Carinthia_Austrian_Alps.html
Partenen attractions, Vorarlberg, /Attractions-g1196624-Activities-Partenen_Vorarlberg_Austrian_Alps.html
Schoppernau attractions, Vorarlberg, /Attractions-g1098354-Activities-Schoppernau_Vorarlberg_Austrian_Alps.html
Oberwart attractions, Burgenland, /Attractions-g1729150-Activities-Oberwart_Burgenland.html
