province_name, region_name, province_url
St. Konrad attractions, Upper Austria, /Attractions-g2209390-Activities-St_Konrad_Upper_Austria.html
Kukmirn attractions, Burgenland, /Attractions-g2274931-Activities-Kukmirn_Burgenland.html
Donnersbachwald attractions, Styria, /Attractions-g12834448-Activities-Donnersbachwald_Styria.html
Hinzenbach attractions, Upper Austria, /Attractions-g15591096-Activities-Hinzenbach_Upper_Austria.html
Wuermla attractions, Lower Austria, /Attractions-g20815706-Activities-Wuermla_Lower_Austria.html
Hartkirchen attractions, Upper Austria, /Attractions-g7683613-Activities-Hartkirchen_Upper_Austria.html
Halbturn attractions, Burgenland, /Attractions-g1437308-Activities-Halbturn_Burgenland.html
Haidershofen attractions, Lower Austria, /Attractions-g12981932-Activities-Haidershofen_Lower_Austria.html
Badersdorf attractions, Burgenland, /Attractions-g1220193-Activities-Badersdorf_Burgenland.html
Ochsengarten attractions, Tirol, /Attractions-g1195620-Activities-Ochsengarten_Tirol_Austrian_Alps.html
Seebarn am Wagram attractions, Lower Austria, /Attractions-g21215035-Activities-Seebarn_am_Wagram_Lower_Austria.html
Taufkirchen an der Pram attractions, Upper Austria, /Attractions-g2166363-Activities-Taufkirchen_an_der_Pram_Upper_Austria.html
Presseggersee attractions, Carinthia, /Attractions-g6585881-Activities-Presseggersee_Carinthia_Austrian_Alps.html
Grossschoenau attractions, Lower Austria, /Attractions-g5074483-Activities-Grossschoenau_Lower_Austria.html
Lorenzen am Wechsel attractions, Styria, /Attractions-g5002956-Activities-Lorenzen_am_Wechsel_Styria.html
Kerschdorf attractions, Carinthia, /Attractions-g12834376-Activities-Kerschdorf_Carinthia_Austrian_Alps.html
Feldkirchen bei Graz attractions, Styria, /Attractions-g4583118-Activities-Feldkirchen_bei_Graz_Styria.html
Neudorf bei Ilz attractions, Styria, /Attractions-g8785416-Activities-Neudorf_bei_Ilz_Styria.html
Sankt Marein im Muerztal attractions, Styria, /Attractions-g12834392-Activities-Sankt_Marein_im_Muerztal_Styria.html
Pottenbrunn attractions, Lower Austria, /Attractions-g12834401-Activities-Pottenbrunn_Lower_Austria.html
Tarsdorf attractions, Upper Austria, /Attractions-g6440647-Activities-Tarsdorf_Upper_Austria.html
Maria Dreieichen attractions, Lower Austria, /Attractions-g2274954-Activities-Maria_Dreieichen_Lower_Austria.html
Sankt Koloman attractions, Salzburg Region, /Attractions-g2277000-Activities-Sankt_Koloman_Austrian_Alps.html
Thueringen attractions, Vorarlberg, /Attractions-g6999749-Activities-Thueringen_Vorarlberg_Austrian_Alps.html
Altpoella attractions, Lower Austria, /Attractions-g7786201-Activities-Altpoella_Lower_Austria.html
Grades attractions, Carinthia, /Attractions-g3923592-Activities-Grades_Carinthia_Austrian_Alps.html
Grabelsdorf attractions, Klopeinersee, /Attractions-g13508218-Activities-Grabelsdorf_Klopeinersee_Carinthia_Austrian_Alps.html
Loosdorf attractions, Lower Austria, /Attractions-g2352788-Activities-Loosdorf_Lower_Austria.html
Bruckl attractions, Sankt Veit an der Glan, /Attractions-g15701588-Activities-Bruckl_Sankt_Veit_an_der_Glan_Carinthia_Austrian_Alps.html
Mutterbergalm attractions, Tirol, /Attractions-g2274974-Activities-Mutterbergalm_Tirol_Austrian_Alps.html
Zell-Homoelisch attractions, Carinthia, /Attractions-g13118985-Activities-Zell_Homoelisch_Carinthia_Austrian_Alps.html
Spital am Pyhrn attractions, Upper Austria, /Attractions-g1195729-Activities-Spital_am_Pyhrn_Upper_Austria.html
Kleinstuebing attractions, Styria, /Attractions-g13508104-Activities-Kleinstuebing_Styria.html
Hintersee attractions, Salzburg Region, /Attractions-g1165016-Activities-Hintersee_Austrian_Alps.html
Aistersheim attractions, Upper Austria, /Attractions-g21229453-Activities-Aistersheim_Upper_Austria.html
Natternbach attractions, Upper Austria, /Attractions-g5002908-Activities-Natternbach_Upper_Austria.html
Viehdorf attractions, Lower Austria, /Attractions-g4226704-Activities-Viehdorf_Lower_Austria.html
Moetz attractions, Tirol, /Attractions-g13508125-Activities-Moetz_Tirol_Austrian_Alps.html
St. Jakob in Haus attractions, Tirol, /Attractions-g2047691-Activities-St_Jakob_in_Haus_Tirol_Austrian_Alps.html
Micheldorf attractions, Upper Austria, /Attractions-g5002905-Activities-Micheldorf_Upper_Austria.html
Schallaburg attractions, Lower Austria, /Attractions-g982747-Activities-Schallaburg_Lower_Austria.html
Eichberg attractions, Styria, /Attractions-g15552015-Activities-Eichberg_Styria.html
Nikolsdorf attractions, Tirol, /Attractions-g2275014-Activities-Nikolsdorf_Tirol_Austrian_Alps.html
Hannersdorf attractions, Burgenland, /Attractions-g10086012-Activities-Hannersdorf_Burgenland.html
Pramet attractions, Upper Austria, /Attractions-g15552005-Activities-Pramet_Upper_Austria.html
Altenberg an der Rax attractions, Styria, /Attractions-g5062311-Activities-Altenberg_an_der_Rax_Styria.html
Mittelberg attractions, Tirol, /Attractions-g13508130-Activities-Mittelberg_Tirol_Austrian_Alps.html
Landl attractions, Styria, /Attractions-g5062305-Activities-Landl_Styria.html
Scheffau attractions, Salzburg Region, /Attractions-g1165024-Activities-Scheffau_Austrian_Alps.html
Zlan attractions, Carinthia, /Attractions-g7159448-Activities-Zlan_Carinthia_Austrian_Alps.html
