province_name, region_name, province_url
Patergassen attractions, Carinthia, /Attractions-g1164617-Activities-Patergassen_Carinthia_Austrian_Alps.html
Watzelsdorf attractions, Lower Austria, /Attractions-g20477021-Activities-Watzelsdorf_Lower_Austria.html
Wildalpen attractions, Styria, /Attractions-g8785389-Activities-Wildalpen_Styria.html
Dobermannsdorf attractions, Lower Austria, /Attractions-g21415109-Activities-Dobermannsdorf_Lower_Austria.html
Matzen attractions, Lower Austria, /Attractions-g12094770-Activities-Matzen_Lower_Austria.html
Unken attractions, Salzburg Region, /Attractions-g804267-Activities-Unken_Austrian_Alps.html
Feld am See attractions, Carinthia, /Attractions-g1164730-Activities-Feld_am_See_Carinthia_Austrian_Alps.html
Krumpendorf am Worther See attractions, Carinthia, /Attractions-g1164733-Activities-Krumpendorf_am_Worther_See_Carinthia_Austrian_Alps.html
Tristach attractions, Tirol, /Attractions-g2276848-Activities-Tristach_Tirol_Austrian_Alps.html
Hengsberg attractions, Styria, /Attractions-g13196571-Activities-Hengsberg_Styria.html
Kematen an der Krems attractions, Upper Austria, /Attractions-g20481262-Activities-Kematen_an_der_Krems_Upper_Austria.html
Spital am Semmering attractions, Styria, /Attractions-g2276801-Activities-Spital_am_Semmering_Styria.html
Stams attractions, Tirol, /Attractions-g2276811-Activities-Stams_Tirol_Austrian_Alps.html
Steeg attractions, Tirol, /Attractions-g2276814-Activities-Steeg_Tirol_Austrian_Alps.html
Steinhaus am Semmering attractions, Styria, /Attractions-g2276818-Activities-Steinhaus_am_Semmering_Styria.html
Landsee attractions, Burgenland, /Attractions-g8750448-Activities-Landsee_Burgenland.html
Gfohl attractions, Lower Austria, /Attractions-g8785265-Activities-Gfohl_Lower_Austria.html
Laterns attractions, Vorarlberg, /Attractions-g1195540-Activities-Laterns_Vorarlberg_Austrian_Alps.html
Mautern in Steiermark attractions, Styria, /Attractions-g1572383-Activities-Mautern_in_Steiermark_Styria.html
Krumpendorf attractions, Carinthia, /Attractions-g1572381-Activities-Krumpendorf_Carinthia_Austrian_Alps.html
Inzing attractions, Tirol, /Attractions-g1572380-Activities-Inzing_Tirol_Austrian_Alps.html
Lackenbach attractions, Burgenland, /Attractions-g8009329-Activities-Lackenbach_Burgenland.html
Hopfgarten in Defereggen attractions, Tirol, /Attractions-g1572379-Activities-Hopfgarten_in_Defereggen_Tirol_Austrian_Alps.html
Grunddorf attractions, Lower Austria, /Attractions-g5074496-Activities-Grunddorf_Lower_Austria.html
Gmund attractions, Lower Austria, /Attractions-g15275772-Activities-Gmund_Lower_Austria.html
Duernkrut attractions, Lower Austria, /Attractions-g1850885-Activities-Duernkrut_Lower_Austria.html
Vandans attractions, Vorarlberg, /Attractions-g1744390-Activities-Vandans_Vorarlberg_Austrian_Alps.html
Haag attractions, Lower Austria, /Attractions-g5074513-Activities-Haag_Lower_Austria.html
Bierbaum am Kleebuhel attractions, Lower Austria, /Attractions-g15398602-Activities-Bierbaum_am_Kleebuhel_Lower_Austria.html
Hittisau attractions, Vorarlberg, /Attractions-g1195553-Activities-Hittisau_Vorarlberg_Austrian_Alps.html
Veitsch attractions, Styria, /Attractions-g1572394-Activities-Veitsch_Styria.html
Schiefling am See attractions, Carinthia, /Attractions-g1572392-Activities-Schiefling_am_See_Carinthia_Austrian_Alps.html
Schwendau attractions, Tirol, /Attractions-g1140270-Activities-Schwendau_Tirol_Austrian_Alps.html
Lavamuend attractions, Carinthia, /Attractions-g2274938-Activities-Lavamuend_Carinthia_Austrian_Alps.html
Roitham attractions, Upper Austria, /Attractions-g13010597-Activities-Roitham_Upper_Austria.html
Lebring attractions, Styria, /Attractions-g2119249-Activities-Lebring_Styria.html
Bad Sauerbrunn attractions, Burgenland, /Attractions-g1220196-Activities-Bad_Sauerbrunn_Burgenland.html
Schwendt attractions, Tirol, /Attractions-g2109021-Activities-Schwendt_Tirol_Austrian_Alps.html
Kremsbrucke attractions, Carinthia, /Attractions-g1119891-Activities-Kremsbrucke_Carinthia_Austrian_Alps.html
Wolfern attractions, Upper Austria, /Attractions-g2277029-Activities-Wolfern_Upper_Austria.html
Alberschwende attractions, Vorarlberg, /Attractions-g7182028-Activities-Alberschwende_Vorarlberg_Austrian_Alps.html
Sankt Veit am Vogau attractions, Styria, /Attractions-g5050095-Activities-Sankt_Veit_am_Vogau_Styria.html
Arnfels attractions, Styria, /Attractions-g6999750-Activities-Arnfels_Styria.html
Kaindorf attractions, Styria, /Attractions-g8048342-Activities-Kaindorf_Styria.html
Klingenbach attractions, Burgenland, /Attractions-g4601588-Activities-Klingenbach_Burgenland.html
Mitterbach attractions, Lower Austria, /Attractions-g2274968-Activities-Mitterbach_Lower_Austria.html
Klaffer am Hochficht attractions, Upper Austria, /Attractions-g7786164-Activities-Klaffer_am_Hochficht_Upper_Austria.html
Nussdorf am Attersee attractions, Upper Austria, /Attractions-g1902294-Activities-Nussdorf_am_Attersee_Upper_Austria.html
Neumarkt im Muehlkreis attractions, Upper Austria, /Attractions-g7786169-Activities-Neumarkt_im_Muehlkreis_Upper_Austria.html
Arbing attractions, Upper Austria, /Attractions-g13114897-Activities-Arbing_Upper_Austria.html
