province_name, region_name, province_url
Berg Im Drautal attractions, Carinthia, /Attractions-g1055472-Activities-Berg_Im_Drautal_Carinthia_Austrian_Alps.html
Zwischenwasser attractions, Vorarlberg, /Attractions-g20163537-Activities-Zwischenwasser_Vorarlberg_Austrian_Alps.html
Munzbach attractions, Upper Austria, /Attractions-g21322658-Activities-Munzbach_Upper_Austria.html
Lans attractions, Tirol, /Attractions-g1055482-Activities-Lans_Tirol_Austrian_Alps.html
Pollauberg attractions, Styria, /Attractions-g641762-Activities-Pollauberg_Styria.html
Gortipohl attractions, Vorarlberg, /Attractions-g2273998-Activities-Gortipohl_Vorarlberg_Austrian_Alps.html
Thail attractions, Lower Austria, /Attractions-g12536393-Activities-Thail_Lower_Austria.html
St. Stefan ob Stainz attractions, Styria, /Attractions-g1055469-Activities-St_Stefan_ob_Stainz_Styria.html
Naarn im Machlande attractions, Upper Austria, /Attractions-g8469387-Activities-Naarn_im_Machlande_Upper_Austria.html
Niedersulz attractions, Lower Austria, /Attractions-g7228284-Activities-Niedersulz_Lower_Austria.html
Gotzens attractions, Tirol, /Attractions-g1022743-Activities-Gotzens_Tirol_Austrian_Alps.html
Stillfried attractions, Lower Austria, /Attractions-g17580565-Activities-Stillfried_Lower_Austria.html
Zeltweg attractions, Styria, /Attractions-g1932032-Activities-Zeltweg_Styria.html
Knappenberg attractions, Lower Austria, /Attractions-g5598071-Activities-Knappenberg_Lower_Austria.html
Altenmarkt attractions, Carinthia, /Attractions-g15018945-Activities-Altenmarkt_Carinthia_Austrian_Alps.html
Aigen im Ennstal attractions, Styria, /Attractions-g1069858-Activities-Aigen_im_Ennstal_Styria.html
Pachfurth attractions, Lower Austria, /Attractions-g12204940-Activities-Pachfurth_Lower_Austria.html
Oberhofen am Irrsee attractions, Upper Austria, /Attractions-g7805772-Activities-Oberhofen_am_Irrsee_Upper_Austria.html
Hornstein attractions, Burgenland, /Attractions-g7095080-Activities-Hornstein_Burgenland.html
Sankt Oswald bei Freistadt attractions, Upper Austria, /Attractions-g1196889-Activities-Sankt_Oswald_bei_Freistadt_Upper_Austria.html
Wilhelmsburg attractions, Lower Austria, /Attractions-g7062311-Activities-Wilhelmsburg_Lower_Austria.html
Enzersfeld attractions, Lower Austria, /Attractions-g7744291-Activities-Enzersfeld_Lower_Austria.html
Arriach attractions, Carinthia, /Attractions-g1196869-Activities-Arriach_Carinthia_Austrian_Alps.html
Mariasdorf attractions, Burgenland, /Attractions-g2151287-Activities-Mariasdorf_Burgenland.html
Aschau bei Kirchberg attractions, Tirol, /Attractions-g1096520-Activities-Aschau_bei_Kirchberg_Tirol_Austrian_Alps.html
Sankt Gertraud attractions, Carinthia, /Attractions-g1196878-Activities-Sankt_Gertraud_Carinthia_Austrian_Alps.html
Ried im Zillertal attractions, Tirol, /Attractions-g635759-Activities-Ried_im_Zillertal_Tirol_Austrian_Alps.html
Waxenberg attractions, Upper Austria, /Attractions-g5444409-Activities-Waxenberg_Upper_Austria.html
Wolfsegg am Hausruck attractions, Upper Austria, /Attractions-g7127815-Activities-Wolfsegg_am_Hausruck_Upper_Austria.html
Oberperfuss attractions, Tirol, /Attractions-g1196910-Activities-Oberperfuss_Tirol_Austrian_Alps.html
Ybbsitz attractions, Lower Austria, /Attractions-g12204996-Activities-Ybbsitz_Lower_Austria.html
Auerbach attractions, Upper Austria, /Attractions-g1196945-Activities-Auerbach_Upper_Austria.html
Rossleithen attractions, Upper Austria, /Attractions-g1196932-Activities-Rossleithen_Upper_Austria.html
Gloggnitz attractions, Lower Austria, /Attractions-g664470-Activities-Gloggnitz_Lower_Austria.html
Stanz im Murztal attractions, Styria, /Attractions-g8459050-Activities-Stanz_im_Murztal_Styria.html
Aspach attractions, Upper Austria, /Attractions-g807864-Activities-Aspach_Upper_Austria.html
Annaberg-Lungotz attractions, Salzburg Region, /Attractions-g807862-Activities-Annaberg_Lungotz_Austrian_Alps.html
Hetzmannsdorf attractions, Lower Austria, /Attractions-g12204801-Activities-Hetzmannsdorf_Lower_Austria.html
Weissbach bei Lofer attractions, Salzburg Region, /Attractions-g8770374-Activities-Weissbach_bei_Lofer_Austrian_Alps.html
Wildendurnbach attractions, Lower Austria, /Attractions-g19776238-Activities-Wildendurnbach_Lower_Austria.html
Muhltal attractions, Tirol, /Attractions-g1197013-Activities-Muhltal_Tirol_Austrian_Alps.html
Loretto attractions, Burgenland, /Attractions-g12204914-Activities-Loretto_Burgenland.html
Klein Sankt Paul attractions, Carinthia, /Attractions-g8776526-Activities-Klein_Sankt_Paul_Carinthia_Austrian_Alps.html
Langkampfen attractions, Tirol, /Attractions-g12204917-Activities-Langkampfen_Tirol_Austrian_Alps.html
Haibach ob der Donau attractions, Upper Austria, /Attractions-g3384289-Activities-Haibach_ob_der_Donau_Upper_Austria.html
Eppenstein attractions, Styria, /Attractions-g17441502-Activities-Eppenstein_Styria.html
Dellach im Drautal attractions, Carinthia, /Attractions-g8674129-Activities-Dellach_im_Drautal_Carinthia_Austrian_Alps.html
Turnitz attractions, Lower Austria, /Attractions-g3195877-Activities-Turnitz_Lower_Austria.html
Geiersberg attractions, Ried im Innkreis District, /Attractions-g21322386-Activities-Geiersberg_Ried_im_Innkreis_District_Upper_Austria.html
Reichhalms attractions, Lower Austria, /Attractions-g17324767-Activities-Reichhalms_Lower_Austria.html
