province_name, region_name, province_url
Michelbach attractions, Lower Austria, /Attractions-g7754107-Activities-Michelbach_Lower_Austria.html
Pols attractions, Styria, /Attractions-g4403555-Activities-Pols_Styria.html
Greifenstein attractions, Lower Austria, /Attractions-g2025781-Activities-Greifenstein_Lower_Austria.html
Sankt Michael ob Bleiburg attractions, Carinthia, /Attractions-g12665327-Activities-Sankt_Michael_ob_Bleiburg_Carinthia_Austrian_Alps.html
Sankt Jakob im Rosental attractions, Carinthia, /Attractions-g678203-Activities-Sankt_Jakob_im_Rosental_Carinthia_Austrian_Alps.html
Schockl attractions, Styria, /Attractions-g2025763-Activities-Schockl_Styria.html
Braunegg attractions, Lower Austria, /Attractions-g7754038-Activities-Braunegg_Lower_Austria.html
Neudorf bei Staatz attractions, Lower Austria, /Attractions-g5001496-Activities-Neudorf_bei_Staatz_Lower_Austria.html
Obendof bei Weikertschlag attractions, Lower Austria, /Attractions-g12204515-Activities-Obendof_bei_Weikertschlag_Lower_Austria.html
St.Lorenzen attractions, Carinthia, /Attractions-g1194354-Activities-St_Lorenzen_Carinthia_Austrian_Alps.html
Litzlberg attractions, Upper Austria, /Attractions-g21055525-Activities-Litzlberg_Upper_Austria.html
Allhaming attractions, Upper Austria, /Attractions-g5562686-Activities-Allhaming_Upper_Austria.html
Pettenbach attractions, Upper Austria, /Attractions-g8618472-Activities-Pettenbach_Upper_Austria.html
Oberrussbach attractions, Lower Austria, /Attractions-g4579625-Activities-Oberrussbach_Lower_Austria.html
Grafenberg attractions, Lower Austria, /Attractions-g13978042-Activities-Grafenberg_Lower_Austria.html
Allerheiligen im Muerztal attractions, Styria, /Attractions-g3819842-Activities-Allerheiligen_im_Muerztal_Styria.html
Atzenbrugg attractions, Lower Austria, /Attractions-g8671740-Activities-Atzenbrugg_Lower_Austria.html
Weistrach attractions, Lower Austria, /Attractions-g12204347-Activities-Weistrach_Lower_Austria.html
Piberstein attractions, Upper Austria, /Attractions-g15012202-Activities-Piberstein_Upper_Austria.html
Zistersdorf attractions, Lower Austria, /Attractions-g7340512-Activities-Zistersdorf_Lower_Austria.html
Koestendorf attractions, Salzburg Region, /Attractions-g6599157-Activities-Koestendorf_Austrian_Alps.html
Wenigzell attractions, Styria, /Attractions-g2642362-Activities-Wenigzell_Styria.html
Trebesing attractions, Carinthia, /Attractions-g651665-Activities-Trebesing_Carinthia_Austrian_Alps.html
Hippach-Schwendberg attractions, Tirol, /Attractions-g15903058-Activities-Hippach_Schwendberg_Tirol_Austrian_Alps.html
Mauerbach attractions, Lower Austria, /Attractions-g608684-Activities-Mauerbach_Lower_Austria.html
Sallingberg attractions, Lower Austria, /Attractions-g3252630-Activities-Sallingberg_Lower_Austria.html
Altenburg attractions, Lower Austria, /Attractions-g8673582-Activities-Altenburg_Lower_Austria.html
Karnburg attractions, Carinthia, /Attractions-g3355010-Activities-Karnburg_Carinthia_Austrian_Alps.html
Oberneukirchen attractions, Upper Austria, /Attractions-g15292765-Activities-Oberneukirchen_Upper_Austria.html
Aggsbach Dorf attractions, Lower Austria, /Attractions-g2273687-Activities-Aggsbach_Dorf_Lower_Austria.html
Schwertberg attractions, Upper Austria, /Attractions-g1913253-Activities-Schwertberg_Upper_Austria.html
Kematen in Tirol attractions, Tirol, /Attractions-g2093472-Activities-Kematen_in_Tirol_Tirol_Austrian_Alps.html
Eisenberg an der Pinka attractions, Burgenland, /Attractions-g2273762-Activities-Eisenberg_an_der_Pinka_Burgenland.html
Petzenkirchen attractions, Lower Austria, /Attractions-g7023021-Activities-Petzenkirchen_Lower_Austria.html
Fuegenberg attractions, Tirol, /Attractions-g2273774-Activities-Fuegenberg_Tirol_Austrian_Alps.html
Wiesen attractions, Burgenland, /Attractions-g1022402-Activities-Wiesen_Burgenland.html
Altenberg bei Linz attractions, Upper Austria, /Attractions-g12263791-Activities-Altenberg_bei_Linz_Upper_Austria.html
Gross Sierning attractions, Lower Austria, /Attractions-g15608123-Activities-Gross_Sierning_Lower_Austria.html
Tullnerbach attractions, Lower Austria, /Attractions-g1096137-Activities-Tullnerbach_Lower_Austria.html
Micheldorf attractions, Carinthia, /Attractions-g4997520-Activities-Micheldorf_Carinthia_Austrian_Alps.html
Schluesslberg attractions, Upper Austria, /Attractions-g2286018-Activities-Schluesslberg_Upper_Austria.html
Dienten am Hochkonig attractions, Salzburg Region, /Attractions-g1194483-Activities-Dienten_am_Hochkonig_Austrian_Alps.html
Gutau attractions, Upper Austria, /Attractions-g1071602-Activities-Gutau_Upper_Austria.html
Kefermarkt attractions, Upper Austria, /Attractions-g1071603-Activities-Kefermarkt_Upper_Austria.html
Breitenbach am Inn attractions, Tirol, /Attractions-g2273734-Activities-Breitenbach_am_Inn_Tirol_Austrian_Alps.html
Sollenau attractions, Lower Austria, /Attractions-g4997544-Activities-Sollenau_Lower_Austria.html
Eckartsau attractions, Lower Austria, /Attractions-g1071605-Activities-Eckartsau_Lower_Austria.html
Gallizien attractions, Carinthia, /Attractions-g2286026-Activities-Gallizien_Carinthia_Austrian_Alps.html
Angath attractions, Tirol, /Attractions-g1071608-Activities-Angath_Tirol_Austrian_Alps.html
Burgau attractions, Styria, /Attractions-g2273743-Activities-Burgau_Styria.html
