province_name, region_name, province_url
Sankt Georgen an der Gusen attractions, Upper Austria, /Attractions-g1913560-Activities-Sankt_Georgen_an_der_Gusen_Upper_Austria.html
Andelsbuch attractions, Vorarlberg, /Attractions-g641729-Activities-Andelsbuch_Vorarlberg_Austrian_Alps.html
Tux attractions, Tirol, /Attractions-g641751-Activities-Tux_Tirol_Austrian_Alps.html
Faak am See attractions, Carinthia, /Attractions-g1055473-Activities-Faak_am_See_Carinthia_Austrian_Alps.html
Bad Goisern attractions, Upper Austria, /Attractions-g641763-Activities-Bad_Goisern_Upper_Austria.html
Bad Zell attractions, Upper Austria, /Attractions-g1055465-Activities-Bad_Zell_Upper_Austria.html
Scharding attractions, Upper Austria, /Attractions-g1055467-Activities-Scharding_Upper_Austria.html
St. Ruprecht an der Raab attractions, Styria, /Attractions-g1055470-Activities-St_Ruprecht_an_der_Raab_Styria.html
Riezlern attractions, Kleinwalsertal, /Attractions-g670544-Activities-Riezlern_Kleinwalsertal_Vorarlberg_Austrian_Alps.html
Wals attractions, Salzburg Region, /Attractions-g635758-Activities-Wals_Austrian_Alps.html
Finkenberg attractions, Tirol, /Attractions-g793518-Activities-Finkenberg_Tirol_Austrian_Alps.html
Elbigenalp attractions, Tirol, /Attractions-g1195062-Activities-Elbigenalp_Tirol_Austrian_Alps.html
St. Ulrich am Pillersee attractions, Tirol, /Attractions-g658717-Activities-St_Ulrich_am_Pillersee_Tirol_Austrian_Alps.html
Kotschach-Mauthen attractions, Carinthia, /Attractions-g1164602-Activities-Kotschach_Mauthen_Carinthia_Austrian_Alps.html
Tattendorf attractions, Lower Austria, /Attractions-g7208283-Activities-Tattendorf_Lower_Austria.html
Mattsee attractions, Salzburg Region, /Attractions-g1056039-Activities-Mattsee_Austrian_Alps.html
St. Peter am Ottersbach attractions, Styria, /Attractions-g4089242-Activities-St_Peter_am_Ottersbach_Styria.html
Oberdrauburg attractions, Carinthia, /Attractions-g1164727-Activities-Oberdrauburg_Carinthia_Austrian_Alps.html
Donnerskirchen attractions, Burgenland, /Attractions-g1025606-Activities-Donnerskirchen_Burgenland.html
Alland attractions, Lower Austria, /Attractions-g7224868-Activities-Alland_Lower_Austria.html
Kitzeck im Sausal attractions, Styria, /Attractions-g1728114-Activities-Kitzeck_im_Sausal_Styria.html
Laa an der Thaya attractions, Lower Austria, /Attractions-g1050276-Activities-Laa_an_der_Thaya_Lower_Austria.html
Altaussee attractions, Styria, /Attractions-g1163095-Activities-Altaussee_Styria.html
Feuersbrunn attractions, Lower Austria, /Attractions-g1933158-Activities-Feuersbrunn_Lower_Austria.html
Amstetten attractions, Lower Austria, /Attractions-g190418-Activities-Amstetten_Lower_Austria.html
Melk attractions, Lower Austria, /Attractions-g190425-Activities-Melk_Lower_Austria.html
Bad Sankt Leonhard im Lavanttal attractions, Carinthia, /Attractions-g1239033-Activities-Bad_Sankt_Leonhard_im_Lavanttal_Carinthia_Austrian_Alps.html
Lutzmannsburg attractions, Burgenland, /Attractions-g1171611-Activities-Lutzmannsburg_Burgenland.html
Sankt Nikolai im Sausal attractions, Styria, /Attractions-g7018666-Activities-Sankt_Nikolai_im_Sausal_Styria.html
St. Andra attractions, Carinthia, /Attractions-g1194189-Activities-St_Andra_Carinthia_Austrian_Alps.html
Obernberg am Inn attractions, Ried im Innkreis District, /Attractions-g1808631-Activities-Obernberg_am_Inn_Ried_im_Innkreis_District_Upper_Austria.html
Strassburg attractions, Carinthia, /Attractions-g8714365-Activities-Strassburg_Carinthia_Austrian_Alps.html
Konigswiesen attractions, Upper Austria, /Attractions-g4172081-Activities-Konigswiesen_Upper_Austria.html
Lochau attractions, Vorarlberg, /Attractions-g1214785-Activities-Lochau_Vorarlberg_Austrian_Alps.html
Maria Worth attractions, Carinthia, /Attractions-g665936-Activities-Maria_Worth_Carinthia_Austrian_Alps.html
Rennweg attractions, Carinthia, /Attractions-g608653-Activities-Rennweg_Carinthia_Austrian_Alps.html
Gaschurn attractions, Vorarlberg, /Attractions-g651670-Activities-Gaschurn_Vorarlberg_Austrian_Alps.html
Maria Luggau attractions, Carinthia, /Attractions-g811456-Activities-Maria_Luggau_Carinthia_Austrian_Alps.html
Gnas attractions, Styria, /Attractions-g2273779-Activities-Gnas_Styria.html
Wolkersdorf im Weinviertel attractions, Lower Austria, /Attractions-g1546756-Activities-Wolkersdorf_im_Weinviertel_Lower_Austria.html
Elsbethen attractions, Salzburg Region, /Attractions-g1485366-Activities-Elsbethen_Austrian_Alps.html
Zams attractions, Tirol, /Attractions-g1194543-Activities-Zams_Tirol_Austrian_Alps.html
Stockerau attractions, Lower Austria, /Attractions-g230014-Activities-Stockerau_Lower_Austria.html
Koettmannsdorf attractions, Carinthia, /Attractions-g1925790-Activities-Koettmannsdorf_Carinthia_Austrian_Alps.html
Wernberg attractions, Carinthia, /Attractions-g1473207-Activities-Wernberg_Carinthia_Austrian_Alps.html
Werfenweng attractions, Salzburg Region, /Attractions-g641740-Activities-Werfenweng_Austrian_Alps.html
Warth attractions, Vorarlberg, /Attractions-g641731-Activities-Warth_Vorarlberg_Austrian_Alps.html
Bichlbach attractions, Tirol, /Attractions-g1194688-Activities-Bichlbach_Tirol_Austrian_Alps.html
Loipersdorf attractions, Styria, /Attractions-g641761-Activities-Loipersdorf_Styria.html
Liebenfels attractions, Carinthia, /Attractions-g1196884-Activities-Liebenfels_Carinthia_Austrian_Alps.html
