province_name, region_name, province_url
Koglhof attractions, Styria, /Attractions-g12195968-Activities-Koglhof_Styria.html
Lassee attractions, Lower Austria, /Attractions-g8067134-Activities-Lassee_Lower_Austria.html
Neusiedl bei Guessing attractions, Burgenland, /Attractions-g12196095-Activities-Neusiedl_bei_Guessing_Burgenland.html
Mayerling attractions, Lower Austria, /Attractions-g1173593-Activities-Mayerling_Lower_Austria.html
Bergheim attractions, Salzburg Region, /Attractions-g1161287-Activities-Bergheim_Austrian_Alps.html
Toeplitsch attractions, Carinthia, /Attractions-g7106613-Activities-Toeplitsch_Carinthia_Austrian_Alps.html
Sigmundsherberg attractions, Lower Austria, /Attractions-g15016127-Activities-Sigmundsherberg_Lower_Austria.html
Ober Grafendorf attractions, Lower Austria, /Attractions-g17912181-Activities-Ober_Grafendorf_Lower_Austria.html
Stephanshart attractions, Lower Austria, /Attractions-g6981632-Activities-Stephanshart_Lower_Austria.html
Neunagelberg attractions, Lower Austria, /Attractions-g3457093-Activities-Neunagelberg_Lower_Austria.html
Altach attractions, Vorarlberg, /Attractions-g12155074-Activities-Altach_Vorarlberg_Austrian_Alps.html
Kopfing im Innkreis attractions, Upper Austria, /Attractions-g2189474-Activities-Kopfing_im_Innkreis_Upper_Austria.html
Mittelberg attractions, Kleinwalsertal, /Attractions-g1171607-Activities-Mittelberg_Kleinwalsertal_Vorarlberg_Austrian_Alps.html
Wald am Arlberg attractions, Vorarlberg, /Attractions-g1171606-Activities-Wald_am_Arlberg_Vorarlberg_Austrian_Alps.html
Untertilliach attractions, Tirol, /Attractions-g2613423-Activities-Untertilliach_Tirol_Austrian_Alps.html
Kammern im Liesingtal attractions, Styria, /Attractions-g2162856-Activities-Kammern_im_Liesingtal_Styria.html
Sankt Stefan attractions, Carinthia, /Attractions-g2275500-Activities-Sankt_Stefan_Carinthia_Austrian_Alps.html
Turnau attractions, Styria, /Attractions-g2068621-Activities-Turnau_Styria.html
Seitenstetten attractions, Lower Austria, /Attractions-g3498150-Activities-Seitenstetten_Lower_Austria.html
Poggstall attractions, Lower Austria, /Attractions-g5001433-Activities-Poggstall_Lower_Austria.html
Bodental attractions, Carinthia, /Attractions-g2162875-Activities-Bodental_Carinthia_Austrian_Alps.html
Vent attractions, Tirol, /Attractions-g1177739-Activities-Vent_Tirol_Austrian_Alps.html
Maria Gugging attractions, Lower Austria, /Attractions-g12195873-Activities-Maria_Gugging_Lower_Austria.html
Metnitz attractions, Carinthia, /Attractions-g5001424-Activities-Metnitz_Carinthia_Austrian_Alps.html
Unterbergern attractions, Lower Austria, /Attractions-g15327296-Activities-Unterbergern_Lower_Austria.html
Pon-dorf attractions, Upper Austria, /Attractions-g12212240-Activities-Pon_dorf_Upper_Austria.html
Marbach attractions, Upper Austria, /Attractions-g14176360-Activities-Marbach_Upper_Austria.html
Frankenfels attractions, Lower Austria, /Attractions-g12212229-Activities-Frankenfels_Lower_Austria.html
Regelsbrunn attractions, Lower Austria, /Attractions-g13109256-Activities-Regelsbrunn_Lower_Austria.html
Scharndorf attractions, Lower Austria, /Attractions-g13109261-Activities-Scharndorf_Lower_Austria.html
Tragwein attractions, Upper Austria, /Attractions-g7018668-Activities-Tragwein_Upper_Austria.html
Viehhofen attractions, Salzburg Region, /Attractions-g1194203-Activities-Viehhofen_Austrian_Alps.html
Stall attractions, Carinthia, /Attractions-g2533622-Activities-Stall_Carinthia_Austrian_Alps.html
Ernsthofen attractions, Lower Austria, /Attractions-g8022188-Activities-Ernsthofen_Lower_Austria.html
Walpersdorf attractions, Lower Austria, /Attractions-g12195943-Activities-Walpersdorf_Lower_Austria.html
Strengen attractions, Tirol, /Attractions-g2250950-Activities-Strengen_Tirol_Austrian_Alps.html
Aistersheim attractions, Upper Austria, /Attractions-g21221797-Activities-Aistersheim_Upper_Austria.html
Minihof-Liebau attractions, Burgenland, /Attractions-g1061112-Activities-Minihof_Liebau_Burgenland.html
Schloss Rosenau attractions, Lower Austria, /Attractions-g319733-Activities-Schloss_Rosenau_Lower_Austria.html
Altweitra attractions, Lower Austria, /Attractions-g13109306-Activities-Altweitra_Lower_Austria.html
Antau attractions, Burgenland, /Attractions-g5001407-Activities-Antau_Burgenland.html
Bogenhofen attractions, Upper Austria, /Attractions-g1900777-Activities-Bogenhofen_Upper_Austria.html
Andorf attractions, Upper Austria, /Attractions-g10717277-Activities-Andorf_Upper_Austria.html
Stadl-Paura attractions, Upper Austria, /Attractions-g5562708-Activities-Stadl_Paura_Upper_Austria.html
Hart bei Graz attractions, Styria, /Attractions-g1450261-Activities-Hart_bei_Graz_Styria.html
Purzlbach attractions, Salzburg Region, /Attractions-g15028717-Activities-Purzlbach_Austrian_Alps.html
Neulengbach attractions, Lower Austria, /Attractions-g5001543-Activities-Neulengbach_Lower_Austria.html
Hundsheim attractions, Lower Austria, /Attractions-g19841058-Activities-Hundsheim_Lower_Austria.html
Gresten attractions, Lower Austria, /Attractions-g5001536-Activities-Gresten_Lower_Austria.html
Hinterglemm attractions, Tirol, /Attractions-g8784267-Activities-Hinterglemm_Tirol_Austrian_Alps.html
