province_name, region_name, province_url
Absdorf attractions, Lower Austria, /Attractions-g7235368-Activities-Absdorf_Lower_Austria.html
Dross attractions, Lower Austria, /Attractions-g10385165-Activities-Dross_Lower_Austria.html
Kaltenbach attractions, Tirol, /Attractions-g1171382-Activities-Kaltenbach_Tirol_Austrian_Alps.html
Neunkirchen attractions, Lower Austria, /Attractions-g1957818-Activities-Neunkirchen_Lower_Austria.html
Sautens attractions, Tirol, /Attractions-g1183708-Activities-Sautens_Tirol_Austrian_Alps.html
Henndorf am Wallersee attractions, Salzburg Region, /Attractions-g1816517-Activities-Henndorf_am_Wallersee_Austrian_Alps.html
Ollersdorf im Burgenland attractions, Burgenland, /Attractions-g2275285-Activities-Ollersdorf_im_Burgenland_Burgenland.html
Haeselgehr attractions, Tirol, /Attractions-g2015258-Activities-Haeselgehr_Tirol_Austrian_Alps.html
Pfunds attractions, Tirol, /Attractions-g1171459-Activities-Pfunds_Tirol_Austrian_Alps.html
Gleinstatten attractions, Styria, /Attractions-g5003352-Activities-Gleinstatten_Styria.html
Bad Leonfelden attractions, Upper Austria, /Attractions-g1511468-Activities-Bad_Leonfelden_Upper_Austria.html
Eichkoegl attractions, Styria, /Attractions-g15016124-Activities-Eichkoegl_Styria.html
Kuchl attractions, Salzburg Region, /Attractions-g2201665-Activities-Kuchl_Austrian_Alps.html
Kraig attractions, Carinthia, /Attractions-g5001422-Activities-Kraig_Carinthia_Austrian_Alps.html
Stuben attractions, Vorarlberg, /Attractions-g1171609-Activities-Stuben_Vorarlberg_Austrian_Alps.html
Pfarrkirchen im Muehlkreis attractions, Upper Austria, /Attractions-g6498544-Activities-Pfarrkirchen_im_Muehlkreis_Upper_Austria.html
Sankt Marein bei Graz attractions, Styria, /Attractions-g2275475-Activities-Sankt_Marein_bei_Graz_Styria.html
Sankt Margareten im Rosental attractions, Carinthia, /Attractions-g1931487-Activities-Sankt_Margareten_im_Rosental_Carinthia_Austrian_Alps.html
Kottes attractions, Lower Austria, /Attractions-g4552855-Activities-Kottes_Lower_Austria.html
Hinterriss attractions, Tirol, /Attractions-g1016043-Activities-Hinterriss_Tirol_Austrian_Alps.html
Schwarzach attractions, Vorarlberg, /Attractions-g2001141-Activities-Schwarzach_Vorarlberg_Austrian_Alps.html
Ried in der Riedmark attractions, Upper Austria, /Attractions-g8521836-Activities-Ried_in_der_Riedmark_Upper_Austria.html
Sankt Corona am Wechsel attractions, Lower Austria, /Attractions-g5001486-Activities-Sankt_Corona_am_Wechsel_Lower_Austria.html
Asparn an der Zaya attractions, Lower Austria, /Attractions-g10664391-Activities-Asparn_an_der_Zaya_Lower_Austria.html
Ramingstein attractions, Salzburg Region, /Attractions-g1937773-Activities-Ramingstein_Austrian_Alps.html
Strasshof an der Nordbahn attractions, Lower Austria, /Attractions-g7112985-Activities-Strasshof_an_der_Nordbahn_Lower_Austria.html
Bartholomaeberg attractions, Vorarlberg, /Attractions-g1745304-Activities-Bartholomaeberg_Vorarlberg_Austrian_Alps.html
Sirnitz attractions, Carinthia, /Attractions-g608654-Activities-Sirnitz_Carinthia_Austrian_Alps.html
Holzgau attractions, Tirol, /Attractions-g608669-Activities-Holzgau_Tirol_Austrian_Alps.html
Oberkreuzstetten attractions, Lower Austria, /Attractions-g12204332-Activities-Oberkreuzstetten_Lower_Austria.html
Ledenitzen attractions, Carinthia, /Attractions-g1194376-Activities-Ledenitzen_Carinthia_Austrian_Alps.html
Berg bei Rohrbach attractions, Upper Austria, /Attractions-g2273720-Activities-Berg_bei_Rohrbach_Upper_Austria.html
Tobadill attractions, Tirol, /Attractions-g651669-Activities-Tobadill_Tirol_Austrian_Alps.html
Lendorf attractions, Carinthia, /Attractions-g811454-Activities-Lendorf_Carinthia_Austrian_Alps.html
Abfaltersbach attractions, Tirol, /Attractions-g2273686-Activities-Abfaltersbach_Tirol_Austrian_Alps.html
Pichl attractions, Styria, /Attractions-g811462-Activities-Pichl_Styria.html
Feistritz an der Gail attractions, Carinthia, /Attractions-g2273772-Activities-Feistritz_an_der_Gail_Carinthia_Austrian_Alps.html
Walchsee attractions, Tirol, /Attractions-g811458-Activities-Walchsee_Tirol_Austrian_Alps.html
Silz attractions, Tirol, /Attractions-g2302449-Activities-Silz_Tirol_Austrian_Alps.html
Bockfliess attractions, Lower Austria, /Attractions-g4997529-Activities-Bockfliess_Lower_Austria.html
Ebreichsdorf attractions, Lower Austria, /Attractions-g4997531-Activities-Ebreichsdorf_Lower_Austria.html
Orth an der Donau attractions, Lower Austria, /Attractions-g1071607-Activities-Orth_an_der_Donau_Lower_Austria.html
Breitenbrunn attractions, Burgenland, /Attractions-g2273737-Activities-Breitenbrunn_Burgenland.html
Alkoven attractions, Upper Austria, /Attractions-g2048487-Activities-Alkoven_Upper_Austria.html
Grossmeiseldorf attractions, Lower Austria, /Attractions-g20886324-Activities-Grossmeiseldorf_Lower_Austria.html
Oberndorf attractions, Tirol, /Attractions-g807441-Activities-Oberndorf_Tirol_Austrian_Alps.html
Sankt Gallen attractions, Styria, /Attractions-g1917532-Activities-Sankt_Gallen_Styria.html
Oberwaltersdorf attractions, Lower Austria, /Attractions-g1931841-Activities-Oberwaltersdorf_Lower_Austria.html
Klosterle attractions, Vorarlberg, /Attractions-g1194595-Activities-Klosterle_Vorarlberg_Austrian_Alps.html
Bernhardsthal attractions, Lower Austria, /Attractions-g21187548-Activities-Bernhardsthal_Lower_Austria.html
