province_name, region_name, province_url
Reifnitz attractions, Carinthia, /Attractions-g1195216-Activities-Reifnitz_Carinthia_Austrian_Alps.html
Pottendorf attractions, Lower Austria, /Attractions-g8862788-Activities-Pottendorf_Lower_Austria.html
St. Leonhard attractions, Salzburg Region, /Attractions-g1436882-Activities-St_Leonhard_Austrian_Alps.html
Gallspach attractions, Upper Austria, /Attractions-g670913-Activities-Gallspach_Upper_Austria.html
Aigen im Muehlkreis attractions, Upper Austria, /Attractions-g7793839-Activities-Aigen_im_Muehlkreis_Upper_Austria.html
St. Aegidi attractions, Upper Austria, /Attractions-g1170673-Activities-St_Aegidi_Upper_Austria.html
Deinzendorf attractions, Lower Austria, /Attractions-g20477403-Activities-Deinzendorf_Lower_Austria.html
Sankt Veit im Pongau attractions, Salzburg Region, /Attractions-g1195252-Activities-Sankt_Veit_im_Pongau_Austrian_Alps.html
Sankt Primus attractions, Carinthia, /Attractions-g1195258-Activities-Sankt_Primus_Carinthia_Austrian_Alps.html
Obegg attractions, Styria, /Attractions-g12903467-Activities-Obegg_Styria.html
Harmannsdorf attractions, Lower Austria, /Attractions-g5237948-Activities-Harmannsdorf_Lower_Austria.html
Rein attractions, Styria, /Attractions-g3382469-Activities-Rein_Styria.html
Frankenburg attractions, Upper Austria, /Attractions-g5237945-Activities-Frankenburg_Upper_Austria.html
Eugendorf attractions, Salzburg Region, /Attractions-g795894-Activities-Eugendorf_Austrian_Alps.html
Wallern im Burgenland attractions, Burgenland, /Attractions-g7709838-Activities-Wallern_im_Burgenland_Burgenland.html
Altfinkenstein attractions, Carinthia, /Attractions-g12840386-Activities-Altfinkenstein_Carinthia_Austrian_Alps.html
Ebene Reichenau attractions, Carinthia, /Attractions-g1912067-Activities-Ebene_Reichenau_Carinthia_Austrian_Alps.html
Traunfeld attractions, Lower Austria, /Attractions-g13508079-Activities-Traunfeld_Lower_Austria.html
Katschberghohe attractions, Carinthia, /Attractions-g15701446-Activities-Katschberghohe_Carinthia_Austrian_Alps.html
Sankt Valentin attractions, Lower Austria, /Attractions-g1170749-Activities-Sankt_Valentin_Lower_Austria.html
Huttschlag attractions, Salzburg Region, /Attractions-g1056037-Activities-Huttschlag_Austrian_Alps.html
Gasen attractions, Styria, /Attractions-g11871616-Activities-Gasen_Styria.html
Lichtenwoerth attractions, Lower Austria, /Attractions-g13508088-Activities-Lichtenwoerth_Lower_Austria.html
Jungholz attractions, Tirol, /Attractions-g1170729-Activities-Jungholz_Tirol_Austrian_Alps.html
Gerlitzen attractions, Carinthia, /Attractions-g12193152-Activities-Gerlitzen_Carinthia_Austrian_Alps.html
Wienerbruck attractions, Lower Austria, /Attractions-g8687035-Activities-Wienerbruck_Lower_Austria.html
Sankt Martin in der Wart attractions, Burgenland, /Attractions-g22821919-Activities-Sankt_Martin_in_der_Wart_Burgenland.html
Gross-Enzersdorf attractions, Lower Austria, /Attractions-g1957207-Activities-Gross_Enzersdorf_Lower_Austria.html
Berndorf attractions, Lower Austria, /Attractions-g1957206-Activities-Berndorf_Lower_Austria.html
Munderfing attractions, Upper Austria, /Attractions-g2026820-Activities-Munderfing_Upper_Austria.html
Ruprechtshofen attractions, Lower Austria, /Attractions-g7929114-Activities-Ruprechtshofen_Lower_Austria.html
Rohrbach attractions, Styria, /Attractions-g7777555-Activities-Rohrbach_Styria.html
Vitis attractions, Lower Austria, /Attractions-g17427564-Activities-Vitis_Lower_Austria.html
Sankt Johann am Walde attractions, Upper Austria, /Attractions-g12840367-Activities-Sankt_Johann_am_Walde_Upper_Austria.html
Kritzendorf attractions, Lower Austria, /Attractions-g1598827-Activities-Kritzendorf_Lower_Austria.html
Innermanzing attractions, Lower Austria, /Attractions-g6372633-Activities-Innermanzing_Lower_Austria.html
Lieboch attractions, Styria, /Attractions-g2184539-Activities-Lieboch_Styria.html
Weisspriach attractions, Salzburg Region, /Attractions-g2641236-Activities-Weisspriach_Austrian_Alps.html
Sulz attractions, Vorarlberg, /Attractions-g7740680-Activities-Sulz_Vorarlberg_Austrian_Alps.html
Hirnsdorf attractions, Styria, /Attractions-g7335404-Activities-Hirnsdorf_Styria.html
Hagenberg im Muehlkreis attractions, Upper Austria, /Attractions-g12840256-Activities-Hagenberg_im_Muehlkreis_Upper_Austria.html
Bad Vigaun attractions, Salzburg Region, /Attractions-g1123733-Activities-Bad_Vigaun_Austrian_Alps.html
Schnepfau attractions, Vorarlberg, /Attractions-g2276773-Activities-Schnepfau_Vorarlberg_Austrian_Alps.html
Klaus attractions, Vorarlberg, /Attractions-g8005104-Activities-Klaus_Vorarlberg_Austrian_Alps.html
Schoeder attractions, Styria, /Attractions-g2276776-Activities-Schoeder_Styria.html
Sierning attractions, Upper Austria, /Attractions-g3597754-Activities-Sierning_Upper_Austria.html
Seckau attractions, Styria, /Attractions-g2276783-Activities-Seckau_Styria.html
Sellrain attractions, Tirol, /Attractions-g2276786-Activities-Sellrain_Tirol_Austrian_Alps.html
Diersbach attractions, Upper Austria, /Attractions-g7896545-Activities-Diersbach_Upper_Austria.html
Rohr an der Raab attractions, Styria, /Attractions-g8721695-Activities-Rohr_an_der_Raab_Styria.html
