province_name, region_name, province_url
Anthering attractions, Salzburg Region, /Attractions-g230007-Activities-Anthering_Austrian_Alps.html
Zirl attractions, Tirol, /Attractions-g230015-Activities-Zirl_Tirol_Austrian_Alps.html
Feldkirchen attractions, Carinthia, /Attractions-g641723-Activities-Feldkirchen_Carinthia_Austrian_Alps.html
Haiming attractions, Tirol, /Attractions-g641743-Activities-Haiming_Tirol_Austrian_Alps.html
Weissensee attractions, Carinthia, /Attractions-g641728-Activities-Weissensee_Carinthia_Austrian_Alps.html
Bad Blumau attractions, Styria, /Attractions-g1172175-Activities-Bad_Blumau_Styria.html
Hirschegg attractions, Kleinwalsertal, /Attractions-g1172212-Activities-Hirschegg_Kleinwalsertal_Vorarlberg_Austrian_Alps.html
Aurach bei Kitzbuehel attractions, Tirol, /Attractions-g1915656-Activities-Aurach_bei_Kitzbuehel_Tirol_Austrian_Alps.html
Liesing attractions, Carinthia, /Attractions-g1196804-Activities-Liesing_Carinthia_Austrian_Alps.html
Palfau attractions, Styria, /Attractions-g1966902-Activities-Palfau_Styria.html
Hinterstoder attractions, Upper Austria, /Attractions-g1172284-Activities-Hinterstoder_Upper_Austria.html
Moerbisch am See attractions, Burgenland, /Attractions-g12204931-Activities-Moerbisch_am_See_Burgenland.html
Brixen im Thale attractions, Tirol, /Attractions-g1096515-Activities-Brixen_im_Thale_Tirol_Austrian_Alps.html
Perg attractions, Upper Austria, /Attractions-g1172294-Activities-Perg_Upper_Austria.html
Lauterach attractions, Vorarlberg, /Attractions-g1393487-Activities-Lauterach_Vorarlberg_Austrian_Alps.html
Weyregg am Attersee attractions, Upper Austria, /Attractions-g1172301-Activities-Weyregg_am_Attersee_Upper_Austria.html
Ganserndorf attractions, Lower Austria, /Attractions-g2220864-Activities-Ganserndorf_Lower_Austria.html
Aigen-Schlagl attractions, Upper Austria, /Attractions-g807813-Activities-Aigen_Schlagl_Upper_Austria.html
Brunn am Gebirge attractions, Lower Austria, /Attractions-g1196983-Activities-Brunn_am_Gebirge_Lower_Austria.html
Ruppersthal attractions, Lower Austria, /Attractions-g16872102-Activities-Ruppersthal_Lower_Austria.html
Damuls attractions, Vorarlberg, /Attractions-g807869-Activities-Damuls_Vorarlberg_Austrian_Alps.html
Staatz attractions, Lower Austria, /Attractions-g3195897-Activities-Staatz_Lower_Austria.html
Gargellen attractions, Vorarlberg, /Attractions-g1197017-Activities-Gargellen_Vorarlberg_Austrian_Alps.html
Vordernberg attractions, Styria, /Attractions-g1389506-Activities-Vordernberg_Styria.html
Bramberg am Wildkogel attractions, Salzburg Region, /Attractions-g1197052-Activities-Bramberg_am_Wildkogel_Austrian_Alps.html
Gratwein attractions, Styria, /Attractions-g3462196-Activities-Gratwein_Styria.html
Mariapfarr attractions, Salzburg Region, /Attractions-g1195032-Activities-Mariapfarr_Austrian_Alps.html
Kottingbrunn attractions, Lower Austria, /Attractions-g4228131-Activities-Kottingbrunn_Lower_Austria.html
Jenbach attractions, Tirol, /Attractions-g1956979-Activities-Jenbach_Tirol_Austrian_Alps.html
Kobenz attractions, Styria, /Attractions-g12903608-Activities-Kobenz_Styria.html
Tadten attractions, Burgenland, /Attractions-g7709876-Activities-Tadten_Burgenland.html
Tarrenz attractions, Tirol, /Attractions-g1170650-Activities-Tarrenz_Tirol_Austrian_Alps.html
Pressbaum attractions, Lower Austria, /Attractions-g1055998-Activities-Pressbaum_Lower_Austria.html
Sankt Georgen ob Murau attractions, Styria, /Attractions-g1510662-Activities-Sankt_Georgen_ob_Murau_Styria.html
Bad Tatzmannsdorf attractions, Burgenland, /Attractions-g660756-Activities-Bad_Tatzmannsdorf_Burgenland.html
Schenkenfelden attractions, Upper Austria, /Attractions-g13118954-Activities-Schenkenfelden_Upper_Austria.html
Heiligenbrunn attractions, Burgenland, /Attractions-g2026807-Activities-Heiligenbrunn_Burgenland.html
Altmunster attractions, Upper Austria, /Attractions-g1170720-Activities-Altmunster_Upper_Austria.html
Heiligenkreuz attractions, Lower Austria, /Attractions-g1957212-Activities-Heiligenkreuz_Lower_Austria.html
Jetzelsdorf attractions, Lower Austria, /Attractions-g3483006-Activities-Jetzelsdorf_Lower_Austria.html
Feistritz ob Bleiburg attractions, Carinthia, /Attractions-g10384841-Activities-Feistritz_ob_Bleiburg_Carinthia_Austrian_Alps.html
Hollenegg attractions, Styria, /Attractions-g2153886-Activities-Hollenegg_Styria.html
Ulrichsberg attractions, Upper Austria, /Attractions-g2276853-Activities-Ulrichsberg_Upper_Austria.html
Deutschfeistritz attractions, Styria, /Attractions-g1768984-Activities-Deutschfeistritz_Styria.html
Galtur attractions, Tirol, /Attractions-g1060376-Activities-Galtur_Tirol_Austrian_Alps.html
Obernalb attractions, Lower Austria, /Attractions-g5074516-Activities-Obernalb_Lower_Austria.html
Gars am Kamp attractions, Lower Austria, /Attractions-g1195528-Activities-Gars_am_Kamp_Lower_Austria.html
Hard attractions, Vorarlberg, /Attractions-g1166908-Activities-Hard_Vorarlberg_Austrian_Alps.html
Obertilliach attractions, Tirol, /Attractions-g1572386-Activities-Obertilliach_Tirol_Austrian_Alps.html
Mautern an der Donau attractions, Lower Austria, /Attractions-g1572384-Activities-Mautern_an_der_Donau_Lower_Austria.html
