province_name, region_name, province_url
Lech attractions, Vorarlberg, /Attractions-g262035-Activities-Lech_Vorarlberg_Austrian_Alps.html
Hallstatt attractions, Upper Austria, /Attractions-g190427-Activities-Hallstatt_Upper_Austria.html
Freistadt attractions, Upper Austria, /Attractions-g1071604-Activities-Freistadt_Upper_Austria.html
Tulln attractions, Lower Austria, /Attractions-g635552-Activities-Tulln_Lower_Austria.html
Ramsau am Dachstein attractions, Styria, /Attractions-g658282-Activities-Ramsau_am_Dachstein_Styria.html
Raabs an der Thaya attractions, Lower Austria, /Attractions-g1196924-Activities-Raabs_an_der_Thaya_Lower_Austria.html
St Johann im Pongau attractions, Salzburg Region, /Attractions-g608665-Activities-St_Johann_im_Pongau_Austrian_Alps.html
Gmund attractions, Carinthia, /Attractions-g1194672-Activities-Gmund_Carinthia_Austrian_Alps.html
Velden am Woerthersee attractions, Carinthia, /Attractions-g641727-Activities-Velden_am_Woerthersee_Carinthia_Austrian_Alps.html
Bad Gleichenberg attractions, Styria, /Attractions-g641758-Activities-Bad_Gleichenberg_Styria.html
Obertraun attractions, Upper Austria, /Attractions-g641766-Activities-Obertraun_Upper_Austria.html
Mistelbach attractions, Lower Austria, /Attractions-g1514537-Activities-Mistelbach_Lower_Austria.html
Durnstein attractions, Lower Austria, /Attractions-g190421-Activities-Durnstein_Lower_Austria.html
Frohnleiten attractions, Styria, /Attractions-g6922127-Activities-Frohnleiten_Styria.html
Weiz attractions, Styria, /Attractions-g2025764-Activities-Weiz_Styria.html
Leogang attractions, Salzburg Region, /Attractions-g641736-Activities-Leogang_Austrian_Alps.html
Radstadt attractions, Salzburg Region, /Attractions-g1056040-Activities-Radstadt_Austrian_Alps.html
Tamsweg attractions, Salzburg Region, /Attractions-g1638032-Activities-Tamsweg_Austrian_Alps.html
Portschach am Worther See attractions, Carinthia, /Attractions-g939822-Activities-Portschach_am_Worther_See_Carinthia_Austrian_Alps.html
Fels am Wagram attractions, Lower Austria, /Attractions-g12071399-Activities-Fels_am_Wagram_Lower_Austria.html
Bleiburg attractions, Carinthia, /Attractions-g2273729-Activities-Bleiburg_Carinthia_Austrian_Alps.html
Sillian attractions, Tirol, /Attractions-g793515-Activities-Sillian_Tirol_Austrian_Alps.html
Rechnitz attractions, Burgenland, /Attractions-g8477749-Activities-Rechnitz_Burgenland.html
Obervellach attractions, Carinthia, /Attractions-g939792-Activities-Obervellach_Carinthia_Austrian_Alps.html
Malta attractions, Carinthia, /Attractions-g1195813-Activities-Malta_Carinthia_Austrian_Alps.html
Neusiedl am See attractions, Burgenland, /Attractions-g190414-Activities-Neusiedl_am_See_Burgenland.html
Reutte attractions, Tirol, /Attractions-g580114-Activities-Reutte_Tirol_Austrian_Alps.html
Pulkau attractions, Lower Austria, /Attractions-g5074502-Activities-Pulkau_Lower_Austria.html
Weissenkirchen attractions, Lower Austria, /Attractions-g616045-Activities-Weissenkirchen_Lower_Austria.html
Westendorf attractions, Tirol, /Attractions-g608681-Activities-Westendorf_Tirol_Austrian_Alps.html
Knittelfeld attractions, Styria, /Attractions-g230009-Activities-Knittelfeld_Styria.html
Bad Kleinkirchheim attractions, Carinthia, /Attractions-g641721-Activities-Bad_Kleinkirchheim_Carinthia_Austrian_Alps.html
Voitsberg attractions, Styria, /Attractions-g1055471-Activities-Voitsberg_Styria.html
Bad Voeslau attractions, Lower Austria, /Attractions-g2065258-Activities-Bad_Voeslau_Lower_Austria.html
Bad Radkersburg attractions, Styria, /Attractions-g1049453-Activities-Bad_Radkersburg_Styria.html
Wildschonau attractions, Tirol, /Attractions-g807867-Activities-Wildschonau_Tirol_Austrian_Alps.html
Mittersill attractions, Salzburg Region, /Attractions-g1118350-Activities-Mittersill_Austrian_Alps.html
Heiligenblut attractions, Carinthia, /Attractions-g608655-Activities-Heiligenblut_Carinthia_Austrian_Alps.html
St Johann in Tirol attractions, Tirol, /Attractions-g608677-Activities-St_Johann_in_Tirol_Tirol_Austrian_Alps.html
Friesach attractions, Carinthia, /Attractions-g1759778-Activities-Friesach_Carinthia_Austrian_Alps.html
Ehrwald attractions, Tirol, /Attractions-g635548-Activities-Ehrwald_Tirol_Austrian_Alps.html
Purbach am Neusiedlersee attractions, Burgenland, /Attractions-g2251558-Activities-Purbach_am_Neusiedlersee_Burgenland.html
Reichenau an der Rax attractions, Lower Austria, /Attractions-g1195276-Activities-Reichenau_an_der_Rax_Lower_Austria.html
Seewalchen am Attersee attractions, Upper Austria, /Attractions-g2281291-Activities-Seewalchen_am_Attersee_Upper_Austria.html
Feldkirch attractions, Vorarlberg, /Attractions-g190450-Activities-Feldkirch_Vorarlberg_Austrian_Alps.html
Spittal an der Drau attractions, Carinthia, /Attractions-g776246-Activities-Spittal_an_der_Drau_Carinthia_Austrian_Alps.html
Goettlesbrunn attractions, Lower Austria, /Attractions-g1773811-Activities-Goettlesbrunn_Lower_Austria.html
Gamlitz attractions, Styria, /Attractions-g1167642-Activities-Gamlitz_Styria.html
St Gilgen attractions, Salzburg Region, /Attractions-g608664-Activities-St_Gilgen_Austrian_Alps.html
Alpbach attractions, Tirol, /Attractions-g608667-Activities-Alpbach_Tirol_Austrian_Alps.html
