province_name, region_name, province_url
Lofer attractions, Salzburg Region, /Attractions-g811450-Activities-Lofer_Austrian_Alps.html
Judenburg attractions, Styria, /Attractions-g2274032-Activities-Judenburg_Styria.html
Bad Waltersdorf attractions, Styria, /Attractions-g641759-Activities-Bad_Waltersdorf_Styria.html
Eisenerz attractions, Styria, /Attractions-g1956916-Activities-Eisenerz_Styria.html
Voecklabruck attractions, Upper Austria, /Attractions-g1819786-Activities-Voecklabruck_Upper_Austria.html
Monchhof attractions, Burgenland, /Attractions-g1055953-Activities-Monchhof_Burgenland.html
Illmitz attractions, Burgenland, /Attractions-g1055951-Activities-Illmitz_Burgenland.html
Riegersburg attractions, Styria, /Attractions-g1443296-Activities-Riegersburg_Styria.html
Trofaiach attractions, Styria, /Attractions-g8785421-Activities-Trofaiach_Styria.html
Eisenkappel attractions, Carinthia, /Attractions-g1195686-Activities-Eisenkappel_Carinthia_Austrian_Alps.html
Hollabrunn attractions, Lower Austria, /Attractions-g1818887-Activities-Hollabrunn_Lower_Austria.html
Soll attractions, Tirol, /Attractions-g608680-Activities-Soll_Tirol_Austrian_Alps.html
Wagrain attractions, Salzburg Region, /Attractions-g811457-Activities-Wagrain_Austrian_Alps.html
Voelkermarkt attractions, Carinthia, /Attractions-g2286027-Activities-Voelkermarkt_Carinthia_Austrian_Alps.html
Fischamend attractions, Lower Austria, /Attractions-g641753-Activities-Fischamend_Lower_Austria.html
Matrei in Osttirol attractions, Tirol, /Attractions-g641746-Activities-Matrei_in_Osttirol_Tirol_Austrian_Alps.html
Langenfeld attractions, Tirol, /Attractions-g1055481-Activities-Langenfeld_Tirol_Austrian_Alps.html
Traun attractions, Upper Austria, /Attractions-g1172304-Activities-Traun_Upper_Austria.html
Leibnitz attractions, Styria, /Attractions-g635763-Activities-Leibnitz_Styria.html
Zwettl attractions, Lower Austria, /Attractions-g1131937-Activities-Zwettl_Lower_Austria.html
Horitschon attractions, Burgenland, /Attractions-g8734684-Activities-Horitschon_Burgenland.html
Hall in Tirol attractions, Tirol, /Attractions-g190444-Activities-Hall_in_Tirol_Tirol_Austrian_Alps.html
Zell am Ziller attractions, Tirol, /Attractions-g8810624-Activities-Zell_am_Ziller_Tirol_Austrian_Alps.html
Roschitz attractions, Lower Austria, /Attractions-g15300801-Activities-Roschitz_Lower_Austria.html
Flachau attractions, Salzburg Region, /Attractions-g807293-Activities-Flachau_Austrian_Alps.html
Attersee attractions, Upper Austria, /Attractions-g2273704-Activities-Attersee_Upper_Austria.html
Kossen attractions, Tirol, /Attractions-g811452-Activities-Kossen_Tirol_Austrian_Alps.html
Murzzuschlag attractions, Styria, /Attractions-g1006201-Activities-Murzzuschlag_Styria.html
Treffen attractions, Carinthia, /Attractions-g1055475-Activities-Treffen_Carinthia_Austrian_Alps.html
Unterretzbach attractions, Lower Austria, /Attractions-g12952686-Activities-Unterretzbach_Lower_Austria.html
Apetlon attractions, Burgenland, /Attractions-g2239859-Activities-Apetlon_Burgenland.html
Neuberg an der Muerz attractions, Styria, /Attractions-g1899877-Activities-Neuberg_an_der_Muerz_Styria.html
Maissau attractions, Lower Austria, /Attractions-g1918337-Activities-Maissau_Lower_Austria.html
Fehring attractions, Styria, /Attractions-g1826213-Activities-Fehring_Styria.html
Voels attractions, Tirol, /Attractions-g1744365-Activities-Voels_Tirol_Austrian_Alps.html
Hadersdorf am Kamp attractions, Lower Austria, /Attractions-g4226701-Activities-Hadersdorf_am_Kamp_Lower_Austria.html
Wieselburg attractions, Lower Austria, /Attractions-g5002899-Activities-Wieselburg_Lower_Austria.html
Korneuburg attractions, Lower Austria, /Attractions-g1924859-Activities-Korneuburg_Lower_Austria.html
Eibiswald attractions, Styria, /Attractions-g1800399-Activities-Eibiswald_Styria.html
Oberndorf bei Salzburg attractions, Salzburg Region, /Attractions-g1012029-Activities-Oberndorf_bei_Salzburg_Austrian_Alps.html
Seekirchen am Wallersee attractions, Salzburg Region, /Attractions-g1022302-Activities-Seekirchen_am_Wallersee_Austrian_Alps.html
Neumarkt am Wallersee attractions, Salzburg Region, /Attractions-g1732931-Activities-Neumarkt_am_Wallersee_Austrian_Alps.html
Innervillgraten attractions, Tirol, /Attractions-g1169786-Activities-Innervillgraten_Tirol_Austrian_Alps.html
Mondsee attractions, Upper Austria, /Attractions-g608656-Activities-Mondsee_Upper_Austria.html
Obergurgl attractions, Tirol, /Attractions-g608674-Activities-Obergurgl_Tirol_Austrian_Alps.html
Falkenstein attractions, Lower Austria, /Attractions-g1849977-Activities-Falkenstein_Lower_Austria.html
Bad Aussee attractions, Styria, /Attractions-g641757-Activities-Bad_Aussee_Styria.html
Ebensee am Traunsee attractions, Upper Austria, /Attractions-g681054-Activities-Ebensee_am_Traunsee_Upper_Austria.html
Stubenberg am See attractions, Styria, /Attractions-g2008182-Activities-Stubenberg_am_See_Styria.html
Deutsch Schuetzen-Eisenberg attractions, Burgenland, /Attractions-g2268244-Activities-Deutsch_Schuetzen_Eisenberg_Burgenland.html
