province_name, region_name, province_url
Krumbach attractions, Vorarlberg, /Attractions-g1933753-Activities-Krumbach_Vorarlberg_Austrian_Alps.html
Mutters attractions, Tirol, /Attractions-g608672-Activities-Mutters_Tirol_Austrian_Alps.html
Faschina attractions, Vorarlberg, /Attractions-g7729600-Activities-Faschina_Vorarlberg_Austrian_Alps.html
Purgstall attractions, Lower Austria, /Attractions-g2705899-Activities-Purgstall_Lower_Austria.html
Mieders attractions, Tirol, /Attractions-g811460-Activities-Mieders_Tirol_Austrian_Alps.html
Etsdorf am Kamp attractions, Lower Austria, /Attractions-g10074448-Activities-Etsdorf_am_Kamp_Lower_Austria.html
Embach attractions, Salzburg Region, /Attractions-g2273768-Activities-Embach_Austrian_Alps.html
Mattersburg attractions, Burgenland, /Attractions-g1022405-Activities-Mattersburg_Burgenland.html
Mariastein attractions, Tirol, /Attractions-g811459-Activities-Mariastein_Tirol_Austrian_Alps.html
Pregarten attractions, Upper Austria, /Attractions-g1071601-Activities-Pregarten_Upper_Austria.html
Garsten attractions, Upper Austria, /Attractions-g2286023-Activities-Garsten_Upper_Austria.html
Breitenfeld an der Rittschein attractions, Styria, /Attractions-g3819978-Activities-Breitenfeld_an_der_Rittschein_Styria.html
Sankt Georgen an der Stiefing attractions, Styria, /Attractions-g4997564-Activities-Sankt_Georgen_an_der_Stiefing_Styria.html
Kleinweikersdorf attractions, Lower Austria, /Attractions-g10381980-Activities-Kleinweikersdorf_Lower_Austria.html
Passail attractions, Styria, /Attractions-g12196529-Activities-Passail_Styria.html
Abersee attractions, Salzburg Region, /Attractions-g1194498-Activities-Abersee_Austrian_Alps.html
Pillersdorf attractions, Lower Austria, /Attractions-g12196519-Activities-Pillersdorf_Lower_Austria.html
Weitra attractions, Lower Austria, /Attractions-g1989120-Activities-Weitra_Lower_Austria.html
Ramsau im Zillertal attractions, Tirol, /Attractions-g1196593-Activities-Ramsau_im_Zillertal_Tirol_Austrian_Alps.html
Franzen attractions, Lower Austria, /Attractions-g7924298-Activities-Franzen_Lower_Austria.html
Sankt Johann im Saggautal attractions, Styria, /Attractions-g10003118-Activities-Sankt_Johann_im_Saggautal_Styria.html
Admont attractions, Styria, /Attractions-g1526362-Activities-Admont_Styria.html
Stadl-Predlitz attractions, Styria, /Attractions-g17757009-Activities-Stadl_Predlitz_Styria.html
Guntersdorf attractions, Lower Austria, /Attractions-g7602712-Activities-Guntersdorf_Lower_Austria.html
Willendorf in der Wachau attractions, Lower Austria, /Attractions-g2093674-Activities-Willendorf_in_der_Wachau_Lower_Austria.html
Brueckl attractions, Carinthia, /Attractions-g10382051-Activities-Brueckl_Carinthia_Austrian_Alps.html
Stuhlfelden attractions, Salzburg Region, /Attractions-g1196695-Activities-Stuhlfelden_Austrian_Alps.html
Moenichkirchen attractions, Lower Austria, /Attractions-g1809053-Activities-Moenichkirchen_Lower_Austria.html
Asten attractions, Upper Austria, /Attractions-g12204584-Activities-Asten_Upper_Austria.html
Innerkrems attractions, Carinthia, /Attractions-g1194632-Activities-Innerkrems_Carinthia_Austrian_Alps.html
Latschach attractions, Carinthia, /Attractions-g641725-Activities-Latschach_Carinthia_Austrian_Alps.html
Taxenbach attractions, Salzburg Region, /Attractions-g641738-Activities-Taxenbach_Austrian_Alps.html
Straning attractions, Lower Austria, /Attractions-g4997766-Activities-Straning_Lower_Austria.html
Sankt Gallenkirch attractions, Vorarlberg, /Attractions-g641730-Activities-Sankt_Gallenkirch_Vorarlberg_Austrian_Alps.html
Huben attractions, Tirol, /Attractions-g2274025-Activities-Huben_Tirol_Austrian_Alps.html
Hof bei Salzburg attractions, Salzburg Region, /Attractions-g641735-Activities-Hof_bei_Salzburg_Austrian_Alps.html
Ansfelden attractions, Upper Austria, /Attractions-g1172164-Activities-Ansfelden_Upper_Austria.html
Kuhtai attractions, Tirol, /Attractions-g641745-Activities-Kuhtai_Tirol_Austrian_Alps.html
Sebersdorf attractions, Styria, /Attractions-g1172170-Activities-Sebersdorf_Styria.html
Strassen attractions, Tirol, /Attractions-g641749-Activities-Strassen_Tirol_Austrian_Alps.html
Unterbergen attractions, Carinthia, /Attractions-g1055476-Activities-Unterbergen_Carinthia_Austrian_Alps.html
Gross-Engersdorf attractions, Lower Austria, /Attractions-g10381945-Activities-Gross_Engersdorf_Lower_Austria.html
Matrei am Brenner attractions, Tirol, /Attractions-g1055483-Activities-Matrei_am_Brenner_Tirol_Austrian_Alps.html
Ternberg attractions, Upper Austria, /Attractions-g776935-Activities-Ternberg_Upper_Austria.html
Sattledt attractions, Upper Austria, /Attractions-g641767-Activities-Sattledt_Upper_Austria.html
Lavant attractions, Tirol, /Attractions-g1024764-Activities-Lavant_Tirol_Austrian_Alps.html
Kirchschlag bei Linz attractions, Upper Austria, /Attractions-g11874881-Activities-Kirchschlag_bei_Linz_Upper_Austria.html
Weitensfeld im Gurktal attractions, Sankt Veit an der Glan, /Attractions-g15004188-Activities-Weitensfeld_im_Gurktal_Sankt_Veit_an_der_Glan_Carinthia_Austrian_Alps.html
Semriach attractions, Styria, /Attractions-g1172201-Activities-Semriach_Styria.html
Heimschuh attractions, Styria, /Attractions-g2274011-Activities-Heimschuh_Styria.html
