province_name, region_name, province_url
Grunau im Almtal attractions, Upper Austria, /Attractions-g1172291-Activities-Grunau_im_Almtal_Upper_Austria.html
Bischofshofen attractions, Salzburg Region, /Attractions-g1602415-Activities-Bischofshofen_Austrian_Alps.html
Bruck an der Leitha attractions, Lower Austria, /Attractions-g1987426-Activities-Bruck_an_der_Leitha_Lower_Austria.html
Kloch attractions, Styria, /Attractions-g2044830-Activities-Kloch_Styria.html
Tschagguns attractions, Vorarlberg, /Attractions-g1196994-Activities-Tschagguns_Vorarlberg_Austrian_Alps.html
Mariazell attractions, Styria, /Attractions-g285707-Activities-Mariazell_Styria.html
Neckenmarkt attractions, Burgenland, /Attractions-g2202634-Activities-Neckenmarkt_Burgenland.html
Eferding attractions, Upper Austria, /Attractions-g1784941-Activities-Eferding_Upper_Austria.html
Umhausen attractions, Tirol, /Attractions-g1989881-Activities-Umhausen_Tirol_Austrian_Alps.html
Muhlbach am Hochkonig attractions, Salzburg Region, /Attractions-g970108-Activities-Muhlbach_am_Hochkonig_Austrian_Alps.html
Tieschen attractions, Styria, /Attractions-g2276841-Activities-Tieschen_Styria.html
Wildon attractions, Styria, /Attractions-g13196549-Activities-Wildon_Styria.html
Stadtschlaining attractions, Burgenland, /Attractions-g8750453-Activities-Stadtschlaining_Burgenland.html
Kirchbach attractions, Carinthia, /Attractions-g1904148-Activities-Kirchbach_Carinthia_Austrian_Alps.html
Weyer Markt attractions, Upper Austria, /Attractions-g2276871-Activities-Weyer_Markt_Upper_Austria.html
Pettneu am Arlberg attractions, Tirol, /Attractions-g616043-Activities-Pettneu_am_Arlberg_Tirol_Austrian_Alps.html
Sankt Nikolai im Soelktal attractions, Styria, /Attractions-g12834469-Activities-Sankt_Nikolai_im_Soelktal_Styria.html
Sankt Stefan im Rosental attractions, Styria, /Attractions-g5002954-Activities-Sankt_Stefan_im_Rosental_Styria.html
Anras attractions, Tirol, /Attractions-g1195674-Activities-Anras_Tirol_Austrian_Alps.html
Arnoldstein attractions, Carinthia, /Attractions-g1902261-Activities-Arnoldstein_Carinthia_Austrian_Alps.html
Lunz am See attractions, Lower Austria, /Attractions-g2274952-Activities-Lunz_am_See_Lower_Austria.html
Koflach attractions, Styria, /Attractions-g1195735-Activities-Koflach_Styria.html
Strobl attractions, Salzburg Region, /Attractions-g939839-Activities-Strobl_Austrian_Alps.html
Reith im Alpbachtal attractions, Tirol, /Attractions-g939827-Activities-Reith_im_Alpbachtal_Tirol_Austrian_Alps.html
Scheibbs attractions, Lower Austria, /Attractions-g1136476-Activities-Scheibbs_Lower_Austria.html
Traismauer attractions, Lower Austria, /Attractions-g1931202-Activities-Traismauer_Lower_Austria.html
Obertauern attractions, Salzburg Region, /Attractions-g190440-Activities-Obertauern_Austrian_Alps.html
Strass in Steiermark attractions, Styria, /Attractions-g1898523-Activities-Strass_in_Steiermark_Styria.html
St. Michael im Lungau attractions, Salzburg Region, /Attractions-g663652-Activities-St_Michael_im_Lungau_Austrian_Alps.html
Allerheiligen im Muhlkreis attractions, Upper Austria, /Attractions-g12359737-Activities-Allerheiligen_im_Muhlkreis_Upper_Austria.html
Schruns attractions, Vorarlberg, /Attractions-g659640-Activities-Schruns_Vorarlberg_Austrian_Alps.html
Gran attractions, Tirol, /Attractions-g665890-Activities-Gran_Tirol_Austrian_Alps.html
Oggau attractions, Burgenland, /Attractions-g1878367-Activities-Oggau_Burgenland.html
Mauterndorf attractions, Salzburg Region, /Attractions-g1950032-Activities-Mauterndorf_Austrian_Alps.html
Ferlach attractions, Carinthia, /Attractions-g1913171-Activities-Ferlach_Carinthia_Austrian_Alps.html
Drobollach am Faakersee attractions, Carinthia, /Attractions-g651663-Activities-Drobollach_am_Faakersee_Carinthia_Austrian_Alps.html
Fuschl am See attractions, Salzburg Region, /Attractions-g608659-Activities-Fuschl_am_See_Austrian_Alps.html
Gerlos attractions, Tirol, /Attractions-g651666-Activities-Gerlos_Tirol_Austrian_Alps.html
Scheffau am Wilden Kaiser attractions, Tirol, /Attractions-g608678-Activities-Scheffau_am_Wilden_Kaiser_Tirol_Austrian_Alps.html
Vorau attractions, Styria, /Attractions-g1983005-Activities-Vorau_Styria.html
Ziersdorf attractions, Lower Austria, /Attractions-g4997754-Activities-Ziersdorf_Lower_Austria.html
Turracher Hohe attractions, Carinthia, /Attractions-g551473-Activities-Turracher_Hohe_Carinthia_Austrian_Alps.html
Gurk attractions, Carinthia, /Attractions-g1196654-Activities-Gurk_Carinthia_Austrian_Alps.html
Bruckneudorf attractions, Burgenland, /Attractions-g12081709-Activities-Bruckneudorf_Burgenland.html
Hohenau an der March attractions, Lower Austria, /Attractions-g21187553-Activities-Hohenau_an_der_March_Lower_Austria.html
Grosskirchheim attractions, Carinthia, /Attractions-g1194664-Activities-Grosskirchheim_Carinthia_Austrian_Alps.html
Fulpmes attractions, Tirol, /Attractions-g641741-Activities-Fulpmes_Tirol_Austrian_Alps.html
Ebbs attractions, Tirol, /Attractions-g1055478-Activities-Ebbs_Tirol_Austrian_Alps.html
Lermoos attractions, Tirol, /Attractions-g666336-Activities-Lermoos_Tirol_Austrian_Alps.html
Gobelsburg attractions, Lower Austria, /Attractions-g2273993-Activities-Gobelsburg_Lower_Austria.html
