province_name, region_name, province_url
Reith bei Seefeld attractions, Tirol, /Attractions-g1194561-Activities-Reith_bei_Seefeld_Tirol_Austrian_Alps.html
Puchberg am Schneeberg attractions, Lower Austria, /Attractions-g1194575-Activities-Puchberg_am_Schneeberg_Lower_Austria.html
Eberndorf attractions, Carinthia, /Attractions-g1196663-Activities-Eberndorf_Carinthia_Austrian_Alps.html
Sankt Martin bei Lofer attractions, Salzburg Region, /Attractions-g1196642-Activities-Sankt_Martin_bei_Lofer_Austrian_Alps.html
Kleinarl attractions, Salzburg Region, /Attractions-g1010306-Activities-Kleinarl_Austrian_Alps.html
Pasching attractions, Upper Austria, /Attractions-g4178610-Activities-Pasching_Upper_Austria.html
Grossgmain attractions, Salzburg Region, /Attractions-g1196734-Activities-Grossgmain_Austrian_Alps.html
Axams attractions, Tirol, /Attractions-g1194706-Activities-Axams_Tirol_Austrian_Alps.html
St. Radegund bei Graz attractions, Styria, /Attractions-g1172179-Activities-St_Radegund_bei_Graz_Styria.html
Jennersdorf attractions, Burgenland, /Attractions-g641752-Activities-Jennersdorf_Burgenland.html
Mieming attractions, Tirol, /Attractions-g1055484-Activities-Mieming_Tirol_Austrian_Alps.html
Noetsch im Gailtal attractions, Carinthia, /Attractions-g2013937-Activities-Noetsch_im_Gailtal_Carinthia_Austrian_Alps.html
Bad Schallerbach attractions, Upper Austria, /Attractions-g1055464-Activities-Bad_Schallerbach_Upper_Austria.html
Eberstein attractions, Carinthia, /Attractions-g1196783-Activities-Eberstein_Carinthia_Austrian_Alps.html
Hochfilzen attractions, Tirol, /Attractions-g1196857-Activities-Hochfilzen_Tirol_Austrian_Alps.html
Kalsdorf bei Graz attractions, Styria, /Attractions-g4758389-Activities-Kalsdorf_bei_Graz_Styria.html
Kremsmunster attractions, Upper Austria, /Attractions-g1172297-Activities-Kremsmunster_Upper_Austria.html
Bad Kreuzen attractions, Upper Austria, /Attractions-g2360158-Activities-Bad_Kreuzen_Upper_Austria.html
Geras attractions, Lower Austria, /Attractions-g1571733-Activities-Geras_Lower_Austria.html
Biberwier attractions, Tirol, /Attractions-g1115026-Activities-Biberwier_Tirol_Austrian_Alps.html
Bruck an der Grossglocknerstrasse attractions, Salzburg Region, /Attractions-g1571731-Activities-Bruck_an_der_Grossglocknerstrasse_Austrian_Alps.html
Hainzenberg attractions, Tirol, /Attractions-g2024347-Activities-Hainzenberg_Tirol_Austrian_Alps.html
Hohenthurn attractions, Carinthia, /Attractions-g8094618-Activities-Hohenthurn_Carinthia_Austrian_Alps.html
Kohfidisch attractions, Burgenland, /Attractions-g2274257-Activities-Kohfidisch_Burgenland.html
Vils attractions, Tirol, /Attractions-g7212132-Activities-Vils_Tirol_Austrian_Alps.html
Vorchdorf attractions, Upper Austria, /Attractions-g2268211-Activities-Vorchdorf_Upper_Austria.html
Heinfels attractions, Tirol, /Attractions-g3849236-Activities-Heinfels_Tirol_Austrian_Alps.html
Bezau attractions, Vorarlberg, /Attractions-g658720-Activities-Bezau_Vorarlberg_Austrian_Alps.html
Breitenstein am Semmering attractions, Lower Austria, /Attractions-g4580712-Activities-Breitenstein_am_Semmering_Lower_Austria.html
Brixlegg attractions, Tirol, /Attractions-g2305292-Activities-Brixlegg_Tirol_Austrian_Alps.html
St Martin am Tennengebirge attractions, Salzburg Region, /Attractions-g1056041-Activities-St_Martin_am_Tennengebirge_Austrian_Alps.html
Keutschach am See attractions, Carinthia, /Attractions-g1170733-Activities-Keutschach_am_See_Carinthia_Austrian_Alps.html
Aich attractions, Styria, /Attractions-g2153913-Activities-Aich_Styria.html
Silbertal attractions, Vorarlberg, /Attractions-g2276793-Activities-Silbertal_Vorarlberg_Austrian_Alps.html
Fladnitz an der Teichalm attractions, Styria, /Attractions-g1582471-Activities-Fladnitz_an_der_Teichalm_Styria.html
Woesendorf attractions, Lower Austria, /Attractions-g6958504-Activities-Woesendorf_Lower_Austria.html
Hippach attractions, Tirol, /Attractions-g1177048-Activities-Hippach_Tirol_Austrian_Alps.html
Muggendorf attractions, Lower Austria, /Attractions-g8017307-Activities-Muggendorf_Lower_Austria.html
Althofen attractions, Carinthia, /Attractions-g2205243-Activities-Althofen_Carinthia_Austrian_Alps.html
Persenbeug attractions, Lower Austria, /Attractions-g1572388-Activities-Persenbeug_Lower_Austria.html
Parndorf attractions, Burgenland, /Attractions-g1572387-Activities-Parndorf_Burgenland.html
Zell im Zillertal attractions, Tirol, /Attractions-g616041-Activities-Zell_im_Zillertal_Tirol_Austrian_Alps.html
Steinach am Brenner attractions, Tirol, /Attractions-g954000-Activities-Steinach_am_Brenner_Tirol_Austrian_Alps.html
Gratkorn attractions, Styria, /Attractions-g1810129-Activities-Gratkorn_Styria.html
Krieglach attractions, Styria, /Attractions-g2209476-Activities-Krieglach_Styria.html
Niederndorf attractions, Tirol, /Attractions-g2275012-Activities-Niederndorf_Tirol_Austrian_Alps.html
Sankt Thomas am Blasenstein attractions, Upper Austria, /Attractions-g2260690-Activities-Sankt_Thomas_am_Blasenstein_Upper_Austria.html
Schwanenstadt attractions, Upper Austria, /Attractions-g8408978-Activities-Schwanenstadt_Upper_Austria.html
Landskron attractions, Carinthia, /Attractions-g1918752-Activities-Landskron_Carinthia_Austrian_Alps.html
Bad Haring attractions, Tirol, /Attractions-g1165103-Activities-Bad_Haring_Tirol_Austrian_Alps.html
