province_name, region_name, province_url
Krumbach attractions, Lower Austria, /Attractions-g1196724-Activities-Krumbach_Lower_Austria.html
Diex attractions, Carinthia, /Attractions-g1809065-Activities-Diex_Carinthia_Austrian_Alps.html
Haag am Hausruck attractions, Upper Austria, /Attractions-g2540179-Activities-Haag_am_Hausruck_Upper_Austria.html
Wald im Pinzgau attractions, Salzburg Region, /Attractions-g641739-Activities-Wald_im_Pinzgau_Austrian_Alps.html
Vasoldsberg attractions, Styria, /Attractions-g12204669-Activities-Vasoldsberg_Styria.html
Seefeld-Kadolz attractions, Lower Austria, /Attractions-g6363814-Activities-Seefeld_Kadolz_Lower_Austria.html
Bockstein attractions, Salzburg Region, /Attractions-g641733-Activities-Bockstein_Austrian_Alps.html
Litschau attractions, Lower Austria, /Attractions-g641755-Activities-Litschau_Lower_Austria.html
Kindberg attractions, Styria, /Attractions-g2274039-Activities-Kindberg_Styria.html
Kasten bei Boeheimkirchen attractions, Lower Austria, /Attractions-g2274037-Activities-Kasten_bei_Boeheimkirchen_Lower_Austria.html
Sitzendorf an der Schmida attractions, Lower Austria, /Attractions-g20900838-Activities-Sitzendorf_an_der_Schmida_Lower_Austria.html
Tulfes attractions, Tirol, /Attractions-g641750-Activities-Tulfes_Tirol_Austrian_Alps.html
Franking attractions, Upper Austria, /Attractions-g641764-Activities-Franking_Upper_Austria.html
Goldegg attractions, Salzburg Region, /Attractions-g2273996-Activities-Goldegg_Austrian_Alps.html
Volders attractions, Tirol, /Attractions-g1055486-Activities-Volders_Tirol_Austrian_Alps.html
Heidenreichstein attractions, Lower Austria, /Attractions-g2274007-Activities-Heidenreichstein_Lower_Austria.html
Annenheim attractions, Carinthia, /Attractions-g1194724-Activities-Annenheim_Carinthia_Austrian_Alps.html
Senftenberg attractions, Lower Austria, /Attractions-g1196850-Activities-Senftenberg_Lower_Austria.html
Anif attractions, Salzburg Region, /Attractions-g666412-Activities-Anif_Austrian_Alps.html
Kapfenstein attractions, Styria, /Attractions-g1172260-Activities-Kapfenstein_Styria.html
Grafenwoerth attractions, Lower Austria, /Attractions-g21221899-Activities-Grafenwoerth_Lower_Austria.html
Waidring attractions, Tirol, /Attractions-g662336-Activities-Waidring_Tirol_Austrian_Alps.html
Felixdorf attractions, Lower Austria, /Attractions-g7066401-Activities-Felixdorf_Lower_Austria.html
Kirchberg am Wechsel attractions, Lower Austria, /Attractions-g2274162-Activities-Kirchberg_am_Wechsel_Lower_Austria.html
Spielberg attractions, Styria, /Attractions-g2251638-Activities-Spielberg_Styria.html
Grieskirchen attractions, Upper Austria, /Attractions-g1809218-Activities-Grieskirchen_Upper_Austria.html
Grodig attractions, Salzburg Region, /Attractions-g1096522-Activities-Grodig_Austrian_Alps.html
Berwang attractions, Tirol, /Attractions-g1115025-Activities-Berwang_Tirol_Austrian_Alps.html
Aschau im Zillertal attractions, Tirol, /Attractions-g1196988-Activities-Aschau_im_Zillertal_Tirol_Austrian_Alps.html
St Andra-Hoech attractions, Styria, /Attractions-g4995980-Activities-St_Andra_Hoech_Styria.html
Unternalb attractions, Lower Austria, /Attractions-g12204926-Activities-Unternalb_Lower_Austria.html
Mattighofen attractions, Upper Austria, /Attractions-g2044886-Activities-Mattighofen_Upper_Austria.html
Langau attractions, Lower Austria, /Attractions-g21197448-Activities-Langau_Lower_Austria.html
Premstatten attractions, Styria, /Attractions-g644056-Activities-Premstatten_Styria.html
Krakauschatten attractions, Styria, /Attractions-g2274269-Activities-Krakauschatten_Styria.html
Oberschuetzen attractions, Burgenland, /Attractions-g7255160-Activities-Oberschuetzen_Burgenland.html
Obdach attractions, Styria, /Attractions-g1950772-Activities-Obdach_Styria.html
Pfarrkirchen bei Bad Hall attractions, Upper Austria, /Attractions-g15004885-Activities-Pfarrkirchen_bei_Bad_Hall_Upper_Austria.html
Ragnitz attractions, Styria, /Attractions-g13196540-Activities-Ragnitz_Styria.html
Grosspetersdorf attractions, Burgenland, /Attractions-g8051788-Activities-Grosspetersdorf_Burgenland.html
Feistritz im Rosental attractions, Carinthia, /Attractions-g1195053-Activities-Feistritz_im_Rosental_Carinthia_Austrian_Alps.html
Eben im Pongau attractions, Salzburg Region, /Attractions-g808004-Activities-Eben_im_Pongau_Austrian_Alps.html
Schoengrabern attractions, Lower Austria, /Attractions-g12903565-Activities-Schoengrabern_Lower_Austria.html
Lenzing attractions, Upper Austria, /Attractions-g8756427-Activities-Lenzing_Upper_Austria.html
Stegersbach attractions, Burgenland, /Attractions-g670810-Activities-Stegersbach_Burgenland.html
Stans attractions, Tirol, /Attractions-g1195111-Activities-Stans_Tirol_Austrian_Alps.html
Scharnstein attractions, Upper Austria, /Attractions-g8750085-Activities-Scharnstein_Upper_Austria.html
Lambach attractions, Upper Austria, /Attractions-g4007090-Activities-Lambach_Upper_Austria.html
Haus im Ennstal attractions, Styria, /Attractions-g808084-Activities-Haus_im_Ennstal_Styria.html
Schroecken attractions, Vorarlberg, /Attractions-g1420464-Activities-Schroecken_Vorarlberg_Austrian_Alps.html
