province_name, region_name, province_url
Schrems attractions, Lower Austria, /Attractions-g2278192-Activities-Schrems_Lower_Austria.html
Perwang am Grabensee attractions, Upper Austria, /Attractions-g7805783-Activities-Perwang_am_Grabensee_Upper_Austria.html
Otztal-Bahnhof attractions, Tirol, /Attractions-g2136833-Activities-Otztal_Bahnhof_Tirol_Austrian_Alps.html
Lochen attractions, Upper Austria, /Attractions-g4469607-Activities-Lochen_Upper_Austria.html
Kaindorf an der Sulm attractions, Styria, /Attractions-g2278175-Activities-Kaindorf_an_der_Sulm_Styria.html
Seiersberg attractions, Styria, /Attractions-g7648045-Activities-Seiersberg_Styria.html
Zeiselmauer attractions, Lower Austria, /Attractions-g5444406-Activities-Zeiselmauer_Lower_Austria.html
Pollau attractions, Styria, /Attractions-g8110858-Activities-Pollau_Styria.html
Pillichsdorf attractions, Lower Austria, /Attractions-g14058403-Activities-Pillichsdorf_Lower_Austria.html
Pabneukirchen attractions, Upper Austria, /Attractions-g11950896-Activities-Pabneukirchen_Upper_Austria.html
Litzelsdorf attractions, Burgenland, /Attractions-g7187430-Activities-Litzelsdorf_Burgenland.html
Afritz attractions, Carinthia, /Attractions-g807811-Activities-Afritz_Carinthia_Austrian_Alps.html
Arzl im Pitztal attractions, Tirol, /Attractions-g807863-Activities-Arzl_im_Pitztal_Tirol_Austrian_Alps.html
Grossmugl attractions, Lower Austria, /Attractions-g12204804-Activities-Grossmugl_Lower_Austria.html
Frauental an der Lassnitz attractions, Styria, /Attractions-g2202604-Activities-Frauental_an_der_Lassnitz_Styria.html
Going am Wilden Kaiser attractions, Tirol, /Attractions-g11948904-Activities-Going_am_Wilden_Kaiser_Tirol_Austrian_Alps.html
Gampern attractions, Upper Austria, /Attractions-g7254924-Activities-Gampern_Upper_Austria.html
Polla attractions, Lower Austria, /Attractions-g8110996-Activities-Polla_Lower_Austria.html
Kittsee attractions, Burgenland, /Attractions-g2274253-Activities-Kittsee_Burgenland.html
Kolsass attractions, Tirol, /Attractions-g2274259-Activities-Kolsass_Tirol_Austrian_Alps.html
Koppl attractions, Salzburg Region, /Attractions-g2274260-Activities-Koppl_Austrian_Alps.html
Puch attractions, Salzburg Region, /Attractions-g1076231-Activities-Puch_Austrian_Alps.html
Katzelsdorf attractions, Lower Austria, /Attractions-g2212923-Activities-Katzelsdorf_Lower_Austria.html
Heiterwang attractions, Tirol, /Attractions-g1170493-Activities-Heiterwang_Tirol_Austrian_Alps.html
Pragraten attractions, Tirol, /Attractions-g1195089-Activities-Pragraten_Tirol_Austrian_Alps.html
Desselbrunn attractions, Upper Austria, /Attractions-g4590606-Activities-Desselbrunn_Upper_Austria.html
Fendels attractions, Tirol, /Attractions-g808006-Activities-Fendels_Tirol_Austrian_Alps.html
Annaberg attractions, Lower Austria, /Attractions-g1889359-Activities-Annaberg_Lower_Austria.html
Auersbach attractions, Styria, /Attractions-g12336355-Activities-Auersbach_Styria.html
Obergrabern attractions, Lower Austria, /Attractions-g12903593-Activities-Obergrabern_Lower_Austria.html
Fusch attractions, Salzburg Region, /Attractions-g808077-Activities-Fusch_Austrian_Alps.html
Laakirchen attractions, Salzburg Region, /Attractions-g8780802-Activities-Laakirchen_Austrian_Alps.html
Mellau attractions, Vorarlberg, /Attractions-g1498253-Activities-Mellau_Vorarlberg_Austrian_Alps.html
Horbranz attractions, Vorarlberg, /Attractions-g1162381-Activities-Horbranz_Vorarlberg_Austrian_Alps.html
Thal bei Graz attractions, Styria, /Attractions-g10449966-Activities-Thal_bei_Graz_Styria.html
Forchtenstein attractions, Burgenland, /Attractions-g4414709-Activities-Forchtenstein_Burgenland.html
Kleinwetzdorf attractions, Lower Austria, /Attractions-g12903550-Activities-Kleinwetzdorf_Lower_Austria.html
Trausdorf an der Wulka attractions, Burgenland, /Attractions-g1055954-Activities-Trausdorf_an_der_Wulka_Burgenland.html
Aggsbach Markt attractions, Lower Austria, /Attractions-g2094277-Activities-Aggsbach_Markt_Lower_Austria.html
Weilbach attractions, Ried im Innkreis District, /Attractions-g17321440-Activities-Weilbach_Ried_im_Innkreis_District_Upper_Austria.html
Yspertal attractions, Lower Austria, /Attractions-g1055999-Activities-Yspertal_Lower_Austria.html
Hollersbach im Pinzgau attractions, Salzburg Region, /Attractions-g1195244-Activities-Hollersbach_im_Pinzgau_Austrian_Alps.html
Mitterkirchen im Machland attractions, Upper Austria, /Attractions-g4414809-Activities-Mitterkirchen_im_Machland_Upper_Austria.html
Grosskrut attractions, Lower Austria, /Attractions-g12193189-Activities-Grosskrut_Lower_Austria.html
Baldramsdorf attractions, Carinthia, /Attractions-g6495555-Activities-Baldramsdorf_Carinthia_Austrian_Alps.html
Scharnitz attractions, Tirol, /Attractions-g1170750-Activities-Scharnitz_Tirol_Austrian_Alps.html
Falkert attractions, Carinthia, /Attractions-g12193161-Activities-Falkert_Carinthia_Austrian_Alps.html
Sulzberg attractions, Vorarlberg, /Attractions-g1195297-Activities-Sulzberg_Vorarlberg_Austrian_Alps.html
Burgkirchen attractions, Upper Austria, /Attractions-g7208281-Activities-Burgkirchen_Upper_Austria.html
Sipbachzell attractions, Upper Austria, /Attractions-g13118973-Activities-Sipbachzell_Upper_Austria.html
