province_name, region_name, province_url
Gross-Schweinbarth attractions, Lower Austria, /Attractions-g15300441-Activities-Gross_Schweinbarth_Lower_Austria.html
Altenmarkt an der Triesting attractions, Lower Austria, /Attractions-g10385236-Activities-Altenmarkt_an_der_Triesting_Lower_Austria.html
Schutzen am Gebirge attractions, Burgenland, /Attractions-g968665-Activities-Schutzen_am_Gebirge_Burgenland.html
Bludesch attractions, Vorarlberg, /Attractions-g13115169-Activities-Bludesch_Vorarlberg_Austrian_Alps.html
Axamer Lizum attractions, Tirol, /Attractions-g2613194-Activities-Axamer_Lizum_Tirol_Austrian_Alps.html
Oeblarn attractions, Styria, /Attractions-g2275279-Activities-Oeblarn_Styria.html
Attnang-Puchheim attractions, Upper Austria, /Attractions-g2613193-Activities-Attnang_Puchheim_Upper_Austria.html
Engabrunn attractions, Lower Austria, /Attractions-g2351064-Activities-Engabrunn_Lower_Austria.html
Ampflwang attractions, Upper Austria, /Attractions-g1007627-Activities-Ampflwang_Upper_Austria.html
Oberhaag attractions, Styria, /Attractions-g12200104-Activities-Oberhaag_Styria.html
Ladis attractions, Tirol, /Attractions-g1171460-Activities-Ladis_Tirol_Austrian_Alps.html
Voecklamarkt attractions, Upper Austria, /Attractions-g12513448-Activities-Voecklamarkt_Upper_Austria.html
Rauchwart im Burgenland attractions, Burgenland, /Attractions-g2613248-Activities-Rauchwart_im_Burgenland_Burgenland.html
Neudegg attractions, Lower Austria, /Attractions-g21309821-Activities-Neudegg_Lower_Austria.html
Drassmarkt attractions, Burgenland, /Attractions-g19093786-Activities-Drassmarkt_Burgenland.html
Neuhofen an der Ybbs attractions, Lower Austria, /Attractions-g1212460-Activities-Neuhofen_an_der_Ybbs_Lower_Austria.html
Zagersdorf attractions, Burgenland, /Attractions-g15016119-Activities-Zagersdorf_Burgenland.html
Wildungsmauer attractions, Lower Austria, /Attractions-g9455858-Activities-Wildungsmauer_Lower_Austria.html
Seebenstein attractions, Lower Austria, /Attractions-g3250246-Activities-Seebenstein_Lower_Austria.html
Mooskirchen attractions, Styria, /Attractions-g7082004-Activities-Mooskirchen_Styria.html
Abtsdorf am Attersee attractions, Upper Austria, /Attractions-g2261082-Activities-Abtsdorf_am_Attersee_Upper_Austria.html
Burserberg attractions, Vorarlberg, /Attractions-g1171608-Activities-Burserberg_Vorarlberg_Austrian_Alps.html
Deutsch Wagram attractions, Lower Austria, /Attractions-g1171615-Activities-Deutsch_Wagram_Lower_Austria.html
Bildein attractions, Burgenland, /Attractions-g5001411-Activities-Bildein_Burgenland.html
Wernstein am Inn attractions, Upper Austria, /Attractions-g2613431-Activities-Wernstein_am_Inn_Upper_Austria.html
Ohlsdorf attractions, Gmunden, /Attractions-g10381362-Activities-Ohlsdorf_Gmunden_Upper_Austria.html
Gams bei Hieflau attractions, Styria, /Attractions-g10006570-Activities-Gams_bei_Hieflau_Styria.html
Alpl attractions, Styria, /Attractions-g2222229-Activities-Alpl_Styria.html
Schoenau im Muehlkreis attractions, Upper Austria, /Attractions-g7018667-Activities-Schoenau_im_Muehlkreis_Upper_Austria.html
Unterwart attractions, Burgenland, /Attractions-g15708206-Activities-Unterwart_Burgenland.html
Rohrau attractions, Lower Austria, /Attractions-g7018657-Activities-Rohrau_Lower_Austria.html
Ybbs an der Donau attractions, Lower Austria, /Attractions-g1601786-Activities-Ybbs_an_der_Donau_Lower_Austria.html
Bernstein attractions, Burgenland, /Attractions-g319730-Activities-Bernstein_Burgenland.html
Irdning attractions, Styria, /Attractions-g319731-Activities-Irdning_Styria.html
Reisenberg attractions, Lower Austria, /Attractions-g8282474-Activities-Reisenberg_Lower_Austria.html
Frankenmarkt attractions, Upper Austria, /Attractions-g1194250-Activities-Frankenmarkt_Upper_Austria.html
St. Veit in Defereggen attractions, Tirol, /Attractions-g1988927-Activities-St_Veit_in_Defereggen_Tirol_Austrian_Alps.html
Eggersdorf bei Graz attractions, Styria, /Attractions-g2025779-Activities-Eggersdorf_bei_Graz_Styria.html
Jagerberg attractions, Styria, /Attractions-g3528960-Activities-Jagerberg_Styria.html
Schottwien attractions, Lower Austria, /Attractions-g7362865-Activities-Schottwien_Lower_Austria.html
Schiedlberg attractions, Upper Austria, /Attractions-g9595350-Activities-Schiedlberg_Upper_Austria.html
Hinterbruhl attractions, Lower Austria, /Attractions-g944451-Activities-Hinterbruhl_Lower_Austria.html
Kirchdorf am Inn attractions, Upper Austria, /Attractions-g8686051-Activities-Kirchdorf_am_Inn_Upper_Austria.html
Gaimberg attractions, Tirol, /Attractions-g5562685-Activities-Gaimberg_Tirol_Austrian_Alps.html
Ebenau attractions, Salzburg Region, /Attractions-g807291-Activities-Ebenau_Austrian_Alps.html
Krakauebene attractions, Styria, /Attractions-g7739660-Activities-Krakauebene_Styria.html
Ried im Oberinntal attractions, Tirol, /Attractions-g1055125-Activities-Ried_im_Oberinntal_Tirol_Austrian_Alps.html
Mining attractions, Upper Austria, /Attractions-g4997578-Activities-Mining_Upper_Austria.html
Ardagger Markt attractions, Lower Austria, /Attractions-g2273701-Activities-Ardagger_Markt_Lower_Austria.html
Leonstein attractions, Upper Austria, /Attractions-g4764121-Activities-Leonstein_Upper_Austria.html
