province_name, region_name, province_url
Techelsberg attractions, Carinthia, /Attractions-g673505-Activities-Techelsberg_Carinthia_Austrian_Alps.html
Leitzersdorf attractions, Lower Austria, /Attractions-g10385001-Activities-Leitzersdorf_Lower_Austria.html
Ranten attractions, Styria, /Attractions-g5062324-Activities-Ranten_Styria.html
Nickelsdorf attractions, Burgenland, /Attractions-g4470595-Activities-Nickelsdorf_Burgenland.html
Piesendorf attractions, Salzburg Region, /Attractions-g939797-Activities-Piesendorf_Austrian_Alps.html
Windhaag bei Perg attractions, Upper Austria, /Attractions-g2049853-Activities-Windhaag_bei_Perg_Upper_Austria.html
St. Lambrecht attractions, Styria, /Attractions-g939834-Activities-St_Lambrecht_Styria.html
Gaming attractions, Lower Austria, /Attractions-g1136475-Activities-Gaming_Lower_Austria.html
Uderns attractions, Tirol, /Attractions-g939842-Activities-Uderns_Tirol_Austrian_Alps.html
Schlierbach attractions, Upper Austria, /Attractions-g1820481-Activities-Schlierbach_Upper_Austria.html
Gerasdorf bei Wien attractions, Lower Austria, /Attractions-g2049859-Activities-Gerasdorf_bei_Wien_Lower_Austria.html
Dietach attractions, Upper Austria, /Attractions-g4552485-Activities-Dietach_Upper_Austria.html
Bisamberg attractions, Lower Austria, /Attractions-g8523542-Activities-Bisamberg_Lower_Austria.html
Worschach attractions, Styria, /Attractions-g10385204-Activities-Worschach_Styria.html
Rappottenstein attractions, Lower Austria, /Attractions-g3569562-Activities-Rappottenstein_Lower_Austria.html
Mixnitz attractions, Styria, /Attractions-g4542456-Activities-Mixnitz_Styria.html
Klein St. Paul attractions, Carinthia, /Attractions-g10385184-Activities-Klein_St_Paul_Carinthia_Austrian_Alps.html
Marchegg attractions, Lower Austria, /Attractions-g2613220-Activities-Marchegg_Lower_Austria.html
Raiding attractions, Burgenland, /Attractions-g190415-Activities-Raiding_Burgenland.html
Pochlarn attractions, Lower Austria, /Attractions-g2275308-Activities-Pochlarn_Lower_Austria.html
Frastanz attractions, Vorarlberg, /Attractions-g1834959-Activities-Frastanz_Vorarlberg_Austrian_Alps.html
Puch bei Weiz attractions, Styria, /Attractions-g2275316-Activities-Puch_bei_Weiz_Styria.html
Rosenburg attractions, Lower Austria, /Attractions-g1816516-Activities-Rosenburg_Lower_Austria.html
Erl attractions, Tirol, /Attractions-g190443-Activities-Erl_Tirol_Austrian_Alps.html
Scharten attractions, Upper Austria, /Attractions-g17198829-Activities-Scharten_Upper_Austria.html
Gerersdorf bei Gussing attractions, Burgenland, /Attractions-g2613204-Activities-Gerersdorf_bei_Gussing_Burgenland.html
Wolfurt attractions, Vorarlberg, /Attractions-g2000873-Activities-Wolfurt_Vorarlberg_Austrian_Alps.html
Kollmitzberg attractions, Lower Austria, /Attractions-g7317602-Activities-Kollmitzberg_Lower_Austria.html
Gabersdorf attractions, Styria, /Attractions-g5003357-Activities-Gabersdorf_Styria.html
Feista attractions, Styria, /Attractions-g15511806-Activities-Feista_Styria.html
Breitenbach attractions, Tirol, /Attractions-g1888264-Activities-Breitenbach_Tirol_Austrian_Alps.html
Niederthai attractions, Tirol, /Attractions-g1527810-Activities-Niederthai_Tirol_Austrian_Alps.html
Kundl attractions, Tirol, /Attractions-g8110177-Activities-Kundl_Tirol_Austrian_Alps.html
Berg attractions, Lower Austria, /Attractions-g12665057-Activities-Berg_Lower_Austria.html
Unterzeiring attractions, Styria, /Attractions-g15511757-Activities-Unterzeiring_Styria.html
Rattendorf attractions, Carinthia, /Attractions-g2275334-Activities-Rattendorf_Carinthia_Austrian_Alps.html
Markt Hartmannsdorf attractions, Styria, /Attractions-g10313913-Activities-Markt_Hartmannsdorf_Styria.html
Reisach attractions, Carinthia, /Attractions-g2275342-Activities-Reisach_Carinthia_Austrian_Alps.html
Schonbuhel an der Donau attractions, Lower Austria, /Attractions-g2613259-Activities-Schonbuhel_an_der_Donau_Lower_Austria.html
Schonbach attractions, Salzburg Region, /Attractions-g2613258-Activities-Schonbach_Austrian_Alps.html
Fritzens attractions, Tirol, /Attractions-g7811161-Activities-Fritzens_Tirol_Austrian_Alps.html
Amlach attractions, Tirol, /Attractions-g1841198-Activities-Amlach_Tirol_Austrian_Alps.html
Riefensberg attractions, Vorarlberg, /Attractions-g2275345-Activities-Riefensberg_Vorarlberg_Austrian_Alps.html
Kernhof attractions, Lower Austria, /Attractions-g4581494-Activities-Kernhof_Lower_Austria.html
Rosenau Am Hengstpass attractions, Upper Austria, /Attractions-g10385578-Activities-Rosenau_Am_Hengstpass_Upper_Austria.html
Thaur attractions, Tirol, /Attractions-g1841193-Activities-Thaur_Tirol_Austrian_Alps.html
Vostenhof attractions, Lower Austria, /Attractions-g15300831-Activities-Vostenhof_Lower_Austria.html
Sankt Marien attractions, Upper Austria, /Attractions-g2269205-Activities-Sankt_Marien_Upper_Austria.html
Traiskirchen attractions, Lower Austria, /Attractions-g2613264-Activities-Traiskirchen_Lower_Austria.html
Riegersdorf attractions, Styria, /Attractions-g2275352-Activities-Riegersdorf_Styria.html
