province_name, region_name, province_url
Krems an der Donau attractions, Lower Austria, /Attractions-g190424-Activities-Krems_an_der_Donau_Lower_Austria.html
Saalbach-Hinterglemm attractions, Salzburg Region, /Attractions-g608663-Activities-Saalbach_Hinterglemm_Austrian_Alps.html
St. Anton am Arlberg attractions, Tirol, /Attractions-g608676-Activities-St_Anton_am_Arlberg_Tirol_Austrian_Alps.html
Klosterneuburg attractions, Lower Austria, /Attractions-g190423-Activities-Klosterneuburg_Lower_Austria.html
Sankt Veit an der Glan attractions, Carinthia, /Attractions-g2145092-Activities-Sankt_Veit_an_der_Glan_Carinthia_Austrian_Alps.html
Telfs attractions, Tirol, /Attractions-g1165314-Activities-Telfs_Tirol_Austrian_Alps.html
Mayrhofen attractions, Tirol, /Attractions-g608662-Activities-Mayrhofen_Tirol_Austrian_Alps.html
Schladming attractions, Styria, /Attractions-g229452-Activities-Schladming_Styria.html
Retz attractions, Lower Austria, /Attractions-g608687-Activities-Retz_Lower_Austria.html
Lienz attractions, Tirol, /Attractions-g230011-Activities-Lienz_Tirol_Austrian_Alps.html
Gols attractions, Burgenland, /Attractions-g1055949-Activities-Gols_Burgenland.html
Modling attractions, Lower Austria, /Attractions-g608685-Activities-Modling_Lower_Austria.html
Seefeld in Tirol attractions, Tirol, /Attractions-g319732-Activities-Seefeld_in_Tirol_Tirol_Austrian_Alps.html
Solden attractions, Tirol, /Attractions-g608679-Activities-Solden_Tirol_Austrian_Alps.html
Bad Gastein attractions, Salzburg Region, /Attractions-g580116-Activities-Bad_Gastein_Austrian_Alps.html
Kufstein attractions, Tirol, /Attractions-g230010-Activities-Kufstein_Tirol_Austrian_Alps.html
Saalfelden am Steinernen Meer attractions, Salzburg Region, /Attractions-g656477-Activities-Saalfelden_am_Steinernen_Meer_Austrian_Alps.html
Wels attractions, Upper Austria, /Attractions-g190430-Activities-Wels_Upper_Austria.html
Leutschach an der Weinstrasse attractions, Styria, /Attractions-g17150088-Activities-Leutschach_an_der_Weinstrasse_Styria.html
Eggenburg attractions, Lower Austria, /Attractions-g2273757-Activities-Eggenburg_Lower_Austria.html
Bruck an der Mur attractions, Styria, /Attractions-g666688-Activities-Bruck_an_der_Mur_Styria.html
Kaprun attractions, Salzburg Region, /Attractions-g608661-Activities-Kaprun_Austrian_Alps.html
Ried Im Innkreis attractions, Ried im Innkreis District, /Attractions-g1182462-Activities-Ried_Im_Innkreis_Ried_im_Innkreis_District_Upper_Austria.html
Neustift im Stubaital attractions, Tirol, /Attractions-g644054-Activities-Neustift_im_Stubaital_Tirol_Austrian_Alps.html
Baden attractions, Lower Austria, /Attractions-g190419-Activities-Baden_Lower_Austria.html
Hohenems attractions, Vorarlberg, /Attractions-g1171610-Activities-Hohenems_Vorarlberg_Austrian_Alps.html
Hermagor attractions, Carinthia, /Attractions-g641724-Activities-Hermagor_Carinthia_Austrian_Alps.html
Hallein attractions, Salzburg Region, /Attractions-g641734-Activities-Hallein_Austrian_Alps.html
Feldbach attractions, Styria, /Attractions-g663125-Activities-Feldbach_Styria.html
Millstatt attractions, Carinthia, /Attractions-g608652-Activities-Millstatt_Carinthia_Austrian_Alps.html
Bad Mitterndorf attractions, Styria, /Attractions-g1055468-Activities-Bad_Mitterndorf_Styria.html
Schwaz attractions, Tirol, /Attractions-g793717-Activities-Schwaz_Tirol_Austrian_Alps.html
Maria Enzersdorf attractions, Lower Austria, /Attractions-g1983733-Activities-Maria_Enzersdorf_Lower_Austria.html
Liezen attractions, Styria, /Attractions-g777704-Activities-Liezen_Styria.html
Imst attractions, Tirol, /Attractions-g616042-Activities-Imst_Tirol_Austrian_Alps.html
Bad Hofgastein attractions, Salzburg Region, /Attractions-g641732-Activities-Bad_Hofgastein_Austrian_Alps.html
Langenlois attractions, Lower Austria, /Attractions-g635761-Activities-Langenlois_Lower_Austria.html
Eben am Achensee attractions, Tirol, /Attractions-g2049356-Activities-Eben_am_Achensee_Tirol_Austrian_Alps.html
Spitz attractions, Lower Austria, /Attractions-g1566263-Activities-Spitz_Lower_Austria.html
Hartberg attractions, Styria, /Attractions-g1568319-Activities-Hartberg_Styria.html
Wolfsberg attractions, Carinthia, /Attractions-g190438-Activities-Wolfsberg_Carinthia_Austrian_Alps.html
Rust attractions, Burgenland, /Attractions-g635760-Activities-Rust_Burgenland.html
Furstenfeld attractions, Styria, /Attractions-g2276923-Activities-Furstenfeld_Styria.html
Rankweil attractions, Vorarlberg, /Attractions-g230012-Activities-Rankweil_Vorarlberg_Austrian_Alps.html
Podersdorf am See attractions, Burgenland, /Attractions-g776934-Activities-Podersdorf_am_See_Burgenland.html
Gosau attractions, Upper Austria, /Attractions-g666530-Activities-Gosau_Upper_Austria.html
Braunau am Inn attractions, Upper Austria, /Attractions-g1588146-Activities-Braunau_am_Inn_Upper_Austria.html
Waidhofen an der Thaya attractions, Lower Austria, /Attractions-g1928108-Activities-Waidhofen_an_der_Thaya_Lower_Austria.html
Kapfenberg attractions, Styria, /Attractions-g666687-Activities-Kapfenberg_Styria.html
Murau attractions, Styria, /Attractions-g673647-Activities-Murau_Styria.html
