province_name, region_name, province_url
Sankt Margarethen an der Raab attractions, Styria, /Attractions-g15552023-Activities-Sankt_Margarethen_an_der_Raab_Styria.html
Aussere Einode attractions, Carinthia, /Attractions-g2205402-Activities-Aussere_Einode_Carinthia_Austrian_Alps.html
Prein an der Rax attractions, Lower Austria, /Attractions-g3680059-Activities-Prein_an_der_Rax_Lower_Austria.html
Salla attractions, Styria, /Attractions-g6276944-Activities-Salla_Styria.html
Steinerkirchen an der Traun attractions, Upper Austria, /Attractions-g9762692-Activities-Steinerkirchen_an_der_Traun_Upper_Austria.html
Karnabrunn attractions, Lower Austria, /Attractions-g21014098-Activities-Karnabrunn_Lower_Austria.html
Peuerbach attractions, Upper Austria, /Attractions-g7001983-Activities-Peuerbach_Upper_Austria.html
Sankt Margarethen an der Sierning attractions, Lower Austria, /Attractions-g22916683-Activities-Sankt_Margarethen_an_der_Sierning_Lower_Austria.html
Johnsbach attractions, Styria, /Attractions-g2361139-Activities-Johnsbach_Styria.html
Sparberegg attractions, Styria, /Attractions-g13350865-Activities-Sparberegg_Styria.html
Stammersdorf attractions, Vienna Region, /Attractions-g3649303-Activities-Stammersdorf.html
Spielfeld attractions, Styria, /Attractions-g4409186-Activities-Spielfeld_Styria.html
Oberalm attractions, Salzburg Region, /Attractions-g2275077-Activities-Oberalm_Austrian_Alps.html
Zweinitz attractions, Carinthia, /Attractions-g22042232-Activities-Zweinitz_Carinthia_Austrian_Alps.html
Panzendorf attractions, Tirol, /Attractions-g8798121-Activities-Panzendorf_Tirol_Austrian_Alps.html
Sankt Egyden am Steinfeld attractions, Lower Austria, /Attractions-g10385320-Activities-Sankt_Egyden_am_Steinfeld_Lower_Austria.html
Schonberg im Stubaital attractions, Tirol, /Attractions-g939831-Activities-Schonberg_im_Stubaital_Tirol_Austrian_Alps.html
Sankt Margarethen bei Knittelfeld attractions, Styria, /Attractions-g15294421-Activities-Sankt_Margarethen_bei_Knittelfeld_Styria.html
Vorderhornbach attractions, Tirol, /Attractions-g8445885-Activities-Vorderhornbach_Tirol_Austrian_Alps.html
Hatzendorf attractions, Styria, /Attractions-g2314014-Activities-Hatzendorf_Styria.html
Eichgraben attractions, Lower Austria, /Attractions-g2316130-Activities-Eichgraben_Lower_Austria.html
Sankt Veit im Muhlkreis attractions, Upper Austria, /Attractions-g12212223-Activities-Sankt_Veit_im_Muhlkreis_Upper_Austria.html
Zemendorf-Stottera attractions, Burgenland, /Attractions-g17321549-Activities-Zemendorf_Stottera_Burgenland.html
Wenns attractions, Tirol, /Attractions-g939848-Activities-Wenns_Tirol_Austrian_Alps.html
Weer attractions, Tirol, /Attractions-g939847-Activities-Weer_Tirol_Austrian_Alps.html
Unterweissenbach attractions, Upper Austria, /Attractions-g939844-Activities-Unterweissenbach_Upper_Austria.html
Neudorf attractions, Ried im Innkreis District, /Attractions-g17321539-Activities-Neudorf_Ried_im_Innkreis_District_Upper_Austria.html
Muldorf attractions, Carinthia, /Attractions-g3581817-Activities-Muldorf_Carinthia_Austrian_Alps.html
Preding attractions, Styria, /Attractions-g4552483-Activities-Preding_Styria.html
Arbesbach attractions, Lower Austria, /Attractions-g4552482-Activities-Arbesbach_Lower_Austria.html
Brand-Laaben attractions, Lower Austria, /Attractions-g2213702-Activities-Brand_Laaben_Lower_Austria.html
Leithaprodersdorf attractions, Burgenland, /Attractions-g7909151-Activities-Leithaprodersdorf_Burgenland.html
Wolfau attractions, Burgenland, /Attractions-g8328981-Activities-Wolfau_Burgenland.html
Hainburg attractions, Carinthia, /Attractions-g12195787-Activities-Hainburg_Carinthia_Austrian_Alps.html
Kleinhadersdorf attractions, Lower Austria, /Attractions-g11960261-Activities-Kleinhadersdorf_Lower_Austria.html
Lohnsburg attractions, Ried im Innkreis District, /Attractions-g15583129-Activities-Lohnsburg_Ried_im_Innkreis_District_Upper_Austria.html
Maria Neustift attractions, Upper Austria, /Attractions-g10385175-Activities-Maria_Neustift_Upper_Austria.html
Schwanberg attractions, Styria, /Attractions-g1933202-Activities-Schwanberg_Styria.html
Sitzenberg attractions, Lower Austria, /Attractions-g3844010-Activities-Sitzenberg_Lower_Austria.html
Unterfrauenhaid attractions, Burgenland, /Attractions-g21227222-Activities-Unterfrauenhaid_Burgenland.html
Ohlsdorf attractions, Upper Austria, /Attractions-g10385160-Activities-Ohlsdorf_Upper_Austria.html
Eltendorf attractions, Burgenland, /Attractions-g1126279-Activities-Eltendorf_Burgenland.html
Ebenfurth attractions, Lower Austria, /Attractions-g15585141-Activities-Ebenfurth_Lower_Austria.html
Roggenreith attractions, Lower Austria, /Attractions-g4581343-Activities-Roggenreith_Lower_Austria.html
Kirchham attractions, Upper Austria, /Attractions-g5111762-Activities-Kirchham_Upper_Austria.html
Engelhartstetten attractions, Lower Austria, /Attractions-g10385214-Activities-Engelhartstetten_Lower_Austria.html
Piberbach attractions, Upper Austria, /Attractions-g23009020-Activities-Piberbach_Upper_Austria.html
Ostermiething attractions, Upper Austria, /Attractions-g8734510-Activities-Ostermiething_Upper_Austria.html
Neukirchen an der Vockla attractions, Upper Austria, /Attractions-g911294-Activities-Neukirchen_an_der_Vockla_Upper_Austria.html
Oberlech attractions, Vorarlberg, /Attractions-g4013957-Activities-Oberlech_Vorarlberg_Austrian_Alps.html
