province_name, region_name, province_url
Gross Taxen attractions, Lower Austria, /Attractions-g21197460-Activities-Gross_Taxen_Lower_Austria.html
Thal attractions, Styria, /Attractions-g11864942-Activities-Thal_Styria.html
See attractions, Tirol, /Attractions-g644055-Activities-See_Tirol_Austrian_Alps.html
Wulkaprodersdorf attractions, Burgenland, /Attractions-g6966154-Activities-Wulkaprodersdorf_Burgenland.html
Jaidhof attractions, Lower Austria, /Attractions-g8455012-Activities-Jaidhof_Lower_Austria.html
Prutz attractions, Tirol, /Attractions-g1195002-Activities-Prutz_Tirol_Austrian_Alps.html
Kirchschlag in der Buckligen Welt attractions, Lower Austria, /Attractions-g2274250-Activities-Kirchschlag_in_der_Buckligen_Welt_Lower_Austria.html
Kirchdorf an der Krems attractions, Upper Austria, /Attractions-g2274249-Activities-Kirchdorf_an_der_Krems_Upper_Austria.html
Tiefenfucha attractions, Lower Austria, /Attractions-g13138724-Activities-Tiefenfucha_Lower_Austria.html
Koblach attractions, Vorarlberg, /Attractions-g7187355-Activities-Koblach_Vorarlberg_Austrian_Alps.html
Koestenberg attractions, Carinthia, /Attractions-g2274268-Activities-Koestenberg_Carinthia_Austrian_Alps.html
Goedersdorf attractions, Carinthia, /Attractions-g4310080-Activities-Goedersdorf_Carinthia_Austrian_Alps.html
Weidach attractions, Tirol, /Attractions-g2554919-Activities-Weidach_Tirol_Austrian_Alps.html
Obsteig attractions, Tirol, /Attractions-g1195037-Activities-Obsteig_Tirol_Austrian_Alps.html
Poelfing-Brunn attractions, Styria, /Attractions-g15004914-Activities-Poelfing_Brunn_Styria.html
Eichenberg attractions, Vorarlberg, /Attractions-g2151428-Activities-Eichenberg_Vorarlberg_Austrian_Alps.html
Kleinhoflein attractions, Lower Austria, /Attractions-g21253486-Activities-Kleinhoflein_Lower_Austria.html
Altenfelden attractions, Upper Austria, /Attractions-g1213503-Activities-Altenfelden_Upper_Austria.html
Schleinbach attractions, Lower Austria, /Attractions-g12903658-Activities-Schleinbach_Lower_Austria.html
Igls attractions, Tirol, /Attractions-g12903670-Activities-Igls_Tirol_Austrian_Alps.html
Weigelsdorf attractions, Lower Austria, /Attractions-g13196528-Activities-Weigelsdorf_Lower_Austria.html
Maria Lankowitz attractions, Styria, /Attractions-g2151450-Activities-Maria_Lankowitz_Styria.html
St. Jakob im Walde attractions, Styria, /Attractions-g1514540-Activities-St_Jakob_im_Walde_Styria.html
Buch in Tirol attractions, Tirol, /Attractions-g666699-Activities-Buch_in_Tirol_Tirol_Austrian_Alps.html
Niederhofstetten attractions, Upper Austria, /Attractions-g12336377-Activities-Niederhofstetten_Upper_Austria.html
Feichten attractions, Tirol, /Attractions-g808005-Activities-Feichten_Tirol_Austrian_Alps.html
Neuruppersdorf attractions, Lower Austria, /Attractions-g13087886-Activities-Neuruppersdorf_Lower_Austria.html
Bruckberg attractions, Salzburg Region, /Attractions-g12952713-Activities-Bruckberg_Austrian_Alps.html
Rutzenmoos attractions, Upper Austria, /Attractions-g8756425-Activities-Rutzenmoos_Upper_Austria.html
Furth attractions, Lower Austria, /Attractions-g1209411-Activities-Furth_Lower_Austria.html
Bad Erlach attractions, Lower Austria, /Attractions-g1406067-Activities-Bad_Erlach_Lower_Austria.html
Windpassing attractions, Lower Austria, /Attractions-g12903599-Activities-Windpassing_Lower_Austria.html
Sankt Johann bei Herberstein attractions, Styria, /Attractions-g9706745-Activities-Sankt_Johann_bei_Herberstein_Styria.html
Winklern attractions, Carinthia, /Attractions-g1195106-Activities-Winklern_Carinthia_Austrian_Alps.html
Joching attractions, Lower Austria, /Attractions-g8770803-Activities-Joching_Lower_Austria.html
Stumm attractions, Tirol, /Attractions-g1195116-Activities-Stumm_Tirol_Austrian_Alps.html
Flirsch attractions, Tirol, /Attractions-g808075-Activities-Flirsch_Tirol_Austrian_Alps.html
Moorbad Harbach attractions, Lower Austria, /Attractions-g3382461-Activities-Moorbad_Harbach_Lower_Austria.html
Aspang-Markt attractions, Lower Austria, /Attractions-g8776714-Activities-Aspang_Markt_Lower_Austria.html
Ardning attractions, Styria, /Attractions-g3347602-Activities-Ardning_Styria.html
Wolfpassing an der Hochleithen attractions, Lower Austria, /Attractions-g12700771-Activities-Wolfpassing_an_der_Hochleithen_Lower_Austria.html
Munster attractions, Tirol, /Attractions-g1195191-Activities-Munster_Tirol_Austrian_Alps.html
Pians attractions, Tirol, /Attractions-g21319156-Activities-Pians_Tirol_Austrian_Alps.html
St. Ulrich im Greith attractions, Styria, /Attractions-g13143165-Activities-St_Ulrich_im_Greith_Styria.html
Prambachkirchen attractions, Upper Austria, /Attractions-g12205057-Activities-Prambachkirchen_Upper_Austria.html
Trautmannsdorf attractions, Lower Austria, /Attractions-g4414712-Activities-Trautmannsdorf_Lower_Austria.html
Klam attractions, Upper Austria, /Attractions-g8737849-Activities-Klam_Upper_Austria.html
Maiersdorf attractions, Lower Austria, /Attractions-g3347598-Activities-Maiersdorf_Lower_Austria.html
Launsdorf attractions, Carinthia, /Attractions-g3347597-Activities-Launsdorf_Carinthia_Austrian_Alps.html
Gosdorf attractions, Styria, /Attractions-g1807524-Activities-Gosdorf_Styria.html
