province_name, region_name, province_url
Sankt Andra im Sausal attractions, Styria, /Attractions-g10432293-Activities-Sankt_Andra_im_Sausal_Styria.html
Hochst attractions, Vorarlberg, /Attractions-g1189806-Activities-Hochst_Vorarlberg_Austrian_Alps.html
Moeggers attractions, Vorarlberg, /Attractions-g1933217-Activities-Moeggers_Vorarlberg_Austrian_Alps.html
Oberrohrendorf attractions, Lower Austria, /Attractions-g12195591-Activities-Oberrohrendorf_Lower_Austria.html
Puerbach attractions, Lower Austria, /Attractions-g12834684-Activities-Puerbach_Lower_Austria.html
Ausservillgraten attractions, Tirol, /Attractions-g1933276-Activities-Ausservillgraten_Tirol_Austrian_Alps.html
Plansee attractions, Tirol, /Attractions-g2275303-Activities-Plansee_Tirol_Austrian_Alps.html
Lassing attractions, Lower Austria, /Attractions-g2613216-Activities-Lassing_Lower_Austria.html
Untergrafendorf attractions, Lower Austria, /Attractions-g13115160-Activities-Untergrafendorf_Lower_Austria.html
Schattwald attractions, Tirol, /Attractions-g3174370-Activities-Schattwald_Tirol_Austrian_Alps.html
Miklauzhof attractions, Carinthia, /Attractions-g2613236-Activities-Miklauzhof_Carinthia_Austrian_Alps.html
Gottweig attractions, Lower Austria, /Attractions-g190422-Activities-Gottweig_Lower_Austria.html
Miesenbach attractions, Lower Austria, /Attractions-g2613235-Activities-Miesenbach_Lower_Austria.html
Elmen attractions, Tirol, /Attractions-g3174373-Activities-Elmen_Tirol_Austrian_Alps.html
Ausserkasten attractions, Lower Austria, /Attractions-g13115153-Activities-Ausserkasten_Lower_Austria.html
Stronsdorf attractions, Lower Austria, /Attractions-g13115155-Activities-Stronsdorf_Lower_Austria.html
Steyregg attractions, Upper Austria, /Attractions-g1931201-Activities-Steyregg_Upper_Austria.html
Obersiebenbrunn attractions, Lower Austria, /Attractions-g8652646-Activities-Obersiebenbrunn_Lower_Austria.html
Burgschleinitz-Kuehnring attractions, Lower Austria, /Attractions-g20891354-Activities-Burgschleinitz_Kuehnring_Lower_Austria.html
Timmersdorf attractions, Styria, /Attractions-g7001984-Activities-Timmersdorf_Styria.html
Stein an der Enns attractions, Styria, /Attractions-g21501603-Activities-Stein_an_der_Enns_Styria.html
Neufeld an der Leitha attractions, Burgenland, /Attractions-g1834992-Activities-Neufeld_an_der_Leitha_Burgenland.html
Kaumberg attractions, Lower Austria, /Attractions-g8750973-Activities-Kaumberg_Lower_Austria.html
Thalheim bei Wels attractions, Upper Austria, /Attractions-g17499894-Activities-Thalheim_bei_Wels_Upper_Austria.html
