province_name, region_name, province_url
Krems an der Donau attractions, Lower Austria, /Attractions-g190424-Activities-Krems_an_der_Donau_Lower_Austria.html
Eisenstadt attractions, Burgenland, /Attractions-g190412-Activities-Eisenstadt_Burgenland.html
Bad Ischl attractions, Upper Austria, /Attractions-g664937-Activities-Bad_Ischl_Upper_Austria.html
Ischgl attractions, Tirol, /Attractions-g608670-Activities-Ischgl_Tirol_Austrian_Alps.html
Leoben attractions, Styria, /Attractions-g190433-Activities-Leoben_Styria.html
Sankt Polten attractions, Lower Austria, /Attractions-g635762-Activities-Sankt_Polten_Lower_Austria.html
Wiener Neustadt attractions, Lower Austria, /Attractions-g666410-Activities-Wiener_Neustadt_Lower_Austria.html
Zell am See attractions, Salzburg Region, /Attractions-g608666-Activities-Zell_am_See_Austrian_Alps.html
Dornbirn attractions, Vorarlberg, /Attractions-g635550-Activities-Dornbirn_Vorarlberg_Austrian_Alps.html
Kitzbuhel attractions, Tirol, /Attractions-g190446-Activities-Kitzbuhel_Tirol_Austrian_Alps.html
Gmunden attractions, Upper Austria, /Attractions-g229453-Activities-Gmunden_Upper_Austria.html
Bregenz attractions, Vorarlberg, /Attractions-g190449-Activities-Bregenz_Vorarlberg_Austrian_Alps.html
Steyr attractions, Upper Austria, /Attractions-g190429-Activities-Steyr_Upper_Austria.html
Schwechat attractions, Lower Austria, /Attractions-g641769-Activities-Schwechat_Lower_Austria.html
Villach attractions, Carinthia, /Attractions-g190437-Activities-Villach_Carinthia_Austrian_Alps.html
Linz attractions, Upper Austria, /Attractions-g190428-Activities-Linz_Upper_Austria.html
Klagenfurt attractions, Carinthia, /Attractions-g190436-Activities-Klagenfurt_Carinthia_Austrian_Alps.html
Innsbruck attractions, Tirol, /Attractions-g190445-Activities-Innsbruck_Tirol_Austrian_Alps.html
Graz attractions, Styria, /Attractions-g190432-Activities-Graz_Styria.html
Salzburg attractions, Salzburg Region, /Attractions-g190441-Activities-Salzburg_Austrian_Alps.html
Vienna attractions, Vienna Region, /Attractions-g190454-Activities-Vienna.html
