province_name, region_name, province_url
Frauenburg attractions, Styria, /Attractions-g12903541-Activities-Frauenburg_Styria.html
Aschach an der Donau attractions, Upper Austria, /Attractions-g668857-Activities-Aschach_an_der_Donau_Upper_Austria.html
Schiltern attractions, Lower Austria, /Attractions-g4414710-Activities-Schiltern_Lower_Austria.html
Hohentauern attractions, Styria, /Attractions-g808113-Activities-Hohentauern_Styria.html
Bad Wimsbach-Neydharting attractions, Upper Austria, /Attractions-g7070872-Activities-Bad_Wimsbach_Neydharting_Upper_Austria.html
Pischeldorf attractions, Carinthia, /Attractions-g4773045-Activities-Pischeldorf_Carinthia_Austrian_Alps.html
Oberort attractions, Styria, /Attractions-g7087463-Activities-Oberort_Styria.html
Handenberg attractions, Upper Austria, /Attractions-g13118939-Activities-Handenberg_Upper_Austria.html
Moosburg attractions, Carinthia, /Attractions-g1170744-Activities-Moosburg_Carinthia_Austrian_Alps.html
Rinn attractions, Tirol, /Attractions-g1170746-Activities-Rinn_Tirol_Austrian_Alps.html
Voesendorf attractions, Lower Austria, /Attractions-g1170751-Activities-Voesendorf_Lower_Austria.html
Mitterretzbach attractions, Lower Austria, /Attractions-g15701463-Activities-Mitterretzbach_Lower_Austria.html
Gries am Brenner attractions, Tirol, /Attractions-g1170728-Activities-Gries_am_Brenner_Tirol_Austrian_Alps.html
Stetten attractions, Lower Austria, /Attractions-g1957205-Activities-Stetten_Lower_Austria.html
Leobendorf attractions, Lower Austria, /Attractions-g1957200-Activities-Leobendorf_Lower_Austria.html
Sinabelkirchen attractions, Styria, /Attractions-g17161301-Activities-Sinabelkirchen_Styria.html
Bad Deutsch-Altenburg attractions, Lower Austria, /Attractions-g1504588-Activities-Bad_Deutsch_Altenburg_Lower_Austria.html
Pernersdorf attractions, Lower Austria, /Attractions-g12840270-Activities-Pernersdorf_Lower_Austria.html
Reichraming attractions, Upper Austria, /Attractions-g1654203-Activities-Reichraming_Upper_Austria.html
Bad Bleiberg attractions, Carinthia, /Attractions-g1164732-Activities-Bad_Bleiberg_Carinthia_Austrian_Alps.html
Gaweinstal attractions, Lower Austria, /Attractions-g4959641-Activities-Gaweinstal_Lower_Austria.html
Stainach attractions, Styria, /Attractions-g2276804-Activities-Stainach_Styria.html
Suben attractions, Upper Austria, /Attractions-g2276821-Activities-Suben_Upper_Austria.html
Berghausen attractions, Styria, /Attractions-g2276906-Activities-Berghausen_Styria.html
Ilz attractions, Styria, /Attractions-g3175997-Activities-Ilz_Styria.html
Ernstbrunn attractions, Lower Austria, /Attractions-g5074499-Activities-Ernstbrunn_Lower_Austria.html
Rosegg attractions, Carinthia, /Attractions-g1572389-Activities-Rosegg_Carinthia_Austrian_Alps.html
Bach im Lechtal attractions, Tirol, /Attractions-g1238565-Activities-Bach_im_Lechtal_Tirol_Austrian_Alps.html
Regau attractions, Upper Austria, /Attractions-g3923571-Activities-Regau_Upper_Austria.html
Goldegg am See attractions, Salzburg Region, /Attractions-g1091167-Activities-Goldegg_am_See_Austrian_Alps.html
Mannersdorf am Leithagebirge attractions, Lower Austria, /Attractions-g2147915-Activities-Mannersdorf_am_Leithagebirge_Lower_Austria.html
Itter attractions, Tirol, /Attractions-g1195646-Activities-Itter_Tirol_Austrian_Alps.html
Losenstein attractions, Upper Austria, /Attractions-g2274946-Activities-Losenstein_Upper_Austria.html
Maria Schmolln attractions, Upper Austria, /Attractions-g12834410-Activities-Maria_Schmolln_Upper_Austria.html
Maria Taferl attractions, Lower Austria, /Attractions-g2274959-Activities-Maria_Taferl_Lower_Austria.html
Hagenbrunn attractions, Lower Austria, /Attractions-g7042772-Activities-Hagenbrunn_Lower_Austria.html
Lingenau attractions, Vorarlberg, /Attractions-g1195714-Activities-Lingenau_Vorarlberg_Austrian_Alps.html
Bad Gams attractions, Styria, /Attractions-g5002932-Activities-Bad_Gams_Styria.html
Kappl attractions, Tirol, /Attractions-g675592-Activities-Kappl_Tirol_Austrian_Alps.html
Leobersdorf attractions, Lower Austria, /Attractions-g6885219-Activities-Leobersdorf_Lower_Austria.html
Scheifling attractions, Styria, /Attractions-g7001957-Activities-Scheifling_Styria.html
St. Peter-Freienstein attractions, Styria, /Attractions-g939836-Activities-St_Peter_Freienstein_Styria.html
Russbach am Pass Gschutt attractions, Salzburg Region, /Attractions-g939828-Activities-Russbach_am_Pass_Gschutt_Austrian_Alps.html
Telfes im Stubai attractions, Tirol, /Attractions-g939840-Activities-Telfes_im_Stubai_Tirol_Austrian_Alps.html
Brandenberg attractions, Tirol, /Attractions-g1826685-Activities-Brandenberg_Tirol_Austrian_Alps.html
Ottenschlag attractions, Lower Austria, /Attractions-g1898342-Activities-Ottenschlag_Lower_Austria.html
Engelhartszell attractions, Upper Austria, /Attractions-g1925021-Activities-Engelhartszell_Upper_Austria.html
Roseldorf attractions, Lower Austria, /Attractions-g17399447-Activities-Roseldorf_Lower_Austria.html
Oberpullendorf attractions, Burgenland, /Attractions-g2275260-Activities-Oberpullendorf_Burgenland.html
Ternitz attractions, Lower Austria, /Attractions-g7002054-Activities-Ternitz_Lower_Austria.html
