province_name, region_name, province_url
Maria Laach am Jauerling attractions, Lower Austria, /Attractions-g6637049-Activities-Maria_Laach_am_Jauerling_Lower_Austria.html
Sankt Jakob im Lesachtal attractions, Carinthia, /Attractions-g7130574-Activities-Sankt_Jakob_im_Lesachtal_Carinthia_Austrian_Alps.html
Bad Fischau attractions, Lower Austria, /Attractions-g3734940-Activities-Bad_Fischau_Lower_Austria.html
Martinsdorf attractions, Lower Austria, /Attractions-g8785199-Activities-Martinsdorf_Lower_Austria.html
Feistritz an der Drau attractions, Carinthia, /Attractions-g7130582-Activities-Feistritz_an_der_Drau_Carinthia_Austrian_Alps.html
Atzbach attractions, Upper Austria, /Attractions-g7130579-Activities-Atzbach_Upper_Austria.html
Ebenthal attractions, Carinthia, /Attractions-g8465730-Activities-Ebenthal_Carinthia_Austrian_Alps.html
Mehrnbach attractions, Ried im Innkreis District, /Attractions-g20481266-Activities-Mehrnbach_Ried_im_Innkreis_District_Upper_Austria.html
Trieben attractions, Styria, /Attractions-g2276846-Activities-Trieben_Styria.html
Gross St. Florian attractions, Styria, /Attractions-g2002387-Activities-Gross_St_Florian_Styria.html
Timelkam attractions, Upper Austria, /Attractions-g2276844-Activities-Timelkam_Upper_Austria.html
Pfarrwerfen attractions, Salzburg Region, /Attractions-g3448293-Activities-Pfarrwerfen_Austrian_Alps.html
Thomatal attractions, Salzburg Region, /Attractions-g7087550-Activities-Thomatal_Austrian_Alps.html
Koenigsbrunn am Wagram attractions, Lower Austria, /Attractions-g1902024-Activities-Koenigsbrunn_am_Wagram_Lower_Austria.html
Lilienfeld attractions, Lower Austria, /Attractions-g8480090-Activities-Lilienfeld_Lower_Austria.html
Waldberg attractions, Lower Austria, /Attractions-g2276861-Activities-Waldberg_Lower_Austria.html
Jedenspeigen attractions, Lower Austria, /Attractions-g21210275-Activities-Jedenspeigen_Lower_Austria.html
Soboth attractions, Styria, /Attractions-g2276800-Activities-Soboth_Styria.html
Lichtenberg attractions, Upper Austria, /Attractions-g2147784-Activities-Lichtenberg_Upper_Austria.html
Steindorf am Ossiacher See attractions, Carinthia, /Attractions-g19707078-Activities-Steindorf_am_Ossiacher_See_Carinthia_Austrian_Alps.html
Zell an der Pram attractions, Upper Austria, /Attractions-g9862524-Activities-Zell_an_der_Pram_Upper_Austria.html
Ferleiten attractions, Salzburg Region, /Attractions-g12094794-Activities-Ferleiten_Austrian_Alps.html
Sankt Lorenzen im Murztal attractions, Styria, /Attractions-g15088917-Activities-Sankt_Lorenzen_im_Murztal_Styria.html
Strasswalchen attractions, Salzburg Region, /Attractions-g2276820-Activities-Strasswalchen_Austrian_Alps.html
Kroatisch Minihof attractions, Burgenland, /Attractions-g8750460-Activities-Kroatisch_Minihof_Burgenland.html
Gallneukirchen attractions, Upper Austria, /Attractions-g1756645-Activities-Gallneukirchen_Upper_Austria.html
Neustadtl an der Donau attractions, Lower Austria, /Attractions-g15004955-Activities-Neustadtl_an_der_Donau_Lower_Austria.html
Sankt Michael im Burgenland attractions, Burgenland, /Attractions-g8750458-Activities-Sankt_Michael_im_Burgenland_Burgenland.html
Mank attractions, Lower Austria, /Attractions-g4759112-Activities-Mank_Lower_Austria.html
Sankt Georgen im Lavanttal attractions, Carinthia, /Attractions-g5074508-Activities-Sankt_Georgen_im_Lavanttal_Carinthia_Austrian_Alps.html
Mauerkirchen attractions, Upper Austria, /Attractions-g5011017-Activities-Mauerkirchen_Upper_Austria.html
Himberg attractions, Lower Austria, /Attractions-g1572378-Activities-Himberg_Lower_Austria.html
Glanegg attractions, Carinthia, /Attractions-g5074521-Activities-Glanegg_Carinthia_Austrian_Alps.html
Grossreifling attractions, Styria, /Attractions-g3923501-Activities-Grossreifling_Styria.html
Burgauberg-Neudauberg attractions, Burgenland, /Attractions-g10385033-Activities-Burgauberg_Neudauberg_Burgenland.html
Tillmitsch attractions, Styria, /Attractions-g1918468-Activities-Tillmitsch_Styria.html
Sankt Martin am Grimming attractions, Styria, /Attractions-g1850883-Activities-Sankt_Martin_am_Grimming_Styria.html
Solk attractions, Styria, /Attractions-g15591113-Activities-Solk_Styria.html
Reichersberg attractions, Ried im Innkreis District, /Attractions-g6942286-Activities-Reichersberg_Ried_im_Innkreis_District_Upper_Austria.html
Wilfersdorf attractions, Lower Austria, /Attractions-g2276874-Activities-Wilfersdorf_Lower_Austria.html
Obernberg am Brenner attractions, Tirol, /Attractions-g2213387-Activities-Obernberg_am_Brenner_Tirol_Austrian_Alps.html
Kartitsch attractions, Tirol, /Attractions-g1021476-Activities-Kartitsch_Tirol_Austrian_Alps.html
St Anton im Montafon attractions, Vorarlberg, /Attractions-g1572391-Activities-St_Anton_im_Montafon_Vorarlberg_Austrian_Alps.html
Wolfsthal attractions, Lower Austria, /Attractions-g2276883-Activities-Wolfsthal_Lower_Austria.html
Leiben attractions, Lower Austria, /Attractions-g2197013-Activities-Leiben_Lower_Austria.html
Munchendorf attractions, Lower Austria, /Attractions-g1572385-Activities-Munchendorf_Lower_Austria.html
Schwarzau im Gebirge attractions, Lower Austria, /Attractions-g1887835-Activities-Schwarzau_im_Gebirge_Lower_Austria.html
Trins attractions, Tirol, /Attractions-g1025607-Activities-Trins_Tirol_Austrian_Alps.html
Stockenboi attractions, Carinthia, /Attractions-g10385111-Activities-Stockenboi_Carinthia_Austrian_Alps.html
Schwarzenberg am Boehmerwald attractions, Upper Austria, /Attractions-g17839961-Activities-Schwarzenberg_am_Boehmerwald_Upper_Austria.html
