attraction_name, attraction_rate, attraction_type, attraction_url, attraction_parent_url
Franja Partisan Hospital, 5.0, Sights & Landmarks, /Attraction_Review-g670790-d2276823-Reviews-Franja_Partisan_Hospital-Cerkno_Slovenian_Littoral_Region.html, /Attractions-g670790-Activities-Cerkno_Slovenian_Littoral_Region.html
Ski Centre Cerkno, 4.0, Nature & Parks, /Attraction_Review-g670790-d3582037-Reviews-Ski_Centre_Cerkno-Cerkno_Slovenian_Littoral_Region.html, /Attractions-g670790-Activities-Cerkno_Slovenian_Littoral_Region.html
Archeological Park Divje babe, 4.5, Nature & Parks, /Attraction_Review-g670790-d7035106-Reviews-Archeological_Park_Divje_babe-Cerkno_Slovenian_Littoral_Region.html, /Attractions-g670790-Activities-Cerkno_Slovenian_Littoral_Region.html
Tipografia Partigiana Slovenija, 4.0, Sights & Landmarks, /Attraction_Review-g670790-d12265509-Reviews-Tipografia_Partigiana_Slovenija-Cerkno_Slovenian_Littoral_Region.html, /Attractions-g670790-Activities-Cerkno_Slovenian_Littoral_Region.html
Cerkno Museum, 3.5, Museums, /Attraction_Review-g670790-d14154819-Reviews-Cerkno_Museum-Cerkno_Slovenian_Littoral_Region.html, /Attractions-g670790-Activities-Cerkno_Slovenian_Littoral_Region.html
Ski school and ski rental Novinar Cerkno, 5.0, Outdoor Activities, /Attraction_Review-g670790-d15283821-Reviews-Ski_school_and_ski_rental_Novinar_Cerkno-Cerkno_Slovenian_Littoral_Region.html, /Attractions-g670790-Activities-Cerkno_Slovenian_Littoral_Region.html
Župnijska cerkev sv. Ane, None, Sights & Landmarks, /Attraction_Review-g670790-d17852743-Reviews-Zupnijska_cerkev_sv_Ane-Cerkno_Slovenian_Littoral_Region.html, /Attractions-g670790-Activities-Cerkno_Slovenian_Littoral_Region.html
Župnijska cerkev sv. Tomaža, None, Sights & Landmarks, /Attraction_Review-g670790-d17852750-Reviews-Zupnijska_cerkev_sv_Tomaza-Cerkno_Slovenian_Littoral_Region.html, /Attractions-g670790-Activities-Cerkno_Slovenian_Littoral_Region.html
Župnijska cerkev sv. Urha, None, Sights & Landmarks, /Attraction_Review-g670790-d17852762-Reviews-Zupnijska_cerkev_sv_Urha-Cerkno_Slovenian_Littoral_Region.html, /Attractions-g670790-Activities-Cerkno_Slovenian_Littoral_Region.html
Župnijska cerkev Sv. Uršule, None, Sights & Landmarks, /Attraction_Review-g670790-d17852763-Reviews-Zupnijska_cerkev_Sv_Ursule-Cerkno_Slovenian_Littoral_Region.html, /Attractions-g670790-Activities-Cerkno_Slovenian_Littoral_Region.html
Župnijska cerkev sv. Lenarta, None, Sights & Landmarks, /Attraction_Review-g670790-d17852764-Reviews-Zupnijska_cerkev_sv_Lenarta-Cerkno_Slovenian_Littoral_Region.html, /Attractions-g670790-Activities-Cerkno_Slovenian_Littoral_Region.html
