attraction_name, attraction_rate, attraction_type, attraction_url, attraction_parent_url
Ptuj Castle (Ptujski Grad), 4.5, Museums, /Attraction_Review-g315908-d523487-Reviews-Ptuj_Castle_Ptujski_Grad-Ptuj_Styria_Region.html, /Attractions-g315908-Activities-Ptuj_Styria_Region.html
Zupnijska cerkev sv. Marije - Ptujskogorske Matere Bozje, 5.0, Sights & Landmarks, /Attraction_Review-g315908-d2416032-Reviews-Zupnijska_cerkev_sv_Marije_Ptujskogorske_Matere_Bozje-Ptuj_Styria_Region.html, /Attractions-g315908-Activities-Ptuj_Styria_Region.html
Ptuj Wine Cellar, 4.0, Food & Drink, /Attraction_Review-g315908-d519708-Reviews-Ptuj_Wine_Cellar-Ptuj_Styria_Region.html, /Attractions-g315908-Activities-Ptuj_Styria_Region.html
Orpheus Monument, 4.0, Sights & Landmarks, /Attraction_Review-g315908-d2549529-Reviews-Orpheus_Monument-Ptuj_Styria_Region.html, /Attractions-g315908-Activities-Ptuj_Styria_Region.html
Terme Ptuj, 3.5, Sights & Landmarks, /Attraction_Review-g315908-d2658190-Reviews-Terme_Ptuj-Ptuj_Styria_Region.html, /Attractions-g315908-Activities-Ptuj_Styria_Region.html
Ptuj City Tower, 4.0, Sights & Landmarks, /Attraction_Review-g315908-d12579494-Reviews-Ptuj_City_Tower-Ptuj_Styria_Region.html, /Attractions-g315908-Activities-Ptuj_Styria_Region.html
Church of St. George, 4.0, Sights & Landmarks, /Attraction_Review-g315908-d12579503-Reviews-Church_of_St_George-Ptuj_Styria_Region.html, /Attractions-g315908-Activities-Ptuj_Styria_Region.html
Tourist information Centre, 4.5, Traveller Resources, /Attraction_Review-g315908-d12598224-Reviews-Tourist_information_Centre-Ptuj_Styria_Region.html, /Attractions-g315908-Activities-Ptuj_Styria_Region.html
Dominican Monastery (Dominikanski samostan), 3.5, Museums, /Attraction_Review-g315908-d2549530-Reviews-Dominican_Monastery_Dominikanski_samostan-Ptuj_Styria_Region.html, /Attractions-g315908-Activities-Ptuj_Styria_Region.html
Presernova street, 4.5, Sights & Landmarks, /Attraction_Review-g315908-d12531244-Reviews-Presernova_street-Ptuj_Styria_Region.html, /Attractions-g315908-Activities-Ptuj_Styria_Region.html
The Minorite Monastery and St Peter and St Paul church, 4.0, Sights & Landmarks, /Attraction_Review-g315908-d9742883-Reviews-The_Minorite_Monastery_and_St_Peter_and_St_Paul_church-Ptuj_Styria_Region.html, /Attractions-g315908-Activities-Ptuj_Styria_Region.html
Schloss Statenberg, 4.0, Sights & Landmarks, /Attraction_Review-g315908-d2549403-Reviews-Schloss_Statenberg-Ptuj_Styria_Region.html, /Attractions-g315908-Activities-Ptuj_Styria_Region.html
Town Hall, 4.0, Sights & Landmarks, /Attraction_Review-g315908-d9764012-Reviews-Town_Hall-Ptuj_Styria_Region.html, /Attractions-g315908-Activities-Ptuj_Styria_Region.html
Schloss Dornava, 4.0, Sights & Landmarks, /Attraction_Review-g315908-d2549402-Reviews-Schloss_Dornava-Ptuj_Styria_Region.html, /Attractions-g315908-Activities-Ptuj_Styria_Region.html
Sveti Florijan Statue, 4.5, Sights & Landmarks, /Attraction_Review-g315908-d15017913-Reviews-Sveti_Florijan_Statue-Ptuj_Styria_Region.html, /Attractions-g315908-Activities-Ptuj_Styria_Region.html
Slovenski trg Square, 4.0, Sights & Landmarks, /Attraction_Review-g315908-d12531248-Reviews-Slovenski_trg_Square-Ptuj_Styria_Region.html, /Attractions-g315908-Activities-Ptuj_Styria_Region.html
Lavender Farm Haloze, 5.0, Sights & Landmarks, /Attraction_Review-g315908-d2647727-Reviews-Lavender_Farm_Haloze-Ptuj_Styria_Region.html, /Attractions-g315908-Activities-Ptuj_Styria_Region.html
Borl Castle, 3.5, Sights & Landmarks, /Attraction_Review-g315908-d11767670-Reviews-Borl_Castle-Ptuj_Styria_Region.html, /Attractions-g315908-Activities-Ptuj_Styria_Region.html
Ptuj City Theatre, 4.5, Concerts & Shows, /Attraction_Review-g315908-d2549533-Reviews-Ptuj_City_Theatre-Ptuj_Styria_Region.html, /Attractions-g315908-Activities-Ptuj_Styria_Region.html
Ivan Potrč Library, 4.5, Traveller Resources, /Attraction_Review-g315908-d15617585-Reviews-Ivan_Potrc_Library-Ptuj_Styria_Region.html, /Attractions-g315908-Activities-Ptuj_Styria_Region.html
III. Mithras, 3.5, Sights & Landmarks, /Attraction_Review-g315908-d12579119-Reviews-III_Mithras-Ptuj_Styria_Region.html, /Attractions-g315908-Activities-Ptuj_Styria_Region.html
Kobal wines, 5.0, Food & Drink, /Attraction_Review-g315908-d17634741-Reviews-Kobal_wines-Ptuj_Styria_Region.html, /Attractions-g315908-Activities-Ptuj_Styria_Region.html
Antikvitete Trop, 4.5, Museums, /Attraction_Review-g315908-d8056087-Reviews-Antikvitete_Trop-Ptuj_Styria_Region.html, /Attractions-g315908-Activities-Ptuj_Styria_Region.html
Mihelič gallery, 4.5, Museums, /Attraction_Review-g315908-d15571163-Reviews-Mihelic_gallery-Ptuj_Styria_Region.html, /Attractions-g315908-Activities-Ptuj_Styria_Region.html
Ptuj city gallery, 4.0, Museums, /Attraction_Review-g315908-d15599764-Reviews-Ptuj_city_gallery-Ptuj_Styria_Region.html, /Attractions-g315908-Activities-Ptuj_Styria_Region.html
Plague Pillar of Mary and the Infant Jesus, 3.5, Sights & Landmarks, /Attraction_Review-g315908-d12539790-Reviews-Plague_Pillar_of_Mary_and_the_Infant_Jesus-Ptuj_Styria_Region.html, /Attractions-g315908-Activities-Ptuj_Styria_Region.html
Vurberk castle, 5.0, Sights & Landmarks, /Attraction_Review-g315908-d15617608-Reviews-Vurberk_castle-Ptuj_Styria_Region.html, /Attractions-g315908-Activities-Ptuj_Styria_Region.html
Povoden Museum&&, 4.5, Museums, /Attraction_Review-g315908-d15582741-Reviews-Povoden_Museum-Ptuj_Styria_Region.html, /Attractions-g315908-Activities-Ptuj_Styria_Region.html
Turnišče Castle Park, 3.0, Sights & Landmarks, /Attraction_Review-g315908-d15617599-Reviews-Turnisce_Castle_Park-Ptuj_Styria_Region.html, /Attractions-g315908-Activities-Ptuj_Styria_Region.html
Panorama Archaeological Park, 3.0, Nature & Parks, /Attraction_Review-g315908-d15617633-Reviews-Panorama_Archaeological_Park-Ptuj_Styria_Region.html, /Attractions-g315908-Activities-Ptuj_Styria_Region.html
