attraction_name, attraction_rate, attraction_type, attraction_url, attraction_parent_url
Black Lake, 5.0, Nature & Parks, /Attraction_Review-g1028274-d19174735-Reviews-Black_Lake-Pohorje_Styria_Region.html, /Attractions-g1028274-Activities-Pohorje_Styria_Region.html
Pohorje Tours, 5.0, Food & Drink, /Attraction_Review-g1028274-d18775272-Reviews-Pohorje_Tours-Pohorje_Styria_Region.html, /Attractions-g1028274-Activities-Pohorje_Styria_Region.html
Church of St. Peter and Paul, None, Sights & Landmarks, /Attraction_Review-g1028274-d13980057-Reviews-Church_of_St_Peter_and_Paul-Pohorje_Styria_Region.html, /Attractions-g1028274-Activities-Pohorje_Styria_Region.html
Ancnikovo gradisce, None, Sights & Landmarks, /Attraction_Review-g1028274-d13980071-Reviews-Ancnikovo_gradisce-Pohorje_Styria_Region.html, /Attractions-g1028274-Activities-Pohorje_Styria_Region.html
