attraction_name, attraction_rate, attraction_type, attraction_url, attraction_parent_url
Petric Winery - Vipava, 5.0, Food & Drink, /Attraction_Review-g3181365-d13546532-Reviews-Petric_Winery_Vipava-Vipava_Inner_Carniola_Region.html, /Attractions-g3181365-Activities-Vipava_Inner_Carniola_Region.html
Vino Žorž, 5.0, Food & Drink, /Attraction_Review-g5007997-d9810371-Reviews-Vino_Zorz-Slap_Vipava_Inner_Carniola_Region.html, /Attractions-g3181365-Activities-Vipava_Inner_Carniola_Region.html
Wines Jamsek, 5.0, Food & Drink, /Attraction_Review-g3181365-d11549926-Reviews-Wines_Jamsek-Vipava_Inner_Carniola_Region.html, /Attractions-g3181365-Activities-Vipava_Inner_Carniola_Region.html
The Wine House Rondic, 5.0, Food & Drink, /Attraction_Review-g5007997-d17567122-Reviews-The_Wine_House_Rondic-Slap_Vipava_Inner_Carniola_Region.html, /Attractions-g3181365-Activities-Vipava_Inner_Carniola_Region.html
Kamp Tura, 4.5, Fun & Games, /Attraction_Review-g3181365-d15322710-Reviews-Kamp_Tura-Vipava_Inner_Carniola_Region.html, /Attractions-g3181365-Activities-Vipava_Inner_Carniola_Region.html
Vina Povh, 5.0, Food & Drink, /Attraction_Review-g3181365-d11908001-Reviews-Vina_Povh-Vipava_Inner_Carniola_Region.html, /Attractions-g3181365-Activities-Vipava_Inner_Carniola_Region.html
Miska Wine Cellar, 5.0, Food & Drink, /Attraction_Review-g3181365-d12865345-Reviews-Miska_Wine_Cellar-Vipava_Inner_Carniola_Region.html, /Attractions-g3181365-Activities-Vipava_Inner_Carniola_Region.html
Kmetija Tomazic, 4.5, Food & Drink, /Attraction_Review-g3181365-d14135986-Reviews-Kmetija_Tomazic-Vipava_Inner_Carniola_Region.html, /Attractions-g3181365-Activities-Vipava_Inner_Carniola_Region.html
Quelle der Vipava, 4.5, Nature & Parks, /Attraction_Review-g3181365-d3950155-Reviews-Quelle_der_Vipava-Vipava_Inner_Carniola_Region.html, /Attractions-g3181365-Activities-Vipava_Inner_Carniola_Region.html
Sutor Wine Farm, 4.0, Food & Drink, /Attraction_Review-g3181365-d4765443-Reviews-Sutor_Wine_Farm-Vipava_Inner_Carniola_Region.html, /Attractions-g3181365-Activities-Vipava_Inner_Carniola_Region.html
Church of St. Stephen, 3.0, Sights & Landmarks, /Attraction_Review-g3181365-d17767013-Reviews-Church_of_St_Stephen-Vipava_Inner_Carniola_Region.html, /Attractions-g3181365-Activities-Vipava_Inner_Carniola_Region.html
Wipach Wine Estate, 5.0, Nightlife, /Attraction_Review-g3181365-d12701264-Reviews-Wipach_Wine_Estate-Vipava_Inner_Carniola_Region.html, /Attractions-g3181365-Activities-Vipava_Inner_Carniola_Region.html
Vina Poljšak, 5.0, Food & Drink, /Attraction_Review-g3181365-d17766954-Reviews-Vina_Poljsak-Vipava_Inner_Carniola_Region.html, /Attractions-g3181365-Activities-Vipava_Inner_Carniola_Region.html
Weingut Guerila, 4.5, Shopping, /Attraction_Review-g3181365-d5539428-Reviews-Weingut_Guerila-Vipava_Inner_Carniola_Region.html, /Attractions-g3181365-Activities-Vipava_Inner_Carniola_Region.html
Vipava 1894, 4.0, Shopping, /Attraction_Review-g3181365-d3950060-Reviews-Vipava_1894-Vipava_Inner_Carniola_Region.html, /Attractions-g3181365-Activities-Vipava_Inner_Carniola_Region.html
Miha Slamic, None, Boat Tours & Water Sports, /Attraction_Review-g3181365-d17829493-Reviews-Miha_Slamic-Vipava_Inner_Carniola_Region.html, /Attractions-g3181365-Activities-Vipava_Inner_Carniola_Region.html
Orka_Adventures, None, Food & Drink, /Attraction_Review-g3181365-d17695286-Reviews-Orka_Adventures-Vipava_Inner_Carniola_Region.html, /Attractions-g3181365-Activities-Vipava_Inner_Carniola_Region.html
TIC Vipava, None, Traveller Resources, /Attraction_Review-g3181365-d17765265-Reviews-TIC_Vipava-Vipava_Inner_Carniola_Region.html, /Attractions-g3181365-Activities-Vipava_Inner_Carniola_Region.html
Lanthieri Mansion&& Vipava, None, Sights & Landmarks, /Attraction_Review-g3181365-d17765415-Reviews-Lanthieri_Mansion_Vipava-Vipava_Inner_Carniola_Region.html, /Attractions-g3181365-Activities-Vipava_Inner_Carniola_Region.html
Zemono Manor House, None, Sights & Landmarks, /Attraction_Review-g3181365-d17765414-Reviews-Zemono_Manor_House-Vipava_Inner_Carniola_Region.html, /Attractions-g3181365-Activities-Vipava_Inner_Carniola_Region.html
Tabor Castle in Vipava, None, Sights & Landmarks, /Attraction_Review-g3181365-d17765416-Reviews-Tabor_Castle_in_Vipava-Vipava_Inner_Carniola_Region.html, /Attractions-g3181365-Activities-Vipava_Inner_Carniola_Region.html
Old Vipava Castle, None, Sights & Landmarks, /Attraction_Review-g3181365-d17765430-Reviews-Old_Vipava_Castle-Vipava_Inner_Carniola_Region.html, /Attractions-g3181365-Activities-Vipava_Inner_Carniola_Region.html
Church of St. Primus and Felician&& Vrhpolje, None, Sights & Landmarks, /Attraction_Review-g3181365-d17765266-Reviews-Church_of_St_Primus_and_Felician_Vrhpolje-Vipava_Inner_Carniola_Region.html, /Attractions-g3181365-Activities-Vipava_Inner_Carniola_Region.html
Wine Marc, None, Food & Drink, /Attraction_Review-g3181365-d17535147-Reviews-Wine_Marc-Vipava_Inner_Carniola_Region.html, /Attractions-g3181365-Activities-Vipava_Inner_Carniola_Region.html
Cerkev Sv. Hieronim- Church of Saint Hieronim, None, Sights & Landmarks, /Attraction_Review-g3181365-d21358877-Reviews-Cerkev_Sv_Hieronim_Church_of_Saint_Hieronim-Vipava_Inner_Carniola_Region.html, /Attractions-g3181365-Activities-Vipava_Inner_Carniola_Region.html
Dvorec Lanthieri- Manor Lanthieri, None, Sights & Landmarks, /Attraction_Review-g3181365-d21347241-Reviews-Dvorec_Lanthieri_Manor_Lanthieri-Vipava_Inner_Carniola_Region.html, /Attractions-g3181365-Activities-Vipava_Inner_Carniola_Region.html
Kebetova hiša- Kebetova house, None, Sights & Landmarks, /Attraction_Review-g3181365-d21347253-Reviews-Kebetova_hisa_Kebetova_house-Vipava_Inner_Carniola_Region.html, /Attractions-g3181365-Activities-Vipava_Inner_Carniola_Region.html
Podružnična Cerkev Marije Snežne Na Obeluncu Nad Gočami, None, Sights & Landmarks, /Attraction_Review-g3181365-d21359747-Reviews-Podruznicna_Cerkev_Marije_Snezne_Na_Obeluncu_Nad_Gocami-Vipava_Inner_Carniola_R.html, /Attractions-g3181365-Activities-Vipava_Inner_Carniola_Region.html
Cerkev Marije Tolažnice Žalostnih V Logu Pri Vipavi, None, Sights & Landmarks, /Attraction_Review-g3181365-d21359749-Reviews-Cerkev_Marije_Tolaznice_Zalostnih_V_Logu_Pri_Vipavi-Vipava_Inner_Carniola_Regio.html, /Attractions-g3181365-Activities-Vipava_Inner_Carniola_Region.html
Rouna wines, None, Food & Drink, /Attraction_Review-g5007997-d17753041-Reviews-Rouna_wines-Slap_Vipava_Inner_Carniola_Region.html, /Attractions-g3181365-Activities-Vipava_Inner_Carniola_Region.html
