attraction_name, attraction_rate, attraction_type, attraction_url, attraction_parent_url
Vila Vipolze, 4.0, Museums, /Attraction_Review-g1566560-d5988027-Reviews-Vila_Vipolze-Dobrovo_Slovenian_Littoral_Region.html, /Attractions-g1566560-Activities-Dobrovo_Slovenian_Littoral_Region.html
Scurek, 5.0, Food & Drink, /Attraction_Review-g1566560-d12945838-Reviews-Scurek-Dobrovo_Slovenian_Littoral_Region.html, /Attractions-g1566560-Activities-Dobrovo_Slovenian_Littoral_Region.html
Bjana, 5.0, Food & Drink, /Attraction_Review-g1566560-d8380992-Reviews-Bjana-Dobrovo_Slovenian_Littoral_Region.html, /Attractions-g1566560-Activities-Dobrovo_Slovenian_Littoral_Region.html
Vinoteka Brda, 4.0, Food & Drink, /Attraction_Review-g1566560-d2542545-Reviews-Vinoteka_Brda-Dobrovo_Slovenian_Littoral_Region.html, /Attractions-g1566560-Activities-Dobrovo_Slovenian_Littoral_Region.html
Klet Brda, 4.0, Food & Drink, /Attraction_Review-g1566560-d2715350-Reviews-Klet_Brda-Dobrovo_Slovenian_Littoral_Region.html, /Attractions-g1566560-Activities-Dobrovo_Slovenian_Littoral_Region.html
KristAlvin Winery, 5.0, Food & Drink, /Attraction_Review-g1566560-d15665730-Reviews-KristAlvin_Winery-Dobrovo_Slovenian_Littoral_Region.html, /Attractions-g1566560-Activities-Dobrovo_Slovenian_Littoral_Region.html
The Dobrovo Castle, 3.5, Museums, /Attraction_Review-g1566560-d5988310-Reviews-The_Dobrovo_Castle-Dobrovo_Slovenian_Littoral_Region.html, /Attractions-g1566560-Activities-Dobrovo_Slovenian_Littoral_Region.html
Vina Sosolic, 5.0, Food & Drink, /Attraction_Review-g1566560-d14990969-Reviews-Vina_Sosolic-Dobrovo_Slovenian_Littoral_Region.html, /Attractions-g1566560-Activities-Dobrovo_Slovenian_Littoral_Region.html
Nona Luisa Workshop, 5.0, Fun & Games, /Attraction_Review-g1566560-d17736611-Reviews-Nona_Luisa_Workshop-Dobrovo_Slovenian_Littoral_Region.html, /Attractions-g1566560-Activities-Dobrovo_Slovenian_Littoral_Region.html
Trail Bjla cepika, None, Nature & Parks, /Attraction_Review-g1566560-d13002629-Reviews-Trail_Bjla_cepika-Dobrovo_Slovenian_Littoral_Region.html, /Attractions-g1566560-Activities-Dobrovo_Slovenian_Littoral_Region.html
Župnijska cerkev sv. Mihaela, None, Sights & Landmarks, /Attraction_Review-g1566560-d12999552-Reviews-Zupnijska_cerkev_sv_Mihaela-Dobrovo_Slovenian_Littoral_Region.html, /Attractions-g1566560-Activities-Dobrovo_Slovenian_Littoral_Region.html
Vina Markocic- Markocic Wines, None, Food & Drink, /Attraction_Review-g1566560-d15242431-Reviews-Vina_Markocic_Markocic_Wines-Dobrovo_Slovenian_Littoral_Region.html, /Attractions-g1566560-Activities-Dobrovo_Slovenian_Littoral_Region.html
Nona Luisa, None, Shopping, /Attraction_Review-g1566560-d17427401-Reviews-Nona_Luisa-Dobrovo_Slovenian_Littoral_Region.html, /Attractions-g1566560-Activities-Dobrovo_Slovenian_Littoral_Region.html
