attraction_name, attraction_rate, attraction_type, attraction_url, attraction_parent_url
Lovrenska jezera, 5.0, Nature & Parks, /Attraction_Review-g644303-d15023191-Reviews-Lovrenska_jezera-Zrece_Styria_Region.html, /Attractions-g644303-Activities-Zrece_Styria_Region.html
Rogla Bike Park, 4.5, Nature & Parks, /Attraction_Review-g644303-d8617034-Reviews-Rogla_Bike_Park-Zrece_Styria_Region.html, /Attractions-g644303-Activities-Zrece_Styria_Region.html
Idila Wellness &amp; Spa Centre, 4.5, Spas & Wellness, /Attraction_Review-g644303-d11924559-Reviews-Idila_Wellness_Spa_Centre-Zrece_Styria_Region.html, /Attractions-g644303-Activities-Zrece_Styria_Region.html
Oplotnica Mansion, None, Sights & Landmarks, /Attraction_Review-g644303-d19175275-Reviews-Oplotnica_Mansion-Zrece_Styria_Region.html, /Attractions-g644303-Activities-Zrece_Styria_Region.html
Skomarje House, None, Sights & Landmarks, /Attraction_Review-g644303-d19120020-Reviews-Skomarje_House-Zrece_Styria_Region.html, /Attractions-g644303-Activities-Zrece_Styria_Region.html
