attraction_name, attraction_rate, attraction_type, attraction_url, attraction_parent_url
Velenje Beach, 4.5, Nature & Parks, /Attraction_Review-g285719-d13988793-Reviews-Velenje_Beach-Velenje_Styria_Region.html, /Attractions-g285719-Activities-Velenje_Styria_Region.html
The Coal Mining Museum of Slovenia, 4.5, Sights & Landmarks, /Attraction_Review-g285719-d4371541-Reviews-The_Coal_Mining_Museum_of_Slovenia-Velenje_Styria_Region.html, /Attractions-g285719-Activities-Velenje_Styria_Region.html
Tito Statue, 4.0, Sights & Landmarks, /Attraction_Review-g285719-d12723015-Reviews-Tito_Statue-Velenje_Styria_Region.html, /Attractions-g285719-Activities-Velenje_Styria_Region.html
Tourist Information Center Velenje, 5.0, Traveller Resources, /Attraction_Review-g285719-d10846117-Reviews-Tourist_Information_Center_Velenje-Velenje_Styria_Region.html, /Attractions-g285719-Activities-Velenje_Styria_Region.html
Velenje Museum - Muzej Velenje, 4.0, Museums, /Attraction_Review-g285719-d9752570-Reviews-Velenje_Museum_Muzej_Velenje-Velenje_Styria_Region.html, /Attractions-g285719-Activities-Velenje_Styria_Region.html
The House of Minerals, 3.0, Museums, /Attraction_Review-g285719-d13984335-Reviews-The_House_of_Minerals-Velenje_Styria_Region.html, /Attractions-g285719-Activities-Velenje_Styria_Region.html
Lokalc, 4.0, Transportation, /Attraction_Review-g285719-d15238638-Reviews-Lokalc-Velenje_Styria_Region.html, /Attractions-g285719-Activities-Velenje_Styria_Region.html
Zoo Station, 3.5, Boat Tours & Water Sports, /Attraction_Review-g285719-d8041282-Reviews-Zoo_Station-Velenje_Styria_Region.html, /Attractions-g285719-Activities-Velenje_Styria_Region.html
The Velenje Gallery, None, Museums, /Attraction_Review-g285719-d13980052-Reviews-The_Velenje_Gallery-Velenje_Styria_Region.html, /Attractions-g285719-Activities-Velenje_Styria_Region.html
Gril's Homestead, None, Museums, /Attraction_Review-g285719-d13984334-Reviews-Gril_s_Homestead-Velenje_Styria_Region.html, /Attractions-g285719-Activities-Velenje_Styria_Region.html
Fbunker, None, Museums, /Attraction_Review-g285719-d13991976-Reviews-Fbunker-Velenje_Styria_Region.html, /Attractions-g285719-Activities-Velenje_Styria_Region.html
The youth gallery - eMCe plac, None, Museums, /Attraction_Review-g285719-d13980082-Reviews-The_youth_gallery_eMCe_plac-Velenje_Styria_Region.html, /Attractions-g285719-Activities-Velenje_Styria_Region.html
The Outdoor Gallery, None, Museums, /Attraction_Review-g285719-d13980083-Reviews-The_Outdoor_Gallery-Velenje_Styria_Region.html, /Attractions-g285719-Activities-Velenje_Styria_Region.html
