attraction_name, attraction_rate, attraction_type, attraction_url, attraction_parent_url
Bogensperk Castle, 4.5, Sights & Landmarks, /Attraction_Review-g4608195-d2312868-Reviews-Bogensperk_Castle-Litija_Styria_Region.html, /Attractions-g4608195-Activities-Litija_Styria_Region.html
Rudnik Sitarjevec Litija, 3.0, Sights & Landmarks, /Attraction_Review-g4608195-d14999135-Reviews-Rudnik_Sitarjevec_Litija-Litija_Styria_Region.html, /Attractions-g4608195-Activities-Litija_Styria_Region.html
Pustolovski park Geoss, 4.5, Outdoor Activities, /Attraction_Review-g4608195-d4606783-Reviews-Pustolovski_park_Geoss-Litija_Styria_Region.html, /Attractions-g4608195-Activities-Litija_Styria_Region.html
Geometrično središče Slovenije - GEOSS, None, Sights & Landmarks, /Attraction_Review-g4608195-d14999122-Reviews-Geometricno_sredisce_Slovenije_GEOSS-Litija_Styria_Region.html, /Attractions-g4608195-Activities-Litija_Styria_Region.html
Oglarska dežela Dole pri Litiji - Land of Charcoal, None, Sights & Landmarks, /Attraction_Review-g4608195-d14999119-Reviews-Oglarska_dezela_Dole_pri_Litiji_Land_of_Charcoal-Litija_Styria_Region.html, /Attractions-g4608195-Activities-Litija_Styria_Region.html
Župnija Litija, None, Sights & Landmarks, /Attraction_Review-g4608195-d14999128-Reviews-Zupnija_Litija-Litija_Styria_Region.html, /Attractions-g4608195-Activities-Litija_Styria_Region.html
Litija Tourist Information Center, None, Traveller Resources, /Attraction_Review-g4608195-d15002426-Reviews-Litija_Tourist_Information_Center-Litija_Styria_Region.html, /Attractions-g4608195-Activities-Litija_Styria_Region.html
