attraction_name, attraction_rate, attraction_type, attraction_url, attraction_parent_url
Center Noordung, 4.0, Museums, /Attraction_Review-g17615857-d4743950-Reviews-Center_Noordung-Vitanje_Styria_Region.html, /Attractions-g17615857-Activities-Vitanje_Styria_Region.html
Skaza Violin Studio, None, Museums, /Attraction_Review-g17615857-d21345236-Reviews-Skaza_Violin_Studio-Vitanje_Styria_Region.html, /Attractions-g17615857-Activities-Vitanje_Styria_Region.html
Villa Svitanje, None, Museums, /Attraction_Review-g17615857-d21345202-Reviews-Villa_Svitanje-Vitanje_Styria_Region.html, /Attractions-g17615857-Activities-Vitanje_Styria_Region.html
Beškovnik's Granary, None, Museums, /Attraction_Review-g17615857-d21345197-Reviews-Beskovnik_s_Granary-Vitanje_Styria_Region.html, /Attractions-g17615857-Activities-Vitanje_Styria_Region.html
Brodej Ethnological Museum, None, Museums, /Attraction_Review-g17615857-d21345242-Reviews-Brodej_Ethnological_Museum-Vitanje_Styria_Region.html, /Attractions-g17615857-Activities-Vitanje_Styria_Region.html
