attraction_name, attraction_rate, attraction_type, attraction_url, attraction_parent_url
Landscape park Logar Valley, 4.5, Nature & Parks, /Attraction_Review-g319789-d6756428-Reviews-Landscape_park_Logar_Valley-Solcava_Styria_Region.html, /Attractions-g319789-Activities-Solcava_Styria_Region.html
Solcava Panoramic Road, 4.5, Outdoor Activities, /Attraction_Review-g319789-d10637029-Reviews-Solcava_Panoramic_Road-Solcava_Styria_Region.html, /Attractions-g319789-Activities-Solcava_Styria_Region.html
Robanov Kot, 4.5, Nature & Parks, /Attraction_Review-g319789-d14884397-Reviews-Robanov_Kot-Solcava_Styria_Region.html, /Attractions-g319789-Activities-Solcava_Styria_Region.html
Sveti Duh, 4.5, Sights & Landmarks, /Attraction_Review-g319789-d4401319-Reviews-Sveti_Duh-Solcava_Styria_Region.html, /Attractions-g319789-Activities-Solcava_Styria_Region.html
Cerkev Marije Snezne, 4.0, Sights & Landmarks, /Attraction_Review-g319789-d4400755-Reviews-Cerkev_Marije_Snezne-Solcava_Styria_Region.html, /Attractions-g319789-Activities-Solcava_Styria_Region.html
Kapela Kristusa Kralja, 3.5, Sights & Landmarks, /Attraction_Review-g319789-d4401321-Reviews-Kapela_Kristusa_Kralja-Solcava_Styria_Region.html, /Attractions-g319789-Activities-Solcava_Styria_Region.html
Fidov gaj (Fida's grove), 3.5, Nature & Parks, /Attraction_Review-g319789-d2092314-Reviews-Fidov_gaj_Fida_s_grove-Solcava_Styria_Region.html, /Attractions-g319789-Activities-Solcava_Styria_Region.html
Center Rinka, 4.5, Shopping, /Attraction_Review-g319789-d4400753-Reviews-Center_Rinka-Solcava_Styria_Region.html, /Attractions-g319789-Activities-Solcava_Styria_Region.html
Rinka Waterfall, 5.0, Nature & Parks, /Attraction_Review-g319789-d19598035-Reviews-Rinka_Waterfall-Solcava_Styria_Region.html, /Attractions-g319789-Activities-Solcava_Styria_Region.html
Franc in Liza, None, Shopping, /Attraction_Review-g319789-d14072743-Reviews-Franc_in_Liza-Solcava_Styria_Region.html, /Attractions-g319789-Activities-Solcava_Styria_Region.html
Eko Kmetija Bevšek, None, Sights & Landmarks, /Attraction_Review-g319789-d17678559-Reviews-Eko_Kmetija_Bevsek-Solcava_Styria_Region.html, /Attractions-g319789-Activities-Solcava_Styria_Region.html
