attraction_name, attraction_rate, attraction_type, attraction_url, attraction_parent_url
Praetorian Palace, 4.0, Sights & Landmarks, /Attraction_Review-g312722-d2345285-Reviews-Praetorian_Palace-Koper_Slovenian_Istria_Slovenian_Littoral_Region.html, /Attractions-g312722-Activities-Koper_Slovenian_Istria_Slovenian_Littoral_Region.html
Koper Cathedral and Bell Tower, 4.0, Sights & Landmarks, /Attraction_Review-g312722-d2345282-Reviews-Koper_Cathedral_and_Bell_Tower-Koper_Slovenian_Istria_Slovenian_Littoral_Region.html, /Attractions-g312722-Activities-Koper_Slovenian_Istria_Slovenian_Littoral_Region.html
Planet Koper, 4.0, Shopping, /Attraction_Review-g312722-d5523614-Reviews-Planet_Koper-Koper_Slovenian_Istria_Slovenian_Littoral_Region.html, /Attractions-g312722-Activities-Koper_Slovenian_Istria_Slovenian_Littoral_Region.html
Piazza Tito, 4.0, Sights & Landmarks, /Attraction_Review-g312722-d12012416-Reviews-Piazza_Tito-Koper_Slovenian_Istria_Slovenian_Littoral_Region.html, /Attractions-g312722-Activities-Koper_Slovenian_Istria_Slovenian_Littoral_Region.html
Da Ponte Fountain, 4.0, Sights & Landmarks, /Attraction_Review-g312722-d10422694-Reviews-Da_Ponte_Fountain-Koper_Slovenian_Istria_Slovenian_Littoral_Region.html, /Attractions-g312722-Activities-Koper_Slovenian_Istria_Slovenian_Littoral_Region.html
Taverna Koper, 4.0, Sights & Landmarks, /Attraction_Review-g312722-d11958201-Reviews-Taverna_Koper-Koper_Slovenian_Istria_Slovenian_Littoral_Region.html, /Attractions-g312722-Activities-Koper_Slovenian_Istria_Slovenian_Littoral_Region.html
Tourist Information Centre Koper, 4.5, Traveller Resources, /Attraction_Review-g312722-d11965842-Reviews-Tourist_Information_Centre_Koper-Koper_Slovenian_Istria_Slovenian_Littoral_Regio.html, /Attractions-g312722-Activities-Koper_Slovenian_Istria_Slovenian_Littoral_Region.html
Škocjanski zatok, 4.5, Nature & Parks, /Attraction_Review-g312722-d10032402-Reviews-Skocjanski_zatok-Koper_Slovenian_Istria_Slovenian_Littoral_Region.html, /Attractions-g312722-Activities-Koper_Slovenian_Istria_Slovenian_Littoral_Region.html
Koper Regional Museum, 4.0, Museums, /Attraction_Review-g312722-d4358800-Reviews-Koper_Regional_Museum-Koper_Slovenian_Istria_Slovenian_Littoral_Region.html, /Attractions-g312722-Activities-Koper_Slovenian_Istria_Slovenian_Littoral_Region.html
Koper City Beach, 3.5, Nature & Parks, /Attraction_Review-g312722-d12007630-Reviews-Koper_City_Beach-Koper_Slovenian_Istria_Slovenian_Littoral_Region.html, /Attractions-g312722-Activities-Koper_Slovenian_Istria_Slovenian_Littoral_Region.html
Muda Gate, 4.0, Sights & Landmarks, /Attraction_Review-g312722-d3626496-Reviews-Muda_Gate-Koper_Slovenian_Istria_Slovenian_Littoral_Region.html, /Attractions-g312722-Activities-Koper_Slovenian_Istria_Slovenian_Littoral_Region.html
Loža Gallery, 4.5, Museums, /Attraction_Review-g312722-d11958204-Reviews-Loza_Gallery-Koper_Slovenian_Istria_Slovenian_Littoral_Region.html, /Attractions-g312722-Activities-Koper_Slovenian_Istria_Slovenian_Littoral_Region.html
Carpaccio square, 4.0, Sights & Landmarks, /Attraction_Review-g312722-d12012204-Reviews-Carpaccio_square-Koper_Slovenian_Istria_Slovenian_Littoral_Region.html, /Attractions-g312722-Activities-Koper_Slovenian_Istria_Slovenian_Littoral_Region.html
Zusterna Beach, 4.0, Nature & Parks, /Attraction_Review-g312722-d12012190-Reviews-Zusterna_Beach-Koper_Slovenian_Istria_Slovenian_Littoral_Region.html, /Attractions-g312722-Activities-Koper_Slovenian_Istria_Slovenian_Littoral_Region.html
Park Center Koper, 4.0, Shopping, /Attraction_Review-g312722-d5531587-Reviews-Park_Center_Koper-Koper_Slovenian_Istria_Slovenian_Littoral_Region.html, /Attractions-g312722-Activities-Koper_Slovenian_Istria_Slovenian_Littoral_Region.html
Vinakoper, 4.5, Food & Drink, /Attraction_Review-g312722-d2157476-Reviews-Vinakoper-Koper_Slovenian_Istria_Slovenian_Littoral_Region.html, /Attractions-g312722-Activities-Koper_Slovenian_Istria_Slovenian_Littoral_Region.html
Kidričeva ulica, 4.0, Sights & Landmarks, /Attraction_Review-g312722-d13130822-Reviews-Kidriceva_ulica-Koper_Slovenian_Istria_Slovenian_Littoral_Region.html, /Attractions-g312722-Activities-Koper_Slovenian_Istria_Slovenian_Littoral_Region.html
Dragonja River, 4.5, Nature & Parks, /Attraction_Review-g312722-d4728489-Reviews-Dragonja_River-Koper_Slovenian_Istria_Slovenian_Littoral_Region.html, /Attractions-g312722-Activities-Koper_Slovenian_Istria_Slovenian_Littoral_Region.html
Casa Veneziana, 4.5, Sights & Landmarks, /Attraction_Review-g312722-d4611393-Reviews-Casa_Veneziana-Koper_Slovenian_Istria_Slovenian_Littoral_Region.html, /Attractions-g312722-Activities-Koper_Slovenian_Istria_Slovenian_Littoral_Region.html
Vivarij BioExo Koper, 5.0, Zoos & Aquariums, /Attraction_Review-g312722-d15515304-Reviews-Vivarij_BioExo_Koper-Koper_Slovenian_Istria_Slovenian_Littoral_Region.html, /Attractions-g312722-Activities-Koper_Slovenian_Istria_Slovenian_Littoral_Region.html
Klen'Art, 5.0, Food & Drink, /Attraction_Review-g312722-d12874998-Reviews-Klen_Art-Koper_Slovenian_Istria_Slovenian_Littoral_Region.html, /Attractions-g312722-Activities-Koper_Slovenian_Istria_Slovenian_Littoral_Region.html
Knjižnica Koper - Biblioteca Capodistria, 5.0, Traveller Resources, /Attraction_Review-g312722-d11958218-Reviews-Knjiznica_Koper_Biblioteca_Capodistria-Koper_Slovenian_Istria_Slovenian_Littoral.html, /Attractions-g312722-Activities-Koper_Slovenian_Istria_Slovenian_Littoral_Region.html
The Rotunda of St John the Baptist, 4.0, Sights & Landmarks, /Attraction_Review-g312722-d10423769-Reviews-The_Rotunda_of_St_John_the_Baptist-Koper_Slovenian_Istria_Slovenian_Littoral_Reg.html, /Attractions-g312722-Activities-Koper_Slovenian_Istria_Slovenian_Littoral_Region.html
Carpacciova hiša, 3.5, Sights & Landmarks, /Attraction_Review-g312722-d11958206-Reviews-Carpacciova_hisa-Koper_Slovenian_Istria_Slovenian_Littoral_Region.html, /Attractions-g312722-Activities-Koper_Slovenian_Istria_Slovenian_Littoral_Region.html
Fontico, 3.5, Sights & Landmarks, /Attraction_Review-g312722-d11958205-Reviews-Fontico-Koper_Slovenian_Istria_Slovenian_Littoral_Region.html, /Attractions-g312722-Activities-Koper_Slovenian_Istria_Slovenian_Littoral_Region.html
Brolo square, 4.0, Sights & Landmarks, /Attraction_Review-g312722-d12012483-Reviews-Brolo_square-Koper_Slovenian_Istria_Slovenian_Littoral_Region.html, /Attractions-g312722-Activities-Koper_Slovenian_Istria_Slovenian_Littoral_Region.html
St. Nicholas Church, 3.5, Sights & Landmarks, /Attraction_Review-g312722-d8452966-Reviews-St_Nicholas_Church-Koper_Slovenian_Istria_Slovenian_Littoral_Region.html, /Attractions-g312722-Activities-Koper_Slovenian_Istria_Slovenian_Littoral_Region.html
Chiesa di San Giacomo, 4.0, Sights & Landmarks, /Attraction_Review-g312722-d14998205-Reviews-Chiesa_di_San_Giacomo-Koper_Slovenian_Istria_Slovenian_Littoral_Region.html, /Attractions-g312722-Activities-Koper_Slovenian_Istria_Slovenian_Littoral_Region.html
Koprska Promenada, 5.0, Sights & Landmarks, /Attraction_Review-g312722-d19964290-Reviews-Koprska_Promenada-Koper_Slovenian_Istria_Slovenian_Littoral_Region.html, /Attractions-g312722-Activities-Koper_Slovenian_Istria_Slovenian_Littoral_Region.html
Parenzana, 5.0, Nature & Parks, /Attraction_Review-g312722-d19964772-Reviews-Parenzana-Koper_Slovenian_Istria_Slovenian_Littoral_Region.html, /Attractions-g312722-Activities-Koper_Slovenian_Istria_Slovenian_Littoral_Region.html
