attraction_name, attraction_rate, attraction_type, attraction_url, attraction_parent_url
Vilenica Cave, 5.0, Nature & Parks, /Attraction_Review-g1996605-d12882724-Reviews-Vilenica_Cave-Lokev_Slovenian_Littoral_Region.html, /Attractions-g1996605-Activities-Lokev_Slovenian_Littoral_Region.html
Military Museum Tabor, 4.5, Museums, /Attraction_Review-g1996605-d8093154-Reviews-Military_Museum_Tabor-Lokev_Slovenian_Littoral_Region.html, /Attractions-g1996605-Activities-Lokev_Slovenian_Littoral_Region.html
Tourist Information Centre Lokev, None, Traveller Resources, /Attraction_Review-g1996605-d14869516-Reviews-Tourist_Information_Centre_Lokev-Lokev_Slovenian_Littoral_Region.html, /Attractions-g1996605-Activities-Lokev_Slovenian_Littoral_Region.html
St Michael Church, None, Sights & Landmarks, /Attraction_Review-g1996605-d20908539-Reviews-St_Michael_Church-Lokev_Slovenian_Littoral_Region.html, /Attractions-g1996605-Activities-Lokev_Slovenian_Littoral_Region.html
