attraction_name, attraction_rate, attraction_type, attraction_url, attraction_parent_url
Polhograjski Dolomiti, 5.0, Nature & Parks, /Attraction_Review-g7791092-d14998079-Reviews-Polhograjski_Dolomiti-Polhov_Gradec_Upper_Carniola_Region.html, /Attractions-g7791092-Activities-Polhov_Gradec_Upper_Carniola_Region.html
Museum of Post and Telecommunications, 4.0, Museums, /Attraction_Review-g7791092-d7790506-Reviews-Museum_of_Post_and_Telecommunications-Polhov_Gradec_Upper_Carniola_Region.html, /Attractions-g7791092-Activities-Polhov_Gradec_Upper_Carniola_Region.html
Mansion Polhov Gradec (Polhograjska graščina), None, Nature & Parks, /Attraction_Review-g7791092-d16708711-Reviews-Mansion_Polhov_Gradec_Polhograjska_grascina-Polhov_Gradec_Upper_Carniola_Region.html, /Attractions-g7791092-Activities-Polhov_Gradec_Upper_Carniola_Region.html
Climb up to the viewpoint above the Polhov Gradec Mansion, None, Tours, /Attraction_Review-g7791092-d20861538-Reviews-Climb_up_to_the_viewpoint_above_the_Polhov_Gradec_Mansion-Polhov_Gradec_Upper_C.html, /Attractions-g7791092-Activities-Polhov_Gradec_Upper_Carniola_Region.html
A Picnic in the 'Slovenian Dolomites' (Piknik v »slovenskih Dolomitih«), None, Tours, /Attraction_Review-g7791092-d20810826-Reviews-A_Picnic_in_the_Slovenian_Dolomites_Piknik_v_slovenskih_Dolomitih-Polhov_Gradec.html, /Attractions-g7791092-Activities-Polhov_Gradec_Upper_Carniola_Region.html
The Polhov Gradec Hill, None, Nature & Parks, /Attraction_Review-g7791092-d20900231-Reviews-The_Polhov_Gradec_Hill-Polhov_Gradec_Upper_Carniola_Region.html, /Attractions-g7791092-Activities-Polhov_Gradec_Upper_Carniola_Region.html
Dormouse Adventure Park (Polhov doživljajski park), None, Fun & Games, /Attraction_Review-g7791092-d20371736-Reviews-Dormouse_Adventure_Park_Polhov_dozivljajski_park-Polhov_Gradec_Upper_Carniola_R.html, /Attractions-g7791092-Activities-Polhov_Gradec_Upper_Carniola_Region.html
Blagajeva Pot, None, Nature & Parks, /Attraction_Review-g7791092-d20808738-Reviews-Blagajeva_Pot-Polhov_Gradec_Upper_Carniola_Region.html, /Attractions-g7791092-Activities-Polhov_Gradec_Upper_Carniola_Region.html
Boznar House of Honey, None, Shopping, /Attraction_Review-g7791092-d20483723-Reviews-Boznar_House_of_Honey-Polhov_Gradec_Upper_Carniola_Region.html, /Attractions-g7791092-Activities-Polhov_Gradec_Upper_Carniola_Region.html
