attraction_name, attraction_rate, attraction_type, attraction_url, attraction_parent_url
Jesenice Upper Sava Museum, 3.5, Museums, /Attraction_Review-g1499990-d10351216-Reviews-Jesenice_Upper_Sava_Museum-Jesenice_Upper_Carniola_Region.html, /Attractions-g1499990-Activities-Jesenice_Upper_Carniola_Region.html
Steam Train on Bohinj Railway, 4.5, Tours, /Attraction_Review-g1499990-d8725761-Reviews-Steam_Train_on_Bohinj_Railway-Jesenice_Upper_Carniola_Region.html, /Attractions-g1499990-Activities-Jesenice_Upper_Carniola_Region.html
Jesenice Mosque, None, Sights & Landmarks, /Attraction_Review-g1499990-d8041563-Reviews-Jesenice_Mosque-Jesenice_Upper_Carniola_Region.html, /Attractions-g1499990-Activities-Jesenice_Upper_Carniola_Region.html
Assumption of the Virgin Mary and Roch's Church, None, Sights & Landmarks, /Attraction_Review-g1499990-d17862741-Reviews-Assumption_of_the_Virgin_Mary_and_Roch_s_Church-Jesenice_Upper_Carniola_Region.html, /Attractions-g1499990-Activities-Jesenice_Upper_Carniola_Region.html
Murova, None, Sights & Landmarks, /Attraction_Review-g1499990-d17852936-Reviews-Murova-Jesenice_Upper_Carniola_Region.html, /Attractions-g1499990-Activities-Jesenice_Upper_Carniola_Region.html
Kos Manor, None, Sights & Landmarks, /Attraction_Review-g1499990-d17852938-Reviews-Kos_Manor-Jesenice_Upper_Carniola_Region.html, /Attractions-g1499990-Activities-Jesenice_Upper_Carniola_Region.html
Statue of the iron worker at the roundabout, None, Sights & Landmarks, /Attraction_Review-g1499990-d17852940-Reviews-Statue_of_the_iron_worker_at_the_roundabout-Jesenice_Upper_Carniola_Region.html, /Attractions-g1499990-Activities-Jesenice_Upper_Carniola_Region.html
Church of St. Leonard in Jesenice, None, Sights & Landmarks, /Attraction_Review-g1499990-d17852939-Reviews-Church_of_St_Leonard_in_Jesenice-Jesenice_Upper_Carniola_Region.html, /Attractions-g1499990-Activities-Jesenice_Upper_Carniola_Region.html
Church of Holy Cross in Planina pod Golico, None, Sights & Landmarks, /Attraction_Review-g1499990-d17852942-Reviews-Church_of_Holy_Cross_in_Planina_pod_Golico-Jesenice_Upper_Carniola_Region.html, /Attractions-g1499990-Activities-Jesenice_Upper_Carniola_Region.html
Church of St. Stephen in Blejska Dobrava, None, Sights & Landmarks, /Attraction_Review-g1499990-d17852957-Reviews-Church_of_St_Stephen_in_Blejska_Dobrava-Jesenice_Upper_Carniola_Region.html, /Attractions-g1499990-Activities-Jesenice_Upper_Carniola_Region.html
Church of St. Ingenuin and St. Albuin in Koroška Bela, None, Sights & Landmarks, /Attraction_Review-g1499990-d17852956-Reviews-Church_of_St_Ingenuin_and_St_Albuin_in_Koroska_Bela-Jesenice_Upper_Carniola_Reg.html, /Attractions-g1499990-Activities-Jesenice_Upper_Carniola_Region.html
Blažun's granary in Potoki, None, Sights & Landmarks, /Attraction_Review-g1499990-d17852973-Reviews-Blazun_s_granary_in_Potoki-Jesenice_Upper_Carniola_Region.html, /Attractions-g1499990-Activities-Jesenice_Upper_Carniola_Region.html
Memorial Park on Plavž, None, Nature & Parks, /Attraction_Review-g1499990-d17852974-Reviews-Memorial_Park_on_Plavz-Jesenice_Upper_Carniola_Region.html, /Attractions-g1499990-Activities-Jesenice_Upper_Carniola_Region.html
The Ruard Mansion, None, Sights & Landmarks, /Attraction_Review-g1499990-d17852923-Reviews-The_Ruard_Mansion-Jesenice_Upper_Carniola_Region.html, /Attractions-g1499990-Activities-Jesenice_Upper_Carniola_Region.html
Plavž, None, Sights & Landmarks, /Attraction_Review-g1499990-d17852924-Reviews-Plavz-Jesenice_Upper_Carniola_Region.html, /Attractions-g1499990-Activities-Jesenice_Upper_Carniola_Region.html
Turisticno informacijski center TIC Jesenice, None, Traveller Resources, /Attraction_Review-g1499990-d17852976-Reviews-Turisticno_informacijski_center_TIC_Jesenice-Jesenice_Upper_Carniola_Region.html, /Attractions-g1499990-Activities-Jesenice_Upper_Carniola_Region.html
Stara Sava, None, Sights & Landmarks, /Attraction_Review-g1499990-d17852975-Reviews-Stara_Sava-Jesenice_Upper_Carniola_Region.html, /Attractions-g1499990-Activities-Jesenice_Upper_Carniola_Region.html
Gledalisce toneta Cufarja Jesenice, None, Concerts & Shows, /Attraction_Review-g1499990-d17863186-Reviews-Gledalisce_toneta_Cufarja_Jesenice-Jesenice_Upper_Carniola_Region.html, /Attractions-g1499990-Activities-Jesenice_Upper_Carniola_Region.html
