attraction_name, attraction_rate, attraction_type, attraction_url, attraction_parent_url
Dino Park Bled - Radovljica, 3.0, Water & Amusement Parks, /Attraction_Review-g1077238-d8425368-Reviews-Dino_Park_Bled_Radovljica-Lesce_Upper_Carniola_Region.html, /Attractions-g1077238-Activities-Lesce_Upper_Carniola_Region.html
Royal Bled Golf Course, 4.5, Outdoor Activities, /Attraction_Review-g1077238-d2322207-Reviews-Royal_Bled_Golf_Course-Lesce_Upper_Carniola_Region.html, /Attractions-g1077238-Activities-Lesce_Upper_Carniola_Region.html
Bowling City Lesce, 5.0, Fun & Games, /Attraction_Review-g1077238-d12310826-Reviews-Bowling_City_Lesce-Lesce_Upper_Carniola_Region.html, /Attractions-g1077238-Activities-Lesce_Upper_Carniola_Region.html
Horse Club Lesce, 2.5, Outdoor Activities, /Attraction_Review-g1077238-d2281629-Reviews-Horse_Club_Lesce-Lesce_Upper_Carniola_Region.html, /Attractions-g1077238-Activities-Lesce_Upper_Carniola_Region.html
Sobec, None, Fun & Games, /Attraction_Review-g1077238-d20900730-Reviews-Sobec-Lesce_Upper_Carniola_Region.html, /Attractions-g1077238-Activities-Lesce_Upper_Carniola_Region.html
The Beekeeping Education Centre of Gorenjska, None, Classes & Workshops, /Attraction_Review-g1077238-d20919195-Reviews-The_Beekeeping_Education_Centre_of_Gorenjska-Lesce_Upper_Carniola_Region.html, /Attractions-g1077238-Activities-Lesce_Upper_Carniola_Region.html
