attraction_name, attraction_rate, attraction_type, attraction_url, attraction_parent_url
Nature Park Strunjan, 4.5, Nature & Parks, /Attraction_Review-g656866-d10474603-Reviews-Nature_Park_Strunjan-Strunjan_Slovenian_Littoral_Region.html, /Attractions-g656866-Activities-Strunjan_Slovenian_Littoral_Region.html
Strunjan Cliff, 4.5, Sights & Landmarks, /Attraction_Review-g656866-d10532243-Reviews-Strunjan_Cliff-Strunjan_Slovenian_Littoral_Region.html, /Attractions-g656866-Activities-Strunjan_Slovenian_Littoral_Region.html
Strunjan's Cross, 4.5, Sights & Landmarks, /Attraction_Review-g656866-d10783418-Reviews-Strunjan_s_Cross-Strunjan_Slovenian_Littoral_Region.html, /Attractions-g656866-Activities-Strunjan_Slovenian_Littoral_Region.html
Trail Above the Cliffs of Strunjan, 5.0, Nature & Parks, /Attraction_Review-g656866-d20130134-Reviews-Trail_Above_the_Cliffs_of_Strunjan-Strunjan_Slovenian_Littoral_Region.html, /Attractions-g656866-Activities-Strunjan_Slovenian_Littoral_Region.html
Plaža mesečev zaliv, 5.0, Nature & Parks, /Attraction_Review-g656866-d20152966-Reviews-Plaza_mesecev_zaliv-Strunjan_Slovenian_Littoral_Region.html, /Attractions-g656866-Activities-Strunjan_Slovenian_Littoral_Region.html
Nature Reserve Strunjan, 5.0, Nature & Parks, /Attraction_Review-g656866-d20125486-Reviews-Nature_Reserve_Strunjan-Strunjan_Slovenian_Littoral_Region.html, /Attractions-g656866-Activities-Strunjan_Slovenian_Littoral_Region.html
Krozna ucna pot, 4.0, Sights & Landmarks, /Attraction_Review-g656866-d20147443-Reviews-Krozna_ucna_pot-Strunjan_Slovenian_Littoral_Region.html, /Attractions-g656866-Activities-Strunjan_Slovenian_Littoral_Region.html
Lagoon Stjuza, 4.0, Nature & Parks, /Attraction_Review-g656866-d20116793-Reviews-Lagoon_Stjuza-Strunjan_Slovenian_Littoral_Region.html, /Attractions-g656866-Activities-Strunjan_Slovenian_Littoral_Region.html
Strunjanske Soline, 4.5, Nature & Parks, /Attraction_Review-g656866-d20116849-Reviews-Strunjanske_Soline-Strunjan_Slovenian_Littoral_Region.html, /Attractions-g656866-Activities-Strunjan_Slovenian_Littoral_Region.html
Strunjan Beach, 4.0, Nature & Parks, /Attraction_Review-g656866-d20124644-Reviews-Strunjan_Beach-Strunjan_Slovenian_Littoral_Region.html, /Attractions-g656866-Activities-Strunjan_Slovenian_Littoral_Region.html
Park Ob Vili Tartini, 4.0, Nature & Parks, /Attraction_Review-g656866-d20217891-Reviews-Park_Ob_Vili_Tartini-Strunjan_Slovenian_Littoral_Region.html, /Attractions-g656866-Activities-Strunjan_Slovenian_Littoral_Region.html
Center za Obiskovalce, 4.0, Museums, /Attraction_Review-g656866-d20247786-Reviews-Center_za_Obiskovalce-Strunjan_Slovenian_Littoral_Region.html, /Attractions-g656866-Activities-Strunjan_Slovenian_Littoral_Region.html
