attraction_name, attraction_rate, attraction_type, attraction_url, attraction_parent_url
Žigon's House, None, Sights & Landmarks, /Attraction_Review-g608963-d17990887-Reviews-Zigon_s_House-Skofja_Loka_Upper_Carniola_Region.html, /Attractions-g608963-Activities-Skofja_Loka_Upper_Carniola_Region.html
Martin's House, None, Sights & Landmarks, /Attraction_Review-g608963-d17990893-Reviews-Martin_s_House-Skofja_Loka_Upper_Carniola_Region.html, /Attractions-g608963-Activities-Skofja_Loka_Upper_Carniola_Region.html
Grohec's House, None, Sights & Landmarks, /Attraction_Review-g608963-d17990895-Reviews-Grohec_s_House-Skofja_Loka_Upper_Carniola_Region.html, /Attractions-g608963-Activities-Skofja_Loka_Upper_Carniola_Region.html
Firbar's House, None, Sights & Landmarks, /Attraction_Review-g608963-d17990896-Reviews-Firbar_s_House-Skofja_Loka_Upper_Carniola_Region.html, /Attractions-g608963-Activities-Skofja_Loka_Upper_Carniola_Region.html
Monument and Mausoleum to Ivana Tavčar in Visoko, None, Sights & Landmarks, /Attraction_Review-g608963-d17990897-Reviews-Monument_and_Mausoleum_to_Ivana_Tavcar_in_Visoko-Skofja_Loka_Upper_Carniola_Regi.html, /Attractions-g608963-Activities-Skofja_Loka_Upper_Carniola_Region.html
Park of Bishops - Stara Loka, None, Nature & Parks, /Attraction_Review-g608963-d17990901-Reviews-Park_of_Bishops_Stara_Loka-Skofja_Loka_Upper_Carniola_Region.html, /Attractions-g608963-Activities-Skofja_Loka_Upper_Carniola_Region.html
Mary's Shrine with St. Rocco and St. Anthony, None, Sights & Landmarks, /Attraction_Review-g608963-d17990911-Reviews-Mary_s_Shrine_with_St_Rocco_and_St_Anthony-Skofja_Loka_Upper_Carniola_Region.html, /Attractions-g608963-Activities-Skofja_Loka_Upper_Carniola_Region.html
The Alley of Famous Loka People, None, Sights & Landmarks, /Attraction_Review-g608963-d17990912-Reviews-The_Alley_of_Famous_Loka_People-Skofja_Loka_Upper_Carniola_Region.html, /Attractions-g608963-Activities-Skofja_Loka_Upper_Carniola_Region.html
Capuchin Library, None, Traveller Resources, /Attraction_Review-g608963-d17990809-Reviews-Capuchin_Library-Skofja_Loka_Upper_Carniola_Region.html, /Attractions-g608963-Activities-Skofja_Loka_Upper_Carniola_Region.html
Sokol Home, None, Museums, /Attraction_Review-g608963-d17990825-Reviews-Sokol_Home-Skofja_Loka_Upper_Carniola_Region.html, /Attractions-g608963-Activities-Skofja_Loka_Upper_Carniola_Region.html
Godesic Meadows, None, Nature & Parks, /Attraction_Review-g608963-d17990849-Reviews-Godesic_Meadows-Skofja_Loka_Upper_Carniola_Region.html, /Attractions-g608963-Activities-Skofja_Loka_Upper_Carniola_Region.html
Lubnik Cave and Kevdrc, None, Nature & Parks, /Attraction_Review-g608963-d17990859-Reviews-Lubnik_Cave_and_Kevdrc-Skofja_Loka_Upper_Carniola_Region.html, /Attractions-g608963-Activities-Skofja_Loka_Upper_Carniola_Region.html
Visoko Manor Permanent Collection, None, Museums, /Attraction_Review-g608963-d17990843-Reviews-Visoko_Manor_Permanent_Collection-Skofja_Loka_Upper_Carniola_Region.html, /Attractions-g608963-Activities-Skofja_Loka_Upper_Carniola_Region.html
St. George's Church - Župnijska cerkev sv. Jurija, None, Sights & Landmarks, /Attraction_Review-g608963-d17990965-Reviews-St_George_s_Church_Zupnijska_cerkev_sv_Jurija-Skofja_Loka_Upper_Carniola_Region.html, /Attractions-g608963-Activities-Skofja_Loka_Upper_Carniola_Region.html
Puštal Castle - Puštalski grad, None, Sights & Landmarks, /Attraction_Review-g608963-d17990978-Reviews-Pustal_Castle_Pustalski_grad-Skofja_Loka_Upper_Carniola_Region.html, /Attractions-g608963-Activities-Skofja_Loka_Upper_Carniola_Region.html
The Granary, None, Sights & Landmarks, /Attraction_Review-g608963-d18114417-Reviews-The_Granary-Skofja_Loka_Upper_Carniola_Region.html, /Attractions-g608963-Activities-Skofja_Loka_Upper_Carniola_Region.html
