attraction_name, attraction_rate, attraction_type, attraction_url, attraction_parent_url
Winery Tilia Estate, 5.0, Food & Drink, /Attraction_Review-g7265413-d7262585-Reviews-Winery_Tilia_Estate-Dobravlje_Slovenian_Littoral_Region.html, /Attractions-g7265413-Activities-Dobravlje_Slovenian_Littoral_Region.html
Sveti Martin Wines, 5.0, Food & Drink, /Attraction_Review-g7265413-d8505181-Reviews-Sveti_Martin_Wines-Dobravlje_Slovenian_Littoral_Region.html, /Attractions-g7265413-Activities-Dobravlje_Slovenian_Littoral_Region.html
RockVelo, 5.0, Food & Drink, /Attraction_Review-g7265413-d14085959-Reviews-RockVelo-Dobravlje_Slovenian_Littoral_Region.html, /Attractions-g7265413-Activities-Dobravlje_Slovenian_Littoral_Region.html
Winestronaut, 5.0, Food & Drink, /Attraction_Review-g7265413-d11661215-Reviews-Winestronaut-Dobravlje_Slovenian_Littoral_Region.html, /Attractions-g7265413-Activities-Dobravlje_Slovenian_Littoral_Region.html
