attraction_name, attraction_rate, attraction_type, attraction_url, attraction_parent_url
Spomenik na Gricku, 5.0, Sights & Landmarks, /Attraction_Review-g3385234-d10254510-Reviews-Spomenik_na_Gricku-Crnomelj_Lower_Carniola_Region.html, /Attractions-g3385234-Activities-Crnomelj_Lower_Carniola_Region.html
Pivovarne Vizir, 4.0, Food & Drink, /Attraction_Review-g3385234-d15152254-Reviews-Pivovarne_Vizir-Crnomelj_Lower_Carniola_Region.html, /Attractions-g3385234-Activities-Crnomelj_Lower_Carniola_Region.html
Lahinja Landscape Park, 4.0, Sights & Landmarks, /Attraction_Review-g3385234-d13547963-Reviews-Lahinja_Landscape_Park-Crnomelj_Lower_Carniola_Region.html, /Attractions-g3385234-Activities-Crnomelj_Lower_Carniola_Region.html
Cultural Home - Kulturni dom, 3.0, Traveller Resources, /Attraction_Review-g3385234-d12229977-Reviews-Cultural_Home_Kulturni_dom-Crnomelj_Lower_Carniola_Region.html, /Attractions-g3385234-Activities-Crnomelj_Lower_Carniola_Region.html
Proteus anguinus parkelj (Crni moceril), 5.0, Sights & Landmarks, /Attraction_Review-g3385234-d21229117-Reviews-Proteus_anguinus_parkelj_Crni_moceril-Crnomelj_Lower_Carniola_Region.html, /Attractions-g3385234-Activities-Crnomelj_Lower_Carniola_Region.html
Domaca Kuzma, 5.0, Outdoor Activities, /Attraction_Review-g3385234-d12818432-Reviews-Domaca_Kuzma-Crnomelj_Lower_Carniola_Region.html, /Attractions-g3385234-Activities-Crnomelj_Lower_Carniola_Region.html
Belokranjsko izročilo, 5.0, Museums, /Attraction_Review-g3385234-d21243071-Reviews-Belokranjsko_izrocilo-Crnomelj_Lower_Carniola_Region.html, /Attractions-g3385234-Activities-Crnomelj_Lower_Carniola_Region.html
Mestna muzejska zbirka Črnomelj, None, Museums, /Attraction_Review-g3385234-d15151215-Reviews-Mestna_muzejska_zbirka_Crnomelj-Crnomelj_Lower_Carniola_Region.html, /Attractions-g3385234-Activities-Crnomelj_Lower_Carniola_Region.html
Cerkev sv. Duha Črnomelj, None, Sights & Landmarks, /Attraction_Review-g3385234-d15233696-Reviews-Cerkev_sv_Duha_Crnomelj-Crnomelj_Lower_Carniola_Region.html, /Attractions-g3385234-Activities-Crnomelj_Lower_Carniola_Region.html
Sodevska Stena Viewpoint, None, Nature & Parks, /Attraction_Review-g3385234-d20930769-Reviews-Sodevska_Stena_Viewpoint-Crnomelj_Lower_Carniola_Region.html, /Attractions-g3385234-Activities-Crnomelj_Lower_Carniola_Region.html
Municipal Museum Collection Črnomelj, None, Museums, /Attraction_Review-g3385234-d20903442-Reviews-Municipal_Museum_Collection_Crnomelj-Crnomelj_Lower_Carniola_Region.html, /Attractions-g3385234-Activities-Crnomelj_Lower_Carniola_Region.html
Primožič House, None, Museums, /Attraction_Review-g3385234-d20903160-Reviews-Primozic_House-Crnomelj_Lower_Carniola_Region.html, /Attractions-g3385234-Activities-Crnomelj_Lower_Carniola_Region.html
Mithra altar in Rožanc, None, Nature & Parks, /Attraction_Review-g3385234-d20925023-Reviews-Mithra_altar_in_Rozanc-Crnomelj_Lower_Carniola_Region.html, /Attractions-g3385234-Activities-Crnomelj_Lower_Carniola_Region.html
