attraction_name, attraction_rate, attraction_type, attraction_url, attraction_parent_url
City Museum of Ljubljana, 4.0, Museums, /Attraction_Review-g274873-d3825762-Reviews-City_Museum_of_Ljubljana-Ljubljana_Upper_Carniola_Region.html, /Attractions-g274873-Activities-Ljubljana_Upper_Carniola_Region.html
Butcher's Bridge, 4.0, Sights & Landmarks, /Attraction_Review-g274873-d2360134-Reviews-Butcher_s_Bridge-Ljubljana_Upper_Carniola_Region.html, /Attractions-g274873-Activities-Ljubljana_Upper_Carniola_Region.html
National and University Library, 4.0, Traveller Resources, /Attraction_Review-g274873-d6582184-Reviews-National_and_University_Library-Ljubljana_Upper_Carniola_Region.html, /Attractions-g274873-Activities-Ljubljana_Upper_Carniola_Region.html
Museum of Puppetry, 4.5, Museums, /Attraction_Review-g274873-d8639614-Reviews-Museum_of_Puppetry-Ljubljana_Upper_Carniola_Region.html, /Attractions-g274873-Activities-Ljubljana_Upper_Carniola_Region.html
Žale Cemetery, 4.5, Sights & Landmarks, /Attraction_Review-g274873-d3510313-Reviews-Zale_Cemetery-Ljubljana_Upper_Carniola_Region.html, /Attractions-g274873-Activities-Ljubljana_Upper_Carniola_Region.html
Slovenski Etnografski Muzej, 4.5, Museums, /Attraction_Review-g274873-d2695287-Reviews-Slovenski_Etnografski_Muzej-Ljubljana_Upper_Carniola_Region.html, /Attractions-g274873-Activities-Ljubljana_Upper_Carniola_Region.html
Shopping Center Citypark, 4.0, Shopping, /Attraction_Review-g274873-d11687746-Reviews-Shopping_Center_Citypark-Ljubljana_Upper_Carniola_Region.html, /Attractions-g274873-Activities-Ljubljana_Upper_Carniola_Region.html
Town Hall (Magistrat), 4.0, Sights & Landmarks, /Attraction_Review-g274873-d276323-Reviews-Town_Hall_Magistrat-Ljubljana_Upper_Carniola_Region.html, /Attractions-g274873-Activities-Ljubljana_Upper_Carniola_Region.html
SNG Opera in Balet Ljubljana, 4.5, Concerts & Shows, /Attraction_Review-g274873-d276328-Reviews-SNG_Opera_in_Balet_Ljubljana-Ljubljana_Upper_Carniola_Region.html, /Attractions-g274873-Activities-Ljubljana_Upper_Carniola_Region.html
Modern Gallery (Moderna Galerija), 4.0, Museums, /Attraction_Review-g274873-d276325-Reviews-Modern_Gallery_Moderna_Galerija-Ljubljana_Upper_Carniola_Region.html, /Attractions-g274873-Activities-Ljubljana_Upper_Carniola_Region.html
Cooperative Business Bank, 4.5, Sights & Landmarks, /Attraction_Review-g274873-d8152308-Reviews-Cooperative_Business_Bank-Ljubljana_Upper_Carniola_Region.html, /Attractions-g274873-Activities-Ljubljana_Upper_Carniola_Region.html
Shoemaker's Bridge (Cevljarski Most), 4.0, Sights & Landmarks, /Attraction_Review-g274873-d276317-Reviews-Shoemaker_s_Bridge_Cevljarski_Most-Ljubljana_Upper_Carniola_Region.html, /Attractions-g274873-Activities-Ljubljana_Upper_Carniola_Region.html
Università di Lubiana, 4.5, Sights & Landmarks, /Attraction_Review-g274873-d12850528-Reviews-Universita_di_Lubiana-Ljubljana_Upper_Carniola_Region.html, /Attractions-g274873-Activities-Ljubljana_Upper_Carniola_Region.html
Fountain of Three Carniolan Rivers (Vodnjak treh kranjskih rek), 4.0, Sights & Landmarks, /Attraction_Review-g274873-d276329-Reviews-Fountain_of_Three_Carniolan_Rivers_Vodnjak_treh_kranjskih_rek-Ljubljana_Upper_Carn.html, /Attractions-g274873-Activities-Ljubljana_Upper_Carniola_Region.html
Ursuline Church of the Holy Trinity, 4.0, Sights & Landmarks, /Attraction_Review-g274873-d3510958-Reviews-Ursuline_Church_of_the_Holy_Trinity-Ljubljana_Upper_Carniola_Region.html, /Attractions-g274873-Activities-Ljubljana_Upper_Carniola_Region.html
Museum of Contemporary Art Metelkova (MSUM), 3.5, Museums, /Attraction_Review-g274873-d3464517-Reviews-Museum_of_Contemporary_Art_Metelkova_MSUM-Ljubljana_Upper_Carniola_Region.html, /Attractions-g274873-Activities-Ljubljana_Upper_Carniola_Region.html
Miklosiceva Street, 4.0, Sights & Landmarks, /Attraction_Review-g274873-d12532771-Reviews-Miklosiceva_Street-Ljubljana_Upper_Carniola_Region.html, /Attractions-g274873-Activities-Ljubljana_Upper_Carniola_Region.html
Cankarjev dom (Cultural and Congress Centre), 4.0, Traveller Resources, /Attraction_Review-g274873-d1418616-Reviews-Cankarjev_dom_Cultural_and_Congress_Centre-Ljubljana_Upper_Carniola_Region.html, /Attractions-g274873-Activities-Ljubljana_Upper_Carniola_Region.html
Seminary Palace and Library, 4.5, Traveller Resources, /Attraction_Review-g274873-d8384767-Reviews-Seminary_Palace_and_Library-Ljubljana_Upper_Carniola_Region.html, /Attractions-g274873-Activities-Ljubljana_Upper_Carniola_Region.html
France Prešeren statue, 3.5, Sights & Landmarks, /Attraction_Review-g274873-d12850348-Reviews-France_Preseren_statue-Ljubljana_Upper_Carniola_Region.html, /Attractions-g274873-Activities-Ljubljana_Upper_Carniola_Region.html
Slovenian Philharmonic Hall (Slovenska Filharmonija), 4.0, Sights & Landmarks, /Attraction_Review-g274873-d276330-Reviews-Slovenian_Philharmonic_Hall_Slovenska_Filharmonija-Ljubljana_Upper_Carniola_Region.html, /Attractions-g274873-Activities-Ljubljana_Upper_Carniola_Region.html
Plečnik's Covered Market, 4.0, Food & Drink, /Attraction_Review-g274873-d12540071-Reviews-Plecnik_s_Covered_Market-Ljubljana_Upper_Carniola_Region.html, /Attractions-g274873-Activities-Ljubljana_Upper_Carniola_Region.html
University Botanic Gardens Ljubljana, 3.5, Nature & Parks, /Attraction_Review-g274873-d4801771-Reviews-University_Botanic_Gardens_Ljubljana-Ljubljana_Upper_Carniola_Region.html, /Attractions-g274873-Activities-Ljubljana_Upper_Carniola_Region.html
Avtobusna postaja Ljubljana, 3.0, Transportation, /Attraction_Review-g274873-d12987385-Reviews-Avtobusna_postaja_Ljubljana-Ljubljana_Upper_Carniola_Region.html, /Attractions-g274873-Activities-Ljubljana_Upper_Carniola_Region.html
Jewish Cultural Center Museum, 4.0, Museums, /Attraction_Review-g274873-d10995068-Reviews-Jewish_Cultural_Center_Museum-Ljubljana_Upper_Carniola_Region.html, /Attractions-g274873-Activities-Ljubljana_Upper_Carniola_Region.html
Breg embankment, 4.0, Other, /Attraction_Review-g274873-d8382077-Reviews-Breg_embankment-Ljubljana_Upper_Carniola_Region.html, /Attractions-g274873-Activities-Ljubljana_Upper_Carniola_Region.html
The Land of Ice - Ledena dežela, 4.0, Sights & Landmarks, /Attraction_Review-g274873-d11929597-Reviews-The_Land_of_Ice_Ledena_dezela-Ljubljana_Upper_Carniola_Region.html, /Attractions-g274873-Activities-Ljubljana_Upper_Carniola_Region.html
Roman Wall, 3.5, Sights & Landmarks, /Attraction_Review-g274873-d6957111-Reviews-Roman_Wall-Ljubljana_Upper_Carniola_Region.html, /Attractions-g274873-Activities-Ljubljana_Upper_Carniola_Region.html
Cyril Methodius Square (Ciril-Metodov trg), 4.0, Sights & Landmarks, /Attraction_Review-g274873-d276318-Reviews-Cyril_Methodius_Square_Ciril_Metodov_trg-Ljubljana_Upper_Carniola_Region.html, /Attractions-g274873-Activities-Ljubljana_Upper_Carniola_Region.html
Križevniška ulica, 4.0, Sights & Landmarks, /Attraction_Review-g274873-d8549138-Reviews-Krizevniska_ulica-Ljubljana_Upper_Carniola_Region.html, /Attractions-g274873-Activities-Ljubljana_Upper_Carniola_Region.html
