attraction_name, attraction_rate, attraction_type, attraction_url, attraction_parent_url
Masun Castle, 4.5, Sights & Landmarks, /Attraction_Review-g790142-d5616393-Reviews-Masun_Castle-Ilirska_Bistrica_Inner_Carniola_Region.html, /Attractions-g790142-Activities-Ilirska_Bistrica_Inner_Carniola_Region.html
Susec Waterfall, 3.0, Nature & Parks, /Attraction_Review-g790142-d5060986-Reviews-Susec_Waterfall-Ilirska_Bistrica_Inner_Carniola_Region.html, /Attractions-g790142-Activities-Ilirska_Bistrica_Inner_Carniola_Region.html
Museum Collection Hodnik Mill, None, Museums, /Attraction_Review-g790142-d5615488-Reviews-Museum_Collection_Hodnik_Mill-Ilirska_Bistrica_Inner_Carniola_Region.html, /Attractions-g790142-Activities-Ilirska_Bistrica_Inner_Carniola_Region.html
Cerkev Sv. Petra, None, Sights & Landmarks, /Attraction_Review-g790142-d20910258-Reviews-Cerkev_Sv_Petra-Ilirska_Bistrica_Inner_Carniola_Region.html, /Attractions-g790142-Activities-Ilirska_Bistrica_Inner_Carniola_Region.html
Cerkev Sv. Marija Magdalena, None, Sights & Landmarks, /Attraction_Review-g790142-d20910259-Reviews-Cerkev_Sv_Marija_Magdalena-Ilirska_Bistrica_Inner_Carniola_Region.html, /Attractions-g790142-Activities-Ilirska_Bistrica_Inner_Carniola_Region.html
Sv. George, None, Sights & Landmarks, /Attraction_Review-g790142-d20908529-Reviews-Sv_George-Ilirska_Bistrica_Inner_Carniola_Region.html, /Attractions-g790142-Activities-Ilirska_Bistrica_Inner_Carniola_Region.html
Info Point Ilirska Bistrica, None, Traveller Resources, /Attraction_Review-g790142-d21137887-Reviews-Info_Point_Ilirska_Bistrica-Ilirska_Bistrica_Inner_Carniola_Region.html, /Attractions-g790142-Activities-Ilirska_Bistrica_Inner_Carniola_Region.html
