attraction_name, attraction_rate, attraction_type, attraction_url, attraction_parent_url
Ljubljana Exhibition and Convention Centre, 4.5, Traveller Resources, /Attraction_Review-g274873-d4026702-Reviews-Ljubljana_Exhibition_and_Convention_Centre-Ljubljana_Upper_Carniola_Region.html, /Attractions-g274873-Activities-Ljubljana_Upper_Carniola_Region.html
Fontana Evropa, 3.5, Sights & Landmarks, /Attraction_Review-g274873-d12099057-Reviews-Fontana_Evropa-Ljubljana_Upper_Carniola_Region.html, /Attractions-g274873-Activities-Ljubljana_Upper_Carniola_Region.html
St. Francis Church, 4.5, Sights & Landmarks, /Attraction_Review-g274873-d12081659-Reviews-St_Francis_Church-Ljubljana_Upper_Carniola_Region.html, /Attractions-g274873-Activities-Ljubljana_Upper_Carniola_Region.html
Citizen of Emona Statue, 4.0, Sights & Landmarks, /Attraction_Review-g274873-d12532059-Reviews-Citizen_of_Emona_Statue-Ljubljana_Upper_Carniola_Region.html, /Attractions-g274873-Activities-Ljubljana_Upper_Carniola_Region.html
Ilirija column in French Revolution Square, 3.5, Sights & Landmarks, /Attraction_Review-g274873-d14381941-Reviews-Ilirija_column_in_French_Revolution_Square-Ljubljana_Upper_Carniola_Region.html, /Attractions-g274873-Activities-Ljubljana_Upper_Carniola_Region.html
Znamenje svete Trojice, 3.5, Sights & Landmarks, /Attraction_Review-g274873-d12099056-Reviews-Znamenje_svete_Trojice-Ljubljana_Upper_Carniola_Region.html, /Attractions-g274873-Activities-Ljubljana_Upper_Carniola_Region.html
Kolezija Swimming Pool, 4.5, Outdoor Activities, /Attraction_Review-g274873-d12481429-Reviews-Kolezija_Swimming_Pool-Ljubljana_Upper_Carniola_Region.html, /Attractions-g274873-Activities-Ljubljana_Upper_Carniola_Region.html
Galerija Hest, 4.5, Museums, /Attraction_Review-g274873-d12712929-Reviews-Galerija_Hest-Ljubljana_Upper_Carniola_Region.html, /Attractions-g274873-Activities-Ljubljana_Upper_Carniola_Region.html
Trnovo Bridge, 4.0, Sights & Landmarks, /Attraction_Review-g274873-d8382044-Reviews-Trnovo_Bridge-Ljubljana_Upper_Carniola_Region.html, /Attractions-g274873-Activities-Ljubljana_Upper_Carniola_Region.html
Levstikov trg Square, 3.5, Sights & Landmarks, /Attraction_Review-g274873-d12532950-Reviews-Levstikov_trg_Square-Ljubljana_Upper_Carniola_Region.html, /Attractions-g274873-Activities-Ljubljana_Upper_Carniola_Region.html
St Florian's Church, 3.0, Sights & Landmarks, /Attraction_Review-g274873-d3510480-Reviews-St_Florian_s_Church-Ljubljana_Upper_Carniola_Region.html, /Attractions-g274873-Activities-Ljubljana_Upper_Carniola_Region.html
Krizanke Church, 3.5, Sights & Landmarks, /Attraction_Review-g274873-d3510970-Reviews-Krizanke_Church-Ljubljana_Upper_Carniola_Region.html, /Attractions-g274873-Activities-Ljubljana_Upper_Carniola_Region.html
Sava River, 3.5, Nature & Parks, /Attraction_Review-g274873-d3206791-Reviews-Sava_River-Ljubljana_Upper_Carniola_Region.html, /Attractions-g274873-Activities-Ljubljana_Upper_Carniola_Region.html
Juha studio keramike, 5.0, Museums, /Attraction_Review-g274873-d13294685-Reviews-Juha_studio_keramike-Ljubljana_Upper_Carniola_Region.html, /Attractions-g274873-Activities-Ljubljana_Upper_Carniola_Region.html
Emonan House, 4.0, Sights & Landmarks, /Attraction_Review-g274873-d9731069-Reviews-Emonan_House-Ljubljana_Upper_Carniola_Region.html, /Attractions-g274873-Activities-Ljubljana_Upper_Carniola_Region.html
City Art Gallery, 3.5, Museums, /Attraction_Review-g274873-d8376062-Reviews-City_Art_Gallery-Ljubljana_Upper_Carniola_Region.html, /Attractions-g274873-Activities-Ljubljana_Upper_Carniola_Region.html
Stiski Dvorec, 3.5, Sights & Landmarks, /Attraction_Review-g274873-d8152578-Reviews-Stiski_Dvorec-Ljubljana_Upper_Carniola_Region.html, /Attractions-g274873-Activities-Ljubljana_Upper_Carniola_Region.html
Retro swimming pool Ilirija, 4.0, Water & Amusement Parks, /Attraction_Review-g274873-d10457679-Reviews-Retro_swimming_pool_Ilirija-Ljubljana_Upper_Carniola_Region.html, /Attractions-g274873-Activities-Ljubljana_Upper_Carniola_Region.html
Manas Energy & Healing Park, 5.0, Nature & Parks, /Attraction_Review-g274873-d15193138-Reviews-Manas_Energy_Healing_Park-Ljubljana_Upper_Carniola_Region.html, /Attractions-g274873-Activities-Ljubljana_Upper_Carniola_Region.html
Ljubljana Puppet Theatre, 4.5, Concerts & Shows, /Attraction_Review-g274873-d8639658-Reviews-Ljubljana_Puppet_Theatre-Ljubljana_Upper_Carniola_Region.html, /Attractions-g274873-Activities-Ljubljana_Upper_Carniola_Region.html
Hauptmann House, 4.5, Sights & Landmarks, /Attraction_Review-g274873-d17764953-Reviews-Hauptmann_House-Ljubljana_Upper_Carniola_Region.html, /Attractions-g274873-Activities-Ljubljana_Upper_Carniola_Region.html
Hradecky Bridge, 3.5, Sights & Landmarks, /Attraction_Review-g274873-d8382073-Reviews-Hradecky_Bridge-Ljubljana_Upper_Carniola_Region.html, /Attractions-g274873-Activities-Ljubljana_Upper_Carniola_Region.html
St. Peter's Parish Church, 4.0, Sights & Landmarks, /Attraction_Review-g274873-d13228345-Reviews-St_Peter_s_Parish_Church-Ljubljana_Upper_Carniola_Region.html, /Attractions-g274873-Activities-Ljubljana_Upper_Carniola_Region.html
Cerkev sv. Janeza Krstnika, 3.5, Sights & Landmarks, /Attraction_Review-g274873-d12858140-Reviews-Cerkev_sv_Janeza_Krstnika-Ljubljana_Upper_Carniola_Region.html, /Attractions-g274873-Activities-Ljubljana_Upper_Carniola_Region.html
Park Špica, 4.0, Nature & Parks, /Attraction_Review-g274873-d8381996-Reviews-Park_Spica-Ljubljana_Upper_Carniola_Region.html, /Attractions-g274873-Activities-Ljubljana_Upper_Carniola_Region.html
Ljubljana Castle Puppet Theatre, 4.0, Concerts & Shows, /Attraction_Review-g274873-d8639733-Reviews-Ljubljana_Castle_Puppet_Theatre-Ljubljana_Upper_Carniola_Region.html, /Attractions-g274873-Activities-Ljubljana_Upper_Carniola_Region.html
Župnijska cerkev Sv. Cirila in Metoda, 3.5, Sights & Landmarks, /Attraction_Review-g274873-d13951985-Reviews-Zupnijska_cerkev_Sv_Cirila_in_Metoda-Ljubljana_Upper_Carniola_Region.html, /Attractions-g274873-Activities-Ljubljana_Upper_Carniola_Region.html
Spomenik Edvardu Kardelju, 3.5, Sights & Landmarks, /Attraction_Review-g274873-d12099051-Reviews-Spomenik_Edvardu_Kardelju-Ljubljana_Upper_Carniola_Region.html, /Attractions-g274873-Activities-Ljubljana_Upper_Carniola_Region.html
Exhibition of torture devices, 3.5, Museums, /Attraction_Review-g274873-d9998025-Reviews-Exhibition_of_torture_devices-Ljubljana_Upper_Carniola_Region.html, /Attractions-g274873-Activities-Ljubljana_Upper_Carniola_Region.html
St. Bartholomew's Church, 3.5, Sights & Landmarks, /Attraction_Review-g274873-d11965556-Reviews-St_Bartholomew_s_Church-Ljubljana_Upper_Carniola_Region.html, /Attractions-g274873-Activities-Ljubljana_Upper_Carniola_Region.html
