attraction_name, attraction_rate, attraction_type, attraction_url, attraction_parent_url
Berg Boc, 5.0, Nature & Parks, /Attraction_Review-g644302-d2545043-Reviews-Berg_Boc-Rogaska_Slatina_Styria_Region.html, /Attractions-g644302-Activities-Rogaska_Slatina_Styria_Region.html
Ana's Mansion, 4.0, Museums, /Attraction_Review-g644302-d7699294-Reviews-Ana_s_Mansion-Rogaska_Slatina_Styria_Region.html, /Attractions-g644302-Activities-Rogaska_Slatina_Styria_Region.html
Casino Fontana, 3.5, Casinos & Gambling, /Attraction_Review-g644302-d12080303-Reviews-Casino_Fontana-Rogaska_Slatina_Styria_Region.html, /Attractions-g644302-Activities-Rogaska_Slatina_Styria_Region.html
Cacti Pavilion, 4.0, Nature & Parks, /Attraction_Review-g644302-d10355517-Reviews-Cacti_Pavilion-Rogaska_Slatina_Styria_Region.html, /Attractions-g644302-Activities-Rogaska_Slatina_Styria_Region.html
Pegasus Statue, 4.0, Sights & Landmarks, /Attraction_Review-g644302-d19121094-Reviews-Pegasus_Statue-Rogaska_Slatina_Styria_Region.html, /Attractions-g644302-Activities-Rogaska_Slatina_Styria_Region.html
Rogaška Glassworks (Steklarna Rogaška), 4.5, Tours, /Attraction_Review-g644302-d12495848-Reviews-Rogaska_Glassworks_Steklarna_Rogaska-Rogaska_Slatina_Styria_Region.html, /Attractions-g644302-Activities-Rogaska_Slatina_Styria_Region.html
Zdraviliski park, 5.0, Nature & Parks, /Attraction_Review-g644302-d19175285-Reviews-Zdraviliski_park-Rogaska_Slatina_Styria_Region.html, /Attractions-g644302-Activities-Rogaska_Slatina_Styria_Region.html
Spomenik padlim v NOB, None, Sights & Landmarks, /Attraction_Review-g644302-d12099055-Reviews-Spomenik_padlim_v_NOB-Rogaska_Slatina_Styria_Region.html, /Attractions-g644302-Activities-Rogaska_Slatina_Styria_Region.html
Junež Farm, None, Museums, /Attraction_Review-g644302-d21050324-Reviews-Junez_Farm-Rogaska_Slatina_Styria_Region.html, /Attractions-g644302-Activities-Rogaska_Slatina_Styria_Region.html
Janina, None, Nature & Parks, /Attraction_Review-g644302-d21052560-Reviews-Janina-Rogaska_Slatina_Styria_Region.html, /Attractions-g644302-Activities-Rogaska_Slatina_Styria_Region.html
Tržaški hill, None, Sights & Landmarks, /Attraction_Review-g644302-d21052563-Reviews-Trzaski_hill-Rogaska_Slatina_Styria_Region.html, /Attractions-g644302-Activities-Rogaska_Slatina_Styria_Region.html
Afrodita, None, Spas & Wellness, /Attraction_Review-g644302-d21052405-Reviews-Afrodita-Rogaska_Slatina_Styria_Region.html, /Attractions-g644302-Activities-Rogaska_Slatina_Styria_Region.html
Calska Gorca, None, Food & Drink, /Attraction_Review-g644302-d21052564-Reviews-Calska_Gorca-Rogaska_Slatina_Styria_Region.html, /Attractions-g644302-Activities-Rogaska_Slatina_Styria_Region.html
Bellevue, None, Sights & Landmarks, /Attraction_Review-g644302-d21052562-Reviews-Bellevue-Rogaska_Slatina_Styria_Region.html, /Attractions-g644302-Activities-Rogaska_Slatina_Styria_Region.html
Vita-med Museum Of Apiculture, None, Museums, /Attraction_Review-g644302-d21052576-Reviews-Vita_med_Museum_Of_Apiculture-Rogaska_Slatina_Styria_Region.html, /Attractions-g644302-Activities-Rogaska_Slatina_Styria_Region.html
Kostrivnica Tourist Waterway, None, Sights & Landmarks, /Attraction_Review-g644302-d21052580-Reviews-Kostrivnica_Tourist_Waterway-Rogaska_Slatina_Styria_Region.html, /Attractions-g644302-Activities-Rogaska_Slatina_Styria_Region.html
Škrabl Organ, None, Tours, /Attraction_Review-g644302-d21170883-Reviews-Skrabl_Organ-Rogaska_Slatina_Styria_Region.html, /Attractions-g644302-Activities-Rogaska_Slatina_Styria_Region.html
