attraction_name, attraction_rate, attraction_type, attraction_url, attraction_parent_url
Skocjan Caves Park, 4.5, Nature & Parks, /Attraction_Review-g277814-d8291177-Reviews-Skocjan_Caves_Park-Divaca_Slovenian_Littoral_Region.html, /Attractions-g277814-Activities-Divaca_Slovenian_Littoral_Region.html
Divaška jama, 5.0, Nature & Parks, /Attraction_Review-g277814-d12433420-Reviews-Divaska_jama-Divaca_Slovenian_Littoral_Region.html, /Attractions-g277814-Activities-Divaca_Slovenian_Littoral_Region.html
Divaca Cave, 5.0, Nature & Parks, /Attraction_Review-g277814-d12476457-Reviews-Divaca_Cave-Divaca_Slovenian_Littoral_Region.html, /Attractions-g277814-Activities-Divaca_Slovenian_Littoral_Region.html
Church, None, Sights & Landmarks, /Attraction_Review-g277814-d20910260-Reviews-Church-Divaca_Slovenian_Littoral_Region.html, /Attractions-g277814-Activities-Divaca_Slovenian_Littoral_Region.html
Župnijska cerkev sv. Antona, None, Sights & Landmarks, /Attraction_Review-g277814-d20908531-Reviews-Zupnijska_cerkev_sv_Antona-Divaca_Slovenian_Littoral_Region.html, /Attractions-g277814-Activities-Divaca_Slovenian_Littoral_Region.html
