attraction_name, attraction_rate, attraction_type, attraction_url, attraction_parent_url
Tolmin Gorge, 4.5, Nature & Parks, /Attraction_Review-g815568-d1187693-Reviews-Tolmin_Gorge-Tolmin_Slovenian_Littoral_Region.html, /Attractions-g815568-Activities-Tolmin_Slovenian_Littoral_Region.html
Javorca&& Memorial Church of the Holy Spirit, 4.5, Sights & Landmarks, /Attraction_Review-g815568-d1746289-Reviews-Javorca_Memorial_Church_of_the_Holy_Spirit-Tolmin_Slovenian_Littoral_Region.html, /Attractions-g815568-Activities-Tolmin_Slovenian_Littoral_Region.html
Kozlov Rob, 4.5, Sights & Landmarks, /Attraction_Review-g815568-d10149023-Reviews-Kozlov_Rob-Tolmin_Slovenian_Littoral_Region.html, /Attractions-g815568-Activities-Tolmin_Slovenian_Littoral_Region.html
Tolmin Museum, 4.0, Museums, /Attraction_Review-g815568-d10094587-Reviews-Tolmin_Museum-Tolmin_Slovenian_Littoral_Region.html, /Attractions-g815568-Activities-Tolmin_Slovenian_Littoral_Region.html
Maya Team, 5.0, Boat Tours & Water Sports, /Attraction_Review-g815568-d6199537-Reviews-Maya_Team-Tolmin_Slovenian_Littoral_Region.html, /Attractions-g815568-Activities-Tolmin_Slovenian_Littoral_Region.html
Azimut Center, 5.0, Food & Drink, /Attraction_Review-g815568-d17578101-Reviews-Azimut_Center-Tolmin_Slovenian_Littoral_Region.html, /Attractions-g815568-Activities-Tolmin_Slovenian_Littoral_Region.html
Nortra, 5.0, Tours, /Attraction_Review-g815568-d14966548-Reviews-Nortra-Tolmin_Slovenian_Littoral_Region.html, /Attractions-g815568-Activities-Tolmin_Slovenian_Littoral_Region.html
Pangea Adventures, 5.0, Tours, /Attraction_Review-g815568-d20348036-Reviews-Pangea_Adventures-Tolmin_Slovenian_Littoral_Region.html, /Attractions-g815568-Activities-Tolmin_Slovenian_Littoral_Region.html
Gravity Paragliding, 5.0, Boat Tours & Water Sports, /Attraction_Review-g815568-d7913495-Reviews-Gravity_Paragliding-Tolmin_Slovenian_Littoral_Region.html, /Attractions-g815568-Activities-Tolmin_Slovenian_Littoral_Region.html
Jerica Handmade, 5.0, Shopping, /Attraction_Review-g815568-d15275411-Reviews-Jerica_Handmade-Tolmin_Slovenian_Littoral_Region.html, /Attractions-g815568-Activities-Tolmin_Slovenian_Littoral_Region.html
Ranch Pelance, 5.0, Outdoor Activities, /Attraction_Review-g815568-d11837711-Reviews-Ranch_Pelance-Tolmin_Slovenian_Littoral_Region.html, /Attractions-g815568-Activities-Tolmin_Slovenian_Littoral_Region.html
Wawoz Tolmin, 4.0, Nature & Parks, /Attraction_Review-g815568-d20377514-Reviews-Wawoz_Tolmin-Tolmin_Slovenian_Littoral_Region.html, /Attractions-g815568-Activities-Tolmin_Slovenian_Littoral_Region.html
Soca Basecamp, 5.0, Boat Tours & Water Sports, /Attraction_Review-g815568-d17708903-Reviews-Soca_Basecamp-Tolmin_Slovenian_Littoral_Region.html, /Attractions-g815568-Activities-Tolmin_Slovenian_Littoral_Region.html
Bar kovačija, 1.0, Nightlife, /Attraction_Review-g815568-d18931374-Reviews-Bar_kovacija-Tolmin_Slovenian_Littoral_Region.html, /Attractions-g815568-Activities-Tolmin_Slovenian_Littoral_Region.html
Unlock Tolmin, None, Fun & Games, /Attraction_Review-g815568-d14929155-Reviews-Unlock_Tolmin-Tolmin_Slovenian_Littoral_Region.html, /Attractions-g815568-Activities-Tolmin_Slovenian_Littoral_Region.html
Bathing in Idrijca river, None, Nature & Parks, /Attraction_Review-g815568-d15835307-Reviews-Bathing_in_Idrijca_river-Tolmin_Slovenian_Littoral_Region.html, /Attractions-g815568-Activities-Tolmin_Slovenian_Littoral_Region.html
B-TURS, None, Transportation, /Attraction_Review-g815568-d16844106-Reviews-B_TURS-Tolmin_Slovenian_Littoral_Region.html, /Attractions-g815568-Activities-Tolmin_Slovenian_Littoral_Region.html
Alps Fly Fish, None, Boat Tours & Water Sports, /Attraction_Review-g815568-d17601236-Reviews-Alps_Fly_Fish-Tolmin_Slovenian_Littoral_Region.html, /Attractions-g815568-Activities-Tolmin_Slovenian_Littoral_Region.html
Sotočje Tolminka in Soče, None, Sights & Landmarks, /Attraction_Review-g815568-d21238458-Reviews-Sotocje_Tolminka_in_Soce-Tolmin_Slovenian_Littoral_Region.html, /Attractions-g815568-Activities-Tolmin_Slovenian_Littoral_Region.html
Cerkev Marijinega imena Mengore, None, Sights & Landmarks, /Attraction_Review-g815568-d21389723-Reviews-Cerkev_Marijinega_imena_Mengore-Tolmin_Slovenian_Littoral_Region.html, /Attractions-g815568-Activities-Tolmin_Slovenian_Littoral_Region.html
Cerkev sv.Marije Magdalene, None, Sights & Landmarks, /Attraction_Review-g815568-d21390366-Reviews-Cerkev_sv_Marije_Magdalene-Tolmin_Slovenian_Littoral_Region.html, /Attractions-g815568-Activities-Tolmin_Slovenian_Littoral_Region.html
