attraction_name, attraction_rate, attraction_type, attraction_url, attraction_parent_url
Zeliscna Kmetija Rogelja, None, Sights & Landmarks, /Attraction_Review-g4266263-d15271822-Reviews-Zeliscna_Kmetija_Rogelja-Kostanjevica_na_Krasu_Slovenian_Littoral_Region.html, /Attractions-g4266263-Activities-Kostanjevica_na_Krasu_Slovenian_Littoral_Region.html
Župnijska cerkev sv. Vida, None, Sights & Landmarks, /Attraction_Review-g4266263-d20908873-Reviews-Zupnijska_cerkev_sv_Vida-Kostanjevica_na_Krasu_Slovenian_Littoral_Region.html, /Attractions-g4266263-Activities-Kostanjevica_na_Krasu_Slovenian_Littoral_Region.html
Cerkev Sv. Martin, None, Sights & Landmarks, /Attraction_Review-g4266263-d20908877-Reviews-Cerkev_Sv_Martin-Kostanjevica_na_Krasu_Slovenian_Littoral_Region.html, /Attractions-g4266263-Activities-Kostanjevica_na_Krasu_Slovenian_Littoral_Region.html
Cerkev Sv. Marije, None, Sights & Landmarks, /Attraction_Review-g4266263-d20910285-Reviews-Cerkev_Sv_Marije-Kostanjevica_na_Krasu_Slovenian_Littoral_Region.html, /Attractions-g4266263-Activities-Kostanjevica_na_Krasu_Slovenian_Littoral_Region.html
