attraction_name, attraction_rate, attraction_type, attraction_url, attraction_parent_url
Zidanica Malek, 5.0, Food & Drink, /Attraction_Review-g1925833-d15181037-Reviews-Zidanica_Malek-Ivanjkovci_Styria_Region.html, /Attractions-g1925833-Activities-Ivanjkovci_Styria_Region.html
Vino Kupljen, 4.5, Food & Drink, /Attraction_Review-g1925833-d10259318-Reviews-Vino_Kupljen-Ivanjkovci_Styria_Region.html, /Attractions-g1925833-Activities-Ivanjkovci_Styria_Region.html
Jeruzalem Church, 4.0, Sights & Landmarks, /Attraction_Review-g1925833-d2708302-Reviews-Jeruzalem_Church-Ivanjkovci_Styria_Region.html, /Attractions-g1925833-Activities-Ivanjkovci_Styria_Region.html
Vino Emil Trop, None, Food & Drink, /Attraction_Review-g1925833-d21185407-Reviews-Vino_Emil_Trop-Ivanjkovci_Styria_Region.html, /Attractions-g1925833-Activities-Ivanjkovci_Styria_Region.html
Eko Vino Soster, None, Food & Drink, /Attraction_Review-g1925833-d21183678-Reviews-Eko_Vino_Soster-Ivanjkovci_Styria_Region.html, /Attractions-g1925833-Activities-Ivanjkovci_Styria_Region.html
Pep‘s Wine, None, Shopping, /Attraction_Review-g1925833-d21183662-Reviews-Pep_s_Wine-Ivanjkovci_Styria_Region.html, /Attractions-g1925833-Activities-Ivanjkovci_Styria_Region.html
