attraction_name, attraction_rate, attraction_type, attraction_url, attraction_parent_url
Radovljica Old Town, 4.5, Sights & Landmarks, /Attraction_Review-g274879-d2634362-Reviews-Radovljica_Old_Town-Radovljica_Upper_Carniola_Region.html, /Attractions-g274879-Activities-Radovljica_Upper_Carniola_Region.html
Beekeeping Museum (Cebelarski Muzej), 4.5, Museums, /Attraction_Review-g274879-d523481-Reviews-Beekeeping_Museum_Cebelarski_Muzej-Radovljica_Upper_Carniola_Region.html, /Attractions-g274879-Activities-Radovljica_Upper_Carniola_Region.html
Museum of Pharmacy and Alchemy, 4.5, Museums, /Attraction_Review-g274879-d17630699-Reviews-Museum_of_Pharmacy_and_Alchemy-Radovljica_Upper_Carniola_Region.html, /Attractions-g274879-Activities-Radovljica_Upper_Carniola_Region.html
St Peter's Church, 4.0, Sights & Landmarks, /Attraction_Review-g274879-d9729268-Reviews-St_Peter_s_Church-Radovljica_Upper_Carniola_Region.html, /Attractions-g274879-Activities-Radovljica_Upper_Carniola_Region.html
Sivec House Gallery, 4.5, Sights & Landmarks, /Attraction_Review-g274879-d2634384-Reviews-Sivec_House_Gallery-Radovljica_Upper_Carniola_Region.html, /Attractions-g274879-Activities-Radovljica_Upper_Carniola_Region.html
Municipial Museum of Radovljica, 4.0, Museums, /Attraction_Review-g274879-d2355494-Reviews-Municipial_Museum_of_Radovljica-Radovljica_Upper_Carniola_Region.html, /Attractions-g274879-Activities-Radovljica_Upper_Carniola_Region.html
Kapela Sv Edith Stein, 4.0, Sights & Landmarks, /Attraction_Review-g274879-d15222669-Reviews-Kapela_Sv_Edith_Stein-Radovljica_Upper_Carniola_Region.html, /Attractions-g274879-Activities-Radovljica_Upper_Carniola_Region.html
Adventure Minigolf Panorama, 5.0, Fun & Games, /Attraction_Review-g274879-d10238889-Reviews-Adventure_Minigolf_Panorama-Radovljica_Upper_Carniola_Region.html, /Attractions-g274879-Activities-Radovljica_Upper_Carniola_Region.html
Vinoteka Sodcek, 5.0, Nightlife, /Attraction_Review-g274879-d5123897-Reviews-Vinoteka_Sodcek-Radovljica_Upper_Carniola_Region.html, /Attractions-g274879-Activities-Radovljica_Upper_Carniola_Region.html
Tinaraft - Day Trips, 4.5, Boat Tours & Water Sports, /Attraction_Review-g274879-d6197394-Reviews-Tinaraft_Day_Trips-Radovljica_Upper_Carniola_Region.html, /Attractions-g274879-Activities-Radovljica_Upper_Carniola_Region.html
Lectarski Museum, 4.0, Shopping, /Attraction_Review-g274879-d10758990-Reviews-Lectarski_Museum-Radovljica_Upper_Carniola_Region.html, /Attractions-g274879-Activities-Radovljica_Upper_Carniola_Region.html
WoodWay, 5.0, Shopping, /Attraction_Review-g274879-d12563008-Reviews-WoodWay-Radovljica_Upper_Carniola_Region.html, /Attractions-g274879-Activities-Radovljica_Upper_Carniola_Region.html
PAINTBALL BLED, 5.0, Fun & Games, /Attraction_Review-g274879-d7109343-Reviews-PAINTBALL_BLED-Radovljica_Upper_Carniola_Region.html, /Attractions-g274879-Activities-Radovljica_Upper_Carniola_Region.html
18sedem3, 5.0, Shopping, /Attraction_Review-g274879-d6988687-Reviews-18sedem3-Radovljica_Upper_Carniola_Region.html, /Attractions-g274879-Activities-Radovljica_Upper_Carniola_Region.html
Chef Uross's Cookery School, None, Food & Drink, /Attraction_Review-g274879-d7372655-Reviews-Chef_Uross_s_Cookery_School-Radovljica_Upper_Carniola_Region.html, /Attractions-g274879-Activities-Radovljica_Upper_Carniola_Region.html
Citybar, None, Nightlife, /Attraction_Review-g274879-d11859153-Reviews-Citybar-Radovljica_Upper_Carniola_Region.html, /Attractions-g274879-Activities-Radovljica_Upper_Carniola_Region.html
Hop-On Hop-Off Radovljica, None, Tours, /Attraction_Review-g274879-d12622772-Reviews-Hop_On_Hop_Off_Radovljica-Radovljica_Upper_Carniola_Region.html, /Attractions-g274879-Activities-Radovljica_Upper_Carniola_Region.html
Andreja Pogacar, None, Food & Drink, /Attraction_Review-g274879-d17584840-Reviews-Andreja_Pogacar-Radovljica_Upper_Carniola_Region.html, /Attractions-g274879-Activities-Radovljica_Upper_Carniola_Region.html
Magušar's House and Manufaktura, None, Museums, /Attraction_Review-g274879-d20899795-Reviews-Magusar_s_House_and_Manufaktura-Radovljica_Upper_Carniola_Region.html, /Attractions-g274879-Activities-Radovljica_Upper_Carniola_Region.html
The Lipnica Castle Trail, None, Nature & Parks, /Attraction_Review-g274879-d21003064-Reviews-The_Lipnica_Castle_Trail-Radovljica_Upper_Carniola_Region.html, /Attractions-g274879-Activities-Radovljica_Upper_Carniola_Region.html
Buggy Bled adventure, None, Tours, /Attraction_Review-g14212430-d21078692-Reviews-Buggy_Bled_adventure-Misace_Radovljica_Upper_Carniola_Region.html, /Attractions-g274879-Activities-Radovljica_Upper_Carniola_Region.html
Ranch Sitar, None, Outdoor Activities, /Attraction_Review-g274879-d20160312-Reviews-Ranch_Sitar-Radovljica_Upper_Carniola_Region.html, /Attractions-g274879-Activities-Radovljica_Upper_Carniola_Region.html
