attraction_name, attraction_rate, attraction_type, attraction_url, attraction_parent_url
Forma viva Ravne Steel Masterpieces, 5.0, Sights & Landmarks, /Attraction_Review-g1900775-d12214089-Reviews-Forma_viva_Ravne_Steel_Masterpieces-Ravne_na_Koroskem_Carinthia_Region.html, /Attractions-g1900775-Activities-Ravne_na_Koroskem_Carinthia_Region.html
Carinthian Regional Museum, 4.5, Museums, /Attraction_Review-g1900775-d12868502-Reviews-Carinthian_Regional_Museum-Ravne_na_Koroskem_Carinthia_Region.html, /Attractions-g1900775-Activities-Ravne_na_Koroskem_Carinthia_Region.html
Forma viva Ravne Gallery, 4.0, Museums, /Attraction_Review-g1900775-d12166040-Reviews-Forma_viva_Ravne_Gallery-Ravne_na_Koroskem_Carinthia_Region.html, /Attractions-g1900775-Activities-Ravne_na_Koroskem_Carinthia_Region.html
Kareta Turizem, 5.0, Food & Drink, /Attraction_Review-g1900775-d19926320-Reviews-Kareta_Turizem-Ravne_na_Koroskem_Carinthia_Region.html, /Attractions-g1900775-Activities-Ravne_na_Koroskem_Carinthia_Region.html
Fotonatur d.o.o., None, Tours, /Attraction_Review-g1900775-d18186525-Reviews-Fotonatur_d_o_o-Ravne_na_Koroskem_Carinthia_Region.html, /Attractions-g1900775-Activities-Ravne_na_Koroskem_Carinthia_Region.html
