attraction_name, attraction_rate, attraction_type, attraction_url, attraction_parent_url
Foot Bridge, 4.0, Sights & Landmarks, /Attraction_Review-g315908-d19502677-Reviews-Foot_Bridge-Ptuj_Styria_Region.html, /Attractions-g315908-Activities-Ptuj_Styria_Region.html
City Market, 3.0, Sights & Landmarks, /Attraction_Review-g315908-d19627982-Reviews-City_Market-Ptuj_Styria_Region.html, /Attractions-g315908-Activities-Ptuj_Styria_Region.html
Ptuj Regional Museum Lapidary & Archaeological Collection, None, Museums, /Attraction_Review-g315908-d12531179-Reviews-Ptuj_Regional_Museum_Lapidary_Archaeological_Collection-Ptuj_Styria_Region.html, /Attractions-g315908-Activities-Ptuj_Styria_Region.html
Art salon, None, Museums, /Attraction_Review-g315908-d15617881-Reviews-Art_salon-Ptuj_Styria_Region.html, /Attractions-g315908-Activities-Ptuj_Styria_Region.html
Memorial park, None, Sights & Landmarks, /Attraction_Review-g315908-d15617589-Reviews-Memorial_park-Ptuj_Styria_Region.html, /Attractions-g315908-Activities-Ptuj_Styria_Region.html
Karting centre, None, Fun & Games, /Attraction_Review-g315908-d15617646-Reviews-Karting_centre-Ptuj_Styria_Region.html, /Attractions-g315908-Activities-Ptuj_Styria_Region.html
Old Print Shop Under The Castle, None, Museums, /Attraction_Review-g315908-d21358232-Reviews-Old_Print_Shop_Under_The_Castle-Ptuj_Styria_Region.html, /Attractions-g315908-Activities-Ptuj_Styria_Region.html
Hiška Herberstein house, None, Museums, /Attraction_Review-g315908-d21358549-Reviews-Hiska_Herberstein_house-Ptuj_Styria_Region.html, /Attractions-g315908-Activities-Ptuj_Styria_Region.html
Fairy Tale Forest Little Red Riding Hood, None, Water & Amusement Parks, /Attraction_Review-g315908-d21358559-Reviews-Fairy_Tale_Forest_Little_Red_Riding_Hood-Ptuj_Styria_Region.html, /Attractions-g315908-Activities-Ptuj_Styria_Region.html
Ptuj lake, None, Nature & Parks, /Attraction_Review-g315908-d19503005-Reviews-Ptuj_lake-Ptuj_Styria_Region.html, /Attractions-g315908-Activities-Ptuj_Styria_Region.html
