attraction_name, attraction_rate, attraction_type, attraction_url, attraction_parent_url
Basilica of Mary Help of Christians, 4.5, Sights & Landmarks, /Attraction_Review-g3576922-d3571913-Reviews-Basilica_of_Mary_Help_of_Christians-Brezje_Upper_Carniola_Region.html, /Attractions-g3576922-Activities-Brezje_Upper_Carniola_Region.html
Nativity Museum (Muzej jaslic), 5.0, Museums, /Attraction_Review-g3576922-d11970297-Reviews-Nativity_Museum_Muzej_jaslic-Brezje_Upper_Carniola_Region.html, /Attractions-g3576922-Activities-Brezje_Upper_Carniola_Region.html
Equestrian Club PR KRAL, 5.0, Outdoor Activities, /Attraction_Review-g3576922-d12861802-Reviews-Equestrian_Club_PR_KRAL-Brezje_Upper_Carniola_Region.html, /Attractions-g3576922-Activities-Brezje_Upper_Carniola_Region.html
The Brezje Path of Peace, None, Nature & Parks, /Attraction_Review-g3576922-d21003085-Reviews-The_Brezje_Path_of_Peace-Brezje_Upper_Carniola_Region.html, /Attractions-g3576922-Activities-Brezje_Upper_Carniola_Region.html
