attraction_name, attraction_rate, attraction_type, attraction_url, attraction_parent_url
The Posavje museum Brežice, 4.5, Museums, /Attraction_Review-g1567720-d2348747-Reviews-The_Posavje_museum_Brezice-Brezice_Lower_Carniola_Region.html, /Attractions-g1567720-Activities-Brezice_Lower_Carniola_Region.html
Grad Brežice, 5.0, Sights & Landmarks, /Attraction_Review-g1567720-d12528294-Reviews-Grad_Brezice-Brezice_Lower_Carniola_Region.html, /Attractions-g1567720-Activities-Brezice_Lower_Carniola_Region.html
Tourist Information Center Brežice, 4.0, Traveller Resources, /Attraction_Review-g1567720-d12535240-Reviews-Tourist_Information_Center_Brezice-Brezice_Lower_Carniola_Region.html, /Attractions-g1567720-Activities-Brezice_Lower_Carniola_Region.html
Na Jasi, 4.5, Zoos & Aquariums, /Attraction_Review-g1567720-d8543850-Reviews-Na_Jasi-Brezice_Lower_Carniola_Region.html, /Attractions-g1567720-Activities-Brezice_Lower_Carniola_Region.html
Vodovodni stolp Brežice, 5.0, Sights & Landmarks, /Attraction_Review-g1567720-d12528289-Reviews-Vodovodni_stolp_Brezice-Brezice_Lower_Carniola_Region.html, /Attractions-g1567720-Activities-Brezice_Lower_Carniola_Region.html
Most čez Savo in Krko, 3.0, Sights & Landmarks, /Attraction_Review-g1567720-d12528396-Reviews-Most_cez_Savo_in_Krko-Brezice_Lower_Carniola_Region.html, /Attractions-g1567720-Activities-Brezice_Lower_Carniola_Region.html
Terme Catez, 3.5, Spas & Wellness, /Attraction_Review-g1567720-d615464-Reviews-Terme_Catez-Brezice_Lower_Carniola_Region.html, /Attractions-g1567720-Activities-Brezice_Lower_Carniola_Region.html
Nemški dom s hotelom Pri črnem orlu, None, Sights & Landmarks, /Attraction_Review-g1567720-d12528293-Reviews-Nemski_dom_s_hotelom_Pri_crnem_orlu-Brezice_Lower_Carniola_Region.html, /Attractions-g1567720-Activities-Brezice_Lower_Carniola_Region.html
Atelje likovnice Vladke Sumrek, None, Museums, /Attraction_Review-g1567720-d12528292-Reviews-Atelje_likovnice_Vladke_Sumrek-Brezice_Lower_Carniola_Region.html, /Attractions-g1567720-Activities-Brezice_Lower_Carniola_Region.html
Grajski hlevi, None, Sights & Landmarks, /Attraction_Review-g1567720-d12528297-Reviews-Grajski_hlevi-Brezice_Lower_Carniola_Region.html, /Attractions-g1567720-Activities-Brezice_Lower_Carniola_Region.html
Grajsko obzidje, None, Sights & Landmarks, /Attraction_Review-g1567720-d12528295-Reviews-Grajsko_obzidje-Brezice_Lower_Carniola_Region.html, /Attractions-g1567720-Activities-Brezice_Lower_Carniola_Region.html
Grajska kašča, None, Sights & Landmarks, /Attraction_Review-g1567720-d12528298-Reviews-Grajska_kasca-Brezice_Lower_Carniola_Region.html, /Attractions-g1567720-Activities-Brezice_Lower_Carniola_Region.html
Gasa - ulica na mestnem obzidju, None, Sights & Landmarks, /Attraction_Review-g1567720-d12528301-Reviews-Gasa_ulica_na_mestnem_obzidju-Brezice_Lower_Carniola_Region.html, /Attractions-g1567720-Activities-Brezice_Lower_Carniola_Region.html
Nekdanji Frančiškanski samostan, None, Sights & Landmarks, /Attraction_Review-g1567720-d12528394-Reviews-Nekdanji_Franciskanski_samostan-Brezice_Lower_Carniola_Region.html, /Attractions-g1567720-Activities-Brezice_Lower_Carniola_Region.html
Romarska cerkev Sv. Roka, None, Sights & Landmarks, /Attraction_Review-g1567720-d12528395-Reviews-Romarska_cerkev_Sv_Roka-Brezice_Lower_Carniola_Region.html, /Attractions-g1567720-Activities-Brezice_Lower_Carniola_Region.html
Nina Iskra Photography, None, Fun & Games, /Attraction_Review-g1567720-d17791239-Reviews-Nina_Iskra_Photography-Brezice_Lower_Carniola_Region.html, /Attractions-g1567720-Activities-Brezice_Lower_Carniola_Region.html
Kanu Krka, None, Boat Tours & Water Sports, /Attraction_Review-g9771490-d8555623-Reviews-Kanu_Krka-Cerklje_ob_Krki_Brezice_Lower_Carniola_Region.html, /Attractions-g1567720-Activities-Brezice_Lower_Carniola_Region.html
