attraction_name, attraction_rate, attraction_type, attraction_url, attraction_parent_url
Museo Militare Di Pivka, 4.5, Sights & Landmarks, /Attraction_Review-g1887828-d4473199-Reviews-Museo_Militare_Di_Pivka-Pivka_Inner_Carniola_Region.html, /Attractions-g1887828-Activities-Pivka_Inner_Carniola_Region.html
Park vojaske zgodovine Pivka, 4.5, Museums, /Attraction_Review-g1887828-d4788028-Reviews-Park_vojaske_zgodovine_Pivka-Pivka_Inner_Carniola_Region.html, /Attractions-g1887828-Activities-Pivka_Inner_Carniola_Region.html
Lake Petelinje, 4.0, Sights & Landmarks, /Attraction_Review-g1887828-d5615489-Reviews-Lake_Petelinje-Pivka_Inner_Carniola_Region.html, /Attractions-g1887828-Activities-Pivka_Inner_Carniola_Region.html
Eco-museum of the Pivka intermittent lakes, 4.5, Museums, /Attraction_Review-g1887828-d5498013-Reviews-Eco_museum_of_the_Pivka_intermittent_lakes-Pivka_Inner_Carniola_Region.html, /Attractions-g1887828-Activities-Pivka_Inner_Carniola_Region.html
Lake Palcje, 4.0, Sights & Landmarks, /Attraction_Review-g1887828-d5615490-Reviews-Lake_Palcje-Pivka_Inner_Carniola_Region.html, /Attractions-g1887828-Activities-Pivka_Inner_Carniola_Region.html
Cerkev Sv. Jernej, None, Sights & Landmarks, /Attraction_Review-g1887828-d20908527-Reviews-Cerkev_Sv_Jernej-Pivka_Inner_Carniola_Region.html, /Attractions-g1887828-Activities-Pivka_Inner_Carniola_Region.html
Cerkev Sv. Lavrencija, None, Sights & Landmarks, /Attraction_Review-g1887828-d20908528-Reviews-Cerkev_Sv_Lavrencija-Pivka_Inner_Carniola_Region.html, /Attractions-g1887828-Activities-Pivka_Inner_Carniola_Region.html
Župnijska cerkev sv. Petra, None, Sights & Landmarks, /Attraction_Review-g1887828-d20908525-Reviews-Zupnijska_cerkev_sv_Petra-Pivka_Inner_Carniola_Region.html, /Attractions-g1887828-Activities-Pivka_Inner_Carniola_Region.html
RDA Green Karst&& Ltd., None, Food & Drink, /Attraction_Review-g1887828-d20206244-Reviews-RDA_Green_Karst_Ltd-Pivka_Inner_Carniola_Region.html, /Attractions-g1887828-Activities-Pivka_Inner_Carniola_Region.html
