attraction_name, attraction_rate, attraction_type, attraction_url, attraction_parent_url
Vinothek Jeruzalem, 4.5, Food & Drink, /Attraction_Review-g609047-d2515672-Reviews-Vinothek_Jeruzalem-Ljutomer_Styria_Region.html, /Attractions-g609047-Activities-Ljutomer_Styria_Region.html
Izletnisko - Vinogradniska Kmetija Ratek, 5.0, Food & Drink, /Attraction_Review-g609047-d10070370-Reviews-Izletnisko_Vinogradniska_Kmetija_Ratek-Ljutomer_Styria_Region.html, /Attractions-g609047-Activities-Ljutomer_Styria_Region.html
Tinek’s Ferry on the Mura River, 5.0, Transportation, /Attraction_Review-g609047-d8006018-Reviews-Tinek_s_Ferry_on_the_Mura_River-Ljutomer_Styria_Region.html, /Attractions-g609047-Activities-Ljutomer_Styria_Region.html
Wines VINOreja Kaucic, 5.0, Food & Drink, /Attraction_Review-g609047-d10812950-Reviews-Wines_VINOreja_Kaucic-Ljutomer_Styria_Region.html, /Attractions-g609047-Activities-Ljutomer_Styria_Region.html
Kirche der schmerzhaften Gottesmutter, 4.5, Sights & Landmarks, /Attraction_Review-g609047-d2478766-Reviews-Kirche_der_schmerzhaften_Gottesmutter-Ljutomer_Styria_Region.html, /Attractions-g609047-Activities-Ljutomer_Styria_Region.html
St. John the Baptist’s Church, 4.5, Sights & Landmarks, /Attraction_Review-g609047-d7983266-Reviews-St_John_the_Baptist_s_Church-Ljutomer_Styria_Region.html, /Attractions-g609047-Activities-Ljutomer_Styria_Region.html
Weingut Curin-Prapotnik, 5.0, Food & Drink, /Attraction_Review-g609047-d2478762-Reviews-Weingut_Curin_Prapotnik-Ljutomer_Styria_Region.html, /Attractions-g609047-Activities-Ljutomer_Styria_Region.html
Miklošič House, 5.0, Museums, /Attraction_Review-g609047-d8001709-Reviews-Miklosic_House-Ljutomer_Styria_Region.html, /Attractions-g609047-Activities-Ljutomer_Styria_Region.html
Observation Tower Gomila, 5.0, Sights & Landmarks, /Attraction_Review-g609047-d15029530-Reviews-Observation_Tower_Gomila-Ljutomer_Styria_Region.html, /Attractions-g609047-Activities-Ljutomer_Styria_Region.html
Krapje Bee - keeping Museum, 4.5, Museums, /Attraction_Review-g609047-d7819669-Reviews-Krapje_Bee_keeping_Museum-Ljutomer_Styria_Region.html, /Attractions-g609047-Activities-Ljutomer_Styria_Region.html
General Museum Collection, 4.0, Museums, /Attraction_Review-g609047-d7739743-Reviews-General_Museum_Collection-Ljutomer_Styria_Region.html, /Attractions-g609047-Activities-Ljutomer_Styria_Region.html
Zuman Pottery, 4.5, Fun & Games, /Attraction_Review-g609047-d8006107-Reviews-Zuman_Pottery-Ljutomer_Styria_Region.html, /Attractions-g609047-Activities-Ljutomer_Styria_Region.html
Vinogradništvo Kovačič, 5.0, Nightlife, /Attraction_Review-g609047-d7010691-Reviews-Vinogradnistvo_Kovacic-Ljutomer_Styria_Region.html, /Attractions-g609047-Activities-Ljutomer_Styria_Region.html
Pristava Ethnological Museum, None, Museums, /Attraction_Review-g609047-d8001712-Reviews-Pristava_Ethnological_Museum-Ljutomer_Styria_Region.html, /Attractions-g609047-Activities-Ljutomer_Styria_Region.html
Johann-Janez Puch Museum, None, Museums, /Attraction_Review-g609047-d8001711-Reviews-Johann_Janez_Puch_Museum-Ljutomer_Styria_Region.html, /Attractions-g609047-Activities-Ljutomer_Styria_Region.html
Unikat Belec, None, Sights & Landmarks, /Attraction_Review-g609047-d8006046-Reviews-Unikat_Belec-Ljutomer_Styria_Region.html, /Attractions-g609047-Activities-Ljutomer_Styria_Region.html
Trotting Museum and the Hippodrome, None, Museums, /Attraction_Review-g609047-d7982221-Reviews-Trotting_Museum_and_the_Hippodrome-Ljutomer_Styria_Region.html, /Attractions-g609047-Activities-Ljutomer_Styria_Region.html
Allgemeine Museumsausstellung Ljutomer, None, Museums, /Attraction_Review-g609047-d7740404-Reviews-Allgemeine_Museumsausstellung_Ljutomer-Ljutomer_Styria_Region.html, /Attractions-g609047-Activities-Ljutomer_Styria_Region.html
Cellar Maro, None, Food & Drink, /Attraction_Review-g609047-d21233022-Reviews-Cellar_Maro-Ljutomer_Styria_Region.html, /Attractions-g609047-Activities-Ljutomer_Styria_Region.html
Vino Munda, None, Food & Drink, /Attraction_Review-g609047-d21141226-Reviews-Vino_Munda-Ljutomer_Styria_Region.html, /Attractions-g609047-Activities-Ljutomer_Styria_Region.html
