attraction_name, attraction_rate, attraction_type, attraction_url, attraction_parent_url
Green Gold Fountain, 4.5, Sights & Landmarks, /Attraction_Review-g1129672-d10847545-Reviews-Green_Gold_Fountain-Zalec_Styria_Region.html, /Attractions-g1129672-Activities-Zalec_Styria_Region.html
Eko Muzej, 4.5, Museums, /Attraction_Review-g1129672-d11743880-Reviews-Eko_Muzej-Zalec_Styria_Region.html, /Attractions-g1129672-Activities-Zalec_Styria_Region.html
Ekomuzej hmeljarstva in pivovarstva, 4.0, Museums, /Attraction_Review-g1129672-d14998086-Reviews-Ekomuzej_hmeljarstva_in_pivovarstva-Zalec_Styria_Region.html, /Attractions-g1129672-Activities-Zalec_Styria_Region.html
Beauty Salon Urska, 5.0, Spas & Wellness, /Attraction_Review-g1129672-d10678055-Reviews-Beauty_Salon_Urska-Zalec_Styria_Region.html, /Attractions-g1129672-Activities-Zalec_Styria_Region.html
Hisica Zakladov, None, Shopping, /Attraction_Review-g1129672-d18189138-Reviews-Hisica_Zakladov-Zalec_Styria_Region.html, /Attractions-g1129672-Activities-Zalec_Styria_Region.html
Monument to the fallen in the First World War, None, Sights & Landmarks, /Attraction_Review-g1129672-d20948951-Reviews-Monument_to_the_fallen_in_the_First_World_War-Zalec_Styria_Region.html, /Attractions-g1129672-Activities-Zalec_Styria_Region.html
