attraction_name, attraction_rate, attraction_type, attraction_url, attraction_parent_url
Puklavec Family Wines, 4.5, Food & Drink, /Attraction_Review-g4154056-d8662161-Reviews-Puklavec_Family_Wines-Ormoz_Styria_Region.html, /Attractions-g4154056-Activities-Ormoz_Styria_Region.html
Ormoz Castle, 4.0, Sights & Landmarks, /Attraction_Review-g4154056-d2549528-Reviews-Ormoz_Castle-Ormoz_Styria_Region.html, /Attractions-g4154056-Activities-Ormoz_Styria_Region.html
Kogl, 3.5, Food & Drink, /Attraction_Review-g4154056-d11750064-Reviews-Kogl-Ormoz_Styria_Region.html, /Attractions-g4154056-Activities-Ormoz_Styria_Region.html
Olmuhle Sredisce ob Dravi, 4.0, Shopping, /Attraction_Review-g4154056-d2549524-Reviews-Olmuhle_Sredisce_ob_Dravi-Ormoz_Styria_Region.html, /Attractions-g4154056-Activities-Ormoz_Styria_Region.html
Velika Nedelja Castle - Ethnological Museum, None, Sights & Landmarks, /Attraction_Review-g4154056-d2549527-Reviews-Velika_Nedelja_Castle_Ethnological_Museum-Ormoz_Styria_Region.html, /Attractions-g4154056-Activities-Ormoz_Styria_Region.html
Cerkev Svetega Jakoba, None, Sights & Landmarks, /Attraction_Review-g4154056-d20892956-Reviews-Cerkev_Svetega_Jakoba-Ormoz_Styria_Region.html, /Attractions-g4154056-Activities-Ormoz_Styria_Region.html
Verus Vinogradi, None, Food & Drink, /Attraction_Review-g4154056-d21187286-Reviews-Verus_Vinogradi-Ormoz_Styria_Region.html, /Attractions-g4154056-Activities-Ormoz_Styria_Region.html
Vino Kukovec, None, Food & Drink, /Attraction_Review-g4154056-d21187292-Reviews-Vino_Kukovec-Ormoz_Styria_Region.html, /Attractions-g4154056-Activities-Ormoz_Styria_Region.html
Vino Stampar, None, Food & Drink, /Attraction_Review-g4154056-d21199905-Reviews-Vino_Stampar-Ormoz_Styria_Region.html, /Attractions-g4154056-Activities-Ormoz_Styria_Region.html
Naravni Rezervat Ormoške Laguna, None, Nature & Parks, /Attraction_Review-g4154056-d21185586-Reviews-Naravni_Rezervat_Ormoske_Laguna-Ormoz_Styria_Region.html, /Attractions-g4154056-Activities-Ormoz_Styria_Region.html
Crkva 'sv. Trojica', None, Sights & Landmarks, /Attraction_Review-g4154056-d21185644-Reviews-Crkva_sv_Trojica-Ormoz_Styria_Region.html, /Attractions-g4154056-Activities-Ormoz_Styria_Region.html
Vinogradništvo Pesrl, None, Food & Drink, /Attraction_Review-g4154056-d21316550-Reviews-Vinogradnistvo_Pesrl-Ormoz_Styria_Region.html, /Attractions-g4154056-Activities-Ormoz_Styria_Region.html
