attraction_name, attraction_rate, attraction_type, attraction_url, attraction_parent_url
Sevnica Castle, 4.5, Sights & Landmarks, /Attraction_Review-g3602003-d10745470-Reviews-Sevnica_Castle-Sevnica_Lower_Carniola_Region.html, /Attractions-g3602003-Activities-Sevnica_Lower_Carniola_Region.html
Lisca, 4.5, Sights & Landmarks, /Attraction_Review-g3602003-d15004094-Reviews-Lisca-Sevnica_Lower_Carniola_Region.html, /Attractions-g3602003-Activities-Sevnica_Lower_Carniola_Region.html
Župnijska cerkev sv. Nikolaja v Sevnici, 3.0, Sights & Landmarks, /Attraction_Review-g3602003-d11806829-Reviews-Zupnijska_cerkev_sv_Nikolaja_v_Sevnici-Sevnica_Lower_Carniola_Region.html, /Attractions-g3602003-Activities-Sevnica_Lower_Carniola_Region.html
Cerkev Sv. Florijan, 3.0, Sights & Landmarks, /Attraction_Review-g3602003-d11806834-Reviews-Cerkev_Sv_Florijan-Sevnica_Lower_Carniola_Region.html, /Attractions-g3602003-Activities-Sevnica_Lower_Carniola_Region.html
Sevnica Castle, 3.0, Sights & Landmarks, /Attraction_Review-g3602003-d15295244-Reviews-Sevnica_Castle-Sevnica_Lower_Carniola_Region.html, /Attractions-g3602003-Activities-Sevnica_Lower_Carniola_Region.html
Bowling DeLuxe, 3.0, Fun & Games, /Attraction_Review-g3602003-d8074806-Reviews-Bowling_DeLuxe-Sevnica_Lower_Carniola_Region.html, /Attractions-g3602003-Activities-Sevnica_Lower_Carniola_Region.html
Studio Vitaja, None, Spas & Wellness, /Attraction_Review-g3602003-d11851493-Reviews-Studio_Vitaja-Sevnica_Lower_Carniola_Region.html, /Attractions-g3602003-Activities-Sevnica_Lower_Carniola_Region.html
King's Gym, None, Spas & Wellness, /Attraction_Review-g3602003-d11837686-Reviews-King_s_Gym-Sevnica_Lower_Carniola_Region.html, /Attractions-g3602003-Activities-Sevnica_Lower_Carniola_Region.html
Sv. Mati Božja V Šmarju, None, Sights & Landmarks, /Attraction_Review-g3602003-d11806824-Reviews-Sv_Mati_Bozja_V_Smarju-Sevnica_Lower_Carniola_Region.html, /Attractions-g3602003-Activities-Sevnica_Lower_Carniola_Region.html
Sv. Lovrenc Na Žabjeku, None, Sights & Landmarks, /Attraction_Review-g3602003-d11806827-Reviews-Sv_Lovrenc_Na_Zabjeku-Sevnica_Lower_Carniola_Region.html, /Attractions-g3602003-Activities-Sevnica_Lower_Carniola_Region.html
Sv. Urh Na Gornjem Brezovem, None, Sights & Landmarks, /Attraction_Review-g3602003-d11806838-Reviews-Sv_Urh_Na_Gornjem_Brezovem-Sevnica_Lower_Carniola_Region.html, /Attractions-g3602003-Activities-Sevnica_Lower_Carniola_Region.html
Sv. Benedikt Na Žigrskem Vrhu, None, Sights & Landmarks, /Attraction_Review-g3602003-d11806839-Reviews-Sv_Benedikt_Na_Zigrskem_Vrhu-Sevnica_Lower_Carniola_Region.html, /Attractions-g3602003-Activities-Sevnica_Lower_Carniola_Region.html
Sv. Ana Nad Šmarjem, None, Sights & Landmarks, /Attraction_Review-g3602003-d11806845-Reviews-Sv_Ana_Nad_Smarjem-Sevnica_Lower_Carniola_Region.html, /Attractions-g3602003-Activities-Sevnica_Lower_Carniola_Region.html
Sv. Štefan V Vranju, None, Sights & Landmarks, /Attraction_Review-g3602003-d11806842-Reviews-Sv_Stefan_V_Vranju-Sevnica_Lower_Carniola_Region.html, /Attractions-g3602003-Activities-Sevnica_Lower_Carniola_Region.html
Sv. Marjeta Na Pečju, None, Sights & Landmarks, /Attraction_Review-g3602003-d11806837-Reviews-Sv_Marjeta_Na_Pecju-Sevnica_Lower_Carniola_Region.html, /Attractions-g3602003-Activities-Sevnica_Lower_Carniola_Region.html
Sv. Neža V Zagradcu, None, Sights & Landmarks, /Attraction_Review-g3602003-d11806846-Reviews-Sv_Neza_V_Zagradcu-Sevnica_Lower_Carniola_Region.html, /Attractions-g3602003-Activities-Sevnica_Lower_Carniola_Region.html
Sv. Marija Vnebovzeta Na Grački Gori, None, Sights & Landmarks, /Attraction_Review-g3602003-d11806848-Reviews-Sv_Marija_Vnebovzeta_Na_Gracki_Gori-Sevnica_Lower_Carniola_Region.html, /Attractions-g3602003-Activities-Sevnica_Lower_Carniola_Region.html
Rupar's beech under Dolnje Impolje, None, Nature & Parks, /Attraction_Review-g3602003-d15004095-Reviews-Rupar_s_beech_under_Dolnje_Impolje-Sevnica_Lower_Carniola_Region.html, /Attractions-g3602003-Activities-Sevnica_Lower_Carniola_Region.html
Ajdovski gradec, None, Sights & Landmarks, /Attraction_Review-g3602003-d15004116-Reviews-Ajdovski_gradec-Sevnica_Lower_Carniola_Region.html, /Attractions-g3602003-Activities-Sevnica_Lower_Carniola_Region.html
Mihael Keršmanc, None, Transportation, /Attraction_Review-g3602003-d17582218-Reviews-Mihael_Kersmanc-Sevnica_Lower_Carniola_Region.html, /Attractions-g3602003-Activities-Sevnica_Lower_Carniola_Region.html
Mihael Keršmanc, None, Transportation, /Attraction_Review-g3602003-d17582663-Reviews-Mihael_Kersmanc-Sevnica_Lower_Carniola_Region.html, /Attractions-g3602003-Activities-Sevnica_Lower_Carniola_Region.html
