attraction_name, attraction_rate, attraction_type, attraction_url, attraction_parent_url
Mini ZOO Land, 4.5, Zoos & Aquariums, /Attraction_Review-g1057707-d14992321-Reviews-Mini_ZOO_Land-Slovenske_Konjice_Styria_Region.html, /Attractions-g1057707-Activities-Slovenske_Konjice_Styria_Region.html
Parish Church of St. George, 4.0, Sights & Landmarks, /Attraction_Review-g1057707-d12869145-Reviews-Parish_Church_of_St_George-Slovenske_Konjice_Styria_Region.html, /Attractions-g1057707-Activities-Slovenske_Konjice_Styria_Region.html
Stari Grad at Konjiska Gora, 4.0, Sights & Landmarks, /Attraction_Review-g1057707-d19501720-Reviews-Stari_Grad_at_Konjiska_Gora-Slovenske_Konjice_Styria_Region.html, /Attractions-g1057707-Activities-Slovenske_Konjice_Styria_Region.html
Zlati gric/Golden Hill, 5.0, Food & Drink, /Attraction_Review-g1057707-d11426782-Reviews-Zlati_gric_Golden_Hill-Slovenske_Konjice_Styria_Region.html, /Attractions-g1057707-Activities-Slovenske_Konjice_Styria_Region.html
Zlati Gric, 4.0, Outdoor Activities, /Attraction_Review-g1057707-d19502359-Reviews-Zlati_Gric-Slovenske_Konjice_Styria_Region.html, /Attractions-g1057707-Activities-Slovenske_Konjice_Styria_Region.html
Old Town Square, None, Sights & Landmarks, /Attraction_Review-g1057707-d21347347-Reviews-Old_Town_Square-Slovenske_Konjice_Styria_Region.html, /Attractions-g1057707-Activities-Slovenske_Konjice_Styria_Region.html
Little Dragon's Forest Educational Trail, None, Nature & Parks, /Attraction_Review-g1057707-d21345198-Reviews-Little_Dragon_s_Forest_Educational_Trail-Slovenske_Konjice_Styria_Region.html, /Attractions-g1057707-Activities-Slovenske_Konjice_Styria_Region.html
Trebnik Manor and Town Park, None, Sights & Landmarks, /Attraction_Review-g1057707-d21345179-Reviews-Trebnik_Manor_and_Town_Park-Slovenske_Konjice_Styria_Region.html, /Attractions-g1057707-Activities-Slovenske_Konjice_Styria_Region.html
