attraction_name, attraction_rate, attraction_type, attraction_url, attraction_parent_url
Žiri Museum, None, Museums, /Attraction_Review-g12360594-d17990834-Reviews-Ziri_Museum-Ziri_Upper_Carniola_Region.html, /Attractions-g12360594-Activities-Ziri_Upper_Carniola_Region.html
Monument to Maksim Sedej in Žiri, None, Sights & Landmarks, /Attraction_Review-g12360594-d17990946-Reviews-Monument_to_Maksim_Sedej_in_Ziri-Ziri_Upper_Carniola_Region.html, /Attractions-g12360594-Activities-Ziri_Upper_Carniola_Region.html
St. Ana's Church on Ledinica, None, Sights & Landmarks, /Attraction_Review-g12360594-d17990939-Reviews-St_Ana_s_Church_on_Ledinica-Ziri_Upper_Carniola_Region.html, /Attractions-g12360594-Activities-Ziri_Upper_Carniola_Region.html
St. Martin's Church - Žiri, None, Sights & Landmarks, /Attraction_Review-g12360594-d17990953-Reviews-St_Martin_s_Church_Ziri-Ziri_Upper_Carniola_Region.html, /Attractions-g12360594-Activities-Ziri_Upper_Carniola_Region.html
Monument to Anton Jobst in Žiri, None, Sights & Landmarks, /Attraction_Review-g12360594-d17990902-Reviews-Monument_to_Anton_Jobst_in_Ziri-Ziri_Upper_Carniola_Region.html, /Attractions-g12360594-Activities-Ziri_Upper_Carniola_Region.html
A. Primožič 1888 Lace Bobbin Collection, None, Museums, /Attraction_Review-g12360594-d17990832-Reviews-A_Primozic_1888_Lace_Bobbin_Collection-Ziri_Upper_Carniola_Region.html, /Attractions-g12360594-Activities-Ziri_Upper_Carniola_Region.html
Kržišnik Garden and Gallery, None, Nature & Parks, /Attraction_Review-g12360594-d17990833-Reviews-Krzisnik_Garden_and_Gallery-Ziri_Upper_Carniola_Region.html, /Attractions-g12360594-Activities-Ziri_Upper_Carniola_Region.html
