attraction_name, attraction_rate, attraction_type, attraction_url, attraction_parent_url
Celje Castle, 4.5, Sights & Landmarks, /Attraction_Review-g274868-d4454837-Reviews-Celje_Castle-Celje_Styria_Region.html, /Attractions-g274868-Activities-Celje_Styria_Region.html
Pokrajinski muzej Celje, 4.5, Museums, /Attraction_Review-g274868-d5482276-Reviews-Pokrajinski_muzej_Celje-Celje_Styria_Region.html, /Attractions-g274868-Activities-Celje_Styria_Region.html
Museum of Recent History Celje, 4.5, Museums, /Attraction_Review-g274868-d7713720-Reviews-Museum_of_Recent_History_Celje-Celje_Styria_Region.html, /Attractions-g274868-Activities-Celje_Styria_Region.html
Mestni park, 5.0, Nature & Parks, /Attraction_Review-g274868-d12201240-Reviews-Mestni_park-Celje_Styria_Region.html, /Attractions-g274868-Activities-Celje_Styria_Region.html
TIC Celje, 4.5, Traveller Resources, /Attraction_Review-g274868-d14196486-Reviews-TIC_Celje-Celje_Styria_Region.html, /Attractions-g274868-Activities-Celje_Styria_Region.html
The Photographic Studio of Josip Pelikan, 4.5, Museums, /Attraction_Review-g274868-d12615461-Reviews-The_Photographic_Studio_of_Josip_Pelikan-Celje_Styria_Region.html, /Attractions-g274868-Activities-Celje_Styria_Region.html
City Forrest Tree House, 4.5, Sights & Landmarks, /Attraction_Review-g274868-d14196500-Reviews-City_Forrest_Tree_House-Celje_Styria_Region.html, /Attractions-g274868-Activities-Celje_Styria_Region.html
Celje Cathedral of Saint Daniel, 3.5, Sights & Landmarks, /Attraction_Review-g274868-d8296874-Reviews-Celje_Cathedral_of_Saint_Daniel-Celje_Styria_Region.html, /Attractions-g274868-Activities-Celje_Styria_Region.html
Celje, 5.0, Events, /Attraction_Review-g274868-d17701573-Reviews-Celje-Celje_Styria_Region.html, /Attractions-g274868-Activities-Celje_Styria_Region.html
The Virgin Mary's Assumption Church, 3.5, Sights & Landmarks, /Attraction_Review-g274868-d15019600-Reviews-The_Virgin_Mary_s_Assumption_Church-Celje_Styria_Region.html, /Attractions-g274868-Activities-Celje_Styria_Region.html
Zorb EKOPOOL Celje, 5.0, Water & Amusement Parks, /Attraction_Review-g274868-d2060574-Reviews-Zorb_EKOPOOL_Celje-Celje_Styria_Region.html, /Attractions-g274868-Activities-Celje_Styria_Region.html
Prince's Palace, 4.0, Sights & Landmarks, /Attraction_Review-g274868-d16708947-Reviews-Prince_s_Palace-Celje_Styria_Region.html, /Attractions-g274868-Activities-Celje_Styria_Region.html
Celje Water Tower, 5.0, Sights & Landmarks, /Attraction_Review-g274868-d16708877-Reviews-Celje_Water_Tower-Celje_Styria_Region.html, /Attractions-g274868-Activities-Celje_Styria_Region.html
Celje National Hall, 4.0, Sights & Landmarks, /Attraction_Review-g274868-d16708934-Reviews-Celje_National_Hall-Celje_Styria_Region.html, /Attractions-g274868-Activities-Celje_Styria_Region.html
Historical Train of Celje, 4.0, Sights & Landmarks, /Attraction_Review-g274868-d16709893-Reviews-Historical_Train_of_Celje-Celje_Styria_Region.html, /Attractions-g274868-Activities-Celje_Styria_Region.html
Alma M. Karlin Statue, 3.0, Sights & Landmarks, /Attraction_Review-g274868-d16708854-Reviews-Alma_M_Karlin_Statue-Celje_Styria_Region.html, /Attractions-g274868-Activities-Celje_Styria_Region.html
War and Peace Memorial, 4.0, Sights & Landmarks, /Attraction_Review-g274868-d16709340-Reviews-War_and_Peace_Memorial-Celje_Styria_Region.html, /Attractions-g274868-Activities-Celje_Styria_Region.html
Celje Central Library, 4.0, Traveller Resources, /Attraction_Review-g274868-d16708657-Reviews-Celje_Central_Library-Celje_Styria_Region.html, /Attractions-g274868-Activities-Celje_Styria_Region.html
Josip Pelikan Statue, 3.0, Sights & Landmarks, /Attraction_Review-g274868-d16708611-Reviews-Josip_Pelikan_Statue-Celje_Styria_Region.html, /Attractions-g274868-Activities-Celje_Styria_Region.html
Celje Railway Station, 3.0, Sights & Landmarks, /Attraction_Review-g274868-d18913348-Reviews-Celje_Railway_Station-Celje_Styria_Region.html, /Attractions-g274868-Activities-Celje_Styria_Region.html
Gallery of Contemporary Art, 2.0, Museums, /Attraction_Review-g274868-d16708848-Reviews-Gallery_of_Contemporary_Art-Celje_Styria_Region.html, /Attractions-g274868-Activities-Celje_Styria_Region.html
Church of Saint Maximilian of Celeia, None, Sights & Landmarks, /Attraction_Review-g274868-d16708717-Reviews-Church_of_Saint_Maximilian_of_Celeia-Celje_Styria_Region.html, /Attractions-g274868-Activities-Celje_Styria_Region.html
Celje Town Beach, None, Nature & Parks, /Attraction_Review-g274868-d16708755-Reviews-Celje_Town_Beach-Celje_Styria_Region.html, /Attractions-g274868-Activities-Celje_Styria_Region.html
Gallery Račka, None, Museums, /Attraction_Review-g274868-d16708769-Reviews-Gallery_Racka-Celje_Styria_Region.html, /Attractions-g274868-Activities-Celje_Styria_Region.html
St. Cecilia Church, None, Sights & Landmarks, /Attraction_Review-g274868-d16708765-Reviews-St_Cecilia_Church-Celje_Styria_Region.html, /Attractions-g274868-Activities-Celje_Styria_Region.html
Celje Hall, None, Sights & Landmarks, /Attraction_Review-g274868-d16708796-Reviews-Celje_Hall-Celje_Styria_Region.html, /Attractions-g274868-Activities-Celje_Styria_Region.html
Celje Railway Station with Plane Tree, None, Sights & Landmarks, /Attraction_Review-g274868-d16708390-Reviews-Celje_Railway_Station_with_Plane_Tree-Celje_Styria_Region.html, /Attractions-g274868-Activities-Celje_Styria_Region.html
Early Christian Baptistery, None, Sights & Landmarks, /Attraction_Review-g274868-d16708459-Reviews-Early_Christian_Baptistery-Celje_Styria_Region.html, /Attractions-g274868-Activities-Celje_Styria_Region.html
Almshouse, None, Sights & Landmarks, /Attraction_Review-g274868-d16708675-Reviews-Almshouse-Celje_Styria_Region.html, /Attractions-g274868-Activities-Celje_Styria_Region.html
St. Joseph Church, None, Sights & Landmarks, /Attraction_Review-g274868-d16708698-Reviews-St_Joseph_Church-Celje_Styria_Region.html, /Attractions-g274868-Activities-Celje_Styria_Region.html
