attraction_name, attraction_rate, attraction_type, attraction_url, attraction_parent_url
Ljubljana Old Town, 4.5, Sights & Landmarks, /Attraction_Review-g274873-d298666-Reviews-Ljubljana_Old_Town-Ljubljana_Upper_Carniola_Region.html, /Attractions-g274873-Activities-Ljubljana_Upper_Carniola_Region.html
Triple Bridge (Tromostovje), 4.5, Sights & Landmarks, /Attraction_Review-g274873-d276335-Reviews-Triple_Bridge_Tromostovje-Ljubljana_Upper_Carniola_Region.html, /Attractions-g274873-Activities-Ljubljana_Upper_Carniola_Region.html
Tivoli Park, 4.5, Nature & Parks, /Attraction_Review-g274873-d298650-Reviews-Tivoli_Park-Ljubljana_Upper_Carniola_Region.html, /Attractions-g274873-Activities-Ljubljana_Upper_Carniola_Region.html
Preseren Square, 4.5, Sights & Landmarks, /Attraction_Review-g274873-d298648-Reviews-Preseren_Square-Ljubljana_Upper_Carniola_Region.html, /Attractions-g274873-Activities-Ljubljana_Upper_Carniola_Region.html
Union Experience, 4.5, Food & Drink, /Attraction_Review-g274873-d4781680-Reviews-Union_Experience-Ljubljana_Upper_Carniola_Region.html, /Attractions-g274873-Activities-Ljubljana_Upper_Carniola_Region.html
Cathedral of St. Nicholas (Stolnica Sv. Nikolaja), 4.5, Sights & Landmarks, /Attraction_Review-g274873-d276332-Reviews-Cathedral_of_St_Nicholas_Stolnica_Sv_Nikolaja-Ljubljana_Upper_Carniola_Region.html, /Attractions-g274873-Activities-Ljubljana_Upper_Carniola_Region.html
River Ljubljanica Kanal, 4.5, Nature & Parks, /Attraction_Review-g274873-d555572-Reviews-River_Ljubljanica_Kanal-Ljubljana_Upper_Carniola_Region.html, /Attractions-g274873-Activities-Ljubljana_Upper_Carniola_Region.html
Dragon Bridge (Zmajski Most), 4.0, Sights & Landmarks, /Attraction_Review-g274873-d276337-Reviews-Dragon_Bridge_Zmajski_Most-Ljubljana_Upper_Carniola_Region.html, /Attractions-g274873-Activities-Ljubljana_Upper_Carniola_Region.html
House of Illusions, 4.0, Museums, /Attraction_Review-g274873-d10815305-Reviews-House_of_Illusions-Ljubljana_Upper_Carniola_Region.html, /Attractions-g274873-Activities-Ljubljana_Upper_Carniola_Region.html
Central Market, 4.0, Shopping, /Attraction_Review-g274873-d3369224-Reviews-Central_Market-Ljubljana_Upper_Carniola_Region.html, /Attractions-g274873-Activities-Ljubljana_Upper_Carniola_Region.html
The Ljubljana Castle, 4.0, Sights & Landmarks, /Attraction_Review-g274873-d6924839-Reviews-The_Ljubljana_Castle-Ljubljana_Upper_Carniola_Region.html, /Attractions-g274873-Activities-Ljubljana_Upper_Carniola_Region.html
Skyscraper (Nebotičnik), 4.0, Sights & Landmarks, /Attraction_Review-g274873-d8382117-Reviews-Skyscraper_Neboticnik-Ljubljana_Upper_Carniola_Region.html, /Attractions-g274873-Activities-Ljubljana_Upper_Carniola_Region.html
Metelkova, 4.0, Sights & Landmarks, /Attraction_Review-g274873-d734854-Reviews-Metelkova-Ljubljana_Upper_Carniola_Region.html, /Attractions-g274873-Activities-Ljubljana_Upper_Carniola_Region.html
Cankarjevo Nabrežje, 4.5, Sights & Landmarks, /Attraction_Review-g274873-d276315-Reviews-Cankarjevo_Nabrezje-Ljubljana_Upper_Carniola_Region.html, /Attractions-g274873-Activities-Ljubljana_Upper_Carniola_Region.html
ZOO Ljubljana, 4.0, Zoos & Aquariums, /Attraction_Review-g274873-d2322601-Reviews-ZOO_Ljubljana-Ljubljana_Upper_Carniola_Region.html, /Attractions-g274873-Activities-Ljubljana_Upper_Carniola_Region.html
Plecnik House, 4.5, Sights & Landmarks, /Attraction_Review-g274873-d523476-Reviews-Plecnik_House-Ljubljana_Upper_Carniola_Region.html, /Attractions-g274873-Activities-Ljubljana_Upper_Carniola_Region.html
National Gallery (Narodna Galerija), 4.0, Museums, /Attraction_Review-g274873-d276326-Reviews-National_Gallery_Narodna_Galerija-Ljubljana_Upper_Carniola_Region.html, /Attractions-g274873-Activities-Ljubljana_Upper_Carniola_Region.html
Sts. Cyril and Methodius Orthodox Church, 4.5, Sights & Landmarks, /Attraction_Review-g274873-d6696754-Reviews-Sts_Cyril_and_Methodius_Orthodox_Church-Ljubljana_Upper_Carniola_Region.html, /Attractions-g274873-Activities-Ljubljana_Upper_Carniola_Region.html
National Museum of Contemporary History (Muzej Novejše Zgodovine Slovenije), 4.5, Museums, /Attraction_Review-g274873-d277377-Reviews-National_Museum_of_Contemporary_History_Muzej_Novejse_Zgodovine_Slovenije-Ljubljan.html, /Attractions-g274873-Activities-Ljubljana_Upper_Carniola_Region.html
Old Square (Stari trg), 4.0, Sights & Landmarks, /Attraction_Review-g274873-d276331-Reviews-Old_Square_Stari_trg-Ljubljana_Upper_Carniola_Region.html, /Attractions-g274873-Activities-Ljubljana_Upper_Carniola_Region.html
Mestni Trg, 4.5, Sights & Landmarks, /Attraction_Review-g274873-d5523574-Reviews-Mestni_Trg-Ljubljana_Upper_Carniola_Region.html, /Attractions-g274873-Activities-Ljubljana_Upper_Carniola_Region.html
Franciscan Church (Frančiškanska cerkev), 4.0, Sights & Landmarks, /Attraction_Review-g274873-d276319-Reviews-Franciscan_Church_Franciskanska_cerkev-Ljubljana_Upper_Carniola_Region.html, /Attractions-g274873-Activities-Ljubljana_Upper_Carniola_Region.html
Vodnik Square (Vodnikov trg), 4.0, Sights & Landmarks, /Attraction_Review-g274873-d276336-Reviews-Vodnik_Square_Vodnikov_trg-Ljubljana_Upper_Carniola_Region.html, /Attractions-g274873-Activities-Ljubljana_Upper_Carniola_Region.html
Congress Square (Kongresni trg), 4.0, Nature & Parks, /Attraction_Review-g274873-d7007280-Reviews-Congress_Square_Kongresni_trg-Ljubljana_Upper_Carniola_Region.html, /Attractions-g274873-Activities-Ljubljana_Upper_Carniola_Region.html
National Museum of Slovenia, 4.0, Museums, /Attraction_Review-g274873-d276327-Reviews-National_Museum_of_Slovenia-Ljubljana_Upper_Carniola_Region.html, /Attractions-g274873-Activities-Ljubljana_Upper_Carniola_Region.html
Technical Museum of Slovenia, 4.5, Museums, /Attraction_Review-g274873-d2510656-Reviews-Technical_Museum_of_Slovenia-Ljubljana_Upper_Carniola_Region.html, /Attractions-g274873-Activities-Ljubljana_Upper_Carniola_Region.html
Gornji Trg, 4.5, Sights & Landmarks, /Attraction_Review-g274873-d276320-Reviews-Gornji_Trg-Ljubljana_Upper_Carniola_Region.html, /Attractions-g274873-Activities-Ljubljana_Upper_Carniola_Region.html
House of Experiments - Hiša eksperimentov, 4.5, Museums, /Attraction_Review-g274873-d4782527-Reviews-House_of_Experiments_Hisa_eksperimentov-Ljubljana_Upper_Carniola_Region.html, /Attractions-g274873-Activities-Ljubljana_Upper_Carniola_Region.html
Minicity Ljubljana, 4.5, Water & Amusement Parks, /Attraction_Review-g274873-d8072554-Reviews-Minicity_Ljubljana-Ljubljana_Upper_Carniola_Region.html, /Attractions-g274873-Activities-Ljubljana_Upper_Carniola_Region.html
Railway Museum, 4.5, Museums, /Attraction_Review-g274873-d3514289-Reviews-Railway_Museum-Ljubljana_Upper_Carniola_Region.html, /Attractions-g274873-Activities-Ljubljana_Upper_Carniola_Region.html
