attraction_name, attraction_rate, attraction_type, attraction_url, attraction_parent_url
Piran Town Walls, 4.5, Sights & Landmarks, /Attraction_Review-g274876-d4553092-Reviews-Piran_Town_Walls-Piran_Slovenian_Istria_Slovenian_Littoral_Region.html, /Attractions-g274876-Activities-Piran_Slovenian_Istria_Slovenian_Littoral_Region.html
Tartini Square (Tartinijev trg), 4.5, Sights & Landmarks, /Attraction_Review-g274876-d2344936-Reviews-Tartini_Square_Tartinijev_trg-Piran_Slovenian_Istria_Slovenian_Littoral_Region.html, /Attractions-g274876-Activities-Piran_Slovenian_Istria_Slovenian_Littoral_Region.html
Magical World of Shells Museum, 5.0, Museums, /Attraction_Review-g274876-d7927748-Reviews-Magical_World_of_Shells_Museum-Piran_Slovenian_Istria_Slovenian_Littoral_Region.html, /Attractions-g274876-Activities-Piran_Slovenian_Istria_Slovenian_Littoral_Region.html
Church of St. George, 4.5, Sights & Landmarks, /Attraction_Review-g274876-d2344931-Reviews-Church_of_St_George-Piran_Slovenian_Istria_Slovenian_Littoral_Region.html, /Attractions-g274876-Activities-Piran_Slovenian_Istria_Slovenian_Littoral_Region.html
Port Piran, 4.5, Sights & Landmarks, /Attraction_Review-g274876-d12707210-Reviews-Port_Piran-Piran_Slovenian_Istria_Slovenian_Littoral_Region.html, /Attractions-g274876-Activities-Piran_Slovenian_Istria_Slovenian_Littoral_Region.html
Sergej Masera Maritime Museum (Pomorski muzej), 4.5, Museums, /Attraction_Review-g274876-d523479-Reviews-Sergej_Masera_Maritime_Museum_Pomorski_muzej-Piran_Slovenian_Istria_Slovenian_Litt.html, /Attractions-g274876-Activities-Piran_Slovenian_Istria_Slovenian_Littoral_Region.html
The Cloisters of Saint Francis Monastery, 4.5, Sights & Landmarks, /Attraction_Review-g274876-d12693278-Reviews-The_Cloisters_of_Saint_Francis_Monastery-Piran_Slovenian_Istria_Slovenian_Littor.html, /Attractions-g274876-Activities-Piran_Slovenian_Istria_Slovenian_Littoral_Region.html
Piran Aquarium, 3.5, Zoos & Aquariums, /Attraction_Review-g274876-d2242141-Reviews-Piran_Aquarium-Piran_Slovenian_Istria_Slovenian_Littoral_Region.html, /Attractions-g274876-Activities-Piran_Slovenian_Istria_Slovenian_Littoral_Region.html
Church of St. Francis of Assisi, 4.0, Sights & Landmarks, /Attraction_Review-g274876-d2345098-Reviews-Church_of_St_Francis_of_Assisi-Piran_Slovenian_Istria_Slovenian_Littoral_Region.html, /Attractions-g274876-Activities-Piran_Slovenian_Istria_Slovenian_Littoral_Region.html
The Museum of Underwater Activities, 4.0, Museums, /Attraction_Review-g274876-d5499324-Reviews-The_Museum_of_Underwater_Activities-Piran_Slovenian_Istria_Slovenian_Littoral_Reg.html, /Attractions-g274876-Activities-Piran_Slovenian_Istria_Slovenian_Littoral_Region.html
First of May Square, 4.0, Sights & Landmarks, /Attraction_Review-g274876-d8687324-Reviews-First_of_May_Square-Piran_Slovenian_Istria_Slovenian_Littoral_Region.html, /Attractions-g274876-Activities-Piran_Slovenian_Istria_Slovenian_Littoral_Region.html
Benecanka Casa Veneziana Pirano, 4.5, Sights & Landmarks, /Attraction_Review-g274876-d11958198-Reviews-Benecanka_Casa_Veneziana_Pirano-Piran_Slovenian_Istria_Slovenian_Littoral_Region.html, /Attractions-g274876-Activities-Piran_Slovenian_Istria_Slovenian_Littoral_Region.html
Town Hall, 4.0, Sights & Landmarks, /Attraction_Review-g274876-d12396718-Reviews-Town_Hall-Piran_Slovenian_Istria_Slovenian_Littoral_Region.html, /Attractions-g274876-Activities-Piran_Slovenian_Istria_Slovenian_Littoral_Region.html
Mediadom Pyrhani, 4.5, Museums, /Attraction_Review-g274876-d10092819-Reviews-Mediadom_Pyrhani-Piran_Slovenian_Istria_Slovenian_Littoral_Region.html, /Attractions-g274876-Activities-Piran_Slovenian_Istria_Slovenian_Littoral_Region.html
Cerkev Marije Snezne, 4.0, Sights & Landmarks, /Attraction_Review-g274876-d8458145-Reviews-Cerkev_Marije_Snezne-Piran_Slovenian_Istria_Slovenian_Littoral_Region.html, /Attractions-g274876-Activities-Piran_Slovenian_Istria_Slovenian_Littoral_Region.html
Piran Tourist Information Centre, 3.5, Traveller Resources, /Attraction_Review-g274876-d12910827-Reviews-Piran_Tourist_Information_Centre-Piran_Slovenian_Istria_Slovenian_Littoral_Regio.html, /Attractions-g274876-Activities-Piran_Slovenian_Istria_Slovenian_Littoral_Region.html
Church of St. Bernardine, 4.5, Sights & Landmarks, /Attraction_Review-g274876-d10782767-Reviews-Church_of_St_Bernardine-Piran_Slovenian_Istria_Slovenian_Littoral_Region.html, /Attractions-g274876-Activities-Piran_Slovenian_Istria_Slovenian_Littoral_Region.html
Sodna palača, 4.0, Sights & Landmarks, /Attraction_Review-g274876-d11958194-Reviews-Sodna_palaca-Piran_Slovenian_Istria_Slovenian_Littoral_Region.html, /Attractions-g274876-Activities-Piran_Slovenian_Istria_Slovenian_Littoral_Region.html
Krstilnica sv.Janeza Krstnika, 4.0, Sights & Landmarks, /Attraction_Review-g274876-d12680345-Reviews-Krstilnica_sv_Janeza_Krstnika-Piran_Slovenian_Istria_Slovenian_Littoral_Region.html, /Attractions-g274876-Activities-Piran_Slovenian_Istria_Slovenian_Littoral_Region.html
Giuseppe Tartini Memorial Room, 4.0, Museums, /Attraction_Review-g274876-d8449371-Reviews-Giuseppe_Tartini_Memorial_Room-Piran_Slovenian_Istria_Slovenian_Littoral_Region.html, /Attractions-g274876-Activities-Piran_Slovenian_Istria_Slovenian_Littoral_Region.html
Duka Gallery, 4.5, Museums, /Attraction_Review-g274876-d8532301-Reviews-Duka_Gallery-Piran_Slovenian_Istria_Slovenian_Littoral_Region.html, /Attractions-g274876-Activities-Piran_Slovenian_Istria_Slovenian_Littoral_Region.html
Church of St Peter, 3.5, Sights & Landmarks, /Attraction_Review-g274876-d9731946-Reviews-Church_of_St_Peter-Piran_Slovenian_Istria_Slovenian_Littoral_Region.html, /Attractions-g274876-Activities-Piran_Slovenian_Istria_Slovenian_Littoral_Region.html
Obalne galerije Piran Gallerie Costiere Pirano, 3.5, Museums, /Attraction_Review-g274876-d11958192-Reviews-Obalne_galerije_Piran_Gallerie_Costiere_Pirano-Piran_Slovenian_Istria_Slovenian_.html, /Attractions-g274876-Activities-Piran_Slovenian_Istria_Slovenian_Littoral_Region.html
Apollonio (Zaccaria) Palace, 3.5, Sights & Landmarks, /Attraction_Review-g274876-d12396726-Reviews-Apollonio_Zaccaria_Palace-Piran_Slovenian_Istria_Slovenian_Littoral_Region.html, /Attractions-g274876-Activities-Piran_Slovenian_Istria_Slovenian_Littoral_Region.html
Mestna knjižnica Piran Biblioteca Civica Pirano, 5.0, Traveller Resources, /Attraction_Review-g274876-d11958203-Reviews-Mestna_knjiznica_Piran_Biblioteca_Civica_Pirano-Piran_Slovenian_Istria_Slovenian.html, /Attractions-g274876-Activities-Piran_Slovenian_Istria_Slovenian_Littoral_Region.html
Hitchhikers Museum, 3.5, Museums, /Attraction_Review-g274876-d12613576-Reviews-Hitchhikers_Museum-Piran_Slovenian_Istria_Slovenian_Littoral_Region.html, /Attractions-g274876-Activities-Piran_Slovenian_Istria_Slovenian_Littoral_Region.html
Chiesa di San Rocco/ Cerkev sv. Roka, 3.0, Sights & Landmarks, /Attraction_Review-g274876-d12687698-Reviews-Chiesa_di_San_Rocco_Cerkev_sv_Roka-Piran_Slovenian_Istria_Slovenian_Littoral_Reg.html, /Attractions-g274876-Activities-Piran_Slovenian_Istria_Slovenian_Littoral_Region.html
Parish Museum of St George, 4.5, Museums, /Attraction_Review-g274876-d10782633-Reviews-Parish_Museum_of_St_George-Piran_Slovenian_Istria_Slovenian_Littoral_Region.html, /Attractions-g274876-Activities-Piran_Slovenian_Istria_Slovenian_Littoral_Region.html
St Stephen's Church, 3.5, Sights & Landmarks, /Attraction_Review-g274876-d10769536-Reviews-St_Stephen_s_Church-Piran_Slovenian_Istria_Slovenian_Littoral_Region.html, /Attractions-g274876-Activities-Piran_Slovenian_Istria_Slovenian_Littoral_Region.html
Shelvadigo, 5.0, Museums, /Attraction_Review-g274876-d14999163-Reviews-Shelvadigo-Piran_Slovenian_Istria_Slovenian_Littoral_Region.html, /Attractions-g274876-Activities-Piran_Slovenian_Istria_Slovenian_Littoral_Region.html
