attraction_name, attraction_rate, attraction_type, attraction_url, attraction_parent_url
Vrsic Pass - Julian Alps, 4.5, Nature & Parks, /Attraction_Review-g274870-d3630674-Reviews-Vrsic_Pass_Julian_Alps-Kranjska_Gora_Upper_Carniola_Region.html, /Attractions-g274870-Activities-Kranjska_Gora_Upper_Carniola_Region.html
Lake Jasna, 4.5, Nature & Parks, /Attraction_Review-g274870-d7930362-Reviews-Lake_Jasna-Kranjska_Gora_Upper_Carniola_Region.html, /Attractions-g274870-Activities-Kranjska_Gora_Upper_Carniola_Region.html
Zgornjesavska Valley, 4.5, Nature & Parks, /Attraction_Review-g274870-d519701-Reviews-Zgornjesavska_Valley-Kranjska_Gora_Upper_Carniola_Region.html, /Attractions-g274870-Activities-Kranjska_Gora_Upper_Carniola_Region.html
Zelenci Nature Reserve, 4.5, Nature & Parks, /Attraction_Review-g274870-d3626293-Reviews-Zelenci_Nature_Reserve-Kranjska_Gora_Upper_Carniola_Region.html, /Attractions-g274870-Activities-Kranjska_Gora_Upper_Carniola_Region.html
Planica Nordic Centre, 5.0, Nature & Parks, /Attraction_Review-g3646675-d12748671-Reviews-Planica_Nordic_Centre-Ratece_Kranjska_Gora_Upper_Carniola_Region.html, /Attractions-g274870-Activities-Kranjska_Gora_Upper_Carniola_Region.html
The Russian chapel, 4.0, Sights & Landmarks, /Attraction_Review-g274870-d3636000-Reviews-The_Russian_chapel-Kranjska_Gora_Upper_Carniola_Region.html, /Attractions-g274870-Activities-Kranjska_Gora_Upper_Carniola_Region.html
Tromeja -Triple border, 4.5, Sights & Landmarks, /Attraction_Review-g274870-d10125479-Reviews-Tromeja_Triple_border-Kranjska_Gora_Upper_Carniola_Region.html, /Attractions-g274870-Activities-Kranjska_Gora_Upper_Carniola_Region.html
Intersport Bernik, 4.5, Nature & Parks, /Attraction_Review-g274870-d3692779-Reviews-Intersport_Bernik-Kranjska_Gora_Upper_Carniola_Region.html, /Attractions-g274870-Activities-Kranjska_Gora_Upper_Carniola_Region.html
Church of the Assumption of Virgin Mary, 4.5, Sights & Landmarks, /Attraction_Review-g274870-d3636075-Reviews-Church_of_the_Assumption_of_Virgin_Mary-Kranjska_Gora_Upper_Carniola_Region.html, /Attractions-g274870-Activities-Kranjska_Gora_Upper_Carniola_Region.html
Casinò Korona, 4.5, Casinos & Gambling, /Attraction_Review-g274870-d8442800-Reviews-Casino_Korona-Kranjska_Gora_Upper_Carniola_Region.html, /Attractions-g274870-Activities-Kranjska_Gora_Upper_Carniola_Region.html
Planica Valley, 5.0, Nature & Parks, /Attraction_Review-g3646675-d3632409-Reviews-Planica_Valley-Ratece_Kranjska_Gora_Upper_Carniola_Region.html, /Attractions-g274870-Activities-Kranjska_Gora_Upper_Carniola_Region.html
Ajdovska Deklica, 4.0, Sights & Landmarks, /Attraction_Review-g274870-d3630675-Reviews-Ajdovska_Deklica-Kranjska_Gora_Upper_Carniola_Region.html, /Attractions-g274870-Activities-Kranjska_Gora_Upper_Carniola_Region.html
Nadiza, 4.5, Nature & Parks, /Attraction_Review-g274870-d3630778-Reviews-Nadiza-Kranjska_Gora_Upper_Carniola_Region.html, /Attractions-g274870-Activities-Kranjska_Gora_Upper_Carniola_Region.html
Prisank Mountain Window, 4.5, Sights & Landmarks, /Attraction_Review-g274870-d3630726-Reviews-Prisank_Mountain_Window-Kranjska_Gora_Upper_Carniola_Region.html, /Attractions-g274870-Activities-Kranjska_Gora_Upper_Carniola_Region.html
Liznjekova house, 4.5, Museums, /Attraction_Review-g274870-d3636006-Reviews-Liznjekova_house-Kranjska_Gora_Upper_Carniola_Region.html, /Attractions-g274870-Activities-Kranjska_Gora_Upper_Carniola_Region.html
Aqua Larix, 4.0, Water & Amusement Parks, /Attraction_Review-g274870-d10757900-Reviews-Aqua_Larix-Kranjska_Gora_Upper_Carniola_Region.html, /Attractions-g274870-Activities-Kranjska_Gora_Upper_Carniola_Region.html
Kompas shop, 4.0, Shopping, /Attraction_Review-g274870-d12730297-Reviews-Kompas_shop-Kranjska_Gora_Upper_Carniola_Region.html, /Attractions-g274870-Activities-Kranjska_Gora_Upper_Carniola_Region.html
Tourist Information Centre Kranjska Gora, 3.5, Traveller Resources, /Attraction_Review-g274870-d8424883-Reviews-Tourist_Information_Centre_Kranjska_Gora-Kranjska_Gora_Upper_Carniola_Region.html, /Attractions-g274870-Activities-Kranjska_Gora_Upper_Carniola_Region.html
Three Country Border, 5.0, Sights & Landmarks, /Attraction_Review-g3646675-d3632487-Reviews-Three_Country_Border-Ratece_Kranjska_Gora_Upper_Carniola_Region.html, /Attractions-g274870-Activities-Kranjska_Gora_Upper_Carniola_Region.html
Ski School ASK Kranjska Gora, 4.5, Nature & Parks, /Attraction_Review-g274870-d6032207-Reviews-Ski_School_ASK_Kranjska_Gora-Kranjska_Gora_Upper_Carniola_Region.html, /Attractions-g274870-Activities-Kranjska_Gora_Upper_Carniola_Region.html
Kompas shop, 4.5, Shopping, /Attraction_Review-g3646675-d12680183-Reviews-Kompas_shop-Ratece_Kranjska_Gora_Upper_Carniola_Region.html, /Attractions-g274870-Activities-Kranjska_Gora_Upper_Carniola_Region.html
Snow park Kranjska Gora, 4.0, Nature & Parks, /Attraction_Review-g274870-d6772225-Reviews-Snow_park_Kranjska_Gora-Kranjska_Gora_Upper_Carniola_Region.html, /Attractions-g274870-Activities-Kranjska_Gora_Upper_Carniola_Region.html
Mojčin dom na Vitrancu, 4.5, Nature & Parks, /Attraction_Review-g274870-d10601776-Reviews-Mojcin_dom_na_Vitrancu-Kranjska_Gora_Upper_Carniola_Region.html, /Attractions-g274870-Activities-Kranjska_Gora_Upper_Carniola_Region.html
Statue of Kekec, 3.5, Sights & Landmarks, /Attraction_Review-g274870-d12696458-Reviews-Statue_of_Kekec-Kranjska_Gora_Upper_Carniola_Region.html, /Attractions-g274870-Activities-Kranjska_Gora_Upper_Carniola_Region.html
The Crne Vode Waterfall, 5.0, Nature & Parks, /Attraction_Review-g274870-d3630774-Reviews-The_Crne_Vode_Waterfall-Kranjska_Gora_Upper_Carniola_Region.html, /Attractions-g274870-Activities-Kranjska_Gora_Upper_Carniola_Region.html
Casino Larix, 3.0, Casinos & Gambling, /Attraction_Review-g274870-d3461586-Reviews-Casino_Larix-Kranjska_Gora_Upper_Carniola_Region.html, /Attractions-g274870-Activities-Kranjska_Gora_Upper_Carniola_Region.html
Kozorog, 4.0, Sights & Landmarks, /Attraction_Review-g274870-d19114449-Reviews-Kozorog-Kranjska_Gora_Upper_Carniola_Region.html, /Attractions-g274870-Activities-Kranjska_Gora_Upper_Carniola_Region.html
Recurrent Lake of Ledine, 3.5, Nature & Parks, /Attraction_Review-g274870-d3630763-Reviews-Recurrent_Lake_of_Ledine-Kranjska_Gora_Upper_Carniola_Region.html, /Attractions-g274870-Activities-Kranjska_Gora_Upper_Carniola_Region.html
Planica - Pot Po Dolini, 5.0, Nature & Parks, /Attraction_Review-g3646675-d19120387-Reviews-Planica_Pot_Po_Dolini-Ratece_Kranjska_Gora_Upper_Carniola_Region.html, /Attractions-g274870-Activities-Kranjska_Gora_Upper_Carniola_Region.html
Bee-Toni, 5.0, Sights & Landmarks, /Attraction_Review-g3646675-d13436612-Reviews-Bee_Toni-Ratece_Kranjska_Gora_Upper_Carniola_Region.html, /Attractions-g274870-Activities-Kranjska_Gora_Upper_Carniola_Region.html
