attraction_name, attraction_rate, attraction_type, attraction_url, attraction_parent_url
Museum of Dolenjska, 4.5, Museums, /Attraction_Review-g1057703-d4332457-Reviews-Museum_of_Dolenjska-Novo_Mesto_Lower_Carniola_Region.html, /Attractions-g1057703-Activities-Novo_Mesto_Lower_Carniola_Region.html
Novo Mesto Cathedral, 4.0, Sights & Landmarks, /Attraction_Review-g1057703-d8296875-Reviews-Novo_Mesto_Cathedral-Novo_Mesto_Lower_Carniola_Region.html, /Attractions-g1057703-Activities-Novo_Mesto_Lower_Carniola_Region.html
Breg, 4.0, Sights & Landmarks, /Attraction_Review-g1057703-d12319736-Reviews-Breg-Novo_Mesto_Lower_Carniola_Region.html, /Attractions-g1057703-Activities-Novo_Mesto_Lower_Carniola_Region.html
Kandijski most, 4.0, Sights & Landmarks, /Attraction_Review-g1057703-d12319731-Reviews-Kandijski_most-Novo_Mesto_Lower_Carniola_Region.html, /Attractions-g1057703-Activities-Novo_Mesto_Lower_Carniola_Region.html
Frančiškanska cerkev&& samostan in stara gimnazija, 4.5, Sights & Landmarks, /Attraction_Review-g1057703-d12319734-Reviews-Franciskanska_cerkev_samostan_in_stara_gimnazija-Novo_Mesto_Lower_Carniola_Regi.html, /Attractions-g1057703-Activities-Novo_Mesto_Lower_Carniola_Region.html
Glavni trg, 3.5, Sights & Landmarks, /Attraction_Review-g1057703-d12319735-Reviews-Glavni_trg-Novo_Mesto_Lower_Carniola_Region.html, /Attractions-g1057703-Activities-Novo_Mesto_Lower_Carniola_Region.html
Grajski Park Otocec, 4.5, Nature & Parks, /Attraction_Review-g635653-d8638131-Reviews-Grajski_Park_Otocec-Otocec_Novo_Mesto_Lower_Carniola_Region.html, /Attractions-g1057703-Activities-Novo_Mesto_Lower_Carniola_Region.html
Tourist Information Centre Novo Mesto, 4.0, Traveller Resources, /Attraction_Review-g1057703-d12334799-Reviews-Tourist_Information_Centre_Novo_Mesto-Novo_Mesto_Lower_Carniola_Region.html, /Attractions-g1057703-Activities-Novo_Mesto_Lower_Carniola_Region.html
Trška gora Hill, 4.5, Sights & Landmarks, /Attraction_Review-g1057703-d12319851-Reviews-Trska_gora_Hill-Novo_Mesto_Lower_Carniola_Region.html, /Attractions-g1057703-Activities-Novo_Mesto_Lower_Carniola_Region.html
WW2 bunker in Drska&& Novo mesto, 5.0, Sights & Landmarks, /Attraction_Review-g1057703-d12802669-Reviews-WW2_bunker_in_Drska_Novo_mesto-Novo_Mesto_Lower_Carniola_Region.html, /Attractions-g1057703-Activities-Novo_Mesto_Lower_Carniola_Region.html
Stari grad&& Novo mesto, 4.0, Sights & Landmarks, /Attraction_Review-g1057703-d12319849-Reviews-Stari_grad_Novo_mesto-Novo_Mesto_Lower_Carniola_Region.html, /Attractions-g1057703-Activities-Novo_Mesto_Lower_Carniola_Region.html
Knjižnica Mirana Jarca, 5.0, Traveller Resources, /Attraction_Review-g1057703-d12319708-Reviews-Knjiznica_Mirana_Jarca-Novo_Mesto_Lower_Carniola_Region.html, /Attractions-g1057703-Activities-Novo_Mesto_Lower_Carniola_Region.html
Mestna hiša - Rotovž, 3.5, Sights & Landmarks, /Attraction_Review-g1057703-d12319737-Reviews-Mestna_hisa_Rotovz-Novo_Mesto_Lower_Carniola_Region.html, /Attractions-g1057703-Activities-Novo_Mesto_Lower_Carniola_Region.html
Grad Grm s parkom, 2.0, Sights & Landmarks, /Attraction_Review-g1057703-d12319747-Reviews-Grad_Grm_s_parkom-Novo_Mesto_Lower_Carniola_Region.html, /Attractions-g1057703-Activities-Novo_Mesto_Lower_Carniola_Region.html
Golf Grad Otocec, 4.5, Outdoor Activities, /Attraction_Review-g635653-d10171128-Reviews-Golf_Grad_Otocec-Otocec_Novo_Mesto_Lower_Carniola_Region.html, /Attractions-g1057703-Activities-Novo_Mesto_Lower_Carniola_Region.html
Best of Slovenia, 5.0, Food & Drink, /Attraction_Review-g635653-d12833942-Reviews-Best_of_Slovenia-Otocec_Novo_Mesto_Lower_Carniola_Region.html, /Attractions-g1057703-Activities-Novo_Mesto_Lower_Carniola_Region.html
Vinska Klet Colnar, 5.0, Food & Drink, /Attraction_Review-g635653-d21239648-Reviews-Vinska_Klet_Colnar-Otocec_Novo_Mesto_Lower_Carniola_Region.html, /Attractions-g1057703-Activities-Novo_Mesto_Lower_Carniola_Region.html
Goga Bookstore, 5.0, Shopping, /Attraction_Review-g1057703-d12219800-Reviews-Goga_Bookstore-Novo_Mesto_Lower_Carniola_Region.html, /Attractions-g1057703-Activities-Novo_Mesto_Lower_Carniola_Region.html
Cineplexx Novo Mesto, 4.0, Fun & Games, /Attraction_Review-g1057703-d12319713-Reviews-Cineplexx_Novo_Mesto-Novo_Mesto_Lower_Carniola_Region.html, /Attractions-g1057703-Activities-Novo_Mesto_Lower_Carniola_Region.html
Anton Podbevsek Theatre, None, Concerts & Shows, /Attraction_Review-g1057703-d12334787-Reviews-Anton_Podbevsek_Theatre-Novo_Mesto_Lower_Carniola_Region.html, /Attractions-g1057703-Activities-Novo_Mesto_Lower_Carniola_Region.html
Na vratih - At the gates, None, Sights & Landmarks, /Attraction_Review-g1057703-d12319746-Reviews-Na_vratih_At_the_gates-Novo_Mesto_Lower_Carniola_Region.html, /Attractions-g1057703-Activities-Novo_Mesto_Lower_Carniola_Region.html
Kozolci, None, Sights & Landmarks, /Attraction_Review-g1057703-d12319748-Reviews-Kozolci-Novo_Mesto_Lower_Carniola_Region.html, /Attractions-g1057703-Activities-Novo_Mesto_Lower_Carniola_Region.html
Kettejev vodnjak na trgu, None, Sights & Landmarks, /Attraction_Review-g1057703-d12319724-Reviews-Kettejev_vodnjak_na_trgu-Novo_Mesto_Lower_Carniola_Region.html, /Attractions-g1057703-Activities-Novo_Mesto_Lower_Carniola_Region.html
Narodni dom, None, Sights & Landmarks, /Attraction_Review-g1057703-d12319726-Reviews-Narodni_dom-Novo_Mesto_Lower_Carniola_Region.html, /Attractions-g1057703-Activities-Novo_Mesto_Lower_Carniola_Region.html
Mladinski klub LokalPatriot, None, Nightlife, /Attraction_Review-g1057703-d12319725-Reviews-Mladinski_klub_LokalPatriot-Novo_Mesto_Lower_Carniola_Region.html, /Attractions-g1057703-Activities-Novo_Mesto_Lower_Carniola_Region.html
Galerija Simulaker, None, Museums, /Attraction_Review-g1057703-d12319728-Reviews-Galerija_Simulaker-Novo_Mesto_Lower_Carniola_Region.html, /Attractions-g1057703-Activities-Novo_Mesto_Lower_Carniola_Region.html
Šance in obrambno obzidje, None, Sights & Landmarks, /Attraction_Review-g1057703-d12319732-Reviews-Sance_in_obrambno_obzidje-Novo_Mesto_Lower_Carniola_Region.html, /Attractions-g1057703-Activities-Novo_Mesto_Lower_Carniola_Region.html
Reka Krka, None, Nature & Parks, /Attraction_Review-g1057703-d12319850-Reviews-Reka_Krka-Novo_Mesto_Lower_Carniola_Region.html, /Attractions-g1057703-Activities-Novo_Mesto_Lower_Carniola_Region.html
Grad Struga, None, Sights & Landmarks, /Attraction_Review-g1057703-d12320292-Reviews-Grad_Struga-Novo_Mesto_Lower_Carniola_Region.html, /Attractions-g1057703-Activities-Novo_Mesto_Lower_Carniola_Region.html
Muzej Lojzeta Slaka in Toneta Pavcka, None, Museums, /Attraction_Review-g17844691-d17835265-Reviews-Muzej_Lojzeta_Slaka_in_Toneta_Pavcka-Mirna_Pec_Novo_Mesto_Lower_Carniola_Regio.html, /Attractions-g1057703-Activities-Novo_Mesto_Lower_Carniola_Region.html
