attraction_name, attraction_rate, attraction_type, attraction_url, attraction_parent_url
Lipizzan Museum Lipikum, 4.0, Museums, /Attraction_Review-g274872-d10941469-Reviews-Lipizzan_Museum_Lipikum-Lipica_Slovenian_Littoral_Region.html, /Attractions-g274872-Activities-Lipica_Slovenian_Littoral_Region.html
Avgust Černigoj Gallery, 3.5, Museums, /Attraction_Review-g274872-d12231043-Reviews-Avgust_Cernigoj_Gallery-Lipica_Slovenian_Littoral_Region.html, /Attractions-g274872-Activities-Lipica_Slovenian_Littoral_Region.html
Grand Casino Lipica, 3.5, Casinos & Gambling, /Attraction_Review-g274872-d7029074-Reviews-Grand_Casino_Lipica-Lipica_Slovenian_Littoral_Region.html, /Attractions-g274872-Activities-Lipica_Slovenian_Littoral_Region.html
Lipica Stud Farm - Kobilarna Lipica, 4.0, Outdoor Activities, /Attraction_Review-g274872-d523473-Reviews-Lipica_Stud_Farm_Kobilarna_Lipica-Lipica_Slovenian_Littoral_Region.html, /Attractions-g274872-Activities-Lipica_Slovenian_Littoral_Region.html
Golf Klub Lipica, 3.5, Outdoor Activities, /Attraction_Review-g274872-d12893113-Reviews-Golf_Klub_Lipica-Lipica_Slovenian_Littoral_Region.html, /Attractions-g274872-Activities-Lipica_Slovenian_Littoral_Region.html
Casino Astraea, None, Casinos & Gambling, /Attraction_Review-g274872-d10762284-Reviews-Casino_Astraea-Lipica_Slovenian_Littoral_Region.html, /Attractions-g274872-Activities-Lipica_Slovenian_Littoral_Region.html
Cerkev Sv.Antona Padovanskega, None, Sights & Landmarks, /Attraction_Review-g274872-d20908883-Reviews-Cerkev_Sv_Antona_Padovanskega-Lipica_Slovenian_Littoral_Region.html, /Attractions-g274872-Activities-Lipica_Slovenian_Littoral_Region.html
