attraction_name, attraction_rate, attraction_type, attraction_url, attraction_parent_url
Šmartno, 4.5, Sights & Landmarks, /Attraction_Review-g1826200-d5602306-Reviews-Smartno-Kojsko_Slovenian_Littoral_Region.html, /Attractions-g1826200-Activities-Kojsko_Slovenian_Littoral_Region.html
Gonjace Lookout Tower, 4.5, Sights & Landmarks, /Attraction_Review-g1826200-d5988312-Reviews-Gonjace_Lookout_Tower-Kojsko_Slovenian_Littoral_Region.html, /Attractions-g1826200-Activities-Kojsko_Slovenian_Littoral_Region.html
Sabotin Park Miru, 4.5, Museums, /Attraction_Review-g1826200-d5784820-Reviews-Sabotin_Park_Miru-Kojsko_Slovenian_Littoral_Region.html, /Attractions-g1826200-Activities-Kojsko_Slovenian_Littoral_Region.html
Sabotin - Peace Park, 4.5, Nature & Parks, /Attraction_Review-g1826200-d5987950-Reviews-Sabotin_Peace_Park-Kojsko_Slovenian_Littoral_Region.html, /Attractions-g1826200-Activities-Kojsko_Slovenian_Littoral_Region.html
Sveti Križ - Goriška Brda, 5.0, Sights & Landmarks, /Attraction_Review-g1826200-d12999557-Reviews-Sveti_Kriz_Goriska_Brda-Kojsko_Slovenian_Littoral_Region.html, /Attractions-g1826200-Activities-Kojsko_Slovenian_Littoral_Region.html
Tourist Information Center Brda, 5.0, Traveller Resources, /Attraction_Review-g1826200-d17639628-Reviews-Tourist_Information_Center_Brda-Kojsko_Slovenian_Littoral_Region.html, /Attractions-g1826200-Activities-Kojsko_Slovenian_Littoral_Region.html
Nona Luisa, 5.0, Shopping, /Attraction_Review-g1826200-d10629418-Reviews-Nona_Luisa-Kojsko_Slovenian_Littoral_Region.html, /Attractions-g1826200-Activities-Kojsko_Slovenian_Littoral_Region.html
Turisticno Informacijski Center Brda, None, Traveller Resources, /Attraction_Review-g1826200-d12999549-Reviews-Turisticno_Informacijski_Center_Brda-Kojsko_Slovenian_Littoral_Region.html, /Attractions-g1826200-Activities-Kojsko_Slovenian_Littoral_Region.html
Župnijska cerkev Marijinega vnebovzetja, None, Sights & Landmarks, /Attraction_Review-g1826200-d12999551-Reviews-Zupnijska_cerkev_Marijinega_vnebovzetja-Kojsko_Slovenian_Littoral_Region.html, /Attractions-g1826200-Activities-Kojsko_Slovenian_Littoral_Region.html
Sv. Križ, None, Sights & Landmarks, /Attraction_Review-g1826200-d21340767-Reviews-Sv_Kriz-Kojsko_Slovenian_Littoral_Region.html, /Attractions-g1826200-Activities-Kojsko_Slovenian_Littoral_Region.html
Domacija Bizjak, None, Food & Drink, /Attraction_Review-g1826200-d21269146-Reviews-Domacija_Bizjak-Kojsko_Slovenian_Littoral_Region.html, /Attractions-g1826200-Activities-Kojsko_Slovenian_Littoral_Region.html
