attraction_name, attraction_rate, attraction_type, attraction_url, attraction_parent_url
Kozjak Waterfalls, 4.5, Nature & Parks, /Attraction_Review-g319788-d1746288-Reviews-Kozjak_Waterfalls-Kobarid_Slovenian_Littoral_Region.html, /Attractions-g319788-Activities-Kobarid_Slovenian_Littoral_Region.html
Kobarid Museum (Kobariski muzej), 4.5, Museums, /Attraction_Review-g319788-d276481-Reviews-Kobarid_Museum_Kobariski_muzej-Kobarid_Slovenian_Littoral_Region.html, /Attractions-g319788-Activities-Kobarid_Slovenian_Littoral_Region.html
Sacrario dei Caduti di Caporetto, 4.5, Sights & Landmarks, /Attraction_Review-g319788-d6754583-Reviews-Sacrario_dei_Caduti_di_Caporetto-Kobarid_Slovenian_Littoral_Region.html, /Attractions-g319788-Activities-Kobarid_Slovenian_Littoral_Region.html
Kobarid Historical Trail, 5.0, Nature & Parks, /Attraction_Review-g319788-d15595927-Reviews-Kobarid_Historical_Trail-Kobarid_Slovenian_Littoral_Region.html, /Attractions-g319788-Activities-Kobarid_Slovenian_Littoral_Region.html
Bridge of Napoleon, 4.0, Sights & Landmarks, /Attraction_Review-g319788-d7063267-Reviews-Bridge_of_Napoleon-Kobarid_Slovenian_Littoral_Region.html, /Attractions-g319788-Activities-Kobarid_Slovenian_Littoral_Region.html
Slap Krampez, 4.5, Nature & Parks, /Attraction_Review-g319788-d12613208-Reviews-Slap_Krampez-Kobarid_Slovenian_Littoral_Region.html, /Attractions-g319788-Activities-Kobarid_Slovenian_Littoral_Region.html
Tonovcov Grad - Kobarid, 4.5, Sights & Landmarks, /Attraction_Review-g319788-d12669650-Reviews-Tonovcov_Grad_Kobarid-Kobarid_Slovenian_Littoral_Region.html, /Attractions-g319788-Activities-Kobarid_Slovenian_Littoral_Region.html
Kosec Gorge, 5.0, Nature & Parks, /Attraction_Review-g319788-d12629001-Reviews-Kosec_Gorge-Kobarid_Slovenian_Littoral_Region.html, /Attractions-g319788-Activities-Kobarid_Slovenian_Littoral_Region.html
Tourist Information Centre Kobarid, 5.0, Traveller Resources, /Attraction_Review-g319788-d12730257-Reviews-Tourist_Information_Centre_Kobarid-Kobarid_Slovenian_Littoral_Region.html, /Attractions-g319788-Activities-Kobarid_Slovenian_Littoral_Region.html
Kozjak, 5.0, Nature & Parks, /Attraction_Review-g319788-d12548207-Reviews-Kozjak-Kobarid_Slovenian_Littoral_Region.html, /Attractions-g319788-Activities-Kobarid_Slovenian_Littoral_Region.html
Drezenica, 4.5, Museums, /Attraction_Review-g319788-d12529363-Reviews-Drezenica-Kobarid_Slovenian_Littoral_Region.html, /Attractions-g319788-Activities-Kobarid_Slovenian_Littoral_Region.html
Museum Planike, 3.5, Museums, /Attraction_Review-g319788-d8537783-Reviews-Museum_Planike-Kobarid_Slovenian_Littoral_Region.html, /Attractions-g319788-Activities-Kobarid_Slovenian_Littoral_Region.html
St Mary of the Assumption church, 3.5, Sights & Landmarks, /Attraction_Review-g319788-d12680205-Reviews-St_Mary_of_the_Assumption_church-Kobarid_Slovenian_Littoral_Region.html, /Attractions-g319788-Activities-Kobarid_Slovenian_Littoral_Region.html
Statue of Simon Gregorcic, 3.0, Sights & Landmarks, /Attraction_Review-g319788-d12800211-Reviews-Statue_of_Simon_Gregorcic-Kobarid_Slovenian_Littoral_Region.html, /Attractions-g319788-Activities-Kobarid_Slovenian_Littoral_Region.html
Brv Čez Sočo Pri Kobaridu, 4.0, Sights & Landmarks, /Attraction_Review-g319788-d19072944-Reviews-Brv_Cez_Soco_Pri_Kobaridu-Kobarid_Slovenian_Littoral_Region.html, /Attractions-g319788-Activities-Kobarid_Slovenian_Littoral_Region.html
Italijanska obrambna linija&& levi breg, 4.0, Sights & Landmarks, /Attraction_Review-g319788-d19072965-Reviews-Italijanska_obrambna_linija_levi_breg-Kobarid_Slovenian_Littoral_Region.html, /Attractions-g319788-Activities-Kobarid_Slovenian_Littoral_Region.html
Župnijska Cerkev Srca Jezusovega, 4.0, Sights & Landmarks, /Attraction_Review-g319788-d12843827-Reviews-Zupnijska_Cerkev_Srca_Jezusovega-Kobarid_Slovenian_Littoral_Region.html, /Attractions-g319788-Activities-Kobarid_Slovenian_Littoral_Region.html
X Point, 5.0, Boat Tours & Water Sports, /Attraction_Review-g319788-d2279704-Reviews-X_Point-Kobarid_Slovenian_Littoral_Region.html, /Attractions-g319788-Activities-Kobarid_Slovenian_Littoral_Region.html
River Soca, 5.0, Outdoor Activities, /Attraction_Review-g319788-d6834315-Reviews-River_Soca-Kobarid_Slovenian_Littoral_Region.html, /Attractions-g319788-Activities-Kobarid_Slovenian_Littoral_Region.html
Alpin Action, 5.0, Boat Tours & Water Sports, /Attraction_Review-g319788-d4744047-Reviews-Alpin_Action-Kobarid_Slovenian_Littoral_Region.html, /Attractions-g319788-Activities-Kobarid_Slovenian_Littoral_Region.html
Positive sport, 4.5, Outdoor Activities, /Attraction_Review-g319788-d6210949-Reviews-Positive_sport-Kobarid_Slovenian_Littoral_Region.html, /Attractions-g319788-Activities-Kobarid_Slovenian_Littoral_Region.html
Me2 Outdoor Center, 5.0, Boat Tours & Water Sports, /Attraction_Review-g319788-d20094921-Reviews-Me2_Outdoor_Center-Kobarid_Slovenian_Littoral_Region.html, /Attractions-g319788-Activities-Kobarid_Slovenian_Littoral_Region.html
Kobarid Kayak School, 5.0, Boat Tours & Water Sports, /Attraction_Review-g319788-d17713178-Reviews-Kobarid_Kayak_School-Kobarid_Slovenian_Littoral_Region.html, /Attractions-g319788-Activities-Kobarid_Slovenian_Littoral_Region.html
The Walks of Peace, 4.5, Tours, /Attraction_Review-g319788-d1749844-Reviews-The_Walks_of_Peace-Kobarid_Slovenian_Littoral_Region.html, /Attractions-g319788-Activities-Kobarid_Slovenian_Littoral_Region.html
E-bikes Kobarid, 5.0, Outdoor Activities, /Attraction_Review-g319788-d12730602-Reviews-E_bikes_Kobarid-Kobarid_Slovenian_Littoral_Region.html, /Attractions-g319788-Activities-Kobarid_Slovenian_Littoral_Region.html
A2 Rafting, 4.5, Boat Tours & Water Sports, /Attraction_Review-g319788-d20413511-Reviews-A2_Rafting-Kobarid_Slovenian_Littoral_Region.html, /Attractions-g319788-Activities-Kobarid_Slovenian_Littoral_Region.html
Aurora Restaurant &amp; Entertainment, None, Casinos & Gambling, /Attraction_Review-g319788-d17676178-Reviews-Aurora_Restaurant_Entertainment-Kobarid_Slovenian_Littoral_Region.html, /Attractions-g319788-Activities-Kobarid_Slovenian_Littoral_Region.html
Soča flow, None, Boat Tours & Water Sports, /Attraction_Review-g319788-d21225271-Reviews-Soca_flow-Kobarid_Slovenian_Littoral_Region.html, /Attractions-g319788-Activities-Kobarid_Slovenian_Littoral_Region.html
Reinkarmika, None, Shopping, /Attraction_Review-g319788-d20105598-Reviews-Reinkarmika-Kobarid_Slovenian_Littoral_Region.html, /Attractions-g319788-Activities-Kobarid_Slovenian_Littoral_Region.html
Wellness Modrina, None, Spas & Wellness, /Attraction_Review-g319788-d20215000-Reviews-Wellness_Modrina-Kobarid_Slovenian_Littoral_Region.html, /Attractions-g319788-Activities-Kobarid_Slovenian_Littoral_Region.html
