attraction_name, attraction_rate, attraction_type, attraction_url, attraction_parent_url
Tourist Information Centre – Kranj House, 4.5, Traveller Resources, /Attraction_Review-g644300-d7289577-Reviews-Tourist_Information_Centre_Kranj_House-Kranj_Upper_Carniola_Region.html, /Attractions-g644300-Activities-Kranj_Upper_Carniola_Region.html
The Tunnels under the old town Kranj, 4.5, Sights & Landmarks, /Attraction_Review-g644300-d4554658-Reviews-The_Tunnels_under_the_old_town_Kranj-Kranj_Upper_Carniola_Region.html, /Attractions-g644300-Activities-Kranj_Upper_Carniola_Region.html
Layer House, 4.5, Museums, /Attraction_Review-g644300-d10390901-Reviews-Layer_House-Kranj_Upper_Carniola_Region.html, /Attractions-g644300-Activities-Kranj_Upper_Carniola_Region.html
Plecnik's arcade and fountain, 4.0, Sights & Landmarks, /Attraction_Review-g644300-d8381277-Reviews-Plecnik_s_arcade_and_fountain-Kranj_Upper_Carniola_Region.html, /Attractions-g644300-Activities-Kranj_Upper_Carniola_Region.html
Brdo Castle, 4.0, Sights & Landmarks, /Attraction_Review-g644300-d8381300-Reviews-Brdo_Castle-Kranj_Upper_Carniola_Region.html, /Attractions-g644300-Activities-Kranj_Upper_Carniola_Region.html
Kanjon Kokre, 4.0, Sights & Landmarks, /Attraction_Review-g644300-d11779711-Reviews-Kanjon_Kokre-Kranj_Upper_Carniola_Region.html, /Attractions-g644300-Activities-Kranj_Upper_Carniola_Region.html
Dr. France Preseren Memorial Museum, 4.0, Museums, /Attraction_Review-g644300-d8317117-Reviews-Dr_France_Preseren_Memorial_Museum-Kranj_Upper_Carniola_Region.html, /Attractions-g644300-Activities-Kranj_Upper_Carniola_Region.html
Khislstein Castle and Country Mansion, 4.0, Museums, /Attraction_Review-g644300-d8375595-Reviews-Khislstein_Castle_and_Country_Mansion-Kranj_Upper_Carniola_Region.html, /Attractions-g644300-Activities-Kranj_Upper_Carniola_Region.html
St. Kancijan Church, 4.0, Sights & Landmarks, /Attraction_Review-g644300-d8317114-Reviews-St_Kancijan_Church-Kranj_Upper_Carniola_Region.html, /Attractions-g644300-Activities-Kranj_Upper_Carniola_Region.html
Sum Waterfall, 4.5, Nature & Parks, /Attraction_Review-g12364663-d12841698-Reviews-Sum_Waterfall-Zgornja_Besnica_Kranj_Upper_Carniola_Region.html, /Attractions-g644300-Activities-Kranj_Upper_Carniola_Region.html
Pungert With Two Towers and the Church, 4.0, Sights & Landmarks, /Attraction_Review-g644300-d8375597-Reviews-Pungert_With_Two_Towers_and_the_Church-Kranj_Upper_Carniola_Region.html, /Attractions-g644300-Activities-Kranj_Upper_Carniola_Region.html
Kokra Canyon, 5.0, Nature & Parks, /Attraction_Review-g644300-d15023465-Reviews-Kokra_Canyon-Kranj_Upper_Carniola_Region.html, /Attractions-g644300-Activities-Kranj_Upper_Carniola_Region.html
Preseren's Monument, 3.5, Sights & Landmarks, /Attraction_Review-g644300-d8317179-Reviews-Preseren_s_Monument-Kranj_Upper_Carniola_Region.html, /Attractions-g644300-Activities-Kranj_Upper_Carniola_Region.html
Gorenjski Muzej, 4.0, Museums, /Attraction_Review-g644300-d9703547-Reviews-Gorenjski_Muzej-Kranj_Upper_Carniola_Region.html, /Attractions-g644300-Activities-Kranj_Upper_Carniola_Region.html
The Ossuary, 4.0, Sights & Landmarks, /Attraction_Review-g644300-d8381181-Reviews-The_Ossuary-Kranj_Upper_Carniola_Region.html, /Attractions-g644300-Activities-Kranj_Upper_Carniola_Region.html
Town Hall, 4.0, Museums, /Attraction_Review-g644300-d8377915-Reviews-Town_Hall-Kranj_Upper_Carniola_Region.html, /Attractions-g644300-Activities-Kranj_Upper_Carniola_Region.html
Storzic, 4.5, Nature & Parks, /Attraction_Review-g644300-d10677361-Reviews-Storzic-Kranj_Upper_Carniola_Region.html, /Attractions-g644300-Activities-Kranj_Upper_Carniola_Region.html
SV. Jošt, 5.0, Nature & Parks, /Attraction_Review-g644300-d10677377-Reviews-SV_Jost-Kranj_Upper_Carniola_Region.html, /Attractions-g644300-Activities-Kranj_Upper_Carniola_Region.html
Tollhouse (Mitnicarska hisa), 4.0, Sights & Landmarks, /Attraction_Review-g644300-d8384754-Reviews-Tollhouse_Mitnicarska_hisa-Kranj_Upper_Carniola_Region.html, /Attractions-g644300-Activities-Kranj_Upper_Carniola_Region.html
sport centre VOGU, 5.0, Fun & Games, /Attraction_Review-g644300-d7349044-Reviews-Sport_centre_VOGU-Kranj_Upper_Carniola_Region.html, /Attractions-g644300-Activities-Kranj_Upper_Carniola_Region.html
Trbojsko Jezero, 4.0, Nature & Parks, /Attraction_Review-g644300-d10677340-Reviews-Trbojsko_Jezero-Kranj_Upper_Carniola_Region.html, /Attractions-g644300-Activities-Kranj_Upper_Carniola_Region.html
Šmarjetna Gora, 2.5, Nature & Parks, /Attraction_Review-g644300-d10677360-Reviews-Smarjetna_Gora-Kranj_Upper_Carniola_Region.html, /Attractions-g644300-Activities-Kranj_Upper_Carniola_Region.html
Preseren's Grove, 4.0, Sights & Landmarks, /Attraction_Review-g644300-d8381246-Reviews-Preseren_s_Grove-Kranj_Upper_Carniola_Region.html, /Attractions-g644300-Activities-Kranj_Upper_Carniola_Region.html
Preseren Award Winners Gallery, 3.0, Museums, /Attraction_Review-g644300-d10318539-Reviews-Preseren_Award_Winners_Gallery-Kranj_Upper_Carniola_Region.html, /Attractions-g644300-Activities-Kranj_Upper_Carniola_Region.html
Škrlovec Tower, 3.5, Museums, /Attraction_Review-g644300-d10338854-Reviews-Skrlovec_Tower-Kranj_Upper_Carniola_Region.html, /Attractions-g644300-Activities-Kranj_Upper_Carniola_Region.html
Saint Margaret's Church, 4.0, Sights & Landmarks, /Attraction_Review-g644300-d9722240-Reviews-Saint_Margaret_s_Church-Kranj_Upper_Carniola_Region.html, /Attractions-g644300-Activities-Kranj_Upper_Carniola_Region.html
The Water Tower, 3.0, Sights & Landmarks, /Attraction_Review-g644300-d8384776-Reviews-The_Water_Tower-Kranj_Upper_Carniola_Region.html, /Attractions-g644300-Activities-Kranj_Upper_Carniola_Region.html
Kranj's Defence Wall, 3.5, Sights & Landmarks, /Attraction_Review-g644300-d8381255-Reviews-Kranj_s_Defence_Wall-Kranj_Upper_Carniola_Region.html, /Attractions-g644300-Activities-Kranj_Upper_Carniola_Region.html
Udin Boršt, None, Nature & Parks, /Attraction_Review-g644300-d10677310-Reviews-Udin_Borst-Kranj_Upper_Carniola_Region.html, /Attractions-g644300-Activities-Kranj_Upper_Carniola_Region.html
The Chappel of St. Peter, None, Sights & Landmarks, /Attraction_Review-g644300-d8381292-Reviews-The_Chappel_of_St_Peter-Kranj_Upper_Carniola_Region.html, /Attractions-g644300-Activities-Kranj_Upper_Carniola_Region.html
