attraction_name, attraction_rate, attraction_type, attraction_url, attraction_parent_url
Pivovarna Lasko, 4.0, Food & Drink, /Attraction_Review-g1077241-d8587496-Reviews-Pivovarna_Lasko-Lasko_Styria_Region.html, /Attractions-g1077241-Activities-Lasko_Styria_Region.html
Zdraviliski Park, 5.0, Nature & Parks, /Attraction_Review-g1077241-d13831822-Reviews-Zdraviliski_Park-Lasko_Styria_Region.html, /Attractions-g1077241-Activities-Lasko_Styria_Region.html
Tabor Castle, 4.0, Sights & Landmarks, /Attraction_Review-g1077241-d13831745-Reviews-Tabor_Castle-Lasko_Styria_Region.html, /Attractions-g1077241-Activities-Lasko_Styria_Region.html
Thermana Lasko Hotels &amp; Resorts, 3.5, Sights & Landmarks, /Attraction_Review-g1077241-d15062219-Reviews-Thermana_Lasko_Hotels_Resorts-Lasko_Styria_Region.html, /Attractions-g1077241-Activities-Lasko_Styria_Region.html
Black Bridge, 3.5, Sights & Landmarks, /Attraction_Review-g1077241-d13831772-Reviews-Black_Bridge-Lasko_Styria_Region.html, /Attractions-g1077241-Activities-Lasko_Styria_Region.html
Tourist Information centre Lasko, 4.5, Traveller Resources, /Attraction_Review-g1077241-d13867291-Reviews-Tourist_Information_centre_Lasko-Lasko_Styria_Region.html, /Attractions-g1077241-Activities-Lasko_Styria_Region.html
Arch-parochial Church of St. Martin, 4.0, Sights & Landmarks, /Attraction_Review-g1077241-d13831808-Reviews-Arch_parochial_Church_of_St_Martin-Lasko_Styria_Region.html, /Attractions-g1077241-Activities-Lasko_Styria_Region.html
Statue of Gambrinus - the king of beer, 4.0, Sights & Landmarks, /Attraction_Review-g1077241-d13831779-Reviews-Statue_of_Gambrinus_the_king_of_beer-Lasko_Styria_Region.html, /Attractions-g1077241-Activities-Lasko_Styria_Region.html
Lasko Museum, 4.0, Museums, /Attraction_Review-g1077241-d13831744-Reviews-Lasko_Museum-Lasko_Styria_Region.html, /Attractions-g1077241-Activities-Lasko_Styria_Region.html
Valvasorjev trg Square, 3.5, Sights & Landmarks, /Attraction_Review-g1077241-d13831762-Reviews-Valvasorjev_trg_Square-Lasko_Styria_Region.html, /Attractions-g1077241-Activities-Lasko_Styria_Region.html
Aškerčev trg Square, 4.0, Sights & Landmarks, /Attraction_Review-g1077241-d13831750-Reviews-Askercev_trg_Square-Lasko_Styria_Region.html, /Attractions-g1077241-Activities-Lasko_Styria_Region.html
Enigmarium Escape Room Lasko, 5.0, Fun & Games, /Attraction_Review-g1077241-d12707470-Reviews-Enigmarium_Escape_Room_Lasko-Lasko_Styria_Region.html, /Attractions-g1077241-Activities-Lasko_Styria_Region.html
Thermana Lasko Room VR Experience, 5.0, Fun & Games, /Attraction_Review-g1077241-d15279268-Reviews-Thermana_Lasko_Room_VR_Experience-Lasko_Styria_Region.html, /Attractions-g1077241-Activities-Lasko_Styria_Region.html
HoneyBrew Lasko Tour, 5.0, Food & Drink, /Attraction_Review-g1077241-d21129675-Reviews-HoneyBrew_Lasko_Tour-Lasko_Styria_Region.html, /Attractions-g1077241-Activities-Lasko_Styria_Region.html
Lasko Brewery Tour, 4.0, Food & Drink, /Attraction_Review-g1077241-d10228915-Reviews-Lasko_Brewery_Tour-Lasko_Styria_Region.html, /Attractions-g1077241-Activities-Lasko_Styria_Region.html
Katka, 5.0, Shopping, /Attraction_Review-g1077241-d18380001-Reviews-Katka-Lasko_Styria_Region.html, /Attractions-g1077241-Activities-Lasko_Styria_Region.html
Špital Building, None, Sights & Landmarks, /Attraction_Review-g1077241-d13831746-Reviews-Spital_Building-Lasko_Styria_Region.html, /Attractions-g1077241-Activities-Lasko_Styria_Region.html
Orožnov trg Square, None, Sights & Landmarks, /Attraction_Review-g1077241-d13831749-Reviews-Oroznov_trg_Square-Lasko_Styria_Region.html, /Attractions-g1077241-Activities-Lasko_Styria_Region.html
Laško Library - Weichselberger Mansion, None, Traveller Resources, /Attraction_Review-g1077241-d13831751-Reviews-Lasko_Library_Weichselberger_Mansion-Lasko_Styria_Region.html, /Attractions-g1077241-Activities-Lasko_Styria_Region.html
Laško Municipality - Lilie Family Castle, None, Sights & Landmarks, /Attraction_Review-g1077241-d13831761-Reviews-Lasko_Municipality_Lilie_Family_Castle-Lasko_Styria_Region.html, /Attractions-g1077241-Activities-Lasko_Styria_Region.html
Kulturni Center Lasko, None, Concerts & Shows, /Attraction_Review-g1077241-d13867289-Reviews-Kulturni_Center_Lasko-Lasko_Styria_Region.html, /Attractions-g1077241-Activities-Lasko_Styria_Region.html
Church of St. Christopher - Krištof, None, Sights & Landmarks, /Attraction_Review-g1077241-d13831780-Reviews-Church_of_St_Christopher_Kristof-Lasko_Styria_Region.html, /Attractions-g1077241-Activities-Lasko_Styria_Region.html
Maleš Art Gallery, None, Museums, /Attraction_Review-g1077241-d13831824-Reviews-Males_Art_Gallery-Lasko_Styria_Region.html, /Attractions-g1077241-Activities-Lasko_Styria_Region.html
Kneja Distillery, None, Food & Drink, /Attraction_Review-g1077241-d13831825-Reviews-Kneja_Distillery-Lasko_Styria_Region.html, /Attractions-g1077241-Activities-Lasko_Styria_Region.html
Solar Beekeeping, None, Sights & Landmarks, /Attraction_Review-g1077241-d21229330-Reviews-Solar_Beekeeping-Lasko_Styria_Region.html, /Attractions-g1077241-Activities-Lasko_Styria_Region.html
