attraction_name, attraction_rate, attraction_type, attraction_url, attraction_parent_url
The Parish Church of the Assumption of Mary, 4.5, Sights & Landmarks, /Attraction_Review-g666704-d11716259-Reviews-The_Parish_Church_of_the_Assumption_of_Mary-Dobrna_Styria_Region.html, /Attractions-g666704-Activities-Dobrna_Styria_Region.html
The Vovk Mill, 4.5, Sights & Landmarks, /Attraction_Review-g666704-d11717749-Reviews-The_Vovk_Mill-Dobrna_Styria_Region.html, /Attractions-g666704-Activities-Dobrna_Styria_Region.html
Villa Ružička, 3.5, Sights & Landmarks, /Attraction_Review-g666704-d11707912-Reviews-Villa_Ruzicka-Dobrna_Styria_Region.html, /Attractions-g666704-Activities-Dobrna_Styria_Region.html
The Cultural Heritage House, 4.0, Sights & Landmarks, /Attraction_Review-g666704-d11726899-Reviews-The_Cultural_Heritage_House-Dobrna_Styria_Region.html, /Attractions-g666704-Activities-Dobrna_Styria_Region.html
The house on the lawn or the post office, 4.0, Sights & Landmarks, /Attraction_Review-g666704-d11714908-Reviews-The_house_on_the_lawn_or_the_post_office-Dobrna_Styria_Region.html, /Attractions-g666704-Activities-Dobrna_Styria_Region.html
La Vita Spa &amp; Beauty, 5.0, Spas & Wellness, /Attraction_Review-g666704-d12357536-Reviews-La_Vita_Spa_Beauty-Dobrna_Styria_Region.html, /Attractions-g666704-Activities-Dobrna_Styria_Region.html
Baths – Hotel Vita, 4.0, Spas & Wellness, /Attraction_Review-g666704-d15127472-Reviews-Baths_Hotel_Vita-Dobrna_Styria_Region.html, /Attractions-g666704-Activities-Dobrna_Styria_Region.html
Mercator Market Dobrna, 3.0, Shopping, /Attraction_Review-g666704-d7000711-Reviews-Mercator_Market_Dobrna-Dobrna_Styria_Region.html, /Attractions-g666704-Activities-Dobrna_Styria_Region.html
The Šumej black kitchen, None, Sights & Landmarks, /Attraction_Review-g666704-d11712209-Reviews-The_Sumej_black_kitchen-Dobrna_Styria_Region.html, /Attractions-g666704-Activities-Dobrna_Styria_Region.html
The New Castle or Neuhaus in Lokovina, None, Sights & Landmarks, /Attraction_Review-g666704-d11714937-Reviews-The_New_Castle_or_Neuhaus_in_Lokovina-Dobrna_Styria_Region.html, /Attractions-g666704-Activities-Dobrna_Styria_Region.html
The parish church of St. Judoc, None, Sights & Landmarks, /Attraction_Review-g666704-d11717772-Reviews-The_parish_church_of_St_Judoc-Dobrna_Styria_Region.html, /Attractions-g666704-Activities-Dobrna_Styria_Region.html
Terme Dobrna, None, Spas & Wellness, /Attraction_Review-g666704-d19175315-Reviews-Terme_Dobrna-Dobrna_Styria_Region.html, /Attractions-g666704-Activities-Dobrna_Styria_Region.html
Spa Park, None, Nature & Parks, /Attraction_Review-g666704-d20318683-Reviews-Spa_Park-Dobrna_Styria_Region.html, /Attractions-g666704-Activities-Dobrna_Styria_Region.html
