attraction_name, attraction_rate, attraction_type, attraction_url, attraction_parent_url
Mestna loža - Piran, 4.0, Sights & Landmarks, /Attraction_Review-g274876-d11958211-Reviews-Mestna_loza_Piran-Piran_Slovenian_Istria_Slovenian_Littoral_Region.html, /Attractions-g274876-Activities-Piran_Slovenian_Istria_Slovenian_Littoral_Region.html
Tartini Theatre, 3.0, Concerts & Shows, /Attraction_Review-g274876-d12398563-Reviews-Tartini_Theatre-Piran_Slovenian_Istria_Slovenian_Littoral_Region.html, /Attractions-g274876-Activities-Piran_Slovenian_Istria_Slovenian_Littoral_Region.html
Gallery of Herman Pečarič, 4.0, Museums, /Attraction_Review-g274876-d12393532-Reviews-Gallery_of_Herman_Pecaric-Piran_Slovenian_Istria_Slovenian_Littoral_Region.html, /Attractions-g274876-Activities-Piran_Slovenian_Istria_Slovenian_Littoral_Region.html
Palača Trevisini, 4.0, Sights & Landmarks, /Attraction_Review-g274876-d20534813-Reviews-Palaca_Trevisini-Piran_Slovenian_Istria_Slovenian_Littoral_Region.html, /Attractions-g274876-Activities-Piran_Slovenian_Istria_Slovenian_Littoral_Region.html
Gabrielli Palace, 4.0, Sights & Landmarks, /Attraction_Review-g274876-d20481923-Reviews-Gabrielli_Palace-Piran_Slovenian_Istria_Slovenian_Littoral_Region.html, /Attractions-g274876-Activities-Piran_Slovenian_Istria_Slovenian_Littoral_Region.html
Spomenik Giuseppe Tartiniju, 4.0, Sights & Landmarks, /Attraction_Review-g274876-d20407787-Reviews-Spomenik_Giuseppe_Tartiniju-Piran_Slovenian_Istria_Slovenian_Littoral_Region.html, /Attractions-g274876-Activities-Piran_Slovenian_Istria_Slovenian_Littoral_Region.html
Piranski svetilnik, 4.0, Sights & Landmarks, /Attraction_Review-g274876-d20404324-Reviews-Piranski_svetilnik-Piran_Slovenian_Istria_Slovenian_Littoral_Region.html, /Attractions-g274876-Activities-Piran_Slovenian_Istria_Slovenian_Littoral_Region.html
Cerkev Marije Zdravja, 4.0, Sights & Landmarks, /Attraction_Review-g274876-d20404321-Reviews-Cerkev_Marije_Zdravja-Piran_Slovenian_Istria_Slovenian_Littoral_Region.html, /Attractions-g274876-Activities-Piran_Slovenian_Istria_Slovenian_Littoral_Region.html
Tartini House, 4.0, Sights & Landmarks, /Attraction_Review-g274876-d20391082-Reviews-Tartini_House-Piran_Slovenian_Istria_Slovenian_Littoral_Region.html, /Attractions-g274876-Activities-Piran_Slovenian_Istria_Slovenian_Littoral_Region.html
Baročna hiša, 4.0, Sights & Landmarks, /Attraction_Review-g274876-d20366936-Reviews-Barocna_hisa-Piran_Slovenian_Istria_Slovenian_Littoral_Region.html, /Attractions-g274876-Activities-Piran_Slovenian_Istria_Slovenian_Littoral_Region.html
Gallery Meduza 2, None, Museums, /Attraction_Review-g274876-d12393529-Reviews-Gallery_Meduza_2-Piran_Slovenian_Istria_Slovenian_Littoral_Region.html, /Attractions-g274876-Activities-Piran_Slovenian_Istria_Slovenian_Littoral_Region.html
Spiaggia di Sezza - Plaža na Rtu Seča, None, Nature & Parks, /Attraction_Review-g274876-d20913941-Reviews-Spiaggia_di_Sezza_Plaza_na_Rtu_Seca-Piran_Slovenian_Istria_Slovenian_Littoral_Re.html, /Attractions-g274876-Activities-Piran_Slovenian_Istria_Slovenian_Littoral_Region.html
Spiaggia di Fiesso - Plaža Fiesa, None, Nature & Parks, /Attraction_Review-g274876-d20913942-Reviews-Spiaggia_di_Fiesso_Plaza_Fiesa-Piran_Slovenian_Istria_Slovenian_Littoral_Region.html, /Attractions-g274876-Activities-Piran_Slovenian_Istria_Slovenian_Littoral_Region.html
Strunjan footpath, None, Nature & Parks, /Attraction_Review-g274876-d20913994-Reviews-Strunjan_footpath-Piran_Slovenian_Istria_Slovenian_Littoral_Region.html, /Attractions-g274876-Activities-Piran_Slovenian_Istria_Slovenian_Littoral_Region.html
Seča footpath, None, Nature & Parks, /Attraction_Review-g274876-d20913996-Reviews-Seca_footpath-Piran_Slovenian_Istria_Slovenian_Littoral_Region.html, /Attractions-g274876-Activities-Piran_Slovenian_Istria_Slovenian_Littoral_Region.html
Župnijska cerkev sv. Jurija, None, Sights & Landmarks, /Attraction_Review-g274876-d20365693-Reviews-Zupnijska_cerkev_sv_Jurija-Piran_Slovenian_Istria_Slovenian_Littoral_Region.html, /Attractions-g274876-Activities-Piran_Slovenian_Istria_Slovenian_Littoral_Region.html
Gledalisce Giuseppe Tartini, None, Concerts & Shows, /Attraction_Review-g274876-d19510271-Reviews-Gledalisce_Giuseppe_Tartini-Piran_Slovenian_Istria_Slovenian_Littoral_Region.html, /Attractions-g274876-Activities-Piran_Slovenian_Istria_Slovenian_Littoral_Region.html
