attraction_name, attraction_rate, attraction_type, attraction_url, attraction_parent_url
Casino Perla, 4.0, Casinos & Gambling, /Attraction_Review-g612453-d4572817-Reviews-Casino_Perla-Nova_Gorica_Styria_Region.html, /Attractions-g612453-Activities-Nova_Gorica_Styria_Region.html
Reservoir Dogs brewery, 5.0, Food & Drink, /Attraction_Review-g612453-d12893300-Reviews-Reservoir_Dogs_brewery-Nova_Gorica_Styria_Region.html, /Attractions-g612453-Activities-Nova_Gorica_Styria_Region.html
Stazione Transalpina, 4.0, Sights & Landmarks, /Attraction_Review-g612453-d4284007-Reviews-Stazione_Transalpina-Nova_Gorica_Styria_Region.html, /Attractions-g612453-Activities-Nova_Gorica_Styria_Region.html
Casinò Park, 4.0, Casinos & Gambling, /Attraction_Review-g612453-d8658907-Reviews-Casino_Park-Nova_Gorica_Styria_Region.html, /Attractions-g612453-Activities-Nova_Gorica_Styria_Region.html
Grad Kromberk, 4.0, Sights & Landmarks, /Attraction_Review-g612453-d3227883-Reviews-Grad_Kromberk-Nova_Gorica_Styria_Region.html, /Attractions-g612453-Activities-Nova_Gorica_Styria_Region.html
Franziskanerkloster Konstanjevica, 4.0, Sights & Landmarks, /Attraction_Review-g612453-d5035102-Reviews-Franziskanerkloster_Konstanjevica-Nova_Gorica_Styria_Region.html, /Attractions-g612453-Activities-Nova_Gorica_Styria_Region.html
Gallus Craft &amp; Draft Beer Bar, 5.0, Food & Drink, /Attraction_Review-g612453-d11921045-Reviews-Gallus_Craft_Draft_Beer_Bar-Nova_Gorica_Styria_Region.html, /Attractions-g612453-Activities-Nova_Gorica_Styria_Region.html
Trg Evrope, 4.0, Sights & Landmarks, /Attraction_Review-g612453-d10512666-Reviews-Trg_Evrope-Nova_Gorica_Styria_Region.html, /Attractions-g612453-Activities-Nova_Gorica_Styria_Region.html
Casino Fortuna, 3.5, Casinos & Gambling, /Attraction_Review-g612453-d2697713-Reviews-Casino_Fortuna-Nova_Gorica_Styria_Region.html, /Attractions-g612453-Activities-Nova_Gorica_Styria_Region.html
Sveta Gora (Holy Mountain), 4.5, Sights & Landmarks, /Attraction_Review-g1077246-d519622-Reviews-Sveta_Gora_Holy_Mountain-Solkan_Nova_Gorica_Styria_Region.html, /Attractions-g612453-Activities-Nova_Gorica_Styria_Region.html
Solkanski Most, 4.5, Sights & Landmarks, /Attraction_Review-g1077246-d3950059-Reviews-Solkanski_Most-Solkan_Nova_Gorica_Styria_Region.html, /Attractions-g612453-Activities-Nova_Gorica_Styria_Region.html
Goriska knjiznica Franceta Bevka, 5.0, Traveller Resources, /Attraction_Review-g612453-d12141101-Reviews-Goriska_knjiznica_Franceta_Bevka-Nova_Gorica_Styria_Region.html, /Attractions-g612453-Activities-Nova_Gorica_Styria_Region.html
Nova Kulturno-Informativna Točka, 5.0, Sights & Landmarks, /Attraction_Review-g612453-d10524935-Reviews-Nova_Kulturno_Informativna_Tocka-Nova_Gorica_Styria_Region.html, /Attractions-g612453-Activities-Nova_Gorica_Styria_Region.html
Židovsko pokopališče, 4.5, Sights & Landmarks, /Attraction_Review-g612453-d10219893-Reviews-Zidovsko_pokopalisce-Nova_Gorica_Styria_Region.html, /Attractions-g612453-Activities-Nova_Gorica_Styria_Region.html
Občinska palača, 3.0, Sights & Landmarks, /Attraction_Review-g612453-d10219904-Reviews-Obcinska_palaca-Nova_Gorica_Styria_Region.html, /Attractions-g612453-Activities-Nova_Gorica_Styria_Region.html
Lepa Vida Boutique Winery, 5.0, Food & Drink, /Attraction_Review-g1902832-d9792435-Reviews-Lepa_Vida_Boutique_Winery-Sempas_Nova_Gorica_Styria_Region.html, /Attractions-g612453-Activities-Nova_Gorica_Styria_Region.html
Branik Castle, 4.0, Sights & Landmarks, /Attraction_Review-g1085992-d10663724-Reviews-Branik_Castle-Branik_Nova_Gorica_Styria_Region.html, /Attractions-g612453-Activities-Nova_Gorica_Styria_Region.html
Vina Gustin, 5.0, Food & Drink, /Attraction_Review-g15030305-d14976816-Reviews-Vina_Gustin-Dornberk_Nova_Gorica_Styria_Region.html, /Attractions-g612453-Activities-Nova_Gorica_Styria_Region.html
JNK Winery - Kmetija Mervic, 5.0, Food & Drink, /Attraction_Review-g1902832-d4868321-Reviews-JNK_Winery_Kmetija_Mervic-Sempas_Nova_Gorica_Styria_Region.html, /Attractions-g612453-Activities-Nova_Gorica_Styria_Region.html
Vinarstvo Batič, 4.0, Food & Drink, /Attraction_Review-g1902832-d3966221-Reviews-Vinarstvo_Batic-Sempas_Nova_Gorica_Styria_Region.html, /Attractions-g612453-Activities-Nova_Gorica_Styria_Region.html
Soca Fun Park, 5.0, Fun & Games, /Attraction_Review-g1077246-d8261307-Reviews-Soca_Fun_Park-Solkan_Nova_Gorica_Styria_Region.html, /Attractions-g612453-Activities-Nova_Gorica_Styria_Region.html
Onnose Adventures, 5.0, Boat Tours & Water Sports, /Attraction_Review-g14944220-d14894101-Reviews-Onnose_Adventures-Ozeljan_Nova_Gorica_Styria_Region.html, /Attractions-g612453-Activities-Nova_Gorica_Styria_Region.html
Ride Around, 5.0, Food & Drink, /Attraction_Review-g612453-d10666810-Reviews-Ride_Around-Nova_Gorica_Styria_Region.html, /Attractions-g612453-Activities-Nova_Gorica_Styria_Region.html
Qlandia Nova Gorica, 4.0, Shopping, /Attraction_Review-g612453-d5071967-Reviews-Qlandia_Nova_Gorica-Nova_Gorica_Styria_Region.html, /Attractions-g612453-Activities-Nova_Gorica_Styria_Region.html
Magma X, 4.5, Outdoor Activities, /Attraction_Review-g612453-d5567991-Reviews-Magma_X-Nova_Gorica_Styria_Region.html, /Attractions-g612453-Activities-Nova_Gorica_Styria_Region.html
Top Extreme, 5.0, Boat Tours & Water Sports, /Attraction_Review-g1077246-d2218365-Reviews-Top_Extreme-Solkan_Nova_Gorica_Styria_Region.html, /Attractions-g612453-Activities-Nova_Gorica_Styria_Region.html
Supernova Nova Gorica, 3.5, Shopping, /Attraction_Review-g612453-d5071968-Reviews-Supernova_Nova_Gorica-Nova_Gorica_Styria_Region.html, /Attractions-g612453-Activities-Nova_Gorica_Styria_Region.html
ManiPediSpa Supernova, 4.5, Spas & Wellness, /Attraction_Review-g612453-d8180051-Reviews-ManiPediSpa_Supernova-Nova_Gorica_Styria_Region.html, /Attractions-g612453-Activities-Nova_Gorica_Styria_Region.html
Domače dobrote Metka, 5.0, Food & Drink, /Attraction_Review-g15030305-d20960443-Reviews-Domace_dobrote_Metka-Dornberk_Nova_Gorica_Styria_Region.html, /Attractions-g612453-Activities-Nova_Gorica_Styria_Region.html
SOČA FUN PARK, 5.0, Tours, /Attraction_Review-g612453-d17540733-Reviews-SOCA_FUN_PARK-Nova_Gorica_Styria_Region.html, /Attractions-g612453-Activities-Nova_Gorica_Styria_Region.html
