attraction_name, attraction_rate, attraction_type, attraction_url, attraction_parent_url
Boris Lisjak Winery, 5.0, Food & Drink, /Attraction_Review-g1493758-d4815888-Reviews-Boris_Lisjak_Winery-Dutovlje_Slovenian_Littoral_Region.html, /Attractions-g1493758-Activities-Dutovlje_Slovenian_Littoral_Region.html
Tourist Information Centre Dutovlje, 4.0, Traveller Resources, /Attraction_Review-g1493758-d15741693-Reviews-Tourist_Information_Centre_Dutovlje-Dutovlje_Slovenian_Littoral_Region.html, /Attractions-g1493758-Activities-Dutovlje_Slovenian_Littoral_Region.html
Vina Stoka, 3.5, Food & Drink, /Attraction_Review-g1493758-d9605528-Reviews-Vina_Stoka-Dutovlje_Slovenian_Littoral_Region.html, /Attractions-g1493758-Activities-Dutovlje_Slovenian_Littoral_Region.html
Pepa's Karst Garden, 4.0, Nature & Parks, /Attraction_Review-g1493758-d10371990-Reviews-Pepa_s_Karst_Garden-Dutovlje_Slovenian_Littoral_Region.html, /Attractions-g1493758-Activities-Dutovlje_Slovenian_Littoral_Region.html
Petelin Rogelja Winery, None, Food & Drink, /Attraction_Review-g1493758-d15221650-Reviews-Petelin_Rogelja_Winery-Dutovlje_Slovenian_Littoral_Region.html, /Attractions-g1493758-Activities-Dutovlje_Slovenian_Littoral_Region.html
Mmm Beatrice, None, Shopping, /Attraction_Review-g1493758-d18931385-Reviews-Mmm_Beatrice-Dutovlje_Slovenian_Littoral_Region.html, /Attractions-g1493758-Activities-Dutovlje_Slovenian_Littoral_Region.html
Čotova Klet, None, Food & Drink, /Attraction_Review-g1493758-d22885986-Reviews-Cotova_Klet-Dutovlje_Slovenian_Littoral_Region.html, /Attractions-g1493758-Activities-Dutovlje_Slovenian_Littoral_Region.html
