attraction_name, attraction_rate, attraction_type, attraction_url, attraction_parent_url
Tomas Wine Cellar, 5.0, Food & Drink, /Attraction_Review-g7276638-d15313800-Reviews-Tomas_Wine_Cellar-Podnanos_Slovenian_Littoral_Region.html, /Attractions-g7276638-Activities-Podnanos_Slovenian_Littoral_Region.html
Cultus Vineyard &amp; Winery, 5.0, Food & Drink, /Attraction_Review-g7276638-d7273875-Reviews-Cultus_Vineyard_Winery-Podnanos_Slovenian_Littoral_Region.html, /Attractions-g7276638-Activities-Podnanos_Slovenian_Littoral_Region.html
Museum Collection of Analogue Transmission Techniques on Mt. Nanos, None, Museums, /Attraction_Review-g7276638-d17765226-Reviews-Museum_Collection_of_Analogue_Transmission_Techniques_on_Mt_Nanos-Podnanos_Slov.html, /Attractions-g7276638-Activities-Podnanos_Slovenian_Littoral_Region.html
Nanos Plateau, None, Nature & Parks, /Attraction_Review-g7276638-d20279971-Reviews-Nanos_Plateau-Podnanos_Slovenian_Littoral_Region.html, /Attractions-g7276638-Activities-Podnanos_Slovenian_Littoral_Region.html
