attraction_name, attraction_rate, attraction_type, attraction_url, attraction_parent_url
Rimske Terme, 4.0, Spas & Wellness, /Attraction_Review-g1955039-d20318350-Reviews-Rimske_Terme-Rimske_Toplice_Styria_Region.html, /Attractions-g1955039-Activities-Rimske_Toplice_Styria_Region.html
B3 – The Askerc Trail, None, Nature & Parks, /Attraction_Review-g1955039-d13867426-Reviews-B3_The_Askerc_Trail-Rimske_Toplice_Styria_Region.html, /Attractions-g1955039-Activities-Rimske_Toplice_Styria_Region.html
Laško Spa Park, None, Nature & Parks, /Attraction_Review-g1955039-d13831837-Reviews-Lasko_Spa_Park-Rimske_Toplice_Styria_Region.html, /Attractions-g1955039-Activities-Rimske_Toplice_Styria_Region.html
Aškerc Homestead, None, Sights & Landmarks, /Attraction_Review-g1955039-d19115212-Reviews-Askerc_Homestead-Rimske_Toplice_Styria_Region.html, /Attractions-g1955039-Activities-Rimske_Toplice_Styria_Region.html
