attraction_name, attraction_rate, attraction_type, attraction_url, attraction_parent_url
Pasja plaža, 3.0, Nature & Parks, /Attraction_Review-g608962-d20090342-Reviews-Pasja_plaza-Izola_Slovenian_Istria_Slovenian_Littoral_Region.html, /Attractions-g608962-Activities-Izola_Slovenian_Istria_Slovenian_Littoral_Region.html
Plošča Družine Ugo, None, Sights & Landmarks, /Attraction_Review-g608962-d10712047-Reviews-Plosca_Druzine_Ugo-Izola_Slovenian_Istria_Slovenian_Littoral_Region.html, /Attractions-g608962-Activities-Izola_Slovenian_Istria_Slovenian_Littoral_Region.html
Cerkev sv. Roka, None, Sights & Landmarks, /Attraction_Review-g608962-d10692497-Reviews-Cerkev_sv_Roka-Izola_Slovenian_Istria_Slovenian_Littoral_Region.html, /Attractions-g608962-Activities-Izola_Slovenian_Istria_Slovenian_Littoral_Region.html
Cerkev sv. Dominika - Izola, None, Sights & Landmarks, /Attraction_Review-g608962-d10692501-Reviews-Cerkev_sv_Dominika_Izola-Izola_Slovenian_Istria_Slovenian_Littoral_Region.html, /Attractions-g608962-Activities-Izola_Slovenian_Istria_Slovenian_Littoral_Region.html
Galerija Alga, None, Museums, /Attraction_Review-g608962-d10692514-Reviews-Galerija_Alga-Izola_Slovenian_Istria_Slovenian_Littoral_Region.html, /Attractions-g608962-Activities-Izola_Slovenian_Istria_Slovenian_Littoral_Region.html
Sončna dvorana, None, Museums, /Attraction_Review-g608962-d10692515-Reviews-Soncna_dvorana-Izola_Slovenian_Istria_Slovenian_Littoral_Region.html, /Attractions-g608962-Activities-Izola_Slovenian_Istria_Slovenian_Littoral_Region.html
Galerija Salsaverde, None, Museums, /Attraction_Review-g608962-d10692526-Reviews-Galerija_Salsaverde-Izola_Slovenian_Istria_Slovenian_Littoral_Region.html, /Attractions-g608962-Activities-Izola_Slovenian_Istria_Slovenian_Littoral_Region.html
Galerija Arka, None, Museums, /Attraction_Review-g608962-d10692525-Reviews-Galerija_Arka-Izola_Slovenian_Istria_Slovenian_Littoral_Region.html, /Attractions-g608962-Activities-Izola_Slovenian_Istria_Slovenian_Littoral_Region.html
Vodni vir Frata v vasi Medoši, None, Sights & Landmarks, /Attraction_Review-g608962-d10692681-Reviews-Vodni_vir_Frata_v_vasi_Medosi-Izola_Slovenian_Istria_Slovenian_Littoral_Region.html, /Attractions-g608962-Activities-Izola_Slovenian_Istria_Slovenian_Littoral_Region.html
Galerija Insula, None, Museums, /Attraction_Review-g608962-d10692511-Reviews-Galerija_Insula-Izola_Slovenian_Istria_Slovenian_Littoral_Region.html, /Attractions-g608962-Activities-Izola_Slovenian_Istria_Slovenian_Littoral_Region.html
Morski kotiček, None, Sights & Landmarks, /Attraction_Review-g608962-d10692697-Reviews-Morski_koticek-Izola_Slovenian_Istria_Slovenian_Littoral_Region.html, /Attractions-g608962-Activities-Izola_Slovenian_Istria_Slovenian_Littoral_Region.html
