attraction_name, attraction_rate, attraction_type, attraction_url, attraction_parent_url
Štokelj Wines, 5.0, Food & Drink, /Attraction_Review-g2554464-d15851754-Reviews-Stokelj_Wines-Ajdovscina_Slovenian_Littoral_Region.html, /Attractions-g2554464-Activities-Ajdovscina_Slovenian_Littoral_Region.html
Pelicon Brewery, 5.0, Food & Drink, /Attraction_Review-g2554464-d12434009-Reviews-Pelicon_Brewery-Ajdovscina_Slovenian_Littoral_Region.html, /Attractions-g2554464-Activities-Ajdovscina_Slovenian_Littoral_Region.html
The Hubelj River, 4.0, Nature & Parks, /Attraction_Review-g2554464-d17765241-Reviews-The_Hubelj_River-Ajdovscina_Slovenian_Littoral_Region.html, /Attractions-g2554464-Activities-Ajdovscina_Slovenian_Littoral_Region.html
The Otlica Window, 4.0, Nature & Parks, /Attraction_Review-g2554464-d17765240-Reviews-The_Otlica_Window-Ajdovscina_Slovenian_Littoral_Region.html, /Attractions-g2554464-Activities-Ajdovscina_Slovenian_Littoral_Region.html
Wajdusna, 5.0, Food & Drink, /Attraction_Review-g2554464-d11426785-Reviews-Wajdusna-Ajdovscina_Slovenian_Littoral_Region.html, /Attractions-g2554464-Activities-Ajdovscina_Slovenian_Littoral_Region.html
TuamV, 5.0, Food & Drink, /Attraction_Review-g2554464-d5555165-Reviews-TuamV-Ajdovscina_Slovenian_Littoral_Region.html, /Attractions-g2554464-Activities-Ajdovscina_Slovenian_Littoral_Region.html
Faladur Wine Bar &amp; Wine Shop, 5.0, Nightlife, /Attraction_Review-g2554464-d6673908-Reviews-Faladur_Wine_Bar_Wine_Shop-Ajdovscina_Slovenian_Littoral_Region.html, /Attractions-g2554464-Activities-Ajdovscina_Slovenian_Littoral_Region.html
Darovi Vipavske, 5.0, Shopping, /Attraction_Review-g2554464-d14983731-Reviews-Darovi_Vipavske-Ajdovscina_Slovenian_Littoral_Region.html, /Attractions-g2554464-Activities-Ajdovscina_Slovenian_Littoral_Region.html
Adria tandem paragliding, 5.0, Tours, /Attraction_Review-g2554464-d17420246-Reviews-Adria_tandem_paragliding-Ajdovscina_Slovenian_Littoral_Region.html, /Attractions-g2554464-Activities-Ajdovscina_Slovenian_Littoral_Region.html
Atelje Stvari, 5.0, Shopping, /Attraction_Review-g2554464-d14978622-Reviews-Atelje_Stvari-Ajdovscina_Slovenian_Littoral_Region.html, /Attractions-g2554464-Activities-Ajdovscina_Slovenian_Littoral_Region.html
Rent a Scooter Vipava valley, 5.0, Outdoor Activities, /Attraction_Review-g2554464-d13945689-Reviews-Rent_a_Scooter_Vipava_valley-Ajdovscina_Slovenian_Littoral_Region.html, /Attractions-g2554464-Activities-Ajdovscina_Slovenian_Littoral_Region.html
Church of St. Peter&& Dobravlje, None, Sights & Landmarks, /Attraction_Review-g2554464-d17765336-Reviews-Church_of_St_Peter_Dobravlje-Ajdovscina_Slovenian_Littoral_Region.html, /Attractions-g2554464-Activities-Ajdovscina_Slovenian_Littoral_Region.html
Lokar Gallery - Lokarjeva galerija, None, Museums, /Attraction_Review-g2554464-d17765212-Reviews-Lokar_Gallery_Lokarjeva_galerija-Ajdovscina_Slovenian_Littoral_Region.html, /Attractions-g2554464-Activities-Ajdovscina_Slovenian_Littoral_Region.html
Pilonova Galerija, None, Museums, /Attraction_Review-g2554464-d17765214-Reviews-Pilonova_Galerija-Ajdovscina_Slovenian_Littoral_Region.html, /Attractions-g2554464-Activities-Ajdovscina_Slovenian_Littoral_Region.html
Ajdovščina Museum Collection, None, Museums, /Attraction_Review-g2554464-d17765211-Reviews-Ajdovscina_Museum_Collection-Ajdovscina_Slovenian_Littoral_Region.html, /Attractions-g2554464-Activities-Ajdovscina_Slovenian_Littoral_Region.html
TIC Ajdovščina, None, Traveller Resources, /Attraction_Review-g2554464-d17765203-Reviews-TIC_Ajdovscina-Ajdovscina_Slovenian_Littoral_Region.html, /Attractions-g2554464-Activities-Ajdovscina_Slovenian_Littoral_Region.html
Nogometne tekme, None, Food & Drink, /Attraction_Review-g2554464-d21202471-Reviews-Nogometne_tekme-Ajdovscina_Slovenian_Littoral_Region.html, /Attractions-g2554464-Activities-Ajdovscina_Slovenian_Littoral_Region.html
