attraction_name, attraction_rate, attraction_type, attraction_url, attraction_parent_url
Terme, 4.5, Spas & Wellness, /Attraction_Review-g1057704-d6153103-Reviews-Terme-Smarjeske_Toplice_Lower_Carniola_Region.html, /Attractions-g1057704-Activities-Smarjeske_Toplice_Lower_Carniola_Region.html
Vitarium Spa &amp; Clinique, 4.5, Spas & Wellness, /Attraction_Review-g1057704-d615457-Reviews-Vitarium_Spa_Clinique-Smarjeske_Toplice_Lower_Carniola_Region.html, /Attractions-g1057704-Activities-Smarjeske_Toplice_Lower_Carniola_Region.html
Wine cellar Santomas, 5.0, Shopping, /Attraction_Review-g1057704-d6833547-Reviews-Wine_cellar_Santomas-Smarjeske_Toplice_Lower_Carniola_Region.html, /Attractions-g1057704-Activities-Smarjeske_Toplice_Lower_Carniola_Region.html
House of Living Heritage, None, Sights & Landmarks, /Attraction_Review-g1057704-d19120437-Reviews-House_of_Living_Heritage-Smarjeske_Toplice_Lower_Carniola_Region.html, /Attractions-g1057704-Activities-Smarjeske_Toplice_Lower_Carniola_Region.html
