attraction_name, attraction_rate, attraction_type, attraction_url, attraction_parent_url
TIC Moravske Toplice, 4.0, Traveller Resources, /Attraction_Review-g1025028-d7676697-Reviews-TIC_Moravske_Toplice-Moravske_Toplice_Prekmurje_Region.html, /Attractions-g1025028-Activities-Moravske_Toplice_Prekmurje_Region.html
Terme 3000, 4.0, Spas & Wellness, /Attraction_Review-g1025028-d595701-Reviews-Terme_3000-Moravske_Toplice_Prekmurje_Region.html, /Attractions-g1025028-Activities-Moravske_Toplice_Prekmurje_Region.html
Ride Goricko, 5.0, Tours, /Attraction_Review-g1025028-d20258333-Reviews-Ride_Goricko-Moravske_Toplice_Prekmurje_Region.html, /Attractions-g1025028-Activities-Moravske_Toplice_Prekmurje_Region.html
Golf Center Livada, 4.5, Outdoor Activities, /Attraction_Review-g1025028-d6622877-Reviews-Golf_Center_Livada-Moravske_Toplice_Prekmurje_Region.html, /Attractions-g1025028-Activities-Moravske_Toplice_Prekmurje_Region.html
