attraction_name, attraction_rate, attraction_type, attraction_url, attraction_parent_url
Mini Teater, 5.0, Concerts & Shows, /Attraction_Review-g274873-d16665002-Reviews-Mini_Teater-Ljubljana_Upper_Carniola_Region.html, /Attractions-g274873-Activities-Ljubljana_Upper_Carniola_Region.html
Tobacco 001, 2.5, Museums, /Attraction_Review-g274873-d8388695-Reviews-Tobacco_001-Ljubljana_Upper_Carniola_Region.html, /Attractions-g274873-Activities-Ljubljana_Upper_Carniola_Region.html
Skuc Gallery, 3.5, Museums, /Attraction_Review-g274873-d8376063-Reviews-Skuc_Gallery-Ljubljana_Upper_Carniola_Region.html, /Attractions-g274873-Activities-Ljubljana_Upper_Carniola_Region.html
National Assembly Building of Slovenia, 4.0, Sights & Landmarks, /Attraction_Review-g274873-d16916952-Reviews-National_Assembly_Building_of_Slovenia-Ljubljana_Upper_Carniola_Region.html, /Attractions-g274873-Activities-Ljubljana_Upper_Carniola_Region.html
V Pravljici, 5.0, Sights & Landmarks, /Attraction_Review-g274873-d17639691-Reviews-V_Pravljici-Ljubljana_Upper_Carniola_Region.html, /Attractions-g274873-Activities-Ljubljana_Upper_Carniola_Region.html
Ljubljana Railway Station, 3.5, Sights & Landmarks, /Attraction_Review-g274873-d17782699-Reviews-Ljubljana_Railway_Station-Ljubljana_Upper_Carniola_Region.html, /Attractions-g274873-Activities-Ljubljana_Upper_Carniola_Region.html
Trnovo Church, 4.0, Sights & Landmarks, /Attraction_Review-g274873-d12119187-Reviews-Trnovo_Church-Ljubljana_Upper_Carniola_Region.html, /Attractions-g274873-Activities-Ljubljana_Upper_Carniola_Region.html
Marijin steber, 4.0, Sights & Landmarks, /Attraction_Review-g274873-d12099058-Reviews-Marijin_steber-Ljubljana_Upper_Carniola_Region.html, /Attractions-g274873-Activities-Ljubljana_Upper_Carniola_Region.html
Tiporenesansa, 4.5, Museums, /Attraction_Review-g274873-d8382108-Reviews-Tiporenesansa-Ljubljana_Upper_Carniola_Region.html, /Attractions-g274873-Activities-Ljubljana_Upper_Carniola_Region.html
Miklosicev Park, 3.0, Nature & Parks, /Attraction_Review-g274873-d12532900-Reviews-Miklosicev_Park-Ljubljana_Upper_Carniola_Region.html, /Attractions-g274873-Activities-Ljubljana_Upper_Carniola_Region.html
Museum of Modern Art, 3.5, Museums, /Attraction_Review-g274873-d15058179-Reviews-Museum_of_Modern_Art-Ljubljana_Upper_Carniola_Region.html, /Attractions-g274873-Activities-Ljubljana_Upper_Carniola_Region.html
J&B VINOTEKA&& Bianca Visintin SP, 4.0, Food & Drink, /Attraction_Review-g274873-d11621564-Reviews-J_B_VINOTEKA_Bianca_Visintin_SP-Ljubljana_Upper_Carniola_Region.html, /Attractions-g274873-Activities-Ljubljana_Upper_Carniola_Region.html
La Ganache, 5.0, Nature & Parks, /Attraction_Review-g274873-d17527377-Reviews-La_Ganache-Ljubljana_Upper_Carniola_Region.html, /Attractions-g274873-Activities-Ljubljana_Upper_Carniola_Region.html
Vodnik Monument, 4.0, Sights & Landmarks, /Attraction_Review-g274873-d19408371-Reviews-Vodnik_Monument-Ljubljana_Upper_Carniola_Region.html, /Attractions-g274873-Activities-Ljubljana_Upper_Carniola_Region.html
Pentagonal Tower, 3.5, Sights & Landmarks, /Attraction_Review-g274873-d12541197-Reviews-Pentagonal_Tower-Ljubljana_Upper_Carniola_Region.html, /Attractions-g274873-Activities-Ljubljana_Upper_Carniola_Region.html
DobraVaga Gallery, 4.0, Museums, /Attraction_Review-g274873-d10378787-Reviews-DobraVaga_Gallery-Ljubljana_Upper_Carniola_Region.html, /Attractions-g274873-Activities-Ljubljana_Upper_Carniola_Region.html
Župnija Ljubljana - Podutik, 3.5, Sights & Landmarks, /Attraction_Review-g274873-d13996404-Reviews-Zupnija_Ljubljana_Podutik-Ljubljana_Upper_Carniola_Region.html, /Attractions-g274873-Activities-Ljubljana_Upper_Carniola_Region.html
Pentagonal Tower, 3.0, Sights & Landmarks, /Attraction_Review-g274873-d12541202-Reviews-Pentagonal_Tower-Ljubljana_Upper_Carniola_Region.html, /Attractions-g274873-Activities-Ljubljana_Upper_Carniola_Region.html
Vegova Ulica, 4.0, Sights & Landmarks, /Attraction_Review-g274873-d17767162-Reviews-Vegova_Ulica-Ljubljana_Upper_Carniola_Region.html, /Attractions-g274873-Activities-Ljubljana_Upper_Carniola_Region.html
Emona Roman Trail of Ljubljana, 5.0, Sights & Landmarks, /Attraction_Review-g274873-d19595700-Reviews-Emona_Roman_Trail_of_Ljubljana-Ljubljana_Upper_Carniola_Region.html, /Attractions-g274873-Activities-Ljubljana_Upper_Carniola_Region.html
Romarska c. Matere Bozje, 4.5, Sights & Landmarks, /Attraction_Review-g274873-d12790250-Reviews-Romarska_c_Matere_Bozje-Ljubljana_Upper_Carniola_Region.html, /Attractions-g274873-Activities-Ljubljana_Upper_Carniola_Region.html
Atelje Galerija d.o.o, 5.0, Museums, /Attraction_Review-g274873-d17640003-Reviews-Atelje_Galerija_d_o_o-Ljubljana_Upper_Carniola_Region.html, /Attractions-g274873-Activities-Ljubljana_Upper_Carniola_Region.html
Gustav Mahler statue, 3.5, Sights & Landmarks, /Attraction_Review-g274873-d19418255-Reviews-Gustav_Mahler_statue-Ljubljana_Upper_Carniola_Region.html, /Attractions-g274873-Activities-Ljubljana_Upper_Carniola_Region.html
Slovenia School Museum, 2.5, Museums, /Attraction_Review-g274873-d4706381-Reviews-Slovenia_School_Museum-Ljubljana_Upper_Carniola_Region.html, /Attractions-g274873-Activities-Ljubljana_Upper_Carniola_Region.html
Krakovo, 4.0, Other, /Attraction_Review-g274873-d17766976-Reviews-Krakovo-Ljubljana_Upper_Carniola_Region.html, /Attractions-g274873-Activities-Ljubljana_Upper_Carniola_Region.html
Church of the Sacred Heart of Jesus, 3.5, Sights & Landmarks, /Attraction_Review-g274873-d12278023-Reviews-Church_of_the_Sacred_Heart_of_Jesus-Ljubljana_Upper_Carniola_Region.html, /Attractions-g274873-Activities-Ljubljana_Upper_Carniola_Region.html
Nedeljski Bolsji Trg, 4.0, Shopping, /Attraction_Review-g274873-d17605440-Reviews-Nedeljski_Bolsji_Trg-Ljubljana_Upper_Carniola_Region.html, /Attractions-g274873-Activities-Ljubljana_Upper_Carniola_Region.html
Emona Porta Praetoria, 4.0, Sights & Landmarks, /Attraction_Review-g274873-d19650143-Reviews-Emona_Porta_Praetoria-Ljubljana_Upper_Carniola_Region.html, /Attractions-g274873-Activities-Ljubljana_Upper_Carniola_Region.html
Casino Building, 4.0, Sights & Landmarks, /Attraction_Review-g274873-d19548766-Reviews-Casino_Building-Ljubljana_Upper_Carniola_Region.html, /Attractions-g274873-Activities-Ljubljana_Upper_Carniola_Region.html
Contra gallery, None, Museums, /Attraction_Review-g274873-d15208408-Reviews-Contra_gallery-Ljubljana_Upper_Carniola_Region.html, /Attractions-g274873-Activities-Ljubljana_Upper_Carniola_Region.html
