attraction_name, attraction_rate, attraction_type, attraction_url, attraction_parent_url
Skofja Loka Castle &amp; Museum, 4.0, Museums, /Attraction_Review-g608963-d3423353-Reviews-Skofja_Loka_Castle_Museum-Skofja_Loka_Upper_Carniola_Region.html, /Attractions-g608963-Activities-Skofja_Loka_Upper_Carniola_Region.html
Ponte Dei Cappuccini, 4.0, Sights & Landmarks, /Attraction_Review-g608963-d8710819-Reviews-Ponte_Dei_Cappuccini-Skofja_Loka_Upper_Carniola_Region.html, /Attractions-g608963-Activities-Skofja_Loka_Upper_Carniola_Region.html
Skofja Loka Museum, 4.5, Museums, /Attraction_Review-g608963-d3326876-Reviews-Skofja_Loka_Museum-Skofja_Loka_Upper_Carniola_Region.html, /Attractions-g608963-Activities-Skofja_Loka_Upper_Carniola_Region.html
Župnijska cerkev Sv. Jakoba, 4.5, Sights & Landmarks, /Attraction_Review-g608963-d12833403-Reviews-Zupnijska_cerkev_Sv_Jakoba-Skofja_Loka_Upper_Carniola_Region.html, /Attractions-g608963-Activities-Skofja_Loka_Upper_Carniola_Region.html
Marian and Holy Trinity columns, 4.5, Sights & Landmarks, /Attraction_Review-g608963-d12820440-Reviews-Marian_and_Holy_Trinity_columns-Skofja_Loka_Upper_Carniola_Region.html, /Attractions-g608963-Activities-Skofja_Loka_Upper_Carniola_Region.html
La Casa di Homan, 4.0, Sights & Landmarks, /Attraction_Review-g608963-d8273070-Reviews-La_Casa_di_Homan-Skofja_Loka_Upper_Carniola_Region.html, /Attractions-g608963-Activities-Skofja_Loka_Upper_Carniola_Region.html
Mount Blegos, 4.5, Nature & Parks, /Attraction_Review-g608963-d8651768-Reviews-Mount_Blegos-Skofja_Loka_Upper_Carniola_Region.html, /Attractions-g608963-Activities-Skofja_Loka_Upper_Carniola_Region.html
Hudiceva Brv V Skofji Loki, 4.5, Sights & Landmarks, /Attraction_Review-g608963-d8710818-Reviews-Hudiceva_Brv_V_Skofji_Loki-Skofja_Loka_Upper_Carniola_Region.html, /Attractions-g608963-Activities-Skofja_Loka_Upper_Carniola_Region.html
Tourist Information Centre, 4.5, Traveller Resources, /Attraction_Review-g608963-d15204271-Reviews-Tourist_Information_Centre-Skofja_Loka_Upper_Carniola_Region.html, /Attractions-g608963-Activities-Skofja_Loka_Upper_Carniola_Region.html
Church of the Annunciation of Mary, 4.0, Sights & Landmarks, /Attraction_Review-g608963-d8634753-Reviews-Church_of_the_Annunciation_of_Mary-Skofja_Loka_Upper_Carniola_Region.html, /Attractions-g608963-Activities-Skofja_Loka_Upper_Carniola_Region.html
Capuchin Church, 3.5, Sights & Landmarks, /Attraction_Review-g608963-d12812924-Reviews-Capuchin_Church-Skofja_Loka_Upper_Carniola_Region.html, /Attractions-g608963-Activities-Skofja_Loka_Upper_Carniola_Region.html
Devil's Bridge in Puštal, 5.0, Sights & Landmarks, /Attraction_Review-g608963-d17990861-Reviews-Devil_s_Bridge_in_Pustal-Skofja_Loka_Upper_Carniola_Region.html, /Attractions-g608963-Activities-Skofja_Loka_Upper_Carniola_Region.html
TIC Škofja Loka - Turizem Škofja Loka, 5.0, Traveller Resources, /Attraction_Review-g608963-d17990808-Reviews-TIC_Skofja_Loka_Turizem_Skofja_Loka-Skofja_Loka_Upper_Carniola_Region.html, /Attractions-g608963-Activities-Skofja_Loka_Upper_Carniola_Region.html
Dvorec Visoko, 4.0, Sights & Landmarks, /Attraction_Review-g608963-d17150185-Reviews-Dvorec_Visoko-Skofja_Loka_Upper_Carniola_Region.html, /Attractions-g608963-Activities-Skofja_Loka_Upper_Carniola_Region.html
Franc Mihelič Gallery, None, Museums, /Attraction_Review-g608963-d17990841-Reviews-Franc_Mihelic_Gallery-Skofja_Loka_Upper_Carniola_Region.html, /Attractions-g608963-Activities-Skofja_Loka_Upper_Carniola_Region.html
Lah's Bridge, None, Sights & Landmarks, /Attraction_Review-g608963-d17990871-Reviews-Lah_s_Bridge-Skofja_Loka_Upper_Carniola_Region.html, /Attractions-g608963-Activities-Skofja_Loka_Upper_Carniola_Region.html
Špital and the Špital Church of Our Lady of Sorrows, None, Sights & Landmarks, /Attraction_Review-g608963-d17990952-Reviews-Spital_and_the_Spital_Church_of_Our_Lady_of_Sorrows-Skofja_Loka_Upper_Carniola_R.html, /Attractions-g608963-Activities-Skofja_Loka_Upper_Carniola_Region.html
Church of St. John the Baptist - Župnijska cerkev sv. Janeza Krstnika, None, Sights & Landmarks, /Attraction_Review-g608963-d17990966-Reviews-Church_of_St_John_the_Baptist_Zupnijska_cerkev_sv_Janeza_Krstnika-Skofja_Loka_Up.html, /Attractions-g608963-Activities-Skofja_Loka_Upper_Carniola_Region.html
Church of the Holy Cross - Cerkev povišanje Sv. Križa, None, Sights & Landmarks, /Attraction_Review-g608963-d17990928-Reviews-Church_of_the_Holy_Cross_Cerkev_povisanje_Sv_Kriza-Skofja_Loka_Upper_Carniola_Re.html, /Attractions-g608963-Activities-Skofja_Loka_Upper_Carniola_Region.html
Tavčar Manor in Visoko, None, Sights & Landmarks, /Attraction_Review-g608963-d17990980-Reviews-Tavcar_Manor_in_Visoko-Skofja_Loka_Upper_Carniola_Region.html, /Attractions-g608963-Activities-Skofja_Loka_Upper_Carniola_Region.html
Ajman Castle - Uršulinski samostan Sv. Duh, None, Sights & Landmarks, /Attraction_Review-g608963-d17990981-Reviews-Ajman_Castle_Ursulinski_samostan_Sv_Duh-Skofja_Loka_Upper_Carniola_Region.html, /Attractions-g608963-Activities-Skofja_Loka_Upper_Carniola_Region.html
Path to Crngrob, None, Nature & Parks, /Attraction_Review-g608963-d17990988-Reviews-Path_to_Crngrob-Skofja_Loka_Upper_Carniola_Region.html, /Attractions-g608963-Activities-Skofja_Loka_Upper_Carniola_Region.html
The three castles path, None, Nature & Parks, /Attraction_Review-g608963-d17990992-Reviews-The_three_castles_path-Skofja_Loka_Upper_Carniola_Region.html, /Attractions-g608963-Activities-Skofja_Loka_Upper_Carniola_Region.html
Beekeepers' Path, None, Nature & Parks, /Attraction_Review-g608963-d17990994-Reviews-Beekeepers_Path-Skofja_Loka_Upper_Carniola_Region.html, /Attractions-g608963-Activities-Skofja_Loka_Upper_Carniola_Region.html
The Church Of Mary Immaculate, None, Sights & Landmarks, /Attraction_Review-g608963-d18114446-Reviews-The_Church_Of_Mary_Immaculate-Skofja_Loka_Upper_Carniola_Region.html, /Attractions-g608963-Activities-Skofja_Loka_Upper_Carniola_Region.html
Old School in Skofja Loka, None, Sights & Landmarks, /Attraction_Review-g608963-d18114397-Reviews-Old_School_in_Skofja_Loka-Skofja_Loka_Upper_Carniola_Region.html, /Attractions-g608963-Activities-Skofja_Loka_Upper_Carniola_Region.html
Loka Stage, None, Concerts & Shows, /Attraction_Review-g608963-d18114431-Reviews-Loka_Stage-Skofja_Loka_Upper_Carniola_Region.html, /Attractions-g608963-Activities-Skofja_Loka_Upper_Carniola_Region.html
Path to Puštal, None, Nature & Parks, /Attraction_Review-g608963-d17990982-Reviews-Path_to_Pustal-Skofja_Loka_Upper_Carniola_Region.html, /Attractions-g608963-Activities-Skofja_Loka_Upper_Carniola_Region.html
St. Volbenk's Church, None, Sights & Landmarks, /Attraction_Review-g608963-d17990951-Reviews-St_Volbenk_s_Church-Skofja_Loka_Upper_Carniola_Region.html, /Attractions-g608963-Activities-Skofja_Loka_Upper_Carniola_Region.html
Špan's Homestead, None, Sights & Landmarks, /Attraction_Review-g608963-d17990874-Reviews-Span_s_Homestead-Skofja_Loka_Upper_Carniola_Region.html, /Attractions-g608963-Activities-Skofja_Loka_Upper_Carniola_Region.html
