attraction_name, attraction_rate, attraction_type, attraction_url, attraction_parent_url
Soca Valley, 5.0, Nature & Parks, /Attraction_Review-g274866-d298652-Reviews-Soca_Valley-Bovec_Slovenian_Littoral_Region.html, /Attractions-g274866-Activities-Bovec_Slovenian_Littoral_Region.html
Virje Waterfall, 4.5, Nature & Parks, /Attraction_Review-g274866-d8264707-Reviews-Virje_Waterfall-Bovec_Slovenian_Littoral_Region.html, /Attractions-g274866-Activities-Bovec_Slovenian_Littoral_Region.html
Boka Waterfall, 4.5, Nature & Parks, /Attraction_Review-g274866-d8263935-Reviews-Boka_Waterfall-Bovec_Slovenian_Littoral_Region.html, /Attractions-g274866-Activities-Bovec_Slovenian_Littoral_Region.html
Fort Hermann, 4.5, Sights & Landmarks, /Attraction_Review-g274866-d6880808-Reviews-Fort_Hermann-Bovec_Slovenian_Littoral_Region.html, /Attractions-g274866-Activities-Bovec_Slovenian_Littoral_Region.html
Thirsty River Brewing, 5.0, Food & Drink, /Attraction_Review-g274866-d12871469-Reviews-Thirsty_River_Brewing-Bovec_Slovenian_Littoral_Region.html, /Attractions-g274866-Activities-Bovec_Slovenian_Littoral_Region.html
Mangrtska Cesta - Die mautpflichtige Mangartstraße, 4.5, Outdoor Activities, /Attraction_Review-g274866-d11744428-Reviews-Mangrtska_Cesta_Die_mautpflichtige_Mangartstrasse-Bovec_Slovenian_Littoral_Regio.html, /Attractions-g274866-Activities-Bovec_Slovenian_Littoral_Region.html
Fort Kluze, 4.0, Museums, /Attraction_Review-g274866-d5980739-Reviews-Fort_Kluze-Bovec_Slovenian_Littoral_Region.html, /Attractions-g274866-Activities-Bovec_Slovenian_Littoral_Region.html
Ravelnik Open Air Museum, 4.0, Sights & Landmarks, /Attraction_Review-g274866-d8421108-Reviews-Ravelnik_Open_Air_Museum-Bovec_Slovenian_Littoral_Region.html, /Attractions-g274866-Activities-Bovec_Slovenian_Littoral_Region.html
Denkmal Am Predilpass, 4.0, Sights & Landmarks, /Attraction_Review-g274866-d7131511-Reviews-Denkmal_Am_Predilpass-Bovec_Slovenian_Littoral_Region.html, /Attractions-g274866-Activities-Bovec_Slovenian_Littoral_Region.html
Celo, 5.0, Sights & Landmarks, /Attraction_Review-g274866-d12545827-Reviews-Celo-Bovec_Slovenian_Littoral_Region.html, /Attractions-g274866-Activities-Bovec_Slovenian_Littoral_Region.html
Information Center of Triglav National Park, 4.5, Traveller Resources, /Attraction_Review-g274866-d12839131-Reviews-Information_Center_of_Triglav_National_Park-Bovec_Slovenian_Littoral_Region.html, /Attractions-g274866-Activities-Bovec_Slovenian_Littoral_Region.html
Sunikov Vodni Gaj, 5.0, Nature & Parks, /Attraction_Review-g274866-d15001756-Reviews-Sunikov_Vodni_Gaj-Bovec_Slovenian_Littoral_Region.html, /Attractions-g274866-Activities-Bovec_Slovenian_Littoral_Region.html
Tourist Information Center Bovec, 3.5, Traveller Resources, /Attraction_Review-g274866-d12682882-Reviews-Tourist_Information_Center_Bovec-Bovec_Slovenian_Littoral_Region.html, /Attractions-g274866-Activities-Bovec_Slovenian_Littoral_Region.html
Zupnijska Cerkev Sv. Urha, 4.0, Sights & Landmarks, /Attraction_Review-g274866-d19103655-Reviews-Zupnijska_Cerkev_Sv_Urha-Bovec_Slovenian_Littoral_Region.html, /Attractions-g274866-Activities-Bovec_Slovenian_Littoral_Region.html
SPORT MIX, 5.0, Boat Tours & Water Sports, /Attraction_Review-g274866-d3254803-Reviews-SPORT_MIX-Bovec_Slovenian_Littoral_Region.html, /Attractions-g274866-Activities-Bovec_Slovenian_Littoral_Region.html
Froccs Rafting Club, 5.0, Boat Tours & Water Sports, /Attraction_Review-g274866-d5457300-Reviews-Froccs_Rafting_Club-Bovec_Slovenian_Littoral_Region.html, /Attractions-g274866-Activities-Bovec_Slovenian_Littoral_Region.html
Soca Rider, 5.0, Boat Tours & Water Sports, /Attraction_Review-g274866-d2302347-Reviews-Soca_Rider-Bovec_Slovenian_Littoral_Region.html, /Attractions-g274866-Activities-Bovec_Slovenian_Littoral_Region.html
Soca Splash, 5.0, Boat Tours & Water Sports, /Attraction_Review-g274866-d12287045-Reviews-Soca_Splash-Bovec_Slovenian_Littoral_Region.html, /Attractions-g274866-Activities-Bovec_Slovenian_Littoral_Region.html
Aqua Tours Bovec, 5.0, Boat Tours & Water Sports, /Attraction_Review-g274866-d14096968-Reviews-Aqua_Tours_Bovec-Bovec_Slovenian_Littoral_Region.html, /Attractions-g274866-Activities-Bovec_Slovenian_Littoral_Region.html
Soca Adventure, 5.0, Boat Tours & Water Sports, /Attraction_Review-g274866-d14076931-Reviews-Soca_Adventure-Bovec_Slovenian_Littoral_Region.html, /Attractions-g274866-Activities-Bovec_Slovenian_Littoral_Region.html
HungaroRaft, 5.0, Boat Tours & Water Sports, /Attraction_Review-g274866-d11962911-Reviews-HungaroRaft-Bovec_Slovenian_Littoral_Region.html, /Attractions-g274866-Activities-Bovec_Slovenian_Littoral_Region.html
Alpi Center, 5.0, Boat Tours & Water Sports, /Attraction_Review-g274866-d7385012-Reviews-Alpi_Center-Bovec_Slovenian_Littoral_Region.html, /Attractions-g274866-Activities-Bovec_Slovenian_Littoral_Region.html
Top Rafting, 5.0, Boat Tours & Water Sports, /Attraction_Review-g274866-d10392885-Reviews-Top_Rafting-Bovec_Slovenian_Littoral_Region.html, /Attractions-g274866-Activities-Bovec_Slovenian_Littoral_Region.html
Alpska Šola Bovec, 5.0, Tours, /Attraction_Review-g274866-d17775794-Reviews-Alpska_Sola_Bovec-Bovec_Slovenian_Littoral_Region.html, /Attractions-g274866-Activities-Bovec_Slovenian_Littoral_Region.html
Nature's Ways, 5.0, Boat Tours & Water Sports, /Attraction_Review-g274866-d14064797-Reviews-Nature_s_Ways-Bovec_Slovenian_Littoral_Region.html, /Attractions-g274866-Activities-Bovec_Slovenian_Littoral_Region.html
Soca Rafting, 5.0, Boat Tours & Water Sports, /Attraction_Review-g274866-d2093265-Reviews-Soca_Rafting-Bovec_Slovenian_Littoral_Region.html, /Attractions-g274866-Activities-Bovec_Slovenian_Littoral_Region.html
Soca Enter, 5.0, Boat Tours & Water Sports, /Attraction_Review-g274866-d12693677-Reviews-Soca_Enter-Bovec_Slovenian_Littoral_Region.html, /Attractions-g274866-Activities-Bovec_Slovenian_Littoral_Region.html
Alpe Sport Vancar, 5.0, Boat Tours & Water Sports, /Attraction_Review-g274866-d6894434-Reviews-Alpe_Sport_Vancar-Bovec_Slovenian_Littoral_Region.html, /Attractions-g274866-Activities-Bovec_Slovenian_Littoral_Region.html
Aktivni Planet, 5.0, Boat Tours & Water Sports, /Attraction_Review-g274866-d2624839-Reviews-Aktivni_Planet-Bovec_Slovenian_Littoral_Region.html, /Attractions-g274866-Activities-Bovec_Slovenian_Littoral_Region.html
Bovec Rafting Team, 5.0, Boat Tours & Water Sports, /Attraction_Review-g274866-d3830654-Reviews-Bovec_Rafting_Team-Bovec_Slovenian_Littoral_Region.html, /Attractions-g274866-Activities-Bovec_Slovenian_Littoral_Region.html
