attraction_name, attraction_rate, attraction_type, attraction_url, attraction_parent_url
Open Air Museum Pleterje, 4.0, Museums, /Attraction_Review-g3601992-d3672917-Reviews-Open_Air_Museum_Pleterje-Sentjernej_Lower_Carniola_Region.html, /Attractions-g3601992-Activities-Sentjernej_Lower_Carniola_Region.html
The Charterhouse of Pleterje, 4.0, Sights & Landmarks, /Attraction_Review-g3601992-d11720865-Reviews-The_Charterhouse_of_Pleterje-Sentjernej_Lower_Carniola_Region.html, /Attractions-g3601992-Activities-Sentjernej_Lower_Carniola_Region.html
Winery Otilija, None, Food & Drink, /Attraction_Review-g3601992-d11725727-Reviews-Winery_Otilija-Sentjernej_Lower_Carniola_Region.html, /Attractions-g3601992-Activities-Sentjernej_Lower_Carniola_Region.html
Stud Farm, None, Tours, /Attraction_Review-g3601992-d11727439-Reviews-Stud_Farm-Sentjernej_Lower_Carniola_Region.html, /Attractions-g3601992-Activities-Sentjernej_Lower_Carniola_Region.html
Gorjanci Hills, None, Nature & Parks, /Attraction_Review-g3601992-d20361145-Reviews-Gorjanci_Hills-Sentjernej_Lower_Carniola_Region.html, /Attractions-g3601992-Activities-Sentjernej_Lower_Carniola_Region.html
