attraction_name, attraction_rate, attraction_type, attraction_url, attraction_parent_url
The Source of Soča River, 4.5, Nature & Parks, /Attraction_Review-g1091105-d11923197-Reviews-The_Source_of_Soca_River-Soca_Slovenian_Littoral_Region.html, /Attractions-g1091105-Activities-Soca_Slovenian_Littoral_Region.html
Velika Korita Soce, 4.5, Nature & Parks, /Attraction_Review-g1091105-d19244212-Reviews-Velika_Korita_Soce-Soca_Slovenian_Littoral_Region.html, /Attractions-g1091105-Activities-Soca_Slovenian_Littoral_Region.html
Soca Trail, 4.5, Nature & Parks, /Attraction_Review-g1091105-d19117020-Reviews-Soca_Trail-Soca_Slovenian_Littoral_Region.html, /Attractions-g1091105-Activities-Soca_Slovenian_Littoral_Region.html
Cerkev Sv Jozefa (Church of the Holy . Joseph), 4.5, Sights & Landmarks, /Attraction_Review-g1091105-d8145992-Reviews-Cerkev_Sv_Jozefa_Church_of_the_Holy_Joseph-Soca_Slovenian_Littoral_Region.html, /Attractions-g1091105-Activities-Soca_Slovenian_Littoral_Region.html
Mala Korita Soce, 3.5, Nature & Parks, /Attraction_Review-g1091105-d19236666-Reviews-Mala_Korita_Soce-Soca_Slovenian_Littoral_Region.html, /Attractions-g1091105-Activities-Soca_Slovenian_Littoral_Region.html
Trebuscica, None, Nature & Parks, /Attraction_Review-g1091105-d298653-Reviews-Trebuscica-Soca_Slovenian_Littoral_Region.html, /Attractions-g1091105-Activities-Soca_Slovenian_Littoral_Region.html
