attraction_name, attraction_rate, attraction_type, attraction_url, attraction_parent_url
Grad Štanjel, 4.0, Sights & Landmarks, /Attraction_Review-g2157082-d3950154-Reviews-Grad_Stanjel-Stanjel_Slovenian_Littoral_Region.html, /Attractions-g2157082-Activities-Stanjel_Slovenian_Littoral_Region.html
Ferrari Garden, 4.5, Nature & Parks, /Attraction_Review-g2157082-d8837271-Reviews-Ferrari_Garden-Stanjel_Slovenian_Littoral_Region.html, /Attractions-g2157082-Activities-Stanjel_Slovenian_Littoral_Region.html
Vina Kobal, 4.5, Food & Drink, /Attraction_Review-g2157082-d9806503-Reviews-Vina_Kobal-Stanjel_Slovenian_Littoral_Region.html, /Attractions-g2157082-Activities-Stanjel_Slovenian_Littoral_Region.html
Church of St. Daniel, 4.0, Sights & Landmarks, /Attraction_Review-g2157082-d12310134-Reviews-Church_of_St_Daniel-Stanjel_Slovenian_Littoral_Region.html, /Attractions-g2157082-Activities-Stanjel_Slovenian_Littoral_Region.html
Lojze Spacal gallery, 4.0, Museums, /Attraction_Review-g2157082-d10472197-Reviews-Lojze_Spacal_gallery-Stanjel_Slovenian_Littoral_Region.html, /Attractions-g2157082-Activities-Stanjel_Slovenian_Littoral_Region.html
Derenda, 5.0, Food & Drink, /Attraction_Review-g2157082-d19752636-Reviews-Derenda-Stanjel_Slovenian_Littoral_Region.html, /Attractions-g2157082-Activities-Stanjel_Slovenian_Littoral_Region.html
Vina Fabjan, 4.5, Food & Drink, /Attraction_Review-g2157082-d12437570-Reviews-Vina_Fabjan-Stanjel_Slovenian_Littoral_Region.html, /Attractions-g2157082-Activities-Stanjel_Slovenian_Littoral_Region.html
Tomba di famiglia dei Fabiani&& Kobdilj, 4.0, Sights & Landmarks, /Attraction_Review-g2157082-d17765074-Reviews-Tomba_di_famiglia_dei_Fabiani_Kobdilj-Stanjel_Slovenian_Littoral_Region.html, /Attractions-g2157082-Activities-Stanjel_Slovenian_Littoral_Region.html
Casa Natale Di Fabiani, None, Sights & Landmarks, /Attraction_Review-g2157082-d17766973-Reviews-Casa_Natale_Di_Fabiani-Stanjel_Slovenian_Littoral_Region.html, /Attractions-g2157082-Activities-Stanjel_Slovenian_Littoral_Region.html
Casa Natale Di Karel Strekelj, None, Sights & Landmarks, /Attraction_Review-g2157082-d17767048-Reviews-Casa_Natale_Di_Karel_Strekelj-Stanjel_Slovenian_Littoral_Region.html, /Attractions-g2157082-Activities-Stanjel_Slovenian_Littoral_Region.html
Chiesa Di San Pietro / Sveti Peter, None, Sights & Landmarks, /Attraction_Review-g2157082-d17766984-Reviews-Chiesa_Di_San_Pietro_Sveti_Peter-Stanjel_Slovenian_Littoral_Region.html, /Attractions-g2157082-Activities-Stanjel_Slovenian_Littoral_Region.html
Church of St. John the Baptist, None, Sights & Landmarks, /Attraction_Review-g2157082-d17767195-Reviews-Church_of_St_John_the_Baptist-Stanjel_Slovenian_Littoral_Region.html, /Attractions-g2157082-Activities-Stanjel_Slovenian_Littoral_Region.html
Il pozzo del paese - Brje pri Komnu, None, Sights & Landmarks, /Attraction_Review-g2157082-d17765028-Reviews-Il_pozzo_del_paese_Brje_pri_Komnu-Stanjel_Slovenian_Littoral_Region.html, /Attractions-g2157082-Activities-Stanjel_Slovenian_Littoral_Region.html
TIC Štanjel, None, Traveller Resources, /Attraction_Review-g2157082-d17765004-Reviews-TIC_Stanjel-Stanjel_Slovenian_Littoral_Region.html, /Attractions-g2157082-Activities-Stanjel_Slovenian_Littoral_Region.html
Monumento al barone Andrej Čehovin - Dolanci, None, Sights & Landmarks, /Attraction_Review-g2157082-d17765029-Reviews-Monumento_al_barone_Andrej_Cehovin_Dolanci-Stanjel_Slovenian_Littoral_Region.html, /Attractions-g2157082-Activities-Stanjel_Slovenian_Littoral_Region.html
Chiesa di San Giorgio / Sveti Jurij, None, Sights & Landmarks, /Attraction_Review-g2157082-d17767859-Reviews-Chiesa_di_San_Giorgio_Sveti_Jurij-Stanjel_Slovenian_Littoral_Region.html, /Attractions-g2157082-Activities-Stanjel_Slovenian_Littoral_Region.html
Grotta del Conte - Brestovica pri Komnu, None, Nature & Parks, /Attraction_Review-g2157082-d17765057-Reviews-Grotta_del_Conte_Brestovica_pri_Komnu-Stanjel_Slovenian_Littoral_Region.html, /Attractions-g2157082-Activities-Stanjel_Slovenian_Littoral_Region.html
Mostra Maks Fabiani&& Štanjel, None, Museums, /Attraction_Review-g2157082-d17765073-Reviews-Mostra_Maks_Fabiani_Stanjel-Stanjel_Slovenian_Littoral_Region.html, /Attractions-g2157082-Activities-Stanjel_Slovenian_Littoral_Region.html
Residenza di Lojze Spacal - Škrbina, None, Sights & Landmarks, /Attraction_Review-g2157082-d17765031-Reviews-Residenza_di_Lojze_Spacal_Skrbina-Stanjel_Slovenian_Littoral_Region.html, /Attractions-g2157082-Activities-Stanjel_Slovenian_Littoral_Region.html
Tiglio secolare - Sveto, None, Nature & Parks, /Attraction_Review-g2157082-d17765070-Reviews-Tiglio_secolare_Sveto-Stanjel_Slovenian_Littoral_Region.html, /Attractions-g2157082-Activities-Stanjel_Slovenian_Littoral_Region.html
Cimitero militare Austroungarico della Prima Guerra Mondiale di Štanjel, None, Sights & Landmarks, /Attraction_Review-g2157082-d17765007-Reviews-Cimitero_militare_Austroungarico_della_Prima_Guerra_Mondiale_di_Stanjel-Stanjel.html, /Attractions-g2157082-Activities-Stanjel_Slovenian_Littoral_Region.html
Gelso di Fabiani&& Kobdilj, None, Nature & Parks, /Attraction_Review-g2157082-d17765071-Reviews-Gelso_di_Fabiani_Kobdilj-Stanjel_Slovenian_Littoral_Region.html, /Attractions-g2157082-Activities-Stanjel_Slovenian_Littoral_Region.html
Piazza - Kobdilj inferiore, None, Sights & Landmarks, /Attraction_Review-g2157082-d17765056-Reviews-Piazza_Kobdilj_inferiore-Stanjel_Slovenian_Littoral_Region.html, /Attractions-g2157082-Activities-Stanjel_Slovenian_Littoral_Region.html
Chiesa Di San Gregorio, None, Sights & Landmarks, /Attraction_Review-g2157082-d17767077-Reviews-Chiesa_Di_San_Gregorio-Stanjel_Slovenian_Littoral_Region.html, /Attractions-g2157082-Activities-Stanjel_Slovenian_Littoral_Region.html
The Church of St. Michael, None, Sights & Landmarks, /Attraction_Review-g2157082-d17767081-Reviews-The_Church_of_St_Michael-Stanjel_Slovenian_Littoral_Region.html, /Attractions-g2157082-Activities-Stanjel_Slovenian_Littoral_Region.html
Chiesa Di San Giuseppe/Sveti Jozef, None, Sights & Landmarks, /Attraction_Review-g2157082-d17767096-Reviews-Chiesa_Di_San_Giuseppe_Sveti_Jozef-Stanjel_Slovenian_Littoral_Region.html, /Attractions-g2157082-Activities-Stanjel_Slovenian_Littoral_Region.html
Church of St. Lawrence, None, Sights & Landmarks, /Attraction_Review-g2157082-d17767095-Reviews-Church_of_St_Lawrence-Stanjel_Slovenian_Littoral_Region.html, /Attractions-g2157082-Activities-Stanjel_Slovenian_Littoral_Region.html
Church of St. Daniel, None, Sights & Landmarks, /Attraction_Review-g2157082-d17767067-Reviews-Church_of_St_Daniel-Stanjel_Slovenian_Littoral_Region.html, /Attractions-g2157082-Activities-Stanjel_Slovenian_Littoral_Region.html
Church Of St. Catherine Sveta Katarina, None, Sights & Landmarks, /Attraction_Review-g2157082-d17766993-Reviews-Church_Of_St_Catherine_Sveta_Katarina-Stanjel_Slovenian_Littoral_Region.html, /Attractions-g2157082-Activities-Stanjel_Slovenian_Littoral_Region.html
Chiesa Parrocchiale Di Sant’Andrea/Sveti Andrej, None, Sights & Landmarks, /Attraction_Review-g2157082-d17767188-Reviews-Chiesa_Parrocchiale_Di_Sant_Andrea_Sveti_Andrej-Stanjel_Slovenian_Littoral_Regi.html, /Attractions-g2157082-Activities-Stanjel_Slovenian_Littoral_Region.html
