attraction_name, attraction_rate, attraction_type, attraction_url, attraction_parent_url
Svetilnik Beach, 4.5, Nature & Parks, /Attraction_Review-g608962-d12298292-Reviews-Svetilnik_Beach-Izola_Slovenian_Istria_Slovenian_Littoral_Region.html, /Attractions-g608962-Activities-Izola_Slovenian_Istria_Slovenian_Littoral_Region.html
Church of the Holy Maurus, 4.5, Sights & Landmarks, /Attraction_Review-g608962-d8433294-Reviews-Church_of_the_Holy_Maurus-Izola_Slovenian_Istria_Slovenian_Littoral_Region.html, /Attractions-g608962-Activities-Izola_Slovenian_Istria_Slovenian_Littoral_Region.html
Turistično Združenje Izola, 4.5, Traveller Resources, /Attraction_Review-g608962-d10712065-Reviews-Turisticno_Zdruzenje_Izola-Izola_Slovenian_Istria_Slovenian_Littoral_Region.html, /Attractions-g608962-Activities-Izola_Slovenian_Istria_Slovenian_Littoral_Region.html
Predor Šalet, 4.5, Sights & Landmarks, /Attraction_Review-g608962-d10692695-Reviews-Predor_Salet-Izola_Slovenian_Istria_Slovenian_Littoral_Region.html, /Attractions-g608962-Activities-Izola_Slovenian_Istria_Slovenian_Littoral_Region.html
Park Pietro Coppo, 4.5, Nature & Parks, /Attraction_Review-g608962-d10692711-Reviews-Park_Pietro_Coppo-Izola_Slovenian_Istria_Slovenian_Littoral_Region.html, /Attractions-g608962-Activities-Izola_Slovenian_Istria_Slovenian_Littoral_Region.html
Cerkev sv. Marije Alietske - Izola, 4.0, Sights & Landmarks, /Attraction_Review-g608962-d10692482-Reviews-Cerkev_sv_Marije_Alietske_Izola-Izola_Slovenian_Istria_Slovenian_Littoral_Region.html, /Attractions-g608962-Activities-Izola_Slovenian_Istria_Slovenian_Littoral_Region.html
Palača Besenghi degli Ughi, 4.0, Sights & Landmarks, /Attraction_Review-g608962-d10692420-Reviews-Palaca_Besenghi_degli_Ughi-Izola_Slovenian_Istria_Slovenian_Littoral_Region.html, /Attractions-g608962-Activities-Izola_Slovenian_Istria_Slovenian_Littoral_Region.html
Manziolijeva palača, 4.5, Museums, /Attraction_Review-g608962-d10692528-Reviews-Manziolijeva_palaca-Izola_Slovenian_Istria_Slovenian_Littoral_Region.html, /Attractions-g608962-Activities-Izola_Slovenian_Istria_Slovenian_Littoral_Region.html
Arheoloski park Simonov zaliv, 3.5, Sights & Landmarks, /Attraction_Review-g608962-d10712076-Reviews-Arheoloski_park_Simonov_zaliv-Izola_Slovenian_Istria_Slovenian_Littoral_Region.html, /Attractions-g608962-Activities-Izola_Slovenian_Istria_Slovenian_Littoral_Region.html
Bele Skale Beach, 4.0, Nature & Parks, /Attraction_Review-g608962-d20090262-Reviews-Bele_Skale_Beach-Izola_Slovenian_Istria_Slovenian_Littoral_Region.html, /Attractions-g608962-Activities-Izola_Slovenian_Istria_Slovenian_Littoral_Region.html
Dubrava Beach, 4.0, Nature & Parks, /Attraction_Review-g608962-d20090715-Reviews-Dubrava_Beach-Izola_Slovenian_Istria_Slovenian_Littoral_Region.html, /Attractions-g608962-Activities-Izola_Slovenian_Istria_Slovenian_Littoral_Region.html
Vila na Trgu Republike - Izola, 3.5, Sights & Landmarks, /Attraction_Review-g608962-d10692430-Reviews-Vila_na_Trgu_Republike_Izola-Izola_Slovenian_Istria_Slovenian_Littoral_Region.html, /Attractions-g608962-Activities-Izola_Slovenian_Istria_Slovenian_Littoral_Region.html
Stara italijanska šola Dante Alighieri, 4.0, Sights & Landmarks, /Attraction_Review-g608962-d20061851-Reviews-Stara_italijanska_sola_Dante_Alighieri-Izola_Slovenian_Istria_Slovenian_Littoral.html, /Attractions-g608962-Activities-Izola_Slovenian_Istria_Slovenian_Littoral_Region.html
Manziolijeva palača in palača Lovisato, 4.0, Sights & Landmarks, /Attraction_Review-g608962-d10692429-Reviews-Manziolijeva_palaca_in_palaca_Lovisato-Izola_Slovenian_Istria_Slovenian_Littoral.html, /Attractions-g608962-Activities-Izola_Slovenian_Istria_Slovenian_Littoral_Region.html
Vila v Kraški ulici, 4.0, Sights & Landmarks, /Attraction_Review-g608962-d10692464-Reviews-Vila_v_Kraski_ulici-Izola_Slovenian_Istria_Slovenian_Littoral_Region.html, /Attractions-g608962-Activities-Izola_Slovenian_Istria_Slovenian_Littoral_Region.html
Nekdanja občinska palača, 4.0, Sights & Landmarks, /Attraction_Review-g608962-d10692466-Reviews-Nekdanja_obcinska_palaca-Izola_Slovenian_Istria_Slovenian_Littoral_Region.html, /Attractions-g608962-Activities-Izola_Slovenian_Istria_Slovenian_Littoral_Region.html
Bell Tower, 4.0, Sights & Landmarks, /Attraction_Review-g608962-d20050072-Reviews-Bell_Tower-Izola_Slovenian_Istria_Slovenian_Littoral_Region.html, /Attractions-g608962-Activities-Izola_Slovenian_Istria_Slovenian_Littoral_Region.html
Marina Izola, 4.0, Nature & Parks, /Attraction_Review-g608962-d20063020-Reviews-Marina_Izola-Izola_Slovenian_Istria_Slovenian_Littoral_Region.html, /Attractions-g608962-Activities-Izola_Slovenian_Istria_Slovenian_Littoral_Region.html
Korenika &amp; Moskon Winery, 4.5, Food & Drink, /Attraction_Review-g608962-d10435278-Reviews-Korenika_Moskon_Winery-Izola_Slovenian_Istria_Slovenian_Littoral_Region.html, /Attractions-g608962-Activities-Izola_Slovenian_Istria_Slovenian_Littoral_Region.html
Izolana - Hiša Morja, 4.5, Museums, /Attraction_Review-g608962-d20050059-Reviews-Izolana_Hisa_Morja-Izola_Slovenian_Istria_Slovenian_Littoral_Region.html, /Attractions-g608962-Activities-Izola_Slovenian_Istria_Slovenian_Littoral_Region.html
Plaza Delfincek, 4.0, Nature & Parks, /Attraction_Review-g608962-d20084123-Reviews-Plaza_Delfincek-Izola_Slovenian_Istria_Slovenian_Littoral_Region.html, /Attractions-g608962-Activities-Izola_Slovenian_Istria_Slovenian_Littoral_Region.html
Plaža Simonov zaliv, 4.0, Nature & Parks, /Attraction_Review-g608962-d20084138-Reviews-Plaza_Simonov_zaliv-Izola_Slovenian_Istria_Slovenian_Littoral_Region.html, /Attractions-g608962-Activities-Izola_Slovenian_Istria_Slovenian_Littoral_Region.html
Plaza Pod Belvederjem, 4.0, Nature & Parks, /Attraction_Review-g608962-d20090213-Reviews-Plaza_Pod_Belvederjem-Izola_Slovenian_Istria_Slovenian_Littoral_Region.html, /Attractions-g608962-Activities-Izola_Slovenian_Istria_Slovenian_Littoral_Region.html
Soncno Nabrezje, 4.0, Sights & Landmarks, /Attraction_Review-g608962-d20090673-Reviews-Soncno_Nabrezje-Izola_Slovenian_Istria_Slovenian_Littoral_Region.html, /Attractions-g608962-Activities-Izola_Slovenian_Istria_Slovenian_Littoral_Region.html
Palača Zanon, 3.0, Sights & Landmarks, /Attraction_Review-g608962-d10692478-Reviews-Palaca_Zanon-Izola_Slovenian_Istria_Slovenian_Littoral_Region.html, /Attractions-g608962-Activities-Izola_Slovenian_Istria_Slovenian_Littoral_Region.html
Cerkev sv. Janeza Evangelista - Izola, 3.0, Sights & Landmarks, /Attraction_Review-g608962-d10692498-Reviews-Cerkev_sv_Janeza_Evangelista_Izola-Izola_Slovenian_Istria_Slovenian_Littoral_Reg.html, /Attractions-g608962-Activities-Izola_Slovenian_Istria_Slovenian_Littoral_Region.html
Cerkev sv. Katerine - Izola, 3.0, Sights & Landmarks, /Attraction_Review-g608962-d10692496-Reviews-Cerkev_sv_Katerine_Izola-Izola_Slovenian_Istria_Slovenian_Littoral_Region.html, /Attractions-g608962-Activities-Izola_Slovenian_Istria_Slovenian_Littoral_Region.html
Molilnica Scuola Battuti, 3.0, Sights & Landmarks, /Attraction_Review-g608962-d10712030-Reviews-Molilnica_Scuola_Battuti-Izola_Slovenian_Istria_Slovenian_Littoral_Region.html, /Attractions-g608962-Activities-Izola_Slovenian_Istria_Slovenian_Littoral_Region.html
Memorial Padlih Za Svobodo, 3.0, Sights & Landmarks, /Attraction_Review-g608962-d20091301-Reviews-Memorial_Padlih_Za_Svobodo-Izola_Slovenian_Istria_Slovenian_Littoral_Region.html, /Attractions-g608962-Activities-Izola_Slovenian_Istria_Slovenian_Littoral_Region.html
Kulturni Dom, 4.5, Traveller Resources, /Attraction_Review-g608962-d10712180-Reviews-Kulturni_Dom-Izola_Slovenian_Istria_Slovenian_Littoral_Region.html, /Attractions-g608962-Activities-Izola_Slovenian_Istria_Slovenian_Littoral_Region.html
