attraction_name, attraction_rate, attraction_type, attraction_url, attraction_parent_url
St Anthony's church, 4.0, Sights & Landmarks, /Attraction_Review-g7733853-d15215400-Reviews-St_Anthony_s_church-Zelezniki_Upper_Carniola_Region.html, /Attractions-g7733853-Activities-Zelezniki_Upper_Carniola_Region.html
Slap Sprucar, None, Nature & Parks, /Attraction_Review-g7733853-d12714624-Reviews-Slap_Sprucar-Zelezniki_Upper_Carniola_Region.html, /Attractions-g7733853-Activities-Zelezniki_Upper_Carniola_Region.html
Železniki Museum, None, Museums, /Attraction_Review-g7733853-d17990839-Reviews-Zelezniki_Museum-Zelezniki_Upper_Carniola_Region.html, /Attractions-g7733853-Activities-Zelezniki_Upper_Carniola_Region.html
Bridge under Griva, None, Sights & Landmarks, /Attraction_Review-g7733853-d17990873-Reviews-Bridge_under_Griva-Zelezniki_Upper_Carniola_Region.html, /Attractions-g7733853-Activities-Zelezniki_Upper_Carniola_Region.html
Plnada in Železniki, None, Sights & Landmarks, /Attraction_Review-g7733853-d17990875-Reviews-Plnada_in_Zelezniki-Zelezniki_Upper_Carniola_Region.html, /Attractions-g7733853-Activities-Zelezniki_Upper_Carniola_Region.html
Memorial to the National Liberation Battle in Dražgoše, None, Sights & Landmarks, /Attraction_Review-g7733853-d17990908-Reviews-Memorial_to_the_National_Liberation_Battle_in_Drazgose-Zelezniki_Upper_Carniola.html, /Attractions-g7733853-Activities-Zelezniki_Upper_Carniola_Region.html
Biček's Rock, None, Sights & Landmarks, /Attraction_Review-g7733853-d17990909-Reviews-Bicek_s_Rock-Zelezniki_Upper_Carniola_Region.html, /Attractions-g7733853-Activities-Zelezniki_Upper_Carniola_Region.html
Davča Ethnographic Museum, None, Museums, /Attraction_Review-g7733853-d17990842-Reviews-Davca_Ethnographic_Museum-Zelezniki_Upper_Carniola_Region.html, /Attractions-g7733853-Activities-Zelezniki_Upper_Carniola_Region.html
Blast Furnace in Železniki, None, Sights & Landmarks, /Attraction_Review-g7733853-d17990872-Reviews-Blast_Furnace_in_Zelezniki-Zelezniki_Upper_Carniola_Region.html, /Attractions-g7733853-Activities-Zelezniki_Upper_Carniola_Region.html
