attraction_name, attraction_rate, attraction_type, attraction_url, attraction_parent_url
Slap Grmečica, 4.5, Nature & Parks, /Attraction_Review-g815572-d14167995-Reviews-Slap_Grmecica-Bohinjska_Bistrica_Upper_Carniola_Region.html, /Attractions-g815572-Activities-Bohinjska_Bistrica_Upper_Carniola_Region.html
Izvir Bistrice, 5.0, Nature & Parks, /Attraction_Review-g815572-d14164037-Reviews-Izvir_Bistrice-Bohinjska_Bistrica_Upper_Carniola_Region.html, /Attractions-g815572-Activities-Bohinjska_Bistrica_Upper_Carniola_Region.html
Tomaž Godec Museum, 5.0, Museums, /Attraction_Review-g815572-d14142048-Reviews-Tomaz_Godec_Museum-Bohinjska_Bistrica_Upper_Carniola_Region.html, /Attractions-g815572-Activities-Bohinjska_Bistrica_Upper_Carniola_Region.html
Vodnik Viewpoint, 5.0, Sights & Landmarks, /Attraction_Review-g815572-d15119107-Reviews-Vodnik_Viewpoint-Bohinjska_Bistrica_Upper_Carniola_Region.html, /Attractions-g815572-Activities-Bohinjska_Bistrica_Upper_Carniola_Region.html
Goreljek Peat Bog, 3.0, Nature & Parks, /Attraction_Review-g815572-d15132992-Reviews-Goreljek_Peat_Bog-Bohinjska_Bistrica_Upper_Carniola_Region.html, /Attractions-g815572-Activities-Bohinjska_Bistrica_Upper_Carniola_Region.html
Sport4fun, 5.0, Boat Tours & Water Sports, /Attraction_Review-g815572-d7038830-Reviews-Sport4fun-Bohinjska_Bistrica_Upper_Carniola_Region.html, /Attractions-g815572-Activities-Bohinjska_Bistrica_Upper_Carniola_Region.html
Aquapark &amp; Wellness - Vodni Park Bohinj, 4.0, Spas & Wellness, /Attraction_Review-g815572-d6938562-Reviews-Aquapark_Wellness_Vodni_Park_Bohinj-Bohinjska_Bistrica_Upper_Carniola_Region.html, /Attractions-g815572-Activities-Bohinjska_Bistrica_Upper_Carniola_Region.html
TOP AGENCIJA, 5.0, Tours, /Attraction_Review-g815572-d16920272-Reviews-TOP_AGENCIJA-Bohinjska_Bistrica_Upper_Carniola_Region.html, /Attractions-g815572-Activities-Bohinjska_Bistrica_Upper_Carniola_Region.html
Bohinj Bowling, 5.0, Nightlife, /Attraction_Review-g815572-d8784604-Reviews-Bohinj_Bowling-Bohinjska_Bistrica_Upper_Carniola_Region.html, /Attractions-g815572-Activities-Bohinjska_Bistrica_Upper_Carniola_Region.html
Zipline Bohinj, 4.5, Tours, /Attraction_Review-g815572-d8457769-Reviews-Zipline_Bohinj-Bohinjska_Bistrica_Upper_Carniola_Region.html, /Attractions-g815572-Activities-Bohinjska_Bistrica_Upper_Carniola_Region.html
Alpe Bohinj, 4.5, Tours, /Attraction_Review-g815572-d12172421-Reviews-Alpe_Bohinj-Bohinjska_Bistrica_Upper_Carniola_Region.html, /Attractions-g815572-Activities-Bohinjska_Bistrica_Upper_Carniola_Region.html
Taxi Bohinj, 5.0, Transportation, /Attraction_Review-g815572-d14981098-Reviews-Taxi_Bohinj-Bohinjska_Bistrica_Upper_Carniola_Region.html, /Attractions-g815572-Activities-Bohinjska_Bistrica_Upper_Carniola_Region.html
Juliana Trail, 5.0, Nature & Parks, /Attraction_Review-g815572-d20387425-Reviews-Juliana_Trail-Bohinjska_Bistrica_Upper_Carniola_Region.html, /Attractions-g815572-Activities-Bohinjska_Bistrica_Upper_Carniola_Region.html
Slovenske Zeleznice, 4.5, Transportation, /Attraction_Review-g815572-d17388579-Reviews-Slovenske_Zeleznice-Bohinjska_Bistrica_Upper_Carniola_Region.html, /Attractions-g815572-Activities-Bohinjska_Bistrica_Upper_Carniola_Region.html
Pub Allo Allo, 4.5, Nightlife, /Attraction_Review-g815572-d9595186-Reviews-Pub_Allo_Allo-Bohinjska_Bistrica_Upper_Carniola_Region.html, /Attractions-g815572-Activities-Bohinjska_Bistrica_Upper_Carniola_Region.html
Zoisov Grad S Stolpno Uro, 5.0, Museums, /Attraction_Review-g815572-d14674984-Reviews-Zoisov_Grad_S_Stolpno_Uro-Bohinjska_Bistrica_Upper_Carniola_Region.html, /Attractions-g815572-Activities-Bohinjska_Bistrica_Upper_Carniola_Region.html
Rock bar Urška, 5.0, Nightlife, /Attraction_Review-g815572-d12166233-Reviews-Rock_bar_Urska-Bohinjska_Bistrica_Upper_Carniola_Region.html, /Attractions-g815572-Activities-Bohinjska_Bistrica_Upper_Carniola_Region.html
Ajdovski gradec, None, Sights & Landmarks, /Attraction_Review-g815572-d14160927-Reviews-Ajdovski_gradec-Bohinjska_Bistrica_Upper_Carniola_Region.html, /Attractions-g815572-Activities-Bohinjska_Bistrica_Upper_Carniola_Region.html
Kerglc Trekking Trail, None, Nature & Parks, /Attraction_Review-g815572-d15130493-Reviews-Kerglc_Trekking_Trail-Bohinjska_Bistrica_Upper_Carniola_Region.html, /Attractions-g815572-Activities-Bohinjska_Bistrica_Upper_Carniola_Region.html
St Nikola Church, None, Sights & Landmarks, /Attraction_Review-g815572-d21294416-Reviews-St_Nikola_Church-Bohinjska_Bistrica_Upper_Carniola_Region.html, /Attractions-g815572-Activities-Bohinjska_Bistrica_Upper_Carniola_Region.html
Vodnikov Lookout Point, None, Sights & Landmarks, /Attraction_Review-g815572-d20031031-Reviews-Vodnikov_Lookout_Point-Bohinjska_Bistrica_Upper_Carniola_Region.html, /Attractions-g815572-Activities-Bohinjska_Bistrica_Upper_Carniola_Region.html
Cerkev Marijinega Vnebozetja, None, Sights & Landmarks, /Attraction_Review-g815572-d21314476-Reviews-Cerkev_Marijinega_Vnebozetja-Bohinjska_Bistrica_Upper_Carniola_Region.html, /Attractions-g815572-Activities-Bohinjska_Bistrica_Upper_Carniola_Region.html
Cerkev, None, Sights & Landmarks, /Attraction_Review-g815572-d21314472-Reviews-Cerkev-Bohinjska_Bistrica_Upper_Carniola_Region.html, /Attractions-g815572-Activities-Bohinjska_Bistrica_Upper_Carniola_Region.html
