attraction_name, attraction_rate, attraction_type, attraction_url, attraction_parent_url
Old Vine House, 4.5, Museums, /Attraction_Review-g274874-d7390126-Reviews-Old_Vine_House-Maribor_Styria_Region.html, /Attractions-g274874-Activities-Maribor_Styria_Region.html
Mariborsko Pohorje Ski Resort, 4.5, Nature & Parks, /Attraction_Review-g274874-d6961350-Reviews-Mariborsko_Pohorje_Ski_Resort-Maribor_Styria_Region.html, /Attractions-g274874-Activities-Maribor_Styria_Region.html
Piramida (Pyramid Hill), 4.5, Nature & Parks, /Attraction_Review-g274874-d2220887-Reviews-Piramida_Pyramid_Hill-Maribor_Styria_Region.html, /Attractions-g274874-Activities-Maribor_Styria_Region.html
Vinag Wine Cellar, 4.5, Food & Drink, /Attraction_Review-g274874-d12108360-Reviews-Vinag_Wine_Cellar-Maribor_Styria_Region.html, /Attractions-g274874-Activities-Maribor_Styria_Region.html
Glavni Trg, 4.0, Sights & Landmarks, /Attraction_Review-g274874-d523483-Reviews-Glavni_Trg-Maribor_Styria_Region.html, /Attractions-g274874-Activities-Maribor_Styria_Region.html
Regional Museum Maribor, 4.5, Museums, /Attraction_Review-g274874-d6028477-Reviews-Regional_Museum_Maribor-Maribor_Styria_Region.html, /Attractions-g274874-Activities-Maribor_Styria_Region.html
Maribor City Park, 4.5, Fun & Games, /Attraction_Review-g274874-d12291372-Reviews-Maribor_City_Park-Maribor_Styria_Region.html, /Attractions-g274874-Activities-Maribor_Styria_Region.html
Europark Maribor, 4.5, Shopping, /Attraction_Review-g274874-d2290184-Reviews-Europark_Maribor-Maribor_Styria_Region.html, /Attractions-g274874-Activities-Maribor_Styria_Region.html
Lent - the Oldest Part of the City of Maribor, 4.5, Sights & Landmarks, /Attraction_Review-g274874-d12543701-Reviews-Lent_the_Oldest_Part_of_the_City_of_Maribor-Maribor_Styria_Region.html, /Attractions-g274874-Activities-Maribor_Styria_Region.html
Vinogradi Horvat - Vineyards Horvat, 5.0, Food & Drink, /Attraction_Review-g274874-d6973832-Reviews-Vinogradi_Horvat_Vineyards_Horvat-Maribor_Styria_Region.html, /Attractions-g274874-Activities-Maribor_Styria_Region.html
National Liberation Monument, 4.0, Sights & Landmarks, /Attraction_Review-g274874-d12104806-Reviews-National_Liberation_Monument-Maribor_Styria_Region.html, /Attractions-g274874-Activities-Maribor_Styria_Region.html
Maribor Cathedral (Church of St John the Baptist), 4.0, Sights & Landmarks, /Attraction_Review-g274874-d1104114-Reviews-Maribor_Cathedral_Church_of_St_John_the_Baptist-Maribor_Styria_Region.html, /Attractions-g274874-Activities-Maribor_Styria_Region.html
Three Ponds, 4.5, Nature & Parks, /Attraction_Review-g274874-d2209648-Reviews-Three_Ponds-Maribor_Styria_Region.html, /Attractions-g274874-Activities-Maribor_Styria_Region.html
Franciscan Church, 4.0, Sights & Landmarks, /Attraction_Review-g274874-d2469880-Reviews-Franciscan_Church-Maribor_Styria_Region.html, /Attractions-g274874-Activities-Maribor_Styria_Region.html
Plague Column, 4.0, Sights & Landmarks, /Attraction_Review-g274874-d12541861-Reviews-Plague_Column-Maribor_Styria_Region.html, /Attractions-g274874-Activities-Maribor_Styria_Region.html
Water Tower, 4.0, Sights & Landmarks, /Attraction_Review-g274874-d2469949-Reviews-Water_Tower-Maribor_Styria_Region.html, /Attractions-g274874-Activities-Maribor_Styria_Region.html
Maribor Cathedral Bell Tower, 4.5, Sights & Landmarks, /Attraction_Review-g274874-d8113835-Reviews-Maribor_Cathedral_Bell_Tower-Maribor_Styria_Region.html, /Attractions-g274874-Activities-Maribor_Styria_Region.html
Bike Park Pohorje, 4.0, Nature & Parks, /Attraction_Review-g274874-d10275056-Reviews-Bike_Park_Pohorje-Maribor_Styria_Region.html, /Attractions-g274874-Activities-Maribor_Styria_Region.html
Main Square of Maribor, 4.0, Sights & Landmarks, /Attraction_Review-g274874-d12546378-Reviews-Main_Square_of_Maribor-Maribor_Styria_Region.html, /Attractions-g274874-Activities-Maribor_Styria_Region.html
Stadion Ljudski vrt, 4.0, Sights & Landmarks, /Attraction_Review-g274874-d3533168-Reviews-Stadion_Ljudski_vrt-Maribor_Styria_Region.html, /Attractions-g274874-Activities-Maribor_Styria_Region.html
Old Bridge (Drava Bridge), 4.0, Sights & Landmarks, /Attraction_Review-g274874-d12546320-Reviews-Old_Bridge_Drava_Bridge-Maribor_Styria_Region.html, /Attractions-g274874-Activities-Maribor_Styria_Region.html
UGM I Maribor Art Gallery, 4.0, Museums, /Attraction_Review-g274874-d4608844-Reviews-UGM_I_Maribor_Art_Gallery-Maribor_Styria_Region.html, /Attractions-g274874-Activities-Maribor_Styria_Region.html
Sinagoga Maribor, 4.0, Sights & Landmarks, /Attraction_Review-g274874-d5567108-Reviews-Sinagoga_Maribor-Maribor_Styria_Region.html, /Attractions-g274874-Activities-Maribor_Styria_Region.html
Akvarij in terarij, 3.5, Zoos & Aquariums, /Attraction_Review-g274874-d5567122-Reviews-Akvarij_in_terarij-Maribor_Styria_Region.html, /Attractions-g274874-Activities-Maribor_Styria_Region.html
Botanical Garden of University of Maribor, 4.5, Nature & Parks, /Attraction_Review-g274874-d7207048-Reviews-Botanical_Garden_of_University_of_Maribor-Maribor_Styria_Region.html, /Attractions-g274874-Activities-Maribor_Styria_Region.html
Judgement Tower, 3.5, Sights & Landmarks, /Attraction_Review-g274874-d4689660-Reviews-Judgement_Tower-Maribor_Styria_Region.html, /Attractions-g274874-Activities-Maribor_Styria_Region.html
The National Liberation Museum Maribor (Muzej narodne osvoboditve Maribor ), 4.5, Museums, /Attraction_Review-g274874-d1075474-Reviews-The_National_Liberation_Museum_Maribor_Muzej_narodne_osvoboditve_Maribor-Maribor_.html, /Attractions-g274874-Activities-Maribor_Styria_Region.html
Vetrinjski dvor, 4.5, Sights & Landmarks, /Attraction_Review-g274874-d9702042-Reviews-Vetrinjski_dvor-Maribor_Styria_Region.html, /Attractions-g274874-Activities-Maribor_Styria_Region.html
Grajski Trg square, 3.5, Sights & Landmarks, /Attraction_Review-g274874-d12541873-Reviews-Grajski_Trg_square-Maribor_Styria_Region.html, /Attractions-g274874-Activities-Maribor_Styria_Region.html
Trg Svobode Square, 3.5, Sights & Landmarks, /Attraction_Review-g274874-d12541874-Reviews-Trg_Svobode_Square-Maribor_Styria_Region.html, /Attractions-g274874-Activities-Maribor_Styria_Region.html
