attraction_name, attraction_rate, attraction_type, attraction_url, attraction_parent_url
River Krupa Spring, 5.0, Nature & Parks, /Attraction_Review-g7744153-d19120535-Reviews-River_Krupa_Spring-Semic_Lower_Carniola_Region.html, /Attractions-g7744153-Activities-Semic_Lower_Carniola_Region.html
Klet Semiske Penine, None, Food & Drink, /Attraction_Review-g7744153-d12827836-Reviews-Klet_Semiske_Penine-Semic_Lower_Carniola_Region.html, /Attractions-g7744153-Activities-Semic_Lower_Carniola_Region.html
Župnijska cerkev sv. Štefana, None, Sights & Landmarks, /Attraction_Review-g7744153-d15233967-Reviews-Zupnijska_cerkev_sv_Stefana-Semic_Lower_Carniola_Region.html, /Attractions-g7744153-Activities-Semic_Lower_Carniola_Region.html
Gače, None, Tours, /Attraction_Review-g7744153-d20913969-Reviews-Gace-Semic_Lower_Carniola_Region.html, /Attractions-g7744153-Activities-Semic_Lower_Carniola_Region.html
Divji Potok, None, Nature & Parks, /Attraction_Review-g7744153-d19281969-Reviews-Divji_Potok-Semic_Lower_Carniola_Region.html, /Attractions-g7744153-Activities-Semic_Lower_Carniola_Region.html
