attraction_name, attraction_rate, attraction_type, attraction_url, attraction_parent_url
Lake Bohinj, 4.5, Nature & Parks, /Attraction_Review-g274865-d296736-Reviews-Lake_Bohinj-Bohinjsko_Jezero_Upper_Carniola_Region.html, /Attractions-g274865-Activities-Bohinjsko_Jezero_Upper_Carniola_Region.html
Vogel Ski Center, 4.5, Nature & Parks, /Attraction_Review-g274865-d1899824-Reviews-Vogel_Ski_Center-Bohinjsko_Jezero_Upper_Carniola_Region.html, /Attractions-g274865-Activities-Bohinjsko_Jezero_Upper_Carniola_Region.html
Waterfall Savica, 4.0, Nature & Parks, /Attraction_Review-g274865-d1848881-Reviews-Waterfall_Savica-Bohinjsko_Jezero_Upper_Carniola_Region.html, /Attractions-g274865-Activities-Bohinjsko_Jezero_Upper_Carniola_Region.html
Golden Horn Fairyland, 4.5, Water & Amusement Parks, /Attraction_Review-g274865-d4482202-Reviews-Golden_Horn_Fairyland-Bohinjsko_Jezero_Upper_Carniola_Region.html, /Attractions-g274865-Activities-Bohinjsko_Jezero_Upper_Carniola_Region.html
Prsivec, 5.0, Nature & Parks, /Attraction_Review-g274865-d14163996-Reviews-Prsivec-Bohinjsko_Jezero_Upper_Carniola_Region.html, /Attractions-g274865-Activities-Bohinjsko_Jezero_Upper_Carniola_Region.html
Monument To Four Courageous Men, 4.0, Sights & Landmarks, /Attraction_Review-g274865-d8797224-Reviews-Monument_To_Four_Courageous_Men-Bohinjsko_Jezero_Upper_Carniola_Region.html, /Attractions-g274865-Activities-Bohinjsko_Jezero_Upper_Carniola_Region.html
Church of St John the Baptist, 4.5, Sights & Landmarks, /Attraction_Review-g274865-d7029039-Reviews-Church_of_St_John_the_Baptist-Bohinjsko_Jezero_Upper_Carniola_Region.html, /Attractions-g274865-Activities-Bohinjsko_Jezero_Upper_Carniola_Region.html
Razglednik Peč, 5.0, Nature & Parks, /Attraction_Review-g274865-d15114806-Reviews-Razglednik_Pec-Bohinjsko_Jezero_Upper_Carniola_Region.html, /Attractions-g274865-Activities-Bohinjsko_Jezero_Upper_Carniola_Region.html
Museum of Alpine Dairy Farming, 4.0, Museums, /Attraction_Review-g274865-d2171466-Reviews-Museum_of_Alpine_Dairy_Farming-Bohinjsko_Jezero_Upper_Carniola_Region.html, /Attractions-g274865-Activities-Bohinjsko_Jezero_Upper_Carniola_Region.html
Info Center Bohinj, 4.5, Traveller Resources, /Attraction_Review-g274865-d15306802-Reviews-Info_Center_Bohinj-Bohinjsko_Jezero_Upper_Carniola_Region.html, /Attractions-g274865-Activities-Bohinjsko_Jezero_Upper_Carniola_Region.html
Govic Waterfall, 4.5, Nature & Parks, /Attraction_Review-g274865-d14166321-Reviews-Govic_Waterfall-Bohinjsko_Jezero_Upper_Carniola_Region.html, /Attractions-g274865-Activities-Bohinjsko_Jezero_Upper_Carniola_Region.html
Vojasko Pokopalisce Ukanc, 4.0, Sights & Landmarks, /Attraction_Review-g274865-d13399663-Reviews-Vojasko_Pokopalisce_Ukanc-Bohinjsko_Jezero_Upper_Carniola_Region.html, /Attractions-g274865-Activities-Bohinjsko_Jezero_Upper_Carniola_Region.html
Vogar, 5.0, Sights & Landmarks, /Attraction_Review-g274865-d15119113-Reviews-Vogar-Bohinjsko_Jezero_Upper_Carniola_Region.html, /Attractions-g274865-Activities-Bohinjsko_Jezero_Upper_Carniola_Region.html
Rudnica, 5.0, Sights & Landmarks, /Attraction_Review-g274865-d15119081-Reviews-Rudnica-Bohinjsko_Jezero_Upper_Carniola_Region.html, /Attractions-g274865-Activities-Bohinjsko_Jezero_Upper_Carniola_Region.html
Kumulus Paragliding, 5.0, Boat Tours & Water Sports, /Attraction_Review-g274865-d13943067-Reviews-Kumulus_Paragliding-Bohinjsko_Jezero_Upper_Carniola_Region.html, /Attractions-g274865-Activities-Bohinjsko_Jezero_Upper_Carniola_Region.html
Hike&amp;Bike Slovenia, 5.0, Tours, /Attraction_Review-g274865-d4482263-Reviews-Hike_Bike_Slovenia-Bohinjsko_Jezero_Upper_Carniola_Region.html, /Attractions-g274865-Activities-Bohinjsko_Jezero_Upper_Carniola_Region.html
Pac Sports, 5.0, Boat Tours & Water Sports, /Attraction_Review-g274865-d7098518-Reviews-Pac_Sports-Bohinjsko_Jezero_Upper_Carniola_Region.html, /Attractions-g274865-Activities-Bohinjsko_Jezero_Upper_Carniola_Region.html
Ladja Bohinj Tourist Boat, 4.5, Boat Tours & Water Sports, /Attraction_Review-g274865-d2171454-Reviews-Ladja_Bohinj_Tourist_Boat-Bohinjsko_Jezero_Upper_Carniola_Region.html, /Attractions-g274865-Activities-Bohinjsko_Jezero_Upper_Carniola_Region.html
Alpinsport, 4.5, Boat Tours & Water Sports, /Attraction_Review-g274865-d2077211-Reviews-Alpinsport-Bohinjsko_Jezero_Upper_Carniola_Region.html, /Attractions-g274865-Activities-Bohinjsko_Jezero_Upper_Carniola_Region.html
Ski Finzgar, 5.0, Classes & Workshops, /Attraction_Review-g274865-d9974219-Reviews-Ski_Finzgar-Bohinjsko_Jezero_Upper_Carniola_Region.html, /Attractions-g274865-Activities-Bohinjsko_Jezero_Upper_Carniola_Region.html
Loop Team Paragliding Center, 5.0, Boat Tours & Water Sports, /Attraction_Review-g274865-d15066626-Reviews-Loop_Team_Paragliding_Center-Bohinjsko_Jezero_Upper_Carniola_Region.html, /Attractions-g274865-Activities-Bohinjsko_Jezero_Upper_Carniola_Region.html
Super Duper, 5.0, Boat Tours & Water Sports, /Attraction_Review-g274865-d17709020-Reviews-Super_Duper-Bohinjsko_Jezero_Upper_Carniola_Region.html, /Attractions-g274865-Activities-Bohinjsko_Jezero_Upper_Carniola_Region.html
The Light in Bohinj Photo Tours, 5.0, Tours, /Attraction_Review-g274865-d7603597-Reviews-The_Light_in_Bohinj_Photo_Tours-Bohinjsko_Jezero_Upper_Carniola_Region.html, /Attractions-g274865-Activities-Bohinjsko_Jezero_Upper_Carniola_Region.html
Tourist Boat Bohinj, 5.0, Boat Tours & Water Sports, /Attraction_Review-g274865-d19077668-Reviews-Tourist_Boat_Bohinj-Bohinjsko_Jezero_Upper_Carniola_Region.html, /Attractions-g274865-Activities-Bohinjsko_Jezero_Upper_Carniola_Region.html
BohinjSKI FLYer, 3.5, Tours, /Attraction_Review-g274865-d12299431-Reviews-BohinjSKI_FLYer-Bohinjsko_Jezero_Upper_Carniola_Region.html, /Attractions-g274865-Activities-Bohinjsko_Jezero_Upper_Carniola_Region.html
Yoga Bohinj, 5.0, Spas & Wellness, /Attraction_Review-g274865-d12513488-Reviews-Yoga_Bohinj-Bohinjsko_Jezero_Upper_Carniola_Region.html, /Attractions-g274865-Activities-Bohinjsko_Jezero_Upper_Carniola_Region.html
CC - LINE&& d.o.o.&& Bohinj, None, Outdoor Activities, /Attraction_Review-g274865-d6509307-Reviews-CC_LINE_d_o_o_Bohinj-Bohinjsko_Jezero_Upper_Carniola_Region.html, /Attractions-g274865-Activities-Bohinjsko_Jezero_Upper_Carniola_Region.html
SLOVENIA with locals 💚❤️, None, Tours, /Attraction_Review-g274865-d19384647-Reviews-SLOVENIA_with_locals-Bohinjsko_Jezero_Upper_Carniola_Region.html, /Attractions-g274865-Activities-Bohinjsko_Jezero_Upper_Carniola_Region.html
