attraction_name, attraction_rate, attraction_type, attraction_url, attraction_parent_url
Mostnica Gorge, 4.5, Nature & Parks, /Attraction_Review-g12364789-d2080035-Reviews-Mostnica_Gorge-Stara_Fuzina_Upper_Carniola_Region.html, /Attractions-g12364789-Activities-Stara_Fuzina_Upper_Carniola_Region.html
Stara Fužina, 4.5, Sights & Landmarks, /Attraction_Review-g12364789-d14167893-Reviews-Stara_Fuzina-Stara_Fuzina_Upper_Carniola_Region.html, /Attractions-g12364789-Activities-Stara_Fuzina_Upper_Carniola_Region.html
Devil's Bridge in Stara Fužina, 4.0, Sights & Landmarks, /Attraction_Review-g12364789-d14164039-Reviews-Devil_s_Bridge_in_Stara_Fuzina-Stara_Fuzina_Upper_Carniola_Region.html, /Attractions-g12364789-Activities-Stara_Fuzina_Upper_Carniola_Region.html
Voje Valley, 5.0, Nature & Parks, /Attraction_Review-g12364789-d18901506-Reviews-Voje_Valley-Stara_Fuzina_Upper_Carniola_Region.html, /Attractions-g12364789-Activities-Stara_Fuzina_Upper_Carniola_Region.html
Voje Waterfall, 4.0, Nature & Parks, /Attraction_Review-g12364789-d18901741-Reviews-Voje_Waterfall-Stara_Fuzina_Upper_Carniola_Region.html, /Attractions-g12364789-Activities-Stara_Fuzina_Upper_Carniola_Region.html
Cerkev sv Pavla, 4.0, Sights & Landmarks, /Attraction_Review-g12364789-d18904240-Reviews-Cerkev_sv_Pavla-Stara_Fuzina_Upper_Carniola_Region.html, /Attractions-g12364789-Activities-Stara_Fuzina_Upper_Carniola_Region.html
ParaTrip, 5.0, Boat Tours & Water Sports, /Attraction_Review-g12364789-d14204222-Reviews-ParaTrip-Stara_Fuzina_Upper_Carniola_Region.html, /Attractions-g12364789-Activities-Stara_Fuzina_Upper_Carniola_Region.html
Black Lake, None, Nature & Parks, /Attraction_Review-g12364789-d15243646-Reviews-Black_Lake-Stara_Fuzina_Upper_Carniola_Region.html, /Attractions-g12364789-Activities-Stara_Fuzina_Upper_Carniola_Region.html
