attraction_name, attraction_rate, attraction_type, attraction_url, attraction_parent_url
Tropical Garden Slovenia, 4.0, Nature & Parks, /Attraction_Review-g274875-d12024484-Reviews-Tropical_Garden_Slovenia-Murska_Sobota_Prekmurje_Region.html, /Attractions-g274875-Activities-Murska_Sobota_Prekmurje_Region.html
Expano, 4.5, Traveller Resources, /Attraction_Review-g274875-d17413859-Reviews-Expano-Murska_Sobota_Prekmurje_Region.html, /Attractions-g274875-Activities-Murska_Sobota_Prekmurje_Region.html
Murska Sobota Regional Museum, 4.5, Museums, /Attraction_Review-g274875-d4214118-Reviews-Murska_Sobota_Regional_Museum-Murska_Sobota_Prekmurje_Region.html, /Attractions-g274875-Activities-Murska_Sobota_Prekmurje_Region.html
Murska Sobota - Monument to Victims of War, 4.0, Sights & Landmarks, /Attraction_Review-g274875-d10802219-Reviews-Murska_Sobota_Monument_to_Victims_of_War-Murska_Sobota_Prekmurje_Region.html, /Attractions-g274875-Activities-Murska_Sobota_Prekmurje_Region.html
Soboški Grad, 4.0, Sights & Landmarks, /Attraction_Review-g274875-d8291096-Reviews-Soboski_Grad-Murska_Sobota_Prekmurje_Region.html, /Attractions-g274875-Activities-Murska_Sobota_Prekmurje_Region.html
Stolna cerkev Sv. Nikolaja, 5.0, Sights & Landmarks, /Attraction_Review-g274875-d12731692-Reviews-Stolna_cerkev_Sv_Nikolaja-Murska_Sobota_Prekmurje_Region.html, /Attractions-g274875-Activities-Murska_Sobota_Prekmurje_Region.html
Galerija Murska Sobota, 4.5, Sights & Landmarks, /Attraction_Review-g274875-d7011184-Reviews-Galerija_Murska_Sobota-Murska_Sobota_Prekmurje_Region.html, /Attractions-g274875-Activities-Murska_Sobota_Prekmurje_Region.html
Grad Murska Sobota, 3.5, Sights & Landmarks, /Attraction_Review-g274875-d12731686-Reviews-Grad_Murska_Sobota-Murska_Sobota_Prekmurje_Region.html, /Attractions-g274875-Activities-Murska_Sobota_Prekmurje_Region.html
Culture Square, 4.0, Sights & Landmarks, /Attraction_Review-g274875-d7106886-Reviews-Culture_Square-Murska_Sobota_Prekmurje_Region.html, /Attractions-g274875-Activities-Murska_Sobota_Prekmurje_Region.html
Turistično Informacijski Center Murska Sobota, 4.0, Traveller Resources, /Attraction_Review-g274875-d12731676-Reviews-Turisticno_Informacijski_Center_Murska_Sobota-Murska_Sobota_Prekmurje_Region.html, /Attractions-g274875-Activities-Murska_Sobota_Prekmurje_Region.html
Dvorec Rakičan, 3.5, Sights & Landmarks, /Attraction_Review-g274875-d12731679-Reviews-Dvorec_Rakican-Murska_Sobota_Prekmurje_Region.html, /Attractions-g274875-Activities-Murska_Sobota_Prekmurje_Region.html
Muse Erato, 3.0, Sights & Landmarks, /Attraction_Review-g274875-d7106730-Reviews-Muse_Erato-Murska_Sobota_Prekmurje_Region.html, /Attractions-g274875-Activities-Murska_Sobota_Prekmurje_Region.html
Evangelicanska cerkev, 3.0, Sights & Landmarks, /Attraction_Review-g274875-d12785979-Reviews-Evangelicanska_cerkev-Murska_Sobota_Prekmurje_Region.html, /Attractions-g274875-Activities-Murska_Sobota_Prekmurje_Region.html
Escape Room Enigmarium Murska Sobota, 5.0, Fun & Games, /Attraction_Review-g274875-d12417091-Reviews-Escape_Room_Enigmarium_Murska_Sobota-Murska_Sobota_Prekmurje_Region.html, /Attractions-g274875-Activities-Murska_Sobota_Prekmurje_Region.html
Šavel center, 5.0, Sights & Landmarks, /Attraction_Review-g274875-d12731677-Reviews-Savel_center-Murska_Sobota_Prekmurje_Region.html, /Attractions-g274875-Activities-Murska_Sobota_Prekmurje_Region.html
A Szt. Miklós rotunda, None, Sights & Landmarks, /Attraction_Review-g274875-d11806039-Reviews-A_Szt_Miklos_rotunda-Murska_Sobota_Prekmurje_Region.html, /Attractions-g274875-Activities-Murska_Sobota_Prekmurje_Region.html
Športna zveza Murska Sobota, None, Fun & Games, /Attraction_Review-g274875-d12731825-Reviews-Sportna_zveza_Murska_Sobota-Murska_Sobota_Prekmurje_Region.html, /Attractions-g274875-Activities-Murska_Sobota_Prekmurje_Region.html
TC Maximus, None, Shopping, /Attraction_Review-g274875-d12731817-Reviews-TC_Maximus-Murska_Sobota_Prekmurje_Region.html, /Attractions-g274875-Activities-Murska_Sobota_Prekmurje_Region.html
Rekreacijski park Fazanerija, None, Nature & Parks, /Attraction_Review-g274875-d12731824-Reviews-Rekreacijski_park_Fazanerija-Murska_Sobota_Prekmurje_Region.html, /Attractions-g274875-Activities-Murska_Sobota_Prekmurje_Region.html
Cineplexx kino Murska Sobota, None, Fun & Games, /Attraction_Review-g274875-d12731685-Reviews-Cineplexx_kino_Murska_Sobota-Murska_Sobota_Prekmurje_Region.html, /Attractions-g274875-Activities-Murska_Sobota_Prekmurje_Region.html
Mestni park, None, Nature & Parks, /Attraction_Review-g274875-d12731689-Reviews-Mestni_park-Murska_Sobota_Prekmurje_Region.html, /Attractions-g274875-Activities-Murska_Sobota_Prekmurje_Region.html
Gledališče Park, None, Sights & Landmarks, /Attraction_Review-g274875-d12731683-Reviews-Gledalisce_Park-Murska_Sobota_Prekmurje_Region.html, /Attractions-g274875-Activities-Murska_Sobota_Prekmurje_Region.html
Pokrajinska in študijska knjižnica, None, Traveller Resources, /Attraction_Review-g274875-d12731691-Reviews-Pokrajinska_in_studijska_knjiznica-Murska_Sobota_Prekmurje_Region.html, /Attractions-g274875-Activities-Murska_Sobota_Prekmurje_Region.html
Stride &amp; Seek Mini Adventures, None, Fun & Games, /Attraction_Review-g274875-d16880869-Reviews-Stride_Seek_Mini_Adventures-Murska_Sobota_Prekmurje_Region.html, /Attractions-g274875-Activities-Murska_Sobota_Prekmurje_Region.html
Sloveniafishing, None, Boat Tours & Water Sports, /Attraction_Review-g274875-d20968151-Reviews-Sloveniafishing-Murska_Sobota_Prekmurje_Region.html, /Attractions-g274875-Activities-Murska_Sobota_Prekmurje_Region.html
Paintball Krog, None, Fun & Games, /Attraction_Review-g274875-d21505107-Reviews-Paintball_Krog-Murska_Sobota_Prekmurje_Region.html, /Attractions-g274875-Activities-Murska_Sobota_Prekmurje_Region.html
Reka Mura, None, Nature & Parks, /Attraction_Review-g274875-d12731682-Reviews-Reka_Mura-Murska_Sobota_Prekmurje_Region.html, /Attractions-g274875-Activities-Murska_Sobota_Prekmurje_Region.html
