attraction_name, attraction_rate, attraction_type, attraction_url, attraction_parent_url
Veliki Rog, 4.0, Nature & Parks, /Attraction_Review-g2019328-d12788330-Reviews-Veliki_Rog-Kocevje_Lower_Carniola_Region.html, /Attractions-g2019328-Activities-Kocevje_Lower_Carniola_Region.html
The Parish Church of St. Fabian and Sebastian, 3.5, Sights & Landmarks, /Attraction_Review-g2019328-d12276659-Reviews-The_Parish_Church_of_St_Fabian_and_Sebastian-Kocevje_Lower_Carniola_Region.html, /Attractions-g2019328-Activities-Kocevje_Lower_Carniola_Region.html
Seskov house, 4.0, Museums, /Attraction_Review-g2019328-d11982943-Reviews-Seskov_house-Kocevje_Lower_Carniola_Region.html, /Attractions-g2019328-Activities-Kocevje_Lower_Carniola_Region.html
Kočevje Tourist Office, 3.0, Traveller Resources, /Attraction_Review-g2019328-d8637894-Reviews-Kocevje_Tourist_Office-Kocevje_Lower_Carniola_Region.html, /Attractions-g2019328-Activities-Kocevje_Lower_Carniola_Region.html
The Ledena Jama cave, 3.0, Nature & Parks, /Attraction_Review-g2019328-d12788461-Reviews-The_Ledena_Jama_cave-Kocevje_Lower_Carniola_Region.html, /Attractions-g2019328-Activities-Kocevje_Lower_Carniola_Region.html
Primeval Forest Krokar, None, Nature & Parks, /Attraction_Review-g2019328-d19122505-Reviews-Primeval_Forest_Krokar-Kocevje_Lower_Carniola_Region.html, /Attractions-g2019328-Activities-Kocevje_Lower_Carniola_Region.html
Lake Kočevje, None, Nature & Parks, /Attraction_Review-g2019328-d19275423-Reviews-Lake_Kocevje-Kocevje_Lower_Carniola_Region.html, /Attractions-g2019328-Activities-Kocevje_Lower_Carniola_Region.html
Zavod Kočevsko, None, Food & Drink, /Attraction_Review-g2019328-d19611253-Reviews-Zavod_Kocevsko-Kocevje_Lower_Carniola_Region.html, /Attractions-g2019328-Activities-Kocevje_Lower_Carniola_Region.html
Tourist Information Center Kocevje, None, Traveller Resources, /Attraction_Review-g2019328-d19611315-Reviews-Tourist_Information_Center_Kocevje-Kocevje_Lower_Carniola_Region.html, /Attractions-g2019328-Activities-Kocevje_Lower_Carniola_Region.html
Trips4photos Photography Workshops, None, Fun & Games, /Attraction_Review-g2019328-d16758944-Reviews-Trips4photos_Photography_Workshops-Kocevje_Lower_Carniola_Region.html, /Attractions-g2019328-Activities-Kocevje_Lower_Carniola_Region.html
