attraction_name, attraction_rate, attraction_type, attraction_url, attraction_parent_url
Marina Koper, 4.0, Nature & Parks, /Attraction_Review-g312722-d19918236-Reviews-Marina_Koper-Koper_Slovenian_Istria_Slovenian_Littoral_Region.html, /Attractions-g312722-Activities-Koper_Slovenian_Istria_Slovenian_Littoral_Region.html
House Of Dreamz - Fashion Outlet, 3.0, Shopping, /Attraction_Review-g312722-d17422916-Reviews-House_Of_Dreamz_Fashion_Outlet-Koper_Slovenian_Istria_Slovenian_Littoral_Region.html, /Attractions-g312722-Activities-Koper_Slovenian_Istria_Slovenian_Littoral_Region.html
Viewpoint Belveder, 4.0, Sights & Landmarks, /Attraction_Review-g312722-d19964269-Reviews-Viewpoint_Belveder-Koper_Slovenian_Istria_Slovenian_Littoral_Region.html, /Attractions-g312722-Activities-Koper_Slovenian_Istria_Slovenian_Littoral_Region.html
Almerigotti Palace, 4.0, Sights & Landmarks, /Attraction_Review-g312722-d19907131-Reviews-Almerigotti_Palace-Koper_Slovenian_Istria_Slovenian_Littoral_Region.html, /Attractions-g312722-Activities-Koper_Slovenian_Istria_Slovenian_Littoral_Region.html
Bastion Belveder, 4.0, Sights & Landmarks, /Attraction_Review-g312722-d19918162-Reviews-Bastion_Belveder-Koper_Slovenian_Istria_Slovenian_Littoral_Region.html, /Attractions-g312722-Activities-Koper_Slovenian_Istria_Slovenian_Littoral_Region.html
Rotunda sv Elija, 4.0, Sights & Landmarks, /Attraction_Review-g312722-d19918232-Reviews-Rotunda_sv_Elija-Koper_Slovenian_Istria_Slovenian_Littoral_Region.html, /Attractions-g312722-Activities-Koper_Slovenian_Istria_Slovenian_Littoral_Region.html
Rekreacijski Park Koper, 4.0, Fun & Games, /Attraction_Review-g312722-d19964628-Reviews-Rekreacijski_Park_Koper-Koper_Slovenian_Istria_Slovenian_Littoral_Region.html, /Attractions-g312722-Activities-Koper_Slovenian_Istria_Slovenian_Littoral_Region.html
Carli Palace, 4.0, Sights & Landmarks, /Attraction_Review-g312722-d19928548-Reviews-Carli_Palace-Koper_Slovenian_Istria_Slovenian_Littoral_Region.html, /Attractions-g312722-Activities-Koper_Slovenian_Istria_Slovenian_Littoral_Region.html
Panoramsko dvigalo, 4.0, Sights & Landmarks, /Attraction_Review-g312722-d19964264-Reviews-Panoramsko_dvigalo-Koper_Slovenian_Istria_Slovenian_Littoral_Region.html, /Attractions-g312722-Activities-Koper_Slovenian_Istria_Slovenian_Littoral_Region.html
Rojac Istra Slovenija Winery, 4.0, Food & Drink, /Attraction_Review-g312722-d7351207-Reviews-Rojac_Istra_Slovenija_Winery-Koper_Slovenian_Istria_Slovenian_Littoral_Region.html, /Attractions-g312722-Activities-Koper_Slovenian_Istria_Slovenian_Littoral_Region.html
Column of Justina of Pauda, 4.0, Sights & Landmarks, /Attraction_Review-g312722-d19899304-Reviews-Column_of_Justina_of_Pauda-Koper_Slovenian_Istria_Slovenian_Littoral_Region.html, /Attractions-g312722-Activities-Koper_Slovenian_Istria_Slovenian_Littoral_Region.html
Palača Del Bello, 4.0, Sights & Landmarks, /Attraction_Review-g312722-d19905851-Reviews-Palaca_Del_Bello-Koper_Slovenian_Istria_Slovenian_Littoral_Region.html, /Attractions-g312722-Activities-Koper_Slovenian_Istria_Slovenian_Littoral_Region.html
Palača Pizarello-Palma, 4.0, Sights & Landmarks, /Attraction_Review-g312722-d19905859-Reviews-Palaca_Pizarello_Palma-Koper_Slovenian_Istria_Slovenian_Littoral_Region.html, /Attractions-g312722-Activities-Koper_Slovenian_Istria_Slovenian_Littoral_Region.html
Brutti Palace, 4.0, Sights & Landmarks, /Attraction_Review-g312722-d19918131-Reviews-Brutti_Palace-Koper_Slovenian_Istria_Slovenian_Littoral_Region.html, /Attractions-g312722-Activities-Koper_Slovenian_Istria_Slovenian_Littoral_Region.html
Patriarhov stolp, 4.0, Sights & Landmarks, /Attraction_Review-g312722-d19923142-Reviews-Patriarhov_stolp-Koper_Slovenian_Istria_Slovenian_Littoral_Region.html, /Attractions-g312722-Activities-Koper_Slovenian_Istria_Slovenian_Littoral_Region.html
Palača Gravisi-Barbabianca, 4.0, Sights & Landmarks, /Attraction_Review-g312722-d19905881-Reviews-Palaca_Gravisi_Barbabianca-Koper_Slovenian_Istria_Slovenian_Littoral_Region.html, /Attractions-g312722-Activities-Koper_Slovenian_Istria_Slovenian_Littoral_Region.html
Vissich-Nardi Palace, 4.0, Sights & Landmarks, /Attraction_Review-g312722-d19905951-Reviews-Vissich_Nardi_Palace-Koper_Slovenian_Istria_Slovenian_Littoral_Region.html, /Attractions-g312722-Activities-Koper_Slovenian_Istria_Slovenian_Littoral_Region.html
Hisa de Rin, 4.0, Sights & Landmarks, /Attraction_Review-g312722-d19918155-Reviews-Hisa_de_Rin-Koper_Slovenian_Istria_Slovenian_Littoral_Region.html, /Attractions-g312722-Activities-Koper_Slovenian_Istria_Slovenian_Littoral_Region.html
Corner Palace, 4.0, Sights & Landmarks, /Attraction_Review-g312722-d19918151-Reviews-Corner_Palace-Koper_Slovenian_Istria_Slovenian_Littoral_Region.html, /Attractions-g312722-Activities-Koper_Slovenian_Istria_Slovenian_Littoral_Region.html
Elio Palace, 4.0, Sights & Landmarks, /Attraction_Review-g312722-d19918189-Reviews-Elio_Palace-Koper_Slovenian_Istria_Slovenian_Littoral_Region.html, /Attractions-g312722-Activities-Koper_Slovenian_Istria_Slovenian_Littoral_Region.html
Palaca de Belli, 4.0, Sights & Landmarks, /Attraction_Review-g312722-d19918238-Reviews-Palaca_de_Belli-Koper_Slovenian_Istria_Slovenian_Littoral_Region.html, /Attractions-g312722-Activities-Koper_Slovenian_Istria_Slovenian_Littoral_Region.html
Palaca Totto Ex Gavardo, 4.0, Sights & Landmarks, /Attraction_Review-g312722-d19935694-Reviews-Palaca_Totto_Ex_Gavardo-Koper_Slovenian_Istria_Slovenian_Littoral_Region.html, /Attractions-g312722-Activities-Koper_Slovenian_Istria_Slovenian_Littoral_Region.html
Belgramoni - Tacco Palace, 4.0, Sights & Landmarks, /Attraction_Review-g312722-d19935692-Reviews-Belgramoni_Tacco_Palace-Koper_Slovenian_Istria_Slovenian_Littoral_Region.html, /Attractions-g312722-Activities-Koper_Slovenian_Istria_Slovenian_Littoral_Region.html
St. Anne's Friary, 4.5, Sights & Landmarks, /Attraction_Review-g312722-d8451936-Reviews-St_Anne_s_Friary-Koper_Slovenian_Istria_Slovenian_Littoral_Region.html, /Attractions-g312722-Activities-Koper_Slovenian_Istria_Slovenian_Littoral_Region.html
Smoothie Cab, 4.5, Sights & Landmarks, /Attraction_Review-g312722-d4335059-Reviews-Smoothie_Cab-Koper_Slovenian_Istria_Slovenian_Littoral_Region.html, /Attractions-g312722-Activities-Koper_Slovenian_Istria_Slovenian_Littoral_Region.html
Cerkev sv. Trojice, 3.0, Sights & Landmarks, /Attraction_Review-g312722-d19927097-Reviews-Cerkev_sv_Trojice-Koper_Slovenian_Istria_Slovenian_Littoral_Region.html, /Attractions-g312722-Activities-Koper_Slovenian_Istria_Slovenian_Littoral_Region.html
Foresteria & Armeria, 3.0, Sights & Landmarks, /Attraction_Review-g312722-d19899285-Reviews-Foresteria_Armeria-Koper_Slovenian_Istria_Slovenian_Littoral_Region.html, /Attractions-g312722-Activities-Koper_Slovenian_Istria_Slovenian_Littoral_Region.html
Muzejski trg, 3.0, Sights & Landmarks, /Attraction_Review-g312722-d19964292-Reviews-Muzejski_trg-Koper_Slovenian_Istria_Slovenian_Littoral_Region.html, /Attractions-g312722-Activities-Koper_Slovenian_Istria_Slovenian_Littoral_Region.html
Pokrajinski arhiv Koper, None, Traveller Resources, /Attraction_Review-g312722-d12393449-Reviews-Pokrajinski_arhiv_Koper-Koper_Slovenian_Istria_Slovenian_Littoral_Region.html, /Attractions-g312722-Activities-Koper_Slovenian_Istria_Slovenian_Littoral_Region.html
Exarte, None, Museums, /Attraction_Review-g312722-d17406930-Reviews-Exarte-Koper_Slovenian_Istria_Slovenian_Littoral_Region.html, /Attractions-g312722-Activities-Koper_Slovenian_Istria_Slovenian_Littoral_Region.html
