attraction_name, attraction_rate, attraction_type, attraction_url, attraction_parent_url
Muzej Južne železnice, 4.0, Museums, /Attraction_Review-g4473240-d14998680-Reviews-Muzej_Juzne_zeleznice-Sentjur_Styria_Region.html, /Attractions-g4473240-Activities-Sentjur_Styria_Region.html
Rojstna hiša Antona Martina Slomška, 2.0, Museums, /Attraction_Review-g4473240-d14998679-Reviews-Rojstna_hisa_Antona_Martina_Slomska-Sentjur_Styria_Region.html, /Attractions-g4473240-Activities-Sentjur_Styria_Region.html
Muzejska zbirka Planina - Etnološka zbirka Šmid, None, Museums, /Attraction_Review-g4473240-d14998683-Reviews-Muzejska_zbirka_Planina_Etnoloska_zbirka_Smid-Sentjur_Styria_Region.html, /Attractions-g4473240-Activities-Sentjur_Styria_Region.html
Vrt Jozeta Zupanca, None, Nature & Parks, /Attraction_Review-g4473240-d14999045-Reviews-Vrt_Jozeta_Zupanca-Sentjur_Styria_Region.html, /Attractions-g4473240-Activities-Sentjur_Styria_Region.html
Miniatura srednjeveškega gradu, None, Sights & Landmarks, /Attraction_Review-g4473240-d14999015-Reviews-Miniatura_srednjeveskega_gradu-Sentjur_Styria_Region.html, /Attractions-g4473240-Activities-Sentjur_Styria_Region.html
Romarska cerkev Marijinega imena na Kalobju, None, Sights & Landmarks, /Attraction_Review-g4473240-d14999046-Reviews-Romarska_cerkev_Marijinega_imena_na_Kalobju-Sentjur_Styria_Region.html, /Attractions-g4473240-Activities-Sentjur_Styria_Region.html
Župnijska cerkev sv. Marjete na Planini pri Sevnici, None, Sights & Landmarks, /Attraction_Review-g4473240-d14999050-Reviews-Zupnijska_cerkev_sv_Marjete_na_Planini_pri_Sevnici-Sentjur_Styria_Region.html, /Attractions-g4473240-Activities-Sentjur_Styria_Region.html
Spomenik Franju Malgaju na Mestnem trgu, None, Sights & Landmarks, /Attraction_Review-g4473240-d14999053-Reviews-Spomenik_Franju_Malgaju_na_Mestnem_trgu-Sentjur_Styria_Region.html, /Attractions-g4473240-Activities-Sentjur_Styria_Region.html
Cerkev sv. Ahaca v Stopčah, None, Sights & Landmarks, /Attraction_Review-g4473240-d14999056-Reviews-Cerkev_sv_Ahaca_v_Stopcah-Sentjur_Styria_Region.html, /Attractions-g4473240-Activities-Sentjur_Styria_Region.html
Cerkev sv. Križa ter kapelice križevega pota Planina, None, Sights & Landmarks, /Attraction_Review-g4473240-d14999060-Reviews-Cerkev_sv_Kriza_ter_kapelice_krizevega_pota_Planina-Sentjur_Styria_Region.html, /Attractions-g4473240-Activities-Sentjur_Styria_Region.html
Vrt Druzine Franc, None, Nature & Parks, /Attraction_Review-g4473240-d14999049-Reviews-Vrt_Druzine_Franc-Sentjur_Styria_Region.html, /Attractions-g4473240-Activities-Sentjur_Styria_Region.html
Slivnisko Jezero, None, Nature & Parks, /Attraction_Review-g4473240-d14999095-Reviews-Slivnisko_Jezero-Sentjur_Styria_Region.html, /Attractions-g4473240-Activities-Sentjur_Styria_Region.html
Cerkev sv. Ilja v Dramljah, None, Sights & Landmarks, /Attraction_Review-g4473240-d14999059-Reviews-Cerkev_sv_Ilja_v_Dramljah-Sentjur_Styria_Region.html, /Attractions-g4473240-Activities-Sentjur_Styria_Region.html
TIC Sentjur, None, Traveller Resources, /Attraction_Review-g4473240-d14998673-Reviews-TIC_Sentjur-Sentjur_Styria_Region.html, /Attractions-g4473240-Activities-Sentjur_Styria_Region.html
Muzejska zbirka Rifnik in njegovi zakladi, None, Museums, /Attraction_Review-g4473240-d14998677-Reviews-Muzejska_zbirka_Rifnik_in_njegovi_zakladi-Sentjur_Styria_Region.html, /Attractions-g4473240-Activities-Sentjur_Styria_Region.html
Grad Rifnik, None, Sights & Landmarks, /Attraction_Review-g4473240-d14999017-Reviews-Grad_Rifnik-Sentjur_Styria_Region.html, /Attractions-g4473240-Activities-Sentjur_Styria_Region.html
Grad Planina, None, Sights & Landmarks, /Attraction_Review-g4473240-d14999019-Reviews-Grad_Planina-Sentjur_Styria_Region.html, /Attractions-g4473240-Activities-Sentjur_Styria_Region.html
Cerkev sv. Vida v Šentvidu pri Planini, None, Sights & Landmarks, /Attraction_Review-g4473240-d14999061-Reviews-Cerkev_sv_Vida_v_Sentvidu_pri_Planini-Sentjur_Styria_Region.html, /Attractions-g4473240-Activities-Sentjur_Styria_Region.html
Romarska cerkev sv. Uršule v Vodulah pri Dramljah, None, Sights & Landmarks, /Attraction_Review-g4473240-d14999057-Reviews-Romarska_cerkev_sv_Ursule_v_Vodulah_pri_Dramljah-Sentjur_Styria_Region.html, /Attractions-g4473240-Activities-Sentjur_Styria_Region.html
