attraction_name, attraction_rate, attraction_type, attraction_url, attraction_parent_url
Šentjošt Path of Natural and Cultural Heritage (Pot naravne in kulturne dediščine Šentjošta), None, Tours, /Attraction_Review-g5985537-d20810829-Reviews-Sentjost_Path_of_Natural_and_Cultural_Heritage_Pot_naravne_in_kulturne_dediscin.html, /Attractions-g5985537-Activities-Sentjost_Nad_Horjulom_Upper_Carniola_Region.html
Restavratorstvo Kavcic, None, Classes & Workshops, /Attraction_Review-g5985537-d20808911-Reviews-Restavratorstvo_Kavcic-Sentjost_Nad_Horjulom_Upper_Carniola_Region.html, /Attractions-g5985537-Activities-Sentjost_Nad_Horjulom_Upper_Carniola_Region.html
Culinary Experiences in Polhov Gradec (Kulinarično doživetje v Polhovem Gradcu), None, Food & Drink, /Attraction_Review-g5985537-d20483542-Reviews-Culinary_Experiences_in_Polhov_Gradec_Kulinaricno_dozivetje_v_Polhovem_Gradcu-S.html, /Attractions-g5985537-Activities-Sentjost_Nad_Horjulom_Upper_Carniola_Region.html
Restavratorsko Sentjost, None, Classes & Workshops, /Attraction_Review-g5985537-d20808740-Reviews-Restavratorsko_Sentjost-Sentjost_Nad_Horjulom_Upper_Carniola_Region.html, /Attractions-g5985537-Activities-Sentjost_Nad_Horjulom_Upper_Carniola_Region.html
