attraction_name, attraction_rate, attraction_type, attraction_url, attraction_parent_url
St Primoz Church, 4.5, Sights & Landmarks, /Attraction_Review-g815567-d15671189-Reviews-St_Primoz_Church-Kamnik_Upper_Carniola_Region.html, /Attractions-g815567-Activities-Kamnik_Upper_Carniola_Region.html
Turisticno Informacijski Center, 4.5, Traveller Resources, /Attraction_Review-g815567-d14917734-Reviews-Turisticno_Informacijski_Center-Kamnik_Upper_Carniola_Region.html, /Attractions-g815567-Activities-Kamnik_Upper_Carniola_Region.html
Kamniska Bistrica River, 4.5, Nature & Parks, /Attraction_Review-g815567-d12146351-Reviews-Kamniska_Bistrica_River-Kamnik_Upper_Carniola_Region.html, /Attractions-g815567-Activities-Kamnik_Upper_Carniola_Region.html
Franciscan Church&& Friary and Chapel of the Holy Sepulchre, 4.5, Sights & Landmarks, /Attraction_Review-g815567-d14913941-Reviews-Franciscan_Church_Friary_and_Chapel_of_the_Holy_Sepulchre-Kamnik_Upper_Carniola_.html, /Attractions-g815567-Activities-Kamnik_Upper_Carniola_Region.html
Church of Immaculate Conception, 4.0, Sights & Landmarks, /Attraction_Review-g815567-d15019978-Reviews-Church_of_Immaculate_Conception-Kamnik_Upper_Carniola_Region.html, /Attractions-g815567-Activities-Kamnik_Upper_Carniola_Region.html
Rudolf Maister's House, 4.0, Sights & Landmarks, /Attraction_Review-g815567-d14917489-Reviews-Rudolf_Maister_s_House-Kamnik_Upper_Carniola_Region.html, /Attractions-g815567-Activities-Kamnik_Upper_Carniola_Region.html
Zaprice Castle, 5.0, Sights & Landmarks, /Attraction_Review-g815567-d19275295-Reviews-Zaprice_Castle-Kamnik_Upper_Carniola_Region.html, /Attractions-g815567-Activities-Kamnik_Upper_Carniola_Region.html
Majolka, 2.5, Shopping, /Attraction_Review-g815567-d3640159-Reviews-Majolka-Kamnik_Upper_Carniola_Region.html, /Attractions-g815567-Activities-Kamnik_Upper_Carniola_Region.html
Little Castle, 4.0, Sights & Landmarks, /Attraction_Review-g815567-d20936143-Reviews-Little_Castle-Kamnik_Upper_Carniola_Region.html, /Attractions-g815567-Activities-Kamnik_Upper_Carniola_Region.html
Natural Health Resort, 4.5, Spas & Wellness, /Attraction_Review-g815567-d3573945-Reviews-Natural_Health_Resort-Kamnik_Upper_Carniola_Region.html, /Attractions-g815567-Activities-Kamnik_Upper_Carniola_Region.html
Kotiček Pod Srečno Zvezdo, 4.5, Shopping, /Attraction_Review-g815567-d13100171-Reviews-Koticek_Pod_Srecno_Zvezdo-Kamnik_Upper_Carniola_Region.html, /Attractions-g815567-Activities-Kamnik_Upper_Carniola_Region.html
Metropolis Spa, 4.5, Spas & Wellness, /Attraction_Review-g815567-d3626716-Reviews-Metropolis_Spa-Kamnik_Upper_Carniola_Region.html, /Attractions-g815567-Activities-Kamnik_Upper_Carniola_Region.html
BookTaxi Slovenia, None, Transportation, /Attraction_Review-g815567-d10726769-Reviews-BookTaxi_Slovenia-Kamnik_Upper_Carniola_Region.html, /Attractions-g815567-Activities-Kamnik_Upper_Carniola_Region.html
Budnar's Museum House, None, Museums, /Attraction_Review-g815567-d3653291-Reviews-Budnar_s_Museum_House-Kamnik_Upper_Carniola_Region.html, /Attractions-g815567-Activities-Kamnik_Upper_Carniola_Region.html
Menina Planina, None, Nature & Parks, /Attraction_Review-g815567-d19122493-Reviews-Menina_Planina-Kamnik_Upper_Carniola_Region.html, /Attractions-g815567-Activities-Kamnik_Upper_Carniola_Region.html
Kamnik Tourism&& Sports and Culture Agency, None, Traveller Resources, /Attraction_Review-g815567-d21030290-Reviews-Kamnik_Tourism_Sports_and_Culture_Agency-Kamnik_Upper_Carniola_Region.html, /Attractions-g815567-Activities-Kamnik_Upper_Carniola_Region.html
Monastery Mekinje, None, Museums, /Attraction_Review-g815567-d20980857-Reviews-Monastery_Mekinje-Kamnik_Upper_Carniola_Region.html, /Attractions-g815567-Activities-Kamnik_Upper_Carniola_Region.html
Medobčinski Muzej Kamnik, None, Museums, /Attraction_Review-g815567-d20936144-Reviews-Medobcinski_Muzej_Kamnik-Kamnik_Upper_Carniola_Region.html, /Attractions-g815567-Activities-Kamnik_Upper_Carniola_Region.html
Predaselj Gorge, None, Nature & Parks, /Attraction_Review-g815567-d20948936-Reviews-Predaselj_Gorge-Kamnik_Upper_Carniola_Region.html, /Attractions-g815567-Activities-Kamnik_Upper_Carniola_Region.html
The Kamnik Cultural Center, None, Concerts & Shows, /Attraction_Review-g815567-d20948979-Reviews-The_Kamnik_Cultural_Center-Kamnik_Upper_Carniola_Region.html, /Attractions-g815567-Activities-Kamnik_Upper_Carniola_Region.html
Lectar House, None, Museums, /Attraction_Review-g815567-d20948970-Reviews-Lectar_House-Kamnik_Upper_Carniola_Region.html, /Attractions-g815567-Activities-Kamnik_Upper_Carniola_Region.html
Parish Church of Mary's Immaculate Conception, None, Sights & Landmarks, /Attraction_Review-g815567-d20931723-Reviews-Parish_Church_of_Mary_s_Immaculate_Conception-Kamnik_Upper_Carniola_Region.html, /Attractions-g815567-Activities-Kamnik_Upper_Carniola_Region.html
Kamnik's Old Castle, None, Sights & Landmarks, /Attraction_Review-g815567-d20931736-Reviews-Kamnik_s_Old_Castle-Kamnik_Upper_Carniola_Region.html, /Attractions-g815567-Activities-Kamnik_Upper_Carniola_Region.html
Orglice Waterfall, None, Sights & Landmarks, /Attraction_Review-g815567-d20948307-Reviews-Orglice_Waterfall-Kamnik_Upper_Carniola_Region.html, /Attractions-g815567-Activities-Kamnik_Upper_Carniola_Region.html
Church of Saint Nicholas, None, Sights & Landmarks, /Attraction_Review-g815567-d20948939-Reviews-Church_of_Saint_Nicholas-Kamnik_Upper_Carniola_Region.html, /Attractions-g815567-Activities-Kamnik_Upper_Carniola_Region.html
Sadnikar Museum, None, Museums, /Attraction_Review-g815567-d20948942-Reviews-Sadnikar_Museum-Kamnik_Upper_Carniola_Region.html, /Attractions-g815567-Activities-Kamnik_Upper_Carniola_Region.html
Miha Maleš Gallery, None, Museums, /Attraction_Review-g815567-d20948943-Reviews-Miha_Males_Gallery-Kamnik_Upper_Carniola_Region.html, /Attractions-g815567-Activities-Kamnik_Upper_Carniola_Region.html
Tourist Information Center Kamnik, None, Traveller Resources, /Attraction_Review-g815567-d21246103-Reviews-Tourist_Information_Center_Kamnik-Kamnik_Upper_Carniola_Region.html, /Attractions-g815567-Activities-Kamnik_Upper_Carniola_Region.html
