attraction_name, attraction_rate, attraction_type, attraction_url, attraction_parent_url
St James Bridge, 3.5, Sights & Landmarks, /Attraction_Review-g274873-d15286319-Reviews-St_James_Bridge-Ljubljana_Upper_Carniola_Region.html, /Attractions-g274873-Activities-Ljubljana_Upper_Carniola_Region.html
iEmona, 4.0, Museums, /Attraction_Review-g274873-d19726684-Reviews-IEmona-Ljubljana_Upper_Carniola_Region.html, /Attractions-g274873-Activities-Ljubljana_Upper_Carniola_Region.html
Cerkev sv. Jozefa, 3.0, Sights & Landmarks, /Attraction_Review-g274873-d15694742-Reviews-Cerkev_sv_Jozefa-Ljubljana_Upper_Carniola_Region.html, /Attractions-g274873-Activities-Ljubljana_Upper_Carniola_Region.html
Roman Well, 4.0, Sights & Landmarks, /Attraction_Review-g274873-d19649156-Reviews-Roman_Well-Ljubljana_Upper_Carniola_Region.html, /Attractions-g274873-Activities-Ljubljana_Upper_Carniola_Region.html
Broken Bones Distillery, 5.0, Food & Drink, /Attraction_Review-g274873-d17456864-Reviews-Broken_Bones_Distillery-Ljubljana_Upper_Carniola_Region.html, /Attractions-g274873-Activities-Ljubljana_Upper_Carniola_Region.html
Slovenski šolski muzej, 3.5, Museums, /Attraction_Review-g274873-d10265750-Reviews-Slovenski_solski_muzej-Ljubljana_Upper_Carniola_Region.html, /Attractions-g274873-Activities-Ljubljana_Upper_Carniola_Region.html
Arheološki park Zgodnjekrščansko središče, 4.0, Sights & Landmarks, /Attraction_Review-g274873-d19616653-Reviews-Arheoloski_park_Zgodnjekrscansko_sredisce-Ljubljana_Upper_Carniola_Region.html, /Attractions-g274873-Activities-Ljubljana_Upper_Carniola_Region.html
Fountain of Neptune, 4.0, Sights & Landmarks, /Attraction_Review-g274873-d19728296-Reviews-Fountain_of_Neptune-Ljubljana_Upper_Carniola_Region.html, /Attractions-g274873-Activities-Ljubljana_Upper_Carniola_Region.html
The Old Power Station, 3.0, Concerts & Shows, /Attraction_Review-g274873-d8384917-Reviews-The_Old_Power_Station-Ljubljana_Upper_Carniola_Region.html, /Attractions-g274873-Activities-Ljubljana_Upper_Carniola_Region.html
The City Model of Ljubljana, 3.5, Sights & Landmarks, /Attraction_Review-g274873-d19434630-Reviews-The_City_Model_of_Ljubljana-Ljubljana_Upper_Carniola_Region.html, /Attractions-g274873-Activities-Ljubljana_Upper_Carniola_Region.html
Spomenik ženskim demonstracijam na Kongresnem trgu, 3.0, Sights & Landmarks, /Attraction_Review-g274873-d19434534-Reviews-Spomenik_zenskim_demonstracijam_na_Kongresnem_trgu-Ljubljana_Upper_Carniola_Regi.html, /Attractions-g274873-Activities-Ljubljana_Upper_Carniola_Region.html
Gosposka Ulica, 3.0, Sights & Landmarks, /Attraction_Review-g274873-d17767633-Reviews-Gosposka_Ulica-Ljubljana_Upper_Carniola_Region.html, /Attractions-g274873-Activities-Ljubljana_Upper_Carniola_Region.html
Spomenik Sidro, 3.5, Sights & Landmarks, /Attraction_Review-g274873-d19732919-Reviews-Spomenik_Sidro-Ljubljana_Upper_Carniola_Region.html, /Attractions-g274873-Activities-Ljubljana_Upper_Carniola_Region.html
Saint Ulrich's Church, 1.0, Sights & Landmarks, /Attraction_Review-g274873-d8041566-Reviews-Saint_Ulrich_s_Church-Ljubljana_Upper_Carniola_Region.html, /Attractions-g274873-Activities-Ljubljana_Upper_Carniola_Region.html
Adolf Jenko Statue, 3.0, Sights & Landmarks, /Attraction_Review-g274873-d19594686-Reviews-Adolf_Jenko_Statue-Ljubljana_Upper_Carniola_Region.html, /Attractions-g274873-Activities-Ljubljana_Upper_Carniola_Region.html
Odprta Kuhna, 4.5, Shopping, /Attraction_Review-g274873-d19417162-Reviews-Odprta_Kuhna-Ljubljana_Upper_Carniola_Region.html, /Attractions-g274873-Activities-Ljubljana_Upper_Carniola_Region.html
Dozivi Evropo, 5.0, Museums, /Attraction_Review-g274873-d21342729-Reviews-Dozivi_Evropo-Ljubljana_Upper_Carniola_Region.html, /Attractions-g274873-Activities-Ljubljana_Upper_Carniola_Region.html
Photon - Centre for Contemporary Photography, None, Museums, /Attraction_Review-g274873-d8382140-Reviews-Photon_Centre_for_Contemporary_Photography-Ljubljana_Upper_Carniola_Region.html, /Attractions-g274873-Activities-Ljubljana_Upper_Carniola_Region.html
Institute Atelje Art Murn International, None, Museums, /Attraction_Review-g274873-d12875246-Reviews-Institute_Atelje_Art_Murn_International-Ljubljana_Upper_Carniola_Region.html, /Attractions-g274873-Activities-Ljubljana_Upper_Carniola_Region.html
Ianbo Art Gallery, None, Museums, /Attraction_Review-g274873-d12847674-Reviews-Ianbo_Art_Gallery-Ljubljana_Upper_Carniola_Region.html, /Attractions-g274873-Activities-Ljubljana_Upper_Carniola_Region.html
Goriski Mah, None, Nature & Parks, /Attraction_Review-g274873-d15813667-Reviews-Goriski_Mah-Ljubljana_Upper_Carniola_Region.html, /Attractions-g274873-Activities-Ljubljana_Upper_Carniola_Region.html
Alkatraz Gallery, None, Museums, /Attraction_Review-g274873-d15811812-Reviews-Alkatraz_Gallery-Ljubljana_Upper_Carniola_Region.html, /Attractions-g274873-Activities-Ljubljana_Upper_Carniola_Region.html
Galerija Equrna, None, Museums, /Attraction_Review-g274873-d15811818-Reviews-Galerija_Equrna-Ljubljana_Upper_Carniola_Region.html, /Attractions-g274873-Activities-Ljubljana_Upper_Carniola_Region.html
Gallerie d'arte Miha Maleš, None, Museums, /Attraction_Review-g274873-d15811822-Reviews-Gallerie_d_arte_Miha_Males-Ljubljana_Upper_Carniola_Region.html, /Attractions-g274873-Activities-Ljubljana_Upper_Carniola_Region.html
Galleria Vžigalica - MGML, None, Museums, /Attraction_Review-g274873-d15811823-Reviews-Galleria_Vzigalica_MGML-Ljubljana_Upper_Carniola_Region.html, /Attractions-g274873-Activities-Ljubljana_Upper_Carniola_Region.html
Galerija Kresija, None, Museums, /Attraction_Review-g274873-d15811829-Reviews-Galerija_Kresija-Ljubljana_Upper_Carniola_Region.html, /Attractions-g274873-Activities-Ljubljana_Upper_Carniola_Region.html
Supernova Ljubljana Rudnik, None, Shopping, /Attraction_Review-g274873-d18937133-Reviews-Supernova_Ljubljana_Rudnik-Ljubljana_Upper_Carniola_Region.html, /Attractions-g274873-Activities-Ljubljana_Upper_Carniola_Region.html
Ljubljana Railway Station, None, Sights & Landmarks, /Attraction_Review-g274873-d18913334-Reviews-Ljubljana_Railway_Station-Ljubljana_Upper_Carniola_Region.html, /Attractions-g274873-Activities-Ljubljana_Upper_Carniola_Region.html
Ex Arte d.o.o., None, Museums, /Attraction_Review-g274873-d17422443-Reviews-Ex_Arte_d_o_o-Ljubljana_Upper_Carniola_Region.html, /Attractions-g274873-Activities-Ljubljana_Upper_Carniola_Region.html
Polypop, None, Shopping, /Attraction_Review-g274873-d16844156-Reviews-Polypop-Ljubljana_Upper_Carniola_Region.html, /Attractions-g274873-Activities-Ljubljana_Upper_Carniola_Region.html
