attraction_name, attraction_rate, attraction_type, attraction_url, attraction_parent_url
Vinarium Tower, 4.0, Sights & Landmarks, /Attraction_Review-g1057701-d8558218-Reviews-Vinarium_Tower-Lendava_Prekmurje_Region.html, /Attractions-g1057701-Activities-Lendava_Prekmurje_Region.html
Galerija-Muzej Lendava, 4.0, Museums, /Attraction_Review-g1057701-d8498077-Reviews-Galerija_Muzej_Lendava-Lendava_Prekmurje_Region.html, /Attractions-g1057701-Activities-Lendava_Prekmurje_Region.html
Synagogue Lendava, 4.0, Museums, /Attraction_Review-g1057701-d8504704-Reviews-Synagogue_Lendava-Lendava_Prekmurje_Region.html, /Attractions-g1057701-Activities-Lendava_Prekmurje_Region.html
Holy Trinity Chapel, 5.0, Sights & Landmarks, /Attraction_Review-g1057701-d12802067-Reviews-Holy_Trinity_Chapel-Lendava_Prekmurje_Region.html, /Attractions-g1057701-Activities-Lendava_Prekmurje_Region.html
Lendava Castle, 4.5, Sights & Landmarks, /Attraction_Review-g1057701-d16928874-Reviews-Lendava_Castle-Lendava_Prekmurje_Region.html, /Attractions-g1057701-Activities-Lendava_Prekmurje_Region.html
Terme Lendava, 1.0, Spas & Wellness, /Attraction_Review-g1057701-d19453784-Reviews-Terme_Lendava-Lendava_Prekmurje_Region.html, /Attractions-g1057701-Activities-Lendava_Prekmurje_Region.html
POMELAJ&& zadruga za razvoj podeželja&& z.o.o., None, Food & Drink, /Attraction_Review-g1057701-d18575034-Reviews-POMELAJ_zadruga_za_razvoj_podezelja_z_o_o-Lendava_Prekmurje_Region.html, /Attractions-g1057701-Activities-Lendava_Prekmurje_Region.html
Museum Of Citizenry&& Typography And Umbrella Manufactory, None, Museums, /Attraction_Review-g1057701-d21046491-Reviews-Museum_Of_Citizenry_Typography_And_Umbrella_Manufactory-Lendava_Prekmurje_Regio.html, /Attractions-g1057701-Activities-Lendava_Prekmurje_Region.html
Theatre And Concert Hall Lendava, None, Concerts & Shows, /Attraction_Review-g1057701-d21046507-Reviews-Theatre_And_Concert_Hall_Lendava-Lendava_Prekmurje_Region.html, /Attractions-g1057701-Activities-Lendava_Prekmurje_Region.html
White Miners' Petroleum Museum - Petišovci, None, Museums, /Attraction_Review-g1057701-d21046495-Reviews-White_Miners_Petroleum_Museum_Petisovci-Lendava_Prekmurje_Region.html, /Attractions-g1057701-Activities-Lendava_Prekmurje_Region.html
Parish Church of St. Catherine - Župnijska cerkev sv. Katarine, None, Sights & Landmarks, /Attraction_Review-g1057701-d21046505-Reviews-Parish_Church_of_St_Catherine_Zupnijska_cerkev_sv_Katarine-Lendava_Prekmurje_Re.html, /Attractions-g1057701-Activities-Lendava_Prekmurje_Region.html
The Hotiza Lake - Hotiško jezero, None, Nature & Parks, /Attraction_Review-g1057701-d21042834-Reviews-The_Hotiza_Lake_Hotisko_jezero-Lendava_Prekmurje_Region.html, /Attractions-g1057701-Activities-Lendava_Prekmurje_Region.html
The Town Hall Lendava - Mestna hiša Lendava, None, Sights & Landmarks, /Attraction_Review-g1057701-d21042871-Reviews-The_Town_Hall_Lendava_Mestna_hisa_Lendava-Lendava_Prekmurje_Region.html, /Attractions-g1057701-Activities-Lendava_Prekmurje_Region.html
Lendava - Town Park, None, Nature & Parks, /Attraction_Review-g1057701-d21042873-Reviews-Lendava_Town_Park-Lendava_Prekmurje_Region.html, /Attractions-g1057701-Activities-Lendava_Prekmurje_Region.html
Turisticna Zveza Lendava Vabi, None, Traveller Resources, /Attraction_Review-g1057701-d21042880-Reviews-Turisticna_Zveza_Lendava_Vabi-Lendava_Prekmurje_Region.html, /Attractions-g1057701-Activities-Lendava_Prekmurje_Region.html
Center Banffy, None, Sights & Landmarks, /Attraction_Review-g1057701-d21042893-Reviews-Center_Banffy-Lendava_Prekmurje_Region.html, /Attractions-g1057701-Activities-Lendava_Prekmurje_Region.html
Statue of A. M. Slomsek - Lendava, None, Sights & Landmarks, /Attraction_Review-g1057701-d21042895-Reviews-Statue_of_A_M_Slomsek_Lendava-Lendava_Prekmurje_Region.html, /Attractions-g1057701-Activities-Lendava_Prekmurje_Region.html
Bust of Zala Gyorgy - Lendava, None, Sights & Landmarks, /Attraction_Review-g1057701-d21042897-Reviews-Bust_of_Zala_Gyorgy_Lendava-Lendava_Prekmurje_Region.html, /Attractions-g1057701-Activities-Lendava_Prekmurje_Region.html
Cycling in Lendava - S kolesom po Lendavi, None, Nature & Parks, /Attraction_Review-g1057701-d21042847-Reviews-Cycling_in_Lendava_S_kolesom_po_Lendavi-Lendava_Prekmurje_Region.html, /Attractions-g1057701-Activities-Lendava_Prekmurje_Region.html
Library and Cultural Centre Lendava, None, Traveller Resources, /Attraction_Review-g1057701-d21042843-Reviews-Library_and_Cultural_Centre_Lendava-Lendava_Prekmurje_Region.html, /Attractions-g1057701-Activities-Lendava_Prekmurje_Region.html
Evangelical Church Municipality Lendava, None, Sights & Landmarks, /Attraction_Review-g1057701-d21042857-Reviews-Evangelical_Church_Municipality_Lendava-Lendava_Prekmurje_Region.html, /Attractions-g1057701-Activities-Lendava_Prekmurje_Region.html
Bust Of Primoz Trubar - Lendava, None, Sights & Landmarks, /Attraction_Review-g1057701-d21042860-Reviews-Bust_Of_Primoz_Trubar_Lendava-Lendava_Prekmurje_Region.html, /Attractions-g1057701-Activities-Lendava_Prekmurje_Region.html
Cerkev Sv. Petra In Pavla, None, Sights & Landmarks, /Attraction_Review-g1057701-d21207288-Reviews-Cerkev_Sv_Petra_In_Pavla-Lendava_Prekmurje_Region.html, /Attractions-g1057701-Activities-Lendava_Prekmurje_Region.html
