attraction_name, attraction_rate, attraction_type, attraction_url, attraction_parent_url
Fonda Fish Farm, 5.0, Sights & Landmarks, /Attraction_Review-g274877-d6453540-Reviews-Fonda_Fish_Farm-Portoroz_Slovenian_Littoral_Region.html, /Attractions-g274877-Activities-Portoroz_Slovenian_Littoral_Region.html
Parenzana, 4.5, Sights & Landmarks, /Attraction_Review-g274877-d10531720-Reviews-Parenzana-Portoroz_Slovenian_Littoral_Region.html, /Attractions-g274877-Activities-Portoroz_Slovenian_Littoral_Region.html
Portoroz Beach, 3.5, Nature & Parks, /Attraction_Review-g274877-d3451033-Reviews-Portoroz_Beach-Portoroz_Slovenian_Littoral_Region.html, /Attractions-g274877-Activities-Portoroz_Slovenian_Littoral_Region.html
Grand Casino Portorož, 4.0, Casinos & Gambling, /Attraction_Review-g274877-d7119348-Reviews-Grand_Casino_Portoroz-Portoroz_Slovenian_Littoral_Region.html, /Attractions-g274877-Activities-Portoroz_Slovenian_Littoral_Region.html
Forma Viva, 5.0, Nature & Parks, /Attraction_Review-g274877-d14924482-Reviews-Forma_Viva-Portoroz_Slovenian_Littoral_Region.html, /Attractions-g274877-Activities-Portoroz_Slovenian_Littoral_Region.html
Tennis Club Hari, 5.0, Fun & Games, /Attraction_Review-g274877-d7734238-Reviews-Tennis_Club_Hari-Portoroz_Slovenian_Littoral_Region.html, /Attractions-g274877-Activities-Portoroz_Slovenian_Littoral_Region.html
Župnijska cerkev Device Marije Rožnovenske, 4.5, Sights & Landmarks, /Attraction_Review-g274877-d12679911-Reviews-Zupnijska_cerkev_Device_Marije_Roznovenske-Portoroz_Slovenian_Littoral_Region.html, /Attractions-g274877-Activities-Portoroz_Slovenian_Littoral_Region.html
Casino Riviera, 3.5, Casinos & Gambling, /Attraction_Review-g274877-d7052858-Reviews-Casino_Riviera-Portoroz_Slovenian_Littoral_Region.html, /Attractions-g274877-Activities-Portoroz_Slovenian_Littoral_Region.html
Moon Bay, 4.0, Nature & Parks, /Attraction_Review-g274877-d20116457-Reviews-Moon_Bay-Portoroz_Slovenian_Littoral_Region.html, /Attractions-g274877-Activities-Portoroz_Slovenian_Littoral_Region.html
Avditorij Portorož, 4.5, Sights & Landmarks, /Attraction_Review-g274877-d11958202-Reviews-Avditorij_Portoroz-Portoroz_Slovenian_Littoral_Region.html, /Attractions-g274877-Activities-Portoroz_Slovenian_Littoral_Region.html
Parish Church of Mary's Apparition, 4.0, Sights & Landmarks, /Attraction_Review-g274877-d20117315-Reviews-Parish_Church_of_Mary_s_Apparition-Portoroz_Slovenian_Littoral_Region.html, /Attractions-g274877-Activities-Portoroz_Slovenian_Littoral_Region.html
Casino Bernardin, 3.0, Casinos & Gambling, /Attraction_Review-g274877-d10464108-Reviews-Casino_Bernardin-Portoroz_Slovenian_Littoral_Region.html, /Attractions-g274877-Activities-Portoroz_Slovenian_Littoral_Region.html
KoperTours, 5.0, Food & Drink, /Attraction_Review-g274877-d8779435-Reviews-KoperTours-Portoroz_Slovenian_Littoral_Region.html, /Attractions-g274877-Activities-Portoroz_Slovenian_Littoral_Region.html
Rent a Boat Portoroz, 5.0, Boat Tours & Water Sports, /Attraction_Review-g274877-d10038261-Reviews-Rent_a_Boat_Portoroz-Portoroz_Slovenian_Littoral_Region.html, /Attractions-g274877-Activities-Portoroz_Slovenian_Littoral_Region.html
Bananaway, 5.0, Boat Tours & Water Sports, /Attraction_Review-g274877-d8520415-Reviews-Bananaway-Portoroz_Slovenian_Littoral_Region.html, /Attractions-g274877-Activities-Portoroz_Slovenian_Littoral_Region.html
Divestrong, 5.0, Boat Tours & Water Sports, /Attraction_Review-g274877-d6726697-Reviews-Divestrong-Portoroz_Slovenian_Littoral_Region.html, /Attractions-g274877-Activities-Portoroz_Slovenian_Littoral_Region.html
Rent a Boat Bernardin, 5.0, Boat Tours & Water Sports, /Attraction_Review-g274877-d10353599-Reviews-Rent_a_Boat_Bernardin-Portoroz_Slovenian_Littoral_Region.html, /Attractions-g274877-Activities-Portoroz_Slovenian_Littoral_Region.html
Go Portorož, 4.5, Boat Tours & Water Sports, /Attraction_Review-g274877-d12059706-Reviews-Go_Portoroz-Portoroz_Slovenian_Littoral_Region.html, /Attractions-g274877-Activities-Portoroz_Slovenian_Littoral_Region.html
Vino &amp; Fino, 5.0, Food & Drink, /Attraction_Review-g274877-d17729955-Reviews-Vino_Fino-Portoroz_Slovenian_Littoral_Region.html, /Attractions-g274877-Activities-Portoroz_Slovenian_Littoral_Region.html
Zakladi Slovenije, 4.5, Shopping, /Attraction_Review-g274877-d19261875-Reviews-Zakladi_Slovenije-Portoroz_Slovenian_Littoral_Region.html, /Attractions-g274877-Activities-Portoroz_Slovenian_Littoral_Region.html
Nemo Divers, 4.0, Boat Tours & Water Sports, /Attraction_Review-g274877-d2086142-Reviews-Nemo_Divers-Portoroz_Slovenian_Littoral_Region.html, /Attractions-g274877-Activities-Portoroz_Slovenian_Littoral_Region.html
North Adriatic Sailing Academy, 5.0, Classes & Workshops, /Attraction_Review-g274877-d10055792-Reviews-North_Adriatic_Sailing_Academy-Portoroz_Slovenian_Littoral_Region.html, /Attractions-g274877-Activities-Portoroz_Slovenian_Littoral_Region.html
Coco Cafe, 3.5, Nightlife, /Attraction_Review-g274877-d9981627-Reviews-Coco_Cafe-Portoroz_Slovenian_Littoral_Region.html, /Attractions-g274877-Activities-Portoroz_Slovenian_Littoral_Region.html
LifeClass Terme &amp; Wellness, 3.5, Spas & Wellness, /Attraction_Review-g274877-d12319021-Reviews-LifeClass_Terme_Wellness-Portoroz_Slovenian_Littoral_Region.html, /Attractions-g274877-Activities-Portoroz_Slovenian_Littoral_Region.html
Stella del centro portorose, 4.0, Nightlife, /Attraction_Review-g274877-d4360088-Reviews-Stella_del_centro_portorose-Portoroz_Slovenian_Littoral_Region.html, /Attractions-g274877-Activities-Portoroz_Slovenian_Littoral_Region.html
Portoroz Rent, 5.0, Boat Tours & Water Sports, /Attraction_Review-g274877-d11810509-Reviews-Portoroz_Rent-Portoroz_Slovenian_Littoral_Region.html, /Attractions-g274877-Activities-Portoroz_Slovenian_Littoral_Region.html
S.K.V., 5.0, Tours, /Attraction_Review-g274877-d21138563-Reviews-S_K_V-Portoroz_Slovenian_Littoral_Region.html, /Attractions-g274877-Activities-Portoroz_Slovenian_Littoral_Region.html
h2o sports slovenija, 5.0, Boat Tours & Water Sports, /Attraction_Review-g274877-d17703478-Reviews-H2o_sports_slovenija-Portoroz_Slovenian_Littoral_Region.html, /Attractions-g274877-Activities-Portoroz_Slovenian_Littoral_Region.html
Bellatours, 5.0, Boat Tours & Water Sports, /Attraction_Review-g274877-d17728624-Reviews-Bellatours-Portoroz_Slovenian_Littoral_Region.html, /Attractions-g274877-Activities-Portoroz_Slovenian_Littoral_Region.html
Bella Tours, 3.5, Boat Tours & Water Sports, /Attraction_Review-g274877-d12347541-Reviews-Bella_Tours-Portoroz_Slovenian_Littoral_Region.html, /Attractions-g274877-Activities-Portoroz_Slovenian_Littoral_Region.html
