attraction_name, attraction_rate, attraction_type, attraction_url, attraction_parent_url
Vinska Fontana Marezige, 4.5, Food & Drink, /Attraction_Review-g2554457-d18186166-Reviews-Vinska_Fontana_Marezige-Marezige_Slovenian_Littoral_Region.html, /Attractions-g2554457-Activities-Marezige_Slovenian_Littoral_Region.html
Razgledna Točka Marezige, 5.0, Sights & Landmarks, /Attraction_Review-g2554457-d20796963-Reviews-Razgledna_Tocka_Marezige-Marezige_Slovenian_Littoral_Region.html, /Attractions-g2554457-Activities-Marezige_Slovenian_Littoral_Region.html
Vina Montis &amp;  Eko Laura, 5.0, Food & Drink, /Attraction_Review-g2554457-d21227198-Reviews-Vina_Montis_Eko_Laura-Marezige_Slovenian_Littoral_Region.html, /Attractions-g2554457-Activities-Marezige_Slovenian_Littoral_Region.html
Istrian Breakfast - a Local Bite, 5.0, Food & Drink, /Attraction_Review-g2554457-d16805950-Reviews-Istrian_Breakfast_a_Local_Bite-Marezige_Slovenian_Littoral_Region.html, /Attractions-g2554457-Activities-Marezige_Slovenian_Littoral_Region.html
Vanagel Lake, 4.0, Nature & Parks, /Attraction_Review-g2554457-d21226400-Reviews-Vanagel_Lake-Marezige_Slovenian_Littoral_Region.html, /Attractions-g2554457-Activities-Marezige_Slovenian_Littoral_Region.html
Cerkev sv. Križa, 3.5, Sights & Landmarks, /Attraction_Review-g2554457-d20772808-Reviews-Cerkev_sv_Kriza-Marezige_Slovenian_Littoral_Region.html, /Attractions-g2554457-Activities-Marezige_Slovenian_Littoral_Region.html
The Bardinc House, None, Museums, /Attraction_Review-g2554457-d11966160-Reviews-The_Bardinc_House-Marezige_Slovenian_Littoral_Region.html, /Attractions-g2554457-Activities-Marezige_Slovenian_Littoral_Region.html
