attraction_name, attraction_rate, attraction_type, attraction_url, attraction_parent_url
Radgonske Gorice, 4.5, Food & Drink, /Attraction_Review-g2202555-d8442053-Reviews-Radgonske_Gorice-Gornja_Radgona_Styria_Region.html, /Attractions-g2202555-Activities-Gornja_Radgona_Styria_Region.html
Frangež Sparkling Wine House, 5.0, Food & Drink, /Attraction_Review-g2202555-d12254731-Reviews-Frangez_Sparkling_Wine_House-Gornja_Radgona_Styria_Region.html, /Attractions-g2202555-Activities-Gornja_Radgona_Styria_Region.html
Negova Castle, 4.5, Sights & Landmarks, /Attraction_Review-g2202555-d17378783-Reviews-Negova_Castle-Gornja_Radgona_Styria_Region.html, /Attractions-g2202555-Activities-Gornja_Radgona_Styria_Region.html
Radgona Castle / Grad Gornja Radgona, 4.5, Sights & Landmarks, /Attraction_Review-g2202555-d20892911-Reviews-Radgona_Castle_Grad_Gornja_Radgona-Gornja_Radgona_Styria_Region.html, /Attractions-g2202555-Activities-Gornja_Radgona_Styria_Region.html
Museum Špital, None, Museums, /Attraction_Review-g2202555-d12645361-Reviews-Museum_Spital-Gornja_Radgona_Styria_Region.html, /Attractions-g2202555-Activities-Gornja_Radgona_Styria_Region.html
