attraction_name, attraction_rate, attraction_type, attraction_url, attraction_parent_url
Ladja Lucija, 4.5, Boat Tours & Water Sports, /Attraction_Review-g815571-d4762268-Reviews-Ladja_Lucija-Most_na_Soci_Slovenian_Littoral_Region.html, /Attractions-g815571-Activities-Most_na_Soci_Slovenian_Littoral_Region.html
Bananaway Stand Up Paddle Adventure, 5.0, Boat Tours & Water Sports, /Attraction_Review-g815571-d12231209-Reviews-Bananaway_Stand_Up_Paddle_Adventure-Most_na_Soci_Slovenian_Littoral_Region.html, /Attractions-g815571-Activities-Most_na_Soci_Slovenian_Littoral_Region.html
Soča SUP, 5.0, Boat Tours & Water Sports, /Attraction_Review-g815571-d14863267-Reviews-Soca_SUP-Most_na_Soci_Slovenian_Littoral_Region.html, /Attractions-g815571-Activities-Most_na_Soci_Slovenian_Littoral_Region.html
Ranch Pelance, 5.0, Outdoor Activities, /Attraction_Review-g815571-d11829798-Reviews-Ranch_Pelance-Most_na_Soci_Slovenian_Littoral_Region.html, /Attractions-g815571-Activities-Most_na_Soci_Slovenian_Littoral_Region.html
Cerkev sv. Mavra, None, Sights & Landmarks, /Attraction_Review-g815571-d21389722-Reviews-Cerkev_sv_Mavra-Most_na_Soci_Slovenian_Littoral_Region.html, /Attractions-g815571-Activities-Most_na_Soci_Slovenian_Littoral_Region.html
Church of Sv. Lucy, None, Sights & Landmarks, /Attraction_Review-g815571-d21390364-Reviews-Church_of_Sv_Lucy-Most_na_Soci_Slovenian_Littoral_Region.html, /Attractions-g815571-Activities-Most_na_Soci_Slovenian_Littoral_Region.html
