attraction_name, attraction_rate, attraction_type, attraction_url, attraction_parent_url
Institute of Culture, 4.5, Museums, /Attraction_Review-g1955053-d8491045-Reviews-Institute_of_Culture-Slovenska_Bistrica_Styria_Region.html, /Attractions-g1955053-Activities-Slovenska_Bistrica_Styria_Region.html
Pragersko Railway Station, 3.5, Sights & Landmarks, /Attraction_Review-g8328749-d8325006-Reviews-Pragersko_Railway_Station-Pragersko_Slovenska_Bistrica_Styria_Region.html, /Attractions-g1955053-Activities-Slovenska_Bistrica_Styria_Region.html
Turistično Informacijski Center Slovenska Bistrica, 5.0, Traveller Resources, /Attraction_Review-g1955053-d13973415-Reviews-Turisticno_Informacijski_Center_Slovenska_Bistrica-Slovenska_Bistrica_Styria_Re.html, /Attractions-g1955053-Activities-Slovenska_Bistrica_Styria_Region.html
Grad Slovenska Bistrica, 4.0, Sights & Landmarks, /Attraction_Review-g1955053-d13988614-Reviews-Grad_Slovenska_Bistrica-Slovenska_Bistrica_Styria_Region.html, /Attractions-g1955053-Activities-Slovenska_Bistrica_Styria_Region.html
Vina Frešer (Frešer Vineyards), 5.0, Food & Drink, /Attraction_Review-g1955053-d21234904-Reviews-Vina_Freser_Freser_Vineyards-Slovenska_Bistrica_Styria_Region.html, /Attractions-g1955053-Activities-Slovenska_Bistrica_Styria_Region.html
Fitnes &amp; Wellness Elipsus, None, Spas & Wellness, /Attraction_Review-g1955053-d4471744-Reviews-Fitnes_Wellness_Elipsus-Slovenska_Bistrica_Styria_Region.html, /Attractions-g1955053-Activities-Slovenska_Bistrica_Styria_Region.html
Cerkev sv. Marjete na Ritoznoju, None, Sights & Landmarks, /Attraction_Review-g1955053-d13987963-Reviews-Cerkev_sv_Marjete_na_Ritoznoju-Slovenska_Bistrica_Styria_Region.html, /Attractions-g1955053-Activities-Slovenska_Bistrica_Styria_Region.html
Grasslov Stolp, None, Sights & Landmarks, /Attraction_Review-g1955053-d13977410-Reviews-Grasslov_Stolp-Slovenska_Bistrica_Styria_Region.html, /Attractions-g1955053-Activities-Slovenska_Bistrica_Styria_Region.html
Parish Church of St. Štefana, None, Sights & Landmarks, /Attraction_Review-g8328749-d13980452-Reviews-Parish_Church_of_St_Stefana-Pragersko_Slovenska_Bistrica_Styria_Region.html, /Attractions-g1955053-Activities-Slovenska_Bistrica_Styria_Region.html
Muzej starodobnih motociklov, None, Museums, /Attraction_Review-g1955053-d13973475-Reviews-Muzej_starodobnih_motociklov-Slovenska_Bistrica_Styria_Region.html, /Attractions-g1955053-Activities-Slovenska_Bistrica_Styria_Region.html
Cerkev sv. Jožefa, None, Sights & Landmarks, /Attraction_Review-g1955053-d13978405-Reviews-Cerkev_sv_Jozefa-Slovenska_Bistrica_Styria_Region.html, /Attractions-g1955053-Activities-Slovenska_Bistrica_Styria_Region.html
Zupnija Slovenska Bistrica, None, Sights & Landmarks, /Attraction_Review-g1955053-d13975800-Reviews-Zupnija_Slovenska_Bistrica-Slovenska_Bistrica_Styria_Region.html, /Attractions-g1955053-Activities-Slovenska_Bistrica_Styria_Region.html
Church of St. Martin, None, Sights & Landmarks, /Attraction_Review-g1955053-d13980004-Reviews-Church_of_St_Martin-Slovenska_Bistrica_Styria_Region.html, /Attractions-g1955053-Activities-Slovenska_Bistrica_Styria_Region.html
Church of St. Henry on Pohorje, None, Sights & Landmarks, /Attraction_Review-g11751352-d13982530-Reviews-Church_of_St_Henry_on_Pohorje-Lukanja_Slovenska_Bistrica_Styria_Region.html, /Attractions-g1955053-Activities-Slovenska_Bistrica_Styria_Region.html
Church of Mary of the Seven Sorrows, None, Sights & Landmarks, /Attraction_Review-g1955053-d13978839-Reviews-Church_of_Mary_of_the_Seven_Sorrows-Slovenska_Bistrica_Styria_Region.html, /Attractions-g1955053-Activities-Slovenska_Bistrica_Styria_Region.html
Pragerski Dvorec, None, Sights & Landmarks, /Attraction_Review-g1955053-d13978899-Reviews-Pragerski_Dvorec-Slovenska_Bistrica_Styria_Region.html, /Attractions-g1955053-Activities-Slovenska_Bistrica_Styria_Region.html
Church of St. Mihaela, None, Sights & Landmarks, /Attraction_Review-g1955053-d13978980-Reviews-Church_of_St_Mihaela-Slovenska_Bistrica_Styria_Region.html, /Attractions-g1955053-Activities-Slovenska_Bistrica_Styria_Region.html
Shooting Range Gaj, None, Fun & Games, /Attraction_Review-g8328749-d20897926-Reviews-Shooting_Range_Gaj-Pragersko_Slovenska_Bistrica_Styria_Region.html, /Attractions-g1955053-Activities-Slovenska_Bistrica_Styria_Region.html
Turisticno Informativni Center Slovenska Bistrica, None, Traveller Resources, /Attraction_Review-g1955053-d21246083-Reviews-Turisticno_Informativni_Center_Slovenska_Bistrica-Slovenska_Bistrica_Styria_Reg.html, /Attractions-g1955053-Activities-Slovenska_Bistrica_Styria_Region.html
Vina Freser, None, Food & Drink, /Attraction_Review-g1955053-d21234917-Reviews-Vina_Freser-Slovenska_Bistrica_Styria_Region.html, /Attractions-g1955053-Activities-Slovenska_Bistrica_Styria_Region.html
Oplotnica Park And Old Laundry, None, Nature & Parks, /Attraction_Review-g21345633-d21346638-Reviews-Oplotnica_Park_And_Old_Laundry-Oplotnica_Slovenska_Bistrica_Styria_Region.html, /Attractions-g1955053-Activities-Slovenska_Bistrica_Styria_Region.html
Church of St. John The Baptist, None, Sights & Landmarks, /Attraction_Review-g21345633-d21345256-Reviews-Church_of_St_John_The_Baptist-Oplotnica_Slovenska_Bistrica_Styria_Region.html, /Attractions-g1955053-Activities-Slovenska_Bistrica_Styria_Region.html
Enigmarium Slovenska Bistrica, None, Fun & Games, /Attraction_Review-g1955053-d19605687-Reviews-Enigmarium_Slovenska_Bistrica-Slovenska_Bistrica_Styria_Region.html, /Attractions-g1955053-Activities-Slovenska_Bistrica_Styria_Region.html
Partovec Biotope, None, Nature & Parks, /Attraction_Review-g21345633-d21378640-Reviews-Partovec_Biotope-Oplotnica_Slovenska_Bistrica_Styria_Region.html, /Attractions-g1955053-Activities-Slovenska_Bistrica_Styria_Region.html
