attraction_name, attraction_rate, attraction_type, attraction_url, attraction_parent_url
Dovzan Gorge, 4.5, Nature & Parks, /Attraction_Review-g1989145-d10169241-Reviews-Dovzan_Gorge-Trzic_Upper_Carniola_Region.html, /Attractions-g1989145-Activities-Trzic_Upper_Carniola_Region.html
Ljubelj Concentration Camp, 4.0, Sights & Landmarks, /Attraction_Review-g1989145-d10187847-Reviews-Ljubelj_Concentration_Camp-Trzic_Upper_Carniola_Region.html, /Attractions-g1989145-Activities-Trzic_Upper_Carniola_Region.html
Trzic Old Town, 4.0, Sights & Landmarks, /Attraction_Review-g1989145-d10165556-Reviews-Trzic_Old_Town-Trzic_Upper_Carniola_Region.html, /Attractions-g1989145-Activities-Trzic_Upper_Carniola_Region.html
Trzic Museum, 5.0, Museums, /Attraction_Review-g1989145-d10187154-Reviews-Trzic_Museum-Trzic_Upper_Carniola_Region.html, /Attractions-g1989145-Activities-Trzic_Upper_Carniola_Region.html
St. Anna Mine, 4.5, Nature & Parks, /Attraction_Review-g1989145-d10187846-Reviews-St_Anna_Mine-Trzic_Upper_Carniola_Region.html, /Attractions-g1989145-Activities-Trzic_Upper_Carniola_Region.html
The Kurnik House, 4.0, Sights & Landmarks, /Attraction_Review-g1989145-d10187181-Reviews-The_Kurnik_House-Trzic_Upper_Carniola_Region.html, /Attractions-g1989145-Activities-Trzic_Upper_Carniola_Region.html
Pool Complex Gorenjska Plaza, 4.0, Spas & Wellness, /Attraction_Review-g1989145-d10284337-Reviews-Pool_Complex_Gorenjska_Plaza-Trzic_Upper_Carniola_Region.html, /Attractions-g1989145-Activities-Trzic_Upper_Carniola_Region.html
Krucefix, None, Food & Drink, /Attraction_Review-g1989145-d12845245-Reviews-Krucefix-Trzic_Upper_Carniola_Region.html, /Attractions-g1989145-Activities-Trzic_Upper_Carniola_Region.html
Linden Tree in Ziganja vas, None, Sights & Landmarks, /Attraction_Review-g1989145-d19176267-Reviews-Linden_Tree_in_Ziganja_vas-Trzic_Upper_Carniola_Region.html, /Attractions-g1989145-Activities-Trzic_Upper_Carniola_Region.html
