attraction_name, attraction_rate, attraction_type, attraction_url, attraction_parent_url
Hercules Fountain, 3.5, Sights & Landmarks, /Attraction_Review-g274873-d8152585-Reviews-Hercules_Fountain-Ljubljana_Upper_Carniola_Region.html, /Attractions-g274873-Activities-Ljubljana_Upper_Carniola_Region.html
Ljubljanica River Barrier, 4.0, Sights & Landmarks, /Attraction_Review-g274873-d8382032-Reviews-Ljubljanica_River_Barrier-Ljubljana_Upper_Carniola_Region.html, /Attractions-g274873-Activities-Ljubljana_Upper_Carniola_Region.html
Stozice Stadium, 4.0, Sights & Landmarks, /Attraction_Review-g274873-d8492774-Reviews-Stozice_Stadium-Ljubljana_Upper_Carniola_Region.html, /Attractions-g274873-Activities-Ljubljana_Upper_Carniola_Region.html
Ljubljana Central Pharmacy Building, 4.0, Sights & Landmarks, /Attraction_Review-g274873-d12539866-Reviews-Ljubljana_Central_Pharmacy_Building-Ljubljana_Upper_Carniola_Region.html, /Attractions-g274873-Activities-Ljubljana_Upper_Carniola_Region.html
Republic Square, 3.0, Sights & Landmarks, /Attraction_Review-g274873-d276334-Reviews-Republic_Square-Ljubljana_Upper_Carniola_Region.html, /Attractions-g274873-Activities-Ljubljana_Upper_Carniola_Region.html
Church of St. James, 4.0, Sights & Landmarks, /Attraction_Review-g274873-d2695281-Reviews-Church_of_St_James-Ljubljana_Upper_Carniola_Region.html, /Attractions-g274873-Activities-Ljubljana_Upper_Carniola_Region.html
Gallery & Auction house SLOART, 5.0, Museums, /Attraction_Review-g274873-d17689206-Reviews-Gallery_Auction_house_SLOART-Ljubljana_Upper_Carniola_Region.html, /Attractions-g274873-Activities-Ljubljana_Upper_Carniola_Region.html
Fish Square (Ribji trg), 4.0, Sights & Landmarks, /Attraction_Review-g274873-d12540894-Reviews-Fish_Square_Ribji_trg-Ljubljana_Upper_Carniola_Region.html, /Attractions-g274873-Activities-Ljubljana_Upper_Carniola_Region.html
French Revolution Square (Trg Francoske Revolucije), 3.5, Sights & Landmarks, /Attraction_Review-g274873-d276333-Reviews-French_Revolution_Square_Trg_Francoske_Revolucije-Ljubljana_Upper_Carniola_Region.html, /Attractions-g274873-Activities-Ljubljana_Upper_Carniola_Region.html
Squashland, 5.0, Fun & Games, /Attraction_Review-g274873-d15320143-Reviews-Squashland-Ljubljana_Upper_Carniola_Region.html, /Attractions-g274873-Activities-Ljubljana_Upper_Carniola_Region.html
Monastery of the Holy Cross Summer Theater (Krizanke Poletno Gledalisce), 4.0, Concerts & Shows, /Attraction_Review-g274873-d276322-Reviews-Monastery_of_the_Holy_Cross_Summer_Theater_Krizanke_Poletno_Gledalisce-Ljubljana_U.html, /Attractions-g274873-Activities-Ljubljana_Upper_Carniola_Region.html
Church of St. Michael, 5.0, Sights & Landmarks, /Attraction_Review-g274873-d8381933-Reviews-Church_of_St_Michael-Ljubljana_Upper_Carniola_Region.html, /Attractions-g274873-Activities-Ljubljana_Upper_Carniola_Region.html
LPP Buses, 3.5, Transportation, /Attraction_Review-g274873-d12831944-Reviews-LPP_Buses-Ljubljana_Upper_Carniola_Region.html, /Attractions-g274873-Activities-Ljubljana_Upper_Carniola_Region.html
Urbanc Building, 4.0, Sights & Landmarks, /Attraction_Review-g274873-d12532769-Reviews-Urbanc_Building-Ljubljana_Upper_Carniola_Region.html, /Attractions-g274873-Activities-Ljubljana_Upper_Carniola_Region.html
Ravnikar Gallery Space, 5.0, Museums, /Attraction_Review-g274873-d13162963-Reviews-Ravnikar_Gallery_Space-Ljubljana_Upper_Carniola_Region.html, /Attractions-g274873-Activities-Ljubljana_Upper_Carniola_Region.html
Museum of Architecture and Design (MAO), 3.5, Museums, /Attraction_Review-g274873-d666556-Reviews-Museum_of_Architecture_and_Design_MAO-Ljubljana_Upper_Carniola_Region.html, /Attractions-g274873-Activities-Ljubljana_Upper_Carniola_Region.html
Koseze Pond, 4.0, Nature & Parks, /Attraction_Review-g274873-d12875020-Reviews-Koseze_Pond-Ljubljana_Upper_Carniola_Region.html, /Attractions-g274873-Activities-Ljubljana_Upper_Carniola_Region.html
City Savings Bank Building, 4.5, Sights & Landmarks, /Attraction_Review-g274873-d8152574-Reviews-City_Savings_Bank_Building-Ljubljana_Upper_Carniola_Region.html, /Attractions-g274873-Activities-Ljubljana_Upper_Carniola_Region.html
The Path of Remembrance and Comradeship, 4.0, Nature & Parks, /Attraction_Review-g274873-d2322203-Reviews-The_Path_of_Remembrance_and_Comradeship-Ljubljana_Upper_Carniola_Region.html, /Attractions-g274873-Activities-Ljubljana_Upper_Carniola_Region.html
National Museum of Slovenia - Metelkova, 4.0, Museums, /Attraction_Review-g274873-d12571442-Reviews-National_Museum_of_Slovenia_Metelkova-Ljubljana_Upper_Carniola_Region.html, /Attractions-g274873-Activities-Ljubljana_Upper_Carniola_Region.html
The Jakopic Gallery, 4.5, Museums, /Attraction_Review-g274873-d8376064-Reviews-The_Jakopic_Gallery-Ljubljana_Upper_Carniola_Region.html, /Attractions-g274873-Activities-Ljubljana_Upper_Carniola_Region.html
Galerija Fotografija, 4.5, Museums, /Attraction_Review-g274873-d8376061-Reviews-Galerija_Fotografija-Ljubljana_Upper_Carniola_Region.html, /Attractions-g274873-Activities-Ljubljana_Upper_Carniola_Region.html
International Centre of Graphic Arts (MGLC), 3.5, Museums, /Attraction_Review-g274873-d3458563-Reviews-International_Centre_of_Graphic_Arts_MGLC-Ljubljana_Upper_Carniola_Region.html, /Attractions-g274873-Activities-Ljubljana_Upper_Carniola_Region.html
Roznik Hill, 3.5, Nature & Parks, /Attraction_Review-g274873-d12878411-Reviews-Roznik_Hill-Ljubljana_Upper_Carniola_Region.html, /Attractions-g274873-Activities-Ljubljana_Upper_Carniola_Region.html
Castle Chapel of St George, 3.5, Sights & Landmarks, /Attraction_Review-g274873-d12532948-Reviews-Castle_Chapel_of_St_George-Ljubljana_Upper_Carniola_Region.html, /Attractions-g274873-Activities-Ljubljana_Upper_Carniola_Region.html
Schweigerjeva House, 4.0, Sights & Landmarks, /Attraction_Review-g274873-d8261763-Reviews-Schweigerjeva_House-Ljubljana_Upper_Carniola_Region.html, /Attractions-g274873-Activities-Ljubljana_Upper_Carniola_Region.html
Public Loan Bank Building, 4.5, Sights & Landmarks, /Attraction_Review-g274873-d8152554-Reviews-Public_Loan_Bank_Building-Ljubljana_Upper_Carniola_Region.html, /Attractions-g274873-Activities-Ljubljana_Upper_Carniola_Region.html
Slovenian National Theatre Drama Ljubljana, 4.5, Concerts & Shows, /Attraction_Review-g274873-d8382039-Reviews-Slovenian_National_Theatre_Drama_Ljubljana-Ljubljana_Upper_Carniola_Region.html, /Attractions-g274873-Activities-Ljubljana_Upper_Carniola_Region.html
Trnovski Pristan Embankment, 4.5, Sights & Landmarks, /Attraction_Review-g274873-d8382082-Reviews-Trnovski_Pristan_Embankment-Ljubljana_Upper_Carniola_Region.html, /Attractions-g274873-Activities-Ljubljana_Upper_Carniola_Region.html
Embassy of the United States of America, 4.0, Sights & Landmarks, /Attraction_Review-g274873-d12850622-Reviews-Embassy_of_the_United_States_of_America-Ljubljana_Upper_Carniola_Region.html, /Attractions-g274873-Activities-Ljubljana_Upper_Carniola_Region.html
