attraction_name, attraction_rate, attraction_type, attraction_url, attraction_parent_url
Volcji Grad, 5.0, Sights & Landmarks, /Attraction_Review-g4463146-d7131746-Reviews-Volcji_Grad-Komen_Slovenian_Littoral_Region.html, /Attractions-g4463146-Activities-Komen_Slovenian_Littoral_Region.html
Weingut Branko &amp; Vasja Čotar, 4.0, Food & Drink, /Attraction_Review-g4463146-d4271578-Reviews-Weingut_Branko_Vasja_Cotar-Komen_Slovenian_Littoral_Region.html, /Attractions-g4463146-Activities-Komen_Slovenian_Littoral_Region.html
Weingut Marko Fon, 5.0, Shopping, /Attraction_Review-g4463146-d7060427-Reviews-Weingut_Marko_Fon-Komen_Slovenian_Littoral_Region.html, /Attractions-g4463146-Activities-Komen_Slovenian_Littoral_Region.html
Vinarstvo Pri Buntovih, None, Shopping, /Attraction_Review-g4463146-d4271651-Reviews-Vinarstvo_Pri_Buntovih-Komen_Slovenian_Littoral_Region.html, /Attractions-g4463146-Activities-Komen_Slovenian_Littoral_Region.html
Finovino, None, Shopping, /Attraction_Review-g4463146-d13231347-Reviews-Finovino-Komen_Slovenian_Littoral_Region.html, /Attractions-g4463146-Activities-Komen_Slovenian_Littoral_Region.html
Vina Strekelj, None, Food & Drink, /Attraction_Review-g4463146-d18977014-Reviews-Vina_Strekelj-Komen_Slovenian_Littoral_Region.html, /Attractions-g4463146-Activities-Komen_Slovenian_Littoral_Region.html
Ales Hribernik, None, Tours, /Attraction_Review-g4463146-d17577268-Reviews-Ales_Hribernik-Komen_Slovenian_Littoral_Region.html, /Attractions-g4463146-Activities-Komen_Slovenian_Littoral_Region.html
Cerkev Sv. Tilen, None, Sights & Landmarks, /Attraction_Review-g4463146-d20908870-Reviews-Cerkev_Sv_Tilen-Komen_Slovenian_Littoral_Region.html, /Attractions-g4463146-Activities-Komen_Slovenian_Littoral_Region.html
Župnijska cerkev sv. Jurija, None, Sights & Landmarks, /Attraction_Review-g4463146-d20908869-Reviews-Zupnijska_cerkev_sv_Jurija-Komen_Slovenian_Littoral_Region.html, /Attractions-g4463146-Activities-Komen_Slovenian_Littoral_Region.html
Cerkev Marijinega Vnebovzetja, None, Sights & Landmarks, /Attraction_Review-g4463146-d20910283-Reviews-Cerkev_Marijinega_Vnebovzetja-Komen_Slovenian_Littoral_Region.html, /Attractions-g4463146-Activities-Komen_Slovenian_Littoral_Region.html
