attraction_name, attraction_rate, attraction_type, attraction_url, attraction_parent_url
Straw hat museum / Slamnikarski muzej, 4.0, Museums, /Attraction_Review-g1238226-d14173831-Reviews-Straw_hat_museum_Slamnikarski_muzej-Domzale_Upper_Carniola_Region.html, /Attractions-g1238226-Activities-Domzale_Upper_Carniola_Region.html
Blunout, 5.0, Nightlife, /Attraction_Review-g1238226-d8809371-Reviews-Blunout-Domzale_Upper_Carniola_Region.html, /Attractions-g1238226-Activities-Domzale_Upper_Carniola_Region.html
Energy Escape Room, 4.5, Fun & Games, /Attraction_Review-g1238226-d8066458-Reviews-Energy_Escape_Room-Domzale_Upper_Carniola_Region.html, /Attractions-g1238226-Activities-Domzale_Upper_Carniola_Region.html
Thai Nan, 5.0, Spas & Wellness, /Attraction_Review-g1238226-d10771272-Reviews-Thai_Nan-Domzale_Upper_Carniola_Region.html, /Attractions-g1238226-Activities-Domzale_Upper_Carniola_Region.html
Pravljični Šumberk / The Magical Šumberk Hill, None, Water & Amusement Parks, /Attraction_Review-g1238226-d22461819-Reviews-Pravljicni_Sumberk_The_Magical_Sumberk_Hill-Domzale_Upper_Carniola_Region.html, /Attractions-g1238226-Activities-Domzale_Upper_Carniola_Region.html
Štala Shop, None, Shopping, /Attraction_Review-g1238226-d21394114-Reviews-Stala_Shop-Domzale_Upper_Carniola_Region.html, /Attractions-g1238226-Activities-Domzale_Upper_Carniola_Region.html
