attraction_name, attraction_rate, attraction_type, attraction_url, attraction_parent_url
Stari Zakladi, 2.0, Shopping, /Attraction_Review-g274874-d12847227-Reviews-Stari_Zakladi-Maribor_Styria_Region.html, /Attractions-g274874-Activities-Maribor_Styria_Region.html
University Library of Maribor, 3.0, Traveller Resources, /Attraction_Review-g274874-d12546312-Reviews-University_Library_of_Maribor-Maribor_Styria_Region.html, /Attractions-g274874-Activities-Maribor_Styria_Region.html
Židovski Trg square, 4.0, Sights & Landmarks, /Attraction_Review-g274874-d12541872-Reviews-Zidovski_Trg_square-Maribor_Styria_Region.html, /Attractions-g274874-Activities-Maribor_Styria_Region.html
Trg Revolucije square, 3.0, Sights & Landmarks, /Attraction_Review-g274874-d12541878-Reviews-Trg_Revolucije_square-Maribor_Styria_Region.html, /Attractions-g274874-Activities-Maribor_Styria_Region.html
St. Joseph's church, 3.0, Sights & Landmarks, /Attraction_Review-g274874-d12546804-Reviews-St_Joseph_s_church-Maribor_Styria_Region.html, /Attractions-g274874-Activities-Maribor_Styria_Region.html
Gospejna Ulica street, 3.0, Sights & Landmarks, /Attraction_Review-g274874-d12541876-Reviews-Gospejna_Ulica_street-Maribor_Styria_Region.html, /Attractions-g274874-Activities-Maribor_Styria_Region.html
Locksmith’s Street, 3.0, Sights & Landmarks, /Attraction_Review-g274874-d12546477-Reviews-Locksmith_s_Street-Maribor_Styria_Region.html, /Attractions-g274874-Activities-Maribor_Styria_Region.html
Botanical Garden of the University of Maribor, 1.0, Nature & Parks, /Attraction_Review-g274874-d15002388-Reviews-Botanical_Garden_of_the_University_of_Maribor-Maribor_Styria_Region.html, /Attractions-g274874-Activities-Maribor_Styria_Region.html
Vogrin's Windmill, None, Sights & Landmarks, /Attraction_Review-g274874-d12545816-Reviews-Vogrin_s_Windmill-Maribor_Styria_Region.html, /Attractions-g274874-Activities-Maribor_Styria_Region.html
The House of Nation, None, Sights & Landmarks, /Attraction_Review-g274874-d12545826-Reviews-The_House_of_Nation-Maribor_Styria_Region.html, /Attractions-g274874-Activities-Maribor_Styria_Region.html
Bacchus or Dionysus, None, Sights & Landmarks, /Attraction_Review-g274874-d12541846-Reviews-Bacchus_or_Dionysus-Maribor_Styria_Region.html, /Attractions-g274874-Activities-Maribor_Styria_Region.html
Five Organic Perils, None, Sights & Landmarks, /Attraction_Review-g274874-d12541859-Reviews-Five_Organic_Perils-Maribor_Styria_Region.html, /Attractions-g274874-Activities-Maribor_Styria_Region.html
The Regional Archives, None, Traveller Resources, /Attraction_Review-g274874-d12541871-Reviews-The_Regional_Archives-Maribor_Styria_Region.html, /Attractions-g274874-Activities-Maribor_Styria_Region.html
Town Savings Bank - Mestna Hranilnica, None, Sights & Landmarks, /Attraction_Review-g274874-d12541847-Reviews-Town_Savings_Bank_Mestna_Hranilnica-Maribor_Styria_Region.html, /Attractions-g274874-Activities-Maribor_Styria_Region.html
Malečnik Bridge, None, Sights & Landmarks, /Attraction_Review-g274874-d12541848-Reviews-Malecnik_Bridge-Maribor_Styria_Region.html, /Attractions-g274874-Activities-Maribor_Styria_Region.html
Dance of the Fairies, None, Sights & Landmarks, /Attraction_Review-g274874-d12541851-Reviews-Dance_of_the_Fairies-Maribor_Styria_Region.html, /Attractions-g274874-Activities-Maribor_Styria_Region.html
Koroška Bridge, None, Sights & Landmarks, /Attraction_Review-g274874-d12541850-Reviews-Koroska_Bridge-Maribor_Styria_Region.html, /Attractions-g274874-Activities-Maribor_Styria_Region.html
Aloysius church, None, Sights & Landmarks, /Attraction_Review-g274874-d12541869-Reviews-Aloysius_church-Maribor_Styria_Region.html, /Attractions-g274874-Activities-Maribor_Styria_Region.html
Roman settlement - villae rusticae, None, Sights & Landmarks, /Attraction_Review-g274874-d12541865-Reviews-Roman_settlement_villae_rusticae-Maribor_Styria_Region.html, /Attractions-g274874-Activities-Maribor_Styria_Region.html
Archaeological site of Poštela, None, Sights & Landmarks, /Attraction_Review-g274874-d12541866-Reviews-Archaeological_site_of_Postela-Maribor_Styria_Region.html, /Attractions-g274874-Activities-Maribor_Styria_Region.html
Memorial Room at the Police Station Maribor I, None, Museums, /Attraction_Review-g274874-d12546479-Reviews-Memorial_Room_at_the_Police_Station_Maribor_I-Maribor_Styria_Region.html, /Attractions-g274874-Activities-Maribor_Styria_Region.html
Maribor Evangelical Church, None, Sights & Landmarks, /Attraction_Review-g274874-d12543618-Reviews-Maribor_Evangelical_Church-Maribor_Styria_Region.html, /Attractions-g274874-Activities-Maribor_Styria_Region.html
Natural and Cultural Heritage Centre Bolfenk on Pohorje, None, Museums, /Attraction_Review-g274874-d12543703-Reviews-Natural_and_Cultural_Heritage_Centre_Bolfenk_on_Pohorje-Maribor_Styria_Region.html, /Attractions-g274874-Activities-Maribor_Styria_Region.html
Karlek - Charlie, None, Sights & Landmarks, /Attraction_Review-g274874-d12543745-Reviews-Karlek_Charlie-Maribor_Styria_Region.html, /Attractions-g274874-Activities-Maribor_Styria_Region.html
Monument to the combattants of the northern border, None, Sights & Landmarks, /Attraction_Review-g274874-d12543747-Reviews-Monument_to_the_combattants_of_the_northern_border-Maribor_Styria_Region.html, /Attractions-g274874-Activities-Maribor_Styria_Region.html
Memorial to hostages, None, Sights & Landmarks, /Attraction_Review-g274874-d12546438-Reviews-Memorial_to_hostages-Maribor_Styria_Region.html, /Attractions-g274874-Activities-Maribor_Styria_Region.html
Maribor Railway Station, None, Sights & Landmarks, /Attraction_Review-g274874-d18913339-Reviews-Maribor_Railway_Station-Maribor_Styria_Region.html, /Attractions-g274874-Activities-Maribor_Styria_Region.html
Gallery Media Nox, None, Museums, /Attraction_Review-g274874-d17741276-Reviews-Gallery_Media_Nox-Maribor_Styria_Region.html, /Attractions-g274874-Activities-Maribor_Styria_Region.html
Supernova Maribor, None, Shopping, /Attraction_Review-g274874-d19176199-Reviews-Supernova_Maribor-Maribor_Styria_Region.html, /Attractions-g274874-Activities-Maribor_Styria_Region.html
