attraction_name, attraction_rate, attraction_type, attraction_url, attraction_parent_url
Sežana Botanical Park, 4.0, Nature & Parks, /Attraction_Review-g277815-d3532184-Reviews-Sezana_Botanical_Park-Sezana_Slovenian_Littoral_Region.html, /Attractions-g277815-Activities-Sezana_Slovenian_Littoral_Region.html
Vinakras Sezana, 4.5, Food & Drink, /Attraction_Review-g277815-d8309122-Reviews-Vinakras_Sezana-Sezana_Slovenian_Littoral_Region.html, /Attractions-g277815-Activities-Sezana_Slovenian_Littoral_Region.html
Kosovelov dom Sezana, 4.5, Sights & Landmarks, /Attraction_Review-g277815-d12105054-Reviews-Kosovelov_dom_Sezana-Sezana_Slovenian_Littoral_Region.html, /Attractions-g277815-Activities-Sezana_Slovenian_Littoral_Region.html
Bowling El Cubano, 4.0, Fun & Games, /Attraction_Review-g277815-d10796137-Reviews-Bowling_El_Cubano-Sezana_Slovenian_Littoral_Region.html, /Attractions-g277815-Activities-Sezana_Slovenian_Littoral_Region.html
Karst Living Museum, None, Museums, /Attraction_Review-g277815-d10378798-Reviews-Karst_Living_Museum-Sezana_Slovenian_Littoral_Region.html, /Attractions-g277815-Activities-Sezana_Slovenian_Littoral_Region.html
Stemberger Wines, None, Food & Drink, /Attraction_Review-g277815-d14913210-Reviews-Stemberger_Wines-Sezana_Slovenian_Littoral_Region.html, /Attractions-g277815-Activities-Sezana_Slovenian_Littoral_Region.html
Karst Tourist Information Center, None, Traveller Resources, /Attraction_Review-g277815-d15748620-Reviews-Karst_Tourist_Information_Center-Sezana_Slovenian_Littoral_Region.html, /Attractions-g277815-Activities-Sezana_Slovenian_Littoral_Region.html
TaxiHotel.eu, None, Transportation, /Attraction_Review-g277815-d18191026-Reviews-TaxiHotel_eu-Sezana_Slovenian_Littoral_Region.html, /Attractions-g277815-Activities-Sezana_Slovenian_Littoral_Region.html
Sv. Martin, None, Sights & Landmarks, /Attraction_Review-g277815-d20910261-Reviews-Sv_Martin-Sezana_Slovenian_Littoral_Region.html, /Attractions-g277815-Activities-Sezana_Slovenian_Littoral_Region.html
Cerkev Marijinega, None, Sights & Landmarks, /Attraction_Review-g277815-d20908868-Reviews-Cerkev_Marijinega-Sezana_Slovenian_Littoral_Region.html, /Attractions-g277815-Activities-Sezana_Slovenian_Littoral_Region.html
