attraction_name, attraction_rate, attraction_type, attraction_url, attraction_parent_url
Belokranjski Muzej, 4.5, Museums, /Attraction_Review-g3207623-d10253762-Reviews-Belokranjski_Muzej-Metlika_Lower_Carniola_Region.html, /Attractions-g3207623-Activities-Metlika_Lower_Carniola_Region.html
Kolpa River, 4.5, Nature & Parks, /Attraction_Review-g3207623-d12295696-Reviews-Kolpa_River-Metlika_Lower_Carniola_Region.html, /Attractions-g3207623-Activities-Metlika_Lower_Carniola_Region.html
Adventure Park Podzemelj, 5.0, Water & Amusement Parks, /Attraction_Review-g3207623-d12286672-Reviews-Adventure_Park_Podzemelj-Metlika_Lower_Carniola_Region.html, /Attractions-g3207623-Activities-Metlika_Lower_Carniola_Region.html
Vinska Klet Metlika, 5.0, Food & Drink, /Attraction_Review-g3207623-d12031946-Reviews-Vinska_Klet_Metlika-Metlika_Lower_Carniola_Region.html, /Attractions-g3207623-Activities-Metlika_Lower_Carniola_Region.html
Galerija Kambič, 4.5, Museums, /Attraction_Review-g3207623-d11815895-Reviews-Galerija_Kambic-Metlika_Lower_Carniola_Region.html, /Attractions-g3207623-Activities-Metlika_Lower_Carniola_Region.html
Slovenski gasilski muzej, 5.0, Museums, /Attraction_Review-g3207623-d12805669-Reviews-Slovenski_gasilski_muzej-Metlika_Lower_Carniola_Region.html, /Attractions-g3207623-Activities-Metlika_Lower_Carniola_Region.html
Tri Fare, 4.0, Sights & Landmarks, /Attraction_Review-g3207623-d12456604-Reviews-Tri_Fare-Metlika_Lower_Carniola_Region.html, /Attractions-g3207623-Activities-Metlika_Lower_Carniola_Region.html
Bravina Tour Agency, None, Food & Drink, /Attraction_Review-g3207623-d17821238-Reviews-Bravina_Tour_Agency-Metlika_Lower_Carniola_Region.html, /Attractions-g3207623-Activities-Metlika_Lower_Carniola_Region.html
