attraction_name, attraction_rate, attraction_type, attraction_url, attraction_parent_url
Olimje Castle, 4.5, Sights & Landmarks, /Attraction_Review-g1057702-d10343465-Reviews-Olimje_Castle-Podcetrtek_Styria_Region.html, /Attractions-g1057702-Activities-Podcetrtek_Styria_Region.html
Thermal Park Aquluna, 4.0, Water & Amusement Parks, /Attraction_Review-g1057702-d11622876-Reviews-Thermal_Park_Aquluna-Podcetrtek_Styria_Region.html, /Attractions-g1057702-Activities-Podcetrtek_Styria_Region.html
Odiseja Planetariji, 3.0, Museums, /Attraction_Review-g1057702-d17651434-Reviews-Odiseja_Planetariji-Podcetrtek_Styria_Region.html, /Attractions-g1057702-Activities-Podcetrtek_Styria_Region.html
Wellnes Orhidelia, 4.5, Spas & Wellness, /Attraction_Review-g1057702-d10359602-Reviews-Wellnes_Orhidelia-Podcetrtek_Styria_Region.html, /Attractions-g1057702-Activities-Podcetrtek_Styria_Region.html
Terme Olimia, 4.5, Spas & Wellness, /Attraction_Review-g1057702-d2230658-Reviews-Terme_Olimia-Podcetrtek_Styria_Region.html, /Attractions-g1057702-Activities-Podcetrtek_Styria_Region.html
Jelenov Greben, 4.5, Shopping, /Attraction_Review-g1057702-d11668498-Reviews-Jelenov_Greben-Podcetrtek_Styria_Region.html, /Attractions-g1057702-Activities-Podcetrtek_Styria_Region.html
Olimje - Cokoladnica, 4.0, Shopping, /Attraction_Review-g1057702-d12344020-Reviews-Olimje_Cokoladnica-Podcetrtek_Styria_Region.html, /Attractions-g1057702-Activities-Podcetrtek_Styria_Region.html
Koca Pri Carovnici, 3.5, Museums, /Attraction_Review-g1057702-d12825489-Reviews-Koca_Pri_Carovnici-Podcetrtek_Styria_Region.html, /Attractions-g1057702-Activities-Podcetrtek_Styria_Region.html
Kava Bar Srecko, 5.0, Nightlife, /Attraction_Review-g1057702-d19838524-Reviews-Kava_Bar_Srecko-Podcetrtek_Styria_Region.html, /Attractions-g1057702-Activities-Podcetrtek_Styria_Region.html
Family Wellness Termalija, 2.5, Spas & Wellness, /Attraction_Review-g1057702-d19429830-Reviews-Family_Wellness_Termalija-Podcetrtek_Styria_Region.html, /Attractions-g1057702-Activities-Podcetrtek_Styria_Region.html
Haler Homestead, None, Food & Drink, /Attraction_Review-g1057702-d19291672-Reviews-Haler_Homestead-Podcetrtek_Styria_Region.html, /Attractions-g1057702-Activities-Podcetrtek_Styria_Region.html
