attraction_name, attraction_rate, attraction_type, attraction_url, attraction_parent_url
Human Fish Brewery, 5.0, Food & Drink, /Attraction_Review-g1439517-d10897982-Reviews-Human_Fish_Brewery-Vrhnika_Inner_Carniola_Region.html, /Attractions-g1439517-Activities-Vrhnika_Inner_Carniola_Region.html
Ljubljanica River Exhibition, 5.0, Museums, /Attraction_Review-g1439517-d14020628-Reviews-Ljubljanica_River_Exhibition-Vrhnika_Inner_Carniola_Region.html, /Attractions-g1439517-Activities-Vrhnika_Inner_Carniola_Region.html
Claustra Alpium Iuliarum, 5.0, Sights & Landmarks, /Attraction_Review-g1439517-d20147877-Reviews-Claustra_Alpium_Iuliarum-Vrhnika_Inner_Carniola_Region.html, /Attractions-g1439517-Activities-Vrhnika_Inner_Carniola_Region.html
Star maln, 4.0, Sights & Landmarks, /Attraction_Review-g1439517-d17749026-Reviews-Star_maln-Vrhnika_Inner_Carniola_Region.html, /Attractions-g1439517-Activities-Vrhnika_Inner_Carniola_Region.html
Vrhnika Cultural Center, 4.0, Sights & Landmarks, /Attraction_Review-g1439517-d11889069-Reviews-Vrhnika_Cultural_Center-Vrhnika_Inner_Carniola_Region.html, /Attractions-g1439517-Activities-Vrhnika_Inner_Carniola_Region.html
Cankar Memorial House, 3.5, Museums, /Attraction_Review-g1439517-d7106862-Reviews-Cankar_Memorial_House-Vrhnika_Inner_Carniola_Region.html, /Attractions-g1439517-Activities-Vrhnika_Inner_Carniola_Region.html
Sveta Trojica, 2.0, Sights & Landmarks, /Attraction_Review-g1439517-d12831330-Reviews-Sveta_Trojica-Vrhnika_Inner_Carniola_Region.html, /Attractions-g1439517-Activities-Vrhnika_Inner_Carniola_Region.html
Cerkev Sv. Miklaž, 2.0, Sights & Landmarks, /Attraction_Review-g1439517-d12831326-Reviews-Cerkev_Sv_Miklaz-Vrhnika_Inner_Carniola_Region.html, /Attractions-g1439517-Activities-Vrhnika_Inner_Carniola_Region.html
Vip Prevozi, 5.0, Transportation, /Attraction_Review-g1439517-d15081122-Reviews-Vip_Prevozi-Vrhnika_Inner_Carniola_Region.html, /Attractions-g1439517-Activities-Vrhnika_Inner_Carniola_Region.html
FKK Wellness&amp;Spa Center Mocilnik, 4.5, Spas & Wellness, /Attraction_Review-g1439517-d10375432-Reviews-FKK_Wellness_Spa_Center_Mocilnik-Vrhnika_Inner_Carniola_Region.html, /Attractions-g1439517-Activities-Vrhnika_Inner_Carniola_Region.html
Mocilnik, None, Nature & Parks, /Attraction_Review-g1439517-d17751952-Reviews-Mocilnik-Vrhnika_Inner_Carniola_Region.html, /Attractions-g1439517-Activities-Vrhnika_Inner_Carniola_Region.html
Exhibition - Floris Oblak, None, Museums, /Attraction_Review-g1439517-d17751897-Reviews-Exhibition_Floris_Oblak-Vrhnika_Inner_Carniola_Region.html, /Attractions-g1439517-Activities-Vrhnika_Inner_Carniola_Region.html
Cerkev sv. Pavla, None, Sights & Landmarks, /Attraction_Review-g1439517-d17749027-Reviews-Cerkev_sv_Pavla-Vrhnika_Inner_Carniola_Region.html, /Attractions-g1439517-Activities-Vrhnika_Inner_Carniola_Region.html
Miklič Granary, None, Sights & Landmarks, /Attraction_Review-g1439517-d17749017-Reviews-Miklic_Granary-Vrhnika_Inner_Carniola_Region.html, /Attractions-g1439517-Activities-Vrhnika_Inner_Carniola_Region.html
Cankar's Statue, None, Sights & Landmarks, /Attraction_Review-g1439517-d17749024-Reviews-Cankar_s_Statue-Vrhnika_Inner_Carniola_Region.html, /Attractions-g1439517-Activities-Vrhnika_Inner_Carniola_Region.html
Drča, None, Sights & Landmarks, /Attraction_Review-g1439517-d17749021-Reviews-Drca-Vrhnika_Inner_Carniola_Region.html, /Attractions-g1439517-Activities-Vrhnika_Inner_Carniola_Region.html
Rupnik Line at Zaplana, None, Sights & Landmarks, /Attraction_Review-g1439517-d17749015-Reviews-Rupnik_Line_at_Zaplana-Vrhnika_Inner_Carniola_Region.html, /Attractions-g1439517-Activities-Vrhnika_Inner_Carniola_Region.html
The Roman Wall - Claustra Alpium Iuliarum, None, Sights & Landmarks, /Attraction_Review-g1439517-d17749016-Reviews-The_Roman_Wall_Claustra_Alpium_Iuliarum-Vrhnika_Inner_Carniola_Region.html, /Attractions-g1439517-Activities-Vrhnika_Inner_Carniola_Region.html
Kotnik-Lenarčič Park, None, Nature & Parks, /Attraction_Review-g1439517-d17749020-Reviews-Kotnik_Lenarcic_Park-Vrhnika_Inner_Carniola_Region.html, /Attractions-g1439517-Activities-Vrhnika_Inner_Carniola_Region.html
Kunstelj Villa, None, Sights & Landmarks, /Attraction_Review-g1439517-d17749018-Reviews-Kunstelj_Villa-Vrhnika_Inner_Carniola_Region.html, /Attractions-g1439517-Activities-Vrhnika_Inner_Carniola_Region.html
Courthouse and jail - Vrhnika, None, Sights & Landmarks, /Attraction_Review-g1439517-d17749022-Reviews-Courthouse_and_jail_Vrhnika-Vrhnika_Inner_Carniola_Region.html, /Attractions-g1439517-Activities-Vrhnika_Inner_Carniola_Region.html
Cerkev sv. Trojice, None, Sights & Landmarks, /Attraction_Review-g1439517-d17749032-Reviews-Cerkev_sv_Trojice-Vrhnika_Inner_Carniola_Region.html, /Attractions-g1439517-Activities-Vrhnika_Inner_Carniola_Region.html
Urban Tours, None, Tours, /Attraction_Review-g1439517-d21154317-Reviews-Urban_Tours-Vrhnika_Inner_Carniola_Region.html, /Attractions-g1439517-Activities-Vrhnika_Inner_Carniola_Region.html
Trgovina Levcek, None, Shopping, /Attraction_Review-g1439517-d19959733-Reviews-Trgovina_Levcek-Vrhnika_Inner_Carniola_Region.html, /Attractions-g1439517-Activities-Vrhnika_Inner_Carniola_Region.html
