attraction_name, attraction_rate, attraction_type, attraction_url, attraction_parent_url
France Prešeren's Birth House - museum, 5.0, Sights & Landmarks, /Attraction_Review-g8354250-d11947084-Reviews-France_Preseren_s_Birth_House_museum-Zirovnica_Upper_Carniola_Region.html, /Attractions-g8354250-Activities-Zirovnica_Upper_Carniola_Region.html
Institute for Tourism and Culture, 3.0, Traveller Resources, /Attraction_Review-g8354250-d12550394-Reviews-Institute_for_Tourism_and_Culture-Zirovnica_Upper_Carniola_Region.html, /Attractions-g8354250-Activities-Zirovnica_Upper_Carniola_Region.html
Zima Horse Riding Ranch, 5.0, Outdoor Activities, /Attraction_Review-g8354250-d17728815-Reviews-Zima_Horse_Riding_Ranch-Zirovnica_Upper_Carniola_Region.html, /Attractions-g8354250-Activities-Zirovnica_Upper_Carniola_Region.html
Collection Anze Mrak - Items from the First World War, None, Museums, /Attraction_Review-g8354250-d17852805-Reviews-Collection_Anze_Mrak_Items_from_the_First_World_War-Zirovnica_Upper_Carniola_Re.html, /Attractions-g8354250-Activities-Zirovnica_Upper_Carniola_Region.html
Jalen's Birth House in Rodine, None, Museums, /Attraction_Review-g8354250-d17852807-Reviews-Jalen_s_Birth_House_in_Rodine-Zirovnica_Upper_Carniola_Region.html, /Attractions-g8354250-Activities-Zirovnica_Upper_Carniola_Region.html
Finzgar's Birth House in Doslovce, None, Museums, /Attraction_Review-g8354250-d17852808-Reviews-Finzgar_s_Birth_House_in_Doslovce-Zirovnica_Upper_Carniola_Region.html, /Attractions-g8354250-Activities-Zirovnica_Upper_Carniola_Region.html
Cop's Birth House in Zirovnica, None, Museums, /Attraction_Review-g8354250-d17852809-Reviews-Cop_s_Birth_House_in_Zirovnica-Zirovnica_Upper_Carniola_Region.html, /Attractions-g8354250-Activities-Zirovnica_Upper_Carniola_Region.html
Cerkev sv. Martina v Mostah, None, Sights & Landmarks, /Attraction_Review-g8354250-d17862707-Reviews-Cerkev_sv_Martina_v_Mostah-Zirovnica_Upper_Carniola_Region.html, /Attractions-g8354250-Activities-Zirovnica_Upper_Carniola_Region.html
Plečnik's Monument in Breznica, None, Sights & Landmarks, /Attraction_Review-g8354250-d17852843-Reviews-Plecnik_s_Monument_in_Breznica-Zirovnica_Upper_Carniola_Region.html, /Attractions-g8354250-Activities-Zirovnica_Upper_Carniola_Region.html
Villa rustica in Ključe, None, Sights & Landmarks, /Attraction_Review-g8354250-d17852844-Reviews-Villa_rustica_in_Kljuce-Zirovnica_Upper_Carniola_Region.html, /Attractions-g8354250-Activities-Zirovnica_Upper_Carniola_Region.html
The Prešeren monument in Vrba, None, Sights & Landmarks, /Attraction_Review-g8354250-d17852845-Reviews-The_Preseren_monument_in_Vrba-Zirovnica_Upper_Carniola_Region.html, /Attractions-g8354250-Activities-Zirovnica_Upper_Carniola_Region.html
Cerkev sv. Radegunde na Bregu, None, Sights & Landmarks, /Attraction_Review-g8354250-d17852876-Reviews-Cerkev_sv_Radegunde_na_Bregu-Zirovnica_Upper_Carniola_Region.html, /Attractions-g8354250-Activities-Zirovnica_Upper_Carniola_Region.html
Cerkev Žalostne Matere božje na Breznici, None, Sights & Landmarks, /Attraction_Review-g8354250-d17852878-Reviews-Cerkev_Zalostne_Matere_bozje_na_Breznici-Zirovnica_Upper_Carniola_Region.html, /Attractions-g8354250-Activities-Zirovnica_Upper_Carniola_Region.html
Cerkev sv. Kancijana Selo, None, Sights & Landmarks, /Attraction_Review-g8354250-d17852874-Reviews-Cerkev_sv_Kancijana_Selo-Zirovnica_Upper_Carniola_Region.html, /Attractions-g8354250-Activities-Zirovnica_Upper_Carniola_Region.html
Cerkev sv. Klemena na Rodinah, None, Sights & Landmarks, /Attraction_Review-g8354250-d17852872-Reviews-Cerkev_sv_Klemena_na_Rodinah-Zirovnica_Upper_Carniola_Region.html, /Attractions-g8354250-Activities-Zirovnica_Upper_Carniola_Region.html
St. Mark's Church in Vrba - Cerkev sv. Marka v Vrbi, None, Sights & Landmarks, /Attraction_Review-g8354250-d17852856-Reviews-St_Mark_s_Church_in_Vrba_Cerkev_sv_Marka_v_Vrbi-Zirovnica_Upper_Carniola_Region.html, /Attractions-g8354250-Activities-Zirovnica_Upper_Carniola_Region.html
The Hostage Memorial in Moste, None, Sights & Landmarks, /Attraction_Review-g8354250-d17862676-Reviews-The_Hostage_Memorial_in_Moste-Zirovnica_Upper_Carniola_Region.html, /Attractions-g8354250-Activities-Zirovnica_Upper_Carniola_Region.html
Museum of the Past in the shelter of Mt. Stol, None, Museums, /Attraction_Review-g8354250-d17852804-Reviews-Museum_of_the_Past_in_the_shelter_of_Mt_Stol-Zirovnica_Upper_Carniola_Region.html, /Attractions-g8354250-Activities-Zirovnica_Upper_Carniola_Region.html
'Stagne' Zabreznica-Vrba, None, Nature & Parks, /Attraction_Review-g8354250-d17852823-Reviews-Stagne_Zabreznica_Vrba-Zirovnica_Upper_Carniola_Region.html, /Attractions-g8354250-Activities-Zirovnica_Upper_Carniola_Region.html
The Avenue of Famous Men - Aleja slavnih mož, None, Sights & Landmarks, /Attraction_Review-g8354250-d17852824-Reviews-The_Avenue_of_Famous_Men_Aleja_slavnih_moz-Zirovnica_Upper_Carniola_Region.html, /Attractions-g8354250-Activities-Zirovnica_Upper_Carniola_Region.html
Cerkev sv. Lovrenca nad Zabreznico, None, Sights & Landmarks, /Attraction_Review-g8354250-d17852879-Reviews-Cerkev_sv_Lovrenca_nad_Zabreznico-Zirovnica_Upper_Carniola_Region.html, /Attractions-g8354250-Activities-Zirovnica_Upper_Carniola_Region.html
The Village linden tree in Vrba, None, Sights & Landmarks, /Attraction_Review-g8354250-d17852855-Reviews-The_Village_linden_tree_in_Vrba-Zirovnica_Upper_Carniola_Region.html, /Attractions-g8354250-Activities-Zirovnica_Upper_Carniola_Region.html
The Završnica Reservoir water retention basin - Vodostan, None, Sights & Landmarks, /Attraction_Review-g8354250-d17852842-Reviews-The_Zavrsnica_Reservoir_water_retention_basin_Vodostan-Zirovnica_Upper_Carniola.html, /Attractions-g8354250-Activities-Zirovnica_Upper_Carniola_Region.html
