attraction_name, attraction_rate, attraction_type, attraction_url, attraction_parent_url
Mozirski Gaj, 4.5, Fun & Games, /Attraction_Review-g1773813-d4747615-Reviews-Mozirski_Gaj-Mozirje_Styria_Region.html, /Attractions-g1773813-Activities-Mozirje_Styria_Region.html
Župnijska Cerkev sv. Jurija, 4.0, Sights & Landmarks, /Attraction_Review-g1773813-d12064996-Reviews-Zupnijska_Cerkev_sv_Jurija-Mozirje_Styria_Region.html, /Attractions-g1773813-Activities-Mozirje_Styria_Region.html
Adventure Valley Day Tours, 5.0, Boat Tours & Water Sports, /Attraction_Review-g4226728-d6548440-Reviews-Adventure_Valley_Day_Tours-Luce_Mozirje_Styria_Region.html, /Attractions-g1773813-Activities-Mozirje_Styria_Region.html
Impulse, 5.0, Boat Tours & Water Sports, /Attraction_Review-g1773813-d12687584-Reviews-Impulse-Mozirje_Styria_Region.html, /Attractions-g1773813-Activities-Mozirje_Styria_Region.html
Dolina Avantur d.o.o., 5.0, Outdoor Activities, /Attraction_Review-g4226728-d7276701-Reviews-Dolina_Avantur_d_o_o-Luce_Mozirje_Styria_Region.html, /Attractions-g1773813-Activities-Mozirje_Styria_Region.html
Bojan Napotnik, None, Tours, /Attraction_Review-g1773813-d18998373-Reviews-Bojan_Napotnik-Mozirje_Styria_Region.html, /Attractions-g1773813-Activities-Mozirje_Styria_Region.html
