attraction_name, attraction_rate, attraction_type, attraction_url, attraction_parent_url
Grad Prem, 5.0, Sights & Landmarks, /Attraction_Review-g7591517-d5498011-Reviews-Grad_Prem-Prem_Inner_Carniola_Region.html, /Attractions-g7591517-Activities-Prem_Inner_Carniola_Region.html
Partizanska bolnica Zalesje, None, Museums, /Attraction_Review-g7591517-d20285862-Reviews-Partizanska_bolnica_Zalesje-Prem_Inner_Carniola_Region.html, /Attractions-g7591517-Activities-Prem_Inner_Carniola_Region.html
Kapela Sv. Katarina, None, Sights & Landmarks, /Attraction_Review-g7591517-d22953071-Reviews-Kapela_Sv_Katarina-Prem_Inner_Carniola_Region.html, /Attractions-g7591517-Activities-Prem_Inner_Carniola_Region.html
Cerkev sv. Antona Padovanskega, None, Sights & Landmarks, /Attraction_Review-g7591517-d22953072-Reviews-Cerkev_sv_Antona_Padovanskega-Prem_Inner_Carniola_Region.html, /Attractions-g7591517-Activities-Prem_Inner_Carniola_Region.html
