attraction_name, attraction_rate, attraction_type, attraction_url, attraction_parent_url
Quecksilberbergwerk Idrija, 4.5, Sights & Landmarks, /Attraction_Review-g2177201-d3531348-Reviews-Quecksilberbergwerk_Idrija-Idrija_Slovenian_Littoral_Region.html, /Attractions-g2177201-Activities-Idrija_Slovenian_Littoral_Region.html
Gewerkenegg Castle, 4.0, Sights & Landmarks, /Attraction_Review-g2177201-d3341412-Reviews-Gewerkenegg_Castle-Idrija_Slovenian_Littoral_Region.html, /Attractions-g2177201-Activities-Idrija_Slovenian_Littoral_Region.html
Idrija Municipal Museum, 4.5, Museums, /Attraction_Review-g2177201-d6840176-Reviews-Idrija_Municipal_Museum-Idrija_Slovenian_Littoral_Region.html, /Attractions-g2177201-Activities-Idrija_Slovenian_Littoral_Region.html
Tourist Information Centre Idrija, 4.5, Traveller Resources, /Attraction_Review-g2177201-d7051110-Reviews-Tourist_Information_Centre_Idrija-Idrija_Slovenian_Littoral_Region.html, /Attractions-g2177201-Activities-Idrija_Slovenian_Littoral_Region.html
Topilnica Hg, 4.5, Museums, /Attraction_Review-g2177201-d12274550-Reviews-Topilnica_Hg-Idrija_Slovenian_Littoral_Region.html, /Attractions-g2177201-Activities-Idrija_Slovenian_Littoral_Region.html
Divje Jezero, 4.0, Nature & Parks, /Attraction_Review-g2177201-d12845431-Reviews-Divje_Jezero-Idrija_Slovenian_Littoral_Region.html, /Attractions-g2177201-Activities-Idrija_Slovenian_Littoral_Region.html
Idrija Kamšt, 4.5, Sights & Landmarks, /Attraction_Review-g2177201-d8067269-Reviews-Idrija_Kamst-Idrija_Slovenian_Littoral_Region.html, /Attractions-g2177201-Activities-Idrija_Slovenian_Littoral_Region.html
Miner's House, 3.5, Sights & Landmarks, /Attraction_Review-g2177201-d8078772-Reviews-Miner_s_House-Idrija_Slovenian_Littoral_Region.html, /Attractions-g2177201-Activities-Idrija_Slovenian_Littoral_Region.html
Idrija War Museum, 4.5, Museums, /Attraction_Review-g2177201-d7912128-Reviews-Idrija_War_Museum-Idrija_Slovenian_Littoral_Region.html, /Attractions-g2177201-Activities-Idrija_Slovenian_Littoral_Region.html
Fonderia di Mercurio, 4.0, Museums, /Attraction_Review-g2177201-d12841321-Reviews-Fonderia_di_Mercurio-Idrija_Slovenian_Littoral_Region.html, /Attractions-g2177201-Activities-Idrija_Slovenian_Littoral_Region.html
Francis' Shaft, 4.0, Museums, /Attraction_Review-g2177201-d8078981-Reviews-Francis_Shaft-Idrija_Slovenian_Littoral_Region.html, /Attractions-g2177201-Activities-Idrija_Slovenian_Littoral_Region.html
Šlabnik Tourism, 5.0, Food & Drink, /Attraction_Review-g2177201-d17669692-Reviews-Slabnik_Tourism-Idrija_Slovenian_Littoral_Region.html, /Attractions-g2177201-Activities-Idrija_Slovenian_Littoral_Region.html
Cerkev sv. Trojice, None, Sights & Landmarks, /Attraction_Review-g2177201-d17660229-Reviews-Cerkev_sv_Trojice-Idrija_Slovenian_Littoral_Region.html, /Attractions-g2177201-Activities-Idrija_Slovenian_Littoral_Region.html
Klavze Water Barriers, None, Sights & Landmarks, /Attraction_Review-g2177201-d19171615-Reviews-Klavze_Water_Barriers-Idrija_Slovenian_Littoral_Region.html, /Attractions-g2177201-Activities-Idrija_Slovenian_Littoral_Region.html
Idrija Lace School, None, Classes & Workshops, /Attraction_Review-g2177201-d21180112-Reviews-Idrija_Lace_School-Idrija_Slovenian_Littoral_Region.html, /Attractions-g2177201-Activities-Idrija_Slovenian_Littoral_Region.html
ID20 tourism, None, Food & Drink, /Attraction_Review-g2177201-d21094866-Reviews-ID20_tourism-Idrija_Slovenian_Littoral_Region.html, /Attractions-g2177201-Activities-Idrija_Slovenian_Littoral_Region.html
