attraction_name, attraction_rate, attraction_type, attraction_url, attraction_parent_url
Tonina House, 4.5, Museums, /Attraction_Review-g7148805-d8778648-Reviews-Tonina_House-Secovlje_Slovenian_Istria_Slovenian_Littoral_Region.html, /Attractions-g7148805-Activities-Secovlje_Slovenian_Istria_Slovenian_Littoral_Region.html
Dragonja River Valley, 2.0, Nature & Parks, /Attraction_Review-g7148805-d10782742-Reviews-Dragonja_River_Valley-Secovlje_Slovenian_Istria_Slovenian_Littoral_Region.html, /Attractions-g7148805-Activities-Secovlje_Slovenian_Istria_Slovenian_Littoral_Region.html
Škrline waterfalls, None, Nature & Parks, /Attraction_Review-g7148805-d20913929-Reviews-Skrline_waterfalls-Secovlje_Slovenian_Istria_Slovenian_Littoral_Region.html, /Attractions-g7148805-Activities-Secovlje_Slovenian_Istria_Slovenian_Littoral_Region.html
Tandem skydiving, None, Tours, /Attraction_Review-g7148805-d20913992-Reviews-Tandem_skydiving-Secovlje_Slovenian_Istria_Slovenian_Littoral_Region.html, /Attractions-g7148805-Activities-Secovlje_Slovenian_Istria_Slovenian_Littoral_Region.html
