attraction_name, attraction_rate, attraction_type, attraction_url, attraction_parent_url
Krvavec, 4.5, Nature & Parks, /Attraction_Review-g1057700-d593506-Reviews-Krvavec-Cerklje_Upper_Carniola_Region.html, /Attractions-g1057700-Activities-Cerklje_Upper_Carniola_Region.html
Marija Snezna Chapel, None, Sights & Landmarks, /Attraction_Review-g1057700-d19175291-Reviews-Marija_Snezna_Chapel-Cerklje_Upper_Carniola_Region.html, /Attractions-g1057700-Activities-Cerklje_Upper_Carniola_Region.html
Hribar's Villa, None, Sights & Landmarks, /Attraction_Review-g1057700-d19122890-Reviews-Hribar_s_Villa-Cerklje_Upper_Carniola_Region.html, /Attractions-g1057700-Activities-Cerklje_Upper_Carniola_Region.html
Church Of Saint Mary Of The Annunciation And Monastery Velesovo, None, Sights & Landmarks, /Attraction_Review-g1057700-d20361618-Reviews-Church_Of_Saint_Mary_Of_The_Annunciation_And_Monastery_Velesovo-Cerklje_Upper_C.html, /Attractions-g1057700-Activities-Cerklje_Upper_Carniola_Region.html
Borštnik's House, None, Museums, /Attraction_Review-g1057700-d20361130-Reviews-Borstnik_s_House-Cerklje_Upper_Carniola_Region.html, /Attractions-g1057700-Activities-Cerklje_Upper_Carniola_Region.html
