attraction_name, attraction_rate, attraction_type, attraction_url, attraction_parent_url
Kostanjevica Cave, 4.5, Nature & Parks, /Attraction_Review-g4481632-d8545322-Reviews-Kostanjevica_Cave-Kostanjevica_na_Krki_Lower_Carniola_Region.html, /Attractions-g4481632-Activities-Kostanjevica_na_Krki_Lower_Carniola_Region.html
Bozidar Jakac Art Museum, 4.5, Museums, /Attraction_Review-g4481632-d8488721-Reviews-Bozidar_Jakac_Art_Museum-Kostanjevica_na_Krki_Lower_Carniola_Region.html, /Attractions-g4481632-Activities-Kostanjevica_na_Krki_Lower_Carniola_Region.html
TIC Tourist Information Centre Kostanjevica na Krki, 3.5, Traveller Resources, /Attraction_Review-g4481632-d14881043-Reviews-TIC_Tourist_Information_Centre_Kostanjevica_na_Krki-Kostanjevica_na_Krki_Lower_.html, /Attractions-g4481632-Activities-Kostanjevica_na_Krki_Lower_Carniola_Region.html
Lamutov Likovni Salon, 3.0, Museums, /Attraction_Review-g4481632-d14903514-Reviews-Lamutov_Likovni_Salon-Kostanjevica_na_Krki_Lower_Carniola_Region.html, /Attractions-g4481632-Activities-Kostanjevica_na_Krki_Lower_Carniola_Region.html
Cerkev Svetega Nikolaja, None, Sights & Landmarks, /Attraction_Review-g4481632-d20910286-Reviews-Cerkev_Svetega_Nikolaja-Kostanjevica_na_Krki_Lower_Carniola_Region.html, /Attractions-g4481632-Activities-Kostanjevica_na_Krki_Lower_Carniola_Region.html
Romarska cerkev Matere dobrega sveta, None, Sights & Landmarks, /Attraction_Review-g4481632-d20908874-Reviews-Romarska_cerkev_Matere_dobrega_sveta-Kostanjevica_na_Krki_Lower_Carniola_Region.html, /Attractions-g4481632-Activities-Kostanjevica_na_Krki_Lower_Carniola_Region.html
Cerkev Sv. Jakoba, None, Sights & Landmarks, /Attraction_Review-g4481632-d20908879-Reviews-Cerkev_Sv_Jakoba-Kostanjevica_na_Krki_Lower_Carniola_Region.html, /Attractions-g4481632-Activities-Kostanjevica_na_Krki_Lower_Carniola_Region.html
