attraction_name, attraction_rate, attraction_type, attraction_url, attraction_parent_url
Fašun Homestead, None, Sights & Landmarks, /Attraction_Review-g3207627-d21297973-Reviews-Fasun_Homestead-Ljubno_Styria_Region.html, /Attractions-g3207627-Activities-Ljubno_Styria_Region.html
Savina Ski Jumping Center, None, Sights & Landmarks, /Attraction_Review-g3207627-d21297975-Reviews-Savina_Ski_Jumping_Center-Ljubno_Styria_Region.html, /Attractions-g3207627-Activities-Ljubno_Styria_Region.html
TIC Ljubno ob Savinji, None, Traveller Resources, /Attraction_Review-g3207627-d21297956-Reviews-TIC_Ljubno_ob_Savinji-Ljubno_Styria_Region.html, /Attractions-g3207627-Activities-Ljubno_Styria_Region.html
Timber-rafting Collection, None, Museums, /Attraction_Review-g3207627-d21297959-Reviews-Timber_rafting_Collection-Ljubno_Styria_Region.html, /Attractions-g3207627-Activities-Ljubno_Styria_Region.html
Bike Rental, None, Outdoor Activities, /Attraction_Review-g3207627-d21298279-Reviews-Bike_Rental-Ljubno_Styria_Region.html, /Attractions-g3207627-Activities-Ljubno_Styria_Region.html
Smrekovec Ridge, None, Nature & Parks, /Attraction_Review-g3207627-d21314565-Reviews-Smrekovec_Ridge-Ljubno_Styria_Region.html, /Attractions-g3207627-Activities-Ljubno_Styria_Region.html
