attraction_name, attraction_rate, attraction_type, attraction_url, attraction_parent_url
Slovene National Theatre, 5.0, Concerts & Shows, /Attraction_Review-g274874-d12546370-Reviews-Slovene_National_Theatre-Maribor_Styria_Region.html, /Attractions-g274874-Activities-Maribor_Styria_Region.html
St Florian Column, 3.5, Sights & Landmarks, /Attraction_Review-g274874-d12531111-Reviews-St_Florian_Column-Maribor_Styria_Region.html, /Attractions-g274874-Activities-Maribor_Styria_Region.html
Military Museum of Slovenian Armed Forces, 4.0, Museums, /Attraction_Review-g274874-d7248988-Reviews-Military_Museum_of_Slovenian_Armed_Forces-Maribor_Styria_Region.html, /Attractions-g274874-Activities-Maribor_Styria_Region.html
Ramsak Winery, 5.0, Food & Drink, /Attraction_Review-g274874-d8548571-Reviews-Ramsak_Winery-Maribor_Styria_Region.html, /Attractions-g274874-Activities-Maribor_Styria_Region.html
Photo Gallery Tower, 4.0, Museums, /Attraction_Review-g274874-d5890968-Reviews-Photo_Gallery_Tower-Maribor_Styria_Region.html, /Attractions-g274874-Activities-Maribor_Styria_Region.html
Rotovž Town Hall, 4.0, Sights & Landmarks, /Attraction_Review-g274874-d12541834-Reviews-Rotovz_Town_Hall-Maribor_Styria_Region.html, /Attractions-g274874-Activities-Maribor_Styria_Region.html
Slovenska Ulica street, 3.5, Sights & Landmarks, /Attraction_Review-g274874-d12541875-Reviews-Slovenska_Ulica_street-Maribor_Styria_Region.html, /Attractions-g274874-Activities-Maribor_Styria_Region.html
Pekrska Gorca, 4.5, Nature & Parks, /Attraction_Review-g274874-d7952109-Reviews-Pekrska_Gorca-Maribor_Styria_Region.html, /Attractions-g274874-Activities-Maribor_Styria_Region.html
Studenci Footbridge, 4.5, Sights & Landmarks, /Attraction_Review-g274874-d12545810-Reviews-Studenci_Footbridge-Maribor_Styria_Region.html, /Attractions-g274874-Activities-Maribor_Styria_Region.html
Slovenia Post Office, 3.0, Sights & Landmarks, /Attraction_Review-g274874-d12546335-Reviews-Slovenia_Post_Office-Maribor_Styria_Region.html, /Attractions-g274874-Activities-Maribor_Styria_Region.html
Betnava Mansion (Betnavski Dvorec), 3.5, Sights & Landmarks, /Attraction_Review-g274874-d2221244-Reviews-Betnava_Mansion_Betnavski_Dvorec-Maribor_Styria_Region.html, /Attractions-g274874-Activities-Maribor_Styria_Region.html
Stuk, 4.5, Sights & Landmarks, /Attraction_Review-g274874-d10771234-Reviews-Stuk-Maribor_Styria_Region.html, /Attractions-g274874-Activities-Maribor_Styria_Region.html
Lutkovno gledališče Maribor, 4.5, Sights & Landmarks, /Attraction_Review-g274874-d5567102-Reviews-Lutkovno_gledalisce_Maribor-Maribor_Styria_Region.html, /Attractions-g274874-Activities-Maribor_Styria_Region.html
Way of the Cross, 4.0, Sights & Landmarks, /Attraction_Review-g274874-d8602584-Reviews-Way_of_the_Cross-Maribor_Styria_Region.html, /Attractions-g274874-Activities-Maribor_Styria_Region.html
Vodnikov trg, 3.5, Sights & Landmarks, /Attraction_Review-g274874-d15022321-Reviews-Vodnikov_trg-Maribor_Styria_Region.html, /Attractions-g274874-Activities-Maribor_Styria_Region.html
Maister's monument, 3.5, Sights & Landmarks, /Attraction_Review-g274874-d12541867-Reviews-Maister_s_monument-Maribor_Styria_Region.html, /Attractions-g274874-Activities-Maribor_Styria_Region.html
Anton Martin Slomšek Monument, 3.0, Sights & Landmarks, /Attraction_Review-g274874-d12541858-Reviews-Anton_Martin_Slomsek_Monument-Maribor_Styria_Region.html, /Attractions-g274874-Activities-Maribor_Styria_Region.html
Tourist Information Centre Maribor, 3.5, Traveller Resources, /Attraction_Review-g274874-d15020296-Reviews-Tourist_Information_Centre_Maribor-Maribor_Styria_Region.html, /Attractions-g274874-Activities-Maribor_Styria_Region.html
Slomskov Trg, 3.0, Sights & Landmarks, /Attraction_Review-g274874-d12531168-Reviews-Slomskov_Trg-Maribor_Styria_Region.html, /Attractions-g274874-Activities-Maribor_Styria_Region.html
The Leon Štukelj Square, 3.0, Sights & Landmarks, /Attraction_Review-g274874-d12541888-Reviews-The_Leon_Stukelj_Square-Maribor_Styria_Region.html, /Attractions-g274874-Activities-Maribor_Styria_Region.html
Salzburški Dvor Mansion, 4.0, Sights & Landmarks, /Attraction_Review-g274874-d12541885-Reviews-Salzburski_Dvor_Mansion-Maribor_Styria_Region.html, /Attractions-g274874-Activities-Maribor_Styria_Region.html
Henrik Schreiner, 3.0, Sights & Landmarks, /Attraction_Review-g274874-d12543746-Reviews-Henrik_Schreiner-Maribor_Styria_Region.html, /Attractions-g274874-Activities-Maribor_Styria_Region.html
Rectorate of the University of Maribor, 3.5, Sights & Landmarks, /Attraction_Review-g274874-d12543158-Reviews-Rectorate_of_the_University_of_Maribor-Maribor_Styria_Region.html, /Attractions-g274874-Activities-Maribor_Styria_Region.html
Trg generala Maistra square, 3.5, Sights & Landmarks, /Attraction_Review-g274874-d12541881-Reviews-Trg_generala_Maistra_square-Maribor_Styria_Region.html, /Attractions-g274874-Activities-Maribor_Styria_Region.html
Maribor Castle, 5.0, Sights & Landmarks, /Attraction_Review-g274874-d17851321-Reviews-Maribor_Castle-Maribor_Styria_Region.html, /Attractions-g274874-Activities-Maribor_Styria_Region.html
Tito’s Bridge, 2.5, Sights & Landmarks, /Attraction_Review-g274874-d12546322-Reviews-Tito_s_Bridge-Maribor_Styria_Region.html, /Attractions-g274874-Activities-Maribor_Styria_Region.html
Basilica of Our Mother of Mercy, 5.0, Sights & Landmarks, /Attraction_Review-g274874-d17851255-Reviews-Basilica_of_Our_Mother_of_Mercy-Maribor_Styria_Region.html, /Attractions-g274874-Activities-Maribor_Styria_Region.html
Spomenik knezu Koclju - Duke Kocelj Monument, 2.5, Sights & Landmarks, /Attraction_Review-g274874-d12543742-Reviews-Spomenik_knezu_Koclju_Duke_Kocelj_Monument-Maribor_Styria_Region.html, /Attractions-g274874-Activities-Maribor_Styria_Region.html
Josip Jurčič, 2.5, Sights & Landmarks, /Attraction_Review-g274874-d12543743-Reviews-Josip_Jurcic-Maribor_Styria_Region.html, /Attractions-g274874-Activities-Maribor_Styria_Region.html
Aleja velikanov - Avenue of the Greats, 2.5, Sights & Landmarks, /Attraction_Review-g274874-d12543744-Reviews-Aleja_velikanov_Avenue_of_the_Greats-Maribor_Styria_Region.html, /Attractions-g274874-Activities-Maribor_Styria_Region.html
