attraction_name, attraction_rate, attraction_type, attraction_url, attraction_parent_url
Log Pod Mangartom Military Cemetery, 4.5, Sights & Landmarks, /Attraction_Review-g1172740-d6904736-Reviews-Log_Pod_Mangartom_Military_Cemetery-Log_pod_Mangartom_Slovenian_Littoral_Region.html, /Attractions-g1172740-Activities-Log_pod_Mangartom_Slovenian_Littoral_Region.html
Predil Mountain Pass, 4.0, Outdoor Activities, /Attraction_Review-g1172740-d17630119-Reviews-Predil_Mountain_Pass-Log_pod_Mangartom_Slovenian_Littoral_Region.html, /Attractions-g1172740-Activities-Log_pod_Mangartom_Slovenian_Littoral_Region.html
Raft and Roll, 5.0, Boat Tours & Water Sports, /Attraction_Review-g1172740-d8434905-Reviews-Raft_and_Roll-Log_pod_Mangartom_Slovenian_Littoral_Region.html, /Attractions-g1172740-Activities-Log_pod_Mangartom_Slovenian_Littoral_Region.html
Mount Mangart, None, Nature & Parks, /Attraction_Review-g1172740-d21245563-Reviews-Mount_Mangart-Log_pod_Mangartom_Slovenian_Littoral_Region.html, /Attractions-g1172740-Activities-Log_pod_Mangartom_Slovenian_Littoral_Region.html
