attraction_name, attraction_rate, attraction_type, attraction_url, attraction_parent_url
Spodnja Sorica Church of St. Nicholas, 4.0, Sights & Landmarks, /Attraction_Review-g7680589-d10117065-Reviews-Spodnja_Sorica_Church_of_St_Nicholas-Spodnja_Sorica_Upper_Carniola_Region.html, /Attractions-g7680589-Activities-Spodnja_Sorica_Upper_Carniola_Region.html
Ivan Grohar Statue, 3.5, Sights & Landmarks, /Attraction_Review-g7680589-d15213529-Reviews-Ivan_Grohar_Statue-Spodnja_Sorica_Upper_Carniola_Region.html, /Attractions-g7680589-Activities-Spodnja_Sorica_Upper_Carniola_Region.html
Grohar's House - Groharjeva hiša v Sorici, 3.0, Museums, /Attraction_Review-g7680589-d17990820-Reviews-Grohar_s_House_Groharjeva_hisa_v_Sorici-Spodnja_Sorica_Upper_Carniola_Region.html, /Attractions-g7680589-Activities-Spodnja_Sorica_Upper_Carniola_Region.html
Monument to Ivan Grohar in Sorica, None, Sights & Landmarks, /Attraction_Review-g7680589-d17990910-Reviews-Monument_to_Ivan_Grohar_in_Sorica-Spodnja_Sorica_Upper_Carniola_Region.html, /Attractions-g7680589-Activities-Spodnja_Sorica_Upper_Carniola_Region.html
