attraction_name, attraction_rate, attraction_type, attraction_url, attraction_parent_url
Lake Bled, 4.5, Nature & Parks, /Attraction_Review-g274863-d296735-Reviews-Lake_Bled-Bled_Upper_Carniola_Region.html, /Attractions-g274863-Activities-Bled_Upper_Carniola_Region.html
Triglav National Park, 5.0, Nature & Parks, /Attraction_Review-g274863-d276476-Reviews-Triglav_National_Park-Bled_Upper_Carniola_Region.html, /Attractions-g274863-Activities-Bled_Upper_Carniola_Region.html
Bled Island, 4.5, Nature & Parks, /Attraction_Review-g274863-d317378-Reviews-Bled_Island-Bled_Upper_Carniola_Region.html, /Attractions-g274863-Activities-Bled_Upper_Carniola_Region.html
Bled Castle (Blejski Grad), 4.0, Sights & Landmarks, /Attraction_Review-g274863-d300864-Reviews-Bled_Castle_Blejski_Grad-Bled_Upper_Carniola_Region.html, /Attractions-g274863-Activities-Bled_Upper_Carniola_Region.html
Straza Bled, 4.5, Nature & Parks, /Attraction_Review-g274863-d4501625-Reviews-Straza_Bled-Bled_Upper_Carniola_Region.html, /Attractions-g274863-Activities-Bled_Upper_Carniola_Region.html
Mala Osojnica, 5.0, Nature & Parks, /Attraction_Review-g274863-d10241672-Reviews-Mala_Osojnica-Bled_Upper_Carniola_Region.html, /Attractions-g274863-Activities-Bled_Upper_Carniola_Region.html
Ojstrica, 5.0, Sights & Landmarks, /Attraction_Review-g274863-d12863880-Reviews-Ojstrica-Bled_Upper_Carniola_Region.html, /Attractions-g274863-Activities-Bled_Upper_Carniola_Region.html
Church of the Assumption, 4.0, Sights & Landmarks, /Attraction_Review-g274863-d277368-Reviews-Church_of_the_Assumption-Bled_Upper_Carniola_Region.html, /Attractions-g274863-Activities-Bled_Upper_Carniola_Region.html
St. Martin's Parish Church, 4.0, Sights & Landmarks, /Attraction_Review-g274863-d6828171-Reviews-St_Martin_s_Parish_Church-Bled_Upper_Carniola_Region.html, /Attractions-g274863-Activities-Bled_Upper_Carniola_Region.html
Kralov Med, 5.0, Nature & Parks, /Attraction_Review-g274863-d10769823-Reviews-Kralov_Med-Bled_Upper_Carniola_Region.html, /Attractions-g274863-Activities-Bled_Upper_Carniola_Region.html
Visevnik, 4.5, Nature & Parks, /Attraction_Review-g274863-d9743702-Reviews-Visevnik-Bled_Upper_Carniola_Region.html, /Attractions-g274863-Activities-Bled_Upper_Carniola_Region.html
Čolnar - Boatman, 4.5, Sights & Landmarks, /Attraction_Review-g274863-d12543781-Reviews-Colnar_Boatman-Bled_Upper_Carniola_Region.html, /Attractions-g274863-Activities-Bled_Upper_Carniola_Region.html
Dali, 4.0, Museums, /Attraction_Review-g274863-d12121055-Reviews-Dali-Bled_Upper_Carniola_Region.html, /Attractions-g274863-Activities-Bled_Upper_Carniola_Region.html
Zdraviliski Park, 4.0, Nature & Parks, /Attraction_Review-g274863-d14948683-Reviews-Zdraviliski_Park-Bled_Upper_Carniola_Region.html, /Attractions-g274863-Activities-Bled_Upper_Carniola_Region.html
Plaza Bar, 4.0, Food & Drink, /Attraction_Review-g274863-d4261747-Reviews-Plaza_Bar-Bled_Upper_Carniola_Region.html, /Attractions-g274863-Activities-Bled_Upper_Carniola_Region.html
Bled Jezero Railway Station, 4.0, Sights & Landmarks, /Attraction_Review-g274863-d15003941-Reviews-Bled_Jezero_Railway_Station-Bled_Upper_Carniola_Region.html, /Attractions-g274863-Activities-Bled_Upper_Carniola_Region.html
Heart of Bled, 4.0, Sights & Landmarks, /Attraction_Review-g274863-d18993588-Reviews-Heart_of_Bled-Bled_Upper_Carniola_Region.html, /Attractions-g274863-Activities-Bled_Upper_Carniola_Region.html
Huberto Siroka atelje, 5.0, Museums, /Attraction_Review-g274863-d13435379-Reviews-Huberto_Siroka_atelje-Bled_Upper_Carniola_Region.html, /Attractions-g274863-Activities-Bled_Upper_Carniola_Region.html
Turistično Društvo Bled, 4.0, Traveller Resources, /Attraction_Review-g274863-d12861619-Reviews-Turisticno_Drustvo_Bled-Bled_Upper_Carniola_Region.html, /Attractions-g274863-Activities-Bled_Upper_Carniola_Region.html
Sprehajalna Pot Okoli Blejskega Jezera, 5.0, Sights & Landmarks, /Attraction_Review-g274863-d18995320-Reviews-Sprehajalna_Pot_Okoli_Blejskega_Jezera-Bled_Upper_Carniola_Region.html, /Attractions-g274863-Activities-Bled_Upper_Carniola_Region.html
Walking path around Bled Lake, 4.5, Sights & Landmarks, /Attraction_Review-g274863-d19722198-Reviews-Walking_path_around_Bled_Lake-Bled_Upper_Carniola_Region.html, /Attractions-g274863-Activities-Bled_Upper_Carniola_Region.html
Amazing Animals - Čudovite Živali, 5.0, Zoos & Aquariums, /Attraction_Review-g274863-d20142257-Reviews-Amazing_Animals_Cudovite_Zivali-Bled_Upper_Carniola_Region.html, /Attractions-g274863-Activities-Bled_Upper_Carniola_Region.html
Arts And Crafts Fair, 3.0, Shopping, /Attraction_Review-g274863-d8004616-Reviews-Arts_And_Crafts_Fair-Bled_Upper_Carniola_Region.html, /Attractions-g274863-Activities-Bled_Upper_Carniola_Region.html
The Cave Under Babji Zob, 4.5, Nature & Parks, /Attraction_Review-g274864-d7044138-Reviews-The_Cave_Under_Babji_Zob-Bohinjska_Bela_Bled_Upper_Carniola_Region.html, /Attractions-g274863-Activities-Bled_Upper_Carniola_Region.html
Sv. Marija Magdalena, 3.0, Sights & Landmarks, /Attraction_Review-g274863-d12543748-Reviews-Sv_Marija_Magdalena-Bled_Upper_Carniola_Region.html, /Attractions-g274863-Activities-Bled_Upper_Carniola_Region.html
Svetilnik ob cerkvi Matere Bozje, 4.0, Sights & Landmarks, /Attraction_Review-g274863-d18932919-Reviews-Svetilnik_ob_cerkvi_Matere_Bozje-Bled_Upper_Carniola_Region.html, /Attractions-g274863-Activities-Bled_Upper_Carniola_Region.html
Iglica Waterfall, 4.0, Nature & Parks, /Attraction_Review-g274864-d12842673-Reviews-Iglica_Waterfall-Bohinjska_Bela_Bled_Upper_Carniola_Region.html, /Attractions-g274863-Activities-Bled_Upper_Carniola_Region.html
Josip Plemelj, None, Sights & Landmarks, /Attraction_Review-g274863-d12543782-Reviews-Josip_Plemelj-Bled_Upper_Carniola_Region.html, /Attractions-g274863-Activities-Bled_Upper_Carniola_Region.html
Spomenik Adolfu Muhru - Adolf Muhr Monument, None, Sights & Landmarks, /Attraction_Review-g274863-d12543783-Reviews-Spomenik_Adolfu_Muhru_Adolf_Muhr_Monument-Bled_Upper_Carniola_Region.html, /Attractions-g274863-Activities-Bled_Upper_Carniola_Region.html
Mihajlo Idvorski Pupin, None, Sights & Landmarks, /Attraction_Review-g274863-d12543784-Reviews-Mihajlo_Idvorski_Pupin-Bled_Upper_Carniola_Region.html, /Attractions-g274863-Activities-Bled_Upper_Carniola_Region.html
