attraction_name, attraction_rate, attraction_type, attraction_url, attraction_parent_url
Družinski park Stari vrh, 5.0, Fun & Games, /Attraction_Review-g3207619-d13958551-Reviews-Druzinski_park_Stari_vrh-Poljane_nad_Skofjo_Loko_Upper_Carniola_Region.html, /Attractions-g3207619-Activities-Poljane_nad_Skofjo_Loko_Upper_Carniola_Region.html
St. Martin's Church - Poljane, None, Sights & Landmarks, /Attraction_Review-g3207619-d17990954-Reviews-St_Martin_s_Church_Poljane-Poljane_nad_Skofjo_Loko_Upper_Carniola_Region.html, /Attractions-g3207619-Activities-Poljane_nad_Skofjo_Loko_Upper_Carniola_Region.html
Monument to Anton Ažbe, None, Sights & Landmarks, /Attraction_Review-g3207619-d17990898-Reviews-Monument_to_Anton_Azbe-Poljane_nad_Skofjo_Loko_Upper_Carniola_Region.html, /Attractions-g3207619-Activities-Poljane_nad_Skofjo_Loko_Upper_Carniola_Region.html
Šubic House, None, Museums, /Attraction_Review-g3207619-d17990821-Reviews-Subic_House-Poljane_nad_Skofjo_Loko_Upper_Carniola_Region.html, /Attractions-g3207619-Activities-Poljane_nad_Skofjo_Loko_Upper_Carniola_Region.html
