attraction_name, attraction_rate, attraction_type, attraction_url, attraction_parent_url
Tourist Information Center Dolenjske Toplice, 3.5, Traveller Resources, /Attraction_Review-g635652-d14067618-Reviews-Tourist_Information_Center_Dolenjske_Toplice-Dolenjske_Toplice_Lower_Carniola_Re.html, /Attractions-g635652-Activities-Dolenjske_Toplice_Lower_Carniola_Region.html
Dolenjske Toplice, 4.5, Spas & Wellness, /Attraction_Review-g635652-d10240115-Reviews-Dolenjske_Toplice-Dolenjske_Toplice_Lower_Carniola_Region.html, /Attractions-g635652-Activities-Dolenjske_Toplice_Lower_Carniola_Region.html
Berryshka Distillery and Chocolatier, 4.0, Food & Drink, /Attraction_Review-g635652-d10343672-Reviews-Berryshka_Distillery_and_Chocolatier-Dolenjske_Toplice_Lower_Carniola_Region.html, /Attractions-g635652-Activities-Dolenjske_Toplice_Lower_Carniola_Region.html
Sokol Bar, 4.5, Nightlife, /Attraction_Review-g635652-d13998159-Reviews-Sokol_Bar-Dolenjske_Toplice_Lower_Carniola_Region.html, /Attractions-g635652-Activities-Dolenjske_Toplice_Lower_Carniola_Region.html
Rideme, None, Outdoor Activities, /Attraction_Review-g635652-d20481703-Reviews-Rideme-Dolenjske_Toplice_Lower_Carniola_Region.html, /Attractions-g635652-Activities-Dolenjske_Toplice_Lower_Carniola_Region.html
