attraction_name, attraction_rate, attraction_type, attraction_url, attraction_parent_url
Museum Slovenj Gradec, 4.5, Museums, /Attraction_Review-g1887525-d9829051-Reviews-Museum_Slovenj_Gradec-Slovenj_Gradec_Styria_Region.html, /Attractions-g1887525-Activities-Slovenj_Gradec_Styria_Region.html
Church of St. Elizabeth, 4.5, Sights & Landmarks, /Attraction_Review-g1887525-d9842514-Reviews-Church_of_St_Elizabeth-Slovenj_Gradec_Styria_Region.html, /Attractions-g1887525-Activities-Slovenj_Gradec_Styria_Region.html
Rojstna Hiša Huga Wolfa Slovenj Gradec, 4.0, Museums, /Attraction_Review-g1887525-d9829173-Reviews-Rojstna_Hisa_Huga_Wolfa_Slovenj_Gradec-Slovenj_Gradec_Styria_Region.html, /Attractions-g1887525-Activities-Slovenj_Gradec_Styria_Region.html
KGLU - Carinthian Gallery of Fine Arts, 5.0, Museums, /Attraction_Review-g1887525-d15619628-Reviews-KGLU_Carinthian_Gallery_of_Fine_Arts-Slovenj_Gradec_Styria_Region.html, /Attractions-g1887525-Activities-Slovenj_Gradec_Styria_Region.html
Slovenj Gradec Tourist Information Center, 4.0, Traveller Resources, /Attraction_Review-g1887525-d15201156-Reviews-Slovenj_Gradec_Tourist_Information_Center-Slovenj_Gradec_Styria_Region.html, /Attractions-g1887525-Activities-Slovenj_Gradec_Styria_Region.html
Church of Holy Spirit, 4.0, Sights & Landmarks, /Attraction_Review-g1887525-d12610508-Reviews-Church_of_Holy_Spirit-Slovenj_Gradec_Styria_Region.html, /Attractions-g1887525-Activities-Slovenj_Gradec_Styria_Region.html
Honey Heaven - Perger 1757, 5.0, Shopping, /Attraction_Review-g1887525-d7622464-Reviews-Honey_Heaven_Perger_1757-Slovenj_Gradec_Styria_Region.html, /Attractions-g1887525-Activities-Slovenj_Gradec_Styria_Region.html
Escape Room Enigmarium, 4.5, Fun & Games, /Attraction_Review-g1887525-d15351761-Reviews-Escape_Room_Enigmarium-Slovenj_Gradec_Styria_Region.html, /Attractions-g1887525-Activities-Slovenj_Gradec_Styria_Region.html
Lepota Oblike Lidija Smolar s.p., 5.0, Shopping, /Attraction_Review-g1887525-d17785511-Reviews-Lepota_Oblike_Lidija_Smolar_s_p-Slovenj_Gradec_Styria_Region.html, /Attractions-g1887525-Activities-Slovenj_Gradec_Styria_Region.html
Church of St. George, None, Sights & Landmarks, /Attraction_Review-g1887525-d19114778-Reviews-Church_of_St_George-Slovenj_Gradec_Styria_Region.html, /Attractions-g1887525-Activities-Slovenj_Gradec_Styria_Region.html
