attraction_name, attraction_rate, attraction_type, attraction_url, attraction_parent_url
Vintgar Gorge, 4.5, Nature & Parks, /Attraction_Review-g1870874-d519724-Reviews-Vintgar_Gorge-Zgornje_Gorje_Upper_Carniola_Region.html, /Attractions-g1870874-Activities-Zgornje_Gorje_Upper_Carniola_Region.html
Lake Kreda, 5.0, Nature & Parks, /Attraction_Review-g1870874-d14971681-Reviews-Lake_Kreda-Zgornje_Gorje_Upper_Carniola_Region.html, /Attractions-g1870874-Activities-Zgornje_Gorje_Upper_Carniola_Region.html
Kmetija Pr' Kolenc, 4.5, Sights & Landmarks, /Attraction_Review-g1870874-d8661032-Reviews-Kmetija_Pr_Kolenc-Zgornje_Gorje_Upper_Carniola_Region.html, /Attractions-g1870874-Activities-Zgornje_Gorje_Upper_Carniola_Region.html
Four Seasons Travel - Day Tours, 5.0, Tours, /Attraction_Review-g1870874-d6874190-Reviews-Four_Seasons_Travel_Day_Tours-Zgornje_Gorje_Upper_Carniola_Region.html, /Attractions-g1870874-Activities-Zgornje_Gorje_Upper_Carniola_Region.html
Vrt okusov /Garden of tastes, None, Nature & Parks, /Attraction_Review-g1870874-d20997809-Reviews-Vrt_okusov_Garden_of_tastes-Zgornje_Gorje_Upper_Carniola_Region.html, /Attractions-g1870874-Activities-Zgornje_Gorje_Upper_Carniola_Region.html
Mezakla Plateau, None, Nature & Parks, /Attraction_Review-g1870874-d21362354-Reviews-Mezakla_Plateau-Zgornje_Gorje_Upper_Carniola_Region.html, /Attractions-g1870874-Activities-Zgornje_Gorje_Upper_Carniola_Region.html
Church Of St Nicholas, None, Sights & Landmarks, /Attraction_Review-g1870874-d21362415-Reviews-Church_Of_St_Nicholas-Zgornje_Gorje_Upper_Carniola_Region.html, /Attractions-g1870874-Activities-Zgornje_Gorje_Upper_Carniola_Region.html
Church of St George, None, Sights & Landmarks, /Attraction_Review-g1870874-d21363163-Reviews-Church_of_St_George-Zgornje_Gorje_Upper_Carniola_Region.html, /Attractions-g1870874-Activities-Zgornje_Gorje_Upper_Carniola_Region.html
