attraction_name, attraction_rate, attraction_type, attraction_url, attraction_parent_url
OLIMPIJCI IZ ČRNE NA KOROŠKEM/Olympians from Črna na Koroškem, 5.0, Museums, /Attraction_Review-g1887526-d11849033-Reviews-OLIMPIJCI_IZ_CRNE_NA_KOROSKEM_Olympians_from_Crna_na_Koroskem-Crna_na_Koroskem_.html, /Attractions-g1887526-Activities-Crna_na_Koroskem_Carinthia_Region.html
Dvorec Ravne, 5.0, Sights & Landmarks, /Attraction_Review-g1887526-d12861564-Reviews-Dvorec_Ravne-Crna_na_Koroskem_Carinthia_Region.html, /Attractions-g1887526-Activities-Crna_na_Koroskem_Carinthia_Region.html
Plecnik Monument, 4.5, Sights & Landmarks, /Attraction_Review-g1887526-d11893975-Reviews-Plecnik_Monument-Crna_na_Koroskem_Carinthia_Region.html, /Attractions-g1887526-Activities-Crna_na_Koroskem_Carinthia_Region.html
Ridgeline Trails, 5.0, Tours, /Attraction_Review-g1887526-d16669252-Reviews-Ridgeline_Trails-Crna_na_Koroskem_Carinthia_Region.html, /Attractions-g1887526-Activities-Crna_na_Koroskem_Carinthia_Region.html
Olimpline, None, Tours, /Attraction_Review-g1887526-d21178816-Reviews-Olimpline-Crna_na_Koroskem_Carinthia_Region.html, /Attractions-g1887526-Activities-Crna_na_Koroskem_Carinthia_Region.html
