attraction_name, attraction_rate, attraction_type, attraction_url, attraction_parent_url
Neskova brv, 4.0, Sights & Landmarks, /Attraction_Review-g4555747-d15221660-Reviews-Neskova_brv-Gorenja_Vas_Upper_Carniola_Region.html, /Attractions-g4555747-Activities-Gorenja_Vas_Upper_Carniola_Region.html
Zupnijska Cerkev Spreobrnitve sv. Pavla, 4.0, Sights & Landmarks, /Attraction_Review-g4555747-d15221319-Reviews-Zupnijska_Cerkev_Spreobrnitve_sv_Pavla-Gorenja_Vas_Upper_Carniola_Region.html, /Attractions-g4555747-Activities-Gorenja_Vas_Upper_Carniola_Region.html
Church of St. John the Baptist - Cerkev Mučeništva Janeza Krstnika, None, Sights & Landmarks, /Attraction_Review-g4555747-d17990929-Reviews-Church_of_St_John_the_Baptist_Cerkev_Mucenistva_Janeza_Krstnika-Gorenja_Vas_Upp.html, /Attractions-g4555747-Activities-Gorenja_Vas_Upper_Carniola_Region.html
Fountain Of Love, None, Sights & Landmarks, /Attraction_Review-g4555747-d18114442-Reviews-Fountain_Of_Love-Gorenja_Vas_Upper_Carniola_Region.html, /Attractions-g4555747-Activities-Gorenja_Vas_Upper_Carniola_Region.html
Nesk's Footbridge, None, Sights & Landmarks, /Attraction_Review-g4555747-d18114380-Reviews-Nesk_s_Footbridge-Gorenja_Vas_Upper_Carniola_Region.html, /Attractions-g4555747-Activities-Gorenja_Vas_Upper_Carniola_Region.html
Fortun's Mill, None, Sights & Landmarks, /Attraction_Review-g4555747-d17990886-Reviews-Fortun_s_Mill-Gorenja_Vas_Upper_Carniola_Region.html, /Attractions-g4555747-Activities-Gorenja_Vas_Upper_Carniola_Region.html
The Karlov Mill, None, Sights & Landmarks, /Attraction_Review-g4555747-d17990894-Reviews-The_Karlov_Mill-Gorenja_Vas_Upper_Carniola_Region.html, /Attractions-g4555747-Activities-Gorenja_Vas_Upper_Carniola_Region.html
