attraction_name, attraction_rate, attraction_type, attraction_url, attraction_parent_url
CDP MIJAKS, None, Other, /Attraction_Review-g274873-d17766955-Reviews-CDP_MIJAKS-Ljubljana_Upper_Carniola_Region.html, /Attractions-g274873-Activities-Ljubljana_Upper_Carniola_Region.html
Bamberg House, None, Sights & Landmarks, /Attraction_Review-g274873-d17766960-Reviews-Bamberg_House-Ljubljana_Upper_Carniola_Region.html, /Attractions-g274873-Activities-Ljubljana_Upper_Carniola_Region.html
Cerkev Sv. Mihaela, None, Sights & Landmarks, /Attraction_Review-g274873-d17479246-Reviews-Cerkev_Sv_Mihaela-Ljubljana_Upper_Carniola_Region.html, /Attractions-g274873-Activities-Ljubljana_Upper_Carniola_Region.html
Visconti Fine Art, None, Museums, /Attraction_Review-g274873-d20346285-Reviews-Visconti_Fine_Art-Ljubljana_Upper_Carniola_Region.html, /Attractions-g274873-Activities-Ljubljana_Upper_Carniola_Region.html
Finnes Art, None, Museums, /Attraction_Review-g274873-d19752647-Reviews-Finnes_Art-Ljubljana_Upper_Carniola_Region.html, /Attractions-g274873-Activities-Ljubljana_Upper_Carniola_Region.html
Boat Frog, None, Transportation, /Attraction_Review-g274873-d19269922-Reviews-Boat_Frog-Ljubljana_Upper_Carniola_Region.html, /Attractions-g274873-Activities-Ljubljana_Upper_Carniola_Region.html
Iški vintgar, None, Nature & Parks, /Attraction_Review-g274873-d15811846-Reviews-Iski_vintgar-Ljubljana_Upper_Carniola_Region.html, /Attractions-g274873-Activities-Ljubljana_Upper_Carniola_Region.html
