attraction_name, attraction_rate, attraction_type, attraction_url, attraction_parent_url
Grad Žovnek, 4.0, Sights & Landmarks, /Attraction_Review-g13345753-d14998089-Reviews-Grad_Zovnek-Braslovce_Styria_Region.html, /Attractions-g13345753-Activities-Braslovce_Styria_Region.html
Žovneško jezero, None, Nature & Parks, /Attraction_Review-g13345753-d14998084-Reviews-Zovnesko_jezero-Braslovce_Styria_Region.html, /Attractions-g13345753-Activities-Braslovce_Styria_Region.html
Presersko Jezero, None, Nature & Parks, /Attraction_Review-g13345753-d14998083-Reviews-Presersko_Jezero-Braslovce_Styria_Region.html, /Attractions-g13345753-Activities-Braslovce_Styria_Region.html
Grajska vas, None, Sights & Landmarks, /Attraction_Review-g13345753-d14998093-Reviews-Grajska_vas-Braslovce_Styria_Region.html, /Attractions-g13345753-Activities-Braslovce_Styria_Region.html
Braslovsko Jezero, None, Nature & Parks, /Attraction_Review-g13345753-d14998077-Reviews-Braslovsko_Jezero-Braslovce_Styria_Region.html, /Attractions-g13345753-Activities-Braslovce_Styria_Region.html
Trg Braslovče, None, Sights & Landmarks, /Attraction_Review-g13345753-d14998094-Reviews-Trg_Braslovce-Braslovce_Styria_Region.html, /Attractions-g13345753-Activities-Braslovce_Styria_Region.html
