province_name, region_name, province_url
Marudo attractions, Province of Lodi, /Attractions-g2426306-Activities-Marudo_Province_of_Lodi_Lombardy.html
Sesto Cremonese attractions, Province of Cremona, /Attractions-g15664412-Activities-Sesto_Cremonese_Province_of_Cremona_Lombardy.html
Bieno attractions, Province of Trento, /Attractions-g3442123-Activities-Bieno_Province_of_Trento_Trentino_Alto_Adige.html
Mione attractions, Province of Udine, /Attractions-g2213409-Activities-Mione_Province_of_Udine_Friuli_Venezia_Giulia.html
Covo attractions, Province of Bergamo, /Attractions-g2213408-Activities-Covo_Province_of_Bergamo_Lombardy.html
Sambucetole attractions, Province of Terni, /Attractions-g1803785-Activities-Sambucetole_Province_of_Terni_Umbria.html
Belmonte Castello attractions, Province of Frosinone, /Attractions-g5555788-Activities-Belmonte_Castello_Province_of_Frosinone_Lazio.html
Roverchiara attractions, Province of Verona, /Attractions-g2213393-Activities-Roverchiara_Province_of_Verona_Veneto.html
Cremignane attractions, Province of Brescia, /Attractions-g3393140-Activities-Cremignane_Province_of_Brescia_Lombardy.html
Marina di Caronia attractions, Province of Messina, /Attractions-g18188151-Activities-Marina_di_Caronia_Province_of_Messina_Sicily.html
Massimino attractions, Province of Savona, /Attractions-g3393118-Activities-Massimino_Province_of_Savona_Liguria.html
Longostagno attractions, Province of South Tyrol, /Attractions-g6440469-Activities-Longostagno_Province_of_South_Tyrol_Trentino_Alto_Adige.html
Vallenzona attractions, Province of Genoa, /Attractions-g20809645-Activities-Vallenzona_Province_of_Genoa_Liguria.html
Marmora attractions, Province of Cuneo, /Attractions-g1410694-Activities-Marmora_Province_of_Cuneo_Piedmont.html
Piova Massaia attractions, Province of Asti, /Attractions-g10061372-Activities-Piova_Massaia_Province_of_Asti_Piedmont.html
Valle E Castello attractions, Province of Macerata, /Attractions-g15107669-Activities-Valle_E_Castello_Province_of_Macerata_Marche.html
Melicucco attractions, Province of Reggio Calabria, /Attractions-g3606154-Activities-Melicucco_Province_of_Reggio_Calabria_Calabria.html
Trontano attractions, Province of Verbano-Cusio-Ossola, /Attractions-g2147997-Activities-Trontano_Province_of_Verbano_Cusio_Ossola_Piedmont.html
Barbania attractions, Province of Turin, /Attractions-g21301150-Activities-Barbania_Province_of_Turin_Piedmont.html
Castelspina attractions, Province of Alessandria, /Attractions-g19728332-Activities-Castelspina_Province_of_Alessandria_Piedmont.html
San Cristoforo attractions, Province of Alessandria, /Attractions-g3720923-Activities-San_Cristoforo_Province_of_Alessandria_Piedmont.html
Caltrano attractions, Province of Vicenza, /Attractions-g3720926-Activities-Caltrano_Province_of_Vicenza_Veneto.html
Ficuzza attractions, Province of Palermo, /Attractions-g968421-Activities-Ficuzza_Province_of_Palermo_Sicily.html
Boschi attractions, Province of Turin, /Attractions-g21301161-Activities-Boschi_Province_of_Turin_Piedmont.html
Jovencan attractions, Valle d'Aosta, /Attractions-g1509112-Activities-Jovencan_Valle_d_Aosta.html
Rezzonico attractions, Lake Como, /Attractions-g1918697-Activities-Rezzonico_Lake_Como_Lombardy.html
Allein attractions, Valle d'Aosta, /Attractions-g7931525-Activities-Allein_Valle_d_Aosta.html
Trausella attractions, Province of Turin, /Attractions-g2279210-Activities-Trausella_Province_of_Turin_Piedmont.html
Ottana attractions, Province of Nuoro, /Attractions-g2295596-Activities-Ottana_Province_of_Nuoro_Sardinia.html
Mirabello Sannitico attractions, Province of Campobasso, /Attractions-g4474724-Activities-Mirabello_Sannitico_Province_of_Campobasso_Molise.html
Berga attractions, Province of Alessandria, /Attractions-g21333629-Activities-Berga_Province_of_Alessandria_Piedmont.html
Collegiove attractions, Province of Rieti, /Attractions-g15271815-Activities-Collegiove_Province_of_Rieti_Lazio.html
Salza di Pinerolo attractions, Province of Turin, /Attractions-g4474820-Activities-Salza_di_Pinerolo_Province_of_Turin_Piedmont.html
Santopadre attractions, Province of Frosinone, /Attractions-g3475378-Activities-Santopadre_Province_of_Frosinone_Lazio.html
Monasterolo Casotto attractions, Province of Cuneo, /Attractions-g20154017-Activities-Monasterolo_Casotto_Province_of_Cuneo_Piedmont.html
Isca sullo Ionio attractions, Province of Catanzaro, /Attractions-g1918853-Activities-Isca_sullo_Ionio_Province_of_Catanzaro_Calabria.html
Isca Marina attractions, Province of Catanzaro, /Attractions-g1918852-Activities-Isca_Marina_Province_of_Catanzaro_Calabria.html
Formigara attractions, Province of Cremona, /Attractions-g17696400-Activities-Formigara_Province_of_Cremona_Lombardy.html
Grisi attractions, Province of Palermo, /Attractions-g1673143-Activities-Grisi_Province_of_Palermo_Sicily.html
San Bartolomeo attractions, Province of Treviso, /Attractions-g1918887-Activities-San_Bartolomeo_Province_of_Treviso_Veneto.html
Conca Casale attractions, Province of Isernia, /Attractions-g7161775-Activities-Conca_Casale_Province_of_Isernia_Molise.html
Giais attractions, Province of Pordenone, /Attractions-g21087903-Activities-Giais_Province_of_Pordenone_Friuli_Venezia_Giulia.html
Cartasegna attractions, Province of Alessandria, /Attractions-g21333667-Activities-Cartasegna_Province_of_Alessandria_Piedmont.html
Cologna-Gavazzo Nuova attractions, Province of Trento, /Attractions-g19941081-Activities-Cologna_Gavazzo_Nuova_Province_of_Trento_Trentino_Alto_Adige.html
Divignano attractions, Province of Novara, /Attractions-g2050031-Activities-Divignano_Province_of_Novara_Piedmont.html
Calamonaci attractions, Province of Agrigento, /Attractions-g15042791-Activities-Calamonaci_Province_of_Agrigento_Sicily.html
Vestreno attractions, Province of Lecco, /Attractions-g3246132-Activities-Vestreno_Province_of_Lecco_Lombardy.html
Piea attractions, Province of Asti, /Attractions-g3213368-Activities-Piea_Province_of_Asti_Piedmont.html
Redivo - Valle attractions, Province of Bergamo, /Attractions-g19089722-Activities-Redivo_Valle_Province_of_Bergamo_Lombardy.html
San Genesio ed Uniti attractions, Province of Pavia, /Attractions-g1574970-Activities-San_Genesio_ed_Uniti_Province_of_Pavia_Lombardy.html
