province_name, region_name, province_url
Sambuca attractions, Province of Florence, /Attractions-g4586011-Activities-Sambuca_Tuscany.html
Visano attractions, Province of Brescia, /Attractions-g5978681-Activities-Visano_Province_of_Brescia_Lombardy.html
Tarano attractions, Province of Rieti, /Attractions-g1587835-Activities-Tarano_Province_of_Rieti_Lazio.html
Portico di Caserta attractions, Province of Caserta, /Attractions-g12941999-Activities-Portico_di_Caserta_Province_of_Caserta_Campania.html
Roccapalumba attractions, Province of Palermo, /Attractions-g2046579-Activities-Roccapalumba_Province_of_Palermo_Sicily.html
Lodine attractions, Province of Nuoro, /Attractions-g11959002-Activities-Lodine_Province_of_Nuoro_Sardinia.html
San Piero a Grado attractions, Province of Pisa, /Attractions-g4274732-Activities-San_Piero_a_Grado_Province_of_Pisa_Tuscany.html
San Giacomo delle Segnate attractions, Province of Mantua, /Attractions-g8600307-Activities-San_Giacomo_delle_Segnate_Province_of_Mantua_Lombardy.html
Civitella Marittima attractions, Province of Grosseto, /Attractions-g1210983-Activities-Civitella_Marittima_Province_of_Grosseto_Tuscany.html
Sant'Angelo a Scala attractions, Province of Avellino, /Attractions-g21298130-Activities-Sant_Angelo_a_Scala_Province_of_Avellino_Campania.html
Monticello Amiata attractions, Province of Grosseto, /Attractions-g2292415-Activities-Monticello_Amiata_Province_of_Grosseto_Tuscany.html
Cercenasco attractions, Province of Turin, /Attractions-g2144900-Activities-Cercenasco_Province_of_Turin_Piedmont.html
Vallemaio attractions, Province of Frosinone, /Attractions-g13548137-Activities-Vallemaio_Province_of_Frosinone_Lazio.html
Paderna attractions, Province of Alessandria, /Attractions-g2161291-Activities-Paderna_Province_of_Alessandria_Piedmont.html
Irma attractions, Province of Brescia, /Attractions-g5602041-Activities-Irma_Province_of_Brescia_Lombardy.html
San Mango attractions, Province of Salerno, /Attractions-g8518208-Activities-San_Mango_Province_of_Salerno_Campania.html
Villafalletto attractions, Province of Cuneo, /Attractions-g2292462-Activities-Villafalletto_Province_of_Cuneo_Piedmont.html
Rhemes Saint Georges attractions, Valle d'Aosta, /Attractions-g3832557-Activities-Rhemes_Saint_Georges_Valle_d_Aosta.html
Pavana attractions, Province of Pistoia, /Attractions-g2308860-Activities-Pavana_Province_of_Pistoia_Tuscany.html
Cavargna attractions, Province of Como, /Attractions-g5503667-Activities-Cavargna_Province_of_Como_Lombardy.html
Finale attractions, Province of Palermo, /Attractions-g3160797-Activities-Finale_Province_of_Palermo_Sicily.html
Torbe di Negrar attractions, Province of Verona, /Attractions-g2357968-Activities-Torbe_di_Negrar_Province_of_Verona_Veneto.html
Maiolo attractions, Province of Rimini, /Attractions-g2358055-Activities-Maiolo_Province_of_Rimini_Emilia_Romagna.html
Avolasio attractions, Province of Bergamo, /Attractions-g20920846-Activities-Avolasio_Province_of_Bergamo_Lombardy.html
Strembo attractions, Province of Trento, /Attractions-g4832117-Activities-Strembo_Province_of_Trento_Trentino_Alto_Adige.html
Tragliatella attractions, Province of Rome, /Attractions-g2358046-Activities-Tragliatella_Province_of_Rome_Lazio.html
Nibbia attractions, Province of Novara, /Attractions-g2308963-Activities-Nibbia_Province_of_Novara_Piedmont.html
Cavoretto attractions, Province of Turin, /Attractions-g2440032-Activities-Cavoretto_Province_of_Turin_Piedmont.html
Campotto attractions, Province of Ferrara, /Attractions-g2440041-Activities-Campotto_Province_of_Ferrara_Emilia_Romagna.html
Dosso del Liro attractions, Lake Como, /Attractions-g12418034-Activities-Dosso_del_Liro_Lake_Como_Lombardy.html
Lago Patria attractions, Province of Naples, /Attractions-g2440052-Activities-Lago_Patria_Province_of_Naples_Campania.html
Borgoratto Mormorolo attractions, Province of Pavia, /Attractions-g2620278-Activities-Borgoratto_Mormorolo_Province_of_Pavia_Lombardy.html
Milzano attractions, Province of Brescia, /Attractions-g7142207-Activities-Milzano_Province_of_Brescia_Lombardy.html
Gallodoro attractions, Province of Messina, /Attractions-g4832023-Activities-Gallodoro_Province_of_Messina_Sicily.html
Beregazzo con Figliaro attractions, Province of Como, /Attractions-g4586272-Activities-Beregazzo_con_Figliaro_Province_of_Como_Lombardy.html
Baragazza attractions, Province of Bologna, /Attractions-g2440023-Activities-Baragazza_Province_of_Bologna_Emilia_Romagna.html
Trenta attractions, Province of Cosenza, /Attractions-g3488578-Activities-Trenta_Province_of_Cosenza_Calabria.html
Cressogno attractions, Province of Como, /Attractions-g2440030-Activities-Cressogno_Province_of_Como_Lombardy.html
Palagano attractions, Province of Modena, /Attractions-g2620314-Activities-Palagano_Province_of_Modena_Emilia_Romagna.html
Mara attractions, Province of Sassari, /Attractions-g7158699-Activities-Mara_Province_of_Sassari_Sardinia.html
Isola San Michele attractions, City of Venice, /Attractions-g4127715-Activities-Isola_San_Michele_Veneto.html
Luogosano attractions, Province of Avellino, /Attractions-g8387708-Activities-Luogosano_Province_of_Avellino_Campania.html
Carfizzi attractions, Province of Crotone, /Attractions-g21183813-Activities-Carfizzi_Province_of_Crotone_Calabria.html
Gherghenzano attractions, Province of Bologna, /Attractions-g12123300-Activities-Gherghenzano_Province_of_Bologna_Emilia_Romagna.html
Gorgona Scalo attractions, Province of Livorno, /Attractions-g17792346-Activities-Gorgona_Scalo_Province_of_Livorno_Tuscany.html
Santo Stefano del Sole attractions, Province of Avellino, /Attractions-g2358435-Activities-Santo_Stefano_del_Sole_Province_of_Avellino_Campania.html
Colle d'Anchise attractions, Province of Campobasso, /Attractions-g1408150-Activities-Colle_d_Anchise_Province_of_Campobasso_Molise.html
Romanengo attractions, Province of Cremona, /Attractions-g2358438-Activities-Romanengo_Province_of_Cremona_Lombardy.html
Nibbiaia attractions, Province of Livorno, /Attractions-g1195196-Activities-Nibbiaia_Province_of_Livorno_Tuscany.html
Rivarone attractions, Province of Alessandria, /Attractions-g2669714-Activities-Rivarone_Province_of_Alessandria_Piedmont.html
