province_name, region_name, province_url
Sedini attractions, Province of Sassari, /Attractions-g3134538-Activities-Sedini_Province_of_Sassari_Sardinia.html
Gratteri attractions, Province of Palermo, /Attractions-g1463398-Activities-Gratteri_Province_of_Palermo_Sicily.html
Castelpetroso attractions, Province of Isernia, /Attractions-g775310-Activities-Castelpetroso_Province_of_Isernia_Molise.html
Torrebruna attractions, Province of Chieti, /Attractions-g10359819-Activities-Torrebruna_Province_of_Chieti_Abruzzo.html
Prato allo Stelvio attractions, Province of South Tyrol, /Attractions-g644268-Activities-Prato_allo_Stelvio_Province_of_South_Tyrol_Trentino_Alto_Adige.html
Rivodutri attractions, Province of Rieti, /Attractions-g1643734-Activities-Rivodutri_Province_of_Rieti_Lazio.html
Oriolo Romano attractions, Province of Viterbo, /Attractions-g2168115-Activities-Oriolo_Romano_Province_of_Viterbo_Lazio.html
Vedano al Lambro attractions, Province of Monza and Brianza, /Attractions-g1643836-Activities-Vedano_al_Lambro_Province_of_Monza_and_Brianza_Lombardy.html
Robbio attractions, Province of Pavia, /Attractions-g1643824-Activities-Robbio_Province_of_Pavia_Lombardy.html
Mede attractions, Province of Pavia, /Attractions-g1643826-Activities-Mede_Province_of_Pavia_Lombardy.html
San Vito attractions, Province of Cagliari, /Attractions-g677295-Activities-San_Vito_Province_of_Cagliari_Sardinia.html
Vallecrosia attractions, Italian Riviera, /Attractions-g2200973-Activities-Vallecrosia_Italian_Riviera_Liguria.html
Priolo Gargallo attractions, Province of Syracuse, /Attractions-g1643958-Activities-Priolo_Gargallo_Province_of_Syracuse_Sicily.html
Romans d'Isonzo attractions, Province of Gorizia, /Attractions-g2282902-Activities-Romans_d_Isonzo_Province_of_Gorizia_Friuli_Venezia_Giulia.html
Castel San Giorgio attractions, Province of Salerno, /Attractions-g1643992-Activities-Castel_San_Giorgio_Province_of_Salerno_Campania.html
Lomello attractions, Province of Pavia, /Attractions-g2627023-Activities-Lomello_Province_of_Pavia_Lombardy.html
Sant'Egidio del Monte Albino attractions, Province of Salerno, /Attractions-g1644006-Activities-Sant_Egidio_del_Monte_Albino_Province_of_Salerno_Campania.html
Vestenanova attractions, Province of Verona, /Attractions-g12130033-Activities-Vestenanova_Province_of_Verona_Veneto.html
Castions di Strada attractions, Province of Udine, /Attractions-g2152071-Activities-Castions_di_Strada_Province_of_Udine_Friuli_Venezia_Giulia.html
Cassola attractions, Province of Vicenza, /Attractions-g2135831-Activities-Cassola_Province_of_Vicenza_Veneto.html
Fubine attractions, Province of Alessandria, /Attractions-g3135333-Activities-Fubine_Province_of_Alessandria_Piedmont.html
Contessa Entellina attractions, Province of Palermo, /Attractions-g2578255-Activities-Contessa_Entellina_Province_of_Palermo_Sicily.html
Moncrivello attractions, Province of Vercelli, /Attractions-g6772495-Activities-Moncrivello_Province_of_Vercelli_Piedmont.html
Gressoney Saint Jean attractions, Valle d'Aosta, /Attractions-g1054604-Activities-Gressoney_Saint_Jean_Valle_d_Aosta.html
Subbiano attractions, Province of Arezzo, /Attractions-g939983-Activities-Subbiano_Province_of_Arezzo_Tuscany.html
Bellinzago Lombardo attractions, Province of Milan, /Attractions-g1955792-Activities-Bellinzago_Lombardo_Province_of_Milan_Lombardy.html
Pedavena attractions, Province of Belluno, /Attractions-g776154-Activities-Pedavena_Province_of_Belluno_Veneto.html
Fosso attractions, Province of Venice, /Attractions-g1054671-Activities-Fosso_Veneto.html
Gozzano attractions, Province of Novara, /Attractions-g1447958-Activities-Gozzano_Province_of_Novara_Piedmont.html
Bisignano attractions, Province of Cosenza, /Attractions-g1857563-Activities-Bisignano_Province_of_Cosenza_Calabria.html
Angolo Terme attractions, Province of Brescia, /Attractions-g2201620-Activities-Angolo_Terme_Province_of_Brescia_Lombardy.html
Cupello attractions, Province of Chieti, /Attractions-g1382493-Activities-Cupello_Province_of_Chieti_Abruzzo.html
Bocchigliero attractions, Province of Cosenza, /Attractions-g7067706-Activities-Bocchigliero_Province_of_Cosenza_Calabria.html
Ora attractions, Province of South Tyrol, /Attractions-g612438-Activities-Ora_Province_of_South_Tyrol_Trentino_Alto_Adige.html
Segusino attractions, Province of Treviso, /Attractions-g3479640-Activities-Segusino_Province_of_Treviso_Veneto.html
Povegliano Veronese attractions, Province of Verona, /Attractions-g2299981-Activities-Povegliano_Veronese_Province_of_Verona_Veneto.html
Sant'Egidio alla Vibrata attractions, Province of Teramo, /Attractions-g1841298-Activities-Sant_Egidio_alla_Vibrata_Province_of_Teramo_Abruzzo.html
Santa Lucia del Mela attractions, Province of Messina, /Attractions-g1218698-Activities-Santa_Lucia_del_Mela_Province_of_Messina_Sicily.html
Parete attractions, Province of Caserta, /Attractions-g3479776-Activities-Parete_Province_of_Caserta_Campania.html
Oliveri attractions, Province of Messina, /Attractions-g1186036-Activities-Oliveri_Province_of_Messina_Sicily.html
Fontainemore attractions, Valle d'Aosta, /Attractions-g6920563-Activities-Fontainemore_Valle_d_Aosta.html
Edolo attractions, Province of Brescia, /Attractions-g2005249-Activities-Edolo_Province_of_Brescia_Lombardy.html
Bogliasco attractions, Italian Riviera, /Attractions-g678225-Activities-Bogliasco_Italian_Riviera_Liguria.html
Belcastro attractions, Province of Catanzaro, /Attractions-g1972594-Activities-Belcastro_Province_of_Catanzaro_Calabria.html
Concesio attractions, Province of Brescia, /Attractions-g1972578-Activities-Concesio_Province_of_Brescia_Lombardy.html
Tossicia attractions, Province of Teramo, /Attractions-g2398640-Activities-Tossicia_Province_of_Teramo_Abruzzo.html
Nocciano attractions, Province of Pescara, /Attractions-g3463646-Activities-Nocciano_Province_of_Pescara_Abruzzo.html
Cadelbosco di Sopra attractions, Province of Reggio Emilia, /Attractions-g1235454-Activities-Cadelbosco_di_Sopra_Province_of_Reggio_Emilia_Emilia_Romagna.html
Montegabbione attractions, Province of Terni, /Attractions-g1006066-Activities-Montegabbione_Province_of_Terni_Umbria.html
Romano Canavese attractions, Province of Turin, /Attractions-g1055354-Activities-Romano_Canavese_Province_of_Turin_Piedmont.html
