province_name, region_name, province_url
San Giorgio Albanese attractions, Province of Cosenza, /Attractions-g8111091-Activities-San_Giorgio_Albanese_Province_of_Cosenza_Calabria.html
Sant'Elena attractions, Province of Padua, /Attractions-g4424659-Activities-Sant_Elena_Province_of_Padua_Veneto.html
Sant'Urbano attractions, Province of Padua, /Attractions-g3490710-Activities-Sant_Urbano_Province_of_Padua_Veneto.html
San Salvatore di Fitalia attractions, Province of Messina, /Attractions-g4260847-Activities-San_Salvatore_di_Fitalia_Province_of_Messina_Sicily.html
San Giorgio di Perlena attractions, Province of Vicenza, /Attractions-g3490696-Activities-San_Giorgio_di_Perlena_Province_of_Vicenza_Veneto.html
Pralboino attractions, Province of Brescia, /Attractions-g3671041-Activities-Pralboino_Province_of_Brescia_Lombardy.html
Caramagna Piemonte attractions, Province of Cuneo, /Attractions-g1999976-Activities-Caramagna_Piemonte_Province_of_Cuneo_Piedmont.html
Cava Manara attractions, Province of Pavia, /Attractions-g1819804-Activities-Cava_Manara_Province_of_Pavia_Lombardy.html
Ternengo attractions, Province of Biella, /Attractions-g19219880-Activities-Ternengo_Province_of_Biella_Piedmont.html
Azzone attractions, Province of Bergamo, /Attractions-g13370485-Activities-Azzone_Province_of_Bergamo_Lombardy.html
Tregasio attractions, Province of Monza and Brianza, /Attractions-g16811462-Activities-Tregasio_Province_of_Monza_and_Brianza_Lombardy.html
Gossolengo attractions, Province of Piacenza, /Attractions-g1787086-Activities-Gossolengo_Province_of_Piacenza_Emilia_Romagna.html
Simeri attractions, Province of Catanzaro, /Attractions-g656613-Activities-Simeri_Province_of_Catanzaro_Calabria.html
Lettopalena attractions, Province of Chieti, /Attractions-g9733566-Activities-Lettopalena_Province_of_Chieti_Abruzzo.html
Filicudi Porto attractions, Filicudi, /Attractions-g11928989-Activities-Filicudi_Porto_Filicudi_Aeolian_Islands_Islands_of_Sicily_Sicily.html
Magliano Romano attractions, Province of Rome, /Attractions-g12174741-Activities-Magliano_Romano_Province_of_Rome_Lazio.html
Fabbrico attractions, Province of Reggio Emilia, /Attractions-g1918301-Activities-Fabbrico_Province_of_Reggio_Emilia_Emilia_Romagna.html
Petrella Tifernina attractions, Province of Campobasso, /Attractions-g8537576-Activities-Petrella_Tifernina_Province_of_Campobasso_Molise.html
Casciana Alta attractions, Province of Pisa, /Attractions-g8832303-Activities-Casciana_Alta_Province_of_Pisa_Tuscany.html
Cosseria attractions, Province of Savona, /Attractions-g6555059-Activities-Cosseria_Province_of_Savona_Liguria.html
Sanfre attractions, Province of Cuneo, /Attractions-g3605974-Activities-Sanfre_Province_of_Cuneo_Piedmont.html
Sarconi attractions, Province of Potenza, /Attractions-g15664396-Activities-Sarconi_Province_of_Potenza_Basilicata.html
Monteparano attractions, Province of Taranto, /Attractions-g3442121-Activities-Monteparano_Province_of_Taranto_Puglia.html
Piario attractions, Province of Bergamo, /Attractions-g2213343-Activities-Piario_Province_of_Bergamo_Lombardy.html
Percoto attractions, Province of Udine, /Attractions-g8816285-Activities-Percoto_Province_of_Udine_Friuli_Venezia_Giulia.html
Quattordio attractions, Province of Alessandria, /Attractions-g1410623-Activities-Quattordio_Province_of_Alessandria_Piedmont.html
Rota d'Imagna attractions, Province of Bergamo, /Attractions-g968270-Activities-Rota_d_Imagna_Province_of_Bergamo_Lombardy.html
Bigarello attractions, Province of Mantua, /Attractions-g2147937-Activities-Bigarello_Province_of_Mantua_Lombardy.html
Bornasco attractions, Province of Pavia, /Attractions-g8652508-Activities-Bornasco_Province_of_Pavia_Lombardy.html
Ponteranica attractions, Province of Bergamo, /Attractions-g968309-Activities-Ponteranica_Province_of_Bergamo_Lombardy.html
Porto Palo attractions, Province of Agrigento, /Attractions-g1918563-Activities-Porto_Palo_Province_of_Agrigento_Sicily.html
Inveruno attractions, Province of Milan, /Attractions-g2213541-Activities-Inveruno_Province_of_Milan_Lombardy.html
Desana attractions, Province of Vercelli, /Attractions-g2148007-Activities-Desana_Province_of_Vercelli_Piedmont.html
San Martino delle Scale attractions, Province of Palermo, /Attractions-g2295464-Activities-San_Martino_delle_Scale_Province_of_Palermo_Sicily.html
Quarna Sopra attractions, Province of Verbano-Cusio-Ossola, /Attractions-g12551712-Activities-Quarna_Sopra_Province_of_Verbano_Cusio_Ossola_Piedmont.html
Masate attractions, Province of Milan, /Attractions-g3606163-Activities-Masate_Province_of_Milan_Lombardy.html
San Didero attractions, Province of Turin, /Attractions-g3393157-Activities-San_Didero_Province_of_Turin_Piedmont.html
Cautano attractions, Province of Benevento, /Attractions-g2082470-Activities-Cautano_Province_of_Benevento_Campania.html
Sant’Agapito attractions, Province of Isernia, /Attractions-g6440612-Activities-Sant_Agapito_Province_of_Isernia_Molise.html
Sant'Agata li Battiati attractions, Province of Catania, /Attractions-g2393855-Activities-Sant_Agata_li_Battiati_Province_of_Catania_Sicily.html
Barengo attractions, Province of Novara, /Attractions-g3720924-Activities-Barengo_Province_of_Novara_Piedmont.html
Porano attractions, Province of Terni, /Attractions-g2049777-Activities-Porano_Province_of_Terni_Umbria.html
Misano di Gera d'Adda attractions, Province of Bergamo, /Attractions-g1820394-Activities-Misano_di_Gera_d_Adda_Province_of_Bergamo_Lombardy.html
Bruzolo attractions, Province of Turin, /Attractions-g1574680-Activities-Bruzolo_Province_of_Turin_Piedmont.html
Concordia sulla Secchia attractions, Province of Modena, /Attractions-g1967900-Activities-Concordia_sulla_Secchia_Province_of_Modena_Emilia_Romagna.html
Sirone attractions, Province of Lecco, /Attractions-g2213668-Activities-Sirone_Province_of_Lecco_Lombardy.html
Lesmo attractions, Province of Monza and Brianza, /Attractions-g2049812-Activities-Lesmo_Province_of_Monza_and_Brianza_Lombardy.html
San Biagio Platani attractions, Province of Agrigento, /Attractions-g5982037-Activities-San_Biagio_Platani_Province_of_Agrigento_Sicily.html
Villa Faraldi attractions, Province of Imperia, /Attractions-g2213691-Activities-Villa_Faraldi_Province_of_Imperia_Liguria.html
Fabbriche di Vergemoli attractions, Province of Lucca, /Attractions-g7931738-Activities-Fabbriche_di_Vergemoli_Province_of_Lucca_Tuscany.html
