province_name, region_name, province_url
Sant'Angelo in Formis attractions, Province of Caserta, /Attractions-g3493409-Activities-Sant_Angelo_in_Formis_Province_of_Caserta_Campania.html
Fontanelle attractions, Province of Treviso, /Attractions-g2068024-Activities-Fontanelle_Province_of_Treviso_Veneto.html
Prignano Cilento attractions, Province of Salerno, /Attractions-g2018861-Activities-Prignano_Cilento_Province_of_Salerno_Campania.html
Recale attractions, Province of Caserta, /Attractions-g1396307-Activities-Recale_Province_of_Caserta_Campania.html
Montegallo attractions, Province of Ascoli Piceno, /Attractions-g2002511-Activities-Montegallo_Province_of_Ascoli_Piceno_Marche.html
Carimate attractions, Province of Como, /Attractions-g1052351-Activities-Carimate_Province_of_Como_Lombardy.html
Arcola attractions, Province of La Spezia, /Attractions-g1150638-Activities-Arcola_Province_of_La_Spezia_Liguria.html
Taleggio attractions, Province of Bergamo, /Attractions-g954060-Activities-Taleggio_Province_of_Bergamo_Lombardy.html
Civo attractions, Province of Sondrio, /Attractions-g2314000-Activities-Civo_Province_of_Sondrio_Lombardy.html
Cinquefrondi attractions, Province of Reggio Calabria, /Attractions-g7786438-Activities-Cinquefrondi_Province_of_Reggio_Calabria_Calabria.html
Fano Adriano attractions, Province of Teramo, /Attractions-g2101187-Activities-Fano_Adriano_Province_of_Teramo_Abruzzo.html
Avetrana attractions, Province of Taranto, /Attractions-g1118264-Activities-Avetrana_Province_of_Taranto_Puglia.html
Sutera attractions, Province of Caltanissetta, /Attractions-g1511584-Activities-Sutera_Province_of_Caltanissetta_Sicily.html
Vaglio Basilicata attractions, Province of Potenza, /Attractions-g3330286-Activities-Vaglio_Basilicata_Province_of_Potenza_Basilicata.html
Monteleone Sabino attractions, Province of Rieti, /Attractions-g1986841-Activities-Monteleone_Sabino_Province_of_Rieti_Lazio.html
Ponte in Valtellina attractions, Province of Sondrio, /Attractions-g1986856-Activities-Ponte_in_Valtellina_Province_of_Sondrio_Lombardy.html
Roccamonfina attractions, Province of Caserta, /Attractions-g1495340-Activities-Roccamonfina_Province_of_Caserta_Campania.html
Vanzone con San Carlo attractions, Province of Verbano-Cusio-Ossola, /Attractions-g1642786-Activities-Vanzone_con_San_Carlo_Province_of_Verbano_Cusio_Ossola_Piedmont.html
Carosino attractions, Province of Taranto, /Attractions-g3526922-Activities-Carosino_Province_of_Taranto_Puglia.html
Poggio Moiano attractions, Province of Rieti, /Attractions-g2052447-Activities-Poggio_Moiano_Province_of_Rieti_Lazio.html
Fombio attractions, Province of Lodi, /Attractions-g3395946-Activities-Fombio_Province_of_Lodi_Lombardy.html
Vezzano sul Crostolo attractions, Province of Reggio Emilia, /Attractions-g2101679-Activities-Vezzano_sul_Crostolo_Province_of_Reggio_Emilia_Emilia_Romagna.html
Vodo Cadore attractions, Province of Belluno, /Attractions-g2052551-Activities-Vodo_Cadore_Province_of_Belluno_Veneto.html
Santa Giustina in Colle attractions, Province of Padua, /Attractions-g3953157-Activities-Santa_Giustina_in_Colle_Province_of_Padua_Veneto.html
Strevi attractions, Province of Alessandria, /Attractions-g2413171-Activities-Strevi_Province_of_Alessandria_Piedmont.html
Malesco attractions, Province of Verbano-Cusio-Ossola, /Attractions-g3347025-Activities-Malesco_Province_of_Verbano_Cusio_Ossola_Piedmont.html
San Bernardino Verbano attractions, Province of Verbano-Cusio-Ossola, /Attractions-g3347021-Activities-San_Bernardino_Verbano_Province_of_Verbano_Cusio_Ossola_Piedmont.html
Ferla attractions, Province of Syracuse, /Attractions-g2216612-Activities-Ferla_Province_of_Syracuse_Sicily.html
Caronno Pertusella attractions, Province of Varese, /Attractions-g2052761-Activities-Caronno_Pertusella_Province_of_Varese_Lombardy.html
Cavernago attractions, Province of Bergamo, /Attractions-g1053407-Activities-Cavernago_Province_of_Bergamo_Lombardy.html
Rabla attractions, Province of South Tyrol, /Attractions-g1184505-Activities-Rabla_Province_of_South_Tyrol_Trentino_Alto_Adige.html
Demonte attractions, Province of Cuneo, /Attractions-g1463059-Activities-Demonte_Province_of_Cuneo_Piedmont.html
Torrazza Coste attractions, Province of Pavia, /Attractions-g2151205-Activities-Torrazza_Coste_Province_of_Pavia_Lombardy.html
Civate attractions, Province of Lecco, /Attractions-g1053502-Activities-Civate_Province_of_Lecco_Lombardy.html
Molinella attractions, Province of Bologna, /Attractions-g1725279-Activities-Molinella_Province_of_Bologna_Emilia_Romagna.html
Balme attractions, Province of Turin, /Attractions-g3478458-Activities-Balme_Province_of_Turin_Piedmont.html
Rogliano attractions, Province of Cosenza, /Attractions-g7099304-Activities-Rogliano_Province_of_Cosenza_Calabria.html
Colloredo di Monte Albano attractions, Province of Udine, /Attractions-g2266067-Activities-Colloredo_di_Monte_Albano_Province_of_Udine_Friuli_Venezia_Giulia.html
Rocca Pia attractions, Province of L'Aquila, /Attractions-g1020920-Activities-Rocca_Pia_Province_of_L_Aquila_Abruzzo.html
Villagrande Strisaili attractions, Province of Ogliastra, /Attractions-g1201177-Activities-Villagrande_Strisaili_Province_of_Ogliastra_Sardinia.html
Morro d'Oro attractions, Province of Teramo, /Attractions-g2151431-Activities-Morro_d_Oro_Province_of_Teramo_Abruzzo.html
Bee attractions, Lake Maggiore, /Attractions-g1184825-Activities-Bee_Lake_Maggiore_Piedmont.html
Comano attractions, Province of Massa Carrara, /Attractions-g1053759-Activities-Comano_Province_of_Massa_Carrara_Tuscany.html
Montalto Dora attractions, Province of Turin, /Attractions-g3642486-Activities-Montalto_Dora_Province_of_Turin_Piedmont.html
Montefiorino attractions, Province of Modena, /Attractions-g2167904-Activities-Montefiorino_Province_of_Modena_Emilia_Romagna.html
Ceggia attractions, Province of Venice, /Attractions-g2020426-Activities-Ceggia_Veneto.html
Nulvi attractions, Province of Sassari, /Attractions-g1315916-Activities-Nulvi_Province_of_Sassari_Sardinia.html
Cutigliano attractions, Province of Pistoia, /Attractions-g1053771-Activities-Cutigliano_Province_of_Pistoia_Tuscany.html
Volpedo attractions, Province of Alessandria, /Attractions-g1954881-Activities-Volpedo_Province_of_Alessandria_Piedmont.html
Abriola attractions, Province of Potenza, /Attractions-g3331158-Activities-Abriola_Province_of_Potenza_Basilicata.html
