province_name, region_name, province_url
Viceno attractions, Province of Verbano-Cusio-Ossola, /Attractions-g1169460-Activities-Viceno_Province_of_Verbano_Cusio_Ossola_Piedmont.html
Rose attractions, Province of Cosenza, /Attractions-g1857571-Activities-Rose_Province_of_Cosenza_Calabria.html
Ottiglio attractions, Province of Alessandria, /Attractions-g2365540-Activities-Ottiglio_Province_of_Alessandria_Piedmont.html
Budelli attractions, Maddalena Islands, /Attractions-g612431-Activities-Budelli_Maddalena_Islands_Province_of_Olbia_Tempio_Sardinia.html
Rocchetta Palafea attractions, Province of Asti, /Attractions-g2136169-Activities-Rocchetta_Palafea_Province_of_Asti_Piedmont.html
Mappano attractions, Province of Turin, /Attractions-g1972300-Activities-Mappano_Province_of_Turin_Piedmont.html
Villamarzana attractions, Province of Rovigo, /Attractions-g2300022-Activities-Villamarzana_Province_of_Rovigo_Veneto.html
Plataci attractions, Province of Cosenza, /Attractions-g7018510-Activities-Plataci_Province_of_Cosenza_Calabria.html
Liscate attractions, Province of Milan, /Attractions-g2578511-Activities-Liscate_Province_of_Milan_Lombardy.html
Vilpiano attractions, Province of South Tyrol, /Attractions-g1972341-Activities-Vilpiano_Province_of_South_Tyrol_Trentino_Alto_Adige.html
Rocca Susella attractions, Province of Pavia, /Attractions-g2299987-Activities-Rocca_Susella_Province_of_Pavia_Lombardy.html
San Leucio del Sannio attractions, Province of Benevento, /Attractions-g7952390-Activities-San_Leucio_del_Sannio_Province_of_Benevento_Campania.html
Persano attractions, Province of Salerno, /Attractions-g7117037-Activities-Persano_Province_of_Salerno_Campania.html
Pastena attractions, Province of Frosinone, /Attractions-g1972383-Activities-Pastena_Province_of_Frosinone_Lazio.html
Cremnago attractions, Province of Como, /Attractions-g2693249-Activities-Cremnago_Province_of_Como_Lombardy.html
Chianni attractions, Province of Pisa, /Attractions-g1087673-Activities-Chianni_Province_of_Pisa_Tuscany.html
Roccavignale attractions, Province of Savona, /Attractions-g2300053-Activities-Roccavignale_Province_of_Savona_Liguria.html
Gambara attractions, Province of Brescia, /Attractions-g1972391-Activities-Gambara_Province_of_Brescia_Lombardy.html
San Bartolomeo in Bosco attractions, Province of Ferrara, /Attractions-g2021540-Activities-San_Bartolomeo_in_Bosco_Province_of_Ferrara_Emilia_Romagna.html
Coassolo Torinese attractions, Province of Turin, /Attractions-g1972389-Activities-Coassolo_Torinese_Province_of_Turin_Piedmont.html
Chiusanico attractions, Province of Imperia, /Attractions-g1972386-Activities-Chiusanico_Province_of_Imperia_Liguria.html
Brusimpiano attractions, Province of Varese, /Attractions-g1972443-Activities-Brusimpiano_Province_of_Varese_Lombardy.html
Gonnoscodina attractions, Province of Oristano, /Attractions-g3528959-Activities-Gonnoscodina_Province_of_Oristano_Sardinia.html
Groppoli di Mulazzo attractions, Province of Massa Carrara, /Attractions-g1972436-Activities-Groppoli_di_Mulazzo_Province_of_Massa_Carrara_Tuscany.html
Gimigliano attractions, Province of Catanzaro, /Attractions-g7198861-Activities-Gimigliano_Province_of_Catanzaro_Calabria.html
Lardirago attractions, Province of Pavia, /Attractions-g2365641-Activities-Lardirago_Province_of_Pavia_Lombardy.html
Ceres attractions, Province of Turin, /Attractions-g3381450-Activities-Ceres_Province_of_Turin_Piedmont.html
Santa Cristina Gela attractions, Province of Palermo, /Attractions-g1972451-Activities-Santa_Cristina_Gela_Province_of_Palermo_Sicily.html
Tramutola attractions, Province of Potenza, /Attractions-g1857808-Activities-Tramutola_Province_of_Potenza_Basilicata.html
Carbonara al Ticino attractions, Province of Pavia, /Attractions-g2398527-Activities-Carbonara_al_Ticino_Province_of_Pavia_Lombardy.html
Paroldo attractions, Province of Cuneo, /Attractions-g2398521-Activities-Paroldo_Province_of_Cuneo_Piedmont.html
Nogaredo al Torre attractions, Province of Udine, /Attractions-g6609221-Activities-Nogaredo_al_Torre_Province_of_Udine_Friuli_Venezia_Giulia.html
Semiana attractions, Province of Pavia, /Attractions-g2021721-Activities-Semiana_Province_of_Pavia_Lombardy.html
Visciano attractions, Province of Naples, /Attractions-g3840355-Activities-Visciano_Province_of_Naples_Campania.html
Caselle Landi attractions, Province of Lodi, /Attractions-g10361339-Activities-Caselle_Landi_Province_of_Lodi_Lombardy.html
Madonna di Senales attractions, Province of South Tyrol, /Attractions-g1169790-Activities-Madonna_di_Senales_Province_of_South_Tyrol_Trentino_Alto_Adige.html
Senale attractions, Province of South Tyrol, /Attractions-g1972587-Activities-Senale_Province_of_South_Tyrol_Trentino_Alto_Adige.html
Maso Corto attractions, Province of South Tyrol, /Attractions-g1972584-Activities-Maso_Corto_Province_of_South_Tyrol_Trentino_Alto_Adige.html
Canda attractions, Province of Rovigo, /Attractions-g4266296-Activities-Canda_Province_of_Rovigo_Veneto.html
Roccaforte Mondovi attractions, Province of Cuneo, /Attractions-g1989015-Activities-Roccaforte_Mondovi_Province_of_Cuneo_Piedmont.html
Massazza attractions, Province of Biella, /Attractions-g6609392-Activities-Massazza_Province_of_Biella_Piedmont.html
Serramanna attractions, Province of Medio Campidano, /Attractions-g1202567-Activities-Serramanna_Province_of_Medio_Campidano_Sardinia.html
Colosimi attractions, Province of Cosenza, /Attractions-g8673560-Activities-Colosimi_Province_of_Cosenza_Calabria.html
Canterano attractions, Province of Rome, /Attractions-g11917571-Activities-Canterano_Province_of_Rome_Lazio.html
Giano Vetusto attractions, Province of Caserta, /Attractions-g17324210-Activities-Giano_Vetusto_Province_of_Caserta_Campania.html
Albi attractions, Province of Catanzaro, /Attractions-g2333164-Activities-Albi_Province_of_Catanzaro_Calabria.html
Camagna Monferrato attractions, Province of Alessandria, /Attractions-g2054607-Activities-Camagna_Monferrato_Province_of_Alessandria_Piedmont.html
Benna attractions, Province of Biella, /Attractions-g6609340-Activities-Benna_Province_of_Biella_Piedmont.html
Gargazzone attractions, Province of South Tyrol, /Attractions-g1186273-Activities-Gargazzone_Province_of_South_Tyrol_Trentino_Alto_Adige.html
Ranica attractions, Province of Bergamo, /Attractions-g2333136-Activities-Ranica_Province_of_Bergamo_Lombardy.html
