province_name, region_name, province_url
Ferrere attractions, Province of Asti, /Attractions-g2416232-Activities-Ferrere_Province_of_Asti_Piedmont.html
Sant'Angelo Limosano attractions, Province of Campobasso, /Attractions-g1973842-Activities-Sant_Angelo_Limosano_Province_of_Campobasso_Molise.html
Meana di Susa attractions, Province of Turin, /Attractions-g2416235-Activities-Meana_di_Susa_Province_of_Turin_Piedmont.html
Placanica attractions, Province of Reggio Calabria, /Attractions-g21389072-Activities-Placanica_Province_of_Reggio_Calabria_Calabria.html
San Biagio Saracinisco attractions, Province of Frosinone, /Attractions-g20815712-Activities-San_Biagio_Saracinisco_Province_of_Frosinone_Lazio.html
Trecasali attractions, Province of Parma, /Attractions-g1973880-Activities-Trecasali_Province_of_Parma_Emilia_Romagna.html
San Martino del Lago attractions, Province of Cremona, /Attractions-g2530888-Activities-San_Martino_del_Lago_Province_of_Cremona_Lombardy.html
Urbana attractions, Province of Padua, /Attractions-g2416221-Activities-Urbana_Province_of_Padua_Veneto.html
Levigliani attractions, Province of Lucca, /Attractions-g3497547-Activities-Levigliani_Province_of_Lucca_Tuscany.html
Brongio attractions, Province of Lecco, /Attractions-g17178503-Activities-Brongio_Province_of_Lecco_Lombardy.html
Sarezzano attractions, Province of Alessandria, /Attractions-g2301614-Activities-Sarezzano_Province_of_Alessandria_Piedmont.html
Tiggiano attractions, Province of Lecce, /Attractions-g1924755-Activities-Tiggiano_Province_of_Lecce_Puglia.html
Scagnello attractions, Province of Cuneo, /Attractions-g12312106-Activities-Scagnello_Province_of_Cuneo_Piedmont.html
San Lupo attractions, Province of Benevento, /Attractions-g17178514-Activities-San_Lupo_Province_of_Benevento_Campania.html
Cingia de' Botti attractions, Province of Cremona, /Attractions-g12049965-Activities-Cingia_de_Botti_Province_of_Cremona_Lombardy.html
San Benedetto in Alpe attractions, Province of Forli-Cesena, /Attractions-g4923095-Activities-San_Benedetto_in_Alpe_Province_of_Forli_Cesena_Emilia_Romagna.html
Frassinetto attractions, Province of Turin, /Attractions-g8281815-Activities-Frassinetto_Province_of_Turin_Piedmont.html
Palata attractions, Province of Campobasso, /Attractions-g4480746-Activities-Palata_Province_of_Campobasso_Molise.html
Bonifati attractions, Province of Cosenza, /Attractions-g1056426-Activities-Bonifati_Province_of_Cosenza_Calabria.html
Palosco attractions, Province of Bergamo, /Attractions-g4431514-Activities-Palosco_Province_of_Bergamo_Lombardy.html
Pedeguarda di Follina attractions, Province of Treviso, /Attractions-g1924800-Activities-Pedeguarda_di_Follina_Province_of_Treviso_Veneto.html
Africo attractions, Province of Reggio Calabria, /Attractions-g14097973-Activities-Africo_Province_of_Reggio_Calabria_Calabria.html
Rimella attractions, Province of Vercelli, /Attractions-g1810162-Activities-Rimella_Province_of_Vercelli_Piedmont.html
Vallio Terme attractions, Province of Brescia, /Attractions-g1220348-Activities-Vallio_Terme_Province_of_Brescia_Lombardy.html
Borgo Quinzio attractions, Province of Rieti, /Attractions-g2301649-Activities-Borgo_Quinzio_Province_of_Rieti_Lazio.html
Garzeno attractions, Province of Como, /Attractions-g16867325-Activities-Garzeno_Province_of_Como_Lombardy.html
Canolo attractions, Province of Reggio Calabria, /Attractions-g3612450-Activities-Canolo_Province_of_Reggio_Calabria_Calabria.html
Landiona attractions, Province of Novara, /Attractions-g2334522-Activities-Landiona_Province_of_Novara_Piedmont.html
Arguello attractions, Province of Cuneo, /Attractions-g3825435-Activities-Arguello_Province_of_Cuneo_Piedmont.html
Vaglio Serra attractions, Province of Asti, /Attractions-g1171232-Activities-Vaglio_Serra_Province_of_Asti_Piedmont.html
Croveo attractions, Province of Verbano-Cusio-Ossola, /Attractions-g8871858-Activities-Croveo_Province_of_Verbano_Cusio_Ossola_Piedmont.html
Casteldidone attractions, Province of Cremona, /Attractions-g8281929-Activities-Casteldidone_Province_of_Cremona_Lombardy.html
Cerfignano attractions, Province of Lecce, /Attractions-g2531158-Activities-Cerfignano_Province_of_Lecce_Puglia.html
Mandela attractions, Province of Rome, /Attractions-g4431678-Activities-Mandela_Province_of_Rome_Lazio.html
Castelnuovo dei Sabbioni attractions, Province of Arezzo, /Attractions-g1957783-Activities-Castelnuovo_dei_Sabbioni_Province_of_Arezzo_Tuscany.html
Desulo attractions, Province of Nuoro, /Attractions-g1925009-Activities-Desulo_Province_of_Nuoro_Sardinia.html
Gagliole attractions, Province of Macerata, /Attractions-g4022262-Activities-Gagliole_Province_of_Macerata_Marche.html
Cervaro attractions, Province of Frosinone, /Attractions-g1531876-Activities-Cervaro_Province_of_Frosinone_Lazio.html
Monte Cavallo attractions, Province of Macerata, /Attractions-g8871795-Activities-Monte_Cavallo_Province_of_Macerata_Marche.html
Flussio attractions, Province of Oristano, /Attractions-g7004055-Activities-Flussio_Province_of_Oristano_Sardinia.html
Valva attractions, Province of Salerno, /Attractions-g5513294-Activities-Valva_Province_of_Salerno_Campania.html
Maltignano attractions, Province of Ascoli Piceno, /Attractions-g3334184-Activities-Maltignano_Province_of_Ascoli_Piceno_Marche.html
Roccafluvione attractions, Province of Ascoli Piceno, /Attractions-g1237004-Activities-Roccafluvione_Province_of_Ascoli_Piceno_Marche.html
Montano Antilia attractions, Province of Salerno, /Attractions-g3334171-Activities-Montano_Antilia_Province_of_Salerno_Campania.html
Roccagiovine attractions, Province of Rome, /Attractions-g794656-Activities-Roccagiovine_Province_of_Rome_Lazio.html
Quinto Vercellese attractions, Province of Vercelli, /Attractions-g9871526-Activities-Quinto_Vercellese_Province_of_Vercelli_Piedmont.html
Gudo Visconti attractions, Province of Milan, /Attractions-g2334746-Activities-Gudo_Visconti_Province_of_Milan_Lombardy.html
Pastorano attractions, Province of Caserta, /Attractions-g2269215-Activities-Pastorano_Province_of_Caserta_Campania.html
Robella attractions, Province of Asti, /Attractions-g2334748-Activities-Robella_Province_of_Asti_Piedmont.html
Tartano attractions, Province of Sondrio, /Attractions-g2187438-Activities-Tartano_Province_of_Sondrio_Lombardy.html
