province_name, region_name, province_url
Brugherio attractions, Province of Monza and Brianza, /Attractions-g1598976-Activities-Brugherio_Province_of_Monza_and_Brianza_Lombardy.html
Trevi attractions, Province of Perugia, /Attractions-g616200-Activities-Trevi_Province_of_Perugia_Umbria.html
Lizzano attractions, Province of Taranto, /Attractions-g2370789-Activities-Lizzano_Province_of_Taranto_Puglia.html
Trinitapoli attractions, Province of Barletta-Andria-Trani, /Attractions-g1060094-Activities-Trinitapoli_Province_of_Barletta_Andria_Trani_Puglia.html
Piedimonte Matese attractions, Province of Caserta, /Attractions-g1601805-Activities-Piedimonte_Matese_Province_of_Caserta_Campania.html
San Maurizio d'Opaglio attractions, Province of Novara, /Attractions-g2208010-Activities-San_Maurizio_d_Opaglio_Province_of_Novara_Piedmont.html
Montefiascone attractions, Province of Viterbo, /Attractions-g815534-Activities-Montefiascone_Province_of_Viterbo_Lazio.html
Carbonia attractions, Province of Carbonia-Iglesias, /Attractions-g2208277-Activities-Carbonia_Province_of_Carbonia_Iglesias_Sardinia.html
Castel San Pietro Terme attractions, Province of Bologna, /Attractions-g651983-Activities-Castel_San_Pietro_Terme_Province_of_Bologna_Emilia_Romagna.html
Atrani attractions, Amalfi Coast, /Attractions-g635619-Activities-Atrani_Amalfi_Coast_Province_of_Salerno_Campania.html
Furore attractions, Amalfi Coast, /Attractions-g635622-Activities-Furore_Amalfi_Coast_Province_of_Salerno_Campania.html
Mola di Bari attractions, Province of Bari, /Attractions-g1078047-Activities-Mola_di_Bari_Province_of_Bari_Puglia.html
Fumane attractions, Province of Verona, /Attractions-g652049-Activities-Fumane_Province_of_Verona_Veneto.html
Caneva attractions, Province of Pordenone, /Attractions-g488300-Activities-Caneva_Province_of_Pordenone_Friuli_Venezia_Giulia.html
Gangi attractions, Province of Palermo, /Attractions-g1127406-Activities-Gangi_Province_of_Palermo_Sicily.html
Miane attractions, Province of Treviso, /Attractions-g1947256-Activities-Miane_Province_of_Treviso_Veneto.html
Parabiago attractions, Province of Milan, /Attractions-g1079033-Activities-Parabiago_Province_of_Milan_Lombardy.html
Aidone attractions, Province of Enna, /Attractions-g1472372-Activities-Aidone_Province_of_Enna_Sicily.html
Robecco sul Naviglio attractions, Province of Milan, /Attractions-g2291811-Activities-Robecco_sul_Naviglio_Province_of_Milan_Lombardy.html
Amandola attractions, Province of Fermo, /Attractions-g1226846-Activities-Amandola_Province_of_Fermo_Marche.html
Baone attractions, Province of Padua, /Attractions-g1439823-Activities-Baone_Province_of_Padua_Veneto.html
Abbadia San Salvatore attractions, Province of Siena, /Attractions-g194660-Activities-Abbadia_San_Salvatore_Tuscany.html
Aprica attractions, Province of Sondrio, /Attractions-g194672-Activities-Aprica_Province_of_Sondrio_Lombardy.html
Borgo San Lorenzo attractions, Province of Florence, /Attractions-g194696-Activities-Borgo_San_Lorenzo_Tuscany.html
Celle Ligure attractions, Italian Riviera, /Attractions-g194727-Activities-Celle_Ligure_Italian_Riviera_Liguria.html
Loreto Aprutino attractions, Province of Pescara, /Attractions-g194803-Activities-Loreto_Aprutino_Province_of_Pescara_Abruzzo.html
Ovindoli attractions, Province of L'Aquila, /Attractions-g194844-Activities-Ovindoli_Province_of_L_Aquila_Abruzzo.html
Rio Marina attractions, Elba Island, /Attractions-g194880-Activities-Rio_Marina_Elba_Island_Province_of_Livorno_Tuscany.html
Cingoli attractions, Province of Macerata, /Attractions-g1096047-Activities-Cingoli_Province_of_Macerata_Marche.html
Panarea attractions, Aeolian Islands, /Attractions-g670800-Activities-Panarea_Aeolian_Islands_Islands_of_Sicily_Sicily.html
Predaia attractions, Province of Trento, /Attractions-g7896942-Activities-Predaia_Province_of_Trento_Trentino_Alto_Adige.html
Paese attractions, Province of Treviso, /Attractions-g1081449-Activities-Paese_Province_of_Treviso_Veneto.html
Bienno attractions, Province of Brescia, /Attractions-g1180048-Activities-Bienno_Province_of_Brescia_Lombardy.html
Melegnano attractions, Province of Milan, /Attractions-g2048658-Activities-Melegnano_Province_of_Milan_Lombardy.html
Villa Santa Maria attractions, Province of Chieti, /Attractions-g2278066-Activities-Villa_Santa_Maria_Province_of_Chieti_Abruzzo.html
Forno di Zoldo attractions, Province of Belluno, /Attractions-g2048688-Activities-Forno_di_Zoldo_Province_of_Belluno_Veneto.html
Torre Santa Susanna attractions, Province of Brindisi, /Attractions-g2507471-Activities-Torre_Santa_Susanna_Province_of_Brindisi_Puglia.html
Bertinoro attractions, Province of Forli-Cesena, /Attractions-g1082155-Activities-Bertinoro_Province_of_Forli_Cesena_Emilia_Romagna.html
Latisana attractions, Province of Udine, /Attractions-g1786906-Activities-Latisana_Province_of_Udine_Friuli_Venezia_Giulia.html
Cavalese attractions, Province of Trento, /Attractions-g656841-Activities-Cavalese_Province_of_Trento_Trentino_Alto_Adige.html
Madesimo attractions, Province of Sondrio, /Attractions-g656835-Activities-Madesimo_Province_of_Sondrio_Lombardy.html
Serra de' Conti attractions, Province of Ancona, /Attractions-g1575027-Activities-Serra_de_Conti_Province_of_Ancona_Marche.html
Roncade attractions, Province of Treviso, /Attractions-g1051223-Activities-Roncade_Province_of_Treviso_Veneto.html
Cornaredo attractions, Province of Milan, /Attractions-g608896-Activities-Cornaredo_Province_of_Milan_Lombardy.html
Campiglia Marittima attractions, Province of Livorno, /Attractions-g608937-Activities-Campiglia_Marittima_Province_of_Livorno_Tuscany.html
Sinalunga attractions, Province of Siena, /Attractions-g642192-Activities-Sinalunga_Tuscany.html
Carassai attractions, Province of Ascoli Piceno, /Attractions-g1150194-Activities-Carassai_Province_of_Ascoli_Piceno_Marche.html
Civitella Alfedena attractions, Province of L'Aquila, /Attractions-g1150201-Activities-Civitella_Alfedena_Province_of_L_Aquila_Abruzzo.html
Seui attractions, Province of Ogliastra, /Attractions-g1969590-Activities-Seui_Province_of_Ogliastra_Sardinia.html
Cellino San Marco attractions, Province of Brindisi, /Attractions-g1986882-Activities-Cellino_San_Marco_Province_of_Brindisi_Puglia.html
