province_name, region_name, province_url
Tagliolo Monferrato attractions, Province of Alessandria, /Attractions-g3710629-Activities-Tagliolo_Monferrato_Province_of_Alessandria_Piedmont.html
Blufi attractions, Province of Palermo, /Attractions-g8707636-Activities-Blufi_Province_of_Palermo_Sicily.html
Chiesina Uzzanese attractions, Province of Pistoia, /Attractions-g1924777-Activities-Chiesina_Uzzanese_Province_of_Pistoia_Tuscany.html
San Zeno Naviglio attractions, Province of Brescia, /Attractions-g3710605-Activities-San_Zeno_Naviglio_Province_of_Brescia_Lombardy.html
Mandatoriccio attractions, Province of Cosenza, /Attractions-g1056422-Activities-Mandatoriccio_Province_of_Cosenza_Calabria.html
Volastra attractions, Province of La Spezia, /Attractions-g1400488-Activities-Volastra_Province_of_La_Spezia_Liguria.html
Serra Pedace attractions, Province of Cosenza, /Attractions-g3710597-Activities-Serra_Pedace_Province_of_Cosenza_Calabria.html
Fornovolasco attractions, Province of Lucca, /Attractions-g2301644-Activities-Fornovolasco_Province_of_Lucca_Tuscany.html
Porto Pollo attractions, Province of Olbia-Tempio, /Attractions-g8593008-Activities-Porto_Pollo_Province_of_Olbia_Tempio_Sardinia.html
Alia attractions, Province of Palermo, /Attractions-g777999-Activities-Alia_Province_of_Palermo_Sicily.html
San Giorgio a Liri attractions, Province of Frosinone, /Attractions-g3809041-Activities-San_Giorgio_a_Liri_Province_of_Frosinone_Lazio.html
Filago attractions, Province of Bergamo, /Attractions-g8445871-Activities-Filago_Province_of_Bergamo_Lombardy.html
Novafeltria attractions, Province of Rimini, /Attractions-g1597248-Activities-Novafeltria_Province_of_Rimini_Emilia_Romagna.html
Montazzoli attractions, Province of Chieti, /Attractions-g1826680-Activities-Montazzoli_Province_of_Chieti_Abruzzo.html
Castelnuovo Nigra attractions, Province of Turin, /Attractions-g7938010-Activities-Castelnuovo_Nigra_Province_of_Turin_Piedmont.html
Carpanzano attractions, Province of Cosenza, /Attractions-g7331768-Activities-Carpanzano_Province_of_Cosenza_Calabria.html
Pradalunga attractions, Province of Bergamo, /Attractions-g3530808-Activities-Pradalunga_Province_of_Bergamo_Lombardy.html
Airole attractions, Province of Imperia, /Attractions-g3334151-Activities-Airole_Province_of_Imperia_Liguria.html
Pernumia attractions, Province of Padua, /Attractions-g2400359-Activities-Pernumia_Province_of_Padua_Veneto.html
Torricella Sicura attractions, Province of Teramo, /Attractions-g2400352-Activities-Torricella_Sicura_Province_of_Teramo_Abruzzo.html
Rocchetta e Croce attractions, Province of Caserta, /Attractions-g8397008-Activities-Rocchetta_e_Croce_Province_of_Caserta_Campania.html
Pozzomaggiore attractions, Province of Sassari, /Attractions-g6643764-Activities-Pozzomaggiore_Province_of_Sassari_Sardinia.html
Priola attractions, Province of Cuneo, /Attractions-g1237060-Activities-Priola_Province_of_Cuneo_Piedmont.html
Caprauna attractions, Province of Cuneo, /Attractions-g2400380-Activities-Caprauna_Province_of_Cuneo_Piedmont.html
Torricella in Sabina attractions, Province of Rieti, /Attractions-g2302073-Activities-Torricella_in_Sabina_Province_of_Rieti_Lazio.html
Giave attractions, Province of Sassari, /Attractions-g5857324-Activities-Giave_Province_of_Sassari_Sardinia.html
Calice al Cornoviglio attractions, Province of La Spezia, /Attractions-g2089119-Activities-Calice_al_Cornoviglio_Province_of_La_Spezia_Liguria.html
Pettinengo attractions, Province of Biella, /Attractions-g2187419-Activities-Pettinengo_Province_of_Biella_Piedmont.html
Verdellino attractions, Province of Bergamo, /Attractions-g4546695-Activities-Verdellino_Province_of_Bergamo_Lombardy.html
Bracca attractions, Province of Bergamo, /Attractions-g2138360-Activities-Bracca_Province_of_Bergamo_Lombardy.html
Bianzone attractions, Province of Sondrio, /Attractions-g1401073-Activities-Bianzone_Province_of_Sondrio_Lombardy.html
Maslianico attractions, Lake Como, /Attractions-g2187469-Activities-Maslianico_Lake_Como_Lombardy.html
Ivano Fracena attractions, Province of Trento, /Attractions-g4038854-Activities-Ivano_Fracena_Province_of_Trento_Trentino_Alto_Adige.html
Moconesi attractions, Province of Genoa, /Attractions-g1057040-Activities-Moconesi_Province_of_Genoa_Liguria.html
Trivio attractions, Province of Latina, /Attractions-g1450271-Activities-Trivio_Province_of_Latina_Lazio.html
Oriolo attractions, Province of Cosenza, /Attractions-g1925469-Activities-Oriolo_Province_of_Cosenza_Calabria.html
Pecorara attractions, Province of Piacenza, /Attractions-g3383670-Activities-Pecorara_Province_of_Piacenza_Emilia_Romagna.html
Sanarica attractions, Province of Lecce, /Attractions-g3383675-Activities-Sanarica_Province_of_Lecce_Puglia.html
Castell'Alfero attractions, Province of Asti, /Attractions-g1466743-Activities-Castell_Alfero_Province_of_Asti_Piedmont.html
Cilavegna attractions, Province of Pavia, /Attractions-g3596615-Activities-Cilavegna_Province_of_Pavia_Lombardy.html
Mezzago attractions, Province of Monza and Brianza, /Attractions-g2286003-Activities-Mezzago_Province_of_Monza_and_Brianza_Lombardy.html
Viarigi attractions, Province of Asti, /Attractions-g2286000-Activities-Viarigi_Province_of_Asti_Piedmont.html
Tonengo attractions, Province of Asti, /Attractions-g3187076-Activities-Tonengo_Province_of_Asti_Piedmont.html
Calvignano attractions, Province of Pavia, /Attractions-g3187078-Activities-Calvignano_Province_of_Pavia_Lombardy.html
Montefino attractions, Province of Teramo, /Attractions-g11952498-Activities-Montefino_Province_of_Teramo_Abruzzo.html
Argentera attractions, Province of Cuneo, /Attractions-g8135096-Activities-Argentera_Province_of_Cuneo_Piedmont.html
Comiziano attractions, Province of Naples, /Attractions-g1810902-Activities-Comiziano_Province_of_Naples_Campania.html
Bonavigo attractions, Province of Verona, /Attractions-g11952487-Activities-Bonavigo_Province_of_Verona_Veneto.html
Esine attractions, Province of Brescia, /Attractions-g1925658-Activities-Esine_Province_of_Brescia_Lombardy.html
Solbiate attractions, Province of Como, /Attractions-g15213303-Activities-Solbiate_Province_of_Como_Lombardy.html
