province_name, region_name, province_url
Auna di Sotto attractions, Province of South Tyrol, /Attractions-g2559247-Activities-Auna_di_Sotto_Province_of_South_Tyrol_Trentino_Alto_Adige.html
Molina di Faggeto Lario attractions, Lake Como, /Attractions-g1510749-Activities-Molina_di_Faggeto_Lario_Lake_Como_Lombardy.html
Petruro Irpino attractions, Province of Avellino, /Attractions-g12078583-Activities-Petruro_Irpino_Province_of_Avellino_Campania.html
Valera Fratta attractions, Province of Lodi, /Attractions-g7736830-Activities-Valera_Fratta_Province_of_Lodi_Lombardy.html
Veduggio con Colzano attractions, Province of Monza and Brianza, /Attractions-g2510264-Activities-Veduggio_con_Colzano_Province_of_Monza_and_Brianza_Lombardy.html
San Potito Ultra attractions, Province of Avellino, /Attractions-g1969594-Activities-San_Potito_Ultra_Province_of_Avellino_Campania.html
Rio Saliceto attractions, Province of Reggio Emilia, /Attractions-g3247600-Activities-Rio_Saliceto_Province_of_Reggio_Emilia_Emilia_Romagna.html
Benevello attractions, Province of Cuneo, /Attractions-g1969628-Activities-Benevello_Province_of_Cuneo_Piedmont.html
Trarego attractions, Province of Verbano-Cusio-Ossola, /Attractions-g16747836-Activities-Trarego_Province_of_Verbano_Cusio_Ossola_Piedmont.html
Mandriole attractions, Province of Ravenna, /Attractions-g3247565-Activities-Mandriole_Province_of_Ravenna_Emilia_Romagna.html
Azzano Mella attractions, Province of Brescia, /Attractions-g1969632-Activities-Azzano_Mella_Province_of_Brescia_Lombardy.html
San Vito Di Negrar attractions, Province of Verona, /Attractions-g1969678-Activities-San_Vito_Di_Negrar_Province_of_Verona_Veneto.html
Suardi attractions, Province of Pavia, /Attractions-g19468089-Activities-Suardi_Province_of_Pavia_Lombardy.html
Celle di San Vito attractions, Province of Foggia, /Attractions-g3493404-Activities-Celle_di_San_Vito_Province_of_Foggia_Puglia.html
Cimina attractions, Province of Reggio Calabria, /Attractions-g3640834-Activities-Cimina_Province_of_Reggio_Calabria_Calabria.html
Occimiano attractions, Province of Alessandria, /Attractions-g1969707-Activities-Occimiano_Province_of_Alessandria_Piedmont.html
Sieti di Giffoni Sei Casali attractions, Province of Salerno, /Attractions-g1396315-Activities-Sieti_di_Giffoni_Sei_Casali_Province_of_Salerno_Campania.html
Novegro-Tregarezzo attractions, Province of Milan, /Attractions-g21057299-Activities-Novegro_Tregarezzo_Province_of_Milan_Lombardy.html
Lombriasco attractions, Province of Turin, /Attractions-g4410907-Activities-Lombriasco_Province_of_Turin_Piedmont.html
Toiano attractions, Province of Siena, /Attractions-g8654569-Activities-Toiano_Tuscany.html
Front attractions, Province of Turin, /Attractions-g7212567-Activities-Front_Province_of_Turin_Piedmont.html
Roccamena attractions, Province of Palermo, /Attractions-g3247760-Activities-Roccamena_Province_of_Palermo_Sicily.html
Montesover attractions, Province of Trento, /Attractions-g2100964-Activities-Montesover_Province_of_Trento_Trentino_Alto_Adige.html
Carrodano attractions, Province of La Spezia, /Attractions-g1052375-Activities-Carrodano_Province_of_La_Spezia_Liguria.html
Sant'Angelo di Celle attractions, Province of Perugia, /Attractions-g2412269-Activities-Sant_Angelo_di_Celle_Province_of_Perugia_Umbria.html
Ortignano Raggiolo attractions, Province of Arezzo, /Attractions-g1576655-Activities-Ortignano_Raggiolo_Province_of_Arezzo_Tuscany.html
Masi Torello attractions, Province of Ferrara, /Attractions-g1396431-Activities-Masi_Torello_Province_of_Ferrara_Emilia_Romagna.html
Re attractions, Province of Verbano-Cusio-Ossola, /Attractions-g1396426-Activities-Re_Province_of_Verbano_Cusio_Ossola_Piedmont.html
Cavagnolo attractions, Province of Turin, /Attractions-g954090-Activities-Cavagnolo_Province_of_Turin_Piedmont.html
Castelbianco attractions, Province of Savona, /Attractions-g954091-Activities-Castelbianco_Province_of_Savona_Liguria.html
Crotta d'Adda attractions, Province of Cremona, /Attractions-g2002679-Activities-Crotta_d_Adda_Province_of_Cremona_Lombardy.html
Casalmorano attractions, Province of Cremona, /Attractions-g20107228-Activities-Casalmorano_Province_of_Cremona_Lombardy.html
Volturino attractions, Province of Foggia, /Attractions-g3526343-Activities-Volturino_Province_of_Foggia_Puglia.html
Barco attractions, Province of Reggio Emilia, /Attractions-g2412344-Activities-Barco_Province_of_Reggio_Emilia_Emilia_Romagna.html
Castagnito attractions, Province of Cuneo, /Attractions-g1052471-Activities-Castagnito_Province_of_Cuneo_Piedmont.html
Propata attractions, Province of Genoa, /Attractions-g10833815-Activities-Propata_Province_of_Genoa_Liguria.html
Castelnovate attractions, Province of Varese, /Attractions-g2281242-Activities-Castelnovate_Province_of_Varese_Lombardy.html
Olcenengo attractions, Province of Vercelli, /Attractions-g3575671-Activities-Olcenengo_Province_of_Vercelli_Piedmont.html
Magherno attractions, Province of Pavia, /Attractions-g3575667-Activities-Magherno_Province_of_Pavia_Lombardy.html
Catena attractions, Province of Pistoia, /Attractions-g3575674-Activities-Catena_Province_of_Pistoia_Tuscany.html
Casaletto di Sopra attractions, Province of Cremona, /Attractions-g3575672-Activities-Casaletto_di_Sopra_Province_of_Cremona_Lombardy.html
Colbordolo attractions, Province of Pesaro and Urbino, /Attractions-g1593155-Activities-Colbordolo_Province_of_Pesaro_and_Urbino_Marche.html
Mathi attractions, Province of Turin, /Attractions-g3460970-Activities-Mathi_Province_of_Turin_Piedmont.html
Delebio attractions, Province of Sondrio, /Attractions-g2445124-Activities-Delebio_Province_of_Sondrio_Lombardy.html
Santa Maria del Taro attractions, Province of Parma, /Attractions-g2412367-Activities-Santa_Maria_del_Taro_Province_of_Parma_Emilia_Romagna.html
Perito attractions, Province of Salerno, /Attractions-g2477898-Activities-Perito_Province_of_Salerno_Campania.html
Agnone Bagni attractions, Province of Syracuse, /Attractions-g2543445-Activities-Agnone_Bagni_Province_of_Syracuse_Sicily.html
Parchiule attractions, Province of Pesaro and Urbino, /Attractions-g2412450-Activities-Parchiule_Province_of_Pesaro_and_Urbino_Marche.html
Vighizzolo di Cantu attractions, Province of Como, /Attractions-g2281347-Activities-Vighizzolo_di_Cantu_Province_of_Como_Lombardy.html
Chiusano di San Domenico attractions, Province of Avellino, /Attractions-g3575696-Activities-Chiusano_di_San_Domenico_Province_of_Avellino_Campania.html
