province_name, region_name, province_url
San Bassano attractions, Province of Cremona, /Attractions-g2624011-Activities-San_Bassano_Province_of_Cremona_Lombardy.html
Pognana Lario attractions, Lake Como, /Attractions-g2624003-Activities-Pognana_Lario_Lake_Como_Lombardy.html
San Buono attractions, Province of Chieti, /Attractions-g12946174-Activities-San_Buono_Province_of_Chieti_Abruzzo.html
San Polo Matese attractions, Province of Campobasso, /Attractions-g2034252-Activities-San_Polo_Matese_Province_of_Campobasso_Molise.html
Berbenno attractions, Province of Bergamo, /Attractions-g1051205-Activities-Berbenno_Province_of_Bergamo_Lombardy.html
Sant'Alessio con Vialone attractions, Province of Pavia, /Attractions-g3836510-Activities-Sant_Alessio_con_Vialone_Province_of_Pavia_Lombardy.html
Torbole Casaglia attractions, Province of Brescia, /Attractions-g3590838-Activities-Torbole_Casaglia_Province_of_Brescia_Lombardy.html
Buscate attractions, Province of Milan, /Attractions-g1051283-Activities-Buscate_Province_of_Milan_Lombardy.html
Cadeo attractions, Province of Piacenza, /Attractions-g1051285-Activities-Cadeo_Province_of_Piacenza_Emilia_Romagna.html
Abbasanta attractions, Province of Oristano, /Attractions-g608902-Activities-Abbasanta_Province_of_Oristano_Sardinia.html
Bargagli attractions, Province of Genoa, /Attractions-g2067134-Activities-Bargagli_Province_of_Genoa_Liguria.html
Cerreto Laghi attractions, Province of Reggio Emilia, /Attractions-g1723043-Activities-Cerreto_Laghi_Province_of_Reggio_Emilia_Emilia_Romagna.html
Usseaux attractions, Province of Turin, /Attractions-g1772241-Activities-Usseaux_Province_of_Turin_Piedmont.html
Fallo attractions, Province of Chieti, /Attractions-g7949142-Activities-Fallo_Province_of_Chieti_Abruzzo.html
Pieve Ligure attractions, Province of Genoa, /Attractions-g2100076-Activities-Pieve_Ligure_Province_of_Genoa_Liguria.html
Pescarolo ed Uniti attractions, Province of Cremona, /Attractions-g1985353-Activities-Pescarolo_ed_Uniti_Province_of_Cremona_Lombardy.html
Sedrina attractions, Province of Bergamo, /Attractions-g3607403-Activities-Sedrina_Province_of_Bergamo_Lombardy.html
Casamassella attractions, Province of Lecce, /Attractions-g1411942-Activities-Casamassella_Province_of_Lecce_Puglia.html
Buglio in Monte attractions, Province of Sondrio, /Attractions-g4590580-Activities-Buglio_in_Monte_Province_of_Sondrio_Lombardy.html
Sostegno attractions, Province of Biella, /Attractions-g6474715-Activities-Sostegno_Province_of_Biella_Piedmont.html
Casalbore attractions, Province of Avellino, /Attractions-g4115330-Activities-Casalbore_Province_of_Avellino_Campania.html
Trabia attractions, Province of Palermo, /Attractions-g658381-Activities-Trabia_Province_of_Palermo_Sicily.html
Roncello attractions, Province of Monza and Brianza, /Attractions-g7719842-Activities-Roncello_Province_of_Monza_and_Brianza_Lombardy.html
Perano attractions, Province of Chieti, /Attractions-g7228524-Activities-Perano_Province_of_Chieti_Abruzzo.html
Cambiano attractions, Province of Turin, /Attractions-g1051683-Activities-Cambiano_Province_of_Turin_Piedmont.html
Campertogno attractions, Province of Vercelli, /Attractions-g1051689-Activities-Campertogno_Province_of_Vercelli_Piedmont.html
Colverde attractions, Province of Como, /Attractions-g7294197-Activities-Colverde_Province_of_Como_Lombardy.html
Monte Santa Maria Tiberina attractions, Province of Perugia, /Attractions-g1166533-Activities-Monte_Santa_Maria_Tiberina_Province_of_Perugia_Umbria.html
Piazza Brembana attractions, Province of Bergamo, /Attractions-g3198189-Activities-Piazza_Brembana_Province_of_Bergamo_Lombardy.html
Montagnareale attractions, Province of Messina, /Attractions-g3329241-Activities-Montagnareale_Province_of_Messina_Sicily.html
Corchiano attractions, Province of Viterbo, /Attractions-g3198149-Activities-Corchiano_Province_of_Viterbo_Lazio.html
Torre di Ruggiero attractions, Province of Catanzaro, /Attractions-g658733-Activities-Torre_di_Ruggiero_Province_of_Catanzaro_Calabria.html
Villa Santa Lucia attractions, Province of Frosinone, /Attractions-g2461024-Activities-Villa_Santa_Lucia_Province_of_Frosinone_Lazio.html
Civitella Casanova attractions, Province of Pescara, /Attractions-g1756488-Activities-Civitella_Casanova_Province_of_Pescara_Abruzzo.html
San Daniele Po attractions, Province of Cremona, /Attractions-g5508390-Activities-San_Daniele_Po_Province_of_Cremona_Lombardy.html
Conza della Campania attractions, Province of Avellino, /Attractions-g7736577-Activities-Conza_della_Campania_Province_of_Avellino_Campania.html
Piscinas attractions, Province of Carbonia-Iglesias, /Attractions-g1625482-Activities-Piscinas_Province_of_Carbonia_Iglesias_Sardinia.html
Torre de' Roveri attractions, Province of Bergamo, /Attractions-g2444678-Activities-Torre_de_Roveri_Province_of_Bergamo_Lombardy.html
Vobarno attractions, Province of Brescia, /Attractions-g15748436-Activities-Vobarno_Province_of_Brescia_Lombardy.html
Villanova Tulo attractions, Province of Cagliari, /Attractions-g2444689-Activities-Villanova_Tulo_Province_of_Cagliari_Sardinia.html
Canonica d'Adda attractions, Province of Bergamo, /Attractions-g3247601-Activities-Canonica_d_Adda_Province_of_Bergamo_Lombardy.html
Longone al Segrino attractions, Province of Como, /Attractions-g3247604-Activities-Longone_al_Segrino_Province_of_Como_Lombardy.html
Naz-Sciaves attractions, Province of South Tyrol, /Attractions-g1183175-Activities-Naz_Sciaves_Province_of_South_Tyrol_Trentino_Alto_Adige.html
Offanengo attractions, Province of Cremona, /Attractions-g3247593-Activities-Offanengo_Province_of_Cremona_Lombardy.html
Sairano attractions, Province of Pavia, /Attractions-g3247583-Activities-Sairano_Province_of_Pavia_Lombardy.html
Novi Velia attractions, Cilento and Vallo di Diano National Park, /Attractions-g1396218-Activities-Novi_Velia_Cilento_and_Vallo_di_Diano_National_Park_Province_of_Salerno_Campania.html
Santomenna attractions, Province of Salerno, /Attractions-g5492134-Activities-Santomenna_Province_of_Salerno_Campania.html
Aprigliano attractions, Province of Cosenza, /Attractions-g3247563-Activities-Aprigliano_Province_of_Cosenza_Calabria.html
Villa Sant'Angelo attractions, Province of L'Aquila, /Attractions-g3247562-Activities-Villa_Sant_Angelo_Province_of_L_Aquila_Abruzzo.html
Gorno attractions, Province of Bergamo, /Attractions-g3247566-Activities-Gorno_Province_of_Bergamo_Lombardy.html
