province_name, region_name, province_url
Passirano attractions, Province of Brescia, /Attractions-g2222124-Activities-Passirano_Province_of_Brescia_Lombardy.html
Domegge di Cadore attractions, Province of Belluno, /Attractions-g2533438-Activities-Domegge_di_Cadore_Province_of_Belluno_Veneto.html
Cornegliano Laudense attractions, Province of Lodi, /Attractions-g2533499-Activities-Cornegliano_Laudense_Province_of_Lodi_Lombardy.html
Altidona attractions, Province of Fermo, /Attractions-g2189383-Activities-Altidona_Province_of_Fermo_Marche.html
Castellazzo Novarese attractions, Province of Novara, /Attractions-g4466889-Activities-Castellazzo_Novarese_Province_of_Novara_Piedmont.html
Villandro attractions, Province of South Tyrol, /Attractions-g813241-Activities-Villandro_Province_of_South_Tyrol_Trentino_Alto_Adige.html
Villanterio attractions, Province of Pavia, /Attractions-g4466873-Activities-Villanterio_Province_of_Pavia_Lombardy.html
San Bartolomeo in Galdo attractions, Province of Benevento, /Attractions-g3205391-Activities-San_Bartolomeo_in_Galdo_Province_of_Benevento_Campania.html
Borgo Ticino attractions, Province of Novara, /Attractions-g1534312-Activities-Borgo_Ticino_Province_of_Novara_Piedmont.html
Brembilla attractions, Province of Bergamo, /Attractions-g2369953-Activities-Brembilla_Province_of_Bergamo_Lombardy.html
Farini attractions, Province of Piacenza, /Attractions-g2337196-Activities-Farini_Province_of_Piacenza_Emilia_Romagna.html
Ballabio attractions, Province of Lecco, /Attractions-g2337203-Activities-Ballabio_Province_of_Lecco_Lombardy.html
Camporeale attractions, Province of Palermo, /Attractions-g2140546-Activities-Camporeale_Province_of_Palermo_Sicily.html
Lariano attractions, Province of Rome, /Attractions-g2337175-Activities-Lariano_Province_of_Rome_Lazio.html
Carlazzo attractions, Province of Como, /Attractions-g1059324-Activities-Carlazzo_Province_of_Como_Lombardy.html
Borghetto di Vara attractions, Province of La Spezia, /Attractions-g1026557-Activities-Borghetto_di_Vara_Province_of_La_Spezia_Liguria.html
Isera attractions, Province of Trento, /Attractions-g1026569-Activities-Isera_Province_of_Trento_Trentino_Alto_Adige.html
Brennero attractions, Province of South Tyrol, /Attractions-g1419856-Activities-Brennero_Province_of_South_Tyrol_Trentino_Alto_Adige.html
Baressa attractions, Province of Oristano, /Attractions-g8006167-Activities-Baressa_Province_of_Oristano_Sardinia.html
Ton attractions, Province of Trento, /Attractions-g1960778-Activities-Ton_Province_of_Trento_Trentino_Alto_Adige.html
Veglie attractions, Province of Lecce, /Attractions-g1207147-Activities-Veglie_Province_of_Lecce_Puglia.html
Novoli attractions, Province of Lecce, /Attractions-g2059151-Activities-Novoli_Province_of_Lecce_Puglia.html
Lavello attractions, Province of Potenza, /Attractions-g2059171-Activities-Lavello_Province_of_Potenza_Basilicata.html
Prali attractions, Province of Turin, /Attractions-g2059208-Activities-Prali_Province_of_Turin_Piedmont.html
Campoformido attractions, Province of Udine, /Attractions-g1600539-Activities-Campoformido_Province_of_Udine_Friuli_Venezia_Giulia.html
Pusiano attractions, Province of Como, /Attractions-g2485292-Activities-Pusiano_Province_of_Como_Lombardy.html
Lasnigo attractions, Province of Como, /Attractions-g4877415-Activities-Lasnigo_Province_of_Como_Lombardy.html
Noviglio attractions, Province of Milan, /Attractions-g1748058-Activities-Noviglio_Province_of_Milan_Lombardy.html
Villa Celiera attractions, Province of Pescara, /Attractions-g2387056-Activities-Villa_Celiera_Province_of_Pescara_Abruzzo.html
Torchiarolo attractions, Province of Brindisi, /Attractions-g1059945-Activities-Torchiarolo_Province_of_Brindisi_Puglia.html
Bardello attractions, Province of Varese, /Attractions-g2370723-Activities-Bardello_Province_of_Varese_Lombardy.html
Castel di Tusa attractions, Province of Messina, /Attractions-g1092760-Activities-Castel_di_Tusa_Province_of_Messina_Sicily.html
Montalto Pavese attractions, Province of Pavia, /Attractions-g2370728-Activities-Montalto_Pavese_Province_of_Pavia_Lombardy.html
Piumazzo attractions, Province of Modena, /Attractions-g2436280-Activities-Piumazzo_Province_of_Modena_Emilia_Romagna.html
Melissano attractions, Province of Lecce, /Attractions-g3697821-Activities-Melissano_Province_of_Lecce_Puglia.html
Castel San Lorenzo attractions, Province of Salerno, /Attractions-g6925472-Activities-Castel_San_Lorenzo_Province_of_Salerno_Campania.html
Penna San Giovanni attractions, Province of Macerata, /Attractions-g1027286-Activities-Penna_San_Giovanni_Province_of_Macerata_Marche.html
Carvico attractions, Province of Bergamo, /Attractions-g2616611-Activities-Carvico_Province_of_Bergamo_Lombardy.html
Valle di Maddaloni attractions, Province of Caserta, /Attractions-g2370837-Activities-Valle_di_Maddaloni_Province_of_Caserta_Campania.html
Bertonico attractions, Province of Lodi, /Attractions-g2534682-Activities-Bertonico_Province_of_Lodi_Lombardy.html
Pontecurone attractions, Province of Alessandria, /Attractions-g1076566-Activities-Pontecurone_Province_of_Alessandria_Piedmont.html
Montagna in Valtellina attractions, Province of Sondrio, /Attractions-g3403199-Activities-Montagna_in_Valtellina_Province_of_Sondrio_Lombardy.html
Santa Lucia di Piave attractions, Province of Treviso, /Attractions-g2321807-Activities-Santa_Lucia_di_Piave_Province_of_Treviso_Veneto.html
Alessandria della Rocca attractions, Province of Agrigento, /Attractions-g2321813-Activities-Alessandria_della_Rocca_Province_of_Agrigento_Sicily.html
Val Liona attractions, Province of Vicenza, /Attractions-g12545395-Activities-Val_Liona_Province_of_Vicenza_Veneto.html
Teglio Veneto attractions, Province of Venice, /Attractions-g2223615-Activities-Teglio_Veneto_Veneto.html
Torano Nuovo attractions, Province of Teramo, /Attractions-g1371618-Activities-Torano_Nuovo_Province_of_Teramo_Abruzzo.html
Albairate attractions, Province of Milan, /Attractions-g1568272-Activities-Albairate_Province_of_Milan_Lombardy.html
Cellamare attractions, Province of Bari, /Attractions-g5041771-Activities-Cellamare_Province_of_Bari_Puglia.html
Scafa attractions, Province of Pescara, /Attractions-g4386352-Activities-Scafa_Province_of_Pescara_Abruzzo.html
