province_name, region_name, province_url
Limone Piemonte attractions, Province of Cuneo, /Attractions-g194797-Activities-Limone_Piemonte_Province_of_Cuneo_Piedmont.html
Montiglio Monferrato attractions, Province of Asti, /Attractions-g2292015-Activities-Montiglio_Monferrato_Province_of_Asti_Piedmont.html
Tesimo attractions, Province of South Tyrol, /Attractions-g948556-Activities-Tesimo_Province_of_South_Tyrol_Trentino_Alto_Adige.html
Letojanni attractions, Province of Messina, /Attractions-g227662-Activities-Letojanni_Province_of_Messina_Sicily.html
Saint-Vincent attractions, Valle d'Aosta, /Attractions-g194926-Activities-Saint_Vincent_Valle_d_Aosta.html
Torre Canne attractions, Province of Brindisi, /Attractions-g194936-Activities-Torre_Canne_Province_of_Brindisi_Puglia.html
Camerata Cornello attractions, Province of Bergamo, /Attractions-g3734027-Activities-Camerata_Cornello_Province_of_Bergamo_Lombardy.html
Borso del Grappa attractions, Province of Treviso, /Attractions-g1440349-Activities-Borso_del_Grappa_Province_of_Treviso_Veneto.html
Morimondo attractions, Province of Milan, /Attractions-g1079927-Activities-Morimondo_Province_of_Milan_Lombardy.html
Rivello attractions, Province of Potenza, /Attractions-g2308878-Activities-Rivello_Province_of_Potenza_Basilicata.html
Cepagatti attractions, Province of Pescara, /Attractions-g2440037-Activities-Cepagatti_Province_of_Pescara_Abruzzo.html
Aymavilles attractions, Valle d'Aosta, /Attractions-g736247-Activities-Aymavilles_Valle_d_Aosta.html
San Biagio di Callalta attractions, Province of Treviso, /Attractions-g1080418-Activities-San_Biagio_di_Callalta_Province_of_Treviso_Veneto.html
Barrea attractions, Province of L'Aquila, /Attractions-g1391870-Activities-Barrea_Province_of_L_Aquila_Abruzzo.html
Grezzana attractions, Province of Verona, /Attractions-g1785337-Activities-Grezzana_Province_of_Verona_Veneto.html
Racines attractions, Province of South Tyrol, /Attractions-g1179370-Activities-Racines_Province_of_South_Tyrol_Trentino_Alto_Adige.html
Nerviano attractions, Province of Milan, /Attractions-g1081153-Activities-Nerviano_Province_of_Milan_Lombardy.html
Badolato attractions, Province of Catanzaro, /Attractions-g1081284-Activities-Badolato_Province_of_Catanzaro_Calabria.html
Montegranaro attractions, Province of Fermo, /Attractions-g1572929-Activities-Montegranaro_Province_of_Fermo_Marche.html
Badia Calavena attractions, Province of Verona, /Attractions-g2064524-Activities-Badia_Calavena_Province_of_Verona_Veneto.html
Mezzolombardo attractions, Province of Trento, /Attractions-g1180062-Activities-Mezzolombardo_Province_of_Trento_Trentino_Alto_Adige.html
Monsampolo del Tronto attractions, Province of Ascoli Piceno, /Attractions-g1049085-Activities-Monsampolo_del_Tronto_Province_of_Ascoli_Piceno_Marche.html
Suno attractions, Province of Novara, /Attractions-g1409779-Activities-Suno_Province_of_Novara_Piedmont.html
Castel Frentano attractions, Province of Chieti, /Attractions-g1934118-Activities-Castel_Frentano_Province_of_Chieti_Abruzzo.html
Treiso attractions, Province of Cuneo, /Attractions-g1491876-Activities-Treiso_Province_of_Cuneo_Piedmont.html
Vicoforte attractions, Province of Cuneo, /Attractions-g1951131-Activities-Vicoforte_Province_of_Cuneo_Piedmont.html
Montalto delle Marche attractions, Province of Ascoli Piceno, /Attractions-g804429-Activities-Montalto_delle_Marche_Province_of_Ascoli_Piceno_Marche.html
Latiano attractions, Province of Brindisi, /Attractions-g2508533-Activities-Latiano_Province_of_Brindisi_Puglia.html
Pravisdomini attractions, Province of Pordenone, /Attractions-g1820410-Activities-Pravisdomini_Province_of_Pordenone_Friuli_Venezia_Giulia.html
Rivarolo Canavese attractions, Province of Turin, /Attractions-g1574905-Activities-Rivarolo_Canavese_Province_of_Turin_Piedmont.html
Cormano attractions, Province of Milan, /Attractions-g1574954-Activities-Cormano_Province_of_Milan_Lombardy.html
Stenico attractions, Province of Trento, /Attractions-g1575004-Activities-Stenico_Province_of_Trento_Trentino_Alto_Adige.html
Chiarano attractions, Province of Treviso, /Attractions-g1574977-Activities-Chiarano_Province_of_Treviso_Veneto.html
Soragna attractions, Province of Parma, /Attractions-g1575020-Activities-Soragna_Province_of_Parma_Emilia_Romagna.html
Longiano attractions, Province of Forli-Cesena, /Attractions-g1575021-Activities-Longiano_Province_of_Forli_Cesena_Emilia_Romagna.html
Canneto di Lipari attractions, Lipari, /Attractions-g1575073-Activities-Canneto_di_Lipari_Lipari_Aeolian_Islands_Islands_of_Sicily_Sicily.html
Vito d'Asio attractions, Province of Pordenone, /Attractions-g10029467-Activities-Vito_d_Asio_Province_of_Pordenone_Friuli_Venezia_Giulia.html
Rocca di Mezzo attractions, Province of L'Aquila, /Attractions-g1214864-Activities-Rocca_di_Mezzo_Province_of_L_Aquila_Abruzzo.html
Sant'Angelo Lodigiano attractions, Province of Lodi, /Attractions-g3148170-Activities-Sant_Angelo_Lodigiano_Province_of_Lodi_Lombardy.html
Montemonaco attractions, Province of Ascoli Piceno, /Attractions-g2296424-Activities-Montemonaco_Province_of_Ascoli_Piceno_Marche.html
Gibellina attractions, Province of Trapani, /Attractions-g1067595-Activities-Gibellina_Province_of_Trapani_Sicily.html
Oliena attractions, Province of Nuoro, /Attractions-g608915-Activities-Oliena_Province_of_Nuoro_Sardinia.html
Forgaria nel Friuli attractions, Province of Udine, /Attractions-g1936033-Activities-Forgaria_nel_Friuli_Province_of_Udine_Friuli_Venezia_Giulia.html
Capriva del Friuli attractions, Province of Gorizia, /Attractions-g2067598-Activities-Capriva_del_Friuli_Province_of_Gorizia_Friuli_Venezia_Giulia.html
San Fratello attractions, Province of Messina, /Attractions-g2510303-Activities-San_Fratello_Province_of_Messina_Sicily.html
Campobello di Licata attractions, Province of Agrigento, /Attractions-g2100749-Activities-Campobello_di_Licata_Province_of_Agrigento_Sicily.html
Cavarzere attractions, Province of Venice, /Attractions-g1773274-Activities-Cavarzere_Veneto.html
Soresina attractions, Province of Cremona, /Attractions-g2412544-Activities-Soresina_Province_of_Cremona_Lombardy.html
Predore attractions, Province of Bergamo, /Attractions-g1052735-Activities-Predore_Province_of_Bergamo_Lombardy.html
Martellago attractions, Province of Venice, /Attractions-g676139-Activities-Martellago_Veneto.html
