province_name, region_name, province_url
Asigliano Vercellese attractions, Province of Vercelli, /Attractions-g3684663-Activities-Asigliano_Vercellese_Province_of_Vercelli_Piedmont.html
Berbenno di Valtellina attractions, Province of Sondrio, /Attractions-g3799312-Activities-Berbenno_di_Valtellina_Province_of_Sondrio_Lombardy.html
Leivi attractions, Province of Genoa, /Attractions-g1095971-Activities-Leivi_Province_of_Genoa_Liguria.html
Rignano Garganico attractions, Province of Foggia, /Attractions-g3373411-Activities-Rignano_Garganico_Province_of_Foggia_Puglia.html
San Lorenzo Nuovo attractions, Province of Viterbo, /Attractions-g1096006-Activities-San_Lorenzo_Nuovo_Province_of_Viterbo_Lazio.html
Cerignale attractions, Province of Piacenza, /Attractions-g2275704-Activities-Cerignale_Province_of_Piacenza_Emilia_Romagna.html
Le Forna attractions, Ponza Island, /Attractions-g12941735-Activities-Le_Forna_Ponza_Island_Province_of_Latina_Lazio.html
Goriano Sicoli attractions, Province of L'Aquila, /Attractions-g4241720-Activities-Goriano_Sicoli_Province_of_L_Aquila_Abruzzo.html
Montegridolfo attractions, Province of Rimini, /Attractions-g1063274-Activities-Montegridolfo_Province_of_Rimini_Emilia_Romagna.html
San Potito Sannitico attractions, Province of Caserta, /Attractions-g2357597-Activities-San_Potito_Sannitico_Province_of_Caserta_Campania.html
Torre Boldone attractions, Province of Bergamo, /Attractions-g1653175-Activities-Torre_Boldone_Province_of_Bergamo_Lombardy.html
Cereseto attractions, Province of Alessandria, /Attractions-g2292127-Activities-Cereseto_Province_of_Alessandria_Piedmont.html
Cinigiano attractions, Province of Grosseto, /Attractions-g1063409-Activities-Cinigiano_Province_of_Grosseto_Tuscany.html
Quiliano attractions, Province of Savona, /Attractions-g1063418-Activities-Quiliano_Province_of_Savona_Liguria.html
Santa Giustina attractions, Province of Belluno, /Attractions-g2357799-Activities-Santa_Giustina_Province_of_Belluno_Veneto.html
San Pietro Mussolino attractions, Province of Vicenza, /Attractions-g4586056-Activities-San_Pietro_Mussolino_Province_of_Vicenza_Veneto.html
Santo Stefano in Aspromonte attractions, Province of Reggio Calabria, /Attractions-g3930643-Activities-Santo_Stefano_in_Aspromonte_Province_of_Reggio_Calabria_Calabria.html
Bonorva attractions, Province of Sassari, /Attractions-g1587855-Activities-Bonorva_Province_of_Sassari_Sardinia.html
Rocca Grimalda attractions, Province of Alessandria, /Attractions-g1587846-Activities-Rocca_Grimalda_Province_of_Alessandria_Piedmont.html
Borgo Priolo attractions, Province of Pavia, /Attractions-g1587888-Activities-Borgo_Priolo_Province_of_Pavia_Lombardy.html
Torraca attractions, Province of Salerno, /Attractions-g2292453-Activities-Torraca_Province_of_Salerno_Campania.html
Borgomale attractions, Province of Cuneo, /Attractions-g1080000-Activities-Borgomale_Province_of_Cuneo_Piedmont.html
Sorbara attractions, Province of Modena, /Attractions-g2538233-Activities-Sorbara_Province_of_Modena_Emilia_Romagna.html
Dovera attractions, Province of Cremona, /Attractions-g1932025-Activities-Dovera_Province_of_Cremona_Lombardy.html
Calestano attractions, Province of Parma, /Attractions-g2013985-Activities-Calestano_Province_of_Parma_Emilia_Romagna.html
Castelnovo Bariano attractions, Province of Rovigo, /Attractions-g2440033-Activities-Castelnovo_Bariano_Province_of_Rovigo_Veneto.html
Motta Visconti attractions, Province of Milan, /Attractions-g2440045-Activities-Motta_Visconti_Province_of_Milan_Lombardy.html
Castilenti attractions, Province of Teramo, /Attractions-g2440044-Activities-Castilenti_Province_of_Teramo_Abruzzo.html
Sovico attractions, Province of Monza and Brianza, /Attractions-g2440046-Activities-Sovico_Province_of_Monza_and_Brianza_Lombardy.html
Poggio Imperiale attractions, Province of Foggia, /Attractions-g7060263-Activities-Poggio_Imperiale_Province_of_Foggia_Puglia.html
Chiusavecchia attractions, Italian Riviera, /Attractions-g2440043-Activities-Chiusavecchia_Italian_Riviera_Liguria.html
Cologne attractions, Province of Brescia, /Attractions-g2440053-Activities-Cologne_Province_of_Brescia_Lombardy.html
Caselette attractions, Province of Turin, /Attractions-g2440060-Activities-Caselette_Province_of_Turin_Piedmont.html
Santa Luce attractions, Province of Pisa, /Attractions-g1080230-Activities-Santa_Luce_Province_of_Pisa_Tuscany.html
Gropparello attractions, Province of Piacenza, /Attractions-g1735630-Activities-Gropparello_Province_of_Piacenza_Emilia_Romagna.html
Issogne attractions, Valle d'Aosta, /Attractions-g736255-Activities-Issogne_Valle_d_Aosta.html
Solbiate Olona attractions, Province of Varese, /Attractions-g1063916-Activities-Solbiate_Olona_Province_of_Varese_Lombardy.html
Bianco attractions, Province of Reggio Calabria, /Attractions-g2210928-Activities-Bianco_Province_of_Reggio_Calabria_Calabria.html
Neirone attractions, Province of Genoa, /Attractions-g2210939-Activities-Neirone_Province_of_Genoa_Liguria.html
Sparone attractions, Province of Turin, /Attractions-g2358445-Activities-Sparone_Province_of_Turin_Piedmont.html
Tavullia attractions, Province of Pesaro and Urbino, /Attractions-g1457357-Activities-Tavullia_Province_of_Pesaro_and_Urbino_Marche.html
Torrenieri attractions, Province of Siena, /Attractions-g8698984-Activities-Torrenieri_Tuscany.html
Valle Lomellina attractions, Province of Pavia, /Attractions-g2407694-Activities-Valle_Lomellina_Province_of_Pavia_Lombardy.html
Ponte di Brenta attractions, Province of Padua, /Attractions-g2407695-Activities-Ponte_di_Brenta_Province_of_Padua_Veneto.html
Graglia attractions, Province of Biella, /Attractions-g2374920-Activities-Graglia_Province_of_Biella_Piedmont.html
Sant'Elena Sannita attractions, Province of Isernia, /Attractions-g7060825-Activities-Sant_Elena_Sannita_Province_of_Isernia_Molise.html
Cigliano attractions, Province of Vercelli, /Attractions-g1736002-Activities-Cigliano_Province_of_Vercelli_Piedmont.html
Montemassi attractions, Province of Grosseto, /Attractions-g3374515-Activities-Montemassi_Province_of_Grosseto_Tuscany.html
Struda attractions, Province of Lecce, /Attractions-g3374503-Activities-Struda_Province_of_Lecce_Puglia.html
Taglio di Po attractions, Province of Rovigo, /Attractions-g1047990-Activities-Taglio_di_Po_Province_of_Rovigo_Veneto.html
