province_name, region_name, province_url
Mazzarino attractions, Province of Caltanissetta, /Attractions-g1649986-Activities-Mazzarino_Province_of_Caltanissetta_Sicily.html
Cave attractions, Province of Rome, /Attractions-g666987-Activities-Cave_Province_of_Rome_Lazio.html
Villafrati attractions, Province of Palermo, /Attractions-g3649004-Activities-Villafrati_Province_of_Palermo_Sicily.html
San Giorio di Susa attractions, Province of Turin, /Attractions-g1486306-Activities-San_Giorio_di_Susa_Province_of_Turin_Piedmont.html
Fiumalbo attractions, Province of Modena, /Attractions-g1568276-Activities-Fiumalbo_Province_of_Modena_Emilia_Romagna.html
Vigo di Cadore attractions, Province of Belluno, /Attractions-g1568267-Activities-Vigo_di_Cadore_Province_of_Belluno_Veneto.html
Vermiglio attractions, Province of Trento, /Attractions-g667196-Activities-Vermiglio_Province_of_Trento_Trentino_Alto_Adige.html
Piombino Dese attractions, Province of Padua, /Attractions-g1519198-Activities-Piombino_Dese_Province_of_Padua_Veneto.html
Mandas attractions, Province of Cagliari, /Attractions-g2305658-Activities-Mandas_Province_of_Cagliari_Sardinia.html
Capitignano attractions, Province of L'Aquila, /Attractions-g3403340-Activities-Capitignano_Province_of_L_Aquila_Abruzzo.html
Cembra attractions, Province of Trento, /Attractions-g2305757-Activities-Cembra_Province_of_Trento_Trentino_Alto_Adige.html
San Giorgio delle Pertiche attractions, Province of Padua, /Attractions-g3665674-Activities-San_Giorgio_delle_Pertiche_Province_of_Padua_Veneto.html
Gravellona Lomellina attractions, Province of Pavia, /Attractions-g2469758-Activities-Gravellona_Lomellina_Province_of_Pavia_Lombardy.html
Giuggianello attractions, Province of Lecce, /Attractions-g1093561-Activities-Giuggianello_Province_of_Lecce_Puglia.html
Candida attractions, Province of Avellino, /Attractions-g1535910-Activities-Candida_Province_of_Avellino_Campania.html
Tusa attractions, Province of Messina, /Attractions-g1077198-Activities-Tusa_Province_of_Messina_Sicily.html
Colledara attractions, Province of Teramo, /Attractions-g2060351-Activities-Colledara_Province_of_Teramo_Abruzzo.html
Caltavuturo attractions, Province of Palermo, /Attractions-g3174407-Activities-Caltavuturo_Province_of_Palermo_Sicily.html
Montecarotto attractions, Province of Ancona, /Attractions-g1863862-Activities-Montecarotto_Province_of_Ancona_Marche.html
Villesse attractions, Province of Gorizia, /Attractions-g4878474-Activities-Villesse_Province_of_Gorizia_Friuli_Venezia_Giulia.html
Moimacco attractions, Province of Udine, /Attractions-g4878475-Activities-Moimacco_Province_of_Udine_Friuli_Venezia_Giulia.html
Sillano attractions, Province of Lucca, /Attractions-g4878481-Activities-Sillano_Province_of_Lucca_Tuscany.html
Aggius attractions, Province of Olbia-Tempio, /Attractions-g1061118-Activities-Aggius_Province_of_Olbia_Tempio_Sardinia.html
Rosate attractions, Province of Milan, /Attractions-g1945842-Activities-Rosate_Province_of_Milan_Lombardy.html
Cerchiara di Calabria attractions, Province of Cosenza, /Attractions-g2552172-Activities-Cerchiara_di_Calabria_Province_of_Cosenza_Calabria.html
Agazzano attractions, Province of Piacenza, /Attractions-g2634048-Activities-Agazzano_Province_of_Piacenza_Emilia_Romagna.html
Buscemi attractions, Province of Syracuse, /Attractions-g2568631-Activities-Buscemi_Province_of_Syracuse_Sicily.html
Saltara attractions, Province of Pesaro and Urbino, /Attractions-g1405371-Activities-Saltara_Province_of_Pesaro_and_Urbino_Marche.html
Novate Mezzola attractions, Province of Sondrio, /Attractions-g2191883-Activities-Novate_Mezzola_Province_of_Sondrio_Lombardy.html
Capranica Prenestina attractions, Province of Rome, /Attractions-g1389243-Activities-Capranica_Prenestina_Province_of_Rome_Lazio.html
Balsorano attractions, Province of L'Aquila, /Attractions-g1749676-Activities-Balsorano_Province_of_L_Aquila_Abruzzo.html
Vinovo attractions, Province of Turin, /Attractions-g2077421-Activities-Vinovo_Province_of_Turin_Piedmont.html
La Salle attractions, Valle d'Aosta, /Attractions-g1077987-Activities-La_Salle_Valle_d_Aosta.html
Torgiano attractions, Province of Perugia, /Attractions-g635638-Activities-Torgiano_Province_of_Perugia_Umbria.html
Pietralunga attractions, Province of Perugia, /Attractions-g652043-Activities-Pietralunga_Province_of_Perugia_Umbria.html
Costermano attractions, Province of Verona, /Attractions-g652047-Activities-Costermano_Province_of_Verona_Veneto.html
Vezzano Ligure attractions, Province of La Spezia, /Attractions-g1078068-Activities-Vezzano_Ligure_Province_of_La_Spezia_Liguria.html
Spezzano della Sila attractions, Province of Cosenza, /Attractions-g1078078-Activities-Spezzano_della_Sila_Province_of_Cosenza_Calabria.html
Cutro attractions, Province of Crotone, /Attractions-g1127396-Activities-Cutro_Province_of_Crotone_Calabria.html
Campello sul Clitunno attractions, Province of Perugia, /Attractions-g1438734-Activities-Campello_sul_Clitunno_Province_of_Perugia_Umbria.html
Ponte di Piave attractions, Province of Treviso, /Attractions-g1078284-Activities-Ponte_di_Piave_Province_of_Treviso_Veneto.html
Castelletto d'Orba attractions, Province of Alessandria, /Attractions-g3404826-Activities-Castelletto_d_Orba_Province_of_Alessandria_Piedmont.html
Ciminna attractions, Province of Palermo, /Attractions-g1193205-Activities-Ciminna_Province_of_Palermo_Sicily.html
Grumolo Delle Abbadesse attractions, Province of Vicenza, /Attractions-g2356426-Activities-Grumolo_Delle_Abbadesse_Province_of_Vicenza_Veneto.html
Pessano con Bornago attractions, Province of Milan, /Attractions-g2372867-Activities-Pessano_con_Bornago_Province_of_Milan_Lombardy.html
Neviano degli Arduini attractions, Province of Parma, /Attractions-g1930565-Activities-Neviano_degli_Arduini_Province_of_Parma_Emilia_Romagna.html
Rocca Imperiale attractions, Province of Cosenza, /Attractions-g2209323-Activities-Rocca_Imperiale_Province_of_Cosenza_Calabria.html
Luco dei Marsi attractions, Province of L'Aquila, /Attractions-g2209431-Activities-Luco_dei_Marsi_Province_of_L_Aquila_Abruzzo.html
Castel Bolognese attractions, Province of Ravenna, /Attractions-g2193137-Activities-Castel_Bolognese_Province_of_Ravenna_Emilia_Romagna.html
Cropani attractions, Province of Catanzaro, /Attractions-g1079055-Activities-Cropani_Province_of_Catanzaro_Calabria.html
