province_name, region_name, province_url
San Giacomo Lovara attractions, Province of Cremona, /Attractions-g13129414-Activities-San_Giacomo_Lovara_Province_of_Cremona_Lombardy.html
Ferrera Erbognone attractions, Province of Pavia, /Attractions-g2561558-Activities-Ferrera_Erbognone_Province_of_Pavia_Lombardy.html
Gatto attractions, Province of Turin, /Attractions-g21026563-Activities-Gatto_Province_of_Turin_Piedmont.html
Zubiena attractions, Province of Biella, /Attractions-g3675760-Activities-Zubiena_Province_of_Biella_Piedmont.html
Palidoro attractions, Province of Rome, /Attractions-g2299473-Activities-Palidoro_Province_of_Rome_Lazio.html
Sant'Agnese attractions, Province of Campobasso, /Attractions-g20043664-Activities-Sant_Agnese_Province_of_Campobasso_Molise.html
Celso attractions, Province of Salerno, /Attractions-g13555313-Activities-Celso_Province_of_Salerno_Campania.html
Elini attractions, Province of Ogliastra, /Attractions-g11949672-Activities-Elini_Province_of_Ogliastra_Sardinia.html
Morsano di Strada attractions, Province of Udine, /Attractions-g5002913-Activities-Morsano_di_Strada_Province_of_Udine_Friuli_Venezia_Giulia.html
Ville di Corsano attractions, Province of Siena, /Attractions-g1185506-Activities-Ville_di_Corsano_Tuscany.html
Cervatto attractions, Province of Vercelli, /Attractions-g7182184-Activities-Cervatto_Province_of_Vercelli_Piedmont.html
Balmuccia attractions, Province of Vercelli, /Attractions-g3741482-Activities-Balmuccia_Province_of_Vercelli_Piedmont.html
Madonna Dei Fornelli attractions, Province of Bologna, /Attractions-g2135868-Activities-Madonna_Dei_Fornelli_Province_of_Bologna_Emilia_Romagna.html
Rubiana attractions, Province of Turin, /Attractions-g2316154-Activities-Rubiana_Province_of_Turin_Piedmont.html
Lisio attractions, Province of Cuneo, /Attractions-g20158063-Activities-Lisio_Province_of_Cuneo_Piedmont.html
Castelpizzuto attractions, Province of Isernia, /Attractions-g21272108-Activities-Castelpizzuto_Province_of_Isernia_Molise.html
Azzanello attractions, Province of Pordenone, /Attractions-g3741504-Activities-Azzanello_Province_of_Pordenone_Friuli_Venezia_Giulia.html
Pescate attractions, Province of Lecco, /Attractions-g2201523-Activities-Pescate_Province_of_Lecco_Lombardy.html
Motella attractions, Province of Brescia, /Attractions-g4003750-Activities-Motella_Province_of_Brescia_Lombardy.html
Maserno attractions, Province of Modena, /Attractions-g2398138-Activities-Maserno_Province_of_Modena_Emilia_Romagna.html
Meleti attractions, Province of Lodi, /Attractions-g6674392-Activities-Meleti_Province_of_Lodi_Lombardy.html
Pranzalito attractions, Province of Turin, /Attractions-g21026559-Activities-Pranzalito_Province_of_Turin_Piedmont.html
Castelpizzuto attractions, Province of Isernia, /Attractions-g21272214-Activities-Castelpizzuto_Province_of_Isernia_Molise.html
Quingentole attractions, Province of Mantua, /Attractions-g8329124-Activities-Quingentole_Province_of_Mantua_Lombardy.html
Pettoranello del Molise attractions, Province of Isernia, /Attractions-g21272217-Activities-Pettoranello_del_Molise_Province_of_Isernia_Molise.html
Santa Maria Rocca attractions, Province of Cuneo, /Attractions-g3381201-Activities-Santa_Maria_Rocca_Province_of_Cuneo_Piedmont.html
Feroleto Antico attractions, Province of Catanzaro, /Attractions-g1972198-Activities-Feroleto_Antico_Province_of_Catanzaro_Calabria.html
Ponte Vecchio attractions, Province of Milan, /Attractions-g21059908-Activities-Ponte_Vecchio_Province_of_Milan_Lombardy.html
Mosciano attractions, Province of Florence, /Attractions-g1169463-Activities-Mosciano_Tuscany.html
Cardana attractions, Province of Varese, /Attractions-g21059960-Activities-Cardana_Province_of_Varese_Lombardy.html
Pozzo di Mulazzo attractions, Province of Massa Carrara, /Attractions-g2300009-Activities-Pozzo_di_Mulazzo_Province_of_Massa_Carrara_Tuscany.html
Cergnago attractions, Province of Pavia, /Attractions-g2693242-Activities-Cergnago_Province_of_Pavia_Lombardy.html
Lobbi attractions, Province of Alessandria, /Attractions-g2693247-Activities-Lobbi_Province_of_Alessandria_Piedmont.html
Correzzana attractions, Province of Monza and Brianza, /Attractions-g21059871-Activities-Correzzana_Province_of_Monza_and_Brianza_Lombardy.html
Moncenisio attractions, Province of Turin, /Attractions-g1169486-Activities-Moncenisio_Province_of_Turin_Piedmont.html
Bedulita attractions, Province of Bergamo, /Attractions-g3381339-Activities-Bedulita_Province_of_Bergamo_Lombardy.html
Ghirla attractions, Province of Varese, /Attractions-g4053067-Activities-Ghirla_Province_of_Varese_Lombardy.html
Lazzaro attractions, Province of Reggio Calabria, /Attractions-g1972371-Activities-Lazzaro_Province_of_Reggio_Calabria_Calabria.html
Balbiano attractions, Colturano, /Attractions-g15194225-Activities-Balbiano_Colturano_Province_of_Milan_Lombardy.html
San Lorenzo di Trevi attractions, Province of Perugia, /Attractions-g1972360-Activities-San_Lorenzo_di_Trevi_Province_of_Perugia_Umbria.html
Savelli attractions, Province of Crotone, /Attractions-g10770493-Activities-Savelli_Province_of_Crotone_Calabria.html
Castelfranco in Miscano attractions, Province of Benevento, /Attractions-g3610775-Activities-Castelfranco_in_Miscano_Province_of_Benevento_Campania.html
Montevecchio attractions, Province of Medio Campidano, /Attractions-g3135622-Activities-Montevecchio_Province_of_Medio_Campidano_Sardinia.html
Lessona attractions, Province of Biella, /Attractions-g7903441-Activities-Lessona_Province_of_Biella_Piedmont.html
Cassaro attractions, Province of Syracuse, /Attractions-g3135620-Activities-Cassaro_Province_of_Syracuse_Sicily.html
Grisignano di Zocco attractions, Province of Vicenza, /Attractions-g2021542-Activities-Grisignano_di_Zocco_Province_of_Vicenza_Veneto.html
Castelluccio Cosentino attractions, Province of Salerno, /Attractions-g2562275-Activities-Castelluccio_Cosentino_Province_of_Salerno_Campania.html
Flaipano attractions, Province of Udine, /Attractions-g12130430-Activities-Flaipano_Province_of_Udine_Friuli_Venezia_Giulia.html
Vitolini attractions, Province of Florence, /Attractions-g2562284-Activities-Vitolini_Tuscany.html
Camposanto attractions, Province of Modena, /Attractions-g2398454-Activities-Camposanto_Province_of_Modena_Emilia_Romagna.html
