province_name, region_name, province_url
Fino del Monte attractions, Province of Bergamo, /Attractions-g642176-Activities-Fino_del_Monte_Province_of_Bergamo_Lombardy.html
Guardistallo attractions, Province of Pisa, /Attractions-g1182858-Activities-Guardistallo_Province_of_Pisa_Tuscany.html
Pertica Alta attractions, Province of Brescia, /Attractions-g3198156-Activities-Pertica_Alta_Province_of_Brescia_Lombardy.html
Basiglio attractions, Province of Milan, /Attractions-g675075-Activities-Basiglio_Province_of_Milan_Lombardy.html
Faleria attractions, Province of Viterbo, /Attractions-g7146867-Activities-Faleria_Province_of_Viterbo_Lazio.html
Novilara attractions, Province of Pesaro and Urbino, /Attractions-g1150278-Activities-Novilara_Province_of_Pesaro_and_Urbino_Marche.html
Mediglia attractions, Province of Milan, /Attractions-g1625483-Activities-Mediglia_Province_of_Milan_Lombardy.html
Montottone attractions, Province of Fermo, /Attractions-g3198378-Activities-Montottone_Province_of_Fermo_Marche.html
Zapponeta attractions, Province of Foggia, /Attractions-g3378684-Activities-Zapponeta_Province_of_Foggia_Puglia.html
Dipignano attractions, Province of Cosenza, /Attractions-g3247590-Activities-Dipignano_Province_of_Cosenza_Calabria.html
Rivara attractions, Province of Turin, /Attractions-g3247578-Activities-Rivara_Province_of_Turin_Piedmont.html
Veggiano attractions, Province of Padua, /Attractions-g2018857-Activities-Veggiano_Province_of_Padua_Veneto.html
Azzano San Paolo attractions, Province of Bergamo, /Attractions-g2100860-Activities-Azzano_San_Paolo_Province_of_Bergamo_Lombardy.html
Tornolo attractions, Province of Parma, /Attractions-g2018883-Activities-Tornolo_Province_of_Parma_Emilia_Romagna.html
Cosio Valtellino attractions, Province of Sondrio, /Attractions-g2018880-Activities-Cosio_Valtellino_Province_of_Sondrio_Lombardy.html
Usini attractions, Province of Sassari, /Attractions-g6033120-Activities-Usini_Province_of_Sassari_Sardinia.html
Loria attractions, Province of Treviso, /Attractions-g3247756-Activities-Loria_Province_of_Treviso_Veneto.html
Fauglia attractions, Province of Pisa, /Attractions-g1773272-Activities-Fauglia_Province_of_Pisa_Tuscany.html
Capriati a Volturno attractions, Province of Caserta, /Attractions-g1576654-Activities-Capriati_a_Volturno_Province_of_Caserta_Campania.html
Pray attractions, Province of Biella, /Attractions-g2002658-Activities-Pray_Province_of_Biella_Piedmont.html
Venaus attractions, Province of Turin, /Attractions-g2002713-Activities-Venaus_Province_of_Turin_Piedmont.html
Monteverdi Marittimo attractions, Province of Pisa, /Attractions-g1183526-Activities-Monteverdi_Marittimo_Province_of_Pisa_Tuscany.html
Berzo Demo attractions, Province of Brescia, /Attractions-g3264262-Activities-Berzo_Demo_Province_of_Brescia_Lombardy.html
Frigole attractions, Province of Lecce, /Attractions-g2314015-Activities-Frigole_Province_of_Lecce_Puglia.html
Cesano attractions, Province of Rome, /Attractions-g2314012-Activities-Cesano_Province_of_Rome_Lazio.html
Villongo attractions, Province of Bergamo, /Attractions-g2477903-Activities-Villongo_Province_of_Bergamo_Lombardy.html
Mezzomerico attractions, Province of Novara, /Attractions-g2477899-Activities-Mezzomerico_Province_of_Novara_Piedmont.html
Vedano Olona attractions, Province of Varese, /Attractions-g2477917-Activities-Vedano_Olona_Province_of_Varese_Lombardy.html
San Pietro Avellana attractions, Province of Isernia, /Attractions-g3526477-Activities-San_Pietro_Avellana_Province_of_Isernia_Molise.html
Portisco attractions, Province of Olbia-Tempio, /Attractions-g675745-Activities-Portisco_Province_of_Olbia_Tempio_Sardinia.html
Castignano attractions, Province of Ascoli Piceno, /Attractions-g2281368-Activities-Castignano_Province_of_Ascoli_Piceno_Marche.html
Cleto attractions, Province of Cosenza, /Attractions-g3411849-Activities-Cleto_Province_of_Cosenza_Calabria.html
Marina di Montenero attractions, Province of Campobasso, /Attractions-g2478053-Activities-Marina_di_Montenero_Province_of_Campobasso_Molise.html
Chiaramonti attractions, Province of Sassari, /Attractions-g2297824-Activities-Chiaramonti_Province_of_Sassari_Sardinia.html
Settingiano attractions, Province of Catanzaro, /Attractions-g1576914-Activities-Settingiano_Province_of_Catanzaro_Calabria.html
Cressa attractions, Province of Novara, /Attractions-g2691023-Activities-Cressa_Province_of_Novara_Piedmont.html
Rocca di Cave attractions, Province of Rome, /Attractions-g2412482-Activities-Rocca_di_Cave_Province_of_Rome_Lazio.html
Sorbolo attractions, Province of Parma, /Attractions-g2199508-Activities-Sorbolo_Province_of_Parma_Emilia_Romagna.html
Borbona attractions, Province of Rieti, /Attractions-g13537483-Activities-Borbona_Province_of_Rieti_Lazio.html
Ceresara attractions, Province of Mantua, /Attractions-g2281529-Activities-Ceresara_Province_of_Mantua_Lombardy.html
Meana Sardo attractions, Province of Nuoro, /Attractions-g1871874-Activities-Meana_Sardo_Province_of_Nuoro_Sardinia.html
Airasca attractions, Province of Turin, /Attractions-g2527338-Activities-Airasca_Province_of_Turin_Piedmont.html
Colledimacine attractions, Province of Chieti, /Attractions-g2297970-Activities-Colledimacine_Province_of_Chieti_Abruzzo.html
Premana attractions, Province of Lecco, /Attractions-g6508753-Activities-Premana_Province_of_Lecco_Lombardy.html
Casalbuono attractions, Province of Salerno, /Attractions-g3330293-Activities-Casalbuono_Province_of_Salerno_Campania.html
Castagneto Po attractions, Province of Turin, /Attractions-g1757392-Activities-Castagneto_Po_Province_of_Turin_Piedmont.html
Spezzano Piccolo attractions, Province of Cosenza, /Attractions-g3772655-Activities-Spezzano_Piccolo_Province_of_Cosenza_Calabria.html
Craveggia attractions, Province of Verbano-Cusio-Ossola, /Attractions-g2199751-Activities-Craveggia_Province_of_Verbano_Cusio_Ossola_Piedmont.html
Belmonte del Sannio attractions, Province of Isernia, /Attractions-g3395879-Activities-Belmonte_del_Sannio_Province_of_Isernia_Molise.html
Prossedi attractions, Province of Latina, /Attractions-g2052413-Activities-Prossedi_Province_of_Latina_Lazio.html
