province_name, region_name, province_url
Croce di Magara attractions, Province of Cosenza, /Attractions-g12311759-Activities-Croce_di_Magara_Province_of_Cosenza_Calabria.html
Portalbera attractions, Province of Pavia, /Attractions-g2186325-Activities-Portalbera_Province_of_Pavia_Lombardy.html
Tessennano attractions, Province of Viterbo, /Attractions-g5594157-Activities-Tessennano_Province_of_Viterbo_Lazio.html
Lazzate attractions, Province of Monza and Brianza, /Attractions-g2399326-Activities-Lazzate_Province_of_Monza_and_Brianza_Lombardy.html
Campolongo Sul Brenta attractions, Province of Vicenza, /Attractions-g3464265-Activities-Campolongo_Sul_Brenta_Province_of_Vicenza_Veneto.html
Mafalda attractions, Province of Campobasso, /Attractions-g2399323-Activities-Mafalda_Province_of_Campobasso_Molise.html
Taverna attractions, Province of Latina, /Attractions-g18816406-Activities-Taverna_Province_of_Latina_Lazio.html
Gaglietole attractions, Province of Perugia, /Attractions-g6495471-Activities-Gaglietole_Province_of_Perugia_Umbria.html
Pisoniano attractions, Province of Rome, /Attractions-g2399364-Activities-Pisoniano_Province_of_Rome_Lazio.html
Montelanico attractions, Province of Rome, /Attractions-g1137830-Activities-Montelanico_Province_of_Rome_Lazio.html
Varisella attractions, Province of Turin, /Attractions-g8477754-Activities-Varisella_Province_of_Turin_Piedmont.html
Turri attractions, Province of Medio Campidano, /Attractions-g3464329-Activities-Turri_Province_of_Medio_Campidano_Sardinia.html
Onigo attractions, Province of Treviso, /Attractions-g21355948-Activities-Onigo_Province_of_Treviso_Veneto.html
Ontagnano attractions, Province of Udine, /Attractions-g1924334-Activities-Ontagnano_Province_of_Udine_Friuli_Venezia_Giulia.html
Bargano attractions, Province of Lodi, /Attractions-g15130084-Activities-Bargano_Province_of_Lodi_Lombardy.html
Umin attractions, Province of Belluno, /Attractions-g1924372-Activities-Umin_Province_of_Belluno_Veneto.html
Uzzano attractions, Province of Pistoia, /Attractions-g1187123-Activities-Uzzano_Province_of_Pistoia_Tuscany.html
Vicopelago attractions, Province of Lucca, /Attractions-g1187120-Activities-Vicopelago_Province_of_Lucca_Tuscany.html
Roncaglia attractions, Province of Piacenza, /Attractions-g2333961-Activities-Roncaglia_Province_of_Piacenza_Emilia_Romagna.html
Ognio attractions, Province of Genoa, /Attractions-g2333974-Activities-Ognio_Province_of_Genoa_Liguria.html
Monteguidi attractions, Province of Siena, /Attractions-g12672509-Activities-Monteguidi_Tuscany.html
Pavone del Mella attractions, Province of Brescia, /Attractions-g19274851-Activities-Pavone_del_Mella_Province_of_Brescia_Lombardy.html
Luincis attractions, Province of Udine, /Attractions-g12312062-Activities-Luincis_Province_of_Udine_Friuli_Venezia_Giulia.html
Loneriacco di Tarcento attractions, Province of Udine, /Attractions-g1514874-Activities-Loneriacco_di_Tarcento_Province_of_Udine_Friuli_Venezia_Giulia.html
Salerano sul Lambro attractions, Province of Lodi, /Attractions-g12049869-Activities-Salerano_sul_Lambro_Province_of_Lodi_Lombardy.html
Vallecorsa attractions, Province of Frosinone, /Attractions-g4480313-Activities-Vallecorsa_Province_of_Frosinone_Lazio.html
Tosca attractions, Province of Parma, /Attractions-g3399089-Activities-Tosca_Province_of_Parma_Emilia_Romagna.html
Ospitale di Cadore attractions, Province of Belluno, /Attractions-g7855588-Activities-Ospitale_di_Cadore_Province_of_Belluno_Veneto.html
Gallina attractions, Province of Siena, /Attractions-g1187208-Activities-Gallina_Tuscany.html
Brandico attractions, Province of Brescia, /Attractions-g19274936-Activities-Brandico_Province_of_Brescia_Lombardy.html
Soligo attractions, Province of Treviso, /Attractions-g1187259-Activities-Soligo_Province_of_Treviso_Veneto.html
Preseglie attractions, Province of Brescia, /Attractions-g19274891-Activities-Preseglie_Province_of_Brescia_Lombardy.html
Iano di Pistoia attractions, Province of Pistoia, /Attractions-g1187263-Activities-Iano_di_Pistoia_Province_of_Pistoia_Tuscany.html
Talana attractions, Province of Ogliastra, /Attractions-g1056164-Activities-Talana_Province_of_Ogliastra_Sardinia.html
Favaro attractions, Province of Biella, /Attractions-g1187242-Activities-Favaro_Province_of_Biella_Piedmont.html
Chies d'Alpago attractions, Province of Belluno, /Attractions-g7855516-Activities-Chies_d_Alpago_Province_of_Belluno_Veneto.html
Palmas Arborea attractions, Province of Oristano, /Attractions-g6479246-Activities-Palmas_Arborea_Province_of_Oristano_Sardinia.html
Agata Delle Noci attractions, Province of Foggia, /Attractions-g12312196-Activities-Agata_Delle_Noci_Province_of_Foggia_Puglia.html
Trivignano attractions, City of Venice, /Attractions-g777780-Activities-Trivignano_Veneto.html
Santo Stefano in Aspromon attractions, Province of Reggio Calabria, /Attractions-g1973852-Activities-Santo_Stefano_in_Aspromon_Province_of_Reggio_Calabria_Calabria.html
Crandola Valsassina attractions, Province of Lecco, /Attractions-g1973847-Activities-Crandola_Valsassina_Province_of_Lecco_Lombardy.html
Belforte Monferrato attractions, Province of Alessandria, /Attractions-g1973844-Activities-Belforte_Monferrato_Province_of_Alessandria_Piedmont.html
Mese attractions, Province of Sondrio, /Attractions-g1924695-Activities-Mese_Province_of_Sondrio_Lombardy.html
Santa Marina attractions, Province of Salerno, /Attractions-g1973845-Activities-Santa_Marina_Province_of_Salerno_Campania.html
Sover attractions, Province of Trento, /Attractions-g7380543-Activities-Sover_Province_of_Trento_Trentino_Alto_Adige.html
Vico Canavese attractions, Province of Turin, /Attractions-g2416244-Activities-Vico_Canavese_Province_of_Turin_Piedmont.html
Terzorio attractions, Italian Riviera, /Attractions-g2416246-Activities-Terzorio_Italian_Riviera_Liguria.html
Laganadi attractions, Province of Reggio Calabria, /Attractions-g21389077-Activities-Laganadi_Province_of_Reggio_Calabria_Calabria.html
Nardodipace attractions, Province of Vibo Valentia, /Attractions-g21389075-Activities-Nardodipace_Province_of_Vibo_Valentia_Calabria.html
Refrancore attractions, Province of Asti, /Attractions-g1728077-Activities-Refrancore_Province_of_Asti_Piedmont.html
