province_name, region_name, province_url
Palermiti attractions, Province of Catanzaro, /Attractions-g20592999-Activities-Palermiti_Province_of_Catanzaro_Calabria.html
San Martino in Freddana attractions, Province of Lucca, /Attractions-g1095799-Activities-San_Martino_in_Freddana_Province_of_Lucca_Tuscany.html
Scillato attractions, Province of Palermo, /Attractions-g2291800-Activities-Scillato_Province_of_Palermo_Sicily.html
Bleggio Inferiore attractions, Province of Trento, /Attractions-g194692-Activities-Bleggio_Inferiore_Province_of_Trento_Trentino_Alto_Adige.html
Pianello Vallesina attractions, Province of Ancona, /Attractions-g1095834-Activities-Pianello_Vallesina_Province_of_Ancona_Marche.html
Cesinali attractions, Province of Avellino, /Attractions-g2078866-Activities-Cesinali_Province_of_Avellino_Campania.html
Alpicella attractions, Province of Genoa, /Attractions-g4061344-Activities-Alpicella_Province_of_Genoa_Liguria.html
Varago attractions, Province of Treviso, /Attractions-g1095863-Activities-Varago_Province_of_Treviso_Veneto.html
Ponte San Marco attractions, Province of Brescia, /Attractions-g1095867-Activities-Ponte_San_Marco_Province_of_Brescia_Lombardy.html
Quarto Inferiore attractions, Province of Bologna, /Attractions-g1095868-Activities-Quarto_Inferiore_Province_of_Bologna_Emilia_Romagna.html
Villastrada attractions, Province of Mantua, /Attractions-g1996976-Activities-Villastrada_Province_of_Mantua_Lombardy.html
Sant'Alberto attractions, Province of Ravenna, /Attractions-g4323571-Activities-Sant_Alberto_Province_of_Ravenna_Emilia_Romagna.html
Valgioie attractions, Province of Turin, /Attractions-g1931478-Activities-Valgioie_Province_of_Turin_Piedmont.html
Casasco attractions, Province of Alessandria, /Attractions-g19462629-Activities-Casasco_Province_of_Alessandria_Piedmont.html
Montagne attractions, Province of Trento, /Attractions-g2291967-Activities-Montagne_Province_of_Trento_Trentino_Alto_Adige.html
Zelbio attractions, Lake Como, /Attractions-g1915116-Activities-Zelbio_Lake_Como_Lombardy.html
Ozzero attractions, Province of Milan, /Attractions-g2046176-Activities-Ozzero_Province_of_Milan_Lombardy.html
San Pietro a Maida attractions, Province of Catanzaro, /Attractions-g8747411-Activities-San_Pietro_a_Maida_Province_of_Catanzaro_Calabria.html
Cogliate attractions, Province of Monza and Brianza, /Attractions-g2079023-Activities-Cogliate_Province_of_Monza_and_Brianza_Lombardy.html
Santa Teresa di Spoltore attractions, Province of Pescara, /Attractions-g1833257-Activities-Santa_Teresa_di_Spoltore_Province_of_Pescara_Abruzzo.html
Pradleves attractions, Province of Cuneo, /Attractions-g194865-Activities-Pradleves_Province_of_Cuneo_Piedmont.html
Caprigliola attractions, Province of Massa Carrara, /Attractions-g2046333-Activities-Caprigliola_Province_of_Massa_Carrara_Tuscany.html
Brallo attractions, Province of Asti, /Attractions-g19003462-Activities-Brallo_Province_of_Asti_Piedmont.html
Cazzano Sant'Andrea attractions, Province of Bergamo, /Attractions-g8141076-Activities-Cazzano_Sant_Andrea_Province_of_Bergamo_Lombardy.html
Buscoldo attractions, Province of Mantua, /Attractions-g7092481-Activities-Buscoldo_Province_of_Mantua_Lombardy.html
Capitello attractions, Province of Salerno, /Attractions-g6584586-Activities-Capitello_Province_of_Salerno_Campania.html
Camburzano attractions, Province of Biella, /Attractions-g2357590-Activities-Camburzano_Province_of_Biella_Piedmont.html
Berzano di Tortona attractions, Province of Alessandria, /Attractions-g4471100-Activities-Berzano_di_Tortona_Province_of_Alessandria_Piedmont.html
Acquanegra sul Chiese attractions, Province of Mantua, /Attractions-g1948051-Activities-Acquanegra_sul_Chiese_Province_of_Mantua_Lombardy.html
Staffarda attractions, Province of Cuneo, /Attractions-g2292144-Activities-Staffarda_Province_of_Cuneo_Piedmont.html
Presezzo attractions, Province of Bergamo, /Attractions-g1063304-Activities-Presezzo_Province_of_Bergamo_Lombardy.html
Murialdo attractions, Province of Savona, /Attractions-g1653174-Activities-Murialdo_Province_of_Savona_Liguria.html
Villatora attractions, Province of Padua, /Attractions-g2619804-Activities-Villatora_Province_of_Padua_Veneto.html
Rocca Canterano attractions, Province of Rome, /Attractions-g16644418-Activities-Rocca_Canterano_Province_of_Rome_Lazio.html
Rocca di Roffeno attractions, Province of Bologna, /Attractions-g2292192-Activities-Rocca_di_Roffeno_Province_of_Bologna_Emilia_Romagna.html
Misinto attractions, Province of Monza and Brianza, /Attractions-g2357742-Activities-Misinto_Province_of_Monza_and_Brianza_Lombardy.html
Gerre de' Caprioli attractions, Province of Cremona, /Attractions-g2357753-Activities-Gerre_de_Caprioli_Province_of_Cremona_Lombardy.html
Castiglione di Ravenna attractions, Province of Ravenna, /Attractions-g2357711-Activities-Castiglione_di_Ravenna_Province_of_Ravenna_Emilia_Romagna.html
Pieve di Coriano attractions, Province of Mantua, /Attractions-g2275874-Activities-Pieve_di_Coriano_Province_of_Mantua_Lombardy.html
San Germano Vercellese attractions, Province of Vercelli, /Attractions-g8682125-Activities-San_Germano_Vercellese_Province_of_Vercelli_Piedmont.html
Budrio di Cotignola attractions, Province of Ravenna, /Attractions-g3439166-Activities-Budrio_di_Cotignola_Province_of_Ravenna_Emilia_Romagna.html
Rovare attractions, Province of Treviso, /Attractions-g3930651-Activities-Rovare_Province_of_Treviso_Veneto.html
Gurrone attractions, Province of Verbano-Cusio-Ossola, /Attractions-g20265747-Activities-Gurrone_Province_of_Verbano_Cusio_Ossola_Piedmont.html
Alpe attractions, Province of Genoa, /Attractions-g19806985-Activities-Alpe_Province_of_Genoa_Liguria.html
Arre attractions, Province of Padua, /Attractions-g12942062-Activities-Arre_Province_of_Padua_Veneto.html
Bodengo attractions, Province of Sondrio, /Attractions-g8551085-Activities-Bodengo_Province_of_Sondrio_Lombardy.html
Cavaglio attractions, Province of Verbano-Cusio-Ossola, /Attractions-g20265740-Activities-Cavaglio_Province_of_Verbano_Cusio_Ossola_Piedmont.html
Vidardo attractions, Province of Lodi, /Attractions-g13548175-Activities-Vidardo_Province_of_Lodi_Lombardy.html
Bordolano attractions, Province of Cremona, /Attractions-g2161258-Activities-Bordolano_Province_of_Cremona_Lombardy.html
Fusine attractions, Province of Sondrio, /Attractions-g4979224-Activities-Fusine_Province_of_Sondrio_Lombardy.html
