province_name, region_name, province_url
Vallarsa attractions, Province of Trento, /Attractions-g3577669-Activities-Vallarsa_Province_of_Trento_Trentino_Alto_Adige.html
Giurdignano attractions, Province of Lecce, /Attractions-g1054618-Activities-Giurdignano_Province_of_Lecce_Puglia.html
Fiorano Modenese attractions, Province of Modena, /Attractions-g1054731-Activities-Fiorano_Modenese_Province_of_Modena_Emilia_Romagna.html
Vagli Sotto attractions, Province of Lucca, /Attractions-g7166064-Activities-Vagli_Sotto_Province_of_Lucca_Tuscany.html
Casola Valsenio attractions, Province of Ravenna, /Attractions-g1169488-Activities-Casola_Valsenio_Province_of_Ravenna_Emilia_Romagna.html
San Fior di Sopra attractions, Province of Treviso, /Attractions-g1972554-Activities-San_Fior_di_Sopra_Province_of_Treviso_Veneto.html
Norma attractions, Province of Latina, /Attractions-g2054601-Activities-Norma_Province_of_Latina_Lazio.html
Quattro Castella attractions, Province of Reggio Emilia, /Attractions-g1235482-Activities-Quattro_Castella_Province_of_Reggio_Emilia_Emilia_Romagna.html
Castiglione Dei Pepoli attractions, Province of Bologna, /Attractions-g1202695-Activities-Castiglione_Dei_Pepoli_Province_of_Bologna_Emilia_Romagna.html
Sellano attractions, Province of Perugia, /Attractions-g1497702-Activities-Sellano_Province_of_Perugia_Umbria.html
San Floriano del Collio attractions, Province of Gorizia, /Attractions-g580221-Activities-San_Floriano_del_Collio_Province_of_Gorizia_Friuli_Venezia_Giulia.html
Cumiana attractions, Province of Turin, /Attractions-g1055377-Activities-Cumiana_Province_of_Turin_Piedmont.html
Capriate San Gervasio attractions, Province of Bergamo, /Attractions-g1514136-Activities-Capriate_San_Gervasio_Province_of_Bergamo_Lombardy.html
Rossano Veneto attractions, Province of Vicenza, /Attractions-g1809188-Activities-Rossano_Veneto_Province_of_Vicenza_Veneto.html
Lodi Vecchio attractions, Province of Lodi, /Attractions-g2186014-Activities-Lodi_Vecchio_Province_of_Lodi_Lombardy.html
Tregnago attractions, Province of Verona, /Attractions-g1842218-Activities-Tregnago_Province_of_Verona_Veneto.html
Genoni attractions, Province of Oristano, /Attractions-g2268253-Activities-Genoni_Province_of_Oristano_Sardinia.html
Piovene Rocchette attractions, Province of Vicenza, /Attractions-g2268324-Activities-Piovene_Rocchette_Province_of_Vicenza_Veneto.html
Pioltello attractions, Province of Milan, /Attractions-g1056118-Activities-Pioltello_Province_of_Milan_Lombardy.html
Corniglia attractions, Cinque Terre, /Attractions-g187818-Activities-Corniglia_Cinque_Terre_Italian_Riviera_Liguria.html
Borgo Valbelluna attractions, Province of Belluno, /Attractions-g21503108-Activities-Borgo_Valbelluna_Province_of_Belluno_Veneto.html
Bertiolo attractions, Province of Udine, /Attractions-g2531120-Activities-Bertiolo_Province_of_Udine_Friuli_Venezia_Giulia.html
Monasterace attractions, Province of Reggio Calabria, /Attractions-g3137364-Activities-Monasterace_Province_of_Reggio_Calabria_Calabria.html
Levanzo attractions, Aegadian Islands, /Attractions-g1024113-Activities-Levanzo_Aegadian_Islands_Islands_of_Sicily_Sicily.html
Guiglia attractions, Province of Modena, /Attractions-g1761594-Activities-Guiglia_Province_of_Modena_Emilia_Romagna.html
Challand-Saint-Victor attractions, Valle d'Aosta, /Attractions-g2056554-Activities-Challand_Saint_Victor_Valle_d_Aosta.html
Torrenova attractions, Province of Messina, /Attractions-g3334576-Activities-Torrenova_Province_of_Messina_Sicily.html
Cassano delle Murge attractions, Province of Bari, /Attractions-g1204632-Activities-Cassano_delle_Murge_Province_of_Bari_Puglia.html
Capraia Isola attractions, Province of Livorno, /Attractions-g1729102-Activities-Capraia_Isola_Province_of_Livorno_Tuscany.html
Lierna attractions, Lake Como, /Attractions-g664189-Activities-Lierna_Lake_Como_Lombardy.html
Dongo attractions, Lake Como, /Attractions-g664183-Activities-Dongo_Lake_Como_Lombardy.html
Atina attractions, Province of Frosinone, /Attractions-g2056863-Activities-Atina_Province_of_Frosinone_Lazio.html
Santadi attractions, Province of Carbonia-Iglesias, /Attractions-g2155140-Activities-Santadi_Province_of_Carbonia_Iglesias_Sardinia.html
Valdieri attractions, Province of Cuneo, /Attractions-g2138861-Activities-Valdieri_Province_of_Cuneo_Piedmont.html
Pettorano sul Gizio attractions, Province of L'Aquila, /Attractions-g2138870-Activities-Pettorano_sul_Gizio_Province_of_L_Aquila_Abruzzo.html
Rigolato attractions, Province of Udine, /Attractions-g3483051-Activities-Rigolato_Province_of_Udine_Friuli_Venezia_Giulia.html
Foglizzo attractions, Province of Turin, /Attractions-g2057744-Activities-Foglizzo_Province_of_Turin_Piedmont.html
Calizzano attractions, Province of Savona, /Attractions-g1140272-Activities-Calizzano_Province_of_Savona_Liguria.html
Cavallermaggiore attractions, Province of Cuneo, /Attractions-g2057865-Activities-Cavallermaggiore_Province_of_Cuneo_Piedmont.html
Leverano attractions, Province of Lecce, /Attractions-g1009327-Activities-Leverano_Province_of_Lecce_Puglia.html
Castelsantangelo sul Nera attractions, Province of Macerata, /Attractions-g1566582-Activities-Castelsantangelo_sul_Nera_Province_of_Macerata_Marche.html
Gornate Olona attractions, Province of Varese, /Attractions-g1566579-Activities-Gornate_Olona_Province_of_Varese_Lombardy.html
Borgoricco attractions, Province of Padua, /Attractions-g1566586-Activities-Borgoricco_Province_of_Padua_Veneto.html
Borgorose attractions, Province of Rieti, /Attractions-g2697157-Activities-Borgorose_Province_of_Rieti_Lazio.html
Trivignano Udinese attractions, Province of Udine, /Attractions-g2533605-Activities-Trivignano_Udinese_Province_of_Udine_Friuli_Venezia_Giulia.html
Monte Di Procida attractions, Province of Naples, /Attractions-g2140535-Activities-Monte_Di_Procida_Province_of_Naples_Campania.html
Assago attractions, Province of Milan, /Attractions-g780654-Activities-Assago_Province_of_Milan_Lombardy.html
Pietracamela attractions, Province of Teramo, /Attractions-g1632625-Activities-Pietracamela_Province_of_Teramo_Abruzzo.html
Lanzo d'Intelvi attractions, Province of Como, /Attractions-g665957-Activities-Lanzo_d_Intelvi_Province_of_Como_Lombardy.html
Gagliano Castelferrato attractions, Province of Enna, /Attractions-g7924188-Activities-Gagliano_Castelferrato_Province_of_Enna_Sicily.html
