province_name, region_name, province_url
Ome attractions, Province of Brescia, /Attractions-g1450268-Activities-Ome_Province_of_Brescia_Lombardy.html
Modigliana attractions, Province of Forli-Cesena, /Attractions-g2138378-Activities-Modigliana_Province_of_Forli_Cesena_Emilia_Romagna.html
Mulazzo attractions, Province of Massa Carrara, /Attractions-g1057117-Activities-Mulazzo_Province_of_Massa_Carrara_Tuscany.html
Vobbia attractions, Province of Genoa, /Attractions-g2318669-Activities-Vobbia_Province_of_Genoa_Liguria.html
Latronico attractions, Province of Potenza, /Attractions-g2286009-Activities-Latronico_Province_of_Potenza_Basilicata.html
Merlara attractions, Province of Padua, /Attractions-g4874750-Activities-Merlara_Province_of_Padua_Veneto.html
Cantalupo Ligure attractions, Province of Alessandria, /Attractions-g1810904-Activities-Cantalupo_Ligure_Province_of_Alessandria_Piedmont.html
Grosotto attractions, Province of Sondrio, /Attractions-g1810896-Activities-Grosotto_Province_of_Sondrio_Lombardy.html
Belmonte Mezzagno attractions, Province of Palermo, /Attractions-g1384991-Activities-Belmonte_Mezzagno_Province_of_Palermo_Sicily.html
Monzambano attractions, Province of Mantua, /Attractions-g664064-Activities-Monzambano_Province_of_Mantua_Lombardy.html
San Benedetto Po attractions, Province of Mantua, /Attractions-g1204807-Activities-San_Benedetto_Po_Province_of_Mantua_Lombardy.html
Zeri attractions, Province of Massa Carrara, /Attractions-g2646653-Activities-Zeri_Province_of_Massa_Carrara_Tuscany.html
Nesso attractions, Lake Como, /Attractions-g664193-Activities-Nesso_Lake_Como_Lombardy.html
Perledo attractions, Lake Como, /Attractions-g664196-Activities-Perledo_Lake_Como_Lombardy.html
Tronzano Lago Maggiore attractions, Lake Maggiore, /Attractions-g664213-Activities-Tronzano_Lago_Maggiore_Lake_Maggiore_Lombardy.html
Sestino attractions, Province of Arezzo, /Attractions-g2155149-Activities-Sestino_Province_of_Arezzo_Tuscany.html
Idro attractions, Province of Brescia, /Attractions-g664253-Activities-Idro_Province_of_Brescia_Lombardy.html
Imbersago attractions, Province of Lecco, /Attractions-g2138850-Activities-Imbersago_Province_of_Lecco_Lombardy.html
Valguarnera Caropepe attractions, Province of Enna, /Attractions-g3793652-Activities-Valguarnera_Caropepe_Province_of_Enna_Sicily.html
Talmassons attractions, Province of Udine, /Attractions-g3793645-Activities-Talmassons_Province_of_Udine_Friuli_Venezia_Giulia.html
Miggiano attractions, Province of Lecce, /Attractions-g4236111-Activities-Miggiano_Province_of_Lecce_Puglia.html
Tratalias attractions, Province of Carbonia-Iglesias, /Attractions-g1925898-Activities-Tratalias_Province_of_Carbonia_Iglesias_Sardinia.html
San Giovanni in Croce attractions, Province of Cremona, /Attractions-g2138991-Activities-San_Giovanni_in_Croce_Province_of_Cremona_Lombardy.html
Pecetto Torinese attractions, Province of Turin, /Attractions-g1057610-Activities-Pecetto_Torinese_Province_of_Turin_Piedmont.html
Monticello Conte Otto attractions, Province of Vicenza, /Attractions-g5514040-Activities-Monticello_Conte_Otto_Province_of_Vicenza_Veneto.html
Montegalda attractions, Province of Vicenza, /Attractions-g1483695-Activities-Montegalda_Province_of_Vicenza_Veneto.html
Santa Caterina Villarmosa attractions, Province of Caltanissetta, /Attractions-g5596283-Activities-Santa_Caterina_Villarmosa_Province_of_Caltanissetta_Sicily.html
Mongiardino Ligure attractions, Province of Alessandria, /Attractions-g2139155-Activities-Mongiardino_Ligure_Province_of_Alessandria_Piedmont.html
Larciano attractions, Province of Pistoia, /Attractions-g1467528-Activities-Larciano_Province_of_Pistoia_Tuscany.html
Castiglione Chiavarese attractions, Province of Genoa, /Attractions-g2335900-Activities-Castiglione_Chiavarese_Province_of_Genoa_Liguria.html
Pollina attractions, Province of Palermo, /Attractions-g2270442-Activities-Pollina_Province_of_Palermo_Sicily.html
Ricengo attractions, Province of Cremona, /Attractions-g3499212-Activities-Ricengo_Province_of_Cremona_Lombardy.html
Chiaverano attractions, Province of Turin, /Attractions-g1025343-Activities-Chiaverano_Province_of_Turin_Piedmont.html
Montoggio attractions, Province of Genoa, /Attractions-g2712909-Activities-Montoggio_Province_of_Genoa_Liguria.html
Calcio attractions, Province of Bergamo, /Attractions-g4908327-Activities-Calcio_Province_of_Bergamo_Lombardy.html
Passerano Marmorito attractions, Province of Asti, /Attractions-g2418011-Activities-Passerano_Marmorito_Province_of_Asti_Piedmont.html
Montevecchia attractions, Province of Lecco, /Attractions-g1402244-Activities-Montevecchia_Province_of_Lecco_Lombardy.html
Ziano di Fiemme attractions, Province of Trento, /Attractions-g664993-Activities-Ziano_di_Fiemme_Province_of_Trento_Trentino_Alto_Adige.html
San Pietro Val Lemina attractions, Province of Turin, /Attractions-g1222124-Activities-San_Pietro_Val_Lemina_Province_of_Turin_Piedmont.html
Marano Vicentino attractions, Province of Vicenza, /Attractions-g1238550-Activities-Marano_Vicentino_Province_of_Vicenza_Veneto.html
Certosa di Pavia attractions, Province of Pavia, /Attractions-g1238536-Activities-Certosa_di_Pavia_Province_of_Pavia_Lombardy.html
Galeata attractions, Province of Forli-Cesena, /Attractions-g2369035-Activities-Galeata_Province_of_Forli_Cesena_Emilia_Romagna.html
Verduno attractions, Province of Cuneo, /Attractions-g616181-Activities-Verduno_Province_of_Cuneo_Piedmont.html
Dorno attractions, Province of Pavia, /Attractions-g2221921-Activities-Dorno_Province_of_Pavia_Lombardy.html
Felitto attractions, Province of Salerno, /Attractions-g2647951-Activities-Felitto_Province_of_Salerno_Campania.html
Biandrate attractions, Province of Novara, /Attractions-g2647938-Activities-Biandrate_Province_of_Novara_Piedmont.html
Costa di Serina attractions, Province of Bergamo, /Attractions-g2287567-Activities-Costa_di_Serina_Province_of_Bergamo_Lombardy.html
Monrupino attractions, Province of Trieste, /Attractions-g2189366-Activities-Monrupino_Province_of_Trieste_Friuli_Venezia_Giulia.html
Ravascletto attractions, Province of Udine, /Attractions-g2058291-Activities-Ravascletto_Province_of_Udine_Friuli_Venezia_Giulia.html
Corsano attractions, Province of Lecce, /Attractions-g2533392-Activities-Corsano_Province_of_Lecce_Puglia.html
