province_name, region_name, province_url
San Raffaele Cimena attractions, Province of Turin, /Attractions-g1179361-Activities-San_Raffaele_Cimena_Province_of_Turin_Piedmont.html
Inverigo attractions, Province of Como, /Attractions-g1916650-Activities-Inverigo_Province_of_Como_Lombardy.html
Crespadoro attractions, Province of Vicenza, /Attractions-g2277146-Activities-Crespadoro_Province_of_Vicenza_Veneto.html
Piobbico attractions, Province of Pesaro and Urbino, /Attractions-g1916748-Activities-Piobbico_Province_of_Pesaro_and_Urbino_Marche.html
Labro attractions, Province of Rieti, /Attractions-g2146165-Activities-Labro_Province_of_Rieti_Lazio.html
Sarnonico attractions, Province of Trento, /Attractions-g950114-Activities-Sarnonico_Province_of_Trento_Trentino_Alto_Adige.html
Montecatini Val di Cecina attractions, Province of Pisa, /Attractions-g1081184-Activities-Montecatini_Val_di_Cecina_Province_of_Pisa_Tuscany.html
Gioiosa Ionica attractions, Province of Reggio Calabria, /Attractions-g5308375-Activities-Gioiosa_Ionica_Province_of_Reggio_Calabria_Calabria.html
Castel d'Aiano attractions, Province of Bologna, /Attractions-g2260905-Activities-Castel_d_Aiano_Province_of_Bologna_Emilia_Romagna.html
Cercola attractions, Province of Naples, /Attractions-g1081267-Activities-Cercola_Province_of_Naples_Campania.html
Monteu Roero attractions, Province of Cuneo, /Attractions-g1163198-Activities-Monteu_Roero_Province_of_Cuneo_Piedmont.html
Trivento attractions, Province of Campobasso, /Attractions-g2260888-Activities-Trivento_Province_of_Campobasso_Molise.html
San Pietro Clarenza attractions, Province of Catania, /Attractions-g4505491-Activities-San_Pietro_Clarenza_Province_of_Catania_Sicily.html
Alpignano attractions, Province of Turin, /Attractions-g1409048-Activities-Alpignano_Province_of_Turin_Piedmont.html
Barile attractions, Province of Potenza, /Attractions-g1572924-Activities-Barile_Province_of_Potenza_Basilicata.html
Bosco Marengo attractions, Province of Alessandria, /Attractions-g1572927-Activities-Bosco_Marengo_Province_of_Alessandria_Piedmont.html
Aritzo attractions, Province of Nuoro, /Attractions-g1081390-Activities-Aritzo_Province_of_Nuoro_Sardinia.html
Licodia Eubea attractions, Province of Catania, /Attractions-g3457137-Activities-Licodia_Eubea_Province_of_Catania_Sicily.html
Civitella Paganico attractions, Province of Grosseto, /Attractions-g1015995-Activities-Civitella_Paganico_Province_of_Grosseto_Tuscany.html
Almenno San Bartolomeo attractions, Province of Bergamo, /Attractions-g966836-Activities-Almenno_San_Bartolomeo_Province_of_Bergamo_Lombardy.html
Corteno Golgi attractions, Province of Brescia, /Attractions-g2277638-Activities-Corteno_Golgi_Province_of_Brescia_Lombardy.html
Scheggino attractions, Province of Perugia, /Attractions-g1065276-Activities-Scheggino_Province_of_Perugia_Umbria.html
Calabritto attractions, Province of Avellino, /Attractions-g7242064-Activities-Calabritto_Province_of_Avellino_Campania.html
Albaredo d'Adige attractions, Province of Verona, /Attractions-g2588993-Activities-Albaredo_d_Adige_Province_of_Verona_Veneto.html
San Lorenzo in Banale attractions, Province of Trento, /Attractions-g1425788-Activities-San_Lorenzo_in_Banale_Province_of_Trento_Trentino_Alto_Adige.html
Macomer attractions, Province of Nuoro, /Attractions-g1180051-Activities-Macomer_Province_of_Nuoro_Sardinia.html
Nucetto attractions, Province of Cuneo, /Attractions-g2507191-Activities-Nucetto_Province_of_Cuneo_Piedmont.html
Carugo attractions, Province of Como, /Attractions-g2359757-Activities-Carugo_Province_of_Como_Lombardy.html
Campoli Appennino attractions, Province of Frosinone, /Attractions-g2359864-Activities-Campoli_Appennino_Province_of_Frosinone_Lazio.html
Ottone attractions, Province of Piacenza, /Attractions-g2048612-Activities-Ottone_Province_of_Piacenza_Emilia_Romagna.html
San Luca attractions, Province of Reggio Calabria, /Attractions-g2278061-Activities-San_Luca_Province_of_Reggio_Calabria_Calabria.html
Frossasco attractions, Province of Turin, /Attractions-g2163391-Activities-Frossasco_Province_of_Turin_Piedmont.html
Canzo attractions, Province of Como, /Attractions-g2359944-Activities-Canzo_Province_of_Como_Lombardy.html
Acquarica del Capo attractions, Province of Lecce, /Attractions-g2360039-Activities-Acquarica_del_Capo_Province_of_Lecce_Puglia.html
Ponzone attractions, Province of Alessandria, /Attractions-g2130646-Activities-Ponzone_Province_of_Alessandria_Piedmont.html
Pornassio attractions, Province of Imperia, /Attractions-g2360065-Activities-Pornassio_Province_of_Imperia_Liguria.html
Melle attractions, Province of Cuneo, /Attractions-g2278154-Activities-Melle_Province_of_Cuneo_Piedmont.html
Arsiero attractions, Province of Vicenza, /Attractions-g3457906-Activities-Arsiero_Province_of_Vicenza_Veneto.html
Soriano Calabro attractions, Province of Vibo Valentia, /Attractions-g8520519-Activities-Soriano_Calabro_Province_of_Vibo_Valentia_Calabria.html
Roccalbegna attractions, Province of Grosseto, /Attractions-g1426449-Activities-Roccalbegna_Province_of_Grosseto_Tuscany.html
Alonte attractions, Province of Vicenza, /Attractions-g11961397-Activities-Alonte_Province_of_Vicenza_Veneto.html
Pellizzano attractions, Province of Trento, /Attractions-g1787079-Activities-Pellizzano_Province_of_Trento_Trentino_Alto_Adige.html
Cisterna d'Asti attractions, Province of Asti, /Attractions-g2213064-Activities-Cisterna_d_Asti_Province_of_Asti_Piedmont.html
Precenicco attractions, Province of Udine, /Attractions-g2213073-Activities-Precenicco_Province_of_Udine_Friuli_Venezia_Giulia.html
Arena Po attractions, Province of Pavia, /Attractions-g6407492-Activities-Arena_Po_Province_of_Pavia_Lombardy.html
Montisi attractions, Province of Siena, /Attractions-g1770797-Activities-Montisi_Tuscany.html
Monteiasi attractions, Province of Taranto, /Attractions-g3360178-Activities-Monteiasi_Province_of_Taranto_Puglia.html
Talamona attractions, Province of Sondrio, /Attractions-g1148350-Activities-Talamona_Province_of_Sondrio_Lombardy.html
San Michele all'Adige attractions, Province of Trento, /Attractions-g1213865-Activities-San_Michele_all_Adige_Province_of_Trento_Trentino_Alto_Adige.html
Casteldelci attractions, Province of Rimini, /Attractions-g2098661-Activities-Casteldelci_Province_of_Rimini_Emilia_Romagna.html
