province_name, region_name, province_url
Torella dei Lombardi attractions, Province of Avellino, /Attractions-g8867173-Activities-Torella_dei_Lombardi_Province_of_Avellino_Campania.html
Grumes attractions, Province of Trento, /Attractions-g3247572-Activities-Grumes_Province_of_Trento_Trentino_Alto_Adige.html
Goni attractions, Province of Cagliari, /Attractions-g3247575-Activities-Goni_Province_of_Cagliari_Sardinia.html
Minerbe attractions, Province of Verona, /Attractions-g10898752-Activities-Minerbe_Province_of_Verona_Veneto.html
San Paolo Bel Sito attractions, Province of Naples, /Attractions-g1396220-Activities-San_Paolo_Bel_Sito_Province_of_Naples_Campania.html
Castellero attractions, Province of Asti, /Attractions-g3411466-Activities-Castellero_Province_of_Asti_Piedmont.html
Villa di Briano attractions, Province of Caserta, /Attractions-g8343074-Activities-Villa_di_Briano_Province_of_Caserta_Campania.html
Rocchetta Ligure attractions, Province of Alessandria, /Attractions-g8048366-Activities-Rocchetta_Ligure_Province_of_Alessandria_Piedmont.html
Villanova sull'Arda attractions, Province of Piacenza, /Attractions-g3247785-Activities-Villanova_sull_Arda_Province_of_Piacenza_Emilia_Romagna.html
Zenevredo attractions, Province of Pavia, /Attractions-g2051717-Activities-Zenevredo_Province_of_Pavia_Lombardy.html
San Martino Alfieri attractions, Province of Asti, /Attractions-g1380023-Activities-San_Martino_Alfieri_Province_of_Asti_Piedmont.html
Parlasco attractions, Province of Lecco, /Attractions-g19320715-Activities-Parlasco_Province_of_Lecco_Lombardy.html
Caponago attractions, Province of Monza and Brianza, /Attractions-g1052332-Activities-Caponago_Province_of_Monza_and_Brianza_Lombardy.html
San Benedetto Val di Sambro attractions, Province of Bologna, /Attractions-g1396423-Activities-San_Benedetto_Val_di_Sambro_Province_of_Bologna_Emilia_Romagna.html
Graniti attractions, Province of Messina, /Attractions-g1183466-Activities-Graniti_Province_of_Messina_Sicily.html
Arconate attractions, Province of Milan, /Attractions-g2281178-Activities-Arconate_Province_of_Milan_Lombardy.html
Spino d'Adda attractions, Province of Cremona, /Attractions-g2314023-Activities-Spino_d_Adda_Province_of_Cremona_Lombardy.html
Rassa attractions, Province of Vercelli, /Attractions-g2068243-Activities-Rassa_Province_of_Vercelli_Piedmont.html
Castelnuovo di Val di Cecina attractions, Province of Pisa, /Attractions-g1183495-Activities-Castelnuovo_di_Val_di_Cecina_Province_of_Pisa_Tuscany.html
Onano attractions, Province of Viterbo, /Attractions-g2314037-Activities-Onano_Province_of_Viterbo_Lazio.html
Mallare attractions, Province of Savona, /Attractions-g2314036-Activities-Mallare_Province_of_Savona_Liguria.html
Zumaglia attractions, Province of Biella, /Attractions-g7606126-Activities-Zumaglia_Province_of_Biella_Piedmont.html
Cassano Spinola attractions, Province of Alessandria, /Attractions-g2412293-Activities-Cassano_Spinola_Province_of_Alessandria_Piedmont.html
Cassinasco attractions, Province of Asti, /Attractions-g2412295-Activities-Cassinasco_Province_of_Asti_Piedmont.html
Montegrosso Pian Latte attractions, Italian Riviera, /Attractions-g2412288-Activities-Montegrosso_Pian_Latte_Italian_Riviera_Liguria.html
Villarboit attractions, Province of Vercelli, /Attractions-g12816371-Activities-Villarboit_Province_of_Vercelli_Piedmont.html
Ravarino attractions, Province of Modena, /Attractions-g2314006-Activities-Ravarino_Province_of_Modena_Emilia_Romagna.html
Poggiridenti attractions, Province of Sondrio, /Attractions-g2412315-Activities-Poggiridenti_Province_of_Sondrio_Lombardy.html
Testico attractions, Province of Savona, /Attractions-g2281313-Activities-Testico_Province_of_Savona_Liguria.html
Montescano attractions, Province of Pavia, /Attractions-g2477921-Activities-Montescano_Province_of_Pavia_Lombardy.html
Castel Giorgio attractions, Province of Terni, /Attractions-g1052482-Activities-Castel_Giorgio_Province_of_Terni_Umbria.html
Caviola attractions, Province of Belluno, /Attractions-g2412355-Activities-Caviola_Province_of_Belluno_Veneto.html
Cassina Valsassina attractions, Province of Lecco, /Attractions-g2314056-Activities-Cassina_Valsassina_Province_of_Lecco_Lombardy.html
Villanova Solaro attractions, Province of Cuneo, /Attractions-g2297683-Activities-Villanova_Solaro_Province_of_Cuneo_Piedmont.html
Barasso attractions, Province of Varese, /Attractions-g2199385-Activities-Barasso_Province_of_Varese_Lombardy.html
Borghesiana attractions, Province of Rome, /Attractions-g2543521-Activities-Borghesiana_Province_of_Rome_Lazio.html
Menconico attractions, Province of Pavia, /Attractions-g2281389-Activities-Menconico_Province_of_Pavia_Lombardy.html
Forno Canavese attractions, Province of Turin, /Attractions-g2281361-Activities-Forno_Canavese_Province_of_Turin_Piedmont.html
Castelnuovo di Conza attractions, Province of Salerno, /Attractions-g2412444-Activities-Castelnuovo_di_Conza_Province_of_Salerno_Campania.html
Balzola attractions, Province of Alessandria, /Attractions-g17813172-Activities-Balzola_Province_of_Alessandria_Piedmont.html
Beinette attractions, Province of Cuneo, /Attractions-g2543515-Activities-Beinette_Province_of_Cuneo_Piedmont.html
Lisanza attractions, Province of Varese, /Attractions-g2281455-Activities-Lisanza_Province_of_Varese_Lombardy.html
San Martino dall'Argine attractions, Province of Mantua, /Attractions-g6033297-Activities-San_Martino_dall_Argine_Province_of_Mantua_Lombardy.html
Castelcucco attractions, Province of Treviso, /Attractions-g1888195-Activities-Castelcucco_Province_of_Treviso_Veneto.html
Suello attractions, Province of Lecco, /Attractions-g3346480-Activities-Suello_Province_of_Lecco_Lombardy.html
Isola Rizza attractions, Province of Verona, /Attractions-g2281488-Activities-Isola_Rizza_Province_of_Verona_Veneto.html
Madignano attractions, Province of Cremona, /Attractions-g2297965-Activities-Madignano_Province_of_Cremona_Lombardy.html
Calvera attractions, Province of Potenza, /Attractions-g3592261-Activities-Calvera_Province_of_Potenza_Basilicata.html
Treviso Bresciano attractions, Province of Brescia, /Attractions-g3592258-Activities-Treviso_Bresciano_Province_of_Brescia_Lombardy.html
Uras attractions, Province of Oristano, /Attractions-g3313847-Activities-Uras_Province_of_Oristano_Sardinia.html
