province_name, region_name, province_url
Camposano attractions, Province of Naples, /Attractions-g1749727-Activities-Camposano_Province_of_Naples_Campania.html
Voghiera attractions, Province of Ferrara, /Attractions-g2159339-Activities-Voghiera_Province_of_Ferrara_Emilia_Romagna.html
Bressana Bottarone attractions, Province of Pavia, /Attractions-g3240675-Activities-Bressana_Bottarone_Province_of_Pavia_Lombardy.html
San Paolo d'Argon attractions, Province of Bergamo, /Attractions-g651991-Activities-San_Paolo_d_Argon_Province_of_Bergamo_Lombardy.html
Trepuzzi attractions, Province of Lecce, /Attractions-g652009-Activities-Trepuzzi_Province_of_Lecce_Puglia.html
Orroli attractions, Province of Cagliari, /Attractions-g1078004-Activities-Orroli_Province_of_Cagliari_Sardinia.html
Ceresole Alba attractions, Province of Cuneo, /Attractions-g3240663-Activities-Ceresole_Alba_Province_of_Cuneo_Piedmont.html
Oriago di Mira attractions, Province of Venice, /Attractions-g635641-Activities-Oriago_di_Mira_Veneto.html
Ficulle attractions, Province of Terni, /Attractions-g652042-Activities-Ficulle_Province_of_Terni_Umbria.html
Amaro attractions, Province of Udine, /Attractions-g3486500-Activities-Amaro_Province_of_Udine_Friuli_Venezia_Giulia.html
Rovere della Luna attractions, Province of Trento, /Attractions-g7091009-Activities-Rovere_della_Luna_Province_of_Trento_Trentino_Alto_Adige.html
Santa Maria Coghinas attractions, Province of Sassari, /Attractions-g2356066-Activities-Santa_Maria_Coghinas_Province_of_Sassari_Sardinia.html
Amaseno attractions, Province of Frosinone, /Attractions-g3732329-Activities-Amaseno_Province_of_Frosinone_Lazio.html
Plan attractions, Province of South Tyrol, /Attractions-g7648033-Activities-Plan_Province_of_South_Tyrol_Trentino_Alto_Adige.html
Alserio attractions, Province of Como, /Attractions-g3732333-Activities-Alserio_Province_of_Como_Lombardy.html
Calendasco attractions, Province of Piacenza, /Attractions-g2356092-Activities-Calendasco_Province_of_Piacenza_Emilia_Romagna.html
Lurago D'Erba attractions, Province of Como, /Attractions-g3388379-Activities-Lurago_D_Erba_Province_of_Como_Lombardy.html
Cavallasca attractions, Province of Como, /Attractions-g2356185-Activities-Cavallasca_Province_of_Como_Lombardy.html
San Pietro Mosezzo attractions, Province of Novara, /Attractions-g2372859-Activities-San_Pietro_Mosezzo_Province_of_Novara_Piedmont.html
Filetto attractions, Province of Chieti, /Attractions-g10171787-Activities-Filetto_Province_of_Chieti_Abruzzo.html
Campolongo Maggiore attractions, Province of Venice, /Attractions-g3405136-Activities-Campolongo_Maggiore_Veneto.html
Poggio Picenze attractions, Province of L'Aquila, /Attractions-g1193415-Activities-Poggio_Picenze_Province_of_L_Aquila_Abruzzo.html
Borgaro Torinese attractions, Province of Turin, /Attractions-g226914-Activities-Borgaro_Torinese_Province_of_Turin_Piedmont.html
Bientina attractions, Province of Pisa, /Attractions-g1062525-Activities-Bientina_Province_of_Pisa_Tuscany.html
Palmariggi attractions, Province of Lecce, /Attractions-g2209362-Activities-Palmariggi_Province_of_Lecce_Puglia.html
Bodio Lomnago attractions, Province of Varese, /Attractions-g1652362-Activities-Bodio_Lomnago_Province_of_Varese_Lombardy.html
Montagna attractions, Province of South Tyrol, /Attractions-g947873-Activities-Montagna_Province_of_South_Tyrol_Trentino_Alto_Adige.html
Fusignano attractions, Province of Ravenna, /Attractions-g2193139-Activities-Fusignano_Province_of_Ravenna_Emilia_Romagna.html
Monte Cerignone attractions, Province of Pesaro and Urbino, /Attractions-g7698295-Activities-Monte_Cerignone_Province_of_Pesaro_and_Urbino_Marche.html
Roccagloriosa attractions, Cilento and Vallo di Diano National Park, /Attractions-g1554303-Activities-Roccagloriosa_Cilento_and_Vallo_di_Diano_National_Park_Province_of_Salerno_Campania.html
Savogna d'Isonzo attractions, Province of Gorizia, /Attractions-g1488738-Activities-Savogna_d_Isonzo_Province_of_Gorizia_Friuli_Venezia_Giulia.html
Serradifalco attractions, Province of Caltanissetta, /Attractions-g3930047-Activities-Serradifalco_Province_of_Caltanissetta_Sicily.html
Civita di Bagnoregio attractions, Province of Viterbo, /Attractions-g1931188-Activities-Civita_di_Bagnoregio_Province_of_Viterbo_Lazio.html
Ussita attractions, Province of Macerata, /Attractions-g1832923-Activities-Ussita_Province_of_Macerata_Marche.html
Camponogara attractions, Province of Venice, /Attractions-g1832922-Activities-Camponogara_Veneto.html
Boffalora sopra Ticino attractions, Province of Milan, /Attractions-g1931204-Activities-Boffalora_sopra_Ticino_Province_of_Milan_Lombardy.html
Giove attractions, Province of Terni, /Attractions-g1898437-Activities-Giove_Province_of_Terni_Umbria.html
Mornago attractions, Province of Varese, /Attractions-g1800187-Activities-Mornago_Province_of_Varese_Lombardy.html
Sperlinga attractions, Province of Enna, /Attractions-g1800222-Activities-Sperlinga_Province_of_Enna_Sicily.html
Calcinate attractions, Province of Bergamo, /Attractions-g2045997-Activities-Calcinate_Province_of_Bergamo_Lombardy.html
Piasco attractions, Province of Cuneo, /Attractions-g2291819-Activities-Piasco_Province_of_Cuneo_Piedmont.html
Greccio attractions, Province of Rieti, /Attractions-g1997022-Activities-Greccio_Province_of_Rieti_Lazio.html
Terranova da Sibari attractions, Province of Cosenza, /Attractions-g7813276-Activities-Terranova_da_Sibari_Province_of_Cosenza_Calabria.html
Zungoli attractions, Province of Avellino, /Attractions-g3602649-Activities-Zungoli_Province_of_Avellino_Campania.html
San Costantino Albanese attractions, Province of Potenza, /Attractions-g2292007-Activities-San_Costantino_Albanese_Province_of_Potenza_Basilicata.html
Accettura attractions, Province of Matera, /Attractions-g1833259-Activities-Accettura_Province_of_Matera_Basilicata.html
Raveo attractions, Province of Udine, /Attractions-g6895961-Activities-Raveo_Province_of_Udine_Friuli_Venezia_Giulia.html
Montemesola attractions, Province of Taranto, /Attractions-g3733763-Activities-Montemesola_Province_of_Taranto_Puglia.html
Mezzane di Sotto attractions, Province of Verona, /Attractions-g2357600-Activities-Mezzane_di_Sotto_Province_of_Verona_Veneto.html
Rio Nell'Elba attractions, Elba Island, /Attractions-g194881-Activities-Rio_Nell_Elba_Elba_Island_Province_of_Livorno_Tuscany.html
