province_name, region_name, province_url
Arpino attractions, Province of Frosinone, /Attractions-g1050468-Activities-Arpino_Province_of_Frosinone_Lazio.html
Popoli attractions, Province of Pescara, /Attractions-g1575034-Activities-Popoli_Province_of_Pescara_Abruzzo.html
Castione della Presolana attractions, Province of Bergamo, /Attractions-g642175-Activities-Castione_della_Presolana_Province_of_Bergamo_Lombardy.html
Montelupo Fiorentino attractions, Province of Florence, /Attractions-g675076-Activities-Montelupo_Fiorentino_Tuscany.html
Arbus attractions, Province of Medio Campidano, /Attractions-g954075-Activities-Arbus_Province_of_Medio_Campidano_Sardinia.html
Castelvetro di Modena attractions, Province of Modena, /Attractions-g1053088-Activities-Castelvetro_di_Modena_Province_of_Modena_Emilia_Romagna.html
Pitigliano attractions, Province of Grosseto, /Attractions-g644281-Activities-Pitigliano_Province_of_Grosseto_Tuscany.html
Montagnana attractions, Province of Padua, /Attractions-g644291-Activities-Montagnana_Province_of_Padua_Veneto.html
Nocera Inferiore attractions, Province of Salerno, /Attractions-g1644008-Activities-Nocera_Inferiore_Province_of_Salerno_Campania.html
Terlizzi attractions, Province of Bari, /Attractions-g2316162-Activities-Terlizzi_Province_of_Bari_Puglia.html
Gerace attractions, Province of Reggio Calabria, /Attractions-g1054626-Activities-Gerace_Province_of_Reggio_Calabria_Calabria.html
Riva di Solto attractions, Province of Bergamo, /Attractions-g1186294-Activities-Riva_di_Solto_Province_of_Bergamo_Lombardy.html
Malborghetto-Valbruna attractions, Province of Udine, /Attractions-g2136824-Activities-Malborghetto_Valbruna_Province_of_Udine_Friuli_Venezia_Giulia.html
Locorotondo attractions, Province of Bari, /Attractions-g1056127-Activities-Locorotondo_Province_of_Bari_Puglia.html
Maranello attractions, Province of Modena, /Attractions-g187802-Activities-Maranello_Province_of_Modena_Emilia_Romagna.html
Lugo attractions, Province of Ravenna, /Attractions-g1056167-Activities-Lugo_Province_of_Ravenna_Emilia_Romagna.html
Sepino attractions, Province of Campobasso, /Attractions-g1973810-Activities-Sepino_Province_of_Campobasso_Molise.html
Marettimo attractions, Aegadian Islands, /Attractions-g1024112-Activities-Marettimo_Aegadian_Islands_Islands_of_Sicily_Sicily.html
Marebbe attractions, Province of South Tyrol, /Attractions-g1958104-Activities-Marebbe_Province_of_South_Tyrol_Trentino_Alto_Adige.html
Patti attractions, Province of Messina, /Attractions-g1057600-Activities-Patti_Province_of_Messina_Sicily.html
Tolfa attractions, Province of Rome, /Attractions-g796934-Activities-Tolfa_Province_of_Rome_Lazio.html
Arenzano attractions, Italian Riviera, /Attractions-g780707-Activities-Arenzano_Italian_Riviera_Liguria.html
Urbania attractions, Province of Pesaro and Urbino, /Attractions-g1061117-Activities-Urbania_Province_of_Pesaro_and_Urbino_Marche.html
Favignana attractions, Isola di Favignana, /Attractions-g10744371-Activities-Favignana_Isola_di_Favignana_Aegadian_Islands_Islands_of_Sicily_Sicily.html
Tremezzina attractions, Lake Como, /Attractions-g635626-Activities-Tremezzina_Lake_Como_Lombardy.html
Morbegno attractions, Province of Sondrio, /Attractions-g1930015-Activities-Morbegno_Province_of_Sondrio_Lombardy.html
San Mauro Castelverde attractions, Province of Palermo, /Attractions-g3388402-Activities-San_Mauro_Castelverde_Province_of_Palermo_Sicily.html
Corsico attractions, Province of Milan, /Attractions-g1078286-Activities-Corsico_Province_of_Milan_Lombardy.html
Alleghe attractions, Province of Belluno, /Attractions-g194667-Activities-Alleghe_Province_of_Belluno_Veneto.html
Brenzone sul Garda attractions, Province of Verona, /Attractions-g194701-Activities-Brenzone_sul_Garda_Province_of_Verona_Veneto.html
Laigueglia attractions, Italian Riviera, /Attractions-g194786-Activities-Laigueglia_Italian_Riviera_Liguria.html
Quarto D'Altino attractions, Province of Venice, /Attractions-g227671-Activities-Quarto_D_Altino_Veneto.html
Sansepolcro attractions, Province of Arezzo, /Attractions-g194903-Activities-Sansepolcro_Province_of_Arezzo_Tuscany.html
Sestriere attractions, Province of Turin, /Attractions-g194919-Activities-Sestriere_Province_of_Turin_Piedmont.html
Pieve di Soligo attractions, Province of Treviso, /Attractions-g1440335-Activities-Pieve_di_Soligo_Province_of_Treviso_Veneto.html
Squillace attractions, Province of Catanzaro, /Attractions-g1096299-Activities-Squillace_Province_of_Catanzaro_Calabria.html
Moso in Passiria attractions, Province of South Tyrol, /Attractions-g1195642-Activities-Moso_in_Passiria_Province_of_South_Tyrol_Trentino_Alto_Adige.html
Rosolina attractions, Province of Rovigo, /Attractions-g949966-Activities-Rosolina_Province_of_Rovigo_Veneto.html
Gioia Tauro attractions, Province of Reggio Calabria, /Attractions-g1180032-Activities-Gioia_Tauro_Province_of_Reggio_Calabria_Calabria.html
Campli attractions, Province of Teramo, /Attractions-g2277930-Activities-Campli_Province_of_Teramo_Abruzzo.html
Sabbioneta attractions, Province of Mantua, /Attractions-g1540803-Activities-Sabbioneta_Province_of_Mantua_Lombardy.html
Darfo Boario Terme attractions, Province of Brescia, /Attractions-g1459049-Activities-Darfo_Boario_Terme_Province_of_Brescia_Lombardy.html
Acqualagna attractions, Province of Pesaro and Urbino, /Attractions-g1050048-Activities-Acqualagna_Province_of_Pesaro_and_Urbino_Marche.html
Budrio attractions, Province of Bologna, /Attractions-g1575013-Activities-Budrio_Province_of_Bologna_Emilia_Romagna.html
Lucignano attractions, Province of Arezzo, /Attractions-g887269-Activities-Lucignano_Province_of_Arezzo_Tuscany.html
Torrita di Siena attractions, Province of Siena, /Attractions-g608934-Activities-Torrita_di_Siena_Tuscany.html
Scandiano attractions, Province of Reggio Emilia, /Attractions-g1084348-Activities-Scandiano_Province_of_Reggio_Emilia_Emilia_Romagna.html
San Giovanni Bianco attractions, Province of Bergamo, /Attractions-g1019221-Activities-San_Giovanni_Bianco_Province_of_Bergamo_Lombardy.html
Fagagna attractions, Province of Udine, /Attractions-g790402-Activities-Fagagna_Province_of_Udine_Friuli_Venezia_Giulia.html
Ledro attractions, Province of Trento, /Attractions-g2052361-Activities-Ledro_Province_of_Trento_Trentino_Alto_Adige.html
