province_name, region_name, province_url
San Giacomo attractions, Province of Cosenza, /Attractions-g22992221-Activities-San_Giacomo_Province_of_Cosenza_Calabria.html
Dazio attractions, Province of Sondrio, /Attractions-g2282546-Activities-Dazio_Province_of_Sondrio_Lombardy.html
Castelletto Monferrato attractions, Province of Alessandria, /Attractions-g12276902-Activities-Castelletto_Monferrato_Province_of_Alessandria_Piedmont.html
Poetto attractions, Province of Cagliari, /Attractions-g3331096-Activities-Poetto_Province_of_Cagliari_Sardinia.html
Spera attractions, Province of Trento, /Attractions-g2266126-Activities-Spera_Province_of_Trento_Trentino_Alto_Adige.html
Ottati attractions, Province of Salerno, /Attractions-g12080256-Activities-Ottati_Province_of_Salerno_Campania.html
Camporotondo di Fiastrone attractions, Province of Macerata, /Attractions-g3478645-Activities-Camporotondo_di_Fiastrone_Province_of_Macerata_Marche.html
Gurro attractions, Province of Verbano-Cusio-Ossola, /Attractions-g12883072-Activities-Gurro_Province_of_Verbano_Cusio_Ossola_Piedmont.html
Francavilla Angitola attractions, Province of Vibo Valentia, /Attractions-g2266220-Activities-Francavilla_Angitola_Province_of_Vibo_Valentia_Calabria.html
Lignana attractions, Province of Vercelli, /Attractions-g3642489-Activities-Lignana_Province_of_Vercelli_Piedmont.html
Dresano attractions, Province of Milan, /Attractions-g3642468-Activities-Dresano_Province_of_Milan_Lombardy.html
Sant'Agata del Bianco attractions, Calabria, /Attractions-g17732972-Activities-Sant_Agata_del_Bianco_Calabria.html
Vicalvi attractions, Province of Frosinone, /Attractions-g12833979-Activities-Vicalvi_Province_of_Frosinone_Lazio.html
Claino con Osteno attractions, Province of Como, /Attractions-g7001326-Activities-Claino_con_Osteno_Province_of_Como_Lombardy.html
Nuvolera attractions, Province of Brescia, /Attractions-g2184358-Activities-Nuvolera_Province_of_Brescia_Lombardy.html
Spriana attractions, Province of Sondrio, /Attractions-g8721421-Activities-Spriana_Province_of_Sondrio_Lombardy.html
Crocemosso attractions, Province of Biella, /Attractions-g19240364-Activities-Crocemosso_Province_of_Biella_Piedmont.html
San Nicola attractions, Fiumara, /Attractions-g15324261-Activities-San_Nicola_Fiumara_Province_of_Reggio_Calabria_Calabria.html
Fiumara attractions, Province of Reggio Calabria, /Attractions-g15324260-Activities-Fiumara_Province_of_Reggio_Calabria_Calabria.html
Costa Valle Imagna attractions, Province of Bergamo, /Attractions-g644251-Activities-Costa_Valle_Imagna_Province_of_Bergamo_Lombardy.html
Cantello attractions, Province of Varese, /Attractions-g644250-Activities-Cantello_Province_of_Varese_Lombardy.html
Calamecca attractions, Province of Pistoia, /Attractions-g19862970-Activities-Calamecca_Province_of_Pistoia_Tuscany.html
Cagnoletti attractions, Province of Sondrio, /Attractions-g12145703-Activities-Cagnoletti_Province_of_Sondrio_Lombardy.html
Casirate Olona attractions, Province of Milan, /Attractions-g3363971-Activities-Casirate_Olona_Province_of_Milan_Lombardy.html
St. Pauls attractions, Province of South Tyrol, /Attractions-g3151095-Activities-St_Pauls_Province_of_South_Tyrol_Trentino_Alto_Adige.html
Castelromano attractions, Province of Isernia, /Attractions-g15324195-Activities-Castelromano_Province_of_Isernia_Molise.html
Carda attractions, Castel Focognano, /Attractions-g12850207-Activities-Carda_Castel_Focognano_Province_of_Arezzo_Tuscany.html
Santa Caterina Albanese attractions, Province of Cosenza, /Attractions-g7066766-Activities-Santa_Caterina_Albanese_Province_of_Cosenza_Calabria.html
Ranzano attractions, Province of Parma, /Attractions-g4084949-Activities-Ranzano_Province_of_Parma_Emilia_Romagna.html
Corbara attractions, Province of Salerno, /Attractions-g3953976-Activities-Corbara_Province_of_Salerno_Campania.html
Salmour attractions, Province of Cuneo, /Attractions-g3331389-Activities-Salmour_Province_of_Cuneo_Piedmont.html
Cannicchio attractions, Province of Salerno, /Attractions-g3364138-Activities-Cannicchio_Province_of_Salerno_Campania.html
Mirabello Monferrato attractions, Province of Alessandria, /Attractions-g7312717-Activities-Mirabello_Monferrato_Province_of_Alessandria_Piedmont.html
Campodoro attractions, Province of Padua, /Attractions-g1529127-Activities-Campodoro_Province_of_Padua_Veneto.html
Cesio attractions, Province of Savona, /Attractions-g1643821-Activities-Cesio_Province_of_Savona_Liguria.html
Poltu Quatu attractions, Province of Olbia-Tempio, /Attractions-g1643815-Activities-Poltu_Quatu_Province_of_Olbia_Tempio_Sardinia.html
Cavona attractions, Province of Varese, /Attractions-g2282848-Activities-Cavona_Province_of_Varese_Lombardy.html
Odolo attractions, Province of Brescia, /Attractions-g7148808-Activities-Odolo_Province_of_Brescia_Lombardy.html
Stienta attractions, Province of Rovigo, /Attractions-g12162526-Activities-Stienta_Province_of_Rovigo_Veneto.html
Moncucco attractions, Province of Milan, /Attractions-g12981678-Activities-Moncucco_Province_of_Milan_Lombardy.html
Ciglie attractions, Province of Cuneo, /Attractions-g3331393-Activities-Ciglie_Province_of_Cuneo_Piedmont.html
Campofranco attractions, Province of Caltanissetta, /Attractions-g8459764-Activities-Campofranco_Province_of_Caltanissetta_Sicily.html
Esanatoglia attractions, Province of Macerata, /Attractions-g2184613-Activities-Esanatoglia_Province_of_Macerata_Marche.html
Bertesina attractions, Province of Vicenza, /Attractions-g8721701-Activities-Bertesina_Province_of_Vicenza_Veneto.html
Lanzara attractions, Province of Salerno, /Attractions-g1643993-Activities-Lanzara_Province_of_Salerno_Campania.html
Niardo attractions, Province of Brescia, /Attractions-g6919554-Activities-Niardo_Province_of_Brescia_Lombardy.html
Fontignano attractions, Province of Perugia, /Attractions-g2299341-Activities-Fontignano_Province_of_Perugia_Umbria.html
Casalmoro attractions, Province of Mantua, /Attractions-g2627015-Activities-Casalmoro_Province_of_Mantua_Lombardy.html
Lancusi attractions, Province of Salerno, /Attractions-g1644015-Activities-Lancusi_Province_of_Salerno_Campania.html
Peli attractions, Province of Piacenza, /Attractions-g12129971-Activities-Peli_Province_of_Piacenza_Emilia_Romagna.html
