province_name, region_name, province_url
Miazzina attractions, Province of Verbano-Cusio-Ossola, /Attractions-g1912606-Activities-Miazzina_Province_of_Verbano_Cusio_Ossola_Piedmont.html
Miradolo Terme attractions, Province of Pavia, /Attractions-g2617089-Activities-Miradolo_Terme_Province_of_Pavia_Lombardy.html
Torrazza Piemonte attractions, Province of Turin, /Attractions-g3665671-Activities-Torrazza_Piemonte_Province_of_Turin_Piedmont.html
Monteciccardo attractions, Province of Pesaro and Urbino, /Attractions-g3665666-Activities-Monteciccardo_Province_of_Pesaro_and_Urbino_Marche.html
Marcellina attractions, Province of Rome, /Attractions-g1568582-Activities-Marcellina_Province_of_Rome_Lazio.html
Monte Cremasco attractions, Province of Cremona, /Attractions-g4452114-Activities-Monte_Cremasco_Province_of_Cremona_Lombardy.html
Trezzano Rosa attractions, Province of Milan, /Attractions-g1077070-Activities-Trezzano_Rosa_Province_of_Milan_Lombardy.html
Casasco d'Intelvi attractions, Province of Como, /Attractions-g13119418-Activities-Casasco_d_Intelvi_Province_of_Como_Lombardy.html
Brogliano attractions, Province of Vicenza, /Attractions-g2600787-Activities-Brogliano_Province_of_Vicenza_Veneto.html
Galatro attractions, Province of Reggio Calabria, /Attractions-g3174376-Activities-Galatro_Province_of_Reggio_Calabria_Calabria.html
Migliarino attractions, Province of Ferrara, /Attractions-g1077194-Activities-Migliarino_Province_of_Ferrara_Emilia_Romagna.html
Togliano attractions, Province of Udine, /Attractions-g3174382-Activities-Togliano_Province_of_Udine_Friuli_Venezia_Giulia.html
Sgurgola attractions, Province of Frosinone, /Attractions-g7008130-Activities-Sgurgola_Province_of_Frosinone_Lazio.html
Banari attractions, Province of Sassari, /Attractions-g3207115-Activities-Banari_Province_of_Sassari_Sardinia.html
Colobraro attractions, Province of Matera, /Attractions-g3469347-Activities-Colobraro_Province_of_Matera_Basilicata.html
Soldano attractions, Province of Imperia, /Attractions-g3174401-Activities-Soldano_Province_of_Imperia_Liguria.html
Inarzo attractions, Province of Varese, /Attractions-g10367149-Activities-Inarzo_Province_of_Varese_Lombardy.html
Lentella attractions, Province of Chieti, /Attractions-g4878462-Activities-Lentella_Province_of_Chieti_Abruzzo.html
Lenna attractions, Province of Bergamo, /Attractions-g2551924-Activities-Lenna_Province_of_Bergamo_Lombardy.html
Lomagna attractions, Province of Lecco, /Attractions-g3174502-Activities-Lomagna_Province_of_Lecco_Lombardy.html
Chambave attractions, Valle d'Aosta, /Attractions-g2158656-Activities-Chambave_Valle_d_Aosta.html
Magasa attractions, Province of Brescia, /Attractions-g2551991-Activities-Magasa_Province_of_Brescia_Lombardy.html
Casalbuttano ed Uniti attractions, Province of Cremona, /Attractions-g2551997-Activities-Casalbuttano_ed_Uniti_Province_of_Cremona_Lombardy.html
Giarole attractions, Province of Alessandria, /Attractions-g6467838-Activities-Giarole_Province_of_Alessandria_Piedmont.html
Gioi attractions, Province of Salerno, /Attractions-g4878472-Activities-Gioi_Province_of_Salerno_Campania.html
Castelliri attractions, Province of Frosinone, /Attractions-g3174647-Activities-Castelliri_Province_of_Frosinone_Lazio.html
San Gregorio da Sassola attractions, Province of Rome, /Attractions-g3174648-Activities-San_Gregorio_da_Sassola_Province_of_Rome_Lazio.html
Olivola attractions, Province of Alessandria, /Attractions-g1945853-Activities-Olivola_Province_of_Alessandria_Piedmont.html
Marcetelli attractions, Province of Rieti, /Attractions-g1929470-Activities-Marcetelli_Province_of_Rieti_Lazio.html
Baldissero D'Alba attractions, Province of Cuneo, /Attractions-g3813690-Activities-Baldissero_D_Alba_Province_of_Cuneo_Piedmont.html
Credera Rubbiano attractions, Province of Cremona, /Attractions-g3174716-Activities-Credera_Rubbiano_Province_of_Cremona_Lombardy.html
Bassano Bresciano attractions, Province of Brescia, /Attractions-g3813686-Activities-Bassano_Bresciano_Province_of_Brescia_Lombardy.html
Summaga attractions, Province of Venice, /Attractions-g3174719-Activities-Summaga_Veneto.html
Lusernetta attractions, Province of Turin, /Attractions-g19116083-Activities-Lusernetta_Province_of_Turin_Piedmont.html
Camparada attractions, Province of Monza and Brianza, /Attractions-g2289968-Activities-Camparada_Province_of_Monza_and_Brianza_Lombardy.html
Fontanigorda attractions, Province of Genoa, /Attractions-g3174702-Activities-Fontanigorda_Province_of_Genoa_Liguria.html
Visone attractions, Province of Alessandria, /Attractions-g1061180-Activities-Visone_Province_of_Alessandria_Piedmont.html
San Giorgio di Lomellina attractions, Province of Pavia, /Attractions-g7811418-Activities-San_Giorgio_di_Lomellina_Province_of_Pavia_Lombardy.html
Piedimulera attractions, Province of Verbano-Cusio-Ossola, /Attractions-g17723451-Activities-Piedimulera_Province_of_Verbano_Cusio_Ossola_Piedmont.html
Pomponesco attractions, Province of Mantua, /Attractions-g2093354-Activities-Pomponesco_Province_of_Mantua_Lombardy.html
Cercino attractions, Province of Sondrio, /Attractions-g5288220-Activities-Cercino_Province_of_Sondrio_Lombardy.html
Samolaco attractions, Province of Sondrio, /Attractions-g3174760-Activities-Samolaco_Province_of_Sondrio_Lombardy.html
Monticchio Bagni attractions, Province of Potenza, /Attractions-g1732928-Activities-Monticchio_Bagni_Province_of_Potenza_Basilicata.html
Rovegno attractions, Province of Genoa, /Attractions-g3174763-Activities-Rovegno_Province_of_Genoa_Liguria.html
Collevecchio attractions, Province of Rieti, /Attractions-g1536332-Activities-Collevecchio_Province_of_Rieti_Lazio.html
Caminata attractions, Province of Piacenza, /Attractions-g2552187-Activities-Caminata_Province_of_Piacenza_Emilia_Romagna.html
Silvano Pietra attractions, Province of Pavia, /Attractions-g7221514-Activities-Silvano_Pietra_Province_of_Pavia_Lombardy.html
Cura di Vetralla attractions, Province of Viterbo, /Attractions-g2634052-Activities-Cura_di_Vetralla_Province_of_Viterbo_Lazio.html
Tribano attractions, Province of Padua, /Attractions-g3174721-Activities-Tribano_Province_of_Padua_Veneto.html
Brandizzo attractions, Province of Turin, /Attractions-g3174728-Activities-Brandizzo_Province_of_Turin_Piedmont.html
