province_name, region_name, province_url
Ancarano attractions, Province of Teramo, /Attractions-g1841297-Activities-Ancarano_Province_of_Teramo_Abruzzo.html
Vigodarzere attractions, Province of Padua, /Attractions-g2021509-Activities-Vigodarzere_Province_of_Padua_Veneto.html
Castelmagno attractions, Province of Cuneo, /Attractions-g1972392-Activities-Castelmagno_Province_of_Cuneo_Piedmont.html
Rima San Giuseppe attractions, Province of Vercelli, /Attractions-g1841313-Activities-Rima_San_Giuseppe_Province_of_Vercelli_Piedmont.html
Montegiordano attractions, Province of Cosenza, /Attractions-g3528940-Activities-Montegiordano_Province_of_Cosenza_Calabria.html
Fara Gera d'Adda attractions, Province of Bergamo, /Attractions-g2250958-Activities-Fara_Gera_d_Adda_Province_of_Bergamo_Lombardy.html
Acerno attractions, Province of Salerno, /Attractions-g3479747-Activities-Acerno_Province_of_Salerno_Campania.html
Isola del Piano attractions, Province of Pesaro and Urbino, /Attractions-g3135866-Activities-Isola_del_Piano_Province_of_Pesaro_and_Urbino_Marche.html
Santo Stefano di Magra attractions, Province of La Spezia, /Attractions-g1972593-Activities-Santo_Stefano_di_Magra_Province_of_La_Spezia_Liguria.html
Viano attractions, Province of Reggio Emilia, /Attractions-g1972577-Activities-Viano_Province_of_Reggio_Emilia_Emilia_Romagna.html
Monserrato attractions, Province of Cagliari, /Attractions-g1202571-Activities-Monserrato_Province_of_Cagliari_Sardinia.html
Monastir attractions, Province of Cagliari, /Attractions-g1202569-Activities-Monastir_Province_of_Cagliari_Sardinia.html
Romagnese attractions, Province of Pavia, /Attractions-g2333162-Activities-Romagnese_Province_of_Pavia_Lombardy.html
Sant'Arcangelo attractions, Province of Potenza, /Attractions-g1186300-Activities-Sant_Arcangelo_Province_of_Potenza_Basilicata.html
Laion attractions, Province of South Tyrol, /Attractions-g2054636-Activities-Laion_Province_of_South_Tyrol_Trentino_Alto_Adige.html
Sant'Andrea Apostolo dello Ionio attractions, Province of Catanzaro, /Attractions-g1186279-Activities-Sant_Andrea_Apostolo_dello_Ionio_Province_of_Catanzaro_Calabria.html
Villa Santa Lucia degli Abruzzi attractions, Province of L'Aquila, /Attractions-g12540227-Activities-Villa_Santa_Lucia_degli_Abruzzi_Province_of_L_Aquila_Abruzzo.html
Trebisacce attractions, Province of Cosenza, /Attractions-g1186309-Activities-Trebisacce_Province_of_Cosenza_Calabria.html
Rocchetta Nervina attractions, Province of Imperia, /Attractions-g1186318-Activities-Rocchetta_Nervina_Province_of_Imperia_Liguria.html
Castelli Calepio attractions, Province of Bergamo, /Attractions-g1432137-Activities-Castelli_Calepio_Province_of_Bergamo_Lombardy.html
Polverigi attractions, Province of Ancona, /Attractions-g3365469-Activities-Polverigi_Province_of_Ancona_Marche.html
Castrezzato attractions, Province of Brescia, /Attractions-g1497705-Activities-Castrezzato_Province_of_Brescia_Lombardy.html
Motta Camastra attractions, Province of Messina, /Attractions-g580233-Activities-Motta_Camastra_Province_of_Messina_Sicily.html
San Secondo di Pinerolo attractions, Province of Turin, /Attractions-g1055366-Activities-San_Secondo_di_Pinerolo_Province_of_Turin_Piedmont.html
Andezeno attractions, Province of Turin, /Attractions-g2431691-Activities-Andezeno_Province_of_Turin_Piedmont.html
Villanovafranca attractions, Province of Medio Campidano, /Attractions-g10902463-Activities-Villanovafranca_Province_of_Medio_Campidano_Sardinia.html
Saint-Rhemy-en-Bosses attractions, Valle d'Aosta, /Attractions-g1497864-Activities-Saint_Rhemy_en_Bosses_Valle_d_Aosta.html
Piverone attractions, Province of Turin, /Attractions-g1497865-Activities-Piverone_Province_of_Turin_Piedmont.html
Pocenia attractions, Province of Udine, /Attractions-g6593350-Activities-Pocenia_Province_of_Udine_Friuli_Venezia_Giulia.html
Casalgrande attractions, Province of Reggio Emilia, /Attractions-g1760053-Activities-Casalgrande_Province_of_Reggio_Emilia_Emilia_Romagna.html
Gazzuolo attractions, Province of Mantua, /Attractions-g2399097-Activities-Gazzuolo_Province_of_Mantua_Lombardy.html
Castelluccio di Norcia attractions, Province of Perugia, /Attractions-g1219451-Activities-Castelluccio_di_Norcia_Province_of_Perugia_Umbria.html
Challand Saint Anselme attractions, Valle d'Aosta, /Attractions-g1383269-Activities-Challand_Saint_Anselme_Valle_d_Aosta.html
Caprino Bergamasco attractions, Province of Bergamo, /Attractions-g1842073-Activities-Caprino_Bergamasco_Province_of_Bergamo_Lombardy.html
Cotronei attractions, Province of Crotone, /Attractions-g1842071-Activities-Cotronei_Province_of_Crotone_Calabria.html
Orsenigo attractions, Province of Como, /Attractions-g2530221-Activities-Orsenigo_Province_of_Como_Lombardy.html
Collepasso attractions, Province of Lecce, /Attractions-g4398048-Activities-Collepasso_Province_of_Lecce_Puglia.html
Altavilla Monferrato attractions, Province of Alessandria, /Attractions-g2136971-Activities-Altavilla_Monferrato_Province_of_Alessandria_Piedmont.html
Bagnolo Piemonte attractions, Province of Cuneo, /Attractions-g2136975-Activities-Bagnolo_Piemonte_Province_of_Cuneo_Piedmont.html
Pico attractions, Province of Frosinone, /Attractions-g1203160-Activities-Pico_Province_of_Frosinone_Lazio.html
Schiavi Di Abruzzo attractions, Province of Chieti, /Attractions-g3546106-Activities-Schiavi_Di_Abruzzo_Province_of_Chieti_Abruzzo.html
Lograto attractions, Province of Brescia, /Attractions-g2202621-Activities-Lograto_Province_of_Brescia_Lombardy.html
Morbello attractions, Province of Alessandria, /Attractions-g14080821-Activities-Morbello_Province_of_Alessandria_Piedmont.html
Solanas attractions, Province of Cagliari, /Attractions-g1186868-Activities-Solanas_Province_of_Cagliari_Sardinia.html
Sulbiate attractions, Province of Monza and Brianza, /Attractions-g2251802-Activities-Sulbiate_Province_of_Monza_and_Brianza_Lombardy.html
Tremestieri Etneo attractions, Province of Catania, /Attractions-g1629252-Activities-Tremestieri_Etneo_Province_of_Catania_Sicily.html
Nizza di Sicilia attractions, Province of Messina, /Attractions-g793708-Activities-Nizza_di_Sicilia_Province_of_Messina_Sicily.html
Lauria attractions, Province of Potenza, /Attractions-g1137829-Activities-Lauria_Province_of_Potenza_Basilicata.html
Poviglio attractions, Province of Reggio Emilia, /Attractions-g1973417-Activities-Poviglio_Province_of_Reggio_Emilia_Emilia_Romagna.html
Camaldoli attractions, Province of Arezzo, /Attractions-g1826008-Activities-Camaldoli_Province_of_Arezzo_Tuscany.html
