province_name, region_name, province_url
Izano attractions, Province of Cremona, /Attractions-g3412244-Activities-Izano_Province_of_Cremona_Lombardy.html
Sasso Pisano attractions, Province of Pisa, /Attractions-g3772691-Activities-Sasso_Pisano_Province_of_Pisa_Tuscany.html
Morciano di Romagna attractions, Province of Rimini, /Attractions-g1986858-Activities-Morciano_di_Romagna_Province_of_Rimini_Emilia_Romagna.html
San Mauro Forte attractions, Province of Matera, /Attractions-g12013954-Activities-San_Mauro_Forte_Province_of_Matera_Basilicata.html
Rocchetta Sant'Antonio attractions, Province of Foggia, /Attractions-g5493010-Activities-Rocchetta_Sant_Antonio_Province_of_Foggia_Puglia.html
Mazzarrone attractions, Province of Catania, /Attractions-g17371211-Activities-Mazzarrone_Province_of_Catania_Sicily.html
Jenne attractions, Province of Rome, /Attractions-g3330427-Activities-Jenne_Province_of_Rome_Lazio.html
Moretta attractions, Province of Cuneo, /Attractions-g3494247-Activities-Moretta_Province_of_Cuneo_Piedmont.html
Carnago attractions, Province of Varese, /Attractions-g1020249-Activities-Carnago_Province_of_Varese_Lombardy.html
Prazzo attractions, Province of Cuneo, /Attractions-g3526998-Activities-Prazzo_Province_of_Cuneo_Piedmont.html
Piazzatorre attractions, Province of Bergamo, /Attractions-g1757554-Activities-Piazzatorre_Province_of_Bergamo_Lombardy.html
Campolieto attractions, Province of Campobasso, /Attractions-g9736478-Activities-Campolieto_Province_of_Campobasso_Molise.html
Meltina attractions, Province of South Tyrol, /Attractions-g1184184-Activities-Meltina_Province_of_South_Tyrol_Trentino_Alto_Adige.html
Montalto Marina attractions, Province of Viterbo, /Attractions-g1184185-Activities-Montalto_Marina_Province_of_Viterbo_Lazio.html
Camigliano attractions, Province of Caserta, /Attractions-g1184190-Activities-Camigliano_Province_of_Caserta_Campania.html
Tissi attractions, Province of Sassari, /Attractions-g2527723-Activities-Tissi_Province_of_Sassari_Sardinia.html
Ruffre-Mendola attractions, Province of Trento, /Attractions-g1184199-Activities-Ruffre_Mendola_Province_of_Trento_Trentino_Alto_Adige.html
Gattatico attractions, Province of Reggio Emilia, /Attractions-g1069550-Activities-Gattatico_Province_of_Reggio_Emilia_Emilia_Romagna.html
Cesuna attractions, Province of Vicenza, /Attractions-g1380892-Activities-Cesuna_Province_of_Vicenza_Veneto.html
Montesano Salentino attractions, Province of Lecce, /Attractions-g1102366-Activities-Montesano_Salentino_Province_of_Lecce_Puglia.html
Annone di Brianza attractions, Province of Lecco, /Attractions-g2232876-Activities-Annone_di_Brianza_Province_of_Lecco_Lombardy.html
Anzola d'Ossola attractions, Province of Verbano-Cusio-Ossola, /Attractions-g12833497-Activities-Anzola_d_Ossola_Province_of_Verbano_Cusio_Ossola_Piedmont.html
Isola del Cantone attractions, Province of Genoa, /Attractions-g2101819-Activities-Isola_del_Cantone_Province_of_Genoa_Liguria.html
San Benedetto Ullano attractions, Province of Cosenza, /Attractions-g14111365-Activities-San_Benedetto_Ullano_Province_of_Cosenza_Calabria.html
Laviano attractions, Province of Salerno, /Attractions-g3494566-Activities-Laviano_Province_of_Salerno_Campania.html
Valeggio attractions, Province of Pavia, /Attractions-g1233616-Activities-Valeggio_Province_of_Pavia_Lombardy.html
Gattico attractions, Province of Novara, /Attractions-g2396896-Activities-Gattico_Province_of_Novara_Piedmont.html
Barete attractions, Province of L'Aquila, /Attractions-g2216680-Activities-Barete_Province_of_L_Aquila_Abruzzo.html
Cavedago attractions, Province of Trento, /Attractions-g1053406-Activities-Cavedago_Province_of_Trento_Trentino_Alto_Adige.html
Pianiga attractions, Province of Venice, /Attractions-g1053428-Activities-Pianiga_Veneto.html
Sessa Cilento attractions, Province of Salerno, /Attractions-g3248841-Activities-Sessa_Cilento_Province_of_Salerno_Campania.html
Ortezzano attractions, Province of Ascoli Piceno, /Attractions-g1987377-Activities-Ortezzano_Province_of_Ascoli_Piceno_Marche.html
Celle di Macra attractions, Province of Cuneo, /Attractions-g4985719-Activities-Celle_di_Macra_Province_of_Cuneo_Piedmont.html
Paterno attractions, Province of Potenza, /Attractions-g2167627-Activities-Paterno_Province_of_Potenza_Basilicata.html
Brienza attractions, Province of Potenza, /Attractions-g2167629-Activities-Brienza_Province_of_Potenza_Basilicata.html
Marsico Nuovo attractions, Province of Potenza, /Attractions-g2167628-Activities-Marsico_Nuovo_Province_of_Potenza_Basilicata.html
Cisano Bergamasco attractions, Province of Bergamo, /Attractions-g1725331-Activities-Cisano_Bergamasco_Province_of_Bergamo_Lombardy.html
San Marino attractions, Province of Bologna, /Attractions-g2413551-Activities-San_Marino_Province_of_Bologna_Emilia_Romagna.html
Moiola attractions, Province of Cuneo, /Attractions-g2413564-Activities-Moiola_Province_of_Cuneo_Piedmont.html
Gorla Minore attractions, Province of Varese, /Attractions-g3576790-Activities-Gorla_Minore_Province_of_Varese_Lombardy.html
Bonelli attractions, Province of Rovigo, /Attractions-g1184747-Activities-Bonelli_Province_of_Rovigo_Veneto.html
Fanna attractions, Province of Pordenone, /Attractions-g1954791-Activities-Fanna_Province_of_Pordenone_Friuli_Venezia_Giulia.html
Pescolanciano attractions, Province of Isernia, /Attractions-g2266076-Activities-Pescolanciano_Province_of_Isernia_Molise.html
Lama Mocogno attractions, Province of Modena, /Attractions-g1397785-Activities-Lama_Mocogno_Province_of_Modena_Emilia_Romagna.html
Rocca San Casciano attractions, Province of Forli-Cesena, /Attractions-g1201164-Activities-Rocca_San_Casciano_Province_of_Forli_Cesena_Emilia_Romagna.html
Sant'Angelo Lomellina attractions, Province of Pavia, /Attractions-g7689296-Activities-Sant_Angelo_Lomellina_Province_of_Pavia_Lombardy.html
Pomaretto attractions, Province of Turin, /Attractions-g3642469-Activities-Pomaretto_Province_of_Turin_Piedmont.html
San Felice a Cancello attractions, Province of Caserta, /Attractions-g7099405-Activities-San_Felice_a_Cancello_Province_of_Caserta_Campania.html
Marina di Mandatoriccio attractions, Province of Cosenza, /Attractions-g2167877-Activities-Marina_di_Mandatoriccio_Province_of_Cosenza_Calabria.html
Roccadaspide attractions, Cilento and Vallo di Diano National Park, /Attractions-g775276-Activities-Roccadaspide_Cilento_and_Vallo_di_Diano_National_Park_Province_of_Salerno_Campania.html
