province_name, region_name, province_url
Masserano attractions, Province of Biella, /Attractions-g4138407-Activities-Masserano_Province_of_Biella_Piedmont.html
Pavarolo attractions, Province of Turin, /Attractions-g2712989-Activities-Pavarolo_Province_of_Turin_Piedmont.html
Crevoladossola attractions, Province of Verbano-Cusio-Ossola, /Attractions-g1926707-Activities-Crevoladossola_Province_of_Verbano_Cusio_Ossola_Piedmont.html
Paderno d'Adda attractions, Province of Lecco, /Attractions-g2221589-Activities-Paderno_d_Adda_Province_of_Lecco_Lombardy.html
Tuenno attractions, Province of Trento, /Attractions-g2221597-Activities-Tuenno_Province_of_Trento_Trentino_Alto_Adige.html
Triei attractions, Province of Ogliastra, /Attractions-g3483235-Activities-Triei_Province_of_Ogliastra_Sardinia.html
Virle Piemonte attractions, Province of Turin, /Attractions-g1926730-Activities-Virle_Piemonte_Province_of_Turin_Piedmont.html
Barzio attractions, Province of Lecco, /Attractions-g1582779-Activities-Barzio_Province_of_Lecco_Lombardy.html
Castelbellino attractions, Province of Ancona, /Attractions-g1009329-Activities-Castelbellino_Province_of_Ancona_Marche.html
Lonate Ceppino attractions, Province of Varese, /Attractions-g5105473-Activities-Lonate_Ceppino_Province_of_Varese_Lombardy.html
Cercivento attractions, Province of Udine, /Attractions-g2516752-Activities-Cercivento_Province_of_Udine_Friuli_Venezia_Giulia.html
Castro dei Volsci attractions, Province of Frosinone, /Attractions-g1566581-Activities-Castro_dei_Volsci_Province_of_Frosinone_Lazio.html
San Colombano Certenoli attractions, Province of Genoa, /Attractions-g1746827-Activities-San_Colombano_Certenoli_Province_of_Genoa_Liguria.html
Fara Filiorum Petri attractions, Province of Chieti, /Attractions-g2647950-Activities-Fara_Filiorum_Petri_Province_of_Chieti_Abruzzo.html
San Giorgio in Bosco attractions, Province of Padua, /Attractions-g2287593-Activities-San_Giorgio_in_Bosco_Province_of_Padua_Veneto.html
Altavilla Irpina attractions, Province of Avellino, /Attractions-g2287610-Activities-Altavilla_Irpina_Province_of_Avellino_Campania.html
Sant'Antonio Abate attractions, Province of Naples, /Attractions-g1058809-Activities-Sant_Antonio_Abate_Province_of_Naples_Campania.html
Mendicino attractions, Province of Cosenza, /Attractions-g2697154-Activities-Mendicino_Province_of_Cosenza_Calabria.html
Curtarolo attractions, Province of Padua, /Attractions-g2533411-Activities-Curtarolo_Province_of_Padua_Veneto.html
Rive D'Arcano attractions, Province of Udine, /Attractions-g2287655-Activities-Rive_D_Arcano_Province_of_Udine_Friuli_Venezia_Giulia.html
San Cesario sul Panaro attractions, Province of Modena, /Attractions-g1058829-Activities-San_Cesario_sul_Panaro_Province_of_Modena_Emilia_Romagna.html
Montanaro attractions, Province of Turin, /Attractions-g2533396-Activities-Montanaro_Province_of_Turin_Piedmont.html
Beura-Cardezza attractions, Province of Verbano-Cusio-Ossola, /Attractions-g8071349-Activities-Beura_Cardezza_Province_of_Verbano_Cusio_Ossola_Piedmont.html
Carugate attractions, Province of Milan, /Attractions-g2337123-Activities-Carugate_Province_of_Milan_Lombardy.html
Valverde attractions, Province of Catania, /Attractions-g1534311-Activities-Valverde_Province_of_Catania_Sicily.html
Monte Terminillo attractions, Province of Rieti, /Attractions-g1632619-Activities-Monte_Terminillo_Province_of_Rieti_Lazio.html
Premariacco attractions, Province of Udine, /Attractions-g2550105-Activities-Premariacco_Province_of_Udine_Friuli_Venezia_Giulia.html
San Felice sul Panaro attractions, Province of Modena, /Attractions-g2369961-Activities-San_Felice_sul_Panaro_Province_of_Modena_Emilia_Romagna.html
Aquilonia attractions, Province of Avellino, /Attractions-g2337169-Activities-Aquilonia_Province_of_Avellino_Campania.html
Offagna attractions, Province of Ancona, /Attractions-g1419852-Activities-Offagna_Province_of_Ancona_Marche.html
Blera attractions, Province of Viterbo, /Attractions-g2140841-Activities-Blera_Province_of_Viterbo_Lazio.html
Martello attractions, Province of South Tyrol, /Attractions-g1419906-Activities-Martello_Province_of_South_Tyrol_Trentino_Alto_Adige.html
Terlano attractions, Province of South Tyrol, /Attractions-g1419952-Activities-Terlano_Province_of_South_Tyrol_Trentino_Alto_Adige.html
Pollena Trocchia attractions, Province of Naples, /Attractions-g2140831-Activities-Pollena_Trocchia_Province_of_Naples_Campania.html
Bisenti attractions, Province of Teramo, /Attractions-g2026189-Activities-Bisenti_Province_of_Teramo_Abruzzo.html
Albinea attractions, Province of Reggio Emilia, /Attractions-g666352-Activities-Albinea_Province_of_Reggio_Emilia_Emilia_Romagna.html
Gessate attractions, Province of Milan, /Attractions-g2550546-Activities-Gessate_Province_of_Milan_Lombardy.html
Zelo Buon Persico attractions, Province of Lodi, /Attractions-g1928105-Activities-Zelo_Buon_Persico_Province_of_Lodi_Lombardy.html
Mazzano attractions, Province of Brescia, /Attractions-g2386843-Activities-Mazzano_Province_of_Brescia_Lombardy.html
Codigoro attractions, Province of Ferrara, /Attractions-g2059206-Activities-Codigoro_Province_of_Ferrara_Emilia_Romagna.html
Millesimo attractions, Province of Savona, /Attractions-g2239556-Activities-Millesimo_Province_of_Savona_Liguria.html
Ro Ferrarese attractions, Province of Ferrara, /Attractions-g2387011-Activities-Ro_Ferrarese_Province_of_Ferrara_Emilia_Romagna.html
Torriglia attractions, Italian Riviera, /Attractions-g2616415-Activities-Torriglia_Italian_Riviera_Liguria.html
Proserpio attractions, Province of Como, /Attractions-g2370796-Activities-Proserpio_Province_of_Como_Lombardy.html
Tresnuraghes attractions, Province of Oristano, /Attractions-g1060076-Activities-Tresnuraghes_Province_of_Oristano_Sardinia.html
Almese attractions, Province of Turin, /Attractions-g2370849-Activities-Almese_Province_of_Turin_Piedmont.html
San Costanzo attractions, Province of Pesaro and Urbino, /Attractions-g2026765-Activities-San_Costanzo_Province_of_Pesaro_and_Urbino_Marche.html
Cellere attractions, Province of Viterbo, /Attractions-g2026763-Activities-Cellere_Province_of_Viterbo_Lazio.html
Fiamignano attractions, Province of Rieti, /Attractions-g2370876-Activities-Fiamignano_Province_of_Rieti_Lazio.html
Temu attractions, Province of Brescia, /Attractions-g1813852-Activities-Temu_Province_of_Brescia_Lombardy.html
