province_name, region_name, province_url
Malmantile attractions, Province of Florence, /Attractions-g1185990-Activities-Malmantile_Tuscany.html
Briaglia attractions, Province of Cuneo, /Attractions-g2005247-Activities-Briaglia_Province_of_Cuneo_Piedmont.html
Ospedaletto di Istrana attractions, Province of Treviso, /Attractions-g2005244-Activities-Ospedaletto_di_Istrana_Province_of_Treviso_Veneto.html
Stagno Lombardo attractions, Province of Cremona, /Attractions-g2152657-Activities-Stagno_Lombardo_Province_of_Cremona_Lombardy.html
Monterappoli attractions, Province of Florence, /Attractions-g2562261-Activities-Monterappoli_Tuscany.html
Viozene attractions, Province of Cuneo, /Attractions-g21141943-Activities-Viozene_Province_of_Cuneo_Piedmont.html
Bonavicina attractions, Province of Verona, /Attractions-g3381451-Activities-Bonavicina_Province_of_Verona_Veneto.html
San Macario attractions, Province of Varese, /Attractions-g12130748-Activities-San_Macario_Province_of_Varese_Lombardy.html
Malito attractions, Province of Cosenza, /Attractions-g1972497-Activities-Malito_Province_of_Cosenza_Calabria.html
Dese attractions, City of Venice, /Attractions-g1972494-Activities-Dese_Veneto.html
San Sigismondo attractions, Province of South Tyrol, /Attractions-g1186050-Activities-San_Sigismondo_Province_of_South_Tyrol_Trentino_Alto_Adige.html
Ono San Pietro attractions, Province of Brescia, /Attractions-g1857801-Activities-Ono_San_Pietro_Province_of_Brescia_Lombardy.html
Badia Agnano attractions, Province of Arezzo, /Attractions-g3610920-Activities-Badia_Agnano_Province_of_Arezzo_Tuscany.html
Monte Vibiano Vecchio attractions, Province of Perugia, /Attractions-g1972540-Activities-Monte_Vibiano_Vecchio_Province_of_Perugia_Umbria.html
Massignano attractions, Province of Ancona, /Attractions-g2316550-Activities-Massignano_Province_of_Ancona_Marche.html
Oggiona con Santo Stefano attractions, Province of Varese, /Attractions-g2398565-Activities-Oggiona_con_Santo_Stefano_Province_of_Varese_Lombardy.html
San Giorgio di Livenza attractions, Province of Venice, /Attractions-g2398567-Activities-San_Giorgio_di_Livenza_Veneto.html
Santa Maria di San Siro attractions, Lake Como, /Attractions-g1972590-Activities-Santa_Maria_di_San_Siro_Lake_Como_Lombardy.html
Serravalle attractions, Province of Perugia, /Attractions-g2398545-Activities-Serravalle_Province_of_Perugia_Umbria.html
Grondona attractions, Province of Alessandria, /Attractions-g2398639-Activities-Grondona_Province_of_Alessandria_Piedmont.html
Cremosano attractions, Province of Cremona, /Attractions-g2398642-Activities-Cremosano_Province_of_Cremona_Lombardy.html
Casinina attractions, Province of Pesaro and Urbino, /Attractions-g2398623-Activities-Casinina_Province_of_Pesaro_and_Urbino_Marche.html
Bottidda attractions, Province of Sassari, /Attractions-g6609315-Activities-Bottidda_Province_of_Sassari_Sardinia.html
Montecchio attractions, Province of Siena, /Attractions-g1628629-Activities-Montecchio_Tuscany.html
Cinte Tesino attractions, Province of Trento, /Attractions-g3987936-Activities-Cinte_Tesino_Province_of_Trento_Trentino_Alto_Adige.html
Postal attractions, Province of South Tyrol, /Attractions-g1186291-Activities-Postal_Province_of_South_Tyrol_Trentino_Alto_Adige.html
Castel Romano attractions, Province of Rome, /Attractions-g7362962-Activities-Castel_Romano_Province_of_Rome_Lazio.html
Montegonzi attractions, Province of Arezzo, /Attractions-g1186278-Activities-Montegonzi_Province_of_Arezzo_Tuscany.html
Santa Margherita attractions, Province of Trento, /Attractions-g17849110-Activities-Santa_Margherita_Province_of_Trento_Trentino_Alto_Adige.html
Rivarotta di Pasiano attractions, Province of Pordenone, /Attractions-g1186331-Activities-Rivarotta_di_Pasiano_Province_of_Pordenone_Friuli_Venezia_Giulia.html
Montereggio attractions, Province of Massa Carrara, /Attractions-g13818563-Activities-Montereggio_Province_of_Massa_Carrara_Tuscany.html
San Pio di Fontecchio attractions, Province of L'Aquila, /Attractions-g1219085-Activities-San_Pio_di_Fontecchio_Province_of_L_Aquila_Abruzzo.html
Bompietro attractions, Province of Palermo, /Attractions-g10361532-Activities-Bompietro_Province_of_Palermo_Sicily.html
Busano attractions, Province of Turin, /Attractions-g3480064-Activities-Busano_Province_of_Turin_Piedmont.html
Costanzana attractions, Province of Vercelli, /Attractions-g4856438-Activities-Costanzana_Province_of_Vercelli_Piedmont.html
Marzi attractions, Province of Cosenza, /Attractions-g17849178-Activities-Marzi_Province_of_Cosenza_Calabria.html
Carpeneto attractions, Province of Alessandria, /Attractions-g3365473-Activities-Carpeneto_Province_of_Alessandria_Piedmont.html
Ponzone attractions, Province of Biella, /Attractions-g17587046-Activities-Ponzone_Province_of_Biella_Piedmont.html
Sant'Angelo d'Alife attractions, Province of Caserta, /Attractions-g12540618-Activities-Sant_Angelo_d_Alife_Province_of_Caserta_Campania.html
Osasio attractions, Province of Turin, /Attractions-g20077490-Activities-Osasio_Province_of_Turin_Piedmont.html
Borriana attractions, Province of Biella, /Attractions-g20077493-Activities-Borriana_Province_of_Biella_Piedmont.html
Cima attractions, Province of Como, /Attractions-g580225-Activities-Cima_Province_of_Como_Lombardy.html
Valledolmo attractions, Province of Palermo, /Attractions-g12540460-Activities-Valledolmo_Province_of_Palermo_Sicily.html
Collelungo attractions, Province of Terni, /Attractions-g1972873-Activities-Collelungo_Province_of_Terni_Umbria.html
Bribano attractions, Province of Belluno, /Attractions-g2464447-Activities-Bribano_Province_of_Belluno_Veneto.html
Gargagnago di Valpolicella attractions, Province of Verona, /Attractions-g580245-Activities-Gargagnago_di_Valpolicella_Province_of_Verona_Veneto.html
Brusasco attractions, Province of Turin, /Attractions-g1055374-Activities-Brusasco_Province_of_Turin_Piedmont.html
Codissago attractions, Province of Belluno, /Attractions-g13818482-Activities-Codissago_Province_of_Belluno_Veneto.html
Tavigliano attractions, Province of Biella, /Attractions-g7314088-Activities-Tavigliano_Province_of_Biella_Piedmont.html
Bosio attractions, Province of Alessandria, /Attractions-g3463933-Activities-Bosio_Province_of_Alessandria_Piedmont.html
