province_name, region_name, province_url
Busca attractions, Province of Cuneo, /Attractions-g2012112-Activities-Busca_Province_of_Cuneo_Piedmont.html
Pescopennataro attractions, Province of Isernia, /Attractions-g3388389-Activities-Pescopennataro_Province_of_Isernia_Molise.html
Seveso attractions, Province of Monza and Brianza, /Attractions-g635873-Activities-Seveso_Province_of_Monza_and_Brianza_Lombardy.html
Borrello attractions, Province of Chieti, /Attractions-g1078290-Activities-Borrello_Province_of_Chieti_Abruzzo.html
Bortigiadas attractions, Province of Olbia-Tempio, /Attractions-g2061405-Activities-Bortigiadas_Province_of_Olbia_Tempio_Sardinia.html
Gazzo attractions, Province of Padua, /Attractions-g3847312-Activities-Gazzo_Province_of_Padua_Veneto.html
Besenello attractions, Province of Trento, /Attractions-g1537337-Activities-Besenello_Province_of_Trento_Trentino_Alto_Adige.html
Civita attractions, Province of Cosenza, /Attractions-g1537377-Activities-Civita_Province_of_Cosenza_Calabria.html
Rosazza attractions, Province of Biella, /Attractions-g4765132-Activities-Rosazza_Province_of_Biella_Piedmont.html
Pero attractions, Province of Milan, /Attractions-g1439316-Activities-Pero_Province_of_Milan_Lombardy.html
Brentonico attractions, Province of Trento, /Attractions-g783939-Activities-Brentonico_Province_of_Trento_Trentino_Alto_Adige.html
Grumo Appula attractions, Province of Bari, /Attractions-g10368759-Activities-Grumo_Appula_Province_of_Bari_Puglia.html
Patu attractions, Province of Lecce, /Attractions-g1193609-Activities-Patu_Province_of_Lecce_Puglia.html
Prignano Sulla Secchia attractions, Province of Modena, /Attractions-g5109403-Activities-Prignano_Sulla_Secchia_Province_of_Modena_Emilia_Romagna.html
Fara Novarese attractions, Province of Novara, /Attractions-g5109408-Activities-Fara_Novarese_Province_of_Novara_Piedmont.html
Soliera attractions, Province of Modena, /Attractions-g1931037-Activities-Soliera_Province_of_Modena_Emilia_Romagna.html
Castellamonte attractions, Province of Turin, /Attractions-g1931030-Activities-Castellamonte_Province_of_Turin_Piedmont.html
Monsano attractions, Province of Ancona, /Attractions-g1931074-Activities-Monsano_Province_of_Ancona_Marche.html
Treia attractions, Province of Macerata, /Attractions-g1079174-Activities-Treia_Province_of_Macerata_Marche.html
Trevenzuolo attractions, Province of Verona, /Attractions-g1439829-Activities-Trevenzuolo_Province_of_Verona_Veneto.html
Oropa attractions, Province of Biella, /Attractions-g1488961-Activities-Oropa_Province_of_Biella_Piedmont.html
Bosisio Parini attractions, Province of Lecco, /Attractions-g2046018-Activities-Bosisio_Parini_Province_of_Lecco_Lombardy.html
Castel di Tora attractions, Province of Rieti, /Attractions-g2291804-Activities-Castel_di_Tora_Province_of_Rieti_Lazio.html
Frabosa Sottana attractions, Province of Cuneo, /Attractions-g194767-Activities-Frabosa_Sottana_Province_of_Cuneo_Piedmont.html
Lido Di Savio attractions, Province of Ravenna, /Attractions-g194795-Activities-Lido_Di_Savio_Province_of_Ravenna_Emilia_Romagna.html
Molveno attractions, Province of Trento, /Attractions-g194827-Activities-Molveno_Province_of_Trento_Trentino_Alto_Adige.html
Marta attractions, Province of Viterbo, /Attractions-g1096000-Activities-Marta_Province_of_Viterbo_Lazio.html
Drenchia attractions, Province of Udine, /Attractions-g2292128-Activities-Drenchia_Province_of_Udine_Friuli_Venezia_Giulia.html
Orio Al Serio attractions, Province of Bergamo, /Attractions-g1063320-Activities-Orio_Al_Serio_Province_of_Bergamo_Lombardy.html
Olgiate Comasco attractions, Province of Como, /Attractions-g1931780-Activities-Olgiate_Comasco_Province_of_Como_Lombardy.html
Oppido Mamertina attractions, Province of Reggio Calabria, /Attractions-g7371303-Activities-Oppido_Mamertina_Province_of_Reggio_Calabria_Calabria.html
Mongrassano attractions, Province of Cosenza, /Attractions-g12942007-Activities-Mongrassano_Province_of_Cosenza_Calabria.html
Solarino attractions, Province of Syracuse, /Attractions-g1079937-Activities-Solarino_Province_of_Syracuse_Sicily.html
Cibiana di Cadore attractions, Province of Belluno, /Attractions-g1440393-Activities-Cibiana_di_Cadore_Province_of_Belluno_Veneto.html
Gesualdo attractions, Province of Avellino, /Attractions-g1932015-Activities-Gesualdo_Province_of_Avellino_Campania.html
Comerio attractions, Province of Varese, /Attractions-g1080102-Activities-Comerio_Province_of_Varese_Lombardy.html
Scoppito attractions, Province of L'Aquila, /Attractions-g2013988-Activities-Scoppito_Province_of_L_Aquila_Abruzzo.html
Vogogna attractions, Province of Verbano-Cusio-Ossola, /Attractions-g1080107-Activities-Vogogna_Province_of_Verbano_Cusio_Ossola_Piedmont.html
Saracena attractions, Province of Cosenza, /Attractions-g2538338-Activities-Saracena_Province_of_Cosenza_Calabria.html
Alzate Brianza attractions, Province of Como, /Attractions-g2440049-Activities-Alzate_Brianza_Province_of_Como_Lombardy.html
Vaprio d'Adda attractions, Province of Milan, /Attractions-g1080231-Activities-Vaprio_d_Adda_Province_of_Milan_Lombardy.html
Toirano attractions, Province of Savona, /Attractions-g1899428-Activities-Toirano_Province_of_Savona_Liguria.html
San Lucido attractions, Province of Cosenza, /Attractions-g1932229-Activities-San_Lucido_Province_of_Cosenza_Calabria.html
Oltre il Colle attractions, Province of Bergamo, /Attractions-g2014194-Activities-Oltre_il_Colle_Province_of_Bergamo_Lombardy.html
Donnas attractions, Valle d'Aosta, /Attractions-g736253-Activities-Donnas_Valle_d_Aosta.html
Dolcedo attractions, Province of Imperia, /Attractions-g1195029-Activities-Dolcedo_Province_of_Imperia_Liguria.html
Minervino di Lecce attractions, Province of Lecce, /Attractions-g1932299-Activities-Minervino_di_Lecce_Province_of_Lecce_Puglia.html
Circello attractions, Province of Benevento, /Attractions-g3947525-Activities-Circello_Province_of_Benevento_Campania.html
Gandino attractions, Province of Bergamo, /Attractions-g3210330-Activities-Gandino_Province_of_Bergamo_Lombardy.html
Canino attractions, Province of Viterbo, /Attractions-g1080451-Activities-Canino_Province_of_Viterbo_Lazio.html
