province_name, region_name, province_url
Ruino attractions, Province of Pavia, /Attractions-g3374491-Activities-Ruino_Province_of_Pavia_Lombardy.html
Volpara attractions, Province of Pavia, /Attractions-g3374494-Activities-Volpara_Province_of_Pavia_Lombardy.html
Stregna attractions, Province of Udine, /Attractions-g3374478-Activities-Stregna_Province_of_Udine_Friuli_Venezia_Giulia.html
Carlino attractions, Province of Udine, /Attractions-g2194847-Activities-Carlino_Province_of_Udine_Friuli_Venezia_Giulia.html
Arsago Seprio attractions, Province of Varese, /Attractions-g1572306-Activities-Arsago_Seprio_Province_of_Varese_Lombardy.html
Albiano d'Ivrea attractions, Province of Turin, /Attractions-g1785340-Activities-Albiano_d_Ivrea_Province_of_Turin_Piedmont.html
Giai attractions, Province of Venice, /Attractions-g3374528-Activities-Giai_Veneto.html
Monacilioni attractions, Province of Campobasso, /Attractions-g15580913-Activities-Monacilioni_Province_of_Campobasso_Molise.html
Torre Cajetani attractions, Province of Frosinone, /Attractions-g8568498-Activities-Torre_Cajetani_Province_of_Frosinone_Lazio.html
Marina di Arbus attractions, Province of Medio Campidano, /Attractions-g1097305-Activities-Marina_di_Arbus_Province_of_Medio_Campidano_Sardinia.html
Marconia attractions, Province of Matera, /Attractions-g3489376-Activities-Marconia_Province_of_Matera_Basilicata.html
Villa Ottone attractions, Province of South Tyrol, /Attractions-g1097289-Activities-Villa_Ottone_Province_of_South_Tyrol_Trentino_Alto_Adige.html
Bondone attractions, Province of Trento, /Attractions-g12664404-Activities-Bondone_Province_of_Trento_Trentino_Alto_Adige.html
Monte san Martino attractions, Province of Macerata, /Attractions-g1048237-Activities-Monte_san_Martino_Province_of_Macerata_Marche.html
Villastellone attractions, Province of Turin, /Attractions-g3456657-Activities-Villastellone_Province_of_Turin_Piedmont.html
Casalvecchio di Puglia attractions, Province of Foggia, /Attractions-g12811881-Activities-Casalvecchio_di_Puglia_Province_of_Foggia_Puglia.html
Campodenno attractions, Province of Trento, /Attractions-g2588296-Activities-Campodenno_Province_of_Trento_Trentino_Alto_Adige.html
Cagno attractions, Province of Como, /Attractions-g13811305-Activities-Cagno_Province_of_Como_Lombardy.html
Ripacandida attractions, Province of Potenza, /Attractions-g7110314-Activities-Ripacandida_Province_of_Potenza_Basilicata.html
Cogollo del Cengio attractions, Province of Vicenza, /Attractions-g2260719-Activities-Cogollo_del_Cengio_Province_of_Vicenza_Veneto.html
Campi Salentina attractions, Province of Lecce, /Attractions-g1179339-Activities-Campi_Salentina_Province_of_Lecce_Puglia.html
Lizzanello attractions, Province of Lecce, /Attractions-g1179338-Activities-Lizzanello_Province_of_Lecce_Puglia.html
Moncucco Torinese attractions, Province of Asti, /Attractions-g1310436-Activities-Moncucco_Torinese_Province_of_Asti_Piedmont.html
Monterosso Grana attractions, Province of Cuneo, /Attractions-g1081146-Activities-Monterosso_Grana_Province_of_Cuneo_Piedmont.html
Torrita Tiberina attractions, Province of Rome, /Attractions-g2260750-Activities-Torrita_Tiberina_Province_of_Rome_Lazio.html
Villammare attractions, Province of Salerno, /Attractions-g671563-Activities-Villammare_Province_of_Salerno_Campania.html
Pecetto di Valenza attractions, Province of Alessandria, /Attractions-g1081180-Activities-Pecetto_di_Valenza_Province_of_Alessandria_Piedmont.html
Trinita attractions, Province of Cuneo, /Attractions-g3473275-Activities-Trinita_Province_of_Cuneo_Piedmont.html
Castello di Cisterna attractions, Province of Naples, /Attractions-g1081161-Activities-Castello_di_Cisterna_Province_of_Naples_Campania.html
Rodello attractions, Province of Cuneo, /Attractions-g2015044-Activities-Rodello_Province_of_Cuneo_Piedmont.html
Corsione attractions, Province of Asti, /Attractions-g1965982-Activities-Corsione_Province_of_Asti_Piedmont.html
Rocchetta di Vara attractions, Province of La Spezia, /Attractions-g1933198-Activities-Rocchetta_di_Vara_Province_of_La_Spezia_Liguria.html
Torchiara attractions, Province of Salerno, /Attractions-g1081230-Activities-Torchiara_Province_of_Salerno_Campania.html
Torno attractions, Lake Como, /Attractions-g262050-Activities-Torno_Lake_Como_Lombardy.html
Frigento attractions, Province of Avellino, /Attractions-g2146182-Activities-Frigento_Province_of_Avellino_Campania.html
Buti attractions, Province of Pisa, /Attractions-g1163191-Activities-Buti_Province_of_Pisa_Tuscany.html
Satriano attractions, Province of Catanzaro, /Attractions-g5111688-Activities-Satriano_Province_of_Catanzaro_Calabria.html
Lastebasse attractions, Province of Vicenza, /Attractions-g4505703-Activities-Lastebasse_Province_of_Vicenza_Veneto.html
Nucleo Industriale Pile attractions, Province of L'Aquila, /Attractions-g12878060-Activities-Nucleo_Industriale_Pile_Province_of_L_Aquila_Abruzzo.html
Padria attractions, Province of Sassari, /Attractions-g1933356-Activities-Padria_Province_of_Sassari_Sardinia.html
Pace del Mela attractions, Province of Messina, /Attractions-g1933426-Activities-Pace_del_Mela_Province_of_Messina_Sicily.html
Cerda attractions, Province of Palermo, /Attractions-g1081450-Activities-Cerda_Province_of_Palermo_Sicily.html
Trappeto attractions, Province of Palermo, /Attractions-g1081451-Activities-Trappeto_Province_of_Palermo_Sicily.html
Trafoi attractions, Province of South Tyrol, /Attractions-g950411-Activities-Trafoi_Province_of_South_Tyrol_Trentino_Alto_Adige.html
Medolago attractions, Province of Bergamo, /Attractions-g966812-Activities-Medolago_Province_of_Bergamo_Lombardy.html
Vendrogno attractions, Province of Lecco, /Attractions-g7241978-Activities-Vendrogno_Province_of_Lecco_Lombardy.html
Arnara attractions, Province of Frosinone, /Attractions-g3457174-Activities-Arnara_Province_of_Frosinone_Lazio.html
Bolzano Novarese attractions, Province of Novara, /Attractions-g3588231-Activities-Bolzano_Novarese_Province_of_Novara_Piedmont.html
Foppolo attractions, Province of Bergamo, /Attractions-g966837-Activities-Foppolo_Province_of_Bergamo_Lombardy.html
Ruffia attractions, Province of Cuneo, /Attractions-g7241878-Activities-Ruffia_Province_of_Cuneo_Piedmont.html
