province_name, region_name, province_url
Ortona dei Marsi attractions, Province of L'Aquila, /Attractions-g4877422-Activities-Ortona_dei_Marsi_Province_of_L_Aquila_Abruzzo.html
Monte Compatri attractions, Province of Rome, /Attractions-g1748056-Activities-Monte_Compatri_Province_of_Rome_Lazio.html
Mori attractions, Province of Trento, /Attractions-g2436279-Activities-Mori_Province_of_Trento_Trentino_Alto_Adige.html
Calusco d'Adda attractions, Province of Bergamo, /Attractions-g2387163-Activities-Calusco_d_Adda_Province_of_Bergamo_Lombardy.html
Pramaggiore attractions, Province of Venice, /Attractions-g4107542-Activities-Pramaggiore_Veneto.html
La Valle attractions, Province of South Tyrol, /Attractions-g1371526-Activities-La_Valle_Province_of_South_Tyrol_Trentino_Alto_Adige.html
Aldino attractions, Province of South Tyrol, /Attractions-g1158571-Activities-Aldino_Province_of_South_Tyrol_Trentino_Alto_Adige.html
Valdidentro attractions, Province of Sondrio, /Attractions-g667205-Activities-Valdidentro_Province_of_Sondrio_Lombardy.html
Sant'Alfio attractions, Province of Catania, /Attractions-g1519173-Activities-Sant_Alfio_Province_of_Catania_Sicily.html
Giannutri Island attractions, Province of Grosseto, /Attractions-g1175107-Activities-Giannutri_Island_Province_of_Grosseto_Tuscany.html
Scurcola Marsicana attractions, Province of L'Aquila, /Attractions-g1912597-Activities-Scurcola_Marsicana_Province_of_L_Aquila_Abruzzo.html
Turbigo attractions, Province of Milan, /Attractions-g2142000-Activities-Turbigo_Province_of_Milan_Lombardy.html
Deliceto attractions, Province of Foggia, /Attractions-g3665667-Activities-Deliceto_Province_of_Foggia_Puglia.html
Avigliano attractions, Province of Potenza, /Attractions-g1568583-Activities-Avigliano_Province_of_Potenza_Basilicata.html
San Giovanni a Piro attractions, Cilento and Vallo di Diano National Park, /Attractions-g1077065-Activities-San_Giovanni_a_Piro_Cilento_and_Vallo_di_Diano_National_Park_Province_of_Salerno_Campania.html
Cori attractions, Province of Latina, /Attractions-g1453899-Activities-Cori_Province_of_Latina_Lazio.html
Creazzo attractions, Province of Vicenza, /Attractions-g1077108-Activities-Creazzo_Province_of_Vicenza_Veneto.html
Pietrapertosa attractions, Province of Potenza, /Attractions-g1535904-Activities-Pietrapertosa_Province_of_Potenza_Basilicata.html
Montescudo attractions, Province of Rimini, /Attractions-g2060357-Activities-Montescudo_Province_of_Rimini_Emilia_Romagna.html
Sersale attractions, Province of Catanzaro, /Attractions-g4878471-Activities-Sersale_Province_of_Catanzaro_Calabria.html
Vezza d'Alba attractions, Province of Cuneo, /Attractions-g2552030-Activities-Vezza_d_Alba_Province_of_Cuneo_Piedmont.html
Annone Veneto attractions, Province of Venice, /Attractions-g3174713-Activities-Annone_Veneto_Veneto.html
Santo Stefano di Sessanio attractions, Province of L'Aquila, /Attractions-g1061123-Activities-Santo_Stefano_di_Sessanio_Province_of_L_Aquila_Abruzzo.html
Ghedi attractions, Province of Brescia, /Attractions-g3174691-Activities-Ghedi_Province_of_Brescia_Lombardy.html
Caldonazzo attractions, Province of Trento, /Attractions-g1405250-Activities-Caldonazzo_Province_of_Trento_Trentino_Alto_Adige.html
Bussi sul Tirino attractions, Province of Pescara, /Attractions-g3174744-Activities-Bussi_sul_Tirino_Province_of_Pescara_Abruzzo.html
Baia e Latina attractions, Province of Caserta, /Attractions-g6959381-Activities-Baia_e_Latina_Province_of_Caserta_Campania.html
Fiastra attractions, Province of Macerata, /Attractions-g1405415-Activities-Fiastra_Province_of_Macerata_Marche.html
Lotzorai attractions, Province of Ogliastra, /Attractions-g1028702-Activities-Lotzorai_Province_of_Ogliastra_Sardinia.html
Marina di Gioiosa Ionica attractions, Province of Reggio Calabria, /Attractions-g651982-Activities-Marina_di_Gioiosa_Ionica_Province_of_Reggio_Calabria_Calabria.html
Jerzu attractions, Province of Ogliastra, /Attractions-g652014-Activities-Jerzu_Province_of_Ogliastra_Sardinia.html
San Germano Chisone attractions, Province of Turin, /Attractions-g3240647-Activities-San_Germano_Chisone_Province_of_Turin_Piedmont.html
Campofelice di Roccella attractions, Province of Palermo, /Attractions-g652019-Activities-Campofelice_di_Roccella_Province_of_Palermo_Sicily.html
Borca di Cadore attractions, Province of Belluno, /Attractions-g652044-Activities-Borca_di_Cadore_Province_of_Belluno_Veneto.html
Lavagno attractions, Province of Verona, /Attractions-g1209147-Activities-Lavagno_Province_of_Verona_Veneto.html
Pontinia attractions, Province of Latina, /Attractions-g1946487-Activities-Pontinia_Province_of_Latina_Lazio.html
Sant'Anastasia attractions, Province of Naples, /Attractions-g2044782-Activities-Sant_Anastasia_Province_of_Naples_Campania.html
Maniace attractions, Province of Catania, /Attractions-g2356062-Activities-Maniace_Province_of_Catania_Sicily.html
Colonnella attractions, Province of Teramo, /Attractions-g635870-Activities-Colonnella_Province_of_Teramo_Abruzzo.html
Sant'Agata sul Santerno attractions, Province of Ravenna, /Attractions-g3847262-Activities-Sant_Agata_sul_Santerno_Province_of_Ravenna_Emilia_Romagna.html
Pizzoferrato attractions, Province of Chieti, /Attractions-g1897616-Activities-Pizzoferrato_Province_of_Chieti_Abruzzo.html
Cetraro attractions, Province of Cosenza, /Attractions-g1062075-Activities-Cetraro_Province_of_Cosenza_Calabria.html
San Pietro in Gu attractions, Province of Padua, /Attractions-g2356371-Activities-San_Pietro_in_Gu_Province_of_Padua_Veneto.html
Sala Consilina attractions, Province of Salerno, /Attractions-g1799449-Activities-Sala_Consilina_Province_of_Salerno_Campania.html
Argelato attractions, Province of Bologna, /Attractions-g1537331-Activities-Argelato_Province_of_Bologna_Emilia_Romagna.html
Brembate di Sopra attractions, Province of Bergamo, /Attractions-g2209335-Activities-Brembate_di_Sopra_Province_of_Bergamo_Lombardy.html
Pollica attractions, Cilento and Vallo di Diano National Park, /Attractions-g2209378-Activities-Pollica_Cilento_and_Vallo_di_Diano_National_Park_Province_of_Salerno_Campania.html
Monte di Malo attractions, Province of Vicenza, /Attractions-g3487359-Activities-Monte_di_Malo_Province_of_Vicenza_Veneto.html
Aliano attractions, Province of Matera, /Attractions-g2209395-Activities-Aliano_Province_of_Matera_Basilicata.html
Besana in Brianza attractions, Province of Monza and Brianza, /Attractions-g1816388-Activities-Besana_in_Brianza_Province_of_Monza_and_Brianza_Lombardy.html
