province_name, region_name, province_url
Cittareale attractions, Province of Rieti, /Attractions-g1643696-Activities-Cittareale_Province_of_Rieti_Lazio.html
Trequanda attractions, Province of Siena, /Attractions-g644285-Activities-Trequanda_Tuscany.html
Uboldo attractions, Province of Varese, /Attractions-g1643834-Activities-Uboldo_Province_of_Varese_Lombardy.html
Vittuone attractions, Province of Milan, /Attractions-g1643837-Activities-Vittuone_Province_of_Milan_Lombardy.html
Cornaiano attractions, Province of South Tyrol, /Attractions-g1185111-Activities-Cornaiano_Province_of_South_Tyrol_Trentino_Alto_Adige.html
Militello in Val di Catania attractions, Province of Catania, /Attractions-g2446736-Activities-Militello_in_Val_di_Catania_Province_of_Catania_Sicily.html
Ferno attractions, Province of Varese, /Attractions-g2627046-Activities-Ferno_Province_of_Varese_Lombardy.html
Montecorvino Rovella attractions, Province of Salerno, /Attractions-g1644020-Activities-Montecorvino_Rovella_Province_of_Salerno_Campania.html
Piedimonte Etneo attractions, Province of Catania, /Attractions-g677477-Activities-Piedimonte_Etneo_Province_of_Catania_Sicily.html
Cavaso del Tomba attractions, Province of Treviso, /Attractions-g677680-Activities-Cavaso_del_Tomba_Province_of_Treviso_Veneto.html
Gonnosfanadiga attractions, Province of Medio Campidano, /Attractions-g2135905-Activities-Gonnosfanadiga_Province_of_Medio_Campidano_Sardinia.html
Bova Marina attractions, Province of Reggio Calabria, /Attractions-g2316117-Activities-Bova_Marina_Province_of_Reggio_Calabria_Calabria.html
Venturina Terme attractions, Province of Livorno, /Attractions-g2135990-Activities-Venturina_Terme_Province_of_Livorno_Tuscany.html
Gabiano attractions, Province of Alessandria, /Attractions-g1054636-Activities-Gabiano_Province_of_Alessandria_Piedmont.html
Fordongianus attractions, Province of Oristano, /Attractions-g1054681-Activities-Fordongianus_Province_of_Oristano_Sardinia.html
Ligonchio attractions, Province of Reggio Emilia, /Attractions-g1955799-Activities-Ligonchio_Province_of_Reggio_Emilia_Emilia_Romagna.html
Filattiera attractions, Province of Massa Carrara, /Attractions-g1235040-Activities-Filattiera_Province_of_Massa_Carrara_Tuscany.html
Itala attractions, Province of Messina, /Attractions-g3643560-Activities-Itala_Province_of_Messina_Sicily.html
Cermenate attractions, Province of Como, /Attractions-g2529504-Activities-Cermenate_Province_of_Como_Lombardy.html
Bagnolo San Vito attractions, Province of Mantua, /Attractions-g2021591-Activities-Bagnolo_San_Vito_Province_of_Mantua_Lombardy.html
Verdello attractions, Province of Bergamo, /Attractions-g1972437-Activities-Verdello_Province_of_Bergamo_Lombardy.html
Verucchio attractions, Province of Rimini, /Attractions-g678218-Activities-Verucchio_Province_of_Rimini_Emilia_Romagna.html
Sala Baganza attractions, Province of Parma, /Attractions-g1071579-Activities-Sala_Baganza_Province_of_Parma_Emilia_Romagna.html
Rosignano Solvay attractions, Province of Livorno, /Attractions-g1186329-Activities-Rosignano_Solvay_Province_of_Livorno_Tuscany.html
Crespina attractions, Province of Pisa, /Attractions-g1235462-Activities-Crespina_Province_of_Pisa_Tuscany.html
Sarego attractions, Province of Vicenza, /Attractions-g1989131-Activities-Sarego_Province_of_Vicenza_Veneto.html
Maleo attractions, Province of Lodi, /Attractions-g2464426-Activities-Maleo_Province_of_Lodi_Lombardy.html
Santa Maria della Versa attractions, Province of Pavia, /Attractions-g1759883-Activities-Santa_Maria_della_Versa_Province_of_Pavia_Lombardy.html
Sant'Elia a Pianisi attractions, Province of Campobasso, /Attractions-g7625430-Activities-Sant_Elia_a_Pianisi_Province_of_Campobasso_Molise.html
Pigna attractions, Province of Imperia, /Attractions-g1923748-Activities-Pigna_Province_of_Imperia_Liguria.html
Carasco attractions, Province of Genoa, /Attractions-g1055404-Activities-Carasco_Province_of_Genoa_Liguria.html
Lavena Ponte Tresa attractions, Province of Varese, /Attractions-g1055442-Activities-Lavena_Ponte_Tresa_Province_of_Varese_Lombardy.html
Leini attractions, Province of Turin, /Attractions-g1055445-Activities-Leini_Province_of_Turin_Piedmont.html
Poggio Mirteto attractions, Province of Rieti, /Attractions-g1202892-Activities-Poggio_Mirteto_Province_of_Rieti_Lazio.html
Sant'Angelo a Cupolo attractions, Province of Benevento, /Attractions-g4873070-Activities-Sant_Angelo_a_Cupolo_Province_of_Benevento_Campania.html
Diano Castello attractions, Province of Imperia, /Attractions-g1186597-Activities-Diano_Castello_Province_of_Imperia_Liguria.html
Montale attractions, Province of Pistoia, /Attractions-g1186675-Activities-Montale_Province_of_Pistoia_Tuscany.html
San Martino in Passiria attractions, Province of South Tyrol, /Attractions-g1186760-Activities-San_Martino_in_Passiria_Province_of_South_Tyrol_Trentino_Alto_Adige.html
Vallo di Nera attractions, Province of Perugia, /Attractions-g2268256-Activities-Vallo_di_Nera_Province_of_Perugia_Umbria.html
Monteflavio attractions, Province of Rome, /Attractions-g2399330-Activities-Monteflavio_Province_of_Rome_Lazio.html
Alto attractions, Province of Cuneo, /Attractions-g5495868-Activities-Alto_Province_of_Cuneo_Piedmont.html
Introd attractions, Valle d'Aosta, /Attractions-g1973356-Activities-Introd_Valle_d_Aosta.html
Nereto attractions, Province of Teramo, /Attractions-g1186916-Activities-Nereto_Province_of_Teramo_Abruzzo.html
Cassano Valcuvia attractions, Province of Varese, /Attractions-g5496047-Activities-Cassano_Valcuvia_Province_of_Varese_Lombardy.html
Camporosso in Valcanale attractions, Province of Udine, /Attractions-g1989863-Activities-Camporosso_in_Valcanale_Province_of_Udine_Friuli_Venezia_Giulia.html
Maracalagonis attractions, Province of Cagliari, /Attractions-g1187091-Activities-Maracalagonis_Province_of_Cagliari_Sardinia.html
Casalnuovo Monterotaro attractions, Province of Foggia, /Attractions-g1187086-Activities-Casalnuovo_Monterotaro_Province_of_Foggia_Puglia.html
Guardabosone attractions, Province of Vercelli, /Attractions-g2006275-Activities-Guardabosone_Province_of_Vercelli_Piedmont.html
Dosoledo attractions, Province of Belluno, /Attractions-g1514812-Activities-Dosoledo_Province_of_Belluno_Veneto.html
Limena attractions, Province of Padua, /Attractions-g1056092-Activities-Limena_Province_of_Padua_Veneto.html
