province_name, region_name, province_url
Cetona attractions, Province of Siena, /Attractions-g1009281-Activities-Cetona_Tuscany.html
San Cataldo attractions, Province of Caltanissetta, /Attractions-g1058812-Activities-San_Cataldo_Province_of_Caltanissetta_Sicily.html
San Marco Argentano attractions, Province of Cosenza, /Attractions-g1058839-Activities-San_Marco_Argentano_Province_of_Cosenza_Calabria.html
Goro attractions, Province of Ferrara, /Attractions-g2533598-Activities-Goro_Province_of_Ferrara_Emilia_Romagna.html
Pavia di Udine attractions, Province of Udine, /Attractions-g2337181-Activities-Pavia_di_Udine_Province_of_Udine_Friuli_Venezia_Giulia.html
Ostra attractions, Province of Ancona, /Attractions-g2140648-Activities-Ostra_Province_of_Ancona_Marche.html
Strongoli attractions, Province of Crotone, /Attractions-g1600164-Activities-Strongoli_Province_of_Crotone_Calabria.html
Lenola attractions, Province of Latina, /Attractions-g2337521-Activities-Lenola_Province_of_Latina_Lazio.html
Montecchio Emilia attractions, Province of Reggio Emilia, /Attractions-g666507-Activities-Montecchio_Emilia_Province_of_Reggio_Emilia_Emilia_Romagna.html
Barcis attractions, Province of Pordenone, /Attractions-g1600537-Activities-Barcis_Province_of_Pordenone_Friuli_Venezia_Giulia.html
Ultimo attractions, Province of South Tyrol, /Attractions-g1059843-Activities-Ultimo_Province_of_South_Tyrol_Trentino_Alto_Adige.html
Nova Milanese attractions, Province of Monza and Brianza, /Attractions-g2370657-Activities-Nova_Milanese_Province_of_Monza_and_Brianza_Lombardy.html
Favara attractions, Province of Agrigento, /Attractions-g1748053-Activities-Favara_Province_of_Agrigento_Sicily.html
Mel attractions, Province of Belluno, /Attractions-g1928265-Activities-Mel_Province_of_Belluno_Veneto.html
Camigliatello Silano attractions, Province of Cosenza, /Attractions-g1092813-Activities-Camigliatello_Silano_Province_of_Cosenza_Calabria.html
Itri attractions, Province of Latina, /Attractions-g666990-Activities-Itri_Province_of_Latina_Lazio.html
Olevano Romano attractions, Province of Rome, /Attractions-g666978-Activities-Olevano_Romano_Province_of_Rome_Lazio.html
Dueville attractions, Province of Vicenza, /Attractions-g2338607-Activities-Dueville_Province_of_Vicenza_Veneto.html
Noceto attractions, Province of Parma, /Attractions-g1077054-Activities-Noceto_Province_of_Parma_Emilia_Romagna.html
Orino attractions, Province of Varese, /Attractions-g3665669-Activities-Orino_Province_of_Varese_Lombardy.html
Ronciglione attractions, Province of Viterbo, /Attractions-g1077056-Activities-Ronciglione_Province_of_Viterbo_Lazio.html
Torreano attractions, Province of Udine, /Attractions-g2207935-Activities-Torreano_Province_of_Udine_Friuli_Venezia_Giulia.html
Gardone Val Trompia attractions, Province of Brescia, /Attractions-g3174715-Activities-Gardone_Val_Trompia_Province_of_Brescia_Lombardy.html
Savoca attractions, Province of Messina, /Attractions-g815435-Activities-Savoca_Province_of_Messina_Sicily.html
Rubano attractions, Province of Padua, /Attractions-g1028608-Activities-Rubano_Province_of_Padua_Veneto.html
Bagno Vignoni attractions, Province of Siena, /Attractions-g668220-Activities-Bagno_Vignoni_Tuscany.html
San Donato Milanese attractions, Province of Milan, /Attractions-g1028689-Activities-San_Donato_Milanese_Province_of_Milan_Lombardy.html
Amendolara attractions, Province of Cosenza, /Attractions-g1077969-Activities-Amendolara_Province_of_Cosenza_Calabria.html
Stezzano attractions, Province of Bergamo, /Attractions-g651993-Activities-Stezzano_Province_of_Bergamo_Lombardy.html
Cuglieri attractions, Province of Oristano, /Attractions-g652012-Activities-Cuglieri_Province_of_Oristano_Sardinia.html
Specchia attractions, Province of Lecce, /Attractions-g652006-Activities-Specchia_Province_of_Lecce_Puglia.html
Valderice attractions, Province of Trapani, /Attractions-g635633-Activities-Valderice_Province_of_Trapani_Sicily.html
Rivisondoli attractions, Province of L'Aquila, /Attractions-g1028919-Activities-Rivisondoli_Province_of_L_Aquila_Abruzzo.html
Claut attractions, Province of Pordenone, /Attractions-g4551711-Activities-Claut_Province_of_Pordenone_Friuli_Venezia_Giulia.html
Pratola Peligna attractions, Province of L'Aquila, /Attractions-g2012281-Activities-Pratola_Peligna_Province_of_L_Aquila_Abruzzo.html
Porto Pino attractions, Province of Carbonia-Iglesias, /Attractions-g1226135-Activities-Porto_Pino_Province_of_Carbonia_Iglesias_Sardinia.html
Marano di Valpolicella attractions, Province of Verona, /Attractions-g2209338-Activities-Marano_di_Valpolicella_Province_of_Verona_Veneto.html
Valsavarenche attractions, Valle d'Aosta, /Attractions-g1439388-Activities-Valsavarenche_Valle_d_Aosta.html
Frasso Telesino attractions, Province of Benevento, /Attractions-g1439385-Activities-Frasso_Telesino_Province_of_Benevento_Campania.html
Pachino attractions, Province of Syracuse, /Attractions-g1062529-Activities-Pachino_Province_of_Syracuse_Sicily.html
Fanano attractions, Province of Modena, /Attractions-g1554295-Activities-Fanano_Province_of_Modena_Emilia_Romagna.html
Castelfranco Piandisco attractions, Province of Arezzo, /Attractions-g8042257-Activities-Castelfranco_Piandisco_Province_of_Arezzo_Tuscany.html
Foglianise attractions, Province of Benevento, /Attractions-g3569690-Activities-Foglianise_Province_of_Benevento_Campania.html
Castel Del Piano attractions, Province of Grosseto, /Attractions-g194716-Activities-Castel_Del_Piano_Province_of_Grosseto_Tuscany.html
Entracque attractions, Province of Cuneo, /Attractions-g194755-Activities-Entracque_Province_of_Cuneo_Piedmont.html
Mattinata attractions, Province of Foggia, /Attractions-g194820-Activities-Mattinata_Province_of_Foggia_Puglia.html
Fiano Romano attractions, Province of Rome, /Attractions-g227666-Activities-Fiano_Romano_Province_of_Rome_Lazio.html
Ruffano attractions, Province of Lecce, /Attractions-g2079049-Activities-Ruffano_Province_of_Lecce_Puglia.html
Torre Pellice attractions, Province of Turin, /Attractions-g194937-Activities-Torre_Pellice_Province_of_Turin_Piedmont.html
Omegna attractions, Province of Verbano-Cusio-Ossola, /Attractions-g1063325-Activities-Omegna_Province_of_Verbano_Cusio_Ossola_Piedmont.html
