province_name, region_name, province_url
Cusago attractions, Province of Milan, /Attractions-g1079105-Activities-Cusago_Province_of_Milan_Lombardy.html
Morrovalle attractions, Province of Macerata, /Attractions-g1554312-Activities-Morrovalle_Province_of_Macerata_Marche.html
Sossano attractions, Province of Vicenza, /Attractions-g5011438-Activities-Sossano_Province_of_Vicenza_Veneto.html
Quarto attractions, Province of Naples, /Attractions-g2209766-Activities-Quarto_Province_of_Naples_Campania.html
Castelleone di Suasa attractions, Province of Ancona, /Attractions-g2291824-Activities-Castelleone_di_Suasa_Province_of_Ancona_Marche.html
Altavilla Milicia attractions, Province of Palermo, /Attractions-g194668-Activities-Altavilla_Milicia_Province_of_Palermo_Sicily.html
Cinquale attractions, Province of Massa Carrara, /Attractions-g194741-Activities-Cinquale_Province_of_Massa_Carrara_Tuscany.html
Montalbano Jonico attractions, Province of Matera, /Attractions-g1931483-Activities-Montalbano_Jonico_Province_of_Matera_Basilicata.html
Codevigo attractions, Province of Padua, /Attractions-g2062568-Activities-Codevigo_Province_of_Padua_Veneto.html
Pollenza attractions, Province of Macerata, /Attractions-g2078952-Activities-Pollenza_Province_of_Macerata_Marche.html
Fiave attractions, Province of Trento, /Attractions-g2292020-Activities-Fiave_Province_of_Trento_Trentino_Alto_Adige.html
Carpineto Romano attractions, Province of Rome, /Attractions-g2013445-Activities-Carpineto_Romano_Province_of_Rome_Lazio.html
Grotte di Castro attractions, Province of Viterbo, /Attractions-g1096005-Activities-Grotte_di_Castro_Province_of_Viterbo_Lazio.html
Medesano attractions, Province of Parma, /Attractions-g1063283-Activities-Medesano_Province_of_Parma_Emilia_Romagna.html
Solda attractions, Province of South Tyrol, /Attractions-g194922-Activities-Solda_Province_of_South_Tyrol_Trentino_Alto_Adige.html
San Benigno Canavese attractions, Province of Turin, /Attractions-g2095471-Activities-San_Benigno_Canavese_Province_of_Turin_Piedmont.html
Civitella di Romagna attractions, Province of Forli-Cesena, /Attractions-g2292147-Activities-Civitella_di_Romagna_Province_of_Forli_Cesena_Emilia_Romagna.html
Fontaneto d'Agogna attractions, Province of Novara, /Attractions-g2095490-Activities-Fontaneto_d_Agogna_Province_of_Novara_Piedmont.html
Champorcher attractions, Valle d'Aosta, /Attractions-g1587631-Activities-Champorcher_Valle_d_Aosta.html
Fabro attractions, Province of Terni, /Attractions-g1604044-Activities-Fabro_Province_of_Terni_Umbria.html
Salgareda attractions, Province of Treviso, /Attractions-g1063371-Activities-Salgareda_Province_of_Treviso_Veneto.html
Rodano attractions, Province of Milan, /Attractions-g2357818-Activities-Rodano_Province_of_Milan_Lombardy.html
San Clemente attractions, Province of Rimini, /Attractions-g1636869-Activities-San_Clemente_Province_of_Rimini_Emilia_Romagna.html
Sant'Agata di Puglia attractions, Province of Foggia, /Attractions-g2357762-Activities-Sant_Agata_di_Puglia_Province_of_Foggia_Puglia.html
Druogno attractions, Province of Verbano-Cusio-Ossola, /Attractions-g1096252-Activities-Druogno_Province_of_Verbano_Cusio_Ossola_Piedmont.html
San Vitaliano attractions, Province of Naples, /Attractions-g1063457-Activities-San_Vitaliano_Province_of_Naples_Campania.html
Dello attractions, Province of Brescia, /Attractions-g2161260-Activities-Dello_Province_of_Brescia_Lombardy.html
Alice Bel Colle attractions, Province of Alessandria, /Attractions-g1079954-Activities-Alice_Bel_Colle_Province_of_Alessandria_Piedmont.html
Vacone attractions, Province of Rieti, /Attractions-g3439287-Activities-Vacone_Province_of_Rieti_Lazio.html
Cornedo Vicentino attractions, Province of Vicenza, /Attractions-g1849997-Activities-Cornedo_Vicentino_Province_of_Vicenza_Veneto.html
Drapia attractions, Province of Vibo Valentia, /Attractions-g1587891-Activities-Drapia_Province_of_Vibo_Valentia_Calabria.html
Corte Franca attractions, Province of Brescia, /Attractions-g1079974-Activities-Corte_Franca_Province_of_Brescia_Lombardy.html
Salandra attractions, Province of Matera, /Attractions-g7060157-Activities-Salandra_Province_of_Matera_Basilicata.html
Momo attractions, Province of Novara, /Attractions-g2538238-Activities-Momo_Province_of_Novara_Piedmont.html
Morfasso attractions, Province of Piacenza, /Attractions-g2292425-Activities-Morfasso_Province_of_Piacenza_Emilia_Romagna.html
Brissago-Valtravaglia attractions, Province of Varese, /Attractions-g2440047-Activities-Brissago_Valtravaglia_Province_of_Varese_Lombardy.html
Pieve Tesino attractions, Province of Trento, /Attractions-g2440062-Activities-Pieve_Tesino_Province_of_Trento_Trentino_Alto_Adige.html
Ciciliano attractions, Province of Rome, /Attractions-g2440028-Activities-Ciciliano_Province_of_Rome_Lazio.html
Ozegna attractions, Province of Turin, /Attractions-g12942156-Activities-Ozegna_Province_of_Turin_Piedmont.html
Arzene attractions, Province of Pordenone, /Attractions-g5897153-Activities-Arzene_Province_of_Pordenone_Friuli_Venezia_Giulia.html
Campogalliano attractions, Province of Modena, /Attractions-g1162168-Activities-Campogalliano_Province_of_Modena_Emilia_Romagna.html
Terralba attractions, Province of Oristano, /Attractions-g1932199-Activities-Terralba_Province_of_Oristano_Sardinia.html
Ragalna attractions, Province of Catania, /Attractions-g1932233-Activities-Ragalna_Province_of_Catania_Sicily.html
Nus attractions, Valle d'Aosta, /Attractions-g736258-Activities-Nus_Valle_d_Aosta.html
Silvano d'Orba attractions, Province of Alessandria, /Attractions-g2358380-Activities-Silvano_d_Orba_Province_of_Alessandria_Piedmont.html
Barge attractions, Province of Cuneo, /Attractions-g1080461-Activities-Barge_Province_of_Cuneo_Piedmont.html
Castiglione Messer Raimondo attractions, Province of Teramo, /Attractions-g2194789-Activities-Castiglione_Messer_Raimondo_Province_of_Teramo_Abruzzo.html
Marina di Bibbona attractions, Province of Livorno, /Attractions-g1097276-Activities-Marina_di_Bibbona_Province_of_Livorno_Tuscany.html
Petilia Policastro attractions, Province of Crotone, /Attractions-g8863305-Activities-Petilia_Policastro_Province_of_Crotone_Calabria.html
Aradeo attractions, Province of Lecce, /Attractions-g1179335-Activities-Aradeo_Province_of_Lecce_Puglia.html
