province_name, region_name, province_url
Acate attractions, Province of Ragusa, /Attractions-g2533400-Activities-Acate_Province_of_Ragusa_Sicily.html
Murisengo attractions, Province of Alessandria, /Attractions-g2550058-Activities-Murisengo_Province_of_Alessandria_Piedmont.html
Olginate attractions, Province of Lecco, /Attractions-g796974-Activities-Olginate_Province_of_Lecco_Lombardy.html
Santa Margherita di Staffora attractions, Province of Pavia, /Attractions-g2550113-Activities-Santa_Margherita_di_Staffora_Province_of_Pavia_Lombardy.html
San Giovanni Ilarione attractions, Province of Verona, /Attractions-g2369862-Activities-San_Giovanni_Ilarione_Province_of_Verona_Veneto.html
Bistagno attractions, Province of Alessandria, /Attractions-g2369858-Activities-Bistagno_Province_of_Alessandria_Piedmont.html
Valgatara attractions, Province of Verona, /Attractions-g1534305-Activities-Valgatara_Province_of_Verona_Veneto.html
Coazze attractions, Province of Turin, /Attractions-g2337119-Activities-Coazze_Province_of_Turin_Piedmont.html
Ponte Nizza attractions, Province of Pavia, /Attractions-g2337189-Activities-Ponte_Nizza_Province_of_Pavia_Lombardy.html
Voltaggio attractions, Province of Alessandria, /Attractions-g2337167-Activities-Voltaggio_Province_of_Alessandria_Piedmont.html
San Marco dei Cavoti attractions, Province of Benevento, /Attractions-g2369944-Activities-San_Marco_dei_Cavoti_Province_of_Benevento_Campania.html
Cimitile attractions, Province of Naples, /Attractions-g2386414-Activities-Cimitile_Province_of_Naples_Campania.html
Vittorito attractions, Province of L'Aquila, /Attractions-g1026499-Activities-Vittorito_Province_of_L_Aquila_Abruzzo.html
Scerni attractions, Province of Chieti, /Attractions-g1059423-Activities-Scerni_Province_of_Chieti_Abruzzo.html
Sant'Omobono Terme attractions, Province of Bergamo, /Attractions-g1059401-Activities-Sant_Omobono_Terme_Province_of_Bergamo_Lombardy.html
San Pio delle Camere attractions, Province of L'Aquila, /Attractions-g8153635-Activities-San_Pio_delle_Camere_Province_of_L_Aquila_Abruzzo.html
Palazzo San Gervasio attractions, Province of Potenza, /Attractions-g1157737-Activities-Palazzo_San_Gervasio_Province_of_Potenza_Basilicata.html
Monte Vidon Corrado attractions, Province of Fermo, /Attractions-g780928-Activities-Monte_Vidon_Corrado_Province_of_Fermo_Marche.html
Monterosi attractions, Province of Viterbo, /Attractions-g2140821-Activities-Monterosi_Province_of_Viterbo_Lazio.html
Salorno attractions, Province of South Tyrol, /Attractions-g1419949-Activities-Salorno_Province_of_South_Tyrol_Trentino_Alto_Adige.html
Melissa attractions, Province of Crotone, /Attractions-g1600167-Activities-Melissa_Province_of_Crotone_Calabria.html
Nebbiuno attractions, Province of Novara, /Attractions-g2337479-Activities-Nebbiuno_Province_of_Novara_Piedmont.html
Verolanuova attractions, Province of Brescia, /Attractions-g1583997-Activities-Verolanuova_Province_of_Brescia_Lombardy.html
Ponzano Monferrato attractions, Province of Alessandria, /Attractions-g2337629-Activities-Ponzano_Monferrato_Province_of_Alessandria_Piedmont.html
Agliano Terme attractions, Province of Asti, /Attractions-g1928103-Activities-Agliano_Terme_Province_of_Asti_Piedmont.html
Sicignano degli Alburni attractions, Province of Salerno, /Attractions-g2239539-Activities-Sicignano_degli_Alburni_Province_of_Salerno_Campania.html
Acquasparta attractions, Province of Terni, /Attractions-g666664-Activities-Acquasparta_Province_of_Terni_Umbria.html
Lerma attractions, Province of Alessandria, /Attractions-g3697852-Activities-Lerma_Province_of_Alessandria_Piedmont.html
Piandimeleto attractions, Province of Pesaro and Urbino, /Attractions-g2370721-Activities-Piandimeleto_Province_of_Pesaro_and_Urbino_Marche.html
San Pietro Vernotico attractions, Province of Brindisi, /Attractions-g2436277-Activities-San_Pietro_Vernotico_Province_of_Brindisi_Puglia.html
Castelvenere attractions, Province of Benevento, /Attractions-g3697828-Activities-Castelvenere_Province_of_Benevento_Campania.html
Sassano attractions, Province of Salerno, /Attractions-g2108606-Activities-Sassano_Province_of_Salerno_Campania.html
Rocca Sinibalda attractions, Province of Rieti, /Attractions-g4074654-Activities-Rocca_Sinibalda_Province_of_Rieti_Lazio.html
Andriano attractions, Province of South Tyrol, /Attractions-g945333-Activities-Andriano_Province_of_South_Tyrol_Trentino_Alto_Adige.html
Busnago attractions, Province of Monza and Brianza, /Attractions-g2239715-Activities-Busnago_Province_of_Monza_and_Brianza_Lombardy.html
Caraglio attractions, Province of Cuneo, /Attractions-g2239720-Activities-Caraglio_Province_of_Cuneo_Piedmont.html
Carovilli attractions, Province of Isernia, /Attractions-g2108620-Activities-Carovilli_Province_of_Isernia_Molise.html
Dugenta attractions, Province of Benevento, /Attractions-g2534698-Activities-Dugenta_Province_of_Benevento_Campania.html
Longi attractions, Province of Messina, /Attractions-g2239788-Activities-Longi_Province_of_Messina_Sicily.html
Valgrisenche attractions, Valle d'Aosta, /Attractions-g1060156-Activities-Valgrisenche_Valle_d_Aosta.html
Villeneuve attractions, Valle d'Aosta, /Attractions-g1535290-Activities-Villeneuve_Valle_d_Aosta.html
Bellegra attractions, Province of Rome, /Attractions-g2370896-Activities-Bellegra_Province_of_Rome_Lazio.html
Montebello della Battaglia attractions, Province of Pavia, /Attractions-g2223502-Activities-Montebello_della_Battaglia_Province_of_Pavia_Lombardy.html
Montevago attractions, Province of Agrigento, /Attractions-g1519051-Activities-Montevago_Province_of_Agrigento_Sicily.html
Antronapiana attractions, Province of Verbano-Cusio-Ossola, /Attractions-g4173426-Activities-Antronapiana_Province_of_Verbano_Cusio_Ossola_Piedmont.html
Pignataro Interamna attractions, Province of Frosinone, /Attractions-g7204415-Activities-Pignataro_Interamna_Province_of_Frosinone_Lazio.html
Anfo attractions, Province of Brescia, /Attractions-g2305661-Activities-Anfo_Province_of_Brescia_Lombardy.html
Canaro attractions, Province of Rovigo, /Attractions-g3206749-Activities-Canaro_Province_of_Rovigo_Veneto.html
Castenaso attractions, Province of Bologna, /Attractions-g1076916-Activities-Castenaso_Province_of_Bologna_Emilia_Romagna.html
Cencenighe Agordino attractions, Province of Belluno, /Attractions-g2617070-Activities-Cencenighe_Agordino_Province_of_Belluno_Veneto.html
