province_name, region_name, province_url
Asciano attractions, Province of Siena, /Attractions-g644269-Activities-Asciano_Tuscany.html
Tuscania attractions, Province of Viterbo, /Attractions-g661243-Activities-Tuscania_Province_of_Viterbo_Lazio.html
Gioia del Colle attractions, Province of Bari, /Attractions-g1054621-Activities-Gioia_del_Colle_Province_of_Bari_Puglia.html
Roana attractions, Province of Vicenza, /Attractions-g1235470-Activities-Roana_Province_of_Vicenza_Veneto.html
Serrara Fontana attractions, Isola d'Ischia, /Attractions-g580215-Activities-Serrara_Fontana_Isola_d_Ischia_Province_of_Naples_Campania.html
Vignola attractions, Province of Modena, /Attractions-g1842074-Activities-Vignola_Province_of_Modena_Emilia_Romagna.html
Povoletto attractions, Province of Udine, /Attractions-g2136976-Activities-Povoletto_Province_of_Udine_Friuli_Venezia_Giulia.html
Lesina attractions, Province of Foggia, /Attractions-g2186192-Activities-Lesina_Province_of_Foggia_Puglia.html
Castroreale attractions, Province of Messina, /Attractions-g1973418-Activities-Castroreale_Province_of_Messina_Sicily.html
Acquaviva delle Fonti attractions, Province of Bari, /Attractions-g2153864-Activities-Acquaviva_delle_Fonti_Province_of_Bari_Puglia.html
Manarola attractions, Cinque Terre, /Attractions-g187819-Activities-Manarola_Cinque_Terre_Italian_Riviera_Liguria.html
Sona attractions, Province of Verona, /Attractions-g1056166-Activities-Sona_Province_of_Verona_Veneto.html
Buttrio attractions, Province of Udine, /Attractions-g1400472-Activities-Buttrio_Province_of_Udine_Friuli_Venezia_Giulia.html
Pederobba attractions, Province of Treviso, /Attractions-g1925472-Activities-Pederobba_Province_of_Treviso_Veneto.html
Argenta attractions, Province of Ferrara, /Attractions-g2089892-Activities-Argenta_Province_of_Ferrara_Emilia_Romagna.html
Gioiosa Marea attractions, Province of Messina, /Attractions-g1025219-Activities-Gioiosa_Marea_Province_of_Messina_Sicily.html
Cesano Maderno attractions, Province of Monza and Brianza, /Attractions-g664983-Activities-Cesano_Maderno_Province_of_Monza_and_Brianza_Lombardy.html
Fossacesia attractions, Province of Chieti, /Attractions-g2533597-Activities-Fossacesia_Province_of_Chieti_Abruzzo.html
Vico del Gargano attractions, Province of Foggia, /Attractions-g1059245-Activities-Vico_del_Gargano_Province_of_Foggia_Puglia.html
Appiano sulla Strada del Vino attractions, Province of South Tyrol, /Attractions-g1436137-Activities-Appiano_sulla_Strada_del_Vino_Province_of_South_Tyrol_Trentino_Alto_Adige.html
Porto Tolle attractions, Province of Rovigo, /Attractions-g1059935-Activities-Porto_Tolle_Province_of_Rovigo_Veneto.html
Scordia attractions, Province of Catania, /Attractions-g2370886-Activities-Scordia_Province_of_Catania_Sicily.html
Dolegna del Collio attractions, Province of Gorizia, /Attractions-g1749394-Activities-Dolegna_del_Collio_Province_of_Gorizia_Friuli_Venezia_Giulia.html
Ispica attractions, Province of Ragusa, /Attractions-g1028657-Activities-Ispica_Province_of_Ragusa_Sicily.html
Seriate attractions, Province of Bergamo, /Attractions-g1749678-Activities-Seriate_Province_of_Bergamo_Lombardy.html
Vicchio attractions, Province of Florence, /Attractions-g652040-Activities-Vicchio_Tuscany.html
Marino attractions, Province of Rome, /Attractions-g799534-Activities-Marino_Province_of_Rome_Lazio.html
Niscemi attractions, Province of Caltanissetta, /Attractions-g2356150-Activities-Niscemi_Province_of_Caltanissetta_Sicily.html
Montese attractions, Province of Modena, /Attractions-g2208919-Activities-Montese_Province_of_Modena_Emilia_Romagna.html
Lavarone attractions, Province of Trento, /Attractions-g1307915-Activities-Lavarone_Province_of_Trento_Trentino_Alto_Adige.html
Novella attractions, Province of Trento, /Attractions-g20215003-Activities-Novella_Province_of_Trento_Trentino_Alto_Adige.html
Sant'Agata de' Goti attractions, Province of Benevento, /Attractions-g1062580-Activities-Sant_Agata_de_Goti_Province_of_Benevento_Campania.html
Agira attractions, Province of Enna, /Attractions-g2209427-Activities-Agira_Province_of_Enna_Sicily.html
Civita Castellana attractions, Province of Viterbo, /Attractions-g735237-Activities-Civita_Castellana_Province_of_Viterbo_Lazio.html
Marciana Marina attractions, Elba Island, /Attractions-g194811-Activities-Marciana_Marina_Elba_Island_Province_of_Livorno_Tuscany.html
Ala attractions, Province of Trento, /Attractions-g2292224-Activities-Ala_Province_of_Trento_Trentino_Alto_Adige.html
Predazzo attractions, Province of Trento, /Attractions-g670804-Activities-Predazzo_Province_of_Trento_Trentino_Alto_Adige.html
Barga attractions, Province of Lucca, /Attractions-g654703-Activities-Barga_Province_of_Lucca_Tuscany.html
Loiri Porto San Paolo attractions, Province of Olbia-Tempio, /Attractions-g6372964-Activities-Loiri_Porto_San_Paolo_Province_of_Olbia_Tempio_Sardinia.html
Concordia Sagittaria attractions, Province of Venice, /Attractions-g1081258-Activities-Concordia_Sagittaria_Veneto.html
Silea attractions, Province of Treviso, /Attractions-g1016048-Activities-Silea_Province_of_Treviso_Veneto.html
Somma Vesuviana attractions, Province of Naples, /Attractions-g1180038-Activities-Somma_Vesuviana_Province_of_Naples_Campania.html
Castell'Arquato attractions, Province of Piacenza, /Attractions-g1131341-Activities-Castell_Arquato_Province_of_Piacenza_Emilia_Romagna.html
San Giorgio a Cremano attractions, Province of Naples, /Attractions-g951336-Activities-San_Giorgio_a_Cremano_Province_of_Naples_Campania.html
Brisighella attractions, Province of Ravenna, /Attractions-g804491-Activities-Brisighella_Province_of_Ravenna_Emilia_Romagna.html
Santo Stefano di Camastra attractions, Province of Messina, /Attractions-g968422-Activities-Santo_Stefano_di_Camastra_Province_of_Messina_Sicily.html
Costigliole d'Asti attractions, Province of Asti, /Attractions-g1574946-Activities-Costigliole_d_Asti_Province_of_Asti_Piedmont.html
Apricena attractions, Province of Foggia, /Attractions-g1083754-Activities-Apricena_Province_of_Foggia_Puglia.html
Badia Polesine attractions, Province of Rovigo, /Attractions-g1526262-Activities-Badia_Polesine_Province_of_Rovigo_Veneto.html
Erto e Casso attractions, Province of Pordenone, /Attractions-g1526260-Activities-Erto_e_Casso_Province_of_Pordenone_Friuli_Venezia_Giulia.html
