province_name, region_name, province_url
Zibido San Giacomo attractions, Province of Milan, /Attractions-g1643827-Activities-Zibido_San_Giacomo_Province_of_Milan_Lombardy.html
Albignasego attractions, Province of Padua, /Attractions-g1054113-Activities-Albignasego_Province_of_Padua_Veneto.html
Cellino Attanasio attractions, Province of Teramo, /Attractions-g2627017-Activities-Cellino_Attanasio_Province_of_Teramo_Abruzzo.html
Striano attractions, Province of Naples, /Attractions-g1644011-Activities-Striano_Province_of_Naples_Campania.html
Serracapriola attractions, Province of Foggia, /Attractions-g2299708-Activities-Serracapriola_Province_of_Foggia_Puglia.html
Mesola attractions, Province of Ferrara, /Attractions-g2135908-Activities-Mesola_Province_of_Ferrara_Emilia_Romagna.html
Altomonte attractions, Province of Cosenza, /Attractions-g1120103-Activities-Altomonte_Province_of_Cosenza_Calabria.html
Spezzano Albanese attractions, Province of Cosenza, /Attractions-g1857572-Activities-Spezzano_Albanese_Province_of_Cosenza_Calabria.html
Torre de Picenardi attractions, Province of Cremona, /Attractions-g10229971-Activities-Torre_de_Picenardi_Province_of_Cremona_Lombardy.html
Cavour attractions, Province of Turin, /Attractions-g1087675-Activities-Cavour_Province_of_Turin_Piedmont.html
Sant'Eufemia a Maiella attractions, Province of Pescara, /Attractions-g3135618-Activities-Sant_Eufemia_a_Maiella_Province_of_Pescara_Abruzzo.html
Stroncone attractions, Province of Terni, /Attractions-g1972393-Activities-Stroncone_Province_of_Terni_Umbria.html
San Vincenzo Valle Roveto attractions, Province of L'Aquila, /Attractions-g7985340-Activities-San_Vincenzo_Valle_Roveto_Province_of_L_Aquila_Abruzzo.html
Silandro attractions, Province of South Tyrol, /Attractions-g1186004-Activities-Silandro_Province_of_South_Tyrol_Trentino_Alto_Adige.html
Gravellona Toce attractions, Province of Verbano-Cusio-Ossola, /Attractions-g3528937-Activities-Gravellona_Toce_Province_of_Verbano_Cusio_Ossola_Piedmont.html
Due Carrare attractions, Province of Padua, /Attractions-g1972591-Activities-Due_Carrare_Province_of_Padua_Veneto.html
Mondavio attractions, Province of Pesaro and Urbino, /Attractions-g1235368-Activities-Mondavio_Province_of_Pesaro_and_Urbino_Marche.html
Zuglio attractions, Province of Udine, /Attractions-g7952939-Activities-Zuglio_Province_of_Udine_Friuli_Venezia_Giulia.html
Altivole attractions, Province of Treviso, /Attractions-g1432140-Activities-Altivole_Province_of_Treviso_Veneto.html
Scala attractions, Amalfi Coast, /Attractions-g580208-Activities-Scala_Amalfi_Coast_Province_of_Salerno_Campania.html
Terzigno attractions, Province of Naples, /Attractions-g2431583-Activities-Terzigno_Province_of_Naples_Campania.html
Scoglitti attractions, Province of Ragusa, /Attractions-g1006192-Activities-Scoglitti_Province_of_Ragusa_Sicily.html
Isola del Liri attractions, Province of Frosinone, /Attractions-g1202897-Activities-Isola_del_Liri_Province_of_Frosinone_Lazio.html
Tuili attractions, Province of Medio Campidano, /Attractions-g2136843-Activities-Tuili_Province_of_Medio_Campidano_Sardinia.html
Lestizza attractions, Province of Udine, /Attractions-g2136920-Activities-Lestizza_Province_of_Udine_Friuli_Venezia_Giulia.html
Rodengo attractions, Province of South Tyrol, /Attractions-g1186669-Activities-Rodengo_Province_of_South_Tyrol_Trentino_Alto_Adige.html
Belfiore attractions, Province of Verona, /Attractions-g5594088-Activities-Belfiore_Province_of_Verona_Veneto.html
Camugnano attractions, Province of Bologna, /Attractions-g2251824-Activities-Camugnano_Province_of_Bologna_Emilia_Romagna.html
Gavardo attractions, Province of Brescia, /Attractions-g1514550-Activities-Gavardo_Province_of_Brescia_Lombardy.html
Isola di Pianosa attractions, Province of Livorno, /Attractions-g12541179-Activities-Isola_di_Pianosa_Province_of_Livorno_Tuscany.html
Oschiri attractions, Province of Olbia-Tempio, /Attractions-g1137769-Activities-Oschiri_Province_of_Olbia_Tempio_Sardinia.html
Bosco Chiesanuova attractions, Province of Verona, /Attractions-g1137877-Activities-Bosco_Chiesanuova_Province_of_Verona_Veneto.html
Villamagna attractions, Province of Chieti, /Attractions-g1924368-Activities-Villamagna_Province_of_Chieti_Abruzzo.html
Poggio San Marcello attractions, Province of Ancona, /Attractions-g2137392-Activities-Poggio_San_Marcello_Province_of_Ancona_Marche.html
Pastrengo attractions, Province of Verona, /Attractions-g1760570-Activities-Pastrengo_Province_of_Verona_Veneto.html
Genzano di Lucania attractions, Province of Potenza, /Attractions-g4201982-Activities-Genzano_di_Lucania_Province_of_Potenza_Basilicata.html
Agliana attractions, Province of Pistoia, /Attractions-g1957375-Activities-Agliana_Province_of_Pistoia_Tuscany.html
Ghemme attractions, Province of Novara, /Attractions-g2153923-Activities-Ghemme_Province_of_Novara_Piedmont.html
Raffadali attractions, Province of Agrigento, /Attractions-g1924584-Activities-Raffadali_Province_of_Agrigento_Sicily.html
Frosolone attractions, Province of Isernia, /Attractions-g1973809-Activities-Frosolone_Province_of_Isernia_Molise.html
Castiglion Fibocchi attractions, Province of Arezzo, /Attractions-g1924694-Activities-Castiglion_Fibocchi_Province_of_Arezzo_Tuscany.html
Paglieta attractions, Province of Chieti, /Attractions-g4922897-Activities-Paglieta_Province_of_Chieti_Abruzzo.html
Notaresco attractions, Province of Teramo, /Attractions-g2416223-Activities-Notaresco_Province_of_Teramo_Abruzzo.html
Scapoli attractions, Province of Isernia, /Attractions-g3710606-Activities-Scapoli_Province_of_Isernia_Molise.html
Torrecuso attractions, Province of Benevento, /Attractions-g679663-Activities-Torrecuso_Province_of_Benevento_Campania.html
Volla attractions, Province of Naples, /Attractions-g679685-Activities-Volla_Province_of_Naples_Campania.html
Fosdinovo attractions, Province of Massa Carrara, /Attractions-g1597247-Activities-Fosdinovo_Province_of_Massa_Carrara_Tuscany.html
Morino attractions, Province of L'Aquila, /Attractions-g3334194-Activities-Morino_Province_of_L_Aquila_Abruzzo.html
Carinola attractions, Province of Caserta, /Attractions-g6856774-Activities-Carinola_Province_of_Caserta_Campania.html
Pella attractions, Province of Novara, /Attractions-g2269211-Activities-Pella_Province_of_Novara_Piedmont.html
