province_name, region_name, province_url
Sant'Angelo all'Esca attractions, Province of Avellino, /Attractions-g2286010-Activities-Sant_Angelo_all_Esca_Province_of_Avellino_Campania.html
Flavon attractions, Province of Trento, /Attractions-g1925510-Activities-Flavon_Province_of_Trento_Trentino_Alto_Adige.html
Sant'Andrea di Compito attractions, Province of Lucca, /Attractions-g2171322-Activities-Sant_Andrea_di_Compito_Province_of_Lucca_Tuscany.html
Valdenogher attractions, Province of Belluno, /Attractions-g3334546-Activities-Valdenogher_Province_of_Belluno_Veneto.html
San Romano attractions, Province of Lucca, /Attractions-g1171901-Activities-San_Romano_Province_of_Lucca_Tuscany.html
Maissana attractions, Province of La Spezia, /Attractions-g1810900-Activities-Maissana_Province_of_La_Spezia_Liguria.html
Acquanegra Cremonese attractions, Province of Cremona, /Attractions-g17309916-Activities-Acquanegra_Cremonese_Province_of_Cremona_Lombardy.html
Ceranova attractions, Province of Pavia, /Attractions-g15688420-Activities-Ceranova_Province_of_Pavia_Lombardy.html
Lugugnana attractions, Province of Venice, /Attractions-g15688418-Activities-Lugugnana_Veneto.html
San Teodoro attractions, Province of Messina, /Attractions-g3596856-Activities-San_Teodoro_Province_of_Messina_Sicily.html
Carife attractions, Province of Avellino, /Attractions-g7348837-Activities-Carife_Province_of_Avellino_Campania.html
Sant'Andrea in Percussina attractions, Province of Florence, /Attractions-g5857870-Activities-Sant_Andrea_in_Percussina_Tuscany.html
Chiaveretto attractions, Province of Arezzo, /Attractions-g1778233-Activities-Chiaveretto_Province_of_Arezzo_Tuscany.html
Ortueri attractions, Province of Nuoro, /Attractions-g8594087-Activities-Ortueri_Province_of_Nuoro_Sardinia.html
Gerenzago attractions, Province of Pavia, /Attractions-g15688392-Activities-Gerenzago_Province_of_Pavia_Lombardy.html
Piscina attractions, Province of Turin, /Attractions-g3334659-Activities-Piscina_Province_of_Turin_Piedmont.html
Cisano sul Neva attractions, Province of Savona, /Attractions-g1925750-Activities-Cisano_sul_Neva_Province_of_Savona_Liguria.html
San Damaso attractions, Province of Modena, /Attractions-g1925736-Activities-San_Damaso_Province_of_Modena_Emilia_Romagna.html
Bibiana attractions, Province of Turin, /Attractions-g1204836-Activities-Bibiana_Province_of_Turin_Piedmont.html
Consiglio di Rumo attractions, Lake Como, /Attractions-g664180-Activities-Consiglio_di_Rumo_Lake_Como_Lombardy.html
Semestene attractions, Province of Sassari, /Attractions-g15213179-Activities-Semestene_Province_of_Sassari_Sardinia.html
Sant'Arsenio attractions, Province of Salerno, /Attractions-g8332010-Activities-Sant_Arsenio_Province_of_Salerno_Campania.html
Piatta attractions, Province of Sondrio, /Attractions-g15737445-Activities-Piatta_Province_of_Sondrio_Lombardy.html
Castel Baronia attractions, Province of Avellino, /Attractions-g11952685-Activities-Castel_Baronia_Province_of_Avellino_Campania.html
Bonemerse attractions, Province of Cremona, /Attractions-g4580074-Activities-Bonemerse_Province_of_Cremona_Lombardy.html
Reno attractions, Province of Varese, /Attractions-g2482918-Activities-Reno_Province_of_Varese_Lombardy.html
Marina Schiavonia attractions, Province of Cosenza, /Attractions-g2482926-Activities-Marina_Schiavonia_Province_of_Cosenza_Calabria.html
Testa dell Acqua attractions, Province of Syracuse, /Attractions-g2482923-Activities-Testa_dell_Acqua_Province_of_Syracuse_Sicily.html
Calvignasco attractions, Province of Milan, /Attractions-g4481674-Activities-Calvignasco_Province_of_Milan_Lombardy.html
Galliano attractions, Province of Florence, /Attractions-g2532086-Activities-Galliano_Tuscany.html
Maropati attractions, Province of Reggio Calabria, /Attractions-g3793643-Activities-Maropati_Province_of_Reggio_Calabria_Calabria.html
Ponticino attractions, Province of Arezzo, /Attractions-g2532095-Activities-Ponticino_Province_of_Arezzo_Tuscany.html
Poggio San Lorenzo attractions, Province of Rieti, /Attractions-g2532092-Activities-Poggio_San_Lorenzo_Province_of_Rieti_Lazio.html
Cantoira attractions, Province of Turin, /Attractions-g3793625-Activities-Cantoira_Province_of_Turin_Piedmont.html
Donnafugata attractions, Province of Ragusa, /Attractions-g2482898-Activities-Donnafugata_Province_of_Ragusa_Sicily.html
Monte Antico attractions, Province of Grosseto, /Attractions-g2532129-Activities-Monte_Antico_Province_of_Grosseto_Tuscany.html
Rodero attractions, Province of Como, /Attractions-g13329362-Activities-Rodero_Province_of_Como_Lombardy.html
Dogliola attractions, Province of Chieti, /Attractions-g14115831-Activities-Dogliola_Province_of_Chieti_Abruzzo.html
Mopolino attractions, Province of L'Aquila, /Attractions-g12149659-Activities-Mopolino_Province_of_L_Aquila_Abruzzo.html
Longone Sabino attractions, Province of Rieti, /Attractions-g15213532-Activities-Longone_Sabino_Province_of_Rieti_Lazio.html
San Giovanni attractions, Elba Island, /Attractions-g1729384-Activities-San_Giovanni_Elba_Island_Province_of_Livorno_Tuscany.html
Briga Alta attractions, Province of Cuneo, /Attractions-g6939413-Activities-Briga_Alta_Province_of_Cuneo_Piedmont.html
Pezzana attractions, Province of Vercelli, /Attractions-g7218147-Activities-Pezzana_Province_of_Vercelli_Piedmont.html
Ovodda attractions, Province of Nuoro, /Attractions-g12084011-Activities-Ovodda_Province_of_Nuoro_Sardinia.html
Abbadia Lariana attractions, Province of Lecco, /Attractions-g12084000-Activities-Abbadia_Lariana_Province_of_Lecco_Lombardy.html
Santa Margherita D'Adige attractions, Province of Padua, /Attractions-g20210346-Activities-Santa_Margherita_D_Adige_Province_of_Padua_Veneto.html
Tencarola attractions, Province of Padua, /Attractions-g2253706-Activities-Tencarola_Province_of_Padua_Veneto.html
Pila attractions, Province of Vercelli, /Attractions-g2139023-Activities-Pila_Province_of_Vercelli_Piedmont.html
Viera attractions, Province of Biella, /Attractions-g19800810-Activities-Viera_Province_of_Biella_Piedmont.html
San Lino attractions, Province of Brescia, /Attractions-g19948287-Activities-San_Lino_Province_of_Brescia_Lombardy.html
