province_name, region_name, province_url
Courmayeur attractions, Valle d'Aosta, /Attractions-g187865-Activities-Courmayeur_Valle_d_Aosta.html
Maruggio attractions, Province of Taranto, /Attractions-g1744422-Activities-Maruggio_Province_of_Taranto_Puglia.html
Oderzo attractions, Province of Treviso, /Attractions-g1061182-Activities-Oderzo_Province_of_Treviso_Veneto.html
Cantu attractions, Province of Como, /Attractions-g1051914-Activities-Cantu_Province_of_Como_Lombardy.html
Gemona del Friuli attractions, Province of Udine, /Attractions-g790326-Activities-Gemona_del_Friuli_Province_of_Udine_Friuli_Venezia_Giulia.html
Velletri attractions, Province of Rome, /Attractions-g659627-Activities-Velletri_Province_of_Rome_Lazio.html
Chieri attractions, Province of Turin, /Attractions-g1053431-Activities-Chieri_Province_of_Turin_Piedmont.html
Campi Bisenzio attractions, Province of Florence, /Attractions-g676808-Activities-Campi_Bisenzio_Tuscany.html
Forio attractions, Isola d'Ischia, /Attractions-g580210-Activities-Forio_Isola_d_Ischia_Province_of_Naples_Campania.html
Ventimiglia attractions, Italian Riviera, /Attractions-g187828-Activities-Ventimiglia_Italian_Riviera_Liguria.html
Nuoro attractions, Province of Nuoro, /Attractions-g187882-Activities-Nuoro_Province_of_Nuoro_Sardinia.html
La Morra attractions, Province of Cuneo, /Attractions-g815384-Activities-La_Morra_Province_of_Cuneo_Piedmont.html
Selva di Cadore attractions, Province of Belluno, /Attractions-g1405291-Activities-Selva_di_Cadore_Province_of_Belluno_Veneto.html
Iglesias attractions, Province of Carbonia-Iglesias, /Attractions-g652013-Activities-Iglesias_Province_of_Carbonia_Iglesias_Sardinia.html
Livigno attractions, Province of Sondrio, /Attractions-g194799-Activities-Livigno_Province_of_Sondrio_Lombardy.html
Marina di Pietrasanta attractions, Province of Lucca, /Attractions-g194815-Activities-Marina_di_Pietrasanta_Province_of_Lucca_Tuscany.html
Pula attractions, Province of Cagliari, /Attractions-g194870-Activities-Pula_Province_of_Cagliari_Sardinia.html
Santa Teresa Gallura attractions, Province of Olbia-Tempio, /Attractions-g608922-Activities-Santa_Teresa_Gallura_Province_of_Olbia_Tempio_Sardinia.html
San Giovanni Rotondo attractions, Province of Foggia, /Attractions-g642179-Activities-San_Giovanni_Rotondo_Province_of_Foggia_Puglia.html
Leggiuno attractions, Province of Varese, /Attractions-g2155138-Activities-Leggiuno_Province_of_Varese_Lombardy.html
Pinerolo attractions, Province of Turin, /Attractions-g616182-Activities-Pinerolo_Province_of_Turin_Piedmont.html
Cassino attractions, Province of Frosinone, /Attractions-g194714-Activities-Cassino_Province_of_Frosinone_Lazio.html
Mogliano Veneto attractions, Province of Treviso, /Attractions-g194826-Activities-Mogliano_Veneto_Province_of_Treviso_Veneto.html
Agnone attractions, Province of Isernia, /Attractions-g1408090-Activities-Agnone_Province_of_Isernia_Molise.html
Pietrasanta attractions, Province of Lucca, /Attractions-g1016839-Activities-Pietrasanta_Province_of_Lucca_Tuscany.html
Sant'Antioco attractions, Isola di Sant Antioco, /Attractions-g608919-Activities-Sant_Antioco_Isola_di_Sant_Antioco_Province_of_Carbonia_Iglesias_Sardinia.html
Baunei attractions, Province of Ogliastra, /Attractions-g644260-Activities-Baunei_Province_of_Ogliastra_Sardinia.html
Linguaglossa attractions, Province of Catania, /Attractions-g660768-Activities-Linguaglossa_Province_of_Catania_Sicily.html
Aviano attractions, Province of Pordenone, /Attractions-g1106060-Activities-Aviano_Province_of_Pordenone_Friuli_Venezia_Giulia.html
San Vito al Tagliamento attractions, Province of Pordenone, /Attractions-g1061175-Activities-San_Vito_al_Tagliamento_Province_of_Pordenone_Friuli_Venezia_Giulia.html
Bormio attractions, Province of Sondrio, /Attractions-g194697-Activities-Bormio_Province_of_Sondrio_Lombardy.html
Rodi Garganico attractions, Province of Foggia, /Attractions-g194886-Activities-Rodi_Garganico_Province_of_Foggia_Puglia.html
Sesto attractions, Province of South Tyrol, /Attractions-g194915-Activities-Sesto_Province_of_South_Tyrol_Trentino_Alto_Adige.html
Frascati attractions, Province of Rome, /Attractions-g229462-Activities-Frascati_Province_of_Rome_Lazio.html
San Lazzaro di Savena attractions, Province of Bologna, /Attractions-g968423-Activities-San_Lazzaro_di_Savena_Province_of_Bologna_Emilia_Romagna.html
Deruta attractions, Province of Perugia, /Attractions-g663568-Activities-Deruta_Province_of_Perugia_Umbria.html
Asolo attractions, Province of Treviso, /Attractions-g616201-Activities-Asolo_Province_of_Treviso_Veneto.html
Trinita d'Agultu e Vignola attractions, Province of Olbia-Tempio, /Attractions-g2698278-Activities-Trinita_d_Agultu_e_Vignola_Province_of_Olbia_Tempio_Sardinia.html
Bevagna attractions, Province of Perugia, /Attractions-g262048-Activities-Bevagna_Province_of_Perugia_Umbria.html
San Salvo attractions, Province of Chieti, /Attractions-g1380893-Activities-San_Salvo_Province_of_Chieti_Abruzzo.html
Rende attractions, Province of Cosenza, /Attractions-g644242-Activities-Rende_Province_of_Cosenza_Calabria.html
Levanto attractions, Italian Riviera, /Attractions-g580223-Activities-Levanto_Italian_Riviera_Liguria.html
Arcevia attractions, Province of Ancona, /Attractions-g580226-Activities-Arcevia_Province_of_Ancona_Marche.html
Diamante attractions, Province of Cosenza, /Attractions-g616170-Activities-Diamante_Province_of_Cosenza_Calabria.html
Citta Sant'Angelo attractions, Province of Pescara, /Attractions-g1077062-Activities-Citta_Sant_Angelo_Province_of_Pescara_Abruzzo.html
Aci Castello attractions, Province of Catania, /Attractions-g1028935-Activities-Aci_Castello_Province_of_Catania_Sicily.html
Norcia attractions, Province of Perugia, /Attractions-g194835-Activities-Norcia_Province_of_Perugia_Umbria.html
Montegrotto Terme attractions, Province of Padua, /Attractions-g194832-Activities-Montegrotto_Terme_Province_of_Padua_Veneto.html
Tirolo / Dorf Tirol attractions, Province of South Tyrol, /Attractions-g194933-Activities-Tirolo_Dorf_Tirol_Province_of_South_Tyrol_Trentino_Alto_Adige.html
Monselice attractions, Province of Padua, /Attractions-g1063369-Activities-Monselice_Province_of_Padua_Veneto.html
