province_name, region_name, province_url
Bracigliano attractions, Province of Salerno, /Attractions-g1644019-Activities-Bracigliano_Province_of_Salerno_Campania.html
Siano attractions, Province of Salerno, /Attractions-g1644018-Activities-Siano_Province_of_Salerno_Campania.html
Giffoni Sei Casali attractions, Province of Salerno, /Attractions-g1644023-Activities-Giffoni_Sei_Casali_Province_of_Salerno_Campania.html
Pellezzano attractions, Province of Salerno, /Attractions-g1644013-Activities-Pellezzano_Province_of_Salerno_Campania.html
San Marzano sul Sarno attractions, Province of Salerno, /Attractions-g1644005-Activities-San_Marzano_sul_Sarno_Province_of_Salerno_Campania.html
Caselle Lurani attractions, Province of Lodi, /Attractions-g4953695-Activities-Caselle_Lurani_Province_of_Lodi_Lombardy.html
Usellus attractions, Province of Oristano, /Attractions-g1873451-Activities-Usellus_Province_of_Oristano_Sardinia.html
Faedo attractions, Province of Trento, /Attractions-g1054400-Activities-Faedo_Province_of_Trento_Trentino_Alto_Adige.html
Cappadocia attractions, Province of L'Aquila, /Attractions-g2266830-Activities-Cappadocia_Province_of_L_Aquila_Abruzzo.html
Brugine attractions, Province of Padua, /Attractions-g4773704-Activities-Brugine_Province_of_Padua_Veneto.html
Bosco di Corniglio attractions, Province of Parma, /Attractions-g2135850-Activities-Bosco_di_Corniglio_Province_of_Parma_Emilia_Romagna.html
Concerviano attractions, Province of Rieti, /Attractions-g7690080-Activities-Concerviano_Province_of_Rieti_Lazio.html
Coreglia Antelminelli attractions, Province of Lucca, /Attractions-g775977-Activities-Coreglia_Antelminelli_Province_of_Lucca_Tuscany.html
Montesilvano Colle attractions, Province of Pescara, /Attractions-g2578178-Activities-Montesilvano_Colle_Province_of_Pescara_Abruzzo.html
Morro Reatino attractions, Province of Rieti, /Attractions-g7690077-Activities-Morro_Reatino_Province_of_Rieti_Lazio.html
Sedriano attractions, Province of Milan, /Attractions-g3135335-Activities-Sedriano_Province_of_Milan_Lombardy.html
Cassinetta di Lugagnano attractions, Province of Milan, /Attractions-g2234234-Activities-Cassinetta_di_Lugagnano_Province_of_Milan_Lombardy.html
Tufara attractions, Province of Campobasso, /Attractions-g11622353-Activities-Tufara_Province_of_Campobasso_Molise.html
Malonno attractions, Province of Brescia, /Attractions-g3577693-Activities-Malonno_Province_of_Brescia_Lombardy.html
Girasole attractions, Province of Ogliastra, /Attractions-g1054620-Activities-Girasole_Province_of_Ogliastra_Sardinia.html
Guardavalle attractions, Province of Catanzaro, /Attractions-g1054596-Activities-Guardavalle_Province_of_Catanzaro_Calabria.html
Sambuco attractions, Province of Cuneo, /Attractions-g776108-Activities-Sambuco_Province_of_Cuneo_Piedmont.html
Codrongianos attractions, Province of Sassari, /Attractions-g776127-Activities-Codrongianos_Province_of_Sassari_Sardinia.html
Monti attractions, Province of Olbia-Tempio, /Attractions-g776129-Activities-Monti_Province_of_Olbia_Tempio_Sardinia.html
Mombarcaro attractions, Province of Cuneo, /Attractions-g2201583-Activities-Mombarcaro_Province_of_Cuneo_Piedmont.html
San Demetrio Corone attractions, Province of Cosenza, /Attractions-g1857561-Activities-San_Demetrio_Corone_Province_of_Cosenza_Calabria.html
Luzzi attractions, Province of Cosenza, /Attractions-g1857568-Activities-Luzzi_Province_of_Cosenza_Calabria.html
Fara Vicentino attractions, Province of Vicenza, /Attractions-g1169496-Activities-Fara_Vicentino_Province_of_Vicenza_Veneto.html
Torre di Mosto attractions, Province of Venice, /Attractions-g1382488-Activities-Torre_di_Mosto_Veneto.html
Casella attractions, Province of Genoa, /Attractions-g1382491-Activities-Casella_Province_of_Genoa_Liguria.html
Narbolia attractions, Province of Oristano, /Attractions-g1972305-Activities-Narbolia_Province_of_Oristano_Sardinia.html
Villagrazia di Carini attractions, Province of Palermo, /Attractions-g1972296-Activities-Villagrazia_di_Carini_Province_of_Palermo_Sicily.html
Voltago Agordino attractions, Province of Belluno, /Attractions-g2693234-Activities-Voltago_Agordino_Province_of_Belluno_Veneto.html
Rovescala attractions, Province of Pavia, /Attractions-g2299970-Activities-Rovescala_Province_of_Pavia_Lombardy.html
Montebello Ionico attractions, Province of Reggio Calabria, /Attractions-g2021499-Activities-Montebello_Ionico_Province_of_Reggio_Calabria_Calabria.html
Sellero attractions, Province of Brescia, /Attractions-g2693215-Activities-Sellero_Province_of_Brescia_Lombardy.html
Mozzagrogna attractions, Province of Chieti, /Attractions-g1218665-Activities-Mozzagrogna_Province_of_Chieti_Abruzzo.html
Montalto Ligure attractions, Province of Imperia, /Attractions-g2299997-Activities-Montalto_Ligure_Province_of_Imperia_Liguria.html
San Benedetto in Perillis attractions, Province of L'Aquila, /Attractions-g7117038-Activities-San_Benedetto_in_Perillis_Province_of_L_Aquila_Abruzzo.html
Bisuschio attractions, Province of Varese, /Attractions-g11802685-Activities-Bisuschio_Province_of_Varese_Lombardy.html
Pazzano attractions, Province of Reggio Calabria, /Attractions-g7297253-Activities-Pazzano_Province_of_Reggio_Calabria_Calabria.html
Piedimonte San Germano attractions, Province of Frosinone, /Attractions-g2300076-Activities-Piedimonte_San_Germano_Province_of_Frosinone_Lazio.html
Lido di Dante attractions, Province of Ravenna, /Attractions-g1185983-Activities-Lido_di_Dante_Province_of_Ravenna_Emilia_Romagna.html
Morrone del Sannio attractions, Province of Campobasso, /Attractions-g1005746-Activities-Morrone_del_Sannio_Province_of_Campobasso_Molise.html
Stelvio attractions, Province of South Tyrol, /Attractions-g1005744-Activities-Stelvio_Province_of_South_Tyrol_Trentino_Alto_Adige.html
Malalbergo attractions, Province of Bologna, /Attractions-g1972445-Activities-Malalbergo_Province_of_Bologna_Emilia_Romagna.html
Albettone attractions, Province of Vicenza, /Attractions-g2578687-Activities-Albettone_Province_of_Vicenza_Veneto.html
Villa di Serio attractions, Province of Bergamo, /Attractions-g2365638-Activities-Villa_di_Serio_Province_of_Bergamo_Lombardy.html
Cesa attractions, Province of Caserta, /Attractions-g2250955-Activities-Cesa_Province_of_Caserta_Campania.html
Castel del Rio attractions, Province of Bologna, /Attractions-g2250952-Activities-Castel_del_Rio_Province_of_Bologna_Emilia_Romagna.html
