province_name, region_name, province_url
Roccabianca attractions, Province of Parma, /Attractions-g3501748-Activities-Roccabianca_Province_of_Parma_Emilia_Romagna.html
Verrua Savoia attractions, Province of Turin, /Attractions-g2223785-Activities-Verrua_Savoia_Province_of_Turin_Piedmont.html
Sadali attractions, Province of Cagliari, /Attractions-g1208086-Activities-Sadali_Province_of_Cagliari_Sardinia.html
Sommatino attractions, Province of Caltanissetta, /Attractions-g8777633-Activities-Sommatino_Province_of_Caltanissetta_Sicily.html
Lettere attractions, Province of Naples, /Attractions-g1077048-Activities-Lettere_Province_of_Naples_Campania.html
Pessina Cremonese attractions, Province of Cremona, /Attractions-g3665665-Activities-Pessina_Cremonese_Province_of_Cremona_Lombardy.html
Agugliaro attractions, Province of Vicenza, /Attractions-g3665675-Activities-Agugliaro_Province_of_Vicenza_Veneto.html
Mammola attractions, Province of Reggio Calabria, /Attractions-g2305866-Activities-Mammola_Province_of_Reggio_Calabria_Calabria.html
Avigliano Umbro attractions, Province of Terni, /Attractions-g1372002-Activities-Avigliano_Umbro_Province_of_Terni_Umbria.html
Casazza attractions, Province of Bergamo, /Attractions-g6123299-Activities-Casazza_Province_of_Bergamo_Lombardy.html
Commezzadura attractions, Province of Trento, /Attractions-g946050-Activities-Commezzadura_Province_of_Trento_Trentino_Alto_Adige.html
Segonzano attractions, Province of Trento, /Attractions-g1077173-Activities-Segonzano_Province_of_Trento_Trentino_Alto_Adige.html
Monte San Giacomo attractions, Province of Salerno, /Attractions-g7040982-Activities-Monte_San_Giacomo_Province_of_Salerno_Campania.html
Lesignano de' Bagni attractions, Province of Parma, /Attractions-g1077192-Activities-Lesignano_de_Bagni_Province_of_Parma_Emilia_Romagna.html
Merone attractions, Province of Como, /Attractions-g1077234-Activities-Merone_Province_of_Como_Lombardy.html
Tricarico attractions, Province of Matera, /Attractions-g1421281-Activities-Tricarico_Province_of_Matera_Basilicata.html
Casaluce attractions, Province of Caserta, /Attractions-g7008362-Activities-Casaluce_Province_of_Caserta_Campania.html
Pioraco attractions, Province of Macerata, /Attractions-g3174404-Activities-Pioraco_Province_of_Macerata_Marche.html
Loazzolo attractions, Province of Asti, /Attractions-g3174405-Activities-Loazzolo_Province_of_Asti_Piedmont.html
Landriano attractions, Province of Pavia, /Attractions-g2551889-Activities-Landriano_Province_of_Pavia_Lombardy.html
Polino attractions, Province of Terni, /Attractions-g3584167-Activities-Polino_Province_of_Terni_Umbria.html
Lecce nei Marsi attractions, Province of L'Aquila, /Attractions-g10104838-Activities-Lecce_nei_Marsi_Province_of_L_Aquila_Abruzzo.html
Civitaluparella attractions, Province of Chieti, /Attractions-g12972130-Activities-Civitaluparella_Province_of_Chieti_Abruzzo.html
Primaluna attractions, Province of Lecco, /Attractions-g1749163-Activities-Primaluna_Province_of_Lecco_Lombardy.html
Torre de Busi attractions, Province of Lecco, /Attractions-g2306294-Activities-Torre_de_Busi_Province_of_Lecco_Lombardy.html
San Lorenzello attractions, Province of Benevento, /Attractions-g2207991-Activities-San_Lorenzello_Province_of_Benevento_Campania.html
Castellazzo Bormida attractions, Province of Alessandria, /Attractions-g1945848-Activities-Castellazzo_Bormida_Province_of_Alessandria_Piedmont.html
Vercurago attractions, Province of Lecco, /Attractions-g1077502-Activities-Vercurago_Province_of_Lecco_Lombardy.html
Govone attractions, Province of Cuneo, /Attractions-g1061119-Activities-Govone_Province_of_Cuneo_Piedmont.html
Grantola attractions, Province of Varese, /Attractions-g2552019-Activities-Grantola_Province_of_Varese_Lombardy.html
Lumezzane attractions, Province of Brescia, /Attractions-g3813687-Activities-Lumezzane_Province_of_Brescia_Lombardy.html
Montecorvino Pugliano attractions, Province of Salerno, /Attractions-g1077510-Activities-Montecorvino_Pugliano_Province_of_Salerno_Campania.html
Besnate attractions, Province of Varese, /Attractions-g2093359-Activities-Besnate_Province_of_Varese_Lombardy.html
Castrofilippo attractions, Province of Agrigento, /Attractions-g5288218-Activities-Castrofilippo_Province_of_Agrigento_Sicily.html
Abbateggio attractions, Province of Pescara, /Attractions-g1929541-Activities-Abbateggio_Province_of_Pescara_Abruzzo.html
Villa del Bosco attractions, Province of Vercelli, /Attractions-g15233416-Activities-Villa_del_Bosco_Province_of_Vercelli_Piedmont.html
Briga Novarese attractions, Province of Novara, /Attractions-g2634058-Activities-Briga_Novarese_Province_of_Novara_Piedmont.html
Trevi nel Lazio attractions, Province of Frosinone, /Attractions-g2208092-Activities-Trevi_nel_Lazio_Province_of_Frosinone_Lazio.html
Crespino attractions, Province of Rovigo, /Attractions-g3174735-Activities-Crespino_Province_of_Rovigo_Veneto.html
Ussana attractions, Province of Cagliari, /Attractions-g3535258-Activities-Ussana_Province_of_Cagliari_Sardinia.html
Doberdo del Lago attractions, Province of Gorizia, /Attractions-g5288344-Activities-Doberdo_del_Lago_Province_of_Gorizia_Friuli_Venezia_Giulia.html
Gravina di Catania attractions, Province of Catania, /Attractions-g1929704-Activities-Gravina_di_Catania_Province_of_Catania_Sicily.html
Ramiseto attractions, Province of Reggio Emilia, /Attractions-g2290141-Activities-Ramiseto_Province_of_Reggio_Emilia_Emilia_Romagna.html
Stigliano attractions, Province of Matera, /Attractions-g1946168-Activities-Stigliano_Province_of_Matera_Basilicata.html
San Floro attractions, Province of Catanzaro, /Attractions-g7729740-Activities-San_Floro_Province_of_Catanzaro_Calabria.html
Sorgono attractions, Province of Nuoro, /Attractions-g7139901-Activities-Sorgono_Province_of_Nuoro_Sardinia.html
Roggiano Gravina attractions, Province of Cosenza, /Attractions-g1929799-Activities-Roggiano_Gravina_Province_of_Cosenza_Calabria.html
Follo attractions, Province of La Spezia, /Attractions-g1929853-Activities-Follo_Province_of_La_Spezia_Liguria.html
Muscoline attractions, Province of Brescia, /Attractions-g7221770-Activities-Muscoline_Province_of_Brescia_Lombardy.html
Casalfiumanese attractions, Province of Bologna, /Attractions-g1929868-Activities-Casalfiumanese_Province_of_Bologna_Emilia_Romagna.html
