province_name, region_name, province_url
Oyace attractions, Valle d'Aosta, /Attractions-g10367231-Activities-Oyace_Valle_d_Aosta.html
Settecani attractions, Province of Modena, /Attractions-g3174488-Activities-Settecani_Province_of_Modena_Emilia_Romagna.html
Rivalta Bormida attractions, Province of Alessandria, /Attractions-g3403933-Activities-Rivalta_Bormida_Province_of_Alessandria_Piedmont.html
Pietrastornina attractions, Province of Avellino, /Attractions-g2715806-Activities-Pietrastornina_Province_of_Avellino_Campania.html
Lucignano d'Arbia attractions, Province of Siena, /Attractions-g8450104-Activities-Lucignano_d_Arbia_Tuscany.html
Bessude attractions, Province of Sassari, /Attractions-g12316794-Activities-Bessude_Province_of_Sassari_Sardinia.html
Montecenere attractions, Province of Modena, /Attractions-g4878473-Activities-Montecenere_Province_of_Modena_Emilia_Romagna.html
Campo di Mare attractions, Province of Rome, /Attractions-g3174645-Activities-Campo_di_Mare_Province_of_Rome_Lazio.html
Sassofortino attractions, Province of Grosseto, /Attractions-g1487055-Activities-Sassofortino_Province_of_Grosseto_Tuscany.html
Castel Condino attractions, Province of Trento, /Attractions-g4878480-Activities-Castel_Condino_Province_of_Trento_Trentino_Alto_Adige.html
Nuragus attractions, Province of Cagliari, /Attractions-g10367101-Activities-Nuragus_Province_of_Cagliari_Sardinia.html
Masone attractions, Province of Reggio Emilia, /Attractions-g2437312-Activities-Masone_Province_of_Reggio_Emilia_Emilia_Romagna.html
Mompantero attractions, Province of Turin, /Attractions-g5484734-Activities-Mompantero_Province_of_Turin_Piedmont.html
Tortorella attractions, Province of Salerno, /Attractions-g2207956-Activities-Tortorella_Province_of_Salerno_Campania.html
Formigliana attractions, Province of Vercelli, /Attractions-g5533858-Activities-Formigliana_Province_of_Vercelli_Piedmont.html
Aquilea attractions, Province of Lucca, /Attractions-g2093286-Activities-Aquilea_Province_of_Lucca_Tuscany.html
Valnegra attractions, Province of Bergamo, /Attractions-g10367072-Activities-Valnegra_Province_of_Bergamo_Lombardy.html
Urago d'Oglio attractions, Province of Brescia, /Attractions-g2634027-Activities-Urago_d_Oglio_Province_of_Brescia_Lombardy.html
Arignano attractions, Province of Turin, /Attractions-g2634030-Activities-Arignano_Province_of_Turin_Piedmont.html
Settefrati attractions, Province of Frosinone, /Attractions-g1077505-Activities-Settefrati_Province_of_Frosinone_Lazio.html
Camini attractions, Province of Reggio Calabria, /Attractions-g2634043-Activities-Camini_Province_of_Reggio_Calabria_Calabria.html
San Damiano attractions, Province of Piacenza, /Attractions-g8827294-Activities-San_Damiano_Province_of_Piacenza_Emilia_Romagna.html
Roncaro attractions, Province of Pavia, /Attractions-g4583772-Activities-Roncaro_Province_of_Pavia_Lombardy.html
Diolo attractions, Province of Parma, /Attractions-g17379372-Activities-Diolo_Province_of_Parma_Emilia_Romagna.html
Villanova attractions, Province of Ravenna, /Attractions-g4354423-Activities-Villanova_Province_of_Ravenna_Emilia_Romagna.html
Trevico attractions, Province of Avellino, /Attractions-g3813635-Activities-Trevico_Province_of_Avellino_Campania.html
Casalvieri attractions, Province of Frosinone, /Attractions-g2634007-Activities-Casalvieri_Province_of_Frosinone_Lazio.html
Roccella Valdemone attractions, Province of Messina, /Attractions-g7221545-Activities-Roccella_Valdemone_Province_of_Messina_Sicily.html
Castellina attractions, Province of Parma, /Attractions-g17379395-Activities-Castellina_Province_of_Parma_Emilia_Romagna.html
San Biagio della Cima attractions, Province of Imperia, /Attractions-g1929555-Activities-San_Biagio_della_Cima_Province_of_Imperia_Liguria.html
Saline di Volterra attractions, Province of Pisa, /Attractions-g3174756-Activities-Saline_di_Volterra_Province_of_Pisa_Tuscany.html
Smerillo attractions, Province of Fermo, /Attractions-g1405303-Activities-Smerillo_Province_of_Fermo_Marche.html
Mezzoldo attractions, Province of Bergamo, /Attractions-g1405297-Activities-Mezzoldo_Province_of_Bergamo_Lombardy.html
Rognano attractions, Province of Pavia, /Attractions-g7221510-Activities-Rognano_Province_of_Pavia_Lombardy.html
Monti attractions, Province of Massa Carrara, /Attractions-g3174749-Activities-Monti_Province_of_Massa_Carrara_Tuscany.html
Lequio Tanaro attractions, Province of Cuneo, /Attractions-g2634055-Activities-Lequio_Tanaro_Province_of_Cuneo_Piedmont.html
Selve attractions, Province of Vercelli, /Attractions-g17379451-Activities-Selve_Province_of_Vercelli_Piedmont.html
Aquila di Arroscia attractions, Province of Imperia, /Attractions-g3174731-Activities-Aquila_di_Arroscia_Province_of_Imperia_Liguria.html
Nigoline di Corte Franca attractions, Province of Brescia, /Attractions-g1405294-Activities-Nigoline_di_Corte_Franca_Province_of_Brescia_Lombardy.html
Viola attractions, Province of Cuneo, /Attractions-g3174734-Activities-Viola_Province_of_Cuneo_Piedmont.html
Tosse attractions, Noli, /Attractions-g13119816-Activities-Tosse_Noli_Italian_Riviera_Liguria.html
Ceneselli attractions, Province of Rovigo, /Attractions-g12316989-Activities-Ceneselli_Province_of_Rovigo_Veneto.html
Sali Vercellese attractions, Province of Vercelli, /Attractions-g17379461-Activities-Sali_Vercellese_Province_of_Vercelli_Piedmont.html
Serramezzana attractions, Cilento and Vallo di Diano National Park, /Attractions-g1929613-Activities-Serramezzana_Cilento_and_Vallo_di_Diano_National_Park_Province_of_Salerno_Campania.html
Serri attractions, Province of Cagliari, /Attractions-g2568630-Activities-Serri_Province_of_Cagliari_Sardinia.html
Vesio attractions, Province of Brescia, /Attractions-g12316966-Activities-Vesio_Province_of_Brescia_Lombardy.html
Boccon attractions, Province of Padua, /Attractions-g2568633-Activities-Boccon_Province_of_Padua_Veneto.html
Forli attractions, Province of Forli-Cesena, /Attractions-g21082341-Activities-Forli_Province_of_Forli_Cesena_Emilia_Romagna.html
Vidiciatico attractions, Province of Bologna, /Attractions-g2617730-Activities-Vidiciatico_Province_of_Bologna_Emilia_Romagna.html
Siamaggiore attractions, Province of Oristano, /Attractions-g2617729-Activities-Siamaggiore_Province_of_Oristano_Sardinia.html
