province_name, region_name, province_url
Monza attractions, Province of Monza and Brianza, /Attractions-g635872-Activities-Monza_Province_of_Monza_and_Brianza_Lombardy.html
Riccione attractions, Province of Rimini, /Attractions-g194878-Activities-Riccione_Province_of_Rimini_Emilia_Romagna.html
Amalfi attractions, Amalfi Coast, /Attractions-g187780-Activities-Amalfi_Amalfi_Coast_Province_of_Salerno_Campania.html
Arezzo attractions, Province of Arezzo, /Attractions-g194673-Activities-Arezzo_Province_of_Arezzo_Tuscany.html
Forli attractions, Province of Forli-Cesena, /Attractions-g230071-Activities-Forli_Province_of_Forli_Cesena_Emilia_Romagna.html
La Spezia attractions, Province of La Spezia, /Attractions-g187824-Activities-La_Spezia_Province_of_La_Spezia_Liguria.html
Vasto attractions, Province of Chieti, /Attractions-g194943-Activities-Vasto_Province_of_Chieti_Abruzzo.html
Agrigento attractions, Province of Agrigento, /Attractions-g194662-Activities-Agrigento_Province_of_Agrigento_Sicily.html
Ragusa attractions, Province of Ragusa, /Attractions-g194872-Activities-Ragusa_Province_of_Ragusa_Sicily.html
Teramo attractions, Province of Teramo, /Attractions-g660757-Activities-Teramo_Province_of_Teramo_Abruzzo.html
Monopoli attractions, Province of Bari, /Attractions-g652003-Activities-Monopoli_Province_of_Bari_Puglia.html
Arzachena attractions, Province of Olbia-Tempio, /Attractions-g194675-Activities-Arzachena_Province_of_Olbia_Tempio_Sardinia.html
Caserta attractions, Province of Caserta, /Attractions-g194713-Activities-Caserta_Province_of_Caserta_Campania.html
Chieti attractions, Province of Chieti, /Attractions-g194737-Activities-Chieti_Province_of_Chieti_Abruzzo.html
Capri attractions, Island of Capri, /Attractions-g187783-Activities-Capri_Island_of_Capri_Province_of_Naples_Campania.html
Viterbo attractions, Province of Viterbo, /Attractions-g194950-Activities-Viterbo_Province_of_Viterbo_Lazio.html
Gorizia attractions, Province of Gorizia, /Attractions-g635871-Activities-Gorizia_Province_of_Gorizia_Friuli_Venezia_Giulia.html
Asti attractions, Province of Asti, /Attractions-g187852-Activities-Asti_Province_of_Asti_Piedmont.html
Olbia attractions, Province of Olbia-Tempio, /Attractions-g187883-Activities-Olbia_Province_of_Olbia_Tempio_Sardinia.html
San Gimignano attractions, Province of Siena, /Attractions-g187901-Activities-San_Gimignano_Tuscany.html
Ancona attractions, Province of Ancona, /Attractions-g187795-Activities-Ancona_Province_of_Ancona_Marche.html
Lanciano attractions, Province of Chieti, /Attractions-g1015453-Activities-Lanciano_Province_of_Chieti_Abruzzo.html
Pesaro attractions, Province of Pesaro and Urbino, /Attractions-g187796-Activities-Pesaro_Province_of_Pesaro_and_Urbino_Marche.html
Cuneo attractions, Province of Cuneo, /Attractions-g187853-Activities-Cuneo_Province_of_Cuneo_Piedmont.html
Erice attractions, Province of Trapani, /Attractions-g194757-Activities-Erice_Province_of_Trapani_Sicily.html
Montepulciano attractions, Province of Siena, /Attractions-g194833-Activities-Montepulciano_Tuscany.html
Sassari attractions, Province of Sassari, /Attractions-g187885-Activities-Sassari_Province_of_Sassari_Sardinia.html
Alba attractions, Province of Cuneo, /Attractions-g194664-Activities-Alba_Province_of_Cuneo_Piedmont.html
Cesenatico attractions, Province of Forli-Cesena, /Attractions-g194732-Activities-Cesenatico_Province_of_Forli_Cesena_Emilia_Romagna.html
Civitavecchia attractions, Province of Rome, /Attractions-g194743-Activities-Civitavecchia_Province_of_Rome_Lazio.html
Cortona attractions, Province of Arezzo, /Attractions-g187894-Activities-Cortona_Province_of_Arezzo_Tuscany.html
Montalcino attractions, Province of Siena, /Attractions-g635634-Activities-Montalcino_Tuscany.html
Prato attractions, Province of Prato, /Attractions-g194868-Activities-Prato_Province_of_Prato_Tuscany.html
Mestre attractions, City of Venice, /Attractions-g194822-Activities-Mestre_Veneto.html
Brindisi attractions, Province of Brindisi, /Attractions-g187875-Activities-Brindisi_Province_of_Brindisi_Puglia.html
Alessandria attractions, Province of Alessandria, /Attractions-g194208-Activities-Alessandria_Province_of_Alessandria_Piedmont.html
Bassano Del Grappa attractions, Province of Vicenza, /Attractions-g194685-Activities-Bassano_Del_Grappa_Province_of_Vicenza_Veneto.html
Catanzaro attractions, Province of Catanzaro, /Attractions-g187775-Activities-Catanzaro_Province_of_Catanzaro_Calabria.html
Ascoli Piceno attractions, Province of Ascoli Piceno, /Attractions-g194676-Activities-Ascoli_Piceno_Province_of_Ascoli_Piceno_Marche.html
Sanremo attractions, Italian Riviera, /Attractions-g194900-Activities-Sanremo_Italian_Riviera_Liguria.html
Ostuni attractions, Province of Brindisi, /Attractions-g642178-Activities-Ostuni_Province_of_Brindisi_Puglia.html
Sulmona attractions, Province of L'Aquila, /Attractions-g194928-Activities-Sulmona_Province_of_L_Aquila_Abruzzo.html
Cesena attractions, Province of Forli-Cesena, /Attractions-g194731-Activities-Cesena_Province_of_Forli_Cesena_Emilia_Romagna.html
Pozzuoli attractions, Province of Naples, /Attractions-g194864-Activities-Pozzuoli_Province_of_Naples_Campania.html
Finale Ligure attractions, Italian Riviera, /Attractions-g194761-Activities-Finale_Ligure_Italian_Riviera_Liguria.html
Lampedusa attractions, Islands of Sicily, /Attractions-g262047-Activities-Lampedusa_Islands_of_Sicily_Sicily.html
Lignano Sabbiadoro attractions, Province of Udine, /Attractions-g194796-Activities-Lignano_Sabbiadoro_Province_of_Udine_Friuli_Venezia_Giulia.html
Jesolo attractions, Province of Venice, /Attractions-g580246-Activities-Jesolo_Veneto.html
Ortona attractions, Province of Chieti, /Attractions-g194842-Activities-Ortona_Province_of_Chieti_Abruzzo.html
Orvieto attractions, Province of Terni, /Attractions-g194843-Activities-Orvieto_Province_of_Terni_Umbria.html
