province_name, region_name, province_url
Lavoria attractions, Province of Pisa, /Attractions-g14543504-Activities-Lavoria_Province_of_Pisa_Tuscany.html
Scampitella attractions, Province of Avellino, /Attractions-g2550398-Activities-Scampitella_Province_of_Avellino_Campania.html
Anterivo attractions, Province of South Tyrol, /Attractions-g1419849-Activities-Anterivo_Province_of_South_Tyrol_Trentino_Alto_Adige.html
Lipomo attractions, Lake Como, /Attractions-g1485415-Activities-Lipomo_Lake_Como_Lombardy.html
Cortina sulla strada del vino attractions, Province of South Tyrol, /Attractions-g1419887-Activities-Cortina_sulla_strada_del_vino_Province_of_South_Tyrol_Trentino_Alto_Adige.html
Vicarello attractions, Province of Livorno, /Attractions-g3844673-Activities-Vicarello_Province_of_Livorno_Tuscany.html
Vigarano Pieve attractions, Province of Ferrara, /Attractions-g2550362-Activities-Vigarano_Pieve_Province_of_Ferrara_Emilia_Romagna.html
Vadena attractions, Province of South Tyrol, /Attractions-g1419924-Activities-Vadena_Province_of_South_Tyrol_Trentino_Alto_Adige.html
Montegiove attractions, Province of Terni, /Attractions-g6499051-Activities-Montegiove_Province_of_Terni_Umbria.html
Gragnano attractions, Province of Piacenza, /Attractions-g2140855-Activities-Gragnano_Province_of_Piacenza_Emilia_Romagna.html
Campagnola Cremasca attractions, Province of Cremona, /Attractions-g7138015-Activities-Campagnola_Cremasca_Province_of_Cremona_Lombardy.html
Pianosinatico attractions, Province of Pistoia, /Attractions-g17165295-Activities-Pianosinatico_Province_of_Pistoia_Tuscany.html
Parrocchia attractions, Province of Cuneo, /Attractions-g21359528-Activities-Parrocchia_Province_of_Cuneo_Piedmont.html
Lercara Friddi attractions, Province of Palermo, /Attractions-g2337485-Activities-Lercara_Friddi_Province_of_Palermo_Sicily.html
Toara attractions, Province of Vicenza, /Attractions-g2337498-Activities-Toara_Province_of_Vicenza_Veneto.html
Piazzolo attractions, Province of Bergamo, /Attractions-g4877063-Activities-Piazzolo_Province_of_Bergamo_Lombardy.html
Veddasca attractions, Province of Varese, /Attractions-g3484527-Activities-Veddasca_Province_of_Varese_Lombardy.html
Montacuto attractions, Province of Ancona, /Attractions-g3484506-Activities-Montacuto_Province_of_Ancona_Marche.html
Pieve San Giacomo attractions, Province of Cremona, /Attractions-g2337618-Activities-Pieve_San_Giacomo_Province_of_Cremona_Lombardy.html
Garzigliana attractions, Province of Turin, /Attractions-g8432401-Activities-Garzigliana_Province_of_Turin_Piedmont.html
Cortiglione attractions, Province of Asti, /Attractions-g2386838-Activities-Cortiglione_Province_of_Asti_Piedmont.html
Mogorella attractions, Province of Oristano, /Attractions-g15870789-Activities-Mogorella_Province_of_Oristano_Sardinia.html
Loceri attractions, Province of Ogliastra, /Attractions-g1928106-Activities-Loceri_Province_of_Ogliastra_Sardinia.html
Bottanuco attractions, Province of Bergamo, /Attractions-g4877300-Activities-Bottanuco_Province_of_Bergamo_Lombardy.html
Moio de' Calvi attractions, Province of Bergamo, /Attractions-g4877198-Activities-Moio_de_Calvi_Province_of_Bergamo_Lombardy.html
Borro attractions, Province of Arezzo, /Attractions-g8956743-Activities-Borro_Province_of_Arezzo_Tuscany.html
Arba attractions, Province of Pordenone, /Attractions-g1600480-Activities-Arba_Province_of_Pordenone_Friuli_Venezia_Giulia.html
Bosia attractions, Province of Cuneo, /Attractions-g2485287-Activities-Bosia_Province_of_Cuneo_Piedmont.html
Borghetto di Vara attractions, Italian Riviera, /Attractions-g2485286-Activities-Borghetto_di_Vara_Italian_Riviera_Liguria.html
Cannaregio attractions, Venice, /Attractions-g15035619-Activities-Cannaregio_Veneto.html
Gallo Matese attractions, Province of Caserta, /Attractions-g20819253-Activities-Gallo_Matese_Province_of_Caserta_Campania.html
Tinnura attractions, Province of Oristano, /Attractions-g1059871-Activities-Tinnura_Province_of_Oristano_Sardinia.html
Stio attractions, Province of Salerno, /Attractions-g4926552-Activities-Stio_Province_of_Salerno_Campania.html
Bormida attractions, Province of Savona, /Attractions-g12659929-Activities-Bormida_Province_of_Savona_Liguria.html
San Pietro in Bossolo attractions, Province of Florence, /Attractions-g8744095-Activities-San_Pietro_in_Bossolo_Tuscany.html
Gorfigliano attractions, Province of Lucca, /Attractions-g4926550-Activities-Gorfigliano_Province_of_Lucca_Tuscany.html
Pietrafitta attractions, Province of Cosenza, /Attractions-g4877418-Activities-Pietrafitta_Province_of_Cosenza_Calabria.html
San Rocco di Piegara attractions, Province of Verona, /Attractions-g666667-Activities-San_Rocco_di_Piegara_Province_of_Verona_Veneto.html
Ponte attractions, Province of Benevento, /Attractions-g4172810-Activities-Ponte_Province_of_Benevento_Campania.html
Madone attractions, Province of Bergamo, /Attractions-g2387043-Activities-Madone_Province_of_Bergamo_Lombardy.html
San Sostene Marina attractions, Province of Catanzaro, /Attractions-g15772863-Activities-San_Sostene_Marina_Province_of_Catanzaro_Calabria.html
San Basile attractions, Province of Cosenza, /Attractions-g4877342-Activities-San_Basile_Province_of_Cosenza_Calabria.html
Cigole attractions, Province of Brescia, /Attractions-g12659878-Activities-Cigole_Province_of_Brescia_Lombardy.html
Barbianello attractions, Province of Pavia, /Attractions-g2387025-Activities-Barbianello_Province_of_Pavia_Lombardy.html
Castelnuovo attractions, Province of Padua, /Attractions-g8465412-Activities-Castelnuovo_Province_of_Padua_Veneto.html
Pogno attractions, Province of Novara, /Attractions-g3697854-Activities-Pogno_Province_of_Novara_Piedmont.html
Siurgus Donigala attractions, Province of Cagliari, /Attractions-g3697855-Activities-Siurgus_Donigala_Province_of_Cagliari_Sardinia.html
San Macario in Piano attractions, Province of Lucca, /Attractions-g1092764-Activities-San_Macario_in_Piano_Province_of_Lucca_Tuscany.html
Monteforte Cilento attractions, Province of Salerno, /Attractions-g2436266-Activities-Monteforte_Cilento_Province_of_Salerno_Campania.html
Gifflenga attractions, Province of Biella, /Attractions-g12659790-Activities-Gifflenga_Province_of_Biella_Piedmont.html
