province_name, region_name, province_url
Frassinello Monferrato attractions, Province of Alessandria, /Attractions-g4297413-Activities-Frassinello_Monferrato_Province_of_Alessandria_Piedmont.html
Torre di Santa Maria attractions, Province of Sondrio, /Attractions-g7377661-Activities-Torre_di_Santa_Maria_Province_of_Sondrio_Lombardy.html
Mollia attractions, Province of Vercelli, /Attractions-g3396284-Activities-Mollia_Province_of_Vercelli_Piedmont.html
Monteleone Rocca Doria attractions, Province of Sassari, /Attractions-g8114920-Activities-Monteleone_Rocca_Doria_Province_of_Sassari_Sardinia.html
Annicco attractions, Province of Cremona, /Attractions-g3494573-Activities-Annicco_Province_of_Cremona_Lombardy.html
Eupilio attractions, Province of Como, /Attractions-g3347116-Activities-Eupilio_Province_of_Como_Lombardy.html
Basico attractions, Province of Messina, /Attractions-g11964955-Activities-Basico_Province_of_Messina_Sicily.html
Ardara attractions, Province of Sassari, /Attractions-g2216598-Activities-Ardara_Province_of_Sassari_Sardinia.html
Isolabona attractions, Province of Imperia, /Attractions-g2101911-Activities-Isolabona_Province_of_Imperia_Liguria.html
Reano attractions, Province of Turin, /Attractions-g2396907-Activities-Reano_Province_of_Turin_Piedmont.html
Santa Giuletta attractions, Province of Pavia, /Attractions-g2052813-Activities-Santa_Giuletta_Province_of_Pavia_Lombardy.html
Castiglione d'Intelvi attractions, Lake Como, /Attractions-g1053385-Activities-Castiglione_d_Intelvi_Lake_Como_Lombardy.html
Porto Levante attractions, Province of Rovigo, /Attractions-g1184502-Activities-Porto_Levante_Province_of_Rovigo_Veneto.html
Sant'Onofrio attractions, Province of Vibo Valentia, /Attractions-g2052846-Activities-Sant_Onofrio_Province_of_Vibo_Valentia_Calabria.html
Casalbeltrame attractions, Province of Novara, /Attractions-g3723970-Activities-Casalbeltrame_Province_of_Novara_Piedmont.html
Cesuna di Roana attractions, Province of Vicenza, /Attractions-g1381169-Activities-Cesuna_di_Roana_Province_of_Vicenza_Veneto.html
Vigano San Martino attractions, Province of Bergamo, /Attractions-g1987378-Activities-Vigano_San_Martino_Province_of_Bergamo_Lombardy.html
Posina attractions, Province of Vicenza, /Attractions-g2151271-Activities-Posina_Province_of_Vicenza_Veneto.html
Guasila attractions, Province of Cagliari, /Attractions-g7066403-Activities-Guasila_Province_of_Cagliari_Sardinia.html
Marola attractions, Province of Vicenza, /Attractions-g4068203-Activities-Marola_Province_of_Vicenza_Veneto.html
Altofonte attractions, Province of Palermo, /Attractions-g3576687-Activities-Altofonte_Province_of_Palermo_Sicily.html
Belvedere attractions, Province of Syracuse, /Attractions-g12080081-Activities-Belvedere_Province_of_Syracuse_Sicily.html
Avenone attractions, Province of Brescia, /Attractions-g12080069-Activities-Avenone_Province_of_Brescia_Lombardy.html
Mornico Losana attractions, Province of Pavia, /Attractions-g676761-Activities-Mornico_Losana_Province_of_Pavia_Lombardy.html
Castello-Molina di Fiemme attractions, Province of Trento, /Attractions-g1184647-Activities-Castello_Molina_di_Fiemme_Province_of_Trento_Trentino_Alto_Adige.html
Vigoponzo attractions, Province of Alessandria, /Attractions-g17765014-Activities-Vigoponzo_Province_of_Alessandria_Piedmont.html
Pratola Serra attractions, Province of Avellino, /Attractions-g3724173-Activities-Pratola_Serra_Province_of_Avellino_Campania.html
Romprezzagno attractions, Province of Cremona, /Attractions-g19632786-Activities-Romprezzagno_Province_of_Cremona_Lombardy.html
Molinara attractions, Province of Benevento, /Attractions-g2266082-Activities-Molinara_Province_of_Benevento_Campania.html
Fenegro attractions, Province of Como, /Attractions-g2151395-Activities-Fenegro_Province_of_Como_Lombardy.html
Roiate attractions, Province of Rome, /Attractions-g2413547-Activities-Roiate_Province_of_Rome_Lazio.html
Casaletto Ceredano attractions, Province of Cremona, /Attractions-g2413554-Activities-Casaletto_Ceredano_Province_of_Cremona_Lombardy.html
Buonvicino attractions, Province of Cosenza, /Attractions-g2266105-Activities-Buonvicino_Province_of_Cosenza_Calabria.html
Monte Colombo attractions, Province of Rimini, /Attractions-g1397780-Activities-Monte_Colombo_Province_of_Rimini_Emilia_Romagna.html
Mazzorno Sinistro attractions, Province of Rovigo, /Attractions-g2413568-Activities-Mazzorno_Sinistro_Province_of_Rovigo_Veneto.html
Dosolo attractions, Province of Mantua, /Attractions-g2413570-Activities-Dosolo_Province_of_Mantua_Lombardy.html
Medea attractions, Province of Gorizia, /Attractions-g7689294-Activities-Medea_Province_of_Gorizia_Friuli_Venezia_Giulia.html
Maccastorna attractions, Province of Lodi, /Attractions-g12080381-Activities-Maccastorna_Province_of_Lodi_Lombardy.html
Saone attractions, Province of Trento, /Attractions-g17470786-Activities-Saone_Province_of_Trento_Trentino_Alto_Adige.html
Campo di Trens attractions, Province of South Tyrol, /Attractions-g1184858-Activities-Campo_di_Trens_Province_of_South_Tyrol_Trentino_Alto_Adige.html
Decimoputzu attractions, Province of Cagliari, /Attractions-g3642491-Activities-Decimoputzu_Province_of_Cagliari_Sardinia.html
Torricella Verzate attractions, Province of Pavia, /Attractions-g2167922-Activities-Torricella_Verzate_Province_of_Pavia_Lombardy.html
Montaldo Scarampi attractions, Province of Asti, /Attractions-g3642472-Activities-Montaldo_Scarampi_Province_of_Asti_Piedmont.html
Sindia attractions, Province of Nuoro, /Attractions-g2167891-Activities-Sindia_Province_of_Nuoro_Sardinia.html
Osiglia attractions, Province of Savona, /Attractions-g3576911-Activities-Osiglia_Province_of_Savona_Liguria.html
Barni attractions, Province of Como, /Attractions-g775311-Activities-Barni_Province_of_Como_Lombardy.html
Castelguglielmo attractions, Province of Rovigo, /Attractions-g7001313-Activities-Castelguglielmo_Province_of_Rovigo_Veneto.html
Pianopoli attractions, Province of Catanzaro, /Attractions-g644241-Activities-Pianopoli_Province_of_Catanzaro_Calabria.html
Scala Coeli attractions, Province of Cosenza, /Attractions-g20878751-Activities-Scala_Coeli_Province_of_Cosenza_Calabria.html
Samassi attractions, Province of Medio Campidano, /Attractions-g2561156-Activities-Samassi_Province_of_Medio_Campidano_Sardinia.html
