province_name, region_name, province_url
Cancellara attractions, Province of Potenza, /Attractions-g2007607-Activities-Cancellara_Province_of_Potenza_Basilicata.html
Ailoche attractions, Province of Biella, /Attractions-g19800836-Activities-Ailoche_Province_of_Biella_Piedmont.html
Ponte Lambro attractions, Province of Como, /Attractions-g1925700-Activities-Ponte_Lambro_Province_of_Como_Lombardy.html
Vigonovo attractions, Province of Venice, /Attractions-g1925748-Activities-Vigonovo_Veneto.html
Affile attractions, Province of Rome, /Attractions-g19948378-Activities-Affile_Province_of_Rome_Lazio.html
Brienno attractions, Lake Como, /Attractions-g664177-Activities-Brienno_Lake_Como_Lombardy.html
Sala Comacina attractions, Lake Como, /Attractions-g664198-Activities-Sala_Comacina_Lake_Como_Lombardy.html
Pozzaglia Sabina attractions, Province of Rieti, /Attractions-g8430152-Activities-Pozzaglia_Sabina_Province_of_Rieti_Lazio.html
Osio Sotto attractions, Province of Bergamo, /Attractions-g1057552-Activities-Osio_Sotto_Province_of_Bergamo_Lombardy.html
Camino attractions, Province of Alessandria, /Attractions-g1549062-Activities-Camino_Province_of_Alessandria_Piedmont.html
Vallese di Oppeano attractions, Province of Verona, /Attractions-g1549067-Activities-Vallese_di_Oppeano_Province_of_Verona_Veneto.html
Massaciuccoli attractions, Province of Lucca, /Attractions-g2532126-Activities-Massaciuccoli_Province_of_Lucca_Tuscany.html
Monno attractions, Province of Brescia, /Attractions-g3482487-Activities-Monno_Province_of_Brescia_Lombardy.html
Monasterolo di Savigliano attractions, Province of Cuneo, /Attractions-g6939444-Activities-Monasterolo_di_Savigliano_Province_of_Cuneo_Piedmont.html
Albagiara attractions, Province of Oristano, /Attractions-g15180681-Activities-Albagiara_Province_of_Oristano_Sardinia.html
Otricoli attractions, Province of Terni, /Attractions-g664436-Activities-Otricoli_Province_of_Terni_Umbria.html
Manoppello Scalo attractions, Province of Pescara, /Attractions-g4318144-Activities-Manoppello_Scalo_Province_of_Pescara_Abruzzo.html
Caprie attractions, Province of Turin, /Attractions-g664466-Activities-Caprie_Province_of_Turin_Piedmont.html
Uscio attractions, Province of Genoa, /Attractions-g1827786-Activities-Uscio_Province_of_Genoa_Liguria.html
Santa Sofia d'Epiro attractions, Province of Cosenza, /Attractions-g11920559-Activities-Santa_Sofia_d_Epiro_Province_of_Cosenza_Calabria.html
Vigo Rendena attractions, Province of Trento, /Attractions-g7791709-Activities-Vigo_Rendena_Province_of_Trento_Trentino_Alto_Adige.html
Uri attractions, Province of Sassari, /Attractions-g7038173-Activities-Uri_Province_of_Sassari_Sardinia.html
Ponzano di Fermo attractions, Province of Fermo, /Attractions-g1025203-Activities-Ponzano_di_Fermo_Province_of_Fermo_Marche.html
Agosta attractions, Province of Rome, /Attractions-g7759048-Activities-Agosta_Province_of_Rome_Lazio.html
Confienza attractions, Province of Pavia, /Attractions-g2548982-Activities-Confienza_Province_of_Pavia_Lombardy.html
Gricignano di Aversa attractions, Province of Caserta, /Attractions-g2139391-Activities-Gricignano_di_Aversa_Province_of_Caserta_Campania.html
Anzi attractions, Province of Potenza, /Attractions-g4498615-Activities-Anzi_Province_of_Potenza_Basilicata.html
Torricella del Pizzo attractions, Province of Cremona, /Attractions-g10085822-Activities-Torricella_del_Pizzo_Province_of_Cremona_Lombardy.html
Ordona attractions, Province of Foggia, /Attractions-g4580714-Activities-Ordona_Province_of_Foggia_Puglia.html
Filacciano attractions, Province of Rome, /Attractions-g8480003-Activities-Filacciano_Province_of_Rome_Lazio.html
Inverno e Monteleone attractions, Province of Pavia, /Attractions-g1402247-Activities-Inverno_e_Monteleone_Province_of_Pavia_Lombardy.html
Roncola attractions, Province of Bergamo, /Attractions-g1058228-Activities-Roncola_Province_of_Bergamo_Lombardy.html
Ballao attractions, Province of Cagliari, /Attractions-g4580739-Activities-Ballao_Province_of_Cagliari_Sardinia.html
Pieve Porto Morone attractions, Province of Pavia, /Attractions-g2336229-Activities-Pieve_Porto_Morone_Province_of_Pavia_Lombardy.html
Brembio attractions, Province of Lodi, /Attractions-g3532257-Activities-Brembio_Province_of_Lodi_Lombardy.html
Maenza attractions, Province of Latina, /Attractions-g3679704-Activities-Maenza_Province_of_Latina_Lazio.html
Cevo attractions, Province of Brescia, /Attractions-g3597764-Activities-Cevo_Province_of_Brescia_Lombardy.html
Rosasco attractions, Province of Pavia, /Attractions-g9692527-Activities-Rosasco_Province_of_Pavia_Lombardy.html
Priocca attractions, Province of Cuneo, /Attractions-g1238541-Activities-Priocca_Province_of_Cuneo_Piedmont.html
Madonna del Sasso attractions, Province of Verbano-Cusio-Ossola, /Attractions-g1549861-Activities-Madonna_del_Sasso_Province_of_Verbano_Cusio_Ossola_Piedmont.html
Morgano attractions, Province of Treviso, /Attractions-g1631776-Activities-Morgano_Province_of_Treviso_Veneto.html
Briosco attractions, Province of Monza and Brianza, /Attractions-g2057823-Activities-Briosco_Province_of_Monza_and_Brianza_Lombardy.html
Rivamonte Agordino attractions, Province of Belluno, /Attractions-g4105804-Activities-Rivamonte_Agordino_Province_of_Belluno_Veneto.html
Lumarzo attractions, Province of Genoa, /Attractions-g2287195-Activities-Lumarzo_Province_of_Genoa_Liguria.html
Gazzaniga attractions, Province of Bergamo, /Attractions-g3515976-Activities-Gazzaniga_Province_of_Bergamo_Lombardy.html
Prunetto attractions, Province of Cuneo, /Attractions-g3483271-Activities-Prunetto_Province_of_Cuneo_Piedmont.html
Villamar attractions, Province of Medio Campidano, /Attractions-g7153374-Activities-Villamar_Province_of_Medio_Campidano_Sardinia.html
Candelara attractions, Province of Pesaro and Urbino, /Attractions-g4007563-Activities-Candelara_Province_of_Pesaro_and_Urbino_Marche.html
Riva presso Chieri attractions, Province of Turin, /Attractions-g2205423-Activities-Riva_presso_Chieri_Province_of_Turin_Piedmont.html
Orune attractions, Province of Nuoro, /Attractions-g6416000-Activities-Orune_Province_of_Nuoro_Sardinia.html
