province_name, region_name, province_url
Porcia attractions, Province of Pordenone, /Attractions-g1063417-Activities-Porcia_Province_of_Pordenone_Friuli_Venezia_Giulia.html
Monteriggioni attractions, Province of Siena, /Attractions-g227886-Activities-Monteriggioni_Tuscany.html
Seregno attractions, Province of Monza and Brianza, /Attractions-g1079940-Activities-Seregno_Province_of_Monza_and_Brianza_Lombardy.html
Toscolano-Maderno attractions, Province of Brescia, /Attractions-g950408-Activities-Toscolano_Maderno_Province_of_Brescia_Lombardy.html
Merate attractions, Province of Lecco, /Attractions-g1787083-Activities-Merate_Province_of_Lecco_Lombardy.html
Porto Rotondo attractions, Province of Olbia-Tempio, /Attractions-g608916-Activities-Porto_Rotondo_Province_of_Olbia_Tempio_Sardinia.html
Sesto al Reghena attractions, Province of Pordenone, /Attractions-g1936043-Activities-Sesto_al_Reghena_Province_of_Pordenone_Friuli_Venezia_Giulia.html
Cinisello Balsamo attractions, Province of Milan, /Attractions-g1053438-Activities-Cinisello_Balsamo_Province_of_Milan_Lombardy.html
Cittadella attractions, Province of Padua, /Attractions-g1053451-Activities-Cittadella_Province_of_Padua_Veneto.html
Scandicci attractions, Province of Florence, /Attractions-g644284-Activities-Scandicci_Tuscany.html
Pescocostanzo attractions, Province of L'Aquila, /Attractions-g776159-Activities-Pescocostanzo_Province_of_L_Aquila_Abruzzo.html
Teulada attractions, Province of Cagliari, /Attractions-g1202591-Activities-Teulada_Province_of_Cagliari_Sardinia.html
Minori attractions, Amalfi Coast, /Attractions-g580202-Activities-Minori_Amalfi_Coast_Province_of_Salerno_Campania.html
Muggia attractions, Province of Trieste, /Attractions-g793507-Activities-Muggia_Province_of_Trieste_Friuli_Venezia_Giulia.html
Castelrotto attractions, Province of South Tyrol, /Attractions-g187859-Activities-Castelrotto_Province_of_South_Tyrol_Trentino_Alto_Adige.html
Modugno attractions, Province of Bari, /Attractions-g663579-Activities-Modugno_Province_of_Bari_Puglia.html
Bronte attractions, Province of Catania, /Attractions-g1384976-Activities-Bronte_Province_of_Catania_Sicily.html
Grottammare attractions, Province of Ascoli Piceno, /Attractions-g730082-Activities-Grottammare_Province_of_Ascoli_Piceno_Marche.html
Cison Di Valmarino attractions, Province of Treviso, /Attractions-g666616-Activities-Cison_Di_Valmarino_Province_of_Treviso_Veneto.html
Magenta attractions, Province of Milan, /Attractions-g1077059-Activities-Magenta_Province_of_Milan_Lombardy.html
Folgaria attractions, Province of Trento, /Attractions-g194763-Activities-Folgaria_Province_of_Trento_Trentino_Alto_Adige.html
Marciana attractions, Elba Island, /Attractions-g194810-Activities-Marciana_Elba_Island_Province_of_Livorno_Tuscany.html
Potenza Picena attractions, Province of Macerata, /Attractions-g948493-Activities-Potenza_Picena_Province_of_Macerata_Marche.html
Silvi Marina attractions, Province of Teramo, /Attractions-g194920-Activities-Silvi_Marina_Province_of_Teramo_Abruzzo.html
Medicina attractions, Province of Bologna, /Attractions-g1080225-Activities-Medicina_Province_of_Bologna_Emilia_Romagna.html
Villafranca di Verona attractions, Province of Verona, /Attractions-g670667-Activities-Villafranca_di_Verona_Province_of_Verona_Veneto.html
Brusson attractions, Valle d'Aosta, /Attractions-g1310434-Activities-Brusson_Valle_d_Aosta.html
Segrate attractions, Province of Milan, /Attractions-g1081116-Activities-Segrate_Province_of_Milan_Lombardy.html
Monte San Savino attractions, Province of Arezzo, /Attractions-g737116-Activities-Monte_San_Savino_Province_of_Arezzo_Tuscany.html
Bosa attractions, Province of Oristano, /Attractions-g608906-Activities-Bosa_Province_of_Oristano_Sardinia.html
Busseto attractions, Province of Parma, /Attractions-g1396422-Activities-Busseto_Province_of_Parma_Emilia_Romagna.html
San Daniele del Friuli attractions, Province of Udine, /Attractions-g790404-Activities-San_Daniele_del_Friuli_Province_of_Udine_Friuli_Venezia_Giulia.html
Comelico Superiore attractions, Province of Belluno, /Attractions-g2527405-Activities-Comelico_Superiore_Province_of_Belluno_Veneto.html
Narni attractions, Province of Terni, /Attractions-g644287-Activities-Narni_Province_of_Terni_Umbria.html
Manciano attractions, Province of Grosseto, /Attractions-g677309-Activities-Manciano_Province_of_Grosseto_Tuscany.html
Cernusco sul Naviglio attractions, Province of Milan, /Attractions-g1006068-Activities-Cernusco_sul_Naviglio_Province_of_Milan_Lombardy.html
Mira attractions, Province of Venice, /Attractions-g499093-Activities-Mira_Veneto.html
Neive attractions, Province of Cuneo, /Attractions-g1057212-Activities-Neive_Province_of_Cuneo_Piedmont.html
Cittiglio attractions, Lake Maggiore, /Attractions-g1401258-Activities-Cittiglio_Lake_Maggiore_Lombardy.html
Massa Marittima attractions, Province of Grosseto, /Attractions-g616197-Activities-Massa_Marittima_Province_of_Grosseto_Tuscany.html
Gaiole in Chianti attractions, Province of Siena, /Attractions-g616196-Activities-Gaiole_in_Chianti_Tuscany.html
Marano di Napoli attractions, Province of Naples, /Attractions-g2222043-Activities-Marano_di_Napoli_Province_of_Naples_Campania.html
Santa Marinella attractions, Province of Rome, /Attractions-g815431-Activities-Santa_Marinella_Province_of_Rome_Lazio.html
Paola attractions, Province of Cosenza, /Attractions-g1028673-Activities-Paola_Province_of_Cosenza_Calabria.html
San Dona Di Piave attractions, Province of Venice, /Attractions-g1028926-Activities-San_Dona_Di_Piave_Veneto.html
Aprilia attractions, Province of Latina, /Attractions-g1079121-Activities-Aprilia_Province_of_Latina_Lazio.html
Alba Adriatica attractions, Province of Teramo, /Attractions-g194665-Activities-Alba_Adriatica_Province_of_Teramo_Abruzzo.html
Sessa Aurunca attractions, Province of Caserta, /Attractions-g1931446-Activities-Sessa_Aurunca_Province_of_Caserta_Campania.html
Corvara in Badia attractions, Province of South Tyrol, /Attractions-g194746-Activities-Corvara_in_Badia_Province_of_South_Tyrol_Trentino_Alto_Adige.html
Lavagna attractions, Italian Riviera, /Attractions-g194788-Activities-Lavagna_Italian_Riviera_Liguria.html
