province_name, region_name, province_url
Germagnano attractions, Province of Turin, /Attractions-g2356033-Activities-Germagnano_Province_of_Turin_Piedmont.html
Bovegno attractions, Province of Brescia, /Attractions-g7648022-Activities-Bovegno_Province_of_Brescia_Lombardy.html
Laurenzana attractions, Province of Potenza, /Attractions-g7074564-Activities-Laurenzana_Province_of_Potenza_Basilicata.html
Chieve attractions, Province of Cremona, /Attractions-g5600036-Activities-Chieve_Province_of_Cremona_Lombardy.html
Pellio Intelvi attractions, Province of Como, /Attractions-g1078117-Activities-Pellio_Intelvi_Province_of_Como_Lombardy.html
San Giorgio su Legnano attractions, Province of Milan, /Attractions-g6615836-Activities-San_Giorgio_su_Legnano_Province_of_Milan_Lombardy.html
Salasco attractions, Province of Vercelli, /Attractions-g2356147-Activities-Salasco_Province_of_Vercelli_Piedmont.html
Classe attractions, Province of Ravenna, /Attractions-g1602466-Activities-Classe_Province_of_Ravenna_Emilia_Romagna.html
Centa San Nicolo attractions, Province of Trento, /Attractions-g2356205-Activities-Centa_San_Nicolo_Province_of_Trento_Trentino_Alto_Adige.html
Crevacuore attractions, Province of Biella, /Attractions-g12301163-Activities-Crevacuore_Province_of_Biella_Piedmont.html
Pocapaglia attractions, Province of Cuneo, /Attractions-g2012109-Activities-Pocapaglia_Province_of_Cuneo_Piedmont.html
Ciserano attractions, Province of Bergamo, /Attractions-g12071769-Activities-Ciserano_Province_of_Bergamo_Lombardy.html
Cigognola attractions, Province of Pavia, /Attractions-g2356168-Activities-Cigognola_Province_of_Pavia_Lombardy.html
Lippiano attractions, Province of Perugia, /Attractions-g1438692-Activities-Lippiano_Province_of_Perugia_Umbria.html
Pianico attractions, Province of Bergamo, /Attractions-g7041942-Activities-Pianico_Province_of_Bergamo_Lombardy.html
Collina attractions, Province of Udine, /Attractions-g4600902-Activities-Collina_Province_of_Udine_Friuli_Venezia_Giulia.html
Nocelleto attractions, Province of Caserta, /Attractions-g2520103-Activities-Nocelleto_Province_of_Caserta_Campania.html
Mordano attractions, Province of Bologna, /Attractions-g1078289-Activities-Mordano_Province_of_Bologna_Emilia_Romagna.html
Mongardino attractions, Province of Asti, /Attractions-g1913886-Activities-Mongardino_Province_of_Asti_Piedmont.html
Sirtori attractions, Province of Lecco, /Attractions-g2520101-Activities-Sirtori_Province_of_Lecco_Lombardy.html
Salerano Canavese attractions, Province of Turin, /Attractions-g4289615-Activities-Salerano_Canavese_Province_of_Turin_Piedmont.html
Borgolavezzaro attractions, Province of Novara, /Attractions-g3404837-Activities-Borgolavezzaro_Province_of_Novara_Piedmont.html
Borgo Tossignano attractions, Province of Bologna, /Attractions-g2520125-Activities-Borgo_Tossignano_Province_of_Bologna_Emilia_Romagna.html
Redavalle attractions, Province of Pavia, /Attractions-g3404818-Activities-Redavalle_Province_of_Pavia_Lombardy.html
Nevegal attractions, Province of Belluno, /Attractions-g4224125-Activities-Nevegal_Province_of_Belluno_Veneto.html
Rondanina attractions, Province of Genoa, /Attractions-g17757514-Activities-Rondanina_Province_of_Genoa_Liguria.html
Alagna attractions, Province of Pavia, /Attractions-g17757512-Activities-Alagna_Province_of_Pavia_Lombardy.html
Mirabello attractions, Province of Ferrara, /Attractions-g2356345-Activities-Mirabello_Province_of_Ferrara_Emilia_Romagna.html
Castelvetere sul Calore attractions, Province of Avellino, /Attractions-g4551710-Activities-Castelvetere_sul_Calore_Province_of_Avellino_Campania.html
Copiano attractions, Province of Pavia, /Attractions-g6403085-Activities-Copiano_Province_of_Pavia_Lombardy.html
Casalvecchio Siculo attractions, Province of Messina, /Attractions-g12072137-Activities-Casalvecchio_Siculo_Province_of_Messina_Sicily.html
Bascape attractions, Province of Pavia, /Attractions-g7271455-Activities-Bascape_Province_of_Pavia_Lombardy.html
Chiatona attractions, Province of Taranto, /Attractions-g4371516-Activities-Chiatona_Province_of_Taranto_Puglia.html
Marano Marchesato attractions, Province of Cosenza, /Attractions-g1930420-Activities-Marano_Marchesato_Province_of_Cosenza_Calabria.html
Fraforeano attractions, Province of Udine, /Attractions-g2356376-Activities-Fraforeano_Province_of_Udine_Friuli_Venezia_Giulia.html
Diano Borello attractions, Italian Riviera, /Attractions-g2372862-Activities-Diano_Borello_Italian_Riviera_Liguria.html
Seneghe attractions, Province of Oristano, /Attractions-g2618578-Activities-Seneghe_Province_of_Oristano_Sardinia.html
Nespolo attractions, Province of Rieti, /Attractions-g2372903-Activities-Nespolo_Province_of_Rieti_Lazio.html
Quarantoli attractions, Province of Modena, /Attractions-g2225463-Activities-Quarantoli_Province_of_Modena_Emilia_Romagna.html
Sergnano attractions, Province of Cremona, /Attractions-g2372864-Activities-Sergnano_Province_of_Cremona_Lombardy.html
San Polo dei Cavalieri attractions, Province of Rome, /Attractions-g2372877-Activities-San_Polo_dei_Cavalieri_Province_of_Rome_Lazio.html
Selva del Montello attractions, Province of Treviso, /Attractions-g2356546-Activities-Selva_del_Montello_Province_of_Treviso_Veneto.html
Balsorano Vecchio attractions, Province of L'Aquila, /Attractions-g2618699-Activities-Balsorano_Vecchio_Province_of_L_Aquila_Abruzzo.html
Ripalta Arpina attractions, Province of Cremona, /Attractions-g1602965-Activities-Ripalta_Arpina_Province_of_Cremona_Lombardy.html
Isola Santa attractions, Province of Lucca, /Attractions-g1537410-Activities-Isola_Santa_Province_of_Lucca_Tuscany.html
Camerata Nuova attractions, Province of Rome, /Attractions-g9565481-Activities-Camerata_Nuova_Province_of_Rome_Lazio.html
Ragoli attractions, Province of Trento, /Attractions-g4437399-Activities-Ragoli_Province_of_Trento_Trentino_Alto_Adige.html
Odalengo Grande attractions, Province of Alessandria, /Attractions-g2209336-Activities-Odalengo_Grande_Province_of_Alessandria_Piedmont.html
Valfloriana attractions, Province of Trento, /Attractions-g3487344-Activities-Valfloriana_Province_of_Trento_Trentino_Alto_Adige.html
Saltrio attractions, Province of Varese, /Attractions-g3487333-Activities-Saltrio_Province_of_Varese_Lombardy.html
