province_name, region_name, province_url
Grosso attractions, Province of Turin, /Attractions-g2369956-Activities-Grosso_Province_of_Turin_Piedmont.html
Calliano attractions, Province of Asti, /Attractions-g2369962-Activities-Calliano_Province_of_Asti_Piedmont.html
Fontevivo attractions, Province of Parma, /Attractions-g2222469-Activities-Fontevivo_Province_of_Parma_Emilia_Romagna.html
Ripabottoni attractions, Province of Campobasso, /Attractions-g2337163-Activities-Ripabottoni_Province_of_Campobasso_Molise.html
Carlopoli attractions, Province of Catanzaro, /Attractions-g7924179-Activities-Carlopoli_Province_of_Catanzaro_Calabria.html
Jerago con Orago attractions, Province of Varese, /Attractions-g2369935-Activities-Jerago_con_Orago_Province_of_Varese_Lombardy.html
Sizzano attractions, Province of Novara, /Attractions-g2369939-Activities-Sizzano_Province_of_Novara_Piedmont.html
Patrica attractions, Province of Frosinone, /Attractions-g2369950-Activities-Patrica_Province_of_Frosinone_Lazio.html
Sesto ed Uniti attractions, Province of Cremona, /Attractions-g15657264-Activities-Sesto_ed_Uniti_Province_of_Cremona_Lombardy.html
Roccasicura attractions, Province of Isernia, /Attractions-g3844665-Activities-Roccasicura_Province_of_Isernia_Molise.html
Costa di Mezzate attractions, Province of Bergamo, /Attractions-g3844671-Activities-Costa_di_Mezzate_Province_of_Bergamo_Lombardy.html
Gerano attractions, Province of Rome, /Attractions-g5040709-Activities-Gerano_Province_of_Rome_Lazio.html
Oltressenda Alta attractions, Province of Bergamo, /Attractions-g3844629-Activities-Oltressenda_Alta_Province_of_Bergamo_Lombardy.html
Rifreddo attractions, Province of Cuneo, /Attractions-g21359481-Activities-Rifreddo_Province_of_Cuneo_Piedmont.html
Ittireddu attractions, Province of Sassari, /Attractions-g2157086-Activities-Ittireddu_Province_of_Sassari_Sardinia.html
Fortezza attractions, Province of South Tyrol, /Attractions-g1419857-Activities-Fortezza_Province_of_South_Tyrol_Trentino_Alto_Adige.html
Magre sulla strada del vino attractions, Province of South Tyrol, /Attractions-g1419903-Activities-Magre_sulla_strada_del_vino_Province_of_South_Tyrol_Trentino_Alto_Adige.html
Cortaccia Sulla Strada Del Vino attractions, Province of South Tyrol, /Attractions-g1419886-Activities-Cortaccia_Sulla_Strada_Del_Vino_Province_of_South_Tyrol_Trentino_Alto_Adige.html
Perca attractions, Province of South Tyrol, /Attractions-g1419922-Activities-Perca_Province_of_South_Tyrol_Trentino_Alto_Adige.html
Ridnaun attractions, Province of South Tyrol, /Attractions-g1010307-Activities-Ridnaun_Province_of_South_Tyrol_Trentino_Alto_Adige.html
Colli Del Tronto attractions, Province of Ascoli Piceno, /Attractions-g780935-Activities-Colli_Del_Tronto_Province_of_Ascoli_Piceno_Marche.html
Ponte Gardena attractions, Val Gardena, /Attractions-g1419961-Activities-Ponte_Gardena_Val_Gardena_Province_of_South_Tyrol_Trentino_Alto_Adige.html
Equi Terme attractions, Province of Massa Carrara, /Attractions-g4762366-Activities-Equi_Terme_Province_of_Massa_Carrara_Tuscany.html
Macchia d'Isernia attractions, Province of Isernia, /Attractions-g4876937-Activities-Macchia_d_Isernia_Province_of_Isernia_Molise.html
Magisano attractions, Province of Catanzaro, /Attractions-g21277568-Activities-Magisano_Province_of_Catanzaro_Calabria.html
Castel Boglione attractions, Province of Asti, /Attractions-g7170743-Activities-Castel_Boglione_Province_of_Asti_Piedmont.html
Entratico attractions, Province of Bergamo, /Attractions-g2337596-Activities-Entratico_Province_of_Bergamo_Lombardy.html
Acquaviva Collecroce attractions, Province of Campobasso, /Attractions-g5598070-Activities-Acquaviva_Collecroce_Province_of_Campobasso_Molise.html
Calvenzano attractions, Province of Bergamo, /Attractions-g2337614-Activities-Calvenzano_Province_of_Bergamo_Lombardy.html
Bauladu attractions, Province of Oristano, /Attractions-g2337620-Activities-Bauladu_Province_of_Oristano_Sardinia.html
Escalaplano attractions, Sardinia, /Attractions-g14183235-Activities-Escalaplano_Sardinia.html
Castel Rigone attractions, Province of Perugia, /Attractions-g1092539-Activities-Castel_Rigone_Province_of_Perugia_Umbria.html
Capo Coda Cavallo attractions, Province of Olbia-Tempio, /Attractions-g1092547-Activities-Capo_Coda_Cavallo_Province_of_Olbia_Tempio_Sardinia.html
Fara Olivana Con Sola attractions, Province of Bergamo, /Attractions-g4877244-Activities-Fara_Olivana_Con_Sola_Province_of_Bergamo_Lombardy.html
Tordandrea attractions, Province of Perugia, /Attractions-g1092624-Activities-Tordandrea_Province_of_Perugia_Umbria.html
Rionero Sannitico attractions, Province of Isernia, /Attractions-g4877420-Activities-Rionero_Sannitico_Province_of_Isernia_Molise.html
Castellar attractions, Province of Cuneo, /Attractions-g2387047-Activities-Castellar_Province_of_Cuneo_Piedmont.html
Fogliano attractions, Province of Modena, /Attractions-g2370682-Activities-Fogliano_Province_of_Modena_Emilia_Romagna.html
Scaldasole attractions, Province of Pavia, /Attractions-g3697834-Activities-Scaldasole_Province_of_Pavia_Lombardy.html
Aquara attractions, Province of Salerno, /Attractions-g3697827-Activities-Aquara_Province_of_Salerno_Campania.html
Spinone Al Lago attractions, Province of Bergamo, /Attractions-g3697831-Activities-Spinone_Al_Lago_Province_of_Bergamo_Lombardy.html
Valdengo attractions, Province of Biella, /Attractions-g3484825-Activities-Valdengo_Province_of_Biella_Piedmont.html
Poncarale attractions, Province of Brescia, /Attractions-g2370771-Activities-Poncarale_Province_of_Brescia_Lombardy.html
Baradili attractions, Province of Oristano, /Attractions-g3697857-Activities-Baradili_Province_of_Oristano_Sardinia.html
Parona attractions, Province of Pavia, /Attractions-g2370851-Activities-Parona_Province_of_Pavia_Lombardy.html
Albiolo attractions, Province of Como, /Attractions-g12660179-Activities-Albiolo_Province_of_Como_Lombardy.html
Ubiale Clanezzo attractions, Province of Bergamo, /Attractions-g1060106-Activities-Ubiale_Clanezzo_Province_of_Bergamo_Lombardy.html
Gorga attractions, Province of Rome, /Attractions-g2370879-Activities-Gorga_Province_of_Rome_Lazio.html
Torrile attractions, Province of Parma, /Attractions-g2370828-Activities-Torrile_Province_of_Parma_Emilia_Romagna.html
Rodigo attractions, Province of Mantua, /Attractions-g1076563-Activities-Rodigo_Province_of_Mantua_Lombardy.html
