province_name, region_name, province_url
Gradella attractions, Province of Cremona, /Attractions-g3174729-Activities-Gradella_Province_of_Cremona_Lombardy.html
Roccasparvera attractions, Province of Cuneo, /Attractions-g2093464-Activities-Roccasparvera_Province_of_Cuneo_Piedmont.html
Force attractions, Province of Ascoli Piceno, /Attractions-g1520026-Activities-Force_Province_of_Ascoli_Piceno_Marche.html
Ussaramanna attractions, Province of Medio Campidano, /Attractions-g2568629-Activities-Ussaramanna_Province_of_Medio_Campidano_Sardinia.html
Montefano attractions, Province of Macerata, /Attractions-g1405313-Activities-Montefano_Province_of_Macerata_Marche.html
Angrogna attractions, Province of Turin, /Attractions-g2552196-Activities-Angrogna_Province_of_Turin_Piedmont.html
Angiari attractions, Province of Verona, /Attractions-g11694360-Activities-Angiari_Province_of_Verona_Veneto.html
Cascinette d'Ivrea attractions, Province of Turin, /Attractions-g3912077-Activities-Cascinette_d_Ivrea_Province_of_Turin_Piedmont.html
Cossogno attractions, Province of Verbano-Cusio-Ossola, /Attractions-g4174208-Activities-Cossogno_Province_of_Verbano_Cusio_Ossola_Piedmont.html
Falerone attractions, Province of Fermo, /Attractions-g1405389-Activities-Falerone_Province_of_Fermo_Marche.html
Soiano Del Lago attractions, Province of Brescia, /Attractions-g1028603-Activities-Soiano_Del_Lago_Province_of_Brescia_Lombardy.html
Coreno Ausonio attractions, Province of Frosinone, /Attractions-g5288360-Activities-Coreno_Ausonio_Province_of_Frosinone_Lazio.html
Ripe attractions, Province of Ancona, /Attractions-g1405417-Activities-Ripe_Province_of_Ancona_Marche.html
Roccapietra attractions, Province of Vercelli, /Attractions-g1651231-Activities-Roccapietra_Province_of_Vercelli_Piedmont.html
San Savino attractions, Province of Perugia, /Attractions-g2339375-Activities-San_Savino_Province_of_Perugia_Umbria.html
Ornica attractions, Province of Bergamo, /Attractions-g1929744-Activities-Ornica_Province_of_Bergamo_Lombardy.html
Gassino Torinese attractions, Province of Turin, /Attractions-g1929772-Activities-Gassino_Torinese_Province_of_Turin_Piedmont.html
Pievescola attractions, Province of Siena, /Attractions-g668211-Activities-Pievescola_Tuscany.html
Crosio della Valle attractions, Province of Varese, /Attractions-g10367653-Activities-Crosio_della_Valle_Province_of_Varese_Lombardy.html
Tergu attractions, Province of Sassari, /Attractions-g1946144-Activities-Tergu_Province_of_Sassari_Sardinia.html
Campiglia dei Berici attractions, Province of Vicenza, /Attractions-g19346273-Activities-Campiglia_dei_Berici_Province_of_Vicenza_Veneto.html
Bagni di San Filippo attractions, Province of Siena, /Attractions-g668228-Activities-Bagni_di_San_Filippo_Tuscany.html
Solesino attractions, Province of Padua, /Attractions-g2208376-Activities-Solesino_Province_of_Padua_Veneto.html
Piantedo attractions, Province of Sondrio, /Attractions-g2290297-Activities-Piantedo_Province_of_Sondrio_Lombardy.html
Nonio attractions, Province of Verbano-Cusio-Ossola, /Attractions-g5567037-Activities-Nonio_Province_of_Verbano_Cusio_Ossola_Piedmont.html
Onara attractions, Province of Padua, /Attractions-g3617371-Activities-Onara_Province_of_Padua_Veneto.html
Marina di Nocera Terinese attractions, Province of Catanzaro, /Attractions-g668282-Activities-Marina_di_Nocera_Terinese_Province_of_Catanzaro_Calabria.html
Nicola attractions, Province of La Spezia, /Attractions-g668286-Activities-Nicola_Province_of_La_Spezia_Liguria.html
Palazzolo Vercellese attractions, Province of Vercelli, /Attractions-g1929864-Activities-Palazzolo_Vercellese_Province_of_Vercelli_Piedmont.html
San Martino di Finita attractions, Province of Cosenza, /Attractions-g7074549-Activities-San_Martino_di_Finita_Province_of_Cosenza_Calabria.html
Orentano attractions, Province of Pisa, /Attractions-g1913557-Activities-Orentano_Province_of_Pisa_Tuscany.html
Stroppiana attractions, Province of Vercelli, /Attractions-g13201920-Activities-Stroppiana_Province_of_Vercelli_Piedmont.html
Agnadello attractions, Province of Cremona, /Attractions-g1913558-Activities-Agnadello_Province_of_Cremona_Lombardy.html
Montenero Sabino attractions, Province of Rieti, /Attractions-g3240673-Activities-Montenero_Sabino_Province_of_Rieti_Lazio.html
Ortacesus attractions, Province of Cagliari, /Attractions-g1651440-Activities-Ortacesus_Province_of_Cagliari_Sardinia.html
Ludriano attractions, Province of Brescia, /Attractions-g3240667-Activities-Ludriano_Province_of_Brescia_Lombardy.html
Terme Vigliatore attractions, Province of Messina, /Attractions-g652027-Activities-Terme_Vigliatore_Province_of_Messina_Sicily.html
Appignano attractions, Castiglione Messer Raimondo, /Attractions-g13201981-Activities-Appignano_Castiglione_Messer_Raimondo_Province_of_Teramo_Abruzzo.html
Varena attractions, Province of Trento, /Attractions-g1749729-Activities-Varena_Province_of_Trento_Trentino_Alto_Adige.html
Trecase attractions, Province of Naples, /Attractions-g1078038-Activities-Trecase_Province_of_Naples_Campania.html
Campagnatico attractions, Province of Grosseto, /Attractions-g652033-Activities-Campagnatico_Province_of_Grosseto_Tuscany.html
Senna Lodigiana attractions, Province of Lodi, /Attractions-g6845281-Activities-Senna_Lodigiana_Province_of_Lodi_Lombardy.html
Campo Calabro attractions, Province of Reggio Calabria, /Attractions-g1930039-Activities-Campo_Calabro_Province_of_Reggio_Calabria_Calabria.html
San Benedetto Belbo attractions, Province of Cuneo, /Attractions-g3830550-Activities-San_Benedetto_Belbo_Province_of_Cuneo_Piedmont.html
Frazzano attractions, Province of Messina, /Attractions-g7648068-Activities-Frazzano_Province_of_Messina_Sicily.html
Bruno attractions, Province of Asti, /Attractions-g3420933-Activities-Bruno_Province_of_Asti_Piedmont.html
Cantalupo In Sabina attractions, Province of Rieti, /Attractions-g3732330-Activities-Cantalupo_In_Sabina_Province_of_Rieti_Lazio.html
Pezzolo Valle Uzzone attractions, Province of Cuneo, /Attractions-g2356085-Activities-Pezzolo_Valle_Uzzone_Province_of_Cuneo_Piedmont.html
Sant'Andrea Frius attractions, Province of Cagliari, /Attractions-g5321520-Activities-Sant_Andrea_Frius_Province_of_Cagliari_Sardinia.html
Nasino attractions, Province of Savona, /Attractions-g2290496-Activities-Nasino_Province_of_Savona_Liguria.html
