province_name, region_name, province_url
Favale di Malvaro attractions, Province of Genoa, /Attractions-g4760488-Activities-Favale_di_Malvaro_Province_of_Genoa_Liguria.html
Orco Feglino attractions, Province of Savona, /Attractions-g1598463-Activities-Orco_Feglino_Province_of_Savona_Liguria.html
Valle San Nicolao attractions, Province of Biella, /Attractions-g19948248-Activities-Valle_San_Nicolao_Province_of_Biella_Piedmont.html
Motta de' Conti attractions, Province of Vercelli, /Attractions-g3974099-Activities-Motta_de_Conti_Province_of_Vercelli_Piedmont.html
Valda attractions, Province of Trento, /Attractions-g16737032-Activities-Valda_Province_of_Trento_Trentino_Alto_Adige.html
Mercenasco attractions, Province of Turin, /Attractions-g3662792-Activities-Mercenasco_Province_of_Turin_Piedmont.html
Venarolo attractions, Province of Biella, /Attractions-g19800785-Activities-Venarolo_Province_of_Biella_Piedmont.html
Pieve Albignola attractions, Province of Pavia, /Attractions-g12149933-Activities-Pieve_Albignola_Province_of_Pavia_Lombardy.html
Ponte Alto attractions, Province of Rieti, /Attractions-g15115468-Activities-Ponte_Alto_Province_of_Rieti_Lazio.html
Pellare attractions, Moio della Civitella, /Attractions-g12149999-Activities-Pellare_Moio_della_Civitella_Province_of_Salerno_Campania.html
Guardia Lombardi attractions, Province of Avellino, /Attractions-g7234617-Activities-Guardia_Lombardi_Province_of_Avellino_Campania.html
Colognora attractions, Province of Lucca, /Attractions-g2483267-Activities-Colognora_Province_of_Lucca_Tuscany.html
Codiponte attractions, Province of Massa Carrara, /Attractions-g2483266-Activities-Codiponte_Province_of_Massa_Carrara_Tuscany.html
Limite Sull'Arno attractions, Province of Florence, /Attractions-g1074299-Activities-Limite_Sull_Arno_Tuscany.html
Ligosullo attractions, Province of Udine, /Attractions-g12919989-Activities-Ligosullo_Province_of_Udine_Friuli_Venezia_Giulia.html
Treville attractions, Province of Alessandria, /Attractions-g4891701-Activities-Treville_Province_of_Alessandria_Piedmont.html
Castelbaldo attractions, Province of Padua, /Attractions-g6677727-Activities-Castelbaldo_Province_of_Padua_Veneto.html
Montorio nei Frentani attractions, Province of Campobasso, /Attractions-g7038125-Activities-Montorio_nei_Frentani_Province_of_Campobasso_Molise.html
Mele attractions, Province of Genoa, /Attractions-g2139374-Activities-Mele_Province_of_Genoa_Liguria.html
Moasca attractions, Province of Asti, /Attractions-g1893578-Activities-Moasca_Province_of_Asti_Piedmont.html
Caprona attractions, Province of Pisa, /Attractions-g2368754-Activities-Caprona_Province_of_Pisa_Tuscany.html
Feisoglio attractions, Province of Cuneo, /Attractions-g2335944-Activities-Feisoglio_Province_of_Cuneo_Piedmont.html
Caino attractions, Province of Brescia, /Attractions-g3646662-Activities-Caino_Province_of_Brescia_Lombardy.html
Corzano attractions, Province of Brescia, /Attractions-g3646661-Activities-Corzano_Province_of_Brescia_Lombardy.html
Trana attractions, Province of Turin, /Attractions-g1926369-Activities-Trana_Province_of_Turin_Piedmont.html
Ronco Biellese attractions, Province of Biella, /Attractions-g19801131-Activities-Ronco_Biellese_Province_of_Biella_Piedmont.html
San Martino attractions, Province of Treviso, /Attractions-g13559238-Activities-San_Martino_Province_of_Treviso_Veneto.html
Cantoniera della Presolana attractions, Province of Bergamo, /Attractions-g7759230-Activities-Cantoniera_della_Presolana_Province_of_Bergamo_Lombardy.html
Torre de Negri attractions, Province of Pavia, /Attractions-g13559250-Activities-Torre_de_Negri_Province_of_Pavia_Lombardy.html
Segheria attractions, Province of South Tyrol, /Attractions-g21210218-Activities-Segheria_Province_of_South_Tyrol_Trentino_Alto_Adige.html
San Vincenzo La Costa attractions, Province of Cosenza, /Attractions-g4580724-Activities-San_Vincenzo_La_Costa_Province_of_Cosenza_Calabria.html
Adrara San Rocco attractions, Province of Bergamo, /Attractions-g7038288-Activities-Adrara_San_Rocco_Province_of_Bergamo_Lombardy.html
Mortesina attractions, Province of Bergamo, /Attractions-g21210125-Activities-Mortesina_Province_of_Bergamo_Lombardy.html
Bagnolo del Salento attractions, Province of Lecce, /Attractions-g1385804-Activities-Bagnolo_del_Salento_Province_of_Lecce_Puglia.html
Torre di Fine attractions, Province of Venice, /Attractions-g2418006-Activities-Torre_di_Fine_Veneto.html
Sesto Ulteriano attractions, Province of Milan, /Attractions-g2418007-Activities-Sesto_Ulteriano_Province_of_Milan_Lombardy.html
Borgo Hermada attractions, Province of Latina, /Attractions-g2418000-Activities-Borgo_Hermada_Province_of_Latina_Lazio.html
Castelpagano attractions, Province of Benevento, /Attractions-g7038224-Activities-Castelpagano_Province_of_Benevento_Campania.html
Candela attractions, Province of Foggia, /Attractions-g1238377-Activities-Candela_Province_of_Foggia_Puglia.html
Monastero di Lanzo attractions, Province of Turin, /Attractions-g2418010-Activities-Monastero_di_Lanzo_Province_of_Turin_Piedmont.html
Londa attractions, Province of Florence, /Attractions-g1238426-Activities-Londa_Tuscany.html
Camignone di Passirano attractions, Province of Brescia, /Attractions-g1402245-Activities-Camignone_di_Passirano_Province_of_Brescia_Lombardy.html
Peglio attractions, Province of Como, /Attractions-g6612466-Activities-Peglio_Province_of_Como_Lombardy.html
Consuma attractions, Province of Florence, /Attractions-g3483028-Activities-Consuma_Tuscany.html
Rondissone attractions, Province of Turin, /Attractions-g1058232-Activities-Rondissone_Province_of_Turin_Piedmont.html
La Valle Agordina attractions, Province of Belluno, /Attractions-g7808452-Activities-La_Valle_Agordina_Province_of_Belluno_Veneto.html
Tribogna attractions, Province of Genoa, /Attractions-g2712983-Activities-Tribogna_Province_of_Genoa_Liguria.html
Giusvalla attractions, Province of Savona, /Attractions-g3532275-Activities-Giusvalla_Province_of_Savona_Liguria.html
Pianengo attractions, Province of Cremona, /Attractions-g3679722-Activities-Pianengo_Province_of_Cremona_Lombardy.html
Priero attractions, Province of Cuneo, /Attractions-g3679725-Activities-Priero_Province_of_Cuneo_Piedmont.html
