province_name, region_name, province_url
Castiglione Tinella attractions, Province of Cuneo, /Attractions-g1076567-Activities-Castiglione_Tinella_Province_of_Cuneo_Piedmont.html
Varano de' Melegari attractions, Province of Parma, /Attractions-g1060164-Activities-Varano_de_Melegari_Province_of_Parma_Emilia_Romagna.html
Vermezzo attractions, Province of Milan, /Attractions-g1060171-Activities-Vermezzo_Province_of_Milan_Lombardy.html
Galluccio attractions, Province of Caserta, /Attractions-g2370939-Activities-Galluccio_Province_of_Caserta_Campania.html
San Roberto attractions, Province of Reggio Calabria, /Attractions-g2370882-Activities-San_Roberto_Province_of_Reggio_Calabria_Calabria.html
Urbe attractions, Province of Savona, /Attractions-g2321849-Activities-Urbe_Province_of_Savona_Liguria.html
Santo Stefano Roero attractions, Province of Cuneo, /Attractions-g2321822-Activities-Santo_Stefano_Roero_Province_of_Cuneo_Piedmont.html
Villamassargia attractions, Province of Carbonia-Iglesias, /Attractions-g1486292-Activities-Villamassargia_Province_of_Carbonia_Iglesias_Sardinia.html
Tassarolo attractions, Province of Alessandria, /Attractions-g5827994-Activities-Tassarolo_Province_of_Alessandria_Piedmont.html
Arcene attractions, Province of Bergamo, /Attractions-g3649003-Activities-Arcene_Province_of_Bergamo_Lombardy.html
Sambuci attractions, Province of Rome, /Attractions-g3649002-Activities-Sambuci_Province_of_Rome_Lazio.html
Gerolanuova attractions, Province of Brescia, /Attractions-g19115207-Activities-Gerolanuova_Province_of_Brescia_Lombardy.html
Corvaro attractions, Province of Rieti, /Attractions-g1568281-Activities-Corvaro_Province_of_Rieti_Lazio.html
Kuens attractions, Province of South Tyrol, /Attractions-g667161-Activities-Kuens_Province_of_South_Tyrol_Trentino_Alto_Adige.html
Pareto attractions, Province of Alessandria, /Attractions-g1568269-Activities-Pareto_Province_of_Alessandria_Piedmont.html
Roio del Sangro attractions, Province of Chieti, /Attractions-g3206773-Activities-Roio_del_Sangro_Province_of_Chieti_Abruzzo.html
Mulazzano attractions, Province of Lodi, /Attractions-g3206775-Activities-Mulazzano_Province_of_Lodi_Lombardy.html
Resiutta attractions, Province of Udine, /Attractions-g2305647-Activities-Resiutta_Province_of_Udine_Friuli_Venezia_Giulia.html
Collalto Sabino attractions, Province of Rieti, /Attractions-g2305649-Activities-Collalto_Sabino_Province_of_Rieti_Lazio.html
Venarotta attractions, Province of Ascoli Piceno, /Attractions-g3206750-Activities-Venarotta_Province_of_Ascoli_Piceno_Marche.html
Sangineto attractions, Province of Cosenza, /Attractions-g1453728-Activities-Sangineto_Province_of_Cosenza_Calabria.html
Polinago attractions, Province of Modena, /Attractions-g3665660-Activities-Polinago_Province_of_Modena_Emilia_Romagna.html
Santa Maria la Carita attractions, Province of Naples, /Attractions-g3665659-Activities-Santa_Maria_la_Carita_Province_of_Naples_Campania.html
Lula attractions, Province of Nuoro, /Attractions-g15035961-Activities-Lula_Province_of_Nuoro_Sardinia.html
Mignano Monte Lungo attractions, Province of Caserta, /Attractions-g5041826-Activities-Mignano_Monte_Lungo_Province_of_Caserta_Campania.html
Sant'Eusanio Forconese attractions, Province of L'Aquila, /Attractions-g2338605-Activities-Sant_Eusanio_Forconese_Province_of_L_Aquila_Abruzzo.html
Griante attractions, Lake Como, /Attractions-g1076994-Activities-Griante_Lake_Como_Lombardy.html
Pietole attractions, Province of Mantua, /Attractions-g2338591-Activities-Pietole_Province_of_Mantua_Lombardy.html
Osasco attractions, Province of Turin, /Attractions-g3665672-Activities-Osasco_Province_of_Turin_Piedmont.html
Castorano attractions, Province of Ascoli Piceno, /Attractions-g1568578-Activities-Castorano_Province_of_Ascoli_Piceno_Marche.html
Soveria Simeri attractions, Province of Catanzaro, /Attractions-g1535861-Activities-Soveria_Simeri_Province_of_Catanzaro_Calabria.html
Villa Verucchio attractions, Province of Rimini, /Attractions-g1535869-Activities-Villa_Verucchio_Province_of_Rimini_Emilia_Romagna.html
Cervasca attractions, Province of Cuneo, /Attractions-g1568670-Activities-Cervasca_Province_of_Cuneo_Piedmont.html
Castrignano de' Greci attractions, Province of Lecce, /Attractions-g1126277-Activities-Castrignano_de_Greci_Province_of_Lecce_Puglia.html
Altissimo attractions, Province of Vicenza, /Attractions-g6959032-Activities-Altissimo_Province_of_Vicenza_Veneto.html
Besano attractions, Province of Varese, /Attractions-g3780563-Activities-Besano_Province_of_Varese_Lombardy.html
Marrubiu attractions, Province of Oristano, /Attractions-g1486821-Activities-Marrubiu_Province_of_Oristano_Sardinia.html
Drena attractions, Province of Trento, /Attractions-g3174416-Activities-Drena_Province_of_Trento_Trentino_Alto_Adige.html
Traona attractions, Province of Sondrio, /Attractions-g3469334-Activities-Traona_Province_of_Sondrio_Lombardy.html
Tufillo attractions, Province of Chieti, /Attractions-g13152484-Activities-Tufillo_Province_of_Chieti_Abruzzo.html
Postalesio attractions, Province of Sondrio, /Attractions-g13119738-Activities-Postalesio_Province_of_Sondrio_Lombardy.html
Mornico al Serio attractions, Province of Bergamo, /Attractions-g10367184-Activities-Mornico_al_Serio_Province_of_Bergamo_Lombardy.html
Salizzole attractions, Province of Verona, /Attractions-g3174497-Activities-Salizzole_Province_of_Verona_Veneto.html
Quaranti attractions, Province of Asti, /Attractions-g3174500-Activities-Quaranti_Province_of_Asti_Piedmont.html
Orsara Bormida attractions, Province of Alessandria, /Attractions-g6484025-Activities-Orsara_Bormida_Province_of_Alessandria_Piedmont.html
Toro attractions, Province of Campobasso, /Attractions-g10367206-Activities-Toro_Province_of_Campobasso_Molise.html
Bastia Mondovi attractions, Province of Cuneo, /Attractions-g2715808-Activities-Bastia_Mondovi_Province_of_Cuneo_Piedmont.html
Verolengo attractions, Province of Turin, /Attractions-g3403960-Activities-Verolengo_Province_of_Turin_Piedmont.html
Cremolino attractions, Province of Alessandria, /Attractions-g1552520-Activities-Cremolino_Province_of_Alessandria_Piedmont.html
Binago attractions, Province of Como, /Attractions-g2551955-Activities-Binago_Province_of_Como_Lombardy.html
