province_name, region_name, province_url
Castelletto Uzzone attractions, Province of Cuneo, /Attractions-g3146000-Activities-Castelletto_Uzzone_Province_of_Cuneo_Piedmont.html
Frascaro attractions, Province of Alessandria, /Attractions-g2277641-Activities-Frascaro_Province_of_Alessandria_Piedmont.html
Levata di Grontardo attractions, Province of Cremona, /Attractions-g2294046-Activities-Levata_di_Grontardo_Province_of_Cremona_Lombardy.html
Gavazzana attractions, Province of Alessandria, /Attractions-g2359644-Activities-Gavazzana_Province_of_Alessandria_Piedmont.html
Salvirola attractions, Province of Cremona, /Attractions-g7242001-Activities-Salvirola_Province_of_Cremona_Lombardy.html
Castelsilano attractions, Province of Crotone, /Attractions-g2621883-Activities-Castelsilano_Province_of_Crotone_Calabria.html
San Lorenzo attractions, Sant'Egidio del Monte Albino, /Attractions-g12878168-Activities-San_Lorenzo_Sant_Egidio_del_Monte_Albino_Province_of_Salerno_Campania.html
Laudes attractions, Province of South Tyrol, /Attractions-g8405279-Activities-Laudes_Province_of_South_Tyrol_Trentino_Alto_Adige.html
Cappella Cantone attractions, Province of Cremona, /Attractions-g15843666-Activities-Cappella_Cantone_Province_of_Cremona_Lombardy.html
Basiano attractions, Province of Milan, /Attractions-g8798511-Activities-Basiano_Province_of_Milan_Lombardy.html
Gagliato attractions, Province of Catanzaro, /Attractions-g8454450-Activities-Gagliato_Province_of_Catanzaro_Calabria.html
Ponte della Priula attractions, Province of Treviso, /Attractions-g8864049-Activities-Ponte_della_Priula_Province_of_Treviso_Veneto.html
Calvene attractions, Province of Vicenza, /Attractions-g3457531-Activities-Calvene_Province_of_Vicenza_Veneto.html
Pieve A Maiano attractions, Province of Arezzo, /Attractions-g12878108-Activities-Pieve_A_Maiano_Province_of_Arezzo_Tuscany.html
Venticano attractions, Province of Avellino, /Attractions-g1933799-Activities-Venticano_Province_of_Avellino_Campania.html
Prade attractions, Province of Trento, /Attractions-g2277936-Activities-Prade_Province_of_Trento_Trentino_Alto_Adige.html
Terranova Sappo Minulio attractions, Province of Reggio Calabria, /Attractions-g17531668-Activities-Terranova_Sappo_Minulio_Province_of_Reggio_Calabria_Calabria.html
Chia attractions, Province of Viterbo, /Attractions-g2359910-Activities-Chia_Province_of_Viterbo_Lazio.html
Stradella attractions, Province of Mantua, /Attractions-g2589297-Activities-Stradella_Province_of_Mantua_Lombardy.html
Parola attractions, Province of Parma, /Attractions-g2359872-Activities-Parola_Province_of_Parma_Emilia_Romagna.html
Favelloni attractions, Province of Vibo Valentia, /Attractions-g21349175-Activities-Favelloni_Province_of_Vibo_Valentia_Calabria.html
Marano attractions, Province of Bologna, /Attractions-g20235193-Activities-Marano_Province_of_Bologna_Emilia_Romagna.html
Grottola attractions, Province of Caserta, /Attractions-g19186603-Activities-Grottola_Province_of_Caserta_Campania.html
Luminasio attractions, Province of Bologna, /Attractions-g20235195-Activities-Luminasio_Province_of_Bologna_Emilia_Romagna.html
Naggio attractions, Lake Como, /Attractions-g2163378-Activities-Naggio_Lake_Como_Lombardy.html
Molteno attractions, Province of Lecco, /Attractions-g3588773-Activities-Molteno_Province_of_Lecco_Lombardy.html
Maticolo attractions, Province of Monza and Brianza, /Attractions-g21038037-Activities-Maticolo_Province_of_Monza_and_Brianza_Lombardy.html
Tarantasca attractions, Province of Cuneo, /Attractions-g950939-Activities-Tarantasca_Province_of_Cuneo_Piedmont.html
Reggetto attractions, Province of Bergamo, /Attractions-g19989384-Activities-Reggetto_Province_of_Bergamo_Lombardy.html
Giudecca attractions, City of Venice, /Attractions-g11928077-Activities-Giudecca_Veneto.html
Domanins attractions, Province of Pordenone, /Attractions-g8651350-Activities-Domanins_Province_of_Pordenone_Friuli_Venezia_Giulia.html
Fossato Serralta attractions, Province of Catanzaro, /Attractions-g22840228-Activities-Fossato_Serralta_Province_of_Catanzaro_Calabria.html
Fabbrica Durini attractions, Province of Como, /Attractions-g21038011-Activities-Fabbrica_Durini_Province_of_Como_Lombardy.html
Tula attractions, Province of Sassari, /Attractions-g4604602-Activities-Tula_Province_of_Sassari_Sardinia.html
Fiesco attractions, Province of Cremona, /Attractions-g15745548-Activities-Fiesco_Province_of_Cremona_Lombardy.html
Terres attractions, Province of Trento, /Attractions-g11961268-Activities-Terres_Province_of_Trento_Trentino_Alto_Adige.html
Montecastello attractions, Province of Alessandria, /Attractions-g19120672-Activities-Montecastello_Province_of_Alessandria_Piedmont.html
Sueglio attractions, Province of Lecco, /Attractions-g3490605-Activities-Sueglio_Province_of_Lecco_Lombardy.html
Santa Maria Hoe attractions, Province of Lecco, /Attractions-g2278146-Activities-Santa_Maria_Hoe_Province_of_Lecco_Lombardy.html
Belsito attractions, Province of Cosenza, /Attractions-g19120658-Activities-Belsito_Province_of_Cosenza_Calabria.html
Bioglio attractions, Province of Biella, /Attractions-g2278160-Activities-Bioglio_Province_of_Biella_Piedmont.html
Sommo attractions, Province of Pavia, /Attractions-g1934117-Activities-Sommo_Province_of_Pavia_Lombardy.html
Santa Maria dei Sabbioni attractions, Province of Cremona, /Attractions-g19120666-Activities-Santa_Maria_dei_Sabbioni_Province_of_Cremona_Lombardy.html
Aidomaggiore attractions, Province of Oristano, /Attractions-g21316101-Activities-Aidomaggiore_Province_of_Oristano_Sardinia.html
Torchiati attractions, Province of Avellino, /Attractions-g11928571-Activities-Torchiati_Province_of_Avellino_Campania.html
Reitano attractions, Province of Messina, /Attractions-g1934150-Activities-Reitano_Province_of_Messina_Sicily.html
Vasia attractions, Province of Imperia, /Attractions-g1934146-Activities-Vasia_Province_of_Imperia_Liguria.html
Montaguto attractions, Province of Avellino, /Attractions-g19481153-Activities-Montaguto_Province_of_Avellino_Campania.html
Cornovecchio attractions, Province of Lodi, /Attractions-g2294606-Activities-Cornovecchio_Province_of_Lodi_Lombardy.html
Zerfaliu attractions, Province of Oristano, /Attractions-g7062291-Activities-Zerfaliu_Province_of_Oristano_Sardinia.html
