province_name, region_name, province_url
Villa d'Alme attractions, Province of Bergamo, /Attractions-g1509126-Activities-Villa_d_Alme_Province_of_Bergamo_Lombardy.html
Alfiano Natta attractions, Province of Alessandria, /Attractions-g1050410-Activities-Alfiano_Natta_Province_of_Alessandria_Piedmont.html
None attractions, Province of Turin, /Attractions-g1574691-Activities-None_Province_of_Turin_Piedmont.html
Armeno attractions, Province of Novara, /Attractions-g1050458-Activities-Armeno_Province_of_Novara_Piedmont.html
Castegnato attractions, Province of Brescia, /Attractions-g1967944-Activities-Castegnato_Province_of_Brescia_Lombardy.html
Montesano sulla Marcellana attractions, Province of Salerno, /Attractions-g3458926-Activities-Montesano_sulla_Marcellana_Province_of_Salerno_Campania.html
Cerano attractions, Province of Novara, /Attractions-g2082674-Activities-Cerano_Province_of_Novara_Piedmont.html
Terzo d'Aquileia attractions, Province of Udine, /Attractions-g2000799-Activities-Terzo_d_Aquileia_Province_of_Udine_Friuli_Venezia_Giulia.html
Zovencedo attractions, Province of Vicenza, /Attractions-g1918910-Activities-Zovencedo_Province_of_Vicenza_Veneto.html
Coggiola attractions, Province of Biella, /Attractions-g2050002-Activities-Coggiola_Province_of_Biella_Piedmont.html
Tovo San Giacomo attractions, Province of Savona, /Attractions-g1050572-Activities-Tovo_San_Giacomo_Province_of_Savona_Liguria.html
Valperga attractions, Province of Turin, /Attractions-g2312143-Activities-Valperga_Province_of_Turin_Piedmont.html
Colognola ai Colli attractions, Province of Verona, /Attractions-g2164792-Activities-Colognola_ai_Colli_Province_of_Verona_Veneto.html
Ossona attractions, Province of Milan, /Attractions-g1574950-Activities-Ossona_Province_of_Milan_Lombardy.html
Stanghella attractions, Province of Padua, /Attractions-g1574992-Activities-Stanghella_Province_of_Padua_Veneto.html
Pove del Grappa attractions, Province of Vicenza, /Attractions-g1574993-Activities-Pove_del_Grappa_Province_of_Vicenza_Veneto.html
Curti attractions, Province of Caserta, /Attractions-g3672141-Activities-Curti_Province_of_Caserta_Campania.html
Siculiana Marina attractions, Province of Agrigento, /Attractions-g1575068-Activities-Siculiana_Marina_Province_of_Agrigento_Sicily.html
Valdaone attractions, Province of Trento, /Attractions-g1591437-Activities-Valdaone_Province_of_Trento_Trentino_Alto_Adige.html
Altavilla Silentina attractions, Province of Salerno, /Attractions-g1575055-Activities-Altavilla_Silentina_Province_of_Salerno_Campania.html
Roccavaldina attractions, Province of Messina, /Attractions-g8734773-Activities-Roccavaldina_Province_of_Messina_Sicily.html
Masciago Primo attractions, Province of Varese, /Attractions-g8341691-Activities-Masciago_Primo_Province_of_Varese_Lombardy.html
Caglio attractions, Province of Como, /Attractions-g3819781-Activities-Caglio_Province_of_Como_Lombardy.html
Seren del Grappa attractions, Province of Belluno, /Attractions-g2443622-Activities-Seren_del_Grappa_Province_of_Belluno_Veneto.html
Bominaco attractions, Province of L'Aquila, /Attractions-g2443633-Activities-Bominaco_Province_of_L_Aquila_Abruzzo.html
Secinaro attractions, Province of L'Aquila, /Attractions-g7112984-Activities-Secinaro_Province_of_L_Aquila_Abruzzo.html
Casto attractions, Province of Brescia, /Attractions-g2623912-Activities-Casto_Province_of_Brescia_Lombardy.html
Furci attractions, Province of Chieti, /Attractions-g4573635-Activities-Furci_Province_of_Chieti_Abruzzo.html
San Francesco al Campo attractions, Province of Turin, /Attractions-g657831-Activities-San_Francesco_al_Campo_Province_of_Turin_Piedmont.html
Graffignano attractions, Province of Viterbo, /Attractions-g2623939-Activities-Graffignano_Province_of_Viterbo_Lazio.html
Camerata Picena attractions, Province of Ancona, /Attractions-g5114288-Activities-Camerata_Picena_Province_of_Ancona_Marche.html
Teor attractions, Province of Udine, /Attractions-g2624058-Activities-Teor_Province_of_Udine_Friuli_Venezia_Giulia.html
Cavallirio attractions, Province of Novara, /Attractions-g7096946-Activities-Cavallirio_Province_of_Novara_Piedmont.html
Barzano attractions, Province of Lecco, /Attractions-g1051190-Activities-Barzano_Province_of_Lecco_Lombardy.html
Scandolara Ravara attractions, Province of Cremona, /Attractions-g8686263-Activities-Scandolara_Ravara_Province_of_Cremona_Lombardy.html
Portico e San Benedetto attractions, Province of Forli-Cesena, /Attractions-g1051183-Activities-Portico_e_San_Benedetto_Province_of_Forli_Cesena_Emilia_Romagna.html
Perosa Argentina attractions, Province of Turin, /Attractions-g1526340-Activities-Perosa_Argentina_Province_of_Turin_Piedmont.html
Lunamatrona attractions, Province of Medio Campidano, /Attractions-g608914-Activities-Lunamatrona_Province_of_Medio_Campidano_Sardinia.html
Rocca Massima attractions, Province of Latina, /Attractions-g2067133-Activities-Rocca_Massima_Province_of_Latina_Lazio.html
Pallare attractions, Province of Savona, /Attractions-g3738243-Activities-Pallare_Province_of_Savona_Liguria.html
Poffabro attractions, Province of Pordenone, /Attractions-g1936035-Activities-Poffabro_Province_of_Pordenone_Friuli_Venezia_Giulia.html
Cerreto d'Esi attractions, Province of Ancona, /Attractions-g1493784-Activities-Cerreto_d_Esi_Province_of_Ancona_Marche.html
Tronzano Vercellese attractions, Province of Vercelli, /Attractions-g12225530-Activities-Tronzano_Vercellese_Province_of_Vercelli_Piedmont.html
Baucina attractions, Province of Palermo, /Attractions-g6966045-Activities-Baucina_Province_of_Palermo_Sicily.html
Isola Dovarese attractions, Province of Cremona, /Attractions-g1985440-Activities-Isola_Dovarese_Province_of_Cremona_Lombardy.html
Castellana Sicula attractions, Province of Palermo, /Attractions-g1477597-Activities-Castellana_Sicula_Province_of_Palermo_Sicily.html
Volturara Appula attractions, Province of Foggia, /Attractions-g11946823-Activities-Volturara_Appula_Province_of_Foggia_Puglia.html
Grumo Nevano attractions, Province of Naples, /Attractions-g7146607-Activities-Grumo_Nevano_Province_of_Naples_Campania.html
Cazzago Brabbia attractions, Province of Varese, /Attractions-g8358955-Activities-Cazzago_Brabbia_Province_of_Varese_Lombardy.html
Casaletto Spartano attractions, Province of Salerno, /Attractions-g3198133-Activities-Casaletto_Spartano_Province_of_Salerno_Campania.html
