province_name, region_name, province_url
Valgrana attractions, Province of Cuneo, /Attractions-g3247582-Activities-Valgrana_Province_of_Cuneo_Piedmont.html
Triuggio attractions, Province of Monza and Brianza, /Attractions-g2002405-Activities-Triuggio_Province_of_Monza_and_Brianza_Lombardy.html
Bibione Pineda attractions, Province of Venice, /Attractions-g1183248-Activities-Bibione_Pineda_Veneto.html
Ceprano attractions, Province of Frosinone, /Attractions-g675372-Activities-Ceprano_Province_of_Frosinone_Lazio.html
Poggio Catino attractions, Province of Rieti, /Attractions-g1969717-Activities-Poggio_Catino_Province_of_Rieti_Lazio.html
Stupinigi attractions, Province of Turin, /Attractions-g4361966-Activities-Stupinigi_Province_of_Turin_Piedmont.html
Tora e Piccilli attractions, Province of Caserta, /Attractions-g2297503-Activities-Tora_e_Piccilli_Province_of_Caserta_Campania.html
Bezzecca attractions, Province of Trento, /Attractions-g954086-Activities-Bezzecca_Province_of_Trento_Trentino_Alto_Adige.html
Carunchio attractions, Province of Chieti, /Attractions-g1052388-Activities-Carunchio_Province_of_Chieti_Abruzzo.html
Piaggine attractions, Cilento and Vallo di Diano National Park, /Attractions-g2477785-Activities-Piaggine_Cilento_and_Vallo_di_Diano_National_Park_Province_of_Salerno_Campania.html
Paladina attractions, Province of Bergamo, /Attractions-g2412328-Activities-Paladina_Province_of_Bergamo_Lombardy.html
Bergolo attractions, Province of Cuneo, /Attractions-g2002701-Activities-Bergolo_Province_of_Cuneo_Piedmont.html
Leno attractions, Province of Brescia, /Attractions-g2101045-Activities-Leno_Province_of_Brescia_Lombardy.html
Brugnato attractions, Italian Riviera, /Attractions-g2314042-Activities-Brugnato_Italian_Riviera_Liguria.html
Castel d'Ario attractions, Province of Mantua, /Attractions-g1052476-Activities-Castel_d_Ario_Province_of_Mantua_Lombardy.html
Cardano al Campo attractions, Province of Varese, /Attractions-g659269-Activities-Cardano_al_Campo_Province_of_Varese_Lombardy.html
Supino attractions, Province of Frosinone, /Attractions-g2477893-Activities-Supino_Province_of_Frosinone_Lazio.html
Montefalcone di Val Fortore attractions, Province of Benevento, /Attractions-g4345658-Activities-Montefalcone_di_Val_Fortore_Province_of_Benevento_Campania.html
Arluno attractions, Province of Milan, /Attractions-g1544151-Activities-Arluno_Province_of_Milan_Lombardy.html
Urzulei attractions, Province of Ogliastra, /Attractions-g1544152-Activities-Urzulei_Province_of_Ogliastra_Sardinia.html
Botticino attractions, Province of Brescia, /Attractions-g2281511-Activities-Botticino_Province_of_Brescia_Lombardy.html
Caprarica di Lecce attractions, Province of Lecce, /Attractions-g2199605-Activities-Caprarica_di_Lecce_Province_of_Lecce_Puglia.html
Macchia Valfortore attractions, Province of Campobasso, /Attractions-g3346479-Activities-Macchia_Valfortore_Province_of_Campobasso_Molise.html
Legnaro attractions, Province of Padua, /Attractions-g2068539-Activities-Legnaro_Province_of_Padua_Veneto.html
Serina attractions, Province of Bergamo, /Attractions-g2527342-Activities-Serina_Province_of_Bergamo_Lombardy.html
Ficarra attractions, Province of Messina, /Attractions-g1953912-Activities-Ficarra_Province_of_Messina_Sicily.html
Antegnate attractions, Province of Bergamo, /Attractions-g3346502-Activities-Antegnate_Province_of_Bergamo_Lombardy.html
Morlupo attractions, Province of Rome, /Attractions-g1937543-Activities-Morlupo_Province_of_Rome_Lazio.html
Isorella attractions, Province of Brescia, /Attractions-g3772580-Activities-Isorella_Province_of_Brescia_Lombardy.html
Villa Di Tirano attractions, Province of Sondrio, /Attractions-g3772583-Activities-Villa_Di_Tirano_Province_of_Sondrio_Lombardy.html
Scheggia attractions, Province of Perugia, /Attractions-g3772561-Activities-Scheggia_Province_of_Perugia_Umbria.html
Verzegnis attractions, Province of Udine, /Attractions-g2183318-Activities-Verzegnis_Province_of_Udine_Friuli_Venezia_Giulia.html
Rezzoaglio attractions, Province of Genoa, /Attractions-g2199788-Activities-Rezzoaglio_Province_of_Genoa_Liguria.html
Santa Giusta attractions, Province of Oristano, /Attractions-g1937600-Activities-Santa_Giusta_Province_of_Oristano_Sardinia.html
Apricale attractions, Province of Imperia, /Attractions-g676086-Activities-Apricale_Province_of_Imperia_Liguria.html
Candiana attractions, Province of Padua, /Attractions-g3412263-Activities-Candiana_Province_of_Padua_Veneto.html
Saletto attractions, Province of Padua, /Attractions-g1675572-Activities-Saletto_Province_of_Padua_Veneto.html
Giba attractions, Province of Carbonia-Iglesias, /Attractions-g1495343-Activities-Giba_Province_of_Carbonia_Iglesias_Sardinia.html
Lajatico attractions, Province of Pisa, /Attractions-g1757553-Activities-Lajatico_Province_of_Pisa_Tuscany.html
Formicola attractions, Province of Caserta, /Attractions-g3346763-Activities-Formicola_Province_of_Caserta_Campania.html
Monterosso Calabro attractions, Province of Vibo Valentia, /Attractions-g7148029-Activities-Monterosso_Calabro_Province_of_Vibo_Valentia_Calabria.html
Pesche attractions, Province of Isernia, /Attractions-g3346863-Activities-Pesche_Province_of_Isernia_Molise.html
Castelnuovo Cilento attractions, Province of Salerno, /Attractions-g1053071-Activities-Castelnuovo_Cilento_Province_of_Salerno_Campania.html
Gesturi attractions, Province of Medio Campidano, /Attractions-g2642450-Activities-Gesturi_Province_of_Medio_Campidano_Sardinia.html
Cravanzana attractions, Province of Cuneo, /Attractions-g2101885-Activities-Cravanzana_Province_of_Cuneo_Piedmont.html
Riardo attractions, Province of Caserta, /Attractions-g3347027-Activities-Riardo_Province_of_Caserta_Campania.html
Cunico attractions, Province of Asti, /Attractions-g1593960-Activities-Cunico_Province_of_Asti_Piedmont.html
Loreo attractions, Province of Rovigo, /Attractions-g3347009-Activities-Loreo_Province_of_Rovigo_Veneto.html
Rimasco attractions, Province of Vercelli, /Attractions-g2216616-Activities-Rimasco_Province_of_Vercelli_Piedmont.html
Tertenia attractions, Province of Ogliastra, /Attractions-g1872523-Activities-Tertenia_Province_of_Ogliastra_Sardinia.html
