province_name, region_name, province_url
Marina Julia attractions, Province of Gorizia, /Attractions-g1186283-Activities-Marina_Julia_Province_of_Gorizia_Friuli_Venezia_Giulia.html
Borgone Susa attractions, Province of Turin, /Attractions-g3987904-Activities-Borgone_Susa_Province_of_Turin_Piedmont.html
Fonteno attractions, Province of Bergamo, /Attractions-g1186287-Activities-Fonteno_Province_of_Bergamo_Lombardy.html
Anduins attractions, Province of Pordenone, /Attractions-g3561928-Activities-Anduins_Province_of_Pordenone_Friuli_Venezia_Giulia.html
Cremia attractions, Lake Como, /Attractions-g1235475-Activities-Cremia_Lake_Como_Lombardy.html
Limbadi attractions, Province of Vibo Valentia, /Attractions-g1186330-Activities-Limbadi_Province_of_Vibo_Valentia_Calabria.html
Marina Di Ostuni attractions, Province of Brindisi, /Attractions-g1186344-Activities-Marina_Di_Ostuni_Province_of_Brindisi_Puglia.html
Torre San Sabina attractions, Province of Brindisi, /Attractions-g1940061-Activities-Torre_San_Sabina_Province_of_Brindisi_Puglia.html
Lozzo attractions, Province of Varese, /Attractions-g11918068-Activities-Lozzo_Province_of_Varese_Lombardy.html
Tresana attractions, Province of Massa Carrara, /Attractions-g2333288-Activities-Tresana_Province_of_Massa_Carrara_Tuscany.html
Giulianello attractions, Province of Latina, /Attractions-g2333297-Activities-Giulianello_Province_of_Latina_Lazio.html
Vallebona attractions, Province of Imperia, /Attractions-g1432134-Activities-Vallebona_Province_of_Imperia_Liguria.html
Candiolo attractions, Province of Turin, /Attractions-g1055356-Activities-Candiolo_Province_of_Turin_Piedmont.html
Belvedere Langhe attractions, Province of Cuneo, /Attractions-g1514133-Activities-Belvedere_Langhe_Province_of_Cuneo_Piedmont.html
Chianocco attractions, Province of Turin, /Attractions-g1055379-Activities-Chianocco_Province_of_Turin_Piedmont.html
Recetto attractions, Province of Novara, /Attractions-g2464425-Activities-Recetto_Province_of_Novara_Piedmont.html
Anzano del Parco attractions, Province of Como, /Attractions-g2136755-Activities-Anzano_del_Parco_Province_of_Como_Lombardy.html
Spirano attractions, Province of Bergamo, /Attractions-g1759881-Activities-Spirano_Province_of_Bergamo_Lombardy.html
Florinas attractions, Province of Sassari, /Attractions-g8673808-Activities-Florinas_Province_of_Sassari_Sardinia.html
Magliano attractions, Province of Lecce, /Attractions-g2431623-Activities-Magliano_Province_of_Lecce_Puglia.html
Floresta attractions, Province of Messina, /Attractions-g2431638-Activities-Floresta_Province_of_Messina_Sicily.html
Mongiuffi Melia attractions, Province of Messina, /Attractions-g1202907-Activities-Mongiuffi_Melia_Province_of_Messina_Sicily.html
Guanzate attractions, Province of Como, /Attractions-g1202904-Activities-Guanzate_Province_of_Como_Lombardy.html
Cadorago attractions, Province of Como, /Attractions-g1202905-Activities-Cadorago_Province_of_Como_Lombardy.html
Exilles attractions, Province of Turin, /Attractions-g776947-Activities-Exilles_Province_of_Turin_Piedmont.html
Gonnostramatza attractions, Province of Oristano, /Attractions-g20044750-Activities-Gonnostramatza_Province_of_Oristano_Sardinia.html
Martone attractions, Province of Reggio Calabria, /Attractions-g2186018-Activities-Martone_Province_of_Reggio_Calabria_Calabria.html
Petriano attractions, Province of Pesaro and Urbino, /Attractions-g2136883-Activities-Petriano_Province_of_Pesaro_and_Urbino_Marche.html
Paisco attractions, Province of Brescia, /Attractions-g18192904-Activities-Paisco_Province_of_Brescia_Lombardy.html
Ossimo Superiore attractions, Province of Brescia, /Attractions-g16800291-Activities-Ossimo_Superiore_Province_of_Brescia_Lombardy.html
Anticoli Corrado attractions, Province of Rome, /Attractions-g1383228-Activities-Anticoli_Corrado_Province_of_Rome_Lazio.html
Marianopoli attractions, Province of Caltanissetta, /Attractions-g11918214-Activities-Marianopoli_Province_of_Caltanissetta_Sicily.html
Casa del Bosco attractions, Province of Biella, /Attractions-g21305978-Activities-Casa_del_Bosco_Province_of_Biella_Piedmont.html
Maierato attractions, Province of Vibo Valentia, /Attractions-g1219416-Activities-Maierato_Province_of_Vibo_Valentia_Calabria.html
Prato Sesia attractions, Province of Novara, /Attractions-g2136943-Activities-Prato_Sesia_Province_of_Novara_Piedmont.html
Roccafiorita attractions, Province of Messina, /Attractions-g2399092-Activities-Roccafiorita_Province_of_Messina_Sicily.html
Samugheo attractions, Province of Oristano, /Attractions-g5970689-Activities-Samugheo_Province_of_Oristano_Sardinia.html
Grottazzolina attractions, Province of Fermo, /Attractions-g2136957-Activities-Grottazzolina_Province_of_Fermo_Marche.html
Capergnanica attractions, Province of Cremona, /Attractions-g2186065-Activities-Capergnanica_Province_of_Cremona_Lombardy.html
Talamello attractions, Province of Rimini, /Attractions-g1547108-Activities-Talamello_Province_of_Rimini_Emilia_Romagna.html
Porto Istana attractions, Province of Olbia-Tempio, /Attractions-g1186666-Activities-Porto_Istana_Province_of_Olbia_Tempio_Sardinia.html
Stazzona attractions, Lake Como, /Attractions-g2136996-Activities-Stazzona_Lake_Como_Lombardy.html
Villa Poma attractions, Province of Mantua, /Attractions-g2399139-Activities-Villa_Poma_Province_of_Mantua_Lombardy.html
Polonghera attractions, Province of Cuneo, /Attractions-g2530205-Activities-Polonghera_Province_of_Cuneo_Piedmont.html
Orzivecchi attractions, Province of Brescia, /Attractions-g2136989-Activities-Orzivecchi_Province_of_Brescia_Lombardy.html
Roccasecca dei Volsci attractions, Province of Latina, /Attractions-g12540799-Activities-Roccasecca_dei_Volsci_Province_of_Latina_Lazio.html
Montechiaro d'Acqui attractions, Province of Alessandria, /Attractions-g2186216-Activities-Montechiaro_d_Acqui_Province_of_Alessandria_Piedmont.html
Manocalzati attractions, Province of Avellino, /Attractions-g940992-Activities-Manocalzati_Province_of_Avellino_Campania.html
Vigolo Vattaro attractions, Province of Trento, /Attractions-g2530293-Activities-Vigolo_Vattaro_Province_of_Trento_Trentino_Alto_Adige.html
Roisan attractions, Valle d'Aosta, /Attractions-g2530290-Activities-Roisan_Valle_d_Aosta.html
