province_name, region_name, province_url
Verbania attractions, Lake Maggiore, /Attractions-g194944-Activities-Verbania_Lake_Maggiore_Piedmont.html
Feltre attractions, Province of Belluno, /Attractions-g675746-Activities-Feltre_Province_of_Belluno_Veneto.html
Bisceglie attractions, Province of Barletta-Andria-Trani, /Attractions-g580228-Activities-Bisceglie_Province_of_Barletta_Andria_Trani_Puglia.html
Mazara del Vallo attractions, Province of Trapani, /Attractions-g667193-Activities-Mazara_del_Vallo_Province_of_Trapani_Sicily.html
Gravina in Puglia attractions, Province of Bari, /Attractions-g1077046-Activities-Gravina_in_Puglia_Province_of_Bari_Puglia.html
Colle di Val d'Elsa attractions, Province of Siena, /Attractions-g668223-Activities-Colle_di_Val_d_Elsa_Tuscany.html
Sestri Levante attractions, Italian Riviera, /Attractions-g194917-Activities-Sestri_Levante_Italian_Riviera_Liguria.html
Dobbiaco attractions, Province of South Tyrol, /Attractions-g775528-Activities-Dobbiaco_Province_of_South_Tyrol_Trentino_Alto_Adige.html
Castiglion Fiorentino attractions, Province of Arezzo, /Attractions-g729917-Activities-Castiglion_Fiorentino_Province_of_Arezzo_Tuscany.html
Acqui Terme attractions, Province of Alessandria, /Attractions-g194661-Activities-Acqui_Terme_Province_of_Alessandria_Piedmont.html
Asiago attractions, Province of Vicenza, /Attractions-g194677-Activities-Asiago_Province_of_Vicenza_Veneto.html
Brunico attractions, Province of South Tyrol, /Attractions-g194704-Activities-Brunico_Province_of_South_Tyrol_Trentino_Alto_Adige.html
Vigevano attractions, Province of Pavia, /Attractions-g1050288-Activities-Vigevano_Province_of_Pavia_Lombardy.html
Isernia attractions, Province of Isernia, /Attractions-g1055426-Activities-Isernia_Province_of_Isernia_Molise.html
Bellaria-Igea Marina attractions, Province of Rimini, /Attractions-g194688-Activities-Bellaria_Igea_Marina_Province_of_Rimini_Emilia_Romagna.html
Formia attractions, Province of Latina, /Attractions-g194765-Activities-Formia_Province_of_Latina_Lazio.html
Salsomaggiore Terme attractions, Province of Parma, /Attractions-g194892-Activities-Salsomaggiore_Terme_Province_of_Parma_Emilia_Romagna.html
Villasimius attractions, Province of Cagliari, /Attractions-g194949-Activities-Villasimius_Province_of_Cagliari_Sardinia.html
Castrignano del Capo attractions, Province of Lecce, /Attractions-g1081402-Activities-Castrignano_del_Capo_Province_of_Lecce_Puglia.html
Bitonto attractions, Province of Bari, /Attractions-g1972586-Activities-Bitonto_Province_of_Bari_Puglia.html
Sirmione attractions, Province of Brescia, /Attractions-g187842-Activities-Sirmione_Province_of_Brescia_Lombardy.html
Isola di Salina attractions, Aeolian Islands, /Attractions-g666536-Activities-Isola_di_Salina_Aeolian_Islands_Islands_of_Sicily_Sicily.html
Bobbio attractions, Province of Piacenza, /Attractions-g1175108-Activities-Bobbio_Province_of_Piacenza_Emilia_Romagna.html
Castellina In Chianti attractions, Province of Siena, /Attractions-g194720-Activities-Castellina_In_Chianti_Tuscany.html
Quartu Sant'Elena attractions, Province of Cagliari, /Attractions-g227889-Activities-Quartu_Sant_Elena_Province_of_Cagliari_Sardinia.html
Piazza Armerina attractions, Province of Enna, /Attractions-g580232-Activities-Piazza_Armerina_Province_of_Enna_Sicily.html
Tarquinia attractions, Province of Viterbo, /Attractions-g1056428-Activities-Tarquinia_Province_of_Viterbo_Lazio.html
Molfetta attractions, Province of Bari, /Attractions-g1467527-Activities-Molfetta_Province_of_Bari_Puglia.html
San Michele Al Tagliamento attractions, Province of Venice, /Attractions-g1436136-Activities-San_Michele_Al_Tagliamento_Veneto.html
Frosinone attractions, Province of Frosinone, /Attractions-g1175111-Activities-Frosinone_Province_of_Frosinone_Lazio.html
Anzio attractions, Province of Rome, /Attractions-g194670-Activities-Anzio_Province_of_Rome_Lazio.html
Arco attractions, Province of Trento, /Attractions-g670770-Activities-Arco_Province_of_Trento_Trentino_Alto_Adige.html
Pisogne attractions, Province of Brescia, /Attractions-g1574966-Activities-Pisogne_Province_of_Brescia_Lombardy.html
Spilimbergo attractions, Province of Pordenone, /Attractions-g790405-Activities-Spilimbergo_Province_of_Pordenone_Friuli_Venezia_Giulia.html
Codroipo attractions, Province of Udine, /Attractions-g1186886-Activities-Codroipo_Province_of_Udine_Friuli_Venezia_Giulia.html
Fabriano attractions, Province of Ancona, /Attractions-g651994-Activities-Fabriano_Province_of_Ancona_Marche.html
San Teodoro attractions, Province of Olbia-Tempio, /Attractions-g652016-Activities-San_Teodoro_Province_of_Olbia_Tempio_Sardinia.html
Bressanone attractions, Province of South Tyrol, /Attractions-g194703-Activities-Bressanone_Province_of_South_Tyrol_Trentino_Alto_Adige.html
Spello attractions, Province of Perugia, /Attractions-g672717-Activities-Spello_Province_of_Perugia_Umbria.html
Tortoli attractions, Province of Ogliastra, /Attractions-g608926-Activities-Tortoli_Province_of_Ogliastra_Sardinia.html
Lucera attractions, Province of Foggia, /Attractions-g662334-Activities-Lucera_Province_of_Foggia_Puglia.html
Monterosso al Mare attractions, Cinque Terre, /Attractions-g187820-Activities-Monterosso_al_Mare_Cinque_Terre_Italian_Riviera_Liguria.html
Manduria attractions, Province of Taranto, /Attractions-g1204396-Activities-Manduria_Province_of_Taranto_Puglia.html
Castelfranco Veneto attractions, Province of Treviso, /Attractions-g666330-Activities-Castelfranco_Veneto_Province_of_Treviso_Veneto.html
Orosei attractions, Province of Nuoro, /Attractions-g670562-Activities-Orosei_Province_of_Nuoro_Sardinia.html
Lido di Venezia attractions, City of Venice, /Attractions-g3547567-Activities-Lido_di_Venezia_Veneto.html
Caltanissetta attractions, Province of Caltanissetta, /Attractions-g194706-Activities-Caltanissetta_Province_of_Caltanissetta_Sicily.html
Cavallino-Treporti attractions, Province of Venice, /Attractions-g194724-Activities-Cavallino_Treporti_Veneto.html
Castiglione Della Pescaia attractions, Province of Grosseto, /Attractions-g194733-Activities-Castiglione_Della_Pescaia_Province_of_Grosseto_Tuscany.html
Empoli attractions, Province of Florence, /Attractions-g194754-Activities-Empoli_Tuscany.html
