province_name, region_name, province_url
Roccasecca attractions, Province of Frosinone, /Attractions-g1131653-Activities-Roccasecca_Province_of_Frosinone_Lazio.html
Ari attractions, Province of Chieti, /Attractions-g12076462-Activities-Ari_Province_of_Chieti_Abruzzo.html
Cardito attractions, Province of Naples, /Attractions-g6964531-Activities-Cardito_Province_of_Naples_Campania.html
Paceco attractions, Province of Trapani, /Attractions-g656839-Activities-Paceco_Province_of_Trapani_Sicily.html
Montone attractions, Province of Perugia, /Attractions-g656849-Activities-Montone_Province_of_Perugia_Umbria.html
Palaia attractions, Province of Pisa, /Attractions-g804338-Activities-Palaia_Province_of_Pisa_Tuscany.html
Val Masino attractions, Province of Sondrio, /Attractions-g1967888-Activities-Val_Masino_Province_of_Sondrio_Lombardy.html
Altopascio attractions, Province of Lucca, /Attractions-g1050416-Activities-Altopascio_Province_of_Lucca_Tuscany.html
Spiazzo attractions, Province of Trento, /Attractions-g1918972-Activities-Spiazzo_Province_of_Trento_Trentino_Alto_Adige.html
Pamparato attractions, Province of Cuneo, /Attractions-g2312134-Activities-Pamparato_Province_of_Cuneo_Piedmont.html
Arnad attractions, Valle d'Aosta, /Attractions-g1574941-Activities-Arnad_Valle_d_Aosta.html
Castelnuovo di Farfa attractions, Province of Rieti, /Attractions-g2050089-Activities-Castelnuovo_di_Farfa_Province_of_Rieti_Lazio.html
Ponte nelle Alpi attractions, Province of Belluno, /Attractions-g1460417-Activities-Ponte_nelle_Alpi_Province_of_Belluno_Veneto.html
Calavino attractions, Province of Trento, /Attractions-g2279752-Activities-Calavino_Province_of_Trento_Trentino_Alto_Adige.html
Fagnano Olona attractions, Province of Varese, /Attractions-g1214817-Activities-Fagnano_Olona_Province_of_Varese_Lombardy.html
Fontecchio attractions, Province of L'Aquila, /Attractions-g2623926-Activities-Fontecchio_Province_of_L_Aquila_Abruzzo.html
Castellanza attractions, Province of Varese, /Attractions-g2083232-Activities-Castellanza_Province_of_Varese_Lombardy.html
Ovaro attractions, Province of Udine, /Attractions-g2623987-Activities-Ovaro_Province_of_Udine_Friuli_Venezia_Giulia.html
Bareggio attractions, Province of Milan, /Attractions-g1051181-Activities-Bareggio_Province_of_Milan_Lombardy.html
Faicchio attractions, Province of Benevento, /Attractions-g2296407-Activities-Faicchio_Province_of_Benevento_Campania.html
Calangianus attractions, Province of Olbia-Tempio, /Attractions-g608908-Activities-Calangianus_Province_of_Olbia_Tempio_Sardinia.html
Farnese attractions, Province of Viterbo, /Attractions-g1493706-Activities-Farnese_Province_of_Viterbo_Lazio.html
Busto Garolfo attractions, Province of Milan, /Attractions-g3214267-Activities-Busto_Garolfo_Province_of_Milan_Lombardy.html
Castel Sant'Elia attractions, Province of Viterbo, /Attractions-g1772459-Activities-Castel_Sant_Elia_Province_of_Viterbo_Lazio.html
Vecchiano attractions, Province of Pisa, /Attractions-g1526828-Activities-Vecchiano_Province_of_Pisa_Tuscany.html
Viggiano attractions, Province of Potenza, /Attractions-g2510050-Activities-Viggiano_Province_of_Potenza_Basilicata.html
Boville Ernica attractions, Province of Frosinone, /Attractions-g3198171-Activities-Boville_Ernica_Province_of_Frosinone_Lazio.html
Pomarico attractions, Province of Matera, /Attractions-g3378654-Activities-Pomarico_Province_of_Matera_Basilicata.html
Carpenedolo attractions, Province of Brescia, /Attractions-g1052383-Activities-Carpenedolo_Province_of_Brescia_Lombardy.html
Malnate attractions, Province of Varese, /Attractions-g1199939-Activities-Malnate_Province_of_Varese_Lombardy.html
Coccaglio attractions, Province of Brescia, /Attractions-g2281335-Activities-Coccaglio_Province_of_Brescia_Lombardy.html
San Nazzaro Sesia attractions, Province of Novara, /Attractions-g2297673-Activities-San_Nazzaro_Sesia_Province_of_Novara_Piedmont.html
Montecalvo Irpino attractions, Province of Avellino, /Attractions-g2412478-Activities-Montecalvo_Irpino_Province_of_Avellino_Campania.html
Puegnago sul Garda attractions, Province of Brescia, /Attractions-g1888189-Activities-Puegnago_sul_Garda_Province_of_Brescia_Lombardy.html
Guardea attractions, Province of Terni, /Attractions-g7786435-Activities-Guardea_Province_of_Terni_Umbria.html
Porto Ceresio attractions, Province of Varese, /Attractions-g1183712-Activities-Porto_Ceresio_Province_of_Varese_Lombardy.html
Buttigliera Alta attractions, Province of Turin, /Attractions-g3346492-Activities-Buttigliera_Alta_Province_of_Turin_Piedmont.html
Tiriolo attractions, Province of Catanzaro, /Attractions-g1511538-Activities-Tiriolo_Province_of_Catanzaro_Calabria.html
Monteprandone attractions, Province of Ascoli Piceno, /Attractions-g1511532-Activities-Monteprandone_Province_of_Ascoli_Piceno_Marche.html
Pralormo attractions, Province of Turin, /Attractions-g1642784-Activities-Pralormo_Province_of_Turin_Piedmont.html
Morsano al Tagliamento attractions, Province of Pordenone, /Attractions-g1200535-Activities-Morsano_al_Tagliamento_Province_of_Pordenone_Friuli_Venezia_Giulia.html
Mossa attractions, Province of Gorizia, /Attractions-g2331273-Activities-Mossa_Province_of_Gorizia_Friuli_Venezia_Giulia.html
Tortorici attractions, Province of Messina, /Attractions-g1233618-Activities-Tortorici_Province_of_Messina_Sicily.html
Avelengo attractions, Province of South Tyrol, /Attractions-g1184636-Activities-Avelengo_Province_of_South_Tyrol_Trentino_Alto_Adige.html
Cicciano attractions, Province of Naples, /Attractions-g3724189-Activities-Cicciano_Province_of_Naples_Campania.html
Pontechianale attractions, Province of Cuneo, /Attractions-g2266060-Activities-Pontechianale_Province_of_Cuneo_Piedmont.html
Rocchetta Al Volturno attractions, Province of Isernia, /Attractions-g1201169-Activities-Rocchetta_Al_Volturno_Province_of_Isernia_Molise.html
San Gavino Monreale attractions, Province of Medio Campidano, /Attractions-g2413571-Activities-San_Gavino_Monreale_Province_of_Medio_Campidano_Sardinia.html
Contursi Terme attractions, Province of Salerno, /Attractions-g1053763-Activities-Contursi_Terme_Province_of_Salerno_Campania.html
Santa Maria La Longa attractions, Province of Udine, /Attractions-g3183774-Activities-Santa_Maria_La_Longa_Province_of_Udine_Friuli_Venezia_Giulia.html
