province_name, region_name, province_url
Quinto Vicentino attractions, Province of Vicenza, /Attractions-g675077-Activities-Quinto_Vicentino_Province_of_Vicenza_Veneto.html
Alicudi attractions, Aeolian Islands, /Attractions-g675108-Activities-Alicudi_Aeolian_Islands_Islands_of_Sicily_Sicily.html
Bassiano attractions, Province of Latina, /Attractions-g1756498-Activities-Bassiano_Province_of_Latina_Lazio.html
Poggio Renatico attractions, Province of Ferrara, /Attractions-g2297178-Activities-Poggio_Renatico_Province_of_Ferrara_Emilia_Romagna.html
Cividate Camuno attractions, Province of Brescia, /Attractions-g6851994-Activities-Cividate_Camuno_Province_of_Brescia_Lombardy.html
Pogliano Milanese attractions, Province of Milan, /Attractions-g2002512-Activities-Pogliano_Milanese_Province_of_Milan_Lombardy.html
Pertica Bassa attractions, Province of Brescia, /Attractions-g17813351-Activities-Pertica_Bassa_Province_of_Brescia_Lombardy.html
Oslavia attractions, Province of Gorizia, /Attractions-g3247782-Activities-Oslavia_Province_of_Gorizia_Friuli_Venezia_Giulia.html
Sovere attractions, Province of Bergamo, /Attractions-g1150642-Activities-Sovere_Province_of_Bergamo_Lombardy.html
Santa Ninfa attractions, Province of Trapani, /Attractions-g2412284-Activities-Santa_Ninfa_Province_of_Trapani_Sicily.html
Savignano sul Panaro attractions, Province of Modena, /Attractions-g1396424-Activities-Savignano_sul_Panaro_Province_of_Modena_Emilia_Romagna.html
Monteodorisio attractions, Province of Chieti, /Attractions-g2314001-Activities-Monteodorisio_Province_of_Chieti_Abruzzo.html
Majano attractions, Province of Udine, /Attractions-g790403-Activities-Majano_Province_of_Udine_Friuli_Venezia_Giulia.html
Alezio attractions, Province of Lecce, /Attractions-g1544148-Activities-Alezio_Province_of_Lecce_Puglia.html
Cercemaggiore attractions, Province of Campobasso, /Attractions-g1544147-Activities-Cercemaggiore_Province_of_Campobasso_Molise.html
Paulilatino Oristano attractions, Province of Oristano, /Attractions-g1888228-Activities-Paulilatino_Oristano_Province_of_Oristano_Sardinia.html
Caulonia attractions, Province of Reggio Calabria, /Attractions-g1773626-Activities-Caulonia_Province_of_Reggio_Calabria_Calabria.html
Bivongi attractions, Province of Reggio Calabria, /Attractions-g2281503-Activities-Bivongi_Province_of_Reggio_Calabria_Calabria.html
Grigno attractions, Province of Trento, /Attractions-g2527408-Activities-Grigno_Province_of_Trento_Trentino_Alto_Adige.html
Canepina attractions, Province of Viterbo, /Attractions-g1937585-Activities-Canepina_Province_of_Viterbo_Lazio.html
San Martino di Lupari attractions, Province of Padua, /Attractions-g2199747-Activities-San_Martino_di_Lupari_Province_of_Padua_Veneto.html
Trasaghis attractions, Province of Udine, /Attractions-g3526949-Activities-Trasaghis_Province_of_Udine_Friuli_Venezia_Giulia.html
Seborga attractions, Province of Imperia, /Attractions-g2052406-Activities-Seborga_Province_of_Imperia_Liguria.html
Peveragno attractions, Province of Cuneo, /Attractions-g1495359-Activities-Peveragno_Province_of_Cuneo_Piedmont.html
Alseno attractions, Province of Piacenza, /Attractions-g1495339-Activities-Alseno_Province_of_Piacenza_Emilia_Romagna.html
Pasian di Prato attractions, Province of Udine, /Attractions-g2052584-Activities-Pasian_di_Prato_Province_of_Udine_Friuli_Venezia_Giulia.html
Sutrio attractions, Province of Udine, /Attractions-g2396715-Activities-Sutrio_Province_of_Udine_Friuli_Venezia_Giulia.html
Avella attractions, Province of Avellino, /Attractions-g2232884-Activities-Avella_Province_of_Avellino_Campania.html
Ausonia attractions, Province of Frosinone, /Attractions-g2101887-Activities-Ausonia_Province_of_Frosinone_Lazio.html
Pietrabbondante attractions, Province of Isernia, /Attractions-g3347093-Activities-Pietrabbondante_Province_of_Isernia_Molise.html
Masone attractions, Province of Genoa, /Attractions-g2216587-Activities-Masone_Province_of_Genoa_Liguria.html
Monteforte d'Alpone attractions, Province of Verona, /Attractions-g1135410-Activities-Monteforte_d_Alpone_Province_of_Verona_Veneto.html
Palazzuolo Sul Senio attractions, Province of Florence, /Attractions-g676812-Activities-Palazzuolo_Sul_Senio_Tuscany.html
Curon Venosta attractions, Province of South Tyrol, /Attractions-g1201163-Activities-Curon_Venosta_Province_of_South_Tyrol_Trentino_Alto_Adige.html
Monastero di Vasco attractions, Province of Cuneo, /Attractions-g2020386-Activities-Monastero_di_Vasco_Province_of_Cuneo_Piedmont.html
Casalino attractions, Province of Novara, /Attractions-g2184373-Activities-Casalino_Province_of_Novara_Piedmont.html
Casteltermini attractions, Province of Agrigento, /Attractions-g644263-Activities-Casteltermini_Province_of_Agrigento_Sicily.html
Arcinazzo Romano attractions, Province of Rome, /Attractions-g1643725-Activities-Arcinazzo_Romano_Province_of_Rome_Lazio.html
Missaglia attractions, Province of Lecco, /Attractions-g1594612-Activities-Missaglia_Province_of_Lecco_Lombardy.html
Sala Monferrato attractions, Province of Alessandria, /Attractions-g2168026-Activities-Sala_Monferrato_Province_of_Alessandria_Piedmont.html
Fossa attractions, Province of L'Aquila, /Attractions-g7034182-Activities-Fossa_Province_of_L_Aquila_Abruzzo.html
Ferrazzano attractions, Province of Campobasso, /Attractions-g1643813-Activities-Ferrazzano_Province_of_Campobasso_Molise.html
Civitacampomarano attractions, Province of Campobasso, /Attractions-g8738249-Activities-Civitacampomarano_Province_of_Campobasso_Molise.html
Bione attractions, Province of Brescia, /Attractions-g1185116-Activities-Bione_Province_of_Brescia_Lombardy.html
Ponte Buggianese attractions, Province of Pistoia, /Attractions-g2184572-Activities-Ponte_Buggianese_Province_of_Pistoia_Tuscany.html
Buonabitacolo attractions, Province of Salerno, /Attractions-g1644024-Activities-Buonabitacolo_Province_of_Salerno_Campania.html
Roccapiemonte attractions, Province of Salerno, /Attractions-g1644002-Activities-Roccapiemonte_Province_of_Salerno_Campania.html
Torricella attractions, Province of Taranto, /Attractions-g2299468-Activities-Torricella_Province_of_Taranto_Puglia.html
Dronero attractions, Province of Cuneo, /Attractions-g1054391-Activities-Dronero_Province_of_Cuneo_Piedmont.html
Roviano attractions, Province of Rome, /Attractions-g5002916-Activities-Roviano_Province_of_Rome_Lazio.html
