province_name, region_name, province_url
Olgiate Olona attractions, Province of Varese, /Attractions-g1554297-Activities-Olgiate_Olona_Province_of_Varese_Lombardy.html
Ornago attractions, Province of Monza and Brianza, /Attractions-g1439633-Activities-Ornago_Province_of_Monza_and_Brianza_Lombardy.html
Alvignano attractions, Province of Caserta, /Attractions-g1554314-Activities-Alvignano_Province_of_Caserta_Campania.html
Mereto di Tomba attractions, Province of Udine, /Attractions-g10368828-Activities-Mereto_di_Tomba_Province_of_Udine_Friuli_Venezia_Giulia.html
San Giovanni Teatino attractions, Province of Chieti, /Attractions-g2193306-Activities-San_Giovanni_Teatino_Province_of_Chieti_Abruzzo.html
Chiuro attractions, Province of Sondrio, /Attractions-g2045981-Activities-Chiuro_Province_of_Sondrio_Lombardy.html
Verrayes attractions, Valle d'Aosta, /Attractions-g1439807-Activities-Verrayes_Valle_d_Aosta.html
Mossano attractions, Province of Vicenza, /Attractions-g2308207-Activities-Mossano_Province_of_Vicenza_Veneto.html
Borgio Verezzi attractions, Italian Riviera, /Attractions-g194695-Activities-Borgio_Verezzi_Italian_Riviera_Liguria.html
Cavriana attractions, Province of Mantua, /Attractions-g1915095-Activities-Cavriana_Province_of_Mantua_Lombardy.html
Rotondella attractions, Province of Matera, /Attractions-g2292011-Activities-Rotondella_Province_of_Matera_Basilicata.html
Papasidero attractions, Province of Cosenza, /Attractions-g2095370-Activities-Papasidero_Province_of_Cosenza_Calabria.html
Riolo Terme attractions, Province of Ravenna, /Attractions-g194882-Activities-Riolo_Terme_Province_of_Ravenna_Emilia_Romagna.html
Duino attractions, Province of Trieste, /Attractions-g227664-Activities-Duino_Province_of_Trieste_Friuli_Venezia_Giulia.html
San Vito di Cadore attractions, Province of Belluno, /Attractions-g194902-Activities-San_Vito_di_Cadore_Province_of_Belluno_Veneto.html
Santa Maria Maggiore attractions, Province of Verbano-Cusio-Ossola, /Attractions-g194905-Activities-Santa_Maria_Maggiore_Province_of_Verbano_Cusio_Ossola_Piedmont.html
Assoro attractions, Province of Enna, /Attractions-g1849718-Activities-Assoro_Province_of_Enna_Sicily.html
Chiampo attractions, Province of Vicenza, /Attractions-g2357739-Activities-Chiampo_Province_of_Vicenza_Veneto.html
Palagiano attractions, Province of Taranto, /Attractions-g1063390-Activities-Palagiano_Province_of_Taranto_Puglia.html
Carpino attractions, Province of Foggia, /Attractions-g2292166-Activities-Carpino_Province_of_Foggia_Puglia.html
Roncofreddo attractions, Province of Forli-Cesena, /Attractions-g1063420-Activities-Roncofreddo_Province_of_Forli_Cesena_Emilia_Romagna.html
Magnano attractions, Province of Biella, /Attractions-g2357779-Activities-Magnano_Province_of_Biella_Piedmont.html
Cermignano attractions, Province of Teramo, /Attractions-g2357781-Activities-Cermignano_Province_of_Teramo_Abruzzo.html
Senise attractions, Province of Potenza, /Attractions-g1063518-Activities-Senise_Province_of_Potenza_Basilicata.html
Corropoli attractions, Province of Teramo, /Attractions-g2292446-Activities-Corropoli_Province_of_Teramo_Abruzzo.html
Barumini attractions, Province of Medio Campidano, /Attractions-g1080083-Activities-Barumini_Province_of_Medio_Campidano_Sardinia.html
Appiano Gentile attractions, Province of Como, /Attractions-g1080124-Activities-Appiano_Gentile_Province_of_Como_Lombardy.html
Castel di Ieri attractions, Province of L'Aquila, /Attractions-g8633297-Activities-Castel_di_Ieri_Province_of_L_Aquila_Abruzzo.html
Carpegna attractions, Province of Pesaro and Urbino, /Attractions-g1080228-Activities-Carpegna_Province_of_Pesaro_and_Urbino_Marche.html
Roverbella attractions, Province of Mantua, /Attractions-g1473571-Activities-Roverbella_Province_of_Mantua_Lombardy.html
Comabbio attractions, Province of Varese, /Attractions-g7011391-Activities-Comabbio_Province_of_Varese_Lombardy.html
Marano sul Panaro attractions, Province of Modena, /Attractions-g1539210-Activities-Marano_sul_Panaro_Province_of_Modena_Emilia_Romagna.html
Magliano Vetere attractions, Province of Salerno, /Attractions-g7060840-Activities-Magliano_Vetere_Province_of_Salerno_Campania.html
Songavazzo attractions, Province of Bergamo, /Attractions-g2374917-Activities-Songavazzo_Province_of_Bergamo_Lombardy.html
Giavera del Montello attractions, Province of Treviso, /Attractions-g1768752-Activities-Giavera_del_Montello_Province_of_Treviso_Veneto.html
San Demetrio ne' Vestini attractions, Province of L'Aquila, /Attractions-g1391905-Activities-San_Demetrio_ne_Vestini_Province_of_L_Aquila_Abruzzo.html
Premia attractions, Province of Verbano-Cusio-Ossola, /Attractions-g1883487-Activities-Premia_Province_of_Verbano_Cusio_Ossola_Piedmont.html
Sant'Omero attractions, Province of Teramo, /Attractions-g1391955-Activities-Sant_Omero_Province_of_Teramo_Abruzzo.html
Introdacqua attractions, Province of L'Aquila, /Attractions-g1932619-Activities-Introdacqua_Province_of_L_Aquila_Abruzzo.html
Baldissero Torinese attractions, Province of Turin, /Attractions-g1736000-Activities-Baldissero_Torinese_Province_of_Turin_Piedmont.html
Ponsacco attractions, Province of Pisa, /Attractions-g1015371-Activities-Ponsacco_Province_of_Pisa_Tuscany.html
Uggiano La Chiesa attractions, Province of Lecce, /Attractions-g1179326-Activities-Uggiano_La_Chiesa_Province_of_Lecce_Puglia.html
Revine Lago attractions, Province of Treviso, /Attractions-g1081111-Activities-Revine_Lago_Province_of_Treviso_Veneto.html
San Pietro di Feletto attractions, Province of Treviso, /Attractions-g1081148-Activities-San_Pietro_di_Feletto_Province_of_Treviso_Veneto.html
Falerna attractions, Province of Catanzaro, /Attractions-g1195836-Activities-Falerna_Province_of_Catanzaro_Calabria.html
Guarene attractions, Province of Cuneo, /Attractions-g1769324-Activities-Guarene_Province_of_Cuneo_Piedmont.html
Calcata attractions, Province of Viterbo, /Attractions-g1933262-Activities-Calcata_Province_of_Viterbo_Lazio.html
Dozza attractions, Province of Bologna, /Attractions-g1081288-Activities-Dozza_Province_of_Bologna_Emilia_Romagna.html
Casacalenda attractions, Province of Campobasso, /Attractions-g3833820-Activities-Casacalenda_Province_of_Campobasso_Molise.html
Serrenti attractions, Province of Medio Campidano, /Attractions-g3457085-Activities-Serrenti_Province_of_Medio_Campidano_Sardinia.html
