province_name, region_name, province_url
Piglio attractions, Province of Frosinone, /Attractions-g2167985-Activities-Piglio_Province_of_Frosinone_Lazio.html
Novara di Sicilia attractions, Province of Messina, /Attractions-g644265-Activities-Novara_di_Sicilia_Province_of_Messina_Sicily.html
Bucine attractions, Province of Arezzo, /Attractions-g644272-Activities-Bucine_Province_of_Arezzo_Tuscany.html
Loro Ciuffenna attractions, Province of Arezzo, /Attractions-g644276-Activities-Loro_Ciuffenna_Province_of_Arezzo_Tuscany.html
Villa Minozzo attractions, Province of Reggio Emilia, /Attractions-g2282841-Activities-Villa_Minozzo_Province_of_Reggio_Emilia_Emilia_Romagna.html
Atripalda attractions, Province of Avellino, /Attractions-g1643987-Activities-Atripalda_Province_of_Avellino_Campania.html
San Sebastiano al Vesuvio attractions, Province of Naples, /Attractions-g2299332-Activities-San_Sebastiano_al_Vesuvio_Province_of_Naples_Campania.html
Monteroni d'Arbia attractions, Province of Siena, /Attractions-g677523-Activities-Monteroni_d_Arbia_Tuscany.html
Eraclea attractions, Province of Venice, /Attractions-g1054398-Activities-Eraclea_Veneto.html
Castelmezzano attractions, Province of Potenza, /Attractions-g1005972-Activities-Castelmezzano_Province_of_Potenza_Basilicata.html
Montignoso attractions, Province of Massa Carrara, /Attractions-g1186323-Activities-Montignoso_Province_of_Massa_Carrara_Tuscany.html
Massarosa attractions, Province of Lucca, /Attractions-g1186326-Activities-Massarosa_Province_of_Lucca_Tuscany.html
Lacco Ameno attractions, Isola d'Ischia, /Attractions-g580213-Activities-Lacco_Ameno_Isola_d_Ischia_Province_of_Naples_Campania.html
Cinto Euganeo attractions, Province of Padua, /Attractions-g580248-Activities-Cinto_Euganeo_Province_of_Padua_Veneto.html
Falzes attractions, Province of South Tyrol, /Attractions-g1055430-Activities-Falzes_Province_of_South_Tyrol_Trentino_Alto_Adige.html
Laives attractions, Province of South Tyrol, /Attractions-g1055435-Activities-Laives_Province_of_South_Tyrol_Trentino_Alto_Adige.html
Villapiana attractions, Province of Cosenza, /Attractions-g1186587-Activities-Villapiana_Province_of_Cosenza_Calabria.html
Pievepelago attractions, Province of Modena, /Attractions-g1809309-Activities-Pievepelago_Province_of_Modena_Emilia_Romagna.html
Frabosa Soprana attractions, Province of Cuneo, /Attractions-g793535-Activities-Frabosa_Soprana_Province_of_Cuneo_Piedmont.html
Berceto attractions, Province of Parma, /Attractions-g1203195-Activities-Berceto_Province_of_Parma_Emilia_Romagna.html
Gaggiano attractions, Province of Milan, /Attractions-g2186400-Activities-Gaggiano_Province_of_Milan_Lombardy.html
Recco attractions, Italian Riviera, /Attractions-g1137833-Activities-Recco_Italian_Riviera_Liguria.html
Montemurlo attractions, Province of Prato, /Attractions-g1924383-Activities-Montemurlo_Province_of_Prato_Tuscany.html
Arma di Taggia attractions, Italian Riviera, /Attractions-g1400557-Activities-Arma_di_Taggia_Italian_Riviera_Liguria.html
Campiglia Cervo attractions, Province of Biella, /Attractions-g7249858-Activities-Campiglia_Cervo_Province_of_Biella_Piedmont.html
Fermignano attractions, Province of Pesaro and Urbino, /Attractions-g1531840-Activities-Fermignano_Province_of_Pesaro_and_Urbino_Marche.html
Roccella Ionica attractions, Province of Reggio Calabria, /Attractions-g663603-Activities-Roccella_Ionica_Province_of_Reggio_Calabria_Calabria.html
Borgo Valsugana attractions, Province of Trento, /Attractions-g2269263-Activities-Borgo_Valsugana_Province_of_Trento_Trentino_Alto_Adige.html
Vitorchiano attractions, Province of Viterbo, /Attractions-g1024146-Activities-Vitorchiano_Province_of_Viterbo_Lazio.html
Male attractions, Province of Trento, /Attractions-g1958066-Activities-Male_Province_of_Trento_Trentino_Alto_Adige.html
Golasecca attractions, Province of Varese, /Attractions-g2334871-Activities-Golasecca_Province_of_Varese_Lombardy.html
Bellano attractions, Lake Como, /Attractions-g664176-Activities-Bellano_Lake_Como_Lombardy.html
Corbetta attractions, Province of Milan, /Attractions-g1221352-Activities-Corbetta_Province_of_Milan_Lombardy.html
San Giuseppe Jato attractions, Province of Palermo, /Attractions-g1549106-Activities-San_Giuseppe_Jato_Province_of_Palermo_Sicily.html
San Leonardo attractions, Province of Udine, /Attractions-g1205089-Activities-San_Leonardo_Province_of_Udine_Friuli_Venezia_Giulia.html
Vignanello attractions, Province of Viterbo, /Attractions-g1483661-Activities-Vignanello_Province_of_Viterbo_Lazio.html
Canale attractions, Province of Cuneo, /Attractions-g1123275-Activities-Canale_Province_of_Cuneo_Piedmont.html
Cortemaggiore attractions, Province of Piacenza, /Attractions-g2499652-Activities-Cortemaggiore_Province_of_Piacenza_Emilia_Romagna.html
Arquata Scrivia attractions, Province of Alessandria, /Attractions-g1893648-Activities-Arquata_Scrivia_Province_of_Alessandria_Piedmont.html
Pianoro attractions, Province of Bologna, /Attractions-g1058205-Activities-Pianoro_Province_of_Bologna_Emilia_Romagna.html
Curno attractions, Province of Bergamo, /Attractions-g1402243-Activities-Curno_Province_of_Bergamo_Lombardy.html
Cantagallo attractions, Province of Prato, /Attractions-g1238435-Activities-Cantagallo_Province_of_Prato_Tuscany.html
Dolceacqua attractions, Province of Imperia, /Attractions-g1566559-Activities-Dolceacqua_Province_of_Imperia_Liguria.html
Cusano Mutri attractions, Province of Benevento, /Attractions-g2287622-Activities-Cusano_Mutri_Province_of_Benevento_Campania.html
Mirabella Eclano attractions, Province of Avellino, /Attractions-g2287631-Activities-Mirabella_Eclano_Province_of_Avellino_Campania.html
Loro Piceno attractions, Province of Macerata, /Attractions-g2287680-Activities-Loro_Piceno_Province_of_Macerata_Marche.html
Vada attractions, Province of Livorno, /Attractions-g944393-Activities-Vada_Province_of_Livorno_Tuscany.html
Tuoro sul Trasimeno attractions, Province of Perugia, /Attractions-g796973-Activities-Tuoro_sul_Trasimeno_Province_of_Perugia_Umbria.html
Petralia Soprana attractions, Province of Palermo, /Attractions-g1075687-Activities-Petralia_Soprana_Province_of_Palermo_Sicily.html
Sant'Agata di Militello attractions, Province of Messina, /Attractions-g1059378-Activities-Sant_Agata_di_Militello_Province_of_Messina_Sicily.html
