province_name, region_name, province_url
Gavinana attractions, Province of Pistoia, /Attractions-g2148027-Activities-Gavinana_Province_of_Pistoia_Tuscany.html
Persico Dosimo attractions, Province of Cremona, /Attractions-g2147988-Activities-Persico_Dosimo_Province_of_Cremona_Lombardy.html
Villa Collemandina attractions, Province of Lucca, /Attractions-g1918701-Activities-Villa_Collemandina_Province_of_Lucca_Tuscany.html
Maglione attractions, Province of Turin, /Attractions-g4458333-Activities-Maglione_Province_of_Turin_Piedmont.html
Monastero Bormida attractions, Province of Asti, /Attractions-g2393857-Activities-Monastero_Bormida_Province_of_Asti_Piedmont.html
Bergantino attractions, Province of Rovigo, /Attractions-g2279194-Activities-Bergantino_Province_of_Rovigo_Veneto.html
Palu del Fersina attractions, Province of Trento, /Attractions-g3475323-Activities-Palu_del_Fersina_Province_of_Trento_Trentino_Alto_Adige.html
Camerano Casasco attractions, Province of Asti, /Attractions-g2000757-Activities-Camerano_Casasco_Province_of_Asti_Piedmont.html
Sambuca Pistoiese attractions, Province of Pistoia, /Attractions-g2082718-Activities-Sambuca_Pistoiese_Province_of_Pistoia_Tuscany.html
Casola in Lunigiana attractions, Province of Massa Carrara, /Attractions-g1918873-Activities-Casola_in_Lunigiana_Province_of_Massa_Carrara_Tuscany.html
Arzana attractions, Province of Ogliastra, /Attractions-g1050500-Activities-Arzana_Province_of_Ogliastra_Sardinia.html
Cureggio attractions, Province of Novara, /Attractions-g1918902-Activities-Cureggio_Province_of_Novara_Piedmont.html
Cagnano Amiterno attractions, Province of L'Aquila, /Attractions-g2000863-Activities-Cagnano_Amiterno_Province_of_L_Aquila_Abruzzo.html
Cantalupa attractions, Province of Turin, /Attractions-g1574890-Activities-Cantalupa_Province_of_Turin_Piedmont.html
Moricone attractions, Province of Rome, /Attractions-g3246130-Activities-Moricone_Province_of_Rome_Lazio.html
Varallo Pombia attractions, Province of Novara, /Attractions-g1574971-Activities-Varallo_Pombia_Province_of_Novara_Piedmont.html
Arosio attractions, Province of Como, /Attractions-g1574961-Activities-Arosio_Province_of_Como_Lombardy.html
Garniga Terme attractions, Province of Trento, /Attractions-g1575000-Activities-Garniga_Terme_Province_of_Trento_Trentino_Alto_Adige.html
Cinzano attractions, Province of Turin, /Attractions-g3672191-Activities-Cinzano_Province_of_Turin_Piedmont.html
San Martino Valle Caudina attractions, Province of Avellino, /Attractions-g8767711-Activities-San_Martino_Valle_Caudina_Province_of_Avellino_Campania.html
Casaprota attractions, Province of Rieti, /Attractions-g1820741-Activities-Casaprota_Province_of_Rieti_Lazio.html
Gamberale attractions, Province of Chieti, /Attractions-g1575035-Activities-Gamberale_Province_of_Chieti_Abruzzo.html
Riola attractions, Province of Bologna, /Attractions-g3393631-Activities-Riola_Province_of_Bologna_Emilia_Romagna.html
Plaino attractions, Province of Udine, /Attractions-g5556256-Activities-Plaino_Province_of_Udine_Friuli_Venezia_Giulia.html
Ribordone attractions, Province of Turin, /Attractions-g4491470-Activities-Ribordone_Province_of_Turin_Piedmont.html
Mompeo attractions, Province of Rieti, /Attractions-g2230422-Activities-Mompeo_Province_of_Rieti_Lazio.html
Paravati attractions, Province of Vibo Valentia, /Attractions-g2689260-Activities-Paravati_Province_of_Vibo_Valentia_Calabria.html
Elva attractions, Province of Cuneo, /Attractions-g1902836-Activities-Elva_Province_of_Cuneo_Piedmont.html
Monte Grimano Terme attractions, Province of Pesaro and Urbino, /Attractions-g1591538-Activities-Monte_Grimano_Terme_Province_of_Pesaro_and_Urbino_Marche.html
Santo Stefano di Briga attractions, Province of Messina, /Attractions-g8112507-Activities-Santo_Stefano_di_Briga_Province_of_Messina_Sicily.html
Castel Rozzone attractions, Province of Bergamo, /Attractions-g2443621-Activities-Castel_Rozzone_Province_of_Bergamo_Lombardy.html
Granozzo con Monticello attractions, Province of Novara, /Attractions-g2443624-Activities-Granozzo_con_Monticello_Province_of_Novara_Piedmont.html
Scandale attractions, Province of Crotone, /Attractions-g9554378-Activities-Scandale_Province_of_Crotone_Calabria.html
Montecreto attractions, Province of Modena, /Attractions-g2443643-Activities-Montecreto_Province_of_Modena_Emilia_Romagna.html
San Giovanni Gemini attractions, Province of Agrigento, /Attractions-g2083182-Activities-San_Giovanni_Gemini_Province_of_Agrigento_Sicily.html
Poggio Nativo attractions, Province of Rieti, /Attractions-g2034029-Activities-Poggio_Nativo_Province_of_Rieti_Lazio.html
Predappio Alta attractions, Province of Forli-Cesena, /Attractions-g3148098-Activities-Predappio_Alta_Province_of_Forli_Cesena_Emilia_Romagna.html
Lorenzana attractions, Province of Pisa, /Attractions-g1214874-Activities-Lorenzana_Province_of_Pisa_Tuscany.html
Casorate Primo attractions, Province of Pavia, /Attractions-g2623911-Activities-Casorate_Primo_Province_of_Pavia_Lombardy.html
Carrega Ligure attractions, Province of Alessandria, /Attractions-g12536111-Activities-Carrega_Ligure_Province_of_Alessandria_Piedmont.html
Casalanguida attractions, Province of Chieti, /Attractions-g14108996-Activities-Casalanguida_Province_of_Chieti_Abruzzo.html
Cropani Marina attractions, Province of Catanzaro, /Attractions-g887225-Activities-Cropani_Marina_Province_of_Catanzaro_Calabria.html
Redondesco attractions, Province of Mantua, /Attractions-g10275113-Activities-Redondesco_Province_of_Mantua_Lombardy.html
Torpe attractions, Province of Nuoro, /Attractions-g2705905-Activities-Torpe_Province_of_Nuoro_Sardinia.html
Colonna attractions, Province of Rome, /Attractions-g2017731-Activities-Colonna_Province_of_Rome_Lazio.html
Maranola attractions, Province of Latina, /Attractions-g2623947-Activities-Maranola_Province_of_Latina_Lazio.html
Turate attractions, Province of Como, /Attractions-g1198563-Activities-Turate_Province_of_Como_Lombardy.html
Stazzano attractions, Province of Alessandria, /Attractions-g3475905-Activities-Stazzano_Province_of_Alessandria_Piedmont.html
Rosora attractions, Province of Ancona, /Attractions-g1968649-Activities-Rosora_Province_of_Ancona_Marche.html
Bono attractions, Province of Sassari, /Attractions-g7096948-Activities-Bono_Province_of_Sassari_Sardinia.html
