province_name, region_name, province_url
Guastalla attractions, Province of Reggio Emilia, /Attractions-g303467-Activities-Guastalla_Province_of_Reggio_Emilia_Emilia_Romagna.html
San Felice del Benaco attractions, Province of Brescia, /Attractions-g664154-Activities-San_Felice_del_Benaco_Province_of_Brescia_Lombardy.html
Manerba del Garda attractions, Province of Brescia, /Attractions-g664151-Activities-Manerba_del_Garda_Province_of_Brescia_Lombardy.html
Colico attractions, Lake Como, /Attractions-g664179-Activities-Colico_Lake_Como_Lombardy.html
Ceva attractions, Province of Cuneo, /Attractions-g1795284-Activities-Ceva_Province_of_Cuneo_Piedmont.html
Cascia attractions, Province of Perugia, /Attractions-g664986-Activities-Cascia_Province_of_Perugia_Umbria.html
Tolentino attractions, Province of Macerata, /Attractions-g1059932-Activities-Tolentino_Province_of_Macerata_Marche.html
Andora attractions, Italian Riviera, /Attractions-g945291-Activities-Andora_Italian_Riviera_Liguria.html
Nicosia attractions, Province of Enna, /Attractions-g666977-Activities-Nicosia_Province_of_Enna_Sicily.html
Scilla attractions, Province of Reggio Calabria, /Attractions-g1125982-Activities-Scilla_Province_of_Reggio_Calabria_Calabria.html
Pontecagnano Faiano attractions, Province of Salerno, /Attractions-g2617734-Activities-Pontecagnano_Faiano_Province_of_Salerno_Campania.html
Crocetta del Montello attractions, Province of Treviso, /Attractions-g1946165-Activities-Crocetta_del_Montello_Province_of_Treviso_Veneto.html
Gradisca d'Isonzo attractions, Province of Gorizia, /Attractions-g1520235-Activities-Gradisca_d_Isonzo_Province_of_Gorizia_Friuli_Venezia_Giulia.html
Cisternino attractions, Province of Brindisi, /Attractions-g652000-Activities-Cisternino_Province_of_Brindisi_Puglia.html
Farra di Soligo attractions, Province of Treviso, /Attractions-g1078411-Activities-Farra_di_Soligo_Province_of_Treviso_Veneto.html
Casoli attractions, Province of Chieti, /Attractions-g1079150-Activities-Casoli_Province_of_Chieti_Abruzzo.html
Chivasso attractions, Province of Turin, /Attractions-g194740-Activities-Chivasso_Province_of_Turin_Piedmont.html
Santa Cristina Valgardena attractions, Val Gardena, /Attractions-g194904-Activities-Santa_Cristina_Valgardena_Val_Gardena_Province_of_South_Tyrol_Trentino_Alto_Adige.html
Scalea attractions, Province of Cosenza, /Attractions-g194909-Activities-Scalea_Province_of_Cosenza_Calabria.html
Spotorno attractions, Italian Riviera, /Attractions-g194925-Activities-Spotorno_Italian_Riviera_Liguria.html
Valdaora attractions, Province of South Tyrol, /Attractions-g194940-Activities-Valdaora_Province_of_South_Tyrol_Trentino_Alto_Adige.html
Pulsano attractions, Province of Taranto, /Attractions-g1063396-Activities-Pulsano_Province_of_Taranto_Puglia.html
Albugnano attractions, Province of Asti, /Attractions-g2440025-Activities-Albugnano_Province_of_Asti_Piedmont.html
Pacentro attractions, Province of L'Aquila, /Attractions-g1637592-Activities-Pacentro_Province_of_L_Aquila_Abruzzo.html
Vallelaghi attractions, Province of Trento, /Attractions-g11713894-Activities-Vallelaghi_Province_of_Trento_Trentino_Alto_Adige.html
Galatone attractions, Province of Lecce, /Attractions-g1179331-Activities-Galatone_Province_of_Lecce_Puglia.html
Foiano Della Chiana attractions, Province of Arezzo, /Attractions-g737118-Activities-Foiano_Della_Chiana_Province_of_Arezzo_Tuscany.html
Noale attractions, Province of Venice, /Attractions-g1490902-Activities-Noale_Veneto.html
Fossombrone attractions, Province of Pesaro and Urbino, /Attractions-g1130896-Activities-Fossombrone_Province_of_Pesaro_and_Urbino_Marche.html
Torino di Sangro attractions, Province of Chieti, /Attractions-g1934127-Activities-Torino_di_Sangro_Province_of_Chieti_Abruzzo.html
Salemi attractions, Province of Trapani, /Attractions-g1065830-Activities-Salemi_Province_of_Trapani_Sicily.html
Fiume Veneto attractions, Province of Pordenone, /Attractions-g2213038-Activities-Fiume_Veneto_Province_of_Pordenone_Friuli_Venezia_Giulia.html
Pieve del Grappa attractions, Province of Treviso, /Attractions-g17351683-Activities-Pieve_del_Grappa_Province_of_Treviso_Veneto.html
La Thuile attractions, Valle d'Aosta, /Attractions-g656941-Activities-La_Thuile_Valle_d_Aosta.html
Racconigi attractions, Province of Cuneo, /Attractions-g1574942-Activities-Racconigi_Province_of_Cuneo_Piedmont.html
Azzate attractions, Province of Varese, /Attractions-g1574955-Activities-Azzate_Province_of_Varese_Lombardy.html
Montereale Valcellina attractions, Province of Pordenone, /Attractions-g1574984-Activities-Montereale_Valcellina_Province_of_Pordenone_Friuli_Venezia_Giulia.html
Passignano Sul Trasimeno attractions, Province of Perugia, /Attractions-g657847-Activities-Passignano_Sul_Trasimeno_Province_of_Perugia_Umbria.html
San Giovanni Valdarno attractions, Province of Arezzo, /Attractions-g887275-Activities-San_Giovanni_Valdarno_Province_of_Arezzo_Tuscany.html
Baselga di Pine attractions, Province of Trento, /Attractions-g1051196-Activities-Baselga_di_Pine_Province_of_Trento_Trentino_Alto_Adige.html
Casarsa della Delizia attractions, Province of Pordenone, /Attractions-g608889-Activities-Casarsa_della_Delizia_Province_of_Pordenone_Friuli_Venezia_Giulia.html
Castel Gandolfo attractions, Province of Rome, /Attractions-g608890-Activities-Castel_Gandolfo_Province_of_Rome_Lazio.html
Gatteo a Mare attractions, Province of Forli-Cesena, /Attractions-g1149848-Activities-Gatteo_a_Mare_Province_of_Forli_Cesena_Emilia_Romagna.html
Francavilla di Sicilia attractions, Province of Messina, /Attractions-g642182-Activities-Francavilla_di_Sicilia_Province_of_Messina_Sicily.html
Custonaci attractions, Province of Trapani, /Attractions-g658732-Activities-Custonaci_Province_of_Trapani_Sicily.html
Romagnano Sesia attractions, Province of Novara, /Attractions-g1773273-Activities-Romagnano_Sesia_Province_of_Novara_Piedmont.html
Carini attractions, Province of Palermo, /Attractions-g1052354-Activities-Carini_Province_of_Palermo_Sicily.html
Torri del Benaco attractions, Province of Verona, /Attractions-g659317-Activities-Torri_del_Benaco_Province_of_Verona_Veneto.html
Alessano attractions, Province of Lecce, /Attractions-g659609-Activities-Alessano_Province_of_Lecce_Puglia.html
Meda attractions, Province of Monza and Brianza, /Attractions-g2052843-Activities-Meda_Province_of_Monza_and_Brianza_Lombardy.html
