province_name, region_name, province_url
Cagliari attractions, Province of Cagliari, /Attractions-g187881-Activities-Cagliari_Province_of_Cagliari_Sardinia.html
Udine attractions, Province of Udine, /Attractions-g187814-Activities-Udine_Province_of_Udine_Friuli_Venezia_Giulia.html
Siena attractions, Province of Siena, /Attractions-g187902-Activities-Siena_Tuscany.html
Bari attractions, Province of Bari, /Attractions-g187874-Activities-Bari_Province_of_Bari_Puglia.html
Syracuse attractions, Province of Syracuse, /Attractions-g187891-Activities-Syracuse_Province_of_Syracuse_Sicily.html
Pescara attractions, Province of Pescara, /Attractions-g187770-Activities-Pescara_Province_of_Pescara_Abruzzo.html
Elba Island attractions, Province of Livorno, /Attractions-g202314-Activities-Elba_Island_Province_of_Livorno_Tuscany.html
L'Aquila attractions, Province of L'Aquila, /Attractions-g194790-Activities-L_Aquila_Province_of_L_Aquila_Abruzzo.html
Brescia attractions, Province of Brescia, /Attractions-g194702-Activities-Brescia_Province_of_Brescia_Lombardy.html
Lecce attractions, Province of Lecce, /Attractions-g194791-Activities-Lecce_Province_of_Lecce_Puglia.html
Parma attractions, Province of Parma, /Attractions-g187804-Activities-Parma_Province_of_Parma_Emilia_Romagna.html
Messina attractions, Province of Messina, /Attractions-g187889-Activities-Messina_Province_of_Messina_Sicily.html
Modena attractions, Province of Modena, /Attractions-g187803-Activities-Modena_Province_of_Modena_Emilia_Romagna.html
Perugia attractions, Province of Perugia, /Attractions-g187907-Activities-Perugia_Province_of_Perugia_Umbria.html
Lucca attractions, Province of Lucca, /Attractions-g187898-Activities-Lucca_Province_of_Lucca_Tuscany.html
Pordenone attractions, Province of Pordenone, /Attractions-g194854-Activities-Pordenone_Province_of_Pordenone_Friuli_Venezia_Giulia.html
Bolzano attractions, Province of South Tyrol, /Attractions-g187857-Activities-Bolzano_Province_of_South_Tyrol_Trentino_Alto_Adige.html
Matera attractions, Province of Matera, /Attractions-g187772-Activities-Matera_Province_of_Matera_Basilicata.html
Vicenza attractions, Province of Vicenza, /Attractions-g187872-Activities-Vicenza_Province_of_Vicenza_Veneto.html
Trento attractions, Province of Trento, /Attractions-g187861-Activities-Trento_Province_of_Trento_Trentino_Alto_Adige.html
Bergamo attractions, Province of Bergamo, /Attractions-g187830-Activities-Bergamo_Province_of_Bergamo_Lombardy.html
Salerno attractions, Amalfi Coast, /Attractions-g187781-Activities-Salerno_Amalfi_Coast_Province_of_Salerno_Campania.html
Trapani attractions, Province of Trapani, /Attractions-g494955-Activities-Trapani_Province_of_Trapani_Sicily.html
Livorno attractions, Province of Livorno, /Attractions-g187897-Activities-Livorno_Province_of_Livorno_Tuscany.html
Pompeii attractions, Province of Naples, /Attractions-g187786-Activities-Pompeii_Province_of_Naples_Campania.html
Varese attractions, Province of Varese, /Attractions-g194942-Activities-Varese_Province_of_Varese_Lombardy.html
Ferrara attractions, Province of Ferrara, /Attractions-g194760-Activities-Ferrara_Province_of_Ferrara_Emilia_Romagna.html
Mantua attractions, Province of Mantua, /Attractions-g187848-Activities-Mantua_Province_of_Mantua_Lombardy.html
Isola d'Ischia attractions, Province of Naples, /Attractions-g187784-Activities-Isola_d_Ischia_Province_of_Naples_Campania.html
Como attractions, Lake Como, /Attractions-g187835-Activities-Como_Lake_Como_Lombardy.html
Alghero attractions, Province of Sassari, /Attractions-g187880-Activities-Alghero_Province_of_Sassari_Sardinia.html
Taormina attractions, Province of Messina, /Attractions-g187892-Activities-Taormina_Province_of_Messina_Sicily.html
Cilento and Vallo di Diano National Park attractions, Province of Salerno, /Attractions-g1954173-Activities-Cilento_and_Vallo_di_Diano_National_Park_Province_of_Salerno_Campania.html
Fiumicino attractions, Province of Rome, /Attractions-g656615-Activities-Fiumicino_Province_of_Rome_Lazio.html
Island of Capri attractions, Province of Naples, /Attractions-g1783025-Activities-Island_of_Capri_Province_of_Naples_Campania.html
Assisi attractions, Province of Perugia, /Attractions-g187905-Activities-Assisi_Province_of_Perugia_Umbria.html
Taranto attractions, Province of Taranto, /Attractions-g187878-Activities-Taranto_Province_of_Taranto_Puglia.html
Positano attractions, Amalfi Coast, /Attractions-g194863-Activities-Positano_Amalfi_Coast_Province_of_Salerno_Campania.html
Cervia attractions, Province of Ravenna, /Attractions-g194729-Activities-Cervia_Province_of_Ravenna_Emilia_Romagna.html
Reggio Calabria attractions, Province of Reggio Calabria, /Attractions-g187777-Activities-Reggio_Calabria_Province_of_Reggio_Calabria_Calabria.html
Viareggio attractions, Province of Lucca, /Attractions-g194946-Activities-Viareggio_Province_of_Lucca_Tuscany.html
Reggio Emilia attractions, Province of Reggio Emilia, /Attractions-g194875-Activities-Reggio_Emilia_Province_of_Reggio_Emilia_Emilia_Romagna.html
Piacenza attractions, Province of Piacenza, /Attractions-g187805-Activities-Piacenza_Province_of_Piacenza_Emilia_Romagna.html
Pistoia attractions, Province of Pistoia, /Attractions-g194851-Activities-Pistoia_Province_of_Pistoia_Tuscany.html
Gallipoli attractions, Province of Lecce, /Attractions-g616185-Activities-Gallipoli_Province_of_Lecce_Puglia.html
Merano attractions, Province of South Tyrol, /Attractions-g187860-Activities-Merano_Province_of_South_Tyrol_Trentino_Alto_Adige.html
Marsala attractions, Province of Trapani, /Attractions-g194817-Activities-Marsala_Province_of_Trapani_Sicily.html
Ravenna attractions, Province of Ravenna, /Attractions-g187806-Activities-Ravenna_Province_of_Ravenna_Emilia_Romagna.html
Pavia attractions, Province of Pavia, /Attractions-g187850-Activities-Pavia_Province_of_Pavia_Lombardy.html
Cortina d'Ampezzo attractions, Province of Belluno, /Attractions-g194745-Activities-Cortina_d_Ampezzo_Province_of_Belluno_Veneto.html
