province_name, region_name, province_url
Camairago attractions, Province of Lodi, /Attractions-g2356374-Activities-Camairago_Province_of_Lodi_Lombardy.html
Caccuri attractions, Province of Crotone, /Attractions-g1897634-Activities-Caccuri_Province_of_Crotone_Calabria.html
Corniglio attractions, Province of Parma, /Attractions-g1930460-Activities-Corniglio_Province_of_Parma_Emilia_Romagna.html
Montecalvo in Foglia attractions, Province of Pesaro and Urbino, /Attractions-g734480-Activities-Montecalvo_in_Foglia_Province_of_Pesaro_and_Urbino_Marche.html
Campiglione-Fenile attractions, Province of Turin, /Attractions-g2372870-Activities-Campiglione_Fenile_Province_of_Turin_Piedmont.html
Crevalcore attractions, Province of Bologna, /Attractions-g1537332-Activities-Crevalcore_Province_of_Bologna_Emilia_Romagna.html
Vignate attractions, Province of Milan, /Attractions-g2372874-Activities-Vignate_Province_of_Milan_Lombardy.html
Ardesio attractions, Province of Bergamo, /Attractions-g2372928-Activities-Ardesio_Province_of_Bergamo_Lombardy.html
Monteroduni attractions, Province of Isernia, /Attractions-g1930594-Activities-Monteroduni_Province_of_Isernia_Molise.html
Beverino attractions, Province of La Spezia, /Attractions-g1537433-Activities-Beverino_Province_of_La_Spezia_Liguria.html
Configni attractions, Province of Rieti, /Attractions-g6501977-Activities-Configni_Province_of_Rieti_Lazio.html
Acquasanta attractions, Province of Genoa, /Attractions-g3602032-Activities-Acquasanta_Province_of_Genoa_Liguria.html
Quercianella attractions, Province of Livorno, /Attractions-g1439320-Activities-Quercianella_Province_of_Livorno_Tuscany.html
Pettenasco attractions, Province of Novara, /Attractions-g226915-Activities-Pettenasco_Province_of_Novara_Piedmont.html
Sonnino attractions, Province of Latina, /Attractions-g3487413-Activities-Sonnino_Province_of_Latina_Lazio.html
Narcao attractions, Province of Carbonia-Iglesias, /Attractions-g3487414-Activities-Narcao_Province_of_Carbonia_Iglesias_Sardinia.html
Cimadolmo attractions, Province of Treviso, /Attractions-g1947270-Activities-Cimadolmo_Province_of_Treviso_Veneto.html
Fiordimonte attractions, Province of Macerata, /Attractions-g20346755-Activities-Fiordimonte_Province_of_Macerata_Marche.html
Corte Brugnatella attractions, Province of Piacenza, /Attractions-g3602172-Activities-Corte_Brugnatella_Province_of_Piacenza_Emilia_Romagna.html
Burago di Molgora attractions, Province of Monza and Brianza, /Attractions-g1079036-Activities-Burago_di_Molgora_Province_of_Monza_and_Brianza_Lombardy.html
Forino attractions, Province of Avellino, /Attractions-g1079038-Activities-Forino_Province_of_Avellino_Campania.html
Sant'Olcese attractions, Province of Genoa, /Attractions-g1079058-Activities-Sant_Olcese_Province_of_Genoa_Liguria.html
Mazzin attractions, Province of Trento, /Attractions-g1079069-Activities-Mazzin_Province_of_Trento_Trentino_Alto_Adige.html
Pietradefusi attractions, Province of Avellino, /Attractions-g1079125-Activities-Pietradefusi_Province_of_Avellino_Campania.html
Borghetto d'Arroscia attractions, Province of Imperia, /Attractions-g1554251-Activities-Borghetto_d_Arroscia_Province_of_Imperia_Liguria.html
Chiuduno attractions, Province of Bergamo, /Attractions-g1554301-Activities-Chiuduno_Province_of_Bergamo_Lombardy.html
Tarzo attractions, Province of Treviso, /Attractions-g1652586-Activities-Tarzo_Province_of_Treviso_Veneto.html
Baiso attractions, Province of Reggio Emilia, /Attractions-g1931152-Activities-Baiso_Province_of_Reggio_Emilia_Emilia_Romagna.html
Salbertrand attractions, Province of Turin, /Attractions-g2193327-Activities-Salbertrand_Province_of_Turin_Piedmont.html
Isola Albarella attractions, Province of Rovigo, /Attractions-g1079170-Activities-Isola_Albarella_Province_of_Rovigo_Veneto.html
Cafasse attractions, Province of Turin, /Attractions-g1554309-Activities-Cafasse_Province_of_Turin_Piedmont.html
Torre Chianca attractions, Province of Lecce, /Attractions-g6486012-Activities-Torre_Chianca_Province_of_Lecce_Puglia.html
Bagnolo In Piano attractions, Province of Reggio Emilia, /Attractions-g2144142-Activities-Bagnolo_In_Piano_Province_of_Reggio_Emilia_Emilia_Romagna.html
Paterno Calabro attractions, Province of Cosenza, /Attractions-g7321559-Activities-Paterno_Calabro_Province_of_Cosenza_Calabria.html
Melizzano attractions, Province of Benevento, /Attractions-g1931230-Activities-Melizzano_Province_of_Benevento_Campania.html
Villar San Costanzo attractions, Province of Cuneo, /Attractions-g735172-Activities-Villar_San_Costanzo_Province_of_Cuneo_Piedmont.html
Giarratana attractions, Province of Ragusa, /Attractions-g2717693-Activities-Giarratana_Province_of_Ragusa_Sicily.html
Trofarello attractions, Province of Turin, /Attractions-g1226759-Activities-Trofarello_Province_of_Turin_Piedmont.html
Grottole attractions, Province of Matera, /Attractions-g6436991-Activities-Grottole_Province_of_Matera_Basilicata.html
Tessera attractions, City of Venice, /Attractions-g1095736-Activities-Tessera_Veneto.html
Colle Brianza attractions, Province of Lecco, /Attractions-g2717697-Activities-Colle_Brianza_Province_of_Lecco_Lombardy.html
Traversella attractions, Province of Turin, /Attractions-g2045998-Activities-Traversella_Province_of_Turin_Piedmont.html
Camucia attractions, Province of Arezzo, /Attractions-g1095771-Activities-Camucia_Province_of_Arezzo_Tuscany.html
Castelnuovo di Porto attractions, Province of Rome, /Attractions-g2046025-Activities-Castelnuovo_di_Porto_Province_of_Rome_Lazio.html
Ficarolo attractions, Province of Rovigo, /Attractions-g1439821-Activities-Ficarolo_Province_of_Rovigo_Veneto.html
Poggio Bustone attractions, Province of Rieti, /Attractions-g1997021-Activities-Poggio_Bustone_Province_of_Rieti_Lazio.html
Ghisalba attractions, Province of Bergamo, /Attractions-g4552844-Activities-Ghisalba_Province_of_Bergamo_Lombardy.html
Guardiaregia attractions, Province of Campobasso, /Attractions-g3487968-Activities-Guardiaregia_Province_of_Campobasso_Molise.html
Tribiano attractions, Province of Milan, /Attractions-g1833154-Activities-Tribiano_Province_of_Milan_Lombardy.html
Vetulonia attractions, Province of Grosseto, /Attractions-g4995261-Activities-Vetulonia_Province_of_Grosseto_Tuscany.html
