province_name, region_name, province_url
Panni attractions, Province of Foggia, /Attractions-g2356550-Activities-Panni_Province_of_Foggia_Puglia.html
Vignole Borbera attractions, Province of Alessandria, /Attractions-g2372931-Activities-Vignole_Borbera_Province_of_Alessandria_Piedmont.html
Careggine attractions, Province of Lucca, /Attractions-g1537411-Activities-Careggine_Province_of_Lucca_Tuscany.html
Miagliano attractions, Province of Biella, /Attractions-g19281029-Activities-Miagliano_Province_of_Biella_Piedmont.html
San Martino in Beliseto attractions, Province of Cremona, /Attractions-g21509271-Activities-San_Martino_in_Beliseto_Province_of_Cremona_Lombardy.html
Pompiano attractions, Province of Brescia, /Attractions-g7746948-Activities-Pompiano_Province_of_Brescia_Lombardy.html
Terelle attractions, Province of Frosinone, /Attractions-g19281701-Activities-Terelle_Province_of_Frosinone_Lazio.html
Brumano attractions, Province of Bergamo, /Attractions-g19281699-Activities-Brumano_Province_of_Bergamo_Lombardy.html
Momperone attractions, Province of Alessandria, /Attractions-g2209324-Activities-Momperone_Province_of_Alessandria_Piedmont.html
Vallefiorita attractions, Province of Catanzaro, /Attractions-g20592426-Activities-Vallefiorita_Province_of_Catanzaro_Calabria.html
Calciano attractions, Province of Matera, /Attractions-g10368676-Activities-Calciano_Province_of_Matera_Basilicata.html
Cis attractions, Province of Trento, /Attractions-g20871021-Activities-Cis_Province_of_Trento_Trentino_Alto_Adige.html
Oniferi attractions, Province of Nuoro, /Attractions-g10368707-Activities-Oniferi_Province_of_Nuoro_Sardinia.html
Messercola attractions, Province of Caserta, /Attractions-g19380090-Activities-Messercola_Province_of_Caserta_Campania.html
San Martino sul Fiora attractions, Province of Grosseto, /Attractions-g8009226-Activities-San_Martino_sul_Fiora_Province_of_Grosseto_Tuscany.html
Oleggio Castello attractions, Province of Novara, /Attractions-g1160811-Activities-Oleggio_Castello_Province_of_Novara_Piedmont.html
Casal Cermelli attractions, Province of Alessandria, /Attractions-g14120542-Activities-Casal_Cermelli_Province_of_Alessandria_Piedmont.html
Cala Santa Maria attractions, La Maddalena, /Attractions-g14120537-Activities-Cala_Santa_Maria_La_Maddalena_Maddalena_Islands_Province_of_Olbia_Tempio_Sardinia.html
Magnago attractions, Province of Milan, /Attractions-g3569282-Activities-Magnago_Province_of_Milan_Lombardy.html
Laurito attractions, Province of Salerno, /Attractions-g6895312-Activities-Laurito_Province_of_Salerno_Campania.html
Andalo Valtellino attractions, Province of Sondrio, /Attractions-g5109401-Activities-Andalo_Valtellino_Province_of_Sondrio_Lombardy.html
Saint Jacques attractions, Valle d'Aosta, /Attractions-g8631918-Activities-Saint_Jacques_Valle_d_Aosta.html
Giustenice attractions, Province of Savona, /Attractions-g1931031-Activities-Giustenice_Province_of_Savona_Liguria.html
Roveredo di Gua attractions, Province of Verona, /Attractions-g10123149-Activities-Roveredo_di_Gua_Province_of_Verona_Veneto.html
Quaregna attractions, Province of Biella, /Attractions-g4994936-Activities-Quaregna_Province_of_Biella_Piedmont.html
Ospedaletto Lodigiano attractions, Province of Lodi, /Attractions-g1079120-Activities-Ospedaletto_Lodigiano_Province_of_Lodi_Lombardy.html
Verrua Po attractions, Province of Pavia, /Attractions-g6387492-Activities-Verrua_Po_Province_of_Pavia_Lombardy.html
Guardamiglio attractions, Province of Lodi, /Attractions-g1079156-Activities-Guardamiglio_Province_of_Lodi_Lombardy.html
Borgaretto attractions, Province of Turin, /Attractions-g1390495-Activities-Borgaretto_Province_of_Turin_Piedmont.html
Morano sul Po attractions, Province of Alessandria, /Attractions-g1898385-Activities-Morano_sul_Po_Province_of_Alessandria_Piedmont.html
Chiesanuova attractions, Province of Macerata, /Attractions-g3569580-Activities-Chiesanuova_Province_of_Macerata_Marche.html
Orasso attractions, Province of Verbano-Cusio-Ossola, /Attractions-g12875611-Activities-Orasso_Province_of_Verbano_Cusio_Ossola_Piedmont.html
Pedemonte attractions, Province of Vicenza, /Attractions-g9762609-Activities-Pedemonte_Province_of_Vicenza_Veneto.html
Ceretto Lomellina attractions, Province of Pavia, /Attractions-g3700637-Activities-Ceretto_Lomellina_Province_of_Pavia_Lombardy.html
Cicala attractions, Province of Catanzaro, /Attractions-g21247715-Activities-Cicala_Province_of_Catanzaro_Calabria.html
Sant'Alberto attractions, Province of Siena, /Attractions-g1210293-Activities-Sant_Alberto_Tuscany.html
San Donato di Ninea attractions, Province of Cosenza, /Attractions-g7321521-Activities-San_Donato_di_Ninea_Province_of_Cosenza_Calabria.html
Campestrin attractions, Province of Trento, /Attractions-g12875572-Activities-Campestrin_Province_of_Trento_Trentino_Alto_Adige.html
Canna attractions, Province of Cosenza, /Attractions-g7321497-Activities-Canna_Province_of_Cosenza_Calabria.html
San Sosti attractions, Province of Cosenza, /Attractions-g7321495-Activities-San_Sosti_Province_of_Cosenza_Calabria.html
La Petrizia attractions, Province of Catanzaro, /Attractions-g21247672-Activities-La_Petrizia_Province_of_Catanzaro_Calabria.html
Terme Aurora attractions, Province of Sassari, /Attractions-g18970917-Activities-Terme_Aurora_Province_of_Sassari_Sardinia.html
Trisobbio attractions, Province of Alessandria, /Attractions-g1226778-Activities-Trisobbio_Province_of_Alessandria_Piedmont.html
Intragna attractions, Province of Verbano-Cusio-Ossola, /Attractions-g21199178-Activities-Intragna_Province_of_Verbano_Cusio_Ossola_Piedmont.html
Margarita attractions, Province of Cuneo, /Attractions-g3569697-Activities-Margarita_Province_of_Cuneo_Piedmont.html
Armento attractions, Province of Potenza, /Attractions-g6436984-Activities-Armento_Province_of_Potenza_Basilicata.html
Castromediano attractions, Province of Lecce, /Attractions-g1177648-Activities-Castromediano_Province_of_Lecce_Puglia.html
Salisano attractions, Province of Rieti, /Attractions-g3569687-Activities-Salisano_Province_of_Rieti_Lazio.html
Rocca Colonnalta attractions, Province of Macerata, /Attractions-g16677070-Activities-Rocca_Colonnalta_Province_of_Macerata_Marche.html
Onore attractions, Province of Bergamo, /Attractions-g2291818-Activities-Onore_Province_of_Bergamo_Lombardy.html
