province_name, region_name, province_url
Casaloldo attractions, Province of Mantua, /Attractions-g2400442-Activities-Casaloldo_Province_of_Mantua_Lombardy.html
Costacciaro attractions, Province of Perugia, /Attractions-g1597574-Activities-Costacciaro_Province_of_Perugia_Umbria.html
Ortovero attractions, Province of Savona, /Attractions-g2187423-Activities-Ortovero_Province_of_Savona_Liguria.html
Veleso attractions, Lake Como, /Attractions-g1401086-Activities-Veleso_Lake_Como_Lombardy.html
Virgilio attractions, Province of Mantua, /Attractions-g1204476-Activities-Virgilio_Province_of_Mantua_Lombardy.html
Pinarolo Po attractions, Province of Pavia, /Attractions-g12083641-Activities-Pinarolo_Po_Province_of_Pavia_Lombardy.html
Carate Urio attractions, Lake Como, /Attractions-g1401091-Activities-Carate_Urio_Lake_Como_Lombardy.html
Vignola-Falesina attractions, Province of Trento, /Attractions-g4972922-Activities-Vignola_Falesina_Province_of_Trento_Trentino_Alto_Adige.html
Mozzate attractions, Province of Como, /Attractions-g1057108-Activities-Mozzate_Province_of_Como_Lombardy.html
Montefegatesi attractions, Province of Lucca, /Attractions-g3383644-Activities-Montefegatesi_Province_of_Lucca_Tuscany.html
Feglino attractions, Province of Savona, /Attractions-g1204582-Activities-Feglino_Province_of_Savona_Liguria.html
San Cipriano d'Aversa attractions, Province of Caserta, /Attractions-g4317640-Activities-San_Cipriano_d_Aversa_Province_of_Caserta_Campania.html
Torlino Vimercati attractions, Province of Cremona, /Attractions-g2285996-Activities-Torlino_Vimercati_Province_of_Cremona_Lombardy.html
Sant'Anna di Valdieri attractions, Province of Cuneo, /Attractions-g4481495-Activities-Sant_Anna_di_Valdieri_Province_of_Cuneo_Piedmont.html
Cicerale attractions, Province of Salerno, /Attractions-g2286006-Activities-Cicerale_Province_of_Salerno_Campania.html
Pieve Vergonte attractions, Province of Verbano-Cusio-Ossola, /Attractions-g12263727-Activities-Pieve_Vergonte_Province_of_Verbano_Cusio_Ossola_Piedmont.html
Lambrugo attractions, Province of Como, /Attractions-g3187093-Activities-Lambrugo_Province_of_Como_Lombardy.html
Soverzene attractions, Province of Belluno, /Attractions-g3383683-Activities-Soverzene_Province_of_Belluno_Veneto.html
Sorradile attractions, Province of Oristano, /Attractions-g8429873-Activities-Sorradile_Province_of_Oristano_Sardinia.html
Scandolara Ripa d'Oglio attractions, Province of Cremona, /Attractions-g1778137-Activities-Scandolara_Ripa_d_Oglio_Province_of_Cremona_Lombardy.html
Olevano sul Tusciano attractions, Province of Salerno, /Attractions-g18981099-Activities-Olevano_sul_Tusciano_Province_of_Salerno_Campania.html
Zermeghedo attractions, Province of Vicenza, /Attractions-g1925631-Activities-Zermeghedo_Province_of_Vicenza_Veneto.html
Caldana attractions, Province of Grosseto, /Attractions-g1925618-Activities-Caldana_Province_of_Grosseto_Tuscany.html
Caravonica attractions, Province of Imperia, /Attractions-g8331895-Activities-Caravonica_Province_of_Imperia_Liguria.html
Arpaia attractions, Province of Benevento, /Attractions-g1925690-Activities-Arpaia_Province_of_Benevento_Campania.html
Monteleone di Puglia attractions, Province of Foggia, /Attractions-g7021147-Activities-Monteleone_di_Puglia_Province_of_Foggia_Puglia.html
Villanova Monferrato attractions, Province of Alessandria, /Attractions-g2302538-Activities-Villanova_Monferrato_Province_of_Alessandria_Piedmont.html
Dorio attractions, Lake Como, /Attractions-g664184-Activities-Dorio_Lake_Como_Lombardy.html
Brunate attractions, Lake Como, /Attractions-g664178-Activities-Brunate_Lake_Como_Lombardy.html
Musso attractions, Lake Como, /Attractions-g664192-Activities-Musso_Lake_Como_Lombardy.html
Pino Lago Maggiore attractions, Lake Maggiore, /Attractions-g664209-Activities-Pino_Lago_Maggiore_Lake_Maggiore_Lombardy.html
Dusino San Michele attractions, Province of Asti, /Attractions-g4580056-Activities-Dusino_San_Michele_Province_of_Asti_Piedmont.html
Gianico attractions, Province of Brescia, /Attractions-g1925798-Activities-Gianico_Province_of_Brescia_Lombardy.html
Caraffa di Catanzaro attractions, Province of Catanzaro, /Attractions-g2482915-Activities-Caraffa_di_Catanzaro_Province_of_Catanzaro_Calabria.html
Canneto attractions, Province of Pisa, /Attractions-g2482902-Activities-Canneto_Province_of_Pisa_Tuscany.html
Putzu Idu attractions, Province of Oristano, /Attractions-g2482908-Activities-Putzu_Idu_Province_of_Oristano_Sardinia.html
Anela attractions, Province of Sassari, /Attractions-g13329355-Activities-Anela_Province_of_Sassari_Sardinia.html
Cossignano attractions, Province of Ascoli Piceno, /Attractions-g1549078-Activities-Cossignano_Province_of_Ascoli_Piceno_Marche.html
Castellaro attractions, Province of Imperia, /Attractions-g1925902-Activities-Castellaro_Province_of_Imperia_Liguria.html
Puglianello attractions, Province of Benevento, /Attractions-g2007816-Activities-Puglianello_Province_of_Benevento_Campania.html
Acquafredda attractions, Province of Brescia, /Attractions-g16737229-Activities-Acquafredda_Province_of_Brescia_Lombardy.html
Oviglio attractions, Province of Alessandria, /Attractions-g1057576-Activities-Oviglio_Province_of_Alessandria_Piedmont.html
Faloppio attractions, Province of Como, /Attractions-g3253105-Activities-Faloppio_Province_of_Como_Lombardy.html
Casole Bruzio attractions, Province of Cosenza, /Attractions-g1221502-Activities-Casole_Bruzio_Province_of_Cosenza_Calabria.html
Rogeno attractions, Province of Lecco, /Attractions-g2450345-Activities-Rogeno_Province_of_Lecco_Lombardy.html
Villa Carcina attractions, Province of Brescia, /Attractions-g7791610-Activities-Villa_Carcina_Province_of_Brescia_Lombardy.html
Treppo Carnico attractions, Province of Udine, /Attractions-g2499569-Activities-Treppo_Carnico_Province_of_Udine_Friuli_Venezia_Giulia.html
Lagaccioni attractions, Province of Florence, /Attractions-g11920214-Activities-Lagaccioni_Tuscany.html
Grotte attractions, Province of Agrigento, /Attractions-g7791741-Activities-Grotte_Province_of_Agrigento_Sicily.html
Muzzana del Turgnano attractions, Province of Udine, /Attractions-g11920535-Activities-Muzzana_del_Turgnano_Province_of_Udine_Friuli_Venezia_Giulia.html
