province_name, region_name, province_url
Toritto attractions, Province of Bari, /Attractions-g2004751-Activities-Toritto_Province_of_Bari_Puglia.html
Ponzano Veneto attractions, Province of Treviso, /Attractions-g1185576-Activities-Ponzano_Veneto_Province_of_Treviso_Veneto.html
Luserna attractions, Province of Trento, /Attractions-g2316132-Activities-Luserna_Province_of_Trento_Trentino_Alto_Adige.html
Canzano attractions, Province of Teramo, /Attractions-g3135331-Activities-Canzano_Province_of_Teramo_Abruzzo.html
Gorgo al Monticano attractions, Province of Treviso, /Attractions-g1054612-Activities-Gorgo_al_Monticano_Province_of_Treviso_Veneto.html
Pre-Saint-Didier attractions, Valle d'Aosta, /Attractions-g776105-Activities-Pre_Saint_Didier_Valle_d_Aosta.html
Istrana attractions, Province of Treviso, /Attractions-g939955-Activities-Istrana_Province_of_Treviso_Veneto.html
Podenzano attractions, Province of Piacenza, /Attractions-g1972168-Activities-Podenzano_Province_of_Piacenza_Emilia_Romagna.html
Castronno attractions, Province of Varese, /Attractions-g2021365-Activities-Castronno_Province_of_Varese_Lombardy.html
Fiesso d'Artico attractions, Province of Venice, /Attractions-g1054732-Activities-Fiesso_d_Artico_Veneto.html
Colfosco attractions, Province of South Tyrol, /Attractions-g1169453-Activities-Colfosco_Province_of_South_Tyrol_Trentino_Alto_Adige.html
San Vito Romano attractions, Province of Rome, /Attractions-g2201664-Activities-San_Vito_Romano_Province_of_Rome_Lazio.html
Racalmuto attractions, Province of Agrigento, /Attractions-g1972376-Activities-Racalmuto_Province_of_Agrigento_Sicily.html
Sante Marie attractions, Province of L'Aquila, /Attractions-g1972433-Activities-Sante_Marie_Province_of_L_Aquila_Abruzzo.html
Montemarciano attractions, Province of Ancona, /Attractions-g1972522-Activities-Montemarciano_Province_of_Ancona_Marche.html
Valstagna attractions, Province of Vicenza, /Attractions-g1644891-Activities-Valstagna_Province_of_Vicenza_Veneto.html
Rosignano Monferrato attractions, Province of Alessandria, /Attractions-g1186328-Activities-Rosignano_Monferrato_Province_of_Alessandria_Piedmont.html
Bagnoregio attractions, Province of Viterbo, /Attractions-g1235481-Activities-Bagnoregio_Province_of_Viterbo_Lazio.html
Garbagna attractions, Province of Alessandria, /Attractions-g2251269-Activities-Garbagna_Province_of_Alessandria_Piedmont.html
Ascea attractions, Cilento and Vallo di Diano National Park, /Attractions-g580207-Activities-Ascea_Cilento_and_Vallo_di_Diano_National_Park_Province_of_Salerno_Campania.html
Pino Torinese attractions, Province of Turin, /Attractions-g1055359-Activities-Pino_Torinese_Province_of_Turin_Piedmont.html
Locate di Triulzi attractions, Province of Milan, /Attractions-g1497706-Activities-Locate_di_Triulzi_Province_of_Milan_Lombardy.html
Cles attractions, Province of Trento, /Attractions-g1514131-Activities-Cles_Province_of_Trento_Trentino_Alto_Adige.html
Volpiano attractions, Province of Turin, /Attractions-g1055362-Activities-Volpiano_Province_of_Turin_Piedmont.html
Nave attractions, Province of Brescia, /Attractions-g2136811-Activities-Nave_Province_of_Brescia_Lombardy.html
Villanova d'Asti attractions, Province of Asti, /Attractions-g1809217-Activities-Villanova_d_Asti_Province_of_Asti_Piedmont.html
Cocconato attractions, Province of Asti, /Attractions-g1809220-Activities-Cocconato_Province_of_Asti_Piedmont.html
Massanzago attractions, Province of Padua, /Attractions-g2136966-Activities-Massanzago_Province_of_Padua_Veneto.html
Bitritto attractions, Province of Bari, /Attractions-g2136979-Activities-Bitritto_Province_of_Bari_Puglia.html
Sauze di Cesana attractions, Province of Turin, /Attractions-g2251785-Activities-Sauze_di_Cesana_Province_of_Turin_Piedmont.html
Sonico attractions, Province of Brescia, /Attractions-g2333995-Activities-Sonico_Province_of_Brescia_Lombardy.html
Sellia attractions, Province of Catanzaro, /Attractions-g12803567-Activities-Sellia_Province_of_Catanzaro_Calabria.html
Sant'Andrea del Garigliano attractions, Province of Frosinone, /Attractions-g5561721-Activities-Sant_Andrea_del_Garigliano_Province_of_Frosinone_Lazio.html
Trino attractions, Province of Vercelli, /Attractions-g2153900-Activities-Trino_Province_of_Vercelli_Piedmont.html
Rifiano attractions, Province of South Tyrol, /Attractions-g1187285-Activities-Rifiano_Province_of_South_Tyrol_Trentino_Alto_Adige.html
Riolunato attractions, Province of Modena, /Attractions-g1744379-Activities-Riolunato_Province_of_Modena_Emilia_Romagna.html
Aldeno attractions, Province of Trento, /Attractions-g6479244-Activities-Aldeno_Province_of_Trento_Trentino_Alto_Adige.html
Riva Ligure attractions, Italian Riviera, /Attractions-g1400540-Activities-Riva_Ligure_Italian_Riviera_Liguria.html
Melito di Napoli attractions, Province of Naples, /Attractions-g1056451-Activities-Melito_di_Napoli_Province_of_Naples_Campania.html
Santa Sofia attractions, Province of Forli-Cesena, /Attractions-g1515257-Activities-Santa_Sofia_Province_of_Forli_Cesena_Emilia_Romagna.html
Arce attractions, Province of Frosinone, /Attractions-g1400581-Activities-Arce_Province_of_Frosinone_Lazio.html
Guglionesi attractions, Province of Campobasso, /Attractions-g1777474-Activities-Guglionesi_Province_of_Campobasso_Molise.html
Caldogno attractions, Province of Vicenza, /Attractions-g663564-Activities-Caldogno_Province_of_Vicenza_Veneto.html
Capodrise attractions, Province of Caserta, /Attractions-g663565-Activities-Capodrise_Province_of_Caserta_Campania.html
Marlengo attractions, Province of South Tyrol, /Attractions-g663602-Activities-Marlengo_Province_of_South_Tyrol_Trentino_Alto_Adige.html
Arcole attractions, Province of Verona, /Attractions-g2400355-Activities-Arcole_Province_of_Verona_Veneto.html
Paterno attractions, Province of Catania, /Attractions-g1237085-Activities-Paterno_Province_of_Catania_Sicily.html
Fossato di Vico attractions, Province of Perugia, /Attractions-g1597576-Activities-Fossato_di_Vico_Province_of_Perugia_Umbria.html
Isola Vicentina attractions, Province of Vicenza, /Attractions-g2400398-Activities-Isola_Vicentina_Province_of_Vicenza_Veneto.html
Crissolo attractions, Province of Cuneo, /Attractions-g2334862-Activities-Crissolo_Province_of_Cuneo_Piedmont.html
