province_name, region_name, province_url
Glorenza attractions, Province of South Tyrol, /Attractions-g1419859-Activities-Glorenza_Province_of_South_Tyrol_Trentino_Alto_Adige.html
Zola Predosa attractions, Province of Bologna, /Attractions-g780938-Activities-Zola_Predosa_Province_of_Bologna_Emilia_Romagna.html
Alfedena attractions, Province of L'Aquila, /Attractions-g1469086-Activities-Alfedena_Province_of_L_Aquila_Abruzzo.html
Limana attractions, Province of Belluno, /Attractions-g2337601-Activities-Limana_Province_of_Belluno_Veneto.html
Bassano Romano attractions, Province of Viterbo, /Attractions-g1567696-Activities-Bassano_Romano_Province_of_Viterbo_Lazio.html
Manoppello attractions, Province of Pescara, /Attractions-g2010209-Activities-Manoppello_Province_of_Pescara_Abruzzo.html
Illasi attractions, Province of Verona, /Attractions-g2436275-Activities-Illasi_Province_of_Verona_Veneto.html
Funes attractions, Province of South Tyrol, /Attractions-g1207472-Activities-Funes_Province_of_South_Tyrol_Trentino_Alto_Adige.html
Lauco attractions, Province of Udine, /Attractions-g2370698-Activities-Lauco_Province_of_Udine_Friuli_Venezia_Giulia.html
Trissino attractions, Province of Vicenza, /Attractions-g1535282-Activities-Trissino_Province_of_Vicenza_Veneto.html
Pieve di Cento attractions, Province of Bologna, /Attractions-g1076556-Activities-Pieve_di_Cento_Province_of_Bologna_Emilia_Romagna.html
Costa Volpino attractions, Province of Bergamo, /Attractions-g2370897-Activities-Costa_Volpino_Province_of_Bergamo_Lombardy.html
Lenno attractions, Lake Como, /Attractions-g1076867-Activities-Lenno_Lake_Como_Lombardy.html
Turi attractions, Province of Bari, /Attractions-g1076903-Activities-Turi_Province_of_Bari_Puglia.html
Rotonda attractions, Province of Potenza, /Attractions-g1535857-Activities-Rotonda_Province_of_Potenza_Basilicata.html
Radicofani attractions, Province of Siena, /Attractions-g1077103-Activities-Radicofani_Tuscany.html
Montegrino Valtravaglia attractions, Province of Varese, /Attractions-g3174485-Activities-Montegrino_Valtravaglia_Province_of_Varese_Lombardy.html
Calalzo di Cadore attractions, Province of Belluno, /Attractions-g1732823-Activities-Calalzo_di_Cadore_Province_of_Belluno_Veneto.html
Settimo Vittone attractions, Province of Turin, /Attractions-g2093415-Activities-Settimo_Vittone_Province_of_Turin_Piedmont.html
Capistrello attractions, Province of L'Aquila, /Attractions-g2634137-Activities-Capistrello_Province_of_L_Aquila_Abruzzo.html
Tocco da Casauria attractions, Province of Pescara, /Attractions-g2355607-Activities-Tocco_da_Casauria_Province_of_Pescara_Abruzzo.html
Ayas attractions, Valle d'Aosta, /Attractions-g1028607-Activities-Ayas_Valle_d_Aosta.html
Castiglione D'Orcia attractions, Province of Siena, /Attractions-g668227-Activities-Castiglione_D_Orcia_Tuscany.html
Viggiu attractions, Province of Varese, /Attractions-g1749723-Activities-Viggiu_Province_of_Varese_Lombardy.html
Casarano attractions, Province of Lecce, /Attractions-g651997-Activities-Casarano_Province_of_Lecce_Puglia.html
Robecchetto con Induno attractions, Province of Milan, /Attractions-g1077965-Activities-Robecchetto_con_Induno_Province_of_Milan_Lombardy.html
Taviano attractions, Province of Lecce, /Attractions-g652008-Activities-Taviano_Province_of_Lecce_Puglia.html
Bari Sardo attractions, Province of Ogliastra, /Attractions-g652011-Activities-Bari_Sardo_Province_of_Ogliastra_Sardinia.html
Piana degli Albanesi attractions, Province of Palermo, /Attractions-g635631-Activities-Piana_degli_Albanesi_Province_of_Palermo_Sicily.html
Cetara attractions, Amalfi Coast, /Attractions-g635620-Activities-Cetara_Amalfi_Coast_Province_of_Salerno_Campania.html
Realmonte attractions, Province of Agrigento, /Attractions-g652025-Activities-Realmonte_Province_of_Agrigento_Sicily.html
Porlezza attractions, Province of Como, /Attractions-g1077989-Activities-Porlezza_Province_of_Como_Lombardy.html
Grammichele attractions, Province of Catania, /Attractions-g652020-Activities-Grammichele_Province_of_Catania_Sicily.html
Porto Empedocle attractions, Province of Agrigento, /Attractions-g652023-Activities-Porto_Empedocle_Province_of_Agrigento_Sicily.html
Susa attractions, Province of Turin, /Attractions-g1078069-Activities-Susa_Province_of_Turin_Piedmont.html
Arcugnano attractions, Province of Vicenza, /Attractions-g668522-Activities-Arcugnano_Province_of_Vicenza_Veneto.html
Preci attractions, Province of Perugia, /Attractions-g1438738-Activities-Preci_Province_of_Perugia_Umbria.html
San Vendemiano attractions, Province of Treviso, /Attractions-g1078274-Activities-San_Vendemiano_Province_of_Treviso_Veneto.html
Treppo Grande attractions, Province of Udine, /Attractions-g4551714-Activities-Treppo_Grande_Province_of_Udine_Friuli_Venezia_Giulia.html
Coli attractions, Province of Piacenza, /Attractions-g5027146-Activities-Coli_Province_of_Piacenza_Emilia_Romagna.html
Valenza attractions, Province of Alessandria, /Attractions-g783938-Activities-Valenza_Province_of_Alessandria_Piedmont.html
Nicotera attractions, Province of Vibo Valentia, /Attractions-g1062524-Activities-Nicotera_Province_of_Vibo_Valentia_Calabria.html
Bitetto attractions, Province of Bari, /Attractions-g1226341-Activities-Bitetto_Province_of_Bari_Puglia.html
Trezzo sull'Adda attractions, Province of Milan, /Attractions-g1062531-Activities-Trezzo_sull_Adda_Province_of_Milan_Lombardy.html
Montefusco attractions, Province of Avellino, /Attractions-g1816385-Activities-Montefusco_Province_of_Avellino_Campania.html
Mascalucia attractions, Province of Catania, /Attractions-g1472373-Activities-Mascalucia_Province_of_Catania_Sicily.html
Valenzano attractions, Province of Bari, /Attractions-g1996641-Activities-Valenzano_Province_of_Bari_Puglia.html
San Quirino attractions, Province of Pordenone, /Attractions-g2291814-Activities-San_Quirino_Province_of_Pordenone_Friuli_Venezia_Giulia.html
Arta Terme attractions, Province of Udine, /Attractions-g194674-Activities-Arta_Terme_Province_of_Udine_Friuli_Venezia_Giulia.html
Bastia Umbra attractions, Province of Perugia, /Attractions-g194686-Activities-Bastia_Umbra_Province_of_Perugia_Umbria.html
