province_name, region_name, province_url
Marina di Altidona attractions, Province of Fermo, /Attractions-g12966686-Activities-Marina_di_Altidona_Province_of_Fermo_Marche.html
Civitaquana attractions, Province of Pescara, /Attractions-g2431950-Activities-Civitaquana_Province_of_Pescara_Abruzzo.html
Pila attractions, Province of Perugia, /Attractions-g5970858-Activities-Pila_Province_of_Perugia_Umbria.html
Cene attractions, Province of Bergamo, /Attractions-g2530257-Activities-Cene_Province_of_Bergamo_Lombardy.html
Faule attractions, Province of Cuneo, /Attractions-g22043990-Activities-Faule_Province_of_Cuneo_Piedmont.html
Lucca Sicula attractions, Province of Agrigento, /Attractions-g7019597-Activities-Lucca_Sicula_Province_of_Agrigento_Sicily.html
Castiglione Torinese attractions, Province of Turin, /Attractions-g3546116-Activities-Castiglione_Torinese_Province_of_Turin_Piedmont.html
Sant'Anna di Chioggia attractions, Province of Venice, /Attractions-g1973339-Activities-Sant_Anna_di_Chioggia_Veneto.html
Terrassa Padovana attractions, Province of Padua, /Attractions-g2399329-Activities-Terrassa_Padovana_Province_of_Padua_Veneto.html
Pieve di Santa Luce attractions, Province of Pisa, /Attractions-g1186910-Activities-Pieve_di_Santa_Luce_Province_of_Pisa_Tuscany.html
Vignone attractions, Province of Verbano-Cusio-Ossola, /Attractions-g1186880-Activities-Vignone_Province_of_Verbano_Cusio_Ossola_Piedmont.html
Castel Campagnano attractions, Province of Caserta, /Attractions-g1842245-Activities-Castel_Campagnano_Province_of_Caserta_Campania.html
San Pietro in Lama attractions, Province of Lecce, /Attractions-g1809530-Activities-San_Pietro_in_Lama_Province_of_Lecce_Puglia.html
Pesco Sannita attractions, Province of Benevento, /Attractions-g2399314-Activities-Pesco_Sannita_Province_of_Benevento_Campania.html
Borgo San Giovanni attractions, Province of Lodi, /Attractions-g3382341-Activities-Borgo_San_Giovanni_Province_of_Lodi_Lombardy.html
Coldrano attractions, Province of South Tyrol, /Attractions-g1186917-Activities-Coldrano_Province_of_South_Tyrol_Trentino_Alto_Adige.html
Crescentino attractions, Province of Vercelli, /Attractions-g2186333-Activities-Crescentino_Province_of_Vercelli_Piedmont.html
Morsasco attractions, Province of Alessandria, /Attractions-g2399321-Activities-Morsasco_Province_of_Alessandria_Piedmont.html
Volano attractions, Province of Trento, /Attractions-g1809508-Activities-Volano_Province_of_Trento_Trentino_Alto_Adige.html
Castiglione attractions, Province of Massa Carrara, /Attractions-g2399360-Activities-Castiglione_Province_of_Massa_Carrara_Tuscany.html
Penna in Teverina attractions, Province of Terni, /Attractions-g1137847-Activities-Penna_in_Teverina_Province_of_Terni_Umbria.html
San Pietro Apostolo attractions, Province of Catanzaro, /Attractions-g4971749-Activities-San_Pietro_Apostolo_Province_of_Catanzaro_Calabria.html
Castegnero attractions, Province of Vicenza, /Attractions-g6200549-Activities-Castegnero_Province_of_Vicenza_Veneto.html
Villa Verde attractions, Province of Oristano, /Attractions-g17784271-Activities-Villa_Verde_Province_of_Oristano_Sardinia.html
Buriasco attractions, Province of Turin, /Attractions-g1760452-Activities-Buriasco_Province_of_Turin_Piedmont.html
Motteggiana attractions, Province of Mantua, /Attractions-g1596657-Activities-Motteggiana_Province_of_Mantua_Lombardy.html
Pescorocchiano attractions, Province of Rieti, /Attractions-g1924332-Activities-Pescorocchiano_Province_of_Rieti_Lazio.html
Algua attractions, Province of Bergamo, /Attractions-g2464979-Activities-Algua_Province_of_Bergamo_Lombardy.html
Sartirana Lomellina attractions, Province of Pavia, /Attractions-g2317529-Activities-Sartirana_Lomellina_Province_of_Pavia_Lombardy.html
Fossanova attractions, Province of Latina, /Attractions-g1924382-Activities-Fossanova_Province_of_Latina_Lazio.html
Capriana attractions, Province of Trento, /Attractions-g5496160-Activities-Capriana_Province_of_Trento_Trentino_Alto_Adige.html
Muzzano attractions, Province of Biella, /Attractions-g8658377-Activities-Muzzano_Province_of_Biella_Piedmont.html
Celle di Bulgheria attractions, Province of Salerno, /Attractions-g8658389-Activities-Celle_di_Bulgheria_Province_of_Salerno_Campania.html
Polaveno attractions, Province of Brescia, /Attractions-g19274864-Activities-Polaveno_Province_of_Brescia_Lombardy.html
Sinopoli attractions, Province of Reggio Calabria, /Attractions-g12803507-Activities-Sinopoli_Province_of_Reggio_Calabria_Calabria.html
Alfianello attractions, Province of Brescia, /Attractions-g8871414-Activities-Alfianello_Province_of_Brescia_Lombardy.html
Iavre attractions, Province of Trento, /Attractions-g14114208-Activities-Iavre_Province_of_Trento_Trentino_Alto_Adige.html
Castel di Judica attractions, Province of Catania, /Attractions-g12541233-Activities-Castel_di_Judica_Province_of_Catania_Sicily.html
Lecchiore attractions, Province of Imperia, /Attractions-g1187201-Activities-Lecchiore_Province_of_Imperia_Liguria.html
Motta Baluffi attractions, Province of Cremona, /Attractions-g4922833-Activities-Motta_Baluffi_Province_of_Cremona_Lombardy.html
Trivolzio attractions, Province of Pavia, /Attractions-g2153860-Activities-Trivolzio_Province_of_Pavia_Lombardy.html
Carentino attractions, Province of Alessandria, /Attractions-g14081392-Activities-Carentino_Province_of_Alessandria_Piedmont.html
Schiavon attractions, Province of Vicenza, /Attractions-g1056161-Activities-Schiavon_Province_of_Vicenza_Veneto.html
Susa attractions, Province of Trento, /Attractions-g9723181-Activities-Susa_Province_of_Trento_Trentino_Alto_Adige.html
Perdaxius attractions, Province of Carbonia-Iglesias, /Attractions-g7282107-Activities-Perdaxius_Province_of_Carbonia_Iglesias_Sardinia.html
Castelnuovo Misericordia attractions, Province of Livorno, /Attractions-g1924630-Activities-Castelnuovo_Misericordia_Province_of_Livorno_Tuscany.html
Nibionno attractions, Province of Lecco, /Attractions-g1973765-Activities-Nibionno_Province_of_Lecco_Lombardy.html
Vicari attractions, Province of Palermo, /Attractions-g14180075-Activities-Vicari_Province_of_Palermo_Sicily.html
Quargnento attractions, Province of Alessandria, /Attractions-g2416230-Activities-Quargnento_Province_of_Alessandria_Piedmont.html
Massama attractions, Province of Oristano, /Attractions-g2416224-Activities-Massama_Province_of_Oristano_Sardinia.html
