province_name, region_name, province_url
Castellammare Di Stabia attractions, Province of Naples, /Attractions-g194718-Activities-Castellammare_Di_Stabia_Province_of_Naples_Campania.html
Francavilla Al Mare attractions, Province of Chieti, /Attractions-g194768-Activities-Francavilla_Al_Mare_Province_of_Chieti_Abruzzo.html
Ercolano attractions, Province of Naples, /Attractions-g670330-Activities-Ercolano_Province_of_Naples_Campania.html
Conegliano attractions, Province of Treviso, /Attractions-g194744-Activities-Conegliano_Province_of_Treviso_Veneto.html
Termoli attractions, Province of Campobasso, /Attractions-g194930-Activities-Termoli_Province_of_Campobasso_Molise.html
Castellammare del Golfo attractions, Province of Trapani, /Attractions-g608929-Activities-Castellammare_del_Golfo_Province_of_Trapani_Sicily.html
Montecatini Terme attractions, Province of Pistoia, /Attractions-g194830-Activities-Montecatini_Terme_Province_of_Pistoia_Tuscany.html
Desenzano Del Garda attractions, Province of Brescia, /Attractions-g194965-Activities-Desenzano_Del_Garda_Province_of_Brescia_Lombardy.html
Biella attractions, Province of Biella, /Attractions-g1025226-Activities-Biella_Province_of_Biella_Piedmont.html
Imola attractions, Province of Bologna, /Attractions-g194780-Activities-Imola_Province_of_Bologna_Emilia_Romagna.html
Rovereto attractions, Province of Trento, /Attractions-g194889-Activities-Rovereto_Province_of_Trento_Trentino_Alto_Adige.html
Modica attractions, Province of Ragusa, /Attractions-g616190-Activities-Modica_Province_of_Ragusa_Sicily.html
Imperia attractions, Italian Riviera, /Attractions-g194781-Activities-Imperia_Italian_Riviera_Liguria.html
Camaiore attractions, Province of Lucca, /Attractions-g1051674-Activities-Camaiore_Province_of_Lucca_Tuscany.html
Giardini Naxos attractions, Province of Messina, /Attractions-g194774-Activities-Giardini_Naxos_Province_of_Messina_Sicily.html
Latina attractions, Province of Latina, /Attractions-g194787-Activities-Latina_Province_of_Latina_Lazio.html
Fasano attractions, Province of Brindisi, /Attractions-g227665-Activities-Fasano_Province_of_Brindisi_Puglia.html
Corigliano-Rossano attractions, Province of Cosenza, /Attractions-g15352828-Activities-Corigliano_Rossano_Province_of_Cosenza_Calabria.html
Nardo attractions, Province of Lecce, /Attractions-g676159-Activities-Nardo_Province_of_Lecce_Puglia.html
Volterra attractions, Province of Pisa, /Attractions-g194951-Activities-Volterra_Province_of_Pisa_Tuscany.html
Avezzano attractions, Province of L'Aquila, /Attractions-g194678-Activities-Avezzano_Province_of_L_Aquila_Abruzzo.html
Loano attractions, Italian Riviera, /Attractions-g194801-Activities-Loano_Italian_Riviera_Liguria.html
Carrara attractions, Province of Massa Carrara, /Attractions-g660764-Activities-Carrara_Province_of_Massa_Carrara_Tuscany.html
Gaeta attractions, Province of Latina, /Attractions-g187790-Activities-Gaeta_Province_of_Latina_Lazio.html
Jesi attractions, Province of Ancona, /Attractions-g677543-Activities-Jesi_Province_of_Ancona_Marche.html
Cosenza attractions, Province of Cosenza, /Attractions-g187776-Activities-Cosenza_Province_of_Cosenza_Calabria.html
Tivoli attractions, Province of Rome, /Attractions-g187792-Activities-Tivoli_Province_of_Rome_Lazio.html
Iseo attractions, Province of Brescia, /Attractions-g194783-Activities-Iseo_Province_of_Brescia_Lombardy.html
Montesilvano attractions, Province of Pescara, /Attractions-g194834-Activities-Montesilvano_Province_of_Pescara_Abruzzo.html
Tropea attractions, Province of Vibo Valentia, /Attractions-g194939-Activities-Tropea_Province_of_Vibo_Valentia_Calabria.html
Crotone attractions, Province of Crotone, /Attractions-g194748-Activities-Crotone_Province_of_Crotone_Calabria.html
Giulianova attractions, Province of Teramo, /Attractions-g194775-Activities-Giulianova_Province_of_Teramo_Abruzzo.html
Pantelleria attractions, Islands of Sicily, /Attractions-g194847-Activities-Pantelleria_Islands_of_Sicily_Sicily.html
Vittorio Veneto attractions, Province of Treviso, /Attractions-g1064633-Activities-Vittorio_Veneto_Province_of_Treviso_Veneto.html
Oristano attractions, Province of Oristano, /Attractions-g187884-Activities-Oristano_Province_of_Oristano_Sardinia.html
Abano Terme attractions, Province of Padua, /Attractions-g194659-Activities-Abano_Terme_Province_of_Padua_Veneto.html
Capoliveri attractions, Elba Island, /Attractions-g194711-Activities-Capoliveri_Elba_Island_Province_of_Livorno_Tuscany.html
Riva Del Garda attractions, Province of Trento, /Attractions-g194883-Activities-Riva_Del_Garda_Province_of_Trento_Trentino_Alto_Adige.html
San Candido attractions, Province of South Tyrol, /Attractions-g194896-Activities-San_Candido_Province_of_South_Tyrol_Trentino_Alto_Adige.html
Acireale attractions, Province of Catania, /Attractions-g652017-Activities-Acireale_Province_of_Catania_Sicily.html
Portoferraio attractions, Elba Island, /Attractions-g194861-Activities-Portoferraio_Elba_Island_Province_of_Livorno_Tuscany.html
Crema attractions, Province of Cremona, /Attractions-g1131344-Activities-Crema_Province_of_Cremona_Lombardy.html
Trani attractions, Province of Barletta-Andria-Trani, /Attractions-g608901-Activities-Trani_Province_of_Barletta_Andria_Trani_Puglia.html
Enna attractions, Province of Enna, /Attractions-g315896-Activities-Enna_Province_of_Enna_Sicily.html
Orbetello attractions, Province of Grosseto, /Attractions-g194839-Activities-Orbetello_Province_of_Grosseto_Tuscany.html
Terracina attractions, Province of Latina, /Attractions-g194931-Activities-Terracina_Province_of_Latina_Lazio.html
Legnano attractions, Province of Milan, /Attractions-g670658-Activities-Legnano_Province_of_Milan_Lombardy.html
Sarzana attractions, Italian Riviera, /Attractions-g1065626-Activities-Sarzana_Italian_Riviera_Liguria.html
Busto Arsizio attractions, Province of Varese, /Attractions-g608898-Activities-Busto_Arsizio_Province_of_Varese_Lombardy.html
Scicli attractions, Province of Ragusa, /Attractions-g676126-Activities-Scicli_Province_of_Ragusa_Sicily.html
