province_name, region_name, province_url
Rezzago attractions, Province of Como, /Attractions-g3697832-Activities-Rezzago_Province_of_Como_Lombardy.html
Morosolo attractions, Province of Varese, /Attractions-g3697835-Activities-Morosolo_Province_of_Varese_Lombardy.html
Villamiroglio attractions, Province of Alessandria, /Attractions-g2436287-Activities-Villamiroglio_Province_of_Alessandria_Piedmont.html
Bianze attractions, Province of Vercelli, /Attractions-g2387086-Activities-Bianze_Province_of_Vercelli_Piedmont.html
Madonna Dell'Acqua attractions, Province of Pisa, /Attractions-g1092775-Activities-Madonna_Dell_Acqua_Province_of_Pisa_Tuscany.html
Civezza attractions, Italian Riviera, /Attractions-g2370716-Activities-Civezza_Italian_Riviera_Liguria.html
Naregno attractions, Elba Island, /Attractions-g8465467-Activities-Naregno_Elba_Island_Province_of_Livorno_Tuscany.html
Santa Lucia attractions, Province of Nuoro, /Attractions-g2059482-Activities-Santa_Lucia_Province_of_Nuoro_Sardinia.html
Laghi attractions, Province of Vicenza, /Attractions-g4074736-Activities-Laghi_Province_of_Vicenza_Veneto.html
San Rocco attractions, Province of Pistoia, /Attractions-g20098556-Activities-San_Rocco_Province_of_Pistoia_Tuscany.html
Valmacca attractions, Province of Alessandria, /Attractions-g4107505-Activities-Valmacca_Province_of_Alessandria_Piedmont.html
Villanova del Battista attractions, Province of Avellino, /Attractions-g2370800-Activities-Villanova_del_Battista_Province_of_Avellino_Campania.html
Campofelice di Fitalia attractions, Province of Palermo, /Attractions-g8465492-Activities-Campofelice_di_Fitalia_Province_of_Palermo_Sicily.html
Longa attractions, Province of Vicenza, /Attractions-g1092814-Activities-Longa_Province_of_Vicenza_Veneto.html
Castelnuovo attractions, Province of Trento, /Attractions-g2436288-Activities-Castelnuovo_Province_of_Trento_Trentino_Alto_Adige.html
Nerito attractions, Province of Teramo, /Attractions-g8744045-Activities-Nerito_Province_of_Teramo_Abruzzo.html
Sezze Scalo attractions, Province of Latina, /Attractions-g4271278-Activities-Sezze_Scalo_Province_of_Latina_Lazio.html
Zeccone attractions, Province of Pavia, /Attractions-g2239703-Activities-Zeccone_Province_of_Pavia_Lombardy.html
Chiessi attractions, Elba Island, /Attractions-g2059497-Activities-Chiessi_Elba_Island_Province_of_Livorno_Tuscany.html
Bregazzana attractions, Province of Varese, /Attractions-g2370852-Activities-Bregazzana_Province_of_Varese_Lombardy.html
Marzio attractions, Province of Varese, /Attractions-g2370853-Activities-Marzio_Province_of_Varese_Lombardy.html
Valloria attractions, Province of Imperia, /Attractions-g2370856-Activities-Valloria_Province_of_Imperia_Liguria.html
Felegara attractions, Province of Parma, /Attractions-g2534707-Activities-Felegara_Province_of_Parma_Emilia_Romagna.html
Ronchi Di Campanile attractions, Province of Padua, /Attractions-g1813814-Activities-Ronchi_Di_Campanile_Province_of_Padua_Veneto.html
Bibano attractions, Province of Treviso, /Attractions-g2616598-Activities-Bibano_Province_of_Treviso_Veneto.html
Nogarole Rocca attractions, Province of Verona, /Attractions-g1076555-Activities-Nogarole_Rocca_Province_of_Verona_Veneto.html
Santa Brigida attractions, Province of Florence, /Attractions-g3485013-Activities-Santa_Brigida_Tuscany.html
Radicondoli attractions, Province of Siena, /Attractions-g666985-Activities-Radicondoli_Tuscany.html
Grimaldi attractions, Province of Cosenza, /Attractions-g11775252-Activities-Grimaldi_Province_of_Cosenza_Calabria.html
Musestre attractions, Province of Treviso, /Attractions-g2502038-Activities-Musestre_Province_of_Treviso_Veneto.html
Retegno attractions, Province of Lodi, /Attractions-g20196600-Activities-Retegno_Province_of_Lodi_Lombardy.html
Matraia attractions, Province of Lucca, /Attractions-g3649005-Activities-Matraia_Province_of_Lucca_Tuscany.html
San Polo di Torrile attractions, Province of Parma, /Attractions-g2502086-Activities-San_Polo_di_Torrile_Province_of_Parma_Emilia_Romagna.html
Ronchis attractions, Province of Udine, /Attractions-g7826834-Activities-Ronchis_Province_of_Udine_Friuli_Venezia_Giulia.html
Cefala Diana attractions, Province of Palermo, /Attractions-g4976055-Activities-Cefala_Diana_Province_of_Palermo_Sicily.html
Jacurso attractions, Province of Catanzaro, /Attractions-g2502107-Activities-Jacurso_Province_of_Catanzaro_Calabria.html
San Nicolo d'Arcidano attractions, Province of Oristano, /Attractions-g4976052-Activities-San_Nicolo_d_Arcidano_Province_of_Oristano_Sardinia.html
Corno Giovine attractions, Province of Lodi, /Attractions-g2616869-Activities-Corno_Giovine_Province_of_Lodi_Lombardy.html
Besenzone attractions, Province of Piacenza, /Attractions-g2518587-Activities-Besenzone_Province_of_Piacenza_Emilia_Romagna.html
Margine Coperta-Traversagna attractions, Province of Pistoia, /Attractions-g16871214-Activities-Margine_Coperta_Traversagna_Province_of_Pistoia_Tuscany.html
Antona attractions, Province of Massa Carrara, /Attractions-g3403278-Activities-Antona_Province_of_Massa_Carrara_Tuscany.html
Prasco attractions, Province of Alessandria, /Attractions-g4550150-Activities-Prasco_Province_of_Alessandria_Piedmont.html
San Nazzaro Val Cavargna attractions, Province of Como, /Attractions-g21393153-Activities-San_Nazzaro_Val_Cavargna_Province_of_Como_Lombardy.html
Sozzigalli attractions, Province of Modena, /Attractions-g3206780-Activities-Sozzigalli_Province_of_Modena_Emilia_Romagna.html
Grancetta attractions, Province of Ancona, /Attractions-g4173425-Activities-Grancetta_Province_of_Ancona_Marche.html
Praturlone attractions, Province of Pordenone, /Attractions-g4173420-Activities-Praturlone_Province_of_Pordenone_Friuli_Venezia_Giulia.html
Saltino attractions, Province of Modena, /Attractions-g21229354-Activities-Saltino_Province_of_Modena_Emilia_Romagna.html
Palu attractions, Province of Verona, /Attractions-g19246935-Activities-Palu_Province_of_Verona_Veneto.html
Santa Maria in Punta attractions, Province of Rovigo, /Attractions-g21229371-Activities-Santa_Maria_in_Punta_Province_of_Rovigo_Veneto.html
Greggio attractions, Province of Vercelli, /Attractions-g7351816-Activities-Greggio_Province_of_Vercelli_Piedmont.html
