province_name, region_name, province_url
Mergozzo attractions, Province of Verbano-Cusio-Ossola, /Attractions-g1063324-Activities-Mergozzo_Province_of_Verbano_Cusio_Ossola_Piedmont.html
Bionaz attractions, Valle d'Aosta, /Attractions-g2292158-Activities-Bionaz_Valle_d_Aosta.html
Rabbi attractions, Province of Trento, /Attractions-g1604040-Activities-Rabbi_Province_of_Trento_Trentino_Alto_Adige.html
Montopoli in Val d'Arno attractions, Province of Pisa, /Attractions-g1063412-Activities-Montopoli_in_Val_d_Arno_Province_of_Pisa_Tuscany.html
Serramazzoni attractions, Province of Modena, /Attractions-g2161324-Activities-Serramazzoni_Province_of_Modena_Emilia_Romagna.html
Fiorenzuola d'Arda attractions, Province of Piacenza, /Attractions-g1079983-Activities-Fiorenzuola_d_Arda_Province_of_Piacenza_Emilia_Romagna.html
Quero Vas attractions, Province of Belluno, /Attractions-g2144965-Activities-Quero_Vas_Province_of_Belluno_Veneto.html
Maserada sul Piave attractions, Province of Treviso, /Attractions-g1080089-Activities-Maserada_sul_Piave_Province_of_Treviso_Veneto.html
Villalago attractions, Province of L'Aquila, /Attractions-g1227718-Activities-Villalago_Province_of_L_Aquila_Abruzzo.html
Chatillon attractions, Valle d'Aosta, /Attractions-g736250-Activities-Chatillon_Valle_d_Aosta.html
Accumoli attractions, Province of Rieti, /Attractions-g1932289-Activities-Accumoli_Province_of_Rieti_Lazio.html
Urbisaglia attractions, Province of Macerata, /Attractions-g1915980-Activities-Urbisaglia_Province_of_Macerata_Marche.html
Ulassai attractions, Province of Ogliastra, /Attractions-g1080449-Activities-Ulassai_Province_of_Ogliastra_Sardinia.html
Paganica attractions, Province of L'Aquila, /Attractions-g1392017-Activities-Paganica_Province_of_L_Aquila_Abruzzo.html
Cusano Milanino attractions, Province of Milan, /Attractions-g2194956-Activities-Cusano_Milanino_Province_of_Milan_Lombardy.html
Torre del Lago Puccini attractions, Province of Lucca, /Attractions-g1097299-Activities-Torre_del_Lago_Puccini_Province_of_Lucca_Tuscany.html
Maida attractions, Province of Catanzaro, /Attractions-g1392287-Activities-Maida_Province_of_Catanzaro_Calabria.html
Fagnano Alto attractions, Province of L'Aquila, /Attractions-g3981011-Activities-Fagnano_Alto_Province_of_L_Aquila_Abruzzo.html
Rodengo Saiano attractions, Province of Brescia, /Attractions-g1933066-Activities-Rodengo_Saiano_Province_of_Brescia_Lombardy.html
Guardia Piemontese attractions, Province of Cosenza, /Attractions-g1081175-Activities-Guardia_Piemontese_Province_of_Cosenza_Calabria.html
Sant'Antimo attractions, Province of Naples, /Attractions-g1081159-Activities-Sant_Antimo_Province_of_Naples_Campania.html
San Martino Siccomario attractions, Province of Pavia, /Attractions-g1965973-Activities-San_Martino_Siccomario_Province_of_Pavia_Lombardy.html
Soleto attractions, Province of Lecce, /Attractions-g1048610-Activities-Soleto_Province_of_Lecce_Puglia.html
Castelforte attractions, Province of Latina, /Attractions-g1572928-Activities-Castelforte_Province_of_Latina_Lazio.html
Cassolnovo attractions, Province of Pavia, /Attractions-g2506947-Activities-Cassolnovo_Province_of_Pavia_Lombardy.html
Calatabiano attractions, Province of Catania, /Attractions-g672076-Activities-Calatabiano_Province_of_Catania_Sicily.html
Capaci attractions, Province of Palermo, /Attractions-g1180060-Activities-Capaci_Province_of_Palermo_Sicily.html
Boscoreale attractions, Province of Naples, /Attractions-g1229384-Activities-Boscoreale_Province_of_Naples_Campania.html
Bovolone attractions, Province of Verona, /Attractions-g2359938-Activities-Bovolone_Province_of_Verona_Veneto.html
Tredozio attractions, Province of Forli-Cesena, /Attractions-g1934110-Activities-Tredozio_Province_of_Forli_Cesena_Emilia_Romagna.html
San Giorgio di Nogaro attractions, Province of Udine, /Attractions-g1082253-Activities-San_Giorgio_di_Nogaro_Province_of_Udine_Friuli_Venezia_Giulia.html
Rosciano attractions, Province of Pescara, /Attractions-g4260895-Activities-Rosciano_Province_of_Pescara_Abruzzo.html
Castel del Monte attractions, Province of L'Aquila, /Attractions-g1951146-Activities-Castel_del_Monte_Province_of_L_Aquila_Abruzzo.html
Casalpusterlengo attractions, Province of Lodi, /Attractions-g1213867-Activities-Casalpusterlengo_Province_of_Lodi_Lombardy.html
Chiusi della Verna attractions, Province of Arezzo, /Attractions-g1901987-Activities-Chiusi_della_Verna_Province_of_Arezzo_Tuscany.html
Arrone attractions, Province of Terni, /Attractions-g1803794-Activities-Arrone_Province_of_Terni_Umbria.html
Priverno attractions, Province of Latina, /Attractions-g1803778-Activities-Priverno_Province_of_Latina_Lazio.html
Fregona attractions, Province of Treviso, /Attractions-g1918880-Activities-Fregona_Province_of_Treviso_Veneto.html
Castello Cabiaglio attractions, Province of Varese, /Attractions-g2295746-Activities-Castello_Cabiaglio_Province_of_Varese_Lombardy.html
Domusnovas attractions, Province of Carbonia-Iglesias, /Attractions-g3213374-Activities-Domusnovas_Province_of_Carbonia_Iglesias_Sardinia.html
Cornate d'Adda attractions, Province of Monza and Brianza, /Attractions-g3672166-Activities-Cornate_d_Adda_Province_of_Monza_and_Brianza_Lombardy.html
Macerata Feltria attractions, Province of Pesaro and Urbino, /Attractions-g1575032-Activities-Macerata_Feltria_Province_of_Pesaro_and_Urbino_Marche.html
Laconi attractions, Province of Oristano, /Attractions-g1181847-Activities-Laconi_Province_of_Oristano_Sardinia.html
Belvedere Marittimo attractions, Province of Cosenza, /Attractions-g1575059-Activities-Belvedere_Marittimo_Province_of_Cosenza_Calabria.html
Borgia attractions, Province of Catanzaro, /Attractions-g1526091-Activities-Borgia_Province_of_Catanzaro_Calabria.html
Bene Vagienna attractions, Province of Cuneo, /Attractions-g1198542-Activities-Bene_Vagienna_Province_of_Cuneo_Piedmont.html
Sardara attractions, Province of Medio Campidano, /Attractions-g608924-Activities-Sardara_Province_of_Medio_Campidano_Sardinia.html
Rocca di Cambio attractions, Province of L'Aquila, /Attractions-g1379145-Activities-Rocca_di_Cambio_Province_of_L_Aquila_Abruzzo.html
Mareno di Piave attractions, Province of Treviso, /Attractions-g3574594-Activities-Mareno_di_Piave_Province_of_Treviso_Veneto.html
Cavriglia attractions, Province of Arezzo, /Attractions-g642185-Activities-Cavriglia_Province_of_Arezzo_Tuscany.html
