province_name, region_name, province_url
Domus de Maria attractions, Province of Cagliari, /Attractions-g670564-Activities-Domus_de_Maria_Province_of_Cagliari_Sardinia.html
Sutri attractions, Province of Viterbo, /Attractions-g1064663-Activities-Sutri_Province_of_Viterbo_Lazio.html
Val di Zoldo attractions, Province of Belluno, /Attractions-g13795997-Activities-Val_di_Zoldo_Province_of_Belluno_Veneto.html
Palazzolo sull'Oglio attractions, Province of Brescia, /Attractions-g1574965-Activities-Palazzolo_sull_Oglio_Province_of_Brescia_Lombardy.html
Bracciano attractions, Province of Rome, /Attractions-g608891-Activities-Bracciano_Province_of_Rome_Lazio.html
Eboli attractions, Province of Salerno, /Attractions-g1396311-Activities-Eboli_Province_of_Salerno_Campania.html
Policoro attractions, Province of Matera, /Attractions-g1020248-Activities-Policoro_Province_of_Matera_Basilicata.html
Amelia attractions, Province of Terni, /Attractions-g678227-Activities-Amelia_Province_of_Terni_Umbria.html
Alatri attractions, Province of Frosinone, /Attractions-g777725-Activities-Alatri_Province_of_Frosinone_Lazio.html
Porto Torres attractions, Province of Sassari, /Attractions-g1007733-Activities-Porto_Torres_Province_of_Sassari_Sardinia.html
Castiglione di Sicilia attractions, Province of Catania, /Attractions-g663798-Activities-Castiglione_di_Sicilia_Province_of_Catania_Sicily.html
San Vito Chietino attractions, Province of Chieti, /Attractions-g664015-Activities-San_Vito_Chietino_Province_of_Chieti_Abruzzo.html
Sora attractions, Province of Frosinone, /Attractions-g1925817-Activities-Sora_Province_of_Frosinone_Lazio.html
Luino attractions, Lake Maggiore, /Attractions-g616176-Activities-Luino_Lake_Maggiore_Lombardy.html
Casalecchio di Reno attractions, Province of Bologna, /Attractions-g1552725-Activities-Casalecchio_di_Reno_Province_of_Bologna_Emilia_Romagna.html
Caldaro sulla Strada del Vino attractions, Province of South Tyrol, /Attractions-g946905-Activities-Caldaro_sulla_Strada_del_Vino_Province_of_South_Tyrol_Trentino_Alto_Adige.html
Monterotondo attractions, Province of Rome, /Attractions-g651986-Activities-Monterotondo_Province_of_Rome_Lazio.html
Matelica attractions, Province of Macerata, /Attractions-g1390123-Activities-Matelica_Province_of_Macerata_Marche.html
Cernobbio attractions, Lake Como, /Attractions-g194728-Activities-Cernobbio_Lake_Como_Lombardy.html
Levico Terme attractions, Province of Trento, /Attractions-g194793-Activities-Levico_Terme_Province_of_Trento_Trentino_Alto_Adige.html
Saluzzo attractions, Province of Cuneo, /Attractions-g194893-Activities-Saluzzo_Province_of_Cuneo_Piedmont.html
Sale Marasino attractions, Province of Brescia, /Attractions-g1063415-Activities-Sale_Marasino_Province_of_Brescia_Lombardy.html
Ferentino attractions, Province of Frosinone, /Attractions-g1587923-Activities-Ferentino_Province_of_Frosinone_Lazio.html
Partinico attractions, Province of Palermo, /Attractions-g1473570-Activities-Partinico_Province_of_Palermo_Sicily.html
Cassano allo Ionio attractions, Province of Cosenza, /Attractions-g1932623-Activities-Cassano_allo_Ionio_Province_of_Cosenza_Calabria.html
Nepi attractions, Province of Viterbo, /Attractions-g2015935-Activities-Nepi_Province_of_Viterbo_Lazio.html
Bernalda attractions, Province of Matera, /Attractions-g1918714-Activities-Bernalda_Province_of_Matera_Basilicata.html
Laterza attractions, Province of Taranto, /Attractions-g2312160-Activities-Laterza_Province_of_Taranto_Puglia.html
Mondragone attractions, Province of Caserta, /Attractions-g1575049-Activities-Mondragone_Province_of_Caserta_Campania.html
Castelsardo attractions, Province of Sassari, /Attractions-g608909-Activities-Castelsardo_Province_of_Sassari_Sardinia.html
Lonato del Garda attractions, Province of Brescia, /Attractions-g1051496-Activities-Lonato_del_Garda_Province_of_Brescia_Lombardy.html
Motta di Livenza attractions, Province of Treviso, /Attractions-g1953915-Activities-Motta_di_Livenza_Province_of_Treviso_Veneto.html
Castiglione Delle Stiviere attractions, Province of Mantua, /Attractions-g1053091-Activities-Castiglione_Delle_Stiviere_Province_of_Mantua_Lombardy.html
Soverato attractions, Province of Catanzaro, /Attractions-g677476-Activities-Soverato_Province_of_Catanzaro_Calabria.html
Nizza Monferrato attractions, Province of Asti, /Attractions-g1185572-Activities-Nizza_Monferrato_Province_of_Asti_Piedmont.html
Rivoli attractions, Province of Turin, /Attractions-g661706-Activities-Rivoli_Province_of_Turin_Piedmont.html
Baveno attractions, Lake Maggiore, /Attractions-g187844-Activities-Baveno_Lake_Maggiore_Piedmont.html
Noci attractions, Province of Bari, /Attractions-g1057217-Activities-Noci_Province_of_Bari_Puglia.html
Orte attractions, Province of Viterbo, /Attractions-g1025341-Activities-Orte_Province_of_Viterbo_Lazio.html
Anguillara Sabazia attractions, Province of Rome, /Attractions-g616175-Activities-Anguillara_Sabazia_Province_of_Rome_Lazio.html
Offida attractions, Province of Ascoli Piceno, /Attractions-g616179-Activities-Offida_Province_of_Ascoli_Piceno_Marche.html
Barberino Val d'Elsa attractions, Province of Florence, /Attractions-g616195-Activities-Barberino_Val_d_Elsa_Tuscany.html
Maccagno con Pino e Veddasca attractions, Lake Maggiore, /Attractions-g15036150-Activities-Maccagno_con_Pino_e_Veddasca_Lake_Maggiore_Lombardy.html
Castrovillari attractions, Province of Cosenza, /Attractions-g1028700-Activities-Castrovillari_Province_of_Cosenza_Calabria.html
Guidonia Montecelio attractions, Province of Rome, /Attractions-g799532-Activities-Guidonia_Montecelio_Province_of_Rome_Lazio.html
Avigliana attractions, Province of Turin, /Attractions-g194679-Activities-Avigliana_Province_of_Turin_Piedmont.html
Fiuggi attractions, Province of Frosinone, /Attractions-g194762-Activities-Fiuggi_Province_of_Frosinone_Lazio.html
Gardone Riviera attractions, Province of Brescia, /Attractions-g194772-Activities-Gardone_Riviera_Province_of_Brescia_Lombardy.html
Ivrea attractions, Province of Turin, /Attractions-g194785-Activities-Ivrea_Province_of_Turin_Piedmont.html
Pietra Ligure attractions, Italian Riviera, /Attractions-g194849-Activities-Pietra_Ligure_Italian_Riviera_Liguria.html
