province_name, region_name, province_url
Pannarano attractions, Province of Benevento, /Attractions-g4273804-Activities-Pannarano_Province_of_Benevento_Campania.html
Petacciato attractions, Province of Campobasso, /Attractions-g1554296-Activities-Petacciato_Province_of_Campobasso_Molise.html
Barlassina attractions, Province of Monza and Brianza, /Attractions-g2144081-Activities-Barlassina_Province_of_Monza_and_Brianza_Lombardy.html
Breda di Piave attractions, Province of Treviso, /Attractions-g2193237-Activities-Breda_di_Piave_Province_of_Treviso_Veneto.html
Sovizzo attractions, Province of Vicenza, /Attractions-g2144273-Activities-Sovizzo_Province_of_Vicenza_Veneto.html
Laino Borgo attractions, Province of Cosenza, /Attractions-g2045986-Activities-Laino_Borgo_Province_of_Cosenza_Calabria.html
Tonezza del Cimone attractions, Province of Vicenza, /Attractions-g2291822-Activities-Tonezza_del_Cimone_Province_of_Vicenza_Veneto.html
Boves attractions, Province of Cuneo, /Attractions-g194698-Activities-Boves_Province_of_Cuneo_Piedmont.html
Sovramonte attractions, Province of Belluno, /Attractions-g6584555-Activities-Sovramonte_Province_of_Belluno_Veneto.html
Travedona-Monate attractions, Province of Varese, /Attractions-g2095369-Activities-Travedona_Monate_Province_of_Varese_Lombardy.html
Ormea attractions, Province of Cuneo, /Attractions-g194840-Activities-Ormea_Province_of_Cuneo_Piedmont.html
Valentano attractions, Province of Viterbo, /Attractions-g1096002-Activities-Valentano_Province_of_Viterbo_Lazio.html
San Polo d'Enza attractions, Province of Reggio Emilia, /Attractions-g1898901-Activities-San_Polo_d_Enza_Province_of_Reggio_Emilia_Emilia_Romagna.html
Trecastelli attractions, Province of Ancona, /Attractions-g12908874-Activities-Trecastelli_Province_of_Ancona_Marche.html
Sarentino attractions, Province of South Tyrol, /Attractions-g784829-Activities-Sarentino_Province_of_South_Tyrol_Trentino_Alto_Adige.html
Bussana attractions, Italian Riviera, /Attractions-g2357657-Activities-Bussana_Italian_Riviera_Liguria.html
Pianello Val Tidone attractions, Province of Piacenza, /Attractions-g1800647-Activities-Pianello_Val_Tidone_Province_of_Piacenza_Emilia_Romagna.html
Albosaggia attractions, Province of Sondrio, /Attractions-g1096256-Activities-Albosaggia_Province_of_Sondrio_Lombardy.html
Bolzano Vicentino attractions, Province of Vicenza, /Attractions-g1440373-Activities-Bolzano_Vicentino_Province_of_Vicenza_Veneto.html
San Giovanni Suergiu attractions, Province of Carbonia-Iglesias, /Attractions-g1079936-Activities-San_Giovanni_Suergiu_Province_of_Carbonia_Iglesias_Sardinia.html
Serra San Quirico attractions, Province of Ancona, /Attractions-g1849986-Activities-Serra_San_Quirico_Province_of_Ancona_Marche.html
Castel Morrone attractions, Province of Caserta, /Attractions-g2292458-Activities-Castel_Morrone_Province_of_Caserta_Campania.html
Strambino attractions, Province of Turin, /Attractions-g2144970-Activities-Strambino_Province_of_Turin_Piedmont.html
Valle Castellana attractions, Province of Teramo, /Attractions-g2620293-Activities-Valle_Castellana_Province_of_Teramo_Abruzzo.html
Palo del Colle attractions, Province of Bari, /Attractions-g2620316-Activities-Palo_del_Colle_Province_of_Bari_Puglia.html
San Michele di Ganzaria attractions, Province of Catania, /Attractions-g670686-Activities-San_Michele_di_Ganzaria_Province_of_Catania_Sicily.html
San Giovanni la Punta attractions, Province of Catania, /Attractions-g670687-Activities-San_Giovanni_la_Punta_Province_of_Catania_Sicily.html
Santa Croce Sull'Arno attractions, Province of Pisa, /Attractions-g1932231-Activities-Santa_Croce_Sull_Arno_Province_of_Pisa_Tuscany.html
Sumirago attractions, Province of Varese, /Attractions-g2374905-Activities-Sumirago_Province_of_Varese_Lombardy.html
Cervarese Santa Croce attractions, Province of Padua, /Attractions-g2194795-Activities-Cervarese_Santa_Croce_Province_of_Padua_Veneto.html
Calascio attractions, Province of L'Aquila, /Attractions-g1391961-Activities-Calascio_Province_of_L_Aquila_Abruzzo.html
Panicale attractions, Province of Perugia, /Attractions-g1047988-Activities-Panicale_Province_of_Perugia_Umbria.html
Caiazzo attractions, Province of Caserta, /Attractions-g1736199-Activities-Caiazzo_Province_of_Caserta_Campania.html
Cerami attractions, Province of Enna, /Attractions-g12123851-Activities-Cerami_Province_of_Enna_Sicily.html
Nonantola attractions, Province of Modena, /Attractions-g1490563-Activities-Nonantola_Province_of_Modena_Emilia_Romagna.html
Travagliato attractions, Province of Brescia, /Attractions-g1310433-Activities-Travagliato_Province_of_Brescia_Lombardy.html
Gais attractions, Province of South Tyrol, /Attractions-g1081114-Activities-Gais_Province_of_South_Tyrol_Trentino_Alto_Adige.html
Pandino attractions, Province of Cremona, /Attractions-g2260782-Activities-Pandino_Province_of_Cremona_Lombardy.html
Montalbano Elicona attractions, Province of Messina, /Attractions-g1081167-Activities-Montalbano_Elicona_Province_of_Messina_Sicily.html
Novellara attractions, Province of Reggio Emilia, /Attractions-g1785702-Activities-Novellara_Province_of_Reggio_Emilia_Emilia_Romagna.html
Grosio attractions, Province of Sondrio, /Attractions-g1081254-Activities-Grosio_Province_of_Sondrio_Lombardy.html
Vergato attractions, Province of Bologna, /Attractions-g2064460-Activities-Vergato_Province_of_Bologna_Emilia_Romagna.html
Castello Tesino attractions, Province of Trento, /Attractions-g1425586-Activities-Castello_Tesino_Province_of_Trento_Trentino_Alto_Adige.html
Biccari attractions, Province of Foggia, /Attractions-g4800665-Activities-Biccari_Province_of_Foggia_Puglia.html
Alife attractions, Province of Caserta, /Attractions-g3703008-Activities-Alife_Province_of_Caserta_Campania.html
Noventa Vicentina attractions, Province of Vicenza, /Attractions-g2081181-Activities-Noventa_Vicentina_Province_of_Vicenza_Veneto.html
Castel Sant'Angelo attractions, Province of Rieti, /Attractions-g2278171-Activities-Castel_Sant_Angelo_Province_of_Rieti_Lazio.html
Vigliano Biellese attractions, Province of Biella, /Attractions-g3671034-Activities-Vigliano_Biellese_Province_of_Biella_Piedmont.html
Monteu da Po attractions, Province of Turin, /Attractions-g7947379-Activities-Monteu_da_Po_Province_of_Turin_Piedmont.html
Marmirolo attractions, Province of Mantua, /Attractions-g984172-Activities-Marmirolo_Province_of_Mantua_Lombardy.html
