province_name, region_name, province_url
Guamaggiore attractions, Province of South Sardinia, /Attractions-g21326635-Activities-Guamaggiore_Province_of_South_Sardinia_Sardinia.html
Lungro attractions, Province of Cosenza, /Attractions-g2304593-Activities-Lungro_Province_of_Cosenza_Calabria.html
Lemie attractions, Province of Turin, /Attractions-g13494971-Activities-Lemie_Province_of_Turin_Piedmont.html
La Magdeleine attractions, Valle d'Aosta, /Attractions-g2140839-Activities-La_Magdeleine_Valle_d_Aosta.html
Borgoforte attractions, Province of Mantua, /Attractions-g1010309-Activities-Borgoforte_Province_of_Mantua_Lombardy.html
Val di Vizze attractions, Province of South Tyrol, /Attractions-g1419936-Activities-Val_di_Vizze_Province_of_South_Tyrol_Trentino_Alto_Adige.html
Castel di Sasso attractions, Province of Caserta, /Attractions-g2337506-Activities-Castel_di_Sasso_Province_of_Caserta_Campania.html
Ali attractions, Province of Messina, /Attractions-g12200573-Activities-Ali_Province_of_Messina_Sicily.html
Cropalati attractions, Province of Cosenza, /Attractions-g7170742-Activities-Cropalati_Province_of_Cosenza_Calabria.html
Fiumelatte attractions, Lake Como, /Attractions-g2140873-Activities-Fiumelatte_Lake_Como_Lombardy.html
Sant'Angelo del Pesco attractions, Province of Isernia, /Attractions-g15608821-Activities-Sant_Angelo_del_Pesco_Province_of_Isernia_Molise.html
Rivarolo del Re ed Uniti attractions, Province of Cremona, /Attractions-g5598063-Activities-Rivarolo_del_Re_ed_Uniti_Province_of_Cremona_Lombardy.html
Solarolo Rainerio attractions, Province of Cremona, /Attractions-g2337654-Activities-Solarolo_Rainerio_Province_of_Cremona_Lombardy.html
Adrara San Martino attractions, Province of Bergamo, /Attractions-g2337656-Activities-Adrara_San_Martino_Province_of_Bergamo_Lombardy.html
Santo Stefano Ticino attractions, Province of Milan, /Attractions-g7646198-Activities-Santo_Stefano_Ticino_Province_of_Milan_Lombardy.html
Bortigali attractions, Province of Nuoro, /Attractions-g2141106-Activities-Bortigali_Province_of_Nuoro_Sardinia.html
Viguzzolo attractions, Province of Alessandria, /Attractions-g3484576-Activities-Viguzzolo_Province_of_Alessandria_Piedmont.html
Solignano Nuovo attractions, Province of Modena, /Attractions-g1092542-Activities-Solignano_Nuovo_Province_of_Modena_Emilia_Romagna.html
Banzi attractions, Province of Potenza, /Attractions-g3484550-Activities-Banzi_Province_of_Potenza_Basilicata.html
Castel Rocchero attractions, Province of Asti, /Attractions-g1928104-Activities-Castel_Rocchero_Province_of_Asti_Piedmont.html
Braone attractions, Province of Brescia, /Attractions-g7023533-Activities-Braone_Province_of_Brescia_Lombardy.html
Sorbo San Basile attractions, Province of Catanzaro, /Attractions-g1059830-Activities-Sorbo_San_Basile_Province_of_Catanzaro_Calabria.html
Valtorta attractions, Province of Bergamo, /Attractions-g4877219-Activities-Valtorta_Province_of_Bergamo_Lombardy.html
Campora San Giovanni attractions, Province of Cosenza, /Attractions-g1092583-Activities-Campora_San_Giovanni_Province_of_Cosenza_Calabria.html
San Martino in Casies attractions, Province of South Tyrol, /Attractions-g2485289-Activities-San_Martino_in_Casies_Province_of_South_Tyrol_Trentino_Alto_Adige.html
Villalvernia attractions, Province of Alessandria, /Attractions-g6401135-Activities-Villalvernia_Province_of_Alessandria_Piedmont.html
Faver attractions, Province of Trento, /Attractions-g2387052-Activities-Faver_Province_of_Trento_Trentino_Alto_Adige.html
Cantalupo nel Sannio attractions, Province of Isernia, /Attractions-g2370675-Activities-Cantalupo_nel_Sannio_Province_of_Isernia_Molise.html
Pian Camuno attractions, Province of Brescia, /Attractions-g2387064-Activities-Pian_Camuno_Province_of_Brescia_Lombardy.html
Bosnasco attractions, Province of Pavia, /Attractions-g1748092-Activities-Bosnasco_Province_of_Pavia_Lombardy.html
Settimo Rottaro attractions, Province of Turin, /Attractions-g2387036-Activities-Settimo_Rottaro_Province_of_Turin_Piedmont.html
Bozzole attractions, Province of Alessandria, /Attractions-g3697844-Activities-Bozzole_Province_of_Alessandria_Piedmont.html
Castellania attractions, Province of Alessandria, /Attractions-g2436265-Activities-Castellania_Province_of_Alessandria_Piedmont.html
Valpelline attractions, Valle d'Aosta, /Attractions-g2370731-Activities-Valpelline_Valle_d_Aosta.html
San Pellegrino In Alpe attractions, Province of Lucca, /Attractions-g3484834-Activities-San_Pellegrino_In_Alpe_Province_of_Lucca_Tuscany.html
Vigna di Valle attractions, Province of Rome, /Attractions-g2387077-Activities-Vigna_di_Valle_Province_of_Rome_Lazio.html
Monticelli Pavese attractions, Province of Pavia, /Attractions-g3697820-Activities-Monticelli_Pavese_Province_of_Pavia_Lombardy.html
Perrero attractions, Province of Turin, /Attractions-g3697822-Activities-Perrero_Province_of_Turin_Piedmont.html
Prela attractions, Province of Imperia, /Attractions-g4074646-Activities-Prela_Province_of_Imperia_Liguria.html
Curcuris attractions, Province of Oristano, /Attractions-g7793881-Activities-Curcuris_Province_of_Oristano_Sardinia.html
Rofrano attractions, Province of Salerno, /Attractions-g2239718-Activities-Rofrano_Province_of_Salerno_Campania.html
Artesina attractions, Province of Cuneo, /Attractions-g3157229-Activities-Artesina_Province_of_Cuneo_Piedmont.html
Rogno attractions, Province of Bergamo, /Attractions-g2370756-Activities-Rogno_Province_of_Bergamo_Lombardy.html
San Pietro di Morubio attractions, Province of Verona, /Attractions-g2370759-Activities-San_Pietro_di_Morubio_Province_of_Verona_Veneto.html
Lavezzola attractions, Province of Ravenna, /Attractions-g4926637-Activities-Lavezzola_Province_of_Ravenna_Emilia_Romagna.html
Villaperuccio attractions, Province of Carbonia-Iglesias, /Attractions-g3697856-Activities-Villaperuccio_Province_of_Carbonia_Iglesias_Sardinia.html
Giazza attractions, Province of Verona, /Attractions-g2616610-Activities-Giazza_Province_of_Verona_Veneto.html
Valnogaredo attractions, Province of Padua, /Attractions-g2370861-Activities-Valnogaredo_Province_of_Padua_Veneto.html
Ceglie Messapico attractions, Province of Brindisi, /Attractions-g2534705-Activities-Ceglie_Messapico_Province_of_Brindisi_Puglia.html
Fragneto l'Abate attractions, Province of Benevento, /Attractions-g2616588-Activities-Fragneto_l_Abate_Province_of_Benevento_Campania.html
