province_name, region_name, province_url
Scarperia e San Piero attractions, Province of Florence, /Attractions-g676813-Activities-Scarperia_e_San_Piero_Tuscany.html
Cittaducale attractions, Province of Rieti, /Attractions-g1643697-Activities-Cittaducale_Province_of_Rieti_Lazio.html
Desio attractions, Province of Monza and Brianza, /Attractions-g1054367-Activities-Desio_Province_of_Monza_and_Brianza_Lombardy.html
Preganziol attractions, Province of Treviso, /Attractions-g776119-Activities-Preganziol_Province_of_Treviso_Veneto.html
Orbassano attractions, Province of Turin, /Attractions-g1972298-Activities-Orbassano_Province_of_Turin_Piedmont.html
Tortora attractions, Province of Cosenza, /Attractions-g2299977-Activities-Tortora_Province_of_Cosenza_Calabria.html
Santeramo in Colle attractions, Province of Bari, /Attractions-g1972538-Activities-Santeramo_in_Colle_Province_of_Bari_Puglia.html
Codogno attractions, Province of Lodi, /Attractions-g1235476-Activities-Codogno_Province_of_Lodi_Lombardy.html
Gallio attractions, Province of Vicenza, /Attractions-g1972875-Activities-Gallio_Province_of_Vicenza_Veneto.html
Vigone attractions, Province of Turin, /Attractions-g1055371-Activities-Vigone_Province_of_Turin_Piedmont.html
Angri attractions, Province of Salerno, /Attractions-g1202900-Activities-Angri_Province_of_Salerno_Campania.html
Isola Delle Femmine attractions, Province of Palermo, /Attractions-g1055429-Activities-Isola_Delle_Femmine_Province_of_Palermo_Sicily.html
Cisterna di Latina attractions, Province of Latina, /Attractions-g2136960-Activities-Cisterna_di_Latina_Province_of_Latina_Lazio.html
Petritoli attractions, Province of Fermo, /Attractions-g1907673-Activities-Petritoli_Province_of_Fermo_Marche.html
Aiello del Friuli attractions, Province of Udine, /Attractions-g2251740-Activities-Aiello_del_Friuli_Province_of_Udine_Friuli_Venezia_Giulia.html
Cascina attractions, Province of Pisa, /Attractions-g793691-Activities-Cascina_Province_of_Pisa_Tuscany.html
Sant'Elpidio a Mare attractions, Province of Fermo, /Attractions-g1777206-Activities-Sant_Elpidio_a_Mare_Province_of_Fermo_Marche.html
Lanuvio attractions, Province of Rome, /Attractions-g794658-Activities-Lanuvio_Province_of_Rome_Lazio.html
Santa Flavia attractions, Province of Palermo, /Attractions-g680046-Activities-Santa_Flavia_Province_of_Palermo_Sicily.html
Linosa attractions, Islands of Sicily, /Attractions-g1204636-Activities-Linosa_Islands_of_Sicily_Sicily.html
Giffoni Valle Piana attractions, Province of Salerno, /Attractions-g1073570-Activities-Giffoni_Valle_Piana_Province_of_Salerno_Campania.html
Moniga del Garda attractions, Province of Brescia, /Attractions-g664152-Activities-Moniga_del_Garda_Province_of_Brescia_Lombardy.html
Brendola attractions, Province of Vicenza, /Attractions-g2155133-Activities-Brendola_Province_of_Vicenza_Veneto.html
Carignano attractions, Province of Turin, /Attractions-g1925742-Activities-Carignano_Province_of_Turin_Piedmont.html
Cazzago San Martino attractions, Province of Brescia, /Attractions-g2139043-Activities-Cazzago_San_Martino_Province_of_Brescia_Lombardy.html
Gualdo Cattaneo attractions, Province of Perugia, /Attractions-g1074132-Activities-Gualdo_Cattaneo_Province_of_Perugia_Umbria.html
Castel Maggiore attractions, Province of Bologna, /Attractions-g730081-Activities-Castel_Maggiore_Province_of_Bologna_Emilia_Romagna.html
Acquasanta Terme attractions, Province of Ascoli Piceno, /Attractions-g1025200-Activities-Acquasanta_Terme_Province_of_Ascoli_Piceno_Marche.html
Zagarolo attractions, Province of Rome, /Attractions-g795890-Activities-Zagarolo_Province_of_Rome_Lazio.html
Floridia attractions, Province of Syracuse, /Attractions-g616192-Activities-Floridia_Province_of_Syracuse_Sicily.html
Rutigliano attractions, Province of Bari, /Attractions-g1058787-Activities-Rutigliano_Province_of_Bari_Puglia.html
Artegna attractions, Province of Udine, /Attractions-g2337236-Activities-Artegna_Province_of_Udine_Friuli_Venezia_Giulia.html
Melzo attractions, Province of Milan, /Attractions-g1223238-Activities-Melzo_Province_of_Milan_Lombardy.html
Buggerru attractions, Province of Carbonia-Iglesias, /Attractions-g1485417-Activities-Buggerru_Province_of_Carbonia_Iglesias_Sardinia.html
Camposampiero attractions, Province of Padua, /Attractions-g780939-Activities-Camposampiero_Province_of_Padua_Veneto.html
Stia attractions, Province of Arezzo, /Attractions-g666509-Activities-Stia_Province_of_Arezzo_Tuscany.html
Azzano Decimo attractions, Province of Pordenone, /Attractions-g1076579-Activities-Azzano_Decimo_Province_of_Pordenone_Friuli_Venezia_Giulia.html
Sezze attractions, Province of Latina, /Attractions-g1175090-Activities-Sezze_Province_of_Latina_Lazio.html
Bresso attractions, Province of Milan, /Attractions-g2551980-Activities-Bresso_Province_of_Milan_Lombardy.html
Nibbiano attractions, Province of Piacenza, /Attractions-g1945866-Activities-Nibbiano_Province_of_Piacenza_Emilia_Romagna.html
Alvito attractions, Province of Frosinone, /Attractions-g1815084-Activities-Alvito_Province_of_Frosinone_Lazio.html
Gambassi Terme attractions, Province of Florence, /Attractions-g1028659-Activities-Gambassi_Terme_Tuscany.html
Casole d'Elsa attractions, Province of Siena, /Attractions-g635636-Activities-Casole_d_Elsa_Tuscany.html
San Bonifacio attractions, Province of Verona, /Attractions-g652053-Activities-San_Bonifacio_Province_of_Verona_Veneto.html
Sant'Ambrogio di Valpolicella attractions, Province of Verona, /Attractions-g652054-Activities-Sant_Ambrogio_di_Valpolicella_Province_of_Verona_Veneto.html
Monte Porzio Catone attractions, Province of Rome, /Attractions-g799533-Activities-Monte_Porzio_Catone_Province_of_Rome_Lazio.html
Cerreto di Spoleto attractions, Province of Perugia, /Attractions-g1078104-Activities-Cerreto_di_Spoleto_Province_of_Perugia_Umbria.html
Parcines attractions, Province of South Tyrol, /Attractions-g1078285-Activities-Parcines_Province_of_South_Tyrol_Trentino_Alto_Adige.html
San Dorligo della Valle-Dolina attractions, Province of Trieste, /Attractions-g1062076-Activities-San_Dorligo_della_Valle_Dolina_Province_of_Trieste_Friuli_Venezia_Giulia.html
Lama dei Peligni attractions, Province of Chieti, /Attractions-g4765208-Activities-Lama_dei_Peligni_Province_of_Chieti_Abruzzo.html
