province_name, region_name, province_url
Serra San Bruno attractions, Province of Vibo Valentia, /Attractions-g780809-Activities-Serra_San_Bruno_Province_of_Vibo_Valentia_Calabria.html
Farra d'Alpago attractions, Province of Belluno, /Attractions-g1632942-Activities-Farra_d_Alpago_Province_of_Belluno_Veneto.html
Mortegliano attractions, Province of Udine, /Attractions-g1748052-Activities-Mortegliano_Province_of_Udine_Friuli_Venezia_Giulia.html
Viagrande attractions, Province of Catania, /Attractions-g1093059-Activities-Viagrande_Province_of_Catania_Sicily.html
Portobuffole attractions, Province of Treviso, /Attractions-g1077104-Activities-Portobuffole_Province_of_Treviso_Veneto.html
Marigliano attractions, Province of Naples, /Attractions-g1061170-Activities-Marigliano_Province_of_Naples_Campania.html
Termeno attractions, Province of South Tyrol, /Attractions-g2617727-Activities-Termeno_Province_of_South_Tyrol_Trentino_Alto_Adige.html
Gavirate attractions, Province of Varese, /Attractions-g2208069-Activities-Gavirate_Province_of_Varese_Lombardy.html
Cesiomaggiore attractions, Province of Belluno, /Attractions-g2634068-Activities-Cesiomaggiore_Province_of_Belluno_Veneto.html
Rocca di Papa attractions, Province of Rome, /Attractions-g651987-Activities-Rocca_di_Papa_Province_of_Rome_Lazio.html
Vernole attractions, Province of Lecce, /Attractions-g652010-Activities-Vernole_Province_of_Lecce_Puglia.html
Gagliano del Capo attractions, Province of Lecce, /Attractions-g652001-Activities-Gagliano_del_Capo_Province_of_Lecce_Puglia.html
San Stino di Livenza attractions, Province of Venice, /Attractions-g652055-Activities-San_Stino_di_Livenza_Veneto.html
Alcara li Fusi attractions, Province of Messina, /Attractions-g1602455-Activities-Alcara_li_Fusi_Province_of_Messina_Sicily.html
Lauro attractions, Province of Avellino, /Attractions-g1079030-Activities-Lauro_Province_of_Avellino_Campania.html
Badia attractions, Province of South Tyrol, /Attractions-g194680-Activities-Badia_Province_of_South_Tyrol_Trentino_Alto_Adige.html
Dimaro Folgarida attractions, Province of Trento, /Attractions-g194753-Activities-Dimaro_Folgarida_Province_of_Trento_Trentino_Alto_Adige.html
Villa Castelli attractions, Province of Brindisi, /Attractions-g2095351-Activities-Villa_Castelli_Province_of_Brindisi_Puglia.html
Cammarata attractions, Province of Agrigento, /Attractions-g1096164-Activities-Cammarata_Province_of_Agrigento_Sicily.html
San Ginesio attractions, Province of Macerata, /Attractions-g1456719-Activities-San_Ginesio_Province_of_Macerata_Marche.html
Volpago del Montello attractions, Province of Treviso, /Attractions-g1587922-Activities-Volpago_del_Montello_Province_of_Treviso_Veneto.html
Malfa attractions, Isola di Salina, /Attractions-g670568-Activities-Malfa_Isola_di_Salina_Aeolian_Islands_Islands_of_Sicily_Sicily.html
Quinto di Treviso attractions, Province of Treviso, /Attractions-g1572314-Activities-Quinto_di_Treviso_Province_of_Treviso_Veneto.html
Rapolano Terme attractions, Province of Siena, /Attractions-g1048238-Activities-Rapolano_Terme_Tuscany.html
San Giuliano Milanese attractions, Province of Milan, /Attractions-g1081310-Activities-San_Giuliano_Milanese_Province_of_Milan_Lombardy.html
Moruzzo attractions, Province of Udine, /Attractions-g2064470-Activities-Moruzzo_Province_of_Udine_Friuli_Venezia_Giulia.html
Gavorrano attractions, Province of Grosseto, /Attractions-g1016002-Activities-Gavorrano_Province_of_Grosseto_Tuscany.html
Capo di Ponte attractions, Province of Brescia, /Attractions-g2212973-Activities-Capo_di_Ponte_Province_of_Brescia_Lombardy.html
Carpaneto Piacentino attractions, Province of Piacenza, /Attractions-g2148013-Activities-Carpaneto_Piacentino_Province_of_Piacenza_Emilia_Romagna.html
Villetta Barrea attractions, Province of L'Aquila, /Attractions-g1509125-Activities-Villetta_Barrea_Province_of_L_Aquila_Abruzzo.html
San Polo di Piave attractions, Province of Treviso, /Attractions-g1574811-Activities-San_Polo_di_Piave_Province_of_Treviso_Veneto.html
Partanna attractions, Province of Trapani, /Attractions-g1656733-Activities-Partanna_Province_of_Trapani_Sicily.html
Belmonte Calabro attractions, Province of Cosenza, /Attractions-g1575060-Activities-Belmonte_Calabro_Province_of_Cosenza_Calabria.html
Dogna attractions, Province of Udine, /Attractions-g11946464-Activities-Dogna_Province_of_Udine_Friuli_Venezia_Giulia.html
Costabissara attractions, Province of Vicenza, /Attractions-g1673761-Activities-Costabissara_Province_of_Vicenza_Veneto.html
Borno attractions, Province of Brescia, /Attractions-g1199300-Activities-Borno_Province_of_Brescia_Lombardy.html
Campitello di Fassa attractions, Province of Trento, /Attractions-g675051-Activities-Campitello_di_Fassa_Province_of_Trento_Trentino_Alto_Adige.html
Valle Aurina attractions, Province of South Tyrol, /Attractions-g1182966-Activities-Valle_Aurina_Province_of_South_Tyrol_Trentino_Alto_Adige.html
Comiso attractions, Province of Ragusa, /Attractions-g1625404-Activities-Comiso_Province_of_Ragusa_Sicily.html
Polizzi Generosa attractions, Province of Palermo, /Attractions-g1183432-Activities-Polizzi_Generosa_Province_of_Palermo_Sicily.html
Finale Emilia attractions, Province of Modena, /Attractions-g1396427-Activities-Finale_Emilia_Province_of_Modena_Emilia_Romagna.html
Bergeggi attractions, Italian Riviera, /Attractions-g2002678-Activities-Bergeggi_Italian_Riviera_Liguria.html
Casalmaggiore attractions, Province of Cremona, /Attractions-g1052395-Activities-Casalmaggiore_Province_of_Cremona_Lombardy.html
Borghetto di Borbera attractions, Province of Alessandria, /Attractions-g2068251-Activities-Borghetto_di_Borbera_Province_of_Alessandria_Piedmont.html
Tesero attractions, Province of Trento, /Attractions-g1183488-Activities-Tesero_Province_of_Trento_Trentino_Alto_Adige.html
Tarcento attractions, Province of Udine, /Attractions-g790387-Activities-Tarcento_Province_of_Udine_Friuli_Venezia_Giulia.html
Bellinzago Novarese attractions, Province of Novara, /Attractions-g1986599-Activities-Bellinzago_Novarese_Province_of_Novara_Piedmont.html
Felino attractions, Province of Parma, /Attractions-g676152-Activities-Felino_Province_of_Parma_Emilia_Romagna.html
Castiadas attractions, Province of Cagliari, /Attractions-g1053090-Activities-Castiadas_Province_of_Cagliari_Sardinia.html
Piazzola sul Brenta attractions, Province of Padua, /Attractions-g2216536-Activities-Piazzola_sul_Brenta_Province_of_Padua_Veneto.html
