province_name, region_name, province_url
Bulciago attractions, Province of Lecco, /Attractions-g14159577-Activities-Bulciago_Province_of_Lecco_Lombardy.html
Toffia attractions, Province of Rieti, /Attractions-g1527307-Activities-Toffia_Province_of_Rieti_Lazio.html
Narni Scalo attractions, Province of Terni, /Attractions-g1969710-Activities-Narni_Scalo_Province_of_Terni_Umbria.html
Lattarico attractions, Province of Cosenza, /Attractions-g3526269-Activities-Lattarico_Province_of_Cosenza_Calabria.html
Castri di Lecce attractions, Province of Lecce, /Attractions-g3526326-Activities-Castri_di_Lecce_Province_of_Lecce_Puglia.html
Coreglia Ligure attractions, Province of Genoa, /Attractions-g4116132-Activities-Coreglia_Ligure_Province_of_Genoa_Liguria.html
Pasturana attractions, Province of Alessandria, /Attractions-g2051755-Activities-Pasturana_Province_of_Alessandria_Piedmont.html
Pielungo attractions, Province of Pordenone, /Attractions-g7786179-Activities-Pielungo_Province_of_Pordenone_Friuli_Venezia_Giulia.html
Bagnatica attractions, Province of Bergamo, /Attractions-g954053-Activities-Bagnatica_Province_of_Bergamo_Lombardy.html
Solarussa attractions, Province of Oristano, /Attractions-g2166515-Activities-Solarussa_Province_of_Oristano_Sardinia.html
Marina di Pisticci attractions, Province of Matera, /Attractions-g1183482-Activities-Marina_di_Pisticci_Province_of_Matera_Basilicata.html
Casarile attractions, Province of Milan, /Attractions-g1052412-Activities-Casarile_Province_of_Milan_Lombardy.html
Cerreto d'Asti attractions, Province of Asti, /Attractions-g8621691-Activities-Cerreto_d_Asti_Province_of_Asti_Piedmont.html
Casale Litta attractions, Province of Varese, /Attractions-g2297560-Activities-Casale_Litta_Province_of_Varese_Lombardy.html
Cazzano Tramigna attractions, Province of Verona, /Attractions-g2281250-Activities-Cazzano_Tramigna_Province_of_Verona_Veneto.html
Molare attractions, Province of Alessandria, /Attractions-g3411775-Activities-Molare_Province_of_Alessandria_Piedmont.html
Zinasco attractions, Province of Pavia, /Attractions-g2412318-Activities-Zinasco_Province_of_Pavia_Lombardy.html
Saccolongo attractions, Province of Padua, /Attractions-g2199395-Activities-Saccolongo_Province_of_Padua_Veneto.html
Pietrasecca attractions, Province of L'Aquila, /Attractions-g3460977-Activities-Pietrasecca_Province_of_L_Aquila_Abruzzo.html
Etroubles attractions, Valle d'Aosta, /Attractions-g659268-Activities-Etroubles_Valle_d_Aosta.html
Fusine in Valromana attractions, Province of Udine, /Attractions-g2477907-Activities-Fusine_in_Valromana_Province_of_Udine_Friuli_Venezia_Giulia.html
Magnacavallo attractions, Province of Mantua, /Attractions-g17337970-Activities-Magnacavallo_Province_of_Mantua_Lombardy.html
Teti attractions, Province of Nuoro, /Attractions-g1593189-Activities-Teti_Province_of_Nuoro_Sardinia.html
Berzo Inferiore attractions, Province of Brescia, /Attractions-g4493253-Activities-Berzo_Inferiore_Province_of_Brescia_Lombardy.html
Cassiglio attractions, Province of Bergamo, /Attractions-g4345817-Activities-Cassiglio_Province_of_Bergamo_Lombardy.html
Pieve di Bono attractions, Province of Trento, /Attractions-g3575698-Activities-Pieve_di_Bono_Province_of_Trento_Trentino_Alto_Adige.html
Gaby attractions, Valle d'Aosta, /Attractions-g2412442-Activities-Gaby_Valle_d_Aosta.html
Fragneto Monforte attractions, Province of Benevento, /Attractions-g1576912-Activities-Fragneto_Monforte_Province_of_Benevento_Campania.html
Endine Gaiano attractions, Province of Bergamo, /Attractions-g1576917-Activities-Endine_Gaiano_Province_of_Bergamo_Lombardy.html
Rapagnano attractions, Province of Fermo, /Attractions-g1576900-Activities-Rapagnano_Province_of_Fermo_Marche.html
Castelnuovo di Ceva attractions, Province of Cuneo, /Attractions-g11964255-Activities-Castelnuovo_di_Ceva_Province_of_Cuneo_Piedmont.html
Celenza Valfortore attractions, Province of Foggia, /Attractions-g1413093-Activities-Celenza_Valfortore_Province_of_Foggia_Puglia.html
Cividate al Piano attractions, Province of Bergamo, /Attractions-g2199510-Activities-Cividate_al_Piano_Province_of_Bergamo_Lombardy.html
Canosa Sannita attractions, Province of Chieti, /Attractions-g2478040-Activities-Canosa_Sannita_Province_of_Chieti_Abruzzo.html
Soraga attractions, Province of Trento, /Attractions-g659470-Activities-Soraga_Province_of_Trento_Trentino_Alto_Adige.html
Falconara Albanese attractions, Province of Cosenza, /Attractions-g16732404-Activities-Falconara_Albanese_Province_of_Cosenza_Calabria.html
Pasturo attractions, Province of Lecco, /Attractions-g3346488-Activities-Pasturo_Province_of_Lecco_Lombardy.html
Brusnengo attractions, Province of Biella, /Attractions-g7131248-Activities-Brusnengo_Province_of_Biella_Piedmont.html
Seggiano attractions, Province of Grosseto, /Attractions-g1052733-Activities-Seggiano_Province_of_Grosseto_Tuscany.html
Colzate attractions, Province of Bergamo, /Attractions-g1986647-Activities-Colzate_Province_of_Bergamo_Lombardy.html
Piateda attractions, Province of Sondrio, /Attractions-g2527349-Activities-Piateda_Province_of_Sondrio_Lombardy.html
Aieta attractions, Province of Cosenza, /Attractions-g2281639-Activities-Aieta_Province_of_Cosenza_Calabria.html
La Valletta Brianza attractions, Province of Lecco, /Attractions-g8818746-Activities-La_Valletta_Brianza_Province_of_Lecco_Lombardy.html
Taipana attractions, Province of Udine, /Attractions-g3772667-Activities-Taipana_Province_of_Udine_Friuli_Venezia_Giulia.html
Gioia Sannitica attractions, Province of Caserta, /Attractions-g3330300-Activities-Gioia_Sannitica_Province_of_Caserta_Campania.html
Pagnona attractions, Province of Lecco, /Attractions-g2199746-Activities-Pagnona_Province_of_Lecco_Lombardy.html
Tovo di Sant'Agata attractions, Province of Sondrio, /Attractions-g1642781-Activities-Tovo_di_Sant_Agata_Province_of_Sondrio_Lombardy.html
Albano Vercellese attractions, Province of Vercelli, /Attractions-g5443925-Activities-Albano_Vercellese_Province_of_Vercelli_Piedmont.html
Mercallo attractions, Province of Varese, /Attractions-g3346751-Activities-Mercallo_Province_of_Varese_Lombardy.html
San Mango sul Calore attractions, Province of Avellino, /Attractions-g5230934-Activities-San_Mango_sul_Calore_Province_of_Avellino_Campania.html
