province_name, region_name, province_url
Castelbuono attractions, Province of Palermo, /Attractions-g670766-Activities-Castelbuono_Province_of_Palermo_Sicily.html
Lissone attractions, Province of Monza and Brianza, /Attractions-g670815-Activities-Lissone_Province_of_Monza_and_Brianza_Lombardy.html
Sassoferrato attractions, Province of Ancona, /Attractions-g2194797-Activities-Sassoferrato_Province_of_Ancona_Marche.html
Ribera attractions, Province of Agrigento, /Attractions-g1081428-Activities-Ribera_Province_of_Agrigento_Sicily.html
Correggio attractions, Province of Reggio Emilia, /Attractions-g230069-Activities-Correggio_Province_of_Reggio_Emilia_Emilia_Romagna.html
Selvazzano Dentro attractions, Province of Padua, /Attractions-g1967181-Activities-Selvazzano_Dentro_Province_of_Padua_Veneto.html
Montereale attractions, Province of L'Aquila, /Attractions-g1918931-Activities-Montereale_Province_of_L_Aquila_Abruzzo.html
Montichiari attractions, Province of Brescia, /Attractions-g608892-Activities-Montichiari_Province_of_Brescia_Lombardy.html
Corciano attractions, Province of Perugia, /Attractions-g608938-Activities-Corciano_Province_of_Perugia_Umbria.html
Ustica attractions, Islands of Sicily, /Attractions-g608928-Activities-Ustica_Islands_of_Sicily_Sicily.html
Sogliano al Rubicone attractions, Province of Forli-Cesena, /Attractions-g2051767-Activities-Sogliano_al_Rubicone_Province_of_Forli_Cesena_Emilia_Romagna.html
Ciampino attractions, Province of Rome, /Attractions-g675714-Activities-Ciampino_Province_of_Rome_Lazio.html
Cimolais attractions, Province of Pordenone, /Attractions-g3526964-Activities-Cimolais_Province_of_Pordenone_Friuli_Venezia_Giulia.html
Adria attractions, Province of Rovigo, /Attractions-g1184180-Activities-Adria_Province_of_Rovigo_Veneto.html
Cherasco attractions, Province of Cuneo, /Attractions-g1053430-Activities-Cherasco_Province_of_Cuneo_Piedmont.html
Corleone attractions, Province of Palermo, /Attractions-g1020917-Activities-Corleone_Province_of_Palermo_Sicily.html
Citta della Pieve attractions, Province of Perugia, /Attractions-g661293-Activities-Citta_della_Pieve_Province_of_Perugia_Umbria.html
Cerveteri attractions, Province of Rome, /Attractions-g776107-Activities-Cerveteri_Province_of_Rome_Lazio.html
Collegno attractions, Province of Turin, /Attractions-g1055361-Activities-Collegno_Province_of_Turin_Piedmont.html
Arqua Petrarca attractions, Province of Padua, /Attractions-g940890-Activities-Arqua_Petrarca_Province_of_Padua_Veneto.html
Subiaco attractions, Province of Rome, /Attractions-g1137663-Activities-Subiaco_Province_of_Rome_Lazio.html
Monforte d'Alba attractions, Province of Cuneo, /Attractions-g1187111-Activities-Monforte_d_Alba_Province_of_Cuneo_Piedmont.html
Somma Lombardo attractions, Province of Varese, /Attractions-g664016-Activities-Somma_Lombardo_Province_of_Varese_Lombardy.html
Casciana Terme Lari attractions, Province of Pisa, /Attractions-g1024746-Activities-Casciana_Terme_Lari_Province_of_Pisa_Tuscany.html
Longare attractions, Province of Vicenza, /Attractions-g1795296-Activities-Longare_Province_of_Vicenza_Veneto.html
Cerea attractions, Province of Verona, /Attractions-g2157100-Activities-Cerea_Province_of_Verona_Veneto.html
Teolo attractions, Province of Padua, /Attractions-g1108616-Activities-Teolo_Province_of_Padua_Veneto.html
Valeggio Sul Mincio attractions, Province of Verona, /Attractions-g1060110-Activities-Valeggio_Sul_Mincio_Province_of_Verona_Veneto.html
Pontassieve attractions, Province of Florence, /Attractions-g667192-Activities-Pontassieve_Tuscany.html
Soncino attractions, Province of Cremona, /Attractions-g1077019-Activities-Soncino_Province_of_Cremona_Lombardy.html
Pontedera attractions, Province of Pisa, /Attractions-g635635-Activities-Pontedera_Province_of_Pisa_Tuscany.html
Ariccia attractions, Province of Rome, /Attractions-g799526-Activities-Ariccia_Province_of_Rome_Lazio.html
Vicovaro attractions, Province of Rome, /Attractions-g2372872-Activities-Vicovaro_Province_of_Rome_Lazio.html
Lonigo attractions, Province of Vicenza, /Attractions-g1144296-Activities-Lonigo_Province_of_Vicenza_Veneto.html
Marina di Campo attractions, Elba Island, /Attractions-g194708-Activities-Marina_di_Campo_Elba_Island_Province_of_Livorno_Tuscany.html
Martinsicuro attractions, Province of Teramo, /Attractions-g194818-Activities-Martinsicuro_Province_of_Teramo_Abruzzo.html
Menaggio attractions, Lake Como, /Attractions-g194821-Activities-Menaggio_Lake_Como_Lombardy.html
Porto Azzurro attractions, Elba Island, /Attractions-g194855-Activities-Porto_Azzurro_Elba_Island_Province_of_Livorno_Tuscany.html
Renon attractions, Province of South Tyrol, /Attractions-g194876-Activities-Renon_Province_of_South_Tyrol_Trentino_Alto_Adige.html
Lagundo attractions, Province of South Tyrol, /Attractions-g1079897-Activities-Lagundo_Province_of_South_Tyrol_Trentino_Alto_Adige.html
Ameglia attractions, Province of La Spezia, /Attractions-g670659-Activities-Ameglia_Province_of_La_Spezia_Liguria.html
Capalbio attractions, Province of Grosseto, /Attractions-g1015997-Activities-Capalbio_Province_of_Grosseto_Tuscany.html
Orgosolo attractions, Province of Nuoro, /Attractions-g1065336-Activities-Orgosolo_Province_of_Nuoro_Sardinia.html
Terranuova Bracciolini attractions, Province of Arezzo, /Attractions-g656697-Activities-Terranuova_Bracciolini_Province_of_Arezzo_Tuscany.html
Breganze attractions, Province of Vicenza, /Attractions-g2098557-Activities-Breganze_Province_of_Vicenza_Veneto.html
Vigonza attractions, Province of Padua, /Attractions-g804277-Activities-Vigonza_Province_of_Padua_Veneto.html
Budoni attractions, Province of Olbia-Tempio, /Attractions-g656838-Activities-Budoni_Province_of_Olbia_Tempio_Sardinia.html
Marsciano attractions, Province of Perugia, /Attractions-g656848-Activities-Marsciano_Province_of_Perugia_Umbria.html
Ostia Antica attractions, Province of Rome, /Attractions-g673275-Activities-Ostia_Antica_Province_of_Rome_Lazio.html
Copertino attractions, Province of Lecce, /Attractions-g3393147-Activities-Copertino_Province_of_Lecce_Puglia.html
