province_name, region_name, province_url
Tavernola Bergamasca attractions, Province of Bergamo, /Attractions-g4559110-Activities-Tavernola_Bergamasca_Province_of_Bergamo_Lombardy.html
Rovolon attractions, Province of Padua, /Attractions-g2052422-Activities-Rovolon_Province_of_Padua_Veneto.html
Gessopalena attractions, Province of Chieti, /Attractions-g2511175-Activities-Gessopalena_Province_of_Chieti_Abruzzo.html
Pagnacco attractions, Province of Udine, /Attractions-g2068866-Activities-Pagnacco_Province_of_Udine_Friuli_Venezia_Giulia.html
Butera attractions, Province of Caltanissetta, /Attractions-g676346-Activities-Butera_Province_of_Caltanissetta_Sicily.html
Cupra Marittima attractions, Province of Ascoli Piceno, /Attractions-g1102422-Activities-Cupra_Marittima_Province_of_Ascoli_Piceno_Marche.html
Collepardo attractions, Province of Frosinone, /Attractions-g2020075-Activities-Collepardo_Province_of_Frosinone_Lazio.html
Inzago attractions, Province of Milan, /Attractions-g2102192-Activities-Inzago_Province_of_Milan_Lombardy.html
Dicomano attractions, Province of Florence, /Attractions-g1233798-Activities-Dicomano_Tuscany.html
Mariano Comense attractions, Province of Como, /Attractions-g1102835-Activities-Mariano_Comense_Province_of_Como_Lombardy.html
Baschi attractions, Province of Terni, /Attractions-g1020922-Activities-Baschi_Province_of_Terni_Umbria.html
Asinara attractions, Province of Sassari, /Attractions-g1201179-Activities-Asinara_Province_of_Sassari_Sardinia.html
Castel San Vincenzo attractions, Province of Isernia, /Attractions-g1201167-Activities-Castel_San_Vincenzo_Province_of_Isernia_Molise.html
San Giovanni al Natisone attractions, Province of Udine, /Attractions-g1315908-Activities-San_Giovanni_al_Natisone_Province_of_Udine_Friuli_Venezia_Giulia.html
Cassina de Pecchi attractions, Province of Milan, /Attractions-g3642462-Activities-Cassina_de_Pecchi_Province_of_Milan_Lombardy.html
Selvino attractions, Province of Bergamo, /Attractions-g644255-Activities-Selvino_Province_of_Bergamo_Lombardy.html
Massa Lombarda attractions, Province of Ravenna, /Attractions-g644246-Activities-Massa_Lombarda_Province_of_Ravenna_Emilia_Romagna.html
Cerreto Guidi attractions, Province of Florence, /Attractions-g644274-Activities-Cerreto_Guidi_Tuscany.html
Ceccano attractions, Province of Frosinone, /Attractions-g1643731-Activities-Ceccano_Province_of_Frosinone_Lazio.html
Rescaldina attractions, Province of Milan, /Attractions-g1643832-Activities-Rescaldina_Province_of_Milan_Lombardy.html
Stella Cilento attractions, Province of Salerno, /Attractions-g2282852-Activities-Stella_Cilento_Province_of_Salerno_Campania.html
Fisciano attractions, Province of Salerno, /Attractions-g1644017-Activities-Fisciano_Province_of_Salerno_Campania.html
Sant'Anna di Alfaedo attractions, Province of Verona, /Attractions-g2299576-Activities-Sant_Anna_di_Alfaedo_Province_of_Verona_Veneto.html
Serravalle Pistoiese attractions, Province of Pistoia, /Attractions-g1185507-Activities-Serravalle_Pistoiese_Province_of_Pistoia_Tuscany.html
Campobello di Mazara attractions, Province of Trapani, /Attractions-g1185611-Activities-Campobello_di_Mazara_Province_of_Trapani_Sicily.html
Sorso attractions, Province of Sassari, /Attractions-g776131-Activities-Sorso_Province_of_Sassari_Sardinia.html
Miglianico attractions, Province of Chieti, /Attractions-g2201655-Activities-Miglianico_Province_of_Chieti_Abruzzo.html
Pescina attractions, Province of L'Aquila, /Attractions-g2300032-Activities-Pescina_Province_of_L_Aquila_Abruzzo.html
Sgonico attractions, Province of Trieste, /Attractions-g1022307-Activities-Sgonico_Province_of_Trieste_Friuli_Venezia_Giulia.html
Dolce' attractions, Province of Verona, /Attractions-g2398634-Activities-Dolce_Province_of_Verona_Veneto.html
Samarate attractions, Province of Varese, /Attractions-g858528-Activities-Samarate_Province_of_Varese_Lombardy.html
Quartucciu attractions, Province of Cagliari, /Attractions-g1759845-Activities-Quartucciu_Province_of_Cagliari_Sardinia.html
Calci attractions, Province of Pisa, /Attractions-g580236-Activities-Calci_Province_of_Pisa_Tuscany.html
Valsolda attractions, Province of Como, /Attractions-g662247-Activities-Valsolda_Province_of_Como_Lombardy.html
San Martino in Pensilis attractions, Province of Campobasso, /Attractions-g2431810-Activities-San_Martino_in_Pensilis_Province_of_Campobasso_Molise.html
Dumenza attractions, Province of Varese, /Attractions-g1973156-Activities-Dumenza_Province_of_Varese_Lombardy.html
Magliano Sabina attractions, Province of Rieti, /Attractions-g940981-Activities-Magliano_Sabina_Province_of_Rieti_Lazio.html
Belforte del Chienti attractions, Province of Macerata, /Attractions-g1514544-Activities-Belforte_del_Chienti_Province_of_Macerata_Marche.html
Fabrica di Roma attractions, Province of Viterbo, /Attractions-g1629255-Activities-Fabrica_di_Roma_Province_of_Viterbo_Lazio.html
Cordignano attractions, Province of Treviso, /Attractions-g2399324-Activities-Cordignano_Province_of_Treviso_Veneto.html
Piancastagnaio attractions, Province of Siena, /Attractions-g1187109-Activities-Piancastagnaio_Tuscany.html
Bovino attractions, Province of Foggia, /Attractions-g2153898-Activities-Bovino_Province_of_Foggia_Puglia.html
Pignataro Maggiore attractions, Province of Caserta, /Attractions-g5561772-Activities-Pignataro_Maggiore_Province_of_Caserta_Campania.html
Valbondione attractions, Province of Bergamo, /Attractions-g1826676-Activities-Valbondione_Province_of_Bergamo_Lombardy.html
Poggiardo attractions, Province of Lecce, /Attractions-g1024144-Activities-Poggiardo_Province_of_Lecce_Puglia.html
Motta Sant'Anastasia attractions, Province of Catania, /Attractions-g1057093-Activities-Motta_Sant_Anastasia_Province_of_Catania_Sicily.html
Bettona attractions, Province of Perugia, /Attractions-g778659-Activities-Bettona_Province_of_Perugia_Umbria.html
Curiglia con Monteviasco attractions, Province of Varese, /Attractions-g3334666-Activities-Curiglia_con_Monteviasco_Province_of_Varese_Lombardy.html
Moltrasio attractions, Lake Como, /Attractions-g664191-Activities-Moltrasio_Lake_Como_Lombardy.html
Acquaviva Picena attractions, Province of Ascoli Piceno, /Attractions-g664449-Activities-Acquaviva_Picena_Province_of_Ascoli_Piceno_Marche.html
