province_name, region_name, province_url
Gasperina attractions, Province of Catanzaro, /Attractions-g1187206-Activities-Gasperina_Province_of_Catanzaro_Calabria.html
Seulo attractions, Province of Cagliari, /Attractions-g1924572-Activities-Seulo_Province_of_Cagliari_Sardinia.html
Gioia dei Marsi attractions, Province of L'Aquila, /Attractions-g1973800-Activities-Gioia_dei_Marsi_Province_of_L_Aquila_Abruzzo.html
San Lorenzo al Mare attractions, Italian Riviera, /Attractions-g1973854-Activities-San_Lorenzo_al_Mare_Italian_Riviera_Liguria.html
Montauro attractions, Province of Catanzaro, /Attractions-g1973851-Activities-Montauro_Province_of_Catanzaro_Calabria.html
Gemonio attractions, Province of Varese, /Attractions-g2416238-Activities-Gemonio_Province_of_Varese_Lombardy.html
Vado Ligure attractions, Italian Riviera, /Attractions-g1973857-Activities-Vado_Ligure_Italian_Riviera_Liguria.html
Villafranca Piemonte attractions, Province of Turin, /Attractions-g1597080-Activities-Villafranca_Piemonte_Province_of_Turin_Piedmont.html
Forano attractions, Province of Rieti, /Attractions-g3710624-Activities-Forano_Province_of_Rieti_Lazio.html
Cuvio attractions, Province of Varese, /Attractions-g2301674-Activities-Cuvio_Province_of_Varese_Lombardy.html
Campotosto attractions, Province of L'Aquila, /Attractions-g2301643-Activities-Campotosto_Province_of_L_Aquila_Abruzzo.html
Scontrone attractions, Province of L'Aquila, /Attractions-g8593000-Activities-Scontrone_Province_of_L_Aquila_Abruzzo.html
Turriaco attractions, Province of Gorizia, /Attractions-g2301648-Activities-Turriaco_Province_of_Gorizia_Friuli_Venezia_Giulia.html
Platania attractions, Province of Catanzaro, /Attractions-g3530434-Activities-Platania_Province_of_Catanzaro_Calabria.html
Petrella Salto attractions, Province of Rieti, /Attractions-g2301656-Activities-Petrella_Salto_Province_of_Rieti_Lazio.html
Chiaravalle Centrale attractions, Province of Catanzaro, /Attractions-g2531117-Activities-Chiaravalle_Centrale_Province_of_Catanzaro_Calabria.html
Proceno attractions, Province of Viterbo, /Attractions-g1400633-Activities-Proceno_Province_of_Viterbo_Lazio.html
Gagliano Aterno attractions, Province of L'Aquila, /Attractions-g3530502-Activities-Gagliano_Aterno_Province_of_L_Aquila_Abruzzo.html
Bolognola attractions, Province of Macerata, /Attractions-g3137377-Activities-Bolognola_Province_of_Macerata_Marche.html
Costigliole Saluzzo attractions, Province of Cuneo, /Attractions-g1580980-Activities-Costigliole_Saluzzo_Province_of_Cuneo_Piedmont.html
Carona attractions, Province of Bergamo, /Attractions-g1826735-Activities-Carona_Province_of_Bergamo_Lombardy.html
Fossalta di Piave attractions, Province of Venice, /Attractions-g4497318-Activities-Fossalta_di_Piave_Veneto.html
Carro attractions, Province of La Spezia, /Attractions-g2269235-Activities-Carro_Province_of_La_Spezia_Liguria.html
Medolla attractions, Province of Modena, /Attractions-g2269232-Activities-Medolla_Province_of_Modena_Emilia_Romagna.html
Vetto attractions, Province of Reggio Emilia, /Attractions-g2400382-Activities-Vetto_Province_of_Reggio_Emilia_Emilia_Romagna.html
Brignano Gera d'Adda attractions, Province of Bergamo, /Attractions-g2400337-Activities-Brignano_Gera_d_Adda_Province_of_Bergamo_Lombardy.html
Badalucco attractions, Province of Imperia, /Attractions-g2089120-Activities-Badalucco_Province_of_Imperia_Liguria.html
Briatico attractions, Province of Vibo Valentia, /Attractions-g663795-Activities-Briatico_Province_of_Vibo_Valentia_Calabria.html
Senorbi attractions, Province of Cagliari, /Attractions-g2056567-Activities-Senorbi_Province_of_Cagliari_Sardinia.html
San Prisco attractions, Province of Caserta, /Attractions-g3596613-Activities-San_Prisco_Province_of_Caserta_Campania.html
Folgarida attractions, Province of Trento, /Attractions-g1204644-Activities-Folgarida_Province_of_Trento_Trentino_Alto_Adige.html
Tignale attractions, Province of Brescia, /Attractions-g664155-Activities-Tignale_Province_of_Brescia_Lombardy.html
Tremosine sul Garda attractions, Province of Brescia, /Attractions-g664156-Activities-Tremosine_sul_Garda_Province_of_Brescia_Lombardy.html
Domaso attractions, Lake Como, /Attractions-g664182-Activities-Domaso_Lake_Como_Lombardy.html
Germignaga attractions, Lake Maggiore, /Attractions-g664204-Activities-Germignaga_Lake_Maggiore_Lombardy.html
Oliveto Lario attractions, Lake Como, /Attractions-g664194-Activities-Oliveto_Lario_Lake_Como_Lombardy.html
Ranco attractions, Province of Varese, /Attractions-g664211-Activities-Ranco_Province_of_Varese_Lombardy.html
Marcallo con Casone attractions, Province of Milan, /Attractions-g4580066-Activities-Marcallo_con_Casone_Province_of_Milan_Lombardy.html
Occhiobello attractions, Province of Rovigo, /Attractions-g1057542-Activities-Occhiobello_Province_of_Rovigo_Veneto.html
Lu attractions, Province of Alessandria, /Attractions-g1549064-Activities-Lu_Province_of_Alessandria_Piedmont.html
Prata d'Ansidonia attractions, Province of L'Aquila, /Attractions-g2024333-Activities-Prata_d_Ansidonia_Province_of_L_Aquila_Abruzzo.html
Buseto Palizzolo attractions, Province of Trapani, /Attractions-g1025052-Activities-Buseto_Palizzolo_Province_of_Trapani_Sicily.html
Caporciano attractions, Province of L'Aquila, /Attractions-g1221712-Activities-Caporciano_Province_of_L_Aquila_Abruzzo.html
Cattolica Eraclea attractions, Province of Agrigento, /Attractions-g1467526-Activities-Cattolica_Eraclea_Province_of_Agrigento_Sicily.html
Brusciano attractions, Province of Naples, /Attractions-g2139386-Activities-Brusciano_Province_of_Naples_Campania.html
Fai della Paganella attractions, Province of Trento, /Attractions-g664820-Activities-Fai_della_Paganella_Province_of_Trento_Trentino_Alto_Adige.html
Mercatello sul Metauro attractions, Province of Pesaro and Urbino, /Attractions-g1451319-Activities-Mercatello_sul_Metauro_Province_of_Pesaro_and_Urbino_Marche.html
Frisa attractions, Province of Chieti, /Attractions-g2368846-Activities-Frisa_Province_of_Chieti_Abruzzo.html
Maletto attractions, Province of Catania, /Attractions-g2368841-Activities-Maletto_Province_of_Catania_Sicily.html
Cannara attractions, Province of Perugia, /Attractions-g664988-Activities-Cannara_Province_of_Perugia_Umbria.html
