province_name, region_name, province_url
Roburent attractions, Province of Cuneo, /Attractions-g194884-Activities-Roburent_Province_of_Cuneo_Piedmont.html
Pollenzo attractions, Province of Cuneo, /Attractions-g1096051-Activities-Pollenzo_Province_of_Cuneo_Piedmont.html
Pontelandolfo attractions, Province of Benevento, /Attractions-g2357666-Activities-Pontelandolfo_Province_of_Benevento_Campania.html
Vernante attractions, Province of Cuneo, /Attractions-g194945-Activities-Vernante_Province_of_Cuneo_Piedmont.html
Vastogirardi attractions, Province of Isernia, /Attractions-g2292134-Activities-Vastogirardi_Province_of_Isernia_Molise.html
Asso attractions, Province of Como, /Attractions-g2292153-Activities-Asso_Province_of_Como_Lombardy.html
Fino Mornasco attractions, Province of Como, /Attractions-g2095539-Activities-Fino_Mornasco_Province_of_Como_Lombardy.html
Castelmauro attractions, Province of Campobasso, /Attractions-g7076295-Activities-Castelmauro_Province_of_Campobasso_Molise.html
Zenson di Piave attractions, Province of Treviso, /Attractions-g2619798-Activities-Zenson_di_Piave_Province_of_Treviso_Veneto.html
Boca attractions, Province of Novara, /Attractions-g2619796-Activities-Boca_Province_of_Novara_Piedmont.html
Brallo di Pregola attractions, Province of Pavia, /Attractions-g2292198-Activities-Brallo_di_Pregola_Province_of_Pavia_Lombardy.html
Valle di Cadore attractions, Province of Belluno, /Attractions-g1604047-Activities-Valle_di_Cadore_Province_of_Belluno_Veneto.html
Sammichele di Bari attractions, Province of Bari, /Attractions-g1063393-Activities-Sammichele_di_Bari_Province_of_Bari_Puglia.html
Sassetta attractions, Province of Livorno, /Attractions-g1063404-Activities-Sassetta_Province_of_Livorno_Tuscany.html
Niella Tanaro attractions, Province of Cuneo, /Attractions-g4995658-Activities-Niella_Tanaro_Province_of_Cuneo_Piedmont.html
Castino attractions, Province of Cuneo, /Attractions-g2357806-Activities-Castino_Province_of_Cuneo_Piedmont.html
Casargo attractions, Province of Lecco, /Attractions-g2357815-Activities-Casargo_Province_of_Lecco_Lombardy.html
Francolise attractions, Province of Caserta, /Attractions-g3930645-Activities-Francolise_Province_of_Caserta_Campania.html
Nuxis attractions, Province of Carbonia-Iglesias, /Attractions-g2308711-Activities-Nuxis_Province_of_Carbonia_Iglesias_Sardinia.html
Neviano attractions, Province of Lecce, /Attractions-g1079920-Activities-Neviano_Province_of_Lecce_Puglia.html
Cesate attractions, Province of Milan, /Attractions-g2046574-Activities-Cesate_Province_of_Milan_Lombardy.html
Castelraimondo attractions, Province of Macerata, /Attractions-g1079957-Activities-Castelraimondo_Province_of_Macerata_Marche.html
Pojana Maggiore attractions, Province of Vicenza, /Attractions-g7076597-Activities-Pojana_Maggiore_Province_of_Vicenza_Veneto.html
Bernareggio attractions, Province of Monza and Brianza, /Attractions-g2308740-Activities-Bernareggio_Province_of_Monza_and_Brianza_Lombardy.html
Conflenti attractions, Province of Catanzaro, /Attractions-g5503647-Activities-Conflenti_Province_of_Catanzaro_Calabria.html
Castello del Matese attractions, Province of Caserta, /Attractions-g1080119-Activities-Castello_del_Matese_Province_of_Caserta_Campania.html
Cerrione attractions, Province of Biella, /Attractions-g4586267-Activities-Cerrione_Province_of_Biella_Piedmont.html
Acquedolci attractions, Province of Messina, /Attractions-g2308930-Activities-Acquedolci_Province_of_Messina_Sicily.html
Pontelongo attractions, Province of Padua, /Attractions-g2440021-Activities-Pontelongo_Province_of_Padua_Veneto.html
Cabiate attractions, Province of Como, /Attractions-g2440026-Activities-Cabiate_Province_of_Como_Lombardy.html
Paternopoli attractions, Province of Avellino, /Attractions-g2620326-Activities-Paternopoli_Province_of_Avellino_Campania.html
Pontida attractions, Province of Bergamo, /Attractions-g2456489-Activities-Pontida_Province_of_Bergamo_Lombardy.html
Fenis attractions, Valle d'Aosta, /Attractions-g736254-Activities-Fenis_Valle_d_Aosta.html
Marnate attractions, Province of Varese, /Attractions-g7109697-Activities-Marnate_Province_of_Varese_Lombardy.html
Casale di Scodosia attractions, Province of Padua, /Attractions-g2358384-Activities-Casale_di_Scodosia_Province_of_Padua_Veneto.html
Caravino attractions, Province of Turin, /Attractions-g3210311-Activities-Caravino_Province_of_Turin_Piedmont.html
Zevio attractions, Province of Verona, /Attractions-g1080429-Activities-Zevio_Province_of_Verona_Veneto.html
Condino attractions, Province of Trento, /Attractions-g2292983-Activities-Condino_Province_of_Trento_Trentino_Alto_Adige.html
Ne attractions, Province of Genoa, /Attractions-g1129801-Activities-Ne_Province_of_Genoa_Liguria.html
Piedicavallo attractions, Province of Biella, /Attractions-g7060790-Activities-Piedicavallo_Province_of_Biella_Piedmont.html
Cossano Belbo attractions, Province of Cuneo, /Attractions-g1768825-Activities-Cossano_Belbo_Province_of_Cuneo_Piedmont.html
Corte Palasio attractions, Province of Lodi, /Attractions-g3374487-Activities-Corte_Palasio_Province_of_Lodi_Lombardy.html
Lapedona attractions, Province of Fermo, /Attractions-g2194887-Activities-Lapedona_Province_of_Fermo_Marche.html
Agugliano attractions, Province of Ancona, /Attractions-g2375113-Activities-Agugliano_Province_of_Ancona_Marche.html
Buonalbergo attractions, Province of Benevento, /Attractions-g6962802-Activities-Buonalbergo_Province_of_Benevento_Campania.html
Ascrea attractions, Province of Rieti, /Attractions-g3407406-Activities-Ascrea_Province_of_Rieti_Lazio.html
Caselle di Sommacampagna attractions, Province of Verona, /Attractions-g1097298-Activities-Caselle_di_Sommacampagna_Province_of_Verona_Veneto.html
Imer attractions, Province of Trento, /Attractions-g3554939-Activities-Imer_Province_of_Trento_Trentino_Alto_Adige.html
Statte attractions, Province of Taranto, /Attractions-g4013729-Activities-Statte_Province_of_Taranto_Puglia.html
Uta attractions, Province of Cagliari, /Attractions-g1064637-Activities-Uta_Province_of_Cagliari_Sardinia.html
