province_name, region_name, province_url
Chioggia attractions, Province of Venice, /Attractions-g194738-Activities-Chioggia_Veneto.html
Novara attractions, Province of Novara, /Attractions-g194836-Activities-Novara_Province_of_Novara_Piedmont.html
La Maddalena attractions, Maddalena Islands, /Attractions-g612430-Activities-La_Maddalena_Maddalena_Islands_Province_of_Olbia_Tempio_Sardinia.html
Potenza attractions, Province of Potenza, /Attractions-g187773-Activities-Potenza_Province_of_Potenza_Basilicata.html
Lipari attractions, Aeolian Islands, /Attractions-g194798-Activities-Lipari_Aeolian_Islands_Islands_of_Sicily_Sicily.html
Cremona attractions, Province of Cremona, /Attractions-g187831-Activities-Cremona_Province_of_Cremona_Lombardy.html
Aosta attractions, Valle d'Aosta, /Attractions-g187863-Activities-Aosta_Valle_d_Aosta.html
Noto attractions, Province of Syracuse, /Attractions-g652022-Activities-Noto_Province_of_Syracuse_Sicily.html
Belluno attractions, Province of Belluno, /Attractions-g194689-Activities-Belluno_Province_of_Belluno_Veneto.html
Senigallia attractions, Province of Ancona, /Attractions-g194914-Activities-Senigallia_Province_of_Ancona_Marche.html
Vieste attractions, Province of Foggia, /Attractions-g194948-Activities-Vieste_Province_of_Foggia_Puglia.html
Lecco attractions, Province of Lecco, /Attractions-g187836-Activities-Lecco_Province_of_Lecco_Lombardy.html
Terni attractions, Province of Terni, /Attractions-g580242-Activities-Terni_Province_of_Terni_Umbria.html
Altamura attractions, Province of Bari, /Attractions-g667173-Activities-Altamura_Province_of_Bari_Puglia.html
Lido di Ostia attractions, Province of Rome, /Attractions-g799531-Activities-Lido_di_Ostia_Province_of_Rome_Lazio.html
Roseto Degli Abruzzi attractions, Province of Teramo, /Attractions-g194888-Activities-Roseto_Degli_Abruzzi_Province_of_Teramo_Abruzzo.html
Foligno attractions, Province of Perugia, /Attractions-g227667-Activities-Foligno_Province_of_Perugia_Umbria.html
Cividale del Friuli attractions, Province of Udine, /Attractions-g790399-Activities-Cividale_del_Friuli_Province_of_Udine_Friuli_Venezia_Giulia.html
Comacchio attractions, Province of Ferrara, /Attractions-g676117-Activities-Comacchio_Province_of_Ferrara_Emilia_Romagna.html
Greve in Chianti attractions, Province of Florence, /Attractions-g580240-Activities-Greve_in_Chianti_Tuscany.html
Cefalu attractions, Province of Palermo, /Attractions-g194726-Activities-Cefalu_Province_of_Palermo_Sicily.html
Aversa attractions, Province of Caserta, /Attractions-g804150-Activities-Aversa_Province_of_Caserta_Campania.html
Foggia attractions, Province of Foggia, /Attractions-g187876-Activities-Foggia_Province_of_Foggia_Puglia.html
Otranto attractions, Province of Lecce, /Attractions-g652004-Activities-Otranto_Province_of_Lecce_Puglia.html
San Casciano in Val di Pesa attractions, Province of Florence, /Attractions-g652039-Activities-San_Casciano_in_Val_di_Pesa_Tuscany.html
Rovigo attractions, Province of Rovigo, /Attractions-g230072-Activities-Rovigo_Province_of_Rovigo_Veneto.html
Isola di Favignana attractions, Aegadian Islands, /Attractions-g657290-Activities-Isola_di_Favignana_Aegadian_Islands_Islands_of_Sicily_Sicily.html
Campobasso attractions, Province of Campobasso, /Attractions-g187799-Activities-Campobasso_Province_of_Campobasso_Molise.html
Peschiera del Garda attractions, Province of Verona, /Attractions-g635642-Activities-Peschiera_del_Garda_Province_of_Verona_Veneto.html
Faenza attractions, Province of Ravenna, /Attractions-g194758-Activities-Faenza_Province_of_Ravenna_Emilia_Romagna.html
Gubbio attractions, Province of Perugia, /Attractions-g187906-Activities-Gubbio_Province_of_Perugia_Umbria.html
Fano attractions, Province of Pesaro and Urbino, /Attractions-g194759-Activities-Fano_Province_of_Pesaro_and_Urbino_Marche.html
Massa Lubrense attractions, Province of Naples, /Attractions-g194819-Activities-Massa_Lubrense_Province_of_Naples_Campania.html
Savona attractions, Italian Riviera, /Attractions-g194908-Activities-Savona_Italian_Riviera_Liguria.html
Palau attractions, Province of Olbia-Tempio, /Attractions-g562810-Activities-Palau_Province_of_Olbia_Tempio_Sardinia.html
Caltagirone attractions, Province of Catania, /Attractions-g777678-Activities-Caltagirone_Province_of_Catania_Sicily.html
Pinzolo attractions, Province of Trento, /Attractions-g608933-Activities-Pinzolo_Province_of_Trento_Trentino_Alto_Adige.html
Rieti attractions, Province of Rieti, /Attractions-g194879-Activities-Rieti_Province_of_Rieti_Lazio.html
Murano attractions, City of Venice, /Attractions-g681249-Activities-Murano_Veneto.html
San Benedetto Del Tronto attractions, Province of Ascoli Piceno, /Attractions-g194895-Activities-San_Benedetto_Del_Tronto_Province_of_Ascoli_Piceno_Marche.html
Vatican City attractions, Lazio, /Attractions-g187793-Activities-Vatican_City_Lazio.html
Rapallo attractions, Italian Riviera, /Attractions-g187826-Activities-Rapallo_Italian_Riviera_Liguria.html
Grosseto attractions, Province of Grosseto, /Attractions-g194778-Activities-Grosseto_Province_of_Grosseto_Tuscany.html
Lodi attractions, Province of Lodi, /Attractions-g227885-Activities-Lodi_Province_of_Lodi_Lombardy.html
Polignano a Mare attractions, Province of Bari, /Attractions-g635875-Activities-Polignano_a_Mare_Province_of_Bari_Puglia.html
Benevento attractions, Province of Benevento, /Attractions-g194690-Activities-Benevento_Province_of_Benevento_Campania.html
Vercelli attractions, Province of Vercelli, /Attractions-g1175110-Activities-Vercelli_Province_of_Vercelli_Piedmont.html
Spoleto attractions, Province of Perugia, /Attractions-g194924-Activities-Spoleto_Province_of_Perugia_Umbria.html
San Vito lo Capo attractions, Province of Trapani, /Attractions-g656840-Activities-San_Vito_lo_Capo_Province_of_Trapani_Sicily.html
Massa attractions, Province of Massa Carrara, /Attractions-g660766-Activities-Massa_Province_of_Massa_Carrara_Tuscany.html
