province_name, region_name, province_url
Montaione attractions, Province of Florence, /Attractions-g608936-Activities-Montaione_Tuscany.html
Gatteo attractions, Province of Forli-Cesena, /Attractions-g1067950-Activities-Gatteo_Province_of_Forli_Cesena_Emilia_Romagna.html
Campomarino attractions, Province of Campobasso, /Attractions-g1051704-Activities-Campomarino_Province_of_Campobasso_Molise.html
Anghiari attractions, Province of Arezzo, /Attractions-g642184-Activities-Anghiari_Province_of_Arezzo_Tuscany.html
Scansano attractions, Province of Grosseto, /Attractions-g642191-Activities-Scansano_Province_of_Grosseto_Tuscany.html
San Colombano al Lambro attractions, Province of Milan, /Attractions-g2281491-Activities-San_Colombano_al_Lambro_Province_of_Milan_Lombardy.html
Regalbuto attractions, Province of Enna, /Attractions-g7081986-Activities-Regalbuto_Province_of_Enna_Sicily.html
Cordovado attractions, Province of Pordenone, /Attractions-g1986666-Activities-Cordovado_Province_of_Pordenone_Friuli_Venezia_Giulia.html
Marineo attractions, Province of Palermo, /Attractions-g3412218-Activities-Marineo_Province_of_Palermo_Sicily.html
Mamoiada attractions, Province of Nuoro, /Attractions-g1986877-Activities-Mamoiada_Province_of_Nuoro_Sardinia.html
Barbarano Vicentino attractions, Province of Vicenza, /Attractions-g1069556-Activities-Barbarano_Vicentino_Province_of_Vicenza_Veneto.html
Calascibetta attractions, Province of Enna, /Attractions-g2052578-Activities-Calascibetta_Province_of_Enna_Sicily.html
Signa attractions, Province of Florence, /Attractions-g676673-Activities-Signa_Tuscany.html
Vedelago attractions, Province of Treviso, /Attractions-g1938902-Activities-Vedelago_Province_of_Treviso_Veneto.html
Fossano attractions, Province of Cuneo, /Attractions-g1054675-Activities-Fossano_Province_of_Cuneo_Piedmont.html
Pavullo Nel Frignano attractions, Province of Modena, /Attractions-g2136167-Activities-Pavullo_Nel_Frignano_Province_of_Modena_Emilia_Romagna.html
Manerbio attractions, Province of Brescia, /Attractions-g1972553-Activities-Manerbio_Province_of_Brescia_Lombardy.html
Ripatransone attractions, Province of Ascoli Piceno, /Attractions-g1186282-Activities-Ripatransone_Province_of_Ascoli_Piceno_Marche.html
Sospirolo attractions, Province of Belluno, /Attractions-g2398837-Activities-Sospirolo_Province_of_Belluno_Veneto.html
Palma di Montechiaro attractions, Province of Agrigento, /Attractions-g2185993-Activities-Palma_di_Montechiaro_Province_of_Agrigento_Sicily.html
Giuliano di Roma attractions, Province of Frosinone, /Attractions-g1202989-Activities-Giuliano_di_Roma_Province_of_Frosinone_Lazio.html
Mortara attractions, Province of Pavia, /Attractions-g1137834-Activities-Mortara_Province_of_Pavia_Lombardy.html
Abbiategrasso attractions, Province of Milan, /Attractions-g1137869-Activities-Abbiategrasso_Province_of_Milan_Lombardy.html
Limbiate attractions, Province of Monza and Brianza, /Attractions-g1056085-Activities-Limbiate_Province_of_Monza_and_Brianza_Lombardy.html
Cuveglio attractions, Province of Varese, /Attractions-g3464677-Activities-Cuveglio_Province_of_Varese_Lombardy.html
Diano d'Alba attractions, Province of Cuneo, /Attractions-g1580991-Activities-Diano_d_Alba_Province_of_Cuneo_Piedmont.html
Nemi attractions, Province of Rome, /Attractions-g794657-Activities-Nemi_Province_of_Rome_Lazio.html
San Vito dei Normanni attractions, Province of Brindisi, /Attractions-g1007735-Activities-San_Vito_dei_Normanni_Province_of_Brindisi_Puglia.html
Sapri attractions, Province of Salerno, /Attractions-g1024174-Activities-Sapri_Province_of_Salerno_Campania.html
Caravate attractions, Province of Varese, /Attractions-g5121171-Activities-Caravate_Province_of_Varese_Lombardy.html
Rocca San Giovanni attractions, Province of Chieti, /Attractions-g1058220-Activities-Rocca_San_Giovanni_Province_of_Chieti_Abruzzo.html
Sestola attractions, Province of Modena, /Attractions-g1238553-Activities-Sestola_Province_of_Modena_Emilia_Romagna.html
Giovo attractions, Province of Trento, /Attractions-g1501047-Activities-Giovo_Province_of_Trento_Trentino_Alto_Adige.html
Zoldo Alto attractions, Val di Zoldo, /Attractions-g1026435-Activities-Zoldo_Alto_Val_di_Zoldo_Province_of_Belluno_Veneto.html
Pizzighettone attractions, Province of Cremona, /Attractions-g1600064-Activities-Pizzighettone_Province_of_Cremona_Lombardy.html
Crodo attractions, Province of Verbano-Cusio-Ossola, /Attractions-g2059160-Activities-Crodo_Province_of_Verbano_Cusio_Ossola_Piedmont.html
Nembro attractions, Province of Bergamo, /Attractions-g1076580-Activities-Nembro_Province_of_Bergamo_Lombardy.html
Sant'Angelo in Vado attractions, Province of Pesaro and Urbino, /Attractions-g1093086-Activities-Sant_Angelo_in_Vado_Province_of_Pesaro_and_Urbino_Marche.html
Trevignano Romano attractions, Province of Rome, /Attractions-g1158597-Activities-Trevignano_Romano_Province_of_Rome_Lazio.html
Melfi attractions, Province of Potenza, /Attractions-g2027115-Activities-Melfi_Province_of_Potenza_Basilicata.html
Falconara Marittima attractions, Province of Ancona, /Attractions-g946271-Activities-Falconara_Marittima_Province_of_Ancona_Marche.html
Cordenons attractions, Province of Pordenone, /Attractions-g2634037-Activities-Cordenons_Province_of_Pordenone_Friuli_Venezia_Giulia.html
Palena attractions, Province of Chieti, /Attractions-g2552142-Activities-Palena_Province_of_Chieti_Abruzzo.html
Formigine attractions, Province of Modena, /Attractions-g1929770-Activities-Formigine_Province_of_Modena_Emilia_Romagna.html
Acquapendente attractions, Province of Viterbo, /Attractions-g1077975-Activities-Acquapendente_Province_of_Viterbo_Lazio.html
Bussolengo attractions, Province of Verona, /Attractions-g652045-Activities-Bussolengo_Province_of_Verona_Veneto.html
Collecchio attractions, Province of Parma, /Attractions-g1078037-Activities-Collecchio_Province_of_Parma_Emilia_Romagna.html
Campagnano di Roma attractions, Province of Rome, /Attractions-g799528-Activities-Campagnano_di_Roma_Province_of_Rome_Lazio.html
Massafra attractions, Province of Taranto, /Attractions-g1602961-Activities-Massafra_Province_of_Taranto_Puglia.html
Umbertide attractions, Province of Perugia, /Attractions-g1062574-Activities-Umbertide_Province_of_Perugia_Umbria.html
