province_name, region_name, province_url
Lagosanto attractions, Province of Ferrara, /Attractions-g1055433-Activities-Lagosanto_Province_of_Ferrara_Emilia_Romagna.html
Calde attractions, Lake Maggiore, /Attractions-g2431739-Activities-Calde_Lake_Maggiore_Lombardy.html
San Mamete Valsolda attractions, Province of Como, /Attractions-g662246-Activities-San_Mamete_Valsolda_Province_of_Como_Lombardy.html
Barbona attractions, Province of Padua, /Attractions-g2136790-Activities-Barbona_Province_of_Padua_Veneto.html
Mariglianella attractions, Province of Naples, /Attractions-g3545802-Activities-Mariglianella_Province_of_Naples_Campania.html
Roccalvecce attractions, Province of Viterbo, /Attractions-g2333407-Activities-Roccalvecce_Province_of_Viterbo_Lazio.html
Morter attractions, Province of South Tyrol, /Attractions-g1186584-Activities-Morter_Province_of_South_Tyrol_Trentino_Alto_Adige.html
Gabbioneta-Binanuova attractions, Province of Cremona, /Attractions-g19601979-Activities-Gabbioneta_Binanuova_Province_of_Cremona_Lombardy.html
Cornale attractions, Province of Pavia, /Attractions-g4873054-Activities-Cornale_Province_of_Pavia_Lombardy.html
Bagnolo di Po attractions, Province of Rovigo, /Attractions-g2136848-Activities-Bagnolo_di_Po_Province_of_Rovigo_Veneto.html
Valgoglio attractions, Province of Bergamo, /Attractions-g4873082-Activities-Valgoglio_Province_of_Bergamo_Lombardy.html
Fossalon attractions, Province of Gorizia, /Attractions-g4332403-Activities-Fossalon_Province_of_Gorizia_Friuli_Venezia_Giulia.html
Mandanici attractions, Province of Messina, /Attractions-g1202987-Activities-Mandanici_Province_of_Messina_Sicily.html
Passo di Treia attractions, Province of Macerata, /Attractions-g2399086-Activities-Passo_di_Treia_Province_of_Macerata_Marche.html
Drizzona attractions, Province of Cremona, /Attractions-g2136953-Activities-Drizzona_Province_of_Cremona_Lombardy.html
Monte San Giovanni in Sabina attractions, Province of Rieti, /Attractions-g2530118-Activities-Monte_San_Giovanni_in_Sabina_Province_of_Rieti_Lazio.html
Capriglio attractions, Province of Asti, /Attractions-g2186055-Activities-Capriglio_Province_of_Asti_Piedmont.html
Vistarino attractions, Province of Pavia, /Attractions-g15686535-Activities-Vistarino_Province_of_Pavia_Lombardy.html
Nole attractions, Province of Turin, /Attractions-g2399064-Activities-Nole_Province_of_Turin_Piedmont.html
Spinga attractions, Province of South Tyrol, /Attractions-g1186668-Activities-Spinga_Province_of_South_Tyrol_Trentino_Alto_Adige.html
Cartignano attractions, Province of Cuneo, /Attractions-g2399136-Activities-Cartignano_Province_of_Cuneo_Piedmont.html
Turania attractions, Province of Rieti, /Attractions-g2186153-Activities-Turania_Province_of_Rieti_Lazio.html
Brenna attractions, Province of Siena, /Attractions-g2431918-Activities-Brenna_Tuscany.html
Cerisano attractions, Province of Cosenza, /Attractions-g2431920-Activities-Cerisano_Province_of_Cosenza_Calabria.html
Scurzolengo attractions, Province of Asti, /Attractions-g2431933-Activities-Scurzolengo_Province_of_Asti_Piedmont.html
Bergamasco attractions, Province of Alessandria, /Attractions-g2136970-Activities-Bergamasco_Province_of_Alessandria_Piedmont.html
Carenno attractions, Province of Lecco, /Attractions-g2530189-Activities-Carenno_Province_of_Lecco_Lombardy.html
Vessalico attractions, Province of Imperia, /Attractions-g2136977-Activities-Vessalico_Province_of_Imperia_Liguria.html
Vailate attractions, Province of Cremona, /Attractions-g2136981-Activities-Vailate_Province_of_Cremona_Lombardy.html
Tavarone attractions, Italian Riviera, /Attractions-g2530277-Activities-Tavarone_Italian_Riviera_Liguria.html
Piancassina attractions, Province of Genoa, /Attractions-g11918206-Activities-Piancassina_Province_of_Genoa_Liguria.html
Sagama attractions, Province of Oristano, /Attractions-g2530281-Activities-Sagama_Province_of_Oristano_Sardinia.html
Rosa Marina attractions, Province of Brindisi, /Attractions-g1186764-Activities-Rosa_Marina_Province_of_Brindisi_Puglia.html
Calvaruso attractions, Province of Messina, /Attractions-g11918166-Activities-Calvaruso_Province_of_Messina_Sicily.html
Ghevio attractions, Province of Novara, /Attractions-g14064433-Activities-Ghevio_Province_of_Novara_Piedmont.html
Casez attractions, Province of Trento, /Attractions-g1383422-Activities-Casez_Province_of_Trento_Trentino_Alto_Adige.html
Mortesina attractions, Province of Bergamo, /Attractions-g17816319-Activities-Mortesina_Province_of_Bergamo_Lombardy.html
Cremenaga attractions, Province of Varese, /Attractions-g23026345-Activities-Cremenaga_Province_of_Varese_Lombardy.html
Sagron Mis attractions, Province of Trento, /Attractions-g7019411-Activities-Sagron_Mis_Province_of_Trento_Trentino_Alto_Adige.html
Padernello attractions, Province of Treviso, /Attractions-g8788863-Activities-Padernello_Province_of_Treviso_Veneto.html
San Savino attractions, Province of Rimini, /Attractions-g12541113-Activities-San_Savino_Province_of_Rimini_Emilia_Romagna.html
Casal Borsetti attractions, Province of Ravenna, /Attractions-g1514548-Activities-Casal_Borsetti_Province_of_Ravenna_Emilia_Romagna.html
Gavello attractions, Province of Rovigo, /Attractions-g17702206-Activities-Gavello_Province_of_Rovigo_Veneto.html
Marano Equo attractions, Lazio, /Attractions-g19356944-Activities-Marano_Equo_Lazio.html
Zadina Pineta attractions, Province of Forli-Cesena, /Attractions-g8838345-Activities-Zadina_Pineta_Province_of_Forli_Cesena_Emilia_Romagna.html
Bucciano attractions, Province of Benevento, /Attractions-g1186885-Activities-Bucciano_Province_of_Benevento_Campania.html
Lombardore attractions, Province of Turin, /Attractions-g2399356-Activities-Lombardore_Province_of_Turin_Piedmont.html
Lona-Lases attractions, Province of Trento, /Attractions-g12573912-Activities-Lona_Lases_Province_of_Trento_Trentino_Alto_Adige.html
Gudo Gambaredo attractions, Province of Milan, /Attractions-g2399309-Activities-Gudo_Gambaredo_Province_of_Milan_Lombardy.html
Cesana Brianza attractions, Province of Lecco, /Attractions-g2399318-Activities-Cesana_Brianza_Province_of_Lecco_Lombardy.html
