province_name, region_name, province_url
Sommacampagna attractions, Province of Verona, /Attractions-g1053769-Activities-Sommacampagna_Province_of_Verona_Veneto.html
Passo del Tonale attractions, Province of Trento, /Attractions-g644267-Activities-Passo_del_Tonale_Province_of_Trento_Trentino_Alto_Adige.html
Antrodoco attractions, Province of Rieti, /Attractions-g1643703-Activities-Antrodoco_Province_of_Rieti_Lazio.html
Porretta Terme attractions, Province of Bologna, /Attractions-g660700-Activities-Porretta_Terme_Province_of_Bologna_Emilia_Romagna.html
Garlasco attractions, Province of Pavia, /Attractions-g1643825-Activities-Garlasco_Province_of_Pavia_Lombardy.html
Druento attractions, Province of Turin, /Attractions-g1054393-Activities-Druento_Province_of_Turin_Piedmont.html
Rionero in Vulture attractions, Province of Potenza, /Attractions-g1234704-Activities-Rionero_in_Vulture_Province_of_Potenza_Basilicata.html
Gradara attractions, Province of Pesaro and Urbino, /Attractions-g1054607-Activities-Gradara_Province_of_Pesaro_and_Urbino_Marche.html
Aglientu attractions, Province of Olbia-Tempio, /Attractions-g776126-Activities-Aglientu_Province_of_Olbia_Tempio_Sardinia.html
Tenno attractions, Province of Trento, /Attractions-g1185701-Activities-Tenno_Province_of_Trento_Trentino_Alto_Adige.html
Lucoli attractions, Province of L'Aquila, /Attractions-g1218701-Activities-Lucoli_Province_of_L_Aquila_Abruzzo.html
Ruda attractions, Province of Udine, /Attractions-g2300035-Activities-Ruda_Province_of_Udine_Friuli_Venezia_Giulia.html
Tramonti di Sopra attractions, Province of Pordenone, /Attractions-g3561707-Activities-Tramonti_di_Sopra_Province_of_Pordenone_Friuli_Venezia_Giulia.html
Casamicciola Terme attractions, Isola d'Ischia, /Attractions-g580212-Activities-Casamicciola_Terme_Isola_d_Ischia_Province_of_Naples_Campania.html
Venaria Reale attractions, Province of Turin, /Attractions-g1055367-Activities-Venaria_Reale_Province_of_Turin_Piedmont.html
Codogne attractions, Province of Treviso, /Attractions-g809814-Activities-Codogne_Province_of_Treviso_Veneto.html
Fara in Sabina attractions, Province of Rieti, /Attractions-g1629253-Activities-Fara_in_Sabina_Province_of_Rieti_Lazio.html
Villa San Giovanni attractions, Province of Reggio Calabria, /Attractions-g793709-Activities-Villa_San_Giovanni_Province_of_Reggio_Calabria_Calabria.html
Sedegliano attractions, Province of Udine, /Attractions-g2333963-Activities-Sedegliano_Province_of_Udine_Friuli_Venezia_Giulia.html
Siderno attractions, Province of Reggio Calabria, /Attractions-g1973853-Activities-Siderno_Province_of_Reggio_Calabria_Calabria.html
Lentate sul Seveso attractions, Province of Monza and Brianza, /Attractions-g1400537-Activities-Lentate_sul_Seveso_Province_of_Monza_and_Brianza_Lombardy.html
Lusiana-Conco attractions, Province of Vicenza, /Attractions-g20373136-Activities-Lusiana_Conco_Province_of_Vicenza_Veneto.html
Soveria Mannelli attractions, Province of Catanzaro, /Attractions-g1957913-Activities-Soveria_Mannelli_Province_of_Catanzaro_Calabria.html
Luogosanto attractions, Province of Olbia-Tempio, /Attractions-g663800-Activities-Luogosanto_Province_of_Olbia_Tempio_Sardinia.html
Rivergaro attractions, Province of Piacenza, /Attractions-g1466745-Activities-Rivergaro_Province_of_Piacenza_Emilia_Romagna.html
Ghiffa attractions, Lake Maggiore, /Attractions-g664170-Activities-Ghiffa_Lake_Maggiore_Piedmont.html
Erbusco attractions, Province of Brescia, /Attractions-g664251-Activities-Erbusco_Province_of_Brescia_Lombardy.html
Cogoleto attractions, Italian Riviera, /Attractions-g2139188-Activities-Cogoleto_Italian_Riviera_Liguria.html
Montorio al Vomano attractions, Province of Teramo, /Attractions-g1222441-Activities-Montorio_al_Vomano_Province_of_Teramo_Abruzzo.html
Porto Sant'Elpidio attractions, Province of Fermo, /Attractions-g1582949-Activities-Porto_Sant_Elpidio_Province_of_Fermo_Marche.html
San Giorgio Canavese attractions, Province of Turin, /Attractions-g1058835-Activities-San_Giorgio_Canavese_Province_of_Turin_Piedmont.html
Martinengo attractions, Province of Bergamo, /Attractions-g2287676-Activities-Martinengo_Province_of_Bergamo_Lombardy.html
Arquata del Tronto attractions, Province of Ascoli Piceno, /Attractions-g2435093-Activities-Arquata_del_Tronto_Province_of_Ascoli_Piceno_Marche.html
Caprarola attractions, Province of Viterbo, /Attractions-g1501315-Activities-Caprarola_Province_of_Viterbo_Lazio.html
Montesarchio attractions, Province of Benevento, /Attractions-g2533584-Activities-Montesarchio_Province_of_Benevento_Campania.html
Teglio attractions, Province of Sondrio, /Attractions-g1632628-Activities-Teglio_Province_of_Sondrio_Lombardy.html
Montemarano attractions, Province of Avellino, /Attractions-g2337179-Activities-Montemarano_Province_of_Avellino_Campania.html
Capoterra attractions, Province of Cagliari, /Attractions-g780810-Activities-Capoterra_Province_of_Cagliari_Sardinia.html
Fossalta di Portogruaro attractions, Province of Venice, /Attractions-g1108642-Activities-Fossalta_di_Portogruaro_Veneto.html
Mercato San Severino attractions, Province of Salerno, /Attractions-g1076280-Activities-Mercato_San_Severino_Province_of_Salerno_Campania.html
Sanfront attractions, Province of Cuneo, /Attractions-g3697823-Activities-Sanfront_Province_of_Cuneo_Piedmont.html
Orzinuovi attractions, Province of Brescia, /Attractions-g2370871-Activities-Orzinuovi_Province_of_Brescia_Lombardy.html
Villacidro attractions, Province of Medio Campidano, /Attractions-g1060181-Activities-Villacidro_Province_of_Medio_Campidano_Sardinia.html
Sarcedo attractions, Province of Vicenza, /Attractions-g2387365-Activities-Sarcedo_Province_of_Vicenza_Veneto.html
Villaverla attractions, Province of Vicenza, /Attractions-g2387363-Activities-Villaverla_Province_of_Vicenza_Veneto.html
Genga attractions, Province of Ancona, /Attractions-g1568268-Activities-Genga_Province_of_Ancona_Marche.html
Burgio attractions, Province of Agrigento, /Attractions-g3206767-Activities-Burgio_Province_of_Agrigento_Sicily.html
Lavis attractions, Province of Trento, /Attractions-g1076860-Activities-Lavis_Province_of_Trento_Trentino_Alto_Adige.html
Cogorno attractions, Province of Genoa, /Attractions-g1913119-Activities-Cogorno_Province_of_Genoa_Liguria.html
Capodimonte attractions, Province of Viterbo, /Attractions-g815533-Activities-Capodimonte_Province_of_Viterbo_Lazio.html
