province_name, region_name, province_url
Vico Equense attractions, Province of Naples, /Attractions-g194947-Activities-Vico_Equense_Province_of_Naples_Campania.html
Bagno a Ripoli attractions, Province of Florence, /Attractions-g676679-Activities-Bagno_a_Ripoli_Tuscany.html
Duino Aurisina attractions, Province of Trieste, /Attractions-g2299476-Activities-Duino_Aurisina_Province_of_Trieste_Friuli_Venezia_Giulia.html
Ugento attractions, Province of Lecce, /Attractions-g947837-Activities-Ugento_Province_of_Lecce_Puglia.html
Follonica attractions, Province of Grosseto, /Attractions-g194764-Activities-Follonica_Province_of_Grosseto_Tuscany.html
Sperlonga attractions, Province of Latina, /Attractions-g656834-Activities-Sperlonga_Province_of_Latina_Lazio.html
Nettuno attractions, Province of Rome, /Attractions-g674077-Activities-Nettuno_Province_of_Rome_Lazio.html
Sacile attractions, Province of Pordenone, /Attractions-g1201161-Activities-Sacile_Province_of_Pordenone_Friuli_Venezia_Giulia.html
Castelveccana attractions, Province of Varese, /Attractions-g664203-Activities-Castelveccana_Province_of_Varese_Lombardy.html
Sondrio attractions, Province of Sondrio, /Attractions-g680959-Activities-Sondrio_Province_of_Sondrio_Lombardy.html
Atri attractions, Province of Teramo, /Attractions-g1078174-Activities-Atri_Province_of_Teramo_Abruzzo.html
Battipaglia attractions, Province of Salerno, /Attractions-g194687-Activities-Battipaglia_Province_of_Salerno_Campania.html
Lazise attractions, Province of Verona, /Attractions-g194789-Activities-Lazise_Province_of_Verona_Veneto.html
Scanno attractions, Province of L'Aquila, /Attractions-g194910-Activities-Scanno_Province_of_L_Aquila_Abruzzo.html
Vibo Valentia attractions, Province of Vibo Valentia, /Attractions-g580200-Activities-Vibo_Valentia_Province_of_Vibo_Valentia_Calabria.html
Torre Annunziata attractions, Province of Naples, /Attractions-g580217-Activities-Torre_Annunziata_Province_of_Naples_Campania.html
Camerota attractions, Cilento and Vallo di Diano National Park, /Attractions-g1930449-Activities-Camerota_Cilento_and_Vallo_di_Diano_National_Park_Province_of_Salerno_Campania.html
Chiavari attractions, Italian Riviera, /Attractions-g194735-Activities-Chiavari_Italian_Riviera_Liguria.html
Malcesine attractions, Province of Verona, /Attractions-g194807-Activities-Malcesine_Province_of_Verona_Veneto.html
San Miniato attractions, Province of Pisa, /Attractions-g784761-Activities-San_Miniato_Province_of_Pisa_Tuscany.html
Montefalco attractions, Province of Perugia, /Attractions-g608939-Activities-Montefalco_Province_of_Perugia_Umbria.html
Tolmezzo attractions, Province of Udine, /Attractions-g790408-Activities-Tolmezzo_Province_of_Udine_Friuli_Venezia_Giulia.html
Citta di Castello attractions, Province of Perugia, /Attractions-g580241-Activities-Citta_di_Castello_Province_of_Perugia_Umbria.html
San Giovanni di Fassa attractions, Province of Trento, /Attractions-g17816210-Activities-San_Giovanni_di_Fassa_Province_of_Trento_Trentino_Alto_Adige.html
Stresa attractions, Lake Maggiore, /Attractions-g187847-Activities-Stresa_Lake_Maggiore_Piedmont.html
Tarvisio attractions, Province of Udine, /Attractions-g616173-Activities-Tarvisio_Province_of_Udine_Friuli_Venezia_Giulia.html
Castelnuovo Berardenga attractions, Province of Siena, /Attractions-g652035-Activities-Castelnuovo_Berardenga_Tuscany.html
Tagliacozzo attractions, Province of L'Aquila, /Attractions-g1307929-Activities-Tagliacozzo_Province_of_L_Aquila_Abruzzo.html
Canazei attractions, Province of Trento, /Attractions-g194709-Activities-Canazei_Province_of_Trento_Trentino_Alto_Adige.html
Praiano attractions, Amalfi Coast, /Attractions-g194867-Activities-Praiano_Amalfi_Coast_Province_of_Salerno_Campania.html
Tortona attractions, Province of Alessandria, /Attractions-g194938-Activities-Tortona_Province_of_Alessandria_Piedmont.html
Voghera attractions, Province of Pavia, /Attractions-g1180050-Activities-Voghera_Province_of_Pavia_Lombardy.html
Atessa attractions, Province of Chieti, /Attractions-g1575036-Activities-Atessa_Province_of_Chieti_Abruzzo.html
Termini Imerese attractions, Province of Palermo, /Attractions-g608930-Activities-Termini_Imerese_Province_of_Palermo_Sicily.html
Isola Del Giglio attractions, Province of Grosseto, /Attractions-g194784-Activities-Isola_Del_Giglio_Province_of_Grosseto_Tuscany.html
Maratea attractions, Province of Potenza, /Attractions-g194809-Activities-Maratea_Province_of_Potenza_Basilicata.html
Carpi attractions, Province of Modena, /Attractions-g670816-Activities-Carpi_Province_of_Modena_Emilia_Romagna.html
Monte Isola attractions, Province of Brescia, /Attractions-g1514876-Activities-Monte_Isola_Province_of_Brescia_Lombardy.html
Aquileia attractions, Province of Udine, /Attractions-g187812-Activities-Aquileia_Province_of_Udine_Friuli_Venezia_Giulia.html
Este attractions, Province of Padua, /Attractions-g666405-Activities-Este_Province_of_Padua_Veneto.html
Civitanova Marche attractions, Province of Macerata, /Attractions-g194742-Activities-Civitanova_Marche_Province_of_Macerata_Marche.html
Forte Dei Marmi attractions, Province of Lucca, /Attractions-g194766-Activities-Forte_Dei_Marmi_Province_of_Lucca_Tuscany.html
Capua attractions, Province of Caserta, /Attractions-g1423556-Activities-Capua_Province_of_Caserta_Campania.html
Manfredonia attractions, Province of Foggia, /Attractions-g194808-Activities-Manfredonia_Province_of_Foggia_Puglia.html
Pomezia attractions, Province of Rome, /Attractions-g227670-Activities-Pomezia_Province_of_Rome_Lazio.html
Selva di Val Gardena attractions, Val Gardena, /Attractions-g194912-Activities-Selva_di_Val_Gardena_Val_Gardena_Province_of_South_Tyrol_Trentino_Alto_Adige.html
Varazze attractions, Italian Riviera, /Attractions-g194941-Activities-Varazze_Italian_Riviera_Liguria.html
Penne attractions, Province of Pescara, /Attractions-g1391956-Activities-Penne_Province_of_Pescara_Abruzzo.html
Tortoreto attractions, Province of Teramo, /Attractions-g1186589-Activities-Tortoreto_Province_of_Teramo_Abruzzo.html
Primiero San Martino di Castrozza attractions, Province of Trento, /Attractions-g10476984-Activities-Primiero_San_Martino_di_Castrozza_Province_of_Trento_Trentino_Alto_Adige.html
