province_name, region_name, province_url
Mercogliano attractions, Province of Avellino, /Attractions-g1057013-Activities-Mercogliano_Province_of_Avellino_Campania.html
Suzzara attractions, Province of Mantua, /Attractions-g1204471-Activities-Suzzara_Province_of_Mantua_Lombardy.html
Faggeto Lario attractions, Lake Como, /Attractions-g1401085-Activities-Faggeto_Lario_Lake_Como_Lombardy.html
Poggio Rusco attractions, Province of Mantua, /Attractions-g1925455-Activities-Poggio_Rusco_Province_of_Mantua_Lombardy.html
Cortazzone attractions, Province of Asti, /Attractions-g1466744-Activities-Cortazzone_Province_of_Asti_Piedmont.html
Saonara attractions, Province of Padua, /Attractions-g1925628-Activities-Saonara_Province_of_Padua_Veneto.html
Santa Maria del Cedro attractions, Province of Cosenza, /Attractions-g3596852-Activities-Santa_Maria_del_Cedro_Province_of_Cosenza_Calabria.html
San Pancrazio attractions, Province of South Tyrol, /Attractions-g664090-Activities-San_Pancrazio_Province_of_South_Tyrol_Trentino_Alto_Adige.html
Padenghe sul Garda attractions, Province of Brescia, /Attractions-g664153-Activities-Padenghe_sul_Garda_Province_of_Brescia_Lombardy.html
Licciana Nardi attractions, Province of Massa Carrara, /Attractions-g1892988-Activities-Licciana_Nardi_Province_of_Massa_Carrara_Tuscany.html
Argegno attractions, Lake Como, /Attractions-g664175-Activities-Argegno_Lake_Como_Lombardy.html
Felizzano attractions, Province of Alessandria, /Attractions-g2056814-Activities-Felizzano_Province_of_Alessandria_Piedmont.html
Lezzeno attractions, Lake Como, /Attractions-g664188-Activities-Lezzeno_Lake_Como_Lombardy.html
Maccagno attractions, Lake Maggiore, /Attractions-g664207-Activities-Maccagno_Lake_Maggiore_Lombardy.html
Oppeano attractions, Province of Verona, /Attractions-g1925868-Activities-Oppeano_Province_of_Verona_Veneto.html
Pignola attractions, Province of Potenza, /Attractions-g1925901-Activities-Pignola_Province_of_Potenza_Basilicata.html
Pieve Fosciana attractions, Province of Lucca, /Attractions-g1057633-Activities-Pieve_Fosciana_Province_of_Lucca_Tuscany.html
Acerenza attractions, Province of Potenza, /Attractions-g3662753-Activities-Acerenza_Province_of_Potenza_Basilicata.html
Pontenure attractions, Province of Piacenza, /Attractions-g1057673-Activities-Pontenure_Province_of_Piacenza_Emilia_Romagna.html
Borgo val di Taro attractions, Province of Parma, /Attractions-g1500184-Activities-Borgo_val_di_Taro_Province_of_Parma_Emilia_Romagna.html
Palagianello attractions, Province of Taranto, /Attractions-g1598464-Activities-Palagianello_Province_of_Taranto_Puglia.html
Poggio a Caiano attractions, Province of Prato, /Attractions-g1959038-Activities-Poggio_a_Caiano_Province_of_Prato_Tuscany.html
Esperia attractions, Province of Frosinone, /Attractions-g7349268-Activities-Esperia_Province_of_Frosinone_Lazio.html
Limatola attractions, Province of Benevento, /Attractions-g2368682-Activities-Limatola_Province_of_Benevento_Campania.html
Torre Mondovi attractions, Province of Cuneo, /Attractions-g3646663-Activities-Torre_Mondovi_Province_of_Cuneo_Piedmont.html
Santa Margherita di Belice attractions, Province of Agrigento, /Attractions-g1795305-Activities-Santa_Margherita_di_Belice_Province_of_Agrigento_Sicily.html
Satriano di Lucania attractions, Province of Potenza, /Attractions-g2368729-Activities-Satriano_di_Lucania_Province_of_Potenza_Basilicata.html
Santa Fiora attractions, Province of Grosseto, /Attractions-g665002-Activities-Santa_Fiora_Province_of_Grosseto_Tuscany.html
Riace attractions, Province of Reggio Calabria, /Attractions-g1058212-Activities-Riace_Province_of_Reggio_Calabria_Calabria.html
Bovisio Masciago attractions, Province of Monza and Brianza, /Attractions-g2336240-Activities-Bovisio_Masciago_Province_of_Monza_and_Brianza_Lombardy.html
Medole attractions, Province of Mantua, /Attractions-g4105926-Activities-Medole_Province_of_Mantua_Lombardy.html
Lanzo Torinese attractions, Province of Turin, /Attractions-g2221935-Activities-Lanzo_Torinese_Province_of_Turin_Piedmont.html
Pradamano attractions, Province of Udine, /Attractions-g1533792-Activities-Pradamano_Province_of_Udine_Friuli_Venezia_Giulia.html
Zungri attractions, Province of Vibo Valentia, /Attractions-g2434989-Activities-Zungri_Province_of_Vibo_Valentia_Calabria.html
Introbio attractions, Province of Lecco, /Attractions-g2697149-Activities-Introbio_Province_of_Lecco_Lombardy.html
San Benedetto dei Marsi attractions, Province of L'Aquila, /Attractions-g3843972-Activities-San_Benedetto_dei_Marsi_Province_of_L_Aquila_Abruzzo.html
Buccino attractions, Province of Salerno, /Attractions-g4466754-Activities-Buccino_Province_of_Salerno_Campania.html
San Lorenzo in Campo attractions, Province of Pesaro and Urbino, /Attractions-g2189356-Activities-San_Lorenzo_in_Campo_Province_of_Pesaro_and_Urbino_Marche.html
San Cipriano Picentino attractions, Province of Salerno, /Attractions-g1058831-Activities-San_Cipriano_Picentino_Province_of_Salerno_Campania.html
San Valentino in Abruzzo Citeriore attractions, Province of Pescara, /Attractions-g2435347-Activities-San_Valentino_in_Abruzzo_Citeriore_Province_of_Pescara_Abruzzo.html
Gazzola attractions, Province of Piacenza, /Attractions-g1026434-Activities-Gazzola_Province_of_Piacenza_Emilia_Romagna.html
Bonassola attractions, Italian Riviera, /Attractions-g1010166-Activities-Bonassola_Italian_Riviera_Liguria.html
Scarnafigi attractions, Province of Cuneo, /Attractions-g3844666-Activities-Scarnafigi_Province_of_Cuneo_Piedmont.html
Pieve di Teco attractions, Province of Imperia, /Attractions-g1174026-Activities-Pieve_di_Teco_Province_of_Imperia_Liguria.html
San Donaci attractions, Province of Brindisi, /Attractions-g4270703-Activities-San_Donaci_Province_of_Brindisi_Puglia.html
Predoi attractions, Province of South Tyrol, /Attractions-g1419937-Activities-Predoi_Province_of_South_Tyrol_Trentino_Alto_Adige.html
Tornareccio attractions, Province of Chieti, /Attractions-g11512787-Activities-Tornareccio_Province_of_Chieti_Abruzzo.html
Terento attractions, Province of South Tyrol, /Attractions-g1059870-Activities-Terento_Province_of_South_Tyrol_Trentino_Alto_Adige.html
Brenta attractions, Province of Varese, /Attractions-g2616413-Activities-Brenta_Province_of_Varese_Lombardy.html
Ponte dell'Olio attractions, Province of Piacenza, /Attractions-g2387083-Activities-Ponte_dell_Olio_Province_of_Piacenza_Emilia_Romagna.html
