province_name, region_name, province_url
Porto Cesareo attractions, Province of Lecce, /Attractions-g1069599-Activities-Porto_Cesareo_Province_of_Lecce_Puglia.html
Bellagio attractions, Lake Como, /Attractions-g187834-Activities-Bellagio_Lake_Como_Lombardy.html
Macerata attractions, Province of Macerata, /Attractions-g616177-Activities-Macerata_Province_of_Macerata_Marche.html
Valdobbiadene attractions, Province of Treviso, /Attractions-g666331-Activities-Valdobbiadene_Province_of_Treviso_Veneto.html
Guardiagrele attractions, Province of Chieti, /Attractions-g1079147-Activities-Guardiagrele_Province_of_Chieti_Abruzzo.html
Auronzo di Cadore attractions, Province of Belluno, /Attractions-g775302-Activities-Auronzo_di_Cadore_Province_of_Belluno_Veneto.html
Milazzo attractions, Province of Messina, /Attractions-g194824-Activities-Milazzo_Province_of_Messina_Sicily.html
Isola di Sant Antioco attractions, Province of Carbonia-Iglesias, /Attractions-g3947398-Activities-Isola_di_Sant_Antioco_Province_of_Carbonia_Iglesias_Sardinia.html
Cormons attractions, Province of Gorizia, /Attractions-g790401-Activities-Cormons_Province_of_Gorizia_Friuli_Venezia_Giulia.html
Martina Franca attractions, Province of Taranto, /Attractions-g616186-Activities-Martina_Franca_Province_of_Taranto_Puglia.html
Sappada attractions, Province of Udine, /Attractions-g1440400-Activities-Sappada_Province_of_Udine_Friuli_Venezia_Giulia.html
Andria attractions, Province of Barletta-Andria-Trani, /Attractions-g1050419-Activities-Andria_Province_of_Barletta_Andria_Trani_Puglia.html
Avellino attractions, Province of Avellino, /Attractions-g580203-Activities-Avellino_Province_of_Avellino_Campania.html
Capaccio-Paestum attractions, Province of Salerno, /Attractions-g580218-Activities-Capaccio_Paestum_Province_of_Salerno_Campania.html
Piombino attractions, Province of Livorno, /Attractions-g187900-Activities-Piombino_Province_of_Livorno_Tuscany.html
Fermo attractions, Province of Fermo, /Attractions-g1025201-Activities-Fermo_Province_of_Fermo_Marche.html
Stintino attractions, Province of Sassari, /Attractions-g608925-Activities-Stintino_Province_of_Sassari_Sardinia.html
Dorgali attractions, Province of Nuoro, /Attractions-g642180-Activities-Dorgali_Province_of_Nuoro_Sardinia.html
Cava De' Tirreni attractions, Province of Salerno, /Attractions-g580209-Activities-Cava_De_Tirreni_Province_of_Salerno_Campania.html
Sciacca attractions, Province of Agrigento, /Attractions-g580230-Activities-Sciacca_Province_of_Agrigento_Sicily.html
Portogruaro attractions, Province of Venice, /Attractions-g1108641-Activities-Portogruaro_Veneto.html
Monte Argentario attractions, Province of Grosseto, /Attractions-g1079127-Activities-Monte_Argentario_Province_of_Grosseto_Tuscany.html
Bardolino attractions, Province of Verona, /Attractions-g194683-Activities-Bardolino_Province_of_Verona_Veneto.html
Melendugno attractions, Province of Lecce, /Attractions-g1024121-Activities-Melendugno_Province_of_Lecce_Puglia.html
Lovere attractions, Province of Bergamo, /Attractions-g664239-Activities-Lovere_Province_of_Bergamo_Lombardy.html
Casale Monferrato attractions, Province of Alessandria, /Attractions-g194712-Activities-Casale_Monferrato_Province_of_Alessandria_Piedmont.html
Grado attractions, Province of Gorizia, /Attractions-g194776-Activities-Grado_Province_of_Gorizia_Friuli_Venezia_Giulia.html
Santa Margherita Ligure attractions, Italian Riviera, /Attractions-g187827-Activities-Santa_Margherita_Ligure_Italian_Riviera_Liguria.html
Caorle attractions, Province of Venice, /Attractions-g194710-Activities-Caorle_Veneto.html
Ravello attractions, Amalfi Coast, /Attractions-g194873-Activities-Ravello_Amalfi_Coast_Province_of_Salerno_Campania.html
Sesto San Giovanni attractions, Province of Milan, /Attractions-g608899-Activities-Sesto_San_Giovanni_Province_of_Milan_Lombardy.html
Agropoli attractions, Province of Salerno, /Attractions-g644243-Activities-Agropoli_Province_of_Salerno_Campania.html
Pienza attractions, Province of Siena, /Attractions-g644280-Activities-Pienza_Tuscany.html
Ischia attractions, Isola d'Ischia, /Attractions-g580214-Activities-Ischia_Isola_d_Ischia_Province_of_Naples_Campania.html
Lamezia Terme attractions, Province of Catanzaro, /Attractions-g651981-Activities-Lamezia_Terme_Province_of_Catanzaro_Calabria.html
Recanati attractions, Province of Macerata, /Attractions-g1078110-Activities-Recanati_Province_of_Macerata_Marche.html
Alassio attractions, Italian Riviera, /Attractions-g194663-Activities-Alassio_Italian_Riviera_Liguria.html
Castagneto Carducci attractions, Province of Livorno, /Attractions-g194715-Activities-Castagneto_Carducci_Province_of_Livorno_Tuscany.html
Cattolica attractions, Province of Rimini, /Attractions-g194723-Activities-Cattolica_Province_of_Rimini_Emilia_Romagna.html
Licata attractions, Province of Agrigento, /Attractions-g657501-Activities-Licata_Province_of_Agrigento_Sicily.html
Alberobello attractions, Province of Bari, /Attractions-g580227-Activities-Alberobello_Province_of_Bari_Puglia.html
Urbino attractions, Province of Pesaro and Urbino, /Attractions-g187797-Activities-Urbino_Province_of_Pesaro_and_Urbino_Marche.html
Piano di Sorrento attractions, Province of Naples, /Attractions-g616172-Activities-Piano_di_Sorrento_Province_of_Naples_Campania.html
Bacoli attractions, Province of Naples, /Attractions-g1078128-Activities-Bacoli_Province_of_Naples_Campania.html
Schio attractions, Province of Vicenza, /Attractions-g1307928-Activities-Schio_Province_of_Vicenza_Veneto.html
Ponza Island attractions, Province of Latina, /Attractions-g194853-Activities-Ponza_Island_Province_of_Latina_Lazio.html
Gela attractions, Province of Caltanissetta, /Attractions-g1096054-Activities-Gela_Province_of_Caltanissetta_Sicily.html
Barletta attractions, Province of Barletta-Andria-Trani, /Attractions-g670813-Activities-Barletta_Province_of_Barletta_Andria_Trani_Puglia.html
San Severo attractions, Province of Foggia, /Attractions-g1526820-Activities-San_Severo_Province_of_Foggia_Puglia.html
Todi attractions, Province of Perugia, /Attractions-g194934-Activities-Todi_Province_of_Perugia_Umbria.html
