province_name, region_name, province_url
Madonna dell'Olmo attractions, Province of Cuneo, /Attractions-g3844103-Activities-Madonna_dell_Olmo_Province_of_Cuneo_Piedmont.html
Magliano Alpi attractions, Province of Cuneo, /Attractions-g2435098-Activities-Magliano_Alpi_Province_of_Cuneo_Piedmont.html
Foza attractions, Province of Vicenza, /Attractions-g2173026-Activities-Foza_Province_of_Vicenza_Veneto.html
Pantalica attractions, Province of Syracuse, /Attractions-g12118256-Activities-Pantalica_Province_of_Syracuse_Sicily.html
Albonese attractions, Province of Pavia, /Attractions-g12101872-Activities-Albonese_Province_of_Pavia_Lombardy.html
Castelvecchio attractions, Province of Pistoia, /Attractions-g2533495-Activities-Castelvecchio_Province_of_Pistoia_Tuscany.html
Abbadia di Fiastra attractions, Province of Macerata, /Attractions-g2533489-Activities-Abbadia_di_Fiastra_Province_of_Macerata_Marche.html
Casinalbo attractions, Province of Modena, /Attractions-g2533441-Activities-Casinalbo_Province_of_Modena_Emilia_Romagna.html
Pontboset attractions, Valle d'Aosta, /Attractions-g2222163-Activities-Pontboset_Valle_d_Aosta.html
Castiglione Cosentino attractions, Province of Cosenza, /Attractions-g4466888-Activities-Castiglione_Cosentino_Province_of_Cosenza_Calabria.html
Camisano attractions, Province of Cremona, /Attractions-g19065264-Activities-Camisano_Province_of_Cremona_Lombardy.html
Bosentino attractions, Province of Trento, /Attractions-g18393528-Activities-Bosentino_Province_of_Trento_Trentino_Alto_Adige.html
Montezemolo attractions, Province of Cuneo, /Attractions-g2304131-Activities-Montezemolo_Province_of_Cuneo_Piedmont.html
Torre Le Nocelle attractions, Province of Avellino, /Attractions-g4466919-Activities-Torre_Le_Nocelle_Province_of_Avellino_Campania.html
Simbario attractions, Province of Vibo Valentia, /Attractions-g2533509-Activities-Simbario_Province_of_Vibo_Valentia_Calabria.html
Torre Gaia attractions, Province of Rome, /Attractions-g2533527-Activities-Torre_Gaia_Province_of_Rome_Lazio.html
Bargino attractions, Province of Florence, /Attractions-g2533522-Activities-Bargino_Tuscany.html
Falcone attractions, Province of Messina, /Attractions-g2533528-Activities-Falcone_Province_of_Messina_Sicily.html
Cenadi attractions, Province of Catanzaro, /Attractions-g8366272-Activities-Cenadi_Province_of_Catanzaro_Calabria.html
Pietra Marazzi attractions, Province of Alessandria, /Attractions-g2533529-Activities-Pietra_Marazzi_Province_of_Alessandria_Piedmont.html
Palidano attractions, Province of Mantua, /Attractions-g2533604-Activities-Palidano_Province_of_Mantua_Lombardy.html
San Biase attractions, Province of Campobasso, /Attractions-g2533612-Activities-San_Biase_Province_of_Campobasso_Molise.html
Bisacquino attractions, Province of Palermo, /Attractions-g10086464-Activities-Bisacquino_Province_of_Palermo_Sicily.html
Pra attractions, Province of Padua, /Attractions-g2648270-Activities-Pra_Province_of_Padua_Veneto.html
Ca Noghera attractions, Province of Venice, /Attractions-g2533588-Activities-Ca_Noghera_Veneto.html
Cerzeto attractions, Province of Cosenza, /Attractions-g4466870-Activities-Cerzeto_Province_of_Cosenza_Calabria.html
Aranova attractions, Province of Rome, /Attractions-g2533587-Activities-Aranova_Province_of_Rome_Lazio.html
Bruzzano Zeffirio attractions, Province of Reggio Calabria, /Attractions-g20326453-Activities-Bruzzano_Zeffirio_Province_of_Reggio_Calabria_Calabria.html
Torrimpietra attractions, Province of Rome, /Attractions-g665865-Activities-Torrimpietra_Province_of_Rome_Lazio.html
Torre delle Stelle attractions, Province of Cagliari, /Attractions-g665923-Activities-Torre_delle_Stelle_Province_of_Cagliari_Sardinia.html
Castello di Brianza attractions, Province of Lecco, /Attractions-g2337141-Activities-Castello_di_Brianza_Province_of_Lecco_Lombardy.html
Onani attractions, Province of Nuoro, /Attractions-g3582318-Activities-Onani_Province_of_Nuoro_Sardinia.html
Nals attractions, Province of South Tyrol, /Attractions-g1026385-Activities-Nals_Province_of_South_Tyrol_Trentino_Alto_Adige.html
Trescore Cremasco attractions, Province of Cremona, /Attractions-g2337115-Activities-Trescore_Cremasco_Province_of_Cremona_Lombardy.html
Casaletto Vaprio attractions, Province of Cremona, /Attractions-g8464888-Activities-Casaletto_Vaprio_Province_of_Cremona_Lombardy.html
Quincinetto attractions, Province of Turin, /Attractions-g2337193-Activities-Quincinetto_Province_of_Turin_Piedmont.html
Portirone attractions, Province of Bergamo, /Attractions-g21080287-Activities-Portirone_Province_of_Bergamo_Lombardy.html
Figino Serenza attractions, Province of Como, /Attractions-g2369948-Activities-Figino_Serenza_Province_of_Como_Lombardy.html
Moso Moos attractions, Province of South Tyrol, /Attractions-g15640873-Activities-Moso_Moos_Province_of_South_Tyrol_Trentino_Alto_Adige.html
Serravalle attractions, Province of Trento, /Attractions-g12658978-Activities-Serravalle_Province_of_Trento_Trentino_Alto_Adige.html
Catenanuova attractions, Province of Enna, /Attractions-g7022979-Activities-Catenanuova_Province_of_Enna_Sicily.html
Valloriate attractions, Province of Cuneo, /Attractions-g2337228-Activities-Valloriate_Province_of_Cuneo_Piedmont.html
Tavoleto attractions, Province of Pesaro and Urbino, /Attractions-g3844664-Activities-Tavoleto_Province_of_Pesaro_and_Urbino_Marche.html
Sant'Andrea di Rovereto attractions, Chiavari, /Attractions-g15870710-Activities-Sant_Andrea_di_Rovereto_Chiavari_Italian_Riviera_Liguria.html
Roaschia attractions, Province of Cuneo, /Attractions-g8153682-Activities-Roaschia_Province_of_Cuneo_Piedmont.html
Carbonara Scrivia attractions, Province of Alessandria, /Attractions-g2386453-Activities-Carbonara_Scrivia_Province_of_Alessandria_Piedmont.html
Santo Stefano Lodigiano attractions, Province of Lodi, /Attractions-g7760449-Activities-Santo_Stefano_Lodigiano_Province_of_Lodi_Lombardy.html
Pino d'Asti attractions, Province of Asti, /Attractions-g2386461-Activities-Pino_d_Asti_Province_of_Asti_Piedmont.html
Borgo Fornari - Pieve attractions, Province of Genoa, /Attractions-g17427254-Activities-Borgo_Fornari_Pieve_Province_of_Genoa_Liguria.html
San Genesio Atesino attractions, Province of South Tyrol, /Attractions-g1419862-Activities-San_Genesio_Atesino_Province_of_South_Tyrol_Trentino_Alto_Adige.html
