province_name, region_name, province_url
Malo attractions, Province of Vicenza, /Attractions-g2209433-Activities-Malo_Province_of_Vicenza_Veneto.html
San Maurizio Canavese attractions, Province of Turin, /Attractions-g1931033-Activities-San_Maurizio_Canavese_Province_of_Turin_Piedmont.html
Montenero di Bisaccia attractions, Province of Campobasso, /Attractions-g1079101-Activities-Montenero_di_Bisaccia_Province_of_Campobasso_Molise.html
Malgrate attractions, Lake Como, /Attractions-g1079148-Activities-Malgrate_Lake_Como_Lombardy.html
Campo Di Giove attractions, Province of L'Aquila, /Attractions-g194707-Activities-Campo_Di_Giove_Province_of_L_Aquila_Abruzzo.html
Agrate Brianza attractions, Province of Monza and Brianza, /Attractions-g1423538-Activities-Agrate_Brianza_Province_of_Monza_and_Brianza_Lombardy.html
Muggio attractions, Province of Monza and Brianza, /Attractions-g1996997-Activities-Muggio_Province_of_Monza_and_Brianza_Lombardy.html
San Pellegrino Terme attractions, Province of Bergamo, /Attractions-g194899-Activities-San_Pellegrino_Terme_Province_of_Bergamo_Lombardy.html
Salzano attractions, Province of Venice, /Attractions-g2079051-Activities-Salzano_Veneto.html
Peschiera Borromeo attractions, Province of Milan, /Attractions-g227668-Activities-Peschiera_Borromeo_Province_of_Milan_Lombardy.html
Presicce attractions, Province of Lecce, /Attractions-g1096064-Activities-Presicce_Province_of_Lecce_Puglia.html
Bedollo attractions, Province of Trento, /Attractions-g2275766-Activities-Bedollo_Province_of_Trento_Trentino_Alto_Adige.html
Massa D'Albe attractions, Province of L'Aquila, /Attractions-g1800662-Activities-Massa_D_Albe_Province_of_L_Aquila_Abruzzo.html
Santa Maria di Sala attractions, Province of Venice, /Attractions-g1079902-Activities-Santa_Maria_di_Sala_Veneto.html
Laterina attractions, Province of Arezzo, /Attractions-g1079903-Activities-Laterina_Province_of_Arezzo_Tuscany.html
Spresiano attractions, Province of Treviso, /Attractions-g1079935-Activities-Spresiano_Province_of_Treviso_Veneto.html
Torri di Quartesolo attractions, Province of Vicenza, /Attractions-g1440424-Activities-Torri_di_Quartesolo_Province_of_Vicenza_Veneto.html
Collazzone attractions, Province of Perugia, /Attractions-g1080104-Activities-Collazzone_Province_of_Perugia_Umbria.html
Fie allo Sciliar attractions, Province of South Tyrol, /Attractions-g670605-Activities-Fie_allo_Sciliar_Province_of_South_Tyrol_Trentino_Alto_Adige.html
Verres attractions, Valle d'Aosta, /Attractions-g736265-Activities-Verres_Valle_d_Aosta.html
Pont-Saint-Martin attractions, Valle d'Aosta, /Attractions-g736261-Activities-Pont_Saint_Martin_Valle_d_Aosta.html
Carru attractions, Province of Cuneo, /Attractions-g1768754-Activities-Carru_Province_of_Cuneo_Piedmont.html
Chiusa di Pesio attractions, Province of Cuneo, /Attractions-g1179365-Activities-Chiusa_di_Pesio_Province_of_Cuneo_Piedmont.html
Bereguardo attractions, Province of Pavia, /Attractions-g1933265-Activities-Bereguardo_Province_of_Pavia_Lombardy.html
San Marcello Pistoiese attractions, Province of Pistoia, /Attractions-g1916977-Activities-San_Marcello_Pistoiese_Province_of_Pistoia_Tuscany.html
Villabate attractions, Province of Palermo, /Attractions-g2539655-Activities-Villabate_Province_of_Palermo_Sicily.html
Cortemilia attractions, Province of Cuneo, /Attractions-g1065275-Activities-Cortemilia_Province_of_Cuneo_Piedmont.html
Ampezzo attractions, Province of Udine, /Attractions-g3588356-Activities-Ampezzo_Province_of_Udine_Friuli_Venezia_Giulia.html
Molini di Triora attractions, Province of Imperia, /Attractions-g2507123-Activities-Molini_di_Triora_Province_of_Imperia_Liguria.html
Barcellona Pozzo di Gotto attractions, Province of Messina, /Attractions-g1180053-Activities-Barcellona_Pozzo_di_Gotto_Province_of_Messina_Sicily.html
Marradi attractions, Province of Florence, /Attractions-g1180063-Activities-Marradi_Tuscany.html
Meldola attractions, Province of Forli-Cesena, /Attractions-g1180042-Activities-Meldola_Province_of_Forli_Cesena_Emilia_Romagna.html
Monterotondo Marittimo attractions, Province of Grosseto, /Attractions-g1180075-Activities-Monterotondo_Marittimo_Province_of_Grosseto_Tuscany.html
Villaputzu attractions, Province of Cagliari, /Attractions-g950832-Activities-Villaputzu_Province_of_Cagliari_Sardinia.html
Stradella attractions, Province of Pavia, /Attractions-g2278080-Activities-Stradella_Province_of_Pavia_Lombardy.html
Cernusco Lombardone attractions, Province of Lecco, /Attractions-g3326758-Activities-Cernusco_Lombardone_Province_of_Lecco_Lombardy.html
Castelplanio attractions, Province of Ancona, /Attractions-g1934128-Activities-Castelplanio_Province_of_Ancona_Marche.html
Gairo attractions, Province of Nuoro, /Attractions-g1967210-Activities-Gairo_Province_of_Nuoro_Sardinia.html
Visso attractions, Province of Macerata, /Attractions-g2032927-Activities-Visso_Province_of_Macerata_Marche.html
Roccamorice attractions, Province of Pescara, /Attractions-g2098668-Activities-Roccamorice_Province_of_Pescara_Abruzzo.html
Candelo attractions, Province of Biella, /Attractions-g2213382-Activities-Candelo_Province_of_Biella_Piedmont.html
Teggiano attractions, Cilento and Vallo di Diano National Park, /Attractions-g673319-Activities-Teggiano_Cilento_and_Vallo_di_Diano_National_Park_Province_of_Salerno_Campania.html
Mango attractions, Province of Cuneo, /Attractions-g1410631-Activities-Mango_Province_of_Cuneo_Piedmont.html
Caldarola attractions, Province of Macerata, /Attractions-g2213471-Activities-Caldarola_Province_of_Macerata_Marche.html
Ozieri attractions, Province of Sassari, /Attractions-g673494-Activities-Ozieri_Province_of_Sassari_Sardinia.html
Alliste attractions, Province of Lecce, /Attractions-g1050411-Activities-Alliste_Province_of_Lecce_Puglia.html
Acri attractions, Province of Cosenza, /Attractions-g1673148-Activities-Acri_Province_of_Cosenza_Calabria.html
Fogliano Redipuglia attractions, Province of Gorizia, /Attractions-g1574986-Activities-Fogliano_Redipuglia_Province_of_Gorizia_Friuli_Venezia_Giulia.html
Zibello attractions, Province of Parma, /Attractions-g1575019-Activities-Zibello_Province_of_Parma_Emilia_Romagna.html
Colceresa attractions, Province of Vicenza, /Attractions-g19974477-Activities-Colceresa_Province_of_Vicenza_Veneto.html
