province_name, region_name, province_url
San Chirico Raparo attractions, Province of Potenza, /Attractions-g5788912-Activities-San_Chirico_Raparo_Province_of_Potenza_Basilicata.html
Sant'Agata di Esaro attractions, Province of Cosenza, /Attractions-g9884711-Activities-Sant_Agata_di_Esaro_Province_of_Cosenza_Calabria.html
Nosate attractions, Province of Milan, /Attractions-g12145676-Activities-Nosate_Province_of_Milan_Lombardy.html
Biandronno attractions, Province of Varese, /Attractions-g2167961-Activities-Biandronno_Province_of_Varese_Lombardy.html
Albidona attractions, Province of Cosenza, /Attractions-g7001303-Activities-Albidona_Province_of_Cosenza_Calabria.html
Roccagorga attractions, Province of Latina, /Attractions-g1643735-Activities-Roccagorga_Province_of_Latina_Lazio.html
Prata Camportaccio attractions, Province of Sondrio, /Attractions-g3331381-Activities-Prata_Camportaccio_Province_of_Sondrio_Lombardy.html
Greci attractions, Province of Avellino, /Attractions-g3364136-Activities-Greci_Province_of_Avellino_Campania.html
Caresanablot attractions, Province of Vercelli, /Attractions-g1643819-Activities-Caresanablot_Province_of_Vercelli_Piedmont.html
Monterosso attractions, Province of Ancona, /Attractions-g7312721-Activities-Monterosso_Province_of_Ancona_Marche.html
Carema attractions, Province of Turin, /Attractions-g2168167-Activities-Carema_Province_of_Turin_Piedmont.html
Salionze attractions, Province of Verona, /Attractions-g2282876-Activities-Salionze_Province_of_Verona_Veneto.html
Caprile attractions, Province of Biella, /Attractions-g2627001-Activities-Caprile_Province_of_Biella_Piedmont.html
Novalesa attractions, Province of Turin, /Attractions-g1938870-Activities-Novalesa_Province_of_Turin_Piedmont.html
Santa Cristina e Bissone attractions, Province of Pavia, /Attractions-g2299338-Activities-Santa_Cristina_e_Bissone_Province_of_Pavia_Lombardy.html
Rodeano attractions, Province of Udine, /Attractions-g19126056-Activities-Rodeano_Province_of_Udine_Friuli_Venezia_Giulia.html
Sternatia attractions, Province of Lecce, /Attractions-g1480243-Activities-Sternatia_Province_of_Lecce_Puglia.html
Brittoli attractions, Province of Pescara, /Attractions-g11949715-Activities-Brittoli_Province_of_Pescara_Abruzzo.html
Ranzo attractions, Province of Imperia, /Attractions-g2299491-Activities-Ranzo_Province_of_Imperia_Liguria.html
Cirimido attractions, Province of Como, /Attractions-g3675757-Activities-Cirimido_Province_of_Como_Lombardy.html
Cremeno attractions, Province of Lecco, /Attractions-g2299515-Activities-Cremeno_Province_of_Lecco_Lombardy.html
Colle San Magno attractions, Province of Frosinone, /Attractions-g12981923-Activities-Colle_San_Magno_Province_of_Frosinone_Lazio.html
Cossoine attractions, Province of Sassari, /Attractions-g11769392-Activities-Cossoine_Province_of_Sassari_Sardinia.html
Fossalto attractions, Province of Campobasso, /Attractions-g20043689-Activities-Fossalto_Province_of_Campobasso_Molise.html
Fontanile attractions, Province of Asti, /Attractions-g677539-Activities-Fontanile_Province_of_Asti_Piedmont.html
Guilmi attractions, Province of Chieti, /Attractions-g8443450-Activities-Guilmi_Province_of_Chieti_Abruzzo.html
Don attractions, Province of Trento, /Attractions-g12162563-Activities-Don_Province_of_Trento_Trentino_Alto_Adige.html
Moraro attractions, Province of Gorizia, /Attractions-g11949683-Activities-Moraro_Province_of_Gorizia_Friuli_Venezia_Giulia.html
San Bellino attractions, Province of Rovigo, /Attractions-g11949679-Activities-San_Bellino_Province_of_Rovigo_Veneto.html
San Ginese attractions, Province of Lucca, /Attractions-g2414331-Activities-San_Ginese_Province_of_Lucca_Tuscany.html
Morgongiori attractions, Province of Oristano, /Attractions-g17782777-Activities-Morgongiori_Province_of_Oristano_Sardinia.html
Senale-San Felice attractions, Province of South Tyrol, /Attractions-g1185561-Activities-Senale_San_Felice_Province_of_South_Tyrol_Trentino_Alto_Adige.html
Perarolo di Cadore attractions, Province of Belluno, /Attractions-g2578226-Activities-Perarolo_di_Cadore_Province_of_Belluno_Veneto.html
Villa d'Ogna attractions, Province of Bergamo, /Attractions-g3741477-Activities-Villa_d_Ogna_Province_of_Bergamo_Lombardy.html
Mandello Vitta attractions, Province of Novara, /Attractions-g3135332-Activities-Mandello_Vitta_Province_of_Novara_Piedmont.html
Villanova d'Albenga attractions, Province of Savona, /Attractions-g3954547-Activities-Villanova_d_Albenga_Province_of_Savona_Liguria.html
Rovito attractions, Province of Cosenza, /Attractions-g3577686-Activities-Rovito_Province_of_Cosenza_Calabria.html
Belveglio attractions, Province of Asti, /Attractions-g10180607-Activities-Belveglio_Province_of_Asti_Piedmont.html
Giuncugnano attractions, Province of Lucca, /Attractions-g3577695-Activities-Giuncugnano_Province_of_Lucca_Tuscany.html
Molochio attractions, Province of Reggio Calabria, /Attractions-g3577688-Activities-Molochio_Province_of_Reggio_Calabria_Calabria.html
Chiusa Sclafani attractions, Province of Palermo, /Attractions-g2578259-Activities-Chiusa_Sclafani_Province_of_Palermo_Sicily.html
Umbriatico attractions, Province of Crotone, /Attractions-g3577672-Activities-Umbriatico_Province_of_Crotone_Calabria.html
Castel del Piano attractions, Province of Perugia, /Attractions-g3643267-Activities-Castel_del_Piano_Province_of_Perugia_Umbria.html
Saracinesco attractions, Province of Rome, /Attractions-g1939371-Activities-Saracinesco_Province_of_Rome_Lazio.html
Fratta Todina attractions, Province of Perugia, /Attractions-g1054639-Activities-Fratta_Todina_Province_of_Perugia_Umbria.html
Palmadula attractions, Province of Sassari, /Attractions-g776141-Activities-Palmadula_Province_of_Sassari_Sardinia.html
Brufa attractions, Province of Perugia, /Attractions-g1972161-Activities-Brufa_Province_of_Perugia_Umbria.html
Arlena di Castro attractions, Province of Viterbo, /Attractions-g6215602-Activities-Arlena_di_Castro_Province_of_Viterbo_Lazio.html
Filighera attractions, Province of Pavia, /Attractions-g12293967-Activities-Filighera_Province_of_Pavia_Lombardy.html
Grancona attractions, Province of Vicenza, /Attractions-g1955896-Activities-Grancona_Province_of_Vicenza_Veneto.html
