province_name, region_name, province_url
Ala di Stura attractions, Province of Turin, /Attractions-g1736197-Activities-Ala_di_Stura_Province_of_Turin_Piedmont.html
Pizzale attractions, Province of Pavia, /Attractions-g12074651-Activities-Pizzale_Province_of_Pavia_Lombardy.html
Occhieppo Inferiore attractions, Province of Biella, /Attractions-g1850952-Activities-Occhieppo_Inferiore_Province_of_Biella_Piedmont.html
Serravalle attractions, Province of Parma, /Attractions-g12058165-Activities-Serravalle_Province_of_Parma_Emilia_Romagna.html
Spadola attractions, Province of Vibo Valentia, /Attractions-g1392280-Activities-Spadola_Province_of_Vibo_Valentia_Calabria.html
Cirigliano attractions, Province of Matera, /Attractions-g1490565-Activities-Cirigliano_Province_of_Matera_Basilicata.html
Isola di Fondra attractions, Province of Bergamo, /Attractions-g12123680-Activities-Isola_di_Fondra_Province_of_Bergamo_Lombardy.html
Torre Marino attractions, Province of Vibo Valentia, /Attractions-g7110348-Activities-Torre_Marino_Province_of_Vibo_Valentia_Calabria.html
Prata di Principato Ultra attractions, Province of Avellino, /Attractions-g8355540-Activities-Prata_di_Principato_Ultra_Province_of_Avellino_Campania.html
Castelluccio Inferiore attractions, Province of Potenza, /Attractions-g6913732-Activities-Castelluccio_Inferiore_Province_of_Potenza_Basilicata.html
Sini attractions, Province of Oristano, /Attractions-g7110353-Activities-Sini_Province_of_Oristano_Sardinia.html
Merine Apulia attractions, Province of Lecce, /Attractions-g1179329-Activities-Merine_Apulia_Province_of_Lecce_Puglia.html
Lovero attractions, Province of Sondrio, /Attractions-g12123754-Activities-Lovero_Province_of_Sondrio_Lombardy.html
Torregrotta attractions, Province of Messina, /Attractions-g1064643-Activities-Torregrotta_Province_of_Messina_Sicily.html
Stava attractions, Province of South Tyrol, /Attractions-g7159476-Activities-Stava_Province_of_South_Tyrol_Trentino_Alto_Adige.html
Vidigulfo attractions, Province of Pavia, /Attractions-g2260773-Activities-Vidigulfo_Province_of_Pavia_Lombardy.html
Villanova del Ghebbo attractions, Province of Rovigo, /Attractions-g8863650-Activities-Villanova_del_Ghebbo_Province_of_Rovigo_Veneto.html
Solbiate Arno attractions, Province of Varese, /Attractions-g2260746-Activities-Solbiate_Arno_Province_of_Varese_Lombardy.html
Cerro Veronese attractions, Province of Verona, /Attractions-g2015023-Activities-Cerro_Veronese_Province_of_Verona_Veneto.html
Cavatore attractions, Province of Alessandria, /Attractions-g2260800-Activities-Cavatore_Province_of_Alessandria_Piedmont.html
San Giustino Valdarno attractions, Province of Arezzo, /Attractions-g737120-Activities-San_Giustino_Valdarno_Province_of_Arezzo_Tuscany.html
Costa Vescovato attractions, Province of Alessandria, /Attractions-g1933156-Activities-Costa_Vescovato_Province_of_Alessandria_Piedmont.html
Cinto Caomaggiore attractions, Province of Venice, /Attractions-g3489610-Activities-Cinto_Caomaggiore_Veneto.html
San Briccio attractions, Province of Verona, /Attractions-g3309485-Activities-San_Briccio_Province_of_Verona_Veneto.html
Vincolise attractions, Province of Catanzaro, /Attractions-g12123923-Activities-Vincolise_Province_of_Catanzaro_Calabria.html
Perosa Canavese attractions, Province of Turin, /Attractions-g13369207-Activities-Perosa_Canavese_Province_of_Turin_Piedmont.html
Gorreto attractions, Province of Genoa, /Attractions-g3981185-Activities-Gorreto_Province_of_Genoa_Liguria.html
Montegioco attractions, Province of Alessandria, /Attractions-g2424802-Activities-Montegioco_Province_of_Alessandria_Piedmont.html
San Colombano Belmonte attractions, Province of Turin, /Attractions-g14090014-Activities-San_Colombano_Belmonte_Province_of_Turin_Piedmont.html
San Giorgio Lucano attractions, Province of Matera, /Attractions-g1081308-Activities-San_Giorgio_Lucano_Province_of_Matera_Basilicata.html
Sagliano Micca attractions, Province of Biella, /Attractions-g5111697-Activities-Sagliano_Micca_Province_of_Biella_Piedmont.html
Calcata Vecchia attractions, Province of Viterbo, /Attractions-g17219846-Activities-Calcata_Vecchia_Province_of_Viterbo_Lazio.html
Peia attractions, Province of Bergamo, /Attractions-g21152094-Activities-Peia_Province_of_Bergamo_Lombardy.html
Graffignana attractions, Province of Lodi, /Attractions-g1572923-Activities-Graffignana_Province_of_Lodi_Lombardy.html
Villamaina attractions, Province of Avellino, /Attractions-g1933364-Activities-Villamaina_Province_of_Avellino_Campania.html
Calco attractions, Province of Lecco, /Attractions-g1081432-Activities-Calco_Province_of_Lecco_Lombardy.html
Bulzi attractions, Province of Sassari, /Attractions-g13484206-Activities-Bulzi_Province_of_Sassari_Sardinia.html
Borgo San Siro attractions, Province of Pavia, /Attractions-g11829469-Activities-Borgo_San_Siro_Province_of_Pavia_Lombardy.html
Mirto attractions, Province of Messina, /Attractions-g5062716-Activities-Mirto_Province_of_Messina_Sicily.html
Sennariolo attractions, Province of Oristano, /Attractions-g1081455-Activities-Sennariolo_Province_of_Oristano_Sardinia.html
Stilves attractions, Province of South Tyrol, /Attractions-g13369430-Activities-Stilves_Province_of_South_Tyrol_Trentino_Alto_Adige.html
Brusaporto attractions, Province of Bergamo, /Attractions-g966832-Activities-Brusaporto_Province_of_Bergamo_Lombardy.html
Motta Montecorvino attractions, Province of Foggia, /Attractions-g4800668-Activities-Motta_Montecorvino_Province_of_Foggia_Puglia.html
Nicorvo attractions, Province of Pavia, /Attractions-g2506945-Activities-Nicorvo_Province_of_Pavia_Lombardy.html
Oneta attractions, Province of Bergamo, /Attractions-g14204977-Activities-Oneta_Province_of_Bergamo_Lombardy.html
Faeto attractions, Province of Foggia, /Attractions-g2162890-Activities-Faeto_Province_of_Foggia_Puglia.html
Lusiglie attractions, Province of Turin, /Attractions-g7241877-Activities-Lusiglie_Province_of_Turin_Piedmont.html
Ceppo Morelli attractions, Province of Verbano-Cusio-Ossola, /Attractions-g15106532-Activities-Ceppo_Morelli_Province_of_Verbano_Cusio_Ossola_Piedmont.html
Apollosa attractions, Province of Benevento, /Attractions-g3588402-Activities-Apollosa_Province_of_Benevento_Campania.html
Fundres attractions, Province of South Tyrol, /Attractions-g15745535-Activities-Fundres_Province_of_South_Tyrol_Trentino_Alto_Adige.html
