province_name, region_name, province_url
Montemarzino attractions, Province of Alessandria, /Attractions-g2416250-Activities-Montemarzino_Province_of_Alessandria_Piedmont.html
Dorzano attractions, Province of Biella, /Attractions-g10755782-Activities-Dorzano_Province_of_Biella_Piedmont.html
Dizzasco attractions, Lake Como, /Attractions-g2416220-Activities-Dizzasco_Lake_Como_Lombardy.html
Concagno attractions, Province of Como, /Attractions-g2416218-Activities-Concagno_Province_of_Como_Lombardy.html
Spessa attractions, Province of Verona, /Attractions-g18456464-Activities-Spessa_Province_of_Verona_Veneto.html
Orgiano attractions, Province of Vicenza, /Attractions-g18456454-Activities-Orgiano_Province_of_Vicenza_Veneto.html
Dualchi attractions, Province of Nuoro, /Attractions-g21503974-Activities-Dualchi_Province_of_Nuoro_Sardinia.html
Tornaco attractions, Province of Novara, /Attractions-g2301691-Activities-Tornaco_Province_of_Novara_Piedmont.html
Campora attractions, Province of Salerno, /Attractions-g2301641-Activities-Campora_Province_of_Salerno_Campania.html
Campigna attractions, Province of Forli-Cesena, /Attractions-g1515256-Activities-Campigna_Province_of_Forli_Cesena_Emilia_Romagna.html
Civiasco attractions, Province of Vercelli, /Attractions-g2301698-Activities-Civiasco_Province_of_Vercelli_Piedmont.html
Monte Petriolo attractions, Province of Perugia, /Attractions-g2531145-Activities-Monte_Petriolo_Province_of_Perugia_Umbria.html
Villa Vicentina attractions, Province of Udine, /Attractions-g1580958-Activities-Villa_Vicentina_Province_of_Udine_Friuli_Venezia_Giulia.html
Ronzo-Chienis attractions, Province of Trento, /Attractions-g1580959-Activities-Ronzo_Chienis_Province_of_Trento_Trentino_Alto_Adige.html
Acquaviva d'Isernia attractions, Province of Isernia, /Attractions-g17768086-Activities-Acquaviva_d_Isernia_Province_of_Isernia_Molise.html
Pozzuolo Martesana attractions, Province of Milan, /Attractions-g1826737-Activities-Pozzuolo_Martesana_Province_of_Milan_Lombardy.html
Raschiacco attractions, Province of Udine, /Attractions-g12672883-Activities-Raschiacco_Province_of_Udine_Friuli_Venezia_Giulia.html
Magomadas attractions, Province of Oristano, /Attractions-g1531808-Activities-Magomadas_Province_of_Oristano_Sardinia.html
Brione attractions, Province of Trento, /Attractions-g21372574-Activities-Brione_Province_of_Trento_Trentino_Alto_Adige.html
Cercepiccola attractions, Province of Campobasso, /Attractions-g21290653-Activities-Cercepiccola_Province_of_Campobasso_Molise.html
Ossimo attractions, Province of Brescia, /Attractions-g2023361-Activities-Ossimo_Province_of_Brescia_Lombardy.html
Capanne di Marcarolo attractions, Province of Alessandria, /Attractions-g2269126-Activities-Capanne_di_Marcarolo_Province_of_Alessandria_Piedmont.html
Torre d'Arese attractions, Province of Pavia, /Attractions-g15638283-Activities-Torre_d_Arese_Province_of_Pavia_Lombardy.html
San Sicario attractions, Province of Turin, /Attractions-g1368051-Activities-San_Sicario_Province_of_Turin_Piedmont.html
Castelmarte attractions, Province of Como, /Attractions-g20946646-Activities-Castelmarte_Province_of_Como_Lombardy.html
Vedeseta attractions, Province of Bergamo, /Attractions-g20946636-Activities-Vedeseta_Province_of_Bergamo_Lombardy.html
Campi al Lago attractions, Province of South Tyrol, /Attractions-g2269222-Activities-Campi_al_Lago_Province_of_South_Tyrol_Trentino_Alto_Adige.html
Villanova Di Camposampiero attractions, Province of Padua, /Attractions-g3940406-Activities-Villanova_Di_Camposampiero_Province_of_Padua_Veneto.html
Quinzanello attractions, Province of Brescia, /Attractions-g19276131-Activities-Quinzanello_Province_of_Brescia_Lombardy.html
Sant'Angelo D'alife attractions, Province of Caserta, /Attractions-g8397009-Activities-Sant_Angelo_D_alife_Province_of_Caserta_Campania.html
Provvidenti attractions, Province of Campobasso, /Attractions-g2400368-Activities-Provvidenti_Province_of_Campobasso_Molise.html
Zimone attractions, Province of Biella, /Attractions-g2400371-Activities-Zimone_Province_of_Biella_Piedmont.html
Boschetto attractions, Province of Perugia, /Attractions-g21061932-Activities-Boschetto_Province_of_Perugia_Umbria.html
Casanova Lonati attractions, Province of Pavia, /Attractions-g2531501-Activities-Casanova_Lonati_Province_of_Pavia_Lombardy.html
Marmentino attractions, Province of Brescia, /Attractions-g15294578-Activities-Marmentino_Province_of_Brescia_Lombardy.html
Barzana attractions, Province of Bergamo, /Attractions-g5873896-Activities-Barzana_Province_of_Bergamo_Lombardy.html
Tresivio attractions, Province of Sondrio, /Attractions-g1401079-Activities-Tresivio_Province_of_Sondrio_Lombardy.html
Fasani attractions, Province of Caserta, /Attractions-g1466617-Activities-Fasani_Province_of_Caserta_Campania.html
Villa San Nicola attractions, Province of Avellino, /Attractions-g18178529-Activities-Villa_San_Nicola_Province_of_Avellino_Campania.html
Cavacurta attractions, Province of Lodi, /Attractions-g5562704-Activities-Cavacurta_Province_of_Lodi_Lombardy.html
Berlingo attractions, Province of Brescia, /Attractions-g9560458-Activities-Berlingo_Province_of_Brescia_Lombardy.html
Piane d'Archi-Quadroni attractions, Province of Chieti, /Attractions-g9560461-Activities-Piane_d_Archi_Quadroni_Province_of_Chieti_Abruzzo.html
Lassolaz attractions, Valle d'Aosta, /Attractions-g20357162-Activities-Lassolaz_Valle_d_Aosta.html
Malafrasca - San Frustino attractions, Province of Arezzo, /Attractions-g12296691-Activities-Malafrasca_San_Frustino_Province_of_Arezzo_Tuscany.html
Villa San Giovanni in Tuscia attractions, Province of Viterbo, /Attractions-g4055398-Activities-Villa_San_Giovanni_in_Tuscia_Province_of_Viterbo_Lazio.html
Mercatino Conca attractions, Province of Pesaro and Urbino, /Attractions-g1204586-Activities-Mercatino_Conca_Province_of_Pesaro_and_Urbino_Marche.html
Foresto Sparso attractions, Province of Bergamo, /Attractions-g3334583-Activities-Foresto_Sparso_Province_of_Bergamo_Lombardy.html
Cantarana attractions, Province of Asti, /Attractions-g1073563-Activities-Cantarana_Province_of_Asti_Piedmont.html
Piana di Monte Verna attractions, Province of Caserta, /Attractions-g2285997-Activities-Piana_di_Monte_Verna_Province_of_Caserta_Campania.html
Dolzago attractions, Province of Lecco, /Attractions-g3187104-Activities-Dolzago_Province_of_Lecco_Lombardy.html
