province_name, region_name, province_url
Pieve Santo Stefano attractions, Province of Arezzo, /Attractions-g656847-Activities-Pieve_Santo_Stefano_Province_of_Arezzo_Tuscany.html
Ponte San Nicolo attractions, Province of Padua, /Attractions-g2213322-Activities-Ponte_San_Nicolo_Province_of_Padua_Veneto.html
Castel Guelfo di Bologna attractions, Province of Bologna, /Attractions-g1492554-Activities-Castel_Guelfo_di_Bologna_Province_of_Bologna_Emilia_Romagna.html
Vignale Monferrato attractions, Province of Alessandria, /Attractions-g1410634-Activities-Vignale_Monferrato_Province_of_Alessandria_Piedmont.html
Casteldelfino attractions, Province of Cuneo, /Attractions-g1410685-Activities-Casteldelfino_Province_of_Cuneo_Piedmont.html
Gaglianico attractions, Province of Biella, /Attractions-g1410683-Activities-Gaglianico_Province_of_Biella_Piedmont.html
San Lorenzo di Sebato attractions, Province of South Tyrol, /Attractions-g1050289-Activities-San_Lorenzo_di_Sebato_Province_of_South_Tyrol_Trentino_Alto_Adige.html
Caposele attractions, Province of Avellino, /Attractions-g1820414-Activities-Caposele_Province_of_Avellino_Campania.html
Cuasso al Monte attractions, Province of Varese, /Attractions-g1509105-Activities-Cuasso_al_Monte_Province_of_Varese_Lombardy.html
Sinnai attractions, Province of Cagliari, /Attractions-g1509101-Activities-Sinnai_Province_of_Cagliari_Sardinia.html
Gignese attractions, Province of Verbano-Cusio-Ossola, /Attractions-g1967887-Activities-Gignese_Province_of_Verbano_Cusio_Ossola_Piedmont.html
Civitella d'Agliano attractions, Province of Viterbo, /Attractions-g1574671-Activities-Civitella_d_Agliano_Province_of_Viterbo_Lazio.html
Bagnasco attractions, Province of Cuneo, /Attractions-g1787697-Activities-Bagnasco_Province_of_Cuneo_Piedmont.html
Comeglians attractions, Province of Udine, /Attractions-g3245948-Activities-Comeglians_Province_of_Udine_Friuli_Venezia_Giulia.html
Pereto attractions, Province of L'Aquila, /Attractions-g8325086-Activities-Pereto_Province_of_L_Aquila_Abruzzo.html
Ardore attractions, Province of Reggio Calabria, /Attractions-g3491741-Activities-Ardore_Province_of_Reggio_Calabria_Calabria.html
Marsicovetere attractions, Province of Potenza, /Attractions-g2000801-Activities-Marsicovetere_Province_of_Potenza_Basilicata.html
San Fedele Intelvi attractions, Province of Como, /Attractions-g1574960-Activities-San_Fedele_Intelvi_Province_of_Como_Lombardy.html
Villanova Mondovi attractions, Province of Cuneo, /Attractions-g1591391-Activities-Villanova_Mondovi_Province_of_Cuneo_Piedmont.html
Mestrino attractions, Province of Padua, /Attractions-g1574991-Activities-Mestrino_Province_of_Padua_Veneto.html
Gambatesa attractions, Province of Campobasso, /Attractions-g3246158-Activities-Gambatesa_Province_of_Campobasso_Molise.html
Montecorice attractions, Cilento and Vallo di Diano National Park, /Attractions-g1575057-Activities-Montecorice_Cilento_and_Vallo_di_Diano_National_Park_Province_of_Salerno_Campania.html
Calitri attractions, Province of Avellino, /Attractions-g1575053-Activities-Calitri_Province_of_Avellino_Campania.html
Palazzo Pignano attractions, Province of Cremona, /Attractions-g6785194-Activities-Palazzo_Pignano_Province_of_Cremona_Lombardy.html
Montopoli di Sabina attractions, Province of Rieti, /Attractions-g1591545-Activities-Montopoli_di_Sabina_Province_of_Rieti_Lazio.html
Gavignano attractions, Province of Rome, /Attractions-g3475747-Activities-Gavignano_Province_of_Rome_Lazio.html
Framura attractions, Italian Riviera, /Attractions-g1771829-Activities-Framura_Italian_Riviera_Liguria.html
Serralunga di Crea attractions, Province of Alessandria, /Attractions-g1526062-Activities-Serralunga_di_Crea_Province_of_Alessandria_Piedmont.html
San Cesario di Lecce attractions, Province of Lecce, /Attractions-g887130-Activities-San_Cesario_di_Lecce_Province_of_Lecce_Puglia.html
Elmas attractions, Province of Cagliari, /Attractions-g2034038-Activities-Elmas_Province_of_Cagliari_Sardinia.html
Villa Bartolomea attractions, Province of Verona, /Attractions-g1526165-Activities-Villa_Bartolomea_Province_of_Verona_Veneto.html
Ossana attractions, Province of Trento, /Attractions-g1739160-Activities-Ossana_Province_of_Trento_Trentino_Alto_Adige.html
Lumignano di Longare attractions, Province of Vicenza, /Attractions-g1739165-Activities-Lumignano_di_Longare_Province_of_Vicenza_Veneto.html
Casnigo attractions, Province of Bergamo, /Attractions-g2083275-Activities-Casnigo_Province_of_Bergamo_Lombardy.html
Binasco attractions, Province of Milan, /Attractions-g608894-Activities-Binasco_Province_of_Milan_Lombardy.html
Fluminimaggiore attractions, Province of Carbonia-Iglesias, /Attractions-g608911-Activities-Fluminimaggiore_Province_of_Carbonia_Iglesias_Sardinia.html
Sant'arpino attractions, Province of Caserta, /Attractions-g4606683-Activities-Sant_arpino_Province_of_Caserta_Campania.html
Militello Rosmarino attractions, Province of Messina, /Attractions-g3148626-Activities-Militello_Rosmarino_Province_of_Messina_Sicily.html
Caslino D'erba attractions, Province of Como, /Attractions-g4115266-Activities-Caslino_D_erba_Province_of_Como_Lombardy.html
Sant'Erasmo attractions, City of Venice, /Attractions-g8309728-Activities-Sant_Erasmo_Veneto.html
Baranello attractions, Province of Campobasso, /Attractions-g2100302-Activities-Baranello_Province_of_Campobasso_Molise.html
Tambre attractions, Province of Belluno, /Attractions-g642195-Activities-Tambre_Province_of_Belluno_Veneto.html
Sale attractions, Province of Alessandria, /Attractions-g3198194-Activities-Sale_Province_of_Alessandria_Piedmont.html
Siusi allo Sciliar attractions, Province of South Tyrol, /Attractions-g1182946-Activities-Siusi_allo_Sciliar_Province_of_South_Tyrol_Trentino_Alto_Adige.html
Vita attractions, Province of Trapani, /Attractions-g11931028-Activities-Vita_Province_of_Trapani_Sicily.html
Acilia attractions, Province of Rome, /Attractions-g2297172-Activities-Acilia_Province_of_Rome_Lazio.html
Casorzo attractions, Province of Asti, /Attractions-g3247602-Activities-Casorzo_Province_of_Asti_Piedmont.html
Zagarise attractions, Province of Catanzaro, /Attractions-g6278551-Activities-Zagarise_Province_of_Catanzaro_Calabria.html
Mezzani attractions, Province of Parma, /Attractions-g3247568-Activities-Mezzani_Province_of_Parma_Emilia_Romagna.html
Gambarie attractions, Province of Reggio Calabria, /Attractions-g1969633-Activities-Gambarie_Province_of_Reggio_Calabria_Calabria.html
