province_name, region_name, province_url
Isola d'Asti attractions, Province of Asti, /Attractions-g1849717-Activities-Isola_d_Asti_Province_of_Asti_Piedmont.html
Eraclea Minoa attractions, Province of Agrigento, /Attractions-g2046339-Activities-Eraclea_Minoa_Province_of_Agrigento_Sicily.html
Castelnuovo Vomano attractions, Province of Teramo, /Attractions-g2275712-Activities-Castelnuovo_Vomano_Province_of_Teramo_Abruzzo.html
Castel Gabbiano attractions, Province of Cremona, /Attractions-g12417298-Activities-Castel_Gabbiano_Province_of_Cremona_Lombardy.html
San Giusto Canavese attractions, Province of Turin, /Attractions-g1063333-Activities-San_Giusto_Canavese_Province_of_Turin_Piedmont.html
Scurelle attractions, Province of Trento, /Attractions-g2357653-Activities-Scurelle_Province_of_Trento_Trentino_Alto_Adige.html
Strigno attractions, Province of Trento, /Attractions-g2292116-Activities-Strigno_Province_of_Trento_Trentino_Alto_Adige.html
Rapolla attractions, Province of Potenza, /Attractions-g784821-Activities-Rapolla_Province_of_Potenza_Basilicata.html
Volongo attractions, Province of Cremona, /Attractions-g1604048-Activities-Volongo_Province_of_Cremona_Lombardy.html
Salvitelle attractions, Province of Salerno, /Attractions-g21264537-Activities-Salvitelle_Province_of_Salerno_Campania.html
Prazzo Inferiore attractions, Prazzo, /Attractions-g12941600-Activities-Prazzo_Inferiore_Prazzo_Province_of_Cuneo_Piedmont.html
Calcinato attractions, Province of Brescia, /Attractions-g1063414-Activities-Calcinato_Province_of_Brescia_Lombardy.html
Tavenna attractions, Province of Campobasso, /Attractions-g3340760-Activities-Tavenna_Province_of_Campobasso_Molise.html
Sozzago attractions, Province of Novara, /Attractions-g3733955-Activities-Sozzago_Province_of_Novara_Piedmont.html
Bore attractions, Province of Parma, /Attractions-g4586048-Activities-Bore_Province_of_Parma_Emilia_Romagna.html
Castello D'Argile attractions, Province of Bologna, /Attractions-g1931799-Activities-Castello_D_Argile_Province_of_Bologna_Emilia_Romagna.html
Grisolia attractions, Province of Cosenza, /Attractions-g3439163-Activities-Grisolia_Province_of_Cosenza_Calabria.html
Ballino attractions, Province of Trento, /Attractions-g11958969-Activities-Ballino_Province_of_Trento_Trentino_Alto_Adige.html
Valeriano attractions, Province of Pordenone, /Attractions-g3734061-Activities-Valeriano_Province_of_Pordenone_Friuli_Venezia_Giulia.html
Villanova di Castenaso attractions, Province of Bologna, /Attractions-g1636865-Activities-Villanova_di_Castenaso_Province_of_Bologna_Emilia_Romagna.html
Castelcovati attractions, Province of Brescia, /Attractions-g3734054-Activities-Castelcovati_Province_of_Brescia_Lombardy.html
San Giuliano Vecchio attractions, Province of Alessandria, /Attractions-g3930646-Activities-San_Giuliano_Vecchio_Province_of_Alessandria_Piedmont.html
Nurachi attractions, Province of Oristano, /Attractions-g1915442-Activities-Nurachi_Province_of_Oristano_Sardinia.html
Mapello attractions, Province of Bergamo, /Attractions-g2357772-Activities-Mapello_Province_of_Bergamo_Lombardy.html
Villachiara attractions, Province of Brescia, /Attractions-g2161257-Activities-Villachiara_Province_of_Brescia_Lombardy.html
Roppolo attractions, Province of Biella, /Attractions-g2046545-Activities-Roppolo_Province_of_Biella_Piedmont.html
Rudiano attractions, Province of Brescia, /Attractions-g11959009-Activities-Rudiano_Province_of_Brescia_Lombardy.html
Gabicce Monte attractions, Province of Pesaro and Urbino, /Attractions-g2275905-Activities-Gabicce_Monte_Province_of_Pesaro_and_Urbino_Marche.html
Fobello attractions, Province of Vercelli, /Attractions-g1079915-Activities-Fobello_Province_of_Vercelli_Piedmont.html
Triggianello attractions, Province of Bari, /Attractions-g3439178-Activities-Triggianello_Province_of_Bari_Puglia.html
Borgoratto Alessandrino attractions, Province of Alessandria, /Attractions-g8108785-Activities-Borgoratto_Alessandrino_Province_of_Alessandria_Piedmont.html
Mattie attractions, Province of Turin, /Attractions-g1587863-Activities-Mattie_Province_of_Turin_Piedmont.html
Conzano attractions, Province of Alessandria, /Attractions-g1587848-Activities-Conzano_Province_of_Alessandria_Piedmont.html
Malagnino attractions, Province of Cremona, /Attractions-g13548125-Activities-Malagnino_Province_of_Cremona_Lombardy.html
Mezzocorona attractions, Province of Trento, /Attractions-g21085141-Activities-Mezzocorona_Province_of_Trento_Trentino_Alto_Adige.html
Quarona attractions, Province of Vercelli, /Attractions-g3734178-Activities-Quarona_Province_of_Vercelli_Piedmont.html
Paitone attractions, Province of Brescia, /Attractions-g1440428-Activities-Paitone_Province_of_Brescia_Lombardy.html
San Cosmo Albanese attractions, Province of Cosenza, /Attractions-g13007483-Activities-San_Cosmo_Albanese_Province_of_Cosenza_Calabria.html
Villasor attractions, Province of Cagliari, /Attractions-g6601397-Activities-Villasor_Province_of_Cagliari_Sardinia.html
Foiano di Val Fortore attractions, Province of Benevento, /Attractions-g9583169-Activities-Foiano_di_Val_Fortore_Province_of_Benevento_Campania.html
Terdobbiate attractions, Province of Novara, /Attractions-g2292465-Activities-Terdobbiate_Province_of_Novara_Piedmont.html
Nanto attractions, Province of Vicenza, /Attractions-g2538251-Activities-Nanto_Province_of_Vicenza_Veneto.html
Cimbergo attractions, Province of Brescia, /Attractions-g7060265-Activities-Cimbergo_Province_of_Brescia_Lombardy.html
Pontecchio Polesine attractions, Province of Rovigo, /Attractions-g1080151-Activities-Pontecchio_Polesine_Province_of_Rovigo_Veneto.html
Torre Canavese attractions, Province of Turin, /Attractions-g5602073-Activities-Torre_Canavese_Province_of_Turin_Piedmont.html
Casumaro attractions, Province of Ferrara, /Attractions-g2620285-Activities-Casumaro_Province_of_Ferrara_Emilia_Romagna.html
Bassignana attractions, Province of Alessandria, /Attractions-g4995887-Activities-Bassignana_Province_of_Alessandria_Piedmont.html
Bregnano attractions, Province of Como, /Attractions-g2440029-Activities-Bregnano_Province_of_Como_Lombardy.html
Torre Beretti e Castellaro attractions, Province of Pavia, /Attractions-g2440024-Activities-Torre_Beretti_e_Castellaro_Province_of_Pavia_Lombardy.html
Crespiatica attractions, Province of Lodi, /Attractions-g7060455-Activities-Crespiatica_Province_of_Lodi_Lombardy.html
