province_name, region_name, province_url
Laces attractions, Province of South Tyrol, /Attractions-g642183-Activities-Laces_Province_of_South_Tyrol_Trentino_Alto_Adige.html
Roseto Capo Spulico attractions, Province of Cosenza, /Attractions-g1477766-Activities-Roseto_Capo_Spulico_Province_of_Cosenza_Calabria.html
Nova Ponente attractions, Province of South Tyrol, /Attractions-g1182890-Activities-Nova_Ponente_Province_of_South_Tyrol_Trentino_Alto_Adige.html
Fiumefreddo Bruzio attractions, Province of Cosenza, /Attractions-g1182973-Activities-Fiumefreddo_Bruzio_Province_of_Cosenza_Calabria.html
Serino attractions, Province of Avellino, /Attractions-g1396195-Activities-Serino_Province_of_Avellino_Campania.html
Rovetta attractions, Province of Bergamo, /Attractions-g1969637-Activities-Rovetta_Province_of_Bergamo_Lombardy.html
Alano di Piave attractions, Province of Belluno, /Attractions-g1969712-Activities-Alano_di_Piave_Province_of_Belluno_Veneto.html
Boretto attractions, Province of Reggio Emilia, /Attractions-g3526296-Activities-Boretto_Province_of_Reggio_Emilia_Emilia_Romagna.html
Grazzano Visconti attractions, Province of Piacenza, /Attractions-g1052373-Activities-Grazzano_Visconti_Province_of_Piacenza_Emilia_Romagna.html
Cotignola attractions, Province of Ravenna, /Attractions-g2051794-Activities-Cotignola_Province_of_Ravenna_Emilia_Romagna.html
Santa Venerina attractions, Province of Catania, /Attractions-g1183484-Activities-Santa_Venerina_Province_of_Catania_Sicily.html
Ponte San Pietro attractions, Province of Bergamo, /Attractions-g2314045-Activities-Ponte_San_Pietro_Province_of_Bergamo_Lombardy.html
Remanzacco attractions, Province of Udine, /Attractions-g1576739-Activities-Remanzacco_Province_of_Udine_Friuli_Venezia_Giulia.html
Ortonovo attractions, Province of La Spezia, /Attractions-g2101182-Activities-Ortonovo_Province_of_La_Spezia_Liguria.html
Rignano Flaminio attractions, Province of Rome, /Attractions-g1544116-Activities-Rignano_Flaminio_Province_of_Rome_Lazio.html
Caerano di San Marco attractions, Province of Treviso, /Attractions-g675747-Activities-Caerano_di_San_Marco_Province_of_Treviso_Veneto.html
San Salvatore Telesino attractions, Province of Benevento, /Attractions-g2199653-Activities-San_Salvatore_Telesino_Province_of_Benevento_Campania.html
Mussomeli attractions, Province of Caltanissetta, /Attractions-g1511587-Activities-Mussomeli_Province_of_Caltanissetta_Sicily.html
Decollatura attractions, Province of Catanzaro, /Attractions-g3330288-Activities-Decollatura_Province_of_Catanzaro_Calabria.html
Altare attractions, Province of Savona, /Attractions-g2527433-Activities-Altare_Province_of_Savona_Liguria.html
Gonnesa attractions, Province of Carbonia-Iglesias, /Attractions-g676127-Activities-Gonnesa_Province_of_Carbonia_Iglesias_Sardinia.html
Cervara di Roma attractions, Province of Rome, /Attractions-g2199808-Activities-Cervara_di_Roma_Province_of_Rome_Lazio.html
Mezzojuso attractions, Province of Palermo, /Attractions-g5493012-Activities-Mezzojuso_Province_of_Palermo_Sicily.html
Orsago attractions, Province of Treviso, /Attractions-g1937738-Activities-Orsago_Province_of_Treviso_Veneto.html
Ceriale attractions, Italian Riviera, /Attractions-g1184251-Activities-Ceriale_Italian_Riviera_Liguria.html
Castelnuovo di Garfagnana attractions, Province of Lucca, /Attractions-g676357-Activities-Castelnuovo_di_Garfagnana_Province_of_Lucca_Tuscany.html
Solferino attractions, Province of Mantua, /Attractions-g1102480-Activities-Solferino_Province_of_Mantua_Lombardy.html
Casale Corte Cerro attractions, Province of Verbano-Cusio-Ossola, /Attractions-g1413797-Activities-Casale_Corte_Cerro_Province_of_Verbano_Cusio_Ossola_Piedmont.html
Lido di Classe attractions, Province of Ravenna, /Attractions-g1184511-Activities-Lido_di_Classe_Province_of_Ravenna_Emilia_Romagna.html
Trecastagni attractions, Province of Catania, /Attractions-g676670-Activities-Trecastagni_Province_of_Catania_Sicily.html
Aragona attractions, Province of Agrigento, /Attractions-g1725297-Activities-Aragona_Province_of_Agrigento_Sicily.html
Cantiano attractions, Province of Pesaro and Urbino, /Attractions-g1020921-Activities-Cantiano_Province_of_Pesaro_and_Urbino_Marche.html
San Martino in Rio attractions, Province of Reggio Emilia, /Attractions-g2167858-Activities-San_Martino_in_Rio_Province_of_Reggio_Emilia_Emilia_Romagna.html
Sarsina attractions, Province of Forli-Cesena, /Attractions-g1201165-Activities-Sarsina_Province_of_Forli_Cesena_Emilia_Romagna.html
Conselve attractions, Province of Padua, /Attractions-g1053761-Activities-Conselve_Province_of_Padua_Veneto.html
Davoli attractions, Province of Catanzaro, /Attractions-g1053772-Activities-Davoli_Province_of_Catanzaro_Calabria.html
Borzonasca attractions, Province of Genoa, /Attractions-g644247-Activities-Borzonasca_Province_of_Genoa_Liguria.html
Maccarese attractions, Province of Rome, /Attractions-g1643692-Activities-Maccarese_Province_of_Rome_Lazio.html
Antey Saint Andre attractions, Valle d'Aosta, /Attractions-g660755-Activities-Antey_Saint_Andre_Valle_d_Aosta.html
Casalserugo attractions, Province of Padua, /Attractions-g3249598-Activities-Casalserugo_Province_of_Padua_Veneto.html
Montenerodomo attractions, Province of Chieti, /Attractions-g1906055-Activities-Montenerodomo_Province_of_Chieti_Abruzzo.html
Summonte attractions, Province of Avellino, /Attractions-g1643988-Activities-Summonte_Province_of_Avellino_Campania.html
Monte Castello di Vibio attractions, Province of Perugia, /Attractions-g1201606-Activities-Monte_Castello_di_Vibio_Province_of_Perugia_Umbria.html
Baronissi attractions, Province of Salerno, /Attractions-g1644016-Activities-Baronissi_Province_of_Salerno_Campania.html
Polesella attractions, Province of Rovigo, /Attractions-g1234473-Activities-Polesella_Province_of_Rovigo_Veneto.html
Cuggiono attractions, Province of Milan, /Attractions-g1480273-Activities-Cuggiono_Province_of_Milan_Lombardy.html
Acciaroli attractions, Province of Salerno, /Attractions-g677529-Activities-Acciaroli_Province_of_Salerno_Campania.html
Campolongo Tapogliano attractions, Province of Udine, /Attractions-g7034623-Activities-Campolongo_Tapogliano_Province_of_Udine_Friuli_Venezia_Giulia.html
Montecchio attractions, Province of Terni, /Attractions-g2135795-Activities-Montecchio_Province_of_Terni_Umbria.html
Fornovo di Taro attractions, Province of Parma, /Attractions-g2135852-Activities-Fornovo_di_Taro_Province_of_Parma_Emilia_Romagna.html
