province_name, region_name, province_url
Campo Ligure attractions, Italian Riviera, /Attractions-g2337244-Activities-Campo_Ligure_Italian_Riviera_Liguria.html
Borgo Pace attractions, Province of Pesaro and Urbino, /Attractions-g1174046-Activities-Borgo_Pace_Province_of_Pesaro_and_Urbino_Marche.html
Cornedo all'Isarco attractions, Province of South Tyrol, /Attractions-g1419864-Activities-Cornedo_all_Isarco_Province_of_South_Tyrol_Trentino_Alto_Adige.html
Rottofreno attractions, Province of Piacenza, /Attractions-g2140917-Activities-Rottofreno_Province_of_Piacenza_Emilia_Romagna.html
Sorga attractions, Province of Verona, /Attractions-g1960730-Activities-Sorga_Province_of_Verona_Veneto.html
Cornuda attractions, Province of Treviso, /Attractions-g2059219-Activities-Cornuda_Province_of_Treviso_Veneto.html
Scario attractions, Province of Salerno, /Attractions-g1092600-Activities-Scario_Province_of_Salerno_Campania.html
Refrontolo attractions, Province of Treviso, /Attractions-g2010211-Activities-Refrontolo_Province_of_Treviso_Veneto.html
Spilinga attractions, Province of Vibo Valentia, /Attractions-g2436268-Activities-Spilinga_Province_of_Vibo_Valentia_Calabria.html
San Damiano d'Asti attractions, Province of Asti, /Attractions-g2370753-Activities-San_Damiano_d_Asti_Province_of_Asti_Piedmont.html
Taranta Peligna attractions, Province of Chieti, /Attractions-g2436291-Activities-Taranta_Peligna_Province_of_Chieti_Abruzzo.html
Canale d'Agordo attractions, Province of Belluno, /Attractions-g2534701-Activities-Canale_d_Agordo_Province_of_Belluno_Veneto.html
Zero Branco attractions, Province of Treviso, /Attractions-g1060189-Activities-Zero_Branco_Province_of_Treviso_Veneto.html
Crispiano attractions, Province of Taranto, /Attractions-g1486285-Activities-Crispiano_Province_of_Taranto_Puglia.html
Casei Gerola attractions, Province of Pavia, /Attractions-g1568279-Activities-Casei_Gerola_Province_of_Pavia_Lombardy.html
Tresigallo attractions, Province of Ferrara, /Attractions-g1568271-Activities-Tresigallo_Province_of_Ferrara_Emilia_Romagna.html
Taggia attractions, Italian Riviera, /Attractions-g1175105-Activities-Taggia_Italian_Riviera_Liguria.html
San Nazario attractions, Province of Vicenza, /Attractions-g2223835-Activities-San_Nazario_Province_of_Vicenza_Veneto.html
Farindola attractions, Province of Pescara, /Attractions-g1371999-Activities-Farindola_Province_of_Pescara_Abruzzo.html
Cona attractions, City of Venice, /Attractions-g7008212-Activities-Cona_Veneto.html
Briona attractions, Province of Novara, /Attractions-g1486823-Activities-Briona_Province_of_Novara_Piedmont.html
Furnari attractions, Province of Messina, /Attractions-g946181-Activities-Furnari_Province_of_Messina_Sicily.html
Gallicano nel Lazio attractions, Province of Rome, /Attractions-g1699887-Activities-Gallicano_nel_Lazio_Province_of_Rome_Lazio.html
Bugnara attractions, Province of L'Aquila, /Attractions-g2437287-Activities-Bugnara_Province_of_L_Aquila_Abruzzo.html
San Mango d'Aquino attractions, Province of Catanzaro, /Attractions-g7106723-Activities-San_Mango_d_Aquino_Province_of_Catanzaro_Calabria.html
Bordano attractions, Province of Udine, /Attractions-g2208059-Activities-Bordano_Province_of_Udine_Friuli_Venezia_Giulia.html
Frisanco attractions, Province of Pordenone, /Attractions-g2552191-Activities-Frisanco_Province_of_Pordenone_Friuli_Venezia_Giulia.html
San Giorgio Jonico attractions, Province of Taranto, /Attractions-g2552207-Activities-San_Giorgio_Jonico_Province_of_Taranto_Puglia.html
Frontino attractions, Province of Pesaro and Urbino, /Attractions-g1405374-Activities-Frontino_Province_of_Pesaro_and_Urbino_Marche.html
Avise attractions, Valle d'Aosta, /Attractions-g4174211-Activities-Avise_Valle_d_Aosta.html
Cupramontana attractions, Province of Ancona, /Attractions-g1405396-Activities-Cupramontana_Province_of_Ancona_Marche.html
Canale Monterano attractions, Province of Rome, /Attractions-g1110486-Activities-Canale_Monterano_Province_of_Rome_Lazio.html
Cardedu attractions, Province of Ogliastra, /Attractions-g1028602-Activities-Cardedu_Province_of_Ogliastra_Sardinia.html
Monsummano Terme attractions, Province of Pistoia, /Attractions-g1028703-Activities-Monsummano_Terme_Province_of_Pistoia_Tuscany.html
Accadia attractions, Province of Foggia, /Attractions-g3420925-Activities-Accadia_Province_of_Foggia_Puglia.html
Bitti attractions, Province of Nuoro, /Attractions-g1077961-Activities-Bitti_Province_of_Nuoro_Sardinia.html
Sannicola attractions, Province of Lecce, /Attractions-g652005-Activities-Sannicola_Province_of_Lecce_Puglia.html
Surbo attractions, Province of Lecce, /Attractions-g652007-Activities-Surbo_Province_of_Lecce_Puglia.html
Godiasco attractions, Province of Pavia, /Attractions-g1028925-Activities-Godiasco_Province_of_Pavia_Lombardy.html
Monticello d'Alba attractions, Province of Cuneo, /Attractions-g2012009-Activities-Monticello_d_Alba_Province_of_Cuneo_Piedmont.html
Villa Guardia attractions, Province of Como, /Attractions-g2061196-Activities-Villa_Guardia_Province_of_Como_Lombardy.html
Seravezza attractions, Province of Lucca, /Attractions-g1799469-Activities-Seravezza_Province_of_Lucca_Tuscany.html
Coriano attractions, Province of Rimini, /Attractions-g1537346-Activities-Coriano_Province_of_Rimini_Emilia_Romagna.html
Farra d'Isonzo attractions, Province of Gorizia, /Attractions-g1537392-Activities-Farra_d_Isonzo_Province_of_Gorizia_Friuli_Venezia_Giulia.html
Nova Siri attractions, Province of Matera, /Attractions-g947666-Activities-Nova_Siri_Province_of_Matera_Basilicata.html
Mazzano Romano attractions, Province of Rome, /Attractions-g1553915-Activities-Mazzano_Romano_Province_of_Rome_Lazio.html
Massa Martana attractions, Province of Perugia, /Attractions-g783940-Activities-Massa_Martana_Province_of_Perugia_Umbria.html
Allerona attractions, Province of Terni, /Attractions-g1062527-Activities-Allerona_Province_of_Terni_Umbria.html
Trescore Balneario attractions, Province of Bergamo, /Attractions-g1160810-Activities-Trescore_Balneario_Province_of_Bergamo_Lombardy.html
Rio di Pusteria attractions, Province of South Tyrol, /Attractions-g947888-Activities-Rio_di_Pusteria_Province_of_South_Tyrol_Trentino_Alto_Adige.html
