province_name, region_name, province_url
Chiuppano attractions, Province of Vicenza, /Attractions-g2260712-Activities-Chiuppano_Province_of_Vicenza_Veneto.html
Calamandrana attractions, Province of Asti, /Attractions-g1179372-Activities-Calamandrana_Province_of_Asti_Piedmont.html
Calvello attractions, Province of Potenza, /Attractions-g1933063-Activities-Calvello_Province_of_Potenza_Basilicata.html
Civitella San Paolo attractions, Province of Rome, /Attractions-g5308276-Activities-Civitella_San_Paolo_Province_of_Rome_Lazio.html
Santa Maria del Molise attractions, Province of Isernia, /Attractions-g2457355-Activities-Santa_Maria_del_Molise_Province_of_Isernia_Molise.html
Bovalino attractions, Province of Reggio Calabria, /Attractions-g1081183-Activities-Bovalino_Province_of_Reggio_Calabria_Calabria.html
Lappago attractions, Province of South Tyrol, /Attractions-g1195849-Activities-Lappago_Province_of_South_Tyrol_Trentino_Alto_Adige.html
Gazzo Veronese attractions, Province of Verona, /Attractions-g1965976-Activities-Gazzo_Veronese_Province_of_Verona_Veneto.html
Mazze attractions, Province of Turin, /Attractions-g737153-Activities-Mazze_Province_of_Turin_Piedmont.html
Vulcano Porto attractions, Isola Vulcano, /Attractions-g11616044-Activities-Vulcano_Porto_Isola_Vulcano_Aeolian_Islands_Islands_of_Sicily_Sicily.html
San Vittore Olona attractions, Province of Milan, /Attractions-g1081263-Activities-San_Vittore_Olona_Province_of_Milan_Lombardy.html
Osnago attractions, Province of Lecco, /Attractions-g1933279-Activities-Osnago_Province_of_Lecco_Lombardy.html
Villar Focchiardo attractions, Province of Turin, /Attractions-g4505488-Activities-Villar_Focchiardo_Province_of_Turin_Piedmont.html
Valsinni attractions, Province of Matera, /Attractions-g1490951-Activities-Valsinni_Province_of_Matera_Basilicata.html
Villa Basilica attractions, Province of Lucca, /Attractions-g1916981-Activities-Villa_Basilica_Province_of_Lucca_Tuscany.html
Argentiera attractions, Province of Sassari, /Attractions-g1933358-Activities-Argentiera_Province_of_Sassari_Sardinia.html
Cursi attractions, Province of Lecce, /Attractions-g1048616-Activities-Cursi_Province_of_Lecce_Puglia.html
Ortelle attractions, Province of Lecce, /Attractions-g1048620-Activities-Ortelle_Province_of_Lecce_Puglia.html
Collesalvetti attractions, Province of Livorno, /Attractions-g1179741-Activities-Collesalvetti_Province_of_Livorno_Tuscany.html
Vitigliano attractions, Province of Lecce, /Attractions-g1507429-Activities-Vitigliano_Province_of_Lecce_Puglia.html
Torri in Sabina attractions, Province of Rieti, /Attractions-g2244783-Activities-Torri_in_Sabina_Province_of_Rieti_Lazio.html
Solto Collina attractions, Province of Bergamo, /Attractions-g966806-Activities-Solto_Collina_Province_of_Bergamo_Lombardy.html
Monasterolo del Castello attractions, Province of Bergamo, /Attractions-g966807-Activities-Monasterolo_del_Castello_Province_of_Bergamo_Lombardy.html
Mozzo attractions, Province of Bergamo, /Attractions-g966804-Activities-Mozzo_Province_of_Bergamo_Lombardy.html
Ceriano Laghetto attractions, Province of Monza and Brianza, /Attractions-g2506941-Activities-Ceriano_Laghetto_Province_of_Monza_and_Brianza_Lombardy.html
Mazzo di Valtellina attractions, Province of Sondrio, /Attractions-g2162884-Activities-Mazzo_di_Valtellina_Province_of_Sondrio_Lombardy.html
Castrolibero attractions, Province of Cosenza, /Attractions-g3702989-Activities-Castrolibero_Province_of_Cosenza_Calabria.html
Sannazzaro de' Burgondi attractions, Province of Pavia, /Attractions-g2654500-Activities-Sannazzaro_de_Burgondi_Province_of_Pavia_Lombardy.html
Loreggia attractions, Province of Padua, /Attractions-g3637544-Activities-Loreggia_Province_of_Padua_Veneto.html
Bellino attractions, Province of Cuneo, /Attractions-g2359611-Activities-Bellino_Province_of_Cuneo_Piedmont.html
Gambettola attractions, Province of Forli-Cesena, /Attractions-g2654488-Activities-Gambettola_Province_of_Forli_Cesena_Emilia_Romagna.html
Busachi attractions, Province of Oristano, /Attractions-g2359578-Activities-Busachi_Province_of_Oristano_Sardinia.html
Camerana attractions, Province of Cuneo, /Attractions-g2507118-Activities-Camerana_Province_of_Cuneo_Piedmont.html
Burgos attractions, Province of Sassari, /Attractions-g1950023-Activities-Burgos_Province_of_Sassari_Sardinia.html
Montelepre attractions, Province of Palermo, /Attractions-g1180058-Activities-Montelepre_Province_of_Palermo_Sicily.html
Venegono Superiore attractions, Province of Varese, /Attractions-g2261426-Activities-Venegono_Superiore_Province_of_Varese_Lombardy.html
Corfino attractions, Province of Lucca, /Attractions-g2359693-Activities-Corfino_Province_of_Lucca_Tuscany.html
Galluzzo attractions, Province of Florence, /Attractions-g1180072-Activities-Galluzzo_Tuscany.html
Pozzol Groppo attractions, Province of Alessandria, /Attractions-g7094699-Activities-Pozzol_Groppo_Province_of_Alessandria_Piedmont.html
Castelvetro Piacentino attractions, Province of Piacenza, /Attractions-g1933783-Activities-Castelvetro_Piacentino_Province_of_Piacenza_Emilia_Romagna.html
Castelnuovo Belbo attractions, Province of Asti, /Attractions-g2359844-Activities-Castelnuovo_Belbo_Province_of_Asti_Piedmont.html
Piazza al Serchio attractions, Province of Lucca, /Attractions-g2277942-Activities-Piazza_al_Serchio_Province_of_Lucca_Tuscany.html
Nemoli attractions, Province of Potenza, /Attractions-g2540036-Activities-Nemoli_Province_of_Potenza_Basilicata.html
Verano attractions, Province of South Tyrol, /Attractions-g950861-Activities-Verano_Province_of_South_Tyrol_Trentino_Alto_Adige.html
Canicattini Bagni attractions, Province of Syracuse, /Attractions-g2081366-Activities-Canicattini_Bagni_Province_of_Syracuse_Sicily.html
Retorbido attractions, Province of Pavia, /Attractions-g6996516-Activities-Retorbido_Province_of_Pavia_Lombardy.html
Santo Spirito attractions, Province of Bari, /Attractions-g2359931-Activities-Santo_Spirito_Province_of_Bari_Puglia.html
Capriano del Colle attractions, Province of Brescia, /Attractions-g2359886-Activities-Capriano_del_Colle_Province_of_Brescia_Lombardy.html
Faggiano attractions, Province of Taranto, /Attractions-g6996508-Activities-Faggiano_Province_of_Taranto_Puglia.html
Campochiaro attractions, Province of Campobasso, /Attractions-g13370034-Activities-Campochiaro_Province_of_Campobasso_Molise.html
