province_name, region_name, province_url
Villafranca in Lunigiana attractions, Province of Massa Carrara, /Attractions-g1916980-Activities-Villafranca_in_Lunigiana_Province_of_Massa_Carrara_Tuscany.html
Mesoraca attractions, Province of Crotone, /Attractions-g14090319-Activities-Mesoraca_Province_of_Crotone_Calabria.html
Pietramontecorvino attractions, Province of Foggia, /Attractions-g4800675-Activities-Pietramontecorvino_Province_of_Foggia_Puglia.html
Triora attractions, Province of Imperia, /Attractions-g1065277-Activities-Triora_Province_of_Imperia_Liguria.html
Castiglione d'Adda attractions, Province of Lodi, /Attractions-g8028660-Activities-Castiglione_d_Adda_Province_of_Lodi_Lombardy.html
Forza d'Agro attractions, Province of Messina, /Attractions-g1016347-Activities-Forza_d_Agro_Province_of_Messina_Sicily.html
Magreglio attractions, Lake Como, /Attractions-g2507434-Activities-Magreglio_Lake_Como_Lombardy.html
Poggiomarino attractions, Province of Naples, /Attractions-g2359984-Activities-Poggiomarino_Province_of_Naples_Campania.html
Schilpario attractions, Province of Bergamo, /Attractions-g1934112-Activities-Schilpario_Province_of_Bergamo_Lombardy.html
Osoppo attractions, Province of Udine, /Attractions-g1082251-Activities-Osoppo_Province_of_Udine_Friuli_Venezia_Giulia.html
Roveredo in Piano attractions, Province of Pordenone, /Attractions-g1082252-Activities-Roveredo_in_Piano_Province_of_Pordenone_Friuli_Venezia_Giulia.html
Castel San Niccolo attractions, Province of Arezzo, /Attractions-g951318-Activities-Castel_San_Niccolo_Province_of_Arezzo_Tuscany.html
Castel di Lucio attractions, Province of Messina, /Attractions-g12665995-Activities-Castel_di_Lucio_Province_of_Messina_Sicily.html
Calimera attractions, Province of Lecce, /Attractions-g1951134-Activities-Calimera_Province_of_Lecce_Puglia.html
Fonte Nuova attractions, Province of Rome, /Attractions-g804282-Activities-Fonte_Nuova_Province_of_Rome_Lazio.html
Luvinate attractions, Province of Varese, /Attractions-g1213866-Activities-Luvinate_Province_of_Varese_Lombardy.html
Brivio attractions, Province of Lecco, /Attractions-g2213410-Activities-Brivio_Province_of_Lecco_Lombardy.html
Barbarano Romano attractions, Province of Viterbo, /Attractions-g1984039-Activities-Barbarano_Romano_Province_of_Viterbo_Lazio.html
Lozzo di Cadore attractions, Province of Belluno, /Attractions-g3606135-Activities-Lozzo_di_Cadore_Province_of_Belluno_Veneto.html
Benetutti attractions, Province of Sassari, /Attractions-g1459838-Activities-Benetutti_Province_of_Sassari_Sardinia.html
San Martino al Tagliamento attractions, Province of Pordenone, /Attractions-g1967733-Activities-San_Martino_al_Tagliamento_Province_of_Pordenone_Friuli_Venezia_Giulia.html
Lentiai attractions, Province of Belluno, /Attractions-g2147927-Activities-Lentiai_Province_of_Belluno_Veneto.html
Montelupone attractions, Province of Macerata, /Attractions-g1509128-Activities-Montelupone_Province_of_Macerata_Marche.html
Santena attractions, Province of Turin, /Attractions-g1820476-Activities-Santena_Province_of_Turin_Piedmont.html
Bannio Anzino attractions, Province of Verbano-Cusio-Ossola, /Attractions-g2017342-Activities-Bannio_Anzino_Province_of_Verbano_Cusio_Ossola_Piedmont.html
Travo attractions, Province of Piacenza, /Attractions-g1574972-Activities-Travo_Province_of_Piacenza_Emilia_Romagna.html
Spigno Monferrato attractions, Province of Alessandria, /Attractions-g1574947-Activities-Spigno_Monferrato_Province_of_Alessandria_Piedmont.html
Vivaro attractions, Province of Pordenone, /Attractions-g1574985-Activities-Vivaro_Province_of_Pordenone_Friuli_Venezia_Giulia.html
Settimo Milanese attractions, Province of Milan, /Attractions-g2164800-Activities-Settimo_Milanese_Province_of_Milan_Lombardy.html
Tuglie attractions, Province of Lecce, /Attractions-g1575045-Activities-Tuglie_Province_of_Lecce_Puglia.html
Premosello Chiovenda attractions, Province of Verbano-Cusio-Ossola, /Attractions-g2689286-Activities-Premosello_Chiovenda_Province_of_Verbano_Cusio_Ossola_Piedmont.html
Castiglione Messer Marino attractions, Province of Chieti, /Attractions-g3148118-Activities-Castiglione_Messer_Marino_Province_of_Chieti_Abruzzo.html
Castiglione a Casauria attractions, Province of Pescara, /Attractions-g5556678-Activities-Castiglione_a_Casauria_Province_of_Pescara_Abruzzo.html
Martirano attractions, Province of Catanzaro, /Attractions-g1526247-Activities-Martirano_Province_of_Catanzaro_Calabria.html
Nocera Superiore attractions, Province of Salerno, /Attractions-g1198565-Activities-Nocera_Superiore_Province_of_Salerno_Campania.html
Sordevolo attractions, Province of Biella, /Attractions-g2624042-Activities-Sordevolo_Province_of_Biella_Piedmont.html
Torrevecchia Teatina attractions, Province of Chieti, /Attractions-g2624062-Activities-Torrevecchia_Teatina_Province_of_Chieti_Abruzzo.html
Isili attractions, Province of Cagliari, /Attractions-g608912-Activities-Isili_Province_of_Cagliari_Sardinia.html
San Pantaleo attractions, Province of Olbia-Tempio, /Attractions-g608918-Activities-San_Pantaleo_Province_of_Olbia_Tempio_Sardinia.html
Sluderno attractions, Province of South Tyrol, /Attractions-g608932-Activities-Sluderno_Province_of_South_Tyrol_Trentino_Alto_Adige.html
Ploaghe attractions, Province of Sassari, /Attractions-g1936047-Activities-Ploaghe_Province_of_Sassari_Sardinia.html
Calvagese della Riviera attractions, Province of Brescia, /Attractions-g1051299-Activities-Calvagese_della_Riviera_Province_of_Brescia_Lombardy.html
Valvestino attractions, Province of Brescia, /Attractions-g8391580-Activities-Valvestino_Province_of_Brescia_Lombardy.html
Urgnano attractions, Province of Bergamo, /Attractions-g1985380-Activities-Urgnano_Province_of_Bergamo_Lombardy.html
Frascineto attractions, Province of Cosenza, /Attractions-g1149879-Activities-Frascineto_Province_of_Cosenza_Calabria.html
Biassono attractions, Province of Monza and Brianza, /Attractions-g1903533-Activities-Biassono_Province_of_Monza_and_Brianza_Lombardy.html
Broni attractions, Province of Pavia, /Attractions-g658380-Activities-Broni_Province_of_Pavia_Lombardy.html
Campegine attractions, Province of Reggio Emilia, /Attractions-g1051686-Activities-Campegine_Province_of_Reggio_Emilia_Emilia_Romagna.html
Montegiorgio attractions, Province of Fermo, /Attractions-g1133731-Activities-Montegiorgio_Province_of_Fermo_Marche.html
Spinazzola attractions, Province of Barletta-Andria-Trani, /Attractions-g1150198-Activities-Spinazzola_Province_of_Barletta_Andria_Trani_Puglia.html
