province_name, region_name, province_url
Eraclea Mare attractions, Province of Venice, /Attractions-g1092802-Activities-Eraclea_Mare_Veneto.html
Bellona attractions, Province of Caserta, /Attractions-g1060092-Activities-Bellona_Province_of_Caserta_Campania.html
San Fili attractions, Province of Cosenza, /Attractions-g2616703-Activities-San_Fili_Province_of_Cosenza_Calabria.html
Castrocielo attractions, Province of Frosinone, /Attractions-g666976-Activities-Castrocielo_Province_of_Frosinone_Lazio.html
Concorezzo attractions, Province of Monza and Brianza, /Attractions-g1076578-Activities-Concorezzo_Province_of_Monza_and_Brianza_Lombardy.html
Zone attractions, Province of Brescia, /Attractions-g1060196-Activities-Zone_Province_of_Brescia_Lombardy.html
Borgo San Giacomo attractions, Province of Brescia, /Attractions-g2223528-Activities-Borgo_San_Giacomo_Province_of_Brescia_Lombardy.html
Muro Lucano attractions, Province of Potenza, /Attractions-g2321846-Activities-Muro_Lucano_Province_of_Potenza_Basilicata.html
Oggiono attractions, Province of Lecco, /Attractions-g2518451-Activities-Oggiono_Province_of_Lecco_Lombardy.html
Capranica attractions, Province of Viterbo, /Attractions-g2223513-Activities-Capranica_Province_of_Viterbo_Lazio.html
Montecrestese attractions, Province of Verbano-Cusio-Ossola, /Attractions-g3485152-Activities-Montecrestese_Province_of_Verbano_Cusio_Ossola_Piedmont.html
Mogoro attractions, Province of Oristano, /Attractions-g2616830-Activities-Mogoro_Province_of_Oristano_Sardinia.html
Palagonia attractions, Province of Catania, /Attractions-g5828027-Activities-Palagonia_Province_of_Catania_Sicily.html
Carpignano Salentino attractions, Province of Lecce, /Attractions-g1568274-Activities-Carpignano_Salentino_Province_of_Lecce_Puglia.html
Viu attractions, Province of Turin, /Attractions-g5074503-Activities-Viu_Province_of_Turin_Piedmont.html
Pedrengo attractions, Province of Bergamo, /Attractions-g2305663-Activities-Pedrengo_Province_of_Bergamo_Lombardy.html
Arzano attractions, Province of Naples, /Attractions-g1076852-Activities-Arzano_Province_of_Naples_Campania.html
Pozzuolo del Friuli attractions, Province of Udine, /Attractions-g1961661-Activities-Pozzuolo_del_Friuli_Province_of_Udine_Friuli_Venezia_Giulia.html
Castelmola attractions, Province of Messina, /Attractions-g945966-Activities-Castelmola_Province_of_Messina_Sicily.html
Bagnaria Arsa attractions, Province of Udine, /Attractions-g1454010-Activities-Bagnaria_Arsa_Province_of_Udine_Friuli_Venezia_Giulia.html
Taverna attractions, Province of Catanzaro, /Attractions-g2306088-Activities-Taverna_Province_of_Catanzaro_Calabria.html
Albavilla attractions, Province of Como, /Attractions-g1077281-Activities-Albavilla_Province_of_Como_Lombardy.html
Storo attractions, Province of Trento, /Attractions-g2207930-Activities-Storo_Province_of_Trento_Trentino_Alto_Adige.html
Mariano del Friuli attractions, Province of Gorizia, /Attractions-g2158791-Activities-Mariano_del_Friuli_Province_of_Gorizia_Friuli_Venezia_Giulia.html
Villaricca attractions, Province of Naples, /Attractions-g1945845-Activities-Villaricca_Province_of_Naples_Campania.html
Castelgomberto attractions, Province of Vicenza, /Attractions-g3174711-Activities-Castelgomberto_Province_of_Vicenza_Veneto.html
Montefalcione attractions, Province of Avellino, /Attractions-g3174692-Activities-Montefalcione_Province_of_Avellino_Campania.html
Rancio Valcuvia attractions, Province of Varese, /Attractions-g7008627-Activities-Rancio_Valcuvia_Province_of_Varese_Lombardy.html
Ramacca attractions, Province of Catania, /Attractions-g2208000-Activities-Ramacca_Province_of_Catania_Sicily.html
Vicolungo attractions, Province of Novara, /Attractions-g2306323-Activities-Vicolungo_Province_of_Novara_Piedmont.html
Grinzane Cavour attractions, Province of Cuneo, /Attractions-g2093349-Activities-Grinzane_Cavour_Province_of_Cuneo_Piedmont.html
Varmo attractions, Province of Udine, /Attractions-g3174764-Activities-Varmo_Province_of_Udine_Friuli_Venezia_Giulia.html
San Pancrazio Salentino attractions, Province of Brindisi, /Attractions-g1929574-Activities-San_Pancrazio_Salentino_Province_of_Brindisi_Puglia.html
Borgo a Mozzano attractions, Province of Lucca, /Attractions-g815532-Activities-Borgo_a_Mozzano_Province_of_Lucca_Tuscany.html
Bomarzo attractions, Province of Viterbo, /Attractions-g815535-Activities-Bomarzo_Province_of_Viterbo_Lazio.html
San Giorgio del Sannio attractions, Province of Benevento, /Attractions-g1552838-Activities-San_Giorgio_del_Sannio_Province_of_Benevento_Campania.html
Atena Lucana attractions, Province of Salerno, /Attractions-g1028612-Activities-Atena_Lucana_Province_of_Salerno_Campania.html
Varedo attractions, Province of Monza and Brianza, /Attractions-g1028699-Activities-Varedo_Province_of_Monza_and_Brianza_Lombardy.html
Acquappesa attractions, Province of Cosenza, /Attractions-g651980-Activities-Acquappesa_Province_of_Cosenza_Calabria.html
San Venanzo attractions, Province of Terni, /Attractions-g1077959-Activities-San_Venanzo_Province_of_Terni_Umbria.html
Artena attractions, Province of Rome, /Attractions-g635625-Activities-Artena_Province_of_Rome_Lazio.html
Pianella attractions, Province of Pescara, /Attractions-g1078001-Activities-Pianella_Province_of_Pescara_Abruzzo.html
Gallicano attractions, Province of Lucca, /Attractions-g1078003-Activities-Gallicano_Province_of_Lucca_Tuscany.html
Contigliano attractions, Province of Rieti, /Attractions-g2208457-Activities-Contigliano_Province_of_Rieti_Lazio.html
Roccastrada attractions, Province of Grosseto, /Attractions-g652038-Activities-Roccastrada_Province_of_Grosseto_Tuscany.html
Stra attractions, Province of Venice, /Attractions-g652056-Activities-Stra_Veneto.html
Monastier di Treviso attractions, Province of Treviso, /Attractions-g652051-Activities-Monastier_di_Treviso_Province_of_Treviso_Veneto.html
Pescantina attractions, Province of Verona, /Attractions-g652052-Activities-Pescantina_Province_of_Verona_Veneto.html
Montalto Uffugo attractions, Province of Cosenza, /Attractions-g1930034-Activities-Montalto_Uffugo_Province_of_Cosenza_Calabria.html
Asola attractions, Province of Mantua, /Attractions-g1373027-Activities-Asola_Province_of_Mantua_Lombardy.html
