province_name, region_name, province_url
Robassomero attractions, Province of Turin, /Attractions-g2587207-Activities-Robassomero_Province_of_Turin_Piedmont.html
Cura Carpignano attractions, Province of Pavia, /Attractions-g2587200-Activities-Cura_Carpignano_Province_of_Pavia_Lombardy.html
Offlaga attractions, Province of Brescia, /Attractions-g2275913-Activities-Offlaga_Province_of_Brescia_Lombardy.html
Hone attractions, Valle d'Aosta, /Attractions-g2046571-Activities-Hone_Valle_d_Aosta.html
San Ponso attractions, Province of Turin, /Attractions-g11958991-Activities-San_Ponso_Province_of_Turin_Piedmont.html
Marzano Appio attractions, Province of Caserta, /Attractions-g5601991-Activities-Marzano_Appio_Province_of_Caserta_Campania.html
Montaldo Bormida attractions, Province of Alessandria, /Attractions-g2144947-Activities-Montaldo_Bormida_Province_of_Alessandria_Piedmont.html
Lorenzago di Cadore attractions, Province of Belluno, /Attractions-g1440398-Activities-Lorenzago_di_Cadore_Province_of_Belluno_Veneto.html
Frignano attractions, Province of Caserta, /Attractions-g5602038-Activities-Frignano_Province_of_Caserta_Campania.html
Torremezzo di Falconara attractions, Province of Cosenza, /Attractions-g13548136-Activities-Torremezzo_di_Falconara_Province_of_Cosenza_Calabria.html
Mairago attractions, Province of Lodi, /Attractions-g13138533-Activities-Mairago_Province_of_Lodi_Lombardy.html
Le Ferriere attractions, Province of Latina, /Attractions-g7715520-Activities-Le_Ferriere_Province_of_Latina_Lazio.html
Chignolo d'isola attractions, Province of Bergamo, /Attractions-g13007475-Activities-Chignolo_d_isola_Province_of_Bergamo_Lombardy.html
Cessole attractions, Province of Asti, /Attractions-g1587921-Activities-Cessole_Province_of_Asti_Piedmont.html
Cavenago d'Adda attractions, Province of Lodi, /Attractions-g1587924-Activities-Cavenago_d_Adda_Province_of_Lodi_Lombardy.html
Granarolo dell'Emilia attractions, Province of Bologna, /Attractions-g1080121-Activities-Granarolo_dell_Emilia_Province_of_Bologna_Emilia_Romagna.html
Staiti attractions, Province of Reggio Calabria, /Attractions-g7060261-Activities-Staiti_Province_of_Reggio_Calabria_Calabria.html
Marina di Caulonia attractions, Province of Reggio Calabria, /Attractions-g2440055-Activities-Marina_di_Caulonia_Province_of_Reggio_Calabria_Calabria.html
Plesio attractions, Lake Como, /Attractions-g1080135-Activities-Plesio_Lake_Como_Lombardy.html
Tromello attractions, Province of Pavia, /Attractions-g2440063-Activities-Tromello_Province_of_Pavia_Lombardy.html
Milena attractions, Province of Caltanissetta, /Attractions-g2440022-Activities-Milena_Province_of_Caltanissetta_Sicily.html
Terenzo attractions, Province of Parma, /Attractions-g2620322-Activities-Terenzo_Province_of_Parma_Emilia_Romagna.html
San Mauro di Saline attractions, Province of Verona, /Attractions-g2620328-Activities-San_Mauro_di_Saline_Province_of_Verona_Veneto.html
Pietraferrazzana attractions, Province of Chieti, /Attractions-g7126004-Activities-Pietraferrazzana_Province_of_Chieti_Abruzzo.html
Ruvo del Monte attractions, Province of Potenza, /Attractions-g14187329-Activities-Ruvo_del_Monte_Province_of_Potenza_Basilicata.html
Lurano attractions, Province of Bergamo, /Attractions-g11959084-Activities-Lurano_Province_of_Bergamo_Lombardy.html
Fontegreca attractions, Province of Caserta, /Attractions-g8387554-Activities-Fontegreca_Province_of_Caserta_Campania.html
Ospedaletto Euganeo attractions, Province of Padua, /Attractions-g1080227-Activities-Ospedaletto_Euganeo_Province_of_Padua_Veneto.html
Roccaforte Ligure attractions, Province of Alessandria, /Attractions-g2620306-Activities-Roccaforte_Ligure_Province_of_Alessandria_Piedmont.html
Torrice attractions, Province of Frosinone, /Attractions-g1752024-Activities-Torrice_Province_of_Frosinone_Lazio.html
Camporgiano attractions, Province of Lucca, /Attractions-g1932230-Activities-Camporgiano_Province_of_Lucca_Tuscany.html
Valbrona attractions, Lake Como, /Attractions-g1915881-Activities-Valbrona_Lake_Como_Lombardy.html
Montjovet attractions, Valle d'Aosta, /Attractions-g736256-Activities-Montjovet_Valle_d_Aosta.html
Albareto attractions, Province of Parma, /Attractions-g1752123-Activities-Albareto_Province_of_Parma_Emilia_Romagna.html
Pietranico attractions, Province of Pescara, /Attractions-g12811506-Activities-Pietranico_Province_of_Pescara_Abruzzo.html
Buttigliera d'Asti attractions, Province of Asti, /Attractions-g4340757-Activities-Buttigliera_d_Asti_Province_of_Asti_Piedmont.html
Sarmato attractions, Province of Piacenza, /Attractions-g6864109-Activities-Sarmato_Province_of_Piacenza_Emilia_Romagna.html
Besate attractions, Province of Milan, /Attractions-g1752206-Activities-Besate_Province_of_Milan_Lombardy.html
Castellina Marittima attractions, Province of Pisa, /Attractions-g1080453-Activities-Castellina_Marittima_Province_of_Pisa_Tuscany.html
Monte San Pietrangeli attractions, Province of Fermo, /Attractions-g670910-Activities-Monte_San_Pietrangeli_Province_of_Fermo_Marche.html
Casorate Sempione attractions, Province of Varese, /Attractions-g670909-Activities-Casorate_Sempione_Province_of_Varese_Lombardy.html
Casaleone attractions, Province of Verona, /Attractions-g2358473-Activities-Casaleone_Province_of_Verona_Veneto.html
Niella Belbo attractions, Province of Cuneo, /Attractions-g2407740-Activities-Niella_Belbo_Province_of_Cuneo_Piedmont.html
Fornaci di Barga attractions, Province of Lucca, /Attractions-g1522953-Activities-Fornaci_di_Barga_Province_of_Lucca_Tuscany.html
Granze attractions, Province of Padua, /Attractions-g2374922-Activities-Granze_Province_of_Padua_Veneto.html
Montemagno attractions, Province of Asti, /Attractions-g1932616-Activities-Montemagno_Province_of_Asti_Piedmont.html
Scopa attractions, Province of Vercelli, /Attractions-g1932612-Activities-Scopa_Province_of_Vercelli_Piedmont.html
Ghivizzano attractions, Province of Lucca, /Attractions-g2080067-Activities-Ghivizzano_Province_of_Lucca_Tuscany.html
Luzzana attractions, Province of Bergamo, /Attractions-g7306732-Activities-Luzzana_Province_of_Bergamo_Lombardy.html
Maschito attractions, Province of Potenza, /Attractions-g6536688-Activities-Maschito_Province_of_Potenza_Basilicata.html
