province_name, region_name, province_url
Larino attractions, Province of Campobasso, /Attractions-g1020925-Activities-Larino_Province_of_Campobasso_Molise.html
Nimis attractions, Province of Udine, /Attractions-g1201176-Activities-Nimis_Province_of_Udine_Friuli_Venezia_Giulia.html
Bagnacavallo attractions, Province of Ravenna, /Attractions-g1397844-Activities-Bagnacavallo_Province_of_Ravenna_Emilia_Romagna.html
Lentini attractions, Province of Syracuse, /Attractions-g1169500-Activities-Lentini_Province_of_Syracuse_Sicily.html
Osimo attractions, Province of Ancona, /Attractions-g1497685-Activities-Osimo_Province_of_Ancona_Marche.html
Varallo attractions, Province of Vercelli, /Attractions-g1989269-Activities-Varallo_Province_of_Vercelli_Piedmont.html
Sava attractions, Province of Taranto, /Attractions-g2431707-Activities-Sava_Province_of_Taranto_Puglia.html
Barberino Tavarnellle attractions, Province of Florence, /Attractions-g21273176-Activities-Barberino_Tavarnellle_Tuscany.html
Bagnara Calabra attractions, Province of Reggio Calabria, /Attractions-g2006072-Activities-Bagnara_Calabra_Province_of_Reggio_Calabria_Calabria.html
Sant'Oreste attractions, Province of Rome, /Attractions-g794661-Activities-Sant_Oreste_Province_of_Rome_Lazio.html
Ginosa attractions, Province of Taranto, /Attractions-g1007734-Activities-Ginosa_Province_of_Taranto_Puglia.html
Goito attractions, Province of Mantua, /Attractions-g1810899-Activities-Goito_Province_of_Mantua_Lombardy.html
Sesto Calende attractions, Lake Maggiore, /Attractions-g664212-Activities-Sesto_Calende_Lake_Maggiore_Lombardy.html
Riposto attractions, Province of Catania, /Attractions-g1483693-Activities-Riposto_Province_of_Catania_Sicily.html
Buggiano attractions, Province of Pistoia, /Attractions-g1025218-Activities-Buggiano_Province_of_Pistoia_Tuscany.html
Sarteano attractions, Province of Siena, /Attractions-g616199-Activities-Sarteano_Tuscany.html
Longarone attractions, Province of Belluno, /Attractions-g1599531-Activities-Longarone_Province_of_Belluno_Veneto.html
Sambuca di Sicilia attractions, Province of Agrigento, /Attractions-g2533492-Activities-Sambuca_di_Sicilia_Province_of_Agrigento_Sicily.html
Casalbordino attractions, Province of Chieti, /Attractions-g2533592-Activities-Casalbordino_Province_of_Chieti_Abruzzo.html
Pontremoli attractions, Province of Massa Carrara, /Attractions-g1175103-Activities-Pontremoli_Province_of_Massa_Carrara_Tuscany.html
Barberino Di Mugello attractions, Province of Florence, /Attractions-g1028928-Activities-Barberino_Di_Mugello_Tuscany.html
Santa Marina Salina attractions, Isola di Salina, /Attractions-g1078168-Activities-Santa_Marina_Salina_Isola_di_Salina_Aeolian_Islands_Islands_of_Sicily_Sicily.html
Stilo attractions, Province of Reggio Calabria, /Attractions-g1193611-Activities-Stilo_Province_of_Reggio_Calabria_Calabria.html
Baia Domizia attractions, Province of Caserta, /Attractions-g194682-Activities-Baia_Domizia_Province_of_Caserta_Campania.html
Cesana Torinese attractions, Province of Turin, /Attractions-g194730-Activities-Cesana_Torinese_Province_of_Turin_Piedmont.html
Garessio attractions, Province of Cuneo, /Attractions-g194773-Activities-Garessio_Province_of_Cuneo_Piedmont.html
Loreto attractions, Province of Ancona, /Attractions-g194802-Activities-Loreto_Province_of_Ancona_Marche.html
Sauze d'Oulx attractions, Province of Turin, /Attractions-g194891-Activities-Sauze_d_Oulx_Province_of_Turin_Piedmont.html
Moncalieri attractions, Province of Turin, /Attractions-g227669-Activities-Moncalieri_Province_of_Turin_Piedmont.html
Spoltore attractions, Province of Pescara, /Attractions-g1063512-Activities-Spoltore_Province_of_Pescara_Abruzzo.html
Saronno attractions, Province of Varese, /Attractions-g670563-Activities-Saronno_Province_of_Varese_Lombardy.html
Tavarnelle Val di Pesa attractions, Barberino Tavarnellle, /Attractions-g670654-Activities-Tavarnelle_Val_di_Pesa_Barberino_Tavarnellle_Tuscany.html
Pergola attractions, Province of Pesaro and Urbino, /Attractions-g1932225-Activities-Pergola_Province_of_Pesaro_and_Urbino_Marche.html
Locri attractions, Province of Reggio Calabria, /Attractions-g1180037-Activities-Locri_Province_of_Reggio_Calabria_Calabria.html
Fivizzano attractions, Province of Massa Carrara, /Attractions-g1426369-Activities-Fivizzano_Province_of_Massa_Carrara_Tuscany.html
Bollate attractions, Province of Milan, /Attractions-g608895-Activities-Bollate_Province_of_Milan_Lombardy.html
Margherita di Savoia attractions, Province of Barletta-Andria-Trani, /Attractions-g494954-Activities-Margherita_di_Savoia_Province_of_Barletta_Andria_Trani_Puglia.html
Maniago attractions, Province of Pordenone, /Attractions-g790406-Activities-Maniago_Province_of_Pordenone_Friuli_Venezia_Giulia.html
Manzano attractions, Province of Udine, /Attractions-g2068569-Activities-Manzano_Province_of_Udine_Friuli_Venezia_Giulia.html
Pozza di Fassa attractions, San Giovanni di Fassa, /Attractions-g1020227-Activities-Pozza_di_Fassa_San_Giovanni_di_Fassa_Province_of_Trento_Trentino_Alto_Adige.html
Grottaferrata attractions, Province of Rome, /Attractions-g644248-Activities-Grottaferrata_Province_of_Rome_Lazio.html
Giaveno attractions, Province of Turin, /Attractions-g1054624-Activities-Giaveno_Province_of_Turin_Piedmont.html
Santa Croce Camerina attractions, Province of Ragusa, /Attractions-g1005933-Activities-Santa_Croce_Camerina_Province_of_Ragusa_Sicily.html
Paderno Dugnano attractions, Province of Milan, /Attractions-g1972588-Activities-Paderno_Dugnano_Province_of_Milan_Lombardy.html
Paularo attractions, Province of Udine, /Attractions-g2234792-Activities-Paularo_Province_of_Udine_Friuli_Venezia_Giulia.html
Agerola attractions, Province of Naples, /Attractions-g580201-Activities-Agerola_Province_of_Naples_Campania.html
Assergi attractions, Province of L'Aquila, /Attractions-g580198-Activities-Assergi_Province_of_L_Aquila_Abruzzo.html
Induno Olona attractions, Province of Varese, /Attractions-g1055422-Activities-Induno_Olona_Province_of_Varese_Lombardy.html
Valdagno attractions, Province of Vicenza, /Attractions-g1137848-Activities-Valdagno_Province_of_Vicenza_Veneto.html
Zoppola attractions, Province of Pordenone, /Attractions-g2187454-Activities-Zoppola_Province_of_Pordenone_Friuli_Venezia_Giulia.html
