province_name, region_name, province_url
Aurigo attractions, Province of Imperia, /Attractions-g2654502-Activities-Aurigo_Province_of_Imperia_Liguria.html
Tiana attractions, Province of Nuoro, /Attractions-g9716096-Activities-Tiana_Province_of_Nuoro_Sardinia.html
Muccia attractions, Province of Macerata, /Attractions-g1065263-Activities-Muccia_Province_of_Macerata_Marche.html
Castelletto Merli attractions, Province of Alessandria, /Attractions-g2359620-Activities-Castelletto_Merli_Province_of_Alessandria_Piedmont.html
Fierozzo attractions, Province of Trento, /Attractions-g6390023-Activities-Fierozzo_Province_of_Trento_Trentino_Alto_Adige.html
Folzano attractions, Province of Brescia, /Attractions-g12665254-Activities-Folzano_Province_of_Brescia_Lombardy.html
Prizzi attractions, Province of Palermo, /Attractions-g1180055-Activities-Prizzi_Province_of_Palermo_Sicily.html
Verderio attractions, Province of Lecco, /Attractions-g3457438-Activities-Verderio_Province_of_Lecco_Lombardy.html
Civita di Oricola attractions, Province of L'Aquila, /Attractions-g1573328-Activities-Civita_di_Oricola_Province_of_L_Aquila_Abruzzo.html
Vararo attractions, Province of Varese, /Attractions-g11960673-Activities-Vararo_Province_of_Varese_Lombardy.html
Vigolo Marchese attractions, Province of Piacenza, /Attractions-g11960656-Activities-Vigolo_Marchese_Province_of_Piacenza_Emilia_Romagna.html
San Mango Piemonte attractions, Province of Salerno, /Attractions-g2359849-Activities-San_Mango_Piemonte_Province_of_Salerno_Campania.html
Giuliana attractions, Province of Palermo, /Attractions-g1016348-Activities-Giuliana_Province_of_Palermo_Sicily.html
Guardia Perticara attractions, Province of Potenza, /Attractions-g2622014-Activities-Guardia_Perticara_Province_of_Potenza_Basilicata.html
Vinzaglio attractions, Province of Novara, /Attractions-g15221493-Activities-Vinzaglio_Province_of_Novara_Piedmont.html
Bastiglia attractions, Province of Modena, /Attractions-g1950270-Activities-Bastiglia_Province_of_Modena_Emilia_Romagna.html
San Pier d'Isonzo attractions, Province of Gorizia, /Attractions-g7029335-Activities-San_Pier_d_Isonzo_Province_of_Gorizia_Friuli_Venezia_Giulia.html
Strangolagalli attractions, Province of Frosinone, /Attractions-g7029290-Activities-Strangolagalli_Province_of_Frosinone_Lazio.html
Fraine attractions, Province of Chieti, /Attractions-g6996514-Activities-Fraine_Province_of_Chieti_Abruzzo.html
Lavenone attractions, Province of Brescia, /Attractions-g19940198-Activities-Lavenone_Province_of_Brescia_Lombardy.html
Postua attractions, Province of Vercelli, /Attractions-g7340585-Activities-Postua_Province_of_Vercelli_Piedmont.html
Castelgrande attractions, Province of Potenza, /Attractions-g11502286-Activities-Castelgrande_Province_of_Potenza_Basilicata.html
Balocco attractions, Province of Vercelli, /Attractions-g6914585-Activities-Balocco_Province_of_Vercelli_Piedmont.html
San Nicola l'Arena attractions, Province of Palermo, /Attractions-g2589273-Activities-San_Nicola_l_Arena_Province_of_Palermo_Sicily.html
Robilante attractions, Province of Cuneo, /Attractions-g3588789-Activities-Robilante_Province_of_Cuneo_Piedmont.html
Veruno attractions, Province of Novara, /Attractions-g2278059-Activities-Veruno_Province_of_Novara_Piedmont.html
Sarzano attractions, Province of Rovigo, /Attractions-g2278056-Activities-Sarzano_Province_of_Rovigo_Veneto.html
Mombasiglio attractions, Province of Cuneo, /Attractions-g7094998-Activities-Mombasiglio_Province_of_Cuneo_Piedmont.html
Sandigliano attractions, Province of Biella, /Attractions-g2360053-Activities-Sandigliano_Province_of_Biella_Piedmont.html
Nurri attractions, Province of Cagliari, /Attractions-g2278143-Activities-Nurri_Province_of_Cagliari_Sardinia.html
Vigliano d'Asti attractions, Province of Asti, /Attractions-g7848616-Activities-Vigliano_d_Asti_Province_of_Asti_Piedmont.html
Loreglia attractions, Province of Verbano-Cusio-Ossola, /Attractions-g3588831-Activities-Loreglia_Province_of_Verbano_Cusio_Ossola_Piedmont.html
Gavelli attractions, Province of Perugia, /Attractions-g2278179-Activities-Gavelli_Province_of_Perugia_Umbria.html
Pau attractions, Province of Oristano, /Attractions-g12665795-Activities-Pau_Province_of_Oristano_Sardinia.html
Albera Ligure attractions, Province of Alessandria, /Attractions-g7242605-Activities-Albera_Ligure_Province_of_Alessandria_Piedmont.html
Borgo d'Ale attractions, Province of Vercelli, /Attractions-g2360069-Activities-Borgo_d_Ale_Province_of_Vercelli_Piedmont.html
Domanico attractions, Province of Cosenza, /Attractions-g19120640-Activities-Domanico_Province_of_Cosenza_Calabria.html
Casteldilago attractions, Province of Terni, /Attractions-g11928466-Activities-Casteldilago_Province_of_Terni_Umbria.html
Pompeiana attractions, Province of Imperia, /Attractions-g1934136-Activities-Pompeiana_Province_of_Imperia_Liguria.html
Pieve d'Alpago attractions, Province of Belluno, /Attractions-g1426239-Activities-Pieve_d_Alpago_Province_of_Belluno_Veneto.html
Barzago attractions, Province of Lecco, /Attractions-g3457910-Activities-Barzago_Province_of_Lecco_Lombardy.html
Porciano attractions, Province of Arezzo, /Attractions-g1934168-Activities-Porciano_Province_of_Arezzo_Tuscany.html
San Marco la Catola attractions, Province of Foggia, /Attractions-g10617838-Activities-San_Marco_la_Catola_Province_of_Foggia_Puglia.html
Santa Domenica Talao attractions, Province of Cosenza, /Attractions-g1934153-Activities-Santa_Domenica_Talao_Province_of_Cosenza_Calabria.html
Marina di Novaglie attractions, Province of Lecce, /Attractions-g1934147-Activities-Marina_di_Novaglie_Province_of_Lecce_Puglia.html
Orciano Pisano attractions, Province of Pisa, /Attractions-g8455139-Activities-Orciano_Pisano_Province_of_Pisa_Tuscany.html
Casaletto Lodigiano attractions, Province of Lodi, /Attractions-g2507586-Activities-Casaletto_Lodigiano_Province_of_Lodi_Lombardy.html
Montemurro attractions, Province of Potenza, /Attractions-g3490640-Activities-Montemurro_Province_of_Potenza_Basilicata.html
Austis attractions, Province of Nuoro, /Attractions-g11928529-Activities-Austis_Province_of_Nuoro_Sardinia.html
Castelguidone attractions, Province of Chieti, /Attractions-g8405768-Activities-Castelguidone_Province_of_Chieti_Abruzzo.html
