province_name, region_name, province_url
Rometta attractions, Province of Messina, /Attractions-g2407665-Activities-Rometta_Province_of_Messina_Sicily.html
Barisciano attractions, Province of L'Aquila, /Attractions-g1391867-Activities-Barisciano_Province_of_L_Aquila_Abruzzo.html
Selva di Altino attractions, Province of Chieti, /Attractions-g1391873-Activities-Selva_di_Altino_Province_of_Chieti_Abruzzo.html
Valle di Casies attractions, Province of South Tyrol, /Attractions-g1195270-Activities-Valle_di_Casies_Province_of_South_Tyrol_Trentino_Alto_Adige.html
Tione degli Abruzzi attractions, Province of L'Aquila, /Attractions-g12664285-Activities-Tione_degli_Abruzzi_Province_of_L_Aquila_Abruzzo.html
Maiolati Spontini attractions, Province of Ancona, /Attractions-g1768749-Activities-Maiolati_Spontini_Province_of_Ancona_Marche.html
Mesenzana attractions, Province of Varese, /Attractions-g6536505-Activities-Mesenzana_Province_of_Varese_Lombardy.html
Comunanza attractions, Province of Ascoli Piceno, /Attractions-g1752441-Activities-Comunanza_Province_of_Ascoli_Piceno_Marche.html
Scanzano Jonico attractions, Province of Matera, /Attractions-g1392015-Activities-Scanzano_Jonico_Province_of_Matera_Basilicata.html
Sarmede attractions, Province of Treviso, /Attractions-g3734943-Activities-Sarmede_Province_of_Treviso_Veneto.html
Casapulla attractions, Province of Caserta, /Attractions-g1047984-Activities-Casapulla_Province_of_Caserta_Campania.html
Ghilarza attractions, Province of Oristano, /Attractions-g4504978-Activities-Ghilarza_Province_of_Oristano_Sardinia.html
Castenedolo attractions, Province of Brescia, /Attractions-g1785334-Activities-Castenedolo_Province_of_Brescia_Lombardy.html
Fiumefreddo di Sicilia attractions, Province of Catania, /Attractions-g1146450-Activities-Fiumefreddo_di_Sicilia_Province_of_Catania_Sicily.html
Vinadio attractions, Province of Cuneo, /Attractions-g1048236-Activities-Vinadio_Province_of_Cuneo_Piedmont.html
Salice Salentino attractions, Province of Lecce, /Attractions-g1179330-Activities-Salice_Salentino_Province_of_Lecce_Puglia.html
Grumento Nova attractions, Province of Potenza, /Attractions-g1179364-Activities-Grumento_Nova_Province_of_Potenza_Basilicata.html
Deiva Marina attractions, Italian Riviera, /Attractions-g1081168-Activities-Deiva_Marina_Italian_Riviera_Liguria.html
Controguerra attractions, Province of Teramo, /Attractions-g2260901-Activities-Controguerra_Province_of_Teramo_Abruzzo.html
Squinzano attractions, Province of Lecce, /Attractions-g1048606-Activities-Squinzano_Province_of_Lecce_Puglia.html
Diso attractions, Province of Lecce, /Attractions-g1048611-Activities-Diso_Province_of_Lecce_Puglia.html
Morciano di Leuca attractions, Province of Lecce, /Attractions-g1048613-Activities-Morciano_di_Leuca_Province_of_Lecce_Puglia.html
Sant'Ilario d'Enza attractions, Province of Reggio Emilia, /Attractions-g1081388-Activities-Sant_Ilario_d_Enza_Province_of_Reggio_Emilia_Emilia_Romagna.html
Calosso attractions, Province of Asti, /Attractions-g1933382-Activities-Calosso_Province_of_Asti_Piedmont.html
Monte San Pietro attractions, Province of Bologna, /Attractions-g1081447-Activities-Monte_San_Pietro_Province_of_Bologna_Emilia_Romagna.html
Cologna Veneta attractions, Province of Verona, /Attractions-g2162889-Activities-Cologna_Veneta_Province_of_Verona_Veneto.html
Bisaccia attractions, Province of Avellino, /Attractions-g1982799-Activities-Bisaccia_Province_of_Avellino_Campania.html
Ospitaletto attractions, Province of Brescia, /Attractions-g2294103-Activities-Ospitaletto_Province_of_Brescia_Lombardy.html
Calvi dell'Umbria attractions, Province of Terni, /Attractions-g1130861-Activities-Calvi_dell_Umbria_Province_of_Terni_Umbria.html
Resana attractions, Province of Treviso, /Attractions-g2507173-Activities-Resana_Province_of_Treviso_Veneto.html
Palazzo Adriano attractions, Province of Palermo, /Attractions-g1180057-Activities-Palazzo_Adriano_Province_of_Palermo_Sicily.html
Piovera attractions, Province of Alessandria, /Attractions-g6750718-Activities-Piovera_Province_of_Alessandria_Piedmont.html
San Lorenzo attractions, Province of Reggio Calabria, /Attractions-g10470041-Activities-San_Lorenzo_Province_of_Reggio_Calabria_Calabria.html
Baricella attractions, Province of Bologna, /Attractions-g2359916-Activities-Baricella_Province_of_Bologna_Emilia_Romagna.html
Zambrone attractions, Province of Vibo Valentia, /Attractions-g950871-Activities-Zambrone_Province_of_Vibo_Valentia_Calabria.html
Miglionico attractions, Province of Matera, /Attractions-g2048694-Activities-Miglionico_Province_of_Matera_Basilicata.html
Tiers attractions, Province of South Tyrol, /Attractions-g1147559-Activities-Tiers_Province_of_South_Tyrol_Trentino_Alto_Adige.html
Castelletto Molina attractions, Province of Asti, /Attractions-g1409780-Activities-Castelletto_Molina_Province_of_Asti_Piedmont.html
San Martino Sulla Marrucina attractions, Province of Chieti, /Attractions-g6898556-Activities-San_Martino_Sulla_Marrucina_Province_of_Chieti_Abruzzo.html
Varese Ligure attractions, Italian Riviera, /Attractions-g1934138-Activities-Varese_Ligure_Italian_Riviera_Liguria.html
Santa Maria A Vico attractions, Province of Caserta, /Attractions-g6914882-Activities-Santa_Maria_A_Vico_Province_of_Caserta_Campania.html
Joppolo attractions, Province of Vibo Valentia, /Attractions-g1934151-Activities-Joppolo_Province_of_Vibo_Valentia_Calabria.html
Daverio attractions, Province of Varese, /Attractions-g8553468-Activities-Daverio_Province_of_Varese_Lombardy.html
Zane attractions, Province of Vicenza, /Attractions-g2016219-Activities-Zane_Province_of_Vicenza_Veneto.html
Tornimparte attractions, Province of L'Aquila, /Attractions-g2589685-Activities-Tornimparte_Province_of_L_Aquila_Abruzzo.html
Capriata d'Orba attractions, Province of Alessandria, /Attractions-g1786929-Activities-Capriata_d_Orba_Province_of_Alessandria_Piedmont.html
Cavazzo Carnico attractions, Province of Udine, /Attractions-g1967198-Activities-Cavazzo_Carnico_Province_of_Udine_Friuli_Venezia_Giulia.html
Castelvecchio Calvisio attractions, Province of L'Aquila, /Attractions-g13223042-Activities-Castelvecchio_Calvisio_Province_of_L_Aquila_Abruzzo.html
Vazzola attractions, Province of Treviso, /Attractions-g1983684-Activities-Vazzola_Province_of_Treviso_Veneto.html
Rocca Priora attractions, Province of Rome, /Attractions-g656617-Activities-Rocca_Priora_Province_of_Rome_Lazio.html
