province_name, region_name, province_url
Torremaggiore attractions, Province of Foggia, /Attractions-g2208255-Activities-Torremaggiore_Province_of_Foggia_Puglia.html
Murlo attractions, Province of Siena, /Attractions-g668224-Activities-Murlo_Tuscany.html
Ascoli Satriano attractions, Province of Foggia, /Attractions-g2536094-Activities-Ascoli_Satriano_Province_of_Foggia_Puglia.html
Bardi attractions, Province of Parma, /Attractions-g1749726-Activities-Bardi_Province_of_Parma_Emilia_Romagna.html
Casamassima attractions, Province of Bari, /Attractions-g651998-Activities-Casamassima_Province_of_Bari_Puglia.html
Rezzato attractions, Province of Brescia, /Attractions-g651989-Activities-Rezzato_Province_of_Brescia_Lombardy.html
Palestrina attractions, Province of Rome, /Attractions-g635624-Activities-Palestrina_Province_of_Rome_Lazio.html
Valledoria attractions, Province of Sassari, /Attractions-g635630-Activities-Valledoria_Province_of_Sassari_Sardinia.html
Curinga attractions, Province of Catanzaro, /Attractions-g635616-Activities-Curinga_Province_of_Catanzaro_Calabria.html
Tramonti attractions, Amalfi Coast, /Attractions-g635618-Activities-Tramonti_Amalfi_Coast_Province_of_Salerno_Campania.html
Buccinasco attractions, Province of Milan, /Attractions-g1225468-Activities-Buccinasco_Province_of_Milan_Lombardy.html
Mezzana attractions, Province of Trento, /Attractions-g652030-Activities-Mezzana_Province_of_Trento_Trentino_Alto_Adige.html
Follina attractions, Province of Treviso, /Attractions-g488302-Activities-Follina_Province_of_Treviso_Veneto.html
Lainate attractions, Province of Milan, /Attractions-g1078146-Activities-Lainate_Province_of_Milan_Lombardy.html
Lamporecchio attractions, Province of Pistoia, /Attractions-g635877-Activities-Lamporecchio_Province_of_Pistoia_Tuscany.html
Sant'Agata Feltria attractions, Province of Rimini, /Attractions-g1569961-Activities-Sant_Agata_Feltria_Province_of_Rimini_Emilia_Romagna.html
San Gemini attractions, Province of Terni, /Attractions-g1602964-Activities-San_Gemini_Province_of_Terni_Umbria.html
Pisticci attractions, Province of Matera, /Attractions-g947829-Activities-Pisticci_Province_of_Matera_Basilicata.html
Conselice attractions, Province of Ravenna, /Attractions-g2193135-Activities-Conselice_Province_of_Ravenna_Emilia_Romagna.html
Dogliani attractions, Province of Cuneo, /Attractions-g1079098-Activities-Dogliani_Province_of_Cuneo_Piedmont.html
Valprato Soana attractions, Province of Turin, /Attractions-g2144270-Activities-Valprato_Soana_Province_of_Turin_Piedmont.html
Breno attractions, Province of Brescia, /Attractions-g194700-Activities-Breno_Province_of_Brescia_Lombardy.html
Montechiarugolo attractions, Province of Parma, /Attractions-g194831-Activities-Montechiarugolo_Province_of_Parma_Emilia_Romagna.html
Cassano Magnago attractions, Province of Varese, /Attractions-g1833260-Activities-Cassano_Magnago_Province_of_Varese_Lombardy.html
Martignacco attractions, Province of Udine, /Attractions-g1849720-Activities-Martignacco_Province_of_Udine_Friuli_Venezia_Giulia.html
Borghetto Santo Spirito attractions, Italian Riviera, /Attractions-g1849713-Activities-Borghetto_Santo_Spirito_Italian_Riviera_Liguria.html
Ceresole Reale attractions, Province of Turin, /Attractions-g1604038-Activities-Ceresole_Reale_Province_of_Turin_Piedmont.html
Pinzano al Tagliamento attractions, Province of Pordenone, /Attractions-g1931773-Activities-Pinzano_al_Tagliamento_Province_of_Pordenone_Friuli_Venezia_Giulia.html
Santorso attractions, Province of Vicenza, /Attractions-g2161256-Activities-Santorso_Province_of_Vicenza_Veneto.html
Bomba attractions, Province of Chieti, /Attractions-g1849998-Activities-Bomba_Province_of_Chieti_Abruzzo.html
Chiaramonte Gulfi attractions, Province of Ragusa, /Attractions-g1079945-Activities-Chiaramonte_Gulfi_Province_of_Ragusa_Sicily.html
Romano d'Ezzelino attractions, Province of Vicenza, /Attractions-g1440423-Activities-Romano_d_Ezzelino_Province_of_Vicenza_Veneto.html
San Pietro al Natisone attractions, Province of Udine, /Attractions-g2440020-Activities-San_Pietro_al_Natisone_Province_of_Udine_Friuli_Venezia_Giulia.html
Muro Leccese attractions, Province of Lecce, /Attractions-g670801-Activities-Muro_Leccese_Province_of_Lecce_Puglia.html
Besozzo attractions, Province of Varese, /Attractions-g2358471-Activities-Besozzo_Province_of_Varese_Lombardy.html
San Donato Val di Comino attractions, Province of Frosinone, /Attractions-g1048235-Activities-San_Donato_Val_di_Comino_Province_of_Frosinone_Lazio.html
Navelli attractions, Province of L'Aquila, /Attractions-g1965736-Activities-Navelli_Province_of_L_Aquila_Abruzzo.html
Petralia Sottana attractions, Province of Palermo, /Attractions-g1081305-Activities-Petralia_Sottana_Province_of_Palermo_Sicily.html
Acciano attractions, Province of L'Aquila, /Attractions-g5488828-Activities-Acciano_Province_of_L_Aquila_Abruzzo.html
Magliano in Toscana attractions, Province of Grosseto, /Attractions-g1016057-Activities-Magliano_in_Toscana_Province_of_Grosseto_Tuscany.html
Dolianova attractions, Province of Cagliari, /Attractions-g2162904-Activities-Dolianova_Province_of_Cagliari_Sardinia.html
Caccamo attractions, Province of Palermo, /Attractions-g1425932-Activities-Caccamo_Province_of_Palermo_Sicily.html
Filadelfia attractions, Province of Vibo Valentia, /Attractions-g2359951-Activities-Filadelfia_Province_of_Vibo_Valentia_Calabria.html
Travesio attractions, Province of Pordenone, /Attractions-g2015937-Activities-Travesio_Province_of_Pordenone_Friuli_Venezia_Giulia.html
Ostra Vetere attractions, Province of Ancona, /Attractions-g1934132-Activities-Ostra_Vetere_Province_of_Ancona_Marche.html
Monta attractions, Province of Cuneo, /Attractions-g1737552-Activities-Monta_Province_of_Cuneo_Piedmont.html
Valdilana attractions, Province of Biella, /Attractions-g17154640-Activities-Valdilana_Province_of_Biella_Piedmont.html
Castelnuovo Magra attractions, Province of La Spezia, /Attractions-g1016840-Activities-Castelnuovo_Magra_Province_of_La_Spezia_Liguria.html
Affi attractions, Province of Verona, /Attractions-g1050055-Activities-Affi_Province_of_Verona_Veneto.html
Sestu attractions, Province of Cagliari, /Attractions-g1967898-Activities-Sestu_Province_of_Cagliari_Sardinia.html
