province_name, region_name, province_url
Chions attractions, Province of Pordenone, /Attractions-g1062523-Activities-Chions_Province_of_Pordenone_Friuli_Venezia_Giulia.html
Marina di Ravenna attractions, Province of Ravenna, /Attractions-g947835-Activities-Marina_di_Ravenna_Province_of_Ravenna_Emilia_Romagna.html
Montalto di Castro attractions, Province of Viterbo, /Attractions-g1079102-Activities-Montalto_di_Castro_Province_of_Viterbo_Lazio.html
Recoaro Terme attractions, Province of Vicenza, /Attractions-g1488740-Activities-Recoaro_Terme_Province_of_Vicenza_Veneto.html
Bucchianico attractions, Province of Chieti, /Attractions-g1079144-Activities-Bucchianico_Province_of_Chieti_Abruzzo.html
Galzignano Terme attractions, Province of Padua, /Attractions-g194770-Activities-Galzignano_Terme_Province_of_Padua_Veneto.html
Gressan attractions, Valle d'Aosta, /Attractions-g194777-Activities-Gressan_Valle_d_Aosta.html
Marghera attractions, City of Venice, /Attractions-g194812-Activities-Marghera_Veneto.html
San Cassiano attractions, Province of South Tyrol, /Attractions-g194897-Activities-San_Cassiano_Province_of_South_Tyrol_Trentino_Alto_Adige.html
Ventotene attractions, Province of Latina, /Attractions-g1096053-Activities-Ventotene_Province_of_Latina_Lazio.html
Serravalle Scrivia attractions, Province of Alessandria, /Attractions-g1079908-Activities-Serravalle_Scrivia_Province_of_Alessandria_Piedmont.html
Filottrano attractions, Province of Ancona, /Attractions-g1587889-Activities-Filottrano_Province_of_Ancona_Marche.html
Carpineti attractions, Province of Reggio Emilia, /Attractions-g1539197-Activities-Carpineti_Province_of_Reggio_Emilia_Emilia_Romagna.html
Pretoro attractions, Province of Chieti, /Attractions-g1391860-Activities-Pretoro_Province_of_Chieti_Abruzzo.html
Crognaleto attractions, Province of Teramo, /Attractions-g3456659-Activities-Crognaleto_Province_of_Teramo_Abruzzo.html
Siculiana attractions, Province of Agrigento, /Attractions-g1064639-Activities-Siculiana_Province_of_Agrigento_Sicily.html
Bettola attractions, Province of Piacenza, /Attractions-g2260723-Activities-Bettola_Province_of_Piacenza_Emilia_Romagna.html
Torre Vado attractions, Province of Lecce, /Attractions-g1179334-Activities-Torre_Vado_Province_of_Lecce_Puglia.html
Casale sul Sile attractions, Province of Treviso, /Attractions-g1081110-Activities-Casale_sul_Sile_Province_of_Treviso_Veneto.html
San Zenone degli Ezzelini attractions, Province of Treviso, /Attractions-g1933059-Activities-San_Zenone_degli_Ezzelini_Province_of_Treviso_Veneto.html
Polistena attractions, Province of Reggio Calabria, /Attractions-g2260757-Activities-Polistena_Province_of_Reggio_Calabria_Calabria.html
Ronchi dei Legionari attractions, Province of Gorizia, /Attractions-g1081173-Activities-Ronchi_dei_Legionari_Province_of_Gorizia_Friuli_Venezia_Giulia.html
Arcore attractions, Province of Monza and Brianza, /Attractions-g1081186-Activities-Arcore_Province_of_Monza_and_Brianza_Lombardy.html
Cassacco attractions, Province of Udine, /Attractions-g2277941-Activities-Cassacco_Province_of_Udine_Friuli_Venezia_Giulia.html
Grottaminarda attractions, Province of Avellino, /Attractions-g2294511-Activities-Grottaminarda_Province_of_Avellino_Campania.html
Clauzetto attractions, Province of Pordenone, /Attractions-g1426118-Activities-Clauzetto_Province_of_Pordenone_Friuli_Venezia_Giulia.html
Zogno attractions, Province of Bergamo, /Attractions-g1131567-Activities-Zogno_Province_of_Bergamo_Lombardy.html
Monguelfo-Tesido attractions, Province of South Tyrol, /Attractions-g656842-Activities-Monguelfo_Tesido_Province_of_South_Tyrol_Trentino_Alto_Adige.html
Vetralla attractions, Province of Viterbo, /Attractions-g673503-Activities-Vetralla_Province_of_Viterbo_Lazio.html
Marzabotto attractions, Province of Bologna, /Attractions-g1853208-Activities-Marzabotto_Province_of_Bologna_Emilia_Romagna.html
Garbagnate Milanese attractions, Province of Milan, /Attractions-g1574952-Activities-Garbagnate_Milanese_Province_of_Milan_Lombardy.html
Gizzeria attractions, Province of Catanzaro, /Attractions-g1575062-Activities-Gizzeria_Province_of_Catanzaro_Calabria.html
Aci Catena attractions, Province of Catania, /Attractions-g2443644-Activities-Aci_Catena_Province_of_Catania_Sicily.html
Poppi attractions, Province of Arezzo, /Attractions-g887276-Activities-Poppi_Province_of_Arezzo_Tuscany.html
Sant'Anna Arresi attractions, Province of Carbonia-Iglesias, /Attractions-g608923-Activities-Sant_Anna_Arresi_Province_of_Carbonia_Iglesias_Sardinia.html
Curtatone attractions, Province of Mantua, /Attractions-g1182371-Activities-Curtatone_Province_of_Mantua_Lombardy.html
Ossi attractions, Province of Sassari, /Attractions-g2559181-Activities-Ossi_Province_of_Sassari_Sardinia.html
Filicudi attractions, Aeolian Islands, /Attractions-g675109-Activities-Filicudi_Aeolian_Islands_Islands_of_Sicily_Sicily.html
Gonzaga attractions, Province of Mantua, /Attractions-g3247561-Activities-Gonzaga_Province_of_Mantua_Lombardy.html
Portopalo di Capo Passero attractions, Province of Syracuse, /Attractions-g675374-Activities-Portopalo_di_Capo_Passero_Province_of_Syracuse_Sicily.html
Casatenovo attractions, Province of Lecco, /Attractions-g1953927-Activities-Casatenovo_Province_of_Lecco_Lombardy.html
Sant'Antonino di Susa attractions, Province of Turin, /Attractions-g1757391-Activities-Sant_Antonino_di_Susa_Province_of_Turin_Piedmont.html
Grignasco attractions, Province of Novara, /Attractions-g3526919-Activities-Grignasco_Province_of_Novara_Piedmont.html
Paluzza attractions, Province of Udine, /Attractions-g3494237-Activities-Paluzza_Province_of_Udine_Friuli_Venezia_Giulia.html
Morano Calabro attractions, Province of Cosenza, /Attractions-g1069546-Activities-Morano_Calabro_Province_of_Cosenza_Calabria.html
Fossacesia Marina attractions, Province of Chieti, /Attractions-g1102471-Activities-Fossacesia_Marina_Province_of_Chieti_Abruzzo.html
San Sperate attractions, Province of Cagliari, /Attractions-g1102542-Activities-San_Sperate_Province_of_Cagliari_Sardinia.html
San Godenzo attractions, Province of Florence, /Attractions-g1987380-Activities-San_Godenzo_Tuscany.html
Pievebovigliana attractions, Province of Macerata, /Attractions-g2266057-Activities-Pievebovigliana_Province_of_Macerata_Marche.html
Guarcino attractions, Province of Frosinone, /Attractions-g1315893-Activities-Guarcino_Province_of_Frosinone_Lazio.html
