province_name, region_name, province_url
Canistro attractions, Province of L'Aquila, /Attractions-g4504969-Activities-Canistro_Province_of_L_Aquila_Abruzzo.html
Castro attractions, Province of Bergamo, /Attractions-g2375107-Activities-Castro_Province_of_Bergamo_Lombardy.html
Bressanvido attractions, Province of Vicenza, /Attractions-g3374530-Activities-Bressanvido_Province_of_Vicenza_Veneto.html
Casaleggio Boiro attractions, Province of Alessandria, /Attractions-g6913635-Activities-Casaleggio_Boiro_Province_of_Alessandria_Piedmont.html
Grassano attractions, Province of Matera, /Attractions-g2637341-Activities-Grassano_Province_of_Matera_Basilicata.html
Torre Melissa attractions, Province of Crotone, /Attractions-g1474090-Activities-Torre_Melissa_Province_of_Crotone_Calabria.html
Policastro Bussentino attractions, Province of Salerno, /Attractions-g1097286-Activities-Policastro_Bussentino_Province_of_Salerno_Campania.html
Torano Castello attractions, Province of Cosenza, /Attractions-g12123872-Activities-Torano_Castello_Province_of_Cosenza_Calabria.html
Torrevecchia Pia attractions, Province of Pavia, /Attractions-g3456588-Activities-Torrevecchia_Pia_Province_of_Pavia_Lombardy.html
Fonzaso attractions, Province of Belluno, /Attractions-g3587725-Activities-Fonzaso_Province_of_Belluno_Veneto.html
Bicinicco attractions, Province of Udine, /Attractions-g12058123-Activities-Bicinicco_Province_of_Udine_Friuli_Venezia_Giulia.html
Ronzone attractions, Province of Trento, /Attractions-g949962-Activities-Ronzone_Province_of_Trento_Trentino_Alto_Adige.html
Riofreddo attractions, Province of Rome, /Attractions-g2260692-Activities-Riofreddo_Province_of_Rome_Lazio.html
Roccamandolfi attractions, Province of Isernia, /Attractions-g7306898-Activities-Roccamandolfi_Province_of_Isernia_Molise.html
Corteolona attractions, Province of Pavia, /Attractions-g2260777-Activities-Corteolona_Province_of_Pavia_Lombardy.html
Dare attractions, Province of Trento, /Attractions-g2539265-Activities-Dare_Province_of_Trento_Trentino_Alto_Adige.html
Andrate attractions, Province of Turin, /Attractions-g2015022-Activities-Andrate_Province_of_Turin_Piedmont.html
Cissone attractions, Province of Cuneo, /Attractions-g1916706-Activities-Cissone_Province_of_Cuneo_Piedmont.html
Vibonati attractions, Province of Salerno, /Attractions-g671562-Activities-Vibonati_Province_of_Salerno_Campania.html
Bevilacqua attractions, Province of Verona, /Attractions-g1785691-Activities-Bevilacqua_Province_of_Verona_Veneto.html
Sannicandro di Bari attractions, Province of Bari, /Attractions-g1081171-Activities-Sannicandro_di_Bari_Province_of_Bari_Puglia.html
Nocera Terinese attractions, Province of Catanzaro, /Attractions-g1081162-Activities-Nocera_Terinese_Province_of_Catanzaro_Calabria.html
Trasacco attractions, Province of L'Aquila, /Attractions-g1965981-Activities-Trasacco_Province_of_L_Aquila_Abruzzo.html
Massino Visconti attractions, Province of Novara, /Attractions-g1081256-Activities-Massino_Visconti_Province_of_Novara_Piedmont.html
Chienes attractions, Province of South Tyrol, /Attractions-g1081261-Activities-Chienes_Province_of_South_Tyrol_Trentino_Alto_Adige.html
Cuceglio attractions, Province of Turin, /Attractions-g1490898-Activities-Cuceglio_Province_of_Turin_Piedmont.html
Trentinara attractions, Cilento and Vallo di Diano National Park, /Attractions-g1490905-Activities-Trentinara_Cilento_and_Vallo_di_Diano_National_Park_Province_of_Salerno_Campania.html
Paupisi attractions, Province of Benevento, /Attractions-g3833818-Activities-Paupisi_Province_of_Benevento_Campania.html
Claviere attractions, Province of Turin, /Attractions-g671730-Activities-Claviere_Province_of_Turin_Piedmont.html
Arqua Polesine attractions, Province of Rovigo, /Attractions-g2015259-Activities-Arqua_Polesine_Province_of_Rovigo_Veneto.html
Sissa attractions, Province of Parma, /Attractions-g1933372-Activities-Sissa_Province_of_Parma_Emilia_Romagna.html
Mendatica attractions, Province of Imperia, /Attractions-g1572925-Activities-Mendatica_Province_of_Imperia_Liguria.html
Mirto attractions, Province of Cosenza, /Attractions-g3145754-Activities-Mirto_Province_of_Cosenza_Calabria.html
Castelverde attractions, Province of Cremona, /Attractions-g1933352-Activities-Castelverde_Province_of_Cremona_Lombardy.html
Ternate attractions, Province of Varese, /Attractions-g1081429-Activities-Ternate_Province_of_Varese_Lombardy.html
Monticelli d'Ongina attractions, Province of Piacenza, /Attractions-g1966160-Activities-Monticelli_d_Ongina_Province_of_Piacenza_Emilia_Romagna.html
Usmate Velate attractions, Province of Monza and Brianza, /Attractions-g1081456-Activities-Usmate_Velate_Province_of_Monza_and_Brianza_Lombardy.html
San Paulo Albanese attractions, Province of Potenza, /Attractions-g10518726-Activities-San_Paulo_Albanese_Province_of_Potenza_Basilicata.html
Casale Marittimo attractions, Province of Pisa, /Attractions-g1179750-Activities-Casale_Marittimo_Province_of_Pisa_Tuscany.html
Macello attractions, Province of Turin, /Attractions-g19743140-Activities-Macello_Province_of_Turin_Piedmont.html
Lozio attractions, Province of Brescia, /Attractions-g3244221-Activities-Lozio_Province_of_Brescia_Lombardy.html
San Nicolo'gerrei attractions, Province of Cagliari, /Attractions-g4014235-Activities-San_Nicolo_gerrei_Province_of_Cagliari_Sardinia.html
Lozzolo attractions, Province of Vercelli, /Attractions-g19186119-Activities-Lozzolo_Province_of_Vercelli_Piedmont.html
Fontanarosa attractions, Province of Avellino, /Attractions-g3703005-Activities-Fontanarosa_Province_of_Avellino_Campania.html
Palanzano attractions, Province of Parma, /Attractions-g7815536-Activities-Palanzano_Province_of_Parma_Emilia_Romagna.html
Carrosio attractions, Province of Alessandria, /Attractions-g2654484-Activities-Carrosio_Province_of_Alessandria_Piedmont.html
Turrivalignani attractions, Province of Pescara, /Attractions-g2359658-Activities-Turrivalignani_Province_of_Pescara_Abruzzo.html
Laino Castello attractions, Province of Cosenza, /Attractions-g15221180-Activities-Laino_Castello_Province_of_Cosenza_Calabria.html
Limosano attractions, Province of Campobasso, /Attractions-g7241997-Activities-Limosano_Province_of_Campobasso_Molise.html
Sant'Antonio di Mavignola attractions, Province of Trento, /Attractions-g1425766-Activities-Sant_Antonio_di_Mavignola_Province_of_Trento_Trentino_Alto_Adige.html
