province_name, region_name, province_url
Genola attractions, Province of Cuneo, /Attractions-g2136963-Activities-Genola_Province_of_Cuneo_Piedmont.html
Roure attractions, Province of Turin, /Attractions-g2530187-Activities-Roure_Province_of_Turin_Piedmont.html
Rovellasca attractions, Province of Como, /Attractions-g2251661-Activities-Rovellasca_Province_of_Como_Lombardy.html
Ranzanico attractions, Province of Bergamo, /Attractions-g2202519-Activities-Ranzanico_Province_of_Bergamo_Lombardy.html
Pozzaglio ed Uniti attractions, Province of Cremona, /Attractions-g7019474-Activities-Pozzaglio_ed_Uniti_Province_of_Cremona_Lombardy.html
Piana Crixia attractions, Province of Savona, /Attractions-g2136986-Activities-Piana_Crixia_Province_of_Savona_Liguria.html
Sezzadio attractions, Province of Alessandria, /Attractions-g2186233-Activities-Sezzadio_Province_of_Alessandria_Piedmont.html
Varco Sabino attractions, Province of Rieti, /Attractions-g2251712-Activities-Varco_Sabino_Province_of_Rieti_Lazio.html
Joppolo Giancaxio attractions, Province of Agrigento, /Attractions-g2464706-Activities-Joppolo_Giancaxio_Province_of_Agrigento_Sicily.html
Paruzzaro attractions, Province of Novara, /Attractions-g4987829-Activities-Paruzzaro_Province_of_Novara_Piedmont.html
Fontanelice attractions, Province of Bologna, /Attractions-g2251736-Activities-Fontanelice_Province_of_Bologna_Emilia_Romagna.html
Bardineto attractions, Province of Savona, /Attractions-g2530266-Activities-Bardineto_Province_of_Savona_Liguria.html
Bajardo attractions, Italian Riviera, /Attractions-g1842177-Activities-Bajardo_Italian_Riviera_Liguria.html
Berchidda attractions, Province of Olbia-Tempio, /Attractions-g1137752-Activities-Berchidda_Province_of_Olbia_Tempio_Sardinia.html
Frangarto attractions, Province of South Tyrol, /Attractions-g4037747-Activities-Frangarto_Province_of_South_Tyrol_Trentino_Alto_Adige.html
Plaus attractions, Province of South Tyrol, /Attractions-g1186888-Activities-Plaus_Province_of_South_Tyrol_Trentino_Alto_Adige.html
Fiumedinisi attractions, Province of Messina, /Attractions-g793705-Activities-Fiumedinisi_Province_of_Messina_Sicily.html
Fortunago attractions, Province of Pavia, /Attractions-g1809507-Activities-Fortunago_Province_of_Pavia_Lombardy.html
San Giorgio Piacentino attractions, Province of Piacenza, /Attractions-g2399322-Activities-San_Giorgio_Piacentino_Province_of_Piacenza_Emilia_Romagna.html
Corleto Perticara attractions, Province of Potenza, /Attractions-g4971766-Activities-Corleto_Perticara_Province_of_Potenza_Basilicata.html
Monte Porzio attractions, Province of Pesaro and Urbino, /Attractions-g1596659-Activities-Monte_Porzio_Province_of_Pesaro_and_Urbino_Marche.html
Danta di Cadore attractions, Province of Belluno, /Attractions-g3448000-Activities-Danta_di_Cadore_Province_of_Belluno_Veneto.html
Villanova Monteleone attractions, Province of Sassari, /Attractions-g1924369-Activities-Villanova_Monteleone_Province_of_Sassari_Sardinia.html
Busche attractions, Province of Belluno, /Attractions-g5496131-Activities-Busche_Province_of_Belluno_Veneto.html
Campolattaro attractions, Province of Benevento, /Attractions-g5561714-Activities-Campolattaro_Province_of_Benevento_Campania.html
Sparanise attractions, Province of Caserta, /Attractions-g12312052-Activities-Sparanise_Province_of_Caserta_Campania.html
Montaldeo attractions, Province of Alessandria, /Attractions-g7806242-Activities-Montaldeo_Province_of_Alessandria_Piedmont.html
Poggiorsini attractions, Province of Bari, /Attractions-g1514877-Activities-Poggiorsini_Province_of_Bari_Puglia.html
Forni di Sotto attractions, Province of Udine, /Attractions-g7134493-Activities-Forni_di_Sotto_Province_of_Udine_Friuli_Venezia_Giulia.html
Marcelli di Numana attractions, Province of Ancona, /Attractions-g1187204-Activities-Marcelli_di_Numana_Province_of_Ancona_Marche.html
Villanova d'Albenga attractions, Italian Riviera, /Attractions-g1187249-Activities-Villanova_d_Albenga_Italian_Riviera_Liguria.html
Borgo Velino attractions, Province of Rieti, /Attractions-g12803430-Activities-Borgo_Velino_Province_of_Rieti_Lazio.html
Selva dei Molini attractions, Province of South Tyrol, /Attractions-g1187246-Activities-Selva_dei_Molini_Province_of_South_Tyrol_Trentino_Alto_Adige.html
Montedoro attractions, Province of Caltanissetta, /Attractions-g5561749-Activities-Montedoro_Province_of_Caltanissetta_Sicily.html
Irgoli attractions, Province of Nuoro, /Attractions-g1924565-Activities-Irgoli_Province_of_Nuoro_Sardinia.html
Viale attractions, Province of Asti, /Attractions-g12475734-Activities-Viale_Province_of_Asti_Piedmont.html
Rossa attractions, Province of Vercelli, /Attractions-g3595742-Activities-Rossa_Province_of_Vercelli_Piedmont.html
Longano attractions, Province of Isernia, /Attractions-g5561775-Activities-Longano_Province_of_Isernia_Molise.html
Roddino attractions, Province of Cuneo, /Attractions-g1941004-Activities-Roddino_Province_of_Cuneo_Piedmont.html
San Bartolomeo Val Cavargna attractions, Province of Como, /Attractions-g19816222-Activities-San_Bartolomeo_Val_Cavargna_Province_of_Como_Lombardy.html
Vallada Agordina attractions, Province of Belluno, /Attractions-g7855680-Activities-Vallada_Agordina_Province_of_Belluno_Veneto.html
Filignano attractions, Province of Isernia, /Attractions-g1973843-Activities-Filignano_Province_of_Isernia_Molise.html
San Tomaso Agordino attractions, Province of Belluno, /Attractions-g7855663-Activities-San_Tomaso_Agordino_Province_of_Belluno_Veneto.html
Montemitro attractions, Province of Campobasso, /Attractions-g1973828-Activities-Montemitro_Province_of_Campobasso_Molise.html
San Nicolo di Comelico attractions, Province of Belluno, /Attractions-g7855660-Activities-San_Nicolo_di_Comelico_Province_of_Belluno_Veneto.html
Porto Tricase attractions, Province of Lecce, /Attractions-g1924729-Activities-Porto_Tricase_Province_of_Lecce_Puglia.html
Varzo attractions, Province of Verbano-Cusio-Ossola, /Attractions-g1924728-Activities-Varzo_Province_of_Verbano_Cusio_Ossola_Piedmont.html
Cineto Romano attractions, Province of Rome, /Attractions-g12689072-Activities-Cineto_Romano_Province_of_Rome_Lazio.html
Vallerotonda attractions, Province of Frosinone, /Attractions-g2530896-Activities-Vallerotonda_Province_of_Frosinone_Lazio.html
Carpignano Sesia attractions, Province of Novara, /Attractions-g2088583-Activities-Carpignano_Sesia_Province_of_Novara_Piedmont.html
