province_name, region_name, province_url
Invorio attractions, Province of Novara, /Attractions-g2050034-Activities-Invorio_Province_of_Novara_Piedmont.html
Chamois attractions, Valle d'Aosta, /Attractions-g1574938-Activities-Chamois_Valle_d_Aosta.html
Castel Mella attractions, Province of Brescia, /Attractions-g1574964-Activities-Castel_Mella_Province_of_Brescia_Lombardy.html
Montegrosso d'Asti attractions, Province of Asti, /Attractions-g1574945-Activities-Montegrosso_d_Asti_Province_of_Asti_Piedmont.html
Bernate Ticino attractions, Province of Milan, /Attractions-g1574951-Activities-Bernate_Ticino_Province_of_Milan_Lombardy.html
Campomaggiore attractions, Province of Potenza, /Attractions-g5556258-Activities-Campomaggiore_Province_of_Potenza_Basilicata.html
Saltusio attractions, Province of South Tyrol, /Attractions-g1575008-Activities-Saltusio_Province_of_South_Tyrol_Trentino_Alto_Adige.html
Falciano del Massico attractions, Province of Caserta, /Attractions-g1575048-Activities-Falciano_del_Massico_Province_of_Caserta_Campania.html
Pontevico attractions, Province of Brescia, /Attractions-g2214022-Activities-Pontevico_Province_of_Brescia_Lombardy.html
Esino Lario attractions, Lake Como, /Attractions-g3180685-Activities-Esino_Lario_Lake_Como_Lombardy.html
Castelnuovo Scrivia attractions, Province of Alessandria, /Attractions-g2689313-Activities-Castelnuovo_Scrivia_Province_of_Alessandria_Piedmont.html
Salento attractions, Province of Salerno, /Attractions-g3475752-Activities-Salento_Province_of_Salerno_Campania.html
San Canzian d'Isonzo attractions, Province of Gorizia, /Attractions-g1771832-Activities-San_Canzian_d_Isonzo_Province_of_Gorizia_Friuli_Venezia_Giulia.html
Castelletto d'Erro attractions, Province of Alessandria, /Attractions-g6375749-Activities-Castelletto_d_Erro_Province_of_Alessandria_Piedmont.html
Talla attractions, Province of Arezzo, /Attractions-g1526078-Activities-Talla_Province_of_Arezzo_Tuscany.html
Chiaromonte attractions, Province of Potenza, /Attractions-g2509177-Activities-Chiaromonte_Province_of_Potenza_Basilicata.html
Meduna di Livenza attractions, Province of Treviso, /Attractions-g1526123-Activities-Meduna_di_Livenza_Province_of_Treviso_Veneto.html
Montecchia di Crosara attractions, Province of Verona, /Attractions-g2083211-Activities-Montecchia_di_Crosara_Province_of_Verona_Veneto.html
San Sebastiano da Po attractions, Province of Turin, /Attractions-g887230-Activities-San_Sebastiano_da_Po_Province_of_Turin_Piedmont.html
Motta Santa Lucia attractions, Province of Catanzaro, /Attractions-g3475953-Activities-Motta_Santa_Lucia_Province_of_Catanzaro_Calabria.html
San Giovanni Lipioni attractions, Province of Chieti, /Attractions-g14108958-Activities-San_Giovanni_Lipioni_Province_of_Chieti_Abruzzo.html
Sant'Agata Bolognese attractions, Province of Bologna, /Attractions-g2034170-Activities-Sant_Agata_Bolognese_Province_of_Bologna_Emilia_Romagna.html
Pergine Valdarno attractions, Province of Arezzo, /Attractions-g887270-Activities-Pergine_Valdarno_Province_of_Arezzo_Tuscany.html
San Pietro in Cerro attractions, Province of Piacenza, /Attractions-g1444446-Activities-San_Pietro_in_Cerro_Province_of_Piacenza_Emilia_Romagna.html
Bedizzole attractions, Province of Brescia, /Attractions-g1051202-Activities-Bedizzole_Province_of_Brescia_Lombardy.html
Servigliano attractions, Province of Fermo, /Attractions-g1952360-Activities-Servigliano_Province_of_Fermo_Marche.html
Trezzano sul Naviglio attractions, Province of Milan, /Attractions-g608897-Activities-Trezzano_sul_Naviglio_Province_of_Milan_Lombardy.html
San Vittorino attractions, Province of L'Aquila, /Attractions-g9456131-Activities-San_Vittorino_Province_of_L_Aquila_Abruzzo.html
Montano Lucino attractions, Province of Como, /Attractions-g1936032-Activities-Montano_Lucino_Province_of_Como_Lombardy.html
Collio attractions, Province of Brescia, /Attractions-g1182492-Activities-Collio_Province_of_Brescia_Lombardy.html
Pelugo attractions, Province of Trento, /Attractions-g11946886-Activities-Pelugo_Province_of_Trento_Trentino_Alto_Adige.html
Badia Tedalda attractions, Province of Arezzo, /Attractions-g1985354-Activities-Badia_Tedalda_Province_of_Arezzo_Tuscany.html
Santo Stefano d'Aveto attractions, Province of Genoa, /Attractions-g1379144-Activities-Santo_Stefano_d_Aveto_Province_of_Genoa_Liguria.html
Gaiba attractions, Province of Rovigo, /Attractions-g1772461-Activities-Gaiba_Province_of_Rovigo_Veneto.html
Santa Caterina dello Ionio attractions, Province of Catanzaro, /Attractions-g1067947-Activities-Santa_Caterina_dello_Ionio_Province_of_Catanzaro_Calabria.html
Montelupo Albese attractions, Province of Cuneo, /Attractions-g1231883-Activities-Montelupo_Albese_Province_of_Cuneo_Piedmont.html
Tione di Trento attractions, Province of Trento, /Attractions-g1526830-Activities-Tione_di_Trento_Province_of_Trento_Trentino_Alto_Adige.html
Cadrezzate con Osmate attractions, Province of Varese, /Attractions-g21024047-Activities-Cadrezzate_con_Osmate_Province_of_Varese_Lombardy.html
Apiro attractions, Province of Macerata, /Attractions-g642177-Activities-Apiro_Province_of_Macerata_Marche.html
Poggioreale attractions, Province of Trapani, /Attractions-g6819047-Activities-Poggioreale_Province_of_Trapani_Sicily.html
Tavernerio attractions, Lake Como, /Attractions-g2100354-Activities-Tavernerio_Lake_Como_Lombardy.html
Casignana attractions, Province of Reggio Calabria, /Attractions-g2100359-Activities-Casignana_Province_of_Reggio_Calabria_Calabria.html
Casperia attractions, Province of Rieti, /Attractions-g1199275-Activities-Casperia_Province_of_Rieti_Lazio.html
Principina a Mare attractions, Province of Grosseto, /Attractions-g1182930-Activities-Principina_a_Mare_Province_of_Grosseto_Tuscany.html
Bellante attractions, Province of Teramo, /Attractions-g3198167-Activities-Bellante_Province_of_Teramo_Abruzzo.html
Villasalto attractions, Province of Cagliari, /Attractions-g2510100-Activities-Villasalto_Province_of_Cagliari_Sardinia.html
Succivo attractions, Province of Caserta, /Attractions-g5508396-Activities-Succivo_Province_of_Caserta_Campania.html
Viddalba attractions, Province of Sassari, /Attractions-g1478092-Activities-Viddalba_Province_of_Sassari_Sardinia.html
Bagnoli di Sopra attractions, Province of Padua, /Attractions-g3247599-Activities-Bagnoli_di_Sopra_Province_of_Padua_Veneto.html
Spormaggiore attractions, Province of Trento, /Attractions-g3247581-Activities-Spormaggiore_Province_of_Trento_Trentino_Alto_Adige.html
