province_name, region_name, province_url
Bersezio attractions, Province of Cuneo, /Attractions-g8780862-Activities-Bersezio_Province_of_Cuneo_Piedmont.html
Vergonzana attractions, Province of Cremona, /Attractions-g2669718-Activities-Vergonzana_Province_of_Cremona_Lombardy.html
Diano Arentino attractions, Italian Riviera, /Attractions-g2522341-Activities-Diano_Arentino_Italian_Riviera_Liguria.html
Racchiuso attractions, Province of Udine, /Attractions-g2407669-Activities-Racchiuso_Province_of_Udine_Friuli_Venezia_Giulia.html
Cadelbosco di Sotto attractions, Province of Reggio Emilia, /Attractions-g1457358-Activities-Cadelbosco_di_Sotto_Province_of_Reggio_Emilia_Emilia_Romagna.html
Rivarossa attractions, Province of Turin, /Attractions-g2358466-Activities-Rivarossa_Province_of_Turin_Piedmont.html
Pescosolido attractions, Province of Frosinone, /Attractions-g1391862-Activities-Pescosolido_Province_of_Frosinone_Lazio.html
Palazzo del Pero attractions, Province of Arezzo, /Attractions-g6487183-Activities-Palazzo_del_Pero_Province_of_Arezzo_Tuscany.html
Cervicati attractions, Province of Cosenza, /Attractions-g23002534-Activities-Cervicati_Province_of_Cosenza_Calabria.html
Vione attractions, Province of Brescia, /Attractions-g1522921-Activities-Vione_Province_of_Brescia_Lombardy.html
Luignano attractions, Province of Cremona, /Attractions-g12811718-Activities-Luignano_Province_of_Cremona_Lombardy.html
Asigliano Veneto attractions, Province of Vicenza, /Attractions-g12811737-Activities-Asigliano_Veneto_Province_of_Vicenza_Veneto.html
Brenna attractions, Lake Como, /Attractions-g15105532-Activities-Brenna_Lake_Como_Lombardy.html
Valleve attractions, Province of Bergamo, /Attractions-g2374919-Activities-Valleve_Province_of_Bergamo_Lombardy.html
Semelano di Sotto attractions, Province of Modena, /Attractions-g2374927-Activities-Semelano_di_Sotto_Province_of_Modena_Emilia_Romagna.html
Petina attractions, Province of Salerno, /Attractions-g2407691-Activities-Petina_Province_of_Salerno_Campania.html
Collemeto attractions, Province of Lecce, /Attractions-g12664305-Activities-Collemeto_Province_of_Lecce_Puglia.html
Brovello-Carpugnino attractions, Province of Verbano-Cusio-Ossola, /Attractions-g15695324-Activities-Brovello_Carpugnino_Province_of_Verbano_Cusio_Ossola_Piedmont.html
Borgarello attractions, Province of Pavia, /Attractions-g2374940-Activities-Borgarello_Province_of_Pavia_Lombardy.html
San Martino Olearo attractions, Province of Milan, /Attractions-g2407709-Activities-San_Martino_Olearo_Province_of_Milan_Lombardy.html
Bolognola attractions, Province of Pavia, /Attractions-g17398911-Activities-Bolognola_Province_of_Pavia_Lombardy.html
Denice attractions, Province of Alessandria, /Attractions-g3374501-Activities-Denice_Province_of_Alessandria_Piedmont.html
Corio attractions, Province of Turin, /Attractions-g2276792-Activities-Corio_Province_of_Turin_Piedmont.html
Carnate attractions, Province of Monza and Brianza, /Attractions-g2375102-Activities-Carnate_Province_of_Monza_and_Brianza_Lombardy.html
Aci Bonaccorsi attractions, Province of Catania, /Attractions-g2440577-Activities-Aci_Bonaccorsi_Province_of_Catania_Sicily.html
Nogarole Vicentino attractions, Province of Vicenza, /Attractions-g2194839-Activities-Nogarole_Vicentino_Province_of_Vicenza_Veneto.html
Perticara attractions, Province of Rimini, /Attractions-g3374474-Activities-Perticara_Province_of_Rimini_Emilia_Romagna.html
Cremella attractions, Province of Lecco, /Attractions-g1572309-Activities-Cremella_Province_of_Lecco_Lombardy.html
Abbiadori attractions, Province of Olbia-Tempio, /Attractions-g1572305-Activities-Abbiadori_Province_of_Olbia_Tempio_Sardinia.html
Bolca attractions, Province of Verona, /Attractions-g4799886-Activities-Bolca_Province_of_Verona_Veneto.html
Pompu attractions, Province of Oristano, /Attractions-g4832665-Activities-Pompu_Province_of_Oristano_Sardinia.html
Fresonara attractions, Province of Alessandria, /Attractions-g4504985-Activities-Fresonara_Province_of_Alessandria_Piedmont.html
Albaretto della Torre attractions, Province of Cuneo, /Attractions-g1785336-Activities-Albaretto_della_Torre_Province_of_Cuneo_Piedmont.html
Roccavione attractions, Province of Cuneo, /Attractions-g6913641-Activities-Roccavione_Province_of_Cuneo_Piedmont.html
Boffalora d'Adda attractions, Province of Lodi, /Attractions-g6913660-Activities-Boffalora_d_Adda_Province_of_Lodi_Lombardy.html
Miano attractions, Province of Teramo, /Attractions-g982568-Activities-Miano_Province_of_Teramo_Abruzzo.html
Romagnano al Monte attractions, Province of Salerno, /Attractions-g21331824-Activities-Romagnano_al_Monte_Province_of_Salerno_Campania.html
San Vito Sullo Ionio attractions, Province of Catanzaro, /Attractions-g14089965-Activities-San_Vito_Sullo_Ionio_Province_of_Catanzaro_Calabria.html
Marcignago attractions, Province of Pavia, /Attractions-g8683208-Activities-Marcignago_Province_of_Pavia_Lombardy.html
Castiglione della Valle attractions, Province of Perugia, /Attractions-g1195586-Activities-Castiglione_della_Valle_Province_of_Perugia_Umbria.html
Azoglio attractions, Province of Biella, /Attractions-g15105687-Activities-Azoglio_Province_of_Biella_Piedmont.html
Maiera attractions, Province of Cosenza, /Attractions-g1392276-Activities-Maiera_Province_of_Cosenza_Calabria.html
Longobucco attractions, Province of Cosenza, /Attractions-g1392279-Activities-Longobucco_Province_of_Cosenza_Calabria.html
Marina di Fuscaldo attractions, Province of Cosenza, /Attractions-g1392273-Activities-Marina_di_Fuscaldo_Province_of_Cosenza_Calabria.html
Villa Latina attractions, Province of Frosinone, /Attractions-g12123701-Activities-Villa_Latina_Province_of_Frosinone_Lazio.html
Quattropani attractions, Lipari, /Attractions-g12664417-Activities-Quattropani_Lipari_Aeolian_Islands_Islands_of_Sicily_Sicily.html
Castelnuovo Bocca D'Adda attractions, Province of Lodi, /Attractions-g14057084-Activities-Castelnuovo_Bocca_D_Adda_Province_of_Lodi_Lombardy.html
Epinel attractions, Valle d'Aosta, /Attractions-g17678262-Activities-Epinel_Valle_d_Aosta.html
Polia attractions, Province of Vibo Valentia, /Attractions-g15105627-Activities-Polia_Province_of_Vibo_Valentia_Calabria.html
Vallenquina attractions, Province of Teramo, /Attractions-g12058212-Activities-Vallenquina_Province_of_Teramo_Abruzzo.html
