province_name, region_name, province_url
Oltrona di San Mamette attractions, Province of Como, /Attractions-g2551964-Activities-Oltrona_di_San_Mamette_Province_of_Como_Lombardy.html
Masainas attractions, Province of Carbonia-Iglesias, /Attractions-g4878478-Activities-Masainas_Province_of_Carbonia_Iglesias_Sardinia.html
Albaredo per San Marco attractions, Province of Sondrio, /Attractions-g2552002-Activities-Albaredo_per_San_Marco_Province_of_Sondrio_Lombardy.html
Gaiola attractions, Province of Cuneo, /Attractions-g1077503-Activities-Gaiola_Province_of_Cuneo_Piedmont.html
Bobbio Pellice attractions, Province of Turin, /Attractions-g2207966-Activities-Bobbio_Pellice_Province_of_Turin_Piedmont.html
Celico attractions, Province of Cosenza, /Attractions-g2634040-Activities-Celico_Province_of_Cosenza_Calabria.html
Vescovana attractions, Province of Padua, /Attractions-g1061121-Activities-Vescovana_Province_of_Padua_Veneto.html
Gragnano Trebbiense attractions, Province of Piacenza, /Attractions-g3174689-Activities-Gragnano_Trebbiense_Province_of_Piacenza_Emilia_Romagna.html
Torre d'Isola attractions, Province of Pavia, /Attractions-g2060603-Activities-Torre_d_Isola_Province_of_Pavia_Lombardy.html
Gallinaro attractions, Province of Frosinone, /Attractions-g2634013-Activities-Gallinaro_Province_of_Frosinone_Lazio.html
Savignano Irpino attractions, Province of Avellino, /Attractions-g3813636-Activities-Savignano_Irpino_Province_of_Avellino_Campania.html
Credaro attractions, Province of Bergamo, /Attractions-g2634108-Activities-Credaro_Province_of_Bergamo_Lombardy.html
Arizzano attractions, Province of Verbano-Cusio-Ossola, /Attractions-g3174759-Activities-Arizzano_Province_of_Verbano_Cusio_Ossola_Piedmont.html
Cartigliano attractions, Province of Vicenza, /Attractions-g2634100-Activities-Cartigliano_Province_of_Vicenza_Veneto.html
Rocca San Felice attractions, Province of Avellino, /Attractions-g2552184-Activities-Rocca_San_Felice_Province_of_Avellino_Campania.html
Stimigliano attractions, Province of Rieti, /Attractions-g3174739-Activities-Stimigliano_Province_of_Rieti_Lazio.html
Lingueglietta attractions, Province of Imperia, /Attractions-g4583720-Activities-Lingueglietta_Province_of_Imperia_Liguria.html
Verceia attractions, Province of Sondrio, /Attractions-g1405292-Activities-Verceia_Province_of_Sondrio_Lombardy.html
Veglio attractions, Province of Biella, /Attractions-g12857791-Activities-Veglio_Province_of_Biella_Piedmont.html
Calolziocorte attractions, Province of Lecco, /Attractions-g1405289-Activities-Calolziocorte_Province_of_Lecco_Lombardy.html
Bivona attractions, Province of Agrigento, /Attractions-g6599163-Activities-Bivona_Province_of_Agrigento_Sicily.html
Zollino attractions, Province of Lecce, /Attractions-g2552203-Activities-Zollino_Province_of_Lecce_Puglia.html
Givoletto attractions, Province of Turin, /Attractions-g2552200-Activities-Givoletto_Province_of_Turin_Piedmont.html
Nocara attractions, Province of Cosenza, /Attractions-g7008732-Activities-Nocara_Province_of_Cosenza_Calabria.html
Pressana attractions, Province of Verona, /Attractions-g4174213-Activities-Pressana_Province_of_Verona_Veneto.html
Oliveto Lucano attractions, Province of Matera, /Attractions-g1929722-Activities-Oliveto_Lucano_Province_of_Matera_Basilicata.html
Piatto attractions, Province of Biella, /Attractions-g5288353-Activities-Piatto_Province_of_Biella_Piedmont.html
Ospedaletto d'Alpinolo attractions, Province of Avellino, /Attractions-g1028605-Activities-Ospedaletto_d_Alpinolo_Province_of_Avellino_Campania.html
San Massimo attractions, Province of Campobasso, /Attractions-g1929710-Activities-San_Massimo_Province_of_Campobasso_Molise.html
Cambiasca attractions, Province of Verbano-Cusio-Ossola, /Attractions-g2208220-Activities-Cambiasca_Province_of_Verbano_Cusio_Ossola_Piedmont.html
Bubbiano attractions, Province of Milan, /Attractions-g7729789-Activities-Bubbiano_Province_of_Milan_Lombardy.html
Semproniano attractions, Province of Grosseto, /Attractions-g1028615-Activities-Semproniano_Province_of_Grosseto_Tuscany.html
Giungano attractions, Cilento and Vallo di Diano National Park, /Attractions-g1798677-Activities-Giungano_Cilento_and_Vallo_di_Diano_National_Park_Province_of_Salerno_Campania.html
San Paolo di Jesi attractions, Province of Ancona, /Attractions-g10367627-Activities-San_Paolo_di_Jesi_Province_of_Ancona_Marche.html
Rosia attractions, Province of Siena, /Attractions-g668221-Activities-Rosia_Tuscany.html
Rasura attractions, Province of Sondrio, /Attractions-g1929767-Activities-Rasura_Province_of_Sondrio_Lombardy.html
Grandate attractions, Province of Como, /Attractions-g1143386-Activities-Grandate_Province_of_Como_Lombardy.html
Santomato attractions, Province of Pistoia, /Attractions-g6484487-Activities-Santomato_Province_of_Pistoia_Tuscany.html
Castel Castagna attractions, Province of Teramo, /Attractions-g2601546-Activities-Castel_Castagna_Province_of_Teramo_Abruzzo.html
Filandari attractions, Province of Vibo Valentia, /Attractions-g2667185-Activities-Filandari_Province_of_Vibo_Valentia_Calabria.html
Ripalta Cremasca attractions, Province of Cremona, /Attractions-g1749677-Activities-Ripalta_Cremasca_Province_of_Cremona_Lombardy.html
Levice attractions, Province of Cuneo, /Attractions-g3830524-Activities-Levice_Province_of_Cuneo_Piedmont.html
Capraia e Limite attractions, Province of Florence, /Attractions-g1077974-Activities-Capraia_e_Limite_Tuscany.html
San Giorgio Scarampi attractions, Province of Asti, /Attractions-g1749725-Activities-San_Giorgio_Scarampi_Province_of_Asti_Piedmont.html
Gorzegno attractions, Province of Cuneo, /Attractions-g3830514-Activities-Gorzegno_Province_of_Cuneo_Piedmont.html
Villar Pellice attractions, Province of Turin, /Attractions-g2044630-Activities-Villar_Pellice_Province_of_Turin_Piedmont.html
San Martino del Carso attractions, Province of Gorizia, /Attractions-g5321344-Activities-San_Martino_del_Carso_Province_of_Gorizia_Friuli_Venezia_Giulia.html
Torretta attractions, Province of Crotone, /Attractions-g4600465-Activities-Torretta_Province_of_Crotone_Calabria.html
Pignone attractions, Province of La Spezia, /Attractions-g651985-Activities-Pignone_Province_of_La_Spezia_Liguria.html
Scalenghe attractions, Province of Turin, /Attractions-g3240686-Activities-Scalenghe_Province_of_Turin_Piedmont.html
