province_name, region_name, province_url
Labico attractions, Province of Rome, /Attractions-g2518616-Activities-Labico_Province_of_Rome_Lazio.html
Longhena attractions, Province of Brescia, /Attractions-g3485373-Activities-Longhena_Province_of_Brescia_Lombardy.html
La Forma attractions, Province of Frosinone, /Attractions-g8138487-Activities-La_Forma_Province_of_Frosinone_Lazio.html
Cavaglio d'Agogna attractions, Province of Novara, /Attractions-g7352037-Activities-Cavaglio_d_Agogna_Province_of_Novara_Piedmont.html
Oldenico attractions, Province of Vercelli, /Attractions-g15035972-Activities-Oldenico_Province_of_Vercelli_Piedmont.html
Godrano attractions, Province of Palermo, /Attractions-g1076899-Activities-Godrano_Province_of_Palermo_Sicily.html
Pavone Canavese attractions, Province of Turin, /Attractions-g1076902-Activities-Pavone_Canavese_Province_of_Turin_Piedmont.html
Ello attractions, Province of Lecco, /Attractions-g2600592-Activities-Ello_Province_of_Lecco_Lombardy.html
Salara attractions, Province of Rovigo, /Attractions-g20099062-Activities-Salara_Province_of_Rovigo_Veneto.html
Piano attractions, Province of Rovigo, /Attractions-g21229463-Activities-Piano_Province_of_Rovigo_Veneto.html
Trasquera attractions, Province of Verbano-Cusio-Ossola, /Attractions-g1486531-Activities-Trasquera_Province_of_Verbano_Cusio_Ossola_Piedmont.html
Comun Nuovo attractions, Province of Bergamo, /Attractions-g3665641-Activities-Comun_Nuovo_Province_of_Bergamo_Lombardy.html
Tonfano attractions, Province of Lucca, /Attractions-g1486536-Activities-Tonfano_Province_of_Lucca_Tuscany.html
Derovere attractions, Province of Cremona, /Attractions-g20262853-Activities-Derovere_Province_of_Cremona_Lombardy.html
Urago Mella attractions, Province of Brescia, /Attractions-g2617052-Activities-Urago_Mella_Province_of_Brescia_Lombardy.html
Torre San Patrizio attractions, Province of Fermo, /Attractions-g2338593-Activities-Torre_San_Patrizio_Province_of_Fermo_Marche.html
Bottenicco attractions, Province of Udine, /Attractions-g8417170-Activities-Bottenicco_Province_of_Udine_Friuli_Venezia_Giulia.html
Marina di Sorso attractions, Province of Sassari, /Attractions-g2338608-Activities-Marina_di_Sorso_Province_of_Sassari_Sardinia.html
Montegiordano Marina attractions, Province of Cosenza, /Attractions-g21081695-Activities-Montegiordano_Marina_Province_of_Cosenza_Calabria.html
Sant'Ilario dello Ionio attractions, Province of Reggio Calabria, /Attractions-g5599089-Activities-Sant_Ilario_dello_Ionio_Province_of_Reggio_Calabria_Calabria.html
Spessa attractions, Province of Pavia, /Attractions-g6369093-Activities-Spessa_Province_of_Pavia_Lombardy.html
Pezzo attractions, Province of Brescia, /Attractions-g2338575-Activities-Pezzo_Province_of_Brescia_Lombardy.html
Sospiro attractions, Province of Cremona, /Attractions-g2338578-Activities-Sospiro_Province_of_Cremona_Lombardy.html
Fontanella-Ozino attractions, Province of Biella, /Attractions-g20999798-Activities-Fontanella_Ozino_Province_of_Biella_Piedmont.html
Tornata attractions, Province of Cremona, /Attractions-g21343865-Activities-Tornata_Province_of_Cremona_Lombardy.html
Acuto attractions, Province of Frosinone, /Attractions-g1568586-Activities-Acuto_Province_of_Frosinone_Lazio.html
Mammiano attractions, Province of Pistoia, /Attractions-g2305861-Activities-Mammiano_Province_of_Pistoia_Tuscany.html
Collinas attractions, Province of Medio Campidano, /Attractions-g1175397-Activities-Collinas_Province_of_Medio_Campidano_Sardinia.html
Boltiere attractions, Province of Bergamo, /Attractions-g1077100-Activities-Boltiere_Province_of_Bergamo_Lombardy.html
Lustignano attractions, Province of Pisa, /Attractions-g3780543-Activities-Lustignano_Province_of_Pisa_Tuscany.html
Saponara attractions, Province of Messina, /Attractions-g7008243-Activities-Saponara_Province_of_Messina_Sicily.html
Baraggione attractions, Province of Novara, /Attractions-g14004040-Activities-Baraggione_Province_of_Novara_Piedmont.html
Solero attractions, Province of Alessandria, /Attractions-g2469761-Activities-Solero_Province_of_Alessandria_Piedmont.html
Terruggia attractions, Province of Alessandria, /Attractions-g1961947-Activities-Terruggia_Province_of_Alessandria_Piedmont.html
Brosso attractions, Province of Turin, /Attractions-g3174375-Activities-Brosso_Province_of_Turin_Piedmont.html
Colli di Fontanelle attractions, Province of Naples, /Attractions-g6959025-Activities-Colli_di_Fontanelle_Province_of_Naples_Campania.html
Robecco d'Oglio attractions, Province of Cremona, /Attractions-g7909248-Activities-Robecco_d_Oglio_Province_of_Cremona_Lombardy.html
Caralte attractions, Province of Belluno, /Attractions-g3780544-Activities-Caralte_Province_of_Belluno_Veneto.html
Leni attractions, Isola di Salina, /Attractions-g1077226-Activities-Leni_Isola_di_Salina_Aeolian_Islands_Islands_of_Sicily_Sicily.html
Calopezzati attractions, Province of Cosenza, /Attractions-g1945605-Activities-Calopezzati_Province_of_Cosenza_Calabria.html
Lirio attractions, Province of Pavia, /Attractions-g6123590-Activities-Lirio_Province_of_Pavia_Lombardy.html
Pago Veiano attractions, Province of Benevento, /Attractions-g7008372-Activities-Pago_Veiano_Province_of_Benevento_Campania.html
Valmala attractions, Province of Cuneo, /Attractions-g3174512-Activities-Valmala_Province_of_Cuneo_Piedmont.html
Rogolo attractions, Province of Sondrio, /Attractions-g10367199-Activities-Rogolo_Province_of_Sondrio_Lombardy.html
Grone attractions, Province of Bergamo, /Attractions-g2551908-Activities-Grone_Province_of_Bergamo_Lombardy.html
Cornalba attractions, Province of Bergamo, /Attractions-g10367193-Activities-Cornalba_Province_of_Bergamo_Lombardy.html
Spinete attractions, Province of Campobasso, /Attractions-g21065996-Activities-Spinete_Province_of_Campobasso_Molise.html
San Martino in Strada attractions, Province of Lodi, /Attractions-g12972170-Activities-San_Martino_in_Strada_Province_of_Lodi_Lombardy.html
Monte Giberto attractions, Province of Fermo, /Attractions-g3174503-Activities-Monte_Giberto_Province_of_Fermo_Marche.html
Berra attractions, Province of Ferrara, /Attractions-g7237684-Activities-Berra_Province_of_Ferrara_Emilia_Romagna.html
