province_name, region_name, province_url
Castellonorato attractions, Province of Latina, /Attractions-g3656299-Activities-Castellonorato_Province_of_Latina_Lazio.html
Cerreto Grue attractions, Province of Alessandria, /Attractions-g4885015-Activities-Cerreto_Grue_Province_of_Alessandria_Piedmont.html
Bovolenta attractions, Province of Padua, /Attractions-g1051250-Activities-Bovolenta_Province_of_Padua_Veneto.html
Bossico attractions, Province of Bergamo, /Attractions-g1051246-Activities-Bossico_Province_of_Bergamo_Lombardy.html
Langosco attractions, Province of Pavia, /Attractions-g6228692-Activities-Langosco_Province_of_Pavia_Lombardy.html
Valgreghentino attractions, Province of Lecco, /Attractions-g3738270-Activities-Valgreghentino_Province_of_Lecco_Lombardy.html
Mura attractions, Province of Brescia, /Attractions-g6163193-Activities-Mura_Province_of_Brescia_Lombardy.html
Carbone attractions, Province of Potenza, /Attractions-g21318638-Activities-Carbone_Province_of_Potenza_Basilicata.html
Auditore attractions, Province of Pesaro and Urbino, /Attractions-g3590811-Activities-Auditore_Province_of_Pesaro_and_Urbino_Marche.html
Rapone attractions, Province of Potenza, /Attractions-g1411745-Activities-Rapone_Province_of_Potenza_Basilicata.html
Orotelli attractions, Province of Nuoro, /Attractions-g3738252-Activities-Orotelli_Province_of_Nuoro_Sardinia.html
Poggiodomo attractions, Province of Perugia, /Attractions-g7015127-Activities-Poggiodomo_Province_of_Perugia_Umbria.html
San Benedetto del Querceto attractions, Province of Bologna, /Attractions-g8473178-Activities-San_Benedetto_del_Querceto_Province_of_Bologna_Emilia_Romagna.html
Cerro Al Lambro attractions, Province of Milan, /Attractions-g3574583-Activities-Cerro_Al_Lambro_Province_of_Milan_Lombardy.html
Santa Lucia di Serino attractions, Province of Avellino, /Attractions-g7228273-Activities-Santa_Lucia_di_Serino_Province_of_Avellino_Campania.html
Corrido attractions, Province of Como, /Attractions-g17435231-Activities-Corrido_Province_of_Como_Lombardy.html
Torre Squillace attractions, Province of Lecce, /Attractions-g1379150-Activities-Torre_Squillace_Province_of_Lecce_Puglia.html
Avane attractions, Province of Pisa, /Attractions-g1772443-Activities-Avane_Province_of_Pisa_Tuscany.html
Guardia Piemontese Marina attractions, Province of Cosenza, /Attractions-g1969040-Activities-Guardia_Piemontese_Marina_Province_of_Cosenza_Calabria.html
Mantello attractions, Province of Sondrio, /Attractions-g1772423-Activities-Mantello_Province_of_Sondrio_Lombardy.html
Appignano del Tronto attractions, Province of Ascoli Piceno, /Attractions-g4115350-Activities-Appignano_del_Tronto_Province_of_Ascoli_Piceno_Marche.html
Ronsecco attractions, Province of Vercelli, /Attractions-g4590575-Activities-Ronsecco_Province_of_Vercelli_Piedmont.html
Cavanella Po attractions, Province of Rovigo, /Attractions-g8784702-Activities-Cavanella_Po_Province_of_Rovigo_Veneto.html
Avegno attractions, Province of Genoa, /Attractions-g2083792-Activities-Avegno_Province_of_Genoa_Liguria.html
Santa Lucia attractions, Province of Trento, /Attractions-g17844931-Activities-Santa_Lucia_Province_of_Trento_Trentino_Alto_Adige.html
Vernazzano Basso attractions, Province of Perugia, /Attractions-g1379322-Activities-Vernazzano_Basso_Province_of_Perugia_Umbria.html
Pozzo della Chiana attractions, Province of Arezzo, /Attractions-g16894707-Activities-Pozzo_della_Chiana_Province_of_Arezzo_Tuscany.html
La Storta attractions, Province of Rome, /Attractions-g16780022-Activities-La_Storta_Province_of_Rome_Lazio.html
La Massimina-Casal Lumbroso attractions, Province of Rome, /Attractions-g12946238-Activities-La_Massimina_Casal_Lumbroso_Province_of_Rome_Lazio.html
Ticengo attractions, Province of Cremona, /Attractions-g16747765-Activities-Ticengo_Province_of_Cremona_Lombardy.html
Ostigliano attractions, Province of Salerno, /Attractions-g3869737-Activities-Ostigliano_Province_of_Salerno_Campania.html
Serrungarina attractions, Province of Pesaro and Urbino, /Attractions-g1526836-Activities-Serrungarina_Province_of_Pesaro_and_Urbino_Marche.html
Livergnano attractions, Province of Bologna, /Attractions-g4770942-Activities-Livergnano_Province_of_Bologna_Emilia_Romagna.html
Castagnaro attractions, Province of Verona, /Attractions-g8473825-Activities-Castagnaro_Province_of_Verona_Veneto.html
Pisano attractions, Province of Novara, /Attractions-g5426225-Activities-Pisano_Province_of_Novara_Piedmont.html
Montaldo di Mondovi attractions, Province of Cuneo, /Attractions-g1985655-Activities-Montaldo_di_Mondovi_Province_of_Cuneo_Piedmont.html
Teora attractions, Province of Avellino, /Attractions-g7294207-Activities-Teora_Province_of_Avellino_Campania.html
Avacelli attractions, Province of Ancona, /Attractions-g2510003-Activities-Avacelli_Province_of_Ancona_Marche.html
Sant'Apollinare attractions, Province of Perugia, /Attractions-g1477760-Activities-Sant_Apollinare_Province_of_Perugia_Umbria.html
Conetta attractions, Province of Venice, /Attractions-g11930627-Activities-Conetta_Veneto.html
Canevino attractions, Province of Pavia, /Attractions-g3591308-Activities-Canevino_Province_of_Pavia_Lombardy.html
Denno attractions, Province of Trento, /Attractions-g3853446-Activities-Denno_Province_of_Trento_Trentino_Alto_Adige.html
San Paolo attractions, Province of South Tyrol, /Attractions-g1985755-Activities-San_Paolo_Province_of_South_Tyrol_Trentino_Alto_Adige.html
Montappone attractions, Province of Fermo, /Attractions-g6818990-Activities-Montappone_Province_of_Fermo_Marche.html
Tufo attractions, Province of Avellino, /Attractions-g3198204-Activities-Tufo_Province_of_Avellino_Campania.html
Gargallo attractions, Province of Novara, /Attractions-g10783812-Activities-Gargallo_Province_of_Novara_Piedmont.html
Borgofranco sul Po attractions, Province of Mantua, /Attractions-g3198174-Activities-Borgofranco_sul_Po_Province_of_Mantua_Lombardy.html
Loretello attractions, Province of Ancona, /Attractions-g3198158-Activities-Loretello_Province_of_Ancona_Marche.html
Mornese attractions, Province of Alessandria, /Attractions-g3198257-Activities-Mornese_Province_of_Alessandria_Piedmont.html
Vallinfreda attractions, Province of Rome, /Attractions-g4590936-Activities-Vallinfreda_Province_of_Rome_Lazio.html
