province_name, region_name, province_url
Rimini attractions, Province of Rimini, /Attractions-g187807-Activities-Rimini_Province_of_Rimini_Emilia_Romagna.html
Pisa attractions, Province of Pisa, /Attractions-g187899-Activities-Pisa_Province_of_Pisa_Tuscany.html
Sorrento attractions, Province of Naples, /Attractions-g187782-Activities-Sorrento_Province_of_Naples_Campania.html
Catania attractions, Province of Catania, /Attractions-g187888-Activities-Catania_Province_of_Catania_Sicily.html
Verona attractions, Province of Verona, /Attractions-g187871-Activities-Verona_Province_of_Verona_Veneto.html
Padua attractions, Province of Padua, /Attractions-g187867-Activities-Padua_Province_of_Padua_Veneto.html
Genoa attractions, Italian Riviera, /Attractions-g187823-Activities-Genoa_Italian_Riviera_Liguria.html
Bologna attractions, Province of Bologna, /Attractions-g187801-Activities-Bologna_Province_of_Bologna_Emilia_Romagna.html
Trieste attractions, Province of Trieste, /Attractions-g187813-Activities-Trieste_Province_of_Trieste_Friuli_Venezia_Giulia.html
Palermo attractions, Province of Palermo, /Attractions-g187890-Activities-Palermo_Province_of_Palermo_Sicily.html
Turin attractions, Province of Turin, /Attractions-g187855-Activities-Turin_Province_of_Turin_Piedmont.html
Naples attractions, Province of Naples, /Attractions-g187785-Activities-Naples_Province_of_Naples_Campania.html
Venice attractions, City of Venice, /Attractions-g187870-Activities-Venice_Veneto.html
Florence attractions, Province of Florence, /Attractions-g187895-Activities-Florence_Tuscany.html
Milan attractions, Lombardy, /Attractions-g187849-Activities-Milan_Lombardy.html
Sardinia attractions, Italy, /Attractions-g187879-Activities-Sardinia.html
Rome attractions, Lazio, /Attractions-g187791-Activities-Rome_Lazio.html
Sicily attractions, Italy, /Attractions-g187886-Activities-Sicily.html
