province_name, region_name, province_url
San Cipriano Po attractions, Province of Pavia, /Attractions-g18187835-Activities-San_Cipriano_Po_Province_of_Pavia_Lombardy.html
Coniolo attractions, Province of Alessandria, /Attractions-g1984383-Activities-Coniolo_Province_of_Alessandria_Piedmont.html
Esterzili attractions, Province of Cagliari, /Attractions-g2295617-Activities-Esterzili_Province_of_Cagliari_Sardinia.html
Introzzo attractions, Lake Como, /Attractions-g2312112-Activities-Introzzo_Lake_Como_Lombardy.html
Villafranca d'Asti attractions, Province of Asti, /Attractions-g1984392-Activities-Villafranca_d_Asti_Province_of_Asti_Piedmont.html
Colonno attractions, Lake Como, /Attractions-g1918850-Activities-Colonno_Lake_Como_Lombardy.html
Sclafani Bagni attractions, Province of Palermo, /Attractions-g1673146-Activities-Sclafani_Bagni_Province_of_Palermo_Sicily.html
Cortenuova attractions, Province of Bergamo, /Attractions-g2033573-Activities-Cortenuova_Province_of_Bergamo_Lombardy.html
Vervio attractions, Province of Sondrio, /Attractions-g2279324-Activities-Vervio_Province_of_Sondrio_Lombardy.html
Castione Andevenno attractions, Province of Sondrio, /Attractions-g2213875-Activities-Castione_Andevenno_Province_of_Sondrio_Lombardy.html
Montecchio attractions, Province of Verona, /Attractions-g3213287-Activities-Montecchio_Province_of_Verona_Veneto.html
Magioncalda attractions, Province of Alessandria, /Attractions-g21333685-Activities-Magioncalda_Province_of_Alessandria_Piedmont.html
Battuda attractions, Province of Pavia, /Attractions-g3966913-Activities-Battuda_Province_of_Pavia_Lombardy.html
Torretta attractions, Province of Palermo, /Attractions-g3246129-Activities-Torretta_Province_of_Palermo_Sicily.html
Piubega attractions, Province of Mantua, /Attractions-g7276653-Activities-Piubega_Province_of_Mantua_Lombardy.html
Antagnod attractions, Valle d'Aosta, /Attractions-g1574939-Activities-Antagnod_Valle_d_Aosta.html
San Pier Niceto attractions, Province of Messina, /Attractions-g3246139-Activities-San_Pier_Niceto_Province_of_Messina_Sicily.html
Fascia attractions, Province of Genoa, /Attractions-g8341621-Activities-Fascia_Province_of_Genoa_Liguria.html
Renate attractions, Province of Monza and Brianza, /Attractions-g2213940-Activities-Renate_Province_of_Monza_and_Brianza_Lombardy.html
Sorbo Serpico attractions, Province of Avellino, /Attractions-g3213357-Activities-Sorbo_Serpico_Province_of_Avellino_Campania.html
Cazzago di Pianiga attractions, Province of Venice, /Attractions-g1574974-Activities-Cazzago_di_Pianiga_Veneto.html
Montirone attractions, Province of Brescia, /Attractions-g4327537-Activities-Montirone_Province_of_Brescia_Lombardy.html
Ceniga attractions, Province of Trento, /Attractions-g1575005-Activities-Ceniga_Province_of_Trento_Trentino_Alto_Adige.html
Strozza attractions, Province of Bergamo, /Attractions-g7276596-Activities-Strozza_Province_of_Bergamo_Lombardy.html
Belmonte Piceno attractions, Province of Fermo, /Attractions-g8767718-Activities-Belmonte_Piceno_Province_of_Fermo_Marche.html
Clivio attractions, Province of Varese, /Attractions-g2213957-Activities-Clivio_Province_of_Varese_Lombardy.html
Seccheto attractions, Elba Island, /Attractions-g1575024-Activities-Seccheto_Elba_Island_Province_of_Livorno_Tuscany.html
Salvaterra attractions, Province of Reggio Emilia, /Attractions-g1575016-Activities-Salvaterra_Province_of_Reggio_Emilia_Emilia_Romagna.html
Roccafranca attractions, Province of Brescia, /Attractions-g3246150-Activities-Roccafranca_Province_of_Brescia_Lombardy.html
Bovalino Marina attractions, Province of Reggio Calabria, /Attractions-g1575065-Activities-Bovalino_Marina_Province_of_Reggio_Calabria_Calabria.html
Santa Domenica Vittoria attractions, Province of Messina, /Attractions-g1575070-Activities-Santa_Domenica_Vittoria_Province_of_Messina_Sicily.html
Cimone attractions, Province of Trento, /Attractions-g3737790-Activities-Cimone_Province_of_Trento_Trentino_Alto_Adige.html
Amorosi attractions, Province of Benevento, /Attractions-g1575051-Activities-Amorosi_Province_of_Benevento_Campania.html
Auletta attractions, Province of Salerno, /Attractions-g8734763-Activities-Auletta_Province_of_Salerno_Campania.html
Massimeno attractions, Province of Trento, /Attractions-g2541794-Activities-Massimeno_Province_of_Trento_Trentino_Alto_Adige.html
Monsampietro Morico attractions, Province of Fermo, /Attractions-g21072261-Activities-Monsampietro_Morico_Province_of_Fermo_Marche.html
Pessinetto attractions, Province of Turin, /Attractions-g2689254-Activities-Pessinetto_Province_of_Turin_Piedmont.html
Cavedine attractions, Province of Trento, /Attractions-g3148087-Activities-Cavedine_Province_of_Trento_Trentino_Alto_Adige.html
Canove di Roana attractions, Province of Vicenza, /Attractions-g11094408-Activities-Canove_di_Roana_Province_of_Vicenza_Veneto.html
Correzzola attractions, Province of Padua, /Attractions-g2443620-Activities-Correzzola_Province_of_Padua_Veneto.html
Patresi attractions, Elba Island, /Attractions-g1526097-Activities-Patresi_Elba_Island_Province_of_Livorno_Tuscany.html
Galliavola attractions, Province of Pavia, /Attractions-g2443627-Activities-Galliavola_Province_of_Pavia_Lombardy.html
Nuvolento attractions, Province of Brescia, /Attractions-g3443008-Activities-Nuvolento_Province_of_Brescia_Lombardy.html
Forli del Sannio attractions, Province of Isernia, /Attractions-g2623929-Activities-Forli_del_Sannio_Province_of_Isernia_Molise.html
Torre San Giorgio attractions, Province of Cuneo, /Attractions-g14911867-Activities-Torre_San_Giorgio_Province_of_Cuneo_Piedmont.html
Pietragalla attractions, Province of Potenza, /Attractions-g1526194-Activities-Pietragalla_Province_of_Potenza_Basilicata.html
Bedero Valcuvia attractions, Province of Varese, /Attractions-g3492230-Activities-Bedero_Valcuvia_Province_of_Varese_Lombardy.html
Rialto attractions, Province of Savona, /Attractions-g1526185-Activities-Rialto_Province_of_Savona_Liguria.html
Giuncarico attractions, Province of Grosseto, /Attractions-g2623937-Activities-Giuncarico_Province_of_Grosseto_Tuscany.html
Carpineto della Nora attractions, Province of Pescara, /Attractions-g2034153-Activities-Carpineto_della_Nora_Province_of_Pescara_Abruzzo.html
