province_name, region_name, province_url
Preore attractions, Province of Trento, /Attractions-g10366386-Activities-Preore_Province_of_Trento_Trentino_Alto_Adige.html
Terzolas attractions, Province of Trento, /Attractions-g2370824-Activities-Terzolas_Province_of_Trento_Trentino_Alto_Adige.html
Capodarco attractions, Province of Fermo, /Attractions-g12529026-Activities-Capodarco_Province_of_Fermo_Marche.html
Bastida Pancarana attractions, Province of Pavia, /Attractions-g2534754-Activities-Bastida_Pancarana_Province_of_Pavia_Lombardy.html
Cugnoli attractions, Province of Pescara, /Attractions-g3632497-Activities-Cugnoli_Province_of_Pescara_Abruzzo.html
Alice Castello attractions, Province of Vercelli, /Attractions-g3485054-Activities-Alice_Castello_Province_of_Vercelli_Piedmont.html
Malegno attractions, Province of Brescia, /Attractions-g2370933-Activities-Malegno_Province_of_Brescia_Lombardy.html
San Felice attractions, Province of Trento, /Attractions-g3468651-Activities-San_Felice_Province_of_Trento_Trentino_Alto_Adige.html
Bregano attractions, Province of Varese, /Attractions-g12660136-Activities-Bregano_Province_of_Varese_Lombardy.html
Castel Madruzzo attractions, Province of Trento, /Attractions-g19115085-Activities-Castel_Madruzzo_Province_of_Trento_Trentino_Alto_Adige.html
Noasca attractions, Province of Turin, /Attractions-g2616649-Activities-Noasca_Province_of_Turin_Piedmont.html
Velo d'astico attractions, Province of Vicenza, /Attractions-g2321824-Activities-Velo_d_astico_Province_of_Vicenza_Veneto.html
Dairago attractions, Province of Milan, /Attractions-g2502048-Activities-Dairago_Province_of_Milan_Lombardy.html
Cala d'Oliva attractions, Asinara, /Attractions-g7695835-Activities-Cala_d_Oliva_Asinara_Province_of_Sassari_Sardinia.html
Monesiglio attractions, Province of Cuneo, /Attractions-g2616713-Activities-Monesiglio_Province_of_Cuneo_Piedmont.html
Broccostella attractions, Province of Frosinone, /Attractions-g2616729-Activities-Broccostella_Province_of_Frosinone_Lazio.html
Sant'Angelo Le Fratte attractions, Province of Potenza, /Attractions-g12660094-Activities-Sant_Angelo_Le_Fratte_Province_of_Potenza_Basilicata.html
Borgo di Terzo attractions, Province of Bergamo, /Attractions-g19688595-Activities-Borgo_di_Terzo_Province_of_Bergamo_Lombardy.html
Frinco attractions, Province of Asti, /Attractions-g3403256-Activities-Frinco_Province_of_Asti_Piedmont.html
Ceto attractions, Province of Brescia, /Attractions-g2223594-Activities-Ceto_Province_of_Brescia_Lombardy.html
Pincara attractions, Province of Rovigo, /Attractions-g3648998-Activities-Pincara_Province_of_Rovigo_Veneto.html
Ellera attractions, Province of Perugia, /Attractions-g8547678-Activities-Ellera_Province_of_Perugia_Umbria.html
Carbonate attractions, Province of Como, /Attractions-g2387418-Activities-Carbonate_Province_of_Como_Lombardy.html
Megliadino San Vitale attractions, Province of Padua, /Attractions-g2518591-Activities-Megliadino_San_Vitale_Province_of_Padua_Veneto.html
Badia Al Pino attractions, Province of Arezzo, /Attractions-g1568270-Activities-Badia_Al_Pino_Province_of_Arezzo_Tuscany.html
Corleto Monforte attractions, Province of Salerno, /Attractions-g2616837-Activities-Corleto_Monforte_Province_of_Salerno_Campania.html
Bairo attractions, Province of Turin, /Attractions-g6123135-Activities-Bairo_Province_of_Turin_Piedmont.html
Piansano attractions, Province of Viterbo, /Attractions-g1175095-Activities-Piansano_Province_of_Viterbo_Lazio.html
Micigliano attractions, Province of Rieti, /Attractions-g15036119-Activities-Micigliano_Province_of_Rieti_Lazio.html
Attigliano attractions, Province of Terni, /Attractions-g667208-Activities-Attigliano_Province_of_Terni_Umbria.html
Moransengo attractions, Province of Asti, /Attractions-g4173427-Activities-Moransengo_Province_of_Asti_Piedmont.html
Valle Salimbene attractions, Province of Pavia, /Attractions-g4173424-Activities-Valle_Salimbene_Province_of_Pavia_Lombardy.html
Vallo Torinese attractions, Province of Turin, /Attractions-g4992556-Activities-Vallo_Torinese_Province_of_Turin_Piedmont.html
Bocenago attractions, Province of Trento, /Attractions-g1076850-Activities-Bocenago_Province_of_Trento_Trentino_Alto_Adige.html
Senna Comasco attractions, Province of Como, /Attractions-g3206743-Activities-Senna_Comasco_Province_of_Como_Lombardy.html
Castelfranci attractions, Province of Avellino, /Attractions-g3206746-Activities-Castelfranci_Province_of_Avellino_Campania.html
Agna attractions, Province of Padua, /Attractions-g2305619-Activities-Agna_Province_of_Padua_Veneto.html
Portula attractions, Province of Biella, /Attractions-g6450714-Activities-Portula_Province_of_Biella_Piedmont.html
Piano Tavola attractions, Province of Catania, /Attractions-g11742779-Activities-Piano_Tavola_Province_of_Catania_Sicily.html
Cerenzia attractions, Province of Crotone, /Attractions-g10366477-Activities-Cerenzia_Province_of_Crotone_Calabria.html
Blessagno attractions, Lake Como, /Attractions-g2223798-Activities-Blessagno_Lake_Como_Lombardy.html
Rifreddo attractions, Province of Potenza, /Attractions-g2617059-Activities-Rifreddo_Province_of_Potenza_Basilicata.html
Suisio attractions, Province of Bergamo, /Attractions-g12660230-Activities-Suisio_Province_of_Bergamo_Lombardy.html
Giuliano Teatino attractions, Province of Chieti, /Attractions-g3665658-Activities-Giuliano_Teatino_Province_of_Chieti_Abruzzo.html
Baiano attractions, Province of Avellino, /Attractions-g6778551-Activities-Baiano_Province_of_Avellino_Campania.html
Guidizzolo attractions, Province of Mantua, /Attractions-g2617075-Activities-Guidizzolo_Province_of_Mantua_Lombardy.html
Sant Eusanio del Sangro attractions, Province of Chieti, /Attractions-g2207428-Activities-Sant_Eusanio_del_Sangro_Province_of_Chieti_Abruzzo.html
Rocca D'Arazzo attractions, Province of Asti, /Attractions-g12660265-Activities-Rocca_D_Arazzo_Province_of_Asti_Piedmont.html
Lungavilla attractions, Province of Pavia, /Attractions-g12938814-Activities-Lungavilla_Province_of_Pavia_Lombardy.html
Bricherasio attractions, Province of Turin, /Attractions-g2141919-Activities-Bricherasio_Province_of_Turin_Piedmont.html
