province_name, region_name, province_url
Cadenabbia di Griante attractions, Lake Como, /Attractions-g635627-Activities-Cadenabbia_di_Griante_Lake_Como_Lombardy.html
Marcheno attractions, Province of Brescia, /Attractions-g2536244-Activities-Marcheno_Province_of_Brescia_Lombardy.html
Peglio attractions, Province of Pesaro and Urbino, /Attractions-g2536254-Activities-Peglio_Province_of_Pesaro_and_Urbino_Marche.html
Castelluccio Dei Sauri attractions, Province of Foggia, /Attractions-g3486506-Activities-Castelluccio_Dei_Sauri_Province_of_Foggia_Puglia.html
Saliceto attractions, Province of Cuneo, /Attractions-g3830547-Activities-Saliceto_Province_of_Cuneo_Piedmont.html
Controne attractions, Province of Salerno, /Attractions-g3240713-Activities-Controne_Province_of_Salerno_Campania.html
Sant' Alessio Siculo attractions, Province of Messina, /Attractions-g947038-Activities-Sant_Alessio_Siculo_Province_of_Messina_Sicily.html
Tonco attractions, Province of Asti, /Attractions-g3732335-Activities-Tonco_Province_of_Asti_Piedmont.html
Candia Lomellina attractions, Province of Pavia, /Attractions-g3732317-Activities-Candia_Lomellina_Province_of_Pavia_Lombardy.html
Cartosio attractions, Province of Alessandria, /Attractions-g1602416-Activities-Cartosio_Province_of_Alessandria_Piedmont.html
San Giorgio Monferrato attractions, Province of Alessandria, /Attractions-g1078112-Activities-San_Giorgio_Monferrato_Province_of_Alessandria_Piedmont.html
Cancello attractions, Province of Caserta, /Attractions-g2356141-Activities-Cancello_Province_of_Caserta_Campania.html
Carceri attractions, Province of Padua, /Attractions-g1209224-Activities-Carceri_Province_of_Padua_Veneto.html
Pregnana Milanese attractions, Province of Milan, /Attractions-g1078184-Activities-Pregnana_Milanese_Province_of_Milan_Lombardy.html
Surano attractions, Province of Lecce, /Attractions-g3257294-Activities-Surano_Province_of_Lecce_Puglia.html
Duronia attractions, Province of Campobasso, /Attractions-g4600910-Activities-Duronia_Province_of_Campobasso_Molise.html
Telve attractions, Province of Trento, /Attractions-g4600933-Activities-Telve_Province_of_Trento_Trentino_Alto_Adige.html
Acquaviva Platani attractions, Province of Caltanissetta, /Attractions-g12072086-Activities-Acquaviva_Platani_Province_of_Caltanissetta_Sicily.html
Rovello Porro attractions, Province of Como, /Attractions-g2192489-Activities-Rovello_Porro_Province_of_Como_Lombardy.html
Galliciano attractions, Condofuri, /Attractions-g7271457-Activities-Galliciano_Condofuri_Province_of_Reggio_Calabria_Calabria.html
Santa Maria Imbaro attractions, Province of Chieti, /Attractions-g12072152-Activities-Santa_Maria_Imbaro_Province_of_Chieti_Abruzzo.html
Saluggia attractions, Province of Vercelli, /Attractions-g4600895-Activities-Saluggia_Province_of_Vercelli_Piedmont.html
Quistello attractions, Province of Mantua, /Attractions-g1569941-Activities-Quistello_Province_of_Mantua_Lombardy.html
Montemiletto attractions, Province of Avellino, /Attractions-g2356355-Activities-Montemiletto_Province_of_Avellino_Campania.html
Artogne attractions, Province of Brescia, /Attractions-g2208908-Activities-Artogne_Province_of_Brescia_Lombardy.html
Monteleone d'Orvieto attractions, Province of Terni, /Attractions-g1062077-Activities-Monteleone_d_Orvieto_Province_of_Terni_Umbria.html
Torre Orsaia attractions, Cilento and Vallo di Diano National Park, /Attractions-g1569953-Activities-Torre_Orsaia_Cilento_and_Vallo_di_Diano_National_Park_Province_of_Salerno_Campania.html
Taceno attractions, Province of Lecco, /Attractions-g1930452-Activities-Taceno_Province_of_Lecco_Lombardy.html
Armungia attractions, Province of Cagliari, /Attractions-g6550659-Activities-Armungia_Province_of_Cagliari_Sardinia.html
Saint-Oyen attractions, Valle d'Aosta, /Attractions-g1193206-Activities-Saint_Oyen_Valle_d_Aosta.html
Las Plassas attractions, Province of Medio Campidano, /Attractions-g5600446-Activities-Las_Plassas_Province_of_Medio_Campidano_Sardinia.html
Celle Enomondo attractions, Province of Asti, /Attractions-g8549775-Activities-Celle_Enomondo_Province_of_Asti_Piedmont.html
Valmozzola attractions, Province of Parma, /Attractions-g2372905-Activities-Valmozzola_Province_of_Parma_Emilia_Romagna.html
Copanello attractions, Province of Catanzaro, /Attractions-g1799436-Activities-Copanello_Province_of_Catanzaro_Calabria.html
Tiglieto attractions, Province of Genoa, /Attractions-g2372935-Activities-Tiglieto_Province_of_Genoa_Liguria.html
Cappella Maggiore attractions, Province of Treviso, /Attractions-g1537404-Activities-Cappella_Maggiore_Province_of_Treviso_Veneto.html
Venasca attractions, Province of Cuneo, /Attractions-g1537431-Activities-Venasca_Province_of_Cuneo_Piedmont.html
Scigliano attractions, Province of Cosenza, /Attractions-g1602960-Activities-Scigliano_Province_of_Cosenza_Calabria.html
Rivalta sul Mincio attractions, Province of Mantua, /Attractions-g1226142-Activities-Rivalta_sul_Mincio_Province_of_Mantua_Lombardy.html
Palazzo di Arcevia attractions, Province of Ancona, /Attractions-g1537441-Activities-Palazzo_di_Arcevia_Province_of_Ancona_Marche.html
Bonate Sopra attractions, Province of Bergamo, /Attractions-g1439234-Activities-Bonate_Sopra_Province_of_Bergamo_Lombardy.html
Montefalcone nel Sannio attractions, Province of Campobasso, /Attractions-g6501973-Activities-Montefalcone_nel_Sannio_Province_of_Campobasso_Molise.html
San Lorenzo Bellizzi attractions, Province of Cosenza, /Attractions-g3487350-Activities-San_Lorenzo_Bellizzi_Province_of_Cosenza_Calabria.html
Soleminis attractions, Province of Cagliari, /Attractions-g3487338-Activities-Soleminis_Province_of_Cagliari_Sardinia.html
Pozzoleone attractions, Province of Vicenza, /Attractions-g12875432-Activities-Pozzoleone_Province_of_Vicenza_Veneto.html
Quassolo attractions, Province of Turin, /Attractions-g4126390-Activities-Quassolo_Province_of_Turin_Piedmont.html
Monteroni di Lecce attractions, Province of Lecce, /Attractions-g1062530-Activities-Monteroni_di_Lecce_Province_of_Lecce_Puglia.html
Ardenno attractions, Province of Sondrio, /Attractions-g1193610-Activities-Ardenno_Province_of_Sondrio_Lombardy.html
Terno d'Isola attractions, Province of Bergamo, /Attractions-g2209417-Activities-Terno_d_Isola_Province_of_Bergamo_Lombardy.html
Albiano attractions, Province of Trento, /Attractions-g14120546-Activities-Albiano_Province_of_Trento_Trentino_Alto_Adige.html
