province_name, region_name, province_url
Sordio attractions, Province of Lodi, /Attractions-g3535251-Activities-Sordio_Province_of_Lodi_Lombardy.html
Montecalvoli attractions, Province of Pisa, /Attractions-g4174209-Activities-Montecalvoli_Province_of_Pisa_Tuscany.html
Strangolagalli attractions, Province of Caserta, /Attractions-g21262476-Activities-Strangolagalli_Province_of_Caserta_Campania.html
Simaxis attractions, Province of Oristano, /Attractions-g7238079-Activities-Simaxis_Province_of_Oristano_Sardinia.html
Le Pietre attractions, Province of Pescara, /Attractions-g21065872-Activities-Le_Pietre_Province_of_Pescara_Abruzzo.html
Zeme attractions, Province of Pavia, /Attractions-g15593740-Activities-Zeme_Province_of_Pavia_Lombardy.html
Carzano attractions, Province of Trento, /Attractions-g4764076-Activities-Carzano_Province_of_Trento_Trentino_Alto_Adige.html
Trovo attractions, Province of Pavia, /Attractions-g20361425-Activities-Trovo_Province_of_Pavia_Lombardy.html
Stornarella attractions, Province of Foggia, /Attractions-g12300631-Activities-Stornarella_Province_of_Foggia_Puglia.html
Mioglia attractions, Italian Riviera, /Attractions-g12316998-Activities-Mioglia_Italian_Riviera_Liguria.html
Borghetto di Tuoro attractions, Province of Perugia, /Attractions-g2339379-Activities-Borghetto_di_Tuoro_Province_of_Perugia_Umbria.html
San Nicola attractions, Province of Catanzaro, /Attractions-g21328737-Activities-San_Nicola_Province_of_Catanzaro_Calabria.html
Verzino attractions, Province of Crotone, /Attractions-g7680591-Activities-Verzino_Province_of_Crotone_Calabria.html
Boara Pisani attractions, Province of Padua, /Attractions-g2208364-Activities-Boara_Pisani_Province_of_Padua_Veneto.html
Berlinghetto attractions, Province of Brescia, /Attractions-g21066517-Activities-Berlinghetto_Province_of_Brescia_Lombardy.html
Cellarengo attractions, Province of Asti, /Attractions-g1520237-Activities-Cellarengo_Province_of_Asti_Piedmont.html
Vervo attractions, Predaia, /Attractions-g10367518-Activities-Vervo_Predaia_Province_of_Trento_Trentino_Alto_Adige.html
Paludi attractions, Province of Cosenza, /Attractions-g19723196-Activities-Paludi_Province_of_Cosenza_Calabria.html
Fortogna attractions, Province of Belluno, /Attractions-g7074544-Activities-Fortogna_Province_of_Belluno_Veneto.html
Albiano Magra attractions, Province of La Spezia, /Attractions-g3420827-Activities-Albiano_Magra_Province_of_La_Spezia_Liguria.html
Saragano attractions, Province of Perugia, /Attractions-g2159331-Activities-Saragano_Province_of_Perugia_Umbria.html
Brione attractions, Province of Brescia, /Attractions-g2044633-Activities-Brione_Province_of_Brescia_Lombardy.html
Berzano di San Pietro attractions, Province of Asti, /Attractions-g2208488-Activities-Berzano_di_San_Pietro_Province_of_Asti_Piedmont.html
Gottasecca attractions, Province of Cuneo, /Attractions-g3830516-Activities-Gottasecca_Province_of_Cuneo_Piedmont.html
Guarda Veneta attractions, Province of Rovigo, /Attractions-g4600476-Activities-Guarda_Veneta_Province_of_Rovigo_Veneto.html
Pontone attractions, Province of Salerno, /Attractions-g7008950-Activities-Pontone_Province_of_Salerno_Campania.html
Falze attractions, Province of Treviso, /Attractions-g4600481-Activities-Falze_Province_of_Treviso_Veneto.html
Envie attractions, Province of Cuneo, /Attractions-g3240643-Activities-Envie_Province_of_Cuneo_Piedmont.html
San Corrado di Fuori attractions, Province of Syracuse, /Attractions-g652026-Activities-San_Corrado_di_Fuori_Province_of_Syracuse_Sicily.html
Samatzai attractions, Province of Cagliari, /Attractions-g13201982-Activities-Samatzai_Province_of_Cagliari_Sardinia.html
Noepoli attractions, Province of Potenza, /Attractions-g2290398-Activities-Noepoli_Province_of_Potenza_Basilicata.html
Campospinoso attractions, Province of Pavia, /Attractions-g3240653-Activities-Campospinoso_Province_of_Pavia_Lombardy.html
Cassine attractions, Province of Alessandria, /Attractions-g1078046-Activities-Cassine_Province_of_Alessandria_Piedmont.html
Torre Bormida attractions, Province of Cuneo, /Attractions-g3830560-Activities-Torre_Bormida_Province_of_Cuneo_Piedmont.html
Casatisma attractions, Province of Pavia, /Attractions-g7648083-Activities-Casatisma_Province_of_Pavia_Lombardy.html
Sale delle Langhe attractions, Province of Cuneo, /Attractions-g3830544-Activities-Sale_delle_Langhe_Province_of_Cuneo_Piedmont.html
Civesio attractions, Province of Milan, /Attractions-g18936337-Activities-Civesio_Province_of_Milan_Lombardy.html
Serra d'Aiello attractions, Province of Cosenza, /Attractions-g20328964-Activities-Serra_d_Aiello_Province_of_Cosenza_Calabria.html
Rocchetta Belbo attractions, Province of Cuneo, /Attractions-g3830542-Activities-Rocchetta_Belbo_Province_of_Cuneo_Piedmont.html
Pallanzeno attractions, Province of Verbano-Cusio-Ossola, /Attractions-g7648066-Activities-Pallanzeno_Province_of_Verbano_Cusio_Ossola_Piedmont.html
Montello attractions, Province of Bergamo, /Attractions-g3240714-Activities-Montello_Province_of_Bergamo_Lombardy.html
Morengo attractions, Province of Bergamo, /Attractions-g15709102-Activities-Morengo_Province_of_Bergamo_Lombardy.html
Vestigne attractions, Province of Turin, /Attractions-g3732337-Activities-Vestigne_Province_of_Turin_Piedmont.html
Trassilico attractions, Province of Lucca, /Attractions-g1438534-Activities-Trassilico_Province_of_Lucca_Tuscany.html
Veniano attractions, Province of Como, /Attractions-g3732332-Activities-Veniano_Province_of_Como_Lombardy.html
Pucara attractions, Province of Salerno, /Attractions-g8844258-Activities-Pucara_Province_of_Salerno_Campania.html
Linera attractions, Province of Catania, /Attractions-g18231921-Activities-Linera_Province_of_Catania_Sicily.html
Rocca di Neto attractions, Province of Crotone, /Attractions-g13415329-Activities-Rocca_di_Neto_Province_of_Crotone_Calabria.html
Ghislarengo attractions, Province of Vercelli, /Attractions-g2356046-Activities-Ghislarengo_Province_of_Vercelli_Piedmont.html
Pugliano attractions, Province of Lucca, /Attractions-g3732298-Activities-Pugliano_Province_of_Lucca_Tuscany.html
