province_name, region_name, province_url
San Valentino d'Abruzzo attractions, Province of Pescara, /Attractions-g2287590-Activities-San_Valentino_d_Abruzzo_Province_of_Pescara_Abruzzo.html
Pozzo d'Adda attractions, Province of Milan, /Attractions-g2287615-Activities-Pozzo_d_Adda_Province_of_Milan_Lombardy.html
Baldichieri attractions, Province of Asti, /Attractions-g2451397-Activities-Baldichieri_Province_of_Asti_Piedmont.html
Lusciano attractions, Province of Caserta, /Attractions-g2697159-Activities-Lusciano_Province_of_Caserta_Campania.html
Issime attractions, Valle d'Aosta, /Attractions-g2287571-Activities-Issime_Valle_d_Aosta.html
Turano Lodigiano attractions, Province of Lodi, /Attractions-g5105598-Activities-Turano_Lodigiano_Province_of_Lodi_Lombardy.html
San Gervasio Bresciano attractions, Province of Brescia, /Attractions-g2287574-Activities-San_Gervasio_Bresciano_Province_of_Brescia_Lombardy.html
Pontoglio attractions, Province of Brescia, /Attractions-g2435112-Activities-Pontoglio_Province_of_Brescia_Lombardy.html
Luisago attractions, Province of Como, /Attractions-g2287621-Activities-Luisago_Province_of_Como_Lombardy.html
Baratili San Pietro attractions, Province of Oristano, /Attractions-g2287629-Activities-Baratili_San_Pietro_Province_of_Oristano_Sardinia.html
Ceparana attractions, Province of La Spezia, /Attractions-g3844097-Activities-Ceparana_Province_of_La_Spezia_Liguria.html
Cerrina Monferrato attractions, Province of Alessandria, /Attractions-g2435096-Activities-Cerrina_Monferrato_Province_of_Alessandria_Piedmont.html
Cocumola attractions, Province of Lecce, /Attractions-g2533496-Activities-Cocumola_Province_of_Lecce_Puglia.html
Domicella attractions, Province of Avellino, /Attractions-g2287681-Activities-Domicella_Province_of_Avellino_Campania.html
Rombiolo attractions, Province of Vibo Valentia, /Attractions-g2222151-Activities-Rombiolo_Province_of_Vibo_Valentia_Calabria.html
Marene attractions, Province of Cuneo, /Attractions-g2189396-Activities-Marene_Province_of_Cuneo_Piedmont.html
Giacciano con Baruchella attractions, Province of Rovigo, /Attractions-g4466883-Activities-Giacciano_con_Baruchella_Province_of_Rovigo_Veneto.html
Poli attractions, Province of Rome, /Attractions-g4466892-Activities-Poli_Province_of_Rome_Lazio.html
Castello dell'Acqua attractions, Province of Sondrio, /Attractions-g1927318-Activities-Castello_dell_Acqua_Province_of_Sondrio_Lombardy.html
Villa Cortese attractions, Province of Milan, /Attractions-g2533523-Activities-Villa_Cortese_Province_of_Milan_Lombardy.html
Cozzo attractions, Province of Pavia, /Attractions-g12118133-Activities-Cozzo_Province_of_Pavia_Lombardy.html
Ozzano Taro attractions, Province of Parma, /Attractions-g1730764-Activities-Ozzano_Taro_Province_of_Parma_Emilia_Romagna.html
Marina di Varcaturo attractions, Province of Naples, /Attractions-g2533570-Activities-Marina_di_Varcaturo_Province_of_Naples_Campania.html
Serravalle attractions, Province of Alessandria, /Attractions-g1747178-Activities-Serravalle_Province_of_Alessandria_Piedmont.html
Borgetto attractions, Province of Palermo, /Attractions-g2533589-Activities-Borgetto_Province_of_Palermo_Sicily.html
Tufino attractions, Province of Naples, /Attractions-g2533594-Activities-Tufino_Province_of_Naples_Campania.html
Oga attractions, Province of Sondrio, /Attractions-g2533595-Activities-Oga_Province_of_Sondrio_Lombardy.html
Galliate Lombardo attractions, Province of Varese, /Attractions-g2550052-Activities-Galliate_Lombardo_Province_of_Varese_Lombardy.html
San Gennaro Vesuviano attractions, Province of Naples, /Attractions-g2550061-Activities-San_Gennaro_Vesuviano_Province_of_Naples_Campania.html
Prestine attractions, Province of Brescia, /Attractions-g2369855-Activities-Prestine_Province_of_Brescia_Lombardy.html
Forenza attractions, Province of Potenza, /Attractions-g3205393-Activities-Forenza_Province_of_Potenza_Basilicata.html
Pontey attractions, Valle d'Aosta, /Attractions-g3582325-Activities-Pontey_Valle_d_Aosta.html
Piozzo attractions, Province of Cuneo, /Attractions-g1993081-Activities-Piozzo_Province_of_Cuneo_Piedmont.html
Posta Fibreno attractions, Province of Frosinone, /Attractions-g2337117-Activities-Posta_Fibreno_Province_of_Frosinone_Lazio.html
Bolgare attractions, Province of Bergamo, /Attractions-g2369957-Activities-Bolgare_Province_of_Bergamo_Lombardy.html
Cossombrato attractions, Province of Asti, /Attractions-g2369932-Activities-Cossombrato_Province_of_Asti_Piedmont.html
Serravalle Langhe attractions, Province of Cuneo, /Attractions-g2025909-Activities-Serravalle_Langhe_Province_of_Cuneo_Piedmont.html
Mezzanino attractions, Province of Pavia, /Attractions-g2369943-Activities-Mezzanino_Province_of_Pavia_Lombardy.html
Castronovo di Sicilia attractions, Province of Palermo, /Attractions-g3582348-Activities-Castronovo_di_Sicilia_Province_of_Palermo_Sicily.html
Zignago attractions, Province of La Spezia, /Attractions-g2369951-Activities-Zignago_Province_of_La_Spezia_Liguria.html
Spadafora attractions, Province of Messina, /Attractions-g2386418-Activities-Spadafora_Province_of_Messina_Sicily.html
Montebello sul Sangro attractions, Province of Chieti, /Attractions-g12118375-Activities-Montebello_sul_Sangro_Province_of_Chieti_Abruzzo.html
Levate attractions, Province of Bergamo, /Attractions-g7022985-Activities-Levate_Province_of_Bergamo_Lombardy.html
Limina attractions, Province of Messina, /Attractions-g8039021-Activities-Limina_Province_of_Messina_Sicily.html
Lurago D'erba attractions, Province of Como, /Attractions-g12659431-Activities-Lurago_D_erba_Province_of_Como_Lombardy.html
Pontelatone attractions, Province of Caserta, /Attractions-g1878571-Activities-Pontelatone_Province_of_Caserta_Campania.html
Lisignago attractions, Province of Trento, /Attractions-g10644122-Activities-Lisignago_Province_of_Trento_Trentino_Alto_Adige.html
Santa Maria Maddalena attractions, Province of Ferrara, /Attractions-g3844615-Activities-Santa_Maria_Maddalena_Province_of_Ferrara_Emilia_Romagna.html
Scarmagno attractions, Province of Turin, /Attractions-g1059419-Activities-Scarmagno_Province_of_Turin_Piedmont.html
Passo Rolle attractions, Province of Trento, /Attractions-g1419854-Activities-Passo_Rolle_Province_of_Trento_Trentino_Alto_Adige.html
