province_name, region_name, province_url
Torella del Sannio attractions, Province of Campobasso, /Attractions-g10368714-Activities-Torella_del_Sannio_Province_of_Campobasso_Molise.html
Castroregio attractions, Province of Cosenza, /Attractions-g3257940-Activities-Castroregio_Province_of_Cosenza_Calabria.html
Telgate attractions, Province of Bergamo, /Attractions-g1160805-Activities-Telgate_Province_of_Bergamo_Lombardy.html
Gaggi attractions, Province of Messina, /Attractions-g1996420-Activities-Gaggi_Province_of_Messina_Sicily.html
Palomonte attractions, Province of Salerno, /Attractions-g7386785-Activities-Palomonte_Province_of_Salerno_Campania.html
Fornovo San Giovanni attractions, Province of Bergamo, /Attractions-g4126427-Activities-Fornovo_San_Giovanni_Province_of_Bergamo_Lombardy.html
Calvatone attractions, Province of Cremona, /Attractions-g5109415-Activities-Calvatone_Province_of_Cremona_Lombardy.html
Moriondo Torinese attractions, Province of Turin, /Attractions-g9565799-Activities-Moriondo_Torinese_Province_of_Turin_Piedmont.html
Oliero attractions, Province of Vicenza, /Attractions-g4716220-Activities-Oliero_Province_of_Vicenza_Veneto.html
Cadegliano Viconago attractions, Province of Varese, /Attractions-g3176248-Activities-Cadegliano_Viconago_Province_of_Varese_Lombardy.html
La Loggia attractions, Province of Turin, /Attractions-g4994931-Activities-La_Loggia_Province_of_Turin_Piedmont.html
Tavagnasco attractions, Province of Turin, /Attractions-g1554252-Activities-Tavagnasco_Province_of_Turin_Piedmont.html
Chiomonte attractions, Province of Turin, /Attractions-g1554302-Activities-Chiomonte_Province_of_Turin_Piedmont.html
Rossana attractions, Province of Cuneo, /Attractions-g2144077-Activities-Rossana_Province_of_Cuneo_Piedmont.html
Cerveno attractions, Province of Brescia, /Attractions-g2193231-Activities-Cerveno_Province_of_Brescia_Lombardy.html
Lurago Marinone attractions, Province of Como, /Attractions-g2144079-Activities-Lurago_Marinone_Province_of_Como_Lombardy.html
Mirabella Imbaccari attractions, Province of Catania, /Attractions-g4716342-Activities-Mirabella_Imbaccari_Province_of_Catania_Sicily.html
Seniga attractions, Province of Brescia, /Attractions-g6043438-Activities-Seniga_Province_of_Brescia_Lombardy.html
San Paolo attractions, Province of Brescia, /Attractions-g1439638-Activities-San_Paolo_Province_of_Brescia_Lombardy.html
Fresagrandinaria attractions, Province of Chieti, /Attractions-g10319664-Activities-Fresagrandinaria_Province_of_Chieti_Abruzzo.html
Cugliate-Fabiasco attractions, Province of Varese, /Attractions-g10598244-Activities-Cugliate_Fabiasco_Province_of_Varese_Lombardy.html
San Cesareo attractions, Province of Rome, /Attractions-g1849302-Activities-San_Cesareo_Province_of_Rome_Lazio.html
Fiano attractions, Province of Turin, /Attractions-g1390553-Activities-Fiano_Province_of_Turin_Piedmont.html
Pancalieri attractions, Province of Turin, /Attractions-g10368843-Activities-Pancalieri_Province_of_Turin_Piedmont.html
Molina di Fiemme attractions, Province of Trento, /Attractions-g1406924-Activities-Molina_di_Fiemme_Province_of_Trento_Trentino_Alto_Adige.html
San Lorenzo del Vallo attractions, Province of Cosenza, /Attractions-g7321483-Activities-San_Lorenzo_del_Vallo_Province_of_Cosenza_Calabria.html
Zumpano attractions, Province of Cosenza, /Attractions-g7321479-Activities-Zumpano_Province_of_Cosenza_Calabria.html
Montepiano attractions, Province of Prato, /Attractions-g2144212-Activities-Montepiano_Province_of_Prato_Tuscany.html
Merlino attractions, Province of Lodi, /Attractions-g3487744-Activities-Merlino_Province_of_Lodi_Lombardy.html
Pagno attractions, Province of Cuneo, /Attractions-g2045988-Activities-Pagno_Province_of_Cuneo_Piedmont.html
Cortandone attractions, Province of Asti, /Attractions-g3569672-Activities-Cortandone_Province_of_Asti_Piedmont.html
Gordona attractions, Province of Sondrio, /Attractions-g2291810-Activities-Gordona_Province_of_Sondrio_Lombardy.html
Villadeati attractions, Province of Alessandria, /Attractions-g2291796-Activities-Villadeati_Province_of_Alessandria_Piedmont.html
Collemancio attractions, Province of Perugia, /Attractions-g2046105-Activities-Collemancio_Province_of_Perugia_Umbria.html
Villaurbana attractions, Province of Oristano, /Attractions-g4995266-Activities-Villaurbana_Province_of_Oristano_Sardinia.html
Vicoli attractions, Province of Pescara, /Attractions-g6584565-Activities-Vicoli_Province_of_Pescara_Abruzzo.html
Pedesina attractions, Province of Sondrio, /Attractions-g12875863-Activities-Pedesina_Province_of_Sondrio_Lombardy.html
Garbagnate Monastero attractions, Province of Lecco, /Attractions-g1800383-Activities-Garbagnate_Monastero_Province_of_Lecco_Lombardy.html
Acaia attractions, Province of Lecce, /Attractions-g1095869-Activities-Acaia_Province_of_Lecce_Puglia.html
Arnasco attractions, Province of Savona, /Attractions-g2062548-Activities-Arnasco_Province_of_Savona_Liguria.html
Polsa attractions, Province of Trento, /Attractions-g1636602-Activities-Polsa_Province_of_Trento_Trentino_Alto_Adige.html
Cendon attractions, Province of Treviso, /Attractions-g2046188-Activities-Cendon_Province_of_Treviso_Veneto.html
Lurisia attractions, Province of Cuneo, /Attractions-g194804-Activities-Lurisia_Province_of_Cuneo_Piedmont.html
Gerosa attractions, Province of Bergamo, /Attractions-g4995255-Activities-Gerosa_Province_of_Bergamo_Lombardy.html
Bagnaria attractions, Province of Pavia, /Attractions-g8305020-Activities-Bagnaria_Province_of_Pavia_Lombardy.html
Roccabruna attractions, Province of Cuneo, /Attractions-g2292029-Activities-Roccabruna_Province_of_Cuneo_Piedmont.html
Mezzana Bigli attractions, Province of Pavia, /Attractions-g2095392-Activities-Mezzana_Bigli_Province_of_Pavia_Lombardy.html
Scaletta Zanclea attractions, Province of Messina, /Attractions-g2357609-Activities-Scaletta_Zanclea_Province_of_Messina_Sicily.html
San Michele di Serino attractions, Province of Avellino, /Attractions-g2046278-Activities-San_Michele_di_Serino_Province_of_Avellino_Campania.html
Bisentina Island attractions, Province of Viterbo, /Attractions-g1096009-Activities-Bisentina_Island_Province_of_Viterbo_Lazio.html
