province_name, region_name, province_url
Frattamaggiore attractions, Province of Naples, /Attractions-g2333137-Activities-Frattamaggiore_Province_of_Naples_Campania.html
Massa e Cozzile attractions, Province of Pistoia, /Attractions-g1186281-Activities-Massa_e_Cozzile_Province_of_Pistoia_Tuscany.html
Colle Santa Lucia attractions, Province of Belluno, /Attractions-g2431603-Activities-Colle_Santa_Lucia_Province_of_Belluno_Veneto.html
Cocullo attractions, Province of L'Aquila, /Attractions-g5970636-Activities-Cocullo_Province_of_L_Aquila_Abruzzo.html
Ischitella attractions, Province of Foggia, /Attractions-g1055424-Activities-Ischitella_Province_of_Foggia_Puglia.html
Trebaseleghe attractions, Province of Padua, /Attractions-g2054967-Activities-Trebaseleghe_Province_of_Padua_Veneto.html
Airola attractions, Province of Benevento, /Attractions-g2136845-Activities-Airola_Province_of_Benevento_Campania.html
Capriolo attractions, Province of Brescia, /Attractions-g1186592-Activities-Capriolo_Province_of_Brescia_Lombardy.html
Fontanafredda attractions, Province of Pordenone, /Attractions-g2399066-Activities-Fontanafredda_Province_of_Pordenone_Friuli_Venezia_Giulia.html
Morazzone attractions, Province of Varese, /Attractions-g2251701-Activities-Morazzone_Province_of_Varese_Lombardy.html
Carbonera attractions, Province of Treviso, /Attractions-g1219605-Activities-Carbonera_Province_of_Treviso_Veneto.html
Godega di Sant'Urbano attractions, Province of Treviso, /Attractions-g1596432-Activities-Godega_di_Sant_Urbano_Province_of_Treviso_Veneto.html
Fondo attractions, Province of Trento, /Attractions-g1186883-Activities-Fondo_Province_of_Trento_Trentino_Alto_Adige.html
Antrona Schieranco attractions, Province of Verbano-Cusio-Ossola, /Attractions-g1842305-Activities-Antrona_Schieranco_Province_of_Verbano_Cusio_Ossola_Piedmont.html
Cossato attractions, Province of Biella, /Attractions-g2317540-Activities-Cossato_Province_of_Biella_Piedmont.html
Zoagli attractions, Italian Riviera, /Attractions-g1187207-Activities-Zoagli_Italian_Riviera_Liguria.html
Misilmeri attractions, Province of Palermo, /Attractions-g1973767-Activities-Misilmeri_Province_of_Palermo_Sicily.html
Piossasco attractions, Province of Turin, /Attractions-g2530872-Activities-Piossasco_Province_of_Turin_Piedmont.html
Qualiano attractions, Province of Naples, /Attractions-g1973839-Activities-Qualiano_Province_of_Naples_Campania.html
Gromo attractions, Province of Bergamo, /Attractions-g2088613-Activities-Gromo_Province_of_Bergamo_Lombardy.html
Lanzada attractions, Province of Sondrio, /Attractions-g1515178-Activities-Lanzada_Province_of_Sondrio_Lombardy.html
Aulla attractions, Province of Massa Carrara, /Attractions-g1400553-Activities-Aulla_Province_of_Massa_Carrara_Tuscany.html
Colorno attractions, Province of Parma, /Attractions-g1924905-Activities-Colorno_Province_of_Parma_Emilia_Romagna.html
Cassano d'Adda attractions, Province of Milan, /Attractions-g1826736-Activities-Cassano_d_Adda_Province_of_Milan_Lombardy.html
Varzi attractions, Province of Pavia, /Attractions-g1826730-Activities-Varzi_Province_of_Pavia_Lombardy.html
Casteggio attractions, Province of Pavia, /Attractions-g1826732-Activities-Casteggio_Province_of_Pavia_Lombardy.html
Tezze sul Brenta attractions, Province of Vicenza, /Attractions-g663583-Activities-Tezze_sul_Brenta_Province_of_Vicenza_Veneto.html
Paduli attractions, Province of Benevento, /Attractions-g2400376-Activities-Paduli_Province_of_Benevento_Campania.html
Arsie attractions, Province of Belluno, /Attractions-g2531495-Activities-Arsie_Province_of_Belluno_Veneto.html
Saludecio attractions, Province of Rimini, /Attractions-g1024145-Activities-Saludecio_Province_of_Rimini_Emilia_Romagna.html
Riccia attractions, Province of Campobasso, /Attractions-g2400396-Activities-Riccia_Province_of_Campobasso_Molise.html
Sant'Ambrogio di Torino attractions, Province of Turin, /Attractions-g2138354-Activities-Sant_Ambrogio_di_Torino_Province_of_Turin_Piedmont.html
Meta attractions, Province of Naples, /Attractions-g1057024-Activities-Meta_Province_of_Naples_Campania.html
Reana del Rojale attractions, Province of Udine, /Attractions-g1925698-Activities-Reana_del_Rojale_Province_of_Udine_Friuli_Venezia_Giulia.html
Lesa attractions, Lake Maggiore, /Attractions-g664171-Activities-Lesa_Lake_Maggiore_Piedmont.html
Cessaniti attractions, Province of Vibo Valentia, /Attractions-g8135419-Activities-Cessaniti_Province_of_Vibo_Valentia_Calabria.html
Marcon attractions, Province of Venice, /Attractions-g1024750-Activities-Marcon_Veneto.html
Pietrelcina attractions, Province of Benevento, /Attractions-g1450722-Activities-Pietrelcina_Province_of_Benevento_Campania.html
Caderzone Terme attractions, Province of Trento, /Attractions-g2007818-Activities-Caderzone_Terme_Province_of_Trento_Trentino_Alto_Adige.html
Melpignano attractions, Province of Lecce, /Attractions-g844589-Activities-Melpignano_Province_of_Lecce_Puglia.html
Stazzema attractions, Province of Lucca, /Attractions-g1549880-Activities-Stazzema_Province_of_Lucca_Tuscany.html
Raddusa attractions, Province of Catania, /Attractions-g2222061-Activities-Raddusa_Province_of_Catania_Sicily.html
Valfurva attractions, Province of Sondrio, /Attractions-g2222116-Activities-Valfurva_Province_of_Sondrio_Lombardy.html
San Giuseppe Vesuviano attractions, Province of Naples, /Attractions-g1058838-Activities-San_Giuseppe_Vesuviano_Province_of_Naples_Campania.html
Monchio delle Corti attractions, Province of Parma, /Attractions-g2140442-Activities-Monchio_delle_Corti_Province_of_Parma_Emilia_Romagna.html
Rosa attractions, Province of Vicenza, /Attractions-g2337233-Activities-Rosa_Province_of_Vicenza_Veneto.html
Troina attractions, Province of Enna, /Attractions-g1501777-Activities-Troina_Province_of_Enna_Sicily.html
Varna attractions, Province of South Tyrol, /Attractions-g1419957-Activities-Varna_Province_of_South_Tyrol_Trentino_Alto_Adige.html
Sellia Marina attractions, Province of Catanzaro, /Attractions-g1059704-Activities-Sellia_Marina_Province_of_Catanzaro_Calabria.html
Sequals attractions, Province of Pordenone, /Attractions-g1600478-Activities-Sequals_Province_of_Pordenone_Friuli_Venezia_Giulia.html
