province_name, region_name, province_url
Bresimo attractions, Province of Trento, /Attractions-g7019687-Activities-Bresimo_Province_of_Trento_Trentino_Alto_Adige.html
Monticelli Brusati attractions, Province of Brescia, /Attractions-g1187118-Activities-Monticelli_Brusati_Province_of_Brescia_Lombardy.html
Naso attractions, Province of Messina, /Attractions-g1187116-Activities-Naso_Province_of_Messina_Sicily.html
Andorno Micca attractions, Province of Biella, /Attractions-g7380275-Activities-Andorno_Micca_Province_of_Biella_Piedmont.html
Silanus attractions, Province of Nuoro, /Attractions-g12541220-Activities-Silanus_Province_of_Nuoro_Sardinia.html
Romeno attractions, Province of Trento, /Attractions-g187815-Activities-Romeno_Province_of_Trento_Trentino_Alto_Adige.html
Pedace attractions, Province of Cosenza, /Attractions-g1924567-Activities-Pedace_Province_of_Cosenza_Calabria.html
Vejano attractions, Province of Viterbo, /Attractions-g2153932-Activities-Vejano_Province_of_Viterbo_Lazio.html
Sant'Angelo in Lizzola attractions, Province of Pesaro and Urbino, /Attractions-g1973764-Activities-Sant_Angelo_in_Lizzola_Province_of_Pesaro_and_Urbino_Marche.html
San Piero Patti attractions, Province of Messina, /Attractions-g1973806-Activities-San_Piero_Patti_Province_of_Messina_Sicily.html
Montagano attractions, Province of Campobasso, /Attractions-g1973855-Activities-Montagano_Province_of_Campobasso_Molise.html
Morigerati attractions, Province of Salerno, /Attractions-g1973850-Activities-Morigerati_Province_of_Salerno_Campania.html
Boscotrecase attractions, Province of Naples, /Attractions-g1973840-Activities-Boscotrecase_Province_of_Naples_Campania.html
Cellole attractions, Province of Caserta, /Attractions-g1973838-Activities-Cellole_Province_of_Caserta_Campania.html
Villadose attractions, Province of Rovigo, /Attractions-g2416249-Activities-Villadose_Province_of_Rovigo_Veneto.html
Bonefro attractions, Province of Campobasso, /Attractions-g1973825-Activities-Bonefro_Province_of_Campobasso_Molise.html
Moscazzano attractions, Province of Cremona, /Attractions-g2530903-Activities-Moscazzano_Province_of_Cremona_Lombardy.html
Grumello Cremonese ed Uniti attractions, Province of Cremona, /Attractions-g4923091-Activities-Grumello_Cremonese_ed_Uniti_Province_of_Cremona_Lombardy.html
Bollengo attractions, Province of Turin, /Attractions-g3710593-Activities-Bollengo_Province_of_Turin_Piedmont.html
Monforte San Giorgio attractions, Province of Messina, /Attractions-g2301667-Activities-Monforte_San_Giorgio_Province_of_Messina_Sicily.html
Ceriana attractions, Italian Riviera, /Attractions-g1400536-Activities-Ceriana_Italian_Riviera_Liguria.html
Volta Mantovana attractions, Province of Mantua, /Attractions-g794323-Activities-Volta_Mantovana_Province_of_Mantua_Lombardy.html
Ricco del Golfo di Spezia attractions, Province of La Spezia, /Attractions-g1400551-Activities-Ricco_del_Golfo_di_Spezia_Province_of_La_Spezia_Liguria.html
Baldissero Canavese attractions, Province of Turin, /Attractions-g13148140-Activities-Baldissero_Canavese_Province_of_Turin_Piedmont.html
Vinchio attractions, Province of Asti, /Attractions-g1220384-Activities-Vinchio_Province_of_Asti_Piedmont.html
Lettomanoppello attractions, Province of Pescara, /Attractions-g1924910-Activities-Lettomanoppello_Province_of_Pescara_Abruzzo.html
San Martino in Badia attractions, Province of South Tyrol, /Attractions-g1122157-Activities-San_Martino_in_Badia_Province_of_South_Tyrol_Trentino_Alto_Adige.html
Prezza attractions, Province of L'Aquila, /Attractions-g4939713-Activities-Prezza_Province_of_L_Aquila_Abruzzo.html
Brissogne attractions, Valle d'Aosta, /Attractions-g1957777-Activities-Brissogne_Valle_d_Aosta.html
Lapio attractions, Province of Avellino, /Attractions-g6922231-Activities-Lapio_Province_of_Avellino_Campania.html
Musile di Piave attractions, Province of Venice, /Attractions-g1531828-Activities-Musile_di_Piave_Veneto.html
Canegrate attractions, Province of Milan, /Attractions-g2023357-Activities-Canegrate_Province_of_Milan_Lombardy.html
Tubre attractions, Province of South Tyrol, /Attractions-g1171385-Activities-Tubre_Province_of_South_Tyrol_Trentino_Alto_Adige.html
Francavilla Marittima attractions, Province of Cosenza, /Attractions-g2269238-Activities-Francavilla_Marittima_Province_of_Cosenza_Calabria.html
Palazzago attractions, Province of Bergamo, /Attractions-g2334775-Activities-Palazzago_Province_of_Bergamo_Lombardy.html
Riesi attractions, Province of Caltanissetta, /Attractions-g3334160-Activities-Riesi_Province_of_Caltanissetta_Sicily.html
Paliano attractions, Province of Frosinone, /Attractions-g2334736-Activities-Paliano_Province_of_Frosinone_Lazio.html
Supersano attractions, Province of Lecce, /Attractions-g1237059-Activities-Supersano_Province_of_Lecce_Puglia.html
Montallegro attractions, Province of Agrigento, /Attractions-g2269260-Activities-Montallegro_Province_of_Agrigento_Sicily.html
Stella attractions, Italian Riviera, /Attractions-g2400341-Activities-Stella_Italian_Riviera_Liguria.html
Cologno al Serio attractions, Province of Bergamo, /Attractions-g663672-Activities-Cologno_al_Serio_Province_of_Bergamo_Lombardy.html
Loiano attractions, Province of Bologna, /Attractions-g1958028-Activities-Loiano_Province_of_Bologna_Emilia_Romagna.html
Comazzo attractions, Province of Lodi, /Attractions-g2400406-Activities-Comazzo_Province_of_Lodi_Lombardy.html
Panza attractions, Isola d'Ischia, /Attractions-g811247-Activities-Panza_Isola_d_Ischia_Province_of_Naples_Campania.html
Casciago attractions, Province of Varese, /Attractions-g2187464-Activities-Casciago_Province_of_Varese_Lombardy.html
Moio Alcantara attractions, Province of Messina, /Attractions-g1958131-Activities-Moio_Alcantara_Province_of_Messina_Sicily.html
Monghidoro attractions, Province of Bologna, /Attractions-g1057046-Activities-Monghidoro_Province_of_Bologna_Emilia_Romagna.html
Minucciano attractions, Province of Lucca, /Attractions-g1057032-Activities-Minucciano_Province_of_Lucca_Tuscany.html
Castel d'Azzano attractions, Province of Verona, /Attractions-g663829-Activities-Castel_d_Azzano_Province_of_Verona_Veneto.html
Corneliano d'Alba attractions, Province of Cuneo, /Attractions-g1745262-Activities-Corneliano_d_Alba_Province_of_Cuneo_Piedmont.html
