province_name, region_name, province_url
Vico nel Lazio attractions, Province of Frosinone, /Attractions-g2000195-Activities-Vico_nel_Lazio_Province_of_Frosinone_Lazio.html
Piode attractions, Province of Vercelli, /Attractions-g2098615-Activities-Piode_Province_of_Vercelli_Piedmont.html
Toano attractions, Province of Reggio Emilia, /Attractions-g2311650-Activities-Toano_Province_of_Reggio_Emilia_Emilia_Romagna.html
Origgio attractions, Province of Varese, /Attractions-g1918464-Activities-Origgio_Province_of_Varese_Lombardy.html
Clavesana attractions, Province of Cuneo, /Attractions-g1410611-Activities-Clavesana_Province_of_Cuneo_Piedmont.html
Murazzano attractions, Province of Cuneo, /Attractions-g1410647-Activities-Murazzano_Province_of_Cuneo_Piedmont.html
Scanzorosciate attractions, Province of Bergamo, /Attractions-g968308-Activities-Scanzorosciate_Province_of_Bergamo_Lombardy.html
Vertova attractions, Province of Bergamo, /Attractions-g2049727-Activities-Vertova_Province_of_Bergamo_Lombardy.html
Castelnovo del Friuli attractions, Province of Pordenone, /Attractions-g1820360-Activities-Castelnovo_del_Friuli_Province_of_Pordenone_Friuli_Venezia_Giulia.html
Santo Stefano Quisquina attractions, Province of Agrigento, /Attractions-g2049810-Activities-Santo_Stefano_Quisquina_Province_of_Agrigento_Sicily.html
Antignano attractions, Province of Asti, /Attractions-g1050422-Activities-Antignano_Province_of_Asti_Piedmont.html
Massa Fiscaglia attractions, Province of Ferrara, /Attractions-g2590482-Activities-Massa_Fiscaglia_Province_of_Ferrara_Emilia_Romagna.html
Gambolo attractions, Province of Pavia, /Attractions-g673650-Activities-Gambolo_Province_of_Pavia_Lombardy.html
Tursi attractions, Province of Matera, /Attractions-g1673147-Activities-Tursi_Province_of_Matera_Basilicata.html
Sarroch attractions, Province of Cagliari, /Attractions-g1574822-Activities-Sarroch_Province_of_Cagliari_Sardinia.html
Palestro attractions, Province of Pavia, /Attractions-g2050006-Activities-Palestro_Province_of_Pavia_Lombardy.html
Colazza attractions, Lake Maggiore, /Attractions-g2050024-Activities-Colazza_Lake_Maggiore_Piedmont.html
Santa Maria di Licodia attractions, Province of Catania, /Attractions-g1574886-Activities-Santa_Maria_di_Licodia_Province_of_Catania_Sicily.html
Roddi attractions, Province of Cuneo, /Attractions-g1574943-Activities-Roddi_Province_of_Cuneo_Piedmont.html
Bossolasco attractions, Province of Cuneo, /Attractions-g2213928-Activities-Bossolasco_Province_of_Cuneo_Piedmont.html
Montelabbate attractions, Province of Pesaro and Urbino, /Attractions-g1575033-Activities-Montelabbate_Province_of_Pesaro_and_Urbino_Marche.html
Cassina Rizzardi attractions, Province of Como, /Attractions-g3246145-Activities-Cassina_Rizzardi_Province_of_Como_Lombardy.html
Montella attractions, Province of Avellino, /Attractions-g1575054-Activities-Montella_Province_of_Avellino_Campania.html
Pescosansonesco attractions, Province of Pescara, /Attractions-g3180681-Activities-Pescosansonesco_Province_of_Pescara_Abruzzo.html
Caronia attractions, Province of Messina, /Attractions-g1575075-Activities-Caronia_Province_of_Messina_Sicily.html
Pisciotta attractions, Cilento and Vallo di Diano National Park, /Attractions-g1460419-Activities-Pisciotta_Cilento_and_Vallo_di_Diano_National_Park_Province_of_Salerno_Campania.html
Bagnone attractions, Province of Massa Carrara, /Attractions-g1460416-Activities-Bagnone_Province_of_Massa_Carrara_Tuscany.html
Pieve Fissiraga attractions, Province of Lodi, /Attractions-g2689278-Activities-Pieve_Fissiraga_Province_of_Lodi_Lombardy.html
Mergo attractions, Province of Ancona, /Attractions-g1902851-Activities-Mergo_Province_of_Ancona_Marche.html
Serravalle di Chienti attractions, Province of Macerata, /Attractions-g887086-Activities-Serravalle_di_Chienti_Province_of_Macerata_Marche.html
Bagolino attractions, Province of Brescia, /Attractions-g1526074-Activities-Bagolino_Province_of_Brescia_Lombardy.html
Vanzago attractions, Province of Milan, /Attractions-g1984863-Activities-Vanzago_Province_of_Milan_Lombardy.html
Silvi Paese attractions, Province of Teramo, /Attractions-g9587165-Activities-Silvi_Paese_Province_of_Teramo_Abruzzo.html
Cesaro attractions, Province of Messina, /Attractions-g887122-Activities-Cesaro_Province_of_Messina_Sicily.html
Castelli attractions, Province of Teramo, /Attractions-g3443023-Activities-Castelli_Province_of_Teramo_Abruzzo.html
Ittiri attractions, Province of Sassari, /Attractions-g1984864-Activities-Ittiri_Province_of_Sassari_Sardinia.html
Gallese attractions, Province of Viterbo, /Attractions-g3639717-Activities-Gallese_Province_of_Viterbo_Lazio.html
Stignano attractions, Province of Reggio Calabria, /Attractions-g1526204-Activities-Stignano_Province_of_Reggio_Calabria_Calabria.html
Bogogno attractions, Province of Novara, /Attractions-g7096943-Activities-Bogogno_Province_of_Novara_Piedmont.html
San Carlo Canavese attractions, Province of Turin, /Attractions-g3443249-Activities-San_Carlo_Canavese_Province_of_Turin_Piedmont.html
Pietramelara attractions, Province of Caserta, /Attractions-g2624000-Activities-Pietramelara_Province_of_Caserta_Campania.html
Caldiero attractions, Province of Verona, /Attractions-g1051295-Activities-Caldiero_Province_of_Verona_Veneto.html
Champdepraz attractions, Valle d'Aosta, /Attractions-g2067130-Activities-Champdepraz_Valle_d_Aosta.html
Matino attractions, Province of Lecce, /Attractions-g1411749-Activities-Matino_Province_of_Lecce_Puglia.html
Velturno attractions, Province of South Tyrol, /Attractions-g1182551-Activities-Velturno_Province_of_South_Tyrol_Trentino_Alto_Adige.html
Capizzi attractions, Province of Messina, /Attractions-g7228412-Activities-Capizzi_Province_of_Messina_Sicily.html
Cutrofiano attractions, Province of Lecce, /Attractions-g1084326-Activities-Cutrofiano_Province_of_Lecce_Puglia.html
Treglio attractions, Province of Chieti, /Attractions-g658365-Activities-Treglio_Province_of_Chieti_Abruzzo.html
Polesine Parmense attractions, Province of Parma, /Attractions-g1772460-Activities-Polesine_Parmense_Province_of_Parma_Emilia_Romagna.html
Castel Viscardo attractions, Province of Terni, /Attractions-g2280724-Activities-Castel_Viscardo_Province_of_Terni_Umbria.html
