province_name, region_name, province_url
Villa Scontrone attractions, Province of L'Aquila, /Attractions-g2620340-Activities-Villa_Scontrone_Province_of_L_Aquila_Abruzzo.html
Castelnuovo Bozzente attractions, Province of Como, /Attractions-g4979666-Activities-Castelnuovo_Bozzente_Province_of_Como_Lombardy.html
Migliaro attractions, Province of Ferrara, /Attractions-g2620288-Activities-Migliaro_Province_of_Ferrara_Emilia_Romagna.html
Roccaforte del Greco attractions, Province of Reggio Calabria, /Attractions-g7273439-Activities-Roccaforte_del_Greco_Province_of_Reggio_Calabria_Calabria.html
Petrizzi attractions, Province of Catanzaro, /Attractions-g4324336-Activities-Petrizzi_Province_of_Catanzaro_Calabria.html
Aramo attractions, Province of Pistoia, /Attractions-g2554852-Activities-Aramo_Province_of_Pistoia_Tuscany.html
Chiopris-Viscone attractions, Province of Udine, /Attractions-g2227187-Activities-Chiopris_Viscone_Province_of_Udine_Friuli_Venezia_Giulia.html
Badia Pavese attractions, Province of Pavia, /Attractions-g1915849-Activities-Badia_Pavese_Province_of_Pavia_Lombardy.html
Cerchiara attractions, Province of Rieti, /Attractions-g12139372-Activities-Cerchiara_Province_of_Rieti_Lazio.html
Schignano attractions, Lake Como, /Attractions-g1063915-Activities-Schignano_Lake_Como_Lombardy.html
Quarna Sotto attractions, Province of Verbano-Cusio-Ossola, /Attractions-g3210299-Activities-Quarna_Sotto_Province_of_Verbano_Cusio_Ossola_Piedmont.html
Trambileno attractions, Province of Trento, /Attractions-g3505209-Activities-Trambileno_Province_of_Trento_Trentino_Alto_Adige.html
Resuttano attractions, Province of Caltanissetta, /Attractions-g3210301-Activities-Resuttano_Province_of_Caltanissetta_Sicily.html
St. Christophe attractions, Valle d'Aosta, /Attractions-g736262-Activities-St_Christophe_Valle_d_Aosta.html
Zeddiani attractions, Province of Oristano, /Attractions-g8699038-Activities-Zeddiani_Province_of_Oristano_Sardinia.html
Piazzo attractions, Province of Turin, /Attractions-g3505194-Activities-Piazzo_Province_of_Turin_Piedmont.html
Comignago attractions, Province of Novara, /Attractions-g12811498-Activities-Comignago_Province_of_Novara_Piedmont.html
Bolognetta attractions, Province of Palermo, /Attractions-g1473568-Activities-Bolognetta_Province_of_Palermo_Sicily.html
Ollolai attractions, Province of Nuoro, /Attractions-g4340863-Activities-Ollolai_Province_of_Nuoro_Sardinia.html
Sala Biellese attractions, Province of Biella, /Attractions-g6028307-Activities-Sala_Biellese_Province_of_Biella_Piedmont.html
Belvi attractions, Province of Nuoro, /Attractions-g1080452-Activities-Belvi_Province_of_Nuoro_Sardinia.html
Genuri attractions, Sardinia, /Attractions-g14007363-Activities-Genuri_Sardinia.html
Sant' Agata attractions, Province of Piacenza, /Attractions-g2669707-Activities-Sant_Agata_Province_of_Piacenza_Emilia_Romagna.html
Paderno Franciacorta attractions, Province of Brescia, /Attractions-g2669708-Activities-Paderno_Franciacorta_Province_of_Brescia_Lombardy.html
Gravere attractions, Province of Turin, /Attractions-g1457363-Activities-Gravere_Province_of_Turin_Piedmont.html
Taurano attractions, Province of Avellino, /Attractions-g2358467-Activities-Taurano_Province_of_Avellino_Campania.html
Castel Vittorio attractions, Province of Imperia, /Attractions-g2358475-Activities-Castel_Vittorio_Province_of_Imperia_Liguria.html
Terrossa attractions, Province of Verona, /Attractions-g3636421-Activities-Terrossa_Province_of_Verona_Veneto.html
Rota Greca attractions, Province of Cosenza, /Attractions-g23002538-Activities-Rota_Greca_Province_of_Cosenza_Calabria.html
Linarolo attractions, Province of Pavia, /Attractions-g7175321-Activities-Linarolo_Province_of_Pavia_Lombardy.html
Petrella Liri attractions, Province of L'Aquila, /Attractions-g2374951-Activities-Petrella_Liri_Province_of_L_Aquila_Abruzzo.html
Centrache attractions, Province of Catanzaro, /Attractions-g20593712-Activities-Centrache_Province_of_Catanzaro_Calabria.html
Paullo attractions, Province of Milan, /Attractions-g2407741-Activities-Paullo_Province_of_Milan_Lombardy.html
Tenna attractions, Province of Trento, /Attractions-g1522997-Activities-Tenna_Province_of_Trento_Trentino_Alto_Adige.html
Spinoso attractions, Province of Potenza, /Attractions-g2374915-Activities-Spinoso_Province_of_Potenza_Basilicata.html
Lauriano attractions, Province of Turin, /Attractions-g4504943-Activities-Lauriano_Province_of_Turin_Piedmont.html
San Giacomo degli Schiavoni attractions, Province of Campobasso, /Attractions-g2374935-Activities-San_Giacomo_degli_Schiavoni_Province_of_Campobasso_Molise.html
San Gillio attractions, Province of Turin, /Attractions-g2407697-Activities-San_Gillio_Province_of_Turin_Piedmont.html
Ollastra attractions, Province of Oristano, /Attractions-g7060782-Activities-Ollastra_Province_of_Oristano_Sardinia.html
Pago del Vallo di Lauro attractions, Province of Avellino, /Attractions-g10288639-Activities-Pago_del_Vallo_di_Lauro_Province_of_Avellino_Campania.html
Casalvolone attractions, Province of Novara, /Attractions-g19365038-Activities-Casalvolone_Province_of_Novara_Piedmont.html
Crispano attractions, Province of Naples, /Attractions-g4799961-Activities-Crispano_Province_of_Naples_Campania.html
Monesi attractions, Province of Imperia, /Attractions-g3374483-Activities-Monesi_Province_of_Imperia_Liguria.html
Alessandria del Carretto attractions, Province of Cosenza, /Attractions-g8699177-Activities-Alessandria_del_Carretto_Province_of_Cosenza_Calabria.html
Ponticelli attractions, Province of Rieti, /Attractions-g4439551-Activities-Ponticelli_Province_of_Rieti_Lazio.html
Marzano di Nola attractions, Province of Avellino, /Attractions-g4504983-Activities-Marzano_di_Nola_Province_of_Avellino_Campania.html
Ponzano Romano attractions, Province of Rome, /Attractions-g654819-Activities-Ponzano_Romano_Province_of_Rome_Lazio.html
Fabbrica Curone attractions, Province of Alessandria, /Attractions-g3489343-Activities-Fabbrica_Curone_Province_of_Alessandria_Piedmont.html
Benestare attractions, Province of Reggio Calabria, /Attractions-g6487668-Activities-Benestare_Province_of_Reggio_Calabria_Calabria.html
Monteleone di Fermo attractions, Province of Fermo, /Attractions-g3849761-Activities-Monteleone_di_Fermo_Province_of_Fermo_Marche.html
