province_name, region_name, province_url
Resia attractions, Province of Udine, /Attractions-g8112502-Activities-Resia_Province_of_Udine_Friuli_Venezia_Giulia.html
Canal San Bovo attractions, Province of Trento, /Attractions-g1214783-Activities-Canal_San_Bovo_Province_of_Trento_Trentino_Alto_Adige.html
Grumello del Monte attractions, Province of Bergamo, /Attractions-g2033952-Activities-Grumello_del_Monte_Province_of_Bergamo_Lombardy.html
Corridonia attractions, Province of Macerata, /Attractions-g2443628-Activities-Corridonia_Province_of_Macerata_Marche.html
Enego attractions, Province of Vicenza, /Attractions-g3492222-Activities-Enego_Province_of_Vicenza_Veneto.html
Cagnano Varano attractions, Province of Foggia, /Attractions-g1083755-Activities-Cagnano_Varano_Province_of_Foggia_Puglia.html
Belgioioso attractions, Province of Pavia, /Attractions-g2296210-Activities-Belgioioso_Province_of_Pavia_Lombardy.html
Gressoney-la-Trinite attractions, Valle d'Aosta, /Attractions-g608940-Activities-Gressoney_la_Trinite_Valle_d_Aosta.html
Pennapiedimonte attractions, Province of Chieti, /Attractions-g2067157-Activities-Pennapiedimonte_Province_of_Chieti_Abruzzo.html
Triggiano attractions, Province of Bari, /Attractions-g3574590-Activities-Triggiano_Province_of_Bari_Puglia.html
Castropignano attractions, Province of Campobasso, /Attractions-g1969088-Activities-Castropignano_Province_of_Campobasso_Molise.html
Telti attractions, Province of Olbia-Tempio, /Attractions-g2100417-Activities-Telti_Province_of_Olbia_Tempio_Sardinia.html
Nova Levante attractions, Province of South Tyrol, /Attractions-g1019219-Activities-Nova_Levante_Province_of_South_Tyrol_Trentino_Alto_Adige.html
Bolognano attractions, Province of Pescara, /Attractions-g3247588-Activities-Bolognano_Province_of_Pescara_Abruzzo.html
Vallerano attractions, Province of Viterbo, /Attractions-g3247595-Activities-Vallerano_Province_of_Viterbo_Lazio.html
Serravalle Sesia attractions, Province of Vercelli, /Attractions-g4410935-Activities-Serravalle_Sesia_Province_of_Vercelli_Piedmont.html
Meduno attractions, Province of Pordenone, /Attractions-g1806138-Activities-Meduno_Province_of_Pordenone_Friuli_Venezia_Giulia.html
Moresco attractions, Province of Fermo, /Attractions-g2625442-Activities-Moresco_Province_of_Fermo_Marche.html
Allumiere attractions, Province of Rome, /Attractions-g2297781-Activities-Allumiere_Province_of_Rome_Lazio.html
Sedico attractions, Province of Belluno, /Attractions-g2691024-Activities-Sedico_Province_of_Belluno_Veneto.html
Borgonovo Val Tidone attractions, Province of Piacenza, /Attractions-g2199611-Activities-Borgonovo_Val_Tidone_Province_of_Piacenza_Emilia_Romagna.html
Valganna attractions, Province of Varese, /Attractions-g2068563-Activities-Valganna_Province_of_Varese_Lombardy.html
Segni attractions, Province of Rome, /Attractions-g2052412-Activities-Segni_Province_of_Rome_Lazio.html
Rosolini attractions, Province of Syracuse, /Attractions-g2052397-Activities-Rosolini_Province_of_Syracuse_Sicily.html
Mascali attractions, Province of Catania, /Attractions-g1069552-Activities-Mascali_Province_of_Catania_Sicily.html
Raiano attractions, Province of L'Aquila, /Attractions-g2527710-Activities-Raiano_Province_of_L_Aquila_Abruzzo.html
Egna (Neumarkt) attractions, Province of South Tyrol, /Attractions-g1069637-Activities-Egna_Neumarkt_Province_of_South_Tyrol_Trentino_Alto_Adige.html
Camerano attractions, Province of Ancona, /Attractions-g1102559-Activities-Camerano_Province_of_Ancona_Marche.html
Porto Viro attractions, Province of Rovigo, /Attractions-g1184501-Activities-Porto_Viro_Province_of_Rovigo_Veneto.html
Novate Milanese attractions, Province of Milan, /Attractions-g1118983-Activities-Novate_Milanese_Province_of_Milan_Lombardy.html
Cirie attractions, Province of Turin, /Attractions-g1053450-Activities-Cirie_Province_of_Turin_Piedmont.html
Villabassa attractions, Province of South Tyrol, /Attractions-g1020802-Activities-Villabassa_Province_of_South_Tyrol_Trentino_Alto_Adige.html
Collesano attractions, Province of Palermo, /Attractions-g1053727-Activities-Collesano_Province_of_Palermo_Sicily.html
Fonni attractions, Province of Nuoro, /Attractions-g2167921-Activities-Fonni_Province_of_Nuoro_Sardinia.html
Canossa attractions, Province of Reggio Emilia, /Attractions-g1463428-Activities-Canossa_Province_of_Reggio_Emilia_Emilia_Romagna.html
Mottola attractions, Province of Taranto, /Attractions-g644258-Activities-Mottola_Province_of_Taranto_Puglia.html
Portoscuso attractions, Province of Carbonia-Iglesias, /Attractions-g644262-Activities-Portoscuso_Province_of_Carbonia_Iglesias_Sardinia.html
Amatrice attractions, Province of Rieti, /Attractions-g1643721-Activities-Amatrice_Province_of_Rieti_Lazio.html
Palma Campania attractions, Province of Naples, /Attractions-g1644010-Activities-Palma_Campania_Province_of_Naples_Campania.html
Serrastretta attractions, Province of Catanzaro, /Attractions-g2299484-Activities-Serrastretta_Province_of_Catanzaro_Calabria.html
Rivanazzano Terme attractions, Province of Pavia, /Attractions-g2152090-Activities-Rivanazzano_Terme_Province_of_Pavia_Lombardy.html
Rivignano attractions, Province of Udine, /Attractions-g1939186-Activities-Rivignano_Province_of_Udine_Friuli_Venezia_Giulia.html
Cerro Maggiore attractions, Province of Milan, /Attractions-g776177-Activities-Cerro_Maggiore_Province_of_Milan_Lombardy.html
Condofuri attractions, Province of Reggio Calabria, /Attractions-g1972375-Activities-Condofuri_Province_of_Reggio_Calabria_Calabria.html
Dro attractions, Province of Trento, /Attractions-g1186085-Activities-Dro_Province_of_Trento_Trentino_Alto_Adige.html
Palombara Sabina attractions, Province of Rome, /Attractions-g1972556-Activities-Palombara_Sabina_Province_of_Rome_Lazio.html
Pezzaze attractions, Province of Brescia, /Attractions-g12360169-Activities-Pezzaze_Province_of_Brescia_Lombardy.html
Marliana attractions, Province of Pistoia, /Attractions-g1972595-Activities-Marliana_Province_of_Pistoia_Tuscany.html
Busana attractions, Province of Reggio Emilia, /Attractions-g1972580-Activities-Busana_Province_of_Reggio_Emilia_Emilia_Romagna.html
Ostiglia attractions, Province of Mantua, /Attractions-g2054623-Activities-Ostiglia_Province_of_Mantua_Lombardy.html
