province_name, region_name, province_url
Mosciano Sant'Angelo attractions, Province of Teramo, /Attractions-g2275192-Activities-Mosciano_Sant_Angelo_Province_of_Teramo_Abruzzo.html
Orsogna attractions, Province of Chieti, /Attractions-g1079149-Activities-Orsogna_Province_of_Chieti_Abruzzo.html
Pagani attractions, Province of Salerno, /Attractions-g1439742-Activities-Pagani_Province_of_Salerno_Campania.html
Ponte di Legno attractions, Province of Brescia, /Attractions-g194852-Activities-Ponte_di_Legno_Province_of_Brescia_Lombardy.html
Porto San Giorgio attractions, Province of Fermo, /Attractions-g194859-Activities-Porto_San_Giorgio_Province_of_Fermo_Marche.html
Colle Umberto attractions, Province of Treviso, /Attractions-g1833250-Activities-Colle_Umberto_Province_of_Treviso_Veneto.html
San Vincenzo attractions, Province of Livorno, /Attractions-g194901-Activities-San_Vincenzo_Province_of_Livorno_Tuscany.html
Campo Tures attractions, Province of South Tyrol, /Attractions-g670615-Activities-Campo_Tures_Province_of_South_Tyrol_Trentino_Alto_Adige.html
Terre Roveresche attractions, Province of Pesaro and Urbino, /Attractions-g14171376-Activities-Terre_Roveresche_Province_of_Pesaro_and_Urbino_Marche.html
Putignano attractions, Province of Bari, /Attractions-g1080433-Activities-Putignano_Province_of_Bari_Puglia.html
Celano attractions, Province of L'Aquila, /Attractions-g1048253-Activities-Celano_Province_of_L_Aquila_Abruzzo.html
Susegana attractions, Province of Treviso, /Attractions-g1081169-Activities-Susegana_Province_of_Treviso_Veneto.html
Calatafimi-Segesta attractions, Province of Trapani, /Attractions-g1081442-Activities-Calatafimi_Segesta_Province_of_Trapani_Sicily.html
Mirandola attractions, Province of Modena, /Attractions-g1180045-Activities-Mirandola_Province_of_Modena_Emilia_Romagna.html
Forni Avoltri attractions, Province of Udine, /Attractions-g1720848-Activities-Forni_Avoltri_Province_of_Udine_Friuli_Venezia_Giulia.html
San Nicola Arcella attractions, Province of Cosenza, /Attractions-g951373-Activities-San_Nicola_Arcella_Province_of_Cosenza_Calabria.html
Cianciana attractions, Province of Agrigento, /Attractions-g2638957-Activities-Cianciana_Province_of_Agrigento_Sicily.html
Arcidosso attractions, Province of Grosseto, /Attractions-g1050424-Activities-Arcidosso_Province_of_Grosseto_Tuscany.html
Marina di Ginosa attractions, Province of Taranto, /Attractions-g1575046-Activities-Marina_di_Ginosa_Province_of_Taranto_Puglia.html
Prato Carnico attractions, Province of Udine, /Attractions-g2067045-Activities-Prato_Carnico_Province_of_Udine_Friuli_Venezia_Giulia.html
Vo attractions, Province of Padua, /Attractions-g2067044-Activities-Vo_Province_of_Padua_Veneto.html
Assemini attractions, Province of Cagliari, /Attractions-g608904-Activities-Assemini_Province_of_Cagliari_Sardinia.html
Cinisi attractions, Province of Palermo, /Attractions-g642181-Activities-Cinisi_Province_of_Palermo_Sicily.html
Montecchio Maggiore attractions, Province of Vicenza, /Attractions-g642194-Activities-Montecchio_Maggiore_Province_of_Vicenza_Veneto.html
Comano Terme attractions, Province of Trento, /Attractions-g2068603-Activities-Comano_Terme_Province_of_Trento_Trentino_Alto_Adige.html
Carate Brianza attractions, Province of Monza and Brianza, /Attractions-g1675574-Activities-Carate_Brianza_Province_of_Monza_and_Brianza_Lombardy.html
Marano Lagunare attractions, Province of Udine, /Attractions-g1986857-Activities-Marano_Lagunare_Province_of_Udine_Friuli_Venezia_Giulia.html
Galliate attractions, Province of Novara, /Attractions-g2052557-Activities-Galliate_Province_of_Novara_Piedmont.html
Agordo attractions, Province of Belluno, /Attractions-g1201175-Activities-Agordo_Province_of_Belluno_Veneto.html
Sermoneta attractions, Province of Latina, /Attractions-g1643728-Activities-Sermoneta_Province_of_Latina_Lazio.html
Carsoli attractions, Province of L'Aquila, /Attractions-g2184485-Activities-Carsoli_Province_of_L_Aquila_Abruzzo.html
Gavi attractions, Province of Alessandria, /Attractions-g1054634-Activities-Gavi_Province_of_Alessandria_Piedmont.html
Isola del Gran Sasso d'Italia attractions, Province of Teramo, /Attractions-g1169495-Activities-Isola_del_Gran_Sasso_d_Italia_Province_of_Teramo_Abruzzo.html
Andalo attractions, Province of Trento, /Attractions-g612437-Activities-Andalo_Province_of_Trento_Trentino_Alto_Adige.html
San Marco in Lamis attractions, Province of Foggia, /Attractions-g2021720-Activities-San_Marco_in_Lamis_Province_of_Foggia_Puglia.html
Bibbiena attractions, Province of Arezzo, /Attractions-g1022306-Activities-Bibbiena_Province_of_Arezzo_Tuscany.html
Sanluri attractions, Province of Medio Campidano, /Attractions-g1202566-Activities-Sanluri_Province_of_Medio_Campidano_Sardinia.html
Biancavilla attractions, Province of Catania, /Attractions-g2136744-Activities-Biancavilla_Province_of_Catania_Sicily.html
Settimo Torinese attractions, Province of Turin, /Attractions-g1055360-Activities-Settimo_Torinese_Province_of_Turin_Piedmont.html
Mondolfo attractions, Province of Pesaro and Urbino, /Attractions-g2186057-Activities-Mondolfo_Province_of_Pesaro_and_Urbino_Marche.html
Pontebba attractions, Province of Udine, /Attractions-g1973425-Activities-Pontebba_Province_of_Udine_Friuli_Venezia_Giulia.html
Vernazza attractions, Cinque Terre, /Attractions-g187822-Activities-Vernazza_Cinque_Terre_Italian_Riviera_Liguria.html
Isola della Scala attractions, Province of Verona, /Attractions-g1728053-Activities-Isola_della_Scala_Province_of_Verona_Veneto.html
Ornavasso attractions, Province of Verbano-Cusio-Ossola, /Attractions-g2530905-Activities-Ornavasso_Province_of_Verbano_Cusio_Ossola_Piedmont.html
Budoia attractions, Province of Pordenone, /Attractions-g1400479-Activities-Budoia_Province_of_Pordenone_Friuli_Venezia_Giulia.html
Gussago attractions, Province of Brescia, /Attractions-g1924856-Activities-Gussago_Province_of_Brescia_Lombardy.html
Palazzolo Acreide attractions, Province of Syracuse, /Attractions-g1204633-Activities-Palazzolo_Acreide_Province_of_Syracuse_Sicily.html
Albisola Superiore attractions, Italian Riviera, /Attractions-g1810905-Activities-Albisola_Superiore_Italian_Riviera_Liguria.html
Gaiarine attractions, Province of Treviso, /Attractions-g2204503-Activities-Gaiarine_Province_of_Treviso_Veneto.html
Casalzuigno attractions, Province of Varese, /Attractions-g1402246-Activities-Casalzuigno_Province_of_Varese_Lombardy.html
