province_name, region_name, province_url
Formazza attractions, Province of Verbano-Cusio-Ossola, /Attractions-g1593962-Activities-Formazza_Province_of_Verbano_Cusio_Ossola_Piedmont.html
Corinaldo attractions, Province of Ancona, /Attractions-g1053766-Activities-Corinaldo_Province_of_Ancona_Marche.html
Caprera attractions, Province of Olbia-Tempio, /Attractions-g612432-Activities-Caprera_Province_of_Olbia_Tempio_Sardinia.html
Mistretta attractions, Province of Messina, /Attractions-g858372-Activities-Mistretta_Province_of_Messina_Sicily.html
Ardea attractions, Province of Rome, /Attractions-g1005935-Activities-Ardea_Province_of_Rome_Lazio.html
Capracotta attractions, Province of Isernia, /Attractions-g1972581-Activities-Capracotta_Province_of_Isernia_Molise.html
Pulfero attractions, Province of Udine, /Attractions-g2398626-Activities-Pulfero_Province_of_Udine_Friuli_Venezia_Giulia.html
Solofra attractions, Province of Avellino, /Attractions-g580206-Activities-Solofra_Province_of_Avellino_Campania.html
Cameri attractions, Province of Novara, /Attractions-g2136941-Activities-Cameri_Province_of_Novara_Piedmont.html
Poggio Torriana attractions, Province of Rimini, /Attractions-g12622935-Activities-Poggio_Torriana_Province_of_Rimini_Emilia_Romagna.html
Lendinara attractions, Province of Rovigo, /Attractions-g2153863-Activities-Lendinara_Province_of_Rovigo_Veneto.html
Vizzini attractions, Province of Catania, /Attractions-g1973808-Activities-Vizzini_Province_of_Catania_Sicily.html
Pasiano di Pordenone attractions, Province of Pordenone, /Attractions-g1400475-Activities-Pasiano_di_Pordenone_Province_of_Pordenone_Friuli_Venezia_Giulia.html
Castelnuovo Don Bosco attractions, Province of Asti, /Attractions-g2531169-Activities-Castelnuovo_Don_Bosco_Province_of_Asti_Piedmont.html
Marone attractions, Province of Brescia, /Attractions-g1531872-Activities-Marone_Province_of_Brescia_Lombardy.html
Cannobio attractions, Lake Maggiore, /Attractions-g664168-Activities-Cannobio_Lake_Maggiore_Piedmont.html
Mandello del Lario attractions, Lake Como, /Attractions-g664190-Activities-Mandello_del_Lario_Lake_Como_Lombardy.html
Piancavallo attractions, Province of Pordenone, /Attractions-g1057616-Activities-Piancavallo_Province_of_Pordenone_Friuli_Venezia_Giulia.html
Caltabellotta attractions, Province of Agrigento, /Attractions-g1221543-Activities-Caltabellotta_Province_of_Agrigento_Sicily.html
Prata di Pordenone attractions, Province of Pordenone, /Attractions-g1057999-Activities-Prata_di_Pordenone_Province_of_Pordenone_Friuli_Venezia_Giulia.html
Scorrano attractions, Province of Lecce, /Attractions-g2221707-Activities-Scorrano_Province_of_Lecce_Puglia.html
San Mauro Pascoli attractions, Province of Forli-Cesena, /Attractions-g1026467-Activities-San_Mauro_Pascoli_Province_of_Forli_Cesena_Emilia_Romagna.html
Vairano Patenora attractions, Province of Caserta, /Attractions-g2337487-Activities-Vairano_Patenora_Province_of_Caserta_Campania.html
Fratta Polesine attractions, Province of Rovigo, /Attractions-g2338161-Activities-Fratta_Polesine_Province_of_Rovigo_Veneto.html
Montecchio Precalcino attractions, Province of Vicenza, /Attractions-g3452602-Activities-Montecchio_Precalcino_Province_of_Vicenza_Veneto.html
Montescaglioso attractions, Province of Matera, /Attractions-g1061116-Activities-Montescaglioso_Province_of_Matera_Basilicata.html
Magliano de' Marsi attractions, Province of L'Aquila, /Attractions-g2634024-Activities-Magliano_de_Marsi_Province_of_L_Aquila_Abruzzo.html
Terrasini attractions, Province of Palermo, /Attractions-g652028-Activities-Terrasini_Province_of_Palermo_Sicily.html
Anversa degli Abruzzi attractions, Province of L'Aquila, /Attractions-g1929984-Activities-Anversa_degli_Abruzzi_Province_of_L_Aquila_Abruzzo.html
Rovato attractions, Province of Brescia, /Attractions-g1930032-Activities-Rovato_Province_of_Brescia_Lombardy.html
Ronco Canavese attractions, Province of Turin, /Attractions-g7648063-Activities-Ronco_Canavese_Province_of_Turin_Piedmont.html
Cocquio-Trevisago attractions, Province of Varese, /Attractions-g2356108-Activities-Cocquio_Trevisago_Province_of_Varese_Lombardy.html
Valfabbrica attractions, Province of Perugia, /Attractions-g1438741-Activities-Valfabbrica_Province_of_Perugia_Umbria.html
Valvasone attractions, Province of Pordenone, /Attractions-g1554316-Activities-Valvasone_Province_of_Pordenone_Friuli_Venezia_Giulia.html
Chiesa In Valmalenco attractions, Province of Sondrio, /Attractions-g194736-Activities-Chiesa_In_Valmalenco_Province_of_Sondrio_Lombardy.html
Genazzano attractions, Province of Rome, /Attractions-g1227140-Activities-Genazzano_Province_of_Rome_Lazio.html
Mogliano attractions, Province of Macerata, /Attractions-g670553-Activities-Mogliano_Province_of_Macerata_Marche.html
Prepotto attractions, Province of Udine, /Attractions-g2308935-Activities-Prepotto_Province_of_Udine_Friuli_Venezia_Giulia.html
Morgex attractions, Valle d'Aosta, /Attractions-g736257-Activities-Morgex_Valle_d_Aosta.html
Caravaggio attractions, Province of Bergamo, /Attractions-g1916009-Activities-Caravaggio_Province_of_Bergamo_Lombardy.html
Francofonte attractions, Province of Syracuse, /Attractions-g1785343-Activities-Francofonte_Province_of_Syracuse_Sicily.html
Calasetta attractions, Isola di Sant Antioco, /Attractions-g1015351-Activities-Calasetta_Isola_di_Sant_Antioco_Province_of_Carbonia_Iglesias_Sardinia.html
Anagni attractions, Province of Frosinone, /Attractions-g1081282-Activities-Anagni_Province_of_Frosinone_Lazio.html
Santo Stefano di Cadore attractions, Province of Belluno, /Attractions-g1081443-Activities-Santo_Stefano_di_Cadore_Province_of_Belluno_Veneto.html
Sotto il Monte Giovanni XXIII attractions, Province of Bergamo, /Attractions-g966822-Activities-Sotto_il_Monte_Giovanni_XXIII_Province_of_Bergamo_Lombardy.html
Suvereto attractions, Province of Livorno, /Attractions-g1180066-Activities-Suvereto_Province_of_Livorno_Tuscany.html
Lizzano in Belvedere attractions, Province of Bologna, /Attractions-g1459050-Activities-Lizzano_in_Belvedere_Province_of_Bologna_Emilia_Romagna.html
San Leo attractions, Province of Rimini, /Attractions-g1787081-Activities-San_Leo_Province_of_Rimini_Emilia_Romagna.html
Serralunga d'Alba attractions, Province of Cuneo, /Attractions-g1410632-Activities-Serralunga_d_Alba_Province_of_Cuneo_Piedmont.html
Oulx attractions, Province of Turin, /Attractions-g1410698-Activities-Oulx_Province_of_Turin_Piedmont.html
