province_name, region_name, province_url
Castel di Casio attractions, Province of Bologna, /Attractions-g2538389-Activities-Castel_di_Casio_Province_of_Bologna_Emilia_Romagna.html
Santo Stefano al Mare attractions, Italian Riviera, /Attractions-g670653-Activities-Santo_Stefano_al_Mare_Italian_Riviera_Liguria.html
Pennadomo attractions, Province of Chieti, /Attractions-g1932224-Activities-Pennadomo_Province_of_Chieti_Abruzzo.html
Miasino attractions, Province of Novara, /Attractions-g2014202-Activities-Miasino_Province_of_Novara_Piedmont.html
Villa Estense attractions, Province of Padua, /Attractions-g8682360-Activities-Villa_Estense_Province_of_Padua_Veneto.html
St. Pierre attractions, Valle d'Aosta, /Attractions-g736246-Activities-St_Pierre_Valle_d_Aosta.html
Sarre attractions, Valle d'Aosta, /Attractions-g736263-Activities-Sarre_Valle_d_Aosta.html
Bard attractions, Valle d'Aosta, /Attractions-g1162417-Activities-Bard_Valle_d_Aosta.html
Ortucchio attractions, Province of L'Aquila, /Attractions-g7208318-Activities-Ortucchio_Province_of_L_Aquila_Abruzzo.html
Casal di Principe attractions, Province of Caserta, /Attractions-g3783974-Activities-Casal_di_Principe_Province_of_Caserta_Campania.html
Nazzano attractions, Province of Rome, /Attractions-g2374928-Activities-Nazzano_Province_of_Rome_Lazio.html
Perinaldo attractions, Province of Imperia, /Attractions-g2374943-Activities-Perinaldo_Province_of_Imperia_Liguria.html
Arsita attractions, Province of Teramo, /Attractions-g7060788-Activities-Arsita_Province_of_Teramo_Abruzzo.html
Vitulazio attractions, Province of Caserta, /Attractions-g1047986-Activities-Vitulazio_Province_of_Caserta_Campania.html
Cervesina attractions, Province of Pavia, /Attractions-g1572308-Activities-Cervesina_Province_of_Pavia_Lombardy.html
Castel San Giovanni attractions, Province of Piacenza, /Attractions-g1785338-Activities-Castel_San_Giovanni_Province_of_Piacenza_Emilia_Romagna.html
Castiglione in Teverina attractions, Province of Viterbo, /Attractions-g1785342-Activities-Castiglione_in_Teverina_Province_of_Viterbo_Lazio.html
Ferrara di Monte Baldo attractions, Province of Verona, /Attractions-g1785335-Activities-Ferrara_di_Monte_Baldo_Province_of_Verona_Veneto.html
San Fiorano attractions, Province of Lodi, /Attractions-g10501797-Activities-San_Fiorano_Province_of_Lodi_Lombardy.html
Pietraperzia attractions, Province of Enna, /Attractions-g6487658-Activities-Pietraperzia_Province_of_Enna_Sicily.html
Oratino attractions, Province of Campobasso, /Attractions-g1408521-Activities-Oratino_Province_of_Campobasso_Molise.html
Petrosino attractions, Province of Trapani, /Attractions-g1015370-Activities-Petrosino_Province_of_Trapani_Sicily.html
Lamon attractions, Province of Belluno, /Attractions-g3456598-Activities-Lamon_Province_of_Belluno_Veneto.html
Salle attractions, Province of Pescara, /Attractions-g4914727-Activities-Salle_Province_of_Pescara_Abruzzo.html
San Cataldo attractions, Province of Lecce, /Attractions-g1179337-Activities-San_Cataldo_Province_of_Lecce_Puglia.html
Casalabate attractions, Province of Lecce, /Attractions-g1179340-Activities-Casalabate_Province_of_Lecce_Puglia.html
San Martino di Venezze attractions, Province of Rovigo, /Attractions-g1605380-Activities-San_Martino_di_Venezze_Province_of_Rovigo_Veneto.html
Belvedere Ostrense attractions, Province of Ancona, /Attractions-g1916725-Activities-Belvedere_Ostrense_Province_of_Ancona_Marche.html
Calasca Castiglione attractions, Province of Verbano-Cusio-Ossola, /Attractions-g12812188-Activities-Calasca_Castiglione_Province_of_Verbano_Cusio_Ossola_Piedmont.html
Bubbio attractions, Province of Asti, /Attractions-g1916801-Activities-Bubbio_Province_of_Asti_Piedmont.html
Sandrigo attractions, Province of Vicenza, /Attractions-g1081274-Activities-Sandrigo_Province_of_Vicenza_Veneto.html
Cartura attractions, Province of Padua, /Attractions-g4505701-Activities-Cartura_Province_of_Padua_Veneto.html
Mondaino attractions, Province of Rimini, /Attractions-g1933367-Activities-Mondaino_Province_of_Rimini_Emilia_Romagna.html
Pollutri attractions, Province of Chieti, /Attractions-g2293776-Activities-Pollutri_Province_of_Chieti_Abruzzo.html
Spongano attractions, Province of Lecce, /Attractions-g1048619-Activities-Spongano_Province_of_Lecce_Puglia.html
Moio della Civitella attractions, Province of Salerno, /Attractions-g3457088-Activities-Moio_della_Civitella_Province_of_Salerno_Campania.html
Roccacasale attractions, Province of L'Aquila, /Attractions-g1081446-Activities-Roccacasale_Province_of_L_Aquila_Abruzzo.html
Albano di Lucania attractions, Province of Potenza, /Attractions-g3457091-Activities-Albano_di_Lucania_Province_of_Potenza_Basilicata.html
Aviatico attractions, Province of Bergamo, /Attractions-g966813-Activities-Aviatico_Province_of_Bergamo_Lombardy.html
Bagnolo Mella attractions, Province of Brescia, /Attractions-g2064523-Activities-Bagnolo_Mella_Province_of_Brescia_Lombardy.html
Tassullo attractions, Province of Trento, /Attractions-g1425583-Activities-Tassullo_Province_of_Trento_Trentino_Alto_Adige.html
San Gregorio di Catania attractions, Province of Catania, /Attractions-g2277622-Activities-San_Gregorio_di_Catania_Province_of_Catania_Sicily.html
Roccarainola attractions, Province of Naples, /Attractions-g2654504-Activities-Roccarainola_Province_of_Naples_Campania.html
Usseglio attractions, Province of Turin, /Attractions-g1753344-Activities-Usseglio_Province_of_Turin_Piedmont.html
Pietracupa attractions, Province of Campobasso, /Attractions-g8028662-Activities-Pietracupa_Province_of_Campobasso_Molise.html
Pieve del Cairo attractions, Province of Pavia, /Attractions-g3457454-Activities-Pieve_del_Cairo_Province_of_Pavia_Lombardy.html
Mercato Saraceno attractions, Province of Forli-Cesena, /Attractions-g1180040-Activities-Mercato_Saraceno_Province_of_Forli_Cesena_Emilia_Romagna.html
Pelago attractions, Province of Florence, /Attractions-g1180065-Activities-Pelago_Tuscany.html
Rufina attractions, Province of Florence, /Attractions-g1180071-Activities-Rufina_Tuscany.html
Vaiano attractions, Province of Prato, /Attractions-g1180068-Activities-Vaiano_Province_of_Prato_Tuscany.html
