province_name, region_name, province_url
Narzole attractions, Province of Cuneo, /Attractions-g1973354-Activities-Narzole_Province_of_Cuneo_Piedmont.html
Venegono Inferiore attractions, Province of Varese, /Attractions-g2186368-Activities-Venegono_Inferiore_Province_of_Varese_Lombardy.html
Siziano attractions, Province of Pavia, /Attractions-g2268314-Activities-Siziano_Province_of_Pavia_Lombardy.html
Goriano Valli attractions, Province of L'Aquila, /Attractions-g12573822-Activities-Goriano_Valli_Province_of_L_Aquila_Abruzzo.html
Vinchiaturo attractions, Province of Campobasso, /Attractions-g1760453-Activities-Vinchiaturo_Province_of_Campobasso_Molise.html
Croviana attractions, Province of Trento, /Attractions-g1924336-Activities-Croviana_Province_of_Trento_Trentino_Alto_Adige.html
Compiano attractions, Province of Parma, /Attractions-g1760493-Activities-Compiano_Province_of_Parma_Emilia_Romagna.html
Taino attractions, Province of Varese, /Attractions-g1187098-Activities-Taino_Province_of_Varese_Lombardy.html
Bariano attractions, Province of Bergamo, /Attractions-g2333997-Activities-Bariano_Province_of_Bergamo_Lombardy.html
Roncegno Terme attractions, Province of Trento, /Attractions-g1187122-Activities-Roncegno_Terme_Province_of_Trento_Trentino_Alto_Adige.html
Pollone attractions, Province of Biella, /Attractions-g2333964-Activities-Pollone_Province_of_Biella_Piedmont.html
Bizzarone attractions, Province of Como, /Attractions-g2268432-Activities-Bizzarone_Province_of_Como_Lombardy.html
San Valentino alla Muta attractions, Province of South Tyrol, /Attractions-g1187115-Activities-San_Valentino_alla_Muta_Province_of_South_Tyrol_Trentino_Alto_Adige.html
Calvi attractions, Province of Benevento, /Attractions-g6495581-Activities-Calvi_Province_of_Benevento_Campania.html
Almenno San Salvatore attractions, Province of Bergamo, /Attractions-g2088273-Activities-Almenno_San_Salvatore_Province_of_Bergamo_Lombardy.html
Brentino Belluno attractions, Province of Verona, /Attractions-g2153894-Activities-Brentino_Belluno_Province_of_Verona_Veneto.html
Casalnoceto attractions, Province of Alessandria, /Attractions-g2153896-Activities-Casalnoceto_Province_of_Alessandria_Piedmont.html
San Romano in Garfagnana attractions, Province of Lucca, /Attractions-g2137517-Activities-San_Romano_in_Garfagnana_Province_of_Lucca_Tuscany.html
Cannole attractions, Province of Lecce, /Attractions-g1645966-Activities-Cannole_Province_of_Lecce_Puglia.html
Villar Perosa attractions, Province of Turin, /Attractions-g2153926-Activities-Villar_Perosa_Province_of_Turin_Piedmont.html
Pegognaga attractions, Province of Mantua, /Attractions-g1973849-Activities-Pegognaga_Province_of_Mantua_Lombardy.html
Sant'Angelo a Fasanella attractions, Province of Salerno, /Attractions-g1973846-Activities-Sant_Angelo_a_Fasanella_Province_of_Salerno_Campania.html
San Gregorio Magno attractions, Province of Salerno, /Attractions-g2416247-Activities-San_Gregorio_Magno_Province_of_Salerno_Campania.html
Colli a Volturno attractions, Province of Isernia, /Attractions-g2530884-Activities-Colli_a_Volturno_Province_of_Isernia_Molise.html
Montiano attractions, Province of Forli-Cesena, /Attractions-g1924727-Activities-Montiano_Province_of_Forli_Cesena_Emilia_Romagna.html
Losine attractions, Province of Brescia, /Attractions-g3530315-Activities-Losine_Province_of_Brescia_Lombardy.html
Fiesso Umbertiano attractions, Province of Rovigo, /Attractions-g5005012-Activities-Fiesso_Umbertiano_Province_of_Rovigo_Veneto.html
Montorso Vicentino attractions, Province of Vicenza, /Attractions-g3710613-Activities-Montorso_Vicentino_Province_of_Vicenza_Veneto.html
Carpineto Sinello attractions, Province of Chieti, /Attractions-g4923109-Activities-Carpineto_Sinello_Province_of_Chieti_Abruzzo.html
San Giorgio la Molara attractions, Province of Benevento, /Attractions-g3710600-Activities-San_Giorgio_la_Molara_Province_of_Benevento_Campania.html
Mezzanego attractions, Province of Genoa, /Attractions-g1400546-Activities-Mezzanego_Province_of_Genoa_Liguria.html
Carpasio attractions, Province of Imperia, /Attractions-g1400559-Activities-Carpasio_Province_of_Imperia_Liguria.html
Nerola attractions, Province of Rome, /Attractions-g1400630-Activities-Nerola_Province_of_Rome_Lazio.html
Martis attractions, Province of Sassari, /Attractions-g1941298-Activities-Martis_Province_of_Sassari_Sardinia.html
Selci attractions, Province of Rieti, /Attractions-g1400611-Activities-Selci_Province_of_Rieti_Lazio.html
Mombello Monferrato attractions, Province of Alessandria, /Attractions-g1924906-Activities-Mombello_Monferrato_Province_of_Alessandria_Piedmont.html
Bomporto attractions, Province of Modena, /Attractions-g1924897-Activities-Bomporto_Province_of_Modena_Emilia_Romagna.html
Lorsica attractions, Province of Genoa, /Attractions-g7626546-Activities-Lorsica_Province_of_Genoa_Liguria.html
Albanella attractions, Province of Salerno, /Attractions-g1892244-Activities-Albanella_Province_of_Salerno_Campania.html
Nissoria attractions, Province of Enna, /Attractions-g1892246-Activities-Nissoria_Province_of_Enna_Sicily.html
Brolo attractions, Province of Messina, /Attractions-g1957779-Activities-Brolo_Province_of_Messina_Sicily.html
Garlenda attractions, Province of Savona, /Attractions-g1580979-Activities-Garlenda_Province_of_Savona_Liguria.html
Levone attractions, Province of Turin, /Attractions-g12082950-Activities-Levone_Province_of_Turin_Piedmont.html
Pontestura attractions, Province of Alessandria, /Attractions-g1531882-Activities-Pontestura_Province_of_Alessandria_Piedmont.html
Torviscosa attractions, Province of Udine, /Attractions-g2400366-Activities-Torviscosa_Province_of_Udine_Friuli_Venezia_Giulia.html
Mezzenile attractions, Province of Turin, /Attractions-g8134887-Activities-Mezzenile_Province_of_Turin_Piedmont.html
Sant'Ippolito attractions, Province of Pesaro and Urbino, /Attractions-g2334868-Activities-Sant_Ippolito_Province_of_Pesaro_and_Urbino_Marche.html
Tolve attractions, Province of Potenza, /Attractions-g7348394-Activities-Tolve_Province_of_Potenza_Basilicata.html
Dossena attractions, Province of Bergamo, /Attractions-g2318536-Activities-Dossena_Province_of_Bergamo_Lombardy.html
Zerbolo attractions, Province of Pavia, /Attractions-g12083629-Activities-Zerbolo_Province_of_Pavia_Lombardy.html
