province_name, region_name, province_url
Appignano attractions, Province of Macerata, /Attractions-g1933788-Activities-Appignano_Province_of_Macerata_Marche.html
Lurate Caccivio attractions, Province of Como, /Attractions-g2359760-Activities-Lurate_Caccivio_Province_of_Como_Lombardy.html
Santhia attractions, Province of Vercelli, /Attractions-g2048481-Activities-Santhia_Province_of_Vercelli_Piedmont.html
Picinisco attractions, Province of Frosinone, /Attractions-g2277943-Activities-Picinisco_Province_of_Frosinone_Lazio.html
Saviano attractions, Province of Naples, /Attractions-g3588623-Activities-Saviano_Province_of_Naples_Campania.html
Senerchia attractions, Province of Avellino, /Attractions-g3457551-Activities-Senerchia_Province_of_Avellino_Campania.html
Cavaglia attractions, Province of Biella, /Attractions-g230070-Activities-Cavaglia_Province_of_Biella_Piedmont.html
Calderara di Reno attractions, Province of Bologna, /Attractions-g230068-Activities-Calderara_di_Reno_Province_of_Bologna_Emilia_Romagna.html
Castagnole Monferrato attractions, Province of Asti, /Attractions-g2360050-Activities-Castagnole_Monferrato_Province_of_Asti_Piedmont.html
Brossasco attractions, Province of Cuneo, /Attractions-g2048704-Activities-Brossasco_Province_of_Cuneo_Piedmont.html
Val di Nizza attractions, Province of Pavia, /Attractions-g2278150-Activities-Val_di_Nizza_Province_of_Pavia_Lombardy.html
Guardialfiera attractions, Province of Campobasso, /Attractions-g1147680-Activities-Guardialfiera_Province_of_Campobasso_Molise.html
Borore attractions, Province of Nuoro, /Attractions-g3490677-Activities-Borore_Province_of_Nuoro_Sardinia.html
Parmarola Island attractions, Ponza Island, /Attractions-g15221675-Activities-Parmarola_Island_Ponza_Island_Province_of_Latina_Lazio.html
Castelfranco di Sotto attractions, Province of Pisa, /Attractions-g1934165-Activities-Castelfranco_di_Sotto_Province_of_Pisa_Tuscany.html
Molazzana attractions, Province of Lucca, /Attractions-g1934158-Activities-Molazzana_Province_of_Lucca_Tuscany.html
Fosciandora attractions, Province of Lucca, /Attractions-g1934154-Activities-Fosciandora_Province_of_Lucca_Tuscany.html
Villar Dora attractions, Province of Turin, /Attractions-g2081649-Activities-Villar_Dora_Province_of_Turin_Piedmont.html
Montodine attractions, Province of Cremona, /Attractions-g3654559-Activities-Montodine_Province_of_Cremona_Lombardy.html
Santa Valburga attractions, Province of South Tyrol, /Attractions-g2048961-Activities-Santa_Valburga_Province_of_South_Tyrol_Trentino_Alto_Adige.html
Bolano attractions, Province of La Spezia, /Attractions-g1999903-Activities-Bolano_Province_of_La_Spezia_Liguria.html
Coseano attractions, Province of Udine, /Attractions-g5538919-Activities-Coseano_Province_of_Udine_Friuli_Venezia_Giulia.html
Pontinvrea attractions, Province of Savona, /Attractions-g2360427-Activities-Pontinvrea_Province_of_Savona_Liguria.html
Cortino attractions, Province of Teramo, /Attractions-g13223063-Activities-Cortino_Province_of_Teramo_Abruzzo.html
Sillavengo attractions, Province of Novara, /Attractions-g1819757-Activities-Sillavengo_Province_of_Novara_Piedmont.html
Tavazzano con Villavesco attractions, Province of Lodi, /Attractions-g2081923-Activities-Tavazzano_con_Villavesco_Province_of_Lodi_Lombardy.html
Monte Rinaldo attractions, Province of Fermo, /Attractions-g1983691-Activities-Monte_Rinaldo_Province_of_Fermo_Marche.html
Sant'Agostino attractions, Province of Ferrara, /Attractions-g1787085-Activities-Sant_Agostino_Province_of_Ferrara_Emilia_Romagna.html
Atzara attractions, Province of Nuoro, /Attractions-g2213059-Activities-Atzara_Province_of_Nuoro_Sardinia.html
Fagnano Castello attractions, Province of Cosenza, /Attractions-g4818275-Activities-Fagnano_Castello_Province_of_Cosenza_Calabria.html
San Salvatore Monferrato attractions, Province of Alessandria, /Attractions-g1918297-Activities-San_Salvatore_Monferrato_Province_of_Alessandria_Piedmont.html
Campagnola Emilia attractions, Province of Reggio Emilia, /Attractions-g1918298-Activities-Campagnola_Emilia_Province_of_Reggio_Emilia_Emilia_Romagna.html
Frassineto Po attractions, Province of Alessandria, /Attractions-g3491235-Activities-Frassineto_Po_Province_of_Alessandria_Piedmont.html
Campodimele attractions, Province of Latina, /Attractions-g3491228-Activities-Campodimele_Province_of_Latina_Lazio.html
Alme attractions, Province of Bergamo, /Attractions-g1213863-Activities-Alme_Province_of_Bergamo_Lombardy.html
Torrebelvicino attractions, Province of Vicenza, /Attractions-g2213313-Activities-Torrebelvicino_Province_of_Vicenza_Veneto.html
Magliano Alfieri attractions, Province of Cuneo, /Attractions-g1410696-Activities-Magliano_Alfieri_Province_of_Cuneo_Piedmont.html
San Giorgio Morgeto attractions, Province of Reggio Calabria, /Attractions-g3606167-Activities-San_Giorgio_Morgeto_Province_of_Reggio_Calabria_Calabria.html
Sant'Anatolia di Narco attractions, Province of Perugia, /Attractions-g1574676-Activities-Sant_Anatolia_di_Narco_Province_of_Perugia_Umbria.html
Villanovaforru attractions, Province of Medio Campidano, /Attractions-g1902337-Activities-Villanovaforru_Province_of_Medio_Campidano_Sardinia.html
Apice attractions, Province of Benevento, /Attractions-g2213695-Activities-Apice_Province_of_Benevento_Campania.html
Castellinaldo attractions, Province of Cuneo, /Attractions-g1509129-Activities-Castellinaldo_Province_of_Cuneo_Piedmont.html
Rocchetta Tanaro attractions, Province of Asti, /Attractions-g2213694-Activities-Rocchetta_Tanaro_Province_of_Asti_Piedmont.html
Robbiate attractions, Province of Lecco, /Attractions-g1787695-Activities-Robbiate_Province_of_Lecco_Lombardy.html
Gandosso attractions, Province of Bergamo, /Attractions-g2688785-Activities-Gandosso_Province_of_Bergamo_Lombardy.html
Arnesano attractions, Province of Lecce, /Attractions-g1050461-Activities-Arnesano_Province_of_Lecce_Puglia.html
San Nicola attractions, Tremiti Islands, /Attractions-g1066875-Activities-San_Nicola_Tremiti_Islands_Province_of_Foggia_Puglia.html
Serrone attractions, Province of Frosinone, /Attractions-g3393437-Activities-Serrone_Province_of_Frosinone_Lazio.html
Trevignano attractions, Province of Treviso, /Attractions-g6653856-Activities-Trevignano_Province_of_Treviso_Veneto.html
Torgnon attractions, Valle d'Aosta, /Attractions-g1574906-Activities-Torgnon_Valle_d_Aosta.html
