province_name, region_name, province_url
Milis attractions, Province of Oristano, /Attractions-g5566942-Activities-Milis_Province_of_Oristano_Sardinia.html
Fiorano Canavese attractions, Province of Turin, /Attractions-g8728869-Activities-Fiorano_Canavese_Province_of_Turin_Piedmont.html
Portocannone attractions, Province of Campobasso, /Attractions-g2617732-Activities-Portocannone_Province_of_Campobasso_Molise.html
Romentino attractions, Province of Novara, /Attractions-g2634125-Activities-Romentino_Province_of_Novara_Piedmont.html
Gergei attractions, Province of Cagliari, /Attractions-g3535262-Activities-Gergei_Province_of_Cagliari_Sardinia.html
Funo di Argelato attractions, Province of Bologna, /Attractions-g2290063-Activities-Funo_di_Argelato_Province_of_Bologna_Emilia_Romagna.html
Cavaria con Premezzo attractions, Province of Varese, /Attractions-g2601364-Activities-Cavaria_con_Premezzo_Province_of_Varese_Lombardy.html
Dosson attractions, Province of Treviso, /Attractions-g4174212-Activities-Dosson_Province_of_Treviso_Veneto.html
Vanzaghello attractions, Province of Milan, /Attractions-g5288338-Activities-Vanzaghello_Province_of_Milan_Lombardy.html
Cortenova attractions, Province of Lecco, /Attractions-g15233338-Activities-Cortenova_Province_of_Lecco_Lombardy.html
Montedinove attractions, Province of Ascoli Piceno, /Attractions-g1405379-Activities-Montedinove_Province_of_Ascoli_Piceno_Marche.html
Laurino attractions, Cilento and Vallo di Diano National Park, /Attractions-g2208204-Activities-Laurino_Cilento_and_Vallo_di_Diano_National_Park_Province_of_Salerno_Campania.html
Boccioleto attractions, Province of Vercelli, /Attractions-g2208211-Activities-Boccioleto_Province_of_Vercelli_Piedmont.html
Cessalto attractions, Province of Treviso, /Attractions-g1929730-Activities-Cessalto_Province_of_Treviso_Veneto.html
Albese con Cassano attractions, Lake Como, /Attractions-g3617395-Activities-Albese_con_Cassano_Lake_Como_Lombardy.html
Pescopagano attractions, Province of Potenza, /Attractions-g5567034-Activities-Pescopagano_Province_of_Potenza_Basilicata.html
Barghe attractions, Province of Brescia, /Attractions-g3240639-Activities-Barghe_Province_of_Brescia_Lombardy.html
Montemaggiore al Metauro attractions, Province of Pesaro and Urbino, /Attractions-g651995-Activities-Montemaggiore_al_Metauro_Province_of_Pesaro_and_Urbino_Marche.html
Rosta attractions, Province of Turin, /Attractions-g651996-Activities-Rosta_Province_of_Turin_Piedmont.html
Roncadelle attractions, Province of Brescia, /Attractions-g651990-Activities-Roncadelle_Province_of_Brescia_Lombardy.html
Vigasio attractions, Province of Verona, /Attractions-g1078002-Activities-Vigasio_Province_of_Verona_Veneto.html
Tombolo attractions, Province of Padua, /Attractions-g3240658-Activities-Tombolo_Province_of_Padua_Veneto.html
Venetico attractions, Province of Messina, /Attractions-g652029-Activities-Venetico_Province_of_Messina_Sicily.html
Cervere attractions, Province of Cuneo, /Attractions-g1651437-Activities-Cervere_Province_of_Cuneo_Piedmont.html
Orani attractions, Province of Nuoro, /Attractions-g3240644-Activities-Orani_Province_of_Nuoro_Sardinia.html
Montu' Beccaria attractions, Province of Pavia, /Attractions-g1651438-Activities-Montu_Beccaria_Province_of_Pavia_Lombardy.html
Riparbella attractions, Province of Pisa, /Attractions-g652041-Activities-Riparbella_Province_of_Pisa_Tuscany.html
Bolotana attractions, Province of Nuoro, /Attractions-g1078039-Activities-Bolotana_Province_of_Nuoro_Sardinia.html
Bibbona attractions, Province of Livorno, /Attractions-g652032-Activities-Bibbona_Province_of_Livorno_Tuscany.html
Montasola attractions, Province of Rieti, /Attractions-g1078072-Activities-Montasola_Province_of_Rieti_Lazio.html
Luson attractions, Province of South Tyrol, /Attractions-g947005-Activities-Luson_Province_of_South_Tyrol_Trentino_Alto_Adige.html
Montaldo Roero attractions, Province of Cuneo, /Attractions-g3830531-Activities-Montaldo_Roero_Province_of_Cuneo_Piedmont.html
Groscavallo attractions, Province of Turin, /Attractions-g3732336-Activities-Groscavallo_Province_of_Turin_Piedmont.html
Valbrevenna attractions, Province of Genoa, /Attractions-g3732331-Activities-Valbrevenna_Province_of_Genoa_Liguria.html
Neviglie attractions, Province of Cuneo, /Attractions-g2093896-Activities-Neviglie_Province_of_Cuneo_Piedmont.html
Ponte Nossa attractions, Province of Bergamo, /Attractions-g3732315-Activities-Ponte_Nossa_Province_of_Bergamo_Lombardy.html
San Severino Lucano attractions, Province of Potenza, /Attractions-g1078171-Activities-San_Severino_Lucano_Province_of_Potenza_Basilicata.html
Budduso attractions, Province of Olbia-Tempio, /Attractions-g1078192-Activities-Budduso_Province_of_Olbia_Tempio_Sardinia.html
Scopello attractions, Province of Vercelli, /Attractions-g1078194-Activities-Scopello_Province_of_Vercelli_Piedmont.html
Cellatica attractions, Province of Brescia, /Attractions-g2012123-Activities-Cellatica_Province_of_Brescia_Lombardy.html
Felonica attractions, Province of Mantua, /Attractions-g3388383-Activities-Felonica_Province_of_Mantua_Lombardy.html
Suni attractions, Province of Oristano, /Attractions-g2356178-Activities-Suni_Province_of_Oristano_Sardinia.html
Carcoforo attractions, Province of Vercelli, /Attractions-g2356182-Activities-Carcoforo_Province_of_Vercelli_Piedmont.html
Pattada attractions, Province of Sassari, /Attractions-g2356258-Activities-Pattada_Province_of_Sassari_Sardinia.html
Montabone attractions, Province of Asti, /Attractions-g1897493-Activities-Montabone_Province_of_Asti_Piedmont.html
Montebruno attractions, Province of Genoa, /Attractions-g17757479-Activities-Montebruno_Province_of_Genoa_Liguria.html
Badoere attractions, Province of Treviso, /Attractions-g3404812-Activities-Badoere_Province_of_Treviso_Veneto.html
Presenzano attractions, Province of Caserta, /Attractions-g1913925-Activities-Presenzano_Province_of_Caserta_Campania.html
Montenars attractions, Province of Udine, /Attractions-g12072162-Activities-Montenars_Province_of_Udine_Friuli_Venezia_Giulia.html
Torre Colimena attractions, Province of Taranto, /Attractions-g2356362-Activities-Torre_Colimena_Province_of_Taranto_Puglia.html
