province_name, region_name, province_url
Verrone attractions, Province of Biella, /Attractions-g12080325-Activities-Verrone_Province_of_Biella_Piedmont.html
Casteldarne attractions, Province of South Tyrol, /Attractions-g1184919-Activities-Casteldarne_Province_of_South_Tyrol_Trentino_Alto_Adige.html
Fuipiano Valle Imagna attractions, Province of Bergamo, /Attractions-g644252-Activities-Fuipiano_Valle_Imagna_Province_of_Bergamo_Lombardy.html
Posta attractions, Province of Rieti, /Attractions-g1643704-Activities-Posta_Province_of_Rieti_Lazio.html
Cessapalombo attractions, Province of Macerata, /Attractions-g644257-Activities-Cessapalombo_Province_of_Macerata_Marche.html
Brunello attractions, Province of Varese, /Attractions-g2167963-Activities-Brunello_Province_of_Varese_Lombardy.html
Petroio attractions, Province of Siena, /Attractions-g644279-Activities-Petroio_Tuscany.html
Azeglio attractions, Province of Turin, /Attractions-g2167966-Activities-Azeglio_Province_of_Turin_Piedmont.html
San Vittore del Lazio attractions, Province of Frosinone, /Attractions-g1643732-Activities-San_Vittore_del_Lazio_Province_of_Frosinone_Lazio.html
Siderno Marina attractions, Province of Reggio Calabria, /Attractions-g660699-Activities-Siderno_Marina_Province_of_Reggio_Calabria_Calabria.html
Tor San Lorenzo attractions, Province of Rome, /Attractions-g1643727-Activities-Tor_San_Lorenzo_Province_of_Rome_Lazio.html
Cosio di Arroscia attractions, Province of Imperia, /Attractions-g2184404-Activities-Cosio_di_Arroscia_Province_of_Imperia_Liguria.html
Montaner attractions, Province of Treviso, /Attractions-g3708110-Activities-Montaner_Province_of_Treviso_Veneto.html
Cusercoli attractions, Province of Forli-Cesena, /Attractions-g3364144-Activities-Cusercoli_Province_of_Forli_Cesena_Emilia_Romagna.html
Bulgarograsso attractions, Province of Como, /Attractions-g2168126-Activities-Bulgarograsso_Province_of_Como_Lombardy.html
Castagnole Piemonte attractions, Province of Turin, /Attractions-g3724564-Activities-Castagnole_Piemonte_Province_of_Turin_Piedmont.html
Olevano di Lomellina attractions, Province of Pavia, /Attractions-g8115524-Activities-Olevano_di_Lomellina_Province_of_Pavia_Lombardy.html
San Pietro Viminario attractions, Province of Padua, /Attractions-g2626992-Activities-San_Pietro_Viminario_Province_of_Padua_Veneto.html
Montesegale attractions, Province of Pavia, /Attractions-g12080405-Activities-Montesegale_Province_of_Pavia_Lombardy.html
Grotteria attractions, Province of Reggio Calabria, /Attractions-g4560271-Activities-Grotteria_Province_of_Reggio_Calabria_Calabria.html
Casnate Con Bernate attractions, Province of Como, /Attractions-g2201078-Activities-Casnate_Con_Bernate_Province_of_Como_Lombardy.html
Bellizzi attractions, Province of Salerno, /Attractions-g1644022-Activities-Bellizzi_Province_of_Salerno_Campania.html
Caianello attractions, Province of Caserta, /Attractions-g1644001-Activities-Caianello_Province_of_Caserta_Campania.html
Erchie attractions, Province of Salerno, /Attractions-g1644007-Activities-Erchie_Province_of_Salerno_Campania.html
Castelluccio Valmaggiore attractions, Province of Foggia, /Attractions-g7034466-Activities-Castelluccio_Valmaggiore_Province_of_Foggia_Puglia.html
Capiago Intimiano attractions, Province of Como, /Attractions-g1873431-Activities-Capiago_Intimiano_Province_of_Como_Lombardy.html
Caselle in Pittari attractions, Province of Salerno, /Attractions-g2299493-Activities-Caselle_in_Pittari_Province_of_Salerno_Campania.html
Roncone attractions, Province of Trento, /Attractions-g3675765-Activities-Roncone_Province_of_Trento_Trentino_Alto_Adige.html
Longobardi attractions, Province of Cosenza, /Attractions-g1545797-Activities-Longobardi_Province_of_Cosenza_Calabria.html
Thiesi attractions, Province of Sassari, /Attractions-g1169021-Activities-Thiesi_Province_of_Sassari_Sardinia.html
Cesano Boscone attractions, Province of Milan, /Attractions-g677478-Activities-Cesano_Boscone_Province_of_Milan_Lombardy.html
Venere attractions, Province of L'Aquila, /Attractions-g2299573-Activities-Venere_Province_of_L_Aquila_Abruzzo.html
Pietramurata attractions, Province of Trento, /Attractions-g1185500-Activities-Pietramurata_Province_of_Trento_Trentino_Alto_Adige.html
Trebiano Magra attractions, Province of La Spezia, /Attractions-g12162657-Activities-Trebiano_Magra_Province_of_La_Spezia_Liguria.html
Borghetto Lodigiano attractions, Province of Lodi, /Attractions-g2135849-Activities-Borghetto_Lodigiano_Province_of_Lodi_Lombardy.html
Sant'Orsola Terme attractions, Province of Trento, /Attractions-g3856174-Activities-Sant_Orsola_Terme_Province_of_Trento_Trentino_Alto_Adige.html
Nibbiola attractions, Province of Novara, /Attractions-g3741484-Activities-Nibbiola_Province_of_Novara_Piedmont.html
Porto Rafael attractions, Province of Olbia-Tempio, /Attractions-g775994-Activities-Porto_Rafael_Province_of_Olbia_Tempio_Sardinia.html
Collebeato attractions, Province of Brescia, /Attractions-g2135835-Activities-Collebeato_Province_of_Brescia_Lombardy.html
Arola attractions, Province of Verbano-Cusio-Ossola, /Attractions-g1120046-Activities-Arola_Province_of_Verbano_Cusio_Ossola_Piedmont.html
Davagna attractions, Province of Genoa, /Attractions-g3135330-Activities-Davagna_Province_of_Genoa_Liguria.html
Arielli attractions, Province of Chieti, /Attractions-g2316119-Activities-Arielli_Province_of_Chieti_Abruzzo.html
Vescovato attractions, Province of Cremona, /Attractions-g4003760-Activities-Vescovato_Province_of_Cremona_Lombardy.html
Rovasenda attractions, Province of Vercelli, /Attractions-g8067050-Activities-Rovasenda_Province_of_Vercelli_Piedmont.html
Mozzecane attractions, Province of Verona, /Attractions-g1939414-Activities-Mozzecane_Province_of_Verona_Veneto.html
Colle Sannita attractions, Province of Benevento, /Attractions-g776149-Activities-Colle_Sannita_Province_of_Benevento_Campania.html
Capri Leone attractions, Province of Messina, /Attractions-g776148-Activities-Capri_Leone_Province_of_Messina_Sicily.html
Terranova dei Passerini attractions, Province of Lodi, /Attractions-g2578377-Activities-Terranova_dei_Passerini_Province_of_Lodi_Lombardy.html
Cavezzo attractions, Province of Modena, /Attractions-g2529335-Activities-Cavezzo_Province_of_Modena_Emilia_Romagna.html
Olmo al Brembo attractions, Province of Bergamo, /Attractions-g2529284-Activities-Olmo_al_Brembo_Province_of_Bergamo_Lombardy.html
