province_name, region_name, province_url
Selargius attractions, Province of Cagliari, /Attractions-g1574679-Activities-Selargius_Province_of_Cagliari_Sardinia.html
Arvier attractions, Valle d'Aosta, /Attractions-g1820732-Activities-Arvier_Valle_d_Aosta.html
Telese Terme attractions, Province of Benevento, /Attractions-g1575052-Activities-Telese_Terme_Province_of_Benevento_Campania.html
Brescello attractions, Province of Reggio Emilia, /Attractions-g1051255-Activities-Brescello_Province_of_Reggio_Emilia_Emilia_Romagna.html
San Bartolomeo al Mare attractions, Province of Imperia, /Attractions-g608888-Activities-San_Bartolomeo_al_Mare_Province_of_Imperia_Liguria.html
Bagnoli Irpino attractions, Province of Avellino, /Attractions-g1985343-Activities-Bagnoli_Irpino_Province_of_Avellino_Campania.html
Giussano attractions, Province of Monza and Brianza, /Attractions-g658394-Activities-Giussano_Province_of_Monza_and_Brianza_Lombardy.html
Centuripe attractions, Province of Enna, /Attractions-g2280716-Activities-Centuripe_Province_of_Enna_Sicily.html
Santa Vittoria in Matenano attractions, Province of Fermo, /Attractions-g1969599-Activities-Santa_Vittoria_in_Matenano_Province_of_Fermo_Marche.html
San Pietro in Casale attractions, Province of Bologna, /Attractions-g970315-Activities-San_Pietro_in_Casale_Province_of_Bologna_Emilia_Romagna.html
Solagna attractions, Province of Vicenza, /Attractions-g2052523-Activities-Solagna_Province_of_Vicenza_Veneto.html
Geraci Siculo attractions, Province of Palermo, /Attractions-g1593967-Activities-Geraci_Siculo_Province_of_Palermo_Sicily.html
Balestrate attractions, Province of Palermo, /Attractions-g1020805-Activities-Balestrate_Province_of_Palermo_Sicily.html
Bondeno attractions, Province of Ferrara, /Attractions-g1397787-Activities-Bondeno_Province_of_Ferrara_Emilia_Romagna.html
Rodi' Milici attractions, Province of Messina, /Attractions-g3642492-Activities-Rodi_Milici_Province_of_Messina_Sicily.html
Ostiano attractions, Province of Cremona, /Attractions-g3724472-Activities-Ostiano_Province_of_Cremona_Lombardy.html
Castelnuovo del Garda attractions, Province of Verona, /Attractions-g644289-Activities-Castelnuovo_del_Garda_Province_of_Verona_Veneto.html
Pontecorvo attractions, Province of Frosinone, /Attractions-g1643729-Activities-Pontecorvo_Province_of_Frosinone_Lazio.html
Colleferro attractions, Province of Rome, /Attractions-g1643730-Activities-Colleferro_Province_of_Rome_Lazio.html
Champoluc attractions, Valle d'Aosta, /Attractions-g1168857-Activities-Champoluc_Valle_d_Aosta.html
Pomarance attractions, Province of Pisa, /Attractions-g776018-Activities-Pomarance_Province_of_Pisa_Tuscany.html
Cervo attractions, Italian Riviera, /Attractions-g1513412-Activities-Cervo_Italian_Riviera_Liguria.html
Mentana attractions, Province of Rome, /Attractions-g1169505-Activities-Mentana_Province_of_Rome_Lazio.html
Gazzada Schianno attractions, Province of Varese, /Attractions-g2300039-Activities-Gazzada_Schianno_Province_of_Varese_Lombardy.html
Copparo attractions, Province of Ferrara, /Attractions-g1972496-Activities-Copparo_Province_of_Ferrara_Emilia_Romagna.html
Borgomezzavalle attractions, Province of Verbano-Cusio-Ossola, /Attractions-g12802521-Activities-Borgomezzavalle_Province_of_Verbano_Cusio_Ossola_Piedmont.html
Cuorgne attractions, Province of Turin, /Attractions-g1972532-Activities-Cuorgne_Province_of_Turin_Piedmont.html
Cariati attractions, Province of Cosenza, /Attractions-g1186288-Activities-Cariati_Province_of_Cosenza_Calabria.html
Moggio Udinese attractions, Province of Udine, /Attractions-g2431597-Activities-Moggio_Udinese_Province_of_Udine_Friuli_Venezia_Giulia.html
Nichelino attractions, Province of Turin, /Attractions-g1055369-Activities-Nichelino_Province_of_Turin_Piedmont.html
Motta San Giovanni attractions, Province of Reggio Calabria, /Attractions-g1055443-Activities-Motta_San_Giovanni_Province_of_Reggio_Calabria_Calabria.html
Rosello attractions, Province of Chieti, /Attractions-g2136819-Activities-Rosello_Province_of_Chieti_Abruzzo.html
Mombaroccio attractions, Province of Pesaro and Urbino, /Attractions-g2136886-Activities-Mombaroccio_Province_of_Pesaro_and_Urbino_Marche.html
Moncalvo attractions, Province of Asti, /Attractions-g1186673-Activities-Moncalvo_Province_of_Asti_Piedmont.html
Ocre attractions, Province of L'Aquila, /Attractions-g2202650-Activities-Ocre_Province_of_L_Aquila_Abruzzo.html
Baceno attractions, Province of Verbano-Cusio-Ossola, /Attractions-g1760496-Activities-Baceno_Province_of_Verbano_Cusio_Ossola_Piedmont.html
Leporano attractions, Province of Taranto, /Attractions-g1056078-Activities-Leporano_Province_of_Taranto_Puglia.html
Macugnaga attractions, Province of Verbano-Cusio-Ossola, /Attractions-g1056169-Activities-Macugnaga_Province_of_Verbano_Cusio_Ossola_Piedmont.html
Viggianello attractions, Province of Potenza, /Attractions-g1924725-Activities-Viggianello_Province_of_Potenza_Basilicata.html
Arzignano attractions, Province of Vicenza, /Attractions-g1810111-Activities-Arzignano_Province_of_Vicenza_Veneto.html
Chiaravalle attractions, Province of Ancona, /Attractions-g2269242-Activities-Chiaravalle_Province_of_Ancona_Marche.html
Noventa Padovana attractions, Province of Padua, /Attractions-g1106024-Activities-Noventa_Padovana_Province_of_Padua_Veneto.html
Castelletto sopra Ticino attractions, Lake Maggiore, /Attractions-g664169-Activities-Castelletto_sopra_Ticino_Lake_Maggiore_Piedmont.html
Dervio attractions, Lake Como, /Attractions-g664181-Activities-Dervio_Lake_Como_Lombardy.html
Ispra attractions, Lake Maggiore, /Attractions-g664205-Activities-Ispra_Lake_Maggiore_Lombardy.html
Valmontone attractions, Province of Rome, /Attractions-g1925778-Activities-Valmontone_Province_of_Rome_Lazio.html
Corno di Rosazzo attractions, Province of Udine, /Attractions-g2056924-Activities-Corno_di_Rosazzo_Province_of_Udine_Friuli_Venezia_Giulia.html
Nusco attractions, Province of Avellino, /Attractions-g1057528-Activities-Nusco_Province_of_Avellino_Campania.html
Monterubbiano attractions, Province of Fermo, /Attractions-g1025204-Activities-Monterubbiano_Province_of_Fermo_Marche.html
Perloz attractions, Valle d'Aosta, /Attractions-g4105751-Activities-Perloz_Valle_d_Aosta.html
