province_name, region_name, province_url
Ricadi attractions, Province of Vibo Valentia, /Attractions-g194877-Activities-Ricadi_Province_of_Vibo_Valentia_Calabria.html
Sabaudia attractions, Province of Latina, /Attractions-g194890-Activities-Sabaudia_Province_of_Latina_Lazio.html
Limone sul Garda attractions, Province of Brescia, /Attractions-g227887-Activities-Limone_sul_Garda_Province_of_Brescia_Lombardy.html
Santa Cesarea Terme attractions, Province of Lecce, /Attractions-g1015346-Activities-Santa_Cesarea_Terme_Province_of_Lecce_Puglia.html
Cologno Monzese attractions, Province of Milan, /Attractions-g1081380-Activities-Cologno_Monzese_Province_of_Milan_Lombardy.html
Scarlino attractions, Province of Grosseto, /Attractions-g1180077-Activities-Scarlino_Province_of_Grosseto_Tuscany.html
San Casciano dei Bagni attractions, Province of Siena, /Attractions-g642190-Activities-San_Casciano_dei_Bagni_Tuscany.html
Spinea attractions, Province of Venice, /Attractions-g1477765-Activities-Spinea_Veneto.html
Clusone attractions, Province of Bergamo, /Attractions-g1201172-Activities-Clusone_Province_of_Bergamo_Lombardy.html
Falcade attractions, Province of Belluno, /Attractions-g644290-Activities-Falcade_Province_of_Belluno_Veneto.html
Santa Maria Capua Vetere attractions, Province of Caserta, /Attractions-g2186337-Activities-Santa_Maria_Capua_Vetere_Province_of_Caserta_Campania.html
Teano attractions, Province of Caserta, /Attractions-g1645967-Activities-Teano_Province_of_Caserta_Campania.html
Orta San Giulio attractions, Province of Novara, /Attractions-g187854-Activities-Orta_San_Giulio_Province_of_Novara_Piedmont.html
Formello attractions, Province of Rome, /Attractions-g794660-Activities-Formello_Province_of_Rome_Lazio.html
Muravera attractions, Province of Cagliari, /Attractions-g1057196-Activities-Muravera_Province_of_Cagliari_Sardinia.html
Angera attractions, Lake Maggiore, /Attractions-g664200-Activities-Angera_Lake_Maggiore_Lombardy.html
Mineo attractions, Province of Catania, /Attractions-g3793649-Activities-Mineo_Province_of_Catania_Sicily.html
Albano Laziale attractions, Province of Rome, /Attractions-g780758-Activities-Albano_Laziale_Province_of_Rome_Lazio.html
San Quirico d'Orcia attractions, Province of Siena, /Attractions-g668217-Activities-San_Quirico_d_Orcia_Tuscany.html
Castellana Grotte attractions, Province of Bari, /Attractions-g651999-Activities-Castellana_Grotte_Province_of_Bari_Puglia.html
Impruneta attractions, Province of Florence, /Attractions-g635637-Activities-Impruneta_Tuscany.html
Villorba attractions, Province of Treviso, /Attractions-g652057-Activities-Villorba_Province_of_Treviso_Veneto.html
Anacapri attractions, Island of Capri, /Attractions-g488299-Activities-Anacapri_Island_of_Capri_Province_of_Naples_Campania.html
Buonconvento attractions, Province of Siena, /Attractions-g635876-Activities-Buonconvento_Tuscany.html
Langhirano attractions, Province of Parma, /Attractions-g1537321-Activities-Langhirano_Province_of_Parma_Emilia_Romagna.html
Maser attractions, Province of Treviso, /Attractions-g1554299-Activities-Maser_Province_of_Treviso_Veneto.html
Pizzo attractions, Province of Vibo Valentia, /Attractions-g669647-Activities-Pizzo_Province_of_Vibo_Valentia_Calabria.html
Diano Marina attractions, Province of Imperia, /Attractions-g194752-Activities-Diano_Marina_Province_of_Imperia_Liguria.html
Scena attractions, Province of South Tyrol, /Attractions-g194911-Activities-Scena_Province_of_South_Tyrol_Trentino_Alto_Adige.html
San Leonardo in Passiria attractions, Province of South Tyrol, /Attractions-g670607-Activities-San_Leonardo_in_Passiria_Province_of_South_Tyrol_Trentino_Alto_Adige.html
Maglie attractions, Province of Lecce, /Attractions-g1048614-Activities-Maglie_Province_of_Lecce_Puglia.html
Ariano Irpino attractions, Province of Avellino, /Attractions-g1050426-Activities-Ariano_Irpino_Province_of_Avellino_Campania.html
Sirolo attractions, Province of Ancona, /Attractions-g608900-Activities-Sirolo_Province_of_Ancona_Marche.html
Sauris attractions, Province of Udine, /Attractions-g1526424-Activities-Sauris_Province_of_Udine_Friuli_Venezia_Giulia.html
Soave attractions, Province of Verona, /Attractions-g608943-Activities-Soave_Province_of_Verona_Veneto.html
Chiusa attractions, Province of South Tyrol, /Attractions-g1150025-Activities-Chiusa_Province_of_South_Tyrol_Trentino_Alto_Adige.html
Lastra a Signa attractions, Province of Florence, /Attractions-g642189-Activities-Lastra_a_Signa_Tuscany.html
Afragola attractions, Province of Naples, /Attractions-g1396217-Activities-Afragola_Province_of_Naples_Campania.html
Bagni di Lucca attractions, Province of Lucca, /Attractions-g644271-Activities-Bagni_di_Lucca_Province_of_Lucca_Tuscany.html
Leonessa attractions, Province of Rieti, /Attractions-g1643733-Activities-Leonessa_Province_of_Rieti_Lazio.html
Nervesa della Battaglia attractions, Province of Treviso, /Attractions-g1643955-Activities-Nervesa_della_Battaglia_Province_of_Treviso_Veneto.html
Sarno attractions, Province of Salerno, /Attractions-g1644009-Activities-Sarno_Province_of_Salerno_Campania.html
Tavagnacco attractions, Province of Udine, /Attractions-g1972358-Activities-Tavagnacco_Province_of_Udine_Friuli_Venezia_Giulia.html
Caprino Veronese attractions, Province of Verona, /Attractions-g1857799-Activities-Caprino_Veronese_Province_of_Verona_Veneto.html
Naturno attractions, Province of South Tyrol, /Attractions-g580235-Activities-Naturno_Province_of_South_Tyrol_Trentino_Alto_Adige.html
Scafati attractions, Province of Salerno, /Attractions-g1202899-Activities-Scafati_Province_of_Salerno_Campania.html
Naro attractions, Province of Agrigento, /Attractions-g2399105-Activities-Naro_Province_of_Agrigento_Sicily.html
Riomaggiore attractions, Cinque Terre, /Attractions-g187821-Activities-Riomaggiore_Cinque_Terre_Italian_Riviera_Liguria.html
Pieve di Cadore attractions, Province of Belluno, /Attractions-g187868-Activities-Pieve_di_Cadore_Province_of_Belluno_Veneto.html
Adrano attractions, Province of Catania, /Attractions-g1515854-Activities-Adrano_Province_of_Catania_Sicily.html
