province_name, region_name, province_url
Castelletto di Branduzzo attractions, Province of Pavia, /Attractions-g1439509-Activities-Castelletto_di_Branduzzo_Province_of_Pavia_Lombardy.html
Aurano attractions, Province of Verbano-Cusio-Ossola, /Attractions-g3602215-Activities-Aurano_Province_of_Verbano_Cusio_Ossola_Piedmont.html
Banchette attractions, Province of Turin, /Attractions-g1079128-Activities-Banchette_Province_of_Turin_Piedmont.html
San Michele Salentino attractions, Province of Brindisi, /Attractions-g1931085-Activities-San_Michele_Salentino_Province_of_Brindisi_Puglia.html
Casalborgone attractions, Province of Turin, /Attractions-g1554300-Activities-Casalborgone_Province_of_Turin_Piedmont.html
Verano Brianza attractions, Province of Monza and Brianza, /Attractions-g2144085-Activities-Verano_Brianza_Province_of_Monza_and_Brianza_Lombardy.html
Poirino attractions, Province of Turin, /Attractions-g1996649-Activities-Poirino_Province_of_Turin_Piedmont.html
Cappelle sul Tavo attractions, Province of Pescara, /Attractions-g2193242-Activities-Cappelle_sul_Tavo_Province_of_Pescara_Abruzzo.html
Pozzolo Formigaro attractions, Province of Alessandria, /Attractions-g2144093-Activities-Pozzolo_Formigaro_Province_of_Alessandria_Piedmont.html
Marina Di Modica attractions, Province of Ragusa, /Attractions-g3159990-Activities-Marina_Di_Modica_Province_of_Ragusa_Sicily.html
Barbariga attractions, Province of Brescia, /Attractions-g2193291-Activities-Barbariga_Province_of_Brescia_Lombardy.html
Livraga attractions, Province of Lodi, /Attractions-g1832917-Activities-Livraga_Province_of_Lodi_Lombardy.html
Salcito attractions, Province of Campobasso, /Attractions-g7321520-Activities-Salcito_Province_of_Campobasso_Molise.html
Pietrabruna attractions, Province of Imperia, /Attractions-g1931263-Activities-Pietrabruna_Province_of_Imperia_Liguria.html
Novi di Modena attractions, Province of Modena, /Attractions-g2045990-Activities-Novi_di_Modena_Province_of_Modena_Emilia_Romagna.html
Pumenengo attractions, Province of Bergamo, /Attractions-g5453849-Activities-Pumenengo_Province_of_Bergamo_Lombardy.html
Fumone attractions, Province of Frosinone, /Attractions-g2291823-Activities-Fumone_Province_of_Frosinone_Lazio.html
Corgeno attractions, Province of Varese, /Attractions-g1095774-Activities-Corgeno_Province_of_Varese_Lombardy.html
San Marcello attractions, Province of Ancona, /Attractions-g1800387-Activities-San_Marcello_Province_of_Ancona_Marche.html
Melito Irpino attractions, Province of Avellino, /Attractions-g3602668-Activities-Melito_Irpino_Province_of_Avellino_Campania.html
Pietraroja attractions, Province of Benevento, /Attractions-g2095388-Activities-Pietraroja_Province_of_Benevento_Campania.html
Pietrarubbia attractions, Province of Pesaro and Urbino, /Attractions-g1833240-Activities-Pietrarubbia_Province_of_Pesaro_and_Urbino_Marche.html
Chiusa di San Michele attractions, Province of Turin, /Attractions-g2292005-Activities-Chiusa_di_San_Michele_Province_of_Turin_Piedmont.html
Donato attractions, Province of Biella, /Attractions-g2291973-Activities-Donato_Province_of_Biella_Piedmont.html
Grottolella attractions, Province of Avellino, /Attractions-g3602713-Activities-Grottolella_Province_of_Avellino_Campania.html
Cappella De' Picenardi attractions, Province of Cremona, /Attractions-g2357607-Activities-Cappella_De_Picenardi_Province_of_Cremona_Lombardy.html
Prati di Tivo attractions, Province of Teramo, /Attractions-g6027529-Activities-Prati_di_Tivo_Province_of_Teramo_Abruzzo.html
Altilia attractions, Province of Campobasso, /Attractions-g2357574-Activities-Altilia_Province_of_Campobasso_Molise.html
Serra Sant'Abbondio attractions, Province of Pesaro and Urbino, /Attractions-g3373405-Activities-Serra_Sant_Abbondio_Province_of_Pesaro_and_Urbino_Marche.html
San Mauro Cilento attractions, Cilento and Vallo di Diano National Park, /Attractions-g1849715-Activities-San_Mauro_Cilento_Cilento_and_Vallo_di_Diano_National_Park_Province_of_Salerno_Campania.html
Acquacalda attractions, Lipari, /Attractions-g4241717-Activities-Acquacalda_Lipari_Aeolian_Islands_Islands_of_Sicily_Sicily.html
Badia Prataglia attractions, Province of Arezzo, /Attractions-g4241719-Activities-Badia_Prataglia_Province_of_Arezzo_Tuscany.html
Mombaldone attractions, Province of Asti, /Attractions-g2292061-Activities-Mombaldone_Province_of_Asti_Piedmont.html
Lucugnano attractions, Province of Lecce, /Attractions-g2275775-Activities-Lucugnano_Province_of_Lecce_Puglia.html
Staffolo attractions, Province of Ancona, /Attractions-g1587632-Activities-Staffolo_Province_of_Ancona_Marche.html
Grana attractions, Province of Asti, /Attractions-g2292122-Activities-Grana_Province_of_Asti_Piedmont.html
Zuccarello attractions, Italian Riviera, /Attractions-g2062752-Activities-Zuccarello_Italian_Riviera_Liguria.html
Santo Stefano di Rogliano attractions, Province of Cosenza, /Attractions-g2357757-Activities-Santo_Stefano_di_Rogliano_Province_of_Cosenza_Calabria.html
Morolo attractions, Province of Frosinone, /Attractions-g1800645-Activities-Morolo_Province_of_Frosinone_Lazio.html
Carcare attractions, Province of Savona, /Attractions-g1931771-Activities-Carcare_Province_of_Savona_Liguria.html
Col San Martino attractions, Province of Treviso, /Attractions-g1931758-Activities-Col_San_Martino_Province_of_Treviso_Veneto.html
Frasso Sabino attractions, Province of Rieti, /Attractions-g3733957-Activities-Frasso_Sabino_Province_of_Rieti_Lazio.html
Albizzate attractions, Province of Varese, /Attractions-g2308659-Activities-Albizzate_Province_of_Varese_Lombardy.html
Macherio attractions, Province of Monza and Brianza, /Attractions-g2275894-Activities-Macherio_Province_of_Monza_and_Brianza_Lombardy.html
Castelseprio attractions, Province of Varese, /Attractions-g1931787-Activities-Castelseprio_Province_of_Varese_Lombardy.html
Ostana attractions, Province of Cuneo, /Attractions-g2275897-Activities-Ostana_Province_of_Cuneo_Piedmont.html
Calliano attractions, Province of Trento, /Attractions-g2357775-Activities-Calliano_Province_of_Trento_Trentino_Alto_Adige.html
Parrano attractions, Province of Terni, /Attractions-g1063466-Activities-Parrano_Province_of_Terni_Umbria.html
Campomorone attractions, Italian Riviera, /Attractions-g2046552-Activities-Campomorone_Italian_Riviera_Liguria.html
Collarmele attractions, Province of L'Aquila, /Attractions-g12941978-Activities-Collarmele_Province_of_L_Aquila_Abruzzo.html
