province_name, region_name, province_url
Fossanova San Marco attractions, Province of Ferrara, /Attractions-g2412419-Activities-Fossanova_San_Marco_Province_of_Ferrara_Emilia_Romagna.html
Bellizzi Irpino attractions, Province of Avellino, /Attractions-g12816232-Activities-Bellizzi_Irpino_Province_of_Avellino_Campania.html
Lammari attractions, Province of Lucca, /Attractions-g3575681-Activities-Lammari_Province_of_Lucca_Tuscany.html
Borgata Sestriere attractions, Province of Turin, /Attractions-g2543519-Activities-Borgata_Sestriere_Province_of_Turin_Piedmont.html
San Zenone al Lambro attractions, Province of Milan, /Attractions-g1544146-Activities-San_Zenone_al_Lambro_Province_of_Milan_Lombardy.html
Porpetto attractions, Province of Udine, /Attractions-g1576913-Activities-Porpetto_Province_of_Udine_Friuli_Venezia_Giulia.html
Capo Testa attractions, Province of Olbia-Tempio, /Attractions-g1576911-Activities-Capo_Testa_Province_of_Olbia_Tempio_Sardinia.html
Chiavenna Landi attractions, Province of Piacenza, /Attractions-g1675207-Activities-Chiavenna_Landi_Province_of_Piacenza_Emilia_Romagna.html
Rumo attractions, Province of Trento, /Attractions-g2281420-Activities-Rumo_Province_of_Trento_Trentino_Alto_Adige.html
Fiorano al Serio attractions, Province of Bergamo, /Attractions-g2691026-Activities-Fiorano_al_Serio_Province_of_Bergamo_Lombardy.html
Antonimina attractions, Province of Reggio Calabria, /Attractions-g2281508-Activities-Antonimina_Province_of_Reggio_Calabria_Calabria.html
Piano Battagla attractions, Province of Palermo, /Attractions-g15618243-Activities-Piano_Battagla_Province_of_Palermo_Sicily.html
La California attractions, Province of Livorno, /Attractions-g2281498-Activities-La_California_Province_of_Livorno_Tuscany.html
Gran Paradiso National Park attractions, Valle d'Aosta, /Attractions-g1429585-Activities-Gran_Paradiso_National_Park_Valle_d_Aosta.html
Nughedu Santa Vittoria attractions, Province of Oristano, /Attractions-g1118295-Activities-Nughedu_Santa_Vittoria_Province_of_Oristano_Sardinia.html
Villa Biscossi attractions, Province of Pavia, /Attractions-g16732338-Activities-Villa_Biscossi_Province_of_Pavia_Lombardy.html
Marinello attractions, Province of Messina, /Attractions-g7081991-Activities-Marinello_Province_of_Messina_Sicily.html
Villa di Chiavenna attractions, Province of Sondrio, /Attractions-g3346498-Activities-Villa_di_Chiavenna_Province_of_Sondrio_Lombardy.html
Marcellinara attractions, Province of Catanzaro, /Attractions-g3346496-Activities-Marcellinara_Province_of_Catanzaro_Calabria.html
Badia a Passignano attractions, Province of Florence, /Attractions-g2478245-Activities-Badia_a_Passignano_Tuscany.html
Val Maria-Pur attractions, Province of Trento, /Attractions-g1183876-Activities-Val_Maria_Pur_Province_of_Trento_Trentino_Alto_Adige.html
Signoressa attractions, Province of Treviso, /Attractions-g3772577-Activities-Signoressa_Province_of_Treviso_Veneto.html
Valdastico attractions, Province of Vicenza, /Attractions-g2527362-Activities-Valdastico_Province_of_Vicenza_Veneto.html
Cenate Sopra attractions, Province of Bergamo, /Attractions-g2019501-Activities-Cenate_Sopra_Province_of_Bergamo_Lombardy.html
Beano attractions, Province of Udine, /Attractions-g3772664-Activities-Beano_Province_of_Udine_Friuli_Venezia_Giulia.html
Sant'Andrea di Conza attractions, Province of Avellino, /Attractions-g3330297-Activities-Sant_Andrea_di_Conza_Province_of_Avellino_Campania.html
Cantone attractions, Province of Savona, /Attractions-g12816399-Activities-Cantone_Province_of_Savona_Liguria.html
Valduggia attractions, Province of Vercelli, /Attractions-g2199792-Activities-Valduggia_Province_of_Vercelli_Piedmont.html
Rora attractions, Province of Turin, /Attractions-g2199797-Activities-Rora_Province_of_Turin_Piedmont.html
Giarolo attractions, Province of Alessandria, /Attractions-g19468784-Activities-Giarolo_Province_of_Alessandria_Piedmont.html
Cameriano attractions, Province of Novara, /Attractions-g3412202-Activities-Cameriano_Province_of_Novara_Piedmont.html
Villanova Biellese attractions, Province of Biella, /Attractions-g1757435-Activities-Villanova_Biellese_Province_of_Biella_Piedmont.html
Brignano Frascata attractions, Province of Alessandria, /Attractions-g19468760-Activities-Brignano_Frascata_Province_of_Alessandria_Piedmont.html
Massa di Somma attractions, Province of Naples, /Attractions-g3526966-Activities-Massa_di_Somma_Province_of_Naples_Campania.html
San Calogero attractions, Province of Vibo Valentia, /Attractions-g5230935-Activities-San_Calogero_Province_of_Vibo_Valentia_Calabria.html
Fiesse attractions, Province of Brescia, /Attractions-g5443914-Activities-Fiesse_Province_of_Brescia_Lombardy.html
Preggio attractions, Province of Perugia, /Attractions-g2543876-Activities-Preggio_Province_of_Perugia_Umbria.html
Putifigari attractions, Province of Sassari, /Attractions-g3772689-Activities-Putifigari_Province_of_Sassari_Sardinia.html
Bosaro attractions, Province of Rovigo, /Attractions-g3772695-Activities-Bosaro_Province_of_Rovigo_Veneto.html
Parenti attractions, Province of Cosenza, /Attractions-g3526912-Activities-Parenti_Province_of_Cosenza_Calabria.html
Roccaforzata attractions, Province of Taranto, /Attractions-g3526914-Activities-Roccaforzata_Province_of_Taranto_Puglia.html
Piandelagotti attractions, Province of Modena, /Attractions-g5493011-Activities-Piandelagotti_Province_of_Modena_Emilia_Romagna.html
Milanere attractions, Province of Turin, /Attractions-g19681391-Activities-Milanere_Province_of_Turin_Piedmont.html
Casaleggio Novara attractions, Province of Novara, /Attractions-g5493013-Activities-Casaleggio_Novara_Province_of_Novara_Piedmont.html
Filiano attractions, Province of Potenza, /Attractions-g5492997-Activities-Filiano_Province_of_Potenza_Basilicata.html
Montalenghe attractions, Province of Turin, /Attractions-g1020246-Activities-Montalenghe_Province_of_Turin_Piedmont.html
Capriglia Irpina attractions, Province of Avellino, /Attractions-g1315194-Activities-Capriglia_Irpina_Province_of_Avellino_Campania.html
Sariano attractions, Province of Piacenza, /Attractions-g3346753-Activities-Sariano_Province_of_Piacenza_Emilia_Romagna.html
Rastignano attractions, Province of Bologna, /Attractions-g1757549-Activities-Rastignano_Province_of_Bologna_Emilia_Romagna.html
Erve attractions, Province of Lecco, /Attractions-g3346760-Activities-Erve_Province_of_Lecco_Lombardy.html
