province_name, region_name, province_url
Salo attractions, Province of Brescia, /Attractions-g644254-Activities-Salo_Province_of_Brescia_Lombardy.html
Carloforte attractions, Province of Carbonia-Iglesias, /Attractions-g644261-Activities-Carloforte_Province_of_Carbonia_Iglesias_Sardinia.html
Malles Venosta attractions, Province of South Tyrol, /Attractions-g1186761-Activities-Malles_Venosta_Province_of_South_Tyrol_Trentino_Alto_Adige.html
Centola attractions, Cilento and Vallo di Diano National Park, /Attractions-g1924385-Activities-Centola_Cilento_and_Vallo_di_Diano_National_Park_Province_of_Salerno_Campania.html
Maddaloni attractions, Province of Caserta, /Attractions-g1973841-Activities-Maddaloni_Province_of_Caserta_Campania.html
Salve attractions, Province of Lecce, /Attractions-g1024739-Activities-Salve_Province_of_Lecce_Puglia.html
Garda attractions, Province of Verona, /Attractions-g194771-Activities-Garda_Province_of_Verona_Veneto.html
Lerici attractions, Italian Riviera, /Attractions-g194792-Activities-Lerici_Italian_Riviera_Liguria.html
Praia A Mare attractions, Province of Cosenza, /Attractions-g194866-Activities-Praia_A_Mare_Province_of_Cosenza_Calabria.html
Reggello attractions, Province of Florence, /Attractions-g194874-Activities-Reggello_Tuscany.html
Golfo Aranci attractions, Province of Olbia-Tempio, /Attractions-g227661-Activities-Golfo_Aranci_Province_of_Olbia_Tempio_Sardinia.html
Chiari attractions, Province of Brescia, /Attractions-g2359926-Activities-Chiari_Province_of_Brescia_Lombardy.html
Borgomanero attractions, Province of Novara, /Attractions-g1131346-Activities-Borgomanero_Province_of_Novara_Piedmont.html
Isola Vulcano attractions, Aeolian Islands, /Attractions-g642173-Activities-Isola_Vulcano_Aeolian_Islands_Islands_of_Sicily_Sicily.html
Certaldo attractions, Province of Florence, /Attractions-g528748-Activities-Certaldo_Tuscany.html
Santarcangelo di Romagna attractions, Province of Rimini, /Attractions-g1315192-Activities-Santarcangelo_di_Romagna_Province_of_Rimini_Emilia_Romagna.html
Castel di Sangro attractions, Province of L'Aquila, /Attractions-g644239-Activities-Castel_di_Sangro_Province_of_L_Aquila_Abruzzo.html
Marzamemi attractions, Province of Syracuse, /Attractions-g1758416-Activities-Marzamemi_Province_of_Syracuse_Sicily.html
Quarrata attractions, Province of Pistoia, /Attractions-g793525-Activities-Quarrata_Province_of_Pistoia_Tuscany.html
Palmi attractions, Province of Reggio Calabria, /Attractions-g663805-Activities-Palmi_Province_of_Reggio_Calabria_Calabria.html
Civitella del Tronto attractions, Province of Teramo, /Attractions-g1026437-Activities-Civitella_del_Tronto_Province_of_Teramo_Abruzzo.html
Thiene attractions, Province of Vicenza, /Attractions-g1077068-Activities-Thiene_Province_of_Vicenza_Veneto.html
San Severino Marche attractions, Province of Macerata, /Attractions-g798615-Activities-San_Severino_Marche_Province_of_Macerata_Marche.html
Cerignola attractions, Province of Foggia, /Attractions-g1913931-Activities-Cerignola_Province_of_Foggia_Puglia.html
Castiglione del Lago attractions, Province of Perugia, /Attractions-g194721-Activities-Castiglione_del_Lago_Province_of_Perugia_Umbria.html
Erba attractions, Province of Como, /Attractions-g194756-Activities-Erba_Province_of_Como_Lombardy.html
Mondovi attractions, Province of Cuneo, /Attractions-g194828-Activities-Mondovi_Province_of_Cuneo_Piedmont.html
Porto Recanati attractions, Province of Macerata, /Attractions-g194858-Activities-Porto_Recanati_Province_of_Macerata_Marche.html
Sant'Agnello attractions, Province of Naples, /Attractions-g194907-Activities-Sant_Agnello_Province_of_Naples_Campania.html
San Giovanni in Persiceto attractions, Province of Bologna, /Attractions-g1063279-Activities-San_Giovanni_in_Persiceto_Province_of_Bologna_Emilia_Romagna.html
Grottaglie attractions, Province of Taranto, /Attractions-g1737518-Activities-Grottaglie_Province_of_Taranto_Puglia.html
Forni di Sopra attractions, Province of Udine, /Attractions-g1475994-Activities-Forni_di_Sopra_Province_of_Udine_Friuli_Venezia_Giulia.html
Barolo attractions, Province of Cuneo, /Attractions-g1410653-Activities-Barolo_Province_of_Cuneo_Piedmont.html
San Pietro in Cariano attractions, Province of Verona, /Attractions-g608942-Activities-San_Pietro_in_Cariano_Province_of_Verona_Veneto.html
Figline e Incisa Valdarno attractions, Province of Florence, /Attractions-g676810-Activities-Figline_e_Incisa_Valdarno_Tuscany.html
Fondi attractions, Province of Latina, /Attractions-g1054687-Activities-Fondi_Province_of_Latina_Lazio.html
Palmanova attractions, Province of Udine, /Attractions-g776261-Activities-Palmanova_Province_of_Udine_Friuli_Venezia_Giulia.html
Grugliasco attractions, Province of Turin, /Attractions-g1055363-Activities-Grugliasco_Province_of_Turin_Piedmont.html
Legnago attractions, Province of Verona, /Attractions-g1973420-Activities-Legnago_Province_of_Verona_Veneto.html
Vinci attractions, Province of Florence, /Attractions-g187903-Activities-Vinci_Tuscany.html
Treviglio attractions, Province of Bergamo, /Attractions-g1075107-Activities-Treviglio_Province_of_Bergamo_Lombardy.html
Montebelluna attractions, Province of Treviso, /Attractions-g666334-Activities-Montebelluna_Province_of_Treviso_Veneto.html
Zafferana Etnea attractions, Province of Catania, /Attractions-g666508-Activities-Zafferana_Etnea_Province_of_Catania_Sicily.html
Gualdo Tadino attractions, Province of Perugia, /Attractions-g1175092-Activities-Gualdo_Tadino_Province_of_Perugia_Umbria.html
Giarre attractions, Province of Catania, /Attractions-g667254-Activities-Giarre_Province_of_Catania_Sicily.html
Capo d'Orlando attractions, Province of Messina, /Attractions-g1028937-Activities-Capo_d_Orlando_Province_of_Messina_Sicily.html
Cabras attractions, Province of Oristano, /Attractions-g1144101-Activities-Cabras_Province_of_Oristano_Sardinia.html
Bordighera attractions, Italian Riviera, /Attractions-g194694-Activities-Bordighera_Italian_Riviera_Liguria.html
Calenzano attractions, Province of Florence, /Attractions-g194705-Activities-Calenzano_Tuscany.html
Novi Ligure attractions, Province of Alessandria, /Attractions-g194837-Activities-Novi_Ligure_Province_of_Alessandria_Piedmont.html
