province_name, region_name, province_url
Sassinoro attractions, Province of Benevento, /Attractions-g18392261-Activities-Sassinoro_Province_of_Benevento_Campania.html
Frassinelle Polesine attractions, Province of Rovigo, /Attractions-g16852207-Activities-Frassinelle_Polesine_Province_of_Rovigo_Veneto.html
Marsure attractions, Province of Pordenone, /Attractions-g4597316-Activities-Marsure_Province_of_Pordenone_Friuli_Venezia_Giulia.html
Cugnana attractions, Province of Olbia-Tempio, /Attractions-g2287147-Activities-Cugnana_Province_of_Olbia_Tempio_Sardinia.html
Battifollo attractions, Province of Cuneo, /Attractions-g7743101-Activities-Battifollo_Province_of_Cuneo_Piedmont.html
Ali Terme attractions, Province of Messina, /Attractions-g1959424-Activities-Ali_Terme_Province_of_Messina_Sicily.html
Azzano d'Asti attractions, Province of Asti, /Attractions-g4105761-Activities-Azzano_d_Asti_Province_of_Asti_Piedmont.html
Ragona attractions, Province of Vibo Valentia, /Attractions-g21391217-Activities-Ragona_Province_of_Vibo_Valentia_Calabria.html
Casentino attractions, Province of L'Aquila, /Attractions-g8791752-Activities-Casentino_Province_of_L_Aquila_Abruzzo.html
Colla attractions, Province of Catanzaro, /Attractions-g21243664-Activities-Colla_Province_of_Catanzaro_Calabria.html
Terrazzo attractions, Province of Verona, /Attractions-g21210916-Activities-Terrazzo_Province_of_Verona_Veneto.html
Viadanica attractions, Province of Bergamo, /Attractions-g3532357-Activities-Viadanica_Province_of_Bergamo_Lombardy.html
Casalgrasso attractions, Province of Cuneo, /Attractions-g1926756-Activities-Casalgrasso_Province_of_Cuneo_Piedmont.html
Collio attractions, Vobarno, /Attractions-g13559362-Activities-Collio_Vobarno_Province_of_Brescia_Lombardy.html
Cavizzana attractions, Province of Trento, /Attractions-g9463327-Activities-Cavizzana_Province_of_Trento_Trentino_Alto_Adige.html
Sant'Angelo di Piove di Sacco attractions, Province of Padua, /Attractions-g7153372-Activities-Sant_Angelo_di_Piove_di_Sacco_Province_of_Padua_Veneto.html
Curino attractions, Province of Biella, /Attractions-g7759557-Activities-Curino_Province_of_Biella_Piedmont.html
San Salvatore attractions, Province of Genoa, /Attractions-g4007561-Activities-San_Salvatore_Province_of_Genoa_Liguria.html
Castelnuovo al Volturno attractions, Province of Isernia, /Attractions-g1566380-Activities-Castelnuovo_al_Volturno_Province_of_Isernia_Molise.html
Siris attractions, Province of Oristano, /Attractions-g6661821-Activities-Siris_Province_of_Oristano_Sardinia.html
Rutino attractions, Province of Salerno, /Attractions-g616171-Activities-Rutino_Province_of_Salerno_Campania.html
Vattaro attractions, Province of Trento, /Attractions-g616194-Activities-Vattaro_Province_of_Trento_Trentino_Alto_Adige.html
Nuraminis attractions, Province of Cagliari, /Attractions-g11970469-Activities-Nuraminis_Province_of_Cagliari_Sardinia.html
Mairano attractions, Province of Brescia, /Attractions-g5482359-Activities-Mairano_Province_of_Brescia_Lombardy.html
Vigano attractions, Province of Lecco, /Attractions-g2205462-Activities-Vigano_Province_of_Lecco_Lombardy.html
Faller attractions, Sovramonte, /Attractions-g21014060-Activities-Faller_Sovramonte_Province_of_Belluno_Veneto.html
Villanova d'Ardenghi attractions, Province of Pavia, /Attractions-g15738758-Activities-Villanova_d_Ardenghi_Province_of_Pavia_Lombardy.html
Sant'Angelo di Brolo attractions, Province of Messina, /Attractions-g1582947-Activities-Sant_Angelo_di_Brolo_Province_of_Messina_Sicily.html
Begosso attractions, Province of Verona, /Attractions-g21210843-Activities-Begosso_Province_of_Verona_Veneto.html
Albori attractions, Province of Salerno, /Attractions-g3844001-Activities-Albori_Province_of_Salerno_Campania.html
Olivadi attractions, Province of Catanzaro, /Attractions-g5105618-Activities-Olivadi_Province_of_Catanzaro_Calabria.html
Roccapelago attractions, Province of Modena, /Attractions-g15198022-Activities-Roccapelago_Province_of_Modena_Emilia_Romagna.html
Gombito attractions, Province of Cremona, /Attractions-g2647948-Activities-Gombito_Province_of_Cremona_Lombardy.html
Nichesola attractions, Province of Verona, /Attractions-g21210856-Activities-Nichesola_Province_of_Verona_Veneto.html
Boschi Sant'Anna attractions, Province of Verona, /Attractions-g21210865-Activities-Boschi_Sant_Anna_Province_of_Verona_Veneto.html
Parella attractions, Province of Turin, /Attractions-g2647964-Activities-Parella_Province_of_Turin_Piedmont.html
Santa Giustina attractions, Province of Ferrara, /Attractions-g8791864-Activities-Santa_Giustina_Province_of_Ferrara_Emilia_Romagna.html
Papozze attractions, Province of Rovigo, /Attractions-g3991532-Activities-Papozze_Province_of_Rovigo_Veneto.html
Villareggia attractions, Province of Turin, /Attractions-g5105565-Activities-Villareggia_Province_of_Turin_Piedmont.html
Tecchiena attractions, Province of Frosinone, /Attractions-g15738643-Activities-Tecchiena_Province_of_Frosinone_Lazio.html
Sambruson attractions, Province of Venice, /Attractions-g2287580-Activities-Sambruson_Veneto.html
Moggio attractions, Province of Lecco, /Attractions-g2287650-Activities-Moggio_Province_of_Lecco_Lombardy.html
Levane attractions, Province of Arezzo, /Attractions-g2533412-Activities-Levane_Province_of_Arezzo_Tuscany.html
Mugnano attractions, Province of Perugia, /Attractions-g2533408-Activities-Mugnano_Province_of_Perugia_Umbria.html
Canali attractions, Province of Reggio Emilia, /Attractions-g2533424-Activities-Canali_Province_of_Reggio_Emilia_Emilia_Romagna.html
Bellosguardo attractions, Province of Salerno, /Attractions-g2533425-Activities-Bellosguardo_Province_of_Salerno_Campania.html
Trivigno attractions, Province of Potenza, /Attractions-g2533389-Activities-Trivigno_Province_of_Potenza_Basilicata.html
Aicurzio attractions, Province of Monza and Brianza, /Attractions-g3844108-Activities-Aicurzio_Province_of_Monza_and_Brianza_Lombardy.html
Maclodio attractions, Province of Brescia, /Attractions-g2287636-Activities-Maclodio_Province_of_Brescia_Lombardy.html
Casa Camarina attractions, Province of Ragusa, /Attractions-g2533407-Activities-Casa_Camarina_Province_of_Ragusa_Sicily.html
