province_name, region_name, province_url
Pescasseroli attractions, Province of L'Aquila, /Attractions-g804273-Activities-Pescasseroli_Province_of_L_Aquila_Abruzzo.html
Castro attractions, Province of Lecce, /Attractions-g1575043-Activities-Castro_Province_of_Lecce_Puglia.html
Venosa attractions, Province of Potenza, /Attractions-g954094-Activities-Venosa_Province_of_Potenza_Basilicata.html
Sassuolo attractions, Province of Modena, /Attractions-g1052516-Activities-Sassuolo_Province_of_Modena_Emilia_Romagna.html
Isola di Capo Rizzuto attractions, Province of Crotone, /Attractions-g675749-Activities-Isola_di_Capo_Rizzuto_Province_of_Crotone_Calabria.html
Carmignano attractions, Province of Prato, /Attractions-g644273-Activities-Carmignano_Province_of_Prato_Tuscany.html
Radda in Chianti attractions, Province of Siena, /Attractions-g235123-Activities-Radda_in_Chianti_Tuscany.html
Camerino attractions, Province of Macerata, /Attractions-g1119844-Activities-Camerino_Province_of_Macerata_Marche.html
Cagli attractions, Province of Pesaro and Urbino, /Attractions-g1005937-Activities-Cagli_Province_of_Pesaro_and_Urbino_Marche.html
Nola attractions, Province of Naples, /Attractions-g580205-Activities-Nola_Province_of_Naples_Campania.html
Castiglione Olona attractions, Province of Varese, /Attractions-g2399072-Activities-Castiglione_Olona_Province_of_Varese_Lombardy.html
Burano attractions, City of Venice, /Attractions-g1597326-Activities-Burano_Veneto.html
Arona attractions, Lake Maggiore, /Attractions-g616180-Activities-Arona_Lake_Maggiore_Piedmont.html
Valsamoggia attractions, Province of Bologna, /Attractions-g7710485-Activities-Valsamoggia_Province_of_Bologna_Emilia_Romagna.html
Francavilla Fontana attractions, Province of Brindisi, /Attractions-g1747526-Activities-Francavilla_Fontana_Province_of_Brindisi_Puglia.html
Capannori attractions, Province of Lucca, /Attractions-g666981-Activities-Capannori_Province_of_Lucca_Tuscany.html
Ciro Marina attractions, Province of Crotone, /Attractions-g1076848-Activities-Ciro_Marina_Province_of_Crotone_Calabria.html
Albissola Marina attractions, Italian Riviera, /Attractions-g1142532-Activities-Albissola_Marina_Italian_Riviera_Liguria.html
Vietri sul Mare attractions, Amalfi Coast, /Attractions-g635617-Activities-Vietri_sul_Mare_Amalfi_Coast_Province_of_Salerno_Campania.html
Ruvo Di Puglia attractions, Province of Bari, /Attractions-g1028921-Activities-Ruvo_Di_Puglia_Province_of_Bari_Puglia.html
Genzano di Roma attractions, Province of Rome, /Attractions-g799536-Activities-Genzano_di_Roma_Province_of_Rome_Lazio.html
Giugliano in Campania attractions, Province of Naples, /Attractions-g1079032-Activities-Giugliano_in_Campania_Province_of_Naples_Campania.html
Castellaneta attractions, Province of Taranto, /Attractions-g194719-Activities-Castellaneta_Province_of_Taranto_Puglia.html
Chianciano Terme attractions, Province of Siena, /Attractions-g194734-Activities-Chianciano_Terme_Tuscany.html
Chiusi attractions, Province of Siena, /Attractions-g194739-Activities-Chiusi_Tuscany.html
Moena attractions, Province of Trento, /Attractions-g194825-Activities-Moena_Province_of_Trento_Trentino_Alto_Adige.html
Numana attractions, Province of Ancona, /Attractions-g194838-Activities-Numana_Province_of_Ancona_Marche.html
Rasun Anterselva attractions, Province of South Tyrol, /Attractions-g948558-Activities-Rasun_Anterselva_Province_of_South_Tyrol_Trentino_Alto_Adige.html
Roccaraso attractions, Province of L'Aquila, /Attractions-g194885-Activities-Roccaraso_Province_of_L_Aquila_Abruzzo.html
Castel Volturno attractions, Province of Caserta, /Attractions-g227663-Activities-Castel_Volturno_Province_of_Caserta_Campania.html
Sesto Fiorentino attractions, Province of Florence, /Attractions-g194916-Activities-Sesto_Fiorentino_Tuscany.html
Canicatti attractions, Province of Agrigento, /Attractions-g1180054-Activities-Canicatti_Province_of_Agrigento_Sicily.html
Predappio attractions, Province of Forli-Cesena, /Attractions-g1180044-Activities-Predappio_Province_of_Forli_Cesena_Emilia_Romagna.html
Savignano sul Rubicone attractions, Province of Forli-Cesena, /Attractions-g1575022-Activities-Savignano_sul_Rubicone_Province_of_Forli_Cesena_Emilia_Romagna.html
Carmagnola attractions, Province of Turin, /Attractions-g1052379-Activities-Carmagnola_Province_of_Turin_Piedmont.html
Nicolosi attractions, Province of Catania, /Attractions-g660767-Activities-Nicolosi_Province_of_Catania_Sicily.html
Marcianise attractions, Province of Caserta, /Attractions-g1643994-Activities-Marcianise_Province_of_Caserta_Campania.html
Canelli attractions, Province of Asti, /Attractions-g1202906-Activities-Canelli_Province_of_Asti_Piedmont.html
Fiesole attractions, Province of Florence, /Attractions-g187896-Activities-Fiesole_Tuscany.html
Sorano attractions, Province of Grosseto, /Attractions-g664984-Activities-Sorano_Province_of_Grosseto_Tuscany.html
Monreale attractions, Province of Palermo, /Attractions-g666663-Activities-Monreale_Province_of_Palermo_Sicily.html
Nago-Torbole attractions, Province of Trento, /Attractions-g10105276-Activities-Nago_Torbole_Province_of_Trento_Trentino_Alto_Adige.html
Pozzallo attractions, Province of Ragusa, /Attractions-g652024-Activities-Pozzallo_Province_of_Ragusa_Sicily.html
Ladispoli attractions, Province of Rome, /Attractions-g799537-Activities-Ladispoli_Province_of_Rome_Lazio.html
Albenga attractions, Italian Riviera, /Attractions-g194666-Activities-Albenga_Italian_Riviera_Liguria.html
Bolsena attractions, Province of Viterbo, /Attractions-g194693-Activities-Bolsena_Province_of_Viterbo_Lazio.html
Bra attractions, Province of Cuneo, /Attractions-g194699-Activities-Bra_Province_of_Cuneo_Piedmont.html
Castrocaro Terme e Terra del Sole attractions, Province of Forli-Cesena, /Attractions-g194722-Activities-Castrocaro_Terme_e_Terra_del_Sole_Province_of_Forli_Cesena_Emilia_Romagna.html
Maiori attractions, Amalfi Coast, /Attractions-g194806-Activities-Maiori_Amalfi_Coast_Province_of_Salerno_Campania.html
Monfalcone attractions, Province of Gorizia, /Attractions-g194829-Activities-Monfalcone_Province_of_Gorizia_Friuli_Venezia_Giulia.html
