province_name, region_name, province_url
Marcaria attractions, Province of Mantua, /Attractions-g1204472-Activities-Marcaria_Province_of_Mantua_Lombardy.html
Mombaruzzo attractions, Province of Asti, /Attractions-g1057042-Activities-Mombaruzzo_Province_of_Asti_Piedmont.html
Milo attractions, Province of Catania, /Attractions-g1057029-Activities-Milo_Province_of_Catania_Sicily.html
Trecate attractions, Province of Novara, /Attractions-g2138381-Activities-Trecate_Province_of_Novara_Piedmont.html
Cavriago attractions, Province of Reggio Emilia, /Attractions-g303439-Activities-Cavriago_Province_of_Reggio_Emilia_Emilia_Romagna.html
Vimodrone attractions, Province of Milan, /Attractions-g1204810-Activities-Vimodrone_Province_of_Milan_Lombardy.html
Abbadia Lariana attractions, Lake Como, /Attractions-g664174-Activities-Abbadia_Lariana_Lake_Como_Lombardy.html
Cannero Riviera attractions, Lake Maggiore, /Attractions-g664167-Activities-Cannero_Riviera_Lake_Maggiore_Piedmont.html
Brebbia attractions, Lake Maggiore, /Attractions-g664201-Activities-Brebbia_Lake_Maggiore_Lombardy.html
Ossuccio attractions, Lake Como, /Attractions-g664195-Activities-Ossuccio_Lake_Como_Lombardy.html
Monvalle attractions, Lake Maggiore, /Attractions-g664208-Activities-Monvalle_Lake_Maggiore_Lombardy.html
Pedaso attractions, Province of Fermo, /Attractions-g1925813-Activities-Pedaso_Province_of_Fermo_Marche.html
Bisegna attractions, Province of L'Aquila, /Attractions-g1925796-Activities-Bisegna_Province_of_L_Aquila_Abruzzo.html
Roccantica attractions, Province of Rieti, /Attractions-g3793626-Activities-Roccantica_Province_of_Rieti_Lazio.html
Montefortino attractions, Province of Fermo, /Attractions-g729930-Activities-Montefortino_Province_of_Fermo_Marche.html
Sogliano Cavour attractions, Province of Lecce, /Attractions-g2204488-Activities-Sogliano_Cavour_Province_of_Lecce_Puglia.html
Aielli attractions, Province of L'Aquila, /Attractions-g2450336-Activities-Aielli_Province_of_L_Aquila_Abruzzo.html
Posada attractions, Province of Nuoro, /Attractions-g1057996-Activities-Posada_Province_of_Nuoro_Sardinia.html
Verzuolo attractions, Province of Cuneo, /Attractions-g1942900-Activities-Verzuolo_Province_of_Cuneo_Piedmont.html
Ormelle attractions, Province of Treviso, /Attractions-g2336089-Activities-Ormelle_Province_of_Treviso_Veneto.html
Canneto sull'Oglio attractions, Province of Mantua, /Attractions-g1238427-Activities-Canneto_sull_Oglio_Province_of_Mantua_Lombardy.html
Senago attractions, Province of Milan, /Attractions-g664978-Activities-Senago_Province_of_Milan_Lombardy.html
San Vero Milis attractions, Province of Oristano, /Attractions-g1238433-Activities-San_Vero_Milis_Province_of_Oristano_Sardinia.html
Novello attractions, Province of Cuneo, /Attractions-g1549791-Activities-Novello_Province_of_Cuneo_Piedmont.html
Taibon Agordino attractions, Province of Belluno, /Attractions-g2368986-Activities-Taibon_Agordino_Province_of_Belluno_Veneto.html
Tarsia attractions, Province of Cosenza, /Attractions-g1222298-Activities-Tarsia_Province_of_Cosenza_Calabria.html
Guspini attractions, Province of Medio Campidano, /Attractions-g616188-Activities-Guspini_Province_of_Medio_Campidano_Sardinia.html
Dormelletto attractions, Lake Maggiore, /Attractions-g616183-Activities-Dormelletto_Lake_Maggiore_Piedmont.html
Scorze attractions, Province of Venice, /Attractions-g616203-Activities-Scorze_Veneto.html
San Marzano Oliveto attractions, Province of Asti, /Attractions-g1124109-Activities-San_Marzano_Oliveto_Province_of_Asti_Piedmont.html
Manta attractions, Province of Cuneo, /Attractions-g1566558-Activities-Manta_Province_of_Cuneo_Piedmont.html
Sesta Godano attractions, Italian Riviera, /Attractions-g2434998-Activities-Sesta_Godano_Italian_Riviera_Liguria.html
Ripalimosani attractions, Province of Campobasso, /Attractions-g2287589-Activities-Ripalimosani_Province_of_Campobasso_Molise.html
Cabella Ligure attractions, Province of Alessandria, /Attractions-g2287669-Activities-Cabella_Ligure_Province_of_Alessandria_Piedmont.html
Taurianova attractions, Province of Reggio Calabria, /Attractions-g3844105-Activities-Taurianova_Province_of_Reggio_Calabria_Calabria.html
Capurso attractions, Province of Bari, /Attractions-g2222147-Activities-Capurso_Province_of_Bari_Puglia.html
Villa Santina attractions, Province of Udine, /Attractions-g2533452-Activities-Villa_Santina_Province_of_Udine_Friuli_Venezia_Giulia.html
Russi attractions, Province of Ravenna, /Attractions-g944403-Activities-Russi_Province_of_Ravenna_Emilia_Romagna.html
Leonforte attractions, Province of Enna, /Attractions-g665904-Activities-Leonforte_Province_of_Enna_Sicily.html
Ferrandina attractions, Province of Matera, /Attractions-g2222463-Activities-Ferrandina_Province_of_Matera_Basilicata.html
Castelvecchio Subequo attractions, Province of L'Aquila, /Attractions-g2369886-Activities-Castelvecchio_Subequo_Province_of_L_Aquila_Abruzzo.html
Bentivoglio attractions, Province of Bologna, /Attractions-g780706-Activities-Bentivoglio_Province_of_Bologna_Emilia_Romagna.html
Cavasso Nuovo attractions, Province of Pordenone, /Attractions-g2025896-Activities-Cavasso_Nuovo_Province_of_Pordenone_Friuli_Venezia_Giulia.html
Castelbello-Ciardes attractions, Province of South Tyrol, /Attractions-g1419865-Activities-Castelbello_Ciardes_Province_of_South_Tyrol_Trentino_Alto_Adige.html
Melito di Porto Salvo attractions, Province of Reggio Calabria, /Attractions-g1960555-Activities-Melito_di_Porto_Salvo_Province_of_Reggio_Calabria_Calabria.html
Cermes attractions, Province of South Tyrol, /Attractions-g1419955-Activities-Cermes_Province_of_South_Tyrol_Trentino_Alto_Adige.html
Volvera attractions, Province of Turin, /Attractions-g2337489-Activities-Volvera_Province_of_Turin_Piedmont.html
Castellarano attractions, Province of Reggio Emilia, /Attractions-g2337603-Activities-Castellarano_Province_of_Reggio_Emilia_Emilia_Romagna.html
Incisa Scapaccino attractions, Province of Asti, /Attractions-g2059153-Activities-Incisa_Scapaccino_Province_of_Asti_Piedmont.html
Lugo di Vicenza attractions, Province of Vicenza, /Attractions-g3566564-Activities-Lugo_di_Vicenza_Province_of_Vicenza_Veneto.html
