province_name, region_name, province_url
Massalengo attractions, Province of Lodi, /Attractions-g5114294-Activities-Massalengo_Province_of_Lodi_Lombardy.html
Santa Cristina d'Aspromonte attractions, Province of Reggio Emilia, /Attractions-g3443240-Activities-Santa_Cristina_d_Aspromonte_Province_of_Reggio_Emilia_Emilia_Romagna.html
Garbagna Novarese attractions, Province of Novara, /Attractions-g7096945-Activities-Garbagna_Novarese_Province_of_Novara_Piedmont.html
Portico di Romagna attractions, Province of Forli-Cesena, /Attractions-g1903170-Activities-Portico_di_Romagna_Province_of_Forli_Cesena_Emilia_Romagna.html
Lillianes attractions, Valle d'Aosta, /Attractions-g2067046-Activities-Lillianes_Valle_d_Aosta.html
San Marcellino-Aversa attractions, Province of Caserta, /Attractions-g21121854-Activities-San_Marcellino_Aversa_Province_of_Caserta_Campania.html
Carbonara di Nola attractions, Province of Naples, /Attractions-g21072833-Activities-Carbonara_di_Nola_Province_of_Naples_Campania.html
Burcei attractions, Province of Cagliari, /Attractions-g1051282-Activities-Burcei_Province_of_Cagliari_Sardinia.html
Mezzaselva attractions, Province of Vicenza, /Attractions-g9456156-Activities-Mezzaselva_Province_of_Vicenza_Veneto.html
Santa Caterina di Pittinuri attractions, Province of Oristano, /Attractions-g608920-Activities-Santa_Caterina_di_Pittinuri_Province_of_Oristano_Sardinia.html
Riola Sardo attractions, Province of Oristano, /Attractions-g608917-Activities-Riola_Sardo_Province_of_Oristano_Sardinia.html
Camandona attractions, Province of Biella, /Attractions-g3590815-Activities-Camandona_Province_of_Biella_Piedmont.html
Breme attractions, Province of Pavia, /Attractions-g3590808-Activities-Breme_Province_of_Pavia_Lombardy.html
Casalini di Cisternino attractions, Province of Brindisi, /Attractions-g1411748-Activities-Casalini_di_Cisternino_Province_of_Brindisi_Puglia.html
Prarolo attractions, Province of Vercelli, /Attractions-g7015129-Activities-Prarolo_Province_of_Vercelli_Piedmont.html
Villata attractions, Province of Vercelli, /Attractions-g3738240-Activities-Villata_Province_of_Vercelli_Piedmont.html
Grado Pineta attractions, Province of Gorizia, /Attractions-g3574469-Activities-Grado_Pineta_Province_of_Gorizia_Friuli_Venezia_Giulia.html
Castelfondo attractions, Province of Trento, /Attractions-g4737715-Activities-Castelfondo_Province_of_Trento_Trentino_Alto_Adige.html
Caorso attractions, Province of Piacenza, /Attractions-g3148606-Activities-Caorso_Province_of_Piacenza_Emilia_Romagna.html
Colleretto Castelnuovo attractions, Province of Turin, /Attractions-g6163222-Activities-Colleretto_Castelnuovo_Province_of_Turin_Piedmont.html
San Tammaro attractions, Province of Caserta, /Attractions-g4115306-Activities-San_Tammaro_Province_of_Caserta_Campania.html
Lardaro attractions, Province of Trento, /Attractions-g10800067-Activities-Lardaro_Province_of_Trento_Trentino_Alto_Adige.html
Cedegolo attractions, Province of Brescia, /Attractions-g1985384-Activities-Cedegolo_Province_of_Brescia_Lombardy.html
Liveri attractions, Province of Naples, /Attractions-g6867734-Activities-Liveri_Province_of_Naples_Campania.html
Invorio Superiore attractions, Province of Novara, /Attractions-g1969068-Activities-Invorio_Superiore_Province_of_Novara_Piedmont.html
Forcola attractions, Province of Sondrio, /Attractions-g1772462-Activities-Forcola_Province_of_Sondrio_Lombardy.html
Malgesso attractions, Province of Varese, /Attractions-g6966176-Activities-Malgesso_Province_of_Varese_Lombardy.html
Vajont attractions, Province of Pordenone, /Attractions-g1526835-Activities-Vajont_Province_of_Pordenone_Friuli_Venezia_Giulia.html
Santa Maria Codifiume attractions, Province of Ferrara, /Attractions-g3902494-Activities-Santa_Maria_Codifiume_Province_of_Ferrara_Emilia_Romagna.html
Cambiago attractions, Province of Milan, /Attractions-g1051680-Activities-Cambiago_Province_of_Milan_Lombardy.html
Ogliastro Cilento attractions, Cilento and Vallo di Diano National Park, /Attractions-g642174-Activities-Ogliastro_Cilento_Cilento_and_Vallo_di_Diano_National_Park_Province_of_Salerno_Campania.html
Farneta attractions, Province of Arezzo, /Attractions-g642187-Activities-Farneta_Province_of_Arezzo_Tuscany.html
Salto di Fondi attractions, Province of Latina, /Attractions-g1182869-Activities-Salto_di_Fondi_Province_of_Latina_Lazio.html
Bosco Mesola attractions, Province of Ferrara, /Attractions-g3198138-Activities-Bosco_Mesola_Province_of_Ferrara_Emilia_Romagna.html
Roccaromana attractions, Province of Caserta, /Attractions-g10783801-Activities-Roccaromana_Province_of_Caserta_Campania.html
Castel dell’Aquila attractions, Province of Terni, /Attractions-g6851785-Activities-Castel_dell_Aquila_Province_of_Terni_Umbria.html
Avolasca attractions, Province of Alessandria, /Attractions-g5049487-Activities-Avolasca_Province_of_Alessandria_Piedmont.html
Casamaina attractions, Province of L'Aquila, /Attractions-g2510117-Activities-Casamaina_Province_of_L_Aquila_Abruzzo.html
Maranza attractions, Province of South Tyrol, /Attractions-g1182982-Activities-Maranza_Province_of_South_Tyrol_Trentino_Alto_Adige.html
Botta attractions, Province of Bergamo, /Attractions-g3198209-Activities-Botta_Province_of_Bergamo_Lombardy.html
Carfizzi attractions, Province of Crotone, /Attractions-g21187707-Activities-Carfizzi_Province_of_Crotone_Calabria.html
Obereggen attractions, Province of Trento, /Attractions-g1150295-Activities-Obereggen_Province_of_Trento_Trentino_Alto_Adige.html
Monte Marenzo attractions, Province of Lecco, /Attractions-g8342821-Activities-Monte_Marenzo_Province_of_Lecco_Lombardy.html
Castelnuovo Parano attractions, Province of Frosinone, /Attractions-g1019220-Activities-Castelnuovo_Parano_Province_of_Frosinone_Lazio.html
Salussola attractions, Province of Biella, /Attractions-g1625484-Activities-Salussola_Province_of_Biella_Piedmont.html
Rocca Santo Stefano attractions, Province of Rome, /Attractions-g1969592-Activities-Rocca_Santo_Stefano_Province_of_Rome_Lazio.html
Vaiano Cremasco attractions, Province of Cremona, /Attractions-g3706259-Activities-Vaiano_Cremasco_Province_of_Cremona_Lombardy.html
Palazzo Canavese attractions, Province of Turin, /Attractions-g3247586-Activities-Palazzo_Canavese_Province_of_Turin_Piedmont.html
Vallepietra attractions, Province of Rome, /Attractions-g3247594-Activities-Vallepietra_Province_of_Rome_Lazio.html
Gottolengo attractions, Province of Brescia, /Attractions-g3247596-Activities-Gottolengo_Province_of_Brescia_Lombardy.html
