province_name, region_name, province_url
Tavernelle di Panicale attractions, Province of Perugia, /Attractions-g2359976-Activities-Tavernelle_di_Panicale_Province_of_Perugia_Umbria.html
Siddi attractions, Province of Medio Campidano, /Attractions-g1999504-Activities-Siddi_Province_of_Medio_Campidano_Sardinia.html
Grandola ed Uniti attractions, Lake Como, /Attractions-g2163389-Activities-Grandola_ed_Uniti_Lake_Como_Lombardy.html
Solignano attractions, Province of Parma, /Attractions-g10060350-Activities-Solignano_Province_of_Parma_Emilia_Romagna.html
Roscigno attractions, Province of Salerno, /Attractions-g2360046-Activities-Roscigno_Province_of_Salerno_Campania.html
Montemaggiore Belsito attractions, Province of Palermo, /Attractions-g11961258-Activities-Montemaggiore_Belsito_Province_of_Palermo_Sicily.html
Campoli del Monte Taburno attractions, Province of Benevento, /Attractions-g3326736-Activities-Campoli_del_Monte_Taburno_Province_of_Benevento_Campania.html
Camporosso attractions, Italian Riviera, /Attractions-g1934134-Activities-Camporosso_Italian_Riviera_Liguria.html
Cismon del Grappa attractions, Province of Vicenza, /Attractions-g2360072-Activities-Cismon_del_Grappa_Province_of_Vicenza_Veneto.html
Azzio attractions, Province of Varese, /Attractions-g2278162-Activities-Azzio_Province_of_Varese_Lombardy.html
Campione del Garda attractions, Province of Brescia, /Attractions-g3326721-Activities-Campione_del_Garda_Province_of_Brescia_Lombardy.html
Elice attractions, Province of Pescara, /Attractions-g1934121-Activities-Elice_Province_of_Pescara_Abruzzo.html
Civitella Messer Raimondo attractions, Province of Chieti, /Attractions-g1934120-Activities-Civitella_Messer_Raimondo_Province_of_Chieti_Abruzzo.html
Vaie attractions, Province of Turin, /Attractions-g2278167-Activities-Vaie_Province_of_Turin_Piedmont.html
Monticello Brianza attractions, Province of Lecco, /Attractions-g1934116-Activities-Monticello_Brianza_Province_of_Lecco_Lombardy.html
Collepepe attractions, Province of Perugia, /Attractions-g1934171-Activities-Collepepe_Province_of_Perugia_Umbria.html
Piobesi Torinese attractions, Province of Turin, /Attractions-g1737547-Activities-Piobesi_Torinese_Province_of_Turin_Piedmont.html
Cerese di Virgilio attractions, Province of Mantua, /Attractions-g1737536-Activities-Cerese_di_Virgilio_Province_of_Mantua_Lombardy.html
Borgo Panigale attractions, Province of Bologna, /Attractions-g7242674-Activities-Borgo_Panigale_Province_of_Bologna_Emilia_Romagna.html
Vernate attractions, Province of Milan, /Attractions-g2016257-Activities-Vernate_Province_of_Milan_Lombardy.html
Arzergrande attractions, Province of Padua, /Attractions-g3752989-Activities-Arzergrande_Province_of_Padua_Veneto.html
Santi Cosma e Damiano attractions, Province of Latina, /Attractions-g4260886-Activities-Santi_Cosma_e_Damiano_Province_of_Latina_Lazio.html
Molina Aterno attractions, Province of L'Aquila, /Attractions-g13223059-Activities-Molina_Aterno_Province_of_L_Aquila_Abruzzo.html
Oricola attractions, Province of L'Aquila, /Attractions-g13223021-Activities-Oricola_Province_of_L_Aquila_Abruzzo.html
Cavareno attractions, Province of Trento, /Attractions-g1983689-Activities-Cavareno_Province_of_Trento_Trentino_Alto_Adige.html
Pabillonis attractions, Province of Medio Campidano, /Attractions-g6636912-Activities-Pabillonis_Province_of_Medio_Campidano_Sardinia.html
Dignano attractions, Province of Udine, /Attractions-g3491191-Activities-Dignano_Province_of_Udine_Friuli_Venezia_Giulia.html
Margno attractions, Province of Lecco, /Attractions-g3491146-Activities-Margno_Province_of_Lecco_Lombardy.html
Rocca d'Arce attractions, Province of Frosinone, /Attractions-g12633421-Activities-Rocca_d_Arce_Province_of_Frosinone_Lazio.html
Masera attractions, Province of Verbano-Cusio-Ossola, /Attractions-g1918338-Activities-Masera_Province_of_Verbano_Cusio_Ossola_Piedmont.html
Nule attractions, Province of Sassari, /Attractions-g12076400-Activities-Nule_Province_of_Sassari_Sardinia.html
Pagazzano attractions, Province of Bergamo, /Attractions-g8422734-Activities-Pagazzano_Province_of_Bergamo_Lombardy.html
Folignano attractions, Province of Ascoli Piceno, /Attractions-g656836-Activities-Folignano_Province_of_Ascoli_Piceno_Marche.html
Crucoli attractions, Province of Crotone, /Attractions-g15844614-Activities-Crucoli_Province_of_Crotone_Calabria.html
Rometta Marea attractions, Province of Messina, /Attractions-g8816272-Activities-Rometta_Marea_Province_of_Messina_Sicily.html
Tonara attractions, Province of Nuoro, /Attractions-g1803776-Activities-Tonara_Province_of_Nuoro_Sardinia.html
Locana attractions, Province of Turin, /Attractions-g3606045-Activities-Locana_Province_of_Turin_Piedmont.html
Saint Nicolas attractions, Valle d'Aosta, /Attractions-g656945-Activities-Saint_Nicolas_Valle_d_Aosta.html
Olmo Gentile attractions, Province of Asti, /Attractions-g1410646-Activities-Olmo_Gentile_Province_of_Asti_Piedmont.html
Marentino attractions, Province of Turin, /Attractions-g1410652-Activities-Marentino_Province_of_Turin_Piedmont.html
Castel Ritaldi attractions, Province of Perugia, /Attractions-g1967732-Activities-Castel_Ritaldi_Province_of_Perugia_Umbria.html
Leffe attractions, Province of Bergamo, /Attractions-g968310-Activities-Leffe_Province_of_Bergamo_Lombardy.html
Lesegno attractions, Province of Cuneo, /Attractions-g3720775-Activities-Lesegno_Province_of_Cuneo_Piedmont.html
Petrona attractions, Province of Catanzaro, /Attractions-g7177965-Activities-Petrona_Province_of_Catanzaro_Calabria.html
Vesime attractions, Province of Asti, /Attractions-g1410692-Activities-Vesime_Province_of_Asti_Piedmont.html
San Gregorio nelle Alpi attractions, Province of Belluno, /Attractions-g2590450-Activities-San_Gregorio_nelle_Alpi_Province_of_Belluno_Veneto.html
Tripi attractions, Province of Messina, /Attractions-g673491-Activities-Tripi_Province_of_Messina_Sicily.html
Castiglione di Garfagnana attractions, Province of Lucca, /Attractions-g1918698-Activities-Castiglione_di_Garfagnana_Province_of_Lucca_Tuscany.html
Castellalto attractions, Province of Teramo, /Attractions-g3606216-Activities-Castellalto_Province_of_Teramo_Abruzzo.html
Lisciano Niccone attractions, Province of Perugia, /Attractions-g1509136-Activities-Lisciano_Niccone_Province_of_Perugia_Umbria.html
