province_name, region_name, province_url
Avio attractions, Province of Trento, /Attractions-g1746069-Activities-Avio_Province_of_Trento_Trentino_Alto_Adige.html
Morro d'Alba attractions, Province of Ancona, /Attractions-g2090218-Activities-Morro_d_Alba_Province_of_Ancona_Marche.html
Trecenta attractions, Province of Rovigo, /Attractions-g1238437-Activities-Trecenta_Province_of_Rovigo_Veneto.html
Morcone attractions, Province of Benevento, /Attractions-g3532281-Activities-Morcone_Province_of_Benevento_Campania.html
Opi attractions, Province of L'Aquila, /Attractions-g1631774-Activities-Opi_Province_of_L_Aquila_Abruzzo.html
Camino al Tagliamento attractions, Province of Udine, /Attractions-g1631752-Activities-Camino_al_Tagliamento_Province_of_Udine_Friuli_Venezia_Giulia.html
Pizzoli attractions, Province of L'Aquila, /Attractions-g2647943-Activities-Pizzoli_Province_of_L_Aquila_Abruzzo.html
Latera attractions, Province of Viterbo, /Attractions-g1501324-Activities-Latera_Province_of_Viterbo_Lazio.html
Caprese Michelangelo attractions, Province of Arezzo, /Attractions-g1632622-Activities-Caprese_Michelangelo_Province_of_Arezzo_Tuscany.html
San Nicola la Strada attractions, Province of Caserta, /Attractions-g1059248-Activities-San_Nicola_la_Strada_Province_of_Caserta_Campania.html
Rapino attractions, Province of Chieti, /Attractions-g2386459-Activities-Rapino_Province_of_Chieti_Abruzzo.html
Santa Severina attractions, Province of Crotone, /Attractions-g1059398-Activities-Santa_Severina_Province_of_Crotone_Calabria.html
Barbiano attractions, Province of South Tyrol, /Attractions-g1419850-Activities-Barbiano_Province_of_South_Tyrol_Trentino_Alto_Adige.html
Spilamberto attractions, Province of Modena, /Attractions-g1059838-Activities-Spilamberto_Province_of_Modena_Emilia_Romagna.html
Ospedaletti attractions, Italian Riviera, /Attractions-g1076286-Activities-Ospedaletti_Italian_Riviera_Liguria.html
Nocera Umbra attractions, Province of Perugia, /Attractions-g666701-Activities-Nocera_Umbra_Province_of_Perugia_Umbria.html
Serdiana attractions, Province of Cagliari, /Attractions-g1928259-Activities-Serdiana_Province_of_Cagliari_Sardinia.html
Monte San Vito attractions, Province of Ancona, /Attractions-g1911932-Activities-Monte_San_Vito_Province_of_Ancona_Marche.html
Casier attractions, Province of Treviso, /Attractions-g1797240-Activities-Casier_Province_of_Treviso_Veneto.html
Barrafranca attractions, Province of Enna, /Attractions-g4025507-Activities-Barrafranca_Province_of_Enna_Sicily.html
Ameno attractions, Province of Novara, /Attractions-g1076853-Activities-Ameno_Province_of_Novara_Piedmont.html
Savignone attractions, Province of Genoa, /Attractions-g667249-Activities-Savignone_Province_of_Genoa_Liguria.html
Viverone attractions, Province of Biella, /Attractions-g1486537-Activities-Viverone_Province_of_Biella_Piedmont.html
Lagonegro attractions, Province of Potenza, /Attractions-g1568584-Activities-Lagonegro_Province_of_Potenza_Basilicata.html
Ziano Piacentino attractions, Province of Piacenza, /Attractions-g1749156-Activities-Ziano_Piacentino_Province_of_Piacenza_Emilia_Romagna.html
Adro attractions, Province of Brescia, /Attractions-g1945836-Activities-Adro_Province_of_Brescia_Lombardy.html
Apecchio attractions, Province of Pesaro and Urbino, /Attractions-g1405363-Activities-Apecchio_Province_of_Pesaro_and_Urbino_Marche.html
Pozzolengo attractions, Province of Brescia, /Attractions-g1028661-Activities-Pozzolengo_Province_of_Brescia_Lombardy.html
Dalmine attractions, Province of Bergamo, /Attractions-g1028688-Activities-Dalmine_Province_of_Bergamo_Lombardy.html
Lanusei attractions, Province of Ogliastra, /Attractions-g652015-Activities-Lanusei_Province_of_Ogliastra_Sardinia.html
Paratico attractions, Province of Brescia, /Attractions-g1078006-Activities-Paratico_Province_of_Brescia_Lombardy.html
Sigillo attractions, Province of Perugia, /Attractions-g1749730-Activities-Sigillo_Province_of_Perugia_Umbria.html
Chiusdino attractions, Province of Siena, /Attractions-g652036-Activities-Chiusdino_Tuscany.html
Troia attractions, Province of Foggia, /Attractions-g2356071-Activities-Troia_Province_of_Foggia_Puglia.html
Vandoies attractions, Province of South Tyrol, /Attractions-g1078108-Activities-Vandoies_Province_of_South_Tyrol_Trentino_Alto_Adige.html
Vaglia attractions, Province of Florence, /Attractions-g1209159-Activities-Vaglia_Tuscany.html
Polla attractions, Cilento and Vallo di Diano National Park, /Attractions-g488298-Activities-Polla_Cilento_and_Vallo_di_Diano_National_Park_Province_of_Salerno_Campania.html
Carmiano attractions, Province of Lecce, /Attractions-g2356044-Activities-Carmiano_Province_of_Lecce_Puglia.html
Borgo San Dalmazzo attractions, Province of Cuneo, /Attractions-g2012043-Activities-Borgo_San_Dalmazzo_Province_of_Cuneo_Piedmont.html
Grantorto attractions, Province of Padua, /Attractions-g2356110-Activities-Grantorto_Province_of_Padua_Veneto.html
Vicopisano attractions, Province of Pisa, /Attractions-g1438684-Activities-Vicopisano_Province_of_Pisa_Tuscany.html
Santu Lussurgiu attractions, Province of Oristano, /Attractions-g1127397-Activities-Santu_Lussurgiu_Province_of_Oristano_Sardinia.html
San Giustino attractions, Province of Perugia, /Attractions-g1438736-Activities-San_Giustino_Province_of_Perugia_Umbria.html
Campagna attractions, Province of Salerno, /Attractions-g2356408-Activities-Campagna_Province_of_Salerno_Campania.html
Pratovecchio attractions, Province of Arezzo, /Attractions-g1537340-Activities-Pratovecchio_Province_of_Arezzo_Tuscany.html
Piadena attractions, Province of Cremona, /Attractions-g1930619-Activities-Piadena_Province_of_Cremona_Lombardy.html
Casarza Ligure attractions, Province of Genoa, /Attractions-g1537406-Activities-Casarza_Ligure_Province_of_Genoa_Liguria.html
Ottaviano attractions, Province of Naples, /Attractions-g1602959-Activities-Ottaviano_Province_of_Naples_Campania.html
Zocca attractions, Province of Modena, /Attractions-g1078858-Activities-Zocca_Province_of_Modena_Emilia_Romagna.html
Serrapetrona attractions, Province of Macerata, /Attractions-g1996416-Activities-Serrapetrona_Province_of_Macerata_Marche.html
