province_name, region_name, province_url
Settimo San Pietro attractions, Province of Cagliari, /Attractions-g2396911-Activities-Settimo_San_Pietro_Province_of_Cagliari_Sardinia.html
Falvaterra attractions, Province of Frosinone, /Attractions-g3723968-Activities-Falvaterra_Province_of_Frosinone_Lazio.html
Fragagnano attractions, Province of Taranto, /Attractions-g2102059-Activities-Fragagnano_Province_of_Taranto_Puglia.html
Pantigliate attractions, Province of Milan, /Attractions-g1872723-Activities-Pantigliate_Province_of_Milan_Lombardy.html
Montelapiano attractions, Province of Chieti, /Attractions-g10359798-Activities-Montelapiano_Province_of_Chieti_Abruzzo.html
San Vito di Leguzzano attractions, Province of Vicenza, /Attractions-g2413562-Activities-San_Vito_di_Leguzzano_Province_of_Vicenza_Veneto.html
Buguggiate attractions, Province of Varese, /Attractions-g2266070-Activities-Buguggiate_Province_of_Varese_Lombardy.html
Alberona attractions, Province of Foggia, /Attractions-g3478467-Activities-Alberona_Province_of_Foggia_Puglia.html
Mombercelli attractions, Province of Asti, /Attractions-g1954795-Activities-Mombercelli_Province_of_Asti_Piedmont.html
Cerete attractions, Province of Bergamo, /Attractions-g1201173-Activities-Cerete_Province_of_Bergamo_Lombardy.html
Orvinio attractions, Province of Rieti, /Attractions-g3576893-Activities-Orvinio_Province_of_Rieti_Lazio.html
Campofilone attractions, Province of Fermo, /Attractions-g1528860-Activities-Campofilone_Province_of_Fermo_Marche.html
Gissi attractions, Province of Chieti, /Attractions-g2151454-Activities-Gissi_Province_of_Chieti_Abruzzo.html
Castelbasso attractions, Province of Teramo, /Attractions-g2151491-Activities-Castelbasso_Province_of_Teramo_Abruzzo.html
Palazzolo dello Stella attractions, Province of Udine, /Attractions-g1086581-Activities-Palazzolo_dello_Stella_Province_of_Udine_Friuli_Venezia_Giulia.html
Botricello attractions, Province of Catanzaro, /Attractions-g644240-Activities-Botricello_Province_of_Catanzaro_Calabria.html
Sori attractions, Italian Riviera, /Attractions-g1807548-Activities-Sori_Italian_Riviera_Liguria.html
Bellusco attractions, Province of Monza and Brianza, /Attractions-g3724512-Activities-Bellusco_Province_of_Monza_and_Brianza_Lombardy.html
Marina Romea attractions, Province of Ravenna, /Attractions-g1185015-Activities-Marina_Romea_Province_of_Ravenna_Emilia_Romagna.html
Costa di Rovigo attractions, Province of Rovigo, /Attractions-g4232362-Activities-Costa_di_Rovigo_Province_of_Rovigo_Veneto.html
Livo attractions, Province of Trento, /Attractions-g3953868-Activities-Livo_Province_of_Trento_Trentino_Alto_Adige.html
Provaglio Val Sabbia attractions, Province of Brescia, /Attractions-g4232383-Activities-Provaglio_Val_Sabbia_Province_of_Brescia_Lombardy.html
Vallo della Lucania attractions, Province of Salerno, /Attractions-g3364133-Activities-Vallo_della_Lucania_Province_of_Salerno_Campania.html
Ventimiglia di Sicilia attractions, Province of Palermo, /Attractions-g2282850-Activities-Ventimiglia_di_Sicilia_Province_of_Palermo_Sicily.html
Catignano attractions, Province of Pescara, /Attractions-g6919451-Activities-Catignano_Province_of_Pescara_Abruzzo.html
Sant'Eusanio del Sangro attractions, Province of Chieti, /Attractions-g3577273-Activities-Sant_Eusanio_del_Sangro_Province_of_Chieti_Abruzzo.html
Ciro attractions, Province of Crotone, /Attractions-g4494809-Activities-Ciro_Province_of_Crotone_Calabria.html
Delianuova attractions, Province of Reggio Calabria, /Attractions-g8721753-Activities-Delianuova_Province_of_Reggio_Calabria_Calabria.html
Tollo attractions, Province of Chieti, /Attractions-g1119755-Activities-Tollo_Province_of_Chieti_Abruzzo.html
Castelnuovo della Daunia attractions, Province of Foggia, /Attractions-g4609536-Activities-Castelnuovo_della_Daunia_Province_of_Foggia_Puglia.html
Cellio con Breia attractions, Province of Vercelli, /Attractions-g14030419-Activities-Cellio_con_Breia_Province_of_Vercelli_Piedmont.html
Ostellato attractions, Province of Ferrara, /Attractions-g1054370-Activities-Ostellato_Province_of_Ferrara_Emilia_Romagna.html
Pont Canavese attractions, Province of Turin, /Attractions-g2299547-Activities-Pont_Canavese_Province_of_Turin_Piedmont.html
Gruaro attractions, Province of Venice, /Attractions-g1939189-Activities-Gruaro_Veneto.html
Calceranica al Lago attractions, Province of Trento, /Attractions-g1185567-Activities-Calceranica_al_Lago_Province_of_Trento_Trentino_Alto_Adige.html
Ofena attractions, Province of L'Aquila, /Attractions-g2135856-Activities-Ofena_Province_of_L_Aquila_Abruzzo.html
Caldes attractions, Province of Trento, /Attractions-g1414919-Activities-Caldes_Province_of_Trento_Trentino_Alto_Adige.html
Perdifumo attractions, Cilento and Vallo di Diano National Park, /Attractions-g661277-Activities-Perdifumo_Cilento_and_Vallo_di_Diano_National_Park_Province_of_Salerno_Campania.html
Gavoi attractions, Province of Nuoro, /Attractions-g1054632-Activities-Gavoi_Province_of_Nuoro_Sardinia.html
Balestrino attractions, Italian Riviera, /Attractions-g1202118-Activities-Balestrino_Italian_Riviera_Liguria.html
San Pietro di Cadore attractions, Province of Belluno, /Attractions-g1955782-Activities-San_Pietro_di_Cadore_Province_of_Belluno_Veneto.html
Miranda attractions, Province of Isernia, /Attractions-g12130143-Activities-Miranda_Province_of_Isernia_Molise.html
Mormanno attractions, Province of Cosenza, /Attractions-g2021367-Activities-Mormanno_Province_of_Cosenza_Calabria.html
Isnello attractions, Province of Palermo, /Attractions-g1087460-Activities-Isnello_Province_of_Palermo_Sicily.html
San Prospero attractions, Province of Modena, /Attractions-g1841206-Activities-San_Prospero_Province_of_Modena_Emilia_Romagna.html
Grazzano Badoglio attractions, Province of Asti, /Attractions-g940080-Activities-Grazzano_Badoglio_Province_of_Asti_Piedmont.html
Prata Sannita attractions, Province of Caserta, /Attractions-g10361037-Activities-Prata_Sannita_Province_of_Caserta_Campania.html
Pieve Torina attractions, Province of Macerata, /Attractions-g2299990-Activities-Pieve_Torina_Province_of_Macerata_Marche.html
Casacanditella attractions, Province of Chieti, /Attractions-g3610800-Activities-Casacanditella_Province_of_Chieti_Abruzzo.html
Villa D'Adda attractions, Province of Bergamo, /Attractions-g2300079-Activities-Villa_D_Adda_Province_of_Bergamo_Lombardy.html
