province_name, region_name, province_url
Civitella Roveto attractions, Province of L'Aquila, /Attractions-g2034983-Activities-Civitella_Roveto_Province_of_L_Aquila_Abruzzo.html
Baragiano attractions, Province of Potenza, /Attractions-g3247585-Activities-Baragiano_Province_of_Potenza_Basilicata.html
Archi attractions, Province of Chieti, /Attractions-g3247598-Activities-Archi_Province_of_Chieti_Abruzzo.html
Piancogno attractions, Province of Brescia, /Attractions-g2018856-Activities-Piancogno_Province_of_Brescia_Lombardy.html
Gorle attractions, Province of Bergamo, /Attractions-g3493451-Activities-Gorle_Province_of_Bergamo_Lombardy.html
Castelcivita attractions, Province of Salerno, /Attractions-g3247803-Activities-Castelcivita_Province_of_Salerno_Campania.html
Cavenago di Brianza attractions, Province of Monza and Brianza, /Attractions-g1150621-Activities-Cavenago_di_Brianza_Province_of_Monza_and_Brianza_Lombardy.html
Solopaca attractions, Province of Benevento, /Attractions-g2281141-Activities-Solopaca_Province_of_Benevento_Campania.html
Chignolo Po attractions, Province of Pavia, /Attractions-g2297533-Activities-Chignolo_Po_Province_of_Pavia_Lombardy.html
Caselle Torinese attractions, Province of Turin, /Attractions-g1052421-Activities-Caselle_Torinese_Province_of_Turin_Piedmont.html
Villafranca Padovana attractions, Province of Padua, /Attractions-g2101046-Activities-Villafranca_Padovana_Province_of_Padua_Veneto.html
Castelletto Cervo attractions, Province of Biella, /Attractions-g5541752-Activities-Castelletto_Cervo_Province_of_Biella_Piedmont.html
Rivolta d'Adda attractions, Province of Cremona, /Attractions-g1576778-Activities-Rivolta_d_Adda_Province_of_Cremona_Lombardy.html
Calvi Risorta attractions, Province of Caserta, /Attractions-g3526480-Activities-Calvi_Risorta_Province_of_Caserta_Campania.html
Galliera Veneta attractions, Province of Padua, /Attractions-g1593190-Activities-Galliera_Veneta_Province_of_Padua_Veneto.html
San Cipirello attractions, Province of Palermo, /Attractions-g2412532-Activities-San_Cipirello_Province_of_Palermo_Sicily.html
Colle Isarco attractions, Province of South Tyrol, /Attractions-g1183680-Activities-Colle_Isarco_Province_of_South_Tyrol_Trentino_Alto_Adige.html
Camisano Vicentino attractions, Province of Vicenza, /Attractions-g2101185-Activities-Camisano_Vicentino_Province_of_Vicenza_Veneto.html
Somaglia attractions, Province of Lodi, /Attractions-g2281423-Activities-Somaglia_Province_of_Lodi_Lombardy.html
Monteverde attractions, Province of Avellino, /Attractions-g2297823-Activities-Monteverde_Province_of_Avellino_Campania.html
Vertemate con Minoprio attractions, Province of Como, /Attractions-g2281474-Activities-Vertemate_con_Minoprio_Province_of_Como_Lombardy.html
Enemonzo attractions, Province of Udine, /Attractions-g3772665-Activities-Enemonzo_Province_of_Udine_Friuli_Venezia_Giulia.html
San Valentino Torio attractions, Province of Salerno, /Attractions-g3330291-Activities-San_Valentino_Torio_Province_of_Salerno_Campania.html
Quadri attractions, Province of Chieti, /Attractions-g1757394-Activities-Quadri_Province_of_Chieti_Abruzzo.html
Roccascalegna attractions, Province of Chieti, /Attractions-g3494092-Activities-Roccascalegna_Province_of_Chieti_Abruzzo.html
San Paolo di Civitate attractions, Province of Foggia, /Attractions-g3772675-Activities-San_Paolo_di_Civitate_Province_of_Foggia_Puglia.html
Borgo Vercelli attractions, Province of Vercelli, /Attractions-g1986853-Activities-Borgo_Vercelli_Province_of_Vercelli_Piedmont.html
Sanza attractions, Cilento and Vallo di Diano National Park, /Attractions-g1757557-Activities-Sanza_Cilento_and_Vallo_di_Diano_National_Park_Province_of_Salerno_Campania.html
Villa Santo Stefano attractions, Province of Frosinone, /Attractions-g3494215-Activities-Villa_Santo_Stefano_Province_of_Frosinone_Lazio.html
Caivano attractions, Province of Naples, /Attractions-g2052522-Activities-Caivano_Province_of_Naples_Campania.html
Sassocorvaro attractions, Province of Pesaro and Urbino, /Attractions-g2101700-Activities-Sassocorvaro_Province_of_Pesaro_and_Urbino_Marche.html
Guagnano attractions, Province of Lecce, /Attractions-g3347003-Activities-Guagnano_Province_of_Lecce_Puglia.html
San Secondo Parmense attractions, Province of Parma, /Attractions-g1102363-Activities-San_Secondo_Parmense_Province_of_Parma_Emilia_Romagna.html
Busso attractions, Province of Campobasso, /Attractions-g2232879-Activities-Busso_Province_of_Campobasso_Molise.html
Custoza attractions, Province of Verona, /Attractions-g1167979-Activities-Custoza_Province_of_Verona_Veneto.html
Mezzano attractions, Province of Trento, /Attractions-g1872531-Activities-Mezzano_Province_of_Trento_Trentino_Alto_Adige.html
Riese Pio X attractions, Province of Treviso, /Attractions-g3347109-Activities-Riese_Pio_X_Province_of_Treviso_Veneto.html
Blevio attractions, Lake Como, /Attractions-g2151206-Activities-Blevio_Lake_Como_Lombardy.html
Alfonsine attractions, Province of Ravenna, /Attractions-g1135403-Activities-Alfonsine_Province_of_Ravenna_Emilia_Romagna.html
Monterenzio attractions, Province of Bologna, /Attractions-g1725286-Activities-Monterenzio_Province_of_Bologna_Emilia_Romagna.html
Ferentillo attractions, Province of Terni, /Attractions-g1020923-Activities-Ferentillo_Province_of_Terni_Umbria.html
Mansue attractions, Province of Treviso, /Attractions-g7754625-Activities-Mansue_Province_of_Treviso_Veneto.html
Sarezzo attractions, Province of Brescia, /Attractions-g2151458-Activities-Sarezzo_Province_of_Brescia_Lombardy.html
Attimis attractions, Province of Udine, /Attractions-g2151474-Activities-Attimis_Province_of_Udine_Friuli_Venezia_Giulia.html
Brugnera attractions, Province of Pordenone, /Attractions-g1201159-Activities-Brugnera_Province_of_Pordenone_Friuli_Venezia_Giulia.html
Villa Rendena attractions, Province of Trento, /Attractions-g5444680-Activities-Villa_Rendena_Province_of_Trento_Trentino_Alto_Adige.html
Pozzilli attractions, Province of Isernia, /Attractions-g1201166-Activities-Pozzilli_Province_of_Isernia_Molise.html
Casina attractions, Province of Reggio Emilia, /Attractions-g2167905-Activities-Casina_Province_of_Reggio_Emilia_Emilia_Romagna.html
Castano Primo attractions, Province of Milan, /Attractions-g3642464-Activities-Castano_Primo_Province_of_Milan_Lombardy.html
Carobbio degli Angeli attractions, Province of Bergamo, /Attractions-g1315919-Activities-Carobbio_degli_Angeli_Province_of_Bergamo_Lombardy.html
