province_name, region_name, province_url
Cevoli di Lari attractions, Province of Pisa, /Attractions-g1438566-Activities-Cevoli_di_Lari_Province_of_Pisa_Tuscany.html
Mignanego attractions, Province of Genoa, /Attractions-g668528-Activities-Mignanego_Province_of_Genoa_Liguria.html
Pian del Voglio attractions, Province of Bologna, /Attractions-g2356057-Activities-Pian_del_Voglio_Province_of_Bologna_Emilia_Romagna.html
Peghera attractions, Province of Bergamo, /Attractions-g2519968-Activities-Peghera_Province_of_Bergamo_Lombardy.html
Covolo attractions, Province of Treviso, /Attractions-g10842933-Activities-Covolo_Province_of_Treviso_Veneto.html
Simala attractions, Province of Oristano, /Attractions-g11825937-Activities-Simala_Province_of_Oristano_Sardinia.html
Cargeghe attractions, Province of Sassari, /Attractions-g15217474-Activities-Cargeghe_Province_of_Sassari_Sardinia.html
Carbonara di Po attractions, Province of Mantua, /Attractions-g2356105-Activities-Carbonara_di_Po_Province_of_Mantua_Lombardy.html
Figline Vegliaturo attractions, Province of Cosenza, /Attractions-g21132016-Activities-Figline_Vegliaturo_Province_of_Cosenza_Calabria.html
Brusago attractions, Province of Trento, /Attractions-g1733544-Activities-Brusago_Province_of_Trento_Trentino_Alto_Adige.html
Feroleto della Chiesa attractions, Province of Reggio Calabria, /Attractions-g2519967-Activities-Feroleto_della_Chiesa_Province_of_Reggio_Calabria_Calabria.html
Testana attractions, Province of Genoa, /Attractions-g7074721-Activities-Testana_Province_of_Genoa_Liguria.html
Ponti attractions, Province of Alessandria, /Attractions-g2618356-Activities-Ponti_Province_of_Alessandria_Piedmont.html
Ussassai attractions, Province of Ogliastra, /Attractions-g3388397-Activities-Ussassai_Province_of_Ogliastra_Sardinia.html
Castello di Annone attractions, Province of Asti, /Attractions-g2356163-Activities-Castello_di_Annone_Province_of_Asti_Piedmont.html
Pietracuta attractions, Province of Rimini, /Attractions-g3388373-Activities-Pietracuta_Province_of_Rimini_Emilia_Romagna.html
Carolei attractions, Province of Cosenza, /Attractions-g7385988-Activities-Carolei_Province_of_Cosenza_Calabria.html
Santa Giulia attractions, Province of Savona, /Attractions-g19722970-Activities-Santa_Giulia_Province_of_Savona_Liguria.html
San Giacomo Filippo attractions, Province of Sondrio, /Attractions-g1913883-Activities-San_Giacomo_Filippo_Province_of_Sondrio_Lombardy.html
Mondondone attractions, Province of Pavia, /Attractions-g17757444-Activities-Mondondone_Province_of_Pavia_Lombardy.html
Montecilfone attractions, Province of Campobasso, /Attractions-g1078279-Activities-Montecilfone_Province_of_Campobasso_Molise.html
Novaledo attractions, Province of Trento, /Attractions-g4600937-Activities-Novaledo_Province_of_Trento_Trentino_Alto_Adige.html
Montemezzo attractions, Lake Como, /Attractions-g2716698-Activities-Montemezzo_Lake_Como_Lombardy.html
Balangero attractions, Province of Turin, /Attractions-g2061404-Activities-Balangero_Province_of_Turin_Piedmont.html
Ca' Venier attractions, Province of Rovigo, /Attractions-g2356343-Activities-Ca_Venier_Province_of_Rovigo_Veneto.html
Legoli attractions, Province of Pisa, /Attractions-g4551717-Activities-Legoli_Province_of_Pisa_Tuscany.html
Cervignano d'Adda attractions, Province of Lodi, /Attractions-g20346197-Activities-Cervignano_d_Adda_Province_of_Lodi_Lombardy.html
Colombiera-Molicciara attractions, Province of La Spezia, /Attractions-g13431997-Activities-Colombiera_Molicciara_Province_of_La_Spezia_Liguria.html
Villarbasse attractions, Province of Turin, /Attractions-g1569939-Activities-Villarbasse_Province_of_Turin_Piedmont.html
Castana attractions, Province of Pavia, /Attractions-g2356393-Activities-Castana_Province_of_Pavia_Lombardy.html
Montegaldella attractions, Province of Vicenza, /Attractions-g2356352-Activities-Montegaldella_Province_of_Vicenza_Veneto.html
Volargne attractions, Province of Verona, /Attractions-g2356357-Activities-Volargne_Province_of_Verona_Veneto.html
Darzo attractions, Province of Trento, /Attractions-g12071966-Activities-Darzo_Province_of_Trento_Trentino_Alto_Adige.html
Carpugnino attractions, Lake Maggiore, /Attractions-g2356360-Activities-Carpugnino_Lake_Maggiore_Piedmont.html
Cannalonga attractions, Province of Salerno, /Attractions-g6632663-Activities-Cannalonga_Province_of_Salerno_Campania.html
Gradiscutta attractions, Province of Udine, /Attractions-g2356369-Activities-Gradiscutta_Province_of_Udine_Friuli_Venezia_Giulia.html
Vegni attractions, Province of Alessandria, /Attractions-g21247396-Activities-Vegni_Province_of_Alessandria_Piedmont.html
Daglio attractions, Province of Alessandria, /Attractions-g21247398-Activities-Daglio_Province_of_Alessandria_Piedmont.html
Agneto attractions, Province of Alessandria, /Attractions-g21247400-Activities-Agneto_Province_of_Alessandria_Piedmont.html
Ginostra attractions, Stromboli, /Attractions-g2356433-Activities-Ginostra_Stromboli_Aeolian_Islands_Islands_of_Sicily_Sicily.html
Lamporo attractions, Province of Vercelli, /Attractions-g8451190-Activities-Lamporo_Province_of_Vercelli_Piedmont.html
Connio attractions, Province of Alessandria, /Attractions-g21247411-Activities-Connio_Province_of_Alessandria_Piedmont.html
Rivalba attractions, Province of Turin, /Attractions-g7287959-Activities-Rivalba_Province_of_Turin_Piedmont.html
Caiolo attractions, Province of Sondrio, /Attractions-g1193194-Activities-Caiolo_Province_of_Sondrio_Lombardy.html
Ramponio Verna attractions, Province of Como, /Attractions-g8631423-Activities-Ramponio_Verna_Province_of_Como_Lombardy.html
San Mauro la Bruca attractions, Cilento and Vallo di Diano National Park, /Attractions-g1012997-Activities-San_Mauro_la_Bruca_Cilento_and_Vallo_di_Diano_National_Park_Province_of_Salerno_Campania.html
San Possidonio attractions, Province of Modena, /Attractions-g2176305-Activities-San_Possidonio_Province_of_Modena_Emilia_Romagna.html
Castelvecchio Pascoli attractions, Province of Lucca, /Attractions-g1799483-Activities-Castelvecchio_Pascoli_Province_of_Lucca_Tuscany.html
Giaglione attractions, Province of Turin, /Attractions-g1455411-Activities-Giaglione_Province_of_Turin_Piedmont.html
Maresca attractions, Province of Pistoia, /Attractions-g1537324-Activities-Maresca_Province_of_Pistoia_Tuscany.html
