province_name, region_name, province_url
Galbiate attractions, Province of Lecco, /Attractions-g2370691-Activities-Galbiate_Province_of_Lecco_Lombardy.html
Crecchio attractions, Province of Chieti, /Attractions-g1535283-Activities-Crecchio_Province_of_Chieti_Abruzzo.html
Ponza attractions, Ponza Island, /Attractions-g12938671-Activities-Ponza_Ponza_Island_Province_of_Latina_Lazio.html
Adelfia attractions, Province of Bari, /Attractions-g3206747-Activities-Adelfia_Province_of_Bari_Puglia.html
Abetone attractions, Province of Pistoia, /Attractions-g1437364-Activities-Abetone_Province_of_Pistoia_Tuscany.html
Castagnole Lanze attractions, Province of Asti, /Attractions-g1076901-Activities-Castagnole_Lanze_Province_of_Asti_Piedmont.html
Terricciola attractions, Province of Pisa, /Attractions-g1077024-Activities-Terricciola_Province_of_Pisa_Tuscany.html
Sinagra attractions, Province of Messina, /Attractions-g1568553-Activities-Sinagra_Province_of_Messina_Sicily.html
Mezzocorona attractions, Province of Trento, /Attractions-g2027380-Activities-Mezzocorona_Province_of_Trento_Trentino_Alto_Adige.html
Parabita attractions, Province of Lecce, /Attractions-g946294-Activities-Parabita_Province_of_Lecce_Puglia.html
Montieri attractions, Province of Grosseto, /Attractions-g946317-Activities-Montieri_Province_of_Grosseto_Tuscany.html
Tramonti di Sotto attractions, Province of Pordenone, /Attractions-g2208015-Activities-Tramonti_di_Sotto_Province_of_Pordenone_Friuli_Venezia_Giulia.html
Sernaglia Della Battaglia attractions, Province of Treviso, /Attractions-g2093466-Activities-Sernaglia_Della_Battaglia_Province_of_Treviso_Veneto.html
San Marzano di San Giuseppe attractions, Province of Taranto, /Attractions-g2552205-Activities-San_Marzano_di_San_Giuseppe_Province_of_Taranto_Puglia.html
Staranzano attractions, Province of Gorizia, /Attractions-g2290118-Activities-Staranzano_Province_of_Gorizia_Friuli_Venezia_Giulia.html
Zugliano attractions, Province of Vicenza, /Attractions-g3207776-Activities-Zugliano_Province_of_Vicenza_Veneto.html
Ferriere attractions, Province of Piacenza, /Attractions-g2306739-Activities-Ferriere_Province_of_Piacenza_Emilia_Romagna.html
Roseto Valfortore attractions, Province of Foggia, /Attractions-g6353662-Activities-Roseto_Valfortore_Province_of_Foggia_Puglia.html
Rubiera attractions, Province of Reggio Emilia, /Attractions-g651984-Activities-Rubiera_Province_of_Reggio_Emilia_Emilia_Romagna.html
Calvisano attractions, Province of Brescia, /Attractions-g2044611-Activities-Calvisano_Province_of_Brescia_Lombardy.html
Cartoceto attractions, Province of Pesaro and Urbino, /Attractions-g635628-Activities-Cartoceto_Province_of_Pesaro_and_Urbino_Marche.html
Conca dei Marini attractions, Amalfi Coast, /Attractions-g635621-Activities-Conca_dei_Marini_Amalfi_Coast_Province_of_Salerno_Campania.html
Montecarlo attractions, Province of Lucca, /Attractions-g652037-Activities-Montecarlo_Province_of_Lucca_Tuscany.html
Mugnano di Napoli attractions, Province of Naples, /Attractions-g1078070-Activities-Mugnano_di_Napoli_Province_of_Naples_Campania.html
Staletti attractions, Province of Catanzaro, /Attractions-g1028918-Activities-Staletti_Province_of_Catanzaro_Calabria.html
Solaro attractions, Province of Milan, /Attractions-g3732334-Activities-Solaro_Province_of_Milan_Lombardy.html
Borgosesia attractions, Province of Vercelli, /Attractions-g2044787-Activities-Borgosesia_Province_of_Vercelli_Piedmont.html
Ariano Nel Polesine attractions, Province of Rovigo, /Attractions-g1209225-Activities-Ariano_Nel_Polesine_Province_of_Rovigo_Veneto.html
Firenzuola attractions, Province of Florence, /Attractions-g1078183-Activities-Firenzuola_Tuscany.html
Serramonacesca attractions, Province of Pescara, /Attractions-g2356121-Activities-Serramonacesca_Province_of_Pescara_Abruzzo.html
Gravedona attractions, Lake Como, /Attractions-g635874-Activities-Gravedona_Lake_Como_Lombardy.html
Taurasi attractions, Province of Avellino, /Attractions-g2044896-Activities-Taurasi_Province_of_Avellino_Campania.html
Lonate Pozzolo attractions, Province of Varese, /Attractions-g1078291-Activities-Lonate_Pozzolo_Province_of_Varese_Lombardy.html
Giano dell'Umbria attractions, Province of Perugia, /Attractions-g1569945-Activities-Giano_dell_Umbria_Province_of_Perugia_Umbria.html
Mussolente attractions, Province of Vicenza, /Attractions-g1799474-Activities-Mussolente_Province_of_Vicenza_Veneto.html
San Giorgio della Richinvelda attractions, Province of Pordenone, /Attractions-g2618650-Activities-San_Giorgio_della_Richinvelda_Province_of_Pordenone_Friuli_Venezia_Giulia.html
San Ferdinando di Puglia attractions, Province of Barletta-Andria-Trani, /Attractions-g1930568-Activities-San_Ferdinando_di_Puglia_Province_of_Barletta_Andria_Trani_Puglia.html
Colletorto attractions, Province of Campobasso, /Attractions-g1537385-Activities-Colletorto_Province_of_Campobasso_Molise.html
Villa Lagarina attractions, Province of Trento, /Attractions-g1799813-Activities-Villa_Lagarina_Province_of_Trento_Trentino_Alto_Adige.html
Montepaone attractions, Province of Catanzaro, /Attractions-g947878-Activities-Montepaone_Province_of_Catanzaro_Calabria.html
Grizzana Morandi attractions, Province of Bologna, /Attractions-g1816391-Activities-Grizzana_Morandi_Province_of_Bologna_Emilia_Romagna.html
Castelleone attractions, Province of Cremona, /Attractions-g1079151-Activities-Castelleone_Province_of_Cremona_Lombardy.html
Corigliano d'Otranto attractions, Province of Lecce, /Attractions-g1161101-Activities-Corigliano_d_Otranto_Province_of_Lecce_Puglia.html
Buccheri attractions, Province of Syracuse, /Attractions-g1832916-Activities-Buccheri_Province_of_Syracuse_Sicily.html
Cavallino attractions, Province of Lecce, /Attractions-g1406923-Activities-Cavallino_Province_of_Lecce_Puglia.html
San Gregorio Matese attractions, Province of Caserta, /Attractions-g7092266-Activities-San_Gregorio_Matese_Province_of_Caserta_Campania.html
Altavilla Vicentina attractions, Province of Vicenza, /Attractions-g194669-Activities-Altavilla_Vicentina_Province_of_Vicenza_Veneto.html
Monte San Biagio attractions, Province of Latina, /Attractions-g2291806-Activities-Monte_San_Biagio_Province_of_Latina_Lazio.html
Alpe di Siusi attractions, Castelrotto, /Attractions-g1095838-Activities-Alpe_di_Siusi_Castelrotto_Province_of_South_Tyrol_Trentino_Alto_Adige.html
Senales attractions, Province of South Tyrol, /Attractions-g194913-Activities-Senales_Province_of_South_Tyrol_Trentino_Alto_Adige.html
