province_name, region_name, province_url
Castelfidardo attractions, Province of Ancona, /Attractions-g1204634-Activities-Castelfidardo_Province_of_Ancona_Marche.html
Porto Valtravaglia attractions, Lake Maggiore, /Attractions-g664210-Activities-Porto_Valtravaglia_Lake_Maggiore_Lombardy.html
Dolo attractions, Province of Venice, /Attractions-g780652-Activities-Dolo_Veneto.html
Tirano attractions, Province of Sondrio, /Attractions-g666389-Activities-Tirano_Province_of_Sondrio_Lombardy.html
Fucecchio attractions, Province of Florence, /Attractions-g1076562-Activities-Fucecchio_Tuscany.html
Cervignano del Friuli attractions, Province of Udine, /Attractions-g815536-Activities-Cervignano_del_Friuli_Province_of_Udine_Friuli_Venezia_Giulia.html
Castelfranco Emilia attractions, Province of Modena, /Attractions-g1028929-Activities-Castelfranco_Emilia_Province_of_Modena_Emilia_Romagna.html
Montevarchi attractions, Province of Arezzo, /Attractions-g488301-Activities-Montevarchi_Province_of_Arezzo_Tuscany.html
Piove di Sacco attractions, Province of Padua, /Attractions-g1079056-Activities-Piove_di_Sacco_Province_of_Padua_Veneto.html
Tricase attractions, Province of Lecce, /Attractions-g1177647-Activities-Tricase_Province_of_Lecce_Puglia.html
Bagno di Romagna attractions, Province of Forli-Cesena, /Attractions-g194681-Activities-Bagno_di_Romagna_Province_of_Forli_Cesena_Emilia_Romagna.html
Bardonecchia attractions, Province of Turin, /Attractions-g194684-Activities-Bardonecchia_Province_of_Turin_Piedmont.html
Stromboli attractions, Aeolian Islands, /Attractions-g194927-Activities-Stromboli_Aeolian_Islands_Islands_of_Sicily_Sicily.html
Cogne attractions, Valle d'Aosta, /Attractions-g736252-Activities-Cogne_Valle_d_Aosta.html
Rocca Pietore attractions, Province of Belluno, /Attractions-g1195063-Activities-Rocca_Pietore_Province_of_Belluno_Veneto.html
Moliterno attractions, Province of Potenza, /Attractions-g1982791-Activities-Moliterno_Province_of_Potenza_Basilicata.html
Bojano attractions, Province of Campobasso, /Attractions-g2213327-Activities-Bojano_Province_of_Campobasso_Molise.html
Gattinara attractions, Province of Vercelli, /Attractions-g1574812-Activities-Gattinara_Province_of_Vercelli_Piedmont.html
Tradate attractions, Province of Varese, /Attractions-g1574957-Activities-Tradate_Province_of_Varese_Lombardy.html
Lana attractions, Province of South Tyrol, /Attractions-g608931-Activities-Lana_Province_of_South_Tyrol_Trentino_Alto_Adige.html
Ceglie Messapica attractions, Province of Brindisi, /Attractions-g1411867-Activities-Ceglie_Messapica_Province_of_Brindisi_Puglia.html
Venzone attractions, Province of Udine, /Attractions-g790407-Activities-Venzone_Province_of_Udine_Friuli_Venezia_Giulia.html
Barbaresco attractions, Province of Cuneo, /Attractions-g1511483-Activities-Barbaresco_Province_of_Cuneo_Piedmont.html
Amantea attractions, Province of Cosenza, /Attractions-g659509-Activities-Amantea_Province_of_Cosenza_Calabria.html
Caramanico Terme attractions, Province of Pescara, /Attractions-g1052736-Activities-Caramanico_Terme_Province_of_Pescara_Abruzzo.html
Oria attractions, Province of Brindisi, /Attractions-g1511857-Activities-Oria_Province_of_Brindisi_Puglia.html
Soriano nel Cimino attractions, Province of Viterbo, /Attractions-g1200600-Activities-Soriano_nel_Cimino_Province_of_Viterbo_Lazio.html
Tempio Pausania attractions, Province of Olbia-Tempio, /Attractions-g776125-Activities-Tempio_Pausania_Province_of_Olbia_Tempio_Sardinia.html
Braies attractions, Province of South Tyrol, /Attractions-g1202638-Activities-Braies_Province_of_South_Tyrol_Trentino_Alto_Adige.html
Marostica attractions, Province of Vicenza, /Attractions-g580247-Activities-Marostica_Province_of_Vicenza_Veneto.html
Pragelato attractions, Province of Turin, /Attractions-g776926-Activities-Pragelato_Province_of_Turin_Piedmont.html
Vipiteno attractions, Province of South Tyrol, /Attractions-g940891-Activities-Vipiteno_Province_of_South_Tyrol_Trentino_Alto_Adige.html
Portofino attractions, Italian Riviera, /Attractions-g187825-Activities-Portofino_Italian_Riviera_Liguria.html
Varenna attractions, Lake Como, /Attractions-g187837-Activities-Varenna_Lake_Como_Lombardy.html
Pianezza attractions, Province of Turin, /Attractions-g777779-Activities-Pianezza_Province_of_Turin_Piedmont.html
Acerra attractions, Province of Naples, /Attractions-g3334498-Activities-Acerra_Province_of_Naples_Campania.html
Belpasso attractions, Province of Catania, /Attractions-g1221553-Activities-Belpasso_Province_of_Catania_Sicily.html
Casoria attractions, Province of Naples, /Attractions-g780708-Activities-Casoria_Province_of_Naples_Campania.html
Torreglia attractions, Province of Padua, /Attractions-g1239558-Activities-Torreglia_Province_of_Padua_Veneto.html
Cerreto Sannita attractions, Province of Benevento, /Attractions-g2239525-Activities-Cerreto_Sannita_Province_of_Benevento_Campania.html
Noli attractions, Italian Riviera, /Attractions-g666789-Activities-Noli_Italian_Riviera_Liguria.html
Menfi attractions, Province of Agrigento, /Attractions-g666980-Activities-Menfi_Province_of_Agrigento_Sicily.html
Provaglio d'Iseo attractions, Province of Brescia, /Attractions-g1077017-Activities-Provaglio_d_Iseo_Province_of_Brescia_Lombardy.html
Veroli attractions, Province of Frosinone, /Attractions-g1486827-Activities-Veroli_Province_of_Frosinone_Lazio.html
Peccioli attractions, Province of Pisa, /Attractions-g1077498-Activities-Peccioli_Province_of_Pisa_Tuscany.html
Misterbianco attractions, Province of Catania, /Attractions-g652021-Activities-Misterbianco_Province_of_Catania_Sicily.html
Sarnico attractions, Province of Bergamo, /Attractions-g1079145-Activities-Sarnico_Province_of_Bergamo_Lombardy.html
Livinallongo del Col di Lana attractions, Province of Belluno, /Attractions-g194800-Activities-Livinallongo_del_Col_di_Lana_Province_of_Belluno_Veneto.html
Camogli attractions, Italian Riviera, /Attractions-g227888-Activities-Camogli_Italian_Riviera_Liguria.html
San Felice Circeo attractions, Province of Latina, /Attractions-g736282-Activities-San_Felice_Circeo_Province_of_Latina_Lazio.html
