province_name, region_name, province_url
Brusuglio attractions, Province of Milan, /Attractions-g1574956-Activities-Brusuglio_Province_of_Milan_Lombardy.html
Boissano attractions, Province of Savona, /Attractions-g2164756-Activities-Boissano_Province_of_Savona_Liguria.html
Carisio attractions, Province of Vercelli, /Attractions-g1574944-Activities-Carisio_Province_of_Vercelli_Piedmont.html
Pescosansonesco Vecchio attractions, Province of Pescara, /Attractions-g21055864-Activities-Pescosansonesco_Vecchio_Province_of_Pescara_Abruzzo.html
Monleale attractions, Province of Alessandria, /Attractions-g1574948-Activities-Monleale_Province_of_Alessandria_Piedmont.html
Belluno Veronese attractions, Province of Verona, /Attractions-g1574995-Activities-Belluno_Veronese_Province_of_Verona_Veneto.html
Valtopina attractions, Province of Perugia, /Attractions-g1968193-Activities-Valtopina_Province_of_Perugia_Umbria.html
Foce Varano attractions, Province of Foggia, /Attractions-g1575038-Activities-Foce_Varano_Province_of_Foggia_Puglia.html
Braccagni attractions, Province of Grosseto, /Attractions-g1575026-Activities-Braccagni_Province_of_Grosseto_Tuscany.html
Praticello di Gattatico attractions, Province of Reggio Emilia, /Attractions-g1575018-Activities-Praticello_di_Gattatico_Province_of_Reggio_Emilia_Emilia_Romagna.html
Mello attractions, Province of Sondrio, /Attractions-g4491469-Activities-Mello_Province_of_Sondrio_Lombardy.html
Odalengo Piccolo attractions, Province of Alessandria, /Attractions-g3180705-Activities-Odalengo_Piccolo_Province_of_Alessandria_Piedmont.html
Pescarzo attractions, Province of Brescia, /Attractions-g17844666-Activities-Pescarzo_Province_of_Brescia_Lombardy.html
Brignano-Frascata attractions, Province of Alessandria, /Attractions-g19483014-Activities-Brignano_Frascata_Province_of_Alessandria_Piedmont.html
Bettole di Pozzolo attractions, Province of Alessandria, /Attractions-g19483118-Activities-Bettole_di_Pozzolo_Province_of_Alessandria_Piedmont.html
Albuzzano attractions, Province of Pavia, /Attractions-g2492648-Activities-Albuzzano_Province_of_Pavia_Lombardy.html
San Felice attractions, Province of Bergamo, /Attractions-g17844682-Activities-San_Felice_Province_of_Bergamo_Lombardy.html
St. Gertraud attractions, Province of South Tyrol, /Attractions-g3410153-Activities-St_Gertraud_Province_of_South_Tyrol_Trentino_Alto_Adige.html
Fratte Rosa attractions, Province of Pesaro and Urbino, /Attractions-g9554043-Activities-Fratte_Rosa_Province_of_Pesaro_and_Urbino_Marche.html
Condofuri Marina attractions, Province of Reggio Calabria, /Attractions-g1771833-Activities-Condofuri_Marina_Province_of_Reggio_Calabria_Calabria.html
San Giacomo Vercellese attractions, Province of Vercelli, /Attractions-g19220496-Activities-San_Giacomo_Vercellese_Province_of_Vercelli_Piedmont.html
Po' Bandino attractions, Province of Perugia, /Attractions-g8505783-Activities-Po_Bandino_Province_of_Perugia_Umbria.html
Orgnano attractions, Province of Udine, /Attractions-g2443629-Activities-Orgnano_Province_of_Udine_Friuli_Venezia_Giulia.html
Locate Varesino attractions, Province of Como, /Attractions-g2443636-Activities-Locate_Varesino_Province_of_Como_Lombardy.html
Cimego attractions, Province of Trento, /Attractions-g2623914-Activities-Cimego_Province_of_Trento_Trentino_Alto_Adige.html
Casa Milazzo attractions, Province of Trapani, /Attractions-g2623910-Activities-Casa_Milazzo_Province_of_Trapani_Sicily.html
Parzanica attractions, Province of Bergamo, /Attractions-g3639719-Activities-Parzanica_Province_of_Bergamo_Lombardy.html
Quarto attractions, Province of Piacenza, /Attractions-g3574177-Activities-Quarto_Province_of_Piacenza_Emilia_Romagna.html
Tigliole attractions, Province of Asti, /Attractions-g2017667-Activities-Tigliole_Province_of_Asti_Piedmont.html
Agnosine attractions, Province of Brescia, /Attractions-g4737493-Activities-Agnosine_Province_of_Brescia_Lombardy.html
San Nicola Manfredi attractions, Province of Benevento, /Attractions-g2017718-Activities-San_Nicola_Manfredi_Province_of_Benevento_Campania.html
Castiglion Fosco attractions, Province of Perugia, /Attractions-g674234-Activities-Castiglion_Fosco_Province_of_Perugia_Umbria.html
Zanica attractions, Province of Bergamo, /Attractions-g674233-Activities-Zanica_Province_of_Bergamo_Lombardy.html
Barbara attractions, Province of Ancona, /Attractions-g6212074-Activities-Barbara_Province_of_Ancona_Marche.html
Collobiano attractions, Province of Vercelli, /Attractions-g1739171-Activities-Collobiano_Province_of_Vercelli_Piedmont.html
Cepina attractions, Province of Sondrio, /Attractions-g1739173-Activities-Cepina_Province_of_Sondrio_Lombardy.html
Valdina attractions, Province of Messina, /Attractions-g1526212-Activities-Valdina_Province_of_Messina_Sicily.html
Novedrate attractions, Province of Como, /Attractions-g2623985-Activities-Novedrate_Province_of_Como_Lombardy.html
Scisciano attractions, Province of Naples, /Attractions-g19728624-Activities-Scisciano_Province_of_Naples_Campania.html
Pertegada attractions, Province of Udine, /Attractions-g2623991-Activities-Pertegada_Province_of_Udine_Friuli_Venezia_Giulia.html
Maggio attractions, Province of Lecco, /Attractions-g2623944-Activities-Maggio_Province_of_Lecco_Lombardy.html
Capovalle attractions, Province of Brescia, /Attractions-g14108982-Activities-Capovalle_Province_of_Brescia_Lombardy.html
La Pesta attractions, Province of Grosseto, /Attractions-g2623942-Activities-La_Pesta_Province_of_Grosseto_Tuscany.html
Cardile attractions, Province of Salerno, /Attractions-g7915907-Activities-Cardile_Province_of_Salerno_Campania.html
Porte attractions, Province of Turin, /Attractions-g14911768-Activities-Porte_Province_of_Turin_Piedmont.html
Vendone attractions, Province of Savona, /Attractions-g12880186-Activities-Vendone_Province_of_Savona_Liguria.html
Perlo attractions, Province of Cuneo, /Attractions-g3443243-Activities-Perlo_Province_of_Cuneo_Piedmont.html
Cino attractions, Province of Sondrio, /Attractions-g5540466-Activities-Cino_Province_of_Sondrio_Lombardy.html
Terravecchia attractions, Province of Cosenza, /Attractions-g6998619-Activities-Terravecchia_Province_of_Cosenza_Calabria.html
San Sostene attractions, Province of Catanzaro, /Attractions-g2624018-Activities-San_Sostene_Province_of_Catanzaro_Calabria.html
