province_name, region_name, province_url
Vietri di Potenza attractions, Province of Potenza, /Attractions-g9776829-Activities-Vietri_di_Potenza_Province_of_Potenza_Basilicata.html
Pombia attractions, Province of Novara, /Attractions-g1568318-Activities-Pombia_Province_of_Novara_Piedmont.html
Monasterace Marina attractions, Province of Reggio Calabria, /Attractions-g2600473-Activities-Monasterace_Marina_Province_of_Reggio_Calabria_Calabria.html
Ripi attractions, Province of Frosinone, /Attractions-g3206778-Activities-Ripi_Province_of_Frosinone_Lazio.html
Pescia Romana attractions, Province of Viterbo, /Attractions-g1207875-Activities-Pescia_Romana_Province_of_Viterbo_Lazio.html
Picerno attractions, Province of Potenza, /Attractions-g1076849-Activities-Picerno_Province_of_Potenza_Basilicata.html
Allai attractions, Province of Oristano, /Attractions-g1519210-Activities-Allai_Province_of_Oristano_Sardinia.html
Castelvetere in Val Fortore attractions, Province of Benevento, /Attractions-g12529210-Activities-Castelvetere_in_Val_Fortore_Province_of_Benevento_Campania.html
Velezzo Lomellina attractions, Province of Pavia, /Attractions-g3485369-Activities-Velezzo_Lomellina_Province_of_Pavia_Lombardy.html
Pietra De' Giorgi attractions, Province of Pavia, /Attractions-g2617008-Activities-Pietra_De_Giorgi_Province_of_Pavia_Lombardy.html
Cipressa attractions, Province of Imperia, /Attractions-g2305667-Activities-Cipressa_Province_of_Imperia_Liguria.html
Reggiolo attractions, Province of Reggio Emilia, /Attractions-g1076905-Activities-Reggiolo_Province_of_Reggio_Emilia_Emilia_Romagna.html
Montemignaio attractions, Province of Arezzo, /Attractions-g1126061-Activities-Montemignaio_Province_of_Arezzo_Tuscany.html
Sorisole attractions, Province of Bergamo, /Attractions-g1486533-Activities-Sorisole_Province_of_Bergamo_Lombardy.html
Castel Focognano attractions, Province of Arezzo, /Attractions-g3485409-Activities-Castel_Focognano_Province_of_Arezzo_Tuscany.html
Fenestrelle attractions, Province of Turin, /Attractions-g1142534-Activities-Fenestrelle_Province_of_Turin_Piedmont.html
Commessaggio attractions, Province of Mantua, /Attractions-g2338580-Activities-Commessaggio_Province_of_Mantua_Lombardy.html
Rocca d'Orcia attractions, Province of Siena, /Attractions-g3501837-Activities-Rocca_d_Orcia_Tuscany.html
Letino attractions, Province of Caserta, /Attractions-g4452110-Activities-Letino_Province_of_Caserta_Campania.html
Rocca d'Evandro attractions, Province of Caserta, /Attractions-g1945461-Activities-Rocca_d_Evandro_Province_of_Caserta_Campania.html
Vignacastrisi attractions, Province of Lecce, /Attractions-g1142636-Activities-Vignacastrisi_Province_of_Lecce_Puglia.html
Scandriglia attractions, Province of Rieti, /Attractions-g3174385-Activities-Scandriglia_Province_of_Rieti_Lazio.html
San Giuliano del Sannio attractions, Province of Campobasso, /Attractions-g5599124-Activities-San_Giuliano_del_Sannio_Province_of_Campobasso_Molise.html
Tito attractions, Province of Potenza, /Attractions-g2306021-Activities-Tito_Province_of_Potenza_Basilicata.html
Capannoli attractions, Province of Pisa, /Attractions-g1077187-Activities-Capannoli_Province_of_Pisa_Tuscany.html
Giustino attractions, Province of Trento, /Attractions-g946151-Activities-Giustino_Province_of_Trento_Trentino_Alto_Adige.html
Piraino attractions, Province of Messina, /Attractions-g1486829-Activities-Piraino_Province_of_Messina_Sicily.html
Caronno Varesino attractions, Province of Varese, /Attractions-g7155601-Activities-Caronno_Varesino_Province_of_Varese_Lombardy.html
Bussero attractions, Province of Milan, /Attractions-g2633762-Activities-Bussero_Province_of_Milan_Lombardy.html
Monzuno attractions, Province of Bologna, /Attractions-g1077282-Activities-Monzuno_Province_of_Bologna_Emilia_Romagna.html
Sale San Giovanni attractions, Province of Cuneo, /Attractions-g3174486-Activities-Sale_San_Giovanni_Province_of_Cuneo_Piedmont.html
Fornelli attractions, Province of Isernia, /Attractions-g8515596-Activities-Fornelli_Province_of_Isernia_Molise.html
Sant'Angelo Romano attractions, Province of Rome, /Attractions-g2207932-Activities-Sant_Angelo_Romano_Province_of_Rome_Lazio.html
Gadoni attractions, Province of Nuoro, /Attractions-g10367028-Activities-Gadoni_Province_of_Nuoro_Sardinia.html
Olmedo attractions, Province of Sassari, /Attractions-g1093797-Activities-Olmedo_Province_of_Sassari_Sardinia.html
Chiauci attractions, Province of Isernia, /Attractions-g4468989-Activities-Chiauci_Province_of_Isernia_Molise.html
Collelongo attractions, Province of L'Aquila, /Attractions-g4878469-Activities-Collelongo_Province_of_L_Aquila_Abruzzo.html
Vacri attractions, Province of Chieti, /Attractions-g1945844-Activities-Vacri_Province_of_Chieti_Abruzzo.html
Mezzegra attractions, Lake Como, /Attractions-g1077501-Activities-Mezzegra_Lake_Como_Lombardy.html
Predosa attractions, Province of Alessandria, /Attractions-g2552024-Activities-Predosa_Province_of_Alessandria_Piedmont.html
Bozzolo attractions, Province of Mantua, /Attractions-g3813689-Activities-Bozzolo_Province_of_Mantua_Lombardy.html
Baranzate attractions, Province of Milan, /Attractions-g3174709-Activities-Baranzate_Province_of_Milan_Lombardy.html
Monteferrante attractions, Province of Chieti, /Attractions-g2552115-Activities-Monteferrante_Province_of_Chieti_Abruzzo.html
Albano Sant'Alessandro attractions, Province of Bergamo, /Attractions-g3174699-Activities-Albano_Sant_Alessandro_Province_of_Bergamo_Lombardy.html
Cottanello attractions, Province of Rieti, /Attractions-g2306312-Activities-Cottanello_Province_of_Rieti_Lazio.html
Bonarcado attractions, Province of Oristano, /Attractions-g1061181-Activities-Bonarcado_Province_of_Oristano_Sardinia.html
Garlate attractions, Province of Lecco, /Attractions-g2634104-Activities-Garlate_Province_of_Lecco_Lombardy.html
Monteforte Irpino attractions, Province of Avellino, /Attractions-g2552181-Activities-Monteforte_Irpino_Province_of_Avellino_Campania.html
Monte Romano attractions, Province of Viterbo, /Attractions-g1929590-Activities-Monte_Romano_Province_of_Viterbo_Lazio.html
Collecorvino attractions, Province of Pescara, /Attractions-g2552159-Activities-Collecorvino_Province_of_Pescara_Abruzzo.html
