province_name, region_name, province_url
Ateleta attractions, Province of L'Aquila, /Attractions-g1937744-Activities-Ateleta_Province_of_L_Aquila_Abruzzo.html
Lacchiarella attractions, Province of Milan, /Attractions-g1937735-Activities-Lacchiarella_Province_of_Milan_Lombardy.html
Villa Rosa di Martinsicuro attractions, Province of Teramo, /Attractions-g1184174-Activities-Villa_Rosa_di_Martinsicuro_Province_of_Teramo_Abruzzo.html
Centallo attractions, Province of Cuneo, /Attractions-g2101738-Activities-Centallo_Province_of_Cuneo_Piedmont.html
Cansano attractions, Province of L'Aquila, /Attractions-g5231015-Activities-Cansano_Province_of_L_Aquila_Abruzzo.html
Lacedonia attractions, Province of Avellino, /Attractions-g3347004-Activities-Lacedonia_Province_of_Avellino_Campania.html
Galati Mamertino attractions, Province of Messina, /Attractions-g1593965-Activities-Galati_Mamertino_Province_of_Messina_Sicily.html
Stroppo attractions, Province of Cuneo, /Attractions-g1593959-Activities-Stroppo_Province_of_Cuneo_Piedmont.html
Colledimezzo attractions, Province of Chieti, /Attractions-g1069696-Activities-Colledimezzo_Province_of_Chieti_Abruzzo.html
Caggiano attractions, Province of Salerno, /Attractions-g2396900-Activities-Caggiano_Province_of_Salerno_Campania.html
Ceranesi attractions, Italian Riviera, /Attractions-g2396909-Activities-Ceranesi_Italian_Riviera_Liguria.html
Alice Superiore attractions, Province of Turin, /Attractions-g2396905-Activities-Alice_Superiore_Province_of_Turin_Piedmont.html
Pietraporzio attractions, Province of Cuneo, /Attractions-g2052807-Activities-Pietraporzio_Province_of_Cuneo_Piedmont.html
Montebello di Bertona attractions, Province of Pescara, /Attractions-g2396891-Activities-Montebello_di_Bertona_Province_of_Pescara_Abruzzo.html
Nanno attractions, Province of Trento, /Attractions-g4412247-Activities-Nanno_Province_of_Trento_Trentino_Alto_Adige.html
Cunevo attractions, Province of Trento, /Attractions-g1987379-Activities-Cunevo_Province_of_Trento_Trentino_Alto_Adige.html
Celenza sul Trigno attractions, Province of Chieti, /Attractions-g10359749-Activities-Celenza_sul_Trigno_Province_of_Chieti_Abruzzo.html
Ficarazzi attractions, Province of Palermo, /Attractions-g3576683-Activities-Ficarazzi_Province_of_Palermo_Sicily.html
Valli del Pasubio attractions, Province of Vicenza, /Attractions-g2151333-Activities-Valli_del_Pasubio_Province_of_Vicenza_Veneto.html
Secli attractions, Province of Lecce, /Attractions-g3478462-Activities-Secli_Province_of_Lecce_Puglia.html
Moscufo attractions, Province of Pescara, /Attractions-g1725332-Activities-Moscufo_Province_of_Pescara_Abruzzo.html
Gemmano attractions, Province of Rimini, /Attractions-g2266039-Activities-Gemmano_Province_of_Rimini_Emilia_Romagna.html
Suelli attractions, Province of Cagliari, /Attractions-g5493728-Activities-Suelli_Province_of_Cagliari_Sardinia.html
Costa Masnaga attractions, Province of Lecco, /Attractions-g2151325-Activities-Costa_Masnaga_Province_of_Lecco_Lombardy.html
Cerro Al Volturno attractions, Province of Isernia, /Attractions-g1201168-Activities-Cerro_Al_Volturno_Province_of_Isernia_Molise.html
Masera di Padova attractions, Province of Padua, /Attractions-g660493-Activities-Masera_di_Padova_Province_of_Padua_Veneto.html
Ilbono attractions, Province of Ogliastra, /Attractions-g1201178-Activities-Ilbono_Province_of_Ogliastra_Sardinia.html
Sommariva del Bosco attractions, Province of Cuneo, /Attractions-g2151430-Activities-Sommariva_del_Bosco_Province_of_Cuneo_Piedmont.html
Santa Vittoria d'Alba attractions, Province of Cuneo, /Attractions-g660546-Activities-Santa_Vittoria_d_Alba_Province_of_Cuneo_Piedmont.html
Brembate attractions, Province of Bergamo, /Attractions-g1397870-Activities-Brembate_Province_of_Bergamo_Lombardy.html
Boario Terme attractions, Province of Brescia, /Attractions-g644249-Activities-Boario_Terme_Province_of_Brescia_Lombardy.html
San Rocco al Porto attractions, Province of Lodi, /Attractions-g3183777-Activities-San_Rocco_al_Porto_Province_of_Lodi_Lombardy.html
Ruviano attractions, Province of Caserta, /Attractions-g2167999-Activities-Ruviano_Province_of_Caserta_Campania.html
Gremiasco attractions, Province of Alessandria, /Attractions-g1807531-Activities-Gremiasco_Province_of_Alessandria_Piedmont.html
Poggio Sannita attractions, Province of Isernia, /Attractions-g12833916-Activities-Poggio_Sannita_Province_of_Isernia_Molise.html
Cisliano attractions, Province of Milan, /Attractions-g2168041-Activities-Cisliano_Province_of_Milan_Lombardy.html
Castel Madama attractions, Province of Rome, /Attractions-g1643723-Activities-Castel_Madama_Province_of_Rome_Lazio.html
Filettino attractions, Province of Frosinone, /Attractions-g1643722-Activities-Filettino_Province_of_Frosinone_Lazio.html
Canneto Pavese attractions, Province of Pavia, /Attractions-g3331377-Activities-Canneto_Pavese_Province_of_Pavia_Lombardy.html
Picciano attractions, Province of Pescara, /Attractions-g3364131-Activities-Picciano_Province_of_Pescara_Abruzzo.html
Gropello Cairoli attractions, Province of Pavia, /Attractions-g1643828-Activities-Gropello_Cairoli_Province_of_Pavia_Lombardy.html
Sesto Campano attractions, Province of Isernia, /Attractions-g1643812-Activities-Sesto_Campano_Province_of_Isernia_Molise.html
San Lorenzo Isontino attractions, Province of Gorizia, /Attractions-g7034158-Activities-San_Lorenzo_Isontino_Province_of_Gorizia_Friuli_Venezia_Giulia.html
Cerchio attractions, Province of L'Aquila, /Attractions-g7034167-Activities-Cerchio_Province_of_L_Aquila_Abruzzo.html
Parodi Ligure attractions, Province of Alessandria, /Attractions-g2168159-Activities-Parodi_Ligure_Province_of_Alessandria_Piedmont.html
Melilli attractions, Province of Syracuse, /Attractions-g1643957-Activities-Melilli_Province_of_Syracuse_Sicily.html
Rosarno attractions, Province of Reggio Calabria, /Attractions-g2282898-Activities-Rosarno_Province_of_Reggio_Calabria_Calabria.html
San Giorgio di Piano attractions, Province of Bologna, /Attractions-g2184600-Activities-San_Giorgio_di_Piano_Province_of_Bologna_Emilia_Romagna.html
Ricigliano attractions, Province of Salerno, /Attractions-g4167167-Activities-Ricigliano_Province_of_Salerno_Campania.html
Acceglio attractions, Province of Cuneo, /Attractions-g2201027-Activities-Acceglio_Province_of_Cuneo_Piedmont.html
