review_location_name, review_current_page, review_last_page, review_location_type, review_location_breadcrumbs, review_location_rate, location_lat, location_lng, review_id, review_date, review_experience_date, review_rate, user_name, user_link, user_id, parent_url
Primorsky Boulevard, 35, 45, Points of Interest & Landmarks & Points of Interest & Landmarks, Europe & Ukraine & Odessa Oblast & Odessa & Things to Do in Odessa, 4.5, 46.48799, 30.74117, 274838146, 20150501, 20150501, 4.0, andrewshka1121, /Profile/andrewshka1121, d4ecc3c53323a6af1ebb6c72050cb686, /Attraction_Review-g295368-d554887-Reviews-Primorsky_Boulevard-Odessa_Odessa_Oblast.html
Primorsky Boulevard, 35, 45, Points of Interest & Landmarks & Points of Interest & Landmarks, Europe & Ukraine & Odessa Oblast & Odessa & Things to Do in Odessa, 4.5, 46.48799, 30.74117, 273833025, 20150501, 20150501, 5.0, N5422HXdavidt, /Profile/N5422HXdavidt, 51652ce87ccf2c0502413ac589b55913, /Attraction_Review-g295368-d554887-Reviews-Primorsky_Boulevard-Odessa_Odessa_Oblast.html
Primorsky Boulevard, 35, 45, Points of Interest & Landmarks & Points of Interest & Landmarks, Europe & Ukraine & Odessa Oblast & Odessa & Things to Do in Odessa, 4.5, 46.48799, 30.74117, 272550055, 20150501, 20150501, 4.0, Biggles147, /Profile/Biggles147, 7ddb68122b9302510aae95a64392f09d, /Attraction_Review-g295368-d554887-Reviews-Primorsky_Boulevard-Odessa_Odessa_Oblast.html
Primorsky Boulevard, 35, 45, Points of Interest & Landmarks & Points of Interest & Landmarks, Europe & Ukraine & Odessa Oblast & Odessa & Things to Do in Odessa, 4.5, 46.48799, 30.74117, 272327587, 20150501, 20150501, 5.0, Chris W, /Profile/K95OOchrisw, 13d3d97f48f9152ac0300dd8845345d9, /Attraction_Review-g295368-d554887-Reviews-Primorsky_Boulevard-Odessa_Odessa_Oblast.html
Primorsky Boulevard, 35, 45, Points of Interest & Landmarks & Points of Interest & Landmarks, Europe & Ukraine & Odessa Oblast & Odessa & Things to Do in Odessa, 4.5, 46.48799, 30.74117, 243296454, 20141201, 20140101, 5.0, petermax9, /Profile/petermax9, 142f41b68fdf958ecebf0af4eac02aa0, /Attraction_Review-g295368-d554887-Reviews-Primorsky_Boulevard-Odessa_Odessa_Oblast.html
