review_location_name, review_current_page, review_last_page, review_location_type, review_location_breadcrumbs, review_location_rate, location_lat, location_lng, review_id, review_date, review_experience_date, review_rate, user_name, user_link, user_id, extra, parent_url
Shustov Cognac Museum, 28, 29, Specialty Museums, Europe & Ukraine & Odessa Oblast & Odessa & Things to Do in Odessa, 4.5, 46.488277, 30.72619, 202379382, 20140401, 20140401, 5.0, Александр Б, https://www.tripadvisor.com/Profile/_S2110CA, 27f733ac5cd99e9f2c9514e0b6215b61, Excellent : 112 & Very Good : 19 & Average : 9 & Poor : 2 & Terrible : 0, /Attraction_Review-g295368-d6023952-Reviews-Shustov_Cognac_Museum-Odessa_Odessa_Oblast.html
Shustov Cognac Museum, 28, 29, Specialty Museums, Europe & Ukraine & Odessa Oblast & Odessa & Things to Do in Odessa, 4.5, 46.488277, 30.72619, 199873425, 20140401, 20140301, 5.0, Александр О, https://www.tripadvisor.com/Profile/_Y6022GB, c30d879b6fa3179ba8bb0e7f281fccb5, Excellent : 112 & Very Good : 19 & Average : 9 & Poor : 2 & Terrible : 0, /Attraction_Review-g295368-d6023952-Reviews-Shustov_Cognac_Museum-Odessa_Odessa_Oblast.html
Shustov Cognac Museum, 28, 29, Specialty Museums, Europe & Ukraine & Odessa Oblast & Odessa & Things to Do in Odessa, 4.5, 46.488277, 30.72619, 199651843, 20140401, 20140301, 5.0, Olga_Kronskaya, https://www.tripadvisor.com/Profile/Olga_Kronskaya, f9418731a8be6afaec2cb7da860ce085, Excellent : 112 & Very Good : 19 & Average : 9 & Poor : 2 & Terrible : 0, /Attraction_Review-g295368-d6023952-Reviews-Shustov_Cognac_Museum-Odessa_Odessa_Oblast.html
Shustov Cognac Museum, 28, 29, Specialty Museums, Europe & Ukraine & Odessa Oblast & Odessa & Things to Do in Odessa, 4.5, 46.488277, 30.72619, 197922913, 20140301, 20140201, 5.0, Alexey S, https://www.tripadvisor.com/Profile/506alexeys, a3a4669f9d18bbbeec5a0176af26ab81, Excellent : 112 & Very Good : 19 & Average : 9 & Poor : 2 & Terrible : 0, /Attraction_Review-g295368-d6023952-Reviews-Shustov_Cognac_Museum-Odessa_Odessa_Oblast.html
Shustov Cognac Museum, 28, 29, Specialty Museums, Europe & Ukraine & Odessa Oblast & Odessa & Things to Do in Odessa, 4.5, 46.488277, 30.72619, 197013040, 20140301, 20140201, 5.0, Anna A, https://www.tripadvisor.com/Profile/981annaa, 62dcc41f5d59a3f5a2203394c8c5b9a2, Excellent : 112 & Very Good : 19 & Average : 9 & Poor : 2 & Terrible : 0, /Attraction_Review-g295368-d6023952-Reviews-Shustov_Cognac_Museum-Odessa_Odessa_Oblast.html
