review_location_name, review_current_page, review_last_page, review_location_type, review_location_breadcrumbs, review_location_rate, location_lat, location_lng, review_id, review_date, review_experience_date, review_rate, user_name, user_link, user_id, extra, parent_url
Akkerman Fortress, 12, 36, Castles, Europe & Ukraine & Odessa Oblast & Bilhorod-Dnistrovskyi & Things to Do in Bilhorod-Dnistrovskyi, 4.5, 46.19399, 30.34747, 579192012, 20180501, 20170601, 5.0, Yulia Y, https://www.tripadvisor.com/Profile/YuliaY97, 4465538b0ca66a6fe9e402a3e0c0d384, Excellent : 115 & Very Good : 38 & Average : 20 & Poor : 3 & Terrible : 1, /Attraction_Review-g1816345-d3929058-Reviews-Akkerman_Fortress-Bilhorod_Dnistrovskyi_Odessa_Oblast.html
Akkerman Fortress, 12, 36, Castles, Europe & Ukraine & Odessa Oblast & Bilhorod-Dnistrovskyi & Things to Do in Bilhorod-Dnistrovskyi, 4.5, 46.19399, 30.34747, 578931540, 20180501, 20180501, 4.0, Герберт, https://www.tripadvisor.com/Profile/alcobloger, 387d96983997784e5599fc0fd0ea52e6, Excellent : 115 & Very Good : 38 & Average : 20 & Poor : 3 & Terrible : 1, /Attraction_Review-g1816345-d3929058-Reviews-Akkerman_Fortress-Bilhorod_Dnistrovskyi_Odessa_Oblast.html
Akkerman Fortress, 12, 36, Castles, Europe & Ukraine & Odessa Oblast & Bilhorod-Dnistrovskyi & Things to Do in Bilhorod-Dnistrovskyi, 4.5, 46.19399, 30.34747, 577025743, 20180501, 20180501, 5.0, Denis D, https://www.tripadvisor.com/Profile/DDenis_00, 4d09a6c98aa5dbb14e39ec8e7134eaed, Excellent : 115 & Very Good : 38 & Average : 20 & Poor : 3 & Terrible : 1, /Attraction_Review-g1816345-d3929058-Reviews-Akkerman_Fortress-Bilhorod_Dnistrovskyi_Odessa_Oblast.html
Akkerman Fortress, 12, 36, Castles, Europe & Ukraine & Odessa Oblast & Bilhorod-Dnistrovskyi & Things to Do in Bilhorod-Dnistrovskyi, 4.5, 46.19399, 30.34747, 574852929, 20180401, 20180401, 3.0, Анна, https://www.tripadvisor.com/Profile/Quest722172, 79e5763a26ee8aaa1a34eb7a82e9ea64, Excellent : 115 & Very Good : 38 & Average : 20 & Poor : 3 & Terrible : 1, /Attraction_Review-g1816345-d3929058-Reviews-Akkerman_Fortress-Bilhorod_Dnistrovskyi_Odessa_Oblast.html
Akkerman Fortress, 12, 36, Castles, Europe & Ukraine & Odessa Oblast & Bilhorod-Dnistrovskyi & Things to Do in Bilhorod-Dnistrovskyi, 4.5, 46.19399, 30.34747, 557288424, 20180101, 20170701, 5.0, Дмитрий В, https://www.tripadvisor.com/Profile/_G7282QD, 56abaac2600599c3cf44c9a068f35625, Excellent : 115 & Very Good : 38 & Average : 20 & Poor : 3 & Terrible : 1, /Attraction_Review-g1816345-d3929058-Reviews-Akkerman_Fortress-Bilhorod_Dnistrovskyi_Odessa_Oblast.html
