review_location_name, review_current_page, review_last_page, review_location_type, review_location_breadcrumbs, review_location_rate, location_lat, location_lng, review_id, review_date, review_experience_date, review_rate, user_name, user_link, user_id, extra, parent_url
Secrets of Underground Odessa Museum, 59, 72, Specialty Museums, Europe & Ukraine & Odessa Oblast & Odessa & Things to Do in Odessa, 5.0, 46.488277, 30.72619, 397426121, 20160701, 20160701, 5.0, Andrew B, https://www.tripadvisor.com/Profile/L8056EJandrewb, d14b0c203670a5f0277d07ce45862f6e, Excellent : 321 & Very Good : 26 & Average : 6 & Poor : 2 & Terrible : 3, /Attraction_Review-g295368-d6784590-Reviews-Secrets_of_Underground_Odessa_Museum-Odessa_Odessa_Oblast.html
Secrets of Underground Odessa Museum, 59, 72, Specialty Museums, Europe & Ukraine & Odessa Oblast & Odessa & Things to Do in Odessa, 5.0, 46.488277, 30.72619, 396983851, 20160701, 20160701, 5.0, Dmytro Lambru, https://www.tripadvisor.com/Profile/lamburii, 3a53e82fb5c077ef8a9cbc4986c39785, Excellent : 321 & Very Good : 26 & Average : 6 & Poor : 2 & Terrible : 3, /Attraction_Review-g295368-d6784590-Reviews-Secrets_of_Underground_Odessa_Museum-Odessa_Odessa_Oblast.html
Secrets of Underground Odessa Museum, 59, 72, Specialty Museums, Europe & Ukraine & Odessa Oblast & Odessa & Things to Do in Odessa, 5.0, 46.488277, 30.72619, 396530211, 20160701, 20160701, 5.0, anyta-fyntik, https://www.tripadvisor.com/Profile/anyta-fyntik, d22c4bd954e7d08bf34c61bdd866e656, Excellent : 321 & Very Good : 26 & Average : 6 & Poor : 2 & Terrible : 3, /Attraction_Review-g295368-d6784590-Reviews-Secrets_of_Underground_Odessa_Museum-Odessa_Odessa_Oblast.html
Secrets of Underground Odessa Museum, 59, 72, Specialty Museums, Europe & Ukraine & Odessa Oblast & Odessa & Things to Do in Odessa, 5.0, 46.488277, 30.72619, 396527564, 20160701, 20160701, 5.0, Richard S, https://www.tripadvisor.com/Profile/Q2233AQrichards, 8f0f489d1f6155dac0474d96be64364f, Excellent : 321 & Very Good : 26 & Average : 6 & Poor : 2 & Terrible : 3, /Attraction_Review-g295368-d6784590-Reviews-Secrets_of_Underground_Odessa_Museum-Odessa_Odessa_Oblast.html
Secrets of Underground Odessa Museum, 59, 72, Specialty Museums, Europe & Ukraine & Odessa Oblast & Odessa & Things to Do in Odessa, 5.0, 46.488277, 30.72619, 395384473, 20160701, 20160501, 5.0, Viktoria S, https://www.tripadvisor.com/Profile/viktorias862, ea54e491c4248dfab74b2a395f4489f0, Excellent : 321 & Very Good : 26 & Average : 6 & Poor : 2 & Terrible : 3, /Attraction_Review-g295368-d6784590-Reviews-Secrets_of_Underground_Odessa_Museum-Odessa_Odessa_Oblast.html
