review_location_name, review_current_page, review_last_page, review_location_type, review_location_breadcrumbs, review_location_rate, location_lat, location_lng, review_id, review_date, review_experience_date, review_rate, user_name, user_link, user_id, parent_url
Deribasovskaya Street, 25, 94, Points of Interest & Landmarks & Points of Interest & Landmarks, Europe & Ukraine & Odessa Oblast & Odessa & Things to Do in Odessa, 4.5, 46.48428, 30.73621, 579255829, 20180501, 20180501, 4.0, Terrance M, /Profile/termar, 0b409b109e6ffcd777941a8ce90a7090, /Attraction_Review-g295368-d554486-Reviews-Deribasovskaya_Street-Odessa_Odessa_Oblast.html
Deribasovskaya Street, 25, 94, Points of Interest & Landmarks & Points of Interest & Landmarks, Europe & Ukraine & Odessa Oblast & Odessa & Things to Do in Odessa, 4.5, 46.48428, 30.73621, 578901506, 20180501, 20180401, 3.0, nigueu, /Profile/nigueu, 1ba7dba706479ec4a7d22f46f32f887e, /Attraction_Review-g295368-d554486-Reviews-Deribasovskaya_Street-Odessa_Odessa_Oblast.html
Deribasovskaya Street, 25, 94, Points of Interest & Landmarks & Points of Interest & Landmarks, Europe & Ukraine & Odessa Oblast & Odessa & Things to Do in Odessa, 4.5, 46.48428, 30.73621, 577043081, 20180501, 20180401, 5.0, Sander M, /Profile/Moskiitoman, 784ec575b92912b3b39abd78e66ca165, /Attraction_Review-g295368-d554486-Reviews-Deribasovskaya_Street-Odessa_Odessa_Oblast.html
Deribasovskaya Street, 25, 94, Points of Interest & Landmarks & Points of Interest & Landmarks, Europe & Ukraine & Odessa Oblast & Odessa & Things to Do in Odessa, 4.5, 46.48428, 30.73621, 576315733, 20180401, 20180301, 4.0, piracicaba1973, /Profile/piracicaba1973, a21935bfccc209c328140c674529f456, /Attraction_Review-g295368-d554486-Reviews-Deribasovskaya_Street-Odessa_Odessa_Oblast.html
Deribasovskaya Street, 25, 94, Points of Interest & Landmarks & Points of Interest & Landmarks, Europe & Ukraine & Odessa Oblast & Odessa & Things to Do in Odessa, 4.5, 46.48428, 30.73621, 576167708, 20180401, 20180401, 5.0, Ivan S, /Profile/I6682FXivans, aca2ce08cc2d01ffb313c982829fbc8e, /Attraction_Review-g295368-d554486-Reviews-Deribasovskaya_Street-Odessa_Odessa_Oblast.html
