review_location_name, review_current_page, review_last_page, review_location_type, review_location_breadcrumbs, review_location_rate, location_lat, location_lng, review_id, review_date, review_experience_date, review_rate, user_name, user_link, user_id, parent_url
Odessa National Academic Opera and Ballet Theater, 57, 76, Ballets & Operas & Theaters & Ballets & Operas & Theaters, Europe & Ukraine & Odessa Oblast & Odessa & Things to Do in Odessa, 5.0, 46.485237, 30.741186, 191063254, 20140101, 20131201, 5.0, Krzysztof F, /Profile/chrisfugiel, 9e1e0b26ecf513b7626702c69d411259, /Attraction_Review-g295368-d554746-Reviews-Odessa_National_Academic_Opera_and_Ballet_Theater-Odessa_Odessa_Oblast.html
Odessa National Academic Opera and Ballet Theater, 57, 76, Ballets & Operas & Theaters & Ballets & Operas & Theaters, Europe & Ukraine & Odessa Oblast & Odessa & Things to Do in Odessa, 5.0, 46.485237, 30.741186, 190081605, 20140101, 20130901, 4.0, clemmerth, /Profile/clemmerth, a9b7c703d8cad4ba2af9b45c43648c21, /Attraction_Review-g295368-d554746-Reviews-Odessa_National_Academic_Opera_and_Ballet_Theater-Odessa_Odessa_Oblast.html
Odessa National Academic Opera and Ballet Theater, 57, 76, Ballets & Operas & Theaters & Ballets & Operas & Theaters, Europe & Ukraine & Odessa Oblast & Odessa & Things to Do in Odessa, 5.0, 46.485237, 30.741186, 189869316, 20140101, 20140101, 5.0, Ilshat_h, /Profile/Ilshat_h, 954248fe1182c3d3802b7cdb2e6b898c, /Attraction_Review-g295368-d554746-Reviews-Odessa_National_Academic_Opera_and_Ballet_Theater-Odessa_Odessa_Oblast.html
Odessa National Academic Opera and Ballet Theater, 57, 76, Ballets & Operas & Theaters & Ballets & Operas & Theaters, Europe & Ukraine & Odessa Oblast & Odessa & Things to Do in Odessa, 5.0, 46.485237, 30.741186, 187282912, 20131201, 20131201, 5.0, Jane E, /Profile/Janee12, 3ba5bb8757509fdbb6f8aa271b0a4f8f, /Attraction_Review-g295368-d554746-Reviews-Odessa_National_Academic_Opera_and_Ballet_Theater-Odessa_Odessa_Oblast.html
Odessa National Academic Opera and Ballet Theater, 57, 76, Ballets & Operas & Theaters & Ballets & Operas & Theaters, Europe & Ukraine & Odessa Oblast & Odessa & Things to Do in Odessa, 5.0, 46.485237, 30.741186, 185982983, 20131101, 20121201, 5.0, Pupyndra, /Profile/Pupyndra, 04b90c765ce811ba0a5c86c90b2a5ddd, /Attraction_Review-g295368-d554746-Reviews-Odessa_National_Academic_Opera_and_Ballet_Theater-Odessa_Odessa_Oblast.html
