review_location_name, review_current_page, review_last_page, review_location_type, review_location_breadcrumbs, review_location_rate, location_lat, location_lng, review_id, review_date, review_experience_date, review_rate, user_name, user_link, user_id, extra, parent_url
Sady Pobedy Art Gallery, 1, 3, Art Galleries, Europe & Ukraine & Odessa Oblast & Odessa & Things to Do in Odessa, 3.5, 46.488277, 30.72619, 738733540, 20200101, 20200101, 1.0, Sabah A, https://www.tripadvisor.com/Profile/411sabaha, 85dc60e28ef4e672541cc3c31f5375fa, Excellent : 4 & Very Good : 3 & Average : 4 & Poor : 1 & Terrible : 2, /Attraction_Review-g295368-d7084278-Reviews-Sady_Pobedy_Art_Gallery-Odessa_Odessa_Oblast.html
Sady Pobedy Art Gallery, 1, 3, Art Galleries, Europe & Ukraine & Odessa Oblast & Odessa & Things to Do in Odessa, 3.5, 46.488277, 30.72619, 705145625, 20190801, 20190801, 3.0, Наталья П, https://www.tripadvisor.com/Profile/B3328ZF_, 4722896a88b68a85cd1fa3c06c8cf9d2, Excellent : 4 & Very Good : 3 & Average : 4 & Poor : 1 & Terrible : 2, /Attraction_Review-g295368-d7084278-Reviews-Sady_Pobedy_Art_Gallery-Odessa_Odessa_Oblast.html
Sady Pobedy Art Gallery, 1, 3, Art Galleries, Europe & Ukraine & Odessa Oblast & Odessa & Things to Do in Odessa, 3.5, 46.488277, 30.72619, 637420165, 20181201, 20180101, 1.0, Вий Б, https://www.tripadvisor.com/Profile/E9175WE_, 15a9cc5522c55e2960d03ce562ca8e03, Excellent : 4 & Very Good : 3 & Average : 4 & Poor : 1 & Terrible : 2, /Attraction_Review-g295368-d7084278-Reviews-Sady_Pobedy_Art_Gallery-Odessa_Odessa_Oblast.html
Sady Pobedy Art Gallery, 1, 3, Art Galleries, Europe & Ukraine & Odessa Oblast & Odessa & Things to Do in Odessa, 3.5, 46.488277, 30.72619, 590445074, 20180601, 20180601, 3.0, Oderjimaya E, https://www.tripadvisor.com/Profile/oderjimayae, 173ca93f6f555608ead5cfa60893fe68, Excellent : 4 & Very Good : 3 & Average : 4 & Poor : 1 & Terrible : 2, /Attraction_Review-g295368-d7084278-Reviews-Sady_Pobedy_Art_Gallery-Odessa_Odessa_Oblast.html
Sady Pobedy Art Gallery, 1, 3, Art Galleries, Europe & Ukraine & Odessa Oblast & Odessa & Things to Do in Odessa, 3.5, 46.488277, 30.72619, 518814977, 20170801, 20170801, 3.0, vladursu, https://www.tripadvisor.com/Profile/vladursu, 181705c04d7e473cd9d65ff105f0e438, Excellent : 4 & Very Good : 3 & Average : 4 & Poor : 1 & Terrible : 2, /Attraction_Review-g295368-d7084278-Reviews-Sady_Pobedy_Art_Gallery-Odessa_Odessa_Oblast.html
