review_location_name, review_current_page, review_last_page, review_location_type, review_location_breadcrumbs, review_location_rate, location_lat, location_lng, review_id, review_date, review_experience_date, review_rate, user_name, user_link, user_id, parent_url
City Garden, 39, 42, Parks & Parks, Europe & Ukraine & Odessa Oblast & Odessa & Things to Do in Odessa, 4.5, 46.48411, 30.73881, 152245833, 20130201, 20130201, 5.0, Guspianist, /Profile/Guspianist, 9b8ae9e7348154857d004251206fc5bb, /Attraction_Review-g295368-d554490-Reviews-City_Garden-Odessa_Odessa_Oblast.html
City Garden, 39, 42, Parks & Parks, Europe & Ukraine & Odessa Oblast & Odessa & Things to Do in Odessa, 4.5, 46.48411, 30.73881, 147349719, 20121201, 20121201, 5.0, RUSTYMAN, /Profile/rrrrustyman, 9fed782d0801e342b9ec0e8648e19e13, /Attraction_Review-g295368-d554490-Reviews-City_Garden-Odessa_Odessa_Oblast.html
City Garden, 39, 42, Parks & Parks, Europe & Ukraine & Odessa Oblast & Odessa & Things to Do in Odessa, 4.5, 46.48411, 30.73881, 141894415, 20121001, 20120901, 5.0, andrew t, /Profile/trind8946, ed61cef63477d9c9b2ec1e677eaf1a33, /Attraction_Review-g295368-d554490-Reviews-City_Garden-Odessa_Odessa_Oblast.html
City Garden, 39, 42, Parks & Parks, Europe & Ukraine & Odessa Oblast & Odessa & Things to Do in Odessa, 4.5, 46.48411, 30.73881, 140927998, 20120901, 20120901, 4.0, kernelkorn72, /Profile/kernelkorn72, 9d1967c1873adff2e394da7b4144a441, /Attraction_Review-g295368-d554490-Reviews-City_Garden-Odessa_Odessa_Oblast.html
City Garden, 39, 42, Parks & Parks, Europe & Ukraine & Odessa Oblast & Odessa & Things to Do in Odessa, 4.5, 46.48411, 30.73881, 140487332, 20120901, 20120901, 3.0, WonderfulWorld59, /Profile/WonderfulWorld59, e8229afd07977003c866c682c66e09f9, /Attraction_Review-g295368-d554490-Reviews-City_Garden-Odessa_Odessa_Oblast.html
