review_location_name, review_current_page, review_last_page, review_location_type, review_location_breadcrumbs, review_location_rate, location_lat, location_lng, review_id, review_date, review_experience_date, review_rate, user_name, user_link, user_id, extra, parent_url
Ioannes Suchavsky Underground Church, 1, 2, Churches & Cathedrals, Europe & Ukraine & Odessa Oblast & Bilhorod-Dnistrovskyi & Things to Do in Bilhorod-Dnistrovskyi, 4.5, 46.19399, 30.34747, 607924677, 20180801, 20180801, 5.0, Hulko P, https://www.tripadvisor.com/Profile/hulkop, 7b5c982580068f700153a2c6eb67a585, Excellent : 5 & Very Good : 2 & Average : 0 & Poor : 0 & Terrible : 0, /Attraction_Review-g1816345-d5772367-Reviews-Ioannes_Suchavsky_Underground_Church-Bilhorod_Dnistrovskyi_Odessa_Oblast.html
Ioannes Suchavsky Underground Church, 1, 2, Churches & Cathedrals, Europe & Ukraine & Odessa Oblast & Bilhorod-Dnistrovskyi & Things to Do in Bilhorod-Dnistrovskyi, 4.5, 46.19399, 30.34747, 427010711, 20161001, 20160701, 4.0, Валерий Н, https://www.tripadvisor.com/Profile/_L1700PM, 4ac4530286ddf0b2bcf62812bb004461, Excellent : 5 & Very Good : 2 & Average : 0 & Poor : 0 & Terrible : 0, /Attraction_Review-g1816345-d5772367-Reviews-Ioannes_Suchavsky_Underground_Church-Bilhorod_Dnistrovskyi_Odessa_Oblast.html
Ioannes Suchavsky Underground Church, 1, 2, Churches & Cathedrals, Europe & Ukraine & Odessa Oblast & Bilhorod-Dnistrovskyi & Things to Do in Bilhorod-Dnistrovskyi, 4.5, 46.19399, 30.34747, 423512432, 20160901, 20160501, 5.0, Aleks_53, https://www.tripadvisor.com/Profile/Aleks_53, 57cd577aad83bf6830b3ced29e36bf55, Excellent : 5 & Very Good : 2 & Average : 0 & Poor : 0 & Terrible : 0, /Attraction_Review-g1816345-d5772367-Reviews-Ioannes_Suchavsky_Underground_Church-Bilhorod_Dnistrovskyi_Odessa_Oblast.html
Ioannes Suchavsky Underground Church, 1, 2, Churches & Cathedrals, Europe & Ukraine & Odessa Oblast & Bilhorod-Dnistrovskyi & Things to Do in Bilhorod-Dnistrovskyi, 4.5, 46.19399, 30.34747, 396858114, 20160701, 20160701, 5.0, elen_oriflame, https://www.tripadvisor.com/Profile/elen_oriflame, a4bc7b9813408f8ba391c3193dd98a54, Excellent : 5 & Very Good : 2 & Average : 0 & Poor : 0 & Terrible : 0, /Attraction_Review-g1816345-d5772367-Reviews-Ioannes_Suchavsky_Underground_Church-Bilhorod_Dnistrovskyi_Odessa_Oblast.html
Ioannes Suchavsky Underground Church, 1, 2, Churches & Cathedrals, Europe & Ukraine & Odessa Oblast & Bilhorod-Dnistrovskyi & Things to Do in Bilhorod-Dnistrovskyi, 4.5, 46.19399, 30.34747, 304016377, 20150801, 20150801, 4.0, Сергей В, https://www.tripadvisor.com/Profile/_T8080LF, d5621d5d6692e68b954c4f754ba79600, Excellent : 5 & Very Good : 2 & Average : 0 & Poor : 0 & Terrible : 0, /Attraction_Review-g1816345-d5772367-Reviews-Ioannes_Suchavsky_Underground_Church-Bilhorod_Dnistrovskyi_Odessa_Oblast.html
