review_location_name, review_current_page, review_last_page, review_location_type, review_location_breadcrumbs, review_location_rate, location_lat, location_lng, review_id, review_date, review_experience_date, review_rate, user_name, user_link, user_id, extra, parent_url
The City Zoo, 1, 14, Zoos, Europe & Ukraine & Odessa Oblast & Odessa & Things to Do in Odessa, 2.5, 46.488277, 30.72619, 775770227, 20201001, 20201001, 5.0, Костя П, https://www.tripadvisor.com/Profile/G2247AQ_, 48dbb6d50c79ee863d64e6d14edb7089, Excellent : 6 & Very Good : 7 & Average : 28 & Poor : 14 & Terrible : 15, /Attraction_Review-g295368-d554489-Reviews-The_City_Zoo-Odessa_Odessa_Oblast.html
The City Zoo, 1, 14, Zoos, Europe & Ukraine & Odessa Oblast & Odessa & Things to Do in Odessa, 2.5, 46.488277, 30.72619, 702145912, 20190801, 20190801, 3.0, danaD9122TJ, https://www.tripadvisor.com/Profile/danaD9122TJ, 08ec1f6727ae9933033791ed3778cc98, Excellent : 6 & Very Good : 7 & Average : 28 & Poor : 14 & Terrible : 15, /Attraction_Review-g295368-d554489-Reviews-The_City_Zoo-Odessa_Odessa_Oblast.html
The City Zoo, 1, 14, Zoos, Europe & Ukraine & Odessa Oblast & Odessa & Things to Do in Odessa, 2.5, 46.488277, 30.72619, 694768547, 20190801, 20190801, 3.0, Елена Щитковец, https://www.tripadvisor.com/Profile/O1571YL_, d57745832b73df1861c961f51f0c465b, Excellent : 6 & Very Good : 7 & Average : 28 & Poor : 14 & Terrible : 15, /Attraction_Review-g295368-d554489-Reviews-The_City_Zoo-Odessa_Odessa_Oblast.html
The City Zoo, 1, 14, Zoos, Europe & Ukraine & Odessa Oblast & Odessa & Things to Do in Odessa, 2.5, 46.488277, 30.72619, 693026530, 20190701, 20190401, 2.0, Salma I, https://www.tripadvisor.com/Profile/389salmai, 358f45a996551523dba8f48d52e02491, Excellent : 6 & Very Good : 7 & Average : 28 & Poor : 14 & Terrible : 15, /Attraction_Review-g295368-d554489-Reviews-The_City_Zoo-Odessa_Odessa_Oblast.html
The City Zoo, 1, 14, Zoos, Europe & Ukraine & Odessa Oblast & Odessa & Things to Do in Odessa, 2.5, 46.488277, 30.72619, 657883665, 20190301, 20190301, 3.0, Maxim G, https://www.tripadvisor.com/Profile/362maximg, a3c2b0ce68b96c22a433b982c1ae022d, Excellent : 6 & Very Good : 7 & Average : 28 & Poor : 14 & Terrible : 15, /Attraction_Review-g295368-d554489-Reviews-The_City_Zoo-Odessa_Odessa_Oblast.html
