review_location_name, review_current_page, review_last_page, review_location_type, review_location_breadcrumbs, review_location_rate, location_lat, location_lng, review_id, review_date, review_experience_date, review_rate, user_name, user_link, user_id, extra, parent_url
Catacombs of Odessa, 18, 39, Specialty Museums & Caverns & Caves & Mines, Europe & Ukraine & Odessa Oblast & Nerubayskoye & Things to Do in Nerubayskoye, 4.5, 46.53941, 30.62703, 245244660, 20141201, 20141001, 5.0, Ron M, https://www.tripadvisor.com/Profile/983ronm, e618ced483282ca7141a2d99071f3844, Excellent : 137 & Very Good : 40 & Average : 13 & Poor : 4 & Terrible : 1, /Attraction_Review-g6973110-d554493-Reviews-Catacombs_of_Odessa-Nerubayskoye_Odessa_Oblast.html
Catacombs of Odessa, 18, 39, Specialty Museums & Caverns & Caves & Mines, Europe & Ukraine & Odessa Oblast & Nerubayskoye & Things to Do in Nerubayskoye, 4.5, 46.53941, 30.62703, 241318360, 20141101, 20131201, 5.0, Fira, https://www.tripadvisor.com/Profile/Fjjc23, c2bfbb7d97a1128466f759340fd4af90, Excellent : 137 & Very Good : 40 & Average : 13 & Poor : 4 & Terrible : 1, /Attraction_Review-g6973110-d554493-Reviews-Catacombs_of_Odessa-Nerubayskoye_Odessa_Oblast.html
Catacombs of Odessa, 18, 39, Specialty Museums & Caverns & Caves & Mines, Europe & Ukraine & Odessa Oblast & Nerubayskoye & Things to Do in Nerubayskoye, 4.5, 46.53941, 30.62703, 236972131, 20141001, 20141001, 4.0, Clark F, https://www.tripadvisor.com/Profile/814clarkf, 759886ee84fc6f67388377762176dac1, Excellent : 137 & Very Good : 40 & Average : 13 & Poor : 4 & Terrible : 1, /Attraction_Review-g6973110-d554493-Reviews-Catacombs_of_Odessa-Nerubayskoye_Odessa_Oblast.html
Catacombs of Odessa, 18, 39, Specialty Museums & Caverns & Caves & Mines, Europe & Ukraine & Odessa Oblast & Nerubayskoye & Things to Do in Nerubayskoye, 4.5, 46.53941, 30.62703, 228334404, 20140901, 20140801, 5.0, nepezdix, https://www.tripadvisor.com/Profile/nepezdix, 89a464e42d67eb989f72c0b767013e52, Excellent : 137 & Very Good : 40 & Average : 13 & Poor : 4 & Terrible : 1, /Attraction_Review-g6973110-d554493-Reviews-Catacombs_of_Odessa-Nerubayskoye_Odessa_Oblast.html
Catacombs of Odessa, 18, 39, Specialty Museums & Caverns & Caves & Mines, Europe & Ukraine & Odessa Oblast & Nerubayskoye & Things to Do in Nerubayskoye, 4.5, 46.53941, 30.62703, 227025291, 20140901, 20131201, 5.0, Inna G, https://www.tripadvisor.com/Profile/925innag, 55f63121d6cbaa3a6c790cc7db29a5d6, Excellent : 137 & Very Good : 40 & Average : 13 & Poor : 4 & Terrible : 1, /Attraction_Review-g6973110-d554493-Reviews-Catacombs_of_Odessa-Nerubayskoye_Odessa_Oblast.html
