review_location_name, review_current_page, review_last_page, review_location_type, review_location_breadcrumbs, review_location_rate, location_lat, location_lng, review_id, review_date, review_experience_date, review_rate, user_name, user_link, user_id, extra, parent_url
Museum Exhibition Complex, None, None, Specialty Museums, Europe & Ukraine & Odessa Oblast & Odessa & Things to Do in Odessa, 4.5, 46.488277, 30.72619, 615809480, 20180901, 20180901, 5.0, Alexander S, https://www.tripadvisor.com/Profile/O4549VBalexanders, 083ae5609b2824e12f7f9416ebb4b1e5, Excellent : 3 & Very Good : 1 & Average : 1 & Poor : 0 & Terrible : 0, /Attraction_Review-g295368-d6490872-Reviews-Museum_Exhibition_Complex-Odessa_Odessa_Oblast.html
Museum Exhibition Complex, None, None, Specialty Museums, Europe & Ukraine & Odessa Oblast & Odessa & Things to Do in Odessa, 4.5, 46.488277, 30.72619, 381539942, 20160601, 20160501, 3.0, Валерий Н, https://www.tripadvisor.com/Profile/_L1700PM, 4ac4530286ddf0b2bcf62812bb004461, Excellent : 3 & Very Good : 1 & Average : 1 & Poor : 0 & Terrible : 0, /Attraction_Review-g295368-d6490872-Reviews-Museum_Exhibition_Complex-Odessa_Odessa_Oblast.html
Museum Exhibition Complex, None, None, Specialty Museums, Europe & Ukraine & Odessa Oblast & Odessa & Things to Do in Odessa, 4.5, 46.488277, 30.72619, 361464508, 20160401, 20160401, 5.0, akasyanenko, https://www.tripadvisor.com/Profile/akasyanenko, 481bd6338d31629ba169d9ef3f5c5e35, Excellent : 3 & Very Good : 1 & Average : 1 & Poor : 0 & Terrible : 0, /Attraction_Review-g295368-d6490872-Reviews-Museum_Exhibition_Complex-Odessa_Odessa_Oblast.html
Museum Exhibition Complex, None, None, Specialty Museums, Europe & Ukraine & Odessa Oblast & Odessa & Things to Do in Odessa, 4.5, 46.488277, 30.72619, 290641825, 20150701, 20140801, 5.0, Arsenii E, https://www.tripadvisor.com/Profile/arseniye, e127876ee83217bdce973605d44d2f41, Excellent : 3 & Very Good : 1 & Average : 1 & Poor : 0 & Terrible : 0, /Attraction_Review-g295368-d6490872-Reviews-Museum_Exhibition_Complex-Odessa_Odessa_Oblast.html
Museum Exhibition Complex, None, None, Specialty Museums, Europe & Ukraine & Odessa Oblast & Odessa & Things to Do in Odessa, 4.5, 46.488277, 30.72619, 231744696, 20140901, 20140601, 4.0, Ahmonpere, https://www.tripadvisor.com/Profile/Ahmonpere, 32041a6a382d74f614a28235add48e8e, Excellent : 3 & Very Good : 1 & Average : 1 & Poor : 0 & Terrible : 0, /Attraction_Review-g295368-d6490872-Reviews-Museum_Exhibition_Complex-Odessa_Odessa_Oblast.html
