review_location_name, review_current_page, review_last_page, review_location_type, review_location_breadcrumbs, review_location_rate, location_lat, location_lng, review_id, review_date, review_experience_date, review_rate, user_name, user_link, user_id, extra, parent_url
Museum of Western and Eastern Art, 13, 15, Specialty Museums, Europe & Ukraine & Odessa Oblast & Odessa & Things to Do in Odessa, 4.0, 46.488277, 30.72619, 319681321, 20151001, 20150901, 5.0, Edward A, https://www.tripadvisor.com/Profile/edwarda_13, 34e7b1c0fbdf16912f32aec8bd22a4d7, Excellent : 29 & Very Good : 24 & Average : 10 & Poor : 9 & Terrible : 1, /Attraction_Review-g295368-d554530-Reviews-Museum_of_Western_and_Eastern_Art-Odessa_Odessa_Oblast.html
Museum of Western and Eastern Art, 13, 15, Specialty Museums, Europe & Ukraine & Odessa Oblast & Odessa & Things to Do in Odessa, 4.0, 46.488277, 30.72619, 301410872, 20150801, 20140901, 5.0, Александра У, https://www.tripadvisor.com/Profile/_I4431WM, 6bfdad8f990330ad6cc4d66ae896ac7e, Excellent : 29 & Very Good : 24 & Average : 10 & Poor : 9 & Terrible : 1, /Attraction_Review-g295368-d554530-Reviews-Museum_of_Western_and_Eastern_Art-Odessa_Odessa_Oblast.html
Museum of Western and Eastern Art, 13, 15, Specialty Museums, Europe & Ukraine & Odessa Oblast & Odessa & Things to Do in Odessa, 4.0, 46.488277, 30.72619, 297796542, 20150801, 20150701, 2.0, Katerina T, https://www.tripadvisor.com/Profile/353katerinat, a18a37b735fefb63b56a5e69f5ecf745, Excellent : 29 & Very Good : 24 & Average : 10 & Poor : 9 & Terrible : 1, /Attraction_Review-g295368-d554530-Reviews-Museum_of_Western_and_Eastern_Art-Odessa_Odessa_Oblast.html
Museum of Western and Eastern Art, 13, 15, Specialty Museums, Europe & Ukraine & Odessa Oblast & Odessa & Things to Do in Odessa, 4.0, 46.488277, 30.72619, 287562519, 20150701, 20141201, 5.0, Kashubskiy, https://www.tripadvisor.com/Profile/Kashubskiy, 02e96ce8f30f9d1e14d2c543ff447ab2, Excellent : 29 & Very Good : 24 & Average : 10 & Poor : 9 & Terrible : 1, /Attraction_Review-g295368-d554530-Reviews-Museum_of_Western_and_Eastern_Art-Odessa_Odessa_Oblast.html
Museum of Western and Eastern Art, 13, 15, Specialty Museums, Europe & Ukraine & Odessa Oblast & Odessa & Things to Do in Odessa, 4.0, 46.488277, 30.72619, 271089036, 20150501, 20150501, 4.0, ReyGar, https://www.tripadvisor.com/Profile/ReyGarnev, d61fa81dd47bd585bfab220c2dc9bd18, Excellent : 29 & Very Good : 24 & Average : 10 & Poor : 9 & Terrible : 1, /Attraction_Review-g295368-d554530-Reviews-Museum_of_Western_and_Eastern_Art-Odessa_Odessa_Oblast.html
