review_location_name, review_current_page, review_last_page, review_location_type, review_location_breadcrumbs, review_location_rate, location_lat, location_lng, review_id, review_date, review_experience_date, review_rate, user_name, user_link, user_id, extra, parent_url
Lanzheron Beach, 6, 46, Beaches, Europe & Ukraine & Odessa Oblast & Odessa & Things to Do in Odessa, 4.0, 46.488277, 30.72619, 659840168, 20190301, 20190301, 4.0, dubinskaya70, https://www.tripadvisor.com/Profile/dubinskaya70, 171170a7abb7ed4e15c3db3f38380ece, Excellent : 91 & Very Good : 58 & Average : 44 & Poor : 19 & Terrible : 14, /Attraction_Review-g295368-d4952695-Reviews-Lanzheron_Beach-Odessa_Odessa_Oblast.html
Lanzheron Beach, 6, 46, Beaches, Europe & Ukraine & Odessa Oblast & Odessa & Things to Do in Odessa, 4.0, 46.488277, 30.72619, 645827718, 20190101, 20190101, 3.0, Zebra Z, https://www.tripadvisor.com/Profile/zebraz2017, 0328fac30a4eee6c048f2f04a3f3667d, Excellent : 91 & Very Good : 58 & Average : 44 & Poor : 19 & Terrible : 14, /Attraction_Review-g295368-d4952695-Reviews-Lanzheron_Beach-Odessa_Odessa_Oblast.html
Lanzheron Beach, 6, 46, Beaches, Europe & Ukraine & Odessa Oblast & Odessa & Things to Do in Odessa, 4.0, 46.488277, 30.72619, 634496135, 20181101, 20181001, 5.0, Люблю море..., https://www.tripadvisor.com/Profile/Gal_i_n_a-FFF, 5b3df5d431e383496817d51b72e2fce9, Excellent : 91 & Very Good : 58 & Average : 44 & Poor : 19 & Terrible : 14, /Attraction_Review-g295368-d4952695-Reviews-Lanzheron_Beach-Odessa_Odessa_Oblast.html
Lanzheron Beach, 6, 46, Beaches, Europe & Ukraine & Odessa Oblast & Odessa & Things to Do in Odessa, 4.0, 46.488277, 30.72619, 625328111, 20181001, 20180801, 4.0, jenyk37, https://www.tripadvisor.com/Profile/jenyk37, a036352dce00fcea8ad05e0296642bdd, Excellent : 91 & Very Good : 58 & Average : 44 & Poor : 19 & Terrible : 14, /Attraction_Review-g295368-d4952695-Reviews-Lanzheron_Beach-Odessa_Odessa_Oblast.html
Lanzheron Beach, 6, 46, Beaches, Europe & Ukraine & Odessa Oblast & Odessa & Things to Do in Odessa, 4.0, 46.488277, 30.72619, 622427537, 20181001, 20181001, 3.0, Катя Т, https://www.tripadvisor.com/Profile/_M6028ES, c58e1e2049da14908ceadaad1e3868f2, Excellent : 91 & Very Good : 58 & Average : 44 & Poor : 19 & Terrible : 14, /Attraction_Review-g295368-d4952695-Reviews-Lanzheron_Beach-Odessa_Odessa_Oblast.html
