review_location_name, review_current_page, review_last_page, review_location_type, review_location_breadcrumbs, review_location_rate, location_lat, location_lng, review_id, review_date, review_experience_date, review_rate, user_name, user_link, user_id, extra, parent_url
Odessa National Academic Opera and Ballet Theater, 149, 201, Ballets & Operas & Theaters, Europe & Ukraine & Odessa Oblast & Odessa & Things to Do in Odessa, 5.0, 46.488277, 30.72619, 212918332, 20140601, 20140401, 5.0, Joel J, https://www.tripadvisor.com/Profile/815joelj, fb0cd779a681d00973d7279617d2e8ec, Excellent : 867 & Very Good : 102 & Average : 22 & Poor : 3 & Terrible : 8, /Attraction_Review-g295368-d554746-Reviews-Odessa_National_Academic_Opera_and_Ballet_Theater-Odessa_Odessa_Oblast.html
Odessa National Academic Opera and Ballet Theater, 149, 201, Ballets & Operas & Theaters, Europe & Ukraine & Odessa Oblast & Odessa & Things to Do in Odessa, 5.0, 46.488277, 30.72619, 212016460, 20140601, 20140601, 5.0, Robert, https://www.tripadvisor.com/Profile/Robert31415, 8b15dbe162b30ed0619fe9f4ec6c32f3, Excellent : 867 & Very Good : 102 & Average : 22 & Poor : 3 & Terrible : 8, /Attraction_Review-g295368-d554746-Reviews-Odessa_National_Academic_Opera_and_Ballet_Theater-Odessa_Odessa_Oblast.html
Odessa National Academic Opera and Ballet Theater, 149, 201, Ballets & Operas & Theaters, Europe & Ukraine & Odessa Oblast & Odessa & Things to Do in Odessa, 5.0, 46.488277, 30.72619, 209836545, 20140601, 20130901, 5.0, Alexander_Chistyakov, https://www.tripadvisor.com/Profile/Alexander_Chistyakov, efa87c57ba5ff69aa6a9a6a878042ee0, Excellent : 867 & Very Good : 102 & Average : 22 & Poor : 3 & Terrible : 8, /Attraction_Review-g295368-d554746-Reviews-Odessa_National_Academic_Opera_and_Ballet_Theater-Odessa_Odessa_Oblast.html
Odessa National Academic Opera and Ballet Theater, 149, 201, Ballets & Operas & Theaters, Europe & Ukraine & Odessa Oblast & Odessa & Things to Do in Odessa, 5.0, 46.488277, 30.72619, 208159618, 20140501, 20140501, 5.0, Колин Д, https://www.tripadvisor.com/Profile/_F4935KB, 47fa4bfd5d39bd405b0bbea7bf67d383, Excellent : 867 & Very Good : 102 & Average : 22 & Poor : 3 & Terrible : 8, /Attraction_Review-g295368-d554746-Reviews-Odessa_National_Academic_Opera_and_Ballet_Theater-Odessa_Odessa_Oblast.html
Odessa National Academic Opera and Ballet Theater, 149, 201, Ballets & Operas & Theaters, Europe & Ukraine & Odessa Oblast & Odessa & Things to Do in Odessa, 5.0, 46.488277, 30.72619, 208026328, 20140501, 20140401, 5.0, ANATOLII K, https://www.tripadvisor.com/Profile/931Anatoliy, 16738d5ebbb09d4cb8711667c48a6d31, Excellent : 867 & Very Good : 102 & Average : 22 & Poor : 3 & Terrible : 8, /Attraction_Review-g295368-d554746-Reviews-Odessa_National_Academic_Opera_and_Ballet_Theater-Odessa_Odessa_Oblast.html
