review_location_name, review_current_page, review_last_page, review_location_type, review_location_breadcrumbs, review_location_rate, location_lat, location_lng, review_id, review_date, review_experience_date, review_rate, user_name, user_link, user_id, extra, parent_url
Monument to Catherine the Great and Founders of Odessa, 25, 45, Points of Interest & Landmarks & Monuments & Statues, Europe & Ukraine & Odessa Oblast & Odessa & Things to Do in Odessa, 4.5, 46.488277, 30.72619, 432978075, 20161001, 20161001, 5.0, Константин К, https://www.tripadvisor.com/Profile/C6353HN_, 0a86f5cd7f9c8413de23b0a4acb2ed90, Excellent : 126 & Very Good : 62 & Average : 31 & Poor : 1 & Terrible : 2, /Attraction_Review-g295368-d5503628-Reviews-Monument_to_Catherine_the_Great_and_Founders_of_Odessa-Odessa_Odessa_Oblast.html
Monument to Catherine the Great and Founders of Odessa, 25, 45, Points of Interest & Landmarks & Monuments & Statues, Europe & Ukraine & Odessa Oblast & Odessa & Things to Do in Odessa, 4.5, 46.488277, 30.72619, 432181646, 20161001, 20160901, 5.0, Инна Ш, https://www.tripadvisor.com/Profile/Q3517YE_, 99ca5e92e392b4d83a0194595d4cf42a, Excellent : 126 & Very Good : 62 & Average : 31 & Poor : 1 & Terrible : 2, /Attraction_Review-g295368-d5503628-Reviews-Monument_to_Catherine_the_Great_and_Founders_of_Odessa-Odessa_Odessa_Oblast.html
Monument to Catherine the Great and Founders of Odessa, 25, 45, Points of Interest & Landmarks & Monuments & Statues, Europe & Ukraine & Odessa Oblast & Odessa & Things to Do in Odessa, 4.5, 46.488277, 30.72619, 423473576, 20160901, 20160901, 3.0, Ercan A, https://www.tripadvisor.com/Profile/Coolcat2019, a42c714fe4d58daf3c05f5c1643f2a86, Excellent : 126 & Very Good : 62 & Average : 31 & Poor : 1 & Terrible : 2, /Attraction_Review-g295368-d5503628-Reviews-Monument_to_Catherine_the_Great_and_Founders_of_Odessa-Odessa_Odessa_Oblast.html
Monument to Catherine the Great and Founders of Odessa, 25, 45, Points of Interest & Landmarks & Monuments & Statues, Europe & Ukraine & Odessa Oblast & Odessa & Things to Do in Odessa, 4.5, 46.488277, 30.72619, 421278537, 20160901, 20160901, 5.0, Marti C, https://www.tripadvisor.com/Profile/Wombat999, 5b4f7a148dcd76f4f1c3c3eaa2f6d94e, Excellent : 126 & Very Good : 62 & Average : 31 & Poor : 1 & Terrible : 2, /Attraction_Review-g295368-d5503628-Reviews-Monument_to_Catherine_the_Great_and_Founders_of_Odessa-Odessa_Odessa_Oblast.html
Monument to Catherine the Great and Founders of Odessa, 25, 45, Points of Interest & Landmarks & Monuments & Statues, Europe & Ukraine & Odessa Oblast & Odessa & Things to Do in Odessa, 4.5, 46.488277, 30.72619, 417437619, 20160901, 20160901, 1.0, sashko s, https://www.tripadvisor.com/Profile/sashkos2014, cb85e93a4727d8617f831f5193eaedb2, Excellent : 126 & Very Good : 62 & Average : 31 & Poor : 1 & Terrible : 2, /Attraction_Review-g295368-d5503628-Reviews-Monument_to_Catherine_the_Great_and_Founders_of_Odessa-Odessa_Odessa_Oblast.html
