review_location_name, review_current_page, review_last_page, review_location_type, review_location_breadcrumbs, review_location_rate, location_lat, location_lng, review_id, review_date, review_experience_date, review_rate, user_name, user_link, user_id, extra, parent_url
Museum of Smuggling, 5, 23, Specialty Museums, Europe & Ukraine & Odessa Oblast & Odessa & Things to Do in Odessa, 4.0, 46.488277, 30.72619, 593642259, 20180701, 20180701, 5.0, Милана П, https://www.tripadvisor.com/Profile/_F6157LM, d28de1bf681fc870c69e2f7511b3fc5c, Excellent : 56 & Very Good : 26 & Average : 13 & Poor : 6 & Terrible : 10, /Attraction_Review-g295368-d4999893-Reviews-Museum_of_Smuggling-Odessa_Odessa_Oblast.html
Museum of Smuggling, 5, 23, Specialty Museums, Europe & Ukraine & Odessa Oblast & Odessa & Things to Do in Odessa, 4.0, 46.488277, 30.72619, 587241480, 20180601, 20180601, 2.0, 117davidgyahoo, https://www.tripadvisor.com/Profile/117davidgyahoo, 2ccb32b1dcb6741b83d3fb90dc104a86, Excellent : 56 & Very Good : 26 & Average : 13 & Poor : 6 & Terrible : 10, /Attraction_Review-g295368-d4999893-Reviews-Museum_of_Smuggling-Odessa_Odessa_Oblast.html
Museum of Smuggling, 5, 23, Specialty Museums, Europe & Ukraine & Odessa Oblast & Odessa & Things to Do in Odessa, 4.0, 46.488277, 30.72619, 585615433, 20180601, 20180601, 4.0, Leon Z, https://www.tripadvisor.com/Profile/leonz51, 486db3ea3614303a94ea2180e401a97a, Excellent : 56 & Very Good : 26 & Average : 13 & Poor : 6 & Terrible : 10, /Attraction_Review-g295368-d4999893-Reviews-Museum_of_Smuggling-Odessa_Odessa_Oblast.html
Museum of Smuggling, 5, 23, Specialty Museums, Europe & Ukraine & Odessa Oblast & Odessa & Things to Do in Odessa, 4.0, 46.488277, 30.72619, 548649272, 20171201, 20170101, 4.0, CreativeDivemaster, https://www.tripadvisor.com/Profile/CreativeDivemaster, a46760fbb730774df0ea846f14f2474e, Excellent : 56 & Very Good : 26 & Average : 13 & Poor : 6 & Terrible : 10, /Attraction_Review-g295368-d4999893-Reviews-Museum_of_Smuggling-Odessa_Odessa_Oblast.html
Museum of Smuggling, 5, 23, Specialty Museums, Europe & Ukraine & Odessa Oblast & Odessa & Things to Do in Odessa, 4.0, 46.488277, 30.72619, 540832253, 20171101, 20171001, 2.0, marynarumianova, https://www.tripadvisor.com/Profile/marynarumianova, 6cdccbee00c09287660409dbe30eafbc, Excellent : 56 & Very Good : 26 & Average : 13 & Poor : 6 & Terrible : 10, /Attraction_Review-g295368-d4999893-Reviews-Museum_of_Smuggling-Odessa_Odessa_Oblast.html
