review_location_name, review_current_page, review_last_page, review_location_type, review_location_breadcrumbs, review_location_rate, location_lat, location_lng, review_id, review_date, review_experience_date, review_rate, user_name, user_link, user_id, extra, parent_url
Museum of Interesting Science, 10, 40, Specialty Museums, Europe & Ukraine & Odessa Oblast & Odessa & Things to Do in Odessa, 4.5, 46.488277, 30.72619, 640077989, 20181201, 20180201, 4.0, Aleks_53, https://www.tripadvisor.com/Profile/Aleks_53, 57cd577aad83bf6830b3ced29e36bf55, Excellent : 152 & Very Good : 35 & Average : 5 & Poor : 7 & Terrible : 1, /Attraction_Review-g295368-d6755140-Reviews-Museum_of_Interesting_Science-Odessa_Odessa_Oblast.html
Museum of Interesting Science, 10, 40, Specialty Museums, Europe & Ukraine & Odessa Oblast & Odessa & Things to Do in Odessa, 4.5, 46.488277, 30.72619, 639333125, 20181201, 20181201, 5.0, Андрей Ярошенко, https://www.tripadvisor.com/Profile/andrew_yaroshenko, ec290132f653e530540216e6dcf739a9, Excellent : 152 & Very Good : 35 & Average : 5 & Poor : 7 & Terrible : 1, /Attraction_Review-g295368-d6755140-Reviews-Museum_of_Interesting_Science-Odessa_Odessa_Oblast.html
Museum of Interesting Science, 10, 40, Specialty Museums, Europe & Ukraine & Odessa Oblast & Odessa & Things to Do in Odessa, 4.5, 46.488277, 30.72619, 637942792, 20181201, 20181101, 5.0, Наталья Кац, https://www.tripadvisor.com/Profile/139538_, 8166332d0389362d1449e3dd37a5c797, Excellent : 152 & Very Good : 35 & Average : 5 & Poor : 7 & Terrible : 1, /Attraction_Review-g295368-d6755140-Reviews-Museum_of_Interesting_Science-Odessa_Odessa_Oblast.html
Museum of Interesting Science, 10, 40, Specialty Museums, Europe & Ukraine & Odessa Oblast & Odessa & Things to Do in Odessa, 4.5, 46.488277, 30.72619, 637087974, 20181201, 20181101, 5.0, Tudor Ceban, https://www.tripadvisor.com/Profile/tudorceban, bfd2792a29410c66cf3e505b403422f4, Excellent : 152 & Very Good : 35 & Average : 5 & Poor : 7 & Terrible : 1, /Attraction_Review-g295368-d6755140-Reviews-Museum_of_Interesting_Science-Odessa_Odessa_Oblast.html
Museum of Interesting Science, 10, 40, Specialty Museums, Europe & Ukraine & Odessa Oblast & Odessa & Things to Do in Odessa, 4.5, 46.488277, 30.72619, 636640349, 20181101, 20171201, 5.0, OlgaZSonne, https://www.tripadvisor.com/Profile/OlgaZSonne, ce8d9a8e9376368556ef2928f20c4173, Excellent : 152 & Very Good : 35 & Average : 5 & Poor : 7 & Terrible : 1, /Attraction_Review-g295368-d6755140-Reviews-Museum_of_Interesting_Science-Odessa_Odessa_Oblast.html
