review_location_name, review_current_page, review_last_page, review_location_type, review_location_breadcrumbs, review_location_rate, location_lat, location_lng, review_id, review_date, review_experience_date, review_rate, user_name, user_link, user_id, extra, parent_url
Holy Assumption Cathedral, 3, 10, Architectural Buildings & Sacred & Religious Sites, Europe & Ukraine & Odessa Oblast & Odessa & Things to Do in Odessa, 4.5, 46.488277, 30.72619, 557762026, 20180201, 20171101, 4.0, Ladushka-L, https://www.tripadvisor.com/Profile/Ladushka-L, 6cc778c97b283537b745c2fc940e6765, Excellent : 23 & Very Good : 20 & Average : 5 & Poor : 1 & Terrible : 0, /Attraction_Review-g295368-d554873-Reviews-Holy_Assumption_Cathedral-Odessa_Odessa_Oblast.html
Holy Assumption Cathedral, 3, 10, Architectural Buildings & Sacred & Religious Sites, Europe & Ukraine & Odessa Oblast & Odessa & Things to Do in Odessa, 4.5, 46.488277, 30.72619, 534497261, 20171001, 20171001, 4.0, Aeronaut65, https://www.tripadvisor.com/Profile/Aeronaut65, b4769a652f198ac09a346d32491bfe84, Excellent : 23 & Very Good : 20 & Average : 5 & Poor : 1 & Terrible : 0, /Attraction_Review-g295368-d554873-Reviews-Holy_Assumption_Cathedral-Odessa_Odessa_Oblast.html
Holy Assumption Cathedral, 3, 10, Architectural Buildings & Sacred & Religious Sites, Europe & Ukraine & Odessa Oblast & Odessa & Things to Do in Odessa, 4.5, 46.488277, 30.72619, 497734193, 20170701, 20170601, 5.0, VyacheslavOdessa, https://www.tripadvisor.com/Profile/VyacheslavOdessa, 777c9ac7a8182e1b50f0740e802e566a, Excellent : 23 & Very Good : 20 & Average : 5 & Poor : 1 & Terrible : 0, /Attraction_Review-g295368-d554873-Reviews-Holy_Assumption_Cathedral-Odessa_Odessa_Oblast.html
Holy Assumption Cathedral, 3, 10, Architectural Buildings & Sacred & Religious Sites, Europe & Ukraine & Odessa Oblast & Odessa & Things to Do in Odessa, 4.5, 46.488277, 30.72619, 495656560, 20170601, 20170601, 5.0, czmdivenut, https://www.tripadvisor.com/Profile/czmdivenut, 2bc70c33860ffdbaca6018c1ea0de085, Excellent : 23 & Very Good : 20 & Average : 5 & Poor : 1 & Terrible : 0, /Attraction_Review-g295368-d554873-Reviews-Holy_Assumption_Cathedral-Odessa_Odessa_Oblast.html
Holy Assumption Cathedral, 3, 10, Architectural Buildings & Sacred & Religious Sites, Europe & Ukraine & Odessa Oblast & Odessa & Things to Do in Odessa, 4.5, 46.488277, 30.72619, 479700747, 20170401, 20170401, 4.0, Secret_Formula, https://www.tripadvisor.com/Profile/Secret_Formula, 2268985d180affbb16a79b11455c9d1c, Excellent : 23 & Very Good : 20 & Average : 5 & Poor : 1 & Terrible : 0, /Attraction_Review-g295368-d554873-Reviews-Holy_Assumption_Cathedral-Odessa_Odessa_Oblast.html
