review_location_name, review_current_page, review_last_page, review_location_type, review_location_breadcrumbs, review_location_rate, location_lat, location_lng, review_id, review_date, review_experience_date, review_rate, user_name, user_link, user_id, extra, parent_url
Shustov Cognac Museum, 1, 29, Specialty Museums, Europe & Ukraine & Odessa Oblast & Odessa & Things to Do in Odessa, 4.5, 46.488277, 30.72619, 767524900, 20200801, 20200201, 4.0, Элиза, https://www.tripadvisor.com/Profile/Journey52216914681, ffc7255869a6c9c49fbd96df92ba64cc, Excellent : 112 & Very Good : 19 & Average : 9 & Poor : 2 & Terrible : 0, /Attraction_Review-g295368-d6023952-Reviews-Shustov_Cognac_Museum-Odessa_Odessa_Oblast.html
Shustov Cognac Museum, 1, 29, Specialty Museums, Europe & Ukraine & Odessa Oblast & Odessa & Things to Do in Odessa, 4.5, 46.488277, 30.72619, 759527460, 20200701, 20200701, 5.0, Виктор Д, https://www.tripadvisor.com/Profile/_I6177LK, bd41f36578f2b06c505eabdd1bbe4aff, Excellent : 112 & Very Good : 19 & Average : 9 & Poor : 2 & Terrible : 0, /Attraction_Review-g295368-d6023952-Reviews-Shustov_Cognac_Museum-Odessa_Odessa_Oblast.html
Shustov Cognac Museum, 1, 29, Specialty Museums, Europe & Ukraine & Odessa Oblast & Odessa & Things to Do in Odessa, 4.5, 46.488277, 30.72619, 751181184, 20200301, 20191201, 5.0, Aleks_53, https://www.tripadvisor.com/Profile/Aleks_53, 57cd577aad83bf6830b3ced29e36bf55, Excellent : 112 & Very Good : 19 & Average : 9 & Poor : 2 & Terrible : 0, /Attraction_Review-g295368-d6023952-Reviews-Shustov_Cognac_Museum-Odessa_Odessa_Oblast.html
Shustov Cognac Museum, 1, 29, Specialty Museums, Europe & Ukraine & Odessa Oblast & Odessa & Things to Do in Odessa, 4.5, 46.488277, 30.72619, 750815649, 20200301, 20200301, 5.0, Olga F, https://www.tripadvisor.com/Profile/Olgfr, 074fc1a7578abd7aa8660fe0c3ed6e4f, Excellent : 112 & Very Good : 19 & Average : 9 & Poor : 2 & Terrible : 0, /Attraction_Review-g295368-d6023952-Reviews-Shustov_Cognac_Museum-Odessa_Odessa_Oblast.html
Shustov Cognac Museum, 1, 29, Specialty Museums, Europe & Ukraine & Odessa Oblast & Odessa & Things to Do in Odessa, 4.5, 46.488277, 30.72619, 740272210, 20200101, 20200101, 5.0, önder, https://www.tripadvisor.com/Profile/leadrr, cd1356516451c8b5f48059e644e3ad17, Excellent : 112 & Very Good : 19 & Average : 9 & Poor : 2 & Terrible : 0, /Attraction_Review-g295368-d6023952-Reviews-Shustov_Cognac_Museum-Odessa_Odessa_Oblast.html
