review_location_name, review_current_page, review_last_page, review_location_type, review_location_breadcrumbs, review_location_rate, location_lat, location_lng, review_id, review_date, review_experience_date, review_rate, user_name, user_link, user_id, extra, parent_url
Arcadia Beach, 15, 30, Beaches, Europe & Ukraine & Odessa Oblast & Odessa & Things to Do in Odessa, 4.0, 46.488277, 30.72619, 472807767, 20170401, 20170401, 4.0, Remco R, https://www.tripadvisor.com/Profile/remcor199, 4b0c437a4cf35b2d797f3301be11686f, Excellent : 58 & Very Good : 37 & Average : 32 & Poor : 15 & Terrible : 8, /Attraction_Review-g295368-d4547953-Reviews-Arcadia_Beach-Odessa_Odessa_Oblast.html
Arcadia Beach, 15, 30, Beaches, Europe & Ukraine & Odessa Oblast & Odessa & Things to Do in Odessa, 4.0, 46.488277, 30.72619, 470572609, 20170301, 20160401, 3.0, candy579, https://www.tripadvisor.com/Profile/candy579, 5fc7efc1ef9a3e1137bfd88d9a9a1078, Excellent : 58 & Very Good : 37 & Average : 32 & Poor : 15 & Terrible : 8, /Attraction_Review-g295368-d4547953-Reviews-Arcadia_Beach-Odessa_Odessa_Oblast.html
Arcadia Beach, 15, 30, Beaches, Europe & Ukraine & Odessa Oblast & Odessa & Things to Do in Odessa, 4.0, 46.488277, 30.72619, 469598456, 20170301, 20170301, 3.0, Causticgirl, https://www.tripadvisor.com/Profile/Causticgirl, 73cd223123ea71ccdbfc5ada98190e9f, Excellent : 58 & Very Good : 37 & Average : 32 & Poor : 15 & Terrible : 8, /Attraction_Review-g295368-d4547953-Reviews-Arcadia_Beach-Odessa_Odessa_Oblast.html
Arcadia Beach, 15, 30, Beaches, Europe & Ukraine & Odessa Oblast & Odessa & Things to Do in Odessa, 4.0, 46.488277, 30.72619, 459971075, 20170201, 20160801, 4.0, Anna S, https://www.tripadvisor.com/Profile/529AnnaS, 801fddeadc6aed9d8fbeb33e39ad9104, Excellent : 58 & Very Good : 37 & Average : 32 & Poor : 15 & Terrible : 8, /Attraction_Review-g295368-d4547953-Reviews-Arcadia_Beach-Odessa_Odessa_Oblast.html
Arcadia Beach, 15, 30, Beaches, Europe & Ukraine & Odessa Oblast & Odessa & Things to Do in Odessa, 4.0, 46.488277, 30.72619, 456961938, 20170201, 20170201, 3.0, marikalyna, https://www.tripadvisor.com/Profile/marikalyna, 5e3a0ab9f8f061e8dbf0aef379c634d7, Excellent : 58 & Very Good : 37 & Average : 32 & Poor : 15 & Terrible : 8, /Attraction_Review-g295368-d4547953-Reviews-Arcadia_Beach-Odessa_Odessa_Oblast.html
