review_location_name, review_current_page, review_last_page, review_location_type, review_location_breadcrumbs, review_location_rate, location_lat, location_lng, review_id, review_date, review_experience_date, review_rate, user_name, user_link, user_id, parent_url
Monument to the 12th Chair, 7, 15, Points of Interest & Landmarks & Monuments & Statues & Points of Interest & Landmarks & Monuments & Statues, Europe & Ukraine & Odessa Oblast & Odessa & Things to Do in Odessa, 4.5, 46.48406, 30.73935, 540459744, 20171101, 20171101, 5.0, Erica W, /Profile/EricaW838, c82fa1d4e0de6c92b8401cbf438dbec5, /Attraction_Review-g295368-d5259019-Reviews-Monument_to_the_12th_Chair-Odessa_Odessa_Oblast.html
Monument to the 12th Chair, 7, 15, Points of Interest & Landmarks & Monuments & Statues & Points of Interest & Landmarks & Monuments & Statues, Europe & Ukraine & Odessa Oblast & Odessa & Things to Do in Odessa, 4.5, 46.48406, 30.73935, 537421005, 20171001, 20170801, 5.0, Ivan K, /Profile/U7168HOivank, d53ed1c9bc6dcaf1ea0d7a63d02e7f2f, /Attraction_Review-g295368-d5259019-Reviews-Monument_to_the_12th_Chair-Odessa_Odessa_Oblast.html
Monument to the 12th Chair, 7, 15, Points of Interest & Landmarks & Monuments & Statues & Points of Interest & Landmarks & Monuments & Statues, Europe & Ukraine & Odessa Oblast & Odessa & Things to Do in Odessa, 4.5, 46.48406, 30.73935, 525294258, 20170901, 20170901, 3.0, Terje L, /Profile/terje444, 18fba0a936f67bb8d98a036761b432aa, /Attraction_Review-g295368-d5259019-Reviews-Monument_to_the_12th_Chair-Odessa_Odessa_Oblast.html
Monument to the 12th Chair, 7, 15, Points of Interest & Landmarks & Monuments & Statues & Points of Interest & Landmarks & Monuments & Statues, Europe & Ukraine & Odessa Oblast & Odessa & Things to Do in Odessa, 4.5, 46.48406, 30.73935, 524469245, 20170901, 20170601, 3.0, Martin W, /Profile/707martinw, 302e57535c60ca08ccfbf25c0ca3ca24, /Attraction_Review-g295368-d5259019-Reviews-Monument_to_the_12th_Chair-Odessa_Odessa_Oblast.html
Monument to the 12th Chair, 7, 15, Points of Interest & Landmarks & Monuments & Statues & Points of Interest & Landmarks & Monuments & Statues, Europe & Ukraine & Odessa Oblast & Odessa & Things to Do in Odessa, 4.5, 46.48406, 30.73935, 524342337, 20170901, 20170901, 3.0, Gyan Fernando, /Profile/gyanfernando, cc9dddf5edd901678db33919fd385453, /Attraction_Review-g295368-d5259019-Reviews-Monument_to_the_12th_Chair-Odessa_Odessa_Oblast.html
