review_location_name, review_current_page, review_last_page, review_location_type, review_location_breadcrumbs, review_location_rate, location_lat, location_lng, review_id, review_date, review_experience_date, review_rate, user_name, user_link, user_id, parent_url
City Garden, 26, 42, Parks & Parks, Europe & Ukraine & Odessa Oblast & Odessa & Things to Do in Odessa, 4.5, 46.48411, 30.73881, 325774675, 20151101, 20151101, 4.0, lubitelj r, /Profile/lubiteljr, 798bd269e413ea5be1fa688c44d972aa, /Attraction_Review-g295368-d554490-Reviews-City_Garden-Odessa_Odessa_Oblast.html
City Garden, 26, 42, Parks & Parks, Europe & Ukraine & Odessa Oblast & Odessa & Things to Do in Odessa, 4.5, 46.48411, 30.73881, 325301541, 20151101, 20150901, 5.0, Dadinova, /Profile/Dadinova, e326692336d1e5b5d638fc14c82c2a78, /Attraction_Review-g295368-d554490-Reviews-City_Garden-Odessa_Odessa_Oblast.html
City Garden, 26, 42, Parks & Parks, Europe & Ukraine & Odessa Oblast & Odessa & Things to Do in Odessa, 4.5, 46.48411, 30.73881, 324227957, 20151101, 20150801, 4.0, Cesare G, /Profile/cesareg2013, 7463a2435a0f70d68c5b7f548324ed4a, /Attraction_Review-g295368-d554490-Reviews-City_Garden-Odessa_Odessa_Oblast.html
City Garden, 26, 42, Parks & Parks, Europe & Ukraine & Odessa Oblast & Odessa & Things to Do in Odessa, 4.5, 46.48411, 30.73881, 323664330, 20151101, 20151001, 2.0, francois d, /Profile/francoisd241, f005115d0d8564b7e26fabbe7cc02d03, /Attraction_Review-g295368-d554490-Reviews-City_Garden-Odessa_Odessa_Oblast.html
City Garden, 26, 42, Parks & Parks, Europe & Ukraine & Odessa Oblast & Odessa & Things to Do in Odessa, 4.5, 46.48411, 30.73881, 323133836, 20151001, 20151001, 4.0, JLWetherby, /Profile/JLWetherby, 2fb406125d08dd08378881ed465e3a7b, /Attraction_Review-g295368-d554490-Reviews-City_Garden-Odessa_Odessa_Oblast.html
