review_location_name, review_current_page, review_last_page, review_location_type, review_location_breadcrumbs, review_location_rate, location_lat, location_lng, review_id, review_date, review_experience_date, review_rate, user_name, user_link, user_id, parent_url
Catacombs of Odessa, 2, 3, Specialty Museums & Specialty Museums, Europe & Ukraine & Odessa Oblast & Odessa & Things to Do in Odessa, 4.5, 46.46729, 30.706793, 683100993, 20190601, 20190601, 5.0, Elhanan S, /Profile/elhanans, abc83f6e16723f5fc95a05f675e41ce6, /Attraction_Review-g295368-d11671665-Reviews-Catacombs_of_Odessa-Odessa_Odessa_Oblast.html
Catacombs of Odessa, 2, 3, Specialty Museums & Specialty Museums, Europe & Ukraine & Odessa Oblast & Odessa & Things to Do in Odessa, 4.5, 46.46729, 30.706793, 677728845, 20190501, 20190401, 4.0, KittyK950, /Profile/KittyK950, f6bbec1f7b34b91230c0c2d99ec2dea7, /Attraction_Review-g295368-d11671665-Reviews-Catacombs_of_Odessa-Odessa_Odessa_Oblast.html
Catacombs of Odessa, 2, 3, Specialty Museums & Specialty Museums, Europe & Ukraine & Odessa Oblast & Odessa & Things to Do in Odessa, 4.5, 46.46729, 30.706793, 670555108, 20190401, 20190401, 5.0, francien2015, /Profile/francien2015, b18a4afaa51abff728a728599f9df22f, /Attraction_Review-g295368-d11671665-Reviews-Catacombs_of_Odessa-Odessa_Odessa_Oblast.html
Catacombs of Odessa, 2, 3, Specialty Museums & Specialty Museums, Europe & Ukraine & Odessa Oblast & Odessa & Things to Do in Odessa, 4.5, 46.46729, 30.706793, 641241132, 20181201, 20181101, 4.0, Aziza-Ali, /Profile/Aziza-Ali, cb1d3f7d47c8c7dd72c5df7f5c36abd3, /Attraction_Review-g295368-d11671665-Reviews-Catacombs_of_Odessa-Odessa_Odessa_Oblast.html
Catacombs of Odessa, 2, 3, Specialty Museums & Specialty Museums, Europe & Ukraine & Odessa Oblast & Odessa & Things to Do in Odessa, 4.5, 46.46729, 30.706793, 570089651, 20180401, 20180301, 5.0, Yona S, /Profile/YonaS133, fe340de46e0b0416cd03a6b814c3b38c, /Attraction_Review-g295368-d11671665-Reviews-Catacombs_of_Odessa-Odessa_Odessa_Oblast.html
