review_location_name, review_current_page, review_last_page, review_location_type, review_location_breadcrumbs, review_location_rate, location_lat, location_lng, review_id, review_date, review_experience_date, review_rate, user_name, user_link, user_id, extra, parent_url
Catacombs of Odessa, 16, 39, Specialty Museums & Caverns & Caves & Mines, Europe & Ukraine & Odessa Oblast & Nerubayskoye & Things to Do in Nerubayskoye, 4.5, 46.53941, 30.62703, 277577831, 20150601, 20140801, 4.0, Zalster, https://www.tripadvisor.com/Profile/Zalster, 72b19cb857d69f1ed7e3c0f6c72d1be7, Excellent : 137 & Very Good : 40 & Average : 13 & Poor : 4 & Terrible : 1, /Attraction_Review-g6973110-d554493-Reviews-Catacombs_of_Odessa-Nerubayskoye_Odessa_Oblast.html
Catacombs of Odessa, 16, 39, Specialty Museums & Caverns & Caves & Mines, Europe & Ukraine & Odessa Oblast & Nerubayskoye & Things to Do in Nerubayskoye, 4.5, 46.53941, 30.62703, 273841087, 20150501, 20141201, 5.0, Chalio37, https://www.tripadvisor.com/Profile/Chalio37, 9d1020b14b2f3a5c1b669ca3527be628, Excellent : 137 & Very Good : 40 & Average : 13 & Poor : 4 & Terrible : 1, /Attraction_Review-g6973110-d554493-Reviews-Catacombs_of_Odessa-Nerubayskoye_Odessa_Oblast.html
Catacombs of Odessa, 16, 39, Specialty Museums & Caverns & Caves & Mines, Europe & Ukraine & Odessa Oblast & Nerubayskoye & Things to Do in Nerubayskoye, 4.5, 46.53941, 30.62703, 272069033, 20150501, 20140601, 5.0, Igor T, https://www.tripadvisor.com/Profile/igort186, b08a470658ec43f2313eac0c05ae0d38, Excellent : 137 & Very Good : 40 & Average : 13 & Poor : 4 & Terrible : 1, /Attraction_Review-g6973110-d554493-Reviews-Catacombs_of_Odessa-Nerubayskoye_Odessa_Oblast.html
Catacombs of Odessa, 16, 39, Specialty Museums & Caverns & Caves & Mines, Europe & Ukraine & Odessa Oblast & Nerubayskoye & Things to Do in Nerubayskoye, 4.5, 46.53941, 30.62703, 267382871, 20150401, 20150401, 5.0, DenisDA, https://www.tripadvisor.com/Profile/DenisDA, 648d89e0f23df5688155a80048a44dce, Excellent : 137 & Very Good : 40 & Average : 13 & Poor : 4 & Terrible : 1, /Attraction_Review-g6973110-d554493-Reviews-Catacombs_of_Odessa-Nerubayskoye_Odessa_Oblast.html
Catacombs of Odessa, 16, 39, Specialty Museums & Caverns & Caves & Mines, Europe & Ukraine & Odessa Oblast & Nerubayskoye & Things to Do in Nerubayskoye, 4.5, 46.53941, 30.62703, 263461909, 20150401, 20150401, 4.0, Валерия, https://www.tripadvisor.com/Profile/valerydziubenko, 9b77ba3ec848fef56434865076e69f2f, Excellent : 137 & Very Good : 40 & Average : 13 & Poor : 4 & Terrible : 1, /Attraction_Review-g6973110-d554493-Reviews-Catacombs_of_Odessa-Nerubayskoye_Odessa_Oblast.html
