review_location_name, review_current_page, review_last_page, review_location_type, review_location_breadcrumbs, review_location_rate, location_lat, location_lng, review_id, review_date, review_experience_date, review_rate, user_name, user_link, user_id, extra, parent_url
Monument to Catherine the Great and Founders of Odessa, 8, 45, Points of Interest & Landmarks & Monuments & Statues, Europe & Ukraine & Odessa Oblast & Odessa & Things to Do in Odessa, 4.5, 46.488277, 30.72619, 621314388, 20181001, 20180401, 5.0, Яна Г, https://www.tripadvisor.com/Profile/P7660WX_, f5ae4e5a9ce663d7bd884018cb3c2fe9, Excellent : 126 & Very Good : 62 & Average : 31 & Poor : 1 & Terrible : 2, /Attraction_Review-g295368-d5503628-Reviews-Monument_to_Catherine_the_Great_and_Founders_of_Odessa-Odessa_Odessa_Oblast.html
Monument to Catherine the Great and Founders of Odessa, 8, 45, Points of Interest & Landmarks & Monuments & Statues, Europe & Ukraine & Odessa Oblast & Odessa & Things to Do in Odessa, 4.5, 46.488277, 30.72619, 616059563, 20180901, 20180801, 4.0, Sergio D, https://www.tripadvisor.com/Profile/T9590RGsergiod, e1a396a0c6174678965e036079d54cc6, Excellent : 126 & Very Good : 62 & Average : 31 & Poor : 1 & Terrible : 2, /Attraction_Review-g295368-d5503628-Reviews-Monument_to_Catherine_the_Great_and_Founders_of_Odessa-Odessa_Odessa_Oblast.html
Monument to Catherine the Great and Founders of Odessa, 8, 45, Points of Interest & Landmarks & Monuments & Statues, Europe & Ukraine & Odessa Oblast & Odessa & Things to Do in Odessa, 4.5, 46.488277, 30.72619, 614897445, 20180901, 20180701, 3.0, Biteviye, https://www.tripadvisor.com/Profile/Biteviye, 36621d187f8f5fc1e59cb4d4866065ac, Excellent : 126 & Very Good : 62 & Average : 31 & Poor : 1 & Terrible : 2, /Attraction_Review-g295368-d5503628-Reviews-Monument_to_Catherine_the_Great_and_Founders_of_Odessa-Odessa_Odessa_Oblast.html
Monument to Catherine the Great and Founders of Odessa, 8, 45, Points of Interest & Landmarks & Monuments & Statues, Europe & Ukraine & Odessa Oblast & Odessa & Things to Do in Odessa, 4.5, 46.488277, 30.72619, 613280891, 20180901, 20180801, 4.0, Davide G, https://www.tripadvisor.com/Profile/766davideg, 0f2314a8f7bf3ec800719aa021082b93, Excellent : 126 & Very Good : 62 & Average : 31 & Poor : 1 & Terrible : 2, /Attraction_Review-g295368-d5503628-Reviews-Monument_to_Catherine_the_Great_and_Founders_of_Odessa-Odessa_Odessa_Oblast.html
Monument to Catherine the Great and Founders of Odessa, 8, 45, Points of Interest & Landmarks & Monuments & Statues, Europe & Ukraine & Odessa Oblast & Odessa & Things to Do in Odessa, 4.5, 46.488277, 30.72619, 612136073, 20180801, 20180801, 5.0, Bopal84, https://www.tripadvisor.com/Profile/Bopal84, 81d87424d3d27fb6a5921e92e4d3f003, Excellent : 126 & Very Good : 62 & Average : 31 & Poor : 1 & Terrible : 2, /Attraction_Review-g295368-d5503628-Reviews-Monument_to_Catherine_the_Great_and_Founders_of_Odessa-Odessa_Odessa_Oblast.html
