review_location_name, review_current_page, review_last_page, review_location_type, review_location_breadcrumbs, review_location_rate, location_lat, location_lng, review_id, review_date, review_experience_date, review_rate, user_name, user_link, user_id, extra, parent_url
Insomnia- The Haunted House, 4, 50, Specialty Museums, Europe & Ukraine & Odessa Oblast & Odessa & Things to Do in Odessa, 4.5, 46.488277, 30.72619, 750246814, 20200301, 20200301, 5.0, Shuvendu s, https://www.tripadvisor.com/Profile/shuvendus2020, d5598eb4dcf4058d3bb5ac9f497bea06, Excellent : 204 & Very Good : 29 & Average : 6 & Poor : 3 & Terrible : 5, /Attraction_Review-g295368-d12952995-Reviews-Insomnia_The_Haunted_House-Odessa_Odessa_Oblast.html
Insomnia- The Haunted House, 4, 50, Specialty Museums, Europe & Ukraine & Odessa Oblast & Odessa & Things to Do in Odessa, 4.5, 46.488277, 30.72619, 750077969, 20200301, 20200301, 5.0, Денис Л, https://www.tripadvisor.com/Profile/Expedition426057, c23b0e21713daa12feb17d9191b9f86c, Excellent : 204 & Very Good : 29 & Average : 6 & Poor : 3 & Terrible : 5, /Attraction_Review-g295368-d12952995-Reviews-Insomnia_The_Haunted_House-Odessa_Odessa_Oblast.html
Insomnia- The Haunted House, 4, 50, Specialty Museums, Europe & Ukraine & Odessa Oblast & Odessa & Things to Do in Odessa, 4.5, 46.488277, 30.72619, 749832402, 20200301, 20200301, 5.0, Алена К, https://www.tripadvisor.com/Profile/_P2444EI, 73ff6bfa8421e11e1fc3434745eae73c, Excellent : 204 & Very Good : 29 & Average : 6 & Poor : 3 & Terrible : 5, /Attraction_Review-g295368-d12952995-Reviews-Insomnia_The_Haunted_House-Odessa_Odessa_Oblast.html
Insomnia- The Haunted House, 4, 50, Specialty Museums, Europe & Ukraine & Odessa Oblast & Odessa & Things to Do in Odessa, 4.5, 46.488277, 30.72619, 749729994, 20200301, 20200301, 5.0, Kirill S, https://www.tripadvisor.com/Profile/653kirills, ad764e716b37d8cc0b395e04953cc03a, Excellent : 204 & Very Good : 29 & Average : 6 & Poor : 3 & Terrible : 5, /Attraction_Review-g295368-d12952995-Reviews-Insomnia_The_Haunted_House-Odessa_Odessa_Oblast.html
Insomnia- The Haunted House, 4, 50, Specialty Museums, Europe & Ukraine & Odessa Oblast & Odessa & Things to Do in Odessa, 4.5, 46.488277, 30.72619, 748906903, 20200301, 20200301, 5.0, Стас Б, https://www.tripadvisor.com/Profile/A3411GO_, 296786cafabf4838ed424c8d7a8d6ed8, Excellent : 204 & Very Good : 29 & Average : 6 & Poor : 3 & Terrible : 5, /Attraction_Review-g295368-d12952995-Reviews-Insomnia_The_Haunted_House-Odessa_Odessa_Oblast.html
