review_location_name, review_current_page, review_last_page, review_location_type, review_location_breadcrumbs, review_location_rate, location_lat, location_lng, review_id, review_date, review_experience_date, review_rate, user_name, user_link, user_id, extra, parent_url
Passage, 82, 93, Points of Interest & Landmarks, Europe & Ukraine & Odessa Oblast & Odessa & Things to Do in Odessa, 4.5, 46.488277, 30.72619, 247192870, 20150101, 20141201, 2.0, Inna В, https://www.tripadvisor.com/Profile/646inna_, ee749e6a655b4177adf98ca23b8b9fe8, Excellent : 253 & Very Good : 129 & Average : 63 & Poor : 14 & Terrible : 4, /Attraction_Review-g295368-d2083546-Reviews-Passage-Odessa_Odessa_Oblast.html
Passage, 82, 93, Points of Interest & Landmarks, Europe & Ukraine & Odessa Oblast & Odessa & Things to Do in Odessa, 4.5, 46.488277, 30.72619, 244507298, 20141201, 20140601, 4.0, AndersUA, https://www.tripadvisor.com/Profile/AndersUA, 7baa9dd5798cd999baa389fd438b816b, Excellent : 253 & Very Good : 129 & Average : 63 & Poor : 14 & Terrible : 4, /Attraction_Review-g295368-d2083546-Reviews-Passage-Odessa_Odessa_Oblast.html
Passage, 82, 93, Points of Interest & Landmarks, Europe & Ukraine & Odessa Oblast & Odessa & Things to Do in Odessa, 4.5, 46.488277, 30.72619, 243375455, 20141201, 20141201, 4.0, alllenka, https://www.tripadvisor.com/Profile/alllenka, 79e48b1ac22c268d38fe2ea2a786cdc7, Excellent : 253 & Very Good : 129 & Average : 63 & Poor : 14 & Terrible : 4, /Attraction_Review-g295368-d2083546-Reviews-Passage-Odessa_Odessa_Oblast.html
Passage, 82, 93, Points of Interest & Landmarks, Europe & Ukraine & Odessa Oblast & Odessa & Things to Do in Odessa, 4.5, 46.488277, 30.72619, 238101719, 20141101, 20141001, 5.0, СараРР Р, https://www.tripadvisor.com/Profile/K9748KF_, 9c43d1f39c798e646b8d234168e0ba4a, Excellent : 253 & Very Good : 129 & Average : 63 & Poor : 14 & Terrible : 4, /Attraction_Review-g295368-d2083546-Reviews-Passage-Odessa_Odessa_Oblast.html
Passage, 82, 93, Points of Interest & Landmarks, Europe & Ukraine & Odessa Oblast & Odessa & Things to Do in Odessa, 4.5, 46.488277, 30.72619, 236558902, 20141001, 20140901, 5.0, Steinar J, https://www.tripadvisor.com/Profile/SteinarJ763, cd768860a0d1d049e086c0e97f728013, Excellent : 253 & Very Good : 129 & Average : 63 & Poor : 14 & Terrible : 4, /Attraction_Review-g295368-d2083546-Reviews-Passage-Odessa_Odessa_Oblast.html
