review_location_name, review_current_page, review_last_page, review_location_type, review_location_breadcrumbs, review_location_rate, location_lat, location_lng, review_id, review_date, review_experience_date, review_rate, user_name, user_link, user_id, extra, parent_url
Aquapark Hawaii, 1, 15, Water Parks, Europe & Ukraine & Odessa Oblast & Odessa & Things to Do in Odessa, 4.0, 46.488277, 30.72619, 762974566, 20200801, 20200701, 5.0, Татьяна, https://www.tripadvisor.com/Profile/tatyshka_tanya1, 54195a46acd6e48232c6e385f4334d66, Excellent : 45 & Very Good : 6 & Average : 6 & Poor : 6 & Terrible : 10, /Attraction_Review-g295368-d10423619-Reviews-Aquapark_Hawaii-Odessa_Odessa_Oblast.html
Aquapark Hawaii, 1, 15, Water Parks, Europe & Ukraine & Odessa Oblast & Odessa & Things to Do in Odessa, 4.0, 46.488277, 30.72619, 762821847, 20200801, 20200701, 5.0, aleksandra_sova, https://www.tripadvisor.com/Profile/aleksandra_sova, 8b939a7ce08710ca659e918227dfbba4, Excellent : 45 & Very Good : 6 & Average : 6 & Poor : 6 & Terrible : 10, /Attraction_Review-g295368-d10423619-Reviews-Aquapark_Hawaii-Odessa_Odessa_Oblast.html
Aquapark Hawaii, 1, 15, Water Parks, Europe & Ukraine & Odessa Oblast & Odessa & Things to Do in Odessa, 4.0, 46.488277, 30.72619, 762671055, 20200801, 20200601, 5.0, Татьяна Ф, https://www.tripadvisor.com/Profile/Tatiava, 59e1a6676ddcd4bed624e2c1699a4f71, Excellent : 45 & Very Good : 6 & Average : 6 & Poor : 6 & Terrible : 10, /Attraction_Review-g295368-d10423619-Reviews-Aquapark_Hawaii-Odessa_Odessa_Oblast.html
Aquapark Hawaii, 1, 15, Water Parks, Europe & Ukraine & Odessa Oblast & Odessa & Things to Do in Odessa, 4.0, 46.488277, 30.72619, 762188624, 20200701, 20200701, 2.0, Marina A, https://www.tripadvisor.com/Profile/MarinaA2579, 2a5c569e3bf8423913b9f48e2a74b5e7, Excellent : 45 & Very Good : 6 & Average : 6 & Poor : 6 & Terrible : 10, /Attraction_Review-g295368-d10423619-Reviews-Aquapark_Hawaii-Odessa_Odessa_Oblast.html
Aquapark Hawaii, 1, 15, Water Parks, Europe & Ukraine & Odessa Oblast & Odessa & Things to Do in Odessa, 4.0, 46.488277, 30.72619, 759652170, 20200701, 20200701, 5.0, Tatyana K, https://www.tripadvisor.com/Profile/tatyanak993, 71b42f0a132b9fff9ce3e1d3d096cdea, Excellent : 45 & Very Good : 6 & Average : 6 & Poor : 6 & Terrible : 10, /Attraction_Review-g295368-d10423619-Reviews-Aquapark_Hawaii-Odessa_Odessa_Oblast.html
