review_location_name, review_current_page, review_last_page, review_location_type, review_location_breadcrumbs, review_location_rate, location_lat, location_lng, review_id, review_date, review_experience_date, review_rate, user_name, user_link, user_id, parent_url
Ugolok Staroy Odessy/ Old Odessa Corner, 3, 4, Points of Interest & Landmarks & Points of Interest & Landmarks, Europe & Ukraine & Odessa Oblast & Odessa & Things to Do in Odessa, 4.5, 46.490276, 30.736528, 366516445, 20160401, 20160401, 3.0, Anastasia8307, /Profile/Anastasia8307, 0e44e5f63e2dd72dbd15e0a98a195667, /Attraction_Review-g295368-d5259345-Reviews-Ugolok_Staroy_Odessy_Old_Odessa_Corner-Odessa_Odessa_Oblast.html
Ugolok Staroy Odessy/ Old Odessa Corner, 3, 4, Points of Interest & Landmarks & Points of Interest & Landmarks, Europe & Ukraine & Odessa Oblast & Odessa & Things to Do in Odessa, 4.5, 46.490276, 30.736528, 322410585, 20151001, 20141101, 5.0, Victoria G, /Profile/victoriag577, f382a5efdec922b330985f97378a225e, /Attraction_Review-g295368-d5259345-Reviews-Ugolok_Staroy_Odessy_Old_Odessa_Corner-Odessa_Odessa_Oblast.html
Ugolok Staroy Odessy/ Old Odessa Corner, 3, 4, Points of Interest & Landmarks & Points of Interest & Landmarks, Europe & Ukraine & Odessa Oblast & Odessa & Things to Do in Odessa, 4.5, 46.490276, 30.736528, 318065030, 20151001, 20151001, 2.0, Stenorris189, /Profile/Stenorris189, 816029def1bbee242ea40dd7767d92f1, /Attraction_Review-g295368-d5259345-Reviews-Ugolok_Staroy_Odessy_Old_Odessa_Corner-Odessa_Odessa_Oblast.html
Ugolok Staroy Odessy/ Old Odessa Corner, 3, 4, Points of Interest & Landmarks & Points of Interest & Landmarks, Europe & Ukraine & Odessa Oblast & Odessa & Things to Do in Odessa, 4.5, 46.490276, 30.736528, 306012591, 20150901, 20150701, 4.0, prapul29, /Profile/prapul29, b5e105cc8dc56900bba0772820702f47, /Attraction_Review-g295368-d5259345-Reviews-Ugolok_Staroy_Odessy_Old_Odessa_Corner-Odessa_Odessa_Oblast.html
Ugolok Staroy Odessy/ Old Odessa Corner, 3, 4, Points of Interest & Landmarks & Points of Interest & Landmarks, Europe & Ukraine & Odessa Oblast & Odessa & Things to Do in Odessa, 4.5, 46.490276, 30.736528, 281754977, 20150601, 20140701, 5.0, Laxiaozi08200912, /Profile/Laxiaozi08200912, 93b6def4de16f77a4c3c588bc3640d9a, /Attraction_Review-g295368-d5259345-Reviews-Ugolok_Staroy_Odessy_Old_Odessa_Corner-Odessa_Odessa_Oblast.html
