review_location_name, review_current_page, review_last_page, review_location_type, review_location_breadcrumbs, review_location_rate, location_lat, location_lng, review_id, review_date, review_experience_date, review_rate, user_name, user_link, user_id, extra, parent_url
Church of Holy Martyr Tatiana, 1, 3, Churches & Cathedrals, Europe & Ukraine & Odessa Oblast & Odessa & Things to Do in Odessa, 4.0, 46.488277, 30.72619, 773520544, 20201001, 20201001, 2.0, Jesus Christ, https://www.tripadvisor.com/Profile/theroofisonfire, bc5ffdc0c865e50a31d2d5dd75914f2a, Excellent : 10 & Very Good : 1 & Average : 0 & Poor : 2 & Terrible : 1, /Attraction_Review-g295368-d6492279-Reviews-Church_of_Holy_Martyr_Tatiana-Odessa_Odessa_Oblast.html
Church of Holy Martyr Tatiana, 1, 3, Churches & Cathedrals, Europe & Ukraine & Odessa Oblast & Odessa & Things to Do in Odessa, 4.0, 46.488277, 30.72619, 755382667, 20200501, 20200501, 5.0, Oksana M, https://www.tripadvisor.com/Profile/oksanam836, 2a0b3ebf62a5ad13e7f7b78352ed6e5b, Excellent : 10 & Very Good : 1 & Average : 0 & Poor : 2 & Terrible : 1, /Attraction_Review-g295368-d6492279-Reviews-Church_of_Holy_Martyr_Tatiana-Odessa_Odessa_Oblast.html
Church of Holy Martyr Tatiana, 1, 3, Churches & Cathedrals, Europe & Ukraine & Odessa Oblast & Odessa & Things to Do in Odessa, 4.0, 46.488277, 30.72619, 744064735, 20200201, 20191201, 2.0, mycommonemailbox, https://www.tripadvisor.com/Profile/mycommonemailbox, 686346338883bf86bb5195914045cdf8, Excellent : 10 & Very Good : 1 & Average : 0 & Poor : 2 & Terrible : 1, /Attraction_Review-g295368-d6492279-Reviews-Church_of_Holy_Martyr_Tatiana-Odessa_Odessa_Oblast.html
Church of Holy Martyr Tatiana, 1, 3, Churches & Cathedrals, Europe & Ukraine & Odessa Oblast & Odessa & Things to Do in Odessa, 4.0, 46.488277, 30.72619, 571640667, 20180401, 20180401, 1.0, kedraVolton, https://www.tripadvisor.com/Profile/kedraVolton, 2ad148c568127b20dcec5d1a2051ff92, Excellent : 10 & Very Good : 1 & Average : 0 & Poor : 2 & Terrible : 1, /Attraction_Review-g295368-d6492279-Reviews-Church_of_Holy_Martyr_Tatiana-Odessa_Odessa_Oblast.html
Church of Holy Martyr Tatiana, 1, 3, Churches & Cathedrals, Europe & Ukraine & Odessa Oblast & Odessa & Things to Do in Odessa, 4.0, 46.488277, 30.72619, 493193547, 20170601, 20170601, 5.0, diamond_swan88, https://www.tripadvisor.com/Profile/diamond_swan88, fc65ffbacc7f6af5a4957e7c81ebd70a, Excellent : 10 & Very Good : 1 & Average : 0 & Poor : 2 & Terrible : 1, /Attraction_Review-g295368-d6492279-Reviews-Church_of_Holy_Martyr_Tatiana-Odessa_Odessa_Oblast.html
