review_location_name, review_current_page, review_last_page, review_location_type, review_location_breadcrumbs, review_location_rate, location_lat, location_lng, review_id, review_date, review_experience_date, review_rate, user_name, user_link, user_id, extra, parent_url
Planeta Kino, 19, 23, Movie Theaters, Europe & Ukraine & Odessa Oblast & Fontanka & Things to Do in Fontanka, 5.0, 46.56429, 30.8587, 605315463, 20180801, 20180801, 5.0, Алена Ж, https://www.tripadvisor.com/Profile/_Z6052ER, 22e9297c55a8777ecab54eaeb1280950, Excellent : 102 & Very Good : 7 & Average : 2 & Poor : 0 & Terrible : 4, /Attraction_Review-g5484656-d8043921-Reviews-Planeta_Kino-Fontanka_Odessa_Oblast.html
Planeta Kino, 19, 23, Movie Theaters, Europe & Ukraine & Odessa Oblast & Fontanka & Things to Do in Fontanka, 5.0, 46.56429, 30.8587, 605188297, 20180801, 20180801, 5.0, Marina D, https://www.tripadvisor.com/Profile/P8177WBmarinad, b840f9d5a225a193df7dca40aa55c7a3, Excellent : 102 & Very Good : 7 & Average : 2 & Poor : 0 & Terrible : 4, /Attraction_Review-g5484656-d8043921-Reviews-Planeta_Kino-Fontanka_Odessa_Oblast.html
Planeta Kino, 19, 23, Movie Theaters, Europe & Ukraine & Odessa Oblast & Fontanka & Things to Do in Fontanka, 5.0, 46.56429, 30.8587, 604086200, 20180801, 20180801, 5.0, Юлия П, https://www.tripadvisor.com/Profile/_Y3563RE, 9500656753607b28e35296872887fde3, Excellent : 102 & Very Good : 7 & Average : 2 & Poor : 0 & Terrible : 4, /Attraction_Review-g5484656-d8043921-Reviews-Planeta_Kino-Fontanka_Odessa_Oblast.html
Planeta Kino, 19, 23, Movie Theaters, Europe & Ukraine & Odessa Oblast & Fontanka & Things to Do in Fontanka, 5.0, 46.56429, 30.8587, 600979616, 20180701, 20180701, 5.0, Irina P, https://www.tripadvisor.com/Profile/irinap492, f74f030fb9331df90b5d06caf90dbc96, Excellent : 102 & Very Good : 7 & Average : 2 & Poor : 0 & Terrible : 4, /Attraction_Review-g5484656-d8043921-Reviews-Planeta_Kino-Fontanka_Odessa_Oblast.html
Planeta Kino, 19, 23, Movie Theaters, Europe & Ukraine & Odessa Oblast & Fontanka & Things to Do in Fontanka, 5.0, 46.56429, 30.8587, 600712177, 20180701, 20180701, 5.0, goncharenkokatya, https://www.tripadvisor.com/Profile/goncharenkokatya, 1ddbcc848f5b1f63f999e05d2f7fc0c1, Excellent : 102 & Very Good : 7 & Average : 2 & Poor : 0 & Terrible : 4, /Attraction_Review-g5484656-d8043921-Reviews-Planeta_Kino-Fontanka_Odessa_Oblast.html
