review_location_name, review_current_page, review_last_page, review_location_type, review_location_breadcrumbs, review_location_rate, location_lat, location_lng, review_id, review_date, review_experience_date, review_rate, user_name, user_link, user_id, extra, parent_url
Odessa Regional Puppet Theater, 2, 3, Theaters, Europe & Ukraine & Odessa Oblast & Odessa & Things to Do in Odessa, 4.5, 46.488277, 30.72619, 457731834, 20170201, 20160901, 5.0, kristinam811, https://www.tripadvisor.com/Profile/kristinam811, d222464bb39dc3e5288fc4d6e095170c, Excellent : 8 & Very Good : 4 & Average : 0 & Poor : 0 & Terrible : 0, /Attraction_Review-g295368-d6502520-Reviews-Odessa_Regional_Puppet_Theater-Odessa_Odessa_Oblast.html
Odessa Regional Puppet Theater, 2, 3, Theaters, Europe & Ukraine & Odessa Oblast & Odessa & Things to Do in Odessa, 4.5, 46.488277, 30.72619, 456436173, 20170201, 20161201, 5.0, Dima K, https://www.tripadvisor.com/Profile/144dimak, 2feeb20cb2addfba9ceb6b0763c7932a, Excellent : 8 & Very Good : 4 & Average : 0 & Poor : 0 & Terrible : 0, /Attraction_Review-g295368-d6502520-Reviews-Odessa_Regional_Puppet_Theater-Odessa_Odessa_Oblast.html
Odessa Regional Puppet Theater, 2, 3, Theaters, Europe & Ukraine & Odessa Oblast & Odessa & Things to Do in Odessa, 4.5, 46.488277, 30.72619, 406741052, 20160801, 20150901, 4.0, Валерий Н, https://www.tripadvisor.com/Profile/_L1700PM, 4ac4530286ddf0b2bcf62812bb004461, Excellent : 8 & Very Good : 4 & Average : 0 & Poor : 0 & Terrible : 0, /Attraction_Review-g295368-d6502520-Reviews-Odessa_Regional_Puppet_Theater-Odessa_Odessa_Oblast.html
Odessa Regional Puppet Theater, 2, 3, Theaters, Europe & Ukraine & Odessa Oblast & Odessa & Things to Do in Odessa, 4.5, 46.488277, 30.72619, 353488291, 20160301, 20150601, 5.0, 595miriam, https://www.tripadvisor.com/Profile/595miriam, 42554c15bcde44207f8ea007b54d9f2a, Excellent : 8 & Very Good : 4 & Average : 0 & Poor : 0 & Terrible : 0, /Attraction_Review-g295368-d6502520-Reviews-Odessa_Regional_Puppet_Theater-Odessa_Odessa_Oblast.html
Odessa Regional Puppet Theater, 2, 3, Theaters, Europe & Ukraine & Odessa Oblast & Odessa & Things to Do in Odessa, 4.5, 46.488277, 30.72619, 314321241, 20150901, 20150801, 5.0, ubocevar, https://www.tripadvisor.com/Profile/ubocevar, 19f299b9f0c8b9ef0e60b0802672564e, Excellent : 8 & Very Good : 4 & Average : 0 & Poor : 0 & Terrible : 0, /Attraction_Review-g295368-d6502520-Reviews-Odessa_Regional_Puppet_Theater-Odessa_Odessa_Oblast.html
