review_location_name, review_current_page, review_last_page, review_location_type, review_location_breadcrumbs, review_location_rate, location_lat, location_lng, review_id, review_date, review_experience_date, review_rate, user_name, user_link, user_id, extra, parent_url
Odessa Delphinarium Nemo, 76, 137, Aquariums, Europe & Ukraine & Odessa Oblast & Odessa & Things to Do in Odessa, 4.5, 46.488277, 30.72619, 425901414, 20161001, 20160801, 5.0, AndyMPEngland, https://www.tripadvisor.com/Profile/AndyMPEngland, a4b15b0309f3c630e7e51f95438831ee, Excellent : 477 & Very Good : 117 & Average : 42 & Poor : 21 & Terrible : 25, /Attraction_Review-g295368-d6027684-Reviews-Odessa_Delphinarium_Nemo-Odessa_Odessa_Oblast.html
Odessa Delphinarium Nemo, 76, 137, Aquariums, Europe & Ukraine & Odessa Oblast & Odessa & Things to Do in Odessa, 4.5, 46.488277, 30.72619, 425423473, 20161001, 20160901, 5.0, Martin I, https://www.tripadvisor.com/Profile/447martini, a092a6725a1a4d2f45a4e04cfcd9d1d4, Excellent : 477 & Very Good : 117 & Average : 42 & Poor : 21 & Terrible : 25, /Attraction_Review-g295368-d6027684-Reviews-Odessa_Delphinarium_Nemo-Odessa_Odessa_Oblast.html
Odessa Delphinarium Nemo, 76, 137, Aquariums, Europe & Ukraine & Odessa Oblast & Odessa & Things to Do in Odessa, 4.5, 46.488277, 30.72619, 425305736, 20161001, 20160701, 5.0, Sergey P, https://www.tripadvisor.com/Profile/SergeyP1197, 92b36c7ba35868c4c11786ed59d18851, Excellent : 477 & Very Good : 117 & Average : 42 & Poor : 21 & Terrible : 25, /Attraction_Review-g295368-d6027684-Reviews-Odessa_Delphinarium_Nemo-Odessa_Odessa_Oblast.html
Odessa Delphinarium Nemo, 76, 137, Aquariums, Europe & Ukraine & Odessa Oblast & Odessa & Things to Do in Odessa, 4.5, 46.488277, 30.72619, 424589554, 20161001, 20161001, 5.0, Pysznyy, https://www.tripadvisor.com/Profile/Pysznyy, a24557530be9b92bc727ef3727669fa9, Excellent : 477 & Very Good : 117 & Average : 42 & Poor : 21 & Terrible : 25, /Attraction_Review-g295368-d6027684-Reviews-Odessa_Delphinarium_Nemo-Odessa_Odessa_Oblast.html
Odessa Delphinarium Nemo, 76, 137, Aquariums, Europe & Ukraine & Odessa Oblast & Odessa & Things to Do in Odessa, 4.5, 46.488277, 30.72619, 424379088, 20161001, 20160901, 5.0, Елизавета Ш, https://www.tripadvisor.com/Profile/R3356LI_, 9fc7bc0101ef08ab42f357a880635afd, Excellent : 477 & Very Good : 117 & Average : 42 & Poor : 21 & Terrible : 25, /Attraction_Review-g295368-d6027684-Reviews-Odessa_Delphinarium_Nemo-Odessa_Odessa_Oblast.html
