review_location_name, review_current_page, review_last_page, review_location_type, review_location_breadcrumbs, review_location_rate, location_lat, location_lng, review_id, review_date, review_experience_date, review_rate, user_name, user_link, user_id, parent_url
The Odessa Port, 21, 28, Bodies of Water & Bodies of Water, Europe & Ukraine & Odessa Oblast & Odessa & Things to Do in Odessa, 4.0, 46.4895, 30.743805, 219722838, 20140801, 20140601, 5.0, Mabeltherat, /Profile/Mabeltherat, 42bb93b0373a55efd159ad3955be7bdf, /Attraction_Review-g295368-d554488-Reviews-The_Odessa_Port-Odessa_Odessa_Oblast.html
The Odessa Port, 21, 28, Bodies of Water & Bodies of Water, Europe & Ukraine & Odessa Oblast & Odessa & Things to Do in Odessa, 4.0, 46.4895, 30.743805, 212859186, 20140601, 20140501, 5.0, Scott_From_Utah_USA, /Profile/Scott_From_Utah_USA, 4647164cbdcfcef3dcab2e5ca83f10b3, /Attraction_Review-g295368-d554488-Reviews-The_Odessa_Port-Odessa_Odessa_Oblast.html
The Odessa Port, 21, 28, Bodies of Water & Bodies of Water, Europe & Ukraine & Odessa Oblast & Odessa & Things to Do in Odessa, 4.0, 46.4895, 30.743805, 205569024, 20140501, 20130801, 5.0, Alexander L, /Profile/AlexanderLevichev, e59bc599d21e07f5abacceaa96182a71, /Attraction_Review-g295368-d554488-Reviews-The_Odessa_Port-Odessa_Odessa_Oblast.html
The Odessa Port, 21, 28, Bodies of Water & Bodies of Water, Europe & Ukraine & Odessa Oblast & Odessa & Things to Do in Odessa, 4.0, 46.4895, 30.743805, 203828516, 20140501, 20130801, 4.0, Cristina T, /Profile/Cristi7na, 6b6a6b3f0e48cfd63536a76d83524e62, /Attraction_Review-g295368-d554488-Reviews-The_Odessa_Port-Odessa_Odessa_Oblast.html
The Odessa Port, 21, 28, Bodies of Water & Bodies of Water, Europe & Ukraine & Odessa Oblast & Odessa & Things to Do in Odessa, 4.0, 46.4895, 30.743805, 196757586, 20140301, 20131001, 4.0, trainfan2000, /Profile/trainfan2000, 3ba9da5cae62c3c482e846bf0cb3e6a3, /Attraction_Review-g295368-d554488-Reviews-The_Odessa_Port-Odessa_Odessa_Oblast.html
