review_location_name, review_current_page, review_last_page, review_location_type, review_location_breadcrumbs, review_location_rate, location_lat, location_lng, review_id, review_date, review_experience_date, review_rate, user_name, user_link, user_id, extra, parent_url
Arcadia Beach, 14, 30, Beaches, Europe & Ukraine & Odessa Oblast & Odessa & Things to Do in Odessa, 4.0, 46.488277, 30.72619, 505357500, 20170701, 20170701, 5.0, Ashot81, https://www.tripadvisor.com/Profile/Ashot81, 268a90f38a94de9821c958ec31357058, Excellent : 58 & Very Good : 37 & Average : 32 & Poor : 15 & Terrible : 8, /Attraction_Review-g295368-d4547953-Reviews-Arcadia_Beach-Odessa_Odessa_Oblast.html
Arcadia Beach, 14, 30, Beaches, Europe & Ukraine & Odessa Oblast & Odessa & Things to Do in Odessa, 4.0, 46.488277, 30.72619, 491006174, 20170601, 20170601, 4.0, David Fleming, https://www.tripadvisor.com/Profile/DarwinDavid8888, 629ef6a5390bbebe58c7c673ec8176af, Excellent : 58 & Very Good : 37 & Average : 32 & Poor : 15 & Terrible : 8, /Attraction_Review-g295368-d4547953-Reviews-Arcadia_Beach-Odessa_Odessa_Oblast.html
Arcadia Beach, 14, 30, Beaches, Europe & Ukraine & Odessa Oblast & Odessa & Things to Do in Odessa, 4.0, 46.488277, 30.72619, 490958188, 20170601, 20170501, 1.0, Similtiades, https://www.tripadvisor.com/Profile/Similtiades, 91ef4470dd733ae6d653cbf24f56488b, Excellent : 58 & Very Good : 37 & Average : 32 & Poor : 15 & Terrible : 8, /Attraction_Review-g295368-d4547953-Reviews-Arcadia_Beach-Odessa_Odessa_Oblast.html
Arcadia Beach, 14, 30, Beaches, Europe & Ukraine & Odessa Oblast & Odessa & Things to Do in Odessa, 4.0, 46.488277, 30.72619, 484642538, 20170501, 20170501, 5.0, Sonya_2802, https://www.tripadvisor.com/Profile/Sonya_2802, ad0a46bf69857994de9d843cb51a2f59, Excellent : 58 & Very Good : 37 & Average : 32 & Poor : 15 & Terrible : 8, /Attraction_Review-g295368-d4547953-Reviews-Arcadia_Beach-Odessa_Odessa_Oblast.html
Arcadia Beach, 14, 30, Beaches, Europe & Ukraine & Odessa Oblast & Odessa & Things to Do in Odessa, 4.0, 46.488277, 30.72619, 477976421, 20170401, 20170401, 5.0, 528Eitan, https://www.tripadvisor.com/Profile/528Eitan, 70fcfeaa60a1409d1abd27aff27ce28d, Excellent : 58 & Very Good : 37 & Average : 32 & Poor : 15 & Terrible : 8, /Attraction_Review-g295368-d4547953-Reviews-Arcadia_Beach-Odessa_Odessa_Oblast.html
