review_location_name, review_current_page, review_last_page, review_location_type, review_location_breadcrumbs, review_location_rate, location_lat, location_lng, review_id, review_date, review_experience_date, review_rate, user_name, user_link, user_id, extra, parent_url
Potemkin Stairs, 194, 260, Points of Interest & Landmarks, Europe & Ukraine & Odessa Oblast & Odessa & Things to Do in Odessa, 4.0, 46.488277, 30.72619, 284422281, 20150601, 20150501, 5.0, Ernest S, https://www.tripadvisor.com/Profile/240ernests, 7740043bcd7b21f7750338775c8e3f03, Excellent : 602 & Very Good : 336 & Average : 253 & Poor : 74 & Terrible : 32, /Attraction_Review-g295368-d554884-Reviews-Potemkin_Stairs-Odessa_Odessa_Oblast.html
Potemkin Stairs, 194, 260, Points of Interest & Landmarks, Europe & Ukraine & Odessa Oblast & Odessa & Things to Do in Odessa, 4.0, 46.488277, 30.72619, 284271920, 20150601, 20140701, 5.0, nigelsuenos, https://www.tripadvisor.com/Profile/nigelsuenos, f67086dee2c199a8bdecba848c9f62e4, Excellent : 602 & Very Good : 336 & Average : 253 & Poor : 74 & Terrible : 32, /Attraction_Review-g295368-d554884-Reviews-Potemkin_Stairs-Odessa_Odessa_Oblast.html
Potemkin Stairs, 194, 260, Points of Interest & Landmarks, Europe & Ukraine & Odessa Oblast & Odessa & Things to Do in Odessa, 4.0, 46.488277, 30.72619, 284136394, 20150601, 20150601, 4.0, AWilhelm89, https://www.tripadvisor.com/Profile/AWilhelm89, e3c7bdf198e5f328747daa0066806a7b, Excellent : 602 & Very Good : 336 & Average : 253 & Poor : 74 & Terrible : 32, /Attraction_Review-g295368-d554884-Reviews-Potemkin_Stairs-Odessa_Odessa_Oblast.html
Potemkin Stairs, 194, 260, Points of Interest & Landmarks, Europe & Ukraine & Odessa Oblast & Odessa & Things to Do in Odessa, 4.0, 46.488277, 30.72619, 283934211, 20150601, 20140701, 5.0, Jig4, https://www.tripadvisor.com/Profile/Jig4, 730fc3fb966beb72b510d2bd53d2d085, Excellent : 602 & Very Good : 336 & Average : 253 & Poor : 74 & Terrible : 32, /Attraction_Review-g295368-d554884-Reviews-Potemkin_Stairs-Odessa_Odessa_Oblast.html
Potemkin Stairs, 194, 260, Points of Interest & Landmarks, Europe & Ukraine & Odessa Oblast & Odessa & Things to Do in Odessa, 4.0, 46.488277, 30.72619, 283634570, 20150601, 20150601, 4.0, summersuniren, https://www.tripadvisor.com/Profile/summersuniren, 07d2165d11c251b73e9623acb5fbfbde, Excellent : 602 & Very Good : 336 & Average : 253 & Poor : 74 & Terrible : 32, /Attraction_Review-g295368-d554884-Reviews-Potemkin_Stairs-Odessa_Odessa_Oblast.html
