review_location_name, review_current_page, review_last_page, review_location_type, review_location_breadcrumbs, review_location_rate, location_lat, location_lng, review_id, review_date, review_experience_date, review_rate, user_name, user_link, user_id, extra, parent_url
Odessa National Academic Opera and Ballet Theater, 150, 201, Ballets & Operas & Theaters, Europe & Ukraine & Odessa Oblast & Odessa & Things to Do in Odessa, 5.0, 46.488277, 30.72619, 207790321, 20140501, 20140101, 5.0, collinsCheshire, https://www.tripadvisor.com/Profile/collinsCheshire, cd1a949db2476bceecb9de249e12f940, Excellent : 867 & Very Good : 102 & Average : 22 & Poor : 3 & Terrible : 8, /Attraction_Review-g295368-d554746-Reviews-Odessa_National_Academic_Opera_and_Ballet_Theater-Odessa_Odessa_Oblast.html
Odessa National Academic Opera and Ballet Theater, 150, 201, Ballets & Operas & Theaters, Europe & Ukraine & Odessa Oblast & Odessa & Things to Do in Odessa, 5.0, 46.488277, 30.72619, 207636249, 20140501, 20130601, 5.0, lanmar99, https://www.tripadvisor.com/Profile/lanmar99, 01a1bdb57f745f779df4d0c891cb4c39, Excellent : 867 & Very Good : 102 & Average : 22 & Poor : 3 & Terrible : 8, /Attraction_Review-g295368-d554746-Reviews-Odessa_National_Academic_Opera_and_Ballet_Theater-Odessa_Odessa_Oblast.html
Odessa National Academic Opera and Ballet Theater, 150, 201, Ballets & Operas & Theaters, Europe & Ukraine & Odessa Oblast & Odessa & Things to Do in Odessa, 5.0, 46.488277, 30.72619, 207248965, 20140501, 20130901, 5.0, Alexey K, https://www.tripadvisor.com/Profile/alexeyk457, 25739f6705ffbca6ee714dbd2991e59a, Excellent : 867 & Very Good : 102 & Average : 22 & Poor : 3 & Terrible : 8, /Attraction_Review-g295368-d554746-Reviews-Odessa_National_Academic_Opera_and_Ballet_Theater-Odessa_Odessa_Oblast.html
Odessa National Academic Opera and Ballet Theater, 150, 201, Ballets & Operas & Theaters, Europe & Ukraine & Odessa Oblast & Odessa & Things to Do in Odessa, 5.0, 46.488277, 30.72619, 207238481, 20140501, 20131001, 5.0, Ranevckaya, https://www.tripadvisor.com/Profile/Ranevckaya, 9fe82c4d2d614089ab68ecfb73a2092a, Excellent : 867 & Very Good : 102 & Average : 22 & Poor : 3 & Terrible : 8, /Attraction_Review-g295368-d554746-Reviews-Odessa_National_Academic_Opera_and_Ballet_Theater-Odessa_Odessa_Oblast.html
Odessa National Academic Opera and Ballet Theater, 150, 201, Ballets & Operas & Theaters, Europe & Ukraine & Odessa Oblast & Odessa & Things to Do in Odessa, 5.0, 46.488277, 30.72619, 207145436, 20140501, 20130901, 4.0, TungusVozhd, https://www.tripadvisor.com/Profile/TungusVozhd, 232a60adc17b9b96d2cfa3a84374b0d3, Excellent : 867 & Very Good : 102 & Average : 22 & Poor : 3 & Terrible : 8, /Attraction_Review-g295368-d554746-Reviews-Odessa_National_Academic_Opera_and_Ballet_Theater-Odessa_Odessa_Oblast.html
