review_location_name, review_current_page, review_last_page, review_location_type, review_location_breadcrumbs, review_location_rate, location_lat, location_lng, review_id, review_date, review_experience_date, review_rate, user_name, user_link, user_id, parent_url
Catacombs of Odessa, 13, 17, Specialty Museums & Caverns & Caves & Mines & Specialty Museums & Caverns & Caves & Mines, Europe & Ukraine & Odessa Oblast & Nerubayskoye & Things to Do in Nerubayskoye, 4.5, 46.537766, 30.626232, 155138505, 20130301, 20120901, 5.0, LuizAlbuquerque_12, /Profile/LuizAlbuquerque_12, f4d4e31f5807b7375bd5e58df1ca956c, /Attraction_Review-g6973110-d554493-Reviews-Catacombs_of_Odessa-Nerubayskoye_Odessa_Oblast.html
Catacombs of Odessa, 13, 17, Specialty Museums & Caverns & Caves & Mines & Specialty Museums & Caverns & Caves & Mines, Europe & Ukraine & Odessa Oblast & Nerubayskoye & Things to Do in Nerubayskoye, 4.5, 46.537766, 30.626232, 154992174, 20130301, 20130301, 5.0, jaleed, /Profile/jaleed, c2de7da92248c92ef3fef77719d2a6d6, /Attraction_Review-g6973110-d554493-Reviews-Catacombs_of_Odessa-Nerubayskoye_Odessa_Oblast.html
Catacombs of Odessa, 13, 17, Specialty Museums & Caverns & Caves & Mines & Specialty Museums & Caverns & Caves & Mines, Europe & Ukraine & Odessa Oblast & Nerubayskoye & Things to Do in Nerubayskoye, 4.5, 46.537766, 30.626232, 154624183, 20130301, 20130201, 3.0, tamfromhun, /Profile/tamfromhun, 58e6f9dd4fab4918a81a027d5659d08c, /Attraction_Review-g6973110-d554493-Reviews-Catacombs_of_Odessa-Nerubayskoye_Odessa_Oblast.html
Catacombs of Odessa, 13, 17, Specialty Museums & Caverns & Caves & Mines & Specialty Museums & Caverns & Caves & Mines, Europe & Ukraine & Odessa Oblast & Nerubayskoye & Things to Do in Nerubayskoye, 4.5, 46.537766, 30.626232, 152956539, 20130201, 20121001, 2.0, Olle A, /Profile/OlleA_13, cf007e1406a422d3c402995cc98fd0c7, /Attraction_Review-g6973110-d554493-Reviews-Catacombs_of_Odessa-Nerubayskoye_Odessa_Oblast.html
Catacombs of Odessa, 13, 17, Specialty Museums & Caverns & Caves & Mines & Specialty Museums & Caverns & Caves & Mines, Europe & Ukraine & Odessa Oblast & Nerubayskoye & Things to Do in Nerubayskoye, 4.5, 46.537766, 30.626232, 143945223, 20121001, 20120901, 4.0, Ozmarkotsis, /Profile/Ozmarkotsis, afb4db270b26abe0fa57f911c1aca424, /Attraction_Review-g6973110-d554493-Reviews-Catacombs_of_Odessa-Nerubayskoye_Odessa_Oblast.html
