review_location_name, review_current_page, review_last_page, review_location_type, review_location_breadcrumbs, review_location_rate, location_lat, location_lng, review_id, review_date, review_experience_date, review_rate, user_name, user_link, user_id, extra, parent_url
Spaso-Preobrazhenskiy Cathedral, 6, 16, Churches & Cathedrals, Europe & Ukraine & Odessa Oblast & Odessa & Things to Do in Odessa, 4.5, 46.488277, 30.72619, 526316798, 20170901, 20170501, 4.0, Judgerld, https://www.tripadvisor.com/Profile/Judgerld, b8a37e6e943a5dda110ab106f3f72637, Excellent : 43 & Very Good : 25 & Average : 8 & Poor : 0 & Terrible : 0, /Attraction_Review-g295368-d6493585-Reviews-Spaso_Preobrazhenskiy_Cathedral-Odessa_Odessa_Oblast.html
Spaso-Preobrazhenskiy Cathedral, 6, 16, Churches & Cathedrals, Europe & Ukraine & Odessa Oblast & Odessa & Things to Do in Odessa, 4.5, 46.488277, 30.72619, 506963185, 20170701, 20170701, 4.0, Mehmet C, https://www.tripadvisor.com/Profile/MehmetC1565, 8b7741f79b9032a97910f834f1930410, Excellent : 43 & Very Good : 25 & Average : 8 & Poor : 0 & Terrible : 0, /Attraction_Review-g295368-d6493585-Reviews-Spaso_Preobrazhenskiy_Cathedral-Odessa_Odessa_Oblast.html
Spaso-Preobrazhenskiy Cathedral, 6, 16, Churches & Cathedrals, Europe & Ukraine & Odessa Oblast & Odessa & Things to Do in Odessa, 4.5, 46.488277, 30.72619, 495451935, 20170601, 20170601, 5.0, Денис М, https://www.tripadvisor.com/Profile/Experience394240, 614973e29570a2413090a2462e8d0615, Excellent : 43 & Very Good : 25 & Average : 8 & Poor : 0 & Terrible : 0, /Attraction_Review-g295368-d6493585-Reviews-Spaso_Preobrazhenskiy_Cathedral-Odessa_Odessa_Oblast.html
Spaso-Preobrazhenskiy Cathedral, 6, 16, Churches & Cathedrals, Europe & Ukraine & Odessa Oblast & Odessa & Things to Do in Odessa, 4.5, 46.488277, 30.72619, 493945760, 20170601, 20170501, 3.0, saronic, https://www.tripadvisor.com/Profile/saronic, 09445943c560eb1985005101f06e313d, Excellent : 43 & Very Good : 25 & Average : 8 & Poor : 0 & Terrible : 0, /Attraction_Review-g295368-d6493585-Reviews-Spaso_Preobrazhenskiy_Cathedral-Odessa_Odessa_Oblast.html
Spaso-Preobrazhenskiy Cathedral, 6, 16, Churches & Cathedrals, Europe & Ukraine & Odessa Oblast & Odessa & Things to Do in Odessa, 4.5, 46.488277, 30.72619, 493897949, 20170601, 20160801, 4.0, Светлана В, https://www.tripadvisor.com/Profile/Y9326CN_, 315c1817a00529b4e580b3d2325a2824, Excellent : 43 & Very Good : 25 & Average : 8 & Poor : 0 & Terrible : 0, /Attraction_Review-g295368-d6493585-Reviews-Spaso_Preobrazhenskiy_Cathedral-Odessa_Odessa_Oblast.html
