review_location_name, review_current_page, review_last_page, review_location_type, review_location_breadcrumbs, review_location_rate, location_lat, location_lng, review_id, review_date, review_experience_date, review_rate, user_name, user_link, user_id, extra, parent_url
Chernomorets, 4, 3, Arenas & Stadiums, Europe & Ukraine & Odessa Oblast & Odessa & Things to Do in Odessa, 4.0, 46.488277, 30.72619, 390144112, 20160701, 20150801, 3.0, Валерий Н, https://www.tripadvisor.com/Profile/_L1700PM, 4ac4530286ddf0b2bcf62812bb004461, Excellent : 10 & Very Good : 5 & Average : 2 & Poor : 1 & Terrible : 1, /Attraction_Review-g295368-d8044436-Reviews-Chernomorets-Odessa_Odessa_Oblast.html
Chernomorets, 4, 3, Arenas & Stadiums, Europe & Ukraine & Odessa Oblast & Odessa & Things to Do in Odessa, 4.0, 46.488277, 30.72619, 390050094, 20160701, 20160101, 5.0, AlexBourboN, https://www.tripadvisor.com/Profile/AlexBourboN, 5d9d33a40fbf1e6cfb9b632fcb43435b, Excellent : 10 & Very Good : 5 & Average : 2 & Poor : 1 & Terrible : 1, /Attraction_Review-g295368-d8044436-Reviews-Chernomorets-Odessa_Odessa_Oblast.html
Chernomorets, 4, 3, Arenas & Stadiums, Europe & Ukraine & Odessa Oblast & Odessa & Things to Do in Odessa, 4.0, 46.488277, 30.72619, 359030544, 20160301, 20150601, 4.0, Trotamundo562, https://www.tripadvisor.com/Profile/Trotamundo562, 570c88351024e8a5ce9c61867725ebaa, Excellent : 10 & Very Good : 5 & Average : 2 & Poor : 1 & Terrible : 1, /Attraction_Review-g295368-d8044436-Reviews-Chernomorets-Odessa_Odessa_Oblast.html
Chernomorets, 4, 3, Arenas & Stadiums, Europe & Ukraine & Odessa Oblast & Odessa & Things to Do in Odessa, 4.0, 46.488277, 30.72619, 358769581, 20160301, 20150801, 2.0, Disaster19, https://www.tripadvisor.com/Profile/Disaster19, 5cd05e4c88b42fad6064b3a8bd22ee73, Excellent : 10 & Very Good : 5 & Average : 2 & Poor : 1 & Terrible : 1, /Attraction_Review-g295368-d8044436-Reviews-Chernomorets-Odessa_Odessa_Oblast.html
