review_location_name, review_current_page, review_last_page, review_location_type, review_location_breadcrumbs, review_location_rate, location_lat, location_lng, review_id, review_date, review_experience_date, review_rate, user_name, user_link, user_id, extra, parent_url
Monument to the 12th Chair, 19, 55, Points of Interest & Landmarks & Monuments & Statues, Europe & Ukraine & Odessa Oblast & Odessa & Things to Do in Odessa, 4.5, 46.488277, 30.72619, 529304250, 20171001, 20170901, 4.0, JanJonas, https://www.tripadvisor.com/Profile/JanJonas, bae2a7c72a76e0955e4530f1878dc635, Excellent : 153 & Very Good : 75 & Average : 41 & Poor : 4 & Terrible : 2, /Attraction_Review-g295368-d5259019-Reviews-Monument_to_the_12th_Chair-Odessa_Odessa_Oblast.html
Monument to the 12th Chair, 19, 55, Points of Interest & Landmarks & Monuments & Statues, Europe & Ukraine & Odessa Oblast & Odessa & Things to Do in Odessa, 4.5, 46.488277, 30.72619, 528866910, 20171001, 20170901, 5.0, Вита В, https://www.tripadvisor.com/Profile/Sunshine434797, db504df80af1f6947edfaf6d2aa2816a, Excellent : 153 & Very Good : 75 & Average : 41 & Poor : 4 & Terrible : 2, /Attraction_Review-g295368-d5259019-Reviews-Monument_to_the_12th_Chair-Odessa_Odessa_Oblast.html
Monument to the 12th Chair, 19, 55, Points of Interest & Landmarks & Monuments & Statues, Europe & Ukraine & Odessa Oblast & Odessa & Things to Do in Odessa, 4.5, 46.488277, 30.72619, 525294258, 20170901, 20170901, 3.0, Terje L, https://www.tripadvisor.com/Profile/terje444, 5107841154bac52259d35b9a3de24f4a, Excellent : 153 & Very Good : 75 & Average : 41 & Poor : 4 & Terrible : 2, /Attraction_Review-g295368-d5259019-Reviews-Monument_to_the_12th_Chair-Odessa_Odessa_Oblast.html
Monument to the 12th Chair, 19, 55, Points of Interest & Landmarks & Monuments & Statues, Europe & Ukraine & Odessa Oblast & Odessa & Things to Do in Odessa, 4.5, 46.488277, 30.72619, 524829433, 20170901, 20170901, 5.0, Виктория Г, https://www.tripadvisor.com/Profile/H6656BW_, c04a6f845df8ae9768d226c7d243fac9, Excellent : 153 & Very Good : 75 & Average : 41 & Poor : 4 & Terrible : 2, /Attraction_Review-g295368-d5259019-Reviews-Monument_to_the_12th_Chair-Odessa_Odessa_Oblast.html
Monument to the 12th Chair, 19, 55, Points of Interest & Landmarks & Monuments & Statues, Europe & Ukraine & Odessa Oblast & Odessa & Things to Do in Odessa, 4.5, 46.488277, 30.72619, 524469245, 20170901, 20170601, 3.0, Martin W, https://www.tripadvisor.com/Profile/707martinw, d855c9e5fb4972bbc155cc4e30299b1a, Excellent : 153 & Very Good : 75 & Average : 41 & Poor : 4 & Terrible : 2, /Attraction_Review-g295368-d5259019-Reviews-Monument_to_the_12th_Chair-Odessa_Odessa_Oblast.html
