review_location_name, review_current_page, review_last_page, review_location_type, review_location_breadcrumbs, review_location_rate, location_lat, location_lng, review_id, review_date, review_experience_date, review_rate, user_name, user_link, user_id, extra, parent_url
Monument to Iosif De Ribas, 2, 9, Points of Interest & Landmarks & Monuments & Statues, Europe & Ukraine & Odessa Oblast & Odessa & Things to Do in Odessa, 4.5, 46.488277, 30.72619, 631125813, 20181101, 20181101, 5.0, Vitaliy K, https://www.tripadvisor.com/Profile/339vitaliyk, 3c467735e8fab80abe5c3db66a29848c, Excellent : 23 & Very Good : 12 & Average : 6 & Poor : 0 & Terrible : 0, /Attraction_Review-g295368-d5259026-Reviews-Monument_to_Iosif_De_Ribas-Odessa_Odessa_Oblast.html
Monument to Iosif De Ribas, 2, 9, Points of Interest & Landmarks & Monuments & Statues, Europe & Ukraine & Odessa Oblast & Odessa & Things to Do in Odessa, 4.5, 46.488277, 30.72619, 623767662, 20181001, 20181001, 4.0, John H, https://www.tripadvisor.com/Profile/B5144FIjohnh, 26acf49b1ff4839d52d0bf431ff23447, Excellent : 23 & Very Good : 12 & Average : 6 & Poor : 0 & Terrible : 0, /Attraction_Review-g295368-d5259026-Reviews-Monument_to_Iosif_De_Ribas-Odessa_Odessa_Oblast.html
Monument to Iosif De Ribas, 2, 9, Points of Interest & Landmarks & Monuments & Statues, Europe & Ukraine & Odessa Oblast & Odessa & Things to Do in Odessa, 4.5, 46.488277, 30.72619, 613093073, 20180901, 20180801, 3.0, Antony P, https://www.tripadvisor.com/Profile/ADEPER23, 2eb08946a7c7d8906381bb26d9f51314, Excellent : 23 & Very Good : 12 & Average : 6 & Poor : 0 & Terrible : 0, /Attraction_Review-g295368-d5259026-Reviews-Monument_to_Iosif_De_Ribas-Odessa_Odessa_Oblast.html
Monument to Iosif De Ribas, 2, 9, Points of Interest & Landmarks & Monuments & Statues, Europe & Ukraine & Odessa Oblast & Odessa & Things to Do in Odessa, 4.5, 46.488277, 30.72619, 578238787, 20180501, 20180501, 5.0, Agnieszka, https://www.tripadvisor.com/Profile/RazjelArch, e8e7da75b39ecf7b9cc1631d81e55207, Excellent : 23 & Very Good : 12 & Average : 6 & Poor : 0 & Terrible : 0, /Attraction_Review-g295368-d5259026-Reviews-Monument_to_Iosif_De_Ribas-Odessa_Odessa_Oblast.html
Monument to Iosif De Ribas, 2, 9, Points of Interest & Landmarks & Monuments & Statues, Europe & Ukraine & Odessa Oblast & Odessa & Things to Do in Odessa, 4.5, 46.488277, 30.72619, 557761353, 20180201, 20171101, 5.0, Ladushka-L, https://www.tripadvisor.com/Profile/Ladushka-L, 6cc778c97b283537b745c2fc940e6765, Excellent : 23 & Very Good : 12 & Average : 6 & Poor : 0 & Terrible : 0, /Attraction_Review-g295368-d5259026-Reviews-Monument_to_Iosif_De_Ribas-Odessa_Odessa_Oblast.html
