review_location_name, review_current_page, review_last_page, review_location_type, review_location_breadcrumbs, review_location_rate, location_lat, location_lng, review_id, review_date, review_experience_date, review_rate, user_name, user_link, user_id, parent_url
Monument to Catherine the Great and Founders of Odessa, 10, 15, Points of Interest & Landmarks & Monuments & Statues & Points of Interest & Landmarks & Monuments & Statues, Europe & Ukraine & Odessa Oblast & Odessa & Things to Do in Odessa, 4.5, 46.487312, 30.739271, 442691376, 20161201, 20161001, 5.0, ndanger69, /Profile/ndanger69, edbe4ea4bc5e80f330a645d4cfb9d100, /Attraction_Review-g295368-d5503628-Reviews-Monument_to_Catherine_the_Great_and_Founders_of_Odessa-Odessa_Odessa_Oblast.html
Monument to Catherine the Great and Founders of Odessa, 10, 15, Points of Interest & Landmarks & Monuments & Statues & Points of Interest & Landmarks & Monuments & Statues, Europe & Ukraine & Odessa Oblast & Odessa & Things to Do in Odessa, 4.5, 46.487312, 30.739271, 421278537, 20160901, 20160901, 5.0, Marti C, /Profile/Wombat999, 9931d16aa2518b88d23747c77b4fca8b, /Attraction_Review-g295368-d5503628-Reviews-Monument_to_Catherine_the_Great_and_Founders_of_Odessa-Odessa_Odessa_Oblast.html
Monument to Catherine the Great and Founders of Odessa, 10, 15, Points of Interest & Landmarks & Monuments & Statues & Points of Interest & Landmarks & Monuments & Statues, Europe & Ukraine & Odessa Oblast & Odessa & Things to Do in Odessa, 4.5, 46.487312, 30.739271, 417437619, 20160901, 20160901, 1.0, sashko s, /Profile/sashkos2014, b58d06db94b19bf80189ec64fa2f1ec9, /Attraction_Review-g295368-d5503628-Reviews-Monument_to_Catherine_the_Great_and_Founders_of_Odessa-Odessa_Odessa_Oblast.html
Monument to Catherine the Great and Founders of Odessa, 10, 15, Points of Interest & Landmarks & Monuments & Statues & Points of Interest & Landmarks & Monuments & Statues, Europe & Ukraine & Odessa Oblast & Odessa & Things to Do in Odessa, 4.5, 46.487312, 30.739271, 413579267, 20160901, 20160701, 5.0, yossinir123, /Profile/yossinir123, 670eda1a8a220376cd19a939f9ae8230, /Attraction_Review-g295368-d5503628-Reviews-Monument_to_Catherine_the_Great_and_Founders_of_Odessa-Odessa_Odessa_Oblast.html
Monument to Catherine the Great and Founders of Odessa, 10, 15, Points of Interest & Landmarks & Monuments & Statues & Points of Interest & Landmarks & Monuments & Statues, Europe & Ukraine & Odessa Oblast & Odessa & Things to Do in Odessa, 4.5, 46.487312, 30.739271, 399256496, 20160701, 20160701, 4.0, Emma, /Profile/Emmochka01, 1ccb464de0c59fd7f5e9832941ab0d22, /Attraction_Review-g295368-d5503628-Reviews-Monument_to_Catherine_the_Great_and_Founders_of_Odessa-Odessa_Odessa_Oblast.html
