review_location_name, review_current_page, review_last_page, review_location_type, review_location_breadcrumbs, review_location_rate, location_lat, location_lng, review_id, review_date, review_experience_date, review_rate, user_name, user_link, user_id, extra, parent_url
Museum of Smuggling, 6, 23, Specialty Museums, Europe & Ukraine & Odessa Oblast & Odessa & Things to Do in Odessa, 4.0, 46.488277, 30.72619, 534919957, 20171001, 20171001, 2.0, nobo, https://www.tripadvisor.com/Profile/nobo, da97b4a1d5f5b84b4635dc491d7170e8, Excellent : 56 & Very Good : 26 & Average : 13 & Poor : 6 & Terrible : 10, /Attraction_Review-g295368-d4999893-Reviews-Museum_of_Smuggling-Odessa_Odessa_Oblast.html
Museum of Smuggling, 6, 23, Specialty Museums, Europe & Ukraine & Odessa Oblast & Odessa & Things to Do in Odessa, 4.0, 46.488277, 30.72619, 534780956, 20171001, 20171001, 5.0, Светлана В, https://www.tripadvisor.com/Profile/S7423WK_, 4e1d928519b474732f53a10b9dcf1118, Excellent : 56 & Very Good : 26 & Average : 13 & Poor : 6 & Terrible : 10, /Attraction_Review-g295368-d4999893-Reviews-Museum_of_Smuggling-Odessa_Odessa_Oblast.html
Museum of Smuggling, 6, 23, Specialty Museums, Europe & Ukraine & Odessa Oblast & Odessa & Things to Do in Odessa, 4.0, 46.488277, 30.72619, 532793097, 20171001, 20171001, 5.0, Veronika D, https://www.tripadvisor.com/Profile/veronikad744, 7e2050eca4747486f0818a40a5b569f0, Excellent : 56 & Very Good : 26 & Average : 13 & Poor : 6 & Terrible : 10, /Attraction_Review-g295368-d4999893-Reviews-Museum_of_Smuggling-Odessa_Odessa_Oblast.html
Museum of Smuggling, 6, 23, Specialty Museums, Europe & Ukraine & Odessa Oblast & Odessa & Things to Do in Odessa, 4.0, 46.488277, 30.72619, 530769076, 20171001, 20161101, 4.0, SmartFor2, https://www.tripadvisor.com/Profile/SmartFor2, f4e817f4d8a46595b74620287787d287, Excellent : 56 & Very Good : 26 & Average : 13 & Poor : 6 & Terrible : 10, /Attraction_Review-g295368-d4999893-Reviews-Museum_of_Smuggling-Odessa_Odessa_Oblast.html
Museum of Smuggling, 6, 23, Specialty Museums, Europe & Ukraine & Odessa Oblast & Odessa & Things to Do in Odessa, 4.0, 46.488277, 30.72619, 523518982, 20170901, 20170901, 4.0, Andrei Kamarouski, https://www.tripadvisor.com/Profile/kamarouski, 28bdce46e48f54131707bee5cf965aac, Excellent : 56 & Very Good : 26 & Average : 13 & Poor : 6 & Terrible : 10, /Attraction_Review-g295368-d4999893-Reviews-Museum_of_Smuggling-Odessa_Odessa_Oblast.html
