review_location_name, review_current_page, review_last_page, review_location_type, review_location_breadcrumbs, review_location_rate, location_lat, location_lng, review_id, review_date, review_experience_date, review_rate, user_name, user_link, user_id, extra, parent_url
The Odessa Port, 8, 90, Bodies of Water, Europe & Ukraine & Odessa Oblast & Odessa & Things to Do in Odessa, 4.0, 46.488277, 30.72619, 690880311, 20190701, 20190701, 5.0, Vika Zhiromskaya, https://www.tripadvisor.com/Profile/zhiromskaya, 2079234de5582469b4d09014de42fc3b, Excellent : 222 & Very Good : 118 & Average : 83 & Poor : 20 & Terrible : 6, /Attraction_Review-g295368-d554488-Reviews-The_Odessa_Port-Odessa_Odessa_Oblast.html
The Odessa Port, 8, 90, Bodies of Water, Europe & Ukraine & Odessa Oblast & Odessa & Things to Do in Odessa, 4.0, 46.488277, 30.72619, 688306776, 20190701, 20190601, 5.0, turkiyespana.com, https://www.tripadvisor.com/Profile/Turkiyespana, 516988d9f333a9b01d8f7d3f130d0d14, Excellent : 222 & Very Good : 118 & Average : 83 & Poor : 20 & Terrible : 6, /Attraction_Review-g295368-d554488-Reviews-The_Odessa_Port-Odessa_Odessa_Oblast.html
The Odessa Port, 8, 90, Bodies of Water, Europe & Ukraine & Odessa Oblast & Odessa & Things to Do in Odessa, 4.0, 46.488277, 30.72619, 686995661, 20190701, 20190701, 4.0, buxino, https://www.tripadvisor.com/Profile/buxino, a8eb1ac94f9327a239a8023ad8a34bfb, Excellent : 222 & Very Good : 118 & Average : 83 & Poor : 20 & Terrible : 6, /Attraction_Review-g295368-d554488-Reviews-The_Odessa_Port-Odessa_Odessa_Oblast.html
The Odessa Port, 8, 90, Bodies of Water, Europe & Ukraine & Odessa Oblast & Odessa & Things to Do in Odessa, 4.0, 46.488277, 30.72619, 686234187, 20190701, 20190601, 4.0, napacapt, https://www.tripadvisor.com/Profile/napacapt, 5ad6adbdc5488327c33e5839296f9289, Excellent : 222 & Very Good : 118 & Average : 83 & Poor : 20 & Terrible : 6, /Attraction_Review-g295368-d554488-Reviews-The_Odessa_Port-Odessa_Odessa_Oblast.html
The Odessa Port, 8, 90, Bodies of Water, Europe & Ukraine & Odessa Oblast & Odessa & Things to Do in Odessa, 4.0, 46.488277, 30.72619, 682912442, 20190601, 20190601, 4.0, DimitrisVek, https://www.tripadvisor.com/Profile/DimitrisVek, 36f488d4d188dc2cfe19de47d01d1bec, Excellent : 222 & Very Good : 118 & Average : 83 & Poor : 20 & Terrible : 6, /Attraction_Review-g295368-d554488-Reviews-The_Odessa_Port-Odessa_Odessa_Oblast.html
