review_location_name, review_current_page, review_last_page, review_location_type, review_location_breadcrumbs, review_location_rate, location_lat, location_lng, review_id, review_date, review_experience_date, review_rate, user_name, user_link, user_id, extra, parent_url
Potemkin Stairs, 168, 260, Points of Interest & Landmarks, Europe & Ukraine & Odessa Oblast & Odessa & Things to Do in Odessa, 4.0, 46.488277, 30.72619, 344987286, 20160201, 20160201, 5.0, VikVTsoy, https://www.tripadvisor.com/Profile/VikVTsoy, e95028b5862a62b5395e7c359c3e9af1, Excellent : 602 & Very Good : 336 & Average : 253 & Poor : 74 & Terrible : 32, /Attraction_Review-g295368-d554884-Reviews-Potemkin_Stairs-Odessa_Odessa_Oblast.html
Potemkin Stairs, 168, 260, Points of Interest & Landmarks, Europe & Ukraine & Odessa Oblast & Odessa & Things to Do in Odessa, 4.0, 46.488277, 30.72619, 344335522, 20160201, 20160201, 5.0, Masliymaster, https://www.tripadvisor.com/Profile/Masliymaster, 0f7c8b093140ab3abf265bd7ef49cbc8, Excellent : 602 & Very Good : 336 & Average : 253 & Poor : 74 & Terrible : 32, /Attraction_Review-g295368-d554884-Reviews-Potemkin_Stairs-Odessa_Odessa_Oblast.html
Potemkin Stairs, 168, 260, Points of Interest & Landmarks, Europe & Ukraine & Odessa Oblast & Odessa & Things to Do in Odessa, 4.0, 46.488277, 30.72619, 342853293, 20160101, 20151101, 5.0, Stuart S, https://www.tripadvisor.com/Profile/948stuarts, 72bd7bea4d524689e5e8f362c354f7f8, Excellent : 602 & Very Good : 336 & Average : 253 & Poor : 74 & Terrible : 32, /Attraction_Review-g295368-d554884-Reviews-Potemkin_Stairs-Odessa_Odessa_Oblast.html
Potemkin Stairs, 168, 260, Points of Interest & Landmarks, Europe & Ukraine & Odessa Oblast & Odessa & Things to Do in Odessa, 4.0, 46.488277, 30.72619, 341748171, 20160101, 20160101, 5.0, Евгений Т, https://www.tripadvisor.com/Profile/_K5036LS, 293eac8459ee1843d4294fa1fda09a97, Excellent : 602 & Very Good : 336 & Average : 253 & Poor : 74 & Terrible : 32, /Attraction_Review-g295368-d554884-Reviews-Potemkin_Stairs-Odessa_Odessa_Oblast.html
Potemkin Stairs, 168, 260, Points of Interest & Landmarks, Europe & Ukraine & Odessa Oblast & Odessa & Things to Do in Odessa, 4.0, 46.488277, 30.72619, 341372652, 20160101, 20150301, 5.0, HugoMartinez, https://www.tripadvisor.com/Profile/HugoMartinez, 141c9410a8e448c7b07aa4f1be35815f, Excellent : 602 & Very Good : 336 & Average : 253 & Poor : 74 & Terrible : 32, /Attraction_Review-g295368-d554884-Reviews-Potemkin_Stairs-Odessa_Odessa_Oblast.html
