review_location_name, review_current_page, review_last_page, review_location_type, review_location_breadcrumbs, review_location_rate, location_lat, location_lng, review_id, review_date, review_experience_date, review_rate, user_name, user_link, user_id, extra, parent_url
Arcadia Beach, 25, 30, Beaches, Europe & Ukraine & Odessa Oblast & Odessa & Things to Do in Odessa, 4.0, 46.488277, 30.72619, 225192032, 20140801, 20140801, 5.0, Oksana_Ishchenko, https://www.tripadvisor.com/Profile/Oksana_Ishchenko, 6ea3c473c6e456926bd185a4a655a80c, Excellent : 58 & Very Good : 37 & Average : 32 & Poor : 15 & Terrible : 8, /Attraction_Review-g295368-d4547953-Reviews-Arcadia_Beach-Odessa_Odessa_Oblast.html
Arcadia Beach, 25, 30, Beaches, Europe & Ukraine & Odessa Oblast & Odessa & Things to Do in Odessa, 4.0, 46.488277, 30.72619, 225089354, 20140801, 20140801, 4.0, Ty Y, https://www.tripadvisor.com/Profile/Kippydon, f9e227ce59419c21d52be994a4ca2db1, Excellent : 58 & Very Good : 37 & Average : 32 & Poor : 15 & Terrible : 8, /Attraction_Review-g295368-d4547953-Reviews-Arcadia_Beach-Odessa_Odessa_Oblast.html
Arcadia Beach, 25, 30, Beaches, Europe & Ukraine & Odessa Oblast & Odessa & Things to Do in Odessa, 4.0, 46.488277, 30.72619, 224988829, 20140801, 20140801, 4.0, Катя К, https://www.tripadvisor.com/Profile/T7891PB_, 933ed3c5b3a008586a3c30133e691c9e, Excellent : 58 & Very Good : 37 & Average : 32 & Poor : 15 & Terrible : 8, /Attraction_Review-g295368-d4547953-Reviews-Arcadia_Beach-Odessa_Odessa_Oblast.html
Arcadia Beach, 25, 30, Beaches, Europe & Ukraine & Odessa Oblast & Odessa & Things to Do in Odessa, 4.0, 46.488277, 30.72619, 222863449, 20140801, 20140801, 5.0, Наталия И, https://www.tripadvisor.com/Profile/_E4863RX, ceb720014368ff4c35e93757a201cb9b, Excellent : 58 & Very Good : 37 & Average : 32 & Poor : 15 & Terrible : 8, /Attraction_Review-g295368-d4547953-Reviews-Arcadia_Beach-Odessa_Odessa_Oblast.html
Arcadia Beach, 25, 30, Beaches, Europe & Ukraine & Odessa Oblast & Odessa & Things to Do in Odessa, 4.0, 46.488277, 30.72619, 222604413, 20140801, 20140801, 3.0, Svitlana1508, https://www.tripadvisor.com/Profile/Svitlana1508, 4ec2550457d780009e3beae624d829d0, Excellent : 58 & Very Good : 37 & Average : 32 & Poor : 15 & Terrible : 8, /Attraction_Review-g295368-d4547953-Reviews-Arcadia_Beach-Odessa_Odessa_Oblast.html
