review_location_name, review_current_page, review_last_page, review_location_type, review_location_breadcrumbs, review_location_rate, location_lat, location_lng, review_id, review_date, review_experience_date, review_rate, user_name, user_link, user_id, extra, parent_url
Odessa Archaeological Museum, 1, 19, History Museums, Europe & Ukraine & Odessa Oblast & Odessa & Things to Do in Odessa, 4.0, 46.488277, 30.72619, 779747683, 20201201, 20200101, 5.0, UriusT, https://www.tripadvisor.com/Profile/UriusT, 35b599cd73ff981108ca0b9604887924, Excellent : 38 & Very Good : 29 & Average : 19 & Poor : 1 & Terrible : 4, /Attraction_Review-g295368-d5503648-Reviews-Odessa_Archaeological_Museum-Odessa_Odessa_Oblast.html
Odessa Archaeological Museum, 1, 19, History Museums, Europe & Ukraine & Odessa Oblast & Odessa & Things to Do in Odessa, 4.0, 46.488277, 30.72619, 775781822, 20201001, 20200201, 5.0, szalaycsaba44, https://www.tripadvisor.com/Profile/szalaycsaba44, 18234dd665914d3e606e57f2be0be162, Excellent : 38 & Very Good : 29 & Average : 19 & Poor : 1 & Terrible : 4, /Attraction_Review-g295368-d5503648-Reviews-Odessa_Archaeological_Museum-Odessa_Odessa_Oblast.html
Odessa Archaeological Museum, 1, 19, History Museums, Europe & Ukraine & Odessa Oblast & Odessa & Things to Do in Odessa, 4.0, 46.488277, 30.72619, 765369963, 20200801, 20200701, 5.0, Dina, https://www.tripadvisor.com/Profile/DinaUR, 7781412726416b28e99871722ede4289, Excellent : 38 & Very Good : 29 & Average : 19 & Poor : 1 & Terrible : 4, /Attraction_Review-g295368-d5503648-Reviews-Odessa_Archaeological_Museum-Odessa_Odessa_Oblast.html
Odessa Archaeological Museum, 1, 19, History Museums, Europe & Ukraine & Odessa Oblast & Odessa & Things to Do in Odessa, 4.0, 46.488277, 30.72619, 748368664, 20200201, 20190401, 5.0, Nik T, https://www.tripadvisor.com/Profile/713nikt, bd16f24eba35537cc976349bfea6a61c, Excellent : 38 & Very Good : 29 & Average : 19 & Poor : 1 & Terrible : 4, /Attraction_Review-g295368-d5503648-Reviews-Odessa_Archaeological_Museum-Odessa_Odessa_Oblast.html
Odessa Archaeological Museum, 1, 19, History Museums, Europe & Ukraine & Odessa Oblast & Odessa & Things to Do in Odessa, 4.0, 46.488277, 30.72619, 740169636, 20200101, 20190701, 4.0, FyFazan, https://www.tripadvisor.com/Profile/FyFazan, 77f3b23eb3e9d6046efd6956423291a0, Excellent : 38 & Very Good : 29 & Average : 19 & Poor : 1 & Terrible : 4, /Attraction_Review-g295368-d5503648-Reviews-Odessa_Archaeological_Museum-Odessa_Odessa_Oblast.html
