review_location_name, review_current_page, review_last_page, review_location_type, review_location_breadcrumbs, review_location_rate, location_lat, location_lng, review_id, review_date, review_experience_date, review_rate, user_name, user_link, user_id, extra, parent_url
The Odessa Port, 84, 90, Bodies of Water, Europe & Ukraine & Odessa Oblast & Odessa & Things to Do in Odessa, 4.0, 46.488277, 30.72619, 155000216, 20130301, 20130301, 5.0, jaleed, https://www.tripadvisor.com/Profile/jaleed, 82af628d4d9ee6641a3c64d0ea44be30, Excellent : 222 & Very Good : 118 & Average : 83 & Poor : 20 & Terrible : 6, /Attraction_Review-g295368-d554488-Reviews-The_Odessa_Port-Odessa_Odessa_Oblast.html
The Odessa Port, 84, 90, Bodies of Water, Europe & Ukraine & Odessa Oblast & Odessa & Things to Do in Odessa, 4.0, 46.488277, 30.72619, 154340685, 20130301, 20130301, 4.0, ade200902, https://www.tripadvisor.com/Profile/ade200902, 8bd022c05823043a610fba8031a7c7d3, Excellent : 222 & Very Good : 118 & Average : 83 & Poor : 20 & Terrible : 6, /Attraction_Review-g295368-d554488-Reviews-The_Odessa_Port-Odessa_Odessa_Oblast.html
The Odessa Port, 84, 90, Bodies of Water, Europe & Ukraine & Odessa Oblast & Odessa & Things to Do in Odessa, 4.0, 46.488277, 30.72619, 153476383, 20130301, 20130301, 5.0, Iob1977, https://www.tripadvisor.com/Profile/Iob1977, b404499504a3eafaa00fe519d0685109, Excellent : 222 & Very Good : 118 & Average : 83 & Poor : 20 & Terrible : 6, /Attraction_Review-g295368-d554488-Reviews-The_Odessa_Port-Odessa_Odessa_Oblast.html
The Odessa Port, 84, 90, Bodies of Water, Europe & Ukraine & Odessa Oblast & Odessa & Things to Do in Odessa, 4.0, 46.488277, 30.72619, 152957709, 20130201, 20121001, 3.0, Olle A, https://www.tripadvisor.com/Profile/OlleA_13, 105f180fb43f668c961258aacf5591c5, Excellent : 222 & Very Good : 118 & Average : 83 & Poor : 20 & Terrible : 6, /Attraction_Review-g295368-d554488-Reviews-The_Odessa_Port-Odessa_Odessa_Oblast.html
The Odessa Port, 84, 90, Bodies of Water, Europe & Ukraine & Odessa Oblast & Odessa & Things to Do in Odessa, 4.0, 46.488277, 30.72619, 152246035, 20130201, 20130201, 4.0, Guspianist, https://www.tripadvisor.com/Profile/Guspianist, 2c94cf2dab9af9c7ea5a83168245e86e, Excellent : 222 & Very Good : 118 & Average : 83 & Poor : 20 & Terrible : 6, /Attraction_Review-g295368-d554488-Reviews-The_Odessa_Port-Odessa_Odessa_Oblast.html
