review_location_name, review_current_page, review_last_page, review_location_type, review_location_breadcrumbs, review_location_rate, location_lat, location_lng, review_id, review_date, review_experience_date, review_rate, user_name, user_link, user_id, extra, parent_url
Statue of the Duc de Richelieu, 36, 56, Monuments & Statues, Europe & Ukraine & Odessa Oblast & Odessa & Things to Do in Odessa, 4.5, 46.488277, 30.72619, 330589555, 20151201, 20150501, 4.0, Trotamundo562, https://www.tripadvisor.com/Profile/Trotamundo562, 570c88351024e8a5ce9c61867725ebaa, Excellent : 156 & Very Good : 78 & Average : 42 & Poor : 3 & Terrible : 1, /Attraction_Review-g295368-d554877-Reviews-Statue_of_the_Duc_de_Richelieu-Odessa_Odessa_Oblast.html
Statue of the Duc de Richelieu, 36, 56, Monuments & Statues, Europe & Ukraine & Odessa Oblast & Odessa & Things to Do in Odessa, 4.5, 46.488277, 30.72619, 329693777, 20151101, 20151101, 5.0, Gulobo, https://www.tripadvisor.com/Profile/Gulobo, 5eefd10d60e6c52fe445cfd3b487d603, Excellent : 156 & Very Good : 78 & Average : 42 & Poor : 3 & Terrible : 1, /Attraction_Review-g295368-d554877-Reviews-Statue_of_the_Duc_de_Richelieu-Odessa_Odessa_Oblast.html
Statue of the Duc de Richelieu, 36, 56, Monuments & Statues, Europe & Ukraine & Odessa Oblast & Odessa & Things to Do in Odessa, 4.5, 46.488277, 30.72619, 327817461, 20151101, 20151101, 3.0, 680worldtraveller, https://www.tripadvisor.com/Profile/680worldtraveller, b47438921a5332487be13610766a52c9, Excellent : 156 & Very Good : 78 & Average : 42 & Poor : 3 & Terrible : 1, /Attraction_Review-g295368-d554877-Reviews-Statue_of_the_Duc_de_Richelieu-Odessa_Odessa_Oblast.html
Statue of the Duc de Richelieu, 36, 56, Monuments & Statues, Europe & Ukraine & Odessa Oblast & Odessa & Things to Do in Odessa, 4.5, 46.488277, 30.72619, 327300079, 20151101, 20151101, 5.0, octavs, https://www.tripadvisor.com/Profile/octavs, 3eb5fa5e797c3328ced1f736cd81b24e, Excellent : 156 & Very Good : 78 & Average : 42 & Poor : 3 & Terrible : 1, /Attraction_Review-g295368-d554877-Reviews-Statue_of_the_Duc_de_Richelieu-Odessa_Odessa_Oblast.html
Statue of the Duc de Richelieu, 36, 56, Monuments & Statues, Europe & Ukraine & Odessa Oblast & Odessa & Things to Do in Odessa, 4.5, 46.488277, 30.72619, 322735924, 20151001, 20150901, 3.0, fr77vde, https://www.tripadvisor.com/Profile/fr77vde, 74c29e632c9940f7fa1d2698c1d2dcdf, Excellent : 156 & Very Good : 78 & Average : 42 & Poor : 3 & Terrible : 1, /Attraction_Review-g295368-d554877-Reviews-Statue_of_the_Duc_de_Richelieu-Odessa_Odessa_Oblast.html
