review_location_name, review_current_page, review_last_page, review_location_type, review_location_breadcrumbs, review_location_rate, location_lat, location_lng, review_id, review_date, review_experience_date, review_rate, user_name, user_link, user_id, extra, parent_url
Arcadia district, 16, 74, Neighborhoods, Europe & Ukraine & Odessa Oblast & Odessa & Things to Do in Odessa, 4.0, 46.488277, 30.72619, 534497057, 20171001, 20171001, 4.0, Aeronaut65, https://www.tripadvisor.com/Profile/Aeronaut65, b4769a652f198ac09a346d32491bfe84, Excellent : 162 & Very Good : 84 & Average : 66 & Poor : 32 & Terrible : 25, /Attraction_Review-g295368-d554872-Reviews-Arcadia_district-Odessa_Odessa_Oblast.html
Arcadia district, 16, 74, Neighborhoods, Europe & Ukraine & Odessa Oblast & Odessa & Things to Do in Odessa, 4.0, 46.488277, 30.72619, 527598872, 20170901, 20170801, 5.0, Andrey M, https://www.tripadvisor.com/Profile/951andreym, be8e4c00a3bd99933c0e2d419f0062a1, Excellent : 162 & Very Good : 84 & Average : 66 & Poor : 32 & Terrible : 25, /Attraction_Review-g295368-d554872-Reviews-Arcadia_district-Odessa_Odessa_Oblast.html
Arcadia district, 16, 74, Neighborhoods, Europe & Ukraine & Odessa Oblast & Odessa & Things to Do in Odessa, 4.0, 46.488277, 30.72619, 526916558, 20170901, 20170901, 4.0, Terje L, https://www.tripadvisor.com/Profile/terje444, 5107841154bac52259d35b9a3de24f4a, Excellent : 162 & Very Good : 84 & Average : 66 & Poor : 32 & Terrible : 25, /Attraction_Review-g295368-d554872-Reviews-Arcadia_district-Odessa_Odessa_Oblast.html
Arcadia district, 16, 74, Neighborhoods, Europe & Ukraine & Odessa Oblast & Odessa & Things to Do in Odessa, 4.0, 46.488277, 30.72619, 524148703, 20170901, 20170901, 5.0, Pogorzelska A, https://www.tripadvisor.com/Profile/nitkaska, 922ef33b2344411d2e75300eed708be8, Excellent : 162 & Very Good : 84 & Average : 66 & Poor : 32 & Terrible : 25, /Attraction_Review-g295368-d554872-Reviews-Arcadia_district-Odessa_Odessa_Oblast.html
Arcadia district, 16, 74, Neighborhoods, Europe & Ukraine & Odessa Oblast & Odessa & Things to Do in Odessa, 4.0, 46.488277, 30.72619, 522559664, 20170901, 20170801, 3.0, Michela C, https://www.tripadvisor.com/Profile/B8274IPmichelac, af451df02b48c98ef5b6622533749b19, Excellent : 162 & Very Good : 84 & Average : 66 & Poor : 32 & Terrible : 25, /Attraction_Review-g295368-d554872-Reviews-Arcadia_district-Odessa_Odessa_Oblast.html
