review_location_name, review_current_page, review_last_page, review_location_type, review_location_breadcrumbs, review_location_rate, location_lat, location_lng, review_id, review_date, review_experience_date, review_rate, user_name, user_link, user_id, extra, parent_url
City Council, 1, 3, Points of Interest & Landmarks & Architectural Buildings & Civic Centers &  & More, Europe & Ukraine & Odessa Oblast & Odessa & Things to Do in Odessa, 4.0, 46.488277, 30.72619, 724964655, 20191101, 20190801, 4.0, 이혜숙, https://www.tripadvisor.com/Profile/nadri97, 49a598b41492319bc178258568d4fe0f, Excellent : 3 & Very Good : 7 & Average : 2 & Poor : 0 & Terrible : 0, /Attraction_Review-g295368-d8263789-Reviews-City_Council-Odessa_Odessa_Oblast.html
City Council, 1, 3, Points of Interest & Landmarks & Architectural Buildings & Civic Centers &  & More, Europe & Ukraine & Odessa Oblast & Odessa & Things to Do in Odessa, 4.0, 46.488277, 30.72619, 702920523, 20190801, 20190801, 5.0, Olesya B, https://www.tripadvisor.com/Profile/886olesyab, e0c88d05dd317b34e4f9795cb63b4762, Excellent : 3 & Very Good : 7 & Average : 2 & Poor : 0 & Terrible : 0, /Attraction_Review-g295368-d8263789-Reviews-City_Council-Odessa_Odessa_Oblast.html
City Council, 1, 3, Points of Interest & Landmarks & Architectural Buildings & Civic Centers &  & More, Europe & Ukraine & Odessa Oblast & Odessa & Things to Do in Odessa, 4.0, 46.488277, 30.72619, 697496783, 20190801, 20190801, 5.0, Aleks_53, https://www.tripadvisor.com/Profile/Aleks_53, 57cd577aad83bf6830b3ced29e36bf55, Excellent : 3 & Very Good : 7 & Average : 2 & Poor : 0 & Terrible : 0, /Attraction_Review-g295368-d8263789-Reviews-City_Council-Odessa_Odessa_Oblast.html
City Council, 1, 3, Points of Interest & Landmarks & Architectural Buildings & Civic Centers &  & More, Europe & Ukraine & Odessa Oblast & Odessa & Things to Do in Odessa, 4.0, 46.488277, 30.72619, 687153414, 20190701, 20190701, 4.0, buxino, https://www.tripadvisor.com/Profile/buxino, a8eb1ac94f9327a239a8023ad8a34bfb, Excellent : 3 & Very Good : 7 & Average : 2 & Poor : 0 & Terrible : 0, /Attraction_Review-g295368-d8263789-Reviews-City_Council-Odessa_Odessa_Oblast.html
City Council, 1, 3, Points of Interest & Landmarks & Architectural Buildings & Civic Centers &  & More, Europe & Ukraine & Odessa Oblast & Odessa & Things to Do in Odessa, 4.0, 46.488277, 30.72619, 669557708, 20190401, 20181101, 5.0, cagdasevgin, https://www.tripadvisor.com/Profile/cagdasevgin, 8aa812f054bbad55e4a9e628d1f72971, Excellent : 3 & Very Good : 7 & Average : 2 & Poor : 0 & Terrible : 0, /Attraction_Review-g295368-d8263789-Reviews-City_Council-Odessa_Odessa_Oblast.html
