review_location_name, review_current_page, review_last_page, review_location_type, review_location_breadcrumbs, review_location_rate, location_lat, location_lng, review_id, review_date, review_experience_date, review_rate, user_name, user_link, user_id, extra, parent_url
Monument to Catherine the Great and Founders of Odessa, 33, 45, Points of Interest & Landmarks & Monuments & Statues, Europe & Ukraine & Odessa Oblast & Odessa & Things to Do in Odessa, 4.5, 46.488277, 30.72619, 323856949, 20151101, 20150801, 5.0, Евгений В, https://www.tripadvisor.com/Profile/tryblackjack, 1fca55aa793077ca3b05a8c13dfc7414, Excellent : 126 & Very Good : 62 & Average : 31 & Poor : 1 & Terrible : 2, /Attraction_Review-g295368-d5503628-Reviews-Monument_to_Catherine_the_Great_and_Founders_of_Odessa-Odessa_Odessa_Oblast.html
Monument to Catherine the Great and Founders of Odessa, 33, 45, Points of Interest & Landmarks & Monuments & Statues, Europe & Ukraine & Odessa Oblast & Odessa & Things to Do in Odessa, 4.5, 46.488277, 30.72619, 319554351, 20151001, 20150901, 5.0, Александр Ю, https://www.tripadvisor.com/Profile/_G6065OA, 0017e1fad13da2d0a74356d2161a4f76, Excellent : 126 & Very Good : 62 & Average : 31 & Poor : 1 & Terrible : 2, /Attraction_Review-g295368-d5503628-Reviews-Monument_to_Catherine_the_Great_and_Founders_of_Odessa-Odessa_Odessa_Oblast.html
Monument to Catherine the Great and Founders of Odessa, 33, 45, Points of Interest & Landmarks & Monuments & Statues, Europe & Ukraine & Odessa Oblast & Odessa & Things to Do in Odessa, 4.5, 46.488277, 30.72619, 315554393, 20151001, 20150501, 5.0, Marusja Churaj, https://www.tripadvisor.com/Profile/marusjachuraj, f3d7c19dfaaf65842c3d4559414413e4, Excellent : 126 & Very Good : 62 & Average : 31 & Poor : 1 & Terrible : 2, /Attraction_Review-g295368-d5503628-Reviews-Monument_to_Catherine_the_Great_and_Founders_of_Odessa-Odessa_Odessa_Oblast.html
Monument to Catherine the Great and Founders of Odessa, 33, 45, Points of Interest & Landmarks & Monuments & Statues, Europe & Ukraine & Odessa Oblast & Odessa & Things to Do in Odessa, 4.5, 46.488277, 30.72619, 315199742, 20150901, 20150901, 5.0, batmanrr, https://www.tripadvisor.com/Profile/batmanrr, d2e29e8cbd580cc24cd0c43293e8dc02, Excellent : 126 & Very Good : 62 & Average : 31 & Poor : 1 & Terrible : 2, /Attraction_Review-g295368-d5503628-Reviews-Monument_to_Catherine_the_Great_and_Founders_of_Odessa-Odessa_Odessa_Oblast.html
Monument to Catherine the Great and Founders of Odessa, 33, 45, Points of Interest & Landmarks & Monuments & Statues, Europe & Ukraine & Odessa Oblast & Odessa & Things to Do in Odessa, 4.5, 46.488277, 30.72619, 314369585, 20150901, 20150901, 4.0, Grayrider1965, https://www.tripadvisor.com/Profile/Grayrider1965, 1a8e7c3eb032acb107556409245cd456, Excellent : 126 & Very Good : 62 & Average : 31 & Poor : 1 & Terrible : 2, /Attraction_Review-g295368-d5503628-Reviews-Monument_to_Catherine_the_Great_and_Founders_of_Odessa-Odessa_Odessa_Oblast.html
