review_location_name, review_current_page, review_last_page, review_location_type, review_location_breadcrumbs, review_location_rate, location_lat, location_lng, review_id, review_date, review_experience_date, review_rate, user_name, user_link, user_id, extra, parent_url
Armenian Church, None, None, Churches & Cathedrals, Europe & Ukraine & Odessa Oblast & Bilhorod-Dnistrovskyi & Things to Do in Bilhorod-Dnistrovskyi, 3.5, 46.19399, 30.34747, 737586024, 20200101, 20190801, 5.0, Марина Р, https://www.tripadvisor.com/Profile/_M9712OH, 09128b4deb74617defde52fea3402143, Excellent : 1 & Very Good : 2 & Average : 1 & Poor : 1 & Terrible : 0, /Attraction_Review-g1816345-d5772366-Reviews-Armenian_Church-Bilhorod_Dnistrovskyi_Odessa_Oblast.html
Armenian Church, None, None, Churches & Cathedrals, Europe & Ukraine & Odessa Oblast & Bilhorod-Dnistrovskyi & Things to Do in Bilhorod-Dnistrovskyi, 3.5, 46.19399, 30.34747, 427008001, 20161001, 20160701, 2.0, Валерий Н, https://www.tripadvisor.com/Profile/_L1700PM, 4ac4530286ddf0b2bcf62812bb004461, Excellent : 1 & Very Good : 2 & Average : 1 & Poor : 1 & Terrible : 0, /Attraction_Review-g1816345-d5772366-Reviews-Armenian_Church-Bilhorod_Dnistrovskyi_Odessa_Oblast.html
Armenian Church, None, None, Churches & Cathedrals, Europe & Ukraine & Odessa Oblast & Bilhorod-Dnistrovskyi & Things to Do in Bilhorod-Dnistrovskyi, 3.5, 46.19399, 30.34747, 423515663, 20160901, 20160501, 4.0, Aleks_53, https://www.tripadvisor.com/Profile/Aleks_53, 57cd577aad83bf6830b3ced29e36bf55, Excellent : 1 & Very Good : 2 & Average : 1 & Poor : 1 & Terrible : 0, /Attraction_Review-g1816345-d5772366-Reviews-Armenian_Church-Bilhorod_Dnistrovskyi_Odessa_Oblast.html
Armenian Church, None, None, Churches & Cathedrals, Europe & Ukraine & Odessa Oblast & Bilhorod-Dnistrovskyi & Things to Do in Bilhorod-Dnistrovskyi, 3.5, 46.19399, 30.34747, 402921955, 20160801, 20150901, 3.0, Wzor, https://www.tripadvisor.com/Profile/Wzor, 34fb24b6db40298b0bf8b8646384a2f7, Excellent : 1 & Very Good : 2 & Average : 1 & Poor : 1 & Terrible : 0, /Attraction_Review-g1816345-d5772366-Reviews-Armenian_Church-Bilhorod_Dnistrovskyi_Odessa_Oblast.html
Armenian Church, None, None, Churches & Cathedrals, Europe & Ukraine & Odessa Oblast & Bilhorod-Dnistrovskyi & Things to Do in Bilhorod-Dnistrovskyi, 3.5, 46.19399, 30.34747, 190594301, 20140101, 20130601, 4.0, Cora_v, https://www.tripadvisor.com/Profile/Cora_v, 093e549bff905dbf14f45eed051e9e93, Excellent : 1 & Very Good : 2 & Average : 1 & Poor : 1 & Terrible : 0, /Attraction_Review-g1816345-d5772366-Reviews-Armenian_Church-Bilhorod_Dnistrovskyi_Odessa_Oblast.html
