review_location_name, review_current_page, review_last_page, review_location_type, review_location_breadcrumbs, review_location_rate, location_lat, location_lng, review_id, review_date, review_experience_date, review_rate, user_name, user_link, user_id, extra, parent_url
Passage, 40, 93, Points of Interest & Landmarks, Europe & Ukraine & Odessa Oblast & Odessa & Things to Do in Odessa, 4.5, 46.488277, 30.72619, 526897816, 20170901, 20170901, 5.0, bramblesici, https://www.tripadvisor.com/Profile/bramblesici, 5e1bc5969e5de3fa87321d8141bff5f4, Excellent : 253 & Very Good : 129 & Average : 63 & Poor : 14 & Terrible : 4, /Attraction_Review-g295368-d2083546-Reviews-Passage-Odessa_Odessa_Oblast.html
Passage, 40, 93, Points of Interest & Landmarks, Europe & Ukraine & Odessa Oblast & Odessa & Things to Do in Odessa, 4.5, 46.488277, 30.72619, 526351537, 20170901, 20161001, 5.0, BaguM K, https://www.tripadvisor.com/Profile/bagumk, efb495b4ea5ee114a60573c36c006c51, Excellent : 253 & Very Good : 129 & Average : 63 & Poor : 14 & Terrible : 4, /Attraction_Review-g295368-d2083546-Reviews-Passage-Odessa_Odessa_Oblast.html
Passage, 40, 93, Points of Interest & Landmarks, Europe & Ukraine & Odessa Oblast & Odessa & Things to Do in Odessa, 4.5, 46.488277, 30.72619, 526321240, 20170901, 20170801, 2.0, toledolarios, https://www.tripadvisor.com/Profile/toledolarios, db239d1fd78fa16bc28a64f0ab7b3481, Excellent : 253 & Very Good : 129 & Average : 63 & Poor : 14 & Terrible : 4, /Attraction_Review-g295368-d2083546-Reviews-Passage-Odessa_Odessa_Oblast.html
Passage, 40, 93, Points of Interest & Landmarks, Europe & Ukraine & Odessa Oblast & Odessa & Things to Do in Odessa, 4.5, 46.488277, 30.72619, 526290854, 20170901, 20170501, 5.0, Judgerld, https://www.tripadvisor.com/Profile/Judgerld, b8a37e6e943a5dda110ab106f3f72637, Excellent : 253 & Very Good : 129 & Average : 63 & Poor : 14 & Terrible : 4, /Attraction_Review-g295368-d2083546-Reviews-Passage-Odessa_Odessa_Oblast.html
Passage, 40, 93, Points of Interest & Landmarks, Europe & Ukraine & Odessa Oblast & Odessa & Things to Do in Odessa, 4.5, 46.488277, 30.72619, 525503750, 20170901, 20170901, 4.0, N_en_B, https://www.tripadvisor.com/Profile/N_en_B, b0ace97b109c80af429dd7097c9b1be6, Excellent : 253 & Very Good : 129 & Average : 63 & Poor : 14 & Terrible : 4, /Attraction_Review-g295368-d2083546-Reviews-Passage-Odessa_Odessa_Oblast.html
