review_location_name, review_current_page, review_last_page, review_location_type, review_location_breadcrumbs, review_location_rate, location_lat, location_lng, review_id, review_date, review_experience_date, review_rate, user_name, user_link, user_id, extra, parent_url
Passage, 27, 93, Points of Interest & Landmarks, Europe & Ukraine & Odessa Oblast & Odessa & Things to Do in Odessa, 4.5, 46.488277, 30.72619, 596376502, 20180701, 20180601, 5.0, 1reisender, https://www.tripadvisor.com/Profile/x1reisender, 20dfb062bb514b143ac9ec3c4c56380c, Excellent : 253 & Very Good : 129 & Average : 63 & Poor : 14 & Terrible : 4, /Attraction_Review-g295368-d2083546-Reviews-Passage-Odessa_Odessa_Oblast.html
Passage, 27, 93, Points of Interest & Landmarks, Europe & Ukraine & Odessa Oblast & Odessa & Things to Do in Odessa, 4.5, 46.488277, 30.72619, 596094827, 20180701, 20180701, 5.0, Mike S, https://www.tripadvisor.com/Profile/mikesterling, e3fea28859c589b5fd9e80ce9a91c046, Excellent : 253 & Very Good : 129 & Average : 63 & Poor : 14 & Terrible : 4, /Attraction_Review-g295368-d2083546-Reviews-Passage-Odessa_Odessa_Oblast.html
Passage, 27, 93, Points of Interest & Landmarks, Europe & Ukraine & Odessa Oblast & Odessa & Things to Do in Odessa, 4.5, 46.488277, 30.72619, 595321089, 20180701, 20180501, 4.0, CJW913, https://www.tripadvisor.com/Profile/CJW913, 218ce6920180e2c3a394a2bca5d58fd5, Excellent : 253 & Very Good : 129 & Average : 63 & Poor : 14 & Terrible : 4, /Attraction_Review-g295368-d2083546-Reviews-Passage-Odessa_Odessa_Oblast.html
Passage, 27, 93, Points of Interest & Landmarks, Europe & Ukraine & Odessa Oblast & Odessa & Things to Do in Odessa, 4.5, 46.488277, 30.72619, 595052210, 20180701, 20180701, 4.0, Kerryn72, https://www.tripadvisor.com/Profile/Kerryn72, f37d322988c262fbd112b1ce83e8a0e0, Excellent : 253 & Very Good : 129 & Average : 63 & Poor : 14 & Terrible : 4, /Attraction_Review-g295368-d2083546-Reviews-Passage-Odessa_Odessa_Oblast.html
Passage, 27, 93, Points of Interest & Landmarks, Europe & Ukraine & Odessa Oblast & Odessa & Things to Do in Odessa, 4.5, 46.488277, 30.72619, 594961955, 20180701, 20180701, 4.0, Deanne D, https://www.tripadvisor.com/Profile/Weetbix7, 83da861fc56a3572aea99fc54a4abd8f, Excellent : 253 & Very Good : 129 & Average : 63 & Poor : 14 & Terrible : 4, /Attraction_Review-g295368-d2083546-Reviews-Passage-Odessa_Odessa_Oblast.html
