review_location_name, review_current_page, review_last_page, review_location_type, review_location_breadcrumbs, review_location_rate, location_lat, location_lng, review_id, review_date, review_experience_date, review_rate, user_name, user_link, user_id, extra, parent_url
Primorsky Boulevard, 138, 165, Points of Interest & Landmarks, Europe & Ukraine & Odessa Oblast & Odessa & Things to Do in Odessa, 4.5, 46.488277, 30.72619, 274838146, 20150501, 20150501, 4.0, andrewshka1121, https://www.tripadvisor.com/Profile/andrewshka1121, 560b6c7ac44c3228f0de21932e816306, Excellent : 592 & Very Good : 185 & Average : 36 & Poor : 7 & Terrible : 3, /Attraction_Review-g295368-d554887-Reviews-Primorsky_Boulevard-Odessa_Odessa_Oblast.html
Primorsky Boulevard, 138, 165, Points of Interest & Landmarks, Europe & Ukraine & Odessa Oblast & Odessa & Things to Do in Odessa, 4.5, 46.488277, 30.72619, 273833025, 20150501, 20150501, 5.0, N5422HXdavidt, https://www.tripadvisor.com/Profile/N5422HXdavidt, fd1fa43b33eef1b42fdb62f7a4ccd012, Excellent : 592 & Very Good : 185 & Average : 36 & Poor : 7 & Terrible : 3, /Attraction_Review-g295368-d554887-Reviews-Primorsky_Boulevard-Odessa_Odessa_Oblast.html
Primorsky Boulevard, 138, 165, Points of Interest & Landmarks, Europe & Ukraine & Odessa Oblast & Odessa & Things to Do in Odessa, 4.5, 46.488277, 30.72619, 273781274, 20150501, 20150501, 5.0, NataliParkhom, https://www.tripadvisor.com/Profile/NataliParkhom, 4f6fdf6dd2f8a8d14b0f86b1b6183a6e, Excellent : 592 & Very Good : 185 & Average : 36 & Poor : 7 & Terrible : 3, /Attraction_Review-g295368-d554887-Reviews-Primorsky_Boulevard-Odessa_Odessa_Oblast.html
Primorsky Boulevard, 138, 165, Points of Interest & Landmarks, Europe & Ukraine & Odessa Oblast & Odessa & Things to Do in Odessa, 4.5, 46.488277, 30.72619, 272550055, 20150501, 20150501, 4.0, Biggles147, https://www.tripadvisor.com/Profile/Biggles147, 2f5eac47f9f8af747cb6aa69e3b087bf, Excellent : 592 & Very Good : 185 & Average : 36 & Poor : 7 & Terrible : 3, /Attraction_Review-g295368-d554887-Reviews-Primorsky_Boulevard-Odessa_Odessa_Oblast.html
Primorsky Boulevard, 138, 165, Points of Interest & Landmarks, Europe & Ukraine & Odessa Oblast & Odessa & Things to Do in Odessa, 4.5, 46.488277, 30.72619, 272327587, 20150501, 20150501, 5.0, Chris W, https://www.tripadvisor.com/Profile/K95OOchrisw, c6e7c72cafbf6990eb94d6982dfd3348, Excellent : 592 & Very Good : 185 & Average : 36 & Poor : 7 & Terrible : 3, /Attraction_Review-g295368-d554887-Reviews-Primorsky_Boulevard-Odessa_Odessa_Oblast.html
