review_location_name, review_current_page, review_last_page, review_location_type, review_location_breadcrumbs, review_location_rate, location_lat, location_lng, review_id, review_date, review_experience_date, review_rate, user_name, user_link, user_id, extra, parent_url
Zatoka Aquapark, 5, 6, Water Parks, Europe & Ukraine & Odessa Oblast & Zatoka & Things to Do in Zatoka, 3.5, 46.06525, 30.45456, 604320939, 20180801, 20180801, 1.0, Oleksandr K, https://www.tripadvisor.com/Profile/B3784AIalexanderk, 31747d148ef13b0d0da3220fe12bddfe, Excellent : 11 & Very Good : 4 & Average : 6 & Poor : 2 & Terrible : 5, /Attraction_Review-g1816346-d13582178-Reviews-Zatoka_Aquapark-Zatoka_Odessa_Oblast.html
Zatoka Aquapark, 5, 6, Water Parks, Europe & Ukraine & Odessa Oblast & Zatoka & Things to Do in Zatoka, 3.5, 46.06525, 30.45456, 597626621, 20180701, 20180701, 4.0, Виталий С, https://www.tripadvisor.com/Profile/W1327ND_, cbfe886df557c4bdd1b542cc1cc5a5da, Excellent : 11 & Very Good : 4 & Average : 6 & Poor : 2 & Terrible : 5, /Attraction_Review-g1816346-d13582178-Reviews-Zatoka_Aquapark-Zatoka_Odessa_Oblast.html
Zatoka Aquapark, 5, 6, Water Parks, Europe & Ukraine & Odessa Oblast & Zatoka & Things to Do in Zatoka, 3.5, 46.06525, 30.45456, 596793224, 20180701, 20180701, 5.0, Nataliia S, https://www.tripadvisor.com/Profile/289nataliias, 8eafc951dc2b36eb2fb26abfa3fb39aa, Excellent : 11 & Very Good : 4 & Average : 6 & Poor : 2 & Terrible : 5, /Attraction_Review-g1816346-d13582178-Reviews-Zatoka_Aquapark-Zatoka_Odessa_Oblast.html
Zatoka Aquapark, 5, 6, Water Parks, Europe & Ukraine & Odessa Oblast & Zatoka & Things to Do in Zatoka, 3.5, 46.06525, 30.45456, 595644522, 20180701, 20180701, 3.0, Rasmus S, https://www.tripadvisor.com/Profile/383rasmuss, 7425ae32c483e41c05d368ee33621a22, Excellent : 11 & Very Good : 4 & Average : 6 & Poor : 2 & Terrible : 5, /Attraction_Review-g1816346-d13582178-Reviews-Zatoka_Aquapark-Zatoka_Odessa_Oblast.html
Zatoka Aquapark, 5, 6, Water Parks, Europe & Ukraine & Odessa Oblast & Zatoka & Things to Do in Zatoka, 3.5, 46.06525, 30.45456, 592912141, 20180701, 20180601, 3.0, nikanaum, https://www.tripadvisor.com/Profile/nikanaum, f6fc8371fed999022076d67a354f6f00, Excellent : 11 & Very Good : 4 & Average : 6 & Poor : 2 & Terrible : 5, /Attraction_Review-g1816346-d13582178-Reviews-Zatoka_Aquapark-Zatoka_Odessa_Oblast.html
