review_location_name, review_current_page, review_last_page, review_location_type, review_location_breadcrumbs, review_location_rate, location_lat, location_lng, review_id, review_date, review_experience_date, review_rate, user_name, user_link, user_id, extra, parent_url
Bio Park, 1, 7, Zoos, Europe & Ukraine & Odessa Oblast & Odessa & Things to Do in Odessa, 3.0, 46.488277, 30.72619, 759124862, 20200701, 20200701, 1.0, Qwer P, https://www.tripadvisor.com/Profile/qwerp, 4b80e9be0afd620b2d4f4bffab9e56aa, Excellent : 3 & Very Good : 14 & Average : 6 & Poor : 4 & Terrible : 8, /Attraction_Review-g295368-d10491840-Reviews-Bio_Park-Odessa_Odessa_Oblast.html
Bio Park, 1, 7, Zoos, Europe & Ukraine & Odessa Oblast & Odessa & Things to Do in Odessa, 3.0, 46.488277, 30.72619, 755518004, 20200501, 20200501, 1.0, Нина, https://www.tripadvisor.com/Profile/_F6442IZ, e3e46cdaa92fe83dbd80914a29237583, Excellent : 3 & Very Good : 14 & Average : 6 & Poor : 4 & Terrible : 8, /Attraction_Review-g295368-d10491840-Reviews-Bio_Park-Odessa_Odessa_Oblast.html
Bio Park, 1, 7, Zoos, Europe & Ukraine & Odessa Oblast & Odessa & Things to Do in Odessa, 3.0, 46.488277, 30.72619, 721798628, 20191001, 20191001, 4.0, Cobie B, https://www.tripadvisor.com/Profile/cobieb, 470cf082a6e2b49bdc8318371d735fb5, Excellent : 3 & Very Good : 14 & Average : 6 & Poor : 4 & Terrible : 8, /Attraction_Review-g295368-d10491840-Reviews-Bio_Park-Odessa_Odessa_Oblast.html
Bio Park, 1, 7, Zoos, Europe & Ukraine & Odessa Oblast & Odessa & Things to Do in Odessa, 3.0, 46.488277, 30.72619, 699456595, 20190801, 20190801, 3.0, Руслан, https://www.tripadvisor.com/Profile/rusyamolod, 0ca1185dc451fddadd8a7cf31b3971ef, Excellent : 3 & Very Good : 14 & Average : 6 & Poor : 4 & Terrible : 8, /Attraction_Review-g295368-d10491840-Reviews-Bio_Park-Odessa_Odessa_Oblast.html
Bio Park, 1, 7, Zoos, Europe & Ukraine & Odessa Oblast & Odessa & Things to Do in Odessa, 3.0, 46.488277, 30.72619, 692856689, 20190701, 20190701, 2.0, Canis_Majoris_PR, https://www.tripadvisor.com/Profile/Canis_Majoris_PR, ecf1c52fa48fb35ac5c3b838c33ccc10, Excellent : 3 & Very Good : 14 & Average : 6 & Poor : 4 & Terrible : 8, /Attraction_Review-g295368-d10491840-Reviews-Bio_Park-Odessa_Odessa_Oblast.html
