review_location_name, review_current_page, review_last_page, review_location_type, review_location_breadcrumbs, review_location_rate, location_lat, location_lng, review_id, review_date, review_experience_date, review_rate, user_name, user_link, user_id, extra, parent_url
City Garden, 40, 104, Parks, Europe & Ukraine & Odessa Oblast & Odessa & Things to Do in Odessa, 4.5, 46.488277, 30.72619, 471410320, 20170301, 20160401, 5.0, Yakut E, https://www.tripadvisor.com/Profile/yakute, 567225162484088a0e6676b7db0a3382, Excellent : 336 & Very Good : 137 & Average : 38 & Poor : 5 & Terrible : 2, /Attraction_Review-g295368-d554490-Reviews-City_Garden-Odessa_Odessa_Oblast.html
City Garden, 40, 104, Parks, Europe & Ukraine & Odessa Oblast & Odessa & Things to Do in Odessa, 4.5, 46.488277, 30.72619, 469591663, 20170301, 20170301, 4.0, Causticgirl, https://www.tripadvisor.com/Profile/Causticgirl, 73cd223123ea71ccdbfc5ada98190e9f, Excellent : 336 & Very Good : 137 & Average : 38 & Poor : 5 & Terrible : 2, /Attraction_Review-g295368-d554490-Reviews-City_Garden-Odessa_Odessa_Oblast.html
City Garden, 40, 104, Parks, Europe & Ukraine & Odessa Oblast & Odessa & Things to Do in Odessa, 4.5, 46.488277, 30.72619, 466203861, 20170301, 20170301, 5.0, prefectus, https://www.tripadvisor.com/Profile/prefectus, 90ca970b00d45bce9ce615434b531e3a, Excellent : 336 & Very Good : 137 & Average : 38 & Poor : 5 & Terrible : 2, /Attraction_Review-g295368-d554490-Reviews-City_Garden-Odessa_Odessa_Oblast.html
City Garden, 40, 104, Parks, Europe & Ukraine & Odessa Oblast & Odessa & Things to Do in Odessa, 4.5, 46.488277, 30.72619, 465089585, 20170301, 20170201, 5.0, AndreyRumyantsev, https://www.tripadvisor.com/Profile/AndreyRumyantsev, c0eb6e46322c194561505bc74ac7783e, Excellent : 336 & Very Good : 137 & Average : 38 & Poor : 5 & Terrible : 2, /Attraction_Review-g295368-d554490-Reviews-City_Garden-Odessa_Odessa_Oblast.html
City Garden, 40, 104, Parks, Europe & Ukraine & Odessa Oblast & Odessa & Things to Do in Odessa, 4.5, 46.488277, 30.72619, 463129226, 20170201, 20170201, 5.0, Наталья Михайло... М, https://www.tripadvisor.com/Profile/_K5763HF, d60d4df0814d9bd6135d3e39a1e3725a, Excellent : 336 & Very Good : 137 & Average : 38 & Poor : 5 & Terrible : 2, /Attraction_Review-g295368-d554490-Reviews-City_Garden-Odessa_Odessa_Oblast.html
