review_location_name, review_current_page, review_last_page, review_location_type, review_location_breadcrumbs, review_location_rate, location_lat, location_lng, review_id, review_date, review_experience_date, review_rate, user_name, user_link, user_id, extra, parent_url
Aquapark Odessa, 5, 17, Water Parks, Europe & Ukraine & Odessa Oblast & Odessa & Things to Do in Odessa, 3.0, 46.488277, 30.72619, 696208159, 20190801, 20190601, 3.0, Леся Л, https://www.tripadvisor.com/Profile/Z8810TD_, 242837c93139afabffaed930feb96e62, Excellent : 24 & Very Good : 8 & Average : 18 & Poor : 15 & Terrible : 19, /Attraction_Review-g295368-d6983647-Reviews-Aquapark_Odessa-Odessa_Odessa_Oblast.html
Aquapark Odessa, 5, 17, Water Parks, Europe & Ukraine & Odessa Oblast & Odessa & Things to Do in Odessa, 3.0, 46.488277, 30.72619, 694781639, 20190801, 20190701, 1.0, Beatris A, https://www.tripadvisor.com/Profile/vamb39, e109b6640576da51ba353a19689dc560, Excellent : 24 & Very Good : 8 & Average : 18 & Poor : 15 & Terrible : 19, /Attraction_Review-g295368-d6983647-Reviews-Aquapark_Odessa-Odessa_Odessa_Oblast.html
Aquapark Odessa, 5, 17, Water Parks, Europe & Ukraine & Odessa Oblast & Odessa & Things to Do in Odessa, 3.0, 46.488277, 30.72619, 694679009, 20190801, 20190701, 1.0, NalivkaValeri, https://www.tripadvisor.com/Profile/NalivkaValeri, 5d7b2094b857d11c56264024c2826c2c, Excellent : 24 & Very Good : 8 & Average : 18 & Poor : 15 & Terrible : 19, /Attraction_Review-g295368-d6983647-Reviews-Aquapark_Odessa-Odessa_Odessa_Oblast.html
Aquapark Odessa, 5, 17, Water Parks, Europe & Ukraine & Odessa Oblast & Odessa & Things to Do in Odessa, 3.0, 46.488277, 30.72619, 693849514, 20190701, 20190701, 1.0, Наталия Д, https://www.tripadvisor.com/Profile/_C2933TI, 9f6e85186b538903c469dbc28119fa7b, Excellent : 24 & Very Good : 8 & Average : 18 & Poor : 15 & Terrible : 19, /Attraction_Review-g295368-d6983647-Reviews-Aquapark_Odessa-Odessa_Odessa_Oblast.html
Aquapark Odessa, 5, 17, Water Parks, Europe & Ukraine & Odessa Oblast & Odessa & Things to Do in Odessa, 3.0, 46.488277, 30.72619, 692901471, 20190701, 20190701, 3.0, Виктория Пинчук, https://www.tripadvisor.com/Profile/Victoria_Pin17, 78e18a291e7dab05f69a6a5b56f20132, Excellent : 24 & Very Good : 8 & Average : 18 & Poor : 15 & Terrible : 19, /Attraction_Review-g295368-d6983647-Reviews-Aquapark_Odessa-Odessa_Odessa_Oblast.html
