review_location_name, review_current_page, review_last_page, review_location_type, review_location_breadcrumbs, review_location_rate, location_lat, location_lng, review_id, review_date, review_experience_date, review_rate, user_name, user_link, user_id, extra, parent_url
Secrets of Underground Odessa Museum, 6, 72, Specialty Museums, Europe & Ukraine & Odessa Oblast & Odessa & Things to Do in Odessa, 5.0, 46.488277, 30.72619, 731575286, 20191201, 20191201, 5.0, Grzegorz U, https://www.tripadvisor.com/Profile/GrriSza, 6472c54db0c4d336b419e0a4ecfd1570, Excellent : 321 & Very Good : 26 & Average : 6 & Poor : 2 & Terrible : 3, /Attraction_Review-g295368-d6784590-Reviews-Secrets_of_Underground_Odessa_Museum-Odessa_Odessa_Oblast.html
Secrets of Underground Odessa Museum, 6, 72, Specialty Museums, Europe & Ukraine & Odessa Oblast & Odessa & Things to Do in Odessa, 5.0, 46.488277, 30.72619, 726211975, 20191101, 20190801, 5.0, Regina C, https://www.tripadvisor.com/Profile/reginac455, aaaf2f17b65af590812df1264957d5a7, Excellent : 321 & Very Good : 26 & Average : 6 & Poor : 2 & Terrible : 3, /Attraction_Review-g295368-d6784590-Reviews-Secrets_of_Underground_Odessa_Museum-Odessa_Odessa_Oblast.html
Secrets of Underground Odessa Museum, 6, 72, Specialty Museums, Europe & Ukraine & Odessa Oblast & Odessa & Things to Do in Odessa, 5.0, 46.488277, 30.72619, 722080055, 20191001, 20191001, 5.0, Georgian F, https://www.tripadvisor.com/Profile/georgianf539, 7b361492a15dbfc01106e49c47e23512, Excellent : 321 & Very Good : 26 & Average : 6 & Poor : 2 & Terrible : 3, /Attraction_Review-g295368-d6784590-Reviews-Secrets_of_Underground_Odessa_Museum-Odessa_Odessa_Oblast.html
Secrets of Underground Odessa Museum, 6, 72, Specialty Museums, Europe & Ukraine & Odessa Oblast & Odessa & Things to Do in Odessa, 5.0, 46.488277, 30.72619, 720761289, 20191001, 20191001, 3.0, Дмитрий В, https://www.tripadvisor.com/Profile/vinogradovdima, 1e8d6f1e72ee99ce3ae68d53568f7315, Excellent : 321 & Very Good : 26 & Average : 6 & Poor : 2 & Terrible : 3, /Attraction_Review-g295368-d6784590-Reviews-Secrets_of_Underground_Odessa_Museum-Odessa_Odessa_Oblast.html
Secrets of Underground Odessa Museum, 6, 72, Specialty Museums, Europe & Ukraine & Odessa Oblast & Odessa & Things to Do in Odessa, 5.0, 46.488277, 30.72619, 718036485, 20191001, 20191001, 4.0, stachlm, https://www.tripadvisor.com/Profile/stachlm, 0152e3199e9c982ba91a46dcaa46b19b, Excellent : 321 & Very Good : 26 & Average : 6 & Poor : 2 & Terrible : 3, /Attraction_Review-g295368-d6784590-Reviews-Secrets_of_Underground_Odessa_Museum-Odessa_Odessa_Oblast.html
