review_location_name, review_current_page, review_last_page, review_location_type, review_location_breadcrumbs, review_location_rate, location_lat, location_lng, review_id, review_date, review_experience_date, review_rate, user_name, user_link, user_id, extra, parent_url
Insomnia- The Haunted House, 19, 50, Specialty Museums, Europe & Ukraine & Odessa Oblast & Odessa & Things to Do in Odessa, 4.5, 46.488277, 30.72619, 603911323, 20180801, 20180401, 1.0, Helena W, https://www.tripadvisor.com/Profile/12helenaw, 2022717464cb3b84b211a1733c2d363d, Excellent : 204 & Very Good : 29 & Average : 6 & Poor : 3 & Terrible : 5, /Attraction_Review-g295368-d12952995-Reviews-Insomnia_The_Haunted_House-Odessa_Odessa_Oblast.html
Insomnia- The Haunted House, 19, 50, Specialty Museums, Europe & Ukraine & Odessa Oblast & Odessa & Things to Do in Odessa, 4.5, 46.488277, 30.72619, 600869048, 20180701, 20180701, 2.0, luckyazazel, https://www.tripadvisor.com/Profile/luckyazazel, bf525418d91c540ecf75afbce51912e8, Excellent : 204 & Very Good : 29 & Average : 6 & Poor : 3 & Terrible : 5, /Attraction_Review-g295368-d12952995-Reviews-Insomnia_The_Haunted_House-Odessa_Odessa_Oblast.html
Insomnia- The Haunted House, 19, 50, Specialty Museums, Europe & Ukraine & Odessa Oblast & Odessa & Things to Do in Odessa, 4.5, 46.488277, 30.72619, 599918467, 20180701, 20180701, 4.0, carolineyousef, https://www.tripadvisor.com/Profile/carolineyousef, 887d95a531abf60bd393d007384f5f95, Excellent : 204 & Very Good : 29 & Average : 6 & Poor : 3 & Terrible : 5, /Attraction_Review-g295368-d12952995-Reviews-Insomnia_The_Haunted_House-Odessa_Odessa_Oblast.html
Insomnia- The Haunted House, 19, 50, Specialty Museums, Europe & Ukraine & Odessa Oblast & Odessa & Things to Do in Odessa, 4.5, 46.488277, 30.72619, 599898961, 20180701, 20180701, 4.0, Malin L, https://www.tripadvisor.com/Profile/413malinl, 2758b62be82027c7a92a23157c4e8ae0, Excellent : 204 & Very Good : 29 & Average : 6 & Poor : 3 & Terrible : 5, /Attraction_Review-g295368-d12952995-Reviews-Insomnia_The_Haunted_House-Odessa_Odessa_Oblast.html
Insomnia- The Haunted House, 19, 50, Specialty Museums, Europe & Ukraine & Odessa Oblast & Odessa & Things to Do in Odessa, 4.5, 46.488277, 30.72619, 599460316, 20180701, 20180701, 4.0, polishukdenis, https://www.tripadvisor.com/Profile/polishukdenis, 590d35b4cb5451a916fe640f54b6aab1, Excellent : 204 & Very Good : 29 & Average : 6 & Poor : 3 & Terrible : 5, /Attraction_Review-g295368-d12952995-Reviews-Insomnia_The_Haunted_House-Odessa_Odessa_Oblast.html
