review_location_name, review_current_page, review_last_page, review_location_type, review_location_breadcrumbs, review_location_rate, location_lat, location_lng, review_id, review_date, review_experience_date, review_rate, user_name, user_link, user_id, extra, parent_url
Teatralnaya Square, 59, 66, Points of Interest & Landmarks, Europe & Ukraine & Odessa Oblast & Odessa & Things to Do in Odessa, 4.5, 46.488277, 30.72619, 308867328, 20150901, 20150901, 4.0, captain1964, https://www.tripadvisor.com/Profile/captain1964, 52a135aad451622964f621126db26fbd, Excellent : 240 & Very Good : 72 & Average : 14 & Poor : 1 & Terrible : 0, /Attraction_Review-g295368-d4766591-Reviews-Teatralnaya_Square-Odessa_Odessa_Oblast.html
Teatralnaya Square, 59, 66, Points of Interest & Landmarks, Europe & Ukraine & Odessa Oblast & Odessa & Things to Do in Odessa, 4.5, 46.488277, 30.72619, 308864904, 20150901, 20150901, 5.0, SigitaVilnius, https://www.tripadvisor.com/Profile/SigitaVilnius, ee5002ba99c1daa68b51e0c44eb2c397, Excellent : 240 & Very Good : 72 & Average : 14 & Poor : 1 & Terrible : 0, /Attraction_Review-g295368-d4766591-Reviews-Teatralnaya_Square-Odessa_Odessa_Oblast.html
Teatralnaya Square, 59, 66, Points of Interest & Landmarks, Europe & Ukraine & Odessa Oblast & Odessa & Things to Do in Odessa, 4.5, 46.488277, 30.72619, 307073194, 20150901, 20150801, 5.0, Алла Б, https://www.tripadvisor.com/Profile/_G5659VY, b169c7d792ee5237d0d63b8174a78ed1, Excellent : 240 & Very Good : 72 & Average : 14 & Poor : 1 & Terrible : 0, /Attraction_Review-g295368-d4766591-Reviews-Teatralnaya_Square-Odessa_Odessa_Oblast.html
Teatralnaya Square, 59, 66, Points of Interest & Landmarks, Europe & Ukraine & Odessa Oblast & Odessa & Things to Do in Odessa, 4.5, 46.488277, 30.72619, 301055818, 20150801, 20150801, 4.0, Freedomstartheone, https://www.tripadvisor.com/Profile/Freedomstartheone, 5ac09ad694e44527fc297530923c7abb, Excellent : 240 & Very Good : 72 & Average : 14 & Poor : 1 & Terrible : 0, /Attraction_Review-g295368-d4766591-Reviews-Teatralnaya_Square-Odessa_Odessa_Oblast.html
Teatralnaya Square, 59, 66, Points of Interest & Landmarks, Europe & Ukraine & Odessa Oblast & Odessa & Things to Do in Odessa, 4.5, 46.488277, 30.72619, 299277228, 20150801, 20150801, 5.0, Kostyantyn V, https://www.tripadvisor.com/Profile/kostyantynv263, 3735899af82463c3691bdd857e7cf9ef, Excellent : 240 & Very Good : 72 & Average : 14 & Poor : 1 & Terrible : 0, /Attraction_Review-g295368-d4766591-Reviews-Teatralnaya_Square-Odessa_Odessa_Oblast.html
