review_location_name, review_current_page, review_last_page, review_location_type, review_location_breadcrumbs, review_location_rate, location_lat, location_lng, review_id, review_date, review_experience_date, review_rate, user_name, user_link, user_id, extra, parent_url
Flat House House-Wall or Witch House, 3, 12, Architectural Buildings, Europe & Ukraine & Odessa Oblast & Odessa & Things to Do in Odessa, 4.0, 46.488277, 30.72619, 669321100, 20190401, 20190401, 4.0, Amir237, https://www.tripadvisor.com/Profile/Amir237, defe10060f145a568db29d5335284cfe, Excellent : 19 & Very Good : 24 & Average : 13 & Poor : 1 & Terrible : 3, /Attraction_Review-g295368-d8263826-Reviews-Flat_House_House_Wall_or_Witch_House-Odessa_Odessa_Oblast.html
Flat House House-Wall or Witch House, 3, 12, Architectural Buildings, Europe & Ukraine & Odessa Oblast & Odessa & Things to Do in Odessa, 4.0, 46.488277, 30.72619, 649958401, 20190201, 20180301, 4.0, Екатерина, https://www.tripadvisor.com/Profile/koroleva777, f87e768be9125d6dcd4f8e82e241bcb9, Excellent : 19 & Very Good : 24 & Average : 13 & Poor : 1 & Terrible : 3, /Attraction_Review-g295368-d8263826-Reviews-Flat_House_House_Wall_or_Witch_House-Odessa_Odessa_Oblast.html
Flat House House-Wall or Witch House, 3, 12, Architectural Buildings, Europe & Ukraine & Odessa Oblast & Odessa & Things to Do in Odessa, 4.0, 46.488277, 30.72619, 637867827, 20181201, 20181001, 3.0, JoJo, https://www.tripadvisor.com/Profile/sillychitterchatter, 9728ddf0da64df6b85682f6abd7aaa61, Excellent : 19 & Very Good : 24 & Average : 13 & Poor : 1 & Terrible : 3, /Attraction_Review-g295368-d8263826-Reviews-Flat_House_House_Wall_or_Witch_House-Odessa_Odessa_Oblast.html
Flat House House-Wall or Witch House, 3, 12, Architectural Buildings, Europe & Ukraine & Odessa Oblast & Odessa & Things to Do in Odessa, 4.0, 46.488277, 30.72619, 629573471, 20181001, 20181001, 4.0, Haim S, https://www.tripadvisor.com/Profile/Hsegal, f539864d19b7178708ac0cefbe4e5f09, Excellent : 19 & Very Good : 24 & Average : 13 & Poor : 1 & Terrible : 3, /Attraction_Review-g295368-d8263826-Reviews-Flat_House_House_Wall_or_Witch_House-Odessa_Odessa_Oblast.html
Flat House House-Wall or Witch House, 3, 12, Architectural Buildings, Europe & Ukraine & Odessa Oblast & Odessa & Things to Do in Odessa, 4.0, 46.488277, 30.72619, 627780295, 20181001, 20181001, 3.0, Ike W, https://www.tripadvisor.com/Profile/IkeW_12, f6341759cbbb34071a8d8a49bbf6f68e, Excellent : 19 & Very Good : 24 & Average : 13 & Poor : 1 & Terrible : 3, /Attraction_Review-g295368-d8263826-Reviews-Flat_House_House_Wall_or_Witch_House-Odessa_Odessa_Oblast.html
