review_location_name, review_current_page, review_last_page, review_location_type, review_location_breadcrumbs, review_location_rate, location_lat, location_lng, review_id, review_date, review_experience_date, review_rate, user_name, user_link, user_id, extra, parent_url
Monument to L. Utesov, 28, 37, Points of Interest & Landmarks & Monuments & Statues, Europe & Ukraine & Odessa Oblast & Odessa & Things to Do in Odessa, 4.5, 46.488277, 30.72619, 311912415, 20150901, 20141001, 5.0, Lev247, https://www.tripadvisor.com/Profile/Lev247, 1d160aa24644d610b4a396409c145c0e, Excellent : 114 & Very Good : 45 & Average : 21 & Poor : 1 & Terrible : 1, /Attraction_Review-g295368-d5259021-Reviews-Monument_to_L_Utesov-Odessa_Odessa_Oblast.html
Monument to L. Utesov, 28, 37, Points of Interest & Landmarks & Monuments & Statues, Europe & Ukraine & Odessa Oblast & Odessa & Things to Do in Odessa, 4.5, 46.488277, 30.72619, 310150435, 20150901, 20150701, 5.0, AndersUA, https://www.tripadvisor.com/Profile/AndersUA, 7baa9dd5798cd999baa389fd438b816b, Excellent : 114 & Very Good : 45 & Average : 21 & Poor : 1 & Terrible : 1, /Attraction_Review-g295368-d5259021-Reviews-Monument_to_L_Utesov-Odessa_Odessa_Oblast.html
Monument to L. Utesov, 28, 37, Points of Interest & Landmarks & Monuments & Statues, Europe & Ukraine & Odessa Oblast & Odessa & Things to Do in Odessa, 4.5, 46.488277, 30.72619, 309327307, 20150901, 20150801, 5.0, Daria L, https://www.tripadvisor.com/Profile/516darial, 8c4af386b3f2a4217b4e0900e88404cb, Excellent : 114 & Very Good : 45 & Average : 21 & Poor : 1 & Terrible : 1, /Attraction_Review-g295368-d5259021-Reviews-Monument_to_L_Utesov-Odessa_Odessa_Oblast.html
Monument to L. Utesov, 28, 37, Points of Interest & Landmarks & Monuments & Statues, Europe & Ukraine & Odessa Oblast & Odessa & Things to Do in Odessa, 4.5, 46.488277, 30.72619, 307210300, 20150901, 20150801, 5.0, Алла Б, https://www.tripadvisor.com/Profile/_G5659VY, b169c7d792ee5237d0d63b8174a78ed1, Excellent : 114 & Very Good : 45 & Average : 21 & Poor : 1 & Terrible : 1, /Attraction_Review-g295368-d5259021-Reviews-Monument_to_L_Utesov-Odessa_Odessa_Oblast.html
Monument to L. Utesov, 28, 37, Points of Interest & Landmarks & Monuments & Statues, Europe & Ukraine & Odessa Oblast & Odessa & Things to Do in Odessa, 4.5, 46.488277, 30.72619, 306435287, 20150901, 20150701, 5.0, platypustheking, https://www.tripadvisor.com/Profile/platypustheking, f0208776ae29816e5ff14da598b2d2c6, Excellent : 114 & Very Good : 45 & Average : 21 & Poor : 1 & Terrible : 1, /Attraction_Review-g295368-d5259021-Reviews-Monument_to_L_Utesov-Odessa_Odessa_Oblast.html
