review_location_name, review_current_page, review_last_page, review_location_type, review_location_breadcrumbs, review_location_rate, location_lat, location_lng, review_id, review_date, review_experience_date, review_rate, user_name, user_link, user_id, extra, parent_url
Museum of Smuggling, 15, 23, Specialty Museums, Europe & Ukraine & Odessa Oblast & Odessa & Things to Do in Odessa, 4.0, 46.488277, 30.72619, 374188327, 20160501, 20160101, 5.0, Andrey B, https://www.tripadvisor.com/Profile/347andreyb, c40628fcd836d1d23ecb52c1ac5442a4, Excellent : 56 & Very Good : 26 & Average : 13 & Poor : 6 & Terrible : 10, /Attraction_Review-g295368-d4999893-Reviews-Museum_of_Smuggling-Odessa_Odessa_Oblast.html
Museum of Smuggling, 15, 23, Specialty Museums, Europe & Ukraine & Odessa Oblast & Odessa & Things to Do in Odessa, 4.0, 46.488277, 30.72619, 371112928, 20160501, 20160501, 5.0, Alexander M, https://www.tripadvisor.com/Profile/alexandermH1478KC, 8570323eb79d742ad4ae6f3361585158, Excellent : 56 & Very Good : 26 & Average : 13 & Poor : 6 & Terrible : 10, /Attraction_Review-g295368-d4999893-Reviews-Museum_of_Smuggling-Odessa_Odessa_Oblast.html
Museum of Smuggling, 15, 23, Specialty Museums, Europe & Ukraine & Odessa Oblast & Odessa & Things to Do in Odessa, 4.0, 46.488277, 30.72619, 365022396, 20160401, 20160401, 3.0, Papudrakus, https://www.tripadvisor.com/Profile/Papudrakus, 05a499658ad23c61e9beb14b71216830, Excellent : 56 & Very Good : 26 & Average : 13 & Poor : 6 & Terrible : 10, /Attraction_Review-g295368-d4999893-Reviews-Museum_of_Smuggling-Odessa_Odessa_Oblast.html
Museum of Smuggling, 15, 23, Specialty Museums, Europe & Ukraine & Odessa Oblast & Odessa & Things to Do in Odessa, 4.0, 46.488277, 30.72619, 364939150, 20160401, 20160401, 1.0, realpozner, https://www.tripadvisor.com/Profile/realpozner, be9ab0464deb28ee9811f63611fbde23, Excellent : 56 & Very Good : 26 & Average : 13 & Poor : 6 & Terrible : 10, /Attraction_Review-g295368-d4999893-Reviews-Museum_of_Smuggling-Odessa_Odessa_Oblast.html
Museum of Smuggling, 15, 23, Specialty Museums, Europe & Ukraine & Odessa Oblast & Odessa & Things to Do in Odessa, 4.0, 46.488277, 30.72619, 350903629, 20160201, 20160201, 5.0, Taty57888, https://www.tripadvisor.com/Profile/Taty57888, 3b1d0e9c1e5e1240f357df97544576e5, Excellent : 56 & Very Good : 26 & Average : 13 & Poor : 6 & Terrible : 10, /Attraction_Review-g295368-d4999893-Reviews-Museum_of_Smuggling-Odessa_Odessa_Oblast.html
