review_location_name, review_current_page, review_last_page, review_location_type, review_location_breadcrumbs, review_location_rate, location_lat, location_lng, review_id, review_date, review_experience_date, review_rate, user_name, user_link, user_id, extra, parent_url
Deribasovskaya Street, 53, 292, Points of Interest & Landmarks, Europe & Ukraine & Odessa Oblast & Odessa & Things to Do in Odessa, 4.5, 46.488277, 30.72619, 614682116, 20180901, 20180801, 5.0, Oana87M, https://www.tripadvisor.com/Profile/Oana87M, 8095e8284692b24b78a810702d227d74, Excellent : 968 & Very Good : 336 & Average : 123 & Poor : 21 & Terrible : 10, /Attraction_Review-g295368-d554486-Reviews-Deribasovskaya_Street-Odessa_Odessa_Oblast.html
Deribasovskaya Street, 53, 292, Points of Interest & Landmarks, Europe & Ukraine & Odessa Oblast & Odessa & Things to Do in Odessa, 4.5, 46.488277, 30.72619, 614419011, 20180901, 20180901, 5.0, Allan C, https://www.tripadvisor.com/Profile/810allanc, 1111a1ec44291252f9b06b1490c6c9ba, Excellent : 968 & Very Good : 336 & Average : 123 & Poor : 21 & Terrible : 10, /Attraction_Review-g295368-d554486-Reviews-Deribasovskaya_Street-Odessa_Odessa_Oblast.html
Deribasovskaya Street, 53, 292, Points of Interest & Landmarks, Europe & Ukraine & Odessa Oblast & Odessa & Things to Do in Odessa, 4.5, 46.488277, 30.72619, 614295244, 20180901, 20180801, 4.0, Bhuvanesh P, https://www.tripadvisor.com/Profile/245bhuvaneshp, 84b6bf3394680843662d0c10f8b4d28a, Excellent : 968 & Very Good : 336 & Average : 123 & Poor : 21 & Terrible : 10, /Attraction_Review-g295368-d554486-Reviews-Deribasovskaya_Street-Odessa_Odessa_Oblast.html
Deribasovskaya Street, 53, 292, Points of Interest & Landmarks, Europe & Ukraine & Odessa Oblast & Odessa & Things to Do in Odessa, 4.5, 46.488277, 30.72619, 613984275, 20180901, 20180901, 3.0, Герберт, https://www.tripadvisor.com/Profile/alcobloger, 387d96983997784e5599fc0fd0ea52e6, Excellent : 968 & Very Good : 336 & Average : 123 & Poor : 21 & Terrible : 10, /Attraction_Review-g295368-d554486-Reviews-Deribasovskaya_Street-Odessa_Odessa_Oblast.html
Deribasovskaya Street, 53, 292, Points of Interest & Landmarks, Europe & Ukraine & Odessa Oblast & Odessa & Things to Do in Odessa, 4.5, 46.488277, 30.72619, 613972124, 20180901, 20180801, 3.0, gltknezgi, https://www.tripadvisor.com/Profile/gltknezgi, eb51d54a1803b7ff858dbe195c2f3f7b, Excellent : 968 & Very Good : 336 & Average : 123 & Poor : 21 & Terrible : 10, /Attraction_Review-g295368-d554486-Reviews-Deribasovskaya_Street-Odessa_Odessa_Oblast.html
