review_location_name, review_current_page, review_last_page, review_location_type, review_location_breadcrumbs, review_location_rate, location_lat, location_lng, review_id, review_date, review_experience_date, review_rate, user_name, user_link, user_id, extra, parent_url
Statue of the Duc de Richelieu, 15, 56, Monuments & Statues, Europe & Ukraine & Odessa Oblast & Odessa & Things to Do in Odessa, 4.5, 46.488277, 30.72619, 579543375, 20180501, 20180501, 5.0, Miguel Angel Fraga Fachal, https://www.tripadvisor.com/Profile/Miguel_Angel_F_F, 9e9641d9eb110897a9c0e4fe547c2b8a, Excellent : 156 & Very Good : 78 & Average : 42 & Poor : 3 & Terrible : 1, /Attraction_Review-g295368-d554877-Reviews-Statue_of_the_Duc_de_Richelieu-Odessa_Odessa_Oblast.html
Statue of the Duc de Richelieu, 15, 56, Monuments & Statues, Europe & Ukraine & Odessa Oblast & Odessa & Things to Do in Odessa, 4.5, 46.488277, 30.72619, 579260447, 20180501, 20180501, 3.0, Terrance M, https://www.tripadvisor.com/Profile/termar, 327b6acbc5a93d1e0aada74e37a7efb8, Excellent : 156 & Very Good : 78 & Average : 42 & Poor : 3 & Terrible : 1, /Attraction_Review-g295368-d554877-Reviews-Statue_of_the_Duc_de_Richelieu-Odessa_Odessa_Oblast.html
Statue of the Duc de Richelieu, 15, 56, Monuments & Statues, Europe & Ukraine & Odessa Oblast & Odessa & Things to Do in Odessa, 4.5, 46.488277, 30.72619, 578236830, 20180501, 20180501, 5.0, Agnieszka, https://www.tripadvisor.com/Profile/RazjelArch, e8e7da75b39ecf7b9cc1631d81e55207, Excellent : 156 & Very Good : 78 & Average : 42 & Poor : 3 & Terrible : 1, /Attraction_Review-g295368-d554877-Reviews-Statue_of_the_Duc_de_Richelieu-Odessa_Odessa_Oblast.html
Statue of the Duc de Richelieu, 15, 56, Monuments & Statues, Europe & Ukraine & Odessa Oblast & Odessa & Things to Do in Odessa, 4.5, 46.488277, 30.72619, 576417315, 20180401, 20180401, 5.0, davidsh7, https://www.tripadvisor.com/Profile/davidsh7, e7f63a313c1a9ee035313f760481d393, Excellent : 156 & Very Good : 78 & Average : 42 & Poor : 3 & Terrible : 1, /Attraction_Review-g295368-d554877-Reviews-Statue_of_the_Duc_de_Richelieu-Odessa_Odessa_Oblast.html
Statue of the Duc de Richelieu, 15, 56, Monuments & Statues, Europe & Ukraine & Odessa Oblast & Odessa & Things to Do in Odessa, 4.5, 46.488277, 30.72619, 573317417, 20180401, 20180401, 5.0, Илона Р, https://www.tripadvisor.com/Profile/ILONA-World, 7deb5b526784d7ae5067b13f7785ac6b, Excellent : 156 & Very Good : 78 & Average : 42 & Poor : 3 & Terrible : 1, /Attraction_Review-g295368-d554877-Reviews-Statue_of_the_Duc_de_Richelieu-Odessa_Odessa_Oblast.html
