review_location_name, review_current_page, review_last_page, review_location_type, review_location_breadcrumbs, review_location_rate, location_lat, location_lng, review_id, review_date, review_experience_date, review_rate, user_name, user_link, user_id, extra, parent_url
Monument to Catherine the Great and Founders of Odessa, 3, 45, Points of Interest & Landmarks & Monuments & Statues, Europe & Ukraine & Odessa Oblast & Odessa & Things to Do in Odessa, 4.5, 46.488277, 30.72619, 711998668, 20190901, 20190901, 4.0, ShilohinBC, https://www.tripadvisor.com/Profile/ShilohinBC, a9e1740dd83d39f3dc9a92999cf15e6c, Excellent : 126 & Very Good : 62 & Average : 31 & Poor : 1 & Terrible : 2, /Attraction_Review-g295368-d5503628-Reviews-Monument_to_Catherine_the_Great_and_Founders_of_Odessa-Odessa_Odessa_Oblast.html
Monument to Catherine the Great and Founders of Odessa, 3, 45, Points of Interest & Landmarks & Monuments & Statues, Europe & Ukraine & Odessa Oblast & Odessa & Things to Do in Odessa, 4.5, 46.488277, 30.72619, 711402586, 20190901, 20190901, 3.0, FatAl84, https://www.tripadvisor.com/Profile/FatAl84, 6c26306897fafc320c90eb62191cefd2, Excellent : 126 & Very Good : 62 & Average : 31 & Poor : 1 & Terrible : 2, /Attraction_Review-g295368-d5503628-Reviews-Monument_to_Catherine_the_Great_and_Founders_of_Odessa-Odessa_Odessa_Oblast.html
Monument to Catherine the Great and Founders of Odessa, 3, 45, Points of Interest & Landmarks & Monuments & Statues, Europe & Ukraine & Odessa Oblast & Odessa & Things to Do in Odessa, 4.5, 46.488277, 30.72619, 706324716, 20190901, 20190801, 4.0, tazat10, https://www.tripadvisor.com/Profile/tazat10, e8cb9b0fb4add4b29c37195d07cd1a68, Excellent : 126 & Very Good : 62 & Average : 31 & Poor : 1 & Terrible : 2, /Attraction_Review-g295368-d5503628-Reviews-Monument_to_Catherine_the_Great_and_Founders_of_Odessa-Odessa_Odessa_Oblast.html
Monument to Catherine the Great and Founders of Odessa, 3, 45, Points of Interest & Landmarks & Monuments & Statues, Europe & Ukraine & Odessa Oblast & Odessa & Things to Do in Odessa, 4.5, 46.488277, 30.72619, 704031056, 20190801, 20190701, 4.0, gazzamuppet, https://www.tripadvisor.com/Profile/gazzamuppet, dd5d4140b14292b89e96fc368b671d58, Excellent : 126 & Very Good : 62 & Average : 31 & Poor : 1 & Terrible : 2, /Attraction_Review-g295368-d5503628-Reviews-Monument_to_Catherine_the_Great_and_Founders_of_Odessa-Odessa_Odessa_Oblast.html
Monument to Catherine the Great and Founders of Odessa, 3, 45, Points of Interest & Landmarks & Monuments & Statues, Europe & Ukraine & Odessa Oblast & Odessa & Things to Do in Odessa, 4.5, 46.488277, 30.72619, 695358346, 20190801, 20190701, 4.0, Mark Benjamin L, https://www.tripadvisor.com/Profile/markbenjaminl, 160b7e986c63f8b5b1552cf5afd0da74, Excellent : 126 & Very Good : 62 & Average : 31 & Poor : 1 & Terrible : 2, /Attraction_Review-g295368-d5503628-Reviews-Monument_to_Catherine_the_Great_and_Founders_of_Odessa-Odessa_Odessa_Oblast.html
