review_location_name, review_current_page, review_last_page, review_location_type, review_location_breadcrumbs, review_location_rate, location_lat, location_lng, review_id, review_date, review_experience_date, review_rate, user_name, user_link, user_id, extra, parent_url
Privoz Market, 23, 35, Flea & Street Markets, Europe & Ukraine & Odessa Oblast & Odessa & Things to Do in Odessa, 4.0, 46.488277, 30.72619, 358541408, 20160301, 20150501, 5.0, BrillDmitriy, https://www.tripadvisor.com/Profile/BrillDmitriy, 9acae9d7c7450f45163d5492e2fe2044, Excellent : 75 & Very Good : 44 & Average : 30 & Poor : 10 & Terrible : 15, /Attraction_Review-g295368-d554865-Reviews-Privoz_Market-Odessa_Odessa_Oblast.html
Privoz Market, 23, 35, Flea & Street Markets, Europe & Ukraine & Odessa Oblast & Odessa & Things to Do in Odessa, 4.0, 46.488277, 30.72619, 351421304, 20160201, 20160201, 5.0, Nata, https://www.tripadvisor.com/Profile/_E1999RF, 4af210db5021c371f706931232cdc123, Excellent : 75 & Very Good : 44 & Average : 30 & Poor : 10 & Terrible : 15, /Attraction_Review-g295368-d554865-Reviews-Privoz_Market-Odessa_Odessa_Oblast.html
Privoz Market, 23, 35, Flea & Street Markets, Europe & Ukraine & Odessa Oblast & Odessa & Things to Do in Odessa, 4.0, 46.488277, 30.72619, 346263504, 20160201, 20160201, 1.0, NinaGisenberg, https://www.tripadvisor.com/Profile/NinaGisenberg, 4d663340a2c3f25cfd764565fa2c82fe, Excellent : 75 & Very Good : 44 & Average : 30 & Poor : 10 & Terrible : 15, /Attraction_Review-g295368-d554865-Reviews-Privoz_Market-Odessa_Odessa_Oblast.html
Privoz Market, 23, 35, Flea & Street Markets, Europe & Ukraine & Odessa Oblast & Odessa & Things to Do in Odessa, 4.0, 46.488277, 30.72619, 345656391, 20160201, 20150901, 3.0, Евгений Г, https://www.tripadvisor.com/Profile/H4247EG_, 8e1eeb0cad89cae47c39b716133e1b24, Excellent : 75 & Very Good : 44 & Average : 30 & Poor : 10 & Terrible : 15, /Attraction_Review-g295368-d554865-Reviews-Privoz_Market-Odessa_Odessa_Oblast.html
Privoz Market, 23, 35, Flea & Street Markets, Europe & Ukraine & Odessa Oblast & Odessa & Things to Do in Odessa, 4.0, 46.488277, 30.72619, 340429206, 20160101, 20160101, 4.0, Masliymaster, https://www.tripadvisor.com/Profile/Masliymaster, 0f7c8b093140ab3abf265bd7ef49cbc8, Excellent : 75 & Very Good : 44 & Average : 30 & Poor : 10 & Terrible : 15, /Attraction_Review-g295368-d554865-Reviews-Privoz_Market-Odessa_Odessa_Oblast.html
