review_location_name, review_current_page, review_last_page, review_location_type, review_location_breadcrumbs, review_location_rate, location_lat, location_lng, review_id, review_date, review_experience_date, review_rate, user_name, user_link, user_id, extra, parent_url
Deribasovskaya Street, 62, 292, Points of Interest & Landmarks, Europe & Ukraine & Odessa Oblast & Odessa & Things to Do in Odessa, 4.5, 46.488277, 30.72619, 598832734, 20180701, 20180701, 4.0, SummerTraveler65, https://www.tripadvisor.com/Profile/SummerTraveler65, 36c4996edc66762622aa9115a0be6b39, Excellent : 968 & Very Good : 336 & Average : 123 & Poor : 21 & Terrible : 10, /Attraction_Review-g295368-d554486-Reviews-Deribasovskaya_Street-Odessa_Odessa_Oblast.html
Deribasovskaya Street, 62, 292, Points of Interest & Landmarks, Europe & Ukraine & Odessa Oblast & Odessa & Things to Do in Odessa, 4.5, 46.488277, 30.72619, 598401282, 20180701, 20180701, 4.0, urscapaul, https://www.tripadvisor.com/Profile/urscapaul, 287db485339d8be60b4a35dd522d69ec, Excellent : 968 & Very Good : 336 & Average : 123 & Poor : 21 & Terrible : 10, /Attraction_Review-g295368-d554486-Reviews-Deribasovskaya_Street-Odessa_Odessa_Oblast.html
Deribasovskaya Street, 62, 292, Points of Interest & Landmarks, Europe & Ukraine & Odessa Oblast & Odessa & Things to Do in Odessa, 4.5, 46.488277, 30.72619, 598275505, 20180701, 20180701, 5.0, ליזי לוי, https://www.tripadvisor.com/Profile/Go784956, aa5521bd5a6cd2a32fe36bae8fe55708, Excellent : 968 & Very Good : 336 & Average : 123 & Poor : 21 & Terrible : 10, /Attraction_Review-g295368-d554486-Reviews-Deribasovskaya_Street-Odessa_Odessa_Oblast.html
Deribasovskaya Street, 62, 292, Points of Interest & Landmarks, Europe & Ukraine & Odessa Oblast & Odessa & Things to Do in Odessa, 4.5, 46.488277, 30.72619, 598244638, 20180701, 20180701, 5.0, Davit G, https://www.tripadvisor.com/Profile/660davitg, 97218dbd06d43063a4a2135381297074, Excellent : 968 & Very Good : 336 & Average : 123 & Poor : 21 & Terrible : 10, /Attraction_Review-g295368-d554486-Reviews-Deribasovskaya_Street-Odessa_Odessa_Oblast.html
Deribasovskaya Street, 62, 292, Points of Interest & Landmarks, Europe & Ukraine & Odessa Oblast & Odessa & Things to Do in Odessa, 4.5, 46.488277, 30.72619, 598049115, 20180701, 20180701, 5.0, nanano_nana, https://www.tripadvisor.com/Profile/nanano_nana, d084318caeea5acb1d9a282b4ed8bf6a, Excellent : 968 & Very Good : 336 & Average : 123 & Poor : 21 & Terrible : 10, /Attraction_Review-g295368-d554486-Reviews-Deribasovskaya_Street-Odessa_Odessa_Oblast.html
