review_location_name, review_current_page, review_last_page, review_location_type, review_location_breadcrumbs, review_location_rate, location_lat, location_lng, review_id, review_date, review_experience_date, review_rate, user_name, user_link, user_id, extra, parent_url
Intercession Cathedral, 1, 2, Churches & Cathedrals, Europe & Ukraine & Odessa Oblast & Izmail & Things to Do in Izmail, 4.5, 45.34237, 28.83655, 695248610, 20190801, 20190801, 5.0, Елена С, https://www.tripadvisor.com/Profile/T2479VL_, b9814d3b62aa9c6c001ae4bea8b91089, Excellent : 5 & Very Good : 1 & Average : 1 & Poor : 0 & Terrible : 0, /Attraction_Review-g777828-d11911370-Reviews-Intercession_Cathedral-Izmail_Odessa_Oblast.html
Intercession Cathedral, 1, 2, Churches & Cathedrals, Europe & Ukraine & Odessa Oblast & Izmail & Things to Do in Izmail, 4.5, 45.34237, 28.83655, 588831576, 20180601, 20180601, 5.0, Aleks_53, https://www.tripadvisor.com/Profile/Aleks_53, 57cd577aad83bf6830b3ced29e36bf55, Excellent : 5 & Very Good : 1 & Average : 1 & Poor : 0 & Terrible : 0, /Attraction_Review-g777828-d11911370-Reviews-Intercession_Cathedral-Izmail_Odessa_Oblast.html
Intercession Cathedral, 1, 2, Churches & Cathedrals, Europe & Ukraine & Odessa Oblast & Izmail & Things to Do in Izmail, 4.5, 45.34237, 28.83655, 576671103, 20180401, 20180301, 5.0, Z-M G, https://www.tripadvisor.com/Profile/zgurskamaratayevag, 1faa694e543be0f8bdeccbdf84a109bc, Excellent : 5 & Very Good : 1 & Average : 1 & Poor : 0 & Terrible : 0, /Attraction_Review-g777828-d11911370-Reviews-Intercession_Cathedral-Izmail_Odessa_Oblast.html
Intercession Cathedral, 1, 2, Churches & Cathedrals, Europe & Ukraine & Odessa Oblast & Izmail & Things to Do in Izmail, 4.5, 45.34237, 28.83655, 554063595, 20180101, 20170801, 3.0, Olena S, https://www.tripadvisor.com/Profile/olenas2016, 0a2c19f446b9df59969942558601ef71, Excellent : 5 & Very Good : 1 & Average : 1 & Poor : 0 & Terrible : 0, /Attraction_Review-g777828-d11911370-Reviews-Intercession_Cathedral-Izmail_Odessa_Oblast.html
Intercession Cathedral, 1, 2, Churches & Cathedrals, Europe & Ukraine & Odessa Oblast & Izmail & Things to Do in Izmail, 4.5, 45.34237, 28.83655, 547376587, 20171201, 20171201, 5.0, AndreyFN, https://www.tripadvisor.com/Profile/AndreyFN, 14d3ab548aed0c2b9658ab1088a75fc3, Excellent : 5 & Very Good : 1 & Average : 1 & Poor : 0 & Terrible : 0, /Attraction_Review-g777828-d11911370-Reviews-Intercession_Cathedral-Izmail_Odessa_Oblast.html
