review_location_name, review_current_page, review_last_page, review_location_type, review_location_breadcrumbs, review_location_rate, location_lat, location_lng, review_id, review_date, review_experience_date, review_rate, user_name, user_link, user_id, extra, parent_url
Odessa Local Lore and History Museum, 1, 8, Specialty Museums, Europe & Ukraine & Odessa Oblast & Odessa & Things to Do in Odessa, 4.0, 46.488277, 30.72619, 681277995, 20190601, 20190601, 4.0, Y3048NPdavids, https://www.tripadvisor.com/Profile/Y3048NPdavids, c802c3cdb45a580bd08fecb1920eb45e, Excellent : 18 & Very Good : 11 & Average : 5 & Poor : 0 & Terrible : 2, /Attraction_Review-g295368-d6397670-Reviews-Odessa_Local_Lore_and_History_Museum-Odessa_Odessa_Oblast.html
Odessa Local Lore and History Museum, 1, 8, Specialty Museums, Europe & Ukraine & Odessa Oblast & Odessa & Things to Do in Odessa, 4.0, 46.488277, 30.72619, 659917676, 20190301, 20190301, 4.0, Νίκος Χ, https://www.tripadvisor.com/Profile/korwnios, 292ba95270bef9092ad5669504924e0e, Excellent : 18 & Very Good : 11 & Average : 5 & Poor : 0 & Terrible : 2, /Attraction_Review-g295368-d6397670-Reviews-Odessa_Local_Lore_and_History_Museum-Odessa_Odessa_Oblast.html
Odessa Local Lore and History Museum, 1, 8, Specialty Museums, Europe & Ukraine & Odessa Oblast & Odessa & Things to Do in Odessa, 4.0, 46.488277, 30.72619, 649422635, 20190101, 20190101, 4.0, Anatoly P, https://www.tripadvisor.com/Profile/982anatolyp, e804d876e52ee3c3922fb89e04fc9f37, Excellent : 18 & Very Good : 11 & Average : 5 & Poor : 0 & Terrible : 2, /Attraction_Review-g295368-d6397670-Reviews-Odessa_Local_Lore_and_History_Museum-Odessa_Odessa_Oblast.html
Odessa Local Lore and History Museum, 1, 8, Specialty Museums, Europe & Ukraine & Odessa Oblast & Odessa & Things to Do in Odessa, 4.0, 46.488277, 30.72619, 627200047, 20181001, 20181001, 5.0, David_Pt74, https://www.tripadvisor.com/Profile/David_Pt74, 23fb01450e15685f44a04cb36f78b15a, Excellent : 18 & Very Good : 11 & Average : 5 & Poor : 0 & Terrible : 2, /Attraction_Review-g295368-d6397670-Reviews-Odessa_Local_Lore_and_History_Museum-Odessa_Odessa_Oblast.html
Odessa Local Lore and History Museum, 1, 8, Specialty Museums, Europe & Ukraine & Odessa Oblast & Odessa & Things to Do in Odessa, 4.0, 46.488277, 30.72619, 611506676, 20180801, 20180801, 4.0, Vlad D, https://www.tripadvisor.com/Profile/VladD720, ebfb7832bf2d141614b5ede6558d430d, Excellent : 18 & Very Good : 11 & Average : 5 & Poor : 0 & Terrible : 2, /Attraction_Review-g295368-d6397670-Reviews-Odessa_Local_Lore_and_History_Museum-Odessa_Odessa_Oblast.html
