review_location_name, review_current_page, review_last_page, review_location_type, review_location_breadcrumbs, review_location_rate, location_lat, location_lng, review_id, review_date, review_experience_date, review_rate, user_name, user_link, user_id, parent_url
Statue of the Duc de Richelieu, 4, 19, Monuments & Statues & Monuments & Statues, Europe & Ukraine & Odessa Oblast & Odessa & Things to Do in Odessa, 4.5, 46.488075, 30.741072, 617713423, 20180901, 20180901, 5.0, Eildon365, /Profile/Eildon365, 499b5f5b8bcea2ac68da005259005adb, /Attraction_Review-g295368-d554877-Reviews-Statue_of_the_Duc_de_Richelieu-Odessa_Odessa_Oblast.html
Statue of the Duc de Richelieu, 4, 19, Monuments & Statues & Monuments & Statues, Europe & Ukraine & Odessa Oblast & Odessa & Things to Do in Odessa, 4.5, 46.488075, 30.741072, 614876417, 20180901, 20180701, 4.0, Biteviye, /Profile/Biteviye, 3dbd267a6319e9809414608bae00b1ef, /Attraction_Review-g295368-d554877-Reviews-Statue_of_the_Duc_de_Richelieu-Odessa_Odessa_Oblast.html
Statue of the Duc de Richelieu, 4, 19, Monuments & Statues & Monuments & Statues, Europe & Ukraine & Odessa Oblast & Odessa & Things to Do in Odessa, 4.5, 46.488075, 30.741072, 614417409, 20180901, 20180901, 5.0, Allan C, /Profile/810allanc, dff51ec6ba2eb7f01676fc9a788651bc, /Attraction_Review-g295368-d554877-Reviews-Statue_of_the_Duc_de_Richelieu-Odessa_Odessa_Oblast.html
Statue of the Duc de Richelieu, 4, 19, Monuments & Statues & Monuments & Statues, Europe & Ukraine & Odessa Oblast & Odessa & Things to Do in Odessa, 4.5, 46.488075, 30.741072, 614293763, 20180901, 20180801, 4.0, Bhuvanesh P, /Profile/245bhuvaneshp, 811c481bdc3696fe251c874ecc811bce, /Attraction_Review-g295368-d554877-Reviews-Statue_of_the_Duc_de_Richelieu-Odessa_Odessa_Oblast.html
Statue of the Duc de Richelieu, 4, 19, Monuments & Statues & Monuments & Statues, Europe & Ukraine & Odessa Oblast & Odessa & Things to Do in Odessa, 4.5, 46.488075, 30.741072, 613282582, 20180901, 20180801, 4.0, Davide G, /Profile/766davideg, 27fc4ad1ae68dac251c98a734fb0f262, /Attraction_Review-g295368-d554877-Reviews-Statue_of_the_Duc_de_Richelieu-Odessa_Odessa_Oblast.html
