review_location_name, review_current_page, review_last_page, review_location_type, review_location_breadcrumbs, review_location_rate, location_lat, location_lng, review_id, review_date, review_experience_date, review_rate, user_name, user_link, user_id, parent_url
City Garden, 14, 42, Parks & Parks, Europe & Ukraine & Odessa Oblast & Odessa & Things to Do in Odessa, 4.5, 46.48411, 30.73881, 505895496, 20170701, 20170701, 4.0, Doki87, /Profile/Doki87, 6720df497da35a970423c7efd6dfb390, /Attraction_Review-g295368-d554490-Reviews-City_Garden-Odessa_Odessa_Oblast.html
City Garden, 14, 42, Parks & Parks, Europe & Ukraine & Odessa Oblast & Odessa & Things to Do in Odessa, 4.5, 46.48411, 30.73881, 505393870, 20170701, 20170701, 5.0, Jamie D, /Profile/493jamied, 6911d3fac1702b42a29646da79424cd4, /Attraction_Review-g295368-d554490-Reviews-City_Garden-Odessa_Odessa_Oblast.html
City Garden, 14, 42, Parks & Parks, Europe & Ukraine & Odessa Oblast & Odessa & Things to Do in Odessa, 4.5, 46.48411, 30.73881, 505023336, 20170701, 20170701, 3.0, xryLviv, /Profile/xryLviv, 483d6cb5bd90b9caf96bddb30cacb5c8, /Attraction_Review-g295368-d554490-Reviews-City_Garden-Odessa_Odessa_Oblast.html
City Garden, 14, 42, Parks & Parks, Europe & Ukraine & Odessa Oblast & Odessa & Things to Do in Odessa, 4.5, 46.48411, 30.73881, 503500089, 20170701, 20170701, 5.0, Akvilė A, /Profile/akvil_a2015, 650193d1c7c3144665da4e8e81c45a87, /Attraction_Review-g295368-d554490-Reviews-City_Garden-Odessa_Odessa_Oblast.html
City Garden, 14, 42, Parks & Parks, Europe & Ukraine & Odessa Oblast & Odessa & Things to Do in Odessa, 4.5, 46.48411, 30.73881, 501712806, 20170701, 20170701, 3.0, Кристина М, /Profile/D7156JF_, 19b95bbab9de48fab667b9142db3fbd6, /Attraction_Review-g295368-d554490-Reviews-City_Garden-Odessa_Odessa_Oblast.html
