review_location_name, review_current_page, review_last_page, review_location_type, review_location_breadcrumbs, review_location_rate, location_lat, location_lng, review_id, review_date, review_experience_date, review_rate, user_name, user_link, user_id, extra, parent_url
Aquapark Hawaii, 5, 15, Water Parks, Europe & Ukraine & Odessa Oblast & Odessa & Things to Do in Odessa, 4.0, 46.488277, 30.72619, 746358948, 20200201, 20190701, 5.0, Ценный К, https://www.tripadvisor.com/Profile/N7015JP_, 0342fabc52d0690ceb6e3bb1d708e4c7, Excellent : 45 & Very Good : 6 & Average : 6 & Poor : 6 & Terrible : 10, /Attraction_Review-g295368-d10423619-Reviews-Aquapark_Hawaii-Odessa_Odessa_Oblast.html
Aquapark Hawaii, 5, 15, Water Parks, Europe & Ukraine & Odessa Oblast & Odessa & Things to Do in Odessa, 4.0, 46.488277, 30.72619, 746280732, 20200201, 20190801, 5.0, Светлана Д, https://www.tripadvisor.com/Profile/H8422NN_, 980749403beec5f294f3125b9c2fe75b, Excellent : 45 & Very Good : 6 & Average : 6 & Poor : 6 & Terrible : 10, /Attraction_Review-g295368-d10423619-Reviews-Aquapark_Hawaii-Odessa_Odessa_Oblast.html
Aquapark Hawaii, 5, 15, Water Parks, Europe & Ukraine & Odessa Oblast & Odessa & Things to Do in Odessa, 4.0, 46.488277, 30.72619, 744075741, 20200201, 20190701, 5.0, Андрей, https://www.tripadvisor.com/Profile/250Andrei250, f07027ed06fa5efa027ebe3c5a334e91, Excellent : 45 & Very Good : 6 & Average : 6 & Poor : 6 & Terrible : 10, /Attraction_Review-g295368-d10423619-Reviews-Aquapark_Hawaii-Odessa_Odessa_Oblast.html
Aquapark Hawaii, 5, 15, Water Parks, Europe & Ukraine & Odessa Oblast & Odessa & Things to Do in Odessa, 4.0, 46.488277, 30.72619, 743392314, 20200201, 20200201, 5.0, Лариса Г, https://www.tripadvisor.com/Profile/_G1765PV, 934d6ab59ee15bb61587d63c96a228ec, Excellent : 45 & Very Good : 6 & Average : 6 & Poor : 6 & Terrible : 10, /Attraction_Review-g295368-d10423619-Reviews-Aquapark_Hawaii-Odessa_Odessa_Oblast.html
Aquapark Hawaii, 5, 15, Water Parks, Europe & Ukraine & Odessa Oblast & Odessa & Things to Do in Odessa, 4.0, 46.488277, 30.72619, 742244679, 20200101, 20190601, 5.0, Денис В, https://www.tripadvisor.com/Profile/Culture505209, cd5a8109fd9afa62f407bd0e1ce478bf, Excellent : 45 & Very Good : 6 & Average : 6 & Poor : 6 & Terrible : 10, /Attraction_Review-g295368-d10423619-Reviews-Aquapark_Hawaii-Odessa_Odessa_Oblast.html
