review_location_name, review_current_page, review_last_page, review_location_type, review_location_breadcrumbs, review_location_rate, location_lat, location_lng, review_id, review_date, review_experience_date, review_rate, user_name, user_link, user_id, parent_url
Odessa Delphinarium Nemo, 14, 30, Aquariums & Aquariums, Europe & Ukraine & Odessa Oblast & Odessa & Things to Do in Odessa, 4.5, 46.477043, 30.765228, 493810269, 20170601, 20170601, 5.0, Willem-Jan v, /Profile/595willemjanv, e718a5b11b93617111bc67200fd20e7b, /Attraction_Review-g295368-d6027684-Reviews-Odessa_Delphinarium_Nemo-Odessa_Odessa_Oblast.html
Odessa Delphinarium Nemo, 14, 30, Aquariums & Aquariums, Europe & Ukraine & Odessa Oblast & Odessa & Things to Do in Odessa, 4.5, 46.477043, 30.765228, 486397034, 20170501, 20170501, 4.0, Mpampis K, /Profile/778mpampisk, eda221e3048a312536f571edb9c9a06d, /Attraction_Review-g295368-d6027684-Reviews-Odessa_Delphinarium_Nemo-Odessa_Odessa_Oblast.html
Odessa Delphinarium Nemo, 14, 30, Aquariums & Aquariums, Europe & Ukraine & Odessa Oblast & Odessa & Things to Do in Odessa, 4.5, 46.477043, 30.765228, 481421217, 20170501, 20160601, 2.0, John R, /Profile/E6718NDjohnr, 90a6d55dbade6da6aa03064fb653cfca, /Attraction_Review-g295368-d6027684-Reviews-Odessa_Delphinarium_Nemo-Odessa_Odessa_Oblast.html
Odessa Delphinarium Nemo, 14, 30, Aquariums & Aquariums, Europe & Ukraine & Odessa Oblast & Odessa & Things to Do in Odessa, 4.5, 46.477043, 30.765228, 475071029, 20170401, 20170401, 4.0, Aivars S, /Profile/AivarsS17, e262c974dd4352d5e2c3933273c0f86f, /Attraction_Review-g295368-d6027684-Reviews-Odessa_Delphinarium_Nemo-Odessa_Odessa_Oblast.html
Odessa Delphinarium Nemo, 14, 30, Aquariums & Aquariums, Europe & Ukraine & Odessa Oblast & Odessa & Things to Do in Odessa, 4.5, 46.477043, 30.765228, 474491681, 20170401, 20160901, 4.0, Caitanya W, /Profile/caitanyaw2014, dd72d4d5c55ee10107c903c5cbc698c0, /Attraction_Review-g295368-d6027684-Reviews-Odessa_Delphinarium_Nemo-Odessa_Odessa_Oblast.html
