review_location_name, review_current_page, review_last_page, review_location_type, review_location_breadcrumbs, review_location_rate, location_lat, location_lng, review_id, review_date, review_experience_date, review_rate, user_name, user_link, user_id, extra, parent_url
Museum of Interesting Science, 7, 40, Specialty Museums, Europe & Ukraine & Odessa Oblast & Odessa & Things to Do in Odessa, 4.5, 46.488277, 30.72619, 670992311, 20190501, 20190501, 5.0, Xxkmay, https://www.tripadvisor.com/Profile/Xxkmay, 19da9cd71a63dfd420a217830bc9188d, Excellent : 152 & Very Good : 35 & Average : 5 & Poor : 7 & Terrible : 1, /Attraction_Review-g295368-d6755140-Reviews-Museum_of_Interesting_Science-Odessa_Odessa_Oblast.html
Museum of Interesting Science, 7, 40, Specialty Museums, Europe & Ukraine & Odessa Oblast & Odessa & Things to Do in Odessa, 4.5, 46.488277, 30.72619, 666143484, 20190401, 20180901, 5.0, Evrim Pinargozu, https://www.tripadvisor.com/Profile/evrimcem, 272e72887b63b78a8de58f4038bfc3c1, Excellent : 152 & Very Good : 35 & Average : 5 & Poor : 7 & Terrible : 1, /Attraction_Review-g295368-d6755140-Reviews-Museum_of_Interesting_Science-Odessa_Odessa_Oblast.html
Museum of Interesting Science, 7, 40, Specialty Museums, Europe & Ukraine & Odessa Oblast & Odessa & Things to Do in Odessa, 4.5, 46.488277, 30.72619, 661913580, 20190301, 20190301, 2.0, Olcay K, https://www.tripadvisor.com/Profile/674olcayk, cb271e4e76dff6a19eec08a3101ce448, Excellent : 152 & Very Good : 35 & Average : 5 & Poor : 7 & Terrible : 1, /Attraction_Review-g295368-d6755140-Reviews-Museum_of_Interesting_Science-Odessa_Odessa_Oblast.html
Museum of Interesting Science, 7, 40, Specialty Museums, Europe & Ukraine & Odessa Oblast & Odessa & Things to Do in Odessa, 4.5, 46.488277, 30.72619, 661394177, 20190301, 20190301, 5.0, Денис, https://www.tripadvisor.com/Profile/lentsman, 4a32c661eab31d57140cc03fbd80c8e1, Excellent : 152 & Very Good : 35 & Average : 5 & Poor : 7 & Terrible : 1, /Attraction_Review-g295368-d6755140-Reviews-Museum_of_Interesting_Science-Odessa_Odessa_Oblast.html
Museum of Interesting Science, 7, 40, Specialty Museums, Europe & Ukraine & Odessa Oblast & Odessa & Things to Do in Odessa, 4.5, 46.488277, 30.72619, 659906686, 20190301, 20190101, 5.0, Людмила Науменко, https://www.tripadvisor.com/Profile/lyudka6, 26667aa596ae21554aed1e8452fe19f1, Excellent : 152 & Very Good : 35 & Average : 5 & Poor : 7 & Terrible : 1, /Attraction_Review-g295368-d6755140-Reviews-Museum_of_Interesting_Science-Odessa_Odessa_Oblast.html
