review_location_name, review_current_page, review_last_page, review_location_type, review_location_breadcrumbs, review_location_rate, location_lat, location_lng, review_id, review_date, review_experience_date, review_rate, user_name, user_link, user_id, extra, parent_url
The Cannon of the Tiger Fregate, 4, 3, Points of Interest & Landmarks, Europe & Ukraine & Odessa Oblast & Odessa & Things to Do in Odessa, 3.5, 46.488277, 30.72619, 272187006, 20150501, 20150501, 4.0, Катерина К, https://www.tripadvisor.com/Profile/_Y9156UD, f31d04129d2b178b8c73ff05734bc291, Excellent : 3 & Very Good : 2 & Average : 15 & Poor : 0 & Terrible : 0, /Attraction_Review-g295368-d554867-Reviews-The_Cannon_of_the_Tiger_Fregate-Odessa_Odessa_Oblast.html
The Cannon of the Tiger Fregate, 4, 3, Points of Interest & Landmarks, Europe & Ukraine & Odessa Oblast & Odessa & Things to Do in Odessa, 3.5, 46.488277, 30.72619, 268010390, 20150401, 20150401, 5.0, smolkin, https://www.tripadvisor.com/Profile/smolkin, 7e1d67a1bfed5e0914fcd7f010b4f09c, Excellent : 3 & Very Good : 2 & Average : 15 & Poor : 0 & Terrible : 0, /Attraction_Review-g295368-d554867-Reviews-The_Cannon_of_the_Tiger_Fregate-Odessa_Odessa_Oblast.html
The Cannon of the Tiger Fregate, 4, 3, Points of Interest & Landmarks, Europe & Ukraine & Odessa Oblast & Odessa & Things to Do in Odessa, 3.5, 46.488277, 30.72619, 267236891, 20150401, 20140801, 3.0, Van L, https://www.tripadvisor.com/Profile/VanRichard, e2dcd4787b56fa9ed52c7bd199ccaa13, Excellent : 3 & Very Good : 2 & Average : 15 & Poor : 0 & Terrible : 0, /Attraction_Review-g295368-d554867-Reviews-The_Cannon_of_the_Tiger_Fregate-Odessa_Odessa_Oblast.html
The Cannon of the Tiger Fregate, 4, 3, Points of Interest & Landmarks, Europe & Ukraine & Odessa Oblast & Odessa & Things to Do in Odessa, 3.5, 46.488277, 30.72619, 260522594, 20150301, 20140601, 3.0, Madeleine C, https://www.tripadvisor.com/Profile/755madeleinec, f051cefe598962f57bf0a50a187ada9d, Excellent : 3 & Very Good : 2 & Average : 15 & Poor : 0 & Terrible : 0, /Attraction_Review-g295368-d554867-Reviews-The_Cannon_of_the_Tiger_Fregate-Odessa_Odessa_Oblast.html
The Cannon of the Tiger Fregate, 4, 3, Points of Interest & Landmarks, Europe & Ukraine & Odessa Oblast & Odessa & Things to Do in Odessa, 3.5, 46.488277, 30.72619, 183212890, 20131101, 20130701, 5.0, ceoyjcnm, https://www.tripadvisor.com/Profile/ceoyjcnm, a19eaa75a7075aafa832be4c69492930, Excellent : 3 & Very Good : 2 & Average : 15 & Poor : 0 & Terrible : 0, /Attraction_Review-g295368-d554867-Reviews-The_Cannon_of_the_Tiger_Fregate-Odessa_Odessa_Oblast.html
