review_location_name, review_current_page, review_last_page, review_location_type, review_location_breadcrumbs, review_location_rate, location_lat, location_lng, review_id, review_date, review_experience_date, review_rate, user_name, user_link, user_id, parent_url
Holy Assumption Cathedral, 1, 4, Architectural Buildings & Sacred & Religious Sites & Architectural Buildings & Sacred & Religious Sites, Europe & Ukraine & Odessa Oblast & Odessa & Things to Do in Odessa, 4.5, 46.47531, 30.73182, 725407782, 20191101, 20191001, 4.0, S K, /Profile/69SK, 2b333a7cdf56914268598daafe684756, /Attraction_Review-g295368-d554873-Reviews-Holy_Assumption_Cathedral-Odessa_Odessa_Oblast.html
Holy Assumption Cathedral, 1, 4, Architectural Buildings & Sacred & Religious Sites & Architectural Buildings & Sacred & Religious Sites, Europe & Ukraine & Odessa Oblast & Odessa & Things to Do in Odessa, 4.5, 46.47531, 30.73182, 722220909, 20191001, 20190801, 5.0, Paul W, /Profile/PaulW6927, bab48851a70804f71fb8abba0d8af017, /Attraction_Review-g295368-d554873-Reviews-Holy_Assumption_Cathedral-Odessa_Odessa_Oblast.html
Holy Assumption Cathedral, 1, 4, Architectural Buildings & Sacred & Religious Sites & Architectural Buildings & Sacred & Religious Sites, Europe & Ukraine & Odessa Oblast & Odessa & Things to Do in Odessa, 4.5, 46.47531, 30.73182, 626548311, 20181001, 20181001, 4.0, agusticassa, /Profile/agusticassa, 829aff2b55921b647c38dd2ad1c77fa8, /Attraction_Review-g295368-d554873-Reviews-Holy_Assumption_Cathedral-Odessa_Odessa_Oblast.html
Holy Assumption Cathedral, 1, 4, Architectural Buildings & Sacred & Religious Sites & Architectural Buildings & Sacred & Religious Sites, Europe & Ukraine & Odessa Oblast & Odessa & Things to Do in Odessa, 4.5, 46.47531, 30.73182, 623921646, 20181001, 20181001, 5.0, John H, /Profile/B5144FIjohnh, 0536c0cd2a7a0ecb766bf0b3bb10cb98, /Attraction_Review-g295368-d554873-Reviews-Holy_Assumption_Cathedral-Odessa_Odessa_Oblast.html
Holy Assumption Cathedral, 1, 4, Architectural Buildings & Sacred & Religious Sites & Architectural Buildings & Sacred & Religious Sites, Europe & Ukraine & Odessa Oblast & Odessa & Things to Do in Odessa, 4.5, 46.47531, 30.73182, 613092624, 20180901, 20180801, 3.0, Antony P, /Profile/ADEPER23, daa64e0ad16d25b8bd15f16883c4daf5, /Attraction_Review-g295368-d554873-Reviews-Holy_Assumption_Cathedral-Odessa_Odessa_Oblast.html
