review_location_name, review_current_page, review_last_page, review_location_type, review_location_breadcrumbs, review_location_rate, location_lat, location_lng, review_id, review_date, review_experience_date, review_rate, user_name, user_link, user_id, extra, parent_url
Aquapark Odessa, 9, 17, Water Parks, Europe & Ukraine & Odessa Oblast & Odessa & Things to Do in Odessa, 3.0, 46.488277, 30.72619, 599516331, 20180701, 20180701, 5.0, Elias I, https://www.tripadvisor.com/Profile/541eliasi, c08101d90764dc45e538fefc09d7b022, Excellent : 24 & Very Good : 8 & Average : 18 & Poor : 15 & Terrible : 19, /Attraction_Review-g295368-d6983647-Reviews-Aquapark_Odessa-Odessa_Odessa_Oblast.html
Aquapark Odessa, 9, 17, Water Parks, Europe & Ukraine & Odessa Oblast & Odessa & Things to Do in Odessa, 3.0, 46.488277, 30.72619, 598994758, 20180701, 20180701, 1.0, TerentiiOdessa, https://www.tripadvisor.com/Profile/TerentiiOdessa, 48a7cb668707e640b288bd36aedc0a9a, Excellent : 24 & Very Good : 8 & Average : 18 & Poor : 15 & Terrible : 19, /Attraction_Review-g295368-d6983647-Reviews-Aquapark_Odessa-Odessa_Odessa_Oblast.html
Aquapark Odessa, 9, 17, Water Parks, Europe & Ukraine & Odessa Oblast & Odessa & Things to Do in Odessa, 3.0, 46.488277, 30.72619, 598395285, 20180701, 20180701, 5.0, אורי א, https://www.tripadvisor.com/Profile/eliyahuri1980, c8eb71de31067df25a7bacc968296455, Excellent : 24 & Very Good : 8 & Average : 18 & Poor : 15 & Terrible : 19, /Attraction_Review-g295368-d6983647-Reviews-Aquapark_Odessa-Odessa_Odessa_Oblast.html
Aquapark Odessa, 9, 17, Water Parks, Europe & Ukraine & Odessa Oblast & Odessa & Things to Do in Odessa, 3.0, 46.488277, 30.72619, 588268007, 20180601, 20180601, 5.0, Anna_r_st_95, https://www.tripadvisor.com/Profile/Anna_r_st_95, 73d0b43d5a31cabcf5fe6145eb496638, Excellent : 24 & Very Good : 8 & Average : 18 & Poor : 15 & Terrible : 19, /Attraction_Review-g295368-d6983647-Reviews-Aquapark_Odessa-Odessa_Odessa_Oblast.html
Aquapark Odessa, 9, 17, Water Parks, Europe & Ukraine & Odessa Oblast & Odessa & Things to Do in Odessa, 3.0, 46.488277, 30.72619, 576714433, 20180401, 20170801, 5.0, 430oleksiyy, https://www.tripadvisor.com/Profile/430oleksiyy, ac1406edc05ce28c6943d03453ec0e0a, Excellent : 24 & Very Good : 8 & Average : 18 & Poor : 15 & Terrible : 19, /Attraction_Review-g295368-d6983647-Reviews-Aquapark_Odessa-Odessa_Odessa_Oblast.html
