review_location_name, review_current_page, review_last_page, review_location_type, review_location_breadcrumbs, review_location_rate, location_lat, location_lng, review_id, review_date, review_experience_date, review_rate, user_name, user_link, user_id, extra, parent_url
Lanzheron Beach, 11, 46, Beaches, Europe & Ukraine & Odessa Oblast & Odessa & Things to Do in Odessa, 4.0, 46.488277, 30.72619, 593241476, 20180701, 20180701, 4.0, JaeHyun L, https://www.tripadvisor.com/Profile/780jaehyunl, b0ef6f4bdb1e4eab329197d510283889, Excellent : 91 & Very Good : 58 & Average : 44 & Poor : 19 & Terrible : 14, /Attraction_Review-g295368-d4952695-Reviews-Lanzheron_Beach-Odessa_Odessa_Oblast.html
Lanzheron Beach, 11, 46, Beaches, Europe & Ukraine & Odessa Oblast & Odessa & Things to Do in Odessa, 4.0, 46.488277, 30.72619, 593160826, 20180701, 20180701, 3.0, Olga W, https://www.tripadvisor.com/Profile/6olgaw, 4ad40e9a9bd3a924b711089f5dfc0d08, Excellent : 91 & Very Good : 58 & Average : 44 & Poor : 19 & Terrible : 14, /Attraction_Review-g295368-d4952695-Reviews-Lanzheron_Beach-Odessa_Odessa_Oblast.html
Lanzheron Beach, 11, 46, Beaches, Europe & Ukraine & Odessa Oblast & Odessa & Things to Do in Odessa, 4.0, 46.488277, 30.72619, 591409416, 20180601, 20180601, 5.0, Annacarla M, https://www.tripadvisor.com/Profile/annacarlam2018, 96a652d0ca4925907db504faed97118e, Excellent : 91 & Very Good : 58 & Average : 44 & Poor : 19 & Terrible : 14, /Attraction_Review-g295368-d4952695-Reviews-Lanzheron_Beach-Odessa_Odessa_Oblast.html
Lanzheron Beach, 11, 46, Beaches, Europe & Ukraine & Odessa Oblast & Odessa & Things to Do in Odessa, 4.0, 46.488277, 30.72619, 591059871, 20180601, 20180601, 4.0, 324Sveta, https://www.tripadvisor.com/Profile/324Sveta, 82e17f7c6f9b0919827c3e88851f34e0, Excellent : 91 & Very Good : 58 & Average : 44 & Poor : 19 & Terrible : 14, /Attraction_Review-g295368-d4952695-Reviews-Lanzheron_Beach-Odessa_Odessa_Oblast.html
Lanzheron Beach, 11, 46, Beaches, Europe & Ukraine & Odessa Oblast & Odessa & Things to Do in Odessa, 4.0, 46.488277, 30.72619, 590564224, 20180601, 20180601, 3.0, Yariv, https://www.tripadvisor.com/Profile/YarivI, 8b8f5a1f1f474f2cd2a4c6a227d1db3c, Excellent : 91 & Very Good : 58 & Average : 44 & Poor : 19 & Terrible : 14, /Attraction_Review-g295368-d4952695-Reviews-Lanzheron_Beach-Odessa_Odessa_Oblast.html
