review_location_name, review_current_page, review_last_page, review_location_type, review_location_breadcrumbs, review_location_rate, location_lat, location_lng, review_id, review_date, review_experience_date, review_rate, user_name, user_link, user_id, extra, parent_url
Odessa Art Museum, 15, 20, Specialty Museums, Europe & Ukraine & Odessa Oblast & Odessa & Things to Do in Odessa, 4.5, 46.488277, 30.72619, 303607981, 20150801, 20150801, 1.0, Olena D, https://www.tripadvisor.com/Profile/900olenad, 443ad7912031e5b158a43e076fbe1614, Excellent : 45 & Very Good : 36 & Average : 13 & Poor : 2 & Terrible : 1, /Attraction_Review-g295368-d5512873-Reviews-Odessa_Art_Museum-Odessa_Odessa_Oblast.html
Odessa Art Museum, 15, 20, Specialty Museums, Europe & Ukraine & Odessa Oblast & Odessa & Things to Do in Odessa, 4.5, 46.488277, 30.72619, 301457392, 20150801, 20150701, 2.0, Vincent C, https://www.tripadvisor.com/Profile/vincentcL4424VU, d3c982d3a39bb18d94929c02d6924058, Excellent : 45 & Very Good : 36 & Average : 13 & Poor : 2 & Terrible : 1, /Attraction_Review-g295368-d5512873-Reviews-Odessa_Art_Museum-Odessa_Odessa_Oblast.html
Odessa Art Museum, 15, 20, Specialty Museums, Europe & Ukraine & Odessa Oblast & Odessa & Things to Do in Odessa, 4.5, 46.488277, 30.72619, 301402392, 20150801, 20140901, 5.0, Александра У, https://www.tripadvisor.com/Profile/_I4431WM, 6bfdad8f990330ad6cc4d66ae896ac7e, Excellent : 45 & Very Good : 36 & Average : 13 & Poor : 2 & Terrible : 1, /Attraction_Review-g295368-d5512873-Reviews-Odessa_Art_Museum-Odessa_Odessa_Oblast.html
Odessa Art Museum, 15, 20, Specialty Museums, Europe & Ukraine & Odessa Oblast & Odessa & Things to Do in Odessa, 4.5, 46.488277, 30.72619, 297792137, 20150801, 20150701, 4.0, Katerina T, https://www.tripadvisor.com/Profile/353katerinat, a18a37b735fefb63b56a5e69f5ecf745, Excellent : 45 & Very Good : 36 & Average : 13 & Poor : 2 & Terrible : 1, /Attraction_Review-g295368-d5512873-Reviews-Odessa_Art_Museum-Odessa_Odessa_Oblast.html
Odessa Art Museum, 15, 20, Specialty Museums, Europe & Ukraine & Odessa Oblast & Odessa & Things to Do in Odessa, 4.5, 46.488277, 30.72619, 289491346, 20150701, 20150701, 4.0, Nato S, https://www.tripadvisor.com/Profile/945nataliyas, ec2214c938818f29f8a09090cc6bd604, Excellent : 45 & Very Good : 36 & Average : 13 & Poor : 2 & Terrible : 1, /Attraction_Review-g295368-d5512873-Reviews-Odessa_Art_Museum-Odessa_Odessa_Oblast.html
