review_location_name, review_current_page, review_last_page, review_location_type, review_location_breadcrumbs, review_location_rate, location_lat, location_lng, review_id, review_date, review_experience_date, review_rate, user_name, user_link, user_id, extra, parent_url
Aquapark Hawaii, 3, 15, Water Parks, Europe & Ukraine & Odessa Oblast & Odessa & Things to Do in Odessa, 4.0, 46.488277, 30.72619, 758017649, 20200601, 20200601, 5.0, Natalya S, https://www.tripadvisor.com/Profile/930natalyas, bca2cb3252e817cb82f411da3556d40d, Excellent : 45 & Very Good : 6 & Average : 6 & Poor : 6 & Terrible : 10, /Attraction_Review-g295368-d10423619-Reviews-Aquapark_Hawaii-Odessa_Odessa_Oblast.html
Aquapark Hawaii, 3, 15, Water Parks, Europe & Ukraine & Odessa Oblast & Odessa & Things to Do in Odessa, 4.0, 46.488277, 30.72619, 757777110, 20200601, 20200301, 5.0, Татьяна Л, https://www.tripadvisor.com/Profile/Paradise448700, 9470fbe1984ed4d50009a2055f1f95d1, Excellent : 45 & Very Good : 6 & Average : 6 & Poor : 6 & Terrible : 10, /Attraction_Review-g295368-d10423619-Reviews-Aquapark_Hawaii-Odessa_Odessa_Oblast.html
Aquapark Hawaii, 3, 15, Water Parks, Europe & Ukraine & Odessa Oblast & Odessa & Things to Do in Odessa, 4.0, 46.488277, 30.72619, 757518815, 20200601, 20190801, 5.0, Inna Shaposhnik, https://www.tripadvisor.com/Profile/GlobeTrotting474064, 3ffc58b0258cd6d10cda05fc1ca87207, Excellent : 45 & Very Good : 6 & Average : 6 & Poor : 6 & Terrible : 10, /Attraction_Review-g295368-d10423619-Reviews-Aquapark_Hawaii-Odessa_Odessa_Oblast.html
Aquapark Hawaii, 3, 15, Water Parks, Europe & Ukraine & Odessa Oblast & Odessa & Things to Do in Odessa, 4.0, 46.488277, 30.72619, 755594929, 20200501, 20190801, 5.0, Алена Ш, https://www.tripadvisor.com/Profile/_I7493IM, 5e0ec8b82cc7d511ce98d05ddf421def, Excellent : 45 & Very Good : 6 & Average : 6 & Poor : 6 & Terrible : 10, /Attraction_Review-g295368-d10423619-Reviews-Aquapark_Hawaii-Odessa_Odessa_Oblast.html
Aquapark Hawaii, 3, 15, Water Parks, Europe & Ukraine & Odessa Oblast & Odessa & Things to Do in Odessa, 4.0, 46.488277, 30.72619, 755405410, 20200501, 20190801, 5.0, Marina L, https://www.tripadvisor.com/Profile/marinalO2195NK, d4610aafe94947f8a5ae963f0efa043c, Excellent : 45 & Very Good : 6 & Average : 6 & Poor : 6 & Terrible : 10, /Attraction_Review-g295368-d10423619-Reviews-Aquapark_Hawaii-Odessa_Odessa_Oblast.html
