review_location_name, review_current_page, review_last_page, review_location_type, review_location_breadcrumbs, review_location_rate, location_lat, location_lng, review_id, review_date, review_experience_date, review_rate, user_name, user_link, user_id, extra, parent_url
Odessa Delphinarium Nemo, 110, 137, Aquariums, Europe & Ukraine & Odessa Oblast & Odessa & Things to Do in Odessa, 4.5, 46.488277, 30.72619, 306159550, 20150901, 20141001, 5.0, Оксана Ш, https://www.tripadvisor.com/Profile/_Q2057EN, ea653447fa715547f218cced23c3f797, Excellent : 477 & Very Good : 117 & Average : 42 & Poor : 21 & Terrible : 25, /Attraction_Review-g295368-d6027684-Reviews-Odessa_Delphinarium_Nemo-Odessa_Odessa_Oblast.html
Odessa Delphinarium Nemo, 110, 137, Aquariums, Europe & Ukraine & Odessa Oblast & Odessa & Things to Do in Odessa, 4.5, 46.488277, 30.72619, 306045668, 20150901, 20150801, 5.0, Laurent-Marc, https://www.tripadvisor.com/Profile/Laurent-Marc, a3217ca7cd975a32d1cac575a2f0648e, Excellent : 477 & Very Good : 117 & Average : 42 & Poor : 21 & Terrible : 25, /Attraction_Review-g295368-d6027684-Reviews-Odessa_Delphinarium_Nemo-Odessa_Odessa_Oblast.html
Odessa Delphinarium Nemo, 110, 137, Aquariums, Europe & Ukraine & Odessa Oblast & Odessa & Things to Do in Odessa, 4.5, 46.488277, 30.72619, 305095904, 20150801, 20150801, 5.0, Valery K, https://www.tripadvisor.com/Profile/164valeryk, fa1bd4f5ffc5e5e2e01d3c172e60a423, Excellent : 477 & Very Good : 117 & Average : 42 & Poor : 21 & Terrible : 25, /Attraction_Review-g295368-d6027684-Reviews-Odessa_Delphinarium_Nemo-Odessa_Odessa_Oblast.html
Odessa Delphinarium Nemo, 110, 137, Aquariums, Europe & Ukraine & Odessa Oblast & Odessa & Things to Do in Odessa, 4.5, 46.488277, 30.72619, 304516025, 20150801, 20150601, 4.0, Steven O, https://www.tripadvisor.com/Profile/steveno223, 6139e87a2bedd46040641ca63079c463, Excellent : 477 & Very Good : 117 & Average : 42 & Poor : 21 & Terrible : 25, /Attraction_Review-g295368-d6027684-Reviews-Odessa_Delphinarium_Nemo-Odessa_Odessa_Oblast.html
Odessa Delphinarium Nemo, 110, 137, Aquariums, Europe & Ukraine & Odessa Oblast & Odessa & Things to Do in Odessa, 4.5, 46.488277, 30.72619, 302615461, 20150801, 20150501, 5.0, Lvusa, https://www.tripadvisor.com/Profile/Lvusa, 63790a60bc3bc3a085d7f275d5de179c, Excellent : 477 & Very Good : 117 & Average : 42 & Poor : 21 & Terrible : 25, /Attraction_Review-g295368-d6027684-Reviews-Odessa_Delphinarium_Nemo-Odessa_Odessa_Oblast.html
