review_location_name, review_current_page, review_last_page, review_location_type, review_location_breadcrumbs, review_location_rate, location_lat, location_lng, review_id, review_date, review_experience_date, review_rate, user_name, user_link, user_id, parent_url
Sailor`s Wife Monument, 2, 6, Points of Interest & Landmarks & Monuments & Statues & Points of Interest & Landmarks & Monuments & Statues, Europe & Ukraine & Odessa Oblast & Odessa & Things to Do in Odessa, 4.5, 46.491886, 30.747934, 585616976, 20180601, 20180601, 2.0, Leon Z, /Profile/leonz51, 6317e115c962e222aa68d2e0f775e774, /Attraction_Review-g295368-d5259015-Reviews-Sailor_s_Wife_Monument-Odessa_Odessa_Oblast.html
Sailor`s Wife Monument, 2, 6, Points of Interest & Landmarks & Monuments & Statues & Points of Interest & Landmarks & Monuments & Statues, Europe & Ukraine & Odessa Oblast & Odessa & Things to Do in Odessa, 4.5, 46.491886, 30.747934, 577551940, 20180501, 20180301, 5.0, Cüneyt Varol, /Profile/captain_cuneyt, b25bbb17c11331495945ee8d81f6ea10, /Attraction_Review-g295368-d5259015-Reviews-Sailor_s_Wife_Monument-Odessa_Odessa_Oblast.html
Sailor`s Wife Monument, 2, 6, Points of Interest & Landmarks & Monuments & Statues & Points of Interest & Landmarks & Monuments & Statues, Europe & Ukraine & Odessa Oblast & Odessa & Things to Do in Odessa, 4.5, 46.491886, 30.747934, 533684093, 20171001, 20171001, 5.0, Thierry V, /Profile/178ThierryV, c3d3e76d3d4ece03dfd573b5cdd10ded, /Attraction_Review-g295368-d5259015-Reviews-Sailor_s_Wife_Monument-Odessa_Odessa_Oblast.html
Sailor`s Wife Monument, 2, 6, Points of Interest & Landmarks & Monuments & Statues & Points of Interest & Landmarks & Monuments & Statues, Europe & Ukraine & Odessa Oblast & Odessa & Things to Do in Odessa, 4.5, 46.491886, 30.747934, 527595502, 20170901, 20170901, 4.0, Pas66UKCan, /Profile/Pas66UKCan, e753556671f6626182954a25c71d6cef, /Attraction_Review-g295368-d5259015-Reviews-Sailor_s_Wife_Monument-Odessa_Odessa_Oblast.html
Sailor`s Wife Monument, 2, 6, Points of Interest & Landmarks & Monuments & Statues & Points of Interest & Landmarks & Monuments & Statues, Europe & Ukraine & Odessa Oblast & Odessa & Things to Do in Odessa, 4.5, 46.491886, 30.747934, 511923630, 20170801, 20170501, 5.0, saronic, /Profile/saronic, f3ae90fabd34d26e54189d10f1aa29a6, /Attraction_Review-g295368-d5259015-Reviews-Sailor_s_Wife_Monument-Odessa_Odessa_Oblast.html
