review_location_name, review_current_page, review_last_page, review_location_type, review_location_breadcrumbs, review_location_rate, location_lat, location_lng, review_id, review_date, review_experience_date, review_rate, user_name, user_link, user_id, extra, parent_url
Victory Dendropark, 3, 4, Parks, Europe & Ukraine & Odessa Oblast & Odessa & Things to Do in Odessa, 4.5, 46.488277, 30.72619, 396061938, 20160701, 20160701, 4.0, viktorex, https://www.tripadvisor.com/Profile/viktorex, af71d8e5703923df0de5404560781a7b, Excellent : 10 & Very Good : 7 & Average : 1 & Poor : 0 & Terrible : 0, /Attraction_Review-g295368-d6502829-Reviews-Victory_Dendropark-Odessa_Odessa_Oblast.html
Victory Dendropark, 3, 4, Parks, Europe & Ukraine & Odessa Oblast & Odessa & Things to Do in Odessa, 4.5, 46.488277, 30.72619, 356458590, 20160301, 20150701, 5.0, Elena K, https://www.tripadvisor.com/Profile/H8926AOelenak, 724b12124213380854c510f8e2e4dffd, Excellent : 10 & Very Good : 7 & Average : 1 & Poor : 0 & Terrible : 0, /Attraction_Review-g295368-d6502829-Reviews-Victory_Dendropark-Odessa_Odessa_Oblast.html
Victory Dendropark, 3, 4, Parks, Europe & Ukraine & Odessa Oblast & Odessa & Things to Do in Odessa, 4.5, 46.488277, 30.72619, 345202585, 20160201, 20150801, 4.0, Disaster19, https://www.tripadvisor.com/Profile/Disaster19, 5cd05e4c88b42fad6064b3a8bd22ee73, Excellent : 10 & Very Good : 7 & Average : 1 & Poor : 0 & Terrible : 0, /Attraction_Review-g295368-d6502829-Reviews-Victory_Dendropark-Odessa_Odessa_Oblast.html
Victory Dendropark, 3, 4, Parks, Europe & Ukraine & Odessa Oblast & Odessa & Things to Do in Odessa, 4.5, 46.488277, 30.72619, 339007875, 20160101, 20150601, 4.0, Alexander A, https://www.tripadvisor.com/Profile/369alexandera, 8799aa4148b11c116c5aabddcb2871f4, Excellent : 10 & Very Good : 7 & Average : 1 & Poor : 0 & Terrible : 0, /Attraction_Review-g295368-d6502829-Reviews-Victory_Dendropark-Odessa_Odessa_Oblast.html
Victory Dendropark, 3, 4, Parks, Europe & Ukraine & Odessa Oblast & Odessa & Things to Do in Odessa, 4.5, 46.488277, 30.72619, 315099420, 20150901, 20150901, 5.0, Dmitriy T, https://www.tripadvisor.com/Profile/bumer75, 8d8c8ee4cc7b7c9a184e6b73168e34ee, Excellent : 10 & Very Good : 7 & Average : 1 & Poor : 0 & Terrible : 0, /Attraction_Review-g295368-d6502829-Reviews-Victory_Dendropark-Odessa_Odessa_Oblast.html
