review_location_name, review_current_page, review_last_page, review_location_type, review_location_breadcrumbs, review_location_rate, location_lat, location_lng, review_id, review_date, review_experience_date, review_rate, user_name, user_link, user_id, extra, parent_url
Primorsky Boulevard, 93, 165, Points of Interest & Landmarks, Europe & Ukraine & Odessa Oblast & Odessa & Things to Do in Odessa, 4.5, 46.488277, 30.72619, 393219525, 20160701, 20151101, 5.0, sveyura, https://www.tripadvisor.com/Profile/sveyura, 9edb10db71fe80a4df9feb449a0d842f, Excellent : 592 & Very Good : 185 & Average : 36 & Poor : 7 & Terrible : 3, /Attraction_Review-g295368-d554887-Reviews-Primorsky_Boulevard-Odessa_Odessa_Oblast.html
Primorsky Boulevard, 93, 165, Points of Interest & Landmarks, Europe & Ukraine & Odessa Oblast & Odessa & Things to Do in Odessa, 4.5, 46.488277, 30.72619, 392661428, 20160701, 20160701, 5.0, Vadim L, https://www.tripadvisor.com/Profile/108108vadiml, 30add8f1df2215baf618bff7880bca76, Excellent : 592 & Very Good : 185 & Average : 36 & Poor : 7 & Terrible : 3, /Attraction_Review-g295368-d554887-Reviews-Primorsky_Boulevard-Odessa_Odessa_Oblast.html
Primorsky Boulevard, 93, 165, Points of Interest & Landmarks, Europe & Ukraine & Odessa Oblast & Odessa & Things to Do in Odessa, 4.5, 46.488277, 30.72619, 392049400, 20160701, 20160701, 5.0, FedotovaD, https://www.tripadvisor.com/Profile/FedotovaD, b62cb07789219b83e802f615fc55bb45, Excellent : 592 & Very Good : 185 & Average : 36 & Poor : 7 & Terrible : 3, /Attraction_Review-g295368-d554887-Reviews-Primorsky_Boulevard-Odessa_Odessa_Oblast.html
Primorsky Boulevard, 93, 165, Points of Interest & Landmarks, Europe & Ukraine & Odessa Oblast & Odessa & Things to Do in Odessa, 4.5, 46.488277, 30.72619, 391689313, 20160701, 20160701, 5.0, Elena S, https://www.tripadvisor.com/Profile/ruskiruski, 68c00533e74bd4dc708b871fabd51c07, Excellent : 592 & Very Good : 185 & Average : 36 & Poor : 7 & Terrible : 3, /Attraction_Review-g295368-d554887-Reviews-Primorsky_Boulevard-Odessa_Odessa_Oblast.html
Primorsky Boulevard, 93, 165, Points of Interest & Landmarks, Europe & Ukraine & Odessa Oblast & Odessa & Things to Do in Odessa, 4.5, 46.488277, 30.72619, 391627474, 20160701, 20160701, 5.0, Анастасия Ч, https://www.tripadvisor.com/Profile/funticv1991, 5ab7c422beef3fa5d21df0d46574e700, Excellent : 592 & Very Good : 185 & Average : 36 & Poor : 7 & Terrible : 3, /Attraction_Review-g295368-d554887-Reviews-Primorsky_Boulevard-Odessa_Odessa_Oblast.html
