review_location_name, review_current_page, review_last_page, review_location_type, review_location_breadcrumbs, review_location_rate, location_lat, location_lng, review_id, review_date, review_experience_date, review_rate, user_name, user_link, user_id, extra, parent_url
Museum of Interesting Science, 16, 40, Specialty Museums, Europe & Ukraine & Odessa Oblast & Odessa & Things to Do in Odessa, 4.5, 46.488277, 30.72619, 566524357, 20180301, 20170801, 4.0, Alex J, https://www.tripadvisor.com/Profile/alexjoz, 897bf51b91726973a0e08b352a0a5dc8, Excellent : 152 & Very Good : 35 & Average : 5 & Poor : 7 & Terrible : 1, /Attraction_Review-g295368-d6755140-Reviews-Museum_of_Interesting_Science-Odessa_Odessa_Oblast.html
Museum of Interesting Science, 16, 40, Specialty Museums, Europe & Ukraine & Odessa Oblast & Odessa & Things to Do in Odessa, 4.5, 46.488277, 30.72619, 565789031, 20180301, 20180301, 5.0, Kateryna, https://www.tripadvisor.com/Profile/katerynao821, 783bd56b775559a59f28070d90036662, Excellent : 152 & Very Good : 35 & Average : 5 & Poor : 7 & Terrible : 1, /Attraction_Review-g295368-d6755140-Reviews-Museum_of_Interesting_Science-Odessa_Odessa_Oblast.html
Museum of Interesting Science, 16, 40, Specialty Museums, Europe & Ukraine & Odessa Oblast & Odessa & Things to Do in Odessa, 4.5, 46.488277, 30.72619, 565670553, 20180301, 20170401, 5.0, Liza I, https://www.tripadvisor.com/Profile/644lizai, ca70e942cb5ee2722c5fab319c81fa86, Excellent : 152 & Very Good : 35 & Average : 5 & Poor : 7 & Terrible : 1, /Attraction_Review-g295368-d6755140-Reviews-Museum_of_Interesting_Science-Odessa_Odessa_Oblast.html
Museum of Interesting Science, 16, 40, Specialty Museums, Europe & Ukraine & Odessa Oblast & Odessa & Things to Do in Odessa, 4.5, 46.488277, 30.72619, 563888286, 20180301, 20170601, 5.0, Christina Y, https://www.tripadvisor.com/Profile/323christinay, 49b3ce1d6bb3de81efa91f33fae5625d, Excellent : 152 & Very Good : 35 & Average : 5 & Poor : 7 & Terrible : 1, /Attraction_Review-g295368-d6755140-Reviews-Museum_of_Interesting_Science-Odessa_Odessa_Oblast.html
Museum of Interesting Science, 16, 40, Specialty Museums, Europe & Ukraine & Odessa Oblast & Odessa & Things to Do in Odessa, 4.5, 46.488277, 30.72619, 560808975, 20180201, 20171001, 5.0, Катюша В, https://www.tripadvisor.com/Profile/U5131TN_, a6760899da9d88b0091cafaa1e97eafc, Excellent : 152 & Very Good : 35 & Average : 5 & Poor : 7 & Terrible : 1, /Attraction_Review-g295368-d6755140-Reviews-Museum_of_Interesting_Science-Odessa_Odessa_Oblast.html
