review_location_name, review_current_page, review_last_page, review_location_type, review_location_breadcrumbs, review_location_rate, location_lat, location_lng, review_id, review_date, review_experience_date, review_rate, user_name, user_link, user_id, extra, parent_url
Sailor`s Wife Monument, 25, 31, Points of Interest & Landmarks & Monuments & Statues, Europe & Ukraine & Odessa Oblast & Odessa & Things to Do in Odessa, 4.5, 46.488277, 30.72619, 292865349, 20150701, 20150701, 5.0, Daos R, https://www.tripadvisor.com/Profile/daosr, ecdaf1ad88874f56e97094d5af496a18, Excellent : 102 & Very Good : 33 & Average : 17 & Poor : 2 & Terrible : 0, /Attraction_Review-g295368-d5259015-Reviews-Sailor_s_Wife_Monument-Odessa_Odessa_Oblast.html
Sailor`s Wife Monument, 25, 31, Points of Interest & Landmarks & Monuments & Statues, Europe & Ukraine & Odessa Oblast & Odessa & Things to Do in Odessa, 4.5, 46.488277, 30.72619, 291446255, 20150701, 20150701, 4.0, Андрей М, https://www.tripadvisor.com/Profile/andru8519, 977a132a1a043441ecf01ec1579f2d5a, Excellent : 102 & Very Good : 33 & Average : 17 & Poor : 2 & Terrible : 0, /Attraction_Review-g295368-d5259015-Reviews-Sailor_s_Wife_Monument-Odessa_Odessa_Oblast.html
Sailor`s Wife Monument, 25, 31, Points of Interest & Landmarks & Monuments & Statues, Europe & Ukraine & Odessa Oblast & Odessa & Things to Do in Odessa, 4.5, 46.488277, 30.72619, 287600150, 20150701, 20150601, 4.0, Aleksandr884, https://www.tripadvisor.com/Profile/Aleksandr884, 2dd0eb1fca4d3204abcb86d70919009f, Excellent : 102 & Very Good : 33 & Average : 17 & Poor : 2 & Terrible : 0, /Attraction_Review-g295368-d5259015-Reviews-Sailor_s_Wife_Monument-Odessa_Odessa_Oblast.html
Sailor`s Wife Monument, 25, 31, Points of Interest & Landmarks & Monuments & Statues, Europe & Ukraine & Odessa Oblast & Odessa & Things to Do in Odessa, 4.5, 46.488277, 30.72619, 287329420, 20150701, 20150301, 5.0, Alexander K, https://www.tripadvisor.com/Profile/S4260BKalexanderk, a04218c96b8892dacf84dfda5ed3cb62, Excellent : 102 & Very Good : 33 & Average : 17 & Poor : 2 & Terrible : 0, /Attraction_Review-g295368-d5259015-Reviews-Sailor_s_Wife_Monument-Odessa_Odessa_Oblast.html
Sailor`s Wife Monument, 25, 31, Points of Interest & Landmarks & Monuments & Statues, Europe & Ukraine & Odessa Oblast & Odessa & Things to Do in Odessa, 4.5, 46.488277, 30.72619, 286812866, 20150701, 20140901, 5.0, Юрий П, https://www.tripadvisor.com/Profile/_Z9516AN, 94bf9463aa92594aa6e3f47df6571e0e, Excellent : 102 & Very Good : 33 & Average : 17 & Poor : 2 & Terrible : 0, /Attraction_Review-g295368-d5259015-Reviews-Sailor_s_Wife_Monument-Odessa_Odessa_Oblast.html
