review_location_name, review_current_page, review_last_page, review_location_type, review_location_breadcrumbs, review_location_rate, location_lat, location_lng, review_id, review_date, review_experience_date, review_rate, user_name, user_link, user_id, extra, parent_url
Spaso-Preobrazhenskiy Cathedral, 4, 16, Churches & Cathedrals, Europe & Ukraine & Odessa Oblast & Odessa & Things to Do in Odessa, 4.5, 46.488277, 30.72619, 604582328, 20180801, 20180801, 4.0, stefanprisacariu, https://www.tripadvisor.com/Profile/stefanprisacariu, 4a07f8a035170bfe06e1011d2495bbf5, Excellent : 43 & Very Good : 25 & Average : 8 & Poor : 0 & Terrible : 0, /Attraction_Review-g295368-d6493585-Reviews-Spaso_Preobrazhenskiy_Cathedral-Odessa_Odessa_Oblast.html
Spaso-Preobrazhenskiy Cathedral, 4, 16, Churches & Cathedrals, Europe & Ukraine & Odessa Oblast & Odessa & Things to Do in Odessa, 4.5, 46.488277, 30.72619, 597360928, 20180701, 20171101, 5.0, Jim H, https://www.tripadvisor.com/Profile/X5564XMjimh, f4c7248bf0b2c5d034bbd807ff8217df, Excellent : 43 & Very Good : 25 & Average : 8 & Poor : 0 & Terrible : 0, /Attraction_Review-g295368-d6493585-Reviews-Spaso_Preobrazhenskiy_Cathedral-Odessa_Odessa_Oblast.html
Spaso-Preobrazhenskiy Cathedral, 4, 16, Churches & Cathedrals, Europe & Ukraine & Odessa Oblast & Odessa & Things to Do in Odessa, 4.5, 46.488277, 30.72619, 595265577, 20180701, 20180601, 4.0, Joelyn O, https://www.tripadvisor.com/Profile/JoelynO, 05954efd499e982c050e76c94b8d9e13, Excellent : 43 & Very Good : 25 & Average : 8 & Poor : 0 & Terrible : 0, /Attraction_Review-g295368-d6493585-Reviews-Spaso_Preobrazhenskiy_Cathedral-Odessa_Odessa_Oblast.html
Spaso-Preobrazhenskiy Cathedral, 4, 16, Churches & Cathedrals, Europe & Ukraine & Odessa Oblast & Odessa & Things to Do in Odessa, 4.5, 46.488277, 30.72619, 585610341, 20180601, 20180601, 4.0, Leon Z, https://www.tripadvisor.com/Profile/leonz51, 486db3ea3614303a94ea2180e401a97a, Excellent : 43 & Very Good : 25 & Average : 8 & Poor : 0 & Terrible : 0, /Attraction_Review-g295368-d6493585-Reviews-Spaso_Preobrazhenskiy_Cathedral-Odessa_Odessa_Oblast.html
Spaso-Preobrazhenskiy Cathedral, 4, 16, Churches & Cathedrals, Europe & Ukraine & Odessa Oblast & Odessa & Things to Do in Odessa, 4.5, 46.488277, 30.72619, 579833211, 20180501, 20171001, 3.0, withsol, https://www.tripadvisor.com/Profile/withsol, 4de67f7c0e14ac09e905a89357212818, Excellent : 43 & Very Good : 25 & Average : 8 & Poor : 0 & Terrible : 0, /Attraction_Review-g295368-d6493585-Reviews-Spaso_Preobrazhenskiy_Cathedral-Odessa_Odessa_Oblast.html
