review_location_name, review_current_page, review_last_page, review_location_type, review_location_breadcrumbs, review_location_rate, location_lat, location_lng, review_id, review_date, review_experience_date, review_rate, user_name, user_link, user_id, parent_url
Deribasovskaya Street, 30, 94, Points of Interest & Landmarks & Points of Interest & Landmarks, Europe & Ukraine & Odessa Oblast & Odessa & Things to Do in Odessa, 4.5, 46.48428, 30.73621, 531067658, 20171001, 20171001, 3.0, amysam, /Profile/amysam, 70d3b6178b3273a40564aa98407797a5, /Attraction_Review-g295368-d554486-Reviews-Deribasovskaya_Street-Odessa_Odessa_Oblast.html
Deribasovskaya Street, 30, 94, Points of Interest & Landmarks & Points of Interest & Landmarks, Europe & Ukraine & Odessa Oblast & Odessa & Things to Do in Odessa, 4.5, 46.48428, 30.73621, 530653914, 20171001, 20171001, 4.0, Travelwinter55, /Profile/Travelwinter55, 7b6eb98175c688f8dc67187afde89c52, /Attraction_Review-g295368-d554486-Reviews-Deribasovskaya_Street-Odessa_Odessa_Oblast.html
Deribasovskaya Street, 30, 94, Points of Interest & Landmarks & Points of Interest & Landmarks, Europe & Ukraine & Odessa Oblast & Odessa & Things to Do in Odessa, 4.5, 46.48428, 30.73621, 528631043, 20170901, 20170901, 4.0, KTBergsten, /Profile/KTBergsten, ce3e0caaaa825d432eecace8efe335cc, /Attraction_Review-g295368-d554486-Reviews-Deribasovskaya_Street-Odessa_Odessa_Oblast.html
Deribasovskaya Street, 30, 94, Points of Interest & Landmarks & Points of Interest & Landmarks, Europe & Ukraine & Odessa Oblast & Odessa & Things to Do in Odessa, 4.5, 46.48428, 30.73621, 528323146, 20170901, 20170901, 4.0, MartinCamberwell, /Profile/MartinCamberwell, bad492a64f0df82d6c3c6e6d1383b7cf, /Attraction_Review-g295368-d554486-Reviews-Deribasovskaya_Street-Odessa_Odessa_Oblast.html
Deribasovskaya Street, 30, 94, Points of Interest & Landmarks & Points of Interest & Landmarks, Europe & Ukraine & Odessa Oblast & Odessa & Things to Do in Odessa, 4.5, 46.48428, 30.73621, 526413506, 20170901, 20170901, 5.0, Andrey M, /Profile/951andreym, a3b78a56608b79574f4f521bb08537ad, /Attraction_Review-g295368-d554486-Reviews-Deribasovskaya_Street-Odessa_Odessa_Oblast.html
