review_location_name, review_current_page, review_last_page, review_location_type, review_location_breadcrumbs, review_location_rate, location_lat, location_lng, review_id, review_date, review_experience_date, review_rate, user_name, user_link, user_id, extra, parent_url
Ethno Park New Vasyuki, 3, 4, Zoos & Game & Entertainment Centers, Europe & Ukraine & Odessa Oblast & Molodizhne & Things to Do in Molodizhne, 4.0, 46.30984, 30.61392, 589746401, 20180601, 20180601, 2.0, Nastassja_Green, https://www.tripadvisor.com/Profile/Nastassja_Green, f955dbc46ad2a85b2ddf3d76b930e04b, Excellent : 7 & Very Good : 4 & Average : 2 & Poor : 3 & Terrible : 1, /Attraction_Review-g12130120-d12123625-Reviews-Ethno_Park_New_Vasyuki-Molodizhne_Odessa_Oblast.html
Ethno Park New Vasyuki, 3, 4, Zoos & Game & Entertainment Centers, Europe & Ukraine & Odessa Oblast & Molodizhne & Things to Do in Molodizhne, 4.0, 46.30984, 30.61392, 583703059, 20180501, 20180501, 5.0, Натали С, https://www.tripadvisor.com/Profile/_N227MK, 8ac4759c3eb7df6a98a8771ffc5b09f3, Excellent : 7 & Very Good : 4 & Average : 2 & Poor : 3 & Terrible : 1, /Attraction_Review-g12130120-d12123625-Reviews-Ethno_Park_New_Vasyuki-Molodizhne_Odessa_Oblast.html
Ethno Park New Vasyuki, 3, 4, Zoos & Game & Entertainment Centers, Europe & Ukraine & Odessa Oblast & Molodizhne & Things to Do in Molodizhne, 4.0, 46.30984, 30.61392, 579785290, 20180501, 20180501, 3.0, Алена М, https://www.tripadvisor.com/Profile/U2438VV_, d4d763290a35659f225c220a2275e0ad, Excellent : 7 & Very Good : 4 & Average : 2 & Poor : 3 & Terrible : 1, /Attraction_Review-g12130120-d12123625-Reviews-Ethno_Park_New_Vasyuki-Molodizhne_Odessa_Oblast.html
Ethno Park New Vasyuki, 3, 4, Zoos & Game & Entertainment Centers, Europe & Ukraine & Odessa Oblast & Molodizhne & Things to Do in Molodizhne, 4.0, 46.30984, 30.61392, 563768470, 20180301, 20180301, 4.0, Таня С, https://www.tripadvisor.com/Profile/L6337XI_, b5ffb45ee10b114d76d0f25f3e8d32ba, Excellent : 7 & Very Good : 4 & Average : 2 & Poor : 3 & Terrible : 1, /Attraction_Review-g12130120-d12123625-Reviews-Ethno_Park_New_Vasyuki-Molodizhne_Odessa_Oblast.html
Ethno Park New Vasyuki, 3, 4, Zoos & Game & Entertainment Centers, Europe & Ukraine & Odessa Oblast & Molodizhne & Things to Do in Molodizhne, 4.0, 46.30984, 30.61392, 552558697, 20180101, 20180101, 4.0, Андрей С, https://www.tripadvisor.com/Profile/_Z1241JN, 147f9d28f0e2429e1907314bc9ee0d90, Excellent : 7 & Very Good : 4 & Average : 2 & Poor : 3 & Terrible : 1, /Attraction_Review-g12130120-d12123625-Reviews-Ethno_Park_New_Vasyuki-Molodizhne_Odessa_Oblast.html
