review_location_name, review_current_page, review_last_page, review_location_type, review_location_breadcrumbs, review_location_rate, location_lat, location_lng, review_id, review_date, review_experience_date, review_rate, user_name, user_link, user_id, extra, parent_url
Arcadia district, 34, 74, Neighborhoods, Europe & Ukraine & Odessa Oblast & Odessa & Things to Do in Odessa, 4.0, 46.488277, 30.72619, 399376654, 20160701, 20160701, 5.0, Emma, https://www.tripadvisor.com/Profile/Emmochka01, 8ae9fd332d0b70ce528b0f3536a05e61, Excellent : 162 & Very Good : 84 & Average : 66 & Poor : 32 & Terrible : 25, /Attraction_Review-g295368-d554872-Reviews-Arcadia_district-Odessa_Odessa_Oblast.html
Arcadia district, 34, 74, Neighborhoods, Europe & Ukraine & Odessa Oblast & Odessa & Things to Do in Odessa, 4.0, 46.488277, 30.72619, 398917992, 20160701, 20160701, 5.0, LanaIndy, https://www.tripadvisor.com/Profile/lana_indy, bf60187f4f6dd73eaff4a8b48102b417, Excellent : 162 & Very Good : 84 & Average : 66 & Poor : 32 & Terrible : 25, /Attraction_Review-g295368-d554872-Reviews-Arcadia_district-Odessa_Odessa_Oblast.html
Arcadia district, 34, 74, Neighborhoods, Europe & Ukraine & Odessa Oblast & Odessa & Things to Do in Odessa, 4.0, 46.488277, 30.72619, 398276813, 20160701, 20160701, 5.0, Людмила З, https://www.tripadvisor.com/Profile/_I6977SS, 4e1674a258e34b1752a235863c4cfc0b, Excellent : 162 & Very Good : 84 & Average : 66 & Poor : 32 & Terrible : 25, /Attraction_Review-g295368-d554872-Reviews-Arcadia_district-Odessa_Odessa_Oblast.html
Arcadia district, 34, 74, Neighborhoods, Europe & Ukraine & Odessa Oblast & Odessa & Things to Do in Odessa, 4.0, 46.488277, 30.72619, 396419287, 20160701, 20160701, 4.0, Abdel R, https://www.tripadvisor.com/Profile/344abdelr, 1faaff11fda3df3f1e86b56d630bb7ab, Excellent : 162 & Very Good : 84 & Average : 66 & Poor : 32 & Terrible : 25, /Attraction_Review-g295368-d554872-Reviews-Arcadia_district-Odessa_Odessa_Oblast.html
Arcadia district, 34, 74, Neighborhoods, Europe & Ukraine & Odessa Oblast & Odessa & Things to Do in Odessa, 4.0, 46.488277, 30.72619, 395793969, 20160701, 20160701, 4.0, Kate L, https://www.tripadvisor.com/Profile/Katya60, e26d5b2a0b4ae9dab266c01133bffba7, Excellent : 162 & Very Good : 84 & Average : 66 & Poor : 32 & Terrible : 25, /Attraction_Review-g295368-d554872-Reviews-Arcadia_district-Odessa_Odessa_Oblast.html
