review_location_name, review_current_page, review_last_page, review_location_type, review_location_breadcrumbs, review_location_rate, location_lat, location_lng, review_id, review_date, review_experience_date, review_rate, user_name, user_link, user_id, parent_url
The Odessa Port, 11, 28, Bodies of Water & Bodies of Water, Europe & Ukraine & Odessa Oblast & Odessa & Things to Do in Odessa, 4.0, 46.4895, 30.743805, 414473688, 20160901, 20160801, 3.0, MarcDude, /Profile/MarcDude, 3c8660993d16b8b07bcb84f5f2b2bf40, /Attraction_Review-g295368-d554488-Reviews-The_Odessa_Port-Odessa_Odessa_Oblast.html
The Odessa Port, 11, 28, Bodies of Water & Bodies of Water, Europe & Ukraine & Odessa Oblast & Odessa & Things to Do in Odessa, 4.0, 46.4895, 30.743805, 413532980, 20160901, 20160701, 5.0, yossinir123, /Profile/yossinir123, 670eda1a8a220376cd19a939f9ae8230, /Attraction_Review-g295368-d554488-Reviews-The_Odessa_Port-Odessa_Odessa_Oblast.html
The Odessa Port, 11, 28, Bodies of Water & Bodies of Water, Europe & Ukraine & Odessa Oblast & Odessa & Things to Do in Odessa, 4.0, 46.4895, 30.743805, 404471754, 20160801, 20160601, 4.0, Lesly H, /Profile/Lesly_Bristol, fc113d7fdf5d465dcb1704b95bec119e, /Attraction_Review-g295368-d554488-Reviews-The_Odessa_Port-Odessa_Odessa_Oblast.html
The Odessa Port, 11, 28, Bodies of Water & Bodies of Water, Europe & Ukraine & Odessa Oblast & Odessa & Things to Do in Odessa, 4.0, 46.4895, 30.743805, 402923550, 20160801, 20160801, 4.0, Stephen M, /Profile/samcevoy, 917e0275f554270652c46341b0cb1887, /Attraction_Review-g295368-d554488-Reviews-The_Odessa_Port-Odessa_Odessa_Oblast.html
The Odessa Port, 11, 28, Bodies of Water & Bodies of Water, Europe & Ukraine & Odessa Oblast & Odessa & Things to Do in Odessa, 4.0, 46.4895, 30.743805, 399095585, 20160701, 20160401, 4.0, Frank B, /Profile/C8777TUfrankb, 7bc291e2a57e969a5b96ecede938cb7b, /Attraction_Review-g295368-d554488-Reviews-The_Odessa_Port-Odessa_Odessa_Oblast.html
