review_location_name, review_current_page, review_last_page, review_location_type, review_location_breadcrumbs, review_location_rate, location_lat, location_lng, review_id, review_date, review_experience_date, review_rate, user_name, user_link, user_id, parent_url
Lanzheron Beach, 8, 9, Beaches & Beaches, Europe & Ukraine & Odessa Oblast & Odessa & Things to Do in Odessa, 4.0, 46.471024, 30.764517, 308870574, 20150901, 20150901, 3.0, SigitaVilnius, /Profile/SigitaVilnius, ec2d3a53db27e27d1301e88c21343d0c, /Attraction_Review-g295368-d4952695-Reviews-Lanzheron_Beach-Odessa_Odessa_Oblast.html
Lanzheron Beach, 8, 9, Beaches & Beaches, Europe & Ukraine & Odessa Oblast & Odessa & Things to Do in Odessa, 4.0, 46.471024, 30.764517, 272191054, 20150501, 20150501, 4.0, bathpair, /Profile/bathpair, 7ac9621e5d43ed70fac4a1b454fcc31f, /Attraction_Review-g295368-d4952695-Reviews-Lanzheron_Beach-Odessa_Odessa_Oblast.html
Lanzheron Beach, 8, 9, Beaches & Beaches, Europe & Ukraine & Odessa Oblast & Odessa & Things to Do in Odessa, 4.0, 46.471024, 30.764517, 254630084, 20150201, 20150201, 4.0, Nadiya K, /Profile/NadiyaK_12, 53108fd3fbba1d55b8100eea5f751e95, /Attraction_Review-g295368-d4952695-Reviews-Lanzheron_Beach-Odessa_Odessa_Oblast.html
Lanzheron Beach, 8, 9, Beaches & Beaches, Europe & Ukraine & Odessa Oblast & Odessa & Things to Do in Odessa, 4.0, 46.471024, 30.764517, 251474464, 20150101, 20150101, 3.0, Elena B, /Profile/Shkapova, 4fbd0949fe0030c57cbac43fbd1001d6, /Attraction_Review-g295368-d4952695-Reviews-Lanzheron_Beach-Odessa_Odessa_Oblast.html
Lanzheron Beach, 8, 9, Beaches & Beaches, Europe & Ukraine & Odessa Oblast & Odessa & Things to Do in Odessa, 4.0, 46.471024, 30.764517, 223355554, 20140801, 20140801, 3.0, Nik0laevna, /Profile/Nik0laevna, 12ec0cbc8f86f4294f3681595cefde34, /Attraction_Review-g295368-d4952695-Reviews-Lanzheron_Beach-Odessa_Odessa_Oblast.html
