review_location_name, review_current_page, review_last_page, review_location_type, review_location_breadcrumbs, review_location_rate, location_lat, location_lng, review_id, review_date, review_experience_date, review_rate, user_name, user_link, user_id, extra, parent_url
Museum of Interesting Science, 28, 40, Specialty Museums, Europe & Ukraine & Odessa Oblast & Odessa & Things to Do in Odessa, 4.5, 46.488277, 30.72619, 395881149, 20160701, 20160601, 5.0, Svetlana T, https://www.tripadvisor.com/Profile/397olesyar, 6ec3f3101febe546a5ef41a7743f3171, Excellent : 152 & Very Good : 35 & Average : 5 & Poor : 7 & Terrible : 1, /Attraction_Review-g295368-d6755140-Reviews-Museum_of_Interesting_Science-Odessa_Odessa_Oblast.html
Museum of Interesting Science, 28, 40, Specialty Museums, Europe & Ukraine & Odessa Oblast & Odessa & Things to Do in Odessa, 4.5, 46.488277, 30.72619, 394865422, 20160701, 20160301, 5.0, Andrey B, https://www.tripadvisor.com/Profile/andbob, bd472e71f34288eb83105ecc4fe4daf8, Excellent : 152 & Very Good : 35 & Average : 5 & Poor : 7 & Terrible : 1, /Attraction_Review-g295368-d6755140-Reviews-Museum_of_Interesting_Science-Odessa_Odessa_Oblast.html
Museum of Interesting Science, 28, 40, Specialty Museums, Europe & Ukraine & Odessa Oblast & Odessa & Things to Do in Odessa, 4.5, 46.488277, 30.72619, 394285211, 20160701, 20160701, 5.0, Anton D, https://www.tripadvisor.com/Profile/713antond, 94353958c24f0a933846ef4419f52edf, Excellent : 152 & Very Good : 35 & Average : 5 & Poor : 7 & Terrible : 1, /Attraction_Review-g295368-d6755140-Reviews-Museum_of_Interesting_Science-Odessa_Odessa_Oblast.html
Museum of Interesting Science, 28, 40, Specialty Museums, Europe & Ukraine & Odessa Oblast & Odessa & Things to Do in Odessa, 4.5, 46.488277, 30.72619, 393412311, 20160701, 20160601, 5.0, Anastasiia K, https://www.tripadvisor.com/Profile/Guiltydream, 23049ba4c951615c9cc0a17301bdf74b, Excellent : 152 & Very Good : 35 & Average : 5 & Poor : 7 & Terrible : 1, /Attraction_Review-g295368-d6755140-Reviews-Museum_of_Interesting_Science-Odessa_Odessa_Oblast.html
Museum of Interesting Science, 28, 40, Specialty Museums, Europe & Ukraine & Odessa Oblast & Odessa & Things to Do in Odessa, 4.5, 46.488277, 30.72619, 390082651, 20160701, 20160701, 5.0, Julia U, https://www.tripadvisor.com/Profile/juliaUtr, 0e45d265afeedc1f38e0fb9d8a62913a, Excellent : 152 & Very Good : 35 & Average : 5 & Poor : 7 & Terrible : 1, /Attraction_Review-g295368-d6755140-Reviews-Museum_of_Interesting_Science-Odessa_Odessa_Oblast.html
