review_location_name, review_current_page, review_last_page, review_location_type, review_location_breadcrumbs, review_location_rate, location_lat, location_lng, review_id, review_date, review_experience_date, review_rate, user_name, user_link, user_id, extra, parent_url
City Garden, 74, 104, Parks, Europe & Ukraine & Odessa Oblast & Odessa & Things to Do in Odessa, 4.5, 46.488277, 30.72619, 302263229, 20150801, 20150801, 5.0, anastasiyagavrina, https://www.tripadvisor.com/Profile/anastasiyagavrina, da91a69efeeddb9404114b3000dcb706, Excellent : 336 & Very Good : 137 & Average : 38 & Poor : 5 & Terrible : 2, /Attraction_Review-g295368-d554490-Reviews-City_Garden-Odessa_Odessa_Oblast.html
City Garden, 74, 104, Parks, Europe & Ukraine & Odessa Oblast & Odessa & Things to Do in Odessa, 4.5, 46.488277, 30.72619, 301809233, 20150801, 20150801, 5.0, ShaneWylie, https://www.tripadvisor.com/Profile/ShaneWylie, efb39f580662c69e5c3842dcecdd070e, Excellent : 336 & Very Good : 137 & Average : 38 & Poor : 5 & Terrible : 2, /Attraction_Review-g295368-d554490-Reviews-City_Garden-Odessa_Odessa_Oblast.html
City Garden, 74, 104, Parks, Europe & Ukraine & Odessa Oblast & Odessa & Things to Do in Odessa, 4.5, 46.488277, 30.72619, 299997931, 20150801, 20150801, 4.0, Denis F, https://www.tripadvisor.com/Profile/969denisf, c4690b8c027a60fb61dba233bc9b9aec, Excellent : 336 & Very Good : 137 & Average : 38 & Poor : 5 & Terrible : 2, /Attraction_Review-g295368-d554490-Reviews-City_Garden-Odessa_Odessa_Oblast.html
City Garden, 74, 104, Parks, Europe & Ukraine & Odessa Oblast & Odessa & Things to Do in Odessa, 4.5, 46.488277, 30.72619, 299595817, 20150801, 20150701, 4.0, AndyBSin, https://www.tripadvisor.com/Profile/AndyBSin, 52983068a003bd5390e69766085850bc, Excellent : 336 & Very Good : 137 & Average : 38 & Poor : 5 & Terrible : 2, /Attraction_Review-g295368-d554490-Reviews-City_Garden-Odessa_Odessa_Oblast.html
City Garden, 74, 104, Parks, Europe & Ukraine & Odessa Oblast & Odessa & Things to Do in Odessa, 4.5, 46.488277, 30.72619, 299304075, 20150801, 20150801, 4.0, solofem77, https://www.tripadvisor.com/Profile/solofem77, fec36b0788d6f01c0760962552b263d2, Excellent : 336 & Very Good : 137 & Average : 38 & Poor : 5 & Terrible : 2, /Attraction_Review-g295368-d554490-Reviews-City_Garden-Odessa_Odessa_Oblast.html
