review_location_name, review_current_page, review_last_page, review_location_type, review_location_breadcrumbs, review_location_rate, location_lat, location_lng, review_id, review_date, review_experience_date, review_rate, user_name, user_link, user_id, extra, parent_url
Vorontsov Lighthouse, 2, 6, Points of Interest & Landmarks & Lighthouses, Europe & Ukraine & Odessa Oblast & Odessa & Things to Do in Odessa, 4.5, 46.488277, 30.72619, 706925792, 20190901, 20190801, 5.0, Asya, https://www.tripadvisor.com/Profile/SaPeGiNa_88, abf73a48e4a0ac43994f3ccf131c448a, Excellent : 15 & Very Good : 6 & Average : 6 & Poor : 0 & Terrible : 0, /Attraction_Review-g295368-d5503625-Reviews-Vorontsov_Lighthouse-Odessa_Odessa_Oblast.html
Vorontsov Lighthouse, 2, 6, Points of Interest & Landmarks & Lighthouses, Europe & Ukraine & Odessa Oblast & Odessa & Things to Do in Odessa, 4.5, 46.488277, 30.72619, 687008127, 20190701, 20190701, 4.0, buxino, https://www.tripadvisor.com/Profile/buxino, a8eb1ac94f9327a239a8023ad8a34bfb, Excellent : 15 & Very Good : 6 & Average : 6 & Poor : 0 & Terrible : 0, /Attraction_Review-g295368-d5503625-Reviews-Vorontsov_Lighthouse-Odessa_Odessa_Oblast.html
Vorontsov Lighthouse, 2, 6, Points of Interest & Landmarks & Lighthouses, Europe & Ukraine & Odessa Oblast & Odessa & Things to Do in Odessa, 4.5, 46.488277, 30.72619, 676730392, 20190501, 20190401, 4.0, Aleks_53, https://www.tripadvisor.com/Profile/Aleks_53, 57cd577aad83bf6830b3ced29e36bf55, Excellent : 15 & Very Good : 6 & Average : 6 & Poor : 0 & Terrible : 0, /Attraction_Review-g295368-d5503625-Reviews-Vorontsov_Lighthouse-Odessa_Odessa_Oblast.html
Vorontsov Lighthouse, 2, 6, Points of Interest & Landmarks & Lighthouses, Europe & Ukraine & Odessa Oblast & Odessa & Things to Do in Odessa, 4.5, 46.488277, 30.72619, 643426917, 20190101, 20180801, 5.0, Edward A, https://www.tripadvisor.com/Profile/edwarda_13, 34e7b1c0fbdf16912f32aec8bd22a4d7, Excellent : 15 & Very Good : 6 & Average : 6 & Poor : 0 & Terrible : 0, /Attraction_Review-g295368-d5503625-Reviews-Vorontsov_Lighthouse-Odessa_Odessa_Oblast.html
Vorontsov Lighthouse, 2, 6, Points of Interest & Landmarks & Lighthouses, Europe & Ukraine & Odessa Oblast & Odessa & Things to Do in Odessa, 4.5, 46.488277, 30.72619, 633771552, 20181101, 20181101, 3.0, Chipilingt, https://www.tripadvisor.com/Profile/Chipilingt, e4ed166bd27f969581d1aee5b6b6af39, Excellent : 15 & Very Good : 6 & Average : 6 & Poor : 0 & Terrible : 0, /Attraction_Review-g295368-d5503625-Reviews-Vorontsov_Lighthouse-Odessa_Odessa_Oblast.html
