review_location_name, review_current_page, review_last_page, review_location_type, review_location_breadcrumbs, review_location_rate, location_lat, location_lng, review_id, review_date, review_experience_date, review_rate, user_name, user_link, user_id, extra, parent_url
Statue of the Duc de Richelieu, 56, 55, Monuments & Statues, Europe & Ukraine & Odessa Oblast & Odessa & Things to Do in Odessa, 4.5, 46.488277, 30.72619, 128213856, 20120401, 20120401, 4.0, BorisMM, https://www.tripadvisor.com/Profile/BorisMM, bf913e3a8b867edcf6d91d7e6b80b30c, Excellent : 156 & Very Good : 78 & Average : 42 & Poor : 3 & Terrible : 1, /Attraction_Review-g295368-d554877-Reviews-Statue_of_the_Duc_de_Richelieu-Odessa_Odessa_Oblast.html
Statue of the Duc de Richelieu, 56, 55, Monuments & Statues, Europe & Ukraine & Odessa Oblast & Odessa & Things to Do in Odessa, 4.5, 46.488277, 30.72619, 126133745, 20120301, 20120201, 5.0, Kathy T, https://www.tripadvisor.com/Profile/231PaulT, 4cab42947afe9db08a6b18e0f3b029c4, Excellent : 156 & Very Good : 78 & Average : 42 & Poor : 3 & Terrible : 1, /Attraction_Review-g295368-d554877-Reviews-Statue_of_the_Duc_de_Richelieu-Odessa_Odessa_Oblast.html
Statue of the Duc de Richelieu, 56, 55, Monuments & Statues, Europe & Ukraine & Odessa Oblast & Odessa & Things to Do in Odessa, 4.5, 46.488277, 30.72619, 126000285, 20120301, 20120301, 5.0, _295368, https://www.tripadvisor.com/Profile/_295368, 33d0a1fe5e65ebb8111cdf0c721dc762, Excellent : 156 & Very Good : 78 & Average : 42 & Poor : 3 & Terrible : 1, /Attraction_Review-g295368-d554877-Reviews-Statue_of_the_Duc_de_Richelieu-Odessa_Odessa_Oblast.html
Statue of the Duc de Richelieu, 56, 55, Monuments & Statues, Europe & Ukraine & Odessa Oblast & Odessa & Things to Do in Odessa, 4.5, 46.488277, 30.72619, 125212730, 20120201, 20120201, 3.0, Harri E, https://www.tripadvisor.com/Profile/426harrie, af662afec667c04756380008403eeffe, Excellent : 156 & Very Good : 78 & Average : 42 & Poor : 3 & Terrible : 1, /Attraction_Review-g295368-d554877-Reviews-Statue_of_the_Duc_de_Richelieu-Odessa_Odessa_Oblast.html
Statue of the Duc de Richelieu, 56, 55, Monuments & Statues, Europe & Ukraine & Odessa Oblast & Odessa & Things to Do in Odessa, 4.5, 46.488277, 30.72619, 120995922, 20111101, 20110601, 3.0, dbuChris, https://www.tripadvisor.com/Profile/dbuChris, 550ecf32839b2539d35f6acecfa4b696, Excellent : 156 & Very Good : 78 & Average : 42 & Poor : 3 & Terrible : 1, /Attraction_Review-g295368-d554877-Reviews-Statue_of_the_Duc_de_Richelieu-Odessa_Odessa_Oblast.html
