review_location_name, review_current_page, review_last_page, review_location_type, review_location_breadcrumbs, review_location_rate, location_lat, location_lng, review_id, review_date, review_experience_date, review_rate, user_name, user_link, user_id, extra, parent_url
Arcadia Beach, 8, 30, Beaches, Europe & Ukraine & Odessa Oblast & Odessa & Things to Do in Odessa, 4.0, 46.488277, 30.72619, 608340519, 20180801, 20170901, 5.0, Татьяна К, https://www.tripadvisor.com/Profile/Cosmopolitan376998, 4a4cfaf0f22814520b864a3f3776edb0, Excellent : 58 & Very Good : 37 & Average : 32 & Poor : 15 & Terrible : 8, /Attraction_Review-g295368-d4547953-Reviews-Arcadia_Beach-Odessa_Odessa_Oblast.html
Arcadia Beach, 8, 30, Beaches, Europe & Ukraine & Odessa Oblast & Odessa & Things to Do in Odessa, 4.0, 46.488277, 30.72619, 607087606, 20180801, 20180601, 3.0, сиала в, https://www.tripadvisor.com/Profile/_N9671QJ, 3aec4e4c72db473b77464a39c085222c, Excellent : 58 & Very Good : 37 & Average : 32 & Poor : 15 & Terrible : 8, /Attraction_Review-g295368-d4547953-Reviews-Arcadia_Beach-Odessa_Odessa_Oblast.html
Arcadia Beach, 8, 30, Beaches, Europe & Ukraine & Odessa Oblast & Odessa & Things to Do in Odessa, 4.0, 46.488277, 30.72619, 606705148, 20180801, 20180801, 5.0, Тимур Я, https://www.tripadvisor.com/Profile/_E8569UQ, 24f3f9b05340494a34e06f5b3b014516, Excellent : 58 & Very Good : 37 & Average : 32 & Poor : 15 & Terrible : 8, /Attraction_Review-g295368-d4547953-Reviews-Arcadia_Beach-Odessa_Odessa_Oblast.html
Arcadia Beach, 8, 30, Beaches, Europe & Ukraine & Odessa Oblast & Odessa & Things to Do in Odessa, 4.0, 46.488277, 30.72619, 606586591, 20180801, 20180801, 4.0, jajaasha, https://www.tripadvisor.com/Profile/jajaasha, 70d57898b59a1561186fb3cb140827d6, Excellent : 58 & Very Good : 37 & Average : 32 & Poor : 15 & Terrible : 8, /Attraction_Review-g295368-d4547953-Reviews-Arcadia_Beach-Odessa_Odessa_Oblast.html
Arcadia Beach, 8, 30, Beaches, Europe & Ukraine & Odessa Oblast & Odessa & Things to Do in Odessa, 4.0, 46.488277, 30.72619, 606227959, 20180801, 20180801, 5.0, Лали А, https://www.tripadvisor.com/Profile/_J8614OL, 99bd0327aa76c7b8d91440df450c5fed, Excellent : 58 & Very Good : 37 & Average : 32 & Poor : 15 & Terrible : 8, /Attraction_Review-g295368-d4547953-Reviews-Arcadia_Beach-Odessa_Odessa_Oblast.html
