review_location_name, review_current_page, review_last_page, review_location_type, review_location_breadcrumbs, review_location_rate, location_lat, location_lng, review_id, review_date, review_experience_date, review_rate, user_name, user_link, user_id, parent_url
Arcadia district, 15, 28, Neighborhoods & Neighborhoods, Europe & Ukraine & Odessa Oblast & Odessa & Things to Do in Odessa, 4.0, 46.43012, 30.762306, 354849534, 20160301, 20150801, 5.0, monty133, /Profile/monty133, a926cac132298df102cdbe7fe3ba25f5, /Attraction_Review-g295368-d554872-Reviews-Arcadia_district-Odessa_Odessa_Oblast.html
Arcadia district, 15, 28, Neighborhoods & Neighborhoods, Europe & Ukraine & Odessa Oblast & Odessa & Things to Do in Odessa, 4.0, 46.43012, 30.762306, 333298481, 20151201, 20150801, 3.0, Paul S, /Profile/H732XCpauls, 9b959400caffabf8ce3bc45f17c44827, /Attraction_Review-g295368-d554872-Reviews-Arcadia_district-Odessa_Odessa_Oblast.html
Arcadia district, 15, 28, Neighborhoods & Neighborhoods, Europe & Ukraine & Odessa Oblast & Odessa & Things to Do in Odessa, 4.0, 46.43012, 30.762306, 316576231, 20151001, 20150501, 3.0, DermDude1, /Profile/DermDude1, 88b51449ff0deea47c908ba22331d763, /Attraction_Review-g295368-d554872-Reviews-Arcadia_district-Odessa_Odessa_Oblast.html
Arcadia district, 15, 28, Neighborhoods & Neighborhoods, Europe & Ukraine & Odessa Oblast & Odessa & Things to Do in Odessa, 4.0, 46.43012, 30.762306, 303261945, 20150801, 20150801, 1.0, Colin P, /Profile/colinp452, 5ba8acc38ce2885887b494a4398cec8d, /Attraction_Review-g295368-d554872-Reviews-Arcadia_district-Odessa_Odessa_Oblast.html
Arcadia district, 15, 28, Neighborhoods & Neighborhoods, Europe & Ukraine & Odessa Oblast & Odessa & Things to Do in Odessa, 4.0, 46.43012, 30.762306, 302229243, 20150801, 20150801, 5.0, Andy K, /Profile/andyk938, f934e080879f868bb16b06a4eb093edc, /Attraction_Review-g295368-d554872-Reviews-Arcadia_district-Odessa_Odessa_Oblast.html
