review_location_name, review_current_page, review_last_page, review_location_type, review_location_breadcrumbs, review_location_rate, location_lat, location_lng, review_id, review_date, review_experience_date, review_rate, user_name, user_link, user_id, parent_url
Shustov Cognac Museum, 2, 7, Specialty Museums & Specialty Museums, Europe & Ukraine & Odessa Oblast & Odessa & Things to Do in Odessa, 4.5, 46.460606, 30.704693, 616929525, 20180901, 20180501, 5.0, Juhani P, /Profile/JuhaniP54, ecbafaeec9c73c1edae4c5d25b980c49, /Attraction_Review-g295368-d6023952-Reviews-Shustov_Cognac_Museum-Odessa_Odessa_Oblast.html
Shustov Cognac Museum, 2, 7, Specialty Museums & Specialty Museums, Europe & Ukraine & Odessa Oblast & Odessa & Things to Do in Odessa, 4.5, 46.460606, 30.704693, 585613032, 20180601, 20180601, 4.0, Leon Z, /Profile/leonz51, 6317e115c962e222aa68d2e0f775e774, /Attraction_Review-g295368-d6023952-Reviews-Shustov_Cognac_Museum-Odessa_Odessa_Oblast.html
Shustov Cognac Museum, 2, 7, Specialty Museums & Specialty Museums, Europe & Ukraine & Odessa Oblast & Odessa & Things to Do in Odessa, 4.5, 46.460606, 30.704693, 538990451, 20171101, 20171101, 5.0, Devraj D, /Profile/DevrajD, 36c2b524356a153185fc677489dbf768, /Attraction_Review-g295368-d6023952-Reviews-Shustov_Cognac_Museum-Odessa_Odessa_Oblast.html
Shustov Cognac Museum, 2, 7, Specialty Museums & Specialty Museums, Europe & Ukraine & Odessa Oblast & Odessa & Things to Do in Odessa, 4.5, 46.460606, 30.704693, 526032842, 20170901, 20161101, 5.0, FusionPhoto, /Profile/FusionPhoto, 06952e478275f2b9865ba5984e8abdda, /Attraction_Review-g295368-d6023952-Reviews-Shustov_Cognac_Museum-Odessa_Odessa_Oblast.html
Shustov Cognac Museum, 2, 7, Specialty Museums & Specialty Museums, Europe & Ukraine & Odessa Oblast & Odessa & Things to Do in Odessa, 4.5, 46.460606, 30.704693, 522708160, 20170901, 20170901, 5.0, Joe J, /Profile/samzeroniner, 990f7238b7bf2a52e2c6468f867868b7, /Attraction_Review-g295368-d6023952-Reviews-Shustov_Cognac_Museum-Odessa_Odessa_Oblast.html
