review_location_name, review_current_page, review_last_page, review_location_type, review_location_breadcrumbs, review_location_rate, location_lat, location_lng, review_id, review_date, review_experience_date, review_rate, user_name, user_link, user_id, extra, parent_url
Deribasovskaya Street, 135, 292, Points of Interest & Landmarks, Europe & Ukraine & Odessa Oblast & Odessa & Things to Do in Odessa, 4.5, 46.488277, 30.72619, 458072858, 20170201, 20170201, 4.0, beste3535, https://www.tripadvisor.com/Profile/beste3535, 11925e24e026d5c43153205a75aef8c7, Excellent : 968 & Very Good : 336 & Average : 123 & Poor : 21 & Terrible : 10, /Attraction_Review-g295368-d554486-Reviews-Deribasovskaya_Street-Odessa_Odessa_Oblast.html
Deribasovskaya Street, 135, 292, Points of Interest & Landmarks, Europe & Ukraine & Odessa Oblast & Odessa & Things to Do in Odessa, 4.5, 46.488277, 30.72619, 457563939, 20170201, 20170201, 5.0, Viktor048, https://www.tripadvisor.com/Profile/Viktor048, 6aacd9f6f009a3cc5c9111d642410d7c, Excellent : 968 & Very Good : 336 & Average : 123 & Poor : 21 & Terrible : 10, /Attraction_Review-g295368-d554486-Reviews-Deribasovskaya_Street-Odessa_Odessa_Oblast.html
Deribasovskaya Street, 135, 292, Points of Interest & Landmarks, Europe & Ukraine & Odessa Oblast & Odessa & Things to Do in Odessa, 4.5, 46.488277, 30.72619, 456916239, 20170201, 20160301, 5.0, sofytea, https://www.tripadvisor.com/Profile/sofytea, 50b3735735f9abc403195110208a1368, Excellent : 968 & Very Good : 336 & Average : 123 & Poor : 21 & Terrible : 10, /Attraction_Review-g295368-d554486-Reviews-Deribasovskaya_Street-Odessa_Odessa_Oblast.html
Deribasovskaya Street, 135, 292, Points of Interest & Landmarks, Europe & Ukraine & Odessa Oblast & Odessa & Things to Do in Odessa, 4.5, 46.488277, 30.72619, 456090834, 20170101, 20160301, 5.0, Iren176, https://www.tripadvisor.com/Profile/Iren176, fbd6151903c323d5d9c0f0b012b90f09, Excellent : 968 & Very Good : 336 & Average : 123 & Poor : 21 & Terrible : 10, /Attraction_Review-g295368-d554486-Reviews-Deribasovskaya_Street-Odessa_Odessa_Oblast.html
Deribasovskaya Street, 135, 292, Points of Interest & Landmarks, Europe & Ukraine & Odessa Oblast & Odessa & Things to Do in Odessa, 4.5, 46.488277, 30.72619, 454539960, 20170101, 20170101, 5.0, Sébastien M, https://www.tripadvisor.com/Profile/Sebik01, a6eeecbb074836cbe551e11ca149cc4c, Excellent : 968 & Very Good : 336 & Average : 123 & Poor : 21 & Terrible : 10, /Attraction_Review-g295368-d554486-Reviews-Deribasovskaya_Street-Odessa_Odessa_Oblast.html
