review_location_name, review_current_page, review_last_page, review_location_type, review_location_breadcrumbs, review_location_rate, location_lat, location_lng, review_id, review_date, review_experience_date, review_rate, user_name, user_link, user_id, extra, parent_url
Spaso-Preobrazhenskiy Cathedral, 5, 16, Churches & Cathedrals, Europe & Ukraine & Odessa Oblast & Odessa & Things to Do in Odessa, 4.5, 46.488277, 30.72619, 579580113, 20180501, 20180501, 5.0, Terrance M, https://www.tripadvisor.com/Profile/termar, 327b6acbc5a93d1e0aada74e37a7efb8, Excellent : 43 & Very Good : 25 & Average : 8 & Poor : 0 & Terrible : 0, /Attraction_Review-g295368-d6493585-Reviews-Spaso_Preobrazhenskiy_Cathedral-Odessa_Odessa_Oblast.html
Spaso-Preobrazhenskiy Cathedral, 5, 16, Churches & Cathedrals, Europe & Ukraine & Odessa Oblast & Odessa & Things to Do in Odessa, 4.5, 46.488277, 30.72619, 542705757, 20171101, 20171001, 5.0, Ryszard_Ochodzki, https://www.tripadvisor.com/Profile/Ryszard_Ochodzki, e279bfea53a834b45a1cbb7f0c4dc9e6, Excellent : 43 & Very Good : 25 & Average : 8 & Poor : 0 & Terrible : 0, /Attraction_Review-g295368-d6493585-Reviews-Spaso_Preobrazhenskiy_Cathedral-Odessa_Odessa_Oblast.html
Spaso-Preobrazhenskiy Cathedral, 5, 16, Churches & Cathedrals, Europe & Ukraine & Odessa Oblast & Odessa & Things to Do in Odessa, 4.5, 46.488277, 30.72619, 541896904, 20171101, 20171101, 5.0, Юлия П, https://www.tripadvisor.com/Profile/_L8499MC, 4cf519cc37fa6b37f0a26738ef10d17a, Excellent : 43 & Very Good : 25 & Average : 8 & Poor : 0 & Terrible : 0, /Attraction_Review-g295368-d6493585-Reviews-Spaso_Preobrazhenskiy_Cathedral-Odessa_Odessa_Oblast.html
Spaso-Preobrazhenskiy Cathedral, 5, 16, Churches & Cathedrals, Europe & Ukraine & Odessa Oblast & Odessa & Things to Do in Odessa, 4.5, 46.488277, 30.72619, 539312477, 20171101, 20170901, 4.0, Sernets, https://www.tripadvisor.com/Profile/Sernets, 00ae949ca471511ae043cf9eead9be6b, Excellent : 43 & Very Good : 25 & Average : 8 & Poor : 0 & Terrible : 0, /Attraction_Review-g295368-d6493585-Reviews-Spaso_Preobrazhenskiy_Cathedral-Odessa_Odessa_Oblast.html
Spaso-Preobrazhenskiy Cathedral, 5, 16, Churches & Cathedrals, Europe & Ukraine & Odessa Oblast & Odessa & Things to Do in Odessa, 4.5, 46.488277, 30.72619, 529309061, 20171001, 20170901, 3.0, JanJonas, https://www.tripadvisor.com/Profile/JanJonas, bae2a7c72a76e0955e4530f1878dc635, Excellent : 43 & Very Good : 25 & Average : 8 & Poor : 0 & Terrible : 0, /Attraction_Review-g295368-d6493585-Reviews-Spaso_Preobrazhenskiy_Cathedral-Odessa_Odessa_Oblast.html
