review_location_name, review_current_page, review_last_page, review_location_type, review_location_breadcrumbs, review_location_rate, location_lat, location_lng, review_id, review_date, review_experience_date, review_rate, user_name, user_link, user_id, extra, parent_url
Akkerman Fortress, 6, 36, Castles, Europe & Ukraine & Odessa Oblast & Bilhorod-Dnistrovskyi & Things to Do in Bilhorod-Dnistrovskyi, 4.5, 46.19399, 30.34747, 672915346, 20190501, 20190501, 3.0, LevinsonGedera, https://www.tripadvisor.com/Profile/LevinsonGedera, 9a5f6ede7a3c9daef76c4fe7a1542c30, Excellent : 115 & Very Good : 38 & Average : 20 & Poor : 3 & Terrible : 1, /Attraction_Review-g1816345-d3929058-Reviews-Akkerman_Fortress-Bilhorod_Dnistrovskyi_Odessa_Oblast.html
Akkerman Fortress, 6, 36, Castles, Europe & Ukraine & Odessa Oblast & Bilhorod-Dnistrovskyi & Things to Do in Bilhorod-Dnistrovskyi, 4.5, 46.19399, 30.34747, 672083463, 20190501, 20190401, 5.0, fex222, https://www.tripadvisor.com/Profile/fex222, 87d5cd171c97b67d6ecc5479105ae4ad, Excellent : 115 & Very Good : 38 & Average : 20 & Poor : 3 & Terrible : 1, /Attraction_Review-g1816345-d3929058-Reviews-Akkerman_Fortress-Bilhorod_Dnistrovskyi_Odessa_Oblast.html
Akkerman Fortress, 6, 36, Castles, Europe & Ukraine & Odessa Oblast & Bilhorod-Dnistrovskyi & Things to Do in Bilhorod-Dnistrovskyi, 4.5, 46.19399, 30.34747, 670978879, 20190501, 20190401, 4.0, Оксана М, https://www.tripadvisor.com/Profile/OdessaisCalling, 2fee6fe2abff4919423ce875fa4e02ac, Excellent : 115 & Very Good : 38 & Average : 20 & Poor : 3 & Terrible : 1, /Attraction_Review-g1816345-d3929058-Reviews-Akkerman_Fortress-Bilhorod_Dnistrovskyi_Odessa_Oblast.html
Akkerman Fortress, 6, 36, Castles, Europe & Ukraine & Odessa Oblast & Bilhorod-Dnistrovskyi & Things to Do in Bilhorod-Dnistrovskyi, 4.5, 46.19399, 30.34747, 670556540, 20190401, 20190401, 5.0, francien2015, https://www.tripadvisor.com/Profile/francien2015, 6715db6bb43db284bab75bf75e8946c8, Excellent : 115 & Very Good : 38 & Average : 20 & Poor : 3 & Terrible : 1, /Attraction_Review-g1816345-d3929058-Reviews-Akkerman_Fortress-Bilhorod_Dnistrovskyi_Odessa_Oblast.html
Akkerman Fortress, 6, 36, Castles, Europe & Ukraine & Odessa Oblast & Bilhorod-Dnistrovskyi & Things to Do in Bilhorod-Dnistrovskyi, 4.5, 46.19399, 30.34747, 669874772, 20190401, 20190401, 4.0, Оксана К, https://www.tripadvisor.com/Profile/R1315MO_, c52b7cbd522e5c1740ff3aeba6508d17, Excellent : 115 & Very Good : 38 & Average : 20 & Poor : 3 & Terrible : 1, /Attraction_Review-g1816345-d3929058-Reviews-Akkerman_Fortress-Bilhorod_Dnistrovskyi_Odessa_Oblast.html
