review_location_name, review_current_page, review_last_page, review_location_type, review_location_breadcrumbs, review_location_rate, location_lat, location_lng, review_id, review_date, review_experience_date, review_rate, user_name, user_link, user_id, parent_url
Aquapark Hawaii, 2, 1, Water Parks & Water Parks, Europe & Ukraine & Odessa Oblast & Odessa & Things to Do in Odessa, 4.0, 46.42868, 30.765478, 592855452, 20180701, 20180701, 1.0, Erik E, /Profile/erike681, c67d30863472c0a715caf4d6d919a252, /Attraction_Review-g295368-d10423619-Reviews-Aquapark_Hawaii-Odessa_Odessa_Oblast.html
Aquapark Hawaii, 2, 1, Water Parks & Water Parks, Europe & Ukraine & Odessa Oblast & Odessa & Things to Do in Odessa, 4.0, 46.42868, 30.765478, 509909391, 20170801, 20170801, 5.0, Ilina C, /Profile/843ilinac, d5ffd8800c784f7657d5a3a26fa0b4c7, /Attraction_Review-g295368-d10423619-Reviews-Aquapark_Hawaii-Odessa_Odessa_Oblast.html
Aquapark Hawaii, 2, 1, Water Parks & Water Parks, Europe & Ukraine & Odessa Oblast & Odessa & Things to Do in Odessa, 4.0, 46.42868, 30.765478, 508155128, 20170801, 20170701, 2.0, rj76, /Profile/rj76, e47f12f8b48120b0039f192122c00737, /Attraction_Review-g295368-d10423619-Reviews-Aquapark_Hawaii-Odessa_Odessa_Oblast.html
Aquapark Hawaii, 2, 1, Water Parks & Water Parks, Europe & Ukraine & Odessa Oblast & Odessa & Things to Do in Odessa, 4.0, 46.42868, 30.765478, 409338977, 20160801, 20160801, 5.0, michaelC8323LC, /Profile/michaelC8323LC, 7b9df2008d1be7ad50b5005d10e6c936, /Attraction_Review-g295368-d10423619-Reviews-Aquapark_Hawaii-Odessa_Odessa_Oblast.html
Aquapark Hawaii, 2, 1, Water Parks & Water Parks, Europe & Ukraine & Odessa Oblast & Odessa & Things to Do in Odessa, 4.0, 46.42868, 30.765478, 399038474, 20160701, 20160701, 2.0, Anton D, /Profile/713antond, ebf008acf3930a1ed1460455adcb17da, /Attraction_Review-g295368-d10423619-Reviews-Aquapark_Hawaii-Odessa_Odessa_Oblast.html
