review_location_name, review_current_page, review_last_page, review_location_type, review_location_breadcrumbs, review_location_rate, location_lat, location_lng, review_id, review_date, review_experience_date, review_rate, user_name, user_link, user_id, extra, parent_url
Secrets of Underground Odessa Museum, 44, 72, Specialty Museums, Europe & Ukraine & Odessa Oblast & Odessa & Things to Do in Odessa, 5.0, 46.488277, 30.72619, 498485505, 20170701, 20170601, 5.0, Надежда А, https://www.tripadvisor.com/Profile/5268416, be8f631b971e1fc7a84100dfec8f3a1e, Excellent : 321 & Very Good : 26 & Average : 6 & Poor : 2 & Terrible : 3, /Attraction_Review-g295368-d6784590-Reviews-Secrets_of_Underground_Odessa_Museum-Odessa_Odessa_Oblast.html
Secrets of Underground Odessa Museum, 44, 72, Specialty Museums, Europe & Ukraine & Odessa Oblast & Odessa & Things to Do in Odessa, 5.0, 46.488277, 30.72619, 497883554, 20170701, 20170701, 5.0, A Tripadvisor Member, , d41d8cd98f00b204e9800998ecf8427e, Excellent : 321 & Very Good : 26 & Average : 6 & Poor : 2 & Terrible : 3, /Attraction_Review-g295368-d6784590-Reviews-Secrets_of_Underground_Odessa_Museum-Odessa_Odessa_Oblast.html
Secrets of Underground Odessa Museum, 44, 72, Specialty Museums, Europe & Ukraine & Odessa Oblast & Odessa & Things to Do in Odessa, 5.0, 46.488277, 30.72619, 497661923, 20170701, 20170701, 4.0, Яна М, https://www.tripadvisor.com/Profile/_S5566XL, f67dce6f9ab2ac0f4ee5a63c1cdd6e4e, Excellent : 321 & Very Good : 26 & Average : 6 & Poor : 2 & Terrible : 3, /Attraction_Review-g295368-d6784590-Reviews-Secrets_of_Underground_Odessa_Museum-Odessa_Odessa_Oblast.html
Secrets of Underground Odessa Museum, 44, 72, Specialty Museums, Europe & Ukraine & Odessa Oblast & Odessa & Things to Do in Odessa, 5.0, 46.488277, 30.72619, 497506753, 20170601, 20170601, 5.0, Annet_sun, https://www.tripadvisor.com/Profile/Annet_sun, 7010294afb853af1e629a0a525c0d0e3, Excellent : 321 & Very Good : 26 & Average : 6 & Poor : 2 & Terrible : 3, /Attraction_Review-g295368-d6784590-Reviews-Secrets_of_Underground_Odessa_Museum-Odessa_Odessa_Oblast.html
Secrets of Underground Odessa Museum, 44, 72, Specialty Museums, Europe & Ukraine & Odessa Oblast & Odessa & Things to Do in Odessa, 5.0, 46.488277, 30.72619, 493923981, 20170601, 20170501, 5.0, Lelyu_ru, https://www.tripadvisor.com/Profile/Lelyu_ru, c52d554a2fd175e4b5a8374715ce9256, Excellent : 321 & Very Good : 26 & Average : 6 & Poor : 2 & Terrible : 3, /Attraction_Review-g295368-d6784590-Reviews-Secrets_of_Underground_Odessa_Museum-Odessa_Odessa_Oblast.html
