review_location_name, review_current_page, review_last_page, review_location_type, review_location_breadcrumbs, review_location_rate, location_lat, location_lng, review_id, review_date, review_experience_date, review_rate, user_name, user_link, user_id, extra, parent_url
Monument to L. Utesov, 12, 37, Points of Interest & Landmarks & Monuments & Statues, Europe & Ukraine & Odessa Oblast & Odessa & Things to Do in Odessa, 4.5, 46.488277, 30.72619, 543132221, 20171101, 20170701, 5.0, Стас К, https://www.tripadvisor.com/Profile/Stas1973, 1ef81800337134e1a943f4524591a936, Excellent : 114 & Very Good : 45 & Average : 21 & Poor : 1 & Terrible : 1, /Attraction_Review-g295368-d5259021-Reviews-Monument_to_L_Utesov-Odessa_Odessa_Oblast.html
Monument to L. Utesov, 12, 37, Points of Interest & Landmarks & Monuments & Statues, Europe & Ukraine & Odessa Oblast & Odessa & Things to Do in Odessa, 4.5, 46.488277, 30.72619, 539285780, 20171101, 20170901, 3.0, Sernets, https://www.tripadvisor.com/Profile/Sernets, 00ae949ca471511ae043cf9eead9be6b, Excellent : 114 & Very Good : 45 & Average : 21 & Poor : 1 & Terrible : 1, /Attraction_Review-g295368-d5259021-Reviews-Monument_to_L_Utesov-Odessa_Odessa_Oblast.html
Monument to L. Utesov, 12, 37, Points of Interest & Landmarks & Monuments & Statues, Europe & Ukraine & Odessa Oblast & Odessa & Things to Do in Odessa, 4.5, 46.488277, 30.72619, 533471835, 20171001, 20171001, 5.0, Юлия П, https://www.tripadvisor.com/Profile/_L8499MC, 4cf519cc37fa6b37f0a26738ef10d17a, Excellent : 114 & Very Good : 45 & Average : 21 & Poor : 1 & Terrible : 1, /Attraction_Review-g295368-d5259021-Reviews-Monument_to_L_Utesov-Odessa_Odessa_Oblast.html
Monument to L. Utesov, 12, 37, Points of Interest & Landmarks & Monuments & Statues, Europe & Ukraine & Odessa Oblast & Odessa & Things to Do in Odessa, 4.5, 46.488277, 30.72619, 533423588, 20171001, 20171001, 5.0, Human, https://www.tripadvisor.com/Profile/26zms, 5257313d1cb4e51376760706126d16fb, Excellent : 114 & Very Good : 45 & Average : 21 & Poor : 1 & Terrible : 1, /Attraction_Review-g295368-d5259021-Reviews-Monument_to_L_Utesov-Odessa_Odessa_Oblast.html
Monument to L. Utesov, 12, 37, Points of Interest & Landmarks & Monuments & Statues, Europe & Ukraine & Odessa Oblast & Odessa & Things to Do in Odessa, 4.5, 46.488277, 30.72619, 532674362, 20171001, 20171001, 5.0, olga o, https://www.tripadvisor.com/Profile/18olgao, 78b7c64b09f8589495c5ec6511c77eaa, Excellent : 114 & Very Good : 45 & Average : 21 & Poor : 1 & Terrible : 1, /Attraction_Review-g295368-d5259021-Reviews-Monument_to_L_Utesov-Odessa_Odessa_Oblast.html
