review_location_name, review_current_page, review_last_page, review_location_type, review_location_breadcrumbs, review_location_rate, location_lat, location_lng, review_id, review_date, review_experience_date, review_rate, user_name, user_link, user_id, extra, parent_url
Monument to the 12th Chair, 1, 55, Points of Interest & Landmarks & Monuments & Statues, Europe & Ukraine & Odessa Oblast & Odessa & Things to Do in Odessa, 4.5, 46.488277, 30.72619, 767143180, 20200801, 20200801, 5.0, Miron Osadczy, https://www.tripadvisor.com/Profile/Kwitzrau, f2c83e9b544a9288e8df46480adc90bd, Excellent : 153 & Very Good : 75 & Average : 41 & Poor : 4 & Terrible : 2, /Attraction_Review-g295368-d5259019-Reviews-Monument_to_the_12th_Chair-Odessa_Odessa_Oblast.html
Monument to the 12th Chair, 1, 55, Points of Interest & Landmarks & Monuments & Statues, Europe & Ukraine & Odessa Oblast & Odessa & Things to Do in Odessa, 4.5, 46.488277, 30.72619, 737236094, 20200101, 20200101, 4.0, pawel_hbg, https://www.tripadvisor.com/Profile/pawel_hbg, 24e4404d574b2ce268bdc32ff120d41d, Excellent : 153 & Very Good : 75 & Average : 41 & Poor : 4 & Terrible : 2, /Attraction_Review-g295368-d5259019-Reviews-Monument_to_the_12th_Chair-Odessa_Odessa_Oblast.html
Monument to the 12th Chair, 1, 55, Points of Interest & Landmarks & Monuments & Statues, Europe & Ukraine & Odessa Oblast & Odessa & Things to Do in Odessa, 4.5, 46.488277, 30.72619, 735877718, 20191201, 20191201, 4.0, ReindeerSpotting, https://www.tripadvisor.com/Profile/ReindeerSpotting, 808943adb1a3ba52571fce46e8ed8810, Excellent : 153 & Very Good : 75 & Average : 41 & Poor : 4 & Terrible : 2, /Attraction_Review-g295368-d5259019-Reviews-Monument_to_the_12th_Chair-Odessa_Odessa_Oblast.html
Monument to the 12th Chair, 1, 55, Points of Interest & Landmarks & Monuments & Statues, Europe & Ukraine & Odessa Oblast & Odessa & Things to Do in Odessa, 4.5, 46.488277, 30.72619, 735783609, 20191201, 20190901, 5.0, Yeshayahu hoffman, https://www.tripadvisor.com/Profile/yesh44, a8e9d3b6f4a56af23f3e80e089f43154, Excellent : 153 & Very Good : 75 & Average : 41 & Poor : 4 & Terrible : 2, /Attraction_Review-g295368-d5259019-Reviews-Monument_to_the_12th_Chair-Odessa_Odessa_Oblast.html
Monument to the 12th Chair, 1, 55, Points of Interest & Landmarks & Monuments & Statues, Europe & Ukraine & Odessa Oblast & Odessa & Things to Do in Odessa, 4.5, 46.488277, 30.72619, 728642535, 20191101, 20190801, 5.0, Соломія Л, https://www.tripadvisor.com/Profile/_I9394XZ, 4e5fa304fd315083fdd4481b3c6c064e, Excellent : 153 & Very Good : 75 & Average : 41 & Poor : 4 & Terrible : 2, /Attraction_Review-g295368-d5259019-Reviews-Monument_to_the_12th_Chair-Odessa_Odessa_Oblast.html
