review_location_name, review_current_page, review_last_page, review_location_type, review_location_breadcrumbs, review_location_rate, location_lat, location_lng, review_id, review_date, review_experience_date, review_rate, user_name, user_link, user_id, parent_url
Deribasovskaya Street, 23, 94, Points of Interest & Landmarks & Points of Interest & Landmarks, Europe & Ukraine & Odessa Oblast & Odessa & Things to Do in Odessa, 4.5, 46.48428, 30.73621, 587829529, 20180601, 20180601, 3.0, Leigh E, /Profile/LeighE931, dfbc3aafd3ab24785447d0be88e6eef2, /Attraction_Review-g295368-d554486-Reviews-Deribasovskaya_Street-Odessa_Odessa_Oblast.html
Deribasovskaya Street, 23, 94, Points of Interest & Landmarks & Points of Interest & Landmarks, Europe & Ukraine & Odessa Oblast & Odessa & Things to Do in Odessa, 4.5, 46.48428, 30.73621, 587575168, 20180601, 20180601, 4.0, Zvi W, /Profile/zviwr, 9c6f1c8fc3548a61f47cffd4e381ea97, /Attraction_Review-g295368-d554486-Reviews-Deribasovskaya_Street-Odessa_Odessa_Oblast.html
Deribasovskaya Street, 23, 94, Points of Interest & Landmarks & Points of Interest & Landmarks, Europe & Ukraine & Odessa Oblast & Odessa & Things to Do in Odessa, 4.5, 46.48428, 30.73621, 586117645, 20180601, 20180501, 5.0, goodtravel, /Profile/goodtravel, c18ed99230299612b81a201eec6859e9, /Attraction_Review-g295368-d554486-Reviews-Deribasovskaya_Street-Odessa_Odessa_Oblast.html
Deribasovskaya Street, 23, 94, Points of Interest & Landmarks & Points of Interest & Landmarks, Europe & Ukraine & Odessa Oblast & Odessa & Things to Do in Odessa, 4.5, 46.48428, 30.73621, 585382475, 20180601, 20180601, 4.0, Willem-Jan v, /Profile/595willemjanv, e718a5b11b93617111bc67200fd20e7b, /Attraction_Review-g295368-d554486-Reviews-Deribasovskaya_Street-Odessa_Odessa_Oblast.html
Deribasovskaya Street, 23, 94, Points of Interest & Landmarks & Points of Interest & Landmarks, Europe & Ukraine & Odessa Oblast & Odessa & Things to Do in Odessa, 4.5, 46.48428, 30.73621, 585323228, 20180601, 20180601, 3.0, LongReefHacker, /Profile/LongReefHacker, 067b24c299035ca1e99a98fe24292a46, /Attraction_Review-g295368-d554486-Reviews-Deribasovskaya_Street-Odessa_Odessa_Oblast.html
