review_location_name, review_current_page, review_last_page, review_location_type, review_location_breadcrumbs, review_location_rate, location_lat, location_lng, review_id, review_date, review_experience_date, review_rate, user_name, user_link, user_id, extra, parent_url
Privoz Market, 20, 35, Flea & Street Markets, Europe & Ukraine & Odessa Oblast & Odessa & Things to Do in Odessa, 4.0, 46.488277, 30.72619, 419673789, 20160901, 20160901, 1.0, rohe777, https://www.tripadvisor.com/Profile/rohe777, d8650c74e295581cbb64e0a1e4f86225, Excellent : 75 & Very Good : 44 & Average : 30 & Poor : 10 & Terrible : 15, /Attraction_Review-g295368-d554865-Reviews-Privoz_Market-Odessa_Odessa_Oblast.html
Privoz Market, 20, 35, Flea & Street Markets, Europe & Ukraine & Odessa Oblast & Odessa & Things to Do in Odessa, 4.0, 46.488277, 30.72619, 418484319, 20160901, 20160901, 4.0, Sergiy M, https://www.tripadvisor.com/Profile/503sergiym, 883b24cbe10c2239d7fed738423c83a8, Excellent : 75 & Very Good : 44 & Average : 30 & Poor : 10 & Terrible : 15, /Attraction_Review-g295368-d554865-Reviews-Privoz_Market-Odessa_Odessa_Oblast.html
Privoz Market, 20, 35, Flea & Street Markets, Europe & Ukraine & Odessa Oblast & Odessa & Things to Do in Odessa, 4.0, 46.488277, 30.72619, 410666537, 20160801, 20160801, 3.0, Etiganot, https://www.tripadvisor.com/Profile/Etiganot, c1b8970c8361c77da5c91d076ead713b, Excellent : 75 & Very Good : 44 & Average : 30 & Poor : 10 & Terrible : 15, /Attraction_Review-g295368-d554865-Reviews-Privoz_Market-Odessa_Odessa_Oblast.html
Privoz Market, 20, 35, Flea & Street Markets, Europe & Ukraine & Odessa Oblast & Odessa & Things to Do in Odessa, 4.0, 46.488277, 30.72619, 406424117, 20160801, 20160801, 3.0, ribkaann, https://www.tripadvisor.com/Profile/ribkaann, 342aed9bcaf508828473b1cd9e68af97, Excellent : 75 & Very Good : 44 & Average : 30 & Poor : 10 & Terrible : 15, /Attraction_Review-g295368-d554865-Reviews-Privoz_Market-Odessa_Odessa_Oblast.html
Privoz Market, 20, 35, Flea & Street Markets, Europe & Ukraine & Odessa Oblast & Odessa & Things to Do in Odessa, 4.0, 46.488277, 30.72619, 401844615, 20160801, 20160801, 4.0, Leila A., https://www.tripadvisor.com/Profile/abbassova, f04b8580bbf26373a67bdfe78408bbaa, Excellent : 75 & Very Good : 44 & Average : 30 & Poor : 10 & Terrible : 15, /Attraction_Review-g295368-d554865-Reviews-Privoz_Market-Odessa_Odessa_Oblast.html
