review_location_name, review_current_page, review_last_page, review_location_type, review_location_breadcrumbs, review_location_rate, location_lat, location_lng, review_id, review_date, review_experience_date, review_rate, user_name, user_link, user_id, parent_url
Deribasovskaya Street, 82, 94, Points of Interest & Landmarks & Points of Interest & Landmarks, Europe & Ukraine & Odessa Oblast & Odessa & Things to Do in Odessa, 4.5, 46.48428, 30.73621, 173542986, 20130801, 20130801, 3.0, JanetBrussels, /Profile/JanetBrussels, bce31f18bc5d278b30e5f6b372787663, /Attraction_Review-g295368-d554486-Reviews-Deribasovskaya_Street-Odessa_Odessa_Oblast.html
Deribasovskaya Street, 82, 94, Points of Interest & Landmarks & Points of Interest & Landmarks, Europe & Ukraine & Odessa Oblast & Odessa & Things to Do in Odessa, 4.5, 46.48428, 30.73621, 173358533, 20130801, 20130801, 5.0, Oleg1100, /Profile/Oleg1100, 40f1bed3fca652b60400b5e7beea7fdd, /Attraction_Review-g295368-d554486-Reviews-Deribasovskaya_Street-Odessa_Odessa_Oblast.html
Deribasovskaya Street, 82, 94, Points of Interest & Landmarks & Points of Interest & Landmarks, Europe & Ukraine & Odessa Oblast & Odessa & Things to Do in Odessa, 4.5, 46.48428, 30.73621, 172050538, 20130801, 20130801, 5.0, Bora Kilicoglu, /Profile/cojusna, fd67f103f6f7d2a17e5db5dd955cfdd2, /Attraction_Review-g295368-d554486-Reviews-Deribasovskaya_Street-Odessa_Odessa_Oblast.html
Deribasovskaya Street, 82, 94, Points of Interest & Landmarks & Points of Interest & Landmarks, Europe & Ukraine & Odessa Oblast & Odessa & Things to Do in Odessa, 4.5, 46.48428, 30.73621, 171776451, 20130801, 20130801, 5.0, IntSommelier, /Profile/IntSommelier, 8d37e96266dcaf0f5977b37788d658d4, /Attraction_Review-g295368-d554486-Reviews-Deribasovskaya_Street-Odessa_Odessa_Oblast.html
Deribasovskaya Street, 82, 94, Points of Interest & Landmarks & Points of Interest & Landmarks, Europe & Ukraine & Odessa Oblast & Odessa & Things to Do in Odessa, 4.5, 46.48428, 30.73621, 171256928, 20130801, 20130801, 5.0, Larry R, /Profile/LarryR385, 4b4198ecac573fa1998785fe1ea2efd6, /Attraction_Review-g295368-d554486-Reviews-Deribasovskaya_Street-Odessa_Odessa_Oblast.html
