review_location_name, review_current_page, review_last_page, review_location_type, review_location_breadcrumbs, review_location_rate, location_lat, location_lng, review_id, review_date, review_experience_date, review_rate, user_name, user_link, user_id, parent_url
City Garden, 22, 42, Parks & Parks, Europe & Ukraine & Odessa Oblast & Odessa & Things to Do in Odessa, 4.5, 46.48411, 30.73881, 390180851, 20160701, 20160701, 4.0, Matt Grosvenor, /Profile/MattGrosvenor, e8c4d0cb144d225ff2f08c0c9196fc03, /Attraction_Review-g295368-d554490-Reviews-City_Garden-Odessa_Odessa_Oblast.html
City Garden, 22, 42, Parks & Parks, Europe & Ukraine & Odessa Oblast & Odessa & Things to Do in Odessa, 4.5, 46.48411, 30.73881, 389576056, 20160701, 20160701, 5.0, jhakimmd, /Profile/jhakimmd, 85db1469a890a666f35b439df87bb47d, /Attraction_Review-g295368-d554490-Reviews-City_Garden-Odessa_Odessa_Oblast.html
City Garden, 22, 42, Parks & Parks, Europe & Ukraine & Odessa Oblast & Odessa & Things to Do in Odessa, 4.5, 46.48411, 30.73881, 385551276, 20160601, 20160601, 4.0, Vanoleo, /Profile/Vanoleo, a1e83dd04f31c8df9b7939b245a60eb9, /Attraction_Review-g295368-d554490-Reviews-City_Garden-Odessa_Odessa_Oblast.html
City Garden, 22, 42, Parks & Parks, Europe & Ukraine & Odessa Oblast & Odessa & Things to Do in Odessa, 4.5, 46.48411, 30.73881, 383316876, 20160601, 20160601, 4.0, Nicole B, /Profile/V1031VFnicoleb, de68fd6dbf2324e64ce2b1dfb9e3f4b5, /Attraction_Review-g295368-d554490-Reviews-City_Garden-Odessa_Odessa_Oblast.html
City Garden, 22, 42, Parks & Parks, Europe & Ukraine & Odessa Oblast & Odessa & Things to Do in Odessa, 4.5, 46.48411, 30.73881, 379793274, 20160601, 20160501, 5.0, Tim A, /Profile/TimA750, 753707f3cf13d97c62cd25523c7db64d, /Attraction_Review-g295368-d554490-Reviews-City_Garden-Odessa_Odessa_Oblast.html
