review_location_name, review_current_page, review_last_page, review_location_type, review_location_breadcrumbs, review_location_rate, location_lat, location_lng, review_id, review_date, review_experience_date, review_rate, user_name, user_link, user_id, parent_url
Odessa Delphinarium Nemo, 18, 30, Aquariums & Aquariums, Europe & Ukraine & Odessa Oblast & Odessa & Things to Do in Odessa, 4.5, 46.477043, 30.765228, 411143428, 20160801, 20160801, 4.0, AllAroundTheWorld80, /Profile/AllAroundTheWorld80, c50489309eac12926855a1b5517325aa, /Attraction_Review-g295368-d6027684-Reviews-Odessa_Delphinarium_Nemo-Odessa_Odessa_Oblast.html
Odessa Delphinarium Nemo, 18, 30, Aquariums & Aquariums, Europe & Ukraine & Odessa Oblast & Odessa & Things to Do in Odessa, 4.5, 46.477043, 30.765228, 409453304, 20160801, 20160801, 5.0, Kamil N, /Profile/88traveler007, d5e1c10cc33b6795f5df1dbf38a91b25, /Attraction_Review-g295368-d6027684-Reviews-Odessa_Delphinarium_Nemo-Odessa_Odessa_Oblast.html
Odessa Delphinarium Nemo, 18, 30, Aquariums & Aquariums, Europe & Ukraine & Odessa Oblast & Odessa & Things to Do in Odessa, 4.5, 46.477043, 30.765228, 407332696, 20160801, 20150901, 5.0, Anzhelika T, /Profile/956anzhelikat, 34822cfd123dd0d7d67ed251d5c0e646, /Attraction_Review-g295368-d6027684-Reviews-Odessa_Delphinarium_Nemo-Odessa_Odessa_Oblast.html
Odessa Delphinarium Nemo, 18, 30, Aquariums & Aquariums, Europe & Ukraine & Odessa Oblast & Odessa & Things to Do in Odessa, 4.5, 46.477043, 30.765228, 404978694, 20160801, 20160801, 5.0, Alexander B, /Profile/W9455WXalexanderb, cf59c4df807e95e852a754af24fa87f4, /Attraction_Review-g295368-d6027684-Reviews-Odessa_Delphinarium_Nemo-Odessa_Odessa_Oblast.html
Odessa Delphinarium Nemo, 18, 30, Aquariums & Aquariums, Europe & Ukraine & Odessa Oblast & Odessa & Things to Do in Odessa, 4.5, 46.477043, 30.765228, 402719009, 20160801, 20160801, 4.0, Jason G, /Profile/travelandcode, 44d49620df74d9d4a9e859a5fde70efa, /Attraction_Review-g295368-d6027684-Reviews-Odessa_Delphinarium_Nemo-Odessa_Odessa_Oblast.html
