review_location_name, review_current_page, review_last_page, review_location_type, review_location_breadcrumbs, review_location_rate, location_lat, location_lng, review_id, review_date, review_experience_date, review_rate, user_name, user_link, user_id, parent_url
Akkerman Fortress, 5, 8, Castles & Castles, Europe & Ukraine & Odessa Oblast & Bilhorod-Dnistrovskyi & Things to Do in Bilhorod-Dnistrovskyi, 4.5, 46.19878, 30.3486, 496096143, 20170601, 20170501, 4.0, JOSE G, /Profile/JOSEG525, 9a4d5d8a1d0a54d90afcbf96151f92e3, /Attraction_Review-g1816345-d3929058-Reviews-Akkerman_Fortress-Bilhorod_Dnistrovskyi_Odessa_Oblast.html
Akkerman Fortress, 5, 8, Castles & Castles, Europe & Ukraine & Odessa Oblast & Bilhorod-Dnistrovskyi & Things to Do in Bilhorod-Dnistrovskyi, 4.5, 46.19878, 30.3486, 492968007, 20170601, 20170501, 5.0, saronic, /Profile/saronic, f3ae90fabd34d26e54189d10f1aa29a6, /Attraction_Review-g1816345-d3929058-Reviews-Akkerman_Fortress-Bilhorod_Dnistrovskyi_Odessa_Oblast.html
Akkerman Fortress, 5, 8, Castles & Castles, Europe & Ukraine & Odessa Oblast & Bilhorod-Dnistrovskyi & Things to Do in Bilhorod-Dnistrovskyi, 4.5, 46.19878, 30.3486, 485425826, 20170501, 20170501, 4.0, Tony W, /Profile/641tonyw, cbebef46aa3e5598f21f80b68869f8aa, /Attraction_Review-g1816345-d3929058-Reviews-Akkerman_Fortress-Bilhorod_Dnistrovskyi_Odessa_Oblast.html
Akkerman Fortress, 5, 8, Castles & Castles, Europe & Ukraine & Odessa Oblast & Bilhorod-Dnistrovskyi & Things to Do in Bilhorod-Dnistrovskyi, 4.5, 46.19878, 30.3486, 480464634, 20170501, 20170501, 5.0, Pedro M, /Profile/pedromQ710HN, 4d7dba2323aaa64ab453aac265654402, /Attraction_Review-g1816345-d3929058-Reviews-Akkerman_Fortress-Bilhorod_Dnistrovskyi_Odessa_Oblast.html
Akkerman Fortress, 5, 8, Castles & Castles, Europe & Ukraine & Odessa Oblast & Bilhorod-Dnistrovskyi & Things to Do in Bilhorod-Dnistrovskyi, 4.5, 46.19878, 30.3486, 446276290, 20161201, 20161201, 5.0, Sharon S, /Profile/512sharons, 3358837649fadc742aea0c49f438cf2c, /Attraction_Review-g1816345-d3929058-Reviews-Akkerman_Fortress-Bilhorod_Dnistrovskyi_Odessa_Oblast.html
