review_location_name, review_current_page, review_last_page, review_location_type, review_location_breadcrumbs, review_location_rate, location_lat, location_lng, review_id, review_date, review_experience_date, review_rate, user_name, user_link, user_id, extra, parent_url
Primorsky Boulevard, 104, 165, Points of Interest & Landmarks, Europe & Ukraine & Odessa Oblast & Odessa & Things to Do in Odessa, 4.5, 46.488277, 30.72619, 367792999, 20160401, 20150501, 4.0, Георгии Д, https://www.tripadvisor.com/Profile/B2827CW_, 2d9420cbaef83e09b2d84f58c12c887d, Excellent : 592 & Very Good : 185 & Average : 36 & Poor : 7 & Terrible : 3, /Attraction_Review-g295368-d554887-Reviews-Primorsky_Boulevard-Odessa_Odessa_Oblast.html
Primorsky Boulevard, 104, 165, Points of Interest & Landmarks, Europe & Ukraine & Odessa Oblast & Odessa & Things to Do in Odessa, 4.5, 46.488277, 30.72619, 367718722, 20160401, 20160401, 5.0, HERMES_333, https://www.tripadvisor.com/Profile/HERMES_333, 0a441ce72ef15ef3d404ea104e8d92e1, Excellent : 592 & Very Good : 185 & Average : 36 & Poor : 7 & Terrible : 3, /Attraction_Review-g295368-d554887-Reviews-Primorsky_Boulevard-Odessa_Odessa_Oblast.html
Primorsky Boulevard, 104, 165, Points of Interest & Landmarks, Europe & Ukraine & Odessa Oblast & Odessa & Things to Do in Odessa, 4.5, 46.488277, 30.72619, 367388425, 20160401, 20160401, 4.0, Ирина, https://www.tripadvisor.com/Profile/makogosha_m, 7f2bc2f968938fb16bf558c23edd796f, Excellent : 592 & Very Good : 185 & Average : 36 & Poor : 7 & Terrible : 3, /Attraction_Review-g295368-d554887-Reviews-Primorsky_Boulevard-Odessa_Odessa_Oblast.html
Primorsky Boulevard, 104, 165, Points of Interest & Landmarks, Europe & Ukraine & Odessa Oblast & Odessa & Things to Do in Odessa, 4.5, 46.488277, 30.72619, 367130960, 20160401, 20160301, 4.0, Mister W, https://www.tripadvisor.com/Profile/MisterW_13, fb828310dc524c67b4b37d9e96813587, Excellent : 592 & Very Good : 185 & Average : 36 & Poor : 7 & Terrible : 3, /Attraction_Review-g295368-d554887-Reviews-Primorsky_Boulevard-Odessa_Odessa_Oblast.html
Primorsky Boulevard, 104, 165, Points of Interest & Landmarks, Europe & Ukraine & Odessa Oblast & Odessa & Things to Do in Odessa, 4.5, 46.488277, 30.72619, 366541747, 20160401, 20150701, 5.0, alexey548, https://www.tripadvisor.com/Profile/alexey548, 7776dd63eebda1aec6fbd9837cebd2cc, Excellent : 592 & Very Good : 185 & Average : 36 & Poor : 7 & Terrible : 3, /Attraction_Review-g295368-d554887-Reviews-Primorsky_Boulevard-Odessa_Odessa_Oblast.html
