review_location_name, review_current_page, review_last_page, review_location_type, review_location_breadcrumbs, review_location_rate, location_lat, location_lng, review_id, review_date, review_experience_date, review_rate, user_name, user_link, user_id, extra, parent_url
Belvedere of Vorontsov's Palace, 13, 20, Points of Interest & Landmarks, Europe & Ukraine & Odessa Oblast & Odessa & Things to Do in Odessa, 4.0, 46.488277, 30.72619, 358421177, 20160301, 20150801, 5.0, Nataliia, https://www.tripadvisor.com/Profile/Nat628012, d97b79b2148064fd95bab4834933595e, Excellent : 32 & Very Good : 40 & Average : 20 & Poor : 7 & Terrible : 1, /Attraction_Review-g295368-d554875-Reviews-Belvedere_of_Vorontsov_s_Palace-Odessa_Odessa_Oblast.html
Belvedere of Vorontsov's Palace, 13, 20, Points of Interest & Landmarks, Europe & Ukraine & Odessa Oblast & Odessa & Things to Do in Odessa, 4.0, 46.488277, 30.72619, 351020542, 20160201, 20150901, 4.0, bilgesudede, https://www.tripadvisor.com/Profile/bilgesudede, e3c9c2eceecc43761ad07c756fe88f77, Excellent : 32 & Very Good : 40 & Average : 20 & Poor : 7 & Terrible : 1, /Attraction_Review-g295368-d554875-Reviews-Belvedere_of_Vorontsov_s_Palace-Odessa_Odessa_Oblast.html
Belvedere of Vorontsov's Palace, 13, 20, Points of Interest & Landmarks, Europe & Ukraine & Odessa Oblast & Odessa & Things to Do in Odessa, 4.0, 46.488277, 30.72619, 345382936, 20160201, 20150301, 5.0, _S7579ZD, https://www.tripadvisor.com/Profile/_S7579ZD, 417fd34e616adc50a7ff08b538c24248, Excellent : 32 & Very Good : 40 & Average : 20 & Poor : 7 & Terrible : 1, /Attraction_Review-g295368-d554875-Reviews-Belvedere_of_Vorontsov_s_Palace-Odessa_Odessa_Oblast.html
Belvedere of Vorontsov's Palace, 13, 20, Points of Interest & Landmarks, Europe & Ukraine & Odessa Oblast & Odessa & Things to Do in Odessa, 4.0, 46.488277, 30.72619, 344942027, 20160201, 20150701, 4.0, Tine923, https://www.tripadvisor.com/Profile/Tine923, 0b2d739b3bd1c2a0dcc41b9179056bc6, Excellent : 32 & Very Good : 40 & Average : 20 & Poor : 7 & Terrible : 1, /Attraction_Review-g295368-d554875-Reviews-Belvedere_of_Vorontsov_s_Palace-Odessa_Odessa_Oblast.html
Belvedere of Vorontsov's Palace, 13, 20, Points of Interest & Landmarks, Europe & Ukraine & Odessa Oblast & Odessa & Things to Do in Odessa, 4.0, 46.488277, 30.72619, 337086896, 20160101, 20150701, 5.0, Санин А, https://www.tripadvisor.com/Profile/_Y8162IT, 8a0ae1de0766da28a33cd627e34297cd, Excellent : 32 & Very Good : 40 & Average : 20 & Poor : 7 & Terrible : 1, /Attraction_Review-g295368-d554875-Reviews-Belvedere_of_Vorontsov_s_Palace-Odessa_Odessa_Oblast.html
