review_location_name, review_current_page, review_last_page, review_location_type, review_location_breadcrumbs, review_location_rate, location_lat, location_lng, review_id, review_date, review_experience_date, review_rate, user_name, user_link, user_id, extra, parent_url
Temple of God's Mother of Surety of Sinners, None, None, Points of Interest & Landmarks, Europe & Ukraine & Odessa Oblast & Chornomorsk & Things to Do in Chornomorsk, 4.5, 46.30495, 30.65478, 444471968, 20161201, 20160701, 5.0, mama1967olga, https://www.tripadvisor.com/Profile/mama1967olga, f91c95ad345f2bda3a0cd6b207ae50e1, Excellent : 2 & Very Good : 2 & Average : 0 & Poor : 0 & Terrible : 0, /Attraction_Review-g3383598-d6493758-Reviews-Temple_of_God_s_Mother_of_Surety_of_Sinners-Chornomorsk_Odessa_Oblast.html
Temple of God's Mother of Surety of Sinners, None, None, Points of Interest & Landmarks, Europe & Ukraine & Odessa Oblast & Chornomorsk & Things to Do in Chornomorsk, 4.5, 46.30495, 30.65478, 418577371, 20160901, 20160601, 4.0, Валерий Н, https://www.tripadvisor.com/Profile/_L1700PM, 4ac4530286ddf0b2bcf62812bb004461, Excellent : 2 & Very Good : 2 & Average : 0 & Poor : 0 & Terrible : 0, /Attraction_Review-g3383598-d6493758-Reviews-Temple_of_God_s_Mother_of_Surety_of_Sinners-Chornomorsk_Odessa_Oblast.html
Temple of God's Mother of Surety of Sinners, None, None, Points of Interest & Landmarks, Europe & Ukraine & Odessa Oblast & Chornomorsk & Things to Do in Chornomorsk, 4.5, 46.30495, 30.65478, 246721690, 20141201, 20140101, 5.0, TETIANA K, https://www.tripadvisor.com/Profile/TANUSHON1, 2abba62564b9cc9289c2009fcd94b0c5, Excellent : 2 & Very Good : 2 & Average : 0 & Poor : 0 & Terrible : 0, /Attraction_Review-g3383598-d6493758-Reviews-Temple_of_God_s_Mother_of_Surety_of_Sinners-Chornomorsk_Odessa_Oblast.html
Temple of God's Mother of Surety of Sinners, None, None, Points of Interest & Landmarks, Europe & Ukraine & Odessa Oblast & Chornomorsk & Things to Do in Chornomorsk, 4.5, 46.30495, 30.65478, 242109459, 20141101, 20140401, 4.0, ANATOLII K, https://www.tripadvisor.com/Profile/931Anatoliy, 16738d5ebbb09d4cb8711667c48a6d31, Excellent : 2 & Very Good : 2 & Average : 0 & Poor : 0 & Terrible : 0, /Attraction_Review-g3383598-d6493758-Reviews-Temple_of_God_s_Mother_of_Surety_of_Sinners-Chornomorsk_Odessa_Oblast.html
