review_location_name, review_current_page, review_last_page, review_location_type, review_location_breadcrumbs, review_location_rate, location_lat, location_lng, review_id, review_date, review_experience_date, review_rate, user_name, user_link, user_id, parent_url
Spaso-Preobrazhenskiy Cathedral, 2, 5, Churches & Cathedrals & Churches & Cathedrals, Europe & Ukraine & Odessa Oblast & Odessa & Things to Do in Odessa, 4.5, 46.48324, 30.730995, 605880047, 20180801, 20180801, 4.0, Robert H, /Profile/roberth383, 2176f470c896eb69a6eb2127d672b283, /Attraction_Review-g295368-d6493585-Reviews-Spaso_Preobrazhenskiy_Cathedral-Odessa_Odessa_Oblast.html
Spaso-Preobrazhenskiy Cathedral, 2, 5, Churches & Cathedrals & Churches & Cathedrals, Europe & Ukraine & Odessa Oblast & Odessa & Things to Do in Odessa, 4.5, 46.48324, 30.730995, 604582328, 20180801, 20180801, 4.0, stefanprisacariu, /Profile/stefanprisacariu, 3e501d839545cfa5d5a661df6532638b, /Attraction_Review-g295368-d6493585-Reviews-Spaso_Preobrazhenskiy_Cathedral-Odessa_Odessa_Oblast.html
Spaso-Preobrazhenskiy Cathedral, 2, 5, Churches & Cathedrals & Churches & Cathedrals, Europe & Ukraine & Odessa Oblast & Odessa & Things to Do in Odessa, 4.5, 46.48324, 30.730995, 597360928, 20180701, 20171101, 5.0, Jim H, /Profile/X5564XMjimh, cccece679c9dd44ab7af757170fd141c, /Attraction_Review-g295368-d6493585-Reviews-Spaso_Preobrazhenskiy_Cathedral-Odessa_Odessa_Oblast.html
Spaso-Preobrazhenskiy Cathedral, 2, 5, Churches & Cathedrals & Churches & Cathedrals, Europe & Ukraine & Odessa Oblast & Odessa & Things to Do in Odessa, 4.5, 46.48324, 30.730995, 595265577, 20180701, 20180601, 4.0, Joelyn O, /Profile/JoelynO, 215f81421d2820d5841f56c6f347d9d8, /Attraction_Review-g295368-d6493585-Reviews-Spaso_Preobrazhenskiy_Cathedral-Odessa_Odessa_Oblast.html
Spaso-Preobrazhenskiy Cathedral, 2, 5, Churches & Cathedrals & Churches & Cathedrals, Europe & Ukraine & Odessa Oblast & Odessa & Things to Do in Odessa, 4.5, 46.48324, 30.730995, 585610341, 20180601, 20180601, 4.0, Leon Z, /Profile/leonz51, 6317e115c962e222aa68d2e0f775e774, /Attraction_Review-g295368-d6493585-Reviews-Spaso_Preobrazhenskiy_Cathedral-Odessa_Odessa_Oblast.html
