review_location_name, review_current_page, review_last_page, review_location_type, review_location_breadcrumbs, review_location_rate, location_lat, location_lng, review_id, review_date, review_experience_date, review_rate, user_name, user_link, user_id, extra, parent_url
Jewish Museum of Odessa, 1, 10, Specialty Museums, Europe & Ukraine & Odessa Oblast & Odessa & Things to Do in Odessa, 4.5, 46.488277, 30.72619, 735908043, 20191201, 20191201, 5.0, Nikoll M, https://www.tripadvisor.com/Profile/nikollm, 1c15c786b1a08c285eb559d4e96a4001, Excellent : 31 & Very Good : 14 & Average : 3 & Poor : 2 & Terrible : 0, /Attraction_Review-g295368-d2204387-Reviews-Jewish_Museum_of_Odessa-Odessa_Odessa_Oblast.html
Jewish Museum of Odessa, 1, 10, Specialty Museums, Europe & Ukraine & Odessa Oblast & Odessa & Things to Do in Odessa, 4.5, 46.488277, 30.72619, 716338055, 20191001, 20191001, 4.0, Stefan S, https://www.tripadvisor.com/Profile/747stefans, 4f3a6e0e066a150f2dfd02931a4517d3, Excellent : 31 & Very Good : 14 & Average : 3 & Poor : 2 & Terrible : 0, /Attraction_Review-g295368-d2204387-Reviews-Jewish_Museum_of_Odessa-Odessa_Odessa_Oblast.html
Jewish Museum of Odessa, 1, 10, Specialty Museums, Europe & Ukraine & Odessa Oblast & Odessa & Things to Do in Odessa, 4.5, 46.488277, 30.72619, 706322459, 20190901, 20181001, 4.0, Osezky, https://www.tripadvisor.com/Profile/Osezky, a4df186c9cd8ca1f48456a5b29baa398, Excellent : 31 & Very Good : 14 & Average : 3 & Poor : 2 & Terrible : 0, /Attraction_Review-g295368-d2204387-Reviews-Jewish_Museum_of_Odessa-Odessa_Odessa_Oblast.html
Jewish Museum of Odessa, 1, 10, Specialty Museums, Europe & Ukraine & Odessa Oblast & Odessa & Things to Do in Odessa, 4.5, 46.488277, 30.72619, 696308855, 20190801, 20190701, 5.0, Наталья Л, https://www.tripadvisor.com/Profile/_Z4135FV, 15fdebb9a2262a64b47857dbba9d4f47, Excellent : 31 & Very Good : 14 & Average : 3 & Poor : 2 & Terrible : 0, /Attraction_Review-g295368-d2204387-Reviews-Jewish_Museum_of_Odessa-Odessa_Odessa_Oblast.html
Jewish Museum of Odessa, 1, 10, Specialty Museums, Europe & Ukraine & Odessa Oblast & Odessa & Things to Do in Odessa, 4.5, 46.488277, 30.72619, 688496721, 20190701, 20190701, 5.0, Jenny, https://www.tripadvisor.com/Profile/jennytravelsto, 984957cf288a1d3a492c5b04b39d2871, Excellent : 31 & Very Good : 14 & Average : 3 & Poor : 2 & Terrible : 0, /Attraction_Review-g295368-d2204387-Reviews-Jewish_Museum_of_Odessa-Odessa_Odessa_Oblast.html
