review_location_name, review_current_page, review_last_page, review_location_type, review_location_breadcrumbs, review_location_rate, location_lat, location_lng, review_id, review_date, review_experience_date, review_rate, user_name, user_link, user_id, parent_url
Museum of Smuggling, 1, 5, Specialty Museums & Specialty Museums, Europe & Ukraine & Odessa Oblast & Odessa & Things to Do in Odessa, 4.0, 46.486347, 30.739168, 728371502, 20191101, 20191101, 2.0, Piotr Ś, /Profile/piotr_485, c0c2d685be4aed659519bbd714a4d630, /Attraction_Review-g295368-d4999893-Reviews-Museum_of_Smuggling-Odessa_Odessa_Oblast.html
Museum of Smuggling, 1, 5, Specialty Museums & Specialty Museums, Europe & Ukraine & Odessa Oblast & Odessa & Things to Do in Odessa, 4.0, 46.486347, 30.739168, 701438051, 20190801, 20190801, 4.0, Natalia, /Profile/C4767BKnatalias, 2b0371213e5342c5834915e0048b384d, /Attraction_Review-g295368-d4999893-Reviews-Museum_of_Smuggling-Odessa_Odessa_Oblast.html
Museum of Smuggling, 1, 5, Specialty Museums & Specialty Museums, Europe & Ukraine & Odessa Oblast & Odessa & Things to Do in Odessa, 4.0, 46.486347, 30.739168, 685628847, 20190701, 20190601, 1.0, EatYellowSnow, /Profile/EatYellowSnow, 790f3162b46f4b6ebb544b172f507e60, /Attraction_Review-g295368-d4999893-Reviews-Museum_of_Smuggling-Odessa_Odessa_Oblast.html
Museum of Smuggling, 1, 5, Specialty Museums & Specialty Museums, Europe & Ukraine & Odessa Oblast & Odessa & Things to Do in Odessa, 4.0, 46.486347, 30.739168, 673507808, 20190501, 20190501, 2.0, Yali L, /Profile/97yalil, 1d1cb83863f65af33b18b6abba0117e4, /Attraction_Review-g295368-d4999893-Reviews-Museum_of_Smuggling-Odessa_Odessa_Oblast.html
Museum of Smuggling, 1, 5, Specialty Museums & Specialty Museums, Europe & Ukraine & Odessa Oblast & Odessa & Things to Do in Odessa, 4.0, 46.486347, 30.739168, 602852135, 20180801, 20180801, 5.0, nd266, /Profile/nd266, 9f4207c52dadf3b3565a169f45d5676f, /Attraction_Review-g295368-d4999893-Reviews-Museum_of_Smuggling-Odessa_Odessa_Oblast.html
