review_location_name, review_current_page, review_last_page, review_location_type, review_location_breadcrumbs, review_location_rate, location_lat, location_lng, review_id, review_date, review_experience_date, review_rate, user_name, user_link, user_id, extra, parent_url
Bulgarian Church, None, None, Churches & Cathedrals, Europe & Ukraine & Odessa Oblast & Bilhorod-Dnistrovskyi & Things to Do in Bilhorod-Dnistrovskyi, 4.0, 46.19399, 30.34747, 670556851, 20190401, 20190401, 4.0, francien2015, https://www.tripadvisor.com/Profile/francien2015, 6715db6bb43db284bab75bf75e8946c8, Excellent : 1 & Very Good : 2 & Average : 1 & Poor : 0 & Terrible : 0, /Attraction_Review-g1816345-d5772374-Reviews-Bulgarian_Church-Bilhorod_Dnistrovskyi_Odessa_Oblast.html
Bulgarian Church, None, None, Churches & Cathedrals, Europe & Ukraine & Odessa Oblast & Bilhorod-Dnistrovskyi & Things to Do in Bilhorod-Dnistrovskyi, 4.0, 46.19399, 30.34747, 423534818, 20160901, 20160501, 4.0, Aleks_53, https://www.tripadvisor.com/Profile/Aleks_53, 57cd577aad83bf6830b3ced29e36bf55, Excellent : 1 & Very Good : 2 & Average : 1 & Poor : 0 & Terrible : 0, /Attraction_Review-g1816345-d5772374-Reviews-Bulgarian_Church-Bilhorod_Dnistrovskyi_Odessa_Oblast.html
Bulgarian Church, None, None, Churches & Cathedrals, Europe & Ukraine & Odessa Oblast & Bilhorod-Dnistrovskyi & Things to Do in Bilhorod-Dnistrovskyi, 4.0, 46.19399, 30.34747, 374453783, 20160501, 20150901, 5.0, Mgzavri, https://www.tripadvisor.com/Profile/Mgzavri, ea028cfc3b4d6eb5d4cd0eb5b1efc1f8, Excellent : 1 & Very Good : 2 & Average : 1 & Poor : 0 & Terrible : 0, /Attraction_Review-g1816345-d5772374-Reviews-Bulgarian_Church-Bilhorod_Dnistrovskyi_Odessa_Oblast.html
Bulgarian Church, None, None, Churches & Cathedrals, Europe & Ukraine & Odessa Oblast & Bilhorod-Dnistrovskyi & Things to Do in Bilhorod-Dnistrovskyi, 4.0, 46.19399, 30.34747, 360952750, 20160401, 20150801, 3.0, Disaster19, https://www.tripadvisor.com/Profile/Disaster19, 5cd05e4c88b42fad6064b3a8bd22ee73, Excellent : 1 & Very Good : 2 & Average : 1 & Poor : 0 & Terrible : 0, /Attraction_Review-g1816345-d5772374-Reviews-Bulgarian_Church-Bilhorod_Dnistrovskyi_Odessa_Oblast.html
