review_location_name, review_current_page, review_last_page, review_location_type, review_location_breadcrumbs, review_location_rate, location_lat, location_lng, review_id, review_date, review_experience_date, review_rate, user_name, user_link, user_id, extra, parent_url
Statue of the Duc de Richelieu, 1, 56, Monuments & Statues, Europe & Ukraine & Odessa Oblast & Odessa & Things to Do in Odessa, 4.5, 46.488277, 30.72619, 779748822, 20201201, 20200701, 2.0, UriusT, https://www.tripadvisor.com/Profile/UriusT, 35b599cd73ff981108ca0b9604887924, Excellent : 156 & Very Good : 78 & Average : 42 & Poor : 3 & Terrible : 1, /Attraction_Review-g295368-d554877-Reviews-Statue_of_the_Duc_de_Richelieu-Odessa_Odessa_Oblast.html
Statue of the Duc de Richelieu, 1, 56, Monuments & Statues, Europe & Ukraine & Odessa Oblast & Odessa & Things to Do in Odessa, 4.5, 46.488277, 30.72619, 736788268, 20200101, 20200101, 5.0, pawel_hbg, https://www.tripadvisor.com/Profile/pawel_hbg, 24e4404d574b2ce268bdc32ff120d41d, Excellent : 156 & Very Good : 78 & Average : 42 & Poor : 3 & Terrible : 1, /Attraction_Review-g295368-d554877-Reviews-Statue_of_the_Duc_de_Richelieu-Odessa_Odessa_Oblast.html
Statue of the Duc de Richelieu, 1, 56, Monuments & Statues, Europe & Ukraine & Odessa Oblast & Odessa & Things to Do in Odessa, 4.5, 46.488277, 30.72619, 735964785, 20191201, 20191001, 3.0, nike707, https://www.tripadvisor.com/Profile/nike707, cb9ad80eb6e93dd851aca47276d52a18, Excellent : 156 & Very Good : 78 & Average : 42 & Poor : 3 & Terrible : 1, /Attraction_Review-g295368-d554877-Reviews-Statue_of_the_Duc_de_Richelieu-Odessa_Odessa_Oblast.html
Statue of the Duc de Richelieu, 1, 56, Monuments & Statues, Europe & Ukraine & Odessa Oblast & Odessa & Things to Do in Odessa, 4.5, 46.488277, 30.72619, 735872376, 20191201, 20191201, 2.0, ReindeerSpotting, https://www.tripadvisor.com/Profile/ReindeerSpotting, 808943adb1a3ba52571fce46e8ed8810, Excellent : 156 & Very Good : 78 & Average : 42 & Poor : 3 & Terrible : 1, /Attraction_Review-g295368-d554877-Reviews-Statue_of_the_Duc_de_Richelieu-Odessa_Odessa_Oblast.html
Statue of the Duc de Richelieu, 1, 56, Monuments & Statues, Europe & Ukraine & Odessa Oblast & Odessa & Things to Do in Odessa, 4.5, 46.488277, 30.72619, 729922498, 20191101, 20190901, 5.0, Nemaplot, https://www.tripadvisor.com/Profile/Nemaplot, 54a0cc5babcd87c9fbb74da69c450c9a, Excellent : 156 & Very Good : 78 & Average : 42 & Poor : 3 & Terrible : 1, /Attraction_Review-g295368-d554877-Reviews-Statue_of_the_Duc_de_Richelieu-Odessa_Odessa_Oblast.html
