review_location_name, review_current_page, review_last_page, review_location_type, review_location_breadcrumbs, review_location_rate, location_lat, location_lng, review_id, review_date, review_experience_date, review_rate, user_name, user_link, user_id, extra, parent_url
Ugolok Staroy Odessy/ Old Odessa Corner, 6, 18, Points of Interest & Landmarks, Europe & Ukraine & Odessa Oblast & Odessa & Things to Do in Odessa, 4.5, 46.488277, 30.72619, 580095309, 20180501, 20180501, 4.0, Lyubov H, https://www.tripadvisor.com/Profile/lyubovh246, 0a87e89ed26f3fe578084e623e31d81d, Excellent : 55 & Very Good : 22 & Average : 9 & Poor : 1 & Terrible : 0, /Attraction_Review-g295368-d5259345-Reviews-Ugolok_Staroy_Odessy_Old_Odessa_Corner-Odessa_Odessa_Oblast.html
Ugolok Staroy Odessy/ Old Odessa Corner, 6, 18, Points of Interest & Landmarks, Europe & Ukraine & Odessa Oblast & Odessa & Things to Do in Odessa, 4.5, 46.488277, 30.72619, 579261957, 20180501, 20180501, 5.0, Terrance M, https://www.tripadvisor.com/Profile/termar, 327b6acbc5a93d1e0aada74e37a7efb8, Excellent : 55 & Very Good : 22 & Average : 9 & Poor : 1 & Terrible : 0, /Attraction_Review-g295368-d5259345-Reviews-Ugolok_Staroy_Odessy_Old_Odessa_Corner-Odessa_Odessa_Oblast.html
Ugolok Staroy Odessy/ Old Odessa Corner, 6, 18, Points of Interest & Landmarks, Europe & Ukraine & Odessa Oblast & Odessa & Things to Do in Odessa, 4.5, 46.488277, 30.72619, 559475609, 20180201, 20171101, 4.0, Ladushka-L, https://www.tripadvisor.com/Profile/Ladushka-L, 6cc778c97b283537b745c2fc940e6765, Excellent : 55 & Very Good : 22 & Average : 9 & Poor : 1 & Terrible : 0, /Attraction_Review-g295368-d5259345-Reviews-Ugolok_Staroy_Odessy_Old_Odessa_Corner-Odessa_Odessa_Oblast.html
Ugolok Staroy Odessy/ Old Odessa Corner, 6, 18, Points of Interest & Landmarks, Europe & Ukraine & Odessa Oblast & Odessa & Things to Do in Odessa, 4.5, 46.488277, 30.72619, 543850313, 20171101, 20170901, 5.0, Юлия П, https://www.tripadvisor.com/Profile/_L8499MC, 4cf519cc37fa6b37f0a26738ef10d17a, Excellent : 55 & Very Good : 22 & Average : 9 & Poor : 1 & Terrible : 0, /Attraction_Review-g295368-d5259345-Reviews-Ugolok_Staroy_Odessy_Old_Odessa_Corner-Odessa_Odessa_Oblast.html
Ugolok Staroy Odessy/ Old Odessa Corner, 6, 18, Points of Interest & Landmarks, Europe & Ukraine & Odessa Oblast & Odessa & Things to Do in Odessa, 4.5, 46.488277, 30.72619, 541214612, 20171101, 20170601, 5.0, Vitaliy K, https://www.tripadvisor.com/Profile/339vitaliyk, 3c467735e8fab80abe5c3db66a29848c, Excellent : 55 & Very Good : 22 & Average : 9 & Poor : 1 & Terrible : 0, /Attraction_Review-g295368-d5259345-Reviews-Ugolok_Staroy_Odessy_Old_Odessa_Corner-Odessa_Odessa_Oblast.html
