review_location_name, review_current_page, review_last_page, review_location_type, review_location_breadcrumbs, review_location_rate, location_lat, location_lng, review_id, review_date, review_experience_date, review_rate, user_name, user_link, user_id, extra, parent_url
Odessa Art Museum, 14, 20, Specialty Museums, Europe & Ukraine & Odessa Oblast & Odessa & Things to Do in Odessa, 4.5, 46.488277, 30.72619, 349811644, 20160201, 20151001, 4.0, apostolos14, https://www.tripadvisor.com/Profile/apostolos14, c2496c00966eed90979f6a3deeccac8c, Excellent : 45 & Very Good : 36 & Average : 13 & Poor : 2 & Terrible : 1, /Attraction_Review-g295368-d5512873-Reviews-Odessa_Art_Museum-Odessa_Odessa_Oblast.html
Odessa Art Museum, 14, 20, Specialty Museums, Europe & Ukraine & Odessa Oblast & Odessa & Things to Do in Odessa, 4.5, 46.488277, 30.72619, 348938008, 20160201, 20150301, 5.0, Владислав Леонов, https://www.tripadvisor.com/Profile/Megaenergo, f98a97b9f0495de7d41798622dec87d3, Excellent : 45 & Very Good : 36 & Average : 13 & Poor : 2 & Terrible : 1, /Attraction_Review-g295368-d5512873-Reviews-Odessa_Art_Museum-Odessa_Odessa_Oblast.html
Odessa Art Museum, 14, 20, Specialty Museums, Europe & Ukraine & Odessa Oblast & Odessa & Things to Do in Odessa, 4.5, 46.488277, 30.72619, 347549364, 20160201, 20150301, 4.0, Semen K, https://www.tripadvisor.com/Profile/semenk2014, 7029de286be86e0dd44e149a075108f3, Excellent : 45 & Very Good : 36 & Average : 13 & Poor : 2 & Terrible : 1, /Attraction_Review-g295368-d5512873-Reviews-Odessa_Art_Museum-Odessa_Odessa_Oblast.html
Odessa Art Museum, 14, 20, Specialty Museums, Europe & Ukraine & Odessa Oblast & Odessa & Things to Do in Odessa, 4.5, 46.488277, 30.72619, 308445661, 20150901, 20150801, 5.0, Wildparrots, https://www.tripadvisor.com/Profile/Wildparrots, e58c0b7acdf9c22bb902d1631c912add, Excellent : 45 & Very Good : 36 & Average : 13 & Poor : 2 & Terrible : 1, /Attraction_Review-g295368-d5512873-Reviews-Odessa_Art_Museum-Odessa_Odessa_Oblast.html
Odessa Art Museum, 14, 20, Specialty Museums, Europe & Ukraine & Odessa Oblast & Odessa & Things to Do in Odessa, 4.5, 46.488277, 30.72619, 308250077, 20150901, 20150801, 5.0, Sergey L, https://www.tripadvisor.com/Profile/litvyak2008, 5524d8debc8ee2aa8a3caf92338f8045, Excellent : 45 & Very Good : 36 & Average : 13 & Poor : 2 & Terrible : 1, /Attraction_Review-g295368-d5512873-Reviews-Odessa_Art_Museum-Odessa_Odessa_Oblast.html
