review_location_name, review_current_page, review_last_page, review_location_type, review_location_breadcrumbs, review_location_rate, location_lat, location_lng, review_id, review_date, review_experience_date, review_rate, user_name, user_link, user_id, extra, parent_url
Arcadia district, 7, 74, Neighborhoods, Europe & Ukraine & Odessa Oblast & Odessa & Things to Do in Odessa, 4.0, 46.488277, 30.72619, 667000350, 20190401, 20190401, 4.0, massimoswitz, https://www.tripadvisor.com/Profile/massimoswitz, 18b548e52905f7fc4ce752bc69498cfa, Excellent : 162 & Very Good : 84 & Average : 66 & Poor : 32 & Terrible : 25, /Attraction_Review-g295368-d554872-Reviews-Arcadia_district-Odessa_Odessa_Oblast.html
Arcadia district, 7, 74, Neighborhoods, Europe & Ukraine & Odessa Oblast & Odessa & Things to Do in Odessa, 4.0, 46.488277, 30.72619, 660511431, 20190301, 20190301, 1.0, wroclowersilesiatrip, https://www.tripadvisor.com/Profile/wroclowersilesiatrip, e7d93b997edc8c381c2b1ebde2d28f77, Excellent : 162 & Very Good : 84 & Average : 66 & Poor : 32 & Terrible : 25, /Attraction_Review-g295368-d554872-Reviews-Arcadia_district-Odessa_Odessa_Oblast.html
Arcadia district, 7, 74, Neighborhoods, Europe & Ukraine & Odessa Oblast & Odessa & Things to Do in Odessa, 4.0, 46.488277, 30.72619, 655116262, 20190201, 20180901, 5.0, Frank a, https://www.tripadvisor.com/Profile/733franka, 02eb57e0f911596a22132af267f7bf15, Excellent : 162 & Very Good : 84 & Average : 66 & Poor : 32 & Terrible : 25, /Attraction_Review-g295368-d554872-Reviews-Arcadia_district-Odessa_Odessa_Oblast.html
Arcadia district, 7, 74, Neighborhoods, Europe & Ukraine & Odessa Oblast & Odessa & Things to Do in Odessa, 4.0, 46.488277, 30.72619, 646110796, 20190101, 20180801, 3.0, Dan R, https://www.tripadvisor.com/Profile/872DanR, ad50db39021ed0fafbcd0434222c55a1, Excellent : 162 & Very Good : 84 & Average : 66 & Poor : 32 & Terrible : 25, /Attraction_Review-g295368-d554872-Reviews-Arcadia_district-Odessa_Odessa_Oblast.html
Arcadia district, 7, 74, Neighborhoods, Europe & Ukraine & Odessa Oblast & Odessa & Things to Do in Odessa, 4.0, 46.488277, 30.72619, 618924634, 20180901, 20180901, 5.0, 859harels, https://www.tripadvisor.com/Profile/859harels, b6ef93b5fa5e457d543583d33983f431, Excellent : 162 & Very Good : 84 & Average : 66 & Poor : 32 & Terrible : 25, /Attraction_Review-g295368-d554872-Reviews-Arcadia_district-Odessa_Odessa_Oblast.html
