review_location_name, review_current_page, review_last_page, review_location_type, review_location_breadcrumbs, review_location_rate, location_lat, location_lng, review_id, review_date, review_experience_date, review_rate, user_name, user_link, user_id, extra, parent_url
Secrets of Underground Odessa Museum, 39, 72, Specialty Museums, Europe & Ukraine & Odessa Oblast & Odessa & Things to Do in Odessa, 5.0, 46.488277, 30.72619, 518062090, 20170801, 20170801, 5.0, Igor V, https://www.tripadvisor.com/Profile/ivorontsev, bc146ab10bfb13c9e5700818e6ccc30c, Excellent : 321 & Very Good : 26 & Average : 6 & Poor : 2 & Terrible : 3, /Attraction_Review-g295368-d6784590-Reviews-Secrets_of_Underground_Odessa_Museum-Odessa_Odessa_Oblast.html
Secrets of Underground Odessa Museum, 39, 72, Specialty Museums, Europe & Ukraine & Odessa Oblast & Odessa & Things to Do in Odessa, 5.0, 46.488277, 30.72619, 517828781, 20170801, 20170801, 5.0, yuna_design, https://www.tripadvisor.com/Profile/yuna_design, c8c7a58956c838206c99569a1364c17d, Excellent : 321 & Very Good : 26 & Average : 6 & Poor : 2 & Terrible : 3, /Attraction_Review-g295368-d6784590-Reviews-Secrets_of_Underground_Odessa_Museum-Odessa_Odessa_Oblast.html
Secrets of Underground Odessa Museum, 39, 72, Specialty Museums, Europe & Ukraine & Odessa Oblast & Odessa & Things to Do in Odessa, 5.0, 46.488277, 30.72619, 516919153, 20170801, 20170801, 5.0, dushenika, https://www.tripadvisor.com/Profile/dushenika, df4e42148d6b151e3b2df608ce2cdffe, Excellent : 321 & Very Good : 26 & Average : 6 & Poor : 2 & Terrible : 3, /Attraction_Review-g295368-d6784590-Reviews-Secrets_of_Underground_Odessa_Museum-Odessa_Odessa_Oblast.html
Secrets of Underground Odessa Museum, 39, 72, Specialty Museums, Europe & Ukraine & Odessa Oblast & Odessa & Things to Do in Odessa, 5.0, 46.488277, 30.72619, 515771532, 20170801, 20170801, 5.0, matthiasmatthias2017, https://www.tripadvisor.com/Profile/matthiasmatthias2017, a05bf9000a5cc26880d73759b4af2c73, Excellent : 321 & Very Good : 26 & Average : 6 & Poor : 2 & Terrible : 3, /Attraction_Review-g295368-d6784590-Reviews-Secrets_of_Underground_Odessa_Museum-Odessa_Odessa_Oblast.html
Secrets of Underground Odessa Museum, 39, 72, Specialty Museums, Europe & Ukraine & Odessa Oblast & Odessa & Things to Do in Odessa, 5.0, 46.488277, 30.72619, 515493436, 20170801, 20170801, 5.0, Giedrius K, https://www.tripadvisor.com/Profile/125giedriusk, a14d841f5d6a7e269256f10bc0769754, Excellent : 321 & Very Good : 26 & Average : 6 & Poor : 2 & Terrible : 3, /Attraction_Review-g295368-d6784590-Reviews-Secrets_of_Underground_Odessa_Museum-Odessa_Odessa_Oblast.html
