review_location_name, review_current_page, review_last_page, review_location_type, review_location_breadcrumbs, review_location_rate, location_lat, location_lng, review_id, review_date, review_experience_date, review_rate, user_name, user_link, user_id, extra, parent_url
Odessa Academic Russian Drama Theater, 2, 5, Theaters, Europe & Ukraine & Odessa Oblast & Odessa & Things to Do in Odessa, 4.5, 46.488277, 30.72619, 370728629, 20160501, 20150901, 2.0, Lidia K, https://www.tripadvisor.com/Profile/826lidiak, 3ea648add08d1f96ca7cd1ff6328f358, Excellent : 16 & Very Good : 6 & Average : 0 & Poor : 1 & Terrible : 0, /Attraction_Review-g295368-d6502515-Reviews-Odessa_Academic_Russian_Drama_Theater-Odessa_Odessa_Oblast.html
Odessa Academic Russian Drama Theater, 2, 5, Theaters, Europe & Ukraine & Odessa Oblast & Odessa & Things to Do in Odessa, 4.5, 46.488277, 30.72619, 368992787, 20160401, 20160401, 5.0, Masha K, https://www.tripadvisor.com/Profile/mashak512, a4be529583711d8eb910d2346731d904, Excellent : 16 & Very Good : 6 & Average : 0 & Poor : 1 & Terrible : 0, /Attraction_Review-g295368-d6502515-Reviews-Odessa_Academic_Russian_Drama_Theater-Odessa_Odessa_Oblast.html
Odessa Academic Russian Drama Theater, 2, 5, Theaters, Europe & Ukraine & Odessa Oblast & Odessa & Things to Do in Odessa, 4.5, 46.488277, 30.72619, 335421246, 20151201, 20150201, 5.0, Kira V, https://www.tripadvisor.com/Profile/kirav2015, b3c3230f1e53acfaf3d0b57a2f5c52c6, Excellent : 16 & Very Good : 6 & Average : 0 & Poor : 1 & Terrible : 0, /Attraction_Review-g295368-d6502515-Reviews-Odessa_Academic_Russian_Drama_Theater-Odessa_Odessa_Oblast.html
Odessa Academic Russian Drama Theater, 2, 5, Theaters, Europe & Ukraine & Odessa Oblast & Odessa & Things to Do in Odessa, 4.5, 46.488277, 30.72619, 304892702, 20150801, 20150801, 4.0, lubitelj r, https://www.tripadvisor.com/Profile/lubiteljr, e6db854536d86cb746347f4383165add, Excellent : 16 & Very Good : 6 & Average : 0 & Poor : 1 & Terrible : 0, /Attraction_Review-g295368-d6502515-Reviews-Odessa_Academic_Russian_Drama_Theater-Odessa_Odessa_Oblast.html
Odessa Academic Russian Drama Theater, 2, 5, Theaters, Europe & Ukraine & Odessa Oblast & Odessa & Things to Do in Odessa, 4.5, 46.488277, 30.72619, 285117285, 20150701, 20150401, 5.0, smolkin, https://www.tripadvisor.com/Profile/smolkin, 7e1d67a1bfed5e0914fcd7f010b4f09c, Excellent : 16 & Very Good : 6 & Average : 0 & Poor : 1 & Terrible : 0, /Attraction_Review-g295368-d6502515-Reviews-Odessa_Academic_Russian_Drama_Theater-Odessa_Odessa_Oblast.html
