review_location_name, review_current_page, review_last_page, review_location_type, review_location_breadcrumbs, review_location_rate, location_lat, location_lng, review_id, review_date, review_experience_date, review_rate, user_name, user_link, user_id, extra, parent_url
Monument to the 12th Chair, 46, 55, Points of Interest & Landmarks & Monuments & Statues, Europe & Ukraine & Odessa Oblast & Odessa & Things to Do in Odessa, 4.5, 46.488277, 30.72619, 312559062, 20150901, 20150801, 5.0, Dmitry Bulatov, https://www.tripadvisor.com/Profile/Dmitrybulatov, 8852b51fc433e96d9d44fefd6bc35355, Excellent : 153 & Very Good : 75 & Average : 41 & Poor : 4 & Terrible : 2, /Attraction_Review-g295368-d5259019-Reviews-Monument_to_the_12th_Chair-Odessa_Odessa_Oblast.html
Monument to the 12th Chair, 46, 55, Points of Interest & Landmarks & Monuments & Statues, Europe & Ukraine & Odessa Oblast & Odessa & Things to Do in Odessa, 4.5, 46.488277, 30.72619, 311614346, 20150901, 20150801, 5.0, Олег Н, https://www.tripadvisor.com/Profile/_S7012DK, b0bf1b2d31c3c7c1e56b02d059a936c2, Excellent : 153 & Very Good : 75 & Average : 41 & Poor : 4 & Terrible : 2, /Attraction_Review-g295368-d5259019-Reviews-Monument_to_the_12th_Chair-Odessa_Odessa_Oblast.html
Monument to the 12th Chair, 46, 55, Points of Interest & Landmarks & Monuments & Statues, Europe & Ukraine & Odessa Oblast & Odessa & Things to Do in Odessa, 4.5, 46.488277, 30.72619, 311187822, 20150901, 20150901, 5.0, Mila M, https://www.tripadvisor.com/Profile/499milam, 742010a98dbbb5c4d2b1bc98046dc1a6, Excellent : 153 & Very Good : 75 & Average : 41 & Poor : 4 & Terrible : 2, /Attraction_Review-g295368-d5259019-Reviews-Monument_to_the_12th_Chair-Odessa_Odessa_Oblast.html
Monument to the 12th Chair, 46, 55, Points of Interest & Landmarks & Monuments & Statues, Europe & Ukraine & Odessa Oblast & Odessa & Things to Do in Odessa, 4.5, 46.488277, 30.72619, 310489787, 20150901, 20150501, 3.0, Jeff W, https://www.tripadvisor.com/Profile/JeffW954, 9376146ea540812d7380f235fd0f895b, Excellent : 153 & Very Good : 75 & Average : 41 & Poor : 4 & Terrible : 2, /Attraction_Review-g295368-d5259019-Reviews-Monument_to_the_12th_Chair-Odessa_Odessa_Oblast.html
Monument to the 12th Chair, 46, 55, Points of Interest & Landmarks & Monuments & Statues, Europe & Ukraine & Odessa Oblast & Odessa & Things to Do in Odessa, 4.5, 46.488277, 30.72619, 308897167, 20150901, 20150601, 5.0, Izdetaleiceloe, https://www.tripadvisor.com/Profile/Izdetaleiceloe, 81295c85b53dbfcb381f44d4b5d23178, Excellent : 153 & Very Good : 75 & Average : 41 & Poor : 4 & Terrible : 2, /Attraction_Review-g295368-d5259019-Reviews-Monument_to_the_12th_Chair-Odessa_Odessa_Oblast.html
