review_location_name, review_current_page, review_last_page, review_location_type, review_location_breadcrumbs, review_location_rate, location_lat, location_lng, review_id, review_date, review_experience_date, review_rate, user_name, user_link, user_id, extra, parent_url
Monument to Iosif De Ribas, 7, 9, Points of Interest & Landmarks & Monuments & Statues, Europe & Ukraine & Odessa Oblast & Odessa & Things to Do in Odessa, 4.5, 46.488277, 30.72619, 310076182, 20150901, 20150701, 4.0, Molena, https://www.tripadvisor.com/Profile/helen_tosh, 75e93ae99060d2fa571ea40b55d0af2c, Excellent : 23 & Very Good : 12 & Average : 6 & Poor : 0 & Terrible : 0, /Attraction_Review-g295368-d5259026-Reviews-Monument_to_Iosif_De_Ribas-Odessa_Odessa_Oblast.html
Monument to Iosif De Ribas, 7, 9, Points of Interest & Landmarks & Monuments & Statues, Europe & Ukraine & Odessa Oblast & Odessa & Things to Do in Odessa, 4.5, 46.488277, 30.72619, 309566687, 20150901, 20150701, 5.0, AlionaSorokina, https://www.tripadvisor.com/Profile/AlionaSorokina, 02ead47011ae61618155c6fdedebb353, Excellent : 23 & Very Good : 12 & Average : 6 & Poor : 0 & Terrible : 0, /Attraction_Review-g295368-d5259026-Reviews-Monument_to_Iosif_De_Ribas-Odessa_Odessa_Oblast.html
Monument to Iosif De Ribas, 7, 9, Points of Interest & Landmarks & Monuments & Statues, Europe & Ukraine & Odessa Oblast & Odessa & Things to Do in Odessa, 4.5, 46.488277, 30.72619, 308747422, 20150901, 20150401, 5.0, MarynaR, https://www.tripadvisor.com/Profile/MarynaR, e5b37e114a8487703915feb02a970ebc, Excellent : 23 & Very Good : 12 & Average : 6 & Poor : 0 & Terrible : 0, /Attraction_Review-g295368-d5259026-Reviews-Monument_to_Iosif_De_Ribas-Odessa_Odessa_Oblast.html
Monument to Iosif De Ribas, 7, 9, Points of Interest & Landmarks & Monuments & Statues, Europe & Ukraine & Odessa Oblast & Odessa & Things to Do in Odessa, 4.5, 46.488277, 30.72619, 307206550, 20150901, 20150801, 4.0, Алла Б, https://www.tripadvisor.com/Profile/_G5659VY, b169c7d792ee5237d0d63b8174a78ed1, Excellent : 23 & Very Good : 12 & Average : 6 & Poor : 0 & Terrible : 0, /Attraction_Review-g295368-d5259026-Reviews-Monument_to_Iosif_De_Ribas-Odessa_Odessa_Oblast.html
Monument to Iosif De Ribas, 7, 9, Points of Interest & Landmarks & Monuments & Statues, Europe & Ukraine & Odessa Oblast & Odessa & Things to Do in Odessa, 4.5, 46.488277, 30.72619, 306227499, 20150901, 20150901, 5.0, Колин Д, https://www.tripadvisor.com/Profile/_F4935KB, 47fa4bfd5d39bd405b0bbea7bf67d383, Excellent : 23 & Very Good : 12 & Average : 6 & Poor : 0 & Terrible : 0, /Attraction_Review-g295368-d5259026-Reviews-Monument_to_Iosif_De_Ribas-Odessa_Odessa_Oblast.html
