review_location_name, review_current_page, review_last_page, review_location_type, review_location_breadcrumbs, review_location_rate, location_lat, location_lng, review_id, review_date, review_experience_date, review_rate, user_name, user_link, user_id, extra, parent_url
Deribasovskaya Street, 181, 292, Points of Interest & Landmarks, Europe & Ukraine & Odessa Oblast & Odessa & Things to Do in Odessa, 4.5, 46.488277, 30.72619, 351250108, 20160201, 20160201, 4.0, Ahk1406, https://www.tripadvisor.com/Profile/Ahk1406, 0483bfb2e8555ee94987ac210e463013, Excellent : 968 & Very Good : 336 & Average : 123 & Poor : 21 & Terrible : 10, /Attraction_Review-g295368-d554486-Reviews-Deribasovskaya_Street-Odessa_Odessa_Oblast.html
Deribasovskaya Street, 181, 292, Points of Interest & Landmarks, Europe & Ukraine & Odessa Oblast & Odessa & Things to Do in Odessa, 4.5, 46.488277, 30.72619, 351206879, 20160201, 20160201, 5.0, Алексей П, https://www.tripadvisor.com/Profile/aleks_rostov, 2bfba4b6bbc3845ec20cf35787ba35dd, Excellent : 968 & Very Good : 336 & Average : 123 & Poor : 21 & Terrible : 10, /Attraction_Review-g295368-d554486-Reviews-Deribasovskaya_Street-Odessa_Odessa_Oblast.html
Deribasovskaya Street, 181, 292, Points of Interest & Landmarks, Europe & Ukraine & Odessa Oblast & Odessa & Things to Do in Odessa, 4.5, 46.488277, 30.72619, 351038500, 20160201, 20160201, 5.0, VladimirNP, https://www.tripadvisor.com/Profile/VladimirNP, b3f5cfdaad246a816608ad3c17698dcf, Excellent : 968 & Very Good : 336 & Average : 123 & Poor : 21 & Terrible : 10, /Attraction_Review-g295368-d554486-Reviews-Deribasovskaya_Street-Odessa_Odessa_Oblast.html
Deribasovskaya Street, 181, 292, Points of Interest & Landmarks, Europe & Ukraine & Odessa Oblast & Odessa & Things to Do in Odessa, 4.5, 46.488277, 30.72619, 351016246, 20160201, 20150901, 5.0, bilgesudede, https://www.tripadvisor.com/Profile/bilgesudede, e3c9c2eceecc43761ad07c756fe88f77, Excellent : 968 & Very Good : 336 & Average : 123 & Poor : 21 & Terrible : 10, /Attraction_Review-g295368-d554486-Reviews-Deribasovskaya_Street-Odessa_Odessa_Oblast.html
Deribasovskaya Street, 181, 292, Points of Interest & Landmarks, Europe & Ukraine & Odessa Oblast & Odessa & Things to Do in Odessa, 4.5, 46.488277, 30.72619, 350716294, 20160201, 20160201, 5.0, Yaroslav, https://www.tripadvisor.com/Profile/iaroslavus, 573d02009ae0534367aeb85b144ad36d, Excellent : 968 & Very Good : 336 & Average : 123 & Poor : 21 & Terrible : 10, /Attraction_Review-g295368-d554486-Reviews-Deribasovskaya_Street-Odessa_Odessa_Oblast.html
