review_location_name, review_current_page, review_last_page, review_location_type, review_location_breadcrumbs, review_location_rate, location_lat, location_lng, review_id, review_date, review_experience_date, review_rate, user_name, user_link, user_id, extra, parent_url
Central City Beach, 1, 17, Beaches, Europe & Ukraine & Odessa Oblast & Chornomorsk & Things to Do in Chornomorsk, 4.0, 46.30495, 30.65478, 759019740, 20200701, 20200701, 5.0, Maria B, https://www.tripadvisor.com/Profile/U9828FYmariab, 62e12d36c590d5df3c8e45e8313519ef, Excellent : 40 & Very Good : 23 & Average : 11 & Poor : 4 & Terrible : 4, /Attraction_Review-g3383598-d8070534-Reviews-Central_City_Beach-Chornomorsk_Odessa_Oblast.html
Central City Beach, 1, 17, Beaches, Europe & Ukraine & Odessa Oblast & Chornomorsk & Things to Do in Chornomorsk, 4.0, 46.30495, 30.65478, 724285331, 20191101, 20190901, 3.0, ievgen1986, https://www.tripadvisor.com/Profile/ievgen1986, c7960ca539b00c00a62299166d574711, Excellent : 40 & Very Good : 23 & Average : 11 & Poor : 4 & Terrible : 4, /Attraction_Review-g3383598-d8070534-Reviews-Central_City_Beach-Chornomorsk_Odessa_Oblast.html
Central City Beach, 1, 17, Beaches, Europe & Ukraine & Odessa Oblast & Chornomorsk & Things to Do in Chornomorsk, 4.0, 46.30495, 30.65478, 713502294, 20190901, 20190601, 5.0, karthik pm, https://www.tripadvisor.com/Profile/karthikp301, 382e295030594afbe8857fc6e3820b12, Excellent : 40 & Very Good : 23 & Average : 11 & Poor : 4 & Terrible : 4, /Attraction_Review-g3383598-d8070534-Reviews-Central_City_Beach-Chornomorsk_Odessa_Oblast.html
Central City Beach, 1, 17, Beaches, Europe & Ukraine & Odessa Oblast & Chornomorsk & Things to Do in Chornomorsk, 4.0, 46.30495, 30.65478, 712145070, 20190901, 20190901, 5.0, oksna2018, https://www.tripadvisor.com/Profile/oksna2018, 2ae822b1d954ad5803b0143cf348b856, Excellent : 40 & Very Good : 23 & Average : 11 & Poor : 4 & Terrible : 4, /Attraction_Review-g3383598-d8070534-Reviews-Central_City_Beach-Chornomorsk_Odessa_Oblast.html
Central City Beach, 1, 17, Beaches, Europe & Ukraine & Odessa Oblast & Chornomorsk & Things to Do in Chornomorsk, 4.0, 46.30495, 30.65478, 700942145, 20190801, 20190801, 5.0, Arkadiusz S, https://www.tripadvisor.com/Profile/513arkadiuszs, 3e243de5aa2d41e3489ee45f63721c86, Excellent : 40 & Very Good : 23 & Average : 11 & Poor : 4 & Terrible : 4, /Attraction_Review-g3383598-d8070534-Reviews-Central_City_Beach-Chornomorsk_Odessa_Oblast.html
