review_location_name, review_current_page, review_last_page, review_location_type, review_location_breadcrumbs, review_location_rate, location_lat, location_lng, review_id, review_date, review_experience_date, review_rate, user_name, user_link, user_id, parent_url
Monument to Catherine the Great and Founders of Odessa, 14, 15, Points of Interest & Landmarks & Monuments & Statues & Points of Interest & Landmarks & Monuments & Statues, Europe & Ukraine & Odessa Oblast & Odessa & Things to Do in Odessa, 4.5, 46.487312, 30.739271, 279296719, 20150601, 20150601, 4.0, Allan O, /Profile/allano672, a6c6fc37c41b7cfd796a59dd5be623ca, /Attraction_Review-g295368-d5503628-Reviews-Monument_to_Catherine_the_Great_and_Founders_of_Odessa-Odessa_Odessa_Oblast.html
Monument to Catherine the Great and Founders of Odessa, 14, 15, Points of Interest & Landmarks & Monuments & Statues & Points of Interest & Landmarks & Monuments & Statues, Europe & Ukraine & Odessa Oblast & Odessa & Things to Do in Odessa, 4.5, 46.487312, 30.739271, 273834611, 20150501, 20150501, 4.0, N5422HXdavidt, /Profile/N5422HXdavidt, 51652ce87ccf2c0502413ac589b55913, /Attraction_Review-g295368-d5503628-Reviews-Monument_to_Catherine_the_Great_and_Founders_of_Odessa-Odessa_Odessa_Oblast.html
Monument to Catherine the Great and Founders of Odessa, 14, 15, Points of Interest & Landmarks & Monuments & Statues & Points of Interest & Landmarks & Monuments & Statues, Europe & Ukraine & Odessa Oblast & Odessa & Things to Do in Odessa, 4.5, 46.487312, 30.739271, 272166013, 20150501, 20140601, 5.0, Laxiaozi08200912, /Profile/Laxiaozi08200912, 93b6def4de16f77a4c3c588bc3640d9a, /Attraction_Review-g295368-d5503628-Reviews-Monument_to_Catherine_the_Great_and_Founders_of_Odessa-Odessa_Odessa_Oblast.html
Monument to Catherine the Great and Founders of Odessa, 14, 15, Points of Interest & Landmarks & Monuments & Statues & Points of Interest & Landmarks & Monuments & Statues, Europe & Ukraine & Odessa Oblast & Odessa & Things to Do in Odessa, 4.5, 46.487312, 30.739271, 269796210, 20150501, 20150401, 5.0, Jack B, /Profile/jackbG7852OE, 887a69e33df0cf50899edd12fc194e2a, /Attraction_Review-g295368-d5503628-Reviews-Monument_to_Catherine_the_Great_and_Founders_of_Odessa-Odessa_Odessa_Oblast.html
Monument to Catherine the Great and Founders of Odessa, 14, 15, Points of Interest & Landmarks & Monuments & Statues & Points of Interest & Landmarks & Monuments & Statues, Europe & Ukraine & Odessa Oblast & Odessa & Things to Do in Odessa, 4.5, 46.487312, 30.739271, 261726724, 20150301, 20140901, 5.0, Локи Ф, /Profile/F9266SJ_, 66d1f1c945823baa79e562c48344d150, /Attraction_Review-g295368-d5503628-Reviews-Monument_to_Catherine_the_Great_and_Founders_of_Odessa-Odessa_Odessa_Oblast.html
