review_location_name, review_current_page, review_last_page, review_location_type, review_location_breadcrumbs, review_location_rate, location_lat, location_lng, review_id, review_date, review_experience_date, review_rate, user_name, user_link, user_id, parent_url
Passage, 27, 31, Points of Interest & Landmarks & Points of Interest & Landmarks, Europe & Ukraine & Odessa Oblast & Odessa & Things to Do in Odessa, 4.5, 46.48401, 30.73307, 267143472, 20150401, 20140501, 4.0, Sterling E, /Profile/Adept21, 376bbee48dc8b598237c6f6dc435d30e, /Attraction_Review-g295368-d2083546-Reviews-Passage-Odessa_Odessa_Oblast.html
Passage, 27, 31, Points of Interest & Landmarks & Points of Interest & Landmarks, Europe & Ukraine & Odessa Oblast & Odessa & Things to Do in Odessa, 4.5, 46.48401, 30.73307, 250244011, 20150101, 20140201, 4.0, MAloysioM, /Profile/MAloysioM, 450e271572ebcd055a252c98f8cdb517, /Attraction_Review-g295368-d2083546-Reviews-Passage-Odessa_Odessa_Oblast.html
Passage, 27, 31, Points of Interest & Landmarks & Points of Interest & Landmarks, Europe & Ukraine & Odessa Oblast & Odessa & Things to Do in Odessa, 4.5, 46.48401, 30.73307, 248000157, 20150101, 20141201, 3.0, GrahamJones1959, /Profile/GrahamJones1959, 7fb1ea15872078abca5133db41d57927, /Attraction_Review-g295368-d2083546-Reviews-Passage-Odessa_Odessa_Oblast.html
Passage, 27, 31, Points of Interest & Landmarks & Points of Interest & Landmarks, Europe & Ukraine & Odessa Oblast & Odessa & Things to Do in Odessa, 4.5, 46.48401, 30.73307, 244507298, 20141201, 20140601, 4.0, AndersUA, /Profile/AndersUA, 8e1b1e5e1bcb6460ad6fd49acc1f0417, /Attraction_Review-g295368-d2083546-Reviews-Passage-Odessa_Odessa_Oblast.html
Passage, 27, 31, Points of Interest & Landmarks & Points of Interest & Landmarks, Europe & Ukraine & Odessa Oblast & Odessa & Things to Do in Odessa, 4.5, 46.48401, 30.73307, 223166435, 20140801, 20140801, 3.0, Glover123, /Profile/Glover123, 70c9a2bec786585436605d8b5a4a21cb, /Attraction_Review-g295368-d2083546-Reviews-Passage-Odessa_Odessa_Oblast.html
