review_location_name, review_current_page, review_last_page, review_location_type, review_location_breadcrumbs, review_location_rate, location_lat, location_lng, review_id, review_date, review_experience_date, review_rate, user_name, user_link, user_id, parent_url
Monument to the 12th Chair, 9, 15, Points of Interest & Landmarks & Monuments & Statues & Points of Interest & Landmarks & Monuments & Statues, Europe & Ukraine & Odessa Oblast & Odessa & Things to Do in Odessa, 4.5, 46.48406, 30.73935, 495658662, 20170601, 20170601, 3.0, czmdivenut, /Profile/czmdivenut, 1ff02e90b3cecf031e2f25d60bf246d9, /Attraction_Review-g295368-d5259019-Reviews-Monument_to_the_12th_Chair-Odessa_Odessa_Oblast.html
Monument to the 12th Chair, 9, 15, Points of Interest & Landmarks & Monuments & Statues & Points of Interest & Landmarks & Monuments & Statues, Europe & Ukraine & Odessa Oblast & Odessa & Things to Do in Odessa, 4.5, 46.48406, 30.73935, 476139844, 20170401, 20170401, 4.0, ChrysT717, /Profile/ChrysT717, 16a7dd804a0836ab57e1d48302823607, /Attraction_Review-g295368-d5259019-Reviews-Monument_to_the_12th_Chair-Odessa_Odessa_Oblast.html
Monument to the 12th Chair, 9, 15, Points of Interest & Landmarks & Monuments & Statues & Points of Interest & Landmarks & Monuments & Statues, Europe & Ukraine & Odessa Oblast & Odessa & Things to Do in Odessa, 4.5, 46.48406, 30.73935, 474482659, 20170401, 20170401, 5.0, Pastry Girl, /Profile/pastrygrl, 12567d1e80b5f4d88e6b17eda2aa637a, /Attraction_Review-g295368-d5259019-Reviews-Monument_to_the_12th_Chair-Odessa_Odessa_Oblast.html
Monument to the 12th Chair, 9, 15, Points of Interest & Landmarks & Monuments & Statues & Points of Interest & Landmarks & Monuments & Statues, Europe & Ukraine & Odessa Oblast & Odessa & Things to Do in Odessa, 4.5, 46.48406, 30.73935, 466925527, 20170301, 20160501, 5.0, CreativeDivemaster, /Profile/CreativeDivemaster, a39d3960efd19ea91c259bbac5e04dc4, /Attraction_Review-g295368-d5259019-Reviews-Monument_to_the_12th_Chair-Odessa_Odessa_Oblast.html
Monument to the 12th Chair, 9, 15, Points of Interest & Landmarks & Monuments & Statues & Points of Interest & Landmarks & Monuments & Statues, Europe & Ukraine & Odessa Oblast & Odessa & Things to Do in Odessa, 4.5, 46.48406, 30.73935, 459295502, 20170201, 20160901, 5.0, Glenn C, /Profile/glenncF1020GM, ca91e71c9630c435bc6df6a3bf50f46f, /Attraction_Review-g295368-d5259019-Reviews-Monument_to_the_12th_Chair-Odessa_Odessa_Oblast.html
