review_location_name, review_current_page, review_last_page, review_location_type, review_location_breadcrumbs, review_location_rate, location_lat, location_lng, review_id, review_date, review_experience_date, review_rate, user_name, user_link, user_id, parent_url
Deribasovskaya Street, 75, 94, Points of Interest & Landmarks & Points of Interest & Landmarks, Europe & Ukraine & Odessa Oblast & Odessa & Things to Do in Odessa, 4.5, 46.48428, 30.73621, 226314027, 20140901, 20140801, 5.0, freedml, /Profile/freedml, 080d8cb53e3d34128aad97d1e15fecc7, /Attraction_Review-g295368-d554486-Reviews-Deribasovskaya_Street-Odessa_Odessa_Oblast.html
Deribasovskaya Street, 75, 94, Points of Interest & Landmarks & Points of Interest & Landmarks, Europe & Ukraine & Odessa Oblast & Odessa & Things to Do in Odessa, 4.5, 46.48428, 30.73621, 226212874, 20140901, 20140801, 5.0, Artemiev_Ivan, /Profile/Artemiev_Ivan, a833d7ffd6621e01fed319b59d6c7249, /Attraction_Review-g295368-d554486-Reviews-Deribasovskaya_Street-Odessa_Odessa_Oblast.html
Deribasovskaya Street, 75, 94, Points of Interest & Landmarks & Points of Interest & Landmarks, Europe & Ukraine & Odessa Oblast & Odessa & Things to Do in Odessa, 4.5, 46.48428, 30.73621, 225910112, 20140901, 20140801, 5.0, jacek65, /Profile/jacek65, 04eed90b912a96bd5c98079acbf5c335, /Attraction_Review-g295368-d554486-Reviews-Deribasovskaya_Street-Odessa_Odessa_Oblast.html
Deribasovskaya Street, 75, 94, Points of Interest & Landmarks & Points of Interest & Landmarks, Europe & Ukraine & Odessa Oblast & Odessa & Things to Do in Odessa, 4.5, 46.48428, 30.73621, 225140537, 20140801, 20140801, 5.0, Tigran K, /Profile/610tigrank, f1ecd819b9e149980157830cf42de964, /Attraction_Review-g295368-d554486-Reviews-Deribasovskaya_Street-Odessa_Odessa_Oblast.html
Deribasovskaya Street, 75, 94, Points of Interest & Landmarks & Points of Interest & Landmarks, Europe & Ukraine & Odessa Oblast & Odessa & Things to Do in Odessa, 4.5, 46.48428, 30.73621, 223382848, 20140801, 20140801, 4.0, KaareMeier, /Profile/KaareMeier, dc897fa25ecf91a2235e3aea54e1f913, /Attraction_Review-g295368-d554486-Reviews-Deribasovskaya_Street-Odessa_Odessa_Oblast.html
