review_location_name, review_current_page, review_last_page, review_location_type, review_location_breadcrumbs, review_location_rate, location_lat, location_lng, review_id, review_date, review_experience_date, review_rate, user_name, user_link, user_id, extra, parent_url
Museum of Chocolat, None, None, Specialty Museums, Europe & Ukraine & Odessa Oblast & Odessa & Things to Do in Odessa, 4.0, 46.488277, 30.72619, 753592149, 20200501, 20200501, 4.0, Ольга Ш, https://www.tripadvisor.com/Profile/O1137KX_, 85cf57e2fb58778c1c26cef21a249cdd, Excellent : 2 & Very Good : 2 & Average : 1 & Poor : 0 & Terrible : 0, /Attraction_Review-g295368-d15297734-Reviews-Museum_of_Chocolat-Odessa_Odessa_Oblast.html
Museum of Chocolat, None, None, Specialty Museums, Europe & Ukraine & Odessa Oblast & Odessa & Things to Do in Odessa, 4.0, 46.488277, 30.72619, 702159512, 20190801, 20190801, 5.0, J053F, https://www.tripadvisor.com/Profile/J053F, ef5c475a468c70eac2248fc1c7c72a8b, Excellent : 2 & Very Good : 2 & Average : 1 & Poor : 0 & Terrible : 0, /Attraction_Review-g295368-d15297734-Reviews-Museum_of_Chocolat-Odessa_Odessa_Oblast.html
Museum of Chocolat, None, None, Specialty Museums, Europe & Ukraine & Odessa Oblast & Odessa & Things to Do in Odessa, 4.0, 46.488277, 30.72619, 677135279, 20190501, 20190101, 5.0, Michael U, https://www.tripadvisor.com/Profile/131michaelu, c9cdf1dc7eded4f9f1bb1fb15e46bfc7, Excellent : 2 & Very Good : 2 & Average : 1 & Poor : 0 & Terrible : 0, /Attraction_Review-g295368-d15297734-Reviews-Museum_of_Chocolat-Odessa_Odessa_Oblast.html
Museum of Chocolat, None, None, Specialty Museums, Europe & Ukraine & Odessa Oblast & Odessa & Things to Do in Odessa, 4.0, 46.488277, 30.72619, 676330457, 20190501, 20190501, 3.0, Ксения, https://www.tripadvisor.com/Profile/J2305MG_, aacefd3511454031bbde4eca8deacb9f, Excellent : 2 & Very Good : 2 & Average : 1 & Poor : 0 & Terrible : 0, /Attraction_Review-g295368-d15297734-Reviews-Museum_of_Chocolat-Odessa_Odessa_Oblast.html
Museum of Chocolat, None, None, Specialty Museums, Europe & Ukraine & Odessa Oblast & Odessa & Things to Do in Odessa, 4.0, 46.488277, 30.72619, 660855006, 20190301, 20190301, 4.0, Mark F, https://www.tripadvisor.com/Profile/Markusha5, fd90f9c1348da0f0910be45c90239127, Excellent : 2 & Very Good : 2 & Average : 1 & Poor : 0 & Terrible : 0, /Attraction_Review-g295368-d15297734-Reviews-Museum_of_Chocolat-Odessa_Odessa_Oblast.html
