review_location_name, review_current_page, review_last_page, review_location_type, review_location_breadcrumbs, review_location_rate, location_lat, location_lng, review_id, review_date, review_experience_date, review_rate, user_name, user_link, user_id, extra, parent_url
Monument to Orange, 2, 5, Monuments & Statues, Europe & Ukraine & Odessa Oblast & Odessa & Things to Do in Odessa, 4.0, 46.488277, 30.72619, 676731817, 20190501, 20190401, 4.0, Aleks_53, https://www.tripadvisor.com/Profile/Aleks_53, 57cd577aad83bf6830b3ced29e36bf55, Excellent : 7 & Very Good : 12 & Average : 1 & Poor : 1 & Terrible : 0, /Attraction_Review-g295368-d8263809-Reviews-Monument_to_Orange-Odessa_Odessa_Oblast.html
Monument to Orange, 2, 5, Monuments & Statues, Europe & Ukraine & Odessa Oblast & Odessa & Things to Do in Odessa, 4.0, 46.488277, 30.72619, 643437578, 20190101, 20180401, 4.0, Edward A, https://www.tripadvisor.com/Profile/edwarda_13, 34e7b1c0fbdf16912f32aec8bd22a4d7, Excellent : 7 & Very Good : 12 & Average : 1 & Poor : 1 & Terrible : 0, /Attraction_Review-g295368-d8263809-Reviews-Monument_to_Orange-Odessa_Odessa_Oblast.html
Monument to Orange, 2, 5, Monuments & Statues, Europe & Ukraine & Odessa Oblast & Odessa & Things to Do in Odessa, 4.0, 46.488277, 30.72619, 631124193, 20181101, 20181101, 5.0, Vitaliy K, https://www.tripadvisor.com/Profile/339vitaliyk, 3c467735e8fab80abe5c3db66a29848c, Excellent : 7 & Very Good : 12 & Average : 1 & Poor : 1 & Terrible : 0, /Attraction_Review-g295368-d8263809-Reviews-Monument_to_Orange-Odessa_Odessa_Oblast.html
Monument to Orange, 2, 5, Monuments & Statues, Europe & Ukraine & Odessa Oblast & Odessa & Things to Do in Odessa, 4.0, 46.488277, 30.72619, 582885574, 20180501, 20180501, 4.0, Rika B, https://www.tripadvisor.com/Profile/maasikavaarika, 3c0343ab788d1ec89c44bdbaffe620b8, Excellent : 7 & Very Good : 12 & Average : 1 & Poor : 1 & Terrible : 0, /Attraction_Review-g295368-d8263809-Reviews-Monument_to_Orange-Odessa_Odessa_Oblast.html
Monument to Orange, 2, 5, Monuments & Statues, Europe & Ukraine & Odessa Oblast & Odessa & Things to Do in Odessa, 4.0, 46.488277, 30.72619, 579582028, 20180501, 20180501, 5.0, Terrance M, https://www.tripadvisor.com/Profile/termar, 327b6acbc5a93d1e0aada74e37a7efb8, Excellent : 7 & Very Good : 12 & Average : 1 & Poor : 1 & Terrible : 0, /Attraction_Review-g295368-d8263809-Reviews-Monument_to_Orange-Odessa_Odessa_Oblast.html
