review_location_name, review_current_page, review_last_page, review_location_type, review_location_breadcrumbs, review_location_rate, location_lat, location_lng, review_id, review_date, review_experience_date, review_rate, user_name, user_link, user_id, extra, parent_url
The City Zoo, 5, 14, Zoos, Europe & Ukraine & Odessa Oblast & Odessa & Things to Do in Odessa, 2.5, 46.488277, 30.72619, 516734954, 20170801, 20160901, 2.0, Massimo Ciuffolotto, https://www.tripadvisor.com/Profile/Massimo_Ciuffolotto, 2a4c8167e490ccbc62ad7749a1e08ab6, Excellent : 6 & Very Good : 7 & Average : 28 & Poor : 14 & Terrible : 15, /Attraction_Review-g295368-d554489-Reviews-The_City_Zoo-Odessa_Odessa_Oblast.html
The City Zoo, 5, 14, Zoos, Europe & Ukraine & Odessa Oblast & Odessa & Things to Do in Odessa, 2.5, 46.488277, 30.72619, 513719545, 20170801, 20170801, 3.0, Andrii T, https://www.tripadvisor.com/Profile/593andriit, 1c229fbca347c04d6cc02bda83871ff0, Excellent : 6 & Very Good : 7 & Average : 28 & Poor : 14 & Terrible : 15, /Attraction_Review-g295368-d554489-Reviews-The_City_Zoo-Odessa_Odessa_Oblast.html
The City Zoo, 5, 14, Zoos, Europe & Ukraine & Odessa Oblast & Odessa & Things to Do in Odessa, 2.5, 46.488277, 30.72619, 505545920, 20170701, 20170701, 1.0, A Tripadvisor Member, https://www.tripadvisor.com/Profile/null, a3e4274f059288d5b21dfef90ea56183, Excellent : 6 & Very Good : 7 & Average : 28 & Poor : 14 & Terrible : 15, /Attraction_Review-g295368-d554489-Reviews-The_City_Zoo-Odessa_Odessa_Oblast.html
The City Zoo, 5, 14, Zoos, Europe & Ukraine & Odessa Oblast & Odessa & Things to Do in Odessa, 2.5, 46.488277, 30.72619, 460101732, 20170201, 20160701, 3.0, Жанна Б, https://www.tripadvisor.com/Profile/Culture799413, a324d26916a0f029f51bf6729c447132, Excellent : 6 & Very Good : 7 & Average : 28 & Poor : 14 & Terrible : 15, /Attraction_Review-g295368-d554489-Reviews-The_City_Zoo-Odessa_Odessa_Oblast.html
The City Zoo, 5, 14, Zoos, Europe & Ukraine & Odessa Oblast & Odessa & Things to Do in Odessa, 2.5, 46.488277, 30.72619, 453387302, 20170101, 20160301, 2.0, Михаил Д, https://www.tripadvisor.com/Profile/demidas777, b67e20e7ff1a5c7458015f88419071dd, Excellent : 6 & Very Good : 7 & Average : 28 & Poor : 14 & Terrible : 15, /Attraction_Review-g295368-d554489-Reviews-The_City_Zoo-Odessa_Odessa_Oblast.html
