review_location_name, review_current_page, review_last_page, review_location_type, review_location_breadcrumbs, review_location_rate, location_lat, location_lng, review_id, review_date, review_experience_date, review_rate, user_name, user_link, user_id, extra, parent_url
Central City Beach, 5, 17, Beaches, Europe & Ukraine & Odessa Oblast & Chornomorsk & Things to Do in Chornomorsk, 4.0, 46.30495, 30.65478, 592731658, 20180701, 20180701, 5.0, Aleksandr K, https://www.tripadvisor.com/Profile/416aleksandrk, 7f3f2328b700069a4e8cd253c3576aec, Excellent : 40 & Very Good : 23 & Average : 11 & Poor : 4 & Terrible : 4, /Attraction_Review-g3383598-d8070534-Reviews-Central_City_Beach-Chornomorsk_Odessa_Oblast.html
Central City Beach, 5, 17, Beaches, Europe & Ukraine & Odessa Oblast & Chornomorsk & Things to Do in Chornomorsk, 4.0, 46.30495, 30.65478, 592085813, 20180701, 20180601, 4.0, Дмитрий М, https://www.tripadvisor.com/Profile/P7146ZW_, 5b4e03f878c78b3bc1d3291402152897, Excellent : 40 & Very Good : 23 & Average : 11 & Poor : 4 & Terrible : 4, /Attraction_Review-g3383598-d8070534-Reviews-Central_City_Beach-Chornomorsk_Odessa_Oblast.html
Central City Beach, 5, 17, Beaches, Europe & Ukraine & Odessa Oblast & Chornomorsk & Things to Do in Chornomorsk, 4.0, 46.30495, 30.65478, 587143036, 20180601, 20180601, 1.0, Irina7878, https://www.tripadvisor.com/Profile/Irina7878, d7b8f2b17c476124c213cb9613dd684e, Excellent : 40 & Very Good : 23 & Average : 11 & Poor : 4 & Terrible : 4, /Attraction_Review-g3383598-d8070534-Reviews-Central_City_Beach-Chornomorsk_Odessa_Oblast.html
Central City Beach, 5, 17, Beaches, Europe & Ukraine & Odessa Oblast & Chornomorsk & Things to Do in Chornomorsk, 4.0, 46.30495, 30.65478, 584968502, 20180601, 20170701, 5.0, kraser999, https://www.tripadvisor.com/Profile/kraser999, 163061fde7c025161fc634a6470a076b, Excellent : 40 & Very Good : 23 & Average : 11 & Poor : 4 & Terrible : 4, /Attraction_Review-g3383598-d8070534-Reviews-Central_City_Beach-Chornomorsk_Odessa_Oblast.html
Central City Beach, 5, 17, Beaches, Europe & Ukraine & Odessa Oblast & Chornomorsk & Things to Do in Chornomorsk, 4.0, 46.30495, 30.65478, 548605280, 20171201, 20171201, 3.0, Alexey S, https://www.tripadvisor.com/Profile/AlexeySeliverstov, 48d482bb505ef69d95d0e348f3eab60d, Excellent : 40 & Very Good : 23 & Average : 11 & Poor : 4 & Terrible : 4, /Attraction_Review-g3383598-d8070534-Reviews-Central_City_Beach-Chornomorsk_Odessa_Oblast.html
