review_location_name, review_current_page, review_last_page, review_location_type, review_location_breadcrumbs, review_location_rate, location_lat, location_lng, review_id, review_date, review_experience_date, review_rate, user_name, user_link, user_id, parent_url
Odessa Archaeological Museum, 1, 7, History Museums & History Museums, Europe & Ukraine & Odessa Oblast & Odessa & Things to Do in Odessa, 4.0, 46.485027, 30.743431, 779747683, 20201201, 20200101, 5.0, UriusT, /Profile/UriusT, 681036d47ba7aa082879273b343aa656, /Attraction_Review-g295368-d5503648-Reviews-Odessa_Archaeological_Museum-Odessa_Odessa_Oblast.html
Odessa Archaeological Museum, 1, 7, History Museums & History Museums, Europe & Ukraine & Odessa Oblast & Odessa & Things to Do in Odessa, 4.0, 46.485027, 30.743431, 765369963, 20200801, 20200701, 5.0, Dina, /Profile/DinaUR, 61ac6e59206cc5e715af4f044e8bbd2e, /Attraction_Review-g295368-d5503648-Reviews-Odessa_Archaeological_Museum-Odessa_Odessa_Oblast.html
Odessa Archaeological Museum, 1, 7, History Museums & History Museums, Europe & Ukraine & Odessa Oblast & Odessa & Things to Do in Odessa, 4.0, 46.485027, 30.743431, 740169636, 20200101, 20190701, 4.0, FyFazan, /Profile/FyFazan, 55a410a739ddb300f6fd54a904255b6d, /Attraction_Review-g295368-d5503648-Reviews-Odessa_Archaeological_Museum-Odessa_Odessa_Oblast.html
Odessa Archaeological Museum, 1, 7, History Museums & History Museums, Europe & Ukraine & Odessa Oblast & Odessa & Things to Do in Odessa, 4.0, 46.485027, 30.743431, 734490611, 20191201, 20190801, 5.0, Geo P, /Profile/geop2014, 66a86a44278cdf18cdae6e86aecd3fbe, /Attraction_Review-g295368-d5503648-Reviews-Odessa_Archaeological_Museum-Odessa_Odessa_Oblast.html
Odessa Archaeological Museum, 1, 7, History Museums & History Museums, Europe & Ukraine & Odessa Oblast & Odessa & Things to Do in Odessa, 4.0, 46.485027, 30.743431, 722586175, 20191001, 20190901, 5.0, harryatkck, /Profile/harryatkck, 7ec6c3b463e4dfd39eab578b3bdae30a, /Attraction_Review-g295368-d5503648-Reviews-Odessa_Archaeological_Museum-Odessa_Odessa_Oblast.html
