review_location_name, review_current_page, review_last_page, review_location_type, review_location_breadcrumbs, review_location_rate, location_lat, location_lng, review_id, review_date, review_experience_date, review_rate, user_name, user_link, user_id, extra, parent_url
Shustov Cognac Museum, 23, 29, Specialty Museums, Europe & Ukraine & Odessa Oblast & Odessa & Things to Do in Odessa, 4.5, 46.488277, 30.72619, 271515309, 20150501, 20150501, 5.0, ReyGar, https://www.tripadvisor.com/Profile/ReyGarnev, d61fa81dd47bd585bfab220c2dc9bd18, Excellent : 112 & Very Good : 19 & Average : 9 & Poor : 2 & Terrible : 0, /Attraction_Review-g295368-d6023952-Reviews-Shustov_Cognac_Museum-Odessa_Odessa_Oblast.html
Shustov Cognac Museum, 23, 29, Specialty Museums, Europe & Ukraine & Odessa Oblast & Odessa & Things to Do in Odessa, 4.5, 46.488277, 30.72619, 270863622, 20150501, 20150501, 5.0, Катерина К, https://www.tripadvisor.com/Profile/_Y9156UD, f31d04129d2b178b8c73ff05734bc291, Excellent : 112 & Very Good : 19 & Average : 9 & Poor : 2 & Terrible : 0, /Attraction_Review-g295368-d6023952-Reviews-Shustov_Cognac_Museum-Odessa_Odessa_Oblast.html
Shustov Cognac Museum, 23, 29, Specialty Museums, Europe & Ukraine & Odessa Oblast & Odessa & Things to Do in Odessa, 4.5, 46.488277, 30.72619, 270114548, 20150501, 20150501, 5.0, Николай И, https://www.tripadvisor.com/Profile/B1109UU_, 025fb66fbeca5361476c90e66cf500db, Excellent : 112 & Very Good : 19 & Average : 9 & Poor : 2 & Terrible : 0, /Attraction_Review-g295368-d6023952-Reviews-Shustov_Cognac_Museum-Odessa_Odessa_Oblast.html
Shustov Cognac Museum, 23, 29, Specialty Museums, Europe & Ukraine & Odessa Oblast & Odessa & Things to Do in Odessa, 4.5, 46.488277, 30.72619, 263188819, 20150401, 20150401, 4.0, Ragnar_76, https://www.tripadvisor.com/Profile/Ragnar_76, db6e24b2c09aba54a27d9e03e52dd31a, Excellent : 112 & Very Good : 19 & Average : 9 & Poor : 2 & Terrible : 0, /Attraction_Review-g295368-d6023952-Reviews-Shustov_Cognac_Museum-Odessa_Odessa_Oblast.html
Shustov Cognac Museum, 23, 29, Specialty Museums, Europe & Ukraine & Odessa Oblast & Odessa & Things to Do in Odessa, 4.5, 46.488277, 30.72619, 254460896, 20150201, 20150201, 5.0, Mary C, https://www.tripadvisor.com/Profile/marycY9247KY, a5916ff4dd67814793b27a37a9bc8fe2, Excellent : 112 & Very Good : 19 & Average : 9 & Poor : 2 & Terrible : 0, /Attraction_Review-g295368-d6023952-Reviews-Shustov_Cognac_Museum-Odessa_Odessa_Oblast.html
