review_location_name, review_current_page, review_last_page, review_location_type, review_location_breadcrumbs, review_location_rate, location_lat, location_lng, review_id, review_date, review_experience_date, review_rate, user_name, user_link, user_id, parent_url
Statue of the Duc de Richelieu, 6, 19, Monuments & Statues & Monuments & Statues, Europe & Ukraine & Odessa Oblast & Odessa & Things to Do in Odessa, 4.5, 46.488075, 30.741072, 595301918, 20180701, 20180501, 3.0, CJW913, /Profile/CJW913, 5cda35cdea6197a4a560495f9d01a126, /Attraction_Review-g295368-d554877-Reviews-Statue_of_the_Duc_de_Richelieu-Odessa_Odessa_Oblast.html
Statue of the Duc de Richelieu, 6, 19, Monuments & Statues & Monuments & Statues, Europe & Ukraine & Odessa Oblast & Odessa & Things to Do in Odessa, 4.5, 46.488075, 30.741072, 592234433, 20180701, 20180501, 4.0, NikoliGogol, /Profile/NikoliGogol, 7c0b5f9eb72cb19fdd1f528ecfc775b2, /Attraction_Review-g295368-d554877-Reviews-Statue_of_the_Duc_de_Richelieu-Odessa_Odessa_Oblast.html
Statue of the Duc de Richelieu, 6, 19, Monuments & Statues & Monuments & Statues, Europe & Ukraine & Odessa Oblast & Odessa & Things to Do in Odessa, 4.5, 46.488075, 30.741072, 591266138, 20180601, 20180501, 4.0, Dima C, /Profile/556dimac, cfa5034f2c647df3c73277141334dc59, /Attraction_Review-g295368-d554877-Reviews-Statue_of_the_Duc_de_Richelieu-Odessa_Odessa_Oblast.html
Statue of the Duc de Richelieu, 6, 19, Monuments & Statues & Monuments & Statues, Europe & Ukraine & Odessa Oblast & Odessa & Things to Do in Odessa, 4.5, 46.488075, 30.741072, 585896136, 20180601, 20180601, 5.0, Calpurnia, /Profile/LindaA4512, c4807763eaa72ea0062bf19a1eda1fba, /Attraction_Review-g295368-d554877-Reviews-Statue_of_the_Duc_de_Richelieu-Odessa_Odessa_Oblast.html
Statue of the Duc de Richelieu, 6, 19, Monuments & Statues & Monuments & Statues, Europe & Ukraine & Odessa Oblast & Odessa & Things to Do in Odessa, 4.5, 46.488075, 30.741072, 581384037, 20180501, 20180401, 4.0, catherine560, /Profile/catherine560, 3b7ce0a81d2a5e3dedb51988b3191475, /Attraction_Review-g295368-d554877-Reviews-Statue_of_the_Duc_de_Richelieu-Odessa_Odessa_Oblast.html
