review_location_name, review_current_page, review_last_page, review_location_type, review_location_breadcrumbs, review_location_rate, location_lat, location_lng, review_id, review_date, review_experience_date, review_rate, user_name, user_link, user_id, extra, parent_url
City Garden, 99, 104, Parks, Europe & Ukraine & Odessa Oblast & Odessa & Things to Do in Odessa, 4.5, 46.488277, 30.72619, 157489352, 20130401, 20130401, 5.0, Vikt0ria75, https://www.tripadvisor.com/Profile/Vikt0ria75, a57496f265243d45b209e4ad962f73df, Excellent : 336 & Very Good : 137 & Average : 38 & Poor : 5 & Terrible : 2, /Attraction_Review-g295368-d554490-Reviews-City_Garden-Odessa_Odessa_Oblast.html
City Garden, 99, 104, Parks, Europe & Ukraine & Odessa Oblast & Odessa & Things to Do in Odessa, 4.5, 46.488277, 30.72619, 155311169, 20130301, 20121001, 5.0, Halina S, https://www.tripadvisor.com/Profile/HalinaS_13, 61ceed1ab8e2b8659f3967f8046e1d69, Excellent : 336 & Very Good : 137 & Average : 38 & Poor : 5 & Terrible : 2, /Attraction_Review-g295368-d554490-Reviews-City_Garden-Odessa_Odessa_Oblast.html
City Garden, 99, 104, Parks, Europe & Ukraine & Odessa Oblast & Odessa & Things to Do in Odessa, 4.5, 46.488277, 30.72619, 152245833, 20130201, 20130201, 5.0, Guspianist, https://www.tripadvisor.com/Profile/Guspianist, 2c94cf2dab9af9c7ea5a83168245e86e, Excellent : 336 & Very Good : 137 & Average : 38 & Poor : 5 & Terrible : 2, /Attraction_Review-g295368-d554490-Reviews-City_Garden-Odessa_Odessa_Oblast.html
City Garden, 99, 104, Parks, Europe & Ukraine & Odessa Oblast & Odessa & Things to Do in Odessa, 4.5, 46.488277, 30.72619, 149168095, 20130101, 20130101, 5.0, skazka-odessa, https://www.tripadvisor.com/Profile/skazka-odessa, a1f72de4aafc3017a2982997e96dfe41, Excellent : 336 & Very Good : 137 & Average : 38 & Poor : 5 & Terrible : 2, /Attraction_Review-g295368-d554490-Reviews-City_Garden-Odessa_Odessa_Oblast.html
City Garden, 99, 104, Parks, Europe & Ukraine & Odessa Oblast & Odessa & Things to Do in Odessa, 4.5, 46.488277, 30.72619, 147349719, 20121201, 20121201, 5.0, RUSTYMAN, https://www.tripadvisor.com/Profile/rrrrustyman, 5ad6022fbfabfa7bf9ce79c0a25a10f8, Excellent : 336 & Very Good : 137 & Average : 38 & Poor : 5 & Terrible : 2, /Attraction_Review-g295368-d554490-Reviews-City_Garden-Odessa_Odessa_Oblast.html
