review_location_name, review_current_page, review_last_page, review_location_type, review_location_breadcrumbs, review_location_rate, location_lat, location_lng, review_id, review_date, review_experience_date, review_rate, user_name, user_link, user_id, extra, parent_url
Lanzheron Beach, 22, 46, Beaches, Europe & Ukraine & Odessa Oblast & Odessa & Things to Do in Odessa, 4.0, 46.488277, 30.72619, 452941965, 20170101, 20160801, 5.0, valeved51, https://www.tripadvisor.com/Profile/valeved51, fb4c8f883ee0cccd360f5c560ac9d5a9, Excellent : 91 & Very Good : 58 & Average : 44 & Poor : 19 & Terrible : 14, /Attraction_Review-g295368-d4952695-Reviews-Lanzheron_Beach-Odessa_Odessa_Oblast.html
Lanzheron Beach, 22, 46, Beaches, Europe & Ukraine & Odessa Oblast & Odessa & Things to Do in Odessa, 4.0, 46.488277, 30.72619, 435338294, 20161101, 20161001, 3.0, Сергей М, https://www.tripadvisor.com/Profile/_W9921LL, 6d9c64fe271ecc4c7e8ac4abbfe16259, Excellent : 91 & Very Good : 58 & Average : 44 & Poor : 19 & Terrible : 14, /Attraction_Review-g295368-d4952695-Reviews-Lanzheron_Beach-Odessa_Odessa_Oblast.html
Lanzheron Beach, 22, 46, Beaches, Europe & Ukraine & Odessa Oblast & Odessa & Things to Do in Odessa, 4.0, 46.488277, 30.72619, 435293376, 20161101, 20161101, 4.0, natalishka1970, https://www.tripadvisor.com/Profile/natalishka1970, 3551165f81882d4ed8121b7d7ccc0499, Excellent : 91 & Very Good : 58 & Average : 44 & Poor : 19 & Terrible : 14, /Attraction_Review-g295368-d4952695-Reviews-Lanzheron_Beach-Odessa_Odessa_Oblast.html
Lanzheron Beach, 22, 46, Beaches, Europe & Ukraine & Odessa Oblast & Odessa & Things to Do in Odessa, 4.0, 46.488277, 30.72619, 431961655, 20161001, 20160801, 4.0, Profitmaster, https://www.tripadvisor.com/Profile/Profitmaster, 13f805f57169f95f7a58e2f84c03fb7a, Excellent : 91 & Very Good : 58 & Average : 44 & Poor : 19 & Terrible : 14, /Attraction_Review-g295368-d4952695-Reviews-Lanzheron_Beach-Odessa_Odessa_Oblast.html
Lanzheron Beach, 22, 46, Beaches, Europe & Ukraine & Odessa Oblast & Odessa & Things to Do in Odessa, 4.0, 46.488277, 30.72619, 426022454, 20161001, 20160501, 5.0, Eskander, https://www.tripadvisor.com/Profile/Big_Goldis, 480f54135671bc8ee25730e56d8470d4, Excellent : 91 & Very Good : 58 & Average : 44 & Poor : 19 & Terrible : 14, /Attraction_Review-g295368-d4952695-Reviews-Lanzheron_Beach-Odessa_Odessa_Oblast.html
