review_location_name, review_current_page, review_last_page, review_location_type, review_location_breadcrumbs, review_location_rate, location_lat, location_lng, review_id, review_date, review_experience_date, review_rate, user_name, user_link, user_id, extra, parent_url
Monument to L. Utesov, 26, 37, Points of Interest & Landmarks & Monuments & Statues, Europe & Ukraine & Odessa Oblast & Odessa & Things to Do in Odessa, 4.5, 46.488277, 30.72619, 323856639, 20151101, 20141201, 5.0, Евгений В, https://www.tripadvisor.com/Profile/tryblackjack, 1fca55aa793077ca3b05a8c13dfc7414, Excellent : 114 & Very Good : 45 & Average : 21 & Poor : 1 & Terrible : 1, /Attraction_Review-g295368-d5259021-Reviews-Monument_to_L_Utesov-Odessa_Odessa_Oblast.html
Monument to L. Utesov, 26, 37, Points of Interest & Landmarks & Monuments & Statues, Europe & Ukraine & Odessa Oblast & Odessa & Things to Do in Odessa, 4.5, 46.488277, 30.72619, 322732370, 20151001, 20150901, 4.0, fr77vde, https://www.tripadvisor.com/Profile/fr77vde, 74c29e632c9940f7fa1d2698c1d2dcdf, Excellent : 114 & Very Good : 45 & Average : 21 & Poor : 1 & Terrible : 1, /Attraction_Review-g295368-d5259021-Reviews-Monument_to_L_Utesov-Odessa_Odessa_Oblast.html
Monument to L. Utesov, 26, 37, Points of Interest & Landmarks & Monuments & Statues, Europe & Ukraine & Odessa Oblast & Odessa & Things to Do in Odessa, 4.5, 46.488277, 30.72619, 322399943, 20151001, 20141101, 5.0, Victoria G, https://www.tripadvisor.com/Profile/victoriag577, 1d9c0de5bd94f4accd653cc86c42dc06, Excellent : 114 & Very Good : 45 & Average : 21 & Poor : 1 & Terrible : 1, /Attraction_Review-g295368-d5259021-Reviews-Monument_to_L_Utesov-Odessa_Odessa_Oblast.html
Monument to L. Utesov, 26, 37, Points of Interest & Landmarks & Monuments & Statues, Europe & Ukraine & Odessa Oblast & Odessa & Things to Do in Odessa, 4.5, 46.488277, 30.72619, 322081131, 20151001, 20150901, 4.0, Fima1965, https://www.tripadvisor.com/Profile/Fima1965, 301814bfa6cc496dd23ce87593175a8c, Excellent : 114 & Very Good : 45 & Average : 21 & Poor : 1 & Terrible : 1, /Attraction_Review-g295368-d5259021-Reviews-Monument_to_L_Utesov-Odessa_Odessa_Oblast.html
Monument to L. Utesov, 26, 37, Points of Interest & Landmarks & Monuments & Statues, Europe & Ukraine & Odessa Oblast & Odessa & Things to Do in Odessa, 4.5, 46.488277, 30.72619, 320869588, 20151001, 20150101, 4.0, Alejandro Z, https://www.tripadvisor.com/Profile/alejandroz292, bc270dac82e343a0aee0b999811d9814, Excellent : 114 & Very Good : 45 & Average : 21 & Poor : 1 & Terrible : 1, /Attraction_Review-g295368-d5259021-Reviews-Monument_to_L_Utesov-Odessa_Odessa_Oblast.html
