review_location_name, review_current_page, review_last_page, review_location_type, review_location_breadcrumbs, review_location_rate, location_lat, location_lng, review_id, review_date, review_experience_date, review_rate, user_name, user_link, user_id, parent_url
Flat House House-Wall or Witch House, 3, 6, Architectural Buildings & Architectural Buildings, Europe & Ukraine & Odessa Oblast & Odessa & Things to Do in Odessa, 4.0, 46.48907, 30.73853, 592232928, 20180701, 20180501, 3.0, NikoliGogol, /Profile/NikoliGogol, 7c0b5f9eb72cb19fdd1f528ecfc775b2, /Attraction_Review-g295368-d8263826-Reviews-Flat_House_House_Wall_or_Witch_House-Odessa_Odessa_Oblast.html
Flat House House-Wall or Witch House, 3, 6, Architectural Buildings & Architectural Buildings, Europe & Ukraine & Odessa Oblast & Odessa & Things to Do in Odessa, 4.0, 46.48907, 30.73853, 584582193, 20180601, 20180501, 4.0, Erik0377, /Profile/Erik0377, 19f528fdff090f057e9ed10d7659d5a2, /Attraction_Review-g295368-d8263826-Reviews-Flat_House_House_Wall_or_Witch_House-Odessa_Odessa_Oblast.html
Flat House House-Wall or Witch House, 3, 6, Architectural Buildings & Architectural Buildings, Europe & Ukraine & Odessa Oblast & Odessa & Things to Do in Odessa, 4.0, 46.48907, 30.73853, 579581476, 20180501, 20180501, 4.0, Terrance M, /Profile/termar, 0b409b109e6ffcd777941a8ce90a7090, /Attraction_Review-g295368-d8263826-Reviews-Flat_House_House_Wall_or_Witch_House-Odessa_Odessa_Oblast.html
Flat House House-Wall or Witch House, 3, 6, Architectural Buildings & Architectural Buildings, Europe & Ukraine & Odessa Oblast & Odessa & Things to Do in Odessa, 4.0, 46.48907, 30.73853, 525074938, 20170901, 20170901, 4.0, Terje L, /Profile/terje444, 18fba0a936f67bb8d98a036761b432aa, /Attraction_Review-g295368-d8263826-Reviews-Flat_House_House_Wall_or_Witch_House-Odessa_Odessa_Oblast.html
Flat House House-Wall or Witch House, 3, 6, Architectural Buildings & Architectural Buildings, Europe & Ukraine & Odessa Oblast & Odessa & Things to Do in Odessa, 4.0, 46.48907, 30.73853, 501228079, 20170701, 20170701, 5.0, Debby S, /Profile/debbys761, 9bf7a48cdc5a659af152f42dfefb5324, /Attraction_Review-g295368-d8263826-Reviews-Flat_House_House_Wall_or_Witch_House-Odessa_Odessa_Oblast.html
