review_location_name, review_current_page, review_last_page, review_location_type, review_location_breadcrumbs, review_location_rate, location_lat, location_lng, review_id, review_date, review_experience_date, review_rate, user_name, user_link, user_id, extra, parent_url
Vorontsov Palace, 4, 6, Points of Interest & Landmarks & Historic Walking Areas & Architectural Buildings, Europe & Ukraine & Odessa Oblast & Odessa & Things to Do in Odessa, 4.0, 46.488277, 30.72619, 445483252, 20161201, 20161201, 5.0, Alexander_Chistyakov, https://www.tripadvisor.com/Profile/Alexander_Chistyakov, efa87c57ba5ff69aa6a9a6a878042ee0, Excellent : 9 & Very Good : 9 & Average : 8 & Poor : 1 & Terrible : 0, /Attraction_Review-g295368-d8263793-Reviews-Vorontsov_Palace-Odessa_Odessa_Oblast.html
Vorontsov Palace, 4, 6, Points of Interest & Landmarks & Historic Walking Areas & Architectural Buildings, Europe & Ukraine & Odessa Oblast & Odessa & Things to Do in Odessa, 4.0, 46.488277, 30.72619, 412676742, 20160801, 20150901, 4.0, alxndrxks, https://www.tripadvisor.com/Profile/alxndrxks, 21371726c55c99027fec50fa4a5439d6, Excellent : 9 & Very Good : 9 & Average : 8 & Poor : 1 & Terrible : 0, /Attraction_Review-g295368-d8263793-Reviews-Vorontsov_Palace-Odessa_Odessa_Oblast.html
Vorontsov Palace, 4, 6, Points of Interest & Landmarks & Historic Walking Areas & Architectural Buildings, Europe & Ukraine & Odessa Oblast & Odessa & Things to Do in Odessa, 4.0, 46.488277, 30.72619, 409721802, 20160801, 20160801, 3.0, Naina N, https://www.tripadvisor.com/Profile/NainaYu, 9cf27ea1382c182f2c346712d94e3aee, Excellent : 9 & Very Good : 9 & Average : 8 & Poor : 1 & Terrible : 0, /Attraction_Review-g295368-d8263793-Reviews-Vorontsov_Palace-Odessa_Odessa_Oblast.html
Vorontsov Palace, 4, 6, Points of Interest & Landmarks & Historic Walking Areas & Architectural Buildings, Europe & Ukraine & Odessa Oblast & Odessa & Things to Do in Odessa, 4.0, 46.488277, 30.72619, 368054713, 20160401, 20160401, 3.0, dianinha m, https://www.tripadvisor.com/Profile/dianinham, 47d5bddf11ac9723d12fb59e7621d17b, Excellent : 9 & Very Good : 9 & Average : 8 & Poor : 1 & Terrible : 0, /Attraction_Review-g295368-d8263793-Reviews-Vorontsov_Palace-Odessa_Odessa_Oblast.html
Vorontsov Palace, 4, 6, Points of Interest & Landmarks & Historic Walking Areas & Architectural Buildings, Europe & Ukraine & Odessa Oblast & Odessa & Things to Do in Odessa, 4.0, 46.488277, 30.72619, 337088232, 20160101, 20150701, 5.0, Санин А, https://www.tripadvisor.com/Profile/_Y8162IT, 8a0ae1de0766da28a33cd627e34297cd, Excellent : 9 & Very Good : 9 & Average : 8 & Poor : 1 & Terrible : 0, /Attraction_Review-g295368-d8263793-Reviews-Vorontsov_Palace-Odessa_Odessa_Oblast.html
