review_location_name, review_current_page, review_last_page, review_location_type, review_location_breadcrumbs, review_location_rate, location_lat, location_lng, review_id, review_date, review_experience_date, review_rate, user_name, user_link, user_id, extra, parent_url
The City Zoo, 8, 14, Zoos, Europe & Ukraine & Odessa Oblast & Odessa & Things to Do in Odessa, 2.5, 46.488277, 30.72619, 346233617, 20160201, 20150801, 2.0, Disaster19, https://www.tripadvisor.com/Profile/Disaster19, 5cd05e4c88b42fad6064b3a8bd22ee73, Excellent : 6 & Very Good : 7 & Average : 28 & Poor : 14 & Terrible : 15, /Attraction_Review-g295368-d554489-Reviews-The_City_Zoo-Odessa_Odessa_Oblast.html
The City Zoo, 8, 14, Zoos, Europe & Ukraine & Odessa Oblast & Odessa & Things to Do in Odessa, 2.5, 46.488277, 30.72619, 340428413, 20160101, 20160101, 3.0, Masliymaster, https://www.tripadvisor.com/Profile/Masliymaster, 0f7c8b093140ab3abf265bd7ef49cbc8, Excellent : 6 & Very Good : 7 & Average : 28 & Poor : 14 & Terrible : 15, /Attraction_Review-g295368-d554489-Reviews-The_City_Zoo-Odessa_Odessa_Oblast.html
The City Zoo, 8, 14, Zoos, Europe & Ukraine & Odessa Oblast & Odessa & Things to Do in Odessa, 2.5, 46.488277, 30.72619, 323089803, 20151001, 20151001, 3.0, Александр М, https://www.tripadvisor.com/Profile/mely2602, fb7d8df106df9bc71aa944c8fdd96366, Excellent : 6 & Very Good : 7 & Average : 28 & Poor : 14 & Terrible : 15, /Attraction_Review-g295368-d554489-Reviews-The_City_Zoo-Odessa_Odessa_Oblast.html
The City Zoo, 8, 14, Zoos, Europe & Ukraine & Odessa Oblast & Odessa & Things to Do in Odessa, 2.5, 46.488277, 30.72619, 315403509, 20151001, 20141101, 3.0, MaxLalak, https://www.tripadvisor.com/Profile/MaxLalak, e400045a4040d5c191b9a6b48139e50c, Excellent : 6 & Very Good : 7 & Average : 28 & Poor : 14 & Terrible : 15, /Attraction_Review-g295368-d554489-Reviews-The_City_Zoo-Odessa_Odessa_Oblast.html
The City Zoo, 8, 14, Zoos, Europe & Ukraine & Odessa Oblast & Odessa & Things to Do in Odessa, 2.5, 46.488277, 30.72619, 295212678, 20150801, 20150801, 1.0, Анастасия я, https://www.tripadvisor.com/Profile/Z5359LY_, f121aa4826e1eb0700979956831c2daa, Excellent : 6 & Very Good : 7 & Average : 28 & Poor : 14 & Terrible : 15, /Attraction_Review-g295368-d554489-Reviews-The_City_Zoo-Odessa_Odessa_Oblast.html
