review_location_name, review_current_page, review_last_page, review_location_type, review_location_breadcrumbs, review_location_rate, location_lat, location_lng, review_id, review_date, review_experience_date, review_rate, user_name, user_link, user_id, extra, parent_url
Odessa Film Studio, 1, 10, Points of Interest & Landmarks & Art Museums, Europe & Ukraine & Odessa Oblast & Odessa & Things to Do in Odessa, 4.5, 46.488277, 30.72619, 750432202, 20200301, 20200301, 5.0, Нaталья Т, https://www.tripadvisor.com/Profile/Y6758OY_, f97742ccdc750002b5280b2f6437824c, Excellent : 28 & Very Good : 7 & Average : 8 & Poor : 2 & Terrible : 1, /Attraction_Review-g295368-d554871-Reviews-Odessa_Film_Studio-Odessa_Odessa_Oblast.html
Odessa Film Studio, 1, 10, Points of Interest & Landmarks & Art Museums, Europe & Ukraine & Odessa Oblast & Odessa & Things to Do in Odessa, 4.5, 46.488277, 30.72619, 713185021, 20190901, 20190601, 3.0, Людмила Сыровотка, https://www.tripadvisor.com/Profile/Ludmilazefir8, 5eaacccfda09fd3379e3132d41ac15e7, Excellent : 28 & Very Good : 7 & Average : 8 & Poor : 2 & Terrible : 1, /Attraction_Review-g295368-d554871-Reviews-Odessa_Film_Studio-Odessa_Odessa_Oblast.html
Odessa Film Studio, 1, 10, Points of Interest & Landmarks & Art Museums, Europe & Ukraine & Odessa Oblast & Odessa & Things to Do in Odessa, 4.5, 46.488277, 30.72619, 695831151, 20190801, 20190801, 3.0, Robert T, https://www.tripadvisor.com/Profile/Cruiser526870, e37778d9d0d07cb140b4bfcb1a97728b, Excellent : 28 & Very Good : 7 & Average : 8 & Poor : 2 & Terrible : 1, /Attraction_Review-g295368-d554871-Reviews-Odessa_Film_Studio-Odessa_Odessa_Oblast.html
Odessa Film Studio, 1, 10, Points of Interest & Landmarks & Art Museums, Europe & Ukraine & Odessa Oblast & Odessa & Things to Do in Odessa, 4.5, 46.488277, 30.72619, 684140980, 20190601, 20190601, 5.0, Severn, https://www.tripadvisor.com/Profile/359_Severn, 484a1d52fd073793ac8499c92be9ef8c, Excellent : 28 & Very Good : 7 & Average : 8 & Poor : 2 & Terrible : 1, /Attraction_Review-g295368-d554871-Reviews-Odessa_Film_Studio-Odessa_Odessa_Oblast.html
Odessa Film Studio, 1, 10, Points of Interest & Landmarks & Art Museums, Europe & Ukraine & Odessa Oblast & Odessa & Things to Do in Odessa, 4.5, 46.488277, 30.72619, 643426119, 20190101, 20180301, 5.0, Edward A, https://www.tripadvisor.com/Profile/edwarda_13, 34e7b1c0fbdf16912f32aec8bd22a4d7, Excellent : 28 & Very Good : 7 & Average : 8 & Poor : 2 & Terrible : 1, /Attraction_Review-g295368-d554871-Reviews-Odessa_Film_Studio-Odessa_Odessa_Oblast.html
