review_location_name, review_current_page, review_last_page, review_location_type, review_location_breadcrumbs, review_location_rate, location_lat, location_lng, review_id, review_date, review_experience_date, review_rate, user_name, user_link, user_id, extra, parent_url
T. Shevchenko Central Park of Culture and Recreation, 20, 24, Parks, Europe & Ukraine & Odessa Oblast & Odessa & Things to Do in Odessa, 4.5, 46.488277, 30.72619, 309182038, 20150901, 20150901, 5.0, Евгешка К, https://www.tripadvisor.com/Profile/_Z7429ZP, 934ac741454bbb5ff0be487aeb139c7f, Excellent : 64 & Very Good : 40 & Average : 10 & Poor : 3 & Terrible : 0, /Attraction_Review-g295368-d6502733-Reviews-T_Shevchenko_Central_Park_of_Culture_and_Recreation-Odessa_Odessa_Oblast.html
T. Shevchenko Central Park of Culture and Recreation, 20, 24, Parks, Europe & Ukraine & Odessa Oblast & Odessa & Things to Do in Odessa, 4.5, 46.488277, 30.72619, 307424035, 20150901, 20150901, 4.0, Nikmaxa21, https://www.tripadvisor.com/Profile/Nikmaxa21, 3b30476f178e867d43c02279384e4480, Excellent : 64 & Very Good : 40 & Average : 10 & Poor : 3 & Terrible : 0, /Attraction_Review-g295368-d6502733-Reviews-T_Shevchenko_Central_Park_of_Culture_and_Recreation-Odessa_Odessa_Oblast.html
T. Shevchenko Central Park of Culture and Recreation, 20, 24, Parks, Europe & Ukraine & Odessa Oblast & Odessa & Things to Do in Odessa, 4.5, 46.488277, 30.72619, 307067761, 20150901, 20150801, 4.0, Алла Б, https://www.tripadvisor.com/Profile/_G5659VY, b169c7d792ee5237d0d63b8174a78ed1, Excellent : 64 & Very Good : 40 & Average : 10 & Poor : 3 & Terrible : 0, /Attraction_Review-g295368-d6502733-Reviews-T_Shevchenko_Central_Park_of_Culture_and_Recreation-Odessa_Odessa_Oblast.html
T. Shevchenko Central Park of Culture and Recreation, 20, 24, Parks, Europe & Ukraine & Odessa Oblast & Odessa & Things to Do in Odessa, 4.5, 46.488277, 30.72619, 304379949, 20150801, 20150801, 4.0, Александр Ю, https://www.tripadvisor.com/Profile/_G6065OA, 0017e1fad13da2d0a74356d2161a4f76, Excellent : 64 & Very Good : 40 & Average : 10 & Poor : 3 & Terrible : 0, /Attraction_Review-g295368-d6502733-Reviews-T_Shevchenko_Central_Park_of_Culture_and_Recreation-Odessa_Odessa_Oblast.html
T. Shevchenko Central Park of Culture and Recreation, 20, 24, Parks, Europe & Ukraine & Odessa Oblast & Odessa & Things to Do in Odessa, 4.5, 46.488277, 30.72619, 304011619, 20150801, 20150801, 4.0, Oxana G, https://www.tripadvisor.com/Profile/Oksana20130626, 3cd71b2986955a72c9f23f28234da75d, Excellent : 64 & Very Good : 40 & Average : 10 & Poor : 3 & Terrible : 0, /Attraction_Review-g295368-d6502733-Reviews-T_Shevchenko_Central_Park_of_Culture_and_Recreation-Odessa_Odessa_Oblast.html
