review_location_name, review_current_page, review_last_page, review_location_type, review_location_breadcrumbs, review_location_rate, location_lat, location_lng, review_id, review_date, review_experience_date, review_rate, user_name, user_link, user_id, extra, parent_url
Spaso-Preobrazhenskiy Cathedral, 3, 16, Churches & Cathedrals, Europe & Ukraine & Odessa Oblast & Odessa & Things to Do in Odessa, 4.5, 46.488277, 30.72619, 625803534, 20181001, 20181001, 5.0, Beata P, https://www.tripadvisor.com/Profile/Beata19, 6b0381cf9223eca8043b183a4993e600, Excellent : 43 & Very Good : 25 & Average : 8 & Poor : 0 & Terrible : 0, /Attraction_Review-g295368-d6493585-Reviews-Spaso_Preobrazhenskiy_Cathedral-Odessa_Odessa_Oblast.html
Spaso-Preobrazhenskiy Cathedral, 3, 16, Churches & Cathedrals, Europe & Ukraine & Odessa Oblast & Odessa & Things to Do in Odessa, 4.5, 46.488277, 30.72619, 620731093, 20180901, 20180901, 5.0, Nata, https://www.tripadvisor.com/Profile/_E1999RF, 4af210db5021c371f706931232cdc123, Excellent : 43 & Very Good : 25 & Average : 8 & Poor : 0 & Terrible : 0, /Attraction_Review-g295368-d6493585-Reviews-Spaso_Preobrazhenskiy_Cathedral-Odessa_Odessa_Oblast.html
Spaso-Preobrazhenskiy Cathedral, 3, 16, Churches & Cathedrals, Europe & Ukraine & Odessa Oblast & Odessa & Things to Do in Odessa, 4.5, 46.488277, 30.72619, 619210721, 20180901, 20180901, 4.0, kvv53, https://www.tripadvisor.com/Profile/kvv53, d8907eb76355971c3a1b758a40c2006a, Excellent : 43 & Very Good : 25 & Average : 8 & Poor : 0 & Terrible : 0, /Attraction_Review-g295368-d6493585-Reviews-Spaso_Preobrazhenskiy_Cathedral-Odessa_Odessa_Oblast.html
Spaso-Preobrazhenskiy Cathedral, 3, 16, Churches & Cathedrals, Europe & Ukraine & Odessa Oblast & Odessa & Things to Do in Odessa, 4.5, 46.488277, 30.72619, 613286653, 20180901, 20180801, 5.0, Davide G, https://www.tripadvisor.com/Profile/766davideg, 0f2314a8f7bf3ec800719aa021082b93, Excellent : 43 & Very Good : 25 & Average : 8 & Poor : 0 & Terrible : 0, /Attraction_Review-g295368-d6493585-Reviews-Spaso_Preobrazhenskiy_Cathedral-Odessa_Odessa_Oblast.html
Spaso-Preobrazhenskiy Cathedral, 3, 16, Churches & Cathedrals, Europe & Ukraine & Odessa Oblast & Odessa & Things to Do in Odessa, 4.5, 46.488277, 30.72619, 605880047, 20180801, 20180801, 4.0, Robert H, https://www.tripadvisor.com/Profile/roberth383, 9ce11bf45f764f50c98467cd8189d189, Excellent : 43 & Very Good : 25 & Average : 8 & Poor : 0 & Terrible : 0, /Attraction_Review-g295368-d6493585-Reviews-Spaso_Preobrazhenskiy_Cathedral-Odessa_Odessa_Oblast.html
