review_location_name, review_current_page, review_last_page, review_location_type, review_location_breadcrumbs, review_location_rate, location_lat, location_lng, review_id, review_date, review_experience_date, review_rate, user_name, user_link, user_id, extra, parent_url
Belvedere of Vorontsov's Palace, 11, 20, Points of Interest & Landmarks, Europe & Ukraine & Odessa Oblast & Odessa & Things to Do in Odessa, 4.0, 46.488277, 30.72619, 411317168, 20160801, 20160801, 4.0, Alexander K, https://www.tripadvisor.com/Profile/S4260BKalexanderk, a04218c96b8892dacf84dfda5ed3cb62, Excellent : 32 & Very Good : 40 & Average : 20 & Poor : 7 & Terrible : 1, /Attraction_Review-g295368-d554875-Reviews-Belvedere_of_Vorontsov_s_Palace-Odessa_Odessa_Oblast.html
Belvedere of Vorontsov's Palace, 11, 20, Points of Interest & Landmarks, Europe & Ukraine & Odessa Oblast & Odessa & Things to Do in Odessa, 4.0, 46.488277, 30.72619, 409716325, 20160801, 20160801, 4.0, Naina N, https://www.tripadvisor.com/Profile/NainaYu, 9cf27ea1382c182f2c346712d94e3aee, Excellent : 32 & Very Good : 40 & Average : 20 & Poor : 7 & Terrible : 1, /Attraction_Review-g295368-d554875-Reviews-Belvedere_of_Vorontsov_s_Palace-Odessa_Odessa_Oblast.html
Belvedere of Vorontsov's Palace, 11, 20, Points of Interest & Landmarks, Europe & Ukraine & Odessa Oblast & Odessa & Things to Do in Odessa, 4.0, 46.488277, 30.72619, 398126129, 20160701, 20160701, 4.0, Ireneusz L, https://www.tripadvisor.com/Profile/ireneuszl2019, c867b112490b6ea7d6a98e187d2938d1, Excellent : 32 & Very Good : 40 & Average : 20 & Poor : 7 & Terrible : 1, /Attraction_Review-g295368-d554875-Reviews-Belvedere_of_Vorontsov_s_Palace-Odessa_Odessa_Oblast.html
Belvedere of Vorontsov's Palace, 11, 20, Points of Interest & Landmarks, Europe & Ukraine & Odessa Oblast & Odessa & Things to Do in Odessa, 4.0, 46.488277, 30.72619, 394526768, 20160701, 20160701, 4.0, Alla D, https://www.tripadvisor.com/Profile/421allad, de36335cd5096b61aa90b6c8fb83eb34, Excellent : 32 & Very Good : 40 & Average : 20 & Poor : 7 & Terrible : 1, /Attraction_Review-g295368-d554875-Reviews-Belvedere_of_Vorontsov_s_Palace-Odessa_Odessa_Oblast.html
Belvedere of Vorontsov's Palace, 11, 20, Points of Interest & Landmarks, Europe & Ukraine & Odessa Oblast & Odessa & Things to Do in Odessa, 4.0, 46.488277, 30.72619, 391976052, 20160701, 20160101, 5.0, Татьяна К, https://www.tripadvisor.com/Profile/S7018QU_, 3b201e6177c4b5aa5edbb3c276f3496c, Excellent : 32 & Very Good : 40 & Average : 20 & Poor : 7 & Terrible : 1, /Attraction_Review-g295368-d554875-Reviews-Belvedere_of_Vorontsov_s_Palace-Odessa_Odessa_Oblast.html
