review_location_name, review_current_page, review_last_page, review_location_type, review_location_breadcrumbs, review_location_rate, location_lat, location_lng, review_id, review_date, review_experience_date, review_rate, user_name, user_link, user_id, extra, parent_url
Memorial of Heroic Defense of Odesa Museum, 1, 12, Theme Parks & History Museums, Europe & Ukraine & Odessa Oblast & Odessa & Things to Do in Odessa, 4.5, 46.488277, 30.72619, 774481317, 20201001, 20200901, 5.0, Виктория, https://www.tripadvisor.com/Profile/VictoriaAli, e19ebd9fe81cbf048beb775963b537a9, Excellent : 31 & Very Good : 18 & Average : 8 & Poor : 1 & Terrible : 0, /Attraction_Review-g295368-d6490805-Reviews-Memorial_of_Heroic_Defense_of_Odesa_Museum-Odessa_Odessa_Oblast.html
Memorial of Heroic Defense of Odesa Museum, 1, 12, Theme Parks & History Museums, Europe & Ukraine & Odessa Oblast & Odessa & Things to Do in Odessa, 4.5, 46.488277, 30.72619, 767358434, 20200801, 20200801, 5.0, Анна С, https://www.tripadvisor.com/Profile/cho_anna3, 4fe25835e90d79cd68a244a201290d11, Excellent : 31 & Very Good : 18 & Average : 8 & Poor : 1 & Terrible : 0, /Attraction_Review-g295368-d6490805-Reviews-Memorial_of_Heroic_Defense_of_Odesa_Museum-Odessa_Odessa_Oblast.html
Memorial of Heroic Defense of Odesa Museum, 1, 12, Theme Parks & History Museums, Europe & Ukraine & Odessa Oblast & Odessa & Things to Do in Odessa, 4.5, 46.488277, 30.72619, 767178623, 20200801, 20200801, 5.0, Евгений, https://www.tripadvisor.com/Profile/kenhso, 548095ae96630346d882e357222aebb0, Excellent : 31 & Very Good : 18 & Average : 8 & Poor : 1 & Terrible : 0, /Attraction_Review-g295368-d6490805-Reviews-Memorial_of_Heroic_Defense_of_Odesa_Museum-Odessa_Odessa_Oblast.html
Memorial of Heroic Defense of Odesa Museum, 1, 12, Theme Parks & History Museums, Europe & Ukraine & Odessa Oblast & Odessa & Things to Do in Odessa, 4.5, 46.488277, 30.72619, 697839996, 20190801, 20190801, 4.0, tehnikis, https://www.tripadvisor.com/Profile/tehnikis, 12e51ea688a42217f1799ed1b921367d, Excellent : 31 & Very Good : 18 & Average : 8 & Poor : 1 & Terrible : 0, /Attraction_Review-g295368-d6490805-Reviews-Memorial_of_Heroic_Defense_of_Odesa_Museum-Odessa_Odessa_Oblast.html
Memorial of Heroic Defense of Odesa Museum, 1, 12, Theme Parks & History Museums, Europe & Ukraine & Odessa Oblast & Odessa & Things to Do in Odessa, 4.5, 46.488277, 30.72619, 695226413, 20190801, 20190701, 5.0, Mark Benjamin L, https://www.tripadvisor.com/Profile/markbenjaminl, 160b7e986c63f8b5b1552cf5afd0da74, Excellent : 31 & Very Good : 18 & Average : 8 & Poor : 1 & Terrible : 0, /Attraction_Review-g295368-d6490805-Reviews-Memorial_of_Heroic_Defense_of_Odesa_Museum-Odessa_Odessa_Oblast.html
