review_location_name, review_current_page, review_last_page, review_location_type, review_location_breadcrumbs, review_location_rate, location_lat, location_lng, review_id, review_date, review_experience_date, review_rate, user_name, user_link, user_id, parent_url
Potemkin Stairs, 84, 103, Points of Interest & Landmarks & Points of Interest & Landmarks, Europe & Ukraine & Odessa Oblast & Odessa & Things to Do in Odessa, 4.0, 46.488564, 30.742014, 197433440, 20140301, 20130801, 5.0, Darren M, /Profile/257darrenm, 04acdb887824a50ca0fb63484b8cd81e, /Attraction_Review-g295368-d554884-Reviews-Potemkin_Stairs-Odessa_Odessa_Oblast.html
Potemkin Stairs, 84, 103, Points of Interest & Landmarks & Points of Interest & Landmarks, Europe & Ukraine & Odessa Oblast & Odessa & Things to Do in Odessa, 4.0, 46.488564, 30.742014, 196050284, 20140301, 20140201, 4.0, witston, /Profile/witston, 7c5c4635e9f56b498936d30561d24477, /Attraction_Review-g295368-d554884-Reviews-Potemkin_Stairs-Odessa_Odessa_Oblast.html
Potemkin Stairs, 84, 103, Points of Interest & Landmarks & Points of Interest & Landmarks, Europe & Ukraine & Odessa Oblast & Odessa & Things to Do in Odessa, 4.0, 46.488564, 30.742014, 195959883, 20140301, 20131101, 5.0, SandraW13, /Profile/SandraW13, 45b8327140af6caf565138d530582238, /Attraction_Review-g295368-d554884-Reviews-Potemkin_Stairs-Odessa_Odessa_Oblast.html
Potemkin Stairs, 84, 103, Points of Interest & Landmarks & Points of Interest & Landmarks, Europe & Ukraine & Odessa Oblast & Odessa & Things to Do in Odessa, 4.0, 46.488564, 30.742014, 193061664, 20140201, 20131001, 4.0, reb k, /Profile/rebk446, 6109b87004f0b1588f440810be66349c, /Attraction_Review-g295368-d554884-Reviews-Potemkin_Stairs-Odessa_Odessa_Oblast.html
Potemkin Stairs, 84, 103, Points of Interest & Landmarks & Points of Interest & Landmarks, Europe & Ukraine & Odessa Oblast & Odessa & Things to Do in Odessa, 4.0, 46.488564, 30.742014, 192083136, 20140101, 20140101, 4.0, smallhausen1, /Profile/smallhausen1, 4405f32f9cd04fbc636ad48d8146879d, /Attraction_Review-g295368-d554884-Reviews-Potemkin_Stairs-Odessa_Odessa_Oblast.html
