review_location_name, review_current_page, review_last_page, review_location_type, review_location_breadcrumbs, review_location_rate, location_lat, location_lng, review_id, review_date, review_experience_date, review_rate, user_name, user_link, user_id, parent_url
Teatralnaya Square, 15, 19, Points of Interest & Landmarks & Points of Interest & Landmarks, Europe & Ukraine & Odessa Oblast & Odessa & Things to Do in Odessa, 4.5, 46.485157, 30.741667, 399077839, 20160701, 20160401, 5.0, Frank B, /Profile/C8777TUfrankb, 7bc291e2a57e969a5b96ecede938cb7b, /Attraction_Review-g295368-d4766591-Reviews-Teatralnaya_Square-Odessa_Odessa_Oblast.html
Teatralnaya Square, 15, 19, Points of Interest & Landmarks & Points of Interest & Landmarks, Europe & Ukraine & Odessa Oblast & Odessa & Things to Do in Odessa, 4.5, 46.485157, 30.741667, 391633313, 20160701, 20160701, 4.0, David, /Profile/df86, a81fd84362f03c221f45136bdbf016dc, /Attraction_Review-g295368-d4766591-Reviews-Teatralnaya_Square-Odessa_Odessa_Oblast.html
Teatralnaya Square, 15, 19, Points of Interest & Landmarks & Points of Interest & Landmarks, Europe & Ukraine & Odessa Oblast & Odessa & Things to Do in Odessa, 4.5, 46.485157, 30.741667, 385520715, 20160601, 20160601, 5.0, Ron M, /Profile/983ronm, 565a343fa9e7492dfc07e2129856779e, /Attraction_Review-g295368-d4766591-Reviews-Teatralnaya_Square-Odessa_Odessa_Oblast.html
Teatralnaya Square, 15, 19, Points of Interest & Landmarks & Points of Interest & Landmarks, Europe & Ukraine & Odessa Oblast & Odessa & Things to Do in Odessa, 4.5, 46.485157, 30.741667, 375605615, 20160501, 20160501, 5.0, Firas, /Profile/Firas_msc, c375f0cd088fbda033f6aa850da5a144, /Attraction_Review-g295368-d4766591-Reviews-Teatralnaya_Square-Odessa_Odessa_Oblast.html
Teatralnaya Square, 15, 19, Points of Interest & Landmarks & Points of Interest & Landmarks, Europe & Ukraine & Odessa Oblast & Odessa & Things to Do in Odessa, 4.5, 46.485157, 30.741667, 362988469, 20160401, 20160401, 4.0, Steven O, /Profile/steveno223, 1e486c00d9a9e73d9ced8142481e83ea, /Attraction_Review-g295368-d4766591-Reviews-Teatralnaya_Square-Odessa_Odessa_Oblast.html
