review_location_name, review_current_page, review_last_page, review_location_type, review_location_breadcrumbs, review_location_rate, location_lat, location_lng, review_id, review_date, review_experience_date, review_rate, user_name, user_link, user_id, extra, parent_url
Akkerman Fortress, 35, 36, Castles, Europe & Ukraine & Odessa Oblast & Bilhorod-Dnistrovskyi & Things to Do in Bilhorod-Dnistrovskyi, 4.5, 46.19399, 30.34747, 182897282, 20131001, 20130701, 5.0, Julia P, https://www.tripadvisor.com/Profile/120juliap, fd0f022f7ea5c92ad2c7bd7723c4e91d, Excellent : 115 & Very Good : 38 & Average : 20 & Poor : 3 & Terrible : 1, /Attraction_Review-g1816345-d3929058-Reviews-Akkerman_Fortress-Bilhorod_Dnistrovskyi_Odessa_Oblast.html
Akkerman Fortress, 35, 36, Castles, Europe & Ukraine & Odessa Oblast & Bilhorod-Dnistrovskyi & Things to Do in Bilhorod-Dnistrovskyi, 4.5, 46.19399, 30.34747, 182035178, 20131001, 20130901, 3.0, Dmitry S, https://www.tripadvisor.com/Profile/dmshir, 7c41b373e81638b9a3d7328092b9e5d7, Excellent : 115 & Very Good : 38 & Average : 20 & Poor : 3 & Terrible : 1, /Attraction_Review-g1816345-d3929058-Reviews-Akkerman_Fortress-Bilhorod_Dnistrovskyi_Odessa_Oblast.html
Akkerman Fortress, 35, 36, Castles, Europe & Ukraine & Odessa Oblast & Bilhorod-Dnistrovskyi & Things to Do in Bilhorod-Dnistrovskyi, 4.5, 46.19399, 30.34747, 173923805, 20130801, 20120901, 3.0, Alexandre O, https://www.tripadvisor.com/Profile/AlexandreO245, 88e7a56b1aac02f2d16a91cbd1d49c3d, Excellent : 115 & Very Good : 38 & Average : 20 & Poor : 3 & Terrible : 1, /Attraction_Review-g1816345-d3929058-Reviews-Akkerman_Fortress-Bilhorod_Dnistrovskyi_Odessa_Oblast.html
Akkerman Fortress, 35, 36, Castles, Europe & Ukraine & Odessa Oblast & Bilhorod-Dnistrovskyi & Things to Do in Bilhorod-Dnistrovskyi, 4.5, 46.19399, 30.34747, 165396240, 20130601, 20120701, 5.0, Princess_of_China, https://www.tripadvisor.com/Profile/Princess_of_China, 35f5264a048d9447b24a6c5ac7e477bb, Excellent : 115 & Very Good : 38 & Average : 20 & Poor : 3 & Terrible : 1, /Attraction_Review-g1816345-d3929058-Reviews-Akkerman_Fortress-Bilhorod_Dnistrovskyi_Odessa_Oblast.html
Akkerman Fortress, 35, 36, Castles, Europe & Ukraine & Odessa Oblast & Bilhorod-Dnistrovskyi & Things to Do in Bilhorod-Dnistrovskyi, 4.5, 46.19399, 30.34747, 161559075, 20130501, 20130501, 4.0, leonidd1969, https://www.tripadvisor.com/Profile/leonidd1969, 1cd80c67662a913abd6914c1bd1ac93c, Excellent : 115 & Very Good : 38 & Average : 20 & Poor : 3 & Terrible : 1, /Attraction_Review-g1816345-d3929058-Reviews-Akkerman_Fortress-Bilhorod_Dnistrovskyi_Odessa_Oblast.html
