review_location_name, review_current_page, review_last_page, review_location_type, review_location_breadcrumbs, review_location_rate, location_lat, location_lng, review_id, review_date, review_experience_date, review_rate, user_name, user_link, user_id, parent_url
St. Panteleimon Monastery, None, None, Points of Interest & Landmarks & Points of Interest & Landmarks, Europe & Ukraine & Odessa Oblast & Odessa & Things to Do in Odessa, 4.5, 46.46981, 30.73962, 737223580, 20200101, 20200101, 5.0, pawel_hbg, /Profile/pawel_hbg, 49c8988e0fe35b42db76b285f365eb29, /Attraction_Review-g295368-d6493631-Reviews-St_Panteleimon_Monastery-Odessa_Odessa_Oblast.html
St. Panteleimon Monastery, None, None, Points of Interest & Landmarks & Points of Interest & Landmarks, Europe & Ukraine & Odessa Oblast & Odessa & Things to Do in Odessa, 4.5, 46.46981, 30.73962, 727398550, 20191101, 20191001, 4.0, Ricardo R, /Profile/RicardoR511, 8b0aaf2b362aa403ed019c79e36d9403, /Attraction_Review-g295368-d6493631-Reviews-St_Panteleimon_Monastery-Odessa_Odessa_Oblast.html
St. Panteleimon Monastery, None, None, Points of Interest & Landmarks & Points of Interest & Landmarks, Europe & Ukraine & Odessa Oblast & Odessa & Things to Do in Odessa, 4.5, 46.46981, 30.73962, 673504618, 20190501, 20190501, 5.0, Yali L, /Profile/97yalil, 1d1cb83863f65af33b18b6abba0117e4, /Attraction_Review-g295368-d6493631-Reviews-St_Panteleimon_Monastery-Odessa_Odessa_Oblast.html
St. Panteleimon Monastery, None, None, Points of Interest & Landmarks & Points of Interest & Landmarks, Europe & Ukraine & Odessa Oblast & Odessa & Things to Do in Odessa, 4.5, 46.46981, 30.73962, 604583391, 20180801, 20180801, 4.0, stefanprisacariu, /Profile/stefanprisacariu, 3e501d839545cfa5d5a661df6532638b, /Attraction_Review-g295368-d6493631-Reviews-St_Panteleimon_Monastery-Odessa_Odessa_Oblast.html
St. Panteleimon Monastery, None, None, Points of Interest & Landmarks & Points of Interest & Landmarks, Europe & Ukraine & Odessa Oblast & Odessa & Things to Do in Odessa, 4.5, 46.46981, 30.73962, 464727460, 20170301, 20160901, 5.0, Borys B, /Profile/borysb9, 3d0fe15168937415b5e99f88871436c8, /Attraction_Review-g295368-d6493631-Reviews-St_Panteleimon_Monastery-Odessa_Odessa_Oblast.html
