review_location_name, review_current_page, review_last_page, review_location_type, review_location_breadcrumbs, review_location_rate, location_lat, location_lng, review_id, review_date, review_experience_date, review_rate, user_name, user_link, user_id, extra, parent_url
Potemkin Stairs, 139, 260, Points of Interest & Landmarks, Europe & Ukraine & Odessa Oblast & Odessa & Things to Do in Odessa, 4.0, 46.488277, 30.72619, 415200932, 20160901, 20160801, 2.0, Lucie M, https://www.tripadvisor.com/Profile/luciem855, a6527d39eafd7c115ac87003149fd9e2, Excellent : 602 & Very Good : 336 & Average : 253 & Poor : 74 & Terrible : 32, /Attraction_Review-g295368-d554884-Reviews-Potemkin_Stairs-Odessa_Odessa_Oblast.html
Potemkin Stairs, 139, 260, Points of Interest & Landmarks, Europe & Ukraine & Odessa Oblast & Odessa & Things to Do in Odessa, 4.0, 46.488277, 30.72619, 414148498, 20160901, 20160901, 5.0, Teodor B, https://www.tripadvisor.com/Profile/TeodorBirsa, 2309bad26ae5d7a2e7d17e2be16d933b, Excellent : 602 & Very Good : 336 & Average : 253 & Poor : 74 & Terrible : 32, /Attraction_Review-g295368-d554884-Reviews-Potemkin_Stairs-Odessa_Odessa_Oblast.html
Potemkin Stairs, 139, 260, Points of Interest & Landmarks, Europe & Ukraine & Odessa Oblast & Odessa & Things to Do in Odessa, 4.0, 46.488277, 30.72619, 413618565, 20160901, 20160901, 5.0, Petrakova_v_shapke, https://www.tripadvisor.com/Profile/Petrakova_v_shapke, 849268083644feb575e29a04495141e8, Excellent : 602 & Very Good : 336 & Average : 253 & Poor : 74 & Terrible : 32, /Attraction_Review-g295368-d554884-Reviews-Potemkin_Stairs-Odessa_Odessa_Oblast.html
Potemkin Stairs, 139, 260, Points of Interest & Landmarks, Europe & Ukraine & Odessa Oblast & Odessa & Things to Do in Odessa, 4.0, 46.488277, 30.72619, 413598777, 20160901, 20160901, 3.0, Jae Hyoung P, https://www.tripadvisor.com/Profile/jaehyoungp903, 06a361fa67ede9f2e317bf65cc0feac6, Excellent : 602 & Very Good : 336 & Average : 253 & Poor : 74 & Terrible : 32, /Attraction_Review-g295368-d554884-Reviews-Potemkin_Stairs-Odessa_Odessa_Oblast.html
Potemkin Stairs, 139, 260, Points of Interest & Landmarks, Europe & Ukraine & Odessa Oblast & Odessa & Things to Do in Odessa, 4.0, 46.488277, 30.72619, 413530014, 20160901, 20160701, 5.0, yossinir123, https://www.tripadvisor.com/Profile/yossinir123, 481ddc1a50b4115fa2f91e7ca0bb47ff, Excellent : 602 & Very Good : 336 & Average : 253 & Poor : 74 & Terrible : 32, /Attraction_Review-g295368-d554884-Reviews-Potemkin_Stairs-Odessa_Odessa_Oblast.html
