review_location_name, review_current_page, review_last_page, review_location_type, review_location_breadcrumbs, review_location_rate, location_lat, location_lng, review_id, review_date, review_experience_date, review_rate, user_name, user_link, user_id, extra, parent_url
The Odessa Port, 73, 90, Bodies of Water, Europe & Ukraine & Odessa Oblast & Odessa & Things to Do in Odessa, 4.0, 46.488277, 30.72619, 221933223, 20140801, 20140801, 5.0, anitanet, https://www.tripadvisor.com/Profile/anita_skyba, db4d81b29390e500f37c063d22525060, Excellent : 222 & Very Good : 118 & Average : 83 & Poor : 20 & Terrible : 6, /Attraction_Review-g295368-d554488-Reviews-The_Odessa_Port-Odessa_Odessa_Oblast.html
The Odessa Port, 73, 90, Bodies of Water, Europe & Ukraine & Odessa Oblast & Odessa & Things to Do in Odessa, 4.0, 46.488277, 30.72619, 221486904, 20140801, 20140601, 4.0, Dmitriy T, https://www.tripadvisor.com/Profile/bumer75, 8d8c8ee4cc7b7c9a184e6b73168e34ee, Excellent : 222 & Very Good : 118 & Average : 83 & Poor : 20 & Terrible : 6, /Attraction_Review-g295368-d554488-Reviews-The_Odessa_Port-Odessa_Odessa_Oblast.html
The Odessa Port, 73, 90, Bodies of Water, Europe & Ukraine & Odessa Oblast & Odessa & Things to Do in Odessa, 4.0, 46.488277, 30.72619, 220536381, 20140801, 20140601, 5.0, ORION_DS, https://www.tripadvisor.com/Profile/ORION_DS, 79935f71545b0368ec16fec4b7ea7ab5, Excellent : 222 & Very Good : 118 & Average : 83 & Poor : 20 & Terrible : 6, /Attraction_Review-g295368-d554488-Reviews-The_Odessa_Port-Odessa_Odessa_Oblast.html
The Odessa Port, 73, 90, Bodies of Water, Europe & Ukraine & Odessa Oblast & Odessa & Things to Do in Odessa, 4.0, 46.488277, 30.72619, 219722838, 20140801, 20140601, 5.0, Mabeltherat, https://www.tripadvisor.com/Profile/Mabeltherat, f7b15be5e40bad639c3e59fb60962b2d, Excellent : 222 & Very Good : 118 & Average : 83 & Poor : 20 & Terrible : 6, /Attraction_Review-g295368-d554488-Reviews-The_Odessa_Port-Odessa_Odessa_Oblast.html
The Odessa Port, 73, 90, Bodies of Water, Europe & Ukraine & Odessa Oblast & Odessa & Things to Do in Odessa, 4.0, 46.488277, 30.72619, 218990767, 20140801, 20140801, 5.0, Udod_Igor, https://www.tripadvisor.com/Profile/Udod_Igor, 51342a76b016bb712fded38591f55e64, Excellent : 222 & Very Good : 118 & Average : 83 & Poor : 20 & Terrible : 6, /Attraction_Review-g295368-d554488-Reviews-The_Odessa_Port-Odessa_Odessa_Oblast.html
