review_location_name, review_current_page, review_last_page, review_location_type, review_location_breadcrumbs, review_location_rate, location_lat, location_lng, review_id, review_date, review_experience_date, review_rate, user_name, user_link, user_id, extra, parent_url
City Garden, 14, 104, Parks, Europe & Ukraine & Odessa Oblast & Odessa & Things to Do in Odessa, 4.5, 46.488277, 30.72619, 617246997, 20180901, 20180901, 4.0, Robert G, https://www.tripadvisor.com/Profile/1947misc, 53f71fcb6b45f84cc5418fd988f1e29c, Excellent : 336 & Very Good : 137 & Average : 38 & Poor : 5 & Terrible : 2, /Attraction_Review-g295368-d554490-Reviews-City_Garden-Odessa_Odessa_Oblast.html
City Garden, 14, 104, Parks, Europe & Ukraine & Odessa Oblast & Odessa & Things to Do in Odessa, 4.5, 46.488277, 30.72619, 616540948, 20180901, 20180901, 5.0, Ольга Д, https://www.tripadvisor.com/Profile/F402JQ_, 217a93420eae3548a25677a5a535a58b, Excellent : 336 & Very Good : 137 & Average : 38 & Poor : 5 & Terrible : 2, /Attraction_Review-g295368-d554490-Reviews-City_Garden-Odessa_Odessa_Oblast.html
City Garden, 14, 104, Parks, Europe & Ukraine & Odessa Oblast & Odessa & Things to Do in Odessa, 4.5, 46.488277, 30.72619, 613611016, 20180901, 20180901, 5.0, Rimantė M, https://www.tripadvisor.com/Profile/rimant_m2018, 9083d19009ebcbd225b4cf42f1f21210, Excellent : 336 & Very Good : 137 & Average : 38 & Poor : 5 & Terrible : 2, /Attraction_Review-g295368-d554490-Reviews-City_Garden-Odessa_Odessa_Oblast.html
City Garden, 14, 104, Parks, Europe & Ukraine & Odessa Oblast & Odessa & Things to Do in Odessa, 4.5, 46.488277, 30.72619, 613280193, 20180901, 20180801, 4.0, Davide G, https://www.tripadvisor.com/Profile/766davideg, 0f2314a8f7bf3ec800719aa021082b93, Excellent : 336 & Very Good : 137 & Average : 38 & Poor : 5 & Terrible : 2, /Attraction_Review-g295368-d554490-Reviews-City_Garden-Odessa_Odessa_Oblast.html
City Garden, 14, 104, Parks, Europe & Ukraine & Odessa Oblast & Odessa & Things to Do in Odessa, 4.5, 46.488277, 30.72619, 613090534, 20180901, 20180801, 3.0, Antony P, https://www.tripadvisor.com/Profile/ADEPER23, 2eb08946a7c7d8906381bb26d9f51314, Excellent : 336 & Very Good : 137 & Average : 38 & Poor : 5 & Terrible : 2, /Attraction_Review-g295368-d554490-Reviews-City_Garden-Odessa_Odessa_Oblast.html
