review_location_name, review_current_page, review_last_page, review_location_type, review_location_breadcrumbs, review_location_rate, location_lat, location_lng, review_id, review_date, review_experience_date, review_rate, user_name, user_link, user_id, extra, parent_url
Lanzheron Beach, 31, 46, Beaches, Europe & Ukraine & Odessa Oblast & Odessa & Things to Do in Odessa, 4.0, 46.488277, 30.72619, 346113357, 20160201, 20150601, 5.0, aroma80, https://www.tripadvisor.com/Profile/aroma80, ca1e91d39cf25224db1fb0dd400ad8ab, Excellent : 91 & Very Good : 58 & Average : 44 & Poor : 19 & Terrible : 14, /Attraction_Review-g295368-d4952695-Reviews-Lanzheron_Beach-Odessa_Odessa_Oblast.html
Lanzheron Beach, 31, 46, Beaches, Europe & Ukraine & Odessa Oblast & Odessa & Things to Do in Odessa, 4.0, 46.488277, 30.72619, 344942112, 20160201, 20150701, 5.0, Tine923, https://www.tripadvisor.com/Profile/Tine923, 0b2d739b3bd1c2a0dcc41b9179056bc6, Excellent : 91 & Very Good : 58 & Average : 44 & Poor : 19 & Terrible : 14, /Attraction_Review-g295368-d4952695-Reviews-Lanzheron_Beach-Odessa_Odessa_Oblast.html
Lanzheron Beach, 31, 46, Beaches, Europe & Ukraine & Odessa Oblast & Odessa & Things to Do in Odessa, 4.0, 46.488277, 30.72619, 344735315, 20160201, 20160201, 4.0, Masliymaster, https://www.tripadvisor.com/Profile/Masliymaster, 0f7c8b093140ab3abf265bd7ef49cbc8, Excellent : 91 & Very Good : 58 & Average : 44 & Poor : 19 & Terrible : 14, /Attraction_Review-g295368-d4952695-Reviews-Lanzheron_Beach-Odessa_Odessa_Oblast.html
Lanzheron Beach, 31, 46, Beaches, Europe & Ukraine & Odessa Oblast & Odessa & Things to Do in Odessa, 4.0, 46.488277, 30.72619, 342414180, 20160101, 20160101, 1.0, Elizaveta L, https://www.tripadvisor.com/Profile/376elizavetal, 343d73de5e83f080fb926dcb92db2547, Excellent : 91 & Very Good : 58 & Average : 44 & Poor : 19 & Terrible : 14, /Attraction_Review-g295368-d4952695-Reviews-Lanzheron_Beach-Odessa_Odessa_Oblast.html
Lanzheron Beach, 31, 46, Beaches, Europe & Ukraine & Odessa Oblast & Odessa & Things to Do in Odessa, 4.0, 46.488277, 30.72619, 337089193, 20160101, 20150701, 3.0, Санин А, https://www.tripadvisor.com/Profile/_Y8162IT, 8a0ae1de0766da28a33cd627e34297cd, Excellent : 91 & Very Good : 58 & Average : 44 & Poor : 19 & Terrible : 14, /Attraction_Review-g295368-d4952695-Reviews-Lanzheron_Beach-Odessa_Odessa_Oblast.html
