review_location_name, review_current_page, review_last_page, review_location_type, review_location_breadcrumbs, review_location_rate, location_lat, location_lng, review_id, review_date, review_experience_date, review_rate, user_name, user_link, user_id, extra, parent_url
Monument to Vera Holodnaya, 4, 5, Points of Interest & Landmarks & Monuments & Statues, Europe & Ukraine & Odessa Oblast & Odessa & Things to Do in Odessa, 4.0, 46.488277, 30.72619, 386393751, 20160601, 20160601, 5.0, Алла Б, https://www.tripadvisor.com/Profile/_G5659VY, b169c7d792ee5237d0d63b8174a78ed1, Excellent : 9 & Very Good : 10 & Average : 4 & Poor : 0 & Terrible : 0, /Attraction_Review-g295368-d5259017-Reviews-Monument_to_Vera_Holodnaya-Odessa_Odessa_Oblast.html
Monument to Vera Holodnaya, 4, 5, Points of Interest & Landmarks & Monuments & Statues, Europe & Ukraine & Odessa Oblast & Odessa & Things to Do in Odessa, 4.0, 46.488277, 30.72619, 368055706, 20160401, 20160401, 4.0, dianinha m, https://www.tripadvisor.com/Profile/dianinham, 47d5bddf11ac9723d12fb59e7621d17b, Excellent : 9 & Very Good : 10 & Average : 4 & Poor : 0 & Terrible : 0, /Attraction_Review-g295368-d5259017-Reviews-Monument_to_Vera_Holodnaya-Odessa_Odessa_Oblast.html
Monument to Vera Holodnaya, 4, 5, Points of Interest & Landmarks & Monuments & Statues, Europe & Ukraine & Odessa Oblast & Odessa & Things to Do in Odessa, 4.0, 46.488277, 30.72619, 362341807, 20160401, 20160301, 5.0, Инна З, https://www.tripadvisor.com/Profile/X1400JS_, c8442ca409a689e2c430f3db0cb2d725, Excellent : 9 & Very Good : 10 & Average : 4 & Poor : 0 & Terrible : 0, /Attraction_Review-g295368-d5259017-Reviews-Monument_to_Vera_Holodnaya-Odessa_Odessa_Oblast.html
Monument to Vera Holodnaya, 4, 5, Points of Interest & Landmarks & Monuments & Statues, Europe & Ukraine & Odessa Oblast & Odessa & Things to Do in Odessa, 4.0, 46.488277, 30.72619, 350615526, 20160201, 20160201, 5.0, Евгений В, https://www.tripadvisor.com/Profile/tryblackjack, 1fca55aa793077ca3b05a8c13dfc7414, Excellent : 9 & Very Good : 10 & Average : 4 & Poor : 0 & Terrible : 0, /Attraction_Review-g295368-d5259017-Reviews-Monument_to_Vera_Holodnaya-Odessa_Odessa_Oblast.html
Monument to Vera Holodnaya, 4, 5, Points of Interest & Landmarks & Monuments & Statues, Europe & Ukraine & Odessa Oblast & Odessa & Things to Do in Odessa, 4.0, 46.488277, 30.72619, 346236324, 20160201, 20150701, 4.0, Disaster19, https://www.tripadvisor.com/Profile/Disaster19, 5cd05e4c88b42fad6064b3a8bd22ee73, Excellent : 9 & Very Good : 10 & Average : 4 & Poor : 0 & Terrible : 0, /Attraction_Review-g295368-d5259017-Reviews-Monument_to_Vera_Holodnaya-Odessa_Odessa_Oblast.html
