review_location_name, review_current_page, review_last_page, review_location_type, review_location_breadcrumbs, review_location_rate, location_lat, location_lng, review_id, review_date, review_experience_date, review_rate, user_name, user_link, user_id, parent_url
Insomnia- The Haunted House, 4, 7, Specialty Museums & Specialty Museums, Europe & Ukraine & Odessa Oblast & Odessa & Things to Do in Odessa, 4.5, 46.4849, 30.730764, 599898961, 20180701, 20180701, 4.0, Malin L, /Profile/413malinl, 3a192714f15d52caab8f620da2aec984, /Attraction_Review-g295368-d12952995-Reviews-Insomnia_The_Haunted_House-Odessa_Odessa_Oblast.html
Insomnia- The Haunted House, 4, 7, Specialty Museums & Specialty Museums, Europe & Ukraine & Odessa Oblast & Odessa & Things to Do in Odessa, 4.5, 46.4849, 30.730764, 599460316, 20180701, 20180701, 4.0, polishukdenis, /Profile/polishukdenis, 1214ebc5073dd0ed99a203fa21ed38dc, /Attraction_Review-g295368-d12952995-Reviews-Insomnia_The_Haunted_House-Odessa_Odessa_Oblast.html
Insomnia- The Haunted House, 4, 7, Specialty Museums & Specialty Museums, Europe & Ukraine & Odessa Oblast & Odessa & Things to Do in Odessa, 4.5, 46.4849, 30.730764, 589763070, 20180601, 20180601, 5.0, AbQdy A, /Profile/abqdya, d8b25af9b26fb9f534f813b0e8113e76, /Attraction_Review-g295368-d12952995-Reviews-Insomnia_The_Haunted_House-Odessa_Odessa_Oblast.html
Insomnia- The Haunted House, 4, 7, Specialty Museums & Specialty Museums, Europe & Ukraine & Odessa Oblast & Odessa & Things to Do in Odessa, 4.5, 46.4849, 30.730764, 589757502, 20180601, 20180601, 5.0, Muhannad S, /Profile/969muhannads, 1b508d43585e3109c7e3d403ec907f2f, /Attraction_Review-g295368-d12952995-Reviews-Insomnia_The_Haunted_House-Odessa_Odessa_Oblast.html
Insomnia- The Haunted House, 4, 7, Specialty Museums & Specialty Museums, Europe & Ukraine & Odessa Oblast & Odessa & Things to Do in Odessa, 4.5, 46.4849, 30.730764, 589526907, 20180601, 20180601, 5.0, Görkem U, /Profile/364g_rkemu, fb836aa0f69408b1b7dbf81a75c02957, /Attraction_Review-g295368-d12952995-Reviews-Insomnia_The_Haunted_House-Odessa_Odessa_Oblast.html
