review_location_name, review_current_page, review_last_page, review_location_type, review_location_breadcrumbs, review_location_rate, location_lat, location_lng, review_id, review_date, review_experience_date, review_rate, user_name, user_link, user_id, extra, parent_url
T. Shevchenko Central Park of Culture and Recreation, 22, 24, Parks, Europe & Ukraine & Odessa Oblast & Odessa & Things to Do in Odessa, 4.5, 46.488277, 30.72619, 284511425, 20150601, 20150601, 5.0, Инна О, https://www.tripadvisor.com/Profile/E7041YX_, 059574e5fb8602720401636f83942b76, Excellent : 64 & Very Good : 40 & Average : 10 & Poor : 3 & Terrible : 0, /Attraction_Review-g295368-d6502733-Reviews-T_Shevchenko_Central_Park_of_Culture_and_Recreation-Odessa_Odessa_Oblast.html
T. Shevchenko Central Park of Culture and Recreation, 22, 24, Parks, Europe & Ukraine & Odessa Oblast & Odessa & Things to Do in Odessa, 4.5, 46.488277, 30.72619, 282831270, 20150601, 20140901, 4.0, Kutkh, https://www.tripadvisor.com/Profile/Kutkh, 912497d64243c94a733937ae15c38249, Excellent : 64 & Very Good : 40 & Average : 10 & Poor : 3 & Terrible : 0, /Attraction_Review-g295368-d6502733-Reviews-T_Shevchenko_Central_Park_of_Culture_and_Recreation-Odessa_Odessa_Oblast.html
T. Shevchenko Central Park of Culture and Recreation, 22, 24, Parks, Europe & Ukraine & Odessa Oblast & Odessa & Things to Do in Odessa, 4.5, 46.488277, 30.72619, 280547806, 20150601, 20140701, 3.0, Jen_Mikhaylova, https://www.tripadvisor.com/Profile/Jen_Mikhaylova, 136cf5c3700f9e0b25d9f98bb1a7369a, Excellent : 64 & Very Good : 40 & Average : 10 & Poor : 3 & Terrible : 0, /Attraction_Review-g295368-d6502733-Reviews-T_Shevchenko_Central_Park_of_Culture_and_Recreation-Odessa_Odessa_Oblast.html
T. Shevchenko Central Park of Culture and Recreation, 22, 24, Parks, Europe & Ukraine & Odessa Oblast & Odessa & Things to Do in Odessa, 4.5, 46.488277, 30.72619, 279608627, 20150601, 20150501, 4.0, LestorD, https://www.tripadvisor.com/Profile/LestorD, b6e65dd47887fe380120b6b04f87415a, Excellent : 64 & Very Good : 40 & Average : 10 & Poor : 3 & Terrible : 0, /Attraction_Review-g295368-d6502733-Reviews-T_Shevchenko_Central_Park_of_Culture_and_Recreation-Odessa_Odessa_Oblast.html
T. Shevchenko Central Park of Culture and Recreation, 22, 24, Parks, Europe & Ukraine & Odessa Oblast & Odessa & Things to Do in Odessa, 4.5, 46.488277, 30.72619, 275228671, 20150501, 20150501, 4.0, Natal P, https://www.tripadvisor.com/Profile/NatalkaZaporozhanka, 7eab6a048842f305e00ef42689e39686, Excellent : 64 & Very Good : 40 & Average : 10 & Poor : 3 & Terrible : 0, /Attraction_Review-g295368-d6502733-Reviews-T_Shevchenko_Central_Park_of_Culture_and_Recreation-Odessa_Odessa_Oblast.html
