review_location_name, review_current_page, review_last_page, review_location_type, review_location_breadcrumbs, review_location_rate, location_lat, location_lng, review_id, review_date, review_experience_date, review_rate, user_name, user_link, user_id, extra, parent_url
Aquapark Hawaii, 6, 15, Water Parks, Europe & Ukraine & Odessa Oblast & Odessa & Things to Do in Odessa, 4.0, 46.488277, 30.72619, 740974292, 20200101, 20190801, 5.0, Ксения В, https://www.tripadvisor.com/Profile/L8948ZE_, 4e92401b503e495f1046b1f2f0197d3d, Excellent : 45 & Very Good : 6 & Average : 6 & Poor : 6 & Terrible : 10, /Attraction_Review-g295368-d10423619-Reviews-Aquapark_Hawaii-Odessa_Odessa_Oblast.html
Aquapark Hawaii, 6, 15, Water Parks, Europe & Ukraine & Odessa Oblast & Odessa & Things to Do in Odessa, 4.0, 46.488277, 30.72619, 718578975, 20191001, 20190701, 1.0, Марина В, https://www.tripadvisor.com/Profile/_S7933VH, 941bed9745e05a99e1b1fb40fed41133, Excellent : 45 & Very Good : 6 & Average : 6 & Poor : 6 & Terrible : 10, /Attraction_Review-g295368-d10423619-Reviews-Aquapark_Hawaii-Odessa_Odessa_Oblast.html
Aquapark Hawaii, 6, 15, Water Parks, Europe & Ukraine & Odessa Oblast & Odessa & Things to Do in Odessa, 4.0, 46.488277, 30.72619, 702253967, 20190801, 20190701, 3.0, Сергей, https://www.tripadvisor.com/Profile/Goro011, 76a4c190b784992ee024840811ca7730, Excellent : 45 & Very Good : 6 & Average : 6 & Poor : 6 & Terrible : 10, /Attraction_Review-g295368-d10423619-Reviews-Aquapark_Hawaii-Odessa_Odessa_Oblast.html
Aquapark Hawaii, 6, 15, Water Parks, Europe & Ukraine & Odessa Oblast & Odessa & Things to Do in Odessa, 4.0, 46.488277, 30.72619, 701231306, 20190801, 20190801, 5.0, vignesh v, https://www.tripadvisor.com/Profile/vigneshv410, d411139e15d95f63f19fc73fddd11c7d, Excellent : 45 & Very Good : 6 & Average : 6 & Poor : 6 & Terrible : 10, /Attraction_Review-g295368-d10423619-Reviews-Aquapark_Hawaii-Odessa_Odessa_Oblast.html
Aquapark Hawaii, 6, 15, Water Parks, Europe & Ukraine & Odessa Oblast & Odessa & Things to Do in Odessa, 4.0, 46.488277, 30.72619, 689148019, 20190701, 20190701, 4.0, Larysa B, https://www.tripadvisor.com/Profile/610larysab, 884155eac882dab4540fc0fa39e27e3a, Excellent : 45 & Very Good : 6 & Average : 6 & Poor : 6 & Terrible : 10, /Attraction_Review-g295368-d10423619-Reviews-Aquapark_Hawaii-Odessa_Odessa_Oblast.html
