review_location_name, review_current_page, review_last_page, review_location_type, review_location_breadcrumbs, review_location_rate, location_lat, location_lng, review_id, review_date, review_experience_date, review_rate, user_name, user_link, user_id, extra, parent_url
Catacombs of Odessa, 37, 39, Specialty Museums & Caverns & Caves & Mines, Europe & Ukraine & Odessa Oblast & Nerubayskoye & Things to Do in Nerubayskoye, 4.5, 46.53941, 30.62703, 136414793, 20120801, 20120701, 5.0, bookjd, https://www.tripadvisor.com/Profile/bookjd, 6afe89ce3a919b2786a4956325322f1e, Excellent : 137 & Very Good : 40 & Average : 13 & Poor : 4 & Terrible : 1, /Attraction_Review-g6973110-d554493-Reviews-Catacombs_of_Odessa-Nerubayskoye_Odessa_Oblast.html
Catacombs of Odessa, 37, 39, Specialty Museums & Caverns & Caves & Mines, Europe & Ukraine & Odessa Oblast & Nerubayskoye & Things to Do in Nerubayskoye, 4.5, 46.53941, 30.62703, 132471941, 20120601, 20110701, 5.0, Tatiana T, https://www.tripadvisor.com/Profile/TatianaT19, 717538d0621a1ffe75c5d1ab0bd2d773, Excellent : 137 & Very Good : 40 & Average : 13 & Poor : 4 & Terrible : 1, /Attraction_Review-g6973110-d554493-Reviews-Catacombs_of_Odessa-Nerubayskoye_Odessa_Oblast.html
Catacombs of Odessa, 37, 39, Specialty Museums & Caverns & Caves & Mines, Europe & Ukraine & Odessa Oblast & Nerubayskoye & Things to Do in Nerubayskoye, 4.5, 46.53941, 30.62703, 130646622, 20120501, 20120501, 3.0, zhenya, https://www.tripadvisor.com/Profile/zhenya, ba31ab0badd4ac766c1e3d91af746bd7, Excellent : 137 & Very Good : 40 & Average : 13 & Poor : 4 & Terrible : 1, /Attraction_Review-g6973110-d554493-Reviews-Catacombs_of_Odessa-Nerubayskoye_Odessa_Oblast.html
Catacombs of Odessa, 37, 39, Specialty Museums & Caverns & Caves & Mines, Europe & Ukraine & Odessa Oblast & Nerubayskoye & Things to Do in Nerubayskoye, 4.5, 46.53941, 30.62703, 130506414, 20120501, 20120501, 5.0, anjru, https://www.tripadvisor.com/Profile/anjru, c226a3b68e32e570f632fa37cc04fe40, Excellent : 137 & Very Good : 40 & Average : 13 & Poor : 4 & Terrible : 1, /Attraction_Review-g6973110-d554493-Reviews-Catacombs_of_Odessa-Nerubayskoye_Odessa_Oblast.html
Catacombs of Odessa, 37, 39, Specialty Museums & Caverns & Caves & Mines, Europe & Ukraine & Odessa Oblast & Nerubayskoye & Things to Do in Nerubayskoye, 4.5, 46.53941, 30.62703, 130042808, 20120501, 20120401, 4.0, Nicol05, https://www.tripadvisor.com/Profile/Nicol05, 83857607fe99fd6f6427f7cb589dc539, Excellent : 137 & Very Good : 40 & Average : 13 & Poor : 4 & Terrible : 1, /Attraction_Review-g6973110-d554493-Reviews-Catacombs_of_Odessa-Nerubayskoye_Odessa_Oblast.html
