review_location_name, review_current_page, review_last_page, review_location_type, review_location_breadcrumbs, review_location_rate, location_lat, location_lng, review_id, review_date, review_experience_date, review_rate, user_name, user_link, user_id, extra, parent_url
Odessa Delphinarium Nemo, 73, 137, Aquariums, Europe & Ukraine & Odessa Oblast & Odessa & Things to Do in Odessa, 4.5, 46.488277, 30.72619, 434474993, 20161101, 20160801, 5.0, Viktor_Belinskyy, https://www.tripadvisor.com/Profile/Viktor_Belinskyy, afe352282ddb8e5a6018110f688eda42, Excellent : 477 & Very Good : 117 & Average : 42 & Poor : 21 & Terrible : 25, /Attraction_Review-g295368-d6027684-Reviews-Odessa_Delphinarium_Nemo-Odessa_Odessa_Oblast.html
Odessa Delphinarium Nemo, 73, 137, Aquariums, Europe & Ukraine & Odessa Oblast & Odessa & Things to Do in Odessa, 4.5, 46.488277, 30.72619, 433871539, 20161101, 20160701, 4.0, griscabrera1961, https://www.tripadvisor.com/Profile/griscabrera1961, 6282757b14f8a30aafdcde72baea8f40, Excellent : 477 & Very Good : 117 & Average : 42 & Poor : 21 & Terrible : 25, /Attraction_Review-g295368-d6027684-Reviews-Odessa_Delphinarium_Nemo-Odessa_Odessa_Oblast.html
Odessa Delphinarium Nemo, 73, 137, Aquariums, Europe & Ukraine & Odessa Oblast & Odessa & Things to Do in Odessa, 4.5, 46.488277, 30.72619, 432393113, 20161001, 20160301, 4.0, KeruakLiker, https://www.tripadvisor.com/Profile/KeruakLiker, d9d790d6336ca19daa59b01cafe6c725, Excellent : 477 & Very Good : 117 & Average : 42 & Poor : 21 & Terrible : 25, /Attraction_Review-g295368-d6027684-Reviews-Odessa_Delphinarium_Nemo-Odessa_Odessa_Oblast.html
Odessa Delphinarium Nemo, 73, 137, Aquariums, Europe & Ukraine & Odessa Oblast & Odessa & Things to Do in Odessa, 4.5, 46.488277, 30.72619, 432191758, 20161001, 20160801, 5.0, Михаил С, https://www.tripadvisor.com/Profile/miles803, 8587a48573cb9d4b9e0e304e82b24f77, Excellent : 477 & Very Good : 117 & Average : 42 & Poor : 21 & Terrible : 25, /Attraction_Review-g295368-d6027684-Reviews-Odessa_Delphinarium_Nemo-Odessa_Odessa_Oblast.html
Odessa Delphinarium Nemo, 73, 137, Aquariums, Europe & Ukraine & Odessa Oblast & Odessa & Things to Do in Odessa, 4.5, 46.488277, 30.72619, 431499412, 20161001, 20160801, 5.0, Natasha K, https://www.tripadvisor.com/Profile/natashak935, 9fad85a62241db9d4cce8ef217b1957a, Excellent : 477 & Very Good : 117 & Average : 42 & Poor : 21 & Terrible : 25, /Attraction_Review-g295368-d6027684-Reviews-Odessa_Delphinarium_Nemo-Odessa_Odessa_Oblast.html
