review_location_name, review_current_page, review_last_page, review_location_type, review_location_breadcrumbs, review_location_rate, location_lat, location_lng, review_id, review_date, review_experience_date, review_rate, user_name, user_link, user_id, extra, parent_url
Arcadia district, 30, 74, Neighborhoods, Europe & Ukraine & Odessa Oblast & Odessa & Things to Do in Odessa, 4.0, 46.488277, 30.72619, 418626016, 20160901, 20160801, 3.0, Mike_1933, https://www.tripadvisor.com/Profile/Mike_1933, 97ebd652db68dd300d4a77c05bb8c97b, Excellent : 162 & Very Good : 84 & Average : 66 & Poor : 32 & Terrible : 25, /Attraction_Review-g295368-d554872-Reviews-Arcadia_district-Odessa_Odessa_Oblast.html
Arcadia district, 30, 74, Neighborhoods, Europe & Ukraine & Odessa Oblast & Odessa & Things to Do in Odessa, 4.0, 46.488277, 30.72619, 418477655, 20160901, 20160801, 3.0, Sergiy M, https://www.tripadvisor.com/Profile/503sergiym, 883b24cbe10c2239d7fed738423c83a8, Excellent : 162 & Very Good : 84 & Average : 66 & Poor : 32 & Terrible : 25, /Attraction_Review-g295368-d554872-Reviews-Arcadia_district-Odessa_Odessa_Oblast.html
Arcadia district, 30, 74, Neighborhoods, Europe & Ukraine & Odessa Oblast & Odessa & Things to Do in Odessa, 4.0, 46.488277, 30.72619, 418049005, 20160901, 20160601, 1.0, Oleg M, https://www.tripadvisor.com/Profile/olegm442, 76f194237513874e883ca3d089f4c273, Excellent : 162 & Very Good : 84 & Average : 66 & Poor : 32 & Terrible : 25, /Attraction_Review-g295368-d554872-Reviews-Arcadia_district-Odessa_Odessa_Oblast.html
Arcadia district, 30, 74, Neighborhoods, Europe & Ukraine & Odessa Oblast & Odessa & Things to Do in Odessa, 4.0, 46.488277, 30.72619, 417440217, 20160901, 20160901, 2.0, sashko s, https://www.tripadvisor.com/Profile/sashkos2014, cb85e93a4727d8617f831f5193eaedb2, Excellent : 162 & Very Good : 84 & Average : 66 & Poor : 32 & Terrible : 25, /Attraction_Review-g295368-d554872-Reviews-Arcadia_district-Odessa_Odessa_Oblast.html
Arcadia district, 30, 74, Neighborhoods, Europe & Ukraine & Odessa Oblast & Odessa & Things to Do in Odessa, 4.0, 46.488277, 30.72619, 415261886, 20160901, 20160901, 5.0, Анна Ч, https://www.tripadvisor.com/Profile/W6133JC_, d5269d5dc45c0e0a75337062d0174cf9, Excellent : 162 & Very Good : 84 & Average : 66 & Poor : 32 & Terrible : 25, /Attraction_Review-g295368-d554872-Reviews-Arcadia_district-Odessa_Odessa_Oblast.html
