review_location_name, review_current_page, review_last_page, review_location_type, review_location_breadcrumbs, review_location_rate, location_lat, location_lng, review_id, review_date, review_experience_date, review_rate, user_name, user_link, user_id, extra, parent_url
City Garden, 43, 104, Parks, Europe & Ukraine & Odessa Oblast & Odessa & Things to Do in Odessa, 4.5, 46.488277, 30.72619, 444886317, 20161201, 20161201, 5.0, raphwittmann, https://www.tripadvisor.com/Profile/raphwittmann, 8a9ab135d3a64e87e31327cc3aaffcc3, Excellent : 336 & Very Good : 137 & Average : 38 & Poor : 5 & Terrible : 2, /Attraction_Review-g295368-d554490-Reviews-City_Garden-Odessa_Odessa_Oblast.html
City Garden, 43, 104, Parks, Europe & Ukraine & Odessa Oblast & Odessa & Things to Do in Odessa, 4.5, 46.488277, 30.72619, 444722968, 20161201, 20161201, 5.0, Dasha H, https://www.tripadvisor.com/Profile/DariaHai, 75508cb9508bd64fcc878a616c25fd39, Excellent : 336 & Very Good : 137 & Average : 38 & Poor : 5 & Terrible : 2, /Attraction_Review-g295368-d554490-Reviews-City_Garden-Odessa_Odessa_Oblast.html
City Garden, 43, 104, Parks, Europe & Ukraine & Odessa Oblast & Odessa & Things to Do in Odessa, 4.5, 46.488277, 30.72619, 442994023, 20161201, 20161201, 4.0, critiqueamin, https://www.tripadvisor.com/Profile/critiqueamin, 9da079c8838e192166732d41b7ce4bc3, Excellent : 336 & Very Good : 137 & Average : 38 & Poor : 5 & Terrible : 2, /Attraction_Review-g295368-d554490-Reviews-City_Garden-Odessa_Odessa_Oblast.html
City Garden, 43, 104, Parks, Europe & Ukraine & Odessa Oblast & Odessa & Things to Do in Odessa, 4.5, 46.488277, 30.72619, 442376520, 20161201, 20161201, 5.0, Pavel P, https://www.tripadvisor.com/Profile/232pavelp, c0775a5e12edd3306f754a6f0428d05c, Excellent : 336 & Very Good : 137 & Average : 38 & Poor : 5 & Terrible : 2, /Attraction_Review-g295368-d554490-Reviews-City_Garden-Odessa_Odessa_Oblast.html
City Garden, 43, 104, Parks, Europe & Ukraine & Odessa Oblast & Odessa & Things to Do in Odessa, 4.5, 46.488277, 30.72619, 441917223, 20161201, 20161201, 5.0, Bugra_Tokmakoglu, https://www.tripadvisor.com/Profile/kesfetsek, 97e10177fb4344fada9cf321cd13648f, Excellent : 336 & Very Good : 137 & Average : 38 & Poor : 5 & Terrible : 2, /Attraction_Review-g295368-d554490-Reviews-City_Garden-Odessa_Odessa_Oblast.html
