review_location_name, review_current_page, review_last_page, review_location_type, review_location_breadcrumbs, review_location_rate, location_lat, location_lng, review_id, review_date, review_experience_date, review_rate, user_name, user_link, user_id, extra, parent_url
The City Zoo, 3, 14, Zoos, Europe & Ukraine & Odessa Oblast & Odessa & Things to Do in Odessa, 2.5, 46.488277, 30.72619, 604213747, 20180801, 20180701, 3.0, BegemotixaGretta, https://www.tripadvisor.com/Profile/BegemotixaGretta, 2fd1c6a0fa7b16e5582b9ddccae88b95, Excellent : 6 & Very Good : 7 & Average : 28 & Poor : 14 & Terrible : 15, /Attraction_Review-g295368-d554489-Reviews-The_City_Zoo-Odessa_Odessa_Oblast.html
The City Zoo, 3, 14, Zoos, Europe & Ukraine & Odessa Oblast & Odessa & Things to Do in Odessa, 2.5, 46.488277, 30.72619, 603953848, 20180801, 20180801, 3.0, stefanprisacariu, https://www.tripadvisor.com/Profile/stefanprisacariu, 4a07f8a035170bfe06e1011d2495bbf5, Excellent : 6 & Very Good : 7 & Average : 28 & Poor : 14 & Terrible : 15, /Attraction_Review-g295368-d554489-Reviews-The_City_Zoo-Odessa_Odessa_Oblast.html
The City Zoo, 3, 14, Zoos, Europe & Ukraine & Odessa Oblast & Odessa & Things to Do in Odessa, 2.5, 46.488277, 30.72619, 578242936, 20180501, 20180501, 3.0, Agnieszka, https://www.tripadvisor.com/Profile/RazjelArch, e8e7da75b39ecf7b9cc1631d81e55207, Excellent : 6 & Very Good : 7 & Average : 28 & Poor : 14 & Terrible : 15, /Attraction_Review-g295368-d554489-Reviews-The_City_Zoo-Odessa_Odessa_Oblast.html
The City Zoo, 3, 14, Zoos, Europe & Ukraine & Odessa Oblast & Odessa & Things to Do in Odessa, 2.5, 46.488277, 30.72619, 551070085, 20180101, 20180101, 1.0, Katarzyna K, https://www.tripadvisor.com/Profile/katarzynakZ1018ND, 1811bbaab66dbe4ba0659cda5258a81d, Excellent : 6 & Very Good : 7 & Average : 28 & Poor : 14 & Terrible : 15, /Attraction_Review-g295368-d554489-Reviews-The_City_Zoo-Odessa_Odessa_Oblast.html
The City Zoo, 3, 14, Zoos, Europe & Ukraine & Odessa Oblast & Odessa & Things to Do in Odessa, 2.5, 46.488277, 30.72619, 541434736, 20171101, 20170801, 3.0, Денис М, https://www.tripadvisor.com/Profile/Experience394240, 614973e29570a2413090a2462e8d0615, Excellent : 6 & Very Good : 7 & Average : 28 & Poor : 14 & Terrible : 15, /Attraction_Review-g295368-d554489-Reviews-The_City_Zoo-Odessa_Odessa_Oblast.html
