review_location_name, review_current_page, review_last_page, review_location_type, review_location_breadcrumbs, review_location_rate, location_lat, location_lng, review_id, review_date, review_experience_date, review_rate, user_name, user_link, user_id, parent_url
Shustov Cognac Museum, 3, 7, Specialty Museums & Specialty Museums, Europe & Ukraine & Odessa Oblast & Odessa & Things to Do in Odessa, 4.5, 46.460606, 30.704693, 509331336, 20170801, 20170801, 3.0, EREN K, /Profile/312erenk, 05bb496344aa7e02f1c259de7b1090fc, /Attraction_Review-g295368-d6023952-Reviews-Shustov_Cognac_Museum-Odessa_Odessa_Oblast.html
Shustov Cognac Museum, 3, 7, Specialty Museums & Specialty Museums, Europe & Ukraine & Odessa Oblast & Odessa & Things to Do in Odessa, 4.5, 46.460606, 30.704693, 500139236, 20170701, 20170701, 5.0, Jaanus k, /Profile/jaanusk8, a1b6439d15f7bd53f115955574db84f2, /Attraction_Review-g295368-d6023952-Reviews-Shustov_Cognac_Museum-Odessa_Odessa_Oblast.html
Shustov Cognac Museum, 3, 7, Specialty Museums & Specialty Museums, Europe & Ukraine & Odessa Oblast & Odessa & Things to Do in Odessa, 4.5, 46.460606, 30.704693, 497967913, 20170701, 20170601, 4.0, אולגה מ, /Profile/P1346QD_, c2de35b454344a942e0a59e64126510d, /Attraction_Review-g295368-d6023952-Reviews-Shustov_Cognac_Museum-Odessa_Odessa_Oblast.html
Shustov Cognac Museum, 3, 7, Specialty Museums & Specialty Museums, Europe & Ukraine & Odessa Oblast & Odessa & Things to Do in Odessa, 4.5, 46.460606, 30.704693, 464096452, 20170301, 20170301, 5.0, Дмитрий Р, /Profile/_T1217TV, 5e0addb2c5884497b0c2a7dc0b5494f2, /Attraction_Review-g295368-d6023952-Reviews-Shustov_Cognac_Museum-Odessa_Odessa_Oblast.html
Shustov Cognac Museum, 3, 7, Specialty Museums & Specialty Museums, Europe & Ukraine & Odessa Oblast & Odessa & Things to Do in Odessa, 4.5, 46.460606, 30.704693, 422708429, 20160901, 20160901, 5.0, wojtek s, /Profile/wojteks186, 452c0d8294b70c70a3bcb77f9a0d9cab, /Attraction_Review-g295368-d6023952-Reviews-Shustov_Cognac_Museum-Odessa_Odessa_Oblast.html
