review_location_name, review_current_page, review_last_page, review_location_type, review_location_breadcrumbs, review_location_rate, location_lat, location_lng, review_id, review_date, review_experience_date, review_rate, user_name, user_link, user_id, extra, parent_url
Monument to the 12th Chair, 36, 55, Points of Interest & Landmarks & Monuments & Statues, Europe & Ukraine & Odessa Oblast & Odessa & Things to Do in Odessa, 4.5, 46.488277, 30.72619, 400940187, 20160801, 20160701, 3.0, Francesco G, https://www.tripadvisor.com/Profile/766francescog, d9482de347f5eaad1cace69784b01326, Excellent : 153 & Very Good : 75 & Average : 41 & Poor : 4 & Terrible : 2, /Attraction_Review-g295368-d5259019-Reviews-Monument_to_the_12th_Chair-Odessa_Odessa_Oblast.html
Monument to the 12th Chair, 36, 55, Points of Interest & Landmarks & Monuments & Statues, Europe & Ukraine & Odessa Oblast & Odessa & Things to Do in Odessa, 4.5, 46.488277, 30.72619, 400372622, 20160801, 20150901, 4.0, nikolaybogorado, https://www.tripadvisor.com/Profile/nikolaybogorado, aa332d7f53e252c10a7ce3fd8b929d14, Excellent : 153 & Very Good : 75 & Average : 41 & Poor : 4 & Terrible : 2, /Attraction_Review-g295368-d5259019-Reviews-Monument_to_the_12th_Chair-Odessa_Odessa_Oblast.html
Monument to the 12th Chair, 36, 55, Points of Interest & Landmarks & Monuments & Statues, Europe & Ukraine & Odessa Oblast & Odessa & Things to Do in Odessa, 4.5, 46.488277, 30.72619, 399136616, 20160701, 20160701, 3.0, Emma, https://www.tripadvisor.com/Profile/Emmochka01, 8ae9fd332d0b70ce528b0f3536a05e61, Excellent : 153 & Very Good : 75 & Average : 41 & Poor : 4 & Terrible : 2, /Attraction_Review-g295368-d5259019-Reviews-Monument_to_the_12th_Chair-Odessa_Odessa_Oblast.html
Monument to the 12th Chair, 36, 55, Points of Interest & Landmarks & Monuments & Statues, Europe & Ukraine & Odessa Oblast & Odessa & Things to Do in Odessa, 4.5, 46.488277, 30.72619, 399114597, 20160701, 20160701, 4.0, Frank B, https://www.tripadvisor.com/Profile/C8777TUfrankb, 079e633a0d7608dea70c9b7b62c2b5e8, Excellent : 153 & Very Good : 75 & Average : 41 & Poor : 4 & Terrible : 2, /Attraction_Review-g295368-d5259019-Reviews-Monument_to_the_12th_Chair-Odessa_Odessa_Oblast.html
Monument to the 12th Chair, 36, 55, Points of Interest & Landmarks & Monuments & Statues, Europe & Ukraine & Odessa Oblast & Odessa & Things to Do in Odessa, 4.5, 46.488277, 30.72619, 398715040, 20160701, 20150801, 5.0, Галина А, https://www.tripadvisor.com/Profile/NorthStar321706, c5d1285c60c8d89b27ef5185c82268d9, Excellent : 153 & Very Good : 75 & Average : 41 & Poor : 4 & Terrible : 2, /Attraction_Review-g295368-d5259019-Reviews-Monument_to_the_12th_Chair-Odessa_Odessa_Oblast.html
