review_location_name, review_current_page, review_last_page, review_location_type, review_location_breadcrumbs, review_location_rate, location_lat, location_lng, review_id, review_date, review_experience_date, review_rate, user_name, user_link, user_id, extra, parent_url
The Cannon of the Tiger Fregate, 3, 4, Points of Interest & Landmarks, Europe & Ukraine & Odessa Oblast & Odessa & Things to Do in Odessa, 3.5, 46.488277, 30.72619, 505777444, 20170701, 20170601, 3.0, mega_viktk, https://www.tripadvisor.com/Profile/mega_viktk, 7bebe0079cb1c9d854829527c8a6e339, Excellent : 3 & Very Good : 2 & Average : 15 & Poor : 0 & Terrible : 0, /Attraction_Review-g295368-d554867-Reviews-The_Cannon_of_the_Tiger_Fregate-Odessa_Odessa_Oblast.html
The Cannon of the Tiger Fregate, 3, 4, Points of Interest & Landmarks, Europe & Ukraine & Odessa Oblast & Odessa & Things to Do in Odessa, 3.5, 46.488277, 30.72619, 418888451, 20160901, 20160601, 3.0, Валерий Н, https://www.tripadvisor.com/Profile/_L1700PM, 4ac4530286ddf0b2bcf62812bb004461, Excellent : 3 & Very Good : 2 & Average : 15 & Poor : 0 & Terrible : 0, /Attraction_Review-g295368-d554867-Reviews-The_Cannon_of_the_Tiger_Fregate-Odessa_Odessa_Oblast.html
The Cannon of the Tiger Fregate, 3, 4, Points of Interest & Landmarks, Europe & Ukraine & Odessa Oblast & Odessa & Things to Do in Odessa, 3.5, 46.488277, 30.72619, 345214788, 20160201, 20150501, 3.0, andrei_yurjewich, https://www.tripadvisor.com/Profile/andrei_yurjewich, 6bef6761e4a901898064e05efa114ef0, Excellent : 3 & Very Good : 2 & Average : 15 & Poor : 0 & Terrible : 0, /Attraction_Review-g295368-d554867-Reviews-The_Cannon_of_the_Tiger_Fregate-Odessa_Odessa_Oblast.html
The Cannon of the Tiger Fregate, 3, 4, Points of Interest & Landmarks, Europe & Ukraine & Odessa Oblast & Odessa & Things to Do in Odessa, 3.5, 46.488277, 30.72619, 339007115, 20160101, 20150601, 3.0, Alexander A, https://www.tripadvisor.com/Profile/369alexandera, 8799aa4148b11c116c5aabddcb2871f4, Excellent : 3 & Very Good : 2 & Average : 15 & Poor : 0 & Terrible : 0, /Attraction_Review-g295368-d554867-Reviews-The_Cannon_of_the_Tiger_Fregate-Odessa_Odessa_Oblast.html
The Cannon of the Tiger Fregate, 3, 4, Points of Interest & Landmarks, Europe & Ukraine & Odessa Oblast & Odessa & Things to Do in Odessa, 3.5, 46.488277, 30.72619, 318065911, 20151001, 20151001, 3.0, Stenorris189, https://www.tripadvisor.com/Profile/Stenorris189, db4b5105ecbd9ac5a4184ebbdf342291, Excellent : 3 & Very Good : 2 & Average : 15 & Poor : 0 & Terrible : 0, /Attraction_Review-g295368-d554867-Reviews-The_Cannon_of_the_Tiger_Fregate-Odessa_Odessa_Oblast.html
