review_location_name, review_current_page, review_last_page, review_location_type, review_location_breadcrumbs, review_location_rate, location_lat, location_lng, review_id, review_date, review_experience_date, review_rate, user_name, user_link, user_id, extra, parent_url
Museum of Western and Eastern Art, 7, 15, Specialty Museums, Europe & Ukraine & Odessa Oblast & Odessa & Things to Do in Odessa, 4.0, 46.488277, 30.72619, 542179138, 20171101, 20171101, 2.0, Onur Akin, https://www.tripadvisor.com/Profile/onurakin76, be1f928995246430fe1aa64b25170c37, Excellent : 29 & Very Good : 24 & Average : 10 & Poor : 9 & Terrible : 1, /Attraction_Review-g295368-d554530-Reviews-Museum_of_Western_and_Eastern_Art-Odessa_Odessa_Oblast.html
Museum of Western and Eastern Art, 7, 15, Specialty Museums, Europe & Ukraine & Odessa Oblast & Odessa & Things to Do in Odessa, 4.0, 46.488277, 30.72619, 538801196, 20171101, 20171101, 5.0, Юлия П, https://www.tripadvisor.com/Profile/_L8499MC, 4cf519cc37fa6b37f0a26738ef10d17a, Excellent : 29 & Very Good : 24 & Average : 10 & Poor : 9 & Terrible : 1, /Attraction_Review-g295368-d554530-Reviews-Museum_of_Western_and_Eastern_Art-Odessa_Odessa_Oblast.html
Museum of Western and Eastern Art, 7, 15, Specialty Museums, Europe & Ukraine & Odessa Oblast & Odessa & Things to Do in Odessa, 4.0, 46.488277, 30.72619, 536550065, 20171001, 20171001, 4.0, Liat P, https://www.tripadvisor.com/Profile/LiatP28, 4a414551c48e32bb52e25100cdca75cd, Excellent : 29 & Very Good : 24 & Average : 10 & Poor : 9 & Terrible : 1, /Attraction_Review-g295368-d554530-Reviews-Museum_of_Western_and_Eastern_Art-Odessa_Odessa_Oblast.html
Museum of Western and Eastern Art, 7, 15, Specialty Museums, Europe & Ukraine & Odessa Oblast & Odessa & Things to Do in Odessa, 4.0, 46.488277, 30.72619, 524876429, 20170901, 20170901, 4.0, Оксана К, https://www.tripadvisor.com/Profile/R1315MO_, c52b7cbd522e5c1740ff3aeba6508d17, Excellent : 29 & Very Good : 24 & Average : 10 & Poor : 9 & Terrible : 1, /Attraction_Review-g295368-d554530-Reviews-Museum_of_Western_and_Eastern_Art-Odessa_Odessa_Oblast.html
Museum of Western and Eastern Art, 7, 15, Specialty Museums, Europe & Ukraine & Odessa Oblast & Odessa & Things to Do in Odessa, 4.0, 46.488277, 30.72619, 524129956, 20170901, 20170901, 5.0, Natallia Vaits, https://www.tripadvisor.com/Profile/NatalliaVts, a5ed684aa09756275ce779af876c3954, Excellent : 29 & Very Good : 24 & Average : 10 & Poor : 9 & Terrible : 1, /Attraction_Review-g295368-d554530-Reviews-Museum_of_Western_and_Eastern_Art-Odessa_Odessa_Oblast.html
