review_location_name, review_current_page, review_last_page, review_location_type, review_location_breadcrumbs, review_location_rate, location_lat, location_lng, review_id, review_date, review_experience_date, review_rate, user_name, user_link, user_id, extra, parent_url
Privoz Market, 34, 35, Flea & Street Markets, Europe & Ukraine & Odessa Oblast & Odessa & Things to Do in Odessa, 4.0, 46.488277, 30.72619, 165369560, 20130601, 20120701, 5.0, Me B, https://www.tripadvisor.com/Profile/OlR120, 6135fddc56063c3c619dafc53d1e9c92, Excellent : 75 & Very Good : 44 & Average : 30 & Poor : 10 & Terrible : 15, /Attraction_Review-g295368-d554865-Reviews-Privoz_Market-Odessa_Odessa_Oblast.html
Privoz Market, 34, 35, Flea & Street Markets, Europe & Ukraine & Odessa Oblast & Odessa & Things to Do in Odessa, 4.0, 46.488277, 30.72619, 157375500, 20130401, 20130101, 5.0, celleo, https://www.tripadvisor.com/Profile/celleo, 1fb2b22c8679f213fa5caa3956ff20a1, Excellent : 75 & Very Good : 44 & Average : 30 & Poor : 10 & Terrible : 15, /Attraction_Review-g295368-d554865-Reviews-Privoz_Market-Odessa_Odessa_Oblast.html
Privoz Market, 34, 35, Flea & Street Markets, Europe & Ukraine & Odessa Oblast & Odessa & Things to Do in Odessa, 4.0, 46.488277, 30.72619, 155948703, 20130301, 20130301, 5.0, Martial A, https://www.tripadvisor.com/Profile/174martiala, 74e867b81c6c4c27c239764af0b488c1, Excellent : 75 & Very Good : 44 & Average : 30 & Poor : 10 & Terrible : 15, /Attraction_Review-g295368-d554865-Reviews-Privoz_Market-Odessa_Odessa_Oblast.html
Privoz Market, 34, 35, Flea & Street Markets, Europe & Ukraine & Odessa Oblast & Odessa & Things to Do in Odessa, 4.0, 46.488277, 30.72619, 155310235, 20130301, 20121001, 4.0, Halina S, https://www.tripadvisor.com/Profile/HalinaS_13, 61ceed1ab8e2b8659f3967f8046e1d69, Excellent : 75 & Very Good : 44 & Average : 30 & Poor : 10 & Terrible : 15, /Attraction_Review-g295368-d554865-Reviews-Privoz_Market-Odessa_Odessa_Oblast.html
Privoz Market, 34, 35, Flea & Street Markets, Europe & Ukraine & Odessa Oblast & Odessa & Things to Do in Odessa, 4.0, 46.488277, 30.72619, 152879586, 20130201, 20130201, 4.0, Boris R, https://www.tripadvisor.com/Profile/BorisR756, 7e590082983b46e9a8d5b09b7a4619f4, Excellent : 75 & Very Good : 44 & Average : 30 & Poor : 10 & Terrible : 15, /Attraction_Review-g295368-d554865-Reviews-Privoz_Market-Odessa_Odessa_Oblast.html
