review_location_name, review_current_page, review_last_page, review_location_type, review_location_breadcrumbs, review_location_rate, location_lat, location_lng, review_id, review_date, review_experience_date, review_rate, user_name, user_link, user_id, extra, parent_url
Ugolok Staroy Odessy/ Old Odessa Corner, 14, 18, Points of Interest & Landmarks, Europe & Ukraine & Odessa Oblast & Odessa & Things to Do in Odessa, 4.5, 46.488277, 30.72619, 323485837, 20151001, 20151001, 5.0, Dmitriy T, https://www.tripadvisor.com/Profile/bumer75, 8d8c8ee4cc7b7c9a184e6b73168e34ee, Excellent : 55 & Very Good : 22 & Average : 9 & Poor : 1 & Terrible : 0, /Attraction_Review-g295368-d5259345-Reviews-Ugolok_Staroy_Odessy_Old_Odessa_Corner-Odessa_Odessa_Oblast.html
Ugolok Staroy Odessy/ Old Odessa Corner, 14, 18, Points of Interest & Landmarks, Europe & Ukraine & Odessa Oblast & Odessa & Things to Do in Odessa, 4.5, 46.488277, 30.72619, 322410585, 20151001, 20141101, 5.0, Victoria G, https://www.tripadvisor.com/Profile/victoriag577, 1d9c0de5bd94f4accd653cc86c42dc06, Excellent : 55 & Very Good : 22 & Average : 9 & Poor : 1 & Terrible : 0, /Attraction_Review-g295368-d5259345-Reviews-Ugolok_Staroy_Odessy_Old_Odessa_Corner-Odessa_Odessa_Oblast.html
Ugolok Staroy Odessy/ Old Odessa Corner, 14, 18, Points of Interest & Landmarks, Europe & Ukraine & Odessa Oblast & Odessa & Things to Do in Odessa, 4.5, 46.488277, 30.72619, 318065030, 20151001, 20151001, 2.0, Stenorris189, https://www.tripadvisor.com/Profile/Stenorris189, db4b5105ecbd9ac5a4184ebbdf342291, Excellent : 55 & Very Good : 22 & Average : 9 & Poor : 1 & Terrible : 0, /Attraction_Review-g295368-d5259345-Reviews-Ugolok_Staroy_Odessy_Old_Odessa_Corner-Odessa_Odessa_Oblast.html
Ugolok Staroy Odessy/ Old Odessa Corner, 14, 18, Points of Interest & Landmarks, Europe & Ukraine & Odessa Oblast & Odessa & Things to Do in Odessa, 4.5, 46.488277, 30.72619, 315555982, 20151001, 20150601, 5.0, Marusja Churaj, https://www.tripadvisor.com/Profile/marusjachuraj, f3d7c19dfaaf65842c3d4559414413e4, Excellent : 55 & Very Good : 22 & Average : 9 & Poor : 1 & Terrible : 0, /Attraction_Review-g295368-d5259345-Reviews-Ugolok_Staroy_Odessy_Old_Odessa_Corner-Odessa_Odessa_Oblast.html
Ugolok Staroy Odessy/ Old Odessa Corner, 14, 18, Points of Interest & Landmarks, Europe & Ukraine & Odessa Oblast & Odessa & Things to Do in Odessa, 4.5, 46.488277, 30.72619, 315413676, 20151001, 20141101, 5.0, MaxLalak, https://www.tripadvisor.com/Profile/MaxLalak, e400045a4040d5c191b9a6b48139e50c, Excellent : 55 & Very Good : 22 & Average : 9 & Poor : 1 & Terrible : 0, /Attraction_Review-g295368-d5259345-Reviews-Ugolok_Staroy_Odessy_Old_Odessa_Corner-Odessa_Odessa_Oblast.html
