review_location_name, review_current_page, review_last_page, review_location_type, review_location_breadcrumbs, review_location_rate, location_lat, location_lng, review_id, review_date, review_experience_date, review_rate, user_name, user_link, user_id, extra, parent_url
Odessa Art Museum, 4, 20, Specialty Museums, Europe & Ukraine & Odessa Oblast & Odessa & Things to Do in Odessa, 4.5, 46.488277, 30.72619, 678926948, 20190601, 20190501, 3.0, Steve N, https://www.tripadvisor.com/Profile/SteveN136, 549082dc1b5185d983e008d69f159249, Excellent : 45 & Very Good : 36 & Average : 13 & Poor : 2 & Terrible : 1, /Attraction_Review-g295368-d5512873-Reviews-Odessa_Art_Museum-Odessa_Odessa_Oblast.html
Odessa Art Museum, 4, 20, Specialty Museums, Europe & Ukraine & Odessa Oblast & Odessa & Things to Do in Odessa, 4.5, 46.488277, 30.72619, 665923390, 20190401, 20190401, 5.0, Alona Y, https://www.tripadvisor.com/Profile/alonay2015, 434b2a71494d5d85c922ee2fd66fce4f, Excellent : 45 & Very Good : 36 & Average : 13 & Poor : 2 & Terrible : 1, /Attraction_Review-g295368-d5512873-Reviews-Odessa_Art_Museum-Odessa_Odessa_Oblast.html
Odessa Art Museum, 4, 20, Specialty Museums, Europe & Ukraine & Odessa Oblast & Odessa & Things to Do in Odessa, 4.5, 46.488277, 30.72619, 658874296, 20190301, 20190301, 3.0, Татьяна К, https://www.tripadvisor.com/Profile/_M1010DB, d58b692a709aaf942e71fa3247680b80, Excellent : 45 & Very Good : 36 & Average : 13 & Poor : 2 & Terrible : 1, /Attraction_Review-g295368-d5512873-Reviews-Odessa_Art_Museum-Odessa_Odessa_Oblast.html
Odessa Art Museum, 4, 20, Specialty Museums, Europe & Ukraine & Odessa Oblast & Odessa & Things to Do in Odessa, 4.5, 46.488277, 30.72619, 657482456, 20190301, 20180901, 4.0, Frank a, https://www.tripadvisor.com/Profile/733franka, 02eb57e0f911596a22132af267f7bf15, Excellent : 45 & Very Good : 36 & Average : 13 & Poor : 2 & Terrible : 1, /Attraction_Review-g295368-d5512873-Reviews-Odessa_Art_Museum-Odessa_Odessa_Oblast.html
Odessa Art Museum, 4, 20, Specialty Museums, Europe & Ukraine & Odessa Oblast & Odessa & Things to Do in Odessa, 4.5, 46.488277, 30.72619, 648706735, 20190101, 20181101, 5.0, Оксана К, https://www.tripadvisor.com/Profile/R1315MO_, c52b7cbd522e5c1740ff3aeba6508d17, Excellent : 45 & Very Good : 36 & Average : 13 & Poor : 2 & Terrible : 1, /Attraction_Review-g295368-d5512873-Reviews-Odessa_Art_Museum-Odessa_Odessa_Oblast.html
