review_location_name, review_current_page, review_last_page, review_location_type, review_location_breadcrumbs, review_location_rate, location_lat, location_lng, review_id, review_date, review_experience_date, review_rate, user_name, user_link, user_id, extra, parent_url
Muzeum Literatury, 3, 12, Specialty Museums, Europe & Ukraine & Odessa Oblast & Odessa & Things to Do in Odessa, 4.0, 46.488277, 30.72619, 607087105, 20180801, 20180601, 5.0, сиала в, https://www.tripadvisor.com/Profile/_N9671QJ, 3aec4e4c72db473b77464a39c085222c, Excellent : 32 & Very Good : 11 & Average : 10 & Poor : 2 & Terrible : 4, /Attraction_Review-g295368-d3208879-Reviews-Muzeum_Literatury-Odessa_Odessa_Oblast.html
Muzeum Literatury, 3, 12, Specialty Museums, Europe & Ukraine & Odessa Oblast & Odessa & Things to Do in Odessa, 4.0, 46.488277, 30.72619, 596079579, 20180701, 20171101, 5.0, Jim H, https://www.tripadvisor.com/Profile/X5564XMjimh, f4c7248bf0b2c5d034bbd807ff8217df, Excellent : 32 & Very Good : 11 & Average : 10 & Poor : 2 & Terrible : 4, /Attraction_Review-g295368-d3208879-Reviews-Muzeum_Literatury-Odessa_Odessa_Oblast.html
Muzeum Literatury, 3, 12, Specialty Museums, Europe & Ukraine & Odessa Oblast & Odessa & Things to Do in Odessa, 4.0, 46.488277, 30.72619, 586239204, 20180601, 20180501, 5.0, Sima I, https://www.tripadvisor.com/Profile/Simaind, fa019c5b94b88e32b54d24cb45d633fe, Excellent : 32 & Very Good : 11 & Average : 10 & Poor : 2 & Terrible : 4, /Attraction_Review-g295368-d3208879-Reviews-Muzeum_Literatury-Odessa_Odessa_Oblast.html
Muzeum Literatury, 3, 12, Specialty Museums, Europe & Ukraine & Odessa Oblast & Odessa & Things to Do in Odessa, 4.0, 46.488277, 30.72619, 570601738, 20180401, 20170501, 3.0, Oguz Acar, https://www.tripadvisor.com/Profile/557oguza, 93a2ba0b1a538c95cd503f632ec23632, Excellent : 32 & Very Good : 11 & Average : 10 & Poor : 2 & Terrible : 4, /Attraction_Review-g295368-d3208879-Reviews-Muzeum_Literatury-Odessa_Odessa_Oblast.html
Muzeum Literatury, 3, 12, Specialty Museums, Europe & Ukraine & Odessa Oblast & Odessa & Things to Do in Odessa, 4.0, 46.488277, 30.72619, 548652076, 20171201, 20170101, 5.0, CreativeDivemaster, https://www.tripadvisor.com/Profile/CreativeDivemaster, a46760fbb730774df0ea846f14f2474e, Excellent : 32 & Very Good : 11 & Average : 10 & Poor : 2 & Terrible : 4, /Attraction_Review-g295368-d3208879-Reviews-Muzeum_Literatury-Odessa_Odessa_Oblast.html
