review_location_name, review_current_page, review_last_page, review_location_type, review_location_breadcrumbs, review_location_rate, location_lat, location_lng, review_id, review_date, review_experience_date, review_rate, user_name, user_link, user_id, extra, parent_url
Odessa Academic Ukrainian Musical and Drama Theater, 3, 8, Theaters, Europe & Ukraine & Odessa Oblast & Odessa & Things to Do in Odessa, 4.5, 46.488277, 30.72619, 513907463, 20170801, 20170301, 5.0, VictorySwift, https://www.tripadvisor.com/Profile/VictorySwift, a965d213b129fef7291cd7291c3a8d9e, Excellent : 22 & Very Good : 9 & Average : 5 & Poor : 2 & Terrible : 1, /Attraction_Review-g295368-d6502509-Reviews-Odessa_Academic_Ukrainian_Musical_and_Drama_Theater-Odessa_Odessa_Oblast.html
Odessa Academic Ukrainian Musical and Drama Theater, 3, 8, Theaters, Europe & Ukraine & Odessa Oblast & Odessa & Things to Do in Odessa, 4.5, 46.488277, 30.72619, 485040111, 20170501, 20170501, 3.0, odax2017, https://www.tripadvisor.com/Profile/odax2017, e785add00db82dd12e7179143c7c76c7, Excellent : 22 & Very Good : 9 & Average : 5 & Poor : 2 & Terrible : 1, /Attraction_Review-g295368-d6502509-Reviews-Odessa_Academic_Ukrainian_Musical_and_Drama_Theater-Odessa_Odessa_Oblast.html
Odessa Academic Ukrainian Musical and Drama Theater, 3, 8, Theaters, Europe & Ukraine & Odessa Oblast & Odessa & Things to Do in Odessa, 4.5, 46.488277, 30.72619, 481490167, 20170501, 20161201, 5.0, Елена В, https://www.tripadvisor.com/Profile/K7275RO_, 2e2f7aff755edf56ac675ccce2c7e143, Excellent : 22 & Very Good : 9 & Average : 5 & Poor : 2 & Terrible : 1, /Attraction_Review-g295368-d6502509-Reviews-Odessa_Academic_Ukrainian_Musical_and_Drama_Theater-Odessa_Odessa_Oblast.html
Odessa Academic Ukrainian Musical and Drama Theater, 3, 8, Theaters, Europe & Ukraine & Odessa Oblast & Odessa & Things to Do in Odessa, 4.5, 46.488277, 30.72619, 471908556, 20170401, 20170301, 5.0, Татьяна Ш, https://www.tripadvisor.com/Profile/_G1145HX, 8537160f8a7bc0cb77d988e31c8f754c, Excellent : 22 & Very Good : 9 & Average : 5 & Poor : 2 & Terrible : 1, /Attraction_Review-g295368-d6502509-Reviews-Odessa_Academic_Ukrainian_Musical_and_Drama_Theater-Odessa_Odessa_Oblast.html
Odessa Academic Ukrainian Musical and Drama Theater, 3, 8, Theaters, Europe & Ukraine & Odessa Oblast & Odessa & Things to Do in Odessa, 4.5, 46.488277, 30.72619, 468747150, 20170301, 20170301, 4.0, Lenthen, https://www.tripadvisor.com/Profile/Lenthen, 3ce4bfc45b31a5b644c3bb6beafaa5cf, Excellent : 22 & Very Good : 9 & Average : 5 & Poor : 2 & Terrible : 1, /Attraction_Review-g295368-d6502509-Reviews-Odessa_Academic_Ukrainian_Musical_and_Drama_Theater-Odessa_Odessa_Oblast.html
