review_location_name, review_current_page, review_last_page, review_location_type, review_location_breadcrumbs, review_location_rate, location_lat, location_lng, review_id, review_date, review_experience_date, review_rate, user_name, user_link, user_id, extra, parent_url
Odessa Central Post Office, 2, 6, Architectural Buildings, Europe & Ukraine & Odessa Oblast & Odessa & Things to Do in Odessa, 4.5, 46.488277, 30.72619, 653843694, 20190201, 20190201, 5.0, Анна В, https://www.tripadvisor.com/Profile/N7224VG_, ce35bb51a3aa4b2283335e874c8b2a91, Excellent : 17 & Very Good : 7 & Average : 0 & Poor : 1 & Terrible : 1, /Attraction_Review-g295368-d8608263-Reviews-Odessa_Central_Post_Office-Odessa_Odessa_Oblast.html
Odessa Central Post Office, 2, 6, Architectural Buildings, Europe & Ukraine & Odessa Oblast & Odessa & Things to Do in Odessa, 4.5, 46.488277, 30.72619, 643427468, 20190101, 20180301, 5.0, Edward A, https://www.tripadvisor.com/Profile/edwarda_13, 34e7b1c0fbdf16912f32aec8bd22a4d7, Excellent : 17 & Very Good : 7 & Average : 0 & Poor : 1 & Terrible : 1, /Attraction_Review-g295368-d8608263-Reviews-Odessa_Central_Post_Office-Odessa_Odessa_Oblast.html
Odessa Central Post Office, 2, 6, Architectural Buildings, Europe & Ukraine & Odessa Oblast & Odessa & Things to Do in Odessa, 4.5, 46.488277, 30.72619, 628593468, 20181001, 20181001, 2.0, Inesska91, https://www.tripadvisor.com/Profile/Inesska91, 1038aea81ce96fdd385d3dd4f2bafb55, Excellent : 17 & Very Good : 7 & Average : 0 & Poor : 1 & Terrible : 1, /Attraction_Review-g295368-d8608263-Reviews-Odessa_Central_Post_Office-Odessa_Odessa_Oblast.html
Odessa Central Post Office, 2, 6, Architectural Buildings, Europe & Ukraine & Odessa Oblast & Odessa & Things to Do in Odessa, 4.5, 46.488277, 30.72619, 619800983, 20180901, 20180901, 5.0, Test T, https://www.tripadvisor.com/Profile/brgtesttest, 6dd1cb2cfab8ebe2ff43b1334ffba6e3, Excellent : 17 & Very Good : 7 & Average : 0 & Poor : 1 & Terrible : 1, /Attraction_Review-g295368-d8608263-Reviews-Odessa_Central_Post_Office-Odessa_Odessa_Oblast.html
Odessa Central Post Office, 2, 6, Architectural Buildings, Europe & Ukraine & Odessa Oblast & Odessa & Things to Do in Odessa, 4.5, 46.488277, 30.72619, 612187608, 20180801, 20180401, 5.0, GlebSky Youtuber, https://www.tripadvisor.com/Profile/glebskyy, 1c3e2cfd6637e2e936dda0e8ca4072a4, Excellent : 17 & Very Good : 7 & Average : 0 & Poor : 1 & Terrible : 1, /Attraction_Review-g295368-d8608263-Reviews-Odessa_Central_Post_Office-Odessa_Odessa_Oblast.html
