review_location_name, review_current_page, review_last_page, review_location_type, review_location_breadcrumbs, review_location_rate, location_lat, location_lng, review_id, review_date, review_experience_date, review_rate, user_name, user_link, user_id, extra, parent_url
Deribasovskaya Street, 22, 292, Points of Interest & Landmarks, Europe & Ukraine & Odessa Oblast & Odessa & Things to Do in Odessa, 4.5, 46.488277, 30.72619, 702822913, 20190801, 20190801, 4.0, Agrippine2016, https://www.tripadvisor.com/Profile/Agrippine2016, 876ddc0347679b40a52c929b92d587b5, Excellent : 968 & Very Good : 336 & Average : 123 & Poor : 21 & Terrible : 10, /Attraction_Review-g295368-d554486-Reviews-Deribasovskaya_Street-Odessa_Odessa_Oblast.html
Deribasovskaya Street, 22, 292, Points of Interest & Landmarks, Europe & Ukraine & Odessa Oblast & Odessa & Things to Do in Odessa, 4.5, 46.488277, 30.72619, 700963170, 20190801, 20190801, 5.0, kenkliu, https://www.tripadvisor.com/Profile/kenkliu, f03772affd98f066958e8180b5339b94, Excellent : 968 & Very Good : 336 & Average : 123 & Poor : 21 & Terrible : 10, /Attraction_Review-g295368-d554486-Reviews-Deribasovskaya_Street-Odessa_Odessa_Oblast.html
Deribasovskaya Street, 22, 292, Points of Interest & Landmarks, Europe & Ukraine & Odessa Oblast & Odessa & Things to Do in Odessa, 4.5, 46.488277, 30.72619, 700748562, 20190801, 20190101, 4.0, 성영, https://www.tripadvisor.com/Profile/Youngman1209, e0bcd8c825cfda06b97b253eabd7055e, Excellent : 968 & Very Good : 336 & Average : 123 & Poor : 21 & Terrible : 10, /Attraction_Review-g295368-d554486-Reviews-Deribasovskaya_Street-Odessa_Odessa_Oblast.html
Deribasovskaya Street, 22, 292, Points of Interest & Landmarks, Europe & Ukraine & Odessa Oblast & Odessa & Things to Do in Odessa, 4.5, 46.488277, 30.72619, 700712426, 20190801, 20190801, 5.0, Ahmet, https://www.tripadvisor.com/Profile/934ahmety, a55818b549ccf84c091bfa9539caaa3b, Excellent : 968 & Very Good : 336 & Average : 123 & Poor : 21 & Terrible : 10, /Attraction_Review-g295368-d554486-Reviews-Deribasovskaya_Street-Odessa_Odessa_Oblast.html
Deribasovskaya Street, 22, 292, Points of Interest & Landmarks, Europe & Ukraine & Odessa Oblast & Odessa & Things to Do in Odessa, 4.5, 46.488277, 30.72619, 700354111, 20190801, 20190601, 5.0, Dmitriy73-TM, https://www.tripadvisor.com/Profile/Dmitriy73-TM, 490aac14316826785dba93a2fa3fc054, Excellent : 968 & Very Good : 336 & Average : 123 & Poor : 21 & Terrible : 10, /Attraction_Review-g295368-d554486-Reviews-Deribasovskaya_Street-Odessa_Odessa_Oblast.html
