review_location_name, review_current_page, review_last_page, review_location_type, review_location_breadcrumbs, review_location_rate, location_lat, location_lng, review_id, review_date, review_experience_date, review_rate, user_name, user_link, user_id, extra, parent_url
Passage, 16, 93, Points of Interest & Landmarks, Europe & Ukraine & Odessa Oblast & Odessa & Things to Do in Odessa, 4.5, 46.488277, 30.72619, 646634713, 20190101, 20181201, 4.0, Tourist27217795804, https://www.tripadvisor.com/Profile/Tourist27217795804, 838cd08e639b6bb14773a5f06c35a2be, Excellent : 253 & Very Good : 129 & Average : 63 & Poor : 14 & Terrible : 4, /Attraction_Review-g295368-d2083546-Reviews-Passage-Odessa_Odessa_Oblast.html
Passage, 16, 93, Points of Interest & Landmarks, Europe & Ukraine & Odessa Oblast & Odessa & Things to Do in Odessa, 4.5, 46.488277, 30.72619, 645265415, 20190101, 20190101, 5.0, Palinkamen, https://www.tripadvisor.com/Profile/Palinkamen, a6b25efcdd30c6cd58826d484784ce2c, Excellent : 253 & Very Good : 129 & Average : 63 & Poor : 14 & Terrible : 4, /Attraction_Review-g295368-d2083546-Reviews-Passage-Odessa_Odessa_Oblast.html
Passage, 16, 93, Points of Interest & Landmarks, Europe & Ukraine & Odessa Oblast & Odessa & Things to Do in Odessa, 4.5, 46.488277, 30.72619, 645177256, 20190101, 20181201, 5.0, paraxodALaSKa, https://www.tripadvisor.com/Profile/paraxodALaSKa, 98b12c3cb4fdd1926d83d7b633f9ca6d, Excellent : 253 & Very Good : 129 & Average : 63 & Poor : 14 & Terrible : 4, /Attraction_Review-g295368-d2083546-Reviews-Passage-Odessa_Odessa_Oblast.html
Passage, 16, 93, Points of Interest & Landmarks, Europe & Ukraine & Odessa Oblast & Odessa & Things to Do in Odessa, 4.5, 46.488277, 30.72619, 639191498, 20181201, 20181101, 4.0, cagdasevgin, https://www.tripadvisor.com/Profile/cagdasevgin, 8aa812f054bbad55e4a9e628d1f72971, Excellent : 253 & Very Good : 129 & Average : 63 & Poor : 14 & Terrible : 4, /Attraction_Review-g295368-d2083546-Reviews-Passage-Odessa_Odessa_Oblast.html
Passage, 16, 93, Points of Interest & Landmarks, Europe & Ukraine & Odessa Oblast & Odessa & Things to Do in Odessa, 4.5, 46.488277, 30.72619, 634459341, 20181101, 20181101, 5.0, Natali Amana, https://www.tripadvisor.com/Profile/nataliamana18_19, 5a80c48efca9a3a11d0c11f498ab1c2e, Excellent : 253 & Very Good : 129 & Average : 63 & Poor : 14 & Terrible : 4, /Attraction_Review-g295368-d2083546-Reviews-Passage-Odessa_Odessa_Oblast.html
