review_location_name, review_current_page, review_last_page, review_location_type, review_location_breadcrumbs, review_location_rate, location_lat, location_lng, review_id, review_date, review_experience_date, review_rate, user_name, user_link, user_id, extra, parent_url
Teatralnaya Square, 8, 66, Points of Interest & Landmarks, Europe & Ukraine & Odessa Oblast & Odessa & Things to Do in Odessa, 4.5, 46.488277, 30.72619, 670554538, 20190401, 20190401, 4.0, francien2015, https://www.tripadvisor.com/Profile/francien2015, 6715db6bb43db284bab75bf75e8946c8, Excellent : 240 & Very Good : 72 & Average : 14 & Poor : 1 & Terrible : 0, /Attraction_Review-g295368-d4766591-Reviews-Teatralnaya_Square-Odessa_Odessa_Oblast.html
Teatralnaya Square, 8, 66, Points of Interest & Landmarks, Europe & Ukraine & Odessa Oblast & Odessa & Things to Do in Odessa, 4.5, 46.488277, 30.72619, 669105572, 20190401, 20190401, 5.0, MiraMira, https://www.tripadvisor.com/Profile/mira589, 89a76acfd9b3486262415477ac4e8e5d, Excellent : 240 & Very Good : 72 & Average : 14 & Poor : 1 & Terrible : 0, /Attraction_Review-g295368-d4766591-Reviews-Teatralnaya_Square-Odessa_Odessa_Oblast.html
Teatralnaya Square, 8, 66, Points of Interest & Landmarks, Europe & Ukraine & Odessa Oblast & Odessa & Things to Do in Odessa, 4.5, 46.488277, 30.72619, 667002248, 20190401, 20190401, 5.0, massimoswitz, https://www.tripadvisor.com/Profile/massimoswitz, 18b548e52905f7fc4ce752bc69498cfa, Excellent : 240 & Very Good : 72 & Average : 14 & Poor : 1 & Terrible : 0, /Attraction_Review-g295368-d4766591-Reviews-Teatralnaya_Square-Odessa_Odessa_Oblast.html
Teatralnaya Square, 8, 66, Points of Interest & Landmarks, Europe & Ukraine & Odessa Oblast & Odessa & Things to Do in Odessa, 4.5, 46.488277, 30.72619, 662464251, 20190301, 20180401, 5.0, ya0ss1, https://www.tripadvisor.com/Profile/ya0ss1, 3b19894007b9a7b356dacc08d8a10696, Excellent : 240 & Very Good : 72 & Average : 14 & Poor : 1 & Terrible : 0, /Attraction_Review-g295368-d4766591-Reviews-Teatralnaya_Square-Odessa_Odessa_Oblast.html
Teatralnaya Square, 8, 66, Points of Interest & Landmarks, Europe & Ukraine & Odessa Oblast & Odessa & Things to Do in Odessa, 4.5, 46.488277, 30.72619, 661914170, 20190301, 20190301, 5.0, Olcay K, https://www.tripadvisor.com/Profile/674olcayk, cb271e4e76dff6a19eec08a3101ce448, Excellent : 240 & Very Good : 72 & Average : 14 & Poor : 1 & Terrible : 0, /Attraction_Review-g295368-d4766591-Reviews-Teatralnaya_Square-Odessa_Odessa_Oblast.html
