review_location_name, review_current_page, review_last_page, review_location_type, review_location_breadcrumbs, review_location_rate, location_lat, location_lng, review_id, review_date, review_experience_date, review_rate, user_name, user_link, user_id, extra, parent_url
Secrets of Underground Odessa Museum, 15, 72, Specialty Museums, Europe & Ukraine & Odessa Oblast & Odessa & Things to Do in Odessa, 5.0, 46.488277, 30.72619, 651858589, 20190201, 20180801, 5.0, AlexVeto, https://www.tripadvisor.com/Profile/AlexVeto, b2c3ef89202667fd816acf9252168c9f, Excellent : 321 & Very Good : 26 & Average : 6 & Poor : 2 & Terrible : 3, /Attraction_Review-g295368-d6784590-Reviews-Secrets_of_Underground_Odessa_Museum-Odessa_Odessa_Oblast.html
Secrets of Underground Odessa Museum, 15, 72, Specialty Museums, Europe & Ukraine & Odessa Oblast & Odessa & Things to Do in Odessa, 5.0, 46.488277, 30.72619, 649153810, 20190101, 20181001, 5.0, Alex K, https://www.tripadvisor.com/Profile/K3177GEalexk, 1ec01b4f2ff9f6cf98f2e13e515f5816, Excellent : 321 & Very Good : 26 & Average : 6 & Poor : 2 & Terrible : 3, /Attraction_Review-g295368-d6784590-Reviews-Secrets_of_Underground_Odessa_Museum-Odessa_Odessa_Oblast.html
Secrets of Underground Odessa Museum, 15, 72, Specialty Museums, Europe & Ukraine & Odessa Oblast & Odessa & Things to Do in Odessa, 5.0, 46.488277, 30.72619, 649015638, 20190101, 20181201, 5.0, Aljona A, https://www.tripadvisor.com/Profile/aljonas924, 8bd70e65aa69cefe0ac8dafdbd77eb98, Excellent : 321 & Very Good : 26 & Average : 6 & Poor : 2 & Terrible : 3, /Attraction_Review-g295368-d6784590-Reviews-Secrets_of_Underground_Odessa_Museum-Odessa_Odessa_Oblast.html
Secrets of Underground Odessa Museum, 15, 72, Specialty Museums, Europe & Ukraine & Odessa Oblast & Odessa & Things to Do in Odessa, 5.0, 46.488277, 30.72619, 647363727, 20190101, 20190101, 5.0, Арина, https://www.tripadvisor.com/Profile/ArinArinArinA, b2da5583b85da94622cc35d5a29294b0, Excellent : 321 & Very Good : 26 & Average : 6 & Poor : 2 & Terrible : 3, /Attraction_Review-g295368-d6784590-Reviews-Secrets_of_Underground_Odessa_Museum-Odessa_Odessa_Oblast.html
Secrets of Underground Odessa Museum, 15, 72, Specialty Museums, Europe & Ukraine & Odessa Oblast & Odessa & Things to Do in Odessa, 5.0, 46.488277, 30.72619, 646350677, 20190101, 20190101, 5.0, Валерий Ославский, https://www.tripadvisor.com/Profile/dr_oslavskiy, d26a7404063ee7c77edba3d0b5904cdf, Excellent : 321 & Very Good : 26 & Average : 6 & Poor : 2 & Terrible : 3, /Attraction_Review-g295368-d6784590-Reviews-Secrets_of_Underground_Odessa_Museum-Odessa_Odessa_Oblast.html
