review_location_name, review_current_page, review_last_page, review_location_type, review_location_breadcrumbs, review_location_rate, location_lat, location_lng, review_id, review_date, review_experience_date, review_rate, user_name, user_link, user_id, extra, parent_url
T. Shevchenko Central Park of Culture and Recreation, 10, 24, Parks, Europe & Ukraine & Odessa Oblast & Odessa & Things to Do in Odessa, 4.5, 46.488277, 30.72619, 523330134, 20170901, 20170901, 5.0, Julia Leo, https://www.tripadvisor.com/Profile/C9567DO_, 603a536a65614ee0099d085c882229c0, Excellent : 64 & Very Good : 40 & Average : 10 & Poor : 3 & Terrible : 0, /Attraction_Review-g295368-d6502733-Reviews-T_Shevchenko_Central_Park_of_Culture_and_Recreation-Odessa_Odessa_Oblast.html
T. Shevchenko Central Park of Culture and Recreation, 10, 24, Parks, Europe & Ukraine & Odessa Oblast & Odessa & Things to Do in Odessa, 4.5, 46.488277, 30.72619, 522209251, 20170901, 20170801, 5.0, Надя Ш, https://www.tripadvisor.com/Profile/Curiosity485327, e1dbfe49668dd0d579ddd01c60856879, Excellent : 64 & Very Good : 40 & Average : 10 & Poor : 3 & Terrible : 0, /Attraction_Review-g295368-d6502733-Reviews-T_Shevchenko_Central_Park_of_Culture_and_Recreation-Odessa_Odessa_Oblast.html
T. Shevchenko Central Park of Culture and Recreation, 10, 24, Parks, Europe & Ukraine & Odessa Oblast & Odessa & Things to Do in Odessa, 4.5, 46.488277, 30.72619, 521352319, 20170901, 20170701, 5.0, Sweetlana1980, https://www.tripadvisor.com/Profile/Sweetlana1980, 2c55273fab2f43e7b47889ba092a7bd6, Excellent : 64 & Very Good : 40 & Average : 10 & Poor : 3 & Terrible : 0, /Attraction_Review-g295368-d6502733-Reviews-T_Shevchenko_Central_Park_of_Culture_and_Recreation-Odessa_Odessa_Oblast.html
T. Shevchenko Central Park of Culture and Recreation, 10, 24, Parks, Europe & Ukraine & Odessa Oblast & Odessa & Things to Do in Odessa, 4.5, 46.488277, 30.72619, 520774726, 20170901, 20170801, 5.0, Lauren00772000, https://www.tripadvisor.com/Profile/Lauren00772000, 571feb9fa7ad0f247735f86ffda3de19, Excellent : 64 & Very Good : 40 & Average : 10 & Poor : 3 & Terrible : 0, /Attraction_Review-g295368-d6502733-Reviews-T_Shevchenko_Central_Park_of_Culture_and_Recreation-Odessa_Odessa_Oblast.html
T. Shevchenko Central Park of Culture and Recreation, 10, 24, Parks, Europe & Ukraine & Odessa Oblast & Odessa & Things to Do in Odessa, 4.5, 46.488277, 30.72619, 515086866, 20170801, 20170801, 5.0, Александр Р, https://www.tripadvisor.com/Profile/_J3097JI, d5d494bcd57b6aef1919b7a1b4b3205a, Excellent : 64 & Very Good : 40 & Average : 10 & Poor : 3 & Terrible : 0, /Attraction_Review-g295368-d6502733-Reviews-T_Shevchenko_Central_Park_of_Culture_and_Recreation-Odessa_Odessa_Oblast.html
