review_location_name, review_current_page, review_last_page, review_location_type, review_location_breadcrumbs, review_location_rate, location_lat, location_lng, review_id, review_date, review_experience_date, review_rate, user_name, user_link, user_id, extra, parent_url
Muzeum Literatury, 2, 12, Specialty Museums, Europe & Ukraine & Odessa Oblast & Odessa & Things to Do in Odessa, 4.0, 46.488277, 30.72619, 688499553, 20190701, 20190701, 1.0, Jenny, https://www.tripadvisor.com/Profile/jennytravelsto, 984957cf288a1d3a492c5b04b39d2871, Excellent : 32 & Very Good : 11 & Average : 10 & Poor : 2 & Terrible : 4, /Attraction_Review-g295368-d3208879-Reviews-Muzeum_Literatury-Odessa_Odessa_Oblast.html
Muzeum Literatury, 2, 12, Specialty Museums, Europe & Ukraine & Odessa Oblast & Odessa & Things to Do in Odessa, 4.0, 46.488277, 30.72619, 681462007, 20190601, 20190501, 4.0, Aleks_53, https://www.tripadvisor.com/Profile/Aleks_53, 57cd577aad83bf6830b3ced29e36bf55, Excellent : 32 & Very Good : 11 & Average : 10 & Poor : 2 & Terrible : 4, /Attraction_Review-g295368-d3208879-Reviews-Muzeum_Literatury-Odessa_Odessa_Oblast.html
Muzeum Literatury, 2, 12, Specialty Museums, Europe & Ukraine & Odessa Oblast & Odessa & Things to Do in Odessa, 4.0, 46.488277, 30.72619, 647119416, 20190101, 20190101, 1.0, Татьяна М, https://www.tripadvisor.com/Profile/R859GP_, 0a43b5394f80bf0ed9ced77407d28ac9, Excellent : 32 & Very Good : 11 & Average : 10 & Poor : 2 & Terrible : 4, /Attraction_Review-g295368-d3208879-Reviews-Muzeum_Literatury-Odessa_Odessa_Oblast.html
Muzeum Literatury, 2, 12, Specialty Museums, Europe & Ukraine & Odessa Oblast & Odessa & Things to Do in Odessa, 4.0, 46.488277, 30.72619, 645270171, 20190101, 20190101, 5.0, Palinkamen, https://www.tripadvisor.com/Profile/Palinkamen, a6b25efcdd30c6cd58826d484784ce2c, Excellent : 32 & Very Good : 11 & Average : 10 & Poor : 2 & Terrible : 4, /Attraction_Review-g295368-d3208879-Reviews-Muzeum_Literatury-Odessa_Odessa_Oblast.html
Muzeum Literatury, 2, 12, Specialty Museums, Europe & Ukraine & Odessa Oblast & Odessa & Things to Do in Odessa, 4.0, 46.488277, 30.72619, 629593573, 20181001, 20181001, 5.0, Andreas Michaelides, https://www.tripadvisor.com/Profile/thirsty4health, 54055bdf837413c3ab0e64ff5d59af50, Excellent : 32 & Very Good : 11 & Average : 10 & Poor : 2 & Terrible : 4, /Attraction_Review-g295368-d3208879-Reviews-Muzeum_Literatury-Odessa_Odessa_Oblast.html
