review_location_name, review_current_page, review_last_page, review_location_type, review_location_breadcrumbs, review_location_rate, location_lat, location_lng, review_id, review_date, review_experience_date, review_rate, user_name, user_link, user_id, extra, parent_url
Odessa National Academic Opera and Ballet Theater, 103, 201, Ballets & Operas & Theaters, Europe & Ukraine & Odessa Oblast & Odessa & Things to Do in Odessa, 5.0, 46.488277, 30.72619, 395366417, 20160701, 20150801, 5.0, Nati_2020, https://www.tripadvisor.com/Profile/Nati_2020, 25beb8cb2db9523d34f33afad4f07790, Excellent : 867 & Very Good : 102 & Average : 22 & Poor : 3 & Terrible : 8, /Attraction_Review-g295368-d554746-Reviews-Odessa_National_Academic_Opera_and_Ballet_Theater-Odessa_Odessa_Oblast.html
Odessa National Academic Opera and Ballet Theater, 103, 201, Ballets & Operas & Theaters, Europe & Ukraine & Odessa Oblast & Odessa & Things to Do in Odessa, 5.0, 46.488277, 30.72619, 392800054, 20160701, 20150801, 5.0, Tolgahan Ö, https://www.tripadvisor.com/Profile/tolgahan_144, 1a459cf7f31089975dfc4834725cc666, Excellent : 867 & Very Good : 102 & Average : 22 & Poor : 3 & Terrible : 8, /Attraction_Review-g295368-d554746-Reviews-Odessa_National_Academic_Opera_and_Ballet_Theater-Odessa_Odessa_Oblast.html
Odessa National Academic Opera and Ballet Theater, 103, 201, Ballets & Operas & Theaters, Europe & Ukraine & Odessa Oblast & Odessa & Things to Do in Odessa, 5.0, 46.488277, 30.72619, 392428873, 20160701, 20160101, 5.0, Tatkish, https://www.tripadvisor.com/Profile/Tatkish, 72bb4fc019de616478a7e37caaaf96ff, Excellent : 867 & Very Good : 102 & Average : 22 & Poor : 3 & Terrible : 8, /Attraction_Review-g295368-d554746-Reviews-Odessa_National_Academic_Opera_and_Ballet_Theater-Odessa_Odessa_Oblast.html
Odessa National Academic Opera and Ballet Theater, 103, 201, Ballets & Operas & Theaters, Europe & Ukraine & Odessa Oblast & Odessa & Things to Do in Odessa, 5.0, 46.488277, 30.72619, 391593840, 20160701, 20160701, 5.0, David, https://www.tripadvisor.com/Profile/df86, 8a918ecf82a5fbcb42508877148f17e7, Excellent : 867 & Very Good : 102 & Average : 22 & Poor : 3 & Terrible : 8, /Attraction_Review-g295368-d554746-Reviews-Odessa_National_Academic_Opera_and_Ballet_Theater-Odessa_Odessa_Oblast.html
Odessa National Academic Opera and Ballet Theater, 103, 201, Ballets & Operas & Theaters, Europe & Ukraine & Odessa Oblast & Odessa & Things to Do in Odessa, 5.0, 46.488277, 30.72619, 390962819, 20160701, 20160701, 5.0, Kristina B, https://www.tripadvisor.com/Profile/kristinab669, 492543d784f198a233458a08445a022f, Excellent : 867 & Very Good : 102 & Average : 22 & Poor : 3 & Terrible : 8, /Attraction_Review-g295368-d554746-Reviews-Odessa_National_Academic_Opera_and_Ballet_Theater-Odessa_Odessa_Oblast.html
