review_location_name, review_current_page, review_last_page, review_location_type, review_location_breadcrumbs, review_location_rate, location_lat, location_lng, review_id, review_date, review_experience_date, review_rate, user_name, user_link, user_id, extra, parent_url
Danube Biospheric Reserve, 1, 5, Nature & Wildlife Areas, Europe & Ukraine & Odessa Oblast & Vilkovo & Things to Do in Vilkovo, 4.5, 45.40702, 29.577177, 755323590, 20200501, 20200501, 5.0, Katya_Kitty, https://www.tripadvisor.com/Profile/Katya_Kitty, 6e988cc3ac12b6e055c71852c41b48fd, Excellent : 12 & Very Good : 5 & Average : 5 & Poor : 0 & Terrible : 0, /Attraction_Review-g1026580-d6733946-Reviews-Danube_Biospheric_Reserve-Vilkovo_Odessa_Oblast.html
Danube Biospheric Reserve, 1, 5, Nature & Wildlife Areas, Europe & Ukraine & Odessa Oblast & Vilkovo & Things to Do in Vilkovo, 4.5, 45.40702, 29.577177, 671666477, 20190501, 20190401, 5.0, Yaroslava87, https://www.tripadvisor.com/Profile/Yaroslava87, 8360f46bd7d7f3bf14b9ef948eb8fdc6, Excellent : 12 & Very Good : 5 & Average : 5 & Poor : 0 & Terrible : 0, /Attraction_Review-g1026580-d6733946-Reviews-Danube_Biospheric_Reserve-Vilkovo_Odessa_Oblast.html
Danube Biospheric Reserve, 1, 5, Nature & Wildlife Areas, Europe & Ukraine & Odessa Oblast & Vilkovo & Things to Do in Vilkovo, 4.5, 45.40702, 29.577177, 621909952, 20181001, 20180701, 5.0, Нина С, https://www.tripadvisor.com/Profile/Sunshine438428, 180fbdd408a2fb198236bbd00d5802a4, Excellent : 12 & Very Good : 5 & Average : 5 & Poor : 0 & Terrible : 0, /Attraction_Review-g1026580-d6733946-Reviews-Danube_Biospheric_Reserve-Vilkovo_Odessa_Oblast.html
Danube Biospheric Reserve, 1, 5, Nature & Wildlife Areas, Europe & Ukraine & Odessa Oblast & Vilkovo & Things to Do in Vilkovo, 4.5, 45.40702, 29.577177, 610657852, 20180801, 20170901, 5.0, risovalka, https://www.tripadvisor.com/Profile/risovalka, 8b1f1ac502204204c5cafdc421b953a7, Excellent : 12 & Very Good : 5 & Average : 5 & Poor : 0 & Terrible : 0, /Attraction_Review-g1026580-d6733946-Reviews-Danube_Biospheric_Reserve-Vilkovo_Odessa_Oblast.html
Danube Biospheric Reserve, 1, 5, Nature & Wildlife Areas, Europe & Ukraine & Odessa Oblast & Vilkovo & Things to Do in Vilkovo, 4.5, 45.40702, 29.577177, 534086431, 20171001, 20170701, 5.0, ElenaChorna, https://www.tripadvisor.com/Profile/ElenaChorna, 2e985fc892f62fd1cbfe66e5d148f5de, Excellent : 12 & Very Good : 5 & Average : 5 & Poor : 0 & Terrible : 0, /Attraction_Review-g1026580-d6733946-Reviews-Danube_Biospheric_Reserve-Vilkovo_Odessa_Oblast.html
