review_location_name, review_current_page, review_last_page, review_location_type, review_location_breadcrumbs, review_location_rate, location_lat, location_lng, review_id, review_date, review_experience_date, review_rate, user_name, user_link, user_id, extra, parent_url
U Baby Uti Wax Museum, 2, 6, Specialty Museums, Europe & Ukraine & Odessa Oblast & Odessa & Things to Do in Odessa, 3.5, 46.488277, 30.72619, 562280238, 20180201, 20180201, 4.0, Анастасия Х, https://www.tripadvisor.com/Profile/V189YO_, f4eb4df58dc101ae49eeda929532bda1, Excellent : 7 & Very Good : 7 & Average : 9 & Poor : 0 & Terrible : 4, /Attraction_Review-g295368-d6397662-Reviews-U_Baby_Uti_Wax_Museum-Odessa_Odessa_Oblast.html
U Baby Uti Wax Museum, 2, 6, Specialty Museums, Europe & Ukraine & Odessa Oblast & Odessa & Things to Do in Odessa, 3.5, 46.488277, 30.72619, 530825842, 20171001, 20161101, 3.0, SmartFor2, https://www.tripadvisor.com/Profile/SmartFor2, f4e817f4d8a46595b74620287787d287, Excellent : 7 & Very Good : 7 & Average : 9 & Poor : 0 & Terrible : 4, /Attraction_Review-g295368-d6397662-Reviews-U_Baby_Uti_Wax_Museum-Odessa_Odessa_Oblast.html
U Baby Uti Wax Museum, 2, 6, Specialty Museums, Europe & Ukraine & Odessa Oblast & Odessa & Things to Do in Odessa, 3.5, 46.488277, 30.72619, 516018195, 20170801, 20170801, 4.0, Ola N, https://www.tripadvisor.com/Profile/505olan, a146593d34abe2961fe41675b4dc1a6d, Excellent : 7 & Very Good : 7 & Average : 9 & Poor : 0 & Terrible : 4, /Attraction_Review-g295368-d6397662-Reviews-U_Baby_Uti_Wax_Museum-Odessa_Odessa_Oblast.html
U Baby Uti Wax Museum, 2, 6, Specialty Museums, Europe & Ukraine & Odessa Oblast & Odessa & Things to Do in Odessa, 3.5, 46.488277, 30.72619, 506407694, 20170701, 20170701, 1.0, igorkardash, https://www.tripadvisor.com/Profile/igorkardash, 2f850798da8a9cfb2f36fc12bdc038ed, Excellent : 7 & Very Good : 7 & Average : 9 & Poor : 0 & Terrible : 4, /Attraction_Review-g295368-d6397662-Reviews-U_Baby_Uti_Wax_Museum-Odessa_Odessa_Oblast.html
U Baby Uti Wax Museum, 2, 6, Specialty Museums, Europe & Ukraine & Odessa Oblast & Odessa & Things to Do in Odessa, 3.5, 46.488277, 30.72619, 504493364, 20170701, 20170701, 4.0, OlgaAntonevich, https://www.tripadvisor.com/Profile/OlgaAntonevich, 16a514130f063c0a15d8cab55977aba1, Excellent : 7 & Very Good : 7 & Average : 9 & Poor : 0 & Terrible : 4, /Attraction_Review-g295368-d6397662-Reviews-U_Baby_Uti_Wax_Museum-Odessa_Odessa_Oblast.html
