review_location_name, review_current_page, review_last_page, review_location_type, review_location_breadcrumbs, review_location_rate, location_lat, location_lng, review_id, review_date, review_experience_date, review_rate, user_name, user_link, user_id, extra, parent_url
The Odessa Port, 7, 90, Bodies of Water, Europe & Ukraine & Odessa Oblast & Odessa & Things to Do in Odessa, 4.0, 46.488277, 30.72619, 697741374, 20190801, 20190701, 3.0, 212alex297, https://www.tripadvisor.com/Profile/212alex297, 8afd2af6d7ecadac06fe6e595a154093, Excellent : 222 & Very Good : 118 & Average : 83 & Poor : 20 & Terrible : 6, /Attraction_Review-g295368-d554488-Reviews-The_Odessa_Port-Odessa_Odessa_Oblast.html
The Odessa Port, 7, 90, Bodies of Water, Europe & Ukraine & Odessa Oblast & Odessa & Things to Do in Odessa, 4.0, 46.488277, 30.72619, 696422730, 20190801, 20190701, 5.0, Zaslavsky, https://www.tripadvisor.com/Profile/Zaslavsky, 5cd89c0c6d2417af4f7cf61488d0911a, Excellent : 222 & Very Good : 118 & Average : 83 & Poor : 20 & Terrible : 6, /Attraction_Review-g295368-d554488-Reviews-The_Odessa_Port-Odessa_Odessa_Oblast.html
The Odessa Port, 7, 90, Bodies of Water, Europe & Ukraine & Odessa Oblast & Odessa & Things to Do in Odessa, 4.0, 46.488277, 30.72619, 695259136, 20190801, 20190801, 3.0, Alexander G, https://www.tripadvisor.com/Profile/almigr, da1ea3d1791520d196f7430ab632add3, Excellent : 222 & Very Good : 118 & Average : 83 & Poor : 20 & Terrible : 6, /Attraction_Review-g295368-d554488-Reviews-The_Odessa_Port-Odessa_Odessa_Oblast.html
The Odessa Port, 7, 90, Bodies of Water, Europe & Ukraine & Odessa Oblast & Odessa & Things to Do in Odessa, 4.0, 46.488277, 30.72619, 695220360, 20190801, 20190701, 5.0, Mark Benjamin L, https://www.tripadvisor.com/Profile/markbenjaminl, 160b7e986c63f8b5b1552cf5afd0da74, Excellent : 222 & Very Good : 118 & Average : 83 & Poor : 20 & Terrible : 6, /Attraction_Review-g295368-d554488-Reviews-The_Odessa_Port-Odessa_Odessa_Oblast.html
The Odessa Port, 7, 90, Bodies of Water, Europe & Ukraine & Odessa Oblast & Odessa & Things to Do in Odessa, 4.0, 46.488277, 30.72619, 694153377, 20190701, 20190701, 3.0, Hansen_Egaa, https://www.tripadvisor.com/Profile/Hansen_egaa, 1903aac95a4260b15b5c590b3105228a, Excellent : 222 & Very Good : 118 & Average : 83 & Poor : 20 & Terrible : 6, /Attraction_Review-g295368-d554488-Reviews-The_Odessa_Port-Odessa_Odessa_Oblast.html
