review_location_name, review_current_page, review_last_page, review_location_type, review_location_breadcrumbs, review_location_rate, location_lat, location_lng, review_id, review_date, review_experience_date, review_rate, user_name, user_link, user_id, extra, parent_url
Museum of Interesting Science, 26, 40, Specialty Museums, Europe & Ukraine & Odessa Oblast & Odessa & Things to Do in Odessa, 4.5, 46.488277, 30.72619, 410515931, 20160801, 20160301, 5.0, Юрий К, https://www.tripadvisor.com/Profile/michurin_i_co, 5b2071dbfeb880839ebd902159fda8fa, Excellent : 152 & Very Good : 35 & Average : 5 & Poor : 7 & Terrible : 1, /Attraction_Review-g295368-d6755140-Reviews-Museum_of_Interesting_Science-Odessa_Odessa_Oblast.html
Museum of Interesting Science, 26, 40, Specialty Museums, Europe & Ukraine & Odessa Oblast & Odessa & Things to Do in Odessa, 4.5, 46.488277, 30.72619, 409276050, 20160801, 20160701, 5.0, Di986-087458, https://www.tripadvisor.com/Profile/Di986-087458, cdc07f435cef00d4797f5a66af9f099a, Excellent : 152 & Very Good : 35 & Average : 5 & Poor : 7 & Terrible : 1, /Attraction_Review-g295368-d6755140-Reviews-Museum_of_Interesting_Science-Odessa_Odessa_Oblast.html
Museum of Interesting Science, 26, 40, Specialty Museums, Europe & Ukraine & Odessa Oblast & Odessa & Things to Do in Odessa, 4.5, 46.488277, 30.72619, 409248291, 20160801, 20160801, 1.0, ermenus, https://www.tripadvisor.com/Profile/ermenus, a5d331495143dbc55d6492ad21f57676, Excellent : 152 & Very Good : 35 & Average : 5 & Poor : 7 & Terrible : 1, /Attraction_Review-g295368-d6755140-Reviews-Museum_of_Interesting_Science-Odessa_Odessa_Oblast.html
Museum of Interesting Science, 26, 40, Specialty Museums, Europe & Ukraine & Odessa Oblast & Odessa & Things to Do in Odessa, 4.5, 46.488277, 30.72619, 408177827, 20160801, 20160801, 5.0, Elena2305, https://www.tripadvisor.com/Profile/Elena2305, 3e2bd885e963a2a90481bff46cd4b073, Excellent : 152 & Very Good : 35 & Average : 5 & Poor : 7 & Terrible : 1, /Attraction_Review-g295368-d6755140-Reviews-Museum_of_Interesting_Science-Odessa_Odessa_Oblast.html
Museum of Interesting Science, 26, 40, Specialty Museums, Europe & Ukraine & Odessa Oblast & Odessa & Things to Do in Odessa, 4.5, 46.488277, 30.72619, 404808541, 20160801, 20160301, 5.0, Вадим Саламандр... А, https://www.tripadvisor.com/Profile/V8213GH_, c633ec9cafc60dba66445550dcd44d96, Excellent : 152 & Very Good : 35 & Average : 5 & Poor : 7 & Terrible : 1, /Attraction_Review-g295368-d6755140-Reviews-Museum_of_Interesting_Science-Odessa_Odessa_Oblast.html
