review_location_name, review_current_page, review_last_page, review_location_type, review_location_breadcrumbs, review_location_rate, location_lat, location_lng, review_id, review_date, review_experience_date, review_rate, user_name, user_link, user_id, extra, parent_url
Insomnia- The Haunted House, 24, 50, Specialty Museums, Europe & Ukraine & Odessa Oblast & Odessa & Things to Do in Odessa, 4.5, 46.488277, 30.72619, 574435765, 20180401, 20180401, 5.0, Алена В, https://www.tripadvisor.com/Profile/alenaval1996, a5a9fcfa275d948ec508039425708363, Excellent : 204 & Very Good : 29 & Average : 6 & Poor : 3 & Terrible : 5, /Attraction_Review-g295368-d12952995-Reviews-Insomnia_The_Haunted_House-Odessa_Odessa_Oblast.html
Insomnia- The Haunted House, 24, 50, Specialty Museums, Europe & Ukraine & Odessa Oblast & Odessa & Things to Do in Odessa, 4.5, 46.488277, 30.72619, 574004388, 20180401, 20180401, 5.0, Sezer S, https://www.tripadvisor.com/Profile/632sezers, 99b1f4e6d3a389bc4fde84394e6cb679, Excellent : 204 & Very Good : 29 & Average : 6 & Poor : 3 & Terrible : 5, /Attraction_Review-g295368-d12952995-Reviews-Insomnia_The_Haunted_House-Odessa_Odessa_Oblast.html
Insomnia- The Haunted House, 24, 50, Specialty Museums, Europe & Ukraine & Odessa Oblast & Odessa & Things to Do in Odessa, 4.5, 46.488277, 30.72619, 573454656, 20180401, 20180401, 5.0, tttwwweeennn t, https://www.tripadvisor.com/Profile/tttwwweeennnt, 91c24ff0eb5157e291939f21ea4f92bf, Excellent : 204 & Very Good : 29 & Average : 6 & Poor : 3 & Terrible : 5, /Attraction_Review-g295368-d12952995-Reviews-Insomnia_The_Haunted_House-Odessa_Odessa_Oblast.html
Insomnia- The Haunted House, 24, 50, Specialty Museums, Europe & Ukraine & Odessa Oblast & Odessa & Things to Do in Odessa, 4.5, 46.488277, 30.72619, 573437026, 20180401, 20180401, 5.0, Ольга А, https://www.tripadvisor.com/Profile/_D3662PR, 66beb9f7736fa3021001f8fd80977a17, Excellent : 204 & Very Good : 29 & Average : 6 & Poor : 3 & Terrible : 5, /Attraction_Review-g295368-d12952995-Reviews-Insomnia_The_Haunted_House-Odessa_Odessa_Oblast.html
Insomnia- The Haunted House, 24, 50, Specialty Museums, Europe & Ukraine & Odessa Oblast & Odessa & Things to Do in Odessa, 4.5, 46.488277, 30.72619, 573260268, 20180401, 20180401, 5.0, nastia0121, https://www.tripadvisor.com/Profile/nastia0121, 7c6e298586048afda4b6c20289c8511c, Excellent : 204 & Very Good : 29 & Average : 6 & Poor : 3 & Terrible : 5, /Attraction_Review-g295368-d12952995-Reviews-Insomnia_The_Haunted_House-Odessa_Odessa_Oblast.html
