review_location_name, review_current_page, review_last_page, review_location_type, review_location_breadcrumbs, review_location_rate, location_lat, location_lng, review_id, review_date, review_experience_date, review_rate, user_name, user_link, user_id, extra, parent_url
Atmosfera, 2, 3, Movie Theaters, Europe & Ukraine & Odessa Oblast & Bilhorod-Dnistrovskyi & Things to Do in Bilhorod-Dnistrovskyi, 4.5, 46.19399, 30.34747, 606723722, 20180801, 20180701, 5.0, postbox0507, https://www.tripadvisor.com/Profile/postbox0507, 06e37e13c92bc22824daf3d5b71eca57, Excellent : 8 & Very Good : 0 & Average : 2 & Poor : 0 & Terrible : 1, /Attraction_Review-g1816345-d14200324-Reviews-Atmosfera-Bilhorod_Dnistrovskyi_Odessa_Oblast.html
Atmosfera, 2, 3, Movie Theaters, Europe & Ukraine & Odessa Oblast & Bilhorod-Dnistrovskyi & Things to Do in Bilhorod-Dnistrovskyi, 4.5, 46.19399, 30.34747, 589553073, 20180601, 20180601, 5.0, bagor86, https://www.tripadvisor.com/Profile/bagor86, 5ac4c645255f4423424d8d921a0c03b3, Excellent : 8 & Very Good : 0 & Average : 2 & Poor : 0 & Terrible : 1, /Attraction_Review-g1816345-d14200324-Reviews-Atmosfera-Bilhorod_Dnistrovskyi_Odessa_Oblast.html
Atmosfera, 2, 3, Movie Theaters, Europe & Ukraine & Odessa Oblast & Bilhorod-Dnistrovskyi & Things to Do in Bilhorod-Dnistrovskyi, 4.5, 46.19399, 30.34747, 589290209, 20180601, 20180601, 5.0, Анна Т, https://www.tripadvisor.com/Profile/_G7983NK, 53be227343c693ae0d5ef2026fb2e731, Excellent : 8 & Very Good : 0 & Average : 2 & Poor : 0 & Terrible : 1, /Attraction_Review-g1816345-d14200324-Reviews-Atmosfera-Bilhorod_Dnistrovskyi_Odessa_Oblast.html
Atmosfera, 2, 3, Movie Theaters, Europe & Ukraine & Odessa Oblast & Bilhorod-Dnistrovskyi & Things to Do in Bilhorod-Dnistrovskyi, 4.5, 46.19399, 30.34747, 589188369, 20180601, 20180601, 5.0, Валентина, https://www.tripadvisor.com/Profile/valentinageyderim, 25a1e177e2b1b80c50d8665a33a411c8, Excellent : 8 & Very Good : 0 & Average : 2 & Poor : 0 & Terrible : 1, /Attraction_Review-g1816345-d14200324-Reviews-Atmosfera-Bilhorod_Dnistrovskyi_Odessa_Oblast.html
Atmosfera, 2, 3, Movie Theaters, Europe & Ukraine & Odessa Oblast & Bilhorod-Dnistrovskyi & Things to Do in Bilhorod-Dnistrovskyi, 4.5, 46.19399, 30.34747, 589185074, 20180601, 20180601, 5.0, Karina 777, https://www.tripadvisor.com/Profile/karyna777k, b84ad87adaabdf0e516cbaae4e1fb819, Excellent : 8 & Very Good : 0 & Average : 2 & Poor : 0 & Terrible : 1, /Attraction_Review-g1816345-d14200324-Reviews-Atmosfera-Bilhorod_Dnistrovskyi_Odessa_Oblast.html
