review_location_name, review_current_page, review_last_page, review_location_type, review_location_breadcrumbs, review_location_rate, location_lat, location_lng, review_id, review_date, review_experience_date, review_rate, user_name, user_link, user_id, extra, parent_url
Arcadia district, 14, 74, Neighborhoods, Europe & Ukraine & Odessa Oblast & Odessa & Things to Do in Odessa, 4.0, 46.488277, 30.72619, 572064621, 20180401, 20180401, 5.0, Vitaliy K, https://www.tripadvisor.com/Profile/339vitaliyk, 3c467735e8fab80abe5c3db66a29848c, Excellent : 162 & Very Good : 84 & Average : 66 & Poor : 32 & Terrible : 25, /Attraction_Review-g295368-d554872-Reviews-Arcadia_district-Odessa_Odessa_Oblast.html
Arcadia district, 14, 74, Neighborhoods, Europe & Ukraine & Odessa Oblast & Odessa & Things to Do in Odessa, 4.0, 46.488277, 30.72619, 569980647, 20180301, 20170601, 5.0, Алекс К, https://www.tripadvisor.com/Profile/Culture480917, ba644a83123e5a3817265cce46e50b0c, Excellent : 162 & Very Good : 84 & Average : 66 & Poor : 32 & Terrible : 25, /Attraction_Review-g295368-d554872-Reviews-Arcadia_district-Odessa_Odessa_Oblast.html
Arcadia district, 14, 74, Neighborhoods, Europe & Ukraine & Odessa Oblast & Odessa & Things to Do in Odessa, 4.0, 46.488277, 30.72619, 565638783, 20180301, 20180201, 3.0, Gabriel, https://www.tripadvisor.com/Profile/ingsoc, ef9c73cff564745daa13c776c1693433, Excellent : 162 & Very Good : 84 & Average : 66 & Poor : 32 & Terrible : 25, /Attraction_Review-g295368-d554872-Reviews-Arcadia_district-Odessa_Odessa_Oblast.html
Arcadia district, 14, 74, Neighborhoods, Europe & Ukraine & Odessa Oblast & Odessa & Things to Do in Odessa, 4.0, 46.488277, 30.72619, 556241989, 20180101, 20170901, 4.0, Julie M, https://www.tripadvisor.com/Profile/juliemK7442EA, c8aa9175e8dbff023afc75c3813e1e86, Excellent : 162 & Very Good : 84 & Average : 66 & Poor : 32 & Terrible : 25, /Attraction_Review-g295368-d554872-Reviews-Arcadia_district-Odessa_Odessa_Oblast.html
Arcadia district, 14, 74, Neighborhoods, Europe & Ukraine & Odessa Oblast & Odessa & Things to Do in Odessa, 4.0, 46.488277, 30.72619, 554067201, 20180101, 20170801, 5.0, Olena S, https://www.tripadvisor.com/Profile/olenas2016, 0a2c19f446b9df59969942558601ef71, Excellent : 162 & Very Good : 84 & Average : 66 & Poor : 32 & Terrible : 25, /Attraction_Review-g295368-d554872-Reviews-Arcadia_district-Odessa_Odessa_Oblast.html
