review_location_name, review_current_page, review_last_page, review_location_type, review_location_breadcrumbs, review_location_rate, location_lat, location_lng, review_id, review_date, review_experience_date, review_rate, user_name, user_link, user_id, extra, parent_url
Belvedere of Vorontsov's Palace, 16, 20, Points of Interest & Landmarks, Europe & Ukraine & Odessa Oblast & Odessa & Things to Do in Odessa, 4.0, 46.488277, 30.72619, 306008574, 20150901, 20150901, 4.0, prapul29, https://www.tripadvisor.com/Profile/prapul29, 0f1afbf1153b266213cd7d8eb63eab74, Excellent : 32 & Very Good : 40 & Average : 20 & Poor : 7 & Terrible : 1, /Attraction_Review-g295368-d554875-Reviews-Belvedere_of_Vorontsov_s_Palace-Odessa_Odessa_Oblast.html
Belvedere of Vorontsov's Palace, 16, 20, Points of Interest & Landmarks, Europe & Ukraine & Odessa Oblast & Odessa & Things to Do in Odessa, 4.0, 46.488277, 30.72619, 296675707, 20150801, 20150801, 4.0, 840stephanet, https://www.tripadvisor.com/Profile/840stephanet, 5d7032c7ba0370827cdcc79274ee3e33, Excellent : 32 & Very Good : 40 & Average : 20 & Poor : 7 & Terrible : 1, /Attraction_Review-g295368-d554875-Reviews-Belvedere_of_Vorontsov_s_Palace-Odessa_Odessa_Oblast.html
Belvedere of Vorontsov's Palace, 16, 20, Points of Interest & Landmarks, Europe & Ukraine & Odessa Oblast & Odessa & Things to Do in Odessa, 4.0, 46.488277, 30.72619, 289489424, 20150701, 20140901, 3.0, Kutkh, https://www.tripadvisor.com/Profile/Kutkh, 912497d64243c94a733937ae15c38249, Excellent : 32 & Very Good : 40 & Average : 20 & Poor : 7 & Terrible : 1, /Attraction_Review-g295368-d554875-Reviews-Belvedere_of_Vorontsov_s_Palace-Odessa_Odessa_Oblast.html
Belvedere of Vorontsov's Palace, 16, 20, Points of Interest & Landmarks, Europe & Ukraine & Odessa Oblast & Odessa & Things to Do in Odessa, 4.0, 46.488277, 30.72619, 268216575, 20150401, 20150401, 4.0, smolkin, https://www.tripadvisor.com/Profile/smolkin, 7e1d67a1bfed5e0914fcd7f010b4f09c, Excellent : 32 & Very Good : 40 & Average : 20 & Poor : 7 & Terrible : 1, /Attraction_Review-g295368-d554875-Reviews-Belvedere_of_Vorontsov_s_Palace-Odessa_Odessa_Oblast.html
Belvedere of Vorontsov's Palace, 16, 20, Points of Interest & Landmarks, Europe & Ukraine & Odessa Oblast & Odessa & Things to Do in Odessa, 4.0, 46.488277, 30.72619, 261846187, 20150301, 20140401, 4.0, Kira V, https://www.tripadvisor.com/Profile/kirav2015, b3c3230f1e53acfaf3d0b57a2f5c52c6, Excellent : 32 & Very Good : 40 & Average : 20 & Poor : 7 & Terrible : 1, /Attraction_Review-g295368-d554875-Reviews-Belvedere_of_Vorontsov_s_Palace-Odessa_Odessa_Oblast.html
