review_location_name, review_current_page, review_last_page, review_location_type, review_location_breadcrumbs, review_location_rate, location_lat, location_lng, review_id, review_date, review_experience_date, review_rate, user_name, user_link, user_id, extra, parent_url
Odessa National Research Library, 2, 6, Libraries, Europe & Ukraine & Odessa Oblast & Odessa & Things to Do in Odessa, 4.5, 46.488277, 30.72619, 432486910, 20161001, 20161001, 5.0, drmalec, https://www.tripadvisor.com/Profile/drmalec, aa4bb582d85791ee34af25c677c1d55b, Excellent : 17 & Very Good : 6 & Average : 4 & Poor : 0 & Terrible : 0, /Attraction_Review-g295368-d3812822-Reviews-Odessa_National_Research_Library-Odessa_Odessa_Oblast.html
Odessa National Research Library, 2, 6, Libraries, Europe & Ukraine & Odessa Oblast & Odessa & Things to Do in Odessa, 4.5, 46.488277, 30.72619, 423556827, 20160901, 20160101, 5.0, Nadegda S, https://www.tripadvisor.com/Profile/625nadegdas, 78782b2894e3492a87cad5cab4ff9cb3, Excellent : 17 & Very Good : 6 & Average : 4 & Poor : 0 & Terrible : 0, /Attraction_Review-g295368-d3812822-Reviews-Odessa_National_Research_Library-Odessa_Odessa_Oblast.html
Odessa National Research Library, 2, 6, Libraries, Europe & Ukraine & Odessa Oblast & Odessa & Things to Do in Odessa, 4.5, 46.488277, 30.72619, 397146084, 20160701, 20160601, 4.0, Галина С, https://www.tripadvisor.com/Profile/Resort448101, 0fa60b926a18ac2aa33627d43a197c08, Excellent : 17 & Very Good : 6 & Average : 4 & Poor : 0 & Terrible : 0, /Attraction_Review-g295368-d3812822-Reviews-Odessa_National_Research_Library-Odessa_Odessa_Oblast.html
Odessa National Research Library, 2, 6, Libraries, Europe & Ukraine & Odessa Oblast & Odessa & Things to Do in Odessa, 4.5, 46.488277, 30.72619, 391469466, 20160701, 20160701, 4.0, Steinar J, https://www.tripadvisor.com/Profile/SteinarJ763, cd768860a0d1d049e086c0e97f728013, Excellent : 17 & Very Good : 6 & Average : 4 & Poor : 0 & Terrible : 0, /Attraction_Review-g295368-d3812822-Reviews-Odessa_National_Research_Library-Odessa_Odessa_Oblast.html
Odessa National Research Library, 2, 6, Libraries, Europe & Ukraine & Odessa Oblast & Odessa & Things to Do in Odessa, 4.5, 46.488277, 30.72619, 388410050, 20160701, 20160701, 3.0, Елена К, https://www.tripadvisor.com/Profile/_I193PQ, e444f5707778887586557625dfd8d853, Excellent : 17 & Very Good : 6 & Average : 4 & Poor : 0 & Terrible : 0, /Attraction_Review-g295368-d3812822-Reviews-Odessa_National_Research_Library-Odessa_Odessa_Oblast.html
