review_location_name, review_current_page, review_last_page, review_location_type, review_location_breadcrumbs, review_location_rate, location_lat, location_lng, review_id, review_date, review_experience_date, review_rate, user_name, user_link, user_id, extra, parent_url
Museum of Smuggling, 9, 23, Specialty Museums, Europe & Ukraine & Odessa Oblast & Odessa & Things to Do in Odessa, 4.0, 46.488277, 30.72619, 490947653, 20170601, 20170501, 3.0, Similtiades, https://www.tripadvisor.com/Profile/Similtiades, 91ef4470dd733ae6d653cbf24f56488b, Excellent : 56 & Very Good : 26 & Average : 13 & Poor : 6 & Terrible : 10, /Attraction_Review-g295368-d4999893-Reviews-Museum_of_Smuggling-Odessa_Odessa_Oblast.html
Museum of Smuggling, 9, 23, Specialty Museums, Europe & Ukraine & Odessa Oblast & Odessa & Things to Do in Odessa, 4.0, 46.488277, 30.72619, 489838710, 20170601, 20170501, 4.0, Anna D, https://www.tripadvisor.com/Profile/U4611VDannad, 353fd91dc3ff25bc3f448514d5a88423, Excellent : 56 & Very Good : 26 & Average : 13 & Poor : 6 & Terrible : 10, /Attraction_Review-g295368-d4999893-Reviews-Museum_of_Smuggling-Odessa_Odessa_Oblast.html
Museum of Smuggling, 9, 23, Specialty Museums, Europe & Ukraine & Odessa Oblast & Odessa & Things to Do in Odessa, 4.0, 46.488277, 30.72619, 489127305, 20170501, 20170501, 1.0, Necdet Göktunç İ, https://www.tripadvisor.com/Profile/necdetg_ktun_, 6d4fda58b51b4f624f4685a3d2018a0a, Excellent : 56 & Very Good : 26 & Average : 13 & Poor : 6 & Terrible : 10, /Attraction_Review-g295368-d4999893-Reviews-Museum_of_Smuggling-Odessa_Odessa_Oblast.html
Museum of Smuggling, 9, 23, Specialty Museums, Europe & Ukraine & Odessa Oblast & Odessa & Things to Do in Odessa, 4.0, 46.488277, 30.72619, 486815529, 20170501, 20170501, 5.0, LeGreen45, https://www.tripadvisor.com/Profile/LeGreen45, 23c7e24dc8d5055164f7ccd3ed7e17f4, Excellent : 56 & Very Good : 26 & Average : 13 & Poor : 6 & Terrible : 10, /Attraction_Review-g295368-d4999893-Reviews-Museum_of_Smuggling-Odessa_Odessa_Oblast.html
Museum of Smuggling, 9, 23, Specialty Museums, Europe & Ukraine & Odessa Oblast & Odessa & Things to Do in Odessa, 4.0, 46.488277, 30.72619, 481163524, 20170501, 20170501, 4.0, Инесса П, https://www.tripadvisor.com/Profile/K6219YX_, 68e1dd0ab7c533fc0e62a3711d30bb0c, Excellent : 56 & Very Good : 26 & Average : 13 & Poor : 6 & Terrible : 10, /Attraction_Review-g295368-d4999893-Reviews-Museum_of_Smuggling-Odessa_Odessa_Oblast.html
