review_location_name, review_current_page, review_last_page, review_location_type, review_location_breadcrumbs, review_location_rate, location_lat, location_lng, review_id, review_date, review_experience_date, review_rate, user_name, user_link, user_id, extra, parent_url
Odessa Theater of the Young Viewer, 1, 2, Theaters, Europe & Ukraine & Odessa Oblast & Odessa & Things to Do in Odessa, 4.5, 46.488277, 30.72619, 688926712, 20190701, 20190501, 5.0, Olena Stoianova, https://www.tripadvisor.com/Profile/Olena010161, 20c8adfe338f5db6035760855bdccb5e, Excellent : 3 & Very Good : 2 & Average : 1 & Poor : 0 & Terrible : 0, /Attraction_Review-g295368-d6502524-Reviews-Odessa_Theater_of_the_Young_Viewer-Odessa_Odessa_Oblast.html
Odessa Theater of the Young Viewer, 1, 2, Theaters, Europe & Ukraine & Odessa Oblast & Odessa & Things to Do in Odessa, 4.5, 46.488277, 30.72619, 600950910, 20180701, 20180701, 3.0, Anna P, https://www.tripadvisor.com/Profile/annapO9334MO, a74a70a4660b45b5933a84d1c51e61a2, Excellent : 3 & Very Good : 2 & Average : 1 & Poor : 0 & Terrible : 0, /Attraction_Review-g295368-d6502524-Reviews-Odessa_Theater_of_the_Young_Viewer-Odessa_Odessa_Oblast.html
Odessa Theater of the Young Viewer, 1, 2, Theaters, Europe & Ukraine & Odessa Oblast & Odessa & Things to Do in Odessa, 4.5, 46.488277, 30.72619, 581880636, 20180501, 20171101, 5.0, SiniyCrab, https://www.tripadvisor.com/Profile/SiniyCrab, 2923c41d0f085fc74679f9d0317cac40, Excellent : 3 & Very Good : 2 & Average : 1 & Poor : 0 & Terrible : 0, /Attraction_Review-g295368-d6502524-Reviews-Odessa_Theater_of_the_Young_Viewer-Odessa_Odessa_Oblast.html
Odessa Theater of the Young Viewer, 1, 2, Theaters, Europe & Ukraine & Odessa Oblast & Odessa & Things to Do in Odessa, 4.5, 46.488277, 30.72619, 416184180, 20160901, 20151001, 4.0, Валерий Н, https://www.tripadvisor.com/Profile/_L1700PM, 4ac4530286ddf0b2bcf62812bb004461, Excellent : 3 & Very Good : 2 & Average : 1 & Poor : 0 & Terrible : 0, /Attraction_Review-g295368-d6502524-Reviews-Odessa_Theater_of_the_Young_Viewer-Odessa_Odessa_Oblast.html
Odessa Theater of the Young Viewer, 1, 2, Theaters, Europe & Ukraine & Odessa Oblast & Odessa & Things to Do in Odessa, 4.5, 46.488277, 30.72619, 302322255, 20150801, 20150401, 4.0, Edward A, https://www.tripadvisor.com/Profile/edwarda_13, 34e7b1c0fbdf16912f32aec8bd22a4d7, Excellent : 3 & Very Good : 2 & Average : 1 & Poor : 0 & Terrible : 0, /Attraction_Review-g295368-d6502524-Reviews-Odessa_Theater_of_the_Young_Viewer-Odessa_Odessa_Oblast.html
