review_location_name, review_current_page, review_last_page, review_location_type, review_location_breadcrumbs, review_location_rate, location_lat, location_lng, review_id, review_date, review_experience_date, review_rate, user_name, user_link, user_id, parent_url
Potemkin Stairs, 28, 103, Points of Interest & Landmarks & Points of Interest & Landmarks, Europe & Ukraine & Odessa Oblast & Odessa & Things to Do in Odessa, 4.0, 46.488564, 30.742014, 589091965, 20180601, 20180601, 2.0, Leigh E, /Profile/LeighE931, dfbc3aafd3ab24785447d0be88e6eef2, /Attraction_Review-g295368-d554884-Reviews-Potemkin_Stairs-Odessa_Odessa_Oblast.html
Potemkin Stairs, 28, 103, Points of Interest & Landmarks & Points of Interest & Landmarks, Europe & Ukraine & Odessa Oblast & Odessa & Things to Do in Odessa, 4.0, 46.488564, 30.742014, 588782962, 20180601, 20180601, 4.0, Ingjerd S, /Profile/IngjerdS, 752453bad0d565eeb6bd8d420f5c4700, /Attraction_Review-g295368-d554884-Reviews-Potemkin_Stairs-Odessa_Odessa_Oblast.html
Potemkin Stairs, 28, 103, Points of Interest & Landmarks & Points of Interest & Landmarks, Europe & Ukraine & Odessa Oblast & Odessa & Things to Do in Odessa, 4.0, 46.488564, 30.742014, 588671287, 20180601, 20180601, 3.0, Prasche, /Profile/Prasche, 2e3212376cc0a68b4e502e3e47ba841a, /Attraction_Review-g295368-d554884-Reviews-Potemkin_Stairs-Odessa_Odessa_Oblast.html
Potemkin Stairs, 28, 103, Points of Interest & Landmarks & Points of Interest & Landmarks, Europe & Ukraine & Odessa Oblast & Odessa & Things to Do in Odessa, 4.0, 46.488564, 30.742014, 587667064, 20180601, 20180601, 3.0, Miklos V, /Profile/miklosv838, 75a48c025c137838d85fb35d9b47f8c8, /Attraction_Review-g295368-d554884-Reviews-Potemkin_Stairs-Odessa_Odessa_Oblast.html
Potemkin Stairs, 28, 103, Points of Interest & Landmarks & Points of Interest & Landmarks, Europe & Ukraine & Odessa Oblast & Odessa & Things to Do in Odessa, 4.0, 46.488564, 30.742014, 587571296, 20180601, 20180601, 4.0, Zvi W, /Profile/zviwr, 9c6f1c8fc3548a61f47cffd4e381ea97, /Attraction_Review-g295368-d554884-Reviews-Potemkin_Stairs-Odessa_Odessa_Oblast.html
