review_location_name, review_current_page, review_last_page, review_location_type, review_location_breadcrumbs, review_location_rate, location_lat, location_lng, review_id, review_date, review_experience_date, review_rate, user_name, user_link, user_id, extra, parent_url
Aquapark Odessa, 4, 17, Water Parks, Europe & Ukraine & Odessa Oblast & Odessa & Things to Do in Odessa, 3.0, 46.488277, 30.72619, 702109718, 20190801, 20190801, 2.0, a.deduchenko a, https://www.tripadvisor.com/Profile/adeduchenkoa, cc81e3a270eb626722f321358d4542de, Excellent : 24 & Very Good : 8 & Average : 18 & Poor : 15 & Terrible : 19, /Attraction_Review-g295368-d6983647-Reviews-Aquapark_Odessa-Odessa_Odessa_Oblast.html
Aquapark Odessa, 4, 17, Water Parks, Europe & Ukraine & Odessa Oblast & Odessa & Things to Do in Odessa, 3.0, 46.488277, 30.72619, 700923304, 20190801, 20180901, 2.0, Юрий Г., https://www.tripadvisor.com/Profile/gavr444444, 7d4c6448f92f6095ae414c89211b4fc3, Excellent : 24 & Very Good : 8 & Average : 18 & Poor : 15 & Terrible : 19, /Attraction_Review-g295368-d6983647-Reviews-Aquapark_Odessa-Odessa_Odessa_Oblast.html
Aquapark Odessa, 4, 17, Water Parks, Europe & Ukraine & Odessa Oblast & Odessa & Things to Do in Odessa, 3.0, 46.488277, 30.72619, 700214949, 20190801, 20190701, 1.0, Константин, https://www.tripadvisor.com/Profile/konstantinryad, 66886ba115cc4c5d24974b756f60a43e, Excellent : 24 & Very Good : 8 & Average : 18 & Poor : 15 & Terrible : 19, /Attraction_Review-g295368-d6983647-Reviews-Aquapark_Odessa-Odessa_Odessa_Oblast.html
Aquapark Odessa, 4, 17, Water Parks, Europe & Ukraine & Odessa Oblast & Odessa & Things to Do in Odessa, 3.0, 46.488277, 30.72619, 699819629, 20190801, 20190801, 3.0, Дмитрий, https://www.tripadvisor.com/Profile/322dimand, 55be7c1bc61f2097229c0341ccbdf585, Excellent : 24 & Very Good : 8 & Average : 18 & Poor : 15 & Terrible : 19, /Attraction_Review-g295368-d6983647-Reviews-Aquapark_Odessa-Odessa_Odessa_Oblast.html
Aquapark Odessa, 4, 17, Water Parks, Europe & Ukraine & Odessa Oblast & Odessa & Things to Do in Odessa, 3.0, 46.488277, 30.72619, 698163197, 20190801, 20190801, 1.0, Анастасия Б, https://www.tripadvisor.com/Profile/_M7568JB, b5dafd01041975e47f80cb59dcd387a6, Excellent : 24 & Very Good : 8 & Average : 18 & Poor : 15 & Terrible : 19, /Attraction_Review-g295368-d6983647-Reviews-Aquapark_Odessa-Odessa_Odessa_Oblast.html
