review_location_name, review_current_page, review_last_page, review_location_type, review_location_breadcrumbs, review_location_rate, location_lat, location_lng, review_id, review_date, review_experience_date, review_rate, user_name, user_link, user_id, extra, parent_url
Otrada, 7, 8, Beaches, Europe & Ukraine & Odessa Oblast & Odessa & Things to Do in Odessa, 3.5, 46.488277, 30.72619, 320595111, 20151001, 20150901, 4.0, Ольга М, https://www.tripadvisor.com/Profile/_Q2497BJ, 61bf4a683ba3bcd4c5af403ef1eb25e7, Excellent : 10 & Very Good : 14 & Average : 6 & Poor : 2 & Terrible : 4, /Attraction_Review-g295368-d8044433-Reviews-Otrada-Odessa_Odessa_Oblast.html
Otrada, 7, 8, Beaches, Europe & Ukraine & Odessa Oblast & Odessa & Things to Do in Odessa, 3.5, 46.488277, 30.72619, 314690311, 20150901, 20150901, 4.0, Tatiana M, https://www.tripadvisor.com/Profile/tatianam24, 0260bca895efdb577baae9ecb1cf1e04, Excellent : 10 & Very Good : 14 & Average : 6 & Poor : 2 & Terrible : 4, /Attraction_Review-g295368-d8044433-Reviews-Otrada-Odessa_Odessa_Oblast.html
Otrada, 7, 8, Beaches, Europe & Ukraine & Odessa Oblast & Odessa & Things to Do in Odessa, 3.5, 46.488277, 30.72619, 313953770, 20150901, 20150501, 2.0, Юлия З, https://www.tripadvisor.com/Profile/I5778AM_, 2d4d8fee4c3ca6dd8e83e31fee7129cc, Excellent : 10 & Very Good : 14 & Average : 6 & Poor : 2 & Terrible : 4, /Attraction_Review-g295368-d8044433-Reviews-Otrada-Odessa_Odessa_Oblast.html
Otrada, 7, 8, Beaches, Europe & Ukraine & Odessa Oblast & Odessa & Things to Do in Odessa, 3.5, 46.488277, 30.72619, 304377398, 20150801, 20150801, 5.0, Александр Ю, https://www.tripadvisor.com/Profile/_G6065OA, 0017e1fad13da2d0a74356d2161a4f76, Excellent : 10 & Very Good : 14 & Average : 6 & Poor : 2 & Terrible : 4, /Attraction_Review-g295368-d8044433-Reviews-Otrada-Odessa_Odessa_Oblast.html
Otrada, 7, 8, Beaches, Europe & Ukraine & Odessa Oblast & Odessa & Things to Do in Odessa, 3.5, 46.488277, 30.72619, 287702032, 20150701, 20150601, 5.0, Whilliam Rise, https://www.tripadvisor.com/Profile/whilliamrise1, e5c6848974e243d65e1c26c6ebdc3843, Excellent : 10 & Very Good : 14 & Average : 6 & Poor : 2 & Terrible : 4, /Attraction_Review-g295368-d8044433-Reviews-Otrada-Odessa_Odessa_Oblast.html
