review_location_name, review_current_page, review_last_page, review_location_type, review_location_breadcrumbs, review_location_rate, location_lat, location_lng, review_id, review_date, review_experience_date, review_rate, user_name, user_link, user_id, extra, parent_url
N. Roerich's House Museum in Odessa, 2, 1, Specialty Museums, Europe & Ukraine & Odessa Oblast & Odessa & Things to Do in Odessa, 4.5, 46.488277, 30.72619, 399137100, 20160701, 20160701, 5.0, Lyudmila S, https://www.tripadvisor.com/Profile/415lyudmilas, 5924489880ab56827d8593932e976bb8, Excellent : 5 & Very Good : 4 & Average : 0 & Poor : 0 & Terrible : 0, /Attraction_Review-g295368-d6491025-Reviews-N_Roerich_s_House_Museum_in_Odessa-Odessa_Odessa_Oblast.html
N. Roerich's House Museum in Odessa, 2, 1, Specialty Museums, Europe & Ukraine & Odessa Oblast & Odessa & Things to Do in Odessa, 4.5, 46.488277, 30.72619, 388252901, 20160701, 20160601, 4.0, Валерий Н, https://www.tripadvisor.com/Profile/_L1700PM, 4ac4530286ddf0b2bcf62812bb004461, Excellent : 5 & Very Good : 4 & Average : 0 & Poor : 0 & Terrible : 0, /Attraction_Review-g295368-d6491025-Reviews-N_Roerich_s_House_Museum_in_Odessa-Odessa_Odessa_Oblast.html
N. Roerich's House Museum in Odessa, 2, 1, Specialty Museums, Europe & Ukraine & Odessa Oblast & Odessa & Things to Do in Odessa, 4.5, 46.488277, 30.72619, 290678929, 20150701, 20140801, 5.0, Arsenii E, https://www.tripadvisor.com/Profile/arseniye, e127876ee83217bdce973605d44d2f41, Excellent : 5 & Very Good : 4 & Average : 0 & Poor : 0 & Terrible : 0, /Attraction_Review-g295368-d6491025-Reviews-N_Roerich_s_House_Museum_in_Odessa-Odessa_Odessa_Oblast.html
N. Roerich's House Museum in Odessa, 2, 1, Specialty Museums, Europe & Ukraine & Odessa Oblast & Odessa & Things to Do in Odessa, 4.5, 46.488277, 30.72619, 282914826, 20150601, 20140701, 4.0, Pablo, https://www.tripadvisor.com/Profile/pablolavrov, 2bc1f6ea3c59c465795759650742e095, Excellent : 5 & Very Good : 4 & Average : 0 & Poor : 0 & Terrible : 0, /Attraction_Review-g295368-d6491025-Reviews-N_Roerich_s_House_Museum_in_Odessa-Odessa_Odessa_Oblast.html
