review_location_name, review_current_page, review_last_page, review_location_type, review_location_breadcrumbs, review_location_rate, location_lat, location_lng, review_id, review_date, review_experience_date, review_rate, user_name, user_link, user_id, extra, parent_url
Lutheran St. Paul's Cathedral, 2, 3, Architectural Buildings & Churches & Cathedrals, Europe & Ukraine & Odessa Oblast & Odessa & Things to Do in Odessa, 4.5, 46.488277, 30.72619, 581723746, 20180501, 20180501, 5.0, JanBankovsky, https://www.tripadvisor.com/Profile/JanBankovsky, 9bbcf53b887eac412e4cd9f5a1f3138f, Excellent : 7 & Very Good : 1 & Average : 3 & Poor : 0 & Terrible : 0, /Attraction_Review-g295368-d8263757-Reviews-Lutheran_St_Paul_s_Cathedral-Odessa_Odessa_Oblast.html
Lutheran St. Paul's Cathedral, 2, 3, Architectural Buildings & Churches & Cathedrals, Europe & Ukraine & Odessa Oblast & Odessa & Things to Do in Odessa, 4.5, 46.488277, 30.72619, 573372719, 20180401, 20180401, 5.0, Илона Р, https://www.tripadvisor.com/Profile/ILONA-World, 7deb5b526784d7ae5067b13f7785ac6b, Excellent : 7 & Very Good : 1 & Average : 3 & Poor : 0 & Terrible : 0, /Attraction_Review-g295368-d8263757-Reviews-Lutheran_St_Paul_s_Cathedral-Odessa_Odessa_Oblast.html
Lutheran St. Paul's Cathedral, 2, 3, Architectural Buildings & Churches & Cathedrals, Europe & Ukraine & Odessa Oblast & Odessa & Things to Do in Odessa, 4.5, 46.488277, 30.72619, 572262500, 20180401, 20171101, 4.0, Judgerld, https://www.tripadvisor.com/Profile/Judgerld, b8a37e6e943a5dda110ab106f3f72637, Excellent : 7 & Very Good : 1 & Average : 3 & Poor : 0 & Terrible : 0, /Attraction_Review-g295368-d8263757-Reviews-Lutheran_St_Paul_s_Cathedral-Odessa_Odessa_Oblast.html
Lutheran St. Paul's Cathedral, 2, 3, Architectural Buildings & Churches & Cathedrals, Europe & Ukraine & Odessa Oblast & Odessa & Things to Do in Odessa, 4.5, 46.488277, 30.72619, 519764328, 20170801, 20170701, 3.0, rumabo, https://www.tripadvisor.com/Profile/rumabo, c236215dd145f05ed0a8b50f1708881f, Excellent : 7 & Very Good : 1 & Average : 3 & Poor : 0 & Terrible : 0, /Attraction_Review-g295368-d8263757-Reviews-Lutheran_St_Paul_s_Cathedral-Odessa_Odessa_Oblast.html
Lutheran St. Paul's Cathedral, 2, 3, Architectural Buildings & Churches & Cathedrals, Europe & Ukraine & Odessa Oblast & Odessa & Things to Do in Odessa, 4.5, 46.488277, 30.72619, 406727791, 20160801, 20150901, 3.0, Валерий Н, https://www.tripadvisor.com/Profile/_L1700PM, 4ac4530286ddf0b2bcf62812bb004461, Excellent : 7 & Very Good : 1 & Average : 3 & Poor : 0 & Terrible : 0, /Attraction_Review-g295368-d8263757-Reviews-Lutheran_St_Paul_s_Cathedral-Odessa_Odessa_Oblast.html
