review_location_name, review_current_page, review_last_page, review_location_type, review_location_breadcrumbs, review_location_rate, location_lat, location_lng, review_id, review_date, review_experience_date, review_rate, user_name, user_link, user_id, extra, parent_url
Odessa National Academic Opera and Ballet Theater, 62, 201, Ballets & Operas & Theaters, Europe & Ukraine & Odessa Oblast & Odessa & Things to Do in Odessa, 5.0, 46.488277, 30.72619, 547439159, 20171201, 20171201, 5.0, Tony K, https://www.tripadvisor.com/Profile/TonyK2197, fce963d69826ecb0385b703bab47cf79, Excellent : 867 & Very Good : 102 & Average : 22 & Poor : 3 & Terrible : 8, /Attraction_Review-g295368-d554746-Reviews-Odessa_National_Academic_Opera_and_Ballet_Theater-Odessa_Odessa_Oblast.html
Odessa National Academic Opera and Ballet Theater, 62, 201, Ballets & Operas & Theaters, Europe & Ukraine & Odessa Oblast & Odessa & Things to Do in Odessa, 5.0, 46.488277, 30.72619, 547126032, 20171201, 20171201, 5.0, Екатерина О, https://www.tripadvisor.com/Profile/R2788EM_, 846fc1b8a12ebf65a785c163785fb49a, Excellent : 867 & Very Good : 102 & Average : 22 & Poor : 3 & Terrible : 8, /Attraction_Review-g295368-d554746-Reviews-Odessa_National_Academic_Opera_and_Ballet_Theater-Odessa_Odessa_Oblast.html
Odessa National Academic Opera and Ballet Theater, 62, 201, Ballets & Operas & Theaters, Europe & Ukraine & Odessa Oblast & Odessa & Things to Do in Odessa, 5.0, 46.488277, 30.72619, 545768280, 20171201, 20171101, 5.0, IgorOdessa2016, https://www.tripadvisor.com/Profile/IgorOdessa2016, 8bca784c419cd9ed155d6a22f508092a, Excellent : 867 & Very Good : 102 & Average : 22 & Poor : 3 & Terrible : 8, /Attraction_Review-g295368-d554746-Reviews-Odessa_National_Academic_Opera_and_Ballet_Theater-Odessa_Odessa_Oblast.html
Odessa National Academic Opera and Ballet Theater, 62, 201, Ballets & Operas & Theaters, Europe & Ukraine & Odessa Oblast & Odessa & Things to Do in Odessa, 5.0, 46.488277, 30.72619, 544648638, 20171201, 20171101, 5.0, ליאון א, https://www.tripadvisor.com/Profile/M3211NN_, 76322c7e2dd92d2414b9f64ffae82f1d, Excellent : 867 & Very Good : 102 & Average : 22 & Poor : 3 & Terrible : 8, /Attraction_Review-g295368-d554746-Reviews-Odessa_National_Academic_Opera_and_Ballet_Theater-Odessa_Odessa_Oblast.html
Odessa National Academic Opera and Ballet Theater, 62, 201, Ballets & Operas & Theaters, Europe & Ukraine & Odessa Oblast & Odessa & Things to Do in Odessa, 5.0, 46.488277, 30.72619, 544607891, 20171201, 20170101, 5.0, nastasiya2017, https://www.tripadvisor.com/Profile/nastasiya2017, f1abcfee8923529e850f6d1d233be56a, Excellent : 867 & Very Good : 102 & Average : 22 & Poor : 3 & Terrible : 8, /Attraction_Review-g295368-d554746-Reviews-Odessa_National_Academic_Opera_and_Ballet_Theater-Odessa_Odessa_Oblast.html
