review_location_name, review_current_page, review_last_page, review_location_type, review_location_breadcrumbs, review_location_rate, location_lat, location_lng, review_id, review_date, review_experience_date, review_rate, user_name, user_link, user_id, extra, parent_url
Belvedere of Vorontsov's Palace, 8, 20, Points of Interest & Landmarks, Europe & Ukraine & Odessa Oblast & Odessa & Things to Do in Odessa, 4.0, 46.488277, 30.72619, 474479981, 20170401, 20170401, 4.0, Vitaliy S, https://www.tripadvisor.com/Profile/856vitaliys, 1980cd188d2655b93b3538f0d1875664, Excellent : 32 & Very Good : 40 & Average : 20 & Poor : 7 & Terrible : 1, /Attraction_Review-g295368-d554875-Reviews-Belvedere_of_Vorontsov_s_Palace-Odessa_Odessa_Oblast.html
Belvedere of Vorontsov's Palace, 8, 20, Points of Interest & Landmarks, Europe & Ukraine & Odessa Oblast & Odessa & Things to Do in Odessa, 4.0, 46.488277, 30.72619, 472538990, 20170401, 20170301, 5.0, tenedosbozcaada, https://www.tripadvisor.com/Profile/tenedosbozcaada, 2e8f228c92d34010009451865e5811c5, Excellent : 32 & Very Good : 40 & Average : 20 & Poor : 7 & Terrible : 1, /Attraction_Review-g295368-d554875-Reviews-Belvedere_of_Vorontsov_s_Palace-Odessa_Odessa_Oblast.html
Belvedere of Vorontsov's Palace, 8, 20, Points of Interest & Landmarks, Europe & Ukraine & Odessa Oblast & Odessa & Things to Do in Odessa, 4.0, 46.488277, 30.72619, 470564901, 20170301, 20160401, 3.0, candy579, https://www.tripadvisor.com/Profile/candy579, 5fc7efc1ef9a3e1137bfd88d9a9a1078, Excellent : 32 & Very Good : 40 & Average : 20 & Poor : 7 & Terrible : 1, /Attraction_Review-g295368-d554875-Reviews-Belvedere_of_Vorontsov_s_Palace-Odessa_Odessa_Oblast.html
Belvedere of Vorontsov's Palace, 8, 20, Points of Interest & Landmarks, Europe & Ukraine & Odessa Oblast & Odessa & Things to Do in Odessa, 4.0, 46.488277, 30.72619, 463741954, 20170301, 20170201, 5.0, AndreyRumyantsev, https://www.tripadvisor.com/Profile/AndreyRumyantsev, c0eb6e46322c194561505bc74ac7783e, Excellent : 32 & Very Good : 40 & Average : 20 & Poor : 7 & Terrible : 1, /Attraction_Review-g295368-d554875-Reviews-Belvedere_of_Vorontsov_s_Palace-Odessa_Odessa_Oblast.html
Belvedere of Vorontsov's Palace, 8, 20, Points of Interest & Landmarks, Europe & Ukraine & Odessa Oblast & Odessa & Things to Do in Odessa, 4.0, 46.488277, 30.72619, 462437936, 20170201, 20170201, 4.0, Geo P, https://www.tripadvisor.com/Profile/geop2014, 48112a481a512f4acc6dfb68c7fffedd, Excellent : 32 & Very Good : 40 & Average : 20 & Poor : 7 & Terrible : 1, /Attraction_Review-g295368-d554875-Reviews-Belvedere_of_Vorontsov_s_Palace-Odessa_Odessa_Oblast.html
