review_location_name, review_current_page, review_last_page, review_location_type, review_location_breadcrumbs, review_location_rate, location_lat, location_lng, review_id, review_date, review_experience_date, review_rate, user_name, user_link, user_id, extra, parent_url
Catacombs of Odessa, 2, 13, Specialty Museums, Europe & Ukraine & Odessa Oblast & Odessa & Things to Do in Odessa, 4.5, 46.488277, 30.72619, 734879509, 20191201, 20190101, 4.0, Евгений Понизовский, https://www.tripadvisor.com/Profile/_P6032UB, b9c4a99a52562f8a5688d233556f460b, Excellent : 45 & Very Good : 13 & Average : 3 & Poor : 0 & Terrible : 0, /Attraction_Review-g295368-d11671665-Reviews-Catacombs_of_Odessa-Odessa_Odessa_Oblast.html
Catacombs of Odessa, 2, 13, Specialty Museums, Europe & Ukraine & Odessa Oblast & Odessa & Things to Do in Odessa, 4.5, 46.488277, 30.72619, 724285797, 20191101, 20190501, 5.0, Helen K, https://www.tripadvisor.com/Profile/262helenk, 821adbc9ac6049ffbfea2d651002958f, Excellent : 45 & Very Good : 13 & Average : 3 & Poor : 0 & Terrible : 0, /Attraction_Review-g295368-d11671665-Reviews-Catacombs_of_Odessa-Odessa_Odessa_Oblast.html
Catacombs of Odessa, 2, 13, Specialty Museums, Europe & Ukraine & Odessa Oblast & Odessa & Things to Do in Odessa, 4.5, 46.488277, 30.72619, 722585076, 20191001, 20190901, 5.0, harryatkck, https://www.tripadvisor.com/Profile/harryatkck, 603bd967e8950b1e90290bdabe7e8db3, Excellent : 45 & Very Good : 13 & Average : 3 & Poor : 0 & Terrible : 0, /Attraction_Review-g295368-d11671665-Reviews-Catacombs_of_Odessa-Odessa_Odessa_Oblast.html
Catacombs of Odessa, 2, 13, Specialty Museums, Europe & Ukraine & Odessa Oblast & Odessa & Things to Do in Odessa, 4.5, 46.488277, 30.72619, 719596744, 20191001, 20190901, 5.0, lovetoootravel, https://www.tripadvisor.com/Profile/lovetoootravel, 7968de4858166b117a8e0c48e0e70611, Excellent : 45 & Very Good : 13 & Average : 3 & Poor : 0 & Terrible : 0, /Attraction_Review-g295368-d11671665-Reviews-Catacombs_of_Odessa-Odessa_Odessa_Oblast.html
Catacombs of Odessa, 2, 13, Specialty Museums, Europe & Ukraine & Odessa Oblast & Odessa & Things to Do in Odessa, 4.5, 46.488277, 30.72619, 717662549, 20191001, 20190501, 5.0, _ineseincenberga, https://www.tripadvisor.com/Profile/_ineseincenberga, d5f8d50beadbe1d6361f4e3b15817d63, Excellent : 45 & Very Good : 13 & Average : 3 & Poor : 0 & Terrible : 0, /Attraction_Review-g295368-d11671665-Reviews-Catacombs_of_Odessa-Odessa_Odessa_Oblast.html
