review_location_name, review_current_page, review_last_page, review_location_type, review_location_breadcrumbs, review_location_rate, location_lat, location_lng, review_id, review_date, review_experience_date, review_rate, user_name, user_link, user_id, extra, parent_url
Museum of Smuggling, 14, 23, Specialty Museums, Europe & Ukraine & Odessa Oblast & Odessa & Things to Do in Odessa, 4.0, 46.488277, 30.72619, 396143315, 20160701, 20160701, 5.0, Dmitriy V, https://www.tripadvisor.com/Profile/497dmitriyv, fe2a686d1c417a884ae9a114f4284c71, Excellent : 56 & Very Good : 26 & Average : 13 & Poor : 6 & Terrible : 10, /Attraction_Review-g295368-d4999893-Reviews-Museum_of_Smuggling-Odessa_Odessa_Oblast.html
Museum of Smuggling, 14, 23, Specialty Museums, Europe & Ukraine & Odessa Oblast & Odessa & Things to Do in Odessa, 4.0, 46.488277, 30.72619, 393833323, 20160701, 20150901, 4.0, Svetlana T, https://www.tripadvisor.com/Profile/397olesyar, 6ec3f3101febe546a5ef41a7743f3171, Excellent : 56 & Very Good : 26 & Average : 13 & Poor : 6 & Terrible : 10, /Attraction_Review-g295368-d4999893-Reviews-Museum_of_Smuggling-Odessa_Odessa_Oblast.html
Museum of Smuggling, 14, 23, Specialty Museums, Europe & Ukraine & Odessa Oblast & Odessa & Things to Do in Odessa, 4.0, 46.488277, 30.72619, 385069132, 20160601, 20151201, 5.0, Светлана П, https://www.tripadvisor.com/Profile/Explorer432355, 24859dbaf978d050905cced4674ca22e, Excellent : 56 & Very Good : 26 & Average : 13 & Poor : 6 & Terrible : 10, /Attraction_Review-g295368-d4999893-Reviews-Museum_of_Smuggling-Odessa_Odessa_Oblast.html
Museum of Smuggling, 14, 23, Specialty Museums, Europe & Ukraine & Odessa Oblast & Odessa & Things to Do in Odessa, 4.0, 46.488277, 30.72619, 383768919, 20160601, 20160601, 4.0, Anastasiamavrody, https://www.tripadvisor.com/Profile/Anastasiamavrody, 2791f023bf1a762f4176a9b14799d978, Excellent : 56 & Very Good : 26 & Average : 13 & Poor : 6 & Terrible : 10, /Attraction_Review-g295368-d4999893-Reviews-Museum_of_Smuggling-Odessa_Odessa_Oblast.html
Museum of Smuggling, 14, 23, Specialty Museums, Europe & Ukraine & Odessa Oblast & Odessa & Things to Do in Odessa, 4.0, 46.488277, 30.72619, 382121669, 20160601, 20160601, 1.0, Сергей С, https://www.tripadvisor.com/Profile/_H9885KY, 0950252755063ee61609120d8b475e1c, Excellent : 56 & Very Good : 26 & Average : 13 & Poor : 6 & Terrible : 10, /Attraction_Review-g295368-d4999893-Reviews-Museum_of_Smuggling-Odessa_Odessa_Oblast.html
