review_location_name, review_current_page, review_last_page, review_location_type, review_location_breadcrumbs, review_location_rate, location_lat, location_lng, review_id, review_date, review_experience_date, review_rate, user_name, user_link, user_id, parent_url
City Garden, 29, 42, Parks & Parks, Europe & Ukraine & Odessa Oblast & Odessa & Things to Do in Odessa, 4.5, 46.48411, 30.73881, 307243906, 20150901, 20150701, 5.0, Richard W, /Profile/richardw339, 06750ed61ef28cd9ff4285133e59529b, /Attraction_Review-g295368-d554490-Reviews-City_Garden-Odessa_Odessa_Oblast.html
City Garden, 29, 42, Parks & Parks, Europe & Ukraine & Odessa Oblast & Odessa & Things to Do in Odessa, 4.5, 46.48411, 30.73881, 306434572, 20150901, 20150701, 5.0, platypustheking, /Profile/platypustheking, 029a56f2d169c28b506cfd08949e1a8b, /Attraction_Review-g295368-d554490-Reviews-City_Garden-Odessa_Odessa_Oblast.html
City Garden, 29, 42, Parks & Parks, Europe & Ukraine & Odessa Oblast & Odessa & Things to Do in Odessa, 4.5, 46.48411, 30.73881, 305899711, 20150901, 20150601, 5.0, Olya Ege, /Profile/olya_ege, 14861ff88f2bc3ab0705fa50185968be, /Attraction_Review-g295368-d554490-Reviews-City_Garden-Odessa_Odessa_Oblast.html
City Garden, 29, 42, Parks & Parks, Europe & Ukraine & Odessa Oblast & Odessa & Things to Do in Odessa, 4.5, 46.48411, 30.73881, 301809233, 20150801, 20150801, 5.0, ShaneWylie, /Profile/ShaneWylie, 905570bf9b759e8b542b069443602845, /Attraction_Review-g295368-d554490-Reviews-City_Garden-Odessa_Odessa_Oblast.html
City Garden, 29, 42, Parks & Parks, Europe & Ukraine & Odessa Oblast & Odessa & Things to Do in Odessa, 4.5, 46.48411, 30.73881, 299595817, 20150801, 20150701, 4.0, AndyBSin, /Profile/AndyBSin, 8a4976d2cb9c3c2761c20411615fdba3, /Attraction_Review-g295368-d554490-Reviews-City_Garden-Odessa_Odessa_Oblast.html
