review_location_name, review_current_page, review_last_page, review_location_type, review_location_breadcrumbs, review_location_rate, location_lat, location_lng, review_id, review_date, review_experience_date, review_rate, user_name, user_link, user_id, extra, parent_url
Privoz Market, 24, 35, Flea & Street Markets, Europe & Ukraine & Odessa Oblast & Odessa & Things to Do in Odessa, 4.0, 46.488277, 30.72619, 332372033, 20151201, 20150601, 5.0, Kateryna S, https://www.tripadvisor.com/Profile/odessakala, 942bdac3cff94268e3079372f0f227c2, Excellent : 75 & Very Good : 44 & Average : 30 & Poor : 10 & Terrible : 15, /Attraction_Review-g295368-d554865-Reviews-Privoz_Market-Odessa_Odessa_Oblast.html
Privoz Market, 24, 35, Flea & Street Markets, Europe & Ukraine & Odessa Oblast & Odessa & Things to Do in Odessa, 4.0, 46.488277, 30.72619, 330884425, 20151201, 20150701, 5.0, Lena P, https://www.tripadvisor.com/Profile/LenaP891, 934c8d92dc4487799130240f55904b66, Excellent : 75 & Very Good : 44 & Average : 30 & Poor : 10 & Terrible : 15, /Attraction_Review-g295368-d554865-Reviews-Privoz_Market-Odessa_Odessa_Oblast.html
Privoz Market, 24, 35, Flea & Street Markets, Europe & Ukraine & Odessa Oblast & Odessa & Things to Do in Odessa, 4.0, 46.488277, 30.72619, 328025805, 20151101, 20150801, 4.0, Алла Б, https://www.tripadvisor.com/Profile/_G5659VY, b169c7d792ee5237d0d63b8174a78ed1, Excellent : 75 & Very Good : 44 & Average : 30 & Poor : 10 & Terrible : 15, /Attraction_Review-g295368-d554865-Reviews-Privoz_Market-Odessa_Odessa_Oblast.html
Privoz Market, 24, 35, Flea & Street Markets, Europe & Ukraine & Odessa Oblast & Odessa & Things to Do in Odessa, 4.0, 46.488277, 30.72619, 313617802, 20150901, 20150601, 5.0, Валентинка С, https://www.tripadvisor.com/Profile/Daydream495572, ca4076bdecdd1033e635b2b4ac6efab2, Excellent : 75 & Very Good : 44 & Average : 30 & Poor : 10 & Terrible : 15, /Attraction_Review-g295368-d554865-Reviews-Privoz_Market-Odessa_Odessa_Oblast.html
Privoz Market, 24, 35, Flea & Street Markets, Europe & Ukraine & Odessa Oblast & Odessa & Things to Do in Odessa, 4.0, 46.488277, 30.72619, 310453602, 20150901, 20150801, 3.0, Инна Т, https://www.tripadvisor.com/Profile/Z9147CM_, 01099ca5075491edb8d68bd962e32af5, Excellent : 75 & Very Good : 44 & Average : 30 & Poor : 10 & Terrible : 15, /Attraction_Review-g295368-d554865-Reviews-Privoz_Market-Odessa_Odessa_Oblast.html
