review_location_name, review_current_page, review_last_page, review_location_type, review_location_breadcrumbs, review_location_rate, location_lat, location_lng, review_id, review_date, review_experience_date, review_rate, user_name, user_link, user_id, extra, parent_url
Luzanovka, 1, 3, Beaches, Europe & Ukraine & Odessa Oblast & Odessa & Things to Do in Odessa, 3.0, 46.488277, 30.72619, 763646071, 20200801, 20200801, 4.0, Светлана, https://www.tripadvisor.com/Profile/_Q6773SV, 89ad8dbb8719c49fbf7f48acc1af7340, Excellent : 2 & Very Good : 2 & Average : 7 & Poor : 1 & Terrible : 2, /Attraction_Review-g295368-d8044486-Reviews-Luzanovka-Odessa_Odessa_Oblast.html
Luzanovka, 1, 3, Beaches, Europe & Ukraine & Odessa Oblast & Odessa & Things to Do in Odessa, 3.0, 46.488277, 30.72619, 692561396, 20190701, 20190701, 3.0, Sergey K, https://www.tripadvisor.com/Profile/U9684OTsergeyk, 644190c02d4c96dc43ed216a0554fc02, Excellent : 2 & Very Good : 2 & Average : 7 & Poor : 1 & Terrible : 2, /Attraction_Review-g295368-d8044486-Reviews-Luzanovka-Odessa_Odessa_Oblast.html
Luzanovka, 1, 3, Beaches, Europe & Ukraine & Odessa Oblast & Odessa & Things to Do in Odessa, 3.0, 46.488277, 30.72619, 671302958, 20190501, 20180801, 2.0, karina754@i.ua, https://www.tripadvisor.com/Profile/karinka475, 0045ca6223c9ac6b7d1879ab69552cb7, Excellent : 2 & Very Good : 2 & Average : 7 & Poor : 1 & Terrible : 2, /Attraction_Review-g295368-d8044486-Reviews-Luzanovka-Odessa_Odessa_Oblast.html
Luzanovka, 1, 3, Beaches, Europe & Ukraine & Odessa Oblast & Odessa & Things to Do in Odessa, 3.0, 46.488277, 30.72619, 612990302, 20180901, 20180501, 4.0, Victoriya, https://www.tripadvisor.com/Profile/T3596WT_, 11826c02607f3118508b1b8bd54fb6dc, Excellent : 2 & Very Good : 2 & Average : 7 & Poor : 1 & Terrible : 2, /Attraction_Review-g295368-d8044486-Reviews-Luzanovka-Odessa_Odessa_Oblast.html
Luzanovka, 1, 3, Beaches, Europe & Ukraine & Odessa Oblast & Odessa & Things to Do in Odessa, 3.0, 46.488277, 30.72619, 592583245, 20180701, 20170801, 3.0, Людмила Ш, https://www.tripadvisor.com/Profile/lyudmilas293, d12a182ca2b34ac24a32984af9edfbb1, Excellent : 2 & Very Good : 2 & Average : 7 & Poor : 1 & Terrible : 2, /Attraction_Review-g295368-d8044486-Reviews-Luzanovka-Odessa_Odessa_Oblast.html
