review_location_name, review_current_page, review_last_page, review_location_type, review_location_breadcrumbs, review_location_rate, location_lat, location_lng, review_id, review_date, review_experience_date, review_rate, user_name, user_link, user_id, extra, parent_url
City Garden, 73, 104, Parks, Europe & Ukraine & Odessa Oblast & Odessa & Things to Do in Odessa, 4.5, 46.488277, 30.72619, 306434572, 20150901, 20150701, 5.0, platypustheking, https://www.tripadvisor.com/Profile/platypustheking, f0208776ae29816e5ff14da598b2d2c6, Excellent : 336 & Very Good : 137 & Average : 38 & Poor : 5 & Terrible : 2, /Attraction_Review-g295368-d554490-Reviews-City_Garden-Odessa_Odessa_Oblast.html
City Garden, 73, 104, Parks, Europe & Ukraine & Odessa Oblast & Odessa & Things to Do in Odessa, 4.5, 46.488277, 30.72619, 305899711, 20150901, 20150601, 5.0, Olya Ege, https://www.tripadvisor.com/Profile/olya_ege, 40c7ccf90d9452f52412073799e63ade, Excellent : 336 & Very Good : 137 & Average : 38 & Poor : 5 & Terrible : 2, /Attraction_Review-g295368-d554490-Reviews-City_Garden-Odessa_Odessa_Oblast.html
City Garden, 73, 104, Parks, Europe & Ukraine & Odessa Oblast & Odessa & Things to Do in Odessa, 4.5, 46.488277, 30.72619, 305080723, 20150801, 20150801, 5.0, Valery K, https://www.tripadvisor.com/Profile/164valeryk, fa1bd4f5ffc5e5e2e01d3c172e60a423, Excellent : 336 & Very Good : 137 & Average : 38 & Poor : 5 & Terrible : 2, /Attraction_Review-g295368-d554490-Reviews-City_Garden-Odessa_Odessa_Oblast.html
City Garden, 73, 104, Parks, Europe & Ukraine & Odessa Oblast & Odessa & Things to Do in Odessa, 4.5, 46.488277, 30.72619, 304779739, 20150801, 20150801, 5.0, Masha P, https://www.tripadvisor.com/Profile/518mashap, 79bf13ead570b8d56da59d2d75017e15, Excellent : 336 & Very Good : 137 & Average : 38 & Poor : 5 & Terrible : 2, /Attraction_Review-g295368-d554490-Reviews-City_Garden-Odessa_Odessa_Oblast.html
City Garden, 73, 104, Parks, Europe & Ukraine & Odessa Oblast & Odessa & Things to Do in Odessa, 4.5, 46.488277, 30.72619, 302935490, 20150801, 20150801, 4.0, Олег М, https://www.tripadvisor.com/Profile/_U3827ET, 29313a8ac2b3e7c1050548ca8d7758ee, Excellent : 336 & Very Good : 137 & Average : 38 & Poor : 5 & Terrible : 2, /Attraction_Review-g295368-d554490-Reviews-City_Garden-Odessa_Odessa_Oblast.html
