review_location_name, review_current_page, review_last_page, review_location_type, review_location_breadcrumbs, review_location_rate, location_lat, location_lng, review_id, review_date, review_experience_date, review_rate, user_name, user_link, user_id, extra, parent_url
Zatoka Aquapark, 4, 6, Water Parks, Europe & Ukraine & Odessa Oblast & Zatoka & Things to Do in Zatoka, 3.5, 46.06525, 30.45456, 613105810, 20180901, 20180901, 3.0, shok_ss, https://www.tripadvisor.com/Profile/shok_ss, b4a7cc1787a4203a5c98acd0611cb44b, Excellent : 11 & Very Good : 4 & Average : 6 & Poor : 2 & Terrible : 5, /Attraction_Review-g1816346-d13582178-Reviews-Zatoka_Aquapark-Zatoka_Odessa_Oblast.html
Zatoka Aquapark, 4, 6, Water Parks, Europe & Ukraine & Odessa Oblast & Zatoka & Things to Do in Zatoka, 3.5, 46.06525, 30.45456, 611843342, 20180801, 20180801, 3.0, jenyk37, https://www.tripadvisor.com/Profile/jenyk37, a036352dce00fcea8ad05e0296642bdd, Excellent : 11 & Very Good : 4 & Average : 6 & Poor : 2 & Terrible : 5, /Attraction_Review-g1816346-d13582178-Reviews-Zatoka_Aquapark-Zatoka_Odessa_Oblast.html
Zatoka Aquapark, 4, 6, Water Parks, Europe & Ukraine & Odessa Oblast & Zatoka & Things to Do in Zatoka, 3.5, 46.06525, 30.45456, 609903185, 20180801, 20180801, 4.0, Alina V, https://www.tripadvisor.com/Profile/673alinav, 20db0453626f9a07f9d0eb626be6f158, Excellent : 11 & Very Good : 4 & Average : 6 & Poor : 2 & Terrible : 5, /Attraction_Review-g1816346-d13582178-Reviews-Zatoka_Aquapark-Zatoka_Odessa_Oblast.html
Zatoka Aquapark, 4, 6, Water Parks, Europe & Ukraine & Odessa Oblast & Zatoka & Things to Do in Zatoka, 3.5, 46.06525, 30.45456, 605990411, 20180801, 20180701, 5.0, FazilAskerov, https://www.tripadvisor.com/Profile/FazilAskerov, 2486f1459e0c980c88f7385cae3c3b94, Excellent : 11 & Very Good : 4 & Average : 6 & Poor : 2 & Terrible : 5, /Attraction_Review-g1816346-d13582178-Reviews-Zatoka_Aquapark-Zatoka_Odessa_Oblast.html
Zatoka Aquapark, 4, 6, Water Parks, Europe & Ukraine & Odessa Oblast & Zatoka & Things to Do in Zatoka, 3.5, 46.06525, 30.45456, 605523203, 20180801, 20180801, 5.0, елена б, https://www.tripadvisor.com/Profile/_A4994RG, de1d7c3446cd25215344fa151ab77855, Excellent : 11 & Very Good : 4 & Average : 6 & Poor : 2 & Terrible : 5, /Attraction_Review-g1816346-d13582178-Reviews-Zatoka_Aquapark-Zatoka_Odessa_Oblast.html
