review_location_name, review_current_page, review_last_page, review_location_type, review_location_breadcrumbs, review_location_rate, location_lat, location_lng, review_id, review_date, review_experience_date, review_rate, user_name, user_link, user_id, parent_url
City Garden, 23, 42, Parks & Parks, Europe & Ukraine & Odessa Oblast & Odessa & Things to Do in Odessa, 4.5, 46.48411, 30.73881, 376572820, 20160501, 20160501, 5.0, bruddle, /Profile/bruddle, ed8fd749774f731919aa5d945e35d920, /Attraction_Review-g295368-d554490-Reviews-City_Garden-Odessa_Odessa_Oblast.html
City Garden, 23, 42, Parks & Parks, Europe & Ukraine & Odessa Oblast & Odessa & Things to Do in Odessa, 4.5, 46.48411, 30.73881, 375524998, 20160501, 20160301, 5.0, Hayley970, /Profile/Hayley970, 0a4b282429aee4558361a21a3ddaa735, /Attraction_Review-g295368-d554490-Reviews-City_Garden-Odessa_Odessa_Oblast.html
City Garden, 23, 42, Parks & Parks, Europe & Ukraine & Odessa Oblast & Odessa & Things to Do in Odessa, 4.5, 46.48411, 30.73881, 366759996, 20160401, 20160401, 5.0, Pismojim, /Profile/Pismojim, 8e30d3dc203570b5ed17dcb0b5b43b61, /Attraction_Review-g295368-d554490-Reviews-City_Garden-Odessa_Odessa_Oblast.html
City Garden, 23, 42, Parks & Parks, Europe & Ukraine & Odessa Oblast & Odessa & Things to Do in Odessa, 4.5, 46.48411, 30.73881, 366516714, 20160401, 20160401, 4.0, Anastasia8307, /Profile/Anastasia8307, 0e44e5f63e2dd72dbd15e0a98a195667, /Attraction_Review-g295368-d554490-Reviews-City_Garden-Odessa_Odessa_Oblast.html
City Garden, 23, 42, Parks & Parks, Europe & Ukraine & Odessa Oblast & Odessa & Things to Do in Odessa, 4.5, 46.48411, 30.73881, 363062222, 20160401, 20160401, 5.0, Irina S, /Profile/irinas226, df4aac516e9d20fa93a73e2f0890de0f, /Attraction_Review-g295368-d554490-Reviews-City_Garden-Odessa_Odessa_Oblast.html
