review_location_name, review_current_page, review_last_page, review_location_type, review_location_breadcrumbs, review_location_rate, location_lat, location_lng, review_id, review_date, review_experience_date, review_rate, user_name, user_link, user_id, extra, parent_url
Path of Health, 2, 5, Points of Interest & Landmarks & Jogging Paths & Tracks, Europe & Ukraine & Odessa Oblast & Odessa & Things to Do in Odessa, 4.5, 46.488277, 30.72619, 673505802, 20190501, 20190501, 5.0, Yali L, https://www.tripadvisor.com/Profile/97yalil, 2fd0f029d6e8375a9925717d492fd2cb, Excellent : 14 & Very Good : 7 & Average : 0 & Poor : 0 & Terrible : 0, /Attraction_Review-g295368-d10629686-Reviews-Path_of_Health-Odessa_Odessa_Oblast.html
Path of Health, 2, 5, Points of Interest & Landmarks & Jogging Paths & Tracks, Europe & Ukraine & Odessa Oblast & Odessa & Things to Do in Odessa, 4.5, 46.488277, 30.72619, 659089556, 20190301, 20181001, 5.0, Юлия Ш, https://www.tripadvisor.com/Profile/P4713RX_, a541a86af71e267d03436ac5789eb6b6, Excellent : 14 & Very Good : 7 & Average : 0 & Poor : 0 & Terrible : 0, /Attraction_Review-g295368-d10629686-Reviews-Path_of_Health-Odessa_Odessa_Oblast.html
Path of Health, 2, 5, Points of Interest & Landmarks & Jogging Paths & Tracks, Europe & Ukraine & Odessa Oblast & Odessa & Things to Do in Odessa, 4.5, 46.488277, 30.72619, 651262425, 20190201, 20180501, 5.0, Алёна В, https://www.tripadvisor.com/Profile/G7655CY_, 86c7153b6a4734bffcaa7530e990ac8b, Excellent : 14 & Very Good : 7 & Average : 0 & Poor : 0 & Terrible : 0, /Attraction_Review-g295368-d10629686-Reviews-Path_of_Health-Odessa_Odessa_Oblast.html
Path of Health, 2, 5, Points of Interest & Landmarks & Jogging Paths & Tracks, Europe & Ukraine & Odessa Oblast & Odessa & Things to Do in Odessa, 4.5, 46.488277, 30.72619, 613332618, 20180901, 20180701, 4.0, Svetlana T, https://www.tripadvisor.com/Profile/397olesyar, 6ec3f3101febe546a5ef41a7743f3171, Excellent : 14 & Very Good : 7 & Average : 0 & Poor : 0 & Terrible : 0, /Attraction_Review-g295368-d10629686-Reviews-Path_of_Health-Odessa_Odessa_Oblast.html
Path of Health, 2, 5, Points of Interest & Landmarks & Jogging Paths & Tracks, Europe & Ukraine & Odessa Oblast & Odessa & Things to Do in Odessa, 4.5, 46.488277, 30.72619, 605853741, 20180801, 20180601, 5.0, MWW2404, https://www.tripadvisor.com/Profile/MWW2404, e22bf359ad2fc55673669aa9a60f9067, Excellent : 14 & Very Good : 7 & Average : 0 & Poor : 0 & Terrible : 0, /Attraction_Review-g295368-d10629686-Reviews-Path_of_Health-Odessa_Odessa_Oblast.html
