review_location_name, review_current_page, review_last_page, review_location_type, review_location_breadcrumbs, review_location_rate, location_lat, location_lng, review_id, review_date, review_experience_date, review_rate, user_name, user_link, user_id, extra, parent_url
Alexandr Barracks, None, None, Points of Interest & Landmarks, Europe & Ukraine & Odessa Oblast & Bilhorod-Dnistrovskyi & Things to Do in Bilhorod-Dnistrovskyi, 2.5, 46.19399, 30.34747, 694713799, 20190801, 20190801, 2.0, buxino, https://www.tripadvisor.com/Profile/buxino, a8eb1ac94f9327a239a8023ad8a34bfb, Excellent : 0 & Very Good : 2 & Average : 0 & Poor : 2 & Terrible : 1, /Attraction_Review-g1816345-d5772376-Reviews-Alexandr_Barracks-Bilhorod_Dnistrovskyi_Odessa_Oblast.html
Alexandr Barracks, None, None, Points of Interest & Landmarks, Europe & Ukraine & Odessa Oblast & Bilhorod-Dnistrovskyi & Things to Do in Bilhorod-Dnistrovskyi, 2.5, 46.19399, 30.34747, 426962995, 20161001, 20160701, 2.0, Валерий Н, https://www.tripadvisor.com/Profile/_L1700PM, 4ac4530286ddf0b2bcf62812bb004461, Excellent : 0 & Very Good : 2 & Average : 0 & Poor : 2 & Terrible : 1, /Attraction_Review-g1816345-d5772376-Reviews-Alexandr_Barracks-Bilhorod_Dnistrovskyi_Odessa_Oblast.html
Alexandr Barracks, None, None, Points of Interest & Landmarks, Europe & Ukraine & Odessa Oblast & Bilhorod-Dnistrovskyi & Things to Do in Bilhorod-Dnistrovskyi, 2.5, 46.19399, 30.34747, 373665992, 20160501, 20150901, 4.0, Mgzavri, https://www.tripadvisor.com/Profile/Mgzavri, ea028cfc3b4d6eb5d4cd0eb5b1efc1f8, Excellent : 0 & Very Good : 2 & Average : 0 & Poor : 2 & Terrible : 1, /Attraction_Review-g1816345-d5772376-Reviews-Alexandr_Barracks-Bilhorod_Dnistrovskyi_Odessa_Oblast.html
Alexandr Barracks, None, None, Points of Interest & Landmarks, Europe & Ukraine & Odessa Oblast & Bilhorod-Dnistrovskyi & Things to Do in Bilhorod-Dnistrovskyi, 2.5, 46.19399, 30.34747, 190934568, 20140101, 20140101, 1.0, olgagrigorian, https://www.tripadvisor.com/Profile/olgagrigorian, a7f48bc1ecd2cd43f7e46aa9b8fd9308, Excellent : 0 & Very Good : 2 & Average : 0 & Poor : 2 & Terrible : 1, /Attraction_Review-g1816345-d5772376-Reviews-Alexandr_Barracks-Bilhorod_Dnistrovskyi_Odessa_Oblast.html
Alexandr Barracks, None, None, Points of Interest & Landmarks, Europe & Ukraine & Odessa Oblast & Bilhorod-Dnistrovskyi & Things to Do in Bilhorod-Dnistrovskyi, 2.5, 46.19399, 30.34747, 190626852, 20140101, 20130601, 4.0, Cora_v, https://www.tripadvisor.com/Profile/Cora_v, 093e549bff905dbf14f45eed051e9e93, Excellent : 0 & Very Good : 2 & Average : 0 & Poor : 2 & Terrible : 1, /Attraction_Review-g1816345-d5772376-Reviews-Alexandr_Barracks-Bilhorod_Dnistrovskyi_Odessa_Oblast.html
