review_location_name, review_current_page, review_last_page, review_location_type, review_location_breadcrumbs, review_location_rate, location_lat, location_lng, review_id, review_date, review_experience_date, review_rate, user_name, user_link, user_id, parent_url
Spaso-Preobrazhenskiy Cathedral, 3, 5, Churches & Cathedrals & Churches & Cathedrals, Europe & Ukraine & Odessa Oblast & Odessa & Things to Do in Odessa, 4.5, 46.48324, 30.730995, 579580113, 20180501, 20180501, 5.0, Terrance M, /Profile/termar, 0b409b109e6ffcd777941a8ce90a7090, /Attraction_Review-g295368-d6493585-Reviews-Spaso_Preobrazhenskiy_Cathedral-Odessa_Odessa_Oblast.html
Spaso-Preobrazhenskiy Cathedral, 3, 5, Churches & Cathedrals & Churches & Cathedrals, Europe & Ukraine & Odessa Oblast & Odessa & Things to Do in Odessa, 4.5, 46.48324, 30.730995, 526316798, 20170901, 20170501, 4.0, Judgerld, /Profile/Judgerld, cdeec52e0b5577debcb6fca7319b1e5e, /Attraction_Review-g295368-d6493585-Reviews-Spaso_Preobrazhenskiy_Cathedral-Odessa_Odessa_Oblast.html
Spaso-Preobrazhenskiy Cathedral, 3, 5, Churches & Cathedrals & Churches & Cathedrals, Europe & Ukraine & Odessa Oblast & Odessa & Things to Do in Odessa, 4.5, 46.48324, 30.730995, 493945760, 20170601, 20170501, 3.0, saronic, /Profile/saronic, f3ae90fabd34d26e54189d10f1aa29a6, /Attraction_Review-g295368-d6493585-Reviews-Spaso_Preobrazhenskiy_Cathedral-Odessa_Odessa_Oblast.html
Spaso-Preobrazhenskiy Cathedral, 3, 5, Churches & Cathedrals & Churches & Cathedrals, Europe & Ukraine & Odessa Oblast & Odessa & Things to Do in Odessa, 4.5, 46.48324, 30.730995, 493319475, 20170601, 20170601, 4.0, kattullus, /Profile/kattullus, a962ffbb9f18f716421c0bf34ec46b4c, /Attraction_Review-g295368-d6493585-Reviews-Spaso_Preobrazhenskiy_Cathedral-Odessa_Odessa_Oblast.html
Spaso-Preobrazhenskiy Cathedral, 3, 5, Churches & Cathedrals & Churches & Cathedrals, Europe & Ukraine & Odessa Oblast & Odessa & Things to Do in Odessa, 4.5, 46.48324, 30.730995, 456909332, 20170201, 20160301, 4.0, sofytea, /Profile/sofytea, 075ea3f4d413c8a55d0755f6fa1f2d14, /Attraction_Review-g295368-d6493585-Reviews-Spaso_Preobrazhenskiy_Cathedral-Odessa_Odessa_Oblast.html
