review_location_name, review_current_page, review_last_page, review_location_type, review_location_breadcrumbs, review_location_rate, location_lat, location_lng, review_id, review_date, review_experience_date, review_rate, user_name, user_link, user_id, extra, parent_url
Ugolok Staroy Odessy/ Old Odessa Corner, 2, 18, Points of Interest & Landmarks, Europe & Ukraine & Odessa Oblast & Odessa & Things to Do in Odessa, 4.5, 46.488277, 30.72619, 722896045, 20191001, 20191001, 5.0, traveller814, https://www.tripadvisor.com/Profile/traveller814, e9d24ac29b7901e8a4fdef06e01faab6, Excellent : 55 & Very Good : 22 & Average : 9 & Poor : 1 & Terrible : 0, /Attraction_Review-g295368-d5259345-Reviews-Ugolok_Staroy_Odessy_Old_Odessa_Corner-Odessa_Odessa_Oblast.html
Ugolok Staroy Odessy/ Old Odessa Corner, 2, 18, Points of Interest & Landmarks, Europe & Ukraine & Odessa Oblast & Odessa & Things to Do in Odessa, 4.5, 46.488277, 30.72619, 707750718, 20190901, 20190801, 4.0, Arkadiusz S, https://www.tripadvisor.com/Profile/513arkadiuszs, 3e243de5aa2d41e3489ee45f63721c86, Excellent : 55 & Very Good : 22 & Average : 9 & Poor : 1 & Terrible : 0, /Attraction_Review-g295368-d5259345-Reviews-Ugolok_Staroy_Odessy_Old_Odessa_Corner-Odessa_Odessa_Oblast.html
Ugolok Staroy Odessy/ Old Odessa Corner, 2, 18, Points of Interest & Landmarks, Europe & Ukraine & Odessa Oblast & Odessa & Things to Do in Odessa, 4.5, 46.488277, 30.72619, 696178176, 20190801, 20190601, 5.0, Natalya K, https://www.tripadvisor.com/Profile/522natalyak, 33bdd220dee3677d32571e77177aca6c, Excellent : 55 & Very Good : 22 & Average : 9 & Poor : 1 & Terrible : 0, /Attraction_Review-g295368-d5259345-Reviews-Ugolok_Staroy_Odessy_Old_Odessa_Corner-Odessa_Odessa_Oblast.html
Ugolok Staroy Odessy/ Old Odessa Corner, 2, 18, Points of Interest & Landmarks, Europe & Ukraine & Odessa Oblast & Odessa & Things to Do in Odessa, 4.5, 46.488277, 30.72619, 676813959, 20190501, 20190501, 5.0, Aleks_53, https://www.tripadvisor.com/Profile/Aleks_53, 57cd577aad83bf6830b3ced29e36bf55, Excellent : 55 & Very Good : 22 & Average : 9 & Poor : 1 & Terrible : 0, /Attraction_Review-g295368-d5259345-Reviews-Ugolok_Staroy_Odessy_Old_Odessa_Corner-Odessa_Odessa_Oblast.html
Ugolok Staroy Odessy/ Old Odessa Corner, 2, 18, Points of Interest & Landmarks, Europe & Ukraine & Odessa Oblast & Odessa & Things to Do in Odessa, 4.5, 46.488277, 30.72619, 673149856, 20190501, 20190501, 5.0, Yali L, https://www.tripadvisor.com/Profile/97yalil, 2fd0f029d6e8375a9925717d492fd2cb, Excellent : 55 & Very Good : 22 & Average : 9 & Poor : 1 & Terrible : 0, /Attraction_Review-g295368-d5259345-Reviews-Ugolok_Staroy_Odessy_Old_Odessa_Corner-Odessa_Odessa_Oblast.html
