review_location_name, review_current_page, review_last_page, review_location_type, review_location_breadcrumbs, review_location_rate, location_lat, location_lng, review_id, review_date, review_experience_date, review_rate, user_name, user_link, user_id, extra, parent_url
Catacombs of Odessa, 29, 39, Specialty Museums & Caverns & Caves & Mines, Europe & Ukraine & Odessa Oblast & Nerubayskoye & Things to Do in Nerubayskoye, 4.5, 46.53941, 30.62703, 180405379, 20131001, 20131001, 4.0, jon_alfa, https://www.tripadvisor.com/Profile/jon_alfa, eca3b3287f8ffa43c18f1ad5119e54ce, Excellent : 137 & Very Good : 40 & Average : 13 & Poor : 4 & Terrible : 1, /Attraction_Review-g6973110-d554493-Reviews-Catacombs_of_Odessa-Nerubayskoye_Odessa_Oblast.html
Catacombs of Odessa, 29, 39, Specialty Museums & Caverns & Caves & Mines, Europe & Ukraine & Odessa Oblast & Nerubayskoye & Things to Do in Nerubayskoye, 4.5, 46.53941, 30.62703, 180278877, 20131001, 20130901, 4.0, ladyslippers, https://www.tripadvisor.com/Profile/ladyslippers, 1659f93417ab55ed78baad02029cc37c, Excellent : 137 & Very Good : 40 & Average : 13 & Poor : 4 & Terrible : 1, /Attraction_Review-g6973110-d554493-Reviews-Catacombs_of_Odessa-Nerubayskoye_Odessa_Oblast.html
Catacombs of Odessa, 29, 39, Specialty Museums & Caverns & Caves & Mines, Europe & Ukraine & Odessa Oblast & Nerubayskoye & Things to Do in Nerubayskoye, 4.5, 46.53941, 30.62703, 180010242, 20131001, 20131001, 5.0, Sergey S, https://www.tripadvisor.com/Profile/336sergeys, cf88684708eb780329db322840d689c0, Excellent : 137 & Very Good : 40 & Average : 13 & Poor : 4 & Terrible : 1, /Attraction_Review-g6973110-d554493-Reviews-Catacombs_of_Odessa-Nerubayskoye_Odessa_Oblast.html
Catacombs of Odessa, 29, 39, Specialty Museums & Caverns & Caves & Mines, Europe & Ukraine & Odessa Oblast & Nerubayskoye & Things to Do in Nerubayskoye, 4.5, 46.53941, 30.62703, 179532351, 20131001, 20130701, 5.0, CaliforniatravelerSD, https://www.tripadvisor.com/Profile/CaliforniatravelerSD, 05e1b9f89b600e533dcdef1e519beefd, Excellent : 137 & Very Good : 40 & Average : 13 & Poor : 4 & Terrible : 1, /Attraction_Review-g6973110-d554493-Reviews-Catacombs_of_Odessa-Nerubayskoye_Odessa_Oblast.html
Catacombs of Odessa, 29, 39, Specialty Museums & Caverns & Caves & Mines, Europe & Ukraine & Odessa Oblast & Nerubayskoye & Things to Do in Nerubayskoye, 4.5, 46.53941, 30.62703, 178910347, 20130901, 20130901, 5.0, Kirill M, https://www.tripadvisor.com/Profile/morev60, d3471b236c6c0ca6fbcafdf320c6fe2a, Excellent : 137 & Very Good : 40 & Average : 13 & Poor : 4 & Terrible : 1, /Attraction_Review-g6973110-d554493-Reviews-Catacombs_of_Odessa-Nerubayskoye_Odessa_Oblast.html
