review_location_name, review_current_page, review_last_page, review_location_type, review_location_breadcrumbs, review_location_rate, location_lat, location_lng, review_id, review_date, review_experience_date, review_rate, user_name, user_link, user_id, extra, parent_url
Odessa Academic Ukrainian Musical and Drama Theater, 1, 8, Theaters, Europe & Ukraine & Odessa Oblast & Odessa & Things to Do in Odessa, 4.5, 46.488277, 30.72619, 691725631, 20190701, 20181101, 5.0, Ирина, https://www.tripadvisor.com/Profile/sVapnyarki, d44daa272d0ebb6fd5924dd41d03d0ef, Excellent : 22 & Very Good : 9 & Average : 5 & Poor : 2 & Terrible : 1, /Attraction_Review-g295368-d6502509-Reviews-Odessa_Academic_Ukrainian_Musical_and_Drama_Theater-Odessa_Odessa_Oblast.html
Odessa Academic Ukrainian Musical and Drama Theater, 1, 8, Theaters, Europe & Ukraine & Odessa Oblast & Odessa & Things to Do in Odessa, 4.5, 46.488277, 30.72619, 681733363, 20190601, 20190301, 5.0, Светлана Прокопенко, https://www.tripadvisor.com/Profile/Svetock, f0866454928e1889e853b664e35185a2, Excellent : 22 & Very Good : 9 & Average : 5 & Poor : 2 & Terrible : 1, /Attraction_Review-g295368-d6502509-Reviews-Odessa_Academic_Ukrainian_Musical_and_Drama_Theater-Odessa_Odessa_Oblast.html
Odessa Academic Ukrainian Musical and Drama Theater, 1, 8, Theaters, Europe & Ukraine & Odessa Oblast & Odessa & Things to Do in Odessa, 4.5, 46.488277, 30.72619, 673885745, 20190501, 20190501, 3.0, Колян С, https://www.tripadvisor.com/Profile/_D293TC, 37ec6dc80364ed05cf4920067f573529, Excellent : 22 & Very Good : 9 & Average : 5 & Poor : 2 & Terrible : 1, /Attraction_Review-g295368-d6502509-Reviews-Odessa_Academic_Ukrainian_Musical_and_Drama_Theater-Odessa_Odessa_Oblast.html
Odessa Academic Ukrainian Musical and Drama Theater, 1, 8, Theaters, Europe & Ukraine & Odessa Oblast & Odessa & Things to Do in Odessa, 4.5, 46.488277, 30.72619, 660195032, 20190301, 20190301, 2.0, Ася, https://www.tripadvisor.com/Profile/sova27, 34a9b4f20048158720d4dc37e3e3f5fe, Excellent : 22 & Very Good : 9 & Average : 5 & Poor : 2 & Terrible : 1, /Attraction_Review-g295368-d6502509-Reviews-Odessa_Academic_Ukrainian_Musical_and_Drama_Theater-Odessa_Odessa_Oblast.html
Odessa Academic Ukrainian Musical and Drama Theater, 1, 8, Theaters, Europe & Ukraine & Odessa Oblast & Odessa & Things to Do in Odessa, 4.5, 46.488277, 30.72619, 650857204, 20190201, 20190201, 1.0, nata, https://www.tripadvisor.com/Profile/natanatanatanatanata, 77716dc829d49cb75059d63c0fb05a19, Excellent : 22 & Very Good : 9 & Average : 5 & Poor : 2 & Terrible : 1, /Attraction_Review-g295368-d6502509-Reviews-Odessa_Academic_Ukrainian_Musical_and_Drama_Theater-Odessa_Odessa_Oblast.html
