review_location_name, review_current_page, review_last_page, review_location_type, review_location_breadcrumbs, review_location_rate, location_lat, location_lng, review_id, review_date, review_experience_date, review_rate, user_name, user_link, user_id, extra, parent_url
Arcadia Beach, 30, 29, Beaches, Europe & Ukraine & Odessa Oblast & Odessa & Things to Do in Odessa, 4.0, 46.488277, 30.72619, 189675828, 20140101, 20130901, 5.0, igor S, https://www.tripadvisor.com/Profile/igors34, b0d525509ff83597fb6583f2df2b737f, Excellent : 58 & Very Good : 37 & Average : 32 & Poor : 15 & Terrible : 8, /Attraction_Review-g295368-d4547953-Reviews-Arcadia_Beach-Odessa_Odessa_Oblast.html
Arcadia Beach, 30, 29, Beaches, Europe & Ukraine & Odessa Oblast & Odessa & Things to Do in Odessa, 4.0, 46.488277, 30.72619, 188696315, 20131201, 20130401, 3.0, 777Ge0rge777, https://www.tripadvisor.com/Profile/777Ge0rge777, 7d3ce1a11f5c2814e4fa5a00d4764f9a, Excellent : 58 & Very Good : 37 & Average : 32 & Poor : 15 & Terrible : 8, /Attraction_Review-g295368-d4547953-Reviews-Arcadia_Beach-Odessa_Odessa_Oblast.html
Arcadia Beach, 30, 29, Beaches, Europe & Ukraine & Odessa Oblast & Odessa & Things to Do in Odessa, 4.0, 46.488277, 30.72619, 185714578, 20131101, 20130501, 4.0, Andrey K, https://www.tripadvisor.com/Profile/andreyk37, c22ed32a1619224f91248c7abfbbbf09, Excellent : 58 & Very Good : 37 & Average : 32 & Poor : 15 & Terrible : 8, /Attraction_Review-g295368-d4547953-Reviews-Arcadia_Beach-Odessa_Odessa_Oblast.html
Arcadia Beach, 30, 29, Beaches, Europe & Ukraine & Odessa Oblast & Odessa & Things to Do in Odessa, 4.0, 46.488277, 30.72619, 171152892, 20130801, 20130801, 3.0, andrewshka1121, https://www.tripadvisor.com/Profile/andrewshka1121, 560b6c7ac44c3228f0de21932e816306, Excellent : 58 & Very Good : 37 & Average : 32 & Poor : 15 & Terrible : 8, /Attraction_Review-g295368-d4547953-Reviews-Arcadia_Beach-Odessa_Odessa_Oblast.html
Arcadia Beach, 30, 29, Beaches, Europe & Ukraine & Odessa Oblast & Odessa & Things to Do in Odessa, 4.0, 46.488277, 30.72619, 170852975, 20130801, 20130801, 4.0, Yuriy96564, https://www.tripadvisor.com/Profile/Yuriy96564, e0f8812c3a9c69428ebd01b90ac6a8bc, Excellent : 58 & Very Good : 37 & Average : 32 & Poor : 15 & Terrible : 8, /Attraction_Review-g295368-d4547953-Reviews-Arcadia_Beach-Odessa_Odessa_Oblast.html
