review_location_name, review_current_page, review_last_page, review_location_type, review_location_breadcrumbs, review_location_rate, location_lat, location_lng, review_id, review_date, review_experience_date, review_rate, user_name, user_link, user_id, extra, parent_url
Passage, 86, 93, Points of Interest & Landmarks, Europe & Ukraine & Odessa Oblast & Odessa & Things to Do in Odessa, 4.5, 46.488277, 30.72619, 192647261, 20140101, 20131101, 5.0, Kiseleva-Kiseleva, https://www.tripadvisor.com/Profile/Kiseleva-Kiseleva, 28bd7133c3928daf5898cc1dfb9d9ea2, Excellent : 253 & Very Good : 129 & Average : 63 & Poor : 14 & Terrible : 4, /Attraction_Review-g295368-d2083546-Reviews-Passage-Odessa_Odessa_Oblast.html
Passage, 86, 93, Points of Interest & Landmarks, Europe & Ukraine & Odessa Oblast & Odessa & Things to Do in Odessa, 4.5, 46.488277, 30.72619, 191579354, 20140101, 20140101, 5.0, daria_tm, https://www.tripadvisor.com/Profile/daria_tm, edbcbe21532fe90f5292c7fb16ff06f1, Excellent : 253 & Very Good : 129 & Average : 63 & Poor : 14 & Terrible : 4, /Attraction_Review-g295368-d2083546-Reviews-Passage-Odessa_Odessa_Oblast.html
Passage, 86, 93, Points of Interest & Landmarks, Europe & Ukraine & Odessa Oblast & Odessa & Things to Do in Odessa, 4.5, 46.488277, 30.72619, 190801779, 20140101, 20131201, 4.0, streltsova_olya, https://www.tripadvisor.com/Profile/streltsova_olya, 84c84332f014001301b475c1f09ff69a, Excellent : 253 & Very Good : 129 & Average : 63 & Poor : 14 & Terrible : 4, /Attraction_Review-g295368-d2083546-Reviews-Passage-Odessa_Odessa_Oblast.html
Passage, 86, 93, Points of Interest & Landmarks, Europe & Ukraine & Odessa Oblast & Odessa & Things to Do in Odessa, 4.5, 46.488277, 30.72619, 190523608, 20140101, 20131201, 5.0, Alex T, https://www.tripadvisor.com/Profile/AlexT995, d251143eeda84902cfd8a878a8aeedd6, Excellent : 253 & Very Good : 129 & Average : 63 & Poor : 14 & Terrible : 4, /Attraction_Review-g295368-d2083546-Reviews-Passage-Odessa_Odessa_Oblast.html
Passage, 86, 93, Points of Interest & Landmarks, Europe & Ukraine & Odessa Oblast & Odessa & Things to Do in Odessa, 4.5, 46.488277, 30.72619, 189842384, 20140101, 20130901, 5.0, Maxim S, https://www.tripadvisor.com/Profile/638maxims, 340971b240bf7f571733d73db0809266, Excellent : 253 & Very Good : 129 & Average : 63 & Poor : 14 & Terrible : 4, /Attraction_Review-g295368-d2083546-Reviews-Passage-Odessa_Odessa_Oblast.html
