review_location_name, review_current_page, review_last_page, review_location_type, review_location_breadcrumbs, review_location_rate, location_lat, location_lng, review_id, review_date, review_experience_date, review_rate, user_name, user_link, user_id, extra, parent_url
Statue of the Duc de Richelieu, 22, 56, Monuments & Statues, Europe & Ukraine & Odessa Oblast & Odessa & Things to Do in Odessa, 4.5, 46.488277, 30.72619, 493767679, 20170601, 20161101, 3.0, Philippe F, https://www.tripadvisor.com/Profile/PhilippeF1470, c487f750a35de41a2c31fc699274e19a, Excellent : 156 & Very Good : 78 & Average : 42 & Poor : 3 & Terrible : 1, /Attraction_Review-g295368-d554877-Reviews-Statue_of_the_Duc_de_Richelieu-Odessa_Odessa_Oblast.html
Statue of the Duc de Richelieu, 22, 56, Monuments & Statues, Europe & Ukraine & Odessa Oblast & Odessa & Things to Do in Odessa, 4.5, 46.488277, 30.72619, 493467067, 20170601, 20170601, 5.0, PascalB85150, https://www.tripadvisor.com/Profile/PascalB85150, cca7599071c9854cac31423763d866ca, Excellent : 156 & Very Good : 78 & Average : 42 & Poor : 3 & Terrible : 1, /Attraction_Review-g295368-d554877-Reviews-Statue_of_the_Duc_de_Richelieu-Odessa_Odessa_Oblast.html
Statue of the Duc de Richelieu, 22, 56, Monuments & Statues, Europe & Ukraine & Odessa Oblast & Odessa & Things to Do in Odessa, 4.5, 46.488277, 30.72619, 491267616, 20170601, 20160701, 5.0, slad1113, https://www.tripadvisor.com/Profile/slad1113, 65386196b1a838cfc2b2e0dec85c9712, Excellent : 156 & Very Good : 78 & Average : 42 & Poor : 3 & Terrible : 1, /Attraction_Review-g295368-d554877-Reviews-Statue_of_the_Duc_de_Richelieu-Odessa_Odessa_Oblast.html
Statue of the Duc de Richelieu, 22, 56, Monuments & Statues, Europe & Ukraine & Odessa Oblast & Odessa & Things to Do in Odessa, 4.5, 46.488277, 30.72619, 487939229, 20170501, 20170301, 5.0, Ricardo B, https://www.tripadvisor.com/Profile/rickyspa1, deb782bd16115c13da68f6ce5c3ad445, Excellent : 156 & Very Good : 78 & Average : 42 & Poor : 3 & Terrible : 1, /Attraction_Review-g295368-d554877-Reviews-Statue_of_the_Duc_de_Richelieu-Odessa_Odessa_Oblast.html
Statue of the Duc de Richelieu, 22, 56, Monuments & Statues, Europe & Ukraine & Odessa Oblast & Odessa & Things to Do in Odessa, 4.5, 46.488277, 30.72619, 483201689, 20170501, 20160801, 5.0, Andrey L, https://www.tripadvisor.com/Profile/887andreyl, 667c7e754e9bdb47e2e81b905ec96a84, Excellent : 156 & Very Good : 78 & Average : 42 & Poor : 3 & Terrible : 1, /Attraction_Review-g295368-d554877-Reviews-Statue_of_the_Duc_de_Richelieu-Odessa_Odessa_Oblast.html
