review_location_name, review_current_page, review_last_page, review_location_type, review_location_breadcrumbs, review_location_rate, location_lat, location_lng, review_id, review_date, review_experience_date, review_rate, user_name, user_link, user_id, extra, parent_url
Teatralnaya Square, 64, 66, Points of Interest & Landmarks, Europe & Ukraine & Odessa Oblast & Odessa & Things to Do in Odessa, 4.5, 46.488277, 30.72619, 221850450, 20140801, 20131201, 4.0, Ahmonpere, https://www.tripadvisor.com/Profile/Ahmonpere, 32041a6a382d74f614a28235add48e8e, Excellent : 240 & Very Good : 72 & Average : 14 & Poor : 1 & Terrible : 0, /Attraction_Review-g295368-d4766591-Reviews-Teatralnaya_Square-Odessa_Odessa_Oblast.html
Teatralnaya Square, 64, 66, Points of Interest & Landmarks, Europe & Ukraine & Odessa Oblast & Odessa & Things to Do in Odessa, 4.5, 46.488277, 30.72619, 219637950, 20140801, 20130901, 4.0, HomoPhoticus, https://www.tripadvisor.com/Profile/HomoPhoticus, 5228e277f475ecd2b6d042d5cc62b132, Excellent : 240 & Very Good : 72 & Average : 14 & Poor : 1 & Terrible : 0, /Attraction_Review-g295368-d4766591-Reviews-Teatralnaya_Square-Odessa_Odessa_Oblast.html
Teatralnaya Square, 64, 66, Points of Interest & Landmarks, Europe & Ukraine & Odessa Oblast & Odessa & Things to Do in Odessa, 4.5, 46.488277, 30.72619, 219418073, 20140801, 20130901, 4.0, ol_ga_cooki, https://www.tripadvisor.com/Profile/ol_ga_cooki, 5a85e3b473f0578fd1df3053769f5795, Excellent : 240 & Very Good : 72 & Average : 14 & Poor : 1 & Terrible : 0, /Attraction_Review-g295368-d4766591-Reviews-Teatralnaya_Square-Odessa_Odessa_Oblast.html
Teatralnaya Square, 64, 66, Points of Interest & Landmarks, Europe & Ukraine & Odessa Oblast & Odessa & Things to Do in Odessa, 4.5, 46.488277, 30.72619, 216616257, 20140701, 20130901, 4.0, SenerS, https://www.tripadvisor.com/Profile/SenerSenturk, 1c2a17f23983607268102cf07ca3e4f2, Excellent : 240 & Very Good : 72 & Average : 14 & Poor : 1 & Terrible : 0, /Attraction_Review-g295368-d4766591-Reviews-Teatralnaya_Square-Odessa_Odessa_Oblast.html
Teatralnaya Square, 64, 66, Points of Interest & Landmarks, Europe & Ukraine & Odessa Oblast & Odessa & Things to Do in Odessa, 4.5, 46.488277, 30.72619, 210384340, 20140601, 20140601, 5.0, Frank O, https://www.tripadvisor.com/Profile/franko963, b93c61bf54a31dfc3e93abe7efb2fa5a, Excellent : 240 & Very Good : 72 & Average : 14 & Poor : 1 & Terrible : 0, /Attraction_Review-g295368-d4766591-Reviews-Teatralnaya_Square-Odessa_Odessa_Oblast.html
