review_location_name, review_current_page, review_last_page, review_location_type, review_location_breadcrumbs, review_location_rate, location_lat, location_lng, review_id, review_date, review_experience_date, review_rate, user_name, user_link, user_id, extra, parent_url
Memorial of Heroic Defense of Odesa Museum, 6, 12, Theme Parks & History Museums, Europe & Ukraine & Odessa Oblast & Odessa & Things to Do in Odessa, 4.5, 46.488277, 30.72619, 406867123, 20160801, 20160301, 4.0, Валерий К, https://www.tripadvisor.com/Profile/J3620SL_, 387b089dedae88b4867951ccbb87735f, Excellent : 31 & Very Good : 18 & Average : 8 & Poor : 1 & Terrible : 0, /Attraction_Review-g295368-d6490805-Reviews-Memorial_of_Heroic_Defense_of_Odesa_Museum-Odessa_Odessa_Oblast.html
Memorial of Heroic Defense of Odesa Museum, 6, 12, Theme Parks & History Museums, Europe & Ukraine & Odessa Oblast & Odessa & Things to Do in Odessa, 4.5, 46.488277, 30.72619, 402828553, 20160801, 20160801, 4.0, bobbyb82, https://www.tripadvisor.com/Profile/bobbyb82, adba6a88e517dcc3a4030694bda3417b, Excellent : 31 & Very Good : 18 & Average : 8 & Poor : 1 & Terrible : 0, /Attraction_Review-g295368-d6490805-Reviews-Memorial_of_Heroic_Defense_of_Odesa_Museum-Odessa_Odessa_Oblast.html
Memorial of Heroic Defense of Odesa Museum, 6, 12, Theme Parks & History Museums, Europe & Ukraine & Odessa Oblast & Odessa & Things to Do in Odessa, 4.5, 46.488277, 30.72619, 400720189, 20160801, 20150901, 5.0, Влад В, https://www.tripadvisor.com/Profile/F6453FL_, b41fcc161df68d463286e15cac42cce0, Excellent : 31 & Very Good : 18 & Average : 8 & Poor : 1 & Terrible : 0, /Attraction_Review-g295368-d6490805-Reviews-Memorial_of_Heroic_Defense_of_Odesa_Museum-Odessa_Odessa_Oblast.html
Memorial of Heroic Defense of Odesa Museum, 6, 12, Theme Parks & History Museums, Europe & Ukraine & Odessa Oblast & Odessa & Things to Do in Odessa, 4.5, 46.488277, 30.72619, 399121030, 20160701, 20160701, 3.0, Frank B, https://www.tripadvisor.com/Profile/C8777TUfrankb, 079e633a0d7608dea70c9b7b62c2b5e8, Excellent : 31 & Very Good : 18 & Average : 8 & Poor : 1 & Terrible : 0, /Attraction_Review-g295368-d6490805-Reviews-Memorial_of_Heroic_Defense_of_Odesa_Museum-Odessa_Odessa_Oblast.html
Memorial of Heroic Defense of Odesa Museum, 6, 12, Theme Parks & History Museums, Europe & Ukraine & Odessa Oblast & Odessa & Things to Do in Odessa, 4.5, 46.488277, 30.72619, 398124855, 20160701, 20160701, 3.0, Ireneusz L, https://www.tripadvisor.com/Profile/ireneuszl2019, c867b112490b6ea7d6a98e187d2938d1, Excellent : 31 & Very Good : 18 & Average : 8 & Poor : 1 & Terrible : 0, /Attraction_Review-g295368-d6490805-Reviews-Memorial_of_Heroic_Defense_of_Odesa_Museum-Odessa_Odessa_Oblast.html
