review_location_name, review_current_page, review_last_page, review_location_type, review_location_breadcrumbs, review_location_rate, location_lat, location_lng, review_id, review_date, review_experience_date, review_rate, user_name, user_link, user_id, extra, parent_url
Sailor`s Wife Monument, 5, 31, Points of Interest & Landmarks & Monuments & Statues, Europe & Ukraine & Odessa Oblast & Odessa & Things to Do in Odessa, 4.5, 46.488277, 30.72619, 605048168, 20180801, 20180501, 5.0, WessexWanderer, https://www.tripadvisor.com/Profile/WessexWanderer, c7bf0945dfe499e8eb9d5693bb3af75c, Excellent : 102 & Very Good : 33 & Average : 17 & Poor : 2 & Terrible : 0, /Attraction_Review-g295368-d5259015-Reviews-Sailor_s_Wife_Monument-Odessa_Odessa_Oblast.html
Sailor`s Wife Monument, 5, 31, Points of Interest & Landmarks & Monuments & Statues, Europe & Ukraine & Odessa Oblast & Odessa & Things to Do in Odessa, 4.5, 46.488277, 30.72619, 605000766, 20180801, 20180801, 5.0, sergeymeshaninov, https://www.tripadvisor.com/Profile/sergeymeshaninov, cfea6340525cb29919057c030c71df26, Excellent : 102 & Very Good : 33 & Average : 17 & Poor : 2 & Terrible : 0, /Attraction_Review-g295368-d5259015-Reviews-Sailor_s_Wife_Monument-Odessa_Odessa_Oblast.html
Sailor`s Wife Monument, 5, 31, Points of Interest & Landmarks & Monuments & Statues, Europe & Ukraine & Odessa Oblast & Odessa & Things to Do in Odessa, 4.5, 46.488277, 30.72619, 604581050, 20180801, 20180801, 4.0, stefanprisacariu, https://www.tripadvisor.com/Profile/stefanprisacariu, 4a07f8a035170bfe06e1011d2495bbf5, Excellent : 102 & Very Good : 33 & Average : 17 & Poor : 2 & Terrible : 0, /Attraction_Review-g295368-d5259015-Reviews-Sailor_s_Wife_Monument-Odessa_Odessa_Oblast.html
Sailor`s Wife Monument, 5, 31, Points of Interest & Landmarks & Monuments & Statues, Europe & Ukraine & Odessa Oblast & Odessa & Things to Do in Odessa, 4.5, 46.488277, 30.72619, 604229059, 20180801, 20180701, 5.0, Анна В, https://www.tripadvisor.com/Profile/N7224VG_, ce35bb51a3aa4b2283335e874c8b2a91, Excellent : 102 & Very Good : 33 & Average : 17 & Poor : 2 & Terrible : 0, /Attraction_Review-g295368-d5259015-Reviews-Sailor_s_Wife_Monument-Odessa_Odessa_Oblast.html
Sailor`s Wife Monument, 5, 31, Points of Interest & Landmarks & Monuments & Statues, Europe & Ukraine & Odessa Oblast & Odessa & Things to Do in Odessa, 4.5, 46.488277, 30.72619, 592242371, 20180701, 20180501, 4.0, NikoliGogol, https://www.tripadvisor.com/Profile/NikoliGogol, 79ea56262401fcead5e091f139753f5f, Excellent : 102 & Very Good : 33 & Average : 17 & Poor : 2 & Terrible : 0, /Attraction_Review-g295368-d5259015-Reviews-Sailor_s_Wife_Monument-Odessa_Odessa_Oblast.html
