review_location_name, review_current_page, review_last_page, review_location_type, review_location_breadcrumbs, review_location_rate, location_lat, location_lng, review_id, review_date, review_experience_date, review_rate, user_name, user_link, user_id, extra, parent_url
Lanzheron Beach, 40, 46, Beaches, Europe & Ukraine & Odessa Oblast & Odessa & Things to Do in Odessa, 4.0, 46.488277, 30.72619, 253505333, 20150201, 20141201, 5.0, Vira Si, https://www.tripadvisor.com/Profile/apriory_vera, 6eaff1262f79bab28ccc2b5be3edd2d8, Excellent : 91 & Very Good : 58 & Average : 44 & Poor : 19 & Terrible : 14, /Attraction_Review-g295368-d4952695-Reviews-Lanzheron_Beach-Odessa_Odessa_Oblast.html
Lanzheron Beach, 40, 46, Beaches, Europe & Ukraine & Odessa Oblast & Odessa & Things to Do in Odessa, 4.0, 46.488277, 30.72619, 251474464, 20150101, 20150101, 3.0, Elena B, https://www.tripadvisor.com/Profile/Shkapova, 3e8d9e8d578b736e787ced148c5e4074, Excellent : 91 & Very Good : 58 & Average : 44 & Poor : 19 & Terrible : 14, /Attraction_Review-g295368-d4952695-Reviews-Lanzheron_Beach-Odessa_Odessa_Oblast.html
Lanzheron Beach, 40, 46, Beaches, Europe & Ukraine & Odessa Oblast & Odessa & Things to Do in Odessa, 4.0, 46.488277, 30.72619, 249551011, 20150101, 20150101, 5.0, Натали М, https://www.tripadvisor.com/Profile/_J6474SF, 3d90e5b007b299937a31944a93a76a56, Excellent : 91 & Very Good : 58 & Average : 44 & Poor : 19 & Terrible : 14, /Attraction_Review-g295368-d4952695-Reviews-Lanzheron_Beach-Odessa_Odessa_Oblast.html
Lanzheron Beach, 40, 46, Beaches, Europe & Ukraine & Odessa Oblast & Odessa & Things to Do in Odessa, 4.0, 46.488277, 30.72619, 247142497, 20150101, 20150101, 5.0, Oleh S, https://www.tripadvisor.com/Profile/J1275FD_, fdddc5427e3d50932f76d65fb313492b, Excellent : 91 & Very Good : 58 & Average : 44 & Poor : 19 & Terrible : 14, /Attraction_Review-g295368-d4952695-Reviews-Lanzheron_Beach-Odessa_Odessa_Oblast.html
Lanzheron Beach, 40, 46, Beaches, Europe & Ukraine & Odessa Oblast & Odessa & Things to Do in Odessa, 4.0, 46.488277, 30.72619, 243399258, 20141201, 20140801, 4.0, Olga_Kalyuzhnaya, https://www.tripadvisor.com/Profile/Olga_Kalyuzhnaya, 08bb427ac9f1dd1b12b0505e37c76e49, Excellent : 91 & Very Good : 58 & Average : 44 & Poor : 19 & Terrible : 14, /Attraction_Review-g295368-d4952695-Reviews-Lanzheron_Beach-Odessa_Odessa_Oblast.html
