province_name, region_name, province_url
Volya Zaderevats’ka attractions, Stryis'kyi District, /Attractions-g17664597-Activities-Volya_Zaderevats_ka_Stryis_kyi_District_Lviv_Oblast.html
Chornomors'ke attractions, Odessa Oblast, /Attractions-g18379329-Activities-Chornomors_ke_Odessa_Oblast.html
Pryozerne attractions, Kherson Oblast, /Attractions-g21221913-Activities-Pryozerne_Kherson_Oblast.html
Yasenove Pershe attractions, Odessa Oblast, /Attractions-g19067518-Activities-Yasenove_Pershe_Odessa_Oblast.html
Vovche attractions, Turkivs'kyi District, /Attractions-g12149735-Activities-Vovche_Turkivs_kyi_District_Lviv_Oblast.html
Ustyluh attractions, Volyn Oblast, /Attractions-g3176273-Activities-Ustyluh_Volyn_Oblast.html
Rusilov attractions, Ternopil Oblast, /Attractions-g8622063-Activities-Rusilov_Ternopil_Oblast.html
Lisky attractions, Odessa Oblast, /Attractions-g15042443-Activities-Lisky_Odessa_Oblast.html
Vinnichki attractions, Lviv Oblast, /Attractions-g7127811-Activities-Vinnichki_Lviv_Oblast.html
Vesele attractions, Kherson Oblast, /Attractions-g10189803-Activities-Vesele_Kherson_Oblast.html
Vyshenky attractions, Kiev Oblast, /Attractions-g12831670-Activities-Vyshenky_Kiev_Oblast.html
Klubochyn attractions, Volyn Oblast, /Attractions-g15411101-Activities-Klubochyn_Volyn_Oblast.html
Sukholuchchya attractions, Kiev Oblast, /Attractions-g20970055-Activities-Sukholuchchya_Kiev_Oblast.html
Kolodyazhne attractions, Volyn Oblast, /Attractions-g4046660-Activities-Kolodyazhne_Volyn_Oblast.html
Soshnikov attractions, Kiev Oblast, /Attractions-g17644151-Activities-Soshnikov_Kiev_Oblast.html
Nyzhnje Solotvyno attractions, Zakarpattia Oblast, /Attractions-g3176270-Activities-Nyzhnje_Solotvyno_Zakarpattia_Oblast.html
Myrtyuky attractions, Stryis'kyi District, /Attractions-g16806529-Activities-Myrtyuky_Stryis_kyi_District_Lviv_Oblast.html
Vasylkiv attractions, Kiev Oblast, /Attractions-g1647512-Activities-Vasylkiv_Kiev_Oblast.html
Dubovichi attractions, Sumy Oblast, /Attractions-g12134205-Activities-Dubovichi_Sumy_Oblast.html
Stare Selo attractions, Lviv Oblast, /Attractions-g12099378-Activities-Stare_Selo_Lviv_Oblast.html
Starunya attractions, Ivano-Frankivsk Oblast, /Attractions-g13326150-Activities-Starunya_Ivano_Frankivsk_Oblast.html
Hubkiv attractions, Rivne Oblast, /Attractions-g21311178-Activities-Hubkiv_Rivne_Oblast.html
Knjahynja attractions, Zakarpattia Oblast, /Attractions-g15411071-Activities-Knjahynja_Zakarpattia_Oblast.html
Rohatyn attractions, Ivano-Frankivsk Oblast, /Attractions-g7262201-Activities-Rohatyn_Ivano_Frankivsk_Oblast.html
Pyryatyn attractions, Poltava Oblast, /Attractions-g6840304-Activities-Pyryatyn_Poltava_Oblast.html
Chornomorka attractions, Mykolaiv Oblast, /Attractions-g4881363-Activities-Chornomorka_Mykolaiv_Oblast.html
Tabaki attractions, Odessa Oblast, /Attractions-g20326057-Activities-Tabaki_Odessa_Oblast.html
Vilnohirsk attractions, Dnipropetrovsk Oblast, /Attractions-g15411060-Activities-Vilnohirsk_Dnipropetrovsk_Oblast.html
Monastyrok attractions, Lviv Oblast, /Attractions-g17456809-Activities-Monastyrok_Lviv_Oblast.html
Chervonyi Maiak attractions, Kherson Oblast, /Attractions-g12517140-Activities-Chervonyi_Maiak_Kherson_Oblast.html
Korostyshiv attractions, Zhytomyr Oblast, /Attractions-g1647543-Activities-Korostyshiv_Zhytomyr_Oblast.html
Velyka Kopanya attractions, Zakarpattia Oblast, /Attractions-g17456804-Activities-Velyka_Kopanya_Zakarpattia_Oblast.html
Obloi attractions, Kherson Oblast, /Attractions-g12523280-Activities-Obloi_Kherson_Oblast.html
Berehomet attractions, Chernivtsi Oblast, /Attractions-g9710395-Activities-Berehomet_Chernivtsi_Oblast.html
Lehedzino attractions, Cherkasy Oblast, /Attractions-g11208452-Activities-Lehedzino_Cherkasy_Oblast.html
Plyashivka attractions, Rivne Oblast, /Attractions-g8621875-Activities-Plyashivka_Rivne_Oblast.html
Zinkov attractions, Khmelnytskyi Oblast, /Attractions-g8621874-Activities-Zinkov_Khmelnytskyi_Oblast.html
Stara Zburivka attractions, Kherson Oblast, /Attractions-g12517135-Activities-Stara_Zburivka_Kherson_Oblast.html
Berezivka attractions, Zhytomyr Oblast, /Attractions-g15411033-Activities-Berezivka_Zhytomyr_Oblast.html
Steblivka attractions, Zakarpattia Oblast, /Attractions-g12175116-Activities-Steblivka_Zakarpattia_Oblast.html
Berezivka attractions, Kiev Oblast, /Attractions-g4758525-Activities-Berezivka_Kiev_Oblast.html
Stepanivka attractions, Odessa Oblast, /Attractions-g12130062-Activities-Stepanivka_Odessa_Oblast.html
Yasenove Druhe attractions, Odessa Oblast, /Attractions-g19098260-Activities-Yasenove_Druhe_Odessa_Oblast.html
Khodosovka attractions, Kiev Oblast, /Attractions-g8628027-Activities-Khodosovka_Kiev_Oblast.html
Staryi Yarychiv attractions, Lviv Oblast, /Attractions-g12162816-Activities-Staryi_Yarychiv_Lviv_Oblast.html
Opaka attractions, Lviv Oblast, /Attractions-g12162823-Activities-Opaka_Lviv_Oblast.html
Medenychi attractions, Lviv Oblast, /Attractions-g9740119-Activities-Medenychi_Lviv_Oblast.html
Snidavka attractions, Kosivs'kyi District, /Attractions-g8621895-Activities-Snidavka_Kosivs_kyi_District_Ivano_Frankivsk_Oblast.html
Slyvyne attractions, Mykolaiv Oblast, /Attractions-g17456834-Activities-Slyvyne_Mykolaiv_Oblast.html
Dniprovske attractions, Kherson Oblast, /Attractions-g12282740-Activities-Dniprovske_Kherson_Oblast.html
