province_name, region_name, province_url
Lavriv attractions, Lviv Oblast, /Attractions-g16872249-Activities-Lavriv_Lviv_Oblast.html
Kalush attractions, Ivano-Frankivsk Oblast, /Attractions-g2554468-Activities-Kalush_Ivano_Frankivsk_Oblast.html
Kotel'nytsya attractions, Zakarpattia Oblast, /Attractions-g17411916-Activities-Kotel_nytsya_Zakarpattia_Oblast.html
Novomalyn attractions, Rivne Oblast, /Attractions-g17708872-Activities-Novomalyn_Rivne_Oblast.html
Bukovets attractions, Verkhovyns'kyi District, /Attractions-g13345421-Activities-Bukovets_Verkhovyns_kyi_District_Ivano_Frankivsk_Oblast.html
Veremiyivka attractions, Cherkasy Oblast, /Attractions-g15349412-Activities-Veremiyivka_Cherkasy_Oblast.html
Zhorniska attractions, Lviv Oblast, /Attractions-g13341343-Activities-Zhorniska_Lviv_Oblast.html
Rudka attractions, Rivne Oblast, /Attractions-g12920464-Activities-Rudka_Rivne_Oblast.html
Motyzhyn attractions, Kiev Oblast, /Attractions-g12536552-Activities-Motyzhyn_Kiev_Oblast.html
Starosillya attractions, Odessa Oblast, /Attractions-g12130022-Activities-Starosillya_Odessa_Oblast.html
Chervonohrad attractions, Lviv Oblast, /Attractions-g3723867-Activities-Chervonohrad_Lviv_Oblast.html
Luka attractions, Chernihiv Oblast, /Attractions-g12123868-Activities-Luka_Chernihiv_Oblast.html
Bene attractions, Zakarpattia Oblast, /Attractions-g6679040-Activities-Bene_Zakarpattia_Oblast.html
Steblev attractions, Cherkasy Oblast, /Attractions-g11717335-Activities-Steblev_Cherkasy_Oblast.html
Mohyliv-Podilskyi attractions, Vinnytsia Oblast, /Attractions-g777824-Activities-Mohyliv_Podilskyi_Vinnytsia_Oblast.html
Askania-Nova attractions, Kherson Oblast, /Attractions-g4291123-Activities-Askania_Nova_Kherson_Oblast.html
Voronovytsya attractions, Vinnytsia Oblast, /Attractions-g12157633-Activities-Voronovytsya_Vinnytsia_Oblast.html
Kachanovka attractions, Chernihiv Oblast, /Attractions-g11640520-Activities-Kachanovka_Chernihiv_Oblast.html
Karpaty attractions, Zakarpattia Oblast, /Attractions-g3723845-Activities-Karpaty_Zakarpattia_Oblast.html
Kryvopillya attractions, Verkhovyns'kyi District, /Attractions-g13007545-Activities-Kryvopillya_Verkhovyns_kyi_District_Ivano_Frankivsk_Oblast.html
Rakоvets attractions, Lviv Oblast, /Attractions-g11909685-Activities-Rak_vets_Lviv_Oblast.html
Hryhorivka attractions, Kherson Oblast, /Attractions-g15421038-Activities-Hryhorivka_Kherson_Oblast.html
Brech attractions, Chernihiv Oblast, /Attractions-g4586189-Activities-Brech_Chernihiv_Oblast.html
Korolivka attractions, Ternopil Oblast, /Attractions-g12920399-Activities-Korolivka_Ternopil_Oblast.html
Vysuntsi attractions, Kherson Oblast, /Attractions-g17367938-Activities-Vysuntsi_Kherson_Oblast.html
Chubivka attractions, Cherkasy Oblast, /Attractions-g15421028-Activities-Chubivka_Cherkasy_Oblast.html
Kotelva attractions, Poltava Oblast, /Attractions-g4562644-Activities-Kotelva_Poltava_Oblast.html
Pirnove attractions, Kiev Oblast, /Attractions-g3221155-Activities-Pirnove_Kiev_Oblast.html
Kovalivka attractions, Poltava Oblast, /Attractions-g15022705-Activities-Kovalivka_Poltava_Oblast.html
Vodyaniki attractions, Cherkasy Oblast, /Attractions-g11544111-Activities-Vodyaniki_Cherkasy_Oblast.html
Bishkin attractions, Sumy Oblast, /Attractions-g12011030-Activities-Bishkin_Sumy_Oblast.html
Hoshiv attractions, Ivano-Frankivsk Oblast, /Attractions-g15421000-Activities-Hoshiv_Ivano_Frankivsk_Oblast.html
Velykie Dmitrovichi attractions, Kiev Oblast, /Attractions-g21285868-Activities-Velykie_Dmitrovichi_Kiev_Oblast.html
Solonka attractions, Lviv Oblast, /Attractions-g3221147-Activities-Solonka_Lviv_Oblast.html
Kamyanka attractions, Poltava Oblast, /Attractions-g13374049-Activities-Kamyanka_Poltava_Oblast.html
Bystrets attractions, Verkhovyns'kyi District, /Attractions-g21174253-Activities-Bystrets_Verkhovyns_kyi_District_Ivano_Frankivsk_Oblast.html
Kurisove attractions, Odessa Oblast, /Attractions-g21281771-Activities-Kurisove_Odessa_Oblast.html
Uhersko attractions, Stryis'kyi District, /Attractions-g13374051-Activities-Uhersko_Stryis_kyi_District_Lviv_Oblast.html
Velyka Vil'shanka attractions, Kiev Oblast, /Attractions-g13007476-Activities-Velyka_Vil_shanka_Kiev_Oblast.html
Holovkivka attractions, Cherkasy Oblast, /Attractions-g15421022-Activities-Holovkivka_Cherkasy_Oblast.html
Berezhany attractions, Ternopil Oblast, /Attractions-g1202852-Activities-Berezhany_Ternopil_Oblast.html
Shevchenkovo attractions, Cherkasy Oblast, /Attractions-g12123649-Activities-Shevchenkovo_Cherkasy_Oblast.html
Strumok attractions, Odessa Oblast, /Attractions-g21318654-Activities-Strumok_Odessa_Oblast.html
Dubrovka attractions, Poltava Oblast, /Attractions-g11982345-Activities-Dubrovka_Poltava_Oblast.html
Borodyanka attractions, Kiev Oblast, /Attractions-g10174045-Activities-Borodyanka_Kiev_Oblast.html
Mezyn attractions, Chernihiv Oblast, /Attractions-g9599573-Activities-Mezyn_Chernihiv_Oblast.html
Petrushivka attractions, Chernihiv Oblast, /Attractions-g9599579-Activities-Petrushivka_Chernihiv_Oblast.html
Chumal’ovo attractions, Zakarpattia Oblast, /Attractions-g12920335-Activities-Chumal_ovo_Zakarpattia_Oblast.html
Sverdlovka attractions, Chernihiv Oblast, /Attractions-g9599577-Activities-Sverdlovka_Chernihiv_Oblast.html
Zastuhna attractions, Kiev Oblast, /Attractions-g19354603-Activities-Zastuhna_Kiev_Oblast.html
