province_name, region_name, province_url
Cherkasy attractions, Cherkasy Oblast, /Attractions-g303929-Activities-Cherkasy_Cherkasy_Oblast.html
Yaremche attractions, Ivano-Frankivsk Oblast, /Attractions-g1816350-Activities-Yaremche_Ivano_Frankivsk_Oblast.html
Sumy attractions, Sumy Oblast, /Attractions-g681193-Activities-Sumy_Sumy_Oblast.html
Uman attractions, Cherkasy Oblast, /Attractions-g673500-Activities-Uman_Cherkasy_Oblast.html
Luhansk attractions, Luhansk Oblast, /Attractions-g303932-Activities-Luhansk_Luhansk_Oblast.html
Nizhyn attractions, Chernihiv Oblast, /Attractions-g3667778-Activities-Nizhyn_Chernihiv_Oblast.html
Kherson attractions, Kherson Oblast, /Attractions-g303931-Activities-Kherson_Kherson_Oblast.html
Truskavets attractions, Lviv Oblast, /Attractions-g940874-Activities-Truskavets_Lviv_Oblast.html
Drohobych attractions, Lviv Oblast, /Attractions-g1597598-Activities-Drohobych_Lviv_Oblast.html
Verkhovyna attractions, Verkhovyns'kyi District, /Attractions-g2360780-Activities-Verkhovyna_Verkhovyns_kyi_District_Ivano_Frankivsk_Oblast.html
Berdyansk attractions, Zaporizhia Oblast, /Attractions-g298057-Activities-Berdyansk_Zaporizhia_Oblast.html
Bukovel attractions, Ivano-Frankivsk Oblast, /Attractions-g2534700-Activities-Bukovel_Ivano_Frankivsk_Oblast.html
Mukacheve attractions, Zakarpattia Oblast, /Attractions-g674805-Activities-Mukacheve_Zakarpattia_Oblast.html
Kryvyy Rih attractions, Dnipropetrovsk Oblast, /Attractions-g298053-Activities-Kryvyy_Rih_Dnipropetrovsk_Oblast.html
Bilhorod-Dnistrovskyi attractions, Odessa Oblast, /Attractions-g1816345-Activities-Bilhorod_Dnistrovskyi_Odessa_Oblast.html
Chernobyl attractions, Kiev Oblast, /Attractions-g298058-Activities-Chernobyl_Kiev_Oblast.html
Brovary attractions, Kiev Oblast, /Attractions-g2554470-Activities-Brovary_Kiev_Oblast.html
Pryluky attractions, Chernihiv Oblast, /Attractions-g7034663-Activities-Pryluky_Chernihiv_Oblast.html
Khmelnytskyi attractions, Khmelnytskyi Oblast, /Attractions-g1203138-Activities-Khmelnytskyi_Khmelnytskyi_Oblast.html
Baturyn attractions, Chernihiv Oblast, /Attractions-g2717704-Activities-Baturyn_Chernihiv_Oblast.html
Mariupol attractions, Donetsk Oblast, /Attractions-g298055-Activities-Mariupol_Donetsk_Oblast.html
Novhorod-Siverskyi attractions, Chernihiv Oblast, /Attractions-g4317478-Activities-Novhorod_Siverskyi_Chernihiv_Oblast.html
Zhovkva attractions, Lviv Oblast, /Attractions-g2167722-Activities-Zhovkva_Lviv_Oblast.html
Kremenchuk attractions, Poltava Oblast, /Attractions-g1602200-Activities-Kremenchuk_Poltava_Oblast.html
Ochakiv attractions, Mykolaiv Oblast, /Attractions-g3680915-Activities-Ochakiv_Mykolaiv_Oblast.html
Makiivka attractions, Donetsk Oblast, /Attractions-g2689831-Activities-Makiivka_Donetsk_Oblast.html
Horlivka attractions, Donetsk Oblast, /Attractions-g12634213-Activities-Horlivka_Donetsk_Oblast.html
Zolochiv attractions, Lviv Oblast, /Attractions-g1657087-Activities-Zolochiv_Lviv_Oblast.html
Chornomorsk attractions, Odessa Oblast, /Attractions-g3383598-Activities-Chornomorsk_Odessa_Oblast.html
Buchach attractions, Ternopil Oblast, /Attractions-g6651153-Activities-Buchach_Ternopil_Oblast.html
Skala-Podil's'ka attractions, Ternopil Oblast, /Attractions-g2550510-Activities-Skala_Podil_s_ka_Ternopil_Oblast.html
Beregovo attractions, Zakarpattia Oblast, /Attractions-g1887423-Activities-Beregovo_Zakarpattia_Oblast.html
Severodonetsk attractions, Luhansk Oblast, /Attractions-g5416601-Activities-Severodonetsk_Luhansk_Oblast.html
Kozelets attractions, Chernihiv Oblast, /Attractions-g2637561-Activities-Kozelets_Chernihiv_Oblast.html
Hoshcha attractions, Rivne Oblast, /Attractions-g13351116-Activities-Hoshcha_Rivne_Oblast.html
Bila Tserkva attractions, Kiev Oblast, /Attractions-g672772-Activities-Bila_Tserkva_Kiev_Oblast.html
Vilkovo attractions, Odessa Oblast, /Attractions-g1026580-Activities-Vilkovo_Odessa_Oblast.html
Novi Petrivtsi attractions, Kiev Oblast, /Attractions-g4917417-Activities-Novi_Petrivtsi_Kiev_Oblast.html
Dubno attractions, Rivne Oblast, /Attractions-g7096899-Activities-Dubno_Rivne_Oblast.html
Kobleve attractions, Mykolaiv Oblast, /Attractions-g2235109-Activities-Kobleve_Mykolaiv_Oblast.html
Fontanka attractions, Odessa Oblast, /Attractions-g5484656-Activities-Fontanka_Odessa_Oblast.html
Myhiya attractions, Mykolaiv Oblast, /Attractions-g4004405-Activities-Myhiya_Mykolaiv_Oblast.html
Izmail attractions, Odessa Oblast, /Attractions-g777828-Activities-Izmail_Odessa_Oblast.html
Kosiv attractions, Kosivs'kyi District, /Attractions-g790451-Activities-Kosiv_Kosivs_kyi_District_Ivano_Frankivsk_Oblast.html
Morshyn attractions, Stryis'kyi District, /Attractions-g4758410-Activities-Morshyn_Stryis_kyi_District_Lviv_Oblast.html
Sambir attractions, Lviv Oblast, /Attractions-g1072134-Activities-Sambir_Lviv_Oblast.html
Kolochava attractions, Zakarpattia Oblast, /Attractions-g6818853-Activities-Kolochava_Zakarpattia_Oblast.html
Kremenets attractions, Ternopil Oblast, /Attractions-g1015987-Activities-Kremenets_Ternopil_Oblast.html
Skole attractions, Skolivs'kyi District, /Attractions-g3737821-Activities-Skole_Skolivs_kyi_District_Lviv_Oblast.html
Busha attractions, Vinnytsia Oblast, /Attractions-g3697872-Activities-Busha_Vinnytsia_Oblast.html
