province_name, region_name, province_url
Vytkiv attractions, Rivne Oblast, /Attractions-g17757568-Activities-Vytkiv_Rivne_Oblast.html
Kopachev attractions, Kiev Oblast, /Attractions-g4366547-Activities-Kopachev_Kiev_Oblast.html
Sarata attractions, Odessa Oblast, /Attractions-g17552792-Activities-Sarata_Odessa_Oblast.html
Khotyanivka attractions, Kiev Oblast, /Attractions-g12130349-Activities-Khotyanivka_Kiev_Oblast.html
Petrovka attractions, Odessa Oblast, /Attractions-g9710595-Activities-Petrovka_Odessa_Oblast.html
Parkhomivka attractions, Kharkiv Oblast, /Attractions-g15263861-Activities-Parkhomivka_Kharkiv_Oblast.html
Petropil attractions, Zaporizhia Oblast, /Attractions-g15511667-Activities-Petropil_Zaporizhia_Oblast.html
Rava-Ruska attractions, Lviv Oblast, /Attractions-g6484162-Activities-Rava_Ruska_Lviv_Oblast.html
Boromyky attractions, Chernihiv Oblast, /Attractions-g19092867-Activities-Boromyky_Chernihiv_Oblast.html
Sosnivka attractions, Sumy Oblast, /Attractions-g12171290-Activities-Sosnivka_Sumy_Oblast.html
Slovyansk attractions, Donetsk Oblast, /Attractions-g6208754-Activities-Slovyansk_Donetsk_Oblast.html
Hlobyne attractions, Poltava Oblast, /Attractions-g6851782-Activities-Hlobyne_Poltava_Oblast.html
Kyyanytsya attractions, Sumy Oblast, /Attractions-g12171273-Activities-Kyyanytsya_Sumy_Oblast.html
Boryspil attractions, Kiev Oblast, /Attractions-g2364564-Activities-Boryspil_Kiev_Oblast.html
Mala Uhol'ka attractions, Zakarpattia Oblast, /Attractions-g12134410-Activities-Mala_Uhol_ka_Zakarpattia_Oblast.html
Furmanovka attractions, Khmelnytskyi Oblast, /Attractions-g8629300-Activities-Furmanovka_Khmelnytskyi_Oblast.html
Syedove attractions, Donetsk Oblast, /Attractions-g3181703-Activities-Syedove_Donetsk_Oblast.html
Vishnevets attractions, Ternopil Oblast, /Attractions-g7952577-Activities-Vishnevets_Ternopil_Oblast.html
Okonsk attractions, Volyn Oblast, /Attractions-g8090816-Activities-Okonsk_Volyn_Oblast.html
Reshetylivka attractions, Poltava Oblast, /Attractions-g11997196-Activities-Reshetylivka_Poltava_Oblast.html
Semyduby attractions, Rivne Oblast, /Attractions-g17912238-Activities-Semyduby_Rivne_Oblast.html
Oryavchyk attractions, Skolivs'kyi District, /Attractions-g4430982-Activities-Oryavchyk_Skolivs_kyi_District_Lviv_Oblast.html
Peresopnitsa attractions, Rivne Oblast, /Attractions-g8090812-Activities-Peresopnitsa_Rivne_Oblast.html
Tysobyken' attractions, Zakarpattia Oblast, /Attractions-g11872380-Activities-Tysobyken_Zakarpattia_Oblast.html
Strizhavka attractions, Vinnytsia Oblast, /Attractions-g15263783-Activities-Strizhavka_Vinnytsia_Oblast.html
Rokosovo attractions, Zakarpattia Oblast, /Attractions-g17532379-Activities-Rokosovo_Zakarpattia_Oblast.html
Parkhomovka attractions, Kiev Oblast, /Attractions-g12549223-Activities-Parkhomovka_Kiev_Oblast.html
Oriv attractions, Skolivs'kyi District, /Attractions-g12053610-Activities-Oriv_Skolivs_kyi_District_Lviv_Oblast.html
Sharivka attractions, Kharkiv Oblast, /Attractions-g14782467-Activities-Sharivka_Kharkiv_Oblast.html
Bystrichi attractions, Rivne Oblast, /Attractions-g15263755-Activities-Bystrichi_Rivne_Oblast.html
Malyi Sambir attractions, Sumy Oblast, /Attractions-g12171356-Activities-Malyi_Sambir_Sumy_Oblast.html
Svirzh attractions, Lviv Oblast, /Attractions-g1657086-Activities-Svirzh_Lviv_Oblast.html
Novaya Sloboda attractions, Sumy Oblast, /Attractions-g12171345-Activities-Novaya_Sloboda_Sumy_Oblast.html
Zhydychyn attractions, Volyn Oblast, /Attractions-g14782475-Activities-Zhydychyn_Volyn_Oblast.html
Zmiinets attractions, Volyn Oblast, /Attractions-g12545106-Activities-Zmiinets_Volyn_Oblast.html
Mamaivtsi attractions, Chernivtsi Oblast, /Attractions-g11872346-Activities-Mamaivtsi_Chernivtsi_Oblast.html
Hostomel attractions, Kiev Oblast, /Attractions-g9764966-Activities-Hostomel_Kiev_Oblast.html
Vyzhnytsya attractions, Chernivtsi Oblast, /Attractions-g8744050-Activities-Vyzhnytsya_Chernivtsi_Oblast.html
Seredyna-Buda attractions, Sumy Oblast, /Attractions-g12171328-Activities-Seredyna_Buda_Sumy_Oblast.html
Nemyrivka attractions, Zhytomyr Oblast, /Attractions-g14782491-Activities-Nemyrivka_Zhytomyr_Oblast.html
Melioratyvne attractions, Dnipropetrovsk Oblast, /Attractions-g19492306-Activities-Melioratyvne_Dnipropetrovsk_Oblast.html
Kolonshchyna attractions, Kiev Oblast, /Attractions-g12545090-Activities-Kolonshchyna_Kiev_Oblast.html
Krekhiv attractions, Lviv Oblast, /Attractions-g7198866-Activities-Krekhiv_Lviv_Oblast.html
Lisne attractions, Kharkiv Oblast, /Attractions-g3383601-Activities-Lisne_Kharkiv_Oblast.html
Lyman attractions, Odessa Oblast, /Attractions-g17602575-Activities-Lyman_Odessa_Oblast.html
Brats’ke attractions, Dnipropetrovsk Oblast, /Attractions-g12149178-Activities-Brats_ke_Dnipropetrovsk_Oblast.html
Mhar attractions, Poltava Oblast, /Attractions-g11982271-Activities-Mhar_Poltava_Oblast.html
Soledar attractions, Donetsk Oblast, /Attractions-g2706723-Activities-Soledar_Donetsk_Oblast.html
Podgortsy attractions, Kiev Oblast, /Attractions-g3916086-Activities-Podgortsy_Kiev_Oblast.html
Orzhytsya attractions, Poltava Oblast, /Attractions-g11982265-Activities-Orzhytsya_Poltava_Oblast.html
