province_name, region_name, province_url
Tokivs'ke attractions, Dnipropetrovsk Oblast, /Attractions-g12150042-Activities-Tokivs_ke_Dnipropetrovsk_Oblast.html
Mala Kardashinka attractions, Kherson Oblast, /Attractions-g15527240-Activities-Mala_Kardashinka_Kherson_Oblast.html
Tyachiv attractions, Zakarpattia Oblast, /Attractions-g12134687-Activities-Tyachiv_Zakarpattia_Oblast.html
Sokyryntsi attractions, Chernihiv Oblast, /Attractions-g11640065-Activities-Sokyryntsi_Chernihiv_Oblast.html
Demidov attractions, Kiev Oblast, /Attractions-g8596786-Activities-Demidov_Kiev_Oblast.html
Pavlivka attractions, Odessa Oblast, /Attractions-g15527256-Activities-Pavlivka_Odessa_Oblast.html
Buki attractions, Cherkasy Oblast, /Attractions-g11750661-Activities-Buki_Cherkasy_Oblast.html
Pryvillya attractions, Luhansk Oblast, /Attractions-g21118200-Activities-Pryvillya_Luhansk_Oblast.html
Novoselytsya attractions, Zakarpattia Oblast, /Attractions-g17384631-Activities-Novoselytsya_Zakarpattia_Oblast.html
Oksamytne attractions, Odessa Oblast, /Attractions-g20056308-Activities-Oksamytne_Odessa_Oblast.html
Parutyne attractions, Mykolaiv Oblast, /Attractions-g3743221-Activities-Parutyne_Mykolaiv_Oblast.html
Lovahy attractions, Ivano-Frankivsk Oblast, /Attractions-g21048469-Activities-Lovahy_Ivano_Frankivsk_Oblast.html
Antonivka attractions, Rivne Oblast, /Attractions-g12128620-Activities-Antonivka_Rivne_Oblast.html
Chervona Ukrainka attractions, Mykolaiv Oblast, /Attractions-g15042876-Activities-Chervona_Ukrainka_Mykolaiv_Oblast.html
Oleshnya attractions, Chernihiv Oblast, /Attractions-g12171621-Activities-Oleshnya_Chernihiv_Oblast.html
Zmiyivka attractions, Kherson Oblast, /Attractions-g17634512-Activities-Zmiyivka_Kherson_Oblast.html
Subotiv attractions, Cherkasy Oblast, /Attractions-g11680086-Activities-Subotiv_Cherkasy_Oblast.html
Berestechko attractions, Volyn Oblast, /Attractions-g9595255-Activities-Berestechko_Volyn_Oblast.html
Seleznivka attractions, Luhansk Oblast, /Attractions-g15038720-Activities-Seleznivka_Luhansk_Oblast.html
Tairove attractions, Odessa Oblast, /Attractions-g8838506-Activities-Tairove_Odessa_Oblast.html
Velyki Budyshcha attractions, Poltava Oblast, /Attractions-g13370657-Activities-Velyki_Budyshcha_Poltava_Oblast.html
Zarichovo attractions, Zakarpattia Oblast, /Attractions-g9720167-Activities-Zarichovo_Zakarpattia_Oblast.html
Botar attractions, Zakarpattia Oblast, /Attractions-g12118348-Activities-Botar_Zakarpattia_Oblast.html
Abazivka attractions, Poltava Oblast, /Attractions-g21318833-Activities-Abazivka_Poltava_Oblast.html
Sokal attractions, Lviv Oblast, /Attractions-g8671600-Activities-Sokal_Lviv_Oblast.html
Borisovka attractions, Dnipropetrovsk Oblast, /Attractions-g12150093-Activities-Borisovka_Dnipropetrovsk_Oblast.html
Horbovychi attractions, Kiev Oblast, /Attractions-g15563028-Activities-Horbovychi_Kiev_Oblast.html
Soymy attractions, Zakarpattia Oblast, /Attractions-g10355359-Activities-Soymy_Zakarpattia_Oblast.html
Pisky attractions, Volyn Oblast, /Attractions-g9595539-Activities-Pisky_Volyn_Oblast.html
Antratsyt attractions, Luhansk Oblast, /Attractions-g6845033-Activities-Antratsyt_Luhansk_Oblast.html
Bobrytsya attractions, Kiev Oblast, /Attractions-g13007567-Activities-Bobrytsya_Kiev_Oblast.html
Bronka attractions, Zakarpattia Oblast, /Attractions-g12988108-Activities-Bronka_Zakarpattia_Oblast.html
Podobovets attractions, Zakarpattia Oblast, /Attractions-g6220367-Activities-Podobovets_Zakarpattia_Oblast.html
Maliyevtsy attractions, Khmelnytskyi Oblast, /Attractions-g8628880-Activities-Maliyevtsy_Khmelnytskyi_Oblast.html
Bubnyshche attractions, Ivano-Frankivsk Oblast, /Attractions-g12123819-Activities-Bubnyshche_Ivano_Frankivsk_Oblast.html
Sinyak attractions, Zakarpattia Oblast, /Attractions-g12129953-Activities-Sinyak_Zakarpattia_Oblast.html
Dmytrovychi attractions, Lviv Oblast, /Attractions-g12570279-Activities-Dmytrovychi_Lviv_Oblast.html
Trypillya attractions, Kiev Oblast, /Attractions-g12157607-Activities-Trypillya_Kiev_Oblast.html
Torchyn attractions, Volyn Oblast, /Attractions-g15608527-Activities-Torchyn_Volyn_Oblast.html
Kobelyaky attractions, Poltava Oblast, /Attractions-g12162716-Activities-Kobelyaky_Poltava_Oblast.html
Samchiki attractions, Khmelnytskyi Oblast, /Attractions-g6939215-Activities-Samchiki_Khmelnytskyi_Oblast.html
Zhydachiv attractions, Lviv Oblast, /Attractions-g6153850-Activities-Zhydachiv_Lviv_Oblast.html
Belaya Krinitsa attractions, Chernivtsi Oblast, /Attractions-g7021132-Activities-Belaya_Krinitsa_Chernivtsi_Oblast.html
Knyazhdvir attractions, Ivano-Frankivsk Oblast, /Attractions-g4765283-Activities-Knyazhdvir_Ivano_Frankivsk_Oblast.html
Lyubar attractions, Zhytomyr Oblast, /Attractions-g8493741-Activities-Lyubar_Zhytomyr_Oblast.html
Gusintsy attractions, Kiev Oblast, /Attractions-g21358440-Activities-Gusintsy_Kiev_Oblast.html
Novoselivka attractions, Dnipropetrovsk Oblast, /Attractions-g8686251-Activities-Novoselivka_Dnipropetrovsk_Oblast.html
Krasiv attractions, Lviv Oblast, /Attractions-g15410911-Activities-Krasiv_Lviv_Oblast.html
Lysychovo attractions, Zakarpattia Oblast, /Attractions-g12134031-Activities-Lysychovo_Zakarpattia_Oblast.html
Kvasy attractions, Zakarpattia Oblast, /Attractions-g2550289-Activities-Kvasy_Zakarpattia_Oblast.html
