province_name, region_name, province_url
Chornukhy attractions, Poltava Oblast, /Attractions-g14007835-Activities-Chornukhy_Poltava_Oblast.html
Vyzyrka attractions, Odessa Oblast, /Attractions-g21211021-Activities-Vyzyrka_Odessa_Oblast.html
Avangard attractions, Odessa Oblast, /Attractions-g15264316-Activities-Avangard_Odessa_Oblast.html
Malodolyns'ke attractions, Odessa Oblast, /Attractions-g12133996-Activities-Malodolyns_ke_Odessa_Oblast.html
Staryi Skalat attractions, Ternopil Oblast, /Attractions-g21175194-Activities-Staryi_Skalat_Ternopil_Oblast.html
Radovichi attractions, Volyn Oblast, /Attractions-g15420977-Activities-Radovichi_Volyn_Oblast.html
Dobromyl attractions, Lviv Oblast, /Attractions-g15411761-Activities-Dobromyl_Lviv_Oblast.html
Degtyari attractions, Chernihiv Oblast, /Attractions-g9599566-Activities-Degtyari_Chernihiv_Oblast.html
Lub'yana attractions, Lviv Oblast, /Attractions-g12129895-Activities-Lub_yana_Lviv_Oblast.html
Boyany attractions, Chernivtsi Oblast, /Attractions-g3221201-Activities-Boyany_Chernivtsi_Oblast.html
Ivanky attractions, Cherkasy Oblast, /Attractions-g11717204-Activities-Ivanky_Cherkasy_Oblast.html
Buzova attractions, Kiev Oblast, /Attractions-g3221206-Activities-Buzova_Kiev_Oblast.html
Horodyshche attractions, Cherkasy Oblast, /Attractions-g11717205-Activities-Horodyshche_Cherkasy_Oblast.html
Zhashkiv attractions, Cherkasy Oblast, /Attractions-g7620229-Activities-Zhashkiv_Cherkasy_Oblast.html
Bukove attractions, Ivano-Frankivsk Oblast, /Attractions-g18188262-Activities-Bukove_Ivano_Frankivsk_Oblast.html
Trostyanets attractions, Chernihiv Oblast, /Attractions-g9599585-Activities-Trostyanets_Chernihiv_Oblast.html
Bilsk attractions, Poltava Oblast, /Attractions-g15411742-Activities-Bilsk_Poltava_Oblast.html
Lyadova attractions, Vinnytsia Oblast, /Attractions-g8758899-Activities-Lyadova_Vinnytsia_Oblast.html
Ichnya attractions, Chernihiv Oblast, /Attractions-g9599589-Activities-Ichnya_Chernihiv_Oblast.html
Cherevychne attractions, Odessa Oblast, /Attractions-g6998673-Activities-Cherevychne_Odessa_Oblast.html
Stebnyk attractions, Lviv Oblast, /Attractions-g16782332-Activities-Stebnyk_Lviv_Oblast.html
Velyka Buhaivka attractions, Kiev Oblast, /Attractions-g21291961-Activities-Velyka_Buhaivka_Kiev_Oblast.html
Buda attractions, Cherkasy Oblast, /Attractions-g18192916-Activities-Buda_Cherkasy_Oblast.html
Chynadiyovo attractions, Zakarpattia Oblast, /Attractions-g8661894-Activities-Chynadiyovo_Zakarpattia_Oblast.html
Nemyriv attractions, Vinnytsia Oblast, /Attractions-g1816351-Activities-Nemyriv_Vinnytsia_Oblast.html
Zalischyky attractions, Ternopil Oblast, /Attractions-g1816349-Activities-Zalischyky_Ternopil_Oblast.html
Lebedyn attractions, Cherkasy Oblast, /Attractions-g11849650-Activities-Lebedyn_Cherkasy_Oblast.html
Pliskachevka attractions, Cherkasy Oblast, /Attractions-g11737019-Activities-Pliskachevka_Cherkasy_Oblast.html
Univ attractions, Lviv Oblast, /Attractions-g10594216-Activities-Univ_Lviv_Oblast.html
Tsuman attractions, Volyn Oblast, /Attractions-g8108919-Activities-Tsuman_Volyn_Oblast.html
Teterivka attractions, Zhytomyr Oblast, /Attractions-g19126834-Activities-Teterivka_Zhytomyr_Oblast.html
Kid'osh attractions, Zakarpattia Oblast, /Attractions-g9726849-Activities-Kid_osh_Zakarpattia_Oblast.html
Saf'yany attractions, Odessa Oblast, /Attractions-g21327453-Activities-Saf_yany_Odessa_Oblast.html
Olenovka attractions, Donetsk Oblast, /Attractions-g7019378-Activities-Olenovka_Donetsk_Oblast.html
Fastiv attractions, Kiev Oblast, /Attractions-g8628120-Activities-Fastiv_Kiev_Oblast.html
Budyshche attractions, Cherkasy Oblast, /Attractions-g15550408-Activities-Budyshche_Cherkasy_Oblast.html
Vuchkove attractions, Zakarpattia Oblast, /Attractions-g17456684-Activities-Vuchkove_Zakarpattia_Oblast.html
Vyshen'ky attractions, Chernihiv Oblast, /Attractions-g21287533-Activities-Vyshen_ky_Chernihiv_Oblast.html
Serednii Uhryniv attractions, Ivano-Frankivsk Oblast, /Attractions-g12536725-Activities-Serednii_Uhryniv_Ivano_Frankivsk_Oblast.html
Sosnytsia attractions, Chernihiv Oblast, /Attractions-g10090420-Activities-Sosnytsia_Chernihiv_Oblast.html
Morintsy attractions, Cherkasy Oblast, /Attractions-g10189738-Activities-Morintsy_Cherkasy_Oblast.html
Halaiky attractions, Kiev Oblast, /Attractions-g12149647-Activities-Halaiky_Kiev_Oblast.html
Krasnodon attractions, Luhansk Oblast, /Attractions-g1816355-Activities-Krasnodon_Luhansk_Oblast.html
Bryukhovychi attractions, Lviv Oblast, /Attractions-g3575670-Activities-Bryukhovychi_Lviv_Oblast.html
Ivkivtsi attractions, Cherkasy Oblast, /Attractions-g12574719-Activities-Ivkivtsi_Cherkasy_Oblast.html
Irzhavets attractions, Chernihiv Oblast, /Attractions-g12574712-Activities-Irzhavets_Chernihiv_Oblast.html
Pidzamochok attractions, Ternopil Oblast, /Attractions-g13908888-Activities-Pidzamochok_Ternopil_Oblast.html
Potelych attractions, Lviv Oblast, /Attractions-g12574706-Activities-Potelych_Lviv_Oblast.html
Havronshchyna attractions, Kiev Oblast, /Attractions-g12134388-Activities-Havronshchyna_Kiev_Oblast.html
Ivanovka attractions, Luhansk Oblast, /Attractions-g8628182-Activities-Ivanovka_Luhansk_Oblast.html
