province_name, region_name, province_url
Sutkovtsy attractions, Khmelnytskyi Oblast, /Attractions-g8629078-Activities-Sutkovtsy_Khmelnytskyi_Oblast.html
Hirka Polonka attractions, Volyn Oblast, /Attractions-g17602286-Activities-Hirka_Polonka_Volyn_Oblast.html
Pyatnichany attractions, Lviv Oblast, /Attractions-g16828130-Activities-Pyatnichany_Lviv_Oblast.html
Zarichany attractions, Zhytomyr Oblast, /Attractions-g13350703-Activities-Zarichany_Zhytomyr_Oblast.html
Verbovets attractions, Kosivs'kyi District, /Attractions-g11751255-Activities-Verbovets_Kosivs_kyi_District_Ivano_Frankivsk_Oblast.html
Kosuv Stary attractions, Kosivs'kyi District, /Attractions-g9710460-Activities-Kosuv_Stary_Kosivs_kyi_District_Ivano_Frankivsk_Oblast.html
Muzhiyevo attractions, Zakarpattia Oblast, /Attractions-g9726847-Activities-Muzhiyevo_Zakarpattia_Oblast.html
Prolisky attractions, Kiev Oblast, /Attractions-g12162901-Activities-Prolisky_Kiev_Oblast.html
Kozats’ke attractions, Kherson Oblast, /Attractions-g15264516-Activities-Kozats_ke_Kherson_Oblast.html
Veselivka attractions, Poltava Oblast, /Attractions-g12134228-Activities-Veselivka_Poltava_Oblast.html
Berezivka attractions, Odessa Oblast, /Attractions-g12056410-Activities-Berezivka_Odessa_Oblast.html
Barmaky attractions, Rivne Oblast, /Attractions-g17753825-Activities-Barmaky_Rivne_Oblast.html
Molodizhne attractions, Odessa Oblast, /Attractions-g12130120-Activities-Molodizhne_Odessa_Oblast.html
Babai attractions, Kharkiv Oblast, /Attractions-g6959003-Activities-Babai_Kharkiv_Oblast.html
Orlivka attractions, Odessa Oblast, /Attractions-g14159659-Activities-Orlivka_Odessa_Oblast.html
Brailiv attractions, Vinnytsia Oblast, /Attractions-g12134220-Activities-Brailiv_Vinnytsia_Oblast.html
Hulyaypole attractions, Zaporizhia Oblast, /Attractions-g8621947-Activities-Hulyaypole_Zaporizhia_Oblast.html
Velyatyn attractions, Zakarpattia Oblast, /Attractions-g12162882-Activities-Velyatyn_Zakarpattia_Oblast.html
Pochayev attractions, Ternopil Oblast, /Attractions-g321528-Activities-Pochayev_Ternopil_Oblast.html
Hustynya attractions, Chernihiv Oblast, /Attractions-g8621950-Activities-Hustynya_Chernihiv_Oblast.html
