province_name, region_name, province_url
Zaturtsi attractions, Volyn Oblast, /Attractions-g9595266-Activities-Zaturtsi_Volyn_Oblast.html
Sosnove attractions, Rivne Oblast, /Attractions-g675103-Activities-Sosnove_Rivne_Oblast.html
Lukiv attractions, Volyn Oblast, /Attractions-g13488603-Activities-Lukiv_Volyn_Oblast.html
Obroshino attractions, Lviv Oblast, /Attractions-g7208309-Activities-Obroshino_Lviv_Oblast.html
Krasne attractions, Luhansk Oblast, /Attractions-g15527411-Activities-Krasne_Luhansk_Oblast.html
Vasyutintsy attractions, Cherkasy Oblast, /Attractions-g11742612-Activities-Vasyutintsy_Cherkasy_Oblast.html
Zalissya attractions, Ternopil Oblast, /Attractions-g3597594-Activities-Zalissya_Ternopil_Oblast.html
Artemivsk attractions, Donetsk Oblast, /Attractions-g6749514-Activities-Artemivsk_Donetsk_Oblast.html
Zholdaky attractions, Sumy Oblast, /Attractions-g15264197-Activities-Zholdaky_Sumy_Oblast.html
Stavki attractions, Mykolaiv Oblast, /Attractions-g9786808-Activities-Stavki_Mykolaiv_Oblast.html
Stara Nekrasivka attractions, Odessa Oblast, /Attractions-g12123542-Activities-Stara_Nekrasivka_Odessa_Oblast.html
Myrne attractions, Zaporizhia Oblast, /Attractions-g12130697-Activities-Myrne_Zaporizhia_Oblast.html
Turchinovka attractions, Zhytomyr Oblast, /Attractions-g10543506-Activities-Turchinovka_Zhytomyr_Oblast.html
Revakivtsi attractions, Chernivtsi Oblast, /Attractions-g12128652-Activities-Revakivtsi_Chernivtsi_Oblast.html
Buki attractions, Kiev Oblast, /Attractions-g8068429-Activities-Buki_Kiev_Oblast.html
Chaiky attractions, Kiev Oblast, /Attractions-g12158342-Activities-Chaiky_Kiev_Oblast.html
Bakaivka attractions, Cherkasy Oblast, /Attractions-g12157318-Activities-Bakaivka_Cherkasy_Oblast.html
Bucha attractions, Kiev Oblast, /Attractions-g6819118-Activities-Bucha_Kiev_Oblast.html
Kakhovka attractions, Kherson Oblast, /Attractions-g4452619-Activities-Kakhovka_Kherson_Oblast.html
Bohachivka attractions, Cherkasy Oblast, /Attractions-g15527333-Activities-Bohachivka_Cherkasy_Oblast.html
Horinchovo attractions, Zakarpattia Oblast, /Attractions-g16817226-Activities-Horinchovo_Zakarpattia_Oblast.html
Zarvanytsia attractions, Ternopil Oblast, /Attractions-g13977991-Activities-Zarvanytsia_Ternopil_Oblast.html
Solochyn attractions, Zakarpattia Oblast, /Attractions-g6375734-Activities-Solochyn_Zakarpattia_Oblast.html
Chubinske attractions, Kiev Oblast, /Attractions-g4224293-Activities-Chubinske_Kiev_Oblast.html
Dzharylhach attractions, Kherson Oblast, /Attractions-g20215890-Activities-Dzharylhach_Kherson_Oblast.html
Pokrovka attractions, Odessa Oblast, /Attractions-g19091528-Activities-Pokrovka_Odessa_Oblast.html
Chernelytsya attractions, Ivano-Frankivsk Oblast, /Attractions-g8013078-Activities-Chernelytsya_Ivano_Frankivsk_Oblast.html
Yenakijeve attractions, Donetsk Oblast, /Attractions-g12149204-Activities-Yenakijeve_Donetsk_Oblast.html
Vita Pochtovaya attractions, Kiev Oblast, /Attractions-g8671723-Activities-Vita_Pochtovaya_Kiev_Oblast.html
Zamostya attractions, Volyn Oblast, /Attractions-g15264153-Activities-Zamostya_Volyn_Oblast.html
Mel'nyky attractions, Cherkasy Oblast, /Attractions-g12130760-Activities-Mel_nyky_Cherkasy_Oblast.html
Stradch attractions, Lviv Oblast, /Attractions-g12133836-Activities-Stradch_Lviv_Oblast.html
Medvyn attractions, Kiev Oblast, /Attractions-g12552647-Activities-Medvyn_Kiev_Oblast.html
Nadiya attractions, Zaporizhia Oblast, /Attractions-g21410876-Activities-Nadiya_Zaporizhia_Oblast.html
Berezanka attractions, Mykolaiv Oblast, /Attractions-g9554413-Activities-Berezanka_Mykolaiv_Oblast.html
Krasnosillya attractions, Rivne Oblast, /Attractions-g17742963-Activities-Krasnosillya_Rivne_Oblast.html
Velikiye Berezhtsy attractions, Ternopil Oblast, /Attractions-g8647938-Activities-Velikiye_Berezhtsy_Ternopil_Oblast.html
Kalynivka attractions, Vinnytsia Oblast, /Attractions-g8678656-Activities-Kalynivka_Vinnytsia_Oblast.html
Staryava attractions, Lviv Oblast, /Attractions-g8628486-Activities-Staryava_Lviv_Oblast.html
Pyiterfolvo attractions, Zakarpattia Oblast, /Attractions-g12118321-Activities-Pyiterfolvo_Zakarpattia_Oblast.html
Velyka Dymerka attractions, Kiev Oblast, /Attractions-g12171574-Activities-Velyka_Dymerka_Kiev_Oblast.html
Vyshka attractions, Zakarpattia Oblast, /Attractions-g3442086-Activities-Vyshka_Zakarpattia_Oblast.html
Mezhyrich attractions, Rivne Oblast, /Attractions-g9596160-Activities-Mezhyrich_Rivne_Oblast.html
Vovnyanka attractions, Poltava Oblast, /Attractions-g21318864-Activities-Vovnyanka_Poltava_Oblast.html
Sontsivka attractions, Donetsk Oblast, /Attractions-g16719206-Activities-Sontsivka_Donetsk_Oblast.html
Dokuchayevsk attractions, Donetsk Oblast, /Attractions-g21318879-Activities-Dokuchayevsk_Donetsk_Oblast.html
Nevytske attractions, Zakarpattia Oblast, /Attractions-g7306740-Activities-Nevytske_Zakarpattia_Oblast.html
Rodatychi attractions, Lviv Oblast, /Attractions-g12134693-Activities-Rodatychi_Lviv_Oblast.html
Bilokrynytsya attractions, Ternopil Oblast, /Attractions-g21285093-Activities-Bilokrynytsya_Ternopil_Oblast.html
Lykhivka attractions, Dnipropetrovsk Oblast, /Attractions-g12128539-Activities-Lykhivka_Dnipropetrovsk_Oblast.html
