province_name, region_name, province_url
Rivne attractions, Rivne Oblast, /Attractions-g777826-Activities-Rivne_Rivne_Oblast.html
Kropyvnytskyi attractions, Kirovohrad Oblast, /Attractions-g298056-Activities-Kropyvnytskyi_Kirovohrad_Oblast.html
Ternopil attractions, Ternopil Oblast, /Attractions-g681180-Activities-Ternopil_Ternopil_Oblast.html
Chernihiv attractions, Chernihiv Oblast, /Attractions-g298051-Activities-Chernihiv_Chernihiv_Oblast.html
Zhytomyr attractions, Zhytomyr Oblast, /Attractions-g298050-Activities-Zhytomyr_Zhytomyr_Oblast.html
Uzhhorod attractions, Zakarpattia Oblast, /Attractions-g298059-Activities-Uzhhorod_Zakarpattia_Oblast.html
Lutsk attractions, Volyn Oblast, /Attractions-g1602458-Activities-Lutsk_Volyn_Oblast.html
Kamianets-Podilskyi attractions, Khmelnytskyi Oblast, /Attractions-g659293-Activities-Kamianets_Podilskyi_Khmelnytskyi_Oblast.html
Mykolayiv attractions, Mykolaiv Oblast, /Attractions-g298052-Activities-Mykolayiv_Mykolaiv_Oblast.html
Vinnytsia attractions, Vinnytsia Oblast, /Attractions-g940873-Activities-Vinnytsia_Vinnytsia_Oblast.html
Zaporizhzhya attractions, Zaporizhia Oblast, /Attractions-g298049-Activities-Zaporizhzhya_Zaporizhia_Oblast.html
Chernivtsi attractions, Chernivtsi Oblast, /Attractions-g298054-Activities-Chernivtsi_Chernivtsi_Oblast.html
Poltava attractions, Poltava Oblast, /Attractions-g298047-Activities-Poltava_Poltava_Oblast.html
Donetsk attractions, Donetsk Oblast, /Attractions-g298046-Activities-Donetsk_Donetsk_Oblast.html
Dnipro attractions, Dnipropetrovsk Oblast, /Attractions-g298045-Activities-Dnipro_Dnipropetrovsk_Oblast.html
Kharkiv attractions, Kharkiv Oblast, /Attractions-g295369-Activities-Kharkiv_Kharkiv_Oblast.html
Lviv attractions, Lviv Oblast, /Attractions-g295377-Activities-Lviv_Lviv_Oblast.html
Odessa attractions, Odessa Oblast, /Attractions-g295368-Activities-Odessa_Odessa_Oblast.html
Kyiv (Kiev) attractions, Ukraine, /Attractions-g294474-Activities-Kyiv_Kiev.html
