province_name, region_name, province_url
Kaniv attractions, Cherkasy Oblast, /Attractions-g1647508-Activities-Kaniv_Cherkasy_Oblast.html
Pylypets attractions, Zakarpattia Oblast, /Attractions-g1379247-Activities-Pylypets_Zakarpattia_Oblast.html
Genicheskaya Gorka attractions, Kherson Oblast, /Attractions-g8618120-Activities-Genicheskaya_Gorka_Kherson_Oblast.html
Lyubeshiv attractions, Volyn Oblast, /Attractions-g9463972-Activities-Lyubeshiv_Volyn_Oblast.html
Khartsyzsk attractions, Donetsk Oblast, /Attractions-g5484649-Activities-Khartsyzsk_Donetsk_Oblast.html
Yasinovataya attractions, Donetsk Oblast, /Attractions-g5484652-Activities-Yasinovataya_Donetsk_Oblast.html
Chyhyryn attractions, Cherkasy Oblast, /Attractions-g8294406-Activities-Chyhyryn_Cherkasy_Oblast.html
Sviatohirsk attractions, Donetsk Oblast, /Attractions-g2646097-Activities-Sviatohirsk_Donetsk_Oblast.html
Izyum attractions, Kharkiv Oblast, /Attractions-g6208758-Activities-Izyum_Kharkiv_Oblast.html
Synevyr attractions, Zakarpattia Oblast, /Attractions-g8631353-Activities-Synevyr_Zakarpattia_Oblast.html
Pidhirtsi attractions, Lviv Oblast, /Attractions-g1657088-Activities-Pidhirtsi_Lviv_Oblast.html
Vynohradiv attractions, Zakarpattia Oblast, /Attractions-g3737873-Activities-Vynohradiv_Zakarpattia_Oblast.html
Nova Kakhovka attractions, Kherson Oblast, /Attractions-g4452620-Activities-Nova_Kakhovka_Kherson_Oblast.html
Mayaky attractions, Odessa Oblast, /Attractions-g9700627-Activities-Mayaky_Odessa_Oblast.html
Roztoky attractions, Chernivtsi Oblast, /Attractions-g15527294-Activities-Roztoky_Chernivtsi_Oblast.html
Polyana attractions, Zakarpattia Oblast, /Attractions-g3442088-Activities-Polyana_Zakarpattia_Oblast.html
Yakymivs'kyi district attractions, Zaporizhia Oblast, /Attractions-g18365611-Activities-Yakymivs_kyi_district_Zaporizhia_Oblast.html
Vyhoda attractions, Ivano-Frankivsk Oblast, /Attractions-g12134663-Activities-Vyhoda_Ivano_Frankivsk_Oblast.html
Myhove attractions, Chernivtsi Oblast, /Attractions-g6215053-Activities-Myhove_Chernivtsi_Oblast.html
Brody attractions, Lviv Oblast, /Attractions-g8068518-Activities-Brody_Lviv_Oblast.html
Tukhlya attractions, Skolivs'kyi District, /Attractions-g12128579-Activities-Tukhlya_Skolivs_kyi_District_Lviv_Oblast.html
Kyrylivka attractions, Yakymivs'kyi district, /Attractions-g2550286-Activities-Kyrylivka_Yakymivs_kyi_district_Zaporizhia_Oblast.html
Zelene attractions, Verkhovyns'kyi District, /Attractions-g18455376-Activities-Zelene_Verkhovyns_kyi_District_Ivano_Frankivsk_Oblast.html
Bolhrad attractions, Odessa Oblast, /Attractions-g6495796-Activities-Bolhrad_Odessa_Oblast.html
Voznesensk attractions, Mykolaiv Oblast, /Attractions-g3569239-Activities-Voznesensk_Mykolaiv_Oblast.html
Vyshneve attractions, Kiev Oblast, /Attractions-g6026976-Activities-Vyshneve_Kiev_Oblast.html
Shabo attractions, Odessa Oblast, /Attractions-g8682078-Activities-Shabo_Odessa_Oblast.html
Nerubayskoye attractions, Odessa Oblast, /Attractions-g6973110-Activities-Nerubayskoye_Odessa_Oblast.html
Tulchyn attractions, Vinnytsia Oblast, /Attractions-g8758888-Activities-Tulchyn_Vinnytsia_Oblast.html
Medzhybizh attractions, Khmelnytskyi Oblast, /Attractions-g2550494-Activities-Medzhybizh_Khmelnytskyi_Oblast.html
Osmoloda attractions, Ivano-Frankivsk Oblast, /Attractions-g2531074-Activities-Osmoloda_Ivano_Frankivsk_Oblast.html
Starokostyantyniv attractions, Khmelnytskyi Oblast, /Attractions-g6966056-Activities-Starokostyantyniv_Khmelnytskyi_Oblast.html
Satanov attractions, Khmelnytskyi Oblast, /Attractions-g7074567-Activities-Satanov_Khmelnytskyi_Oblast.html
Kolomyia attractions, Ivano-Frankivsk Oblast, /Attractions-g790410-Activities-Kolomyia_Ivano_Frankivsk_Oblast.html
Kostopil attractions, Rivne Oblast, /Attractions-g8627978-Activities-Kostopil_Rivne_Oblast.html
Lisnyky attractions, Kiev Oblast, /Attractions-g8678216-Activities-Lisnyky_Kiev_Oblast.html
Vyshhorod attractions, Vyshgorod District, /Attractions-g2543555-Activities-Vyshhorod_Vyshgorod_District_Kiev_Oblast.html
Bilosaraiska Kosa attractions, Donetsk Oblast, /Attractions-g6160459-Activities-Bilosaraiska_Kosa_Donetsk_Oblast.html
Novohrad-Volyns'kyi attractions, Zhytomyr Oblast, /Attractions-g5556344-Activities-Novohrad_Volyns_kyi_Zhytomyr_Oblast.html
Vasylivka attractions, Zaporizhia Oblast, /Attractions-g3862540-Activities-Vasylivka_Zaporizhia_Oblast.html
Lazurne attractions, Kherson Oblast, /Attractions-g8309829-Activities-Lazurne_Kherson_Oblast.html
Shayan attractions, Zakarpattia Oblast, /Attractions-g1221704-Activities-Shayan_Zakarpattia_Oblast.html
Pustoviitivka attractions, Sumy Oblast, /Attractions-g12149990-Activities-Pustoviitivka_Sumy_Oblast.html
Khoroshiv attractions, Zhytomyr Oblast, /Attractions-g15263901-Activities-Khoroshiv_Zhytomyr_Oblast.html
Verem'ya attractions, Kiev Oblast, /Attractions-g9681980-Activities-Verem_ya_Kiev_Oblast.html
Kelechyn attractions, Zakarpattia Oblast, /Attractions-g12923006-Activities-Kelechyn_Zakarpattia_Oblast.html
Oster attractions, Chernihiv Oblast, /Attractions-g7952561-Activities-Oster_Chernihiv_Oblast.html
Dunaivtsi attractions, Khmelnytskyi Oblast, /Attractions-g6676661-Activities-Dunaivtsi_Khmelnytskyi_Oblast.html
Manyava attractions, Ivano-Frankivsk Oblast, /Attractions-g7092379-Activities-Manyava_Ivano_Frankivsk_Oblast.html
Onyshkivtsi attractions, Rivne Oblast, /Attractions-g4917429-Activities-Onyshkivtsi_Rivne_Oblast.html
