province_name, region_name, province_url
Melitopol attractions, Zaporizhia Oblast, /Attractions-g3167800-Activities-Melitopol_Zaporizhia_Oblast.html
Volodymyr-Volyns'kyy attractions, Volyn Oblast, /Attractions-g2550276-Activities-Volodymyr_Volyns_kyy_Volyn_Oblast.html
Stryi attractions, Stryis'kyi District, /Attractions-g3221146-Activities-Stryi_Stryis_kyi_District_Lviv_Oblast.html
Khust attractions, Zakarpattia Oblast, /Attractions-g3176267-Activities-Khust_Zakarpattia_Oblast.html
Chortkiv attractions, Ternopil Oblast, /Attractions-g790411-Activities-Chortkiv_Ternopil_Oblast.html
Pereiaslav-Khmelnytskyi attractions, Kiev Oblast, /Attractions-g2167724-Activities-Pereiaslav_Khmelnytskyi_Kiev_Oblast.html
Avdeyevka attractions, Donetsk Oblast, /Attractions-g5484648-Activities-Avdeyevka_Donetsk_Oblast.html
Nikopol attractions, Dnipropetrovsk Oblast, /Attractions-g1575093-Activities-Nikopol_Dnipropetrovsk_Oblast.html
Horodenka attractions, Ivano-Frankivsk Oblast, /Attractions-g6208868-Activities-Horodenka_Ivano_Frankivsk_Oblast.html
Kryvorivnya attractions, Verkhovyns'kyi District, /Attractions-g12212585-Activities-Kryvorivnya_Verkhovyns_kyi_District_Ivano_Frankivsk_Oblast.html
Yasinya attractions, Zakarpattia Oblast, /Attractions-g6123036-Activities-Yasinya_Zakarpattia_Oblast.html
Shatsk attractions, Volyn Oblast, /Attractions-g3411649-Activities-Shatsk_Volyn_Oblast.html
Khotyn attractions, Chernivtsi Oblast, /Attractions-g1816348-Activities-Khotyn_Chernivtsi_Oblast.html
Trostyanets attractions, Sumy Oblast, /Attractions-g8621910-Activities-Trostyanets_Sumy_Oblast.html
Myrhorod attractions, Poltava Oblast, /Attractions-g1936405-Activities-Myrhorod_Poltava_Oblast.html
Zbarazh attractions, Ternopil Oblast, /Attractions-g2717707-Activities-Zbarazh_Ternopil_Oblast.html
Slavs'ke attractions, Skolivs'kyi District, /Attractions-g2089107-Activities-Slavs_ke_Skolivs_kyi_District_Lviv_Oblast.html
Chuhuiv attractions, Kharkiv Oblast, /Attractions-g2616625-Activities-Chuhuiv_Kharkiv_Oblast.html
Kamianske attractions, Dnipropetrovsk Oblast, /Attractions-g4452618-Activities-Kamianske_Dnipropetrovsk_Oblast.html
Yavoriv attractions, Kosivs'kyi District, /Attractions-g8730069-Activities-Yavoriv_Kosivs_kyi_District_Ivano_Frankivsk_Oblast.html
Genichesk attractions, Kherson Oblast, /Attractions-g4202769-Activities-Genichesk_Kherson_Oblast.html
Svityaz attractions, Volyn Oblast, /Attractions-g12123852-Activities-Svityaz_Volyn_Oblast.html
Hola Prystan attractions, Kherson Oblast, /Attractions-g12157497-Activities-Hola_Prystan_Kherson_Oblast.html
Volosyanka attractions, Skolivs'kyi District, /Attractions-g3221142-Activities-Volosyanka_Skolivs_kyi_District_Lviv_Oblast.html
Oleshky attractions, Kherson Oblast, /Attractions-g7109318-Activities-Oleshky_Kherson_Oblast.html
Plavya attractions, Skolivs'kyi District, /Attractions-g6368947-Activities-Plavya_Skolivs_kyi_District_Lviv_Oblast.html
Nyzhnje Selyshche attractions, Zakarpattia Oblast, /Attractions-g8721323-Activities-Nyzhnje_Selyshche_Zakarpattia_Oblast.html
Hlukhiv attractions, Sumy Oblast, /Attractions-g10189748-Activities-Hlukhiv_Sumy_Oblast.html
Sedniv attractions, Chernihiv Oblast, /Attractions-g12162857-Activities-Sedniv_Chernihiv_Oblast.html
Kovel attractions, Volyn Oblast, /Attractions-g6585292-Activities-Kovel_Volyn_Oblast.html
Olesko attractions, Lviv Oblast, /Attractions-g2339780-Activities-Olesko_Lviv_Oblast.html
Schastlivtsevo attractions, Kherson Oblast, /Attractions-g6277188-Activities-Schastlivtsevo_Kherson_Oblast.html
Dilove attractions, Zakarpattia Oblast, /Attractions-g6277183-Activities-Dilove_Zakarpattia_Oblast.html
Zalizny Port attractions, Kherson Oblast, /Attractions-g3200178-Activities-Zalizny_Port_Kherson_Oblast.html
Zhdeniyevo attractions, Zakarpattia Oblast, /Attractions-g1902879-Activities-Zhdeniyevo_Zakarpattia_Oblast.html
Bushtyno attractions, Zakarpattia Oblast, /Attractions-g12130707-Activities-Bushtyno_Zakarpattia_Oblast.html
Kramatorsk attractions, Donetsk Oblast, /Attractions-g4452616-Activities-Kramatorsk_Donetsk_Oblast.html
Irpin attractions, Kiev Oblast, /Attractions-g3174748-Activities-Irpin_Kiev_Oblast.html
Skhodnitsa attractions, Lviv Oblast, /Attractions-g2534743-Activities-Skhodnitsa_Lviv_Oblast.html
Synevyrska Polyana attractions, Zakarpattia Oblast, /Attractions-g6585771-Activities-Synevyrska_Polyana_Zakarpattia_Oblast.html
Ivano-Frankove attractions, Lviv Oblast, /Attractions-g12063423-Activities-Ivano_Frankove_Lviv_Oblast.html
Klevan attractions, Rivne Oblast, /Attractions-g12849864-Activities-Klevan_Rivne_Oblast.html
Opishnya attractions, Poltava Oblast, /Attractions-g8621764-Activities-Opishnya_Poltava_Oblast.html
Boryslav attractions, Lviv Oblast, /Attractions-g3858003-Activities-Boryslav_Lviv_Oblast.html
Putivl attractions, Sumy Oblast, /Attractions-g7217918-Activities-Putivl_Sumy_Oblast.html
Okhtyrka attractions, Sumy Oblast, /Attractions-g3221161-Activities-Okhtyrka_Sumy_Oblast.html
Krylos attractions, Ivano-Frankivsk Oblast, /Attractions-g10202696-Activities-Krylos_Ivano_Frankivsk_Oblast.html
Kamenka attractions, Cherkasy Oblast, /Attractions-g10355622-Activities-Kamenka_Cherkasy_Oblast.html
Terebovlya attractions, Ternopil Oblast, /Attractions-g303933-Activities-Terebovlya_Ternopil_Oblast.html
Skadovsk attractions, Kherson Oblast, /Attractions-g4046658-Activities-Skadovsk_Kherson_Oblast.html
