province_name, region_name, province_url
Koson attractions, Zakarpattia Oblast, /Attractions-g3801285-Activities-Koson_Zakarpattia_Oblast.html
Nadvirna attractions, Ivano-Frankivsk Oblast, /Attractions-g12517804-Activities-Nadvirna_Ivano_Frankivsk_Oblast.html
Radomyshl attractions, Zhytomyr Oblast, /Attractions-g4074776-Activities-Radomyshl_Zhytomyr_Oblast.html
Yasnogorodka attractions, Kiev Oblast, /Attractions-g12157328-Activities-Yasnogorodka_Kiev_Oblast.html
Kapulovka attractions, Dnipropetrovsk Oblast, /Attractions-g8068431-Activities-Kapulovka_Dnipropetrovsk_Oblast.html
Dzembronya attractions, Verkhovyns'kyi District, /Attractions-g12987782-Activities-Dzembronya_Verkhovyns_kyi_District_Ivano_Frankivsk_Oblast.html
Lanivtsi attractions, Ternopil Oblast, /Attractions-g1760585-Activities-Lanivtsi_Ternopil_Oblast.html
Irshava attractions, Zakarpattia Oblast, /Attractions-g6215945-Activities-Irshava_Zakarpattia_Oblast.html
Ukrainka attractions, Kiev Oblast, /Attractions-g16744856-Activities-Ukrainka_Kiev_Oblast.html
Tatarbunary attractions, Odessa Oblast, /Attractions-g9554411-Activities-Tatarbunary_Odessa_Oblast.html
Rozhirche attractions, Stryis'kyi District, /Attractions-g10770727-Activities-Rozhirche_Stryis_kyi_District_Lviv_Oblast.html
Kosmach attractions, Kosivs'kyi District, /Attractions-g2559407-Activities-Kosmach_Kosivs_kyi_District_Ivano_Frankivsk_Oblast.html
Zolochiv attractions, Kharkiv Oblast, /Attractions-g12149032-Activities-Zolochiv_Kharkiv_Oblast.html
Serednye attractions, Zakarpattia Oblast, /Attractions-g7306746-Activities-Serednye_Zakarpattia_Oblast.html
Mykulyntsi attractions, Ternopil Oblast, /Attractions-g12517672-Activities-Mykulyntsi_Ternopil_Oblast.html
Shostka attractions, Sumy Oblast, /Attractions-g10207490-Activities-Shostka_Sumy_Oblast.html
Borynya attractions, Turkivs'kyi District, /Attractions-g12134669-Activities-Borynya_Turkivs_kyi_District_Lviv_Oblast.html
Dykanka attractions, Poltava Oblast, /Attractions-g11887880-Activities-Dykanka_Poltava_Oblast.html
Lumshory attractions, Zakarpattia Oblast, /Attractions-g7815609-Activities-Lumshory_Zakarpattia_Oblast.html
Rakhiv attractions, Zakarpattia Oblast, /Attractions-g4008423-Activities-Rakhiv_Zakarpattia_Oblast.html
Korolevo attractions, Zakarpattia Oblast, /Attractions-g9720173-Activities-Korolevo_Zakarpattia_Oblast.html
Berezne attractions, Rivne Oblast, /Attractions-g3857983-Activities-Berezne_Rivne_Oblast.html
Volovets attractions, Zakarpattia Oblast, /Attractions-g6220376-Activities-Volovets_Zakarpattia_Oblast.html
Korets attractions, Rivne Oblast, /Attractions-g9595544-Activities-Korets_Rivne_Oblast.html
Iza attractions, Zakarpattia Oblast, /Attractions-g12134018-Activities-Iza_Zakarpattia_Oblast.html
Koropovo attractions, Kharkiv Oblast, /Attractions-g2550297-Activities-Koropovo_Kharkiv_Oblast.html
Slavutych attractions, Kiev Oblast, /Attractions-g6996527-Activities-Slavutych_Kiev_Oblast.html
Verkhniy Yasenov attractions, Verkhovyns'kyi District, /Attractions-g7620147-Activities-Verkhniy_Yasenov_Verkhovyns_kyi_District_Ivano_Frankivsk_Oblast.html
Dolyna attractions, Ivano-Frankivsk Oblast, /Attractions-g2416237-Activities-Dolyna_Ivano_Frankivsk_Oblast.html
Shepetivka attractions, Khmelnytskyi Oblast, /Attractions-g12123890-Activities-Shepetivka_Khmelnytskyi_Oblast.html
Pervomaisk attractions, Mykolaiv Oblast, /Attractions-g777823-Activities-Pervomaisk_Mykolaiv_Oblast.html
Velykodolynske attractions, Odessa Oblast, /Attractions-g10355435-Activities-Velykodolynske_Odessa_Oblast.html
Berdychiv attractions, Zhytomyr Oblast, /Attractions-g1147550-Activities-Berdychiv_Zhytomyr_Oblast.html
Krasnokutsk attractions, Kharkiv Oblast, /Attractions-g4562654-Activities-Krasnokutsk_Kharkiv_Oblast.html
Velikiye Sorochintsy attractions, Poltava Oblast, /Attractions-g6159097-Activities-Velikiye_Sorochintsy_Poltava_Oblast.html
Sheshory attractions, Kosivs'kyi District, /Attractions-g3221148-Activities-Sheshory_Kosivs_kyi_District_Ivano_Frankivsk_Oblast.html
Bilyayivka attractions, Odessa Oblast, /Attractions-g7060164-Activities-Bilyayivka_Odessa_Oblast.html
Svaliava attractions, Zakarpattia Oblast, /Attractions-g1202850-Activities-Svaliava_Zakarpattia_Oblast.html
Primorskoye attractions, Odessa Oblast, /Attractions-g7928521-Activities-Primorskoye_Odessa_Oblast.html
Aktove attractions, Mykolaiv Oblast, /Attractions-g15411801-Activities-Aktove_Mykolaiv_Oblast.html
Olyka attractions, Volyn Oblast, /Attractions-g2630387-Activities-Olyka_Volyn_Oblast.html
Solotvyno attractions, Zakarpattia Oblast, /Attractions-g1877750-Activities-Solotvyno_Zakarpattia_Oblast.html
Novyi Mizun attractions, Ivano-Frankivsk Oblast, /Attractions-g17813497-Activities-Novyi_Mizun_Ivano_Frankivsk_Oblast.html
Halych attractions, Ivano-Frankivsk Oblast, /Attractions-g10202722-Activities-Halych_Ivano_Frankivsk_Oblast.html
Savran attractions, Odessa Oblast, /Attractions-g1816347-Activities-Savran_Odessa_Oblast.html
Zatoka attractions, Odessa Oblast, /Attractions-g1816346-Activities-Zatoka_Odessa_Oblast.html
Korsun-Shevchenkivskyi attractions, Cherkasy Oblast, /Attractions-g3665698-Activities-Korsun_Shevchenkivskyi_Cherkasy_Oblast.html
Moshny attractions, Cherkasy Oblast, /Attractions-g10189744-Activities-Moshny_Cherkasy_Oblast.html
Starobilsk attractions, Luhansk Oblast, /Attractions-g4431635-Activities-Starobilsk_Luhansk_Oblast.html
Zymne attractions, Volyn Oblast, /Attractions-g3176272-Activities-Zymne_Volyn_Oblast.html
