review_location_name, review_current_page, review_last_page, review_location_type, review_location_breadcrumbs, review_location_rate, location_lat, location_lng, review_id, review_date, review_experience_date, review_rate, user_name, user_link, user_id, parent_url
Rakov Škocjan Valley, 3, 5, Nature & Wildlife Areas & Valleys & Nature & Wildlife Areas & Valleys, Europe & Slovenia & Inner Carniola Region & Rakek & Things to Do in Rakek, 4.5, 45.795593, 14.288401, 551136544, 20180101, 20171201, 5.0, barbara_uNovaGorica, /Profile/barbara_uNovaGorica, 1d210981ba543b18493ae6e430684e96, /Attraction_Review-g644301-d8353052-Reviews-Rakov_Skocjan_Valley-Rakek_Inner_Carniola_Region.html
Rakov Škocjan Valley, 3, 5, Nature & Wildlife Areas & Valleys & Nature & Wildlife Areas & Valleys, Europe & Slovenia & Inner Carniola Region & Rakek & Things to Do in Rakek, 4.5, 45.795593, 14.288401, 505367701, 20170701, 20170701, 4.0, Gndlf, /Profile/Gndlf, 6318c9712336df854da71ca6ec0fb3b9, /Attraction_Review-g644301-d8353052-Reviews-Rakov_Skocjan_Valley-Rakek_Inner_Carniola_Region.html
Rakov Škocjan Valley, 3, 5, Nature & Wildlife Areas & Valleys & Nature & Wildlife Areas & Valleys, Europe & Slovenia & Inner Carniola Region & Rakek & Things to Do in Rakek, 4.5, 45.795593, 14.288401, 486894913, 20170501, 20170401, 5.0, drejko78, /Profile/drejko78, b85132c73975d5fff2f6050eaae7b97f, /Attraction_Review-g644301-d8353052-Reviews-Rakov_Skocjan_Valley-Rakek_Inner_Carniola_Region.html
Rakov Škocjan Valley, 3, 5, Nature & Wildlife Areas & Valleys & Nature & Wildlife Areas & Valleys, Europe & Slovenia & Inner Carniola Region & Rakek & Things to Do in Rakek, 4.5, 45.795593, 14.288401, 482287217, 20170501, 20170501, 5.0, Aljosa Todo, /Profile/AljosaTodo, 4f367edaf783fbc5eb1f90cdb9fdbc1a, /Attraction_Review-g644301-d8353052-Reviews-Rakov_Skocjan_Valley-Rakek_Inner_Carniola_Region.html
Rakov Škocjan Valley, 3, 5, Nature & Wildlife Areas & Valleys & Nature & Wildlife Areas & Valleys, Europe & Slovenia & Inner Carniola Region & Rakek & Things to Do in Rakek, 4.5, 45.795593, 14.288401, 466922113, 20170301, 20170301, 5.0, JessRoots, /Profile/JessRoots, 5b58f22815932a26364e3bda03f95372, /Attraction_Review-g644301-d8353052-Reviews-Rakov_Skocjan_Valley-Rakek_Inner_Carniola_Region.html
