review_location_name, review_current_page, review_last_page, review_location_type, review_location_breadcrumbs, review_location_rate, location_lat, location_lng, review_id, review_date, review_experience_date, review_rate, user_name, user_link, user_id, parent_url
Thermal Park Aquluna, 2, 3, Water Parks & Water Parks, Europe & Slovenia & Styria Region & Podcetrtek & Things to Do in Podcetrtek, 4.0, 46.164917, 15.605764, 605251204, 20180801, 20180801, 1.0, katjao2016, /Profile/katjao2016, 017a813ab9ce7958e4e6a44a0bbe807e, /Attraction_Review-g1057702-d11622876-Reviews-Thermal_Park_Aquluna-Podcetrtek_Styria_Region.html
Thermal Park Aquluna, 2, 3, Water Parks & Water Parks, Europe & Slovenia & Styria Region & Podcetrtek & Things to Do in Podcetrtek, 4.0, 46.164917, 15.605764, 601076267, 20180701, 20180701, 4.0, MatejaKoper, /Profile/MatejaKoper, bf046c1c5920f569c74fbf8641ed04cd, /Attraction_Review-g1057702-d11622876-Reviews-Thermal_Park_Aquluna-Podcetrtek_Styria_Region.html
Thermal Park Aquluna, 2, 3, Water Parks & Water Parks, Europe & Slovenia & Styria Region & Podcetrtek & Things to Do in Podcetrtek, 4.0, 46.164917, 15.605764, 600234877, 20180701, 20170801, 5.0, FroggySlovenia, /Profile/FroggySlovenia, 5f620d6cb03064137c9c6446baf3bfc1, /Attraction_Review-g1057702-d11622876-Reviews-Thermal_Park_Aquluna-Podcetrtek_Styria_Region.html
Thermal Park Aquluna, 2, 3, Water Parks & Water Parks, Europe & Slovenia & Styria Region & Podcetrtek & Things to Do in Podcetrtek, 4.0, 46.164917, 15.605764, 569402582, 20180301, 20170801, 4.0, Rok P, /Profile/rokp108, 0647ceb00832066d9288a75d9e17063d, /Attraction_Review-g1057702-d11622876-Reviews-Thermal_Park_Aquluna-Podcetrtek_Styria_Region.html
Thermal Park Aquluna, 2, 3, Water Parks & Water Parks, Europe & Slovenia & Styria Region & Podcetrtek & Things to Do in Podcetrtek, 4.0, 46.164917, 15.605764, 510922784, 20170801, 20170701, 5.0, Bas W, /Profile/26basw, 019618af740f223ae0bee3d0bf7a1a8d, /Attraction_Review-g1057702-d11622876-Reviews-Thermal_Park_Aquluna-Podcetrtek_Styria_Region.html
