review_location_name, review_current_page, review_last_page, review_location_type, review_location_breadcrumbs, review_location_rate, location_lat, location_lng, review_id, review_date, review_experience_date, review_rate, user_name, user_link, user_id, parent_url
Bogensperk Castle, 1, 4, Castles & Castles, Europe & Slovenia & Styria Region & Litija & Things to Do in Litija, 4.5, 46.0236, 14.85741, 734931198, 20191201, 20190901, 5.0, Peter W, /Profile/K9717TEpeterw, 0946f3b525c0b8964e6da7a49121e7c6, /Attraction_Review-g4608195-d2312868-Reviews-Bogensperk_Castle-Litija_Styria_Region.html
Bogensperk Castle, 1, 4, Castles & Castles, Europe & Slovenia & Styria Region & Litija & Things to Do in Litija, 4.5, 46.0236, 14.85741, 734255744, 20191201, 20191201, 5.0, 17Edy6, /Profile/17Edy6, f44a71a683df365df689cfb672aca061, /Attraction_Review-g4608195-d2312868-Reviews-Bogensperk_Castle-Litija_Styria_Region.html
Bogensperk Castle, 1, 4, Castles & Castles, Europe & Slovenia & Styria Region & Litija & Things to Do in Litija, 4.5, 46.0236, 14.85741, 709395876, 20190901, 20190801, 5.0, Renata Medanovic, /Profile/Renee982, fc6de8b03be6fc3d571590280987fdbc, /Attraction_Review-g4608195-d2312868-Reviews-Bogensperk_Castle-Litija_Styria_Region.html
Bogensperk Castle, 1, 4, Castles & Castles, Europe & Slovenia & Styria Region & Litija & Things to Do in Litija, 4.5, 46.0236, 14.85741, 696397193, 20190801, 20190201, 5.0, Vedran S, /Profile/Subix, 99a597cdca9ae89dbb7707584cc425f4, /Attraction_Review-g4608195-d2312868-Reviews-Bogensperk_Castle-Litija_Styria_Region.html
Bogensperk Castle, 1, 4, Castles & Castles, Europe & Slovenia & Styria Region & Litija & Things to Do in Litija, 4.5, 46.0236, 14.85741, 687207274, 20190701, 20190701, 5.0, Vanessa, /Profile/Net1110, f3bfadc368a2cb0623666959f808e358, /Attraction_Review-g4608195-d2312868-Reviews-Bogensperk_Castle-Litija_Styria_Region.html
