review_location_name, review_current_page, review_last_page, review_location_type, review_location_breadcrumbs, review_location_rate, location_lat, location_lng, review_id, review_date, review_experience_date, review_rate, user_name, user_link, user_id, parent_url
Metelkova, 26, 84, Neighborhoods & Neighborhoods, Europe & Slovenia & Upper Carniola Region & Ljubljana & Things to Do in Ljubljana, 4.0, 46.056644, 14.516993, 487108019, 20170501, 20170501, 4.0, Love-travel-NYker, /Profile/Love-travel-NYker, 75181208de82a6dd7e37bdd475dbbfb8, /Attraction_Review-g274873-d734854-Reviews-Metelkova-Ljubljana_Upper_Carniola_Region.html
Metelkova, 26, 84, Neighborhoods & Neighborhoods, Europe & Slovenia & Upper Carniola Region & Ljubljana & Things to Do in Ljubljana, 4.0, 46.056644, 14.516993, 486195878, 20170501, 20160601, 3.0, Vadim, /Profile/VadimM67, 733bb3141ec5af781d39bd2814897042, /Attraction_Review-g274873-d734854-Reviews-Metelkova-Ljubljana_Upper_Carniola_Region.html
Metelkova, 26, 84, Neighborhoods & Neighborhoods, Europe & Slovenia & Upper Carniola Region & Ljubljana & Things to Do in Ljubljana, 4.0, 46.056644, 14.516993, 485029503, 20170501, 20170501, 1.0, Semih Serhat K, /Profile/semihserhatk, 39939ee3b3bb084f47ff4db71a187b9c, /Attraction_Review-g274873-d734854-Reviews-Metelkova-Ljubljana_Upper_Carniola_Region.html
Metelkova, 26, 84, Neighborhoods & Neighborhoods, Europe & Slovenia & Upper Carniola Region & Ljubljana & Things to Do in Ljubljana, 4.0, 46.056644, 14.516993, 482978854, 20170501, 20170501, 5.0, Vojislav P, /Profile/vojislavp674, 0717d511525b2132567dde897ab5f05c, /Attraction_Review-g274873-d734854-Reviews-Metelkova-Ljubljana_Upper_Carniola_Region.html
Metelkova, 26, 84, Neighborhoods & Neighborhoods, Europe & Slovenia & Upper Carniola Region & Ljubljana & Things to Do in Ljubljana, 4.0, 46.056644, 14.516993, 482265370, 20170501, 20170501, 5.0, Challenger007, /Profile/Challenger007, 10df2cf090f0fd9199aded8c99eed6d9, /Attraction_Review-g274873-d734854-Reviews-Metelkova-Ljubljana_Upper_Carniola_Region.html
