review_location_name, review_current_page, review_last_page, review_location_type, review_location_breadcrumbs, review_location_rate, location_lat, location_lng, review_id, review_date, review_experience_date, review_rate, user_name, user_link, user_id, parent_url
Bled Castle (Blejski Grad), 269, 478, Castles & Castles, Europe & Slovenia & Upper Carniola Region & Bled & Things to Do in Bled, 4.0, 46.369713, 14.100682, 397850819, 20160701, 20150801, 4.0, Miloslav Z, /Profile/miloslavz483, 3dfc148a2a4d2f3411d8f9cfff04a36c, /Attraction_Review-g274863-d300864-Reviews-Bled_Castle_Blejski_Grad-Bled_Upper_Carniola_Region.html
Bled Castle (Blejski Grad), 269, 478, Castles & Castles, Europe & Slovenia & Upper Carniola Region & Bled & Things to Do in Bled, 4.0, 46.369713, 14.100682, 397600645, 20160701, 20160701, 4.0, MarStr15, /Profile/MarStr15, b20e0c4c31195f647a2157995e8bfa94, /Attraction_Review-g274863-d300864-Reviews-Bled_Castle_Blejski_Grad-Bled_Upper_Carniola_Region.html
Bled Castle (Blejski Grad), 269, 478, Castles & Castles, Europe & Slovenia & Upper Carniola Region & Bled & Things to Do in Bled, 4.0, 46.369713, 14.100682, 397504472, 20160701, 20160701, 5.0, EYT65, /Profile/EYT65, 072150b5ae40989f545f41f1fa4f6e8a, /Attraction_Review-g274863-d300864-Reviews-Bled_Castle_Blejski_Grad-Bled_Upper_Carniola_Region.html
Bled Castle (Blejski Grad), 269, 478, Castles & Castles, Europe & Slovenia & Upper Carniola Region & Bled & Things to Do in Bled, 4.0, 46.369713, 14.100682, 397320634, 20160701, 20150801, 5.0, Helen F, /Profile/skiingfurlongs, b9a1b8c5ad02f1f124cd4f07378b63aa, /Attraction_Review-g274863-d300864-Reviews-Bled_Castle_Blejski_Grad-Bled_Upper_Carniola_Region.html
Bled Castle (Blejski Grad), 269, 478, Castles & Castles, Europe & Slovenia & Upper Carniola Region & Bled & Things to Do in Bled, 4.0, 46.369713, 14.100682, 397259817, 20160701, 20160701, 4.0, ystokke, /Profile/ystokke, 6ddc0467a66902f83123853dd3428037, /Attraction_Review-g274863-d300864-Reviews-Bled_Castle_Blejski_Grad-Bled_Upper_Carniola_Region.html
