review_location_name, review_current_page, review_last_page, review_location_type, review_location_breadcrumbs, review_location_rate, location_lat, location_lng, review_id, review_date, review_experience_date, review_rate, user_name, user_link, user_id, parent_url
Butcher's Bridge, 4, 66, Bridges & Bridges, Europe & Slovenia & Upper Carniola Region & Ljubljana & Things to Do in Ljubljana, 4.0, 46.05187, 14.5135, 693881197, 20190701, 20190701, 4.0, robert-not-home, /Profile/robert-not-home, 0ac48787c7894683c97e269bb4918bf7, /Attraction_Review-g274873-d2360134-Reviews-Butcher_s_Bridge-Ljubljana_Upper_Carniola_Region.html
Butcher's Bridge, 4, 66, Bridges & Bridges, Europe & Slovenia & Upper Carniola Region & Ljubljana & Things to Do in Ljubljana, 4.0, 46.05187, 14.5135, 691163585, 20190701, 20190701, 4.0, Karthik R, /Profile/karthikr906, 8ad8cd1e12b2243458e9d7e95b5edcf7, /Attraction_Review-g274873-d2360134-Reviews-Butcher_s_Bridge-Ljubljana_Upper_Carniola_Region.html
Butcher's Bridge, 4, 66, Bridges & Bridges, Europe & Slovenia & Upper Carniola Region & Ljubljana & Things to Do in Ljubljana, 4.0, 46.05187, 14.5135, 690502744, 20190701, 20190701, 3.0, Dan - krycek1885, /Profile/krycek1885, b889bf73a59ffca7f6cb1d62cdf9866b, /Attraction_Review-g274873-d2360134-Reviews-Butcher_s_Bridge-Ljubljana_Upper_Carniola_Region.html
Butcher's Bridge, 4, 66, Bridges & Bridges, Europe & Slovenia & Upper Carniola Region & Ljubljana & Things to Do in Ljubljana, 4.0, 46.05187, 14.5135, 689893039, 20190701, 20190701, 3.0, CarloHelmond, /Profile/CarloHelmond, e47dfd5eac2f795085e08cb42ce39d68, /Attraction_Review-g274873-d2360134-Reviews-Butcher_s_Bridge-Ljubljana_Upper_Carniola_Region.html
Butcher's Bridge, 4, 66, Bridges & Bridges, Europe & Slovenia & Upper Carniola Region & Ljubljana & Things to Do in Ljubljana, 4.0, 46.05187, 14.5135, 686418057, 20190701, 20190601, 4.0, Zfy Ed, /Profile/ZfyEd, f2151f1c3774a223747eb46bd46396f8, /Attraction_Review-g274873-d2360134-Reviews-Butcher_s_Bridge-Ljubljana_Upper_Carniola_Region.html
