review_location_name, review_current_page, review_last_page, review_location_type, review_location_breadcrumbs, review_location_rate, location_lat, location_lng, review_id, review_date, review_experience_date, review_rate, user_name, user_link, user_id, parent_url
Old Bridge (Drava Bridge), 2, 1, Bridges & Bridges, Europe & Slovenia & Styria Region & Maribor & Things to Do in Maribor, 4.0, 0, 0, 535037424, 20171001, 20170801, 3.0, Christian S, /Profile/ChristianS9055, f6bfa0388dde3c7496a6722397c33226, /Attraction_Review-g274874-d12546320-Reviews-Old_Bridge_Drava_Bridge-Maribor_Styria_Region.html
Old Bridge (Drava Bridge), 2, 1, Bridges & Bridges, Europe & Slovenia & Styria Region & Maribor & Things to Do in Maribor, 4.0, 0, 0, 508626558, 20170801, 20170801, 3.0, DjDmitry, /Profile/DjDmitry, ff4159c3328b253cabab5b169e8c0c80, /Attraction_Review-g274874-d12546320-Reviews-Old_Bridge_Drava_Bridge-Maribor_Styria_Region.html
Old Bridge (Drava Bridge), 2, 1, Bridges & Bridges, Europe & Slovenia & Styria Region & Maribor & Things to Do in Maribor, 4.0, 0, 0, 506953182, 20170701, 20170501, 4.0, kpiddy, /Profile/kpiddy, 8ddc61762200e9272f78ef2c03121add, /Attraction_Review-g274874-d12546320-Reviews-Old_Bridge_Drava_Bridge-Maribor_Styria_Region.html
Old Bridge (Drava Bridge), 2, 1, Bridges & Bridges, Europe & Slovenia & Styria Region & Maribor & Things to Do in Maribor, 4.0, 0, 0, 504235389, 20170701, 20160901, 3.0, 545medva, /Profile/545medva, 79a1785703f8fe1ce1af401faa2e2016, /Attraction_Review-g274874-d12546320-Reviews-Old_Bridge_Drava_Bridge-Maribor_Styria_Region.html
