review_location_name, review_current_page, review_last_page, review_location_type, review_location_breadcrumbs, review_location_rate, location_lat, location_lng, review_id, review_date, review_experience_date, review_rate, user_name, user_link, user_id, parent_url
Lake Bled, 250, 1061, Bodies of Water & Bodies of Water, Europe & Slovenia & Upper Carniola Region & Bled & Things to Do in Bled, 4.5, 46.36622, 14.10102, 545329561, 20171201, 20171001, 5.0, ViktoriaWanderlust, /Profile/ViktoriaWanderlust, b619f17a2539812db6987fe85416fbd8, /Attraction_Review-g274863-d296735-Reviews-Lake_Bled-Bled_Upper_Carniola_Region.html
Lake Bled, 250, 1061, Bodies of Water & Bodies of Water, Europe & Slovenia & Upper Carniola Region & Bled & Things to Do in Bled, 4.5, 46.36622, 14.10102, 545097061, 20171201, 20171201, 5.0, petraalmutawa, /Profile/petraalmutawa, cd7723c9344dc369fe284c7baa77becc, /Attraction_Review-g274863-d296735-Reviews-Lake_Bled-Bled_Upper_Carniola_Region.html
Lake Bled, 250, 1061, Bodies of Water & Bodies of Water, Europe & Slovenia & Upper Carniola Region & Bled & Things to Do in Bled, 4.5, 46.36622, 14.10102, 545089777, 20171201, 20171201, 5.0, MW-LJ-LDN, /Profile/MatjazW, 68ba8c1773b0b9c17031039eeaee4b1e, /Attraction_Review-g274863-d296735-Reviews-Lake_Bled-Bled_Upper_Carniola_Region.html
Lake Bled, 250, 1061, Bodies of Water & Bodies of Water, Europe & Slovenia & Upper Carniola Region & Bled & Things to Do in Bled, 4.5, 46.36622, 14.10102, 545058884, 20171201, 20171101, 5.0, 141griffithsfamily, /Profile/141griffithsfamily, 025250566c05f8e6fa97093a09311e5e, /Attraction_Review-g274863-d296735-Reviews-Lake_Bled-Bled_Upper_Carniola_Region.html
Lake Bled, 250, 1061, Bodies of Water & Bodies of Water, Europe & Slovenia & Upper Carniola Region & Bled & Things to Do in Bled, 4.5, 46.36622, 14.10102, 544846525, 20171201, 20170801, 5.0, WimVdW68, /Profile/WimVdW68, 22c3d1e22f807421626cc957d8fce518, /Attraction_Review-g274863-d296735-Reviews-Lake_Bled-Bled_Upper_Carniola_Region.html
