review_location_name, review_current_page, review_last_page, review_location_type, review_location_breadcrumbs, review_location_rate, location_lat, location_lng, review_id, review_date, review_experience_date, review_rate, user_name, user_link, user_id, parent_url
Ski Centre Cerkno, 2, 4, Ski & Snowboard Areas & Ski & Snowboard Areas, Europe & Slovenia & Slovenian Littoral Region & Cerkno & Things to Do in Cerkno, 4.0, 46.16231, 14.0596, 486963698, 20170501, 20170201, 5.0, Matej Obid, /Profile/matejo202, 8d84a622157185a8892e4b3567704338, /Attraction_Review-g670790-d3582037-Reviews-Ski_Centre_Cerkno-Cerkno_Slovenian_Littoral_Region.html
Ski Centre Cerkno, 2, 4, Ski & Snowboard Areas & Ski & Snowboard Areas, Europe & Slovenia & Slovenian Littoral Region & Cerkno & Things to Do in Cerkno, 4.0, 46.16231, 14.0596, 481853838, 20170501, 20170201, 4.0, androLow, /Profile/androlow, 4597e7e5769d288acd22d60d90540fe4, /Attraction_Review-g670790-d3582037-Reviews-Ski_Centre_Cerkno-Cerkno_Slovenian_Littoral_Region.html
Ski Centre Cerkno, 2, 4, Ski & Snowboard Areas & Ski & Snowboard Areas, Europe & Slovenia & Slovenian Littoral Region & Cerkno & Things to Do in Cerkno, 4.0, 46.16231, 14.0596, 467216664, 20170301, 20170301, 5.0, Ana Marija I, /Profile/AnaMarijaI2, dc05d1a6238e123e18d3f9f8ee6322d2, /Attraction_Review-g670790-d3582037-Reviews-Ski_Centre_Cerkno-Cerkno_Slovenian_Littoral_Region.html
Ski Centre Cerkno, 2, 4, Ski & Snowboard Areas & Ski & Snowboard Areas, Europe & Slovenia & Slovenian Littoral Region & Cerkno & Things to Do in Cerkno, 4.0, 46.16231, 14.0596, 459907284, 20170201, 20170201, 5.0, pulataxi, /Profile/pulataxi, b95fc64641868a9d2d58500db34d8fa0, /Attraction_Review-g670790-d3582037-Reviews-Ski_Centre_Cerkno-Cerkno_Slovenian_Littoral_Region.html
Ski Centre Cerkno, 2, 4, Ski & Snowboard Areas & Ski & Snowboard Areas, Europe & Slovenia & Slovenian Littoral Region & Cerkno & Things to Do in Cerkno, 4.0, 46.16231, 14.0596, 459539397, 20170201, 20170201, 4.0, mladjoo, /Profile/mladjoo, 5c44ef5693b72ad4b244beaee2e405a3, /Attraction_Review-g670790-d3582037-Reviews-Ski_Centre_Cerkno-Cerkno_Slovenian_Littoral_Region.html
