review_location_name, review_current_page, review_last_page, review_location_type, review_location_breadcrumbs, review_location_rate, location_lat, location_lng, review_id, review_date, review_experience_date, review_rate, user_name, user_link, user_id, parent_url
Fort Hermann, 5, 6, Points of Interest & Landmarks & Points of Interest & Landmarks, Europe & Slovenia & Slovenian Littoral Region & Bovec & Things to Do in Bovec, 4.5, 46.3598, 13.587889, 412893396, 20160801, 20160801, 5.0, 86alizl, /Profile/86alizl, 8a722ab23c2722504337001971c7fe5e, /Attraction_Review-g274866-d6880808-Reviews-Fort_Hermann-Bovec_Slovenian_Littoral_Region.html
Fort Hermann, 5, 6, Points of Interest & Landmarks & Points of Interest & Landmarks, Europe & Slovenia & Slovenian Littoral Region & Bovec & Things to Do in Bovec, 4.5, 46.3598, 13.587889, 407107055, 20160801, 20160801, 5.0, Csaba40, /Profile/Csaba40, a5ebe9794d56cc05f3e98fa0c677bd91, /Attraction_Review-g274866-d6880808-Reviews-Fort_Hermann-Bovec_Slovenian_Littoral_Region.html
Fort Hermann, 5, 6, Points of Interest & Landmarks & Points of Interest & Landmarks, Europe & Slovenia & Slovenian Littoral Region & Bovec & Things to Do in Bovec, 4.5, 46.3598, 13.587889, 390789972, 20160701, 20160701, 4.0, Andreja P, /Profile/466andrejap, 232b2a790285b2faa59d76e48353b71b, /Attraction_Review-g274866-d6880808-Reviews-Fort_Hermann-Bovec_Slovenian_Littoral_Region.html
Fort Hermann, 5, 6, Points of Interest & Landmarks & Points of Interest & Landmarks, Europe & Slovenia & Slovenian Littoral Region & Bovec & Things to Do in Bovec, 4.5, 46.3598, 13.587889, 387194818, 20160601, 20150901, 4.0, Vitproch, /Profile/Vitproch, 2eb87f6460dda3cae9ba303cf5998d03, /Attraction_Review-g274866-d6880808-Reviews-Fort_Hermann-Bovec_Slovenian_Littoral_Region.html
Fort Hermann, 5, 6, Points of Interest & Landmarks & Points of Interest & Landmarks, Europe & Slovenia & Slovenian Littoral Region & Bovec & Things to Do in Bovec, 4.5, 46.3598, 13.587889, 380554642, 20160601, 20160601, 4.0, Little_brown_cutie, /Profile/Little_brown_cutie, 52070d6a4ad488f85a764de35525f309, /Attraction_Review-g274866-d6880808-Reviews-Fort_Hermann-Bovec_Slovenian_Littoral_Region.html
