review_location_name, review_current_page, review_last_page, review_location_type, review_location_breadcrumbs, review_location_rate, location_lat, location_lng, review_id, review_date, review_experience_date, review_rate, user_name, user_link, user_id, parent_url
Fish Square (Ribji trg), None, None, Points of Interest & Landmarks & Architectural Buildings & Points of Interest & Landmarks & Architectural Buildings, Europe & Slovenia & Upper Carniola Region & Ljubljana & Things to Do in Ljubljana, 4.0, 0, 0, 724518828, 20191101, 20191001, 4.0, stinkwink, /Profile/stinkwink, 32d1d2863a8787ea4e58041a654c334c, /Attraction_Review-g274873-d12540894-Reviews-Fish_Square_Ribji_trg-Ljubljana_Upper_Carniola_Region.html
Fish Square (Ribji trg), None, None, Points of Interest & Landmarks & Architectural Buildings & Points of Interest & Landmarks & Architectural Buildings, Europe & Slovenia & Upper Carniola Region & Ljubljana & Things to Do in Ljubljana, 4.0, 0, 0, 656426310, 20190301, 20190201, 4.0, SEs, /Profile/7SE3, e58c0a30a8c1fedc7ef9b847e5cc0304, /Attraction_Review-g274873-d12540894-Reviews-Fish_Square_Ribji_trg-Ljubljana_Upper_Carniola_Region.html
Fish Square (Ribji trg), None, None, Points of Interest & Landmarks & Architectural Buildings & Points of Interest & Landmarks & Architectural Buildings, Europe & Slovenia & Upper Carniola Region & Ljubljana & Things to Do in Ljubljana, 4.0, 0, 0, 645302402, 20190101, 20180901, 4.0, Aleksandar, /Profile/a1eksandar, 5a9fbede69527a338a1e714c8e667640, /Attraction_Review-g274873-d12540894-Reviews-Fish_Square_Ribji_trg-Ljubljana_Upper_Carniola_Region.html
Fish Square (Ribji trg), None, None, Points of Interest & Landmarks & Architectural Buildings & Points of Interest & Landmarks & Architectural Buildings, Europe & Slovenia & Upper Carniola Region & Ljubljana & Things to Do in Ljubljana, 4.0, 0, 0, 514245379, 20170801, 20170601, 4.0, Aleksandar, /Profile/a1eksandar, 5a9fbede69527a338a1e714c8e667640, /Attraction_Review-g274873-d12540894-Reviews-Fish_Square_Ribji_trg-Ljubljana_Upper_Carniola_Region.html
Fish Square (Ribji trg), None, None, Points of Interest & Landmarks & Architectural Buildings & Points of Interest & Landmarks & Architectural Buildings, Europe & Slovenia & Upper Carniola Region & Ljubljana & Things to Do in Ljubljana, 4.0, 0, 0, 504811978, 20170701, 20170701, 3.0, Miha P, /Profile/482mihap, abd2f9c2cd78a57d449f70cdffa1616b, /Attraction_Review-g274873-d12540894-Reviews-Fish_Square_Ribji_trg-Ljubljana_Upper_Carniola_Region.html
