review_location_name, review_current_page, review_last_page, review_location_type, review_location_breadcrumbs, review_location_rate, location_lat, location_lng, review_id, review_date, review_experience_date, review_rate, user_name, user_link, user_id, parent_url
Church of St. George, 24, 41, Sacred & Religious Sites & Sacred & Religious Sites, Europe & Slovenia & Slovenian Littoral Region & Slovenian Istria & Piran & Things to Do in Piran, 4.5, 45.52936, 13.56843, 390555740, 20160701, 20160701, 5.0, xcheck28, /Profile/xcheck28, 1aa484a9ccf2234fcd07dd1e9c02207c, /Attraction_Review-g274876-d2344931-Reviews-Church_of_St_George-Piran_Slovenian_Istria_Slovenian_Littoral_Region.html
Church of St. George, 24, 41, Sacred & Religious Sites & Sacred & Religious Sites, Europe & Slovenia & Slovenian Littoral Region & Slovenian Istria & Piran & Things to Do in Piran, 4.5, 45.52936, 13.56843, 390165521, 20160701, 20160701, 5.0, Filip H, /Profile/filovo, 852efed108c22cdc2d80f1c5a18fda24, /Attraction_Review-g274876-d2344931-Reviews-Church_of_St_George-Piran_Slovenian_Istria_Slovenian_Littoral_Region.html
Church of St. George, 24, 41, Sacred & Religious Sites & Sacred & Religious Sites, Europe & Slovenia & Slovenian Littoral Region & Slovenian Istria & Piran & Things to Do in Piran, 4.5, 45.52936, 13.56843, 390116191, 20160701, 20160701, 4.0, BloomfieldTripper, /Profile/BloomfieldTripper, 761750fdf85ee69d39d92fbaa1c242d4, /Attraction_Review-g274876-d2344931-Reviews-Church_of_St_George-Piran_Slovenian_Istria_Slovenian_Littoral_Region.html
Church of St. George, 24, 41, Sacred & Religious Sites & Sacred & Religious Sites, Europe & Slovenia & Slovenian Littoral Region & Slovenian Istria & Piran & Things to Do in Piran, 4.5, 45.52936, 13.56843, 387066874, 20160601, 20160601, 3.0, Missionman2818, /Profile/Missionman2818, 35652ab974c9bcc66a89c878b0ab8489, /Attraction_Review-g274876-d2344931-Reviews-Church_of_St_George-Piran_Slovenian_Istria_Slovenian_Littoral_Region.html
Church of St. George, 24, 41, Sacred & Religious Sites & Sacred & Religious Sites, Europe & Slovenia & Slovenian Littoral Region & Slovenian Istria & Piran & Things to Do in Piran, 4.5, 45.52936, 13.56843, 385484717, 20160601, 20150701, 4.0, KanGurular, /Profile/KanGurular, 9fde11437fe17636294a5bf475933ba0, /Attraction_Review-g274876-d2344931-Reviews-Church_of_St_George-Piran_Slovenian_Istria_Slovenian_Littoral_Region.html
