review_location_name, review_current_page, review_last_page, review_location_type, review_location_breadcrumbs, review_location_rate, location_lat, location_lng, review_id, review_date, review_experience_date, review_rate, user_name, user_link, user_id, parent_url
Skocjanske Jame, 80, 161, Caverns & Caves & Caverns & Caves, Europe & Slovenia & Slovenian Littoral Region & Skocjan & Things to Do in Skocjan, 4.5, 45.66363, 13.98887, 390418209, 20160701, 20160701, 5.0, Martin, /Profile/Martinmje, e341f1eb86b8346220e79f4990f14ee2, /Attraction_Review-g17579051-d10438743-Reviews-Skocjanske_Jame-Skocjan_Slovenian_Littoral_Region.html
Skocjanske Jame, 80, 161, Caverns & Caves & Caverns & Caves, Europe & Slovenia & Slovenian Littoral Region & Skocjan & Things to Do in Skocjan, 4.5, 45.66363, 13.98887, 389999411, 20160701, 20160701, 5.0, Lean47, /Profile/Lean47, f33e1daafbcd21fa0168c90e824b38d1, /Attraction_Review-g17579051-d10438743-Reviews-Skocjanske_Jame-Skocjan_Slovenian_Littoral_Region.html
Skocjanske Jame, 80, 161, Caverns & Caves & Caverns & Caves, Europe & Slovenia & Slovenian Littoral Region & Skocjan & Things to Do in Skocjan, 4.5, 45.66363, 13.98887, 389342928, 20160701, 20160701, 5.0, Jonathan G, /Profile/JonathanGuillot, bb35066b3bfe25a072a00db64ea45cce, /Attraction_Review-g17579051-d10438743-Reviews-Skocjanske_Jame-Skocjan_Slovenian_Littoral_Region.html
Skocjanske Jame, 80, 161, Caverns & Caves & Caverns & Caves, Europe & Slovenia & Slovenian Littoral Region & Skocjan & Things to Do in Skocjan, 4.5, 45.66363, 13.98887, 389115808, 20160701, 20151001, 5.0, GoranWembley, /Profile/GoranWembley, 9896f38c3ee0557bac32c428e38168ea, /Attraction_Review-g17579051-d10438743-Reviews-Skocjanske_Jame-Skocjan_Slovenian_Littoral_Region.html
Skocjanske Jame, 80, 161, Caverns & Caves & Caverns & Caves, Europe & Slovenia & Slovenian Littoral Region & Skocjan & Things to Do in Skocjan, 4.5, 45.66363, 13.98887, 388851828, 20160701, 20160601, 5.0, TravelingFreeWoman, /Profile/TravelingFreeWoman, 488a5421f23143b72201c2f866530ae5, /Attraction_Review-g17579051-d10438743-Reviews-Skocjanske_Jame-Skocjan_Slovenian_Littoral_Region.html
