review_location_name, review_current_page, review_last_page, review_location_type, review_location_breadcrumbs, review_location_rate, location_lat, location_lng, review_id, review_date, review_experience_date, review_rate, user_name, user_link, user_id, parent_url
Koper Cathedral and Bell Tower, 24, 35, Churches & Cathedrals & Churches & Cathedrals, Europe & Slovenia & Slovenian Littoral Region & Slovenian Istria & Koper & Things to Do in Koper, 4.0, 45.54809, 13.72983, 301248014, 20150801, 20150801, 3.0, MKDons66, /Profile/MKDons66, 40f0193021a5cbaae20a9a4d343056b7, /Attraction_Review-g312722-d2345282-Reviews-Koper_Cathedral_and_Bell_Tower-Koper_Slovenian_Istria_Slovenian_Littoral_Region.html
Koper Cathedral and Bell Tower, 24, 35, Churches & Cathedrals & Churches & Cathedrals, Europe & Slovenia & Slovenian Littoral Region & Slovenian Istria & Koper & Things to Do in Koper, 4.0, 45.54809, 13.72983, 293837314, 20150701, 20150701, 5.0, רות ח, /Profile/taranhanoded, 1daddb14c609106e7b9a50ae62714ad3, /Attraction_Review-g312722-d2345282-Reviews-Koper_Cathedral_and_Bell_Tower-Koper_Slovenian_Istria_Slovenian_Littoral_Region.html
Koper Cathedral and Bell Tower, 24, 35, Churches & Cathedrals & Churches & Cathedrals, Europe & Slovenia & Slovenian Littoral Region & Slovenian Istria & Koper & Things to Do in Koper, 4.0, 45.54809, 13.72983, 293806673, 20150701, 20150701, 5.0, J W, /Profile/610JW, d2388ea762d925f403ad95feed63ee20, /Attraction_Review-g312722-d2345282-Reviews-Koper_Cathedral_and_Bell_Tower-Koper_Slovenian_Istria_Slovenian_Littoral_Region.html
Koper Cathedral and Bell Tower, 24, 35, Churches & Cathedrals & Churches & Cathedrals, Europe & Slovenia & Slovenian Littoral Region & Slovenian Istria & Koper & Things to Do in Koper, 4.0, 45.54809, 13.72983, 293643535, 20150701, 20150701, 5.0, 546janab, /Profile/546janab, fe6f87cc8e03a826b44f9d4b3a84ec4b, /Attraction_Review-g312722-d2345282-Reviews-Koper_Cathedral_and_Bell_Tower-Koper_Slovenian_Istria_Slovenian_Littoral_Region.html
Koper Cathedral and Bell Tower, 24, 35, Churches & Cathedrals & Churches & Cathedrals, Europe & Slovenia & Slovenian Littoral Region & Slovenian Istria & Koper & Things to Do in Koper, 4.0, 45.54809, 13.72983, 291161661, 20150701, 20150701, 4.0, KarenG80, /Profile/KarenG80, 4cc8dc6cd4a1b7e9ee88bc09a932a27d, /Attraction_Review-g312722-d2345282-Reviews-Koper_Cathedral_and_Bell_Tower-Koper_Slovenian_Istria_Slovenian_Littoral_Region.html
