review_location_name, review_current_page, review_last_page, review_location_type, review_location_breadcrumbs, review_location_rate, location_lat, location_lng, review_id, review_date, review_experience_date, review_rate, user_name, user_link, user_id, parent_url
Bled Island, 210, 317, Architectural Buildings & Islands & Sacred & Religious Sites & Architectural Buildings & Islands & Sacred & Religious Sites, Europe & Slovenia & Upper Carniola Region & Bled & Things to Do in Bled, 4.5, 46.362083, 14.090144, 305951258, 20150901, 20150901, 5.0, Jonathan S, /Profile/jonathansW2588MR, 493b1080ef9674ee222778c0ac29a517, /Attraction_Review-g274863-d317378-Reviews-Bled_Island-Bled_Upper_Carniola_Region.html
Bled Island, 210, 317, Architectural Buildings & Islands & Sacred & Religious Sites & Architectural Buildings & Islands & Sacred & Religious Sites, Europe & Slovenia & Upper Carniola Region & Bled & Things to Do in Bled, 4.5, 46.362083, 14.090144, 305811815, 20150901, 20150901, 5.0, swift314, /Profile/swift314, 0b4022ff441c9ee3547801033f4fa4cc, /Attraction_Review-g274863-d317378-Reviews-Bled_Island-Bled_Upper_Carniola_Region.html
Bled Island, 210, 317, Architectural Buildings & Islands & Sacred & Religious Sites & Architectural Buildings & Islands & Sacred & Religious Sites, Europe & Slovenia & Upper Carniola Region & Bled & Things to Do in Bled, 4.5, 46.362083, 14.090144, 305560054, 20150801, 20141001, 4.0, Pratishtha_Khan, /Profile/Pratishtha_Khan, 1352c9cb019e3c0f662204e814452348, /Attraction_Review-g274863-d317378-Reviews-Bled_Island-Bled_Upper_Carniola_Region.html
Bled Island, 210, 317, Architectural Buildings & Islands & Sacred & Religious Sites & Architectural Buildings & Islands & Sacred & Religious Sites, Europe & Slovenia & Upper Carniola Region & Bled & Things to Do in Bled, 4.5, 46.362083, 14.090144, 305360939, 20150801, 20150801, 5.0, Brian M, /Profile/brianm256, 35b0acb5e67136ae7a76c2e1d52d7a7f, /Attraction_Review-g274863-d317378-Reviews-Bled_Island-Bled_Upper_Carniola_Region.html
Bled Island, 210, 317, Architectural Buildings & Islands & Sacred & Religious Sites & Architectural Buildings & Islands & Sacred & Religious Sites, Europe & Slovenia & Upper Carniola Region & Bled & Things to Do in Bled, 4.5, 46.362083, 14.090144, 305174817, 20150801, 20150801, 5.0, delwyn_13, /Profile/delwyn_13, fd466ea50178f1c3a607f92f41dc3abb, /Attraction_Review-g274863-d317378-Reviews-Bled_Island-Bled_Upper_Carniola_Region.html
