review_location_name, review_current_page, review_last_page, review_location_type, review_location_breadcrumbs, review_location_rate, location_lat, location_lng, review_id, review_date, review_experience_date, review_rate, user_name, user_link, user_id, parent_url
Lectarski Museum, 1, 3, Gift & Specialty Shops & Gift & Specialty Shops, Europe & Slovenia & Upper Carniola Region & Radovljica & Things to Do in Radovljica, 4.0, 46.340813, 14.175575, 765088525, 20200801, 20200101, 5.0, Steven S, /Profile/MandySSS, 8abf0456fe3ce1b24292171367e67521, /Attraction_Review-g274879-d10758990-Reviews-Lectarski_Museum-Radovljica_Upper_Carniola_Region.html
Lectarski Museum, 1, 3, Gift & Specialty Shops & Gift & Specialty Shops, Europe & Slovenia & Upper Carniola Region & Radovljica & Things to Do in Radovljica, 4.0, 46.340813, 14.175575, 747015197, 20200201, 20200101, 5.0, borutk23, /Profile/krogb23, e31cdafa05c00f40ef6546331dca97b3, /Attraction_Review-g274879-d10758990-Reviews-Lectarski_Museum-Radovljica_Upper_Carniola_Region.html
Lectarski Museum, 1, 3, Gift & Specialty Shops & Gift & Specialty Shops, Europe & Slovenia & Upper Carniola Region & Radovljica & Things to Do in Radovljica, 4.0, 46.340813, 14.175575, 693281785, 20190701, 20190501, 4.0, niagarariverfatman, /Profile/niagarariverfatman, 510cf5970477e4f9f723493477b550c0, /Attraction_Review-g274879-d10758990-Reviews-Lectarski_Museum-Radovljica_Upper_Carniola_Region.html
Lectarski Museum, 1, 3, Gift & Specialty Shops & Gift & Specialty Shops, Europe & Slovenia & Upper Carniola Region & Radovljica & Things to Do in Radovljica, 4.0, 46.340813, 14.175575, 673122641, 20190501, 20190401, 4.0, Charlotte D, /Profile/930charlotted, 857dec3075353db12ff9e9fa567ac944, /Attraction_Review-g274879-d10758990-Reviews-Lectarski_Museum-Radovljica_Upper_Carniola_Region.html
Lectarski Museum, 1, 3, Gift & Specialty Shops & Gift & Specialty Shops, Europe & Slovenia & Upper Carniola Region & Radovljica & Things to Do in Radovljica, 4.0, 46.340813, 14.175575, 666424965, 20190401, 20190401, 4.0, barbara_uNovaGorica, /Profile/barbara_uNovaGorica, 1d210981ba543b18493ae6e430684e96, /Attraction_Review-g274879-d10758990-Reviews-Lectarski_Museum-Radovljica_Upper_Carniola_Region.html
