review_location_name, review_current_page, review_last_page, review_location_type, review_location_breadcrumbs, review_location_rate, location_lat, location_lng, review_id, review_date, review_experience_date, review_rate, user_name, user_link, user_id, parent_url
Preseren Square, 141, 189, Points of Interest & Landmarks & Points of Interest & Landmarks, Europe & Slovenia & Upper Carniola Region & Ljubljana & Things to Do in Ljubljana, 4.5, 46.051334, 14.506147, 281391968, 20150601, 20150501, 5.0, jstsmblaz, /Profile/jstsmblaz, 425ab644148da94e408eba5503e944f9, /Attraction_Review-g274873-d298648-Reviews-Preseren_Square-Ljubljana_Upper_Carniola_Region.html
Preseren Square, 141, 189, Points of Interest & Landmarks & Points of Interest & Landmarks, Europe & Slovenia & Upper Carniola Region & Ljubljana & Things to Do in Ljubljana, 4.5, 46.051334, 14.506147, 281303883, 20150601, 20150601, 4.0, Will S, /Profile/wills763, ab72283969f662d26d2eaeb177360917, /Attraction_Review-g274873-d298648-Reviews-Preseren_Square-Ljubljana_Upper_Carniola_Region.html
Preseren Square, 141, 189, Points of Interest & Landmarks & Points of Interest & Landmarks, Europe & Slovenia & Upper Carniola Region & Ljubljana & Things to Do in Ljubljana, 4.5, 46.051334, 14.506147, 280881177, 20150601, 20150501, 5.0, Andriel790, /Profile/Andriel790, e098c65a52ddc79ddecffa4c666323ac, /Attraction_Review-g274873-d298648-Reviews-Preseren_Square-Ljubljana_Upper_Carniola_Region.html
Preseren Square, 141, 189, Points of Interest & Landmarks & Points of Interest & Landmarks, Europe & Slovenia & Upper Carniola Region & Ljubljana & Things to Do in Ljubljana, 4.5, 46.051334, 14.506147, 279668737, 20150601, 20150501, 5.0, Nikolaos R, /Profile/NikolaosR, bd5d5733ad9ad697ca8d2edfb575e3d5, /Attraction_Review-g274873-d298648-Reviews-Preseren_Square-Ljubljana_Upper_Carniola_Region.html
Preseren Square, 141, 189, Points of Interest & Landmarks & Points of Interest & Landmarks, Europe & Slovenia & Upper Carniola Region & Ljubljana & Things to Do in Ljubljana, 4.5, 46.051334, 14.506147, 278317840, 20150601, 20150501, 4.0, B1714D, /Profile/B1714D, a7eedfdc20c8005a138da60b3dc7f074, /Attraction_Review-g274873-d298648-Reviews-Preseren_Square-Ljubljana_Upper_Carniola_Region.html
