review_location_name, review_current_page, review_last_page, review_location_type, review_location_breadcrumbs, review_location_rate, location_lat, location_lng, review_id, review_date, review_experience_date, review_rate, user_name, user_link, user_id, parent_url
Preseren Square, 172, 189, Points of Interest & Landmarks & Points of Interest & Landmarks, Europe & Slovenia & Upper Carniola Region & Ljubljana & Things to Do in Ljubljana, 4.5, 46.051334, 14.506147, 154611111, 20130301, 20130301, 4.0, cedar, /Profile/abukarark, 95695ea5810eb6575cbedb8929c0c546, /Attraction_Review-g274873-d298648-Reviews-Preseren_Square-Ljubljana_Upper_Carniola_Region.html
Preseren Square, 172, 189, Points of Interest & Landmarks & Points of Interest & Landmarks, Europe & Slovenia & Upper Carniola Region & Ljubljana & Things to Do in Ljubljana, 4.5, 46.051334, 14.506147, 154145690, 20130301, 20130301, 5.0, Ivan N, /Profile/IvanN999, 028b9c73c007e1841d52dd718d07fc59, /Attraction_Review-g274873-d298648-Reviews-Preseren_Square-Ljubljana_Upper_Carniola_Region.html
Preseren Square, 172, 189, Points of Interest & Landmarks & Points of Interest & Landmarks, Europe & Slovenia & Upper Carniola Region & Ljubljana & Things to Do in Ljubljana, 4.5, 46.051334, 14.506147, 152732921, 20130201, 20120301, 5.0, kropkowe, /Profile/kropkowe, c4dcc35122ba0b95de07e9816bb34bb9, /Attraction_Review-g274873-d298648-Reviews-Preseren_Square-Ljubljana_Upper_Carniola_Region.html
Preseren Square, 172, 189, Points of Interest & Landmarks & Points of Interest & Landmarks, Europe & Slovenia & Upper Carniola Region & Ljubljana & Things to Do in Ljubljana, 4.5, 46.051334, 14.506147, 151602908, 20130201, 20121001, 5.0, Eduardo C, /Profile/EduardoC373, 88dbbb8a4595bd411d39fb2dd280ee49, /Attraction_Review-g274873-d298648-Reviews-Preseren_Square-Ljubljana_Upper_Carniola_Region.html
Preseren Square, 172, 189, Points of Interest & Landmarks & Points of Interest & Landmarks, Europe & Slovenia & Upper Carniola Region & Ljubljana & Things to Do in Ljubljana, 4.5, 46.051334, 14.506147, 151567844, 20130201, 20120801, 5.0, Mjp771, /Profile/Mjp771, 8dfe6275e9e36c0fca723f0089f879b3, /Attraction_Review-g274873-d298648-Reviews-Preseren_Square-Ljubljana_Upper_Carniola_Region.html
