review_location_name, review_current_page, review_last_page, review_location_type, review_location_breadcrumbs, review_location_rate, location_lat, location_lng, review_id, review_date, review_experience_date, review_rate, user_name, user_link, user_id, parent_url
Old Vine House, 2, 29, Specialty Museums & Specialty Museums, Europe & Slovenia & Styria Region & Maribor & Things to Do in Maribor, 4.5, 46.556717, 15.644183, 723363005, 20191101, 20190601, 5.0, whippledoc, /Profile/whippledoc, 68265996a407603979e0e83212449497, /Attraction_Review-g274874-d7390126-Reviews-Old_Vine_House-Maribor_Styria_Region.html
Old Vine House, 2, 29, Specialty Museums & Specialty Museums, Europe & Slovenia & Styria Region & Maribor & Things to Do in Maribor, 4.5, 46.556717, 15.644183, 721897483, 20191001, 20191001, 4.0, Vlado Z, /Profile/vlad0z, c3d2484cabc14be65f7a1c36c78c5d39, /Attraction_Review-g274874-d7390126-Reviews-Old_Vine_House-Maribor_Styria_Region.html
Old Vine House, 2, 29, Specialty Museums & Specialty Museums, Europe & Slovenia & Styria Region & Maribor & Things to Do in Maribor, 4.5, 46.556717, 15.644183, 717142243, 20191001, 20190901, 5.0, SILVIJA M, /Profile/2amigas, 62f0c7e48d654bcf5cb698f2b426aba0, /Attraction_Review-g274874-d7390126-Reviews-Old_Vine_House-Maribor_Styria_Region.html
Old Vine House, 2, 29, Specialty Museums & Specialty Museums, Europe & Slovenia & Styria Region & Maribor & Things to Do in Maribor, 4.5, 46.556717, 15.644183, 705317972, 20190901, 20190801, 4.0, Josanne E, /Profile/JosanneE1, 1695504926792d768e53e852f25549e3, /Attraction_Review-g274874-d7390126-Reviews-Old_Vine_House-Maribor_Styria_Region.html
Old Vine House, 2, 29, Specialty Museums & Specialty Museums, Europe & Slovenia & Styria Region & Maribor & Things to Do in Maribor, 4.5, 46.556717, 15.644183, 701692549, 20190801, 20190801, 4.0, jongerik, /Profile/jongerik, 8ecaaf533bde8b40b92a37ac7b3f48ba, /Attraction_Review-g274874-d7390126-Reviews-Old_Vine_House-Maribor_Styria_Region.html
