review_location_name, review_current_page, review_last_page, review_location_type, review_location_breadcrumbs, review_location_rate, location_lat, location_lng, review_id, review_date, review_experience_date, review_rate, user_name, user_link, user_id, parent_url
Shoemaker's Bridge (Cevljarski Most), 26, 29, Bridges & Bridges, Europe & Slovenia & Upper Carniola Region & Ljubljana & Things to Do in Ljubljana, 4.0, 46.04848, 14.50599, 154612170, 20130301, 20130301, 4.0, cedar, /Profile/abukarark, 95695ea5810eb6575cbedb8929c0c546, /Attraction_Review-g274873-d276317-Reviews-Shoemaker_s_Bridge_Cevljarski_Most-Ljubljana_Upper_Carniola_Region.html
Shoemaker's Bridge (Cevljarski Most), 26, 29, Bridges & Bridges, Europe & Slovenia & Upper Carniola Region & Ljubljana & Things to Do in Ljubljana, 4.0, 46.04848, 14.50599, 154149574, 20130301, 20130301, 5.0, Ivan N, /Profile/IvanN999, 028b9c73c007e1841d52dd718d07fc59, /Attraction_Review-g274873-d276317-Reviews-Shoemaker_s_Bridge_Cevljarski_Most-Ljubljana_Upper_Carniola_Region.html
Shoemaker's Bridge (Cevljarski Most), 26, 29, Bridges & Bridges, Europe & Slovenia & Upper Carniola Region & Ljubljana & Things to Do in Ljubljana, 4.0, 46.04848, 14.50599, 152546554, 20130201, 20120401, 4.0, Janja L, /Profile/JanjaL_13, abd0ab19c834853c83d348ee9d1ae46a, /Attraction_Review-g274873-d276317-Reviews-Shoemaker_s_Bridge_Cevljarski_Most-Ljubljana_Upper_Carniola_Region.html
Shoemaker's Bridge (Cevljarski Most), 26, 29, Bridges & Bridges, Europe & Slovenia & Upper Carniola Region & Ljubljana & Things to Do in Ljubljana, 4.0, 46.04848, 14.50599, 150988954, 20130101, 20120401, 5.0, real_bubble_maker, /Profile/real_bubble_maker, f444d6053153df0fd73a65df8244e457, /Attraction_Review-g274873-d276317-Reviews-Shoemaker_s_Bridge_Cevljarski_Most-Ljubljana_Upper_Carniola_Region.html
Shoemaker's Bridge (Cevljarski Most), 26, 29, Bridges & Bridges, Europe & Slovenia & Upper Carniola Region & Ljubljana & Things to Do in Ljubljana, 4.0, 46.04848, 14.50599, 147303422, 20121201, 20121001, 5.0, Marjana1952, /Profile/Marjana1952, ae3b36e10b328dad2fbf41f1a5e316c6, /Attraction_Review-g274873-d276317-Reviews-Shoemaker_s_Bridge_Cevljarski_Most-Ljubljana_Upper_Carniola_Region.html
