review_location_name, review_current_page, review_last_page, review_location_type, review_location_breadcrumbs, review_location_rate, location_lat, location_lng, review_id, review_date, review_experience_date, review_rate, user_name, user_link, user_id, parent_url
Virje Waterfall, 15, 19, Bodies of Water & Nature & Wildlife Areas & Canyons & Waterfalls & More &   & Bodies of Water & Nature & Wildlife Areas & Canyons & Waterfalls & More &  , Europe & Slovenia & Slovenian Littoral Region & Bovec & Things to Do in Bovec, 4.5, 46.3397, 13.51644, 403461744, 20160801, 20160801, 3.0, julesaround, /Profile/julesaround, 4ed1446769f0683b27ad83ad569bc9e6, /Attraction_Review-g274866-d8264707-Reviews-Virje_Waterfall-Bovec_Slovenian_Littoral_Region.html
Virje Waterfall, 15, 19, Bodies of Water & Nature & Wildlife Areas & Canyons & Waterfalls & More &   & Bodies of Water & Nature & Wildlife Areas & Canyons & Waterfalls & More &  , Europe & Slovenia & Slovenian Littoral Region & Bovec & Things to Do in Bovec, 4.5, 46.3397, 13.51644, 390919757, 20160701, 20160601, 4.0, shokosuzi, /Profile/shokosuzi, c1c061a66321746cb9790833277403d5, /Attraction_Review-g274866-d8264707-Reviews-Virje_Waterfall-Bovec_Slovenian_Littoral_Region.html
Virje Waterfall, 15, 19, Bodies of Water & Nature & Wildlife Areas & Canyons & Waterfalls & More &   & Bodies of Water & Nature & Wildlife Areas & Canyons & Waterfalls & More &  , Europe & Slovenia & Slovenian Littoral Region & Bovec & Things to Do in Bovec, 4.5, 46.3397, 13.51644, 377418444, 20160501, 20160501, 5.0, Ewa S, /Profile/76ewas, 56eb0fd79dc9af81ca9cb76e01bb3ab7, /Attraction_Review-g274866-d8264707-Reviews-Virje_Waterfall-Bovec_Slovenian_Littoral_Region.html
Virje Waterfall, 15, 19, Bodies of Water & Nature & Wildlife Areas & Canyons & Waterfalls & More &   & Bodies of Water & Nature & Wildlife Areas & Canyons & Waterfalls & More &  , Europe & Slovenia & Slovenian Littoral Region & Bovec & Things to Do in Bovec, 4.5, 46.3397, 13.51644, 373565974, 20160501, 20160501, 5.0, Teja D, /Profile/569tejad, ef1d09fd11bc0ef81d5b01f7d23b124c, /Attraction_Review-g274866-d8264707-Reviews-Virje_Waterfall-Bovec_Slovenian_Littoral_Region.html
Virje Waterfall, 15, 19, Bodies of Water & Nature & Wildlife Areas & Canyons & Waterfalls & More &   & Bodies of Water & Nature & Wildlife Areas & Canyons & Waterfalls & More &  , Europe & Slovenia & Slovenian Littoral Region & Bovec & Things to Do in Bovec, 4.5, 46.3397, 13.51644, 363781233, 20160401, 20160401, 5.0, Alex L, /Profile/K5809JFalexl, 352f37a545aca20d0cf856258db0eb59, /Attraction_Review-g274866-d8264707-Reviews-Virje_Waterfall-Bovec_Slovenian_Littoral_Region.html
