review_location_name, review_current_page, review_last_page, review_location_type, review_location_breadcrumbs, review_location_rate, location_lat, location_lng, review_id, review_date, review_experience_date, review_rate, user_name, user_link, user_id, parent_url
River Ljubljanica Kanal, 67, 104, Bodies of Water & Bodies of Water, Europe & Slovenia & Upper Carniola Region & Ljubljana & Things to Do in Ljubljana, 4.5, 46.050674, 14.50583, 370143956, 20160501, 20160401, 5.0, Josipa D, /Profile/J0sipaD, bb4b29d7f7e1190898485ee7bcf88987, /Attraction_Review-g274873-d555572-Reviews-River_Ljubljanica_Kanal-Ljubljana_Upper_Carniola_Region.html
River Ljubljanica Kanal, 67, 104, Bodies of Water & Bodies of Water, Europe & Slovenia & Upper Carniola Region & Ljubljana & Things to Do in Ljubljana, 4.5, 46.050674, 14.50583, 370038616, 20160501, 20160501, 3.0, GinKaiSilver, /Profile/GinKaiSilver, 02abc0a5d977fcde307b06107c0c6b9d, /Attraction_Review-g274873-d555572-Reviews-River_Ljubljanica_Kanal-Ljubljana_Upper_Carniola_Region.html
River Ljubljanica Kanal, 67, 104, Bodies of Water & Bodies of Water, Europe & Slovenia & Upper Carniola Region & Ljubljana & Things to Do in Ljubljana, 4.5, 46.050674, 14.50583, 369326804, 20160501, 20160401, 5.0, Steve D, /Profile/781steved, e9d33ef9c1450e4577568f6e23973b40, /Attraction_Review-g274873-d555572-Reviews-River_Ljubljanica_Kanal-Ljubljana_Upper_Carniola_Region.html
River Ljubljanica Kanal, 67, 104, Bodies of Water & Bodies of Water, Europe & Slovenia & Upper Carniola Region & Ljubljana & Things to Do in Ljubljana, 4.5, 46.050674, 14.50583, 366838314, 20160401, 20160401, 5.0, JBforTB, /Profile/JBforTB, dba5b0ad1b34d315b10e0a58da962968, /Attraction_Review-g274873-d555572-Reviews-River_Ljubljanica_Kanal-Ljubljana_Upper_Carniola_Region.html
River Ljubljanica Kanal, 67, 104, Bodies of Water & Bodies of Water, Europe & Slovenia & Upper Carniola Region & Ljubljana & Things to Do in Ljubljana, 4.5, 46.050674, 14.50583, 366656121, 20160401, 20160401, 4.0, Apartment Ljubljana, /Profile/aparl, 0d9df5db54aaf9aa2af7df850335ac30, /Attraction_Review-g274873-d555572-Reviews-River_Ljubljanica_Kanal-Ljubljana_Upper_Carniola_Region.html
