review_location_name, review_current_page, review_last_page, review_location_type, review_location_breadcrumbs, review_location_rate, location_lat, location_lng, review_id, review_date, review_experience_date, review_rate, user_name, user_link, user_id, parent_url
Ljubljana Old Town, 647, 824, Neighborhoods & Neighborhoods, Europe & Slovenia & Upper Carniola Region & Ljubljana & Things to Do in Ljubljana, 4.5, 46.051033, 14.506317, 281627336, 20150601, 20150601, 3.0, ghostwhisperer76, /Profile/ghostwhisperer76, daf50b32241d4e04639e0c77822de989, /Attraction_Review-g274873-d298666-Reviews-Ljubljana_Old_Town-Ljubljana_Upper_Carniola_Region.html
Ljubljana Old Town, 647, 824, Neighborhoods & Neighborhoods, Europe & Slovenia & Upper Carniola Region & Ljubljana & Things to Do in Ljubljana, 4.5, 46.051033, 14.506317, 281515830, 20150601, 20150601, 5.0, Dhaone, /Profile/Dhaone, 0260c358e7c5e47e0132cc1a76f19ca4, /Attraction_Review-g274873-d298666-Reviews-Ljubljana_Old_Town-Ljubljana_Upper_Carniola_Region.html
Ljubljana Old Town, 647, 824, Neighborhoods & Neighborhoods, Europe & Slovenia & Upper Carniola Region & Ljubljana & Things to Do in Ljubljana, 4.5, 46.051033, 14.506317, 281450950, 20150601, 20150601, 5.0, paolat257, /Profile/paolat257, 4978e68e45eb93c9a0cb1db39330ffe7, /Attraction_Review-g274873-d298666-Reviews-Ljubljana_Old_Town-Ljubljana_Upper_Carniola_Region.html
Ljubljana Old Town, 647, 824, Neighborhoods & Neighborhoods, Europe & Slovenia & Upper Carniola Region & Ljubljana & Things to Do in Ljubljana, 4.5, 46.051033, 14.506317, 281192769, 20150601, 20150601, 3.0, Pja55, /Profile/Pja55, ff1fe5c640c2d8a41933713ad8e98b0c, /Attraction_Review-g274873-d298666-Reviews-Ljubljana_Old_Town-Ljubljana_Upper_Carniola_Region.html
Ljubljana Old Town, 647, 824, Neighborhoods & Neighborhoods, Europe & Slovenia & Upper Carniola Region & Ljubljana & Things to Do in Ljubljana, 4.5, 46.051033, 14.506317, 281183993, 20150601, 20150601, 5.0, christopher0006, /Profile/christopher0006, 3d38e1cae33e1a6830d2a5be8d4a0b2c, /Attraction_Review-g274873-d298666-Reviews-Ljubljana_Old_Town-Ljubljana_Upper_Carniola_Region.html
