review_location_name, review_current_page, review_last_page, review_location_type, review_location_breadcrumbs, review_location_rate, location_lat, location_lng, review_id, review_date, review_experience_date, review_rate, user_name, user_link, user_id, parent_url
Triple Bridge (Tromostovje), 182, 306, Bridges & Bridges, Europe & Slovenia & Upper Carniola Region & Ljubljana & Things to Do in Ljubljana, 4.5, 46.05131, 14.50601, 381410780, 20160601, 20160601, 4.0, les f, /Profile/wizard60, 9e7e97ee6e76641f66ac6d13c767550e, /Attraction_Review-g274873-d276335-Reviews-Triple_Bridge_Tromostovje-Ljubljana_Upper_Carniola_Region.html
Triple Bridge (Tromostovje), 182, 306, Bridges & Bridges, Europe & Slovenia & Upper Carniola Region & Ljubljana & Things to Do in Ljubljana, 4.5, 46.05131, 14.50601, 380580485, 20160601, 20160601, 3.0, Hanmin J, /Profile/hanminj2016, 60f60af26b78f119a848890fe0b93305, /Attraction_Review-g274873-d276335-Reviews-Triple_Bridge_Tromostovje-Ljubljana_Upper_Carniola_Region.html
Triple Bridge (Tromostovje), 182, 306, Bridges & Bridges, Europe & Slovenia & Upper Carniola Region & Ljubljana & Things to Do in Ljubljana, 4.5, 46.05131, 14.50601, 380468891, 20160601, 20160601, 5.0, Travel_away_10, /Profile/Travel_away_10, ef5693f0a1f823d2a97fc805fa4808b2, /Attraction_Review-g274873-d276335-Reviews-Triple_Bridge_Tromostovje-Ljubljana_Upper_Carniola_Region.html
Triple Bridge (Tromostovje), 182, 306, Bridges & Bridges, Europe & Slovenia & Upper Carniola Region & Ljubljana & Things to Do in Ljubljana, 4.5, 46.05131, 14.50601, 380303145, 20160601, 20160601, 5.0, Vanswieten, /Profile/Vanswieten, a05be3bb7ac2cf3cc6baca640ad213bb, /Attraction_Review-g274873-d276335-Reviews-Triple_Bridge_Tromostovje-Ljubljana_Upper_Carniola_Region.html
Triple Bridge (Tromostovje), 182, 306, Bridges & Bridges, Europe & Slovenia & Upper Carniola Region & Ljubljana & Things to Do in Ljubljana, 4.5, 46.05131, 14.50601, 379682735, 20160601, 20160501, 5.0, Tracey T, /Profile/TraceyT716, 45c086c508d35eaba782c1eb63e099cc, /Attraction_Review-g274873-d276335-Reviews-Triple_Bridge_Tromostovje-Ljubljana_Upper_Carniola_Region.html
