review_location_name, review_current_page, review_last_page, review_location_type, review_location_breadcrumbs, review_location_rate, location_lat, location_lng, review_id, review_date, review_experience_date, review_rate, user_name, user_link, user_id, parent_url
Church of the Assumption, 6, 47, Sacred & Religious Sites & Sacred & Religious Sites, Europe & Slovenia & Upper Carniola Region & Bled & Things to Do in Bled, 4.0, 46.36224, 14.090114, 646542921, 20190101, 20181201, 4.0, AKW5457, /Profile/AKW5457, d95a163c1ba03382d7b752acf2769a38, /Attraction_Review-g274863-d277368-Reviews-Church_of_the_Assumption-Bled_Upper_Carniola_Region.html
Church of the Assumption, 6, 47, Sacred & Religious Sites & Sacred & Religious Sites, Europe & Slovenia & Upper Carniola Region & Bled & Things to Do in Bled, 4.0, 46.36224, 14.090114, 645334914, 20190101, 20180901, 5.0, Aleksandar, /Profile/a1eksandar, 5a9fbede69527a338a1e714c8e667640, /Attraction_Review-g274863-d277368-Reviews-Church_of_the_Assumption-Bled_Upper_Carniola_Region.html
Church of the Assumption, 6, 47, Sacred & Religious Sites & Sacred & Religious Sites, Europe & Slovenia & Upper Carniola Region & Bled & Things to Do in Bled, 4.0, 46.36224, 14.090114, 642532539, 20181201, 20180901, 4.0, Suzy R, /Profile/858suzyr, 5308c7316a0d5dbe370ff41fea2b6b7b, /Attraction_Review-g274863-d277368-Reviews-Church_of_the_Assumption-Bled_Upper_Carniola_Region.html
Church of the Assumption, 6, 47, Sacred & Religious Sites & Sacred & Religious Sites, Europe & Slovenia & Upper Carniola Region & Bled & Things to Do in Bled, 4.0, 46.36224, 14.090114, 637013080, 20181201, 20181201, 4.0, dartmoor-pony, /Profile/dartmoor-pony, d0a7e23968ea9b5f3633b987302ff8e1, /Attraction_Review-g274863-d277368-Reviews-Church_of_the_Assumption-Bled_Upper_Carniola_Region.html
Church of the Assumption, 6, 47, Sacred & Religious Sites & Sacred & Religious Sites, Europe & Slovenia & Upper Carniola Region & Bled & Things to Do in Bled, 4.0, 46.36224, 14.090114, 635011484, 20181101, 20180501, 2.0, Alex (Mac) McFarland, /Profile/PACK_a_MAC_90, 008ed8a15dc61cb2059d162ddb347826, /Attraction_Review-g274863-d277368-Reviews-Church_of_the_Assumption-Bled_Upper_Carniola_Region.html
