review_location_name, review_current_page, review_last_page, review_location_type, review_location_breadcrumbs, review_location_rate, location_lat, location_lng, review_id, review_date, review_experience_date, review_rate, user_name, user_link, user_id, parent_url
Church of the Assumption, 8, 47, Sacred & Religious Sites & Sacred & Religious Sites, Europe & Slovenia & Upper Carniola Region & Bled & Things to Do in Bled, 4.0, 46.36224, 14.090114, 622204104, 20181001, 20181001, 4.0, Lottelli, /Profile/Lottelli, bcfd4c7bd9199904815cb260e2cce999, /Attraction_Review-g274863-d277368-Reviews-Church_of_the_Assumption-Bled_Upper_Carniola_Region.html
Church of the Assumption, 8, 47, Sacred & Religious Sites & Sacred & Religious Sites, Europe & Slovenia & Upper Carniola Region & Bled & Things to Do in Bled, 4.0, 46.36224, 14.090114, 621149068, 20181001, 20181001, 4.0, jjflan, /Profile/jjflan, 986db98574f58937c49f5439494a909e, /Attraction_Review-g274863-d277368-Reviews-Church_of_the_Assumption-Bled_Upper_Carniola_Region.html
Church of the Assumption, 8, 47, Sacred & Religious Sites & Sacred & Religious Sites, Europe & Slovenia & Upper Carniola Region & Bled & Things to Do in Bled, 4.0, 46.36224, 14.090114, 620501358, 20180901, 20180901, 4.0, dunkami, /Profile/dunkami, f465f8465fc225d8c92260aa210523b6, /Attraction_Review-g274863-d277368-Reviews-Church_of_the_Assumption-Bled_Upper_Carniola_Region.html
Church of the Assumption, 8, 47, Sacred & Religious Sites & Sacred & Religious Sites, Europe & Slovenia & Upper Carniola Region & Bled & Things to Do in Bled, 4.0, 46.36224, 14.090114, 619894151, 20180901, 20180901, 3.0, LolaGo1, /Profile/LolaGo1, 87ba2d1b55f0773ce59d0518171a357a, /Attraction_Review-g274863-d277368-Reviews-Church_of_the_Assumption-Bled_Upper_Carniola_Region.html
Church of the Assumption, 8, 47, Sacred & Religious Sites & Sacred & Religious Sites, Europe & Slovenia & Upper Carniola Region & Bled & Things to Do in Bled, 4.0, 46.36224, 14.090114, 617862038, 20180901, 20180601, 4.0, kormensandiego, /Profile/kormensandiego, 467b93f2f0ac080f740246ff92048835, /Attraction_Review-g274863-d277368-Reviews-Church_of_the_Assumption-Bled_Upper_Carniola_Region.html
