review_location_name, review_current_page, review_last_page, review_location_type, review_location_breadcrumbs, review_location_rate, location_lat, location_lng, review_id, review_date, review_experience_date, review_rate, user_name, user_link, user_id, parent_url
Metelkova, 28, 84, Neighborhoods & Neighborhoods, Europe & Slovenia & Upper Carniola Region & Ljubljana & Things to Do in Ljubljana, 4.0, 46.056644, 14.516993, 475489427, 20170401, 20170401, 5.0, ymanev, /Profile/ymanev, 9d894893d59553f49dee7a2c18810b52, /Attraction_Review-g274873-d734854-Reviews-Metelkova-Ljubljana_Upper_Carniola_Region.html
Metelkova, 28, 84, Neighborhoods & Neighborhoods, Europe & Slovenia & Upper Carniola Region & Ljubljana & Things to Do in Ljubljana, 4.0, 46.056644, 14.516993, 474049676, 20170401, 20170401, 4.0, saml0ck, /Profile/saml0ck, 3481c297fb3ca00e6e4a8996bbe043d7, /Attraction_Review-g274873-d734854-Reviews-Metelkova-Ljubljana_Upper_Carniola_Region.html
Metelkova, 28, 84, Neighborhoods & Neighborhoods, Europe & Slovenia & Upper Carniola Region & Ljubljana & Things to Do in Ljubljana, 4.0, 46.056644, 14.516993, 472788358, 20170401, 20170301, 4.0, Jess S, /Profile/jess_stetson, bb4a500ea9dfbd058fbb07391a09eebc, /Attraction_Review-g274873-d734854-Reviews-Metelkova-Ljubljana_Upper_Carniola_Region.html
Metelkova, 28, 84, Neighborhoods & Neighborhoods, Europe & Slovenia & Upper Carniola Region & Ljubljana & Things to Do in Ljubljana, 4.0, 46.056644, 14.516993, 471414636, 20170301, 20170301, 4.0, Joel Futerman, /Profile/joelfuterman, a3ca8bca12e2978742101457562e5918, /Attraction_Review-g274873-d734854-Reviews-Metelkova-Ljubljana_Upper_Carniola_Region.html
Metelkova, 28, 84, Neighborhoods & Neighborhoods, Europe & Slovenia & Upper Carniola Region & Ljubljana & Things to Do in Ljubljana, 4.0, 46.056644, 14.516993, 469223159, 20170301, 20161201, 4.0, motorhead76, /Profile/motorhead76, b0cfa69714f9dbeae3a8db079012e816, /Attraction_Review-g274873-d734854-Reviews-Metelkova-Ljubljana_Upper_Carniola_Region.html
