review_location_name, review_current_page, review_last_page, review_location_type, review_location_breadcrumbs, review_location_rate, location_lat, location_lng, review_id, review_date, review_experience_date, review_rate, user_name, user_link, user_id, parent_url
Church of St. George, 2, 41, Sacred & Religious Sites & Sacred & Religious Sites, Europe & Slovenia & Slovenian Littoral Region & Slovenian Istria & Piran & Things to Do in Piran, 4.5, 45.52936, 13.56843, 703055927, 20190801, 20190801, 5.0, Balázs Csabai, /Profile/Bsli, 8a8866d4ee5e15f45cd773fa8adf115a, /Attraction_Review-g274876-d2344931-Reviews-Church_of_St_George-Piran_Slovenian_Istria_Slovenian_Littoral_Region.html
Church of St. George, 2, 41, Sacred & Religious Sites & Sacred & Religious Sites, Europe & Slovenia & Slovenian Littoral Region & Slovenian Istria & Piran & Things to Do in Piran, 4.5, 45.52936, 13.56843, 698969524, 20190801, 20190701, 5.0, robert-not-home, /Profile/robert-not-home, 0ac48787c7894683c97e269bb4918bf7, /Attraction_Review-g274876-d2344931-Reviews-Church_of_St_George-Piran_Slovenian_Istria_Slovenian_Littoral_Region.html
Church of St. George, 2, 41, Sacred & Religious Sites & Sacred & Religious Sites, Europe & Slovenia & Slovenian Littoral Region & Slovenian Istria & Piran & Things to Do in Piran, 4.5, 45.52936, 13.56843, 695364910, 20190801, 20190701, 4.0, Haluk, /Profile/Gozce, 298f4bd66e84116980251d34452a54ff, /Attraction_Review-g274876-d2344931-Reviews-Church_of_St_George-Piran_Slovenian_Istria_Slovenian_Littoral_Region.html
Church of St. George, 2, 41, Sacred & Religious Sites & Sacred & Religious Sites, Europe & Slovenia & Slovenian Littoral Region & Slovenian Istria & Piran & Things to Do in Piran, 4.5, 45.52936, 13.56843, 689063381, 20190701, 20190701, 3.0, 2fromTX, /Profile/2fromTX, 425f6ad7ef613b5f87199f3c4645d2f1, /Attraction_Review-g274876-d2344931-Reviews-Church_of_St_George-Piran_Slovenian_Istria_Slovenian_Littoral_Region.html
Church of St. George, 2, 41, Sacred & Religious Sites & Sacred & Religious Sites, Europe & Slovenia & Slovenian Littoral Region & Slovenian Istria & Piran & Things to Do in Piran, 4.5, 45.52936, 13.56843, 687163673, 20190701, 20190701, 3.0, ZNagy, /Profile/ZNagy, 21afa7deea77216f587d3dd8d89fe8ab, /Attraction_Review-g274876-d2344931-Reviews-Church_of_St_George-Piran_Slovenian_Istria_Slovenian_Littoral_Region.html
