review_location_name, review_current_page, review_last_page, review_location_type, review_location_breadcrumbs, review_location_rate, location_lat, location_lng, review_id, review_date, review_experience_date, review_rate, user_name, user_link, user_id, parent_url
Beekeeping Museum (Cebelarski Muzej), 14, 17, Specialty Museums & Specialty Museums, Europe & Slovenia & Upper Carniola Region & Radovljica & Things to Do in Radovljica, 4.5, 46.340572, 14.175669, 273601689, 20150501, 20150501, 4.0, TLAOrangeville, /Profile/TLAOrangeville, 463904f712a0e7acce1ff09baf2ad15b, /Attraction_Review-g274879-d523481-Reviews-Beekeeping_Museum_Cebelarski_Muzej-Radovljica_Upper_Carniola_Region.html
Beekeeping Museum (Cebelarski Muzej), 14, 17, Specialty Museums & Specialty Museums, Europe & Slovenia & Upper Carniola Region & Radovljica & Things to Do in Radovljica, 4.5, 46.340572, 14.175669, 245383748, 20141201, 20141001, 5.0, Dan K, /Profile/DanK984, cf9d1d5993026f4dc2aed1ab2f01796d, /Attraction_Review-g274879-d523481-Reviews-Beekeeping_Museum_Cebelarski_Muzej-Radovljica_Upper_Carniola_Region.html
Beekeeping Museum (Cebelarski Muzej), 14, 17, Specialty Museums & Specialty Museums, Europe & Slovenia & Upper Carniola Region & Radovljica & Things to Do in Radovljica, 4.5, 46.340572, 14.175669, 242394303, 20141201, 20140901, 4.0, Kirsten S, /Profile/474kirstens, f4e07b3d346f6afbf709b71020422db8, /Attraction_Review-g274879-d523481-Reviews-Beekeeping_Museum_Cebelarski_Muzej-Radovljica_Upper_Carniola_Region.html
Beekeeping Museum (Cebelarski Muzej), 14, 17, Specialty Museums & Specialty Museums, Europe & Slovenia & Upper Carniola Region & Radovljica & Things to Do in Radovljica, 4.5, 46.340572, 14.175669, 238215066, 20141101, 20140901, 4.0, sulcslo, /Profile/sulcslo, 42ddf367eb87b170d83f4aa3d304001f, /Attraction_Review-g274879-d523481-Reviews-Beekeeping_Museum_Cebelarski_Muzej-Radovljica_Upper_Carniola_Region.html
Beekeeping Museum (Cebelarski Muzej), 14, 17, Specialty Museums & Specialty Museums, Europe & Slovenia & Upper Carniola Region & Radovljica & Things to Do in Radovljica, 4.5, 46.340572, 14.175669, 235549647, 20141001, 20141001, 4.0, alohatripper, /Profile/alohatripper, 58427a34e3ce646754deb921cbf0e703, /Attraction_Review-g274879-d523481-Reviews-Beekeeping_Museum_Cebelarski_Muzej-Radovljica_Upper_Carniola_Region.html
