review_location_name, review_current_page, review_last_page, review_location_type, review_location_breadcrumbs, review_location_rate, location_lat, location_lng, review_id, review_date, review_experience_date, review_rate, user_name, user_link, user_id, parent_url
Mestni Trg, 2, 18, Points of Interest & Landmarks & Points of Interest & Landmarks, Europe & Slovenia & Upper Carniola Region & Ljubljana & Things to Do in Ljubljana, 4.5, 46.04938, 14.50645, 702867104, 20190801, 20190801, 5.0, Alexis T, /Profile/708alexist, e3f8219457e9164a14a7f3a26c150ff5, /Attraction_Review-g274873-d5523574-Reviews-Mestni_Trg-Ljubljana_Upper_Carniola_Region.html
Mestni Trg, 2, 18, Points of Interest & Landmarks & Points of Interest & Landmarks, Europe & Slovenia & Upper Carniola Region & Ljubljana & Things to Do in Ljubljana, 4.5, 46.04938, 14.50645, 697921751, 20190801, 20180901, 4.0, dskid, /Profile/dskid, 1fd88cdbc680723f5a8ac1ab8f4af6c1, /Attraction_Review-g274873-d5523574-Reviews-Mestni_Trg-Ljubljana_Upper_Carniola_Region.html
Mestni Trg, 2, 18, Points of Interest & Landmarks & Points of Interest & Landmarks, Europe & Slovenia & Upper Carniola Region & Ljubljana & Things to Do in Ljubljana, 4.5, 46.04938, 14.50645, 693885064, 20190701, 20190701, 5.0, robert-not-home, /Profile/robert-not-home, 0ac48787c7894683c97e269bb4918bf7, /Attraction_Review-g274873-d5523574-Reviews-Mestni_Trg-Ljubljana_Upper_Carniola_Region.html
Mestni Trg, 2, 18, Points of Interest & Landmarks & Points of Interest & Landmarks, Europe & Slovenia & Upper Carniola Region & Ljubljana & Things to Do in Ljubljana, 4.5, 46.04938, 14.50645, 687231296, 20190701, 20190701, 5.0, Anonymous, /Profile/Anomymous123456789, 3490650aa0b42a4c093df444206aac54, /Attraction_Review-g274873-d5523574-Reviews-Mestni_Trg-Ljubljana_Upper_Carniola_Region.html
Mestni Trg, 2, 18, Points of Interest & Landmarks & Points of Interest & Landmarks, Europe & Slovenia & Upper Carniola Region & Ljubljana & Things to Do in Ljubljana, 4.5, 46.04938, 14.50645, 684190312, 20190601, 20190601, 4.0, Cambridge Guru, /Profile/Davidm1961, 856c6bfb9b590f6c133265f2b82acb4f, /Attraction_Review-g274873-d5523574-Reviews-Mestni_Trg-Ljubljana_Upper_Carniola_Region.html
