review_location_name, review_current_page, review_last_page, review_location_type, review_location_breadcrumbs, review_location_rate, location_lat, location_lng, review_id, review_date, review_experience_date, review_rate, user_name, user_link, user_id, parent_url
Three Ponds, 6, 12, Parks & Parks, Europe & Slovenia & Styria Region & Maribor & Things to Do in Maribor, 4.5, 0, 0, 355568760, 20160301, 20160301, 3.0, Nina P, /Profile/ninap950, 03c5696eb9994f16ebc3e9d4ae5b3efd, /Attraction_Review-g274874-d2209648-Reviews-Three_Ponds-Maribor_Styria_Region.html
Three Ponds, 6, 12, Parks & Parks, Europe & Slovenia & Styria Region & Maribor & Things to Do in Maribor, 4.5, 0, 0, 351090697, 20160201, 20150801, 4.0, AndrejaKo, /Profile/AndrejaKo, 38dde10c961e2f1e05a5f13295f8706f, /Attraction_Review-g274874-d2209648-Reviews-Three_Ponds-Maribor_Styria_Region.html
Three Ponds, 6, 12, Parks & Parks, Europe & Slovenia & Styria Region & Maribor & Things to Do in Maribor, 4.5, 0, 0, 339873810, 20160101, 20160101, 3.0, Anja M, /Profile/472anjam, f0f95fad64a39148d6e8cfcd0bbc58da, /Attraction_Review-g274874-d2209648-Reviews-Three_Ponds-Maribor_Styria_Region.html
Three Ponds, 6, 12, Parks & Parks, Europe & Slovenia & Styria Region & Maribor & Things to Do in Maribor, 4.5, 0, 0, 332911577, 20151201, 20150701, 5.0, Igor_JURISIC, /Profile/Igor_JURISIC, 84d2fa1c2953913495f41bb143b4ecac, /Attraction_Review-g274874-d2209648-Reviews-Three_Ponds-Maribor_Styria_Region.html
Three Ponds, 6, 12, Parks & Parks, Europe & Slovenia & Styria Region & Maribor & Things to Do in Maribor, 4.5, 0, 0, 331337619, 20151201, 20150901, 5.0, BeSt69, /Profile/BeSt69, 26a37e0d328dc2a966ed8697d03589f6, /Attraction_Review-g274874-d2209648-Reviews-Three_Ponds-Maribor_Styria_Region.html
