review_location_name, review_current_page, review_last_page, review_location_type, review_location_breadcrumbs, review_location_rate, location_lat, location_lng, review_id, review_date, review_experience_date, review_rate, user_name, user_link, user_id, parent_url
WoodWay, None, None, Gift & Specialty Shops & Gift & Specialty Shops, Europe & Slovenia & Upper Carniola Region & Radovljica & Things to Do in Radovljica, 5.0, 46.34102, 14.17474, 595494518, 20180701, 20180601, 5.0, Kep70, /Profile/Kep70, b69537c3bd5bd7ab009511dc36813dbe, /Attraction_Review-g274879-d12563008-Reviews-WoodWay-Radovljica_Upper_Carniola_Region.html
WoodWay, None, None, Gift & Specialty Shops & Gift & Specialty Shops, Europe & Slovenia & Upper Carniola Region & Radovljica & Things to Do in Radovljica, 5.0, 46.34102, 14.17474, 500274605, 20170701, 20170701, 5.0, Anja L, /Profile/238anjal, aa178fd27336837131202da981ac312f, /Attraction_Review-g274879-d12563008-Reviews-WoodWay-Radovljica_Upper_Carniola_Region.html
WoodWay, None, None, Gift & Specialty Shops & Gift & Specialty Shops, Europe & Slovenia & Upper Carniola Region & Radovljica & Things to Do in Radovljica, 5.0, 46.34102, 14.17474, 498445999, 20170701, 20170701, 5.0, Melita M, /Profile/melitam126, e2dff8c900e0289712ea096404d4aeb3, /Attraction_Review-g274879-d12563008-Reviews-WoodWay-Radovljica_Upper_Carniola_Region.html
WoodWay, None, None, Gift & Specialty Shops & Gift & Specialty Shops, Europe & Slovenia & Upper Carniola Region & Radovljica & Things to Do in Radovljica, 5.0, 46.34102, 14.17474, 498159836, 20170701, 20170701, 5.0, Anja M, /Profile/841anjam, 68353aa09bb138eba99d83bb33173d28, /Attraction_Review-g274879-d12563008-Reviews-WoodWay-Radovljica_Upper_Carniola_Region.html
WoodWay, None, None, Gift & Specialty Shops & Gift & Specialty Shops, Europe & Slovenia & Upper Carniola Region & Radovljica & Things to Do in Radovljica, 5.0, 46.34102, 14.17474, 497069354, 20170601, 20170501, 5.0, PA L, /Profile/106pal, 56edacbb28dd4b2b064ca8ea22bdb4a2, /Attraction_Review-g274879-d12563008-Reviews-WoodWay-Radovljica_Upper_Carniola_Region.html
