review_location_name, review_current_page, review_last_page, review_location_type, review_location_breadcrumbs, review_location_rate, location_lat, location_lng, review_id, review_date, review_experience_date, review_rate, user_name, user_link, user_id, parent_url
Skocjanske Jame, 84, 161, Caverns & Caves & Caverns & Caves, Europe & Slovenia & Slovenian Littoral Region & Skocjan & Things to Do in Skocjan, 4.5, 45.66363, 13.98887, 381215693, 20160601, 20160601, 5.0, Debbie S, /Profile/988debbies, c14cac75e0c29d8a94b969e685991f71, /Attraction_Review-g17579051-d10438743-Reviews-Skocjanske_Jame-Skocjan_Slovenian_Littoral_Region.html
Skocjanske Jame, 84, 161, Caverns & Caves & Caverns & Caves, Europe & Slovenia & Slovenian Littoral Region & Skocjan & Things to Do in Skocjan, 4.5, 45.66363, 13.98887, 381126639, 20160601, 20160601, 5.0, Amanda M, /Profile/Mandazworld, c039101236cf84b8e2853cb4f2c5dfe1, /Attraction_Review-g17579051-d10438743-Reviews-Skocjanske_Jame-Skocjan_Slovenian_Littoral_Region.html
Skocjanske Jame, 84, 161, Caverns & Caves & Caverns & Caves, Europe & Slovenia & Slovenian Littoral Region & Skocjan & Things to Do in Skocjan, 4.5, 45.66363, 13.98887, 379942990, 20160601, 20160501, 4.0, Diarmuidog, /Profile/Diarmuidog, 4670bb881a30f4052fcc54706d0f65cc, /Attraction_Review-g17579051-d10438743-Reviews-Skocjanske_Jame-Skocjan_Slovenian_Littoral_Region.html
Skocjanske Jame, 84, 161, Caverns & Caves & Caverns & Caves, Europe & Slovenia & Slovenian Littoral Region & Skocjan & Things to Do in Skocjan, 4.5, 45.66363, 13.98887, 378798714, 20160601, 20160501, 5.0, PatriciaC, /Profile/particiac2015, d4409ba530d5d03a16bd4b2be9b6858a, /Attraction_Review-g17579051-d10438743-Reviews-Skocjanske_Jame-Skocjan_Slovenian_Littoral_Region.html
Skocjanske Jame, 84, 161, Caverns & Caves & Caverns & Caves, Europe & Slovenia & Slovenian Littoral Region & Skocjan & Things to Do in Skocjan, 4.5, 45.66363, 13.98887, 378602643, 20160601, 20160501, 5.0, LindaJ0, /Profile/LindaJ0, 30b061c40bb38ac074150b71ce55ae54, /Attraction_Review-g17579051-d10438743-Reviews-Skocjanske_Jame-Skocjan_Slovenian_Littoral_Region.html
