review_location_name, review_current_page, review_last_page, review_location_type, review_location_breadcrumbs, review_location_rate, location_lat, location_lng, review_id, review_date, review_experience_date, review_rate, user_name, user_link, user_id, parent_url
Ajdovska Deklica, 1, 4, Points of Interest & Landmarks & Points of Interest & Landmarks, Europe & Slovenia & Upper Carniola Region & Kranjska Gora & Things to Do in Kranjska Gora, 4.0, 0, 0, 738123284, 20200101, 20191001, 5.0, KAW687, /Profile/KAW687, 3b91e7fbc3488c3a379b3744c3a3a674, /Attraction_Review-g274870-d3630675-Reviews-Ajdovska_Deklica-Kranjska_Gora_Upper_Carniola_Region.html
Ajdovska Deklica, 1, 4, Points of Interest & Landmarks & Points of Interest & Landmarks, Europe & Slovenia & Upper Carniola Region & Kranjska Gora & Things to Do in Kranjska Gora, 4.0, 0, 0, 707571305, 20190901, 20190801, 5.0, Jaaanez, /Profile/Jaaanez, a719ff30a2c9ce0336bf75397ad2e074, /Attraction_Review-g274870-d3630675-Reviews-Ajdovska_Deklica-Kranjska_Gora_Upper_Carniola_Region.html
Ajdovska Deklica, 1, 4, Points of Interest & Landmarks & Points of Interest & Landmarks, Europe & Slovenia & Upper Carniola Region & Kranjska Gora & Things to Do in Kranjska Gora, 4.0, 0, 0, 701435174, 20190801, 20190801, 4.0, Raoulr89, /Profile/Raoulr89, f773f268f6c1b62b763cdc456ef57be0, /Attraction_Review-g274870-d3630675-Reviews-Ajdovska_Deklica-Kranjska_Gora_Upper_Carniola_Region.html
Ajdovska Deklica, 1, 4, Points of Interest & Landmarks & Points of Interest & Landmarks, Europe & Slovenia & Upper Carniola Region & Kranjska Gora & Things to Do in Kranjska Gora, 4.0, 0, 0, 699555114, 20190801, 20190801, 5.0, cw6151, /Profile/cw6151, b318de477170fee0da2bc8aa1e5354a5, /Attraction_Review-g274870-d3630675-Reviews-Ajdovska_Deklica-Kranjska_Gora_Upper_Carniola_Region.html
Ajdovska Deklica, 1, 4, Points of Interest & Landmarks & Points of Interest & Landmarks, Europe & Slovenia & Upper Carniola Region & Kranjska Gora & Things to Do in Kranjska Gora, 4.0, 0, 0, 611934921, 20180801, 20180501, 5.0, Nina K, /Profile/485ninak, 34b626fc155dae19ec472a1331103b6d, /Attraction_Review-g274870-d3630675-Reviews-Ajdovska_Deklica-Kranjska_Gora_Upper_Carniola_Region.html
