review_location_name, review_current_page, review_last_page, review_location_type, review_location_breadcrumbs, review_location_rate, location_lat, location_lng, review_id, review_date, review_experience_date, review_rate, user_name, user_link, user_id, parent_url
National Liberation Monument, 2, 5, Monuments & Statues & Monuments & Statues, Europe & Slovenia & Styria Region & Maribor & Things to Do in Maribor, 4.0, 46.56034, 15.64919, 678470434, 20190601, 20190401, 4.0, Aleksandar, /Profile/a1eksandar, 5a9fbede69527a338a1e714c8e667640, /Attraction_Review-g274874-d12104806-Reviews-National_Liberation_Monument-Maribor_Styria_Region.html
National Liberation Monument, 2, 5, Monuments & Statues & Monuments & Statues, Europe & Slovenia & Styria Region & Maribor & Things to Do in Maribor, 4.0, 46.56034, 15.64919, 665274776, 20190401, 20190301, 4.0, Rob B, /Profile/RobB3778, 6a0cf5b7dd2f4f7430a46a1842b06e47, /Attraction_Review-g274874-d12104806-Reviews-National_Liberation_Monument-Maribor_Styria_Region.html
National Liberation Monument, 2, 5, Monuments & Statues & Monuments & Statues, Europe & Slovenia & Styria Region & Maribor & Things to Do in Maribor, 4.0, 46.56034, 15.64919, 612709775, 20180801, 20180801, 3.0, DREW R, /Profile/143drewr, 54d28e50485382c51dde2a0d4a111a6c, /Attraction_Review-g274874-d12104806-Reviews-National_Liberation_Monument-Maribor_Styria_Region.html
National Liberation Monument, 2, 5, Monuments & Statues & Monuments & Statues, Europe & Slovenia & Styria Region & Maribor & Things to Do in Maribor, 4.0, 46.56034, 15.64919, 611834528, 20180801, 20170901, 5.0, IRENA K, /Profile/709irenak, 103416bbf7aed8ef594cadc4403fc444, /Attraction_Review-g274874-d12104806-Reviews-National_Liberation_Monument-Maribor_Styria_Region.html
National Liberation Monument, 2, 5, Monuments & Statues & Monuments & Statues, Europe & Slovenia & Styria Region & Maribor & Things to Do in Maribor, 4.0, 46.56034, 15.64919, 595792588, 20180701, 20180701, 4.0, Mark Vandael, /Profile/Mark_Vandael, ee440bd754fb54b239d19c7a491ec27f, /Attraction_Review-g274874-d12104806-Reviews-National_Liberation_Monument-Maribor_Styria_Region.html
