review_location_name, review_current_page, review_last_page, review_location_type, review_location_breadcrumbs, review_location_rate, location_lat, location_lng, review_id, review_date, review_experience_date, review_rate, user_name, user_link, user_id, parent_url
The Ljubljana Castle, 753, 761, Points of Interest & Landmarks & Castles & Points of Interest & Landmarks & Castles, Europe & Slovenia & Upper Carniola Region & Ljubljana & Things to Do in Ljubljana, 4.0, 46.04885, 14.50909, 123459685, 20120101, 20111001, 4.0, Smudgersmith1, /Profile/Smudgersmith1, 3fcf27036abaa7351e18b85124230fc4, /Attraction_Review-g274873-d6924839-Reviews-The_Ljubljana_Castle-Ljubljana_Upper_Carniola_Region.html
The Ljubljana Castle, 753, 761, Points of Interest & Landmarks & Castles & Points of Interest & Landmarks & Castles, Europe & Slovenia & Upper Carniola Region & Ljubljana & Things to Do in Ljubljana, 4.0, 46.04885, 14.50909, 123322275, 20120101, 20110801, 5.0, toni t, /Profile/tonit548, 618dfbfb922508e0ff4a568802123156, /Attraction_Review-g274873-d6924839-Reviews-The_Ljubljana_Castle-Ljubljana_Upper_Carniola_Region.html
The Ljubljana Castle, 753, 761, Points of Interest & Landmarks & Castles & Points of Interest & Landmarks & Castles, Europe & Slovenia & Upper Carniola Region & Ljubljana & Things to Do in Ljubljana, 4.0, 46.04885, 14.50909, 123271544, 20120101, 20110901, 4.0, adamandkaty, /Profile/adamandkaty, 72776a8983461adecb029568c5b010a1, /Attraction_Review-g274873-d6924839-Reviews-The_Ljubljana_Castle-Ljubljana_Upper_Carniola_Region.html
The Ljubljana Castle, 753, 761, Points of Interest & Landmarks & Castles & Points of Interest & Landmarks & Castles, Europe & Slovenia & Upper Carniola Region & Ljubljana & Things to Do in Ljubljana, 4.0, 46.04885, 14.50909, 122969693, 20120101, 20120101, 4.0, czeu, /Profile/czeu, a1a6dabd2b8ff8ae3031ac4b51a06981, /Attraction_Review-g274873-d6924839-Reviews-The_Ljubljana_Castle-Ljubljana_Upper_Carniola_Region.html
The Ljubljana Castle, 753, 761, Points of Interest & Landmarks & Castles & Points of Interest & Landmarks & Castles, Europe & Slovenia & Upper Carniola Region & Ljubljana & Things to Do in Ljubljana, 4.0, 46.04885, 14.50909, 122886227, 20120101, 20110401, 4.0, Katja R, /Profile/268katjar, cfb9144b46cfdf77e890cfb8e373dd8a, /Attraction_Review-g274873-d6924839-Reviews-The_Ljubljana_Castle-Ljubljana_Upper_Carniola_Region.html
