review_location_name, review_current_page, review_last_page, review_location_type, review_location_breadcrumbs, review_location_rate, location_lat, location_lng, review_id, review_date, review_experience_date, review_rate, user_name, user_link, user_id, parent_url
Piran Town Walls, 23, 56, Points of Interest & Landmarks & Points of Interest & Landmarks, Europe & Slovenia & Slovenian Littoral Region & Slovenian Istria & Piran & Things to Do in Piran, 4.5, 45.52743, 13.57175, 506978418, 20170701, 20170701, 5.0, spa101, /Profile/spa101, 9ef2e48fab6f46caab90d8c41aa9aa2f, /Attraction_Review-g274876-d4553092-Reviews-Piran_Town_Walls-Piran_Slovenian_Istria_Slovenian_Littoral_Region.html
Piran Town Walls, 23, 56, Points of Interest & Landmarks & Points of Interest & Landmarks, Europe & Slovenia & Slovenian Littoral Region & Slovenian Istria & Piran & Things to Do in Piran, 4.5, 45.52743, 13.57175, 506638317, 20170701, 20170501, 3.0, kpiddy, /Profile/kpiddy, 8ddc61762200e9272f78ef2c03121add, /Attraction_Review-g274876-d4553092-Reviews-Piran_Town_Walls-Piran_Slovenian_Istria_Slovenian_Littoral_Region.html
Piran Town Walls, 23, 56, Points of Interest & Landmarks & Points of Interest & Landmarks, Europe & Slovenia & Slovenian Littoral Region & Slovenian Istria & Piran & Things to Do in Piran, 4.5, 45.52743, 13.57175, 506277637, 20170701, 20170601, 4.0, scvrose, /Profile/scvrose, 7feeef7f53fed0ea37b21b3e54e3d167, /Attraction_Review-g274876-d4553092-Reviews-Piran_Town_Walls-Piran_Slovenian_Istria_Slovenian_Littoral_Region.html
Piran Town Walls, 23, 56, Points of Interest & Landmarks & Points of Interest & Landmarks, Europe & Slovenia & Slovenian Littoral Region & Slovenian Istria & Piran & Things to Do in Piran, 4.5, 45.52743, 13.57175, 506249391, 20170701, 20170701, 4.0, Bea B, /Profile/839beab, f3c214eb04f9169cc14d79feef3ede8e, /Attraction_Review-g274876-d4553092-Reviews-Piran_Town_Walls-Piran_Slovenian_Istria_Slovenian_Littoral_Region.html
Piran Town Walls, 23, 56, Points of Interest & Landmarks & Points of Interest & Landmarks, Europe & Slovenia & Slovenian Littoral Region & Slovenian Istria & Piran & Things to Do in Piran, 4.5, 45.52743, 13.57175, 505538509, 20170701, 20170701, 5.0, Katarina, /Profile/Katarina0123456789, 8f9ff68d24a8ceb259ece1daf1636828, /Attraction_Review-g274876-d4553092-Reviews-Piran_Town_Walls-Piran_Slovenian_Istria_Slovenian_Littoral_Region.html
