review_location_name, review_current_page, review_last_page, review_location_type, review_location_breadcrumbs, review_location_rate, location_lat, location_lng, review_id, review_date, review_experience_date, review_rate, user_name, user_link, user_id, parent_url
Tartini Square (Tartinijev trg), 22, 91, Points of Interest & Landmarks & Points of Interest & Landmarks, Europe & Slovenia & Slovenian Littoral Region & Slovenian Istria & Piran & Things to Do in Piran, 4.5, 45.528286, 13.568426, 545393907, 20171201, 20170701, 3.0, sandra n, /Profile/sandran489, d50ab6469468c20e6957f8a2944a92ed, /Attraction_Review-g274876-d2344936-Reviews-Tartini_Square_Tartinijev_trg-Piran_Slovenian_Istria_Slovenian_Littoral_Region.html
Tartini Square (Tartinijev trg), 22, 91, Points of Interest & Landmarks & Points of Interest & Landmarks, Europe & Slovenia & Slovenian Littoral Region & Slovenian Istria & Piran & Things to Do in Piran, 4.5, 45.528286, 13.568426, 541148992, 20171101, 20170501, 5.0, mcink, /Profile/mcink, 565a053a0e812c2a966a299f7db8fabf, /Attraction_Review-g274876-d2344936-Reviews-Tartini_Square_Tartinijev_trg-Piran_Slovenian_Istria_Slovenian_Littoral_Region.html
Tartini Square (Tartinijev trg), 22, 91, Points of Interest & Landmarks & Points of Interest & Landmarks, Europe & Slovenia & Slovenian Littoral Region & Slovenian Istria & Piran & Things to Do in Piran, 4.5, 45.528286, 13.568426, 539188102, 20171101, 20170801, 4.0, jsvatoews, /Profile/jsvatoews, b7d10398fd07e7b7f53a0b3e775e6a43, /Attraction_Review-g274876-d2344936-Reviews-Tartini_Square_Tartinijev_trg-Piran_Slovenian_Istria_Slovenian_Littoral_Region.html
Tartini Square (Tartinijev trg), 22, 91, Points of Interest & Landmarks & Points of Interest & Landmarks, Europe & Slovenia & Slovenian Littoral Region & Slovenian Istria & Piran & Things to Do in Piran, 4.5, 45.528286, 13.568426, 537204727, 20171001, 20171001, 5.0, Milan Gray, /Profile/milang535, 3cf29cb19446d6ae623a11b6a54bd8af, /Attraction_Review-g274876-d2344936-Reviews-Tartini_Square_Tartinijev_trg-Piran_Slovenian_Istria_Slovenian_Littoral_Region.html
Tartini Square (Tartinijev trg), 22, 91, Points of Interest & Landmarks & Points of Interest & Landmarks, Europe & Slovenia & Slovenian Littoral Region & Slovenian Istria & Piran & Things to Do in Piran, 4.5, 45.528286, 13.568426, 533630357, 20171001, 20171001, 4.0, Dundun0101, /Profile/Dundun0101, 5ed098b34a234e907b8c4da43d0d093b, /Attraction_Review-g274876-d2344936-Reviews-Tartini_Square_Tartinijev_trg-Piran_Slovenian_Istria_Slovenian_Littoral_Region.html
