review_location_name, review_current_page, review_last_page, review_location_type, review_location_breadcrumbs, review_location_rate, location_lat, location_lng, review_id, review_date, review_experience_date, review_rate, user_name, user_link, user_id, parent_url
Skocjanske Jame, 17, 161, Caverns & Caves & Caverns & Caves, Europe & Slovenia & Slovenian Littoral Region & Skocjan & Things to Do in Skocjan, 4.5, 45.66363, 13.98887, 617606707, 20180901, 20180801, 5.0, Fauve H, /Profile/fauveh2016, 767180b21c2f5395c461922a2b9e5078, /Attraction_Review-g17579051-d10438743-Reviews-Skocjanske_Jame-Skocjan_Slovenian_Littoral_Region.html
Skocjanske Jame, 17, 161, Caverns & Caves & Caverns & Caves, Europe & Slovenia & Slovenian Littoral Region & Skocjan & Things to Do in Skocjan, 4.5, 45.66363, 13.98887, 616201634, 20180901, 20180901, 4.0, Annemieke B, /Profile/annemiekehwb, 651076fd069253885d31b8d29d36cc3f, /Attraction_Review-g17579051-d10438743-Reviews-Skocjanske_Jame-Skocjan_Slovenian_Littoral_Region.html
Skocjanske Jame, 17, 161, Caverns & Caves & Caverns & Caves, Europe & Slovenia & Slovenian Littoral Region & Skocjan & Things to Do in Skocjan, 4.5, 45.66363, 13.98887, 616044345, 20180901, 20180901, 5.0, janeyh55, /Profile/janeyh55, 2d9f525b7396f0c32d2e799be22e46e2, /Attraction_Review-g17579051-d10438743-Reviews-Skocjanske_Jame-Skocjan_Slovenian_Littoral_Region.html
Skocjanske Jame, 17, 161, Caverns & Caves & Caverns & Caves, Europe & Slovenia & Slovenian Littoral Region & Skocjan & Things to Do in Skocjan, 4.5, 45.66363, 13.98887, 615889976, 20180901, 20180901, 5.0, Patrick L, /Profile/D4435HRpatrickl, 8573bd1605350aff74173ae259820d7b, /Attraction_Review-g17579051-d10438743-Reviews-Skocjanske_Jame-Skocjan_Slovenian_Littoral_Region.html
Skocjanske Jame, 17, 161, Caverns & Caves & Caverns & Caves, Europe & Slovenia & Slovenian Littoral Region & Skocjan & Things to Do in Skocjan, 4.5, 45.66363, 13.98887, 614631397, 20180901, 20180901, 5.0, David B, /Profile/E9060PXdavidb, 0230a6bfa7c5526f67cf1f6be34db016, /Attraction_Review-g17579051-d10438743-Reviews-Skocjanske_Jame-Skocjan_Slovenian_Littoral_Region.html
