review_location_name, review_current_page, review_last_page, review_location_type, review_location_breadcrumbs, review_location_rate, location_lat, location_lng, review_id, review_date, review_experience_date, review_rate, user_name, user_link, user_id, parent_url
Vogel Ski Center, 42, 91, Tramways & Ski & Snowboard Areas & Tramways & Ski & Snowboard Areas, Europe & Slovenia & Upper Carniola Region & Bohinjsko Jezero & Things to Do in Bohinjsko Jezero, 4.5, 46.27561, 13.83527, 437452490, 20161101, 20160901, 5.0, Tamara T, /Profile/285tamarat, faeaee1c2d3f2e362e8e8763741530b2, /Attraction_Review-g274865-d1899824-Reviews-Vogel_Ski_Center-Bohinjsko_Jezero_Upper_Carniola_Region.html
Vogel Ski Center, 42, 91, Tramways & Ski & Snowboard Areas & Tramways & Ski & Snowboard Areas, Europe & Slovenia & Upper Carniola Region & Bohinjsko Jezero & Things to Do in Bohinjsko Jezero, 4.5, 46.27561, 13.83527, 437351068, 20161101, 20160101, 5.0, Ineskemp38, /Profile/Ineskemp38, 570d38a0235e83fafb84f903f74b5659, /Attraction_Review-g274865-d1899824-Reviews-Vogel_Ski_Center-Bohinjsko_Jezero_Upper_Carniola_Region.html
Vogel Ski Center, 42, 91, Tramways & Ski & Snowboard Areas & Tramways & Ski & Snowboard Areas, Europe & Slovenia & Upper Carniola Region & Bohinjsko Jezero & Things to Do in Bohinjsko Jezero, 4.5, 46.27561, 13.83527, 434960303, 20161101, 20161001, 5.0, itziks100, /Profile/itziks100, 4ab66f082ba1780343a2c76e67bac112, /Attraction_Review-g274865-d1899824-Reviews-Vogel_Ski_Center-Bohinjsko_Jezero_Upper_Carniola_Region.html
Vogel Ski Center, 42, 91, Tramways & Ski & Snowboard Areas & Tramways & Ski & Snowboard Areas, Europe & Slovenia & Upper Carniola Region & Bohinjsko Jezero & Things to Do in Bohinjsko Jezero, 4.5, 46.27561, 13.83527, 434824483, 20161101, 20161001, 5.0, teacherkh, /Profile/teacherkh, d5a1bdb6c5fc19a7169c3cc4add41d85, /Attraction_Review-g274865-d1899824-Reviews-Vogel_Ski_Center-Bohinjsko_Jezero_Upper_Carniola_Region.html
Vogel Ski Center, 42, 91, Tramways & Ski & Snowboard Areas & Tramways & Ski & Snowboard Areas, Europe & Slovenia & Upper Carniola Region & Bohinjsko Jezero & Things to Do in Bohinjsko Jezero, 4.5, 46.27561, 13.83527, 432141398, 20161001, 20161001, 1.0, mattX5985FN, /Profile/mattX5985FN, c66f31211fb74d65d02d77b3104d0833, /Attraction_Review-g274865-d1899824-Reviews-Vogel_Ski_Center-Bohinjsko_Jezero_Upper_Carniola_Region.html
