review_location_name, review_current_page, review_last_page, review_location_type, review_location_breadcrumbs, review_location_rate, location_lat, location_lng, review_id, review_date, review_experience_date, review_rate, user_name, user_link, user_id, parent_url
Kobarid Museum (Kobariski muzej), 17, 40, Specialty Museums & Specialty Museums, Europe & Slovenia & Slovenian Littoral Region & Kobarid & Things to Do in Kobarid, 4.5, 46.246548, 13.580907, 423809317, 20160901, 20160901, 4.0, worldfamousjeff, /Profile/worldfamousjeff, 79e614e7bd5d47233a3b0b1b355e3200, /Attraction_Review-g319788-d276481-Reviews-Kobarid_Museum_Kobariski_muzej-Kobarid_Slovenian_Littoral_Region.html
Kobarid Museum (Kobariski muzej), 17, 40, Specialty Museums & Specialty Museums, Europe & Slovenia & Slovenian Littoral Region & Kobarid & Things to Do in Kobarid, 4.5, 46.246548, 13.580907, 423028144, 20160901, 20160901, 5.0, Arthur, /Profile/Baldbutsexy, 81e5ff2b8afa455898899f37077fe8e5, /Attraction_Review-g319788-d276481-Reviews-Kobarid_Museum_Kobariski_muzej-Kobarid_Slovenian_Littoral_Region.html
Kobarid Museum (Kobariski muzej), 17, 40, Specialty Museums & Specialty Museums, Europe & Slovenia & Slovenian Littoral Region & Kobarid & Things to Do in Kobarid, 4.5, 46.246548, 13.580907, 422843657, 20160901, 20160901, 5.0, Amy S, /Profile/U6074WWamys, 1ba7447275102adfcc9b09d0442270d6, /Attraction_Review-g319788-d276481-Reviews-Kobarid_Museum_Kobariski_muzej-Kobarid_Slovenian_Littoral_Region.html
Kobarid Museum (Kobariski muzej), 17, 40, Specialty Museums & Specialty Museums, Europe & Slovenia & Slovenian Littoral Region & Kobarid & Things to Do in Kobarid, 4.5, 46.246548, 13.580907, 421864835, 20160901, 20160501, 5.0, Carlos196808, /Profile/Carlos196808, 8c50e3453ceaa1aa18920eb77b966641, /Attraction_Review-g319788-d276481-Reviews-Kobarid_Museum_Kobariski_muzej-Kobarid_Slovenian_Littoral_Region.html
Kobarid Museum (Kobariski muzej), 17, 40, Specialty Museums & Specialty Museums, Europe & Slovenia & Slovenian Littoral Region & Kobarid & Things to Do in Kobarid, 4.5, 46.246548, 13.580907, 413450825, 20160901, 20160801, 5.0, Navigator78, /Profile/Navigator78, a8599d6e2cf9764b0c469731385494c0, /Attraction_Review-g319788-d276481-Reviews-Kobarid_Museum_Kobariski_muzej-Kobarid_Slovenian_Littoral_Region.html
