review_location_name, review_current_page, review_last_page, review_location_type, review_location_breadcrumbs, review_location_rate, location_lat, location_lng, review_id, review_date, review_experience_date, review_rate, user_name, user_link, user_id, parent_url
Shoemaker's Bridge (Cevljarski Most), 5, 29, Bridges & Bridges, Europe & Slovenia & Upper Carniola Region & Ljubljana & Things to Do in Ljubljana, 4.0, 46.04848, 14.50599, 629241357, 20181001, 20180901, 4.0, French S, /Profile/FrenchieFragments, 3b2d2e8b6aa7dd9c09adaf2efd5bfee9, /Attraction_Review-g274873-d276317-Reviews-Shoemaker_s_Bridge_Cevljarski_Most-Ljubljana_Upper_Carniola_Region.html
Shoemaker's Bridge (Cevljarski Most), 5, 29, Bridges & Bridges, Europe & Slovenia & Upper Carniola Region & Ljubljana & Things to Do in Ljubljana, 4.0, 46.04848, 14.50599, 624426561, 20181001, 20181001, 4.0, alan_uk1953, /Profile/alan_uk1953, 3e4922ee54fd79abdad14b3a172d8d9a, /Attraction_Review-g274873-d276317-Reviews-Shoemaker_s_Bridge_Cevljarski_Most-Ljubljana_Upper_Carniola_Region.html
Shoemaker's Bridge (Cevljarski Most), 5, 29, Bridges & Bridges, Europe & Slovenia & Upper Carniola Region & Ljubljana & Things to Do in Ljubljana, 4.0, 46.04848, 14.50599, 622237466, 20181001, 20181001, 4.0, Lottelli, /Profile/Lottelli, bcfd4c7bd9199904815cb260e2cce999, /Attraction_Review-g274873-d276317-Reviews-Shoemaker_s_Bridge_Cevljarski_Most-Ljubljana_Upper_Carniola_Region.html
Shoemaker's Bridge (Cevljarski Most), 5, 29, Bridges & Bridges, Europe & Slovenia & Upper Carniola Region & Ljubljana & Things to Do in Ljubljana, 4.0, 46.04848, 14.50599, 619498267, 20180901, 20180901, 4.0, LolaGo1, /Profile/LolaGo1, 87ba2d1b55f0773ce59d0518171a357a, /Attraction_Review-g274873-d276317-Reviews-Shoemaker_s_Bridge_Cevljarski_Most-Ljubljana_Upper_Carniola_Region.html
Shoemaker's Bridge (Cevljarski Most), 5, 29, Bridges & Bridges, Europe & Slovenia & Upper Carniola Region & Ljubljana & Things to Do in Ljubljana, 4.0, 46.04848, 14.50599, 618988961, 20180901, 20180901, 4.0, Luv2TravelFarNWide, /Profile/Luv2TravelFarNWide, ed057125deae69f67616967bba78885f, /Attraction_Review-g274873-d276317-Reviews-Shoemaker_s_Bridge_Cevljarski_Most-Ljubljana_Upper_Carniola_Region.html
