review_location_name, review_current_page, review_last_page, review_location_type, review_location_breadcrumbs, review_location_rate, location_lat, location_lng, review_id, review_date, review_experience_date, review_rate, user_name, user_link, user_id, parent_url
Mine Museum, 2, 6, Specialty Museums & Specialty Museums, Europe & Slovenia & Carinthia Region & Mezica & Things to Do in Mezica, 5.0, 0, 0, 617063783, 20180901, 20180901, 5.0, Ines K, /Profile/inesk824, d71292b972b62afc1a472fc4a26d83d7, /Attraction_Review-g3440324-d3419558-Reviews-Mine_Museum-Mezica_Carinthia_Region.html
Mine Museum, 2, 6, Specialty Museums & Specialty Museums, Europe & Slovenia & Carinthia Region & Mezica & Things to Do in Mezica, 5.0, 0, 0, 616494016, 20180901, 20180901, 5.0, Scenic663934, /Profile/Scenic663934, f90b896abb1a0fa33cdd98f1f2a150cf, /Attraction_Review-g3440324-d3419558-Reviews-Mine_Museum-Mezica_Carinthia_Region.html
Mine Museum, 2, 6, Specialty Museums & Specialty Museums, Europe & Slovenia & Carinthia Region & Mezica & Things to Do in Mezica, 5.0, 0, 0, 608765677, 20180801, 20180801, 4.0, Miroslav K, /Profile/miroslavk663, cf743d9279405d7f15db319273fd94f6, /Attraction_Review-g3440324-d3419558-Reviews-Mine_Museum-Mezica_Carinthia_Region.html
Mine Museum, 2, 6, Specialty Museums & Specialty Museums, Europe & Slovenia & Carinthia Region & Mezica & Things to Do in Mezica, 5.0, 0, 0, 542153080, 20171101, 20171101, 5.0, Carlos, /Profile/Czarlii, 153fc68dce568f3c8aa6014b96e6a55b, /Attraction_Review-g3440324-d3419558-Reviews-Mine_Museum-Mezica_Carinthia_Region.html
Mine Museum, 2, 6, Specialty Museums & Specialty Museums, Europe & Slovenia & Carinthia Region & Mezica & Things to Do in Mezica, 5.0, 0, 0, 536110929, 20171001, 20171001, 5.0, John C, /Profile/F2189DIjohnc, f091df2a24c45dead26f430ce498d6ad, /Attraction_Review-g3440324-d3419558-Reviews-Mine_Museum-Mezica_Carinthia_Region.html
