review_location_name, review_current_page, review_last_page, review_location_type, review_location_breadcrumbs, review_location_rate, location_lat, location_lng, review_id, review_date, review_experience_date, review_rate, user_name, user_link, user_id, parent_url
Bled Island, 194, 317, Architectural Buildings & Islands & Sacred & Religious Sites & Architectural Buildings & Islands & Sacred & Religious Sites, Europe & Slovenia & Upper Carniola Region & Bled & Things to Do in Bled, 4.5, 46.362083, 14.090144, 332318969, 20151201, 20150901, 4.0, colleenpetersen, /Profile/colleenpetersen, a2fc8d8ac52c17c4c30081ab879ea018, /Attraction_Review-g274863-d317378-Reviews-Bled_Island-Bled_Upper_Carniola_Region.html
Bled Island, 194, 317, Architectural Buildings & Islands & Sacred & Religious Sites & Architectural Buildings & Islands & Sacred & Religious Sites, Europe & Slovenia & Upper Carniola Region & Bled & Things to Do in Bled, 4.5, 46.362083, 14.090144, 332272459, 20151201, 20151201, 3.0, Gerard m, /Profile/593gerardm, e539cbe2e73a5243db443c32ce683627, /Attraction_Review-g274863-d317378-Reviews-Bled_Island-Bled_Upper_Carniola_Region.html
Bled Island, 194, 317, Architectural Buildings & Islands & Sacred & Religious Sites & Architectural Buildings & Islands & Sacred & Religious Sites, Europe & Slovenia & Upper Carniola Region & Bled & Things to Do in Bled, 4.5, 46.362083, 14.090144, 331975922, 20151201, 20150501, 5.0, Sandi L, /Profile/78sandil, 69803248bb76a2aacecb77d0fb943030, /Attraction_Review-g274863-d317378-Reviews-Bled_Island-Bled_Upper_Carniola_Region.html
Bled Island, 194, 317, Architectural Buildings & Islands & Sacred & Religious Sites & Architectural Buildings & Islands & Sacred & Religious Sites, Europe & Slovenia & Upper Carniola Region & Bled & Things to Do in Bled, 4.5, 46.362083, 14.090144, 331878954, 20151201, 20151001, 5.0, tjwb71, /Profile/tjwb71, a4832a2f29fe1646927ab986304f16cb, /Attraction_Review-g274863-d317378-Reviews-Bled_Island-Bled_Upper_Carniola_Region.html
Bled Island, 194, 317, Architectural Buildings & Islands & Sacred & Religious Sites & Architectural Buildings & Islands & Sacred & Religious Sites, Europe & Slovenia & Upper Carniola Region & Bled & Things to Do in Bled, 4.5, 46.362083, 14.090144, 329128874, 20151101, 20151001, 5.0, ENGLISH70, /Profile/ENGLISH70, 37ccfe2c4f976387e79525edb7842f25, /Attraction_Review-g274863-d317378-Reviews-Bled_Island-Bled_Upper_Carniola_Region.html
