review_location_name, review_current_page, review_last_page, review_location_type, review_location_breadcrumbs, review_location_rate, location_lat, location_lng, review_id, review_date, review_experience_date, review_rate, user_name, user_link, user_id, parent_url
Tropical Garden Slovenia, 2, 1, Gardens & Gardens, Europe & Slovenia & Prekmurje Region & Murska Sobota & Things to Do in Murska Sobota, 4.0, 46.66667, 16.16667, 631323738, 20181101, 20180901, 5.0, Michael, /Profile/847mihav, 9ada710d7672b82d9555a3ba66622d2f, /Attraction_Review-g274875-d12024484-Reviews-Tropical_Garden_Slovenia-Murska_Sobota_Prekmurje_Region.html
Tropical Garden Slovenia, 2, 1, Gardens & Gardens, Europe & Slovenia & Prekmurje Region & Murska Sobota & Things to Do in Murska Sobota, 4.0, 46.66667, 16.16667, 608172686, 20180801, 20180801, 5.0, Papiking, /Profile/Papiking, 54bef4ace1ea7efd8a5c9c92705e8b5d, /Attraction_Review-g274875-d12024484-Reviews-Tropical_Garden_Slovenia-Murska_Sobota_Prekmurje_Region.html
Tropical Garden Slovenia, 2, 1, Gardens & Gardens, Europe & Slovenia & Prekmurje Region & Murska Sobota & Things to Do in Murska Sobota, 4.0, 46.66667, 16.16667, 599298360, 20180701, 20180701, 3.0, Michael K, /Profile/P7783WZmichaelk, 5fc5d9afc84266d4c8696b426cbfa84f, /Attraction_Review-g274875-d12024484-Reviews-Tropical_Garden_Slovenia-Murska_Sobota_Prekmurje_Region.html
Tropical Garden Slovenia, 2, 1, Gardens & Gardens, Europe & Slovenia & Prekmurje Region & Murska Sobota & Things to Do in Murska Sobota, 4.0, 46.66667, 16.16667, 584289202, 20180601, 20180601, 3.0, wofla, /Profile/wofla, 6c95e503c35874fdcc7f9b32202a2096, /Attraction_Review-g274875-d12024484-Reviews-Tropical_Garden_Slovenia-Murska_Sobota_Prekmurje_Region.html
