review_location_name, review_current_page, review_last_page, review_location_type, review_location_breadcrumbs, review_location_rate, location_lat, location_lng, review_id, review_date, review_experience_date, review_rate, user_name, user_link, user_id, parent_url
Dragon Bridge (Zmajski Most), 52, 229, Bridges & Bridges, Europe & Slovenia & Upper Carniola Region & Ljubljana & Things to Do in Ljubljana, 4.0, 46.05494, 14.51103, 598249942, 20180701, 20180701, 3.0, Jeff K, /Profile/jeffk470, 924b8f7ef78ffc9e37855f9eda00d1ce, /Attraction_Review-g274873-d276337-Reviews-Dragon_Bridge_Zmajski_Most-Ljubljana_Upper_Carniola_Region.html
Dragon Bridge (Zmajski Most), 52, 229, Bridges & Bridges, Europe & Slovenia & Upper Carniola Region & Ljubljana & Things to Do in Ljubljana, 4.0, 46.05494, 14.51103, 597579454, 20180701, 20180701, 3.0, Peter Z, /Profile/peterz997, b50862342b876c51e9093daaff03681a, /Attraction_Review-g274873-d276337-Reviews-Dragon_Bridge_Zmajski_Most-Ljubljana_Upper_Carniola_Region.html
Dragon Bridge (Zmajski Most), 52, 229, Bridges & Bridges, Europe & Slovenia & Upper Carniola Region & Ljubljana & Things to Do in Ljubljana, 4.0, 46.05494, 14.51103, 597290614, 20180701, 20180701, 3.0, DC_Joe, /Profile/joepap11, 86c1e2d7f78f4860959a4b79f56ba115, /Attraction_Review-g274873-d276337-Reviews-Dragon_Bridge_Zmajski_Most-Ljubljana_Upper_Carniola_Region.html
Dragon Bridge (Zmajski Most), 52, 229, Bridges & Bridges, Europe & Slovenia & Upper Carniola Region & Ljubljana & Things to Do in Ljubljana, 4.0, 46.05494, 14.51103, 596917671, 20180701, 20180601, 5.0, budisoegianto, /Profile/budisoegianto, 407bbb0885a211ff4475cbdf467e7271, /Attraction_Review-g274873-d276337-Reviews-Dragon_Bridge_Zmajski_Most-Ljubljana_Upper_Carniola_Region.html
Dragon Bridge (Zmajski Most), 52, 229, Bridges & Bridges, Europe & Slovenia & Upper Carniola Region & Ljubljana & Things to Do in Ljubljana, 4.0, 46.05494, 14.51103, 596832074, 20180701, 20180701, 4.0, Turtle5954, /Profile/Turtle5954, 87ad8d0e88eaeb2c372ceeb1177fe04e, /Attraction_Review-g274873-d276337-Reviews-Dragon_Bridge_Zmajski_Most-Ljubljana_Upper_Carniola_Region.html
