review_location_name, review_current_page, review_last_page, review_location_type, review_location_breadcrumbs, review_location_rate, location_lat, location_lng, review_id, review_date, review_experience_date, review_rate, user_name, user_link, user_id, parent_url
Postojna Cave, 463, 475, Caverns & Caves & Caverns & Caves, Europe & Slovenia & Inner Carniola Region & Postojna & Things to Do in Postojna, 4.5, 45.78294, 14.204593, 137271275, 20120801, 20120801, 3.0, UlstermaninNorfolk, /Profile/UlstermaninNorfolk, 264acd1ad61f77d966bb1d0ffe11e8fb, /Attraction_Review-g274878-d277348-Reviews-Postojna_Cave-Postojna_Inner_Carniola_Region.html
Postojna Cave, 463, 475, Caverns & Caves & Caverns & Caves, Europe & Slovenia & Inner Carniola Region & Postojna & Things to Do in Postojna, 4.5, 45.78294, 14.204593, 136785189, 20120801, 20120801, 3.0, emsyipswich, /Profile/emsyipswich, b629184f258ea410eadad23e2ced5aa2, /Attraction_Review-g274878-d277348-Reviews-Postojna_Cave-Postojna_Inner_Carniola_Region.html
Postojna Cave, 463, 475, Caverns & Caves & Caverns & Caves, Europe & Slovenia & Inner Carniola Region & Postojna & Things to Do in Postojna, 4.5, 45.78294, 14.204593, 136578904, 20120801, 20111001, 5.0, ramble_on, /Profile/ramble_on, c8e631cd0dc81ca30fef0941f512f377, /Attraction_Review-g274878-d277348-Reviews-Postojna_Cave-Postojna_Inner_Carniola_Region.html
Postojna Cave, 463, 475, Caverns & Caves & Caverns & Caves, Europe & Slovenia & Inner Carniola Region & Postojna & Things to Do in Postojna, 4.5, 45.78294, 14.204593, 136422959, 20120801, 20120801, 5.0, Julie C, /Profile/JulieC377, f94ce140fcbe03a83af9187599f38738, /Attraction_Review-g274878-d277348-Reviews-Postojna_Cave-Postojna_Inner_Carniola_Region.html
Postojna Cave, 463, 475, Caverns & Caves & Caverns & Caves, Europe & Slovenia & Inner Carniola Region & Postojna & Things to Do in Postojna, 4.5, 45.78294, 14.204593, 136334837, 20120801, 20110901, 5.0, stefanstaykov, /Profile/stefanstaykov, 5641892613f5441d6794e0439f7ce6d2, /Attraction_Review-g274878-d277348-Reviews-Postojna_Cave-Postojna_Inner_Carniola_Region.html
