review_location_name, review_current_page, review_last_page, review_location_type, review_location_breadcrumbs, review_location_rate, location_lat, location_lng, review_id, review_date, review_experience_date, review_rate, user_name, user_link, user_id, parent_url
Vodnik Square (Vodnikov trg), 17, 43, Points of Interest & Landmarks & Monuments & Statues & Points of Interest & Landmarks & Monuments & Statues, Europe & Slovenia & Upper Carniola Region & Ljubljana & Things to Do in Ljubljana, 4.0, 46.0511, 14.509349, 501862823, 20170701, 20170701, 4.0, ValGary2014, /Profile/ValGary2014, 911b901dac1f22c8e117e98615d65b22, /Attraction_Review-g274873-d276336-Reviews-Vodnik_Square_Vodnikov_trg-Ljubljana_Upper_Carniola_Region.html
Vodnik Square (Vodnikov trg), 17, 43, Points of Interest & Landmarks & Monuments & Statues & Points of Interest & Landmarks & Monuments & Statues, Europe & Slovenia & Upper Carniola Region & Ljubljana & Things to Do in Ljubljana, 4.0, 46.0511, 14.509349, 497962287, 20170701, 20170601, 4.0, casswife, /Profile/casswife, e3adb55e2c7fbaa22b968a6cba281a39, /Attraction_Review-g274873-d276336-Reviews-Vodnik_Square_Vodnikov_trg-Ljubljana_Upper_Carniola_Region.html
Vodnik Square (Vodnikov trg), 17, 43, Points of Interest & Landmarks & Monuments & Statues & Points of Interest & Landmarks & Monuments & Statues, Europe & Slovenia & Upper Carniola Region & Ljubljana & Things to Do in Ljubljana, 4.0, 46.0511, 14.509349, 495857107, 20170601, 20170601, 4.0, shari w, /Profile/169shariw, 12d22173231322e9c60c34b1f49bdb68, /Attraction_Review-g274873-d276336-Reviews-Vodnik_Square_Vodnikov_trg-Ljubljana_Upper_Carniola_Region.html
Vodnik Square (Vodnikov trg), 17, 43, Points of Interest & Landmarks & Monuments & Statues & Points of Interest & Landmarks & Monuments & Statues, Europe & Slovenia & Upper Carniola Region & Ljubljana & Things to Do in Ljubljana, 4.0, 46.0511, 14.509349, 493926845, 20170601, 20170501, 4.0, MAV627, /Profile/MAV627, 263d3dafca0755c23bea57283ccc45ea, /Attraction_Review-g274873-d276336-Reviews-Vodnik_Square_Vodnikov_trg-Ljubljana_Upper_Carniola_Region.html
Vodnik Square (Vodnikov trg), 17, 43, Points of Interest & Landmarks & Monuments & Statues & Points of Interest & Landmarks & Monuments & Statues, Europe & Slovenia & Upper Carniola Region & Ljubljana & Things to Do in Ljubljana, 4.0, 46.0511, 14.509349, 490764427, 20170601, 20170501, 4.0, Pamela B, /Profile/pambur, 705581c2bc9ef4e8de7c6e83e8afa340, /Attraction_Review-g274873-d276336-Reviews-Vodnik_Square_Vodnikov_trg-Ljubljana_Upper_Carniola_Region.html
