review_location_name, review_current_page, review_last_page, review_location_type, review_location_breadcrumbs, review_location_rate, location_lat, location_lng, review_id, review_date, review_experience_date, review_rate, user_name, user_link, user_id, parent_url
Zgornjesavska Valley, 8, 22, Valleys & Valleys, Europe & Slovenia & Upper Carniola Region & Kranjska Gora & Things to Do in Kranjska Gora, 4.5, 46.48522, 13.77845, 599670845, 20180701, 20180701, 5.0, damanda2016, /Profile/damanda2016, 1ee9c0c9ffa830a78ec8d187190b7274, /Attraction_Review-g274870-d519701-Reviews-Zgornjesavska_Valley-Kranjska_Gora_Upper_Carniola_Region.html
Zgornjesavska Valley, 8, 22, Valleys & Valleys, Europe & Slovenia & Upper Carniola Region & Kranjska Gora & Things to Do in Kranjska Gora, 4.5, 46.48522, 13.77845, 592454892, 20180701, 20180701, 5.0, Abeer Alomar, /Profile/abeeralomar, 0863947c24292514212c8277324fe2ef, /Attraction_Review-g274870-d519701-Reviews-Zgornjesavska_Valley-Kranjska_Gora_Upper_Carniola_Region.html
Zgornjesavska Valley, 8, 22, Valleys & Valleys, Europe & Slovenia & Upper Carniola Region & Kranjska Gora & Things to Do in Kranjska Gora, 4.5, 46.48522, 13.77845, 591746790, 20180601, 20180601, 5.0, Ryan H, /Profile/KernowRyan, 0bc401b8a5ff4b851f7f65e25ad03b1a, /Attraction_Review-g274870-d519701-Reviews-Zgornjesavska_Valley-Kranjska_Gora_Upper_Carniola_Region.html
Zgornjesavska Valley, 8, 22, Valleys & Valleys, Europe & Slovenia & Upper Carniola Region & Kranjska Gora & Things to Do in Kranjska Gora, 4.5, 46.48522, 13.77845, 588815499, 20180601, 20180601, 5.0, misstriplover, /Profile/misstriplover, 73fade6c5f9189f359c138cab89e782a, /Attraction_Review-g274870-d519701-Reviews-Zgornjesavska_Valley-Kranjska_Gora_Upper_Carniola_Region.html
Zgornjesavska Valley, 8, 22, Valleys & Valleys, Europe & Slovenia & Upper Carniola Region & Kranjska Gora & Things to Do in Kranjska Gora, 4.5, 46.48522, 13.77845, 587107486, 20180601, 20180601, 5.0, travelwoofleeds, /Profile/travelwoofleeds, 4ad2abb3baacdbbcac99be5b12cab756, /Attraction_Review-g274870-d519701-Reviews-Zgornjesavska_Valley-Kranjska_Gora_Upper_Carniola_Region.html
