review_location_name, review_current_page, review_last_page, review_location_type, review_location_breadcrumbs, review_location_rate, location_lat, location_lng, review_id, review_date, review_experience_date, review_rate, user_name, user_link, user_id, parent_url
Klet Brda, 4, 5, Wineries & Vineyards & Wineries & Vineyards, Europe & Slovenia & Slovenian Littoral Region & Dobrovo & Things to Do in Dobrovo, 4.0, 45.99837, 13.52343, 410129940, 20160801, 20160801, 5.0, Bonzo42, /Profile/Bonzo42, ac658996d54fdb2c68f1d0edea465e4d, /Attraction_Review-g1566560-d2715350-Reviews-Klet_Brda-Dobrovo_Slovenian_Littoral_Region.html
Klet Brda, 4, 5, Wineries & Vineyards & Wineries & Vineyards, Europe & Slovenia & Slovenian Littoral Region & Dobrovo & Things to Do in Dobrovo, 4.0, 45.99837, 13.52343, 406466989, 20160801, 20160801, 4.0, aussie290309, /Profile/aussie290309, d99559fa41f053711d08fb9635b0751b, /Attraction_Review-g1566560-d2715350-Reviews-Klet_Brda-Dobrovo_Slovenian_Littoral_Region.html
Klet Brda, 4, 5, Wineries & Vineyards & Wineries & Vineyards, Europe & Slovenia & Slovenian Littoral Region & Dobrovo & Things to Do in Dobrovo, 4.0, 45.99837, 13.52343, 390603188, 20160701, 20160701, 5.0, ines k, /Profile/413inesk, 83268e300e758cd7a70a6162e731e265, /Attraction_Review-g1566560-d2715350-Reviews-Klet_Brda-Dobrovo_Slovenian_Littoral_Region.html
Klet Brda, 4, 5, Wineries & Vineyards & Wineries & Vineyards, Europe & Slovenia & Slovenian Littoral Region & Dobrovo & Things to Do in Dobrovo, 4.0, 45.99837, 13.52343, 291033555, 20150701, 20150701, 3.0, Peter b, /Profile/Lincoln_PETE7904, 8468b8f0ca7d9a6ef01651a485a22966, /Attraction_Review-g1566560-d2715350-Reviews-Klet_Brda-Dobrovo_Slovenian_Littoral_Region.html
Klet Brda, 4, 5, Wineries & Vineyards & Wineries & Vineyards, Europe & Slovenia & Slovenian Littoral Region & Dobrovo & Things to Do in Dobrovo, 4.0, 45.99837, 13.52343, 247357990, 20150101, 20140901, 5.0, Maja_Ivanic, /Profile/Maja_Ivanic, 5389b1116ce793d672686e6a4ec07afd, /Attraction_Review-g1566560-d2715350-Reviews-Klet_Brda-Dobrovo_Slovenian_Littoral_Region.html
