review_location_name, review_current_page, review_last_page, review_location_type, review_location_breadcrumbs, review_location_rate, location_lat, location_lng, review_id, review_date, review_experience_date, review_rate, user_name, user_link, user_id, parent_url
Vulkanija Adventure Park, 4, 3, Natural History Museums & Natural History Museums, Europe & Slovenia & Styria Region & Gornji Grad & Things to Do in Gornji Grad, 4.5, 46.80277, 16.09178, 480804465, 20170501, 20170401, 5.0, Tjasa S, /Profile/769tjasas, 32aa41fabfb8c595ceb1818276d62008, /Attraction_Review-g1182427-d10547827-Reviews-Vulkanija_Adventure_Park-Gornji_Grad_Styria_Region.html
Vulkanija Adventure Park, 4, 3, Natural History Museums & Natural History Museums, Europe & Slovenia & Styria Region & Gornji Grad & Things to Do in Gornji Grad, 4.5, 46.80277, 16.09178, 470207282, 20170301, 20170301, 5.0, Grega M, /Profile/534gregam, bd5cd444aebed98b62c1ec9ba9648502, /Attraction_Review-g1182427-d10547827-Reviews-Vulkanija_Adventure_Park-Gornji_Grad_Styria_Region.html
Vulkanija Adventure Park, 4, 3, Natural History Museums & Natural History Museums, Europe & Slovenia & Styria Region & Gornji Grad & Things to Do in Gornji Grad, 4.5, 46.80277, 16.09178, 442235465, 20161201, 20161101, 5.0, gregorosos, /Profile/gregorosos, f74193c61a7cac0248e5161f3fcd768d, /Attraction_Review-g1182427-d10547827-Reviews-Vulkanija_Adventure_Park-Gornji_Grad_Styria_Region.html
Vulkanija Adventure Park, 4, 3, Natural History Museums & Natural History Museums, Europe & Slovenia & Styria Region & Gornji Grad & Things to Do in Gornji Grad, 4.5, 46.80277, 16.09178, 414575565, 20160901, 20160901, 5.0, JRIZ, /Profile/JRIZ, 21e76c24ae885d3666236d04ce855e73, /Attraction_Review-g1182427-d10547827-Reviews-Vulkanija_Adventure_Park-Gornji_Grad_Styria_Region.html
Vulkanija Adventure Park, 4, 3, Natural History Museums & Natural History Museums, Europe & Slovenia & Styria Region & Gornji Grad & Things to Do in Gornji Grad, 4.5, 46.80277, 16.09178, 404503180, 20160801, 20160801, 5.0, DanielLjubljana, /Profile/DanielLjubljana, 67ef3bcdcc07304ea683f1451794e737, /Attraction_Review-g1182427-d10547827-Reviews-Vulkanija_Adventure_Park-Gornji_Grad_Styria_Region.html
