review_location_name, review_current_page, review_last_page, review_location_type, review_location_breadcrumbs, review_location_rate, location_lat, location_lng, review_id, review_date, review_experience_date, review_rate, user_name, user_link, user_id, parent_url
Shoemaker's Bridge (Cevljarski Most), 19, 29, Bridges & Bridges, Europe & Slovenia & Upper Carniola Region & Ljubljana & Things to Do in Ljubljana, 4.0, 46.04848, 14.50599, 320455438, 20151001, 20151001, 4.0, feetdraggerdoctor, /Profile/feetdraggerdoctor, c7488de7b1e9eaf41f2387d0993e8209, /Attraction_Review-g274873-d276317-Reviews-Shoemaker_s_Bridge_Cevljarski_Most-Ljubljana_Upper_Carniola_Region.html
Shoemaker's Bridge (Cevljarski Most), 19, 29, Bridges & Bridges, Europe & Slovenia & Upper Carniola Region & Ljubljana & Things to Do in Ljubljana, 4.0, 46.04848, 14.50599, 316054672, 20151001, 20151001, 5.0, pdp1000, /Profile/pdp1000, 8de524d27e1cfc3e0eb83fea38aa2d72, /Attraction_Review-g274873-d276317-Reviews-Shoemaker_s_Bridge_Cevljarski_Most-Ljubljana_Upper_Carniola_Region.html
Shoemaker's Bridge (Cevljarski Most), 19, 29, Bridges & Bridges, Europe & Slovenia & Upper Carniola Region & Ljubljana & Things to Do in Ljubljana, 4.0, 46.04848, 14.50599, 315643141, 20151001, 20150901, 4.0, izif_37, /Profile/izif_37, 3e8ae1f79ba2f75677a8a526029da2fa, /Attraction_Review-g274873-d276317-Reviews-Shoemaker_s_Bridge_Cevljarski_Most-Ljubljana_Upper_Carniola_Region.html
Shoemaker's Bridge (Cevljarski Most), 19, 29, Bridges & Bridges, Europe & Slovenia & Upper Carniola Region & Ljubljana & Things to Do in Ljubljana, 4.0, 46.04848, 14.50599, 314895932, 20150901, 20150901, 5.0, sydette, /Profile/sydette, af7ab33c2d18c89179506fd796448fdc, /Attraction_Review-g274873-d276317-Reviews-Shoemaker_s_Bridge_Cevljarski_Most-Ljubljana_Upper_Carniola_Region.html
Shoemaker's Bridge (Cevljarski Most), 19, 29, Bridges & Bridges, Europe & Slovenia & Upper Carniola Region & Ljubljana & Things to Do in Ljubljana, 4.0, 46.04848, 14.50599, 294992563, 20150801, 20150401, 5.0, Sy N, /Profile/993syn, 959508e152947c48854abd42d62774c3, /Attraction_Review-g274873-d276317-Reviews-Shoemaker_s_Bridge_Cevljarski_Most-Ljubljana_Upper_Carniola_Region.html
