review_location_name, review_current_page, review_last_page, review_location_type, review_location_breadcrumbs, review_location_rate, location_lat, location_lng, review_id, review_date, review_experience_date, review_rate, user_name, user_link, user_id, parent_url
Bled Island, 91, 317, Architectural Buildings & Islands & Sacred & Religious Sites & Architectural Buildings & Islands & Sacred & Religious Sites, Europe & Slovenia & Upper Carniola Region & Bled & Things to Do in Bled, 4.5, 46.362083, 14.090144, 529084863, 20171001, 20171001, 4.0, Meicy, /Profile/MeicyChin, 34b0864f6db8d3122871168f50d02c12, /Attraction_Review-g274863-d317378-Reviews-Bled_Island-Bled_Upper_Carniola_Region.html
Bled Island, 91, 317, Architectural Buildings & Islands & Sacred & Religious Sites & Architectural Buildings & Islands & Sacred & Religious Sites, Europe & Slovenia & Upper Carniola Region & Bled & Things to Do in Bled, 4.5, 46.362083, 14.090144, 529073625, 20171001, 20170901, 5.0, Edward D, /Profile/233edwardd, 8e915e4eaf1ec1a350a0d8e93bb25189, /Attraction_Review-g274863-d317378-Reviews-Bled_Island-Bled_Upper_Carniola_Region.html
Bled Island, 91, 317, Architectural Buildings & Islands & Sacred & Religious Sites & Architectural Buildings & Islands & Sacred & Religious Sites, Europe & Slovenia & Upper Carniola Region & Bled & Things to Do in Bled, 4.5, 46.362083, 14.090144, 529066275, 20171001, 20170901, 5.0, KAM123959, /Profile/KAM123959, 8df35d68e6d2bddc9d47152b2226fef9, /Attraction_Review-g274863-d317378-Reviews-Bled_Island-Bled_Upper_Carniola_Region.html
Bled Island, 91, 317, Architectural Buildings & Islands & Sacred & Religious Sites & Architectural Buildings & Islands & Sacred & Religious Sites, Europe & Slovenia & Upper Carniola Region & Bled & Things to Do in Bled, 4.5, 46.362083, 14.090144, 528649887, 20171001, 20170901, 2.0, 123BumbleBee, /Profile/123BumbleBee, 3f0f420076f72f9a9abdf9356f93ecc2, /Attraction_Review-g274863-d317378-Reviews-Bled_Island-Bled_Upper_Carniola_Region.html
Bled Island, 91, 317, Architectural Buildings & Islands & Sacred & Religious Sites & Architectural Buildings & Islands & Sacred & Religious Sites, Europe & Slovenia & Upper Carniola Region & Bled & Things to Do in Bled, 4.5, 46.362083, 14.090144, 528546412, 20170901, 20170901, 5.0, Vicki C, /Profile/995vickic, 64929524dd3ae36ef88b4fb0a3d639ec, /Attraction_Review-g274863-d317378-Reviews-Bled_Island-Bled_Upper_Carniola_Region.html
