review_location_name, review_current_page, review_last_page, review_location_type, review_location_breadcrumbs, review_location_rate, location_lat, location_lng, review_id, review_date, review_experience_date, review_rate, user_name, user_link, user_id, parent_url
Lake Bohinj, 16, 162, Bodies of Water & Bodies of Water, Europe & Slovenia & Upper Carniola Region & Bohinjsko Jezero & Things to Do in Bohinjsko Jezero, 4.5, 46.28596, 13.891477, 690169323, 20190701, 20190701, 5.0, Maris Lüüs, /Profile/marislyys, a62d1ee3c4c6b8370a4470f87b1d1014, /Attraction_Review-g274865-d296736-Reviews-Lake_Bohinj-Bohinjsko_Jezero_Upper_Carniola_Region.html
Lake Bohinj, 16, 162, Bodies of Water & Bodies of Water, Europe & Slovenia & Upper Carniola Region & Bohinjsko Jezero & Things to Do in Bohinjsko Jezero, 4.5, 46.28596, 13.891477, 689899538, 20190701, 20190701, 4.0, CarloHelmond, /Profile/CarloHelmond, e47dfd5eac2f795085e08cb42ce39d68, /Attraction_Review-g274865-d296736-Reviews-Lake_Bohinj-Bohinjsko_Jezero_Upper_Carniola_Region.html
Lake Bohinj, 16, 162, Bodies of Water & Bodies of Water, Europe & Slovenia & Upper Carniola Region & Bohinjsko Jezero & Things to Do in Bohinjsko Jezero, 4.5, 46.28596, 13.891477, 689312965, 20190701, 20190701, 5.0, Samantha Wilson, /Profile/Sammy0012, 9ffb5313049f97820405df5f5c7388db, /Attraction_Review-g274865-d296736-Reviews-Lake_Bohinj-Bohinjsko_Jezero_Upper_Carniola_Region.html
Lake Bohinj, 16, 162, Bodies of Water & Bodies of Water, Europe & Slovenia & Upper Carniola Region & Bohinjsko Jezero & Things to Do in Bohinjsko Jezero, 4.5, 46.28596, 13.891477, 688995924, 20190701, 20190701, 5.0, PIPALIYA J, /Profile/pipaliyaj, 8805c3ddfc21ae01e56ca2d5b213b209, /Attraction_Review-g274865-d296736-Reviews-Lake_Bohinj-Bohinjsko_Jezero_Upper_Carniola_Region.html
Lake Bohinj, 16, 162, Bodies of Water & Bodies of Water, Europe & Slovenia & Upper Carniola Region & Bohinjsko Jezero & Things to Do in Bohinjsko Jezero, 4.5, 46.28596, 13.891477, 688917016, 20190701, 20190601, 5.0, Daniela H, /Profile/DanielaH610, b8acd54a12bedc3c605b6dda2d08f7de, /Attraction_Review-g274865-d296736-Reviews-Lake_Bohinj-Bohinjsko_Jezero_Upper_Carniola_Region.html
