review_location_name, review_current_page, review_last_page, review_location_type, review_location_breadcrumbs, review_location_rate, location_lat, location_lng, review_id, review_date, review_experience_date, review_rate, user_name, user_link, user_id, parent_url
Portoroz Beach, 36, 38, Beaches & Beaches, Europe & Slovenia & Slovenian Littoral Region & Portoroz & Things to Do in Portoroz, 3.5, 45.5134, 13.5951, 165211093, 20130601, 20120801, 5.0, Biker Mike, /Profile/MotorcycleTravels, 3da73912531a845253c9d97d4d22b306, /Attraction_Review-g274877-d3451033-Reviews-Portoroz_Beach-Portoroz_Slovenian_Littoral_Region.html
Portoroz Beach, 36, 38, Beaches & Beaches, Europe & Slovenia & Slovenian Littoral Region & Portoroz & Things to Do in Portoroz, 3.5, 45.5134, 13.5951, 165031200, 20130601, 20130601, 4.0, pennybelle_11, /Profile/pennybelle_11, 2d97f5d7644241c1ac4ea70e7467f1ad, /Attraction_Review-g274877-d3451033-Reviews-Portoroz_Beach-Portoroz_Slovenian_Littoral_Region.html
Portoroz Beach, 36, 38, Beaches & Beaches, Europe & Slovenia & Slovenian Littoral Region & Portoroz & Things to Do in Portoroz, 3.5, 45.5134, 13.5951, 163552798, 20130601, 20120701, 4.0, Gilbert F, /Profile/221GilbertF, 7f04e8e62655c7e6b7ca23a1d5a99fef, /Attraction_Review-g274877-d3451033-Reviews-Portoroz_Beach-Portoroz_Slovenian_Littoral_Region.html
Portoroz Beach, 36, 38, Beaches & Beaches, Europe & Slovenia & Slovenian Littoral Region & Portoroz & Things to Do in Portoroz, 3.5, 45.5134, 13.5951, 154025466, 20130301, 20120801, 1.0, JurijKobal, /Profile/JurijKobal, b7d6ccbb0a263ac640250be6e2569aa8, /Attraction_Review-g274877-d3451033-Reviews-Portoroz_Beach-Portoroz_Slovenian_Littoral_Region.html
Portoroz Beach, 36, 38, Beaches & Beaches, Europe & Slovenia & Slovenian Littoral Region & Portoroz & Things to Do in Portoroz, 3.5, 45.5134, 13.5951, 153900962, 20130301, 20130301, 4.0, Ajdan K, /Profile/AjdanK, 6713f2aa585398e9ed10062c9e65ddab, /Attraction_Review-g274877-d3451033-Reviews-Portoroz_Beach-Portoroz_Slovenian_Littoral_Region.html
