review_location_name, review_current_page, review_last_page, review_location_type, review_location_breadcrumbs, review_location_rate, location_lat, location_lng, review_id, review_date, review_experience_date, review_rate, user_name, user_link, user_id, parent_url
Preseren Square, 156, 189, Points of Interest & Landmarks & Points of Interest & Landmarks, Europe & Slovenia & Upper Carniola Region & Ljubljana & Things to Do in Ljubljana, 4.5, 46.051334, 14.506147, 232402933, 20141001, 20141001, 5.0, Koba, /Profile/Kobaspire, ffa4eaecd536215323acfd51f5f33ad3, /Attraction_Review-g274873-d298648-Reviews-Preseren_Square-Ljubljana_Upper_Carniola_Region.html
Preseren Square, 156, 189, Points of Interest & Landmarks & Points of Interest & Landmarks, Europe & Slovenia & Upper Carniola Region & Ljubljana & Things to Do in Ljubljana, 4.5, 46.051334, 14.506147, 232371856, 20141001, 20140901, 5.0, Betula103, /Profile/Betula103, 48768580cb31060564b523ce2cc7fcfe, /Attraction_Review-g274873-d298648-Reviews-Preseren_Square-Ljubljana_Upper_Carniola_Region.html
Preseren Square, 156, 189, Points of Interest & Landmarks & Points of Interest & Landmarks, Europe & Slovenia & Upper Carniola Region & Ljubljana & Things to Do in Ljubljana, 4.5, 46.051334, 14.506147, 232103697, 20141001, 20140901, 4.0, Joel M, /Profile/820joelm, 03a1d1f12081e4d1f50521e28bb09568, /Attraction_Review-g274873-d298648-Reviews-Preseren_Square-Ljubljana_Upper_Carniola_Region.html
Preseren Square, 156, 189, Points of Interest & Landmarks & Points of Interest & Landmarks, Europe & Slovenia & Upper Carniola Region & Ljubljana & Things to Do in Ljubljana, 4.5, 46.051334, 14.506147, 232078295, 20141001, 20141001, 4.0, John R, /Profile/johnreg, 18a89dc490f201d2f0b404e417aff4d5, /Attraction_Review-g274873-d298648-Reviews-Preseren_Square-Ljubljana_Upper_Carniola_Region.html
Preseren Square, 156, 189, Points of Interest & Landmarks & Points of Interest & Landmarks, Europe & Slovenia & Upper Carniola Region & Ljubljana & Things to Do in Ljubljana, 4.5, 46.051334, 14.506147, 231069964, 20140901, 20140801, 5.0, DeboraN739, /Profile/DeboraN739, 3df9ec922a1aa827417712342949f92c, /Attraction_Review-g274873-d298648-Reviews-Preseren_Square-Ljubljana_Upper_Carniola_Region.html
