review_location_name, review_current_page, review_last_page, review_location_type, review_location_breadcrumbs, review_location_rate, location_lat, location_lng, review_id, review_date, review_experience_date, review_rate, user_name, user_link, user_id, parent_url
Ljubljana Old Town, 457, 824, Neighborhoods & Neighborhoods, Europe & Slovenia & Upper Carniola Region & Ljubljana & Things to Do in Ljubljana, 4.5, 46.051033, 14.506317, 406470963, 20160801, 20160801, 5.0, aussie290309, /Profile/aussie290309, d99559fa41f053711d08fb9635b0751b, /Attraction_Review-g274873-d298666-Reviews-Ljubljana_Old_Town-Ljubljana_Upper_Carniola_Region.html
Ljubljana Old Town, 457, 824, Neighborhoods & Neighborhoods, Europe & Slovenia & Upper Carniola Region & Ljubljana & Things to Do in Ljubljana, 4.5, 46.051033, 14.506317, 406444629, 20160801, 20160701, 5.0, John L, /Profile/420JohnL420, aae80c6d84c7624067a1859131c12c7a, /Attraction_Review-g274873-d298666-Reviews-Ljubljana_Old_Town-Ljubljana_Upper_Carniola_Region.html
Ljubljana Old Town, 457, 824, Neighborhoods & Neighborhoods, Europe & Slovenia & Upper Carniola Region & Ljubljana & Things to Do in Ljubljana, 4.5, 46.051033, 14.506317, 406321126, 20160801, 20160801, 4.0, Susan P, /Profile/SusanP540, 83f3effc7d04df72b6d920737fa556b3, /Attraction_Review-g274873-d298666-Reviews-Ljubljana_Old_Town-Ljubljana_Upper_Carniola_Region.html
Ljubljana Old Town, 457, 824, Neighborhoods & Neighborhoods, Europe & Slovenia & Upper Carniola Region & Ljubljana & Things to Do in Ljubljana, 4.5, 46.051033, 14.506317, 406094174, 20160801, 20160801, 5.0, hoskovcova, /Profile/hoskovcova, dde924ac796a02a5f2022cd9fc9c82a4, /Attraction_Review-g274873-d298666-Reviews-Ljubljana_Old_Town-Ljubljana_Upper_Carniola_Region.html
Ljubljana Old Town, 457, 824, Neighborhoods & Neighborhoods, Europe & Slovenia & Upper Carniola Region & Ljubljana & Things to Do in Ljubljana, 4.5, 46.051033, 14.506317, 405903106, 20160801, 20160801, 5.0, Lexa L, /Profile/lexal2016, 560b686cac8cd10725fcafdc574c5b9a, /Attraction_Review-g274873-d298666-Reviews-Ljubljana_Old_Town-Ljubljana_Upper_Carniola_Region.html
