review_location_name, review_current_page, review_last_page, review_location_type, review_location_breadcrumbs, review_location_rate, location_lat, location_lng, review_id, review_date, review_experience_date, review_rate, user_name, user_link, user_id, parent_url
Vulkanija Adventure Park, 1, 4, Natural History Museums & Natural History Museums, Europe & Slovenia & Styria Region & Gornji Grad & Things to Do in Gornji Grad, 4.5, 46.80277, 16.09178, 763409597, 20200801, 20200701, 5.0, tejajurican, /Profile/tejajurican, 7861cb4caa6cff4becf0784d1f871c90, /Attraction_Review-g1182427-d10547827-Reviews-Vulkanija_Adventure_Park-Gornji_Grad_Styria_Region.html
Vulkanija Adventure Park, 1, 4, Natural History Museums & Natural History Museums, Europe & Slovenia & Styria Region & Gornji Grad & Things to Do in Gornji Grad, 4.5, 46.80277, 16.09178, 758166441, 20200601, 20200601, 5.0, Jaaanez, /Profile/Jaaanez, a719ff30a2c9ce0336bf75397ad2e074, /Attraction_Review-g1182427-d10547827-Reviews-Vulkanija_Adventure_Park-Gornji_Grad_Styria_Region.html
Vulkanija Adventure Park, 1, 4, Natural History Museums & Natural History Museums, Europe & Slovenia & Styria Region & Gornji Grad & Things to Do in Gornji Grad, 4.5, 46.80277, 16.09178, 724908802, 20191101, 20191001, 5.0, KathyHrib, /Profile/KatarincaKathy, 705300386cb79c77cbf7cfaa621e147f, /Attraction_Review-g1182427-d10547827-Reviews-Vulkanija_Adventure_Park-Gornji_Grad_Styria_Region.html
Vulkanija Adventure Park, 1, 4, Natural History Museums & Natural History Museums, Europe & Slovenia & Styria Region & Gornji Grad & Things to Do in Gornji Grad, 4.5, 46.80277, 16.09178, 690556342, 20190701, 20190701, 4.0, Stephen D, /Profile/G3099MEstephend, 343c904a0194e93276abd04b5f2c8ca7, /Attraction_Review-g1182427-d10547827-Reviews-Vulkanija_Adventure_Park-Gornji_Grad_Styria_Region.html
Vulkanija Adventure Park, 1, 4, Natural History Museums & Natural History Museums, Europe & Slovenia & Styria Region & Gornji Grad & Things to Do in Gornji Grad, 4.5, 46.80277, 16.09178, 666035827, 20190401, 20190401, 5.0, izif_37, /Profile/izif_37, 3e8ae1f79ba2f75677a8a526029da2fa, /Attraction_Review-g1182427-d10547827-Reviews-Vulkanija_Adventure_Park-Gornji_Grad_Styria_Region.html
