review_location_name, review_current_page, review_last_page, review_location_type, review_location_breadcrumbs, review_location_rate, location_lat, location_lng, review_id, review_date, review_experience_date, review_rate, user_name, user_link, user_id, parent_url
Lepa Vida Boutique Winery, 3, 20, Wineries & Vineyards & Wineries & Vineyards, Europe & Slovenia & Styria Region & Nova Gorica & Sempas & Things to Do in Sempas, 5.0, 45.92301, 13.757941, 761736536, 20200701, 20200701, 5.0, Lucija, /Profile/354lucijar, aa5b10a55f162cda7b0a296907a994d0, /Attraction_Review-g1902832-d9792435-Reviews-Lepa_Vida_Boutique_Winery-Sempas_Nova_Gorica_Styria_Region.html
Lepa Vida Boutique Winery, 3, 20, Wineries & Vineyards & Wineries & Vineyards, Europe & Slovenia & Styria Region & Nova Gorica & Sempas & Things to Do in Sempas, 5.0, 45.92301, 13.757941, 761431514, 20200701, 20200701, 5.0, Valerie, /Profile/valerievandeweerd, f2b795eb8189caebf6f6a1d53956c853, /Attraction_Review-g1902832-d9792435-Reviews-Lepa_Vida_Boutique_Winery-Sempas_Nova_Gorica_Styria_Region.html
Lepa Vida Boutique Winery, 3, 20, Wineries & Vineyards & Wineries & Vineyards, Europe & Slovenia & Styria Region & Nova Gorica & Sempas & Things to Do in Sempas, 5.0, 45.92301, 13.757941, 761313404, 20200701, 20200701, 5.0, Celine J, /Profile/701celinej, 98e8e6a0ef4b7ce822fa6d7f157a2199, /Attraction_Review-g1902832-d9792435-Reviews-Lepa_Vida_Boutique_Winery-Sempas_Nova_Gorica_Styria_Region.html
Lepa Vida Boutique Winery, 3, 20, Wineries & Vineyards & Wineries & Vineyards, Europe & Slovenia & Styria Region & Nova Gorica & Sempas & Things to Do in Sempas, 5.0, 45.92301, 13.757941, 760592069, 20200701, 20200701, 5.0, Zwen, /Profile/ZwenDeDaen, 42d51574a3558774089f4aaa8b8e350a, /Attraction_Review-g1902832-d9792435-Reviews-Lepa_Vida_Boutique_Winery-Sempas_Nova_Gorica_Styria_Region.html
Lepa Vida Boutique Winery, 3, 20, Wineries & Vineyards & Wineries & Vineyards, Europe & Slovenia & Styria Region & Nova Gorica & Sempas & Things to Do in Sempas, 5.0, 45.92301, 13.757941, 760304618, 20200701, 20200701, 5.0, EmmaPinneberg, /Profile/EmmaPinneberg, e4d095fb9e9d176c4863d658847fbb2e, /Attraction_Review-g1902832-d9792435-Reviews-Lepa_Vida_Boutique_Winery-Sempas_Nova_Gorica_Styria_Region.html
