review_location_name, review_current_page, review_last_page, review_location_type, review_location_breadcrumbs, review_location_rate, location_lat, location_lng, review_id, review_date, review_experience_date, review_rate, user_name, user_link, user_id, parent_url
Fonda Fish Farm, 6, 15, Farms & Farms, Europe & Slovenia & Slovenian Littoral Region & Portoroz & Things to Do in Portoroz, 5.0, 45.499683, 13.588888, 716052622, 20191001, 20191001, 5.0, Ales K, /Profile/974alesk, 5660947af7fead0678164504a656b86b, /Attraction_Review-g274877-d6453540-Reviews-Fonda_Fish_Farm-Portoroz_Slovenian_Littoral_Region.html
Fonda Fish Farm, 6, 15, Farms & Farms, Europe & Slovenia & Slovenian Littoral Region & Portoroz & Things to Do in Portoroz, 5.0, 45.499683, 13.588888, 716052409, 20191001, 20191001, 5.0, Mojca Ž, /Profile/mojcaz2015, 4f5c89b44483fe19bebd7557683dc8e8, /Attraction_Review-g274877-d6453540-Reviews-Fonda_Fish_Farm-Portoroz_Slovenian_Littoral_Region.html
Fonda Fish Farm, 6, 15, Farms & Farms, Europe & Slovenia & Slovenian Littoral Region & Portoroz & Things to Do in Portoroz, 5.0, 45.499683, 13.588888, 714329180, 20190901, 20190901, 5.0, Bengt E, /Profile/251bengte, 68fb383ff16441967f74b46ce14fe38e, /Attraction_Review-g274877-d6453540-Reviews-Fonda_Fish_Farm-Portoroz_Slovenian_Littoral_Region.html
Fonda Fish Farm, 6, 15, Farms & Farms, Europe & Slovenia & Slovenian Littoral Region & Portoroz & Things to Do in Portoroz, 5.0, 45.499683, 13.588888, 712878146, 20190901, 20190801, 5.0, Boštjan Novak, /Profile/Bostjan_Novak71, e74235dc15b8b85a032c55877a5a3d75, /Attraction_Review-g274877-d6453540-Reviews-Fonda_Fish_Farm-Portoroz_Slovenian_Littoral_Region.html
Fonda Fish Farm, 6, 15, Farms & Farms, Europe & Slovenia & Slovenian Littoral Region & Portoroz & Things to Do in Portoroz, 5.0, 45.499683, 13.588888, 712852785, 20190901, 20190801, 5.0, Morana, /Profile/MoranaP75, 0a4863b2e9641b859b4fab30f1e4ebde, /Attraction_Review-g274877-d6453540-Reviews-Fonda_Fish_Farm-Portoroz_Slovenian_Littoral_Region.html
