review_location_name, review_current_page, review_last_page, review_location_type, review_location_breadcrumbs, review_location_rate, location_lat, location_lng, review_id, review_date, review_experience_date, review_rate, user_name, user_link, user_id, parent_url
Triglav National Park, 6, 63, National Parks & Hiking Trails & National Parks & Hiking Trails, Europe & Slovenia & Upper Carniola Region & Bled & Things to Do in Bled, 5.0, 46.36883, 14.11886, 696516755, 20190801, 20190701, 5.0, Joze48, /Profile/Joze48, b054a34cffc7e3339da59125d53faba3, /Attraction_Review-g274863-d276476-Reviews-Triglav_National_Park-Bled_Upper_Carniola_Region.html
Triglav National Park, 6, 63, National Parks & Hiking Trails & National Parks & Hiking Trails, Europe & Slovenia & Upper Carniola Region & Bled & Things to Do in Bled, 5.0, 46.36883, 14.11886, 696306452, 20190801, 20190601, 4.0, Mike S, /Profile/007MikeS, 170f31c911d864130275c95d1414be16, /Attraction_Review-g274863-d276476-Reviews-Triglav_National_Park-Bled_Upper_Carniola_Region.html
Triglav National Park, 6, 63, National Parks & Hiking Trails & National Parks & Hiking Trails, Europe & Slovenia & Upper Carniola Region & Bled & Things to Do in Bled, 5.0, 46.36883, 14.11886, 695863661, 20190801, 20180901, 5.0, dskid, /Profile/dskid, 1fd88cdbc680723f5a8ac1ab8f4af6c1, /Attraction_Review-g274863-d276476-Reviews-Triglav_National_Park-Bled_Upper_Carniola_Region.html
Triglav National Park, 6, 63, National Parks & Hiking Trails & National Parks & Hiking Trails, Europe & Slovenia & Upper Carniola Region & Bled & Things to Do in Bled, 5.0, 46.36883, 14.11886, 694445247, 20190701, 20190601, 5.0, veronika s, /Profile/veronikas687, 16a50399a77a85de565ea65b3a5ff6ca, /Attraction_Review-g274863-d276476-Reviews-Triglav_National_Park-Bled_Upper_Carniola_Region.html
Triglav National Park, 6, 63, National Parks & Hiking Trails & National Parks & Hiking Trails, Europe & Slovenia & Upper Carniola Region & Bled & Things to Do in Bled, 5.0, 46.36883, 14.11886, 693876022, 20190701, 20190601, 5.0, 2fromTX, /Profile/2fromTX, 425f6ad7ef613b5f87199f3c4645d2f1, /Attraction_Review-g274863-d276476-Reviews-Triglav_National_Park-Bled_Upper_Carniola_Region.html
