review_location_name, review_current_page, review_last_page, review_location_type, review_location_breadcrumbs, review_location_rate, location_lat, location_lng, review_id, review_date, review_experience_date, review_rate, user_name, user_link, user_id, parent_url
Vintgar Gorge, 166, 546, Hiking Trails & Hiking Trails, Europe & Slovenia & Upper Carniola Region & Zgornje Gorje & Things to Do in Zgornje Gorje, 4.5, 46.39338, 14.08565, 507442359, 20170701, 20170701, 2.0, luanjot, /Profile/luanjot, 63523e347261d312c57078d9f6f1c20e, /Attraction_Review-g1870874-d519724-Reviews-Vintgar_Gorge-Zgornje_Gorje_Upper_Carniola_Region.html
Vintgar Gorge, 166, 546, Hiking Trails & Hiking Trails, Europe & Slovenia & Upper Carniola Region & Zgornje Gorje & Things to Do in Zgornje Gorje, 4.5, 46.39338, 14.08565, 507409675, 20170701, 20170701, 3.0, MirnaRadosevic, /Profile/MirnaRadosevic, a1c8603269b18d4c0a08b80aa9955379, /Attraction_Review-g1870874-d519724-Reviews-Vintgar_Gorge-Zgornje_Gorje_Upper_Carniola_Region.html
Vintgar Gorge, 166, 546, Hiking Trails & Hiking Trails, Europe & Slovenia & Upper Carniola Region & Zgornje Gorje & Things to Do in Zgornje Gorje, 4.5, 46.39338, 14.08565, 507399466, 20170701, 20170701, 4.0, SLA27, /Profile/SLA27, d5f297877d72f342656b5c9fd064d0eb, /Attraction_Review-g1870874-d519724-Reviews-Vintgar_Gorge-Zgornje_Gorje_Upper_Carniola_Region.html
Vintgar Gorge, 166, 546, Hiking Trails & Hiking Trails, Europe & Slovenia & Upper Carniola Region & Zgornje Gorje & Things to Do in Zgornje Gorje, 4.5, 46.39338, 14.08565, 507313096, 20170701, 20170701, 5.0, Xa_gen24, /Profile/Xa_gen24, 1b7541389c33c4d2e70bbc72ddfcc3f6, /Attraction_Review-g1870874-d519724-Reviews-Vintgar_Gorge-Zgornje_Gorje_Upper_Carniola_Region.html
Vintgar Gorge, 166, 546, Hiking Trails & Hiking Trails, Europe & Slovenia & Upper Carniola Region & Zgornje Gorje & Things to Do in Zgornje Gorje, 4.5, 46.39338, 14.08565, 507310232, 20170701, 20170701, 4.0, Kay64, /Profile/Kay64, 288ffd0b326f23018d12f6e0cd593636, /Attraction_Review-g1870874-d519724-Reviews-Vintgar_Gorge-Zgornje_Gorje_Upper_Carniola_Region.html
