review_location_name, review_current_page, review_last_page, review_location_type, review_location_breadcrumbs, review_location_rate, location_lat, location_lng, review_id, review_date, review_experience_date, review_rate, user_name, user_link, user_id, parent_url
Triple Bridge (Tromostovje), 212, 306, Bridges & Bridges, Europe & Slovenia & Upper Carniola Region & Ljubljana & Things to Do in Ljubljana, 4.5, 46.05131, 14.50601, 316548146, 20151001, 20150901, 4.0, tedvard, /Profile/tedvard, a4ead85b3ecdc338630ba34c9a2c79a7, /Attraction_Review-g274873-d276335-Reviews-Triple_Bridge_Tromostovje-Ljubljana_Upper_Carniola_Region.html
Triple Bridge (Tromostovje), 212, 306, Bridges & Bridges, Europe & Slovenia & Upper Carniola Region & Ljubljana & Things to Do in Ljubljana, 4.5, 46.05131, 14.50601, 316391506, 20151001, 20151001, 5.0, Cheung m, /Profile/462cheungm, d30f3d6068941d4fab8b74f9c13989aa, /Attraction_Review-g274873-d276335-Reviews-Triple_Bridge_Tromostovje-Ljubljana_Upper_Carniola_Region.html
Triple Bridge (Tromostovje), 212, 306, Bridges & Bridges, Europe & Slovenia & Upper Carniola Region & Ljubljana & Things to Do in Ljubljana, 4.5, 46.05131, 14.50601, 316307243, 20151001, 20151001, 4.0, ItamarFigueira, /Profile/ItamarFigueira, 0a67e82c005f6965059bf8616927df93, /Attraction_Review-g274873-d276335-Reviews-Triple_Bridge_Tromostovje-Ljubljana_Upper_Carniola_Region.html
Triple Bridge (Tromostovje), 212, 306, Bridges & Bridges, Europe & Slovenia & Upper Carniola Region & Ljubljana & Things to Do in Ljubljana, 4.5, 46.05131, 14.50601, 316141900, 20151001, 20150901, 3.0, Robert C, /Profile/robertcG1781OA, 4780e110ea59b6503a2690fedab2a940, /Attraction_Review-g274873-d276335-Reviews-Triple_Bridge_Tromostovje-Ljubljana_Upper_Carniola_Region.html
Triple Bridge (Tromostovje), 212, 306, Bridges & Bridges, Europe & Slovenia & Upper Carniola Region & Ljubljana & Things to Do in Ljubljana, 4.5, 46.05131, 14.50601, 316101049, 20151001, 20151001, 4.0, RPG625, /Profile/RPG625, 7ed3279b6e197ac665019d70bd916160, /Attraction_Review-g274873-d276335-Reviews-Triple_Bridge_Tromostovje-Ljubljana_Upper_Carniola_Region.html
