review_location_name, review_current_page, review_last_page, review_location_type, review_location_breadcrumbs, review_location_rate, location_lat, location_lng, review_id, review_date, review_experience_date, review_rate, user_name, user_link, user_id, parent_url
Triglav, 6, 7, Mountains & Mountains, Europe & Slovenia & Upper Carniola Region & Mojstrana & Things to Do in Mojstrana, 5.0, 46.3833, 13.8833, 381953140, 20160601, 20160501, 5.0, CarlisleRedSoxFan, /Profile/CarlisleRedSoxFan, cdc5c42f5af269a2f5b4521e35e69342, /Attraction_Review-g2554455-d3618792-Reviews-Triglav-Mojstrana_Upper_Carniola_Region.html
Triglav, 6, 7, Mountains & Mountains, Europe & Slovenia & Upper Carniola Region & Mojstrana & Things to Do in Mojstrana, 5.0, 46.3833, 13.8833, 376335049, 20160501, 20150801, 5.0, Budapest81, /Profile/Budapest81, 312bebec4033f1f61783f7f91350ccde, /Attraction_Review-g2554455-d3618792-Reviews-Triglav-Mojstrana_Upper_Carniola_Region.html
Triglav, 6, 7, Mountains & Mountains, Europe & Slovenia & Upper Carniola Region & Mojstrana & Things to Do in Mojstrana, 5.0, 46.3833, 13.8833, 368356866, 20160401, 20150901, 5.0, Miha P, /Profile/482mihap, abd2f9c2cd78a57d449f70cdffa1616b, /Attraction_Review-g2554455-d3618792-Reviews-Triglav-Mojstrana_Upper_Carniola_Region.html
Triglav, 6, 7, Mountains & Mountains, Europe & Slovenia & Upper Carniola Region & Mojstrana & Things to Do in Mojstrana, 5.0, 46.3833, 13.8833, 311600931, 20150901, 20150901, 5.0, Milene G, /Profile/mileneg204, 2b8a3cb96eb54ad89851d8bc7b7da1ee, /Attraction_Review-g2554455-d3618792-Reviews-Triglav-Mojstrana_Upper_Carniola_Region.html
Triglav, 6, 7, Mountains & Mountains, Europe & Slovenia & Upper Carniola Region & Mojstrana & Things to Do in Mojstrana, 5.0, 46.3833, 13.8833, 225909382, 20140901, 20140801, 5.0, Danijel, /Profile/danijelkir, d2ae860427128c2ba2e1156a4b892c4f, /Attraction_Review-g2554455-d3618792-Reviews-Triglav-Mojstrana_Upper_Carniola_Region.html
