review_location_name, review_current_page, review_last_page, review_location_type, review_location_breadcrumbs, review_location_rate, location_lat, location_lng, review_id, review_date, review_experience_date, review_rate, user_name, user_link, user_id, parent_url
Dragon Bridge (Zmajski Most), 26, 229, Bridges & Bridges, Europe & Slovenia & Upper Carniola Region & Ljubljana & Things to Do in Ljubljana, 4.0, 46.05494, 14.51103, 674819161, 20190501, 20190501, 3.0, icecreamguru, /Profile/icecreamguru, ab7f244c7333500610bdfc9790960eb5, /Attraction_Review-g274873-d276337-Reviews-Dragon_Bridge_Zmajski_Most-Ljubljana_Upper_Carniola_Region.html
Dragon Bridge (Zmajski Most), 26, 229, Bridges & Bridges, Europe & Slovenia & Upper Carniola Region & Ljubljana & Things to Do in Ljubljana, 4.0, 46.05494, 14.51103, 674702308, 20190501, 20190501, 4.0, andrewjameswarren, /Profile/andrewjameswarren, fe532272ead7e4744a25ef63e334a8e4, /Attraction_Review-g274873-d276337-Reviews-Dragon_Bridge_Zmajski_Most-Ljubljana_Upper_Carniola_Region.html
Dragon Bridge (Zmajski Most), 26, 229, Bridges & Bridges, Europe & Slovenia & Upper Carniola Region & Ljubljana & Things to Do in Ljubljana, 4.0, 46.05494, 14.51103, 673987566, 20190501, 20190501, 5.0, LizzleBrizzle, /Profile/LizzleBrizzle, 27cf926572127a1a41fcb2982523f15f, /Attraction_Review-g274873-d276337-Reviews-Dragon_Bridge_Zmajski_Most-Ljubljana_Upper_Carniola_Region.html
Dragon Bridge (Zmajski Most), 26, 229, Bridges & Bridges, Europe & Slovenia & Upper Carniola Region & Ljubljana & Things to Do in Ljubljana, 4.0, 46.05494, 14.51103, 673158484, 20190501, 20190501, 5.0, Drgole, /Profile/Drgole, 45ac2190daa2aa6eace58512072c8ae0, /Attraction_Review-g274873-d276337-Reviews-Dragon_Bridge_Zmajski_Most-Ljubljana_Upper_Carniola_Region.html
Dragon Bridge (Zmajski Most), 26, 229, Bridges & Bridges, Europe & Slovenia & Upper Carniola Region & Ljubljana & Things to Do in Ljubljana, 4.0, 46.05494, 14.51103, 673056503, 20190501, 20190501, 5.0, Wizardoz1944, /Profile/Wizardoz1944, 9acbbe2b93dacbdebf2c73f2973dbe5b, /Attraction_Review-g274873-d276337-Reviews-Dragon_Bridge_Zmajski_Most-Ljubljana_Upper_Carniola_Region.html
