review_location_name, review_current_page, review_last_page, review_location_type, review_location_breadcrumbs, review_location_rate, location_lat, location_lng, review_id, review_date, review_experience_date, review_rate, user_name, user_link, user_id, parent_url
Triglav National Park, 4, 63, National Parks & Hiking Trails & National Parks & Hiking Trails, Europe & Slovenia & Upper Carniola Region & Bled & Things to Do in Bled, 5.0, 46.36883, 14.11886, 716110776, 20191001, 20191001, 5.0, Chris L, /Profile/chrislH6898GN, e91f83ddf76e02eda6c247b368be6c1e, /Attraction_Review-g274863-d276476-Reviews-Triglav_National_Park-Bled_Upper_Carniola_Region.html
Triglav National Park, 4, 63, National Parks & Hiking Trails & National Parks & Hiking Trails, Europe & Slovenia & Upper Carniola Region & Bled & Things to Do in Bled, 5.0, 46.36883, 14.11886, 711578671, 20190901, 20190801, 5.0, zima2, /Profile/zima2, f9e4e37eb583eb8d426fb7946a082e49, /Attraction_Review-g274863-d276476-Reviews-Triglav_National_Park-Bled_Upper_Carniola_Region.html
Triglav National Park, 4, 63, National Parks & Hiking Trails & National Parks & Hiking Trails, Europe & Slovenia & Upper Carniola Region & Bled & Things to Do in Bled, 5.0, 46.36883, 14.11886, 710266246, 20190901, 20190901, 5.0, jillycb, /Profile/jillycb, 57cd57d7708407dee8a6c247ca98547c, /Attraction_Review-g274863-d276476-Reviews-Triglav_National_Park-Bled_Upper_Carniola_Region.html
Triglav National Park, 4, 63, National Parks & Hiking Trails & National Parks & Hiking Trails, Europe & Slovenia & Upper Carniola Region & Bled & Things to Do in Bled, 5.0, 46.36883, 14.11886, 708966932, 20190901, 20181001, 5.0, Alipa50, /Profile/Alipa50, 36b0b3fa9ba2307a77b78b8ce3d02f7a, /Attraction_Review-g274863-d276476-Reviews-Triglav_National_Park-Bled_Upper_Carniola_Region.html
Triglav National Park, 4, 63, National Parks & Hiking Trails & National Parks & Hiking Trails, Europe & Slovenia & Upper Carniola Region & Bled & Things to Do in Bled, 5.0, 46.36883, 14.11886, 708863692, 20190901, 20190901, 5.0, Richard Parker, /Profile/Skydiver777, 9de7643d2ff87e1d0f5bac4421dd161a, /Attraction_Review-g274863-d276476-Reviews-Triglav_National_Park-Bled_Upper_Carniola_Region.html
