review_location_name, review_current_page, review_last_page, review_location_type, review_location_breadcrumbs, review_location_rate, location_lat, location_lng, review_id, review_date, review_experience_date, review_rate, user_name, user_link, user_id, parent_url
Predjama Castle, 213, 243, Castles & Castles, Europe & Slovenia & Inner Carniola Region & Postojna & Things to Do in Postojna, 4.5, 45.81591, 14.126572, 228946893, 20140901, 20140801, 5.0, travelfamily01, /Profile/travelfamily01, d1eda548ff47eff34da914fc51ef6192, /Attraction_Review-g274878-d277346-Reviews-Predjama_Castle-Postojna_Inner_Carniola_Region.html
Predjama Castle, 213, 243, Castles & Castles, Europe & Slovenia & Inner Carniola Region & Postojna & Things to Do in Postojna, 4.5, 45.81591, 14.126572, 228863190, 20140901, 20140801, 5.0, Ician, /Profile/Ician, 43d79319b2822baef99e9cc7a3ad5b11, /Attraction_Review-g274878-d277346-Reviews-Predjama_Castle-Postojna_Inner_Carniola_Region.html
Predjama Castle, 213, 243, Castles & Castles, Europe & Slovenia & Inner Carniola Region & Postojna & Things to Do in Postojna, 4.5, 45.81591, 14.126572, 228794839, 20140901, 20140401, 5.0, Lila Livia, /Profile/lilalivia, 1ee37638fe79d81151d31b89fbd00c18, /Attraction_Review-g274878-d277346-Reviews-Predjama_Castle-Postojna_Inner_Carniola_Region.html
Predjama Castle, 213, 243, Castles & Castles, Europe & Slovenia & Inner Carniola Region & Postojna & Things to Do in Postojna, 4.5, 45.81591, 14.126572, 228576906, 20140901, 20140901, 4.0, Graham w, /Profile/gwgMimsFlorida, a1a2aa9b55840f294c2a58c48ce9d84b, /Attraction_Review-g274878-d277346-Reviews-Predjama_Castle-Postojna_Inner_Carniola_Region.html
Predjama Castle, 213, 243, Castles & Castles, Europe & Slovenia & Inner Carniola Region & Postojna & Things to Do in Postojna, 4.5, 45.81591, 14.126572, 228296182, 20140901, 20140801, 5.0, LondonHedonist, /Profile/LondonHedonist, b987ba9f8578071caf17e840617b379e, /Attraction_Review-g274878-d277346-Reviews-Predjama_Castle-Postojna_Inner_Carniola_Region.html
