review_location_name, review_current_page, review_last_page, review_location_type, review_location_breadcrumbs, review_location_rate, location_lat, location_lng, review_id, review_date, review_experience_date, review_rate, user_name, user_link, user_id, parent_url
House of Illusions, 7, 84, Specialty Museums & Children's Museums & Specialty Museums & Children's Museums, Europe & Slovenia & Upper Carniola Region & Ljubljana & Things to Do in Ljubljana, 4.0, 46.04975, 14.503541, 713178033, 20190901, 20190901, 4.0, Adriano P, /Profile/72adrianop, ba6d387660f4d06ac53ced9c961a76fa, /Attraction_Review-g274873-d10815305-Reviews-House_of_Illusions-Ljubljana_Upper_Carniola_Region.html
House of Illusions, 7, 84, Specialty Museums & Children's Museums & Specialty Museums & Children's Museums, Europe & Slovenia & Upper Carniola Region & Ljubljana & Things to Do in Ljubljana, 4.0, 46.04975, 14.503541, 709900929, 20190901, 20190901, 4.0, Erika G, /Profile/648erikag, fe25726bd3e0a3e34488b6882f5b8192, /Attraction_Review-g274873-d10815305-Reviews-House_of_Illusions-Ljubljana_Upper_Carniola_Region.html
House of Illusions, 7, 84, Specialty Museums & Children's Museums & Specialty Museums & Children's Museums, Europe & Slovenia & Upper Carniola Region & Ljubljana & Things to Do in Ljubljana, 4.0, 46.04975, 14.503541, 708934297, 20190901, 20190901, 3.0, Sasokoz, /Profile/Sasokoz, 4f7325d5d816287a86d40ad1cf0c019b, /Attraction_Review-g274873-d10815305-Reviews-House_of_Illusions-Ljubljana_Upper_Carniola_Region.html
House of Illusions, 7, 84, Specialty Museums & Children's Museums & Specialty Museums & Children's Museums, Europe & Slovenia & Upper Carniola Region & Ljubljana & Things to Do in Ljubljana, 4.0, 46.04975, 14.503541, 707509731, 20190901, 20190801, 4.0, Tami L, /Profile/Nomad630193, fd21317a494ec42b24689f5a8a532a54, /Attraction_Review-g274873-d10815305-Reviews-House_of_Illusions-Ljubljana_Upper_Carniola_Region.html
House of Illusions, 7, 84, Specialty Museums & Children's Museums & Specialty Museums & Children's Museums, Europe & Slovenia & Upper Carniola Region & Ljubljana & Things to Do in Ljubljana, 4.0, 46.04975, 14.503541, 705059871, 20190801, 20190801, 5.0, The_Travel_Bunch, /Profile/The_Travel_Bunch, d2db130fcb7118a7328f713b50c16cd4, /Attraction_Review-g274873-d10815305-Reviews-House_of_Illusions-Ljubljana_Upper_Carniola_Region.html
