review_location_name, review_current_page, review_last_page, review_location_type, review_location_breadcrumbs, review_location_rate, location_lat, location_lng, review_id, review_date, review_experience_date, review_rate, user_name, user_link, user_id, parent_url
Church of St. George, 30, 41, Sacred & Religious Sites & Sacred & Religious Sites, Europe & Slovenia & Slovenian Littoral Region & Slovenian Istria & Piran & Things to Do in Piran, 4.5, 45.52936, 13.56843, 310225177, 20150901, 20150901, 5.0, Anne F, /Profile/annef421, cd24137d967bfca1b043a695b221b41c, /Attraction_Review-g274876-d2344931-Reviews-Church_of_St_George-Piran_Slovenian_Istria_Slovenian_Littoral_Region.html
Church of St. George, 30, 41, Sacred & Religious Sites & Sacred & Religious Sites, Europe & Slovenia & Slovenian Littoral Region & Slovenian Istria & Piran & Things to Do in Piran, 4.5, 45.52936, 13.56843, 307451393, 20150901, 20150901, 5.0, swift314, /Profile/swift314, 0b4022ff441c9ee3547801033f4fa4cc, /Attraction_Review-g274876-d2344931-Reviews-Church_of_St_George-Piran_Slovenian_Istria_Slovenian_Littoral_Region.html
Church of St. George, 30, 41, Sacred & Religious Sites & Sacred & Religious Sites, Europe & Slovenia & Slovenian Littoral Region & Slovenian Istria & Piran & Things to Do in Piran, 4.5, 45.52936, 13.56843, 307296510, 20150901, 20150901, 2.0, soidogs55, /Profile/soidogs55, 6e9a380a3428e673593d964e122e1bcd, /Attraction_Review-g274876-d2344931-Reviews-Church_of_St_George-Piran_Slovenian_Istria_Slovenian_Littoral_Region.html
Church of St. George, 30, 41, Sacred & Religious Sites & Sacred & Religious Sites, Europe & Slovenia & Slovenian Littoral Region & Slovenian Istria & Piran & Things to Do in Piran, 4.5, 45.52936, 13.56843, 303820469, 20150801, 20150801, 4.0, David N, /Profile/DavidN64, fb7cc91d60dffc837f57f5d7cf28dd75, /Attraction_Review-g274876-d2344931-Reviews-Church_of_St_George-Piran_Slovenian_Istria_Slovenian_Littoral_Region.html
Church of St. George, 30, 41, Sacred & Religious Sites & Sacred & Religious Sites, Europe & Slovenia & Slovenian Littoral Region & Slovenian Istria & Piran & Things to Do in Piran, 4.5, 45.52936, 13.56843, 302074130, 20150801, 20150801, 5.0, Brayford, /Profile/Brayford, c73b1212b114582c06d4e4bc52d885cb, /Attraction_Review-g274876-d2344931-Reviews-Church_of_St_George-Piran_Slovenian_Istria_Slovenian_Littoral_Region.html
