review_location_name, review_current_page, review_last_page, review_location_type, review_location_breadcrumbs, review_location_rate, location_lat, location_lng, review_id, review_date, review_experience_date, review_rate, user_name, user_link, user_id, parent_url
Piazza Tito, 7, 9, Points of Interest & Landmarks & Architectural Buildings & Points of Interest & Landmarks & Architectural Buildings, Europe & Slovenia & Slovenian Littoral Region & Slovenian Istria & Koper & Things to Do in Koper, 4.0, 45.548138, 13.729442, 534925808, 20171001, 20170801, 4.0, Drum_Davey, /Profile/Drum_Davey, 512824aac0d0f401cee8f78139e13cdc, /Attraction_Review-g312722-d12012416-Reviews-Piazza_Tito-Koper_Slovenian_Istria_Slovenian_Littoral_Region.html
Piazza Tito, 7, 9, Points of Interest & Landmarks & Architectural Buildings & Points of Interest & Landmarks & Architectural Buildings, Europe & Slovenia & Slovenian Littoral Region & Slovenian Istria & Koper & Things to Do in Koper, 4.0, 45.548138, 13.729442, 531222900, 20171001, 20170701, 4.0, BigHugh51, /Profile/BigHugh51, 86e8c83652af817d93c4ef9557b66fe0, /Attraction_Review-g312722-d12012416-Reviews-Piazza_Tito-Koper_Slovenian_Istria_Slovenian_Littoral_Region.html
Piazza Tito, 7, 9, Points of Interest & Landmarks & Architectural Buildings & Points of Interest & Landmarks & Architectural Buildings, Europe & Slovenia & Slovenian Littoral Region & Slovenian Istria & Koper & Things to Do in Koper, 4.0, 45.548138, 13.729442, 529623500, 20171001, 20170901, 5.0, Barry C, /Profile/TNTColorado, 552def6d1b07f841b2e5d4ed4229f405, /Attraction_Review-g312722-d12012416-Reviews-Piazza_Tito-Koper_Slovenian_Istria_Slovenian_Littoral_Region.html
Piazza Tito, 7, 9, Points of Interest & Landmarks & Architectural Buildings & Points of Interest & Landmarks & Architectural Buildings, Europe & Slovenia & Slovenian Littoral Region & Slovenian Istria & Koper & Things to Do in Koper, 4.0, 45.548138, 13.729442, 527060015, 20170901, 20170901, 4.0, Lauren, /Profile/LaurenPhil, af231bd0f4ef2851e1d6ccdc42c2dd6c, /Attraction_Review-g312722-d12012416-Reviews-Piazza_Tito-Koper_Slovenian_Istria_Slovenian_Littoral_Region.html
Piazza Tito, 7, 9, Points of Interest & Landmarks & Architectural Buildings & Points of Interest & Landmarks & Architectural Buildings, Europe & Slovenia & Slovenian Littoral Region & Slovenian Istria & Koper & Things to Do in Koper, 4.0, 45.548138, 13.729442, 524463338, 20170901, 20170901, 4.0, Ana P, /Profile/anapC295TT, 5f28d18b0caf0bf9f8fe6c5131f38df0, /Attraction_Review-g312722-d12012416-Reviews-Piazza_Tito-Koper_Slovenian_Istria_Slovenian_Littoral_Region.html
