review_location_name, review_current_page, review_last_page, review_location_type, review_location_breadcrumbs, review_location_rate, location_lat, location_lng, review_id, review_date, review_experience_date, review_rate, user_name, user_link, user_id, parent_url
Bled Island, 201, 317, Architectural Buildings & Islands & Sacred & Religious Sites & Architectural Buildings & Islands & Sacred & Religious Sites, Europe & Slovenia & Upper Carniola Region & Bled & Things to Do in Bled, 4.5, 46.362083, 14.090144, 316840423, 20151001, 20150901, 5.0, Callum N, /Profile/744callumn, ae2351c93c8161ec6e0c934db72c7a92, /Attraction_Review-g274863-d317378-Reviews-Bled_Island-Bled_Upper_Carniola_Region.html
Bled Island, 201, 317, Architectural Buildings & Islands & Sacred & Religious Sites & Architectural Buildings & Islands & Sacred & Religious Sites, Europe & Slovenia & Upper Carniola Region & Bled & Things to Do in Bled, 4.5, 46.362083, 14.090144, 316095651, 20151001, 20150901, 3.0, Tim P, /Profile/TimP33, a521b640bc609e2c072f70ce7bffdd89, /Attraction_Review-g274863-d317378-Reviews-Bled_Island-Bled_Upper_Carniola_Region.html
Bled Island, 201, 317, Architectural Buildings & Islands & Sacred & Religious Sites & Architectural Buildings & Islands & Sacred & Religious Sites, Europe & Slovenia & Upper Carniola Region & Bled & Things to Do in Bled, 4.5, 46.362083, 14.090144, 316014888, 20151001, 20150601, 4.0, Voloshka755, /Profile/Voloshka755, 59d9e9a820b0a1d8b8ead5c64790dabf, /Attraction_Review-g274863-d317378-Reviews-Bled_Island-Bled_Upper_Carniola_Region.html
Bled Island, 201, 317, Architectural Buildings & Islands & Sacred & Religious Sites & Architectural Buildings & Islands & Sacred & Religious Sites, Europe & Slovenia & Upper Carniola Region & Bled & Things to Do in Bled, 4.5, 46.362083, 14.090144, 315602826, 20151001, 20151001, 4.0, Jalal Iqbal, /Profile/jalaliqbal, 57588285aa42b359972756799a67245a, /Attraction_Review-g274863-d317378-Reviews-Bled_Island-Bled_Upper_Carniola_Region.html
Bled Island, 201, 317, Architectural Buildings & Islands & Sacred & Religious Sites & Architectural Buildings & Islands & Sacred & Religious Sites, Europe & Slovenia & Upper Carniola Region & Bled & Things to Do in Bled, 4.5, 46.362083, 14.090144, 315362871, 20151001, 20150901, 5.0, KKUSA, /Profile/KKUSA, 1e8421c5c03139d3bbecfa3f1f539b24, /Attraction_Review-g274863-d317378-Reviews-Bled_Island-Bled_Upper_Carniola_Region.html
