review_location_name, review_current_page, review_last_page, review_location_type, review_location_breadcrumbs, review_location_rate, location_lat, location_lng, review_id, review_date, review_experience_date, review_rate, user_name, user_link, user_id, parent_url
Triglav National Park, 38, 63, National Parks & Hiking Trails & National Parks & Hiking Trails, Europe & Slovenia & Upper Carniola Region & Bled & Things to Do in Bled, 5.0, 46.36883, 14.11886, 313497259, 20150901, 20150901, 5.0, fadifolan, /Profile/fadifolan, 8246e77453399740b244a6767a7e98f5, /Attraction_Review-g274863-d276476-Reviews-Triglav_National_Park-Bled_Upper_Carniola_Region.html
Triglav National Park, 38, 63, National Parks & Hiking Trails & National Parks & Hiking Trails, Europe & Slovenia & Upper Carniola Region & Bled & Things to Do in Bled, 5.0, 46.36883, 14.11886, 313330369, 20150901, 20150901, 5.0, Ilene B, /Profile/IleneB867, c3c1a93730b53b59aacb83897ab0789c, /Attraction_Review-g274863-d276476-Reviews-Triglav_National_Park-Bled_Upper_Carniola_Region.html
Triglav National Park, 38, 63, National Parks & Hiking Trails & National Parks & Hiking Trails, Europe & Slovenia & Upper Carniola Region & Bled & Things to Do in Bled, 5.0, 46.36883, 14.11886, 313063224, 20150901, 20150901, 5.0, n0tlimah, /Profile/n0tlimah, 93a1ec6cb88f1015007771cd638f71b4, /Attraction_Review-g274863-d276476-Reviews-Triglav_National_Park-Bled_Upper_Carniola_Region.html
Triglav National Park, 38, 63, National Parks & Hiking Trails & National Parks & Hiking Trails, Europe & Slovenia & Upper Carniola Region & Bled & Things to Do in Bled, 5.0, 46.36883, 14.11886, 311584661, 20150901, 20150901, 5.0, Alex G, /Profile/alexgM4876AN, 03cf2cbc516bb80b4de730ae528f795c, /Attraction_Review-g274863-d276476-Reviews-Triglav_National_Park-Bled_Upper_Carniola_Region.html
Triglav National Park, 38, 63, National Parks & Hiking Trails & National Parks & Hiking Trails, Europe & Slovenia & Upper Carniola Region & Bled & Things to Do in Bled, 5.0, 46.36883, 14.11886, 311559370, 20150901, 20150901, 4.0, HazelJ610, /Profile/HazelJ610, b6dc5b0cd70af7e4a2e0df4f9254f87d, /Attraction_Review-g274863-d276476-Reviews-Triglav_National_Park-Bled_Upper_Carniola_Region.html
