review_location_name, review_current_page, review_last_page, review_location_type, review_location_breadcrumbs, review_location_rate, location_lat, location_lng, review_id, review_date, review_experience_date, review_rate, user_name, user_link, user_id, parent_url
Triple Bridge (Tromostovje), 9, 306, Bridges & Bridges, Europe & Slovenia & Upper Carniola Region & Ljubljana & Things to Do in Ljubljana, 4.5, 46.05131, 14.50601, 718059912, 20191001, 20191001, 4.0, DME312, /Profile/DME312, a638b1e826b3611856694f1309386501, /Attraction_Review-g274873-d276335-Reviews-Triple_Bridge_Tromostovje-Ljubljana_Upper_Carniola_Region.html
Triple Bridge (Tromostovje), 9, 306, Bridges & Bridges, Europe & Slovenia & Upper Carniola Region & Ljubljana & Things to Do in Ljubljana, 4.5, 46.05131, 14.50601, 716720039, 20191001, 20190901, 4.0, OneAddictedTraveler, /Profile/OneAddictedTraveler, b3e710060f21416b497164f44b2a0fe1, /Attraction_Review-g274873-d276335-Reviews-Triple_Bridge_Tromostovje-Ljubljana_Upper_Carniola_Region.html
Triple Bridge (Tromostovje), 9, 306, Bridges & Bridges, Europe & Slovenia & Upper Carniola Region & Ljubljana & Things to Do in Ljubljana, 4.5, 46.05131, 14.50601, 716330519, 20191001, 20190901, 4.0, colleen w, /Profile/G9422LTcolleenw, a6ad8293e7ca6fa7ed07fde49a59157d, /Attraction_Review-g274873-d276335-Reviews-Triple_Bridge_Tromostovje-Ljubljana_Upper_Carniola_Region.html
Triple Bridge (Tromostovje), 9, 306, Bridges & Bridges, Europe & Slovenia & Upper Carniola Region & Ljubljana & Things to Do in Ljubljana, 4.5, 46.05131, 14.50601, 714708661, 20191001, 20191001, 5.0, Venugopal K, /Profile/VenugopalK, cefbcca925705f8e462822e33d41fa05, /Attraction_Review-g274873-d276335-Reviews-Triple_Bridge_Tromostovje-Ljubljana_Upper_Carniola_Region.html
Triple Bridge (Tromostovje), 9, 306, Bridges & Bridges, Europe & Slovenia & Upper Carniola Region & Ljubljana & Things to Do in Ljubljana, 4.5, 46.05131, 14.50601, 714269185, 20190901, 20190601, 5.0, Elissa, /Profile/globetrotting-elissa, 910defb914cdb0153636a31a887bb1c3, /Attraction_Review-g274873-d276335-Reviews-Triple_Bridge_Tromostovje-Ljubljana_Upper_Carniola_Region.html
