review_location_name, review_current_page, review_last_page, review_location_type, review_location_breadcrumbs, review_location_rate, location_lat, location_lng, review_id, review_date, review_experience_date, review_rate, user_name, user_link, user_id, parent_url
Schloss Dornava, 1, 2, Historic Sites & Historic Sites, Europe & Slovenia & Styria Region & Ptuj & Things to Do in Ptuj, 4.0, 46.43361, 15.95062, 664437506, 20190401, 20190401, 3.0, Miha P, /Profile/482mihap, abd2f9c2cd78a57d449f70cdffa1616b, /Attraction_Review-g315908-d2549402-Reviews-Schloss_Dornava-Ptuj_Styria_Region.html
Schloss Dornava, 1, 2, Historic Sites & Historic Sites, Europe & Slovenia & Styria Region & Ptuj & Things to Do in Ptuj, 4.0, 46.43361, 15.95062, 625711391, 20181001, 20181001, 5.0, curioustraveller42, /Profile/curioustraveller42, cde6c67dcf16c21130a4c65e550265d6, /Attraction_Review-g315908-d2549402-Reviews-Schloss_Dornava-Ptuj_Styria_Region.html
Schloss Dornava, 1, 2, Historic Sites & Historic Sites, Europe & Slovenia & Styria Region & Ptuj & Things to Do in Ptuj, 4.0, 46.43361, 15.95062, 526660199, 20170901, 20170901, 5.0, Iztok M, /Profile/284iztokm, feab8787aa4277dff40a51468b85aebd, /Attraction_Review-g315908-d2549402-Reviews-Schloss_Dornava-Ptuj_Styria_Region.html
Schloss Dornava, 1, 2, Historic Sites & Historic Sites, Europe & Slovenia & Styria Region & Ptuj & Things to Do in Ptuj, 4.0, 46.43361, 15.95062, 506295531, 20170701, 20170601, 5.0, Janja H, /Profile/943janjah, 311520eb6fd733a4f28e399ae774c008, /Attraction_Review-g315908-d2549402-Reviews-Schloss_Dornava-Ptuj_Styria_Region.html
Schloss Dornava, 1, 2, Historic Sites & Historic Sites, Europe & Slovenia & Styria Region & Ptuj & Things to Do in Ptuj, 4.0, 46.43361, 15.95062, 378762598, 20160601, 20150801, 5.0, Danilcek, /Profile/Danilcek, 3fa0c043ba7567c63f0868ffb535178a, /Attraction_Review-g315908-d2549402-Reviews-Schloss_Dornava-Ptuj_Styria_Region.html
