review_location_name, review_current_page, review_last_page, review_location_type, review_location_breadcrumbs, review_location_rate, location_lat, location_lng, review_id, review_date, review_experience_date, review_rate, user_name, user_link, user_id, parent_url
Vintgar Gorge, 500, 546, Hiking Trails & Hiking Trails, Europe & Slovenia & Upper Carniola Region & Zgornje Gorje & Things to Do in Zgornje Gorje, 4.5, 46.39338, 14.08565, 169556380, 20130701, 20130701, 4.0, CJ J, /Profile/661cjj, 78e5c29fd511783cbe100fa300c964e4, /Attraction_Review-g1870874-d519724-Reviews-Vintgar_Gorge-Zgornje_Gorje_Upper_Carniola_Region.html
Vintgar Gorge, 500, 546, Hiking Trails & Hiking Trails, Europe & Slovenia & Upper Carniola Region & Zgornje Gorje & Things to Do in Zgornje Gorje, 4.5, 46.39338, 14.08565, 169513183, 20130701, 20130701, 5.0, topgirlelena, /Profile/topgirlelena, e0a081642a58d540887a38fbac659e4a, /Attraction_Review-g1870874-d519724-Reviews-Vintgar_Gorge-Zgornje_Gorje_Upper_Carniola_Region.html
Vintgar Gorge, 500, 546, Hiking Trails & Hiking Trails, Europe & Slovenia & Upper Carniola Region & Zgornje Gorje & Things to Do in Zgornje Gorje, 4.5, 46.39338, 14.08565, 169187834, 20130701, 20130701, 5.0, Simon M, /Profile/694SimonM694, bfb216ad12f7b6025faf874b6a139728, /Attraction_Review-g1870874-d519724-Reviews-Vintgar_Gorge-Zgornje_Gorje_Upper_Carniola_Region.html
Vintgar Gorge, 500, 546, Hiking Trails & Hiking Trails, Europe & Slovenia & Upper Carniola Region & Zgornje Gorje & Things to Do in Zgornje Gorje, 4.5, 46.39338, 14.08565, 168750632, 20130701, 20121001, 5.0, meandros, /Profile/meandros, 32e0ab665b07a57510f3ca5793c14aad, /Attraction_Review-g1870874-d519724-Reviews-Vintgar_Gorge-Zgornje_Gorje_Upper_Carniola_Region.html
Vintgar Gorge, 500, 546, Hiking Trails & Hiking Trails, Europe & Slovenia & Upper Carniola Region & Zgornje Gorje & Things to Do in Zgornje Gorje, 4.5, 46.39338, 14.08565, 168704100, 20130701, 20130501, 5.0, christy1030, /Profile/christy1030, ebef71d8201f517d02d6e6e7627e0d83, /Attraction_Review-g1870874-d519724-Reviews-Vintgar_Gorge-Zgornje_Gorje_Upper_Carniola_Region.html
