review_location_name, review_current_page, review_last_page, review_location_type, review_location_breadcrumbs, review_location_rate, location_lat, location_lng, review_id, review_date, review_experience_date, review_rate, user_name, user_link, user_id, parent_url
Glavni Trg, 3, 11, Historic Sites & Neighborhoods & Historic Sites & Neighborhoods, Europe & Slovenia & Styria Region & Maribor & Things to Do in Maribor, 4.0, 46.55841, 15.64555, 582769384, 20180501, 20180501, 5.0, kmarko, /Profile/kmarko, 7932911a28f4661b2ae73a02ac171366, /Attraction_Review-g274874-d523483-Reviews-Glavni_Trg-Maribor_Styria_Region.html
Glavni Trg, 3, 11, Historic Sites & Neighborhoods & Historic Sites & Neighborhoods, Europe & Slovenia & Styria Region & Maribor & Things to Do in Maribor, 4.0, 46.55841, 15.64555, 565293044, 20180301, 20180301, 5.0, LadislavPetarda, /Profile/LadislavPetarda, b53db1af975e1e085561dadb6bc8bed9, /Attraction_Review-g274874-d523483-Reviews-Glavni_Trg-Maribor_Styria_Region.html
Glavni Trg, 3, 11, Historic Sites & Neighborhoods & Historic Sites & Neighborhoods, Europe & Slovenia & Styria Region & Maribor & Things to Do in Maribor, 4.0, 46.55841, 15.64555, 554002008, 20180101, 20170501, 4.0, swtraveler15, /Profile/swtraveler15, c68b2c278dd170a603e4b648eb137ef4, /Attraction_Review-g274874-d523483-Reviews-Glavni_Trg-Maribor_Styria_Region.html
Glavni Trg, 3, 11, Historic Sites & Neighborhoods & Historic Sites & Neighborhoods, Europe & Slovenia & Styria Region & Maribor & Things to Do in Maribor, 4.0, 46.55841, 15.64555, 545569673, 20171201, 20171201, 5.0, Romana T, /Profile/romanat604, 7d7f99a8617055efe1bfee60e6801bd3, /Attraction_Review-g274874-d523483-Reviews-Glavni_Trg-Maribor_Styria_Region.html
Glavni Trg, 3, 11, Historic Sites & Neighborhoods & Historic Sites & Neighborhoods, Europe & Slovenia & Styria Region & Maribor & Things to Do in Maribor, 4.0, 46.55841, 15.64555, 533036340, 20171001, 20171001, 4.0, Igor158, /Profile/Igor158, 6bd9e86269d64d5ce63f28ac9803eaa3, /Attraction_Review-g274874-d523483-Reviews-Glavni_Trg-Maribor_Styria_Region.html
