review_location_name, review_current_page, review_last_page, review_location_type, review_location_breadcrumbs, review_location_rate, location_lat, location_lng, review_id, review_date, review_experience_date, review_rate, user_name, user_link, user_id, parent_url
Piran Town Walls, 8, 56, Points of Interest & Landmarks & Points of Interest & Landmarks, Europe & Slovenia & Slovenian Littoral Region & Slovenian Istria & Piran & Things to Do in Piran, 4.5, 45.52743, 13.57175, 673315200, 20190501, 20190401, 5.0, Lance Kerwin, /Profile/Lance_Kerwin, 4bbd513374201d4e678440f3f239a521, /Attraction_Review-g274876-d4553092-Reviews-Piran_Town_Walls-Piran_Slovenian_Istria_Slovenian_Littoral_Region.html
Piran Town Walls, 8, 56, Points of Interest & Landmarks & Points of Interest & Landmarks, Europe & Slovenia & Slovenian Littoral Region & Slovenian Istria & Piran & Things to Do in Piran, 4.5, 45.52743, 13.57175, 670648134, 20190501, 20190401, 4.0, JanMinnie, /Profile/JanMinnie, 425b9978a6911868cabbd75a431bfcf8, /Attraction_Review-g274876-d4553092-Reviews-Piran_Town_Walls-Piran_Slovenian_Istria_Slovenian_Littoral_Region.html
Piran Town Walls, 8, 56, Points of Interest & Landmarks & Points of Interest & Landmarks, Europe & Slovenia & Slovenian Littoral Region & Slovenian Istria & Piran & Things to Do in Piran, 4.5, 45.52743, 13.57175, 656335183, 20190301, 20190301, 5.0, marina S, /Profile/R5643VHmarinas, a5dc1e1286a9ab732c63ab2a23e548f7, /Attraction_Review-g274876-d4553092-Reviews-Piran_Town_Walls-Piran_Slovenian_Istria_Slovenian_Littoral_Region.html
Piran Town Walls, 8, 56, Points of Interest & Landmarks & Points of Interest & Landmarks, Europe & Slovenia & Slovenian Littoral Region & Slovenian Istria & Piran & Things to Do in Piran, 4.5, 45.52743, 13.57175, 654852301, 20190201, 20180801, 4.0, Linda W, /Profile/lindawM7137XQ, ab818186fdea8085a0d7484bc482dffc, /Attraction_Review-g274876-d4553092-Reviews-Piran_Town_Walls-Piran_Slovenian_Istria_Slovenian_Littoral_Region.html
Piran Town Walls, 8, 56, Points of Interest & Landmarks & Points of Interest & Landmarks, Europe & Slovenia & Slovenian Littoral Region & Slovenian Istria & Piran & Things to Do in Piran, 4.5, 45.52743, 13.57175, 654311556, 20190201, 20190201, 5.0, Nina L, /Profile/364ninal, 3dddd81f4d50a928bfbc29d92a7d42b4, /Attraction_Review-g274876-d4553092-Reviews-Piran_Town_Walls-Piran_Slovenian_Istria_Slovenian_Littoral_Region.html
