review_location_name, review_current_page, review_last_page, review_location_type, review_location_breadcrumbs, review_location_rate, location_lat, location_lng, review_id, review_date, review_experience_date, review_rate, user_name, user_link, user_id, parent_url
Bled Castle (Blejski Grad), 29, 478, Castles & Castles, Europe & Slovenia & Upper Carniola Region & Bled & Things to Do in Bled, 4.0, 46.369713, 14.100682, 697526908, 20190801, 20190701, 4.0, 363cymru123, /Profile/363cymru123, 5b584a4ac7b5b780a98dec73b3d016b7, /Attraction_Review-g274863-d300864-Reviews-Bled_Castle_Blejski_Grad-Bled_Upper_Carniola_Region.html
Bled Castle (Blejski Grad), 29, 478, Castles & Castles, Europe & Slovenia & Upper Carniola Region & Bled & Things to Do in Bled, 4.0, 46.369713, 14.100682, 696627195, 20190801, 20190801, 4.0, Blanche S, /Profile/440blanches, 329bcf9b8d23286356381ab8b912601b, /Attraction_Review-g274863-d300864-Reviews-Bled_Castle_Blejski_Grad-Bled_Upper_Carniola_Region.html
Bled Castle (Blejski Grad), 29, 478, Castles & Castles, Europe & Slovenia & Upper Carniola Region & Bled & Things to Do in Bled, 4.0, 46.369713, 14.100682, 696454982, 20190801, 20190701, 4.0, Blok45Serbia, /Profile/Blok45Serbia, a40d828d5f681ac4ea5033d8e83d430a, /Attraction_Review-g274863-d300864-Reviews-Bled_Castle_Blejski_Grad-Bled_Upper_Carniola_Region.html
Bled Castle (Blejski Grad), 29, 478, Castles & Castles, Europe & Slovenia & Upper Carniola Region & Bled & Things to Do in Bled, 4.0, 46.369713, 14.100682, 696319598, 20190801, 20181101, 5.0, Tan H, /Profile/tanhR1350QP, cff58cc206213c7d7c6f4aa0b2012555, /Attraction_Review-g274863-d300864-Reviews-Bled_Castle_Blejski_Grad-Bled_Upper_Carniola_Region.html
Bled Castle (Blejski Grad), 29, 478, Castles & Castles, Europe & Slovenia & Upper Carniola Region & Bled & Things to Do in Bled, 4.0, 46.369713, 14.100682, 696038732, 20190801, 20190801, 1.0, Kjeld O, /Profile/kjeldo2016, 85200f36cbe826a61e71422847c3e825, /Attraction_Review-g274863-d300864-Reviews-Bled_Castle_Blejski_Grad-Bled_Upper_Carniola_Region.html
