review_location_name, review_current_page, review_last_page, review_location_type, review_location_breadcrumbs, review_location_rate, location_lat, location_lng, review_id, review_date, review_experience_date, review_rate, user_name, user_link, user_id, parent_url
Casino Mond, None, None, Casinos & Casinos, Europe & Slovenia & Styria Region & Sentilj v Slovenskih Goricah & Things to Do in Sentilj v Slovenskih Goricah, 3.5, 46.67764, 15.64716, 639054675, 20181201, 20181201, 5.0, Primoz, /Profile/PrimozB007, bcaf99999ae2de30859fa37dfac6e0db, /Attraction_Review-g2151481-d2151463-Reviews-Casino_Mond-Sentilj_v_Slovenskih_Goricah_Styria_Region.html
Casino Mond, None, None, Casinos & Casinos, Europe & Slovenia & Styria Region & Sentilj v Slovenskih Goricah & Things to Do in Sentilj v Slovenskih Goricah, 3.5, 46.67764, 15.64716, 566379247, 20180301, 20180301, 4.0, Danno_99, /Profile/Danno_99, 21abdba619b19472a72733b82eb233ff, /Attraction_Review-g2151481-d2151463-Reviews-Casino_Mond-Sentilj_v_Slovenskih_Goricah_Styria_Region.html
Casino Mond, None, None, Casinos & Casinos, Europe & Slovenia & Styria Region & Sentilj v Slovenskih Goricah & Things to Do in Sentilj v Slovenskih Goricah, 3.5, 46.67764, 15.64716, 441482875, 20161201, 20161201, 5.0, Boris T, /Profile/borist315, 6f58e0b1e0b8b6cf7fa916667e5f4eac, /Attraction_Review-g2151481-d2151463-Reviews-Casino_Mond-Sentilj_v_Slovenskih_Goricah_Styria_Region.html
Casino Mond, None, None, Casinos & Casinos, Europe & Slovenia & Styria Region & Sentilj v Slovenskih Goricah & Things to Do in Sentilj v Slovenskih Goricah, 3.5, 46.67764, 15.64716, 371998982, 20160501, 20160501, 5.0, Déri R, /Profile/64d_rir, 40db2099b9a9074b8edd830b50210338, /Attraction_Review-g2151481-d2151463-Reviews-Casino_Mond-Sentilj_v_Slovenskih_Goricah_Styria_Region.html
Casino Mond, None, None, Casinos & Casinos, Europe & Slovenia & Styria Region & Sentilj v Slovenskih Goricah & Things to Do in Sentilj v Slovenskih Goricah, 3.5, 46.67764, 15.64716, 197764549, 20140301, 20140301, 3.0, Leonardo R, /Profile/LeonardoR122, 91a1b9f9759c0282b927c65a3640ac80, /Attraction_Review-g2151481-d2151463-Reviews-Casino_Mond-Sentilj_v_Slovenskih_Goricah_Styria_Region.html
