review_location_name, review_current_page, review_last_page, review_location_type, review_location_breadcrumbs, review_location_rate, location_lat, location_lng, review_id, review_date, review_experience_date, review_rate, user_name, user_link, user_id, parent_url
Cathedral of St. Nicholas (Stolnica Sv. Nikolaja), 1, 84, Sacred & Religious Sites & Sacred & Religious Sites, Europe & Slovenia & Upper Carniola Region & Ljubljana & Things to Do in Ljubljana, 4.5, 46.05091, 14.50871, 765076905, 20200801, 20200101, 5.0, Steven S, /Profile/MandySSS, 8abf0456fe3ce1b24292171367e67521, /Attraction_Review-g274873-d276332-Reviews-Cathedral_of_St_Nicholas_Stolnica_Sv_Nikolaja-Ljubljana_Upper_Carniola_Region.html
Cathedral of St. Nicholas (Stolnica Sv. Nikolaja), 1, 84, Sacred & Religious Sites & Sacred & Religious Sites, Europe & Slovenia & Upper Carniola Region & Ljubljana & Things to Do in Ljubljana, 4.5, 46.05091, 14.50871, 746278957, 20200201, 20200201, 4.0, Steve D, /Profile/SteveDrab, 7d3152d42f9b26bfdf7475a06ca75f02, /Attraction_Review-g274873-d276332-Reviews-Cathedral_of_St_Nicholas_Stolnica_Sv_Nikolaja-Ljubljana_Upper_Carniola_Region.html
Cathedral of St. Nicholas (Stolnica Sv. Nikolaja), 1, 84, Sacred & Religious Sites & Sacred & Religious Sites, Europe & Slovenia & Upper Carniola Region & Ljubljana & Things to Do in Ljubljana, 4.5, 46.05091, 14.50871, 743074345, 20200201, 20190801, 5.0, periandro, /Profile/periandro, 4ed551d4917ea7a18a01d4df13b865e9, /Attraction_Review-g274873-d276332-Reviews-Cathedral_of_St_Nicholas_Stolnica_Sv_Nikolaja-Ljubljana_Upper_Carniola_Region.html
Cathedral of St. Nicholas (Stolnica Sv. Nikolaja), 1, 84, Sacred & Religious Sites & Sacred & Religious Sites, Europe & Slovenia & Upper Carniola Region & Ljubljana & Things to Do in Ljubljana, 4.5, 46.05091, 14.50871, 741823315, 20200101, 20200101, 5.0, CJMTraveler, /Profile/CJMTraveler, 3549d919504d82f7507284b79d6f5713, /Attraction_Review-g274873-d276332-Reviews-Cathedral_of_St_Nicholas_Stolnica_Sv_Nikolaja-Ljubljana_Upper_Carniola_Region.html
Cathedral of St. Nicholas (Stolnica Sv. Nikolaja), 1, 84, Sacred & Religious Sites & Sacred & Religious Sites, Europe & Slovenia & Upper Carniola Region & Ljubljana & Things to Do in Ljubljana, 4.5, 46.05091, 14.50871, 739278856, 20200101, 20191201, 4.0, dori_lukey, /Profile/dori_lukey, 1b833261c610733f5567c64adb2f2cf8, /Attraction_Review-g274873-d276332-Reviews-Cathedral_of_St_Nicholas_Stolnica_Sv_Nikolaja-Ljubljana_Upper_Carniola_Region.html
