review_location_name, review_current_page, review_last_page, review_location_type, review_location_breadcrumbs, review_location_rate, location_lat, location_lng, review_id, review_date, review_experience_date, review_rate, user_name, user_link, user_id, parent_url
Plecnik House, 15, 17, Historic Sites & Historic Sites, Europe & Slovenia & Upper Carniola Region & Ljubljana & Things to Do in Ljubljana, 4.5, 46.04229, 14.50238, 393919759, 20160701, 20160701, 5.0, keeweeset, /Profile/keeweeset, 6705227a56df9ad526ea7469e7589e90, /Attraction_Review-g274873-d523476-Reviews-Plecnik_House-Ljubljana_Upper_Carniola_Region.html
Plecnik House, 15, 17, Historic Sites & Historic Sites, Europe & Slovenia & Upper Carniola Region & Ljubljana & Things to Do in Ljubljana, 4.5, 46.04229, 14.50238, 363788064, 20160401, 20160401, 5.0, Jenny K, /Profile/638JennyK, f8d4d9c4d9b3a666a84795d2baeb6a03, /Attraction_Review-g274873-d523476-Reviews-Plecnik_House-Ljubljana_Upper_Carniola_Region.html
Plecnik House, 15, 17, Historic Sites & Historic Sites, Europe & Slovenia & Upper Carniola Region & Ljubljana & Things to Do in Ljubljana, 4.5, 46.04229, 14.50238, 347054648, 20160201, 20151001, 5.0, Barbara V, /Profile/J5147INbarbarav, 55b8fabce9fcef7b21877c48994c987f, /Attraction_Review-g274873-d523476-Reviews-Plecnik_House-Ljubljana_Upper_Carniola_Region.html
Plecnik House, 15, 17, Historic Sites & Historic Sites, Europe & Slovenia & Upper Carniola Region & Ljubljana & Things to Do in Ljubljana, 4.5, 46.04229, 14.50238, 335921267, 20151201, 20151201, 5.0, Ave2011, /Profile/Ave2011, c1ddac9322ff6a73d744c6a3bab1f799, /Attraction_Review-g274873-d523476-Reviews-Plecnik_House-Ljubljana_Upper_Carniola_Region.html
Plecnik House, 15, 17, Historic Sites & Historic Sites, Europe & Slovenia & Upper Carniola Region & Ljubljana & Things to Do in Ljubljana, 4.5, 46.04229, 14.50238, 327360725, 20151101, 20151101, 5.0, Apartment Ljubljana, /Profile/aparl, 0d9df5db54aaf9aa2af7df850335ac30, /Attraction_Review-g274873-d523476-Reviews-Plecnik_House-Ljubljana_Upper_Carniola_Region.html
