review_location_name, review_current_page, review_last_page, review_location_type, review_location_breadcrumbs, review_location_rate, location_lat, location_lng, review_id, review_date, review_experience_date, review_rate, user_name, user_link, user_id, parent_url
Cathedral of St. Nicholas (Stolnica Sv. Nikolaja), 69, 84, Sacred & Religious Sites & Sacred & Religious Sites, Europe & Slovenia & Upper Carniola Region & Ljubljana & Things to Do in Ljubljana, 4.5, 46.05091, 14.50871, 243325308, 20141201, 20141201, 5.0, 583sema, /Profile/583sema, e578b9b7a4dff6cba6330b276458c871, /Attraction_Review-g274873-d276332-Reviews-Cathedral_of_St_Nicholas_Stolnica_Sv_Nikolaja-Ljubljana_Upper_Carniola_Region.html
Cathedral of St. Nicholas (Stolnica Sv. Nikolaja), 69, 84, Sacred & Religious Sites & Sacred & Religious Sites, Europe & Slovenia & Upper Carniola Region & Ljubljana & Things to Do in Ljubljana, 4.5, 46.05091, 14.50871, 242683356, 20141201, 20141001, 5.0, Abhimanyu66, /Profile/Abhimanyu66, f114e65f622203f5112836186db470eb, /Attraction_Review-g274873-d276332-Reviews-Cathedral_of_St_Nicholas_Stolnica_Sv_Nikolaja-Ljubljana_Upper_Carniola_Region.html
Cathedral of St. Nicholas (Stolnica Sv. Nikolaja), 69, 84, Sacred & Religious Sites & Sacred & Religious Sites, Europe & Slovenia & Upper Carniola Region & Ljubljana & Things to Do in Ljubljana, 4.5, 46.05091, 14.50871, 242046868, 20141101, 20141101, 5.0, JLJ04, /Profile/JLJ04, 9ddbab714db8c49127af020f6e32bbeb, /Attraction_Review-g274873-d276332-Reviews-Cathedral_of_St_Nicholas_Stolnica_Sv_Nikolaja-Ljubljana_Upper_Carniola_Region.html
Cathedral of St. Nicholas (Stolnica Sv. Nikolaja), 69, 84, Sacred & Religious Sites & Sacred & Religious Sites, Europe & Slovenia & Upper Carniola Region & Ljubljana & Things to Do in Ljubljana, 4.5, 46.05091, 14.50871, 242030685, 20141101, 20131201, 5.0, TravelFiendGeorgia, /Profile/TravelFiendGeorgia, 8ff4b856eabbface076c90be1db663c3, /Attraction_Review-g274873-d276332-Reviews-Cathedral_of_St_Nicholas_Stolnica_Sv_Nikolaja-Ljubljana_Upper_Carniola_Region.html
Cathedral of St. Nicholas (Stolnica Sv. Nikolaja), 69, 84, Sacred & Religious Sites & Sacred & Religious Sites, Europe & Slovenia & Upper Carniola Region & Ljubljana & Things to Do in Ljubljana, 4.5, 46.05091, 14.50871, 241048850, 20141101, 20131201, 4.0, Simone N, /Profile/simonen423, f3c58b67bd908196570c0aaa0e241a83, /Attraction_Review-g274873-d276332-Reviews-Cathedral_of_St_Nicholas_Stolnica_Sv_Nikolaja-Ljubljana_Upper_Carniola_Region.html
