review_location_name, review_current_page, review_last_page, review_location_type, review_location_breadcrumbs, review_location_rate, location_lat, location_lng, review_id, review_date, review_experience_date, review_rate, user_name, user_link, user_id, parent_url
House of Illusions, 23, 84, Specialty Museums & Children's Museums & Specialty Museums & Children's Museums, Europe & Slovenia & Upper Carniola Region & Ljubljana & Things to Do in Ljubljana, 4.0, 46.04975, 14.503541, 633533429, 20181101, 20181001, 5.0, Urška B, /Profile/ur_kab2017, 4aa633ecb4a94a4d63cb6328324d9fd7, /Attraction_Review-g274873-d10815305-Reviews-House_of_Illusions-Ljubljana_Upper_Carniola_Region.html
House of Illusions, 23, 84, Specialty Museums & Children's Museums & Specialty Museums & Children's Museums, Europe & Slovenia & Upper Carniola Region & Ljubljana & Things to Do in Ljubljana, 4.0, 46.04975, 14.503541, 632633666, 20181101, 20181101, 4.0, Niho49, /Profile/Niho49, 6cf01f63f3027e49772295de475ce597, /Attraction_Review-g274873-d10815305-Reviews-House_of_Illusions-Ljubljana_Upper_Carniola_Region.html
House of Illusions, 23, 84, Specialty Museums & Children's Museums & Specialty Museums & Children's Museums, Europe & Slovenia & Upper Carniola Region & Ljubljana & Things to Do in Ljubljana, 4.0, 46.04975, 14.503541, 632350061, 20181101, 20181101, 4.0, fluffymonkey, /Profile/fluffymonkey, e9e2fbd17a39c13b633a287d434cf9d7, /Attraction_Review-g274873-d10815305-Reviews-House_of_Illusions-Ljubljana_Upper_Carniola_Region.html
House of Illusions, 23, 84, Specialty Museums & Children's Museums & Specialty Museums & Children's Museums, Europe & Slovenia & Upper Carniola Region & Ljubljana & Things to Do in Ljubljana, 4.0, 46.04975, 14.503541, 631887507, 20181101, 20180301, 3.0, emadesevic, /Profile/emadesevic, 04ec14745daa038cc02924a486b73135, /Attraction_Review-g274873-d10815305-Reviews-House_of_Illusions-Ljubljana_Upper_Carniola_Region.html
House of Illusions, 23, 84, Specialty Museums & Children's Museums & Specialty Museums & Children's Museums, Europe & Slovenia & Upper Carniola Region & Ljubljana & Things to Do in Ljubljana, 4.0, 46.04975, 14.503541, 631783927, 20181101, 20181001, 4.0, Jade C, /Profile/JadeC1238, ec640e575eb41c6e8105ee86ff02b9b4, /Attraction_Review-g274873-d10815305-Reviews-House_of_Illusions-Ljubljana_Upper_Carniola_Region.html
