review_location_name, review_current_page, review_last_page, review_location_type, review_location_breadcrumbs, review_location_rate, location_lat, location_lng, review_id, review_date, review_experience_date, review_rate, user_name, user_link, user_id, parent_url
Žale Cemetery, 6, 9, Cemeteries & Cemeteries, Europe & Slovenia & Upper Carniola Region & Ljubljana & Things to Do in Ljubljana, 4.5, 46.06755, 14.52842, 347574879, 20160201, 20151101, 4.0, Keee-eee, /Profile/Keee-eee, 375f2243562be3d2635655152576705c, /Attraction_Review-g274873-d3510313-Reviews-Zale_Cemetery-Ljubljana_Upper_Carniola_Region.html
Žale Cemetery, 6, 9, Cemeteries & Cemeteries, Europe & Slovenia & Upper Carniola Region & Ljubljana & Things to Do in Ljubljana, 4.5, 46.06755, 14.52842, 333445718, 20151201, 20151101, 5.0, Flafi B, /Profile/FlafiB, a29e617cbcbab4e9a3f97b39ff6e7fd9, /Attraction_Review-g274873-d3510313-Reviews-Zale_Cemetery-Ljubljana_Upper_Carniola_Region.html
Žale Cemetery, 6, 9, Cemeteries & Cemeteries, Europe & Slovenia & Upper Carniola Region & Ljubljana & Things to Do in Ljubljana, 4.5, 46.06755, 14.52842, 326181503, 20151101, 20151101, 4.0, izif_37, /Profile/izif_37, 3e8ae1f79ba2f75677a8a526029da2fa, /Attraction_Review-g274873-d3510313-Reviews-Zale_Cemetery-Ljubljana_Upper_Carniola_Region.html
Žale Cemetery, 6, 9, Cemeteries & Cemeteries, Europe & Slovenia & Upper Carniola Region & Ljubljana & Things to Do in Ljubljana, 4.5, 46.06755, 14.52842, 319591367, 20151001, 20151001, 5.0, Apartment Ljubljana, /Profile/aparl, 0d9df5db54aaf9aa2af7df850335ac30, /Attraction_Review-g274873-d3510313-Reviews-Zale_Cemetery-Ljubljana_Upper_Carniola_Region.html
Žale Cemetery, 6, 9, Cemeteries & Cemeteries, Europe & Slovenia & Upper Carniola Region & Ljubljana & Things to Do in Ljubljana, 4.5, 46.06755, 14.52842, 317331764, 20151001, 20151001, 5.0, srecno_pot, /Profile/srecno_pot, 39bef3af7180f5a014cbf31d5390daf0, /Attraction_Review-g274873-d3510313-Reviews-Zale_Cemetery-Ljubljana_Upper_Carniola_Region.html
