review_location_name, review_current_page, review_last_page, review_location_type, review_location_breadcrumbs, review_location_rate, location_lat, location_lng, review_id, review_date, review_experience_date, review_rate, user_name, user_link, user_id, parent_url
House of Illusions, 30, 84, Specialty Museums & Children's Museums & Specialty Museums & Children's Museums, Europe & Slovenia & Upper Carniola Region & Ljubljana & Things to Do in Ljubljana, 4.0, 46.04975, 14.503541, 603013491, 20180801, 20180701, 5.0, MLG1967, /Profile/MLG1967, 2944e0cdb75a9885759475c5e7d69d80, /Attraction_Review-g274873-d10815305-Reviews-House_of_Illusions-Ljubljana_Upper_Carniola_Region.html
House of Illusions, 30, 84, Specialty Museums & Children's Museums & Specialty Museums & Children's Museums, Europe & Slovenia & Upper Carniola Region & Ljubljana & Things to Do in Ljubljana, 4.0, 46.04975, 14.503541, 602937443, 20180801, 20180801, 5.0, Michel😏, /Profile/387michel, 100d61d16eb3d8173be93a737ba79acf, /Attraction_Review-g274873-d10815305-Reviews-House_of_Illusions-Ljubljana_Upper_Carniola_Region.html
House of Illusions, 30, 84, Specialty Museums & Children's Museums & Specialty Museums & Children's Museums, Europe & Slovenia & Upper Carniola Region & Ljubljana & Things to Do in Ljubljana, 4.0, 46.04975, 14.503541, 602319036, 20180801, 20180801, 3.0, barbsjk, /Profile/barbsjk, 73c1be052a72078208fe6a64956b1fcf, /Attraction_Review-g274873-d10815305-Reviews-House_of_Illusions-Ljubljana_Upper_Carniola_Region.html
House of Illusions, 30, 84, Specialty Museums & Children's Museums & Specialty Museums & Children's Museums, Europe & Slovenia & Upper Carniola Region & Ljubljana & Things to Do in Ljubljana, 4.0, 46.04975, 14.503541, 602114807, 20180801, 20180601, 5.0, Anya G, /Profile/null, e0f3c8006cbaa8bd5e462c846281689c, /Attraction_Review-g274873-d10815305-Reviews-House_of_Illusions-Ljubljana_Upper_Carniola_Region.html
House of Illusions, 30, 84, Specialty Museums & Children's Museums & Specialty Museums & Children's Museums, Europe & Slovenia & Upper Carniola Region & Ljubljana & Things to Do in Ljubljana, 4.0, 46.04975, 14.503541, 601900193, 20180801, 20180801, 5.0, Emily S, /Profile/EmilyS3420, daecb195652f0044e7736cf6a423279c, /Attraction_Review-g274873-d10815305-Reviews-House_of_Illusions-Ljubljana_Upper_Carniola_Region.html
