review_location_name, review_current_page, review_last_page, review_location_type, review_location_breadcrumbs, review_location_rate, location_lat, location_lng, review_id, review_date, review_experience_date, review_rate, user_name, user_link, user_id, parent_url
Preseren Square, 15, 189, Points of Interest & Landmarks & Points of Interest & Landmarks, Europe & Slovenia & Upper Carniola Region & Ljubljana & Things to Do in Ljubljana, 4.5, 46.051334, 14.506147, 679019019, 20190601, 20190401, 5.0, Coryy20, /Profile/Coryy20, 1267b74df60fffa33bef282204b60086, /Attraction_Review-g274873-d298648-Reviews-Preseren_Square-Ljubljana_Upper_Carniola_Region.html
Preseren Square, 15, 189, Points of Interest & Landmarks & Points of Interest & Landmarks, Europe & Slovenia & Upper Carniola Region & Ljubljana & Things to Do in Ljubljana, 4.5, 46.051334, 14.506147, 678132639, 20190601, 20190601, 3.0, Super Enthusiastic Traveler, /Profile/SuperEnthusiastic, 14a98c39d123adf0aa5dfc30269c593b, /Attraction_Review-g274873-d298648-Reviews-Preseren_Square-Ljubljana_Upper_Carniola_Region.html
Preseren Square, 15, 189, Points of Interest & Landmarks & Points of Interest & Landmarks, Europe & Slovenia & Upper Carniola Region & Ljubljana & Things to Do in Ljubljana, 4.5, 46.051334, 14.506147, 677454392, 20190501, 20190501, 4.0, Richarda9094, /Profile/Richarda9094, 9af2232a6b2cacd5a43e56dc0aac1b26, /Attraction_Review-g274873-d298648-Reviews-Preseren_Square-Ljubljana_Upper_Carniola_Region.html
Preseren Square, 15, 189, Points of Interest & Landmarks & Points of Interest & Landmarks, Europe & Slovenia & Upper Carniola Region & Ljubljana & Things to Do in Ljubljana, 4.5, 46.051334, 14.506147, 675584785, 20190501, 20190501, 5.0, HalfWeekTripper, /Profile/HalfWeekTripper, 6923a2d1da1ed730a270dc399fa91d56, /Attraction_Review-g274873-d298648-Reviews-Preseren_Square-Ljubljana_Upper_Carniola_Region.html
Preseren Square, 15, 189, Points of Interest & Landmarks & Points of Interest & Landmarks, Europe & Slovenia & Upper Carniola Region & Ljubljana & Things to Do in Ljubljana, 4.5, 46.051334, 14.506147, 675397001, 20190501, 20190401, 5.0, lutakmoj, /Profile/lutakmoj, e32fed702ceadad6c648f4c2067f2a05, /Attraction_Review-g274873-d298648-Reviews-Preseren_Square-Ljubljana_Upper_Carniola_Region.html
