review_location_name, review_current_page, review_last_page, review_location_type, review_location_breadcrumbs, review_location_rate, location_lat, location_lng, review_id, review_date, review_experience_date, review_rate, user_name, user_link, user_id, parent_url
Park vojaske zgodovine Pivka, 6, 7, Specialty Museums & Specialty Museums, Europe & Slovenia & Inner Carniola Region & Pivka & Things to Do in Pivka, 4.5, 45.668262, 14.188231, 411922586, 20160801, 20160801, 4.0, amicum, /Profile/amicum, bd19e27f0973ba90bc0fb642e977368b, /Attraction_Review-g1887828-d4788028-Reviews-Park_vojaske_zgodovine_Pivka-Pivka_Inner_Carniola_Region.html
Park vojaske zgodovine Pivka, 6, 7, Specialty Museums & Specialty Museums, Europe & Slovenia & Inner Carniola Region & Pivka & Things to Do in Pivka, 4.5, 45.668262, 14.188231, 405370290, 20160801, 20160801, 5.0, SM1914, /Profile/SM1914, 5f558acf14396ff8eca63581f8aadc32, /Attraction_Review-g1887828-d4788028-Reviews-Park_vojaske_zgodovine_Pivka-Pivka_Inner_Carniola_Region.html
Park vojaske zgodovine Pivka, 6, 7, Specialty Museums & Specialty Museums, Europe & Slovenia & Inner Carniola Region & Pivka & Things to Do in Pivka, 4.5, 45.668262, 14.188231, 384065826, 20160601, 20160601, 2.0, anehom, /Profile/anehom, 8c5b485fdbc39958a214cfe3a5a72c63, /Attraction_Review-g1887828-d4788028-Reviews-Park_vojaske_zgodovine_Pivka-Pivka_Inner_Carniola_Region.html
Park vojaske zgodovine Pivka, 6, 7, Specialty Museums & Specialty Museums, Europe & Slovenia & Inner Carniola Region & Pivka & Things to Do in Pivka, 4.5, 45.668262, 14.188231, 345559163, 20160201, 20160201, 4.0, Boštjan J, /Profile/bo_tjanj203, 64ebd0dae31732c98e19938595185f21, /Attraction_Review-g1887828-d4788028-Reviews-Park_vojaske_zgodovine_Pivka-Pivka_Inner_Carniola_Region.html
Park vojaske zgodovine Pivka, 6, 7, Specialty Museums & Specialty Museums, Europe & Slovenia & Inner Carniola Region & Pivka & Things to Do in Pivka, 4.5, 45.668262, 14.188231, 330272792, 20151201, 20151001, 4.0, izif_37, /Profile/izif_37, 3e8ae1f79ba2f75677a8a526029da2fa, /Attraction_Review-g1887828-d4788028-Reviews-Park_vojaske_zgodovine_Pivka-Pivka_Inner_Carniola_Region.html
