review_location_name, review_current_page, review_last_page, review_location_type, review_location_breadcrumbs, review_location_rate, location_lat, location_lng, review_id, review_date, review_experience_date, review_rate, user_name, user_link, user_id, parent_url
Old Square (Stari trg), 10, 23, Points of Interest & Landmarks & Points of Interest & Landmarks, Europe & Slovenia & Upper Carniola Region & Ljubljana & Things to Do in Ljubljana, 4.0, 46.04687, 14.50699, 528244178, 20170901, 20170901, 4.0, Vandieman111, /Profile/Vandieman111, 0710b8f99630c45db930fc4001720d1e, /Attraction_Review-g274873-d276331-Reviews-Old_Square_Stari_trg-Ljubljana_Upper_Carniola_Region.html
Old Square (Stari trg), 10, 23, Points of Interest & Landmarks & Points of Interest & Landmarks, Europe & Slovenia & Upper Carniola Region & Ljubljana & Things to Do in Ljubljana, 4.0, 46.04687, 14.50699, 525440144, 20170901, 20170901, 5.0, Gidons51, /Profile/Gidons51, e7f6dc46b19a62e61320d8c67e243e0b, /Attraction_Review-g274873-d276331-Reviews-Old_Square_Stari_trg-Ljubljana_Upper_Carniola_Region.html
Old Square (Stari trg), 10, 23, Points of Interest & Landmarks & Points of Interest & Landmarks, Europe & Slovenia & Upper Carniola Region & Ljubljana & Things to Do in Ljubljana, 4.0, 46.04687, 14.50699, 524375680, 20170901, 20170901, 5.0, Kateřina Š, /Profile/224kate_ina_, 1f5a949e33ef4e00bdbd5a161e8612c6, /Attraction_Review-g274873-d276331-Reviews-Old_Square_Stari_trg-Ljubljana_Upper_Carniola_Region.html
Old Square (Stari trg), 10, 23, Points of Interest & Landmarks & Points of Interest & Landmarks, Europe & Slovenia & Upper Carniola Region & Ljubljana & Things to Do in Ljubljana, 4.0, 46.04687, 14.50699, 522693092, 20170901, 20170901, 5.0, Pepper, /Profile/couplessPS, 67df96b4e2964ac373d902184efc9232, /Attraction_Review-g274873-d276331-Reviews-Old_Square_Stari_trg-Ljubljana_Upper_Carniola_Region.html
Old Square (Stari trg), 10, 23, Points of Interest & Landmarks & Points of Interest & Landmarks, Europe & Slovenia & Upper Carniola Region & Ljubljana & Things to Do in Ljubljana, 4.0, 46.04687, 14.50699, 514204020, 20170801, 20170601, 4.0, Aleksandar, /Profile/a1eksandar, 5a9fbede69527a338a1e714c8e667640, /Attraction_Review-g274873-d276331-Reviews-Old_Square_Stari_trg-Ljubljana_Upper_Carniola_Region.html
