review_location_name, review_current_page, review_last_page, review_location_type, review_location_breadcrumbs, review_location_rate, location_lat, location_lng, review_id, review_date, review_experience_date, review_rate, user_name, user_link, user_id, parent_url
River Ljubljanica Kanal, 100, 104, Bodies of Water & Bodies of Water, Europe & Slovenia & Upper Carniola Region & Ljubljana & Things to Do in Ljubljana, 4.5, 46.050674, 14.50583, 181559258, 20131001, 20131001, 5.0, MelbSur, /Profile/MelbSur, c3c27fa93f0a9edf1b089fe81208eb42, /Attraction_Review-g274873-d555572-Reviews-River_Ljubljanica_Kanal-Ljubljana_Upper_Carniola_Region.html
River Ljubljanica Kanal, 100, 104, Bodies of Water & Bodies of Water, Europe & Slovenia & Upper Carniola Region & Ljubljana & Things to Do in Ljubljana, 4.5, 46.050674, 14.50583, 181208805, 20131001, 20130501, 4.0, Tina K, /Profile/TinaK225, af635c6f55cf202f106d4c9bc16ab4b1, /Attraction_Review-g274873-d555572-Reviews-River_Ljubljanica_Kanal-Ljubljana_Upper_Carniola_Region.html
River Ljubljanica Kanal, 100, 104, Bodies of Water & Bodies of Water, Europe & Slovenia & Upper Carniola Region & Ljubljana & Things to Do in Ljubljana, 4.5, 46.050674, 14.50583, 175404166, 20130901, 20130701, 5.0, suzkenbishop, /Profile/suzkenbishop, 6de3a6fd4df856aacae5c4ae3843827d, /Attraction_Review-g274873-d555572-Reviews-River_Ljubljanica_Kanal-Ljubljana_Upper_Carniola_Region.html
River Ljubljanica Kanal, 100, 104, Bodies of Water & Bodies of Water, Europe & Slovenia & Upper Carniola Region & Ljubljana & Things to Do in Ljubljana, 4.5, 46.050674, 14.50583, 173181225, 20130801, 20130801, 4.0, LadybirdOrMarieta, /Profile/LadybirdOrMarieta, 6a90f1b4f0c0d27d3f22196d3c75c4e8, /Attraction_Review-g274873-d555572-Reviews-River_Ljubljanica_Kanal-Ljubljana_Upper_Carniola_Region.html
River Ljubljanica Kanal, 100, 104, Bodies of Water & Bodies of Water, Europe & Slovenia & Upper Carniola Region & Ljubljana & Things to Do in Ljubljana, 4.5, 46.050674, 14.50583, 170685514, 20130801, 20130801, 5.0, dany s, /Profile/danys813, 4d4d53d81ea916fa9cf2ca0ddc3a58d4, /Attraction_Review-g274873-d555572-Reviews-River_Ljubljanica_Kanal-Ljubljana_Upper_Carniola_Region.html
