review_location_name, review_current_page, review_last_page, review_location_type, review_location_breadcrumbs, review_location_rate, location_lat, location_lng, review_id, review_date, review_experience_date, review_rate, user_name, user_link, user_id, parent_url
Terme Olimia, 26, 39, Spas & Spas, Europe & Slovenia & Styria Region & Podcetrtek & Things to Do in Podcetrtek, 4.5, 46.1567, 15.606405, 337550603, 20160101, 20150201, 5.0, SlobodankaM, /Profile/SlobodankaM, 28ddbe2a1a2eb0737b2b54db41f592a0, /Attraction_Review-g1057702-d2230658-Reviews-Terme_Olimia-Podcetrtek_Styria_Region.html
Terme Olimia, 26, 39, Spas & Spas, Europe & Slovenia & Styria Region & Podcetrtek & Things to Do in Podcetrtek, 4.5, 46.1567, 15.606405, 333991536, 20151201, 20151201, 5.0, Marjan, /Profile/Ellinofil, 50610129bf3ad50752bcb3511797490f, /Attraction_Review-g1057702-d2230658-Reviews-Terme_Olimia-Podcetrtek_Styria_Region.html
Terme Olimia, 26, 39, Spas & Spas, Europe & Slovenia & Styria Region & Podcetrtek & Things to Do in Podcetrtek, 4.5, 46.1567, 15.606405, 333869275, 20151201, 20150901, 5.0, Jošt B, /Profile/jo_tb2014, a6545d085ff464d48bc9af0e3a20830a, /Attraction_Review-g1057702-d2230658-Reviews-Terme_Olimia-Podcetrtek_Styria_Region.html
Terme Olimia, 26, 39, Spas & Spas, Europe & Slovenia & Styria Region & Podcetrtek & Things to Do in Podcetrtek, 4.5, 46.1567, 15.606405, 332617843, 20151201, 20151001, 5.0, Sara Č, /Profile/511sara_, dd6f2603a87a2820d9da8280942a8b39, /Attraction_Review-g1057702-d2230658-Reviews-Terme_Olimia-Podcetrtek_Styria_Region.html
Terme Olimia, 26, 39, Spas & Spas, Europe & Slovenia & Styria Region & Podcetrtek & Things to Do in Podcetrtek, 4.5, 46.1567, 15.606405, 332293868, 20151201, 20151201, 5.0, Jernej K, /Profile/JernejK10, 9db9c0402fb518673bd39a2726b850c3, /Attraction_Review-g1057702-d2230658-Reviews-Terme_Olimia-Podcetrtek_Styria_Region.html
