review_location_name, review_current_page, review_last_page, review_location_type, review_location_breadcrumbs, review_location_rate, location_lat, location_lng, review_id, review_date, review_experience_date, review_rate, user_name, user_link, user_id, parent_url
Town Hall (Magistrat), 20, 32, Government Buildings & Government Buildings, Europe & Slovenia & Upper Carniola Region & Ljubljana & Things to Do in Ljubljana, 4.0, 46.04983, 14.50693, 383584678, 20160601, 20160601, 4.0, barbara115de, /Profile/barbara115de, f7dbc1dd52d35297503e317f6425d7f0, /Attraction_Review-g274873-d276323-Reviews-Town_Hall_Magistrat-Ljubljana_Upper_Carniola_Region.html
Town Hall (Magistrat), 20, 32, Government Buildings & Government Buildings, Europe & Slovenia & Upper Carniola Region & Ljubljana & Things to Do in Ljubljana, 4.0, 46.04983, 14.50693, 382567608, 20160601, 20160601, 5.0, Feenixwest, /Profile/Feenixwest, 959fd83a5eb03ac54a558dbbb88d81b9, /Attraction_Review-g274873-d276323-Reviews-Town_Hall_Magistrat-Ljubljana_Upper_Carniola_Region.html
Town Hall (Magistrat), 20, 32, Government Buildings & Government Buildings, Europe & Slovenia & Upper Carniola Region & Ljubljana & Things to Do in Ljubljana, 4.0, 46.04983, 14.50693, 382550895, 20160601, 20160501, 4.0, twistedsister61, /Profile/twistedsister61, d1061adf3b3e28a45888563d3c3dd539, /Attraction_Review-g274873-d276323-Reviews-Town_Hall_Magistrat-Ljubljana_Upper_Carniola_Region.html
Town Hall (Magistrat), 20, 32, Government Buildings & Government Buildings, Europe & Slovenia & Upper Carniola Region & Ljubljana & Things to Do in Ljubljana, 4.0, 46.04983, 14.50693, 374897742, 20160501, 20160501, 5.0, Serhatsk, /Profile/Serhatsk, cb5604842cbaf8f4b8d263aa65e260be, /Attraction_Review-g274873-d276323-Reviews-Town_Hall_Magistrat-Ljubljana_Upper_Carniola_Region.html
Town Hall (Magistrat), 20, 32, Government Buildings & Government Buildings, Europe & Slovenia & Upper Carniola Region & Ljubljana & Things to Do in Ljubljana, 4.0, 46.04983, 14.50693, 372464909, 20160501, 20160501, 4.0, zippy4star, /Profile/zippy4star, 1175a42f388008c1701d311f0624b172, /Attraction_Review-g274873-d276323-Reviews-Town_Hall_Magistrat-Ljubljana_Upper_Carniola_Region.html
