review_location_name, review_current_page, review_last_page, review_location_type, review_location_breadcrumbs, review_location_rate, location_lat, location_lng, review_id, review_date, review_experience_date, review_rate, user_name, user_link, user_id, parent_url
Old Vine House, 8, 29, Specialty Museums & Specialty Museums, Europe & Slovenia & Styria Region & Maribor & Things to Do in Maribor, 4.5, 46.556717, 15.644183, 603220019, 20180801, 20180801, 5.0, Ben T, /Profile/bentW724ZL, c51694dfdcd2120fc7ba97a222a4bc66, /Attraction_Review-g274874-d7390126-Reviews-Old_Vine_House-Maribor_Styria_Region.html
Old Vine House, 8, 29, Specialty Museums & Specialty Museums, Europe & Slovenia & Styria Region & Maribor & Things to Do in Maribor, 4.5, 46.556717, 15.644183, 597083834, 20180701, 20180701, 4.0, HarishGM, /Profile/HarishGM, d7c16d2c5b258126708e5cce047b4d2c, /Attraction_Review-g274874-d7390126-Reviews-Old_Vine_House-Maribor_Styria_Region.html
Old Vine House, 8, 29, Specialty Museums & Specialty Museums, Europe & Slovenia & Styria Region & Maribor & Things to Do in Maribor, 4.5, 46.556717, 15.644183, 595679863, 20180701, 20180701, 3.0, Mark Vandael, /Profile/Mark_Vandael, ee440bd754fb54b239d19c7a491ec27f, /Attraction_Review-g274874-d7390126-Reviews-Old_Vine_House-Maribor_Styria_Region.html
Old Vine House, 8, 29, Specialty Museums & Specialty Museums, Europe & Slovenia & Styria Region & Maribor & Things to Do in Maribor, 4.5, 46.556717, 15.644183, 594129711, 20180701, 20180701, 4.0, j p, /Profile/314jp, 68124f5d94a790c53231616d72ef5fb6, /Attraction_Review-g274874-d7390126-Reviews-Old_Vine_House-Maribor_Styria_Region.html
Old Vine House, 8, 29, Specialty Museums & Specialty Museums, Europe & Slovenia & Styria Region & Maribor & Things to Do in Maribor, 4.5, 46.556717, 15.644183, 589924278, 20180601, 20180601, 5.0, Laura_Conheady, /Profile/Laura_Conheady, 32d6b9b2ea6f36f2c3f4f4cab2db780d, /Attraction_Review-g274874-d7390126-Reviews-Old_Vine_House-Maribor_Styria_Region.html
