review_location_name, review_current_page, review_last_page, review_location_type, review_location_breadcrumbs, review_location_rate, location_lat, location_lng, review_id, review_date, review_experience_date, review_rate, user_name, user_link, user_id, parent_url
Ljubljana Old Town, 126, 824, Neighborhoods & Neighborhoods, Europe & Slovenia & Upper Carniola Region & Ljubljana & Things to Do in Ljubljana, 4.5, 46.051033, 14.506317, 621204487, 20181001, 20180901, 5.0, Achitofel, /Profile/Achitofel, 75ed02d970a51b095bce78accf96292c, /Attraction_Review-g274873-d298666-Reviews-Ljubljana_Old_Town-Ljubljana_Upper_Carniola_Region.html
Ljubljana Old Town, 126, 824, Neighborhoods & Neighborhoods, Europe & Slovenia & Upper Carniola Region & Ljubljana & Things to Do in Ljubljana, 4.5, 46.051033, 14.506317, 621167172, 20181001, 20180901, 5.0, Mike S, /Profile/mikesS8405LJ, 680ff379b7022a9f57c9d2e52a8c1d28, /Attraction_Review-g274873-d298666-Reviews-Ljubljana_Old_Town-Ljubljana_Upper_Carniola_Region.html
Ljubljana Old Town, 126, 824, Neighborhoods & Neighborhoods, Europe & Slovenia & Upper Carniola Region & Ljubljana & Things to Do in Ljubljana, 4.5, 46.051033, 14.506317, 621087659, 20181001, 20180901, 5.0, Vram J, /Profile/vramj, c6d3702109dc7698b59a8748e68f6133, /Attraction_Review-g274873-d298666-Reviews-Ljubljana_Old_Town-Ljubljana_Upper_Carniola_Region.html
Ljubljana Old Town, 126, 824, Neighborhoods & Neighborhoods, Europe & Slovenia & Upper Carniola Region & Ljubljana & Things to Do in Ljubljana, 4.5, 46.051033, 14.506317, 621046272, 20181001, 20180901, 4.0, Talented49, /Profile/Talented49, 73a1a8f5c0fba570b631c504e3c29f33, /Attraction_Review-g274873-d298666-Reviews-Ljubljana_Old_Town-Ljubljana_Upper_Carniola_Region.html
Ljubljana Old Town, 126, 824, Neighborhoods & Neighborhoods, Europe & Slovenia & Upper Carniola Region & Ljubljana & Things to Do in Ljubljana, 4.5, 46.051033, 14.506317, 620965717, 20181001, 20181001, 5.0, rob1764, /Profile/rob1764, f43b0b0a6733d8eb991fa468cb0c650f, /Attraction_Review-g274873-d298666-Reviews-Ljubljana_Old_Town-Ljubljana_Upper_Carniola_Region.html
