review_location_name, review_current_page, review_last_page, review_location_type, review_location_breadcrumbs, review_location_rate, location_lat, location_lng, review_id, review_date, review_experience_date, review_rate, user_name, user_link, user_id, parent_url
Waterfall Savica, 66, 97, Waterfalls & Waterfalls, Europe & Slovenia & Upper Carniola Region & Bohinjsko Jezero & Things to Do in Bohinjsko Jezero, 4.0, 46.29278, 13.797342, 307273191, 20150901, 20150901, 5.0, AdamHoleksa, /Profile/AdamHoleksa, 018e98a08c74429b662fba3ac2d726e4, /Attraction_Review-g274865-d1848881-Reviews-Waterfall_Savica-Bohinjsko_Jezero_Upper_Carniola_Region.html
Waterfall Savica, 66, 97, Waterfalls & Waterfalls, Europe & Slovenia & Upper Carniola Region & Bohinjsko Jezero & Things to Do in Bohinjsko Jezero, 4.0, 46.29278, 13.797342, 306976227, 20150901, 20150401, 4.0, irenakosic, /Profile/irenakosic, 022343eda812c2c3557e340817317fff, /Attraction_Review-g274865-d1848881-Reviews-Waterfall_Savica-Bohinjsko_Jezero_Upper_Carniola_Region.html
Waterfall Savica, 66, 97, Waterfalls & Waterfalls, Europe & Slovenia & Upper Carniola Region & Bohinjsko Jezero & Things to Do in Bohinjsko Jezero, 4.0, 46.29278, 13.797342, 306707407, 20150901, 20150601, 5.0, Tia Z, /Profile/362tiaz, fd79811543191496ed07912ed8a584ea, /Attraction_Review-g274865-d1848881-Reviews-Waterfall_Savica-Bohinjsko_Jezero_Upper_Carniola_Region.html
Waterfall Savica, 66, 97, Waterfalls & Waterfalls, Europe & Slovenia & Upper Carniola Region & Bohinjsko Jezero & Things to Do in Bohinjsko Jezero, 4.0, 46.29278, 13.797342, 305248928, 20150801, 20150701, 5.0, ian b, /Profile/jandibroon, 9f6f27ed410a1a4c99fb300e0e604159, /Attraction_Review-g274865-d1848881-Reviews-Waterfall_Savica-Bohinjsko_Jezero_Upper_Carniola_Region.html
Waterfall Savica, 66, 97, Waterfalls & Waterfalls, Europe & Slovenia & Upper Carniola Region & Bohinjsko Jezero & Things to Do in Bohinjsko Jezero, 4.0, 46.29278, 13.797342, 305183143, 20150801, 20150801, 5.0, Tom H, /Profile/526thomash, 8189286f77ba638b684b52a1ba0fab52, /Attraction_Review-g274865-d1848881-Reviews-Waterfall_Savica-Bohinjsko_Jezero_Upper_Carniola_Region.html
