review_location_name, review_current_page, review_last_page, review_location_type, review_location_breadcrumbs, review_location_rate, location_lat, location_lng, review_id, review_date, review_experience_date, review_rate, user_name, user_link, user_id, parent_url
Dragon Bridge (Zmajski Most), 168, 229, Bridges & Bridges, Europe & Slovenia & Upper Carniola Region & Ljubljana & Things to Do in Ljubljana, 4.0, 46.05494, 14.51103, 306770639, 20150901, 20150901, 4.0, Oliver S, /Profile/OliverS934, f5a71e5d5a1b8a03322005bc76739657, /Attraction_Review-g274873-d276337-Reviews-Dragon_Bridge_Zmajski_Most-Ljubljana_Upper_Carniola_Region.html
Dragon Bridge (Zmajski Most), 168, 229, Bridges & Bridges, Europe & Slovenia & Upper Carniola Region & Ljubljana & Things to Do in Ljubljana, 4.0, 46.05494, 14.51103, 305759390, 20150901, 20150701, 5.0, Bethany C, /Profile/848bethanyc, 16c594c84ccabf50b186e717a2b98bb8, /Attraction_Review-g274873-d276337-Reviews-Dragon_Bridge_Zmajski_Most-Ljubljana_Upper_Carniola_Region.html
Dragon Bridge (Zmajski Most), 168, 229, Bridges & Bridges, Europe & Slovenia & Upper Carniola Region & Ljubljana & Things to Do in Ljubljana, 4.0, 46.05494, 14.51103, 305593462, 20150901, 20150801, 5.0, aviator111, /Profile/aviator111, cfe7e8c1dbbff17aceba27e52d8810fd, /Attraction_Review-g274873-d276337-Reviews-Dragon_Bridge_Zmajski_Most-Ljubljana_Upper_Carniola_Region.html
Dragon Bridge (Zmajski Most), 168, 229, Bridges & Bridges, Europe & Slovenia & Upper Carniola Region & Ljubljana & Things to Do in Ljubljana, 4.0, 46.05494, 14.51103, 305493119, 20150801, 20150801, 3.0, xxapmc, /Profile/xxapmc, d1d64d167f4b7c0780cee773091662f9, /Attraction_Review-g274873-d276337-Reviews-Dragon_Bridge_Zmajski_Most-Ljubljana_Upper_Carniola_Region.html
Dragon Bridge (Zmajski Most), 168, 229, Bridges & Bridges, Europe & Slovenia & Upper Carniola Region & Ljubljana & Things to Do in Ljubljana, 4.0, 46.05494, 14.51103, 304922842, 20150801, 20150801, 5.0, mixalisaltous, /Profile/mixalisaltous, 3fa9693e15bc66b06727042c4d63b0b4, /Attraction_Review-g274873-d276337-Reviews-Dragon_Bridge_Zmajski_Most-Ljubljana_Upper_Carniola_Region.html
