review_location_name, review_current_page, review_last_page, review_location_type, review_location_breadcrumbs, review_location_rate, location_lat, location_lng, review_id, review_date, review_experience_date, review_rate, user_name, user_link, user_id, parent_url
Bled Island, 209, 317, Architectural Buildings & Islands & Sacred & Religious Sites & Architectural Buildings & Islands & Sacred & Religious Sites, Europe & Slovenia & Upper Carniola Region & Bled & Things to Do in Bled, 4.5, 46.362083, 14.090144, 306303878, 20150901, 20150801, 5.0, JessicaField_, /Profile/JessicaField_, 83540e584d4ea7fef34449b28b76e1f3, /Attraction_Review-g274863-d317378-Reviews-Bled_Island-Bled_Upper_Carniola_Region.html
Bled Island, 209, 317, Architectural Buildings & Islands & Sacred & Religious Sites & Architectural Buildings & Islands & Sacred & Religious Sites, Europe & Slovenia & Upper Carniola Region & Bled & Things to Do in Bled, 4.5, 46.362083, 14.090144, 306253996, 20150901, 20150801, 3.0, bizzielizzie55, /Profile/bizzielizzie55, 7e7f41dc465b8d8d11e90fa9ae763c2c, /Attraction_Review-g274863-d317378-Reviews-Bled_Island-Bled_Upper_Carniola_Region.html
Bled Island, 209, 317, Architectural Buildings & Islands & Sacred & Religious Sites & Architectural Buildings & Islands & Sacred & Religious Sites, Europe & Slovenia & Upper Carniola Region & Bled & Things to Do in Bled, 4.5, 46.362083, 14.090144, 306179024, 20150901, 20150801, 5.0, Soccca, /Profile/Soccca, 87f0e84075bcba162ef575436422c4e7, /Attraction_Review-g274863-d317378-Reviews-Bled_Island-Bled_Upper_Carniola_Region.html
Bled Island, 209, 317, Architectural Buildings & Islands & Sacred & Religious Sites & Architectural Buildings & Islands & Sacred & Religious Sites, Europe & Slovenia & Upper Carniola Region & Bled & Things to Do in Bled, 4.5, 46.362083, 14.090144, 306140160, 20150901, 20150701, 5.0, alldayidreamoftravel, /Profile/alldayidreamoftravel, 29952f25f3c486c74c0133334dd14aa6, /Attraction_Review-g274863-d317378-Reviews-Bled_Island-Bled_Upper_Carniola_Region.html
Bled Island, 209, 317, Architectural Buildings & Islands & Sacred & Religious Sites & Architectural Buildings & Islands & Sacred & Religious Sites, Europe & Slovenia & Upper Carniola Region & Bled & Things to Do in Bled, 4.5, 46.362083, 14.090144, 306130896, 20150901, 20150801, 4.0, CanberraJenny, /Profile/CanberraJenny, 4d2b25dc2646c203714c3cfab1ef485e, /Attraction_Review-g274863-d317378-Reviews-Bled_Island-Bled_Upper_Carniola_Region.html
