review_location_name, review_current_page, review_last_page, review_location_type, review_location_breadcrumbs, review_location_rate, location_lat, location_lng, review_id, review_date, review_experience_date, review_rate, user_name, user_link, user_id, parent_url
Quecksilberbergwerk Idrija, 8, 16, Historic Sites & Educational sites & Mines & Historic Sites & Educational sites & Mines, Europe & Slovenia & Slovenian Littoral Region & Idrija & Things to Do in Idrija, 4.5, 45.99955, 14.02261, 438721063, 20161101, 20161101, 5.0, Kosirbostjan, /Profile/Kosirbostjan, 748baaa7ea91feba025278fab758f276, /Attraction_Review-g2177201-d3531348-Reviews-Quecksilberbergwerk_Idrija-Idrija_Slovenian_Littoral_Region.html
Quecksilberbergwerk Idrija, 8, 16, Historic Sites & Educational sites & Mines & Historic Sites & Educational sites & Mines, Europe & Slovenia & Slovenian Littoral Region & Idrija & Things to Do in Idrija, 4.5, 45.99955, 14.02261, 435409425, 20161101, 20161101, 5.0, AKAT99, /Profile/AKAT99, 4389fca0938d021c430176a78f8c475b, /Attraction_Review-g2177201-d3531348-Reviews-Quecksilberbergwerk_Idrija-Idrija_Slovenian_Littoral_Region.html
Quecksilberbergwerk Idrija, 8, 16, Historic Sites & Educational sites & Mines & Historic Sites & Educational sites & Mines, Europe & Slovenia & Slovenian Littoral Region & Idrija & Things to Do in Idrija, 4.5, 45.99955, 14.02261, 433526539, 20161101, 20161001, 5.0, Andrea C, /Profile/andreacX7484KF, e2f3126e49c83b8b00c7244b4a453b0c, /Attraction_Review-g2177201-d3531348-Reviews-Quecksilberbergwerk_Idrija-Idrija_Slovenian_Littoral_Region.html
Quecksilberbergwerk Idrija, 8, 16, Historic Sites & Educational sites & Mines & Historic Sites & Educational sites & Mines, Europe & Slovenia & Slovenian Littoral Region & Idrija & Things to Do in Idrija, 4.5, 45.99955, 14.02261, 417039721, 20160901, 20160901, 3.0, Pete W, /Profile/280petew, ac4947997a559d2e10c6d9e8985c17b0, /Attraction_Review-g2177201-d3531348-Reviews-Quecksilberbergwerk_Idrija-Idrija_Slovenian_Littoral_Region.html
Quecksilberbergwerk Idrija, 8, 16, Historic Sites & Educational sites & Mines & Historic Sites & Educational sites & Mines, Europe & Slovenia & Slovenian Littoral Region & Idrija & Things to Do in Idrija, 4.5, 45.99955, 14.02261, 412529324, 20160801, 20160801, 5.0, One Chop, /Profile/OneChop, 2524d31bb9bebab98cf8fa99d5fc2d9e, /Attraction_Review-g2177201-d3531348-Reviews-Quecksilberbergwerk_Idrija-Idrija_Slovenian_Littoral_Region.html
