review_location_name, review_current_page, review_last_page, review_location_type, review_location_breadcrumbs, review_location_rate, location_lat, location_lng, review_id, review_date, review_experience_date, review_rate, user_name, user_link, user_id, parent_url
Predjama Castle, 61, 243, Castles & Castles, Europe & Slovenia & Inner Carniola Region & Postojna & Things to Do in Postojna, 4.5, 45.81591, 14.126572, 601261720, 20180701, 20170801, 5.0, Arvid O, /Profile/arvidpcfl, e8c96ffb1e5442d9754b9f68df13d27e, /Attraction_Review-g274878-d277346-Reviews-Predjama_Castle-Postojna_Inner_Carniola_Region.html
Predjama Castle, 61, 243, Castles & Castles, Europe & Slovenia & Inner Carniola Region & Postojna & Things to Do in Postojna, 4.5, 45.81591, 14.126572, 600262370, 20180701, 20180701, 5.0, Connie S, /Profile/connieksmith, 3d0eead1900479436e3155f22d95f9b2, /Attraction_Review-g274878-d277346-Reviews-Predjama_Castle-Postojna_Inner_Carniola_Region.html
Predjama Castle, 61, 243, Castles & Castles, Europe & Slovenia & Inner Carniola Region & Postojna & Things to Do in Postojna, 4.5, 45.81591, 14.126572, 600052026, 20180701, 20180701, 5.0, ana_korsa, /Profile/ana_korsa, f407c727859aa8cccbd8aa6fa5a2d345, /Attraction_Review-g274878-d277346-Reviews-Predjama_Castle-Postojna_Inner_Carniola_Region.html
Predjama Castle, 61, 243, Castles & Castles, Europe & Slovenia & Inner Carniola Region & Postojna & Things to Do in Postojna, 4.5, 45.81591, 14.126572, 600047769, 20180701, 20180701, 4.0, a.suthers, /Profile/a_suthers, 8b3b794dfbfb8fa80245867782171bd9, /Attraction_Review-g274878-d277346-Reviews-Predjama_Castle-Postojna_Inner_Carniola_Region.html
Predjama Castle, 61, 243, Castles & Castles, Europe & Slovenia & Inner Carniola Region & Postojna & Things to Do in Postojna, 4.5, 45.81591, 14.126572, 599857393, 20180701, 20180701, 4.0, Cristina C, /Profile/cristinacS330JX, c2c5bb1b2f1f38c611fa3e915772f7a5, /Attraction_Review-g274878-d277346-Reviews-Predjama_Castle-Postojna_Inner_Carniola_Region.html
