review_location_name, review_current_page, review_last_page, review_location_type, review_location_breadcrumbs, review_location_rate, location_lat, location_lng, review_id, review_date, review_experience_date, review_rate, user_name, user_link, user_id, parent_url
Jelenov Greben, 7, 9, Gift & Specialty Shops & Gift & Specialty Shops, Europe & Slovenia & Styria Region & Podcetrtek & Things to Do in Podcetrtek, 4.5, 46.14698, 15.56045, 523354265, 20170901, 20170901, 4.0, mavrovich, /Profile/mavrovich, c1d6ede7471adf2ab7bb27b8cf69f4da, /Attraction_Review-g1057702-d11668498-Reviews-Jelenov_Greben-Podcetrtek_Styria_Region.html
Jelenov Greben, 7, 9, Gift & Specialty Shops & Gift & Specialty Shops, Europe & Slovenia & Styria Region & Podcetrtek & Things to Do in Podcetrtek, 4.5, 46.14698, 15.56045, 516043595, 20170801, 20170801, 5.0, Nastja H, /Profile/nastjah2015, c2338b9d41cea9a82df1be1e2dc649fa, /Attraction_Review-g1057702-d11668498-Reviews-Jelenov_Greben-Podcetrtek_Styria_Region.html
Jelenov Greben, 7, 9, Gift & Specialty Shops & Gift & Specialty Shops, Europe & Slovenia & Styria Region & Podcetrtek & Things to Do in Podcetrtek, 4.5, 46.14698, 15.56045, 493176962, 20170601, 20170601, 4.0, nefertari1313, /Profile/nefertari1313, 36e61f68b31ea8752b7c0fd880d6dea4, /Attraction_Review-g1057702-d11668498-Reviews-Jelenov_Greben-Podcetrtek_Styria_Region.html
Jelenov Greben, 7, 9, Gift & Specialty Shops & Gift & Specialty Shops, Europe & Slovenia & Styria Region & Podcetrtek & Things to Do in Podcetrtek, 4.5, 46.14698, 15.56045, 483474975, 20170501, 20170501, 3.0, slosilverflyer, /Profile/slosilverflyer, 46a39c024eba56e5d606c62d94c5261d, /Attraction_Review-g1057702-d11668498-Reviews-Jelenov_Greben-Podcetrtek_Styria_Region.html
Jelenov Greben, 7, 9, Gift & Specialty Shops & Gift & Specialty Shops, Europe & Slovenia & Styria Region & Podcetrtek & Things to Do in Podcetrtek, 4.5, 46.14698, 15.56045, 481311780, 20170501, 20160601, 3.0, Borut B, /Profile/borutb547, 5a63b3b1de4cb23a41b462ed5a2b5eea, /Attraction_Review-g1057702-d11668498-Reviews-Jelenov_Greben-Podcetrtek_Styria_Region.html
