review_location_name, review_current_page, review_last_page, review_location_type, review_location_breadcrumbs, review_location_rate, location_lat, location_lng, review_id, review_date, review_experience_date, review_rate, user_name, user_link, user_id, parent_url
Kozjak Waterfalls, 25, 54, Waterfalls & Waterfalls, Europe & Slovenia & Slovenian Littoral Region & Kobarid & Things to Do in Kobarid, 4.5, 46.26098, 13.59148, 486298672, 20170501, 20170501, 5.0, Charlotte V, /Profile/770charlottev, 6f30aa75d70ca9d308259c8925af465b, /Attraction_Review-g319788-d1746288-Reviews-Kozjak_Waterfalls-Kobarid_Slovenian_Littoral_Region.html
Kozjak Waterfalls, 25, 54, Waterfalls & Waterfalls, Europe & Slovenia & Slovenian Littoral Region & Kobarid & Things to Do in Kobarid, 4.5, 46.26098, 13.59148, 485944321, 20170501, 20170401, 5.0, Jason B, /Profile/577JasonB, ed21f0833313798b39a6d385f1cc326c, /Attraction_Review-g319788-d1746288-Reviews-Kozjak_Waterfalls-Kobarid_Slovenian_Littoral_Region.html
Kozjak Waterfalls, 25, 54, Waterfalls & Waterfalls, Europe & Slovenia & Slovenian Littoral Region & Kobarid & Things to Do in Kobarid, 4.5, 46.26098, 13.59148, 484654174, 20170501, 20170501, 5.0, spurgec, /Profile/spurgec, a8faacfec0bb77d74c62d1cf373454c6, /Attraction_Review-g319788-d1746288-Reviews-Kozjak_Waterfalls-Kobarid_Slovenian_Littoral_Region.html
Kozjak Waterfalls, 25, 54, Waterfalls & Waterfalls, Europe & Slovenia & Slovenian Littoral Region & Kobarid & Things to Do in Kobarid, 4.5, 46.26098, 13.59148, 483482422, 20170501, 20170501, 5.0, johanted, /Profile/johanted, 6544817bcb55e61a25d05eda732f3d99, /Attraction_Review-g319788-d1746288-Reviews-Kozjak_Waterfalls-Kobarid_Slovenian_Littoral_Region.html
Kozjak Waterfalls, 25, 54, Waterfalls & Waterfalls, Europe & Slovenia & Slovenian Littoral Region & Kobarid & Things to Do in Kobarid, 4.5, 46.26098, 13.59148, 482699704, 20170501, 20160701, 5.0, leoclab, /Profile/leoclab, 8b57cf4a62611489af306ebb9777c016, /Attraction_Review-g319788-d1746288-Reviews-Kozjak_Waterfalls-Kobarid_Slovenian_Littoral_Region.html
