review_location_name, review_current_page, review_last_page, review_location_type, review_location_breadcrumbs, review_location_rate, location_lat, location_lng, review_id, review_date, review_experience_date, review_rate, user_name, user_link, user_id, parent_url
Postojna Cave, 21, 475, Caverns & Caves & Caverns & Caves, Europe & Slovenia & Inner Carniola Region & Postojna & Things to Do in Postojna, 4.5, 45.78294, 14.204593, 713412646, 20190901, 20190901, 5.0, acorna, /Profile/acorna, 92d192deb56c5346a6f960c9929c096b, /Attraction_Review-g274878-d277348-Reviews-Postojna_Cave-Postojna_Inner_Carniola_Region.html
Postojna Cave, 21, 475, Caverns & Caves & Caverns & Caves, Europe & Slovenia & Inner Carniola Region & Postojna & Things to Do in Postojna, 4.5, 45.78294, 14.204593, 713323614, 20190901, 20190901, 5.0, Eidvile V, /Profile/Zaleilah, 5a09f8240906f25eda52020db4f0e1d1, /Attraction_Review-g274878-d277348-Reviews-Postojna_Cave-Postojna_Inner_Carniola_Region.html
Postojna Cave, 21, 475, Caverns & Caves & Caverns & Caves, Europe & Slovenia & Inner Carniola Region & Postojna & Things to Do in Postojna, 4.5, 45.78294, 14.204593, 712937219, 20190901, 20190901, 5.0, juliesmiff2018, /Profile/juliesmiff2018, b5ed52408b1175f10e24593a08761f05, /Attraction_Review-g274878-d277348-Reviews-Postojna_Cave-Postojna_Inner_Carniola_Region.html
Postojna Cave, 21, 475, Caverns & Caves & Caverns & Caves, Europe & Slovenia & Inner Carniola Region & Postojna & Things to Do in Postojna, 4.5, 45.78294, 14.204593, 712538557, 20190901, 20190901, 5.0, Richard, /Profile/richardng888, 2460f1a96cb062e9fc14b0ce2ea0fa1e, /Attraction_Review-g274878-d277348-Reviews-Postojna_Cave-Postojna_Inner_Carniola_Region.html
Postojna Cave, 21, 475, Caverns & Caves & Caverns & Caves, Europe & Slovenia & Inner Carniola Region & Postojna & Things to Do in Postojna, 4.5, 45.78294, 14.204593, 712466784, 20190901, 20190601, 5.0, Carolyn V, /Profile/Carolynv9, 5e1c26ee05ea40cbf9c2632bdaf67be4, /Attraction_Review-g274878-d277348-Reviews-Postojna_Cave-Postojna_Inner_Carniola_Region.html
