review_location_name, review_current_page, review_last_page, review_location_type, review_location_breadcrumbs, review_location_rate, location_lat, location_lng, review_id, review_date, review_experience_date, review_rate, user_name, user_link, user_id, parent_url
The Ljubljana Castle, 147, 761, Points of Interest & Landmarks & Castles & Points of Interest & Landmarks & Castles, Europe & Slovenia & Upper Carniola Region & Ljubljana & Things to Do in Ljubljana, 4.0, 46.04885, 14.50909, 602194366, 20180801, 20180701, 3.0, Nikki_CapeTown, /Profile/Nikki_CapeTown, a01b5ea3fb024d9ff516a38858b6b017, /Attraction_Review-g274873-d6924839-Reviews-The_Ljubljana_Castle-Ljubljana_Upper_Carniola_Region.html
The Ljubljana Castle, 147, 761, Points of Interest & Landmarks & Castles & Points of Interest & Landmarks & Castles, Europe & Slovenia & Upper Carniola Region & Ljubljana & Things to Do in Ljubljana, 4.0, 46.04885, 14.50909, 601500096, 20180701, 20180701, 4.0, Carly W, /Profile/cdigennaro, f04dbd7f7508b057edef6488e3a07995, /Attraction_Review-g274873-d6924839-Reviews-The_Ljubljana_Castle-Ljubljana_Upper_Carniola_Region.html
The Ljubljana Castle, 147, 761, Points of Interest & Landmarks & Castles & Points of Interest & Landmarks & Castles, Europe & Slovenia & Upper Carniola Region & Ljubljana & Things to Do in Ljubljana, 4.0, 46.04885, 14.50909, 601437835, 20180701, 20180701, 4.0, MariGWIlliams, /Profile/MariGWIlliams, 0817fdb9e5ca0926e1fb033cc2af796c, /Attraction_Review-g274873-d6924839-Reviews-The_Ljubljana_Castle-Ljubljana_Upper_Carniola_Region.html
The Ljubljana Castle, 147, 761, Points of Interest & Landmarks & Castles & Points of Interest & Landmarks & Castles, Europe & Slovenia & Upper Carniola Region & Ljubljana & Things to Do in Ljubljana, 4.0, 46.04885, 14.50909, 601392202, 20180701, 20180701, 4.0, Nana A, /Profile/858nanaa, 48de8adb5b43fce091a6241d4016664a, /Attraction_Review-g274873-d6924839-Reviews-The_Ljubljana_Castle-Ljubljana_Upper_Carniola_Region.html
The Ljubljana Castle, 147, 761, Points of Interest & Landmarks & Castles & Points of Interest & Landmarks & Castles, Europe & Slovenia & Upper Carniola Region & Ljubljana & Things to Do in Ljubljana, 4.0, 46.04885, 14.50909, 601287036, 20180701, 20170801, 5.0, aloitaly, /Profile/aloitaly, 03036c56f94335a43403ba01108e1e5c, /Attraction_Review-g274873-d6924839-Reviews-The_Ljubljana_Castle-Ljubljana_Upper_Carniola_Region.html
