review_location_name, review_current_page, review_last_page, review_location_type, review_location_breadcrumbs, review_location_rate, location_lat, location_lng, review_id, review_date, review_experience_date, review_rate, user_name, user_link, user_id, parent_url
Skofja Loka Castle & Museum, 2, 15, Castles & History Museums & Castles & History Museums, Europe & Slovenia & Upper Carniola Region & Skofja Loka & Things to Do in Skofja Loka, 4.0, 46.16529, 14.30529, 684739928, 20190601, 20190601, 4.0, RobertJE, /Profile/RobertJE, f7ff7b08ac0e78faab94dd21e0d151ba, /Attraction_Review-g608963-d3423353-Reviews-Skofja_Loka_Castle_Museum-Skofja_Loka_Upper_Carniola_Region.html
Skofja Loka Castle & Museum, 2, 15, Castles & History Museums & Castles & History Museums, Europe & Slovenia & Upper Carniola Region & Skofja Loka & Things to Do in Skofja Loka, 4.0, 46.16529, 14.30529, 684230827, 20190601, 20190601, 5.0, Cambridge Guru, /Profile/Davidm1961, 856c6bfb9b590f6c133265f2b82acb4f, /Attraction_Review-g608963-d3423353-Reviews-Skofja_Loka_Castle_Museum-Skofja_Loka_Upper_Carniola_Region.html
Skofja Loka Castle & Museum, 2, 15, Castles & History Museums & Castles & History Museums, Europe & Slovenia & Upper Carniola Region & Skofja Loka & Things to Do in Skofja Loka, 4.0, 46.16529, 14.30529, 674438851, 20190501, 20190501, 4.0, Moon, /Profile/Moonxia, 5597fdd5a36ffe766065889758fc9566, /Attraction_Review-g608963-d3423353-Reviews-Skofja_Loka_Castle_Museum-Skofja_Loka_Upper_Carniola_Region.html
Skofja Loka Castle & Museum, 2, 15, Castles & History Museums & Castles & History Museums, Europe & Slovenia & Upper Carniola Region & Skofja Loka & Things to Do in Skofja Loka, 4.0, 46.16529, 14.30529, 653703432, 20190201, 20190101, 5.0, Seren, /Profile/serenityserene, f40fb4fd4893d838defb61b3d38fbe55, /Attraction_Review-g608963-d3423353-Reviews-Skofja_Loka_Castle_Museum-Skofja_Loka_Upper_Carniola_Region.html
Skofja Loka Castle & Museum, 2, 15, Castles & History Museums & Castles & History Museums, Europe & Slovenia & Upper Carniola Region & Skofja Loka & Things to Do in Skofja Loka, 4.0, 46.16529, 14.30529, 651774132, 20190201, 20190101, 4.0, Zulhilmi, /Profile/zulhilmi1213, f535b6b7a29e99f33238db9d9226e492, /Attraction_Review-g608963-d3423353-Reviews-Skofja_Loka_Castle_Museum-Skofja_Loka_Upper_Carniola_Region.html
