review_location_name, review_current_page, review_last_page, review_location_type, review_location_breadcrumbs, review_location_rate, location_lat, location_lng, review_id, review_date, review_experience_date, review_rate, user_name, user_link, user_id, parent_url
Predjama Castle, 136, 243, Castles & Castles, Europe & Slovenia & Inner Carniola Region & Postojna & Things to Do in Postojna, 4.5, 45.81591, 14.126572, 417974834, 20160901, 20160801, 5.0, Bryan M, /Profile/560bryanm, 78bea5a6f03b981003fb4c0c7faf3d79, /Attraction_Review-g274878-d277346-Reviews-Predjama_Castle-Postojna_Inner_Carniola_Region.html
Predjama Castle, 136, 243, Castles & Castles, Europe & Slovenia & Inner Carniola Region & Postojna & Things to Do in Postojna, 4.5, 45.81591, 14.126572, 417541245, 20160901, 20160901, 4.0, fishlove, /Profile/fishlove, 4efc52e42d3e71f155fd1ab5f3eaa48e, /Attraction_Review-g274878-d277346-Reviews-Predjama_Castle-Postojna_Inner_Carniola_Region.html
Predjama Castle, 136, 243, Castles & Castles, Europe & Slovenia & Inner Carniola Region & Postojna & Things to Do in Postojna, 4.5, 45.81591, 14.126572, 416830373, 20160901, 20160901, 5.0, Stjepan R, /Profile/199stjepanr, fdf52b5b693d65b8729a61b91444eeb7, /Attraction_Review-g274878-d277346-Reviews-Predjama_Castle-Postojna_Inner_Carniola_Region.html
Predjama Castle, 136, 243, Castles & Castles, Europe & Slovenia & Inner Carniola Region & Postojna & Things to Do in Postojna, 4.5, 45.81591, 14.126572, 416247133, 20160901, 20160901, 4.0, John B, /Profile/johnbH8326RQ, 080de9b675c169a69e8a535de39a16cf, /Attraction_Review-g274878-d277346-Reviews-Predjama_Castle-Postojna_Inner_Carniola_Region.html
Predjama Castle, 136, 243, Castles & Castles, Europe & Slovenia & Inner Carniola Region & Postojna & Things to Do in Postojna, 4.5, 45.81591, 14.126572, 416025184, 20160901, 20160801, 4.0, Firas_rouissi, /Profile/Firas_rouissi, d3e79a6b667bd9f07f00926551dd78b2, /Attraction_Review-g274878-d277346-Reviews-Predjama_Castle-Postojna_Inner_Carniola_Region.html
