review_location_name, review_current_page, review_last_page, review_location_type, review_location_breadcrumbs, review_location_rate, location_lat, location_lng, review_id, review_date, review_experience_date, review_rate, user_name, user_link, user_id, parent_url
Skyscraper (Nebotičnik), 25, 58, Architectural Buildings & Observation Decks & Towers & Architectural Buildings & Observation Decks & Towers, Europe & Slovenia & Upper Carniola Region & Ljubljana & Things to Do in Ljubljana, 4.0, 46.05323, 14.50362, 553264713, 20180101, 20180101, 5.0, Gordon, /Profile/GORDONMI, 74399ee4555dd1184c2dd78da5d87c39, /Attraction_Review-g274873-d8382117-Reviews-Skyscraper_Neboticnik-Ljubljana_Upper_Carniola_Region.html
Skyscraper (Nebotičnik), 25, 58, Architectural Buildings & Observation Decks & Towers & Architectural Buildings & Observation Decks & Towers, Europe & Slovenia & Upper Carniola Region & Ljubljana & Things to Do in Ljubljana, 4.0, 46.05323, 14.50362, 547483498, 20171201, 20171201, 3.0, Marcus, /Profile/marcusm881, 104d57eb66c1ff70dd5a3763654a94e9, /Attraction_Review-g274873-d8382117-Reviews-Skyscraper_Neboticnik-Ljubljana_Upper_Carniola_Region.html
Skyscraper (Nebotičnik), 25, 58, Architectural Buildings & Observation Decks & Towers & Architectural Buildings & Observation Decks & Towers, Europe & Slovenia & Upper Carniola Region & Ljubljana & Things to Do in Ljubljana, 4.0, 46.05323, 14.50362, 536393532, 20171001, 20171001, 5.0, Alex C, /Profile/Mike_Alex_TheOne, f7ae4137f04ec49c83d01efe75421f7d, /Attraction_Review-g274873-d8382117-Reviews-Skyscraper_Neboticnik-Ljubljana_Upper_Carniola_Region.html
Skyscraper (Nebotičnik), 25, 58, Architectural Buildings & Observation Decks & Towers & Architectural Buildings & Observation Decks & Towers, Europe & Slovenia & Upper Carniola Region & Ljubljana & Things to Do in Ljubljana, 4.0, 46.05323, 14.50362, 535486909, 20171001, 20171001, 5.0, Stefan N, /Profile/177stefann, 3dd6fd77d884deab731b6c971edbe8cb, /Attraction_Review-g274873-d8382117-Reviews-Skyscraper_Neboticnik-Ljubljana_Upper_Carniola_Region.html
Skyscraper (Nebotičnik), 25, 58, Architectural Buildings & Observation Decks & Towers & Architectural Buildings & Observation Decks & Towers, Europe & Slovenia & Upper Carniola Region & Ljubljana & Things to Do in Ljubljana, 4.0, 46.05323, 14.50362, 534855574, 20171001, 20171001, 5.0, Richard A, /Profile/RichardF215, 55b789a7cd7fdba529fd37377ba6822e, /Attraction_Review-g274873-d8382117-Reviews-Skyscraper_Neboticnik-Ljubljana_Upper_Carniola_Region.html
