review_location_name, review_current_page, review_last_page, review_location_type, review_location_breadcrumbs, review_location_rate, location_lat, location_lng, review_id, review_date, review_experience_date, review_rate, user_name, user_link, user_id, parent_url
Lectarski Museum, 2, 3, Gift & Specialty Shops & Gift & Specialty Shops, Europe & Slovenia & Upper Carniola Region & Radovljica & Things to Do in Radovljica, 4.0, 46.340813, 14.175575, 662335651, 20190301, 20180401, 2.0, Chelsey G, /Profile/chelseyg878, 02838e168c5ea8b4ed5aa640f106dbc0, /Attraction_Review-g274879-d10758990-Reviews-Lectarski_Museum-Radovljica_Upper_Carniola_Region.html
Lectarski Museum, 2, 3, Gift & Specialty Shops & Gift & Specialty Shops, Europe & Slovenia & Upper Carniola Region & Radovljica & Things to Do in Radovljica, 4.0, 46.340813, 14.175575, 643568896, 20190101, 20190101, 3.0, Martin W, /Profile/209martinw, b3cac9985f21a25adc15188aa73ae397, /Attraction_Review-g274879-d10758990-Reviews-Lectarski_Museum-Radovljica_Upper_Carniola_Region.html
Lectarski Museum, 2, 3, Gift & Specialty Shops & Gift & Specialty Shops, Europe & Slovenia & Upper Carniola Region & Radovljica & Things to Do in Radovljica, 4.0, 46.340813, 14.175575, 625334427, 20181001, 20180901, 4.0, Globetrotter045, /Profile/Globetrotter045, 335ac9afd8adca380545be9d8a990761, /Attraction_Review-g274879-d10758990-Reviews-Lectarski_Museum-Radovljica_Upper_Carniola_Region.html
Lectarski Museum, 2, 3, Gift & Specialty Shops & Gift & Specialty Shops, Europe & Slovenia & Upper Carniola Region & Radovljica & Things to Do in Radovljica, 4.0, 46.340813, 14.175575, 617869557, 20180901, 20180601, 4.0, kormensandiego, /Profile/kormensandiego, 467b93f2f0ac080f740246ff92048835, /Attraction_Review-g274879-d10758990-Reviews-Lectarski_Museum-Radovljica_Upper_Carniola_Region.html
Lectarski Museum, 2, 3, Gift & Specialty Shops & Gift & Specialty Shops, Europe & Slovenia & Upper Carniola Region & Radovljica & Things to Do in Radovljica, 4.0, 46.340813, 14.175575, 601923986, 20180801, 20180501, 5.0, Gary H, /Profile/Jeeperz46, 145140f011236009d8d7de37878ab560, /Attraction_Review-g274879-d10758990-Reviews-Lectarski_Museum-Radovljica_Upper_Carniola_Region.html
