review_location_name, review_current_page, review_last_page, review_location_type, review_location_breadcrumbs, review_location_rate, location_lat, location_lng, review_id, review_date, review_experience_date, review_rate, user_name, user_link, user_id, parent_url
Church of St. George, 31, 41, Sacred & Religious Sites & Sacred & Religious Sites, Europe & Slovenia & Slovenian Littoral Region & Slovenian Istria & Piran & Things to Do in Piran, 4.5, 45.52936, 13.56843, 299884465, 20150801, 20150701, 5.0, Mark F, /Profile/markfI5635LG, ea8ccfe5339f291efd1eb2d5d026dd7e, /Attraction_Review-g274876-d2344931-Reviews-Church_of_St_George-Piran_Slovenian_Istria_Slovenian_Littoral_Region.html
Church of St. George, 31, 41, Sacred & Religious Sites & Sacred & Religious Sites, Europe & Slovenia & Slovenian Littoral Region & Slovenian Istria & Piran & Things to Do in Piran, 4.5, 45.52936, 13.56843, 299377110, 20150801, 20150701, 4.0, Helene I, /Profile/574helenei, a45e67d3c81be3b65016d17e97e104a5, /Attraction_Review-g274876-d2344931-Reviews-Church_of_St_George-Piran_Slovenian_Istria_Slovenian_Littoral_Region.html
Church of St. George, 31, 41, Sacred & Religious Sites & Sacred & Religious Sites, Europe & Slovenia & Slovenian Littoral Region & Slovenian Istria & Piran & Things to Do in Piran, 4.5, 45.52936, 13.56843, 295472196, 20150801, 20150801, 4.0, Tyler L, /Profile/TylerL652, 1d7156654a25ad3a4cf6c47dc34437ba, /Attraction_Review-g274876-d2344931-Reviews-Church_of_St_George-Piran_Slovenian_Istria_Slovenian_Littoral_Region.html
Church of St. George, 31, 41, Sacred & Religious Sites & Sacred & Religious Sites, Europe & Slovenia & Slovenian Littoral Region & Slovenian Istria & Piran & Things to Do in Piran, 4.5, 45.52936, 13.56843, 292110900, 20150701, 20150701, 4.0, NomadicTraveller7, /Profile/NomadicTraveller7, 2e2e0cd81f64b61e915eb79f677ad6b2, /Attraction_Review-g274876-d2344931-Reviews-Church_of_St_George-Piran_Slovenian_Istria_Slovenian_Littoral_Region.html
Church of St. George, 31, 41, Sacred & Religious Sites & Sacred & Religious Sites, Europe & Slovenia & Slovenian Littoral Region & Slovenian Istria & Piran & Things to Do in Piran, 4.5, 45.52936, 13.56843, 291012422, 20150701, 20150701, 5.0, 533debra, /Profile/533debra, 0696287bedab9eb904e1deb371a8d12f, /Attraction_Review-g274876-d2344931-Reviews-Church_of_St_George-Piran_Slovenian_Istria_Slovenian_Littoral_Region.html
