review_location_name, review_current_page, review_last_page, review_location_type, review_location_breadcrumbs, review_location_rate, location_lat, location_lng, review_id, review_date, review_experience_date, review_rate, user_name, user_link, user_id, parent_url
Gustarna, 1, 5, Gift & Specialty Shops & Gift & Specialty Shops, Europe & Slovenia & Inner Carniola Region & Postojna & Things to Do in Postojna, 4.5, 45.7744, 14.21066, 687917158, 20190701, 20190701, 5.0, Katarína Ď, /Profile/Quest715353, c894086317c3073e1bb3bc1e4b87b46e, /Attraction_Review-g274878-d10175612-Reviews-Gustarna-Postojna_Inner_Carniola_Region.html
Gustarna, 1, 5, Gift & Specialty Shops & Gift & Specialty Shops, Europe & Slovenia & Inner Carniola Region & Postojna & Things to Do in Postojna, 4.5, 45.7744, 14.21066, 677732647, 20190501, 20190501, 5.0, kencer, /Profile/kencer, dcb32af8450c101b46ff877dde0e1a9e, /Attraction_Review-g274878-d10175612-Reviews-Gustarna-Postojna_Inner_Carniola_Region.html
Gustarna, 1, 5, Gift & Specialty Shops & Gift & Specialty Shops, Europe & Slovenia & Inner Carniola Region & Postojna & Things to Do in Postojna, 4.5, 45.7744, 14.21066, 611631082, 20180801, 20180801, 5.0, Dario H, /Profile/43darioh, a25738bfccec8be2b5bf26f1f50c8d2c, /Attraction_Review-g274878-d10175612-Reviews-Gustarna-Postojna_Inner_Carniola_Region.html
Gustarna, 1, 5, Gift & Specialty Shops & Gift & Specialty Shops, Europe & Slovenia & Inner Carniola Region & Postojna & Things to Do in Postojna, 4.5, 45.7744, 14.21066, 595775607, 20180701, 20180701, 5.0, Mia M, /Profile/MiaM2091, b5770ac92e751fad48bccc1c69cb0d1a, /Attraction_Review-g274878-d10175612-Reviews-Gustarna-Postojna_Inner_Carniola_Region.html
Gustarna, 1, 5, Gift & Specialty Shops & Gift & Specialty Shops, Europe & Slovenia & Inner Carniola Region & Postojna & Things to Do in Postojna, 4.5, 45.7744, 14.21066, 576926636, 20180401, 20180401, 3.0, Multis, /Profile/Multis, ff46599c5b748af88c4143f77886e93a, /Attraction_Review-g274878-d10175612-Reviews-Gustarna-Postojna_Inner_Carniola_Region.html
