review_location_name, review_current_page, review_last_page, review_location_type, review_location_breadcrumbs, review_location_rate, location_lat, location_lng, review_id, review_date, review_experience_date, review_rate, user_name, user_link, user_id, parent_url
Lake Bled, 1018, 1061, Bodies of Water & Bodies of Water, Europe & Slovenia & Upper Carniola Region & Bled & Things to Do in Bled, 4.5, 46.36622, 14.10102, 136893635, 20120801, 20120701, 5.0, BunkyVA, /Profile/BunkyVA, f77930d7190dcc6a9f2b24b0a9c4387e, /Attraction_Review-g274863-d296735-Reviews-Lake_Bled-Bled_Upper_Carniola_Region.html
Lake Bled, 1018, 1061, Bodies of Water & Bodies of Water, Europe & Slovenia & Upper Carniola Region & Bled & Things to Do in Bled, 4.5, 46.36622, 14.10102, 136872166, 20120801, 20120701, 5.0, DublinSylvia, /Profile/DublinSylvia, cca3a55a657a63def85362225c238bf0, /Attraction_Review-g274863-d296735-Reviews-Lake_Bled-Bled_Upper_Carniola_Region.html
Lake Bled, 1018, 1061, Bodies of Water & Bodies of Water, Europe & Slovenia & Upper Carniola Region & Bled & Things to Do in Bled, 4.5, 46.36622, 14.10102, 136836619, 20120801, 20110901, 5.0, shirleyvan, /Profile/shirleyvan, c36d60563c0d003cf566fa8a05aa245e, /Attraction_Review-g274863-d296735-Reviews-Lake_Bled-Bled_Upper_Carniola_Region.html
Lake Bled, 1018, 1061, Bodies of Water & Bodies of Water, Europe & Slovenia & Upper Carniola Region & Bled & Things to Do in Bled, 4.5, 46.36622, 14.10102, 136815030, 20120801, 20120801, 5.0, MemoryMan, /Profile/MemoryMan, e91321ac6b0239ed0d73a030ce6f1cee, /Attraction_Review-g274863-d296735-Reviews-Lake_Bled-Bled_Upper_Carniola_Region.html
Lake Bled, 1018, 1061, Bodies of Water & Bodies of Water, Europe & Slovenia & Upper Carniola Region & Bled & Things to Do in Bled, 4.5, 46.36622, 14.10102, 136788991, 20120801, 20120701, 4.0, Vangriffondoor, /Profile/Vangriffondoor, c8b001e011759e275df45839aea41a5d, /Attraction_Review-g274863-d296735-Reviews-Lake_Bled-Bled_Upper_Carniola_Region.html
