review_location_name, review_current_page, review_last_page, review_location_type, review_location_breadcrumbs, review_location_rate, location_lat, location_lng, review_id, review_date, review_experience_date, review_rate, user_name, user_link, user_id, parent_url
Šmartno, 2, 12, Points of Interest & Landmarks & Points of Interest & Landmarks, Europe & Slovenia & Slovenian Littoral Region & Kojsko & Things to Do in Kojsko, 4.5, 46.00693, 13.5558, 682179721, 20190601, 20190501, 5.0, Shlomi T, /Profile/shlomit100, 9b4d288859cafbade76bb75c64e2cbbb, /Attraction_Review-g1826200-d5602306-Reviews-Smartno-Kojsko_Slovenian_Littoral_Region.html
Šmartno, 2, 12, Points of Interest & Landmarks & Points of Interest & Landmarks, Europe & Slovenia & Slovenian Littoral Region & Kojsko & Things to Do in Kojsko, 4.5, 46.00693, 13.5558, 674302091, 20190501, 20190501, 5.0, Nikki M, /Profile/nikkimY9354QO, a0544deb720577fdea27b29b69068862, /Attraction_Review-g1826200-d5602306-Reviews-Smartno-Kojsko_Slovenian_Littoral_Region.html
Šmartno, 2, 12, Points of Interest & Landmarks & Points of Interest & Landmarks, Europe & Slovenia & Slovenian Littoral Region & Kojsko & Things to Do in Kojsko, 4.5, 46.00693, 13.5558, 662346179, 20190301, 20190301, 5.0, Mija G, /Profile/mijagr, af9c676818c6c699b83b1265e241c2f8, /Attraction_Review-g1826200-d5602306-Reviews-Smartno-Kojsko_Slovenian_Littoral_Region.html
Šmartno, 2, 12, Points of Interest & Landmarks & Points of Interest & Landmarks, Europe & Slovenia & Slovenian Littoral Region & Kojsko & Things to Do in Kojsko, 4.5, 46.00693, 13.5558, 662040443, 20190301, 20190301, 5.0, AnnaS, /Profile/AnnaSakelli, b4f1529d422e5b3ae66de1b73155d13d, /Attraction_Review-g1826200-d5602306-Reviews-Smartno-Kojsko_Slovenian_Littoral_Region.html
Šmartno, 2, 12, Points of Interest & Landmarks & Points of Interest & Landmarks, Europe & Slovenia & Slovenian Littoral Region & Kojsko & Things to Do in Kojsko, 4.5, 46.00693, 13.5558, 651249857, 20190201, 20181101, 4.0, Miha P, /Profile/482mihap, abd2f9c2cd78a57d449f70cdffa1616b, /Attraction_Review-g1826200-d5602306-Reviews-Smartno-Kojsko_Slovenian_Littoral_Region.html
