review_location_name, review_current_page, review_last_page, review_location_type, review_location_breadcrumbs, review_location_rate, location_lat, location_lng, review_id, review_date, review_experience_date, review_rate, user_name, user_link, user_id, parent_url
Quecksilberbergwerk Idrija, 14, 16, Historic Sites & Educational sites & Mines & Historic Sites & Educational sites & Mines, Europe & Slovenia & Slovenian Littoral Region & Idrija & Things to Do in Idrija, 4.5, 45.99955, 14.02261, 210011231, 20140601, 20140601, 5.0, Avital2011, /Profile/Avital2011, c0a6aa9bd78b25cca4c44bbe29063b4d, /Attraction_Review-g2177201-d3531348-Reviews-Quecksilberbergwerk_Idrija-Idrija_Slovenian_Littoral_Region.html
Quecksilberbergwerk Idrija, 14, 16, Historic Sites & Educational sites & Mines & Historic Sites & Educational sites & Mines, Europe & Slovenia & Slovenian Littoral Region & Idrija & Things to Do in Idrija, 4.5, 45.99955, 14.02261, 209784909, 20140601, 20140601, 4.0, jv4649, /Profile/jv4649, db6b0373c3f3c35f3d9e40713b8aec82, /Attraction_Review-g2177201-d3531348-Reviews-Quecksilberbergwerk_Idrija-Idrija_Slovenian_Littoral_Region.html
Quecksilberbergwerk Idrija, 14, 16, Historic Sites & Educational sites & Mines & Historic Sites & Educational sites & Mines, Europe & Slovenia & Slovenian Littoral Region & Idrija & Things to Do in Idrija, 4.5, 45.99955, 14.02261, 178986644, 20130901, 20130901, 5.0, Alex-gad, /Profile/Alex-gad, fcfe3e381f048135568af263eaf26b56, /Attraction_Review-g2177201-d3531348-Reviews-Quecksilberbergwerk_Idrija-Idrija_Slovenian_Littoral_Region.html
Quecksilberbergwerk Idrija, 14, 16, Historic Sites & Educational sites & Mines & Historic Sites & Educational sites & Mines, Europe & Slovenia & Slovenian Littoral Region & Idrija & Things to Do in Idrija, 4.5, 45.99955, 14.02261, 178094393, 20130901, 20130901, 4.0, MJH161, /Profile/MJH161, b9fb4366777bc2376f589fa865bc7664, /Attraction_Review-g2177201-d3531348-Reviews-Quecksilberbergwerk_Idrija-Idrija_Slovenian_Littoral_Region.html
Quecksilberbergwerk Idrija, 14, 16, Historic Sites & Educational sites & Mines & Historic Sites & Educational sites & Mines, Europe & Slovenia & Slovenian Littoral Region & Idrija & Things to Do in Idrija, 4.5, 45.99955, 14.02261, 175661799, 20130901, 20121001, 4.0, Laterzman, /Profile/Laterzman, 5dc8ab65fa4e9b426435a2523d1251c5, /Attraction_Review-g2177201-d3531348-Reviews-Quecksilberbergwerk_Idrija-Idrija_Slovenian_Littoral_Region.html
