review_location_name, review_current_page, review_last_page, review_location_type, review_location_breadcrumbs, review_location_rate, location_lat, location_lng, review_id, review_date, review_experience_date, review_rate, user_name, user_link, user_id, parent_url
The Jakopic Gallery, None, None, Art Galleries & Art Galleries, Europe & Slovenia & Upper Carniola Region & Ljubljana & Things to Do in Ljubljana, 4.5, 46.04789, 14.50109, 598180924, 20180701, 20180701, 5.0, Blue Sky Believer, /Profile/blueskybeliever, d7a4b2da9fe4ab5b4423b44f13164f71, /Attraction_Review-g274873-d8376064-Reviews-The_Jakopic_Gallery-Ljubljana_Upper_Carniola_Region.html
The Jakopic Gallery, None, None, Art Galleries & Art Galleries, Europe & Slovenia & Upper Carniola Region & Ljubljana & Things to Do in Ljubljana, 4.5, 46.04789, 14.50109, 585148470, 20180601, 20180601, 5.0, Miha P, /Profile/482mihap, abd2f9c2cd78a57d449f70cdffa1616b, /Attraction_Review-g274873-d8376064-Reviews-The_Jakopic_Gallery-Ljubljana_Upper_Carniola_Region.html
The Jakopic Gallery, None, None, Art Galleries & Art Galleries, Europe & Slovenia & Upper Carniola Region & Ljubljana & Things to Do in Ljubljana, 4.5, 46.04789, 14.50109, 471693165, 20170301, 20170301, 5.0, Miha P, /Profile/482mihap, abd2f9c2cd78a57d449f70cdffa1616b, /Attraction_Review-g274873-d8376064-Reviews-The_Jakopic_Gallery-Ljubljana_Upper_Carniola_Region.html
The Jakopic Gallery, None, None, Art Galleries & Art Galleries, Europe & Slovenia & Upper Carniola Region & Ljubljana & Things to Do in Ljubljana, 4.5, 46.04789, 14.50109, 446544876, 20161201, 20161201, 4.0, Miha P, /Profile/482mihap, abd2f9c2cd78a57d449f70cdffa1616b, /Attraction_Review-g274873-d8376064-Reviews-The_Jakopic_Gallery-Ljubljana_Upper_Carniola_Region.html
