review_location_name, review_current_page, review_last_page, review_location_type, review_location_breadcrumbs, review_location_rate, location_lat, location_lng, review_id, review_date, review_experience_date, review_rate, user_name, user_link, user_id, parent_url
Church of St. Francis of Assisi, 3, 7, Churches & Cathedrals & Churches & Cathedrals, Europe & Slovenia & Slovenian Littoral Region & Slovenian Istria & Piran & Things to Do in Piran, 4.0, 45.52878, 13.56967, 531536052, 20171001, 20170901, 4.0, Cary L, /Profile/caryl2016, 73c3bd07143de1d3f486d811a36e92cc, /Attraction_Review-g274876-d2345098-Reviews-Church_of_St_Francis_of_Assisi-Piran_Slovenian_Istria_Slovenian_Littoral_Region.html
Church of St. Francis of Assisi, 3, 7, Churches & Cathedrals & Churches & Cathedrals, Europe & Slovenia & Slovenian Littoral Region & Slovenian Istria & Piran & Things to Do in Piran, 4.0, 45.52878, 13.56967, 506279219, 20170701, 20170601, 4.0, scvrose, /Profile/scvrose, 7feeef7f53fed0ea37b21b3e54e3d167, /Attraction_Review-g274876-d2345098-Reviews-Church_of_St_Francis_of_Assisi-Piran_Slovenian_Istria_Slovenian_Littoral_Region.html
Church of St. Francis of Assisi, 3, 7, Churches & Cathedrals & Churches & Cathedrals, Europe & Slovenia & Slovenian Littoral Region & Slovenian Istria & Piran & Things to Do in Piran, 4.0, 45.52878, 13.56967, 437562874, 20161101, 20161101, 3.0, SDSpartan, /Profile/SDSpartan, 0c472eb15127ba7c3f528ce1cafe1c63, /Attraction_Review-g274876-d2345098-Reviews-Church_of_St_Francis_of_Assisi-Piran_Slovenian_Istria_Slovenian_Littoral_Region.html
Church of St. Francis of Assisi, 3, 7, Churches & Cathedrals & Churches & Cathedrals, Europe & Slovenia & Slovenian Littoral Region & Slovenian Istria & Piran & Things to Do in Piran, 4.0, 45.52878, 13.56967, 418318047, 20160901, 20160901, 4.0, 545medva, /Profile/545medva, 79a1785703f8fe1ce1af401faa2e2016, /Attraction_Review-g274876-d2345098-Reviews-Church_of_St_Francis_of_Assisi-Piran_Slovenian_Istria_Slovenian_Littoral_Region.html
Church of St. Francis of Assisi, 3, 7, Churches & Cathedrals & Churches & Cathedrals, Europe & Slovenia & Slovenian Littoral Region & Slovenian Istria & Piran & Things to Do in Piran, 4.0, 45.52878, 13.56967, 409572368, 20160801, 20160801, 5.0, GiligaZsu, /Profile/GiligaZsu, 04896e69108dccf4986add6c8760a55b, /Attraction_Review-g274876-d2345098-Reviews-Church_of_St_Francis_of_Assisi-Piran_Slovenian_Istria_Slovenian_Littoral_Region.html
