review_location_name, review_current_page, review_last_page, review_location_type, review_location_breadcrumbs, review_location_rate, location_lat, location_lng, review_id, review_date, review_experience_date, review_rate, user_name, user_link, user_id, parent_url
Waterfall Savica, 11, 97, Waterfalls & Waterfalls, Europe & Slovenia & Upper Carniola Region & Bohinjsko Jezero & Things to Do in Bohinjsko Jezero, 4.0, 46.29278, 13.797342, 661855343, 20190301, 20180901, 5.0, Sendi23, /Profile/Sendi23, 398f833b185f8ae8ec0ca82af76f33e1, /Attraction_Review-g274865-d1848881-Reviews-Waterfall_Savica-Bohinjsko_Jezero_Upper_Carniola_Region.html
Waterfall Savica, 11, 97, Waterfalls & Waterfalls, Europe & Slovenia & Upper Carniola Region & Bohinjsko Jezero & Things to Do in Bohinjsko Jezero, 4.0, 46.29278, 13.797342, 660560399, 20190301, 20190301, 4.0, George_Rusev, /Profile/George_Rusev, 6cd3dce7b264116437d7a260a2d5d682, /Attraction_Review-g274865-d1848881-Reviews-Waterfall_Savica-Bohinjsko_Jezero_Upper_Carniola_Region.html
Waterfall Savica, 11, 97, Waterfalls & Waterfalls, Europe & Slovenia & Upper Carniola Region & Bohinjsko Jezero & Things to Do in Bohinjsko Jezero, 4.0, 46.29278, 13.797342, 655820949, 20190301, 20180601, 4.0, Erik T, /Profile/Erik_saka, 5b39925d03937569144827ee4868892b, /Attraction_Review-g274865-d1848881-Reviews-Waterfall_Savica-Bohinjsko_Jezero_Upper_Carniola_Region.html
Waterfall Savica, 11, 97, Waterfalls & Waterfalls, Europe & Slovenia & Upper Carniola Region & Bohinjsko Jezero & Things to Do in Bohinjsko Jezero, 4.0, 46.29278, 13.797342, 655134657, 20190201, 20180901, 5.0, 193renas, /Profile/193renas, 1eb6a989da5706177fb6b993e35e846d, /Attraction_Review-g274865-d1848881-Reviews-Waterfall_Savica-Bohinjsko_Jezero_Upper_Carniola_Region.html
Waterfall Savica, 11, 97, Waterfalls & Waterfalls, Europe & Slovenia & Upper Carniola Region & Bohinjsko Jezero & Things to Do in Bohinjsko Jezero, 4.0, 46.29278, 13.797342, 649658289, 20190201, 20180701, 5.0, leoclab, /Profile/leoclab, 8b57cf4a62611489af306ebb9777c016, /Attraction_Review-g274865-d1848881-Reviews-Waterfall_Savica-Bohinjsko_Jezero_Upper_Carniola_Region.html
