review_location_name, review_current_page, review_last_page, review_location_type, review_location_breadcrumbs, review_location_rate, location_lat, location_lng, review_id, review_date, review_experience_date, review_rate, user_name, user_link, user_id, parent_url
Skocjanske Jame, 63, 161, Caverns & Caves & Caverns & Caves, Europe & Slovenia & Slovenian Littoral Region & Skocjan & Things to Do in Skocjan, 4.5, 45.66363, 13.98887, 439187888, 20161101, 20160901, 5.0, peter_fussell, /Profile/peter_fussell, f54f3abec59e01b4a622e64a8c41e56b, /Attraction_Review-g17579051-d10438743-Reviews-Skocjanske_Jame-Skocjan_Slovenian_Littoral_Region.html
Skocjanske Jame, 63, 161, Caverns & Caves & Caverns & Caves, Europe & Slovenia & Slovenian Littoral Region & Skocjan & Things to Do in Skocjan, 4.5, 45.66363, 13.98887, 434755733, 20161101, 20160901, 5.0, jellybellymelly, /Profile/jellybellymelly, 7621deffdcbd89f31b282e392b0cc2a2, /Attraction_Review-g17579051-d10438743-Reviews-Skocjanske_Jame-Skocjan_Slovenian_Littoral_Region.html
Skocjanske Jame, 63, 161, Caverns & Caves & Caverns & Caves, Europe & Slovenia & Slovenian Littoral Region & Skocjan & Things to Do in Skocjan, 4.5, 45.66363, 13.98887, 434615077, 20161101, 20161001, 5.0, Mariann73, /Profile/Mariann73, e4a93ace3287151b7148fb0f3e6e4828, /Attraction_Review-g17579051-d10438743-Reviews-Skocjanske_Jame-Skocjan_Slovenian_Littoral_Region.html
Skocjanske Jame, 63, 161, Caverns & Caves & Caverns & Caves, Europe & Slovenia & Slovenian Littoral Region & Skocjan & Things to Do in Skocjan, 4.5, 45.66363, 13.98887, 432351466, 20161001, 20161001, 5.0, toronto_mambaba, /Profile/toronto_mambaba, 029898c6865033acfea6f4e1858837ec, /Attraction_Review-g17579051-d10438743-Reviews-Skocjanske_Jame-Skocjan_Slovenian_Littoral_Region.html
Skocjanske Jame, 63, 161, Caverns & Caves & Caverns & Caves, Europe & Slovenia & Slovenian Littoral Region & Skocjan & Things to Do in Skocjan, 4.5, 45.66363, 13.98887, 432003899, 20161001, 20161001, 5.0, ulangutan, /Profile/ulangutan, 4bea6b5b8cd91eae56bbfb1e2eb3f819, /Attraction_Review-g17579051-d10438743-Reviews-Skocjanske_Jame-Skocjan_Slovenian_Littoral_Region.html
