review_location_name, review_current_page, review_last_page, review_location_type, review_location_breadcrumbs, review_location_rate, location_lat, location_lng, review_id, review_date, review_experience_date, review_rate, user_name, user_link, user_id, parent_url
Postojna Cave, 206, 475, Caverns & Caves & Caverns & Caves, Europe & Slovenia & Inner Carniola Region & Postojna & Things to Do in Postojna, 4.5, 45.78294, 14.204593, 485300306, 20170501, 20170501, 5.0, Mavbitt, /Profile/Mavbitt, 03c262db2b234a3bb41adecc9edce5ff, /Attraction_Review-g274878-d277348-Reviews-Postojna_Cave-Postojna_Inner_Carniola_Region.html
Postojna Cave, 206, 475, Caverns & Caves & Caverns & Caves, Europe & Slovenia & Inner Carniola Region & Postojna & Things to Do in Postojna, 4.5, 45.78294, 14.204593, 485175922, 20170501, 20170501, 5.0, DebraJaneC, /Profile/DebraJaneC, 2c2436c84d63256b32f89c1a0dcad24d, /Attraction_Review-g274878-d277348-Reviews-Postojna_Cave-Postojna_Inner_Carniola_Region.html
Postojna Cave, 206, 475, Caverns & Caves & Caverns & Caves, Europe & Slovenia & Inner Carniola Region & Postojna & Things to Do in Postojna, 4.5, 45.78294, 14.204593, 485057032, 20170501, 20170501, 5.0, NeilC2607, /Profile/NeilC2607, 01867390d85395cd1a6ca466b99ac700, /Attraction_Review-g274878-d277348-Reviews-Postojna_Cave-Postojna_Inner_Carniola_Region.html
Postojna Cave, 206, 475, Caverns & Caves & Caverns & Caves, Europe & Slovenia & Inner Carniola Region & Postojna & Things to Do in Postojna, 4.5, 45.78294, 14.204593, 484937619, 20170501, 20160801, 5.0, zuzihaj, /Profile/zuzihaj, 70c20b1df1cd6b6c3ffe75df0ce18773, /Attraction_Review-g274878-d277348-Reviews-Postojna_Cave-Postojna_Inner_Carniola_Region.html
Postojna Cave, 206, 475, Caverns & Caves & Caverns & Caves, Europe & Slovenia & Inner Carniola Region & Postojna & Things to Do in Postojna, 4.5, 45.78294, 14.204593, 484749190, 20170501, 20170501, 5.0, Andrew M, /Profile/682andrewm, 5f25d9c9f524a2e80370e6daeb1f1b53, /Attraction_Review-g274878-d277348-Reviews-Postojna_Cave-Postojna_Inner_Carniola_Region.html
