review_location_name, review_current_page, review_last_page, review_location_type, review_location_breadcrumbs, review_location_rate, location_lat, location_lng, review_id, review_date, review_experience_date, review_rate, user_name, user_link, user_id, parent_url
Museo Militare Di Pivka, 1, 3, Points of Interest & Landmarks & Points of Interest & Landmarks, Europe & Slovenia & Inner Carniola Region & Pivka & Things to Do in Pivka, 4.5, 45.667465, 14.187933, 672852896, 20190501, 20190501, 5.0, 14DLB, /Profile/14DLB, ebd64b2c90fd1d3d02884172e4917402, /Attraction_Review-g1887828-d4473199-Reviews-Museo_Militare_Di_Pivka-Pivka_Inner_Carniola_Region.html
Museo Militare Di Pivka, 1, 3, Points of Interest & Landmarks & Points of Interest & Landmarks, Europe & Slovenia & Inner Carniola Region & Pivka & Things to Do in Pivka, 4.5, 45.667465, 14.187933, 638140323, 20181201, 20181201, 5.0, Dobar Fokus, /Profile/dobarf, 9172f2a4d4acfae54884d436a9cad364, /Attraction_Review-g1887828-d4473199-Reviews-Museo_Militare_Di_Pivka-Pivka_Inner_Carniola_Region.html
Museo Militare Di Pivka, 1, 3, Points of Interest & Landmarks & Points of Interest & Landmarks, Europe & Slovenia & Inner Carniola Region & Pivka & Things to Do in Pivka, 4.5, 45.667465, 14.187933, 619258374, 20180901, 20180901, 5.0, Paul L, /Profile/PaulL819, 05967b4fa83ebca9938adecd7fd4e47a, /Attraction_Review-g1887828-d4473199-Reviews-Museo_Militare_Di_Pivka-Pivka_Inner_Carniola_Region.html
Museo Militare Di Pivka, 1, 3, Points of Interest & Landmarks & Points of Interest & Landmarks, Europe & Slovenia & Inner Carniola Region & Pivka & Things to Do in Pivka, 4.5, 45.667465, 14.187933, 597383832, 20180701, 20180701, 4.0, Fatima M, /Profile/FatimaM574, 1320825a274addded85ab540ba1d6f3d, /Attraction_Review-g1887828-d4473199-Reviews-Museo_Militare_Di_Pivka-Pivka_Inner_Carniola_Region.html
Museo Militare Di Pivka, 1, 3, Points of Interest & Landmarks & Points of Interest & Landmarks, Europe & Slovenia & Inner Carniola Region & Pivka & Things to Do in Pivka, 4.5, 45.667465, 14.187933, 581648869, 20180501, 20180501, 5.0, Goran M, /Profile/goranm165, 4f9a0ee3233bda21cce94a059a1e7bb6, /Attraction_Review-g1887828-d4473199-Reviews-Museo_Militare_Di_Pivka-Pivka_Inner_Carniola_Region.html
