review_location_name, review_current_page, review_last_page, review_location_type, review_location_breadcrumbs, review_location_rate, location_lat, location_lng, review_id, review_date, review_experience_date, review_rate, user_name, user_link, user_id, parent_url
Ljubljana Exhibition and Convention Centre, None, None, Conference & Convention Centers & Conference & Convention Centers, Europe & Slovenia & Upper Carniola Region & Ljubljana & Things to Do in Ljubljana, 4.5, 46.06089, 14.507, 743169769, 20200201, 20200201, 5.0, ajt_austria, /Profile/ajt_austria, 881537ae1e3186091c037e1f29398bd8, /Attraction_Review-g274873-d4026702-Reviews-Ljubljana_Exhibition_and_Convention_Centre-Ljubljana_Upper_Carniola_Region.html
Ljubljana Exhibition and Convention Centre, None, None, Conference & Convention Centers & Conference & Convention Centers, Europe & Slovenia & Upper Carniola Region & Ljubljana & Things to Do in Ljubljana, 4.5, 46.06089, 14.507, 684196870, 20190601, 20190601, 4.0, Cambridge Guru, /Profile/Davidm1961, 856c6bfb9b590f6c133265f2b82acb4f, /Attraction_Review-g274873-d4026702-Reviews-Ljubljana_Exhibition_and_Convention_Centre-Ljubljana_Upper_Carniola_Region.html
Ljubljana Exhibition and Convention Centre, None, None, Conference & Convention Centers & Conference & Convention Centers, Europe & Slovenia & Upper Carniola Region & Ljubljana & Things to Do in Ljubljana, 4.5, 46.06089, 14.507, 635593281, 20181101, 20181101, 3.0, Miha P, /Profile/482mihap, abd2f9c2cd78a57d449f70cdffa1616b, /Attraction_Review-g274873-d4026702-Reviews-Ljubljana_Exhibition_and_Convention_Centre-Ljubljana_Upper_Carniola_Region.html
Ljubljana Exhibition and Convention Centre, None, None, Conference & Convention Centers & Conference & Convention Centers, Europe & Slovenia & Upper Carniola Region & Ljubljana & Things to Do in Ljubljana, 4.5, 46.06089, 14.507, 468724891, 20170301, 20160601, 4.0, Terezia_77, /Profile/Terezia_77, d7cad6111be94955302e9e46da866f96, /Attraction_Review-g274873-d4026702-Reviews-Ljubljana_Exhibition_and_Convention_Centre-Ljubljana_Upper_Carniola_Region.html
Ljubljana Exhibition and Convention Centre, None, None, Conference & Convention Centers & Conference & Convention Centers, Europe & Slovenia & Upper Carniola Region & Ljubljana & Things to Do in Ljubljana, 4.5, 46.06089, 14.507, 195592458, 20140201, 20131201, 5.0, Gayner B, /Profile/gaynerb, ce26a63ef6c8f98a4f50a0978670758d, /Attraction_Review-g274873-d4026702-Reviews-Ljubljana_Exhibition_and_Convention_Centre-Ljubljana_Upper_Carniola_Region.html
