review_location_name, review_current_page, review_last_page, review_location_type, review_location_breadcrumbs, review_location_rate, location_lat, location_lng, review_id, review_date, review_experience_date, review_rate, user_name, user_link, user_id, parent_url
Landscape park Logar Valley, 3, 15, Parks & Farms & Waterfalls & Parks & Farms & Waterfalls, Europe & Slovenia & Styria Region & Solcava & Things to Do in Solcava, 4.5, 46.39853, 14.629282, 632216493, 20181101, 20181101, 5.0, Samanta20, /Profile/samantas411, 37b56c99601af406f57917058c6c2364, /Attraction_Review-g319789-d6756428-Reviews-Landscape_park_Logar_Valley-Solcava_Styria_Region.html
Landscape park Logar Valley, 3, 15, Parks & Farms & Waterfalls & Parks & Farms & Waterfalls, Europe & Slovenia & Styria Region & Solcava & Things to Do in Solcava, 4.5, 46.39853, 14.629282, 630388110, 20181101, 20180701, 5.0, christy1030, /Profile/christy1030, ebef71d8201f517d02d6e6e7627e0d83, /Attraction_Review-g319789-d6756428-Reviews-Landscape_park_Logar_Valley-Solcava_Styria_Region.html
Landscape park Logar Valley, 3, 15, Parks & Farms & Waterfalls & Parks & Farms & Waterfalls, Europe & Slovenia & Styria Region & Solcava & Things to Do in Solcava, 4.5, 46.39853, 14.629282, 622714508, 20181001, 20181001, 5.0, Nino, /Profile/Nino_S_cro, e3e4e9a571efdd72b29f6fb5aa9b0eff, /Attraction_Review-g319789-d6756428-Reviews-Landscape_park_Logar_Valley-Solcava_Styria_Region.html
Landscape park Logar Valley, 3, 15, Parks & Farms & Waterfalls & Parks & Farms & Waterfalls, Europe & Slovenia & Styria Region & Solcava & Things to Do in Solcava, 4.5, 46.39853, 14.629282, 617432009, 20180901, 20180801, 5.0, Denis Treskanica, /Profile/treskanica, 65112e7fb379238796a82bbcb8cd420f, /Attraction_Review-g319789-d6756428-Reviews-Landscape_park_Logar_Valley-Solcava_Styria_Region.html
Landscape park Logar Valley, 3, 15, Parks & Farms & Waterfalls & Parks & Farms & Waterfalls, Europe & Slovenia & Styria Region & Solcava & Things to Do in Solcava, 4.5, 46.39853, 14.629282, 611604361, 20180801, 20180801, 5.0, Jure112, /Profile/Jure112, b5ef1eea6ecbb4911f003c2fc6903496, /Attraction_Review-g319789-d6756428-Reviews-Landscape_park_Logar_Valley-Solcava_Styria_Region.html
