review_location_name, review_current_page, review_last_page, review_location_type, review_location_breadcrumbs, review_location_rate, location_lat, location_lng, review_id, review_date, review_experience_date, review_rate, user_name, user_link, user_id, parent_url
Franciscan Church (Frančiškanska cerkev), 1, 40, Sacred & Religious Sites & Sacred & Religious Sites, Europe & Slovenia & Upper Carniola Region & Ljubljana & Things to Do in Ljubljana, 4.0, 46.05178, 14.50566, 764403006, 20200801, 20190901, 5.0, Dzangir K, /Profile/jambolaja, 326ddfa6381782425946eb11301659c6, /Attraction_Review-g274873-d276319-Reviews-Franciscan_Church_Franciskanska_cerkev-Ljubljana_Upper_Carniola_Region.html
Franciscan Church (Frančiškanska cerkev), 1, 40, Sacred & Religious Sites & Sacred & Religious Sites, Europe & Slovenia & Upper Carniola Region & Ljubljana & Things to Do in Ljubljana, 4.0, 46.05178, 14.50566, 742201491, 20200101, 20190801, 5.0, periandro, /Profile/periandro, 4ed551d4917ea7a18a01d4df13b865e9, /Attraction_Review-g274873-d276319-Reviews-Franciscan_Church_Franciskanska_cerkev-Ljubljana_Upper_Carniola_Region.html
Franciscan Church (Frančiškanska cerkev), 1, 40, Sacred & Religious Sites & Sacred & Religious Sites, Europe & Slovenia & Upper Carniola Region & Ljubljana & Things to Do in Ljubljana, 4.0, 46.05178, 14.50566, 739824435, 20200101, 20191201, 3.0, dori_lukey, /Profile/dori_lukey, 1b833261c610733f5567c64adb2f2cf8, /Attraction_Review-g274873-d276319-Reviews-Franciscan_Church_Franciskanska_cerkev-Ljubljana_Upper_Carniola_Region.html
Franciscan Church (Frančiškanska cerkev), 1, 40, Sacred & Religious Sites & Sacred & Religious Sites, Europe & Slovenia & Upper Carniola Region & Ljubljana & Things to Do in Ljubljana, 4.0, 46.05178, 14.50566, 734311054, 20191201, 20191201, 5.0, Maks matej C, /Profile/maksmatejc, fd25dfbc07f4c90f22a70be012e66ff9, /Attraction_Review-g274873-d276319-Reviews-Franciscan_Church_Franciskanska_cerkev-Ljubljana_Upper_Carniola_Region.html
Franciscan Church (Frančiškanska cerkev), 1, 40, Sacred & Religious Sites & Sacred & Religious Sites, Europe & Slovenia & Upper Carniola Region & Ljubljana & Things to Do in Ljubljana, 4.0, 46.05178, 14.50566, 724690872, 20191101, 20191001, 4.0, stinkwink, /Profile/stinkwink, 32d1d2863a8787ea4e58041a654c334c, /Attraction_Review-g274873-d276319-Reviews-Franciscan_Church_Franciskanska_cerkev-Ljubljana_Upper_Carniola_Region.html
