review_location_name, review_current_page, review_last_page, review_location_type, review_location_breadcrumbs, review_location_rate, location_lat, location_lng, review_id, review_date, review_experience_date, review_rate, user_name, user_link, user_id, parent_url
Kropa's Old Town, 4, 3, Historic Sites & Historic Sites, Europe & Slovenia & Upper Carniola Region & Kropa & Things to Do in Kropa, 4.0, 46.29368, 14.19277, 182014141, 20131001, 20130901, 4.0, morewierd, /Profile/morewierd, 223091dcec0a281b4dccfae7918eb20b, /Attraction_Review-g3576668-d2634374-Reviews-Kropa_s_Old_Town-Kropa_Upper_Carniola_Region.html
Kropa's Old Town, 4, 3, Historic Sites & Historic Sites, Europe & Slovenia & Upper Carniola Region & Kropa & Things to Do in Kropa, 4.0, 46.29368, 14.19277, 179377515, 20131001, 20130901, 4.0, Natasa K, /Profile/NatasaK243, b4376ac612683df0a131b7aeb0342334, /Attraction_Review-g3576668-d2634374-Reviews-Kropa_s_Old_Town-Kropa_Upper_Carniola_Region.html
Kropa's Old Town, 4, 3, Historic Sites & Historic Sites, Europe & Slovenia & Upper Carniola Region & Kropa & Things to Do in Kropa, 4.0, 46.29368, 14.19277, 172403663, 20130801, 20130801, 3.0, Carpentr, /Profile/Carpentr, b644490016c5c60be85baabbb8a970cd, /Attraction_Review-g3576668-d2634374-Reviews-Kropa_s_Old_Town-Kropa_Upper_Carniola_Region.html
Kropa's Old Town, 4, 3, Historic Sites & Historic Sites, Europe & Slovenia & Upper Carniola Region & Kropa & Things to Do in Kropa, 4.0, 46.29368, 14.19277, 134090847, 20120701, 20120601, 4.0, NZtourier, /Profile/NZtourier, 2f0cb477b375d3d59b3c8d2f493a72b3, /Attraction_Review-g3576668-d2634374-Reviews-Kropa_s_Old_Town-Kropa_Upper_Carniola_Region.html
