review_location_name, review_current_page, review_last_page, review_location_type, review_location_breadcrumbs, review_location_rate, location_lat, location_lng, review_id, review_date, review_experience_date, review_rate, user_name, user_link, user_id, parent_url
The Russian chapel, 9, 26, Points of Interest & Landmarks & Points of Interest & Landmarks, Europe & Slovenia & Upper Carniola Region & Kranjska Gora & Things to Do in Kranjska Gora, 4.0, 46.442577, 13.767904, 536508937, 20171001, 20161101, 4.0, MK_in_VT, /Profile/MK_in_VT, 6e8db83059bc89398d0b862543dc125e, /Attraction_Review-g274870-d3636000-Reviews-The_Russian_chapel-Kranjska_Gora_Upper_Carniola_Region.html
The Russian chapel, 9, 26, Points of Interest & Landmarks & Points of Interest & Landmarks, Europe & Slovenia & Upper Carniola Region & Kranjska Gora & Things to Do in Kranjska Gora, 4.0, 46.442577, 13.767904, 526277138, 20170901, 20170901, 4.0, Hilary L, /Profile/jandhml, 5ceabf46720ada77f9dddc66e2d8b662, /Attraction_Review-g274870-d3636000-Reviews-The_Russian_chapel-Kranjska_Gora_Upper_Carniola_Region.html
The Russian chapel, 9, 26, Points of Interest & Landmarks & Points of Interest & Landmarks, Europe & Slovenia & Upper Carniola Region & Kranjska Gora & Things to Do in Kranjska Gora, 4.0, 46.442577, 13.767904, 525222832, 20170901, 20170901, 3.0, Marnik V, /Profile/marnikv, 0e71c3a7457e99301e258abc6fdbe0e9, /Attraction_Review-g274870-d3636000-Reviews-The_Russian_chapel-Kranjska_Gora_Upper_Carniola_Region.html
The Russian chapel, 9, 26, Points of Interest & Landmarks & Points of Interest & Landmarks, Europe & Slovenia & Upper Carniola Region & Kranjska Gora & Things to Do in Kranjska Gora, 4.0, 46.442577, 13.767904, 518916135, 20170801, 20170801, 4.0, Eimear C, /Profile/264eimearc, e22ff2677f65f24c59e65facfc405dbd, /Attraction_Review-g274870-d3636000-Reviews-The_Russian_chapel-Kranjska_Gora_Upper_Carniola_Region.html
The Russian chapel, 9, 26, Points of Interest & Landmarks & Points of Interest & Landmarks, Europe & Slovenia & Upper Carniola Region & Kranjska Gora & Things to Do in Kranjska Gora, 4.0, 46.442577, 13.767904, 517913181, 20170801, 20170801, 5.0, beachwedding22, /Profile/beachwedding22, 75f60c5002a779176df53b347f957b67, /Attraction_Review-g274870-d3636000-Reviews-The_Russian_chapel-Kranjska_Gora_Upper_Carniola_Region.html
