review_location_name, review_current_page, review_last_page, review_location_type, review_location_breadcrumbs, review_location_rate, location_lat, location_lng, review_id, review_date, review_experience_date, review_rate, user_name, user_link, user_id, parent_url
Postojna Cave, 28, 475, Caverns & Caves & Caverns & Caves, Europe & Slovenia & Inner Carniola Region & Postojna & Things to Do in Postojna, 4.5, 45.78294, 14.204593, 701694380, 20190801, 20190801, 5.0, KeelyStalbans, /Profile/KeelyStalbans, f36816b83eb134f58e9fb9933fa29c55, /Attraction_Review-g274878-d277348-Reviews-Postojna_Cave-Postojna_Inner_Carniola_Region.html
Postojna Cave, 28, 475, Caverns & Caves & Caverns & Caves, Europe & Slovenia & Inner Carniola Region & Postojna & Things to Do in Postojna, 4.5, 45.78294, 14.204593, 701510264, 20190801, 20190801, 5.0, Paul T, /Profile/342pault, 77ce25f4b99b85240128643d718ab79a, /Attraction_Review-g274878-d277348-Reviews-Postojna_Cave-Postojna_Inner_Carniola_Region.html
Postojna Cave, 28, 475, Caverns & Caves & Caverns & Caves, Europe & Slovenia & Inner Carniola Region & Postojna & Things to Do in Postojna, 4.5, 45.78294, 14.204593, 701501751, 20190801, 20190701, 5.0, Vic1952, /Profile/Vic1952, b90fc0deec38da97bf5a43c79af2f604, /Attraction_Review-g274878-d277348-Reviews-Postojna_Cave-Postojna_Inner_Carniola_Region.html
Postojna Cave, 28, 475, Caverns & Caves & Caverns & Caves, Europe & Slovenia & Inner Carniola Region & Postojna & Things to Do in Postojna, 4.5, 45.78294, 14.204593, 701363378, 20190801, 20190801, 5.0, Thomaslikestrips, /Profile/Thomaslikestrips, 7d57fcb171204a8d6c513248a235dd7d, /Attraction_Review-g274878-d277348-Reviews-Postojna_Cave-Postojna_Inner_Carniola_Region.html
Postojna Cave, 28, 475, Caverns & Caves & Caverns & Caves, Europe & Slovenia & Inner Carniola Region & Postojna & Things to Do in Postojna, 4.5, 45.78294, 14.204593, 701303014, 20190801, 20190801, 5.0, Siggypop, /Profile/Siggypop, 55f64633c2aa2555f982af8e2bfdaffd, /Attraction_Review-g274878-d277348-Reviews-Postojna_Cave-Postojna_Inner_Carniola_Region.html
