review_location_name, review_current_page, review_last_page, review_location_type, review_location_breadcrumbs, review_location_rate, location_lat, location_lng, review_id, review_date, review_experience_date, review_rate, user_name, user_link, user_id, parent_url
Dragon Bridge (Zmajski Most), 189, 229, Bridges & Bridges, Europe & Slovenia & Upper Carniola Region & Ljubljana & Things to Do in Ljubljana, 4.0, 46.05494, 14.51103, 244910338, 20141201, 20141201, 4.0, nomad4838, /Profile/nomad4838, 1cfdfb312a190d365a6c2d593535c6bd, /Attraction_Review-g274873-d276337-Reviews-Dragon_Bridge_Zmajski_Most-Ljubljana_Upper_Carniola_Region.html
Dragon Bridge (Zmajski Most), 189, 229, Bridges & Bridges, Europe & Slovenia & Upper Carniola Region & Ljubljana & Things to Do in Ljubljana, 4.0, 46.05494, 14.51103, 242729727, 20141201, 20141001, 5.0, Andrej N, /Profile/si05400, 9a10aa91e94eccc74618bde60d9f10d4, /Attraction_Review-g274873-d276337-Reviews-Dragon_Bridge_Zmajski_Most-Ljubljana_Upper_Carniola_Region.html
Dragon Bridge (Zmajski Most), 189, 229, Bridges & Bridges, Europe & Slovenia & Upper Carniola Region & Ljubljana & Things to Do in Ljubljana, 4.0, 46.05494, 14.51103, 242696201, 20141201, 20140401, 4.0, spanc2001, /Profile/spanc2001, 0583f433bb2ba1e216fea05c624d6f3d, /Attraction_Review-g274873-d276337-Reviews-Dragon_Bridge_Zmajski_Most-Ljubljana_Upper_Carniola_Region.html
Dragon Bridge (Zmajski Most), 189, 229, Bridges & Bridges, Europe & Slovenia & Upper Carniola Region & Ljubljana & Things to Do in Ljubljana, 4.0, 46.05494, 14.51103, 240985740, 20141101, 20140901, 4.0, autremonde, /Profile/autremonde, ebc7d5e641e2573ef7f97135ec3aafbf, /Attraction_Review-g274873-d276337-Reviews-Dragon_Bridge_Zmajski_Most-Ljubljana_Upper_Carniola_Region.html
Dragon Bridge (Zmajski Most), 189, 229, Bridges & Bridges, Europe & Slovenia & Upper Carniola Region & Ljubljana & Things to Do in Ljubljana, 4.0, 46.05494, 14.51103, 240807909, 20141101, 20140901, 5.0, nhp92, /Profile/nhp92, 0a23b27c9f3a51782737e1d4147716e6, /Attraction_Review-g274873-d276337-Reviews-Dragon_Bridge_Zmajski_Most-Ljubljana_Upper_Carniola_Region.html
