review_location_name, review_current_page, review_last_page, review_location_type, review_location_breadcrumbs, review_location_rate, location_lat, location_lng, review_id, review_date, review_experience_date, review_rate, user_name, user_link, user_id, parent_url
Lake Bled, 1013, 1061, Bodies of Water & Bodies of Water, Europe & Slovenia & Upper Carniola Region & Bled & Things to Do in Bled, 4.5, 46.36622, 14.10102, 138142621, 20120801, 20120801, 5.0, Smath123, /Profile/Smath123, 9ce0c54a9545b11e8fc3d8f19b90636d, /Attraction_Review-g274863-d296735-Reviews-Lake_Bled-Bled_Upper_Carniola_Region.html
Lake Bled, 1013, 1061, Bodies of Water & Bodies of Water, Europe & Slovenia & Upper Carniola Region & Bled & Things to Do in Bled, 4.5, 46.36622, 14.10102, 138140115, 20120801, 20110901, 5.0, Sparkles23, /Profile/Sparkles23, 23fc83d20fdc2c230e13f44a0c3b9665, /Attraction_Review-g274863-d296735-Reviews-Lake_Bled-Bled_Upper_Carniola_Region.html
Lake Bled, 1013, 1061, Bodies of Water & Bodies of Water, Europe & Slovenia & Upper Carniola Region & Bled & Things to Do in Bled, 4.5, 46.36622, 14.10102, 137998426, 20120801, 20120801, 5.0, Chris G, /Profile/Gripster, 9acabf727f0daca3e78e4083bd1e3a85, /Attraction_Review-g274863-d296735-Reviews-Lake_Bled-Bled_Upper_Carniola_Region.html
Lake Bled, 1013, 1061, Bodies of Water & Bodies of Water, Europe & Slovenia & Upper Carniola Region & Bled & Things to Do in Bled, 4.5, 46.36622, 14.10102, 137980465, 20120801, 20120801, 5.0, Tomas N, /Profile/TomasNesvorny, 50c75be74b2c62c4c523ec099e7a544f, /Attraction_Review-g274863-d296735-Reviews-Lake_Bled-Bled_Upper_Carniola_Region.html
Lake Bled, 1013, 1061, Bodies of Water & Bodies of Water, Europe & Slovenia & Upper Carniola Region & Bled & Things to Do in Bled, 4.5, 46.36622, 14.10102, 137963792, 20120801, 20120801, 4.0, BostonTraveler62, /Profile/BostonTraveler62, 68534cb96a83d1251963b0824a028d01, /Attraction_Review-g274863-d296735-Reviews-Lake_Bled-Bled_Upper_Carniola_Region.html
