review_location_name, review_current_page, review_last_page, review_location_type, review_location_breadcrumbs, review_location_rate, location_lat, location_lng, review_id, review_date, review_experience_date, review_rate, user_name, user_link, user_id, parent_url
Tolmin Gorge, 21, 43, Geologic Formations & Geologic Formations, Europe & Slovenia & Slovenian Littoral Region & Tolmin & Things to Do in Tolmin, 4.5, 46.19989, 13.742225, 478836965, 20170401, 20170401, 5.0, Evyzet, /Profile/Evyzet, 7262c1fc394b70dbd2a7521ba5e11835, /Attraction_Review-g815568-d1187693-Reviews-Tolmin_Gorge-Tolmin_Slovenian_Littoral_Region.html
Tolmin Gorge, 21, 43, Geologic Formations & Geologic Formations, Europe & Slovenia & Slovenian Littoral Region & Tolmin & Things to Do in Tolmin, 4.5, 46.19989, 13.742225, 478296367, 20170401, 20170401, 5.0, Shauna Q, /Profile/880shaunaq, 86155fed6d46090903b7b5c7ec063d12, /Attraction_Review-g815568-d1187693-Reviews-Tolmin_Gorge-Tolmin_Slovenian_Littoral_Region.html
Tolmin Gorge, 21, 43, Geologic Formations & Geologic Formations, Europe & Slovenia & Slovenian Littoral Region & Tolmin & Things to Do in Tolmin, 4.5, 46.19989, 13.742225, 477029891, 20170401, 20170401, 5.0, izif_37, /Profile/izif_37, 3e8ae1f79ba2f75677a8a526029da2fa, /Attraction_Review-g815568-d1187693-Reviews-Tolmin_Gorge-Tolmin_Slovenian_Littoral_Region.html
Tolmin Gorge, 21, 43, Geologic Formations & Geologic Formations, Europe & Slovenia & Slovenian Littoral Region & Tolmin & Things to Do in Tolmin, 4.5, 46.19989, 13.742225, 475926698, 20170401, 20170401, 5.0, Martin W, /Profile/martinw808, 2b4fb6bf22f0e67f76ec6940992a5ec1, /Attraction_Review-g815568-d1187693-Reviews-Tolmin_Gorge-Tolmin_Slovenian_Littoral_Region.html
Tolmin Gorge, 21, 43, Geologic Formations & Geologic Formations, Europe & Slovenia & Slovenian Littoral Region & Tolmin & Things to Do in Tolmin, 4.5, 46.19989, 13.742225, 472932384, 20170401, 20170401, 3.0, KitijaZalaiskalna, /Profile/KitijaZalaiskalna, c10cc63da18926e84b0c360ccfb18018, /Attraction_Review-g815568-d1187693-Reviews-Tolmin_Gorge-Tolmin_Slovenian_Littoral_Region.html
