review_location_name, review_current_page, review_last_page, review_location_type, review_location_breadcrumbs, review_location_rate, location_lat, location_lng, review_id, review_date, review_experience_date, review_rate, user_name, user_link, user_id, parent_url
Vintgar Gorge, 335, 546, Hiking Trails & Hiking Trails, Europe & Slovenia & Upper Carniola Region & Zgornje Gorje & Things to Do in Zgornje Gorje, 4.5, 46.39338, 14.08565, 327963824, 20151101, 20150501, 5.0, Catarina L, /Profile/573catarinal, c01c76f32e01cdf0ce686a08b9f05e77, /Attraction_Review-g1870874-d519724-Reviews-Vintgar_Gorge-Zgornje_Gorje_Upper_Carniola_Region.html
Vintgar Gorge, 335, 546, Hiking Trails & Hiking Trails, Europe & Slovenia & Upper Carniola Region & Zgornje Gorje & Things to Do in Zgornje Gorje, 4.5, 46.39338, 14.08565, 327767297, 20151101, 20151101, 5.0, fuadomar, /Profile/fuadomar, fe2fc94cc5b9147728ac97514bfdf70f, /Attraction_Review-g1870874-d519724-Reviews-Vintgar_Gorge-Zgornje_Gorje_Upper_Carniola_Region.html
Vintgar Gorge, 335, 546, Hiking Trails & Hiking Trails, Europe & Slovenia & Upper Carniola Region & Zgornje Gorje & Things to Do in Zgornje Gorje, 4.5, 46.39338, 14.08565, 327625952, 20151101, 20151101, 4.0, Gemma S, /Profile/gemmasuds, b5d6869eda1296f65c054f64f1dec60d, /Attraction_Review-g1870874-d519724-Reviews-Vintgar_Gorge-Zgornje_Gorje_Upper_Carniola_Region.html
Vintgar Gorge, 335, 546, Hiking Trails & Hiking Trails, Europe & Slovenia & Upper Carniola Region & Zgornje Gorje & Things to Do in Zgornje Gorje, 4.5, 46.39338, 14.08565, 327441096, 20151101, 20151101, 5.0, Olli G, /Profile/568ollig, 2d791459036dde9c1825f9f99e7f1668, /Attraction_Review-g1870874-d519724-Reviews-Vintgar_Gorge-Zgornje_Gorje_Upper_Carniola_Region.html
Vintgar Gorge, 335, 546, Hiking Trails & Hiking Trails, Europe & Slovenia & Upper Carniola Region & Zgornje Gorje & Things to Do in Zgornje Gorje, 4.5, 46.39338, 14.08565, 326575781, 20151101, 20150901, 4.0, lmslater, /Profile/lmslater, e11f931f55fcdf981b66fbe9d4d0e9f8, /Attraction_Review-g1870874-d519724-Reviews-Vintgar_Gorge-Zgornje_Gorje_Upper_Carniola_Region.html
