review_location_name, review_current_page, review_last_page, review_location_type, review_location_breadcrumbs, review_location_rate, location_lat, location_lng, review_id, review_date, review_experience_date, review_rate, user_name, user_link, user_id, parent_url
National Museum of Slovenia, 15, 16, History Museums & History Museums, Europe & Slovenia & Upper Carniola Region & Ljubljana & Things to Do in Ljubljana, 4.0, 46.052006, 14.499682, 294114293, 20150701, 20150701, 4.0, Toyah1, /Profile/Toyah1, 7ddca2c9bca9754f0df7238552558aa8, /Attraction_Review-g274873-d276327-Reviews-National_Museum_of_Slovenia-Ljubljana_Upper_Carniola_Region.html
National Museum of Slovenia, 15, 16, History Museums & History Museums, Europe & Slovenia & Upper Carniola Region & Ljubljana & Things to Do in Ljubljana, 4.0, 46.052006, 14.499682, 293462898, 20150701, 20150701, 3.0, phutty, /Profile/phutty, 24463222f04907be8b50d2b46cb4d265, /Attraction_Review-g274873-d276327-Reviews-National_Museum_of_Slovenia-Ljubljana_Upper_Carniola_Region.html
National Museum of Slovenia, 15, 16, History Museums & History Museums, Europe & Slovenia & Upper Carniola Region & Ljubljana & Things to Do in Ljubljana, 4.0, 46.052006, 14.499682, 290842685, 20150701, 20150701, 5.0, Andrew S, /Profile/V9280GXandrews, 3da7ffe80c54623ede4c5c1652bb82c2, /Attraction_Review-g274873-d276327-Reviews-National_Museum_of_Slovenia-Ljubljana_Upper_Carniola_Region.html
National Museum of Slovenia, 15, 16, History Museums & History Museums, Europe & Slovenia & Upper Carniola Region & Ljubljana & Things to Do in Ljubljana, 4.0, 46.052006, 14.499682, 267899115, 20150401, 20150301, 4.0, SwordMaiden, /Profile/SwordMaiden, b2c78ed86326fde74984b77efab46806, /Attraction_Review-g274873-d276327-Reviews-National_Museum_of_Slovenia-Ljubljana_Upper_Carniola_Region.html
National Museum of Slovenia, 15, 16, History Museums & History Museums, Europe & Slovenia & Upper Carniola Region & Ljubljana & Things to Do in Ljubljana, 4.0, 46.052006, 14.499682, 236574279, 20141001, 20141001, 3.0, David_R_Silva, /Profile/David_R_Silva, e95769ed75a3b3f33e3a1fb6c785341e, /Attraction_Review-g274873-d276327-Reviews-National_Museum_of_Slovenia-Ljubljana_Upper_Carniola_Region.html
