review_location_name, review_current_page, review_last_page, review_location_type, review_location_breadcrumbs, review_location_rate, location_lat, location_lng, review_id, review_date, review_experience_date, review_rate, user_name, user_link, user_id, parent_url
Old Square (Stari trg), 15, 23, Points of Interest & Landmarks & Points of Interest & Landmarks, Europe & Slovenia & Upper Carniola Region & Ljubljana & Things to Do in Ljubljana, 4.0, 46.04687, 14.50699, 446679765, 20161201, 20161201, 5.0, JWG_080353, /Profile/JWG_080353, 22989b2fa316d5a9630c068a98215845, /Attraction_Review-g274873-d276331-Reviews-Old_Square_Stari_trg-Ljubljana_Upper_Carniola_Region.html
Old Square (Stari trg), 15, 23, Points of Interest & Landmarks & Points of Interest & Landmarks, Europe & Slovenia & Upper Carniola Region & Ljubljana & Things to Do in Ljubljana, 4.0, 46.04687, 14.50699, 446508652, 20161201, 20161101, 4.0, KGB777, /Profile/KGB777, 8a713cf0e5eea6f6df5ad7b5d2e82d92, /Attraction_Review-g274873-d276331-Reviews-Old_Square_Stari_trg-Ljubljana_Upper_Carniola_Region.html
Old Square (Stari trg), 15, 23, Points of Interest & Landmarks & Points of Interest & Landmarks, Europe & Slovenia & Upper Carniola Region & Ljubljana & Things to Do in Ljubljana, 4.0, 46.04687, 14.50699, 445453397, 20161201, 20160101, 4.0, ruthjap2, /Profile/ruthjap2, da46bb3a34954ce894e7027444e4b924, /Attraction_Review-g274873-d276331-Reviews-Old_Square_Stari_trg-Ljubljana_Upper_Carniola_Region.html
Old Square (Stari trg), 15, 23, Points of Interest & Landmarks & Points of Interest & Landmarks, Europe & Slovenia & Upper Carniola Region & Ljubljana & Things to Do in Ljubljana, 4.0, 46.04687, 14.50699, 443753642, 20161201, 20161201, 4.0, izif_37, /Profile/izif_37, 3e8ae1f79ba2f75677a8a526029da2fa, /Attraction_Review-g274873-d276331-Reviews-Old_Square_Stari_trg-Ljubljana_Upper_Carniola_Region.html
Old Square (Stari trg), 15, 23, Points of Interest & Landmarks & Points of Interest & Landmarks, Europe & Slovenia & Upper Carniola Region & Ljubljana & Things to Do in Ljubljana, 4.0, 46.04687, 14.50699, 440173612, 20161101, 20151201, 5.0, Yael N, /Profile/nryael, acad5c6308ab4a38d9a5b1d49bcee90e, /Attraction_Review-g274873-d276331-Reviews-Old_Square_Stari_trg-Ljubljana_Upper_Carniola_Region.html
