review_location_name, review_current_page, review_last_page, review_location_type, review_location_breadcrumbs, review_location_rate, location_lat, location_lng, review_id, review_date, review_experience_date, review_rate, user_name, user_link, user_id, parent_url
Triple Bridge (Tromostovje), 96, 306, Bridges & Bridges, Europe & Slovenia & Upper Carniola Region & Ljubljana & Things to Do in Ljubljana, 4.5, 46.05131, 14.50601, 527211753, 20170901, 20170901, 5.0, Carol C, /Profile/carolcT3811KH, 8f688074b8e000b59e2e0b482dd22ca0, /Attraction_Review-g274873-d276335-Reviews-Triple_Bridge_Tromostovje-Ljubljana_Upper_Carniola_Region.html
Triple Bridge (Tromostovje), 96, 306, Bridges & Bridges, Europe & Slovenia & Upper Carniola Region & Ljubljana & Things to Do in Ljubljana, 4.5, 46.05131, 14.50601, 527007958, 20170901, 20170901, 5.0, Caro M, /Profile/carom929, d0f72f70d00877b60d627ef923bab851, /Attraction_Review-g274873-d276335-Reviews-Triple_Bridge_Tromostovje-Ljubljana_Upper_Carniola_Region.html
Triple Bridge (Tromostovje), 96, 306, Bridges & Bridges, Europe & Slovenia & Upper Carniola Region & Ljubljana & Things to Do in Ljubljana, 4.5, 46.05131, 14.50601, 526806893, 20170901, 20170901, 4.0, KrishnaAghi, /Profile/KrishnaAghi, 94e035ec506fe2bb6702e3b82497856b, /Attraction_Review-g274873-d276335-Reviews-Triple_Bridge_Tromostovje-Ljubljana_Upper_Carniola_Region.html
Triple Bridge (Tromostovje), 96, 306, Bridges & Bridges, Europe & Slovenia & Upper Carniola Region & Ljubljana & Things to Do in Ljubljana, 4.5, 46.05131, 14.50601, 526536612, 20170901, 20170901, 3.0, Serviceprof, /Profile/Serviceprof, c7cb9de5d27304eaaffa1f774b254d44, /Attraction_Review-g274873-d276335-Reviews-Triple_Bridge_Tromostovje-Ljubljana_Upper_Carniola_Region.html
Triple Bridge (Tromostovje), 96, 306, Bridges & Bridges, Europe & Slovenia & Upper Carniola Region & Ljubljana & Things to Do in Ljubljana, 4.5, 46.05131, 14.50601, 526500023, 20170901, 20170901, 4.0, japanguide, /Profile/japanguide, e78211697515cb0559de056248064837, /Attraction_Review-g274873-d276335-Reviews-Triple_Bridge_Tromostovje-Ljubljana_Upper_Carniola_Region.html
