review_location_name, review_current_page, review_last_page, review_location_type, review_location_breadcrumbs, review_location_rate, location_lat, location_lng, review_id, review_date, review_experience_date, review_rate, user_name, user_link, user_id, parent_url
Lutkovno gledališče Maribor, 1, 2, Points of Interest & Landmarks & Points of Interest & Landmarks, Europe & Slovenia & Styria Region & Maribor & Things to Do in Maribor, 4.5, 46.557, 15.64217, 508623438, 20170801, 20170501, 5.0, DjDmitry, /Profile/DjDmitry, ff4159c3328b253cabab5b169e8c0c80, /Attraction_Review-g274874-d5567102-Reviews-Lutkovno_gledalisce_Maribor-Maribor_Styria_Region.html
Lutkovno gledališče Maribor, 1, 2, Points of Interest & Landmarks & Points of Interest & Landmarks, Europe & Slovenia & Styria Region & Maribor & Things to Do in Maribor, 4.5, 46.557, 15.64217, 400946399, 20160801, 20160501, 5.0, Olga V, /Profile/olgav100, df518d1a93e08f6c4d30e6f33cdecde0, /Attraction_Review-g274874-d5567102-Reviews-Lutkovno_gledalisce_Maribor-Maribor_Styria_Region.html
Lutkovno gledališče Maribor, 1, 2, Points of Interest & Landmarks & Points of Interest & Landmarks, Europe & Slovenia & Styria Region & Maribor & Things to Do in Maribor, 4.5, 46.557, 15.64217, 369452828, 20160501, 20160301, 4.0, Miha P, /Profile/482mihap, abd2f9c2cd78a57d449f70cdffa1616b, /Attraction_Review-g274874-d5567102-Reviews-Lutkovno_gledalisce_Maribor-Maribor_Styria_Region.html
Lutkovno gledališče Maribor, 1, 2, Points of Interest & Landmarks & Points of Interest & Landmarks, Europe & Slovenia & Styria Region & Maribor & Things to Do in Maribor, 4.5, 46.557, 15.64217, 324087880, 20151101, 20151101, 5.0, Matej Štrafela, /Profile/skripec, 6e10d73622e4f1b7d05349cf5ace3225, /Attraction_Review-g274874-d5567102-Reviews-Lutkovno_gledalisce_Maribor-Maribor_Styria_Region.html
Lutkovno gledališče Maribor, 1, 2, Points of Interest & Landmarks & Points of Interest & Landmarks, Europe & Slovenia & Styria Region & Maribor & Things to Do in Maribor, 4.5, 46.557, 15.64217, 303173815, 20150801, 20150501, 4.0, JayovaDia, /Profile/JayovaDia, 670cce2fe755001d4f185868822b4680, /Attraction_Review-g274874-d5567102-Reviews-Lutkovno_gledalisce_Maribor-Maribor_Styria_Region.html
