review_location_name, review_current_page, review_last_page, review_location_type, review_location_breadcrumbs, review_location_rate, location_lat, location_lng, review_id, review_date, review_experience_date, review_rate, user_name, user_link, user_id, parent_url
Lake Bled, 149, 1061, Bodies of Water & Bodies of Water, Europe & Slovenia & Upper Carniola Region & Bled & Things to Do in Bled, 4.5, 46.36622, 14.10102, 621849318, 20181001, 20180901, 5.0, Maggie H, /Profile/132maggieh, 01c2c822a07ad749c8357d0c39ff0301, /Attraction_Review-g274863-d296735-Reviews-Lake_Bled-Bled_Upper_Carniola_Region.html
Lake Bled, 149, 1061, Bodies of Water & Bodies of Water, Europe & Slovenia & Upper Carniola Region & Bled & Things to Do in Bled, 4.5, 46.36622, 14.10102, 621513165, 20181001, 20181001, 3.0, Babs H, /Profile/BabsH525, 5ae67c955e224297c36f3d762e4a23e5, /Attraction_Review-g274863-d296735-Reviews-Lake_Bled-Bled_Upper_Carniola_Region.html
Lake Bled, 149, 1061, Bodies of Water & Bodies of Water, Europe & Slovenia & Upper Carniola Region & Bled & Things to Do in Bled, 4.5, 46.36622, 14.10102, 621431603, 20181001, 20181001, 5.0, colbygrads, /Profile/colbygrads, 6e429de6b9612df6e09634f69d6d64f2, /Attraction_Review-g274863-d296735-Reviews-Lake_Bled-Bled_Upper_Carniola_Region.html
Lake Bled, 149, 1061, Bodies of Water & Bodies of Water, Europe & Slovenia & Upper Carniola Region & Bled & Things to Do in Bled, 4.5, 46.36622, 14.10102, 621255859, 20181001, 20181001, 5.0, Triosjourney, /Profile/leylasteele, 61b7fc6ae0fd688c36389a17609fdba0, /Attraction_Review-g274863-d296735-Reviews-Lake_Bled-Bled_Upper_Carniola_Region.html
Lake Bled, 149, 1061, Bodies of Water & Bodies of Water, Europe & Slovenia & Upper Carniola Region & Bled & Things to Do in Bled, 4.5, 46.36622, 14.10102, 621177155, 20181001, 20180601, 5.0, wgorab, /Profile/wgorab, 72c93fd7a7fff83defae27c63a7201c5, /Attraction_Review-g274863-d296735-Reviews-Lake_Bled-Bled_Upper_Carniola_Region.html
