review_location_name, review_current_page, review_last_page, review_location_type, review_location_breadcrumbs, review_location_rate, location_lat, location_lng, review_id, review_date, review_experience_date, review_rate, user_name, user_link, user_id, parent_url
House of Experiments - Hiša eksperimentov, 3, 12, Science Museums & Children's Museums & Science Museums & Children's Museums, Europe & Slovenia & Upper Carniola Region & Ljubljana & Things to Do in Ljubljana, 4.5, 46.05261, 14.51088, 677671905, 20190501, 20190501, 5.0, stenquist1, /Profile/stenquist1, 4aa8e1a7c650ec54a7065c83dcb93a6e, /Attraction_Review-g274873-d4782527-Reviews-House_of_Experiments_Hisa_eksperimentov-Ljubljana_Upper_Carniola_Region.html
House of Experiments - Hiša eksperimentov, 3, 12, Science Museums & Children's Museums & Science Museums & Children's Museums, Europe & Slovenia & Upper Carniola Region & Ljubljana & Things to Do in Ljubljana, 4.5, 46.05261, 14.51088, 669216282, 20190401, 20190401, 5.0, GBR78, /Profile/GBR78, 2b2068ee2e6bf26b82916253e71a2bca, /Attraction_Review-g274873-d4782527-Reviews-House_of_Experiments_Hisa_eksperimentov-Ljubljana_Upper_Carniola_Region.html
House of Experiments - Hiša eksperimentov, 3, 12, Science Museums & Children's Museums & Science Museums & Children's Museums, Europe & Slovenia & Upper Carniola Region & Ljubljana & Things to Do in Ljubljana, 4.5, 46.05261, 14.51088, 665285632, 20190401, 20190401, 5.0, Brandy, /Profile/Brrrrrandy, e39fad77f52c75025446a39ae3e5635b, /Attraction_Review-g274873-d4782527-Reviews-House_of_Experiments_Hisa_eksperimentov-Ljubljana_Upper_Carniola_Region.html
House of Experiments - Hiša eksperimentov, 3, 12, Science Museums & Children's Museums & Science Museums & Children's Museums, Europe & Slovenia & Upper Carniola Region & Ljubljana & Things to Do in Ljubljana, 4.5, 46.05261, 14.51088, 628901841, 20181001, 20171201, 3.0, Kaja M, /Profile/521kajam, a1eb4b33de1809fb7a82192c0d4f0980, /Attraction_Review-g274873-d4782527-Reviews-House_of_Experiments_Hisa_eksperimentov-Ljubljana_Upper_Carniola_Region.html
House of Experiments - Hiša eksperimentov, 3, 12, Science Museums & Children's Museums & Science Museums & Children's Museums, Europe & Slovenia & Upper Carniola Region & Ljubljana & Things to Do in Ljubljana, 4.5, 46.05261, 14.51088, 615707770, 20180901, 20180901, 4.0, malcolm79, /Profile/malcolm79, 36fdc39ad5837de1a965373db5a4e2a9, /Attraction_Review-g274873-d4782527-Reviews-House_of_Experiments_Hisa_eksperimentov-Ljubljana_Upper_Carniola_Region.html
