review_location_name, review_current_page, review_last_page, review_location_type, review_location_breadcrumbs, review_location_rate, location_lat, location_lng, review_id, review_date, review_experience_date, review_rate, user_name, user_link, user_id, parent_url
Congress Square (Kongresni trg), 12, 21, Points of Interest & Landmarks & Parks & Points of Interest & Landmarks & Parks, Europe & Slovenia & Upper Carniola Region & Ljubljana & Things to Do in Ljubljana, 4.0, 46.050247, 14.503598, 489044455, 20170501, 20160801, 5.0, mandaapearl, /Profile/mandaapearl, d37eb7c43c7963ed0e3d087b2c291e54, /Attraction_Review-g274873-d7007280-Reviews-Congress_Square_Kongresni_trg-Ljubljana_Upper_Carniola_Region.html
Congress Square (Kongresni trg), 12, 21, Points of Interest & Landmarks & Parks & Points of Interest & Landmarks & Parks, Europe & Slovenia & Upper Carniola Region & Ljubljana & Things to Do in Ljubljana, 4.0, 46.050247, 14.503598, 487946663, 20170501, 20170501, 5.0, jeff s, /Profile/jeffsY5267YL, 6a27465b37f6c2cf410e49724fe343f9, /Attraction_Review-g274873-d7007280-Reviews-Congress_Square_Kongresni_trg-Ljubljana_Upper_Carniola_Region.html
Congress Square (Kongresni trg), 12, 21, Points of Interest & Landmarks & Parks & Points of Interest & Landmarks & Parks, Europe & Slovenia & Upper Carniola Region & Ljubljana & Things to Do in Ljubljana, 4.0, 46.050247, 14.503598, 487931785, 20170501, 20170501, 4.0, vidhusagar, /Profile/vidhusagar, 9afd35767e3eb9263adc3b4f3410898a, /Attraction_Review-g274873-d7007280-Reviews-Congress_Square_Kongresni_trg-Ljubljana_Upper_Carniola_Region.html
Congress Square (Kongresni trg), 12, 21, Points of Interest & Landmarks & Parks & Points of Interest & Landmarks & Parks, Europe & Slovenia & Upper Carniola Region & Ljubljana & Things to Do in Ljubljana, 4.0, 46.050247, 14.503598, 482765212, 20170501, 20170501, 4.0, cleghorn, /Profile/cleghorn, 8e046e1c513bae171ab66b22ff534aaf, /Attraction_Review-g274873-d7007280-Reviews-Congress_Square_Kongresni_trg-Ljubljana_Upper_Carniola_Region.html
Congress Square (Kongresni trg), 12, 21, Points of Interest & Landmarks & Parks & Points of Interest & Landmarks & Parks, Europe & Slovenia & Upper Carniola Region & Ljubljana & Things to Do in Ljubljana, 4.0, 46.050247, 14.503598, 477615929, 20170401, 20170401, 4.0, majeo, /Profile/majeo, e51cd0285890ef9ad4b66c6b0dd32e1c, /Attraction_Review-g274873-d7007280-Reviews-Congress_Square_Kongresni_trg-Ljubljana_Upper_Carniola_Region.html
