review_location_name, review_current_page, review_last_page, review_location_type, review_location_breadcrumbs, review_location_rate, location_lat, location_lng, review_id, review_date, review_experience_date, review_rate, user_name, user_link, user_id, parent_url
Old Vine House, 4, 29, Specialty Museums & Specialty Museums, Europe & Slovenia & Styria Region & Maribor & Things to Do in Maribor, 4.5, 46.556717, 15.644183, 690453830, 20190701, 20190701, 3.0, stevenenhilde, /Profile/stevenenhilde, 26804809e3a4f196dc784971bd3638b8, /Attraction_Review-g274874-d7390126-Reviews-Old_Vine_House-Maribor_Styria_Region.html
Old Vine House, 4, 29, Specialty Museums & Specialty Museums, Europe & Slovenia & Styria Region & Maribor & Things to Do in Maribor, 4.5, 46.556717, 15.644183, 689870583, 20190701, 20190701, 5.0, Nick B, /Profile/A673DQnickb, 2bfd31d7c6df25e5a20123a6b263dc8a, /Attraction_Review-g274874-d7390126-Reviews-Old_Vine_House-Maribor_Styria_Region.html
Old Vine House, 4, 29, Specialty Museums & Specialty Museums, Europe & Slovenia & Styria Region & Maribor & Things to Do in Maribor, 4.5, 46.556717, 15.644183, 685764611, 20190701, 20190701, 5.0, Benjamin F, /Profile/benjaminfO7765CI, 28b4a03aab8ed3642117f10b2b5c90fc, /Attraction_Review-g274874-d7390126-Reviews-Old_Vine_House-Maribor_Styria_Region.html
Old Vine House, 4, 29, Specialty Museums & Specialty Museums, Europe & Slovenia & Styria Region & Maribor & Things to Do in Maribor, 4.5, 46.556717, 15.644183, 683585212, 20190601, 20190601, 4.0, Murphy0612, /Profile/Murphy0612, 6ea847e152b63398f9bf57fdd65eb794, /Attraction_Review-g274874-d7390126-Reviews-Old_Vine_House-Maribor_Styria_Region.html
Old Vine House, 4, 29, Specialty Museums & Specialty Museums, Europe & Slovenia & Styria Region & Maribor & Things to Do in Maribor, 4.5, 46.556717, 15.644183, 681881814, 20190601, 20190601, 5.0, Tomi A, /Profile/tomia545, 07fa72ad3fba3eafb8eb10b88158d986, /Attraction_Review-g274874-d7390126-Reviews-Old_Vine_House-Maribor_Styria_Region.html
