review_location_name, review_current_page, review_last_page, review_location_type, review_location_breadcrumbs, review_location_rate, location_lat, location_lng, review_id, review_date, review_experience_date, review_rate, user_name, user_link, user_id, parent_url
Skocjanske Jame, 39, 161, Caverns & Caves & Caverns & Caves, Europe & Slovenia & Slovenian Littoral Region & Skocjan & Things to Do in Skocjan, 4.5, 45.66363, 13.98887, 529035029, 20171001, 20171001, 5.0, tasket, /Profile/tasket, ce4660975ab6d3420cfc3211ff598ad7, /Attraction_Review-g17579051-d10438743-Reviews-Skocjanske_Jame-Skocjan_Slovenian_Littoral_Region.html
Skocjanske Jame, 39, 161, Caverns & Caves & Caverns & Caves, Europe & Slovenia & Slovenian Littoral Region & Skocjan & Things to Do in Skocjan, 4.5, 45.66363, 13.98887, 528756566, 20171001, 20170901, 5.0, IndianaGeologist, /Profile/IndianaGeologist, 5a60a1e43650fa8356977300ee018eb8, /Attraction_Review-g17579051-d10438743-Reviews-Skocjanske_Jame-Skocjan_Slovenian_Littoral_Region.html
Skocjanske Jame, 39, 161, Caverns & Caves & Caverns & Caves, Europe & Slovenia & Slovenian Littoral Region & Skocjan & Things to Do in Skocjan, 4.5, 45.66363, 13.98887, 528581093, 20170901, 20170901, 5.0, Cindy F, /Profile/CindyF768, 60d7f4f7b3075e17357d252bc6c3c0e4, /Attraction_Review-g17579051-d10438743-Reviews-Skocjanske_Jame-Skocjan_Slovenian_Littoral_Region.html
Skocjanske Jame, 39, 161, Caverns & Caves & Caverns & Caves, Europe & Slovenia & Slovenian Littoral Region & Skocjan & Things to Do in Skocjan, 4.5, 45.66363, 13.98887, 528107497, 20170901, 20170901, 5.0, orawolfowicz, /Profile/orawolfowicz, 6e46cf916cc7693f7ed0714f0714eb14, /Attraction_Review-g17579051-d10438743-Reviews-Skocjanske_Jame-Skocjan_Slovenian_Littoral_Region.html
Skocjanske Jame, 39, 161, Caverns & Caves & Caverns & Caves, Europe & Slovenia & Slovenian Littoral Region & Skocjan & Things to Do in Skocjan, 4.5, 45.66363, 13.98887, 527300935, 20170901, 20170901, 5.0, Charles M. M, /Profile/charlesmm2015, d849ebc5fd908e05cb602be1e05655e4, /Attraction_Review-g17579051-d10438743-Reviews-Skocjanske_Jame-Skocjan_Slovenian_Littoral_Region.html
