review_location_name, review_current_page, review_last_page, review_location_type, review_location_breadcrumbs, review_location_rate, location_lat, location_lng, review_id, review_date, review_experience_date, review_rate, user_name, user_link, user_id, parent_url
The Posavje museum Brežice, 2, 6, Specialty Museums & Specialty Museums, Europe & Slovenia & Lower Carniola Region & Brezice & Things to Do in Brezice, 4.5, 45.9019, 15.59259, 687527256, 20190701, 20190701, 5.0, bluejules2012, /Profile/bluejules2012, 64076838b8197efca1382c3d5ab52d0a, /Attraction_Review-g1567720-d2348747-Reviews-The_Posavje_museum_Brezice-Brezice_Lower_Carniola_Region.html
The Posavje museum Brežice, 2, 6, Specialty Museums & Specialty Museums, Europe & Slovenia & Lower Carniola Region & Brezice & Things to Do in Brezice, 4.5, 45.9019, 15.59259, 678865899, 20190601, 20190501, 5.0, Mitja O, /Profile/mitjao304, 4b5e766dab02e4e74e34b1e4b6efea0f, /Attraction_Review-g1567720-d2348747-Reviews-The_Posavje_museum_Brezice-Brezice_Lower_Carniola_Region.html
The Posavje museum Brežice, 2, 6, Specialty Museums & Specialty Museums, Europe & Slovenia & Lower Carniola Region & Brezice & Things to Do in Brezice, 4.5, 45.9019, 15.59259, 671081752, 20190501, 20180901, 4.0, Chrisroom101, /Profile/Chrisroom101, 59a9ee6e65803a78def08e6bfb183fc6, /Attraction_Review-g1567720-d2348747-Reviews-The_Posavje_museum_Brezice-Brezice_Lower_Carniola_Region.html
The Posavje museum Brežice, 2, 6, Specialty Museums & Specialty Museums, Europe & Slovenia & Lower Carniola Region & Brezice & Things to Do in Brezice, 4.5, 45.9019, 15.59259, 631566500, 20181101, 20181001, 5.0, Ana PG, /Profile/AnaP932, 99abcf31320bb47b2e4aff8783cf8ac2, /Attraction_Review-g1567720-d2348747-Reviews-The_Posavje_museum_Brezice-Brezice_Lower_Carniola_Region.html
The Posavje museum Brežice, 2, 6, Specialty Museums & Specialty Museums, Europe & Slovenia & Lower Carniola Region & Brezice & Things to Do in Brezice, 4.5, 45.9019, 15.59259, 613267799, 20180901, 20180801, 5.0, Lidija S, /Profile/367lidijas, 6a52a92c4dab062016e4218620229c4f, /Attraction_Review-g1567720-d2348747-Reviews-The_Posavje_museum_Brezice-Brezice_Lower_Carniola_Region.html
