review_location_name, review_current_page, review_last_page, review_location_type, review_location_breadcrumbs, review_location_rate, location_lat, location_lng, review_id, review_date, review_experience_date, review_rate, user_name, user_link, user_id, parent_url
Triglav National Park, 53, 63, National Parks & Hiking Trails & National Parks & Hiking Trails, Europe & Slovenia & Upper Carniola Region & Bled & Things to Do in Bled, 5.0, 46.36883, 14.11886, 217638223, 20140701, 20140701, 4.0, ValBFarnborough, /Profile/ValBFarnborough, dc94a19e77bc54efce7b91be89838d89, /Attraction_Review-g274863-d276476-Reviews-Triglav_National_Park-Bled_Upper_Carniola_Region.html
Triglav National Park, 53, 63, National Parks & Hiking Trails & National Parks & Hiking Trails, Europe & Slovenia & Upper Carniola Region & Bled & Things to Do in Bled, 5.0, 46.36883, 14.11886, 217120308, 20140701, 20140701, 5.0, Carl W, /Profile/397carlw, 9194d239dc8b345094f38ace2056c4ad, /Attraction_Review-g274863-d276476-Reviews-Triglav_National_Park-Bled_Upper_Carniola_Region.html
Triglav National Park, 53, 63, National Parks & Hiking Trails & National Parks & Hiking Trails, Europe & Slovenia & Upper Carniola Region & Bled & Things to Do in Bled, 5.0, 46.36883, 14.11886, 216857339, 20140701, 20130901, 5.0, Klemsy, /Profile/Klemsy, b14ec1545e951d970d2fc70247f9fdfd, /Attraction_Review-g274863-d276476-Reviews-Triglav_National_Park-Bled_Upper_Carniola_Region.html
Triglav National Park, 53, 63, National Parks & Hiking Trails & National Parks & Hiking Trails, Europe & Slovenia & Upper Carniola Region & Bled & Things to Do in Bled, 5.0, 46.36883, 14.11886, 215775828, 20140701, 20140701, 5.0, John B, /Profile/johnbH8326RQ, 080de9b675c169a69e8a535de39a16cf, /Attraction_Review-g274863-d276476-Reviews-Triglav_National_Park-Bled_Upper_Carniola_Region.html
Triglav National Park, 53, 63, National Parks & Hiking Trails & National Parks & Hiking Trails, Europe & Slovenia & Upper Carniola Region & Bled & Things to Do in Bled, 5.0, 46.36883, 14.11886, 214937880, 20140701, 20140701, 5.0, HighheeledLeader, /Profile/HighheeledLeader, b964b95e9a96f1e1475c132514551da2, /Attraction_Review-g274863-d276476-Reviews-Triglav_National_Park-Bled_Upper_Carniola_Region.html
