review_location_name, review_current_page, review_last_page, review_location_type, review_location_breadcrumbs, review_location_rate, location_lat, location_lng, review_id, review_date, review_experience_date, review_rate, user_name, user_link, user_id, parent_url
Bled Castle (Blejski Grad), 138, 478, Castles & Castles, Europe & Slovenia & Upper Carniola Region & Bled & Things to Do in Bled, 4.0, 46.369713, 14.100682, 542939542, 20171101, 20171101, 4.0, Amir F., /Profile/FavoriteKnowledge, 0a3e7a936d99b8ed6fa7435d1372e739, /Attraction_Review-g274863-d300864-Reviews-Bled_Castle_Blejski_Grad-Bled_Upper_Carniola_Region.html
Bled Castle (Blejski Grad), 138, 478, Castles & Castles, Europe & Slovenia & Upper Carniola Region & Bled & Things to Do in Bled, 4.0, 46.369713, 14.100682, 542823798, 20171101, 20171101, 3.0, michael p, /Profile/naiswaku, a8fbce9a09a28f85488223bfc55763ba, /Attraction_Review-g274863-d300864-Reviews-Bled_Castle_Blejski_Grad-Bled_Upper_Carniola_Region.html
Bled Castle (Blejski Grad), 138, 478, Castles & Castles, Europe & Slovenia & Upper Carniola Region & Bled & Things to Do in Bled, 4.0, 46.369713, 14.100682, 542445814, 20171101, 20171101, 5.0, Laurence M, /Profile/LaurenceM754, ce0cc83ee96b2d2f4f0a2e256f9a2127, /Attraction_Review-g274863-d300864-Reviews-Bled_Castle_Blejski_Grad-Bled_Upper_Carniola_Region.html
Bled Castle (Blejski Grad), 138, 478, Castles & Castles, Europe & Slovenia & Upper Carniola Region & Bled & Things to Do in Bled, 4.0, 46.369713, 14.100682, 542185325, 20171101, 20171101, 4.0, Marco M, /Profile/mmercurio175, 797780065192f8c5c7b07d718620433d, /Attraction_Review-g274863-d300864-Reviews-Bled_Castle_Blejski_Grad-Bled_Upper_Carniola_Region.html
Bled Castle (Blejski Grad), 138, 478, Castles & Castles, Europe & Slovenia & Upper Carniola Region & Bled & Things to Do in Bled, 4.0, 46.369713, 14.100682, 542091413, 20171101, 20170901, 3.0, keepmovin63, /Profile/keepmovin63, de6b240056a406fe20127c6b22abbce5, /Attraction_Review-g274863-d300864-Reviews-Bled_Castle_Blejski_Grad-Bled_Upper_Carniola_Region.html
