review_location_name, review_current_page, review_last_page, review_location_type, review_location_breadcrumbs, review_location_rate, location_lat, location_lng, review_id, review_date, review_experience_date, review_rate, user_name, user_link, user_id, parent_url
Aquapark & Wellness - Vodni Park Bohinj, 7, 11, Spas & Spas, Europe & Slovenia & Upper Carniola Region & Bohinjska Bistrica & Things to Do in Bohinjska Bistrica, 4.0, 46.272438, 13.956736, 449667179, 20170101, 20161201, 4.0, beatrizbm91, /Profile/beatrizbm91, cfadbe3cd47ea2d97afb4242af121f40, /Attraction_Review-g815572-d6938562-Reviews-Aquapark_Wellness_Vodni_Park_Bohinj-Bohinjska_Bistrica_Upper_Carniola_Region.html
Aquapark & Wellness - Vodni Park Bohinj, 7, 11, Spas & Spas, Europe & Slovenia & Upper Carniola Region & Bohinjska Bistrica & Things to Do in Bohinjska Bistrica, 4.0, 46.272438, 13.956736, 427377923, 20161001, 20161001, 3.0, Yuval B, /Profile/yuvalb321, e8a3394556bbf49cc05597ce58ef2df5, /Attraction_Review-g815572-d6938562-Reviews-Aquapark_Wellness_Vodni_Park_Bohinj-Bohinjska_Bistrica_Upper_Carniola_Region.html
Aquapark & Wellness - Vodni Park Bohinj, 7, 11, Spas & Spas, Europe & Slovenia & Upper Carniola Region & Bohinjska Bistrica & Things to Do in Bohinjska Bistrica, 4.0, 46.272438, 13.956736, 424472918, 20161001, 20161001, 4.0, Chuste M, /Profile/chustem, a4e88a11c9da1adb41eb4d711b16c4af, /Attraction_Review-g815572-d6938562-Reviews-Aquapark_Wellness_Vodni_Park_Bohinj-Bohinjska_Bistrica_Upper_Carniola_Region.html
Aquapark & Wellness - Vodni Park Bohinj, 7, 11, Spas & Spas, Europe & Slovenia & Upper Carniola Region & Bohinjska Bistrica & Things to Do in Bohinjska Bistrica, 4.0, 46.272438, 13.956736, 418095931, 20160901, 20151001, 5.0, Sanja L, /Profile/70sanjal, 67ed49fbf02c970873d4c6ecfddf4635, /Attraction_Review-g815572-d6938562-Reviews-Aquapark_Wellness_Vodni_Park_Bohinj-Bohinjska_Bistrica_Upper_Carniola_Region.html
Aquapark & Wellness - Vodni Park Bohinj, 7, 11, Spas & Spas, Europe & Slovenia & Upper Carniola Region & Bohinjska Bistrica & Things to Do in Bohinjska Bistrica, 4.0, 46.272438, 13.956736, 415592791, 20160901, 20160901, 4.0, Niels V, /Profile/nielsv938, 111c6e631a9a622829d844a0e8cfb8e9, /Attraction_Review-g815572-d6938562-Reviews-Aquapark_Wellness_Vodni_Park_Bohinj-Bohinjska_Bistrica_Upper_Carniola_Region.html
