review_location_name, review_current_page, review_last_page, review_location_type, review_location_breadcrumbs, review_location_rate, location_lat, location_lng, review_id, review_date, review_experience_date, review_rate, user_name, user_link, user_id, parent_url
Vrsic Pass - Julian Alps, 13, 39, Nature & Wildlife Areas & Nature & Wildlife Areas, Europe & Slovenia & Upper Carniola Region & Kranjska Gora & Things to Do in Kranjska Gora, 4.5, 46.432716, 13.743278, 598765377, 20180701, 20180701, 5.0, Malkolek, /Profile/Malkolek, 029150a0cea25e62bc0479694c54cfb5, /Attraction_Review-g274870-d3630674-Reviews-Vrsic_Pass_Julian_Alps-Kranjska_Gora_Upper_Carniola_Region.html
Vrsic Pass - Julian Alps, 13, 39, Nature & Wildlife Areas & Nature & Wildlife Areas, Europe & Slovenia & Upper Carniola Region & Kranjska Gora & Things to Do in Kranjska Gora, 4.5, 46.432716, 13.743278, 595447852, 20180701, 20180701, 4.0, Kim M, /Profile/J3227ACkimm, eb96ee2374dd049e5d3bb29676781524, /Attraction_Review-g274870-d3630674-Reviews-Vrsic_Pass_Julian_Alps-Kranjska_Gora_Upper_Carniola_Region.html
Vrsic Pass - Julian Alps, 13, 39, Nature & Wildlife Areas & Nature & Wildlife Areas, Europe & Slovenia & Upper Carniola Region & Kranjska Gora & Things to Do in Kranjska Gora, 4.5, 46.432716, 13.743278, 594209212, 20180701, 20180701, 5.0, TravelnurseUSA, /Profile/TravelnurseUSA, 7dbce58c723f1be77e0bde23bfb14230, /Attraction_Review-g274870-d3630674-Reviews-Vrsic_Pass_Julian_Alps-Kranjska_Gora_Upper_Carniola_Region.html
Vrsic Pass - Julian Alps, 13, 39, Nature & Wildlife Areas & Nature & Wildlife Areas, Europe & Slovenia & Upper Carniola Region & Kranjska Gora & Things to Do in Kranjska Gora, 4.5, 46.432716, 13.743278, 589039945, 20180601, 20170701, 5.0, Robin R, /Profile/robinr549, 038ee50cb5d72cc6c7afa16f7fde375d, /Attraction_Review-g274870-d3630674-Reviews-Vrsic_Pass_Julian_Alps-Kranjska_Gora_Upper_Carniola_Region.html
Vrsic Pass - Julian Alps, 13, 39, Nature & Wildlife Areas & Nature & Wildlife Areas, Europe & Slovenia & Upper Carniola Region & Kranjska Gora & Things to Do in Kranjska Gora, 4.5, 46.432716, 13.743278, 584718649, 20180601, 20180501, 5.0, Dria0607, /Profile/Dria0607, bdfc58cdadfba60f6594ef57498dd39a, /Attraction_Review-g274870-d3630674-Reviews-Vrsic_Pass_Julian_Alps-Kranjska_Gora_Upper_Carniola_Region.html
