review_location_name, review_current_page, review_last_page, review_location_type, review_location_breadcrumbs, review_location_rate, location_lat, location_lng, review_id, review_date, review_experience_date, review_rate, user_name, user_link, user_id, parent_url
Karra, 1, 3, Room Escape Games & Scavenger Hunts & Nature & Wildlife Areas & Room Escape Games & Scavenger Hunts & Nature & Wildlife Areas, Europe & Slovenia & Slovenian Littoral Region & Tomaj & Things to Do in Tomaj, 5.0, 45.75445, 13.85883, 762065698, 20200701, 20200701, 5.0, Blaz K, /Profile/BlazKolaz, 4fd2eb5b60067a94cfacf744f8f17f2e, /Attraction_Review-g13164565-d12900636-Reviews-Karra-Tomaj_Slovenian_Littoral_Region.html
Karra, 1, 3, Room Escape Games & Scavenger Hunts & Nature & Wildlife Areas & Room Escape Games & Scavenger Hunts & Nature & Wildlife Areas, Europe & Slovenia & Slovenian Littoral Region & Tomaj & Things to Do in Tomaj, 5.0, 45.75445, 13.85883, 759237231, 20200701, 20200601, 5.0, Tadej Šustersic, /Profile/tadejsus, 973380e44022dbe7602eb3f50d7c92e7, /Attraction_Review-g13164565-d12900636-Reviews-Karra-Tomaj_Slovenian_Littoral_Region.html
Karra, 1, 3, Room Escape Games & Scavenger Hunts & Nature & Wildlife Areas & Room Escape Games & Scavenger Hunts & Nature & Wildlife Areas, Europe & Slovenia & Slovenian Littoral Region & Tomaj & Things to Do in Tomaj, 5.0, 45.75445, 13.85883, 721801395, 20191001, 20191001, 5.0, SonjaPro, /Profile/SonjaPro, 7466b92f8808c7282b614ea99a79a5a9, /Attraction_Review-g13164565-d12900636-Reviews-Karra-Tomaj_Slovenian_Littoral_Region.html
Karra, 1, 3, Room Escape Games & Scavenger Hunts & Nature & Wildlife Areas & Room Escape Games & Scavenger Hunts & Nature & Wildlife Areas, Europe & Slovenia & Slovenian Littoral Region & Tomaj & Things to Do in Tomaj, 5.0, 45.75445, 13.85883, 690554224, 20190701, 20190701, 5.0, ChristophChristiane, /Profile/ChristophChristiane, ce8161c9ad0383466de17741a1490f2e, /Attraction_Review-g13164565-d12900636-Reviews-Karra-Tomaj_Slovenian_Littoral_Region.html
Karra, 1, 3, Room Escape Games & Scavenger Hunts & Nature & Wildlife Areas & Room Escape Games & Scavenger Hunts & Nature & Wildlife Areas, Europe & Slovenia & Slovenian Littoral Region & Tomaj & Things to Do in Tomaj, 5.0, 45.75445, 13.85883, 680710425, 20190601, 20190601, 5.0, urška g, /Profile/ursagodec, 6f0a4baee22031fad588d2bdb29f5794, /Attraction_Review-g13164565-d12900636-Reviews-Karra-Tomaj_Slovenian_Littoral_Region.html
