review_location_name, review_current_page, review_last_page, review_location_type, review_location_breadcrumbs, review_location_rate, location_lat, location_lng, review_id, review_date, review_experience_date, review_rate, user_name, user_link, user_id, parent_url
House of Illusions, 10, 84, Specialty Museums & Children's Museums & Specialty Museums & Children's Museums, Europe & Slovenia & Upper Carniola Region & Ljubljana & Things to Do in Ljubljana, 4.0, 46.04975, 14.503541, 697445865, 20190801, 20190801, 4.0, Martin B, /Profile/MartinB277, 8f5d52f50e970217b447f9e506c49dbb, /Attraction_Review-g274873-d10815305-Reviews-House_of_Illusions-Ljubljana_Upper_Carniola_Region.html
House of Illusions, 10, 84, Specialty Museums & Children's Museums & Specialty Museums & Children's Museums, Europe & Slovenia & Upper Carniola Region & Ljubljana & Things to Do in Ljubljana, 4.0, 46.04975, 14.503541, 696954931, 20190801, 20190801, 3.0, jolienglenn, /Profile/jolienglenn, 543331f484932a05ffd9e948b89c252d, /Attraction_Review-g274873-d10815305-Reviews-House_of_Illusions-Ljubljana_Upper_Carniola_Region.html
House of Illusions, 10, 84, Specialty Museums & Children's Museums & Specialty Museums & Children's Museums, Europe & Slovenia & Upper Carniola Region & Ljubljana & Things to Do in Ljubljana, 4.0, 46.04975, 14.503541, 694505980, 20190701, 20190701, 3.0, ClaireMarie82, /Profile/ClaireMarie82, 500bdccb6c7e8187928025ca4183c433, /Attraction_Review-g274873-d10815305-Reviews-House_of_Illusions-Ljubljana_Upper_Carniola_Region.html
House of Illusions, 10, 84, Specialty Museums & Children's Museums & Specialty Museums & Children's Museums, Europe & Slovenia & Upper Carniola Region & Ljubljana & Things to Do in Ljubljana, 4.0, 46.04975, 14.503541, 692524400, 20190701, 20190701, 5.0, christinafaartoft, /Profile/christinafaartoft, c5e688ae33313373493c49c8ee68f0b9, /Attraction_Review-g274873-d10815305-Reviews-House_of_Illusions-Ljubljana_Upper_Carniola_Region.html
House of Illusions, 10, 84, Specialty Museums & Children's Museums & Specialty Museums & Children's Museums, Europe & Slovenia & Upper Carniola Region & Ljubljana & Things to Do in Ljubljana, 4.0, 46.04975, 14.503541, 692456126, 20190701, 20190701, 4.0, Andycc85, /Profile/Andycc85, e5bd3c382c27e042bbc7c3500015462d, /Attraction_Review-g274873-d10815305-Reviews-House_of_Illusions-Ljubljana_Upper_Carniola_Region.html
