review_location_name, review_current_page, review_last_page, review_location_type, review_location_breadcrumbs, review_location_rate, location_lat, location_lng, review_id, review_date, review_experience_date, review_rate, user_name, user_link, user_id, parent_url
Pivka Jama, 2, 5, Caverns & Caves & Caverns & Caves, Europe & Slovenia & Inner Carniola Region & Postojna & Things to Do in Postojna, 4.5, 45.805023, 14.204206, 605550810, 20180801, 20180801, 5.0, Terry Anzur, /Profile/strangersblog, fe62f178f1e9c03e425a3dcdd045a25a, /Attraction_Review-g274878-d3410345-Reviews-Pivka_Jama-Postojna_Inner_Carniola_Region.html
Pivka Jama, 2, 5, Caverns & Caves & Caverns & Caves, Europe & Slovenia & Inner Carniola Region & Postojna & Things to Do in Postojna, 4.5, 45.805023, 14.204206, 603044221, 20180801, 20180701, 5.0, Dylan K, /Profile/dylank850, ff3594bfa97485799886756b76fe0e87, /Attraction_Review-g274878-d3410345-Reviews-Pivka_Jama-Postojna_Inner_Carniola_Region.html
Pivka Jama, 2, 5, Caverns & Caves & Caverns & Caves, Europe & Slovenia & Inner Carniola Region & Postojna & Things to Do in Postojna, 4.5, 45.805023, 14.204206, 594121666, 20180701, 20180601, 5.0, j p, /Profile/314jp, 68124f5d94a790c53231616d72ef5fb6, /Attraction_Review-g274878-d3410345-Reviews-Pivka_Jama-Postojna_Inner_Carniola_Region.html
Pivka Jama, 2, 5, Caverns & Caves & Caverns & Caves, Europe & Slovenia & Inner Carniola Region & Postojna & Things to Do in Postojna, 4.5, 45.805023, 14.204206, 534023374, 20171001, 20171001, 5.0, Anirban Saha, /Profile/395anirbans, 743cd5c8d74073812175b5c28fdcc1cd, /Attraction_Review-g274878-d3410345-Reviews-Pivka_Jama-Postojna_Inner_Carniola_Region.html
Pivka Jama, 2, 5, Caverns & Caves & Caverns & Caves, Europe & Slovenia & Inner Carniola Region & Postojna & Things to Do in Postojna, 4.5, 45.805023, 14.204206, 529690841, 20171001, 20170701, 4.0, BP_TFG, /Profile/BP_TFG, 679e5dbbf3bf64474703dabbd4521bb9, /Attraction_Review-g274878-d3410345-Reviews-Pivka_Jama-Postojna_Inner_Carniola_Region.html
