review_location_name, review_current_page, review_last_page, review_location_type, review_location_breadcrumbs, review_location_rate, location_lat, location_lng, review_id, review_date, review_experience_date, review_rate, user_name, user_link, user_id, parent_url
Ljubljana Old Town, 739, 824, Neighborhoods & Neighborhoods, Europe & Slovenia & Upper Carniola Region & Ljubljana & Things to Do in Ljubljana, 4.5, 46.051033, 14.506317, 207348675, 20140501, 20140501, 4.0, Traveller1234321, /Profile/Traveller1234321, 9decd607bf57b8ba6b714e284108c8a7, /Attraction_Review-g274873-d298666-Reviews-Ljubljana_Old_Town-Ljubljana_Upper_Carniola_Region.html
Ljubljana Old Town, 739, 824, Neighborhoods & Neighborhoods, Europe & Slovenia & Upper Carniola Region & Ljubljana & Things to Do in Ljubljana, 4.5, 46.051033, 14.506317, 207279571, 20140501, 20130601, 5.0, nikudo, /Profile/nikudo, 05fb0cfaf89d46a2513544d315af2bfa, /Attraction_Review-g274873-d298666-Reviews-Ljubljana_Old_Town-Ljubljana_Upper_Carniola_Region.html
Ljubljana Old Town, 739, 824, Neighborhoods & Neighborhoods, Europe & Slovenia & Upper Carniola Region & Ljubljana & Things to Do in Ljubljana, 4.5, 46.051033, 14.506317, 207257597, 20140501, 20140501, 4.0, Pocestnik, /Profile/Pocestnik, 61df537fe76319a9250f156fc43913a9, /Attraction_Review-g274873-d298666-Reviews-Ljubljana_Old_Town-Ljubljana_Upper_Carniola_Region.html
Ljubljana Old Town, 739, 824, Neighborhoods & Neighborhoods, Europe & Slovenia & Upper Carniola Region & Ljubljana & Things to Do in Ljubljana, 4.5, 46.051033, 14.506317, 206987482, 20140501, 20140501, 5.0, Didystanbul, /Profile/Didystanbul, 0bd749e0d2a9f04ba91fc210d094a72c, /Attraction_Review-g274873-d298666-Reviews-Ljubljana_Old_Town-Ljubljana_Upper_Carniola_Region.html
Ljubljana Old Town, 739, 824, Neighborhoods & Neighborhoods, Europe & Slovenia & Upper Carniola Region & Ljubljana & Things to Do in Ljubljana, 4.5, 46.051033, 14.506317, 206433390, 20140501, 20140501, 4.0, royt974, /Profile/royt974, 435864898da55f33dc7c8576f6052b84, /Attraction_Review-g274873-d298666-Reviews-Ljubljana_Old_Town-Ljubljana_Upper_Carniola_Region.html
