review_location_name, review_current_page, review_last_page, review_location_type, review_location_breadcrumbs, review_location_rate, location_lat, location_lng, review_id, review_date, review_experience_date, review_rate, user_name, user_link, user_id, parent_url
Butcher's Bridge, 32, 66, Bridges & Bridges, Europe & Slovenia & Upper Carniola Region & Ljubljana & Things to Do in Ljubljana, 4.0, 46.05187, 14.5135, 467686856, 20170301, 20161201, 5.0, Shelley v, /Profile/296shelleyv, 1e6aeb6cb1650745d236fd19b2294cb1, /Attraction_Review-g274873-d2360134-Reviews-Butcher_s_Bridge-Ljubljana_Upper_Carniola_Region.html
Butcher's Bridge, 32, 66, Bridges & Bridges, Europe & Slovenia & Upper Carniola Region & Ljubljana & Things to Do in Ljubljana, 4.0, 46.05187, 14.5135, 465956278, 20170301, 20170201, 5.0, Angela C, /Profile/angelacQ2478IH, 25e974aeb22e4a0c6213d1b2ebe5ed9b, /Attraction_Review-g274873-d2360134-Reviews-Butcher_s_Bridge-Ljubljana_Upper_Carniola_Region.html
Butcher's Bridge, 32, 66, Bridges & Bridges, Europe & Slovenia & Upper Carniola Region & Ljubljana & Things to Do in Ljubljana, 4.0, 46.05187, 14.5135, 465060417, 20170301, 20170201, 4.0, MAD52MAA, /Profile/MAD52MAA, a563dcf6f76ddd1478a84fed776b9f14, /Attraction_Review-g274873-d2360134-Reviews-Butcher_s_Bridge-Ljubljana_Upper_Carniola_Region.html
Butcher's Bridge, 32, 66, Bridges & Bridges, Europe & Slovenia & Upper Carniola Region & Ljubljana & Things to Do in Ljubljana, 4.0, 46.05187, 14.5135, 462764490, 20170201, 20170201, 4.0, debdancing, /Profile/debdancing, 54190424c9251a9ff71fbed34a5e5e79, /Attraction_Review-g274873-d2360134-Reviews-Butcher_s_Bridge-Ljubljana_Upper_Carniola_Region.html
Butcher's Bridge, 32, 66, Bridges & Bridges, Europe & Slovenia & Upper Carniola Region & Ljubljana & Things to Do in Ljubljana, 4.0, 46.05187, 14.5135, 459566442, 20170201, 20160701, 5.0, Ziggy-SLO, /Profile/Ziggy-SLO, 5da2fd4b8f33bd60e4aa878e31f7d6b1, /Attraction_Review-g274873-d2360134-Reviews-Butcher_s_Bridge-Ljubljana_Upper_Carniola_Region.html
