review_location_name, review_current_page, review_last_page, review_location_type, review_location_breadcrumbs, review_location_rate, location_lat, location_lng, review_id, review_date, review_experience_date, review_rate, user_name, user_link, user_id, parent_url
Soca Fun Park, 8, 9, Parks & Game & Entertainment Centers & Parks & Game & Entertainment Centers, Europe & Slovenia & Styria Region & Nova Gorica & Solkan & Things to Do in Solkan, 5.0, 45.97231, 13.64262, 315570835, 20151001, 20150901, 5.0, Mitja B, /Profile/812mitjab, 00e895533c040eaebef4b5ebeeefa255, /Attraction_Review-g1077246-d8261307-Reviews-Soca_Fun_Park-Solkan_Nova_Gorica_Styria_Region.html
Soca Fun Park, 8, 9, Parks & Game & Entertainment Centers & Parks & Game & Entertainment Centers, Europe & Slovenia & Styria Region & Nova Gorica & Solkan & Things to Do in Solkan, 5.0, 45.97231, 13.64262, 310740321, 20150901, 20150801, 5.0, valentina_k_26, /Profile/valentina_k_26, 8b0c90c750d17bd13a4b89ad5e83fa81, /Attraction_Review-g1077246-d8261307-Reviews-Soca_Fun_Park-Solkan_Nova_Gorica_Styria_Region.html
Soca Fun Park, 8, 9, Parks & Game & Entertainment Centers & Parks & Game & Entertainment Centers, Europe & Slovenia & Styria Region & Nova Gorica & Solkan & Things to Do in Solkan, 5.0, 45.97231, 13.64262, 309791355, 20150901, 20150801, 5.0, ArnonLevy, /Profile/ArnonLevy, 15cb659e5d8addfb5c048c565f8afb8c, /Attraction_Review-g1077246-d8261307-Reviews-Soca_Fun_Park-Solkan_Nova_Gorica_Styria_Region.html
Soca Fun Park, 8, 9, Parks & Game & Entertainment Centers & Parks & Game & Entertainment Centers, Europe & Slovenia & Styria Region & Nova Gorica & Solkan & Things to Do in Solkan, 5.0, 45.97231, 13.64262, 304676393, 20150801, 20150801, 5.0, UrosMDV, /Profile/UrosMDV, 3a5146a08c01340bf673566bcf005e59, /Attraction_Review-g1077246-d8261307-Reviews-Soca_Fun_Park-Solkan_Nova_Gorica_Styria_Region.html
Soca Fun Park, 8, 9, Parks & Game & Entertainment Centers & Parks & Game & Entertainment Centers, Europe & Slovenia & Styria Region & Nova Gorica & Solkan & Things to Do in Solkan, 5.0, 45.97231, 13.64262, 284735312, 20150701, 20150601, 5.0, Fun W, /Profile/funw2015, 0263dd7f9c7be649127de1e598fad247, /Attraction_Review-g1077246-d8261307-Reviews-Soca_Fun_Park-Solkan_Nova_Gorica_Styria_Region.html
