review_location_name, review_current_page, review_last_page, review_location_type, review_location_breadcrumbs, review_location_rate, location_lat, location_lng, review_id, review_date, review_experience_date, review_rate, user_name, user_link, user_id, parent_url
Lake Bohinj, 8, 162, Bodies of Water & Bodies of Water, Europe & Slovenia & Upper Carniola Region & Bohinjsko Jezero & Things to Do in Bohinjsko Jezero, 4.5, 46.28596, 13.891477, 719296760, 20191001, 20191001, 3.0, Fabian F, /Profile/FabianF1149, c082f7d0e8ee54572af9f6e67ac2a94c, /Attraction_Review-g274865-d296736-Reviews-Lake_Bohinj-Bohinjsko_Jezero_Upper_Carniola_Region.html
Lake Bohinj, 8, 162, Bodies of Water & Bodies of Water, Europe & Slovenia & Upper Carniola Region & Bohinjsko Jezero & Things to Do in Bohinjsko Jezero, 4.5, 46.28596, 13.891477, 716417746, 20191001, 20191001, 5.0, Tom T, /Profile/129tomt, eaa22d971dd198d33dd9561fee13d0ca, /Attraction_Review-g274865-d296736-Reviews-Lake_Bohinj-Bohinjsko_Jezero_Upper_Carniola_Region.html
Lake Bohinj, 8, 162, Bodies of Water & Bodies of Water, Europe & Slovenia & Upper Carniola Region & Bohinjsko Jezero & Things to Do in Bohinjsko Jezero, 4.5, 46.28596, 13.891477, 716402439, 20191001, 20190901, 5.0, Sandy, /Profile/dogshouse25, 1d17e26ba016cd27585595a45a5588d5, /Attraction_Review-g274865-d296736-Reviews-Lake_Bohinj-Bohinjsko_Jezero_Upper_Carniola_Region.html
Lake Bohinj, 8, 162, Bodies of Water & Bodies of Water, Europe & Slovenia & Upper Carniola Region & Bohinjsko Jezero & Things to Do in Bohinjsko Jezero, 4.5, 46.28596, 13.891477, 715983209, 20191001, 20190901, 4.0, Julie C, /Profile/Stormjc, ba301542bec042ae6c115b3d8eb35534, /Attraction_Review-g274865-d296736-Reviews-Lake_Bohinj-Bohinjsko_Jezero_Upper_Carniola_Region.html
Lake Bohinj, 8, 162, Bodies of Water & Bodies of Water, Europe & Slovenia & Upper Carniola Region & Bohinjsko Jezero & Things to Do in Bohinjsko Jezero, 4.5, 46.28596, 13.891477, 715502893, 20191001, 20190901, 5.0, Raja R, /Profile/RajaR957, 806568ab60604fded066de6558d27ed5, /Attraction_Review-g274865-d296736-Reviews-Lake_Bohinj-Bohinjsko_Jezero_Upper_Carniola_Region.html
