review_location_name, review_current_page, review_last_page, review_location_type, review_location_breadcrumbs, review_location_rate, location_lat, location_lng, review_id, review_date, review_experience_date, review_rate, user_name, user_link, user_id, parent_url
Vinarium Tower, 4, 14, Observation Decks & Towers & Observation Decks & Towers, Europe & Slovenia & Prekmurje Region & Lendava & Things to Do in Lendava, 4.0, 46.56745, 16.46821, 671015278, 20190501, 20190501, 4.0, Miha P, /Profile/482mihap, abd2f9c2cd78a57d449f70cdffa1616b, /Attraction_Review-g1057701-d8558218-Reviews-Vinarium_Tower-Lendava_Prekmurje_Region.html
Vinarium Tower, 4, 14, Observation Decks & Towers & Observation Decks & Towers, Europe & Slovenia & Prekmurje Region & Lendava & Things to Do in Lendava, 4.0, 46.56745, 16.46821, 665733194, 20190401, 20190401, 5.0, izif_37, /Profile/izif_37, 3e8ae1f79ba2f75677a8a526029da2fa, /Attraction_Review-g1057701-d8558218-Reviews-Vinarium_Tower-Lendava_Prekmurje_Region.html
Vinarium Tower, 4, 14, Observation Decks & Towers & Observation Decks & Towers, Europe & Slovenia & Prekmurje Region & Lendava & Things to Do in Lendava, 4.0, 46.56745, 16.46821, 659902774, 20190301, 20180801, 5.0, Borut Z, /Profile/borutz468, 4334b4aa55b8be55b84757e2df429663, /Attraction_Review-g1057701-d8558218-Reviews-Vinarium_Tower-Lendava_Prekmurje_Region.html
Vinarium Tower, 4, 14, Observation Decks & Towers & Observation Decks & Towers, Europe & Slovenia & Prekmurje Region & Lendava & Things to Do in Lendava, 4.0, 46.56745, 16.46821, 654937516, 20190201, 20190201, 5.0, Jožef, /Profile/igrceh, e6e1dc1800aa0b5859afcb0aad8f4d98, /Attraction_Review-g1057701-d8558218-Reviews-Vinarium_Tower-Lendava_Prekmurje_Region.html
Vinarium Tower, 4, 14, Observation Decks & Towers & Observation Decks & Towers, Europe & Slovenia & Prekmurje Region & Lendava & Things to Do in Lendava, 4.0, 46.56745, 16.46821, 650363010, 20190201, 20180901, 5.0, 75maja, /Profile/75maja, 762068f5ed91994bcfa49839f5476e8d, /Attraction_Review-g1057701-d8558218-Reviews-Vinarium_Tower-Lendava_Prekmurje_Region.html
