review_location_name, review_current_page, review_last_page, review_location_type, review_location_breadcrumbs, review_location_rate, location_lat, location_lng, review_id, review_date, review_experience_date, review_rate, user_name, user_link, user_id, parent_url
Sneznik Castle Museum, 4, 6, Castles & History Museums & Castles & History Museums, Europe & Slovenia & Inner Carniola Region & Stari Trg pri Lozu & Things to Do in Stari Trg pri Lozu, 4.5, 45.682682, 14.469302, 412223319, 20160801, 20160801, 4.0, Jan O, /Profile/jano32, c7b78dfa53284c23597ecb8538100304, /Attraction_Review-g4009706-d4973029-Reviews-Sneznik_Castle_Museum-Stari_Trg_pri_Lozu_Inner_Carniola_Region.html
Sneznik Castle Museum, 4, 6, Castles & History Museums & Castles & History Museums, Europe & Slovenia & Inner Carniola Region & Stari Trg pri Lozu & Things to Do in Stari Trg pri Lozu, 4.5, 45.682682, 14.469302, 394858264, 20160701, 20160701, 5.0, anjasost, /Profile/anjasost, c1924974145f0a2e0b42692f14bd69a8, /Attraction_Review-g4009706-d4973029-Reviews-Sneznik_Castle_Museum-Stari_Trg_pri_Lozu_Inner_Carniola_Region.html
Sneznik Castle Museum, 4, 6, Castles & History Museums & Castles & History Museums, Europe & Slovenia & Inner Carniola Region & Stari Trg pri Lozu & Things to Do in Stari Trg pri Lozu, 4.5, 45.682682, 14.469302, 379915922, 20160601, 20160501, 4.0, Miha P, /Profile/482mihap, abd2f9c2cd78a57d449f70cdffa1616b, /Attraction_Review-g4009706-d4973029-Reviews-Sneznik_Castle_Museum-Stari_Trg_pri_Lozu_Inner_Carniola_Region.html
Sneznik Castle Museum, 4, 6, Castles & History Museums & Castles & History Museums, Europe & Slovenia & Inner Carniola Region & Stari Trg pri Lozu & Things to Do in Stari Trg pri Lozu, 4.5, 45.682682, 14.469302, 375995656, 20160501, 20150801, 4.0, Budapest81, /Profile/Budapest81, 312bebec4033f1f61783f7f91350ccde, /Attraction_Review-g4009706-d4973029-Reviews-Sneznik_Castle_Museum-Stari_Trg_pri_Lozu_Inner_Carniola_Region.html
Sneznik Castle Museum, 4, 6, Castles & History Museums & Castles & History Museums, Europe & Slovenia & Inner Carniola Region & Stari Trg pri Lozu & Things to Do in Stari Trg pri Lozu, 4.5, 45.682682, 14.469302, 305250158, 20150801, 20150801, 5.0, elena076, /Profile/elena076, 728423e49785da25a26ca936621d52c1, /Attraction_Review-g4009706-d4973029-Reviews-Sneznik_Castle_Museum-Stari_Trg_pri_Lozu_Inner_Carniola_Region.html
