review_location_name, review_current_page, review_last_page, review_location_type, review_location_breadcrumbs, review_location_rate, location_lat, location_lng, review_id, review_date, review_experience_date, review_rate, user_name, user_link, user_id, parent_url
ZOO Ljubljana, 21, 42, Zoos & Zoos, Europe & Slovenia & Upper Carniola Region & Ljubljana & Things to Do in Ljubljana, 4.0, 46.05277, 14.47215, 403697514, 20160801, 20160701, 5.0, Ann V, /Profile/161annv, 4deefcc8116596d3f0ea3078cf5d9a51, /Attraction_Review-g274873-d2322601-Reviews-ZOO_Ljubljana-Ljubljana_Upper_Carniola_Region.html
ZOO Ljubljana, 21, 42, Zoos & Zoos, Europe & Slovenia & Upper Carniola Region & Ljubljana & Things to Do in Ljubljana, 4.0, 46.05277, 14.47215, 403390725, 20160801, 20160801, 4.0, EJCornelisse, /Profile/EJCornelisse, cb12482fc883626573d02e9822d809d8, /Attraction_Review-g274873-d2322601-Reviews-ZOO_Ljubljana-Ljubljana_Upper_Carniola_Region.html
ZOO Ljubljana, 21, 42, Zoos & Zoos, Europe & Slovenia & Upper Carniola Region & Ljubljana & Things to Do in Ljubljana, 4.0, 46.05277, 14.47215, 399547263, 20160701, 20160701, 4.0, mandmando, /Profile/mandmando, 821c8a54a991f30e9ee536b70c093d5f, /Attraction_Review-g274873-d2322601-Reviews-ZOO_Ljubljana-Ljubljana_Upper_Carniola_Region.html
ZOO Ljubljana, 21, 42, Zoos & Zoos, Europe & Slovenia & Upper Carniola Region & Ljubljana & Things to Do in Ljubljana, 4.0, 46.05277, 14.47215, 399233194, 20160701, 20160701, 3.0, Jamina On Tour, /Profile/JaminaOnTour, 94307a605d0f393100ae13c9923a3ec6, /Attraction_Review-g274873-d2322601-Reviews-ZOO_Ljubljana-Ljubljana_Upper_Carniola_Region.html
ZOO Ljubljana, 21, 42, Zoos & Zoos, Europe & Slovenia & Upper Carniola Region & Ljubljana & Things to Do in Ljubljana, 4.0, 46.05277, 14.47215, 396567553, 20160701, 20160501, 4.0, Teja P, /Profile/265tejap, ccfe5eb166fa6155d1c80befd15bcfc5, /Attraction_Review-g274873-d2322601-Reviews-ZOO_Ljubljana-Ljubljana_Upper_Carniola_Region.html
