review_location_name, review_current_page, review_last_page, review_location_type, review_location_breadcrumbs, review_location_rate, location_lat, location_lng, review_id, review_date, review_experience_date, review_rate, user_name, user_link, user_id, parent_url
Tivoli Park, 137, 150, Parks & Parks, Europe & Slovenia & Upper Carniola Region & Ljubljana & Things to Do in Ljubljana, 4.5, 46.08769, 14.47392, 175074728, 20130901, 20130801, 4.0, canningtown, /Profile/canningtown, b4593f34fb8647db36a688ac586c8557, /Attraction_Review-g274873-d298650-Reviews-Tivoli_Park-Ljubljana_Upper_Carniola_Region.html
Tivoli Park, 137, 150, Parks & Parks, Europe & Slovenia & Upper Carniola Region & Ljubljana & Things to Do in Ljubljana, 4.5, 46.08769, 14.47392, 173683134, 20130801, 20130501, 5.0, Syed Bashar, /Profile/Syedbashar, 1929323f578871e8d3c3389375a55161, /Attraction_Review-g274873-d298650-Reviews-Tivoli_Park-Ljubljana_Upper_Carniola_Region.html
Tivoli Park, 137, 150, Parks & Parks, Europe & Slovenia & Upper Carniola Region & Ljubljana & Things to Do in Ljubljana, 4.5, 46.08769, 14.47392, 173656500, 20130801, 20130701, 5.0, Olive, /Profile/OliviaJ94, e09fc5ebf427964ef1c7cc3048c51c42, /Attraction_Review-g274873-d298650-Reviews-Tivoli_Park-Ljubljana_Upper_Carniola_Region.html
Tivoli Park, 137, 150, Parks & Parks, Europe & Slovenia & Upper Carniola Region & Ljubljana & Things to Do in Ljubljana, 4.5, 46.08769, 14.47392, 173492675, 20130801, 20130801, 3.0, Vince C, /Profile/VinceC803, e803313fa758fa27b9591676ea53276e, /Attraction_Review-g274873-d298650-Reviews-Tivoli_Park-Ljubljana_Upper_Carniola_Region.html
Tivoli Park, 137, 150, Parks & Parks, Europe & Slovenia & Upper Carniola Region & Ljubljana & Things to Do in Ljubljana, 4.5, 46.08769, 14.47392, 171571239, 20130801, 20130801, 5.0, TheFabFour18, /Profile/TheFabFour18, 709c1c6e0577572c657b3f191edd694f, /Attraction_Review-g274873-d298650-Reviews-Tivoli_Park-Ljubljana_Upper_Carniola_Region.html
