review_location_name, review_current_page, review_last_page, review_location_type, review_location_breadcrumbs, review_location_rate, location_lat, location_lng, review_id, review_date, review_experience_date, review_rate, user_name, user_link, user_id, parent_url
The Museum of Underwater Activities, 3, 5, Specialty Museums & Specialty Museums, Europe & Slovenia & Slovenian Littoral Region & Slovenian Istria & Piran & Things to Do in Piran, 4.0, 45.5261, 13.56866, 498285193, 20170701, 20170601, 4.0, felixthecat207, /Profile/felixthecat207, 23fbb31bc37fdb62916e8726931788ac, /Attraction_Review-g274876-d5499324-Reviews-The_Museum_of_Underwater_Activities-Piran_Slovenian_Istria_Slovenian_Littoral_Reg.html
The Museum of Underwater Activities, 3, 5, Specialty Museums & Specialty Museums, Europe & Slovenia & Slovenian Littoral Region & Slovenian Istria & Piran & Things to Do in Piran, 4.0, 45.5261, 13.56866, 471809516, 20170401, 20160901, 3.0, Miha P, /Profile/482mihap, abd2f9c2cd78a57d449f70cdffa1616b, /Attraction_Review-g274876-d5499324-Reviews-The_Museum_of_Underwater_Activities-Piran_Slovenian_Istria_Slovenian_Littoral_Reg.html
The Museum of Underwater Activities, 3, 5, Specialty Museums & Specialty Museums, Europe & Slovenia & Slovenian Littoral Region & Slovenian Istria & Piran & Things to Do in Piran, 4.0, 45.5261, 13.56866, 468296530, 20170301, 20170301, 4.0, tommyauvergne, /Profile/tommyauvergne, eac818c53cd7c3f41797d85ee4410479, /Attraction_Review-g274876-d5499324-Reviews-The_Museum_of_Underwater_Activities-Piran_Slovenian_Istria_Slovenian_Littoral_Reg.html
The Museum of Underwater Activities, 3, 5, Specialty Museums & Specialty Museums, Europe & Slovenia & Slovenian Littoral Region & Slovenian Istria & Piran & Things to Do in Piran, 4.0, 45.5261, 13.56866, 393819210, 20160701, 20160501, 3.0, TassieTravellers99, /Profile/TassieTravellers99, e95272dcadf9cdb4c5763bd94591afde, /Attraction_Review-g274876-d5499324-Reviews-The_Museum_of_Underwater_Activities-Piran_Slovenian_Istria_Slovenian_Littoral_Reg.html
The Museum of Underwater Activities, 3, 5, Specialty Museums & Specialty Museums, Europe & Slovenia & Slovenian Littoral Region & Slovenian Istria & Piran & Things to Do in Piran, 4.0, 45.5261, 13.56866, 387812658, 20160601, 20160601, 4.0, Flo1984m, /Profile/Flo1984m, 667abc29757619f989737c71d6c62725, /Attraction_Review-g274876-d5499324-Reviews-The_Museum_of_Underwater_Activities-Piran_Slovenian_Istria_Slovenian_Littoral_Reg.html
