review_location_name, review_current_page, review_last_page, review_location_type, review_location_breadcrumbs, review_location_rate, location_lat, location_lng, review_id, review_date, review_experience_date, review_rate, user_name, user_link, user_id, parent_url
Slovenski Etnografski Muzej, 13, 16, Specialty Museums & Specialty Museums, Europe & Slovenia & Upper Carniola Region & Ljubljana & Things to Do in Ljubljana, 4.5, 46.05494, 14.515657, 268223114, 20150401, 20150401, 5.0, PavalikaV, /Profile/PavalikaV, f2f4b0fa5b1ae0ce7af4856574dd738d, /Attraction_Review-g274873-d2695287-Reviews-Slovenski_Etnografski_Muzej-Ljubljana_Upper_Carniola_Region.html
Slovenski Etnografski Muzej, 13, 16, Specialty Museums & Specialty Museums, Europe & Slovenia & Upper Carniola Region & Ljubljana & Things to Do in Ljubljana, 4.5, 46.05494, 14.515657, 267919026, 20150401, 20150401, 5.0, SwordMaiden, /Profile/SwordMaiden, b2c78ed86326fde74984b77efab46806, /Attraction_Review-g274873-d2695287-Reviews-Slovenski_Etnografski_Muzej-Ljubljana_Upper_Carniola_Region.html
Slovenski Etnografski Muzej, 13, 16, Specialty Museums & Specialty Museums, Europe & Slovenia & Upper Carniola Region & Ljubljana & Things to Do in Ljubljana, 4.5, 46.05494, 14.515657, 258411319, 20150301, 20150101, 4.0, Miha J, /Profile/587mihaj, a1886f222b91bdaca183efa722b815fc, /Attraction_Review-g274873-d2695287-Reviews-Slovenski_Etnografski_Muzej-Ljubljana_Upper_Carniola_Region.html
Slovenski Etnografski Muzej, 13, 16, Specialty Museums & Specialty Museums, Europe & Slovenia & Upper Carniola Region & Ljubljana & Things to Do in Ljubljana, 4.5, 46.05494, 14.515657, 244508891, 20141201, 20141001, 5.0, Lizzy B, /Profile/373lizzyb, 66d88a45322505b6aa9eb08f4696ce38, /Attraction_Review-g274873-d2695287-Reviews-Slovenski_Etnografski_Muzej-Ljubljana_Upper_Carniola_Region.html
Slovenski Etnografski Muzej, 13, 16, Specialty Museums & Specialty Museums, Europe & Slovenia & Upper Carniola Region & Ljubljana & Things to Do in Ljubljana, 4.5, 46.05494, 14.515657, 219964964, 20140801, 20140601, 4.0, Daniel M, /Profile/danielmL1694QO, fcb0a6011556dab08d3c4321f9c2623e, /Attraction_Review-g274873-d2695287-Reviews-Slovenski_Etnografski_Muzej-Ljubljana_Upper_Carniola_Region.html
