review_location_name, review_current_page, review_last_page, review_location_type, review_location_breadcrumbs, review_location_rate, location_lat, location_lng, review_id, review_date, review_experience_date, review_rate, user_name, user_link, user_id, parent_url
Vintgar Gorge, 314, 546, Hiking Trails & Hiking Trails, Europe & Slovenia & Upper Carniola Region & Zgornje Gorje & Things to Do in Zgornje Gorje, 4.5, 46.39338, 14.08565, 377659492, 20160501, 20160501, 5.0, Megan L, /Profile/979meganl, a5a2bb3e2e8d3c9c4b4e91d2cc1ffefe, /Attraction_Review-g1870874-d519724-Reviews-Vintgar_Gorge-Zgornje_Gorje_Upper_Carniola_Region.html
Vintgar Gorge, 314, 546, Hiking Trails & Hiking Trails, Europe & Slovenia & Upper Carniola Region & Zgornje Gorje & Things to Do in Zgornje Gorje, 4.5, 46.39338, 14.08565, 377624829, 20160501, 20160501, 5.0, midgeo, /Profile/midgeo, 3e9ef0ff3b240cb051a5491d94b5eae0, /Attraction_Review-g1870874-d519724-Reviews-Vintgar_Gorge-Zgornje_Gorje_Upper_Carniola_Region.html
Vintgar Gorge, 314, 546, Hiking Trails & Hiking Trails, Europe & Slovenia & Upper Carniola Region & Zgornje Gorje & Things to Do in Zgornje Gorje, 4.5, 46.39338, 14.08565, 377608633, 20160501, 20160501, 4.0, fionating001, /Profile/fionating001, aa87a7c9ba6b952b37488f30812d640f, /Attraction_Review-g1870874-d519724-Reviews-Vintgar_Gorge-Zgornje_Gorje_Upper_Carniola_Region.html
Vintgar Gorge, 314, 546, Hiking Trails & Hiking Trails, Europe & Slovenia & Upper Carniola Region & Zgornje Gorje & Things to Do in Zgornje Gorje, 4.5, 46.39338, 14.08565, 377298839, 20160501, 20160501, 5.0, Antti P, /Profile/AnttiPy, 27ac38f7fe8e3895a1c27d85dea2528c, /Attraction_Review-g1870874-d519724-Reviews-Vintgar_Gorge-Zgornje_Gorje_Upper_Carniola_Region.html
Vintgar Gorge, 314, 546, Hiking Trails & Hiking Trails, Europe & Slovenia & Upper Carniola Region & Zgornje Gorje & Things to Do in Zgornje Gorje, 4.5, 46.39338, 14.08565, 377185725, 20160501, 20150901, 5.0, Leisureloverretired, /Profile/Leisureloverretired, aef9851241e7bd868cbf935282079bef, /Attraction_Review-g1870874-d519724-Reviews-Vintgar_Gorge-Zgornje_Gorje_Upper_Carniola_Region.html
