review_location_name, review_current_page, review_last_page, review_location_type, review_location_breadcrumbs, review_location_rate, location_lat, location_lng, review_id, review_date, review_experience_date, review_rate, user_name, user_link, user_id, parent_url
Waterfall Savica, 62, 97, Waterfalls & Waterfalls, Europe & Slovenia & Upper Carniola Region & Bohinjsko Jezero & Things to Do in Bohinjsko Jezero, 4.0, 46.29278, 13.797342, 321853632, 20151001, 20150701, 5.0, Petra Ř, /Profile/PedraCB, dd5e948ccf5adc1e2890cecc771b7c40, /Attraction_Review-g274865-d1848881-Reviews-Waterfall_Savica-Bohinjsko_Jezero_Upper_Carniola_Region.html
Waterfall Savica, 62, 97, Waterfalls & Waterfalls, Europe & Slovenia & Upper Carniola Region & Bohinjsko Jezero & Things to Do in Bohinjsko Jezero, 4.0, 46.29278, 13.797342, 321288931, 20151001, 20151001, 4.0, Jramosprez, /Profile/Jramosprez, 5a0c7804c4a52fdecb9ec6c51db8b66b, /Attraction_Review-g274865-d1848881-Reviews-Waterfall_Savica-Bohinjsko_Jezero_Upper_Carniola_Region.html
Waterfall Savica, 62, 97, Waterfalls & Waterfalls, Europe & Slovenia & Upper Carniola Region & Bohinjsko Jezero & Things to Do in Bohinjsko Jezero, 4.0, 46.29278, 13.797342, 317828094, 20151001, 20151001, 5.0, Romina, /Profile/rominaj916, f279eba24665f816b94f402726a91bc0, /Attraction_Review-g274865-d1848881-Reviews-Waterfall_Savica-Bohinjsko_Jezero_Upper_Carniola_Region.html
Waterfall Savica, 62, 97, Waterfalls & Waterfalls, Europe & Slovenia & Upper Carniola Region & Bohinjsko Jezero & Things to Do in Bohinjsko Jezero, 4.0, 46.29278, 13.797342, 316568690, 20151001, 20150901, 5.0, Alastair H, /Profile/AlastairH405, 36a4197dc6db18a1250d9de43987e7d3, /Attraction_Review-g274865-d1848881-Reviews-Waterfall_Savica-Bohinjsko_Jezero_Upper_Carniola_Region.html
Waterfall Savica, 62, 97, Waterfalls & Waterfalls, Europe & Slovenia & Upper Carniola Region & Bohinjsko Jezero & Things to Do in Bohinjsko Jezero, 4.0, 46.29278, 13.797342, 316514647, 20151001, 20150901, 4.0, tedvard, /Profile/tedvard, a4ead85b3ecdc338630ba34c9a2c79a7, /Attraction_Review-g274865-d1848881-Reviews-Waterfall_Savica-Bohinjsko_Jezero_Upper_Carniola_Region.html
