review_location_name, review_current_page, review_last_page, review_location_type, review_location_breadcrumbs, review_location_rate, location_lat, location_lng, review_id, review_date, review_experience_date, review_rate, user_name, user_link, user_id, parent_url
Mrcina Ranch, 6, 8, Ranches & Horseback Riding Tours & Ranches & Horseback Riding Tours, Europe & Slovenia & Upper Carniola Region & Studor & Things to Do in Studor, 4.5, 46.29454, 13.916475, 456440808, 20170201, 20170101, 5.0, Laura D, /Profile/LauraD8942, 6d99ee173363d46dc954b2f294d52dd0, /Attraction_Review-g2332089-d2332091-Reviews-Mrcina_Ranch-Studor_Upper_Carniola_Region.html
Mrcina Ranch, 6, 8, Ranches & Horseback Riding Tours & Ranches & Horseback Riding Tours, Europe & Slovenia & Upper Carniola Region & Studor & Things to Do in Studor, 4.5, 46.29454, 13.916475, 431459714, 20161001, 20161001, 5.0, Haramachi, /Profile/Haramachi, 2db0384220d32e13930bec62cc9605f4, /Attraction_Review-g2332089-d2332091-Reviews-Mrcina_Ranch-Studor_Upper_Carniola_Region.html
Mrcina Ranch, 6, 8, Ranches & Horseback Riding Tours & Ranches & Horseback Riding Tours, Europe & Slovenia & Upper Carniola Region & Studor & Things to Do in Studor, 4.5, 46.29454, 13.916475, 401458328, 20160801, 20160801, 5.0, Ana P, /Profile/L7656YTanap, 58108128eca4d7ace9c3abdb5a723505, /Attraction_Review-g2332089-d2332091-Reviews-Mrcina_Ranch-Studor_Upper_Carniola_Region.html
Mrcina Ranch, 6, 8, Ranches & Horseback Riding Tours & Ranches & Horseback Riding Tours, Europe & Slovenia & Upper Carniola Region & Studor & Things to Do in Studor, 4.5, 46.29454, 13.916475, 365764756, 20160401, 20160401, 5.0, Wiebke-K K, /Profile/wiebkekk, 76526a5b25fe86835e861629962129e6, /Attraction_Review-g2332089-d2332091-Reviews-Mrcina_Ranch-Studor_Upper_Carniola_Region.html
Mrcina Ranch, 6, 8, Ranches & Horseback Riding Tours & Ranches & Horseback Riding Tours, Europe & Slovenia & Upper Carniola Region & Studor & Things to Do in Studor, 4.5, 46.29454, 13.916475, 325343312, 20151101, 20151001, 5.0, Andrew H, /Profile/ah0bman, 4cb48f41a3854805320b51ebd0bc19df, /Attraction_Review-g2332089-d2332091-Reviews-Mrcina_Ranch-Studor_Upper_Carniola_Region.html
