review_location_name, review_current_page, review_last_page, review_location_type, review_location_breadcrumbs, review_location_rate, location_lat, location_lng, review_id, review_date, review_experience_date, review_rate, user_name, user_link, user_id, parent_url
House of Illusions, 51, 84, Specialty Museums & Children's Museums & Specialty Museums & Children's Museums, Europe & Slovenia & Upper Carniola Region & Ljubljana & Things to Do in Ljubljana, 4.0, 46.04975, 14.503541, 521875007, 20170901, 20170901, 3.0, Βίβιαν Σ, /Profile/noctua1975, 6a311b1179ca5a8946523e4309bb49e4, /Attraction_Review-g274873-d10815305-Reviews-House_of_Illusions-Ljubljana_Upper_Carniola_Region.html
House of Illusions, 51, 84, Specialty Museums & Children's Museums & Specialty Museums & Children's Museums, Europe & Slovenia & Upper Carniola Region & Ljubljana & Things to Do in Ljubljana, 4.0, 46.04975, 14.503541, 519458931, 20170801, 20170801, 4.0, Ruben-Britt, /Profile/Ruben-Britt, 2eeae81e6365c6a8686896ac95c835f5, /Attraction_Review-g274873-d10815305-Reviews-House_of_Illusions-Ljubljana_Upper_Carniola_Region.html
House of Illusions, 51, 84, Specialty Museums & Children's Museums & Specialty Museums & Children's Museums, Europe & Slovenia & Upper Carniola Region & Ljubljana & Things to Do in Ljubljana, 4.0, 46.04975, 14.503541, 519301050, 20170801, 20170801, 2.0, NMB, /Profile/nmbel, 86fd5481c6fbc45af6f02d8e0c3c49d1, /Attraction_Review-g274873-d10815305-Reviews-House_of_Illusions-Ljubljana_Upper_Carniola_Region.html
House of Illusions, 51, 84, Specialty Museums & Children's Museums & Specialty Museums & Children's Museums, Europe & Slovenia & Upper Carniola Region & Ljubljana & Things to Do in Ljubljana, 4.0, 46.04975, 14.503541, 519236191, 20170801, 20170801, 3.0, Laura6363, /Profile/Laura6363, 0e03ebdb12369357853bebf219888d1a, /Attraction_Review-g274873-d10815305-Reviews-House_of_Illusions-Ljubljana_Upper_Carniola_Region.html
House of Illusions, 51, 84, Specialty Museums & Children's Museums & Specialty Museums & Children's Museums, Europe & Slovenia & Upper Carniola Region & Ljubljana & Things to Do in Ljubljana, 4.0, 46.04975, 14.503541, 519223849, 20170801, 20170801, 5.0, Martin M, /Profile/yalovan, 92bea535070b6fd6287c852975ab2659, /Attraction_Review-g274873-d10815305-Reviews-House_of_Illusions-Ljubljana_Upper_Carniola_Region.html
