review_location_name, review_current_page, review_last_page, review_location_type, review_location_breadcrumbs, review_location_rate, location_lat, location_lng, review_id, review_date, review_experience_date, review_rate, user_name, user_link, user_id, parent_url
Botanical Garden of University of Maribor, 1, 2, Gardens & Gardens, Europe & Slovenia & Styria Region & Maribor & Things to Do in Maribor, 4.5, 46.5096, 15.6411, 758911128, 20200701, 20200701, 5.0, Mateja H, /Profile/matejah90, 94cca5d19c5cf53b8e2cac7a943a7e52, /Attraction_Review-g274874-d7207048-Reviews-Botanical_Garden_of_University_of_Maribor-Maribor_Styria_Region.html
Botanical Garden of University of Maribor, 1, 2, Gardens & Gardens, Europe & Slovenia & Styria Region & Maribor & Things to Do in Maribor, 4.5, 46.5096, 15.6411, 730405265, 20191201, 20191101, 5.0, izif_37, /Profile/izif_37, 3e8ae1f79ba2f75677a8a526029da2fa, /Attraction_Review-g274874-d7207048-Reviews-Botanical_Garden_of_University_of_Maribor-Maribor_Styria_Region.html
Botanical Garden of University of Maribor, 1, 2, Gardens & Gardens, Europe & Slovenia & Styria Region & Maribor & Things to Do in Maribor, 4.5, 46.5096, 15.6411, 709814812, 20190901, 20190801, 4.0, Alen S, /Profile/alens512, 42267e4ae8814b5e7359b52c798dc604, /Attraction_Review-g274874-d7207048-Reviews-Botanical_Garden_of_University_of_Maribor-Maribor_Styria_Region.html
Botanical Garden of University of Maribor, 1, 2, Gardens & Gardens, Europe & Slovenia & Styria Region & Maribor & Things to Do in Maribor, 4.5, 46.5096, 15.6411, 670930430, 20190501, 20190401, 4.0, erikafulop, /Profile/erikafulop, c7e6eb76cd1dd0ef5b54283e6847d1db, /Attraction_Review-g274874-d7207048-Reviews-Botanical_Garden_of_University_of_Maribor-Maribor_Styria_Region.html
Botanical Garden of University of Maribor, 1, 2, Gardens & Gardens, Europe & Slovenia & Styria Region & Maribor & Things to Do in Maribor, 4.5, 46.5096, 15.6411, 549090556, 20171201, 20170701, 4.0, ViPe, /Profile/vidape, 96cbe34f114605aed968b6b038df94e6, /Attraction_Review-g274874-d7207048-Reviews-Botanical_Garden_of_University_of_Maribor-Maribor_Styria_Region.html
