review_location_name, review_current_page, review_last_page, review_location_type, review_location_breadcrumbs, review_location_rate, location_lat, location_lng, review_id, review_date, review_experience_date, review_rate, user_name, user_link, user_id, parent_url
Terme Catez, 21, 35, Spas & Thermal Spas & Spas & Thermal Spas, Europe & Slovenia & Lower Carniola Region & Brezice & Things to Do in Brezice, 3.5, 45.891975, 15.625853, 339404749, 20160101, 20160101, 4.0, DubrovnikFox, /Profile/DubrovnikFox, 427d7776ec7c6769a79ce9f40bc617f4, /Attraction_Review-g1567720-d615464-Reviews-Terme_Catez-Brezice_Lower_Carniola_Region.html
Terme Catez, 21, 35, Spas & Thermal Spas & Spas & Thermal Spas, Europe & Slovenia & Lower Carniola Region & Brezice & Things to Do in Brezice, 3.5, 45.891975, 15.625853, 339356042, 20160101, 20160101, 1.0, Dominik Šimunović, /Profile/DominikBBB, c4b4e2731691163d6b1fcc6cfab2c3ec, /Attraction_Review-g1567720-d615464-Reviews-Terme_Catez-Brezice_Lower_Carniola_Region.html
Terme Catez, 21, 35, Spas & Thermal Spas & Spas & Thermal Spas, Europe & Slovenia & Lower Carniola Region & Brezice & Things to Do in Brezice, 3.5, 45.891975, 15.625853, 339085854, 20160101, 20160101, 5.0, ivanica3010986, /Profile/ivanica3010986, 15ccfb9e5dbf72b390923b91fcf5fc87, /Attraction_Review-g1567720-d615464-Reviews-Terme_Catez-Brezice_Lower_Carniola_Region.html
Terme Catez, 21, 35, Spas & Thermal Spas & Spas & Thermal Spas, Europe & Slovenia & Lower Carniola Region & Brezice & Things to Do in Brezice, 3.5, 45.891975, 15.625853, 335412672, 20151201, 20151201, 3.0, JanaDM, /Profile/JanaDM, 79851529809bc265e9ddca56568a8cd3, /Attraction_Review-g1567720-d615464-Reviews-Terme_Catez-Brezice_Lower_Carniola_Region.html
Terme Catez, 21, 35, Spas & Thermal Spas & Spas & Thermal Spas, Europe & Slovenia & Lower Carniola Region & Brezice & Things to Do in Brezice, 3.5, 45.891975, 15.625853, 334758515, 20151201, 20151201, 4.0, Lorena M, /Profile/lorenamZ1518UE, 48daae47c98cc10cc3939ae7ebf4cb40, /Attraction_Review-g1567720-d615464-Reviews-Terme_Catez-Brezice_Lower_Carniola_Region.html
