review_location_name, review_current_page, review_last_page, review_location_type, review_location_breadcrumbs, review_location_rate, location_lat, location_lng, review_id, review_date, review_experience_date, review_rate, user_name, user_link, user_id, parent_url
Odprta Kuhna, 46, 47, Flea & Street Markets & Flea & Street Markets, Europe & Slovenia & Upper Carniola Region & Ljubljana & Things to Do in Ljubljana, 4.5, 46.0511, 14.507708, 300561976, 20150801, 20150801, 4.0, izif_37, /Profile/izif_37, 3e8ae1f79ba2f75677a8a526029da2fa, /Attraction_Review-g274873-d19417162-Reviews-Odprta_Kuhna-Ljubljana_Upper_Carniola_Region.html
Odprta Kuhna, 46, 47, Flea & Street Markets & Flea & Street Markets, Europe & Slovenia & Upper Carniola Region & Ljubljana & Things to Do in Ljubljana, 4.5, 46.0511, 14.507708, 299877198, 20150801, 20150801, 5.0, chidini, /Profile/chidini, c34ab326fec2e3c693f6b7d7fb86335a, /Attraction_Review-g274873-d19417162-Reviews-Odprta_Kuhna-Ljubljana_Upper_Carniola_Region.html
Odprta Kuhna, 46, 47, Flea & Street Markets & Flea & Street Markets, Europe & Slovenia & Upper Carniola Region & Ljubljana & Things to Do in Ljubljana, 4.5, 46.0511, 14.507708, 296790013, 20150801, 20150801, 4.0, Miha B, /Profile/MihaB_13, 41f7c08f47c11cfc1c32bdb33b169c72, /Attraction_Review-g274873-d19417162-Reviews-Odprta_Kuhna-Ljubljana_Upper_Carniola_Region.html
Odprta Kuhna, 46, 47, Flea & Street Markets & Flea & Street Markets, Europe & Slovenia & Upper Carniola Region & Ljubljana & Things to Do in Ljubljana, 4.5, 46.0511, 14.507708, 295819218, 20150801, 20150801, 5.0, Petra H, /Profile/906petrah, 3c3e86b827e20ddc425c1a644ada5641, /Attraction_Review-g274873-d19417162-Reviews-Odprta_Kuhna-Ljubljana_Upper_Carniola_Region.html
Odprta Kuhna, 46, 47, Flea & Street Markets & Flea & Street Markets, Europe & Slovenia & Upper Carniola Region & Ljubljana & Things to Do in Ljubljana, 4.5, 46.0511, 14.507708, 291529058, 20150701, 20150701, 5.0, Teja B, /Profile/725tejab, 143763c73efa2308152cf47cb3aa11af, /Attraction_Review-g274873-d19417162-Reviews-Odprta_Kuhna-Ljubljana_Upper_Carniola_Region.html
