review_location_name, review_current_page, review_last_page, review_location_type, review_location_breadcrumbs, review_location_rate, location_lat, location_lng, review_id, review_date, review_experience_date, review_rate, user_name, user_link, user_id, parent_url
Lepa Vida Boutique Winery, 1, 20, Wineries & Vineyards & Wineries & Vineyards, Europe & Slovenia & Styria Region & Nova Gorica & Sempas & Things to Do in Sempas, 5.0, 45.92301, 13.757941, 773511987, 20201001, 20201001, 5.0, Haley M, /Profile/Haleym0513, fc715338df8a3f4f9c83e78cc43c00f8, /Attraction_Review-g1902832-d9792435-Reviews-Lepa_Vida_Boutique_Winery-Sempas_Nova_Gorica_Styria_Region.html
Lepa Vida Boutique Winery, 1, 20, Wineries & Vineyards & Wineries & Vineyards, Europe & Slovenia & Styria Region & Nova Gorica & Sempas & Things to Do in Sempas, 5.0, 45.92301, 13.757941, 772362907, 20200901, 20200901, 5.0, Vita, /Profile/vitapita, 1a92623278fc24ecc96db7c49cb04714, /Attraction_Review-g1902832-d9792435-Reviews-Lepa_Vida_Boutique_Winery-Sempas_Nova_Gorica_Styria_Region.html
Lepa Vida Boutique Winery, 1, 20, Wineries & Vineyards & Wineries & Vineyards, Europe & Slovenia & Styria Region & Nova Gorica & Sempas & Things to Do in Sempas, 5.0, 45.92301, 13.757941, 771715825, 20200901, 20200901, 5.0, Susi_Doosie, /Profile/Susi_Doosie, 30d8798706e97c85f1e7b79059d74f0d, /Attraction_Review-g1902832-d9792435-Reviews-Lepa_Vida_Boutique_Winery-Sempas_Nova_Gorica_Styria_Region.html
Lepa Vida Boutique Winery, 1, 20, Wineries & Vineyards & Wineries & Vineyards, Europe & Slovenia & Styria Region & Nova Gorica & Sempas & Things to Do in Sempas, 5.0, 45.92301, 13.757941, 770891849, 20200901, 20200901, 5.0, Tjaša D, /Profile/406tja_ad, cad65f95c967901009a004d7a367d892, /Attraction_Review-g1902832-d9792435-Reviews-Lepa_Vida_Boutique_Winery-Sempas_Nova_Gorica_Styria_Region.html
Lepa Vida Boutique Winery, 1, 20, Wineries & Vineyards & Wineries & Vineyards, Europe & Slovenia & Styria Region & Nova Gorica & Sempas & Things to Do in Sempas, 5.0, 45.92301, 13.757941, 769049184, 20200901, 20200901, 5.0, Jasna, /Profile/jasnajarc, e48d5d0faf379b9a1ba8bb38c9513898, /Attraction_Review-g1902832-d9792435-Reviews-Lepa_Vida_Boutique_Winery-Sempas_Nova_Gorica_Styria_Region.html
