review_location_name, review_current_page, review_last_page, review_location_type, review_location_breadcrumbs, review_location_rate, location_lat, location_lng, review_id, review_date, review_experience_date, review_rate, user_name, user_link, user_id, parent_url
Kozjak Waterfalls, 4, 54, Waterfalls & Waterfalls, Europe & Slovenia & Slovenian Littoral Region & Kobarid & Things to Do in Kobarid, 4.5, 46.26098, 13.59148, 696599648, 20190801, 20190801, 5.0, quintnico, /Profile/quintnico, 416094a1967168f529c77cbc2e2fd603, /Attraction_Review-g319788-d1746288-Reviews-Kozjak_Waterfalls-Kobarid_Slovenian_Littoral_Region.html
Kozjak Waterfalls, 4, 54, Waterfalls & Waterfalls, Europe & Slovenia & Slovenian Littoral Region & Kobarid & Things to Do in Kobarid, 4.5, 46.26098, 13.59148, 696398678, 20190801, 20190701, 5.0, Vedran S, /Profile/Subix, 99a597cdca9ae89dbb7707584cc425f4, /Attraction_Review-g319788-d1746288-Reviews-Kozjak_Waterfalls-Kobarid_Slovenian_Littoral_Region.html
Kozjak Waterfalls, 4, 54, Waterfalls & Waterfalls, Europe & Slovenia & Slovenian Littoral Region & Kobarid & Things to Do in Kobarid, 4.5, 46.26098, 13.59148, 695227109, 20190801, 20190801, 2.0, Ferdi, /Profile/furniefluup, 2c9a4650666ee4106e50bcd20d8203b1, /Attraction_Review-g319788-d1746288-Reviews-Kozjak_Waterfalls-Kobarid_Slovenian_Littoral_Region.html
Kozjak Waterfalls, 4, 54, Waterfalls & Waterfalls, Europe & Slovenia & Slovenian Littoral Region & Kobarid & Things to Do in Kobarid, 4.5, 46.26098, 13.59148, 688771899, 20190701, 20190701, 4.0, Karin van B, /Profile/KarinvanB, b4a2f9c1359aa9c743c47bbb17c7c1aa, /Attraction_Review-g319788-d1746288-Reviews-Kozjak_Waterfalls-Kobarid_Slovenian_Littoral_Region.html
Kozjak Waterfalls, 4, 54, Waterfalls & Waterfalls, Europe & Slovenia & Slovenian Littoral Region & Kobarid & Things to Do in Kobarid, 4.5, 46.26098, 13.59148, 688512106, 20190701, 20190501, 5.0, RichmonderCharles, /Profile/RichmonderCharles, 5ab7ef235b44a70879072702e5dc6c1d, /Attraction_Review-g319788-d1746288-Reviews-Kozjak_Waterfalls-Kobarid_Slovenian_Littoral_Region.html
