review_location_name, review_current_page, review_last_page, review_location_type, review_location_breadcrumbs, review_location_rate, location_lat, location_lng, review_id, review_date, review_experience_date, review_rate, user_name, user_link, user_id, parent_url
Waterfall Savica, 34, 97, Waterfalls & Waterfalls, Europe & Slovenia & Upper Carniola Region & Bohinjsko Jezero & Things to Do in Bohinjsko Jezero, 4.0, 46.29278, 13.797342, 494339992, 20170601, 20170601, 3.0, Michael H, /Profile/E5629RAmichaelh, 52ce204dc4abb4b8d5cb4b049c0e1460, /Attraction_Review-g274865-d1848881-Reviews-Waterfall_Savica-Bohinjsko_Jezero_Upper_Carniola_Region.html
Waterfall Savica, 34, 97, Waterfalls & Waterfalls, Europe & Slovenia & Upper Carniola Region & Bohinjsko Jezero & Things to Do in Bohinjsko Jezero, 4.0, 46.29278, 13.797342, 492736494, 20170601, 20170601, 5.0, sharpster08, /Profile/sharpster08, 1e7a2612369957104268a099c2534462, /Attraction_Review-g274865-d1848881-Reviews-Waterfall_Savica-Bohinjsko_Jezero_Upper_Carniola_Region.html
Waterfall Savica, 34, 97, Waterfalls & Waterfalls, Europe & Slovenia & Upper Carniola Region & Bohinjsko Jezero & Things to Do in Bohinjsko Jezero, 4.0, 46.29278, 13.797342, 492007733, 20170601, 20170601, 5.0, Wendy119186363, /Profile/Wendy119186363, 2f6d5b05cbb466eee27af101618f31cb, /Attraction_Review-g274865-d1848881-Reviews-Waterfall_Savica-Bohinjsko_Jezero_Upper_Carniola_Region.html
Waterfall Savica, 34, 97, Waterfalls & Waterfalls, Europe & Slovenia & Upper Carniola Region & Bohinjsko Jezero & Things to Do in Bohinjsko Jezero, 4.0, 46.29278, 13.797342, 490847417, 20170601, 20170501, 4.0, Hajni B, /Profile/19hajnib, 9fbcf2a3abd795940ff26834705bb646, /Attraction_Review-g274865-d1848881-Reviews-Waterfall_Savica-Bohinjsko_Jezero_Upper_Carniola_Region.html
Waterfall Savica, 34, 97, Waterfalls & Waterfalls, Europe & Slovenia & Upper Carniola Region & Bohinjsko Jezero & Things to Do in Bohinjsko Jezero, 4.0, 46.29278, 13.797342, 490789924, 20170601, 20170401, 4.0, Dan9320, /Profile/Dan9320, 0c690e3b1ac4e53a3b7b0bfcc4b2b6bf, /Attraction_Review-g274865-d1848881-Reviews-Waterfall_Savica-Bohinjsko_Jezero_Upper_Carniola_Region.html
