review_location_name, review_current_page, review_last_page, review_location_type, review_location_breadcrumbs, review_location_rate, location_lat, location_lng, review_id, review_date, review_experience_date, review_rate, user_name, user_link, user_id, parent_url
Vintgar Gorge, 523, 546, Hiking Trails & Hiking Trails, Europe & Slovenia & Upper Carniola Region & Zgornje Gorje & Things to Do in Zgornje Gorje, 4.5, 46.39338, 14.08565, 137999300, 20120801, 20120801, 4.0, Chris G, /Profile/Gripster, 9acabf727f0daca3e78e4083bd1e3a85, /Attraction_Review-g1870874-d519724-Reviews-Vintgar_Gorge-Zgornje_Gorje_Upper_Carniola_Region.html
Vintgar Gorge, 523, 546, Hiking Trails & Hiking Trails, Europe & Slovenia & Upper Carniola Region & Zgornje Gorje & Things to Do in Zgornje Gorje, 4.5, 46.39338, 14.08565, 137933605, 20120801, 20120801, 4.0, Alan T, /Profile/AlanT446, be49a2dbb57aea6c861eeac197a55c7f, /Attraction_Review-g1870874-d519724-Reviews-Vintgar_Gorge-Zgornje_Gorje_Upper_Carniola_Region.html
Vintgar Gorge, 523, 546, Hiking Trails & Hiking Trails, Europe & Slovenia & Upper Carniola Region & Zgornje Gorje & Things to Do in Zgornje Gorje, 4.5, 46.39338, 14.08565, 137802901, 20120801, 20120801, 2.0, Paolo Z, /Profile/PaoloZ249, f39636a14cebf918d39aba946529a15f, /Attraction_Review-g1870874-d519724-Reviews-Vintgar_Gorge-Zgornje_Gorje_Upper_Carniola_Region.html
Vintgar Gorge, 523, 546, Hiking Trails & Hiking Trails, Europe & Slovenia & Upper Carniola Region & Zgornje Gorje & Things to Do in Zgornje Gorje, 4.5, 46.39338, 14.08565, 137735490, 20120801, 20120801, 5.0, Anil58, /Profile/Anil58, 58527cb1571ef195cf5ab2b8676f825d, /Attraction_Review-g1870874-d519724-Reviews-Vintgar_Gorge-Zgornje_Gorje_Upper_Carniola_Region.html
Vintgar Gorge, 523, 546, Hiking Trails & Hiking Trails, Europe & Slovenia & Upper Carniola Region & Zgornje Gorje & Things to Do in Zgornje Gorje, 4.5, 46.39338, 14.08565, 137729484, 20120801, 20120701, 5.0, meli50meli, /Profile/meli50meli, 99633681f499139ef48728c2118ce5da, /Attraction_Review-g1870874-d519724-Reviews-Vintgar_Gorge-Zgornje_Gorje_Upper_Carniola_Region.html
