review_location_name, review_current_page, review_last_page, review_location_type, review_location_breadcrumbs, review_location_rate, location_lat, location_lng, review_id, review_date, review_experience_date, review_rate, user_name, user_link, user_id, parent_url
Gradisko Lake, 1, 2, Bodies of Water & Bodies of Water, Europe & Slovenia & Upper Carniola Region & Lukovica & Things to Do in Lukovica, 4.5, 46.1704, 14.69785, 768265652, 20200901, 20200901, 5.0, saskica22, /Profile/saskica22, 759f196a0fcc310e5c8e67d93a90e6f8, /Attraction_Review-g5496139-d8853820-Reviews-Gradisko_Lake-Lukovica_Upper_Carniola_Region.html
Gradisko Lake, 1, 2, Bodies of Water & Bodies of Water, Europe & Slovenia & Upper Carniola Region & Lukovica & Things to Do in Lukovica, 4.5, 46.1704, 14.69785, 749393875, 20200301, 20190801, 5.0, Samo Š, /Profile/samo_633, 8095d4742a5fddd515c1a1c05b3c87a6, /Attraction_Review-g5496139-d8853820-Reviews-Gradisko_Lake-Lukovica_Upper_Carniola_Region.html
Gradisko Lake, 1, 2, Bodies of Water & Bodies of Water, Europe & Slovenia & Upper Carniola Region & Lukovica & Things to Do in Lukovica, 4.5, 46.1704, 14.69785, 716458169, 20191001, 20191001, 5.0, Samo Š, /Profile/samo_633, 8095d4742a5fddd515c1a1c05b3c87a6, /Attraction_Review-g5496139-d8853820-Reviews-Gradisko_Lake-Lukovica_Upper_Carniola_Region.html
Gradisko Lake, 1, 2, Bodies of Water & Bodies of Water, Europe & Slovenia & Upper Carniola Region & Lukovica & Things to Do in Lukovica, 4.5, 46.1704, 14.69785, 659782796, 20190301, 20190301, 4.0, andrejameznar, /Profile/andrejameznar, 63065f67d41949dc1872fe979eb847a5, /Attraction_Review-g5496139-d8853820-Reviews-Gradisko_Lake-Lukovica_Upper_Carniola_Region.html
Gradisko Lake, 1, 2, Bodies of Water & Bodies of Water, Europe & Slovenia & Upper Carniola Region & Lukovica & Things to Do in Lukovica, 4.5, 46.1704, 14.69785, 657652216, 20190301, 20190301, 4.0, Stanko P, /Profile/StankoP20, 24fab1ee5eb27482790df0efaf399229, /Attraction_Review-g5496139-d8853820-Reviews-Gradisko_Lake-Lukovica_Upper_Carniola_Region.html
