review_location_name, review_current_page, review_last_page, review_location_type, review_location_breadcrumbs, review_location_rate, location_lat, location_lng, review_id, review_date, review_experience_date, review_rate, user_name, user_link, user_id, parent_url
River Soca, 13, 14, Other Outdoor Activities & Other Outdoor Activities, Europe & Slovenia & Slovenian Littoral Region & Kobarid & Things to Do in Kobarid, 5.0, 46.256283, 13.586994, 235192395, 20141001, 20140801, 5.0, scout6010, /Profile/scout6010, eb69c5eb06be0082c3856a4ed7dbb988, /Attraction_Review-g319788-d6834315-Reviews-River_Soca-Kobarid_Slovenian_Littoral_Region.html
River Soca, 13, 14, Other Outdoor Activities & Other Outdoor Activities, Europe & Slovenia & Slovenian Littoral Region & Kobarid & Things to Do in Kobarid, 5.0, 46.256283, 13.586994, 234306833, 20141001, 20140701, 5.0, Pizino, /Profile/Pizino, 66d751e7d841ec0136aec0c895ac92d3, /Attraction_Review-g319788-d6834315-Reviews-River_Soca-Kobarid_Slovenian_Littoral_Region.html
River Soca, 13, 14, Other Outdoor Activities & Other Outdoor Activities, Europe & Slovenia & Slovenian Littoral Region & Kobarid & Things to Do in Kobarid, 5.0, 46.256283, 13.586994, 229726548, 20140901, 20140901, 5.0, andrei_250171, /Profile/andrei_250171, 977e56d57faed4ff310bb087b9e25ed1, /Attraction_Review-g319788-d6834315-Reviews-River_Soca-Kobarid_Slovenian_Littoral_Region.html
River Soca, 13, 14, Other Outdoor Activities & Other Outdoor Activities, Europe & Slovenia & Slovenian Littoral Region & Kobarid & Things to Do in Kobarid, 5.0, 46.256283, 13.586994, 229520874, 20140901, 20140901, 5.0, SpicyM, /Profile/SpicyM, 60a09bf39d14b6394ecc235f24bca709, /Attraction_Review-g319788-d6834315-Reviews-River_Soca-Kobarid_Slovenian_Littoral_Region.html
River Soca, 13, 14, Other Outdoor Activities & Other Outdoor Activities, Europe & Slovenia & Slovenian Littoral Region & Kobarid & Things to Do in Kobarid, 5.0, 46.256283, 13.586994, 228587220, 20140901, 20140901, 5.0, Brun066, /Profile/Brun066, 3f7f7bb1b0eb8f1fef6b21232ffdfccb, /Attraction_Review-g319788-d6834315-Reviews-River_Soca-Kobarid_Slovenian_Littoral_Region.html
