review_location_name, review_current_page, review_last_page, review_location_type, review_location_breadcrumbs, review_location_rate, location_lat, location_lng, review_id, review_date, review_experience_date, review_rate, user_name, user_link, user_id, parent_url
Mozirski Gaj, 5, 7, Points of Interest & Landmarks & Parks & Playgrounds & Points of Interest & Landmarks & Parks & Playgrounds, Europe & Slovenia & Styria Region & Mozirje & Things to Do in Mozirje, 4.5, 46.33547, 14.963581, 397852878, 20160701, 20160701, 5.0, BCbikeGuy, /Profile/BCbikeGuy, 0bd597258877c3368327994d514f4245, /Attraction_Review-g1773813-d4747615-Reviews-Mozirski_Gaj-Mozirje_Styria_Region.html
Mozirski Gaj, 5, 7, Points of Interest & Landmarks & Parks & Playgrounds & Points of Interest & Landmarks & Parks & Playgrounds, Europe & Slovenia & Styria Region & Mozirje & Things to Do in Mozirje, 4.5, 46.33547, 14.963581, 392280141, 20160701, 20160701, 5.0, Mavrica93, /Profile/Mavrica93, 94f5e60bec6fa9d90118fd156469fd88, /Attraction_Review-g1773813-d4747615-Reviews-Mozirski_Gaj-Mozirje_Styria_Region.html
Mozirski Gaj, 5, 7, Points of Interest & Landmarks & Parks & Playgrounds & Points of Interest & Landmarks & Parks & Playgrounds, Europe & Slovenia & Styria Region & Mozirje & Things to Do in Mozirje, 4.5, 46.33547, 14.963581, 343469616, 20160101, 20150701, 5.0, Anja B, /Profile/763anjab, 597c88127d766e2f03256648ad6e3406, /Attraction_Review-g1773813-d4747615-Reviews-Mozirski_Gaj-Mozirje_Styria_Region.html
Mozirski Gaj, 5, 7, Points of Interest & Landmarks & Parks & Playgrounds & Points of Interest & Landmarks & Parks & Playgrounds, Europe & Slovenia & Styria Region & Mozirje & Things to Do in Mozirje, 4.5, 46.33547, 14.963581, 340877977, 20160101, 20151101, 4.0, Vega, /Profile/davrog10, 542f8024f40dbe7bdd3a49e89d622f3d, /Attraction_Review-g1773813-d4747615-Reviews-Mozirski_Gaj-Mozirje_Styria_Region.html
Mozirski Gaj, 5, 7, Points of Interest & Landmarks & Parks & Playgrounds & Points of Interest & Landmarks & Parks & Playgrounds, Europe & Slovenia & Styria Region & Mozirje & Things to Do in Mozirje, 4.5, 46.33547, 14.963581, 336879984, 20160101, 20150901, 4.0, Reeta_SL, /Profile/Reeta_SL, 32b7c82453a6780f21e9d1ae0ad1cf27, /Attraction_Review-g1773813-d4747615-Reviews-Mozirski_Gaj-Mozirje_Styria_Region.html
