review_location_name, review_current_page, review_last_page, review_location_type, review_location_breadcrumbs, review_location_rate, location_lat, location_lng, review_id, review_date, review_experience_date, review_rate, user_name, user_link, user_id, parent_url
Union Experience, 3, 81, Breweries & Breweries, Europe & Slovenia & Upper Carniola Region & Ljubljana & Things to Do in Ljubljana, 4.5, 46.05972, 14.498941, 761217753, 20200701, 20200701, 5.0, nejc skrt, /Profile/nejc2233, 62031bfa9a4daa39abb95499dc5ec9c3, /Attraction_Review-g274873-d4781680-Reviews-Union_Experience-Ljubljana_Upper_Carniola_Region.html
Union Experience, 3, 81, Breweries & Breweries, Europe & Slovenia & Upper Carniola Region & Ljubljana & Things to Do in Ljubljana, 4.5, 46.05972, 14.498941, 761216626, 20200701, 20200701, 5.0, Julij Z, /Profile/julijz, 452031ffeba8561a64239a84e38def30, /Attraction_Review-g274873-d4781680-Reviews-Union_Experience-Ljubljana_Upper_Carniola_Region.html
Union Experience, 3, 81, Breweries & Breweries, Europe & Slovenia & Upper Carniola Region & Ljubljana & Things to Do in Ljubljana, 4.5, 46.05972, 14.498941, 761216346, 20200701, 20200701, 5.0, Blaz, /Profile/kuhla123, 46c7cbd4c44f12415b3999694c6db3cf, /Attraction_Review-g274873-d4781680-Reviews-Union_Experience-Ljubljana_Upper_Carniola_Region.html
Union Experience, 3, 81, Breweries & Breweries, Europe & Slovenia & Upper Carniola Region & Ljubljana & Things to Do in Ljubljana, 4.5, 46.05972, 14.498941, 761216184, 20200701, 20200701, 5.0, Žiga M, /Profile/866_igam, 88d5eeec5122b2af57c221e66e45faad, /Attraction_Review-g274873-d4781680-Reviews-Union_Experience-Ljubljana_Upper_Carniola_Region.html
Union Experience, 3, 81, Breweries & Breweries, Europe & Slovenia & Upper Carniola Region & Ljubljana & Things to Do in Ljubljana, 4.5, 46.05972, 14.498941, 757653595, 20200601, 20200601, 5.0, Benk, /Profile/xmasdelight, 3c4d40fbb96315fa6e724a444d5e5f63, /Attraction_Review-g274873-d4781680-Reviews-Union_Experience-Ljubljana_Upper_Carniola_Region.html
