review_location_name, review_current_page, review_last_page, review_location_type, review_location_breadcrumbs, review_location_rate, location_lat, location_lng, review_id, review_date, review_experience_date, review_rate, user_name, user_link, user_id, parent_url
Dragon Bridge (Zmajski Most), 106, 229, Bridges & Bridges, Europe & Slovenia & Upper Carniola Region & Ljubljana & Things to Do in Ljubljana, 4.0, 46.05494, 14.51103, 477007792, 20170401, 20170101, 3.0, gds199, /Profile/gds199, 74917629e99b13b28c357e5b2fcb64b6, /Attraction_Review-g274873-d276337-Reviews-Dragon_Bridge_Zmajski_Most-Ljubljana_Upper_Carniola_Region.html
Dragon Bridge (Zmajski Most), 106, 229, Bridges & Bridges, Europe & Slovenia & Upper Carniola Region & Ljubljana & Things to Do in Ljubljana, 4.0, 46.05494, 14.51103, 476874382, 20170401, 20170401, 2.0, majeo, /Profile/majeo, e51cd0285890ef9ad4b66c6b0dd32e1c, /Attraction_Review-g274873-d276337-Reviews-Dragon_Bridge_Zmajski_Most-Ljubljana_Upper_Carniola_Region.html
Dragon Bridge (Zmajski Most), 106, 229, Bridges & Bridges, Europe & Slovenia & Upper Carniola Region & Ljubljana & Things to Do in Ljubljana, 4.0, 46.05494, 14.51103, 475702656, 20170401, 20170301, 4.0, rademan, /Profile/rademan, 8aa11ab9d8001999e86878847794edbe, /Attraction_Review-g274873-d276337-Reviews-Dragon_Bridge_Zmajski_Most-Ljubljana_Upper_Carniola_Region.html
Dragon Bridge (Zmajski Most), 106, 229, Bridges & Bridges, Europe & Slovenia & Upper Carniola Region & Ljubljana & Things to Do in Ljubljana, 4.0, 46.05494, 14.51103, 475490347, 20170401, 20170401, 3.0, ymanev, /Profile/ymanev, 9d894893d59553f49dee7a2c18810b52, /Attraction_Review-g274873-d276337-Reviews-Dragon_Bridge_Zmajski_Most-Ljubljana_Upper_Carniola_Region.html
Dragon Bridge (Zmajski Most), 106, 229, Bridges & Bridges, Europe & Slovenia & Upper Carniola Region & Ljubljana & Things to Do in Ljubljana, 4.0, 46.05494, 14.51103, 475286030, 20170401, 20170401, 5.0, Marcelo F, /Profile/D2658KPmarcelof, 1d4072e97c00967ab08411aa1600607d, /Attraction_Review-g274873-d276337-Reviews-Dragon_Bridge_Zmajski_Most-Ljubljana_Upper_Carniola_Region.html
