review_location_name, review_current_page, review_last_page, review_location_type, review_location_breadcrumbs, review_location_rate, location_lat, location_lng, review_id, review_date, review_experience_date, review_rate, user_name, user_link, user_id, parent_url
Triple Bridge (Tromostovje), 280, 306, Bridges & Bridges, Europe & Slovenia & Upper Carniola Region & Ljubljana & Things to Do in Ljubljana, 4.5, 46.05131, 14.50601, 169608622, 20130701, 20130701, 5.0, Vinetou, /Profile/Vinetou, 7ad0497d657c60ce9ee67522d89100dd, /Attraction_Review-g274873-d276335-Reviews-Triple_Bridge_Tromostovje-Ljubljana_Upper_Carniola_Region.html
Triple Bridge (Tromostovje), 280, 306, Bridges & Bridges, Europe & Slovenia & Upper Carniola Region & Ljubljana & Things to Do in Ljubljana, 4.5, 46.05131, 14.50601, 169568932, 20130701, 20130701, 5.0, aimankay, /Profile/aimankay, e853697751d19d4495a3a58aef73c0ea, /Attraction_Review-g274873-d276335-Reviews-Triple_Bridge_Tromostovje-Ljubljana_Upper_Carniola_Region.html
Triple Bridge (Tromostovje), 280, 306, Bridges & Bridges, Europe & Slovenia & Upper Carniola Region & Ljubljana & Things to Do in Ljubljana, 4.5, 46.05131, 14.50601, 168659022, 20130701, 20130701, 5.0, GRIMS, /Profile/GRIMS, 5fd25a2b4bc5db37e228f73ecad0122f, /Attraction_Review-g274873-d276335-Reviews-Triple_Bridge_Tromostovje-Ljubljana_Upper_Carniola_Region.html
Triple Bridge (Tromostovje), 280, 306, Bridges & Bridges, Europe & Slovenia & Upper Carniola Region & Ljubljana & Things to Do in Ljubljana, 4.5, 46.05131, 14.50601, 168641582, 20130701, 20130701, 4.0, Markandmore, /Profile/Markandmore, 1f66b3c1fda2c8f1bf9e90d6046ccfa8, /Attraction_Review-g274873-d276335-Reviews-Triple_Bridge_Tromostovje-Ljubljana_Upper_Carniola_Region.html
Triple Bridge (Tromostovje), 280, 306, Bridges & Bridges, Europe & Slovenia & Upper Carniola Region & Ljubljana & Things to Do in Ljubljana, 4.5, 46.05131, 14.50601, 168404997, 20130701, 20130701, 5.0, Vincent P, /Profile/VincentP204, 01e16e29cf7b5f2c047eda3eb269fff2, /Attraction_Review-g274873-d276335-Reviews-Triple_Bridge_Tromostovje-Ljubljana_Upper_Carniola_Region.html
