review_location_name, review_current_page, review_last_page, review_location_type, review_location_breadcrumbs, review_location_rate, location_lat, location_lng, review_id, review_date, review_experience_date, review_rate, user_name, user_link, user_id, parent_url
Metelkova, 52, 84, Neighborhoods & Neighborhoods, Europe & Slovenia & Upper Carniola Region & Ljubljana & Things to Do in Ljubljana, 4.0, 46.056644, 14.516993, 331554367, 20151201, 20151201, 5.0, Zoë H, /Profile/zo_h139, 6801ce03621d01d539e5c29e98adb3a8, /Attraction_Review-g274873-d734854-Reviews-Metelkova-Ljubljana_Upper_Carniola_Region.html
Metelkova, 52, 84, Neighborhoods & Neighborhoods, Europe & Slovenia & Upper Carniola Region & Ljubljana & Things to Do in Ljubljana, 4.0, 46.056644, 14.516993, 329022240, 20151101, 20151101, 5.0, Marco Secchi, /Profile/msecchiphoto, fca8e36009d977c8a0758b57fa75b1ec, /Attraction_Review-g274873-d734854-Reviews-Metelkova-Ljubljana_Upper_Carniola_Region.html
Metelkova, 52, 84, Neighborhoods & Neighborhoods, Europe & Slovenia & Upper Carniola Region & Ljubljana & Things to Do in Ljubljana, 4.0, 46.056644, 14.516993, 328339393, 20151101, 20151101, 5.0, eithne e, /Profile/eithne_13, 6107cbd2cfdcee4e09ee4e36e5885a09, /Attraction_Review-g274873-d734854-Reviews-Metelkova-Ljubljana_Upper_Carniola_Region.html
Metelkova, 52, 84, Neighborhoods & Neighborhoods, Europe & Slovenia & Upper Carniola Region & Ljubljana & Things to Do in Ljubljana, 4.0, 46.056644, 14.516993, 325699510, 20151101, 20151101, 3.0, izif_37, /Profile/izif_37, 3e8ae1f79ba2f75677a8a526029da2fa, /Attraction_Review-g274873-d734854-Reviews-Metelkova-Ljubljana_Upper_Carniola_Region.html
Metelkova, 52, 84, Neighborhoods & Neighborhoods, Europe & Slovenia & Upper Carniola Region & Ljubljana & Things to Do in Ljubljana, 4.0, 46.056644, 14.516993, 324010833, 20151101, 20151001, 5.0, Linda O, /Profile/lindao764, 39d5948bc0adb2327139008b10855527, /Attraction_Review-g274873-d734854-Reviews-Metelkova-Ljubljana_Upper_Carniola_Region.html
