review_location_name, review_current_page, review_last_page, review_location_type, review_location_breadcrumbs, review_location_rate, location_lat, location_lng, review_id, review_date, review_experience_date, review_rate, user_name, user_link, user_id, parent_url
Butcher's Bridge, 51, 66, Bridges & Bridges, Europe & Slovenia & Upper Carniola Region & Ljubljana & Things to Do in Ljubljana, 4.0, 46.05187, 14.5135, 326846453, 20151101, 20151001, 4.0, izif_37, /Profile/izif_37, 3e8ae1f79ba2f75677a8a526029da2fa, /Attraction_Review-g274873-d2360134-Reviews-Butcher_s_Bridge-Ljubljana_Upper_Carniola_Region.html
Butcher's Bridge, 51, 66, Bridges & Bridges, Europe & Slovenia & Upper Carniola Region & Ljubljana & Things to Do in Ljubljana, 4.0, 46.05187, 14.5135, 323880118, 20151101, 20150701, 5.0, Alexa S, /Profile/390alexas, e053d5e4390bcfc01cbe0dee780cbda5, /Attraction_Review-g274873-d2360134-Reviews-Butcher_s_Bridge-Ljubljana_Upper_Carniola_Region.html
Butcher's Bridge, 51, 66, Bridges & Bridges, Europe & Slovenia & Upper Carniola Region & Ljubljana & Things to Do in Ljubljana, 4.0, 46.05187, 14.5135, 322868833, 20151001, 20151001, 5.0, TamaraD87, /Profile/TamaraD87, fbb485e0dab1319f38e0d9881e652fa5, /Attraction_Review-g274873-d2360134-Reviews-Butcher_s_Bridge-Ljubljana_Upper_Carniola_Region.html
Butcher's Bridge, 51, 66, Bridges & Bridges, Europe & Slovenia & Upper Carniola Region & Ljubljana & Things to Do in Ljubljana, 4.0, 46.05187, 14.5135, 322139838, 20151001, 20150901, 4.0, theheatonfamily, /Profile/theheatonfamily, c16e01e35581bcee4ba1010f2628c79b, /Attraction_Review-g274873-d2360134-Reviews-Butcher_s_Bridge-Ljubljana_Upper_Carniola_Region.html
Butcher's Bridge, 51, 66, Bridges & Bridges, Europe & Slovenia & Upper Carniola Region & Ljubljana & Things to Do in Ljubljana, 4.0, 46.05187, 14.5135, 321727341, 20151001, 20151001, 4.0, Rhonda B, /Profile/LocalVisitor2013, 521918ce02df9dc8bd039d4b09555c84, /Attraction_Review-g274873-d2360134-Reviews-Butcher_s_Bridge-Ljubljana_Upper_Carniola_Region.html
