review_location_name, review_current_page, review_last_page, review_location_type, review_location_breadcrumbs, review_location_rate, location_lat, location_lng, review_id, review_date, review_experience_date, review_rate, user_name, user_link, user_id, parent_url
Koper Cathedral and Bell Tower, 18, 35, Churches & Cathedrals & Churches & Cathedrals, Europe & Slovenia & Slovenian Littoral Region & Slovenian Istria & Koper & Things to Do in Koper, 4.0, 45.54809, 13.72983, 396275063, 20160701, 20160701, 3.0, Lee m, /Profile/R3181FTleem, 28391a0fd300fda2b828da02379625b6, /Attraction_Review-g312722-d2345282-Reviews-Koper_Cathedral_and_Bell_Tower-Koper_Slovenian_Istria_Slovenian_Littoral_Region.html
Koper Cathedral and Bell Tower, 18, 35, Churches & Cathedrals & Churches & Cathedrals, Europe & Slovenia & Slovenian Littoral Region & Slovenian Istria & Koper & Things to Do in Koper, 4.0, 45.54809, 13.72983, 393021480, 20160701, 20160701, 3.0, Travelingjohn123, /Profile/Travelingjohn123, 27646be91041277ad96ca7d5b8933bbe, /Attraction_Review-g312722-d2345282-Reviews-Koper_Cathedral_and_Bell_Tower-Koper_Slovenian_Istria_Slovenian_Littoral_Region.html
Koper Cathedral and Bell Tower, 18, 35, Churches & Cathedrals & Churches & Cathedrals, Europe & Slovenia & Slovenian Littoral Region & Slovenian Istria & Koper & Things to Do in Koper, 4.0, 45.54809, 13.72983, 386477512, 20160601, 20160601, 5.0, RadanovicNikola, /Profile/RadanovicNikola, 8523f8f1a70db26943ad12c27cf43f5a, /Attraction_Review-g312722-d2345282-Reviews-Koper_Cathedral_and_Bell_Tower-Koper_Slovenian_Istria_Slovenian_Littoral_Region.html
Koper Cathedral and Bell Tower, 18, 35, Churches & Cathedrals & Churches & Cathedrals, Europe & Slovenia & Slovenian Littoral Region & Slovenian Istria & Koper & Things to Do in Koper, 4.0, 45.54809, 13.72983, 385147191, 20160601, 20150901, 4.0, Alexina5, /Profile/Alexina5, e45072726451dd6a7630f78c91033db0, /Attraction_Review-g312722-d2345282-Reviews-Koper_Cathedral_and_Bell_Tower-Koper_Slovenian_Istria_Slovenian_Littoral_Region.html
Koper Cathedral and Bell Tower, 18, 35, Churches & Cathedrals & Churches & Cathedrals, Europe & Slovenia & Slovenian Littoral Region & Slovenian Istria & Koper & Things to Do in Koper, 4.0, 45.54809, 13.72983, 383977937, 20160601, 20160401, 4.0, Lance Kerwin, /Profile/Lance_Kerwin, 4bbd513374201d4e678440f3f239a521, /Attraction_Review-g312722-d2345282-Reviews-Koper_Cathedral_and_Bell_Tower-Koper_Slovenian_Istria_Slovenian_Littoral_Region.html
