review_location_name, review_current_page, review_last_page, review_location_type, review_location_breadcrumbs, review_location_rate, location_lat, location_lng, review_id, review_date, review_experience_date, review_rate, user_name, user_link, user_id, parent_url
Straza Bled, 1, 75, Nature & Wildlife Areas & Ski & Snowboard Areas & Nature & Wildlife Areas & Ski & Snowboard Areas, Europe & Slovenia & Upper Carniola Region & Bled & Things to Do in Bled, 4.5, 46.36295, 14.104902, 773474391, 20201001, 20191101, 4.0, Eyal Asher, /Profile/Eyal_Asher, f2e9959cc6b323f71aa26b0fdf7cd208, /Attraction_Review-g274863-d4501625-Reviews-Straza_Bled-Bled_Upper_Carniola_Region.html
Straza Bled, 1, 75, Nature & Wildlife Areas & Ski & Snowboard Areas & Nature & Wildlife Areas & Ski & Snowboard Areas, Europe & Slovenia & Upper Carniola Region & Bled & Things to Do in Bled, 4.5, 46.36295, 14.104902, 751014662, 20200301, 20190701, 4.0, Stephanie G, /Profile/Z893LQstephaniew, ea9d5bd89ffa505585955b16dec0867f, /Attraction_Review-g274863-d4501625-Reviews-Straza_Bled-Bled_Upper_Carniola_Region.html
Straza Bled, 1, 75, Nature & Wildlife Areas & Ski & Snowboard Areas & Nature & Wildlife Areas & Ski & Snowboard Areas, Europe & Slovenia & Upper Carniola Region & Bled & Things to Do in Bled, 4.5, 46.36295, 14.104902, 727384994, 20191101, 20190901, 4.0, Daisy, /Profile/DSLDN7, d42dc0c7d03f20f4c9942fe21513121e, /Attraction_Review-g274863-d4501625-Reviews-Straza_Bled-Bled_Upper_Carniola_Region.html
Straza Bled, 1, 75, Nature & Wildlife Areas & Ski & Snowboard Areas & Nature & Wildlife Areas & Ski & Snowboard Areas, Europe & Slovenia & Upper Carniola Region & Bled & Things to Do in Bled, 4.5, 46.36295, 14.104902, 721354298, 20191001, 20191001, 4.0, Booney30, /Profile/Booney30, 1b297428b47f3b8dce029ce73ce5897e, /Attraction_Review-g274863-d4501625-Reviews-Straza_Bled-Bled_Upper_Carniola_Region.html
Straza Bled, 1, 75, Nature & Wildlife Areas & Ski & Snowboard Areas & Nature & Wildlife Areas & Ski & Snowboard Areas, Europe & Slovenia & Upper Carniola Region & Bled & Things to Do in Bled, 4.5, 46.36295, 14.104902, 707692061, 20190901, 20190801, 4.0, Keinan N, /Profile/keinann2017, 23f8c0f8d4fc24d2312df97936d72316, /Attraction_Review-g274863-d4501625-Reviews-Straza_Bled-Bled_Upper_Carniola_Region.html
