review_location_name, review_current_page, review_last_page, review_location_type, review_location_breadcrumbs, review_location_rate, location_lat, location_lng, review_id, review_date, review_experience_date, review_rate, user_name, user_link, user_id, parent_url
Thirsty River Brewing, 4, 6, Breweries & Breweries, Europe & Slovenia & Slovenian Littoral Region & Bovec & Things to Do in Bovec, 5.0, 46.337776, 13.552413, 677693523, 20190501, 20190501, 5.0, skipper9999, /Profile/skipper9999, e40caafb32a7ae25a57dbd1e1f591a5d, /Attraction_Review-g274866-d12871469-Reviews-Thirsty_River_Brewing-Bovec_Slovenian_Littoral_Region.html
Thirsty River Brewing, 4, 6, Breweries & Breweries, Europe & Slovenia & Slovenian Littoral Region & Bovec & Things to Do in Bovec, 5.0, 46.337776, 13.552413, 672386552, 20190501, 20190301, 5.0, mauriej2014, /Profile/mauriej2014, f9c734501d6202a344a7bdfbcfdd82ba, /Attraction_Review-g274866-d12871469-Reviews-Thirsty_River_Brewing-Bovec_Slovenian_Littoral_Region.html
Thirsty River Brewing, 4, 6, Breweries & Breweries, Europe & Slovenia & Slovenian Littoral Region & Bovec & Things to Do in Bovec, 5.0, 46.337776, 13.552413, 642220962, 20181201, 20181201, 5.0, TogoYovo, /Profile/TogoYovo, bc167cfddfa6a41491e22c3382058e55, /Attraction_Review-g274866-d12871469-Reviews-Thirsty_River_Brewing-Bovec_Slovenian_Littoral_Region.html
Thirsty River Brewing, 4, 6, Breweries & Breweries, Europe & Slovenia & Slovenian Littoral Region & Bovec & Things to Do in Bovec, 5.0, 46.337776, 13.552413, 618833010, 20180901, 20180201, 5.0, Thys H, /Profile/ThysHarrison, cc7b13eac331612c583d44c2688be049, /Attraction_Review-g274866-d12871469-Reviews-Thirsty_River_Brewing-Bovec_Slovenian_Littoral_Region.html
Thirsty River Brewing, 4, 6, Breweries & Breweries, Europe & Slovenia & Slovenian Littoral Region & Bovec & Things to Do in Bovec, 5.0, 46.337776, 13.552413, 618825506, 20180901, 20180201, 5.0, Robert H, /Profile/X7133PWroberth, 4e2eeea20be50c5da6a9924c0000cfb7, /Attraction_Review-g274866-d12871469-Reviews-Thirsty_River_Brewing-Bovec_Slovenian_Littoral_Region.html
