review_location_name, review_current_page, review_last_page, review_location_type, review_location_breadcrumbs, review_location_rate, location_lat, location_lng, review_id, review_date, review_experience_date, review_rate, user_name, user_link, user_id, parent_url
Terme Catez, 27, 35, Spas & Thermal Spas & Spas & Thermal Spas, Europe & Slovenia & Lower Carniola Region & Brezice & Things to Do in Brezice, 3.5, 45.891975, 15.625853, 259633258, 20150301, 20150301, 5.0, Tomislav S, /Profile/tomislavs125, 2be382d4575ba212bafaab9d4179eb68, /Attraction_Review-g1567720-d615464-Reviews-Terme_Catez-Brezice_Lower_Carniola_Region.html
Terme Catez, 27, 35, Spas & Thermal Spas & Spas & Thermal Spas, Europe & Slovenia & Lower Carniola Region & Brezice & Things to Do in Brezice, 3.5, 45.891975, 15.625853, 258634579, 20150301, 20150301, 5.0, Maestrino_3, /Profile/Maestrino_3, dcd4674b4620dd054d13ed77d3a20aa0, /Attraction_Review-g1567720-d615464-Reviews-Terme_Catez-Brezice_Lower_Carniola_Region.html
Terme Catez, 27, 35, Spas & Thermal Spas & Spas & Thermal Spas, Europe & Slovenia & Lower Carniola Region & Brezice & Things to Do in Brezice, 3.5, 45.891975, 15.625853, 254523032, 20150201, 20150201, 3.0, Nikola R, /Profile/nikolar711, 080bc6e8001d5e1d2e1ca5240e48dd21, /Attraction_Review-g1567720-d615464-Reviews-Terme_Catez-Brezice_Lower_Carniola_Region.html
Terme Catez, 27, 35, Spas & Thermal Spas & Spas & Thermal Spas, Europe & Slovenia & Lower Carniola Region & Brezice & Things to Do in Brezice, 3.5, 45.891975, 15.625853, 254074311, 20150201, 20150201, 5.0, Vicktorialup, /Profile/Vicktorialup, f565e05f90ebef9ddf979487331e76eb, /Attraction_Review-g1567720-d615464-Reviews-Terme_Catez-Brezice_Lower_Carniola_Region.html
Terme Catez, 27, 35, Spas & Thermal Spas & Spas & Thermal Spas, Europe & Slovenia & Lower Carniola Region & Brezice & Things to Do in Brezice, 3.5, 45.891975, 15.625853, 252208521, 20150201, 20140301, 5.0, Romeo P, /Profile/209romeop, b37cd8322eb0546c0bdfc89526c4cef1, /Attraction_Review-g1567720-d615464-Reviews-Terme_Catez-Brezice_Lower_Carniola_Region.html
