review_location_name, review_current_page, review_last_page, review_location_type, review_location_breadcrumbs, review_location_rate, location_lat, location_lng, review_id, review_date, review_experience_date, review_rate, user_name, user_link, user_id, parent_url
Odprta Kuhna, 39, 47, Flea & Street Markets & Flea & Street Markets, Europe & Slovenia & Upper Carniola Region & Ljubljana & Things to Do in Ljubljana, 4.5, 46.0511, 14.507708, 363061289, 20160401, 20160401, 5.0, koki5000, /Profile/koki5000, e9939aed3eb6aab1a2b5ecfaea015efa, /Attraction_Review-g274873-d19417162-Reviews-Odprta_Kuhna-Ljubljana_Upper_Carniola_Region.html
Odprta Kuhna, 39, 47, Flea & Street Markets & Flea & Street Markets, Europe & Slovenia & Upper Carniola Region & Ljubljana & Things to Do in Ljubljana, 4.5, 46.0511, 14.507708, 359029862, 20160301, 20160301, 4.0, Barbara V, /Profile/J5147INbarbarav, 55b8fabce9fcef7b21877c48994c987f, /Attraction_Review-g274873-d19417162-Reviews-Odprta_Kuhna-Ljubljana_Upper_Carniola_Region.html
Odprta Kuhna, 39, 47, Flea & Street Markets & Flea & Street Markets, Europe & Slovenia & Upper Carniola Region & Ljubljana & Things to Do in Ljubljana, 4.5, 46.0511, 14.507708, 347838470, 20160201, 20160201, 4.0, Neza B, /Profile/NezaB_13, e85acb1f23c3b09503e7a96b3aa39888, /Attraction_Review-g274873-d19417162-Reviews-Odprta_Kuhna-Ljubljana_Upper_Carniola_Region.html
Odprta Kuhna, 39, 47, Flea & Street Markets & Flea & Street Markets, Europe & Slovenia & Upper Carniola Region & Ljubljana & Things to Do in Ljubljana, 4.5, 46.0511, 14.507708, 347552578, 20160201, 20151001, 5.0, Snowfall2014, /Profile/Snowfall2014, a0d0e0e9c6485da3127aeeee9bd669a8, /Attraction_Review-g274873-d19417162-Reviews-Odprta_Kuhna-Ljubljana_Upper_Carniola_Region.html
Odprta Kuhna, 39, 47, Flea & Street Markets & Flea & Street Markets, Europe & Slovenia & Upper Carniola Region & Ljubljana & Things to Do in Ljubljana, 4.5, 46.0511, 14.507708, 339623190, 20160101, 20160101, 5.0, MihaTravnik, /Profile/MihaTravnik, 0a43f802fb3c8f091d5e7758fb561625, /Attraction_Review-g274873-d19417162-Reviews-Odprta_Kuhna-Ljubljana_Upper_Carniola_Region.html
