review_location_name, review_current_page, review_last_page, review_location_type, review_location_breadcrumbs, review_location_rate, location_lat, location_lng, review_id, review_date, review_experience_date, review_rate, user_name, user_link, user_id, parent_url
Lake Bled, 822, 1061, Bodies of Water & Bodies of Water, Europe & Slovenia & Upper Carniola Region & Bled & Things to Do in Bled, 4.5, 46.36622, 14.10102, 240294914, 20141101, 20141001, 5.0, Randa S, /Profile/RandaS_11, 007dae747ed36a0d30ab3394e18ce8af, /Attraction_Review-g274863-d296735-Reviews-Lake_Bled-Bled_Upper_Carniola_Region.html
Lake Bled, 822, 1061, Bodies of Water & Bodies of Water, Europe & Slovenia & Upper Carniola Region & Bled & Things to Do in Bled, 4.5, 46.36622, 14.10102, 239970588, 20141101, 20141001, 5.0, DWBriggs, /Profile/DWBriggs, 86a0439ef1fe826360c75d7a7557d97e, /Attraction_Review-g274863-d296735-Reviews-Lake_Bled-Bled_Upper_Carniola_Region.html
Lake Bled, 822, 1061, Bodies of Water & Bodies of Water, Europe & Slovenia & Upper Carniola Region & Bled & Things to Do in Bled, 4.5, 46.36622, 14.10102, 239954711, 20141101, 20141101, 5.0, Marjan G, /Profile/552marjang, e49b76c0651f278e4d6ce464487312b8, /Attraction_Review-g274863-d296735-Reviews-Lake_Bled-Bled_Upper_Carniola_Region.html
Lake Bled, 822, 1061, Bodies of Water & Bodies of Water, Europe & Slovenia & Upper Carniola Region & Bled & Things to Do in Bled, 4.5, 46.36622, 14.10102, 239663556, 20141101, 20140601, 5.0, jaxgirl459, /Profile/jaxgirl459, 0302717220c4f07fe6ddc86e6b701da6, /Attraction_Review-g274863-d296735-Reviews-Lake_Bled-Bled_Upper_Carniola_Region.html
Lake Bled, 822, 1061, Bodies of Water & Bodies of Water, Europe & Slovenia & Upper Carniola Region & Bled & Things to Do in Bled, 4.5, 46.36622, 14.10102, 239660968, 20141101, 20140501, 4.0, Pavla K, /Profile/Pavlinjo, a158d0aa02bb5f2db08d7c5cc807c612, /Attraction_Review-g274863-d296735-Reviews-Lake_Bled-Bled_Upper_Carniola_Region.html
