review_location_name, review_current_page, review_last_page, review_location_type, review_location_breadcrumbs, review_location_rate, location_lat, location_lng, review_id, review_date, review_experience_date, review_rate, user_name, user_link, user_id, parent_url
National Gallery (Narodna Galerija), 4, 23, Art Museums & Art Museums, Europe & Slovenia & Upper Carniola Region & Ljubljana & Things to Do in Ljubljana, 4.0, 46.054077, 14.500196, 674988749, 20190501, 20190501, 4.0, andrewjameswarren, /Profile/andrewjameswarren, fe532272ead7e4744a25ef63e334a8e4, /Attraction_Review-g274873-d276326-Reviews-National_Gallery_Narodna_Galerija-Ljubljana_Upper_Carniola_Region.html
National Gallery (Narodna Galerija), 4, 23, Art Museums & Art Museums, Europe & Slovenia & Upper Carniola Region & Ljubljana & Things to Do in Ljubljana, 4.0, 46.054077, 14.500196, 674230950, 20190501, 20190501, 4.0, Doug C, /Profile/996dougc, 2bfb5b54ffbde73e56e52776dce9962b, /Attraction_Review-g274873-d276326-Reviews-National_Gallery_Narodna_Galerija-Ljubljana_Upper_Carniola_Region.html
National Gallery (Narodna Galerija), 4, 23, Art Museums & Art Museums, Europe & Slovenia & Upper Carniola Region & Ljubljana & Things to Do in Ljubljana, 4.0, 46.054077, 14.500196, 673231109, 20190501, 20190501, 5.0, unpredictable k, /Profile/unpredictablek, b781007064b8e1a2c65b09559fddd7ce, /Attraction_Review-g274873-d276326-Reviews-National_Gallery_Narodna_Galerija-Ljubljana_Upper_Carniola_Region.html
National Gallery (Narodna Galerija), 4, 23, Art Museums & Art Museums, Europe & Slovenia & Upper Carniola Region & Ljubljana & Things to Do in Ljubljana, 4.0, 46.054077, 14.500196, 672689897, 20190501, 20190501, 3.0, GwenAndKirsty, /Profile/GwenAndKirsty, 663c3bad53cc6074346b0dda77a5feb0, /Attraction_Review-g274873-d276326-Reviews-National_Gallery_Narodna_Galerija-Ljubljana_Upper_Carniola_Region.html
National Gallery (Narodna Galerija), 4, 23, Art Museums & Art Museums, Europe & Slovenia & Upper Carniola Region & Ljubljana & Things to Do in Ljubljana, 4.0, 46.054077, 14.500196, 672386210, 20190501, 20190501, 5.0, Nezka K, /Profile/nezkak2017, 6dc4897ea86de8ae851d9c0d8fd122be, /Attraction_Review-g274873-d276326-Reviews-National_Gallery_Narodna_Galerija-Ljubljana_Upper_Carniola_Region.html
