review_location_name, review_current_page, review_last_page, review_location_type, review_location_breadcrumbs, review_location_rate, location_lat, location_lng, review_id, review_date, review_experience_date, review_rate, user_name, user_link, user_id, parent_url
The Ljubljana Castle, 64, 761, Points of Interest & Landmarks & Castles & Points of Interest & Landmarks & Castles, Europe & Slovenia & Upper Carniola Region & Ljubljana & Things to Do in Ljubljana, 4.0, 46.04885, 14.50909, 680665050, 20190601, 20190501, 5.0, Glen U, /Profile/glenuehlein, e41d27502f1d0c488b0109450d37a61e, /Attraction_Review-g274873-d6924839-Reviews-The_Ljubljana_Castle-Ljubljana_Upper_Carniola_Region.html
The Ljubljana Castle, 64, 761, Points of Interest & Landmarks & Castles & Points of Interest & Landmarks & Castles, Europe & Slovenia & Upper Carniola Region & Ljubljana & Things to Do in Ljubljana, 4.0, 46.04885, 14.50909, 680600459, 20190601, 20190601, 4.0, syddie, /Profile/syddie, d5d23693180fbf0a5c4595fb139e74f2, /Attraction_Review-g274873-d6924839-Reviews-The_Ljubljana_Castle-Ljubljana_Upper_Carniola_Region.html
The Ljubljana Castle, 64, 761, Points of Interest & Landmarks & Castles & Points of Interest & Landmarks & Castles, Europe & Slovenia & Upper Carniola Region & Ljubljana & Things to Do in Ljubljana, 4.0, 46.04885, 14.50909, 680393928, 20190601, 20190501, 5.0, David J, /Profile/N938ADdavidj, 28727cf42fbdbd5433dd6c0609f4e222, /Attraction_Review-g274873-d6924839-Reviews-The_Ljubljana_Castle-Ljubljana_Upper_Carniola_Region.html
The Ljubljana Castle, 64, 761, Points of Interest & Landmarks & Castles & Points of Interest & Landmarks & Castles, Europe & Slovenia & Upper Carniola Region & Ljubljana & Things to Do in Ljubljana, 4.0, 46.04885, 14.50909, 680147662, 20190601, 20190601, 4.0, Hande, /Profile/Hande, 053b622302a1decd5fdb44702d683662, /Attraction_Review-g274873-d6924839-Reviews-The_Ljubljana_Castle-Ljubljana_Upper_Carniola_Region.html
The Ljubljana Castle, 64, 761, Points of Interest & Landmarks & Castles & Points of Interest & Landmarks & Castles, Europe & Slovenia & Upper Carniola Region & Ljubljana & Things to Do in Ljubljana, 4.0, 46.04885, 14.50909, 680066662, 20190601, 20190501, 4.0, Greg C, /Profile/gcannon, 4d5a38c0bb1d3ce878b06954d9f9f1bd, /Attraction_Review-g274873-d6924839-Reviews-The_Ljubljana_Castle-Ljubljana_Upper_Carniola_Region.html
