review_location_name, review_current_page, review_last_page, review_location_type, review_location_breadcrumbs, review_location_rate, location_lat, location_lng, review_id, review_date, review_experience_date, review_rate, user_name, user_link, user_id, parent_url
Koper Cathedral and Bell Tower, 17, 35, Churches & Cathedrals & Churches & Cathedrals, Europe & Slovenia & Slovenian Littoral Region & Slovenian Istria & Koper & Things to Do in Koper, 4.0, 45.54809, 13.72983, 403804015, 20160801, 20160801, 5.0, kosivne, /Profile/kosivne, 9cbb1d80c3b5c7039e09bd2fd21df54d, /Attraction_Review-g312722-d2345282-Reviews-Koper_Cathedral_and_Bell_Tower-Koper_Slovenian_Istria_Slovenian_Littoral_Region.html
Koper Cathedral and Bell Tower, 17, 35, Churches & Cathedrals & Churches & Cathedrals, Europe & Slovenia & Slovenian Littoral Region & Slovenian Istria & Koper & Things to Do in Koper, 4.0, 45.54809, 13.72983, 403601287, 20160801, 20160701, 4.0, Ann V, /Profile/161annv, 4deefcc8116596d3f0ea3078cf5d9a51, /Attraction_Review-g312722-d2345282-Reviews-Koper_Cathedral_and_Bell_Tower-Koper_Slovenian_Istria_Slovenian_Littoral_Region.html
Koper Cathedral and Bell Tower, 17, 35, Churches & Cathedrals & Churches & Cathedrals, Europe & Slovenia & Slovenian Littoral Region & Slovenian Istria & Koper & Things to Do in Koper, 4.0, 45.54809, 13.72983, 399917820, 20160801, 20160801, 4.0, annarc6, /Profile/annarc6, dbe6ebd2f0dd2340b92f665cab4a3811, /Attraction_Review-g312722-d2345282-Reviews-Koper_Cathedral_and_Bell_Tower-Koper_Slovenian_Istria_Slovenian_Littoral_Region.html
Koper Cathedral and Bell Tower, 17, 35, Churches & Cathedrals & Churches & Cathedrals, Europe & Slovenia & Slovenian Littoral Region & Slovenian Istria & Koper & Things to Do in Koper, 4.0, 45.54809, 13.72983, 399583045, 20160701, 20160701, 3.0, nigeljcook, /Profile/nigeljcook, 095888587f078497f1095a3e4284f9f7, /Attraction_Review-g312722-d2345282-Reviews-Koper_Cathedral_and_Bell_Tower-Koper_Slovenian_Istria_Slovenian_Littoral_Region.html
Koper Cathedral and Bell Tower, 17, 35, Churches & Cathedrals & Churches & Cathedrals, Europe & Slovenia & Slovenian Littoral Region & Slovenian Istria & Koper & Things to Do in Koper, 4.0, 45.54809, 13.72983, 399312521, 20160701, 20160701, 5.0, miakruger, /Profile/miakruger, 19e3fec852751413982a9d10cf67e35e, /Attraction_Review-g312722-d2345282-Reviews-Koper_Cathedral_and_Bell_Tower-Koper_Slovenian_Istria_Slovenian_Littoral_Region.html
