review_location_name, review_current_page, review_last_page, review_location_type, review_location_breadcrumbs, review_location_rate, location_lat, location_lng, review_id, review_date, review_experience_date, review_rate, user_name, user_link, user_id, parent_url
Franciscan Church (Frančiškanska cerkev), 11, 40, Sacred & Religious Sites & Sacred & Religious Sites, Europe & Slovenia & Upper Carniola Region & Ljubljana & Things to Do in Ljubljana, 4.0, 46.05178, 14.50566, 581370533, 20180501, 20180501, 5.0, Beddington210, /Profile/Beddington210, 2bba7f923e5d09bf9a90e4beccb7a46a, /Attraction_Review-g274873-d276319-Reviews-Franciscan_Church_Franciskanska_cerkev-Ljubljana_Upper_Carniola_Region.html
Franciscan Church (Frančiškanska cerkev), 11, 40, Sacred & Religious Sites & Sacred & Religious Sites, Europe & Slovenia & Upper Carniola Region & Ljubljana & Things to Do in Ljubljana, 4.0, 46.05178, 14.50566, 581212263, 20180501, 20180501, 4.0, CleopatraBunny, /Profile/CleopatraBunny, 5bcaeaf42bf6b7d32e4def4a3a87bf42, /Attraction_Review-g274873-d276319-Reviews-Franciscan_Church_Franciskanska_cerkev-Ljubljana_Upper_Carniola_Region.html
Franciscan Church (Frančiškanska cerkev), 11, 40, Sacred & Religious Sites & Sacred & Religious Sites, Europe & Slovenia & Upper Carniola Region & Ljubljana & Things to Do in Ljubljana, 4.0, 46.05178, 14.50566, 571921371, 20180401, 20180401, 4.0, nickyw61, /Profile/nickyw61, eda369eb08f6829f9b6d52f25ef8db25, /Attraction_Review-g274873-d276319-Reviews-Franciscan_Church_Franciskanska_cerkev-Ljubljana_Upper_Carniola_Region.html
Franciscan Church (Frančiškanska cerkev), 11, 40, Sacred & Religious Sites & Sacred & Religious Sites, Europe & Slovenia & Upper Carniola Region & Ljubljana & Things to Do in Ljubljana, 4.0, 46.05178, 14.50566, 553328260, 20180101, 20171201, 4.0, Chocolatehobbit, /Profile/Chocolatehobbit, 839683bff738e1a4ae63306090854061, /Attraction_Review-g274873-d276319-Reviews-Franciscan_Church_Franciskanska_cerkev-Ljubljana_Upper_Carniola_Region.html
Franciscan Church (Frančiškanska cerkev), 11, 40, Sacred & Religious Sites & Sacred & Religious Sites, Europe & Slovenia & Upper Carniola Region & Ljubljana & Things to Do in Ljubljana, 4.0, 46.05178, 14.50566, 550494612, 20171201, 20170701, 4.0, ShanOC, /Profile/ShanOC, 45e364398964c287f7ffcbdaca72cfa7, /Attraction_Review-g274873-d276319-Reviews-Franciscan_Church_Franciskanska_cerkev-Ljubljana_Upper_Carniola_Region.html
