review_location_name, review_current_page, review_last_page, review_location_type, review_location_breadcrumbs, review_location_rate, location_lat, location_lng, review_id, review_date, review_experience_date, review_rate, user_name, user_link, user_id, parent_url
Praetorian Palace, 16, 17, Architectural Buildings & Architectural Buildings, Europe & Slovenia & Slovenian Littoral Region & Slovenian Istria & Koper & Things to Do in Koper, 4.0, 45.54793, 13.7295, 140549266, 20120901, 20120901, 4.0, WonderfulWorld59, /Profile/WonderfulWorld59, e8229afd07977003c866c682c66e09f9, /Attraction_Review-g312722-d2345285-Reviews-Praetorian_Palace-Koper_Slovenian_Istria_Slovenian_Littoral_Region.html
Praetorian Palace, 16, 17, Architectural Buildings & Architectural Buildings, Europe & Slovenia & Slovenian Littoral Region & Slovenian Istria & Koper & Things to Do in Koper, 4.0, 45.54793, 13.7295, 129714278, 20120501, 20120501, 5.0, TMTLTBMG, /Profile/TMTLTBMG, d464f4d95d4fc8576fcb202550f34e44, /Attraction_Review-g312722-d2345285-Reviews-Praetorian_Palace-Koper_Slovenian_Istria_Slovenian_Littoral_Region.html
Praetorian Palace, 16, 17, Architectural Buildings & Architectural Buildings, Europe & Slovenia & Slovenian Littoral Region & Slovenian Istria & Koper & Things to Do in Koper, 4.0, 45.54793, 13.7295, 124129545, 20120201, 20110901, 5.0, Kate_Sakhar, /Profile/Kate_Sakhar, f5b9569e9c2fb7b00e8528b525cc3fbe, /Attraction_Review-g312722-d2345285-Reviews-Praetorian_Palace-Koper_Slovenian_Istria_Slovenian_Littoral_Region.html
Praetorian Palace, 16, 17, Architectural Buildings & Architectural Buildings, Europe & Slovenia & Slovenian Littoral Region & Slovenian Istria & Koper & Things to Do in Koper, 4.0, 45.54793, 13.7295, 123958523, 20120201, 20111201, 4.0, arimaior, /Profile/arimaior, 3a2f2bb5427caaaeddd381d2d5246391, /Attraction_Review-g312722-d2345285-Reviews-Praetorian_Palace-Koper_Slovenian_Istria_Slovenian_Littoral_Region.html
Praetorian Palace, 16, 17, Architectural Buildings & Architectural Buildings, Europe & Slovenia & Slovenian Littoral Region & Slovenian Istria & Koper & Things to Do in Koper, 4.0, 45.54793, 13.7295, 121118479, 20111101, 20111101, 5.0, MissW, /Profile/purdypuss3, 2d959ec9ed287f13c2495e204d06d36a, /Attraction_Review-g312722-d2345285-Reviews-Praetorian_Palace-Koper_Slovenian_Istria_Slovenian_Littoral_Region.html
