review_location_name, review_current_page, review_last_page, review_location_type, review_location_breadcrumbs, review_location_rate, location_lat, location_lng, review_id, review_date, review_experience_date, review_rate, user_name, user_link, user_id, parent_url
Tartini Square (Tartinijev trg), 6, 91, Points of Interest & Landmarks & Points of Interest & Landmarks, Europe & Slovenia & Slovenian Littoral Region & Slovenian Istria & Piran & Things to Do in Piran, 4.5, 45.528286, 13.568426, 694679400, 20190801, 20190701, 5.0, Winfried4, /Profile/Winfried4, be64853a87313e8c0444bf0f9ba723ef, /Attraction_Review-g274876-d2344936-Reviews-Tartini_Square_Tartinijev_trg-Piran_Slovenian_Istria_Slovenian_Littoral_Region.html
Tartini Square (Tartinijev trg), 6, 91, Points of Interest & Landmarks & Points of Interest & Landmarks, Europe & Slovenia & Slovenian Littoral Region & Slovenian Istria & Piran & Things to Do in Piran, 4.5, 45.528286, 13.568426, 692841863, 20190701, 20190701, 5.0, lastword2016, /Profile/lastword2016, 5517a2641d5316d064f9cfbdb1427d24, /Attraction_Review-g274876-d2344936-Reviews-Tartini_Square_Tartinijev_trg-Piran_Slovenian_Istria_Slovenian_Littoral_Region.html
Tartini Square (Tartinijev trg), 6, 91, Points of Interest & Landmarks & Points of Interest & Landmarks, Europe & Slovenia & Slovenian Littoral Region & Slovenian Istria & Piran & Things to Do in Piran, 4.5, 45.528286, 13.568426, 691183582, 20190701, 20190701, 3.0, NM Travelers, /Profile/NM_SLO, 007fc25cd50a96dbf2e2673af8edd568, /Attraction_Review-g274876-d2344936-Reviews-Tartini_Square_Tartinijev_trg-Piran_Slovenian_Istria_Slovenian_Littoral_Region.html
Tartini Square (Tartinijev trg), 6, 91, Points of Interest & Landmarks & Points of Interest & Landmarks, Europe & Slovenia & Slovenian Littoral Region & Slovenian Istria & Piran & Things to Do in Piran, 4.5, 45.528286, 13.568426, 690714798, 20190701, 20190701, 3.0, CarloHelmond, /Profile/CarloHelmond, e47dfd5eac2f795085e08cb42ce39d68, /Attraction_Review-g274876-d2344936-Reviews-Tartini_Square_Tartinijev_trg-Piran_Slovenian_Istria_Slovenian_Littoral_Region.html
Tartini Square (Tartinijev trg), 6, 91, Points of Interest & Landmarks & Points of Interest & Landmarks, Europe & Slovenia & Slovenian Littoral Region & Slovenian Istria & Piran & Things to Do in Piran, 4.5, 45.528286, 13.568426, 690590441, 20190701, 20190701, 4.0, Michael B, /Profile/159MichaelB, ddf1c48950e85c1fbd9d38e625dfc877, /Attraction_Review-g274876-d2344936-Reviews-Tartini_Square_Tartinijev_trg-Piran_Slovenian_Istria_Slovenian_Littoral_Region.html
