review_location_name, review_current_page, review_last_page, review_location_type, review_location_breadcrumbs, review_location_rate, location_lat, location_lng, review_id, review_date, review_experience_date, review_rate, user_name, user_link, user_id, parent_url
Predjama Castle, 32, 243, Castles & Castles, Europe & Slovenia & Inner Carniola Region & Postojna & Things to Do in Postojna, 4.5, 45.81591, 14.126572, 678125048, 20190601, 20190601, 5.0, Anat M, /Profile/993anatm, 46b49c9536d2c9128eb7c0feb0f6633b, /Attraction_Review-g274878-d277346-Reviews-Predjama_Castle-Postojna_Inner_Carniola_Region.html
Predjama Castle, 32, 243, Castles & Castles, Europe & Slovenia & Inner Carniola Region & Postojna & Things to Do in Postojna, 4.5, 45.81591, 14.126572, 677901195, 20190501, 20190501, 5.0, Kimberley, /Profile/708kimberleys, 01f95b3017ab28a1f2d1251366aad96a, /Attraction_Review-g274878-d277346-Reviews-Predjama_Castle-Postojna_Inner_Carniola_Region.html
Predjama Castle, 32, 243, Castles & Castles, Europe & Slovenia & Inner Carniola Region & Postojna & Things to Do in Postojna, 4.5, 45.81591, 14.126572, 677848159, 20190501, 20190501, 5.0, NatTravel25, /Profile/NatTravel25, 99473db76702cc9454e8132e676759cb, /Attraction_Review-g274878-d277346-Reviews-Predjama_Castle-Postojna_Inner_Carniola_Region.html
Predjama Castle, 32, 243, Castles & Castles, Europe & Slovenia & Inner Carniola Region & Postojna & Things to Do in Postojna, 4.5, 45.81591, 14.126572, 677809917, 20190501, 20190501, 5.0, SunshineNB, /Profile/SunshineNB, 1d9f4412e7d5bf9c4df8ee29cc12db94, /Attraction_Review-g274878-d277346-Reviews-Predjama_Castle-Postojna_Inner_Carniola_Region.html
Predjama Castle, 32, 243, Castles & Castles, Europe & Slovenia & Inner Carniola Region & Postojna & Things to Do in Postojna, 4.5, 45.81591, 14.126572, 677396948, 20190501, 20190501, 5.0, PatHMB, /Profile/PatHMB, 10064ce16d6671394275d026186cc4e7, /Attraction_Review-g274878-d277346-Reviews-Predjama_Castle-Postojna_Inner_Carniola_Region.html
