review_location_name, review_current_page, review_last_page, review_location_type, review_location_breadcrumbs, review_location_rate, location_lat, location_lng, review_id, review_date, review_experience_date, review_rate, user_name, user_link, user_id, parent_url
Monument To Four Courageous Men, 7, 8, Points of Interest & Landmarks & Monuments & Statues & Points of Interest & Landmarks & Monuments & Statues, Europe & Slovenia & Upper Carniola Region & Bohinjsko Jezero & Things to Do in Bohinjsko Jezero, 4.0, 46.27757, 13.887778, 426249235, 20161001, 20160901, 4.0, Caroline F, /Profile/carolinef712, 3ead808aacca291ba23a745029ceea4c, /Attraction_Review-g274865-d8797224-Reviews-Monument_To_Four_Courageous_Men-Bohinjsko_Jezero_Upper_Carniola_Region.html
Monument To Four Courageous Men, 7, 8, Points of Interest & Landmarks & Monuments & Statues & Points of Interest & Landmarks & Monuments & Statues, Europe & Slovenia & Upper Carniola Region & Bohinjsko Jezero & Things to Do in Bohinjsko Jezero, 4.0, 46.27757, 13.887778, 411819122, 20160801, 20160801, 4.0, C16VEH, /Profile/C16VEH, 6556be8af4939aea200573116dec8326, /Attraction_Review-g274865-d8797224-Reviews-Monument_To_Four_Courageous_Men-Bohinjsko_Jezero_Upper_Carniola_Region.html
Monument To Four Courageous Men, 7, 8, Points of Interest & Landmarks & Monuments & Statues & Points of Interest & Landmarks & Monuments & Statues, Europe & Slovenia & Upper Carniola Region & Bohinjsko Jezero & Things to Do in Bohinjsko Jezero, 4.0, 46.27757, 13.887778, 386483753, 20160601, 20160601, 5.0, Debbie Q, /Profile/DebbieQ937, 446e55a07f673723c9c563f914fc29c3, /Attraction_Review-g274865-d8797224-Reviews-Monument_To_Four_Courageous_Men-Bohinjsko_Jezero_Upper_Carniola_Region.html
Monument To Four Courageous Men, 7, 8, Points of Interest & Landmarks & Monuments & Statues & Points of Interest & Landmarks & Monuments & Statues, Europe & Slovenia & Upper Carniola Region & Bohinjsko Jezero & Things to Do in Bohinjsko Jezero, 4.0, 46.27757, 13.887778, 381564098, 20160601, 20160501, 4.0, Aileen F, /Profile/AileenF_11, 4af1d6e89c8ceec0df3f52fc40a98454, /Attraction_Review-g274865-d8797224-Reviews-Monument_To_Four_Courageous_Men-Bohinjsko_Jezero_Upper_Carniola_Region.html
Monument To Four Courageous Men, 7, 8, Points of Interest & Landmarks & Monuments & Statues & Points of Interest & Landmarks & Monuments & Statues, Europe & Slovenia & Upper Carniola Region & Bohinjsko Jezero & Things to Do in Bohinjsko Jezero, 4.0, 46.27757, 13.887778, 368227578, 20160401, 20160401, 5.0, Thomas G, /Profile/ThomasGloor, ee93f5a5a93c54030094f9c765c8a607, /Attraction_Review-g274865-d8797224-Reviews-Monument_To_Four_Courageous_Men-Bohinjsko_Jezero_Upper_Carniola_Region.html
