review_location_name, review_current_page, review_last_page, review_location_type, review_location_breadcrumbs, review_location_rate, location_lat, location_lng, review_id, review_date, review_experience_date, review_rate, user_name, user_link, user_id, parent_url
Ljubljana Old Town, 340, 824, Neighborhoods & Neighborhoods, Europe & Slovenia & Upper Carniola Region & Ljubljana & Things to Do in Ljubljana, 4.5, 46.051033, 14.506317, 484849973, 20170501, 20170501, 5.0, Sarah P, /Profile/sarahemily13, 669265172833b7ec58026dae209d6b74, /Attraction_Review-g274873-d298666-Reviews-Ljubljana_Old_Town-Ljubljana_Upper_Carniola_Region.html
Ljubljana Old Town, 340, 824, Neighborhoods & Neighborhoods, Europe & Slovenia & Upper Carniola Region & Ljubljana & Things to Do in Ljubljana, 4.5, 46.051033, 14.506317, 484732004, 20170501, 20170501, 4.0, brazucaFL, /Profile/brazucaFL, 43ed4b26ded7d21d9854592bd746ecdf, /Attraction_Review-g274873-d298666-Reviews-Ljubljana_Old_Town-Ljubljana_Upper_Carniola_Region.html
Ljubljana Old Town, 340, 824, Neighborhoods & Neighborhoods, Europe & Slovenia & Upper Carniola Region & Ljubljana & Things to Do in Ljubljana, 4.5, 46.051033, 14.506317, 484631877, 20170501, 20170501, 5.0, Monika K, /Profile/MistressMonika, ec38236603001db88197d61703522d2d, /Attraction_Review-g274873-d298666-Reviews-Ljubljana_Old_Town-Ljubljana_Upper_Carniola_Region.html
Ljubljana Old Town, 340, 824, Neighborhoods & Neighborhoods, Europe & Slovenia & Upper Carniola Region & Ljubljana & Things to Do in Ljubljana, 4.5, 46.051033, 14.506317, 484493771, 20170501, 20170501, 5.0, klscaz, /Profile/klscaz, 995fd2e8e361efd1759b8cd2213bd85e, /Attraction_Review-g274873-d298666-Reviews-Ljubljana_Old_Town-Ljubljana_Upper_Carniola_Region.html
Ljubljana Old Town, 340, 824, Neighborhoods & Neighborhoods, Europe & Slovenia & Upper Carniola Region & Ljubljana & Things to Do in Ljubljana, 4.5, 46.051033, 14.506317, 484376846, 20170501, 20170501, 5.0, ajt_austria, /Profile/ajt_austria, 881537ae1e3186091c037e1f29398bd8, /Attraction_Review-g274873-d298666-Reviews-Ljubljana_Old_Town-Ljubljana_Upper_Carniola_Region.html
