review_location_name, review_current_page, review_last_page, review_location_type, review_location_breadcrumbs, review_location_rate, location_lat, location_lng, review_id, review_date, review_experience_date, review_rate, user_name, user_link, user_id, parent_url
Triglav National Park, 19, 63, National Parks & Hiking Trails & National Parks & Hiking Trails, Europe & Slovenia & Upper Carniola Region & Bled & Things to Do in Bled, 5.0, 46.36883, 14.11886, 604180253, 20180801, 20180801, 5.0, Jaaanez, /Profile/Jaaanez, a719ff30a2c9ce0336bf75397ad2e074, /Attraction_Review-g274863-d276476-Reviews-Triglav_National_Park-Bled_Upper_Carniola_Region.html
Triglav National Park, 19, 63, National Parks & Hiking Trails & National Parks & Hiking Trails, Europe & Slovenia & Upper Carniola Region & Bled & Things to Do in Bled, 5.0, 46.36883, 14.11886, 603017667, 20180801, 20180801, 5.0, Jan P, /Profile/janpX6906KQ, 2886b8b30135b46f7384a503b773aaa6, /Attraction_Review-g274863-d276476-Reviews-Triglav_National_Park-Bled_Upper_Carniola_Region.html
Triglav National Park, 19, 63, National Parks & Hiking Trails & National Parks & Hiking Trails, Europe & Slovenia & Upper Carniola Region & Bled & Things to Do in Bled, 5.0, 46.36883, 14.11886, 602556966, 20180801, 20180401, 5.0, Zhukov I., /Profile/zhuk0vi, 6ce7329938d1e4b3ef5ed929ddca41f5, /Attraction_Review-g274863-d276476-Reviews-Triglav_National_Park-Bled_Upper_Carniola_Region.html
Triglav National Park, 19, 63, National Parks & Hiking Trails & National Parks & Hiking Trails, Europe & Slovenia & Upper Carniola Region & Bled & Things to Do in Bled, 5.0, 46.36883, 14.11886, 601983735, 20180801, 20180801, 4.0, Kevin C, /Profile/Trip41687467509, 94c75ab08bea712e9b823a5908bb06a4, /Attraction_Review-g274863-d276476-Reviews-Triglav_National_Park-Bled_Upper_Carniola_Region.html
Triglav National Park, 19, 63, National Parks & Hiking Trails & National Parks & Hiking Trails, Europe & Slovenia & Upper Carniola Region & Bled & Things to Do in Bled, 5.0, 46.36883, 14.11886, 601248164, 20180701, 20170801, 5.0, Arvid O, /Profile/arvidpcfl, e8c96ffb1e5442d9754b9f68df13d27e, /Attraction_Review-g274863-d276476-Reviews-Triglav_National_Park-Bled_Upper_Carniola_Region.html
