review_location_name, review_current_page, review_last_page, review_location_type, review_location_breadcrumbs, review_location_rate, location_lat, location_lng, review_id, review_date, review_experience_date, review_rate, user_name, user_link, user_id, parent_url
Tolmin Gorge, 31, 43, Geologic Formations & Geologic Formations, Europe & Slovenia & Slovenian Littoral Region & Tolmin & Things to Do in Tolmin, 4.5, 46.19989, 13.742225, 337358251, 20160101, 20150801, 5.0, Joalanne, /Profile/Joalanne, 44db064180f6621c962490c6e11d9abb, /Attraction_Review-g815568-d1187693-Reviews-Tolmin_Gorge-Tolmin_Slovenian_Littoral_Region.html
Tolmin Gorge, 31, 43, Geologic Formations & Geologic Formations, Europe & Slovenia & Slovenian Littoral Region & Tolmin & Things to Do in Tolmin, 4.5, 46.19989, 13.742225, 317480614, 20151001, 20150801, 5.0, Francesco M, /Profile/francesco_moz, 7601fabc2ba15bd0e3617eb71864f690, /Attraction_Review-g815568-d1187693-Reviews-Tolmin_Gorge-Tolmin_Slovenian_Littoral_Region.html
Tolmin Gorge, 31, 43, Geologic Formations & Geologic Formations, Europe & Slovenia & Slovenian Littoral Region & Tolmin & Things to Do in Tolmin, 4.5, 46.19989, 13.742225, 316414994, 20151001, 20150901, 5.0, Stephen S, /Profile/SteveStead, 17847a4861eb852818cdbbf0085106ab, /Attraction_Review-g815568-d1187693-Reviews-Tolmin_Gorge-Tolmin_Slovenian_Littoral_Region.html
Tolmin Gorge, 31, 43, Geologic Formations & Geologic Formations, Europe & Slovenia & Slovenian Littoral Region & Tolmin & Things to Do in Tolmin, 4.5, 46.19989, 13.742225, 313031594, 20150901, 20150901, 5.0, Ben F, /Profile/benf281, aa8307696dca8e29a9e5afd6bfe9a87c, /Attraction_Review-g815568-d1187693-Reviews-Tolmin_Gorge-Tolmin_Slovenian_Littoral_Region.html
Tolmin Gorge, 31, 43, Geologic Formations & Geologic Formations, Europe & Slovenia & Slovenian Littoral Region & Tolmin & Things to Do in Tolmin, 4.5, 46.19989, 13.742225, 311200641, 20150901, 20150901, 5.0, Little J, /Profile/406littlej, 84befac08a36510a1f48016141713cc7, /Attraction_Review-g815568-d1187693-Reviews-Tolmin_Gorge-Tolmin_Slovenian_Littoral_Region.html
