review_location_name, review_current_page, review_last_page, review_location_type, review_location_breadcrumbs, review_location_rate, location_lat, location_lng, review_id, review_date, review_experience_date, review_rate, user_name, user_link, user_id, parent_url
Bled Castle (Blejski Grad), 166, 478, Castles & Castles, Europe & Slovenia & Upper Carniola Region & Bled & Things to Do in Bled, 4.0, 46.369713, 14.100682, 516321307, 20170801, 20170801, 4.0, daffystjob, /Profile/daffystjob, 324415ee104243c9f5172695803424d5, /Attraction_Review-g274863-d300864-Reviews-Bled_Castle_Blejski_Grad-Bled_Upper_Carniola_Region.html
Bled Castle (Blejski Grad), 166, 478, Castles & Castles, Europe & Slovenia & Upper Carniola Region & Bled & Things to Do in Bled, 4.0, 46.369713, 14.100682, 516280776, 20170801, 20170801, 5.0, Daniel, /Profile/danieltcohen, b87b56b6bc0e9174b3eb791a96203178, /Attraction_Review-g274863-d300864-Reviews-Bled_Castle_Blejski_Grad-Bled_Upper_Carniola_Region.html
Bled Castle (Blejski Grad), 166, 478, Castles & Castles, Europe & Slovenia & Upper Carniola Region & Bled & Things to Do in Bled, 4.0, 46.369713, 14.100682, 516116994, 20170801, 20170701, 4.0, PrachiChi, /Profile/PrachiChi, 8fbcf6048c2835689dcdfedd3423b9bd, /Attraction_Review-g274863-d300864-Reviews-Bled_Castle_Blejski_Grad-Bled_Upper_Carniola_Region.html
Bled Castle (Blejski Grad), 166, 478, Castles & Castles, Europe & Slovenia & Upper Carniola Region & Bled & Things to Do in Bled, 4.0, 46.369713, 14.100682, 516069108, 20170801, 20170801, 5.0, tiger62_10, /Profile/tiger62_10, 9758695753c43bac0b15f672a9f931e5, /Attraction_Review-g274863-d300864-Reviews-Bled_Castle_Blejski_Grad-Bled_Upper_Carniola_Region.html
Bled Castle (Blejski Grad), 166, 478, Castles & Castles, Europe & Slovenia & Upper Carniola Region & Bled & Things to Do in Bled, 4.0, 46.369713, 14.100682, 516031771, 20170801, 20170801, 5.0, dreaminofnextholiday, /Profile/dreaminofnextholiday, ceb84c4faddb60f4066b96b2e1197771, /Attraction_Review-g274863-d300864-Reviews-Bled_Castle_Blejski_Grad-Bled_Upper_Carniola_Region.html
