review_location_name, review_current_page, review_last_page, review_location_type, review_location_breadcrumbs, review_location_rate, location_lat, location_lng, review_id, review_date, review_experience_date, review_rate, user_name, user_link, user_id, parent_url
Postojna Cave, 247, 475, Caverns & Caves & Caverns & Caves, Europe & Slovenia & Inner Carniola Region & Postojna & Things to Do in Postojna, 4.5, 45.78294, 14.204593, 418521197, 20160901, 20160901, 3.0, fishlove, /Profile/fishlove, 4efc52e42d3e71f155fd1ab5f3eaa48e, /Attraction_Review-g274878-d277348-Reviews-Postojna_Cave-Postojna_Inner_Carniola_Region.html
Postojna Cave, 247, 475, Caverns & Caves & Caverns & Caves, Europe & Slovenia & Inner Carniola Region & Postojna & Things to Do in Postojna, 4.5, 45.78294, 14.204593, 418042504, 20160901, 20160901, 5.0, CHRIS M, /Profile/P9671TTchrism, e7776e1f3e6cb3567ac352ae696b9189, /Attraction_Review-g274878-d277348-Reviews-Postojna_Cave-Postojna_Inner_Carniola_Region.html
Postojna Cave, 247, 475, Caverns & Caves & Caverns & Caves, Europe & Slovenia & Inner Carniola Region & Postojna & Things to Do in Postojna, 4.5, 45.78294, 14.204593, 417976010, 20160901, 20160801, 5.0, Bryan M, /Profile/560bryanm, 78bea5a6f03b981003fb4c0c7faf3d79, /Attraction_Review-g274878-d277348-Reviews-Postojna_Cave-Postojna_Inner_Carniola_Region.html
Postojna Cave, 247, 475, Caverns & Caves & Caverns & Caves, Europe & Slovenia & Inner Carniola Region & Postojna & Things to Do in Postojna, 4.5, 45.78294, 14.204593, 417948978, 20160901, 20160801, 5.0, Riccardo R, /Profile/RiccardoR566, f38a76550a03573c1946f1aeeaee94af, /Attraction_Review-g274878-d277348-Reviews-Postojna_Cave-Postojna_Inner_Carniola_Region.html
Postojna Cave, 247, 475, Caverns & Caves & Caverns & Caves, Europe & Slovenia & Inner Carniola Region & Postojna & Things to Do in Postojna, 4.5, 45.78294, 14.204593, 417871465, 20160901, 20151001, 4.0, Paula H, /Profile/258paulah, 8e7006a364e9af30ffd12f76db68f74e, /Attraction_Review-g274878-d277348-Reviews-Postojna_Cave-Postojna_Inner_Carniola_Region.html
