review_location_name, review_current_page, review_last_page, review_location_type, review_location_breadcrumbs, review_location_rate, location_lat, location_lng, review_id, review_date, review_experience_date, review_rate, user_name, user_link, user_id, parent_url
Lake Jasna, 3, 61, Bodies of Water & Bodies of Water, Europe & Slovenia & Upper Carniola Region & Kranjska Gora & Things to Do in Kranjska Gora, 4.5, 46.475117, 13.783088, 748548238, 20200301, 20200201, 5.0, pinkpoochie, /Profile/pinkpoochie, 75fba9541eefeb186fd662924c242212, /Attraction_Review-g274870-d7930362-Reviews-Lake_Jasna-Kranjska_Gora_Upper_Carniola_Region.html
Lake Jasna, 3, 61, Bodies of Water & Bodies of Water, Europe & Slovenia & Upper Carniola Region & Kranjska Gora & Things to Do in Kranjska Gora, 4.5, 46.475117, 13.783088, 746450014, 20200201, 20200201, 5.0, Joanna E, /Profile/joannae725, c10bd5a06971fa8eda432c292e1d1251, /Attraction_Review-g274870-d7930362-Reviews-Lake_Jasna-Kranjska_Gora_Upper_Carniola_Region.html
Lake Jasna, 3, 61, Bodies of Water & Bodies of Water, Europe & Slovenia & Upper Carniola Region & Kranjska Gora & Things to Do in Kranjska Gora, 4.5, 46.475117, 13.783088, 741775102, 20200101, 20200101, 5.0, berfu s, /Profile/berfus2018, 4e998aaa91ca36acf44b54f82bfbbc49, /Attraction_Review-g274870-d7930362-Reviews-Lake_Jasna-Kranjska_Gora_Upper_Carniola_Region.html
Lake Jasna, 3, 61, Bodies of Water & Bodies of Water, Europe & Slovenia & Upper Carniola Region & Kranjska Gora & Things to Do in Kranjska Gora, 4.5, 46.475117, 13.783088, 739032710, 20200101, 20191201, 5.0, nina3265, /Profile/nina3265, 0f886084c7936fd624f5e75eb1e32492, /Attraction_Review-g274870-d7930362-Reviews-Lake_Jasna-Kranjska_Gora_Upper_Carniola_Region.html
Lake Jasna, 3, 61, Bodies of Water & Bodies of Water, Europe & Slovenia & Upper Carniola Region & Kranjska Gora & Things to Do in Kranjska Gora, 4.5, 46.475117, 13.783088, 738257097, 20200101, 20191201, 5.0, dori_lukey, /Profile/dori_lukey, 1b833261c610733f5567c64adb2f2cf8, /Attraction_Review-g274870-d7930362-Reviews-Lake_Jasna-Kranjska_Gora_Upper_Carniola_Region.html
