review_location_name, review_current_page, review_last_page, review_location_type, review_location_breadcrumbs, review_location_rate, location_lat, location_lng, review_id, review_date, review_experience_date, review_rate, user_name, user_link, user_id, parent_url
The Russian chapel, 17, 26, Points of Interest & Landmarks & Points of Interest & Landmarks, Europe & Slovenia & Upper Carniola Region & Kranjska Gora & Things to Do in Kranjska Gora, 4.0, 46.442577, 13.767904, 397783754, 20160701, 20160701, 4.0, 31Antony, /Profile/31Antony, 440bd137c73cabd032b2fde5c756ce27, /Attraction_Review-g274870-d3636000-Reviews-The_Russian_chapel-Kranjska_Gora_Upper_Carniola_Region.html
The Russian chapel, 17, 26, Points of Interest & Landmarks & Points of Interest & Landmarks, Europe & Slovenia & Upper Carniola Region & Kranjska Gora & Things to Do in Kranjska Gora, 4.0, 46.442577, 13.767904, 396181641, 20160701, 20160701, 5.0, M L, /Profile/ml456, c034f8bfcf43e3bbc3588ab141b8a058, /Attraction_Review-g274870-d3636000-Reviews-The_Russian_chapel-Kranjska_Gora_Upper_Carniola_Region.html
The Russian chapel, 17, 26, Points of Interest & Landmarks & Points of Interest & Landmarks, Europe & Slovenia & Upper Carniola Region & Kranjska Gora & Things to Do in Kranjska Gora, 4.0, 46.442577, 13.767904, 382909815, 20160601, 20160601, 3.0, Margaret D, /Profile/MargaretD610, e3d872bb138c93e997d6d3eed37ee5f1, /Attraction_Review-g274870-d3636000-Reviews-The_Russian_chapel-Kranjska_Gora_Upper_Carniola_Region.html
The Russian chapel, 17, 26, Points of Interest & Landmarks & Points of Interest & Landmarks, Europe & Slovenia & Upper Carniola Region & Kranjska Gora & Things to Do in Kranjska Gora, 4.0, 46.442577, 13.767904, 380940598, 20160601, 20160601, 5.0, Little_brown_cutie, /Profile/Little_brown_cutie, 52070d6a4ad488f85a764de35525f309, /Attraction_Review-g274870-d3636000-Reviews-The_Russian_chapel-Kranjska_Gora_Upper_Carniola_Region.html
The Russian chapel, 17, 26, Points of Interest & Landmarks & Points of Interest & Landmarks, Europe & Slovenia & Upper Carniola Region & Kranjska Gora & Things to Do in Kranjska Gora, 4.0, 46.442577, 13.767904, 345186622, 20160201, 20160101, 5.0, Mary C, /Profile/M3002HEmaryc, fbcb82df6ed01284232a7fd1d99201ff, /Attraction_Review-g274870-d3636000-Reviews-The_Russian_chapel-Kranjska_Gora_Upper_Carniola_Region.html
