review_location_name, review_current_page, review_last_page, review_location_type, review_location_breadcrumbs, review_location_rate, location_lat, location_lng, review_id, review_date, review_experience_date, review_rate, user_name, user_link, user_id, parent_url
Municipial Museum of Radovljica, 2, 1, Specialty Museums & Specialty Museums, Europe & Slovenia & Upper Carniola Region & Radovljica & Things to Do in Radovljica, 4.0, 46.3407, 14.1759, 311005932, 20150901, 20150801, 5.0, Inscribe, /Profile/Inscribe, 98e6d54beebf1d92547e025676ac44e5, /Attraction_Review-g274879-d2355494-Reviews-Municipial_Museum_of_Radovljica-Radovljica_Upper_Carniola_Region.html
Municipial Museum of Radovljica, 2, 1, Specialty Museums & Specialty Museums, Europe & Slovenia & Upper Carniola Region & Radovljica & Things to Do in Radovljica, 4.0, 46.3407, 14.1759, 277847660, 20150601, 20150501, 5.0, Ivyleague544, /Profile/Ivyleague544, 2a7b5af843b6d1bfa3101f1d5395bcd1, /Attraction_Review-g274879-d2355494-Reviews-Municipial_Museum_of_Radovljica-Radovljica_Upper_Carniola_Region.html
Municipial Museum of Radovljica, 2, 1, Specialty Museums & Specialty Museums, Europe & Slovenia & Upper Carniola Region & Radovljica & Things to Do in Radovljica, 4.0, 46.3407, 14.1759, 245376923, 20141201, 20141001, 3.0, Dan K, /Profile/DanK984, cf9d1d5993026f4dc2aed1ab2f01796d, /Attraction_Review-g274879-d2355494-Reviews-Municipial_Museum_of_Radovljica-Radovljica_Upper_Carniola_Region.html
Municipial Museum of Radovljica, 2, 1, Specialty Museums & Specialty Museums, Europe & Slovenia & Upper Carniola Region & Radovljica & Things to Do in Radovljica, 4.0, 46.3407, 14.1759, 216961534, 20140701, 20140701, 4.0, Matjaz R, /Profile/matjazra123, 3526139c40cedd5396a8720f49e154f6, /Attraction_Review-g274879-d2355494-Reviews-Municipial_Museum_of_Radovljica-Radovljica_Upper_Carniola_Region.html
