review_location_name, review_current_page, review_last_page, review_location_type, review_location_breadcrumbs, review_location_rate, location_lat, location_lng, review_id, review_date, review_experience_date, review_rate, user_name, user_link, user_id, parent_url
The Ljubljana Castle, 2, 761, Points of Interest & Landmarks & Castles & Points of Interest & Landmarks & Castles, Europe & Slovenia & Upper Carniola Region & Ljubljana & Things to Do in Ljubljana, 4.0, 46.04885, 14.50909, 764450511, 20200801, 20200801, 4.0, Hans G, /Profile/171hansg, 53f1c89ea8633b2684ecca2aa0108da8, /Attraction_Review-g274873-d6924839-Reviews-The_Ljubljana_Castle-Ljubljana_Upper_Carniola_Region.html
The Ljubljana Castle, 2, 761, Points of Interest & Landmarks & Castles & Points of Interest & Landmarks & Castles, Europe & Slovenia & Upper Carniola Region & Ljubljana & Things to Do in Ljubljana, 4.0, 46.04885, 14.50909, 763751367, 20200801, 20200801, 5.0, Hans, /Profile/hansschmidt123, 6f423ab3ec4fbb92e39462447be209e5, /Attraction_Review-g274873-d6924839-Reviews-The_Ljubljana_Castle-Ljubljana_Upper_Carniola_Region.html
The Ljubljana Castle, 2, 761, Points of Interest & Landmarks & Castles & Points of Interest & Landmarks & Castles, Europe & Slovenia & Upper Carniola Region & Ljubljana & Things to Do in Ljubljana, 4.0, 46.04885, 14.50909, 762924652, 20200801, 20200701, 5.0, bikkurinabe, /Profile/bikkurinabe, bf859b1145c15f8299b6274098977809, /Attraction_Review-g274873-d6924839-Reviews-The_Ljubljana_Castle-Ljubljana_Upper_Carniola_Region.html
The Ljubljana Castle, 2, 761, Points of Interest & Landmarks & Castles & Points of Interest & Landmarks & Castles, Europe & Slovenia & Upper Carniola Region & Ljubljana & Things to Do in Ljubljana, 4.0, 46.04885, 14.50909, 762246986, 20200701, 20200701, 1.0, Gabriele C, /Profile/gabrieleeec, 98149de9c726a8b2c063eb470c39b820, /Attraction_Review-g274873-d6924839-Reviews-The_Ljubljana_Castle-Ljubljana_Upper_Carniola_Region.html
The Ljubljana Castle, 2, 761, Points of Interest & Landmarks & Castles & Points of Interest & Landmarks & Castles, Europe & Slovenia & Upper Carniola Region & Ljubljana & Things to Do in Ljubljana, 4.0, 46.04885, 14.50909, 762084027, 20200701, 20200701, 5.0, Gerda M, /Profile/227gerdam, 4e541ce791cb2ce2b32d04ab8076b2cb, /Attraction_Review-g274873-d6924839-Reviews-The_Ljubljana_Castle-Ljubljana_Upper_Carniola_Region.html
