review_location_name, review_current_page, review_last_page, review_location_type, review_location_breadcrumbs, review_location_rate, location_lat, location_lng, review_id, review_date, review_experience_date, review_rate, user_name, user_link, user_id, parent_url
Cyril Methodius Square (Ciril-Metodov trg), 1, 2, Points of Interest & Landmarks & Points of Interest & Landmarks, Europe & Slovenia & Upper Carniola Region & Ljubljana & Things to Do in Ljubljana, 4.0, 46.05051, 14.50801, 725509941, 20191101, 20191001, 3.0, stinkwink, /Profile/stinkwink, 32d1d2863a8787ea4e58041a654c334c, /Attraction_Review-g274873-d276318-Reviews-Cyril_Methodius_Square_Ciril_Metodov_trg-Ljubljana_Upper_Carniola_Region.html
Cyril Methodius Square (Ciril-Metodov trg), 1, 2, Points of Interest & Landmarks & Points of Interest & Landmarks, Europe & Slovenia & Upper Carniola Region & Ljubljana & Things to Do in Ljubljana, 4.0, 46.05051, 14.50801, 656421729, 20190301, 20190201, 4.0, SEs, /Profile/7SE3, e58c0a30a8c1fedc7ef9b847e5cc0304, /Attraction_Review-g274873-d276318-Reviews-Cyril_Methodius_Square_Ciril_Metodov_trg-Ljubljana_Upper_Carniola_Region.html
Cyril Methodius Square (Ciril-Metodov trg), 1, 2, Points of Interest & Landmarks & Points of Interest & Landmarks, Europe & Slovenia & Upper Carniola Region & Ljubljana & Things to Do in Ljubljana, 4.0, 46.05051, 14.50801, 639443783, 20181201, 20181201, 4.0, The World is My Oyster, /Profile/SteveRainville99, 5241107a7789856d69687a2609e4a41c, /Attraction_Review-g274873-d276318-Reviews-Cyril_Methodius_Square_Ciril_Metodov_trg-Ljubljana_Upper_Carniola_Region.html
Cyril Methodius Square (Ciril-Metodov trg), 1, 2, Points of Interest & Landmarks & Points of Interest & Landmarks, Europe & Slovenia & Upper Carniola Region & Ljubljana & Things to Do in Ljubljana, 4.0, 46.05051, 14.50801, 475072349, 20170401, 20170301, 3.0, Miha P, /Profile/482mihap, abd2f9c2cd78a57d449f70cdffa1616b, /Attraction_Review-g274873-d276318-Reviews-Cyril_Methodius_Square_Ciril_Metodov_trg-Ljubljana_Upper_Carniola_Region.html
Cyril Methodius Square (Ciril-Metodov trg), 1, 2, Points of Interest & Landmarks & Points of Interest & Landmarks, Europe & Slovenia & Upper Carniola Region & Ljubljana & Things to Do in Ljubljana, 4.0, 46.05051, 14.50801, 446523820, 20161201, 20161101, 3.0, KGB777, /Profile/KGB777, 8a713cf0e5eea6f6df5ad7b5d2e82d92, /Attraction_Review-g274873-d276318-Reviews-Cyril_Methodius_Square_Ciril_Metodov_trg-Ljubljana_Upper_Carniola_Region.html
