review_location_name, review_current_page, review_last_page, review_location_type, review_location_breadcrumbs, review_location_rate, location_lat, location_lng, review_id, review_date, review_experience_date, review_rate, user_name, user_link, user_id, parent_url
Radovljica Old Town, 18, 37, Historic Sites & Historic Sites, Europe & Slovenia & Upper Carniola Region & Radovljica & Things to Do in Radovljica, 4.5, 46.34125, 14.17451, 488006959, 20170501, 20170401, 4.0, daphs trips, /Profile/daphnehastings, 1a23fb45a4e46d31d4c1a7ee58490617, /Attraction_Review-g274879-d2634362-Reviews-Radovljica_Old_Town-Radovljica_Upper_Carniola_Region.html
Radovljica Old Town, 18, 37, Historic Sites & Historic Sites, Europe & Slovenia & Upper Carniola Region & Radovljica & Things to Do in Radovljica, 4.5, 46.34125, 14.17451, 482594698, 20170501, 20170401, 4.0, Ben2007, /Profile/Ben2007, b16e3170e3f723f6a3c9d8d42068bcca, /Attraction_Review-g274879-d2634362-Reviews-Radovljica_Old_Town-Radovljica_Upper_Carniola_Region.html
Radovljica Old Town, 18, 37, Historic Sites & Historic Sites, Europe & Slovenia & Upper Carniola Region & Radovljica & Things to Do in Radovljica, 4.5, 46.34125, 14.17451, 481857863, 20170501, 20170401, 5.0, Samantha V, /Profile/SamanthaV735, 859d296e86880567d2f7b113ad6abb77, /Attraction_Review-g274879-d2634362-Reviews-Radovljica_Old_Town-Radovljica_Upper_Carniola_Region.html
Radovljica Old Town, 18, 37, Historic Sites & Historic Sites, Europe & Slovenia & Upper Carniola Region & Radovljica & Things to Do in Radovljica, 4.5, 46.34125, 14.17451, 481153809, 20170501, 20170401, 4.0, GezginIstanbul, /Profile/GezginIstanbul, 036008f5a97d9551d61950fab1ed5b66, /Attraction_Review-g274879-d2634362-Reviews-Radovljica_Old_Town-Radovljica_Upper_Carniola_Region.html
Radovljica Old Town, 18, 37, Historic Sites & Historic Sites, Europe & Slovenia & Upper Carniola Region & Radovljica & Things to Do in Radovljica, 4.5, 46.34125, 14.17451, 478292904, 20170401, 20170401, 5.0, Anthropol_FI, /Profile/Anthropol_FI, 285e304be440946beb5699c4dfabf511, /Attraction_Review-g274879-d2634362-Reviews-Radovljica_Old_Town-Radovljica_Upper_Carniola_Region.html
