review_location_name, review_current_page, review_last_page, review_location_type, review_location_breadcrumbs, review_location_rate, location_lat, location_lng, review_id, review_date, review_experience_date, review_rate, user_name, user_link, user_id, parent_url
Information Center of Triglav National Park, None, None, Visitor Centers & Visitor Centers, Europe & Slovenia & Slovenian Littoral Region & Bovec & Things to Do in Bovec, 4.5, 46.40887, 13.72655, 712325347, 20190901, 20190901, 5.0, Niklasom, /Profile/niklasom, 25efb4ee399b6ba4acdce23b7959bb06, /Attraction_Review-g274866-d12839131-Reviews-Information_Center_of_Triglav_National_Park-Bovec_Slovenian_Littoral_Region.html
Information Center of Triglav National Park, None, None, Visitor Centers & Visitor Centers, Europe & Slovenia & Slovenian Littoral Region & Bovec & Things to Do in Bovec, 4.5, 46.40887, 13.72655, 697935740, 20190801, 20190601, 4.0, Edward, /Profile/jenedc2016, 5726c0c2db1804764345e294385612c4, /Attraction_Review-g274866-d12839131-Reviews-Information_Center_of_Triglav_National_Park-Bovec_Slovenian_Littoral_Region.html
Information Center of Triglav National Park, None, None, Visitor Centers & Visitor Centers, Europe & Slovenia & Slovenian Littoral Region & Bovec & Things to Do in Bovec, 4.5, 46.40887, 13.72655, 577635761, 20180501, 20170801, 4.0, meandubabe, /Profile/meandubabe, 4669998ed91db519d8673de41bb747dc, /Attraction_Review-g274866-d12839131-Reviews-Information_Center_of_Triglav_National_Park-Bovec_Slovenian_Littoral_Region.html
Information Center of Triglav National Park, None, None, Visitor Centers & Visitor Centers, Europe & Slovenia & Slovenian Littoral Region & Bovec & Things to Do in Bovec, 4.5, 46.40887, 13.72655, 517847826, 20170801, 20170601, 5.0, SagarVS, /Profile/SagarVS, 6a0a1fe65a411af901db7b1b30ba2579, /Attraction_Review-g274866-d12839131-Reviews-Information_Center_of_Triglav_National_Park-Bovec_Slovenian_Littoral_Region.html
