review_location_name, review_current_page, review_last_page, review_location_type, review_location_breadcrumbs, review_location_rate, location_lat, location_lng, review_id, review_date, review_experience_date, review_rate, user_name, user_link, user_id, parent_url
Bled Castle (Blejski Grad), 194, 478, Castles & Castles, Europe & Slovenia & Upper Carniola Region & Bled & Things to Do in Bled, 4.0, 46.369713, 14.100682, 493515064, 20170601, 20170401, 4.0, natalieing, /Profile/natalieing, 042c0410fc25be7f7285fc100b9f7a3a, /Attraction_Review-g274863-d300864-Reviews-Bled_Castle_Blejski_Grad-Bled_Upper_Carniola_Region.html
Bled Castle (Blejski Grad), 194, 478, Castles & Castles, Europe & Slovenia & Upper Carniola Region & Bled & Things to Do in Bled, 4.0, 46.369713, 14.100682, 493196149, 20170601, 20170401, 4.0, Elena, /Profile/elenea44, ecd150e368362d0753667edd6576d672, /Attraction_Review-g274863-d300864-Reviews-Bled_Castle_Blejski_Grad-Bled_Upper_Carniola_Region.html
Bled Castle (Blejski Grad), 194, 478, Castles & Castles, Europe & Slovenia & Upper Carniola Region & Bled & Things to Do in Bled, 4.0, 46.369713, 14.100682, 493185014, 20170601, 20170601, 5.0, Blossom S, /Profile/miss_Stocc, c4dbb3f02fe884ab319a7fc1ee29edda, /Attraction_Review-g274863-d300864-Reviews-Bled_Castle_Blejski_Grad-Bled_Upper_Carniola_Region.html
Bled Castle (Blejski Grad), 194, 478, Castles & Castles, Europe & Slovenia & Upper Carniola Region & Bled & Things to Do in Bled, 4.0, 46.369713, 14.100682, 492852146, 20170601, 20170601, 2.0, Mike C, /Profile/mjcromwell3, 939b774a1568371599c2d21c72e39981, /Attraction_Review-g274863-d300864-Reviews-Bled_Castle_Blejski_Grad-Bled_Upper_Carniola_Region.html
Bled Castle (Blejski Grad), 194, 478, Castles & Castles, Europe & Slovenia & Upper Carniola Region & Bled & Things to Do in Bled, 4.0, 46.369713, 14.100682, 492488890, 20170601, 20170401, 5.0, Irene D, /Profile/IreneD228, 84a09fd1d531a330488290487666cf9d, /Attraction_Review-g274863-d300864-Reviews-Bled_Castle_Blejski_Grad-Bled_Upper_Carniola_Region.html
