review_location_name, review_current_page, review_last_page, review_location_type, review_location_breadcrumbs, review_location_rate, location_lat, location_lng, review_id, review_date, review_experience_date, review_rate, user_name, user_link, user_id, parent_url
Celje Castle, 6, 33, Castles & Castles, Europe & Slovenia & Styria Region & Celje & Things to Do in Celje, 4.5, 46.21993, 15.27117, 643353977, 20190101, 20190101, 5.0, Esra D, /Profile/532esrad, 72c234ed0e136910564e8f2859c351af, /Attraction_Review-g274868-d4454837-Reviews-Celje_Castle-Celje_Styria_Region.html
Celje Castle, 6, 33, Castles & Castles, Europe & Slovenia & Styria Region & Celje & Things to Do in Celje, 4.5, 46.21993, 15.27117, 642219766, 20181201, 20180901, 4.0, A_Screw_Loose, /Profile/A_Screw_Loose, 77a3184e6463df136c327fc8698e5a2b, /Attraction_Review-g274868-d4454837-Reviews-Celje_Castle-Celje_Styria_Region.html
Celje Castle, 6, 33, Castles & Castles, Europe & Slovenia & Styria Region & Celje & Things to Do in Celje, 4.5, 46.21993, 15.27117, 640889852, 20181201, 20180801, 5.0, TetBet, /Profile/ytrw23, 762fdcabf7aee3933b3f9c074a0f5cc2, /Attraction_Review-g274868-d4454837-Reviews-Celje_Castle-Celje_Styria_Region.html
Celje Castle, 6, 33, Castles & Castles, Europe & Slovenia & Styria Region & Celje & Things to Do in Celje, 4.5, 46.21993, 15.27117, 638995069, 20181201, 20181001, 4.0, tomaž k, /Profile/toma_k591, 80b9af9294055cba18537c5bb47fbe13, /Attraction_Review-g274868-d4454837-Reviews-Celje_Castle-Celje_Styria_Region.html
Celje Castle, 6, 33, Castles & Castles, Europe & Slovenia & Styria Region & Celje & Things to Do in Celje, 4.5, 46.21993, 15.27117, 637590039, 20181201, 20180901, 4.0, Giacomo L, /Profile/giacomol795, f134e93a8683c8e8255246cf8548e0f6, /Attraction_Review-g274868-d4454837-Reviews-Celje_Castle-Celje_Styria_Region.html
