review_location_name, review_current_page, review_last_page, review_location_type, review_location_breadcrumbs, review_location_rate, location_lat, location_lng, review_id, review_date, review_experience_date, review_rate, user_name, user_link, user_id, parent_url
Metelkova, 67, 84, Neighborhoods & Neighborhoods, Europe & Slovenia & Upper Carniola Region & Ljubljana & Things to Do in Ljubljana, 4.0, 46.056644, 14.516993, 240248732, 20141101, 20141001, 5.0, Angela C, /Profile/AngelaC871, 572b401da29e82cdd3ae6ce01f464552, /Attraction_Review-g274873-d734854-Reviews-Metelkova-Ljubljana_Upper_Carniola_Region.html
Metelkova, 67, 84, Neighborhoods & Neighborhoods, Europe & Slovenia & Upper Carniola Region & Ljubljana & Things to Do in Ljubljana, 4.0, 46.056644, 14.516993, 238061353, 20141101, 20141001, 4.0, Incha P, /Profile/inchap, 23ecf8b5d18e2a432df141d798cd7fe4, /Attraction_Review-g274873-d734854-Reviews-Metelkova-Ljubljana_Upper_Carniola_Region.html
Metelkova, 67, 84, Neighborhoods & Neighborhoods, Europe & Slovenia & Upper Carniola Region & Ljubljana & Things to Do in Ljubljana, 4.0, 46.056644, 14.516993, 237796833, 20141101, 20141101, 5.0, serbio, /Profile/serbio, d9bce33ecefc5d8b9f377e150c8395b0, /Attraction_Review-g274873-d734854-Reviews-Metelkova-Ljubljana_Upper_Carniola_Region.html
Metelkova, 67, 84, Neighborhoods & Neighborhoods, Europe & Slovenia & Upper Carniola Region & Ljubljana & Things to Do in Ljubljana, 4.0, 46.056644, 14.516993, 237053393, 20141001, 20141001, 4.0, travel&wine, /Profile/lovetravel311, f027068eba6cda695fcb7fdcba2af8e0, /Attraction_Review-g274873-d734854-Reviews-Metelkova-Ljubljana_Upper_Carniola_Region.html
Metelkova, 67, 84, Neighborhoods & Neighborhoods, Europe & Slovenia & Upper Carniola Region & Ljubljana & Things to Do in Ljubljana, 4.0, 46.056644, 14.516993, 236503037, 20141001, 20141001, 5.0, dooomagoj, /Profile/dooomagoj, 7418f5b5f9313bc2dd415bd003d0cf33, /Attraction_Review-g274873-d734854-Reviews-Metelkova-Ljubljana_Upper_Carniola_Region.html
