review_location_name, review_current_page, review_last_page, review_location_type, review_location_breadcrumbs, review_location_rate, location_lat, location_lng, review_id, review_date, review_experience_date, review_rate, user_name, user_link, user_id, parent_url
National and University Library, 2, 16, Libraries & Libraries, Europe & Slovenia & Upper Carniola Region & Ljubljana & Things to Do in Ljubljana, 4.0, 46.04767, 14.504003, 665213657, 20190401, 20190401, 4.0, David A, /Profile/O2550ICdavida, e583d88fd6a890d1b72c8f01f92bb7a9, /Attraction_Review-g274873-d6582184-Reviews-National_and_University_Library-Ljubljana_Upper_Carniola_Region.html
National and University Library, 2, 16, Libraries & Libraries, Europe & Slovenia & Upper Carniola Region & Ljubljana & Things to Do in Ljubljana, 4.0, 46.04767, 14.504003, 632634120, 20181101, 20181101, 5.0, Niho49, /Profile/Niho49, 6cf01f63f3027e49772295de475ce597, /Attraction_Review-g274873-d6582184-Reviews-National_and_University_Library-Ljubljana_Upper_Carniola_Region.html
National and University Library, 2, 16, Libraries & Libraries, Europe & Slovenia & Upper Carniola Region & Ljubljana & Things to Do in Ljubljana, 4.0, 46.04767, 14.504003, 631236891, 20181101, 20181101, 2.0, Miguel, /Profile/Miguelal1984, addeceeea6d0300ea3c6b6c7079d1dc1, /Attraction_Review-g274873-d6582184-Reviews-National_and_University_Library-Ljubljana_Upper_Carniola_Region.html
National and University Library, 2, 16, Libraries & Libraries, Europe & Slovenia & Upper Carniola Region & Ljubljana & Things to Do in Ljubljana, 4.0, 46.04767, 14.504003, 629908505, 20181001, 20180801, 3.0, Maks matej C, /Profile/maksmatejc, fd25dfbc07f4c90f22a70be012e66ff9, /Attraction_Review-g274873-d6582184-Reviews-National_and_University_Library-Ljubljana_Upper_Carniola_Region.html
National and University Library, 2, 16, Libraries & Libraries, Europe & Slovenia & Upper Carniola Region & Ljubljana & Things to Do in Ljubljana, 4.0, 46.04767, 14.504003, 629809429, 20181001, 20180901, 4.0, Globetrotter045, /Profile/Globetrotter045, 335ac9afd8adca380545be9d8a990761, /Attraction_Review-g274873-d6582184-Reviews-National_and_University_Library-Ljubljana_Upper_Carniola_Region.html
