review_location_name, review_current_page, review_last_page, review_location_type, review_location_breadcrumbs, review_location_rate, location_lat, location_lng, review_id, review_date, review_experience_date, review_rate, user_name, user_link, user_id, parent_url
Predjama Castle, 222, 243, Castles & Castles, Europe & Slovenia & Inner Carniola Region & Postojna & Things to Do in Postojna, 4.5, 45.81591, 14.126572, 198159994, 20140301, 20140201, 4.0, sgitlin, /Profile/sgitlin, d8ea5c8277e27e4f0e592849ab621fa2, /Attraction_Review-g274878-d277346-Reviews-Predjama_Castle-Postojna_Inner_Carniola_Region.html
Predjama Castle, 222, 243, Castles & Castles, Europe & Slovenia & Inner Carniola Region & Postojna & Things to Do in Postojna, 4.5, 45.81591, 14.126572, 197020605, 20140301, 20140301, 4.0, Simon H, /Profile/SimonH373, b237a0e26d3a0d18e9f88e3f07396c35, /Attraction_Review-g274878-d277346-Reviews-Predjama_Castle-Postojna_Inner_Carniola_Region.html
Predjama Castle, 222, 243, Castles & Castles, Europe & Slovenia & Inner Carniola Region & Postojna & Things to Do in Postojna, 4.5, 45.81591, 14.126572, 196825826, 20140301, 20130701, 4.0, KiwiKerry53, /Profile/KiwiKerry53, ce54f1ecf1ea16c5741c33ba0bc5976e, /Attraction_Review-g274878-d277346-Reviews-Predjama_Castle-Postojna_Inner_Carniola_Region.html
Predjama Castle, 222, 243, Castles & Castles, Europe & Slovenia & Inner Carniola Region & Postojna & Things to Do in Postojna, 4.5, 45.81591, 14.126572, 194755075, 20140201, 20140201, 4.0, ReviewSection, /Profile/ReviewSection, 7726e796846823805aaaf1d8f6171266, /Attraction_Review-g274878-d277346-Reviews-Predjama_Castle-Postojna_Inner_Carniola_Region.html
Predjama Castle, 222, 243, Castles & Castles, Europe & Slovenia & Inner Carniola Region & Postojna & Things to Do in Postojna, 4.5, 45.81591, 14.126572, 192886770, 20140201, 20130701, 5.0, Jian, /Profile/reeop, dd65c222d5adad3fcc9aea28762c48e3, /Attraction_Review-g274878-d277346-Reviews-Predjama_Castle-Postojna_Inner_Carniola_Region.html
