review_location_name, review_current_page, review_last_page, review_location_type, review_location_breadcrumbs, review_location_rate, location_lat, location_lng, review_id, review_date, review_experience_date, review_rate, user_name, user_link, user_id, parent_url
Skyscraper (Nebotičnik), 50, 58, Architectural Buildings & Observation Decks & Towers & Architectural Buildings & Observation Decks & Towers, Europe & Slovenia & Upper Carniola Region & Ljubljana & Things to Do in Ljubljana, 4.0, 46.05323, 14.50362, 350072326, 20160201, 20160201, 4.0, Edvin L, /Profile/125edvinl, 0be452cbaddb6d1d93b10bbf07c0d73a, /Attraction_Review-g274873-d8382117-Reviews-Skyscraper_Neboticnik-Ljubljana_Upper_Carniola_Region.html
Skyscraper (Nebotičnik), 50, 58, Architectural Buildings & Observation Decks & Towers & Architectural Buildings & Observation Decks & Towers, Europe & Slovenia & Upper Carniola Region & Ljubljana & Things to Do in Ljubljana, 4.0, 46.05323, 14.50362, 347644221, 20160201, 20160101, 4.0, Miha P, /Profile/482mihap, abd2f9c2cd78a57d449f70cdffa1616b, /Attraction_Review-g274873-d8382117-Reviews-Skyscraper_Neboticnik-Ljubljana_Upper_Carniola_Region.html
Skyscraper (Nebotičnik), 50, 58, Architectural Buildings & Observation Decks & Towers & Architectural Buildings & Observation Decks & Towers, Europe & Slovenia & Upper Carniola Region & Ljubljana & Things to Do in Ljubljana, 4.0, 46.05323, 14.50362, 343769518, 20160101, 20150801, 5.0, Jana K, /Profile/janaintheworld, 6a4444e3dc96e9dcdbee0a5a4c2f10c4, /Attraction_Review-g274873-d8382117-Reviews-Skyscraper_Neboticnik-Ljubljana_Upper_Carniola_Region.html
Skyscraper (Nebotičnik), 50, 58, Architectural Buildings & Observation Decks & Towers & Architectural Buildings & Observation Decks & Towers, Europe & Slovenia & Upper Carniola Region & Ljubljana & Things to Do in Ljubljana, 4.0, 46.05323, 14.50362, 339623626, 20160101, 20150601, 5.0, MihaTravnik, /Profile/MihaTravnik, 0a43f802fb3c8f091d5e7758fb561625, /Attraction_Review-g274873-d8382117-Reviews-Skyscraper_Neboticnik-Ljubljana_Upper_Carniola_Region.html
Skyscraper (Nebotičnik), 50, 58, Architectural Buildings & Observation Decks & Towers & Architectural Buildings & Observation Decks & Towers, Europe & Slovenia & Upper Carniola Region & Ljubljana & Things to Do in Ljubljana, 4.0, 46.05323, 14.50362, 336646604, 20160101, 20151201, 4.0, Tom E, /Profile/593tome, d02bed80f4b06af8c84efa05c617403c, /Attraction_Review-g274873-d8382117-Reviews-Skyscraper_Neboticnik-Ljubljana_Upper_Carniola_Region.html
