review_location_name, review_current_page, review_last_page, review_location_type, review_location_breadcrumbs, review_location_rate, location_lat, location_lng, review_id, review_date, review_experience_date, review_rate, user_name, user_link, user_id, parent_url
Solcava Panoramic Road, 1, 7, Lookouts & Scenic Drives & Lookouts & Scenic Drives, Europe & Slovenia & Styria Region & Solcava & Things to Do in Solcava, 4.5, 0, 0, 714833338, 20191001, 20190901, 5.0, sinaigirl, /Profile/sinaigirl, 43b09b8a770427581d8a7d582144cc2f, /Attraction_Review-g319789-d10637029-Reviews-Solcava_Panoramic_Road-Solcava_Styria_Region.html
Solcava Panoramic Road, 1, 7, Lookouts & Scenic Drives & Lookouts & Scenic Drives, Europe & Slovenia & Styria Region & Solcava & Things to Do in Solcava, 4.5, 0, 0, 712413084, 20190901, 20190801, 4.0, zviamely, /Profile/zviamely, b267f64985088cc718a9682412168058, /Attraction_Review-g319789-d10637029-Reviews-Solcava_Panoramic_Road-Solcava_Styria_Region.html
Solcava Panoramic Road, 1, 7, Lookouts & Scenic Drives & Lookouts & Scenic Drives, Europe & Slovenia & Styria Region & Solcava & Things to Do in Solcava, 4.5, 0, 0, 706711434, 20190901, 20190801, 5.0, Sunčica P, /Profile/sun_icap2019, f7747b538de0adf10f034936b8df32a9, /Attraction_Review-g319789-d10637029-Reviews-Solcava_Panoramic_Road-Solcava_Styria_Region.html
Solcava Panoramic Road, 1, 7, Lookouts & Scenic Drives & Lookouts & Scenic Drives, Europe & Slovenia & Styria Region & Solcava & Things to Do in Solcava, 4.5, 0, 0, 699263753, 20190801, 20190801, 5.0, Pink Pally, /Profile/minellap2018, 66d3de2a42a5baa102eccf08252cbc8e, /Attraction_Review-g319789-d10637029-Reviews-Solcava_Panoramic_Road-Solcava_Styria_Region.html
Solcava Panoramic Road, 1, 7, Lookouts & Scenic Drives & Lookouts & Scenic Drives, Europe & Slovenia & Styria Region & Solcava & Things to Do in Solcava, 4.5, 0, 0, 696998714, 20190801, 20190701, 4.0, Nigel H, /Profile/220nigelh, b3660809ade3e197c78f69a839a34c8b, /Attraction_Review-g319789-d10637029-Reviews-Solcava_Panoramic_Road-Solcava_Styria_Region.html
