review_location_name, review_current_page, review_last_page, review_location_type, review_location_breadcrumbs, review_location_rate, location_lat, location_lng, review_id, review_date, review_experience_date, review_rate, user_name, user_link, user_id, parent_url
Old Square (Stari trg), 22, 23, Points of Interest & Landmarks & Points of Interest & Landmarks, Europe & Slovenia & Upper Carniola Region & Ljubljana & Things to Do in Ljubljana, 4.0, 46.04687, 14.50699, 312579969, 20150901, 20150901, 5.0, ye12013, /Profile/ye12013, bf6aa2c820058756d04108523f5c7631, /Attraction_Review-g274873-d276331-Reviews-Old_Square_Stari_trg-Ljubljana_Upper_Carniola_Region.html
Old Square (Stari trg), 22, 23, Points of Interest & Landmarks & Points of Interest & Landmarks, Europe & Slovenia & Upper Carniola Region & Ljubljana & Things to Do in Ljubljana, 4.0, 46.04687, 14.50699, 310498248, 20150901, 20150901, 5.0, Joanne J, /Profile/joannej634, fcb1baa8318f01a2e23b46671d22587c, /Attraction_Review-g274873-d276331-Reviews-Old_Square_Stari_trg-Ljubljana_Upper_Carniola_Region.html
Old Square (Stari trg), 22, 23, Points of Interest & Landmarks & Points of Interest & Landmarks, Europe & Slovenia & Upper Carniola Region & Ljubljana & Things to Do in Ljubljana, 4.0, 46.04687, 14.50699, 284722728, 20150701, 20150601, 4.0, Brookspal, /Profile/Brookspal, f7afb7d2d4aeef656eda1b4478378990, /Attraction_Review-g274873-d276331-Reviews-Old_Square_Stari_trg-Ljubljana_Upper_Carniola_Region.html
Old Square (Stari trg), 22, 23, Points of Interest & Landmarks & Points of Interest & Landmarks, Europe & Slovenia & Upper Carniola Region & Ljubljana & Things to Do in Ljubljana, 4.0, 46.04687, 14.50699, 236779716, 20141001, 20141001, 5.0, travel&wine, /Profile/lovetravel311, f027068eba6cda695fcb7fdcba2af8e0, /Attraction_Review-g274873-d276331-Reviews-Old_Square_Stari_trg-Ljubljana_Upper_Carniola_Region.html
Old Square (Stari trg), 22, 23, Points of Interest & Landmarks & Points of Interest & Landmarks, Europe & Slovenia & Upper Carniola Region & Ljubljana & Things to Do in Ljubljana, 4.0, 46.04687, 14.50699, 229902294, 20140901, 20140701, 4.0, Granada100, /Profile/Granada100, 58847d62437fd318ca17a4705e112d8e, /Attraction_Review-g274873-d276331-Reviews-Old_Square_Stari_trg-Ljubljana_Upper_Carniola_Region.html
