review_location_name, review_current_page, review_last_page, review_location_type, review_location_breadcrumbs, review_location_rate, location_lat, location_lng, review_id, review_date, review_experience_date, review_rate, user_name, user_link, user_id, parent_url
Minicity Ljubljana, 4, 15, Theme Parks & Theme Parks, Europe & Slovenia & Upper Carniola Region & Ljubljana & Things to Do in Ljubljana, 4.5, 46.067627, 14.541853, 550287693, 20171201, 20171201, 4.0, Michelle G, /Profile/michelleg335, fb8511935c3152f93c17d3efa93014a0, /Attraction_Review-g274873-d8072554-Reviews-Minicity_Ljubljana-Ljubljana_Upper_Carniola_Region.html
Minicity Ljubljana, 4, 15, Theme Parks & Theme Parks, Europe & Slovenia & Upper Carniola Region & Ljubljana & Things to Do in Ljubljana, 4.5, 46.067627, 14.541853, 516400878, 20170801, 20170801, 5.0, Simona V, /Profile/777simonav, 3aad66b85d4024c255ab3dece96bd389, /Attraction_Review-g274873-d8072554-Reviews-Minicity_Ljubljana-Ljubljana_Upper_Carniola_Region.html
Minicity Ljubljana, 4, 15, Theme Parks & Theme Parks, Europe & Slovenia & Upper Carniola Region & Ljubljana & Things to Do in Ljubljana, 4.5, 46.067627, 14.541853, 509552899, 20170801, 20170801, 5.0, lesleyjaneb, /Profile/lesleyjaneb, 54be54811a3295b374c3d0848b0e58d5, /Attraction_Review-g274873-d8072554-Reviews-Minicity_Ljubljana-Ljubljana_Upper_Carniola_Region.html
Minicity Ljubljana, 4, 15, Theme Parks & Theme Parks, Europe & Slovenia & Upper Carniola Region & Ljubljana & Things to Do in Ljubljana, 4.5, 46.067627, 14.541853, 507318849, 20170701, 20170701, 5.0, Ziga B, /Profile/zigab2017, dcea5b030cdd572ac0ab0cd55f7282e3, /Attraction_Review-g274873-d8072554-Reviews-Minicity_Ljubljana-Ljubljana_Upper_Carniola_Region.html
Minicity Ljubljana, 4, 15, Theme Parks & Theme Parks, Europe & Slovenia & Upper Carniola Region & Ljubljana & Things to Do in Ljubljana, 4.5, 46.067627, 14.541853, 507290511, 20170701, 20170701, 5.0, kris7672, /Profile/kris7672, e9b69db1129ea5121d4ed6612382c3ca, /Attraction_Review-g274873-d8072554-Reviews-Minicity_Ljubljana-Ljubljana_Upper_Carniola_Region.html
