review_location_name, review_current_page, review_last_page, review_location_type, review_location_breadcrumbs, review_location_rate, location_lat, location_lng, review_id, review_date, review_experience_date, review_rate, user_name, user_link, user_id, parent_url
Lake Bled, 506, 1061, Bodies of Water & Bodies of Water, Europe & Slovenia & Upper Carniola Region & Bled & Things to Do in Bled, 4.5, 46.36622, 14.10102, 409820850, 20160801, 20160801, 5.0, Henry W, /Profile/191henryw, 1b6b87bcd9f27c422dfb123f073c8acb, /Attraction_Review-g274863-d296735-Reviews-Lake_Bled-Bled_Upper_Carniola_Region.html
Lake Bled, 506, 1061, Bodies of Water & Bodies of Water, Europe & Slovenia & Upper Carniola Region & Bled & Things to Do in Bled, 4.5, 46.36622, 14.10102, 409810330, 20160801, 20160701, 5.0, margaret c, /Profile/margaretc544, b3bcc7264ea5ed324b219ce2534de922, /Attraction_Review-g274863-d296735-Reviews-Lake_Bled-Bled_Upper_Carniola_Region.html
Lake Bled, 506, 1061, Bodies of Water & Bodies of Water, Europe & Slovenia & Upper Carniola Region & Bled & Things to Do in Bled, 4.5, 46.36622, 14.10102, 409634085, 20160801, 20160801, 4.0, Yavar K, /Profile/YavarK, 3b4e319ac447830bdc367023931b6d16, /Attraction_Review-g274863-d296735-Reviews-Lake_Bled-Bled_Upper_Carniola_Region.html
Lake Bled, 506, 1061, Bodies of Water & Bodies of Water, Europe & Slovenia & Upper Carniola Region & Bled & Things to Do in Bled, 4.5, 46.36622, 14.10102, 409569653, 20160801, 20160801, 5.0, Erika G, /Profile/curlygirl22, a6d9cc140d13ae38d1be3c0ec36da612, /Attraction_Review-g274863-d296735-Reviews-Lake_Bled-Bled_Upper_Carniola_Region.html
Lake Bled, 506, 1061, Bodies of Water & Bodies of Water, Europe & Slovenia & Upper Carniola Region & Bled & Things to Do in Bled, 4.5, 46.36622, 14.10102, 409517219, 20160801, 20160801, 5.0, Jacquelinedavis110, /Profile/Jacquelinedavis110, 7a822773eb724b2d541c6212e2749527, /Attraction_Review-g274863-d296735-Reviews-Lake_Bled-Bled_Upper_Carniola_Region.html
