review_location_name, review_current_page, review_last_page, review_location_type, review_location_breadcrumbs, review_location_rate, location_lat, location_lng, review_id, review_date, review_experience_date, review_rate, user_name, user_link, user_id, parent_url
The Ljubljana Castle, 422, 761, Points of Interest & Landmarks & Castles & Points of Interest & Landmarks & Castles, Europe & Slovenia & Upper Carniola Region & Ljubljana & Things to Do in Ljubljana, 4.0, 46.04885, 14.50909, 406873010, 20160801, 20160101, 4.0, Natasha_Var, /Profile/Natasha_Var, 42050eee220231ddc295d83e1f7b53fc, /Attraction_Review-g274873-d6924839-Reviews-The_Ljubljana_Castle-Ljubljana_Upper_Carniola_Region.html
The Ljubljana Castle, 422, 761, Points of Interest & Landmarks & Castles & Points of Interest & Landmarks & Castles, Europe & Slovenia & Upper Carniola Region & Ljubljana & Things to Do in Ljubljana, 4.0, 46.04885, 14.50909, 406671309, 20160801, 20160801, 4.0, Elisea T, /Profile/EliseaT2, 63e8f701b95de45c4b09dbe7a0f22f04, /Attraction_Review-g274873-d6924839-Reviews-The_Ljubljana_Castle-Ljubljana_Upper_Carniola_Region.html
The Ljubljana Castle, 422, 761, Points of Interest & Landmarks & Castles & Points of Interest & Landmarks & Castles, Europe & Slovenia & Upper Carniola Region & Ljubljana & Things to Do in Ljubljana, 4.0, 46.04885, 14.50909, 406617404, 20160801, 20160601, 5.0, zoe1mom, /Profile/zoe1mom, 7c9e4a83b3cd744fd136d211c6dfe77b, /Attraction_Review-g274873-d6924839-Reviews-The_Ljubljana_Castle-Ljubljana_Upper_Carniola_Region.html
The Ljubljana Castle, 422, 761, Points of Interest & Landmarks & Castles & Points of Interest & Landmarks & Castles, Europe & Slovenia & Upper Carniola Region & Ljubljana & Things to Do in Ljubljana, 4.0, 46.04885, 14.50909, 406503439, 20160801, 20160801, 4.0, lamusi, /Profile/lamusi, 5cc15f85e234db4859f6776b71506846, /Attraction_Review-g274873-d6924839-Reviews-The_Ljubljana_Castle-Ljubljana_Upper_Carniola_Region.html
The Ljubljana Castle, 422, 761, Points of Interest & Landmarks & Castles & Points of Interest & Landmarks & Castles, Europe & Slovenia & Upper Carniola Region & Ljubljana & Things to Do in Ljubljana, 4.0, 46.04885, 14.50909, 406487928, 20160801, 20160801, 5.0, KASCHLI, /Profile/KASCHLI, f120ac5a8dcd75eafee8b3c9fe6db6e3, /Attraction_Review-g274873-d6924839-Reviews-The_Ljubljana_Castle-Ljubljana_Upper_Carniola_Region.html
