review_location_name, review_current_page, review_last_page, review_location_type, review_location_breadcrumbs, review_location_rate, location_lat, location_lng, review_id, review_date, review_experience_date, review_rate, user_name, user_link, user_id, parent_url
Casa Veneziana, 1, 3, Architectural Buildings & Architectural Buildings, Europe & Slovenia & Slovenian Littoral Region & Slovenian Istria & Koper & Things to Do in Koper, 4.5, 45.54941, 13.73478, 601966768, 20180801, 20180601, 5.0, SloZlo, /Profile/SloZlo, b142703dc2c074f8fdc9b537173436e1, /Attraction_Review-g312722-d4611393-Reviews-Casa_Veneziana-Koper_Slovenian_Istria_Slovenian_Littoral_Region.html
Casa Veneziana, 1, 3, Architectural Buildings & Architectural Buildings, Europe & Slovenia & Slovenian Littoral Region & Slovenian Istria & Koper & Things to Do in Koper, 4.5, 45.54941, 13.73478, 497084435, 20170601, 20170601, 5.0, Michal W, /Profile/859michalw, 21bd2cbebd343c776d4e0a513ebe590d, /Attraction_Review-g312722-d4611393-Reviews-Casa_Veneziana-Koper_Slovenian_Istria_Slovenian_Littoral_Region.html
Casa Veneziana, 1, 3, Architectural Buildings & Architectural Buildings, Europe & Slovenia & Slovenian Littoral Region & Slovenian Istria & Koper & Things to Do in Koper, 4.5, 45.54941, 13.73478, 396738882, 20160701, 20151101, 4.0, Robert R, /Profile/S1507GQrobertr, 9801eb9f7580c147a7b36e909f8b06e1, /Attraction_Review-g312722-d4611393-Reviews-Casa_Veneziana-Koper_Slovenian_Istria_Slovenian_Littoral_Region.html
Casa Veneziana, 1, 3, Architectural Buildings & Architectural Buildings, Europe & Slovenia & Slovenian Littoral Region & Slovenian Istria & Koper & Things to Do in Koper, 4.5, 45.54941, 13.73478, 331977021, 20151201, 20150401, 4.0, Sandi L, /Profile/78sandil, 69803248bb76a2aacecb77d0fb943030, /Attraction_Review-g312722-d4611393-Reviews-Casa_Veneziana-Koper_Slovenian_Istria_Slovenian_Littoral_Region.html
Casa Veneziana, 1, 3, Architectural Buildings & Architectural Buildings, Europe & Slovenia & Slovenian Littoral Region & Slovenian Istria & Koper & Things to Do in Koper, 4.5, 45.54941, 13.73478, 305837445, 20150901, 20150701, 5.0, Viska, /Profile/Viska, 7851ff15266b4295db5af76285d0bc8d, /Attraction_Review-g312722-d4611393-Reviews-Casa_Veneziana-Koper_Slovenian_Istria_Slovenian_Littoral_Region.html
