review_location_name, review_current_page, review_last_page, review_location_type, review_location_breadcrumbs, review_location_rate, location_lat, location_lng, review_id, review_date, review_experience_date, review_rate, user_name, user_link, user_id, parent_url
Dveri Pax Winery, None, None, Wineries & Vineyards & Wineries & Vineyards, Europe & Slovenia & Styria Region & Jareninski Dol & Things to Do in Jareninski Dol, 5.0, 46.64561, 15.694192, 605702425, 20180801, 20180801, 5.0, Pawel S, /Profile/966pawels, f69797c7b6ba66c655cdac48d9480b41, /Attraction_Review-g7718463-d10791626-Reviews-Dveri_Pax_Winery-Jareninski_Dol_Styria_Region.html
Dveri Pax Winery, None, None, Wineries & Vineyards & Wineries & Vineyards, Europe & Slovenia & Styria Region & Jareninski Dol & Things to Do in Jareninski Dol, 5.0, 46.64561, 15.694192, 495425546, 20170601, 20170601, 5.0, PeterHarvey, /Profile/PeterHarvey, 0d4e2cd8b74c6e6359192c2e7e8f68c5, /Attraction_Review-g7718463-d10791626-Reviews-Dveri_Pax_Winery-Jareninski_Dol_Styria_Region.html
Dveri Pax Winery, None, None, Wineries & Vineyards & Wineries & Vineyards, Europe & Slovenia & Styria Region & Jareninski Dol & Things to Do in Jareninski Dol, 5.0, 46.64561, 15.694192, 418764721, 20160901, 20160901, 5.0, Sofie D, /Profile/sofied396, b533d83c454703e7921e1c8b61e92e34, /Attraction_Review-g7718463-d10791626-Reviews-Dveri_Pax_Winery-Jareninski_Dol_Styria_Region.html
Dveri Pax Winery, None, None, Wineries & Vineyards & Wineries & Vineyards, Europe & Slovenia & Styria Region & Jareninski Dol & Things to Do in Jareninski Dol, 5.0, 46.64561, 15.694192, 416414410, 20160901, 20160801, 5.0, Greg P, /Profile/GregP1561, 947f6d8f06d26bd37a6f059fbca2a458, /Attraction_Review-g7718463-d10791626-Reviews-Dveri_Pax_Winery-Jareninski_Dol_Styria_Region.html
