review_location_name, review_current_page, review_last_page, review_location_type, review_location_breadcrumbs, review_location_rate, location_lat, location_lng, review_id, review_date, review_experience_date, review_rate, user_name, user_link, user_id, parent_url
Planica Nordic Centre, 4, 15, Ski & Snowboard Areas & Ski & Snowboard Areas, Europe & Slovenia & Upper Carniola Region & Kranjska Gora & Ratece & Things to Do in Ratece, 5.0, 46.478577, 13.727167, 683711446, 20190601, 20190601, 4.0, peterdh, /Profile/peterdh, 4a396bbe2517b683574a2b454a98153e, /Attraction_Review-g3646675-d12748671-Reviews-Planica_Nordic_Centre-Ratece_Kranjska_Gora_Upper_Carniola_Region.html
Planica Nordic Centre, 4, 15, Ski & Snowboard Areas & Ski & Snowboard Areas, Europe & Slovenia & Upper Carniola Region & Kranjska Gora & Ratece & Things to Do in Ratece, 5.0, 46.478577, 13.727167, 682907456, 20190601, 20190601, 5.0, Miha G, /Profile/151mihag, 8da3f14080bdf41c631a62144ab3c10e, /Attraction_Review-g3646675-d12748671-Reviews-Planica_Nordic_Centre-Ratece_Kranjska_Gora_Upper_Carniola_Region.html
Planica Nordic Centre, 4, 15, Ski & Snowboard Areas & Ski & Snowboard Areas, Europe & Slovenia & Upper Carniola Region & Kranjska Gora & Ratece & Things to Do in Ratece, 5.0, 46.478577, 13.727167, 680836818, 20190601, 20180901, 4.0, Blaž Ulaga, /Profile/BlazUlaga, cc7a136378321595eb659de9cd4a7f1f, /Attraction_Review-g3646675-d12748671-Reviews-Planica_Nordic_Centre-Ratece_Kranjska_Gora_Upper_Carniola_Region.html
Planica Nordic Centre, 4, 15, Ski & Snowboard Areas & Ski & Snowboard Areas, Europe & Slovenia & Upper Carniola Region & Kranjska Gora & Ratece & Things to Do in Ratece, 5.0, 46.478577, 13.727167, 665033354, 20190401, 20190301, 5.0, George_Rusev, /Profile/George_Rusev, 6cd3dce7b264116437d7a260a2d5d682, /Attraction_Review-g3646675-d12748671-Reviews-Planica_Nordic_Centre-Ratece_Kranjska_Gora_Upper_Carniola_Region.html
Planica Nordic Centre, 4, 15, Ski & Snowboard Areas & Ski & Snowboard Areas, Europe & Slovenia & Upper Carniola Region & Kranjska Gora & Ratece & Things to Do in Ratece, 5.0, 46.478577, 13.727167, 654610618, 20190201, 20190201, 5.0, tartoncart, /Profile/tartoncart, d2b5585a3e5308db8b84846d96d37e28, /Attraction_Review-g3646675-d12748671-Reviews-Planica_Nordic_Centre-Ratece_Kranjska_Gora_Upper_Carniola_Region.html
