review_location_name, review_current_page, review_last_page, review_location_type, review_location_breadcrumbs, review_location_rate, location_lat, location_lng, review_id, review_date, review_experience_date, review_rate, user_name, user_link, user_id, parent_url
Kobarid Museum (Kobariski muzej), 35, 40, Specialty Museums & Specialty Museums, Europe & Slovenia & Slovenian Littoral Region & Kobarid & Things to Do in Kobarid, 4.5, 46.246548, 13.580907, 157315043, 20130401, 20120901, 5.0, Roger H, /Profile/RogerH724, d05c22e01a7834dfe790c0cf9356dff8, /Attraction_Review-g319788-d276481-Reviews-Kobarid_Museum_Kobariski_muzej-Kobarid_Slovenian_Littoral_Region.html
Kobarid Museum (Kobariski muzej), 35, 40, Specialty Museums & Specialty Museums, Europe & Slovenia & Slovenian Littoral Region & Kobarid & Things to Do in Kobarid, 4.5, 46.246548, 13.580907, 151485285, 20130201, 20130201, 5.0, downingman, /Profile/downingman, d6ed45749217c0a78dd4a12feb4c9d06, /Attraction_Review-g319788-d276481-Reviews-Kobarid_Museum_Kobariski_muzej-Kobarid_Slovenian_Littoral_Region.html
Kobarid Museum (Kobariski muzej), 35, 40, Specialty Museums & Specialty Museums, Europe & Slovenia & Slovenian Littoral Region & Kobarid & Things to Do in Kobarid, 4.5, 46.246548, 13.580907, 148306930, 20121201, 20120801, 5.0, GabrieleC3, /Profile/GabrieleC3, 997725f34225539771d12b3e2543155b, /Attraction_Review-g319788-d276481-Reviews-Kobarid_Museum_Kobariski_muzej-Kobarid_Slovenian_Littoral_Region.html
Kobarid Museum (Kobariski muzej), 35, 40, Specialty Museums & Specialty Museums, Europe & Slovenia & Slovenian Littoral Region & Kobarid & Things to Do in Kobarid, 4.5, 46.246548, 13.580907, 146582424, 20121201, 20121001, 5.0, doreenandneil, /Profile/doreenandneil, dd3b210bfe8a06a3fd8702a825a8cbdf, /Attraction_Review-g319788-d276481-Reviews-Kobarid_Museum_Kobariski_muzej-Kobarid_Slovenian_Littoral_Region.html
Kobarid Museum (Kobariski muzej), 35, 40, Specialty Museums & Specialty Museums, Europe & Slovenia & Slovenian Littoral Region & Kobarid & Things to Do in Kobarid, 4.5, 46.246548, 13.580907, 145197765, 20121101, 20121001, 4.0, KandKWood, /Profile/KandKWood, d4369c0230190f67e7473876186d607f, /Attraction_Review-g319788-d276481-Reviews-Kobarid_Museum_Kobariski_muzej-Kobarid_Slovenian_Littoral_Region.html
