review_location_name, review_current_page, review_last_page, review_location_type, review_location_breadcrumbs, review_location_rate, location_lat, location_lng, review_id, review_date, review_experience_date, review_rate, user_name, user_link, user_id, parent_url
Celje Castle, 17, 33, Castles & Castles, Europe & Slovenia & Styria Region & Celje & Things to Do in Celje, 4.5, 46.21993, 15.27117, 456756572, 20170201, 20170101, 5.0, Maja R, /Profile/travelgirlMR, f054d54b4f6852c8d28eaf607ce0f8f7, /Attraction_Review-g274868-d4454837-Reviews-Celje_Castle-Celje_Styria_Region.html
Celje Castle, 17, 33, Castles & Castles, Europe & Slovenia & Styria Region & Celje & Things to Do in Celje, 4.5, 46.21993, 15.27117, 451619034, 20170101, 20160901, 5.0, Andrej G, /Profile/849andrejg, c9dfe3a36b1a0654a5e00fd667539d65, /Attraction_Review-g274868-d4454837-Reviews-Celje_Castle-Celje_Styria_Region.html
Celje Castle, 17, 33, Castles & Castles, Europe & Slovenia & Styria Region & Celje & Things to Do in Celje, 4.5, 46.21993, 15.27117, 449303745, 20170101, 20170101, 5.0, BertieApollonia, /Profile/BertieApollonia, 83eefd8a862f8a968edaadc6994f80c5, /Attraction_Review-g274868-d4454837-Reviews-Celje_Castle-Celje_Styria_Region.html
Celje Castle, 17, 33, Castles & Castles, Europe & Slovenia & Styria Region & Celje & Things to Do in Celje, 4.5, 46.21993, 15.27117, 448200742, 20170101, 20160801, 3.0, Miha P, /Profile/482mihap, abd2f9c2cd78a57d449f70cdffa1616b, /Attraction_Review-g274868-d4454837-Reviews-Celje_Castle-Celje_Styria_Region.html
Celje Castle, 17, 33, Castles & Castles, Europe & Slovenia & Styria Region & Celje & Things to Do in Celje, 4.5, 46.21993, 15.27117, 444808249, 20161201, 20160601, 4.0, Borut B, /Profile/borutb547, 5a63b3b1de4cb23a41b462ed5a2b5eea, /Attraction_Review-g274868-d4454837-Reviews-Celje_Castle-Celje_Styria_Region.html
