review_location_name, review_current_page, review_last_page, review_location_type, review_location_breadcrumbs, review_location_rate, location_lat, location_lng, review_id, review_date, review_experience_date, review_rate, user_name, user_link, user_id, parent_url
Buda Castle, 288, 764, Castles & Castles, Europe & Hungary & Central Hungary & Budapest & Things to Do in Budapest, 4.5, 47.49532, 19.03989, 495938875, 20170601, 20170101, 5.0, Déborah S, /Profile/d_borahs2014, 14d8658039f4943c13539581092b74b6, /Attraction_Review-g274887-d276804-Reviews-Buda_Castle-Budapest_Central_Hungary.html
Buda Castle, 288, 764, Castles & Castles, Europe & Hungary & Central Hungary & Budapest & Things to Do in Budapest, 4.5, 47.49532, 19.03989, 495182058, 20170601, 20170601, 5.0, SS2510, /Profile/SS2510, 237f55b16438c7ad0cc1fe0ebd5bab5d, /Attraction_Review-g274887-d276804-Reviews-Buda_Castle-Budapest_Central_Hungary.html
Buda Castle, 288, 764, Castles & Castles, Europe & Hungary & Central Hungary & Budapest & Things to Do in Budapest, 4.5, 47.49532, 19.03989, 495086062, 20170601, 20170601, 4.0, LAURIE S, /Profile/lauries971, 262859b6f96f5bef6b79c6e38dad52ab, /Attraction_Review-g274887-d276804-Reviews-Buda_Castle-Budapest_Central_Hungary.html
Buda Castle, 288, 764, Castles & Castles, Europe & Hungary & Central Hungary & Budapest & Things to Do in Budapest, 4.5, 47.49532, 19.03989, 494961733, 20170601, 20161001, 5.0, Jennifer H, /Profile/jenniferhU2403EU, 955dc7eb68a25300ff9a6c0389fd78dd, /Attraction_Review-g274887-d276804-Reviews-Buda_Castle-Budapest_Central_Hungary.html
Buda Castle, 288, 764, Castles & Castles, Europe & Hungary & Central Hungary & Budapest & Things to Do in Budapest, 4.5, 47.49532, 19.03989, 494898422, 20170601, 20170601, 5.0, reneadelgado, /Profile/reneadelgado, a9f92909efad92c5c85657467a9dee33, /Attraction_Review-g274887-d276804-Reviews-Buda_Castle-Budapest_Central_Hungary.html
