review_location_name, review_current_page, review_last_page, review_location_type, review_location_breadcrumbs, review_location_rate, location_lat, location_lng, review_id, review_date, review_experience_date, review_rate, user_name, user_link, user_id, parent_url
Danube River, 550, 1573, Bodies of Water & Bodies of Water, Europe & Hungary & Central Hungary & Budapest & Things to Do in Budapest, 4.5, 47.502583, 19.04263, 534496655, 20171001, 20171001, 5.0, Neatesy, /Profile/Neatesy, bfb2960414cb6fdd2467fddd3fbf8c6a, /Attraction_Review-g274887-d298971-Reviews-Danube_River-Budapest_Central_Hungary.html
Danube River, 550, 1573, Bodies of Water & Bodies of Water, Europe & Hungary & Central Hungary & Budapest & Things to Do in Budapest, 4.5, 47.502583, 19.04263, 534145643, 20171001, 20171001, 5.0, mickmg666, /Profile/mickmg666, 276c880c4f2bcb7247ba16a8b1eda38d, /Attraction_Review-g274887-d298971-Reviews-Danube_River-Budapest_Central_Hungary.html
Danube River, 550, 1573, Bodies of Water & Bodies of Water, Europe & Hungary & Central Hungary & Budapest & Things to Do in Budapest, 4.5, 47.502583, 19.04263, 534095606, 20171001, 20171001, 5.0, haneebee, /Profile/haneebee, cceb5bf9a7f880e2ce3360ab8cc15be4, /Attraction_Review-g274887-d298971-Reviews-Danube_River-Budapest_Central_Hungary.html
Danube River, 550, 1573, Bodies of Water & Bodies of Water, Europe & Hungary & Central Hungary & Budapest & Things to Do in Budapest, 4.5, 47.502583, 19.04263, 534087711, 20171001, 20171001, 5.0, michaelDomingues, /Profile/michaelDomingues, 06a96e3a28c9e873914e8eca719e0134, /Attraction_Review-g274887-d298971-Reviews-Danube_River-Budapest_Central_Hungary.html
Danube River, 550, 1573, Bodies of Water & Bodies of Water, Europe & Hungary & Central Hungary & Budapest & Things to Do in Budapest, 4.5, 47.502583, 19.04263, 533892679, 20171001, 20171001, 5.0, Rosemary, /Profile/Rosemary, 7559c4c9c675914d0c4280f510fd349d, /Attraction_Review-g274887-d298971-Reviews-Danube_River-Budapest_Central_Hungary.html
