review_location_name, review_current_page, review_last_page, review_location_type, review_location_breadcrumbs, review_location_rate, location_lat, location_lng, review_id, review_date, review_experience_date, review_rate, user_name, user_link, user_id, parent_url
Matthias Church, 344, 931, Historic Sites & Architectural Buildings & Sacred & Religious Sites & Historic Sites & Architectural Buildings & Sacred & Religious Sites, Europe & Hungary & Central Hungary & Budapest & Things to Do in Budapest, 4.5, 47.501984, 19.034206, 521946549, 20170901, 20170801, 3.0, Thom W, /Profile/ThomW381, 44f220fc8ba3088cb4e879b1b6fcc2f0, /Attraction_Review-g274887-d276808-Reviews-Matthias_Church-Budapest_Central_Hungary.html
Matthias Church, 344, 931, Historic Sites & Architectural Buildings & Sacred & Religious Sites & Historic Sites & Architectural Buildings & Sacred & Religious Sites, Europe & Hungary & Central Hungary & Budapest & Things to Do in Budapest, 4.5, 47.501984, 19.034206, 521777047, 20170901, 20170801, 4.0, HowardinLondon, /Profile/HowardinLondon, d2658eb9616cc2216689a33a170d2e8e, /Attraction_Review-g274887-d276808-Reviews-Matthias_Church-Budapest_Central_Hungary.html
Matthias Church, 344, 931, Historic Sites & Architectural Buildings & Sacred & Religious Sites & Historic Sites & Architectural Buildings & Sacred & Religious Sites, Europe & Hungary & Central Hungary & Budapest & Things to Do in Budapest, 4.5, 47.501984, 19.034206, 521665167, 20170901, 20170901, 3.0, Docballs, /Profile/Docballs, 0fc847b2bb2abdedaa28407b9532f094, /Attraction_Review-g274887-d276808-Reviews-Matthias_Church-Budapest_Central_Hungary.html
Matthias Church, 344, 931, Historic Sites & Architectural Buildings & Sacred & Religious Sites & Historic Sites & Architectural Buildings & Sacred & Religious Sites, Europe & Hungary & Central Hungary & Budapest & Things to Do in Budapest, 4.5, 47.501984, 19.034206, 521619142, 20170901, 20170901, 4.0, famadven, /Profile/famadven, 8ba96f93d36f5fd2f59a9539d411ceea, /Attraction_Review-g274887-d276808-Reviews-Matthias_Church-Budapest_Central_Hungary.html
Matthias Church, 344, 931, Historic Sites & Architectural Buildings & Sacred & Religious Sites & Historic Sites & Architectural Buildings & Sacred & Religious Sites, Europe & Hungary & Central Hungary & Budapest & Things to Do in Budapest, 4.5, 47.501984, 19.034206, 521426511, 20170901, 20161101, 5.0, Louis T, /Profile/LouisT1367, 9d89138a32d7606ed64ae1d0f8d18161, /Attraction_Review-g274887-d276808-Reviews-Matthias_Church-Budapest_Central_Hungary.html
