review_location_name, review_current_page, review_last_page, review_location_type, review_location_breadcrumbs, review_location_rate, location_lat, location_lng, review_id, review_date, review_experience_date, review_rate, user_name, user_link, user_id, parent_url
Budapest Zoo & Botanical Garden, 275, 388, Zoos & Zoos, Europe & Hungary & Central Hungary & Budapest & Things to Do in Budapest, 4.0, 47.51802, 19.077665, 262268683, 20150301, 20150301, 5.0, 121Ralph121, /Profile/121Ralph121, 25b2712fb2a98d8197cf744bd74d245f, /Attraction_Review-g274887-d276871-Reviews-Budapest_Zoo_Botanical_Garden-Budapest_Central_Hungary.html
Budapest Zoo & Botanical Garden, 275, 388, Zoos & Zoos, Europe & Hungary & Central Hungary & Budapest & Things to Do in Budapest, 4.0, 47.51802, 19.077665, 261852922, 20150301, 20150301, 5.0, Posh2008, /Profile/Posh2008, f3e3930707dd3ca254d45f6d823300cf, /Attraction_Review-g274887-d276871-Reviews-Budapest_Zoo_Botanical_Garden-Budapest_Central_Hungary.html
Budapest Zoo & Botanical Garden, 275, 388, Zoos & Zoos, Europe & Hungary & Central Hungary & Budapest & Things to Do in Budapest, 4.0, 47.51802, 19.077665, 261320902, 20150301, 20150301, 3.0, Alison W, /Profile/AlisonW635, 1b358eefc58b9404c28225f780f620d5, /Attraction_Review-g274887-d276871-Reviews-Budapest_Zoo_Botanical_Garden-Budapest_Central_Hungary.html
Budapest Zoo & Botanical Garden, 275, 388, Zoos & Zoos, Europe & Hungary & Central Hungary & Budapest & Things to Do in Budapest, 4.0, 47.51802, 19.077665, 261294141, 20150301, 20150301, 4.0, traverseinfinity, /Profile/traverseinfinity, 3fb791b7db4b440dcb1cd706f5f00add, /Attraction_Review-g274887-d276871-Reviews-Budapest_Zoo_Botanical_Garden-Budapest_Central_Hungary.html
Budapest Zoo & Botanical Garden, 275, 388, Zoos & Zoos, Europe & Hungary & Central Hungary & Budapest & Things to Do in Budapest, 4.0, 47.51802, 19.077665, 261294131, 20150301, 20150301, 5.0, stockmaster247, /Profile/stockmaster247, d8f9f4ae3c2ced0759a39ef5950a1e95, /Attraction_Review-g274887-d276871-Reviews-Budapest_Zoo_Botanical_Garden-Budapest_Central_Hungary.html
