review_location_name, review_current_page, review_last_page, review_location_type, review_location_breadcrumbs, review_location_rate, location_lat, location_lng, review_id, review_date, review_experience_date, review_rate, user_name, user_link, user_id, parent_url
Vaci Street, 20, 184, Points of Interest & Landmarks & Points of Interest & Landmarks, Europe & Hungary & Central Hungary & Budapest & Things to Do in Budapest, 4.0, 47.4906, 19.05477, 621910367, 20181001, 20181001, 1.0, Lars-Henrik M, /Profile/Lars-HenrikM, aaa9b5f9b5bca97a4075a79aed2a83e1, /Attraction_Review-g274887-d276823-Reviews-Vaci_Street-Budapest_Central_Hungary.html
Vaci Street, 20, 184, Points of Interest & Landmarks & Points of Interest & Landmarks, Europe & Hungary & Central Hungary & Budapest & Things to Do in Budapest, 4.0, 47.4906, 19.05477, 620906572, 20180901, 20180901, 4.0, roaming_kiwi58, /Profile/roaming_kiwi58, 6918bf4874e2354d1f6727fec3afbb4d, /Attraction_Review-g274887-d276823-Reviews-Vaci_Street-Budapest_Central_Hungary.html
Vaci Street, 20, 184, Points of Interest & Landmarks & Points of Interest & Landmarks, Europe & Hungary & Central Hungary & Budapest & Things to Do in Budapest, 4.0, 47.4906, 19.05477, 618906594, 20180901, 20180901, 4.0, LolaGo1, /Profile/LolaGo1, 87ba2d1b55f0773ce59d0518171a357a, /Attraction_Review-g274887-d276823-Reviews-Vaci_Street-Budapest_Central_Hungary.html
Vaci Street, 20, 184, Points of Interest & Landmarks & Points of Interest & Landmarks, Europe & Hungary & Central Hungary & Budapest & Things to Do in Budapest, 4.0, 47.4906, 19.05477, 617402222, 20180901, 20180801, 4.0, John1956a, /Profile/John1956a, 79214f9bba42277139099649baaee777, /Attraction_Review-g274887-d276823-Reviews-Vaci_Street-Budapest_Central_Hungary.html
Vaci Street, 20, 184, Points of Interest & Landmarks & Points of Interest & Landmarks, Europe & Hungary & Central Hungary & Budapest & Things to Do in Budapest, 4.0, 47.4906, 19.05477, 616012694, 20180901, 20180901, 1.0, emmavanderlichte, /Profile/emmavanderlichte, 2b220ae3f916574fc1770d4551f434ed, /Attraction_Review-g274887-d276823-Reviews-Vaci_Street-Budapest_Central_Hungary.html
