review_location_name, review_current_page, review_last_page, review_location_type, review_location_breadcrumbs, review_location_rate, location_lat, location_lng, review_id, review_date, review_experience_date, review_rate, user_name, user_link, user_id, parent_url
Hungarian Electrotechnical Museum, 2, 3, Specialty Museums & Science Museums & Specialty Museums & Science Museums, Europe & Hungary & Central Hungary & Budapest & Things to Do in Budapest, 4.0, 47.49791, 19.06293, 658865936, 20190301, 20190301, 4.0, Olga, /Profile/olgahun, c372b46a77cba8a07e032399f9ab0921, /Attraction_Review-g274887-d12493584-Reviews-Hungarian_Electrotechnical_Museum-Budapest_Central_Hungary.html
Hungarian Electrotechnical Museum, 2, 3, Specialty Museums & Science Museums & Specialty Museums & Science Museums, Europe & Hungary & Central Hungary & Budapest & Things to Do in Budapest, 4.0, 47.49791, 19.06293, 587549983, 20180601, 20180601, 4.0, inner_city_resident, /Profile/inner_city_resident, 5337ccf625f6bbc092286540916a9093, /Attraction_Review-g274887-d12493584-Reviews-Hungarian_Electrotechnical_Museum-Budapest_Central_Hungary.html
Hungarian Electrotechnical Museum, 2, 3, Specialty Museums & Science Museums & Specialty Museums & Science Museums, Europe & Hungary & Central Hungary & Budapest & Things to Do in Budapest, 4.0, 47.49791, 19.06293, 581804067, 20180501, 20180501, 1.0, daniellerubin, /Profile/daniellerubin, 3a76b670a23b7a1311a5f7d6f76f13ea, /Attraction_Review-g274887-d12493584-Reviews-Hungarian_Electrotechnical_Museum-Budapest_Central_Hungary.html
Hungarian Electrotechnical Museum, 2, 3, Specialty Museums & Science Museums & Specialty Museums & Science Museums, Europe & Hungary & Central Hungary & Budapest & Things to Do in Budapest, 4.0, 47.49791, 19.06293, 577044182, 20180501, 20180501, 5.0, Scots-not-Scotch, /Profile/Scots-not-Scotch, 3f17a552276981a28b69e82826acfab6, /Attraction_Review-g274887-d12493584-Reviews-Hungarian_Electrotechnical_Museum-Budapest_Central_Hungary.html
Hungarian Electrotechnical Museum, 2, 3, Specialty Museums & Science Museums & Specialty Museums & Science Museums, Europe & Hungary & Central Hungary & Budapest & Things to Do in Budapest, 4.0, 47.49791, 19.06293, 567657427, 20180301, 20180301, 4.0, EszterAr, /Profile/EszterAr, 5d6f9b337793a23c6f39a530adfa4790, /Attraction_Review-g274887-d12493584-Reviews-Hungarian_Electrotechnical_Museum-Budapest_Central_Hungary.html
