review_location_name, review_current_page, review_last_page, review_location_type, review_location_breadcrumbs, review_location_rate, location_lat, location_lng, review_id, review_date, review_experience_date, review_rate, user_name, user_link, user_id, parent_url
Gellert Hill, 99, 752, Historic Sites & Historic Sites, Europe & Hungary & Central Hungary & Budapest & Things to Do in Budapest, 4.5, 47.486763, 19.047941, 621967069, 20181001, 20181001, 4.0, LeisureAway, /Profile/LeisureAway, 7642bb154e77ae340ce7ebf625f95b54, /Attraction_Review-g274887-d276878-Reviews-Gellert_Hill-Budapest_Central_Hungary.html
Gellert Hill, 99, 752, Historic Sites & Historic Sites, Europe & Hungary & Central Hungary & Budapest & Things to Do in Budapest, 4.5, 47.486763, 19.047941, 621874923, 20181001, 20180901, 4.0, NebraskaGirl39, /Profile/NebraskaGirl39, b5c3c5809882aa816e7fc1ea91213528, /Attraction_Review-g274887-d276878-Reviews-Gellert_Hill-Budapest_Central_Hungary.html
Gellert Hill, 99, 752, Historic Sites & Historic Sites, Europe & Hungary & Central Hungary & Budapest & Things to Do in Budapest, 4.5, 47.486763, 19.047941, 621743680, 20181001, 20181001, 2.0, tchout02, /Profile/tchout02, e45652a06e326905873557e841f36acd, /Attraction_Review-g274887-d276878-Reviews-Gellert_Hill-Budapest_Central_Hungary.html
Gellert Hill, 99, 752, Historic Sites & Historic Sites, Europe & Hungary & Central Hungary & Budapest & Things to Do in Budapest, 4.5, 47.486763, 19.047941, 620838219, 20180901, 20180901, 5.0, Jan M, /Profile/JanM366, c96b866e95b6de9a651a8f607be90a3a, /Attraction_Review-g274887-d276878-Reviews-Gellert_Hill-Budapest_Central_Hungary.html
Gellert Hill, 99, 752, Historic Sites & Historic Sites, Europe & Hungary & Central Hungary & Budapest & Things to Do in Budapest, 4.5, 47.486763, 19.047941, 620236342, 20180901, 20180901, 5.0, TCM327, /Profile/TCM327, 2ac016a3d7408608fa3eefccd3cce3e1, /Attraction_Review-g274887-d276878-Reviews-Gellert_Hill-Budapest_Central_Hungary.html
