review_location_name, review_current_page, review_last_page, review_location_type, review_location_breadcrumbs, review_location_rate, location_lat, location_lng, review_id, review_date, review_experience_date, review_rate, user_name, user_link, user_id, parent_url
Zwack Heritage and Visitors' Centre, 4, 22, Distilleries & Visitor Centers & Specialty Museums & Distilleries & Visitor Centers & Specialty Museums, Europe & Hungary & Central Hungary & Budapest & Things to Do in Budapest, 4.5, 47.476074, 19.070206, 639797874, 20181201, 20181101, 5.0, Carspre, /Profile/Carspre, c49f65b4c64ea4c6c3658cd82e3f5fb1, /Attraction_Review-g274887-d3700836-Reviews-Zwack_Heritage_and_Visitors_Centre-Budapest_Central_Hungary.html
Zwack Heritage and Visitors' Centre, 4, 22, Distilleries & Visitor Centers & Specialty Museums & Distilleries & Visitor Centers & Specialty Museums, Europe & Hungary & Central Hungary & Budapest & Things to Do in Budapest, 4.5, 47.476074, 19.070206, 629465329, 20181001, 20181001, 5.0, M. Garibaldi, /Profile/mgaribaldi, 188d41afcc98c457d5b31a6e68ddac53, /Attraction_Review-g274887-d3700836-Reviews-Zwack_Heritage_and_Visitors_Centre-Budapest_Central_Hungary.html
Zwack Heritage and Visitors' Centre, 4, 22, Distilleries & Visitor Centers & Specialty Museums & Distilleries & Visitor Centers & Specialty Museums, Europe & Hungary & Central Hungary & Budapest & Things to Do in Budapest, 4.5, 47.476074, 19.070206, 626891993, 20181001, 20181001, 4.0, vacuity86, /Profile/vacuity86, bf468fd29617bdf1c8b66a73608e0179, /Attraction_Review-g274887-d3700836-Reviews-Zwack_Heritage_and_Visitors_Centre-Budapest_Central_Hungary.html
Zwack Heritage and Visitors' Centre, 4, 22, Distilleries & Visitor Centers & Specialty Museums & Distilleries & Visitor Centers & Specialty Museums, Europe & Hungary & Central Hungary & Budapest & Things to Do in Budapest, 4.5, 47.476074, 19.070206, 621736177, 20181001, 20180901, 3.0, MovaShaka, /Profile/MovaShaka, 95f82ad138e44694e4d5eb5043c25ca0, /Attraction_Review-g274887-d3700836-Reviews-Zwack_Heritage_and_Visitors_Centre-Budapest_Central_Hungary.html
Zwack Heritage and Visitors' Centre, 4, 22, Distilleries & Visitor Centers & Specialty Museums & Distilleries & Visitor Centers & Specialty Museums, Europe & Hungary & Central Hungary & Budapest & Things to Do in Budapest, 4.5, 47.476074, 19.070206, 621506363, 20181001, 20180101, 4.0, gizemkucuk22, /Profile/gizemkucuk22, 3f47fde417dbd86081ac7da9e126ac4c, /Attraction_Review-g274887-d3700836-Reviews-Zwack_Heritage_and_Visitors_Centre-Budapest_Central_Hungary.html
