review_location_name, review_current_page, review_last_page, review_location_type, review_location_breadcrumbs, review_location_rate, location_lat, location_lng, review_id, review_date, review_experience_date, review_rate, user_name, user_link, user_id, parent_url
New York Palace, 144, 222, Points of Interest & Landmarks & Points of Interest & Landmarks, Europe & Hungary & Central Hungary & Budapest & Things to Do in Budapest, 4.5, 47.498676, 19.070486, 383136672, 20160601, 20160601, 3.0, Ulrik Frederik M, /Profile/ulrikfrederikm, 666ce7596eaf5c7e2069ecbe1c932788, /Attraction_Review-g274887-d6940639-Reviews-New_York_Palace-Budapest_Central_Hungary.html
New York Palace, 144, 222, Points of Interest & Landmarks & Points of Interest & Landmarks, Europe & Hungary & Central Hungary & Budapest & Things to Do in Budapest, 4.5, 47.498676, 19.070486, 382594583, 20160601, 20160601, 1.0, 7_Lottie, /Profile/7_Lottie, 593ab9d62f38d9e2640da2d9d2db2443, /Attraction_Review-g274887-d6940639-Reviews-New_York_Palace-Budapest_Central_Hungary.html
New York Palace, 144, 222, Points of Interest & Landmarks & Points of Interest & Landmarks, Europe & Hungary & Central Hungary & Budapest & Things to Do in Budapest, 4.5, 47.498676, 19.070486, 381893017, 20160601, 20160601, 2.0, 124kim2015, /Profile/124kim2015, dcf9d4cce02dfe3a9c4aefeafc555230, /Attraction_Review-g274887-d6940639-Reviews-New_York_Palace-Budapest_Central_Hungary.html
New York Palace, 144, 222, Points of Interest & Landmarks & Points of Interest & Landmarks, Europe & Hungary & Central Hungary & Budapest & Things to Do in Budapest, 4.5, 47.498676, 19.070486, 381798899, 20160601, 20160501, 5.0, Rhiannon L, /Profile/rhiannonl485, 76a92763820bb89cd0d7341db743fe83, /Attraction_Review-g274887-d6940639-Reviews-New_York_Palace-Budapest_Central_Hungary.html
New York Palace, 144, 222, Points of Interest & Landmarks & Points of Interest & Landmarks, Europe & Hungary & Central Hungary & Budapest & Things to Do in Budapest, 4.5, 47.498676, 19.070486, 381633656, 20160601, 20160601, 4.0, Mandy M, /Profile/137mandym, a72e5014a4c4cfdfabe4b2be3b9c8bb4, /Attraction_Review-g274887-d6940639-Reviews-New_York_Palace-Budapest_Central_Hungary.html
