review_location_name, review_current_page, review_last_page, review_location_type, review_location_breadcrumbs, review_location_rate, location_lat, location_lng, review_id, review_date, review_experience_date, review_rate, user_name, user_link, user_id, parent_url
Shoes on the Danube Bank, 140, 2212, Historic Sites & Points of Interest & Landmarks & Monuments & Statues & Historic Sites & Points of Interest & Landmarks & Monuments & Statues, Europe & Hungary & Central Hungary & Budapest & Things to Do in Budapest, 4.5, 47.503918, 19.044844, 714580531, 20191001, 20191001, 5.0, rbgrot, /Profile/rbgrot, e9d7ff89a016b3844a384660b9e4f578, /Attraction_Review-g274887-d1063833-Reviews-Shoes_on_the_Danube_Bank-Budapest_Central_Hungary.html
Shoes on the Danube Bank, 140, 2212, Historic Sites & Points of Interest & Landmarks & Monuments & Statues & Historic Sites & Points of Interest & Landmarks & Monuments & Statues, Europe & Hungary & Central Hungary & Budapest & Things to Do in Budapest, 4.5, 47.503918, 19.044844, 714487454, 20191001, 20191001, 4.0, RRH01, /Profile/RRH01, 53b3d7c1b3becae349b1285572e2d974, /Attraction_Review-g274887-d1063833-Reviews-Shoes_on_the_Danube_Bank-Budapest_Central_Hungary.html
Shoes on the Danube Bank, 140, 2212, Historic Sites & Points of Interest & Landmarks & Monuments & Statues & Historic Sites & Points of Interest & Landmarks & Monuments & Statues, Europe & Hungary & Central Hungary & Budapest & Things to Do in Budapest, 4.5, 47.503918, 19.044844, 714471853, 20191001, 20190901, 3.0, explorer, /Profile/explorerinternationa, 98bad21fccbfa3cdd936c96e4adcfa03, /Attraction_Review-g274887-d1063833-Reviews-Shoes_on_the_Danube_Bank-Budapest_Central_Hungary.html
Shoes on the Danube Bank, 140, 2212, Historic Sites & Points of Interest & Landmarks & Monuments & Statues & Historic Sites & Points of Interest & Landmarks & Monuments & Statues, Europe & Hungary & Central Hungary & Budapest & Things to Do in Budapest, 4.5, 47.503918, 19.044844, 714415607, 20191001, 20191001, 5.0, Andreia P, /Profile/andreiiapi, 7a71ec4bbdaec265e4282f10af5cc758, /Attraction_Review-g274887-d1063833-Reviews-Shoes_on_the_Danube_Bank-Budapest_Central_Hungary.html
Shoes on the Danube Bank, 140, 2212, Historic Sites & Points of Interest & Landmarks & Monuments & Statues & Historic Sites & Points of Interest & Landmarks & Monuments & Statues, Europe & Hungary & Central Hungary & Budapest & Things to Do in Budapest, 4.5, 47.503918, 19.044844, 714368395, 20190901, 20190901, 5.0, kellya0827, /Profile/kellya0827, 80976edfefb874e949b71f358d9387f8, /Attraction_Review-g274887-d1063833-Reviews-Shoes_on_the_Danube_Bank-Budapest_Central_Hungary.html
