review_location_name, review_current_page, review_last_page, review_location_type, review_location_breadcrumbs, review_location_rate, location_lat, location_lng, review_id, review_date, review_experience_date, review_rate, user_name, user_link, user_id, parent_url
Fiumei Road Cemetery, 4, 23, Cemeteries & Cemeteries, Europe & Hungary & Central Hungary & Budapest & Things to Do in Budapest, 4.5, 47.4959, 19.084263, 647811298, 20190101, 20190101, 2.0, G.Minas, /Profile/Gminas01, 645e48fb06e0549394b007e85f01fef0, /Attraction_Review-g274887-d2310350-Reviews-Fiumei_Road_Cemetery-Budapest_Central_Hungary.html
Fiumei Road Cemetery, 4, 23, Cemeteries & Cemeteries, Europe & Hungary & Central Hungary & Budapest & Things to Do in Budapest, 4.5, 47.4959, 19.084263, 637898850, 20181201, 20181001, 5.0, Toni H, /Profile/inoth, 907c016543079405008cd72a3660e776, /Attraction_Review-g274887-d2310350-Reviews-Fiumei_Road_Cemetery-Budapest_Central_Hungary.html
Fiumei Road Cemetery, 4, 23, Cemeteries & Cemeteries, Europe & Hungary & Central Hungary & Budapest & Things to Do in Budapest, 4.5, 47.4959, 19.084263, 621513936, 20181001, 20180901, 4.0, gizemkucuk22, /Profile/gizemkucuk22, 3f47fde417dbd86081ac7da9e126ac4c, /Attraction_Review-g274887-d2310350-Reviews-Fiumei_Road_Cemetery-Budapest_Central_Hungary.html
Fiumei Road Cemetery, 4, 23, Cemeteries & Cemeteries, Europe & Hungary & Central Hungary & Budapest & Things to Do in Budapest, 4.5, 47.4959, 19.084263, 616761812, 20180901, 20180901, 5.0, arik c, /Profile/161arikc, 4d649f57cf5b86f325cb824e38f83a92, /Attraction_Review-g274887-d2310350-Reviews-Fiumei_Road_Cemetery-Budapest_Central_Hungary.html
Fiumei Road Cemetery, 4, 23, Cemeteries & Cemeteries, Europe & Hungary & Central Hungary & Budapest & Things to Do in Budapest, 4.5, 47.4959, 19.084263, 602941075, 20180801, 20180701, 4.0, Shelimashrafahmed, /Profile/Shelimashrafahmed, 8d2197d7b4180ab86446f3b8496f7727, /Attraction_Review-g274887-d2310350-Reviews-Fiumei_Road_Cemetery-Budapest_Central_Hungary.html
