review_location_name, review_current_page, review_last_page, review_location_type, review_location_breadcrumbs, review_location_rate, location_lat, location_lng, review_id, review_date, review_experience_date, review_rate, user_name, user_link, user_id, parent_url
Andrassy Avenue, 42, 154, Points of Interest & Landmarks & Historic Walking Areas & Points of Interest & Landmarks & Historic Walking Areas, Europe & Hungary & Central Hungary & Budapest & Things to Do in Budapest, 4.0, 47.50016, 19.05561, 488043895, 20170501, 20170201, 4.0, jpfSydney, /Profile/jpfSydney, d6625e3f551f3eb4ca9b6213ee0c61cd, /Attraction_Review-g274887-d280730-Reviews-Andrassy_Avenue-Budapest_Central_Hungary.html
Andrassy Avenue, 42, 154, Points of Interest & Landmarks & Historic Walking Areas & Points of Interest & Landmarks & Historic Walking Areas, Europe & Hungary & Central Hungary & Budapest & Things to Do in Budapest, 4.0, 47.50016, 19.05561, 487473973, 20170501, 20170301, 3.0, Everett S, /Profile/EverettS976, 58878425f220c46b285746d8031a69fe, /Attraction_Review-g274887-d280730-Reviews-Andrassy_Avenue-Budapest_Central_Hungary.html
Andrassy Avenue, 42, 154, Points of Interest & Landmarks & Historic Walking Areas & Points of Interest & Landmarks & Historic Walking Areas, Europe & Hungary & Central Hungary & Budapest & Things to Do in Budapest, 4.0, 47.50016, 19.05561, 487351950, 20170501, 20170501, 3.0, Thauder, /Profile/Thauder, 411faf2944793f1865e62934ecb78892, /Attraction_Review-g274887-d280730-Reviews-Andrassy_Avenue-Budapest_Central_Hungary.html
Andrassy Avenue, 42, 154, Points of Interest & Landmarks & Historic Walking Areas & Points of Interest & Landmarks & Historic Walking Areas, Europe & Hungary & Central Hungary & Budapest & Things to Do in Budapest, 4.0, 47.50016, 19.05561, 486735990, 20170501, 20161201, 4.0, Fellowtraveller00, /Profile/Fellowtraveller00, c6782bc96d56161d9d8d1851508a63c9, /Attraction_Review-g274887-d280730-Reviews-Andrassy_Avenue-Budapest_Central_Hungary.html
Andrassy Avenue, 42, 154, Points of Interest & Landmarks & Historic Walking Areas & Points of Interest & Landmarks & Historic Walking Areas, Europe & Hungary & Central Hungary & Budapest & Things to Do in Budapest, 4.0, 47.50016, 19.05561, 486706238, 20170501, 20170501, 3.0, John D, /Profile/OstarJohn1, dd6a1ec31b4fb0e63bd08881ae35e7ea, /Attraction_Review-g274887-d280730-Reviews-Andrassy_Avenue-Budapest_Central_Hungary.html
