review_location_name, review_current_page, review_last_page, review_location_type, review_location_breadcrumbs, review_location_rate, location_lat, location_lng, review_id, review_date, review_experience_date, review_rate, user_name, user_link, user_id, parent_url
Skizo Wine House, 2, 1, Wineries & Vineyards & Wineries & Vineyards, Europe & Hungary & Central Transdanubia & Veszprem County & Badacsonytordemic & Things to Do in Badacsonytordemic, 5.0, 46.811188, 17.473398, 352354555, 20160301, 20150801, 5.0, Ramek6, /Profile/Ramek6, 5918556f5bd64fe3ae99b3cbdac466f3, /Attraction_Review-g6899481-d9846305-Reviews-Skizo_Wine_House-Badacsonytordemic_Veszprem_County_Central_Transdanubia.html
Skizo Wine House, 2, 1, Wineries & Vineyards & Wineries & Vineyards, Europe & Hungary & Central Transdanubia & Veszprem County & Badacsonytordemic & Things to Do in Badacsonytordemic, 5.0, 46.811188, 17.473398, 346785132, 20160201, 20160201, 5.0, EViktoriaSz, /Profile/EViktoriaSz, a0120e2e92c9fd530cf5e870bccb9b65, /Attraction_Review-g6899481-d9846305-Reviews-Skizo_Wine_House-Badacsonytordemic_Veszprem_County_Central_Transdanubia.html
Skizo Wine House, 2, 1, Wineries & Vineyards & Wineries & Vineyards, Europe & Hungary & Central Transdanubia & Veszprem County & Badacsonytordemic & Things to Do in Badacsonytordemic, 5.0, 46.811188, 17.473398, 346216949, 20160201, 20160201, 5.0, Diana G, /Profile/DianaG600, a4cd05ac5319a2f6dabd48421f23822d, /Attraction_Review-g6899481-d9846305-Reviews-Skizo_Wine_House-Badacsonytordemic_Veszprem_County_Central_Transdanubia.html
Skizo Wine House, 2, 1, Wineries & Vineyards & Wineries & Vineyards, Europe & Hungary & Central Transdanubia & Veszprem County & Badacsonytordemic & Things to Do in Badacsonytordemic, 5.0, 46.811188, 17.473398, 346215503, 20160201, 20160201, 5.0, BogiDufek, /Profile/BogiDufek, 236ddf8e41d61effe47b75518755a8e4, /Attraction_Review-g6899481-d9846305-Reviews-Skizo_Wine_House-Badacsonytordemic_Veszprem_County_Central_Transdanubia.html
Skizo Wine House, 2, 1, Wineries & Vineyards & Wineries & Vineyards, Europe & Hungary & Central Transdanubia & Veszprem County & Badacsonytordemic & Things to Do in Badacsonytordemic, 5.0, 46.811188, 17.473398, 302636439, 20150801, 20150801, 5.0, Marton S, /Profile/560martons, 3b1a42a84fd5665b98fe1ca2adcf2aee, /Attraction_Review-g6899481-d9846305-Reviews-Skizo_Wine_House-Badacsonytordemic_Veszprem_County_Central_Transdanubia.html
