review_location_name, review_current_page, review_last_page, review_location_type, review_location_breadcrumbs, review_location_rate, location_lat, location_lng, review_id, review_date, review_experience_date, review_rate, user_name, user_link, user_id, parent_url
Danube River, 136, 1573, Bodies of Water & Bodies of Water, Europe & Hungary & Central Hungary & Budapest & Things to Do in Budapest, 4.5, 47.502583, 19.04263, 677673015, 20190501, 20190501, 4.0, jane_beach, /Profile/jane_beach, 1f37c3dfe4c4b3433e5527ef2bd4cf87, /Attraction_Review-g274887-d298971-Reviews-Danube_River-Budapest_Central_Hungary.html
Danube River, 136, 1573, Bodies of Water & Bodies of Water, Europe & Hungary & Central Hungary & Budapest & Things to Do in Budapest, 4.5, 47.502583, 19.04263, 677649452, 20190501, 20190501, 5.0, nickyw61, /Profile/nickyw61, eda369eb08f6829f9b6d52f25ef8db25, /Attraction_Review-g274887-d298971-Reviews-Danube_River-Budapest_Central_Hungary.html
Danube River, 136, 1573, Bodies of Water & Bodies of Water, Europe & Hungary & Central Hungary & Budapest & Things to Do in Budapest, 4.5, 47.502583, 19.04263, 677594095, 20190501, 20190501, 5.0, STEVENSNY, /Profile/STEVENSNY, 8b5756b0df8670c38fc4d6e80541fc8d, /Attraction_Review-g274887-d298971-Reviews-Danube_River-Budapest_Central_Hungary.html
Danube River, 136, 1573, Bodies of Water & Bodies of Water, Europe & Hungary & Central Hungary & Budapest & Things to Do in Budapest, 4.5, 47.502583, 19.04263, 677468838, 20190501, 20190501, 5.0, Gary N, /Profile/wxman2014, 8d944b45e37c9c2fbfbb97de2be08ab0, /Attraction_Review-g274887-d298971-Reviews-Danube_River-Budapest_Central_Hungary.html
Danube River, 136, 1573, Bodies of Water & Bodies of Water, Europe & Hungary & Central Hungary & Budapest & Things to Do in Budapest, 4.5, 47.502583, 19.04263, 677452976, 20190501, 20190501, 5.0, Angela W, /Profile/angelaw78, 49fbb8faca6047dc9eae2cd558ade52c, /Attraction_Review-g274887-d298971-Reviews-Danube_River-Budapest_Central_Hungary.html
