review_location_name, review_current_page, review_last_page, review_location_type, review_location_breadcrumbs, review_location_rate, location_lat, location_lng, review_id, review_date, review_experience_date, review_rate, user_name, user_link, user_id, parent_url
Great / Central Synagogue (Nagy Zsinagoga), 247, 609, Historic Sites & Architectural Buildings & Sacred & Religious Sites & Historic Sites & Architectural Buildings & Sacred & Religious Sites, Europe & Hungary & Central Hungary & Budapest & Things to Do in Budapest, 4.0, 47.495827, 19.060555, 473684609, 20170401, 20170301, 2.0, LindaMurcia, /Profile/LindaMurcia, 65eba08ab690d66cc14c1a767d5b6dca, /Attraction_Review-g274887-d276815-Reviews-Great_Central_Synagogue_Nagy_Zsinagoga-Budapest_Central_Hungary.html
Great / Central Synagogue (Nagy Zsinagoga), 247, 609, Historic Sites & Architectural Buildings & Sacred & Religious Sites & Historic Sites & Architectural Buildings & Sacred & Religious Sites, Europe & Hungary & Central Hungary & Budapest & Things to Do in Budapest, 4.0, 47.495827, 19.060555, 473151577, 20170401, 20170401, 4.0, cyriellecd, /Profile/cyriellecd, e395a2dada80452987056ebde1413998, /Attraction_Review-g274887-d276815-Reviews-Great_Central_Synagogue_Nagy_Zsinagoga-Budapest_Central_Hungary.html
Great / Central Synagogue (Nagy Zsinagoga), 247, 609, Historic Sites & Architectural Buildings & Sacred & Religious Sites & Historic Sites & Architectural Buildings & Sacred & Religious Sites, Europe & Hungary & Central Hungary & Budapest & Things to Do in Budapest, 4.0, 47.495827, 19.060555, 473092997, 20170401, 20170401, 4.0, Sharon B, /Profile/sharonzhengb, e7f102f7e5146eccd061e2dc1efd46df, /Attraction_Review-g274887-d276815-Reviews-Great_Central_Synagogue_Nagy_Zsinagoga-Budapest_Central_Hungary.html
Great / Central Synagogue (Nagy Zsinagoga), 247, 609, Historic Sites & Architectural Buildings & Sacred & Religious Sites & Historic Sites & Architectural Buildings & Sacred & Religious Sites, Europe & Hungary & Central Hungary & Budapest & Things to Do in Budapest, 4.0, 47.495827, 19.060555, 472956163, 20170401, 20170301, 5.0, Aleksandar, /Profile/a1eksandar, 5a9fbede69527a338a1e714c8e667640, /Attraction_Review-g274887-d276815-Reviews-Great_Central_Synagogue_Nagy_Zsinagoga-Budapest_Central_Hungary.html
Great / Central Synagogue (Nagy Zsinagoga), 247, 609, Historic Sites & Architectural Buildings & Sacred & Religious Sites & Historic Sites & Architectural Buildings & Sacred & Religious Sites, Europe & Hungary & Central Hungary & Budapest & Things to Do in Budapest, 4.0, 47.495827, 19.060555, 472777723, 20170401, 20170301, 4.0, WillieMacfan, /Profile/WillieMacfan, 19e1cae03b4a7248ec9d4dd13a97708e, /Attraction_Review-g274887-d276815-Reviews-Great_Central_Synagogue_Nagy_Zsinagoga-Budapest_Central_Hungary.html
