review_location_name, review_current_page, review_last_page, review_location_type, review_location_breadcrumbs, review_location_rate, location_lat, location_lng, review_id, review_date, review_experience_date, review_rate, user_name, user_link, user_id, parent_url
Andrassy Avenue, 17, 154, Points of Interest & Landmarks & Historic Walking Areas & Points of Interest & Landmarks & Historic Walking Areas, Europe & Hungary & Central Hungary & Budapest & Things to Do in Budapest, 4.0, 47.50016, 19.05561, 564208823, 20180301, 20180201, 4.0, tripadviceshare, /Profile/tripadviceshare, ae751bf6a0bd50cc7a840ec9d52f2403, /Attraction_Review-g274887-d280730-Reviews-Andrassy_Avenue-Budapest_Central_Hungary.html
Andrassy Avenue, 17, 154, Points of Interest & Landmarks & Historic Walking Areas & Points of Interest & Landmarks & Historic Walking Areas, Europe & Hungary & Central Hungary & Budapest & Things to Do in Budapest, 4.0, 47.50016, 19.05561, 563219128, 20180201, 20180201, 4.0, Dymps66, /Profile/Dymps66, 3409e06457cc70df4e010b1d1344fb8c, /Attraction_Review-g274887-d280730-Reviews-Andrassy_Avenue-Budapest_Central_Hungary.html
Andrassy Avenue, 17, 154, Points of Interest & Landmarks & Historic Walking Areas & Points of Interest & Landmarks & Historic Walking Areas, Europe & Hungary & Central Hungary & Budapest & Things to Do in Budapest, 4.0, 47.50016, 19.05561, 562374588, 20180201, 20180201, 4.0, Roland D, /Profile/rolandd682, 2f0ba321b09fcbfcf05b4f4c860a1784, /Attraction_Review-g274887-d280730-Reviews-Andrassy_Avenue-Budapest_Central_Hungary.html
Andrassy Avenue, 17, 154, Points of Interest & Landmarks & Historic Walking Areas & Points of Interest & Landmarks & Historic Walking Areas, Europe & Hungary & Central Hungary & Budapest & Things to Do in Budapest, 4.0, 47.50016, 19.05561, 562216999, 20180201, 20170701, 4.0, Michael B, /Profile/Hanger24, e6d72cdf302637533c0d798838c40a6d, /Attraction_Review-g274887-d280730-Reviews-Andrassy_Avenue-Budapest_Central_Hungary.html
Andrassy Avenue, 17, 154, Points of Interest & Landmarks & Historic Walking Areas & Points of Interest & Landmarks & Historic Walking Areas, Europe & Hungary & Central Hungary & Budapest & Things to Do in Budapest, 4.0, 47.50016, 19.05561, 561030365, 20180201, 20180201, 4.0, Mattia, /Profile/MattR476, d104e3f05a6f2f0aae7c26ea3211d3a9, /Attraction_Review-g274887-d280730-Reviews-Andrassy_Avenue-Budapest_Central_Hungary.html
