review_location_name, review_current_page, review_last_page, review_location_type, review_location_breadcrumbs, review_location_rate, location_lat, location_lng, review_id, review_date, review_experience_date, review_rate, user_name, user_link, user_id, parent_url
Müpa Budapest, 23, 34, Theaters & Theaters, Europe & Hungary & Central Hungary & Budapest & Things to Do in Budapest, 4.5, 47.46991, 19.071566, 198084493, 20140301, 20140301, 5.0, Gabriella W, /Profile/GabriellaW_12, 82ea17d12f96e688118357298a68a7a5, /Attraction_Review-g274887-d2104659-Reviews-Mupa_Budapest-Budapest_Central_Hungary.html
Müpa Budapest, 23, 34, Theaters & Theaters, Europe & Hungary & Central Hungary & Budapest & Things to Do in Budapest, 4.5, 47.46991, 19.071566, 195002537, 20140201, 20140201, 5.0, MrsShetland, /Profile/MrsShetland, 1c2dc7f6e25cb76100c8eb4f5e909174, /Attraction_Review-g274887-d2104659-Reviews-Mupa_Budapest-Budapest_Central_Hungary.html
Müpa Budapest, 23, 34, Theaters & Theaters, Europe & Hungary & Central Hungary & Budapest & Things to Do in Budapest, 4.5, 47.46991, 19.071566, 194382848, 20140201, 20140201, 4.0, LadyMac49, /Profile/LadyMac49, c0a5f8bda165574f96d37aa1dde1f5c2, /Attraction_Review-g274887-d2104659-Reviews-Mupa_Budapest-Budapest_Central_Hungary.html
Müpa Budapest, 23, 34, Theaters & Theaters, Europe & Hungary & Central Hungary & Budapest & Things to Do in Budapest, 4.5, 47.46991, 19.071566, 194296717, 20140201, 20140201, 5.0, T K, /Profile/tomkellerhun, 98aa9c20e0e7e258ab0ae3bf76fc331d, /Attraction_Review-g274887-d2104659-Reviews-Mupa_Budapest-Budapest_Central_Hungary.html
Müpa Budapest, 23, 34, Theaters & Theaters, Europe & Hungary & Central Hungary & Budapest & Things to Do in Budapest, 4.5, 47.46991, 19.071566, 193853493, 20140201, 20140201, 4.0, funkyflo, /Profile/funkyflo, 484d755ab03434bb1a362ca749a6385a, /Attraction_Review-g274887-d2104659-Reviews-Mupa_Budapest-Budapest_Central_Hungary.html
