review_location_name, review_current_page, review_last_page, review_location_type, review_location_breadcrumbs, review_location_rate, location_lat, location_lng, review_id, review_date, review_experience_date, review_rate, user_name, user_link, user_id, parent_url
Petofi Literary Museum (Petofi Irodalmi Muzeum), 1, 2, History Museums & History Museums, Europe & Hungary & Central Hungary & Budapest & Things to Do in Budapest, 4.5, 47.49143, 19.05817, 656859159, 20190301, 20181201, 5.0, Srinidhii Ganeish Mallyaa, /Profile/srinidhiiganeish, 35178e58695fdbc3ac84b30833df946e, /Attraction_Review-g274887-d279027-Reviews-Petofi_Literary_Museum_Petofi_Irodalmi_Muzeum-Budapest_Central_Hungary.html
Petofi Literary Museum (Petofi Irodalmi Muzeum), 1, 2, History Museums & History Museums, Europe & Hungary & Central Hungary & Budapest & Things to Do in Budapest, 4.5, 47.49143, 19.05817, 551994119, 20180101, 20180101, 5.0, Enikő MW, /Profile/emwpoppea, 841d685ea122cf736f9c6eca6e2576f7, /Attraction_Review-g274887-d279027-Reviews-Petofi_Literary_Museum_Petofi_Irodalmi_Muzeum-Budapest_Central_Hungary.html
Petofi Literary Museum (Petofi Irodalmi Muzeum), 1, 2, History Museums & History Museums, Europe & Hungary & Central Hungary & Budapest & Things to Do in Budapest, 4.5, 47.49143, 19.05817, 374926471, 20160501, 20160401, 4.0, Gabriel H, /Profile/840gabrielh, f3fff18ad82d75250e688c19a7a782b5, /Attraction_Review-g274887-d279027-Reviews-Petofi_Literary_Museum_Petofi_Irodalmi_Muzeum-Budapest_Central_Hungary.html
Petofi Literary Museum (Petofi Irodalmi Muzeum), 1, 2, History Museums & History Museums, Europe & Hungary & Central Hungary & Budapest & Things to Do in Budapest, 4.5, 47.49143, 19.05817, 367468452, 20160401, 20160401, 5.0, Carolina P, /Profile/C7234NRcarolinap, 379d075a779745c62f11d74c1e7eb80c, /Attraction_Review-g274887-d279027-Reviews-Petofi_Literary_Museum_Petofi_Irodalmi_Muzeum-Budapest_Central_Hungary.html
Petofi Literary Museum (Petofi Irodalmi Muzeum), 1, 2, History Museums & History Museums, Europe & Hungary & Central Hungary & Budapest & Things to Do in Budapest, 4.5, 47.49143, 19.05817, 338294069, 20160101, 20151201, 3.0, wlamb123, /Profile/wlamb123, 8e284606520af83ffa0fc72cd6ce0901, /Attraction_Review-g274887-d279027-Reviews-Petofi_Literary_Museum_Petofi_Irodalmi_Muzeum-Budapest_Central_Hungary.html
