review_location_name, review_current_page, review_last_page, review_location_type, review_location_breadcrumbs, review_location_rate, location_lat, location_lng, review_id, review_date, review_experience_date, review_rate, user_name, user_link, user_id, parent_url
Lehel Market Hall, 7, 14, Flea & Street Markets & Flea & Street Markets, Europe & Hungary & Central Hungary & Budapest & Things to Do in Budapest, 4.0, 47.518547, 19.061346, 451952633, 20170101, 20170101, 5.0, sharon A, /Profile/808sharona, 7086e249a7f05cf7bd0e599ceeb570e8, /Attraction_Review-g274887-d3750886-Reviews-Lehel_Market_Hall-Budapest_Central_Hungary.html
Lehel Market Hall, 7, 14, Flea & Street Markets & Flea & Street Markets, Europe & Hungary & Central Hungary & Budapest & Things to Do in Budapest, 4.0, 47.518547, 19.061346, 451359648, 20170101, 20161201, 5.0, laura_runs262, /Profile/laura_runs262, dc607ba9f7755f1d8346c6042d23110d, /Attraction_Review-g274887-d3750886-Reviews-Lehel_Market_Hall-Budapest_Central_Hungary.html
Lehel Market Hall, 7, 14, Flea & Street Markets & Flea & Street Markets, Europe & Hungary & Central Hungary & Budapest & Things to Do in Budapest, 4.0, 47.518547, 19.061346, 438022335, 20161101, 20161101, 5.0, Ash, /Profile/AshinBP, 52d21baf72e646c32d9377e6b7f2e373, /Attraction_Review-g274887-d3750886-Reviews-Lehel_Market_Hall-Budapest_Central_Hungary.html
Lehel Market Hall, 7, 14, Flea & Street Markets & Flea & Street Markets, Europe & Hungary & Central Hungary & Budapest & Things to Do in Budapest, 4.0, 47.518547, 19.061346, 413241039, 20160801, 20160801, 4.0, Oinkers, /Profile/Oinkers, 9f4c5d4c18bdbfef3e573f39f2d29ee2, /Attraction_Review-g274887-d3750886-Reviews-Lehel_Market_Hall-Budapest_Central_Hungary.html
Lehel Market Hall, 7, 14, Flea & Street Markets & Flea & Street Markets, Europe & Hungary & Central Hungary & Budapest & Things to Do in Budapest, 4.0, 47.518547, 19.061346, 395976961, 20160701, 20160601, 5.0, Vance L, /Profile/444vancel, 9d439ab00bb14c49237f4ceb266ca7fc, /Attraction_Review-g274887-d3750886-Reviews-Lehel_Market_Hall-Budapest_Central_Hungary.html
