review_location_name, review_current_page, review_last_page, review_location_type, review_location_breadcrumbs, review_location_rate, location_lat, location_lng, review_id, review_date, review_experience_date, review_rate, user_name, user_link, user_id, parent_url
Budapest Zoo & Botanical Garden, 225, 388, Zoos & Zoos, Europe & Hungary & Central Hungary & Budapest & Things to Do in Budapest, 4.0, 47.51802, 19.077665, 327909640, 20151101, 20151101, 5.0, kateshereyay, /Profile/kateshereyay, d13e91ab0a3f9c3275c0e23f671cc7bd, /Attraction_Review-g274887-d276871-Reviews-Budapest_Zoo_Botanical_Garden-Budapest_Central_Hungary.html
Budapest Zoo & Botanical Garden, 225, 388, Zoos & Zoos, Europe & Hungary & Central Hungary & Budapest & Things to Do in Budapest, 4.0, 47.51802, 19.077665, 327538185, 20151101, 20151101, 4.0, Keith G, /Profile/776keithg, 9cb07aff9cfbbaa6840bc87704a9e0d6, /Attraction_Review-g274887-d276871-Reviews-Budapest_Zoo_Botanical_Garden-Budapest_Central_Hungary.html
Budapest Zoo & Botanical Garden, 225, 388, Zoos & Zoos, Europe & Hungary & Central Hungary & Budapest & Things to Do in Budapest, 4.0, 47.51802, 19.077665, 327259930, 20151101, 20150801, 5.0, AmandaWooods, /Profile/AmandaWooods, 76cf4eb0bb96e32f501c3653ece97c12, /Attraction_Review-g274887-d276871-Reviews-Budapest_Zoo_Botanical_Garden-Budapest_Central_Hungary.html
Budapest Zoo & Botanical Garden, 225, 388, Zoos & Zoos, Europe & Hungary & Central Hungary & Budapest & Things to Do in Budapest, 4.0, 47.51802, 19.077665, 326577377, 20151101, 20151001, 4.0, Keith L, /Profile/keithl673, 7f2c1e7fc13ac39bdfa137bf87f6aad7, /Attraction_Review-g274887-d276871-Reviews-Budapest_Zoo_Botanical_Garden-Budapest_Central_Hungary.html
Budapest Zoo & Botanical Garden, 225, 388, Zoos & Zoos, Europe & Hungary & Central Hungary & Budapest & Things to Do in Budapest, 4.0, 47.51802, 19.077665, 326492705, 20151101, 20150601, 5.0, badbadbad666, /Profile/badbadbad666, 91fc42005b70f45ca19bb5fc56425b50, /Attraction_Review-g274887-d276871-Reviews-Budapest_Zoo_Botanical_Garden-Budapest_Central_Hungary.html
