review_location_name, review_current_page, review_last_page, review_location_type, review_location_breadcrumbs, review_location_rate, location_lat, location_lng, review_id, review_date, review_experience_date, review_rate, user_name, user_link, user_id, parent_url
Vaci Street, 21, 184, Points of Interest & Landmarks & Points of Interest & Landmarks, Europe & Hungary & Central Hungary & Budapest & Things to Do in Budapest, 4.0, 47.4906, 19.05477, 614993037, 20180901, 20180701, 2.0, DontEvenAsk, /Profile/noneatthemomentdont, 33ea922ef4fae7b9234e948de448fbb5, /Attraction_Review-g274887-d276823-Reviews-Vaci_Street-Budapest_Central_Hungary.html
Vaci Street, 21, 184, Points of Interest & Landmarks & Points of Interest & Landmarks, Europe & Hungary & Central Hungary & Budapest & Things to Do in Budapest, 4.0, 47.4906, 19.05477, 613438172, 20180901, 20180901, 3.0, ollysd, /Profile/ollysd, ab96ed5ab8dfbc66a49bd817afb211cb, /Attraction_Review-g274887-d276823-Reviews-Vaci_Street-Budapest_Central_Hungary.html
Vaci Street, 21, 184, Points of Interest & Landmarks & Points of Interest & Landmarks, Europe & Hungary & Central Hungary & Budapest & Things to Do in Budapest, 4.0, 47.4906, 19.05477, 611591610, 20180801, 20180701, 3.0, Don L, /Profile/donl355, 6a81b255d57cf4fcc9fb52711074498c, /Attraction_Review-g274887-d276823-Reviews-Vaci_Street-Budapest_Central_Hungary.html
Vaci Street, 21, 184, Points of Interest & Landmarks & Points of Interest & Landmarks, Europe & Hungary & Central Hungary & Budapest & Things to Do in Budapest, 4.0, 47.4906, 19.05477, 610282567, 20180801, 20180801, 5.0, Brenton K, /Profile/594brentonk, 2cdbf22c83a854b90e2d458c3b1ab8e0, /Attraction_Review-g274887-d276823-Reviews-Vaci_Street-Budapest_Central_Hungary.html
Vaci Street, 21, 184, Points of Interest & Landmarks & Points of Interest & Landmarks, Europe & Hungary & Central Hungary & Budapest & Things to Do in Budapest, 4.0, 47.4906, 19.05477, 608088005, 20180801, 20180801, 5.0, Durhampuma, /Profile/Durhampuma, aead26a0d8aaa639e2cee835b9539276, /Attraction_Review-g274887-d276823-Reviews-Vaci_Street-Budapest_Central_Hungary.html
