review_location_name, review_current_page, review_last_page, review_location_type, review_location_breadcrumbs, review_location_rate, location_lat, location_lng, review_id, review_date, review_experience_date, review_rate, user_name, user_link, user_id, parent_url
Liberty Bridge (Szabadsag hid), 90, 249, Bridges & Bridges, Europe & Hungary & Central Hungary & Budapest & Things to Do in Budapest, 4.5, 47.48763, 19.0587, 539454227, 20171101, 20170901, 4.0, John L, /Profile/kiwibuddy1, 0f542372a6e0b57ec219140084b670bb, /Attraction_Review-g274887-d3228385-Reviews-Liberty_Bridge_Szabadsag_hid-Budapest_Central_Hungary.html
Liberty Bridge (Szabadsag hid), 90, 249, Bridges & Bridges, Europe & Hungary & Central Hungary & Budapest & Things to Do in Budapest, 4.5, 47.48763, 19.0587, 539335952, 20171101, 20171101, 4.0, KAZBO58, /Profile/KAZBO58, 0c965f90169f038c9a1955db31dffd57, /Attraction_Review-g274887-d3228385-Reviews-Liberty_Bridge_Szabadsag_hid-Budapest_Central_Hungary.html
Liberty Bridge (Szabadsag hid), 90, 249, Bridges & Bridges, Europe & Hungary & Central Hungary & Budapest & Things to Do in Budapest, 4.5, 47.48763, 19.0587, 538847159, 20171101, 20170901, 5.0, Swedenvacationers, /Profile/Swedenvacationers, 012b80569e10aeb9d54ada96c514df4e, /Attraction_Review-g274887-d3228385-Reviews-Liberty_Bridge_Szabadsag_hid-Budapest_Central_Hungary.html
Liberty Bridge (Szabadsag hid), 90, 249, Bridges & Bridges, Europe & Hungary & Central Hungary & Budapest & Things to Do in Budapest, 4.5, 47.48763, 19.0587, 538621365, 20171101, 20171001, 3.0, KatielouAustralia, /Profile/KatielouAustralia, fe0a149e386aaaeca208a805851678e1, /Attraction_Review-g274887-d3228385-Reviews-Liberty_Bridge_Szabadsag_hid-Budapest_Central_Hungary.html
Liberty Bridge (Szabadsag hid), 90, 249, Bridges & Bridges, Europe & Hungary & Central Hungary & Budapest & Things to Do in Budapest, 4.5, 47.48763, 19.0587, 538304974, 20171101, 20171001, 5.0, bobblehead35, /Profile/bobblehead35, 552255fc0af6b93ad09426b145702077, /Attraction_Review-g274887-d3228385-Reviews-Liberty_Bridge_Szabadsag_hid-Budapest_Central_Hungary.html
