review_location_name, review_current_page, review_last_page, review_location_type, review_location_breadcrumbs, review_location_rate, location_lat, location_lng, review_id, review_date, review_experience_date, review_rate, user_name, user_link, user_id, parent_url
Danube River, 116, 1573, Bodies of Water & Bodies of Water, Europe & Hungary & Central Hungary & Budapest & Things to Do in Budapest, 4.5, 0, 0, 685600297, 20190601, 20190601, 4.0, MaggieMay62, /Profile/MaggieMay62, ec103b0df3f0d5510ccd2c29037101db, /Attraction_Review-g274887-d298971-Reviews-Danube_River-Budapest_Central_Hungary.html
Danube River, 116, 1573, Bodies of Water & Bodies of Water, Europe & Hungary & Central Hungary & Budapest & Things to Do in Budapest, 4.5, 0, 0, 685466553, 20190601, 20180701, 5.0, TravelingWays, /Profile/TravelingWays2000, 0a38885557634429faabb7271c1b8aad, /Attraction_Review-g274887-d298971-Reviews-Danube_River-Budapest_Central_Hungary.html
Danube River, 116, 1573, Bodies of Water & Bodies of Water, Europe & Hungary & Central Hungary & Budapest & Things to Do in Budapest, 4.5, 0, 0, 685369352, 20190601, 20190501, 5.0, Dana_Happy2010, /Profile/Dana_Happy2010, 82857e0275ceaace7dc56396411139bf, /Attraction_Review-g274887-d298971-Reviews-Danube_River-Budapest_Central_Hungary.html
Danube River, 116, 1573, Bodies of Water & Bodies of Water, Europe & Hungary & Central Hungary & Budapest & Things to Do in Budapest, 4.5, 0, 0, 685214781, 20190601, 20190601, 4.0, keith r w, /Profile/keithrw_13, f2a365ad03ea245aa6b246828a96e4c1, /Attraction_Review-g274887-d298971-Reviews-Danube_River-Budapest_Central_Hungary.html
Danube River, 116, 1573, Bodies of Water & Bodies of Water, Europe & Hungary & Central Hungary & Budapest & Things to Do in Budapest, 4.5, 0, 0, 685146619, 20190601, 20190601, 5.0, Jack, /Profile/912jack, ed184288be540880f193cd9a224b2459, /Attraction_Review-g274887-d298971-Reviews-Danube_River-Budapest_Central_Hungary.html
