review_location_name, review_current_page, review_last_page, review_location_type, review_location_breadcrumbs, review_location_rate, location_lat, location_lng, review_id, review_date, review_experience_date, review_rate, user_name, user_link, user_id, parent_url
New York Palace, 7, 222, Points of Interest & Landmarks & Points of Interest & Landmarks, Europe & Hungary & Central Hungary & Budapest & Things to Do in Budapest, 4.5, 47.498676, 19.070486, 688589591, 20190701, 20190701, 2.0, T_traveller, /Profile/t_viajante, b5596e8d09e23a7a576b0be800835754, /Attraction_Review-g274887-d6940639-Reviews-New_York_Palace-Budapest_Central_Hungary.html
New York Palace, 7, 222, Points of Interest & Landmarks & Points of Interest & Landmarks, Europe & Hungary & Central Hungary & Budapest & Things to Do in Budapest, 4.5, 47.498676, 19.070486, 685653183, 20190701, 20190601, 5.0, Callum, /Profile/CMontz, f53681de19ece62dd731f331111eb71f, /Attraction_Review-g274887-d6940639-Reviews-New_York_Palace-Budapest_Central_Hungary.html
New York Palace, 7, 222, Points of Interest & Landmarks & Points of Interest & Landmarks, Europe & Hungary & Central Hungary & Budapest & Things to Do in Budapest, 4.5, 47.498676, 19.070486, 685147164, 20190601, 20190601, 5.0, Binny67, /Profile/Binny67, 0ff575e3b4e45817269e1a0131eb1919, /Attraction_Review-g274887-d6940639-Reviews-New_York_Palace-Budapest_Central_Hungary.html
New York Palace, 7, 222, Points of Interest & Landmarks & Points of Interest & Landmarks, Europe & Hungary & Central Hungary & Budapest & Things to Do in Budapest, 4.5, 47.498676, 19.070486, 684126056, 20190601, 20190601, 4.0, JimFraserVancouver, /Profile/JimFraserVancouver, 19871e0ccedbc7fe920266bfd3ab0ee5, /Attraction_Review-g274887-d6940639-Reviews-New_York_Palace-Budapest_Central_Hungary.html
New York Palace, 7, 222, Points of Interest & Landmarks & Points of Interest & Landmarks, Europe & Hungary & Central Hungary & Budapest & Things to Do in Budapest, 4.5, 47.498676, 19.070486, 679518333, 20190601, 20190601, 2.0, FSK-2, /Profile/FSK-2, 54efde956f10187f91815d570d4b8dea, /Attraction_Review-g274887-d6940639-Reviews-New_York_Palace-Budapest_Central_Hungary.html
