review_location_name, review_current_page, review_last_page, review_location_type, review_location_breadcrumbs, review_location_rate, location_lat, location_lng, review_id, review_date, review_experience_date, review_rate, user_name, user_link, user_id, parent_url
Heroes' Square, 466, 1253, Historic Sites & Points of Interest & Landmarks & Monuments & Statues & Historic Sites & Points of Interest & Landmarks & Monuments & Statues, Europe & Hungary & Central Hungary & Budapest & Things to Do in Budapest, 4.5, 47.51514, 19.07814, 501192949, 20170701, 20160801, 4.0, ashley t, /Profile/240ashleyt, a200dc0f94d016b8081866370d44b473, /Attraction_Review-g274887-d276827-Reviews-Heroes_Square-Budapest_Central_Hungary.html
Heroes' Square, 466, 1253, Historic Sites & Points of Interest & Landmarks & Monuments & Statues & Historic Sites & Points of Interest & Landmarks & Monuments & Statues, Europe & Hungary & Central Hungary & Budapest & Things to Do in Budapest, 4.5, 47.51514, 19.07814, 501124048, 20170701, 20170701, 4.0, Sapir T, /Profile/321sapirt, 9a8d629964273078540b73be77b174de, /Attraction_Review-g274887-d276827-Reviews-Heroes_Square-Budapest_Central_Hungary.html
Heroes' Square, 466, 1253, Historic Sites & Points of Interest & Landmarks & Monuments & Statues & Historic Sites & Points of Interest & Landmarks & Monuments & Statues, Europe & Hungary & Central Hungary & Budapest & Things to Do in Budapest, 4.5, 47.51514, 19.07814, 500965062, 20170701, 20170701, 5.0, Dicky R, /Profile/783dickyr, 4afc666018a8662fb5d51fa3a94d2672, /Attraction_Review-g274887-d276827-Reviews-Heroes_Square-Budapest_Central_Hungary.html
Heroes' Square, 466, 1253, Historic Sites & Points of Interest & Landmarks & Monuments & Statues & Historic Sites & Points of Interest & Landmarks & Monuments & Statues, Europe & Hungary & Central Hungary & Budapest & Things to Do in Budapest, 4.5, 47.51514, 19.07814, 500895525, 20170701, 20170701, 5.0, brutus34p, /Profile/brutus34p, b86c9746f15a4108a37aadb62bd93591, /Attraction_Review-g274887-d276827-Reviews-Heroes_Square-Budapest_Central_Hungary.html
Heroes' Square, 466, 1253, Historic Sites & Points of Interest & Landmarks & Monuments & Statues & Historic Sites & Points of Interest & Landmarks & Monuments & Statues, Europe & Hungary & Central Hungary & Budapest & Things to Do in Budapest, 4.5, 47.51514, 19.07814, 500835168, 20170701, 20170601, 5.0, Tal M, /Profile/TalM189, a2b9ae52456fb380b99225e4f11b88ed, /Attraction_Review-g274887-d276827-Reviews-Heroes_Square-Budapest_Central_Hungary.html
