review_location_name, review_current_page, review_last_page, review_location_type, review_location_breadcrumbs, review_location_rate, location_lat, location_lng, review_id, review_date, review_experience_date, review_rate, user_name, user_link, user_id, parent_url
The House of Houdini, 44, 53, Specialty Museums & Specialty Museums, Europe & Hungary & Central Hungary & Budapest & Things to Do in Budapest, 4.0, 47.49952, 19.035158, 451641270, 20170101, 20170101, 5.0, annamel4, /Profile/annamel4, d2f356076065c76ff55ff293e3a64209, /Attraction_Review-g274887-d10475152-Reviews-The_House_of_Houdini-Budapest_Central_Hungary.html
The House of Houdini, 44, 53, Specialty Museums & Specialty Museums, Europe & Hungary & Central Hungary & Budapest & Things to Do in Budapest, 4.0, 47.49952, 19.035158, 449870844, 20170101, 20170101, 5.0, Oana Ș, /Profile/Escape408418, 5f749a4d8ee461124b37ae73b08ccf95, /Attraction_Review-g274887-d10475152-Reviews-The_House_of_Houdini-Budapest_Central_Hungary.html
The House of Houdini, 44, 53, Specialty Museums & Specialty Museums, Europe & Hungary & Central Hungary & Budapest & Things to Do in Budapest, 4.0, 47.49952, 19.035158, 449434406, 20170101, 20161201, 4.0, Jeffrey Ferrer, /Profile/54jalf, 2d589ee74d439d2103771d0e93568026, /Attraction_Review-g274887-d10475152-Reviews-The_House_of_Houdini-Budapest_Central_Hungary.html
The House of Houdini, 44, 53, Specialty Museums & Specialty Museums, Europe & Hungary & Central Hungary & Budapest & Things to Do in Budapest, 4.0, 47.49952, 19.035158, 449348337, 20170101, 20161201, 3.0, Jaynewoo, /Profile/Jaynewoo, c56b138d13706b89b5e58f9f2d9a5d83, /Attraction_Review-g274887-d10475152-Reviews-The_House_of_Houdini-Budapest_Central_Hungary.html
The House of Houdini, 44, 53, Specialty Museums & Specialty Museums, Europe & Hungary & Central Hungary & Budapest & Things to Do in Budapest, 4.0, 47.49952, 19.035158, 448443368, 20170101, 20170101, 5.0, Vida B, /Profile/470vidab, caa88308caf95823e57fdd735874c34f, /Attraction_Review-g274887-d10475152-Reviews-The_House_of_Houdini-Budapest_Central_Hungary.html
