review_location_name, review_current_page, review_last_page, review_location_type, review_location_breadcrumbs, review_location_rate, location_lat, location_lng, review_id, review_date, review_experience_date, review_rate, user_name, user_link, user_id, parent_url
Faust Wine Cellar, 50, 188, Wineries & Vineyards & Wineries & Vineyards, Europe & Hungary & Central Hungary & Budapest & Things to Do in Budapest, 5.0, 47.501984, 19.035057, 327410298, 20151101, 20151101, 5.0, mra500, /Profile/mra500, 666ed21bbc014f13af7f179803ad8d5c, /Attraction_Review-g274887-d1605002-Reviews-Faust_Wine_Cellar-Budapest_Central_Hungary.html
Faust Wine Cellar, 50, 188, Wineries & Vineyards & Wineries & Vineyards, Europe & Hungary & Central Hungary & Budapest & Things to Do in Budapest, 5.0, 47.501984, 19.035057, 326880008, 20151101, 20151101, 5.0, MEHB0111, /Profile/MEHB0111, 9942ae4c36ff1eb683d65a48aa73087d, /Attraction_Review-g274887-d1605002-Reviews-Faust_Wine_Cellar-Budapest_Central_Hungary.html
Faust Wine Cellar, 50, 188, Wineries & Vineyards & Wineries & Vineyards, Europe & Hungary & Central Hungary & Budapest & Things to Do in Budapest, 5.0, 47.501984, 19.035057, 326773139, 20151101, 20151101, 5.0, Adam B, /Profile/508adamb, 0c918a68cb6408ce4e2b0b09d07edab1, /Attraction_Review-g274887-d1605002-Reviews-Faust_Wine_Cellar-Budapest_Central_Hungary.html
Faust Wine Cellar, 50, 188, Wineries & Vineyards & Wineries & Vineyards, Europe & Hungary & Central Hungary & Budapest & Things to Do in Budapest, 5.0, 47.501984, 19.035057, 326627578, 20151101, 20151101, 5.0, Pkp122, /Profile/Pkp122, beaea8ee8db05a5c3878516dec8f7ec0, /Attraction_Review-g274887-d1605002-Reviews-Faust_Wine_Cellar-Budapest_Central_Hungary.html
Faust Wine Cellar, 50, 188, Wineries & Vineyards & Wineries & Vineyards, Europe & Hungary & Central Hungary & Budapest & Things to Do in Budapest, 5.0, 47.501984, 19.035057, 325763338, 20151101, 20151001, 5.0, RSP22, /Profile/RSP22, 3af27012f6349dd9e2768cddb1ed37f7, /Attraction_Review-g274887-d1605002-Reviews-Faust_Wine_Cellar-Budapest_Central_Hungary.html
