review_location_name, review_current_page, review_last_page, review_location_type, review_location_breadcrumbs, review_location_rate, location_lat, location_lng, review_id, review_date, review_experience_date, review_rate, user_name, user_link, user_id, parent_url
Halászbástya, 389, 2784, Historic Sites & Points of Interest & Landmarks & Historic Sites & Points of Interest & Landmarks, Europe & Hungary & Central Hungary & Budapest & Things to Do in Budapest, 4.5, 47.50218, 19.034777, 609136479, 20180801, 20180801, 4.0, Rpreda, /Profile/Rpreda, 60754a927cc27546748c06188b88e6bb, /Attraction_Review-g274887-d276803-Reviews-Halaszbastya-Budapest_Central_Hungary.html
Halászbástya, 389, 2784, Historic Sites & Points of Interest & Landmarks & Historic Sites & Points of Interest & Landmarks, Europe & Hungary & Central Hungary & Budapest & Things to Do in Budapest, 4.5, 47.50218, 19.034777, 609102274, 20180801, 20180801, 4.0, klaineknirps, /Profile/klaineknirps, 22cde3913d57582345333f88a06c87a2, /Attraction_Review-g274887-d276803-Reviews-Halaszbastya-Budapest_Central_Hungary.html
Halászbástya, 389, 2784, Historic Sites & Points of Interest & Landmarks & Historic Sites & Points of Interest & Landmarks, Europe & Hungary & Central Hungary & Budapest & Things to Do in Budapest, 4.5, 47.50218, 19.034777, 609082784, 20180801, 20180801, 4.0, Bartkila, /Profile/Bartkila, 5fd8b283c29ca5fbcb913d67deaa602d, /Attraction_Review-g274887-d276803-Reviews-Halaszbastya-Budapest_Central_Hungary.html
Halászbástya, 389, 2784, Historic Sites & Points of Interest & Landmarks & Historic Sites & Points of Interest & Landmarks, Europe & Hungary & Central Hungary & Budapest & Things to Do in Budapest, 4.5, 47.50218, 19.034777, 609072593, 20180801, 20180801, 4.0, ebakes00, /Profile/ebakes00, 2a7adc096d5e87d94f4e02191b054bb2, /Attraction_Review-g274887-d276803-Reviews-Halaszbastya-Budapest_Central_Hungary.html
Halászbástya, 389, 2784, Historic Sites & Points of Interest & Landmarks & Historic Sites & Points of Interest & Landmarks, Europe & Hungary & Central Hungary & Budapest & Things to Do in Budapest, 4.5, 47.50218, 19.034777, 608997207, 20180801, 20180801, 5.0, 371Unhappy, /Profile/371Unhappy, 723766372a9d1e3dbdc77db5b13fb1de, /Attraction_Review-g274887-d276803-Reviews-Halaszbastya-Budapest_Central_Hungary.html
