review_location_name, review_current_page, review_last_page, review_location_type, review_location_breadcrumbs, review_location_rate, location_lat, location_lng, review_id, review_date, review_experience_date, review_rate, user_name, user_link, user_id, parent_url
Votive Church, 1, 15, Sacred & Religious Sites & Churches & Cathedrals & Sacred & Religious Sites & Churches & Cathedrals, Europe & Hungary & Southern Great Plain & Csongrad County & Szeged & Things to Do in Szeged, 4.5, 46.2488, 20.14989, 774801030, 20201001, 20200201, 4.0, OZS_ATW, /Profile/OZS_ATW, 7b397f3861a6ba067668516910b173c8, /Attraction_Review-g274912-d284250-Reviews-Votive_Church-Szeged_Csongrad_County_Southern_Great_Plain.html
Votive Church, 1, 15, Sacred & Religious Sites & Churches & Cathedrals & Sacred & Religious Sites & Churches & Cathedrals, Europe & Hungary & Southern Great Plain & Csongrad County & Szeged & Things to Do in Szeged, 4.5, 46.2488, 20.14989, 758368367, 20200601, 20200601, 4.0, abager, /Profile/abager, 9297ff22297e831d705778faf71037b7, /Attraction_Review-g274912-d284250-Reviews-Votive_Church-Szeged_Csongrad_County_Southern_Great_Plain.html
Votive Church, 1, 15, Sacred & Religious Sites & Churches & Cathedrals & Sacred & Religious Sites & Churches & Cathedrals, Europe & Hungary & Southern Great Plain & Csongrad County & Szeged & Things to Do in Szeged, 4.5, 46.2488, 20.14989, 740837127, 20200101, 20200101, 5.0, Gray's Reviews, /Profile/GrayMcGowan, 6c53269246be570b102338f1d3f344d8, /Attraction_Review-g274912-d284250-Reviews-Votive_Church-Szeged_Csongrad_County_Southern_Great_Plain.html
Votive Church, 1, 15, Sacred & Religious Sites & Churches & Cathedrals & Sacred & Religious Sites & Churches & Cathedrals, Europe & Hungary & Southern Great Plain & Csongrad County & Szeged & Things to Do in Szeged, 4.5, 46.2488, 20.14989, 728605329, 20191101, 20190801, 5.0, MarriedAnd-Over-50, /Profile/MarriedAnd-Over-50, 79deac32b6ce6a7330c4e84312c73e2c, /Attraction_Review-g274912-d284250-Reviews-Votive_Church-Szeged_Csongrad_County_Southern_Great_Plain.html
Votive Church, 1, 15, Sacred & Religious Sites & Churches & Cathedrals & Sacred & Religious Sites & Churches & Cathedrals, Europe & Hungary & Southern Great Plain & Csongrad County & Szeged & Things to Do in Szeged, 4.5, 46.2488, 20.14989, 705639127, 20190901, 20190901, 5.0, Alex M, /Profile/Y7599TBalexm, e0f728aa1446a504ef203dd337c198a3, /Attraction_Review-g274912-d284250-Reviews-Votive_Church-Szeged_Csongrad_County_Southern_Great_Plain.html
