review_location_name, review_current_page, review_last_page, review_location_type, review_location_breadcrumbs, review_location_rate, location_lat, location_lng, review_id, review_date, review_experience_date, review_rate, user_name, user_link, user_id, parent_url
Szigliget Castle, 1, 13, Points of Interest & Landmarks & Castles & Points of Interest & Landmarks & Castles, Europe & Hungary & Central Transdanubia & Veszprem County & Szigliget & Things to Do in Szigliget, 4.5, 46.804314, 17.436434, 776365392, 20201101, 20200801, 5.0, Andrea H, /Profile/andreahZ4434HF, cd652e00a7988f9e4c56d43dc28a82d7, /Attraction_Review-g1915648-d4467894-Reviews-Szigliget_Castle-Szigliget_Veszprem_County_Central_Transdanubia.html
Szigliget Castle, 1, 13, Points of Interest & Landmarks & Castles & Points of Interest & Landmarks & Castles, Europe & Hungary & Central Transdanubia & Veszprem County & Szigliget & Things to Do in Szigliget, 4.5, 46.804314, 17.436434, 766634320, 20200801, 20200801, 4.0, Tom H, /Profile/Q3539HTtomh, 456156a8d44fa7a10cc5e8ef29cdd6a3, /Attraction_Review-g1915648-d4467894-Reviews-Szigliget_Castle-Szigliget_Veszprem_County_Central_Transdanubia.html
Szigliget Castle, 1, 13, Points of Interest & Landmarks & Castles & Points of Interest & Landmarks & Castles, Europe & Hungary & Central Transdanubia & Veszprem County & Szigliget & Things to Do in Szigliget, 4.5, 46.804314, 17.436434, 763028093, 20200801, 20200801, 5.0, Gergely Ivány, /Profile/ivanygergely, 96ed9cc1989d98da82194510a3fcae35, /Attraction_Review-g1915648-d4467894-Reviews-Szigliget_Castle-Szigliget_Veszprem_County_Central_Transdanubia.html
Szigliget Castle, 1, 13, Points of Interest & Landmarks & Castles & Points of Interest & Landmarks & Castles, Europe & Hungary & Central Transdanubia & Veszprem County & Szigliget & Things to Do in Szigliget, 4.5, 46.804314, 17.436434, 703323929, 20190801, 20190801, 5.0, shai i, /Profile/shaii2014, 77021f3122464a81692ae5601435f7de, /Attraction_Review-g1915648-d4467894-Reviews-Szigliget_Castle-Szigliget_Veszprem_County_Central_Transdanubia.html
Szigliget Castle, 1, 13, Points of Interest & Landmarks & Castles & Points of Interest & Landmarks & Castles, Europe & Hungary & Central Transdanubia & Veszprem County & Szigliget & Things to Do in Szigliget, 4.5, 46.804314, 17.436434, 698894188, 20190801, 20190801, 1.0, Jan K, /Profile/1jank, 2e1c529208f08abc5a28f343e31a0a00, /Attraction_Review-g1915648-d4467894-Reviews-Szigliget_Castle-Szigliget_Veszprem_County_Central_Transdanubia.html
