review_location_name, review_current_page, review_last_page, review_location_type, review_location_breadcrumbs, review_location_rate, location_lat, location_lng, review_id, review_date, review_experience_date, review_rate, user_name, user_link, user_id, parent_url
House of Terror Museum, 128, 1299, Specialty Museums & Specialty Museums, Europe & Hungary & Central Hungary & Budapest & Things to Do in Budapest, 4.0, 47.506893, 19.065123, 655452414, 20190201, 20190201, 2.0, Irene L, /Profile/D7691QZirenel, 06a7b7e027160d0061f6e865969858c0, /Attraction_Review-g274887-d325279-Reviews-House_of_Terror_Museum-Budapest_Central_Hungary.html
House of Terror Museum, 128, 1299, Specialty Museums & Specialty Museums, Europe & Hungary & Central Hungary & Budapest & Things to Do in Budapest, 4.0, 47.506893, 19.065123, 655376851, 20190201, 20190201, 4.0, Andrew T, /Profile/andrewt917, f43ec2d8acf3d0bbfc6b07bcb839f863, /Attraction_Review-g274887-d325279-Reviews-House_of_Terror_Museum-Budapest_Central_Hungary.html
House of Terror Museum, 128, 1299, Specialty Museums & Specialty Museums, Europe & Hungary & Central Hungary & Budapest & Things to Do in Budapest, 4.0, 47.506893, 19.065123, 655197721, 20190201, 20190201, 2.0, SilicoJack, /Profile/SilicoJack, 4e04ee83867c9c7a075e19879c94f6d0, /Attraction_Review-g274887-d325279-Reviews-House_of_Terror_Museum-Budapest_Central_Hungary.html
House of Terror Museum, 128, 1299, Specialty Museums & Specialty Museums, Europe & Hungary & Central Hungary & Budapest & Things to Do in Budapest, 4.0, 47.506893, 19.065123, 654960967, 20190201, 20190201, 4.0, murray_towers, /Profile/murray_towers, a1bbd1e3e3ceedaa08959687fd72791e, /Attraction_Review-g274887-d325279-Reviews-House_of_Terror_Museum-Budapest_Central_Hungary.html
House of Terror Museum, 128, 1299, Specialty Museums & Specialty Museums, Europe & Hungary & Central Hungary & Budapest & Things to Do in Budapest, 4.0, 47.506893, 19.065123, 654920417, 20190201, 20190201, 2.0, glennharrold, /Profile/glennharrold, f310a1d13687f3f90a6e80101e9ec00d, /Attraction_Review-g274887-d325279-Reviews-House_of_Terror_Museum-Budapest_Central_Hungary.html
