review_location_name, review_current_page, review_last_page, review_location_type, review_location_breadcrumbs, review_location_rate, location_lat, location_lng, review_id, review_date, review_experience_date, review_rate, user_name, user_link, user_id, parent_url
Heroes' Square, 175, 1253, Historic Sites & Points of Interest & Landmarks & Monuments & Statues & Historic Sites & Points of Interest & Landmarks & Monuments & Statues, Europe & Hungary & Central Hungary & Budapest & Things to Do in Budapest, 4.5, 47.51514, 19.07814, 639692629, 20181201, 20181201, 3.0, CharlesDorsett, /Profile/CharlesDorsett, 58748800fa85d757a21ec2d58d28b7c9, /Attraction_Review-g274887-d276827-Reviews-Heroes_Square-Budapest_Central_Hungary.html
Heroes' Square, 175, 1253, Historic Sites & Points of Interest & Landmarks & Monuments & Statues & Historic Sites & Points of Interest & Landmarks & Monuments & Statues, Europe & Hungary & Central Hungary & Budapest & Things to Do in Budapest, 4.5, 47.51514, 19.07814, 639562086, 20181201, 20181201, 5.0, Kevin S, /Profile/kevins684, be66d6504542ad485a5b9342ba874db0, /Attraction_Review-g274887-d276827-Reviews-Heroes_Square-Budapest_Central_Hungary.html
Heroes' Square, 175, 1253, Historic Sites & Points of Interest & Landmarks & Monuments & Statues & Historic Sites & Points of Interest & Landmarks & Monuments & Statues, Europe & Hungary & Central Hungary & Budapest & Things to Do in Budapest, 4.5, 47.51514, 19.07814, 639498700, 20181201, 20181201, 5.0, 2Travel4Explore, /Profile/2Travel4Explore, 83761e00e9a45da6277806323209eff5, /Attraction_Review-g274887-d276827-Reviews-Heroes_Square-Budapest_Central_Hungary.html
Heroes' Square, 175, 1253, Historic Sites & Points of Interest & Landmarks & Monuments & Statues & Historic Sites & Points of Interest & Landmarks & Monuments & Statues, Europe & Hungary & Central Hungary & Budapest & Things to Do in Budapest, 4.5, 47.51514, 19.07814, 639402232, 20181201, 20181201, 5.0, Budda_Vida, /Profile/Budda_Vida, 59c41f6fdb6264059b065b4800cfe673, /Attraction_Review-g274887-d276827-Reviews-Heroes_Square-Budapest_Central_Hungary.html
Heroes' Square, 175, 1253, Historic Sites & Points of Interest & Landmarks & Monuments & Statues & Historic Sites & Points of Interest & Landmarks & Monuments & Statues, Europe & Hungary & Central Hungary & Budapest & Things to Do in Budapest, 4.5, 47.51514, 19.07814, 639281245, 20181201, 20181201, 4.0, Jacob B, /Profile/jacobbW1444HL, c39ba18e56e021212168460d70c63459, /Attraction_Review-g274887-d276827-Reviews-Heroes_Square-Budapest_Central_Hungary.html
