review_location_name, review_current_page, review_last_page, review_location_type, review_location_breadcrumbs, review_location_rate, location_lat, location_lng, review_id, review_date, review_experience_date, review_rate, user_name, user_link, user_id, parent_url
Szilvasvarad National Forest Rail, 1, 2, Nature & Wildlife Areas & Nature & Wildlife Areas, Europe & Hungary & Northern Hungary & Heves County & Szilvasvarad & Things to Do in Szilvasvarad, 4.0, 48.09368, 20.39446, 764444398, 20200801, 20200801, 5.0, pawel_hbg, /Profile/pawel_hbg, 49c8988e0fe35b42db76b285f365eb29, /Attraction_Review-g1586908-d10377657-Reviews-Szilvasvarad_National_Forest_Rail-Szilvasvarad_Heves_County_Northern_Hungary.html
Szilvasvarad National Forest Rail, 1, 2, Nature & Wildlife Areas & Nature & Wildlife Areas, Europe & Hungary & Northern Hungary & Heves County & Szilvasvarad & Things to Do in Szilvasvarad, 4.0, 48.09368, 20.39446, 617962679, 20180901, 20180901, 3.0, Mikhailenko L, /Profile/IsraelRuth, 0e143f418d1f619713cb06bca390c4ea, /Attraction_Review-g1586908-d10377657-Reviews-Szilvasvarad_National_Forest_Rail-Szilvasvarad_Heves_County_Northern_Hungary.html
Szilvasvarad National Forest Rail, 1, 2, Nature & Wildlife Areas & Nature & Wildlife Areas, Europe & Hungary & Northern Hungary & Heves County & Szilvasvarad & Things to Do in Szilvasvarad, 4.0, 48.09368, 20.39446, 603701702, 20180801, 20180801, 5.0, byro19, /Profile/byro19, 87f95991cd69ac1e47fd3d0523858721, /Attraction_Review-g1586908-d10377657-Reviews-Szilvasvarad_National_Forest_Rail-Szilvasvarad_Heves_County_Northern_Hungary.html
Szilvasvarad National Forest Rail, 1, 2, Nature & Wildlife Areas & Nature & Wildlife Areas, Europe & Hungary & Northern Hungary & Heves County & Szilvasvarad & Things to Do in Szilvasvarad, 4.0, 48.09368, 20.39446, 592208568, 20180701, 20180601, 4.0, Gideon S, /Profile/gideons444, d0f8f0b961aa773430bf96e2a0cc4740, /Attraction_Review-g1586908-d10377657-Reviews-Szilvasvarad_National_Forest_Rail-Szilvasvarad_Heves_County_Northern_Hungary.html
Szilvasvarad National Forest Rail, 1, 2, Nature & Wildlife Areas & Nature & Wildlife Areas, Europe & Hungary & Northern Hungary & Heves County & Szilvasvarad & Things to Do in Szilvasvarad, 4.0, 48.09368, 20.39446, 585491418, 20180601, 20180601, 4.0, Márton T, /Profile/thmarton, 6d49f561a48ffa40dfedd467999ec55a, /Attraction_Review-g1586908-d10377657-Reviews-Szilvasvarad_National_Forest_Rail-Szilvasvarad_Heves_County_Northern_Hungary.html
