review_location_name, review_current_page, review_last_page, review_location_type, review_location_breadcrumbs, review_location_rate, location_lat, location_lng, review_id, review_date, review_experience_date, review_rate, user_name, user_link, user_id, parent_url
Budapest Zoo & Botanical Garden, 178, 388, Zoos & Zoos, Europe & Hungary & Central Hungary & Budapest & Things to Do in Budapest, 4.0, 47.51802, 19.077665, 390718553, 20160701, 20160701, 5.0, HawkFamily2001, /Profile/HawkFamily2001, 773e54cb722b256e85021fa0ebc320d9, /Attraction_Review-g274887-d276871-Reviews-Budapest_Zoo_Botanical_Garden-Budapest_Central_Hungary.html
Budapest Zoo & Botanical Garden, 178, 388, Zoos & Zoos, Europe & Hungary & Central Hungary & Budapest & Things to Do in Budapest, 4.0, 47.51802, 19.077665, 390451728, 20160701, 20160701, 4.0, Joanna-Finland, /Profile/Joanna-Finland, 0791b41b799972c107290183fc016943, /Attraction_Review-g274887-d276871-Reviews-Budapest_Zoo_Botanical_Garden-Budapest_Central_Hungary.html
Budapest Zoo & Botanical Garden, 178, 388, Zoos & Zoos, Europe & Hungary & Central Hungary & Budapest & Things to Do in Budapest, 4.0, 47.51802, 19.077665, 390396936, 20160701, 20160701, 5.0, Hannu M, /Profile/311hannum, 608a35c41fd2450750ec5fcfbc68e873, /Attraction_Review-g274887-d276871-Reviews-Budapest_Zoo_Botanical_Garden-Budapest_Central_Hungary.html
Budapest Zoo & Botanical Garden, 178, 388, Zoos & Zoos, Europe & Hungary & Central Hungary & Budapest & Things to Do in Budapest, 4.0, 47.51802, 19.077665, 390315285, 20160701, 20150801, 4.0, OZS_ATW, /Profile/OZS_ATW, 7b397f3861a6ba067668516910b173c8, /Attraction_Review-g274887-d276871-Reviews-Budapest_Zoo_Botanical_Garden-Budapest_Central_Hungary.html
Budapest Zoo & Botanical Garden, 178, 388, Zoos & Zoos, Europe & Hungary & Central Hungary & Budapest & Things to Do in Budapest, 4.0, 47.51802, 19.077665, 390060995, 20160701, 20160701, 1.0, Tegan P, /Profile/2teganp, a0deb328c5c58029e4f718b422be1063, /Attraction_Review-g274887-d276871-Reviews-Budapest_Zoo_Botanical_Garden-Budapest_Central_Hungary.html
