review_location_name, review_current_page, review_last_page, review_location_type, review_location_breadcrumbs, review_location_rate, location_lat, location_lng, review_id, review_date, review_experience_date, review_rate, user_name, user_link, user_id, parent_url
Royal Palace of Gödöllő, 3, 39, Castles & Castles, Europe & Hungary & Central Hungary & Pest County & Godollo & Things to Do in Godollo, 4.0, 47.59588, 19.347445, 708227773, 20190901, 20190901, 5.0, Jill D, /Profile/993jilld, 3e2dde0e903b6f65730d675633bcb92c, /Attraction_Review-g754049-d1767605-Reviews-Royal_Palace_of_Godollo-Godollo_Pest_County_Central_Hungary.html
Royal Palace of Gödöllő, 3, 39, Castles & Castles, Europe & Hungary & Central Hungary & Pest County & Godollo & Things to Do in Godollo, 4.0, 47.59588, 19.347445, 706236024, 20190901, 20190701, 4.0, Danube_Traveler, /Profile/Danube_Traveler, 321b287bc8b6b55677d4a38d76187a55, /Attraction_Review-g754049-d1767605-Reviews-Royal_Palace_of_Godollo-Godollo_Pest_County_Central_Hungary.html
Royal Palace of Gödöllő, 3, 39, Castles & Castles, Europe & Hungary & Central Hungary & Pest County & Godollo & Things to Do in Godollo, 4.0, 47.59588, 19.347445, 706008753, 20190901, 20190901, 4.0, EC13091, /Profile/EC13091, eacf266c5c83ea0d1211f2ff21df1620, /Attraction_Review-g754049-d1767605-Reviews-Royal_Palace_of_Godollo-Godollo_Pest_County_Central_Hungary.html
Royal Palace of Gödöllő, 3, 39, Castles & Castles, Europe & Hungary & Central Hungary & Pest County & Godollo & Things to Do in Godollo, 4.0, 47.59588, 19.347445, 703200991, 20190801, 20190801, 5.0, Russell P, /Profile/russellp756, 92d14ab9760ecdac31abf82b2c06d131, /Attraction_Review-g754049-d1767605-Reviews-Royal_Palace_of_Godollo-Godollo_Pest_County_Central_Hungary.html
Royal Palace of Gödöllő, 3, 39, Castles & Castles, Europe & Hungary & Central Hungary & Pest County & Godollo & Things to Do in Godollo, 4.0, 47.59588, 19.347445, 700643250, 20190801, 20190801, 5.0, Orrix55, /Profile/Orrix55, 84c721112861e7cff441f2f9765be70a, /Attraction_Review-g754049-d1767605-Reviews-Royal_Palace_of_Godollo-Godollo_Pest_County_Central_Hungary.html
