review_location_name, review_current_page, review_last_page, review_location_type, review_location_breadcrumbs, review_location_rate, location_lat, location_lng, review_id, review_date, review_experience_date, review_rate, user_name, user_link, user_id, parent_url
Gellert Hill, 64, 752, Historic Sites & Historic Sites, Europe & Hungary & Central Hungary & Budapest & Things to Do in Budapest, 4.5, 47.486763, 19.047941, 659046615, 20190301, 20190101, 5.0, MDW, /Profile/Mduncanw1995, 42f409361e59d8e1e17b46f63f532569, /Attraction_Review-g274887-d276878-Reviews-Gellert_Hill-Budapest_Central_Hungary.html
Gellert Hill, 64, 752, Historic Sites & Historic Sites, Europe & Hungary & Central Hungary & Budapest & Things to Do in Budapest, 4.5, 47.486763, 19.047941, 659022256, 20190301, 20190301, 4.0, DavidManchester107, /Profile/DavidManchester107, bbd95fbc58ee9db283dab620ee94f93d, /Attraction_Review-g274887-d276878-Reviews-Gellert_Hill-Budapest_Central_Hungary.html
Gellert Hill, 64, 752, Historic Sites & Historic Sites, Europe & Hungary & Central Hungary & Budapest & Things to Do in Budapest, 4.5, 47.486763, 19.047941, 658597014, 20190301, 20190301, 4.0, Anna M, /Profile/annamJ3375QX, 72ef5e82094a246bce5f497289d0ebdc, /Attraction_Review-g274887-d276878-Reviews-Gellert_Hill-Budapest_Central_Hungary.html
Gellert Hill, 64, 752, Historic Sites & Historic Sites, Europe & Hungary & Central Hungary & Budapest & Things to Do in Budapest, 4.5, 47.486763, 19.047941, 657926209, 20190301, 20190101, 4.0, ChelsiCrame, /Profile/ChelsiCrame, 70e823fa1c71ecf588b89a26d13b222b, /Attraction_Review-g274887-d276878-Reviews-Gellert_Hill-Budapest_Central_Hungary.html
Gellert Hill, 64, 752, Historic Sites & Historic Sites, Europe & Hungary & Central Hungary & Budapest & Things to Do in Budapest, 4.5, 47.486763, 19.047941, 657876909, 20190301, 20190301, 4.0, Jane B, /Profile/j_pbyford, c6b832769d401e478b2092ff1a5e2b2f, /Attraction_Review-g274887-d276878-Reviews-Gellert_Hill-Budapest_Central_Hungary.html
