review_location_name, review_current_page, review_last_page, review_location_type, review_location_breadcrumbs, review_location_rate, location_lat, location_lng, review_id, review_date, review_experience_date, review_rate, user_name, user_link, user_id, parent_url
Music Fountain, 68, 140, Points of Interest & Landmarks & Fountains & Points of Interest & Landmarks & Fountains, Europe & Hungary & Central Hungary & Budapest & Things to Do in Budapest, 4.5, 47.51881, 19.044836, 490138919, 20170601, 20170301, 1.0, nostik1, /Profile/nostik1, 07be4a0c0d4a0f9a207a934207cf3848, /Attraction_Review-g274887-d6936772-Reviews-Music_Fountain-Budapest_Central_Hungary.html
Music Fountain, 68, 140, Points of Interest & Landmarks & Fountains & Points of Interest & Landmarks & Fountains, Europe & Hungary & Central Hungary & Budapest & Things to Do in Budapest, 4.5, 47.51881, 19.044836, 489852678, 20170601, 20170601, 3.0, Eran B, /Profile/612eranb, fac3400677b91f1eb75e934fbe5c3206, /Attraction_Review-g274887-d6936772-Reviews-Music_Fountain-Budapest_Central_Hungary.html
Music Fountain, 68, 140, Points of Interest & Landmarks & Fountains & Points of Interest & Landmarks & Fountains, Europe & Hungary & Central Hungary & Budapest & Things to Do in Budapest, 4.5, 47.51881, 19.044836, 488145383, 20170501, 20170501, 1.0, Paulus2804, /Profile/Paulus2804, a050260388d06170d87855383e2bcff9, /Attraction_Review-g274887-d6936772-Reviews-Music_Fountain-Budapest_Central_Hungary.html
Music Fountain, 68, 140, Points of Interest & Landmarks & Fountains & Points of Interest & Landmarks & Fountains, Europe & Hungary & Central Hungary & Budapest & Things to Do in Budapest, 4.5, 47.51881, 19.044836, 487681234, 20170501, 20170501, 5.0, John D, /Profile/OstarJohn1, dd6a1ec31b4fb0e63bd08881ae35e7ea, /Attraction_Review-g274887-d6936772-Reviews-Music_Fountain-Budapest_Central_Hungary.html
Music Fountain, 68, 140, Points of Interest & Landmarks & Fountains & Points of Interest & Landmarks & Fountains, Europe & Hungary & Central Hungary & Budapest & Things to Do in Budapest, 4.5, 47.51881, 19.044836, 487224636, 20170501, 20170501, 1.0, Jerry T, /Profile/jerryt678, 0b4fa10d9f709ae7a8d2316484e05658, /Attraction_Review-g274887-d6936772-Reviews-Music_Fountain-Budapest_Central_Hungary.html
