review_location_name, review_current_page, review_last_page, review_location_type, review_location_breadcrumbs, review_location_rate, location_lat, location_lng, review_id, review_date, review_experience_date, review_rate, user_name, user_link, user_id, parent_url
Gellert Hill, 178, 752, Historic Sites & Historic Sites, Europe & Hungary & Central Hungary & Budapest & Things to Do in Budapest, 4.5, 47.486763, 19.047941, 555797084, 20180101, 20171101, 4.0, ManosTs, /Profile/ManosTs, 03aded796adc4ee1752d4fe355ab92d8, /Attraction_Review-g274887-d276878-Reviews-Gellert_Hill-Budapest_Central_Hungary.html
Gellert Hill, 178, 752, Historic Sites & Historic Sites, Europe & Hungary & Central Hungary & Budapest & Things to Do in Budapest, 4.5, 47.486763, 19.047941, 555609744, 20180101, 20180101, 4.0, NicolaLevett, /Profile/NicolaLevett, 3ceed72af8b7a88ec9c8126564f3e0cb, /Attraction_Review-g274887-d276878-Reviews-Gellert_Hill-Budapest_Central_Hungary.html
Gellert Hill, 178, 752, Historic Sites & Historic Sites, Europe & Hungary & Central Hungary & Budapest & Things to Do in Budapest, 4.5, 47.486763, 19.047941, 555462461, 20180101, 20171101, 5.0, cjudge109, /Profile/cjudge109, 6328537e737aafdcfd8bfb5d34823c3f, /Attraction_Review-g274887-d276878-Reviews-Gellert_Hill-Budapest_Central_Hungary.html
Gellert Hill, 178, 752, Historic Sites & Historic Sites, Europe & Hungary & Central Hungary & Budapest & Things to Do in Budapest, 4.5, 47.486763, 19.047941, 555310211, 20180101, 20171001, 3.0, Leonard B, /Profile/leonardb600, 2cc7c677a4fcdceb6964d8d0b07268ef, /Attraction_Review-g274887-d276878-Reviews-Gellert_Hill-Budapest_Central_Hungary.html
Gellert Hill, 178, 752, Historic Sites & Historic Sites, Europe & Hungary & Central Hungary & Budapest & Things to Do in Budapest, 4.5, 47.486763, 19.047941, 555013679, 20180101, 20180101, 5.0, Emstems, /Profile/Emstems, dcc4426f0eb76d73be58f46d0827eb8c, /Attraction_Review-g274887-d276878-Reviews-Gellert_Hill-Budapest_Central_Hungary.html
