review_location_name, review_current_page, review_last_page, review_location_type, review_location_breadcrumbs, review_location_rate, location_lat, location_lng, review_id, review_date, review_experience_date, review_rate, user_name, user_link, user_id, parent_url
Memento Park, 79, 152, Specialty Museums & Specialty Museums, Europe & Hungary & Central Hungary & Budapest & Things to Do in Budapest, 4.0, 47.426434, 18.999565, 311035146, 20150901, 20150801, 5.0, Marek O, /Profile/278mareko, 64a0bf1d829a4032aee68b1e0225dff4, /Attraction_Review-g274887-d276834-Reviews-Memento_Park-Budapest_Central_Hungary.html
Memento Park, 79, 152, Specialty Museums & Specialty Museums, Europe & Hungary & Central Hungary & Budapest & Things to Do in Budapest, 4.0, 47.426434, 18.999565, 310946221, 20150901, 20150901, 4.0, aussiewanderers, /Profile/aussiewanderers, 051054702b9265445dce7767d9123019, /Attraction_Review-g274887-d276834-Reviews-Memento_Park-Budapest_Central_Hungary.html
Memento Park, 79, 152, Specialty Museums & Specialty Museums, Europe & Hungary & Central Hungary & Budapest & Things to Do in Budapest, 4.0, 47.426434, 18.999565, 309904249, 20150901, 20150401, 4.0, OleHugo, /Profile/OleHugo, 41decd62a25ca9320a5593d88acb9fef, /Attraction_Review-g274887-d276834-Reviews-Memento_Park-Budapest_Central_Hungary.html
Memento Park, 79, 152, Specialty Museums & Specialty Museums, Europe & Hungary & Central Hungary & Budapest & Things to Do in Budapest, 4.0, 47.426434, 18.999565, 309220069, 20150901, 20150801, 4.0, MrsHollyMayberry, /Profile/MrsHollyMayberry, c033f262c6371a8524678c71fa641e97, /Attraction_Review-g274887-d276834-Reviews-Memento_Park-Budapest_Central_Hungary.html
Memento Park, 79, 152, Specialty Museums & Specialty Museums, Europe & Hungary & Central Hungary & Budapest & Things to Do in Budapest, 4.0, 47.426434, 18.999565, 309204457, 20150901, 20150701, 3.0, MARGDARSHI, /Profile/MARGDARSHI, 7a191a1487daf98ced80a2c38f0e3ee8, /Attraction_Review-g274887-d276834-Reviews-Memento_Park-Budapest_Central_Hungary.html
