review_location_name, review_current_page, review_last_page, review_location_type, review_location_breadcrumbs, review_location_rate, location_lat, location_lng, review_id, review_date, review_experience_date, review_rate, user_name, user_link, user_id, parent_url
Halászbástya, 467, 2784, Historic Sites & Points of Interest & Landmarks & Historic Sites & Points of Interest & Landmarks, Europe & Hungary & Central Hungary & Budapest & Things to Do in Budapest, 4.5, 47.50218, 19.034777, 589690110, 20180601, 20180601, 4.0, TA212121, /Profile/TA212121, 5ef45f31bde6e85661d86f2f952c2ab7, /Attraction_Review-g274887-d276803-Reviews-Halaszbastya-Budapest_Central_Hungary.html
Halászbástya, 467, 2784, Historic Sites & Points of Interest & Landmarks & Historic Sites & Points of Interest & Landmarks, Europe & Hungary & Central Hungary & Budapest & Things to Do in Budapest, 4.5, 47.50218, 19.034777, 589674084, 20180601, 20171201, 4.0, Mik1984, /Profile/Mik1984, c7ce2e99abe367f365bb683cad213be6, /Attraction_Review-g274887-d276803-Reviews-Halaszbastya-Budapest_Central_Hungary.html
Halászbástya, 467, 2784, Historic Sites & Points of Interest & Landmarks & Historic Sites & Points of Interest & Landmarks, Europe & Hungary & Central Hungary & Budapest & Things to Do in Budapest, 4.5, 47.50218, 19.034777, 589627640, 20180601, 20180601, 5.0, rosalindr174, /Profile/rosalindr174, d16fbb0ca606fd64c2b28f93e573443c, /Attraction_Review-g274887-d276803-Reviews-Halaszbastya-Budapest_Central_Hungary.html
Halászbástya, 467, 2784, Historic Sites & Points of Interest & Landmarks & Historic Sites & Points of Interest & Landmarks, Europe & Hungary & Central Hungary & Budapest & Things to Do in Budapest, 4.5, 47.50218, 19.034777, 589490432, 20180601, 20180501, 4.0, Maria C, /Profile/postman1311, 2ab15d2ae978250502bb303427a344d8, /Attraction_Review-g274887-d276803-Reviews-Halaszbastya-Budapest_Central_Hungary.html
Halászbástya, 467, 2784, Historic Sites & Points of Interest & Landmarks & Historic Sites & Points of Interest & Landmarks, Europe & Hungary & Central Hungary & Budapest & Things to Do in Budapest, 4.5, 47.50218, 19.034777, 589466034, 20180601, 20180601, 5.0, Rebecca L, /Profile/rebeccal2018, a90ad5a4d62ff81c55fec9a87395502d, /Attraction_Review-g274887-d276803-Reviews-Halaszbastya-Budapest_Central_Hungary.html
