review_location_name, review_current_page, review_last_page, review_location_type, review_location_breadcrumbs, review_location_rate, location_lat, location_lng, review_id, review_date, review_experience_date, review_rate, user_name, user_link, user_id, parent_url
Gellert Hill, 91, 752, Historic Sites & Historic Sites, Europe & Hungary & Central Hungary & Budapest & Things to Do in Budapest, 4.5, 47.486763, 19.047941, 629857217, 20181001, 20181001, 2.0, Troels K, /Profile/troelsk472, f15070d91a2b9c5e1058b3619a32c65b, /Attraction_Review-g274887-d276878-Reviews-Gellert_Hill-Budapest_Central_Hungary.html
Gellert Hill, 91, 752, Historic Sites & Historic Sites, Europe & Hungary & Central Hungary & Budapest & Things to Do in Budapest, 4.5, 47.486763, 19.047941, 629849341, 20181001, 20181001, 4.0, Veronique-Nyon, /Profile/Veronique-Nyon, 52daaaae8585a2c38ca854713597e501, /Attraction_Review-g274887-d276878-Reviews-Gellert_Hill-Budapest_Central_Hungary.html
Gellert Hill, 91, 752, Historic Sites & Historic Sites, Europe & Hungary & Central Hungary & Budapest & Things to Do in Budapest, 4.5, 47.486763, 19.047941, 629839589, 20181001, 20181001, 5.0, Griffin The Polar Bear, /Profile/griffiny2016, 4e6a80e92a5aefd4d1ec4c391e9167e7, /Attraction_Review-g274887-d276878-Reviews-Gellert_Hill-Budapest_Central_Hungary.html
Gellert Hill, 91, 752, Historic Sites & Historic Sites, Europe & Hungary & Central Hungary & Budapest & Things to Do in Budapest, 4.5, 47.486763, 19.047941, 629712712, 20181001, 20181001, 5.0, Gislene O, /Profile/gisleneo478, 1e30c08d3f1f11a65f6fd6fd9cea4111, /Attraction_Review-g274887-d276878-Reviews-Gellert_Hill-Budapest_Central_Hungary.html
Gellert Hill, 91, 752, Historic Sites & Historic Sites, Europe & Hungary & Central Hungary & Budapest & Things to Do in Budapest, 4.5, 47.486763, 19.047941, 629552763, 20181001, 20181001, 5.0, Georgia L, /Profile/georgia638, 77854735d75d55d91c4e63f6bbbdbbef, /Attraction_Review-g274887-d276878-Reviews-Gellert_Hill-Budapest_Central_Hungary.html
