review_location_name, review_current_page, review_last_page, review_location_type, review_location_breadcrumbs, review_location_rate, location_lat, location_lng, review_id, review_date, review_experience_date, review_rate, user_name, user_link, user_id, parent_url
Varhegy, 269, 1155, Points of Interest & Landmarks & Points of Interest & Landmarks, Europe & Hungary & Central Hungary & Budapest & Things to Do in Budapest, 4.5, 47.49601, 19.04003, 478417676, 20170401, 20170401, 5.0, Loulou426, /Profile/Loulou426, 1d5f91cd5400149bb1850001af5f291d, /Attraction_Review-g274887-d276801-Reviews-Varhegy-Budapest_Central_Hungary.html
Varhegy, 269, 1155, Points of Interest & Landmarks & Points of Interest & Landmarks, Europe & Hungary & Central Hungary & Budapest & Things to Do in Budapest, 4.5, 47.49601, 19.04003, 478328366, 20170401, 20170401, 5.0, Wtfnoname, /Profile/Wtfnoname, 5122346a7b66ee52e0e2709b39bfa517, /Attraction_Review-g274887-d276801-Reviews-Varhegy-Budapest_Central_Hungary.html
Varhegy, 269, 1155, Points of Interest & Landmarks & Points of Interest & Landmarks, Europe & Hungary & Central Hungary & Budapest & Things to Do in Budapest, 4.5, 47.49601, 19.04003, 478321141, 20170401, 20160801, 5.0, Sandra W, /Profile/sandraw582, 833945634b83108904bf2bb8042d6283, /Attraction_Review-g274887-d276801-Reviews-Varhegy-Budapest_Central_Hungary.html
Varhegy, 269, 1155, Points of Interest & Landmarks & Points of Interest & Landmarks, Europe & Hungary & Central Hungary & Budapest & Things to Do in Budapest, 4.5, 47.49601, 19.04003, 478204884, 20170401, 20170401, 4.0, RoutemasterCB, /Profile/RoutemasterCB, b9350820ac239734fe48a97f85f5df14, /Attraction_Review-g274887-d276801-Reviews-Varhegy-Budapest_Central_Hungary.html
Varhegy, 269, 1155, Points of Interest & Landmarks & Points of Interest & Landmarks, Europe & Hungary & Central Hungary & Budapest & Things to Do in Budapest, 4.5, 47.49601, 19.04003, 478166140, 20170401, 20170401, 4.0, Nada E, /Profile/nadae328, 37847f7c88e1960443a998a6c83c106b, /Attraction_Review-g274887-d276801-Reviews-Varhegy-Budapest_Central_Hungary.html
