review_location_name, review_current_page, review_last_page, review_location_type, review_location_breadcrumbs, review_location_rate, location_lat, location_lng, review_id, review_date, review_experience_date, review_rate, user_name, user_link, user_id, parent_url
Shoes on the Danube Bank, 446, 2212, Historic Sites & Points of Interest & Landmarks & Monuments & Statues & Historic Sites & Points of Interest & Landmarks & Monuments & Statues, Europe & Hungary & Central Hungary & Budapest & Things to Do in Budapest, 4.5, 47.503918, 19.044844, 618871158, 20180901, 20180501, 5.0, klm2al, /Profile/klm2al, bccbafdca50b29ff2567e98d359642ac, /Attraction_Review-g274887-d1063833-Reviews-Shoes_on_the_Danube_Bank-Budapest_Central_Hungary.html
Shoes on the Danube Bank, 446, 2212, Historic Sites & Points of Interest & Landmarks & Monuments & Statues & Historic Sites & Points of Interest & Landmarks & Monuments & Statues, Europe & Hungary & Central Hungary & Budapest & Things to Do in Budapest, 4.5, 47.503918, 19.044844, 618841591, 20180901, 20180901, 5.0, DrDR_TO_and_O, /Profile/DrDR_TO_and_O, 5920c494dfaf780b7f3baaa1526ea244, /Attraction_Review-g274887-d1063833-Reviews-Shoes_on_the_Danube_Bank-Budapest_Central_Hungary.html
Shoes on the Danube Bank, 446, 2212, Historic Sites & Points of Interest & Landmarks & Monuments & Statues & Historic Sites & Points of Interest & Landmarks & Monuments & Statues, Europe & Hungary & Central Hungary & Budapest & Things to Do in Budapest, 4.5, 47.503918, 19.044844, 618772558, 20180901, 20180801, 4.0, John L, /Profile/V2643ISjohnl, 7c52b4bd0beee6c36779cf523d9e3c61, /Attraction_Review-g274887-d1063833-Reviews-Shoes_on_the_Danube_Bank-Budapest_Central_Hungary.html
Shoes on the Danube Bank, 446, 2212, Historic Sites & Points of Interest & Landmarks & Monuments & Statues & Historic Sites & Points of Interest & Landmarks & Monuments & Statues, Europe & Hungary & Central Hungary & Budapest & Things to Do in Budapest, 4.5, 47.503918, 19.044844, 618763519, 20180901, 20180901, 5.0, pennyhR1866OW, /Profile/pennyhR1866OW, 1da5f0c4f8edb01db0969f4bc9ed7784, /Attraction_Review-g274887-d1063833-Reviews-Shoes_on_the_Danube_Bank-Budapest_Central_Hungary.html
Shoes on the Danube Bank, 446, 2212, Historic Sites & Points of Interest & Landmarks & Monuments & Statues & Historic Sites & Points of Interest & Landmarks & Monuments & Statues, Europe & Hungary & Central Hungary & Budapest & Things to Do in Budapest, 4.5, 47.503918, 19.044844, 618680986, 20180901, 20180901, 4.0, shane977, /Profile/shane977, 0ca3831f630d416b3f4719d6b3c94ddf, /Attraction_Review-g274887-d1063833-Reviews-Shoes_on_the_Danube_Bank-Budapest_Central_Hungary.html
