review_location_name, review_current_page, review_last_page, review_location_type, review_location_breadcrumbs, review_location_rate, location_lat, location_lng, review_id, review_date, review_experience_date, review_rate, user_name, user_link, user_id, parent_url
Ludwig Museum of Contemporary Art, 8, 16, Art Museums & Art Museums, Europe & Hungary & Central Hungary & Budapest & Things to Do in Budapest, 4.0, 47.46937, 19.071074, 424387561, 20161001, 20160801, 5.0, 316emiliay, /Profile/316emiliay, 3a870d387d2100bac7d7e2fda92b6dd5, /Attraction_Review-g274887-d276805-Reviews-Ludwig_Museum_of_Contemporary_Art-Budapest_Central_Hungary.html
Ludwig Museum of Contemporary Art, 8, 16, Art Museums & Art Museums, Europe & Hungary & Central Hungary & Budapest & Things to Do in Budapest, 4.0, 47.46937, 19.071074, 418870238, 20160901, 20160501, 4.0, 10aaaaaaaa, /Profile/10aaaaaaaa, 80e3853613bf4333fddc1d97a129548a, /Attraction_Review-g274887-d276805-Reviews-Ludwig_Museum_of_Contemporary_Art-Budapest_Central_Hungary.html
Ludwig Museum of Contemporary Art, 8, 16, Art Museums & Art Museums, Europe & Hungary & Central Hungary & Budapest & Things to Do in Budapest, 4.0, 47.46937, 19.071074, 404798421, 20160801, 20160801, 2.0, Sam S, /Profile/SamS23, 737aba342e3ae90e03e8075ecf99795d, /Attraction_Review-g274887-d276805-Reviews-Ludwig_Museum_of_Contemporary_Art-Budapest_Central_Hungary.html
Ludwig Museum of Contemporary Art, 8, 16, Art Museums & Art Museums, Europe & Hungary & Central Hungary & Budapest & Things to Do in Budapest, 4.0, 47.46937, 19.071074, 374054280, 20160501, 20160501, 2.0, SeeingTHEworld2012, /Profile/SeeingTHEworld2012, 378c195630557092a8c4712850274231, /Attraction_Review-g274887-d276805-Reviews-Ludwig_Museum_of_Contemporary_Art-Budapest_Central_Hungary.html
Ludwig Museum of Contemporary Art, 8, 16, Art Museums & Art Museums, Europe & Hungary & Central Hungary & Budapest & Things to Do in Budapest, 4.0, 47.46937, 19.071074, 373430677, 20160501, 20160401, 4.0, Alexei O, /Profile/alexeios, caefcba49180caa706c2d07e8fa36cae, /Attraction_Review-g274887-d276805-Reviews-Ludwig_Museum_of_Contemporary_Art-Budapest_Central_Hungary.html
