review_location_name, review_current_page, review_last_page, review_location_type, review_location_breadcrumbs, review_location_rate, location_lat, location_lng, review_id, review_date, review_experience_date, review_rate, user_name, user_link, user_id, parent_url
Hungarian State Opera House (Magyar Allami Operahaz), 36, 846, Operas & Architectural Buildings & Operas & Architectural Buildings, Europe & Hungary & Central Hungary & Budapest & Things to Do in Budapest, 4.5, 47.50251, 19.05866, 584836856, 20180601, 20180601, 5.0, Vikas S, /Profile/vksshr24, a9ae36054e5a722bc5b152d9d9e37b00, /Attraction_Review-g274887-d276812-Reviews-Hungarian_State_Opera_House_Magyar_Allami_Operahaz-Budapest_Central_Hungary.html
Hungarian State Opera House (Magyar Allami Operahaz), 36, 846, Operas & Architectural Buildings & Operas & Architectural Buildings, Europe & Hungary & Central Hungary & Budapest & Things to Do in Budapest, 4.5, 47.50251, 19.05866, 584408482, 20180601, 20180501, 4.0, Lynne R, /Profile/r0bb029, c416ea1ee98be43ae6b84d3c86cb1887, /Attraction_Review-g274887-d276812-Reviews-Hungarian_State_Opera_House_Magyar_Allami_Operahaz-Budapest_Central_Hungary.html
Hungarian State Opera House (Magyar Allami Operahaz), 36, 846, Operas & Architectural Buildings & Operas & Architectural Buildings, Europe & Hungary & Central Hungary & Budapest & Things to Do in Budapest, 4.5, 47.50251, 19.05866, 584373338, 20180601, 20170801, 4.0, shiraziwine, /Profile/shiraziwine, 88e98174b9dcfe03749d0b3258e754af, /Attraction_Review-g274887-d276812-Reviews-Hungarian_State_Opera_House_Magyar_Allami_Operahaz-Budapest_Central_Hungary.html
Hungarian State Opera House (Magyar Allami Operahaz), 36, 846, Operas & Architectural Buildings & Operas & Architectural Buildings, Europe & Hungary & Central Hungary & Budapest & Things to Do in Budapest, 4.5, 47.50251, 19.05866, 584348337, 20180601, 20180601, 3.0, Rosie428, /Profile/Rosie428, 0f608c0536500cb5caecbde285e0d253, /Attraction_Review-g274887-d276812-Reviews-Hungarian_State_Opera_House_Magyar_Allami_Operahaz-Budapest_Central_Hungary.html
Hungarian State Opera House (Magyar Allami Operahaz), 36, 846, Operas & Architectural Buildings & Operas & Architectural Buildings, Europe & Hungary & Central Hungary & Budapest & Things to Do in Budapest, 4.5, 47.50251, 19.05866, 584339587, 20180601, 20180601, 4.0, AMB99, /Profile/AMB99, 744a48bdc25e4874b9b73e6b531baf2f, /Attraction_Review-g274887-d276812-Reviews-Hungarian_State_Opera_House_Magyar_Allami_Operahaz-Budapest_Central_Hungary.html
