review_location_name, review_current_page, review_last_page, review_location_type, review_location_breadcrumbs, review_location_rate, location_lat, location_lng, review_id, review_date, review_experience_date, review_rate, user_name, user_link, user_id, parent_url
Budapest Pinball Museum, 116, 171, Specialty Museums & Specialty Museums, Europe & Hungary & Central Hungary & Budapest & Things to Do in Budapest, 5.0, 47.51472, 19.05427, 370459079, 20160501, 20160301, 4.0, Cerealprize, /Profile/Cerealprize, d09b4e5829fcb1f894420bc31d23b0bf, /Attraction_Review-g274887-d6969659-Reviews-Budapest_Pinball_Museum-Budapest_Central_Hungary.html
Budapest Pinball Museum, 116, 171, Specialty Museums & Specialty Museums, Europe & Hungary & Central Hungary & Budapest & Things to Do in Budapest, 5.0, 47.51472, 19.05427, 370102586, 20160501, 20160501, 5.0, Tim H, /Profile/timhT8274IS, d0536ccd4380e50e869fadf150b6c39a, /Attraction_Review-g274887-d6969659-Reviews-Budapest_Pinball_Museum-Budapest_Central_Hungary.html
Budapest Pinball Museum, 116, 171, Specialty Museums & Specialty Museums, Europe & Hungary & Central Hungary & Budapest & Things to Do in Budapest, 5.0, 47.51472, 19.05427, 369693755, 20160501, 20160401, 5.0, Karenmas23, /Profile/karenmas23, 3c3998ae1059ce82c194ce40ea393ede, /Attraction_Review-g274887-d6969659-Reviews-Budapest_Pinball_Museum-Budapest_Central_Hungary.html
Budapest Pinball Museum, 116, 171, Specialty Museums & Specialty Museums, Europe & Hungary & Central Hungary & Budapest & Things to Do in Budapest, 5.0, 47.51472, 19.05427, 369347515, 20160501, 20160501, 5.0, Edel D, /Profile/375edeld, a4076f874b26b58c67141d7ae29231d9, /Attraction_Review-g274887-d6969659-Reviews-Budapest_Pinball_Museum-Budapest_Central_Hungary.html
Budapest Pinball Museum, 116, 171, Specialty Museums & Specialty Museums, Europe & Hungary & Central Hungary & Budapest & Things to Do in Budapest, 5.0, 47.51472, 19.05427, 368400714, 20160401, 20160401, 5.0, Gustavo, /Profile/gosantos88, f63bc845ac9501a6f51f0a2bdabf9b45, /Attraction_Review-g274887-d6969659-Reviews-Budapest_Pinball_Museum-Budapest_Central_Hungary.html
