review_location_name, review_current_page, review_last_page, review_location_type, review_location_breadcrumbs, review_location_rate, location_lat, location_lng, review_id, review_date, review_experience_date, review_rate, user_name, user_link, user_id, parent_url
Hungarian State Opera House (Magyar Allami Operahaz), 127, 846, Operas & Architectural Buildings & Operas & Architectural Buildings, Europe & Hungary & Central Hungary & Budapest & Things to Do in Budapest, 4.5, 47.50251, 19.05866, 491080469, 20170601, 20170501, 4.0, BorntocruiseUK, /Profile/BorntocruiseUK, 04d985b9b4c78b343f1d333258318b93, /Attraction_Review-g274887-d276812-Reviews-Hungarian_State_Opera_House_Magyar_Allami_Operahaz-Budapest_Central_Hungary.html
Hungarian State Opera House (Magyar Allami Operahaz), 127, 846, Operas & Architectural Buildings & Operas & Architectural Buildings, Europe & Hungary & Central Hungary & Budapest & Things to Do in Budapest, 4.5, 47.50251, 19.05866, 491066966, 20170601, 20170501, 5.0, spencer49, /Profile/spencer49, 1389c341f7832d47d4138edd028bbacb, /Attraction_Review-g274887-d276812-Reviews-Hungarian_State_Opera_House_Magyar_Allami_Operahaz-Budapest_Central_Hungary.html
Hungarian State Opera House (Magyar Allami Operahaz), 127, 846, Operas & Architectural Buildings & Operas & Architectural Buildings, Europe & Hungary & Central Hungary & Budapest & Things to Do in Budapest, 4.5, 47.50251, 19.05866, 490908449, 20170601, 20170601, 5.0, Theresa W, /Profile/134theresaw, 1f5aafa8fc9376fd2b086298a66f1a54, /Attraction_Review-g274887-d276812-Reviews-Hungarian_State_Opera_House_Magyar_Allami_Operahaz-Budapest_Central_Hungary.html
Hungarian State Opera House (Magyar Allami Operahaz), 127, 846, Operas & Architectural Buildings & Operas & Architectural Buildings, Europe & Hungary & Central Hungary & Budapest & Things to Do in Budapest, 4.5, 47.50251, 19.05866, 490851316, 20170601, 20170601, 3.0, MHH0855, /Profile/MHH0855, ab58d6c3f68e752f9b804ccd0280c016, /Attraction_Review-g274887-d276812-Reviews-Hungarian_State_Opera_House_Magyar_Allami_Operahaz-Budapest_Central_Hungary.html
Hungarian State Opera House (Magyar Allami Operahaz), 127, 846, Operas & Architectural Buildings & Operas & Architectural Buildings, Europe & Hungary & Central Hungary & Budapest & Things to Do in Budapest, 4.5, 47.50251, 19.05866, 490723844, 20170601, 20170601, 3.0, J Michael E, /Profile/jmichaele2015, cee3d3e1e6eda14024466e3bdeda62aa, /Attraction_Review-g274887-d276812-Reviews-Hungarian_State_Opera_House_Magyar_Allami_Operahaz-Budapest_Central_Hungary.html
