review_location_name, review_current_page, review_last_page, review_location_type, review_location_breadcrumbs, review_location_rate, location_lat, location_lng, review_id, review_date, review_experience_date, review_rate, user_name, user_link, user_id, parent_url
Bences Apatsag, 11, 20, Historic Sites & Sacred & Religious Sites & Historic Sites & Sacred & Religious Sites, Europe & Hungary & Central Transdanubia & Veszprem County & Tihany & Things to Do in Tihany, 4.5, 46.914135, 17.88924, 380261176, 20160601, 20160601, 5.0, Stan W, /Profile/949stanw, 51ac12804399a41de3dcb20414438b3b, /Attraction_Review-g274918-d279439-Reviews-Bences_Apatsag-Tihany_Veszprem_County_Central_Transdanubia.html
Bences Apatsag, 11, 20, Historic Sites & Sacred & Religious Sites & Historic Sites & Sacred & Religious Sites, Europe & Hungary & Central Transdanubia & Veszprem County & Tihany & Things to Do in Tihany, 4.5, 46.914135, 17.88924, 376827144, 20160501, 20160501, 3.0, Anthony A, /Profile/anthonyaS6812FV, f36460ca3a28d986f0e783e6f85d8516, /Attraction_Review-g274918-d279439-Reviews-Bences_Apatsag-Tihany_Veszprem_County_Central_Transdanubia.html
Bences Apatsag, 11, 20, Historic Sites & Sacred & Religious Sites & Historic Sites & Sacred & Religious Sites, Europe & Hungary & Central Transdanubia & Veszprem County & Tihany & Things to Do in Tihany, 4.5, 46.914135, 17.88924, 376722754, 20160501, 20160501, 5.0, DH-Canada, /Profile/DH-Canada, f96b74b084553768fd568fd3c0f149f7, /Attraction_Review-g274918-d279439-Reviews-Bences_Apatsag-Tihany_Veszprem_County_Central_Transdanubia.html
Bences Apatsag, 11, 20, Historic Sites & Sacred & Religious Sites & Historic Sites & Sacred & Religious Sites, Europe & Hungary & Central Transdanubia & Veszprem County & Tihany & Things to Do in Tihany, 4.5, 46.914135, 17.88924, 374740230, 20160501, 20160501, 5.0, MrGTal, /Profile/MrGTal, ece4fe23efdc3d21185753d8199e3a2e, /Attraction_Review-g274918-d279439-Reviews-Bences_Apatsag-Tihany_Veszprem_County_Central_Transdanubia.html
Bences Apatsag, 11, 20, Historic Sites & Sacred & Religious Sites & Historic Sites & Sacred & Religious Sites, Europe & Hungary & Central Transdanubia & Veszprem County & Tihany & Things to Do in Tihany, 4.5, 46.914135, 17.88924, 370463673, 20160501, 20160501, 5.0, PiotrPolak, /Profile/PiotrPolak, c18a3ef5dbc9d97e805b98293a4f5bcd, /Attraction_Review-g274918-d279439-Reviews-Bences_Apatsag-Tihany_Veszprem_County_Central_Transdanubia.html
