review_location_name, review_current_page, review_last_page, review_location_type, review_location_breadcrumbs, review_location_rate, location_lat, location_lng, review_id, review_date, review_experience_date, review_rate, user_name, user_link, user_id, parent_url
Gyor Old Town Area, 14, 28, Points of Interest & Landmarks & Points of Interest & Landmarks, Europe & Hungary & Central Transdanubia & Gyor-Moson-Sopron County & Gyor & Things to Do in Gyor, 4.5, 47.688282, 17.634233, 448044358, 20161201, 20161201, 4.0, JMGeneva, /Profile/JMGeneva, 7841325dad9dfe05df90d9f68226397f, /Attraction_Review-g274893-d7099399-Reviews-Gyor_Old_Town_Area-Gyor_Gyor_Moson_Sopron_County_Central_Transdanubia.html
Gyor Old Town Area, 14, 28, Points of Interest & Landmarks & Points of Interest & Landmarks, Europe & Hungary & Central Transdanubia & Gyor-Moson-Sopron County & Gyor & Things to Do in Gyor, 4.5, 47.688282, 17.634233, 445459575, 20161201, 20161201, 5.0, switchedoff, /Profile/switchedoff, 863c575361d83f81270cf06e5e53c52e, /Attraction_Review-g274893-d7099399-Reviews-Gyor_Old_Town_Area-Gyor_Gyor_Moson_Sopron_County_Central_Transdanubia.html
Gyor Old Town Area, 14, 28, Points of Interest & Landmarks & Points of Interest & Landmarks, Europe & Hungary & Central Transdanubia & Gyor-Moson-Sopron County & Gyor & Things to Do in Gyor, 4.5, 47.688282, 17.634233, 445267177, 20161201, 20161101, 4.0, Fcontrel, /Profile/Fcontrel, 1cf853fb144e1eca8642bc86002f5fc2, /Attraction_Review-g274893-d7099399-Reviews-Gyor_Old_Town_Area-Gyor_Gyor_Moson_Sopron_County_Central_Transdanubia.html
Gyor Old Town Area, 14, 28, Points of Interest & Landmarks & Points of Interest & Landmarks, Europe & Hungary & Central Transdanubia & Gyor-Moson-Sopron County & Gyor & Things to Do in Gyor, 4.5, 47.688282, 17.634233, 443234108, 20161201, 20161201, 4.0, kramhayes, /Profile/kramhayes, 8737b35ea40520dc1feae0dd6b6cd781, /Attraction_Review-g274893-d7099399-Reviews-Gyor_Old_Town_Area-Gyor_Gyor_Moson_Sopron_County_Central_Transdanubia.html
Gyor Old Town Area, 14, 28, Points of Interest & Landmarks & Points of Interest & Landmarks, Europe & Hungary & Central Transdanubia & Gyor-Moson-Sopron County & Gyor & Things to Do in Gyor, 4.5, 47.688282, 17.634233, 437290055, 20161101, 20160201, 5.0, Clevlander, /Profile/Clevlander, 49224395b870645e092afc34ce16a085, /Attraction_Review-g274893-d7099399-Reviews-Gyor_Old_Town_Area-Gyor_Gyor_Moson_Sopron_County_Central_Transdanubia.html
