review_location_name, review_current_page, review_last_page, review_location_type, review_location_breadcrumbs, review_location_rate, location_lat, location_lng, review_id, review_date, review_experience_date, review_rate, user_name, user_link, user_id, parent_url
Central Market Hall, 29, 868, Farmers Markets & Farmers Markets, Europe & Hungary & Central Hungary & Budapest & Things to Do in Budapest, 4.0, 47.48682, 19.058666, 730408839, 20191201, 20191201, 4.0, Tubbytummy, /Profile/Tubbytummy, 166f8491f60434d6b9df9bf0339815ae, /Attraction_Review-g274887-d276128-Reviews-Central_Market_Hall-Budapest_Central_Hungary.html
Central Market Hall, 29, 868, Farmers Markets & Farmers Markets, Europe & Hungary & Central Hungary & Budapest & Things to Do in Budapest, 4.0, 47.48682, 19.058666, 730127174, 20191201, 20191101, 5.0, hassan s, /Profile/hassans297, 56820e5cfc690e02e1c71c24abc8cf80, /Attraction_Review-g274887-d276128-Reviews-Central_Market_Hall-Budapest_Central_Hungary.html
Central Market Hall, 29, 868, Farmers Markets & Farmers Markets, Europe & Hungary & Central Hungary & Budapest & Things to Do in Budapest, 4.0, 47.48682, 19.058666, 730070652, 20191201, 20191201, 4.0, Eva M, /Profile/eva_moissiadis, a70b27598b73cf0025ad57b5c9f7f6d2, /Attraction_Review-g274887-d276128-Reviews-Central_Market_Hall-Budapest_Central_Hungary.html
Central Market Hall, 29, 868, Farmers Markets & Farmers Markets, Europe & Hungary & Central Hungary & Budapest & Things to Do in Budapest, 4.0, 47.48682, 19.058666, 730006488, 20191201, 20191201, 3.0, Fishiv, /Profile/Fishiv, e963f7f1ccbb4b0ab56d4da46a587af8, /Attraction_Review-g274887-d276128-Reviews-Central_Market_Hall-Budapest_Central_Hungary.html
Central Market Hall, 29, 868, Farmers Markets & Farmers Markets, Europe & Hungary & Central Hungary & Budapest & Things to Do in Budapest, 4.0, 47.48682, 19.058666, 729886926, 20191101, 20191101, 5.0, john b, /Profile/johnb389, 1ff3424c4d85076b6cd14d9ec33039e9, /Attraction_Review-g274887-d276128-Reviews-Central_Market_Hall-Budapest_Central_Hungary.html
