review_location_name, review_current_page, review_last_page, review_location_type, review_location_breadcrumbs, review_location_rate, location_lat, location_lng, review_id, review_date, review_experience_date, review_rate, user_name, user_link, user_id, parent_url
Danube River, 110, 1573, Bodies of Water & Bodies of Water, Europe & Hungary & Central Hungary & Budapest & Things to Do in Budapest, 4.5, 47.502583, 19.04263, 688745629, 20190701, 20190701, 5.0, Michelle M, /Profile/S2705RVmichellem, 71e38f9d934ef10d661f9ac8803b8554, /Attraction_Review-g274887-d298971-Reviews-Danube_River-Budapest_Central_Hungary.html
Danube River, 110, 1573, Bodies of Water & Bodies of Water, Europe & Hungary & Central Hungary & Budapest & Things to Do in Budapest, 4.5, 47.502583, 19.04263, 688470530, 20190701, 20180901, 5.0, Kpalmer0180, /Profile/Kpalmer0180, 9efdcf4f83adec4801dc6331f8cf7e5d, /Attraction_Review-g274887-d298971-Reviews-Danube_River-Budapest_Central_Hungary.html
Danube River, 110, 1573, Bodies of Water & Bodies of Water, Europe & Hungary & Central Hungary & Budapest & Things to Do in Budapest, 4.5, 47.502583, 19.04263, 688469384, 20190701, 20190601, 4.0, Suvir B, /Profile/SuvirB3, 73e56dc6cc7f5b619bcb57e01e339abd, /Attraction_Review-g274887-d298971-Reviews-Danube_River-Budapest_Central_Hungary.html
Danube River, 110, 1573, Bodies of Water & Bodies of Water, Europe & Hungary & Central Hungary & Budapest & Things to Do in Budapest, 4.5, 47.502583, 19.04263, 688447977, 20190701, 20190701, 4.0, peacemakerukuk, /Profile/peacemakerukuk, 8da8311cad67b97c26be82fd34ab1a55, /Attraction_Review-g274887-d298971-Reviews-Danube_River-Budapest_Central_Hungary.html
Danube River, 110, 1573, Bodies of Water & Bodies of Water, Europe & Hungary & Central Hungary & Budapest & Things to Do in Budapest, 4.5, 47.502583, 19.04263, 688353339, 20190701, 20190601, 5.0, 963David, /Profile/963David, 46d03abe0a3ddd706cb909e9e50b0c4a, /Attraction_Review-g274887-d298971-Reviews-Danube_River-Budapest_Central_Hungary.html
