review_location_name, review_current_page, review_last_page, review_location_type, review_location_breadcrumbs, review_location_rate, location_lat, location_lng, review_id, review_date, review_experience_date, review_rate, user_name, user_link, user_id, parent_url
Hungarian State Opera House (Magyar Allami Operahaz), 79, 846, Operas & Architectural Buildings & Operas & Architectural Buildings, Europe & Hungary & Central Hungary & Budapest & Things to Do in Budapest, 4.5, 47.50251, 19.05866, 537170596, 20171001, 20171001, 3.0, Glitter D, /Profile/glitterd2017, c8aea2854441918a1702eee50c322be2, /Attraction_Review-g274887-d276812-Reviews-Hungarian_State_Opera_House_Magyar_Allami_Operahaz-Budapest_Central_Hungary.html
Hungarian State Opera House (Magyar Allami Operahaz), 79, 846, Operas & Architectural Buildings & Operas & Architectural Buildings, Europe & Hungary & Central Hungary & Budapest & Things to Do in Budapest, 4.5, 47.50251, 19.05866, 536813502, 20171001, 20171001, 5.0, Emma D, /Profile/559emmad, 288c0ce9cc6c8704819c6b5336416685, /Attraction_Review-g274887-d276812-Reviews-Hungarian_State_Opera_House_Magyar_Allami_Operahaz-Budapest_Central_Hungary.html
Hungarian State Opera House (Magyar Allami Operahaz), 79, 846, Operas & Architectural Buildings & Operas & Architectural Buildings, Europe & Hungary & Central Hungary & Budapest & Things to Do in Budapest, 4.5, 47.50251, 19.05866, 536771895, 20171001, 20171001, 5.0, siddhantk, /Profile/siddhantkeshwani, 2baf82d1f888bdea5e10bffdfea0f698, /Attraction_Review-g274887-d276812-Reviews-Hungarian_State_Opera_House_Magyar_Allami_Operahaz-Budapest_Central_Hungary.html
Hungarian State Opera House (Magyar Allami Operahaz), 79, 846, Operas & Architectural Buildings & Operas & Architectural Buildings, Europe & Hungary & Central Hungary & Budapest & Things to Do in Budapest, 4.5, 47.50251, 19.05866, 536651933, 20171001, 20171001, 5.0, AfricaLorente, /Profile/AfricaLorente, 3bf7881c93997909c12d9f00a5def18c, /Attraction_Review-g274887-d276812-Reviews-Hungarian_State_Opera_House_Magyar_Allami_Operahaz-Budapest_Central_Hungary.html
Hungarian State Opera House (Magyar Allami Operahaz), 79, 846, Operas & Architectural Buildings & Operas & Architectural Buildings, Europe & Hungary & Central Hungary & Budapest & Things to Do in Budapest, 4.5, 47.50251, 19.05866, 536450154, 20171001, 20171001, 4.0, Tom J, /Profile/tomj932, 58145bfa60eecf5d0c14d0fa45a66bdb, /Attraction_Review-g274887-d276812-Reviews-Hungarian_State_Opera_House_Magyar_Allami_Operahaz-Budapest_Central_Hungary.html
