review_location_name, review_current_page, review_last_page, review_location_type, review_location_breadcrumbs, review_location_rate, location_lat, location_lng, review_id, review_date, review_experience_date, review_rate, user_name, user_link, user_id, parent_url
St. Stephen's Basilica (Szent Istvan Bazilika), 289, 2211, Sacred & Religious Sites & Churches & Cathedrals & Sacred & Religious Sites & Churches & Cathedrals, Europe & Hungary & Central Hungary & Budapest & Things to Do in Budapest, 4.5, 47.50078, 19.053968, 642097650, 20181201, 20181201, 4.0, Alximistis, /Profile/alximistisa, 6ba628f066a26fa1c028eb5e90f0a9f1, /Attraction_Review-g274887-d276822-Reviews-St_Stephen_s_Basilica_Szent_Istvan_Bazilika-Budapest_Central_Hungary.html
St. Stephen's Basilica (Szent Istvan Bazilika), 289, 2211, Sacred & Religious Sites & Churches & Cathedrals & Sacred & Religious Sites & Churches & Cathedrals, Europe & Hungary & Central Hungary & Budapest & Things to Do in Budapest, 4.5, 47.50078, 19.053968, 641944618, 20181201, 20181201, 4.0, Vitor S, /Profile/172vitors, 60ed8e07a3043603b1aabc0cb4922c6e, /Attraction_Review-g274887-d276822-Reviews-St_Stephen_s_Basilica_Szent_Istvan_Bazilika-Budapest_Central_Hungary.html
St. Stephen's Basilica (Szent Istvan Bazilika), 289, 2211, Sacred & Religious Sites & Churches & Cathedrals & Sacred & Religious Sites & Churches & Cathedrals, Europe & Hungary & Central Hungary & Budapest & Things to Do in Budapest, 4.5, 47.50078, 19.053968, 641844309, 20181201, 20181201, 1.0, Jane H, /Profile/janehU1247RC, 07a25b56fdfce051f80235fdf01cf379, /Attraction_Review-g274887-d276822-Reviews-St_Stephen_s_Basilica_Szent_Istvan_Bazilika-Budapest_Central_Hungary.html
St. Stephen's Basilica (Szent Istvan Bazilika), 289, 2211, Sacred & Religious Sites & Churches & Cathedrals & Sacred & Religious Sites & Churches & Cathedrals, Europe & Hungary & Central Hungary & Budapest & Things to Do in Budapest, 4.5, 47.50078, 19.053968, 641801763, 20181201, 20181201, 5.0, Fani K, /Profile/Fani_Karran, 5f52bd736ea2d622f5a72cc5009e8502, /Attraction_Review-g274887-d276822-Reviews-St_Stephen_s_Basilica_Szent_Istvan_Bazilika-Budapest_Central_Hungary.html
St. Stephen's Basilica (Szent Istvan Bazilika), 289, 2211, Sacred & Religious Sites & Churches & Cathedrals & Sacred & Religious Sites & Churches & Cathedrals, Europe & Hungary & Central Hungary & Budapest & Things to Do in Budapest, 4.5, 47.50078, 19.053968, 641724915, 20181201, 20181201, 4.0, Cnn5, /Profile/Cnn5, 35609067c483ee536ae83ae9896e506d, /Attraction_Review-g274887-d276822-Reviews-St_Stephen_s_Basilica_Szent_Istvan_Bazilika-Budapest_Central_Hungary.html
