review_location_name, review_current_page, review_last_page, review_location_type, review_location_breadcrumbs, review_location_rate, location_lat, location_lng, review_id, review_date, review_experience_date, review_rate, user_name, user_link, user_id, parent_url
Danube River, 389, 1573, Bodies of Water & Bodies of Water, Europe & Hungary & Central Hungary & Budapest & Things to Do in Budapest, 4.5, 47.502583, 19.04263, 589928362, 20180601, 20180601, 5.0, lgriller, /Profile/lgriller, f675b0730022c125c388f6bac10f6ad5, /Attraction_Review-g274887-d298971-Reviews-Danube_River-Budapest_Central_Hungary.html
Danube River, 389, 1573, Bodies of Water & Bodies of Water, Europe & Hungary & Central Hungary & Budapest & Things to Do in Budapest, 4.5, 47.502583, 19.04263, 589920295, 20180601, 20180601, 4.0, Mike S, /Profile/C8089HAmikes, fca52741d488448d29adf899d40dab7c, /Attraction_Review-g274887-d298971-Reviews-Danube_River-Budapest_Central_Hungary.html
Danube River, 389, 1573, Bodies of Water & Bodies of Water, Europe & Hungary & Central Hungary & Budapest & Things to Do in Budapest, 4.5, 47.502583, 19.04263, 589910538, 20180601, 20180601, 5.0, Jazmin-Heaven W, /Profile/jazminheavenw, 0d709f6ddcaa8140e92f6973a6353810, /Attraction_Review-g274887-d298971-Reviews-Danube_River-Budapest_Central_Hungary.html
Danube River, 389, 1573, Bodies of Water & Bodies of Water, Europe & Hungary & Central Hungary & Budapest & Things to Do in Budapest, 4.5, 47.502583, 19.04263, 589901045, 20180601, 20180301, 5.0, toby A, /Profile/tobya967, a7ea73e05ed4e1dfc79b12b2ba3aeaa4, /Attraction_Review-g274887-d298971-Reviews-Danube_River-Budapest_Central_Hungary.html
Danube River, 389, 1573, Bodies of Water & Bodies of Water, Europe & Hungary & Central Hungary & Budapest & Things to Do in Budapest, 4.5, 47.502583, 19.04263, 589845190, 20180601, 20180601, 5.0, Suwanna C, /Profile/suwannac2016, ac0264200d66a4d244aa547fad22320f, /Attraction_Review-g274887-d298971-Reviews-Danube_River-Budapest_Central_Hungary.html
