review_location_name, review_current_page, review_last_page, review_location_type, review_location_breadcrumbs, review_location_rate, location_lat, location_lng, review_id, review_date, review_experience_date, review_rate, user_name, user_link, user_id, parent_url
Panoptikum, 17, 107, History Museums & History Museums, Europe & Hungary & Central Hungary & Budapest & Things to Do in Budapest, 3.5, 47.500263, 19.034166, 651298819, 20190201, 20190201, 5.0, Steven T, /Profile/StevenT1602, e1bce5c669b081500d773414e2c512bf, /Attraction_Review-g274887-d7372844-Reviews-Panoptikum-Budapest_Central_Hungary.html
Panoptikum, 17, 107, History Museums & History Museums, Europe & Hungary & Central Hungary & Budapest & Things to Do in Budapest, 3.5, 47.500263, 19.034166, 650122395, 20190201, 20181001, 4.0, Richard W, /Profile/richardwY7322IB, 77390ffcdf2ce711b7734d0cc95db2b8, /Attraction_Review-g274887-d7372844-Reviews-Panoptikum-Budapest_Central_Hungary.html
Panoptikum, 17, 107, History Museums & History Museums, Europe & Hungary & Central Hungary & Budapest & Things to Do in Budapest, 3.5, 47.500263, 19.034166, 649601053, 20190201, 20190101, 5.0, zazzy99, /Profile/zazzy99, 9f856b181abecdac0b1cd49d2f25462b, /Attraction_Review-g274887-d7372844-Reviews-Panoptikum-Budapest_Central_Hungary.html
Panoptikum, 17, 107, History Museums & History Museums, Europe & Hungary & Central Hungary & Budapest & Things to Do in Budapest, 3.5, 47.500263, 19.034166, 649384237, 20190101, 20190101, 1.0, wolves95, /Profile/wolves95, 84f099631b2fbe15ea65ca2f5202dd94, /Attraction_Review-g274887-d7372844-Reviews-Panoptikum-Budapest_Central_Hungary.html
Panoptikum, 17, 107, History Museums & History Museums, Europe & Hungary & Central Hungary & Budapest & Things to Do in Budapest, 3.5, 47.500263, 19.034166, 649102959, 20190101, 20190101, 4.0, E17_KJ, /Profile/E17_KJ, 058960ce460bdfad0fef139c167b97c2, /Attraction_Review-g274887-d7372844-Reviews-Panoptikum-Budapest_Central_Hungary.html
