review_location_name, review_current_page, review_last_page, review_location_type, review_location_breadcrumbs, review_location_rate, location_lat, location_lng, review_id, review_date, review_experience_date, review_rate, user_name, user_link, user_id, parent_url
Shoes on the Danube Bank, 502, 2212, Historic Sites & Points of Interest & Landmarks & Monuments & Statues & Historic Sites & Points of Interest & Landmarks & Monuments & Statues, Europe & Hungary & Central Hungary & Budapest & Things to Do in Budapest, 4.5, 47.503918, 19.044844, 600049931, 20180701, 20170801, 4.0, a.suthers, /Profile/a_suthers, 8b3b794dfbfb8fa80245867782171bd9, /Attraction_Review-g274887-d1063833-Reviews-Shoes_on_the_Danube_Bank-Budapest_Central_Hungary.html
Shoes on the Danube Bank, 502, 2212, Historic Sites & Points of Interest & Landmarks & Monuments & Statues & Historic Sites & Points of Interest & Landmarks & Monuments & Statues, Europe & Hungary & Central Hungary & Budapest & Things to Do in Budapest, 4.5, 47.503918, 19.044844, 599984074, 20180701, 20180601, 5.0, Rod O, /Profile/rodo407, caf596d683ddec7418752c505a31e284, /Attraction_Review-g274887-d1063833-Reviews-Shoes_on_the_Danube_Bank-Budapest_Central_Hungary.html
Shoes on the Danube Bank, 502, 2212, Historic Sites & Points of Interest & Landmarks & Monuments & Statues & Historic Sites & Points of Interest & Landmarks & Monuments & Statues, Europe & Hungary & Central Hungary & Budapest & Things to Do in Budapest, 4.5, 47.503918, 19.044844, 599923395, 20180701, 20180701, 4.0, DougieMac, /Profile/DougieMac, 97efb000a0bab110bc3ef04cb7c69080, /Attraction_Review-g274887-d1063833-Reviews-Shoes_on_the_Danube_Bank-Budapest_Central_Hungary.html
Shoes on the Danube Bank, 502, 2212, Historic Sites & Points of Interest & Landmarks & Monuments & Statues & Historic Sites & Points of Interest & Landmarks & Monuments & Statues, Europe & Hungary & Central Hungary & Budapest & Things to Do in Budapest, 4.5, 47.503918, 19.044844, 599908649, 20180701, 20180101, 5.0, Ginolago, /Profile/Ginolago, 7bf585a1d9fef6c6a88c6e875045edfb, /Attraction_Review-g274887-d1063833-Reviews-Shoes_on_the_Danube_Bank-Budapest_Central_Hungary.html
Shoes on the Danube Bank, 502, 2212, Historic Sites & Points of Interest & Landmarks & Monuments & Statues & Historic Sites & Points of Interest & Landmarks & Monuments & Statues, Europe & Hungary & Central Hungary & Budapest & Things to Do in Budapest, 4.5, 47.503918, 19.044844, 599827467, 20180701, 20180701, 5.0, Jo B, /Profile/JoB240, 2014e47aee8a486791e5737769e18674, /Attraction_Review-g274887-d1063833-Reviews-Shoes_on_the_Danube_Bank-Budapest_Central_Hungary.html
