review_location_name, review_current_page, review_last_page, review_location_type, review_location_breadcrumbs, review_location_rate, location_lat, location_lng, review_id, review_date, review_experience_date, review_rate, user_name, user_link, user_id, parent_url
Nádasdy Ferenc Museum, 5, 7, Military Museums & Specialty Museums & Castles & History Museums & More &   & Military Museums & Specialty Museums & Castles & History Museums & More &  , Europe & Hungary & Western Transdanubia & Vas County & Sarvar & Things to Do in Sarvar, 4.0, 47.25327, 16.93627, 337688753, 20160101, 20151201, 3.0, TeeN73, /Profile/TeeN73, 402682ee6c66d87492386d0b224cb1ce, /Attraction_Review-g274907-d1906705-Reviews-Nadasdy_Ferenc_Museum-Sarvar_Vas_County_Western_Transdanubia.html
Nádasdy Ferenc Museum, 5, 7, Military Museums & Specialty Museums & Castles & History Museums & More &   & Military Museums & Specialty Museums & Castles & History Museums & More &  , Europe & Hungary & Western Transdanubia & Vas County & Sarvar & Things to Do in Sarvar, 4.0, 47.25327, 16.93627, 260839616, 20150301, 20150301, 4.0, Snowangel1221, /Profile/Snowangel1221, 17345c8e7f52a1e8734b030b8de10b1b, /Attraction_Review-g274907-d1906705-Reviews-Nadasdy_Ferenc_Museum-Sarvar_Vas_County_Western_Transdanubia.html
Nádasdy Ferenc Museum, 5, 7, Military Museums & Specialty Museums & Castles & History Museums & More &   & Military Museums & Specialty Museums & Castles & History Museums & More &  , Europe & Hungary & Western Transdanubia & Vas County & Sarvar & Things to Do in Sarvar, 4.0, 47.25327, 16.93627, 219163023, 20140801, 20140501, 2.0, Kaviana, /Profile/Kaviana, 082795466a9880f3dc7d7a64f00dae85, /Attraction_Review-g274907-d1906705-Reviews-Nadasdy_Ferenc_Museum-Sarvar_Vas_County_Western_Transdanubia.html
Nádasdy Ferenc Museum, 5, 7, Military Museums & Specialty Museums & Castles & History Museums & More &   & Military Museums & Specialty Museums & Castles & History Museums & More &  , Europe & Hungary & Western Transdanubia & Vas County & Sarvar & Things to Do in Sarvar, 4.0, 47.25327, 16.93627, 206171008, 20140501, 20140501, 2.0, Zoltan N, /Profile/zoltann216, e211be8f9e4005d43e5abc492248c031, /Attraction_Review-g274907-d1906705-Reviews-Nadasdy_Ferenc_Museum-Sarvar_Vas_County_Western_Transdanubia.html
Nádasdy Ferenc Museum, 5, 7, Military Museums & Specialty Museums & Castles & History Museums & More &   & Military Museums & Specialty Museums & Castles & History Museums & More &  , Europe & Hungary & Western Transdanubia & Vas County & Sarvar & Things to Do in Sarvar, 4.0, 47.25327, 16.93627, 198346603, 20140301, 20140301, 4.0, santhoshjoghee, /Profile/santhoshjoghee, 5ee5e0dd8152f426c384b134d02675c1, /Attraction_Review-g274907-d1906705-Reviews-Nadasdy_Ferenc_Museum-Sarvar_Vas_County_Western_Transdanubia.html
