review_location_name, review_current_page, review_last_page, review_location_type, review_location_breadcrumbs, review_location_rate, location_lat, location_lng, review_id, review_date, review_experience_date, review_rate, user_name, user_link, user_id, parent_url
Hungarian Parliament Building, 1004, 3398, Architectural Buildings & Government Buildings & Architectural Buildings & Government Buildings, Europe & Hungary & Central Hungary & Budapest & Things to Do in Budapest, 4.5, 47.507156, 19.045685, 557233976, 20180101, 20180101, 5.0, Salvatore S, /Profile/SalvatoreS1037, 9040d1691828a1edb712b3369b8ae13f, /Attraction_Review-g274887-d276817-Reviews-Hungarian_Parliament_Building-Budapest_Central_Hungary.html
Hungarian Parliament Building, 1004, 3398, Architectural Buildings & Government Buildings & Architectural Buildings & Government Buildings, Europe & Hungary & Central Hungary & Budapest & Things to Do in Budapest, 4.5, 47.507156, 19.045685, 557198608, 20180101, 20171101, 3.0, Donna G, /Profile/dgrey2015, 196639acb7e66d25954bec9bc35f661e, /Attraction_Review-g274887-d276817-Reviews-Hungarian_Parliament_Building-Budapest_Central_Hungary.html
Hungarian Parliament Building, 1004, 3398, Architectural Buildings & Government Buildings & Architectural Buildings & Government Buildings, Europe & Hungary & Central Hungary & Budapest & Things to Do in Budapest, 4.5, 47.507156, 19.045685, 557189649, 20180101, 20180101, 4.0, bedhopper69, /Profile/bedhopper69, aec827595032841ef0d8c85ff9777cef, /Attraction_Review-g274887-d276817-Reviews-Hungarian_Parliament_Building-Budapest_Central_Hungary.html
Hungarian Parliament Building, 1004, 3398, Architectural Buildings & Government Buildings & Architectural Buildings & Government Buildings, Europe & Hungary & Central Hungary & Budapest & Things to Do in Budapest, 4.5, 47.507156, 19.045685, 557162444, 20180101, 20180101, 3.0, frisquettelea, /Profile/frisquettelea, a80df203d6567b7c58ad8ca2a78b6e95, /Attraction_Review-g274887-d276817-Reviews-Hungarian_Parliament_Building-Budapest_Central_Hungary.html
Hungarian Parliament Building, 1004, 3398, Architectural Buildings & Government Buildings & Architectural Buildings & Government Buildings, Europe & Hungary & Central Hungary & Budapest & Things to Do in Budapest, 4.5, 47.507156, 19.045685, 557152078, 20180101, 20180101, 4.0, EJB, /Profile/London74town, fe55e35cec8dd45aae8280b175e22f8a, /Attraction_Review-g274887-d276817-Reviews-Hungarian_Parliament_Building-Budapest_Central_Hungary.html
