review_location_name, review_current_page, review_last_page, review_location_type, review_location_breadcrumbs, review_location_rate, location_lat, location_lng, review_id, review_date, review_experience_date, review_rate, user_name, user_link, user_id, parent_url
Buda Castle, 3, 764, Castles & Castles, Europe & Hungary & Central Hungary & Budapest & Things to Do in Budapest, 4.5, 47.49532, 19.03989, 756926211, 20200601, 20191001, 5.0, MoonaMuslim, /Profile/Moonamuslim, 822dc65bfa4331bba535bbe1acb311ab, /Attraction_Review-g274887-d276804-Reviews-Buda_Castle-Budapest_Central_Hungary.html
Buda Castle, 3, 764, Castles & Castles, Europe & Hungary & Central Hungary & Budapest & Things to Do in Budapest, 4.5, 47.49532, 19.03989, 755435041, 20200501, 20190801, 4.0, CJ W, /Profile/445cjw, ed85571e9a31ef0739da63973a1db7d8, /Attraction_Review-g274887-d276804-Reviews-Buda_Castle-Budapest_Central_Hungary.html
Buda Castle, 3, 764, Castles & Castles, Europe & Hungary & Central Hungary & Budapest & Things to Do in Budapest, 4.5, 47.49532, 19.03989, 753411286, 20200501, 20200101, 5.0, SpirosK photography, /Profile/SpirosKphotography, 1a1cbf076eb9b971278a782d067cf58f, /Attraction_Review-g274887-d276804-Reviews-Buda_Castle-Budapest_Central_Hungary.html
Buda Castle, 3, 764, Castles & Castles, Europe & Hungary & Central Hungary & Budapest & Things to Do in Budapest, 4.5, 47.49532, 19.03989, 752631052, 20200401, 20190701, 5.0, Ana G, /Profile/anagP6520XJ, ea2752e42c574445fbebf1d44b8c5311, /Attraction_Review-g274887-d276804-Reviews-Buda_Castle-Budapest_Central_Hungary.html
Buda Castle, 3, 764, Castles & Castles, Europe & Hungary & Central Hungary & Budapest & Things to Do in Budapest, 4.5, 47.49532, 19.03989, 752317420, 20200401, 20190501, 5.0, Md2012, /Profile/Mold2012, 7b272b9b6898a7b00fe1d3090372b9d4, /Attraction_Review-g274887-d276804-Reviews-Buda_Castle-Budapest_Central_Hungary.html
