review_location_name, review_current_page, review_last_page, review_location_type, review_location_breadcrumbs, review_location_rate, location_lat, location_lng, review_id, review_date, review_experience_date, review_rate, user_name, user_link, user_id, parent_url
Memento Park, 42, 152, Specialty Museums & Specialty Museums, Europe & Hungary & Central Hungary & Budapest & Things to Do in Budapest, 4.0, 47.426434, 18.999565, 459969170, 20170201, 20170201, 4.0, SusH4, /Profile/SusH4, 26db5809c9fa04eb73cc26a7397c4ee5, /Attraction_Review-g274887-d276834-Reviews-Memento_Park-Budapest_Central_Hungary.html
Memento Park, 42, 152, Specialty Museums & Specialty Museums, Europe & Hungary & Central Hungary & Budapest & Things to Do in Budapest, 4.0, 47.426434, 18.999565, 455954753, 20170101, 20161101, 3.0, ElmerSan, /Profile/ElmerSan, f6da04020eb827ced30420b7a554d55f, /Attraction_Review-g274887-d276834-Reviews-Memento_Park-Budapest_Central_Hungary.html
Memento Park, 42, 152, Specialty Museums & Specialty Museums, Europe & Hungary & Central Hungary & Budapest & Things to Do in Budapest, 4.0, 47.426434, 18.999565, 452092828, 20170101, 20160201, 4.0, Gemma F, /Profile/gemfowlds, cbaa8e0c9aba02ee08434f633ca2124e, /Attraction_Review-g274887-d276834-Reviews-Memento_Park-Budapest_Central_Hungary.html
Memento Park, 42, 152, Specialty Museums & Specialty Museums, Europe & Hungary & Central Hungary & Budapest & Things to Do in Budapest, 4.0, 47.426434, 18.999565, 451588922, 20170101, 20170101, 3.0, laura_runs262, /Profile/laura_runs262, dc607ba9f7755f1d8346c6042d23110d, /Attraction_Review-g274887-d276834-Reviews-Memento_Park-Budapest_Central_Hungary.html
Memento Park, 42, 152, Specialty Museums & Specialty Museums, Europe & Hungary & Central Hungary & Budapest & Things to Do in Budapest, 4.0, 47.426434, 18.999565, 450636448, 20170101, 20170101, 4.0, Zoltan M, /Profile/zoltanm461, 58e48b6e608d33883a5467cb1bc42124, /Attraction_Review-g274887-d276834-Reviews-Memento_Park-Budapest_Central_Hungary.html
