review_location_name, review_current_page, review_last_page, review_location_type, review_location_breadcrumbs, review_location_rate, location_lat, location_lng, review_id, review_date, review_experience_date, review_rate, user_name, user_link, user_id, parent_url
Zwack Heritage and Visitors' Centre, 1, 22, Distilleries & Visitor Centers & Specialty Museums & Distilleries & Visitor Centers & Specialty Museums, Europe & Hungary & Central Hungary & Budapest & Things to Do in Budapest, 4.5, 47.476074, 19.070206, 746074785, 20200201, 20200201, 5.0, Swedishtomcat, /Profile/Swedishtomcat, 29ca028ba0a20424f08f0f490d9b452c, /Attraction_Review-g274887-d3700836-Reviews-Zwack_Heritage_and_Visitors_Centre-Budapest_Central_Hungary.html
Zwack Heritage and Visitors' Centre, 1, 22, Distilleries & Visitor Centers & Specialty Museums & Distilleries & Visitor Centers & Specialty Museums, Europe & Hungary & Central Hungary & Budapest & Things to Do in Budapest, 4.5, 47.476074, 19.070206, 744817747, 20200201, 20190901, 4.0, Kristie T, /Profile/152kristiet, 25ddd54d955876117de97614fe92be0d, /Attraction_Review-g274887-d3700836-Reviews-Zwack_Heritage_and_Visitors_Centre-Budapest_Central_Hungary.html
Zwack Heritage and Visitors' Centre, 1, 22, Distilleries & Visitor Centers & Specialty Museums & Distilleries & Visitor Centers & Specialty Museums, Europe & Hungary & Central Hungary & Budapest & Things to Do in Budapest, 4.5, 47.476074, 19.070206, 741424684, 20200101, 20190901, 5.0, Chef Patrick, /Profile/LeChefpatrick, 9feef92937e584e606c6049723444d48, /Attraction_Review-g274887-d3700836-Reviews-Zwack_Heritage_and_Visitors_Centre-Budapest_Central_Hungary.html
Zwack Heritage and Visitors' Centre, 1, 22, Distilleries & Visitor Centers & Specialty Museums & Distilleries & Visitor Centers & Specialty Museums, Europe & Hungary & Central Hungary & Budapest & Things to Do in Budapest, 4.5, 47.476074, 19.070206, 736489143, 20200101, 20190901, 5.0, Tímea K, /Profile/884t_meak, 5b272bc6b506d75175cb30b4527a64f5, /Attraction_Review-g274887-d3700836-Reviews-Zwack_Heritage_and_Visitors_Centre-Budapest_Central_Hungary.html
Zwack Heritage and Visitors' Centre, 1, 22, Distilleries & Visitor Centers & Specialty Museums & Distilleries & Visitor Centers & Specialty Museums, Europe & Hungary & Central Hungary & Budapest & Things to Do in Budapest, 4.5, 47.476074, 19.070206, 727090391, 20191101, 20191101, 4.0, brownbull59, /Profile/brownbull59, 8d9a50927a7ef167bc765523e53585a4, /Attraction_Review-g274887-d3700836-Reviews-Zwack_Heritage_and_Visitors_Centre-Budapest_Central_Hungary.html
