review_location_name, review_current_page, review_last_page, review_location_type, review_location_breadcrumbs, review_location_rate, location_lat, location_lng, review_id, review_date, review_experience_date, review_rate, user_name, user_link, user_id, parent_url
Hungarian Parliament Building, 634, 3398, Architectural Buildings & Government Buildings & Architectural Buildings & Government Buildings, Europe & Hungary & Central Hungary & Budapest & Things to Do in Budapest, 4.5, 47.507156, 19.045685, 621469880, 20181001, 20180901, 4.0, Nordictraveller, /Profile/sabirmohammedi, 7f12107459b0f83d75fa6a3010083d8c, /Attraction_Review-g274887-d276817-Reviews-Hungarian_Parliament_Building-Budapest_Central_Hungary.html
Hungarian Parliament Building, 634, 3398, Architectural Buildings & Government Buildings & Architectural Buildings & Government Buildings, Europe & Hungary & Central Hungary & Budapest & Things to Do in Budapest, 4.5, 47.507156, 19.045685, 621421107, 20181001, 20181001, 5.0, Ctd D, /Profile/ctdd_13, 578b33748a7983e9a84ccaa28a79e70e, /Attraction_Review-g274887-d276817-Reviews-Hungarian_Parliament_Building-Budapest_Central_Hungary.html
Hungarian Parliament Building, 634, 3398, Architectural Buildings & Government Buildings & Architectural Buildings & Government Buildings, Europe & Hungary & Central Hungary & Budapest & Things to Do in Budapest, 4.5, 47.507156, 19.045685, 621403468, 20181001, 20180801, 5.0, JG-Blr, /Profile/JG-Blr, 947fae0e6f9b5ae2e77a430ec331d6d3, /Attraction_Review-g274887-d276817-Reviews-Hungarian_Parliament_Building-Budapest_Central_Hungary.html
Hungarian Parliament Building, 634, 3398, Architectural Buildings & Government Buildings & Architectural Buildings & Government Buildings, Europe & Hungary & Central Hungary & Budapest & Things to Do in Budapest, 4.5, 47.507156, 19.045685, 621378507, 20181001, 20180901, 5.0, Partho Mullick, /Profile/ParthoMullick, 011afa5b446f64475d11b28464863465, /Attraction_Review-g274887-d276817-Reviews-Hungarian_Parliament_Building-Budapest_Central_Hungary.html
Hungarian Parliament Building, 634, 3398, Architectural Buildings & Government Buildings & Architectural Buildings & Government Buildings, Europe & Hungary & Central Hungary & Budapest & Things to Do in Budapest, 4.5, 47.507156, 19.045685, 621372356, 20181001, 20180901, 5.0, Tilly M, /Profile/tillymajor21663, 5f53c9dd759c51b5a9e40199eae5342b, /Attraction_Review-g274887-d276817-Reviews-Hungarian_Parliament_Building-Budapest_Central_Hungary.html
