review_location_name, review_current_page, review_last_page, review_location_type, review_location_breadcrumbs, review_location_rate, location_lat, location_lng, review_id, review_date, review_experience_date, review_rate, user_name, user_link, user_id, parent_url
Hungarian State Opera House (Magyar Allami Operahaz), 82, 846, Operas & Architectural Buildings & Operas & Architectural Buildings, Europe & Hungary & Central Hungary & Budapest & Things to Do in Budapest, 4.5, 47.50251, 19.05866, 533441154, 20171001, 20170901, 4.0, Nicki S, /Profile/770nickis, 1a602c26f507727ea2747ff4500ad95b, /Attraction_Review-g274887-d276812-Reviews-Hungarian_State_Opera_House_Magyar_Allami_Operahaz-Budapest_Central_Hungary.html
Hungarian State Opera House (Magyar Allami Operahaz), 82, 846, Operas & Architectural Buildings & Operas & Architectural Buildings, Europe & Hungary & Central Hungary & Budapest & Things to Do in Budapest, 4.5, 47.50251, 19.05866, 533290105, 20171001, 20170901, 5.0, LadyGolfer60, /Profile/LadyGolfer60, b19d1b86dba9256eb6aca4e7c8ebf1da, /Attraction_Review-g274887-d276812-Reviews-Hungarian_State_Opera_House_Magyar_Allami_Operahaz-Budapest_Central_Hungary.html
Hungarian State Opera House (Magyar Allami Operahaz), 82, 846, Operas & Architectural Buildings & Operas & Architectural Buildings, Europe & Hungary & Central Hungary & Budapest & Things to Do in Budapest, 4.5, 47.50251, 19.05866, 533232265, 20171001, 20171001, 3.0, llampec, /Profile/llampec, 5c03ca6a3613acb01f616806de11d30a, /Attraction_Review-g274887-d276812-Reviews-Hungarian_State_Opera_House_Magyar_Allami_Operahaz-Budapest_Central_Hungary.html
Hungarian State Opera House (Magyar Allami Operahaz), 82, 846, Operas & Architectural Buildings & Operas & Architectural Buildings, Europe & Hungary & Central Hungary & Budapest & Things to Do in Budapest, 4.5, 47.50251, 19.05866, 533077723, 20171001, 20171001, 5.0, VivWestbrook, /Profile/VivWestbrook, 4913a92a35b30af2f75b497e05c0fe45, /Attraction_Review-g274887-d276812-Reviews-Hungarian_State_Opera_House_Magyar_Allami_Operahaz-Budapest_Central_Hungary.html
Hungarian State Opera House (Magyar Allami Operahaz), 82, 846, Operas & Architectural Buildings & Operas & Architectural Buildings, Europe & Hungary & Central Hungary & Budapest & Things to Do in Budapest, 4.5, 47.50251, 19.05866, 532944344, 20171001, 20170901, 5.0, DinaColumbus_NC, /Profile/DinaColumbus_NC, b074aa93cf2efdd9db46ba4944f58059, /Attraction_Review-g274887-d276812-Reviews-Hungarian_State_Opera_House_Magyar_Allami_Operahaz-Budapest_Central_Hungary.html
