review_location_name, review_current_page, review_last_page, review_location_type, review_location_breadcrumbs, review_location_rate, location_lat, location_lng, review_id, review_date, review_experience_date, review_rate, user_name, user_link, user_id, parent_url
Gellert Hill, 92, 752, Historic Sites & Historic Sites, Europe & Hungary & Central Hungary & Budapest & Things to Do in Budapest, 4.5, 47.486763, 19.047941, 629253454, 20181001, 20181001, 5.0, Robinkh, /Profile/Robinkh, 247f686a02da8d8be00a703f5274f2e8, /Attraction_Review-g274887-d276878-Reviews-Gellert_Hill-Budapest_Central_Hungary.html
Gellert Hill, 92, 752, Historic Sites & Historic Sites, Europe & Hungary & Central Hungary & Budapest & Things to Do in Budapest, 4.5, 47.486763, 19.047941, 629130110, 20181001, 20181001, 4.0, Angie, /Profile/angiee_958, 9a8d0b6c457e2940ac2a54f91978d877, /Attraction_Review-g274887-d276878-Reviews-Gellert_Hill-Budapest_Central_Hungary.html
Gellert Hill, 92, 752, Historic Sites & Historic Sites, Europe & Hungary & Central Hungary & Budapest & Things to Do in Budapest, 4.5, 47.486763, 19.047941, 629022909, 20181001, 20181001, 4.0, Bob D, /Profile/E5243FGbobd, 3fa965efa55c7d8ca8663d403502037c, /Attraction_Review-g274887-d276878-Reviews-Gellert_Hill-Budapest_Central_Hungary.html
Gellert Hill, 92, 752, Historic Sites & Historic Sites, Europe & Hungary & Central Hungary & Budapest & Things to Do in Budapest, 4.5, 47.486763, 19.047941, 628161218, 20181001, 20180901, 5.0, Harsh Kandoi, /Profile/harshkandoi, a1e7d07d3789498813a9052d855cbaf3, /Attraction_Review-g274887-d276878-Reviews-Gellert_Hill-Budapest_Central_Hungary.html
Gellert Hill, 92, 752, Historic Sites & Historic Sites, Europe & Hungary & Central Hungary & Budapest & Things to Do in Budapest, 4.5, 47.486763, 19.047941, 627776140, 20181001, 20181001, 5.0, LizBroxburn, /Profile/LizBroxburn, 8fd35bfff3b66d6c8c6e9d367da84041, /Attraction_Review-g274887-d276878-Reviews-Gellert_Hill-Budapest_Central_Hungary.html
