review_location_name, review_current_page, review_last_page, review_location_type, review_location_breadcrumbs, review_location_rate, location_lat, location_lng, review_id, review_date, review_experience_date, review_rate, user_name, user_link, user_id, parent_url
St. Stephen's Basilica (Szent Istvan Bazilika), 743, 2211, Sacred & Religious Sites & Churches & Cathedrals & Sacred & Religious Sites & Churches & Cathedrals, Europe & Hungary & Central Hungary & Budapest & Things to Do in Budapest, 4.5, 47.50078, 19.053968, 509927575, 20170801, 20170801, 4.0, happy_holiday044, /Profile/happy_holiday044, 35a3ddaa5ae83e3b50f8e7a3c8c13c8a, /Attraction_Review-g274887-d276822-Reviews-St_Stephen_s_Basilica_Szent_Istvan_Bazilika-Budapest_Central_Hungary.html
St. Stephen's Basilica (Szent Istvan Bazilika), 743, 2211, Sacred & Religious Sites & Churches & Cathedrals & Sacred & Religious Sites & Churches & Cathedrals, Europe & Hungary & Central Hungary & Budapest & Things to Do in Budapest, 4.5, 47.50078, 19.053968, 509847487, 20170801, 20170701, 5.0, sorinvladescu2003, /Profile/sorinvladescu2003, 7507641d547f93a3f6c9695fa7f1887b, /Attraction_Review-g274887-d276822-Reviews-St_Stephen_s_Basilica_Szent_Istvan_Bazilika-Budapest_Central_Hungary.html
St. Stephen's Basilica (Szent Istvan Bazilika), 743, 2211, Sacred & Religious Sites & Churches & Cathedrals & Sacred & Religious Sites & Churches & Cathedrals, Europe & Hungary & Central Hungary & Budapest & Things to Do in Budapest, 4.5, 47.50078, 19.053968, 509654890, 20170801, 20170801, 2.0, Nigel F, /Profile/nigelf743, d8b7149640742573582546c452c8f2da, /Attraction_Review-g274887-d276822-Reviews-St_Stephen_s_Basilica_Szent_Istvan_Bazilika-Budapest_Central_Hungary.html
St. Stephen's Basilica (Szent Istvan Bazilika), 743, 2211, Sacred & Religious Sites & Churches & Cathedrals & Sacred & Religious Sites & Churches & Cathedrals, Europe & Hungary & Central Hungary & Budapest & Things to Do in Budapest, 4.5, 47.50078, 19.053968, 509578297, 20170801, 20170701, 5.0, grace l, /Profile/Gracielou34, a6ee9e23530e35cd8c03c2acc76bd484, /Attraction_Review-g274887-d276822-Reviews-St_Stephen_s_Basilica_Szent_Istvan_Bazilika-Budapest_Central_Hungary.html
St. Stephen's Basilica (Szent Istvan Bazilika), 743, 2211, Sacred & Religious Sites & Churches & Cathedrals & Sacred & Religious Sites & Churches & Cathedrals, Europe & Hungary & Central Hungary & Budapest & Things to Do in Budapest, 4.5, 47.50078, 19.053968, 509430581, 20170801, 20170801, 4.0, André A, /Profile/735andr_a, 9a4241f26fb1505d8850abf2f7605893, /Attraction_Review-g274887-d276822-Reviews-St_Stephen_s_Basilica_Szent_Istvan_Bazilika-Budapest_Central_Hungary.html
