review_location_name, review_current_page, review_last_page, review_location_type, review_location_breadcrumbs, review_location_rate, location_lat, location_lng, review_id, review_date, review_experience_date, review_rate, user_name, user_link, user_id, parent_url
Szemlo-Hegyi Barlang (Showcave), 6, 9, Caverns & Caves & Caverns & Caves, Europe & Hungary & Central Hungary & Budapest & Things to Do in Budapest, 4.5, 47.52843, 19.02572, 385480867, 20160601, 20150801, 2.0, Janika S, /Profile/JanikaSiro, 2018a50bffb0c40975216b47f3fe32e0, /Attraction_Review-g274887-d553476-Reviews-Szemlo_Hegyi_Barlang_Showcave-Budapest_Central_Hungary.html
Szemlo-Hegyi Barlang (Showcave), 6, 9, Caverns & Caves & Caverns & Caves, Europe & Hungary & Central Hungary & Budapest & Things to Do in Budapest, 4.5, 47.52843, 19.02572, 384046245, 20160601, 20160601, 4.0, Lise SB, /Profile/669lisesb, 823d83ceac2f1f3f0e6a1a1e4e840ad7, /Attraction_Review-g274887-d553476-Reviews-Szemlo_Hegyi_Barlang_Showcave-Budapest_Central_Hungary.html
Szemlo-Hegyi Barlang (Showcave), 6, 9, Caverns & Caves & Caverns & Caves, Europe & Hungary & Central Hungary & Budapest & Things to Do in Budapest, 4.5, 47.52843, 19.02572, 359016006, 20160301, 20160301, 4.0, Elena O, /Profile/540elenao, d7f1ce8008cf6e1e1770ec12e949ec58, /Attraction_Review-g274887-d553476-Reviews-Szemlo_Hegyi_Barlang_Showcave-Budapest_Central_Hungary.html
Szemlo-Hegyi Barlang (Showcave), 6, 9, Caverns & Caves & Caverns & Caves, Europe & Hungary & Central Hungary & Budapest & Things to Do in Budapest, 4.5, 47.52843, 19.02572, 343994521, 20160101, 20160101, 4.0, Sarah H, /Profile/sarah7x, 7d2c839172c9d2e82df24edaf9e53b18, /Attraction_Review-g274887-d553476-Reviews-Szemlo_Hegyi_Barlang_Showcave-Budapest_Central_Hungary.html
Szemlo-Hegyi Barlang (Showcave), 6, 9, Caverns & Caves & Caverns & Caves, Europe & Hungary & Central Hungary & Budapest & Things to Do in Budapest, 4.5, 47.52843, 19.02572, 334602593, 20151201, 20151201, 4.0, DancingQueenDee, /Profile/DancingQueenDee, 15a0cc3b795ee063967b5661af53a272, /Attraction_Review-g274887-d553476-Reviews-Szemlo_Hegyi_Barlang_Showcave-Budapest_Central_Hungary.html
