review_location_name, review_current_page, review_last_page, review_location_type, review_location_breadcrumbs, review_location_rate, location_lat, location_lng, review_id, review_date, review_experience_date, review_rate, user_name, user_link, user_id, parent_url
Varhegy, 255, 1155, Points of Interest & Landmarks & Points of Interest & Landmarks, Europe & Hungary & Central Hungary & Budapest & Things to Do in Budapest, 4.5, 47.49601, 19.04003, 485908076, 20170501, 20170501, 5.0, Austin_TexasRedhead, /Profile/Austin_TexasRedhead, 354f0b14beb79be722e2a27ccf174c44, /Attraction_Review-g274887-d276801-Reviews-Varhegy-Budapest_Central_Hungary.html
Varhegy, 255, 1155, Points of Interest & Landmarks & Points of Interest & Landmarks, Europe & Hungary & Central Hungary & Budapest & Things to Do in Budapest, 4.5, 47.49601, 19.04003, 485843977, 20170501, 20170301, 5.0, TonyD33, /Profile/TonyD33, d757ae55c110c8b74db9e05fbfcf733a, /Attraction_Review-g274887-d276801-Reviews-Varhegy-Budapest_Central_Hungary.html
Varhegy, 255, 1155, Points of Interest & Landmarks & Points of Interest & Landmarks, Europe & Hungary & Central Hungary & Budapest & Things to Do in Budapest, 4.5, 47.49601, 19.04003, 485821291, 20170501, 20170501, 5.0, Cẩm Mi T, /Profile/c_mmit, 0964e867266bf459acc78f4926f2816b, /Attraction_Review-g274887-d276801-Reviews-Varhegy-Budapest_Central_Hungary.html
Varhegy, 255, 1155, Points of Interest & Landmarks & Points of Interest & Landmarks, Europe & Hungary & Central Hungary & Budapest & Things to Do in Budapest, 4.5, 47.49601, 19.04003, 485735958, 20170501, 20170401, 5.0, Kate R, /Profile/Datchet, 13d304ee07a57181e6b5361e73968f90, /Attraction_Review-g274887-d276801-Reviews-Varhegy-Budapest_Central_Hungary.html
Varhegy, 255, 1155, Points of Interest & Landmarks & Points of Interest & Landmarks, Europe & Hungary & Central Hungary & Budapest & Things to Do in Budapest, 4.5, 47.49601, 19.04003, 485571504, 20170501, 20160901, 5.0, Rupin_Gupta, /Profile/Rupin_Gupta, 868170098f4a05c94b0822a05ad87729, /Attraction_Review-g274887-d276801-Reviews-Varhegy-Budapest_Central_Hungary.html
