review_location_name, review_current_page, review_last_page, review_location_type, review_location_breadcrumbs, review_location_rate, location_lat, location_lng, review_id, review_date, review_experience_date, review_rate, user_name, user_link, user_id, parent_url
Hortobagy National Park, 11, 21, National Parks & National Parks, Europe & Hungary & Northern Great Plain & Hajdu-Bihar County & Debrecen & Things to Do in Debrecen, 4.5, 47.52192, 21.62666, 295078763, 20150801, 20150801, 5.0, MelH74, /Profile/MelH74, 3205619343cf83a843252c5265714585, /Attraction_Review-g274890-d312348-Reviews-Hortobagy_National_Park-Debrecen_Hajdu_Bihar_County_Northern_Great_Plain.html
Hortobagy National Park, 11, 21, National Parks & National Parks, Europe & Hungary & Northern Great Plain & Hajdu-Bihar County & Debrecen & Things to Do in Debrecen, 4.5, 47.52192, 21.62666, 284882102, 20150701, 20150701, 4.0, Robert K, /Profile/robertkV5771FC, 46055a91a519c77cbc7ead8d700c64df, /Attraction_Review-g274890-d312348-Reviews-Hortobagy_National_Park-Debrecen_Hajdu_Bihar_County_Northern_Great_Plain.html
Hortobagy National Park, 11, 21, National Parks & National Parks, Europe & Hungary & Northern Great Plain & Hajdu-Bihar County & Debrecen & Things to Do in Debrecen, 4.5, 47.52192, 21.62666, 275870729, 20150501, 20150501, 4.0, premnathrao, /Profile/premnathrao, c48006cea536f61c068322f3d1536bbc, /Attraction_Review-g274890-d312348-Reviews-Hortobagy_National_Park-Debrecen_Hajdu_Bihar_County_Northern_Great_Plain.html
Hortobagy National Park, 11, 21, National Parks & National Parks, Europe & Hungary & Northern Great Plain & Hajdu-Bihar County & Debrecen & Things to Do in Debrecen, 4.5, 47.52192, 21.62666, 269638736, 20150501, 20150401, 4.0, bubble101, /Profile/bubble101, 1a2a91cdbd22ddb49d90704fa93a69a4, /Attraction_Review-g274890-d312348-Reviews-Hortobagy_National_Park-Debrecen_Hajdu_Bihar_County_Northern_Great_Plain.html
Hortobagy National Park, 11, 21, National Parks & National Parks, Europe & Hungary & Northern Great Plain & Hajdu-Bihar County & Debrecen & Things to Do in Debrecen, 4.5, 47.52192, 21.62666, 268910197, 20150401, 20140801, 5.0, Jeroen T, /Profile/PrivaSense, dceec2496b6563e772e2ddfa293496df, /Attraction_Review-g274890-d312348-Reviews-Hortobagy_National_Park-Debrecen_Hajdu_Bihar_County_Northern_Great_Plain.html
