review_location_name, review_current_page, review_last_page, review_location_type, review_location_breadcrumbs, review_location_rate, location_lat, location_lng, review_id, review_date, review_experience_date, review_rate, user_name, user_link, user_id, parent_url
House of Terror Museum, 348, 1299, Specialty Museums & Specialty Museums, Europe & Hungary & Central Hungary & Budapest & Things to Do in Budapest, 4.0, 47.506893, 19.065123, 532078207, 20171001, 20170901, 5.0, FSMoss, /Profile/FSMoss, 48fa7f102d4e481cfeedde55096f6df4, /Attraction_Review-g274887-d325279-Reviews-House_of_Terror_Museum-Budapest_Central_Hungary.html
House of Terror Museum, 348, 1299, Specialty Museums & Specialty Museums, Europe & Hungary & Central Hungary & Budapest & Things to Do in Budapest, 4.0, 47.506893, 19.065123, 531800201, 20171001, 20170901, 5.0, FEK80, /Profile/FEK80, 400a31964872e614b2c2f820480159ce, /Attraction_Review-g274887-d325279-Reviews-House_of_Terror_Museum-Budapest_Central_Hungary.html
House of Terror Museum, 348, 1299, Specialty Museums & Specialty Museums, Europe & Hungary & Central Hungary & Budapest & Things to Do in Budapest, 4.0, 47.506893, 19.065123, 531798566, 20171001, 20170901, 4.0, Leigha, /Profile/LCas12, beefd9c654a30c66194ce31ec446dbe7, /Attraction_Review-g274887-d325279-Reviews-House_of_Terror_Museum-Budapest_Central_Hungary.html
House of Terror Museum, 348, 1299, Specialty Museums & Specialty Museums, Europe & Hungary & Central Hungary & Budapest & Things to Do in Budapest, 4.0, 47.506893, 19.065123, 531514356, 20171001, 20171001, 4.0, Molly D, /Profile/301mollyd, f7fbe97b82ca41e92fd81d461f2809dd, /Attraction_Review-g274887-d325279-Reviews-House_of_Terror_Museum-Budapest_Central_Hungary.html
House of Terror Museum, 348, 1299, Specialty Museums & Specialty Museums, Europe & Hungary & Central Hungary & Budapest & Things to Do in Budapest, 4.0, 47.506893, 19.065123, 531451596, 20171001, 20171001, 5.0, mambaAthens, /Profile/mambaAthens, 3cf85379d8f12e2e3fbd54f0fbff1d29, /Attraction_Review-g274887-d325279-Reviews-House_of_Terror_Museum-Budapest_Central_Hungary.html
