review_location_name, review_current_page, review_last_page, review_location_type, review_location_breadcrumbs, review_location_rate, location_lat, location_lng, review_id, review_date, review_experience_date, review_rate, user_name, user_link, user_id, parent_url
Matthias Church, 16, 931, Historic Sites & Architectural Buildings & Sacred & Religious Sites & Historic Sites & Architectural Buildings & Sacred & Religious Sites, Europe & Hungary & Central Hungary & Budapest & Things to Do in Budapest, 4.5, 47.501984, 19.034206, 743178518, 20200201, 20200101, 4.0, David Barkaway, /Profile/Dbarkaway, 6026d0d03232169db1ba0347ecf2aa94, /Attraction_Review-g274887-d276808-Reviews-Matthias_Church-Budapest_Central_Hungary.html
Matthias Church, 16, 931, Historic Sites & Architectural Buildings & Sacred & Religious Sites & Historic Sites & Architectural Buildings & Sacred & Religious Sites, Europe & Hungary & Central Hungary & Budapest & Things to Do in Budapest, 4.5, 47.501984, 19.034206, 743038801, 20200201, 20200101, 5.0, nikkijjones, /Profile/nikkijjones, 140dc57b5bb7e06eebdf0d8ec66980b1, /Attraction_Review-g274887-d276808-Reviews-Matthias_Church-Budapest_Central_Hungary.html
Matthias Church, 16, 931, Historic Sites & Architectural Buildings & Sacred & Religious Sites & Historic Sites & Architectural Buildings & Sacred & Religious Sites, Europe & Hungary & Central Hungary & Budapest & Things to Do in Budapest, 4.5, 47.501984, 19.034206, 742377749, 20200201, 20190701, 5.0, Amy D, /Profile/amydB5198OE, cbe3991a4e5764d42897b22c1388ff3b, /Attraction_Review-g274887-d276808-Reviews-Matthias_Church-Budapest_Central_Hungary.html
Matthias Church, 16, 931, Historic Sites & Architectural Buildings & Sacred & Religious Sites & Historic Sites & Architectural Buildings & Sacred & Religious Sites, Europe & Hungary & Central Hungary & Budapest & Things to Do in Budapest, 4.5, 47.501984, 19.034206, 742123539, 20200101, 20200101, 4.0, Melissa J, /Profile/melissajJ9247LW, 3e3b7364b9fda6ed30485024b81dd4f2, /Attraction_Review-g274887-d276808-Reviews-Matthias_Church-Budapest_Central_Hungary.html
Matthias Church, 16, 931, Historic Sites & Architectural Buildings & Sacred & Religious Sites & Historic Sites & Architectural Buildings & Sacred & Religious Sites, Europe & Hungary & Central Hungary & Budapest & Things to Do in Budapest, 4.5, 47.501984, 19.034206, 741619770, 20200101, 20200101, 5.0, CockneyRebel, /Profile/CockneyRebel, e90cc6bc02411e28878dbc188b3c65a3, /Attraction_Review-g274887-d276808-Reviews-Matthias_Church-Budapest_Central_Hungary.html
