review_location_name, review_current_page, review_last_page, review_location_type, review_location_breadcrumbs, review_location_rate, location_lat, location_lng, review_id, review_date, review_experience_date, review_rate, user_name, user_link, user_id, parent_url
Palvolgyi Caves, 8, 14, Caverns & Caves & Caverns & Caves, Europe & Hungary & Central Hungary & Budapest & Things to Do in Budapest, 4.5, 47.5331, 19.01629, 359712475, 20160301, 20160301, 5.0, lacket, /Profile/lacket, c12d51f7befda1a5c0923280673039d9, /Attraction_Review-g274887-d5617713-Reviews-Palvolgyi_Caves-Budapest_Central_Hungary.html
Palvolgyi Caves, 8, 14, Caverns & Caves & Caverns & Caves, Europe & Hungary & Central Hungary & Budapest & Things to Do in Budapest, 4.5, 47.5331, 19.01629, 335487613, 20151201, 20151201, 5.0, Robin Y, /Profile/rmatty2015, afbdb0a771c2e5f291777a7d75109a2f, /Attraction_Review-g274887-d5617713-Reviews-Palvolgyi_Caves-Budapest_Central_Hungary.html
Palvolgyi Caves, 8, 14, Caverns & Caves & Caverns & Caves, Europe & Hungary & Central Hungary & Budapest & Things to Do in Budapest, 4.5, 47.5331, 19.01629, 334604796, 20151201, 20151201, 3.0, DancingQueenDee, /Profile/DancingQueenDee, 15a0cc3b795ee063967b5661af53a272, /Attraction_Review-g274887-d5617713-Reviews-Palvolgyi_Caves-Budapest_Central_Hungary.html
Palvolgyi Caves, 8, 14, Caverns & Caves & Caverns & Caves, Europe & Hungary & Central Hungary & Budapest & Things to Do in Budapest, 4.5, 47.5331, 19.01629, 317105718, 20151001, 20151001, 5.0, JonDoe04134, /Profile/JonDoe04134, 044d128952528dd3575308e40159cdbb, /Attraction_Review-g274887-d5617713-Reviews-Palvolgyi_Caves-Budapest_Central_Hungary.html
Palvolgyi Caves, 8, 14, Caverns & Caves & Caverns & Caves, Europe & Hungary & Central Hungary & Budapest & Things to Do in Budapest, 4.5, 47.5331, 19.01629, 316471992, 20151001, 20150901, 5.0, Vic, /Profile/VickyYap, eb74603c86d0f66795f29a39e6d4bb53, /Attraction_Review-g274887-d5617713-Reviews-Palvolgyi_Caves-Budapest_Central_Hungary.html
