review_location_name, review_current_page, review_last_page, review_location_type, review_location_breadcrumbs, review_location_rate, location_lat, location_lng, review_id, review_date, review_experience_date, review_rate, user_name, user_link, user_id, parent_url
Matthias Church, 160, 931, Historic Sites & Architectural Buildings & Sacred & Religious Sites & Historic Sites & Architectural Buildings & Sacred & Religious Sites, Europe & Hungary & Central Hungary & Budapest & Things to Do in Budapest, 4.5, 47.501984, 19.034206, 624354671, 20181001, 20181001, 5.0, woodmister, /Profile/woodmister, 27c93d53c5235770cac99d4a64b10f33, /Attraction_Review-g274887-d276808-Reviews-Matthias_Church-Budapest_Central_Hungary.html
Matthias Church, 160, 931, Historic Sites & Architectural Buildings & Sacred & Religious Sites & Historic Sites & Architectural Buildings & Sacred & Religious Sites, Europe & Hungary & Central Hungary & Budapest & Things to Do in Budapest, 4.5, 47.501984, 19.034206, 624277553, 20181001, 20181001, 5.0, Kathy H, /Profile/W5936ROkathyh, 8af92d374362e898588a52dbb0365a9e, /Attraction_Review-g274887-d276808-Reviews-Matthias_Church-Budapest_Central_Hungary.html
Matthias Church, 160, 931, Historic Sites & Architectural Buildings & Sacred & Religious Sites & Historic Sites & Architectural Buildings & Sacred & Religious Sites, Europe & Hungary & Central Hungary & Budapest & Things to Do in Budapest, 4.5, 47.501984, 19.034206, 624270501, 20181001, 20181001, 5.0, TACOB0B, /Profile/TACOB0B, c6909c1d57082af6180f93f00ba086cf, /Attraction_Review-g274887-d276808-Reviews-Matthias_Church-Budapest_Central_Hungary.html
Matthias Church, 160, 931, Historic Sites & Architectural Buildings & Sacred & Religious Sites & Historic Sites & Architectural Buildings & Sacred & Religious Sites, Europe & Hungary & Central Hungary & Budapest & Things to Do in Budapest, 4.5, 47.501984, 19.034206, 624000151, 20181001, 20181001, 5.0, 103britap, /Profile/103britap, 80c12e9eec0e0b2e4117bd6b22bc4e9c, /Attraction_Review-g274887-d276808-Reviews-Matthias_Church-Budapest_Central_Hungary.html
Matthias Church, 160, 931, Historic Sites & Architectural Buildings & Sacred & Religious Sites & Historic Sites & Architectural Buildings & Sacred & Religious Sites, Europe & Hungary & Central Hungary & Budapest & Things to Do in Budapest, 4.5, 47.501984, 19.034206, 623616927, 20181001, 20181001, 5.0, JoeDec2014, /Profile/JoeDec2014, b29708acd17e783f6c9c1a7bed6060cd, /Attraction_Review-g274887-d276808-Reviews-Matthias_Church-Budapest_Central_Hungary.html
