review_location_name, review_current_page, review_last_page, review_location_type, review_location_breadcrumbs, review_location_rate, location_lat, location_lng, review_id, review_date, review_experience_date, review_rate, user_name, user_link, user_id, parent_url
Margaret Island, 179, 542, Islands & Parks & Islands & Parks, Europe & Hungary & Central Hungary & Budapest & Things to Do in Budapest, 4.5, 47.520546, 19.047213, 479162805, 20170401, 20170401, 4.0, londontraveller30, /Profile/londontraveller30, 7ac971a4d5ca4e79fbc75b10ba16984c, /Attraction_Review-g274887-d276126-Reviews-Margaret_Island-Budapest_Central_Hungary.html
Margaret Island, 179, 542, Islands & Parks & Islands & Parks, Europe & Hungary & Central Hungary & Budapest & Things to Do in Budapest, 4.5, 47.520546, 19.047213, 479144889, 20170401, 20170401, 5.0, Miru P, /Profile/mirup2017, 8ecc3e90b3a4e4e510305a7b565d757d, /Attraction_Review-g274887-d276126-Reviews-Margaret_Island-Budapest_Central_Hungary.html
Margaret Island, 179, 542, Islands & Parks & Islands & Parks, Europe & Hungary & Central Hungary & Budapest & Things to Do in Budapest, 4.5, 47.520546, 19.047213, 478999832, 20170401, 20170401, 5.0, Aloizio, /Profile/Aloizio, 108397a99654c3f94fab8bb8a81ad3ec, /Attraction_Review-g274887-d276126-Reviews-Margaret_Island-Budapest_Central_Hungary.html
Margaret Island, 179, 542, Islands & Parks & Islands & Parks, Europe & Hungary & Central Hungary & Budapest & Things to Do in Budapest, 4.5, 47.520546, 19.047213, 478881371, 20170401, 20170301, 5.0, Gabriel H, /Profile/840gabrielh, f3fff18ad82d75250e688c19a7a782b5, /Attraction_Review-g274887-d276126-Reviews-Margaret_Island-Budapest_Central_Hungary.html
Margaret Island, 179, 542, Islands & Parks & Islands & Parks, Europe & Hungary & Central Hungary & Budapest & Things to Do in Budapest, 4.5, 47.520546, 19.047213, 478766958, 20170401, 20170401, 4.0, Ellend, /Profile/away2explore, dc692fefcb4b63ab40cfa0085715511d, /Attraction_Review-g274887-d276126-Reviews-Margaret_Island-Budapest_Central_Hungary.html
