review_location_name, review_current_page, review_last_page, review_location_type, review_location_breadcrumbs, review_location_rate, location_lat, location_lng, review_id, review_date, review_experience_date, review_rate, user_name, user_link, user_id, parent_url
Holy Trinity Column, 5, 17, Monuments & Statues & Monuments & Statues, Europe & Hungary & Central Hungary & Budapest & Things to Do in Budapest, 4.0, 47.5017, 19.03361, 607951508, 20180801, 20180701, 3.0, Odd Lennart Lien, /Profile/Oliensunny5644, ca9ef983834ce6aed7859286d68f40cd, /Attraction_Review-g274887-d276880-Reviews-Holy_Trinity_Column-Budapest_Central_Hungary.html
Holy Trinity Column, 5, 17, Monuments & Statues & Monuments & Statues, Europe & Hungary & Central Hungary & Budapest & Things to Do in Budapest, 4.0, 47.5017, 19.03361, 603115612, 20180801, 20180601, 4.0, shari w, /Profile/169shariw, 12d22173231322e9c60c34b1f49bdb68, /Attraction_Review-g274887-d276880-Reviews-Holy_Trinity_Column-Budapest_Central_Hungary.html
Holy Trinity Column, 5, 17, Monuments & Statues & Monuments & Statues, Europe & Hungary & Central Hungary & Budapest & Things to Do in Budapest, 4.0, 47.5017, 19.03361, 590769818, 20180601, 20180501, 3.0, Michael K, /Profile/J4646VDmichaelk, afcc6dc55ab3eaf320b65097e209b822, /Attraction_Review-g274887-d276880-Reviews-Holy_Trinity_Column-Budapest_Central_Hungary.html
Holy Trinity Column, 5, 17, Monuments & Statues & Monuments & Statues, Europe & Hungary & Central Hungary & Budapest & Things to Do in Budapest, 4.0, 47.5017, 19.03361, 588279147, 20180601, 20180601, 5.0, KodoDrummer, /Profile/KodoDrummer, b4999d622bc1cf7792c996a3c11331cd, /Attraction_Review-g274887-d276880-Reviews-Holy_Trinity_Column-Budapest_Central_Hungary.html
Holy Trinity Column, 5, 17, Monuments & Statues & Monuments & Statues, Europe & Hungary & Central Hungary & Budapest & Things to Do in Budapest, 4.0, 47.5017, 19.03361, 582130560, 20180501, 20170601, 4.0, WildDrinker, /Profile/WildDrinker, 5e484d7c81421ee6af8d7ea216b4cc60, /Attraction_Review-g274887-d276880-Reviews-Holy_Trinity_Column-Budapest_Central_Hungary.html
