review_location_name, review_current_page, review_last_page, review_location_type, review_location_breadcrumbs, review_location_rate, location_lat, location_lng, review_id, review_date, review_experience_date, review_rate, user_name, user_link, user_id, parent_url
Hungaroring, 22, 30, Auto Race Tracks & Auto Race Tracks, Europe & Hungary & Central Hungary & Pest County & Mogyorod & Things to Do in Mogyorod, 4.5, 47.58233, 19.24985, 293587800, 20150701, 20150701, 5.0, MichellABurton, /Profile/MichellABurton, 1c5b3ce26ac3dde5002c5f58d203af30, /Attraction_Review-g2290737-d631613-Reviews-Hungaroring-Mogyorod_Pest_County_Central_Hungary.html
Hungaroring, 22, 30, Auto Race Tracks & Auto Race Tracks, Europe & Hungary & Central Hungary & Pest County & Mogyorod & Things to Do in Mogyorod, 4.5, 47.58233, 19.24985, 293409010, 20150701, 20150701, 4.0, Michel-jersey, /Profile/Michel-jersey, 37fc75ef7b3a01b0253f6a8acac3157f, /Attraction_Review-g2290737-d631613-Reviews-Hungaroring-Mogyorod_Pest_County_Central_Hungary.html
Hungaroring, 22, 30, Auto Race Tracks & Auto Race Tracks, Europe & Hungary & Central Hungary & Pest County & Mogyorod & Things to Do in Mogyorod, 4.5, 47.58233, 19.24985, 293216895, 20150701, 20150701, 4.0, Alan2307, /Profile/Alan2307, ef5392c4b06a1bc006e4b90e81fdffa0, /Attraction_Review-g2290737-d631613-Reviews-Hungaroring-Mogyorod_Pest_County_Central_Hungary.html
Hungaroring, 22, 30, Auto Race Tracks & Auto Race Tracks, Europe & Hungary & Central Hungary & Pest County & Mogyorod & Things to Do in Mogyorod, 4.5, 47.58233, 19.24985, 291342559, 20150701, 20140801, 5.0, Dani L, /Profile/dnsvnsk, 71ee20e14ab4c181f4a489fa3a90f86b, /Attraction_Review-g2290737-d631613-Reviews-Hungaroring-Mogyorod_Pest_County_Central_Hungary.html
Hungaroring, 22, 30, Auto Race Tracks & Auto Race Tracks, Europe & Hungary & Central Hungary & Pest County & Mogyorod & Things to Do in Mogyorod, 4.5, 47.58233, 19.24985, 285543869, 20150701, 20140801, 4.0, Azlozi, /Profile/Azlozi, 29dd8bf0a70ecf41ef7ca8f042b0825b, /Attraction_Review-g2290737-d631613-Reviews-Hungaroring-Mogyorod_Pest_County_Central_Hungary.html
