review_location_name, review_current_page, review_last_page, review_location_type, review_location_breadcrumbs, review_location_rate, location_lat, location_lng, review_id, review_date, review_experience_date, review_rate, user_name, user_link, user_id, parent_url
Buda Castle, 274, 764, Castles & Castles, Europe & Hungary & Central Hungary & Budapest & Things to Do in Budapest, 4.5, 47.49532, 19.03989, 509228328, 20170801, 20170701, 5.0, tangymango, /Profile/tangymango, 8e9c571ced35c2d7fe42dbf85d3146bc, /Attraction_Review-g274887-d276804-Reviews-Buda_Castle-Budapest_Central_Hungary.html
Buda Castle, 274, 764, Castles & Castles, Europe & Hungary & Central Hungary & Budapest & Things to Do in Budapest, 4.5, 47.49532, 19.03989, 509166095, 20170801, 20161001, 5.0, jkj, /Profile/jkj, 11524ca6c2008d65577939448884c2c2, /Attraction_Review-g274887-d276804-Reviews-Buda_Castle-Budapest_Central_Hungary.html
Buda Castle, 274, 764, Castles & Castles, Europe & Hungary & Central Hungary & Budapest & Things to Do in Budapest, 4.5, 47.49532, 19.03989, 509164035, 20170801, 20170601, 5.0, milespointstravelkom, /Profile/milespointstravelkom, 04b5e68caa92d11e9f8c1799d9a3d52c, /Attraction_Review-g274887-d276804-Reviews-Buda_Castle-Budapest_Central_Hungary.html
Buda Castle, 274, 764, Castles & Castles, Europe & Hungary & Central Hungary & Budapest & Things to Do in Budapest, 4.5, 47.49532, 19.03989, 508426680, 20170801, 20170701, 5.0, Ben H, /Profile/Ben101063, 5bece829f77f59fe643a376d03ee68d4, /Attraction_Review-g274887-d276804-Reviews-Buda_Castle-Budapest_Central_Hungary.html
Buda Castle, 274, 764, Castles & Castles, Europe & Hungary & Central Hungary & Budapest & Things to Do in Budapest, 4.5, 47.49532, 19.03989, 508408406, 20170801, 20161201, 4.0, Amrita_Banerjee, /Profile/Amrita_Banerjee, 28b9bc0f000596b68a2cec97983a577f, /Attraction_Review-g274887-d276804-Reviews-Buda_Castle-Budapest_Central_Hungary.html
