review_location_name, review_current_page, review_last_page, review_location_type, review_location_breadcrumbs, review_location_rate, location_lat, location_lng, review_id, review_date, review_experience_date, review_rate, user_name, user_link, user_id, parent_url
Széchenyi Lánchíd, 619, 1688, Bridges & Bridges, Europe & Hungary & Central Hungary & Budapest & Things to Do in Budapest, 4.5, 47.498924, 19.043756, 470684857, 20170301, 20170301, 4.0, Karolyn69, /Profile/Karolyn69, f3fe79d839228eb2903368f3a64a58c5, /Attraction_Review-g274887-d276821-Reviews-Szechenyi_Lanchid-Budapest_Central_Hungary.html
Széchenyi Lánchíd, 619, 1688, Bridges & Bridges, Europe & Hungary & Central Hungary & Budapest & Things to Do in Budapest, 4.5, 47.498924, 19.043756, 470670489, 20170301, 20160901, 5.0, danielmH5168LX, /Profile/danielmH5168LX, 2c7622e80f8b1c8db5e960a749ccd678, /Attraction_Review-g274887-d276821-Reviews-Szechenyi_Lanchid-Budapest_Central_Hungary.html
Széchenyi Lánchíd, 619, 1688, Bridges & Bridges, Europe & Hungary & Central Hungary & Budapest & Things to Do in Budapest, 4.5, 47.498924, 19.043756, 470662473, 20170301, 20170301, 5.0, Laura R, /Profile/J1335PKlaurar, 64f355ff2d4fb0b2157dc130ea9b421d, /Attraction_Review-g274887-d276821-Reviews-Szechenyi_Lanchid-Budapest_Central_Hungary.html
Széchenyi Lánchíd, 619, 1688, Bridges & Bridges, Europe & Hungary & Central Hungary & Budapest & Things to Do in Budapest, 4.5, 47.498924, 19.043756, 470343240, 20170301, 20170201, 5.0, AleAllAroundTheWorld, /Profile/AleAllAroundTheWorld, 0fa1215366be0f5e02b508e6a4d89a7d, /Attraction_Review-g274887-d276821-Reviews-Szechenyi_Lanchid-Budapest_Central_Hungary.html
Széchenyi Lánchíd, 619, 1688, Bridges & Bridges, Europe & Hungary & Central Hungary & Budapest & Things to Do in Budapest, 4.5, 47.498924, 19.043756, 470343170, 20170301, 20170301, 4.0, Nick W, /Profile/NickW972, 7bb0016f8547351fd9e4ccb01513e3ea, /Attraction_Review-g274887-d276821-Reviews-Szechenyi_Lanchid-Budapest_Central_Hungary.html
