review_location_name, review_current_page, review_last_page, review_location_type, review_location_breadcrumbs, review_location_rate, location_lat, location_lng, review_id, review_date, review_experience_date, review_rate, user_name, user_link, user_id, parent_url
Liberty Bridge (Szabadsag hid), 69, 249, Bridges & Bridges, Europe & Hungary & Central Hungary & Budapest & Things to Do in Budapest, 4.5, 47.48763, 19.0587, 580037841, 20180501, 20180401, 2.0, Colh54, /Profile/Colh54, 50019ba58bf03cc533552337b1e6a1d5, /Attraction_Review-g274887-d3228385-Reviews-Liberty_Bridge_Szabadsag_hid-Budapest_Central_Hungary.html
Liberty Bridge (Szabadsag hid), 69, 249, Bridges & Bridges, Europe & Hungary & Central Hungary & Budapest & Things to Do in Budapest, 4.5, 47.48763, 19.0587, 579979605, 20180501, 20170901, 5.0, andrewf764, /Profile/andrewf764, 3aef28e626515687ba60774320e4bd71, /Attraction_Review-g274887-d3228385-Reviews-Liberty_Bridge_Szabadsag_hid-Budapest_Central_Hungary.html
Liberty Bridge (Szabadsag hid), 69, 249, Bridges & Bridges, Europe & Hungary & Central Hungary & Budapest & Things to Do in Budapest, 4.5, 47.48763, 19.0587, 579382773, 20180501, 20180501, 4.0, Marj441, /Profile/Marj441, b247af0ea297c82ed0892eca507e1da7, /Attraction_Review-g274887-d3228385-Reviews-Liberty_Bridge_Szabadsag_hid-Budapest_Central_Hungary.html
Liberty Bridge (Szabadsag hid), 69, 249, Bridges & Bridges, Europe & Hungary & Central Hungary & Budapest & Things to Do in Budapest, 4.5, 47.48763, 19.0587, 579370788, 20180501, 20180501, 4.0, rick_81_au, /Profile/rick_81_au, e57fdf339609f72f77114ea7e2a24649, /Attraction_Review-g274887-d3228385-Reviews-Liberty_Bridge_Szabadsag_hid-Budapest_Central_Hungary.html
Liberty Bridge (Szabadsag hid), 69, 249, Bridges & Bridges, Europe & Hungary & Central Hungary & Budapest & Things to Do in Budapest, 4.5, 47.48763, 19.0587, 579267588, 20180501, 20180501, 5.0, Karol K, /Profile/KarolK3263, 7bb3a45a5ad84c525531bf61cee7d983, /Attraction_Review-g274887-d3228385-Reviews-Liberty_Bridge_Szabadsag_hid-Budapest_Central_Hungary.html
