review_location_name, review_current_page, review_last_page, review_location_type, review_location_breadcrumbs, review_location_rate, location_lat, location_lng, review_id, review_date, review_experience_date, review_rate, user_name, user_link, user_id, parent_url
Koller Gallery, 22, 33, Art Galleries & Art Galleries, Europe & Hungary & Central Hungary & Budapest & Things to Do in Budapest, 5.0, 47.503735, 19.033298, 525910843, 20170901, 20170901, 5.0, pjt47, /Profile/pjt47, 9928f08e17afe9c12b6c7ac8e01a8061, /Attraction_Review-g274887-d1988979-Reviews-Koller_Gallery-Budapest_Central_Hungary.html
Koller Gallery, 22, 33, Art Galleries & Art Galleries, Europe & Hungary & Central Hungary & Budapest & Things to Do in Budapest, 5.0, 47.503735, 19.033298, 525432204, 20170901, 20170901, 5.0, nea v, /Profile/neav25, bafc04d495873c3428c5eb15a0466be7, /Attraction_Review-g274887-d1988979-Reviews-Koller_Gallery-Budapest_Central_Hungary.html
Koller Gallery, 22, 33, Art Galleries & Art Galleries, Europe & Hungary & Central Hungary & Budapest & Things to Do in Budapest, 5.0, 47.503735, 19.033298, 523119749, 20170901, 20170901, 5.0, K G, /Profile/25kg, 848126940c932b6dc346b3b5cc9e7396, /Attraction_Review-g274887-d1988979-Reviews-Koller_Gallery-Budapest_Central_Hungary.html
Koller Gallery, 22, 33, Art Galleries & Art Galleries, Europe & Hungary & Central Hungary & Budapest & Things to Do in Budapest, 5.0, 47.503735, 19.033298, 518855193, 20170801, 20170801, 5.0, Patrick S, /Profile/I5955HPpatricks, 66aa81106bfdc7299a472d5708c3c5f0, /Attraction_Review-g274887-d1988979-Reviews-Koller_Gallery-Budapest_Central_Hungary.html
Koller Gallery, 22, 33, Art Galleries & Art Galleries, Europe & Hungary & Central Hungary & Budapest & Things to Do in Budapest, 5.0, 47.503735, 19.033298, 513072768, 20170801, 20170801, 5.0, Gary P, /Profile/garyp228, 759bd10e45417278e6183ff216584131, /Attraction_Review-g274887-d1988979-Reviews-Koller_Gallery-Budapest_Central_Hungary.html
