review_location_name, review_current_page, review_last_page, review_location_type, review_location_breadcrumbs, review_location_rate, location_lat, location_lng, review_id, review_date, review_experience_date, review_rate, user_name, user_link, user_id, parent_url
Danube River, 348, 1573, Bodies of Water & Bodies of Water, Europe & Hungary & Central Hungary & Budapest & Things to Do in Budapest, 4.5, 47.502583, 19.04263, 601592747, 20180701, 20170801, 5.0, Arvid O, /Profile/arvidpcfl, e8c96ffb1e5442d9754b9f68df13d27e, /Attraction_Review-g274887-d298971-Reviews-Danube_River-Budapest_Central_Hungary.html
Danube River, 348, 1573, Bodies of Water & Bodies of Water, Europe & Hungary & Central Hungary & Budapest & Things to Do in Budapest, 4.5, 47.502583, 19.04263, 601541602, 20180701, 20180701, 5.0, HLukeGregg, /Profile/HLukeGregg, 629e04417b614390200bdf9410901c46, /Attraction_Review-g274887-d298971-Reviews-Danube_River-Budapest_Central_Hungary.html
Danube River, 348, 1573, Bodies of Water & Bodies of Water, Europe & Hungary & Central Hungary & Budapest & Things to Do in Budapest, 4.5, 47.502583, 19.04263, 601459578, 20180701, 20180701, 5.0, St3pK4ur, /Profile/St3pK4ur, 64f08350d53c49c91d599117a53d2c87, /Attraction_Review-g274887-d298971-Reviews-Danube_River-Budapest_Central_Hungary.html
Danube River, 348, 1573, Bodies of Water & Bodies of Water, Europe & Hungary & Central Hungary & Budapest & Things to Do in Budapest, 4.5, 47.502583, 19.04263, 601370448, 20180701, 20180601, 3.0, bettegoldsmith, /Profile/bettegoldsmith, d8db9aec3b22be14d3d89f90f39dcac1, /Attraction_Review-g274887-d298971-Reviews-Danube_River-Budapest_Central_Hungary.html
Danube River, 348, 1573, Bodies of Water & Bodies of Water, Europe & Hungary & Central Hungary & Budapest & Things to Do in Budapest, 4.5, 47.502583, 19.04263, 601290331, 20180701, 20180701, 1.0, Janicecolli, /Profile/Janicecolli, ba53d3a8eacde5b783cd64ffde276357, /Attraction_Review-g274887-d298971-Reviews-Danube_River-Budapest_Central_Hungary.html
