review_location_name, review_current_page, review_last_page, review_location_type, review_location_breadcrumbs, review_location_rate, location_lat, location_lng, review_id, review_date, review_experience_date, review_rate, user_name, user_link, user_id, parent_url
New York Palace, 158, 222, Points of Interest & Landmarks & Points of Interest & Landmarks, Europe & Hungary & Central Hungary & Budapest & Things to Do in Budapest, 4.5, 47.498676, 19.070486, 360073908, 20160301, 20160301, 5.0, daielin, /Profile/daielin, dc720491f7adbef7911a29a91b214b6b, /Attraction_Review-g274887-d6940639-Reviews-New_York_Palace-Budapest_Central_Hungary.html
New York Palace, 158, 222, Points of Interest & Landmarks & Points of Interest & Landmarks, Europe & Hungary & Central Hungary & Budapest & Things to Do in Budapest, 4.5, 47.498676, 19.070486, 359703169, 20160301, 20160301, 2.0, tony-ElH, /Profile/tony-ElH, 2794c318c8de649cc2e431abe52ef022, /Attraction_Review-g274887-d6940639-Reviews-New_York_Palace-Budapest_Central_Hungary.html
New York Palace, 158, 222, Points of Interest & Landmarks & Points of Interest & Landmarks, Europe & Hungary & Central Hungary & Budapest & Things to Do in Budapest, 4.5, 47.498676, 19.070486, 359579649, 20160301, 20160101, 4.0, lmcc261, /Profile/lmcc261, 5070f5c07b2ad5fe524a160a0e433f77, /Attraction_Review-g274887-d6940639-Reviews-New_York_Palace-Budapest_Central_Hungary.html
New York Palace, 158, 222, Points of Interest & Landmarks & Points of Interest & Landmarks, Europe & Hungary & Central Hungary & Budapest & Things to Do in Budapest, 4.5, 47.498676, 19.070486, 359187371, 20160301, 20150701, 5.0, Kingatshering, /Profile/Kingatshering, fc85290cad8e93c2434f821057692b27, /Attraction_Review-g274887-d6940639-Reviews-New_York_Palace-Budapest_Central_Hungary.html
New York Palace, 158, 222, Points of Interest & Landmarks & Points of Interest & Landmarks, Europe & Hungary & Central Hungary & Budapest & Things to Do in Budapest, 4.5, 47.498676, 19.070486, 359043822, 20160301, 20160301, 1.0, Tina L, /Profile/570tinal, 63619319ddaa3bb88591827e1d2367da, /Attraction_Review-g274887-d6940639-Reviews-New_York_Palace-Budapest_Central_Hungary.html
