review_location_name, review_current_page, review_last_page, review_location_type, review_location_breadcrumbs, review_location_rate, location_lat, location_lng, review_id, review_date, review_experience_date, review_rate, user_name, user_link, user_id, parent_url
Budapest Pinball Museum, 122, 171, Specialty Museums & Specialty Museums, Europe & Hungary & Central Hungary & Budapest & Things to Do in Budapest, 5.0, 47.51472, 19.05427, 359337448, 20160301, 20150801, 5.0, Griffin T, /Profile/griffint86, 3939b1dfe9e1acc9c9487a8e2652d572, /Attraction_Review-g274887-d6969659-Reviews-Budapest_Pinball_Museum-Budapest_Central_Hungary.html
Budapest Pinball Museum, 122, 171, Specialty Museums & Specialty Museums, Europe & Hungary & Central Hungary & Budapest & Things to Do in Budapest, 5.0, 47.51472, 19.05427, 358841601, 20160301, 20160301, 5.0, lhsteve, /Profile/lhsteve, 2a8045cca23240a71a91a47b8d22509c, /Attraction_Review-g274887-d6969659-Reviews-Budapest_Pinball_Museum-Budapest_Central_Hungary.html
Budapest Pinball Museum, 122, 171, Specialty Museums & Specialty Museums, Europe & Hungary & Central Hungary & Budapest & Things to Do in Budapest, 5.0, 47.51472, 19.05427, 358830289, 20160301, 20160301, 5.0, Carlymau, /Profile/Carlymau, e95061b8cd40ab8cd9feb3eaf033e1ca, /Attraction_Review-g274887-d6969659-Reviews-Budapest_Pinball_Museum-Budapest_Central_Hungary.html
Budapest Pinball Museum, 122, 171, Specialty Museums & Specialty Museums, Europe & Hungary & Central Hungary & Budapest & Things to Do in Budapest, 5.0, 47.51472, 19.05427, 358554766, 20160301, 20160301, 5.0, sallElk, /Profile/sallElk, f770050722bd414b41fd7c735a22c558, /Attraction_Review-g274887-d6969659-Reviews-Budapest_Pinball_Museum-Budapest_Central_Hungary.html
Budapest Pinball Museum, 122, 171, Specialty Museums & Specialty Museums, Europe & Hungary & Central Hungary & Budapest & Things to Do in Budapest, 5.0, 47.51472, 19.05427, 358372968, 20160301, 20160301, 4.0, Lindz84, /Profile/Lindz84, 4b8f756d3b703ce0b9561d611720fa2a, /Attraction_Review-g274887-d6969659-Reviews-Budapest_Pinball_Museum-Budapest_Central_Hungary.html
