review_location_name, review_current_page, review_last_page, review_location_type, review_location_breadcrumbs, review_location_rate, location_lat, location_lng, review_id, review_date, review_experience_date, review_rate, user_name, user_link, user_id, parent_url
Faust Wine Cellar, 150, 188, Wineries & Vineyards & Wineries & Vineyards, Europe & Hungary & Central Hungary & Budapest & Things to Do in Budapest, 5.0, 47.501984, 19.035057, 128612891, 20120401, 20120401, 5.0, Kaczorqueen, /Profile/Kaczorqueen, 944972f07d8789017ae88c5854027598, /Attraction_Review-g274887-d1605002-Reviews-Faust_Wine_Cellar-Budapest_Central_Hungary.html
Faust Wine Cellar, 150, 188, Wineries & Vineyards & Wineries & Vineyards, Europe & Hungary & Central Hungary & Budapest & Things to Do in Budapest, 5.0, 47.501984, 19.035057, 128462109, 20120401, 20120401, 1.0, BoozieWoo, /Profile/BoozieWoo, fd809c674961d0abce1a2e9780a3aac1, /Attraction_Review-g274887-d1605002-Reviews-Faust_Wine_Cellar-Budapest_Central_Hungary.html
Faust Wine Cellar, 150, 188, Wineries & Vineyards & Wineries & Vineyards, Europe & Hungary & Central Hungary & Budapest & Things to Do in Budapest, 5.0, 47.501984, 19.035057, 128437392, 20120401, 20120401, 5.0, FuntimesWeeeeeee, /Profile/FuntimesWeeeeeee, b6e21482572faa5b49178058f003e7dd, /Attraction_Review-g274887-d1605002-Reviews-Faust_Wine_Cellar-Budapest_Central_Hungary.html
Faust Wine Cellar, 150, 188, Wineries & Vineyards & Wineries & Vineyards, Europe & Hungary & Central Hungary & Budapest & Things to Do in Budapest, 5.0, 47.501984, 19.035057, 128422894, 20120401, 20120401, 5.0, Jmait7, /Profile/Jmait7, aaa9721ac9d3bb7c823fe9932bfbfc1e, /Attraction_Review-g274887-d1605002-Reviews-Faust_Wine_Cellar-Budapest_Central_Hungary.html
Faust Wine Cellar, 150, 188, Wineries & Vineyards & Wineries & Vineyards, Europe & Hungary & Central Hungary & Budapest & Things to Do in Budapest, 5.0, 47.501984, 19.035057, 128364007, 20120401, 20120101, 5.0, KathrynE, /Profile/KatMarEv, 9243d24b599c742042fade2854086172, /Attraction_Review-g274887-d1605002-Reviews-Faust_Wine_Cellar-Budapest_Central_Hungary.html
