review_location_name, review_current_page, review_last_page, review_location_type, review_location_breadcrumbs, review_location_rate, location_lat, location_lng, review_id, review_date, review_experience_date, review_rate, user_name, user_link, user_id, parent_url
Panoptikum, 95, 107, History Museums & History Museums, Europe & Hungary & Central Hungary & Budapest & Things to Do in Budapest, 3.5, 47.500263, 19.034166, 311858406, 20150901, 20150901, 4.0, Jay H, /Profile/319jayh, 1cf1db147a2e5f66de49eb43261bd77d, /Attraction_Review-g274887-d7372844-Reviews-Panoptikum-Budapest_Central_Hungary.html
Panoptikum, 95, 107, History Museums & History Museums, Europe & Hungary & Central Hungary & Budapest & Things to Do in Budapest, 3.5, 47.500263, 19.034166, 310835655, 20150901, 20150901, 5.0, nbjozi, /Profile/nbjozi, 85b7b0cb858ff1d0a0cde02a987423fd, /Attraction_Review-g274887-d7372844-Reviews-Panoptikum-Budapest_Central_Hungary.html
Panoptikum, 95, 107, History Museums & History Museums, Europe & Hungary & Central Hungary & Budapest & Things to Do in Budapest, 3.5, 47.500263, 19.034166, 309961937, 20150901, 20150901, 3.0, notlostyet12, /Profile/notlostyet12, fb06f848535f9e0170c60d740e6c3733, /Attraction_Review-g274887-d7372844-Reviews-Panoptikum-Budapest_Central_Hungary.html
Panoptikum, 95, 107, History Museums & History Museums, Europe & Hungary & Central Hungary & Budapest & Things to Do in Budapest, 3.5, 47.500263, 19.034166, 309029576, 20150901, 20150901, 4.0, Ice_D_8, /Profile/Ice_D_8, 7c2ac3995985a8fac756e7317243cd7f, /Attraction_Review-g274887-d7372844-Reviews-Panoptikum-Budapest_Central_Hungary.html
Panoptikum, 95, 107, History Museums & History Museums, Europe & Hungary & Central Hungary & Budapest & Things to Do in Budapest, 3.5, 47.500263, 19.034166, 309010311, 20150901, 20150901, 3.0, Tattymia, /Profile/Tattymia, 41461c7d74ad7dcf4ce3ed31955dfec3, /Attraction_Review-g274887-d7372844-Reviews-Panoptikum-Budapest_Central_Hungary.html
