review_location_name, review_current_page, review_last_page, review_location_type, review_location_breadcrumbs, review_location_rate, location_lat, location_lng, review_id, review_date, review_experience_date, review_rate, user_name, user_link, user_id, parent_url
Gouba Art Market, 3, 2, Flea & Street Markets & Flea & Street Markets, Europe & Hungary & Central Hungary & Budapest & Things to Do in Budapest, 4.0, 47.49917, 19.05824, 307175691, 20150901, 20150701, 4.0, Alicia O, /Profile/AliciaO170, 9e0971dcd96e8391ce8afc09b1ba941e, /Attraction_Review-g274887-d2578852-Reviews-Gouba_Art_Market-Budapest_Central_Hungary.html
Gouba Art Market, 3, 2, Flea & Street Markets & Flea & Street Markets, Europe & Hungary & Central Hungary & Budapest & Things to Do in Budapest, 4.0, 47.49917, 19.05824, 267401648, 20150401, 20150401, 5.0, SsVictoriasS, /Profile/SsVictoriasS, c2ed4a05d6d27cd88a2b7a7b8ebe8425, /Attraction_Review-g274887-d2578852-Reviews-Gouba_Art_Market-Budapest_Central_Hungary.html
Gouba Art Market, 3, 2, Flea & Street Markets & Flea & Street Markets, Europe & Hungary & Central Hungary & Budapest & Things to Do in Budapest, 4.0, 47.49917, 19.05824, 178236958, 20130901, 20130901, 4.0, Brian K, /Profile/Wandering_Brian, 48a6fe3a61be25f7424776903e74b0ca, /Attraction_Review-g274887-d2578852-Reviews-Gouba_Art_Market-Budapest_Central_Hungary.html
Gouba Art Market, 3, 2, Flea & Street Markets & Flea & Street Markets, Europe & Hungary & Central Hungary & Budapest & Things to Do in Budapest, 4.0, 47.49917, 19.05824, 158210189, 20130401, 20130401, 5.0, filmex, /Profile/filmex, 1e1b7c033bde4f8a8b167715c03461e1, /Attraction_Review-g274887-d2578852-Reviews-Gouba_Art_Market-Budapest_Central_Hungary.html
Gouba Art Market, 3, 2, Flea & Street Markets & Flea & Street Markets, Europe & Hungary & Central Hungary & Budapest & Things to Do in Budapest, 4.0, 47.49917, 19.05824, 125749048, 20120301, 20111001, 5.0, AnanasJuice, /Profile/AnanasJuice, a36c699972acbe34ceab3d9a6f2c6c73, /Attraction_Review-g274887-d2578852-Reviews-Gouba_Art_Market-Budapest_Central_Hungary.html
