review_location_name, review_current_page, review_last_page, review_location_type, review_location_breadcrumbs, review_location_rate, location_lat, location_lng, review_id, review_date, review_experience_date, review_rate, user_name, user_link, user_id, parent_url
Széchenyi Lánchíd, 431, 1688, Bridges & Bridges, Europe & Hungary & Central Hungary & Budapest & Things to Do in Budapest, 4.5, 47.498924, 19.043756, 543760952, 20171101, 20171101, 3.0, dodge440, /Profile/dodge440, 8f7f5ee6b909d03a999eee4a655c31c7, /Attraction_Review-g274887-d276821-Reviews-Szechenyi_Lanchid-Budapest_Central_Hungary.html
Széchenyi Lánchíd, 431, 1688, Bridges & Bridges, Europe & Hungary & Central Hungary & Budapest & Things to Do in Budapest, 4.5, 47.498924, 19.043756, 543728943, 20171101, 20171101, 5.0, mollyhols2, /Profile/mollyhols2, 32f8f91a57de91c2beb9e35e658297d7, /Attraction_Review-g274887-d276821-Reviews-Szechenyi_Lanchid-Budapest_Central_Hungary.html
Széchenyi Lánchíd, 431, 1688, Bridges & Bridges, Europe & Hungary & Central Hungary & Budapest & Things to Do in Budapest, 4.5, 47.498924, 19.043756, 543674633, 20171101, 20170901, 5.0, jonathanfal3122, /Profile/jonathanfal3122, 7a4977b8407fb111dd2da2c7ea18d9d1, /Attraction_Review-g274887-d276821-Reviews-Szechenyi_Lanchid-Budapest_Central_Hungary.html
Széchenyi Lánchíd, 431, 1688, Bridges & Bridges, Europe & Hungary & Central Hungary & Budapest & Things to Do in Budapest, 4.5, 47.498924, 19.043756, 543671297, 20171101, 20171101, 4.0, TravellingPetey, /Profile/TravellingPetey, b9746ed576acda4c1f06646b170337ad, /Attraction_Review-g274887-d276821-Reviews-Szechenyi_Lanchid-Budapest_Central_Hungary.html
Széchenyi Lánchíd, 431, 1688, Bridges & Bridges, Europe & Hungary & Central Hungary & Budapest & Things to Do in Budapest, 4.5, 47.498924, 19.043756, 543667673, 20171101, 20170901, 3.0, Leon B, /Profile/leonb132, 576af6d4a5f7eb1908eacf3014161e7e, /Attraction_Review-g274887-d276821-Reviews-Szechenyi_Lanchid-Budapest_Central_Hungary.html
