review_location_name, review_current_page, review_last_page, review_location_type, review_location_breadcrumbs, review_location_rate, location_lat, location_lng, review_id, review_date, review_experience_date, review_rate, user_name, user_link, user_id, parent_url
Buda Castle, 35, 764, Castles & Castles, Europe & Hungary & Central Hungary & Budapest & Things to Do in Budapest, 4.5, 47.49532, 19.03989, 724538131, 20191101, 20191101, 5.0, artemis4, /Profile/artemis4, 1cc6c9af70798130de85314a0d48c860, /Attraction_Review-g274887-d276804-Reviews-Buda_Castle-Budapest_Central_Hungary.html
Buda Castle, 35, 764, Castles & Castles, Europe & Hungary & Central Hungary & Budapest & Things to Do in Budapest, 4.5, 47.49532, 19.03989, 724526976, 20191101, 20191001, 5.0, Jeffs4u, /Profile/Jeffs4u, e772f98fd9c80670117c7731c8b081dd, /Attraction_Review-g274887-d276804-Reviews-Buda_Castle-Budapest_Central_Hungary.html
Buda Castle, 35, 764, Castles & Castles, Europe & Hungary & Central Hungary & Budapest & Things to Do in Budapest, 4.5, 47.49532, 19.03989, 724459790, 20191101, 20190801, 5.0, Roam270314, /Profile/Roam270314, 6be35d544353b0efd023a34a0d72baa3, /Attraction_Review-g274887-d276804-Reviews-Buda_Castle-Budapest_Central_Hungary.html
Buda Castle, 35, 764, Castles & Castles, Europe & Hungary & Central Hungary & Budapest & Things to Do in Budapest, 4.5, 47.49532, 19.03989, 724373775, 20191101, 20190301, 5.0, Thegreatfella, /Profile/thegreatfella, ee45d52e3773fce5b39b0afc2bd6b061, /Attraction_Review-g274887-d276804-Reviews-Buda_Castle-Budapest_Central_Hungary.html
Buda Castle, 35, 764, Castles & Castles, Europe & Hungary & Central Hungary & Budapest & Things to Do in Budapest, 4.5, 47.49532, 19.03989, 724359186, 20191101, 20191101, 4.0, Skydive_10, /Profile/Skydive_10, 8a617c3bb81e82671e5a0031d51fac64, /Attraction_Review-g274887-d276804-Reviews-Buda_Castle-Budapest_Central_Hungary.html
