review_location_name, review_current_page, review_last_page, review_location_type, review_location_breadcrumbs, review_location_rate, location_lat, location_lng, review_id, review_date, review_experience_date, review_rate, user_name, user_link, user_id, parent_url
Budapest Pinball Museum, 154, 171, Specialty Museums & Specialty Museums, Europe & Hungary & Central Hungary & Budapest & Things to Do in Budapest, 5.0, 47.51472, 19.05427, 264897316, 20150401, 20150401, 3.0, Robert H, /Profile/roberthE3085US, 3d29c6f7503cecf8d6c49d9c36534d49, /Attraction_Review-g274887-d6969659-Reviews-Budapest_Pinball_Museum-Budapest_Central_Hungary.html
Budapest Pinball Museum, 154, 171, Specialty Museums & Specialty Museums, Europe & Hungary & Central Hungary & Budapest & Things to Do in Budapest, 5.0, 47.51472, 19.05427, 263823750, 20150401, 20150401, 5.0, Dan Gardiner, /Profile/D0zG, 49743d43c5849b1f72ff86ff55c1da62, /Attraction_Review-g274887-d6969659-Reviews-Budapest_Pinball_Museum-Budapest_Central_Hungary.html
Budapest Pinball Museum, 154, 171, Specialty Museums & Specialty Museums, Europe & Hungary & Central Hungary & Budapest & Things to Do in Budapest, 5.0, 47.51472, 19.05427, 263814074, 20150401, 20150401, 5.0, Don F, /Profile/96donf, 292a5c9ca67a69f5ea51009f1aad3a46, /Attraction_Review-g274887-d6969659-Reviews-Budapest_Pinball_Museum-Budapest_Central_Hungary.html
Budapest Pinball Museum, 154, 171, Specialty Museums & Specialty Museums, Europe & Hungary & Central Hungary & Budapest & Things to Do in Budapest, 5.0, 47.51472, 19.05427, 263610885, 20150401, 20150301, 5.0, Szmiki, /Profile/Szmiki, bab1dbf4cfb74d28252947daab3de529, /Attraction_Review-g274887-d6969659-Reviews-Budapest_Pinball_Museum-Budapest_Central_Hungary.html
Budapest Pinball Museum, 154, 171, Specialty Museums & Specialty Museums, Europe & Hungary & Central Hungary & Budapest & Things to Do in Budapest, 5.0, 47.51472, 19.05427, 263610377, 20150401, 20150401, 5.0, Anenne, /Profile/Anenne, d9ea9d6cae10a65a71a05f8accaf5a35, /Attraction_Review-g274887-d6969659-Reviews-Budapest_Pinball_Museum-Budapest_Central_Hungary.html
