review_location_name, review_current_page, review_last_page, review_location_type, review_location_breadcrumbs, review_location_rate, location_lat, location_lng, review_id, review_date, review_experience_date, review_rate, user_name, user_link, user_id, parent_url
Buda Castle, 6, 764, Castles & Castles, Europe & Hungary & Central Hungary & Budapest & Things to Do in Budapest, 4.5, 47.49532, 19.03989, 749712721, 20200301, 20200301, 5.0, liz c, /Profile/lizc33, a9d638d8425d52b9565ef30ad6071d7d, /Attraction_Review-g274887-d276804-Reviews-Buda_Castle-Budapest_Central_Hungary.html
Buda Castle, 6, 764, Castles & Castles, Europe & Hungary & Central Hungary & Budapest & Things to Do in Budapest, 4.5, 47.49532, 19.03989, 749297275, 20200301, 20200101, 5.0, Rogelio O, /Profile/rogelioo69, 20112232039036dd0a73ade17b39c419, /Attraction_Review-g274887-d276804-Reviews-Buda_Castle-Budapest_Central_Hungary.html
Buda Castle, 6, 764, Castles & Castles, Europe & Hungary & Central Hungary & Budapest & Things to Do in Budapest, 4.5, 47.49532, 19.03989, 749245780, 20200301, 20200201, 5.0, kev_russ, /Profile/kev_russ, 29518d86620e96b1746ade88510fb2aa, /Attraction_Review-g274887-d276804-Reviews-Buda_Castle-Budapest_Central_Hungary.html
Buda Castle, 6, 764, Castles & Castles, Europe & Hungary & Central Hungary & Budapest & Things to Do in Budapest, 4.5, 47.49532, 19.03989, 749219494, 20200301, 20200201, 5.0, Steven Runciman, /Profile/stevenrK4888KJ, 1f429312eaafda59c31bf4e57ce95e60, /Attraction_Review-g274887-d276804-Reviews-Buda_Castle-Budapest_Central_Hungary.html
Buda Castle, 6, 764, Castles & Castles, Europe & Hungary & Central Hungary & Budapest & Things to Do in Budapest, 4.5, 47.49532, 19.03989, 749030831, 20200301, 20200201, 5.0, Diana, /Profile/Didi3434, a77d215c87cc18e619b4fe8f2d48f1ed, /Attraction_Review-g274887-d276804-Reviews-Buda_Castle-Budapest_Central_Hungary.html
