review_location_name, review_current_page, review_last_page, review_location_type, review_location_breadcrumbs, review_location_rate, location_lat, location_lng, review_id, review_date, review_experience_date, review_rate, user_name, user_link, user_id, parent_url
Tropicarium, 8, 49, Aquariums & Aquariums, Europe & Hungary & Central Hungary & Budapest & Things to Do in Budapest, 4.0, 47.407642, 19.017254, 610551095, 20180801, 20180801, 2.0, Simon A, /Profile/SimonA199416, e97d9feabc56eff6a71a8d8418547bcf, /Attraction_Review-g274887-d279010-Reviews-Tropicarium-Budapest_Central_Hungary.html
Tropicarium, 8, 49, Aquariums & Aquariums, Europe & Hungary & Central Hungary & Budapest & Things to Do in Budapest, 4.0, 47.407642, 19.017254, 610185096, 20180801, 20180801, 5.0, Kirsty W, /Profile/392kirstyw, c48e782dec2d8a19f6ebeaf586f1e296, /Attraction_Review-g274887-d279010-Reviews-Tropicarium-Budapest_Central_Hungary.html
Tropicarium, 8, 49, Aquariums & Aquariums, Europe & Hungary & Central Hungary & Budapest & Things to Do in Budapest, 4.0, 47.407642, 19.017254, 607033859, 20180801, 20171201, 5.0, Kristina V, /Profile/837kristinav, 7a0190cac53d70b52b629139e9b425b4, /Attraction_Review-g274887-d279010-Reviews-Tropicarium-Budapest_Central_Hungary.html
Tropicarium, 8, 49, Aquariums & Aquariums, Europe & Hungary & Central Hungary & Budapest & Things to Do in Budapest, 4.0, 47.407642, 19.017254, 606868237, 20180801, 20180801, 4.0, Cogitoergosum222, /Profile/Cogitoergosum222, 6b0e448869ab127af5c51e1def458a8e, /Attraction_Review-g274887-d279010-Reviews-Tropicarium-Budapest_Central_Hungary.html
Tropicarium, 8, 49, Aquariums & Aquariums, Europe & Hungary & Central Hungary & Budapest & Things to Do in Budapest, 4.0, 47.407642, 19.017254, 596705938, 20180701, 20180701, 3.0, ogriofa76, /Profile/ogriofa76, aeb9903121fb263b0826637bff5c58a8, /Attraction_Review-g274887-d279010-Reviews-Tropicarium-Budapest_Central_Hungary.html
