review_location_name, review_current_page, review_last_page, review_location_type, review_location_breadcrumbs, review_location_rate, location_lat, location_lng, review_id, review_date, review_experience_date, review_rate, user_name, user_link, user_id, parent_url
Buda Castle, 195, 764, Castles & Castles, Europe & Hungary & Central Hungary & Budapest & Things to Do in Budapest, 4.5, 47.49532, 19.03989, 572916512, 20180401, 20180401, 5.0, Ann C, /Profile/333AnnC, 8105ac1f36dbced9cbe44aab1fea15f5, /Attraction_Review-g274887-d276804-Reviews-Buda_Castle-Budapest_Central_Hungary.html
Buda Castle, 195, 764, Castles & Castles, Europe & Hungary & Central Hungary & Budapest & Things to Do in Budapest, 4.5, 47.49532, 19.03989, 572880504, 20180401, 20180401, 4.0, niajam, /Profile/niajam, 6d3351f54c9a0a69c636338c0376ef16, /Attraction_Review-g274887-d276804-Reviews-Buda_Castle-Budapest_Central_Hungary.html
Buda Castle, 195, 764, Castles & Castles, Europe & Hungary & Central Hungary & Budapest & Things to Do in Budapest, 4.5, 47.49532, 19.03989, 572723000, 20180401, 20180401, 5.0, DeonGovender!, /Profile/realdeong, c91cb0e25aea3900fa44efc41f9e469e, /Attraction_Review-g274887-d276804-Reviews-Buda_Castle-Budapest_Central_Hungary.html
Buda Castle, 195, 764, Castles & Castles, Europe & Hungary & Central Hungary & Budapest & Things to Do in Budapest, 4.5, 47.49532, 19.03989, 572625884, 20180401, 20180301, 5.0, Hannah J, /Profile/hannahj808, fe5f92ba2387d366b84d7e1bfb9d4495, /Attraction_Review-g274887-d276804-Reviews-Buda_Castle-Budapest_Central_Hungary.html
Buda Castle, 195, 764, Castles & Castles, Europe & Hungary & Central Hungary & Budapest & Things to Do in Budapest, 4.5, 47.49532, 19.03989, 572620339, 20180401, 20180401, 4.0, V_2020, /Profile/V_2020, 03dbb0cf938f3e4ea9e8046c99f7f07b, /Attraction_Review-g274887-d276804-Reviews-Buda_Castle-Budapest_Central_Hungary.html
