review_location_name, review_current_page, review_last_page, review_location_type, review_location_breadcrumbs, review_location_rate, location_lat, location_lng, review_id, review_date, review_experience_date, review_rate, user_name, user_link, user_id, parent_url
Laposa Birtok, 8, 12, Wineries & Vineyards & Wineries & Vineyards, Europe & Hungary & Central Transdanubia & Veszprem County & Badacsonytomaj & Things to Do in Badacsonytomaj, 4.5, 46.79211, 17.492563, 401570911, 20160801, 20160801, 5.0, szaboda, /Profile/szaboda, 6a1634492c2d013095c8752840b8e10d, /Attraction_Review-g661273-d6403618-Reviews-Laposa_Birtok-Badacsonytomaj_Veszprem_County_Central_Transdanubia.html
Laposa Birtok, 8, 12, Wineries & Vineyards & Wineries & Vineyards, Europe & Hungary & Central Transdanubia & Veszprem County & Badacsonytomaj & Things to Do in Badacsonytomaj, 4.5, 46.79211, 17.492563, 398359182, 20160701, 20160701, 5.0, lbl123, /Profile/lbl123, 81c9e3e264cb745ee9fa10a31506d351, /Attraction_Review-g661273-d6403618-Reviews-Laposa_Birtok-Badacsonytomaj_Veszprem_County_Central_Transdanubia.html
Laposa Birtok, 8, 12, Wineries & Vineyards & Wineries & Vineyards, Europe & Hungary & Central Transdanubia & Veszprem County & Badacsonytomaj & Things to Do in Badacsonytomaj, 4.5, 46.79211, 17.492563, 315431084, 20151001, 20150901, 5.0, 62Pavel, /Profile/62Pavel, 6fc3801a33ec70f53ced44278a074839, /Attraction_Review-g661273-d6403618-Reviews-Laposa_Birtok-Badacsonytomaj_Veszprem_County_Central_Transdanubia.html
Laposa Birtok, 8, 12, Wineries & Vineyards & Wineries & Vineyards, Europe & Hungary & Central Transdanubia & Veszprem County & Badacsonytomaj & Things to Do in Badacsonytomaj, 4.5, 46.79211, 17.492563, 314673427, 20150901, 20150901, 3.0, brasil45, /Profile/brasil45, a4fd611f432bc9821e28a3d00794c693, /Attraction_Review-g661273-d6403618-Reviews-Laposa_Birtok-Badacsonytomaj_Veszprem_County_Central_Transdanubia.html
Laposa Birtok, 8, 12, Wineries & Vineyards & Wineries & Vineyards, Europe & Hungary & Central Transdanubia & Veszprem County & Badacsonytomaj & Things to Do in Badacsonytomaj, 4.5, 46.79211, 17.492563, 306270678, 20150901, 20150801, 5.0, vorospeti, /Profile/vorospeti, 63d37891a6082d1a2688f0ff342787f3, /Attraction_Review-g661273-d6403618-Reviews-Laposa_Birtok-Badacsonytomaj_Veszprem_County_Central_Transdanubia.html
