review_location_name, review_current_page, review_last_page, review_location_type, review_location_breadcrumbs, review_location_rate, location_lat, location_lng, review_id, review_date, review_experience_date, review_rate, user_name, user_link, user_id, parent_url
Pannonhalma Archabbey, 21, 26, Points of Interest & Landmarks & Points of Interest & Landmarks, Europe & Hungary & Central Transdanubia & Gyor-Moson-Sopron County & Pannonhalma & Things to Do in Pannonhalma, 4.5, 47.552834, 17.760538, 214556725, 20140701, 20140701, 5.0, JLB47, /Profile/JLB47, 06b16f918dde00ca8d3318c02b932299, /Attraction_Review-g754048-d7055227-Reviews-Pannonhalma_Archabbey-Pannonhalma_Gyor_Moson_Sopron_County_Central_Transdanubia.html
Pannonhalma Archabbey, 21, 26, Points of Interest & Landmarks & Points of Interest & Landmarks, Europe & Hungary & Central Transdanubia & Gyor-Moson-Sopron County & Pannonhalma & Things to Do in Pannonhalma, 4.5, 47.552834, 17.760538, 208012098, 20140501, 20140501, 5.0, Eva F, /Profile/EvaF624, 4cf0dc826794d55b8ef2ff78afc313c8, /Attraction_Review-g754048-d7055227-Reviews-Pannonhalma_Archabbey-Pannonhalma_Gyor_Moson_Sopron_County_Central_Transdanubia.html
Pannonhalma Archabbey, 21, 26, Points of Interest & Landmarks & Points of Interest & Landmarks, Europe & Hungary & Central Transdanubia & Gyor-Moson-Sopron County & Pannonhalma & Things to Do in Pannonhalma, 4.5, 47.552834, 17.760538, 207651988, 20140501, 20130701, 4.0, Zsófia K, /Profile/Nymphi324, 1fbe73217b99d713b1860e748a4ab2b2, /Attraction_Review-g754048-d7055227-Reviews-Pannonhalma_Archabbey-Pannonhalma_Gyor_Moson_Sopron_County_Central_Transdanubia.html
Pannonhalma Archabbey, 21, 26, Points of Interest & Landmarks & Points of Interest & Landmarks, Europe & Hungary & Central Transdanubia & Gyor-Moson-Sopron County & Pannonhalma & Things to Do in Pannonhalma, 4.5, 47.552834, 17.760538, 204085490, 20140501, 20140401, 4.0, VivaManila, /Profile/VivaManila, 60e731f365f1337a85adc0c630316e27, /Attraction_Review-g754048-d7055227-Reviews-Pannonhalma_Archabbey-Pannonhalma_Gyor_Moson_Sopron_County_Central_Transdanubia.html
Pannonhalma Archabbey, 21, 26, Points of Interest & Landmarks & Points of Interest & Landmarks, Europe & Hungary & Central Transdanubia & Gyor-Moson-Sopron County & Pannonhalma & Things to Do in Pannonhalma, 4.5, 47.552834, 17.760538, 192148494, 20140101, 20140101, 5.0, Clarina P, /Profile/suep641, 6b358dffaee476444e65f410ace60c24, /Attraction_Review-g754048-d7055227-Reviews-Pannonhalma_Archabbey-Pannonhalma_Gyor_Moson_Sopron_County_Central_Transdanubia.html
