review_location_name, review_current_page, review_last_page, review_location_type, review_location_breadcrumbs, review_location_rate, location_lat, location_lng, review_id, review_date, review_experience_date, review_rate, user_name, user_link, user_id, parent_url
Keszthely Kastell, 2, 4, Points of Interest & Landmarks & Castles & Points of Interest & Landmarks & Castles, Europe & Hungary & Western Transdanubia & Zala County & Keszthely & Things to Do in Keszthely, 4.5, 46.77138, 17.241812, 695496708, 20190801, 20190801, 5.0, Papiking, /Profile/Papiking, 54bef4ace1ea7efd8a5c9c92705e8b5d, /Attraction_Review-g274897-d4549647-Reviews-Keszthely_Kastell-Keszthely_Zala_County_Western_Transdanubia.html
Keszthely Kastell, 2, 4, Points of Interest & Landmarks & Castles & Points of Interest & Landmarks & Castles, Europe & Hungary & Western Transdanubia & Zala County & Keszthely & Things to Do in Keszthely, 4.5, 46.77138, 17.241812, 647034188, 20190101, 20190101, 5.0, Sonja S, /Profile/154sonjas, a72dd054b82871eca179281ac160c16d, /Attraction_Review-g274897-d4549647-Reviews-Keszthely_Kastell-Keszthely_Zala_County_Western_Transdanubia.html
Keszthely Kastell, 2, 4, Points of Interest & Landmarks & Castles & Points of Interest & Landmarks & Castles, Europe & Hungary & Western Transdanubia & Zala County & Keszthely & Things to Do in Keszthely, 4.5, 46.77138, 17.241812, 609988524, 20180801, 20180801, 5.0, Balazs T, /Profile/balazst, 30ab71a367ec6244a84630d58db12cff, /Attraction_Review-g274897-d4549647-Reviews-Keszthely_Kastell-Keszthely_Zala_County_Western_Transdanubia.html
Keszthely Kastell, 2, 4, Points of Interest & Landmarks & Castles & Points of Interest & Landmarks & Castles, Europe & Hungary & Western Transdanubia & Zala County & Keszthely & Things to Do in Keszthely, 4.5, 46.77138, 17.241812, 608059008, 20180801, 20180701, 4.0, Odd Lennart Lien, /Profile/Oliensunny5644, ca9ef983834ce6aed7859286d68f40cd, /Attraction_Review-g274897-d4549647-Reviews-Keszthely_Kastell-Keszthely_Zala_County_Western_Transdanubia.html
Keszthely Kastell, 2, 4, Points of Interest & Landmarks & Castles & Points of Interest & Landmarks & Castles, Europe & Hungary & Western Transdanubia & Zala County & Keszthely & Things to Do in Keszthely, 4.5, 46.77138, 17.241812, 597247316, 20180701, 20180701, 5.0, lonsic, /Profile/lonsic, 422f696604895827303e71511ee86297, /Attraction_Review-g274897-d4549647-Reviews-Keszthely_Kastell-Keszthely_Zala_County_Western_Transdanubia.html
