review_location_name, review_current_page, review_last_page, review_location_type, review_location_breadcrumbs, review_location_rate, location_lat, location_lng, review_id, review_date, review_experience_date, review_rate, user_name, user_link, user_id, parent_url
Museum of Military History (Hadtorteneti Muzeum), 10, 27, Military Museums & Military Museums, Europe & Hungary & Central Hungary & Budapest & Things to Do in Budapest, 4.0, 47.504166, 19.027943, 539388841, 20171101, 20171101, 5.0, HealdGreenForever, /Profile/HealdGreenForever, 95be445ecbbea781b15f032a489b9e21, /Attraction_Review-g274887-d276802-Reviews-Museum_of_Military_History_Hadtorteneti_Muzeum-Budapest_Central_Hungary.html
Museum of Military History (Hadtorteneti Muzeum), 10, 27, Military Museums & Military Museums, Europe & Hungary & Central Hungary & Budapest & Things to Do in Budapest, 4.0, 47.504166, 19.027943, 535022360, 20171001, 20171001, 5.0, 787Darren, /Profile/787Darren, bfc6738ae23098af5c3d87a961d70303, /Attraction_Review-g274887-d276802-Reviews-Museum_of_Military_History_Hadtorteneti_Muzeum-Budapest_Central_Hungary.html
Museum of Military History (Hadtorteneti Muzeum), 10, 27, Military Museums & Military Museums, Europe & Hungary & Central Hungary & Budapest & Things to Do in Budapest, 4.0, 47.504166, 19.027943, 530764667, 20171001, 20171001, 3.0, Paul B, /Profile/C5263SLpaulb, e4e141a975e7c7925a1fa28b3e5191a4, /Attraction_Review-g274887-d276802-Reviews-Museum_of_Military_History_Hadtorteneti_Muzeum-Budapest_Central_Hungary.html
Museum of Military History (Hadtorteneti Muzeum), 10, 27, Military Museums & Military Museums, Europe & Hungary & Central Hungary & Budapest & Things to Do in Budapest, 4.0, 47.504166, 19.027943, 530229225, 20171001, 20171001, 4.0, wingate, /Profile/wingate, b5bb846ef4db633f0526a890b78f0c0c, /Attraction_Review-g274887-d276802-Reviews-Museum_of_Military_History_Hadtorteneti_Muzeum-Budapest_Central_Hungary.html
Museum of Military History (Hadtorteneti Muzeum), 10, 27, Military Museums & Military Museums, Europe & Hungary & Central Hungary & Budapest & Things to Do in Budapest, 4.0, 47.504166, 19.027943, 527355392, 20170901, 20170801, 5.0, James I, /Profile/254jamesi, f10b88675a225ee42cf3a841844cba12, /Attraction_Review-g274887-d276802-Reviews-Museum_of_Military_History_Hadtorteneti_Muzeum-Budapest_Central_Hungary.html
