review_location_name, review_current_page, review_last_page, review_location_type, review_location_breadcrumbs, review_location_rate, location_lat, location_lng, review_id, review_date, review_experience_date, review_rate, user_name, user_link, user_id, parent_url
Budapest Christmas Fair, 50, 68, Cultural Events & Cultural Events, Europe & Hungary & Central Hungary & Budapest & Things to Do in Budapest, 4.0, 47.496387, 19.0506, 499145287, 20170701, 20161101, 4.0, Kurt-and-Ella, /Profile/Kurt-and-Ella, 2c0af8f30645774b683e1c63f7961ba8, /Attraction_Review-g274887-d10020417-Reviews-Budapest_Christmas_Fair-Budapest_Central_Hungary.html
Budapest Christmas Fair, 50, 68, Cultural Events & Cultural Events, Europe & Hungary & Central Hungary & Budapest & Things to Do in Budapest, 4.0, 47.496387, 19.0506, 495514471, 20170601, 20161201, 4.0, MitziMarmot, /Profile/MitziMarmot, 83f59357296e90ac913b8378b0f9560a, /Attraction_Review-g274887-d10020417-Reviews-Budapest_Christmas_Fair-Budapest_Central_Hungary.html
Budapest Christmas Fair, 50, 68, Cultural Events & Cultural Events, Europe & Hungary & Central Hungary & Budapest & Things to Do in Budapest, 4.0, 47.496387, 19.0506, 483520350, 20170501, 20161201, 5.0, ELMAN-ALI, /Profile/ELMAN-ALI, aa641593a80b0181733e3404e5907434, /Attraction_Review-g274887-d10020417-Reviews-Budapest_Christmas_Fair-Budapest_Central_Hungary.html
Budapest Christmas Fair, 50, 68, Cultural Events & Cultural Events, Europe & Hungary & Central Hungary & Budapest & Things to Do in Budapest, 4.0, 47.496387, 19.0506, 479633201, 20170401, 20161201, 5.0, Uaeflea, /Profile/Uaeflea, 643ad3994f15c6325bc3594610e9c334, /Attraction_Review-g274887-d10020417-Reviews-Budapest_Christmas_Fair-Budapest_Central_Hungary.html
Budapest Christmas Fair, 50, 68, Cultural Events & Cultural Events, Europe & Hungary & Central Hungary & Budapest & Things to Do in Budapest, 4.0, 47.496387, 19.0506, 470195872, 20170301, 20161201, 5.0, Chewcho, /Profile/Chewcho, 143ecdf2c5dd58c3f64853ccea3c2fa6, /Attraction_Review-g274887-d10020417-Reviews-Budapest_Christmas_Fair-Budapest_Central_Hungary.html
