review_location_name, review_current_page, review_last_page, review_location_type, review_location_breadcrumbs, review_location_rate, location_lat, location_lng, review_id, review_date, review_experience_date, review_rate, user_name, user_link, user_id, parent_url
Danube River, 444, 1573, Bodies of Water & Bodies of Water, Europe & Hungary & Central Hungary & Budapest & Things to Do in Budapest, 4.5, 47.502583, 19.04263, 575752000, 20180401, 20180401, 5.0, EG54, /Profile/EG54, 3bd3fc2c88341955c602104462147627, /Attraction_Review-g274887-d298971-Reviews-Danube_River-Budapest_Central_Hungary.html
Danube River, 444, 1573, Bodies of Water & Bodies of Water, Europe & Hungary & Central Hungary & Budapest & Things to Do in Budapest, 4.5, 47.502583, 19.04263, 575621712, 20180401, 20180401, 5.0, Terry P, /Profile/TerryTraveler240, f722779ad830e211c7848b09cb85cc5b, /Attraction_Review-g274887-d298971-Reviews-Danube_River-Budapest_Central_Hungary.html
Danube River, 444, 1573, Bodies of Water & Bodies of Water, Europe & Hungary & Central Hungary & Budapest & Things to Do in Budapest, 4.5, 47.502583, 19.04263, 575599853, 20180401, 20180401, 5.0, BovveredofChadd, /Profile/BovveredofChadd, 3c41dd9635356f79cf70b7e7a701badd, /Attraction_Review-g274887-d298971-Reviews-Danube_River-Budapest_Central_Hungary.html
Danube River, 444, 1573, Bodies of Water & Bodies of Water, Europe & Hungary & Central Hungary & Budapest & Things to Do in Budapest, 4.5, 47.502583, 19.04263, 575571033, 20180401, 20180401, 5.0, Erica T, /Profile/900ericat, 1ed1a63a57f2df323a3b8f3312ad6762, /Attraction_Review-g274887-d298971-Reviews-Danube_River-Budapest_Central_Hungary.html
Danube River, 444, 1573, Bodies of Water & Bodies of Water, Europe & Hungary & Central Hungary & Budapest & Things to Do in Budapest, 4.5, 47.502583, 19.04263, 575544078, 20180401, 20180401, 5.0, 4Dolores, /Profile/4Dolores, 0df31b751a6bcb4773d61271c68fd176, /Attraction_Review-g274887-d298971-Reviews-Danube_River-Budapest_Central_Hungary.html
