review_location_name, review_current_page, review_last_page, review_location_type, review_location_breadcrumbs, review_location_rate, location_lat, location_lng, review_id, review_date, review_experience_date, review_rate, user_name, user_link, user_id, parent_url
Tokaji museum, 1, 3, Specialty Museums & Specialty Museums, Europe & Hungary & Northern Hungary & Borsod-Abauj-Zemplen County & Tokaj & Things to Do in Tokaj, 4.5, 48.12655, 21.40824, 688657571, 20190701, 20190701, 5.0, Pierrot666, /Profile/Pierrot666, 90b6ed6f8ccc00172dee5d0eb24a30ab, /Attraction_Review-g657261-d6995630-Reviews-Tokaji_museum-Tokaj_Borsod_Abauj_Zemplen_County_Northern_Hungary.html
Tokaji museum, 1, 3, Specialty Museums & Specialty Museums, Europe & Hungary & Northern Hungary & Borsod-Abauj-Zemplen County & Tokaj & Things to Do in Tokaj, 4.5, 48.12655, 21.40824, 575247124, 20180401, 20180401, 5.0, вольдемар б, /Profile/Y9287MO_, 1baff671dad0e9c909442554927cdd64, /Attraction_Review-g657261-d6995630-Reviews-Tokaji_museum-Tokaj_Borsod_Abauj_Zemplen_County_Northern_Hungary.html
Tokaji museum, 1, 3, Specialty Museums & Specialty Museums, Europe & Hungary & Northern Hungary & Borsod-Abauj-Zemplen County & Tokaj & Things to Do in Tokaj, 4.5, 48.12655, 21.40824, 539547841, 20171101, 20170601, 4.0, George T, /Profile/H2103IZgeorges, 54a10f96bf1a833d83f51529bcbebd68, /Attraction_Review-g657261-d6995630-Reviews-Tokaji_museum-Tokaj_Borsod_Abauj_Zemplen_County_Northern_Hungary.html
Tokaji museum, 1, 3, Specialty Museums & Specialty Museums, Europe & Hungary & Northern Hungary & Borsod-Abauj-Zemplen County & Tokaj & Things to Do in Tokaj, 4.5, 48.12655, 21.40824, 537992877, 20171101, 20170801, 4.0, Brian M, /Profile/briochem2000, 2c10a5d562c1eac0fb16ae9c16ee0ac2, /Attraction_Review-g657261-d6995630-Reviews-Tokaji_museum-Tokaj_Borsod_Abauj_Zemplen_County_Northern_Hungary.html
Tokaji museum, 1, 3, Specialty Museums & Specialty Museums, Europe & Hungary & Northern Hungary & Borsod-Abauj-Zemplen County & Tokaj & Things to Do in Tokaj, 4.5, 48.12655, 21.40824, 517403078, 20170801, 20170801, 3.0, Progenitor, /Profile/Progenitor, b4de69ffbf80f80bd3a20af14e6bddd5, /Attraction_Review-g657261-d6995630-Reviews-Tokaji_museum-Tokaj_Borsod_Abauj_Zemplen_County_Northern_Hungary.html
