review_location_name, review_current_page, review_last_page, review_location_type, review_location_breadcrumbs, review_location_rate, location_lat, location_lng, review_id, review_date, review_experience_date, review_rate, user_name, user_link, user_id, parent_url
Panoptikum, 14, 107, History Museums & History Museums, Europe & Hungary & Central Hungary & Budapest & Things to Do in Budapest, 3.5, 47.500263, 19.034166, 665896341, 20190401, 20181201, 3.0, blaintm, /Profile/blaintm, 2f44249466d64e233f8bdec018adb419, /Attraction_Review-g274887-d7372844-Reviews-Panoptikum-Budapest_Central_Hungary.html
Panoptikum, 14, 107, History Museums & History Museums, Europe & Hungary & Central Hungary & Budapest & Things to Do in Budapest, 3.5, 47.500263, 19.034166, 663934162, 20190401, 20190401, 5.0, Ingrid V, /Profile/ingridv255, 95c0a18a9d631047f9577f6d16f37e1b, /Attraction_Review-g274887-d7372844-Reviews-Panoptikum-Budapest_Central_Hungary.html
Panoptikum, 14, 107, History Museums & History Museums, Europe & Hungary & Central Hungary & Budapest & Things to Do in Budapest, 3.5, 47.500263, 19.034166, 663879149, 20190401, 20190301, 5.0, Elliot M, /Profile/Elliot_M_999, dca4e26c081bba8ae01133cc818f75d6, /Attraction_Review-g274887-d7372844-Reviews-Panoptikum-Budapest_Central_Hungary.html
Panoptikum, 14, 107, History Museums & History Museums, Europe & Hungary & Central Hungary & Budapest & Things to Do in Budapest, 3.5, 47.500263, 19.034166, 663193157, 20190401, 20190401, 3.0, Carl J, /Profile/228carlj, 9055224c75495465ebb309d355e0b4b6, /Attraction_Review-g274887-d7372844-Reviews-Panoptikum-Budapest_Central_Hungary.html
Panoptikum, 14, 107, History Museums & History Museums, Europe & Hungary & Central Hungary & Budapest & Things to Do in Budapest, 3.5, 47.500263, 19.034166, 661738008, 20190301, 20190301, 4.0, Pablo, /Profile/Pablo98765, d5d085ebe9b0de30fab02841c3f18321, /Attraction_Review-g274887-d7372844-Reviews-Panoptikum-Budapest_Central_Hungary.html
