review_location_name, review_current_page, review_last_page, review_location_type, review_location_breadcrumbs, review_location_rate, location_lat, location_lng, review_id, review_date, review_experience_date, review_rate, user_name, user_link, user_id, parent_url
Arany Janos Memorial, None, None, Points of Interest & Landmarks & Monuments & Statues & Points of Interest & Landmarks & Monuments & Statues, Europe & Hungary & Central Hungary & Budapest & Things to Do in Budapest, 3.5, 47.49104, 19.06185, 752922578, 20200401, 20200201, 4.0, JnVSydney, /Profile/JnVSydney, 6fd634e12ba497eb3b36b7d3b2e69294, /Attraction_Review-g274887-d13962740-Reviews-Arany_Janos_Memorial-Budapest_Central_Hungary.html
Arany Janos Memorial, None, None, Points of Interest & Landmarks & Monuments & Statues & Points of Interest & Landmarks & Monuments & Statues, Europe & Hungary & Central Hungary & Budapest & Things to Do in Budapest, 3.5, 47.49104, 19.06185, 752623135, 20200401, 20191001, 5.0, MarriedAnd-Over-50, /Profile/MarriedAnd-Over-50, 79deac32b6ce6a7330c4e84312c73e2c, /Attraction_Review-g274887-d13962740-Reviews-Arany_Janos_Memorial-Budapest_Central_Hungary.html
Arany Janos Memorial, None, None, Points of Interest & Landmarks & Monuments & Statues & Points of Interest & Landmarks & Monuments & Statues, Europe & Hungary & Central Hungary & Budapest & Things to Do in Budapest, 3.5, 47.49104, 19.06185, 750972420, 20200301, 20191001, 3.0, Carol A S, /Profile/carolas936, 1c912a0b6f40d4919b5cc3da9cf8cd8d, /Attraction_Review-g274887-d13962740-Reviews-Arany_Janos_Memorial-Budapest_Central_Hungary.html
Arany Janos Memorial, None, None, Points of Interest & Landmarks & Monuments & Statues & Points of Interest & Landmarks & Monuments & Statues, Europe & Hungary & Central Hungary & Budapest & Things to Do in Budapest, 3.5, 47.49104, 19.06185, 651297789, 20190201, 20181201, 4.0, Rabih SOUAID, /Profile/Rabih-SOUAID, aa601b104f66ca99fb2a55e7f4b182ca, /Attraction_Review-g274887-d13962740-Reviews-Arany_Janos_Memorial-Budapest_Central_Hungary.html
