review_location_name, review_current_page, review_last_page, review_location_type, review_location_breadcrumbs, review_location_rate, location_lat, location_lng, review_id, review_date, review_experience_date, review_rate, user_name, user_link, user_id, parent_url
Széchenyi Lánchíd, 131, 1688, Bridges & Bridges, Europe & Hungary & Central Hungary & Budapest & Things to Do in Budapest, 4.5, 47.498924, 19.043756, 677594285, 20190501, 20190501, 4.0, STEVENSNY, /Profile/STEVENSNY, 8b5756b0df8670c38fc4d6e80541fc8d, /Attraction_Review-g274887-d276821-Reviews-Szechenyi_Lanchid-Budapest_Central_Hungary.html
Széchenyi Lánchíd, 131, 1688, Bridges & Bridges, Europe & Hungary & Central Hungary & Budapest & Things to Do in Budapest, 4.5, 47.498924, 19.043756, 677511675, 20190501, 20190501, 5.0, Casserole, /Profile/casseroleking, 323b2f7be9526a6fe43e474b9828d65a, /Attraction_Review-g274887-d276821-Reviews-Szechenyi_Lanchid-Budapest_Central_Hungary.html
Széchenyi Lánchíd, 131, 1688, Bridges & Bridges, Europe & Hungary & Central Hungary & Budapest & Things to Do in Budapest, 4.5, 47.498924, 19.043756, 677270819, 20190501, 20190501, 5.0, Laura H, /Profile/106LauraH, 4b7cf94bef9a997f44c21974396d882f, /Attraction_Review-g274887-d276821-Reviews-Szechenyi_Lanchid-Budapest_Central_Hungary.html
Széchenyi Lánchíd, 131, 1688, Bridges & Bridges, Europe & Hungary & Central Hungary & Budapest & Things to Do in Budapest, 4.5, 47.498924, 19.043756, 677185500, 20190501, 20190501, 4.0, ET-retired, /Profile/ET-retired, d846c9db0083674984225f348575560a, /Attraction_Review-g274887-d276821-Reviews-Szechenyi_Lanchid-Budapest_Central_Hungary.html
Széchenyi Lánchíd, 131, 1688, Bridges & Bridges, Europe & Hungary & Central Hungary & Budapest & Things to Do in Budapest, 4.5, 47.498924, 19.043756, 677165607, 20190501, 20190501, 5.0, Steveic1957, /Profile/Steveic1957, f5802fc8263e60c3a375b927ddd298a6, /Attraction_Review-g274887-d276821-Reviews-Szechenyi_Lanchid-Budapest_Central_Hungary.html
