review_location_name, review_current_page, review_last_page, review_location_type, review_location_breadcrumbs, review_location_rate, location_lat, location_lng, review_id, review_date, review_experience_date, review_rate, user_name, user_link, user_id, parent_url
Shoes on the Danube Bank, 841, 2212, Historic Sites & Points of Interest & Landmarks & Monuments & Statues & Historic Sites & Points of Interest & Landmarks & Monuments & Statues, Europe & Hungary & Central Hungary & Budapest & Things to Do in Budapest, 4.5, 47.503918, 19.044844, 510815524, 20170801, 20170801, 4.0, Dissapointed106, /Profile/Dissapointed106, 29b670e657a849698ac78ec1fc7bf3f3, /Attraction_Review-g274887-d1063833-Reviews-Shoes_on_the_Danube_Bank-Budapest_Central_Hungary.html
Shoes on the Danube Bank, 841, 2212, Historic Sites & Points of Interest & Landmarks & Monuments & Statues & Historic Sites & Points of Interest & Landmarks & Monuments & Statues, Europe & Hungary & Central Hungary & Budapest & Things to Do in Budapest, 4.5, 47.503918, 19.044844, 510709443, 20170801, 20170701, 3.0, Roy B, /Profile/RoyB351, 04ac9cbb3996e88b642ab25b0dbc741a, /Attraction_Review-g274887-d1063833-Reviews-Shoes_on_the_Danube_Bank-Budapest_Central_Hungary.html
Shoes on the Danube Bank, 841, 2212, Historic Sites & Points of Interest & Landmarks & Monuments & Statues & Historic Sites & Points of Interest & Landmarks & Monuments & Statues, Europe & Hungary & Central Hungary & Budapest & Things to Do in Budapest, 4.5, 47.503918, 19.044844, 510667090, 20170801, 20170801, 5.0, Lis K, /Profile/LisK350, 289dbad6da61c258a3d5d029335644d0, /Attraction_Review-g274887-d1063833-Reviews-Shoes_on_the_Danube_Bank-Budapest_Central_Hungary.html
Shoes on the Danube Bank, 841, 2212, Historic Sites & Points of Interest & Landmarks & Monuments & Statues & Historic Sites & Points of Interest & Landmarks & Monuments & Statues, Europe & Hungary & Central Hungary & Budapest & Things to Do in Budapest, 4.5, 47.503918, 19.044844, 510636145, 20170801, 20170801, 5.0, Helen G, /Profile/W9528MTheleng, 6ba27c3af81b0a9e24a003916fdd4722, /Attraction_Review-g274887-d1063833-Reviews-Shoes_on_the_Danube_Bank-Budapest_Central_Hungary.html
Shoes on the Danube Bank, 841, 2212, Historic Sites & Points of Interest & Landmarks & Monuments & Statues & Historic Sites & Points of Interest & Landmarks & Monuments & Statues, Europe & Hungary & Central Hungary & Budapest & Things to Do in Budapest, 4.5, 47.503918, 19.044844, 510581591, 20170801, 20160901, 5.0, Dankun, /Profile/Dankun, c7e38ea1171f4964ea3640294b3bfaa1, /Attraction_Review-g274887-d1063833-Reviews-Shoes_on_the_Danube_Bank-Budapest_Central_Hungary.html
