review_location_name, review_current_page, review_last_page, review_location_type, review_location_breadcrumbs, review_location_rate, location_lat, location_lng, review_id, review_date, review_experience_date, review_rate, user_name, user_link, user_id, parent_url
Festetics Palace, 19, 31, Historic Sites & Architectural Buildings & Castles & Historic Sites & Architectural Buildings & Castles, Europe & Hungary & Western Transdanubia & Zala County & Keszthely & Things to Do in Keszthely, 4.5, 46.76935, 17.24207, 355555151, 20160301, 20150801, 3.0, Ildiko B, /Profile/ildikob209, f207f79814d64687cc8efa1ce4c474a1, /Attraction_Review-g274897-d1850105-Reviews-Festetics_Palace-Keszthely_Zala_County_Western_Transdanubia.html
Festetics Palace, 19, 31, Historic Sites & Architectural Buildings & Castles & Historic Sites & Architectural Buildings & Castles, Europe & Hungary & Western Transdanubia & Zala County & Keszthely & Things to Do in Keszthely, 4.5, 46.76935, 17.24207, 353247908, 20160301, 20160301, 5.0, johnrevesz, /Profile/johnrevesz, bfa14c4e3096496aaff612495a915185, /Attraction_Review-g274897-d1850105-Reviews-Festetics_Palace-Keszthely_Zala_County_Western_Transdanubia.html
Festetics Palace, 19, 31, Historic Sites & Architectural Buildings & Castles & Historic Sites & Architectural Buildings & Castles, Europe & Hungary & Western Transdanubia & Zala County & Keszthely & Things to Do in Keszthely, 4.5, 46.76935, 17.24207, 352326993, 20160301, 20160101, 5.0, Z B, /Profile/ZoltanB823, b23348885a8ff58057f47a0ba15ea0d3, /Attraction_Review-g274897-d1850105-Reviews-Festetics_Palace-Keszthely_Zala_County_Western_Transdanubia.html
Festetics Palace, 19, 31, Historic Sites & Architectural Buildings & Castles & Historic Sites & Architectural Buildings & Castles, Europe & Hungary & Western Transdanubia & Zala County & Keszthely & Things to Do in Keszthely, 4.5, 46.76935, 17.24207, 348424914, 20160201, 20160201, 4.0, Andreas H, /Profile/189andreash, f654edfc4eb1751f534b00dc17e9cc4b, /Attraction_Review-g274897-d1850105-Reviews-Festetics_Palace-Keszthely_Zala_County_Western_Transdanubia.html
Festetics Palace, 19, 31, Historic Sites & Architectural Buildings & Castles & Historic Sites & Architectural Buildings & Castles, Europe & Hungary & Western Transdanubia & Zala County & Keszthely & Things to Do in Keszthely, 4.5, 46.76935, 17.24207, 338192700, 20160101, 20150501, 5.0, tizs0, /Profile/tizs0, 7b2cf9bf9c683ad84614fd9898128f73, /Attraction_Review-g274897-d1850105-Reviews-Festetics_Palace-Keszthely_Zala_County_Western_Transdanubia.html
