review_location_name, review_current_page, review_last_page, review_location_type, review_location_breadcrumbs, review_location_rate, location_lat, location_lng, review_id, review_date, review_experience_date, review_rate, user_name, user_link, user_id, parent_url
Vaci Street, 43, 184, Points of Interest & Landmarks & Points of Interest & Landmarks, Europe & Hungary & Central Hungary & Budapest & Things to Do in Budapest, 4.0, 47.4906, 19.05477, 493870180, 20170601, 20170601, 3.0, Tal S, /Profile/tals839, 30a11449ad116048fdccae00cb66c855, /Attraction_Review-g274887-d276823-Reviews-Vaci_Street-Budapest_Central_Hungary.html
Vaci Street, 43, 184, Points of Interest & Landmarks & Points of Interest & Landmarks, Europe & Hungary & Central Hungary & Budapest & Things to Do in Budapest, 4.0, 47.4906, 19.05477, 492635524, 20170601, 20170601, 5.0, Carolyn M, /Profile/X9180FUcarolynm, 347616ecace285ea3c08c094afb2bc46, /Attraction_Review-g274887-d276823-Reviews-Vaci_Street-Budapest_Central_Hungary.html
Vaci Street, 43, 184, Points of Interest & Landmarks & Points of Interest & Landmarks, Europe & Hungary & Central Hungary & Budapest & Things to Do in Budapest, 4.0, 47.4906, 19.05477, 492586912, 20170601, 20170601, 4.0, KodoDrummer, /Profile/KodoDrummer, b4999d622bc1cf7792c996a3c11331cd, /Attraction_Review-g274887-d276823-Reviews-Vaci_Street-Budapest_Central_Hungary.html
Vaci Street, 43, 184, Points of Interest & Landmarks & Points of Interest & Landmarks, Europe & Hungary & Central Hungary & Budapest & Things to Do in Budapest, 4.0, 47.4906, 19.05477, 492302614, 20170601, 20170501, 5.0, Elizabeth K, /Profile/elizabethkR9135IP, c8f9f2d1237283d34e691efe4ceae0cf, /Attraction_Review-g274887-d276823-Reviews-Vaci_Street-Budapest_Central_Hungary.html
Vaci Street, 43, 184, Points of Interest & Landmarks & Points of Interest & Landmarks, Europe & Hungary & Central Hungary & Budapest & Things to Do in Budapest, 4.0, 47.4906, 19.05477, 491872744, 20170601, 20170601, 4.0, Xanerin, /Profile/Xanerin, ff678a31f84476055878cf4747beb2ad, /Attraction_Review-g274887-d276823-Reviews-Vaci_Street-Budapest_Central_Hungary.html
