review_location_name, review_current_page, review_last_page, review_location_type, review_location_breadcrumbs, review_location_rate, location_lat, location_lng, review_id, review_date, review_experience_date, review_rate, user_name, user_link, user_id, parent_url
Vajdahunyad Castle (Vajdahunyadvar), 14, 185, Architectural Buildings & Castles & Architectural Buildings & Castles, Europe & Hungary & Central Hungary & Budapest & Things to Do in Budapest, 4.5, 47.51674, 19.082123, 710659413, 20190901, 20190901, 4.0, Barry A, /Profile/BarryA477, 10df043e85f8508063ee108f6034854a, /Attraction_Review-g274887-d277831-Reviews-Vajdahunyad_Castle_Vajdahunyadvar-Budapest_Central_Hungary.html
Vajdahunyad Castle (Vajdahunyadvar), 14, 185, Architectural Buildings & Castles & Architectural Buildings & Castles, Europe & Hungary & Central Hungary & Budapest & Things to Do in Budapest, 4.5, 47.51674, 19.082123, 707905030, 20190901, 20190901, 5.0, shellgd, /Profile/shellgd, 2ddc37f76a95e6f65d5a6f86e569067a, /Attraction_Review-g274887-d277831-Reviews-Vajdahunyad_Castle_Vajdahunyadvar-Budapest_Central_Hungary.html
Vajdahunyad Castle (Vajdahunyadvar), 14, 185, Architectural Buildings & Castles & Architectural Buildings & Castles, Europe & Hungary & Central Hungary & Budapest & Things to Do in Budapest, 4.5, 47.51674, 19.082123, 706399395, 20190901, 20190801, 4.0, ankeet_sinha, /Profile/ankeet_sinha, 5f013d11729c16fe02be62f4f7ee46b6, /Attraction_Review-g274887-d277831-Reviews-Vajdahunyad_Castle_Vajdahunyadvar-Budapest_Central_Hungary.html
Vajdahunyad Castle (Vajdahunyadvar), 14, 185, Architectural Buildings & Castles & Architectural Buildings & Castles, Europe & Hungary & Central Hungary & Budapest & Things to Do in Budapest, 4.5, 47.51674, 19.082123, 706067330, 20190901, 20190801, 5.0, fun2beearound, /Profile/fun2beearound, 5a565dfdecd54795310ce1ad29395901, /Attraction_Review-g274887-d277831-Reviews-Vajdahunyad_Castle_Vajdahunyadvar-Budapest_Central_Hungary.html
Vajdahunyad Castle (Vajdahunyadvar), 14, 185, Architectural Buildings & Castles & Architectural Buildings & Castles, Europe & Hungary & Central Hungary & Budapest & Things to Do in Budapest, 4.5, 47.51674, 19.082123, 703958595, 20190801, 20190801, 5.0, werpaj, /Profile/werpaj, ea223570b4e8fc0eaf8cd8444f15523f, /Attraction_Review-g274887-d277831-Reviews-Vajdahunyad_Castle_Vajdahunyadvar-Budapest_Central_Hungary.html
