review_location_name, review_current_page, review_last_page, review_location_type, review_location_breadcrumbs, review_location_rate, location_lat, location_lng, review_id, review_date, review_experience_date, review_rate, user_name, user_link, user_id, parent_url
Bishop's Palace (Püspöki palota), 1, 4, Sacred & Religious Sites & Sacred & Religious Sites, Europe & Hungary & Southern Transdanubia & Baranya County & Pecs & Things to Do in Pecs, 4.0, 46.07836, 18.22423, 769176352, 20200901, 20200901, 5.0, OZS_ATW, /Profile/OZS_ATW, 7b397f3861a6ba067668516910b173c8, /Attraction_Review-g274905-d546974-Reviews-Bishop_s_Palace_Puspoki_palota-Pecs_Baranya_County_Southern_Transdanubia.html
Bishop's Palace (Püspöki palota), 1, 4, Sacred & Religious Sites & Sacred & Religious Sites, Europe & Hungary & Southern Transdanubia & Baranya County & Pecs & Things to Do in Pecs, 4.0, 46.07836, 18.22423, 709498686, 20190901, 20190801, 5.0, SuzyQu15, /Profile/SuzyQu15, f9c7b1e25a7389628492a2f7f5a31778, /Attraction_Review-g274905-d546974-Reviews-Bishop_s_Palace_Puspoki_palota-Pecs_Baranya_County_Southern_Transdanubia.html
Bishop's Palace (Püspöki palota), 1, 4, Sacred & Religious Sites & Sacred & Religious Sites, Europe & Hungary & Southern Transdanubia & Baranya County & Pecs & Things to Do in Pecs, 4.0, 46.07836, 18.22423, 683732548, 20190601, 20190601, 4.0, cricketfanBB, /Profile/cricketfanBB, 9a62dc9399a6ef2c4eb9b2f0c0381970, /Attraction_Review-g274905-d546974-Reviews-Bishop_s_Palace_Puspoki_palota-Pecs_Baranya_County_Southern_Transdanubia.html
Bishop's Palace (Püspöki palota), 1, 4, Sacred & Religious Sites & Sacred & Religious Sites, Europe & Hungary & Southern Transdanubia & Baranya County & Pecs & Things to Do in Pecs, 4.0, 46.07836, 18.22423, 583085002, 20180501, 20180501, 4.0, j d, /Profile/2956jd, 50ed2bdaf247a1b72f6f3d49686d4a6b, /Attraction_Review-g274905-d546974-Reviews-Bishop_s_Palace_Puspoki_palota-Pecs_Baranya_County_Southern_Transdanubia.html
Bishop's Palace (Püspöki palota), 1, 4, Sacred & Religious Sites & Sacred & Religious Sites, Europe & Hungary & Southern Transdanubia & Baranya County & Pecs & Things to Do in Pecs, 4.0, 46.07836, 18.22423, 520543890, 20170901, 20170801, 5.0, Aniko M, /Profile/AnikoM29, ef7716862d5b0d9d8c8227907dc2628c, /Attraction_Review-g274905-d546974-Reviews-Bishop_s_Palace_Puspoki_palota-Pecs_Baranya_County_Southern_Transdanubia.html
