review_location_name, review_current_page, review_last_page, review_location_type, review_location_breadcrumbs, review_location_rate, location_lat, location_lng, review_id, review_date, review_experience_date, review_rate, user_name, user_link, user_id, parent_url
Koller Gallery, 7, 33, Art Galleries & Art Galleries, Europe & Hungary & Central Hungary & Budapest & Things to Do in Budapest, 5.0, 47.503735, 19.033298, 667175009, 20190401, 20190401, 5.0, Furkan Çam, /Profile/furkancam, 69115a6ce75deee0748e847c7c5a2b4f, /Attraction_Review-g274887-d1988979-Reviews-Koller_Gallery-Budapest_Central_Hungary.html
Koller Gallery, 7, 33, Art Galleries & Art Galleries, Europe & Hungary & Central Hungary & Budapest & Things to Do in Budapest, 5.0, 47.503735, 19.033298, 662375619, 20190301, 20190301, 5.0, vollyjudith, /Profile/vollyjudith, 3b13cdc35885bf449edf5e5e38b69d32, /Attraction_Review-g274887-d1988979-Reviews-Koller_Gallery-Budapest_Central_Hungary.html
Koller Gallery, 7, 33, Art Galleries & Art Galleries, Europe & Hungary & Central Hungary & Budapest & Things to Do in Budapest, 5.0, 47.503735, 19.033298, 657829977, 20190301, 20190301, 5.0, Offwhitetower, /Profile/Offwhitetower, fefaf5511bb7d1f5ad52553140c49d3e, /Attraction_Review-g274887-d1988979-Reviews-Koller_Gallery-Budapest_Central_Hungary.html
Koller Gallery, 7, 33, Art Galleries & Art Galleries, Europe & Hungary & Central Hungary & Budapest & Things to Do in Budapest, 5.0, 47.503735, 19.033298, 650579115, 20190201, 20190101, 5.0, 525romanc, /Profile/525romanc, 8840dd5b5523d6180652bd3ccd7acb11, /Attraction_Review-g274887-d1988979-Reviews-Koller_Gallery-Budapest_Central_Hungary.html
Koller Gallery, 7, 33, Art Galleries & Art Galleries, Europe & Hungary & Central Hungary & Budapest & Things to Do in Budapest, 5.0, 47.503735, 19.033298, 644543362, 20190101, 20190101, 5.0, Ella L, /Profile/erluebbe, 9f9dd2dbdceac28bcb72971d0695539f, /Attraction_Review-g274887-d1988979-Reviews-Koller_Gallery-Budapest_Central_Hungary.html
