review_location_name, review_current_page, review_last_page, review_location_type, review_location_breadcrumbs, review_location_rate, location_lat, location_lng, review_id, review_date, review_experience_date, review_rate, user_name, user_link, user_id, parent_url
Shoes on the Danube Bank, 256, 2212, Historic Sites & Points of Interest & Landmarks & Monuments & Statues & Historic Sites & Points of Interest & Landmarks & Monuments & Statues, Europe & Hungary & Central Hungary & Budapest & Things to Do in Budapest, 4.5, 47.503918, 19.044844, 674132517, 20190501, 20190501, 5.0, grandad c, /Profile/GrandadCartwright, 550917f853ba62e785a99e45f231dd54, /Attraction_Review-g274887-d1063833-Reviews-Shoes_on_the_Danube_Bank-Budapest_Central_Hungary.html
Shoes on the Danube Bank, 256, 2212, Historic Sites & Points of Interest & Landmarks & Monuments & Statues & Historic Sites & Points of Interest & Landmarks & Monuments & Statues, Europe & Hungary & Central Hungary & Budapest & Things to Do in Budapest, 4.5, 47.503918, 19.044844, 674036613, 20190501, 20190501, 3.0, natashaciancio, /Profile/natashaciancio, 8c88ddbe80d79534ef3db5637b78ec05, /Attraction_Review-g274887-d1063833-Reviews-Shoes_on_the_Danube_Bank-Budapest_Central_Hungary.html
Shoes on the Danube Bank, 256, 2212, Historic Sites & Points of Interest & Landmarks & Monuments & Statues & Historic Sites & Points of Interest & Landmarks & Monuments & Statues, Europe & Hungary & Central Hungary & Budapest & Things to Do in Budapest, 4.5, 47.503918, 19.044844, 674000990, 20190501, 20190501, 5.0, Guzin K, /Profile/guzink, 28d7bdc30d1d87a3796460ecfbd8d6e4, /Attraction_Review-g274887-d1063833-Reviews-Shoes_on_the_Danube_Bank-Budapest_Central_Hungary.html
Shoes on the Danube Bank, 256, 2212, Historic Sites & Points of Interest & Landmarks & Monuments & Statues & Historic Sites & Points of Interest & Landmarks & Monuments & Statues, Europe & Hungary & Central Hungary & Budapest & Things to Do in Budapest, 4.5, 47.503918, 19.044844, 673978388, 20190501, 20190501, 4.0, Mr Nob, /Profile/MarkNob, 180f9cc249b8daacd75b3245a7f89ad8, /Attraction_Review-g274887-d1063833-Reviews-Shoes_on_the_Danube_Bank-Budapest_Central_Hungary.html
Shoes on the Danube Bank, 256, 2212, Historic Sites & Points of Interest & Landmarks & Monuments & Statues & Historic Sites & Points of Interest & Landmarks & Monuments & Statues, Europe & Hungary & Central Hungary & Budapest & Things to Do in Budapest, 4.5, 47.503918, 19.044844, 673928884, 20190501, 20190501, 5.0, Shlomo H, /Profile/shlomoh2018, 1b3222f3f3fc479f6356134957ca7bfa, /Attraction_Review-g274887-d1063833-Reviews-Shoes_on_the_Danube_Bank-Budapest_Central_Hungary.html
