review_location_name, review_current_page, review_last_page, review_location_type, review_location_breadcrumbs, review_location_rate, location_lat, location_lng, review_id, review_date, review_experience_date, review_rate, user_name, user_link, user_id, parent_url
Budapest Eye, 2, 72, Lookouts & Lookouts, Europe & Hungary & Central Hungary & Budapest & Things to Do in Budapest, 4.0, 47.498257, 19.052116, 752765388, 20200401, 20200101, 5.0, JnVSydney, /Profile/JnVSydney, 6fd634e12ba497eb3b36b7d3b2e69294, /Attraction_Review-g274887-d12571866-Reviews-Budapest_Eye-Budapest_Central_Hungary.html
Budapest Eye, 2, 72, Lookouts & Lookouts, Europe & Hungary & Central Hungary & Budapest & Things to Do in Budapest, 4.0, 47.498257, 19.052116, 752636531, 20200401, 20191201, 4.0, Israel R, /Profile/israroz, 145910aa57f645e58923c2175bc71919, /Attraction_Review-g274887-d12571866-Reviews-Budapest_Eye-Budapest_Central_Hungary.html
Budapest Eye, 2, 72, Lookouts & Lookouts, Europe & Hungary & Central Hungary & Budapest & Things to Do in Budapest, 4.0, 47.498257, 19.052116, 750762869, 20200301, 20200301, 4.0, Clifford, /Profile/cliffordboy, 7729d6316e597cbcff45d0f284a0c3d8, /Attraction_Review-g274887-d12571866-Reviews-Budapest_Eye-Budapest_Central_Hungary.html
Budapest Eye, 2, 72, Lookouts & Lookouts, Europe & Hungary & Central Hungary & Budapest & Things to Do in Budapest, 4.0, 47.498257, 19.052116, 750694592, 20200301, 20200301, 4.0, Sergey V, /Profile/adskih, e4195d6afdecd23afc5d63438d842055, /Attraction_Review-g274887-d12571866-Reviews-Budapest_Eye-Budapest_Central_Hungary.html
Budapest Eye, 2, 72, Lookouts & Lookouts, Europe & Hungary & Central Hungary & Budapest & Things to Do in Budapest, 4.0, 47.498257, 19.052116, 749391534, 20200301, 20200201, 5.0, AndreiRO_CJ, /Profile/AndreiRO_CJ, 389cea579bc5e6c25c47d83c87bc6172, /Attraction_Review-g274887-d12571866-Reviews-Budapest_Eye-Budapest_Central_Hungary.html
