review_location_name, review_current_page, review_last_page, review_location_type, review_location_breadcrumbs, review_location_rate, location_lat, location_lng, review_id, review_date, review_experience_date, review_rate, user_name, user_link, user_id, parent_url
Napfenyfurdo Aquapolis, 30, 39, Theme Parks & Theme Parks, Europe & Hungary & Southern Great Plain & Csongrad County & Szeged & Things to Do in Szeged, 4.5, 46.250824, 20.15889, 287516884, 20150701, 20150701, 4.0, J D, /Profile/124is, 4b62a9b649aa8fef0b1e8d9e92ca7018, /Attraction_Review-g274912-d2634365-Reviews-Napfenyfurdo_Aquapolis-Szeged_Csongrad_County_Southern_Great_Plain.html
Napfenyfurdo Aquapolis, 30, 39, Theme Parks & Theme Parks, Europe & Hungary & Southern Great Plain & Csongrad County & Szeged & Things to Do in Szeged, 4.5, 46.250824, 20.15889, 287181179, 20150701, 20150401, 3.0, Acicabrita, /Profile/Acicabrita, 4ad54ecfd2b8b28a09080666f84f0ef5, /Attraction_Review-g274912-d2634365-Reviews-Napfenyfurdo_Aquapolis-Szeged_Csongrad_County_Southern_Great_Plain.html
Napfenyfurdo Aquapolis, 30, 39, Theme Parks & Theme Parks, Europe & Hungary & Southern Great Plain & Csongrad County & Szeged & Things to Do in Szeged, 4.5, 46.250824, 20.15889, 274350336, 20150501, 20141201, 5.0, aleksandra167, /Profile/aleksandra167, 19344136a15398da7ae677f1ff2ebdc3, /Attraction_Review-g274912-d2634365-Reviews-Napfenyfurdo_Aquapolis-Szeged_Csongrad_County_Southern_Great_Plain.html
Napfenyfurdo Aquapolis, 30, 39, Theme Parks & Theme Parks, Europe & Hungary & Southern Great Plain & Csongrad County & Szeged & Things to Do in Szeged, 4.5, 46.250824, 20.15889, 273117428, 20150501, 20150501, 5.0, edie007, /Profile/edie007, 1d315cdc318fb365936dac04e974d168, /Attraction_Review-g274912-d2634365-Reviews-Napfenyfurdo_Aquapolis-Szeged_Csongrad_County_Southern_Great_Plain.html
Napfenyfurdo Aquapolis, 30, 39, Theme Parks & Theme Parks, Europe & Hungary & Southern Great Plain & Csongrad County & Szeged & Things to Do in Szeged, 4.5, 46.250824, 20.15889, 272013097, 20150501, 20150401, 5.0, Bela K, /Profile/761belak, 0a5a5eda82c78eff41924a32cc01ec9b, /Attraction_Review-g274912-d2634365-Reviews-Napfenyfurdo_Aquapolis-Szeged_Csongrad_County_Southern_Great_Plain.html
