review_location_name, review_current_page, review_last_page, review_location_type, review_location_breadcrumbs, review_location_rate, location_lat, location_lng, review_id, review_date, review_experience_date, review_rate, user_name, user_link, user_id, parent_url
Statue of Queen Elizabeth, 4, 8, Monuments & Statues & Monuments & Statues, Europe & Hungary & Central Hungary & Budapest & Things to Do in Budapest, 4.0, 47.48983, 19.04756, 573325574, 20180401, 20170501, 4.0, Nick D, /Profile/nickd18, 9403f424a32470d902b4a9f0c5c5e1bc, /Attraction_Review-g274887-d3227229-Reviews-Statue_of_Queen_Elizabeth-Budapest_Central_Hungary.html
Statue of Queen Elizabeth, 4, 8, Monuments & Statues & Monuments & Statues, Europe & Hungary & Central Hungary & Budapest & Things to Do in Budapest, 4.0, 47.48983, 19.04756, 568355967, 20180301, 20170701, 3.0, Michael B, /Profile/Hanger24, e6d72cdf302637533c0d798838c40a6d, /Attraction_Review-g274887-d3227229-Reviews-Statue_of_Queen_Elizabeth-Budapest_Central_Hungary.html
Statue of Queen Elizabeth, 4, 8, Monuments & Statues & Monuments & Statues, Europe & Hungary & Central Hungary & Budapest & Things to Do in Budapest, 4.0, 47.48983, 19.04756, 556582921, 20180101, 20171001, 4.0, Michael-4551, /Profile/Michael-4551, 167aafa48a03c0fd0633e34e7b3997bf, /Attraction_Review-g274887-d3227229-Reviews-Statue_of_Queen_Elizabeth-Budapest_Central_Hungary.html
Statue of Queen Elizabeth, 4, 8, Monuments & Statues & Monuments & Statues, Europe & Hungary & Central Hungary & Budapest & Things to Do in Budapest, 4.0, 47.48983, 19.04756, 552055678, 20180101, 20180101, 4.0, stinkwink, /Profile/stinkwink, 32d1d2863a8787ea4e58041a654c334c, /Attraction_Review-g274887-d3227229-Reviews-Statue_of_Queen_Elizabeth-Budapest_Central_Hungary.html
Statue of Queen Elizabeth, 4, 8, Monuments & Statues & Monuments & Statues, Europe & Hungary & Central Hungary & Budapest & Things to Do in Budapest, 4.0, 47.48983, 19.04756, 537507365, 20171001, 20171001, 5.0, BarbieMegaTraveller, /Profile/BarbieMegaTraveller, 8cb3aa0e829aad431c68e74ecaf2fdb7, /Attraction_Review-g274887-d3227229-Reviews-Statue_of_Queen_Elizabeth-Budapest_Central_Hungary.html
