review_location_name, review_current_page, review_last_page, review_location_type, review_location_breadcrumbs, review_location_rate, location_lat, location_lng, review_id, review_date, review_experience_date, review_rate, user_name, user_link, user_id, parent_url
Budapest Zoo & Botanical Garden, 54, 388, Zoos & Zoos, Europe & Hungary & Central Hungary & Budapest & Things to Do in Budapest, 4.0, 47.51802, 19.077665, 608923922, 20180801, 20180801, 5.0, Hels28, /Profile/Hels28, 313becefb391b5e8fa17938994fa7080, /Attraction_Review-g274887-d276871-Reviews-Budapest_Zoo_Botanical_Garden-Budapest_Central_Hungary.html
Budapest Zoo & Botanical Garden, 54, 388, Zoos & Zoos, Europe & Hungary & Central Hungary & Budapest & Things to Do in Budapest, 4.0, 47.51802, 19.077665, 608425057, 20180801, 20180801, 5.0, Naplesbojangles, /Profile/Naplesbojangles, fd73ae283e3f609c525422f208ce456a, /Attraction_Review-g274887-d276871-Reviews-Budapest_Zoo_Botanical_Garden-Budapest_Central_Hungary.html
Budapest Zoo & Botanical Garden, 54, 388, Zoos & Zoos, Europe & Hungary & Central Hungary & Budapest & Things to Do in Budapest, 4.0, 47.51802, 19.077665, 608375065, 20180801, 20180801, 5.0, Pam D, /Profile/PamD440, a6c1e2213f8301c4e554f33940412177, /Attraction_Review-g274887-d276871-Reviews-Budapest_Zoo_Botanical_Garden-Budapest_Central_Hungary.html
Budapest Zoo & Botanical Garden, 54, 388, Zoos & Zoos, Europe & Hungary & Central Hungary & Budapest & Things to Do in Budapest, 4.0, 47.51802, 19.077665, 608003907, 20180801, 20180701, 5.0, Odd Lennart Lien, /Profile/Oliensunny5644, ca9ef983834ce6aed7859286d68f40cd, /Attraction_Review-g274887-d276871-Reviews-Budapest_Zoo_Botanical_Garden-Budapest_Central_Hungary.html
Budapest Zoo & Botanical Garden, 54, 388, Zoos & Zoos, Europe & Hungary & Central Hungary & Budapest & Things to Do in Budapest, 4.0, 47.51802, 19.077665, 607751833, 20180801, 20180801, 5.0, Terry G, /Profile/X6435UNterryg, aaac821aeb0e99c659905b2ce8df27bb, /Attraction_Review-g274887-d276871-Reviews-Budapest_Zoo_Botanical_Garden-Budapest_Central_Hungary.html
