review_location_name, review_current_page, review_last_page, review_location_type, review_location_breadcrumbs, review_location_rate, location_lat, location_lng, review_id, review_date, review_experience_date, review_rate, user_name, user_link, user_id, parent_url
Halászbástya, 205, 2784, Historic Sites & Points of Interest & Landmarks & Historic Sites & Points of Interest & Landmarks, Europe & Hungary & Central Hungary & Budapest & Things to Do in Budapest, 4.5, 47.50218, 19.034777, 647808338, 20190101, 20190101, 5.0, G.Minas, /Profile/Gminas01, 645e48fb06e0549394b007e85f01fef0, /Attraction_Review-g274887-d276803-Reviews-Halaszbastya-Budapest_Central_Hungary.html
Halászbástya, 205, 2784, Historic Sites & Points of Interest & Landmarks & Historic Sites & Points of Interest & Landmarks, Europe & Hungary & Central Hungary & Budapest & Things to Do in Budapest, 4.5, 47.50218, 19.034777, 647787228, 20190101, 20190101, 5.0, John Mc, /Profile/johnmZ8402XE, 0b88edbcefa88fbce1b444dfe0d9d2af, /Attraction_Review-g274887-d276803-Reviews-Halaszbastya-Budapest_Central_Hungary.html
Halászbástya, 205, 2784, Historic Sites & Points of Interest & Landmarks & Historic Sites & Points of Interest & Landmarks, Europe & Hungary & Central Hungary & Budapest & Things to Do in Budapest, 4.5, 47.50218, 19.034777, 647749117, 20190101, 20190101, 5.0, 72Simon, /Profile/72Simon, a5124c8b988aa3127285f285f1fa1142, /Attraction_Review-g274887-d276803-Reviews-Halaszbastya-Budapest_Central_Hungary.html
Halászbástya, 205, 2784, Historic Sites & Points of Interest & Landmarks & Historic Sites & Points of Interest & Landmarks, Europe & Hungary & Central Hungary & Budapest & Things to Do in Budapest, 4.5, 47.50218, 19.034777, 647600363, 20190101, 20190101, 5.0, Haydn D, /Profile/483haydnd, 3fd142fa34014802ab6900ccbeb729df, /Attraction_Review-g274887-d276803-Reviews-Halaszbastya-Budapest_Central_Hungary.html
Halászbástya, 205, 2784, Historic Sites & Points of Interest & Landmarks & Historic Sites & Points of Interest & Landmarks, Europe & Hungary & Central Hungary & Budapest & Things to Do in Budapest, 4.5, 47.50218, 19.034777, 647503980, 20190101, 20190101, 5.0, Joe H, /Profile/joehF250PJ, 33ba10839643513f154c50bea87b3ff4, /Attraction_Review-g274887-d276803-Reviews-Halaszbastya-Budapest_Central_Hungary.html
