review_location_name, review_current_page, review_last_page, review_location_type, review_location_breadcrumbs, review_location_rate, location_lat, location_lng, review_id, review_date, review_experience_date, review_rate, user_name, user_link, user_id, parent_url
Matthias Church, 192, 931, Historic Sites & Architectural Buildings & Sacred & Religious Sites & Historic Sites & Architectural Buildings & Sacred & Religious Sites, Europe & Hungary & Central Hungary & Budapest & Things to Do in Budapest, 4.5, 47.501984, 19.034206, 605186872, 20180801, 20180801, 4.0, Diane C, /Profile/dianeclincoln, a8992b131b09be57dee374115421879a, /Attraction_Review-g274887-d276808-Reviews-Matthias_Church-Budapest_Central_Hungary.html
Matthias Church, 192, 931, Historic Sites & Architectural Buildings & Sacred & Religious Sites & Historic Sites & Architectural Buildings & Sacred & Religious Sites, Europe & Hungary & Central Hungary & Budapest & Things to Do in Budapest, 4.5, 47.501984, 19.034206, 604849781, 20180801, 20180801, 5.0, 652adrian, /Profile/652adrian, 3cfa187fc2fa04999c647ff55a7e2878, /Attraction_Review-g274887-d276808-Reviews-Matthias_Church-Budapest_Central_Hungary.html
Matthias Church, 192, 931, Historic Sites & Architectural Buildings & Sacred & Religious Sites & Historic Sites & Architectural Buildings & Sacred & Religious Sites, Europe & Hungary & Central Hungary & Budapest & Things to Do in Budapest, 4.5, 47.501984, 19.034206, 604762221, 20180801, 20170901, 5.0, Discovering Destinations, /Profile/discoveringdest, b7dca605cd27ab013eb6535abb72c1f5, /Attraction_Review-g274887-d276808-Reviews-Matthias_Church-Budapest_Central_Hungary.html
Matthias Church, 192, 931, Historic Sites & Architectural Buildings & Sacred & Religious Sites & Historic Sites & Architectural Buildings & Sacred & Religious Sites, Europe & Hungary & Central Hungary & Budapest & Things to Do in Budapest, 4.5, 47.501984, 19.034206, 604613494, 20180801, 20180401, 4.0, Alex B, /Profile/AlexB10499, a7cda7e251b4459544d0905c93afc18a, /Attraction_Review-g274887-d276808-Reviews-Matthias_Church-Budapest_Central_Hungary.html
Matthias Church, 192, 931, Historic Sites & Architectural Buildings & Sacred & Religious Sites & Historic Sites & Architectural Buildings & Sacred & Religious Sites, Europe & Hungary & Central Hungary & Budapest & Things to Do in Budapest, 4.5, 47.501984, 19.034206, 604507059, 20180801, 20180801, 1.0, purpleot, /Profile/purpleot, b249c2980957cd11391951d4e1a9c26d, /Attraction_Review-g274887-d276808-Reviews-Matthias_Church-Budapest_Central_Hungary.html
