review_location_name, review_current_page, review_last_page, review_location_type, review_location_breadcrumbs, review_location_rate, location_lat, location_lng, review_id, review_date, review_experience_date, review_rate, user_name, user_link, user_id, parent_url
St. Stephen's Basilica (Szent Istvan Bazilika), 19, 2211, Sacred & Religious Sites & Churches & Cathedrals & Sacred & Religious Sites & Churches & Cathedrals, Europe & Hungary & Central Hungary & Budapest & Things to Do in Budapest, 4.5, 47.50078, 19.053968, 745766712, 20200201, 20200201, 4.0, Saba, /Profile/sabajalali, f922b48a3b0771081b1eb72223289a41, /Attraction_Review-g274887-d276822-Reviews-St_Stephen_s_Basilica_Szent_Istvan_Bazilika-Budapest_Central_Hungary.html
St. Stephen's Basilica (Szent Istvan Bazilika), 19, 2211, Sacred & Religious Sites & Churches & Cathedrals & Sacred & Religious Sites & Churches & Cathedrals, Europe & Hungary & Central Hungary & Budapest & Things to Do in Budapest, 4.5, 47.50078, 19.053968, 745691016, 20200201, 20200201, 5.0, Tomi-Nahariya, /Profile/Tomi-Nahariya, 2916ae366ae93cb467f0ed1a91f7aa38, /Attraction_Review-g274887-d276822-Reviews-St_Stephen_s_Basilica_Szent_Istvan_Bazilika-Budapest_Central_Hungary.html
St. Stephen's Basilica (Szent Istvan Bazilika), 19, 2211, Sacred & Religious Sites & Churches & Cathedrals & Sacred & Religious Sites & Churches & Cathedrals, Europe & Hungary & Central Hungary & Budapest & Things to Do in Budapest, 4.5, 47.50078, 19.053968, 745511178, 20200201, 20200201, 5.0, Nic S, /Profile/950nics, dab9537cfebd1abb804bda038595069e, /Attraction_Review-g274887-d276822-Reviews-St_Stephen_s_Basilica_Szent_Istvan_Bazilika-Budapest_Central_Hungary.html
St. Stephen's Basilica (Szent Istvan Bazilika), 19, 2211, Sacred & Religious Sites & Churches & Cathedrals & Sacred & Religious Sites & Churches & Cathedrals, Europe & Hungary & Central Hungary & Budapest & Things to Do in Budapest, 4.5, 47.50078, 19.053968, 745441604, 20200201, 20200201, 4.0, BECMATTManchester, /Profile/BECMATTManchester, 0339195839b9349a16f52dee66c062fe, /Attraction_Review-g274887-d276822-Reviews-St_Stephen_s_Basilica_Szent_Istvan_Bazilika-Budapest_Central_Hungary.html
St. Stephen's Basilica (Szent Istvan Bazilika), 19, 2211, Sacred & Religious Sites & Churches & Cathedrals & Sacred & Religious Sites & Churches & Cathedrals, Europe & Hungary & Central Hungary & Budapest & Things to Do in Budapest, 4.5, 47.50078, 19.053968, 745398183, 20200201, 20200201, 5.0, georgiepoppet, /Profile/georgiepoppet, 445263be74c852f9fa39c86dd5e2f07b, /Attraction_Review-g274887-d276822-Reviews-St_Stephen_s_Basilica_Szent_Istvan_Bazilika-Budapest_Central_Hungary.html
