review_location_name, review_current_page, review_last_page, review_location_type, review_location_breadcrumbs, review_location_rate, location_lat, location_lng, review_id, review_date, review_experience_date, review_rate, user_name, user_link, user_id, parent_url
Holocaust Memorial Center, 24, 195, Specialty Museums & Specialty Museums, Europe & Hungary & Central Hungary & Budapest & Things to Do in Budapest, 4.5, 47.483593, 19.073565, 595612830, 20180701, 20180601, 4.0, Senioronabudget, /Profile/Senioronabudget, 04455be5c30509b06df3b53b6f0f09be, /Attraction_Review-g274887-d601982-Reviews-Holocaust_Memorial_Center-Budapest_Central_Hungary.html
Holocaust Memorial Center, 24, 195, Specialty Museums & Specialty Museums, Europe & Hungary & Central Hungary & Budapest & Things to Do in Budapest, 4.5, 47.483593, 19.073565, 594562301, 20180701, 20180701, 5.0, Heidi B, /Profile/717heidib, a0ec6600c1183c3d6743010d3e959cd1, /Attraction_Review-g274887-d601982-Reviews-Holocaust_Memorial_Center-Budapest_Central_Hungary.html
Holocaust Memorial Center, 24, 195, Specialty Museums & Specialty Museums, Europe & Hungary & Central Hungary & Budapest & Things to Do in Budapest, 4.5, 47.483593, 19.073565, 594300810, 20180701, 20180701, 5.0, elindoo, /Profile/elindoo, 1a39264fbdbf07a48e079958097cc4c6, /Attraction_Review-g274887-d601982-Reviews-Holocaust_Memorial_Center-Budapest_Central_Hungary.html
Holocaust Memorial Center, 24, 195, Specialty Museums & Specialty Museums, Europe & Hungary & Central Hungary & Budapest & Things to Do in Budapest, 4.5, 47.483593, 19.073565, 591677450, 20180601, 20180601, 5.0, magenta_clovisse, /Profile/magenta_clovisse, 113edab5b4e7961570f1ab938ef35bbc, /Attraction_Review-g274887-d601982-Reviews-Holocaust_Memorial_Center-Budapest_Central_Hungary.html
Holocaust Memorial Center, 24, 195, Specialty Museums & Specialty Museums, Europe & Hungary & Central Hungary & Budapest & Things to Do in Budapest, 4.5, 47.483593, 19.073565, 591526383, 20180601, 20180601, 4.0, Gillian A, /Profile/110gilliana, 8f3de8d1bbee695b7d3c2ae48119fdb6, /Attraction_Review-g274887-d601982-Reviews-Holocaust_Memorial_Center-Budapest_Central_Hungary.html
