review_location_name, review_current_page, review_last_page, review_location_type, review_location_breadcrumbs, review_location_rate, location_lat, location_lng, review_id, review_date, review_experience_date, review_rate, user_name, user_link, user_id, parent_url
Visegrád Citadel, 33, 38, Historic Sites & Castles & History Museums & Historic Sites & Castles & History Museums, Europe & Hungary & Central Hungary & Pest County & Visegrad & Things to Do in Visegrad, 4.5, 47.792953, 18.980152, 173162749, 20130801, 20130801, 5.0, ChicaBandita1, /Profile/ChicaBandita1, 1505c035c53640ca6c528428a9747029, /Attraction_Review-g274920-d276840-Reviews-Visegrad_Citadel-Visegrad_Pest_County_Central_Hungary.html
Visegrád Citadel, 33, 38, Historic Sites & Castles & History Museums & Historic Sites & Castles & History Museums, Europe & Hungary & Central Hungary & Pest County & Visegrad & Things to Do in Visegrad, 4.5, 47.792953, 18.980152, 172981643, 20130801, 20130801, 5.0, snina222, /Profile/snina222, 80f6734fd389b61ee65d37cc953b3d26, /Attraction_Review-g274920-d276840-Reviews-Visegrad_Citadel-Visegrad_Pest_County_Central_Hungary.html
Visegrád Citadel, 33, 38, Historic Sites & Castles & History Museums & Historic Sites & Castles & History Museums, Europe & Hungary & Central Hungary & Pest County & Visegrad & Things to Do in Visegrad, 4.5, 47.792953, 18.980152, 164978508, 20130601, 20130601, 5.0, aran_bako, /Profile/aran_bako, 5061b5d9896553be83f8e43d2044eebc, /Attraction_Review-g274920-d276840-Reviews-Visegrad_Citadel-Visegrad_Pest_County_Central_Hungary.html
Visegrád Citadel, 33, 38, Historic Sites & Castles & History Museums & Historic Sites & Castles & History Museums, Europe & Hungary & Central Hungary & Pest County & Visegrad & Things to Do in Visegrad, 4.5, 47.792953, 18.980152, 164193559, 20130601, 20130301, 5.0, GCKJA, /Profile/GCKJA, d75d7008b500e039fc41b43312788b62, /Attraction_Review-g274920-d276840-Reviews-Visegrad_Citadel-Visegrad_Pest_County_Central_Hungary.html
Visegrád Citadel, 33, 38, Historic Sites & Castles & History Museums & Historic Sites & Castles & History Museums, Europe & Hungary & Central Hungary & Pest County & Visegrad & Things to Do in Visegrad, 4.5, 47.792953, 18.980152, 162752963, 20130601, 20130501, 5.0, jardden, /Profile/jardden, 751f4d4d7ae7d7807f42a00ba23a5cdc, /Attraction_Review-g274920-d276840-Reviews-Visegrad_Citadel-Visegrad_Pest_County_Central_Hungary.html
