review_location_name, review_current_page, review_last_page, review_location_type, review_location_breadcrumbs, review_location_rate, location_lat, location_lng, review_id, review_date, review_experience_date, review_rate, user_name, user_link, user_id, parent_url
Haraszthy Vineyards, 2, 1, Wineries & Vineyards & Wineries & Vineyards, Europe & Hungary & Central Transdanubia & Fejer County & Etyek & Things to Do in Etyek, 4.0, 47.438126, 18.739855, 600978595, 20180701, 20180701, 5.0, Carolyn, /Profile/B5107OMcarolynb, e74975cd4b3f6358d49f54c464dc3f30, /Attraction_Review-g1077271-d8355624-Reviews-Haraszthy_Vineyards-Etyek_Fejer_County_Central_Transdanubia.html
Haraszthy Vineyards, 2, 1, Wineries & Vineyards & Wineries & Vineyards, Europe & Hungary & Central Transdanubia & Fejer County & Etyek & Things to Do in Etyek, 4.0, 47.438126, 18.739855, 516727371, 20170801, 20170801, 5.0, AF1231, /Profile/AF1231, 77b0ebc1506ff3bb966df6ca5c293e39, /Attraction_Review-g1077271-d8355624-Reviews-Haraszthy_Vineyards-Etyek_Fejer_County_Central_Transdanubia.html
Haraszthy Vineyards, 2, 1, Wineries & Vineyards & Wineries & Vineyards, Europe & Hungary & Central Transdanubia & Fejer County & Etyek & Things to Do in Etyek, 4.0, 47.438126, 18.739855, 497884428, 20170701, 20170601, 5.0, PeterGallet, /Profile/PeterGallet, 0f27c87d674da9d22c16f34778a93cc0, /Attraction_Review-g1077271-d8355624-Reviews-Haraszthy_Vineyards-Etyek_Fejer_County_Central_Transdanubia.html
Haraszthy Vineyards, 2, 1, Wineries & Vineyards & Wineries & Vineyards, Europe & Hungary & Central Transdanubia & Fejer County & Etyek & Things to Do in Etyek, 4.0, 47.438126, 18.739855, 284168621, 20150601, 20150601, 5.0, Henry P, /Profile/htp58, 41f2e920284c25244fd09deee90ce135, /Attraction_Review-g1077271-d8355624-Reviews-Haraszthy_Vineyards-Etyek_Fejer_County_Central_Transdanubia.html
