review_location_name, review_current_page, review_last_page, review_location_type, review_location_breadcrumbs, review_location_rate, location_lat, location_lng, review_id, review_date, review_experience_date, review_rate, user_name, user_link, user_id, parent_url
Citadel, 86, 206, Historic Sites & Historic Sites, Europe & Hungary & Central Hungary & Budapest & Things to Do in Budapest, 4.5, 47.4868, 19.04625, 432481483, 20161001, 20161001, 3.0, ERIC B, /Profile/43ericb, 3a64667a75c82bee0e867574b51308bd, /Attraction_Review-g274887-d276867-Reviews-Citadel-Budapest_Central_Hungary.html
Citadel, 86, 206, Historic Sites & Historic Sites, Europe & Hungary & Central Hungary & Budapest & Things to Do in Budapest, 4.5, 47.4868, 19.04625, 432402995, 20161001, 20161001, 3.0, Sean K, /Profile/355seank, ffedfeeae9d9515871e959c16e7fc631, /Attraction_Review-g274887-d276867-Reviews-Citadel-Budapest_Central_Hungary.html
Citadel, 86, 206, Historic Sites & Historic Sites, Europe & Hungary & Central Hungary & Budapest & Things to Do in Budapest, 4.5, 47.4868, 19.04625, 432307984, 20161001, 20160901, 5.0, amolkeer1981, /Profile/amolkeer1981, 1071ca6504deafd062af93c034a453c6, /Attraction_Review-g274887-d276867-Reviews-Citadel-Budapest_Central_Hungary.html
Citadel, 86, 206, Historic Sites & Historic Sites, Europe & Hungary & Central Hungary & Budapest & Things to Do in Budapest, 4.5, 47.4868, 19.04625, 431943851, 20161001, 20161001, 5.0, lynne p, /Profile/lynpolly, cc641fc09072c26466c122a1eeec606c, /Attraction_Review-g274887-d276867-Reviews-Citadel-Budapest_Central_Hungary.html
Citadel, 86, 206, Historic Sites & Historic Sites, Europe & Hungary & Central Hungary & Budapest & Things to Do in Budapest, 4.5, 47.4868, 19.04625, 431715708, 20161001, 20160901, 4.0, MummaBear59, /Profile/MummaBear59, 9a7a6f23fd072b815c1a155a4645483e, /Attraction_Review-g274887-d276867-Reviews-Citadel-Budapest_Central_Hungary.html
