review_location_name, review_current_page, review_last_page, review_location_type, review_location_breadcrumbs, review_location_rate, location_lat, location_lng, review_id, review_date, review_experience_date, review_rate, user_name, user_link, user_id, parent_url
Citadel, 149, 206, Historic Sites & Historic Sites, Europe & Hungary & Central Hungary & Budapest & Things to Do in Budapest, 4.5, 47.4868, 19.04625, 284631328, 20150701, 20150601, 4.0, laurensve1978, /Profile/laurensve1978, 1b02048bdd80b74bd0d6fd9de95e8b74, /Attraction_Review-g274887-d276867-Reviews-Citadel-Budapest_Central_Hungary.html
Citadel, 149, 206, Historic Sites & Historic Sites, Europe & Hungary & Central Hungary & Budapest & Things to Do in Budapest, 4.5, 47.4868, 19.04625, 283680192, 20150601, 20150501, 3.0, maritzabruno, /Profile/maritzabruno, e6ec0ac992995565d668aa09f777dea9, /Attraction_Review-g274887-d276867-Reviews-Citadel-Budapest_Central_Hungary.html
Citadel, 149, 206, Historic Sites & Historic Sites, Europe & Hungary & Central Hungary & Budapest & Things to Do in Budapest, 4.5, 47.4868, 19.04625, 282566332, 20150601, 20150601, 4.0, oneisspc, /Profile/oneisspc, b4cffe0faae9b9a3a9be84c6ccf942a9, /Attraction_Review-g274887-d276867-Reviews-Citadel-Budapest_Central_Hungary.html
Citadel, 149, 206, Historic Sites & Historic Sites, Europe & Hungary & Central Hungary & Budapest & Things to Do in Budapest, 4.5, 47.4868, 19.04625, 282520475, 20150601, 20150601, 5.0, Dee L, /Profile/deel167, 8da125d4e7400330e774b94225b97fc2, /Attraction_Review-g274887-d276867-Reviews-Citadel-Budapest_Central_Hungary.html
Citadel, 149, 206, Historic Sites & Historic Sites, Europe & Hungary & Central Hungary & Budapest & Things to Do in Budapest, 4.5, 47.4868, 19.04625, 282382622, 20150601, 20150601, 5.0, stuart l, /Profile/890stuartl, 9749b0a9123534571452c0cf6428b0e0, /Attraction_Review-g274887-d276867-Reviews-Citadel-Budapest_Central_Hungary.html
