review_location_name, review_current_page, review_last_page, review_location_type, review_location_breadcrumbs, review_location_rate, location_lat, location_lng, review_id, review_date, review_experience_date, review_rate, user_name, user_link, user_id, parent_url
Gyor Old Town Area, 2, 28, Points of Interest & Landmarks & Points of Interest & Landmarks, Europe & Hungary & Central Transdanubia & Gyor-Moson-Sopron County & Gyor & Things to Do in Gyor, 4.5, 47.688282, 17.634233, 705842631, 20190901, 20190901, 5.0, Graham C, /Profile/grahamc628, 9093c9a6f0f9bf3081711933e5e649d4, /Attraction_Review-g274893-d7099399-Reviews-Gyor_Old_Town_Area-Gyor_Gyor_Moson_Sopron_County_Central_Transdanubia.html
Gyor Old Town Area, 2, 28, Points of Interest & Landmarks & Points of Interest & Landmarks, Europe & Hungary & Central Transdanubia & Gyor-Moson-Sopron County & Gyor & Things to Do in Gyor, 4.5, 47.688282, 17.634233, 702145312, 20190801, 20190801, 4.0, steve1one, /Profile/steve1one, aa9abbad84d2a0ff2cd2ed716b749b17, /Attraction_Review-g274893-d7099399-Reviews-Gyor_Old_Town_Area-Gyor_Gyor_Moson_Sopron_County_Central_Transdanubia.html
Gyor Old Town Area, 2, 28, Points of Interest & Landmarks & Points of Interest & Landmarks, Europe & Hungary & Central Transdanubia & Gyor-Moson-Sopron County & Gyor & Things to Do in Gyor, 4.5, 47.688282, 17.634233, 696613631, 20190801, 20190701, 5.0, Wenny1959, /Profile/Wenny1959, 8ed0cb64dda08525a111034eaf08be76, /Attraction_Review-g274893-d7099399-Reviews-Gyor_Old_Town_Area-Gyor_Gyor_Moson_Sopron_County_Central_Transdanubia.html
Gyor Old Town Area, 2, 28, Points of Interest & Landmarks & Points of Interest & Landmarks, Europe & Hungary & Central Transdanubia & Gyor-Moson-Sopron County & Gyor & Things to Do in Gyor, 4.5, 47.688282, 17.634233, 695617767, 20190801, 20190701, 4.0, pieterh557, /Profile/pieterh557, b1f3b6cbf71a030ee2e87bcbee32b057, /Attraction_Review-g274893-d7099399-Reviews-Gyor_Old_Town_Area-Gyor_Gyor_Moson_Sopron_County_Central_Transdanubia.html
Gyor Old Town Area, 2, 28, Points of Interest & Landmarks & Points of Interest & Landmarks, Europe & Hungary & Central Transdanubia & Gyor-Moson-Sopron County & Gyor & Things to Do in Gyor, 4.5, 47.688282, 17.634233, 691742242, 20190701, 20190701, 5.0, Soraya0513, /Profile/Soraya0513, 1c4defa38cdde4eed07dc7de64293d15, /Attraction_Review-g274893-d7099399-Reviews-Gyor_Old_Town_Area-Gyor_Gyor_Moson_Sopron_County_Central_Transdanubia.html
