review_location_name, review_current_page, review_last_page, review_location_type, review_location_breadcrumbs, review_location_rate, location_lat, location_lng, review_id, review_date, review_experience_date, review_rate, user_name, user_link, user_id, parent_url
Sziget Festival, 20, 19, Music Festivals & Music Festivals, Europe & Hungary & Central Hungary & Budapest & Things to Do in Budapest, 5.0, 47.55202, 19.048944, 402981102, 20160801, 20160801, 5.0, Gábor K, /Profile/Koszo_Bp, 0b0ecf42645769b2e235add6c60ec12d, /Attraction_Review-g274887-d10407622-Reviews-Sziget_Festival-Budapest_Central_Hungary.html
Sziget Festival, 20, 19, Music Festivals & Music Festivals, Europe & Hungary & Central Hungary & Budapest & Things to Do in Budapest, 5.0, 47.55202, 19.048944, 391987189, 20160701, 20150801, 5.0, Amlan S, /Profile/amlans2015, bd1038476d30fad6a988a93b8829e3d6, /Attraction_Review-g274887-d10407622-Reviews-Sziget_Festival-Budapest_Central_Hungary.html
Sziget Festival, 20, 19, Music Festivals & Music Festivals, Europe & Hungary & Central Hungary & Budapest & Things to Do in Budapest, 5.0, 47.55202, 19.048944, 385849687, 20160601, 20150701, 4.0, Adventureswithiddy, /Profile/adventureswithiddy, 241d40c26ab589bab91e469f670b37c2, /Attraction_Review-g274887-d10407622-Reviews-Sziget_Festival-Budapest_Central_Hungary.html
Sziget Festival, 20, 19, Music Festivals & Music Festivals, Europe & Hungary & Central Hungary & Budapest & Things to Do in Budapest, 5.0, 47.55202, 19.048944, 383400977, 20160601, 20150801, 5.0, Rick T, /Profile/positivevibe1, 1a8196c912701cfe1e799f1426e05f6d, /Attraction_Review-g274887-d10407622-Reviews-Sziget_Festival-Budapest_Central_Hungary.html
