review_location_name, review_current_page, review_last_page, review_location_type, review_location_breadcrumbs, review_location_rate, location_lat, location_lng, review_id, review_date, review_experience_date, review_rate, user_name, user_link, user_id, parent_url
Halászbástya, 246, 2784, Historic Sites & Points of Interest & Landmarks & Historic Sites & Points of Interest & Landmarks, Europe & Hungary & Central Hungary & Budapest & Things to Do in Budapest, 4.5, 47.50218, 19.034777, 639400608, 20181201, 20181201, 5.0, Budda_Vida, /Profile/Budda_Vida, 59c41f6fdb6264059b065b4800cfe673, /Attraction_Review-g274887-d276803-Reviews-Halaszbastya-Budapest_Central_Hungary.html
Halászbástya, 246, 2784, Historic Sites & Points of Interest & Landmarks & Historic Sites & Points of Interest & Landmarks, Europe & Hungary & Central Hungary & Budapest & Things to Do in Budapest, 4.5, 47.50218, 19.034777, 639395013, 20181201, 20181201, 4.0, Miggro, /Profile/Miggro, 2bb46caff2f5895ed214bd14041f2911, /Attraction_Review-g274887-d276803-Reviews-Halaszbastya-Budapest_Central_Hungary.html
Halászbástya, 246, 2784, Historic Sites & Points of Interest & Landmarks & Historic Sites & Points of Interest & Landmarks, Europe & Hungary & Central Hungary & Budapest & Things to Do in Budapest, 4.5, 47.50218, 19.034777, 639391684, 20181201, 20181101, 4.0, Bhima Subrahmanyam, /Profile/Bhima2013, 638531c686b52fdce7e784474bc6d2a7, /Attraction_Review-g274887-d276803-Reviews-Halaszbastya-Budapest_Central_Hungary.html
Halászbástya, 246, 2784, Historic Sites & Points of Interest & Landmarks & Historic Sites & Points of Interest & Landmarks, Europe & Hungary & Central Hungary & Budapest & Things to Do in Budapest, 4.5, 47.50218, 19.034777, 639375028, 20181201, 20181201, 5.0, Ivan A, /Profile/IvanA434, 3cb241446d2f8f2ca7da1db215f7247e, /Attraction_Review-g274887-d276803-Reviews-Halaszbastya-Budapest_Central_Hungary.html
Halászbástya, 246, 2784, Historic Sites & Points of Interest & Landmarks & Historic Sites & Points of Interest & Landmarks, Europe & Hungary & Central Hungary & Budapest & Things to Do in Budapest, 4.5, 47.50218, 19.034777, 639346148, 20181201, 20181201, 4.0, rob a, /Profile/robwasp, 0feb49e85b2f58f535bc676ecce5f332, /Attraction_Review-g274887-d276803-Reviews-Halaszbastya-Budapest_Central_Hungary.html
