review_location_name, review_current_page, review_last_page, review_location_type, review_location_breadcrumbs, review_location_rate, location_lat, location_lng, review_id, review_date, review_experience_date, review_rate, user_name, user_link, user_id, parent_url
Danube River, 612, 1573, Bodies of Water & Bodies of Water, Europe & Hungary & Central Hungary & Budapest & Things to Do in Budapest, 4.5, 47.502583, 19.04263, 506767935, 20170701, 20170701, 5.0, dolly1947, /Profile/dolly1947, 4e61839488c3d54de4185e99b535c8ce, /Attraction_Review-g274887-d298971-Reviews-Danube_River-Budapest_Central_Hungary.html
Danube River, 612, 1573, Bodies of Water & Bodies of Water, Europe & Hungary & Central Hungary & Budapest & Things to Do in Budapest, 4.5, 47.502583, 19.04263, 506678815, 20170701, 20170701, 5.0, Jo G, /Profile/881jog, 3792c0141d215a3b66bbcf2fb5da26a4, /Attraction_Review-g274887-d298971-Reviews-Danube_River-Budapest_Central_Hungary.html
Danube River, 612, 1573, Bodies of Water & Bodies of Water, Europe & Hungary & Central Hungary & Budapest & Things to Do in Budapest, 4.5, 47.502583, 19.04263, 506636623, 20170701, 20170501, 4.0, kimberleyrae, /Profile/kimberleyrae, 8809b86841ffb6fd9a3b226a9c5227c5, /Attraction_Review-g274887-d298971-Reviews-Danube_River-Budapest_Central_Hungary.html
Danube River, 612, 1573, Bodies of Water & Bodies of Water, Europe & Hungary & Central Hungary & Budapest & Things to Do in Budapest, 4.5, 47.502583, 19.04263, 506544250, 20170701, 20170701, 5.0, Zuzana K, /Profile/Zuzana_traveler, ddcfce12c85a1af5d67cad7312d93e1d, /Attraction_Review-g274887-d298971-Reviews-Danube_River-Budapest_Central_Hungary.html
Danube River, 612, 1573, Bodies of Water & Bodies of Water, Europe & Hungary & Central Hungary & Budapest & Things to Do in Budapest, 4.5, 47.502583, 19.04263, 506452878, 20170701, 20170701, 5.0, KSC567, /Profile/ksc567, 8938aef2c7478b7882b8f3a37b43b423, /Attraction_Review-g274887-d298971-Reviews-Danube_River-Budapest_Central_Hungary.html
