review_location_name, review_current_page, review_last_page, review_location_type, review_location_breadcrumbs, review_location_rate, location_lat, location_lng, review_id, review_date, review_experience_date, review_rate, user_name, user_link, user_id, parent_url
Panoptikum, 45, 107, History Museums & History Museums, Europe & Hungary & Central Hungary & Budapest & Things to Do in Budapest, 3.5, 47.500263, 19.034166, 537400025, 20171001, 20171001, 3.0, Samantha T, /Profile/912samanthat, c3c137af03df07a02236ce52f693bf38, /Attraction_Review-g274887-d7372844-Reviews-Panoptikum-Budapest_Central_Hungary.html
Panoptikum, 45, 107, History Museums & History Museums, Europe & Hungary & Central Hungary & Budapest & Things to Do in Budapest, 3.5, 47.500263, 19.034166, 537363746, 20171001, 20171001, 1.0, Gary E, /Profile/garye984, 66b0abd0fce88b6d2c236395c2dfe8ef, /Attraction_Review-g274887-d7372844-Reviews-Panoptikum-Budapest_Central_Hungary.html
Panoptikum, 45, 107, History Museums & History Museums, Europe & Hungary & Central Hungary & Budapest & Things to Do in Budapest, 3.5, 47.500263, 19.034166, 537207515, 20171001, 20171001, 1.0, Carol Q, /Profile/carolq470, e96c5a3b94c90e307ef01b3ed07a101f, /Attraction_Review-g274887-d7372844-Reviews-Panoptikum-Budapest_Central_Hungary.html
Panoptikum, 45, 107, History Museums & History Museums, Europe & Hungary & Central Hungary & Budapest & Things to Do in Budapest, 3.5, 47.500263, 19.034166, 536674176, 20171001, 20171001, 5.0, I Quit 1, /Profile/872globetrotter, 87f907e8d3b898d4b2cafc55ff57ff38, /Attraction_Review-g274887-d7372844-Reviews-Panoptikum-Budapest_Central_Hungary.html
Panoptikum, 45, 107, History Museums & History Museums, Europe & Hungary & Central Hungary & Budapest & Things to Do in Budapest, 3.5, 47.500263, 19.034166, 535576632, 20171001, 20171001, 4.0, Laurajane63, /Profile/Laurajane63, 79def4eb7e5cbb330fdaba0e4fd34ef3, /Attraction_Review-g274887-d7372844-Reviews-Panoptikum-Budapest_Central_Hungary.html
