review_location_name, review_current_page, review_last_page, review_location_type, review_location_breadcrumbs, review_location_rate, location_lat, location_lng, review_id, review_date, review_experience_date, review_rate, user_name, user_link, user_id, parent_url
Hungarian National Museum, 5, 163, Historic Sites & History Museums & Historic Sites & History Museums, Europe & Hungary & Central Hungary & Budapest & Things to Do in Budapest, 4.0, 47.49104, 19.06185, 739589031, 20200101, 20200101, 5.0, Mono, /Profile/StaceyLMonaghan, 3e9407f7f66143d630135a3fd49f18aa, /Attraction_Review-g274887-d276813-Reviews-Hungarian_National_Museum-Budapest_Central_Hungary.html
Hungarian National Museum, 5, 163, Historic Sites & History Museums & Historic Sites & History Museums, Europe & Hungary & Central Hungary & Budapest & Things to Do in Budapest, 4.0, 47.49104, 19.06185, 738699594, 20200101, 20190801, 3.0, Emily W, /Profile/emilyce32, 8685fa0696c55a15175a5425e838c1e3, /Attraction_Review-g274887-d276813-Reviews-Hungarian_National_Museum-Budapest_Central_Hungary.html
Hungarian National Museum, 5, 163, Historic Sites & History Museums & Historic Sites & History Museums, Europe & Hungary & Central Hungary & Budapest & Things to Do in Budapest, 4.0, 47.49104, 19.06185, 737555287, 20200101, 20200101, 1.0, Pihla, /Profile/pihlao, 076ffaa27450e5d28a282857761b18bf, /Attraction_Review-g274887-d276813-Reviews-Hungarian_National_Museum-Budapest_Central_Hungary.html
Hungarian National Museum, 5, 163, Historic Sites & History Museums & Historic Sites & History Museums, Europe & Hungary & Central Hungary & Budapest & Things to Do in Budapest, 4.0, 47.49104, 19.06185, 734900857, 20191201, 20191201, 3.0, Antti R, /Profile/754anttir, 76f4b7811ba20b6a0a0cb95d2c2819f9, /Attraction_Review-g274887-d276813-Reviews-Hungarian_National_Museum-Budapest_Central_Hungary.html
Hungarian National Museum, 5, 163, Historic Sites & History Museums & Historic Sites & History Museums, Europe & Hungary & Central Hungary & Budapest & Things to Do in Budapest, 4.0, 47.49104, 19.06185, 734744452, 20191201, 20191101, 2.0, Missred88, /Profile/Missred88, ce89bde59bfc984c224c7da71f9fe0f4, /Attraction_Review-g274887-d276813-Reviews-Hungarian_National_Museum-Budapest_Central_Hungary.html
