review_location_name, review_current_page, review_last_page, review_location_type, review_location_breadcrumbs, review_location_rate, location_lat, location_lng, review_id, review_date, review_experience_date, review_rate, user_name, user_link, user_id, parent_url
Aquincum Museum, 29, 33, Historic Sites & Ancient Ruins & Historic Sites & Ancient Ruins, Europe & Hungary & Central Hungary & Budapest & Things to Do in Budapest, 4.0, 47.56278, 19.04856, 187284256, 20131201, 20130701, 4.0, David C, /Profile/davidcX861NT, 142367c255b9bc502d8d1b86f25e32a0, /Attraction_Review-g274887-d276831-Reviews-Aquincum_Museum-Budapest_Central_Hungary.html
Aquincum Museum, 29, 33, Historic Sites & Ancient Ruins & Historic Sites & Ancient Ruins, Europe & Hungary & Central Hungary & Budapest & Things to Do in Budapest, 4.0, 47.56278, 19.04856, 162818913, 20130601, 20130501, 4.0, Feodor_Dostoevsky, /Profile/Feodor_Dostoevsky, 728faa0a3075e7c77894aa9acd9fc68d, /Attraction_Review-g274887-d276831-Reviews-Aquincum_Museum-Budapest_Central_Hungary.html
Aquincum Museum, 29, 33, Historic Sites & Ancient Ruins & Historic Sites & Ancient Ruins, Europe & Hungary & Central Hungary & Budapest & Things to Do in Budapest, 4.0, 47.56278, 19.04856, 161221246, 20130501, 20130501, 1.0, martine a, /Profile/martinea607, 990105da51b6a75dad861da314607b67, /Attraction_Review-g274887-d276831-Reviews-Aquincum_Museum-Budapest_Central_Hungary.html
Aquincum Museum, 29, 33, Historic Sites & Ancient Ruins & Historic Sites & Ancient Ruins, Europe & Hungary & Central Hungary & Budapest & Things to Do in Budapest, 4.0, 47.56278, 19.04856, 160072344, 20130501, 20130501, 4.0, Marshal G, /Profile/marshalg2017, c9fe911cbacb1cb6be177c67ecf8f8d2, /Attraction_Review-g274887-d276831-Reviews-Aquincum_Museum-Budapest_Central_Hungary.html
Aquincum Museum, 29, 33, Historic Sites & Ancient Ruins & Historic Sites & Ancient Ruins, Europe & Hungary & Central Hungary & Budapest & Things to Do in Budapest, 4.0, 47.56278, 19.04856, 159693568, 20130501, 20130501, 4.0, Jandelle, /Profile/Jandelle, ba4336e1fbdff667623ca5a0293e2d19, /Attraction_Review-g274887-d276831-Reviews-Aquincum_Museum-Budapest_Central_Hungary.html
