review_location_name, review_current_page, review_last_page, review_location_type, review_location_breadcrumbs, review_location_rate, location_lat, location_lng, review_id, review_date, review_experience_date, review_rate, user_name, user_link, user_id, parent_url
Andrassy Avenue, 27, 154, Points of Interest & Landmarks & Historic Walking Areas & Points of Interest & Landmarks & Historic Walking Areas, Europe & Hungary & Central Hungary & Budapest & Things to Do in Budapest, 4.0, 47.50016, 19.05561, 539477130, 20171101, 20171001, 5.0, BiancaGjomarkaj, /Profile/BiancaGjomarkaj, 0ae7cebc206d7c82f3246bb495637052, /Attraction_Review-g274887-d280730-Reviews-Andrassy_Avenue-Budapest_Central_Hungary.html
Andrassy Avenue, 27, 154, Points of Interest & Landmarks & Historic Walking Areas & Points of Interest & Landmarks & Historic Walking Areas, Europe & Hungary & Central Hungary & Budapest & Things to Do in Budapest, 4.0, 47.50016, 19.05561, 538741461, 20171101, 20171101, 5.0, Alan K, /Profile/203alank, 897e07073605970325e4be1a8d34dc2a, /Attraction_Review-g274887-d280730-Reviews-Andrassy_Avenue-Budapest_Central_Hungary.html
Andrassy Avenue, 27, 154, Points of Interest & Landmarks & Historic Walking Areas & Points of Interest & Landmarks & Historic Walking Areas, Europe & Hungary & Central Hungary & Budapest & Things to Do in Budapest, 4.0, 47.50016, 19.05561, 538273578, 20171101, 20171001, 3.0, salbead2017, /Profile/salbead2017, ee8b3c20d0c4431ea96eedea378a449b, /Attraction_Review-g274887-d280730-Reviews-Andrassy_Avenue-Budapest_Central_Hungary.html
Andrassy Avenue, 27, 154, Points of Interest & Landmarks & Historic Walking Areas & Points of Interest & Landmarks & Historic Walking Areas, Europe & Hungary & Central Hungary & Budapest & Things to Do in Budapest, 4.0, 47.50016, 19.05561, 538201598, 20171101, 20171101, 5.0, Joanne Saltman, /Profile/josaltman, c98821b0e5cee4fd871f5b29742fdad9, /Attraction_Review-g274887-d280730-Reviews-Andrassy_Avenue-Budapest_Central_Hungary.html
Andrassy Avenue, 27, 154, Points of Interest & Landmarks & Historic Walking Areas & Points of Interest & Landmarks & Historic Walking Areas, Europe & Hungary & Central Hungary & Budapest & Things to Do in Budapest, 4.0, 47.50016, 19.05561, 537959452, 20171101, 20171001, 5.0, 30Jen, /Profile/30Jen, 5bcf2803e3e21f4535a835cffe1380b8, /Attraction_Review-g274887-d280730-Reviews-Andrassy_Avenue-Budapest_Central_Hungary.html
