review_location_name, review_current_page, review_last_page, review_location_type, review_location_breadcrumbs, review_location_rate, location_lat, location_lng, review_id, review_date, review_experience_date, review_rate, user_name, user_link, user_id, parent_url
Cave Bath of Miskolctapolca, 29, 61, Spas & Thermal Spas & Spas & Thermal Spas, Europe & Hungary & Northern Hungary & Borsod-Abauj-Zemplen County & Miskolc & Things to Do in Miskolc, 4.0, 48.060646, 20.74537, 388918728, 20160701, 20160701, 4.0, m m, /Profile/694mm, ae14ebb838e0296af190fe40228ab716, /Attraction_Review-g274902-d1788680-Reviews-Cave_Bath_of_Miskolctapolca-Miskolc_Borsod_Abauj_Zemplen_County_Northern_Hungary.html
Cave Bath of Miskolctapolca, 29, 61, Spas & Thermal Spas & Spas & Thermal Spas, Europe & Hungary & Northern Hungary & Borsod-Abauj-Zemplen County & Miskolc & Things to Do in Miskolc, 4.0, 48.060646, 20.74537, 387362585, 20160601, 20160601, 5.0, Raqi F, /Profile/raqif2015, 9273bebe9be17bd8bf102d2efc6d0236, /Attraction_Review-g274902-d1788680-Reviews-Cave_Bath_of_Miskolctapolca-Miskolc_Borsod_Abauj_Zemplen_County_Northern_Hungary.html
Cave Bath of Miskolctapolca, 29, 61, Spas & Thermal Spas & Spas & Thermal Spas, Europe & Hungary & Northern Hungary & Borsod-Abauj-Zemplen County & Miskolc & Things to Do in Miskolc, 4.0, 48.060646, 20.74537, 386901074, 20160601, 20160601, 2.0, Alina, /Profile/Alina_vo, 35df38cca377b4dd01521a6d99b74c30, /Attraction_Review-g274902-d1788680-Reviews-Cave_Bath_of_Miskolctapolca-Miskolc_Borsod_Abauj_Zemplen_County_Northern_Hungary.html
Cave Bath of Miskolctapolca, 29, 61, Spas & Thermal Spas & Spas & Thermal Spas, Europe & Hungary & Northern Hungary & Borsod-Abauj-Zemplen County & Miskolc & Things to Do in Miskolc, 4.0, 48.060646, 20.74537, 386387350, 20160601, 20160301, 4.0, Garry C, /Profile/garryclayton2001, f09f7d6c1e88ca5931be2dce44ca3ee4, /Attraction_Review-g274902-d1788680-Reviews-Cave_Bath_of_Miskolctapolca-Miskolc_Borsod_Abauj_Zemplen_County_Northern_Hungary.html
Cave Bath of Miskolctapolca, 29, 61, Spas & Thermal Spas & Spas & Thermal Spas, Europe & Hungary & Northern Hungary & Borsod-Abauj-Zemplen County & Miskolc & Things to Do in Miskolc, 4.0, 48.060646, 20.74537, 384259363, 20160601, 20160601, 4.0, Razvan M, /Profile/razvanmacarie, 174d1d3550a450662f61ce1efe2ca4d8, /Attraction_Review-g274902-d1788680-Reviews-Cave_Bath_of_Miskolctapolca-Miskolc_Borsod_Abauj_Zemplen_County_Northern_Hungary.html
