review_location_name, review_current_page, review_last_page, review_location_type, review_location_breadcrumbs, review_location_rate, location_lat, location_lng, review_id, review_date, review_experience_date, review_rate, user_name, user_link, user_id, parent_url
Győr Plaza, 3, 2, Shopping Malls & Shopping Malls, Europe & Hungary & Central Transdanubia & Gyor-Moson-Sopron County & Gyor & Things to Do in Gyor, 4.0, 47.669884, 17.650219, 355372302, 20160301, 20160301, 4.0, Petr S, /Profile/psevca, fed0e1f7531fdeedce10f9484480cd7a, /Attraction_Review-g274893-d7856366-Reviews-Gyor_Plaza-Gyor_Gyor_Moson_Sopron_County_Central_Transdanubia.html
Győr Plaza, 3, 2, Shopping Malls & Shopping Malls, Europe & Hungary & Central Transdanubia & Gyor-Moson-Sopron County & Gyor & Things to Do in Gyor, 4.0, 47.669884, 17.650219, 335297510, 20151201, 20151201, 4.0, Miloš S, /Profile/milo_s2015, 96d4948349330f5790a44325b0f10fd9, /Attraction_Review-g274893-d7856366-Reviews-Gyor_Plaza-Gyor_Gyor_Moson_Sopron_County_Central_Transdanubia.html
Győr Plaza, 3, 2, Shopping Malls & Shopping Malls, Europe & Hungary & Central Transdanubia & Gyor-Moson-Sopron County & Gyor & Things to Do in Gyor, 4.0, 47.669884, 17.650219, 314613820, 20150901, 20150901, 5.0, Islandfire, /Profile/Islandfire, 7cafad61bb15d443ca2c878250108866, /Attraction_Review-g274893-d7856366-Reviews-Gyor_Plaza-Gyor_Gyor_Moson_Sopron_County_Central_Transdanubia.html
Győr Plaza, 3, 2, Shopping Malls & Shopping Malls, Europe & Hungary & Central Transdanubia & Gyor-Moson-Sopron County & Gyor & Things to Do in Gyor, 4.0, 47.669884, 17.650219, 295093354, 20150801, 20150801, 5.0, Jo H, /Profile/371joh, 7492e21b41cbb2eb99774d355a46f2fd, /Attraction_Review-g274893-d7856366-Reviews-Gyor_Plaza-Gyor_Gyor_Moson_Sopron_County_Central_Transdanubia.html
Győr Plaza, 3, 2, Shopping Malls & Shopping Malls, Europe & Hungary & Central Transdanubia & Gyor-Moson-Sopron County & Gyor & Things to Do in Gyor, 4.0, 47.669884, 17.650219, 265441798, 20150401, 20150301, 3.0, dordafna, /Profile/dordafna, 5251dbfd37d9a88c828b48c15f304c08, /Attraction_Review-g274893-d7856366-Reviews-Gyor_Plaza-Gyor_Gyor_Moson_Sopron_County_Central_Transdanubia.html
