review_location_name, review_current_page, review_last_page, review_location_type, review_location_breadcrumbs, review_location_rate, location_lat, location_lng, review_id, review_date, review_experience_date, review_rate, user_name, user_link, user_id, parent_url
Liberty Bridge (Szabadsag hid), 74, 249, Bridges & Bridges, Europe & Hungary & Central Hungary & Budapest & Things to Do in Budapest, 4.5, 47.48763, 19.0587, 567922555, 20180301, 20171001, 4.0, Gabriel H, /Profile/840gabrielh, f3fff18ad82d75250e688c19a7a782b5, /Attraction_Review-g274887-d3228385-Reviews-Liberty_Bridge_Szabadsag_hid-Budapest_Central_Hungary.html
Liberty Bridge (Szabadsag hid), 74, 249, Bridges & Bridges, Europe & Hungary & Central Hungary & Budapest & Things to Do in Budapest, 4.5, 47.48763, 19.0587, 567675263, 20180301, 20180301, 4.0, alexandros667, /Profile/alexandros667, 1085b607d88177ad0cdc34046dfa3988, /Attraction_Review-g274887-d3228385-Reviews-Liberty_Bridge_Szabadsag_hid-Budapest_Central_Hungary.html
Liberty Bridge (Szabadsag hid), 74, 249, Bridges & Bridges, Europe & Hungary & Central Hungary & Budapest & Things to Do in Budapest, 4.5, 47.48763, 19.0587, 566212591, 20180301, 20180301, 4.0, GreyFCKNHound, /Profile/GreyFCKNHound, 7f5be31d8b16c0b5bf631da16a4f6581, /Attraction_Review-g274887-d3228385-Reviews-Liberty_Bridge_Szabadsag_hid-Budapest_Central_Hungary.html
Liberty Bridge (Szabadsag hid), 74, 249, Bridges & Bridges, Europe & Hungary & Central Hungary & Budapest & Things to Do in Budapest, 4.5, 47.48763, 19.0587, 566209997, 20180301, 20180301, 4.0, Amit B, /Profile/235amitb, dcc9e27add545693730426dcc70201cb, /Attraction_Review-g274887-d3228385-Reviews-Liberty_Bridge_Szabadsag_hid-Budapest_Central_Hungary.html
Liberty Bridge (Szabadsag hid), 74, 249, Bridges & Bridges, Europe & Hungary & Central Hungary & Budapest & Things to Do in Budapest, 4.5, 47.48763, 19.0587, 566071529, 20180301, 20180201, 3.0, Sofia L, /Profile/sofialK3056MM, 991254c5e25f47a7e4251e068aaa4132, /Attraction_Review-g274887-d3228385-Reviews-Liberty_Bridge_Szabadsag_hid-Budapest_Central_Hungary.html
