review_location_name, review_current_page, review_last_page, review_location_type, review_location_breadcrumbs, review_location_rate, location_lat, location_lng, review_id, review_date, review_experience_date, review_rate, user_name, user_link, user_id, parent_url
Hold Utca Food Market, 13, 21, Farmers Markets & Farmers Markets, Europe & Hungary & Central Hungary & Budapest & Things to Do in Budapest, 4.0, 47.504974, 19.053303, 478024374, 20170401, 20170401, 5.0, Carina B, /Profile/872carinab, 07fcce6ee651162080e48eed0345cf00, /Attraction_Review-g274887-d6939725-Reviews-Hold_Utca_Food_Market-Budapest_Central_Hungary.html
Hold Utca Food Market, 13, 21, Farmers Markets & Farmers Markets, Europe & Hungary & Central Hungary & Budapest & Things to Do in Budapest, 4.0, 47.504974, 19.053303, 476139633, 20170401, 20170401, 4.0, Shuli M, /Profile/shulim2018, 7563598f1dff963253b412cc1afc5de2, /Attraction_Review-g274887-d6939725-Reviews-Hold_Utca_Food_Market-Budapest_Central_Hungary.html
Hold Utca Food Market, 13, 21, Farmers Markets & Farmers Markets, Europe & Hungary & Central Hungary & Budapest & Things to Do in Budapest, 4.0, 47.504974, 19.053303, 475863750, 20170401, 20170301, 4.0, stinkwink, /Profile/stinkwink, 32d1d2863a8787ea4e58041a654c334c, /Attraction_Review-g274887-d6939725-Reviews-Hold_Utca_Food_Market-Budapest_Central_Hungary.html
Hold Utca Food Market, 13, 21, Farmers Markets & Farmers Markets, Europe & Hungary & Central Hungary & Budapest & Things to Do in Budapest, 4.0, 47.504974, 19.053303, 471087550, 20170301, 20170301, 4.0, cranhamrebecca, /Profile/cranhamrebecca, f1f4d0debc5c01a6449488bfaf07ce93, /Attraction_Review-g274887-d6939725-Reviews-Hold_Utca_Food_Market-Budapest_Central_Hungary.html
Hold Utca Food Market, 13, 21, Farmers Markets & Farmers Markets, Europe & Hungary & Central Hungary & Budapest & Things to Do in Budapest, 4.0, 47.504974, 19.053303, 465402030, 20170301, 20170201, 4.0, Redcarjohn007, /Profile/Redcarjohn007, f3ced39580d397cc16bb70d258045415, /Attraction_Review-g274887-d6939725-Reviews-Hold_Utca_Food_Market-Budapest_Central_Hungary.html
