review_location_name, review_current_page, review_last_page, review_location_type, review_location_breadcrumbs, review_location_rate, location_lat, location_lng, review_id, review_date, review_experience_date, review_rate, user_name, user_link, user_id, parent_url
Danube River, 593, 1573, Bodies of Water & Bodies of Water, Europe & Hungary & Central Hungary & Budapest & Things to Do in Budapest, 4.5, 47.502583, 19.04263, 517308892, 20170801, 20170801, 5.0, TravelingSue46, /Profile/TravelingSue46, a9968fbfc1cec7a8a2bec5f8ea3e6979, /Attraction_Review-g274887-d298971-Reviews-Danube_River-Budapest_Central_Hungary.html
Danube River, 593, 1573, Bodies of Water & Bodies of Water, Europe & Hungary & Central Hungary & Budapest & Things to Do in Budapest, 4.5, 47.502583, 19.04263, 517305623, 20170801, 20170801, 5.0, Miloslav Z, /Profile/miloslavz483, 3dfc148a2a4d2f3411d8f9cfff04a36c, /Attraction_Review-g274887-d298971-Reviews-Danube_River-Budapest_Central_Hungary.html
Danube River, 593, 1573, Bodies of Water & Bodies of Water, Europe & Hungary & Central Hungary & Budapest & Things to Do in Budapest, 4.5, 47.502583, 19.04263, 517216957, 20170801, 20170801, 4.0, PBWorldTraveler, /Profile/PBWorldTraveler, 13856ade4cc7707a66f65b78c3050749, /Attraction_Review-g274887-d298971-Reviews-Danube_River-Budapest_Central_Hungary.html
Danube River, 593, 1573, Bodies of Water & Bodies of Water, Europe & Hungary & Central Hungary & Budapest & Things to Do in Budapest, 4.5, 47.502583, 19.04263, 516869952, 20170801, 20161101, 5.0, airc9, /Profile/airc9, 4043a5c987eb664142e38d1c7a3bb1b7, /Attraction_Review-g274887-d298971-Reviews-Danube_River-Budapest_Central_Hungary.html
Danube River, 593, 1573, Bodies of Water & Bodies of Water, Europe & Hungary & Central Hungary & Budapest & Things to Do in Budapest, 4.5, 47.502583, 19.04263, 516807114, 20170801, 20170701, 5.0, randykiel23, /Profile/FarAway00908794285, f3eadb144f9dffd219b41446d74f86be, /Attraction_Review-g274887-d298971-Reviews-Danube_River-Budapest_Central_Hungary.html
