review_location_name, review_current_page, review_last_page, review_location_type, review_location_breadcrumbs, review_location_rate, location_lat, location_lng, review_id, review_date, review_experience_date, review_rate, user_name, user_link, user_id, parent_url
Hungarian Parliament Building, 497, 3398, Architectural Buildings & Government Buildings & Architectural Buildings & Government Buildings, Europe & Hungary & Central Hungary & Budapest & Things to Do in Budapest, 4.5, 47.507156, 19.045685, 647468783, 20190101, 20190101, 4.0, kailua78, /Profile/kailua78, 40b6fed4c5ce3e1aef0a9f8110f5c889, /Attraction_Review-g274887-d276817-Reviews-Hungarian_Parliament_Building-Budapest_Central_Hungary.html
Hungarian Parliament Building, 497, 3398, Architectural Buildings & Government Buildings & Architectural Buildings & Government Buildings, Europe & Hungary & Central Hungary & Budapest & Things to Do in Budapest, 4.5, 47.507156, 19.045685, 647465427, 20190101, 20190101, 4.0, Foodie, /Profile/goodcorkfood, 6a2566e2aafaaba002edd596af6d58e2, /Attraction_Review-g274887-d276817-Reviews-Hungarian_Parliament_Building-Budapest_Central_Hungary.html
Hungarian Parliament Building, 497, 3398, Architectural Buildings & Government Buildings & Architectural Buildings & Government Buildings, Europe & Hungary & Central Hungary & Budapest & Things to Do in Budapest, 4.5, 47.507156, 19.045685, 647337547, 20190101, 20190101, 5.0, Tilley56, /Profile/Tilley56, be788f887ff6e3d890fba506ff8b1e89, /Attraction_Review-g274887-d276817-Reviews-Hungarian_Parliament_Building-Budapest_Central_Hungary.html
Hungarian Parliament Building, 497, 3398, Architectural Buildings & Government Buildings & Architectural Buildings & Government Buildings, Europe & Hungary & Central Hungary & Budapest & Things to Do in Budapest, 4.5, 47.507156, 19.045685, 647306773, 20190101, 20181001, 5.0, Jan OR, /Profile/jrosenbergh, 76ddf46abc45287c2896c9376da867a4, /Attraction_Review-g274887-d276817-Reviews-Hungarian_Parliament_Building-Budapest_Central_Hungary.html
Hungarian Parliament Building, 497, 3398, Architectural Buildings & Government Buildings & Architectural Buildings & Government Buildings, Europe & Hungary & Central Hungary & Budapest & Things to Do in Budapest, 4.5, 47.507156, 19.045685, 647284031, 20190101, 20190101, 5.0, HPBKraaijeveld, /Profile/HPBKraaijeveld, 9f175d0556d7217a76ed5d53c231c348, /Attraction_Review-g274887-d276817-Reviews-Hungarian_Parliament_Building-Budapest_Central_Hungary.html
