review_location_name, review_current_page, review_last_page, review_location_type, review_location_breadcrumbs, review_location_rate, location_lat, location_lng, review_id, review_date, review_experience_date, review_rate, user_name, user_link, user_id, parent_url
3d Gallery Budapest, 94, 133, Points of Interest & Landmarks & Points of Interest & Landmarks, Europe & Hungary & Central Hungary & Budapest & Things to Do in Budapest, 5.0, 47.50147, 19.055151, 546611302, 20171201, 20171001, 5.0, Vanja, /Profile/686vanjan, f1ede1b97455d26e204ad8fca94af3d9, /Attraction_Review-g274887-d10761239-Reviews-3d_Gallery_Budapest-Budapest_Central_Hungary.html
3d Gallery Budapest, 94, 133, Points of Interest & Landmarks & Points of Interest & Landmarks, Europe & Hungary & Central Hungary & Budapest & Things to Do in Budapest, 5.0, 47.50147, 19.055151, 546467152, 20171201, 20171201, 4.0, yvonnevanschendel, /Profile/yvonnevanschendel, 85ec318284199446bf09ae79b1285fdb, /Attraction_Review-g274887-d10761239-Reviews-3d_Gallery_Budapest-Budapest_Central_Hungary.html
3d Gallery Budapest, 94, 133, Points of Interest & Landmarks & Points of Interest & Landmarks, Europe & Hungary & Central Hungary & Budapest & Things to Do in Budapest, 5.0, 47.50147, 19.055151, 546393903, 20171201, 20171201, 5.0, Lindsay, /Profile/Lindsaytours, e0d9babdca2aff9fcab7dcf86bc06b4f, /Attraction_Review-g274887-d10761239-Reviews-3d_Gallery_Budapest-Budapest_Central_Hungary.html
3d Gallery Budapest, 94, 133, Points of Interest & Landmarks & Points of Interest & Landmarks, Europe & Hungary & Central Hungary & Budapest & Things to Do in Budapest, 5.0, 47.50147, 19.055151, 546321306, 20171201, 20171201, 5.0, Osnat, /Profile/N3685EJ_, d4984ddd9e6f0a2b0faa6e82d8e41156, /Attraction_Review-g274887-d10761239-Reviews-3d_Gallery_Budapest-Budapest_Central_Hungary.html
3d Gallery Budapest, 94, 133, Points of Interest & Landmarks & Points of Interest & Landmarks, Europe & Hungary & Central Hungary & Budapest & Things to Do in Budapest, 5.0, 47.50147, 19.055151, 546079974, 20171201, 20171201, 5.0, Cristian A, /Profile/cristiana717, c6ec62d7a7e573236eabeba31697e463, /Attraction_Review-g274887-d10761239-Reviews-3d_Gallery_Budapest-Budapest_Central_Hungary.html
