review_location_name, review_current_page, review_last_page, review_location_type, review_location_breadcrumbs, review_location_rate, location_lat, location_lng, review_id, review_date, review_experience_date, review_rate, user_name, user_link, user_id, parent_url
Victor Vasarely Museum, 8, 13, Art Museums & Art Museums, Europe & Hungary & Central Hungary & Budapest & Things to Do in Budapest, 4.5, 47.54017, 19.046745, 263975209, 20150401, 20141201, 5.0, Andrew S, /Profile/AndrewS160, e21323e2f96ae9e8a176b29d9cdcc8d4, /Attraction_Review-g274887-d526973-Reviews-Victor_Vasarely_Museum-Budapest_Central_Hungary.html
Victor Vasarely Museum, 8, 13, Art Museums & Art Museums, Europe & Hungary & Central Hungary & Budapest & Things to Do in Budapest, 4.5, 47.54017, 19.046745, 262884168, 20150301, 20150301, 4.0, EllenChr, /Profile/EllenChr, b1534259344a72f5fcf065dd23f83861, /Attraction_Review-g274887-d526973-Reviews-Victor_Vasarely_Museum-Budapest_Central_Hungary.html
Victor Vasarely Museum, 8, 13, Art Museums & Art Museums, Europe & Hungary & Central Hungary & Budapest & Things to Do in Budapest, 4.5, 47.54017, 19.046745, 251299219, 20150101, 20150101, 4.0, Margaret D, /Profile/MargaretD695, 2a2a4168f8d5de341baa125556464f10, /Attraction_Review-g274887-d526973-Reviews-Victor_Vasarely_Museum-Budapest_Central_Hungary.html
Victor Vasarely Museum, 8, 13, Art Museums & Art Museums, Europe & Hungary & Central Hungary & Budapest & Things to Do in Budapest, 4.5, 47.54017, 19.046745, 248959968, 20150101, 20150101, 4.0, Thombly, /Profile/Thombly, d0e9069ae984b12cfa91aaedbb7c9f50, /Attraction_Review-g274887-d526973-Reviews-Victor_Vasarely_Museum-Budapest_Central_Hungary.html
Victor Vasarely Museum, 8, 13, Art Museums & Art Museums, Europe & Hungary & Central Hungary & Budapest & Things to Do in Budapest, 4.5, 47.54017, 19.046745, 247227690, 20150101, 20141201, 5.0, Hannekejag, /Profile/Hannekejag, 3e2ff9bf5b374577e228258f212e5aef, /Attraction_Review-g274887-d526973-Reviews-Victor_Vasarely_Museum-Budapest_Central_Hungary.html
