review_location_name, review_current_page, review_last_page, review_location_type, review_location_breadcrumbs, review_location_rate, location_lat, location_lng, review_id, review_date, review_experience_date, review_rate, user_name, user_link, user_id, parent_url
Central Market Hall, 403, 868, Farmers Markets & Farmers Markets, Europe & Hungary & Central Hungary & Budapest & Things to Do in Budapest, 4.0, 47.48682, 19.058666, 481225449, 20170501, 20170401, 5.0, hiking-nana, /Profile/hiking-nana, ff0ace128b3cc0a80619b7d4dff85fa6, /Attraction_Review-g274887-d276128-Reviews-Central_Market_Hall-Budapest_Central_Hungary.html
Central Market Hall, 403, 868, Farmers Markets & Farmers Markets, Europe & Hungary & Central Hungary & Budapest & Things to Do in Budapest, 4.0, 47.48682, 19.058666, 480913394, 20170501, 20160601, 5.0, steelerfaninfl, /Profile/steelerfaninfl, af3f3767d05f07a3c783acec444f43ab, /Attraction_Review-g274887-d276128-Reviews-Central_Market_Hall-Budapest_Central_Hungary.html
Central Market Hall, 403, 868, Farmers Markets & Farmers Markets, Europe & Hungary & Central Hungary & Budapest & Things to Do in Budapest, 4.0, 47.48682, 19.058666, 480675482, 20170501, 20170501, 5.0, Q5976UFalisons, /Profile/Q5976UFalisons, 959819d6a0006e87f40eba8b6555987f, /Attraction_Review-g274887-d276128-Reviews-Central_Market_Hall-Budapest_Central_Hungary.html
Central Market Hall, 403, 868, Farmers Markets & Farmers Markets, Europe & Hungary & Central Hungary & Budapest & Things to Do in Budapest, 4.0, 47.48682, 19.058666, 480628423, 20170501, 20170401, 4.0, Karzow, /Profile/Karzow, 80c865bbe3ec314dd80d190e5db94eb2, /Attraction_Review-g274887-d276128-Reviews-Central_Market_Hall-Budapest_Central_Hungary.html
Central Market Hall, 403, 868, Farmers Markets & Farmers Markets, Europe & Hungary & Central Hungary & Budapest & Things to Do in Budapest, 4.0, 47.48682, 19.058666, 480277269, 20170401, 20170401, 5.0, Dark_Helmet2003, /Profile/Dark_Helmet2003, 6a3427b9ca20df4506cd1eba621a751a, /Attraction_Review-g274887-d276128-Reviews-Central_Market_Hall-Budapest_Central_Hungary.html
