review_location_name, review_current_page, review_last_page, review_location_type, review_location_breadcrumbs, review_location_rate, location_lat, location_lng, review_id, review_date, review_experience_date, review_rate, user_name, user_link, user_id, parent_url
Torok Kori Minaret, 8, 17, Points of Interest & Landmarks & Points of Interest & Landmarks, Europe & Hungary & Northern Hungary & Heves County & Eger & Things to Do in Eger, 4.0, 47.90474, 20.37613, 409366648, 20160801, 20150901, 5.0, Ramona P, /Profile/873ramonaf, c4cae36566ba69ffd596767cc37911c0, /Attraction_Review-g274891-d2271822-Reviews-Torok_Kori_Minaret-Eger_Heves_County_Northern_Hungary.html
Torok Kori Minaret, 8, 17, Points of Interest & Landmarks & Points of Interest & Landmarks, Europe & Hungary & Northern Hungary & Heves County & Eger & Things to Do in Eger, 4.0, 47.90474, 20.37613, 401247057, 20160801, 20160701, 5.0, speedygonzalus, /Profile/speedygonzalus, eeb4ceb7a05c77039bbbcb13c7bd3b7e, /Attraction_Review-g274891-d2271822-Reviews-Torok_Kori_Minaret-Eger_Heves_County_Northern_Hungary.html
Torok Kori Minaret, 8, 17, Points of Interest & Landmarks & Points of Interest & Landmarks, Europe & Hungary & Northern Hungary & Heves County & Eger & Things to Do in Eger, 4.0, 47.90474, 20.37613, 400999641, 20160801, 20160801, 5.0, Szymon G, /Profile/szymong623, f194e836cd332b1dd2cf43b9e74a85a4, /Attraction_Review-g274891-d2271822-Reviews-Torok_Kori_Minaret-Eger_Heves_County_Northern_Hungary.html
Torok Kori Minaret, 8, 17, Points of Interest & Landmarks & Points of Interest & Landmarks, Europe & Hungary & Northern Hungary & Heves County & Eger & Things to Do in Eger, 4.0, 47.90474, 20.37613, 395335474, 20160701, 20160701, 5.0, sineadwhy, /Profile/sineadwhy, 4ba1b0026e49f35868486114b71cf0e6, /Attraction_Review-g274891-d2271822-Reviews-Torok_Kori_Minaret-Eger_Heves_County_Northern_Hungary.html
Torok Kori Minaret, 8, 17, Points of Interest & Landmarks & Points of Interest & Landmarks, Europe & Hungary & Northern Hungary & Heves County & Eger & Things to Do in Eger, 4.0, 47.90474, 20.37613, 392554959, 20160701, 20160701, 5.0, Kristen L, /Profile/KristenL632, 85ee989734494663afa3bfcc3e3f1c13, /Attraction_Review-g274891-d2271822-Reviews-Torok_Kori_Minaret-Eger_Heves_County_Northern_Hungary.html
