review_location_name, review_current_page, review_last_page, review_location_type, review_location_breadcrumbs, review_location_rate, location_lat, location_lng, review_id, review_date, review_experience_date, review_rate, user_name, user_link, user_id, parent_url
Faust Wine Cellar, 109, 188, Wineries & Vineyards & Wineries & Vineyards, Europe & Hungary & Central Hungary & Budapest & Things to Do in Budapest, 5.0, 47.501984, 19.035057, 162801824, 20130601, 20130601, 5.0, TonY2221, /Profile/TonY2221, e4800a6a7778255bd913c212a3fe3c6b, /Attraction_Review-g274887-d1605002-Reviews-Faust_Wine_Cellar-Budapest_Central_Hungary.html
Faust Wine Cellar, 109, 188, Wineries & Vineyards & Wineries & Vineyards, Europe & Hungary & Central Hungary & Budapest & Things to Do in Budapest, 5.0, 47.501984, 19.035057, 162382265, 20130501, 20130501, 5.0, HBGsTraveller, /Profile/HBGsTraveller, 4d63135a61fd37c9fa98f2caa90e462b, /Attraction_Review-g274887-d1605002-Reviews-Faust_Wine_Cellar-Budapest_Central_Hungary.html
Faust Wine Cellar, 109, 188, Wineries & Vineyards & Wineries & Vineyards, Europe & Hungary & Central Hungary & Budapest & Things to Do in Budapest, 5.0, 47.501984, 19.035057, 161635600, 20130501, 20121001, 5.0, Artur76, /Profile/Artur76, 9a068d3b4694c4c7e614659bba29adb2, /Attraction_Review-g274887-d1605002-Reviews-Faust_Wine_Cellar-Budapest_Central_Hungary.html
Faust Wine Cellar, 109, 188, Wineries & Vineyards & Wineries & Vineyards, Europe & Hungary & Central Hungary & Budapest & Things to Do in Budapest, 5.0, 47.501984, 19.035057, 161401017, 20130501, 20130501, 5.0, Lorraine R, /Profile/lorrainer186, 2aabe4b36eb4d08d66acc26b43f75af5, /Attraction_Review-g274887-d1605002-Reviews-Faust_Wine_Cellar-Budapest_Central_Hungary.html
Faust Wine Cellar, 109, 188, Wineries & Vineyards & Wineries & Vineyards, Europe & Hungary & Central Hungary & Budapest & Things to Do in Budapest, 5.0, 47.501984, 19.035057, 161388486, 20130501, 20130501, 2.0, da149, /Profile/da149, daca2bf54860bd7f75b66db877fedbae, /Attraction_Review-g274887-d1605002-Reviews-Faust_Wine_Cellar-Budapest_Central_Hungary.html
