review_location_name, review_current_page, review_last_page, review_location_type, review_location_breadcrumbs, review_location_rate, location_lat, location_lng, review_id, review_date, review_experience_date, review_rate, user_name, user_link, user_id, parent_url
Heroes' Square, 317, 1253, Historic Sites & Points of Interest & Landmarks & Monuments & Statues & Historic Sites & Points of Interest & Landmarks & Monuments & Statues, Europe & Hungary & Central Hungary & Budapest & Things to Do in Budapest, 4.5, 47.51514, 19.07814, 574783119, 20180401, 20180401, 5.0, David G, /Profile/966DavidG, 96bc81dc51400c943568b9e21a6dc6cd, /Attraction_Review-g274887-d276827-Reviews-Heroes_Square-Budapest_Central_Hungary.html
Heroes' Square, 317, 1253, Historic Sites & Points of Interest & Landmarks & Monuments & Statues & Historic Sites & Points of Interest & Landmarks & Monuments & Statues, Europe & Hungary & Central Hungary & Budapest & Things to Do in Budapest, 4.5, 47.51514, 19.07814, 574446201, 20180401, 20180301, 5.0, Heather M, /Profile/HeatherM643, cef027ddbd03b9fd94d990510538b32c, /Attraction_Review-g274887-d276827-Reviews-Heroes_Square-Budapest_Central_Hungary.html
Heroes' Square, 317, 1253, Historic Sites & Points of Interest & Landmarks & Monuments & Statues & Historic Sites & Points of Interest & Landmarks & Monuments & Statues, Europe & Hungary & Central Hungary & Budapest & Things to Do in Budapest, 4.5, 47.51514, 19.07814, 574212779, 20180401, 20180301, 4.0, Mahesh Chaudhary, /Profile/maheshchaudhary, 35e603bb0b63d000c8d5d43595b5e9a4, /Attraction_Review-g274887-d276827-Reviews-Heroes_Square-Budapest_Central_Hungary.html
Heroes' Square, 317, 1253, Historic Sites & Points of Interest & Landmarks & Monuments & Statues & Historic Sites & Points of Interest & Landmarks & Monuments & Statues, Europe & Hungary & Central Hungary & Budapest & Things to Do in Budapest, 4.5, 47.51514, 19.07814, 574183526, 20180401, 20180401, 4.0, Alexander, /Profile/852alexander, d9af6d483e60a3524669356ee4df15e5, /Attraction_Review-g274887-d276827-Reviews-Heroes_Square-Budapest_Central_Hungary.html
Heroes' Square, 317, 1253, Historic Sites & Points of Interest & Landmarks & Monuments & Statues & Historic Sites & Points of Interest & Landmarks & Monuments & Statues, Europe & Hungary & Central Hungary & Budapest & Things to Do in Budapest, 4.5, 47.51514, 19.07814, 574173805, 20180401, 20180301, 4.0, Charles P, /Profile/Chaper41, cf5fe2a665be0251fbf54a77db4c0c21, /Attraction_Review-g274887-d276827-Reviews-Heroes_Square-Budapest_Central_Hungary.html
