review_location_name, review_current_page, review_last_page, review_location_type, review_location_breadcrumbs, review_location_rate, location_lat, location_lng, review_id, review_date, review_experience_date, review_rate, user_name, user_link, user_id, parent_url
Budapest Zoo & Botanical Garden, 48, 388, Zoos & Zoos, Europe & Hungary & Central Hungary & Budapest & Things to Do in Budapest, 4.0, 47.51802, 19.077665, 625060977, 20181001, 20181001, 4.0, Carlsberg2223, /Profile/Carlsberg2223, fb70bb6ddee1e7ddf34f51f329c11a65, /Attraction_Review-g274887-d276871-Reviews-Budapest_Zoo_Botanical_Garden-Budapest_Central_Hungary.html
Budapest Zoo & Botanical Garden, 48, 388, Zoos & Zoos, Europe & Hungary & Central Hungary & Budapest & Things to Do in Budapest, 4.0, 47.51802, 19.077665, 624690565, 20181001, 20181001, 5.0, xxxmember11xxx, /Profile/xxxmember11xxx, 1d79dc43e8d62775cc4190f8d1862822, /Attraction_Review-g274887-d276871-Reviews-Budapest_Zoo_Botanical_Garden-Budapest_Central_Hungary.html
Budapest Zoo & Botanical Garden, 48, 388, Zoos & Zoos, Europe & Hungary & Central Hungary & Budapest & Things to Do in Budapest, 4.0, 47.51802, 19.077665, 624261599, 20181001, 20181001, 4.0, TACOB0B, /Profile/TACOB0B, c6909c1d57082af6180f93f00ba086cf, /Attraction_Review-g274887-d276871-Reviews-Budapest_Zoo_Botanical_Garden-Budapest_Central_Hungary.html
Budapest Zoo & Botanical Garden, 48, 388, Zoos & Zoos, Europe & Hungary & Central Hungary & Budapest & Things to Do in Budapest, 4.0, 47.51802, 19.077665, 623280952, 20181001, 20180601, 4.0, Viktoria J, /Profile/Bubbles0804, b35a54c5852b6ec5abcb4b2bc1a7d24c, /Attraction_Review-g274887-d276871-Reviews-Budapest_Zoo_Botanical_Garden-Budapest_Central_Hungary.html
Budapest Zoo & Botanical Garden, 48, 388, Zoos & Zoos, Europe & Hungary & Central Hungary & Budapest & Things to Do in Budapest, 4.0, 47.51802, 19.077665, 622822706, 20181001, 20170501, 5.0, Diana D, /Profile/DianaD698, e95b62ca6f2f11cab015447dcef7214d, /Attraction_Review-g274887-d276871-Reviews-Budapest_Zoo_Botanical_Garden-Budapest_Central_Hungary.html
