review_location_name, review_current_page, review_last_page, review_location_type, review_location_breadcrumbs, review_location_rate, location_lat, location_lng, review_id, review_date, review_experience_date, review_rate, user_name, user_link, user_id, parent_url
Széchenyi Lánchíd, 553, 1688, Bridges & Bridges, Europe & Hungary & Central Hungary & Budapest & Things to Do in Budapest, 4.5, 47.498924, 19.043756, 493501069, 20170601, 20170401, 5.0, hegyibrigitta94, /Profile/hegyibrigitta94, 1ea5f1d91735f58a84ab7461c8bbb455, /Attraction_Review-g274887-d276821-Reviews-Szechenyi_Lanchid-Budapest_Central_Hungary.html
Széchenyi Lánchíd, 553, 1688, Bridges & Bridges, Europe & Hungary & Central Hungary & Budapest & Things to Do in Budapest, 4.5, 47.498924, 19.043756, 493252610, 20170601, 20170501, 4.0, Alanl1181, /Profile/Alanl1181, 9df6517d15e46155ce6e2fab31c0e60d, /Attraction_Review-g274887-d276821-Reviews-Szechenyi_Lanchid-Budapest_Central_Hungary.html
Széchenyi Lánchíd, 553, 1688, Bridges & Bridges, Europe & Hungary & Central Hungary & Budapest & Things to Do in Budapest, 4.5, 47.498924, 19.043756, 493141872, 20170601, 20170501, 5.0, Elizabeth K, /Profile/elizabethkR9135IP, c8f9f2d1237283d34e691efe4ceae0cf, /Attraction_Review-g274887-d276821-Reviews-Szechenyi_Lanchid-Budapest_Central_Hungary.html
Széchenyi Lánchíd, 553, 1688, Bridges & Bridges, Europe & Hungary & Central Hungary & Budapest & Things to Do in Budapest, 4.5, 47.498924, 19.043756, 493115291, 20170601, 20170601, 4.0, Edward L, /Profile/400edwardl, c2b91d3c7c0ab461338a8f4f027df31f, /Attraction_Review-g274887-d276821-Reviews-Szechenyi_Lanchid-Budapest_Central_Hungary.html
Széchenyi Lánchíd, 553, 1688, Bridges & Bridges, Europe & Hungary & Central Hungary & Budapest & Things to Do in Budapest, 4.5, 47.498924, 19.043756, 493086646, 20170601, 20170601, 4.0, Stuart J, /Profile/StueyJ, ccd2d164a75ed83c680849619c5da246, /Attraction_Review-g274887-d276821-Reviews-Szechenyi_Lanchid-Budapest_Central_Hungary.html
