review_location_name, review_current_page, review_last_page, review_location_type, review_location_breadcrumbs, review_location_rate, location_lat, location_lng, review_id, review_date, review_experience_date, review_rate, user_name, user_link, user_id, parent_url
Kiscelli Museum, 1, 4, History Museums & History Museums, Europe & Hungary & Central Hungary & Budapest & Things to Do in Budapest, 4.0, 47.537815, 19.02836, 778678420, 20201201, 20201101, 5.0, Constantin, /Profile/constantin0s, 78f708634b8105acaca73eb71bb2d5fc, /Attraction_Review-g274887-d279020-Reviews-Kiscelli_Museum-Budapest_Central_Hungary.html
Kiscelli Museum, 1, 4, History Museums & History Museums, Europe & Hungary & Central Hungary & Budapest & Things to Do in Budapest, 4.0, 47.537815, 19.02836, 686097440, 20190701, 20190601, 5.0, sdlibra, /Profile/sdlibra, 9e2bb6ac13ace616259bedd10499fec7, /Attraction_Review-g274887-d279020-Reviews-Kiscelli_Museum-Budapest_Central_Hungary.html
Kiscelli Museum, 1, 4, History Museums & History Museums, Europe & Hungary & Central Hungary & Budapest & Things to Do in Budapest, 4.0, 47.537815, 19.02836, 682146046, 20190601, 20190601, 3.0, Cheslav S, /Profile/SlavaS895, f7a806b4ef71c7e2d152c908a652e6a5, /Attraction_Review-g274887-d279020-Reviews-Kiscelli_Museum-Budapest_Central_Hungary.html
Kiscelli Museum, 1, 4, History Museums & History Museums, Europe & Hungary & Central Hungary & Budapest & Things to Do in Budapest, 4.0, 47.537815, 19.02836, 651471209, 20190201, 20180301, 4.0, HealdGreenForever, /Profile/HealdGreenForever, 95be445ecbbea781b15f032a489b9e21, /Attraction_Review-g274887-d279020-Reviews-Kiscelli_Museum-Budapest_Central_Hungary.html
Kiscelli Museum, 1, 4, History Museums & History Museums, Europe & Hungary & Central Hungary & Budapest & Things to Do in Budapest, 4.0, 47.537815, 19.02836, 535089397, 20171001, 20171001, 1.0, DerTamas, /Profile/DerTamas, efb68a7965ac6a4297f3c7dac7d8199c, /Attraction_Review-g274887-d279020-Reviews-Kiscelli_Museum-Budapest_Central_Hungary.html
