review_location_name, review_current_page, review_last_page, review_location_type, review_location_breadcrumbs, review_location_rate, location_lat, location_lng, review_id, review_date, review_experience_date, review_rate, user_name, user_link, user_id, parent_url
Arena Mall, 16, 21, Shopping Malls & Shopping Malls, Europe & Hungary & Central Hungary & Budapest & Things to Do in Budapest, 4.0, 47.49837, 19.09103, 338445812, 20160101, 20151101, 4.0, Mr_Kringle, /Profile/Mr_Kringle, d11d1565ff7e66656306e9119711b7c0, /Attraction_Review-g274887-d6999097-Reviews-Arena_Mall-Budapest_Central_Hungary.html
Arena Mall, 16, 21, Shopping Malls & Shopping Malls, Europe & Hungary & Central Hungary & Budapest & Things to Do in Budapest, 4.0, 47.49837, 19.09103, 332247626, 20151201, 20151201, 4.0, Renata Moca, /Profile/cherryontheworld, 102c0aa846f7e760e4b414daceef8299, /Attraction_Review-g274887-d6999097-Reviews-Arena_Mall-Budapest_Central_Hungary.html
Arena Mall, 16, 21, Shopping Malls & Shopping Malls, Europe & Hungary & Central Hungary & Budapest & Things to Do in Budapest, 4.0, 47.49837, 19.09103, 331396373, 20151201, 20151201, 4.0, mocapaull, /Profile/mocapaull, c7bce9b974c471302d3fd3f4c14da45c, /Attraction_Review-g274887-d6999097-Reviews-Arena_Mall-Budapest_Central_Hungary.html
Arena Mall, 16, 21, Shopping Malls & Shopping Malls, Europe & Hungary & Central Hungary & Budapest & Things to Do in Budapest, 4.0, 47.49837, 19.09103, 328867360, 20151101, 20150101, 5.0, Tom R, /Profile/TLVtraveler1, 57af6366fce25e48f233f6c7ff2eaefc, /Attraction_Review-g274887-d6999097-Reviews-Arena_Mall-Budapest_Central_Hungary.html
Arena Mall, 16, 21, Shopping Malls & Shopping Malls, Europe & Hungary & Central Hungary & Budapest & Things to Do in Budapest, 4.0, 47.49837, 19.09103, 326303182, 20151101, 20151101, 4.0, Teodora M, /Profile/teodoram537, f08f181cb451ce7a754e3c6e1a24d6b5, /Attraction_Review-g274887-d6999097-Reviews-Arena_Mall-Budapest_Central_Hungary.html
