review_location_name, review_current_page, review_last_page, review_location_type, review_location_breadcrumbs, review_location_rate, location_lat, location_lng, review_id, review_date, review_experience_date, review_rate, user_name, user_link, user_id, parent_url
Gellert Hill, 284, 752, Historic Sites & Historic Sites, Europe & Hungary & Central Hungary & Budapest & Things to Do in Budapest, 4.5, 47.486763, 19.047941, 481377968, 20170501, 20170401, 4.0, Rune G, /Profile/Norwegianguy248, 2a677972b2e683b9ed35e3280cabc10d, /Attraction_Review-g274887-d276878-Reviews-Gellert_Hill-Budapest_Central_Hungary.html
Gellert Hill, 284, 752, Historic Sites & Historic Sites, Europe & Hungary & Central Hungary & Budapest & Things to Do in Budapest, 4.5, 47.486763, 19.047941, 481265382, 20170501, 20170501, 5.0, Pauline C, /Profile/paulinec527, 6a1100790767e71a83671c3fb4535928, /Attraction_Review-g274887-d276878-Reviews-Gellert_Hill-Budapest_Central_Hungary.html
Gellert Hill, 284, 752, Historic Sites & Historic Sites, Europe & Hungary & Central Hungary & Budapest & Things to Do in Budapest, 4.5, 47.486763, 19.047941, 480710163, 20170501, 20170501, 5.0, Shakeel Alhamid, /Profile/shakeel_alhamid, e5075e5d9cc501b9bdd34e0e46ac58de, /Attraction_Review-g274887-d276878-Reviews-Gellert_Hill-Budapest_Central_Hungary.html
Gellert Hill, 284, 752, Historic Sites & Historic Sites, Europe & Hungary & Central Hungary & Budapest & Things to Do in Budapest, 4.5, 47.486763, 19.047941, 480632428, 20170501, 20170401, 4.0, Karzow, /Profile/Karzow, 80c865bbe3ec314dd80d190e5db94eb2, /Attraction_Review-g274887-d276878-Reviews-Gellert_Hill-Budapest_Central_Hungary.html
Gellert Hill, 284, 752, Historic Sites & Historic Sites, Europe & Hungary & Central Hungary & Budapest & Things to Do in Budapest, 4.5, 47.486763, 19.047941, 480621591, 20170501, 20170401, 5.0, Lisa A, /Profile/K3303UPlisaa, a298ebb146595bac0d1e9feeef068f5e, /Attraction_Review-g274887-d276878-Reviews-Gellert_Hill-Budapest_Central_Hungary.html
