review_location_name, review_current_page, review_last_page, review_location_type, review_location_breadcrumbs, review_location_rate, location_lat, location_lng, review_id, review_date, review_experience_date, review_rate, user_name, user_link, user_id, parent_url
Avasi Kilato, 3, 7, Points of Interest & Landmarks & Points of Interest & Landmarks, Europe & Hungary & Northern Hungary & Borsod-Abauj-Zemplen County & Miskolc & Things to Do in Miskolc, 3.5, 48.09907, 20.77945, 498009073, 20170701, 20170701, 4.0, Inkeri R, /Profile/InkeriR14, 94c28db26d15f93ffc166446d3b967a0, /Attraction_Review-g274902-d7159353-Reviews-Avasi_Kilato-Miskolc_Borsod_Abauj_Zemplen_County_Northern_Hungary.html
Avasi Kilato, 3, 7, Points of Interest & Landmarks & Points of Interest & Landmarks, Europe & Hungary & Northern Hungary & Borsod-Abauj-Zemplen County & Miskolc & Things to Do in Miskolc, 3.5, 48.09907, 20.77945, 490926436, 20170601, 20170501, 4.0, morciandszami, /Profile/morciandszami, 65f872e68182f36cb38b65aa2b5c5234, /Attraction_Review-g274902-d7159353-Reviews-Avasi_Kilato-Miskolc_Borsod_Abauj_Zemplen_County_Northern_Hungary.html
Avasi Kilato, 3, 7, Points of Interest & Landmarks & Points of Interest & Landmarks, Europe & Hungary & Northern Hungary & Borsod-Abauj-Zemplen County & Miskolc & Things to Do in Miskolc, 3.5, 48.09907, 20.77945, 489680623, 20170601, 20170601, 5.0, Climber46381, /Profile/Climber46381, 71a7865a636d4ec54475656624bd7497, /Attraction_Review-g274902-d7159353-Reviews-Avasi_Kilato-Miskolc_Borsod_Abauj_Zemplen_County_Northern_Hungary.html
Avasi Kilato, 3, 7, Points of Interest & Landmarks & Points of Interest & Landmarks, Europe & Hungary & Northern Hungary & Borsod-Abauj-Zemplen County & Miskolc & Things to Do in Miskolc, 3.5, 48.09907, 20.77945, 484046692, 20170501, 20170501, 4.0, Adam W, /Profile/adamw139, 346a99490b130fff366d2bc4eb7eb347, /Attraction_Review-g274902-d7159353-Reviews-Avasi_Kilato-Miskolc_Borsod_Abauj_Zemplen_County_Northern_Hungary.html
Avasi Kilato, 3, 7, Points of Interest & Landmarks & Points of Interest & Landmarks, Europe & Hungary & Northern Hungary & Borsod-Abauj-Zemplen County & Miskolc & Things to Do in Miskolc, 3.5, 48.09907, 20.77945, 454073382, 20170101, 20161201, 5.0, Christian G, /Profile/ChristianG5050, e9c1d8b4a6b6d250006918fc7ca071a7, /Attraction_Review-g274902-d7159353-Reviews-Avasi_Kilato-Miskolc_Borsod_Abauj_Zemplen_County_Northern_Hungary.html
