review_location_name, review_current_page, review_last_page, review_location_type, review_location_breadcrumbs, review_location_rate, location_lat, location_lng, review_id, review_date, review_experience_date, review_rate, user_name, user_link, user_id, parent_url
The Basilica, 4, 18, Sacred & Religious Sites & Sacred & Religious Sites, Europe & Hungary & Northern Hungary & Heves County & Eger & Things to Do in Eger, 4.5, 47.89944, 20.373299, 594042763, 20180701, 20180701, 5.0, hungarianguide, /Profile/hungarianguide, e7662d14f364fcb348258d13efbbbc14, /Attraction_Review-g274891-d3654216-Reviews-The_Basilica-Eger_Heves_County_Northern_Hungary.html
The Basilica, 4, 18, Sacred & Religious Sites & Sacred & Religious Sites, Europe & Hungary & Northern Hungary & Heves County & Eger & Things to Do in Eger, 4.5, 47.89944, 20.373299, 590254333, 20180601, 20180501, 5.0, Michael K, /Profile/J4646VDmichaelk, afcc6dc55ab3eaf320b65097e209b822, /Attraction_Review-g274891-d3654216-Reviews-The_Basilica-Eger_Heves_County_Northern_Hungary.html
The Basilica, 4, 18, Sacred & Religious Sites & Sacred & Religious Sites, Europe & Hungary & Northern Hungary & Heves County & Eger & Things to Do in Eger, 4.5, 47.89944, 20.373299, 589498114, 20180601, 20170801, 4.0, Ricky Y, /Profile/209rickyy, 84126dd78729225d4031a04935e5f8d6, /Attraction_Review-g274891-d3654216-Reviews-The_Basilica-Eger_Heves_County_Northern_Hungary.html
The Basilica, 4, 18, Sacred & Religious Sites & Sacred & Religious Sites, Europe & Hungary & Northern Hungary & Heves County & Eger & Things to Do in Eger, 4.5, 47.89944, 20.373299, 585320328, 20180601, 20180601, 4.0, skip15000, /Profile/skip15000, 466c03945b70907f32efbfdd163ccb55, /Attraction_Review-g274891-d3654216-Reviews-The_Basilica-Eger_Heves_County_Northern_Hungary.html
The Basilica, 4, 18, Sacred & Religious Sites & Sacred & Religious Sites, Europe & Hungary & Northern Hungary & Heves County & Eger & Things to Do in Eger, 4.5, 47.89944, 20.373299, 579000412, 20180501, 20170801, 5.0, DCChalupa, /Profile/DCChalupa, bed7f33ad507cda145a14e2dc2329d04, /Attraction_Review-g274891-d3654216-Reviews-The_Basilica-Eger_Heves_County_Northern_Hungary.html
