review_location_name, review_current_page, review_last_page, review_location_type, review_location_breadcrumbs, review_location_rate, location_lat, location_lng, review_id, review_date, review_experience_date, review_rate, user_name, user_link, user_id, parent_url
Great / Central Synagogue (Nagy Zsinagoga), 25, 609, Historic Sites & Architectural Buildings & Sacred & Religious Sites & Historic Sites & Architectural Buildings & Sacred & Religious Sites, Europe & Hungary & Central Hungary & Budapest & Things to Do in Budapest, 4.0, 47.495827, 19.060555, 707185245, 20190901, 20190901, 5.0, Ateret H, /Profile/atereth2017, d4fff59e86568422e56af875bd54594f, /Attraction_Review-g274887-d276815-Reviews-Great_Central_Synagogue_Nagy_Zsinagoga-Budapest_Central_Hungary.html
Great / Central Synagogue (Nagy Zsinagoga), 25, 609, Historic Sites & Architectural Buildings & Sacred & Religious Sites & Historic Sites & Architectural Buildings & Sacred & Religious Sites, Europe & Hungary & Central Hungary & Budapest & Things to Do in Budapest, 4.0, 47.495827, 19.060555, 706879704, 20190901, 20190901, 3.0, Stendel, /Profile/Stendel, f3590e74cbf28b5b071979126c657cf5, /Attraction_Review-g274887-d276815-Reviews-Great_Central_Synagogue_Nagy_Zsinagoga-Budapest_Central_Hungary.html
Great / Central Synagogue (Nagy Zsinagoga), 25, 609, Historic Sites & Architectural Buildings & Sacred & Religious Sites & Historic Sites & Architectural Buildings & Sacred & Religious Sites, Europe & Hungary & Central Hungary & Budapest & Things to Do in Budapest, 4.0, 47.495827, 19.060555, 706622291, 20190901, 20190901, 5.0, Betsy T, /Profile/854betsyt, b559cb317646a380145784843184f556, /Attraction_Review-g274887-d276815-Reviews-Great_Central_Synagogue_Nagy_Zsinagoga-Budapest_Central_Hungary.html
Great / Central Synagogue (Nagy Zsinagoga), 25, 609, Historic Sites & Architectural Buildings & Sacred & Religious Sites & Historic Sites & Architectural Buildings & Sacred & Religious Sites, Europe & Hungary & Central Hungary & Budapest & Things to Do in Budapest, 4.0, 47.495827, 19.060555, 706471294, 20190901, 20190901, 5.0, Dykeneuk, /Profile/Dykeneuk, 68a317707beb1a7899a82b73ca92e1ae, /Attraction_Review-g274887-d276815-Reviews-Great_Central_Synagogue_Nagy_Zsinagoga-Budapest_Central_Hungary.html
Great / Central Synagogue (Nagy Zsinagoga), 25, 609, Historic Sites & Architectural Buildings & Sacred & Religious Sites & Historic Sites & Architectural Buildings & Sacred & Religious Sites, Europe & Hungary & Central Hungary & Budapest & Things to Do in Budapest, 4.0, 47.495827, 19.060555, 706381714, 20190901, 20190801, 5.0, Moran Y, /Profile/morany2018, 9dd929fafb4b3fc3ce55fe85e023e484, /Attraction_Review-g274887-d276815-Reviews-Great_Central_Synagogue_Nagy_Zsinagoga-Budapest_Central_Hungary.html
