review_location_name, review_current_page, review_last_page, review_location_type, review_location_breadcrumbs, review_location_rate, location_lat, location_lng, review_id, review_date, review_experience_date, review_rate, user_name, user_link, user_id, parent_url
Szimpla Sunday Farmers' Market, 34, 36, Flea & Street Markets & Farmers Markets & Flea & Street Markets & Farmers Markets, Europe & Hungary & Central Hungary & Budapest & Things to Do in Budapest, 4.5, 47.496925, 19.063896, 200609239, 20140401, 20140301, 4.0, Choywai, /Profile/Choywai, 7747f0368f52f39d83b68c81b451866c, /Attraction_Review-g274887-d3560261-Reviews-Szimpla_Sunday_Farmers_Market-Budapest_Central_Hungary.html
Szimpla Sunday Farmers' Market, 34, 36, Flea & Street Markets & Farmers Markets & Flea & Street Markets & Farmers Markets, Europe & Hungary & Central Hungary & Budapest & Things to Do in Budapest, 4.5, 47.496925, 19.063896, 196411188, 20140301, 20140301, 5.0, greenstone1980, /Profile/greenstone1980, cd3bfef042822a9cfd55a77a60d4f25a, /Attraction_Review-g274887-d3560261-Reviews-Szimpla_Sunday_Farmers_Market-Budapest_Central_Hungary.html
Szimpla Sunday Farmers' Market, 34, 36, Flea & Street Markets & Farmers Markets & Flea & Street Markets & Farmers Markets, Europe & Hungary & Central Hungary & Budapest & Things to Do in Budapest, 4.5, 47.496925, 19.063896, 183294825, 20131101, 20121201, 5.0, vintagetrailer, /Profile/vintagetrailer, 90ea53990318f5cf2829e3ba90c944ff, /Attraction_Review-g274887-d3560261-Reviews-Szimpla_Sunday_Farmers_Market-Budapest_Central_Hungary.html
Szimpla Sunday Farmers' Market, 34, 36, Flea & Street Markets & Farmers Markets & Flea & Street Markets & Farmers Markets, Europe & Hungary & Central Hungary & Budapest & Things to Do in Budapest, 4.5, 47.496925, 19.063896, 181680669, 20131001, 20131001, 2.0, Lalaki-Papaki, /Profile/Lalaki-Papaki, 487820493636217f86987cc388488921, /Attraction_Review-g274887-d3560261-Reviews-Szimpla_Sunday_Farmers_Market-Budapest_Central_Hungary.html
Szimpla Sunday Farmers' Market, 34, 36, Flea & Street Markets & Farmers Markets & Flea & Street Markets & Farmers Markets, Europe & Hungary & Central Hungary & Budapest & Things to Do in Budapest, 4.5, 47.496925, 19.063896, 175860907, 20130901, 20130801, 5.0, Kerry W, /Profile/smartiedog, be3e0bc67f76ca706fce3d57c94405d6, /Attraction_Review-g274887-d3560261-Reviews-Szimpla_Sunday_Farmers_Market-Budapest_Central_Hungary.html
