review_location_name, review_current_page, review_last_page, review_location_type, review_location_breadcrumbs, review_location_rate, location_lat, location_lng, review_id, review_date, review_experience_date, review_rate, user_name, user_link, user_id, parent_url
Panoptikum, 65, 107, History Museums & History Museums, Europe & Hungary & Central Hungary & Budapest & Things to Do in Budapest, 3.5, 47.500263, 19.034166, 449129280, 20170101, 20170101, 3.0, Nick S, /Profile/nicksheps, 1a9c639f36497a2eb1a4e43576b99775, /Attraction_Review-g274887-d7372844-Reviews-Panoptikum-Budapest_Central_Hungary.html
Panoptikum, 65, 107, History Museums & History Museums, Europe & Hungary & Central Hungary & Budapest & Things to Do in Budapest, 3.5, 47.500263, 19.034166, 449115532, 20170101, 20161001, 4.0, menix40, /Profile/menix40, af86a13c6b8f7a712f396df05bc1d516, /Attraction_Review-g274887-d7372844-Reviews-Panoptikum-Budapest_Central_Hungary.html
Panoptikum, 65, 107, History Museums & History Museums, Europe & Hungary & Central Hungary & Budapest & Things to Do in Budapest, 3.5, 47.500263, 19.034166, 448873920, 20170101, 20161101, 4.0, Danielle W, /Profile/lucyinthessky, ecf9823f60af581735fa328ea0d32be2, /Attraction_Review-g274887-d7372844-Reviews-Panoptikum-Budapest_Central_Hungary.html
Panoptikum, 65, 107, History Museums & History Museums, Europe & Hungary & Central Hungary & Budapest & Things to Do in Budapest, 3.5, 47.500263, 19.034166, 445217494, 20161201, 20161201, 3.0, Leenu H, /Profile/leenuh, 334f652e86e9acedcf821fd7ac3d4c87, /Attraction_Review-g274887-d7372844-Reviews-Panoptikum-Budapest_Central_Hungary.html
Panoptikum, 65, 107, History Museums & History Museums, Europe & Hungary & Central Hungary & Budapest & Things to Do in Budapest, 3.5, 47.500263, 19.034166, 444226148, 20161201, 20161201, 5.0, The World is My Oyster, /Profile/SteveRainville99, 5241107a7789856d69687a2609e4a41c, /Attraction_Review-g274887-d7372844-Reviews-Panoptikum-Budapest_Central_Hungary.html
