review_location_name, review_current_page, review_last_page, review_location_type, review_location_breadcrumbs, review_location_rate, location_lat, location_lng, review_id, review_date, review_experience_date, review_rate, user_name, user_link, user_id, parent_url
Hungarian National Museum, 62, 163, Historic Sites & History Museums & Historic Sites & History Museums, Europe & Hungary & Central Hungary & Budapest & Things to Do in Budapest, 4.0, 47.49104, 19.06185, 481264994, 20170501, 20170501, 4.0, Christina I, /Profile/qegsbabe, ae541a1fd9826658458dcbc73d356e68, /Attraction_Review-g274887-d276813-Reviews-Hungarian_National_Museum-Budapest_Central_Hungary.html
Hungarian National Museum, 62, 163, Historic Sites & History Museums & Historic Sites & History Museums, Europe & Hungary & Central Hungary & Budapest & Things to Do in Budapest, 4.0, 47.49104, 19.06185, 481253698, 20170501, 20170401, 4.0, mike1949442, /Profile/mike1949442, e1141c9e6683a1b472c233100d3e485c, /Attraction_Review-g274887-d276813-Reviews-Hungarian_National_Museum-Budapest_Central_Hungary.html
Hungarian National Museum, 62, 163, Historic Sites & History Museums & Historic Sites & History Museums, Europe & Hungary & Central Hungary & Budapest & Things to Do in Budapest, 4.0, 47.49104, 19.06185, 480822501, 20170501, 20170401, 5.0, David W, /Profile/779DavidW779, 2e5c72556e19941b8b6e0b2836d968cf, /Attraction_Review-g274887-d276813-Reviews-Hungarian_National_Museum-Budapest_Central_Hungary.html
Hungarian National Museum, 62, 163, Historic Sites & History Museums & Historic Sites & History Museums, Europe & Hungary & Central Hungary & Budapest & Things to Do in Budapest, 4.0, 47.49104, 19.06185, 480723035, 20170501, 20170401, 3.0, suitscase, /Profile/suitscase, 66757f304d748ea0bea72d405a537444, /Attraction_Review-g274887-d276813-Reviews-Hungarian_National_Museum-Budapest_Central_Hungary.html
Hungarian National Museum, 62, 163, Historic Sites & History Museums & Historic Sites & History Museums, Europe & Hungary & Central Hungary & Budapest & Things to Do in Budapest, 4.0, 47.49104, 19.06185, 480280641, 20170401, 20170401, 4.0, frequenttravellers49, /Profile/frequenttravellers49, fb2798a9c6c3f8d1478865df22df443d, /Attraction_Review-g274887-d276813-Reviews-Hungarian_National_Museum-Budapest_Central_Hungary.html
