review_location_name, review_current_page, review_last_page, review_location_type, review_location_breadcrumbs, review_location_rate, location_lat, location_lng, review_id, review_date, review_experience_date, review_rate, user_name, user_link, user_id, parent_url
Liszt Ferenc Memorial Museum, 7, 16, Specialty Museums & History Museums & Specialty Museums & History Museums, Europe & Hungary & Central Hungary & Budapest & Things to Do in Budapest, 4.0, 47.507137, 19.066437, 505457554, 20170701, 20170701, 3.0, Mayalicia, /Profile/Mayalicia, 840c73aa502a6788ed353aecea7e5028, /Attraction_Review-g274887-d279024-Reviews-Liszt_Ferenc_Memorial_Museum-Budapest_Central_Hungary.html
Liszt Ferenc Memorial Museum, 7, 16, Specialty Museums & History Museums & Specialty Museums & History Museums, Europe & Hungary & Central Hungary & Budapest & Things to Do in Budapest, 4.0, 47.507137, 19.066437, 502341620, 20170701, 20170701, 5.0, 5StarDivaFamily, /Profile/5StarDivaFamily, b737b43f3fddbd7a68ea398393950e90, /Attraction_Review-g274887-d279024-Reviews-Liszt_Ferenc_Memorial_Museum-Budapest_Central_Hungary.html
Liszt Ferenc Memorial Museum, 7, 16, Specialty Museums & History Museums & Specialty Museums & History Museums, Europe & Hungary & Central Hungary & Budapest & Things to Do in Budapest, 4.0, 47.507137, 19.066437, 490848957, 20170601, 20170201, 5.0, Ankit P Somani, /Profile/Ankit04, 51a83834950a305eb5455e50866a3597, /Attraction_Review-g274887-d279024-Reviews-Liszt_Ferenc_Memorial_Museum-Budapest_Central_Hungary.html
Liszt Ferenc Memorial Museum, 7, 16, Specialty Museums & History Museums & Specialty Museums & History Museums, Europe & Hungary & Central Hungary & Budapest & Things to Do in Budapest, 4.0, 47.507137, 19.066437, 485063099, 20170501, 20170501, 4.0, JULIE AND REMI, /Profile/bauger2016, ae5c5231ed4f9f0fd65bda71a0018df7, /Attraction_Review-g274887-d279024-Reviews-Liszt_Ferenc_Memorial_Museum-Budapest_Central_Hungary.html
Liszt Ferenc Memorial Museum, 7, 16, Specialty Museums & History Museums & Specialty Museums & History Museums, Europe & Hungary & Central Hungary & Budapest & Things to Do in Budapest, 4.0, 47.507137, 19.066437, 472386006, 20170401, 20170301, 5.0, InnaBenZvi, /Profile/InnaBenZvi, 23379d1d4d84c6f0c57e72031837d2c6, /Attraction_Review-g274887-d279024-Reviews-Liszt_Ferenc_Memorial_Museum-Budapest_Central_Hungary.html
