review_location_name, review_current_page, review_last_page, review_location_type, review_location_breadcrumbs, review_location_rate, location_lat, location_lng, review_id, review_date, review_experience_date, review_rate, user_name, user_link, user_id, parent_url
Budapest Pinball Museum, 31, 171, Specialty Museums & Specialty Museums, Europe & Hungary & Central Hungary & Budapest & Things to Do in Budapest, 5.0, 47.51472, 19.05427, 625959136, 20181001, 20181001, 5.0, Bolno, /Profile/Bolno, 0cd53dad1309f182b7151379a672aef4, /Attraction_Review-g274887-d6969659-Reviews-Budapest_Pinball_Museum-Budapest_Central_Hungary.html
Budapest Pinball Museum, 31, 171, Specialty Museums & Specialty Museums, Europe & Hungary & Central Hungary & Budapest & Things to Do in Budapest, 5.0, 47.51472, 19.05427, 624298895, 20181001, 20181001, 5.0, floharper, /Profile/floharper, 8b3945e41450250e4d7ebdb066d4002a, /Attraction_Review-g274887-d6969659-Reviews-Budapest_Pinball_Museum-Budapest_Central_Hungary.html
Budapest Pinball Museum, 31, 171, Specialty Museums & Specialty Museums, Europe & Hungary & Central Hungary & Budapest & Things to Do in Budapest, 5.0, 47.51472, 19.05427, 624061716, 20181001, 20181001, 5.0, Dennis P, /Profile/DandJ21, b6c28b379e9ce8de65e3e61d68b9e2a9, /Attraction_Review-g274887-d6969659-Reviews-Budapest_Pinball_Museum-Budapest_Central_Hungary.html
Budapest Pinball Museum, 31, 171, Specialty Museums & Specialty Museums, Europe & Hungary & Central Hungary & Budapest & Things to Do in Budapest, 5.0, 47.51472, 19.05427, 623242981, 20181001, 20181001, 5.0, Ivana P, /Profile/ivanap215, 8c664323b0f86350447dea68bb8502e1, /Attraction_Review-g274887-d6969659-Reviews-Budapest_Pinball_Museum-Budapest_Central_Hungary.html
Budapest Pinball Museum, 31, 171, Specialty Museums & Specialty Museums, Europe & Hungary & Central Hungary & Budapest & Things to Do in Budapest, 5.0, 47.51472, 19.05427, 621417880, 20181001, 20180401, 5.0, Mihai Filimon, /Profile/mihaifilimon, 265c796625bea701534acf4d1ca482cf, /Attraction_Review-g274887-d6969659-Reviews-Budapest_Pinball_Museum-Budapest_Central_Hungary.html
