review_location_name, review_current_page, review_last_page, review_location_type, review_location_breadcrumbs, review_location_rate, location_lat, location_lng, review_id, review_date, review_experience_date, review_rate, user_name, user_link, user_id, parent_url
Gellert Hill, 153, 752, Historic Sites & Historic Sites, Europe & Hungary & Central Hungary & Budapest & Things to Do in Budapest, 4.5, 47.486763, 19.047941, 575062391, 20180401, 20170601, 4.0, Charlotte H, /Profile/W5980MRcharlotteh, 8a9d1cba396ab206dd2a25b8d7414803, /Attraction_Review-g274887-d276878-Reviews-Gellert_Hill-Budapest_Central_Hungary.html
Gellert Hill, 153, 752, Historic Sites & Historic Sites, Europe & Hungary & Central Hungary & Budapest & Things to Do in Budapest, 4.5, 47.486763, 19.047941, 574952303, 20180401, 20180401, 5.0, Zoe W, /Profile/965zoew, 5fa88e4291f13a08629165b9fcf9106c, /Attraction_Review-g274887-d276878-Reviews-Gellert_Hill-Budapest_Central_Hungary.html
Gellert Hill, 153, 752, Historic Sites & Historic Sites, Europe & Hungary & Central Hungary & Budapest & Things to Do in Budapest, 4.5, 47.486763, 19.047941, 574941140, 20180401, 20180401, 5.0, eastwood1969, /Profile/eastwood1969, 2e384e3101847000fda1b77796baf8fb, /Attraction_Review-g274887-d276878-Reviews-Gellert_Hill-Budapest_Central_Hungary.html
Gellert Hill, 153, 752, Historic Sites & Historic Sites, Europe & Hungary & Central Hungary & Budapest & Things to Do in Budapest, 4.5, 47.486763, 19.047941, 574852350, 20180401, 20180401, 5.0, 444olivierp, /Profile/444olivierp, fb2aa6909720e084a5d2f3ab7e545f5a, /Attraction_Review-g274887-d276878-Reviews-Gellert_Hill-Budapest_Central_Hungary.html
Gellert Hill, 153, 752, Historic Sites & Historic Sites, Europe & Hungary & Central Hungary & Budapest & Things to Do in Budapest, 4.5, 47.486763, 19.047941, 574812712, 20180401, 20180401, 5.0, Katalin00, /Profile/Katalin00, 1b8e25fb37cf781b7663f0ba26da2501, /Attraction_Review-g274887-d276878-Reviews-Gellert_Hill-Budapest_Central_Hungary.html
