review_location_name, review_current_page, review_last_page, review_location_type, review_location_breadcrumbs, review_location_rate, location_lat, location_lng, review_id, review_date, review_experience_date, review_rate, user_name, user_link, user_id, parent_url
New York Palace, 4, 222, Points of Interest & Landmarks & Points of Interest & Landmarks, Europe & Hungary & Central Hungary & Budapest & Things to Do in Budapest, 4.5, 47.498676, 19.070486, 723686484, 20191101, 20191001, 5.0, LandDEssex, /Profile/LandDEssex, 700897892ed50225e288b84a7ea14115, /Attraction_Review-g274887-d6940639-Reviews-New_York_Palace-Budapest_Central_Hungary.html
New York Palace, 4, 222, Points of Interest & Landmarks & Points of Interest & Landmarks, Europe & Hungary & Central Hungary & Budapest & Things to Do in Budapest, 4.5, 47.498676, 19.070486, 721491113, 20191001, 20191001, 1.0, Joe Doe, /Profile/SavvyTravellerxkl, 50df2d878848332b27e45a9966539223, /Attraction_Review-g274887-d6940639-Reviews-New_York_Palace-Budapest_Central_Hungary.html
New York Palace, 4, 222, Points of Interest & Landmarks & Points of Interest & Landmarks, Europe & Hungary & Central Hungary & Budapest & Things to Do in Budapest, 4.5, 47.498676, 19.070486, 716588921, 20191001, 20181201, 3.0, Dee P, /Profile/DeeP822, 73a28526ec926bf4d1b15b3f46d21f15, /Attraction_Review-g274887-d6940639-Reviews-New_York_Palace-Budapest_Central_Hungary.html
New York Palace, 4, 222, Points of Interest & Landmarks & Points of Interest & Landmarks, Europe & Hungary & Central Hungary & Budapest & Things to Do in Budapest, 4.5, 47.498676, 19.070486, 713448218, 20190901, 20190901, 1.0, Sanj, /Profile/91sanj, 4118475b757dc7bc931c1293b80d8976, /Attraction_Review-g274887-d6940639-Reviews-New_York_Palace-Budapest_Central_Hungary.html
New York Palace, 4, 222, Points of Interest & Landmarks & Points of Interest & Landmarks, Europe & Hungary & Central Hungary & Budapest & Things to Do in Budapest, 4.5, 47.498676, 19.070486, 711661495, 20190901, 20190901, 4.0, Marbu, /Profile/Marbu19, e476103125b982a94c5eefe556344869, /Attraction_Review-g274887-d6940639-Reviews-New_York_Palace-Budapest_Central_Hungary.html
