review_location_name, review_current_page, review_last_page, review_location_type, review_location_breadcrumbs, review_location_rate, location_lat, location_lng, review_id, review_date, review_experience_date, review_rate, user_name, user_link, user_id, parent_url
Heroes' Square, 289, 1253, Historic Sites & Points of Interest & Landmarks & Monuments & Statues & Historic Sites & Points of Interest & Landmarks & Monuments & Statues, Europe & Hungary & Central Hungary & Budapest & Things to Do in Budapest, 4.5, 47.51514, 19.07814, 585618785, 20180601, 20180601, 3.0, GARY N, /Profile/GARYN353, 411ea95df73f0a12935d36c74705af99, /Attraction_Review-g274887-d276827-Reviews-Heroes_Square-Budapest_Central_Hungary.html
Heroes' Square, 289, 1253, Historic Sites & Points of Interest & Landmarks & Monuments & Statues & Historic Sites & Points of Interest & Landmarks & Monuments & Statues, Europe & Hungary & Central Hungary & Budapest & Things to Do in Budapest, 4.5, 47.51514, 19.07814, 585595727, 20180601, 20180501, 3.0, Playaman47, /Profile/Playaman47, 6d1a6cb4c63d14edc0805fd6a66822fb, /Attraction_Review-g274887-d276827-Reviews-Heroes_Square-Budapest_Central_Hungary.html
Heroes' Square, 289, 1253, Historic Sites & Points of Interest & Landmarks & Monuments & Statues & Historic Sites & Points of Interest & Landmarks & Monuments & Statues, Europe & Hungary & Central Hungary & Budapest & Things to Do in Budapest, 4.5, 47.51514, 19.07814, 585573803, 20180601, 20180601, 4.0, Maria R, /Profile/Maria_Repice, d567977676cc3818755618a711de03fe, /Attraction_Review-g274887-d276827-Reviews-Heroes_Square-Budapest_Central_Hungary.html
Heroes' Square, 289, 1253, Historic Sites & Points of Interest & Landmarks & Monuments & Statues & Historic Sites & Points of Interest & Landmarks & Monuments & Statues, Europe & Hungary & Central Hungary & Budapest & Things to Do in Budapest, 4.5, 47.51514, 19.07814, 585419531, 20180601, 20180501, 5.0, J S, /Profile/jonathanscullion, 531017d2eb933f1ea4f517e8110c1514, /Attraction_Review-g274887-d276827-Reviews-Heroes_Square-Budapest_Central_Hungary.html
Heroes' Square, 289, 1253, Historic Sites & Points of Interest & Landmarks & Monuments & Statues & Historic Sites & Points of Interest & Landmarks & Monuments & Statues, Europe & Hungary & Central Hungary & Budapest & Things to Do in Budapest, 4.5, 47.51514, 19.07814, 585312909, 20180601, 20180601, 5.0, Zoe R, /Profile/zoraf82, a9090a1c741c3d4af42ef9c39b33d075, /Attraction_Review-g274887-d276827-Reviews-Heroes_Square-Budapest_Central_Hungary.html
