review_location_name, review_current_page, review_last_page, review_location_type, review_location_breadcrumbs, review_location_rate, location_lat, location_lng, review_id, review_date, review_experience_date, review_rate, user_name, user_link, user_id, parent_url
Pecs Cathedral, 13, 30, Sacred & Religious Sites & Churches & Cathedrals & Sacred & Religious Sites & Churches & Cathedrals, Europe & Hungary & Southern Transdanubia & Baranya County & Pecs & Things to Do in Pecs, 4.5, 46.07734, 18.22235, 446777940, 20161201, 20161201, 5.0, Jurica H, /Profile/166juricah, f7e7ba0deafabe8c433a39bc1ccfad02, /Attraction_Review-g274905-d282751-Reviews-Pecs_Cathedral-Pecs_Baranya_County_Southern_Transdanubia.html
Pecs Cathedral, 13, 30, Sacred & Religious Sites & Churches & Cathedrals & Sacred & Religious Sites & Churches & Cathedrals, Europe & Hungary & Southern Transdanubia & Baranya County & Pecs & Things to Do in Pecs, 4.5, 46.07734, 18.22235, 446479115, 20161201, 20161201, 5.0, viganiko, /Profile/viganiko, bec50ae56423cfdde7347d3e6d4790b4, /Attraction_Review-g274905-d282751-Reviews-Pecs_Cathedral-Pecs_Baranya_County_Southern_Transdanubia.html
Pecs Cathedral, 13, 30, Sacred & Religious Sites & Churches & Cathedrals & Sacred & Religious Sites & Churches & Cathedrals, Europe & Hungary & Southern Transdanubia & Baranya County & Pecs & Things to Do in Pecs, 4.5, 46.07734, 18.22235, 438380577, 20161101, 20161001, 5.0, Robert Z, /Profile/859robertz, c204bca1aa5d5cc8cfc0c9f8088272b2, /Attraction_Review-g274905-d282751-Reviews-Pecs_Cathedral-Pecs_Baranya_County_Southern_Transdanubia.html
Pecs Cathedral, 13, 30, Sacred & Religious Sites & Churches & Cathedrals & Sacred & Religious Sites & Churches & Cathedrals, Europe & Hungary & Southern Transdanubia & Baranya County & Pecs & Things to Do in Pecs, 4.5, 46.07734, 18.22235, 437394452, 20161101, 20161101, 5.0, Makili991, /Profile/Makili991, fde93946687342d0a01fe7ba33f03914, /Attraction_Review-g274905-d282751-Reviews-Pecs_Cathedral-Pecs_Baranya_County_Southern_Transdanubia.html
Pecs Cathedral, 13, 30, Sacred & Religious Sites & Churches & Cathedrals & Sacred & Religious Sites & Churches & Cathedrals, Europe & Hungary & Southern Transdanubia & Baranya County & Pecs & Things to Do in Pecs, 4.5, 46.07734, 18.22235, 437311671, 20161101, 20161101, 5.0, dktravel1982, /Profile/dktravel1982, f31faceb8b20de7295e75870c94c8825, /Attraction_Review-g274905-d282751-Reviews-Pecs_Cathedral-Pecs_Baranya_County_Southern_Transdanubia.html
