review_location_name, review_current_page, review_last_page, review_location_type, review_location_breadcrumbs, review_location_rate, location_lat, location_lng, review_id, review_date, review_experience_date, review_rate, user_name, user_link, user_id, parent_url
Central Market Hall, 58, 868, Farmers Markets & Farmers Markets, Europe & Hungary & Central Hungary & Budapest & Things to Do in Budapest, 4.0, 47.48682, 19.058666, 714444172, 20191001, 20191001, 4.0, Brady Day, /Profile/GaelicTrotter21, 3e42339d1a8fb3ed357e97d81c733724, /Attraction_Review-g274887-d276128-Reviews-Central_Market_Hall-Budapest_Central_Hungary.html
Central Market Hall, 58, 868, Farmers Markets & Farmers Markets, Europe & Hungary & Central Hungary & Budapest & Things to Do in Budapest, 4.0, 47.48682, 19.058666, 714417441, 20191001, 20191001, 3.0, Andreia P, /Profile/andreiiapi, 7a71ec4bbdaec265e4282f10af5cc758, /Attraction_Review-g274887-d276128-Reviews-Central_Market_Hall-Budapest_Central_Hungary.html
Central Market Hall, 58, 868, Farmers Markets & Farmers Markets, Europe & Hungary & Central Hungary & Budapest & Things to Do in Budapest, 4.0, 47.48682, 19.058666, 714326236, 20190901, 20190901, 3.0, NTM2020, /Profile/NTM2020, c0c58baae66888d14f52ea76b4e21c15, /Attraction_Review-g274887-d276128-Reviews-Central_Market_Hall-Budapest_Central_Hungary.html
Central Market Hall, 58, 868, Farmers Markets & Farmers Markets, Europe & Hungary & Central Hungary & Budapest & Things to Do in Budapest, 4.0, 47.48682, 19.058666, 713990927, 20190901, 20190901, 5.0, Rebecca GDAE, /Profile/magyarzene, 496d02f044af373c6cb57025c70d89af, /Attraction_Review-g274887-d276128-Reviews-Central_Market_Hall-Budapest_Central_Hungary.html
Central Market Hall, 58, 868, Farmers Markets & Farmers Markets, Europe & Hungary & Central Hungary & Budapest & Things to Do in Budapest, 4.0, 47.48682, 19.058666, 713974130, 20190901, 20190901, 4.0, Cris, /Profile/pinkcarper, 0992cb1cb1a8f34915da1536dfffa84b, /Attraction_Review-g274887-d276128-Reviews-Central_Market_Hall-Budapest_Central_Hungary.html
