review_location_name, review_current_page, review_last_page, review_location_type, review_location_breadcrumbs, review_location_rate, location_lat, location_lng, review_id, review_date, review_experience_date, review_rate, user_name, user_link, user_id, parent_url
Thermal Lake of Hévíz, 73, 85, Bodies of Water & Thermal Spas & Bodies of Water & Thermal Spas, Europe & Hungary & Western Transdanubia & Zala County & Heviz & Things to Do in Heviz, 4.5, 46.786545, 17.191597, 183571877, 20131101, 20131001, 5.0, eseriva, /Profile/eseriva, 2d10be5ca6ec5382057f2788271adb74, /Attraction_Review-g274894-d626137-Reviews-Thermal_Lake_of_Heviz-Heviz_Zala_County_Western_Transdanubia.html
Thermal Lake of Hévíz, 73, 85, Bodies of Water & Thermal Spas & Bodies of Water & Thermal Spas, Europe & Hungary & Western Transdanubia & Zala County & Heviz & Things to Do in Heviz, 4.5, 46.786545, 17.191597, 183262540, 20131101, 20131001, 2.0, 8watt, /Profile/8watt, 39710dd734d8da2fa86efefa6694061f, /Attraction_Review-g274894-d626137-Reviews-Thermal_Lake_of_Heviz-Heviz_Zala_County_Western_Transdanubia.html
Thermal Lake of Hévíz, 73, 85, Bodies of Water & Thermal Spas & Bodies of Water & Thermal Spas, Europe & Hungary & Western Transdanubia & Zala County & Heviz & Things to Do in Heviz, 4.5, 46.786545, 17.191597, 182701815, 20131001, 20131001, 4.0, BaJu2004, /Profile/BaJu2004, be170d0b103524aeadf1364f93872a11, /Attraction_Review-g274894-d626137-Reviews-Thermal_Lake_of_Heviz-Heviz_Zala_County_Western_Transdanubia.html
Thermal Lake of Hévíz, 73, 85, Bodies of Water & Thermal Spas & Bodies of Water & Thermal Spas, Europe & Hungary & Western Transdanubia & Zala County & Heviz & Things to Do in Heviz, 4.5, 46.786545, 17.191597, 182259550, 20131001, 20131001, 5.0, NyKaroly, /Profile/NyKaroly, 40df35d08918fcfa0074ab0ab712b8fa, /Attraction_Review-g274894-d626137-Reviews-Thermal_Lake_of_Heviz-Heviz_Zala_County_Western_Transdanubia.html
Thermal Lake of Hévíz, 73, 85, Bodies of Water & Thermal Spas & Bodies of Water & Thermal Spas, Europe & Hungary & Western Transdanubia & Zala County & Heviz & Things to Do in Heviz, 4.5, 46.786545, 17.191597, 179925840, 20131001, 20130601, 5.0, Kommensiecake, /Profile/Kommensiecake, 6bcd910e16a10e8669a4e0303b5608bc, /Attraction_Review-g274894-d626137-Reviews-Thermal_Lake_of_Heviz-Heviz_Zala_County_Western_Transdanubia.html
