review_location_name, review_current_page, review_last_page, review_location_type, review_location_breadcrumbs, review_location_rate, location_lat, location_lng, review_id, review_date, review_experience_date, review_rate, user_name, user_link, user_id, parent_url
Citadel, 99, 206, Historic Sites & Historic Sites, Europe & Hungary & Central Hungary & Budapest & Things to Do in Budapest, 4.5, 47.4868, 19.04625, 402772026, 20160801, 20160501, 4.0, Milica M, /Profile/993milicam, 6d9005632e8b2055c79c60adbd5bcb53, /Attraction_Review-g274887-d276867-Reviews-Citadel-Budapest_Central_Hungary.html
Citadel, 99, 206, Historic Sites & Historic Sites, Europe & Hungary & Central Hungary & Budapest & Things to Do in Budapest, 4.5, 47.4868, 19.04625, 402222862, 20160801, 20160701, 5.0, Sue M, /Profile/863SueM, 4a8643921288387a20d8e9d185905e69, /Attraction_Review-g274887-d276867-Reviews-Citadel-Budapest_Central_Hungary.html
Citadel, 99, 206, Historic Sites & Historic Sites, Europe & Hungary & Central Hungary & Budapest & Things to Do in Budapest, 4.5, 47.4868, 19.04625, 401949499, 20160801, 20160801, 4.0, Mike S, /Profile/J6292SLmikes, 6fd34a4c62530cdf95a3d54627e91d81, /Attraction_Review-g274887-d276867-Reviews-Citadel-Budapest_Central_Hungary.html
Citadel, 99, 206, Historic Sites & Historic Sites, Europe & Hungary & Central Hungary & Budapest & Things to Do in Budapest, 4.5, 47.4868, 19.04625, 401583960, 20160801, 20160701, 3.0, hamilton5551, /Profile/hamilton5551, dfb08ad0e380c44c21849a6c4521a707, /Attraction_Review-g274887-d276867-Reviews-Citadel-Budapest_Central_Hungary.html
Citadel, 99, 206, Historic Sites & Historic Sites, Europe & Hungary & Central Hungary & Budapest & Things to Do in Budapest, 4.5, 47.4868, 19.04625, 401413950, 20160801, 20160701, 4.0, Linda B, /Profile/brickette19, e24093bf2678f5228cf5ab9d9945cb98, /Attraction_Review-g274887-d276867-Reviews-Citadel-Budapest_Central_Hungary.html
