review_location_name, review_current_page, review_last_page, review_location_type, review_location_breadcrumbs, review_location_rate, location_lat, location_lng, review_id, review_date, review_experience_date, review_rate, user_name, user_link, user_id, parent_url
Danube River, 611, 1573, Bodies of Water & Bodies of Water, Europe & Hungary & Central Hungary & Budapest & Things to Do in Budapest, 4.5, 47.502583, 19.04263, 507210926, 20170701, 20160801, 5.0, Jayneann50, /Profile/Jayneann50, ba7102d87b1bb384f91f4fdf8385e316, /Attraction_Review-g274887-d298971-Reviews-Danube_River-Budapest_Central_Hungary.html
Danube River, 611, 1573, Bodies of Water & Bodies of Water, Europe & Hungary & Central Hungary & Budapest & Things to Do in Budapest, 4.5, 47.502583, 19.04263, 507166524, 20170701, 20170601, 5.0, Colin N, /Profile/156colinn, 7e4355ad404cc12aa16a62b678926d94, /Attraction_Review-g274887-d298971-Reviews-Danube_River-Budapest_Central_Hungary.html
Danube River, 611, 1573, Bodies of Water & Bodies of Water, Europe & Hungary & Central Hungary & Budapest & Things to Do in Budapest, 4.5, 47.502583, 19.04263, 507144045, 20170701, 20170701, 5.0, graymar6, /Profile/graymar6, 7a65994a555e3c775574f7ee4eef4832, /Attraction_Review-g274887-d298971-Reviews-Danube_River-Budapest_Central_Hungary.html
Danube River, 611, 1573, Bodies of Water & Bodies of Water, Europe & Hungary & Central Hungary & Budapest & Things to Do in Budapest, 4.5, 47.502583, 19.04263, 506816155, 20170701, 20170601, 5.0, scvrose, /Profile/scvrose, 7feeef7f53fed0ea37b21b3e54e3d167, /Attraction_Review-g274887-d298971-Reviews-Danube_River-Budapest_Central_Hungary.html
Danube River, 611, 1573, Bodies of Water & Bodies of Water, Europe & Hungary & Central Hungary & Budapest & Things to Do in Budapest, 4.5, 47.502583, 19.04263, 506794865, 20170701, 20170501, 4.0, HameshaIndia, /Profile/hameshaIndia, 246330b7518b636591cc6b3dec092005, /Attraction_Review-g274887-d298971-Reviews-Danube_River-Budapest_Central_Hungary.html
