review_location_name, review_current_page, review_last_page, review_location_type, review_location_breadcrumbs, review_location_rate, location_lat, location_lng, review_id, review_date, review_experience_date, review_rate, user_name, user_link, user_id, parent_url
Danube River, 233, 1573, Bodies of Water & Bodies of Water, Europe & Hungary & Central Hungary & Budapest & Things to Do in Budapest, 4.5, 47.502583, 19.04263, 634364693, 20181101, 20181101, 4.0, mbou3, /Profile/mbou3, b126294deff8e30c30341faf8af619b8, /Attraction_Review-g274887-d298971-Reviews-Danube_River-Budapest_Central_Hungary.html
Danube River, 233, 1573, Bodies of Water & Bodies of Water, Europe & Hungary & Central Hungary & Budapest & Things to Do in Budapest, 4.5, 47.502583, 19.04263, 634315762, 20181101, 20180501, 5.0, Sally N, /Profile/657sallyn, 0776296bbe746a99cf0c98730611f30f, /Attraction_Review-g274887-d298971-Reviews-Danube_River-Budapest_Central_Hungary.html
Danube River, 233, 1573, Bodies of Water & Bodies of Water, Europe & Hungary & Central Hungary & Budapest & Things to Do in Budapest, 4.5, 47.502583, 19.04263, 634237304, 20181101, 20181101, 3.0, Susan7, /Profile/Susan7, 1ab9243f3f3a5dc79ba1868ddb06b100, /Attraction_Review-g274887-d298971-Reviews-Danube_River-Budapest_Central_Hungary.html
Danube River, 233, 1573, Bodies of Water & Bodies of Water, Europe & Hungary & Central Hungary & Budapest & Things to Do in Budapest, 4.5, 47.502583, 19.04263, 634233928, 20181101, 20181101, 2.0, Travelingkind, /Profile/Travelingkind, 690488258fa5f538bf3928a7e47bf9cb, /Attraction_Review-g274887-d298971-Reviews-Danube_River-Budapest_Central_Hungary.html
Danube River, 233, 1573, Bodies of Water & Bodies of Water, Europe & Hungary & Central Hungary & Budapest & Things to Do in Budapest, 4.5, 47.502583, 19.04263, 634203434, 20181101, 20181001, 4.0, nilimag2015, /Profile/nilimag2015, cf6a1a022cd4f39a72ea95d68a32f87f, /Attraction_Review-g274887-d298971-Reviews-Danube_River-Budapest_Central_Hungary.html
