review_location_name, review_current_page, review_last_page, review_location_type, review_location_breadcrumbs, review_location_rate, location_lat, location_lng, review_id, review_date, review_experience_date, review_rate, user_name, user_link, user_id, parent_url
Halászbástya, 505, 2784, Historic Sites & Points of Interest & Landmarks & Historic Sites & Points of Interest & Landmarks, Europe & Hungary & Central Hungary & Budapest & Things to Do in Budapest, 4.5, 47.50218, 19.034777, 583220654, 20180501, 20180501, 4.0, Max H, /Profile/840max, eae98ae6c295b6c6978e2f7479695995, /Attraction_Review-g274887-d276803-Reviews-Halaszbastya-Budapest_Central_Hungary.html
Halászbástya, 505, 2784, Historic Sites & Points of Interest & Landmarks & Historic Sites & Points of Interest & Landmarks, Europe & Hungary & Central Hungary & Budapest & Things to Do in Budapest, 4.5, 47.50218, 19.034777, 583199404, 20180501, 20180501, 5.0, WWeennddyy, /Profile/WWeennddyy, 32b97f8791ab3fc67952952188096e39, /Attraction_Review-g274887-d276803-Reviews-Halaszbastya-Budapest_Central_Hungary.html
Halászbástya, 505, 2784, Historic Sites & Points of Interest & Landmarks & Historic Sites & Points of Interest & Landmarks, Europe & Hungary & Central Hungary & Budapest & Things to Do in Budapest, 4.5, 47.50218, 19.034777, 583187389, 20180501, 20170901, 5.0, Melissa H, /Profile/Travelsizediva, f17a65b4375182a34c62fb2ca7d5670b, /Attraction_Review-g274887-d276803-Reviews-Halaszbastya-Budapest_Central_Hungary.html
Halászbástya, 505, 2784, Historic Sites & Points of Interest & Landmarks & Historic Sites & Points of Interest & Landmarks, Europe & Hungary & Central Hungary & Budapest & Things to Do in Budapest, 4.5, 47.50218, 19.034777, 583162523, 20180501, 20180501, 4.0, Kid-In-Tow98, /Profile/Kid-In-Tow98, 285ae8b6cb76e6975dcc9f5cee292b38, /Attraction_Review-g274887-d276803-Reviews-Halaszbastya-Budapest_Central_Hungary.html
Halászbástya, 505, 2784, Historic Sites & Points of Interest & Landmarks & Historic Sites & Points of Interest & Landmarks, Europe & Hungary & Central Hungary & Budapest & Things to Do in Budapest, 4.5, 47.50218, 19.034777, 583139267, 20180501, 20180501, 5.0, Alvin F, /Profile/AlvinF351, b4db24aa356fffa9a21d9b032a494c3f, /Attraction_Review-g274887-d276803-Reviews-Halaszbastya-Budapest_Central_Hungary.html
