review_location_name, review_current_page, review_last_page, review_location_type, review_location_breadcrumbs, review_location_rate, location_lat, location_lng, review_id, review_date, review_experience_date, review_rate, user_name, user_link, user_id, parent_url
Tomb of the Roman Soldier, None, None, Ancient Ruins & Points of Interest & Landmarks & Ancient Ruins & Points of Interest & Landmarks, Europe & Hungary & Western Transdanubia & Zala County & Heviz & Things to Do in Heviz, 3.5, 46.80378, 17.190065, 765160814, 20200801, 20200801, 5.0, Klara, /Profile/bananablossom17, b146e739f9436d9cfc23633f876c0301, /Attraction_Review-g274894-d12168983-Reviews-Tomb_of_the_Roman_Soldier-Heviz_Zala_County_Western_Transdanubia.html
Tomb of the Roman Soldier, None, None, Ancient Ruins & Points of Interest & Landmarks & Ancient Ruins & Points of Interest & Landmarks, Europe & Hungary & Western Transdanubia & Zala County & Heviz & Things to Do in Heviz, 3.5, 46.80378, 17.190065, 695296875, 20190801, 20190801, 2.0, IvoCools, /Profile/IvoCools, 915cd71962d69cec49daa57422d700e6, /Attraction_Review-g274894-d12168983-Reviews-Tomb_of_the_Roman_Soldier-Heviz_Zala_County_Western_Transdanubia.html
Tomb of the Roman Soldier, None, None, Ancient Ruins & Points of Interest & Landmarks & Ancient Ruins & Points of Interest & Landmarks, Europe & Hungary & Western Transdanubia & Zala County & Heviz & Things to Do in Heviz, 3.5, 46.80378, 17.190065, 612772252, 20180801, 20180801, 5.0, Alex S, /Profile/AlexSmirnoff80, 4054758eb2c9b3ac4045e4beca7f90bf, /Attraction_Review-g274894-d12168983-Reviews-Tomb_of_the_Roman_Soldier-Heviz_Zala_County_Western_Transdanubia.html
Tomb of the Roman Soldier, None, None, Ancient Ruins & Points of Interest & Landmarks & Ancient Ruins & Points of Interest & Landmarks, Europe & Hungary & Western Transdanubia & Zala County & Heviz & Things to Do in Heviz, 3.5, 46.80378, 17.190065, 461268687, 20170201, 20170201, 4.0, stinkwink, /Profile/stinkwink, 32d1d2863a8787ea4e58041a654c334c, /Attraction_Review-g274894-d12168983-Reviews-Tomb_of_the_Roman_Soldier-Heviz_Zala_County_Western_Transdanubia.html
