review_location_name, review_current_page, review_last_page, review_location_type, review_location_breadcrumbs, review_location_rate, location_lat, location_lng, review_id, review_date, review_experience_date, review_rate, user_name, user_link, user_id, parent_url
St. Stephen Stalactite Cave, 2, 3, Caverns & Caves & Caverns & Caves, Europe & Hungary & Northern Hungary & Borsod-Abauj-Zemplen County & Lillafured & Things to Do in Lillafured, 4.5, 48.099728, 20.621397, 632677415, 20181101, 20181101, 4.0, 25ervinr, /Profile/25ervinr, 9deed02a42b109fdc1704aaf82caf7a6, /Attraction_Review-g1077251-d8631304-Reviews-St_Stephen_Stalactite_Cave-Lillafured_Borsod_Abauj_Zemplen_County_Northern_Hunga.html
St. Stephen Stalactite Cave, 2, 3, Caverns & Caves & Caverns & Caves, Europe & Hungary & Northern Hungary & Borsod-Abauj-Zemplen County & Lillafured & Things to Do in Lillafured, 4.5, 48.099728, 20.621397, 488246390, 20170501, 20170401, 4.0, Gergely S, /Profile/641gergelys, 161c9065e9512db4a374019deb37e6ae, /Attraction_Review-g1077251-d8631304-Reviews-St_Stephen_Stalactite_Cave-Lillafured_Borsod_Abauj_Zemplen_County_Northern_Hunga.html
St. Stephen Stalactite Cave, 2, 3, Caverns & Caves & Caverns & Caves, Europe & Hungary & Northern Hungary & Borsod-Abauj-Zemplen County & Lillafured & Things to Do in Lillafured, 4.5, 48.099728, 20.621397, 472300388, 20170401, 20170401, 5.0, prdubi, /Profile/prdubi, 32f361366a058a743996426f1e0c810d, /Attraction_Review-g1077251-d8631304-Reviews-St_Stephen_Stalactite_Cave-Lillafured_Borsod_Abauj_Zemplen_County_Northern_Hunga.html
St. Stephen Stalactite Cave, 2, 3, Caverns & Caves & Caverns & Caves, Europe & Hungary & Northern Hungary & Borsod-Abauj-Zemplen County & Lillafured & Things to Do in Lillafured, 4.5, 48.099728, 20.621397, 406868971, 20160801, 20160801, 5.0, Péter S, /Profile/85p_ters, 071a84b3ba8ede6dfa7be066fee3572b, /Attraction_Review-g1077251-d8631304-Reviews-St_Stephen_Stalactite_Cave-Lillafured_Borsod_Abauj_Zemplen_County_Northern_Hunga.html
St. Stephen Stalactite Cave, 2, 3, Caverns & Caves & Caverns & Caves, Europe & Hungary & Northern Hungary & Borsod-Abauj-Zemplen County & Lillafured & Things to Do in Lillafured, 4.5, 48.099728, 20.621397, 382427671, 20160601, 20160601, 5.0, Teresa C, /Profile/TeresaC284, 26e8778e4088a7fe9da04426fde9d2a7, /Attraction_Review-g1077251-d8631304-Reviews-St_Stephen_Stalactite_Cave-Lillafured_Borsod_Abauj_Zemplen_County_Northern_Hunga.html
