review_location_name, review_current_page, review_last_page, review_location_type, review_location_breadcrumbs, review_location_rate, location_lat, location_lng, review_id, review_date, review_experience_date, review_rate, user_name, user_link, user_id, parent_url
Main Square (Fo tér), 9, 49, Points of Interest & Landmarks & Points of Interest & Landmarks, Europe & Hungary & Central Hungary & Pest County & Szentendre & Things to Do in Szentendre, 4.0, 47.6676, 19.076344, 593500941, 20180701, 20180601, 5.0, _DianaPrince_1001, /Profile/_DianaPrince_1001, 4925233c177e65b3fcb30f681e889215, /Attraction_Review-g274914-d276835-Reviews-Main_Square_Fo_ter-Szentendre_Pest_County_Central_Hungary.html
Main Square (Fo tér), 9, 49, Points of Interest & Landmarks & Points of Interest & Landmarks, Europe & Hungary & Central Hungary & Pest County & Szentendre & Things to Do in Szentendre, 4.0, 47.6676, 19.076344, 591710517, 20180601, 20180601, 5.0, Deanne D, /Profile/Weetbix7, 60333d7485d704ad129cefc762f7c853, /Attraction_Review-g274914-d276835-Reviews-Main_Square_Fo_ter-Szentendre_Pest_County_Central_Hungary.html
Main Square (Fo tér), 9, 49, Points of Interest & Landmarks & Points of Interest & Landmarks, Europe & Hungary & Central Hungary & Pest County & Szentendre & Things to Do in Szentendre, 4.0, 47.6676, 19.076344, 589861762, 20180601, 20180601, 5.0, Gary H, /Profile/S5471CZgaryh, 686bf34df0ea838c7784de174a196480, /Attraction_Review-g274914-d276835-Reviews-Main_Square_Fo_ter-Szentendre_Pest_County_Central_Hungary.html
Main Square (Fo tér), 9, 49, Points of Interest & Landmarks & Points of Interest & Landmarks, Europe & Hungary & Central Hungary & Pest County & Szentendre & Things to Do in Szentendre, 4.0, 47.6676, 19.076344, 587455769, 20180601, 20180501, 4.0, Lisa S, /Profile/48lisas48, c8e084c3cf6dc1a31ff85ce21edf8e9a, /Attraction_Review-g274914-d276835-Reviews-Main_Square_Fo_ter-Szentendre_Pest_County_Central_Hungary.html
Main Square (Fo tér), 9, 49, Points of Interest & Landmarks & Points of Interest & Landmarks, Europe & Hungary & Central Hungary & Pest County & Szentendre & Things to Do in Szentendre, 4.0, 47.6676, 19.076344, 585833623, 20180601, 20180601, 5.0, Peter_wiwi, /Profile/Peter_wiwi, 8bf755e29279c16af5a1289330222241, /Attraction_Review-g274914-d276835-Reviews-Main_Square_Fo_ter-Szentendre_Pest_County_Central_Hungary.html
