review_location_name, review_current_page, review_last_page, review_location_type, review_location_breadcrumbs, review_location_rate, location_lat, location_lng, review_id, review_date, review_experience_date, review_rate, user_name, user_link, user_id, parent_url
Budapest Eye, 11, 72, Lookouts & Lookouts, Europe & Hungary & Central Hungary & Budapest & Things to Do in Budapest, 4.0, 47.498257, 19.052116, 729793445, 20191101, 20191101, 5.0, Ondra Kozúbek, /Profile/ondrakozubek, f87436a085093b4ac0eca9170f4a03b0, /Attraction_Review-g274887-d12571866-Reviews-Budapest_Eye-Budapest_Central_Hungary.html
Budapest Eye, 11, 72, Lookouts & Lookouts, Europe & Hungary & Central Hungary & Budapest & Things to Do in Budapest, 4.0, 47.498257, 19.052116, 729665551, 20191101, 20191101, 4.0, Bob B, /Profile/bobbC7658IF, 4d2df19eca1cd461deaa1f94dd1e4e8a, /Attraction_Review-g274887-d12571866-Reviews-Budapest_Eye-Budapest_Central_Hungary.html
Budapest Eye, 11, 72, Lookouts & Lookouts, Europe & Hungary & Central Hungary & Budapest & Things to Do in Budapest, 4.0, 47.498257, 19.052116, 729571119, 20191101, 20191101, 3.0, ouma66, /Profile/ouma66, 07fd60e69831b6ec533e4a9583f3a482, /Attraction_Review-g274887-d12571866-Reviews-Budapest_Eye-Budapest_Central_Hungary.html
Budapest Eye, 11, 72, Lookouts & Lookouts, Europe & Hungary & Central Hungary & Budapest & Things to Do in Budapest, 4.0, 47.498257, 19.052116, 728434997, 20191101, 20191101, 4.0, Howlo, /Profile/Howlo, 637392d7a96dbe38d4cd9101276117fe, /Attraction_Review-g274887-d12571866-Reviews-Budapest_Eye-Budapest_Central_Hungary.html
Budapest Eye, 11, 72, Lookouts & Lookouts, Europe & Hungary & Central Hungary & Budapest & Things to Do in Budapest, 4.0, 47.498257, 19.052116, 727789995, 20191101, 20191101, 4.0, Patz86, /Profile/Patz86, 94dd9becd3a02d1e06b6fd781e33e15b, /Attraction_Review-g274887-d12571866-Reviews-Budapest_Eye-Budapest_Central_Hungary.html
