review_location_name, review_current_page, review_last_page, review_location_type, review_location_breadcrumbs, review_location_rate, location_lat, location_lng, review_id, review_date, review_experience_date, review_rate, user_name, user_link, user_id, parent_url
Vajdahunyad Castle (Vajdahunyadvar), 12, 185, Architectural Buildings & Castles & Architectural Buildings & Castles, Europe & Hungary & Central Hungary & Budapest & Things to Do in Budapest, 4.5, 47.51674, 19.082123, 716260601, 20191001, 20190901, 4.0, Manfred B, /Profile/356manfredb, b66ba859e1c51f446ac514b212b33716, /Attraction_Review-g274887-d277831-Reviews-Vajdahunyad_Castle_Vajdahunyadvar-Budapest_Central_Hungary.html
Vajdahunyad Castle (Vajdahunyadvar), 12, 185, Architectural Buildings & Castles & Architectural Buildings & Castles, Europe & Hungary & Central Hungary & Budapest & Things to Do in Budapest, 4.5, 47.51674, 19.082123, 716233792, 20191001, 20190901, 4.0, Salma Ali, /Profile/salmaali86, 9631d3df1a0b202a4ac021b01a5f9988, /Attraction_Review-g274887-d277831-Reviews-Vajdahunyad_Castle_Vajdahunyadvar-Budapest_Central_Hungary.html
Vajdahunyad Castle (Vajdahunyadvar), 12, 185, Architectural Buildings & Castles & Architectural Buildings & Castles, Europe & Hungary & Central Hungary & Budapest & Things to Do in Budapest, 4.5, 47.51674, 19.082123, 715951474, 20191001, 20190601, 5.0, Seniortraveller51, /Profile/Seniortraveller51, 5f1aeb98bacea3862c49059c1393b341, /Attraction_Review-g274887-d277831-Reviews-Vajdahunyad_Castle_Vajdahunyadvar-Budapest_Central_Hungary.html
Vajdahunyad Castle (Vajdahunyadvar), 12, 185, Architectural Buildings & Castles & Architectural Buildings & Castles, Europe & Hungary & Central Hungary & Budapest & Things to Do in Budapest, 4.5, 47.51674, 19.082123, 715805252, 20191001, 20191001, 5.0, Yael R, /Profile/170yaelr, 91a346962be71d2365a3b415a5f9e66d, /Attraction_Review-g274887-d277831-Reviews-Vajdahunyad_Castle_Vajdahunyadvar-Budapest_Central_Hungary.html
Vajdahunyad Castle (Vajdahunyadvar), 12, 185, Architectural Buildings & Castles & Architectural Buildings & Castles, Europe & Hungary & Central Hungary & Budapest & Things to Do in Budapest, 4.5, 47.51674, 19.082123, 715802172, 20191001, 20190801, 2.0, Gabe of Reno, /Profile/RenoNV123, 4662da4e0442140761b2ef775bedc0a0, /Attraction_Review-g274887-d277831-Reviews-Vajdahunyad_Castle_Vajdahunyadvar-Budapest_Central_Hungary.html
