review_location_name, review_current_page, review_last_page, review_location_type, review_location_breadcrumbs, review_location_rate, location_lat, location_lng, review_id, review_date, review_experience_date, review_rate, user_name, user_link, user_id, parent_url
Buda Hill Funicular, 74, 189, Tramways & Tramways, Europe & Hungary & Central Hungary & Budapest & Things to Do in Budapest, 3.5, 47.49796, 19.040224, 492750300, 20170601, 20170601, 4.0, Carolyn M, /Profile/X9180FUcarolynm, 347616ecace285ea3c08c094afb2bc46, /Attraction_Review-g274887-d546225-Reviews-Buda_Hill_Funicular-Budapest_Central_Hungary.html
Buda Hill Funicular, 74, 189, Tramways & Tramways, Europe & Hungary & Central Hungary & Budapest & Things to Do in Budapest, 3.5, 47.49796, 19.040224, 492542102, 20170601, 20170201, 5.0, kelly b, /Profile/kellyb741, d9cdafe6772379e9db248c758e0aaccf, /Attraction_Review-g274887-d546225-Reviews-Buda_Hill_Funicular-Budapest_Central_Hungary.html
Buda Hill Funicular, 74, 189, Tramways & Tramways, Europe & Hungary & Central Hungary & Budapest & Things to Do in Budapest, 3.5, 47.49796, 19.040224, 492178389, 20170601, 20170601, 5.0, Volpetervo, /Profile/Volpetervo, b5a4c3dc4f3fd74d4fd84971d0f6b124, /Attraction_Review-g274887-d546225-Reviews-Buda_Hill_Funicular-Budapest_Central_Hungary.html
Buda Hill Funicular, 74, 189, Tramways & Tramways, Europe & Hungary & Central Hungary & Budapest & Things to Do in Budapest, 3.5, 47.49796, 19.040224, 491672533, 20170601, 20170601, 4.0, senseiofsilly, /Profile/senseiofsilly, 0d13a0e2e05036967d29787734c6e76f, /Attraction_Review-g274887-d546225-Reviews-Buda_Hill_Funicular-Budapest_Central_Hungary.html
Buda Hill Funicular, 74, 189, Tramways & Tramways, Europe & Hungary & Central Hungary & Budapest & Things to Do in Budapest, 3.5, 47.49796, 19.040224, 491622979, 20170601, 20170501, 4.0, BorntocruiseUK, /Profile/BorntocruiseUK, 04d985b9b4c78b343f1d333258318b93, /Attraction_Review-g274887-d546225-Reviews-Buda_Hill_Funicular-Budapest_Central_Hungary.html
