review_location_name, review_current_page, review_last_page, review_location_type, review_location_breadcrumbs, review_location_rate, location_lat, location_lng, review_id, review_date, review_experience_date, review_rate, user_name, user_link, user_id, parent_url
Buda Castle, 50, 764, Castles & Castles, Europe & Hungary & Central Hungary & Budapest & Things to Do in Budapest, 4.5, 47.49532, 19.03989, 714011458, 20190901, 20190901, 4.0, derek, /Profile/dereksmith59, 6a7c6bc7c56a9f2f9d814be67d3eff0d, /Attraction_Review-g274887-d276804-Reviews-Buda_Castle-Budapest_Central_Hungary.html
Buda Castle, 50, 764, Castles & Castles, Europe & Hungary & Central Hungary & Budapest & Things to Do in Budapest, 4.5, 47.49532, 19.03989, 713997102, 20190901, 20190901, 5.0, Rebecca GDAE, /Profile/magyarzene, 496d02f044af373c6cb57025c70d89af, /Attraction_Review-g274887-d276804-Reviews-Buda_Castle-Budapest_Central_Hungary.html
Buda Castle, 50, 764, Castles & Castles, Europe & Hungary & Central Hungary & Budapest & Things to Do in Budapest, 4.5, 47.49532, 19.03989, 713989530, 20190901, 20190901, 4.0, Beccy J, /Profile/BexterDarwen, 19380df3e5cca3b92582ce2cb55a00d3, /Attraction_Review-g274887-d276804-Reviews-Buda_Castle-Budapest_Central_Hungary.html
Buda Castle, 50, 764, Castles & Castles, Europe & Hungary & Central Hungary & Budapest & Things to Do in Budapest, 4.5, 47.49532, 19.03989, 713603986, 20190901, 20190901, 4.0, Ian L, /Profile/C3278ZUianl, fd501c26a08a41ce4b060c63a32ec444, /Attraction_Review-g274887-d276804-Reviews-Buda_Castle-Budapest_Central_Hungary.html
Buda Castle, 50, 764, Castles & Castles, Europe & Hungary & Central Hungary & Budapest & Things to Do in Budapest, 4.5, 47.49532, 19.03989, 712830824, 20190901, 20190901, 5.0, Kerry A, /Profile/S8608MVkerrya, 183e7509acecdb53aea87fa93e409dfe, /Attraction_Review-g274887-d276804-Reviews-Buda_Castle-Budapest_Central_Hungary.html
