review_location_name, review_current_page, review_last_page, review_location_type, review_location_breadcrumbs, review_location_rate, location_lat, location_lng, review_id, review_date, review_experience_date, review_rate, user_name, user_link, user_id, parent_url
The Fat Policeman Statue, 1, 30, Points of Interest & Landmarks & Monuments & Statues & Points of Interest & Landmarks & Monuments & Statues, Europe & Hungary & Central Hungary & Budapest & Things to Do in Budapest, 4.0, 47.50046, 19.051003, 769986801, 20200901, 20200201, 4.0, TheShis, /Profile/TheShis, d30b3ab351cbfcb82ac5aec55bf892e5, /Attraction_Review-g274887-d8535203-Reviews-The_Fat_Policeman_Statue-Budapest_Central_Hungary.html
The Fat Policeman Statue, 1, 30, Points of Interest & Landmarks & Monuments & Statues & Points of Interest & Landmarks & Monuments & Statues, Europe & Hungary & Central Hungary & Budapest & Things to Do in Budapest, 4.0, 47.50046, 19.051003, 759436685, 20200701, 20200601, 5.0, Gary H, /Profile/S5471CZgaryh, 686bf34df0ea838c7784de174a196480, /Attraction_Review-g274887-d8535203-Reviews-The_Fat_Policeman_Statue-Budapest_Central_Hungary.html
The Fat Policeman Statue, 1, 30, Points of Interest & Landmarks & Monuments & Statues & Points of Interest & Landmarks & Monuments & Statues, Europe & Hungary & Central Hungary & Budapest & Things to Do in Budapest, 4.0, 47.50046, 19.051003, 751558037, 20200301, 20200301, 3.0, Inma C, /Profile/TuristaPORlaVIDA, 2dcbd54c41b523d8431cd2b8dfa2a09b, /Attraction_Review-g274887-d8535203-Reviews-The_Fat_Policeman_Statue-Budapest_Central_Hungary.html
The Fat Policeman Statue, 1, 30, Points of Interest & Landmarks & Monuments & Statues & Points of Interest & Landmarks & Monuments & Statues, Europe & Hungary & Central Hungary & Budapest & Things to Do in Budapest, 4.0, 47.50046, 19.051003, 749737227, 20200301, 20190501, 3.0, Carol A S, /Profile/carolas936, 1c912a0b6f40d4919b5cc3da9cf8cd8d, /Attraction_Review-g274887-d8535203-Reviews-The_Fat_Policeman_Statue-Budapest_Central_Hungary.html
The Fat Policeman Statue, 1, 30, Points of Interest & Landmarks & Monuments & Statues & Points of Interest & Landmarks & Monuments & Statues, Europe & Hungary & Central Hungary & Budapest & Things to Do in Budapest, 4.0, 47.50046, 19.051003, 745859419, 20200201, 20200201, 5.0, Jason C, /Profile/jasoncW900CH, dda2a5306f614ca6c9d8614e9827607b, /Attraction_Review-g274887-d8535203-Reviews-The_Fat_Policeman_Statue-Budapest_Central_Hungary.html
