review_location_name, review_current_page, review_last_page, review_location_type, review_location_breadcrumbs, review_location_rate, location_lat, location_lng, review_id, review_date, review_experience_date, review_rate, user_name, user_link, user_id, parent_url
Danube River, 319, 1573, Bodies of Water & Bodies of Water, Europe & Hungary & Central Hungary & Budapest & Things to Do in Budapest, 4.5, 47.502583, 19.04263, 610713654, 20180801, 20180501, 5.0, AAHolt, /Profile/AAHolt, 88c107cad9354731271fa194e41c5d97, /Attraction_Review-g274887-d298971-Reviews-Danube_River-Budapest_Central_Hungary.html
Danube River, 319, 1573, Bodies of Water & Bodies of Water, Europe & Hungary & Central Hungary & Budapest & Things to Do in Budapest, 4.5, 47.502583, 19.04263, 610547687, 20180801, 20180801, 5.0, Rhonjam, /Profile/Rhonjam, 85dc426d336f9725c794398f6ad1ecda, /Attraction_Review-g274887-d298971-Reviews-Danube_River-Budapest_Central_Hungary.html
Danube River, 319, 1573, Bodies of Water & Bodies of Water, Europe & Hungary & Central Hungary & Budapest & Things to Do in Budapest, 4.5, 47.502583, 19.04263, 610535569, 20180801, 20180801, 5.0, xannemx, /Profile/xannemx, a8111c512b773a2ce25574bbbda752bf, /Attraction_Review-g274887-d298971-Reviews-Danube_River-Budapest_Central_Hungary.html
Danube River, 319, 1573, Bodies of Water & Bodies of Water, Europe & Hungary & Central Hungary & Budapest & Things to Do in Budapest, 4.5, 47.502583, 19.04263, 610443954, 20180801, 20180801, 4.0, Pratik G, /Profile/498pratikg, d412e702f08f5518edc223307da30e0d, /Attraction_Review-g274887-d298971-Reviews-Danube_River-Budapest_Central_Hungary.html
Danube River, 319, 1573, Bodies of Water & Bodies of Water, Europe & Hungary & Central Hungary & Budapest & Things to Do in Budapest, 4.5, 47.502583, 19.04263, 610307724, 20180801, 20180801, 5.0, Ianpearce82, /Profile/Ianpearce82, 0cad10c4773f1eacaf3f977ca2eaff24, /Attraction_Review-g274887-d298971-Reviews-Danube_River-Budapest_Central_Hungary.html
