review_location_name, review_current_page, review_last_page, review_location_type, review_location_breadcrumbs, review_location_rate, location_lat, location_lng, review_id, review_date, review_experience_date, review_rate, user_name, user_link, user_id, parent_url
Andrassy Avenue, 32, 154, Points of Interest & Landmarks & Historic Walking Areas & Points of Interest & Landmarks & Historic Walking Areas, Europe & Hungary & Central Hungary & Budapest & Things to Do in Budapest, 4.0, 47.50016, 19.05561, 523071527, 20170901, 20170901, 5.0, Jan s, /Profile/justjans, 8681f191bf9848daca0666c6faab745d, /Attraction_Review-g274887-d280730-Reviews-Andrassy_Avenue-Budapest_Central_Hungary.html
Andrassy Avenue, 32, 154, Points of Interest & Landmarks & Historic Walking Areas & Points of Interest & Landmarks & Historic Walking Areas, Europe & Hungary & Central Hungary & Budapest & Things to Do in Budapest, 4.0, 47.50016, 19.05561, 520833624, 20170901, 20170801, 5.0, Stacey V, /Profile/272staceyv, a3d509a7b7175a6f90a35fcc4b9a0c9b, /Attraction_Review-g274887-d280730-Reviews-Andrassy_Avenue-Budapest_Central_Hungary.html
Andrassy Avenue, 32, 154, Points of Interest & Landmarks & Historic Walking Areas & Points of Interest & Landmarks & Historic Walking Areas, Europe & Hungary & Central Hungary & Budapest & Things to Do in Budapest, 4.0, 47.50016, 19.05561, 520614901, 20170901, 20170501, 5.0, mcrhon, /Profile/mcrhon, aef555622f6fba08dd2a831b20506488, /Attraction_Review-g274887-d280730-Reviews-Andrassy_Avenue-Budapest_Central_Hungary.html
Andrassy Avenue, 32, 154, Points of Interest & Landmarks & Historic Walking Areas & Points of Interest & Landmarks & Historic Walking Areas, Europe & Hungary & Central Hungary & Budapest & Things to Do in Budapest, 4.0, 47.50016, 19.05561, 520564714, 20170901, 20170801, 4.0, Yasmin0110, /Profile/Yasmin0110, 2c4fcfc17ba8394f59ab982881ddb634, /Attraction_Review-g274887-d280730-Reviews-Andrassy_Avenue-Budapest_Central_Hungary.html
Andrassy Avenue, 32, 154, Points of Interest & Landmarks & Historic Walking Areas & Points of Interest & Landmarks & Historic Walking Areas, Europe & Hungary & Central Hungary & Budapest & Things to Do in Budapest, 4.0, 47.50016, 19.05561, 520290279, 20170901, 20170701, 4.0, Maria S, /Profile/239MariaS, ffa28ab94654a69568bd213adde3ead4, /Attraction_Review-g274887-d280730-Reviews-Andrassy_Avenue-Budapest_Central_Hungary.html
