review_location_name, review_current_page, review_last_page, review_location_type, review_location_breadcrumbs, review_location_rate, location_lat, location_lng, review_id, review_date, review_experience_date, review_rate, user_name, user_link, user_id, parent_url
House of Terror Museum, 182, 1299, Specialty Museums & Specialty Museums, Europe & Hungary & Central Hungary & Budapest & Things to Do in Budapest, 4.0, 47.506893, 19.065123, 617404444, 20180901, 20180901, 3.0, Renée R, /Profile/N4859GNren_er, 20a15789d562b00a09eccf80ff355e20, /Attraction_Review-g274887-d325279-Reviews-House_of_Terror_Museum-Budapest_Central_Hungary.html
House of Terror Museum, 182, 1299, Specialty Museums & Specialty Museums, Europe & Hungary & Central Hungary & Budapest & Things to Do in Budapest, 4.0, 47.506893, 19.065123, 617174401, 20180901, 20180901, 5.0, paultpwalsh, /Profile/paultpwalsh, e975747004e52a3810a29a7b0dc403df, /Attraction_Review-g274887-d325279-Reviews-House_of_Terror_Museum-Budapest_Central_Hungary.html
House of Terror Museum, 182, 1299, Specialty Museums & Specialty Museums, Europe & Hungary & Central Hungary & Budapest & Things to Do in Budapest, 4.0, 47.506893, 19.065123, 617097296, 20180901, 20180701, 5.0, Jessica C, /Profile/jessicacD3062LB, 5679b35714cdf9025f0951532935a256, /Attraction_Review-g274887-d325279-Reviews-House_of_Terror_Museum-Budapest_Central_Hungary.html
House of Terror Museum, 182, 1299, Specialty Museums & Specialty Museums, Europe & Hungary & Central Hungary & Budapest & Things to Do in Budapest, 4.0, 47.506893, 19.065123, 617002043, 20180901, 20180901, 3.0, Heidi S, /Profile/HeidiS310, b90c72b61c5c1ebf866b5974a4c9cf91, /Attraction_Review-g274887-d325279-Reviews-House_of_Terror_Museum-Budapest_Central_Hungary.html
House of Terror Museum, 182, 1299, Specialty Museums & Specialty Museums, Europe & Hungary & Central Hungary & Budapest & Things to Do in Budapest, 4.0, 47.506893, 19.065123, 616892716, 20180901, 20180901, 4.0, nigel b, /Profile/nigelb337, c3dbc2d390fd15f9638d0ed9fb2270a9, /Attraction_Review-g274887-d325279-Reviews-House_of_Terror_Museum-Budapest_Central_Hungary.html
