review_location_name, review_current_page, review_last_page, review_location_type, review_location_breadcrumbs, review_location_rate, location_lat, location_lng, review_id, review_date, review_experience_date, review_rate, user_name, user_link, user_id, parent_url
Torok Kori Minaret, 16, 17, Points of Interest & Landmarks & Points of Interest & Landmarks, Europe & Hungary & Northern Hungary & Heves County & Eger & Things to Do in Eger, 4.0, 47.90474, 20.37613, 176755451, 20130901, 20130801, 5.0, ettelbruck, /Profile/ettelbruck, 4a00a0fa6018f23e0ac8d5546763b175, /Attraction_Review-g274891-d2271822-Reviews-Torok_Kori_Minaret-Eger_Heves_County_Northern_Hungary.html
Torok Kori Minaret, 16, 17, Points of Interest & Landmarks & Points of Interest & Landmarks, Europe & Hungary & Northern Hungary & Heves County & Eger & Things to Do in Eger, 4.0, 47.90474, 20.37613, 168157034, 20130701, 20130601, 5.0, redskifreak, /Profile/redskifreak, 3f74d17b951946537296a38dffa06a30, /Attraction_Review-g274891-d2271822-Reviews-Torok_Kori_Minaret-Eger_Heves_County_Northern_Hungary.html
Torok Kori Minaret, 16, 17, Points of Interest & Landmarks & Points of Interest & Landmarks, Europe & Hungary & Northern Hungary & Heves County & Eger & Things to Do in Eger, 4.0, 47.90474, 20.37613, 160477807, 20130501, 20130501, 4.0, Litesp33d, /Profile/Litesp33d, b8da33a34b747463022073d4fc0bbc9c, /Attraction_Review-g274891-d2271822-Reviews-Torok_Kori_Minaret-Eger_Heves_County_Northern_Hungary.html
Torok Kori Minaret, 16, 17, Points of Interest & Landmarks & Points of Interest & Landmarks, Europe & Hungary & Northern Hungary & Heves County & Eger & Things to Do in Eger, 4.0, 47.90474, 20.37613, 159778473, 20130501, 20130401, 3.0, Ola K, /Profile/OlaK603, fbbc8aef0f22bd7be8a9debff79080f1, /Attraction_Review-g274891-d2271822-Reviews-Torok_Kori_Minaret-Eger_Heves_County_Northern_Hungary.html
Torok Kori Minaret, 16, 17, Points of Interest & Landmarks & Points of Interest & Landmarks, Europe & Hungary & Northern Hungary & Heves County & Eger & Things to Do in Eger, 4.0, 47.90474, 20.37613, 158469657, 20130401, 20130401, 5.0, cgtripp, /Profile/cgtripp, e1a074a8d8a3059b058e12fff78e8ebb, /Attraction_Review-g274891-d2271822-Reviews-Torok_Kori_Minaret-Eger_Heves_County_Northern_Hungary.html
