review_location_name, review_current_page, review_last_page, review_location_type, review_location_breadcrumbs, review_location_rate, location_lat, location_lng, review_id, review_date, review_experience_date, review_rate, user_name, user_link, user_id, parent_url
Memento Park, 23, 152, Specialty Museums & Specialty Museums, Europe & Hungary & Central Hungary & Budapest & Things to Do in Budapest, 4.0, 47.426434, 18.999565, 556553300, 20180101, 20180101, 4.0, Katrien S, /Profile/KatrienS955, 5cbc391d84aaa164ee14441e6b4ba82b, /Attraction_Review-g274887-d276834-Reviews-Memento_Park-Budapest_Central_Hungary.html
Memento Park, 23, 152, Specialty Museums & Specialty Museums, Europe & Hungary & Central Hungary & Budapest & Things to Do in Budapest, 4.0, 47.426434, 18.999565, 555278558, 20180101, 20171101, 3.0, savvytravelerCal, /Profile/savvytravelerCal, a7f41204ceeaee856d29cea4ed761c34, /Attraction_Review-g274887-d276834-Reviews-Memento_Park-Budapest_Central_Hungary.html
Memento Park, 23, 152, Specialty Museums & Specialty Museums, Europe & Hungary & Central Hungary & Budapest & Things to Do in Budapest, 4.0, 47.426434, 18.999565, 555243971, 20180101, 20171201, 3.0, shoegalkmf, /Profile/shoegalkmf, ca78cd4170ecc1fbb9ee502c0c2d8607, /Attraction_Review-g274887-d276834-Reviews-Memento_Park-Budapest_Central_Hungary.html
Memento Park, 23, 152, Specialty Museums & Specialty Museums, Europe & Hungary & Central Hungary & Budapest & Things to Do in Budapest, 4.0, 47.426434, 18.999565, 554256669, 20180101, 20180101, 3.0, Scott H, /Profile/scotth7581, 3d3df3cb6c654f5dd7cbc8cd7a1f4515, /Attraction_Review-g274887-d276834-Reviews-Memento_Park-Budapest_Central_Hungary.html
Memento Park, 23, 152, Specialty Museums & Specialty Museums, Europe & Hungary & Central Hungary & Budapest & Things to Do in Budapest, 4.0, 47.426434, 18.999565, 551666285, 20180101, 20180101, 5.0, BrianFromStepps, /Profile/BrianFromStepps, 08c2b326f53a4b79033df5c00b232d97, /Attraction_Review-g274887-d276834-Reviews-Memento_Park-Budapest_Central_Hungary.html
