review_location_name, review_current_page, review_last_page, review_location_type, review_location_breadcrumbs, review_location_rate, location_lat, location_lng, review_id, review_date, review_experience_date, review_rate, user_name, user_link, user_id, parent_url
Buda Hill Funicular, 6, 189, Tramways & Tramways, Europe & Hungary & Central Hungary & Budapest & Things to Do in Budapest, 3.5, 47.49796, 19.040224, 735367576, 20191201, 20191201, 4.0, Ogi0, /Profile/Ogi0, f56f27ba51d4756f2433f431f86a123f, /Attraction_Review-g274887-d546225-Reviews-Buda_Hill_Funicular-Budapest_Central_Hungary.html
Buda Hill Funicular, 6, 189, Tramways & Tramways, Europe & Hungary & Central Hungary & Budapest & Things to Do in Budapest, 3.5, 47.49796, 19.040224, 734684290, 20191201, 20191201, 5.0, Leah C, /Profile/leahcolxo, 51a509424bae7d3d80e5f82fba2f9649, /Attraction_Review-g274887-d546225-Reviews-Buda_Hill_Funicular-Budapest_Central_Hungary.html
Buda Hill Funicular, 6, 189, Tramways & Tramways, Europe & Hungary & Central Hungary & Budapest & Things to Do in Budapest, 3.5, 47.49796, 19.040224, 734499374, 20191201, 20191001, 5.0, Rav V, /Profile/ravvarma, 7f043cedd2000ccbe5b5b0415a333822, /Attraction_Review-g274887-d546225-Reviews-Buda_Hill_Funicular-Budapest_Central_Hungary.html
Buda Hill Funicular, 6, 189, Tramways & Tramways, Europe & Hungary & Central Hungary & Budapest & Things to Do in Budapest, 3.5, 47.49796, 19.040224, 734338303, 20191201, 20191201, 4.0, Al Q, /Profile/alq25, c6c285fb06f9c373e9ed8bf5b34f9bbb, /Attraction_Review-g274887-d546225-Reviews-Buda_Hill_Funicular-Budapest_Central_Hungary.html
Buda Hill Funicular, 6, 189, Tramways & Tramways, Europe & Hungary & Central Hungary & Budapest & Things to Do in Budapest, 3.5, 47.49796, 19.040224, 733593749, 20191201, 20191201, 4.0, trooper198, /Profile/trooper198, dee1f377ce60df2971beb1be53b561a4, /Attraction_Review-g274887-d546225-Reviews-Buda_Hill_Funicular-Budapest_Central_Hungary.html
