review_location_name, review_current_page, review_last_page, review_location_type, review_location_breadcrumbs, review_location_rate, location_lat, location_lng, review_id, review_date, review_experience_date, review_rate, user_name, user_link, user_id, parent_url
Danube River, 295, 1573, Bodies of Water & Bodies of Water, Europe & Hungary & Central Hungary & Budapest & Things to Do in Budapest, 4.5, 47.502583, 19.04263, 617727605, 20180901, 20180901, 4.0, katy k, /Profile/886katyok, 2cb5c1b0e08285ed3435408688655905, /Attraction_Review-g274887-d298971-Reviews-Danube_River-Budapest_Central_Hungary.html
Danube River, 295, 1573, Bodies of Water & Bodies of Water, Europe & Hungary & Central Hungary & Budapest & Things to Do in Budapest, 4.5, 47.502583, 19.04263, 617725727, 20180901, 20180801, 5.0, Buck W, /Profile/BuckW921, 0092beb0b759f1faa5bc74961a271f62, /Attraction_Review-g274887-d298971-Reviews-Danube_River-Budapest_Central_Hungary.html
Danube River, 295, 1573, Bodies of Water & Bodies of Water, Europe & Hungary & Central Hungary & Budapest & Things to Do in Budapest, 4.5, 47.502583, 19.04263, 617707510, 20180901, 20180901, 5.0, Peter G, /Profile/N6174KNpeterg, 1d11af4f464d5863c85b3d2ddd209c01, /Attraction_Review-g274887-d298971-Reviews-Danube_River-Budapest_Central_Hungary.html
Danube River, 295, 1573, Bodies of Water & Bodies of Water, Europe & Hungary & Central Hungary & Budapest & Things to Do in Budapest, 4.5, 47.502583, 19.04263, 617673060, 20180901, 20180901, 4.0, Charles, /Profile/redbud25104, ab9f732e4cc61f660d7caf5b1c44d0e1, /Attraction_Review-g274887-d298971-Reviews-Danube_River-Budapest_Central_Hungary.html
Danube River, 295, 1573, Bodies of Water & Bodies of Water, Europe & Hungary & Central Hungary & Budapest & Things to Do in Budapest, 4.5, 47.502583, 19.04263, 617617406, 20180901, 20180901, 5.0, ghazalefb, /Profile/ghazalefb, 1f5bd96d6b472bcb01177dd4b1354c3b, /Attraction_Review-g274887-d298971-Reviews-Danube_River-Budapest_Central_Hungary.html
