review_location_name, review_current_page, review_last_page, review_location_type, review_location_breadcrumbs, review_location_rate, location_lat, location_lng, review_id, review_date, review_experience_date, review_rate, user_name, user_link, user_id, parent_url
Zoo Sosto, 23, 29, Zoos & Zoos, Europe & Hungary & Northern Great Plain & Szabolcs-Szatmar-Bereg County & Nyiregyhaza & Things to Do in Nyiregyhaza, 5.0, 47.97237, 21.71622, 239499034, 20141101, 20140501, 5.0, Ovi B, /Profile/ovib2013, d787641a4718cc67bc012aae14dcef07, /Attraction_Review-g754057-d2537012-Reviews-Zoo_Sosto-Nyiregyhaza_Szabolcs_Szatmar_Bereg_County_Northern_Great_Plain.html
Zoo Sosto, 23, 29, Zoos & Zoos, Europe & Hungary & Northern Great Plain & Szabolcs-Szatmar-Bereg County & Nyiregyhaza & Things to Do in Nyiregyhaza, 5.0, 47.97237, 21.71622, 237156732, 20141001, 20141001, 5.0, buzass, /Profile/buzass, e2f0346d2f91e109cc17fbd1cfd70e9d, /Attraction_Review-g754057-d2537012-Reviews-Zoo_Sosto-Nyiregyhaza_Szabolcs_Szatmar_Bereg_County_Northern_Great_Plain.html
Zoo Sosto, 23, 29, Zoos & Zoos, Europe & Hungary & Northern Great Plain & Szabolcs-Szatmar-Bereg County & Nyiregyhaza & Things to Do in Nyiregyhaza, 5.0, 47.97237, 21.71622, 234669706, 20141001, 20140701, 5.0, kcpeppe, /Profile/kcpeppe, 3ce7e4c41ed170578c4e62d0f75d53b5, /Attraction_Review-g754057-d2537012-Reviews-Zoo_Sosto-Nyiregyhaza_Szabolcs_Szatmar_Bereg_County_Northern_Great_Plain.html
Zoo Sosto, 23, 29, Zoos & Zoos, Europe & Hungary & Northern Great Plain & Szabolcs-Szatmar-Bereg County & Nyiregyhaza & Things to Do in Nyiregyhaza, 5.0, 47.97237, 21.71622, 229001150, 20140901, 20140901, 4.0, Marian M, /Profile/283MarianM, ec883949add281be79fae3e6f0272d08, /Attraction_Review-g754057-d2537012-Reviews-Zoo_Sosto-Nyiregyhaza_Szabolcs_Szatmar_Bereg_County_Northern_Great_Plain.html
Zoo Sosto, 23, 29, Zoos & Zoos, Europe & Hungary & Northern Great Plain & Szabolcs-Szatmar-Bereg County & Nyiregyhaza & Things to Do in Nyiregyhaza, 5.0, 47.97237, 21.71622, 224892071, 20140801, 20131201, 5.0, remaron98, /Profile/remaron98, f5949cf94d254e35bbda1d8eb13b7c46, /Attraction_Review-g754057-d2537012-Reviews-Zoo_Sosto-Nyiregyhaza_Szabolcs_Szatmar_Bereg_County_Northern_Great_Plain.html
