review_location_name, review_current_page, review_last_page, review_location_type, review_location_breadcrumbs, review_location_rate, location_lat, location_lng, review_id, review_date, review_experience_date, review_rate, user_name, user_link, user_id, parent_url
Szimpla Sunday Farmers' Market, 9, 36, Flea & Street Markets & Farmers Markets & Flea & Street Markets & Farmers Markets, Europe & Hungary & Central Hungary & Budapest & Things to Do in Budapest, 4.5, 47.496925, 19.063896, 596569335, 20180701, 20180701, 5.0, Sharie F, /Profile/150sharief, 2a862a34f4b4dc0b6c727c3673a975a6, /Attraction_Review-g274887-d3560261-Reviews-Szimpla_Sunday_Farmers_Market-Budapest_Central_Hungary.html
Szimpla Sunday Farmers' Market, 9, 36, Flea & Street Markets & Farmers Markets & Flea & Street Markets & Farmers Markets, Europe & Hungary & Central Hungary & Budapest & Things to Do in Budapest, 4.5, 47.496925, 19.063896, 595201377, 20180701, 20180701, 4.0, Łukasz W, /Profile/Venture799004, d1f5f55c166257a8551b4cc4701fd37d, /Attraction_Review-g274887-d3560261-Reviews-Szimpla_Sunday_Farmers_Market-Budapest_Central_Hungary.html
Szimpla Sunday Farmers' Market, 9, 36, Flea & Street Markets & Farmers Markets & Flea & Street Markets & Farmers Markets, Europe & Hungary & Central Hungary & Budapest & Things to Do in Budapest, 4.5, 47.496925, 19.063896, 595113312, 20180701, 20180601, 5.0, anthonywardiii, /Profile/anthonywardiii, 237b8633807002d1ee8a8a863e739db2, /Attraction_Review-g274887-d3560261-Reviews-Szimpla_Sunday_Farmers_Market-Budapest_Central_Hungary.html
Szimpla Sunday Farmers' Market, 9, 36, Flea & Street Markets & Farmers Markets & Flea & Street Markets & Farmers Markets, Europe & Hungary & Central Hungary & Budapest & Things to Do in Budapest, 4.5, 47.496925, 19.063896, 594756555, 20180701, 20180701, 4.0, Alia B, /Profile/409aliab, b34f710cf241240c24eb3513523c1c43, /Attraction_Review-g274887-d3560261-Reviews-Szimpla_Sunday_Farmers_Market-Budapest_Central_Hungary.html
Szimpla Sunday Farmers' Market, 9, 36, Flea & Street Markets & Farmers Markets & Flea & Street Markets & Farmers Markets, Europe & Hungary & Central Hungary & Budapest & Things to Do in Budapest, 4.5, 47.496925, 19.063896, 593268873, 20180701, 20180601, 3.0, Senioronabudget, /Profile/Senioronabudget, 04455be5c30509b06df3b53b6f0f09be, /Attraction_Review-g274887-d3560261-Reviews-Szimpla_Sunday_Farmers_Market-Budapest_Central_Hungary.html
