review_location_name, review_current_page, review_last_page, review_location_type, review_location_breadcrumbs, review_location_rate, location_lat, location_lng, review_id, review_date, review_experience_date, review_rate, user_name, user_link, user_id, parent_url
Citadel, 121, 206, Historic Sites & Historic Sites, Europe & Hungary & Central Hungary & Budapest & Things to Do in Budapest, 4.5, 47.4868, 19.04625, 349087642, 20160201, 20151001, 3.0, Skeney57, /Profile/Skeney57, a81e72e7b9ff01d5c298707f5410df7d, /Attraction_Review-g274887-d276867-Reviews-Citadel-Budapest_Central_Hungary.html
Citadel, 121, 206, Historic Sites & Historic Sites, Europe & Hungary & Central Hungary & Budapest & Things to Do in Budapest, 4.5, 47.4868, 19.04625, 348483454, 20160201, 20150801, 5.0, Chelsey D, /Profile/258chelseyd, 42e7fa832b2bb8d0582c97fa8a3ee840, /Attraction_Review-g274887-d276867-Reviews-Citadel-Budapest_Central_Hungary.html
Citadel, 121, 206, Historic Sites & Historic Sites, Europe & Hungary & Central Hungary & Budapest & Things to Do in Budapest, 4.5, 47.4868, 19.04625, 348160476, 20160201, 20160201, 4.0, Padi-Mouse, /Profile/Padi-Mouse, f2acafe957a1b72c8d640456315d7b4a, /Attraction_Review-g274887-d276867-Reviews-Citadel-Budapest_Central_Hungary.html
Citadel, 121, 206, Historic Sites & Historic Sites, Europe & Hungary & Central Hungary & Budapest & Things to Do in Budapest, 4.5, 47.4868, 19.04625, 347916197, 20160201, 20160201, 3.0, SophieMia303, /Profile/SophieMia303, 005b0b541c0b7b510cd00b01f96bebee, /Attraction_Review-g274887-d276867-Reviews-Citadel-Budapest_Central_Hungary.html
Citadel, 121, 206, Historic Sites & Historic Sites, Europe & Hungary & Central Hungary & Budapest & Things to Do in Budapest, 4.5, 47.4868, 19.04625, 347146836, 20160201, 20160201, 4.0, deonne1, /Profile/deonne1, f6dbf5d852de5b3d3fd6d72ac554d558, /Attraction_Review-g274887-d276867-Reviews-Citadel-Budapest_Central_Hungary.html
