review_location_name, review_current_page, review_last_page, review_location_type, review_location_breadcrumbs, review_location_rate, location_lat, location_lng, review_id, review_date, review_experience_date, review_rate, user_name, user_link, user_id, parent_url
Gyor Old Town Area, 8, 28, Points of Interest & Landmarks & Points of Interest & Landmarks, Europe & Hungary & Central Transdanubia & Gyor-Moson-Sopron County & Gyor & Things to Do in Gyor, 4.5, 47.688282, 17.634233, 579121461, 20180501, 20171201, 5.0, Jake_and_Rach, /Profile/Jake_and_Rach, d31390159d4f3e317bd57611444d26b4, /Attraction_Review-g274893-d7099399-Reviews-Gyor_Old_Town_Area-Gyor_Gyor_Moson_Sopron_County_Central_Transdanubia.html
Gyor Old Town Area, 8, 28, Points of Interest & Landmarks & Points of Interest & Landmarks, Europe & Hungary & Central Transdanubia & Gyor-Moson-Sopron County & Gyor & Things to Do in Gyor, 4.5, 47.688282, 17.634233, 577550652, 20180501, 20180401, 5.0, MinicaF63, /Profile/MinicaF63, dd675f00cc1c1f2a2762977c7286f079, /Attraction_Review-g274893-d7099399-Reviews-Gyor_Old_Town_Area-Gyor_Gyor_Moson_Sopron_County_Central_Transdanubia.html
Gyor Old Town Area, 8, 28, Points of Interest & Landmarks & Points of Interest & Landmarks, Europe & Hungary & Central Transdanubia & Gyor-Moson-Sopron County & Gyor & Things to Do in Gyor, 4.5, 47.688282, 17.634233, 575692087, 20180401, 20180401, 5.0, TikiTourer, /Profile/TaurangaTikiTourer, 85a2fafa0646ee8c824f4f1f1565faf1, /Attraction_Review-g274893-d7099399-Reviews-Gyor_Old_Town_Area-Gyor_Gyor_Moson_Sopron_County_Central_Transdanubia.html
Gyor Old Town Area, 8, 28, Points of Interest & Landmarks & Points of Interest & Landmarks, Europe & Hungary & Central Transdanubia & Gyor-Moson-Sopron County & Gyor & Things to Do in Gyor, 4.5, 47.688282, 17.634233, 562189573, 20180201, 20180201, 4.0, toooldforhostelsnow, /Profile/toooldforhostelsnow, 2a794c0bcc730c3002c64e9b92950831, /Attraction_Review-g274893-d7099399-Reviews-Gyor_Old_Town_Area-Gyor_Gyor_Moson_Sopron_County_Central_Transdanubia.html
Gyor Old Town Area, 8, 28, Points of Interest & Landmarks & Points of Interest & Landmarks, Europe & Hungary & Central Transdanubia & Gyor-Moson-Sopron County & Gyor & Things to Do in Gyor, 4.5, 47.688282, 17.634233, 549859060, 20171201, 20171001, 5.0, Michael-4551, /Profile/Michael-4551, 167aafa48a03c0fd0633e34e7b3997bf, /Attraction_Review-g274893-d7099399-Reviews-Gyor_Old_Town_Area-Gyor_Gyor_Moson_Sopron_County_Central_Transdanubia.html
