review_location_name, review_current_page, review_last_page, review_location_type, review_location_breadcrumbs, review_location_rate, location_lat, location_lng, review_id, review_date, review_experience_date, review_rate, user_name, user_link, user_id, parent_url
Attila Jozsef Statue, 6, 11, Monuments & Statues & Monuments & Statues, Europe & Hungary & Central Hungary & Budapest & Things to Do in Budapest, 4.0, 47.505074, 19.044966, 533546458, 20171001, 20170901, 5.0, CoxieandBaggy, /Profile/CoxieandBaggy, e06bc50a8b994ff0eb3fd277f76e667f, /Attraction_Review-g274887-d8822714-Reviews-Attila_Jozsef_Statue-Budapest_Central_Hungary.html
Attila Jozsef Statue, 6, 11, Monuments & Statues & Monuments & Statues, Europe & Hungary & Central Hungary & Budapest & Things to Do in Budapest, 4.0, 47.505074, 19.044966, 519633235, 20170801, 20170801, 4.0, ldgp14, /Profile/ldgp14, 07eb5f8593948d86fe0a67da1393bafc, /Attraction_Review-g274887-d8822714-Reviews-Attila_Jozsef_Statue-Budapest_Central_Hungary.html
Attila Jozsef Statue, 6, 11, Monuments & Statues & Monuments & Statues, Europe & Hungary & Central Hungary & Budapest & Things to Do in Budapest, 4.0, 47.505074, 19.044966, 509440689, 20170801, 20170801, 4.0, André A, /Profile/735andr_a, 9a4241f26fb1505d8850abf2f7605893, /Attraction_Review-g274887-d8822714-Reviews-Attila_Jozsef_Statue-Budapest_Central_Hungary.html
Attila Jozsef Statue, 6, 11, Monuments & Statues & Monuments & Statues, Europe & Hungary & Central Hungary & Budapest & Things to Do in Budapest, 4.0, 47.505074, 19.044966, 501269656, 20170701, 20160801, 4.0, ashley t, /Profile/240ashleyt, a200dc0f94d016b8081866370d44b473, /Attraction_Review-g274887-d8822714-Reviews-Attila_Jozsef_Statue-Budapest_Central_Hungary.html
Attila Jozsef Statue, 6, 11, Monuments & Statues & Monuments & Statues, Europe & Hungary & Central Hungary & Budapest & Things to Do in Budapest, 4.0, 47.505074, 19.044966, 495560448, 20170601, 20170601, 4.0, 545medva, /Profile/545medva, 79a1785703f8fe1ce1af401faa2e2016, /Attraction_Review-g274887-d8822714-Reviews-Attila_Jozsef_Statue-Budapest_Central_Hungary.html
