review_location_name, review_current_page, review_last_page, review_location_type, review_location_breadcrumbs, review_location_rate, location_lat, location_lng, review_id, review_date, review_experience_date, review_rate, user_name, user_link, user_id, parent_url
Varhegy, 180, 1155, Points of Interest & Landmarks & Points of Interest & Landmarks, Europe & Hungary & Central Hungary & Budapest & Things to Do in Budapest, 4.5, 47.49601, 19.04003, 539838718, 20171101, 20161201, 5.0, Jon Y, /Profile/jony700, 297cbecc42788f01f74157012fd7533a, /Attraction_Review-g274887-d276801-Reviews-Varhegy-Budapest_Central_Hungary.html
Varhegy, 180, 1155, Points of Interest & Landmarks & Points of Interest & Landmarks, Europe & Hungary & Central Hungary & Budapest & Things to Do in Budapest, 4.5, 47.49601, 19.04003, 539673855, 20171101, 20171001, 5.0, T3T, /Profile/T3T, 2dc7a4924af6a7d419b1fc98b70b2ba2, /Attraction_Review-g274887-d276801-Reviews-Varhegy-Budapest_Central_Hungary.html
Varhegy, 180, 1155, Points of Interest & Landmarks & Points of Interest & Landmarks, Europe & Hungary & Central Hungary & Budapest & Things to Do in Budapest, 4.5, 47.49601, 19.04003, 539648547, 20171101, 20171101, 4.0, HeadBrewerEngland, /Profile/HeadBrewerEngland, 4000e8bd1c67b12e135d459c3899f34b, /Attraction_Review-g274887-d276801-Reviews-Varhegy-Budapest_Central_Hungary.html
Varhegy, 180, 1155, Points of Interest & Landmarks & Points of Interest & Landmarks, Europe & Hungary & Central Hungary & Budapest & Things to Do in Budapest, 4.5, 47.49601, 19.04003, 539629220, 20171101, 20170901, 4.0, Brogan J, /Profile/broganj2015, fd6147669fe6b8621b32f3fc1f257e11, /Attraction_Review-g274887-d276801-Reviews-Varhegy-Budapest_Central_Hungary.html
Varhegy, 180, 1155, Points of Interest & Landmarks & Points of Interest & Landmarks, Europe & Hungary & Central Hungary & Budapest & Things to Do in Budapest, 4.5, 47.49601, 19.04003, 539459107, 20171101, 20171001, 5.0, Diane C, /Profile/DianeC746, ec398abff288ef10eb8b609be1a7d45e, /Attraction_Review-g274887-d276801-Reviews-Varhegy-Budapest_Central_Hungary.html
