review_location_name, review_current_page, review_last_page, review_location_type, review_location_breadcrumbs, review_location_rate, location_lat, location_lng, review_id, review_date, review_experience_date, review_rate, user_name, user_link, user_id, parent_url
Panoptikum, 57, 107, History Museums & History Museums, Europe & Hungary & Central Hungary & Budapest & Things to Do in Budapest, 3.5, 47.500263, 19.034166, 484972758, 20170501, 20170501, 4.0, curlywhirly2014, /Profile/curlywhirly2014, 914321c609f758376c86598634665347, /Attraction_Review-g274887-d7372844-Reviews-Panoptikum-Budapest_Central_Hungary.html
Panoptikum, 57, 107, History Museums & History Museums, Europe & Hungary & Central Hungary & Budapest & Things to Do in Budapest, 3.5, 47.500263, 19.034166, 484859368, 20170501, 20170501, 2.0, mishann0n, /Profile/mishann0n, 285a1281f280253b32cea97ffa9896a0, /Attraction_Review-g274887-d7372844-Reviews-Panoptikum-Budapest_Central_Hungary.html
Panoptikum, 57, 107, History Museums & History Museums, Europe & Hungary & Central Hungary & Budapest & Things to Do in Budapest, 3.5, 47.500263, 19.034166, 484512141, 20170501, 20170501, 4.0, Melanie M, /Profile/minjam2016, daa77089d5616d4e8a782b190db54f72, /Attraction_Review-g274887-d7372844-Reviews-Panoptikum-Budapest_Central_Hungary.html
Panoptikum, 57, 107, History Museums & History Museums, Europe & Hungary & Central Hungary & Budapest & Things to Do in Budapest, 3.5, 47.500263, 19.034166, 484318010, 20170501, 20170501, 3.0, noranekko, /Profile/noranekko, c0803c679370e2492d174afe6483f2eb, /Attraction_Review-g274887-d7372844-Reviews-Panoptikum-Budapest_Central_Hungary.html
Panoptikum, 57, 107, History Museums & History Museums, Europe & Hungary & Central Hungary & Budapest & Things to Do in Budapest, 3.5, 47.500263, 19.034166, 484011859, 20170501, 20170401, 2.0, ronald2700, /Profile/ronald2700, 19c46efdb1ca96ccbe90752d6f3aa556, /Attraction_Review-g274887-d7372844-Reviews-Panoptikum-Budapest_Central_Hungary.html
