review_location_name, review_current_page, review_last_page, review_location_type, review_location_breadcrumbs, review_location_rate, location_lat, location_lng, review_id, review_date, review_experience_date, review_rate, user_name, user_link, user_id, parent_url
Great / Central Synagogue (Nagy Zsinagoga), 4, 609, Historic Sites & Architectural Buildings & Sacred & Religious Sites & Historic Sites & Architectural Buildings & Sacred & Religious Sites, Europe & Hungary & Central Hungary & Budapest & Things to Do in Budapest, 4.0, 47.495827, 19.060555, 746949560, 20200201, 20200201, 3.0, Angela H, /Profile/548angelah, 669668e6f82087bb5ae88f1bd79e7b59, /Attraction_Review-g274887-d276815-Reviews-Great_Central_Synagogue_Nagy_Zsinagoga-Budapest_Central_Hungary.html
Great / Central Synagogue (Nagy Zsinagoga), 4, 609, Historic Sites & Architectural Buildings & Sacred & Religious Sites & Historic Sites & Architectural Buildings & Sacred & Religious Sites, Europe & Hungary & Central Hungary & Budapest & Things to Do in Budapest, 4.0, 47.495827, 19.060555, 746926955, 20200201, 20200201, 1.0, Nico S, /Profile/nicos7794, cf28b68a8f87c9a173a76f5056474141, /Attraction_Review-g274887-d276815-Reviews-Great_Central_Synagogue_Nagy_Zsinagoga-Budapest_Central_Hungary.html
Great / Central Synagogue (Nagy Zsinagoga), 4, 609, Historic Sites & Architectural Buildings & Sacred & Religious Sites & Historic Sites & Architectural Buildings & Sacred & Religious Sites, Europe & Hungary & Central Hungary & Budapest & Things to Do in Budapest, 4.0, 47.495827, 19.060555, 746560121, 20200201, 20200201, 4.0, Nathalie S, /Profile/nathaliesF6267KA, b68314debcad3bada61b35ce119883f4, /Attraction_Review-g274887-d276815-Reviews-Great_Central_Synagogue_Nagy_Zsinagoga-Budapest_Central_Hungary.html
Great / Central Synagogue (Nagy Zsinagoga), 4, 609, Historic Sites & Architectural Buildings & Sacred & Religious Sites & Historic Sites & Architectural Buildings & Sacred & Religious Sites, Europe & Hungary & Central Hungary & Budapest & Things to Do in Budapest, 4.0, 47.495827, 19.060555, 746528998, 20200201, 20200201, 4.0, Andydjp, /Profile/Andydjp, 6f849b5f064fde51f1b3fff9d8850387, /Attraction_Review-g274887-d276815-Reviews-Great_Central_Synagogue_Nagy_Zsinagoga-Budapest_Central_Hungary.html
Great / Central Synagogue (Nagy Zsinagoga), 4, 609, Historic Sites & Architectural Buildings & Sacred & Religious Sites & Historic Sites & Architectural Buildings & Sacred & Religious Sites, Europe & Hungary & Central Hungary & Budapest & Things to Do in Budapest, 4.0, 47.495827, 19.060555, 746362342, 20200201, 20191001, 5.0, Mary Jo N, /Profile/maryjon2016, 8605014a8bab0ed595d3d3eed502f743, /Attraction_Review-g274887-d276815-Reviews-Great_Central_Synagogue_Nagy_Zsinagoga-Budapest_Central_Hungary.html
