review_location_name, review_current_page, review_last_page, review_location_type, review_location_breadcrumbs, review_location_rate, location_lat, location_lng, review_id, review_date, review_experience_date, review_rate, user_name, user_link, user_id, parent_url
Citadel, 179, 206, Historic Sites & Historic Sites, Europe & Hungary & Central Hungary & Budapest & Things to Do in Budapest, 4.5, 47.4868, 19.04625, 189306064, 20140101, 20131201, 3.0, marijaarbanas, /Profile/marijaarbanas, 8139b6cb53e28061b64fde99a4fadcce, /Attraction_Review-g274887-d276867-Reviews-Citadel-Budapest_Central_Hungary.html
Citadel, 179, 206, Historic Sites & Historic Sites, Europe & Hungary & Central Hungary & Budapest & Things to Do in Budapest, 4.5, 47.4868, 19.04625, 189029947, 20131201, 20131201, 3.0, Camila P, /Profile/757camilap, 357f320d5911bb178754474868b778ea, /Attraction_Review-g274887-d276867-Reviews-Citadel-Budapest_Central_Hungary.html
Citadel, 179, 206, Historic Sites & Historic Sites, Europe & Hungary & Central Hungary & Budapest & Things to Do in Budapest, 4.5, 47.4868, 19.04625, 188957100, 20131201, 20131201, 5.0, Carol M, /Profile/CarolM934, bd8bf22222802ec0552b538ade80a182, /Attraction_Review-g274887-d276867-Reviews-Citadel-Budapest_Central_Hungary.html
Citadel, 179, 206, Historic Sites & Historic Sites, Europe & Hungary & Central Hungary & Budapest & Things to Do in Budapest, 4.5, 47.4868, 19.04625, 188815394, 20131201, 20130901, 5.0, Pops_Mccrill, /Profile/Pops_Mccrill, 8e8dad0fc43e335d38c84397073cd439, /Attraction_Review-g274887-d276867-Reviews-Citadel-Budapest_Central_Hungary.html
Citadel, 179, 206, Historic Sites & Historic Sites, Europe & Hungary & Central Hungary & Budapest & Things to Do in Budapest, 4.5, 47.4868, 19.04625, 187010153, 20131201, 20131101, 4.0, Charmron, /Profile/Charmron, 4feb93c9318954762bb924bbc9b07542, /Attraction_Review-g274887-d276867-Reviews-Citadel-Budapest_Central_Hungary.html
