review_location_name, review_current_page, review_last_page, review_location_type, review_location_breadcrumbs, review_location_rate, location_lat, location_lng, review_id, review_date, review_experience_date, review_rate, user_name, user_link, user_id, parent_url
House of Terror Museum, 20, 1299, Specialty Museums & Specialty Museums, Europe & Hungary & Central Hungary & Budapest & Things to Do in Budapest, 4.0, 47.506893, 19.065123, 738305425, 20200101, 20200101, 3.0, Kayleigh M, /Profile/MotherOfGremlins, 5e944b3b00bb6441541a44b980553c62, /Attraction_Review-g274887-d325279-Reviews-House_of_Terror_Museum-Budapest_Central_Hungary.html
House of Terror Museum, 20, 1299, Specialty Museums & Specialty Museums, Europe & Hungary & Central Hungary & Budapest & Things to Do in Budapest, 4.0, 47.506893, 19.065123, 738271831, 20200101, 20200101, 4.0, Raphael M, /Profile/RaphaelM381, 1a06c0a0a2516a42da9bc68a75988361, /Attraction_Review-g274887-d325279-Reviews-House_of_Terror_Museum-Budapest_Central_Hungary.html
House of Terror Museum, 20, 1299, Specialty Museums & Specialty Museums, Europe & Hungary & Central Hungary & Budapest & Things to Do in Budapest, 4.0, 47.506893, 19.065123, 738240463, 20200101, 20200101, 1.0, deniz, /Profile/deniz, 14a928fafe8ebe2e704c4597e74daea6, /Attraction_Review-g274887-d325279-Reviews-House_of_Terror_Museum-Budapest_Central_Hungary.html
House of Terror Museum, 20, 1299, Specialty Museums & Specialty Museums, Europe & Hungary & Central Hungary & Budapest & Things to Do in Budapest, 4.0, 47.506893, 19.065123, 738024413, 20200101, 20190901, 5.0, Beth H, /Profile/bethhF3222VE, 68b04d2ecb4138d2bbb4c894b0c3643e, /Attraction_Review-g274887-d325279-Reviews-House_of_Terror_Museum-Budapest_Central_Hungary.html
House of Terror Museum, 20, 1299, Specialty Museums & Specialty Museums, Europe & Hungary & Central Hungary & Budapest & Things to Do in Budapest, 4.0, 47.506893, 19.065123, 737640207, 20200101, 20200101, 2.0, David H, /Profile/davidhC4909HF, ef273040c6489e7b673008953166932b, /Attraction_Review-g274887-d325279-Reviews-House_of_Terror_Museum-Budapest_Central_Hungary.html
