review_location_name, review_current_page, review_last_page, review_location_type, review_location_breadcrumbs, review_location_rate, location_lat, location_lng, review_id, review_date, review_experience_date, review_rate, user_name, user_link, user_id, parent_url
Hungarian State Opera House (Magyar Allami Operahaz), 27, 846, Operas & Architectural Buildings & Operas & Architectural Buildings, Europe & Hungary & Central Hungary & Budapest & Things to Do in Budapest, 4.5, 47.50251, 19.05866, 619907614, 20180901, 20180201, 5.0, Allison B, /Profile/allisonb522, e23f75149dad9fe8f08b399a8baa7564, /Attraction_Review-g274887-d276812-Reviews-Hungarian_State_Opera_House_Magyar_Allami_Operahaz-Budapest_Central_Hungary.html
Hungarian State Opera House (Magyar Allami Operahaz), 27, 846, Operas & Architectural Buildings & Operas & Architectural Buildings, Europe & Hungary & Central Hungary & Budapest & Things to Do in Budapest, 4.5, 47.50251, 19.05866, 619849984, 20180901, 20180901, 4.0, Gillian F, /Profile/876gillianf, 3c26bd573b2e6b647860fd1d7cc8946c, /Attraction_Review-g274887-d276812-Reviews-Hungarian_State_Opera_House_Magyar_Allami_Operahaz-Budapest_Central_Hungary.html
Hungarian State Opera House (Magyar Allami Operahaz), 27, 846, Operas & Architectural Buildings & Operas & Architectural Buildings, Europe & Hungary & Central Hungary & Budapest & Things to Do in Budapest, 4.5, 47.50251, 19.05866, 619733257, 20180901, 20180901, 4.0, rachkensh, /Profile/rachkensh, 3177af9166f3e11faaa7012046125737, /Attraction_Review-g274887-d276812-Reviews-Hungarian_State_Opera_House_Magyar_Allami_Operahaz-Budapest_Central_Hungary.html
Hungarian State Opera House (Magyar Allami Operahaz), 27, 846, Operas & Architectural Buildings & Operas & Architectural Buildings, Europe & Hungary & Central Hungary & Budapest & Things to Do in Budapest, 4.5, 47.50251, 19.05866, 619552908, 20180901, 20180901, 2.0, Waterwitch100, /Profile/Waterwitch100, ba87c36487d50b1aaa79ddefea727df7, /Attraction_Review-g274887-d276812-Reviews-Hungarian_State_Opera_House_Magyar_Allami_Operahaz-Budapest_Central_Hungary.html
Hungarian State Opera House (Magyar Allami Operahaz), 27, 846, Operas & Architectural Buildings & Operas & Architectural Buildings, Europe & Hungary & Central Hungary & Budapest & Things to Do in Budapest, 4.5, 47.50251, 19.05866, 619483001, 20180901, 20180901, 5.0, Wong F, /Profile/Wongfa88, e2599fe05b3ad8744d9496e38f4ba4a8, /Attraction_Review-g274887-d276812-Reviews-Hungarian_State_Opera_House_Magyar_Allami_Operahaz-Budapest_Central_Hungary.html
