review_location_name, review_current_page, review_last_page, review_location_type, review_location_breadcrumbs, review_location_rate, location_lat, location_lng, review_id, review_date, review_experience_date, review_rate, user_name, user_link, user_id, parent_url
Franciscan Church, 2, 5, Churches & Cathedrals & Churches & Cathedrals, Europe & Hungary & Central Hungary & Budapest & Things to Do in Budapest, 4.0, 47.493, 19.05622, 685211673, 20190601, 20190601, 3.0, TheShis, /Profile/TheShis, d30b3ab351cbfcb82ac5aec55bf892e5, /Attraction_Review-g274887-d6279871-Reviews-Franciscan_Church-Budapest_Central_Hungary.html
Franciscan Church, 2, 5, Churches & Cathedrals & Churches & Cathedrals, Europe & Hungary & Central Hungary & Budapest & Things to Do in Budapest, 4.0, 47.493, 19.05622, 633640546, 20181101, 20181101, 4.0, hulagirlSurrey, /Profile/hulagirlSurrey, 2a6005c2177b34f1f268ccf0cb0f4d2d, /Attraction_Review-g274887-d6279871-Reviews-Franciscan_Church-Budapest_Central_Hungary.html
Franciscan Church, 2, 5, Churches & Cathedrals & Churches & Cathedrals, Europe & Hungary & Central Hungary & Budapest & Things to Do in Budapest, 4.0, 47.493, 19.05622, 626757199, 20181001, 20181001, 5.0, Christian V, /Profile/340christianv, 8c22e699d631e2fa97a9d3136f105123, /Attraction_Review-g274887-d6279871-Reviews-Franciscan_Church-Budapest_Central_Hungary.html
Franciscan Church, 2, 5, Churches & Cathedrals & Churches & Cathedrals, Europe & Hungary & Central Hungary & Budapest & Things to Do in Budapest, 4.0, 47.493, 19.05622, 591302709, 20180601, 20180501, 4.0, Michael K, /Profile/J4646VDmichaelk, afcc6dc55ab3eaf320b65097e209b822, /Attraction_Review-g274887-d6279871-Reviews-Franciscan_Church-Budapest_Central_Hungary.html
Franciscan Church, 2, 5, Churches & Cathedrals & Churches & Cathedrals, Europe & Hungary & Central Hungary & Budapest & Things to Do in Budapest, 4.0, 47.493, 19.05622, 583350195, 20180501, 20180501, 4.0, Ashley A, /Profile/X1105XOashleya, a636dc301d0c84e1b283205ab49faed6, /Attraction_Review-g274887-d6279871-Reviews-Franciscan_Church-Budapest_Central_Hungary.html
