review_location_name, review_current_page, review_last_page, review_location_type, review_location_breadcrumbs, review_location_rate, location_lat, location_lng, review_id, review_date, review_experience_date, review_rate, user_name, user_link, user_id, parent_url
Budapest History Museum, 35, 45, Architectural Buildings & History Museums & Architectural Buildings & History Museums, Europe & Hungary & Central Hungary & Budapest & Things to Do in Budapest, 3.5, 47.49549, 19.03971, 241649647, 20141101, 20140901, 4.0, DGandSAG, /Profile/DGandSAG, 9c6a366b0a3e6e3dcf6bf0bc3565a20c, /Attraction_Review-g274887-d276807-Reviews-Budapest_History_Museum-Budapest_Central_Hungary.html
Budapest History Museum, 35, 45, Architectural Buildings & History Museums & Architectural Buildings & History Museums, Europe & Hungary & Central Hungary & Budapest & Things to Do in Budapest, 3.5, 47.49549, 19.03971, 236295325, 20141001, 20141001, 3.0, Timo L, /Profile/timol209, 631d153b1aefaa2eae8ef37332b440c1, /Attraction_Review-g274887-d276807-Reviews-Budapest_History_Museum-Budapest_Central_Hungary.html
Budapest History Museum, 35, 45, Architectural Buildings & History Museums & Architectural Buildings & History Museums, Europe & Hungary & Central Hungary & Budapest & Things to Do in Budapest, 3.5, 47.49549, 19.03971, 235608598, 20141001, 20141001, 4.0, KateAnnT, /Profile/KateAnnT, e9ef934152534bc41acb813ed89105d9, /Attraction_Review-g274887-d276807-Reviews-Budapest_History_Museum-Budapest_Central_Hungary.html
Budapest History Museum, 35, 45, Architectural Buildings & History Museums & Architectural Buildings & History Museums, Europe & Hungary & Central Hungary & Budapest & Things to Do in Budapest, 3.5, 47.49549, 19.03971, 230963061, 20140901, 20140701, 4.0, Helen P, /Profile/helenp320, 043fa2e0e32dfcee6a5cab059a676f53, /Attraction_Review-g274887-d276807-Reviews-Budapest_History_Museum-Budapest_Central_Hungary.html
Budapest History Museum, 35, 45, Architectural Buildings & History Museums & Architectural Buildings & History Museums, Europe & Hungary & Central Hungary & Budapest & Things to Do in Budapest, 3.5, 47.49549, 19.03971, 229477782, 20140901, 20140901, 4.0, kagatlin, /Profile/kagatlin, 1a30f20f7cbb4c25c6a9c82cb3e26372, /Attraction_Review-g274887-d276807-Reviews-Budapest_History_Museum-Budapest_Central_Hungary.html
