review_location_name, review_current_page, review_last_page, review_location_type, review_location_breadcrumbs, review_location_rate, location_lat, location_lng, review_id, review_date, review_experience_date, review_rate, user_name, user_link, user_id, parent_url
Matthias Church, 402, 931, Historic Sites & Architectural Buildings & Sacred & Religious Sites & Historic Sites & Architectural Buildings & Sacred & Religious Sites, Europe & Hungary & Central Hungary & Budapest & Things to Do in Budapest, 4.5, 47.501984, 19.034206, 485279634, 20170501, 20170401, 5.0, John L, /Profile/jlamelas, efb83e70174252bc640d4351976ad562, /Attraction_Review-g274887-d276808-Reviews-Matthias_Church-Budapest_Central_Hungary.html
Matthias Church, 402, 931, Historic Sites & Architectural Buildings & Sacred & Religious Sites & Historic Sites & Architectural Buildings & Sacred & Religious Sites, Europe & Hungary & Central Hungary & Budapest & Things to Do in Budapest, 4.5, 47.501984, 19.034206, 485165406, 20170501, 20160701, 5.0, David F, /Profile/DCF52, ee842acbef6e1582cac479a05f7c822e, /Attraction_Review-g274887-d276808-Reviews-Matthias_Church-Budapest_Central_Hungary.html
Matthias Church, 402, 931, Historic Sites & Architectural Buildings & Sacred & Religious Sites & Historic Sites & Architectural Buildings & Sacred & Religious Sites, Europe & Hungary & Central Hungary & Budapest & Things to Do in Budapest, 4.5, 47.501984, 19.034206, 485053096, 20170501, 20170501, 5.0, Kamal5372, /Profile/Kamal5372, 9a5a1cd386cad6a991ba0dfc15a70aa9, /Attraction_Review-g274887-d276808-Reviews-Matthias_Church-Budapest_Central_Hungary.html
Matthias Church, 402, 931, Historic Sites & Architectural Buildings & Sacred & Religious Sites & Historic Sites & Architectural Buildings & Sacred & Religious Sites, Europe & Hungary & Central Hungary & Budapest & Things to Do in Budapest, 4.5, 47.501984, 19.034206, 485024016, 20170501, 20170501, 5.0, curlywhirly2014, /Profile/curlywhirly2014, 914321c609f758376c86598634665347, /Attraction_Review-g274887-d276808-Reviews-Matthias_Church-Budapest_Central_Hungary.html
Matthias Church, 402, 931, Historic Sites & Architectural Buildings & Sacred & Religious Sites & Historic Sites & Architectural Buildings & Sacred & Religious Sites, Europe & Hungary & Central Hungary & Budapest & Things to Do in Budapest, 4.5, 47.501984, 19.034206, 484980483, 20170501, 20170501, 4.0, Iain M, /Profile/iainm793, 6875227eb337fa53288ed313a92676c8, /Attraction_Review-g274887-d276808-Reviews-Matthias_Church-Budapest_Central_Hungary.html
