review_location_name, review_current_page, review_last_page, review_location_type, review_location_breadcrumbs, review_location_rate, location_lat, location_lng, review_id, review_date, review_experience_date, review_rate, user_name, user_link, user_id, parent_url
Margaret Island, 243, 542, Islands & Parks & Islands & Parks, Europe & Hungary & Central Hungary & Budapest & Things to Do in Budapest, 4.5, 47.520546, 19.047213, 406969056, 20160801, 20160801, 5.0, Kilsaris H, /Profile/kilsarish, 9904a31509b4e762c936d0b18f3b3040, /Attraction_Review-g274887-d276126-Reviews-Margaret_Island-Budapest_Central_Hungary.html
Margaret Island, 243, 542, Islands & Parks & Islands & Parks, Europe & Hungary & Central Hungary & Budapest & Things to Do in Budapest, 4.5, 47.520546, 19.047213, 406896402, 20160801, 20160801, 5.0, travelbugstef, /Profile/travelbugstef, 611cd1c1665b9aaadefd2ad8bcec1c47, /Attraction_Review-g274887-d276126-Reviews-Margaret_Island-Budapest_Central_Hungary.html
Margaret Island, 243, 542, Islands & Parks & Islands & Parks, Europe & Hungary & Central Hungary & Budapest & Things to Do in Budapest, 4.5, 47.520546, 19.047213, 406089675, 20160801, 20160801, 5.0, Mette B, /Profile/666metteb, a3f7d564a54e3ffccbb44df05c1dfffa, /Attraction_Review-g274887-d276126-Reviews-Margaret_Island-Budapest_Central_Hungary.html
Margaret Island, 243, 542, Islands & Parks & Islands & Parks, Europe & Hungary & Central Hungary & Budapest & Things to Do in Budapest, 4.5, 47.520546, 19.047213, 406082437, 20160801, 20160801, 5.0, Rachael B, /Profile/bellrachael, 4dc1c3af9fdf3dae8d4518cf2f0b0888, /Attraction_Review-g274887-d276126-Reviews-Margaret_Island-Budapest_Central_Hungary.html
Margaret Island, 243, 542, Islands & Parks & Islands & Parks, Europe & Hungary & Central Hungary & Budapest & Things to Do in Budapest, 4.5, 47.520546, 19.047213, 405733401, 20160801, 20160801, 5.0, luptilu320, /Profile/luptilu320, 3835c01cce3fbde95be35ee07d7c2478, /Attraction_Review-g274887-d276126-Reviews-Margaret_Island-Budapest_Central_Hungary.html
