review_location_name, review_current_page, review_last_page, review_location_type, review_location_breadcrumbs, review_location_rate, location_lat, location_lng, review_id, review_date, review_experience_date, review_rate, user_name, user_link, user_id, parent_url
Thermal Lake of Hévíz, 50, 85, Bodies of Water & Thermal Spas & Bodies of Water & Thermal Spas, Europe & Hungary & Western Transdanubia & Zala County & Heviz & Things to Do in Heviz, 4.5, 46.786545, 17.191597, 313019470, 20150901, 20150801, 5.0, Bodil S, /Profile/bodils399, cdb01acd2bb6087932db6edffec060e7, /Attraction_Review-g274894-d626137-Reviews-Thermal_Lake_of_Heviz-Heviz_Zala_County_Western_Transdanubia.html
Thermal Lake of Hévíz, 50, 85, Bodies of Water & Thermal Spas & Bodies of Water & Thermal Spas, Europe & Hungary & Western Transdanubia & Zala County & Heviz & Things to Do in Heviz, 4.5, 46.786545, 17.191597, 311846819, 20150901, 20150901, 4.0, Ewyena, /Profile/Ewyena, 975f1327bda8e07ab9c0b212db28821c, /Attraction_Review-g274894-d626137-Reviews-Thermal_Lake_of_Heviz-Heviz_Zala_County_Western_Transdanubia.html
Thermal Lake of Hévíz, 50, 85, Bodies of Water & Thermal Spas & Bodies of Water & Thermal Spas, Europe & Hungary & Western Transdanubia & Zala County & Heviz & Things to Do in Heviz, 4.5, 46.786545, 17.191597, 311483655, 20150901, 20150901, 5.0, pazitush, /Profile/pazitush, cf548f12a69736a6e5761a666fbe4bf8, /Attraction_Review-g274894-d626137-Reviews-Thermal_Lake_of_Heviz-Heviz_Zala_County_Western_Transdanubia.html
Thermal Lake of Hévíz, 50, 85, Bodies of Water & Thermal Spas & Bodies of Water & Thermal Spas, Europe & Hungary & Western Transdanubia & Zala County & Heviz & Things to Do in Heviz, 4.5, 46.786545, 17.191597, 308914549, 20150901, 20150901, 4.0, ShoshTrvls, /Profile/ShoshTrvls, 7a56e4ae0b4d0a2f93d2aef9e0e583dd, /Attraction_Review-g274894-d626137-Reviews-Thermal_Lake_of_Heviz-Heviz_Zala_County_Western_Transdanubia.html
Thermal Lake of Hévíz, 50, 85, Bodies of Water & Thermal Spas & Bodies of Water & Thermal Spas, Europe & Hungary & Western Transdanubia & Zala County & Heviz & Things to Do in Heviz, 4.5, 46.786545, 17.191597, 308671466, 20150901, 20150901, 4.0, Adventure_Mouse, /Profile/Adventure_Mouse, 78d8c20c43e91a7e22933df13611b806, /Attraction_Review-g274894-d626137-Reviews-Thermal_Lake_of_Heviz-Heviz_Zala_County_Western_Transdanubia.html
