review_location_name, review_current_page, review_last_page, review_location_type, review_location_breadcrumbs, review_location_rate, location_lat, location_lng, review_id, review_date, review_experience_date, review_rate, user_name, user_link, user_id, parent_url
Hungarian Natural History Museum, 8, 10, Natural History Museums & Natural History Museums, Europe & Hungary & Central Hungary & Budapest & Things to Do in Budapest, 3.5, 47.482746, 19.085579, 258272064, 20150301, 20150301, 5.0, LondonMarion104, /Profile/LondonMarion104, 1fc32e1218c2d819c4ed61e9b4841a1e, /Attraction_Review-g274887-d279026-Reviews-Hungarian_Natural_History_Museum-Budapest_Central_Hungary.html
Hungarian Natural History Museum, 8, 10, Natural History Museums & Natural History Museums, Europe & Hungary & Central Hungary & Budapest & Things to Do in Budapest, 3.5, 47.482746, 19.085579, 254983155, 20150201, 20150201, 5.0, Petra P, /Profile/PetraP1932, 85f0042a41b271b71a20d98d0c104b0c, /Attraction_Review-g274887-d279026-Reviews-Hungarian_Natural_History_Museum-Budapest_Central_Hungary.html
Hungarian Natural History Museum, 8, 10, Natural History Museums & Natural History Museums, Europe & Hungary & Central Hungary & Budapest & Things to Do in Budapest, 3.5, 47.482746, 19.085579, 217317254, 20140701, 20140701, 3.0, ailingrav, /Profile/ailingrav, 6b0997ee8e58689b20c59c336e81f508, /Attraction_Review-g274887-d279026-Reviews-Hungarian_Natural_History_Museum-Budapest_Central_Hungary.html
Hungarian Natural History Museum, 8, 10, Natural History Museums & Natural History Museums, Europe & Hungary & Central Hungary & Budapest & Things to Do in Budapest, 3.5, 47.482746, 19.085579, 213761313, 20140701, 20140701, 4.0, AdnTari, /Profile/AdnTari, ca067673ed276552440bde45e5c94b37, /Attraction_Review-g274887-d279026-Reviews-Hungarian_Natural_History_Museum-Budapest_Central_Hungary.html
Hungarian Natural History Museum, 8, 10, Natural History Museums & Natural History Museums, Europe & Hungary & Central Hungary & Budapest & Things to Do in Budapest, 3.5, 47.482746, 19.085579, 210966456, 20140601, 20140601, 5.0, CassiopeiaBlack, /Profile/CassiopeiaBlack, f24e39bb67001d29b81faa92dbaa4e62, /Attraction_Review-g274887-d279026-Reviews-Hungarian_Natural_History_Museum-Budapest_Central_Hungary.html
