review_location_name, review_current_page, review_last_page, review_location_type, review_location_breadcrumbs, review_location_rate, location_lat, location_lng, review_id, review_date, review_experience_date, review_rate, user_name, user_link, user_id, parent_url
Széchenyi Lánchíd, 144, 1688, Bridges & Bridges, Europe & Hungary & Central Hungary & Budapest & Things to Do in Budapest, 4.5, 47.498924, 19.043756, 670704234, 20190501, 20190401, 5.0, glenproctor11, /Profile/glenproctor11, cbff18ce45f4264897b5fd5191cd4cb1, /Attraction_Review-g274887-d276821-Reviews-Szechenyi_Lanchid-Budapest_Central_Hungary.html
Széchenyi Lánchíd, 144, 1688, Bridges & Bridges, Europe & Hungary & Central Hungary & Budapest & Things to Do in Budapest, 4.5, 47.498924, 19.043756, 670646542, 20190501, 20190401, 4.0, PavlaPavla, /Profile/PavlaPavla, 37ddd7866b44cec013f6dde92a3135c3, /Attraction_Review-g274887-d276821-Reviews-Szechenyi_Lanchid-Budapest_Central_Hungary.html
Széchenyi Lánchíd, 144, 1688, Bridges & Bridges, Europe & Hungary & Central Hungary & Budapest & Things to Do in Budapest, 4.5, 47.498924, 19.043756, 670621484, 20190501, 20190401, 4.0, Roy S, /Profile/RoyS96, a0f2347db37df8f367955152d470f29c, /Attraction_Review-g274887-d276821-Reviews-Szechenyi_Lanchid-Budapest_Central_Hungary.html
Széchenyi Lánchíd, 144, 1688, Bridges & Bridges, Europe & Hungary & Central Hungary & Budapest & Things to Do in Budapest, 4.5, 47.498924, 19.043756, 670604771, 20190501, 20190401, 4.0, Sandy Wong, /Profile/Shikisan, 0ce5c8f41f0266ad39485b286b45f4ff, /Attraction_Review-g274887-d276821-Reviews-Szechenyi_Lanchid-Budapest_Central_Hungary.html
Széchenyi Lánchíd, 144, 1688, Bridges & Bridges, Europe & Hungary & Central Hungary & Budapest & Things to Do in Budapest, 4.5, 47.498924, 19.043756, 670257825, 20190401, 20190301, 5.0, ellinika, /Profile/ellinika, 01b2747dfba863a3f3bbe35db130f25a, /Attraction_Review-g274887-d276821-Reviews-Szechenyi_Lanchid-Budapest_Central_Hungary.html
