review_location_name, review_current_page, review_last_page, review_location_type, review_location_breadcrumbs, review_location_rate, location_lat, location_lng, review_id, review_date, review_experience_date, review_rate, user_name, user_link, user_id, parent_url
Faust Wine Cellar, 172, 188, Wineries & Vineyards & Wineries & Vineyards, Europe & Hungary & Central Hungary & Budapest & Things to Do in Budapest, 5.0, 47.501984, 19.035057, 117146743, 20110801, 20110801, 5.0, Richphu, /Profile/Richphu, d4dbdfa2aa41451aa957f170513602ac, /Attraction_Review-g274887-d1605002-Reviews-Faust_Wine_Cellar-Budapest_Central_Hungary.html
Faust Wine Cellar, 172, 188, Wineries & Vineyards & Wineries & Vineyards, Europe & Hungary & Central Hungary & Budapest & Things to Do in Budapest, 5.0, 47.501984, 19.035057, 117102398, 20110801, 20110801, 5.0, jruskin, /Profile/jruskin, 7b23ca1cee2249896f2c941bcf5f5dd9, /Attraction_Review-g274887-d1605002-Reviews-Faust_Wine_Cellar-Budapest_Central_Hungary.html
Faust Wine Cellar, 172, 188, Wineries & Vineyards & Wineries & Vineyards, Europe & Hungary & Central Hungary & Budapest & Things to Do in Budapest, 5.0, 47.501984, 19.035057, 116766193, 20110801, 20110801, 5.0, lucysmith31, /Profile/lucysmith31, 7eee055b696d1da60ef5ea830825d8b1, /Attraction_Review-g274887-d1605002-Reviews-Faust_Wine_Cellar-Budapest_Central_Hungary.html
Faust Wine Cellar, 172, 188, Wineries & Vineyards & Wineries & Vineyards, Europe & Hungary & Central Hungary & Budapest & Things to Do in Budapest, 5.0, 47.501984, 19.035057, 116707980, 20110801, 20110801, 5.0, greggordon1987, /Profile/greggordon1987, 55cbe90270dc18834879d9a23090dcb3, /Attraction_Review-g274887-d1605002-Reviews-Faust_Wine_Cellar-Budapest_Central_Hungary.html
Faust Wine Cellar, 172, 188, Wineries & Vineyards & Wineries & Vineyards, Europe & Hungary & Central Hungary & Budapest & Things to Do in Budapest, 5.0, 47.501984, 19.035057, 116629655, 20110801, 20110801, 5.0, Guy064, /Profile/Guy064, 8365afad8967784b601782aee7790899, /Attraction_Review-g274887-d1605002-Reviews-Faust_Wine_Cellar-Budapest_Central_Hungary.html
