review_location_name, review_current_page, review_last_page, review_location_type, review_location_breadcrumbs, review_location_rate, location_lat, location_lng, review_id, review_date, review_experience_date, review_rate, user_name, user_link, user_id, parent_url
Margaret Island, 24, 542, Islands & Parks & Islands & Parks, Europe & Hungary & Central Hungary & Budapest & Things to Do in Budapest, 4.5, 47.520546, 19.047213, 704561520, 20190801, 20190801, 1.0, Biker Ruth, /Profile/Lovemybikealways, 3cfd077e4476e65427b7d7340ad3647a, /Attraction_Review-g274887-d276126-Reviews-Margaret_Island-Budapest_Central_Hungary.html
Margaret Island, 24, 542, Islands & Parks & Islands & Parks, Europe & Hungary & Central Hungary & Budapest & Things to Do in Budapest, 4.5, 47.520546, 19.047213, 704497497, 20190801, 20190801, 5.0, yorkie, /Profile/paw800, 422e5dd6907393aaceeef249268e8520, /Attraction_Review-g274887-d276126-Reviews-Margaret_Island-Budapest_Central_Hungary.html
Margaret Island, 24, 542, Islands & Parks & Islands & Parks, Europe & Hungary & Central Hungary & Budapest & Things to Do in Budapest, 4.5, 47.520546, 19.047213, 704339217, 20190801, 20190801, 5.0, Doreen S, /Profile/DoreenS389, 42f99e8c1598b9fc5897325250e60d26, /Attraction_Review-g274887-d276126-Reviews-Margaret_Island-Budapest_Central_Hungary.html
Margaret Island, 24, 542, Islands & Parks & Islands & Parks, Europe & Hungary & Central Hungary & Budapest & Things to Do in Budapest, 4.5, 47.520546, 19.047213, 704171260, 20190801, 20190801, 5.0, Rick W, /Profile/rickw73, 1d638bf5e65d263a3dc1d4805ade50a3, /Attraction_Review-g274887-d276126-Reviews-Margaret_Island-Budapest_Central_Hungary.html
Margaret Island, 24, 542, Islands & Parks & Islands & Parks, Europe & Hungary & Central Hungary & Budapest & Things to Do in Budapest, 4.5, 47.520546, 19.047213, 703870976, 20190801, 20190801, 3.0, Greg S, /Profile/gregsA5251RI, a60117694300efa46da1b84d37ec3d40, /Attraction_Review-g274887-d276126-Reviews-Margaret_Island-Budapest_Central_Hungary.html
