review_location_name, review_current_page, review_last_page, review_location_type, review_location_breadcrumbs, review_location_rate, location_lat, location_lng, review_id, review_date, review_experience_date, review_rate, user_name, user_link, user_id, parent_url
Buda Castle, 130, 764, Castles & Castles, Europe & Hungary & Central Hungary & Budapest & Things to Do in Budapest, 4.5, 47.49532, 19.03989, 633791247, 20181101, 20180801, 5.0, akasha2458, /Profile/akasha2458, 945ef5fe27e20d609e10ebca7b0cfaa9, /Attraction_Review-g274887-d276804-Reviews-Buda_Castle-Budapest_Central_Hungary.html
Buda Castle, 130, 764, Castles & Castles, Europe & Hungary & Central Hungary & Budapest & Things to Do in Budapest, 4.5, 47.49532, 19.03989, 633621546, 20181101, 20181101, 5.0, hulagirlSurrey, /Profile/hulagirlSurrey, 2a6005c2177b34f1f268ccf0cb0f4d2d, /Attraction_Review-g274887-d276804-Reviews-Buda_Castle-Budapest_Central_Hungary.html
Buda Castle, 130, 764, Castles & Castles, Europe & Hungary & Central Hungary & Budapest & Things to Do in Budapest, 4.5, 47.49532, 19.03989, 633614876, 20181101, 20181101, 4.0, fjane84, /Profile/fjane84, 0fee7fc9f5710035e0dff31d6baf7e3e, /Attraction_Review-g274887-d276804-Reviews-Buda_Castle-Budapest_Central_Hungary.html
Buda Castle, 130, 764, Castles & Castles, Europe & Hungary & Central Hungary & Budapest & Things to Do in Budapest, 4.5, 47.49532, 19.03989, 633475348, 20181101, 20181101, 4.0, sumeshkhanna, /Profile/sumeshkhanna, 4cb62c88e13bd905fa67a96c5257edac, /Attraction_Review-g274887-d276804-Reviews-Buda_Castle-Budapest_Central_Hungary.html
Buda Castle, 130, 764, Castles & Castles, Europe & Hungary & Central Hungary & Budapest & Things to Do in Budapest, 4.5, 47.49532, 19.03989, 633380364, 20181101, 20181101, 4.0, 61Dave, /Profile/61Dave, 9b1c6b2aca20050b995ee804d377a6f1, /Attraction_Review-g274887-d276804-Reviews-Buda_Castle-Budapest_Central_Hungary.html
