review_location_name, review_current_page, review_last_page, review_location_type, review_location_breadcrumbs, review_location_rate, location_lat, location_lng, review_id, review_date, review_experience_date, review_rate, user_name, user_link, user_id, parent_url
Margaret Island, 177, 542, Islands & Parks & Islands & Parks, Europe & Hungary & Central Hungary & Budapest & Things to Do in Budapest, 4.5, 47.520546, 19.047213, 480585679, 20170501, 20170401, 1.0, janeybaby182016, /Profile/janeybaby182016, 78e5b91fb94b2148d5bb747cea961ed8, /Attraction_Review-g274887-d276126-Reviews-Margaret_Island-Budapest_Central_Hungary.html
Margaret Island, 177, 542, Islands & Parks & Islands & Parks, Europe & Hungary & Central Hungary & Budapest & Things to Do in Budapest, 4.5, 47.520546, 19.047213, 480512528, 20170501, 20170401, 3.0, David F, /Profile/ruthbackgammon, 872066df8b08aa0ee753e0d688c946fe, /Attraction_Review-g274887-d276126-Reviews-Margaret_Island-Budapest_Central_Hungary.html
Margaret Island, 177, 542, Islands & Parks & Islands & Parks, Europe & Hungary & Central Hungary & Budapest & Things to Do in Budapest, 4.5, 47.520546, 19.047213, 480218741, 20170401, 20170401, 4.0, PatGy, /Profile/PatGy, d39004e987b5a530fa99db3a67ee1535, /Attraction_Review-g274887-d276126-Reviews-Margaret_Island-Budapest_Central_Hungary.html
Margaret Island, 177, 542, Islands & Parks & Islands & Parks, Europe & Hungary & Central Hungary & Budapest & Things to Do in Budapest, 4.5, 47.520546, 19.047213, 480206669, 20170401, 20170401, 3.0, Jean T, /Profile/JeanT1779, 09445258414b4efc16356604d0752c78, /Attraction_Review-g274887-d276126-Reviews-Margaret_Island-Budapest_Central_Hungary.html
Margaret Island, 177, 542, Islands & Parks & Islands & Parks, Europe & Hungary & Central Hungary & Budapest & Things to Do in Budapest, 4.5, 47.520546, 19.047213, 479926878, 20170401, 20170401, 1.0, Elizabeth V, /Profile/elizabethv777, 8512c672b28b1f9411918c8945fb79d1, /Attraction_Review-g274887-d276126-Reviews-Margaret_Island-Budapest_Central_Hungary.html
