review_location_name, review_current_page, review_last_page, review_location_type, review_location_breadcrumbs, review_location_rate, location_lat, location_lng, review_id, review_date, review_experience_date, review_rate, user_name, user_link, user_id, parent_url
Castle Garden, 7, 30, Points of Interest & Landmarks & Points of Interest & Landmarks, Europe & Hungary & Central Hungary & Budapest & Things to Do in Budapest, 4.5, 47.495403, 19.042456, 672134809, 20190501, 20190401, 5.0, Paul S, /Profile/paulsY2649EH, 59d827e109ab2924f34dcdb57ba08615, /Attraction_Review-g274887-d7178088-Reviews-Castle_Garden-Budapest_Central_Hungary.html
Castle Garden, 7, 30, Points of Interest & Landmarks & Points of Interest & Landmarks, Europe & Hungary & Central Hungary & Budapest & Things to Do in Budapest, 4.5, 47.495403, 19.042456, 671606325, 20190501, 20190401, 4.0, Holly S, /Profile/HollyS2445, 53520af43f57e7e1e4b250ed53213f26, /Attraction_Review-g274887-d7178088-Reviews-Castle_Garden-Budapest_Central_Hungary.html
Castle Garden, 7, 30, Points of Interest & Landmarks & Points of Interest & Landmarks, Europe & Hungary & Central Hungary & Budapest & Things to Do in Budapest, 4.5, 47.495403, 19.042456, 669924308, 20190401, 20190401, 4.0, Stephanie W, /Profile/chloesmomNJ, 8a95a93e7de23b2e282436156cfc6b3c, /Attraction_Review-g274887-d7178088-Reviews-Castle_Garden-Budapest_Central_Hungary.html
Castle Garden, 7, 30, Points of Interest & Landmarks & Points of Interest & Landmarks, Europe & Hungary & Central Hungary & Budapest & Things to Do in Budapest, 4.5, 47.495403, 19.042456, 667135367, 20190401, 20190401, 4.0, Betty345123, /Profile/Betty345123, d9799f48a899f5ab49fd758618220f5e, /Attraction_Review-g274887-d7178088-Reviews-Castle_Garden-Budapest_Central_Hungary.html
Castle Garden, 7, 30, Points of Interest & Landmarks & Points of Interest & Landmarks, Europe & Hungary & Central Hungary & Budapest & Things to Do in Budapest, 4.5, 47.495403, 19.042456, 666881039, 20190401, 20190401, 5.0, My Map of Budapest, /Profile/mymapofbudapest, d57d8a3526b0880a850386f20754e697, /Attraction_Review-g274887-d7178088-Reviews-Castle_Garden-Budapest_Central_Hungary.html
