review_location_name, review_current_page, review_last_page, review_location_type, review_location_breadcrumbs, review_location_rate, location_lat, location_lng, review_id, review_date, review_experience_date, review_rate, user_name, user_link, user_id, parent_url
Budapest History Museum, 37, 45, Architectural Buildings & History Museums & Architectural Buildings & History Museums, Europe & Hungary & Central Hungary & Budapest & Things to Do in Budapest, 3.5, 47.49549, 19.03971, 216508701, 20140701, 20140701, 3.0, ExplorerXYZ, /Profile/ExplorerXYZ, 4788a085c9a5c929e9c3ef45f922d942, /Attraction_Review-g274887-d276807-Reviews-Budapest_History_Museum-Budapest_Central_Hungary.html
Budapest History Museum, 37, 45, Architectural Buildings & History Museums & Architectural Buildings & History Museums, Europe & Hungary & Central Hungary & Budapest & Things to Do in Budapest, 3.5, 47.49549, 19.03971, 215916751, 20140701, 20140701, 3.0, Emma C, /Profile/emmac584, c4933b28bc63e0a0ecde441be4ff3add, /Attraction_Review-g274887-d276807-Reviews-Budapest_History_Museum-Budapest_Central_Hungary.html
Budapest History Museum, 37, 45, Architectural Buildings & History Museums & Architectural Buildings & History Museums, Europe & Hungary & Central Hungary & Budapest & Things to Do in Budapest, 3.5, 47.49549, 19.03971, 211628593, 20140601, 20140601, 2.0, Bruno P, /Profile/BrunoP950, d9840f8dfae8b7cbee6d2c234397a84f, /Attraction_Review-g274887-d276807-Reviews-Budapest_History_Museum-Budapest_Central_Hungary.html
Budapest History Museum, 37, 45, Architectural Buildings & History Museums & Architectural Buildings & History Museums, Europe & Hungary & Central Hungary & Budapest & Things to Do in Budapest, 3.5, 47.49549, 19.03971, 211202923, 20140601, 20140601, 2.0, Jaggfly, /Profile/Jaggfly, 32bcc3e6682290e6ce1a2efb1e329ccd, /Attraction_Review-g274887-d276807-Reviews-Budapest_History_Museum-Budapest_Central_Hungary.html
Budapest History Museum, 37, 45, Architectural Buildings & History Museums & Architectural Buildings & History Museums, Europe & Hungary & Central Hungary & Budapest & Things to Do in Budapest, 3.5, 47.49549, 19.03971, 210716072, 20140601, 20140601, 5.0, Tamás F, /Profile/541tam_sf, 59e3d35221c129e1f9f6bd682fdd5bdf, /Attraction_Review-g274887-d276807-Reviews-Budapest_History_Museum-Budapest_Central_Hungary.html
