review_location_name, review_current_page, review_last_page, review_location_type, review_location_breadcrumbs, review_location_rate, location_lat, location_lng, review_id, review_date, review_experience_date, review_rate, user_name, user_link, user_id, parent_url
Budapest Eye, 51, 72, Lookouts & Lookouts, Europe & Hungary & Central Hungary & Budapest & Things to Do in Budapest, 4.0, 47.498257, 19.052116, 560641111, 20180201, 20180201, 3.0, Ian W, /Profile/608taff, b5a8fbea9c198e336d133232bb228a00, /Attraction_Review-g274887-d12571866-Reviews-Budapest_Eye-Budapest_Central_Hungary.html
Budapest Eye, 51, 72, Lookouts & Lookouts, Europe & Hungary & Central Hungary & Budapest & Things to Do in Budapest, 4.0, 47.498257, 19.052116, 559800096, 20180201, 20180201, 4.0, Anush R, /Profile/AnushRH, 963710ff38fb75aa10b34b3894cf9745, /Attraction_Review-g274887-d12571866-Reviews-Budapest_Eye-Budapest_Central_Hungary.html
Budapest Eye, 51, 72, Lookouts & Lookouts, Europe & Hungary & Central Hungary & Budapest & Things to Do in Budapest, 4.0, 47.498257, 19.052116, 558104631, 20180201, 20171201, 5.0, globeroadie, /Profile/globeroadie, 46740a4fbddc0df1622c447e5b4483e5, /Attraction_Review-g274887-d12571866-Reviews-Budapest_Eye-Budapest_Central_Hungary.html
Budapest Eye, 51, 72, Lookouts & Lookouts, Europe & Hungary & Central Hungary & Budapest & Things to Do in Budapest, 4.0, 47.498257, 19.052116, 557741370, 20180201, 20180201, 3.0, mica p, /Profile/MicaPinfold, 6927c73ae47dbd68fc5277dfe9da2ab8, /Attraction_Review-g274887-d12571866-Reviews-Budapest_Eye-Budapest_Central_Hungary.html
Budapest Eye, 51, 72, Lookouts & Lookouts, Europe & Hungary & Central Hungary & Budapest & Things to Do in Budapest, 4.0, 47.498257, 19.052116, 557591492, 20180101, 20180101, 4.0, Sarah P, /Profile/sarahp597, e13d7bff2f7fa685a194c936ec76661e, /Attraction_Review-g274887-d12571866-Reviews-Budapest_Eye-Budapest_Central_Hungary.html
