review_location_name, review_current_page, review_last_page, review_location_type, review_location_breadcrumbs, review_location_rate, location_lat, location_lng, review_id, review_date, review_experience_date, review_rate, user_name, user_link, user_id, parent_url
Sauska, 7, 9, Wineries & Vineyards & Wineries & Vineyards, Europe & Hungary & Southern Transdanubia & Baranya County & Villany & Things to Do in Villany, 5.0, 45.85994, 18.438704, 374453044, 20160501, 20150801, 5.0, LaVidaEstupenda, /Profile/LaVidaEstupenda, 4e9038741a14aa894be116bf70ac3457, /Attraction_Review-g1809174-d4114685-Reviews-Sauska-Villany_Baranya_County_Southern_Transdanubia.html
Sauska, 7, 9, Wineries & Vineyards & Wineries & Vineyards, Europe & Hungary & Southern Transdanubia & Baranya County & Villany & Things to Do in Villany, 5.0, 45.85994, 18.438704, 372599963, 20160501, 20160501, 5.0, francoiss447, /Profile/francoiss447, 90e1c6a2eebc95c98e8881b48f684a1e, /Attraction_Review-g1809174-d4114685-Reviews-Sauska-Villany_Baranya_County_Southern_Transdanubia.html
Sauska, 7, 9, Wineries & Vineyards & Wineries & Vineyards, Europe & Hungary & Southern Transdanubia & Baranya County & Villany & Things to Do in Villany, 5.0, 45.85994, 18.438704, 372598051, 20160501, 20160501, 5.0, Carol R, /Profile/retiefcarol, 074f2f3d326b4774c18c2baec6cd01a9, /Attraction_Review-g1809174-d4114685-Reviews-Sauska-Villany_Baranya_County_Southern_Transdanubia.html
Sauska, 7, 9, Wineries & Vineyards & Wineries & Vineyards, Europe & Hungary & Southern Transdanubia & Baranya County & Villany & Things to Do in Villany, 5.0, 45.85994, 18.438704, 362733535, 20160401, 20160401, 5.0, Bernadett N, /Profile/bernadettn2013, e375da9ecb203c5e1193a6ca1d316943, /Attraction_Review-g1809174-d4114685-Reviews-Sauska-Villany_Baranya_County_Southern_Transdanubia.html
Sauska, 7, 9, Wineries & Vineyards & Wineries & Vineyards, Europe & Hungary & Southern Transdanubia & Baranya County & Villany & Things to Do in Villany, 5.0, 45.85994, 18.438704, 338520591, 20160101, 20151201, 4.0, Amicoi, /Profile/Amicoi, e763cfd117fcd149cfca3f4ef269682c, /Attraction_Review-g1809174-d4114685-Reviews-Sauska-Villany_Baranya_County_Southern_Transdanubia.html
