review_location_name, review_current_page, review_last_page, review_location_type, review_location_breadcrumbs, review_location_rate, location_lat, location_lng, review_id, review_date, review_experience_date, review_rate, user_name, user_link, user_id, parent_url
Music Fountain, 59, 140, Points of Interest & Landmarks & Fountains & Points of Interest & Landmarks & Fountains, Europe & Hungary & Central Hungary & Budapest & Things to Do in Budapest, 4.5, 47.51881, 19.044836, 509097758, 20170801, 20170801, 2.0, André A, /Profile/735andr_a, 9a4241f26fb1505d8850abf2f7605893, /Attraction_Review-g274887-d6936772-Reviews-Music_Fountain-Budapest_Central_Hungary.html
Music Fountain, 59, 140, Points of Interest & Landmarks & Fountains & Points of Interest & Landmarks & Fountains, Europe & Hungary & Central Hungary & Budapest & Things to Do in Budapest, 4.5, 47.51881, 19.044836, 508398613, 20170801, 20170701, 5.0, Sally D, /Profile/28SallyD, cc7dd3625198ae0a78623d5d41b08b78, /Attraction_Review-g274887-d6936772-Reviews-Music_Fountain-Budapest_Central_Hungary.html
Music Fountain, 59, 140, Points of Interest & Landmarks & Fountains & Points of Interest & Landmarks & Fountains, Europe & Hungary & Central Hungary & Budapest & Things to Do in Budapest, 4.5, 47.51881, 19.044836, 508322548, 20170801, 20170801, 5.0, AVL4, /Profile/AVL4, 234329f159a1b5bdb4ebdb8a32b11294, /Attraction_Review-g274887-d6936772-Reviews-Music_Fountain-Budapest_Central_Hungary.html
Music Fountain, 59, 140, Points of Interest & Landmarks & Fountains & Points of Interest & Landmarks & Fountains, Europe & Hungary & Central Hungary & Budapest & Things to Do in Budapest, 4.5, 47.51881, 19.044836, 507864745, 20170801, 20170801, 5.0, Denic001, /Profile/Denic001, 2c3b79f39271e44445e54aa74079ba93, /Attraction_Review-g274887-d6936772-Reviews-Music_Fountain-Budapest_Central_Hungary.html
Music Fountain, 59, 140, Points of Interest & Landmarks & Fountains & Points of Interest & Landmarks & Fountains, Europe & Hungary & Central Hungary & Budapest & Things to Do in Budapest, 4.5, 47.51881, 19.044836, 507176998, 20170701, 20170601, 5.0, Colin N, /Profile/156colinn, 7e4355ad404cc12aa16a62b678926d94, /Attraction_Review-g274887-d6936772-Reviews-Music_Fountain-Budapest_Central_Hungary.html
