review_location_name, review_current_page, review_last_page, review_location_type, review_location_breadcrumbs, review_location_rate, location_lat, location_lng, review_id, review_date, review_experience_date, review_rate, user_name, user_link, user_id, parent_url
Vajdahunyad Castle (Vajdahunyadvar), 57, 185, Architectural Buildings & Castles & Architectural Buildings & Castles, Europe & Hungary & Central Hungary & Budapest & Things to Do in Budapest, 4.5, 47.51674, 19.082123, 552562969, 20180101, 20180101, 5.0, ShirazBlues, /Profile/ShirazBlues, e51b2ca85a80a5173ed4b5ae5f118cc4, /Attraction_Review-g274887-d277831-Reviews-Vajdahunyad_Castle_Vajdahunyadvar-Budapest_Central_Hungary.html
Vajdahunyad Castle (Vajdahunyadvar), 57, 185, Architectural Buildings & Castles & Architectural Buildings & Castles, Europe & Hungary & Central Hungary & Budapest & Things to Do in Budapest, 4.5, 47.51674, 19.082123, 552519289, 20180101, 20171201, 5.0, Pat D, /Profile/pd2111, f18f287d66a5676c3baf3be5821a1ddc, /Attraction_Review-g274887-d277831-Reviews-Vajdahunyad_Castle_Vajdahunyadvar-Budapest_Central_Hungary.html
Vajdahunyad Castle (Vajdahunyadvar), 57, 185, Architectural Buildings & Castles & Architectural Buildings & Castles, Europe & Hungary & Central Hungary & Budapest & Things to Do in Budapest, 4.5, 47.51674, 19.082123, 552139615, 20180101, 20171201, 4.0, Daniela D, /Profile/danielad368, a7e9b8fc5644ebb51ac1d96e777f0cb9, /Attraction_Review-g274887-d277831-Reviews-Vajdahunyad_Castle_Vajdahunyadvar-Budapest_Central_Hungary.html
Vajdahunyad Castle (Vajdahunyadvar), 57, 185, Architectural Buildings & Castles & Architectural Buildings & Castles, Europe & Hungary & Central Hungary & Budapest & Things to Do in Budapest, 4.5, 47.51674, 19.082123, 552084339, 20180101, 20180101, 5.0, Bolansan, /Profile/Bolansan, 4efe3424b3853b7a18a038e603f23934, /Attraction_Review-g274887-d277831-Reviews-Vajdahunyad_Castle_Vajdahunyadvar-Budapest_Central_Hungary.html
Vajdahunyad Castle (Vajdahunyadvar), 57, 185, Architectural Buildings & Castles & Architectural Buildings & Castles, Europe & Hungary & Central Hungary & Budapest & Things to Do in Budapest, 4.5, 47.51674, 19.082123, 551280708, 20180101, 20171201, 5.0, CharliefromTampa, /Profile/CharliefromTampa, a4ea09cb47a7441cce367d21662930e8, /Attraction_Review-g274887-d277831-Reviews-Vajdahunyad_Castle_Vajdahunyadvar-Budapest_Central_Hungary.html
