review_location_name, review_current_page, review_last_page, review_location_type, review_location_breadcrumbs, review_location_rate, location_lat, location_lng, review_id, review_date, review_experience_date, review_rate, user_name, user_link, user_id, parent_url
Etyeki Kuria Winery, 4, 7, Wineries & Vineyards & Wineries & Vineyards, Europe & Hungary & Central Transdanubia & Fejer County & Etyek & Things to Do in Etyek, 4.5, 47.43784, 18.74879, 393228700, 20160701, 20160701, 4.0, mtzemler, /Profile/mtzemler, 9f7786645ca74be598c81d29b95b5cc4, /Attraction_Review-g1077271-d3246589-Reviews-Etyeki_Kuria_Winery-Etyek_Fejer_County_Central_Transdanubia.html
Etyeki Kuria Winery, 4, 7, Wineries & Vineyards & Wineries & Vineyards, Europe & Hungary & Central Transdanubia & Fejer County & Etyek & Things to Do in Etyek, 4.5, 47.43784, 18.74879, 389072281, 20160701, 20160701, 4.0, Sophie W, /Profile/351sophiew, 6c724e5c9cfa8897282aee26cc626807, /Attraction_Review-g1077271-d3246589-Reviews-Etyeki_Kuria_Winery-Etyek_Fejer_County_Central_Transdanubia.html
Etyeki Kuria Winery, 4, 7, Wineries & Vineyards & Wineries & Vineyards, Europe & Hungary & Central Transdanubia & Fejer County & Etyek & Things to Do in Etyek, 4.5, 47.43784, 18.74879, 367695576, 20160401, 20160401, 5.0, Daisy S, /Profile/daisys3101, e86ab16551340a49bc071d13b32bca6d, /Attraction_Review-g1077271-d3246589-Reviews-Etyeki_Kuria_Winery-Etyek_Fejer_County_Central_Transdanubia.html
Etyeki Kuria Winery, 4, 7, Wineries & Vineyards & Wineries & Vineyards, Europe & Hungary & Central Transdanubia & Fejer County & Etyek & Things to Do in Etyek, 4.5, 47.43784, 18.74879, 261911371, 20150301, 20150301, 4.0, LovetotravelJJ, /Profile/LovetotravelJJ, 1ced3777b8f04a81343b4a42ad6dd64b, /Attraction_Review-g1077271-d3246589-Reviews-Etyeki_Kuria_Winery-Etyek_Fejer_County_Central_Transdanubia.html
Etyeki Kuria Winery, 4, 7, Wineries & Vineyards & Wineries & Vineyards, Europe & Hungary & Central Transdanubia & Fejer County & Etyek & Things to Do in Etyek, 4.5, 47.43784, 18.74879, 259999709, 20150301, 20150301, 5.0, TKos88, /Profile/TKos88, be711b31eca557488ed047089b714119, /Attraction_Review-g1077271-d3246589-Reviews-Etyeki_Kuria_Winery-Etyek_Fejer_County_Central_Transdanubia.html
