review_location_name, review_current_page, review_last_page, review_location_type, review_location_breadcrumbs, review_location_rate, location_lat, location_lng, review_id, review_date, review_experience_date, review_rate, user_name, user_link, user_id, parent_url
Budapest Metro, 8, 72, Tramways & Mass Transportation Systems & Tramways & Mass Transportation Systems, Europe & Hungary & Central Hungary & Budapest & Things to Do in Budapest, 3.5, 47.504642, 19.062435, 729375263, 20191101, 20191101, 1.0, arc779, /Profile/arc779, 4f2da8e85a14513eb25be64924640ebb, /Attraction_Review-g274887-d9740716-Reviews-Budapest_Metro-Budapest_Central_Hungary.html
Budapest Metro, 8, 72, Tramways & Mass Transportation Systems & Tramways & Mass Transportation Systems, Europe & Hungary & Central Hungary & Budapest & Things to Do in Budapest, 3.5, 47.504642, 19.062435, 728578098, 20191101, 20191101, 5.0, Jack Y, /Profile/JackY330, a735f6222e202cd0b64f8807231d0097, /Attraction_Review-g274887-d9740716-Reviews-Budapest_Metro-Budapest_Central_Hungary.html
Budapest Metro, 8, 72, Tramways & Mass Transportation Systems & Tramways & Mass Transportation Systems, Europe & Hungary & Central Hungary & Budapest & Things to Do in Budapest, 3.5, 47.504642, 19.062435, 728521048, 20191101, 20191101, 5.0, Simon M, /Profile/Simonlyon53, 4ace10268a16bfc15746d81a71a30afa, /Attraction_Review-g274887-d9740716-Reviews-Budapest_Metro-Budapest_Central_Hungary.html
Budapest Metro, 8, 72, Tramways & Mass Transportation Systems & Tramways & Mass Transportation Systems, Europe & Hungary & Central Hungary & Budapest & Things to Do in Budapest, 3.5, 47.504642, 19.062435, 728346078, 20191101, 20191101, 4.0, Howlo, /Profile/Howlo, 637392d7a96dbe38d4cd9101276117fe, /Attraction_Review-g274887-d9740716-Reviews-Budapest_Metro-Budapest_Central_Hungary.html
Budapest Metro, 8, 72, Tramways & Mass Transportation Systems & Tramways & Mass Transportation Systems, Europe & Hungary & Central Hungary & Budapest & Things to Do in Budapest, 3.5, 47.504642, 19.062435, 727799406, 20191101, 20190401, 1.0, Alex._.Kiat, /Profile/AK37479, 5e8a230ddaeff0ea785e395f4d8a27a5, /Attraction_Review-g274887-d9740716-Reviews-Budapest_Metro-Budapest_Central_Hungary.html
