review_location_name, review_current_page, review_last_page, review_location_type, review_location_breadcrumbs, review_location_rate, location_lat, location_lng, review_id, review_date, review_experience_date, review_rate, user_name, user_link, user_id, parent_url
Panoptikum, 20, 107, History Museums & History Museums, Europe & Hungary & Central Hungary & Budapest & Things to Do in Budapest, 3.5, 47.500263, 19.034166, 641085930, 20181201, 20181201, 5.0, CharlesDorsett, /Profile/CharlesDorsett, 58748800fa85d757a21ec2d58d28b7c9, /Attraction_Review-g274887-d7372844-Reviews-Panoptikum-Budapest_Central_Hungary.html
Panoptikum, 20, 107, History Museums & History Museums, Europe & Hungary & Central Hungary & Budapest & Things to Do in Budapest, 3.5, 47.500263, 19.034166, 641084731, 20181201, 20181201, 5.0, MagicRoundabout365, /Profile/MagicRoundabout365, dc7ca9065f854c8b8bd523fe72a492df, /Attraction_Review-g274887-d7372844-Reviews-Panoptikum-Budapest_Central_Hungary.html
Panoptikum, 20, 107, History Museums & History Museums, Europe & Hungary & Central Hungary & Budapest & Things to Do in Budapest, 3.5, 47.500263, 19.034166, 639148236, 20181201, 20181001, 1.0, Christina P, /Profile/ChristinaP1434, cbecac740020188e623c61b08efa0c9c, /Attraction_Review-g274887-d7372844-Reviews-Panoptikum-Budapest_Central_Hungary.html
Panoptikum, 20, 107, History Museums & History Museums, Europe & Hungary & Central Hungary & Budapest & Things to Do in Budapest, 3.5, 47.500263, 19.034166, 638618227, 20181201, 20181201, 3.0, ScruffyBounty, /Profile/ScruffyBounty, e3626ae112274dff1688ef2eea4f518c, /Attraction_Review-g274887-d7372844-Reviews-Panoptikum-Budapest_Central_Hungary.html
Panoptikum, 20, 107, History Museums & History Museums, Europe & Hungary & Central Hungary & Budapest & Things to Do in Budapest, 3.5, 47.500263, 19.034166, 637509576, 20181201, 20181201, 1.0, Penelope R, /Profile/peneloper15, e8ff5b8206f8dbdca3258f5cbbcd3055, /Attraction_Review-g274887-d7372844-Reviews-Panoptikum-Budapest_Central_Hungary.html
