review_location_name, review_current_page, review_last_page, review_location_type, review_location_breadcrumbs, review_location_rate, location_lat, location_lng, review_id, review_date, review_experience_date, review_rate, user_name, user_link, user_id, parent_url
Gellért Hill Cave, 26, 75, Churches & Cathedrals & Churches & Cathedrals, Europe & Hungary & Central Hungary & Budapest & Things to Do in Budapest, 4.0, 47.485428, 19.0518, 501167819, 20170701, 20170701, 3.0, walkerm029, /Profile/walkerm029, b50581839546e7b41e2f8942af108430, /Attraction_Review-g274887-d1018238-Reviews-Gellert_Hill_Cave-Budapest_Central_Hungary.html
Gellért Hill Cave, 26, 75, Churches & Cathedrals & Churches & Cathedrals, Europe & Hungary & Central Hungary & Budapest & Things to Do in Budapest, 4.0, 47.485428, 19.0518, 500039383, 20170701, 20170601, 5.0, McArthur3, /Profile/McArthur3, cc63aaca3de0e6d09fec3c5a51f462c3, /Attraction_Review-g274887-d1018238-Reviews-Gellert_Hill_Cave-Budapest_Central_Hungary.html
Gellért Hill Cave, 26, 75, Churches & Cathedrals & Churches & Cathedrals, Europe & Hungary & Central Hungary & Budapest & Things to Do in Budapest, 4.0, 47.485428, 19.0518, 497614352, 20170701, 20170601, 5.0, alex111ander, /Profile/alex111ander, 43f3a4577b2b2ed6cbcae52f449d81ba, /Attraction_Review-g274887-d1018238-Reviews-Gellert_Hill_Cave-Budapest_Central_Hungary.html
Gellért Hill Cave, 26, 75, Churches & Cathedrals & Churches & Cathedrals, Europe & Hungary & Central Hungary & Budapest & Things to Do in Budapest, 4.0, 47.485428, 19.0518, 494203728, 20170601, 20170601, 4.0, OZS_ATW, /Profile/OZS_ATW, 7b397f3861a6ba067668516910b173c8, /Attraction_Review-g274887-d1018238-Reviews-Gellert_Hill_Cave-Budapest_Central_Hungary.html
Gellért Hill Cave, 26, 75, Churches & Cathedrals & Churches & Cathedrals, Europe & Hungary & Central Hungary & Budapest & Things to Do in Budapest, 4.0, 47.485428, 19.0518, 492227018, 20170601, 20170501, 4.0, Hannah S, /Profile/55hannahs, 361c49dc93c601e5c63bcb3f9ee098be, /Attraction_Review-g274887-d1018238-Reviews-Gellert_Hill_Cave-Budapest_Central_Hungary.html
