review_location_name, review_current_page, review_last_page, review_location_type, review_location_breadcrumbs, review_location_rate, location_lat, location_lng, review_id, review_date, review_experience_date, review_rate, user_name, user_link, user_id, parent_url
Koller Gallery, 16, 33, Art Galleries & Art Galleries, Europe & Hungary & Central Hungary & Budapest & Things to Do in Budapest, 5.0, 47.503735, 19.033298, 573750064, 20180401, 20180401, 5.0, Jebediah_Solomon, /Profile/Jebediah_Solomon, 2494d3789d0dc201a600602fe81a4fbf, /Attraction_Review-g274887-d1988979-Reviews-Koller_Gallery-Budapest_Central_Hungary.html
Koller Gallery, 16, 33, Art Galleries & Art Galleries, Europe & Hungary & Central Hungary & Budapest & Things to Do in Budapest, 5.0, 47.503735, 19.033298, 573725538, 20180401, 20180401, 5.0, 310markkup, /Profile/310markkup, 31c38d6cc2fde4aacdc1a2cb1cdf1098, /Attraction_Review-g274887-d1988979-Reviews-Koller_Gallery-Budapest_Central_Hungary.html
Koller Gallery, 16, 33, Art Galleries & Art Galleries, Europe & Hungary & Central Hungary & Budapest & Things to Do in Budapest, 5.0, 47.503735, 19.033298, 573271335, 20180401, 20180401, 5.0, Daria Graille, /Profile/graille, 501f9de3497e6d83f4a5ce7035b8365e, /Attraction_Review-g274887-d1988979-Reviews-Koller_Gallery-Budapest_Central_Hungary.html
Koller Gallery, 16, 33, Art Galleries & Art Galleries, Europe & Hungary & Central Hungary & Budapest & Things to Do in Budapest, 5.0, 47.503735, 19.033298, 573066827, 20180401, 20180401, 5.0, Genadi S, /Profile/genadis2013, 718dfb8f5f3b95f50a9d4d83a248161f, /Attraction_Review-g274887-d1988979-Reviews-Koller_Gallery-Budapest_Central_Hungary.html
Koller Gallery, 16, 33, Art Galleries & Art Galleries, Europe & Hungary & Central Hungary & Budapest & Things to Do in Budapest, 5.0, 47.503735, 19.033298, 572268603, 20180401, 20180301, 5.0, Ricardo P, /Profile/ricardop696, f906ecd820e488e8484e4d15e099a752, /Attraction_Review-g274887-d1988979-Reviews-Koller_Gallery-Budapest_Central_Hungary.html
