review_location_name, review_current_page, review_last_page, review_location_type, review_location_breadcrumbs, review_location_rate, location_lat, location_lng, review_id, review_date, review_experience_date, review_rate, user_name, user_link, user_id, parent_url
Margaret Island, 143, 542, Islands & Parks & Islands & Parks, Europe & Hungary & Central Hungary & Budapest & Things to Do in Budapest, 4.5, 47.520546, 19.047213, 516017394, 20170801, 20170701, 5.0, Tam_Tr_92, /Profile/Tam_Tr_92, 8e18c7120252118df14686f4bab4174a, /Attraction_Review-g274887-d276126-Reviews-Margaret_Island-Budapest_Central_Hungary.html
Margaret Island, 143, 542, Islands & Parks & Islands & Parks, Europe & Hungary & Central Hungary & Budapest & Things to Do in Budapest, 4.5, 47.520546, 19.047213, 515974249, 20170801, 20160901, 4.0, amiros78, /Profile/amirhabib18, 42a253121b046184e458e7c17b6e07d3, /Attraction_Review-g274887-d276126-Reviews-Margaret_Island-Budapest_Central_Hungary.html
Margaret Island, 143, 542, Islands & Parks & Islands & Parks, Europe & Hungary & Central Hungary & Budapest & Things to Do in Budapest, 4.5, 47.520546, 19.047213, 515260332, 20170801, 20170801, 5.0, Ruth W, /Profile/RuthW841, 25dd21b0cb2c36f8b71885e3d7590fcc, /Attraction_Review-g274887-d276126-Reviews-Margaret_Island-Budapest_Central_Hungary.html
Margaret Island, 143, 542, Islands & Parks & Islands & Parks, Europe & Hungary & Central Hungary & Budapest & Things to Do in Budapest, 4.5, 47.520546, 19.047213, 514694985, 20170801, 20170801, 5.0, Gillian T, /Profile/GillianT744, 7046100697442f9d6a62d6678ca3c570, /Attraction_Review-g274887-d276126-Reviews-Margaret_Island-Budapest_Central_Hungary.html
Margaret Island, 143, 542, Islands & Parks & Islands & Parks, Europe & Hungary & Central Hungary & Budapest & Things to Do in Budapest, 4.5, 47.520546, 19.047213, 514442287, 20170801, 20170501, 5.0, Richard S, /Profile/shockinator, 4216de2326907b14c329a71c8d314150, /Attraction_Review-g274887-d276126-Reviews-Margaret_Island-Budapest_Central_Hungary.html
