review_location_name, review_current_page, review_last_page, review_location_type, review_location_breadcrumbs, review_location_rate, location_lat, location_lng, review_id, review_date, review_experience_date, review_rate, user_name, user_link, user_id, parent_url
Memento Park, 66, 152, Specialty Museums & Specialty Museums, Europe & Hungary & Central Hungary & Budapest & Things to Do in Budapest, 4.0, 47.426434, 18.999565, 354565078, 20160301, 20160301, 3.0, Alan W, /Profile/814AlanW, c6c0a2f34d5dcb7a49c0586e49f62176, /Attraction_Review-g274887-d276834-Reviews-Memento_Park-Budapest_Central_Hungary.html
Memento Park, 66, 152, Specialty Museums & Specialty Museums, Europe & Hungary & Central Hungary & Budapest & Things to Do in Budapest, 4.0, 47.426434, 18.999565, 354268572, 20160301, 20151001, 4.0, mikhel, /Profile/mikhel, 32a9ecacfff5999fe95622936c26d085, /Attraction_Review-g274887-d276834-Reviews-Memento_Park-Budapest_Central_Hungary.html
Memento Park, 66, 152, Specialty Museums & Specialty Museums, Europe & Hungary & Central Hungary & Budapest & Things to Do in Budapest, 4.0, 47.426434, 18.999565, 353355573, 20160301, 20160201, 4.0, Lizzyaw04, /Profile/Lizzyaw04, 599453d9780215e176651f14856af10e, /Attraction_Review-g274887-d276834-Reviews-Memento_Park-Budapest_Central_Hungary.html
Memento Park, 66, 152, Specialty Museums & Specialty Museums, Europe & Hungary & Central Hungary & Budapest & Things to Do in Budapest, 4.0, 47.426434, 18.999565, 352685684, 20160301, 20160201, 5.0, tylkopolska, /Profile/tylkopolska, 63d59f35f2082761d7dc406170dacd24, /Attraction_Review-g274887-d276834-Reviews-Memento_Park-Budapest_Central_Hungary.html
Memento Park, 66, 152, Specialty Museums & Specialty Museums, Europe & Hungary & Central Hungary & Budapest & Things to Do in Budapest, 4.0, 47.426434, 18.999565, 351163883, 20160201, 20160201, 5.0, Daveskiy, /Profile/Daveskiy, f06fc6f75e5c7214bf0b32ef542432de, /Attraction_Review-g274887-d276834-Reviews-Memento_Park-Budapest_Central_Hungary.html
