review_location_name, review_current_page, review_last_page, review_location_type, review_location_breadcrumbs, review_location_rate, location_lat, location_lng, review_id, review_date, review_experience_date, review_rate, user_name, user_link, user_id, parent_url
The statue of the Great Ho-ho-ho Horgasz's Chief Worm, 2, 3, Points of Interest & Landmarks & Monuments & Statues & Points of Interest & Landmarks & Monuments & Statues, Europe & Hungary & Central Hungary & Budapest & Things to Do in Budapest, 4.5, 47.502563, 19.039942, 665935756, 20190401, 20190401, 4.0, Ana M, /Profile/485AnaM, a9f4df28c89df0ae290130b45e6b8b9f, /Attraction_Review-g274887-d12358802-Reviews-The_statue_of_the_Great_Ho_ho_ho_Horgasz_s_Chief_Worm-Budapest_Central_Hungary.html
The statue of the Great Ho-ho-ho Horgasz's Chief Worm, 2, 3, Points of Interest & Landmarks & Monuments & Statues & Points of Interest & Landmarks & Monuments & Statues, Europe & Hungary & Central Hungary & Budapest & Things to Do in Budapest, 4.5, 47.502563, 19.039942, 651783334, 20190201, 20181001, 5.0, Pejman H, /Profile/PejmanH1, cfbe1efef767b692f484c2f0ce7806e3, /Attraction_Review-g274887-d12358802-Reviews-The_statue_of_the_Great_Ho_ho_ho_Horgasz_s_Chief_Worm-Budapest_Central_Hungary.html
The statue of the Great Ho-ho-ho Horgasz's Chief Worm, 2, 3, Points of Interest & Landmarks & Monuments & Statues & Points of Interest & Landmarks & Monuments & Statues, Europe & Hungary & Central Hungary & Budapest & Things to Do in Budapest, 4.5, 47.502563, 19.039942, 650340817, 20190201, 20190201, 4.0, Paula G, /Profile/Griff1893, 1a5748be21f993b85a7692c957af5760, /Attraction_Review-g274887-d12358802-Reviews-The_statue_of_the_Great_Ho_ho_ho_Horgasz_s_Chief_Worm-Budapest_Central_Hungary.html
The statue of the Great Ho-ho-ho Horgasz's Chief Worm, 2, 3, Points of Interest & Landmarks & Monuments & Statues & Points of Interest & Landmarks & Monuments & Statues, Europe & Hungary & Central Hungary & Budapest & Things to Do in Budapest, 4.5, 47.502563, 19.039942, 584151850, 20180501, 20180401, 5.0, Mariann Gabriella, /Profile/marianngabriella, 38146a91bec7f8d84c9e6ab8f718a0de, /Attraction_Review-g274887-d12358802-Reviews-The_statue_of_the_Great_Ho_ho_ho_Horgasz_s_Chief_Worm-Budapest_Central_Hungary.html
The statue of the Great Ho-ho-ho Horgasz's Chief Worm, 2, 3, Points of Interest & Landmarks & Monuments & Statues & Points of Interest & Landmarks & Monuments & Statues, Europe & Hungary & Central Hungary & Budapest & Things to Do in Budapest, 4.5, 47.502563, 19.039942, 557399821, 20180101, 20180101, 4.0, Krishna S, /Profile/krishnas67, dcf10a85b6d0ac3075ac56b169b47f9d, /Attraction_Review-g274887-d12358802-Reviews-The_statue_of_the_Great_Ho_ho_ho_Horgasz_s_Chief_Worm-Budapest_Central_Hungary.html
