review_location_name, review_current_page, review_last_page, review_location_type, review_location_breadcrumbs, review_location_rate, location_lat, location_lng, review_id, review_date, review_experience_date, review_rate, user_name, user_link, user_id, parent_url
Heroes' Square, 355, 1253, Historic Sites & Points of Interest & Landmarks & Monuments & Statues & Historic Sites & Points of Interest & Landmarks & Monuments & Statues, Europe & Hungary & Central Hungary & Budapest & Things to Do in Budapest, 4.5, 47.51514, 19.07814, 558332371, 20180201, 20180201, 3.0, eloise s, /Profile/eloises2015, ef1c53fd46612dd4bcea4825b4b3f3b1, /Attraction_Review-g274887-d276827-Reviews-Heroes_Square-Budapest_Central_Hungary.html
Heroes' Square, 355, 1253, Historic Sites & Points of Interest & Landmarks & Monuments & Statues & Historic Sites & Points of Interest & Landmarks & Monuments & Statues, Europe & Hungary & Central Hungary & Budapest & Things to Do in Budapest, 4.5, 47.51514, 19.07814, 558321160, 20180201, 20180101, 5.0, maruskasmisek, /Profile/maruskasmisek, 35b640ac55ec828cd30f01f9e64f0c00, /Attraction_Review-g274887-d276827-Reviews-Heroes_Square-Budapest_Central_Hungary.html
Heroes' Square, 355, 1253, Historic Sites & Points of Interest & Landmarks & Monuments & Statues & Historic Sites & Points of Interest & Landmarks & Monuments & Statues, Europe & Hungary & Central Hungary & Budapest & Things to Do in Budapest, 4.5, 47.51514, 19.07814, 558097066, 20180201, 20180201, 4.0, GRE200, /Profile/GRE200, 1bdb9f292a3bf0cd57324b0f1e81cfc0, /Attraction_Review-g274887-d276827-Reviews-Heroes_Square-Budapest_Central_Hungary.html
Heroes' Square, 355, 1253, Historic Sites & Points of Interest & Landmarks & Monuments & Statues & Historic Sites & Points of Interest & Landmarks & Monuments & Statues, Europe & Hungary & Central Hungary & Budapest & Things to Do in Budapest, 4.5, 47.51514, 19.07814, 557927254, 20180201, 20180101, 4.0, JenQatar, /Profile/JenQatar, 0c4b62e36d14c4d7c2e16afa4ce03d1e, /Attraction_Review-g274887-d276827-Reviews-Heroes_Square-Budapest_Central_Hungary.html
Heroes' Square, 355, 1253, Historic Sites & Points of Interest & Landmarks & Monuments & Statues & Historic Sites & Points of Interest & Landmarks & Monuments & Statues, Europe & Hungary & Central Hungary & Budapest & Things to Do in Budapest, 4.5, 47.51514, 19.07814, 557587019, 20180101, 20180101, 4.0, Ilume, /Profile/Ilume, d12fffd61cebdb1c989e97d981176f1a, /Attraction_Review-g274887-d276827-Reviews-Heroes_Square-Budapest_Central_Hungary.html
