review_location_name, review_current_page, review_last_page, review_location_type, review_location_breadcrumbs, review_location_rate, location_lat, location_lng, review_id, review_date, review_experience_date, review_rate, user_name, user_link, user_id, parent_url
Great / Central Synagogue (Nagy Zsinagoga), 154, 609, Historic Sites & Architectural Buildings & Sacred & Religious Sites & Historic Sites & Architectural Buildings & Sacred & Religious Sites, Europe & Hungary & Central Hungary & Budapest & Things to Do in Budapest, 4.0, 47.495827, 19.060555, 550881442, 20180101, 20171201, 5.0, Shatiel, /Profile/shatiel, bb99524045a7b8aac37a2a9b63b5be0a, /Attraction_Review-g274887-d276815-Reviews-Great_Central_Synagogue_Nagy_Zsinagoga-Budapest_Central_Hungary.html
Great / Central Synagogue (Nagy Zsinagoga), 154, 609, Historic Sites & Architectural Buildings & Sacred & Religious Sites & Historic Sites & Architectural Buildings & Sacred & Religious Sites, Europe & Hungary & Central Hungary & Budapest & Things to Do in Budapest, 4.0, 47.495827, 19.060555, 550676243, 20180101, 20171201, 4.0, DON DIEGO D, /Profile/DonatoSuppa, 0a63b5a8b95b3273914ee2d70f274f5a, /Attraction_Review-g274887-d276815-Reviews-Great_Central_Synagogue_Nagy_Zsinagoga-Budapest_Central_Hungary.html
Great / Central Synagogue (Nagy Zsinagoga), 154, 609, Historic Sites & Architectural Buildings & Sacred & Religious Sites & Historic Sites & Architectural Buildings & Sacred & Religious Sites, Europe & Hungary & Central Hungary & Budapest & Things to Do in Budapest, 4.0, 47.495827, 19.060555, 550630291, 20180101, 20180101, 4.0, sodesa, /Profile/sodesa, 9bf4dc4604b5dde8a9ca281d61ba4886, /Attraction_Review-g274887-d276815-Reviews-Great_Central_Synagogue_Nagy_Zsinagoga-Budapest_Central_Hungary.html
Great / Central Synagogue (Nagy Zsinagoga), 154, 609, Historic Sites & Architectural Buildings & Sacred & Religious Sites & Historic Sites & Architectural Buildings & Sacred & Religious Sites, Europe & Hungary & Central Hungary & Budapest & Things to Do in Budapest, 4.0, 47.495827, 19.060555, 550470903, 20171201, 20170901, 5.0, BarryK58, /Profile/BarryK58, 3f0f13579c75ec930cc2ad55efca99df, /Attraction_Review-g274887-d276815-Reviews-Great_Central_Synagogue_Nagy_Zsinagoga-Budapest_Central_Hungary.html
Great / Central Synagogue (Nagy Zsinagoga), 154, 609, Historic Sites & Architectural Buildings & Sacred & Religious Sites & Historic Sites & Architectural Buildings & Sacred & Religious Sites, Europe & Hungary & Central Hungary & Budapest & Things to Do in Budapest, 4.0, 47.495827, 19.060555, 550445888, 20171201, 20171201, 5.0, Pauline X, /Profile/PaulineX_12, 308ee024123c7565d0b0b11e61ba7ddc, /Attraction_Review-g274887-d276815-Reviews-Great_Central_Synagogue_Nagy_Zsinagoga-Budapest_Central_Hungary.html
