review_location_name, review_current_page, review_last_page, review_location_type, review_location_breadcrumbs, review_location_rate, location_lat, location_lng, review_id, review_date, review_experience_date, review_rate, user_name, user_link, user_id, parent_url
Sándor Petőfi Statue, 2, 5, Monuments & Statues & Monuments & Statues, Europe & Hungary & Central Hungary & Budapest & Things to Do in Budapest, 4.0, 47.492836, 19.050678, 545158616, 20171201, 20171101, 4.0, Larry C, /Profile/larryc867, a1eef8dff8ce8c4326377fd7d6534b8c, /Attraction_Review-g274887-d9715889-Reviews-Sandor_Petofi_Statue-Budapest_Central_Hungary.html
Sándor Petőfi Statue, 2, 5, Monuments & Statues & Monuments & Statues, Europe & Hungary & Central Hungary & Budapest & Things to Do in Budapest, 4.0, 47.492836, 19.050678, 537088486, 20171001, 20171001, 4.0, BarbieMegaTraveller, /Profile/BarbieMegaTraveller, 8cb3aa0e829aad431c68e74ecaf2fdb7, /Attraction_Review-g274887-d9715889-Reviews-Sandor_Petofi_Statue-Budapest_Central_Hungary.html
Sándor Petőfi Statue, 2, 5, Monuments & Statues & Monuments & Statues, Europe & Hungary & Central Hungary & Budapest & Things to Do in Budapest, 4.0, 47.492836, 19.050678, 533352476, 20171001, 20171001, 3.0, FlyingAladar, /Profile/FlyingAladar, 0e85ae2949087f7ff2192e10036368d4, /Attraction_Review-g274887-d9715889-Reviews-Sandor_Petofi_Statue-Budapest_Central_Hungary.html
Sándor Petőfi Statue, 2, 5, Monuments & Statues & Monuments & Statues, Europe & Hungary & Central Hungary & Budapest & Things to Do in Budapest, 4.0, 47.492836, 19.050678, 518659555, 20170801, 20170801, 4.0, ldgp14, /Profile/ldgp14, 07eb5f8593948d86fe0a67da1393bafc, /Attraction_Review-g274887-d9715889-Reviews-Sandor_Petofi_Statue-Budapest_Central_Hungary.html
Sándor Petőfi Statue, 2, 5, Monuments & Statues & Monuments & Statues, Europe & Hungary & Central Hungary & Budapest & Things to Do in Budapest, 4.0, 47.492836, 19.050678, 501115313, 20170701, 20170601, 3.0, Csaba P, /Profile/547csabap, 51b1cd0a6191ba6535ffa135c5f40bc8, /Attraction_Review-g274887-d9715889-Reviews-Sandor_Petofi_Statue-Budapest_Central_Hungary.html
