review_location_name, review_current_page, review_last_page, review_location_type, review_location_breadcrumbs, review_location_rate, location_lat, location_lng, review_id, review_date, review_experience_date, review_rate, user_name, user_link, user_id, parent_url
Koller Gallery, 26, 33, Art Galleries & Art Galleries, Europe & Hungary & Central Hungary & Budapest & Things to Do in Budapest, 5.0, 47.503735, 19.033298, 469781249, 20170301, 20170301, 5.0, elene j, /Profile/elene_jiqidze, 89ebbcda88d2deeda2946d0d4526d512, /Attraction_Review-g274887-d1988979-Reviews-Koller_Gallery-Budapest_Central_Hungary.html
Koller Gallery, 26, 33, Art Galleries & Art Galleries, Europe & Hungary & Central Hungary & Budapest & Things to Do in Budapest, 5.0, 47.503735, 19.033298, 468310031, 20170301, 20170301, 5.0, Prickerie, /Profile/Prickerie, 0eed37e82eef4bd08b6c3c84bdc43cf0, /Attraction_Review-g274887-d1988979-Reviews-Koller_Gallery-Budapest_Central_Hungary.html
Koller Gallery, 26, 33, Art Galleries & Art Galleries, Europe & Hungary & Central Hungary & Budapest & Things to Do in Budapest, 5.0, 47.503735, 19.033298, 447538978, 20161201, 20161201, 5.0, smidster, /Profile/smidster, 5b42df517dc929fc724aa02e17aa931b, /Attraction_Review-g274887-d1988979-Reviews-Koller_Gallery-Budapest_Central_Hungary.html
Koller Gallery, 26, 33, Art Galleries & Art Galleries, Europe & Hungary & Central Hungary & Budapest & Things to Do in Budapest, 5.0, 47.503735, 19.033298, 439870159, 20161101, 20161101, 5.0, adventuretravels1981, /Profile/adventuretravels1981, 28b6408e9f0ec31d964af8a4f3496650, /Attraction_Review-g274887-d1988979-Reviews-Koller_Gallery-Budapest_Central_Hungary.html
Koller Gallery, 26, 33, Art Galleries & Art Galleries, Europe & Hungary & Central Hungary & Budapest & Things to Do in Budapest, 5.0, 47.503735, 19.033298, 432814319, 20161001, 20161001, 5.0, PengChau, /Profile/PengChau, 5a8206f304a1e52dd75b3c0625fe43c4, /Attraction_Review-g274887-d1988979-Reviews-Koller_Gallery-Budapest_Central_Hungary.html
