review_location_name, review_current_page, review_last_page, review_location_type, review_location_breadcrumbs, review_location_rate, location_lat, location_lng, review_id, review_date, review_experience_date, review_rate, user_name, user_link, user_id, parent_url
Music Fountain, 45, 140, Points of Interest & Landmarks & Fountains & Points of Interest & Landmarks & Fountains, Europe & Hungary & Central Hungary & Budapest & Things to Do in Budapest, 4.5, 47.51881, 19.044836, 535639049, 20171001, 20171001, 4.0, Ian S, /Profile/iansS2750EG, 6b24475794fa0a7672fb648321432f2b, /Attraction_Review-g274887-d6936772-Reviews-Music_Fountain-Budapest_Central_Hungary.html
Music Fountain, 45, 140, Points of Interest & Landmarks & Fountains & Points of Interest & Landmarks & Fountains, Europe & Hungary & Central Hungary & Budapest & Things to Do in Budapest, 4.5, 47.51881, 19.044836, 534889454, 20171001, 20171001, 5.0, maaike_10, /Profile/maaike_10, 9992872ad8ce6e5af3c24184de8baa7d, /Attraction_Review-g274887-d6936772-Reviews-Music_Fountain-Budapest_Central_Hungary.html
Music Fountain, 45, 140, Points of Interest & Landmarks & Fountains & Points of Interest & Landmarks & Fountains, Europe & Hungary & Central Hungary & Budapest & Things to Do in Budapest, 4.5, 47.51881, 19.044836, 534683157, 20171001, 20171001, 5.0, Atka S, /Profile/atkas2016, 905514494635e3f8d057e591bf765c4a, /Attraction_Review-g274887-d6936772-Reviews-Music_Fountain-Budapest_Central_Hungary.html
Music Fountain, 45, 140, Points of Interest & Landmarks & Fountains & Points of Interest & Landmarks & Fountains, Europe & Hungary & Central Hungary & Budapest & Things to Do in Budapest, 4.5, 47.51881, 19.044836, 534524595, 20171001, 20171001, 5.0, Culturista_Life, /Profile/culturistalife, e699a3122a96cf66d0536bf7a13dd4ff, /Attraction_Review-g274887-d6936772-Reviews-Music_Fountain-Budapest_Central_Hungary.html
Music Fountain, 45, 140, Points of Interest & Landmarks & Fountains & Points of Interest & Landmarks & Fountains, Europe & Hungary & Central Hungary & Budapest & Things to Do in Budapest, 4.5, 47.51881, 19.044836, 533867005, 20171001, 20171001, 5.0, Tom J, /Profile/tomj932, 58145bfa60eecf5d0c14d0fa45a66bdb, /Attraction_Review-g274887-d6936772-Reviews-Music_Fountain-Budapest_Central_Hungary.html
