review_location_name, review_current_page, review_last_page, review_location_type, review_location_breadcrumbs, review_location_rate, location_lat, location_lng, review_id, review_date, review_experience_date, review_rate, user_name, user_link, user_id, parent_url
New York Palace, 199, 222, Points of Interest & Landmarks & Points of Interest & Landmarks, Europe & Hungary & Central Hungary & Budapest & Things to Do in Budapest, 4.5, 47.498676, 19.070486, 302508927, 20150801, 20150801, 1.0, rannoy77, /Profile/rannoy77, 0a7fc7b7bd9772775d4917a0a47b2283, /Attraction_Review-g274887-d6940639-Reviews-New_York_Palace-Budapest_Central_Hungary.html
New York Palace, 199, 222, Points of Interest & Landmarks & Points of Interest & Landmarks, Europe & Hungary & Central Hungary & Budapest & Things to Do in Budapest, 4.5, 47.498676, 19.070486, 298358529, 20150801, 20150801, 5.0, nimartac, /Profile/nimartac, 7f2ea71fac27b02c547d2f2f98a4764e, /Attraction_Review-g274887-d6940639-Reviews-New_York_Palace-Budapest_Central_Hungary.html
New York Palace, 199, 222, Points of Interest & Landmarks & Points of Interest & Landmarks, Europe & Hungary & Central Hungary & Budapest & Things to Do in Budapest, 4.5, 47.498676, 19.070486, 296402876, 20150801, 20150801, 5.0, Heather_CD8, /Profile/Heather_CD8, 9cdec5562a7b1ea8c80850ec3d87ea53, /Attraction_Review-g274887-d6940639-Reviews-New_York_Palace-Budapest_Central_Hungary.html
New York Palace, 199, 222, Points of Interest & Landmarks & Points of Interest & Landmarks, Europe & Hungary & Central Hungary & Budapest & Things to Do in Budapest, 4.5, 47.498676, 19.070486, 296018798, 20150801, 20150701, 5.0, jonizen, /Profile/jonizen, 78fc6eaeff9d026d61131f7d65b23e0c, /Attraction_Review-g274887-d6940639-Reviews-New_York_Palace-Budapest_Central_Hungary.html
New York Palace, 199, 222, Points of Interest & Landmarks & Points of Interest & Landmarks, Europe & Hungary & Central Hungary & Budapest & Things to Do in Budapest, 4.5, 47.498676, 19.070486, 295668182, 20150801, 20141001, 5.0, Ara V, /Profile/AraV_13, 21a55da401f0cf18651108b438bde20e, /Attraction_Review-g274887-d6940639-Reviews-New_York_Palace-Budapest_Central_Hungary.html
