review_location_name, review_current_page, review_last_page, review_location_type, review_location_breadcrumbs, review_location_rate, location_lat, location_lng, review_id, review_date, review_experience_date, review_rate, user_name, user_link, user_id, parent_url
Korzo - Danube Embankment (Dunakorzó), 20, 35, Historic Walking Areas & Historic Walking Areas, Europe & Hungary & Central Hungary & Budapest & Things to Do in Budapest, 4.5, 47.50104, 19.04653, 492184224, 20170601, 20170601, 5.0, Kristína H, /Profile/krist_nah, 04d59d98362c883d37c85361d00a6457, /Attraction_Review-g274887-d276811-Reviews-Korzo_Danube_Embankment_Dunakorzo-Budapest_Central_Hungary.html
Korzo - Danube Embankment (Dunakorzó), 20, 35, Historic Walking Areas & Historic Walking Areas, Europe & Hungary & Central Hungary & Budapest & Things to Do in Budapest, 4.5, 47.50104, 19.04653, 484971688, 20170501, 20161001, 4.0, Cristian H, /Profile/emilcristianh, 1c0b16d4dfbe452c8e348d873c2525b0, /Attraction_Review-g274887-d276811-Reviews-Korzo_Danube_Embankment_Dunakorzo-Budapest_Central_Hungary.html
Korzo - Danube Embankment (Dunakorzó), 20, 35, Historic Walking Areas & Historic Walking Areas, Europe & Hungary & Central Hungary & Budapest & Things to Do in Budapest, 4.5, 47.50104, 19.04653, 483211918, 20170501, 20170501, 2.0, Van100Van, /Profile/Van100Van, 86190fcdc9f81bc0fabe6acda2621fe9, /Attraction_Review-g274887-d276811-Reviews-Korzo_Danube_Embankment_Dunakorzo-Budapest_Central_Hungary.html
Korzo - Danube Embankment (Dunakorzó), 20, 35, Historic Walking Areas & Historic Walking Areas, Europe & Hungary & Central Hungary & Budapest & Things to Do in Budapest, 4.5, 47.50104, 19.04653, 482070600, 20170501, 20170301, 5.0, Gabriel H, /Profile/840gabrielh, f3fff18ad82d75250e688c19a7a782b5, /Attraction_Review-g274887-d276811-Reviews-Korzo_Danube_Embankment_Dunakorzo-Budapest_Central_Hungary.html
Korzo - Danube Embankment (Dunakorzó), 20, 35, Historic Walking Areas & Historic Walking Areas, Europe & Hungary & Central Hungary & Budapest & Things to Do in Budapest, 4.5, 47.50104, 19.04653, 472963008, 20170401, 20170301, 5.0, Aleksandar, /Profile/a1eksandar, 5a9fbede69527a338a1e714c8e667640, /Attraction_Review-g274887-d276811-Reviews-Korzo_Danube_Embankment_Dunakorzo-Budapest_Central_Hungary.html
