review_location_name, review_current_page, review_last_page, review_location_type, review_location_breadcrumbs, review_location_rate, location_lat, location_lng, review_id, review_date, review_experience_date, review_rate, user_name, user_link, user_id, parent_url
St. Stephen's Basilica (Szent Istvan Bazilika), 150, 2211, Sacred & Religious Sites & Churches & Cathedrals & Sacred & Religious Sites & Churches & Cathedrals, Europe & Hungary & Central Hungary & Budapest & Things to Do in Budapest, 4.5, 47.50078, 19.053968, 693140416, 20190701, 20190701, 4.0, Adventure beyond imagination, /Profile/steelriver2014, 53d0f9bc64d92a031de23caf3eb84d1c, /Attraction_Review-g274887-d276822-Reviews-St_Stephen_s_Basilica_Szent_Istvan_Bazilika-Budapest_Central_Hungary.html
St. Stephen's Basilica (Szent Istvan Bazilika), 150, 2211, Sacred & Religious Sites & Churches & Cathedrals & Sacred & Religious Sites & Churches & Cathedrals, Europe & Hungary & Central Hungary & Budapest & Things to Do in Budapest, 4.5, 47.50078, 19.053968, 692992463, 20190701, 20190701, 5.0, MariannPapp, /Profile/mmpapp, 0152afb487b90de8a4c18ae318ee2329, /Attraction_Review-g274887-d276822-Reviews-St_Stephen_s_Basilica_Szent_Istvan_Bazilika-Budapest_Central_Hungary.html
St. Stephen's Basilica (Szent Istvan Bazilika), 150, 2211, Sacred & Religious Sites & Churches & Cathedrals & Sacred & Religious Sites & Churches & Cathedrals, Europe & Hungary & Central Hungary & Budapest & Things to Do in Budapest, 4.5, 47.50078, 19.053968, 692907805, 20190701, 20190701, 4.0, yasemin2k, /Profile/yasemin2k, edf7fb077a4e5ff6ff67ee289b23a49f, /Attraction_Review-g274887-d276822-Reviews-St_Stephen_s_Basilica_Szent_Istvan_Bazilika-Budapest_Central_Hungary.html
St. Stephen's Basilica (Szent Istvan Bazilika), 150, 2211, Sacred & Religious Sites & Churches & Cathedrals & Sacred & Religious Sites & Churches & Cathedrals, Europe & Hungary & Central Hungary & Budapest & Things to Do in Budapest, 4.5, 47.50078, 19.053968, 692867512, 20190701, 20190701, 5.0, Alex H, /Profile/158AlexH158, daaf710fa68e1f6f09254dbab3a184bb, /Attraction_Review-g274887-d276822-Reviews-St_Stephen_s_Basilica_Szent_Istvan_Bazilika-Budapest_Central_Hungary.html
St. Stephen's Basilica (Szent Istvan Bazilika), 150, 2211, Sacred & Religious Sites & Churches & Cathedrals & Sacred & Religious Sites & Churches & Cathedrals, Europe & Hungary & Central Hungary & Budapest & Things to Do in Budapest, 4.5, 47.50078, 19.053968, 692818020, 20190701, 20190701, 5.0, PaulAndJoy167, /Profile/PaulAndJoy167, 4d7b9c1263657f7d25b61084a23fcba9, /Attraction_Review-g274887-d276822-Reviews-St_Stephen_s_Basilica_Szent_Istvan_Bazilika-Budapest_Central_Hungary.html
