review_location_name, review_current_page, review_last_page, review_location_type, review_location_breadcrumbs, review_location_rate, location_lat, location_lng, review_id, review_date, review_experience_date, review_rate, user_name, user_link, user_id, parent_url
Budapest History Museum, 12, 45, Architectural Buildings & History Museums & Architectural Buildings & History Museums, Europe & Hungary & Central Hungary & Budapest & Things to Do in Budapest, 3.5, 47.49549, 19.03971, 567602565, 20180301, 20180201, 2.0, Tony S, /Profile/tonyvs12385, 01d13af487221f994d5da3d0e6178833, /Attraction_Review-g274887-d276807-Reviews-Budapest_History_Museum-Budapest_Central_Hungary.html
Budapest History Museum, 12, 45, Architectural Buildings & History Museums & Architectural Buildings & History Museums, Europe & Hungary & Central Hungary & Budapest & Things to Do in Budapest, 3.5, 47.49549, 19.03971, 560765154, 20180201, 20180201, 3.0, Kathy F, /Profile/kathyf734, 6fb8ff88230d2af4e3b6ee634a383584, /Attraction_Review-g274887-d276807-Reviews-Budapest_History_Museum-Budapest_Central_Hungary.html
Budapest History Museum, 12, 45, Architectural Buildings & History Museums & Architectural Buildings & History Museums, Europe & Hungary & Central Hungary & Budapest & Things to Do in Budapest, 3.5, 47.49549, 19.03971, 558534486, 20180201, 20180201, 3.0, PineapplePhantom, /Profile/PineapplePhantom, 202cd484ee2189ed7deb48ae3fccbe45, /Attraction_Review-g274887-d276807-Reviews-Budapest_History_Museum-Budapest_Central_Hungary.html
Budapest History Museum, 12, 45, Architectural Buildings & History Museums & Architectural Buildings & History Museums, Europe & Hungary & Central Hungary & Budapest & Things to Do in Budapest, 3.5, 47.49549, 19.03971, 551860257, 20180101, 20180101, 4.0, Willem K, /Profile/960willemk, e08b2b048836864c2cede0b3982c6b79, /Attraction_Review-g274887-d276807-Reviews-Budapest_History_Museum-Budapest_Central_Hungary.html
Budapest History Museum, 12, 45, Architectural Buildings & History Museums & Architectural Buildings & History Museums, Europe & Hungary & Central Hungary & Budapest & Things to Do in Budapest, 3.5, 47.49549, 19.03971, 550293265, 20171201, 20170601, 2.0, dave s, /Profile/davesD6323ME, 64e79938f655c0e43d41e5ed623f51d9, /Attraction_Review-g274887-d276807-Reviews-Budapest_History_Museum-Budapest_Central_Hungary.html
