review_location_name, review_current_page, review_last_page, review_location_type, review_location_breadcrumbs, review_location_rate, location_lat, location_lng, review_id, review_date, review_experience_date, review_rate, user_name, user_link, user_id, parent_url
Hungarian Parliament Building, 1507, 3398, Architectural Buildings & Government Buildings & Architectural Buildings & Government Buildings, Europe & Hungary & Central Hungary & Budapest & Things to Do in Budapest, 4.5, 47.507156, 19.045685, 479269861, 20170401, 20170401, 5.0, MRSmobilerepair, /Profile/MRSmobilerepair, a0cd20047e68fb8b9e9a4c52db25efc1, /Attraction_Review-g274887-d276817-Reviews-Hungarian_Parliament_Building-Budapest_Central_Hungary.html
Hungarian Parliament Building, 1507, 3398, Architectural Buildings & Government Buildings & Architectural Buildings & Government Buildings, Europe & Hungary & Central Hungary & Budapest & Things to Do in Budapest, 4.5, 47.507156, 19.045685, 479229917, 20170401, 20170401, 5.0, GRACE058Malta, /Profile/GRACE058Malta, 5652e13f9093d260e9c9a07e92248281, /Attraction_Review-g274887-d276817-Reviews-Hungarian_Parliament_Building-Budapest_Central_Hungary.html
Hungarian Parliament Building, 1507, 3398, Architectural Buildings & Government Buildings & Architectural Buildings & Government Buildings, Europe & Hungary & Central Hungary & Budapest & Things to Do in Budapest, 4.5, 47.507156, 19.045685, 479219652, 20170401, 20170401, 5.0, Sharon H, /Profile/420SharonH, df73fa7e1d800c0ba81d2493ed340cc3, /Attraction_Review-g274887-d276817-Reviews-Hungarian_Parliament_Building-Budapest_Central_Hungary.html
Hungarian Parliament Building, 1507, 3398, Architectural Buildings & Government Buildings & Architectural Buildings & Government Buildings, Europe & Hungary & Central Hungary & Budapest & Things to Do in Budapest, 4.5, 47.507156, 19.045685, 479201063, 20170401, 20170401, 4.0, Natasha Reena S, /Profile/natashashemar, bcf3225e935d96173a2ba634621850ea, /Attraction_Review-g274887-d276817-Reviews-Hungarian_Parliament_Building-Budapest_Central_Hungary.html
Hungarian Parliament Building, 1507, 3398, Architectural Buildings & Government Buildings & Architectural Buildings & Government Buildings, Europe & Hungary & Central Hungary & Budapest & Things to Do in Budapest, 4.5, 47.507156, 19.045685, 479192469, 20170401, 20170401, 5.0, Falco1968, /Profile/Falco1968, ae4107dedc3867d99c87553cc3e0efd3, /Attraction_Review-g274887-d276817-Reviews-Hungarian_Parliament_Building-Budapest_Central_Hungary.html
