review_location_name, review_current_page, review_last_page, review_location_type, review_location_breadcrumbs, review_location_rate, location_lat, location_lng, review_id, review_date, review_experience_date, review_rate, user_name, user_link, user_id, parent_url
Varhegy, 155, 1155, Points of Interest & Landmarks & Points of Interest & Landmarks, Europe & Hungary & Central Hungary & Budapest & Things to Do in Budapest, 4.5, 47.49601, 19.04003, 556195631, 20180101, 20180101, 2.0, joaobiscaiamelo, /Profile/joaobiscaiamelo, 23bc9e3a6dc7b052e1d614495d810652, /Attraction_Review-g274887-d276801-Reviews-Varhegy-Budapest_Central_Hungary.html
Varhegy, 155, 1155, Points of Interest & Landmarks & Points of Interest & Landmarks, Europe & Hungary & Central Hungary & Budapest & Things to Do in Budapest, 4.5, 47.49601, 19.04003, 556185458, 20180101, 20180101, 5.0, Stephen F, /Profile/263stephenf, 080a9ebe8687c3e81727dee7bb0ec447, /Attraction_Review-g274887-d276801-Reviews-Varhegy-Budapest_Central_Hungary.html
Varhegy, 155, 1155, Points of Interest & Landmarks & Points of Interest & Landmarks, Europe & Hungary & Central Hungary & Budapest & Things to Do in Budapest, 4.5, 47.49601, 19.04003, 556170157, 20180101, 20180101, 4.0, Katrien S, /Profile/KatrienS955, 5cbc391d84aaa164ee14441e6b4ba82b, /Attraction_Review-g274887-d276801-Reviews-Varhegy-Budapest_Central_Hungary.html
Varhegy, 155, 1155, Points of Interest & Landmarks & Points of Interest & Landmarks, Europe & Hungary & Central Hungary & Budapest & Things to Do in Budapest, 4.5, 47.49601, 19.04003, 556131082, 20180101, 20180101, 5.0, phillip g, /Profile/phillipg601, c60d52be272650a606a40951e2b917e1, /Attraction_Review-g274887-d276801-Reviews-Varhegy-Budapest_Central_Hungary.html
Varhegy, 155, 1155, Points of Interest & Landmarks & Points of Interest & Landmarks, Europe & Hungary & Central Hungary & Budapest & Things to Do in Budapest, 4.5, 47.49601, 19.04003, 555966494, 20180101, 20171101, 5.0, Asiyah Noemi K, /Profile/asiyahnoemik, e85a101b61a4927371bec6b1e553750e, /Attraction_Review-g274887-d276801-Reviews-Varhegy-Budapest_Central_Hungary.html
