review_location_name, review_current_page, review_last_page, review_location_type, review_location_breadcrumbs, review_location_rate, location_lat, location_lng, review_id, review_date, review_experience_date, review_rate, user_name, user_link, user_id, parent_url
Central Market Hall, 266, 868, Farmers Markets & Farmers Markets, Europe & Hungary & Central Hungary & Budapest & Things to Do in Budapest, 4.0, 47.48682, 19.058666, 565907654, 20180301, 20180301, 5.0, Mike, /Profile/MikeGander, b99e0a277dc6501125e681416b013076, /Attraction_Review-g274887-d276128-Reviews-Central_Market_Hall-Budapest_Central_Hungary.html
Central Market Hall, 266, 868, Farmers Markets & Farmers Markets, Europe & Hungary & Central Hungary & Budapest & Things to Do in Budapest, 4.0, 47.48682, 19.058666, 565801729, 20180301, 20180301, 4.0, Sóley T, /Profile/s_leyt, b7e14456be7f3ed3ac0e4e5048c9a81a, /Attraction_Review-g274887-d276128-Reviews-Central_Market_Hall-Budapest_Central_Hungary.html
Central Market Hall, 266, 868, Farmers Markets & Farmers Markets, Europe & Hungary & Central Hungary & Budapest & Things to Do in Budapest, 4.0, 47.48682, 19.058666, 565671869, 20180301, 20180201, 4.0, Yevgeniy K, /Profile/161yevgeniyk, daeb702caeb5be14eb2309f70a223abe, /Attraction_Review-g274887-d276128-Reviews-Central_Market_Hall-Budapest_Central_Hungary.html
Central Market Hall, 266, 868, Farmers Markets & Farmers Markets, Europe & Hungary & Central Hungary & Budapest & Things to Do in Budapest, 4.0, 47.48682, 19.058666, 565638486, 20180301, 20180201, 5.0, Rohan B, /Profile/rohanlb, b48990c95626c06c3d0b3719025f6bf5, /Attraction_Review-g274887-d276128-Reviews-Central_Market_Hall-Budapest_Central_Hungary.html
Central Market Hall, 266, 868, Farmers Markets & Farmers Markets, Europe & Hungary & Central Hungary & Budapest & Things to Do in Budapest, 4.0, 47.48682, 19.058666, 565614001, 20180301, 20180301, 4.0, CathyC741, /Profile/CathyC741, ed6c2895d8a34d2360a5ccaefd85c8a8, /Attraction_Review-g274887-d276128-Reviews-Central_Market_Hall-Budapest_Central_Hungary.html
