review_location_name, review_current_page, review_last_page, review_location_type, review_location_breadcrumbs, review_location_rate, location_lat, location_lng, review_id, review_date, review_experience_date, review_rate, user_name, user_link, user_id, parent_url
St. Stephen's Basilica (Szent Istvan Bazilika), 40, 2211, Sacred & Religious Sites & Churches & Cathedrals & Sacred & Religious Sites & Churches & Cathedrals, Europe & Hungary & Central Hungary & Budapest & Things to Do in Budapest, 4.5, 47.50078, 19.053968, 737238740, 20200101, 20200101, 5.0, Marina D, /Profile/travelmarimad, 9ae1da61376e73830cf8a841d93f2bdd, /Attraction_Review-g274887-d276822-Reviews-St_Stephen_s_Basilica_Szent_Istvan_Bazilika-Budapest_Central_Hungary.html
St. Stephen's Basilica (Szent Istvan Bazilika), 40, 2211, Sacred & Religious Sites & Churches & Cathedrals & Sacred & Religious Sites & Churches & Cathedrals, Europe & Hungary & Central Hungary & Budapest & Things to Do in Budapest, 4.5, 47.50078, 19.053968, 737231831, 20200101, 20191201, 5.0, Illuminatus4ever, /Profile/Illuminatus4ever, f679737a453cb5b70f3154bef214bcb5, /Attraction_Review-g274887-d276822-Reviews-St_Stephen_s_Basilica_Szent_Istvan_Bazilika-Budapest_Central_Hungary.html
St. Stephen's Basilica (Szent Istvan Bazilika), 40, 2211, Sacred & Religious Sites & Churches & Cathedrals & Sacred & Religious Sites & Churches & Cathedrals, Europe & Hungary & Central Hungary & Budapest & Things to Do in Budapest, 4.5, 47.50078, 19.053968, 737227078, 20200101, 20200101, 5.0, Maja F, /Profile/805majaf, 70940b8b7e34afdca668dbde07c47578, /Attraction_Review-g274887-d276822-Reviews-St_Stephen_s_Basilica_Szent_Istvan_Bazilika-Budapest_Central_Hungary.html
St. Stephen's Basilica (Szent Istvan Bazilika), 40, 2211, Sacred & Religious Sites & Churches & Cathedrals & Sacred & Religious Sites & Churches & Cathedrals, Europe & Hungary & Central Hungary & Budapest & Things to Do in Budapest, 4.5, 47.50078, 19.053968, 737139972, 20200101, 20191201, 5.0, SueHarrogate, /Profile/harrogateSue, 70a270f9c70b176edc8667c2cf815b52, /Attraction_Review-g274887-d276822-Reviews-St_Stephen_s_Basilica_Szent_Istvan_Bazilika-Budapest_Central_Hungary.html
St. Stephen's Basilica (Szent Istvan Bazilika), 40, 2211, Sacred & Religious Sites & Churches & Cathedrals & Sacred & Religious Sites & Churches & Cathedrals, Europe & Hungary & Central Hungary & Budapest & Things to Do in Budapest, 4.5, 47.50078, 19.053968, 736966102, 20200101, 20190201, 5.0, Adela, /Profile/rrushial, 88a3d905c76908c968d29ddea1c56559, /Attraction_Review-g274887-d276822-Reviews-St_Stephen_s_Basilica_Szent_Istvan_Bazilika-Budapest_Central_Hungary.html
