review_location_name, review_current_page, review_last_page, review_location_type, review_location_breadcrumbs, review_location_rate, location_lat, location_lng, review_id, review_date, review_experience_date, review_rate, user_name, user_link, user_id, parent_url
Central Market Hall, 382, 868, Farmers Markets & Farmers Markets, Europe & Hungary & Central Hungary & Budapest & Things to Do in Budapest, 4.0, 47.48682, 19.058666, 494638612, 20170601, 20170601, 5.0, Donnayou, /Profile/Donnayou, b588333600baa36b96d2d07e7fb438cf, /Attraction_Review-g274887-d276128-Reviews-Central_Market_Hall-Budapest_Central_Hungary.html
Central Market Hall, 382, 868, Farmers Markets & Farmers Markets, Europe & Hungary & Central Hungary & Budapest & Things to Do in Budapest, 4.0, 47.48682, 19.058666, 494596514, 20170601, 20170601, 4.0, ErinT, /Profile/ErinTomic88, 97dc74fffb601a0a227dad78a92e8d8b, /Attraction_Review-g274887-d276128-Reviews-Central_Market_Hall-Budapest_Central_Hungary.html
Central Market Hall, 382, 868, Farmers Markets & Farmers Markets, Europe & Hungary & Central Hungary & Budapest & Things to Do in Budapest, 4.0, 47.48682, 19.058666, 494588973, 20170601, 20170601, 1.0, Mariana M, /Profile/R9502WHmarianam, 64e39c5b2933f077084e0585e5d45e6a, /Attraction_Review-g274887-d276128-Reviews-Central_Market_Hall-Budapest_Central_Hungary.html
Central Market Hall, 382, 868, Farmers Markets & Farmers Markets, Europe & Hungary & Central Hungary & Budapest & Things to Do in Budapest, 4.0, 47.48682, 19.058666, 494071822, 20170601, 20170601, 5.0, Robin Ewart, /Profile/RobinEwart, d492b27215b777026f1771ed482d4a73, /Attraction_Review-g274887-d276128-Reviews-Central_Market_Hall-Budapest_Central_Hungary.html
Central Market Hall, 382, 868, Farmers Markets & Farmers Markets, Europe & Hungary & Central Hungary & Budapest & Things to Do in Budapest, 4.0, 47.48682, 19.058666, 494037739, 20170601, 20170601, 2.0, thomas c, /Profile/N2268ERthomasc, 55a96003d02a94628fd45f57ebc46cd0, /Attraction_Review-g274887-d276128-Reviews-Central_Market_Hall-Budapest_Central_Hungary.html
