review_location_name, review_current_page, review_last_page, review_location_type, review_location_breadcrumbs, review_location_rate, location_lat, location_lng, review_id, review_date, review_experience_date, review_rate, user_name, user_link, user_id, parent_url
House of Terror Museum, 52, 1299, Specialty Museums & Specialty Museums, Europe & Hungary & Central Hungary & Budapest & Things to Do in Budapest, 4.0, 47.506893, 19.065123, 712903562, 20190901, 20190901, 5.0, DME312, /Profile/DME312, a638b1e826b3611856694f1309386501, /Attraction_Review-g274887-d325279-Reviews-House_of_Terror_Museum-Budapest_Central_Hungary.html
House of Terror Museum, 52, 1299, Specialty Museums & Specialty Museums, Europe & Hungary & Central Hungary & Budapest & Things to Do in Budapest, 4.0, 47.506893, 19.065123, 712831397, 20190901, 20190901, 5.0, Kerry A, /Profile/S8608MVkerrya, 183e7509acecdb53aea87fa93e409dfe, /Attraction_Review-g274887-d325279-Reviews-House_of_Terror_Museum-Budapest_Central_Hungary.html
House of Terror Museum, 52, 1299, Specialty Museums & Specialty Museums, Europe & Hungary & Central Hungary & Budapest & Things to Do in Budapest, 4.0, 47.506893, 19.065123, 712781628, 20190901, 20190901, 2.0, martin44h, /Profile/martin44h, 9f3b413d2ab1d60288bd4cb3e5a2814f, /Attraction_Review-g274887-d325279-Reviews-House_of_Terror_Museum-Budapest_Central_Hungary.html
House of Terror Museum, 52, 1299, Specialty Museums & Specialty Museums, Europe & Hungary & Central Hungary & Budapest & Things to Do in Budapest, 4.0, 47.506893, 19.065123, 712638615, 20190901, 20190901, 5.0, Kresheeca, /Profile/kresheeca, d0d203799b69fe9efc45104841f8c6ad, /Attraction_Review-g274887-d325279-Reviews-House_of_Terror_Museum-Budapest_Central_Hungary.html
House of Terror Museum, 52, 1299, Specialty Museums & Specialty Museums, Europe & Hungary & Central Hungary & Budapest & Things to Do in Budapest, 4.0, 47.506893, 19.065123, 712496551, 20190901, 20190901, 1.0, lisa b, /Profile/TweekyChat, fa8a8f3c57e0afcd5e194af976a88e66, /Attraction_Review-g274887-d325279-Reviews-House_of_Terror_Museum-Budapest_Central_Hungary.html
