review_location_name, review_current_page, review_last_page, review_location_type, review_location_breadcrumbs, review_location_rate, location_lat, location_lng, review_id, review_date, review_experience_date, review_rate, user_name, user_link, user_id, parent_url
Music Fountain, 29, 140, Points of Interest & Landmarks & Fountains & Points of Interest & Landmarks & Fountains, Europe & Hungary & Central Hungary & Budapest & Things to Do in Budapest, 4.5, 47.51881, 19.044836, 598715736, 20180701, 20180601, 4.0, SusieT169, /Profile/SusieT169, 1e37c28e781191d6aca14910daad5da1, /Attraction_Review-g274887-d6936772-Reviews-Music_Fountain-Budapest_Central_Hungary.html
Music Fountain, 29, 140, Points of Interest & Landmarks & Fountains & Points of Interest & Landmarks & Fountains, Europe & Hungary & Central Hungary & Budapest & Things to Do in Budapest, 4.5, 47.51881, 19.044836, 598456395, 20180701, 20180701, 5.0, jesskep89, /Profile/jesskep89, 2f7d3b576bce5585e9c74921d74c5f66, /Attraction_Review-g274887-d6936772-Reviews-Music_Fountain-Budapest_Central_Hungary.html
Music Fountain, 29, 140, Points of Interest & Landmarks & Fountains & Points of Interest & Landmarks & Fountains, Europe & Hungary & Central Hungary & Budapest & Things to Do in Budapest, 4.5, 47.51881, 19.044836, 598227387, 20180701, 20180701, 4.0, ruthcolbert, /Profile/ruthcolbert, 1e5ebe21d4f372598a8fc3eb3e2d6663, /Attraction_Review-g274887-d6936772-Reviews-Music_Fountain-Budapest_Central_Hungary.html
Music Fountain, 29, 140, Points of Interest & Landmarks & Fountains & Points of Interest & Landmarks & Fountains, Europe & Hungary & Central Hungary & Budapest & Things to Do in Budapest, 4.5, 47.51881, 19.044836, 597662001, 20180701, 20180701, 5.0, Ninasunlover, /Profile/Ninasunlover, c3dde4cbda9a60f22e16fef5dea3b046, /Attraction_Review-g274887-d6936772-Reviews-Music_Fountain-Budapest_Central_Hungary.html
Music Fountain, 29, 140, Points of Interest & Landmarks & Fountains & Points of Interest & Landmarks & Fountains, Europe & Hungary & Central Hungary & Budapest & Things to Do in Budapest, 4.5, 47.51881, 19.044836, 597073468, 20180701, 20180301, 4.0, Lis211, /Profile/Lis211, 82b98b9e9acb7545d1798254c739dd51, /Attraction_Review-g274887-d6936772-Reviews-Music_Fountain-Budapest_Central_Hungary.html
