review_location_name, review_current_page, review_last_page, review_location_type, review_location_breadcrumbs, review_location_rate, location_lat, location_lng, review_id, review_date, review_experience_date, review_rate, user_name, user_link, user_id, parent_url
Buda Castle, 54, 764, Castles & Castles, Europe & Hungary & Central Hungary & Budapest & Things to Do in Budapest, 4.5, 47.49532, 19.03989, 709566763, 20190901, 20190901, 5.0, RafiKornfeld, /Profile/RafiKornfeld, 892637123c5a7d5e4369f1ff693a032e, /Attraction_Review-g274887-d276804-Reviews-Buda_Castle-Budapest_Central_Hungary.html
Buda Castle, 54, 764, Castles & Castles, Europe & Hungary & Central Hungary & Budapest & Things to Do in Budapest, 4.5, 47.49532, 19.03989, 709399733, 20190901, 20190901, 5.0, shellgd, /Profile/shellgd, 2ddc37f76a95e6f65d5a6f86e569067a, /Attraction_Review-g274887-d276804-Reviews-Buda_Castle-Budapest_Central_Hungary.html
Buda Castle, 54, 764, Castles & Castles, Europe & Hungary & Central Hungary & Budapest & Things to Do in Budapest, 4.5, 47.49532, 19.03989, 708634659, 20190901, 20190801, 4.0, Isabelle, /Profile/honorarymanc, fb4dc80ef7faa6eb59acf933f98d18d0, /Attraction_Review-g274887-d276804-Reviews-Buda_Castle-Budapest_Central_Hungary.html
Buda Castle, 54, 764, Castles & Castles, Europe & Hungary & Central Hungary & Budapest & Things to Do in Budapest, 4.5, 47.49532, 19.03989, 708576638, 20190901, 20190901, 4.0, Cameron J, /Profile/CameronJ717, a6d1afee494e216c92b65a794afb27d7, /Attraction_Review-g274887-d276804-Reviews-Buda_Castle-Budapest_Central_Hungary.html
Buda Castle, 54, 764, Castles & Castles, Europe & Hungary & Central Hungary & Budapest & Things to Do in Budapest, 4.5, 47.49532, 19.03989, 708319023, 20190901, 20190901, 4.0, 180vadymm, /Profile/180vadymm, 10151e8e4b41fadb0ebbe5dca9f6b2be, /Attraction_Review-g274887-d276804-Reviews-Buda_Castle-Budapest_Central_Hungary.html
