review_location_name, review_current_page, review_last_page, review_location_type, review_location_breadcrumbs, review_location_rate, location_lat, location_lng, review_id, review_date, review_experience_date, review_rate, user_name, user_link, user_id, parent_url
Budapest Pinball Museum, 16, 171, Specialty Museums & Specialty Museums, Europe & Hungary & Central Hungary & Budapest & Things to Do in Budapest, 5.0, 47.51472, 19.05427, 690926205, 20190701, 20190701, 4.0, BasVeldkamp91, /Profile/BasVeldkamp91, f50606c70d4519d81adc1d764b5d5263, /Attraction_Review-g274887-d6969659-Reviews-Budapest_Pinball_Museum-Budapest_Central_Hungary.html
Budapest Pinball Museum, 16, 171, Specialty Museums & Specialty Museums, Europe & Hungary & Central Hungary & Budapest & Things to Do in Budapest, 5.0, 47.51472, 19.05427, 689045850, 20190701, 20190701, 4.0, rfa685, /Profile/rfa685, 6d977a1ae78c973dafce1298ffdd1fcc, /Attraction_Review-g274887-d6969659-Reviews-Budapest_Pinball_Museum-Budapest_Central_Hungary.html
Budapest Pinball Museum, 16, 171, Specialty Museums & Specialty Museums, Europe & Hungary & Central Hungary & Budapest & Things to Do in Budapest, 5.0, 47.51472, 19.05427, 688739968, 20190701, 20190701, 5.0, hiippari, /Profile/hiippari, 42ebeeb69f0ffad010cfe05b1fd923de, /Attraction_Review-g274887-d6969659-Reviews-Budapest_Pinball_Museum-Budapest_Central_Hungary.html
Budapest Pinball Museum, 16, 171, Specialty Museums & Specialty Museums, Europe & Hungary & Central Hungary & Budapest & Things to Do in Budapest, 5.0, 47.51472, 19.05427, 686883660, 20190701, 20190701, 5.0, Geri301, /Profile/Geri301, cc8e921e0fb16d890ddc09c0ff6d1237, /Attraction_Review-g274887-d6969659-Reviews-Budapest_Pinball_Museum-Budapest_Central_Hungary.html
Budapest Pinball Museum, 16, 171, Specialty Museums & Specialty Museums, Europe & Hungary & Central Hungary & Budapest & Things to Do in Budapest, 5.0, 47.51472, 19.05427, 685944378, 20190701, 20190601, 5.0, dodger73, /Profile/dodger73, 0156f5c3125325c49e2849cd6d9abc61, /Attraction_Review-g274887-d6969659-Reviews-Budapest_Pinball_Museum-Budapest_Central_Hungary.html
