review_location_name, review_current_page, review_last_page, review_location_type, review_location_breadcrumbs, review_location_rate, location_lat, location_lng, review_id, review_date, review_experience_date, review_rate, user_name, user_link, user_id, parent_url
Castle Hill (Veszpremi Varhegy), 15, 16, Neighborhoods & Historic Walking Areas & Neighborhoods & Historic Walking Areas, Europe & Hungary & Central Transdanubia & Veszprem County & Veszprem & Things to Do in Veszprem, 4.5, 47.097256, 17.902739, 187134861, 20131201, 20131201, 3.0, Kemeny, /Profile/Kemeny, 3351af54f5d2e4a9912fc9cbd8863e3c, /Attraction_Review-g274919-d279429-Reviews-Castle_Hill_Veszpremi_Varhegy-Veszprem_Veszprem_County_Central_Transdanubia.html
Castle Hill (Veszpremi Varhegy), 15, 16, Neighborhoods & Historic Walking Areas & Neighborhoods & Historic Walking Areas, Europe & Hungary & Central Transdanubia & Veszprem County & Veszprem & Things to Do in Veszprem, 4.5, 47.097256, 17.902739, 186851517, 20131201, 20131101, 4.0, nickycymru, /Profile/nickycymru, d08557a1e74f0fc1b6103a5668223e87, /Attraction_Review-g274919-d279429-Reviews-Castle_Hill_Veszpremi_Varhegy-Veszprem_Veszprem_County_Central_Transdanubia.html
Castle Hill (Veszpremi Varhegy), 15, 16, Neighborhoods & Historic Walking Areas & Neighborhoods & Historic Walking Areas, Europe & Hungary & Central Transdanubia & Veszprem County & Veszprem & Things to Do in Veszprem, 4.5, 47.097256, 17.902739, 186031320, 20131101, 20131101, 3.0, lebarrueto, /Profile/lebarrueto, 0df7ae804eb6f7ed6ec1cef9a352c728, /Attraction_Review-g274919-d279429-Reviews-Castle_Hill_Veszpremi_Varhegy-Veszprem_Veszprem_County_Central_Transdanubia.html
Castle Hill (Veszpremi Varhegy), 15, 16, Neighborhoods & Historic Walking Areas & Neighborhoods & Historic Walking Areas, Europe & Hungary & Central Transdanubia & Veszprem County & Veszprem & Things to Do in Veszprem, 4.5, 47.097256, 17.902739, 180272570, 20131001, 20130901, 5.0, EperMarci, /Profile/EperMarci, b4d078a3eb4cfca6d8af860fb9c5ee4b, /Attraction_Review-g274919-d279429-Reviews-Castle_Hill_Veszpremi_Varhegy-Veszprem_Veszprem_County_Central_Transdanubia.html
Castle Hill (Veszpremi Varhegy), 15, 16, Neighborhoods & Historic Walking Areas & Neighborhoods & Historic Walking Areas, Europe & Hungary & Central Transdanubia & Veszprem County & Veszprem & Things to Do in Veszprem, 4.5, 47.097256, 17.902739, 169831055, 20130701, 20130701, 4.0, Familietoerist, /Profile/Familietoerist, 9d9d594232b37069486f3d553d9e2b00, /Attraction_Review-g274919-d279429-Reviews-Castle_Hill_Veszpremi_Varhegy-Veszprem_Veszprem_County_Central_Transdanubia.html
