review_location_name, review_current_page, review_last_page, review_location_type, review_location_breadcrumbs, review_location_rate, location_lat, location_lng, review_id, review_date, review_experience_date, review_rate, user_name, user_link, user_id, parent_url
Szepmuveszeti Muzeum, 39, 40, Art Museums & Art Museums, Europe & Hungary & Central Hungary & Budapest & Things to Do in Budapest, 4.0, 47.515884, 19.07611, 85489257, 20101001, 20101001, 2.0, efal, /Profile/efal, e3997c0491c31b513c7edbdd000b4770, /Attraction_Review-g274887-d276829-Reviews-Szepmuveszeti_Muzeum-Budapest_Central_Hungary.html
Szepmuveszeti Muzeum, 39, 40, Art Museums & Art Museums, Europe & Hungary & Central Hungary & Budapest & Things to Do in Budapest, 4.0, 47.515884, 19.07611, 77078723, 20100801, 20100801, 5.0, nagytibi, /Profile/nagytibi, 0b70ca7ce3d3e1cca1d30904ca82aa56, /Attraction_Review-g274887-d276829-Reviews-Szepmuveszeti_Muzeum-Budapest_Central_Hungary.html
Szepmuveszeti Muzeum, 39, 40, Art Museums & Art Museums, Europe & Hungary & Central Hungary & Budapest & Things to Do in Budapest, 4.0, 47.515884, 19.07611, 57533398, 20100301, 20100301, 5.0, margoCork, /Profile/margoCork, debd499fc0d1f2112e1607fbfadfc586, /Attraction_Review-g274887-d276829-Reviews-Szepmuveszeti_Muzeum-Budapest_Central_Hungary.html
Szepmuveszeti Muzeum, 39, 40, Art Museums & Art Museums, Europe & Hungary & Central Hungary & Budapest & Things to Do in Budapest, 4.0, 47.515884, 19.07611, 57154129, 20100201, 20100201, 5.0, neddyteddy, /Profile/neddyteddy, 251d3f020f6007dea686c5a1cd64a1af, /Attraction_Review-g274887-d276829-Reviews-Szepmuveszeti_Muzeum-Budapest_Central_Hungary.html
Szepmuveszeti Muzeum, 39, 40, Art Museums & Art Museums, Europe & Hungary & Central Hungary & Budapest & Things to Do in Budapest, 4.0, 47.515884, 19.07611, 54689034, 20100101, 20100101, 5.0, DarkWidow, /Profile/DarkWidow, fdf1a6f144e86059ee1d08efcd45ffcf, /Attraction_Review-g274887-d276829-Reviews-Szepmuveszeti_Muzeum-Budapest_Central_Hungary.html
