review_location_name, review_current_page, review_last_page, review_location_type, review_location_breadcrumbs, review_location_rate, location_lat, location_lng, review_id, review_date, review_experience_date, review_rate, user_name, user_link, user_id, parent_url
Elisabeth Bridge, 10, 26, Bridges & Bridges, Europe & Hungary & Central Hungary & Budapest & Things to Do in Budapest, 4.0, 47.490894, 19.049194, 495753601, 20170601, 20170501, 4.0, Betula103, /Profile/Betula103, 48768580cb31060564b523ce2cc7fcfe, /Attraction_Review-g274887-d3661539-Reviews-Elisabeth_Bridge-Budapest_Central_Hungary.html
Elisabeth Bridge, 10, 26, Bridges & Bridges, Europe & Hungary & Central Hungary & Budapest & Things to Do in Budapest, 4.0, 47.490894, 19.049194, 494823896, 20170601, 20170501, 5.0, ardiankurtolli, /Profile/ardiankurtolli, 917b11408332eb51bb521b36c1f1f223, /Attraction_Review-g274887-d3661539-Reviews-Elisabeth_Bridge-Budapest_Central_Hungary.html
Elisabeth Bridge, 10, 26, Bridges & Bridges, Europe & Hungary & Central Hungary & Budapest & Things to Do in Budapest, 4.0, 47.490894, 19.049194, 493515274, 20170601, 20161001, 5.0, hegyibrigitta94, /Profile/hegyibrigitta94, 1ea5f1d91735f58a84ab7461c8bbb455, /Attraction_Review-g274887-d3661539-Reviews-Elisabeth_Bridge-Budapest_Central_Hungary.html
Elisabeth Bridge, 10, 26, Bridges & Bridges, Europe & Hungary & Central Hungary & Budapest & Things to Do in Budapest, 4.0, 47.490894, 19.049194, 493027469, 20170601, 20170601, 4.0, Carolyn M, /Profile/X9180FUcarolynm, 347616ecace285ea3c08c094afb2bc46, /Attraction_Review-g274887-d3661539-Reviews-Elisabeth_Bridge-Budapest_Central_Hungary.html
Elisabeth Bridge, 10, 26, Bridges & Bridges, Europe & Hungary & Central Hungary & Budapest & Things to Do in Budapest, 4.0, 47.490894, 19.049194, 481383249, 20170501, 20170501, 5.0, Rune G, /Profile/Norwegianguy248, 2a677972b2e683b9ed35e3280cabc10d, /Attraction_Review-g274887-d3661539-Reviews-Elisabeth_Bridge-Budapest_Central_Hungary.html
