review_location_name, review_current_page, review_last_page, review_location_type, review_location_breadcrumbs, review_location_rate, location_lat, location_lng, review_id, review_date, review_experience_date, review_rate, user_name, user_link, user_id, parent_url
Hungarian Parliament Building, 1186, 3398, Architectural Buildings & Government Buildings & Architectural Buildings & Government Buildings, Europe & Hungary & Central Hungary & Budapest & Things to Do in Budapest, 4.5, 47.507156, 19.045685, 530012563, 20171001, 20171001, 5.0, Lucas S, /Profile/davidhucker, 7260d35be759bfa55b6167630e400412, /Attraction_Review-g274887-d276817-Reviews-Hungarian_Parliament_Building-Budapest_Central_Hungary.html
Hungarian Parliament Building, 1186, 3398, Architectural Buildings & Government Buildings & Architectural Buildings & Government Buildings, Europe & Hungary & Central Hungary & Budapest & Things to Do in Budapest, 4.5, 47.507156, 19.045685, 530002456, 20171001, 20170901, 5.0, Deborah R, /Profile/deborahr9, a412f5d89653eb1b7a44787e59b60889, /Attraction_Review-g274887-d276817-Reviews-Hungarian_Parliament_Building-Budapest_Central_Hungary.html
Hungarian Parliament Building, 1186, 3398, Architectural Buildings & Government Buildings & Architectural Buildings & Government Buildings, Europe & Hungary & Central Hungary & Budapest & Things to Do in Budapest, 4.5, 47.507156, 19.045685, 529944227, 20171001, 20170901, 5.0, lunamoon51, /Profile/lunamoon51, 7734b12dd2f6a15a722d31e474bac090, /Attraction_Review-g274887-d276817-Reviews-Hungarian_Parliament_Building-Budapest_Central_Hungary.html
Hungarian Parliament Building, 1186, 3398, Architectural Buildings & Government Buildings & Architectural Buildings & Government Buildings, Europe & Hungary & Central Hungary & Budapest & Things to Do in Budapest, 4.5, 47.507156, 19.045685, 529927226, 20171001, 20171001, 4.0, Ry4nJay, /Profile/Ry4nJay, 7dd0a0d87e7c508737ecb27f5ececec6, /Attraction_Review-g274887-d276817-Reviews-Hungarian_Parliament_Building-Budapest_Central_Hungary.html
Hungarian Parliament Building, 1186, 3398, Architectural Buildings & Government Buildings & Architectural Buildings & Government Buildings, Europe & Hungary & Central Hungary & Budapest & Things to Do in Budapest, 4.5, 47.507156, 19.045685, 529899741, 20171001, 20170901, 5.0, Liz S., /Profile/LizS91617, 24ea778b2ec9f7982f08859063464e3e, /Attraction_Review-g274887-d276817-Reviews-Hungarian_Parliament_Building-Budapest_Central_Hungary.html
