review_location_name, review_current_page, review_last_page, review_location_type, review_location_breadcrumbs, review_location_rate, location_lat, location_lng, review_id, review_date, review_experience_date, review_rate, user_name, user_link, user_id, parent_url
Karász utca, 3, 11, Points of Interest & Landmarks & Points of Interest & Landmarks, Europe & Hungary & Southern Great Plain & Csongrad County & Szeged & Things to Do in Szeged, 4.5, 46.250607, 20.146309, 607696845, 20180801, 20180801, 5.0, 545medva, /Profile/545medva, 79a1785703f8fe1ce1af401faa2e2016, /Attraction_Review-g274912-d279467-Reviews-Karasz_utca-Szeged_Csongrad_County_Southern_Great_Plain.html
Karász utca, 3, 11, Points of Interest & Landmarks & Points of Interest & Landmarks, Europe & Hungary & Southern Great Plain & Csongrad County & Szeged & Things to Do in Szeged, 4.5, 46.250607, 20.146309, 598892186, 20180701, 20180601, 5.0, belasajt, /Profile/belasajt, 752e9b274884f9f6b534386db1353978, /Attraction_Review-g274912-d279467-Reviews-Karasz_utca-Szeged_Csongrad_County_Southern_Great_Plain.html
Karász utca, 3, 11, Points of Interest & Landmarks & Points of Interest & Landmarks, Europe & Hungary & Southern Great Plain & Csongrad County & Szeged & Things to Do in Szeged, 4.5, 46.250607, 20.146309, 591560380, 20180601, 20180601, 3.0, Marcus D, /Profile/Derettens, 1a968dffe323d1bd9651adc53d38fd03, /Attraction_Review-g274912-d279467-Reviews-Karasz_utca-Szeged_Csongrad_County_Southern_Great_Plain.html
Karász utca, 3, 11, Points of Interest & Landmarks & Points of Interest & Landmarks, Europe & Hungary & Southern Great Plain & Csongrad County & Szeged & Things to Do in Szeged, 4.5, 46.250607, 20.146309, 590128220, 20180601, 20180601, 3.0, thelonious22, /Profile/thelonious22, 1af5b8c6ab484fd94ef58254fce12865, /Attraction_Review-g274912-d279467-Reviews-Karasz_utca-Szeged_Csongrad_County_Southern_Great_Plain.html
Karász utca, 3, 11, Points of Interest & Landmarks & Points of Interest & Landmarks, Europe & Hungary & Southern Great Plain & Csongrad County & Szeged & Things to Do in Szeged, 4.5, 46.250607, 20.146309, 571625637, 20180401, 20180401, 5.0, AlinaGoja, /Profile/AlinaGoja, 63b16812a0f53f5e0e7faee71623b2e4, /Attraction_Review-g274912-d279467-Reviews-Karasz_utca-Szeged_Csongrad_County_Southern_Great_Plain.html
