review_location_name, review_current_page, review_last_page, review_location_type, review_location_breadcrumbs, review_location_rate, location_lat, location_lng, review_id, review_date, review_experience_date, review_rate, user_name, user_link, user_id, parent_url
Budapest Christmas Fair, 6, 68, Cultural Events & Cultural Events, Europe & Hungary & Central Hungary & Budapest & Things to Do in Budapest, 4.0, 47.496387, 19.0506, 735666405, 20191201, 20191201, 5.0, Mobile67296906156, /Profile/Mobile67296906156, 2b3fa72ce56e53dd7590f32e5601b482, /Attraction_Review-g274887-d10020417-Reviews-Budapest_Christmas_Fair-Budapest_Central_Hungary.html
Budapest Christmas Fair, 6, 68, Cultural Events & Cultural Events, Europe & Hungary & Central Hungary & Budapest & Things to Do in Budapest, 4.0, 47.496387, 19.0506, 735650148, 20191201, 20191201, 2.0, Janet, /Profile/janeeet, 6c66b358e1b91be93ea8c0ed2446dc90, /Attraction_Review-g274887-d10020417-Reviews-Budapest_Christmas_Fair-Budapest_Central_Hungary.html
Budapest Christmas Fair, 6, 68, Cultural Events & Cultural Events, Europe & Hungary & Central Hungary & Budapest & Things to Do in Budapest, 4.0, 47.496387, 19.0506, 735635831, 20191201, 20191101, 5.0, rkbeech, /Profile/rkbeech, 6262959c9e89a4e06d4e184c1240d983, /Attraction_Review-g274887-d10020417-Reviews-Budapest_Christmas_Fair-Budapest_Central_Hungary.html
Budapest Christmas Fair, 6, 68, Cultural Events & Cultural Events, Europe & Hungary & Central Hungary & Budapest & Things to Do in Budapest, 4.0, 47.496387, 19.0506, 735537067, 20191201, 20191201, 3.0, Stephanie B, /Profile/miss_brandy86, 8c891d69fdd2a82a8d5ad16771de04b4, /Attraction_Review-g274887-d10020417-Reviews-Budapest_Christmas_Fair-Budapest_Central_Hungary.html
Budapest Christmas Fair, 6, 68, Cultural Events & Cultural Events, Europe & Hungary & Central Hungary & Budapest & Things to Do in Budapest, 4.0, 47.496387, 19.0506, 735124374, 20191201, 20191201, 4.0, Mr Simple, /Profile/HeyMrSimple, 16e778450f181b1dac2113b6ed902743, /Attraction_Review-g274887-d10020417-Reviews-Budapest_Christmas_Fair-Budapest_Central_Hungary.html
