review_location_name, review_current_page, review_last_page, review_location_type, review_location_breadcrumbs, review_location_rate, location_lat, location_lng, review_id, review_date, review_experience_date, review_rate, user_name, user_link, user_id, parent_url
Hungaroring, 18, 30, Auto Race Tracks & Auto Race Tracks, Europe & Hungary & Central Hungary & Pest County & Mogyorod & Things to Do in Mogyorod, 4.5, 47.58233, 19.24985, 306661016, 20150901, 20150801, 3.0, thomasmacso, /Profile/thomasmacso, eac55cb825106c79c52c2fa1f52b8d54, /Attraction_Review-g2290737-d631613-Reviews-Hungaroring-Mogyorod_Pest_County_Central_Hungary.html
Hungaroring, 18, 30, Auto Race Tracks & Auto Race Tracks, Europe & Hungary & Central Hungary & Pest County & Mogyorod & Things to Do in Mogyorod, 4.5, 47.58233, 19.24985, 303266712, 20150801, 20150801, 3.0, Tóth R, /Profile/t_thr996, 75b66463c01425684113a31c3dbe4b7b, /Attraction_Review-g2290737-d631613-Reviews-Hungaroring-Mogyorod_Pest_County_Central_Hungary.html
Hungaroring, 18, 30, Auto Race Tracks & Auto Race Tracks, Europe & Hungary & Central Hungary & Pest County & Mogyorod & Things to Do in Mogyorod, 4.5, 47.58233, 19.24985, 298889724, 20150801, 20150701, 5.0, johnsringoffire, /Profile/johnsringoffire, 3bbb2f7dbf90aef22744adbdc3ed51d6, /Attraction_Review-g2290737-d631613-Reviews-Hungaroring-Mogyorod_Pest_County_Central_Hungary.html
Hungaroring, 18, 30, Auto Race Tracks & Auto Race Tracks, Europe & Hungary & Central Hungary & Pest County & Mogyorod & Things to Do in Mogyorod, 4.5, 47.58233, 19.24985, 298326507, 20150801, 20150701, 4.0, travelmaster_hu, /Profile/travelmaster_hu, 4198c8ca3583bf5156dd582e47894106, /Attraction_Review-g2290737-d631613-Reviews-Hungaroring-Mogyorod_Pest_County_Central_Hungary.html
Hungaroring, 18, 30, Auto Race Tracks & Auto Race Tracks, Europe & Hungary & Central Hungary & Pest County & Mogyorod & Things to Do in Mogyorod, 4.5, 47.58233, 19.24985, 298225532, 20150801, 20150701, 4.0, OZS_ATW, /Profile/OZS_ATW, 7b397f3861a6ba067668516910b173c8, /Attraction_Review-g2290737-d631613-Reviews-Hungaroring-Mogyorod_Pest_County_Central_Hungary.html
