review_location_name, review_current_page, review_last_page, review_location_type, review_location_breadcrumbs, review_location_rate, location_lat, location_lng, review_id, review_date, review_experience_date, review_rate, user_name, user_link, user_id, parent_url
Liberty Bridge (Szabadsag hid), 22, 249, Bridges & Bridges, Europe & Hungary & Central Hungary & Budapest & Things to Do in Budapest, 4.5, 47.48763, 19.0587, 687209856, 20190701, 20190701, 5.0, lakelover908, /Profile/lakelover908, 128ba37f8377018f452ed53b9df48b76, /Attraction_Review-g274887-d3228385-Reviews-Liberty_Bridge_Szabadsag_hid-Budapest_Central_Hungary.html
Liberty Bridge (Szabadsag hid), 22, 249, Bridges & Bridges, Europe & Hungary & Central Hungary & Budapest & Things to Do in Budapest, 4.5, 47.48763, 19.0587, 686804616, 20190701, 20190701, 4.0, Kerryn72, /Profile/Kerryn72, 4eb7c3a80ea71983fe6e4a3431cb672b, /Attraction_Review-g274887-d3228385-Reviews-Liberty_Bridge_Szabadsag_hid-Budapest_Central_Hungary.html
Liberty Bridge (Szabadsag hid), 22, 249, Bridges & Bridges, Europe & Hungary & Central Hungary & Budapest & Things to Do in Budapest, 4.5, 47.48763, 19.0587, 685218286, 20190601, 20190601, 4.0, keith r w, /Profile/keithrw_13, f2a365ad03ea245aa6b246828a96e4c1, /Attraction_Review-g274887-d3228385-Reviews-Liberty_Bridge_Szabadsag_hid-Budapest_Central_Hungary.html
Liberty Bridge (Szabadsag hid), 22, 249, Bridges & Bridges, Europe & Hungary & Central Hungary & Budapest & Things to Do in Budapest, 4.5, 47.48763, 19.0587, 685014918, 20190601, 20190601, 4.0, TheShis, /Profile/TheShis, d30b3ab351cbfcb82ac5aec55bf892e5, /Attraction_Review-g274887-d3228385-Reviews-Liberty_Bridge_Szabadsag_hid-Budapest_Central_Hungary.html
Liberty Bridge (Szabadsag hid), 22, 249, Bridges & Bridges, Europe & Hungary & Central Hungary & Budapest & Things to Do in Budapest, 4.5, 47.48763, 19.0587, 684012226, 20190601, 20190601, 4.0, Shiva F, /Profile/634shivaf, dbcea4ee0baa2f2c9e46dcac40801f2c, /Attraction_Review-g274887-d3228385-Reviews-Liberty_Bridge_Szabadsag_hid-Budapest_Central_Hungary.html
