review_location_name, review_current_page, review_last_page, review_location_type, review_location_breadcrumbs, review_location_rate, location_lat, location_lng, review_id, review_date, review_experience_date, review_rate, user_name, user_link, user_id, parent_url
Danube River, 67, 1573, Bodies of Water & Bodies of Water, Europe & Hungary & Central Hungary & Budapest & Things to Do in Budapest, 4.5, 47.502583, 19.04263, 713979862, 20190901, 20190901, 5.0, Beccy J, /Profile/BexterDarwen, 19380df3e5cca3b92582ce2cb55a00d3, /Attraction_Review-g274887-d298971-Reviews-Danube_River-Budapest_Central_Hungary.html
Danube River, 67, 1573, Bodies of Water & Bodies of Water, Europe & Hungary & Central Hungary & Budapest & Things to Do in Budapest, 4.5, 47.502583, 19.04263, 713976254, 20190901, 20190901, 5.0, mdspringer1, /Profile/mdspringer1, cc2bcdf72917d152a82c8ed1576eb049, /Attraction_Review-g274887-d298971-Reviews-Danube_River-Budapest_Central_Hungary.html
Danube River, 67, 1573, Bodies of Water & Bodies of Water, Europe & Hungary & Central Hungary & Budapest & Things to Do in Budapest, 4.5, 47.502583, 19.04263, 713946729, 20190901, 20190901, 5.0, Rebecca GDAE, /Profile/magyarzene, 496d02f044af373c6cb57025c70d89af, /Attraction_Review-g274887-d298971-Reviews-Danube_River-Budapest_Central_Hungary.html
Danube River, 67, 1573, Bodies of Water & Bodies of Water, Europe & Hungary & Central Hungary & Budapest & Things to Do in Budapest, 4.5, 47.502583, 19.04263, 713933205, 20190901, 20190901, 4.0, famdevisser_nl, /Profile/famdevisser_nl, 119be5da40a3d49b9b6688dfeeb1ae1e, /Attraction_Review-g274887-d298971-Reviews-Danube_River-Budapest_Central_Hungary.html
Danube River, 67, 1573, Bodies of Water & Bodies of Water, Europe & Hungary & Central Hungary & Budapest & Things to Do in Budapest, 4.5, 47.502583, 19.04263, 713925677, 20190901, 20190901, 5.0, Anne T, /Profile/annetB8139DB, 7b4e478126a19318fdff9187e1148139, /Attraction_Review-g274887-d298971-Reviews-Danube_River-Budapest_Central_Hungary.html
