review_location_name, review_current_page, review_last_page, review_location_type, review_location_breadcrumbs, review_location_rate, location_lat, location_lng, review_id, review_date, review_experience_date, review_rate, user_name, user_link, user_id, parent_url
Lyceum, 3, 2, Points of Interest & Landmarks & Points of Interest & Landmarks, Europe & Hungary & Northern Hungary & Heves County & Eger & Things to Do in Eger, 4.5, 47.90019, 20.37523, 376720117, 20160501, 20160501, 5.0, Edmund R, /Profile/EdmundR_11, 0510de34c27bd37dc5fabc7ab6be0af7, /Attraction_Review-g274891-d7149061-Reviews-Lyceum-Eger_Heves_County_Northern_Hungary.html
Lyceum, 3, 2, Points of Interest & Landmarks & Points of Interest & Landmarks, Europe & Hungary & Northern Hungary & Heves County & Eger & Things to Do in Eger, 4.5, 47.90019, 20.37523, 368956071, 20160401, 20160401, 5.0, NNN, /Profile/98nils, 8d090d51b302c5e103424ca441a5d797, /Attraction_Review-g274891-d7149061-Reviews-Lyceum-Eger_Heves_County_Northern_Hungary.html
Lyceum, 3, 2, Points of Interest & Landmarks & Points of Interest & Landmarks, Europe & Hungary & Northern Hungary & Heves County & Eger & Things to Do in Eger, 4.5, 47.90019, 20.37523, 346225416, 20160201, 20160201, 4.0, 545medva, /Profile/545medva, 79a1785703f8fe1ce1af401faa2e2016, /Attraction_Review-g274891-d7149061-Reviews-Lyceum-Eger_Heves_County_Northern_Hungary.html
Lyceum, 3, 2, Points of Interest & Landmarks & Points of Interest & Landmarks, Europe & Hungary & Northern Hungary & Heves County & Eger & Things to Do in Eger, 4.5, 47.90019, 20.37523, 239798755, 20141101, 20140801, 5.0, baloghtomi, /Profile/baloghtomi, 0555aef8f2bd3ca41f590666897b1cc5, /Attraction_Review-g274891-d7149061-Reviews-Lyceum-Eger_Heves_County_Northern_Hungary.html
