review_location_name, review_current_page, review_last_page, review_location_type, review_location_breadcrumbs, review_location_rate, location_lat, location_lng, review_id, review_date, review_experience_date, review_rate, user_name, user_link, user_id, parent_url
Kecskemét Bath, 2, 3, Thermal Spas & Thermal Spas, Europe & Hungary & Southern Great Plain & Bacs-Kiskun County & Kecskemet & Things to Do in Kecskemet, 4.0, 46.901646, 19.665703, 514808283, 20170801, 20170801, 1.0, Csaba L, /Profile/581csabal, 9e898f0ca57e2ffc7b69133011fb79f2, /Attraction_Review-g274896-d9715910-Reviews-Kecskemet_Bath-Kecskemet_Bacs_Kiskun_County_Southern_Great_Plain.html
Kecskemét Bath, 2, 3, Thermal Spas & Thermal Spas, Europe & Hungary & Southern Great Plain & Bacs-Kiskun County & Kecskemet & Things to Do in Kecskemet, 4.0, 46.901646, 19.665703, 495998412, 20170601, 20170601, 5.0, Pocsi A, /Profile/PocsiA1, dc4258ce42ddb1d63a93bfdf028ef8be, /Attraction_Review-g274896-d9715910-Reviews-Kecskemet_Bath-Kecskemet_Bacs_Kiskun_County_Southern_Great_Plain.html
Kecskemét Bath, 2, 3, Thermal Spas & Thermal Spas, Europe & Hungary & Southern Great Plain & Bacs-Kiskun County & Kecskemet & Things to Do in Kecskemet, 4.0, 46.901646, 19.665703, 437333589, 20161101, 20161101, 4.0, gabord513, /Profile/gabord513, 9b8dfccde2a2ea63101c0a60fc90f628, /Attraction_Review-g274896-d9715910-Reviews-Kecskemet_Bath-Kecskemet_Bacs_Kiskun_County_Southern_Great_Plain.html
Kecskemét Bath, 2, 3, Thermal Spas & Thermal Spas, Europe & Hungary & Southern Great Plain & Bacs-Kiskun County & Kecskemet & Things to Do in Kecskemet, 4.0, 46.901646, 19.665703, 417838575, 20160901, 20160501, 3.0, htoti, /Profile/htoti, 7f149cdc34408817bdc4cfcf3027ce62, /Attraction_Review-g274896-d9715910-Reviews-Kecskemet_Bath-Kecskemet_Bacs_Kiskun_County_Southern_Great_Plain.html
Kecskemét Bath, 2, 3, Thermal Spas & Thermal Spas, Europe & Hungary & Southern Great Plain & Bacs-Kiskun County & Kecskemet & Things to Do in Kecskemet, 4.0, 46.901646, 19.665703, 382195365, 20160601, 20160601, 5.0, Roslyn T, /Profile/cecilia_racp, e37aa1ae7efde5d2b3c682c1c107b355, /Attraction_Review-g274896-d9715910-Reviews-Kecskemet_Bath-Kecskemet_Bacs_Kiskun_County_Southern_Great_Plain.html
