review_location_name, review_current_page, review_last_page, review_location_type, review_location_breadcrumbs, review_location_rate, location_lat, location_lng, review_id, review_date, review_experience_date, review_rate, user_name, user_link, user_id, parent_url
Early Christian Mausoleum, 6, 19, Historic Sites & Ancient Ruins & Historic Sites & Ancient Ruins, Europe & Hungary & Southern Transdanubia & Baranya County & Pecs & Things to Do in Pecs, 4.5, 46.077312, 18.22376, 452799863, 20170101, 20170101, 4.0, MarkoD71, /Profile/MarkoD71, b68b9aeae3f5864df3813bc8f5926b7d, /Attraction_Review-g274905-d547297-Reviews-Early_Christian_Mausoleum-Pecs_Baranya_County_Southern_Transdanubia.html
Early Christian Mausoleum, 6, 19, Historic Sites & Ancient Ruins & Historic Sites & Ancient Ruins, Europe & Hungary & Southern Transdanubia & Baranya County & Pecs & Things to Do in Pecs, 4.5, 46.077312, 18.22376, 447794856, 20161201, 20161001, 5.0, belleretraite, /Profile/belleretraite, 4a722f789ed39ea57ab9171260ee493e, /Attraction_Review-g274905-d547297-Reviews-Early_Christian_Mausoleum-Pecs_Baranya_County_Southern_Transdanubia.html
Early Christian Mausoleum, 6, 19, Historic Sites & Ancient Ruins & Historic Sites & Ancient Ruins, Europe & Hungary & Southern Transdanubia & Baranya County & Pecs & Things to Do in Pecs, 4.5, 46.077312, 18.22376, 437397695, 20161101, 20161101, 4.0, Makili991, /Profile/Makili991, fde93946687342d0a01fe7ba33f03914, /Attraction_Review-g274905-d547297-Reviews-Early_Christian_Mausoleum-Pecs_Baranya_County_Southern_Transdanubia.html
Early Christian Mausoleum, 6, 19, Historic Sites & Ancient Ruins & Historic Sites & Ancient Ruins, Europe & Hungary & Southern Transdanubia & Baranya County & Pecs & Things to Do in Pecs, 4.5, 46.077312, 18.22376, 436841732, 20161101, 20161101, 4.0, Darcy K, /Profile/30darcyk, 8c458dcefaf25c24214760506b0fdee5, /Attraction_Review-g274905-d547297-Reviews-Early_Christian_Mausoleum-Pecs_Baranya_County_Southern_Transdanubia.html
Early Christian Mausoleum, 6, 19, Historic Sites & Ancient Ruins & Historic Sites & Ancient Ruins, Europe & Hungary & Southern Transdanubia & Baranya County & Pecs & Things to Do in Pecs, 4.5, 46.077312, 18.22376, 436705591, 20161101, 20160901, 3.0, Joyce S, /Profile/337joyces, f60fec35cc4b6f36e41ab59fd8e55305, /Attraction_Review-g274905-d547297-Reviews-Early_Christian_Mausoleum-Pecs_Baranya_County_Southern_Transdanubia.html
