review_location_name, review_current_page, review_last_page, review_location_type, review_location_breadcrumbs, review_location_rate, location_lat, location_lng, review_id, review_date, review_experience_date, review_rate, user_name, user_link, user_id, parent_url
Budapest Western Railway Station, 4, 21, Architectural Buildings & Architectural Buildings, Europe & Hungary & Central Hungary & Budapest & Things to Do in Budapest, 3.5, 47.5101, 19.05704, 684987600, 20190601, 20190601, 3.0, IslandzGirl, /Profile/IslandzGirl, 8def4fc9126c9c3e7385f8369ad3e42d, /Attraction_Review-g274887-d501709-Reviews-Budapest_Western_Railway_Station-Budapest_Central_Hungary.html
Budapest Western Railway Station, 4, 21, Architectural Buildings & Architectural Buildings, Europe & Hungary & Central Hungary & Budapest & Things to Do in Budapest, 3.5, 47.5101, 19.05704, 682364958, 20190601, 20190601, 2.0, S L, /Profile/89SL89, 0560197b05e077d9174aca625a45fe24, /Attraction_Review-g274887-d501709-Reviews-Budapest_Western_Railway_Station-Budapest_Central_Hungary.html
Budapest Western Railway Station, 4, 21, Architectural Buildings & Architectural Buildings, Europe & Hungary & Central Hungary & Budapest & Things to Do in Budapest, 3.5, 47.5101, 19.05704, 678041196, 20190601, 20190601, 3.0, BangkokSachse, /Profile/BangkokSachse, 53334f170d893d2eb1d68136f7ec71c7, /Attraction_Review-g274887-d501709-Reviews-Budapest_Western_Railway_Station-Budapest_Central_Hungary.html
Budapest Western Railway Station, 4, 21, Architectural Buildings & Architectural Buildings, Europe & Hungary & Central Hungary & Budapest & Things to Do in Budapest, 3.5, 47.5101, 19.05704, 675926795, 20190501, 20190501, 2.0, renePennsylvania, /Profile/renePennsylvania, f6946e72b12e6a07276131a4abbc4e2d, /Attraction_Review-g274887-d501709-Reviews-Budapest_Western_Railway_Station-Budapest_Central_Hungary.html
Budapest Western Railway Station, 4, 21, Architectural Buildings & Architectural Buildings, Europe & Hungary & Central Hungary & Budapest & Things to Do in Budapest, 3.5, 47.5101, 19.05704, 674013674, 20190501, 20190501, 3.0, trekker183, /Profile/trekker183, 6f091bd049e429d90ff88b59e756f737, /Attraction_Review-g274887-d501709-Reviews-Budapest_Western_Railway_Station-Budapest_Central_Hungary.html
