province_name, region_name, province_url
Varpalota attractions, Veszprem County, /Attractions-g5600445-Activities-Varpalota_Veszprem_County_Central_Transdanubia.html
Papa attractions, Veszprem County, /Attractions-g793791-Activities-Papa_Veszprem_County_Central_Transdanubia.html
Diosd attractions, Pest County, /Attractions-g3392668-Activities-Diosd_Pest_County_Central_Hungary.html
Hajduhadhaz attractions, Hajdu-Bihar County, /Attractions-g19769734-Activities-Hajduhadhaz_Hajdu_Bihar_County_Northern_Great_Plain.html
Martonvasar attractions, Fejer County, /Attractions-g6309097-Activities-Martonvasar_Fejer_County_Central_Transdanubia.html
Nagyvazsony attractions, Veszprem County, /Attractions-g7122996-Activities-Nagyvazsony_Veszprem_County_Central_Transdanubia.html
Egerszalok attractions, Heves County, /Attractions-g2266230-Activities-Egerszalok_Heves_County_Northern_Hungary.html
Mezokovesd attractions, Borsod-Abauj-Zemplen County, /Attractions-g660491-Activities-Mezokovesd_Borsod_Abauj_Zemplen_County_Northern_Hungary.html
Mor attractions, Fejer County, /Attractions-g1189841-Activities-Mor_Fejer_County_Central_Transdanubia.html
Bekesszentandras attractions, Bekes County, /Attractions-g8801194-Activities-Bekesszentandras_Bekes_County_Southern_Great_Plain.html
Komarom attractions, Komarom-Esztergom County, /Attractions-g616165-Activities-Komarom_Komarom_Esztergom_County_Central_Transdanubia.html
Balatonederics attractions, Veszprem County, /Attractions-g6601433-Activities-Balatonederics_Veszprem_County_Central_Transdanubia.html
Torokbalint attractions, Pest County, /Attractions-g1158678-Activities-Torokbalint_Pest_County_Central_Hungary.html
Tarcal attractions, Borsod-Abauj-Zemplen County, /Attractions-g1099212-Activities-Tarcal_Borsod_Abauj_Zemplen_County_Northern_Hungary.html
Fonyod attractions, Somogy County, /Attractions-g1131876-Activities-Fonyod_Somogy_County_Southern_Transdanubia.html
Fertorakos attractions, Gyor-Moson-Sopron County, /Attractions-g754047-Activities-Fertorakos_Gyor_Moson_Sopron_County_Central_Transdanubia.html
Matrafured attractions, Heves County, /Attractions-g4224056-Activities-Matrafured_Heves_County_Northern_Hungary.html
Jaszbereny attractions, Jasz-Nagykun-Szolnok County, /Attractions-g4181103-Activities-Jaszbereny_Jasz_Nagykun_Szolnok_County_Northern_Great_Plain.html
Koszeg attractions, Vas County, /Attractions-g776248-Activities-Koszeg_Vas_County_Western_Transdanubia.html
Mako attractions, Southern Great Plain, /Attractions-g1599529-Activities-Mako_Southern_Great_Plain.html
Budakalasz attractions, Pest County, /Attractions-g8859789-Activities-Budakalasz_Pest_County_Central_Hungary.html
Zalakaros attractions, Zala County, /Attractions-g311308-Activities-Zalakaros_Zala_County_Western_Transdanubia.html
Dunaujvaros attractions, Fejer County, /Attractions-g3380124-Activities-Dunaujvaros_Fejer_County_Central_Transdanubia.html
Siklos attractions, Baranya County, /Attractions-g1026929-Activities-Siklos_Baranya_County_Southern_Transdanubia.html
Rackeve attractions, Pest County, /Attractions-g1202839-Activities-Rackeve_Pest_County_Central_Hungary.html
Vonyarcvashegy attractions, Zala County, /Attractions-g2266653-Activities-Vonyarcvashegy_Zala_County_Western_Transdanubia.html
Gyomro attractions, Pest County, /Attractions-g3175978-Activities-Gyomro_Pest_County_Central_Hungary.html
Hortobagy attractions, Hajdu-Bihar County, /Attractions-g274895-Activities-Hortobagy_Hajdu_Bihar_County_Northern_Great_Plain.html
Sarospatak attractions, Borsod-Abauj-Zemplen County, /Attractions-g754055-Activities-Sarospatak_Borsod_Abauj_Zemplen_County_Northern_Hungary.html
Tapolca attractions, Veszprem County, /Attractions-g277797-Activities-Tapolca_Veszprem_County_Central_Transdanubia.html
Lillafured attractions, Borsod-Abauj-Zemplen County, /Attractions-g1077251-Activities-Lillafured_Borsod_Abauj_Zemplen_County_Northern_Hungary.html
Balatonfoldvar attractions, Somogy County, /Attractions-g1012576-Activities-Balatonfoldvar_Somogy_County_Southern_Transdanubia.html
Villany attractions, Baranya County, /Attractions-g1809174-Activities-Villany_Baranya_County_Southern_Transdanubia.html
Sumeg attractions, Veszprem County, /Attractions-g1598545-Activities-Sumeg_Veszprem_County_Central_Transdanubia.html
Mogyorod attractions, Pest County, /Attractions-g2290737-Activities-Mogyorod_Pest_County_Central_Hungary.html
Tiszafured attractions, Jasz-Nagykun-Szolnok County, /Attractions-g1077269-Activities-Tiszafured_Jasz_Nagykun_Szolnok_County_Northern_Great_Plain.html
Balatonboglar attractions, Somogy County, /Attractions-g1189860-Activities-Balatonboglar_Somogy_County_Southern_Transdanubia.html
Szigetvar attractions, Baranya County, /Attractions-g1102817-Activities-Szigetvar_Baranya_County_Southern_Transdanubia.html
Hajduszoboszlo attractions, Hajdu-Bihar County, /Attractions-g562809-Activities-Hajduszoboszlo_Hajdu_Bihar_County_Northern_Great_Plain.html
Sarvar attractions, Vas County, /Attractions-g274907-Activities-Sarvar_Vas_County_Western_Transdanubia.html
Salgotarjan attractions, Nograd County, /Attractions-g274906-Activities-Salgotarjan_Nograd_County_Northern_Hungary.html
Pannonhalma attractions, Gyor-Moson-Sopron County, /Attractions-g754048-Activities-Pannonhalma_Gyor_Moson_Sopron_County_Central_Transdanubia.html
Badacsonytomaj attractions, Veszprem County, /Attractions-g661273-Activities-Badacsonytomaj_Veszprem_County_Central_Transdanubia.html
Holloko attractions, Nograd County, /Attractions-g754051-Activities-Holloko_Nograd_County_Northern_Hungary.html
Mohacs attractions, Baranya County, /Attractions-g1131873-Activities-Mohacs_Baranya_County_Southern_Transdanubia.html
Gyenesdias attractions, Zala County, /Attractions-g1077264-Activities-Gyenesdias_Zala_County_Western_Transdanubia.html
Tatabanya attractions, Komarom-Esztergom County, /Attractions-g1056641-Activities-Tatabanya_Komarom_Esztergom_County_Central_Transdanubia.html
Szilvasvarad attractions, Heves County, /Attractions-g1586908-Activities-Szilvasvarad_Heves_County_Northern_Hungary.html
Hodmezovasarhely attractions, Csongrad County, /Attractions-g793790-Activities-Hodmezovasarhely_Csongrad_County_Southern_Great_Plain.html
Zamardi attractions, Somogy County, /Attractions-g644233-Activities-Zamardi_Somogy_County_Southern_Transdanubia.html
