province_name, region_name, province_url
Kazincbarcika attractions, Borsod-Abauj-Zemplen County, /Attractions-g2546069-Activities-Kazincbarcika_Borsod_Abauj_Zemplen_County_Northern_Hungary.html
Leanyfalu attractions, Pest County, /Attractions-g2546064-Activities-Leanyfalu_Pest_County_Central_Hungary.html
Balatonszentgyorgy attractions, Somogy County, /Attractions-g4764146-Activities-Balatonszentgyorgy_Somogy_County_Southern_Transdanubia.html
Gyulakeszi attractions, Veszprem County, /Attractions-g2546076-Activities-Gyulakeszi_Veszprem_County_Central_Transdanubia.html
Inarcs attractions, Pest County, /Attractions-g2546073-Activities-Inarcs_Pest_County_Central_Hungary.html
Kerecsend attractions, Heves County, /Attractions-g7736758-Activities-Kerecsend_Heves_County_Northern_Hungary.html
Hercegszanto attractions, Bacs-Kiskun County, /Attractions-g12683529-Activities-Hercegszanto_Bacs_Kiskun_County_Southern_Great_Plain.html
Regec attractions, Borsod-Abauj-Zemplen County, /Attractions-g2249195-Activities-Regec_Borsod_Abauj_Zemplen_County_Northern_Hungary.html
Nadudvar attractions, Hajdu-Bihar County, /Attractions-g7736764-Activities-Nadudvar_Hajdu_Bihar_County_Northern_Great_Plain.html
Lokoshaza attractions, Bekes County, /Attractions-g274900-Activities-Lokoshaza_Bekes_County_Southern_Great_Plain.html
Kapolnasnyek attractions, Fejer County, /Attractions-g1163713-Activities-Kapolnasnyek_Fejer_County_Central_Transdanubia.html
Perbal attractions, Pest County, /Attractions-g7132600-Activities-Perbal_Pest_County_Central_Hungary.html
Rabahidveg attractions, Vas County, /Attractions-g15306044-Activities-Rabahidveg_Vas_County_Western_Transdanubia.html
Tolna attractions, Tolna County, /Attractions-g1163720-Activities-Tolna_Tolna_County_Southern_Transdanubia.html
Marcali attractions, Somogy County, /Attractions-g7380369-Activities-Marcali_Somogy_County_Southern_Transdanubia.html
Sarud attractions, Heves County, /Attractions-g15609095-Activities-Sarud_Heves_County_Northern_Hungary.html
Mesteri attractions, Vas County, /Attractions-g13370663-Activities-Mesteri_Vas_County_Western_Transdanubia.html
Orspuszta attractions, Fejer County, /Attractions-g20484311-Activities-Orspuszta_Fejer_County_Central_Transdanubia.html
Bukkszek attractions, Heves County, /Attractions-g6417811-Activities-Bukkszek_Heves_County_Northern_Hungary.html
Doba attractions, Veszprem County, /Attractions-g11872579-Activities-Doba_Veszprem_County_Central_Transdanubia.html
Matraderecske attractions, Heves County, /Attractions-g2641360-Activities-Matraderecske_Heves_County_Northern_Hungary.html
Aggtelek attractions, Borsod-Abauj-Zemplen County, /Attractions-g1028597-Activities-Aggtelek_Borsod_Abauj_Zemplen_County_Northern_Hungary.html
Cegledbercel attractions, Pest County, /Attractions-g2054626-Activities-Cegledbercel_Pest_County_Central_Hungary.html
Mindszentkalla attractions, Veszprem County, /Attractions-g11888308-Activities-Mindszentkalla_Veszprem_County_Central_Transdanubia.html
Danube-Ipoly National Park attractions, Hungary, /Attractions-g7713398-Activities-Danube_Ipoly_National_Park.html
Balloszog attractions, Southern Great Plain, /Attractions-g1207829-Activities-Balloszog_Southern_Great_Plain.html
Csobanka attractions, Pest County, /Attractions-g1207838-Activities-Csobanka_Pest_County_Central_Hungary.html
Lebeny attractions, Gyor-Moson-Sopron County, /Attractions-g10319505-Activities-Lebeny_Gyor_Moson_Sopron_County_Central_Transdanubia.html
Kisber attractions, Komarom-Esztergom County, /Attractions-g4473429-Activities-Kisber_Komarom_Esztergom_County_Central_Transdanubia.html
Baracska attractions, Fejer County, /Attractions-g2642493-Activities-Baracska_Fejer_County_Central_Transdanubia.html
Tiszagyenda attractions, Jasz-Nagykun-Szolnok County, /Attractions-g11888278-Activities-Tiszagyenda_Jasz_Nagykun_Szolnok_County_Northern_Great_Plain.html
Szatmarcseke attractions, Szabolcs-Szatmar-Bereg County, /Attractions-g11888274-Activities-Szatmarcseke_Szabolcs_Szatmar_Bereg_County_Northern_Great_Plain.html
Nyul attractions, Gyor-Moson-Sopron County, /Attractions-g4716139-Activities-Nyul_Gyor_Moson_Sopron_County_Central_Transdanubia.html
Gomba attractions, Pest County, /Attractions-g8859306-Activities-Gomba_Pest_County_Central_Hungary.html
Jaszszentandras attractions, Jasz-Nagykun-Szolnok County, /Attractions-g12731117-Activities-Jaszszentandras_Jasz_Nagykun_Szolnok_County_Northern_Great_Plain.html
Nagyborzsony attractions, Pest County, /Attractions-g1207840-Activities-Nagyborzsony_Pest_County_Central_Hungary.html
Rakamaz attractions, Szabolcs-Szatmar-Bereg County, /Attractions-g11888259-Activities-Rakamaz_Szabolcs_Szatmar_Bereg_County_Northern_Great_Plain.html
Kapuvar attractions, Gyor-Moson-Sopron County, /Attractions-g4597253-Activities-Kapuvar_Gyor_Moson_Sopron_County_Central_Transdanubia.html
Labatlan attractions, Komarom-Esztergom County, /Attractions-g11888368-Activities-Labatlan_Komarom_Esztergom_County_Central_Transdanubia.html
Magyarpolany attractions, Veszprem County, /Attractions-g2702946-Activities-Magyarpolany_Veszprem_County_Central_Transdanubia.html
Kiskunmajsa attractions, Bacs-Kiskun County, /Attractions-g7127609-Activities-Kiskunmajsa_Bacs_Kiskun_County_Southern_Great_Plain.html
Barcs attractions, Somogy County, /Attractions-g1657409-Activities-Barcs_Somogy_County_Southern_Transdanubia.html
Nagyatad attractions, Somogy County, /Attractions-g1657410-Activities-Nagyatad_Somogy_County_Southern_Transdanubia.html
Zalacsany attractions, Zala County, /Attractions-g1759814-Activities-Zalacsany_Zala_County_Western_Transdanubia.html
Tetetlen attractions, Hajdu-Bihar County, /Attractions-g16860006-Activities-Tetetlen_Hajdu_Bihar_County_Northern_Great_Plain.html
Egeraracsa attractions, Zala County, /Attractions-g11893465-Activities-Egeraracsa_Zala_County_Western_Transdanubia.html
Ostffyasszonyfa attractions, Vas County, /Attractions-g11893464-Activities-Ostffyasszonyfa_Vas_County_Western_Transdanubia.html
Homokkomaromi attractions, Zala County, /Attractions-g20870986-Activities-Homokkomaromi_Zala_County_Western_Transdanubia.html
Gyongyosfalu attractions, Vas County, /Attractions-g10348267-Activities-Gyongyosfalu_Vas_County_Western_Transdanubia.html
Pazmand attractions, Fejer County, /Attractions-g1202833-Activities-Pazmand_Fejer_County_Central_Transdanubia.html
