province_name, region_name, province_url
Revfulop attractions, Veszprem County, /Attractions-g1077275-Activities-Revfulop_Veszprem_County_Central_Transdanubia.html
Vecses attractions, Pest County, /Attractions-g1077276-Activities-Vecses_Pest_County_Central_Hungary.html
Tarjan attractions, Komarom-Esztergom County, /Attractions-g1077248-Activities-Tarjan_Komarom_Esztergom_County_Central_Transdanubia.html
Tac attractions, Fejer County, /Attractions-g6698098-Activities-Tac_Fejer_County_Central_Transdanubia.html
Lajoskomarom attractions, Fejer County, /Attractions-g8560805-Activities-Lajoskomarom_Fejer_County_Central_Transdanubia.html
Rabasebes attractions, Gyor-Moson-Sopron County, /Attractions-g7915615-Activities-Rabasebes_Gyor_Moson_Sopron_County_Central_Transdanubia.html
Orkeny attractions, Pest County, /Attractions-g8744105-Activities-Orkeny_Pest_County_Central_Hungary.html
Nagysap attractions, Komarom-Esztergom County, /Attractions-g4505718-Activities-Nagysap_Komarom_Esztergom_County_Central_Transdanubia.html
Kecel attractions, Bacs-Kiskun County, /Attractions-g4505723-Activities-Kecel_Bacs_Kiskun_County_Southern_Great_Plain.html
Hollohaza attractions, Borsod-Abauj-Zemplen County, /Attractions-g1598544-Activities-Hollohaza_Borsod_Abauj_Zemplen_County_Northern_Hungary.html
Pecel attractions, Pest County, /Attractions-g8832214-Activities-Pecel_Pest_County_Central_Hungary.html
Ajka attractions, Veszprem County, /Attractions-g1598536-Activities-Ajka_Veszprem_County_Central_Transdanubia.html
Kisvarda attractions, Szabolcs-Szatmar-Bereg County, /Attractions-g1598537-Activities-Kisvarda_Szabolcs_Szatmar_Bereg_County_Northern_Great_Plain.html
Berettyoujfalu attractions, Hajdu-Bihar County, /Attractions-g1598538-Activities-Berettyoujfalu_Hajdu_Bihar_County_Northern_Great_Plain.html
Monor attractions, Pest County, /Attractions-g1985613-Activities-Monor_Pest_County_Central_Hungary.html
Kisdombegyhaz attractions, Bekes County, /Attractions-g4300818-Activities-Kisdombegyhaz_Bekes_County_Southern_Great_Plain.html
Hatvan attractions, Heves County, /Attractions-g1598541-Activities-Hatvan_Heves_County_Northern_Hungary.html
Onod attractions, Borsod-Abauj-Zemplen County, /Attractions-g19099001-Activities-Onod_Borsod_Abauj_Zemplen_County_Northern_Hungary.html
Hajduboszormeny attractions, Hajdu-Bihar County, /Attractions-g6277177-Activities-Hajduboszormeny_Hajdu_Bihar_County_Northern_Great_Plain.html
Vertesszolos attractions, Komarom-Esztergom County, /Attractions-g6160425-Activities-Vertesszolos_Komarom_Esztergom_County_Central_Transdanubia.html
Kerepes attractions, Pest County, /Attractions-g3681344-Activities-Kerepes_Pest_County_Central_Hungary.html
Hajdunanas attractions, Hajdu-Bihar County, /Attractions-g6160423-Activities-Hajdunanas_Hajdu_Bihar_County_Northern_Great_Plain.html
Majs attractions, Baranya County, /Attractions-g22856992-Activities-Majs_Baranya_County_Southern_Transdanubia.html
Zalaszanto attractions, Zala County, /Attractions-g8538113-Activities-Zalaszanto_Zala_County_Western_Transdanubia.html
Ispank attractions, Vas County, /Attractions-g3381438-Activities-Ispank_Vas_County_Western_Transdanubia.html
Tiszalok attractions, Szabolcs-Szatmar-Bereg County, /Attractions-g5008578-Activities-Tiszalok_Szabolcs_Szatmar_Bereg_County_Northern_Great_Plain.html
Harkany attractions, Baranya County, /Attractions-g644230-Activities-Harkany_Baranya_County_Southern_Transdanubia.html
Kereki attractions, Somogy County, /Attractions-g13570143-Activities-Kereki_Somogy_County_Southern_Transdanubia.html
Berkenye attractions, Nograd County, /Attractions-g12476461-Activities-Berkenye_Nograd_County_Northern_Hungary.html
Kallosemjen attractions, Szabolcs-Szatmar-Bereg County, /Attractions-g12799060-Activities-Kallosemjen_Szabolcs_Szatmar_Bereg_County_Northern_Great_Plain.html
Maglod attractions, Pest County, /Attractions-g7092471-Activities-Maglod_Pest_County_Central_Hungary.html
Ronok attractions, Vas County, /Attractions-g4980944-Activities-Ronok_Vas_County_Western_Transdanubia.html
Turkeve attractions, Jasz-Nagykun-Szolnok County, /Attractions-g8479783-Activities-Turkeve_Jasz_Nagykun_Szolnok_County_Northern_Great_Plain.html
Algyo attractions, Csongrad County, /Attractions-g8634404-Activities-Algyo_Csongrad_County_Southern_Great_Plain.html
Lipot attractions, Gyor-Moson-Sopron County, /Attractions-g2368643-Activities-Lipot_Gyor_Moson_Sopron_County_Central_Transdanubia.html
Vaszoly attractions, Veszprem County, /Attractions-g12684396-Activities-Vaszoly_Veszprem_County_Central_Transdanubia.html
Osku attractions, Veszprem County, /Attractions-g21160323-Activities-Osku_Veszprem_County_Central_Transdanubia.html
Igal attractions, Somogy County, /Attractions-g3382517-Activities-Igal_Somogy_County_Southern_Transdanubia.html
Vacratot attractions, Pest County, /Attractions-g8410189-Activities-Vacratot_Pest_County_Central_Hungary.html
Karacsond attractions, Heves County, /Attractions-g19102195-Activities-Karacsond_Heves_County_Northern_Hungary.html
Soltvadkert attractions, Bacs-Kiskun County, /Attractions-g7241916-Activities-Soltvadkert_Bacs_Kiskun_County_Southern_Great_Plain.html
Zakanyszek attractions, Csongrad County, /Attractions-g8125603-Activities-Zakanyszek_Csongrad_County_Southern_Great_Plain.html
Baj attractions, Komarom-Esztergom County, /Attractions-g15648821-Activities-Baj_Komarom_Esztergom_County_Central_Transdanubia.html
Magyaregregy attractions, Baranya County, /Attractions-g8596572-Activities-Magyaregregy_Baranya_County_Southern_Transdanubia.html
Edeleny attractions, Borsod-Abauj-Zemplen County, /Attractions-g7368849-Activities-Edeleny_Borsod_Abauj_Zemplen_County_Northern_Hungary.html
Acsa attractions, Pest County, /Attractions-g7265419-Activities-Acsa_Pest_County_Central_Hungary.html
Kisjakabfalva attractions, Baranya County, /Attractions-g8564841-Activities-Kisjakabfalva_Baranya_County_Southern_Transdanubia.html
Gyorvar attractions, Vas County, /Attractions-g8405099-Activities-Gyorvar_Vas_County_Western_Transdanubia.html
Parad attractions, Heves County, /Attractions-g3381444-Activities-Parad_Heves_County_Northern_Hungary.html
Bukkosd attractions, Baranya County, /Attractions-g3326158-Activities-Bukkosd_Baranya_County_Southern_Transdanubia.html
