province_name, region_name, province_url
Oriszentpeter attractions, Vas County, /Attractions-g6599148-Activities-Oriszentpeter_Vas_County_Western_Transdanubia.html
Fot attractions, Pest County, /Attractions-g4412872-Activities-Fot_Pest_County_Central_Hungary.html
Gyomaendrod attractions, Bekes County, /Attractions-g754053-Activities-Gyomaendrod_Bekes_County_Southern_Great_Plain.html
Tamasi attractions, Tolna County, /Attractions-g6279678-Activities-Tamasi_Tolna_County_Southern_Transdanubia.html
Sirok attractions, Heves County, /Attractions-g1584564-Activities-Sirok_Heves_County_Northern_Hungary.html
Josvafo attractions, Borsod-Abauj-Zemplen County, /Attractions-g1163708-Activities-Josvafo_Borsod_Abauj_Zemplen_County_Northern_Hungary.html
Gyal attractions, Pest County, /Attractions-g2546078-Activities-Gyal_Pest_County_Central_Hungary.html
Balatonalmadi attractions, Veszprem County, /Attractions-g274883-Activities-Balatonalmadi_Veszprem_County_Central_Transdanubia.html
Domos attractions, Komarom-Esztergom County, /Attractions-g2642403-Activities-Domos_Komarom_Esztergom_County_Central_Transdanubia.html
Kismaros attractions, Pest County, /Attractions-g1163714-Activities-Kismaros_Pest_County_Central_Hungary.html
Gyongyossolymos attractions, Heves County, /Attractions-g11033973-Activities-Gyongyossolymos_Heves_County_Northern_Hungary.html
Gyorujbarat attractions, Gyor-Moson-Sopron County, /Attractions-g1925624-Activities-Gyorujbarat_Gyor_Moson_Sopron_County_Central_Transdanubia.html
Magyarszombatfa attractions, Vas County, /Attractions-g2625991-Activities-Magyarszombatfa_Vas_County_Western_Transdanubia.html
Balatonmagyarod attractions, Zala County, /Attractions-g12833075-Activities-Balatonmagyarod_Zala_County_Western_Transdanubia.html
Szokolya attractions, Pest County, /Attractions-g7193120-Activities-Szokolya_Pest_County_Central_Hungary.html
Bakonyszentlaszlo attractions, Gyor-Moson-Sopron County, /Attractions-g8667889-Activities-Bakonyszentlaszlo_Gyor_Moson_Sopron_County_Central_Transdanubia.html
Abaliget attractions, Baranya County, /Attractions-g2209366-Activities-Abaliget_Baranya_County_Southern_Transdanubia.html
Opusztaszer attractions, Csongrad County, /Attractions-g3207842-Activities-Opusztaszer_Csongrad_County_Southern_Great_Plain.html
Salfold attractions, Veszprem County, /Attractions-g8634927-Activities-Salfold_Veszprem_County_Central_Transdanubia.html
Kolked attractions, Baranya County, /Attractions-g7177944-Activities-Kolked_Baranya_County_Southern_Transdanubia.html
Balatonszarszo attractions, Somogy County, /Attractions-g1197735-Activities-Balatonszarszo_Somogy_County_Southern_Transdanubia.html
Velemer attractions, Vas County, /Attractions-g6601367-Activities-Velemer_Vas_County_Western_Transdanubia.html
Balatonszemes attractions, Somogy County, /Attractions-g1380112-Activities-Balatonszemes_Somogy_County_Southern_Transdanubia.html
Tar attractions, Nograd County, /Attractions-g13491142-Activities-Tar_Nograd_County_Northern_Hungary.html
Epleny attractions, Veszprem County, /Attractions-g12282807-Activities-Epleny_Veszprem_County_Central_Transdanubia.html
Orvenyes attractions, Veszprem County, /Attractions-g6276942-Activities-Orvenyes_Veszprem_County_Central_Transdanubia.html
Tolcsva attractions, Borsod-Abauj-Zemplen County, /Attractions-g2151231-Activities-Tolcsva_Borsod_Abauj_Zemplen_County_Northern_Hungary.html
Mezobereny attractions, Bekes County, /Attractions-g15043525-Activities-Mezobereny_Bekes_County_Southern_Great_Plain.html
Balatonfuzfo attractions, Veszprem County, /Attractions-g4553481-Activities-Balatonfuzfo_Veszprem_County_Central_Transdanubia.html
Dunavarsany attractions, Pest County, /Attractions-g8096542-Activities-Dunavarsany_Pest_County_Central_Hungary.html
Szigetszentmiklos attractions, Pest County, /Attractions-g1056639-Activities-Szigetszentmiklos_Pest_County_Central_Hungary.html
Satorhely attractions, Baranya County, /Attractions-g19100332-Activities-Satorhely_Baranya_County_Southern_Transdanubia.html
Boldogkovaralja attractions, Borsod-Abauj-Zemplen County, /Attractions-g8770340-Activities-Boldogkovaralja_Borsod_Abauj_Zemplen_County_Northern_Hungary.html
Fertoszeplak attractions, Gyor-Moson-Sopron County, /Attractions-g4590560-Activities-Fertoszeplak_Gyor_Moson_Sopron_County_Central_Transdanubia.html
Szalafo attractions, Vas County, /Attractions-g3221403-Activities-Szalafo_Vas_County_Western_Transdanubia.html
Csoernyefoeld attractions, Zala County, /Attractions-g11747083-Activities-Csoernyefoeld_Zala_County_Western_Transdanubia.html
Vizsoly attractions, Borsod-Abauj-Zemplen County, /Attractions-g12282722-Activities-Vizsoly_Borsod_Abauj_Zemplen_County_Northern_Hungary.html
Rezi attractions, Zala County, /Attractions-g8686444-Activities-Rezi_Zala_County_Western_Transdanubia.html
Tiszadob attractions, Szabolcs-Szatmar-Bereg County, /Attractions-g7228291-Activities-Tiszadob_Szabolcs_Szatmar_Bereg_County_Northern_Great_Plain.html
Magyarhertelend attractions, Baranya County, /Attractions-g2424777-Activities-Magyarhertelend_Baranya_County_Southern_Transdanubia.html
Hercegkut attractions, Borsod-Abauj-Zemplen County, /Attractions-g9722726-Activities-Hercegkut_Borsod_Abauj_Zemplen_County_Northern_Hungary.html
Dabas attractions, Pest County, /Attractions-g5026742-Activities-Dabas_Pest_County_Central_Hungary.html
Bodrogkisfalud attractions, Borsod-Abauj-Zemplen County, /Attractions-g12819262-Activities-Bodrogkisfalud_Borsod_Abauj_Zemplen_County_Northern_Hungary.html
Berekfurdo attractions, Jasz-Nagykun-Szolnok County, /Attractions-g2492454-Activities-Berekfurdo_Jasz_Nagykun_Szolnok_County_Northern_Great_Plain.html
Koveskal attractions, Veszprem County, /Attractions-g1077266-Activities-Koveskal_Veszprem_County_Central_Transdanubia.html
Janoshalma attractions, Bacs-Kiskun County, /Attractions-g14080213-Activities-Janoshalma_Bacs_Kiskun_County_Southern_Great_Plain.html
Galyateto attractions, Heves County, /Attractions-g1077268-Activities-Galyateto_Heves_County_Northern_Hungary.html
Paradfurdo attractions, Heves County, /Attractions-g660492-Activities-Paradfurdo_Heves_County_Northern_Hungary.html
Szantod attractions, Somogy County, /Attractions-g1077273-Activities-Szantod_Somogy_County_Southern_Transdanubia.html
Rajka attractions, Gyor-Moson-Sopron County, /Attractions-g1077274-Activities-Rajka_Gyor_Moson_Sopron_County_Central_Transdanubia.html
