province_name, region_name, province_url
Somogyaszalo attractions, Somogy County, /Attractions-g11893299-Activities-Somogyaszalo_Somogy_County_Southern_Transdanubia.html
Vaja attractions, Szabolcs-Szatmar-Bereg County, /Attractions-g18928558-Activities-Vaja_Szabolcs_Szatmar_Bereg_County_Northern_Great_Plain.html
Domsod attractions, Pest County, /Attractions-g6369015-Activities-Domsod_Pest_County_Central_Hungary.html
Celldomolk attractions, Vas County, /Attractions-g3581614-Activities-Celldomolk_Vas_County_Western_Transdanubia.html
Zalakomar attractions, Zala County, /Attractions-g11893295-Activities-Zalakomar_Zala_County_Western_Transdanubia.html
Karcag attractions, Jasz-Nagykun-Szolnok County, /Attractions-g3581613-Activities-Karcag_Jasz_Nagykun_Szolnok_County_Northern_Great_Plain.html
Boszenfa attractions, Somogy County, /Attractions-g8807969-Activities-Boszenfa_Somogy_County_Southern_Transdanubia.html
Kistapolca attractions, Baranya County, /Attractions-g21273597-Activities-Kistapolca_Baranya_County_Southern_Transdanubia.html
Besenyszog attractions, Jasz-Nagykun-Szolnok County, /Attractions-g12683899-Activities-Besenyszog_Jasz_Nagykun_Szolnok_County_Northern_Great_Plain.html
Felsoszolnok attractions, Vas County, /Attractions-g7614158-Activities-Felsoszolnok_Vas_County_Western_Transdanubia.html
Cserto attractions, Baranya County, /Attractions-g19098520-Activities-Cserto_Baranya_County_Southern_Transdanubia.html
Somogyszob attractions, Somogy County, /Attractions-g12475909-Activities-Somogyszob_Somogy_County_Southern_Transdanubia.html
Kam attractions, Vas County, /Attractions-g7614132-Activities-Kam_Vas_County_Western_Transdanubia.html
Rabakecol attractions, Gyor-Moson-Sopron County, /Attractions-g19487723-Activities-Rabakecol_Gyor_Moson_Sopron_County_Central_Transdanubia.html
Halasztelek attractions, Pest County, /Attractions-g9583191-Activities-Halasztelek_Pest_County_Central_Hungary.html
Csopak attractions, Veszprem County, /Attractions-g947935-Activities-Csopak_Veszprem_County_Central_Transdanubia.html
Kemecse attractions, Szabolcs-Szatmar-Bereg County, /Attractions-g16821205-Activities-Kemecse_Szabolcs_Szatmar_Bereg_County_Northern_Great_Plain.html
Szenna attractions, Somogy County, /Attractions-g3135183-Activities-Szenna_Somogy_County_Southern_Transdanubia.html
Dozmat attractions, Vas County, /Attractions-g11893330-Activities-Dozmat_Vas_County_Western_Transdanubia.html
Zanka attractions, Veszprem County, /Attractions-g1915642-Activities-Zanka_Veszprem_County_Central_Transdanubia.html
Kormend attractions, Vas County, /Attractions-g1929975-Activities-Kormend_Vas_County_Western_Transdanubia.html
Mezozombor attractions, Borsod-Abauj-Zemplen County, /Attractions-g5601979-Activities-Mezozombor_Borsod_Abauj_Zemplen_County_Northern_Hungary.html
Turistvandi attractions, Szabolcs-Szatmar-Bereg County, /Attractions-g7614085-Activities-Turistvandi_Szabolcs_Szatmar_Bereg_County_Northern_Great_Plain.html
Balatonakarattya attractions, Veszprem County, /Attractions-g12833330-Activities-Balatonakarattya_Veszprem_County_Central_Transdanubia.html
Nagyar attractions, Szabolcs-Szatmar-Bereg County, /Attractions-g21151671-Activities-Nagyar_Szabolcs_Szatmar_Bereg_County_Northern_Great_Plain.html
Alsoszolnok attractions, Vas County, /Attractions-g8734595-Activities-Alsoszolnok_Vas_County_Western_Transdanubia.html
Biatorbagy attractions, Pest County, /Attractions-g1169179-Activities-Biatorbagy_Pest_County_Central_Hungary.html
Komlo attractions, Baranya County, /Attractions-g1169181-Activities-Komlo_Baranya_County_Southern_Transdanubia.html
Nagyrede attractions, Heves County, /Attractions-g11888570-Activities-Nagyrede_Heves_County_Northern_Hungary.html
Kaszo attractions, Somogy County, /Attractions-g12842963-Activities-Kaszo_Somogy_County_Southern_Transdanubia.html
Tordas attractions, Fejer County, /Attractions-g3746587-Activities-Tordas_Fejer_County_Central_Transdanubia.html
Monok attractions, Borsod-Abauj-Zemplen County, /Attractions-g3746577-Activities-Monok_Borsod_Abauj_Zemplen_County_Northern_Hungary.html
Devavanya attractions, Bekes County, /Attractions-g21276264-Activities-Devavanya_Bekes_County_Southern_Great_Plain.html
Zamoly attractions, Fejer County, /Attractions-g12858353-Activities-Zamoly_Fejer_County_Central_Transdanubia.html
Oroshaza attractions, Bekes County, /Attractions-g774973-Activities-Oroshaza_Bekes_County_Southern_Great_Plain.html
Kisujszallas attractions, Jasz-Nagykun-Szolnok County, /Attractions-g3746560-Activities-Kisujszallas_Jasz_Nagykun_Szolnok_County_Northern_Great_Plain.html
Nadasdladany attractions, Fejer County, /Attractions-g5984101-Activities-Nadasdladany_Fejer_County_Central_Transdanubia.html
Berente attractions, Borsod-Abauj-Zemplen County, /Attractions-g8506302-Activities-Berente_Borsod_Abauj_Zemplen_County_Northern_Hungary.html
Cserepfalu attractions, Borsod-Abauj-Zemplen County, /Attractions-g10355679-Activities-Cserepfalu_Borsod_Abauj_Zemplen_County_Northern_Hungary.html
Somlovasarhely attractions, Veszprem County, /Attractions-g8281919-Activities-Somlovasarhely_Veszprem_County_Central_Transdanubia.html
Somogyvamos attractions, Somogy County, /Attractions-g6966062-Activities-Somogyvamos_Somogy_County_Southern_Transdanubia.html
Hangony attractions, Borsod-Abauj-Zemplen County, /Attractions-g12963712-Activities-Hangony_Borsod_Abauj_Zemplen_County_Northern_Hungary.html
Murakeresztur attractions, Zala County, /Attractions-g21212687-Activities-Murakeresztur_Zala_County_Western_Transdanubia.html
Molnari attractions, Zala County, /Attractions-g21212694-Activities-Molnari_Zala_County_Western_Transdanubia.html
Deg attractions, Fejer County, /Attractions-g12282862-Activities-Deg_Fejer_County_Central_Transdanubia.html
Muhi attractions, Borsod-Abauj-Zemplen County, /Attractions-g19100286-Activities-Muhi_Borsod_Abauj_Zemplen_County_Northern_Hungary.html
Takos attractions, Szabolcs-Szatmar-Bereg County, /Attractions-g11888597-Activities-Takos_Szabolcs_Szatmar_Bereg_County_Northern_Great_Plain.html
Felsocsatar attractions, Vas County, /Attractions-g11888599-Activities-Felsocsatar_Vas_County_Western_Transdanubia.html
Gyongyosoroszi attractions, Heves County, /Attractions-g11888598-Activities-Gyongyosoroszi_Heves_County_Northern_Hungary.html
Dorgicse attractions, Veszprem County, /Attractions-g4431667-Activities-Dorgicse_Veszprem_County_Central_Transdanubia.html
