province_name, region_name, province_url
Fertod attractions, Gyor-Moson-Sopron County, /Attractions-g754046-Activities-Fertod_Gyor_Moson_Sopron_County_Central_Transdanubia.html
Cserkeszolo attractions, Jasz-Nagykun-Szolnok County, /Attractions-g2546084-Activities-Cserkeszolo_Jasz_Nagykun_Szolnok_County_Northern_Great_Plain.html
Bakonybel attractions, Veszprem County, /Attractions-g1163705-Activities-Bakonybel_Veszprem_County_Central_Transdanubia.html
Ocsa attractions, Pest County, /Attractions-g7701980-Activities-Ocsa_Pest_County_Central_Hungary.html
Orfu attractions, Baranya County, /Attractions-g2546060-Activities-Orfu_Baranya_County_Southern_Transdanubia.html
Szazhalombatta attractions, Pest County, /Attractions-g3339651-Activities-Szazhalombatta_Pest_County_Central_Hungary.html
Kiskunhalas attractions, Bacs-Kiskun County, /Attractions-g2546067-Activities-Kiskunhalas_Bacs_Kiskun_County_Southern_Great_Plain.html
Budaors attractions, Pest County, /Attractions-g274886-Activities-Budaors_Pest_County_Central_Hungary.html
Buk attractions, Vas County, /Attractions-g274888-Activities-Buk_Vas_County_Western_Transdanubia.html
Badacsony attractions, Veszprem County, /Attractions-g7815593-Activities-Badacsony_Veszprem_County_Central_Transdanubia.html
Kaptalantoti attractions, Veszprem County, /Attractions-g2321973-Activities-Kaptalantoti_Veszprem_County_Central_Transdanubia.html
Bugac attractions, Bacs-Kiskun County, /Attractions-g5485135-Activities-Bugac_Bacs_Kiskun_County_Southern_Great_Plain.html
Alcsutdoboz attractions, Fejer County, /Attractions-g1207870-Activities-Alcsutdoboz_Fejer_County_Central_Transdanubia.html
Agard attractions, Fejer County, /Attractions-g1207869-Activities-Agard_Fejer_County_Central_Transdanubia.html
Balassagyarmat attractions, Nograd County, /Attractions-g6487641-Activities-Balassagyarmat_Nograd_County_Northern_Hungary.html
Cak attractions, Vas County, /Attractions-g7340589-Activities-Cak_Vas_County_Western_Transdanubia.html
Paradsasvar attractions, Heves County, /Attractions-g608866-Activities-Paradsasvar_Heves_County_Northern_Hungary.html
Veresegyhaz attractions, Pest County, /Attractions-g5602000-Activities-Veresegyhaz_Pest_County_Central_Hungary.html
Szecseny attractions, Nograd County, /Attractions-g4277976-Activities-Szecseny_Nograd_County_Northern_Hungary.html
Zsambek attractions, Pest County, /Attractions-g1202849-Activities-Zsambek_Pest_County_Central_Hungary.html
Solymar attractions, Pest County, /Attractions-g2337501-Activities-Solymar_Pest_County_Central_Hungary.html
Bicske attractions, Fejer County, /Attractions-g11750328-Activities-Bicske_Fejer_County_Central_Transdanubia.html
Szigliget attractions, Veszprem County, /Attractions-g1915648-Activities-Szigliget_Veszprem_County_Central_Transdanubia.html
Kondoros attractions, Bekes County, /Attractions-g8801187-Activities-Kondoros_Bekes_County_Southern_Great_Plain.html
Badacsonyors attractions, Veszprem County, /Attractions-g3223416-Activities-Badacsonyors_Veszprem_County_Central_Transdanubia.html
Koroshegy attractions, Southern Transdanubia, /Attractions-g1602374-Activities-Koroshegy_Southern_Transdanubia.html
Balatonvilagos attractions, Veszprem County, /Attractions-g2628438-Activities-Balatonvilagos_Veszprem_County_Central_Transdanubia.html
Vasarosnameny attractions, Szabolcs-Szatmar-Bereg County, /Attractions-g2543591-Activities-Vasarosnameny_Szabolcs_Szatmar_Bereg_County_Northern_Great_Plain.html
Lenti attractions, Zala County, /Attractions-g635866-Activities-Lenti_Zala_County_Western_Transdanubia.html
Hegyko attractions, Gyor-Moson-Sopron County, /Attractions-g2425795-Activities-Hegyko_Gyor_Moson_Sopron_County_Central_Transdanubia.html
Dunafoldvar attractions, Tolna County, /Attractions-g4881343-Activities-Dunafoldvar_Tolna_County_Southern_Transdanubia.html
Csongrad attractions, Csongrad County, /Attractions-g1936411-Activities-Csongrad_Csongrad_County_Southern_Great_Plain.html
Hegymagas attractions, Veszprem County, /Attractions-g7395448-Activities-Hegymagas_Veszprem_County_Central_Transdanubia.html
Paty attractions, Pest County, /Attractions-g1077260-Activities-Paty_Pest_County_Central_Hungary.html
Tiszakecske attractions, Bacs-Kiskun County, /Attractions-g2543623-Activities-Tiszakecske_Bacs_Kiskun_County_Southern_Great_Plain.html
Domony attractions, Pest County, /Attractions-g4505717-Activities-Domony_Pest_County_Central_Hungary.html
Aszofo attractions, Veszprem County, /Attractions-g4505720-Activities-Aszofo_Veszprem_County_Central_Transdanubia.html
Balatonudvari attractions, Veszprem County, /Attractions-g2360420-Activities-Balatonudvari_Veszprem_County_Central_Transdanubia.html
Poroszlo attractions, Heves County, /Attractions-g2167916-Activities-Poroszlo_Heves_County_Northern_Hungary.html
Mende attractions, Pest County, /Attractions-g12964014-Activities-Mende_Pest_County_Central_Hungary.html
Felsotarkany attractions, Heves County, /Attractions-g2640976-Activities-Felsotarkany_Heves_County_Northern_Hungary.html
Cserszegtomaj attractions, Zala County, /Attractions-g644228-Activities-Cserszegtomaj_Zala_County_Western_Transdanubia.html
Balatonszabadi attractions, Somogy County, /Attractions-g7092447-Activities-Balatonszabadi_Somogy_County_Southern_Transdanubia.html
Ozd attractions, Borsod-Abauj-Zemplen County, /Attractions-g8115392-Activities-Ozd_Borsod_Abauj_Zemplen_County_Northern_Hungary.html
Dunapataj attractions, Bacs-Kiskun County, /Attractions-g7001270-Activities-Dunapataj_Bacs_Kiskun_County_Southern_Great_Plain.html
Belapatfalva attractions, Heves County, /Attractions-g7092353-Activities-Belapatfalva_Heves_County_Northern_Hungary.html
Herend attractions, Veszprem County, /Attractions-g277796-Activities-Herend_Veszprem_County_Central_Transdanubia.html
Velence attractions, Fejer County, /Attractions-g1131859-Activities-Velence_Fejer_County_Central_Transdanubia.html
Nyirbator attractions, Szabolcs-Szatmar-Bereg County, /Attractions-g1131861-Activities-Nyirbator_Szabolcs_Szatmar_Bereg_County_Northern_Great_Plain.html
Balatonbereny attractions, Somogy County, /Attractions-g2477474-Activities-Balatonbereny_Somogy_County_Southern_Transdanubia.html
