province_name, region_name, province_url
Badacsonytordemic attractions, Veszprem County, /Attractions-g6899481-Activities-Badacsonytordemic_Veszprem_County_Central_Transdanubia.html
Mezokovacshaza attractions, Bekes County, /Attractions-g13863841-Activities-Mezokovacshaza_Bekes_County_Southern_Great_Plain.html
Ecsed attractions, Heves County, /Attractions-g11888589-Activities-Ecsed_Heves_County_Northern_Hungary.html
Nagymagocs attractions, Csongrad County, /Attractions-g11888590-Activities-Nagymagocs_Csongrad_County_Southern_Great_Plain.html
Graboc attractions, Tolna County, /Attractions-g21142076-Activities-Graboc_Tolna_County_Southern_Transdanubia.html
Pecsvarad attractions, Baranya County, /Attractions-g1026928-Activities-Pecsvarad_Baranya_County_Southern_Transdanubia.html
Felcsut attractions, Fejer County, /Attractions-g11888586-Activities-Felcsut_Fejer_County_Central_Transdanubia.html
Kolesd attractions, Tolna County, /Attractions-g11893557-Activities-Kolesd_Tolna_County_Southern_Transdanubia.html
Hegyesd attractions, Veszprem County, /Attractions-g11893556-Activities-Hegyesd_Veszprem_County_Central_Transdanubia.html
Olaszfa attractions, Vas County, /Attractions-g4881344-Activities-Olaszfa_Vas_County_Western_Transdanubia.html
Kosd attractions, Pest County, /Attractions-g20234918-Activities-Kosd_Pest_County_Central_Hungary.html
Kerekegyhaza attractions, Bacs-Kiskun County, /Attractions-g3221411-Activities-Kerekegyhaza_Bacs_Kiskun_County_Southern_Great_Plain.html
Tiszaujvaros attractions, Borsod-Abauj-Zemplen County, /Attractions-g1056642-Activities-Tiszaujvaros_Borsod_Abauj_Zemplen_County_Northern_Hungary.html
Fuzer attractions, Borsod-Abauj-Zemplen County, /Attractions-g11893547-Activities-Fuzer_Borsod_Abauj_Zemplen_County_Northern_Hungary.html
Vors attractions, Somogy County, /Attractions-g12830560-Activities-Vors_Somogy_County_Southern_Transdanubia.html
Legend attractions, Nograd County, /Attractions-g11893526-Activities-Legend_Nograd_County_Northern_Hungary.html
Monoszlo attractions, Veszprem County, /Attractions-g11888406-Activities-Monoszlo_Veszprem_County_Central_Transdanubia.html
Balatonakali attractions, Veszprem County, /Attractions-g666543-Activities-Balatonakali_Veszprem_County_Central_Transdanubia.html
Bodvalenke attractions, Borsod-Abauj-Zemplen County, /Attractions-g11893523-Activities-Bodvalenke_Borsod_Abauj_Zemplen_County_Northern_Hungary.html
Sajoszentpeter attractions, Borsod-Abauj-Zemplen County, /Attractions-g11893533-Activities-Sajoszentpeter_Borsod_Abauj_Zemplen_County_Northern_Hungary.html
Ocsod attractions, Jasz-Nagykun-Szolnok County, /Attractions-g11893535-Activities-Ocsod_Jasz_Nagykun_Szolnok_County_Northern_Great_Plain.html
Balatonfenyves attractions, Somogy County, /Attractions-g1189822-Activities-Balatonfenyves_Somogy_County_Southern_Transdanubia.html
Zalaszabar attractions, Zala County, /Attractions-g7923668-Activities-Zalaszabar_Zala_County_Western_Transdanubia.html
Ozora attractions, Tolna County, /Attractions-g4013960-Activities-Ozora_Tolna_County_Southern_Transdanubia.html
Varda attractions, Somogy County, /Attractions-g12789629-Activities-Varda_Somogy_County_Southern_Transdanubia.html
Dregelypalank attractions, Nograd County, /Attractions-g7620534-Activities-Dregelypalank_Nograd_County_Northern_Hungary.html
Letenye attractions, Zala County, /Attractions-g11744112-Activities-Letenye_Zala_County_Western_Transdanubia.html
Kehidakustany attractions, Zala County, /Attractions-g1189848-Activities-Kehidakustany_Zala_County_Western_Transdanubia.html
Jak attractions, Vas County, /Attractions-g11888507-Activities-Jak_Vas_County_Western_Transdanubia.html
Patca attractions, Somogy County, /Attractions-g11888485-Activities-Patca_Somogy_County_Southern_Transdanubia.html
Homokkomarom attractions, Zala County, /Attractions-g20867823-Activities-Homokkomarom_Zala_County_Western_Transdanubia.html
Ratka attractions, Borsod-Abauj-Zemplen County, /Attractions-g2266096-Activities-Ratka_Borsod_Abauj_Zemplen_County_Northern_Hungary.html
Nemesvamos attractions, Veszprem County, /Attractions-g1521609-Activities-Nemesvamos_Veszprem_County_Central_Transdanubia.html
Nograd attractions, Nograd County, /Attractions-g11893585-Activities-Nograd_Nograd_County_Northern_Hungary.html
Balf attractions, Gyor-Moson-Sopron County, /Attractions-g6885262-Activities-Balf_Gyor_Moson_Sopron_County_Central_Transdanubia.html
Csokako attractions, Fejer County, /Attractions-g11888476-Activities-Csokako_Fejer_County_Central_Transdanubia.html
Szaszvar attractions, Baranya County, /Attractions-g11893568-Activities-Szaszvar_Baranya_County_Southern_Transdanubia.html
Buzsak attractions, Somogy County, /Attractions-g4875196-Activities-Buzsak_Somogy_County_Southern_Transdanubia.html
