attraction_name, attraction_rate, attraction_type, attraction_url, attraction_parent_url
Giardino della Rosa, 4.0, Nature & Parks, /Attraction_Review-g949962-d4568476-Reviews-Giardino_della_Rosa-Ronzone_Province_of_Trento_Trentino_Alto_Adige.html, /Attractions-g949962-Activities-Ronzone_Province_of_Trento_Trentino_Alto_Adige.html
Acqualido, 3.5, Fun & Games, /Attraction_Review-g949962-d14970296-Reviews-Acqualido-Ronzone_Province_of_Trento_Trentino_Alto_Adige.html, /Attractions-g949962-Activities-Ronzone_Province_of_Trento_Trentino_Alto_Adige.html
Chiesa di Sant′Antonio, None, Sights & Landmarks, /Attraction_Review-g949962-d20213635-Reviews-Chiesa_di_Sant_Antonio-Ronzone_Province_of_Trento_Trentino_Alto_Adige.html, /Attractions-g949962-Activities-Ronzone_Province_of_Trento_Trentino_Alto_Adige.html
Chiesa dell'Immacolata, None, Sights & Landmarks, /Attraction_Review-g949962-d20213642-Reviews-Chiesa_dell_Immacolata-Ronzone_Province_of_Trento_Trentino_Alto_Adige.html, /Attractions-g949962-Activities-Ronzone_Province_of_Trento_Trentino_Alto_Adige.html
