attraction_name, attraction_rate, attraction_type, attraction_url, attraction_parent_url
Torre a Braciara Chiamata 'Albachiara', None, Sights & Landmarks, /Attraction_Review-g1473570-d12283226-Reviews-Torre_a_Braciara_Chiamata_Albachiara-Partinico_Province_of_Palermo_Sicily.html, /Attractions-g187886-Activities-Sicily.html
Torre Giorgentana (o D'Amico), None, Sights & Landmarks, /Attraction_Review-g1473570-d12283228-Reviews-Torre_Giorgentana_o_D_Amico-Partinico_Province_of_Palermo_Sicily.html, /Attractions-g187886-Activities-Sicily.html
Torre di Santa Caterina, None, Sights & Landmarks, /Attraction_Review-g1473570-d12283231-Reviews-Torre_di_Santa_Caterina-Partinico_Province_of_Palermo_Sicily.html, /Attractions-g187886-Activities-Sicily.html
Torre Sulitano o  del Sultano, None, Sights & Landmarks, /Attraction_Review-g1473570-d12283230-Reviews-Torre_Sulitano_o_del_Sultano-Partinico_Province_of_Palermo_Sicily.html, /Attractions-g187886-Activities-Sicily.html
Chiesa di San Leonardo, None, Sights & Landmarks, /Attraction_Review-g1473570-d12283183-Reviews-Chiesa_di_San_Leonardo-Partinico_Province_of_Palermo_Sicily.html, /Attractions-g187886-Activities-Sicily.html
Castello Medioevale, None, Sights & Landmarks, /Attraction_Review-g194817-d12280311-Reviews-Castello_Medioevale-Marsala_Province_of_Trapani_Sicily.html, /Attractions-g187886-Activities-Sicily.html
Chiesa dell'Annunziata, None, Sights & Landmarks, /Attraction_Review-g194817-d12280312-Reviews-Chiesa_dell_Annunziata-Marsala_Province_of_Trapani_Sicily.html, /Attractions-g187886-Activities-Sicily.html
Grotta della Sibilla, None, Nature & Parks, /Attraction_Review-g194817-d12280326-Reviews-Grotta_della_Sibilla-Marsala_Province_of_Trapani_Sicily.html, /Attractions-g187886-Activities-Sicily.html
Chiesa San Francesco di Paola a Marsala, None, Sights & Landmarks, /Attraction_Review-g194817-d12280315-Reviews-Chiesa_San_Francesco_di_Paola_a_Marsala-Marsala_Province_of_Trapani_Sicily.html, /Attractions-g187886-Activities-Sicily.html
Chiesa Maria SS. del Rosario, None, Sights & Landmarks, /Attraction_Review-g1473570-d12283195-Reviews-Chiesa_Maria_SS_del_Rosario-Partinico_Province_of_Palermo_Sicily.html, /Attractions-g187886-Activities-Sicily.html
Lido Vengo Anch'io, None, Nature & Parks, /Attraction_Review-g187889-d12032500-Reviews-Lido_Vengo_Anch_io-Messina_Province_of_Messina_Sicily.html, /Attractions-g187886-Activities-Sicily.html
Chiesa di San Giuseppe, None, Sights & Landmarks, /Attraction_Review-g1028935-d12103407-Reviews-Chiesa_di_San_Giuseppe-Aci_Castello_Province_of_Catania_Sicily.html, /Attractions-g187886-Activities-Sicily.html
Club Fontanasalsa, None, Fun & Games, /Attraction_Review-g667193-d12079138-Reviews-Club_Fontanasalsa-Mazara_del_Vallo_Province_of_Trapani_Sicily.html, /Attractions-g187886-Activities-Sicily.html
Museo Internazionale del Presepe 'Collezione Luigi Colaleo', None, Museums, /Attraction_Review-g777678-d12259897-Reviews-Museo_Internazionale_del_Presepe_Collezione_Luigi_Colaleo-Caltagirone_Province_o.html, /Attractions-g187886-Activities-Sicily.html
Biblioteca della Frazione di Granieri, None, Traveller Resources, /Attraction_Review-g777678-d12258850-Reviews-Biblioteca_della_Frazione_di_Granieri-Caltagirone_Province_of_Catania_Sicily.html, /Attractions-g187886-Activities-Sicily.html
Museo Naturalistico, None, Museums, /Attraction_Review-g777678-d12258811-Reviews-Museo_Naturalistico-Caltagirone_Province_of_Catania_Sicily.html, /Attractions-g187886-Activities-Sicily.html
Riserva Naturale di San Pietro, None, Nature & Parks, /Attraction_Review-g777678-d12258819-Reviews-Riserva_Naturale_di_San_Pietro-Caltagirone_Province_of_Catania_Sicily.html, /Attractions-g187886-Activities-Sicily.html
Biblioteca del Centro Storico 'A.Narbone', None, Traveller Resources, /Attraction_Review-g777678-d12258834-Reviews-Biblioteca_del_Centro_Storico_A_Narbone-Caltagirone_Province_of_Catania_Sicily.html, /Attractions-g187886-Activities-Sicily.html
Biblioteca Comunale 'Emanuele Taranto', None, Traveller Resources, /Attraction_Review-g777678-d12258841-Reviews-Biblioteca_Comunale_Emanuele_Taranto-Caltagirone_Province_of_Catania_Sicily.html, /Attractions-g187886-Activities-Sicily.html
Mostra Permanente del Fischietto di Terracotta, None, Museums, /Attraction_Review-g777678-d12258806-Reviews-Mostra_Permanente_del_Fischietto_di_Terracotta-Caltagirone_Province_of_Catania_S.html, /Attractions-g187886-Activities-Sicily.html
Palazzo Libertini di San Marco, None, Sights & Landmarks, /Attraction_Review-g777678-d12258867-Reviews-Palazzo_Libertini_di_San_Marco-Caltagirone_Province_of_Catania_Sicily.html, /Attractions-g187886-Activities-Sicily.html
Biblioteca Diocesana Pio XI, None, Traveller Resources, /Attraction_Review-g777678-d12258871-Reviews-Biblioteca_Diocesana_Pio_XI-Caltagirone_Province_of_Catania_Sicily.html, /Attractions-g187886-Activities-Sicily.html
Parrocchiale di San Giovanni Battista, None, Sights & Landmarks, /Attraction_Review-g777678-d12258908-Reviews-Parrocchiale_di_San_Giovanni_Battista-Caltagirone_Province_of_Catania_Sicily.html, /Attractions-g187886-Activities-Sicily.html
Chiesa di Santa Maria dei Giardini, None, Sights & Landmarks, /Attraction_Review-g8112507-d13388873-Reviews-Chiesa_di_Santa_Maria_dei_Giardini-Santo_Stefano_di_Briga_Province_of_Messina_S.html, /Attractions-g187886-Activities-Sicily.html
Santuario Maria Santissima del Paradiso, None, Sights & Landmarks, /Attraction_Review-g667193-d13413202-Reviews-Santuario_Maria_Santissima_del_Paradiso-Mazara_del_Vallo_Province_of_Trapani_Sic.html, /Attractions-g187886-Activities-Sicily.html
Chiesa del Santissimo Rosario, None, Sights & Landmarks, /Attraction_Review-g12200573-d13388885-Reviews-Chiesa_del_Santissimo_Rosario-Ali_Province_of_Messina_Sicily.html, /Attractions-g187886-Activities-Sicily.html
Chiesa di San Giovanni Battista, None, Sights & Landmarks, /Attraction_Review-g8112507-d13388866-Reviews-Chiesa_di_San_Giovanni_Battista-Santo_Stefano_di_Briga_Province_of_Messina_Sici.html, /Attractions-g187886-Activities-Sicily.html
Parco Statale Villa Martina, None, Nature & Parks, /Attraction_Review-g8816272-d13396111-Reviews-Parco_Statale_Villa_Martina-Rometta_Marea_Province_of_Messina_Sicily.html, /Attractions-g187886-Activities-Sicily.html
Chiesa Madre San Nicola di Bari, None, Sights & Landmarks, /Attraction_Review-g2533400-d13413537-Reviews-Chiesa_Madre_San_Nicola_di_Bari-Acate_Province_of_Ragusa_Sicily.html, /Attractions-g187886-Activities-Sicily.html
Chiesa di Sant'Antonio di Padova e Santa Maria Assunta, None, Sights & Landmarks, /Attraction_Review-g8816272-d13396138-Reviews-Chiesa_di_Sant_Antonio_di_Padova_e_Santa_Maria_Assunta-Rometta_Marea_Province_o.html, /Attractions-g187886-Activities-Sicily.html
