attraction_name, attraction_rate, attraction_type, attraction_url, attraction_parent_url
Route 12 - Sente 'della Lusciana - Cuvignone - Pozz Pian S. Antonio Al Monte, 5.0, Outdoor Activities, /Attraction_Review-g664203-d15663155-Reviews-Route_12_Sente_della_Lusciana_Cuvignone_Pozz_Pian_S_Antonio_Al_Monte-Castelvecca.html, /Attractions-g664203-Activities-Castelveccana_Province_of_Varese_Lombardy.html
Sente' dell’ Acquetta, 5.0, Outdoor Activities, /Attraction_Review-g664203-d15663165-Reviews-Sente_dell_Acquetta-Castelveccana_Province_of_Varese_Lombardy.html, /Attractions-g664203-Activities-Castelveccana_Province_of_Varese_Lombardy.html
Monumento ai Caduti, 5.0, Sights & Landmarks, /Attraction_Review-g664203-d15202174-Reviews-Monumento_ai_Caduti-Castelveccana_Province_of_Varese_Lombardy.html, /Attractions-g664203-Activities-Castelveccana_Province_of_Varese_Lombardy.html
büs del Carleé, 5.0, Nature & Parks, /Attraction_Review-g664203-d17379559-Reviews-Bus_del_Carlee-Castelveccana_Province_of_Varese_Lombardy.html, /Attractions-g664203-Activities-Castelveccana_Province_of_Varese_Lombardy.html
grotta sotto la Rocca, 5.0, Nature & Parks, /Attraction_Review-g664203-d17379576-Reviews-Grotta_sotto_la_Rocca-Castelveccana_Province_of_Varese_Lombardy.html, /Attractions-g664203-Activities-Castelveccana_Province_of_Varese_Lombardy.html
Via Delle Spiagge, 5.0, Nature & Parks, /Attraction_Review-g664203-d15663099-Reviews-Via_Delle_Spiagge-Castelveccana_Province_of_Varese_Lombardy.html, /Attractions-g664203-Activities-Castelveccana_Province_of_Varese_Lombardy.html
Chiesa di Castelveccana, 5.0, Sights & Landmarks, /Attraction_Review-g664203-d15668820-Reviews-Chiesa_di_Castelveccana-Castelveccana_Province_of_Varese_Lombardy.html, /Attractions-g664203-Activities-Castelveccana_Province_of_Varese_Lombardy.html
Chiesa della Santissima Immaccolata, 3.0, Sights & Landmarks, /Attraction_Review-g15035931-d15010905-Reviews-Chiesa_della_Santissima_Immaccolata-Castello_Castelveccana_Province_of_Varese_.html, /Attractions-g664203-Activities-Castelveccana_Province_of_Varese_Lombardy.html
borgo di Ronchiano, None, Sights & Landmarks, /Attraction_Review-g664203-d16721463-Reviews-Borgo_di_Ronchiano-Castelveccana_Province_of_Varese_Lombardy.html, /Attractions-g664203-Activities-Castelveccana_Province_of_Varese_Lombardy.html
Chiesa Maria Santissima Immacolata, None, Sights & Landmarks, /Attraction_Review-g664203-d17723947-Reviews-Chiesa_Maria_Santissima_Immacolata-Castelveccana_Province_of_Varese_Lombardy.html, /Attractions-g664203-Activities-Castelveccana_Province_of_Varese_Lombardy.html
Cristo degli Abissi di Caldé, None, Sights & Landmarks, /Attraction_Review-g664203-d20292253-Reviews-Cristo_degli_Abissi_di_Calde-Castelveccana_Province_of_Varese_Lombardy.html, /Attractions-g664203-Activities-Castelveccana_Province_of_Varese_Lombardy.html
Spiaggia Della Seconda Darsena, None, Nature & Parks, /Attraction_Review-g664203-d21218683-Reviews-Spiaggia_Della_Seconda_Darsena-Castelveccana_Province_of_Varese_Lombardy.html, /Attractions-g664203-Activities-Castelveccana_Province_of_Varese_Lombardy.html
Pizzoni Di Laveno, None, Nature & Parks, /Attraction_Review-g664203-d21211262-Reviews-Pizzoni_Di_Laveno-Castelveccana_Province_of_Varese_Lombardy.html, /Attractions-g664203-Activities-Castelveccana_Province_of_Varese_Lombardy.html
Borgo di Caldé, None, Sights & Landmarks, /Attraction_Review-g664203-d21220876-Reviews-Borgo_di_Calde-Castelveccana_Province_of_Varese_Lombardy.html, /Attractions-g664203-Activities-Castelveccana_Province_of_Varese_Lombardy.html
Segno Esodanzione Del Lago (1868), None, Sights & Landmarks, /Attraction_Review-g664203-d21036077-Reviews-Segno_Esodanzione_Del_Lago_1868-Castelveccana_Province_of_Varese_Lombardy.html, /Attractions-g664203-Activities-Castelveccana_Province_of_Varese_Lombardy.html
Cappela Del Pianché, None, Sights & Landmarks, /Attraction_Review-g664203-d21035319-Reviews-Cappela_Del_Pianche-Castelveccana_Province_of_Varese_Lombardy.html, /Attractions-g664203-Activities-Castelveccana_Province_of_Varese_Lombardy.html
Monumento a fratelli Granelli, None, Sights & Landmarks, /Attraction_Review-g664203-d21007846-Reviews-Monumento_a_fratelli_Granelli-Castelveccana_Province_of_Varese_Lombardy.html, /Attractions-g664203-Activities-Castelveccana_Province_of_Varese_Lombardy.html
Cappelletta 'Al Pozzo', None, Sights & Landmarks, /Attraction_Review-g664203-d21211622-Reviews-Cappelletta_Al_Pozzo-Castelveccana_Province_of_Varese_Lombardy.html, /Attractions-g664203-Activities-Castelveccana_Province_of_Varese_Lombardy.html
