attraction_name, attraction_rate, attraction_type, attraction_url, attraction_parent_url
Tenuta Castello di Grumello, 5.0, Food & Drink, /Attraction_Review-g2033952-d18971793-Reviews-Tenuta_Castello_di_Grumello-Grumello_del_Monte_Province_of_Bergamo_Lombardy.html, /Attractions-g2033952-Activities-Grumello_del_Monte_Province_of_Bergamo_Lombardy.html
Caffe Della Piazzetta, 4.5, Nightlife, /Attraction_Review-g2033952-d5945057-Reviews-Caffe_Della_Piazzetta-Grumello_del_Monte_Province_of_Bergamo_Lombardy.html, /Attractions-g2033952-Activities-Grumello_del_Monte_Province_of_Bergamo_Lombardy.html
Caffetteria Camozzi, 5.0, Nightlife, /Attraction_Review-g2033952-d5937166-Reviews-Caffetteria_Camozzi-Grumello_del_Monte_Province_of_Bergamo_Lombardy.html, /Attractions-g2033952-Activities-Grumello_del_Monte_Province_of_Bergamo_Lombardy.html
Caffe Del Parco, 3.5, Nightlife, /Attraction_Review-g2033952-d5922807-Reviews-Caffe_Del_Parco-Grumello_del_Monte_Province_of_Bergamo_Lombardy.html, /Attractions-g2033952-Activities-Grumello_del_Monte_Province_of_Bergamo_Lombardy.html
Castello dei Gonzaga, 4.0, Sights & Landmarks, /Attraction_Review-g2033952-d12951684-Reviews-Castello_dei_Gonzaga-Grumello_del_Monte_Province_of_Bergamo_Lombardy.html, /Attractions-g2033952-Activities-Grumello_del_Monte_Province_of_Bergamo_Lombardy.html
Minimondo Grumello, 3.0, Fun & Games, /Attraction_Review-g2033952-d17450900-Reviews-Minimondo_Grumello-Grumello_del_Monte_Province_of_Bergamo_Lombardy.html, /Attractions-g2033952-Activities-Grumello_del_Monte_Province_of_Bergamo_Lombardy.html
Escape Castle, 2.0, Fun & Games, /Attraction_Review-g2033952-d11514854-Reviews-Escape_Castle-Grumello_del_Monte_Province_of_Bergamo_Lombardy.html, /Attractions-g2033952-Activities-Grumello_del_Monte_Province_of_Bergamo_Lombardy.html
Chiesa della Santissima Trinita, None, Sights & Landmarks, /Attraction_Review-g2033952-d12951670-Reviews-Chiesa_della_Santissima_Trinita-Grumello_del_Monte_Province_of_Bergamo_Lombardy.html, /Attractions-g2033952-Activities-Grumello_del_Monte_Province_of_Bergamo_Lombardy.html
Chiesa di San Siro, None, Sights & Landmarks, /Attraction_Review-g2033952-d19110902-Reviews-Chiesa_di_San_Siro-Grumello_del_Monte_Province_of_Bergamo_Lombardy.html, /Attractions-g2033952-Activities-Grumello_del_Monte_Province_of_Bergamo_Lombardy.html
Le Corne, None, Food & Drink, /Attraction_Review-g2033952-d21064309-Reviews-Le_Corne-Grumello_del_Monte_Province_of_Bergamo_Lombardy.html, /Attractions-g2033952-Activities-Grumello_del_Monte_Province_of_Bergamo_Lombardy.html
