attraction_name, attraction_rate, attraction_type, attraction_url, attraction_parent_url
Cosedicasa, 5.0, Shopping, /Attraction_Review-g2372867-d16778736-Reviews-Cosedicasa-Pessano_con_Bornago_Province_of_Milan_Lombardy.html, /Attractions-g2372867-Activities-Pessano_con_Bornago_Province_of_Milan_Lombardy.html
Bowling martesana, 3.5, Fun & Games, /Attraction_Review-g2372867-d16669098-Reviews-Bowling_martesana-Pessano_con_Bornago_Province_of_Milan_Lombardy.html, /Attractions-g2372867-Activities-Pessano_con_Bornago_Province_of_Milan_Lombardy.html
Chiesa dei Santi Vitale e Valeria, None, Sights & Landmarks, /Attraction_Review-g2372867-d12937975-Reviews-Chiesa_dei_Santi_Vitale_e_Valeria-Pessano_con_Bornago_Province_of_Milan_Lombard.html, /Attractions-g2372867-Activities-Pessano_con_Bornago_Province_of_Milan_Lombardy.html
Chiesa Dei Santi Cornelio E Cipriano, None, Sights & Landmarks, /Attraction_Review-g2372867-d18716341-Reviews-Chiesa_Dei_Santi_Cornelio_E_Cipriano-Pessano_con_Bornago_Province_of_Milan_Lomb.html, /Attractions-g2372867-Activities-Pessano_con_Bornago_Province_of_Milan_Lombardy.html
Villa Negroni Prato Morosini, None, Sights & Landmarks, /Attraction_Review-g2372867-d18534241-Reviews-Villa_Negroni_Prato_Morosini-Pessano_con_Bornago_Province_of_Milan_Lombardy.html, /Attractions-g2372867-Activities-Pessano_con_Bornago_Province_of_Milan_Lombardy.html
Chiesa dei SS.Cornelio e Cipriano, None, Sights & Landmarks, /Attraction_Review-g2372867-d18545212-Reviews-Chiesa_dei_SS_Cornelio_e_Cipriano-Pessano_con_Bornago_Province_of_Milan_Lombard.html, /Attractions-g2372867-Activities-Pessano_con_Bornago_Province_of_Milan_Lombardy.html
Segui La Scia, None, Nightlife, /Attraction_Review-g2372867-d19921224-Reviews-Segui_La_Scia-Pessano_con_Bornago_Province_of_Milan_Lombardy.html, /Attractions-g2372867-Activities-Pessano_con_Bornago_Province_of_Milan_Lombardy.html
