attraction_name, attraction_rate, attraction_type, attraction_url, attraction_parent_url
Palazzo Besta, 4.5, Sights & Landmarks, /Attraction_Review-g1632628-d2449875-Reviews-Palazzo_Besta-Teglio_Province_of_Sondrio_Lombardy.html, /Attractions-g1632628-Activities-Teglio_Province_of_Sondrio_Lombardy.html
Torre de li beli miri, 4.0, Sights & Landmarks, /Attraction_Review-g1632628-d4781571-Reviews-Torre_de_li_beli_miri-Teglio_Province_of_Sondrio_Lombardy.html, /Attractions-g1632628-Activities-Teglio_Province_of_Sondrio_Lombardy.html
Mulino Menaglio, 4.5, Museums, /Attraction_Review-g1632628-d10644259-Reviews-Mulino_Menaglio-Teglio_Province_of_Sondrio_Lombardy.html, /Attractions-g1632628-Activities-Teglio_Province_of_Sondrio_Lombardy.html
Chiesa di Santa Eufemia, 4.0, Sights & Landmarks, /Attraction_Review-g1632628-d7057929-Reviews-Chiesa_di_Santa_Eufemia-Teglio_Province_of_Sondrio_Lombardy.html, /Attractions-g1632628-Activities-Teglio_Province_of_Sondrio_Lombardy.html
Teglio Tourist Office, 5.0, Traveller Resources, /Attraction_Review-g1632628-d12086439-Reviews-Teglio_Tourist_Office-Teglio_Province_of_Sondrio_Lombardy.html, /Attractions-g1632628-Activities-Teglio_Province_of_Sondrio_Lombardy.html
Chiesa San Pietro, 4.0, Sights & Landmarks, /Attraction_Review-g1632628-d19313926-Reviews-Chiesa_San_Pietro-Teglio_Province_of_Sondrio_Lombardy.html, /Attractions-g1632628-Activities-Teglio_Province_of_Sondrio_Lombardy.html
Chiesa di San Martino, 4.0, Sights & Landmarks, /Attraction_Review-g1632628-d19087082-Reviews-Chiesa_di_San_Martino-Teglio_Province_of_Sondrio_Lombardy.html, /Attractions-g1632628-Activities-Teglio_Province_of_Sondrio_Lombardy.html
Chiesa Sant'Antonio, 4.0, Sights & Landmarks, /Attraction_Review-g1632628-d19313940-Reviews-Chiesa_Sant_Antonio-Teglio_Province_of_Sondrio_Lombardy.html, /Attractions-g1632628-Activities-Teglio_Province_of_Sondrio_Lombardy.html
Chiesa San Silvestro, 4.0, Sights & Landmarks, /Attraction_Review-g1632628-d19313928-Reviews-Chiesa_San_Silvestro-Teglio_Province_of_Sondrio_Lombardy.html, /Attractions-g1632628-Activities-Teglio_Province_of_Sondrio_Lombardy.html
Base Valtellina Rafting, 4.5, Boat Tours & Water Sports, /Attraction_Review-g1632628-d6728171-Reviews-Base_Valtellina_Rafting-Teglio_Province_of_Sondrio_Lombardy.html, /Attractions-g1632628-Activities-Teglio_Province_of_Sondrio_Lombardy.html
BERNINA RAFTING EXPERIENCE, 5.0, Tours, /Attraction_Review-g1632628-d20379489-Reviews-BERNINA_RAFTING_EXPERIENCE-Teglio_Province_of_Sondrio_Lombardy.html, /Attractions-g1632628-Activities-Teglio_Province_of_Sondrio_Lombardy.html
Molino Filippini, 4.5, Shopping, /Attraction_Review-g1632628-d3539445-Reviews-Molino_Filippini-Teglio_Province_of_Sondrio_Lombardy.html, /Attractions-g1632628-Activities-Teglio_Province_of_Sondrio_Lombardy.html
Colombo, None, Fun & Games, /Attraction_Review-g1632628-d4880651-Reviews-Colombo-Teglio_Province_of_Sondrio_Lombardy.html, /Attractions-g1632628-Activities-Teglio_Province_of_Sondrio_Lombardy.html
Palasport di Teglio, None, Sights & Landmarks, /Attraction_Review-g1632628-d10863035-Reviews-Palasport_di_Teglio-Teglio_Province_of_Sondrio_Lombardy.html, /Attractions-g1632628-Activities-Teglio_Province_of_Sondrio_Lombardy.html
Chiesa di San Giacomo, None, Sights & Landmarks, /Attraction_Review-g1632628-d19313931-Reviews-Chiesa_di_San_Giacomo-Teglio_Province_of_Sondrio_Lombardy.html, /Attractions-g1632628-Activities-Teglio_Province_of_Sondrio_Lombardy.html
