attraction_name, attraction_rate, attraction_type, attraction_url, attraction_parent_url
Fattoria dell'Aldone, 5.0, Sights & Landmarks, /Attraction_Review-g1063325-d10697809-Reviews-Fattoria_dell_Aldone-Omegna_Province_of_Verbano_Cusio_Ossola_Piedmont.html, /Attractions-g1063325-Activities-Omegna_Province_of_Verbano_Cusio_Ossola_Piedmont.html
Omegna centro storico, 4.0, Sights & Landmarks, /Attraction_Review-g1063325-d4090226-Reviews-Omegna_centro_storico-Omegna_Province_of_Verbano_Cusio_Ossola_Piedmont.html, /Attractions-g1063325-Activities-Omegna_Province_of_Verbano_Cusio_Ossola_Piedmont.html
Servizio Pubblico di Linea Navigazione Lago d'Orta, 4.5, Transportation, /Attraction_Review-g1063325-d10824605-Reviews-Servizio_Pubblico_di_Linea_Navigazione_Lago_d_Orta-Omegna_Province_of_Verbano_C.html, /Attractions-g1063325-Activities-Omegna_Province_of_Verbano_Cusio_Ossola_Piedmont.html
Parco della Fantasia 'Gianni Rodari', 3.5, Fun & Games, /Attraction_Review-g1063325-d10926101-Reviews-Parco_della_Fantasia_Gianni_Rodari-Omegna_Province_of_Verbano_Cusio_Ossola_Pied.html, /Attractions-g1063325-Activities-Omegna_Province_of_Verbano_Cusio_Ossola_Piedmont.html
Ponte Antico, 5.0, Sights & Landmarks, /Attraction_Review-g1063325-d13123668-Reviews-Ponte_Antico-Omegna_Province_of_Verbano_Cusio_Ossola_Piedmont.html, /Attractions-g1063325-Activities-Omegna_Province_of_Verbano_Cusio_Ossola_Piedmont.html
Collegiata di Sant'Ambrogio, 3.5, Sights & Landmarks, /Attraction_Review-g1063325-d8554138-Reviews-Collegiata_di_Sant_Ambrogio-Omegna_Province_of_Verbano_Cusio_Ossola_Piedmont.html, /Attractions-g1063325-Activities-Omegna_Province_of_Verbano_Cusio_Ossola_Piedmont.html
Chiesa Sacro Cuore, 2.5, Sights & Landmarks, /Attraction_Review-g1063325-d14176800-Reviews-Chiesa_Sacro_Cuore-Omegna_Province_of_Verbano_Cusio_Ossola_Piedmont.html, /Attractions-g1063325-Activities-Omegna_Province_of_Verbano_Cusio_Ossola_Piedmont.html
Chiesa di San Maiolo Abate, 4.0, Sights & Landmarks, /Attraction_Review-g4579623-d14963353-Reviews-Chiesa_di_San_Maiolo_Abate-Agrano_Omegna_Province_of_Verbano_Cusio_Ossola_Piedm.html, /Attractions-g1063325-Activities-Omegna_Province_of_Verbano_Cusio_Ossola_Piedmont.html
Etraction Noleggio E-Bike, 5.0, Tours, /Attraction_Review-g1063325-d12133508-Reviews-Etraction_Noleggio_E_Bike-Omegna_Province_of_Verbano_Cusio_Ossola_Piedmont.html, /Attractions-g1063325-Activities-Omegna_Province_of_Verbano_Cusio_Ossola_Piedmont.html
Le Cascate del Torrente Pescone, 4.0, Nature & Parks, /Attraction_Review-g1063325-d15021507-Reviews-Le_Cascate_del_Torrente_Pescone-Omegna_Province_of_Verbano_Cusio_Ossola_Piedmon.html, /Attractions-g1063325-Activities-Omegna_Province_of_Verbano_Cusio_Ossola_Piedmont.html
Chiesa di San Gaudenzio di Crusinallo, None, Sights & Landmarks, /Attraction_Review-g1063325-d13123660-Reviews-Chiesa_di_San_Gaudenzio_di_Crusinallo-Omegna_Province_of_Verbano_Cusio_Ossola_P.html, /Attractions-g1063325-Activities-Omegna_Province_of_Verbano_Cusio_Ossola_Piedmont.html
Biblioteca Civica 'Gianni Rodari' di Omegna, None, Traveller Resources, /Attraction_Review-g1063325-d13123665-Reviews-Biblioteca_Civica_Gianni_Rodari_di_Omegna-Omegna_Province_of_Verbano_Cusio_Osso.html, /Attractions-g1063325-Activities-Omegna_Province_of_Verbano_Cusio_Ossola_Piedmont.html
Chiesa di Santa Maria Assunta, None, Sights & Landmarks, /Attraction_Review-g1063325-d17522987-Reviews-Chiesa_di_Santa_Maria_Assunta-Omegna_Province_of_Verbano_Cusio_Ossola_Piedmont.html, /Attractions-g1063325-Activities-Omegna_Province_of_Verbano_Cusio_Ossola_Piedmont.html
Centro Artistico Mastronauta, None, Sights & Landmarks, /Attraction_Review-g1063325-d21192852-Reviews-Centro_Artistico_Mastronauta-Omegna_Province_of_Verbano_Cusio_Ossola_Piedmont.html, /Attractions-g1063325-Activities-Omegna_Province_of_Verbano_Cusio_Ossola_Piedmont.html
