attraction_name, attraction_rate, attraction_type, attraction_url, attraction_parent_url
Castello Normanno di Squillace, 4.0, Sights & Landmarks, /Attraction_Review-g1096299-d3670567-Reviews-Castello_Normanno_di_Squillace-Squillace_Province_of_Catanzaro_Calabria.html, /Attractions-g1096299-Activities-Squillace_Province_of_Catanzaro_Calabria.html
Concattedrale di Santa Maria Assunta, 4.5, Sights & Landmarks, /Attraction_Review-g1096299-d13921363-Reviews-Concattedrale_di_Santa_Maria_Assunta-Squillace_Province_of_Catanzaro_Calabria.html, /Attractions-g1096299-Activities-Squillace_Province_of_Catanzaro_Calabria.html
Centro Storico, 4.0, Sights & Landmarks, /Attraction_Review-g1096299-d15076144-Reviews-Centro_Storico-Squillace_Province_of_Catanzaro_Calabria.html, /Attractions-g1096299-Activities-Squillace_Province_of_Catanzaro_Calabria.html
Ponte Ghetterello - “Ponte del Diavolo”, 4.5, Sights & Landmarks, /Attraction_Review-g1096299-d12131080-Reviews-Ponte_Ghetterello_Ponte_del_Diavolo-Squillace_Province_of_Catanzaro_Calabria.html, /Attractions-g1096299-Activities-Squillace_Province_of_Catanzaro_Calabria.html
Copanello Lido Libero, 4.5, Nature & Parks, /Attraction_Review-g1096299-d13921372-Reviews-Copanello_Lido_Libero-Squillace_Province_of_Catanzaro_Calabria.html, /Attractions-g1096299-Activities-Squillace_Province_of_Catanzaro_Calabria.html
Lido Ulisse, 4.0, Nature & Parks, /Attraction_Review-g1096299-d13921327-Reviews-Lido_Ulisse-Squillace_Province_of_Catanzaro_Calabria.html, /Attractions-g1096299-Activities-Squillace_Province_of_Catanzaro_Calabria.html
Chiesetta di Santa Maria della Pieta - Chiesetta Gotica, 4.0, Sights & Landmarks, /Attraction_Review-g1096299-d12131057-Reviews-Chiesetta_di_Santa_Maria_della_Pieta_Chiesetta_Gotica-Squillace_Province_of_Cat.html, /Attractions-g1096299-Activities-Squillace_Province_of_Catanzaro_Calabria.html
Museo Diocesano Di Arte Sacra Di Squillace, 4.0, Museums, /Attraction_Review-g1096299-d8710944-Reviews-Museo_Diocesano_Di_Arte_Sacra_Di_Squillace-Squillace_Province_of_Catanzaro_Calab.html, /Attractions-g1096299-Activities-Squillace_Province_of_Catanzaro_Calabria.html
Monastero di Santa Chiara, 4.0, Sights & Landmarks, /Attraction_Review-g1096299-d12128519-Reviews-Monastero_di_Santa_Chiara-Squillace_Province_of_Catanzaro_Calabria.html, /Attractions-g1096299-Activities-Squillace_Province_of_Catanzaro_Calabria.html
Nettare di Calabria, 4.5, Food & Drink, /Attraction_Review-g1096299-d2339488-Reviews-Nettare_di_Calabria-Squillace_Province_of_Catanzaro_Calabria.html, /Attractions-g1096299-Activities-Squillace_Province_of_Catanzaro_Calabria.html
Chiesa di San Pietro, 3.5, Sights & Landmarks, /Attraction_Review-g1096299-d13910499-Reviews-Chiesa_di_San_Pietro-Squillace_Province_of_Catanzaro_Calabria.html, /Attractions-g1096299-Activities-Squillace_Province_of_Catanzaro_Calabria.html
Palazzo Pepe, 3.5, Sights & Landmarks, /Attraction_Review-g1096299-d13910539-Reviews-Palazzo_Pepe-Squillace_Province_of_Catanzaro_Calabria.html, /Attractions-g1096299-Activities-Squillace_Province_of_Catanzaro_Calabria.html
Chiesa di San Matteo, 3.5, Sights & Landmarks, /Attraction_Review-g1096299-d12128399-Reviews-Chiesa_di_San_Matteo-Squillace_Province_of_Catanzaro_Calabria.html, /Attractions-g1096299-Activities-Squillace_Province_of_Catanzaro_Calabria.html
Decò Art, 5.0, Shopping, /Attraction_Review-g1096299-d8055482-Reviews-Deco_Art-Squillace_Province_of_Catanzaro_Calabria.html, /Attractions-g1096299-Activities-Squillace_Province_of_Catanzaro_Calabria.html
Bottega D'Arte Ceramiche Il Tornio, 5.0, Shopping, /Attraction_Review-g1096299-d12885932-Reviews-Bottega_D_Arte_Ceramiche_Il_Tornio-Squillace_Province_of_Catanzaro_Calabria.html, /Attractions-g1096299-Activities-Squillace_Province_of_Catanzaro_Calabria.html
Chiosco Bar S. Chiara, 4.5, Nightlife, /Attraction_Review-g1096299-d5923458-Reviews-Chiosco_Bar_S_Chiara-Squillace_Province_of_Catanzaro_Calabria.html, /Attractions-g1096299-Activities-Squillace_Province_of_Catanzaro_Calabria.html
Plaza Cafe, 5.0, Nightlife, /Attraction_Review-g1096299-d7640277-Reviews-Plaza_Cafe-Squillace_Province_of_Catanzaro_Calabria.html, /Attractions-g1096299-Activities-Squillace_Province_of_Catanzaro_Calabria.html
Museo Civico del Medioevo di Squillace, None, Museums, /Attraction_Review-g1096299-d12131066-Reviews-Museo_Civico_del_Medioevo_di_Squillace-Squillace_Province_of_Catanzaro_Calabria.html, /Attractions-g1096299-Activities-Squillace_Province_of_Catanzaro_Calabria.html
Museo Archeologico Vivarium di Staletti, None, Museums, /Attraction_Review-g1096299-d12131073-Reviews-Museo_Archeologico_Vivarium_di_Staletti-Squillace_Province_of_Catanzaro_Calabri.html, /Attractions-g1096299-Activities-Squillace_Province_of_Catanzaro_Calabria.html
Chiesa di San Nicola, None, Sights & Landmarks, /Attraction_Review-g1096299-d13910505-Reviews-Chiesa_di_San_Nicola-Squillace_Province_of_Catanzaro_Calabria.html, /Attractions-g1096299-Activities-Squillace_Province_of_Catanzaro_Calabria.html
Parrocchia di San Nicola Vescovo, None, Sights & Landmarks, /Attraction_Review-g1096299-d13921369-Reviews-Parrocchia_di_San_Nicola_Vescovo-Squillace_Province_of_Catanzaro_Calabria.html, /Attractions-g1096299-Activities-Squillace_Province_of_Catanzaro_Calabria.html
Santuario Madonna del Ponte, None, Sights & Landmarks, /Attraction_Review-g1096299-d21232900-Reviews-Santuario_Madonna_del_Ponte-Squillace_Province_of_Catanzaro_Calabria.html, /Attractions-g1096299-Activities-Squillace_Province_of_Catanzaro_Calabria.html
Via Lungomare Ulisse, None, Sights & Landmarks, /Attraction_Review-g1096299-d20989976-Reviews-Via_Lungomare_Ulisse-Squillace_Province_of_Catanzaro_Calabria.html, /Attractions-g1096299-Activities-Squillace_Province_of_Catanzaro_Calabria.html
Bibliotheca Vivariensis Istituto di studi su Cassiodoro e sul medioevo, None, Traveller Resources, /Attraction_Review-g1096299-d20366574-Reviews-Bibliotheca_Vivariensis_Istituto_di_studi_su_Cassiodoro_e_sul_medioevo-Squillac.html, /Attractions-g1096299-Activities-Squillace_Province_of_Catanzaro_Calabria.html
