attraction_name, attraction_rate, attraction_type, attraction_url, attraction_parent_url
Marasolo, 4.0, Sights & Landmarks, /Attraction_Review-g657290-d4480368-Reviews-Marasolo-Isola_di_Favignana_Aegadian_Islands_Islands_of_Sicily_Sicily.html, /Attractions-g187886-Activities-Sicily.html
Baglio Cofano di Custonaci, 4.5, Sights & Landmarks, /Attraction_Review-g658732-d10714019-Reviews-Baglio_Cofano_di_Custonaci-Custonaci_Province_of_Trapani_Sicily.html, /Attractions-g187886-Activities-Sicily.html
Hundred Horse Chestnut, 4.5, Sights & Landmarks, /Attraction_Review-g1519173-d4431657-Reviews-Hundred_Horse_Chestnut-Sant_Alfio_Province_of_Catania_Sicily.html, /Attractions-g187886-Activities-Sicily.html
Palazzina dei Quattro Pizzi, 4.0, Sights & Landmarks, /Attraction_Review-g187890-d12968751-Reviews-Palazzina_dei_Quattro_Pizzi-Palermo_Province_of_Palermo_Sicily.html, /Attractions-g187886-Activities-Sicily.html
Museo del Cioccolato di Modica, 3.0, Museums, /Attraction_Review-g616190-d6983670-Reviews-Museo_del_Cioccolato_di_Modica-Modica_Province_of_Ragusa_Sicily.html, /Attractions-g187886-Activities-Sicily.html
Chiesa Madre di Canicatti, 4.0, Sights & Landmarks, /Attraction_Review-g1180054-d12672565-Reviews-Chiesa_Madre_di_Canicatti-Canicatti_Province_of_Agrigento_Sicily.html, /Attractions-g187886-Activities-Sicily.html
Chiesa di Santa Maria della Catena, 4.0, Sights & Landmarks, /Attraction_Review-g187890-d318609-Reviews-Chiesa_di_Santa_Maria_della_Catena-Palermo_Province_of_Palermo_Sicily.html, /Attractions-g187886-Activities-Sicily.html
Riserva Naturale Orientata Foce del Fiume Platani, 4.5, Nature & Parks, /Attraction_Review-g1467526-d2277007-Reviews-Riserva_Naturale_Orientata_Foce_del_Fiume_Platani-Cattolica_Eraclea_Province_of_.html, /Attractions-g187886-Activities-Sicily.html
Lido Torrazza, 4.0, Nature & Parks, /Attraction_Review-g1015370-d4811706-Reviews-Lido_Torrazza-Petrosino_Province_of_Trapani_Sicily.html, /Attractions-g187886-Activities-Sicily.html
Palazzo Arezzo Di Trifiletti, 4.5, Sights & Landmarks, /Attraction_Review-g194872-d6107627-Reviews-Palazzo_Arezzo_Di_Trifiletti-Ragusa_Province_of_Ragusa_Sicily.html, /Attractions-g187886-Activities-Sicily.html
Biblioteca Comunale Concetto Marchesi, 4.0, Traveller Resources, /Attraction_Review-g652021-d11716211-Reviews-Biblioteca_Comunale_Concetto_Marchesi-Misterbianco_Province_of_Catania_Sicily.html, /Attractions-g187886-Activities-Sicily.html
Chiesa di Sant'Ignazio All'Olivella, 4.0, Sights & Landmarks, /Attraction_Review-g187890-d8368018-Reviews-Chiesa_di_Sant_Ignazio_All_Olivella-Palermo_Province_of_Palermo_Sicily.html, /Attractions-g187886-Activities-Sicily.html
Castello Di Sperlinga, 4.5, Sights & Landmarks, /Attraction_Review-g1800222-d4013963-Reviews-Castello_Di_Sperlinga-Sperlinga_Province_of_Enna_Sicily.html, /Attractions-g187886-Activities-Sicily.html
Area Archeologica di Monte Sant'Angelo e Castel Sant'Angelo, 4.0, Sights & Landmarks, /Attraction_Review-g657501-d8825943-Reviews-Area_Archeologica_di_Monte_Sant_Angelo_e_Castel_Sant_Angelo-Licata_Province_of_Ag.html, /Attractions-g187886-Activities-Sicily.html
San Marco D'alunzio, 4.5, Sights & Landmarks, /Attraction_Review-g187889-d4178757-Reviews-San_Marco_D_alunzio-Messina_Province_of_Messina_Sicily.html, /Attractions-g187886-Activities-Sicily.html
Palasport Mangano, 5.0, Fun & Games, /Attraction_Review-g1059378-d13384185-Reviews-Palasport_Mangano-Sant_Agata_di_Militello_Province_of_Messina_Sicily.html, /Attractions-g187886-Activities-Sicily.html
Maniace Castle, 4.0, Sights & Landmarks, /Attraction_Review-g187891-d2354494-Reviews-Maniace_Castle-Syracuse_Province_of_Syracuse_Sicily.html, /Attractions-g187886-Activities-Sicily.html
Chiesa della Madonna del Rosario, 4.0, Sights & Landmarks, /Attraction_Review-g652024-d12600071-Reviews-Chiesa_della_Madonna_del_Rosario-Pozzallo_Province_of_Ragusa_Sicily.html, /Attractions-g187886-Activities-Sicily.html
Scoglio Giafante, 4.5, Nature & Parks, /Attraction_Review-g194798-d15696934-Reviews-Scoglio_Giafante-Lipari_Aeolian_Islands_Islands_of_Sicily_Sicily.html, /Attractions-g187886-Activities-Sicily.html
Basilica Madonna della Catena, 4.5, Sights & Landmarks, /Attraction_Review-g663798-d11713198-Reviews-Basilica_Madonna_della_Catena-Castiglione_di_Sicilia_Province_of_Catania_Sicily.html, /Attractions-g187886-Activities-Sicily.html
Geraci Siculo, 4.5, None, /Attraction_Review-g1593967-d1594670-Reviews-Geraci_Siculo-Geraci_Siculo_Province_of_Palermo_Sicily.html, /Attractions-g187886-Activities-Sicily.html
Lido Sferracavallo, 4.0, Nature & Parks, /Attraction_Review-g187890-d12810226-Reviews-Lido_Sferracavallo-Palermo_Province_of_Palermo_Sicily.html, /Attractions-g187886-Activities-Sicily.html
Centro Storico, 4.0, Sights & Landmarks, /Attraction_Review-g657501-d11851257-Reviews-Centro_Storico-Licata_Province_of_Agrigento_Sicily.html, /Attractions-g187886-Activities-Sicily.html
Tortuga, 4.5, Food & Drink, /Attraction_Review-g194927-d4522379-Reviews-Tortuga-Stromboli_Aeolian_Islands_Islands_of_Sicily_Sicily.html, /Attractions-g187886-Activities-Sicily.html
Villa Rammacca, 4.5, Sights & Landmarks, /Attraction_Review-g1050566-d11908902-Reviews-Villa_Rammacca-Bagheria_Province_of_Palermo_Sicily.html, /Attractions-g187886-Activities-Sicily.html
Fontana dell'Amenano, 4.5, Sights & Landmarks, /Attraction_Review-g187888-d4355089-Reviews-Fontana_dell_Amenano-Catania_Province_of_Catania_Sicily.html, /Attractions-g187886-Activities-Sicily.html
Cantine Paolini, 4.5, Food & Drink, /Attraction_Review-g194817-d14181025-Reviews-Cantine_Paolini-Marsala_Province_of_Trapani_Sicily.html, /Attractions-g187886-Activities-Sicily.html
Torretta di Santa Tecla, 4.5, Sights & Landmarks, /Attraction_Review-g1234472-d12926815-Reviews-Torretta_di_Santa_Tecla-Santa_Tecla_Acireale_Province_of_Catania_Sicily.html, /Attractions-g187886-Activities-Sicily.html
Chiesa Parrocchiale di Maria Santissima Annunziata, 5.0, Sights & Landmarks, /Attraction_Review-g1957779-d13396501-Reviews-Chiesa_Parrocchiale_di_Maria_Santissima_Annunziata-Brolo_Province_of_Messina_Si.html, /Attractions-g187886-Activities-Sicily.html
Spiaggia Lumia, 4.0, Nature & Parks, /Attraction_Review-g580230-d12819735-Reviews-Spiaggia_Lumia-Sciacca_Province_of_Agrigento_Sicily.html, /Attractions-g187886-Activities-Sicily.html
