attraction_name, attraction_rate, attraction_type, attraction_url, attraction_parent_url
Fattoria Rainguthof, 4.5, Sights & Landmarks, /Attraction_Review-g948556-d10178388-Reviews-Fattoria_Rainguthof-Tesimo_Province_of_South_Tyrol_Trentino_Alto_Adige.html, /Attractions-g948556-Activities-Tesimo_Province_of_South_Tyrol_Trentino_Alto_Adige.html
Castel Katzenzungen, 4.5, Sights & Landmarks, /Attraction_Review-g948556-d2724438-Reviews-Castel_Katzenzungen-Tesimo_Province_of_South_Tyrol_Trentino_Alto_Adige.html, /Attractions-g948556-Activities-Tesimo_Province_of_South_Tyrol_Trentino_Alto_Adige.html
Castel Fahlburg, 4.0, Sights & Landmarks, /Attraction_Review-g12080110-d12806567-Reviews-Castel_Fahlburg-Prissiano_Tesimo_Province_of_South_Tyrol_Trentino_Alto_Adige.html, /Attractions-g948556-Activities-Tesimo_Province_of_South_Tyrol_Trentino_Alto_Adige.html
Chiesa di San Giacomo, 4.5, Sights & Landmarks, /Attraction_Review-g11961364-d13198722-Reviews-Chiesa_di_San_Giacomo-Grissiano_Tesimo_Province_of_South_Tyrol_Trentino_Alto_A.html, /Attractions-g948556-Activities-Tesimo_Province_of_South_Tyrol_Trentino_Alto_Adige.html
La Vite Versoaln, 4.0, Food & Drink, /Attraction_Review-g12080110-d11925709-Reviews-La_Vite_Versoaln-Prissiano_Tesimo_Province_of_South_Tyrol_Trentino_Alto_Adige.html, /Attractions-g948556-Activities-Tesimo_Province_of_South_Tyrol_Trentino_Alto_Adige.html
Chiesa di San Ippolito, 4.5, Sights & Landmarks, /Attraction_Review-g948556-d2725520-Reviews-Chiesa_di_San_Ippolito-Tesimo_Province_of_South_Tyrol_Trentino_Alto_Adige.html, /Attractions-g948556-Activities-Tesimo_Province_of_South_Tyrol_Trentino_Alto_Adige.html
Sentiero Naturalistico Vorbichl, 4.5, Nature & Parks, /Attraction_Review-g948556-d12367898-Reviews-Sentiero_Naturalistico_Vorbichl-Tesimo_Province_of_South_Tyrol_Trentino_Alto_Adi.html, /Attractions-g948556-Activities-Tesimo_Province_of_South_Tyrol_Trentino_Alto_Adige.html
Cappella di San Sebastiano, 5.0, Sights & Landmarks, /Attraction_Review-g948556-d11924351-Reviews-Cappella_di_San_Sebastiano-Tesimo_Province_of_South_Tyrol_Trentino_Alto_Adige.html, /Attractions-g948556-Activities-Tesimo_Province_of_South_Tyrol_Trentino_Alto_Adige.html
Associazione Turistica Tesimo-Prissiano, 4.5, Traveller Resources, /Attraction_Review-g948556-d11919683-Reviews-Associazione_Turistica_Tesimo_Prissiano-Tesimo_Province_of_South_Tyrol_Trentino_.html, /Attractions-g948556-Activities-Tesimo_Province_of_South_Tyrol_Trentino_Alto_Adige.html
Trail of International Felt Crafts, 3.0, Nature & Parks, /Attraction_Review-g948556-d2724440-Reviews-Trail_of_International_Felt_Crafts-Tesimo_Province_of_South_Tyrol_Trentino_Alto_A.html, /Attractions-g948556-Activities-Tesimo_Province_of_South_Tyrol_Trentino_Alto_Adige.html
St. Christoph Kirche, 3.5, Sights & Landmarks, /Attraction_Review-g948556-d11925681-Reviews-St_Christoph_Kirche-Tesimo_Province_of_South_Tyrol_Trentino_Alto_Adige.html, /Attractions-g948556-Activities-Tesimo_Province_of_South_Tyrol_Trentino_Alto_Adige.html
Kneipp Wellness Facility, 5.0, Spas & Wellness, /Attraction_Review-g948556-d2724510-Reviews-Kneipp_Wellness_Facility-Tesimo_Province_of_South_Tyrol_Trentino_Alto_Adige.html, /Attractions-g948556-Activities-Tesimo_Province_of_South_Tyrol_Trentino_Alto_Adige.html
Chiesetta di San Giacomo, None, Sights & Landmarks, /Attraction_Review-g11961364-d11921275-Reviews-Chiesetta_di_San_Giacomo-Grissiano_Tesimo_Province_of_South_Tyrol_Trentino_Alt.html, /Attractions-g948556-Activities-Tesimo_Province_of_South_Tyrol_Trentino_Alto_Adige.html
