attraction_name, attraction_rate, attraction_type, attraction_url, attraction_parent_url
Cantieri Zeta, 5.0, Museums, /Attraction_Review-g194824-d12598714-Reviews-Cantieri_Zeta-Milazzo_Province_of_Messina_Sicily.html, /Attractions-g187886-Activities-Sicily.html
La Cappella del Rosario, 4.5, Sights & Landmarks, /Attraction_Review-g1187116-d11908700-Reviews-La_Cappella_del_Rosario-Naso_Province_of_Messina_Sicily.html, /Attractions-g187886-Activities-Sicily.html
Muro delle Cattive, 3.5, Sights & Landmarks, /Attraction_Review-g187890-d5998667-Reviews-Muro_delle_Cattive-Palermo_Province_of_Palermo_Sicily.html, /Attractions-g187886-Activities-Sicily.html
Punto Caldo, 4.5, Food & Drink, /Attraction_Review-g1625404-d4896057-Reviews-Punto_Caldo-Comiso_Province_of_Ragusa_Sicily.html, /Attractions-g187886-Activities-Sicily.html
Chiesa del Carmine, 4.0, Sights & Landmarks, /Attraction_Review-g657501-d11849687-Reviews-Chiesa_del_Carmine-Licata_Province_of_Agrigento_Sicily.html, /Attractions-g187886-Activities-Sicily.html
Duomo San Nicola di Bari, 4.5, Sights & Landmarks, /Attraction_Review-g608930-d7340882-Reviews-Duomo_San_Nicola_di_Bari-Termini_Imerese_Province_of_Palermo_Sicily.html, /Attractions-g187886-Activities-Sicily.html
Museo Diocesano di Mazara del Vallo, 4.5, Museums, /Attraction_Review-g667193-d8514116-Reviews-Museo_Diocesano_di_Mazara_del_Vallo-Mazara_del_Vallo_Province_of_Trapani_Sicily.html, /Attractions-g187886-Activities-Sicily.html
Antiche Tradizioni, 5.0, Food & Drink, /Attraction_Review-g1625404-d5567098-Reviews-Antiche_Tradizioni-Comiso_Province_of_Ragusa_Sicily.html, /Attractions-g187886-Activities-Sicily.html
Chiesa Santissimo Crocifisso, 4.5, Sights & Landmarks, /Attraction_Review-g1384991-d10746237-Reviews-Chiesa_Santissimo_Crocifisso-Belmonte_Mezzagno_Province_of_Palermo_Sicily.html, /Attractions-g187886-Activities-Sicily.html
Palazzo Costantino, 3.5, Museums, /Attraction_Review-g187890-d8733627-Reviews-Palazzo_Costantino-Palermo_Province_of_Palermo_Sicily.html, /Attractions-g187886-Activities-Sicily.html
Duomo di Castroreale, 4.0, Sights & Landmarks, /Attraction_Review-g1973418-d4760244-Reviews-Duomo_di_Castroreale-Castroreale_Province_of_Messina_Sicily.html, /Attractions-g187886-Activities-Sicily.html
Parrocchia N. S. G. Cristo Re, 4.5, Sights & Landmarks, /Attraction_Review-g2136744-d10628398-Reviews-Parrocchia_N_S_G_Cristo_Re-Biancavilla_Province_of_Catania_Sicily.html, /Attractions-g187886-Activities-Sicily.html
Museo Archeologico 'Santi Furnari', 5.0, Museums, /Attraction_Review-g673491-d12570909-Reviews-Museo_Archeologico_Santi_Furnari-Tripi_Province_of_Messina_Sicily.html, /Attractions-g187886-Activities-Sicily.html
Samsara, 5.0, Shopping, /Attraction_Review-g1006191-d11997257-Reviews-Samsara-Vittoria_Province_of_Ragusa_Sicily.html, /Attractions-g187886-Activities-Sicily.html
Palazzo Fici, 3.5, Sights & Landmarks, /Attraction_Review-g194817-d12280737-Reviews-Palazzo_Fici-Marsala_Province_of_Trapani_Sicily.html, /Attractions-g187886-Activities-Sicily.html
Chiesa di San Sebastiano, 3.5, Sights & Landmarks, /Attraction_Review-g1052358-d12692092-Reviews-Chiesa_di_San_Sebastiano-Carlentini_Province_of_Syracuse_Sicily.html, /Attractions-g187886-Activities-Sicily.html
Grotta del Gelo, 5.0, Nature & Parks, /Attraction_Review-g1028923-d12879923-Reviews-Grotta_del_Gelo-Randazzo_Province_of_Catania_Sicily.html, /Attractions-g187886-Activities-Sicily.html
Chiesa di San Giovanni dell'Origlione, 3.5, Sights & Landmarks, /Attraction_Review-g187890-d8754634-Reviews-Chiesa_di_San_Giovanni_dell_Origlione-Palermo_Province_of_Palermo_Sicily.html, /Attractions-g187886-Activities-Sicily.html
Villa Romana di Patti Marina, 3.0, Sights & Landmarks, /Attraction_Review-g1057600-d4744448-Reviews-Villa_Romana_di_Patti_Marina-Patti_Province_of_Messina_Sicily.html, /Attractions-g187886-Activities-Sicily.html
Diga Rosamarina, 4.0, Nature & Parks, /Attraction_Review-g1425932-d10753603-Reviews-Diga_Rosamarina-Caccamo_Province_of_Palermo_Sicily.html, /Attractions-g187886-Activities-Sicily.html
Fontana di Drago, 4.0, Sights & Landmarks, /Attraction_Review-g1028937-d12688495-Reviews-Fontana_di_Drago-Capo_d_Orlando_Province_of_Messina_Sicily.html, /Attractions-g187886-Activities-Sicily.html
Fontana del Genio, 4.0, Sights & Landmarks, /Attraction_Review-g187890-d10838985-Reviews-Fontana_del_Genio-Palermo_Province_of_Palermo_Sicily.html, /Attractions-g187886-Activities-Sicily.html
Cassaro Alto, 4.0, Sights & Landmarks, /Attraction_Review-g187890-d13132547-Reviews-Cassaro_Alto-Palermo_Province_of_Palermo_Sicily.html, /Attractions-g187886-Activities-Sicily.html
Spiaggia Baia Del Tono, 3.5, Nature & Parks, /Attraction_Review-g194824-d18319864-Reviews-Spiaggia_Baia_Del_Tono-Milazzo_Province_of_Messina_Sicily.html, /Attractions-g187886-Activities-Sicily.html
Chiesa di Sant’Anna, 3.5, Sights & Landmarks, /Attraction_Review-g616192-d10860089-Reviews-Chiesa_di_Sant_Anna-Floridia_Province_of_Syracuse_Sicily.html, /Attractions-g187886-Activities-Sicily.html
Ponte di San Francesco, 4.0, Sights & Landmarks, /Attraction_Review-g777678-d7733124-Reviews-Ponte_di_San_Francesco-Caltagirone_Province_of_Catania_Sicily.html, /Attractions-g187886-Activities-Sicily.html
Castello di Solanto, 4.0, Sights & Landmarks, /Attraction_Review-g187890-d12599163-Reviews-Castello_di_Solanto-Palermo_Province_of_Palermo_Sicily.html, /Attractions-g187886-Activities-Sicily.html
Villa Cerami, 4.0, Sights & Landmarks, /Attraction_Review-g187888-d4547457-Reviews-Villa_Cerami-Catania_Province_of_Catania_Sicily.html, /Attractions-g187886-Activities-Sicily.html
Chiesa Madonna della Provvidenza, 4.0, Sights & Landmarks, /Attraction_Review-g1549106-d11638032-Reviews-Chiesa_Madonna_della_Provvidenza-San_Giuseppe_Jato_Province_of_Palermo_Sicily.html, /Attractions-g187886-Activities-Sicily.html
La Casa a Peristilio, 5.0, Sights & Landmarks, /Attraction_Review-g2412532-d8492087-Reviews-La_Casa_a_Peristilio-San_Cipirello_Province_of_Palermo_Sicily.html, /Attractions-g187886-Activities-Sicily.html
