attraction_name, attraction_rate, attraction_type, attraction_url, attraction_parent_url
Cafe Miro, 5.0, Nightlife, /Attraction_Review-g1537331-d5924534-Reviews-Cafe_Miro-Argelato_Province_of_Bologna_Emilia_Romagna.html, /Attractions-g1537331-Activities-Argelato_Province_of_Bologna_Emilia_Romagna.html
Oratorio di Savignano, 5.0, Sights & Landmarks, /Attraction_Review-g1537331-d21502135-Reviews-Oratorio_di_Savignano-Argelato_Province_of_Bologna_Emilia_Romagna.html, /Attractions-g1537331-Activities-Argelato_Province_of_Bologna_Emilia_Romagna.html
Quadreria del Ritiro San Pellegrino, 5.0, Museums, /Attraction_Review-g1537331-d19838924-Reviews-Quadreria_del_Ritiro_San_Pellegrino-Argelato_Province_of_Bologna_Emilia_Romagna.html, /Attractions-g1537331-Activities-Argelato_Province_of_Bologna_Emilia_Romagna.html
Mazzanti Oddino - Autonoleggio con Conducente, None, Transportation, /Attraction_Review-g1537331-d8526758-Reviews-Mazzanti_Oddino_Autonoleggio_con_Conducente-Argelato_Province_of_Bologna_Emilia_.html, /Attractions-g1537331-Activities-Argelato_Province_of_Bologna_Emilia_Romagna.html
Villa Beatrice di Argelato, None, Museums, /Attraction_Review-g1537331-d19838926-Reviews-Villa_Beatrice_di_Argelato-Argelato_Province_of_Bologna_Emilia_Romagna.html, /Attractions-g1537331-Activities-Argelato_Province_of_Bologna_Emilia_Romagna.html
Chiesa dei Santi Filippo e Giacomo, None, Sights & Landmarks, /Attraction_Review-g1537331-d19845054-Reviews-Chiesa_dei_Santi_Filippo_e_Giacomo-Argelato_Province_of_Bologna_Emilia_Romagna.html, /Attractions-g1537331-Activities-Argelato_Province_of_Bologna_Emilia_Romagna.html
Palazzo del Vignola, None, Sights & Landmarks, /Attraction_Review-g1537331-d19845061-Reviews-Palazzo_del_Vignola-Argelato_Province_of_Bologna_Emilia_Romagna.html, /Attractions-g1537331-Activities-Argelato_Province_of_Bologna_Emilia_Romagna.html
Chiesa di San Michele Arcangelo, None, Sights & Landmarks, /Attraction_Review-g1537331-d19845036-Reviews-Chiesa_di_San_Michele_Arcangelo-Argelato_Province_of_Bologna_Emilia_Romagna.html, /Attractions-g1537331-Activities-Argelato_Province_of_Bologna_Emilia_Romagna.html
Parco di Villa Orsi, None, Nature & Parks, /Attraction_Review-g1537331-d19839008-Reviews-Parco_di_Villa_Orsi-Argelato_Province_of_Bologna_Emilia_Romagna.html, /Attractions-g1537331-Activities-Argelato_Province_of_Bologna_Emilia_Romagna.html
