attraction_name, attraction_rate, attraction_type, attraction_url, attraction_parent_url
Palazzetto Ruzzier, 4.0, Sights & Landmarks, /Attraction_Review-g187813-d21001039-Reviews-Palazzetto_Ruzzier-Trieste_Province_of_Trieste_Friuli_Venezia_Giulia.html, /Attractions-g187813-Activities-Trieste_Province_of_Trieste_Friuli_Venezia_Giulia.html
Palazzo Ananian, 4.0, Sights & Landmarks, /Attraction_Review-g187813-d20937886-Reviews-Palazzo_Ananian-Trieste_Province_of_Trieste_Friuli_Venezia_Giulia.html, /Attractions-g187813-Activities-Trieste_Province_of_Trieste_Friuli_Venezia_Giulia.html
Casa Cassab, 4.0, Sights & Landmarks, /Attraction_Review-g187813-d21001038-Reviews-Casa_Cassab-Trieste_Province_of_Trieste_Friuli_Venezia_Giulia.html, /Attractions-g187813-Activities-Trieste_Province_of_Trieste_Friuli_Venezia_Giulia.html
La Rosa Dei Venti, 4.0, Sights & Landmarks, /Attraction_Review-g187813-d20949246-Reviews-La_Rosa_Dei_Venti-Trieste_Province_of_Trieste_Friuli_Venezia_Giulia.html, /Attractions-g187813-Activities-Trieste_Province_of_Trieste_Friuli_Venezia_Giulia.html
Casa Lazarich, 4.0, Sights & Landmarks, /Attraction_Review-g187813-d20895995-Reviews-Casa_Lazarich-Trieste_Province_of_Trieste_Friuli_Venezia_Giulia.html, /Attractions-g187813-Activities-Trieste_Province_of_Trieste_Friuli_Venezia_Giulia.html
Il Pilo, 4.0, Sights & Landmarks, /Attraction_Review-g187813-d20911107-Reviews-Il_Pilo-Trieste_Province_of_Trieste_Friuli_Venezia_Giulia.html, /Attractions-g187813-Activities-Trieste_Province_of_Trieste_Friuli_Venezia_Giulia.html
Palazzo Premuda-senitzer, 4.0, Sights & Landmarks, /Attraction_Review-g187813-d20868890-Reviews-Palazzo_Premuda_senitzer-Trieste_Province_of_Trieste_Friuli_Venezia_Giulia.html, /Attractions-g187813-Activities-Trieste_Province_of_Trieste_Friuli_Venezia_Giulia.html
Molo Bersaglieri, 4.0, Sights & Landmarks, /Attraction_Review-g187813-d20812508-Reviews-Molo_Bersaglieri-Trieste_Province_of_Trieste_Friuli_Venezia_Giulia.html, /Attractions-g187813-Activities-Trieste_Province_of_Trieste_Friuli_Venezia_Giulia.html
Casa Moreau, 4.0, Sights & Landmarks, /Attraction_Review-g187813-d20895990-Reviews-Casa_Moreau-Trieste_Province_of_Trieste_Friuli_Venezia_Giulia.html, /Attractions-g187813-Activities-Trieste_Province_of_Trieste_Friuli_Venezia_Giulia.html
Palazzo Steinfeld, 4.0, Sights & Landmarks, /Attraction_Review-g187813-d20839912-Reviews-Palazzo_Steinfeld-Trieste_Province_of_Trieste_Friuli_Venezia_Giulia.html, /Attractions-g187813-Activities-Trieste_Province_of_Trieste_Friuli_Venezia_Giulia.html
Via Del Collegio, 4.0, Sights & Landmarks, /Attraction_Review-g187813-d20898474-Reviews-Via_Del_Collegio-Trieste_Province_of_Trieste_Friuli_Venezia_Giulia.html, /Attractions-g187813-Activities-Trieste_Province_of_Trieste_Friuli_Venezia_Giulia.html
Ex Pescheria Centrale, 4.0, Sights & Landmarks, /Attraction_Review-g187813-d20914306-Reviews-Ex_Pescheria_Centrale-Trieste_Province_of_Trieste_Friuli_Venezia_Giulia.html, /Attractions-g187813-Activities-Trieste_Province_of_Trieste_Friuli_Venezia_Giulia.html
Case Dumas, 4.0, Sights & Landmarks, /Attraction_Review-g187813-d20898482-Reviews-Case_Dumas-Trieste_Province_of_Trieste_Friuli_Venezia_Giulia.html, /Attractions-g187813-Activities-Trieste_Province_of_Trieste_Friuli_Venezia_Giulia.html
Casa Mordo, 4.0, Sights & Landmarks, /Attraction_Review-g187813-d20810755-Reviews-Casa_Mordo-Trieste_Province_of_Trieste_Friuli_Venezia_Giulia.html, /Attractions-g187813-Activities-Trieste_Province_of_Trieste_Friuli_Venezia_Giulia.html
Casa Opuich, 4.0, Sights & Landmarks, /Attraction_Review-g187813-d20810769-Reviews-Casa_Opuich-Trieste_Province_of_Trieste_Friuli_Venezia_Giulia.html, /Attractions-g187813-Activities-Trieste_Province_of_Trieste_Friuli_Venezia_Giulia.html
Palazzo neogotico del 1913, 4.0, Sights & Landmarks, /Attraction_Review-g187813-d20839926-Reviews-Palazzo_neogotico_del_1913-Trieste_Province_of_Trieste_Friuli_Venezia_Giulia.html, /Attractions-g187813-Activities-Trieste_Province_of_Trieste_Friuli_Venezia_Giulia.html
Stazione Di Campo Marzio, 4.0, Sights & Landmarks, /Attraction_Review-g187813-d20903292-Reviews-Stazione_Di_Campo_Marzio-Trieste_Province_of_Trieste_Friuli_Venezia_Giulia.html, /Attractions-g187813-Activities-Trieste_Province_of_Trieste_Friuli_Venezia_Giulia.html
Palazzo del Bacichi, 4.0, Sights & Landmarks, /Attraction_Review-g187813-d20812348-Reviews-Palazzo_del_Bacichi-Trieste_Province_of_Trieste_Friuli_Venezia_Giulia.html, /Attractions-g187813-Activities-Trieste_Province_of_Trieste_Friuli_Venezia_Giulia.html
Biblioteca di Roiano Librolandia, 4.0, Traveller Resources, /Attraction_Review-g187813-d20975435-Reviews-Biblioteca_di_Roiano_Librolandia-Trieste_Province_of_Trieste_Friuli_Venezia_Giul.html, /Attractions-g187813-Activities-Trieste_Province_of_Trieste_Friuli_Venezia_Giulia.html
Palazzo Del 1877, 4.0, Sights & Landmarks, /Attraction_Review-g187813-d20911622-Reviews-Palazzo_Del_1877-Trieste_Province_of_Trieste_Friuli_Venezia_Giulia.html, /Attractions-g187813-Activities-Trieste_Province_of_Trieste_Friuli_Venezia_Giulia.html
Casa Mauroner, 4.0, Sights & Landmarks, /Attraction_Review-g187813-d20903248-Reviews-Casa_Mauroner-Trieste_Province_of_Trieste_Friuli_Venezia_Giulia.html, /Attractions-g187813-Activities-Trieste_Province_of_Trieste_Friuli_Venezia_Giulia.html
Palazzo Vanoli, 4.0, Sights & Landmarks, /Attraction_Review-g187813-d20831580-Reviews-Palazzo_Vanoli-Trieste_Province_of_Trieste_Friuli_Venezia_Giulia.html, /Attractions-g187813-Activities-Trieste_Province_of_Trieste_Friuli_Venezia_Giulia.html
Casa Czvietovich, 4.0, Sights & Landmarks, /Attraction_Review-g187813-d20885388-Reviews-Casa_Czvietovich-Trieste_Province_of_Trieste_Friuli_Venezia_Giulia.html, /Attractions-g187813-Activities-Trieste_Province_of_Trieste_Friuli_Venezia_Giulia.html
Villa Cesare, 4.0, Sights & Landmarks, /Attraction_Review-g187813-d20884224-Reviews-Villa_Cesare-Trieste_Province_of_Trieste_Friuli_Venezia_Giulia.html, /Attractions-g187813-Activities-Trieste_Province_of_Trieste_Friuli_Venezia_Giulia.html
Palazzo Caccia, 4.0, Sights & Landmarks, /Attraction_Review-g187813-d20898481-Reviews-Palazzo_Caccia-Trieste_Province_of_Trieste_Friuli_Venezia_Giulia.html, /Attractions-g187813-Activities-Trieste_Province_of_Trieste_Friuli_Venezia_Giulia.html
Casa Allodi, 4.0, Sights & Landmarks, /Attraction_Review-g187813-d20810761-Reviews-Casa_Allodi-Trieste_Province_of_Trieste_Friuli_Venezia_Giulia.html, /Attractions-g187813-Activities-Trieste_Province_of_Trieste_Friuli_Venezia_Giulia.html
Casa Hierschel Lenardo, 4.0, Sights & Landmarks, /Attraction_Review-g187813-d20839913-Reviews-Casa_Hierschel_Lenardo-Trieste_Province_of_Trieste_Friuli_Venezia_Giulia.html, /Attractions-g187813-Activities-Trieste_Province_of_Trieste_Friuli_Venezia_Giulia.html
Excelsior Palace, 4.0, Sights & Landmarks, /Attraction_Review-g187813-d20881075-Reviews-Excelsior_Palace-Trieste_Province_of_Trieste_Friuli_Venezia_Giulia.html, /Attractions-g187813-Activities-Trieste_Province_of_Trieste_Friuli_Venezia_Giulia.html
Seamen Memorial, 4.0, Sights & Landmarks, /Attraction_Review-g187813-d20880569-Reviews-Seamen_Memorial-Trieste_Province_of_Trieste_Friuli_Venezia_Giulia.html, /Attractions-g187813-Activities-Trieste_Province_of_Trieste_Friuli_Venezia_Giulia.html
Borgo Franceschino, 4.0, Other, /Attraction_Review-g187813-d12693612-Reviews-Borgo_Franceschino-Trieste_Province_of_Trieste_Friuli_Venezia_Giulia.html, /Attractions-g187813-Activities-Trieste_Province_of_Trieste_Friuli_Venezia_Giulia.html
