attraction_name, attraction_rate, attraction_type, attraction_url, attraction_parent_url
Azienda A. Plaia, 4.5, Sights & Landmarks, /Attraction_Review-g1199297-d4700276-Reviews-Azienda_A_Plaia-Scopello_Castellammare_del_Golfo_Province_of_Trapani_Sicily.html, /Attractions-g187886-Activities-Sicily.html
Giardini Iblei, 4.5, Nature & Parks, /Attraction_Review-g194872-d1110186-Reviews-Giardini_Iblei-Ragusa_Province_of_Ragusa_Sicily.html, /Attractions-g187886-Activities-Sicily.html
Lungomare Andrea Doria e Bisani, 4.5, Sights & Landmarks, /Attraction_Review-g1097285-d5531632-Reviews-Lungomare_Andrea_Doria_e_Bisani-Marina_di_Ragusa_Ragusa_Province_of_Ragusa_Sicil.html, /Attractions-g187886-Activities-Sicily.html
Cala Rotonda (Arco di Ulisse), 4.5, Sights & Landmarks, /Attraction_Review-g657290-d6223106-Reviews-Cala_Rotonda_Arco_di_Ulisse-Isola_di_Favignana_Aegadian_Islands_Islands_of_Sicily.html, /Attractions-g187886-Activities-Sicily.html
Castello Normanno - Museo Civico, 4.5, Museums, /Attraction_Review-g1028935-d8113901-Reviews-Castello_Normanno_Museo_Civico-Aci_Castello_Province_of_Catania_Sicily.html, /Attractions-g187886-Activities-Sicily.html
Benanti Winery, 5.0, Food & Drink, /Attraction_Review-g1093059-d3370044-Reviews-Benanti_Winery-Viagrande_Province_of_Catania_Sicily.html, /Attractions-g187886-Activities-Sicily.html
Chiesa del SS. Salvatore, 4.5, Sights & Landmarks, /Attraction_Review-g187890-d5499313-Reviews-Chiesa_del_SS_Salvatore-Palermo_Province_of_Palermo_Sicily.html, /Attractions-g187886-Activities-Sicily.html
Duomo di Siracusa, 4.5, Sights & Landmarks, /Attraction_Review-g187891-d3451048-Reviews-Duomo_di_Siracusa-Syracuse_Province_of_Syracuse_Sicily.html, /Attractions-g187886-Activities-Sicily.html
Spiaggia di Randello, 4.5, Nature & Parks, /Attraction_Review-g1006192-d8421965-Reviews-Spiaggia_di_Randello-Scoglitti_Province_of_Ragusa_Sicily.html, /Attractions-g187886-Activities-Sicily.html
Servizio Turistico Regionale - Ufficio informazioni, 5.0, Traveller Resources, /Attraction_Review-g194774-d17326819-Reviews-Servizio_Turistico_Regionale_Ufficio_informazioni-Giardini_Naxos_Province_of_Mes.html, /Attractions-g187886-Activities-Sicily.html
Castello di Lombardia, 4.0, Sights & Landmarks, /Attraction_Review-g315896-d247489-Reviews-Castello_di_Lombardia-Enna_Province_of_Enna_Sicily.html, /Attractions-g187886-Activities-Sicily.html
Spiaggia Valle i Mura, 4.5, Nature & Parks, /Attraction_Review-g194798-d10343433-Reviews-Spiaggia_Valle_i_Mura-Lipari_Aeolian_Islands_Islands_of_Sicily_Sicily.html, /Attractions-g187886-Activities-Sicily.html
Spiaggia di Punta Cirica, 4.5, Nature & Parks, /Attraction_Review-g1028657-d8428270-Reviews-Spiaggia_di_Punta_Cirica-Ispica_Province_of_Ragusa_Sicily.html, /Attractions-g187886-Activities-Sicily.html
Nike Factory Store Sicilia, 3.5, Shopping, /Attraction_Review-g2209427-d4788850-Reviews-Nike_Factory_Store_Sicilia-Agira_Province_of_Enna_Sicily.html, /Attractions-g187886-Activities-Sicily.html
Spiaggia Marianelli, 4.5, Nature & Parks, /Attraction_Review-g652022-d10838216-Reviews-Spiaggia_Marianelli-Noto_Province_of_Syracuse_Sicily.html, /Attractions-g187886-Activities-Sicily.html
Il Barbagianni, 5.0, Food & Drink, /Attraction_Review-g494955-d11878463-Reviews-Il_Barbagianni-Trapani_Province_of_Trapani_Sicily.html, /Attractions-g187886-Activities-Sicily.html
Mercato del Pesce di Trapani, 4.0, Shopping, /Attraction_Review-g494955-d10712204-Reviews-Mercato_del_Pesce_di_Trapani-Trapani_Province_of_Trapani_Sicily.html, /Attractions-g187886-Activities-Sicily.html
Villa Palagonia, 3.5, Sights & Landmarks, /Attraction_Review-g1050566-d247469-Reviews-Villa_Palagonia-Bagheria_Province_of_Palermo_Sicily.html, /Attractions-g187886-Activities-Sicily.html
Cattedrale di Acireale, 4.5, Sights & Landmarks, /Attraction_Review-g652017-d3208326-Reviews-Cattedrale_di_Acireale-Acireale_Province_of_Catania_Sicily.html, /Attractions-g187886-Activities-Sicily.html
Spiaggia della Rocca di San Nicola, 5.0, Nature & Parks, /Attraction_Review-g657501-d12226846-Reviews-Spiaggia_della_Rocca_di_San_Nicola-Licata_Province_of_Agrigento_Sicily.html, /Attractions-g187886-Activities-Sicily.html
Agua Beach, 4.0, Nature & Parks, /Attraction_Review-g652022-d4588608-Reviews-Agua_Beach-Noto_Province_of_Syracuse_Sicily.html, /Attractions-g187886-Activities-Sicily.html
Scavi Archeologici di Campanarazzu, 4.5, Sights & Landmarks, /Attraction_Review-g652021-d11716218-Reviews-Scavi_Archeologici_di_Campanarazzu-Misterbianco_Province_of_Catania_Sicily.html, /Attractions-g187886-Activities-Sicily.html
Cattedrale di San Lorenzo, 4.0, Sights & Landmarks, /Attraction_Review-g494955-d8069938-Reviews-Cattedrale_di_San_Lorenzo-Trapani_Province_of_Trapani_Sicily.html, /Attractions-g187886-Activities-Sicily.html
Porto di Castellammare del Golfo, 4.5, Sights & Landmarks, /Attraction_Review-g608929-d13387974-Reviews-Porto_di_Castellammare_del_Golfo-Castellammare_del_Golfo_Province_of_Trapani_Sic.html, /Attractions-g187886-Activities-Sicily.html
Stabilimento Balneare Al Sabbione, 3.0, Nature & Parks, /Attraction_Review-g656840-d4945509-Reviews-Stabilimento_Balneare_Al_Sabbione-San_Vito_lo_Capo_Province_of_Trapani_Sicily.html, /Attractions-g187886-Activities-Sicily.html
Castelbuono Paese in Provincia Di Palermo, 4.5, Sights & Landmarks, /Attraction_Review-g670766-d4740176-Reviews-Castelbuono_Paese_in_Provincia_Di_Palermo-Castelbuono_Province_of_Palermo_Sicily.html, /Attractions-g187886-Activities-Sicily.html
Chiesa  di San Domenico, 5.0, Sights & Landmarks, /Attraction_Review-g665937-d4778391-Reviews-Chiesa_di_San_Domenico-Castelvetrano_Province_of_Trapani_Sicily.html, /Attractions-g187886-Activities-Sicily.html
Cala Croce Beach, 4.0, Nature & Parks, /Attraction_Review-g262047-d4411085-Reviews-Cala_Croce_Beach-Lampedusa_Islands_of_Sicily_Sicily.html, /Attractions-g187886-Activities-Sicily.html
Porta Pescara, 4.5, Sights & Landmarks, /Attraction_Review-g194726-d11947709-Reviews-Porta_Pescara-Cefalu_Province_of_Palermo_Sicily.html, /Attractions-g187886-Activities-Sicily.html
Lido Sabbie d'Oro, 2.5, Outdoor Activities, /Attraction_Review-g194774-d15061379-Reviews-Lido_Sabbie_d_Oro-Giardini_Naxos_Province_of_Messina_Sicily.html, /Attractions-g187886-Activities-Sicily.html
