attraction_name, attraction_rate, attraction_type, attraction_url, attraction_parent_url
Parco Astronomico San Lorenzo, 4.5, Museums, /Attraction_Review-g651997-d7040085-Reviews-Parco_Astronomico_San_Lorenzo-Casarano_Province_of_Lecce_Puglia.html, /Attractions-g651997-Activities-Casarano_Province_of_Lecce_Puglia.html
Saint Maria of Croce Church, 5.0, Sights & Landmarks, /Attraction_Review-g651997-d4468591-Reviews-Saint_Maria_of_Croce_Church-Casarano_Province_of_Lecce_Puglia.html, /Attractions-g651997-Activities-Casarano_Province_of_Lecce_Puglia.html
Santa Maria della Croce, 5.0, Sights & Landmarks, /Attraction_Review-g651997-d7217247-Reviews-Santa_Maria_della_Croce-Casarano_Province_of_Lecce_Puglia.html, /Attractions-g651997-Activities-Casarano_Province_of_Lecce_Puglia.html
Chiostro convento domenicani, 5.0, Sights & Landmarks, /Attraction_Review-g651997-d6764348-Reviews-Chiostro_convento_domenicani-Casarano_Province_of_Lecce_Puglia.html, /Attractions-g651997-Activities-Casarano_Province_of_Lecce_Puglia.html
Matrix Casino, 4.0, Casinos & Gambling, /Attraction_Review-g651997-d4310622-Reviews-Matrix_Casino-Casarano_Province_of_Lecce_Puglia.html, /Attractions-g651997-Activities-Casarano_Province_of_Lecce_Puglia.html
Le Parmente, 4.0, Nightlife, /Attraction_Review-g651997-d4551133-Reviews-Le_Parmente-Casarano_Province_of_Lecce_Puglia.html, /Attractions-g651997-Activities-Casarano_Province_of_Lecce_Puglia.html
Chaplin Pub, 4.5, Nightlife, /Attraction_Review-g651997-d5923180-Reviews-Chaplin_Pub-Casarano_Province_of_Lecce_Puglia.html, /Attractions-g651997-Activities-Casarano_Province_of_Lecce_Puglia.html
Sirius Music Hub, 5.0, Nightlife, /Attraction_Review-g651997-d21295946-Reviews-Sirius_Music_Hub-Casarano_Province_of_Lecce_Puglia.html, /Attractions-g651997-Activities-Casarano_Province_of_Lecce_Puglia.html
Transfer Memmi, None, Transportation, /Attraction_Review-g651997-d10283670-Reviews-Transfer_Memmi-Casarano_Province_of_Lecce_Puglia.html, /Attractions-g651997-Activities-Casarano_Province_of_Lecce_Puglia.html
Chiesa Madre Maria SS Annunziata, None, Sights & Landmarks, /Attraction_Review-g651997-d11917071-Reviews-Chiesa_Madre_Maria_SS_Annunziata-Casarano_Province_of_Lecce_Puglia.html, /Attractions-g651997-Activities-Casarano_Province_of_Lecce_Puglia.html
Palazzo De Judicibus, None, Sights & Landmarks, /Attraction_Review-g651997-d13202371-Reviews-Palazzo_De_Judicibus-Casarano_Province_of_Lecce_Puglia.html, /Attractions-g651997-Activities-Casarano_Province_of_Lecce_Puglia.html
Chiesa del Cuore Immacolato di Maria, None, Sights & Landmarks, /Attraction_Review-g651997-d13202373-Reviews-Chiesa_del_Cuore_Immacolato_di_Maria-Casarano_Province_of_Lecce_Puglia.html, /Attractions-g651997-Activities-Casarano_Province_of_Lecce_Puglia.html
