attraction_name, attraction_rate, attraction_type, attraction_url, attraction_parent_url
Palazzo ducale D'Ayala Valva, 4.5, Sights & Landmarks, /Attraction_Review-g3526922-d12723042-Reviews-Palazzo_ducale_D_Ayala_Valva-Carosino_Province_of_Taranto_Puglia.html, /Attractions-g3526922-Activities-Carosino_Province_of_Taranto_Puglia.html
Chiesa di San Francesco d'Assisi, 2.0, Sights & Landmarks, /Attraction_Review-g3526922-d7219867-Reviews-Chiesa_di_San_Francesco_d_Assisi-Carosino_Province_of_Taranto_Puglia.html, /Attractions-g3526922-Activities-Carosino_Province_of_Taranto_Puglia.html
New Pride, 3.5, Nightlife, /Attraction_Review-g3526922-d5923779-Reviews-New_Pride-Carosino_Province_of_Taranto_Puglia.html, /Attractions-g3526922-Activities-Carosino_Province_of_Taranto_Puglia.html
Giai Vini, 1.0, Food & Drink, /Attraction_Review-g3526922-d21178802-Reviews-Giai_Vini-Carosino_Province_of_Taranto_Puglia.html, /Attractions-g3526922-Activities-Carosino_Province_of_Taranto_Puglia.html
Parrocchia Santa Maria delle Grazie, None, Sights & Landmarks, /Attraction_Review-g3526922-d12814693-Reviews-Parrocchia_Santa_Maria_delle_Grazie-Carosino_Province_of_Taranto_Puglia.html, /Attractions-g3526922-Activities-Carosino_Province_of_Taranto_Puglia.html
Feudo Croce, None, Food & Drink, /Attraction_Review-g3526922-d12296345-Reviews-Feudo_Croce-Carosino_Province_of_Taranto_Puglia.html, /Attractions-g3526922-Activities-Carosino_Province_of_Taranto_Puglia.html
