attraction_name, attraction_rate, attraction_type, attraction_url, attraction_parent_url
Le Comole, 4.5, Nature & Parks, /Attraction_Review-g2292458-d10433160-Reviews-Le_Comole-Castel_Morrone_Province_of_Caserta_Campania.html, /Attractions-g2292458-Activities-Castel_Morrone_Province_of_Caserta_Campania.html
Palazzo Ducale, 4.5, Sights & Landmarks, /Attraction_Review-g2292458-d4163423-Reviews-Palazzo_Ducale-Castel_Morrone_Province_of_Caserta_Campania.html, /Attractions-g2292458-Activities-Castel_Morrone_Province_of_Caserta_Campania.html
Piscine Acquableu, 3.5, Fun & Games, /Attraction_Review-g2292458-d12794568-Reviews-Piscine_Acquableu-Castel_Morrone_Province_of_Caserta_Campania.html, /Attractions-g2292458-Activities-Castel_Morrone_Province_of_Caserta_Campania.html
Casa Museo-Laboratorio della Civiltà Rurale, 3.0, Museums, /Attraction_Review-g2292458-d3213859-Reviews-Casa_Museo_Laboratorio_della_Civilta_Rurale-Castel_Morrone_Province_of_Caserta_C.html, /Attractions-g2292458-Activities-Castel_Morrone_Province_of_Caserta_Campania.html
Rudere del Castello Medievale di Castel Morrone, 3.0, Sights & Landmarks, /Attraction_Review-g2292458-d3213846-Reviews-Rudere_del_Castello_Medievale_di_Castel_Morrone-Castel_Morrone_Province_of_Caser.html, /Attractions-g2292458-Activities-Castel_Morrone_Province_of_Caserta_Campania.html
PalaMaggio, 3.0, Outdoor Activities, /Attraction_Review-g2292458-d4173452-Reviews-PalaMaggio-Castel_Morrone_Province_of_Caserta_Campania.html, /Attractions-g2292458-Activities-Castel_Morrone_Province_of_Caserta_Campania.html
Oleificio San Pio, None, Shopping, /Attraction_Review-g2292458-d13113949-Reviews-Oleificio_San_Pio-Castel_Morrone_Province_of_Caserta_Campania.html, /Attractions-g2292458-Activities-Castel_Morrone_Province_of_Caserta_Campania.html
Chiesa Ave Gratia Plena, None, Sights & Landmarks, /Attraction_Review-g2292458-d21404455-Reviews-Chiesa_Ave_Gratia_Plena-Castel_Morrone_Province_of_Caserta_Campania.html, /Attractions-g2292458-Activities-Castel_Morrone_Province_of_Caserta_Campania.html
Chiesa Santa Maria Assunta, None, Sights & Landmarks, /Attraction_Review-g2292458-d21404456-Reviews-Chiesa_Santa_Maria_Assunta-Castel_Morrone_Province_of_Caserta_Campania.html, /Attractions-g2292458-Activities-Castel_Morrone_Province_of_Caserta_Campania.html
Chiesa Santa Maria Della Valle, None, Sights & Landmarks, /Attraction_Review-g2292458-d21404457-Reviews-Chiesa_Santa_Maria_Della_Valle-Castel_Morrone_Province_of_Caserta_Campania.html, /Attractions-g2292458-Activities-Castel_Morrone_Province_of_Caserta_Campania.html
