attraction_name, attraction_rate, attraction_type, attraction_url, attraction_parent_url
Chiesa di San Vito, 3.5, Sights & Landmarks, /Attraction_Review-g1052354-d12689073-Reviews-Chiesa_di_San_Vito-Carini_Province_of_Palermo_Sicily.html, /Attractions-g187886-Activities-Sicily.html
Ville de Burgio, 4.5, Sights & Landmarks, /Attraction_Review-g3206767-d5071974-Reviews-Ville_de_Burgio-Burgio_Province_of_Agrigento_Sicily.html, /Attractions-g187886-Activities-Sicily.html
Lido Palm Beach, 3.5, Nature & Parks, /Attraction_Review-g644264-d12513994-Reviews-Lido_Palm_Beach-Fondachello_Mascali_Province_of_Catania_Sicily.html, /Attractions-g187886-Activities-Sicily.html
Fontana degli Otto Cannoli, 4.5, Sights & Landmarks, /Attraction_Review-g1473570-d7046847-Reviews-Fontana_degli_Otto_Cannoli-Partinico_Province_of_Palermo_Sicily.html, /Attractions-g187886-Activities-Sicily.html
Castello di Santa Lucia del Mela, 4.5, Sights & Landmarks, /Attraction_Review-g1218698-d12811254-Reviews-Castello_di_Santa_Lucia_del_Mela-Santa_Lucia_del_Mela_Province_of_Messina_Sicil.html, /Attractions-g187886-Activities-Sicily.html
The Benedictine Cloister, 4.5, Sights & Landmarks, /Attraction_Review-g666663-d12994017-Reviews-The_Benedictine_Cloister-Monreale_Province_of_Palermo_Sicily.html, /Attractions-g187886-Activities-Sicily.html
Chiesa di San Michele, 4.0, Sights & Landmarks, /Attraction_Review-g580230-d10847410-Reviews-Chiesa_di_San_Michele-Sciacca_Province_of_Agrigento_Sicily.html, /Attractions-g187886-Activities-Sicily.html
Chiesa del Carmine, 4.0, Sights & Landmarks, /Attraction_Review-g616192-d10860077-Reviews-Chiesa_del_Carmine-Floridia_Province_of_Syracuse_Sicily.html, /Attractions-g187886-Activities-Sicily.html
Santuario Madonna dell'Olio, 5.0, Sights & Landmarks, /Attraction_Review-g8707636-d9538150-Reviews-Santuario_Madonna_dell_Olio-Blufi_Province_of_Palermo_Sicily.html, /Attractions-g187886-Activities-Sicily.html
Parrocchia Maria SS. delle Grazie, 5.0, Sights & Landmarks, /Attraction_Review-g1020917-d11807111-Reviews-Parrocchia_Maria_SS_delle_Grazie-Corleone_Province_of_Palermo_Sicily.html, /Attractions-g187886-Activities-Sicily.html
Monastero e Chiesa di San Carlo, 3.5, Sights & Landmarks, /Attraction_Review-g194757-d12429319-Reviews-Monastero_e_Chiesa_di_San_Carlo-Erice_Province_of_Trapani_Sicily.html, /Attractions-g187886-Activities-Sicily.html
Centro Storico Marina Di Salina, 4.5, Sights & Landmarks, /Attraction_Review-g1078168-d15266056-Reviews-Centro_Storico_Marina_Di_Salina-Santa_Marina_Salina_Isola_di_Salina_Aeolian_Isl.html, /Attractions-g187886-Activities-Sicily.html
Donnafugata Cantina Randazzo Etna, 5.0, Food & Drink, /Attraction_Review-g1028923-d18756692-Reviews-Donnafugata_Cantina_Randazzo_Etna-Randazzo_Province_of_Catania_Sicily.html, /Attractions-g187886-Activities-Sicily.html
Chiesa di Santa Teresa alla Kalsa, 3.5, Sights & Landmarks, /Attraction_Review-g187890-d1439565-Reviews-Chiesa_di_Santa_Teresa_alla_Kalsa-Palermo_Province_of_Palermo_Sicily.html, /Attractions-g187886-Activities-Sicily.html
Chiesa di San Pietro in Panarea, 4.5, Sights & Landmarks, /Attraction_Review-g670800-d15060221-Reviews-Chiesa_di_San_Pietro_in_Panarea-Panarea_Aeolian_Islands_Islands_of_Sicily_Sicily.html, /Attractions-g187886-Activities-Sicily.html
Ponte Calatrasi, 3.5, Sights & Landmarks, /Attraction_Review-g3247760-d3221236-Reviews-Ponte_Calatrasi-Roccamena_Province_of_Palermo_Sicily.html, /Attractions-g187886-Activities-Sicily.html
Teatro Comunale Eliodoro Sollima, 5.0, Concerts & Shows, /Attraction_Review-g194817-d12280700-Reviews-Teatro_Comunale_Eliodoro_Sollima-Marsala_Province_of_Trapani_Sicily.html, /Attractions-g187886-Activities-Sicily.html
Liberty Lines, 2.5, Transportation, /Attraction_Review-g494955-d12790216-Reviews-Liberty_Lines-Trapani_Province_of_Trapani_Sicily.html, /Attractions-g187886-Activities-Sicily.html
Chiesa Evangelica Valdese, 4.0, Sights & Landmarks, /Attraction_Review-g187890-d12861451-Reviews-Chiesa_Evangelica_Valdese-Palermo_Province_of_Palermo_Sicily.html, /Attractions-g187886-Activities-Sicily.html
Chiesa S. Francesco di Paola, 5.0, Sights & Landmarks, /Attraction_Review-g793708-d12811198-Reviews-Chiesa_S_Francesco_di_Paola-Nizza_di_Sicilia_Province_of_Messina_Sicily.html, /Attractions-g187886-Activities-Sicily.html
Piazza Olivella, 4.5, Sights & Landmarks, /Attraction_Review-g187890-d12415232-Reviews-Piazza_Olivella-Palermo_Province_of_Palermo_Sicily.html, /Attractions-g187886-Activities-Sicily.html
Parco Ecologico di Piano Collura, 3.5, Nature & Parks, /Attraction_Review-g4137946-d8041320-Reviews-Parco_Ecologico_di_Piano_Collura-Castell_Umberto_Province_of_Messina_Sicily.html, /Attractions-g187886-Activities-Sicily.html
Castello d'Alcontres, 4.0, Sights & Landmarks, /Attraction_Review-g793708-d12811161-Reviews-Castello_d_Alcontres-Nizza_di_Sicilia_Province_of_Messina_Sicily.html, /Attractions-g187886-Activities-Sicily.html
Antico Borgo di Carcaci, 4.5, Sights & Landmarks, /Attraction_Review-g2280716-d11716327-Reviews-Antico_Borgo_di_Carcaci-Centuripe_Province_of_Enna_Sicily.html, /Attractions-g187886-Activities-Sicily.html
Necropoli Punica, 3.5, Sights & Landmarks, /Attraction_Review-g187890-d11701002-Reviews-Necropoli_Punica-Palermo_Province_of_Palermo_Sicily.html, /Attractions-g187886-Activities-Sicily.html
Lido Melagodo, 3.5, Nature & Parks, /Attraction_Review-g3160793-d13413272-Reviews-Lido_Melagodo-Tre_Fontane_Campobello_di_Mazara_Province_of_Trapani_Sicily.html, /Attractions-g187886-Activities-Sicily.html
Monumento al Milite, 2.0, Sights & Landmarks, /Attraction_Review-g670687-d13436786-Reviews-Monumento_al_Milite-San_Giovanni_la_Punta_Province_of_Catania_Sicily.html, /Attractions-g187886-Activities-Sicily.html
Lido Kamar, 3.5, Nature & Parks, /Attraction_Review-g652029-d4751636-Reviews-Lido_Kamar-Venetico_Province_of_Messina_Sicily.html, /Attractions-g187886-Activities-Sicily.html
Chiesa Madrice di San Cataldo, 4.5, Sights & Landmarks, /Attraction_Review-g7924188-d12581994-Reviews-Chiesa_Madrice_di_San_Cataldo-Gagliano_Castelferrato_Province_of_Enna_Sicily.html, /Attractions-g187886-Activities-Sicily.html
Teatro Nazarena, 4.5, Concerts & Shows, /Attraction_Review-g187892-d14189522-Reviews-Teatro_Nazarena-Taormina_Province_of_Messina_Sicily.html, /Attractions-g187886-Activities-Sicily.html
