attraction_name, attraction_rate, attraction_type, attraction_url, attraction_parent_url
Chiesa San Giovanni, 3.0, Sights & Landmarks, /Attraction_Review-g1096054-d6698300-Reviews-Chiesa_San_Giovanni-Gela_Province_of_Caltanissetta_Sicily.html, /Attractions-g1096054-Activities-Gela_Province_of_Caltanissetta_Sicily.html
La Baia di Jhoan, 3.0, Nature & Parks, /Attraction_Review-g1096054-d10388803-Reviews-La_Baia_di_Jhoan-Gela_Province_of_Caltanissetta_Sicily.html, /Attractions-g1096054-Activities-Gela_Province_of_Caltanissetta_Sicily.html
Acropoli di Gela, 2.5, Sights & Landmarks, /Attraction_Review-g1096054-d5541716-Reviews-Acropoli_di_Gela-Gela_Province_of_Caltanissetta_Sicily.html, /Attractions-g1096054-Activities-Gela_Province_of_Caltanissetta_Sicily.html
Palazzo di Città, 2.5, Sights & Landmarks, /Attraction_Review-g1096054-d12415562-Reviews-Palazzo_di_Citta-Gela_Province_of_Caltanissetta_Sicily.html, /Attractions-g1096054-Activities-Gela_Province_of_Caltanissetta_Sicily.html
Emporio Greco Arcaico, 2.0, Sights & Landmarks, /Attraction_Review-g1096054-d6703255-Reviews-Emporio_Greco_Arcaico-Gela_Province_of_Caltanissetta_Sicily.html, /Attractions-g1096054-Activities-Gela_Province_of_Caltanissetta_Sicily.html
Azienda Autonoma Provinciale Turismo 'Informazioni', None, Traveller Resources, /Attraction_Review-g1096054-d12415575-Reviews-Azienda_Autonoma_Provinciale_Turismo_Informazioni-Gela_Province_of_Caltanissett.html, /Attractions-g1096054-Activities-Gela_Province_of_Caltanissetta_Sicily.html
Biblioteca Comunale, None, Traveller Resources, /Attraction_Review-g1096054-d12412776-Reviews-Biblioteca_Comunale-Gela_Province_of_Caltanissetta_Sicily.html, /Attractions-g1096054-Activities-Gela_Province_of_Caltanissetta_Sicily.html
Strutture di Difesa Italo-Tedesca nel Territorio di Gela, None, Sights & Landmarks, /Attraction_Review-g1096054-d12415569-Reviews-Strutture_di_Difesa_Italo_Tedesca_nel_Territorio_di_Gela-Gela_Province_of_Calta.html, /Attractions-g1096054-Activities-Gela_Province_of_Caltanissetta_Sicily.html
Lago Disueri, None, Nature & Parks, /Attraction_Review-g1096054-d12691822-Reviews-Lago_Disueri-Gela_Province_of_Caltanissetta_Sicily.html, /Attractions-g1096054-Activities-Gela_Province_of_Caltanissetta_Sicily.html
Stazione di Gela, None, Sights & Landmarks, /Attraction_Review-g1096054-d20361535-Reviews-Stazione_di_Gela-Gela_Province_of_Caltanissetta_Sicily.html, /Attractions-g1096054-Activities-Gela_Province_of_Caltanissetta_Sicily.html
