attraction_name, attraction_rate, attraction_type, attraction_url, attraction_parent_url
Castello di Verrazzano, 4.5, Food & Drink, /Attraction_Review-g580240-d195906-Reviews-Castello_di_Verrazzano-Greve_in_Chianti_Tuscany.html, /Attractions-g580240-Activities-Greve_in_Chianti_Tuscany.html
Montefioralle Winery, 5.0, Food & Drink, /Attraction_Review-g580240-d1731345-Reviews-Montefioralle_Winery-Greve_in_Chianti_Tuscany.html, /Attractions-g580240-Activities-Greve_in_Chianti_Tuscany.html
Enoteca Falorni, 4.5, Food & Drink, /Attraction_Review-g580240-d2342946-Reviews-Enoteca_Falorni-Greve_in_Chianti_Tuscany.html, /Attractions-g580240-Activities-Greve_in_Chianti_Tuscany.html
Azienda Agricola Altiero (Winery), 5.0, Food & Drink, /Attraction_Review-g580240-d4546799-Reviews-Azienda_Agricola_Altiero_Winery-Greve_in_Chianti_Tuscany.html, /Attractions-g580240-Activities-Greve_in_Chianti_Tuscany.html
Accademia del Buon Gusto, 5.0, Food & Drink, /Attraction_Review-g635878-d2343402-Reviews-Accademia_del_Buon_Gusto-Panzano_in_Chianti_Greve_in_Chianti_Tuscany.html, /Attractions-g580240-Activities-Greve_in_Chianti_Tuscany.html
Castello di Montefioralle, 4.5, Sights & Landmarks, /Attraction_Review-g580240-d8309391-Reviews-Castello_di_Montefioralle-Greve_in_Chianti_Tuscany.html, /Attractions-g580240-Activities-Greve_in_Chianti_Tuscany.html
Lamole Di Lamole, 5.0, Food & Drink, /Attraction_Review-g580240-d10209288-Reviews-Lamole_Di_Lamole-Greve_in_Chianti_Tuscany.html, /Attractions-g580240-Activities-Greve_in_Chianti_Tuscany.html
Piazza Matteotti, 4.5, Sights & Landmarks, /Attraction_Review-g580240-d195558-Reviews-Piazza_Matteotti-Greve_in_Chianti_Tuscany.html, /Attractions-g580240-Activities-Greve_in_Chianti_Tuscany.html
Fattoria Viticcio, 5.0, Food & Drink, /Attraction_Review-g580240-d8434023-Reviews-Fattoria_Viticcio-Greve_in_Chianti_Tuscany.html, /Attractions-g580240-Activities-Greve_in_Chianti_Tuscany.html
Tenuta Riseccoli, 4.5, Food & Drink, /Attraction_Review-g580240-d6844671-Reviews-Tenuta_Riseccoli-Greve_in_Chianti_Tuscany.html, /Attractions-g580240-Activities-Greve_in_Chianti_Tuscany.html
L'Orcio a Ca di Pesa srl, 5.0, Food & Drink, /Attraction_Review-g635878-d9946415-Reviews-L_Orcio_a_Ca_di_Pesa_srl-Panzano_in_Chianti_Greve_in_Chianti_Tuscany.html, /Attractions-g580240-Activities-Greve_in_Chianti_Tuscany.html
Vignamaggio, 4.5, Food & Drink, /Attraction_Review-g580240-d195893-Reviews-Vignamaggio-Greve_in_Chianti_Tuscany.html, /Attractions-g580240-Activities-Greve_in_Chianti_Tuscany.html
Castello Vicchiomaggio, 4.5, Food & Drink, /Attraction_Review-g580240-d3843246-Reviews-Castello_Vicchiomaggio-Greve_in_Chianti_Tuscany.html, /Attractions-g580240-Activities-Greve_in_Chianti_Tuscany.html
Fattoria Montagliari, 4.5, Food & Drink, /Attraction_Review-g580240-d1601584-Reviews-Fattoria_Montagliari-Greve_in_Chianti_Tuscany.html, /Attractions-g580240-Activities-Greve_in_Chianti_Tuscany.html
Querciabella, 5.0, Food & Drink, /Attraction_Review-g580240-d7256822-Reviews-Querciabella-Greve_in_Chianti_Tuscany.html, /Attractions-g580240-Activities-Greve_in_Chianti_Tuscany.html
Carpineto, 4.5, Food & Drink, /Attraction_Review-g580240-d5018007-Reviews-Carpineto-Greve_in_Chianti_Tuscany.html, /Attractions-g580240-Activities-Greve_in_Chianti_Tuscany.html
Savignola Paolina, 5.0, Food & Drink, /Attraction_Review-g580240-d15222030-Reviews-Savignola_Paolina-Greve_in_Chianti_Tuscany.html, /Attractions-g580240-Activities-Greve_in_Chianti_Tuscany.html
Museo del Vino, 4.0, Museums, /Attraction_Review-g580240-d5111929-Reviews-Museo_del_Vino-Greve_in_Chianti_Tuscany.html, /Attractions-g580240-Activities-Greve_in_Chianti_Tuscany.html
Castello di Querceto, 4.5, Food & Drink, /Attraction_Review-g580240-d6536706-Reviews-Castello_di_Querceto-Greve_in_Chianti_Tuscany.html, /Attractions-g580240-Activities-Greve_in_Chianti_Tuscany.html
Azienda Agricola Il Palagio di Panzano, 5.0, Food & Drink, /Attraction_Review-g635878-d4545003-Reviews-Azienda_Agricola_Il_Palagio_di_Panzano-Panzano_in_Chianti_Greve_in_Chianti_Tuscan.html, /Attractions-g580240-Activities-Greve_in_Chianti_Tuscany.html
Monumento al Navigatore Giovanni da Verrazzano, 4.0, Sights & Landmarks, /Attraction_Review-g580240-d12948716-Reviews-Monumento_al_Navigatore_Giovanni_da_Verrazzano-Greve_in_Chianti_Tuscany.html, /Attractions-g580240-Activities-Greve_in_Chianti_Tuscany.html
Montecalvi Winery, 5.0, Food & Drink, /Attraction_Review-g580240-d8587201-Reviews-Montecalvi_Winery-Greve_in_Chianti_Tuscany.html, /Attractions-g580240-Activities-Greve_in_Chianti_Tuscany.html
Il Molino di Grace Winery, 4.5, Food & Drink, /Attraction_Review-g635878-d2345954-Reviews-Il_Molino_di_Grace_Winery-Panzano_in_Chianti_Greve_in_Chianti_Tuscany.html, /Attractions-g580240-Activities-Greve_in_Chianti_Tuscany.html
Basilica di Santa Croce, 4.0, Sights & Landmarks, /Attraction_Review-g580240-d12948610-Reviews-Basilica_di_Santa_Croce-Greve_in_Chianti_Tuscany.html, /Attractions-g580240-Activities-Greve_in_Chianti_Tuscany.html
Borgo Murato di Montefioralle, 4.0, Sights & Landmarks, /Attraction_Review-g580240-d12080698-Reviews-Borgo_Murato_di_Montefioralle-Greve_in_Chianti_Tuscany.html, /Attractions-g580240-Activities-Greve_in_Chianti_Tuscany.html
Podere Poggio Scalette, 5.0, Food & Drink, /Attraction_Review-g580240-d11662173-Reviews-Podere_Poggio_Scalette-Greve_in_Chianti_Tuscany.html, /Attractions-g580240-Activities-Greve_in_Chianti_Tuscany.html
Azienda Agricola Podere Somigli, 5.0, Food & Drink, /Attraction_Review-g580240-d12937896-Reviews-Azienda_Agricola_Podere_Somigli-Greve_in_Chianti_Tuscany.html, /Attractions-g580240-Activities-Greve_in_Chianti_Tuscany.html
Pastificio Artigianale Fabbri - Il Museo della Pasta, 4.5, Museums, /Attraction_Review-g1425800-d9820640-Reviews-Pastificio_Artigianale_Fabbri_Il_Museo_della_Pasta-Strada_in_Chianti_Greve_in_Ch.html, /Attractions-g580240-Activities-Greve_in_Chianti_Tuscany.html
Castello di Uzzano, 4.5, Food & Drink, /Attraction_Review-g580240-d195444-Reviews-Castello_di_Uzzano-Greve_in_Chianti_Tuscany.html, /Attractions-g580240-Activities-Greve_in_Chianti_Tuscany.html
Chiesa Di Santo Stefano A Montefioralle, 4.5, Sights & Landmarks, /Attraction_Review-g580240-d8288991-Reviews-Chiesa_Di_Santo_Stefano_A_Montefioralle-Greve_in_Chianti_Tuscany.html, /Attractions-g580240-Activities-Greve_in_Chianti_Tuscany.html
