attraction_name, attraction_rate, attraction_type, attraction_url, attraction_parent_url
Cascate del Pisciatore, 4.0, Nature & Parks, /Attraction_Review-g1566582-d8457716-Reviews-Cascate_del_Pisciatore-Castelsantangelo_sul_Nera_Province_of_Macerata_Marche.html, /Attractions-g1566582-Activities-Castelsantangelo_sul_Nera_Province_of_Macerata_Marche.html
Chiesa di San Sebastiano, 4.0, Sights & Landmarks, /Attraction_Review-g1566582-d8800090-Reviews-Chiesa_di_San_Sebastiano-Castelsantangelo_sul_Nera_Province_of_Macerata_Marche.html, /Attractions-g1566582-Activities-Castelsantangelo_sul_Nera_Province_of_Macerata_Marche.html
Chiesa di Santo Stefano, 3.0, Sights & Landmarks, /Attraction_Review-g1566582-d10820046-Reviews-Chiesa_di_Santo_Stefano-Castelsantangelo_sul_Nera_Province_of_Macerata_Marche.html, /Attractions-g1566582-Activities-Castelsantangelo_sul_Nera_Province_of_Macerata_Marche.html
Chiesa di Santa Maria Castellare, 3.0, Sights & Landmarks, /Attraction_Review-g1566582-d10820037-Reviews-Chiesa_di_Santa_Maria_Castellare-Castelsantangelo_sul_Nera_Province_of_Macerata.html, /Attractions-g1566582-Activities-Castelsantangelo_sul_Nera_Province_of_Macerata_Marche.html
Chiesa di Santa Maria del Domo, 3.0, Sights & Landmarks, /Attraction_Review-g1566582-d10820287-Reviews-Chiesa_di_Santa_Maria_del_Domo-Castelsantangelo_sul_Nera_Province_of_Macerata_M.html, /Attractions-g1566582-Activities-Castelsantangelo_sul_Nera_Province_of_Macerata_Marche.html
Monastero di San Liberatore (XII°sec.), 3.0, Sights & Landmarks, /Attraction_Review-g1566582-d10820079-Reviews-Monastero_di_San_Liberatore_XII_sec-Castelsantangelo_sul_Nera_Province_of_Macer.html, /Attractions-g1566582-Activities-Castelsantangelo_sul_Nera_Province_of_Macerata_Marche.html
Chiesa di San Martino, 3.0, Sights & Landmarks, /Attraction_Review-g1566582-d10820005-Reviews-Chiesa_di_San_Martino-Castelsantangelo_sul_Nera_Province_of_Macerata_Marche.html, /Attractions-g1566582-Activities-Castelsantangelo_sul_Nera_Province_of_Macerata_Marche.html
Ecomuseo del Cervo, None, Museums, /Attraction_Review-g1566582-d10818747-Reviews-Ecomuseo_del_Cervo-Castelsantangelo_sul_Nera_Province_of_Macerata_Marche.html, /Attractions-g1566582-Activities-Castelsantangelo_sul_Nera_Province_of_Macerata_Marche.html
Il Castello, None, Sights & Landmarks, /Attraction_Review-g1566582-d13436621-Reviews-Il_Castello-Castelsantangelo_sul_Nera_Province_of_Macerata_Marche.html, /Attractions-g1566582-Activities-Castelsantangelo_sul_Nera_Province_of_Macerata_Marche.html
