attraction_name, attraction_rate, attraction_type, attraction_url, attraction_parent_url
Chiesa di San Vigilio, 4.5, Sights & Landmarks, /Attraction_Review-g1918972-d12563534-Reviews-Chiesa_di_San_Vigilio-Spiazzo_Province_of_Trento_Trentino_Alto_Adige.html, /Attractions-g1918972-Activities-Spiazzo_Province_of_Trento_Trentino_Alto_Adige.html
Piscina Comunale, 3.5, Fun & Games, /Attraction_Review-g1918972-d4801811-Reviews-Piscina_Comunale-Spiazzo_Province_of_Trento_Trentino_Alto_Adige.html, /Attractions-g1918972-Activities-Spiazzo_Province_of_Trento_Trentino_Alto_Adige.html
Casa del Parco Acqua Life, 3.5, Nature & Parks, /Attraction_Review-g1918972-d6962218-Reviews-Casa_del_Parco_Acqua_Life-Spiazzo_Province_of_Trento_Trentino_Alto_Adige.html, /Attractions-g1918972-Activities-Spiazzo_Province_of_Trento_Trentino_Alto_Adige.html
Museo della Grande Guerra Bianca Adamellina, 4.0, Museums, /Attraction_Review-g1918972-d5866820-Reviews-Museo_della_Grande_Guerra_Bianca_Adamellina-Spiazzo_Province_of_Trento_Trentino_.html, /Attractions-g1918972-Activities-Spiazzo_Province_of_Trento_Trentino_Alto_Adige.html
Chiesa di Sant'Antonio Abate, 4.0, Sights & Landmarks, /Attraction_Review-g1918972-d10826143-Reviews-Chiesa_di_Sant_Antonio_Abate-Spiazzo_Province_of_Trento_Trentino_Alto_Adige.html, /Attractions-g1918972-Activities-Spiazzo_Province_of_Trento_Trentino_Alto_Adige.html
Brenta Salumi, 5.0, Shopping, /Attraction_Review-g1918972-d19504191-Reviews-Brenta_Salumi-Spiazzo_Province_of_Trento_Trentino_Alto_Adige.html, /Attractions-g1918972-Activities-Spiazzo_Province_of_Trento_Trentino_Alto_Adige.html
Centro Glaciologico 'Julius Payer', None, Museums, /Attraction_Review-g1918972-d19493541-Reviews-Centro_Glaciologico_Julius_Payer-Spiazzo_Province_of_Trento_Trentino_Alto_Adige.html, /Attractions-g1918972-Activities-Spiazzo_Province_of_Trento_Trentino_Alto_Adige.html
Distilleria Genziana Giovanni Boroni, None, Food & Drink, /Attraction_Review-g1918972-d19493537-Reviews-Distilleria_Genziana_Giovanni_Boroni-Spiazzo_Province_of_Trento_Trentino_Alto_A.html, /Attractions-g1918972-Activities-Spiazzo_Province_of_Trento_Trentino_Alto_Adige.html
Cort da Togno, None, Sights & Landmarks, /Attraction_Review-g1918972-d19493452-Reviews-Cort_da_Togno-Spiazzo_Province_of_Trento_Trentino_Alto_Adige.html, /Attractions-g1918972-Activities-Spiazzo_Province_of_Trento_Trentino_Alto_Adige.html
