attraction_name, attraction_rate, attraction_type, attraction_url, attraction_parent_url
Fontana di Piazza Medaglie d'Oro, 2.5, Sights & Landmarks, /Attraction_Review-g1423556-d3213155-Reviews-Fontana_di_Piazza_Medaglie_d_Oro-Capua_Province_of_Caserta_Campania.html, /Attractions-g1423556-Activities-Capua_Province_of_Caserta_Campania.html
Fontana del Nettuno, 3.5, Sights & Landmarks, /Attraction_Review-g1423556-d3213162-Reviews-Fontana_del_Nettuno-Capua_Province_of_Caserta_Campania.html, /Attractions-g1423556-Activities-Capua_Province_of_Caserta_Campania.html
Chiesa della SS. Concezione, 3.5, Sights & Landmarks, /Attraction_Review-g1423556-d10070121-Reviews-Chiesa_della_SS_Concezione-Capua_Province_of_Caserta_Campania.html, /Attractions-g1423556-Activities-Capua_Province_of_Caserta_Campania.html
Museo Diocesano di Capua, 3.0, Museums, /Attraction_Review-g1423556-d10067159-Reviews-Museo_Diocesano_di_Capua-Capua_Province_of_Caserta_Campania.html, /Attractions-g1423556-Activities-Capua_Province_of_Caserta_Campania.html
Chiesa di Montevergine, 2.5, Sights & Landmarks, /Attraction_Review-g1423556-d10070655-Reviews-Chiesa_di_Montevergine-Capua_Province_of_Caserta_Campania.html, /Attractions-g1423556-Activities-Capua_Province_of_Caserta_Campania.html
Ruderi della Chiesa di San Leucio, 1.5, Sights & Landmarks, /Attraction_Review-g1423556-d10070431-Reviews-Ruderi_della_Chiesa_di_San_Leucio-Capua_Province_of_Caserta_Campania.html, /Attractions-g1423556-Activities-Capua_Province_of_Caserta_Campania.html
Polveriera Meridionale, 1.0, Sights & Landmarks, /Attraction_Review-g1423556-d10069854-Reviews-Polveriera_Meridionale-Capua_Province_of_Caserta_Campania.html, /Attractions-g1423556-Activities-Capua_Province_of_Caserta_Campania.html
Biblioteca Arcivescovile di Capua, None, Traveller Resources, /Attraction_Review-g1423556-d11918766-Reviews-Biblioteca_Arcivescovile_di_Capua-Capua_Province_of_Caserta_Campania.html, /Attractions-g1423556-Activities-Capua_Province_of_Caserta_Campania.html
Ufficio di Promozione Turistica e Culturale del Comune di Capua, None, Traveller Resources, /Attraction_Review-g1423556-d12672287-Reviews-Ufficio_di_Promozione_Turistica_e_Culturale_del_Comune_di_Capua-Capua_Province_.html, /Attractions-g1423556-Activities-Capua_Province_of_Caserta_Campania.html
Ciclovia del Volturno, None, Nature & Parks, /Attraction_Review-g1423556-d16695810-Reviews-Ciclovia_del_Volturno-Capua_Province_of_Caserta_Campania.html, /Attractions-g1423556-Activities-Capua_Province_of_Caserta_Campania.html
Statua di Roberto Bellarmino, None, Sights & Landmarks, /Attraction_Review-g1423556-d21138467-Reviews-Statua_di_Roberto_Bellarmino-Capua_Province_of_Caserta_Campania.html, /Attractions-g1423556-Activities-Capua_Province_of_Caserta_Campania.html
