attraction_name, attraction_rate, attraction_type, attraction_url, attraction_parent_url
Chiesa di Ognissanti, 4.5, Sights & Landmarks, /Attraction_Review-g187870-d11947788-Reviews-Chiesa_di_Ognissanti-Venice_Veneto.html, /Attractions-g187870-Activities-Venice_Veneto.html
Bookshop Damocle Edizioni, 4.5, Sights & Landmarks, /Attraction_Review-g187870-d6861338-Reviews-Bookshop_Damocle_Edizioni-Venice_Veneto.html, /Attractions-g187870-Activities-Venice_Veneto.html
Tomba di Peggy Guggenheim, 3.5, Sights & Landmarks, /Attraction_Review-g187870-d12145200-Reviews-Tomba_di_Peggy_Guggenheim-Venice_Veneto.html, /Attractions-g187870-Activities-Venice_Veneto.html
Rio Tera' dei Assassini, 3.5, Sights & Landmarks, /Attraction_Review-g187870-d12484554-Reviews-Rio_Tera_dei_Assassini-Venice_Veneto.html, /Attractions-g187870-Activities-Venice_Veneto.html
Domino Arte, 4.5, Museums, /Attraction_Review-g187870-d7824701-Reviews-Domino_Arte-Venice_Veneto.html, /Attractions-g187870-Activities-Venice_Veneto.html
Palazzo Albrizzi, 4.5, Sights & Landmarks, /Attraction_Review-g187870-d11970475-Reviews-Palazzo_Albrizzi-Venice_Veneto.html, /Attractions-g187870-Activities-Venice_Veneto.html
Fondamenta Cannaregio, 4.5, Sights & Landmarks, /Attraction_Review-g187870-d17528366-Reviews-Fondamenta_Cannaregio-Venice_Veneto.html, /Attractions-g187870-Activities-Venice_Veneto.html
Fondamenta Del Gaffaro, 3.5, Sights & Landmarks, /Attraction_Review-g187870-d12484783-Reviews-Fondamenta_Del_Gaffaro-Venice_Veneto.html, /Attractions-g187870-Activities-Venice_Veneto.html
Segni nel Tempo antiquarian bookshop, 5.0, Museums, /Attraction_Review-g187870-d7614337-Reviews-Segni_nel_Tempo_antiquarian_bookshop-Venice_Veneto.html, /Attractions-g187870-Activities-Venice_Veneto.html
Scuola San Fantin (Ateneo Veneto), 4.0, Sights & Landmarks, /Attraction_Review-g187870-d11978450-Reviews-Scuola_San_Fantin_Ateneo_Veneto-Venice_Veneto.html, /Attractions-g187870-Activities-Venice_Veneto.html
Palazzo Soranzo Cappello, 4.0, Sights & Landmarks, /Attraction_Review-g187870-d11871919-Reviews-Palazzo_Soranzo_Cappello-Venice_Veneto.html, /Attractions-g187870-Activities-Venice_Veneto.html
Chiesa di Sant'Agnese, 3.5, Sights & Landmarks, /Attraction_Review-g187870-d12176506-Reviews-Chiesa_di_Sant_Agnese-Venice_Veneto.html, /Attractions-g187870-Activities-Venice_Veneto.html
Palazzo Vitturi, 5.0, Sights & Landmarks, /Attraction_Review-g187870-d12723143-Reviews-Palazzo_Vitturi-Venice_Veneto.html, /Attractions-g187870-Activities-Venice_Veneto.html
Fondamenta Venier Savorgnan, 4.0, Sights & Landmarks, /Attraction_Review-g187870-d10307128-Reviews-Fondamenta_Venier_Savorgnan-Venice_Veneto.html, /Attractions-g187870-Activities-Venice_Veneto.html
TIM Future Centre, 3.5, Sights & Landmarks, /Attraction_Review-g187870-d606418-Reviews-TIM_Future_Centre-Venice_Veneto.html, /Attractions-g187870-Activities-Venice_Veneto.html
Ponte dei Tre Ponti, 4.5, Sights & Landmarks, /Attraction_Review-g187870-d15647579-Reviews-Ponte_dei_Tre_Ponti-Venice_Veneto.html, /Attractions-g187870-Activities-Venice_Veneto.html
Lo Squero, 4.5, Concerts & Shows, /Attraction_Review-g187870-d15696151-Reviews-Lo_Squero-Venice_Veneto.html, /Attractions-g187870-Activities-Venice_Veneto.html
Ponte Sant’Antonin, 4.5, Sights & Landmarks, /Attraction_Review-g187870-d12987848-Reviews-Ponte_Sant_Antonin-Venice_Veneto.html, /Attractions-g187870-Activities-Venice_Veneto.html
L'Ultimo Treno, 4.5, Sights & Landmarks, /Attraction_Review-g187870-d12456424-Reviews-L_Ultimo_Treno-Venice_Veneto.html, /Attractions-g187870-Activities-Venice_Veneto.html
Brunetti Commisario Dachterasse, 3.5, Sights & Landmarks, /Attraction_Review-g187870-d12626246-Reviews-Brunetti_Commisario_Dachterasse-Venice_Veneto.html, /Attractions-g187870-Activities-Venice_Veneto.html
Palazzo Belloni Battagia, 4.0, Sights & Landmarks, /Attraction_Review-g187870-d11871921-Reviews-Palazzo_Belloni_Battagia-Venice_Veneto.html, /Attractions-g187870-Activities-Venice_Veneto.html
Canale di Cannaregio, 4.0, Nature & Parks, /Attraction_Review-g187870-d12945428-Reviews-Canale_di_Cannaregio-Venice_Veneto.html, /Attractions-g187870-Activities-Venice_Veneto.html
Rio Del Greci, 3.5, Nature & Parks, /Attraction_Review-g187870-d12415483-Reviews-Rio_Del_Greci-Venice_Veneto.html, /Attractions-g187870-Activities-Venice_Veneto.html
Palazzo Fondazione Masieri, 5.0, Sights & Landmarks, /Attraction_Review-g187870-d12428905-Reviews-Palazzo_Fondazione_Masieri-Venice_Veneto.html, /Attractions-g187870-Activities-Venice_Veneto.html
Wilmotte Foundation Gallery, 4.0, Museums, /Attraction_Review-g187870-d12078665-Reviews-Wilmotte_Foundation_Gallery-Venice_Veneto.html, /Attractions-g187870-Activities-Venice_Veneto.html
Casa di Elton John, 5.0, Sights & Landmarks, /Attraction_Review-g187870-d12498726-Reviews-Casa_di_Elton_John-Venice_Veneto.html, /Attractions-g187870-Activities-Venice_Veneto.html
Scalone dei Giganti di Cà Sagredo, 4.5, Sights & Landmarks, /Attraction_Review-g187870-d10280019-Reviews-Scalone_dei_Giganti_di_Ca_Sagredo-Venice_Veneto.html, /Attractions-g187870-Activities-Venice_Veneto.html
Teatro Verde, 5.0, Concerts & Shows, /Attraction_Review-g187870-d2054675-Reviews-Teatro_Verde-Venice_Veneto.html, /Attractions-g187870-Activities-Venice_Veneto.html
Chiesa di San Toma, 3.5, Sights & Landmarks, /Attraction_Review-g187870-d8357998-Reviews-Chiesa_di_San_Toma-Venice_Veneto.html, /Attractions-g187870-Activities-Venice_Veneto.html
Bressanello Artstudio, 5.0, Museums, /Attraction_Review-g187870-d13368298-Reviews-Bressanello_Artstudio-Venice_Veneto.html, /Attractions-g187870-Activities-Venice_Veneto.html
