attraction_name, attraction_rate, attraction_type, attraction_url, attraction_parent_url
Chiesa San Francesco, 4.5, Sights & Landmarks, /Attraction_Review-g1632619-d10059486-Reviews-Chiesa_San_Francesco-Monte_Terminillo_Province_of_Rieti_Lazio.html, /Attractions-g1632619-Activities-Monte_Terminillo_Province_of_Rieti_Lazio.html
Piste da Fondo Cinque Confini, 4.5, Nature & Parks, /Attraction_Review-g1632619-d3806137-Reviews-Piste_da_Fondo_Cinque_Confini-Monte_Terminillo_Province_of_Rieti_Lazio.html, /Attractions-g1632619-Activities-Monte_Terminillo_Province_of_Rieti_Lazio.html
Sentiero Planetario, 4.0, Nature & Parks, /Attraction_Review-g1632619-d12502231-Reviews-Sentiero_Planetario-Monte_Terminillo_Province_of_Rieti_Lazio.html, /Attractions-g1632619-Activities-Monte_Terminillo_Province_of_Rieti_Lazio.html
Squirrels Park, 4.5, Tours, /Attraction_Review-g1632619-d8790901-Reviews-Squirrels_Park-Monte_Terminillo_Province_of_Rieti_Lazio.html, /Attractions-g1632619-Activities-Monte_Terminillo_Province_of_Rieti_Lazio.html
Hotel Cristallo Terminillo Wellness Center, 3.5, Spas & Wellness, /Attraction_Review-g1632619-d6117069-Reviews-Hotel_Cristallo_Terminillo_Wellness_Center-Monte_Terminillo_Province_of_Rieti_La.html, /Attractions-g1632619-Activities-Monte_Terminillo_Province_of_Rieti_Lazio.html
Terminillo Trekking 360, 2.0, Tours, /Attraction_Review-g1632619-d18957834-Reviews-Terminillo_Trekking_360-Monte_Terminillo_Province_of_Rieti_Lazio.html, /Attractions-g1632619-Activities-Monte_Terminillo_Province_of_Rieti_Lazio.html
