attraction_name, attraction_rate, attraction_type, attraction_url, attraction_parent_url
Museo La Reggia dei Volsci, 5.0, Museums, /Attraction_Review-g2013445-d16721426-Reviews-Museo_La_Reggia_dei_Volsci-Carpineto_Romano_Province_of_Rome_Lazio.html, /Attractions-g2013445-Activities-Carpineto_Romano_Province_of_Rome_Lazio.html
'Bar Grotta Azzurra Gelateria Artigianale', 3.5, Nightlife, /Attraction_Review-g2013445-d5931148-Reviews-Bar_Grotta_Azzurra_Gelateria_Artigianale-Carpineto_Romano_Province_of_Rome_Lazio.html, /Attractions-g2013445-Activities-Carpineto_Romano_Province_of_Rome_Lazio.html
Chiesa di Sant'Agostino, None, Sights & Landmarks, /Attraction_Review-g2013445-d16721427-Reviews-Chiesa_di_Sant_Agostino-Carpineto_Romano_Province_of_Rome_Lazio.html, /Attractions-g2013445-Activities-Carpineto_Romano_Province_of_Rome_Lazio.html
Chiesa di San Pietro Apostolo, None, Sights & Landmarks, /Attraction_Review-g2013445-d16721429-Reviews-Chiesa_di_San_Pietro_Apostolo-Carpineto_Romano_Province_of_Rome_Lazio.html, /Attractions-g2013445-Activities-Carpineto_Romano_Province_of_Rome_Lazio.html
Chiesa di San Leone Magno, None, Sights & Landmarks, /Attraction_Review-g2013445-d16721430-Reviews-Chiesa_di_San_Leone_Magno-Carpineto_Romano_Province_of_Rome_Lazio.html, /Attractions-g2013445-Activities-Carpineto_Romano_Province_of_Rome_Lazio.html
Palazzo Pecci, None, Sights & Landmarks, /Attraction_Review-g2013445-d16721431-Reviews-Palazzo_Pecci-Carpineto_Romano_Province_of_Rome_Lazio.html, /Attractions-g2013445-Activities-Carpineto_Romano_Province_of_Rome_Lazio.html
Monastero del Carmelo Sant'Anna, None, Sights & Landmarks, /Attraction_Review-g2013445-d16721432-Reviews-Monastero_del_Carmelo_Sant_Anna-Carpineto_Romano_Province_of_Rome_Lazio.html, /Attractions-g2013445-Activities-Carpineto_Romano_Province_of_Rome_Lazio.html
