attraction_name, attraction_rate, attraction_type, attraction_url, attraction_parent_url
Campomarino di Maruggio, 4.5, Nature & Parks, /Attraction_Review-g1744422-d4751198-Reviews-Campomarino_di_Maruggio-Maruggio_Province_of_Taranto_Puglia.html, /Attractions-g1744422-Activities-Maruggio_Province_of_Taranto_Puglia.html
Spiaggia di Monaco Mirante, 4.5, Sights & Landmarks, /Attraction_Review-g1744422-d4922836-Reviews-Spiaggia_di_Monaco_Mirante-Maruggio_Province_of_Taranto_Puglia.html, /Attractions-g1744422-Activities-Maruggio_Province_of_Taranto_Puglia.html
Spiaggia D'Ayala, 4.5, Nature & Parks, /Attraction_Review-g1744422-d2540520-Reviews-Spiaggia_D_Ayala-Maruggio_Province_of_Taranto_Puglia.html, /Attractions-g1744422-Activities-Maruggio_Province_of_Taranto_Puglia.html
Dune di Campomarino, 5.0, Nature & Parks, /Attraction_Review-g1744422-d6561489-Reviews-Dune_di_Campomarino-Maruggio_Province_of_Taranto_Puglia.html, /Attractions-g1744422-Activities-Maruggio_Province_of_Taranto_Puglia.html
Tayga Beach, 3.0, Nature & Parks, /Attraction_Review-g2301630-d10834194-Reviews-Tayga_Beach-Campomarino_Maruggio_Province_of_Taranto_Puglia.html, /Attractions-g1744422-Activities-Maruggio_Province_of_Taranto_Puglia.html
Centro Storico di Maruggio, 4.5, Sights & Landmarks, /Attraction_Review-g1744422-d4600487-Reviews-Centro_Storico_di_Maruggio-Maruggio_Province_of_Taranto_Puglia.html, /Attractions-g1744422-Activities-Maruggio_Province_of_Taranto_Puglia.html
Spiaggia Giannarelli, 4.5, Sights & Landmarks, /Attraction_Review-g1744422-d4922837-Reviews-Spiaggia_Giannarelli-Maruggio_Province_of_Taranto_Puglia.html, /Attractions-g1744422-Activities-Maruggio_Province_of_Taranto_Puglia.html
Chiesa Matrice, 5.0, Sights & Landmarks, /Attraction_Review-g1744422-d2537943-Reviews-Chiesa_Matrice-Maruggio_Province_of_Taranto_Puglia.html, /Attractions-g1744422-Activities-Maruggio_Province_of_Taranto_Puglia.html
Masseria Maviglia, 4.5, Sights & Landmarks, /Attraction_Review-g1744422-d6731042-Reviews-Masseria_Maviglia-Maruggio_Province_of_Taranto_Puglia.html, /Attractions-g1744422-Activities-Maruggio_Province_of_Taranto_Puglia.html
Spiaggia della Madonnina, 4.0, Nature & Parks, /Attraction_Review-g1744422-d6418215-Reviews-Spiaggia_della_Madonnina-Maruggio_Province_of_Taranto_Puglia.html, /Attractions-g1744422-Activities-Maruggio_Province_of_Taranto_Puglia.html
Torre dell'Ovo, 4.0, Sights & Landmarks, /Attraction_Review-g1744422-d10331044-Reviews-Torre_dell_Ovo-Maruggio_Province_of_Taranto_Puglia.html, /Attractions-g1744422-Activities-Maruggio_Province_of_Taranto_Puglia.html
Foresta Fossile di Torre Ovo, 4.0, Nature & Parks, /Attraction_Review-g1744422-d7189477-Reviews-Foresta_Fossile_di_Torre_Ovo-Maruggio_Province_of_Taranto_Puglia.html, /Attractions-g1744422-Activities-Maruggio_Province_of_Taranto_Puglia.html
Enoteche di Puglia, 4.5, Food & Drink, /Attraction_Review-g1744422-d3224455-Reviews-Enoteche_di_Puglia-Maruggio_Province_of_Taranto_Puglia.html, /Attractions-g1744422-Activities-Maruggio_Province_of_Taranto_Puglia.html
Villa Montoto, 3.5, Sights & Landmarks, /Attraction_Review-g1744422-d6731037-Reviews-Villa_Montoto-Maruggio_Province_of_Taranto_Puglia.html, /Attractions-g1744422-Activities-Maruggio_Province_of_Taranto_Puglia.html
Torre de' Molini, 4.0, Sights & Landmarks, /Attraction_Review-g1744422-d10331021-Reviews-Torre_de_Molini-Maruggio_Province_of_Taranto_Puglia.html, /Attractions-g1744422-Activities-Maruggio_Province_of_Taranto_Puglia.html
Palazzo dei Commendatori, 4.0, Sights & Landmarks, /Attraction_Review-g1744422-d4922854-Reviews-Palazzo_dei_Commendatori-Maruggio_Province_of_Taranto_Puglia.html, /Attractions-g1744422-Activities-Maruggio_Province_of_Taranto_Puglia.html
Ciclo di Affreschi del Chiostro degli Osservanti, 4.5, Sights & Landmarks, /Attraction_Review-g1744422-d4600492-Reviews-Ciclo_di_Affreschi_del_Chiostro_degli_Osservanti-Maruggio_Province_of_Taranto_Pu.html, /Attractions-g1744422-Activities-Maruggio_Province_of_Taranto_Puglia.html
Palazzo Caniglia, 4.0, Sights & Landmarks, /Attraction_Review-g1744422-d6561494-Reviews-Palazzo_Caniglia-Maruggio_Province_of_Taranto_Puglia.html, /Attractions-g1744422-Activities-Maruggio_Province_of_Taranto_Puglia.html
Convento degli Osservanti, 5.0, Sights & Landmarks, /Attraction_Review-g1744422-d4922843-Reviews-Convento_degli_Osservanti-Maruggio_Province_of_Taranto_Puglia.html, /Attractions-g1744422-Activities-Maruggio_Province_of_Taranto_Puglia.html
Bosco della Correggia, 4.0, Nature & Parks, /Attraction_Review-g1744422-d9974866-Reviews-Bosco_della_Correggia-Maruggio_Province_of_Taranto_Puglia.html, /Attractions-g1744422-Activities-Maruggio_Province_of_Taranto_Puglia.html
Torre dell'Orologio, 4.0, Sights & Landmarks, /Attraction_Review-g1744422-d4922849-Reviews-Torre_dell_Orologio-Maruggio_Province_of_Taranto_Puglia.html, /Attractions-g1744422-Activities-Maruggio_Province_of_Taranto_Puglia.html
Chiesa della Madonna del Verde, 3.0, Sights & Landmarks, /Attraction_Review-g1744422-d6438708-Reviews-Chiesa_della_Madonna_del_Verde-Maruggio_Province_of_Taranto_Puglia.html, /Attractions-g1744422-Activities-Maruggio_Province_of_Taranto_Puglia.html
Chiese dell'Annunziata e Sant'Eligio, 4.0, Sights & Landmarks, /Attraction_Review-g1744422-d4922847-Reviews-Chiese_dell_Annunziata_e_Sant_Eligio-Maruggio_Province_of_Taranto_Puglia.html, /Attractions-g1744422-Activities-Maruggio_Province_of_Taranto_Puglia.html
Cappella della Divina Misericordia, 4.5, Sights & Landmarks, /Attraction_Review-g1744422-d10151191-Reviews-Cappella_della_Divina_Misericordia-Maruggio_Province_of_Taranto_Puglia.html, /Attractions-g1744422-Activities-Maruggio_Province_of_Taranto_Puglia.html
Cappella dello Spirito Santo, 3.0, Sights & Landmarks, /Attraction_Review-g1744422-d6686092-Reviews-Cappella_dello_Spirito_Santo-Maruggio_Province_of_Taranto_Puglia.html, /Attractions-g1744422-Activities-Maruggio_Province_of_Taranto_Puglia.html
Casa Canonica (ex Palazzo Massari - Tarentini), 4.0, Sights & Landmarks, /Attraction_Review-g1744422-d6561390-Reviews-Casa_Canonica_ex_Palazzo_Massari_Tarentini-Maruggio_Province_of_Taranto_Puglia.html, /Attractions-g1744422-Activities-Maruggio_Province_of_Taranto_Puglia.html
Spiaggia di Acquadolce Cirenaica, 5.0, Outdoor Activities, /Attraction_Review-g1744422-d6418214-Reviews-Spiaggia_di_Acquadolce_Cirenaica-Maruggio_Province_of_Taranto_Puglia.html, /Attractions-g1744422-Activities-Maruggio_Province_of_Taranto_Puglia.html
Spiaggia della Commenda, 4.5, Outdoor Activities, /Attraction_Review-g1744422-d6418218-Reviews-Spiaggia_della_Commenda-Maruggio_Province_of_Taranto_Puglia.html, /Attractions-g1744422-Activities-Maruggio_Province_of_Taranto_Puglia.html
Azienda Agricola Olivaro, 4.0, Shopping, /Attraction_Review-g1744422-d10532153-Reviews-Azienda_Agricola_Olivaro-Maruggio_Province_of_Taranto_Puglia.html, /Attractions-g1744422-Activities-Maruggio_Province_of_Taranto_Puglia.html
Minigolf La Buca, 4.0, Fun & Games, /Attraction_Review-g2301630-d7785339-Reviews-Minigolf_La_Buca-Campomarino_Maruggio_Province_of_Taranto_Puglia.html, /Attractions-g1744422-Activities-Maruggio_Province_of_Taranto_Puglia.html
