attraction_name, attraction_rate, attraction_type, attraction_url, attraction_parent_url
Castello Aragonese, 5.0, Sights & Landmarks, /Attraction_Review-g187878-d1535183-Reviews-Castello_Aragonese-Taranto_Province_of_Taranto_Puglia.html, /Attractions-g187878-Activities-Taranto_Province_of_Taranto_Puglia.html
Jonian Dolphin Conservation, 5.0, Nature & Parks, /Attraction_Review-g187878-d4546694-Reviews-Jonian_Dolphin_Conservation-Taranto_Province_of_Taranto_Puglia.html, /Attractions-g187878-Activities-Taranto_Province_of_Taranto_Puglia.html
Museo Nazionale Archeologico, 4.5, Museums, /Attraction_Review-g187878-d2319948-Reviews-Museo_Nazionale_Archeologico-Taranto_Province_of_Taranto_Puglia.html, /Attractions-g187878-Activities-Taranto_Province_of_Taranto_Puglia.html
Ponte Girevole, 4.5, Sights & Landmarks, /Attraction_Review-g187878-d3217051-Reviews-Ponte_Girevole-Taranto_Province_of_Taranto_Puglia.html, /Attractions-g187878-Activities-Taranto_Province_of_Taranto_Puglia.html
Spartan Museum of Taranto - Hypogeum Bellacicco, 4.5, Museums, /Attraction_Review-g187878-d7211962-Reviews-Spartan_Museum_of_Taranto_Hypogeum_Bellacicco-Taranto_Province_of_Taranto_Puglia.html, /Attractions-g187878-Activities-Taranto_Province_of_Taranto_Puglia.html
Taranto Catherdral - Duomo of San Cataldo, 4.5, Sights & Landmarks, /Attraction_Review-g187878-d4371259-Reviews-Taranto_Catherdral_Duomo_of_San_Cataldo-Taranto_Province_of_Taranto_Puglia.html, /Attractions-g187878-Activities-Taranto_Province_of_Taranto_Puglia.html
Lido Ultima Spiaggia, 4.0, Nature & Parks, /Attraction_Review-g12875544-d12869704-Reviews-Lido_Ultima_Spiaggia-Torretta_Mare_Taranto_Province_of_Taranto_Puglia.html, /Attractions-g187878-Activities-Taranto_Province_of_Taranto_Puglia.html
Lido Saint Bon, 3.0, Outdoor Activities, /Attraction_Review-g12058362-d15013140-Reviews-Lido_Saint_Bon-Lama_Taranto_Province_of_Taranto_Puglia.html, /Attractions-g187878-Activities-Taranto_Province_of_Taranto_Puglia.html
Lungomare Vittorio Emanuele III, 4.5, Sights & Landmarks, /Attraction_Review-g187878-d5988178-Reviews-Lungomare_Vittorio_Emanuele_III-Taranto_Province_of_Taranto_Puglia.html, /Attractions-g187878-Activities-Taranto_Province_of_Taranto_Puglia.html
Isole Cheradi - Isola San Pietro e San Paolo, 4.0, Nature & Parks, /Attraction_Review-g187878-d3545400-Reviews-Isole_Cheradi_Isola_San_Pietro_e_San_Paolo-Taranto_Province_of_Taranto_Puglia.html, /Attractions-g187878-Activities-Taranto_Province_of_Taranto_Puglia.html
Hops Beer Shop Taranto, 4.5, Food & Drink, /Attraction_Review-g187878-d12280101-Reviews-Hops_Beer_Shop_Taranto-Taranto_Province_of_Taranto_Puglia.html, /Attractions-g187878-Activities-Taranto_Province_of_Taranto_Puglia.html
Ponte Punta Penna Pizzone, 4.5, Sights & Landmarks, /Attraction_Review-g187878-d10342769-Reviews-Ponte_Punta_Penna_Pizzone-Taranto_Province_of_Taranto_Puglia.html, /Attractions-g187878-Activities-Taranto_Province_of_Taranto_Puglia.html
MuDi - Museo Diocesano di Arte Sacra, 5.0, Museums, /Attraction_Review-g187878-d7033993-Reviews-MuDi_Museo_Diocesano_di_Arte_Sacra-Taranto_Province_of_Taranto_Puglia.html, /Attractions-g187878-Activities-Taranto_Province_of_Taranto_Puglia.html
San Domenico Maggiore Church, 4.5, Sights & Landmarks, /Attraction_Review-g187878-d5961054-Reviews-San_Domenico_Maggiore_Church-Taranto_Province_of_Taranto_Puglia.html, /Attractions-g187878-Activities-Taranto_Province_of_Taranto_Puglia.html
Centro Storico di Taranto, 3.5, Sights & Landmarks, /Attraction_Review-g187878-d10342762-Reviews-Centro_Storico_di_Taranto-Taranto_Province_of_Taranto_Puglia.html, /Attractions-g187878-Activities-Taranto_Province_of_Taranto_Puglia.html
Mostra Storico-Artigiana dell’Arsenale Militare Marittimo, 5.0, Museums, /Attraction_Review-g187878-d6406863-Reviews-Mostra_Storico_Artigiana_dell_Arsenale_Militare_Marittimo-Taranto_Province_of_Tar.html, /Attractions-g187878-Activities-Taranto_Province_of_Taranto_Puglia.html
Chiesa del Carmine, 4.5, Sights & Landmarks, /Attraction_Review-g187878-d8602421-Reviews-Chiesa_del_Carmine-Taranto_Province_of_Taranto_Puglia.html, /Attractions-g187878-Activities-Taranto_Province_of_Taranto_Puglia.html
Piazza Ebalia, 4.0, Sights & Landmarks, /Attraction_Review-g187878-d5988177-Reviews-Piazza_Ebalia-Taranto_Province_of_Taranto_Puglia.html, /Attractions-g187878-Activities-Taranto_Province_of_Taranto_Puglia.html
Via d'Aquino, 4.0, Sights & Landmarks, /Attraction_Review-g187878-d5996900-Reviews-Via_d_Aquino-Taranto_Province_of_Taranto_Puglia.html, /Attractions-g187878-Activities-Taranto_Province_of_Taranto_Puglia.html
Parco pineta Cimino, 3.0, Sights & Landmarks, /Attraction_Review-g187878-d4165803-Reviews-Parco_pineta_Cimino-Taranto_Province_of_Taranto_Puglia.html, /Attractions-g187878-Activities-Taranto_Province_of_Taranto_Puglia.html
Palazzo Pantaleo, 4.5, Sights & Landmarks, /Attraction_Review-g187878-d6553166-Reviews-Palazzo_Pantaleo-Taranto_Province_of_Taranto_Puglia.html, /Attractions-g187878-Activities-Taranto_Province_of_Taranto_Puglia.html
Corso Due Mari, 4.5, Sights & Landmarks, /Attraction_Review-g187878-d5931878-Reviews-Corso_Due_Mari-Taranto_Province_of_Taranto_Puglia.html, /Attractions-g187878-Activities-Taranto_Province_of_Taranto_Puglia.html
Monumento al Marinaio d'Italia, 4.0, Sights & Landmarks, /Attraction_Review-g187878-d6610414-Reviews-Monumento_al_Marinaio_d_Italia-Taranto_Province_of_Taranto_Puglia.html, /Attractions-g187878-Activities-Taranto_Province_of_Taranto_Puglia.html
Spiaggia di Tramontone, 4.0, Nature & Parks, /Attraction_Review-g187878-d6405781-Reviews-Spiaggia_di_Tramontone-Taranto_Province_of_Taranto_Puglia.html, /Attractions-g187878-Activities-Taranto_Province_of_Taranto_Puglia.html
Palazzo del Governo, 4.0, Sights & Landmarks, /Attraction_Review-g187878-d6788351-Reviews-Palazzo_del_Governo-Taranto_Province_of_Taranto_Puglia.html, /Attractions-g187878-Activities-Taranto_Province_of_Taranto_Puglia.html
Chiesetta di San Francesco da Paola al Borgo, 5.0, Sights & Landmarks, /Attraction_Review-g187878-d10779730-Reviews-Chiesetta_di_San_Francesco_da_Paola_al_Borgo-Taranto_Province_of_Taranto_Puglia.html, /Attractions-g187878-Activities-Taranto_Province_of_Taranto_Puglia.html
Giardini Peripato, 3.5, Nature & Parks, /Attraction_Review-g187878-d13002069-Reviews-Giardini_Peripato-Taranto_Province_of_Taranto_Puglia.html, /Attractions-g187878-Activities-Taranto_Province_of_Taranto_Puglia.html
Centro Commerciale Porte dello Jonio, 3.5, Shopping, /Attraction_Review-g187878-d10637379-Reviews-Centro_Commerciale_Porte_dello_Jonio-Taranto_Province_of_Taranto_Puglia.html, /Attractions-g187878-Activities-Taranto_Province_of_Taranto_Puglia.html
Tempio di Poseidon, 4.0, Sights & Landmarks, /Attraction_Review-g187878-d5931882-Reviews-Tempio_di_Poseidon-Taranto_Province_of_Taranto_Puglia.html, /Attractions-g187878-Activities-Taranto_Province_of_Taranto_Puglia.html
Taranto Sotterranea, 4.0, Sights & Landmarks, /Attraction_Review-g187878-d6486946-Reviews-Taranto_Sotterranea-Taranto_Province_of_Taranto_Puglia.html, /Attractions-g187878-Activities-Taranto_Province_of_Taranto_Puglia.html
