attraction_name, attraction_rate, attraction_type, attraction_url, attraction_parent_url
Chiesa di Ronchi del Volo, 5.0, Sights & Landmarks, /Attraction_Review-g3249598-d11810032-Reviews-Chiesa_di_Ronchi_del_Volo-Casalserugo_Province_of_Padua_Veneto.html, /Attractions-g3249598-Activities-Casalserugo_Province_of_Padua_Veneto.html
Villa Orsato, None, Sights & Landmarks, /Attraction_Review-g3249598-d12176554-Reviews-Villa_Orsato-Casalserugo_Province_of_Padua_Veneto.html, /Attractions-g3249598-Activities-Casalserugo_Province_of_Padua_Veneto.html
Villa Ferri&& detta 'Il Castello' di Ser Ugo, None, Sights & Landmarks, /Attraction_Review-g3249598-d12180055-Reviews-Villa_Ferri_detta_Il_Castello_di_Ser_Ugo-Casalserugo_Province_of_Padua_Veneto.html, /Attractions-g3249598-Activities-Casalserugo_Province_of_Padua_Veneto.html
Palazzo Orsato (Casa canonica di Casalserugo), None, Sights & Landmarks, /Attraction_Review-g3249598-d12180059-Reviews-Palazzo_Orsato_Casa_canonica_di_Casalserugo-Casalserugo_Province_of_Padua_Venet.html, /Attractions-g3249598-Activities-Casalserugo_Province_of_Padua_Veneto.html
Capitello della Madonna del Rosario, None, Sights & Landmarks, /Attraction_Review-g3249598-d12180250-Reviews-Capitello_della_Madonna_del_Rosario-Casalserugo_Province_of_Padua_Veneto.html, /Attractions-g3249598-Activities-Casalserugo_Province_of_Padua_Veneto.html
Villa Argenti, None, Sights & Landmarks, /Attraction_Review-g3249598-d12180248-Reviews-Villa_Argenti-Casalserugo_Province_of_Padua_Veneto.html, /Attractions-g3249598-Activities-Casalserugo_Province_of_Padua_Veneto.html
Villa Lavagnoli, None, Sights & Landmarks, /Attraction_Review-g3249598-d12176765-Reviews-Villa_Lavagnoli-Casalserugo_Province_of_Padua_Veneto.html, /Attractions-g3249598-Activities-Casalserugo_Province_of_Padua_Veneto.html
Parrocchia di Casalserugo, None, Sights & Landmarks, /Attraction_Review-g3249598-d12180036-Reviews-Parrocchia_di_Casalserugo-Casalserugo_Province_of_Padua_Veneto.html, /Attractions-g3249598-Activities-Casalserugo_Province_of_Padua_Veneto.html
Villa delle Statue, None, Sights & Landmarks, /Attraction_Review-g3249598-d12176538-Reviews-Villa_delle_Statue-Casalserugo_Province_of_Padua_Veneto.html, /Attractions-g3249598-Activities-Casalserugo_Province_of_Padua_Veneto.html
Fimo's Bakery, None, Shopping, /Attraction_Review-g3249598-d18929720-Reviews-Fimo_s_Bakery-Casalserugo_Province_of_Padua_Veneto.html, /Attractions-g3249598-Activities-Casalserugo_Province_of_Padua_Veneto.html
