attraction_name, attraction_rate, attraction_type, attraction_url, attraction_parent_url
Cantina Berioli, 5.0, Food & Drink, /Attraction_Review-g644286-d3765002-Reviews-Cantina_Berioli-Magione_Province_of_Perugia_Umbria.html, /Attractions-g644286-Activities-Magione_Province_of_Perugia_Umbria.html
Fishing Museum (Museo della Pesca), 4.5, Museums, /Attraction_Review-g1187104-d196157-Reviews-Fishing_Museum_Museo_della_Pesca-San_Feliciano_Magione_Province_of_Perugia_Umbria.html, /Attractions-g644286-Activities-Magione_Province_of_Perugia_Umbria.html
Zocco Beach, 4.0, Nature & Parks, /Attraction_Review-g1187104-d4327963-Reviews-Zocco_Beach-San_Feliciano_Magione_Province_of_Perugia_Umbria.html, /Attractions-g644286-Activities-Magione_Province_of_Perugia_Umbria.html
Lungolago, 4.5, Sights & Landmarks, /Attraction_Review-g1187104-d14039527-Reviews-Lungolago-San_Feliciano_Magione_Province_of_Perugia_Umbria.html, /Attractions-g644286-Activities-Magione_Province_of_Perugia_Umbria.html
Chiesa di Sant’Andrea, 4.0, Sights & Landmarks, /Attraction_Review-g4541862-d12082330-Reviews-Chiesa_di_Sant_Andrea-Monte_del_Lago_Magione_Province_of_Perugia_Umbria.html, /Attractions-g644286-Activities-Magione_Province_of_Perugia_Umbria.html
Castello di Magione, 4.0, Food & Drink, /Attraction_Review-g644286-d4717601-Reviews-Castello_di_Magione-Magione_Province_of_Perugia_Umbria.html, /Attractions-g644286-Activities-Magione_Province_of_Perugia_Umbria.html
Abbazia di Sant'Arcangelo, 5.0, Sights & Landmarks, /Attraction_Review-g2339376-d12814322-Reviews-Abbazia_di_Sant_Arcangelo-Sant_Arcangelo_Magione_Province_of_Perugia_Umbria.html, /Attractions-g644286-Activities-Magione_Province_of_Perugia_Umbria.html
Azienda Agricola Pucciarella, 4.0, Food & Drink, /Attraction_Review-g644286-d10826210-Reviews-Azienda_Agricola_Pucciarella-Magione_Province_of_Perugia_Umbria.html, /Attractions-g644286-Activities-Magione_Province_of_Perugia_Umbria.html
Torre dei Lambardi, 4.0, Sights & Landmarks, /Attraction_Review-g644286-d7103831-Reviews-Torre_dei_Lambardi-Magione_Province_of_Perugia_Umbria.html, /Attractions-g644286-Activities-Magione_Province_of_Perugia_Umbria.html
Ciclovia Perugia - Trasimeno, 3.0, Nature & Parks, /Attraction_Review-g1187104-d17740722-Reviews-Ciclovia_Perugia_Trasimeno-San_Feliciano_Magione_Province_of_Perugia_Umbria.html, /Attractions-g644286-Activities-Magione_Province_of_Perugia_Umbria.html
Chiesa della Madonna dei Disciplinati in Monte del Lago, 4.0, Sights & Landmarks, /Attraction_Review-g644286-d21080938-Reviews-Chiesa_della_Madonna_dei_Disciplinati_in_Monte_del_Lago-Magione_Province_of_Peru.html, /Attractions-g644286-Activities-Magione_Province_of_Perugia_Umbria.html
Villa Aganoor Pompilj, None, Sights & Landmarks, /Attraction_Review-g4541862-d18083354-Reviews-Villa_Aganoor_Pompilj-Monte_del_Lago_Magione_Province_of_Perugia_Umbria.html, /Attractions-g644286-Activities-Magione_Province_of_Perugia_Umbria.html
Fattoria Luca Palombaro, None, Sights & Landmarks, /Attraction_Review-g4541862-d18083394-Reviews-Fattoria_Luca_Palombaro-Monte_del_Lago_Magione_Province_of_Perugia_Umbria.html, /Attractions-g644286-Activities-Magione_Province_of_Perugia_Umbria.html
Biblioteca Comunale, None, Traveller Resources, /Attraction_Review-g644286-d21080895-Reviews-Biblioteca_Comunale-Magione_Province_of_Perugia_Umbria.html, /Attractions-g644286-Activities-Magione_Province_of_Perugia_Umbria.html
Chiesa della Santissima Annunziata, None, Sights & Landmarks, /Attraction_Review-g21089157-d21080894-Reviews-Chiesa_della_Santissima_Annunziata-Montecolognola_Magione_Province_of_Perugia_.html, /Attractions-g644286-Activities-Magione_Province_of_Perugia_Umbria.html
Chiesa della madonna del Rosario, None, Sights & Landmarks, /Attraction_Review-g644286-d21080893-Reviews-Chiesa_della_madonna_del_Rosario-Magione_Province_of_Perugia_Umbria.html, /Attractions-g644286-Activities-Magione_Province_of_Perugia_Umbria.html
Monumento ai Caduti di Magione Grande Guerra, None, Sights & Landmarks, /Attraction_Review-g644286-d21080948-Reviews-Monumento_ai_Caduti_di_Magione_Grande_Guerra-Magione_Province_of_Perugia_Umbria.html, /Attractions-g644286-Activities-Magione_Province_of_Perugia_Umbria.html
Chiesa della Madonna della Neve, None, Sights & Landmarks, /Attraction_Review-g644286-d21080959-Reviews-Chiesa_della_Madonna_della_Neve-Magione_Province_of_Perugia_Umbria.html, /Attractions-g644286-Activities-Magione_Province_of_Perugia_Umbria.html
Ponte Forcione, None, Sights & Landmarks, /Attraction_Review-g644286-d21080950-Reviews-Ponte_Forcione-Magione_Province_of_Perugia_Umbria.html, /Attractions-g644286-Activities-Magione_Province_of_Perugia_Umbria.html
Castello di Agello, None, Sights & Landmarks, /Attraction_Review-g644286-d21080944-Reviews-Castello_di_Agello-Magione_Province_of_Perugia_Umbria.html, /Attractions-g644286-Activities-Magione_Province_of_Perugia_Umbria.html
Santuario della Madonna delle Fontanelle, None, Sights & Landmarks, /Attraction_Review-g644286-d21080927-Reviews-Santuario_della_Madonna_delle_Fontanelle-Magione_Province_of_Perugia_Umbria.html, /Attractions-g644286-Activities-Magione_Province_of_Perugia_Umbria.html
Santuario della Madonna di Lourdes, None, Sights & Landmarks, /Attraction_Review-g644286-d21080921-Reviews-Santuario_della_Madonna_di_Lourdes-Magione_Province_of_Perugia_Umbria.html, /Attractions-g644286-Activities-Magione_Province_of_Perugia_Umbria.html
Chiesa Parrocchiale di S. Valentino in Villantria, None, Sights & Landmarks, /Attraction_Review-g21089166-d21080834-Reviews-Chiesa_Parrocchiale_di_S_Valentino_in_Villantria-Villa_Magione_Province_of_Per.html, /Attractions-g644286-Activities-Magione_Province_of_Perugia_Umbria.html
San Giovanni Battista, None, Sights & Landmarks, /Attraction_Review-g644286-d21080835-Reviews-San_Giovanni_Battista-Magione_Province_of_Perugia_Umbria.html, /Attractions-g644286-Activities-Magione_Province_of_Perugia_Umbria.html
La Rocca, None, Sights & Landmarks, /Attraction_Review-g4541862-d21080900-Reviews-La_Rocca-Monte_del_Lago_Magione_Province_of_Perugia_Umbria.html, /Attractions-g644286-Activities-Magione_Province_of_Perugia_Umbria.html
Chiesa di San Donato, None, Sights & Landmarks, /Attraction_Review-g1932192-d21080923-Reviews-Chiesa_di_San_Donato-Agello_Magione_Province_of_Perugia_Umbria.html, /Attractions-g644286-Activities-Magione_Province_of_Perugia_Umbria.html
Santuario della Madonna del Soccorso di Magione, None, Sights & Landmarks, /Attraction_Review-g644286-d21079443-Reviews-Santuario_della_Madonna_del_Soccorso_di_Magione-Magione_Province_of_Perugia_Umbr.html, /Attractions-g644286-Activities-Magione_Province_of_Perugia_Umbria.html
Chiesa Di San Feliciano Di Magione, None, Sights & Landmarks, /Attraction_Review-g644286-d21079444-Reviews-Chiesa_Di_San_Feliciano_Di_Magione-Magione_Province_of_Perugia_Umbria.html, /Attractions-g644286-Activities-Magione_Province_of_Perugia_Umbria.html
Teatro Giuseppe Mengoni Di Magione, None, Concerts & Shows, /Attraction_Review-g644286-d21079471-Reviews-Teatro_Giuseppe_Mengoni_Di_Magione-Magione_Province_of_Perugia_Umbria.html, /Attractions-g644286-Activities-Magione_Province_of_Perugia_Umbria.html
Castello di Zocco - Magione, None, Sights & Landmarks, /Attraction_Review-g644286-d21079453-Reviews-Castello_di_Zocco_Magione-Magione_Province_of_Perugia_Umbria.html, /Attractions-g644286-Activities-Magione_Province_of_Perugia_Umbria.html
