attraction_name, attraction_rate, attraction_type, attraction_url, attraction_parent_url
Castello dei Piccolomini di Ortucchio, 4.5, Sights & Landmarks, /Attraction_Review-g7208318-d7204731-Reviews-Castello_dei_Piccolomini_di_Ortucchio-Ortucchio_Province_of_L_Aquila_Abruzzo.html, /Attractions-g7208318-Activities-Ortucchio_Province_of_L_Aquila_Abruzzo.html
Laghetto di Ortucchio, 4.5, Nature & Parks, /Attraction_Review-g7208318-d10100277-Reviews-Laghetto_di_Ortucchio-Ortucchio_Province_of_L_Aquila_Abruzzo.html, /Attractions-g7208318-Activities-Ortucchio_Province_of_L_Aquila_Abruzzo.html
Chiesa di Sant'Orante, 4.0, Sights & Landmarks, /Attraction_Review-g7208318-d9585644-Reviews-Chiesa_di_Sant_Orante-Ortucchio_Province_of_L_Aquila_Abruzzo.html, /Attractions-g7208318-Activities-Ortucchio_Province_of_L_Aquila_Abruzzo.html
Necropoli di Via Mesola, 5.0, Sights & Landmarks, /Attraction_Review-g7208318-d13506177-Reviews-Necropoli_di_Via_Mesola-Ortucchio_Province_of_L_Aquila_Abruzzo.html, /Attractions-g7208318-Activities-Ortucchio_Province_of_L_Aquila_Abruzzo.html
Chiesa di Santa Maria Capodacqua, None, Sights & Landmarks, /Attraction_Review-g7208318-d9805432-Reviews-Chiesa_di_Santa_Maria_Capodacqua-Ortucchio_Province_of_L_Aquila_Abruzzo.html, /Attractions-g7208318-Activities-Ortucchio_Province_of_L_Aquila_Abruzzo.html
CENTRO SPAZIALE DEL FUCINO, None, Sights & Landmarks, /Attraction_Review-g7208318-d13076857-Reviews-CENTRO_SPAZIALE_DEL_FUCINO-Ortucchio_Province_of_L_Aquila_Abruzzo.html, /Attractions-g7208318-Activities-Ortucchio_Province_of_L_Aquila_Abruzzo.html
