attraction_name, attraction_rate, attraction_type, attraction_url, attraction_parent_url
Palazzo Bricherasio di Fubine, 4.5, Sights & Landmarks, /Attraction_Review-g3135333-d10403309-Reviews-Palazzo_Bricherasio_di_Fubine-Fubine_Province_of_Alessandria_Piedmont.html, /Attractions-g3135333-Activities-Fubine_Province_of_Alessandria_Piedmont.html
Teatro dei Batu', 5.0, Sights & Landmarks, /Attraction_Review-g3135333-d16183380-Reviews-Teatro_dei_Batu-Fubine_Province_of_Alessandria_Piedmont.html, /Attractions-g3135333-Activities-Fubine_Province_of_Alessandria_Piedmont.html
Golf Club Margara, 4.5, Outdoor Activities, /Attraction_Review-g3135333-d7084199-Reviews-Golf_Club_Margara-Fubine_Province_of_Alessandria_Piedmont.html, /Attractions-g3135333-Activities-Fubine_Province_of_Alessandria_Piedmont.html
Bar Centro Fubine, 4.0, Nightlife, /Attraction_Review-g3135333-d5937267-Reviews-Bar_Centro_Fubine-Fubine_Province_of_Alessandria_Piedmont.html, /Attractions-g3135333-Activities-Fubine_Province_of_Alessandria_Piedmont.html
Chiesa dell′Assunzione di Maria Vergine, None, Sights & Landmarks, /Attraction_Review-g3135333-d16182779-Reviews-Chiesa_dell_Assunzione_di_Maria_Vergine-Fubine_Province_of_Alessandria_Piedmont.html, /Attractions-g3135333-Activities-Fubine_Province_of_Alessandria_Piedmont.html
Chiesa di Nostra Signora del Carmine, None, Sights & Landmarks, /Attraction_Review-g3135333-d16182792-Reviews-Chiesa_di_Nostra_Signora_del_Carmine-Fubine_Province_of_Alessandria_Piedmont.html, /Attractions-g3135333-Activities-Fubine_Province_of_Alessandria_Piedmont.html
