attraction_name, attraction_rate, attraction_type, attraction_url, attraction_parent_url
Menhir, 4.0, Sights & Landmarks, /Attraction_Review-g230070-d11927805-Reviews-Menhir-Cavaglia_Province_of_Biella_Piedmont.html, /Attractions-g230070-Activities-Cavaglia_Province_of_Biella_Piedmont.html
Golf Club Cavaglià, 4.0, Outdoor Activities, /Attraction_Review-g230070-d12239390-Reviews-Golf_Club_Cavaglia-Cavaglia_Province_of_Biella_Piedmont.html, /Attractions-g230070-Activities-Cavaglia_Province_of_Biella_Piedmont.html
Liv Lounge Bar, None, Nightlife, /Attraction_Review-g230070-d8855172-Reviews-Liv_Lounge_Bar-Cavaglia_Province_of_Biella_Piedmont.html, /Attractions-g230070-Activities-Cavaglia_Province_of_Biella_Piedmont.html
Chiesa di Santa Maria di Babilone, None, Sights & Landmarks, /Attraction_Review-g230070-d15076471-Reviews-Chiesa_di_Santa_Maria_di_Babilone-Cavaglia_Province_of_Biella_Piedmont.html, /Attractions-g230070-Activities-Cavaglia_Province_of_Biella_Piedmont.html
Chiesa di San Michele Arcangelo, None, Sights & Landmarks, /Attraction_Review-g230070-d15076486-Reviews-Chiesa_di_San_Michele_Arcangelo-Cavaglia_Province_of_Biella_Piedmont.html, /Attractions-g230070-Activities-Cavaglia_Province_of_Biella_Piedmont.html
