attraction_name, attraction_rate, attraction_type, attraction_url, attraction_parent_url
Cappella di S. Elena, None, Sights & Landmarks, /Attraction_Review-g3646663-d18716992-Reviews-Cappella_di_S_Elena-Torre_Mondovi_Province_of_Cuneo_Piedmont.html, /Attractions-g3646663-Activities-Torre_Mondovi_Province_of_Cuneo_Piedmont.html
Chiesa dei Santi Luigi e Carlo, None, Sights & Landmarks, /Attraction_Review-g3646663-d18716994-Reviews-Chiesa_dei_Santi_Luigi_e_Carlo-Torre_Mondovi_Province_of_Cuneo_Piedmont.html, /Attractions-g3646663-Activities-Torre_Mondovi_Province_of_Cuneo_Piedmont.html
Cappella della Madonna del Pilone, None, Sights & Landmarks, /Attraction_Review-g3646663-d18716993-Reviews-Cappella_della_Madonna_del_Pilone-Torre_Mondovi_Province_of_Cuneo_Piedmont.html, /Attractions-g3646663-Activities-Torre_Mondovi_Province_of_Cuneo_Piedmont.html
Parco Botanico, None, Nature & Parks, /Attraction_Review-g3646663-d18716995-Reviews-Parco_Botanico-Torre_Mondovi_Province_of_Cuneo_Piedmont.html, /Attractions-g3646663-Activities-Torre_Mondovi_Province_of_Cuneo_Piedmont.html
Santuario di S. Gottardo, None, Sights & Landmarks, /Attraction_Review-g3646663-d18716983-Reviews-Santuario_di_S_Gottardo-Torre_Mondovi_Province_of_Cuneo_Piedmont.html, /Attractions-g3646663-Activities-Torre_Mondovi_Province_of_Cuneo_Piedmont.html
Chiesa dei Santi Bartolomeo e Placido, None, Sights & Landmarks, /Attraction_Review-g3646663-d18716988-Reviews-Chiesa_dei_Santi_Bartolomeo_e_Placido-Torre_Mondovi_Province_of_Cuneo_Piedmont.html, /Attractions-g3646663-Activities-Torre_Mondovi_Province_of_Cuneo_Piedmont.html
Cappella di Sant'Antonio, None, Sights & Landmarks, /Attraction_Review-g3646663-d18716987-Reviews-Cappella_di_Sant_Antonio-Torre_Mondovi_Province_of_Cuneo_Piedmont.html, /Attractions-g3646663-Activities-Torre_Mondovi_Province_of_Cuneo_Piedmont.html
Chiesa dell'Assunta, None, Sights & Landmarks, /Attraction_Review-g3646663-d18716985-Reviews-Chiesa_dell_Assunta-Torre_Mondovi_Province_of_Cuneo_Piedmont.html, /Attractions-g3646663-Activities-Torre_Mondovi_Province_of_Cuneo_Piedmont.html
