attraction_name, attraction_rate, attraction_type, attraction_url, attraction_parent_url
Church of St. Catherine, 4.5, Sights & Landmarks, /Attraction_Review-g1184636-d2724424-Reviews-Church_of_St_Catherine-Avelengo_Province_of_South_Tyrol_Trentino_Alto_Adige.html, /Attractions-g1184636-Activities-Avelengo_Province_of_South_Tyrol_Trentino_Alto_Adige.html
Alpin Bob, 4.5, Water & Amusement Parks, /Attraction_Review-g1184636-d10619237-Reviews-Alpin_Bob-Avelengo_Province_of_South_Tyrol_Trentino_Alto_Adige.html, /Attractions-g1184636-Activities-Avelengo_Province_of_South_Tyrol_Trentino_Alto_Adige.html
Sentiero d'avventura Haflinger, 4.5, Nature & Parks, /Attraction_Review-g1184636-d18154461-Reviews-Sentiero_d_avventura_Haflinger-Avelengo_Province_of_South_Tyrol_Trentino_Alto_A.html, /Attractions-g1184636-Activities-Avelengo_Province_of_South_Tyrol_Trentino_Alto_Adige.html
Cabinovia Falzeben, 4.0, Transportation, /Attraction_Review-g1184636-d5026422-Reviews-Cabinovia_Falzeben-Avelengo_Province_of_South_Tyrol_Trentino_Alto_Adige.html, /Attractions-g1184636-Activities-Avelengo_Province_of_South_Tyrol_Trentino_Alto_Adige.html
Seggiovia Sessellift Mittager, 4.5, Transportation, /Attraction_Review-g1184636-d12885265-Reviews-Seggiovia_Sessellift_Mittager-Avelengo_Province_of_South_Tyrol_Trentino_Alto_Ad.html, /Attractions-g1184636-Activities-Avelengo_Province_of_South_Tyrol_Trentino_Alto_Adige.html
Maneggio Sulfner, 3.0, Outdoor Activities, /Attraction_Review-g1184636-d4995284-Reviews-Maneggio_Sulfner-Avelengo_Province_of_South_Tyrol_Trentino_Alto_Adige.html, /Attractions-g1184636-Activities-Avelengo_Province_of_South_Tyrol_Trentino_Alto_Adige.html
Berggasthof Piffinger Kopfl, 3.0, Nightlife, /Attraction_Review-g1184636-d5924218-Reviews-Berggasthof_Piffinger_Kopfl-Avelengo_Province_of_South_Tyrol_Trentino_Alto_Adige.html, /Attractions-g1184636-Activities-Avelengo_Province_of_South_Tyrol_Trentino_Alto_Adige.html
Reithof Paur, 2.5, Outdoor Activities, /Attraction_Review-g1184636-d5017491-Reviews-Reithof_Paur-Avelengo_Province_of_South_Tyrol_Trentino_Alto_Adige.html, /Attractions-g1184636-Activities-Avelengo_Province_of_South_Tyrol_Trentino_Alto_Adige.html
Chiesa di San Giovanni, None, Sights & Landmarks, /Attraction_Review-g1184636-d21323805-Reviews-Chiesa_di_San_Giovanni-Avelengo_Province_of_South_Tyrol_Trentino_Alto_Adige.html, /Attractions-g1184636-Activities-Avelengo_Province_of_South_Tyrol_Trentino_Alto_Adige.html
