attraction_name, attraction_rate, attraction_type, attraction_url, attraction_parent_url
La Grotta Urlante, 4.5, Nature & Parks, /Attraction_Review-g3489624-d10747555-Reviews-La_Grotta_Urlante-Premilcuore_Province_of_Forli_Cesena_Emilia_Romagna.html, /Attractions-g3489624-Activities-Premilcuore_Province_of_Forli_Cesena_Emilia_Romagna.html
Cascata Della Sega, 4.5, Nature & Parks, /Attraction_Review-g3489624-d10747048-Reviews-Cascata_Della_Sega-Premilcuore_Province_of_Forli_Cesena_Emilia_Romagna.html, /Attractions-g3489624-Activities-Premilcuore_Province_of_Forli_Cesena_Emilia_Romagna.html
Il Mulino Mengozzi, 4.5, Sights & Landmarks, /Attraction_Review-g3489624-d10756034-Reviews-Il_Mulino_Mengozzi-Premilcuore_Province_of_Forli_Cesena_Emilia_Romagna.html, /Attractions-g3489624-Activities-Premilcuore_Province_of_Forli_Cesena_Emilia_Romagna.html
Cascata del Piscino, 5.0, Nature & Parks, /Attraction_Review-g3489624-d15710338-Reviews-Cascata_del_Piscino-Premilcuore_Province_of_Forli_Cesena_Emilia_Romagna.html, /Attractions-g3489624-Activities-Premilcuore_Province_of_Forli_Cesena_Emilia_Romagna.html
Ponte Nuovo, 4.0, Sights & Landmarks, /Attraction_Review-g3489624-d10755982-Reviews-Ponte_Nuovo-Premilcuore_Province_of_Forli_Cesena_Emilia_Romagna.html, /Attractions-g3489624-Activities-Premilcuore_Province_of_Forli_Cesena_Emilia_Romagna.html
Mulino di Castel dell'Alpe, 4.5, Sights & Landmarks, /Attraction_Review-g3489624-d10784949-Reviews-Mulino_di_Castel_dell_Alpe-Premilcuore_Province_of_Forli_Cesena_Emilia_Romagna.html, /Attractions-g3489624-Activities-Premilcuore_Province_of_Forli_Cesena_Emilia_Romagna.html
Palazzo Briccolani, 4.5, Sights & Landmarks, /Attraction_Review-g3489624-d10793135-Reviews-Palazzo_Briccolani-Premilcuore_Province_of_Forli_Cesena_Emilia_Romagna.html, /Attractions-g3489624-Activities-Premilcuore_Province_of_Forli_Cesena_Emilia_Romagna.html
Centro Visita Premilcuore Parco Foreste Casentinesi, 4.5, Traveller Resources, /Attraction_Review-g3489624-d10751881-Reviews-Centro_Visita_Premilcuore_Parco_Foreste_Casentinesi-Premilcuore_Province_of_For.html, /Attractions-g3489624-Activities-Premilcuore_Province_of_Forli_Cesena_Emilia_Romagna.html
Torre dell'Orologio, 4.5, Sights & Landmarks, /Attraction_Review-g3489624-d10826094-Reviews-Torre_dell_Orologio-Premilcuore_Province_of_Forli_Cesena_Emilia_Romagna.html, /Attractions-g3489624-Activities-Premilcuore_Province_of_Forli_Cesena_Emilia_Romagna.html
Museo della Fauna del Crinale Romagnolo, 4.0, Museums, /Attraction_Review-g3489624-d10767870-Reviews-Museo_della_Fauna_del_Crinale_Romagnolo-Premilcuore_Province_of_Forli_Cesena_Em.html, /Attractions-g3489624-Activities-Premilcuore_Province_of_Forli_Cesena_Emilia_Romagna.html
Ponte del Gorgolaio, 5.0, Sights & Landmarks, /Attraction_Review-g3489624-d10801346-Reviews-Ponte_del_Gorgolaio-Premilcuore_Province_of_Forli_Cesena_Emilia_Romagna.html, /Attractions-g3489624-Activities-Premilcuore_Province_of_Forli_Cesena_Emilia_Romagna.html
Borgo di Castel d'Alpe, 4.0, Sights & Landmarks, /Attraction_Review-g3489624-d10784922-Reviews-Borgo_di_Castel_d_Alpe-Premilcuore_Province_of_Forli_Cesena_Emilia_Romagna.html, /Attractions-g3489624-Activities-Premilcuore_Province_of_Forli_Cesena_Emilia_Romagna.html
Palazzo Giannelli, 4.0, Sights & Landmarks, /Attraction_Review-g3489624-d10793191-Reviews-Palazzo_Giannelli-Premilcuore_Province_of_Forli_Cesena_Emilia_Romagna.html, /Attractions-g3489624-Activities-Premilcuore_Province_of_Forli_Cesena_Emilia_Romagna.html
Pieve di San Martino, 4.0, Sights & Landmarks, /Attraction_Review-g3489624-d10771640-Reviews-Pieve_di_San_Martino-Premilcuore_Province_of_Forli_Cesena_Emilia_Romagna.html, /Attractions-g3489624-Activities-Premilcuore_Province_of_Forli_Cesena_Emilia_Romagna.html
