attraction_name, attraction_rate, attraction_type, attraction_url, attraction_parent_url
Parco d'arte Quarelli, 4.5, Nature & Parks, /Attraction_Review-g1549063-d10818311-Reviews-Parco_d_arte_Quarelli-Roccaverano_Province_of_Asti_Piedmont.html, /Attractions-g1549063-Activities-Roccaverano_Province_of_Asti_Piedmont.html
Castello e Torre di Roccaverano, 4.5, Sights & Landmarks, /Attraction_Review-g1549063-d4437104-Reviews-Castello_e_Torre_di_Roccaverano-Roccaverano_Province_of_Asti_Piedmont.html, /Attractions-g1549063-Activities-Roccaverano_Province_of_Asti_Piedmont.html
Chiesa di Santa Maria Annunziata, 4.0, Sights & Landmarks, /Attraction_Review-g1549063-d11905138-Reviews-Chiesa_di_Santa_Maria_Annunziata-Roccaverano_Province_of_Asti_Piedmont.html, /Attractions-g1549063-Activities-Roccaverano_Province_of_Asti_Piedmont.html
Chiesa di San Giovanni, 4.5, Sights & Landmarks, /Attraction_Review-g1549063-d11905067-Reviews-Chiesa_di_San_Giovanni-Roccaverano_Province_of_Asti_Piedmont.html, /Attractions-g1549063-Activities-Roccaverano_Province_of_Asti_Piedmont.html
