attraction_name, attraction_rate, attraction_type, attraction_url, attraction_parent_url
Il Regno Dei Rapaci, 4.5, Nature & Parks, /Attraction_Review-g2550546-d12155205-Reviews-Il_Regno_Dei_Rapaci-Gessate_Province_of_Milan_Lombardy.html, /Attractions-g2550546-Activities-Gessate_Province_of_Milan_Lombardy.html
Licor Dei, 3.5, Food & Drink, /Attraction_Review-g2550546-d9865413-Reviews-Licor_Dei-Gessate_Province_of_Milan_Lombardy.html, /Attractions-g2550546-Activities-Gessate_Province_of_Milan_Lombardy.html
Chiesa dell'Addolorata, 3.5, Sights & Landmarks, /Attraction_Review-g2550546-d12934534-Reviews-Chiesa_dell_Addolorata-Gessate_Province_of_Milan_Lombardy.html, /Attractions-g2550546-Activities-Gessate_Province_of_Milan_Lombardy.html
Cinema Arcadia, 4.5, Fun & Games, /Attraction_Review-g2550546-d3735697-Reviews-Cinema_Arcadia-Gessate_Province_of_Milan_Lombardy.html, /Attractions-g2550546-Activities-Gessate_Province_of_Milan_Lombardy.html
Alpha game laser - Q-Fun, 3.5, Fun & Games, /Attraction_Review-g2550546-d12101044-Reviews-Alpha_game_laser_Q_Fun-Gessate_Province_of_Milan_Lombardy.html, /Attractions-g2550546-Activities-Gessate_Province_of_Milan_Lombardy.html
Chiesa dei SS. Pietro e Paolo, None, Sights & Landmarks, /Attraction_Review-g2550546-d12934533-Reviews-Chiesa_dei_SS_Pietro_e_Paolo-Gessate_Province_of_Milan_Lombardy.html, /Attractions-g2550546-Activities-Gessate_Province_of_Milan_Lombardy.html
