attraction_name, attraction_rate, attraction_type, attraction_url, attraction_parent_url
Chiesa dei SS. Pietro&& Paolo e Colombano Abate, None, Sights & Landmarks, /Attraction_Review-g3395946-d12958012-Reviews-Chiesa_dei_SS_Pietro_Paolo_e_Colombano_Abate-Fombio_Province_of_Lodi_Lombardy.html, /Attractions-g3395946-Activities-Fombio_Province_of_Lodi_Lombardy.html
Castello Douglas Scotti, None, Sights & Landmarks, /Attraction_Review-g3395946-d12958016-Reviews-Castello_Douglas_Scotti-Fombio_Province_of_Lodi_Lombardy.html, /Attractions-g3395946-Activities-Fombio_Province_of_Lodi_Lombardy.html
Oratorio della Confraternita di Fombio, None, Sights & Landmarks, /Attraction_Review-g3395946-d20182022-Reviews-Oratorio_della_Confraternita_di_Fombio-Fombio_Province_of_Lodi_Lombardy.html, /Attractions-g3395946-Activities-Fombio_Province_of_Lodi_Lombardy.html
Chiesa di San Aniceto, None, Sights & Landmarks, /Attraction_Review-g3395946-d20192273-Reviews-Chiesa_di_San_Aniceto-Fombio_Province_of_Lodi_Lombardy.html, /Attractions-g3395946-Activities-Fombio_Province_of_Lodi_Lombardy.html
Portale della Zecca di Fombio, None, Sights & Landmarks, /Attraction_Review-g3395946-d20182023-Reviews-Portale_della_Zecca_di_Fombio-Fombio_Province_of_Lodi_Lombardy.html, /Attractions-g3395946-Activities-Fombio_Province_of_Lodi_Lombardy.html
