attraction_name, attraction_rate, attraction_type, attraction_url, attraction_parent_url
Enoteca Cremona, 4.0, Food & Drink, /Attraction_Review-g187831-d3539927-Reviews-Enoteca_Cremona-Cremona_Province_of_Cremona_Lombardy.html, /Attractions-g187831-Activities-Cremona_Province_of_Cremona_Lombardy.html
Palazzo Fodri, 4.0, Sights & Landmarks, /Attraction_Review-g187831-d4380017-Reviews-Palazzo_Fodri-Cremona_Province_of_Cremona_Lombardy.html, /Attractions-g187831-Activities-Cremona_Province_of_Cremona_Lombardy.html
Santa Maria del Campo, 4.0, Sights & Landmarks, /Attraction_Review-g187831-d15211265-Reviews-Santa_Maria_del_Campo-Cremona_Province_of_Cremona_Lombardy.html, /Attractions-g187831-Activities-Cremona_Province_of_Cremona_Lombardy.html
Palazzo Cittanova, 4.0, Sights & Landmarks, /Attraction_Review-g187831-d12996904-Reviews-Palazzo_Cittanova-Cremona_Province_of_Cremona_Lombardy.html, /Attractions-g187831-Activities-Cremona_Province_of_Cremona_Lombardy.html
Stazione Centrale, 2.5, Sights & Landmarks, /Attraction_Review-g187831-d13148031-Reviews-Stazione_Centrale-Cremona_Province_of_Cremona_Lombardy.html, /Attractions-g187831-Activities-Cremona_Province_of_Cremona_Lombardy.html
Chiesa di Santa Rita, 4.0, Sights & Landmarks, /Attraction_Review-g187831-d8434505-Reviews-Chiesa_di_Santa_Rita-Cremona_Province_of_Cremona_Lombardy.html, /Attractions-g187831-Activities-Cremona_Province_of_Cremona_Lombardy.html
Museo della Civilta Contadina, 4.5, Museums, /Attraction_Review-g187831-d16678159-Reviews-Museo_della_Civilta_Contadina-Cremona_Province_of_Cremona_Lombardy.html, /Attractions-g187831-Activities-Cremona_Province_of_Cremona_Lombardy.html
L'anima della città, 4.0, Sights & Landmarks, /Attraction_Review-g187831-d11837690-Reviews-L_anima_della_citta-Cremona_Province_of_Cremona_Lombardy.html, /Attractions-g187831-Activities-Cremona_Province_of_Cremona_Lombardy.html
Palazzo Raimondi, 4.0, Sights & Landmarks, /Attraction_Review-g187831-d5600355-Reviews-Palazzo_Raimondi-Cremona_Province_of_Cremona_Lombardy.html, /Attractions-g187831-Activities-Cremona_Province_of_Cremona_Lombardy.html
Chiesa di Sant'Ilario, 4.0, Sights & Landmarks, /Attraction_Review-g187831-d12996918-Reviews-Chiesa_di_Sant_Ilario-Cremona_Province_of_Cremona_Lombardy.html, /Attractions-g187831-Activities-Cremona_Province_of_Cremona_Lombardy.html
Palazzo Stanga Trecco, 4.0, Sights & Landmarks, /Attraction_Review-g187831-d7234167-Reviews-Palazzo_Stanga_Trecco-Cremona_Province_of_Cremona_Lombardy.html, /Attractions-g187831-Activities-Cremona_Province_of_Cremona_Lombardy.html
Palazzo Mina Bolzesi, 4.0, Sights & Landmarks, /Attraction_Review-g187831-d8317474-Reviews-Palazzo_Mina_Bolzesi-Cremona_Province_of_Cremona_Lombardy.html, /Attractions-g187831-Activities-Cremona_Province_of_Cremona_Lombardy.html
Archeological Site Palazzo Pignano, 4.0, Sights & Landmarks, /Attraction_Review-g187831-d5890397-Reviews-Archeological_Site_Palazzo_Pignano-Cremona_Province_of_Cremona_Lombardy.html, /Attractions-g187831-Activities-Cremona_Province_of_Cremona_Lombardy.html
Public Gardens Pope Giovanni Paolo II, 3.5, Nature & Parks, /Attraction_Review-g187831-d13001568-Reviews-Public_Gardens_Pope_Giovanni_Paolo_II-Cremona_Province_of_Cremona_Lombardy.html, /Attractions-g187831-Activities-Cremona_Province_of_Cremona_Lombardy.html
Museo della Chimica e del Violino, 4.5, Museums, /Attraction_Review-g187831-d7394045-Reviews-Museo_della_Chimica_e_del_Violino-Cremona_Province_of_Cremona_Lombardy.html, /Attractions-g187831-Activities-Cremona_Province_of_Cremona_Lombardy.html
Chiesa dei SS. Marcellino e Pietro, 4.0, Sights & Landmarks, /Attraction_Review-g187831-d17654262-Reviews-Chiesa_dei_SS_Marcellino_e_Pietro-Cremona_Province_of_Cremona_Lombardy.html, /Attractions-g187831-Activities-Cremona_Province_of_Cremona_Lombardy.html
Cremonabooks, 4.5, Sights & Landmarks, /Attraction_Review-g187831-d4173442-Reviews-Cremonabooks-Cremona_Province_of_Cremona_Lombardy.html, /Attractions-g187831-Activities-Cremona_Province_of_Cremona_Lombardy.html
Chiesa di Santa Margherita, 3.5, Sights & Landmarks, /Attraction_Review-g187831-d8442505-Reviews-Chiesa_di_Santa_Margherita-Cremona_Province_of_Cremona_Lombardy.html, /Attractions-g187831-Activities-Cremona_Province_of_Cremona_Lombardy.html
Chiesa di San Pietro al Po, 4.0, Sights & Landmarks, /Attraction_Review-g187831-d17654260-Reviews-Chiesa_di_San_Pietro_al_Po-Cremona_Province_of_Cremona_Lombardy.html, /Attractions-g187831-Activities-Cremona_Province_of_Cremona_Lombardy.html
Chiesa di San Siro e di San Sepolcro, 3.5, Sights & Landmarks, /Attraction_Review-g187831-d12996913-Reviews-Chiesa_di_San_Siro_e_di_San_Sepolcro-Cremona_Province_of_Cremona_Lombardy.html, /Attractions-g187831-Activities-Cremona_Province_of_Cremona_Lombardy.html
Parco Del Vecchio Passeggio, 2.5, Sights & Landmarks, /Attraction_Review-g187831-d6561177-Reviews-Parco_Del_Vecchio_Passeggio-Cremona_Province_of_Cremona_Lombardy.html, /Attractions-g187831-Activities-Cremona_Province_of_Cremona_Lombardy.html
La Bottega Di Stradivari, 5.0, Sights & Landmarks, /Attraction_Review-g187831-d19881831-Reviews-La_Bottega_Di_Stradivari-Cremona_Province_of_Cremona_Lombardy.html, /Attractions-g187831-Activities-Cremona_Province_of_Cremona_Lombardy.html
CremonaFiere, 4.0, Traveller Resources, /Attraction_Review-g187831-d13148204-Reviews-CremonaFiere-Cremona_Province_of_Cremona_Lombardy.html, /Attractions-g187831-Activities-Cremona_Province_of_Cremona_Lombardy.html
Centro Commerciale Cremona Po, 4.0, Shopping, /Attraction_Review-g187831-d17154832-Reviews-Centro_Commerciale_Cremona_Po-Cremona_Province_of_Cremona_Lombardy.html, /Attractions-g187831-Activities-Cremona_Province_of_Cremona_Lombardy.html
Chiesa di San Bassano, 3.0, Sights & Landmarks, /Attraction_Review-g187831-d14455703-Reviews-Chiesa_di_San_Bassano-Cremona_Province_of_Cremona_Lombardy.html, /Attractions-g187831-Activities-Cremona_Province_of_Cremona_Lombardy.html
Chiesa Sant'Imerio Preposto Parroco, 4.0, Sights & Landmarks, /Attraction_Review-g187831-d17912906-Reviews-Chiesa_Sant_Imerio_Preposto_Parroco-Cremona_Province_of_Cremona_Lombardy.html, /Attractions-g187831-Activities-Cremona_Province_of_Cremona_Lombardy.html
Stradivariazioni Associazione Culturale, 4.5, Sights & Landmarks, /Attraction_Review-g187831-d6403525-Reviews-Stradivariazioni_Associazione_Culturale-Cremona_Province_of_Cremona_Lombardy.html, /Attractions-g187831-Activities-Cremona_Province_of_Cremona_Lombardy.html
Ciclabile delle Città Murate, 3.0, Nature & Parks, /Attraction_Review-g187831-d11829772-Reviews-Ciclabile_delle_Citta_Murate-Cremona_Province_of_Cremona_Lombardy.html, /Attractions-g187831-Activities-Cremona_Province_of_Cremona_Lombardy.html
Spazio Tapirulan, None, Museums, /Attraction_Review-g187831-d15080728-Reviews-Spazio_Tapirulan-Cremona_Province_of_Cremona_Lombardy.html, /Attractions-g187831-Activities-Cremona_Province_of_Cremona_Lombardy.html
Chiesa di San Matteo, None, Sights & Landmarks, /Attraction_Review-g187831-d15656093-Reviews-Chiesa_di_San_Matteo-Cremona_Province_of_Cremona_Lombardy.html, /Attractions-g187831-Activities-Cremona_Province_of_Cremona_Lombardy.html
