attraction_name, attraction_rate, attraction_type, attraction_url, attraction_parent_url
Museo Storico Alfa Romeo, 4.5, Museums, /Attraction_Review-g1643829-d1906809-Reviews-Museo_Storico_Alfa_Romeo-Arese_Province_of_Milan_Lombardy.html, /Attractions-g1643829-Activities-Arese_Province_of_Milan_Lombardy.html
Il Centro, 4.0, Shopping, /Attraction_Review-g1643829-d10190548-Reviews-Il_Centro-Arese_Province_of_Milan_Lombardy.html, /Attractions-g1643829-Activities-Arese_Province_of_Milan_Lombardy.html
Tulipani Italiani, 4.5, Nature & Parks, /Attraction_Review-g1643829-d16729065-Reviews-Tulipani_Italiani-Arese_Province_of_Milan_Lombardy.html, /Attractions-g1643829-Activities-Arese_Province_of_Milan_Lombardy.html
Chiesa di S. Bernardino, 4.5, Sights & Landmarks, /Attraction_Review-g1643829-d11487925-Reviews-Chiesa_di_S_Bernardino-Arese_Province_of_Milan_Lombardy.html, /Attractions-g1643829-Activities-Arese_Province_of_Milan_Lombardy.html
Villa Settala&& Marietti&& Greppi&& Ricotti - complesso, 4.0, Sights & Landmarks, /Attraction_Review-g1643829-d6631043-Reviews-Villa_Settala_Marietti_Greppi_Ricotti_complesso-Arese_Province_of_Milan_Lombardy.html, /Attractions-g1643829-Activities-Arese_Province_of_Milan_Lombardy.html
Parrocchia Santi Pietro e Paolo, 4.0, Sights & Landmarks, /Attraction_Review-g1643829-d11445619-Reviews-Parrocchia_Santi_Pietro_e_Paolo-Arese_Province_of_Milan_Lombardy.html, /Attractions-g1643829-Activities-Arese_Province_of_Milan_Lombardy.html
Monumento ai Caduti, 3.5, Sights & Landmarks, /Attraction_Review-g1643829-d17854193-Reviews-Monumento_ai_Caduti-Arese_Province_of_Milan_Lombardy.html, /Attractions-g1643829-Activities-Arese_Province_of_Milan_Lombardy.html
Centro Benessere Beauty for You, 5.0, Spas & Wellness, /Attraction_Review-g1643829-d13948792-Reviews-Centro_Benessere_Beauty_for_You-Arese_Province_of_Milan_Lombardy.html, /Attractions-g1643829-Activities-Arese_Province_of_Milan_Lombardy.html
Piazza Undici Settembre, 3.5, Outdoor Activities, /Attraction_Review-g1643829-d6631051-Reviews-Piazza_Undici_Settembre-Arese_Province_of_Milan_Lombardy.html, /Attractions-g1643829-Activities-Arese_Province_of_Milan_Lombardy.html
Koka Spa Concept, 5.0, Spas & Wellness, /Attraction_Review-g1643829-d8869793-Reviews-Koka_Spa_Concept-Arese_Province_of_Milan_Lombardy.html, /Attractions-g1643829-Activities-Arese_Province_of_Milan_Lombardy.html
Primark, 4.0, Shopping, /Attraction_Review-g1643829-d19377241-Reviews-Primark-Arese_Province_of_Milan_Lombardy.html, /Attractions-g1643829-Activities-Arese_Province_of_Milan_Lombardy.html
Dolce Cafe, 4.5, Nightlife, /Attraction_Review-g1643829-d5944081-Reviews-Dolce_Cafe-Arese_Province_of_Milan_Lombardy.html, /Attractions-g1643829-Activities-Arese_Province_of_Milan_Lombardy.html
Chiesa di S. Carlo e dell'Immacolata, None, Sights & Landmarks, /Attraction_Review-g1643829-d11737228-Reviews-Chiesa_di_S_Carlo_e_dell_Immacolata-Arese_Province_of_Milan_Lombardy.html, /Attractions-g1643829-Activities-Arese_Province_of_Milan_Lombardy.html
Monumento in Memoria dei Martiri di Nassirya, None, Sights & Landmarks, /Attraction_Review-g1643829-d15683133-Reviews-Monumento_in_Memoria_dei_Martiri_di_Nassirya-Arese_Province_of_Milan_Lombardy.html, /Attractions-g1643829-Activities-Arese_Province_of_Milan_Lombardy.html
Terranova, None, Shopping, /Attraction_Review-g1643829-d19071136-Reviews-Terranova-Arese_Province_of_Milan_Lombardy.html, /Attractions-g1643829-Activities-Arese_Province_of_Milan_Lombardy.html
Flying Tiger, None, Shopping, /Attraction_Review-g1643829-d21241580-Reviews-Flying_Tiger-Arese_Province_of_Milan_Lombardy.html, /Attractions-g1643829-Activities-Arese_Province_of_Milan_Lombardy.html
