attraction_name, attraction_rate, attraction_type, attraction_url, attraction_parent_url
Museo Targa Florio, 4.0, Museums, /Attraction_Review-g1053727-d10130089-Reviews-Museo_Targa_Florio-Collesano_Province_of_Palermo_Sicily.html, /Attractions-g1053727-Activities-Collesano_Province_of_Palermo_Sicily.html
Basilica San Pietro, 4.5, Sights & Landmarks, /Attraction_Review-g1053727-d8736307-Reviews-Basilica_San_Pietro-Collesano_Province_of_Palermo_Sicily.html, /Attractions-g1053727-Activities-Collesano_Province_of_Palermo_Sicily.html
Castello Medievale di Collesano, 4.5, Sights & Landmarks, /Attraction_Review-g1053727-d11908753-Reviews-Castello_Medievale_di_Collesano-Collesano_Province_of_Palermo_Sicily.html, /Attractions-g1053727-Activities-Collesano_Province_of_Palermo_Sicily.html
Palazzo Municipale, 3.0, Sights & Landmarks, /Attraction_Review-g1053727-d11909053-Reviews-Palazzo_Municipale-Collesano_Province_of_Palermo_Sicily.html, /Attractions-g1053727-Activities-Collesano_Province_of_Palermo_Sicily.html
Sicily on horseback, 5.0, Food & Drink, /Attraction_Review-g1053727-d20365361-Reviews-Sicily_on_horseback-Collesano_Province_of_Palermo_Sicily.html, /Attractions-g1053727-Activities-Collesano_Province_of_Palermo_Sicily.html
Chiesa e Convento Santa Maria di Gesu, None, Sights & Landmarks, /Attraction_Review-g1053727-d11908889-Reviews-Chiesa_e_Convento_Santa_Maria_di_Gesu-Collesano_Province_of_Palermo_Sicily.html, /Attractions-g1053727-Activities-Collesano_Province_of_Palermo_Sicily.html
Piano della Misericordia (Piazza Plebiscito), None, Sights & Landmarks, /Attraction_Review-g1053727-d11908900-Reviews-Piano_della_Misericordia_Piazza_Plebiscito-Collesano_Province_of_Palermo_Sicily.html, /Attractions-g1053727-Activities-Collesano_Province_of_Palermo_Sicily.html
Chiesa di S. Giacomo, None, Sights & Landmarks, /Attraction_Review-g1053727-d11908956-Reviews-Chiesa_di_S_Giacomo-Collesano_Province_of_Palermo_Sicily.html, /Attractions-g1053727-Activities-Collesano_Province_of_Palermo_Sicily.html
Sito Archeologico Ambientale di Monte d'Oro, None, Sights & Landmarks, /Attraction_Review-g1053727-d11909021-Reviews-Sito_Archeologico_Ambientale_di_Monte_d_Oro-Collesano_Province_of_Palermo_Sicil.html, /Attractions-g1053727-Activities-Collesano_Province_of_Palermo_Sicily.html
Chiesa Santa Maria La Vecchia, None, Sights & Landmarks, /Attraction_Review-g1053727-d11908694-Reviews-Chiesa_Santa_Maria_La_Vecchia-Collesano_Province_of_Palermo_Sicily.html, /Attractions-g1053727-Activities-Collesano_Province_of_Palermo_Sicily.html
Biblioteca Comunale, None, Traveller Resources, /Attraction_Review-g1053727-d11897679-Reviews-Biblioteca_Comunale-Collesano_Province_of_Palermo_Sicily.html, /Attractions-g1053727-Activities-Collesano_Province_of_Palermo_Sicily.html
