attraction_name, attraction_rate, attraction_type, attraction_url, attraction_parent_url
ex ferrovia Monti-Calangianus, 5.0, Nature & Parks, /Attraction_Review-g608908-d17599236-Reviews-Ex_ferrovia_Monti_Calangianus-Calangianus_Province_of_Olbia_Tempio_Sardinia.html, /Attractions-g187879-Activities-Sardinia.html
Skipper, 4.0, Nature & Parks, /Attraction_Review-g227889-d3849406-Reviews-Skipper-Quartu_Sant_Elena_Province_of_Cagliari_Sardinia.html, /Attractions-g187879-Activities-Sardinia.html
Pozzo Sacro Nuragico di Tattinu, 4.0, Sights & Landmarks, /Attraction_Review-g2308711-d8492333-Reviews-Pozzo_Sacro_Nuragico_di_Tattinu-Nuxis_Province_of_Carbonia_Iglesias_Sardinia.html, /Attractions-g187879-Activities-Sardinia.html
Chiesa San Bartolomeo, 4.5, Sights & Landmarks, /Attraction_Review-g7004055-d8814515-Reviews-Chiesa_San_Bartolomeo-Flussio_Province_of_Oristano_Sardinia.html, /Attractions-g187879-Activities-Sardinia.html
Fontana Grixoni, 4.5, Sights & Landmarks, /Attraction_Review-g673494-d8442316-Reviews-Fontana_Grixoni-Ozieri_Province_of_Sassari_Sardinia.html, /Attractions-g187879-Activities-Sardinia.html
Mulino, 5.0, Sights & Landmarks, /Attraction_Review-g6609323-d12549960-Reviews-Mulino-Olzai_Province_of_Nuoro_Sardinia.html, /Attractions-g187879-Activities-Sardinia.html
Archeologico di Perdas Longas, 5.0, Sights & Landmarks, /Attraction_Review-g616188-d12791868-Reviews-Archeologico_di_Perdas_Longas-Guspini_Province_of_Medio_Campidano_Sardinia.html, /Attractions-g187879-Activities-Sardinia.html
Su Zinnibiri Beach, 3.5, Nature & Parks, /Attraction_Review-g1144101-d17801901-Reviews-Su_Zinnibiri_Beach-Cabras_Province_of_Oristano_Sardinia.html, /Attractions-g187879-Activities-Sardinia.html
Casa Museo Tiu Virgiliu, 4.5, Museums, /Attraction_Review-g2356178-d8587652-Reviews-Casa_Museo_Tiu_Virgiliu-Suni_Province_of_Oristano_Sardinia.html, /Attractions-g187879-Activities-Sardinia.html
L'Albero del Poeta - Casa Sanna, 5.0, Sights & Landmarks, /Attraction_Review-g954075-d17851907-Reviews-L_Albero_del_Poeta_Casa_Sanna-Arbus_Province_of_Medio_Campidano_Sardinia.html, /Attractions-g187879-Activities-Sardinia.html
Retablo di San Giorgio, 5.0, Museums, /Attraction_Review-g2125846-d8608741-Reviews-Retablo_di_San_Giorgio-Perfugas_Province_of_Sassari_Sardinia.html, /Attractions-g187879-Activities-Sardinia.html
Luogosanto Tourist Office, 5.0, Traveller Resources, /Attraction_Review-g663800-d12633194-Reviews-Luogosanto_Tourist_Office-Luogosanto_Province_of_Olbia_Tempio_Sardinia.html, /Attractions-g187879-Activities-Sardinia.html
Chiesa di Nostra Signora d'Itria, 4.5, Sights & Landmarks, /Attraction_Review-g3240644-d12549981-Reviews-Chiesa_di_Nostra_Signora_d_Itria-Orani_Province_of_Nuoro_Sardinia.html, /Attractions-g187879-Activities-Sardinia.html
Parrocchia di San Giorgio Martire, 4.5, Sights & Landmarks, /Attraction_Review-g1421456-d12814643-Reviews-Parrocchia_di_San_Giorgio_Martire-Siliqua_Province_of_Cagliari_Sardinia.html, /Attractions-g187879-Activities-Sardinia.html
Domus de janas di Borucca, 4.5, Sights & Landmarks, /Attraction_Review-g1078192-d11706732-Reviews-Domus_de_janas_di_Borucca-Budduso_Province_of_Olbia_Tempio_Sardinia.html, /Attractions-g187879-Activities-Sardinia.html
Is Caogheddas, 3.5, Nature & Parks, /Attraction_Review-g1144101-d17785484-Reviews-Is_Caogheddas-Cabras_Province_of_Oristano_Sardinia.html, /Attractions-g187879-Activities-Sardinia.html
Chiesa di San Lorenzo, 4.5, Sights & Landmarks, /Attraction_Review-g1202566-d4544144-Reviews-Chiesa_di_San_Lorenzo-Sanluri_Province_of_Medio_Campidano_Sardinia.html, /Attractions-g187879-Activities-Sardinia.html
Palazzo Baronale, 5.0, Sights & Landmarks, /Attraction_Review-g776131-d13418646-Reviews-Palazzo_Baronale-Sorso_Province_of_Sassari_Sardinia.html, /Attractions-g187879-Activities-Sardinia.html
Cantina Gallura, 3.0, Food & Drink, /Attraction_Review-g776125-d10629828-Reviews-Cantina_Gallura-Tempio_Pausania_Province_of_Olbia_Tempio_Sardinia.html, /Attractions-g187879-Activities-Sardinia.html
Palazzo di Giustizia, 3.0, Sights & Landmarks, /Attraction_Review-g187885-d12882734-Reviews-Palazzo_di_Giustizia-Sassari_Province_of_Sassari_Sardinia.html, /Attractions-g187879-Activities-Sardinia.html
Chiesa di San Bartolomeo, 5.0, Sights & Landmarks, /Attraction_Review-g1871874-d12818663-Reviews-Chiesa_di_San_Bartolomeo-Meana_Sardo_Province_of_Nuoro_Sardinia.html, /Attractions-g187879-Activities-Sardinia.html
Museo Aligi Sassu, 5.0, Museums, /Attraction_Review-g1169021-d11698619-Reviews-Museo_Aligi_Sassu-Thiesi_Province_of_Sassari_Sardinia.html, /Attractions-g187879-Activities-Sardinia.html
Tomba dei Giganti, 3.5, Sights & Landmarks, /Attraction_Review-g3490677-d12363597-Reviews-Tomba_dei_Giganti-Borore_Province_of_Nuoro_Sardinia.html, /Attractions-g187879-Activities-Sardinia.html
Chiesa di San Giuseppe, 4.0, Sights & Landmarks, /Attraction_Review-g776125-d10447379-Reviews-Chiesa_di_San_Giuseppe-Tempio_Pausania_Province_of_Olbia_Tempio_Sardinia.html, /Attractions-g187879-Activities-Sardinia.html
Osservatorio Astronomico di Cagliari, 4.0, Museums, /Attraction_Review-g1574679-d9739957-Reviews-Osservatorio_Astronomico_di_Cagliari-Selargius_Province_of_Cagliari_Sardinia.html, /Attractions-g187879-Activities-Sardinia.html
Sant'Anastasia, 4.5, Sights & Landmarks, /Attraction_Review-g2155140-d2202729-Reviews-Sant_Anastasia-Santadi_Province_of_Carbonia_Iglesias_Sardinia.html, /Attractions-g187879-Activities-Sardinia.html
Chiesa di San Giacomo Apostolo, 4.0, Sights & Landmarks, /Attraction_Review-g2305658-d12814555-Reviews-Chiesa_di_San_Giacomo_Apostolo-Mandas_Province_of_Cagliari_Sardinia.html, /Attractions-g187879-Activities-Sardinia.html
Chiesa di San Lorenzo de Rebeccu, 4.0, Sights & Landmarks, /Attraction_Review-g1587855-d12816421-Reviews-Chiesa_di_San_Lorenzo_de_Rebeccu-Bonorva_Province_of_Sassari_Sardinia.html, /Attractions-g187879-Activities-Sardinia.html
Oratorio del Rosario, 4.0, Sights & Landmarks, /Attraction_Review-g776125-d12945848-Reviews-Oratorio_del_Rosario-Tempio_Pausania_Province_of_Olbia_Tempio_Sardinia.html, /Attractions-g187879-Activities-Sardinia.html
Casa Farci, 5.0, Sights & Landmarks, /Attraction_Review-g1969590-d4346521-Reviews-Casa_Farci-Seui_Province_of_Ogliastra_Sardinia.html, /Attractions-g187879-Activities-Sardinia.html
