attraction_name, attraction_rate, attraction_type, attraction_url, attraction_parent_url
La Città vecchia di Brunico, 4.5, Sights & Landmarks, /Attraction_Review-g194704-d3221171-Reviews-La_Citta_vecchia_di_Brunico-Brunico_Province_of_South_Tyrol_Trentino_Alto_Adige.html, /Attractions-g194704-Activities-Brunico_Province_of_South_Tyrol_Trentino_Alto_Adige.html
Kronplatz Ski Fields, 4.5, Nature & Parks, /Attraction_Review-g194704-d195484-Reviews-Kronplatz_Ski_Fields-Brunico_Province_of_South_Tyrol_Trentino_Alto_Adige.html, /Attractions-g194704-Activities-Brunico_Province_of_South_Tyrol_Trentino_Alto_Adige.html
Südtiroler Volkskundemuseum / Museo degli usi e costumi, 5.0, Museums, /Attraction_Review-g194704-d1891615-Reviews-Sudtiroler_Volkskundemuseum_Museo_degli_usi_e_costumi-Brunico_Province_of_South_T.html, /Attractions-g194704-Activities-Brunico_Province_of_South_Tyrol_Trentino_Alto_Adige.html
Messner Mountain Museum Ripa, 4.0, Museums, /Attraction_Review-g194704-d3411586-Reviews-Messner_Mountain_Museum_Ripa-Brunico_Province_of_South_Tyrol_Trentino_Alto_Adige.html, /Attractions-g194704-Activities-Brunico_Province_of_South_Tyrol_Trentino_Alto_Adige.html
Cimitero Austro-Ungarico di Brunico, 4.5, Sights & Landmarks, /Attraction_Review-g194704-d5025436-Reviews-Cimitero_Austro_Ungarico_di_Brunico-Brunico_Province_of_South_Tyrol_Trentino_Alto.html, /Attractions-g194704-Activities-Brunico_Province_of_South_Tyrol_Trentino_Alto_Adige.html
Concordia 2000, 4.5, Sights & Landmarks, /Attraction_Review-g194704-d4800402-Reviews-Concordia_2000-Brunico_Province_of_South_Tyrol_Trentino_Alto_Adige.html, /Attractions-g194704-Activities-Brunico_Province_of_South_Tyrol_Trentino_Alto_Adige.html
LUMEN - Museum of Mountain Photography, 4.5, Museums, /Attraction_Review-g194704-d15696902-Reviews-LUMEN_Museum_of_Mountain_Photography-Brunico_Province_of_South_Tyrol_Trentino_Al.html, /Attractions-g194704-Activities-Brunico_Province_of_South_Tyrol_Trentino_Alto_Adige.html
Castello di Brunico, 4.0, Sights & Landmarks, /Attraction_Review-g194704-d547481-Reviews-Castello_di_Brunico-Brunico_Province_of_South_Tyrol_Trentino_Alto_Adige.html, /Attractions-g194704-Activities-Brunico_Province_of_South_Tyrol_Trentino_Alto_Adige.html
Via Centrale, 4.0, Sights & Landmarks, /Attraction_Review-g194704-d12948614-Reviews-Via_Centrale-Brunico_Province_of_South_Tyrol_Trentino_Alto_Adige.html, /Attractions-g194704-Activities-Brunico_Province_of_South_Tyrol_Trentino_Alto_Adige.html
Chiesa dello Spirito Santo, 4.0, Sights & Landmarks, /Attraction_Review-g194704-d8444883-Reviews-Chiesa_dello_Spirito_Santo-Brunico_Province_of_South_Tyrol_Trentino_Alto_Adige.html, /Attractions-g194704-Activities-Brunico_Province_of_South_Tyrol_Trentino_Alto_Adige.html
Parrocchiale di Nostra Signora, 4.0, Sights & Landmarks, /Attraction_Review-g194704-d4971465-Reviews-Parrocchiale_di_Nostra_Signora-Brunico_Province_of_South_Tyrol_Trentino_Alto_Adig.html, /Attractions-g194704-Activities-Brunico_Province_of_South_Tyrol_Trentino_Alto_Adige.html
Skischool Kronplatz, 4.5, Classes & Workshops, /Attraction_Review-g194704-d8809873-Reviews-Skischool_Kronplatz-Brunico_Province_of_South_Tyrol_Trentino_Alto_Adige.html, /Attractions-g194704-Activities-Brunico_Province_of_South_Tyrol_Trentino_Alto_Adige.html
Chiesa di Santa Caterina, 4.0, Sights & Landmarks, /Attraction_Review-g194704-d8442152-Reviews-Chiesa_di_Santa_Caterina-Brunico_Province_of_South_Tyrol_Trentino_Alto_Adige.html, /Attractions-g194704-Activities-Brunico_Province_of_South_Tyrol_Trentino_Alto_Adige.html
Church of the Ursuline, 3.5, Sights & Landmarks, /Attraction_Review-g194704-d4976165-Reviews-Church_of_the_Ursuline-Brunico_Province_of_South_Tyrol_Trentino_Alto_Adige.html, /Attractions-g194704-Activities-Brunico_Province_of_South_Tyrol_Trentino_Alto_Adige.html
Portone Ragen, 4.0, Sights & Landmarks, /Attraction_Review-g194704-d11826516-Reviews-Portone_Ragen-Brunico_Province_of_South_Tyrol_Trentino_Alto_Adige.html, /Attractions-g194704-Activities-Brunico_Province_of_South_Tyrol_Trentino_Alto_Adige.html
Biblioteca Civica, 5.0, Traveller Resources, /Attraction_Review-g194704-d11837426-Reviews-Biblioteca_Civica-Brunico_Province_of_South_Tyrol_Trentino_Alto_Adige.html, /Attractions-g194704-Activities-Brunico_Province_of_South_Tyrol_Trentino_Alto_Adige.html
Chiesa Parrocchiale di San Lorenzo di Sebato, 4.0, Sights & Landmarks, /Attraction_Review-g194704-d11825488-Reviews-Chiesa_Parrocchiale_di_San_Lorenzo_di_Sebato-Brunico_Province_of_South_Tyrol_Tre.html, /Attractions-g194704-Activities-Brunico_Province_of_South_Tyrol_Trentino_Alto_Adige.html
Palazzo Sternbach, 4.0, Sights & Landmarks, /Attraction_Review-g194704-d8458142-Reviews-Palazzo_Sternbach-Brunico_Province_of_South_Tyrol_Trentino_Alto_Adige.html, /Attractions-g194704-Activities-Brunico_Province_of_South_Tyrol_Trentino_Alto_Adige.html
Porta Floriani, 3.5, Sights & Landmarks, /Attraction_Review-g194704-d11826027-Reviews-Porta_Floriani-Brunico_Province_of_South_Tyrol_Trentino_Alto_Adige.html, /Attractions-g194704-Activities-Brunico_Province_of_South_Tyrol_Trentino_Alto_Adige.html
Escursione Tematica Landart, 4.0, Nature & Parks, /Attraction_Review-g194704-d13137514-Reviews-Escursione_Tematica_Landart-Brunico_Province_of_South_Tyrol_Trentino_Alto_Adige.html, /Attractions-g194704-Activities-Brunico_Province_of_South_Tyrol_Trentino_Alto_Adige.html
Convento dei Cappuccini, 3.5, Sights & Landmarks, /Attraction_Review-g194704-d8448928-Reviews-Convento_dei_Cappuccini-Brunico_Province_of_South_Tyrol_Trentino_Alto_Adige.html, /Attractions-g194704-Activities-Brunico_Province_of_South_Tyrol_Trentino_Alto_Adige.html
Monumento Agli Alpini, 3.5, Sights & Landmarks, /Attraction_Review-g194704-d3398131-Reviews-Monumento_Agli_Alpini-Brunico_Province_of_South_Tyrol_Trentino_Alto_Adige.html, /Attractions-g194704-Activities-Brunico_Province_of_South_Tyrol_Trentino_Alto_Adige.html
Chiesa parrocchiale S. Maria Assunta, 4.0, Sights & Landmarks, /Attraction_Review-g194704-d14950630-Reviews-Chiesa_parrocchiale_S_Maria_Assunta-Brunico_Province_of_South_Tyrol_Trentino_Alt.html, /Attractions-g194704-Activities-Brunico_Province_of_South_Tyrol_Trentino_Alto_Adige.html
Porta Delle Orsoline, 4.0, Sights & Landmarks, /Attraction_Review-g194704-d17652800-Reviews-Porta_Delle_Orsoline-Brunico_Province_of_South_Tyrol_Trentino_Alto_Adige.html, /Attractions-g194704-Activities-Brunico_Province_of_South_Tyrol_Trentino_Alto_Adige.html
Associazione Turistica Brunico Kronplatz Turismo, 4.5, Traveller Resources, /Attraction_Review-g194704-d12095419-Reviews-Associazione_Turistica_Brunico_Kronplatz_Turismo-Brunico_Province_of_South_Tyrol.html, /Attractions-g194704-Activities-Brunico_Province_of_South_Tyrol_Trentino_Alto_Adige.html
Messner Mountain Museum Biography, 4.5, Museums, /Attraction_Review-g194704-d12145051-Reviews-Messner_Mountain_Museum_Biography-Brunico_Province_of_South_Tyrol_Trentino_Alto_.html, /Attractions-g194704-Activities-Brunico_Province_of_South_Tyrol_Trentino_Alto_Adige.html
City Museum Brunico, 4.0, Museums, /Attraction_Review-g194704-d14987955-Reviews-City_Museum_Brunico-Brunico_Province_of_South_Tyrol_Trentino_Alto_Adige.html, /Attractions-g194704-Activities-Brunico_Province_of_South_Tyrol_Trentino_Alto_Adige.html
Villa Franzelin, 3.0, Sights & Landmarks, /Attraction_Review-g194704-d12510804-Reviews-Villa_Franzelin-Brunico_Province_of_South_Tyrol_Trentino_Alto_Adige.html, /Attractions-g194704-Activities-Brunico_Province_of_South_Tyrol_Trentino_Alto_Adige.html
Kaiserwarte, 4.0, Sights & Landmarks, /Attraction_Review-g194704-d19516566-Reviews-Kaiserwarte-Brunico_Province_of_South_Tyrol_Trentino_Alto_Adige.html, /Attractions-g194704-Activities-Brunico_Province_of_South_Tyrol_Trentino_Alto_Adige.html
Cappella Klosterwald, 3.0, Sights & Landmarks, /Attraction_Review-g194704-d11824922-Reviews-Cappella_Klosterwald-Brunico_Province_of_South_Tyrol_Trentino_Alto_Adige.html, /Attractions-g194704-Activities-Brunico_Province_of_South_Tyrol_Trentino_Alto_Adige.html
