attraction_name, attraction_rate, attraction_type, attraction_url, attraction_parent_url
Galleria Alfonso Artiaco, 5.0, Museums, /Attraction_Review-g187785-d11884542-Reviews-Galleria_Alfonso_Artiaco-Naples_Province_of_Naples_Campania.html, /Attractions-g187785-Activities-Naples_Province_of_Naples_Campania.html
Chiesa di San Raffaele, 4.0, Sights & Landmarks, /Attraction_Review-g187785-d12858466-Reviews-Chiesa_di_San_Raffaele-Naples_Province_of_Naples_Campania.html, /Attractions-g187785-Activities-Naples_Province_of_Naples_Campania.html
Pantesia, 5.0, Sights & Landmarks, /Attraction_Review-g187785-d4876028-Reviews-Pantesia-Naples_Province_of_Naples_Campania.html, /Attractions-g187785-Activities-Naples_Province_of_Naples_Campania.html
Battistero di San Giovanni in Fonte Napoli, 5.0, Sights & Landmarks, /Attraction_Review-g187785-d20059257-Reviews-Battistero_di_San_Giovanni_in_Fonte_Napoli-Naples_Province_of_Naples_Campania.html, /Attractions-g187785-Activities-Naples_Province_of_Naples_Campania.html
Palazzo dell'Immacolatella, 4.0, Sights & Landmarks, /Attraction_Review-g187785-d11817458-Reviews-Palazzo_dell_Immacolatella-Naples_Province_of_Naples_Campania.html, /Attractions-g187785-Activities-Naples_Province_of_Naples_Campania.html
Villa di Donato, 3.5, Sights & Landmarks, /Attraction_Review-g187785-d13073060-Reviews-Villa_di_Donato-Naples_Province_of_Naples_Campania.html, /Attractions-g187785-Activities-Naples_Province_of_Naples_Campania.html
Martin Luther King Jr. Mural by Jorit Agoch, 5.0, Sights & Landmarks, /Attraction_Review-g187785-d19890551-Reviews-Martin_Luther_King_Jr_Mural_by_Jorit_Agoch-Naples_Province_of_Naples_Campania.html, /Attractions-g187785-Activities-Naples_Province_of_Naples_Campania.html
Statua di Augusto, 5.0, Sights & Landmarks, /Attraction_Review-g187785-d19926060-Reviews-Statua_di_Augusto-Naples_Province_of_Naples_Campania.html, /Attractions-g187785-Activities-Naples_Province_of_Naples_Campania.html
Biblioteca di Societa Napoletana di Storia Patria, 4.0, Traveller Resources, /Attraction_Review-g187785-d12987427-Reviews-Biblioteca_di_Societa_Napoletana_di_Storia_Patria-Naples_Province_of_Naples_Camp.html, /Attractions-g187785-Activities-Naples_Province_of_Naples_Campania.html
Palazzo della Banca d'Italia, 5.0, Sights & Landmarks, /Attraction_Review-g187785-d12861401-Reviews-Palazzo_della_Banca_d_Italia-Naples_Province_of_Naples_Campania.html, /Attractions-g187785-Activities-Naples_Province_of_Naples_Campania.html
Chiesa dell'Immacolata a Fuorigrotta, 5.0, Sights & Landmarks, /Attraction_Review-g187785-d12858793-Reviews-Chiesa_dell_Immacolata_a_Fuorigrotta-Naples_Province_of_Naples_Campania.html, /Attractions-g187785-Activities-Naples_Province_of_Naples_Campania.html
Complesso di Santa Maria della Libera, 4.0, Sights & Landmarks, /Attraction_Review-g187785-d12859276-Reviews-Complesso_di_Santa_Maria_della_Libera-Naples_Province_of_Naples_Campania.html, /Attractions-g187785-Activities-Naples_Province_of_Naples_Campania.html
Chiesa di Santa Maria della Mercede e Sant'Alfonso Maria de' Liguori, 4.0, Sights & Landmarks, /Attraction_Review-g187785-d12858515-Reviews-Chiesa_di_Santa_Maria_della_Mercede_e_Sant_Alfonso_Maria_de_Liguori-Naples_Provi.html, /Attractions-g187785-Activities-Naples_Province_of_Naples_Campania.html
Palazzo Tocco di Montemiletto, 4.0, Sights & Landmarks, /Attraction_Review-g187785-d12859428-Reviews-Palazzo_Tocco_di_Montemiletto-Naples_Province_of_Naples_Campania.html, /Attractions-g187785-Activities-Naples_Province_of_Naples_Campania.html
Teatro Cabaret Portalba, 2.5, Concerts & Shows, /Attraction_Review-g187785-d4166756-Reviews-Teatro_Cabaret_Portalba-Naples_Province_of_Naples_Campania.html, /Attractions-g187785-Activities-Naples_Province_of_Naples_Campania.html
Chiesa di Sancta Maria Succurre Miseris ai Vergini, 4.5, Sights & Landmarks, /Attraction_Review-g187785-d10729089-Reviews-Chiesa_di_Sancta_Maria_Succurre_Miseris_ai_Vergini-Naples_Province_of_Naples_Cam.html, /Attractions-g187785-Activities-Naples_Province_of_Naples_Campania.html
La Pinacoteca - Dipinti Antichi, 5.0, Museums, /Attraction_Review-g187785-d11884459-Reviews-La_Pinacoteca_Dipinti_Antichi-Naples_Province_of_Naples_Campania.html, /Attractions-g187785-Activities-Naples_Province_of_Naples_Campania.html
Biblioteca Domenico Severino 8^ Municipalità, 5.0, Traveller Resources, /Attraction_Review-g187785-d11817438-Reviews-Biblioteca_Domenico_Severino_8_Municipalita-Naples_Province_of_Naples_Campania.html, /Attractions-g187785-Activities-Naples_Province_of_Naples_Campania.html
Centro Universitario Sportivo, 5.0, Fun & Games, /Attraction_Review-g187785-d13442418-Reviews-Centro_Universitario_Sportivo-Naples_Province_of_Naples_Campania.html, /Attractions-g187785-Activities-Naples_Province_of_Naples_Campania.html
Fontane Obelischi di Piazza Mercato, 4.0, Sights & Landmarks, /Attraction_Review-g187785-d20035037-Reviews-Fontane_Obelischi_di_Piazza_Mercato-Naples_Province_of_Naples_Campania.html, /Attractions-g187785-Activities-Naples_Province_of_Naples_Campania.html
Caserma Nino Bixio, 4.0, Sights & Landmarks, /Attraction_Review-g187785-d13002053-Reviews-Caserma_Nino_Bixio-Naples_Province_of_Naples_Campania.html, /Attractions-g187785-Activities-Naples_Province_of_Naples_Campania.html
Palazzo Partanna, 4.0, Sights & Landmarks, /Attraction_Review-g187785-d13002049-Reviews-Palazzo_Partanna-Naples_Province_of_Naples_Campania.html, /Attractions-g187785-Activities-Naples_Province_of_Naples_Campania.html
Chiesa della Sacra Famiglia dei Cinesi, 4.0, Sights & Landmarks, /Attraction_Review-g187785-d12853680-Reviews-Chiesa_della_Sacra_Famiglia_dei_Cinesi-Naples_Province_of_Naples_Campania.html, /Attractions-g187785-Activities-Naples_Province_of_Naples_Campania.html
Passeggiata Colonna, 5.0, Sights & Landmarks, /Attraction_Review-g187785-d17762701-Reviews-Passeggiata_Colonna-Naples_Province_of_Naples_Campania.html, /Attractions-g187785-Activities-Naples_Province_of_Naples_Campania.html
Chiesa di Sant'Andrea Apostolo, 4.0, Sights & Landmarks, /Attraction_Review-g187785-d12858483-Reviews-Chiesa_di_Sant_Andrea_Apostolo-Naples_Province_of_Naples_Campania.html, /Attractions-g187785-Activities-Naples_Province_of_Naples_Campania.html
Centro Hurtado, 4.0, Sights & Landmarks, /Attraction_Review-g187785-d6600572-Reviews-Centro_Hurtado-Naples_Province_of_Naples_Campania.html, /Attractions-g187785-Activities-Naples_Province_of_Naples_Campania.html
Palazzo Miranda o De Medici, 3.5, Sights & Landmarks, /Attraction_Review-g187785-d12859547-Reviews-Palazzo_Miranda_o_De_Medici-Naples_Province_of_Naples_Campania.html, /Attractions-g187785-Activities-Naples_Province_of_Naples_Campania.html
Chiesa S. Andrea in Gattoli, 2.5, Sights & Landmarks, /Attraction_Review-g187785-d10175035-Reviews-Chiesa_S_Andrea_in_Gattoli-Naples_Province_of_Naples_Campania.html, /Attractions-g187785-Activities-Naples_Province_of_Naples_Campania.html
latteria la bufala, 5.0, Food & Drink, /Attraction_Review-g187785-d6717536-Reviews-Latteria_la_bufala-Naples_Province_of_Naples_Campania.html, /Attractions-g187785-Activities-Naples_Province_of_Naples_Campania.html
Via San Biagio Dei Librai, 3.5, Sights & Landmarks, /Attraction_Review-g187785-d16694231-Reviews-Via_San_Biagio_Dei_Librai-Naples_Province_of_Naples_Campania.html, /Attractions-g187785-Activities-Naples_Province_of_Naples_Campania.html
