attraction_name, attraction_rate, attraction_type, attraction_url, attraction_parent_url
Dai Prati di Tivo al Rifugio Franchetti, 4.5, Nature & Parks, /Attraction_Review-g1632625-d12073403-Reviews-Dai_Prati_di_Tivo_al_Rifugio_Franchetti-Pietracamela_Province_of_Teramo_Abruzzo.html, /Attractions-g1632625-Activities-Pietracamela_Province_of_Teramo_Abruzzo.html
Da Pietracamela alla Val Maone, 4.5, Nature & Parks, /Attraction_Review-g1632625-d12073401-Reviews-Da_Pietracamela_alla_Val_Maone-Pietracamela_Province_of_Teramo_Abruzzo.html, /Attractions-g1632625-Activities-Pietracamela_Province_of_Teramo_Abruzzo.html
Prati di Tivo, 4.0, Nature & Parks, /Attraction_Review-g1632625-d13531098-Reviews-Prati_di_Tivo-Pietracamela_Province_of_Teramo_Abruzzo.html, /Attractions-g1632625-Activities-Pietracamela_Province_of_Teramo_Abruzzo.html
Centro Storico di Pietracamela, 4.5, Sights & Landmarks, /Attraction_Review-g1632625-d12865497-Reviews-Centro_Storico_di_Pietracamela-Pietracamela_Province_of_Teramo_Abruzzo.html, /Attractions-g1632625-Activities-Pietracamela_Province_of_Teramo_Abruzzo.html
Sella dei Due Corni, 5.0, Nature & Parks, /Attraction_Review-g1632625-d13236827-Reviews-Sella_dei_Due_Corni-Pietracamela_Province_of_Teramo_Abruzzo.html, /Attractions-g1632625-Activities-Pietracamela_Province_of_Teramo_Abruzzo.html
San Leucio Church, 4.0, Sights & Landmarks, /Attraction_Review-g1632625-d2634088-Reviews-San_Leucio_Church-Pietracamela_Province_of_Teramo_Abruzzo.html, /Attractions-g1632625-Activities-Pietracamela_Province_of_Teramo_Abruzzo.html
Cabinovia 'La' Madonnina', 4.0, Sights & Landmarks, /Attraction_Review-g1632625-d18965668-Reviews-Cabinovia_La_Madonnina-Pietracamela_Province_of_Teramo_Abruzzo.html, /Attractions-g1632625-Activities-Pietracamela_Province_of_Teramo_Abruzzo.html
Ghiacciaio del Calderone, 5.0, Nature & Parks, /Attraction_Review-g1632625-d13350034-Reviews-Ghiacciaio_del_Calderone-Pietracamela_Province_of_Teramo_Abruzzo.html, /Attractions-g1632625-Activities-Pietracamela_Province_of_Teramo_Abruzzo.html
Chiesa di San Rocco, 4.0, Sights & Landmarks, /Attraction_Review-g1632625-d13350040-Reviews-Chiesa_di_San_Rocco-Pietracamela_Province_of_Teramo_Abruzzo.html, /Attractions-g1632625-Activities-Pietracamela_Province_of_Teramo_Abruzzo.html
Teramo, None, Tours, /Attraction_Review-g1632625-d21285092-Reviews-Teramo-Pietracamela_Province_of_Teramo_Abruzzo.html, /Attractions-g1632625-Activities-Pietracamela_Province_of_Teramo_Abruzzo.html
