attraction_name, attraction_rate, attraction_type, attraction_url, attraction_parent_url
Castello dell'Innominato, 4.5, Sights & Landmarks, /Attraction_Review-g1077502-d8621114-Reviews-Castello_dell_Innominato-Vercurago_Province_of_Lecco_Lombardy.html, /Attractions-g1077502-Activities-Vercurago_Province_of_Lecco_Lombardy.html
Lungolago Aldo Moro, 4.5, Sights & Landmarks, /Attraction_Review-g1077502-d10805291-Reviews-Lungolago_Aldo_Moro-Vercurago_Province_of_Lecco_Lombardy.html, /Attractions-g1077502-Activities-Vercurago_Province_of_Lecco_Lombardy.html
Santuario San Girolamo Emiliani, 4.5, Sights & Landmarks, /Attraction_Review-g1077502-d10195960-Reviews-Santuario_San_Girolamo_Emiliani-Vercurago_Province_of_Lecco_Lombardy.html, /Attractions-g1077502-Activities-Vercurago_Province_of_Lecco_Lombardy.html
bar PREGIO, 4.0, Nightlife, /Attraction_Review-g1077502-d4343671-Reviews-Bar_PREGIO-Vercurago_Province_of_Lecco_Lombardy.html, /Attractions-g1077502-Activities-Vercurago_Province_of_Lecco_Lombardy.html
Chiesa dei Santi Gervasio e Protasio, None, Sights & Landmarks, /Attraction_Review-g1077502-d12965771-Reviews-Chiesa_dei_Santi_Gervasio_e_Protasio-Vercurago_Province_of_Lecco_Lombardy.html, /Attractions-g1077502-Activities-Vercurago_Province_of_Lecco_Lombardy.html
