attraction_name, attraction_rate, attraction_type, attraction_url, attraction_parent_url
Chiesa di Sant'Elia, None, Sights & Landmarks, /Attraction_Review-g7625430-d10317802-Reviews-Chiesa_di_Sant_Elia-Sant_Elia_a_Pianisi_Province_of_Campobasso_Molise.html, /Attractions-g7625430-Activities-Sant_Elia_a_Pianisi_Province_of_Campobasso_Molise.html
Convento Dei Cappuccini, None, Sights & Landmarks, /Attraction_Review-g7625430-d10312992-Reviews-Convento_Dei_Cappuccini-Sant_Elia_a_Pianisi_Province_of_Campobasso_Molise.html, /Attractions-g7625430-Activities-Sant_Elia_a_Pianisi_Province_of_Campobasso_Molise.html
Chiesa Madre, None, Sights & Landmarks, /Attraction_Review-g7625430-d13564225-Reviews-Chiesa_Madre-Sant_Elia_a_Pianisi_Province_of_Campobasso_Molise.html, /Attractions-g7625430-Activities-Sant_Elia_a_Pianisi_Province_of_Campobasso_Molise.html
Chiesa di San Pietro, None, Sights & Landmarks, /Attraction_Review-g7625430-d13564238-Reviews-Chiesa_di_San_Pietro-Sant_Elia_a_Pianisi_Province_of_Campobasso_Molise.html, /Attractions-g7625430-Activities-Sant_Elia_a_Pianisi_Province_of_Campobasso_Molise.html
Cappella di Sant'Anna, None, Sights & Landmarks, /Attraction_Review-g7625430-d15321565-Reviews-Cappella_di_Sant_Anna-Sant_Elia_a_Pianisi_Province_of_Campobasso_Molise.html, /Attractions-g7625430-Activities-Sant_Elia_a_Pianisi_Province_of_Campobasso_Molise.html
Casa Natale di Padre Raffaele, None, Sights & Landmarks, /Attraction_Review-g7625430-d15321493-Reviews-Casa_Natale_di_Padre_Raffaele-Sant_Elia_a_Pianisi_Province_of_Campobasso_Molise.html, /Attractions-g7625430-Activities-Sant_Elia_a_Pianisi_Province_of_Campobasso_Molise.html
Chiesa di San Rocco, None, Sights & Landmarks, /Attraction_Review-g7625430-d15321531-Reviews-Chiesa_di_San_Rocco-Sant_Elia_a_Pianisi_Province_of_Campobasso_Molise.html, /Attractions-g7625430-Activities-Sant_Elia_a_Pianisi_Province_of_Campobasso_Molise.html
