attraction_name, attraction_rate, attraction_type, attraction_url, attraction_parent_url
Basilica di Santa Maria della Coltura, 4.5, Sights & Landmarks, /Attraction_Review-g946294-d8598172-Reviews-Basilica_di_Santa_Maria_della_Coltura-Parabita_Province_of_Lecce_Puglia.html, /Attractions-g946294-Activities-Parabita_Province_of_Lecce_Puglia.html
Castello Angioino, 4.0, Sights & Landmarks, /Attraction_Review-g946294-d12810374-Reviews-Castello_Angioino-Parabita_Province_of_Lecce_Puglia.html, /Attractions-g946294-Activities-Parabita_Province_of_Lecce_Puglia.html
Parrocchia San Giovanni Battista, 5.0, Sights & Landmarks, /Attraction_Review-g946294-d12810376-Reviews-Parrocchia_San_Giovanni_Battista-Parabita_Province_of_Lecce_Puglia.html, /Attractions-g946294-Activities-Parabita_Province_of_Lecce_Puglia.html
Enoteca Salentusole, 5.0, Shopping, /Attraction_Review-g946294-d4463403-Reviews-Enoteca_Salentusole-Parabita_Province_of_Lecce_Puglia.html, /Attractions-g946294-Activities-Parabita_Province_of_Lecce_Puglia.html
Ego Cafe, 4.5, Nightlife, /Attraction_Review-g946294-d5922982-Reviews-Ego_Cafe-Parabita_Province_of_Lecce_Puglia.html, /Attractions-g946294-Activities-Parabita_Province_of_Lecce_Puglia.html
Pasta Fresca La Mattrha, 4.5, Shopping, /Attraction_Review-g946294-d6651268-Reviews-Pasta_Fresca_La_Mattrha-Parabita_Province_of_Lecce_Puglia.html, /Attractions-g946294-Activities-Parabita_Province_of_Lecce_Puglia.html
La Porta, 5.0, Nightlife, /Attraction_Review-g946294-d17465067-Reviews-La_Porta-Parabita_Province_of_Lecce_Puglia.html, /Attractions-g946294-Activities-Parabita_Province_of_Lecce_Puglia.html
Xo fatima mirizio, None, Shopping, /Attraction_Review-g946294-d4976123-Reviews-Xo_fatima_mirizio-Parabita_Province_of_Lecce_Puglia.html, /Attractions-g946294-Activities-Parabita_Province_of_Lecce_Puglia.html
Chiesa delle Anime del Purgatorio, None, Sights & Landmarks, /Attraction_Review-g946294-d12810375-Reviews-Chiesa_delle_Anime_del_Purgatorio-Parabita_Province_of_Lecce_Puglia.html, /Attractions-g946294-Activities-Parabita_Province_of_Lecce_Puglia.html
