attraction_name, attraction_rate, attraction_type, attraction_url, attraction_parent_url
Grotta Remeron, 4.5, Nature & Parks, /Attraction_Review-g1080102-d3221186-Reviews-Grotta_Remeron-Comerio_Province_of_Varese_Lombardy.html, /Attractions-g1080102-Activities-Comerio_Province_of_Varese_Lombardy.html
Parco di Villa Tatti Tallacchini, 4.5, Nature & Parks, /Attraction_Review-g1080102-d7751550-Reviews-Parco_di_Villa_Tatti_Tallacchini-Comerio_Province_of_Varese_Lombardy.html, /Attractions-g1080102-Activities-Comerio_Province_of_Varese_Lombardy.html
Chiesa di San Celso, 5.0, Sights & Landmarks, /Attraction_Review-g1080102-d10719424-Reviews-Chiesa_di_San_Celso-Comerio_Province_of_Varese_Lombardy.html, /Attractions-g1080102-Activities-Comerio_Province_of_Varese_Lombardy.html
Collezione Zoologica, 5.0, Museums, /Attraction_Review-g1080102-d12620337-Reviews-Collezione_Zoologica-Comerio_Province_of_Varese_Lombardy.html, /Attractions-g1080102-Activities-Comerio_Province_of_Varese_Lombardy.html
Pendolo di Foucault, 5.0, Sights & Landmarks, /Attraction_Review-g1080102-d12620433-Reviews-Pendolo_di_Foucault-Comerio_Province_of_Varese_Lombardy.html, /Attractions-g1080102-Activities-Comerio_Province_of_Varese_Lombardy.html
Be Different Lounge bar, 5.0, Nightlife, /Attraction_Review-g1080102-d4766563-Reviews-Be_Different_Lounge_bar-Comerio_Province_of_Varese_Lombardy.html, /Attractions-g1080102-Activities-Comerio_Province_of_Varese_Lombardy.html
La Stele, None, Sights & Landmarks, /Attraction_Review-g1080102-d12620382-Reviews-La_Stele-Comerio_Province_of_Varese_Lombardy.html, /Attractions-g1080102-Activities-Comerio_Province_of_Varese_Lombardy.html
Monumento ai caduti di Comerio, None, Sights & Landmarks, /Attraction_Review-g1080102-d15594358-Reviews-Monumento_ai_caduti_di_Comerio-Comerio_Province_of_Varese_Lombardy.html, /Attractions-g1080102-Activities-Comerio_Province_of_Varese_Lombardy.html
