attraction_name, attraction_rate, attraction_type, attraction_url, attraction_parent_url
Villa Reimann, 4.0, Sights & Landmarks, /Attraction_Review-g187891-d15195499-Reviews-Villa_Reimann-Syracuse_Province_of_Syracuse_Sicily.html, /Attractions-g187891-Activities-Syracuse_Province_of_Syracuse_Sicily.html
Ara di Ierone, 3.5, Sights & Landmarks, /Attraction_Review-g187891-d12016449-Reviews-Ara_di_Ierone-Syracuse_Province_of_Syracuse_Sicily.html, /Attractions-g187891-Activities-Syracuse_Province_of_Syracuse_Sicily.html
Infopoint Siracusa, 4.0, Traveller Resources, /Attraction_Review-g187891-d10305795-Reviews-Infopoint_Siracusa-Syracuse_Province_of_Syracuse_Sicily.html, /Attractions-g187891-Activities-Syracuse_Province_of_Syracuse_Sicily.html
Agriturismo Limoneto, 4.0, Sights & Landmarks, /Attraction_Review-g187891-d4493385-Reviews-Agriturismo_Limoneto-Syracuse_Province_of_Syracuse_Sicily.html, /Attractions-g187891-Activities-Syracuse_Province_of_Syracuse_Sicily.html
Artemision, 3.0, Sights & Landmarks, /Attraction_Review-g187891-d8366384-Reviews-Artemision-Syracuse_Province_of_Syracuse_Sicily.html, /Attractions-g187891-Activities-Syracuse_Province_of_Syracuse_Sicily.html
Punta Castelluccio, 4.0, Sights & Landmarks, /Attraction_Review-g187891-d4547465-Reviews-Punta_Castelluccio-Syracuse_Province_of_Syracuse_Sicily.html, /Attractions-g187891-Activities-Syracuse_Province_of_Syracuse_Sicily.html
Lido Terrazza Fanusa, 3.5, Nature & Parks, /Attraction_Review-g187891-d8598670-Reviews-Lido_Terrazza_Fanusa-Syracuse_Province_of_Syracuse_Sicily.html, /Attractions-g187891-Activities-Syracuse_Province_of_Syracuse_Sicily.html
Chiesa di San Francesco d'Assisi all'Immacolata, 4.0, Sights & Landmarks, /Attraction_Review-g187891-d4096678-Reviews-Chiesa_di_San_Francesco_d_Assisi_all_Immacolata-Syracuse_Province_of_Syracuse_Sic.html, /Attractions-g187891-Activities-Syracuse_Province_of_Syracuse_Sicily.html
Palazzo Benevantano del Bosco, 4.5, Sights & Landmarks, /Attraction_Review-g187891-d12945852-Reviews-Palazzo_Benevantano_del_Bosco-Syracuse_Province_of_Syracuse_Sicily.html, /Attractions-g187891-Activities-Syracuse_Province_of_Syracuse_Sicily.html
Ponte Umbertino, 4.0, Sights & Landmarks, /Attraction_Review-g187891-d15531887-Reviews-Ponte_Umbertino-Syracuse_Province_of_Syracuse_Sicily.html, /Attractions-g187891-Activities-Syracuse_Province_of_Syracuse_Sicily.html
Chiesa San Paolo, 4.0, Sights & Landmarks, /Attraction_Review-g187891-d12486033-Reviews-Chiesa_San_Paolo-Syracuse_Province_of_Syracuse_Sicily.html, /Attractions-g187891-Activities-Syracuse_Province_of_Syracuse_Sicily.html
Chiesa di San Tommaso al Pantheon, 3.0, Sights & Landmarks, /Attraction_Review-g187891-d10260774-Reviews-Chiesa_di_San_Tommaso_al_Pantheon-Syracuse_Province_of_Syracuse_Sicily.html, /Attractions-g187891-Activities-Syracuse_Province_of_Syracuse_Sicily.html
Chiesa di San Martino, 3.5, Sights & Landmarks, /Attraction_Review-g187891-d4521908-Reviews-Chiesa_di_San_Martino-Syracuse_Province_of_Syracuse_Sicily.html, /Attractions-g187891-Activities-Syracuse_Province_of_Syracuse_Sicily.html
Palazzo Vermexio, 4.5, Sights & Landmarks, /Attraction_Review-g187891-d13148858-Reviews-Palazzo_Vermexio-Syracuse_Province_of_Syracuse_Sicily.html, /Attractions-g187891-Activities-Syracuse_Province_of_Syracuse_Sicily.html
Chiesa del Carmine, 4.5, Sights & Landmarks, /Attraction_Review-g187891-d12486003-Reviews-Chiesa_del_Carmine-Syracuse_Province_of_Syracuse_Sicily.html, /Attractions-g187891-Activities-Syracuse_Province_of_Syracuse_Sicily.html
Palazzo Impellizzeri - Vianisi, 5.0, Sights & Landmarks, /Attraction_Review-g187891-d14965185-Reviews-Palazzo_Impellizzeri_Vianisi-Syracuse_Province_of_Syracuse_Sicily.html, /Attractions-g187891-Activities-Syracuse_Province_of_Syracuse_Sicily.html
Catacombe di Vigna Cassia, 3.5, Sights & Landmarks, /Attraction_Review-g187891-d7063074-Reviews-Catacombe_di_Vigna_Cassia-Syracuse_Province_of_Syracuse_Sicily.html, /Attractions-g187891-Activities-Syracuse_Province_of_Syracuse_Sicily.html
Chiesa dello Spirito Santo, 4.0, Sights & Landmarks, /Attraction_Review-g187891-d14797935-Reviews-Chiesa_dello_Spirito_Santo-Syracuse_Province_of_Syracuse_Sicily.html, /Attractions-g187891-Activities-Syracuse_Province_of_Syracuse_Sicily.html
Chiesa di San Pietro Apostolo, 4.5, Sights & Landmarks, /Attraction_Review-g187891-d14945546-Reviews-Chiesa_di_San_Pietro_Apostolo-Syracuse_Province_of_Syracuse_Sicily.html, /Attractions-g187891-Activities-Syracuse_Province_of_Syracuse_Sicily.html
Palazzo Impellizzeri, 5.0, Sights & Landmarks, /Attraction_Review-g187891-d13001893-Reviews-Palazzo_Impellizzeri-Syracuse_Province_of_Syracuse_Sicily.html, /Attractions-g187891-Activities-Syracuse_Province_of_Syracuse_Sicily.html
Chiesa del Collegio dei Gesuiti, 4.5, Sights & Landmarks, /Attraction_Review-g187891-d14893144-Reviews-Chiesa_del_Collegio_dei_Gesuiti-Syracuse_Province_of_Syracuse_Sicily.html, /Attractions-g187891-Activities-Syracuse_Province_of_Syracuse_Sicily.html
Teatro Comunale Di Siracusa, 4.5, Concerts & Shows, /Attraction_Review-g187891-d16882930-Reviews-Teatro_Comunale_Di_Siracusa-Syracuse_Province_of_Syracuse_Sicily.html, /Attractions-g187891-Activities-Syracuse_Province_of_Syracuse_Sicily.html
Palazzo Arcivescovile, 4.5, Sights & Landmarks, /Attraction_Review-g187891-d13148852-Reviews-Palazzo_Arcivescovile-Syracuse_Province_of_Syracuse_Sicily.html, /Attractions-g187891-Activities-Syracuse_Province_of_Syracuse_Sicily.html
Cappella Sveva Arcivescovado, 4.5, Sights & Landmarks, /Attraction_Review-g187891-d15144264-Reviews-Cappella_Sveva_Arcivescovado-Syracuse_Province_of_Syracuse_Sicily.html, /Attractions-g187891-Activities-Syracuse_Province_of_Syracuse_Sicily.html
Palazzo Montalto, 4.0, Sights & Landmarks, /Attraction_Review-g187891-d13001885-Reviews-Palazzo_Montalto-Syracuse_Province_of_Syracuse_Sicily.html, /Attractions-g187891-Activities-Syracuse_Province_of_Syracuse_Sicily.html
San Nicolo dei Cordari, 3.5, Sights & Landmarks, /Attraction_Review-g187891-d6776557-Reviews-San_Nicolo_dei_Cordari-Syracuse_Province_of_Syracuse_Sicily.html, /Attractions-g187891-Activities-Syracuse_Province_of_Syracuse_Sicily.html
Infopoint Wanderlust, 4.0, Traveller Resources, /Attraction_Review-g187891-d12230834-Reviews-Infopoint_Wanderlust-Syracuse_Province_of_Syracuse_Sicily.html, /Attractions-g187891-Activities-Syracuse_Province_of_Syracuse_Sicily.html
Chiesa di Santa Maria dei Pericoli, 5.0, Sights & Landmarks, /Attraction_Review-g187891-d13216901-Reviews-Chiesa_di_Santa_Maria_dei_Pericoli-Syracuse_Province_of_Syracuse_Sicily.html, /Attractions-g187891-Activities-Syracuse_Province_of_Syracuse_Sicily.html
Chiesa di San Giuseppe, 2.5, Sights & Landmarks, /Attraction_Review-g187891-d6692188-Reviews-Chiesa_di_San_Giuseppe-Syracuse_Province_of_Syracuse_Sicily.html, /Attractions-g187891-Activities-Syracuse_Province_of_Syracuse_Sicily.html
Galleria Civica Montevergini, 4.0, Museums, /Attraction_Review-g187891-d16679604-Reviews-Galleria_Civica_Montevergini-Syracuse_Province_of_Syracuse_Sicily.html, /Attractions-g187891-Activities-Syracuse_Province_of_Syracuse_Sicily.html
