attraction_name, attraction_rate, attraction_type, attraction_url, attraction_parent_url
Cinquecento caffe, 4.5, Nightlife, /Attraction_Review-g2300076-d4755754-Reviews-Cinquecento_caffe-Piedimonte_San_Germano_Province_of_Frosinone_Lazio.html, /Attractions-g2300076-Activities-Piedimonte_San_Germano_Province_of_Frosinone_Lazio.html
Bar Costa dal 1973 di Costa Antonio, 3.5, Nightlife, /Attraction_Review-g2300076-d4307482-Reviews-Bar_Costa_dal_1973_di_Costa_Antonio-Piedimonte_San_Germano_Province_of_Frosinone.html, /Attractions-g2300076-Activities-Piedimonte_San_Germano_Province_of_Frosinone_Lazio.html
Chiesa Santa Maria Assunta, None, Sights & Landmarks, /Attraction_Review-g2300076-d20813309-Reviews-Chiesa_Santa_Maria_Assunta-Piedimonte_San_Germano_Province_of_Frosinone_Lazio.html, /Attractions-g2300076-Activities-Piedimonte_San_Germano_Province_of_Frosinone_Lazio.html
Chiesa Santa Maria Assunta, None, Sights & Landmarks, /Attraction_Review-g2300076-d20813310-Reviews-Chiesa_Santa_Maria_Assunta-Piedimonte_San_Germano_Province_of_Frosinone_Lazio.html, /Attractions-g2300076-Activities-Piedimonte_San_Germano_Province_of_Frosinone_Lazio.html
