attraction_name, attraction_rate, attraction_type, attraction_url, attraction_parent_url
Compiano Castle, 4.0, Museums, /Attraction_Review-g1760493-d3224502-Reviews-Compiano_Castle-Compiano_Province_of_Parma_Emilia_Romagna.html, /Attractions-g1760493-Activities-Compiano_Province_of_Parma_Emilia_Romagna.html
Chiesa di San Giovanni Battista, None, Sights & Landmarks, /Attraction_Review-g1760493-d13001708-Reviews-Chiesa_di_San_Giovanni_Battista-Compiano_Province_of_Parma_Emilia_Romagna.html, /Attractions-g1760493-Activities-Compiano_Province_of_Parma_Emilia_Romagna.html
Chiesa di San Giacomo Maggiore, None, Sights & Landmarks, /Attraction_Review-g1760493-d19140120-Reviews-Chiesa_di_San_Giacomo_Maggiore-Compiano_Province_of_Parma_Emilia_Romagna.html, /Attractions-g1760493-Activities-Compiano_Province_of_Parma_Emilia_Romagna.html
Tolasudolsa di Bertoli Valeria, None, Tours, /Attraction_Review-g1760493-d17751523-Reviews-Tolasudolsa_di_Bertoli_Valeria-Compiano_Province_of_Parma_Emilia_Romagna.html, /Attractions-g1760493-Activities-Compiano_Province_of_Parma_Emilia_Romagna.html
