attraction_name, attraction_rate, attraction_type, attraction_url, attraction_parent_url
Convento Di Santa Maria Del Cengio, 4.5, Sights & Landmarks, /Attraction_Review-g2400398-d7110745-Reviews-Convento_Di_Santa_Maria_Del_Cengio-Isola_Vicentina_Province_of_Vicenza_Veneto.html, /Attractions-g2400398-Activities-Isola_Vicentina_Province_of_Vicenza_Veneto.html
Biblioteca Comunale R. Guardini, 5.0, Traveller Resources, /Attraction_Review-g2400398-d12622476-Reviews-Biblioteca_Comunale_R_Guardini-Isola_Vicentina_Province_of_Vicenza_Veneto.html, /Attractions-g2400398-Activities-Isola_Vicentina_Province_of_Vicenza_Veneto.html
Bar Faggin, 4.5, Nightlife, /Attraction_Review-g2400398-d5927420-Reviews-Bar_Faggin-Isola_Vicentina_Province_of_Vicenza_Veneto.html, /Attractions-g2400398-Activities-Isola_Vicentina_Province_of_Vicenza_Veneto.html
Mostra Didattica Permanente “Communitas Insularum”, None, Museums, /Attraction_Review-g2400398-d12786354-Reviews-Mostra_Didattica_Permanente_Communitas_Insularum-Isola_Vicentina_Province_of_Vi.html, /Attractions-g2400398-Activities-Isola_Vicentina_Province_of_Vicenza_Veneto.html
Villa Panizza - Croci, None, Sights & Landmarks, /Attraction_Review-g2400398-d12622457-Reviews-Villa_Panizza_Croci-Isola_Vicentina_Province_of_Vicenza_Veneto.html, /Attractions-g2400398-Activities-Isola_Vicentina_Province_of_Vicenza_Veneto.html
Chiesa di San Pietro Apostolo, None, Sights & Landmarks, /Attraction_Review-g2400398-d18935864-Reviews-Chiesa_di_San_Pietro_Apostolo-Isola_Vicentina_Province_of_Vicenza_Veneto.html, /Attractions-g2400398-Activities-Isola_Vicentina_Province_of_Vicenza_Veneto.html
Chiesa di San Rocco, None, Sights & Landmarks, /Attraction_Review-g2400398-d18935877-Reviews-Chiesa_di_San_Rocco-Isola_Vicentina_Province_of_Vicenza_Veneto.html, /Attractions-g2400398-Activities-Isola_Vicentina_Province_of_Vicenza_Veneto.html
