attraction_name, attraction_rate, attraction_type, attraction_url, attraction_parent_url
Giardino Botanico Valbonella, 4.5, Museums, /Attraction_Review-g1515257-d10751102-Reviews-Giardino_Botanico_Valbonella-Santa_Sofia_Province_of_Forli_Cesena_Emilia_Romagn.html, /Attractions-g1515257-Activities-Santa_Sofia_Province_of_Forli_Cesena_Emilia_Romagna.html
Zerbale, 4.5, Nature & Parks, /Attraction_Review-g1515257-d15017539-Reviews-Zerbale-Santa_Sofia_Province_of_Forli_Cesena_Emilia_Romagna.html, /Attractions-g1515257-Activities-Santa_Sofia_Province_of_Forli_Cesena_Emilia_Romagna.html
Chiesa di San Pietro, 3.5, Sights & Landmarks, /Attraction_Review-g13559353-d13383959-Reviews-Chiesa_di_San_Pietro-Corniolo_Santa_Sofia_Province_of_Forli_Cesena_Emilia_Roma.html, /Attractions-g1515257-Activities-Santa_Sofia_Province_of_Forli_Cesena_Emilia_Romagna.html
Galleria d’Arte Contemporanea Vero Stoppioni, 4.5, Museums, /Attraction_Review-g1515257-d8650089-Reviews-Galleria_d_Arte_Contemporanea_Vero_Stoppioni-Santa_Sofia_Province_of_Forli_Cesen.html, /Attractions-g1515257-Activities-Santa_Sofia_Province_of_Forli_Cesena_Emilia_Romagna.html
Oratorio della Madonna delle Grazie, 4.0, Sights & Landmarks, /Attraction_Review-g1515257-d13412421-Reviews-Oratorio_della_Madonna_delle_Grazie-Santa_Sofia_Province_of_Forli_Cesena_Emilia.html, /Attractions-g1515257-Activities-Santa_Sofia_Province_of_Forli_Cesena_Emilia_Romagna.html
Via Romea Germanica, 1.0, Nature & Parks, /Attraction_Review-g1515257-d11548741-Reviews-Via_Romea_Germanica-Santa_Sofia_Province_of_Forli_Cesena_Emilia_Romagna.html, /Attractions-g1515257-Activities-Santa_Sofia_Province_of_Forli_Cesena_Emilia_Romagna.html
Antica Stamperia Olivetti, None, Tours, /Attraction_Review-g1515257-d3539431-Reviews-Antica_Stamperia_Olivetti-Santa_Sofia_Province_of_Forli_Cesena_Emilia_Romagna.html, /Attractions-g1515257-Activities-Santa_Sofia_Province_of_Forli_Cesena_Emilia_Romagna.html
Azienda Agricola La Rondinaia, None, Shopping, /Attraction_Review-g1515257-d23021118-Reviews-Azienda_Agricola_La_Rondinaia-Santa_Sofia_Province_of_Forli_Cesena_Emilia_Romag.html, /Attractions-g1515257-Activities-Santa_Sofia_Province_of_Forli_Cesena_Emilia_Romagna.html
