attraction_name, attraction_rate, attraction_type, attraction_url, attraction_parent_url
Badia di San Salvatore, 4.5, Sights & Landmarks, /Attraction_Review-g1180068-d3177686-Reviews-Badia_di_San_Salvatore-Vaiano_Province_of_Prato_Tuscany.html, /Attractions-g1180068-Activities-Vaiano_Province_of_Prato_Tuscany.html
Villa Vai al Mulinaccio, 4.5, Sights & Landmarks, /Attraction_Review-g1180068-d3209102-Reviews-Villa_Vai_al_Mulinaccio-Vaiano_Province_of_Prato_Tuscany.html, /Attractions-g1180068-Activities-Vaiano_Province_of_Prato_Tuscany.html
Pieve dei Santi Vito e Modesto, 4.0, Sights & Landmarks, /Attraction_Review-g1180068-d12818646-Reviews-Pieve_dei_Santi_Vito_e_Modesto-Vaiano_Province_of_Prato_Tuscany.html, /Attractions-g1180068-Activities-Vaiano_Province_of_Prato_Tuscany.html
Stazione di Vaiano, 4.0, Transportation, /Attraction_Review-g1180068-d20356173-Reviews-Stazione_di_Vaiano-Vaiano_Province_of_Prato_Tuscany.html, /Attractions-g1180068-Activities-Vaiano_Province_of_Prato_Tuscany.html
Fondazione CDSE - Centro di documentazione storico-etnografica, None, Traveller Resources, /Attraction_Review-g1180068-d17422063-Reviews-Fondazione_CDSE_Centro_di_documentazione_storico_etnografica-Vaiano_Province_of.html, /Attractions-g1180068-Activities-Vaiano_Province_of_Prato_Tuscany.html
