attraction_name, attraction_rate, attraction_type, attraction_url, attraction_parent_url
Santuario della Madonna del Montegrappa, 4.5, Sights & Landmarks, /Attraction_Review-g1575045-d6897782-Reviews-Santuario_della_Madonna_del_Montegrappa-Tuglie_Province_of_Lecce_Puglia.html, /Attractions-g1575045-Activities-Tuglie_Province_of_Lecce_Puglia.html
Museo della Radio, 5.0, Museums, /Attraction_Review-g1575045-d6881012-Reviews-Museo_della_Radio-Tuglie_Province_of_Lecce_Puglia.html, /Attractions-g1575045-Activities-Tuglie_Province_of_Lecce_Puglia.html
Museo della civilta contadina del Salento, 4.5, Museums, /Attraction_Review-g1575045-d8627382-Reviews-Museo_della_civilta_contadina_del_Salento-Tuglie_Province_of_Lecce_Puglia.html, /Attractions-g1575045-Activities-Tuglie_Province_of_Lecce_Puglia.html
Chiesa di San Giuseppe, 4.0, Sights & Landmarks, /Attraction_Review-g1575045-d12840006-Reviews-Chiesa_di_San_Giuseppe-Tuglie_Province_of_Lecce_Puglia.html, /Attractions-g1575045-Activities-Tuglie_Province_of_Lecce_Puglia.html
Chiesa della Santissima Annunziata, 4.0, Sights & Landmarks, /Attraction_Review-g1575045-d10084899-Reviews-Chiesa_della_Santissima_Annunziata-Tuglie_Province_of_Lecce_Puglia.html, /Attractions-g1575045-Activities-Tuglie_Province_of_Lecce_Puglia.html
Bar Aragona, 5.0, Nightlife, /Attraction_Review-g1575045-d5923283-Reviews-Bar_Aragona-Tuglie_Province_of_Lecce_Puglia.html, /Attractions-g1575045-Activities-Tuglie_Province_of_Lecce_Puglia.html
Chiesa delle Anime, 5.0, Sights & Landmarks, /Attraction_Review-g1575045-d14012470-Reviews-Chiesa_delle_Anime-Tuglie_Province_of_Lecce_Puglia.html, /Attractions-g1575045-Activities-Tuglie_Province_of_Lecce_Puglia.html
