attraction_name, attraction_rate, attraction_type, attraction_url, attraction_parent_url
Roman Walls, 4.0, Sights & Landmarks, /Attraction_Review-g187791-d196823-Reviews-Roman_Walls-Rome_Lazio.html, /Attractions-g187791-Activities-Rome_Lazio.html
Monumento a Garibaldi, 4.5, Sights & Landmarks, /Attraction_Review-g187791-d8779664-Reviews-Monumento_a_Garibaldi-Rome_Lazio.html, /Attractions-g187791-Activities-Rome_Lazio.html
Piazza Vittorio Emanuele II, 3.5, Sights & Landmarks, /Attraction_Review-g187791-d246154-Reviews-Piazza_Vittorio_Emanuele_II-Rome_Lazio.html, /Attractions-g187791-Activities-Rome_Lazio.html
Gasometro, 3.5, Sights & Landmarks, /Attraction_Review-g187791-d4609171-Reviews-Gasometro-Rome_Lazio.html, /Attractions-g187791-Activities-Rome_Lazio.html
Palazzo delle Esposizioni, 4.0, Museums, /Attraction_Review-g187791-d729454-Reviews-Palazzo_delle_Esposizioni-Rome_Lazio.html, /Attractions-g187791-Activities-Rome_Lazio.html
TuliPark, 4.0, Nature & Parks, /Attraction_Review-g187791-d13162447-Reviews-TuliPark-Rome_Lazio.html, /Attractions-g187791-Activities-Rome_Lazio.html
Museo Condominiale di Tor Marancia, 4.5, Museums, /Attraction_Review-g187791-d9842205-Reviews-Museo_Condominiale_di_Tor_Marancia-Rome_Lazio.html, /Attractions-g187791-Activities-Rome_Lazio.html
Cordonata, 4.5, Sights & Landmarks, /Attraction_Review-g187791-d7895701-Reviews-Cordonata-Rome_Lazio.html, /Attractions-g187791-Activities-Rome_Lazio.html
Museo Hendrik Christian Andersen, 4.5, Museums, /Attraction_Review-g187791-d2005155-Reviews-Museo_Hendrik_Christian_Andersen-Rome_Lazio.html, /Attractions-g187791-Activities-Rome_Lazio.html
Museos Vaticanos, 4.5, Museums, /Attraction_Review-g187791-d2345994-Reviews-Museos_Vaticanos-Rome_Lazio.html, /Attractions-g187791-Activities-Rome_Lazio.html
Tenuta di Castelporziano, 4.5, Sights & Landmarks, /Attraction_Review-g187791-d10384301-Reviews-Tenuta_di_Castelporziano-Rome_Lazio.html, /Attractions-g187791-Activities-Rome_Lazio.html
Chiesa del Domine Quo Vadis, 4.5, Sights & Landmarks, /Attraction_Review-g187791-d246076-Reviews-Chiesa_del_Domine_Quo_Vadis-Rome_Lazio.html, /Attractions-g187791-Activities-Rome_Lazio.html
Parco di Colle Oppio, 3.5, Nature & Parks, /Attraction_Review-g187791-d246137-Reviews-Parco_di_Colle_Oppio-Rome_Lazio.html, /Attractions-g187791-Activities-Rome_Lazio.html
Basilica of Maxentius, 4.5, Sights & Landmarks, /Attraction_Review-g187791-d245949-Reviews-Basilica_of_Maxentius-Rome_Lazio.html, /Attractions-g187791-Activities-Rome_Lazio.html
Gladiator Museum, 3.0, Museums, /Attraction_Review-g187791-d12584434-Reviews-Gladiator_Museum-Rome_Lazio.html, /Attractions-g187791-Activities-Rome_Lazio.html
Basilica di Sant'Anastasia al Palatino, 4.0, Sights & Landmarks, /Attraction_Review-g187791-d7256846-Reviews-Basilica_di_Sant_Anastasia_al_Palatino-Rome_Lazio.html, /Attractions-g187791-Activities-Rome_Lazio.html
Temple of Asclepius, 4.5, Sights & Landmarks, /Attraction_Review-g187791-d8754618-Reviews-Temple_of_Asclepius-Rome_Lazio.html, /Attractions-g187791-Activities-Rome_Lazio.html
Ponte Vittorio Emanuele II, 4.0, Sights & Landmarks, /Attraction_Review-g187791-d7099543-Reviews-Ponte_Vittorio_Emanuele_II-Rome_Lazio.html, /Attractions-g187791-Activities-Rome_Lazio.html
Museo Civico di Zoologia, 3.5, Museums, /Attraction_Review-g187791-d1821760-Reviews-Museo_Civico_di_Zoologia-Rome_Lazio.html, /Attractions-g187791-Activities-Rome_Lazio.html
Chiesa di Santa Maria ai Monti, 4.0, Sights & Landmarks, /Attraction_Review-g187791-d5777449-Reviews-Chiesa_di_Santa_Maria_ai_Monti-Rome_Lazio.html, /Attractions-g187791-Activities-Rome_Lazio.html
Basilica Del Sacro Cuore Di Gesù, 4.5, Sights & Landmarks, /Attraction_Review-g187791-d6865208-Reviews-Basilica_Del_Sacro_Cuore_Di_Gesu-Rome_Lazio.html, /Attractions-g187791-Activities-Rome_Lazio.html
Convento San Bonaventura al Palatino, 4.5, Sights & Landmarks, /Attraction_Review-g187791-d8388873-Reviews-Convento_San_Bonaventura_al_Palatino-Rome_Lazio.html, /Attractions-g187791-Activities-Rome_Lazio.html
Mercato Monti Urban Market, 3.5, Museums, /Attraction_Review-g187791-d4833195-Reviews-Mercato_Monti_Urban_Market-Rome_Lazio.html, /Attractions-g187791-Activities-Rome_Lazio.html
Basilica di Sant'Eustachio, 4.0, Sights & Landmarks, /Attraction_Review-g187791-d7056005-Reviews-Basilica_di_Sant_Eustachio-Rome_Lazio.html, /Attractions-g187791-Activities-Rome_Lazio.html
Oasi Park, 4.0, Water & Amusement Parks, /Attraction_Review-g187791-d5293409-Reviews-Oasi_Park-Rome_Lazio.html, /Attractions-g187791-Activities-Rome_Lazio.html
Arco degli Acetari, 4.0, Sights & Landmarks, /Attraction_Review-g187791-d3769024-Reviews-Arco_degli_Acetari-Rome_Lazio.html, /Attractions-g187791-Activities-Rome_Lazio.html
Palazzo dei Conservatori, 4.5, Museums, /Attraction_Review-g187791-d246132-Reviews-Palazzo_dei_Conservatori-Rome_Lazio.html, /Attractions-g187791-Activities-Rome_Lazio.html
Chiesa di Santa Maria dell'Orto, 4.5, Sights & Landmarks, /Attraction_Review-g187791-d4090728-Reviews-Chiesa_di_Santa_Maria_dell_Orto-Rome_Lazio.html, /Attractions-g187791-Activities-Rome_Lazio.html
Museo della Repubblica Romana e della Memoria Garibaldina, 4.0, Museums, /Attraction_Review-g187791-d3993843-Reviews-Museo_della_Repubblica_Romana_e_della_Memoria_Garibaldina-Rome_Lazio.html, /Attractions-g187791-Activities-Rome_Lazio.html
Chiesa di Santa Maria in Traspontina, 4.5, Sights & Landmarks, /Attraction_Review-g187791-d7824804-Reviews-Chiesa_di_Santa_Maria_in_Traspontina-Rome_Lazio.html, /Attractions-g187791-Activities-Rome_Lazio.html
