attraction_name, attraction_rate, attraction_type, attraction_url, attraction_parent_url
Bagno Rosa, 4.5, Nature & Parks, /Attraction_Review-g1184511-d3545309-Reviews-Bagno_Rosa-Lido_di_Classe_Province_of_Ravenna_Emilia_Romagna.html, /Attractions-g1184511-Activities-Lido_di_Classe_Province_of_Ravenna_Emilia_Romagna.html
Spiaggia Libera Lido di Classe, 4.0, Nature & Parks, /Attraction_Review-g1184511-d12857612-Reviews-Spiaggia_Libera_Lido_di_Classe-Lido_di_Classe_Province_of_Ravenna_Emilia_Romagn.html, /Attractions-g1184511-Activities-Lido_di_Classe_Province_of_Ravenna_Emilia_Romagna.html
Korasol - Bagno 24, 4.5, Nature & Parks, /Attraction_Review-g1184511-d4781545-Reviews-Korasol_Bagno_24-Lido_di_Classe_Province_of_Ravenna_Emilia_Romagna.html, /Attractions-g1184511-Activities-Lido_di_Classe_Province_of_Ravenna_Emilia_Romagna.html
Bagno 2000, 4.0, Nature & Parks, /Attraction_Review-g1184511-d12791129-Reviews-Bagno_2000-Lido_di_Classe_Province_of_Ravenna_Emilia_Romagna.html, /Attractions-g1184511-Activities-Lido_di_Classe_Province_of_Ravenna_Emilia_Romagna.html
Bagno Gogo Beach, 3.0, Nature & Parks, /Attraction_Review-g1184511-d7901066-Reviews-Bagno_Gogo_Beach-Lido_di_Classe_Province_of_Ravenna_Emilia_Romagna.html, /Attractions-g1184511-Activities-Lido_di_Classe_Province_of_Ravenna_Emilia_Romagna.html
Bagno Torakiki, 4.0, Outdoor Activities, /Attraction_Review-g1184511-d12664019-Reviews-Bagno_Torakiki-Lido_di_Classe_Province_of_Ravenna_Emilia_Romagna.html, /Attractions-g1184511-Activities-Lido_di_Classe_Province_of_Ravenna_Emilia_Romagna.html
Mattley Beach, 4.0, Nature & Parks, /Attraction_Review-g1184511-d4368352-Reviews-Mattley_Beach-Lido_di_Classe_Province_of_Ravenna_Emilia_Romagna.html, /Attractions-g1184511-Activities-Lido_di_Classe_Province_of_Ravenna_Emilia_Romagna.html
Spiaggia 30, 4.0, Nature & Parks, /Attraction_Review-g1184511-d10736229-Reviews-Spiaggia_30-Lido_di_Classe_Province_of_Ravenna_Emilia_Romagna.html, /Attractions-g1184511-Activities-Lido_di_Classe_Province_of_Ravenna_Emilia_Romagna.html
Bagno Playa Pura Vida, 4.0, Outdoor Activities, /Attraction_Review-g1184511-d14980355-Reviews-Bagno_Playa_Pura_Vida-Lido_di_Classe_Province_of_Ravenna_Emilia_Romagna.html, /Attractions-g1184511-Activities-Lido_di_Classe_Province_of_Ravenna_Emilia_Romagna.html
Bagno Venere n.4, 4.5, Nightlife, /Attraction_Review-g1184511-d5924294-Reviews-Bagno_Venere_n_4-Lido_di_Classe_Province_of_Ravenna_Emilia_Romagna.html, /Attractions-g1184511-Activities-Lido_di_Classe_Province_of_Ravenna_Emilia_Romagna.html
