attraction_name, attraction_rate, attraction_type, attraction_url, attraction_parent_url
Crocifissione Di Pieter Brueghel Il Giovane, 4.5, Sights & Landmarks, /Attraction_Review-g1016840-d6944833-Reviews-Crocifissione_Di_Pieter_Brueghel_Il_Giovane-Castelnuovo_Magra_Province_of_La_Spe.html, /Attractions-g1016840-Activities-Castelnuovo_Magra_Province_of_La_Spezia_Liguria.html
Castello dei Vescovi di Luni, 4.0, Sights & Landmarks, /Attraction_Review-g1016840-d8611202-Reviews-Castello_dei_Vescovi_di_Luni-Castelnuovo_Magra_Province_of_La_Spezia_Liguria.html, /Attractions-g1016840-Activities-Castelnuovo_Magra_Province_of_La_Spezia_Liguria.html
Turris Magna, 4.5, Sights & Landmarks, /Attraction_Review-g1016840-d13934418-Reviews-Turris_Magna-Castelnuovo_Magra_Province_of_La_Spezia_Liguria.html, /Attractions-g1016840-Activities-Castelnuovo_Magra_Province_of_La_Spezia_Liguria.html
Centro Storico, 4.0, Sights & Landmarks, /Attraction_Review-g1016840-d15080662-Reviews-Centro_Storico-Castelnuovo_Magra_Province_of_La_Spezia_Liguria.html, /Attractions-g1016840-Activities-Castelnuovo_Magra_Province_of_La_Spezia_Liguria.html
Piazza Querciola, 3.5, Sights & Landmarks, /Attraction_Review-g1016840-d13921636-Reviews-Piazza_Querciola-Castelnuovo_Magra_Province_of_La_Spezia_Liguria.html, /Attractions-g1016840-Activities-Castelnuovo_Magra_Province_of_La_Spezia_Liguria.html
Oratorio dei Bianchi, 3.0, Sights & Landmarks, /Attraction_Review-g1016840-d13908887-Reviews-Oratorio_dei_Bianchi-Castelnuovo_Magra_Province_of_La_Spezia_Liguria.html, /Attractions-g1016840-Activities-Castelnuovo_Magra_Province_of_La_Spezia_Liguria.html
Oratorio dei Rossi - Santissimo Sacramento, 3.0, Sights & Landmarks, /Attraction_Review-g1016840-d13877421-Reviews-Oratorio_dei_Rossi_Santissimo_Sacramento-Castelnuovo_Magra_Province_of_La_Spezi.html, /Attractions-g1016840-Activities-Castelnuovo_Magra_Province_of_La_Spezia_Liguria.html
Castelnuovo's Crazy Beer, 5.0, Nightlife, /Attraction_Review-g1016840-d13279946-Reviews-Castelnuovo_s_Crazy_Beer-Castelnuovo_Magra_Province_of_La_Spezia_Liguria.html, /Attractions-g1016840-Activities-Castelnuovo_Magra_Province_of_La_Spezia_Liguria.html
Gelateria Alice, 4.5, Nightlife, /Attraction_Review-g1016840-d5931641-Reviews-Gelateria_Alice-Castelnuovo_Magra_Province_of_La_Spezia_Liguria.html, /Attractions-g1016840-Activities-Castelnuovo_Magra_Province_of_La_Spezia_Liguria.html
Antica Salumeria e Macelleria - Elena &amp; Mirco, 4.5, Shopping, /Attraction_Review-g1016840-d12318217-Reviews-Antica_Salumeria_e_Macelleria_Elena_Mirco-Castelnuovo_Magra_Province_of_La_Spez.html, /Attractions-g1016840-Activities-Castelnuovo_Magra_Province_of_La_Spezia_Liguria.html
Arte e Casa, 5.0, Shopping, /Attraction_Review-g1016840-d4409778-Reviews-Arte_e_Casa-Castelnuovo_Magra_Province_of_La_Spezia_Liguria.html, /Attractions-g1016840-Activities-Castelnuovo_Magra_Province_of_La_Spezia_Liguria.html
Ufficio Informazioni e Accoglienza Turistica, None, Traveller Resources, /Attraction_Review-g1016840-d12872836-Reviews-Ufficio_Informazioni_e_Accoglienza_Turistica-Castelnuovo_Magra_Province_of_La_S.html, /Attractions-g1016840-Activities-Castelnuovo_Magra_Province_of_La_Spezia_Liguria.html
Chiesa di Santa Maria Maddalena, None, Sights & Landmarks, /Attraction_Review-g1016840-d18717046-Reviews-Chiesa_di_Santa_Maria_Maddalena-Castelnuovo_Magra_Province_of_La_Spezia_Liguria.html, /Attractions-g1016840-Activities-Castelnuovo_Magra_Province_of_La_Spezia_Liguria.html
Chiesa del Sacro Cuore, None, Sights & Landmarks, /Attraction_Review-g1016840-d18717044-Reviews-Chiesa_del_Sacro_Cuore-Castelnuovo_Magra_Province_of_La_Spezia_Liguria.html, /Attractions-g1016840-Activities-Castelnuovo_Magra_Province_of_La_Spezia_Liguria.html
