attraction_name, attraction_rate, attraction_type, attraction_url, attraction_parent_url
La Fortezza di Osoppo, 4.5, Sights & Landmarks, /Attraction_Review-g1082251-d7066904-Reviews-La_Fortezza_di_Osoppo-Osoppo_Province_of_Udine_Friuli_Venezia_Giulia.html, /Attractions-g1082251-Activities-Osoppo_Province_of_Udine_Friuli_Venezia_Giulia.html
Enoteca Bottiglieria La Nicchia, 4.5, Food & Drink, /Attraction_Review-g1082251-d3840692-Reviews-Enoteca_Bottiglieria_La_Nicchia-Osoppo_Province_of_Udine_Friuli_Venezia_Giulia.html, /Attractions-g1082251-Activities-Osoppo_Province_of_Udine_Friuli_Venezia_Giulia.html
Parco del Rivellino, 4.0, Nature & Parks, /Attraction_Review-g1082251-d14063684-Reviews-Parco_del_Rivellino-Osoppo_Province_of_Udine_Friuli_Venezia_Giulia.html, /Attractions-g1082251-Activities-Osoppo_Province_of_Udine_Friuli_Venezia_Giulia.html
Chiesa di San Pietro, 3.5, Sights & Landmarks, /Attraction_Review-g1082251-d9458156-Reviews-Chiesa_di_San_Pietro-Osoppo_Province_of_Udine_Friuli_Venezia_Giulia.html, /Attractions-g1082251-Activities-Osoppo_Province_of_Udine_Friuli_Venezia_Giulia.html
Chiesa di Santa Maria ad Nives, None, Sights & Landmarks, /Attraction_Review-g1082251-d10678217-Reviews-Chiesa_di_Santa_Maria_ad_Nives-Osoppo_Province_of_Udine_Friuli_Venezia_Giulia.html, /Attractions-g1082251-Activities-Osoppo_Province_of_Udine_Friuli_Venezia_Giulia.html
Sorgive di Bars, None, Nature & Parks, /Attraction_Review-g1082251-d12692405-Reviews-Sorgive_di_Bars-Osoppo_Province_of_Udine_Friuli_Venezia_Giulia.html, /Attractions-g1082251-Activities-Osoppo_Province_of_Udine_Friuli_Venezia_Giulia.html
Chiesa di San Rocco, None, Sights & Landmarks, /Attraction_Review-g1082251-d10679384-Reviews-Chiesa_di_San_Rocco-Osoppo_Province_of_Udine_Friuli_Venezia_Giulia.html, /Attractions-g1082251-Activities-Osoppo_Province_of_Udine_Friuli_Venezia_Giulia.html
Osoppo Tourist Office, None, Traveller Resources, /Attraction_Review-g1082251-d12347509-Reviews-Osoppo_Tourist_Office-Osoppo_Province_of_Udine_Friuli_Venezia_Giulia.html, /Attractions-g1082251-Activities-Osoppo_Province_of_Udine_Friuli_Venezia_Giulia.html
