attraction_name, attraction_rate, attraction_type, attraction_url, attraction_parent_url
La Pozzolana Di Ponente, 4.5, Sights & Landmarks, /Attraction_Review-g1204636-d4817231-Reviews-La_Pozzolana_Di_Ponente-Linosa_Islands_of_Sicily_Sicily.html, /Attractions-g1204636-Activities-Linosa_Islands_of_Sicily_Sicily.html
Piscina Naturale, 4.5, Nature & Parks, /Attraction_Review-g1204636-d10666612-Reviews-Piscina_Naturale-Linosa_Islands_of_Sicily_Sicily.html, /Attractions-g1204636-Activities-Linosa_Islands_of_Sicily_Sicily.html
Centro Recupero Tartarughe Marine, 5.0, Nature & Parks, /Attraction_Review-g1204636-d3381722-Reviews-Centro_Recupero_Tartarughe_Marine-Linosa_Islands_of_Sicily_Sicily.html, /Attractions-g1204636-Activities-Linosa_Islands_of_Sicily_Sicily.html
I Faraglioni di Linosa, 5.0, Nature & Parks, /Attraction_Review-g1204636-d10665557-Reviews-I_Faraglioni_di_Linosa-Linosa_Islands_of_Sicily_Sicily.html, /Attractions-g1204636-Activities-Linosa_Islands_of_Sicily_Sicily.html
Monte Vulcano, 4.0, Nature & Parks, /Attraction_Review-g1204636-d19071199-Reviews-Monte_Vulcano-Linosa_Islands_of_Sicily_Sicily.html, /Attractions-g1204636-Activities-Linosa_Islands_of_Sicily_Sicily.html
Monte Nero, 4.5, Nature & Parks, /Attraction_Review-g1204636-d19102714-Reviews-Monte_Nero-Linosa_Islands_of_Sicily_Sicily.html, /Attractions-g1204636-Activities-Linosa_Islands_of_Sicily_Sicily.html
Linosa in Barca, 5.0, Boat Tours & Water Sports, /Attraction_Review-g1204636-d17705082-Reviews-Linosa_in_Barca-Linosa_Islands_of_Sicily_Sicily.html, /Attractions-g1204636-Activities-Linosa_Islands_of_Sicily_Sicily.html
Linosa Errera, 5.0, Boat Tours & Water Sports, /Attraction_Review-g1204636-d2337576-Reviews-Linosa_Errera-Linosa_Islands_of_Sicily_Sicily.html, /Attractions-g1204636-Activities-Linosa_Islands_of_Sicily_Sicily.html
Linosa Blu Diving, 5.0, Boat Tours & Water Sports, /Attraction_Review-g1204636-d12684445-Reviews-Linosa_Blu_Diving-Linosa_Islands_of_Sicily_Sicily.html, /Attractions-g1204636-Activities-Linosa_Islands_of_Sicily_Sicily.html
Terraferma Diving, 5.0, Boat Tours & Water Sports, /Attraction_Review-g1204636-d6002561-Reviews-Terraferma_Diving-Linosa_Islands_of_Sicily_Sicily.html, /Attractions-g1204636-Activities-Linosa_Islands_of_Sicily_Sicily.html
Mare Nostrum Diving Linosa, 5.0, Boat Tours & Water Sports, /Attraction_Review-g1204636-d10437185-Reviews-Mare_Nostrum_Diving_Linosa-Linosa_Islands_of_Sicily_Sicily.html, /Attractions-g1204636-Activities-Linosa_Islands_of_Sicily_Sicily.html
Lupo Giardina, 5.0, Boat Tours & Water Sports, /Attraction_Review-g1204636-d19426268-Reviews-Lupo_Giardina-Linosa_Islands_of_Sicily_Sicily.html, /Attractions-g1204636-Activities-Linosa_Islands_of_Sicily_Sicily.html
Summer Bike, 5.0, Outdoor Activities, /Attraction_Review-g1204636-d14895917-Reviews-Summer_Bike-Linosa_Islands_of_Sicily_Sicily.html, /Attractions-g1204636-Activities-Linosa_Islands_of_Sicily_Sicily.html
Azienda Agricola Montalbano Bio, 3.5, Shopping, /Attraction_Review-g1204636-d15133488-Reviews-Azienda_Agricola_Montalbano_Bio-Linosa_Islands_of_Sicily_Sicily.html, /Attractions-g1204636-Activities-Linosa_Islands_of_Sicily_Sicily.html
Monte Vulcano, None, Nature & Parks, /Attraction_Review-g1204636-d19067062-Reviews-Monte_Vulcano-Linosa_Islands_of_Sicily_Sicily.html, /Attractions-g1204636-Activities-Linosa_Islands_of_Sicily_Sicily.html
Chiesa San Gerlando, None, Sights & Landmarks, /Attraction_Review-g1204636-d20380036-Reviews-Chiesa_San_Gerlando-Linosa_Islands_of_Sicily_Sicily.html, /Attractions-g1204636-Activities-Linosa_Islands_of_Sicily_Sicily.html
