attraction_name, attraction_rate, attraction_type, attraction_url, attraction_parent_url
Waalweg Algund, 4.5, Nature & Parks, /Attraction_Review-g1079897-d4584782-Reviews-Waalweg_Algund-Lagundo_Province_of_South_Tyrol_Trentino_Alto_Adige.html, /Attractions-g1079897-Activities-Lagundo_Province_of_South_Tyrol_Trentino_Alto_Adige.html
Forst Brewery, 4.0, Food & Drink, /Attraction_Review-g1079897-d3653742-Reviews-Forst_Brewery-Lagundo_Province_of_South_Tyrol_Trentino_Alto_Adige.html, /Attractions-g1079897-Activities-Lagundo_Province_of_South_Tyrol_Trentino_Alto_Adige.html
Chiesa Parrocchiale di San Giuseppe, 4.5, Sights & Landmarks, /Attraction_Review-g1079897-d2724416-Reviews-Chiesa_Parrocchiale_di_San_Giuseppe-Lagundo_Province_of_South_Tyrol_Trentino_Alt.html, /Attractions-g1079897-Activities-Lagundo_Province_of_South_Tyrol_Trentino_Alto_Adige.html
Walderlebnispfad Aschbach, 4.5, Nature & Parks, /Attraction_Review-g1079897-d9868034-Reviews-Walderlebnispfad_Aschbach-Lagundo_Province_of_South_Tyrol_Trentino_Alto_Adige.html, /Attractions-g1079897-Activities-Lagundo_Province_of_South_Tyrol_Trentino_Alto_Adige.html
Associazione Turistica Lagundo, 5.0, Traveller Resources, /Attraction_Review-g1079897-d12854201-Reviews-Associazione_Turistica_Lagundo-Lagundo_Province_of_South_Tyrol_Trentino_Alto_Ad.html, /Attractions-g1079897-Activities-Lagundo_Province_of_South_Tyrol_Trentino_Alto_Adige.html
Weinlehrpfad, 5.0, Nature & Parks, /Attraction_Review-g1079897-d9868332-Reviews-Weinlehrpfad-Lagundo_Province_of_South_Tyrol_Trentino_Alto_Adige.html, /Attractions-g1079897-Activities-Lagundo_Province_of_South_Tyrol_Trentino_Alto_Adige.html
Schloss Forst, 5.0, Sights & Landmarks, /Attraction_Review-g1079897-d12855149-Reviews-Schloss_Forst-Lagundo_Province_of_South_Tyrol_Trentino_Alto_Adige.html, /Attractions-g1079897-Activities-Lagundo_Province_of_South_Tyrol_Trentino_Alto_Adige.html
Texelgruppe Nature Park, 4.5, Nature & Parks, /Attraction_Review-g1079897-d8632346-Reviews-Texelgruppe_Nature_Park-Lagundo_Province_of_South_Tyrol_Trentino_Alto_Adige.html, /Attractions-g1079897-Activities-Lagundo_Province_of_South_Tyrol_Trentino_Alto_Adige.html
Bike and Hike - Rent I Repair I Shop I Tours, 5.0, Nature & Parks, /Attraction_Review-g1079897-d13127551-Reviews-Bike_and_Hike_Rent_I_Repair_I_Shop_I_Tours-Lagundo_Province_of_South_Tyrol_Tren.html, /Attractions-g1079897-Activities-Lagundo_Province_of_South_Tyrol_Trentino_Alto_Adige.html
Latteria Lagundo, 5.0, Food & Drink, /Attraction_Review-g1079897-d14203846-Reviews-Latteria_Lagundo-Lagundo_Province_of_South_Tyrol_Trentino_Alto_Adige.html, /Attractions-g1079897-Activities-Lagundo_Province_of_South_Tyrol_Trentino_Alto_Adige.html
Minigolf Treff Algund, 4.5, Fun & Games, /Attraction_Review-g1079897-d12859874-Reviews-Minigolf_Treff_Algund-Lagundo_Province_of_South_Tyrol_Trentino_Alto_Adige.html, /Attractions-g1079897-Activities-Lagundo_Province_of_South_Tyrol_Trentino_Alto_Adige.html
Amadeus - Tracht. Kult. Lifestyle., 5.0, Shopping, /Attraction_Review-g1079897-d10771404-Reviews-Amadeus_Tracht_Kult_Lifestyle-Lagundo_Province_of_South_Tyrol_Trentino_Alto_Adi.html, /Attractions-g1079897-Activities-Lagundo_Province_of_South_Tyrol_Trentino_Alto_Adige.html
Convento Suore Domenicane, 3.0, Sights & Landmarks, /Attraction_Review-g1079897-d12854251-Reviews-Convento_Suore_Domenicane-Lagundo_Province_of_South_Tyrol_Trentino_Alto_Adige.html, /Attractions-g1079897-Activities-Lagundo_Province_of_South_Tyrol_Trentino_Alto_Adige.html
Chiesa Parrocchiale di Sant'Ippolito ed Erardo, 3.0, Sights & Landmarks, /Attraction_Review-g1079897-d12855182-Reviews-Chiesa_Parrocchiale_di_Sant_Ippolito_ed_Erardo-Lagundo_Province_of_South_Tyrol_.html, /Attractions-g1079897-Activities-Lagundo_Province_of_South_Tyrol_Trentino_Alto_Adige.html
Bindhofer, 3.0, Sights & Landmarks, /Attraction_Review-g1079897-d21397680-Reviews-Bindhofer-Lagundo_Province_of_South_Tyrol_Trentino_Alto_Adige.html, /Attractions-g1079897-Activities-Lagundo_Province_of_South_Tyrol_Trentino_Alto_Adige.html
Prack, 3.0, Sights & Landmarks, /Attraction_Review-g1079897-d21397689-Reviews-Prack-Lagundo_Province_of_South_Tyrol_Trentino_Alto_Adige.html, /Attractions-g1079897-Activities-Lagundo_Province_of_South_Tyrol_Trentino_Alto_Adige.html
Ex Locanda An Der Vichschaid, 3.0, Sights & Landmarks, /Attraction_Review-g1079897-d21397688-Reviews-Ex_Locanda_An_Der_Vichschaid-Lagundo_Province_of_South_Tyrol_Trentino_Alto_Adig.html, /Attractions-g1079897-Activities-Lagundo_Province_of_South_Tyrol_Trentino_Alto_Adige.html
Steinhuber, 3.0, Sights & Landmarks, /Attraction_Review-g1079897-d21397695-Reviews-Steinhuber-Lagundo_Province_of_South_Tyrol_Trentino_Alto_Adige.html, /Attractions-g1079897-Activities-Lagundo_Province_of_South_Tyrol_Trentino_Alto_Adige.html
Warther, 2.0, Sights & Landmarks, /Attraction_Review-g1079897-d21397693-Reviews-Warther-Lagundo_Province_of_South_Tyrol_Trentino_Alto_Adige.html, /Attractions-g1079897-Activities-Lagundo_Province_of_South_Tyrol_Trentino_Alto_Adige.html
Toller, 2.0, Sights & Landmarks, /Attraction_Review-g1079897-d21397696-Reviews-Toller-Lagundo_Province_of_South_Tyrol_Trentino_Alto_Adige.html, /Attractions-g1079897-Activities-Lagundo_Province_of_South_Tyrol_Trentino_Alto_Adige.html
Maxi Mode Center, 2.0, Shopping, /Attraction_Review-g1079897-d6639117-Reviews-Maxi_Mode_Center-Lagundo_Province_of_South_Tyrol_Trentino_Alto_Adige.html, /Attractions-g1079897-Activities-Lagundo_Province_of_South_Tyrol_Trentino_Alto_Adige.html
Biblioteca Civica, None, Traveller Resources, /Attraction_Review-g1079897-d12848707-Reviews-Biblioteca_Civica-Lagundo_Province_of_South_Tyrol_Trentino_Alto_Adige.html, /Attractions-g1079897-Activities-Lagundo_Province_of_South_Tyrol_Trentino_Alto_Adige.html
Testata di Ponte Romano e Argine in Muratura, None, Sights & Landmarks, /Attraction_Review-g1079897-d12855170-Reviews-Testata_di_Ponte_Romano_e_Argine_in_Muratura-Lagundo_Province_of_South_Tyrol_Tr.html, /Attractions-g1079897-Activities-Lagundo_Province_of_South_Tyrol_Trentino_Alto_Adige.html
Chiesa di Sant'Ulrico, None, Sights & Landmarks, /Attraction_Review-g1079897-d12855159-Reviews-Chiesa_di_Sant_Ulrico-Lagundo_Province_of_South_Tyrol_Trentino_Alto_Adige.html, /Attractions-g1079897-Activities-Lagundo_Province_of_South_Tyrol_Trentino_Alto_Adige.html
Freibad Lido Algund, None, Fun & Games, /Attraction_Review-g1079897-d21224390-Reviews-Freibad_Lido_Algund-Lagundo_Province_of_South_Tyrol_Trentino_Alto_Adige.html, /Attractions-g1079897-Activities-Lagundo_Province_of_South_Tyrol_Trentino_Alto_Adige.html
