attraction_name, attraction_rate, attraction_type, attraction_url, attraction_parent_url
Palazzo Magnani, 5.0, Sights & Landmarks, /Attraction_Review-g187801-d11611844-Reviews-Palazzo_Magnani-Bologna_Province_of_Bologna_Emilia_Romagna.html, /Attractions-g187801-Activities-Bologna_Province_of_Bologna_Emilia_Romagna.html
Palazzo Hercolani, 4.0, Sights & Landmarks, /Attraction_Review-g187801-d2489930-Reviews-Palazzo_Hercolani-Bologna_Province_of_Bologna_Emilia_Romagna.html, /Attractions-g187801-Activities-Bologna_Province_of_Bologna_Emilia_Romagna.html
Chiesa di Santa Maria della Pioggia, 3.5, Sights & Landmarks, /Attraction_Review-g187801-d4814317-Reviews-Chiesa_di_Santa_Maria_della_Pioggia-Bologna_Province_of_Bologna_Emilia_Romagna.html, /Attractions-g187801-Activities-Bologna_Province_of_Bologna_Emilia_Romagna.html
Parco Cavaioni, 2.5, Nature & Parks, /Attraction_Review-g187801-d12214673-Reviews-Parco_Cavaioni-Bologna_Province_of_Bologna_Emilia_Romagna.html, /Attractions-g187801-Activities-Bologna_Province_of_Bologna_Emilia_Romagna.html
Chiesa dei Santi Bartolomeo e Gaetano, 4.0, Sights & Landmarks, /Attraction_Review-g187801-d14803825-Reviews-Chiesa_dei_Santi_Bartolomeo_e_Gaetano-Bologna_Province_of_Bologna_Emilia_Romagna.html, /Attractions-g187801-Activities-Bologna_Province_of_Bologna_Emilia_Romagna.html
Teatro Testoni Ragazzi, 5.0, Concerts & Shows, /Attraction_Review-g187801-d2708489-Reviews-Teatro_Testoni_Ragazzi-Bologna_Province_of_Bologna_Emilia_Romagna.html, /Attractions-g187801-Activities-Bologna_Province_of_Bologna_Emilia_Romagna.html
Urban Center Bologna, 5.0, Traveller Resources, /Attraction_Review-g187801-d14071879-Reviews-Urban_Center_Bologna-Bologna_Province_of_Bologna_Emilia_Romagna.html, /Attractions-g187801-Activities-Bologna_Province_of_Bologna_Emilia_Romagna.html
Oratorio Spirito Santo, 4.0, Sights & Landmarks, /Attraction_Review-g187801-d592652-Reviews-Oratorio_Spirito_Santo-Bologna_Province_of_Bologna_Emilia_Romagna.html, /Attractions-g187801-Activities-Bologna_Province_of_Bologna_Emilia_Romagna.html
Genus Bononiae&& percorso culturale, 4.5, Sights & Landmarks, /Attraction_Review-g187801-d3139962-Reviews-Genus_Bononiae_percorso_culturale-Bologna_Province_of_Bologna_Emilia_Romagna.html, /Attractions-g187801-Activities-Bologna_Province_of_Bologna_Emilia_Romagna.html
Piazza Minghetti, 4.5, Sights & Landmarks, /Attraction_Review-g187801-d15658900-Reviews-Piazza_Minghetti-Bologna_Province_of_Bologna_Emilia_Romagna.html, /Attractions-g187801-Activities-Bologna_Province_of_Bologna_Emilia_Romagna.html
Bologna Welcome, 2.0, Traveller Resources, /Attraction_Review-g187801-d12273006-Reviews-Bologna_Welcome-Bologna_Province_of_Bologna_Emilia_Romagna.html, /Attractions-g187801-Activities-Bologna_Province_of_Bologna_Emilia_Romagna.html
Porta Lame, 3.5, Sights & Landmarks, /Attraction_Review-g187801-d592656-Reviews-Porta_Lame-Bologna_Province_of_Bologna_Emilia_Romagna.html, /Attractions-g187801-Activities-Bologna_Province_of_Bologna_Emilia_Romagna.html
Porta San Felice, 3.5, Sights & Landmarks, /Attraction_Review-g187801-d9865467-Reviews-Porta_San_Felice-Bologna_Province_of_Bologna_Emilia_Romagna.html, /Attractions-g187801-Activities-Bologna_Province_of_Bologna_Emilia_Romagna.html
Museo Civico del Risorgimento, 3.5, Museums, /Attraction_Review-g187801-d10113724-Reviews-Museo_Civico_del_Risorgimento-Bologna_Province_of_Bologna_Emilia_Romagna.html, /Attractions-g187801-Activities-Bologna_Province_of_Bologna_Emilia_Romagna.html
Torre Azzoguidi (detta Altabella), 3.5, Sights & Landmarks, /Attraction_Review-g187801-d12151793-Reviews-Torre_Azzoguidi_detta_Altabella-Bologna_Province_of_Bologna_Emilia_Romagna.html, /Attractions-g187801-Activities-Bologna_Province_of_Bologna_Emilia_Romagna.html
Parco 11 Settembre 2001, 3.0, Nature & Parks, /Attraction_Review-g187801-d12214669-Reviews-Parco_11_Settembre_2001-Bologna_Province_of_Bologna_Emilia_Romagna.html, /Attractions-g187801-Activities-Bologna_Province_of_Bologna_Emilia_Romagna.html
Parco Nord, 2.5, Nature & Parks, /Attraction_Review-g187801-d15211076-Reviews-Parco_Nord-Bologna_Province_of_Bologna_Emilia_Romagna.html, /Attractions-g187801-Activities-Bologna_Province_of_Bologna_Emilia_Romagna.html
Torresotto di Via Castiglione, 4.0, Sights & Landmarks, /Attraction_Review-g187801-d8870032-Reviews-Torresotto_di_Via_Castiglione-Bologna_Province_of_Bologna_Emilia_Romagna.html, /Attractions-g187801-Activities-Bologna_Province_of_Bologna_Emilia_Romagna.html
Convento Patriarcale San Domenico, 4.0, Sights & Landmarks, /Attraction_Review-g187801-d7244453-Reviews-Convento_Patriarcale_San_Domenico-Bologna_Province_of_Bologna_Emilia_Romagna.html, /Attractions-g187801-Activities-Bologna_Province_of_Bologna_Emilia_Romagna.html
Museo Di Anatomia Comparata, 4.5, Museums, /Attraction_Review-g187801-d2002722-Reviews-Museo_Di_Anatomia_Comparata-Bologna_Province_of_Bologna_Emilia_Romagna.html, /Attractions-g187801-Activities-Bologna_Province_of_Bologna_Emilia_Romagna.html
Palazzo Isolani, 4.5, Sights & Landmarks, /Attraction_Review-g187801-d12214699-Reviews-Palazzo_Isolani-Bologna_Province_of_Bologna_Emilia_Romagna.html, /Attractions-g187801-Activities-Bologna_Province_of_Bologna_Emilia_Romagna.html
Chiesa di San Sigismondo, 3.5, Sights & Landmarks, /Attraction_Review-g187801-d8837078-Reviews-Chiesa_di_San_Sigismondo-Bologna_Province_of_Bologna_Emilia_Romagna.html, /Attractions-g187801-Activities-Bologna_Province_of_Bologna_Emilia_Romagna.html
Palazzo dei Banchi, 4.0, Sights & Landmarks, /Attraction_Review-g187801-d15510308-Reviews-Palazzo_dei_Banchi-Bologna_Province_of_Bologna_Emilia_Romagna.html, /Attractions-g187801-Activities-Bologna_Province_of_Bologna_Emilia_Romagna.html
Fontana Vecchia, 4.0, Sights & Landmarks, /Attraction_Review-g187801-d9974324-Reviews-Fontana_Vecchia-Bologna_Province_of_Bologna_Emilia_Romagna.html, /Attractions-g187801-Activities-Bologna_Province_of_Bologna_Emilia_Romagna.html
Museo del Tessuto e della Tappezzeria, 4.5, Museums, /Attraction_Review-g187801-d4601678-Reviews-Museo_del_Tessuto_e_della_Tappezzeria-Bologna_Province_of_Bologna_Emilia_Romagna.html, /Attractions-g187801-Activities-Bologna_Province_of_Bologna_Emilia_Romagna.html
Chiesa dell'Annunziata, 4.0, Sights & Landmarks, /Attraction_Review-g187801-d2362842-Reviews-Chiesa_dell_Annunziata-Bologna_Province_of_Bologna_Emilia_Romagna.html, /Attractions-g187801-Activities-Bologna_Province_of_Bologna_Emilia_Romagna.html
Chiesa di San Nicolò degli Albari, 3.5, Sights & Landmarks, /Attraction_Review-g187801-d8089993-Reviews-Chiesa_di_San_Nicolo_degli_Albari-Bologna_Province_of_Bologna_Emilia_Romagna.html, /Attractions-g187801-Activities-Bologna_Province_of_Bologna_Emilia_Romagna.html
Palazzo Orsi, 2.5, Sights & Landmarks, /Attraction_Review-g187801-d592666-Reviews-Palazzo_Orsi-Bologna_Province_of_Bologna_Emilia_Romagna.html, /Attractions-g187801-Activities-Bologna_Province_of_Bologna_Emilia_Romagna.html
INAF Bologna Astronomical Observatory, 5.0, Museums, /Attraction_Review-g187801-d2000798-Reviews-INAF_Bologna_Astronomical_Observatory-Bologna_Province_of_Bologna_Emilia_Romagna.html, /Attractions-g187801-Activities-Bologna_Province_of_Bologna_Emilia_Romagna.html
Chiesa di San Procolo, 3.5, Sights & Landmarks, /Attraction_Review-g187801-d10122284-Reviews-Chiesa_di_San_Procolo-Bologna_Province_of_Bologna_Emilia_Romagna.html, /Attractions-g187801-Activities-Bologna_Province_of_Bologna_Emilia_Romagna.html
