attraction_name, attraction_rate, attraction_type, attraction_url, attraction_parent_url
Porta Marina, 5.0, Sights & Landmarks, /Attraction_Review-g7023515-d12822443-Reviews-Porta_Marina-Civitanova_Alta_Province_of_Macerata_Marche.html, /Attractions-g7023515-Activities-Civitanova_Alta_Province_of_Macerata_Marche.html
Teatro Annibal Caro, 4.5, Concerts & Shows, /Attraction_Review-g7023515-d7788090-Reviews-Teatro_Annibal_Caro-Civitanova_Alta_Province_of_Macerata_Marche.html, /Attractions-g7023515-Activities-Civitanova_Alta_Province_of_Macerata_Marche.html
Chiesa SS. Sacramento, None, Sights & Landmarks, /Attraction_Review-g7023515-d22927604-Reviews-Chiesa_SS_Sacramento-Civitanova_Alta_Province_of_Macerata_Marche.html, /Attractions-g7023515-Activities-Civitanova_Alta_Province_of_Macerata_Marche.html
Chiesa San Paolo Apostolo, None, Sights & Landmarks, /Attraction_Review-g7023515-d22922875-Reviews-Chiesa_San_Paolo_Apostolo-Civitanova_Alta_Province_of_Macerata_Marche.html, /Attractions-g7023515-Activities-Civitanova_Alta_Province_of_Macerata_Marche.html
