attraction_name, attraction_rate, attraction_type, attraction_url, attraction_parent_url
Parco di Serravalle, 4.0, Nature & Parks, /Attraction_Review-g194754-d8598489-Reviews-Parco_di_Serravalle-Empoli_Tuscany.html, /Attractions-g194754-Activities-Empoli_Tuscany.html
Piazza Farinata degli Uberti, 4.0, Sights & Landmarks, /Attraction_Review-g194754-d11917181-Reviews-Piazza_Farinata_degli_Uberti-Empoli_Tuscany.html, /Attractions-g194754-Activities-Empoli_Tuscany.html
MUVE&& Museo del Vetro di Empoli, 4.0, Museums, /Attraction_Review-g194754-d4829773-Reviews-MUVE_Museo_del_Vetro_di_Empoli-Empoli_Tuscany.html, /Attractions-g194754-Activities-Empoli_Tuscany.html
Chiesa della Collegiata di Sant'Andrea, 4.0, Sights & Landmarks, /Attraction_Review-g194754-d8826010-Reviews-Chiesa_della_Collegiata_di_Sant_Andrea-Empoli_Tuscany.html, /Attractions-g194754-Activities-Empoli_Tuscany.html
Museo della Collegiata di Sant'Andrea, 4.5, Museums, /Attraction_Review-g194754-d1635012-Reviews-Museo_della_Collegiata_di_Sant_Andrea-Empoli_Tuscany.html, /Attractions-g194754-Activities-Empoli_Tuscany.html
Convento di Santa Maria a Ripa, 4.0, Sights & Landmarks, /Attraction_Review-g194754-d6553393-Reviews-Convento_di_Santa_Maria_a_Ripa-Empoli_Tuscany.html, /Attractions-g194754-Activities-Empoli_Tuscany.html
Museo Civico di Paleontologia di Empoli, 4.5, Museums, /Attraction_Review-g194754-d4926572-Reviews-Museo_Civico_di_Paleontologia_di_Empoli-Empoli_Tuscany.html, /Attractions-g194754-Activities-Empoli_Tuscany.html
Torrione di Santa Brigida di Empoli, 4.0, Sights & Landmarks, /Attraction_Review-g194754-d10185336-Reviews-Torrione_di_Santa_Brigida_di_Empoli-Empoli_Tuscany.html, /Attractions-g194754-Activities-Empoli_Tuscany.html
Piazza della Vittoria, 3.5, Sights & Landmarks, /Attraction_Review-g194754-d11917187-Reviews-Piazza_della_Vittoria-Empoli_Tuscany.html, /Attractions-g194754-Activities-Empoli_Tuscany.html
Stadio Carlo Castellani, 3.0, Sights & Landmarks, /Attraction_Review-g194754-d11917371-Reviews-Stadio_Carlo_Castellani-Empoli_Tuscany.html, /Attractions-g194754-Activities-Empoli_Tuscany.html
Chiesa di Santo Stefano, 4.5, Sights & Landmarks, /Attraction_Review-g194754-d11917472-Reviews-Chiesa_di_Santo_Stefano-Empoli_Tuscany.html, /Attractions-g194754-Activities-Empoli_Tuscany.html
Fattoria di Piazzano, 5.0, Food & Drink, /Attraction_Review-g194754-d17600246-Reviews-Fattoria_di_Piazzano-Empoli_Tuscany.html, /Attractions-g194754-Activities-Empoli_Tuscany.html
Oasi Naturalistica Arnovecchio, 5.0, Nature & Parks, /Attraction_Review-g194754-d11917364-Reviews-Oasi_Naturalistica_Arnovecchio-Empoli_Tuscany.html, /Attractions-g194754-Activities-Empoli_Tuscany.html
Giallo Mare Minimal Teatro, 4.5, Concerts & Shows, /Attraction_Review-g194754-d11917172-Reviews-Giallo_Mare_Minimal_Teatro-Empoli_Tuscany.html, /Attractions-g194754-Activities-Empoli_Tuscany.html
Montaioncino, 4.5, Food & Drink, /Attraction_Review-g194754-d14988921-Reviews-Montaioncino-Empoli_Tuscany.html, /Attractions-g194754-Activities-Empoli_Tuscany.html
Santuario della Madonna del Pozzo, 4.0, Sights & Landmarks, /Attraction_Review-g194754-d9875561-Reviews-Santuario_della_Madonna_del_Pozzo-Empoli_Tuscany.html, /Attractions-g194754-Activities-Empoli_Tuscany.html
Teatro Shalom, 3.0, Concerts & Shows, /Attraction_Review-g194754-d11917180-Reviews-Teatro_Shalom-Empoli_Tuscany.html, /Attractions-g194754-Activities-Empoli_Tuscany.html
Fontana di Luigi Pampaloni, 4.0, Sights & Landmarks, /Attraction_Review-g194754-d10185316-Reviews-Fontana_di_Luigi_Pampaloni-Empoli_Tuscany.html, /Attractions-g194754-Activities-Empoli_Tuscany.html
Chiesa di San Michele a Pontorme, 5.0, Sights & Landmarks, /Attraction_Review-g194754-d11917186-Reviews-Chiesa_di_San_Michele_a_Pontorme-Empoli_Tuscany.html, /Attractions-g194754-Activities-Empoli_Tuscany.html
Casa del Pontormo, 3.5, Sights & Landmarks, /Attraction_Review-g194754-d4939820-Reviews-Casa_del_Pontormo-Empoli_Tuscany.html, /Attractions-g194754-Activities-Empoli_Tuscany.html
Villa Castello Del Cotone, 5.0, Sights & Landmarks, /Attraction_Review-g194754-d11917367-Reviews-Villa_Castello_Del_Cotone-Empoli_Tuscany.html, /Attractions-g194754-Activities-Empoli_Tuscany.html
Il Giro d'Empoli, 4.0, Sights & Landmarks, /Attraction_Review-g194754-d11914516-Reviews-Il_Giro_d_Empoli-Empoli_Tuscany.html, /Attractions-g194754-Activities-Empoli_Tuscany.html
Biblioteca Comunale 'Renato Fucini', 4.0, Traveller Resources, /Attraction_Review-g194754-d11913175-Reviews-Biblioteca_Comunale_Renato_Fucini-Empoli_Tuscany.html, /Attractions-g194754-Activities-Empoli_Tuscany.html
Museo Casa Busoni, 4.0, Museums, /Attraction_Review-g194754-d4946233-Reviews-Museo_Casa_Busoni-Empoli_Tuscany.html, /Attractions-g194754-Activities-Empoli_Tuscany.html
Punto Informazioni c/o U.R.P., 5.0, Traveller Resources, /Attraction_Review-g194754-d11917358-Reviews-Punto_Informazioni_c_o_U_R_P-Empoli_Tuscany.html, /Attractions-g194754-Activities-Empoli_Tuscany.html
Porta Pisana, 1.5, Sights & Landmarks, /Attraction_Review-g194754-d11917344-Reviews-Porta_Pisana-Empoli_Tuscany.html, /Attractions-g194754-Activities-Empoli_Tuscany.html
Chiesa di San Michele Arcangelo, 3.0, Sights & Landmarks, /Attraction_Review-g194754-d11917352-Reviews-Chiesa_di_San_Michele_Arcangelo-Empoli_Tuscany.html, /Attractions-g194754-Activities-Empoli_Tuscany.html
Villa Il Terraio, None, Sights & Landmarks, /Attraction_Review-g194754-d11917353-Reviews-Villa_Il_Terraio-Empoli_Tuscany.html, /Attractions-g194754-Activities-Empoli_Tuscany.html
Palazzo Pretorio, None, Sights & Landmarks, /Attraction_Review-g194754-d11917190-Reviews-Palazzo_Pretorio-Empoli_Tuscany.html, /Attractions-g194754-Activities-Empoli_Tuscany.html
Vicolo della Gendarmeria, None, Sights & Landmarks, /Attraction_Review-g194754-d11917195-Reviews-Vicolo_della_Gendarmeria-Empoli_Tuscany.html, /Attractions-g194754-Activities-Empoli_Tuscany.html
