attraction_name, attraction_rate, attraction_type, attraction_url, attraction_parent_url
Nuraghe Ruju, 4.5, Sights & Landmarks, /Attraction_Review-g2297824-d15061155-Reviews-Nuraghe_Ruju-Chiaramonti_Province_of_Sassari_Sardinia.html, /Attractions-g2297824-Activities-Chiaramonti_Province_of_Sassari_Sardinia.html
Castello dei Doria, 5.0, Sights & Landmarks, /Attraction_Review-g2297824-d17613714-Reviews-Castello_dei_Doria-Chiaramonti_Province_of_Sassari_Sardinia.html, /Attractions-g2297824-Activities-Chiaramonti_Province_of_Sassari_Sardinia.html
Chiesa di Santa Giusta, 4.0, Sights & Landmarks, /Attraction_Review-g2297824-d17750850-Reviews-Chiesa_di_Santa_Giusta-Chiaramonti_Province_of_Sassari_Sardinia.html, /Attractions-g2297824-Activities-Chiaramonti_Province_of_Sassari_Sardinia.html
Chiesa Santa Maria Maddalena, 5.0, Sights & Landmarks, /Attraction_Review-g2297824-d21254528-Reviews-Chiesa_Santa_Maria_Maddalena-Chiaramonti_Province_of_Sassari_Sardinia.html, /Attractions-g2297824-Activities-Chiaramonti_Province_of_Sassari_Sardinia.html
