attraction_name, attraction_rate, attraction_type, attraction_url, attraction_parent_url
Campo Base Viso, 5.0, Nature & Parks, /Attraction_Review-g2337135-d11768842-Reviews-Campo_Base_Viso-Paesana_Province_of_Cuneo_Piedmont.html, /Attractions-g2337135-Activities-Paesana_Province_of_Cuneo_Piedmont.html
Shock! City of Fun, 5.0, Nightlife, /Attraction_Review-g2337135-d4734814-Reviews-Shock_City_of_Fun-Paesana_Province_of_Cuneo_Piedmont.html, /Attractions-g2337135-Activities-Paesana_Province_of_Cuneo_Piedmont.html
Chiesa Santa Maria, 3.5, Sights & Landmarks, /Attraction_Review-g2337135-d19719724-Reviews-Chiesa_Santa_Maria-Paesana_Province_of_Cuneo_Piedmont.html, /Attractions-g2337135-Activities-Paesana_Province_of_Cuneo_Piedmont.html
Cappella di San Valeriano, None, Sights & Landmarks, /Attraction_Review-g2337135-d19719731-Reviews-Cappella_di_San_Valeriano-Paesana_Province_of_Cuneo_Piedmont.html, /Attractions-g2337135-Activities-Paesana_Province_of_Cuneo_Piedmont.html
