attraction_name, attraction_rate, attraction_type, attraction_url, attraction_parent_url
Chiesa di S. Pietro, 4.0, Sights & Landmarks, /Attraction_Review-g194798-d17549415-Reviews-Chiesa_di_S_Pietro-Lipari_Aeolian_Islands_Islands_of_Sicily_Sicily.html, /Attractions-g187886-Activities-Sicily.html
Lido Acqua Azzurra, 4.5, Nature & Parks, /Attraction_Review-g1095778-d12579629-Reviews-Lido_Acqua_Azzurra-Castelluzzo_San_Vito_lo_Capo_Province_of_Trapani_Sicily.html, /Attractions-g187886-Activities-Sicily.html
Chiesa di San Giovanni dei Lebbrosi, 4.5, Sights & Landmarks, /Attraction_Review-g187890-d246492-Reviews-Chiesa_di_San_Giovanni_dei_Lebbrosi-Palermo_Province_of_Palermo_Sicily.html, /Attractions-g187886-Activities-Sicily.html
Piazza Università, 4.5, Sights & Landmarks, /Attraction_Review-g187888-d4547483-Reviews-Piazza_Universita-Catania_Province_of_Catania_Sicily.html, /Attractions-g187886-Activities-Sicily.html
Lido La Navicella, 4.0, Nature & Parks, /Attraction_Review-g680046-d12785224-Reviews-Lido_La_Navicella-Santa_Flavia_Province_of_Palermo_Sicily.html, /Attractions-g187886-Activities-Sicily.html
Mendolia Beach Club, 3.0, Outdoor Activities, /Attraction_Review-g187892-d12877924-Reviews-Mendolia_Beach_Club-Taormina_Province_of_Messina_Sicily.html, /Attractions-g187886-Activities-Sicily.html
Santa Maria La Nova - Cattedrale di Caltanissetta, 4.5, Sights & Landmarks, /Attraction_Review-g194706-d4605225-Reviews-Santa_Maria_La_Nova_Cattedrale_di_Caltanissetta-Caltanissetta_Province_of_Caltani.html, /Attractions-g187886-Activities-Sicily.html
Parco Archeologico della Neapolis, 3.5, Sights & Landmarks, /Attraction_Review-g187891-d195178-Reviews-Parco_Archeologico_della_Neapolis-Syracuse_Province_of_Syracuse_Sicily.html, /Attractions-g187886-Activities-Sicily.html
Dalusa Beach, 4.0, Nature & Parks, /Attraction_Review-g1028937-d10519884-Reviews-Dalusa_Beach-Capo_d_Orlando_Province_of_Messina_Sicily.html, /Attractions-g187886-Activities-Sicily.html
Chiesa di Santa Chiara, 4.5, Sights & Landmarks, /Attraction_Review-g187890-d1437275-Reviews-Chiesa_di_Santa_Chiara-Palermo_Province_of_Palermo_Sicily.html, /Attractions-g187886-Activities-Sicily.html
Biblioteca Comunale Claudio Catalfio, 4.0, Traveller Resources, /Attraction_Review-g652028-d12683852-Reviews-Biblioteca_Comunale_Claudio_Catalfio-Terrasini_Province_of_Palermo_Sicily.html, /Attractions-g187886-Activities-Sicily.html
Castello di Lauria, 3.5, Museums, /Attraction_Review-g663798-d4367923-Reviews-Castello_di_Lauria-Castiglione_di_Sicilia_Province_of_Catania_Sicily.html, /Attractions-g187886-Activities-Sicily.html
Santuario Di Sant'angelo, 3.5, Sights & Landmarks, /Attraction_Review-g657501-d5539255-Reviews-Santuario_Di_Sant_angelo-Licata_Province_of_Agrigento_Sicily.html, /Attractions-g187886-Activities-Sicily.html
Castello Utveggio, 4.5, Sights & Landmarks, /Attraction_Review-g187890-d1419288-Reviews-Castello_Utveggio-Palermo_Province_of_Palermo_Sicily.html, /Attractions-g187886-Activities-Sicily.html
Parrocchia Matrice S. Nicola di Bari Salemi, 4.0, Sights & Landmarks, /Attraction_Review-g1065830-d12538025-Reviews-Parrocchia_Matrice_S_Nicola_di_Bari_Salemi-Salemi_Province_of_Trapani_Sicily.html, /Attractions-g187886-Activities-Sicily.html
Chiesa del Purgatorio, 4.0, Sights & Landmarks, /Attraction_Review-g2185993-d12061900-Reviews-Chiesa_del_Purgatorio-Palma_di_Montechiaro_Province_of_Agrigento_Sicily.html, /Attractions-g187886-Activities-Sicily.html
Piazza Immacolata, 4.5, Sights & Landmarks, /Attraction_Review-g652022-d7234156-Reviews-Piazza_Immacolata-Noto_Province_of_Syracuse_Sicily.html, /Attractions-g187886-Activities-Sicily.html
Duomo Di Nicosia, 4.5, Sights & Landmarks, /Attraction_Review-g666977-d7078673-Reviews-Duomo_Di_Nicosia-Nicosia_Province_of_Enna_Sicily.html, /Attractions-g187886-Activities-Sicily.html
I Faraglioni di Linosa, 5.0, Nature & Parks, /Attraction_Review-g1204636-d10665557-Reviews-I_Faraglioni_di_Linosa-Linosa_Islands_of_Sicily_Sicily.html, /Attractions-g187886-Activities-Sicily.html
Chiesa di San Francesco di Paola, 4.5, Sights & Landmarks, /Attraction_Review-g187890-d8661375-Reviews-Chiesa_di_San_Francesco_di_Paola-Palermo_Province_of_Palermo_Sicily.html, /Attractions-g187886-Activities-Sicily.html
Tempio di Ercole, 4.5, Sights & Landmarks, /Attraction_Review-g194662-d195062-Reviews-Tempio_di_Ercole-Agrigento_Province_of_Agrigento_Sicily.html, /Attractions-g187886-Activities-Sicily.html
Erice in Miniatura, 4.5, Museums, /Attraction_Review-g194757-d12945860-Reviews-Erice_in_Miniatura-Erice_Province_of_Trapani_Sicily.html, /Attractions-g187886-Activities-Sicily.html
Praia Beach, 3.0, Nature & Parks, /Attraction_Review-g657290-d8410750-Reviews-Praia_Beach-Isola_di_Favignana_Aegadian_Islands_Islands_of_Sicily_Sicily.html, /Attractions-g187886-Activities-Sicily.html
La Cuba, 3.5, Sights & Landmarks, /Attraction_Review-g187890-d534356-Reviews-La_Cuba-Palermo_Province_of_Palermo_Sicily.html, /Attractions-g187886-Activities-Sicily.html
Gorghi Tondi Winery, 4.5, Food & Drink, /Attraction_Review-g667193-d4790593-Reviews-Gorghi_Tondi_Winery-Mazara_del_Vallo_Province_of_Trapani_Sicily.html, /Attractions-g187886-Activities-Sicily.html
The Tower of Charles V, 3.5, Sights & Landmarks, /Attraction_Review-g652023-d3494647-Reviews-The_Tower_of_Charles_V-Porto_Empedocle_Province_of_Agrigento_Sicily.html, /Attractions-g187886-Activities-Sicily.html
Chiesa del Santissimo Crocifisso, 5.0, Sights & Landmarks, /Attraction_Review-g1081442-d13436966-Reviews-Chiesa_del_Santissimo_Crocifisso-Calatafimi_Segesta_Province_of_Trapani_Sicily.html, /Attractions-g187886-Activities-Sicily.html
Lido di Noto, 3.5, Nature & Parks, /Attraction_Review-g12501328-d14157031-Reviews-Lido_di_Noto-Lido_di_Noto_Noto_Province_of_Syracuse_Sicily.html, /Attractions-g187886-Activities-Sicily.html
Ufficio Turistico di Savoca, 4.0, Traveller Resources, /Attraction_Review-g815435-d12176256-Reviews-Ufficio_Turistico_di_Savoca-Savoca_Province_of_Messina_Sicily.html, /Attractions-g187886-Activities-Sicily.html
San Giovanni Battista's Cathedral, 4.5, Sights & Landmarks, /Attraction_Review-g194872-d1150039-Reviews-San_Giovanni_Battista_s_Cathedral-Ragusa_Province_of_Ragusa_Sicily.html, /Attractions-g187886-Activities-Sicily.html
