attraction_name, attraction_rate, attraction_type, attraction_url, attraction_parent_url
Lido Acqua Marina, 3.5, Nature & Parks, /Attraction_Review-g1969043-d12818826-Reviews-Lido_Acqua_Marina-Marina_di_Maratea_Maratea_Province_of_Potenza_Basilicata.html, /Attractions-g194809-Activities-Maratea_Province_of_Potenza_Basilicata.html
Lido Buenavista, 5.0, Outdoor Activities, /Attraction_Review-g194809-d21223390-Reviews-Lido_Buenavista-Maratea_Province_of_Potenza_Basilicata.html, /Attractions-g194809-Activities-Maratea_Province_of_Potenza_Basilicata.html
IASEM – Istituto Alti Studi Euro Mediterranei, None, Traveller Resources, /Attraction_Review-g194809-d13108055-Reviews-IASEM_Istituto_Alti_Studi_Euro_Mediterranei-Maratea_Province_of_Potenza_Basilica.html, /Attractions-g194809-Activities-Maratea_Province_of_Potenza_Basilicata.html
Biblioteca di Acquafredda 'G. Muziano', None, Traveller Resources, /Attraction_Review-g2538015-d12683308-Reviews-Biblioteca_di_Acquafredda_G_Muziano-Acquafredda_Maratea_Province_of_Potenza_Bas.html, /Attractions-g194809-Activities-Maratea_Province_of_Potenza_Basilicata.html
chiesa di san Vito, None, Sights & Landmarks, /Attraction_Review-g194809-d18845540-Reviews-Chiesa_di_san_Vito-Maratea_Province_of_Potenza_Basilicata.html, /Attractions-g194809-Activities-Maratea_Province_of_Potenza_Basilicata.html
