attraction_name, attraction_rate, attraction_type, attraction_url, attraction_parent_url
AGRIBIRRIFICIO VILLA CHAZIL, 4.5, Food & Drink, /Attraction_Review-g2136920-d14109677-Reviews-AGRIBIRRIFICIO_VILLA_CHAZIL-Lestizza_Province_of_Udine_Friuli_Venezia_Giulia.html, /Attractions-g2136920-Activities-Lestizza_Province_of_Udine_Friuli_Venezia_Giulia.html
Chiesa di Sant’Antonio Abate, 4.0, Sights & Landmarks, /Attraction_Review-g12981810-d12962716-Reviews-Chiesa_di_Sant_Antonio_Abate-Nespoledo_Lestizza_Province_of_Udine_Friuli_Venez.html, /Attractions-g2136920-Activities-Lestizza_Province_of_Udine_Friuli_Venezia_Giulia.html
Toresse di Garzit, 5.0, Sights & Landmarks, /Attraction_Review-g2136920-d12962687-Reviews-Toresse_di_Garzit-Lestizza_Province_of_Udine_Friuli_Venezia_Giulia.html, /Attractions-g2136920-Activities-Lestizza_Province_of_Udine_Friuli_Venezia_Giulia.html
Il Castelliere 'Las Rives' di Galleriano, 3.0, Sights & Landmarks, /Attraction_Review-g2136920-d12962681-Reviews-Il_Castelliere_Las_Rives_di_Galleriano-Lestizza_Province_of_Udine_Friuli_Venezi.html, /Attractions-g2136920-Activities-Lestizza_Province_of_Udine_Friuli_Venezia_Giulia.html
Villa Trigatti-Michieli, None, Sights & Landmarks, /Attraction_Review-g2136920-d12962703-Reviews-Villa_Trigatti_Michieli-Lestizza_Province_of_Udine_Friuli_Venezia_Giulia.html, /Attractions-g2136920-Activities-Lestizza_Province_of_Udine_Friuli_Venezia_Giulia.html
Chiesa Parrocchiale di San Giusto Martire, None, Sights & Landmarks, /Attraction_Review-g12083329-d12962706-Reviews-Chiesa_Parrocchiale_di_San_Giusto_Martire-Villacaccia_Lestizza_Province_of_Udi.html, /Attractions-g2136920-Activities-Lestizza_Province_of_Udine_Friuli_Venezia_Giulia.html
Biblioteca Comunale, None, Traveller Resources, /Attraction_Review-g2136920-d11671231-Reviews-Biblioteca_Comunale-Lestizza_Province_of_Udine_Friuli_Venezia_Giulia.html, /Attractions-g2136920-Activities-Lestizza_Province_of_Udine_Friuli_Venezia_Giulia.html
Chiesa Parrocchiale di San Giacomo, None, Sights & Landmarks, /Attraction_Review-g2136920-d11671304-Reviews-Chiesa_Parrocchiale_di_San_Giacomo-Lestizza_Province_of_Udine_Friuli_Venezia_Gi.html, /Attractions-g2136920-Activities-Lestizza_Province_of_Udine_Friuli_Venezia_Giulia.html
