attraction_name, attraction_rate, attraction_type, attraction_url, attraction_parent_url
Villa Frova - Caneva, 4.5, Sights & Landmarks, /Attraction_Review-g488300-d11698433-Reviews-Villa_Frova_Caneva-Caneva_Province_of_Pordenone_Friuli_Venezia_Giulia.html, /Attractions-g488300-Activities-Caneva_Province_of_Pordenone_Friuli_Venezia_Giulia.html
Castello di Caneva, 4.0, Sights & Landmarks, /Attraction_Review-g488300-d3388725-Reviews-Castello_di_Caneva-Caneva_Province_of_Pordenone_Friuli_Venezia_Giulia.html, /Attractions-g488300-Activities-Caneva_Province_of_Pordenone_Friuli_Venezia_Giulia.html
Birrificio Valscura, 4.5, Food & Drink, /Attraction_Review-g488300-d11443726-Reviews-Birrificio_Valscura-Caneva_Province_of_Pordenone_Friuli_Venezia_Giulia.html, /Attractions-g488300-Activities-Caneva_Province_of_Pordenone_Friuli_Venezia_Giulia.html
Malga Fossa di Sarone, 4.5, Sights & Landmarks, /Attraction_Review-g488300-d15029977-Reviews-Malga_Fossa_di_Sarone-Caneva_Province_of_Pordenone_Friuli_Venezia_Giulia.html, /Attractions-g488300-Activities-Caneva_Province_of_Pordenone_Friuli_Venezia_Giulia.html
Museo del Minatore, 5.0, Museums, /Attraction_Review-g488300-d11960305-Reviews-Museo_del_Minatore-Caneva_Province_of_Pordenone_Friuli_Venezia_Giulia.html, /Attractions-g488300-Activities-Caneva_Province_of_Pordenone_Friuli_Venezia_Giulia.html
Chiesa di San Tomaso Apostolo, 3.5, Sights & Landmarks, /Attraction_Review-g488300-d8114824-Reviews-Chiesa_di_San_Tomaso_Apostolo-Caneva_Province_of_Pordenone_Friuli_Venezia_Giulia.html, /Attractions-g488300-Activities-Caneva_Province_of_Pordenone_Friuli_Venezia_Giulia.html
Chiesa di Santa Lucia, 4.0, Sights & Landmarks, /Attraction_Review-g488300-d10901554-Reviews-Chiesa_di_Santa_Lucia-Caneva_Province_of_Pordenone_Friuli_Venezia_Giulia.html, /Attractions-g488300-Activities-Caneva_Province_of_Pordenone_Friuli_Venezia_Giulia.html
Marmorino di Caneva, 3.0, Nature & Parks, /Attraction_Review-g488300-d12334591-Reviews-Marmorino_di_Caneva-Caneva_Province_of_Pordenone_Friuli_Venezia_Giulia.html, /Attractions-g488300-Activities-Caneva_Province_of_Pordenone_Friuli_Venezia_Giulia.html
Chiesa di San Marco Evangelista, 3.0, Sights & Landmarks, /Attraction_Review-g488300-d8113799-Reviews-Chiesa_di_San_Marco_Evangelista-Caneva_Province_of_Pordenone_Friuli_Venezia_Giuli.html, /Attractions-g488300-Activities-Caneva_Province_of_Pordenone_Friuli_Venezia_Giulia.html
Centrale dell'Enel, 2.0, Sights & Landmarks, /Attraction_Review-g488300-d11696825-Reviews-Centrale_dell_Enel-Caneva_Province_of_Pordenone_Friuli_Venezia_Giulia.html, /Attractions-g488300-Activities-Caneva_Province_of_Pordenone_Friuli_Venezia_Giulia.html
Meskio Bar, 3.5, Nightlife, /Attraction_Review-g488300-d5923042-Reviews-Meskio_Bar-Caneva_Province_of_Pordenone_Friuli_Venezia_Giulia.html, /Attractions-g488300-Activities-Caneva_Province_of_Pordenone_Friuli_Venezia_Giulia.html
Museo Del Ciclismo Toni Pessot, None, Museums, /Attraction_Review-g488300-d8120733-Reviews-Museo_Del_Ciclismo_Toni_Pessot-Caneva_Province_of_Pordenone_Friuli_Venezia_Giulia.html, /Attractions-g488300-Activities-Caneva_Province_of_Pordenone_Friuli_Venezia_Giulia.html
Azienda Agricola Cà de Mocenigo, None, Food & Drink, /Attraction_Review-g488300-d10712035-Reviews-Azienda_Agricola_Ca_de_Mocenigo-Caneva_Province_of_Pordenone_Friuli_Venezia_Giul.html, /Attractions-g488300-Activities-Caneva_Province_of_Pordenone_Friuli_Venezia_Giulia.html
Olio Dei Dogi, None, Tours, /Attraction_Review-g488300-d12363548-Reviews-Olio_Dei_Dogi-Caneva_Province_of_Pordenone_Friuli_Venezia_Giulia.html, /Attractions-g488300-Activities-Caneva_Province_of_Pordenone_Friuli_Venezia_Giulia.html
Doline ed Abissi del Cansiglio, None, Nature & Parks, /Attraction_Review-g488300-d12334610-Reviews-Doline_ed_Abissi_del_Cansiglio-Caneva_Province_of_Pordenone_Friuli_Venezia_Giuli.html, /Attractions-g488300-Activities-Caneva_Province_of_Pordenone_Friuli_Venezia_Giulia.html
Rive Col de Fer, None, Food & Drink, /Attraction_Review-g488300-d12633585-Reviews-Rive_Col_de_Fer-Caneva_Province_of_Pordenone_Friuli_Venezia_Giulia.html, /Attractions-g488300-Activities-Caneva_Province_of_Pordenone_Friuli_Venezia_Giulia.html
Sentiero n. 991, None, Nature & Parks, /Attraction_Review-g488300-d16829958-Reviews-Sentiero_n_991-Caneva_Province_of_Pordenone_Friuli_Venezia_Giulia.html, /Attractions-g488300-Activities-Caneva_Province_of_Pordenone_Friuli_Venezia_Giulia.html
Cammino Di San Cristoforo, None, Nature & Parks, /Attraction_Review-g488300-d21168047-Reviews-Cammino_Di_San_Cristoforo-Caneva_Province_of_Pordenone_Friuli_Venezia_Giulia.html, /Attractions-g488300-Activities-Caneva_Province_of_Pordenone_Friuli_Venezia_Giulia.html
Buonit, None, Shopping, /Attraction_Review-g488300-d21360197-Reviews-Buonit-Caneva_Province_of_Pordenone_Friuli_Venezia_Giulia.html, /Attractions-g488300-Activities-Caneva_Province_of_Pordenone_Friuli_Venezia_Giulia.html
