attraction_name, attraction_rate, attraction_type, attraction_url, attraction_parent_url
Bioparco dei Frignoli, 4.5, Sights & Landmarks, /Attraction_Review-g1426369-d5485866-Reviews-Bioparco_dei_Frignoli-Fivizzano_Province_of_Massa_Carrara_Tuscany.html, /Attractions-g1426369-Activities-Fivizzano_Province_of_Massa_Carrara_Tuscany.html
La Firenze della Lunigiana, 4.5, Sights & Landmarks, /Attraction_Review-g1426369-d11913257-Reviews-La_Firenze_della_Lunigiana-Fivizzano_Province_of_Massa_Carrara_Tuscany.html, /Attractions-g1426369-Activities-Fivizzano_Province_of_Massa_Carrara_Tuscany.html
Farmacia Clementi, 5.0, Sights & Landmarks, /Attraction_Review-g1426369-d4777975-Reviews-Farmacia_Clementi-Fivizzano_Province_of_Massa_Carrara_Tuscany.html, /Attractions-g1426369-Activities-Fivizzano_Province_of_Massa_Carrara_Tuscany.html
Pieve di San Paolo a Vendaso, 4.5, Sights & Landmarks, /Attraction_Review-g1426369-d8431408-Reviews-Pieve_di_San_Paolo_a_Vendaso-Fivizzano_Province_of_Massa_Carrara_Tuscany.html, /Attractions-g1426369-Activities-Fivizzano_Province_of_Massa_Carrara_Tuscany.html
Piazza Medicea, 4.0, Sights & Landmarks, /Attraction_Review-g1426369-d14024291-Reviews-Piazza_Medicea-Fivizzano_Province_of_Massa_Carrara_Tuscany.html, /Attractions-g1426369-Activities-Fivizzano_Province_of_Massa_Carrara_Tuscany.html
Mulino di Arlia, 4.0, Sights & Landmarks, /Attraction_Review-g1426369-d8443094-Reviews-Mulino_di_Arlia-Fivizzano_Province_of_Massa_Carrara_Tuscany.html, /Attractions-g1426369-Activities-Fivizzano_Province_of_Massa_Carrara_Tuscany.html
Museo di San Giovanni, 5.0, Museums, /Attraction_Review-g1426369-d13397521-Reviews-Museo_di_San_Giovanni-Fivizzano_Province_of_Massa_Carrara_Tuscany.html, /Attractions-g1426369-Activities-Fivizzano_Province_of_Massa_Carrara_Tuscany.html
Chiesa dei Santi Jacopo e Antonio, 4.0, Sights & Landmarks, /Attraction_Review-g1426369-d10685971-Reviews-Chiesa_dei_Santi_Jacopo_e_Antonio-Fivizzano_Province_of_Massa_Carrara_Tuscany.html, /Attractions-g1426369-Activities-Fivizzano_Province_of_Massa_Carrara_Tuscany.html
Biblioteca Civica 'Abate Emanuele Gerini', 4.5, Traveller Resources, /Attraction_Review-g1426369-d11913188-Reviews-Biblioteca_Civica_Abate_Emanuele_Gerini-Fivizzano_Province_of_Massa_Carrara_Tus.html, /Attractions-g1426369-Activities-Fivizzano_Province_of_Massa_Carrara_Tuscany.html
Castle dell'Aquila, 4.5, Sights & Landmarks, /Attraction_Review-g2507230-d2540505-Reviews-Castle_dell_Aquila-Gragnola_Fivizzano_Province_of_Massa_Carrara_Tuscany.html, /Attractions-g1426369-Activities-Fivizzano_Province_of_Massa_Carrara_Tuscany.html
Villa Pescigola, 2.5, Sights & Landmarks, /Attraction_Review-g1426369-d3213306-Reviews-Villa_Pescigola-Fivizzano_Province_of_Massa_Carrara_Tuscany.html, /Attractions-g1426369-Activities-Fivizzano_Province_of_Massa_Carrara_Tuscany.html
Associazione Turistica Pro-Loco 'Jacopo da Fivizzano', 5.0, Traveller Resources, /Attraction_Review-g1426369-d11913321-Reviews-Associazione_Turistica_Pro_Loco_Jacopo_da_Fivizzano-Fivizzano_Province_of_Massa.html, /Attractions-g1426369-Activities-Fivizzano_Province_of_Massa_Carrara_Tuscany.html
Piscine Naturali, 3.5, Nature & Parks, /Attraction_Review-g12878132-d12848724-Reviews-Piscine_Naturali-Fiacciano_Fivizzano_Province_of_Massa_Carrara_Tuscany.html, /Attractions-g1426369-Activities-Fivizzano_Province_of_Massa_Carrara_Tuscany.html
Museo Della Stampa, 3.0, Museums, /Attraction_Review-g1426369-d7146075-Reviews-Museo_Della_Stampa-Fivizzano_Province_of_Massa_Carrara_Tuscany.html, /Attractions-g1426369-Activities-Fivizzano_Province_of_Massa_Carrara_Tuscany.html
Lago Padule, 3.5, Nature & Parks, /Attraction_Review-g7273405-d14024504-Reviews-Lago_Padule-Sassalbo_Fivizzano_Province_of_Massa_Carrara_Tuscany.html, /Attractions-g1426369-Activities-Fivizzano_Province_of_Massa_Carrara_Tuscany.html
Sinkhole, 4.0, Nature & Parks, /Attraction_Review-g7273405-d14024372-Reviews-Sinkhole-Sassalbo_Fivizzano_Province_of_Massa_Carrara_Tuscany.html, /Attractions-g1426369-Activities-Fivizzano_Province_of_Massa_Carrara_Tuscany.html
Borgo Montano di Sassalbo, 3.5, Sights & Landmarks, /Attraction_Review-g7273405-d12633376-Reviews-Borgo_Montano_di_Sassalbo-Sassalbo_Fivizzano_Province_of_Massa_Carrara_Tuscany.html, /Attractions-g1426369-Activities-Fivizzano_Province_of_Massa_Carrara_Tuscany.html
Azienda Agraria La Valle, 4.5, Shopping, /Attraction_Review-g1426369-d8814642-Reviews-Azienda_Agraria_La_Valle-Fivizzano_Province_of_Massa_Carrara_Tuscany.html, /Attractions-g1426369-Activities-Fivizzano_Province_of_Massa_Carrara_Tuscany.html
Bar Settimo, 4.5, Nightlife, /Attraction_Review-g1426369-d5923474-Reviews-Bar_Settimo-Fivizzano_Province_of_Massa_Carrara_Tuscany.html, /Attractions-g1426369-Activities-Fivizzano_Province_of_Massa_Carrara_Tuscany.html
Borgo Medievale di Verrucola, 4.0, Sights & Landmarks, /Attraction_Review-g1426369-d21186069-Reviews-Borgo_Medievale_di_Verrucola-Fivizzano_Province_of_Massa_Carrara_Tuscany.html, /Attractions-g1426369-Activities-Fivizzano_Province_of_Massa_Carrara_Tuscany.html
Castello della Verrucola, 3.0, Sights & Landmarks, /Attraction_Review-g1426369-d6372749-Reviews-Castello_della_Verrucola-Fivizzano_Province_of_Massa_Carrara_Tuscany.html, /Attractions-g1426369-Activities-Fivizzano_Province_of_Massa_Carrara_Tuscany.html
Traveling Spoon, 5.0, Food & Drink, /Attraction_Review-g1426369-d20360486-Reviews-Traveling_Spoon-Fivizzano_Province_of_Massa_Carrara_Tuscany.html, /Attractions-g1426369-Activities-Fivizzano_Province_of_Massa_Carrara_Tuscany.html
