attraction_name, attraction_rate, attraction_type, attraction_url, attraction_parent_url
Castello Caracciolo, 5.0, Sights & Landmarks, /Attraction_Review-g1063393-d13326294-Reviews-Castello_Caracciolo-Sammichele_di_Bari_Province_of_Bari_Puglia.html, /Attractions-g1063393-Activities-Sammichele_di_Bari_Province_of_Bari_Puglia.html
Chiesa di Santa Maria del Carmine, 4.0, Sights & Landmarks, /Attraction_Review-g1063393-d10365132-Reviews-Chiesa_di_Santa_Maria_del_Carmine-Sammichele_di_Bari_Province_of_Bari_Puglia.html, /Attractions-g1063393-Activities-Sammichele_di_Bari_Province_of_Bari_Puglia.html
Chiesa della Maddalena, 5.0, Sights & Landmarks, /Attraction_Review-g1063393-d13326293-Reviews-Chiesa_della_Maddalena-Sammichele_di_Bari_Province_of_Bari_Puglia.html, /Attractions-g1063393-Activities-Sammichele_di_Bari_Province_of_Bari_Puglia.html
Arco Dell'Orologio, 4.0, Sights & Landmarks, /Attraction_Review-g1063393-d13449003-Reviews-Arco_Dell_Orologio-Sammichele_di_Bari_Province_of_Bari_Puglia.html, /Attractions-g1063393-Activities-Sammichele_di_Bari_Province_of_Bari_Puglia.html
Caffetteria Primavera, 3.5, Nightlife, /Attraction_Review-g1063393-d5930897-Reviews-Caffetteria_Primavera-Sammichele_di_Bari_Province_of_Bari_Puglia.html, /Attractions-g1063393-Activities-Sammichele_di_Bari_Province_of_Bari_Puglia.html
