attraction_name, attraction_rate, attraction_type, attraction_url, attraction_parent_url
Chiesa di Sant'Orsola, 5.0, Sights & Landmarks, /Attraction_Review-g1568267-d1569634-Reviews-Chiesa_di_Sant_Orsola-Vigo_di_Cadore_Province_of_Belluno_Veneto.html, /Attractions-g1568267-Activities-Vigo_di_Cadore_Province_of_Belluno_Veneto.html
Piscina Sporting, 4.5, Fun & Games, /Attraction_Review-g12316722-d12182002-Reviews-Piscina_Sporting-Pelos_di_Cadore_Vigo_di_Cadore_Province_of_Belluno_Veneto.html, /Attractions-g1568267-Activities-Vigo_di_Cadore_Province_of_Belluno_Veneto.html
Chiesa di Santa Margherita, 5.0, Sights & Landmarks, /Attraction_Review-g1568267-d10522271-Reviews-Chiesa_di_Santa_Margherita-Vigo_di_Cadore_Province_of_Belluno_Veneto.html, /Attractions-g1568267-Activities-Vigo_di_Cadore_Province_of_Belluno_Veneto.html
Monte Tudaio, 4.0, Nature & Parks, /Attraction_Review-g1568267-d10531810-Reviews-Monte_Tudaio-Vigo_di_Cadore_Province_of_Belluno_Veneto.html, /Attractions-g1568267-Activities-Vigo_di_Cadore_Province_of_Belluno_Veneto.html
Chiesa di San Martino, 4.5, Sights & Landmarks, /Attraction_Review-g1568267-d10522320-Reviews-Chiesa_di_San_Martino-Vigo_di_Cadore_Province_of_Belluno_Veneto.html, /Attractions-g1568267-Activities-Vigo_di_Cadore_Province_of_Belluno_Veneto.html
Biblioteca Storica Cadorina, 4.0, Traveller Resources, /Attraction_Review-g1568267-d9026173-Reviews-Biblioteca_Storica_Cadorina-Vigo_di_Cadore_Province_of_Belluno_Veneto.html, /Attractions-g1568267-Activities-Vigo_di_Cadore_Province_of_Belluno_Veneto.html
Ufficio Informazioni Vigo, None, Traveller Resources, /Attraction_Review-g1568267-d12176886-Reviews-Ufficio_Informazioni_Vigo-Vigo_di_Cadore_Province_of_Belluno_Veneto.html, /Attractions-g1568267-Activities-Vigo_di_Cadore_Province_of_Belluno_Veneto.html
