attraction_name, attraction_rate, attraction_type, attraction_url, attraction_parent_url
Auditorium Concordia di Pordenone, 3.5, Concerts & Shows, /Attraction_Review-g194854-d10718403-Reviews-Auditorium_Concordia_di_Pordenone-Pordenone_Province_of_Pordenone_Friuli_Venezia.html, /Attractions-g194854-Activities-Pordenone_Province_of_Pordenone_Friuli_Venezia_Giulia.html
Casa Simoni di Pordenone, 4.5, Sights & Landmarks, /Attraction_Review-g194854-d10699473-Reviews-Casa_Simoni_di_Pordenone-Pordenone_Province_of_Pordenone_Friuli_Venezia_Giulia.html, /Attractions-g194854-Activities-Pordenone_Province_of_Pordenone_Friuli_Venezia_Giulia.html
Parrocchia della Madonna delle Grazie, 4.0, Sights & Landmarks, /Attraction_Review-g194854-d8041701-Reviews-Parrocchia_della_Madonna_delle_Grazie-Pordenone_Province_of_Pordenone_Friuli_Vene.html, /Attractions-g194854-Activities-Pordenone_Province_of_Pordenone_Friuli_Venezia_Giulia.html
Fontana di Piazza San Marco, 4.0, Sights & Landmarks, /Attraction_Review-g194854-d12403861-Reviews-Fontana_di_Piazza_San_Marco-Pordenone_Province_of_Pordenone_Friuli_Venezia_Giuli.html, /Attractions-g194854-Activities-Pordenone_Province_of_Pordenone_Friuli_Venezia_Giulia.html
Centro Culturale Casa ”A. Zanussi”, 4.0, Museums, /Attraction_Review-g194854-d12452991-Reviews-Centro_Culturale_Casa_A_Zanussi-Pordenone_Province_of_Pordenone_Friuli_Venezia_G.html, /Attractions-g194854-Activities-Pordenone_Province_of_Pordenone_Friuli_Venezia_Giulia.html
Centro Direzionale Galvani di Luigi Valle, 1.5, Sights & Landmarks, /Attraction_Review-g194854-d10730287-Reviews-Centro_Direzionale_Galvani_di_Luigi_Valle-Pordenone_Province_of_Pordenone_Friuli.html, /Attractions-g194854-Activities-Pordenone_Province_of_Pordenone_Friuli_Venezia_Giulia.html
Ex Cotonificio Amman, 1.0, Sights & Landmarks, /Attraction_Review-g194854-d11925829-Reviews-Ex_Cotonificio_Amman-Pordenone_Province_of_Pordenone_Friuli_Venezia_Giulia.html, /Attractions-g194854-Activities-Pordenone_Province_of_Pordenone_Friuli_Venezia_Giulia.html
Chiesa di San Lorenzo, 4.0, Sights & Landmarks, /Attraction_Review-g194854-d8027635-Reviews-Chiesa_di_San_Lorenzo-Pordenone_Province_of_Pordenone_Friuli_Venezia_Giulia.html, /Attractions-g194854-Activities-Pordenone_Province_of_Pordenone_Friuli_Venezia_Giulia.html
Chiesa Sacra Famiglia, 2.5, Sights & Landmarks, /Attraction_Review-g194854-d9811227-Reviews-Chiesa_Sacra_Famiglia-Pordenone_Province_of_Pordenone_Friuli_Venezia_Giulia.html, /Attractions-g194854-Activities-Pordenone_Province_of_Pordenone_Friuli_Venezia_Giulia.html
Seminario Diocesano di Concordia Pordenone, 3.5, Sights & Landmarks, /Attraction_Review-g194854-d10730929-Reviews-Seminario_Diocesano_di_Concordia_Pordenone-Pordenone_Province_of_Pordenone_Friul.html, /Attractions-g194854-Activities-Pordenone_Province_of_Pordenone_Friuli_Venezia_Giulia.html
Villa Rigutti&& Policreti, 3.5, Sights & Landmarks, /Attraction_Review-g194854-d10762783-Reviews-Villa_Rigutti_Policreti-Pordenone_Province_of_Pordenone_Friuli_Venezia_Giulia.html, /Attractions-g194854-Activities-Pordenone_Province_of_Pordenone_Friuli_Venezia_Giulia.html
Chiesetta di Piazza Valle - Antico Oratorio dedicato al SS.Corpo di Cristo, 3.5, Sights & Landmarks, /Attraction_Review-g194854-d11931836-Reviews-Chiesetta_di_Piazza_Valle_Antico_Oratorio_dedicato_al_SS_Corpo_di_Cristo-Pordeno.html, /Attractions-g194854-Activities-Pordenone_Province_of_Pordenone_Friuli_Venezia_Giulia.html
Ex Tipografia Savio, 4.0, Traveller Resources, /Attraction_Review-g194854-d18933357-Reviews-Ex_Tipografia_Savio-Pordenone_Province_of_Pordenone_Friuli_Venezia_Giulia.html, /Attractions-g194854-Activities-Pordenone_Province_of_Pordenone_Friuli_Venezia_Giulia.html
Casa (denominata Marson), 3.5, Sights & Landmarks, /Attraction_Review-g194854-d10717905-Reviews-Casa_denominata_Marson-Pordenone_Province_of_Pordenone_Friuli_Venezia_Giulia.html, /Attractions-g194854-Activities-Pordenone_Province_of_Pordenone_Friuli_Venezia_Giulia.html
Palazzo Crescendolo Milani, 4.0, Sights & Landmarks, /Attraction_Review-g194854-d11868194-Reviews-Palazzo_Crescendolo_Milani-Pordenone_Province_of_Pordenone_Friuli_Venezia_Giulia.html, /Attractions-g194854-Activities-Pordenone_Province_of_Pordenone_Friuli_Venezia_Giulia.html
Antico Birrificio di Pordenone, 2.0, Sights & Landmarks, /Attraction_Review-g194854-d10717161-Reviews-Antico_Birrificio_di_Pordenone-Pordenone_Province_of_Pordenone_Friuli_Venezia_Gi.html, /Attractions-g194854-Activities-Pordenone_Province_of_Pordenone_Friuli_Venezia_Giulia.html
Area Archeologica Villa Romana di Torre, 3.5, Sights & Landmarks, /Attraction_Review-g194854-d8028310-Reviews-Area_Archeologica_Villa_Romana_di_Torre-Pordenone_Province_of_Pordenone_Friuli_Ve.html, /Attractions-g194854-Activities-Pordenone_Province_of_Pordenone_Friuli_Venezia_Giulia.html
Parco Cimolai, 3.5, Nature & Parks, /Attraction_Review-g194854-d11871982-Reviews-Parco_Cimolai-Pordenone_Province_of_Pordenone_Friuli_Venezia_Giulia.html, /Attractions-g194854-Activities-Pordenone_Province_of_Pordenone_Friuli_Venezia_Giulia.html
Parco Querini&& Pordenone&& Italia, 2.0, Nature & Parks, /Attraction_Review-g194854-d8091277-Reviews-Parco_Querini_Pordenone_Italia-Pordenone_Province_of_Pordenone_Friuli_Venezia_Giu.html, /Attractions-g194854-Activities-Pordenone_Province_of_Pordenone_Friuli_Venezia_Giulia.html
Parrocchia di Sant'Ulderico, 4.5, Sights & Landmarks, /Attraction_Review-g194854-d8041729-Reviews-Parrocchia_di_Sant_Ulderico-Pordenone_Province_of_Pordenone_Friuli_Venezia_Giulia.html, /Attractions-g194854-Activities-Pordenone_Province_of_Pordenone_Friuli_Venezia_Giulia.html
Castello Di Pordenone, 2.0, Sights & Landmarks, /Attraction_Review-g194854-d8116510-Reviews-Castello_Di_Pordenone-Pordenone_Province_of_Pordenone_Friuli_Venezia_Giulia.html, /Attractions-g194854-Activities-Pordenone_Province_of_Pordenone_Friuli_Venezia_Giulia.html
Museo dell'Associazione Amici del Cardinale Celso Costantini, 4.5, Museums, /Attraction_Review-g194854-d12131217-Reviews-Museo_dell_Associazione_Amici_del_Cardinale_Celso_Costantini-Pordenone_Province_.html, /Attractions-g194854-Activities-Pordenone_Province_of_Pordenone_Friuli_Venezia_Giulia.html
Palazzo De Rubeis, 3.5, Sights & Landmarks, /Attraction_Review-g194854-d11876536-Reviews-Palazzo_De_Rubeis-Pordenone_Province_of_Pordenone_Friuli_Venezia_Giulia.html, /Attractions-g194854-Activities-Pordenone_Province_of_Pordenone_Friuli_Venezia_Giulia.html
Sale Di Rappresentanza Della Cciaa Pordenone, 4.5, Traveller Resources, /Attraction_Review-g194854-d8131767-Reviews-Sale_Di_Rappresentanza_Della_Cciaa_Pordenone-Pordenone_Province_of_Pordenone_Friu.html, /Attractions-g194854-Activities-Pordenone_Province_of_Pordenone_Friuli_Venezia_Giulia.html
Parco Pia Baschiera Tallon, 4.0, Nature & Parks, /Attraction_Review-g194854-d12693572-Reviews-Parco_Pia_Baschiera_Tallon-Pordenone_Province_of_Pordenone_Friuli_Venezia_Giulia.html, /Attractions-g194854-Activities-Pordenone_Province_of_Pordenone_Friuli_Venezia_Giulia.html
Parco Porcia, 4.0, Nature & Parks, /Attraction_Review-g194854-d12693601-Reviews-Parco_Porcia-Pordenone_Province_of_Pordenone_Friuli_Venezia_Giulia.html, /Attractions-g194854-Activities-Pordenone_Province_of_Pordenone_Friuli_Venezia_Giulia.html
Statua di Bronzo del “Pordenone”, 4.5, Sights & Landmarks, /Attraction_Review-g194854-d13837933-Reviews-Statua_di_Bronzo_del_Pordenone-Pordenone_Province_of_Pordenone_Friuli_Venezia_Gi.html, /Attractions-g194854-Activities-Pordenone_Province_of_Pordenone_Friuli_Venezia_Giulia.html
Ex Bagni Pubblici, 2.5, Sights & Landmarks, /Attraction_Review-g194854-d12473824-Reviews-Ex_Bagni_Pubblici-Pordenone_Province_of_Pordenone_Friuli_Venezia_Giulia.html, /Attractions-g194854-Activities-Pordenone_Province_of_Pordenone_Friuli_Venezia_Giulia.html
Chiesa Parrocchiale di San Francesco, 4.0, Sights & Landmarks, /Attraction_Review-g194854-d20284396-Reviews-Chiesa_Parrocchiale_di_San_Francesco-Pordenone_Province_of_Pordenone_Friuli_Vene.html, /Attractions-g194854-Activities-Pordenone_Province_of_Pordenone_Friuli_Venezia_Giulia.html
Statua a Monsignore Abramo Freschi Vescovo, 4.0, Sights & Landmarks, /Attraction_Review-g194854-d15143910-Reviews-Statua_a_Monsignore_Abramo_Freschi_Vescovo-Pordenone_Province_of_Pordenone_Friul.html, /Attractions-g194854-Activities-Pordenone_Province_of_Pordenone_Friuli_Venezia_Giulia.html
