attraction_name, attraction_rate, attraction_type, attraction_url, attraction_parent_url
Antica Casa Vitivinicola Italo Pietrantonj, 5.0, Food & Drink, /Attraction_Review-g1026499-d8358212-Reviews-Antica_Casa_Vitivinicola_Italo_Pietrantonj-Vittorito_Province_of_L_Aquila_Abruzz.html, /Attractions-g1026499-Activities-Vittorito_Province_of_L_Aquila_Abruzzo.html
Chiesa di San Michele Arcangelo, 5.0, Sights & Landmarks, /Attraction_Review-g1026499-d9581854-Reviews-Chiesa_di_San_Michele_Arcangelo-Vittorito_Province_of_L_Aquila_Abruzzo.html, /Attractions-g1026499-Activities-Vittorito_Province_of_L_Aquila_Abruzzo.html
Chiesa della Madonna del Borgo, None, Sights & Landmarks, /Attraction_Review-g1026499-d9581592-Reviews-Chiesa_della_Madonna_del_Borgo-Vittorito_Province_of_L_Aquila_Abruzzo.html, /Attractions-g1026499-Activities-Vittorito_Province_of_L_Aquila_Abruzzo.html
Chiesa di Santa Maria del Borgo, None, Sights & Landmarks, /Attraction_Review-g1026499-d12819415-Reviews-Chiesa_di_Santa_Maria_del_Borgo-Vittorito_Province_of_L_Aquila_Abruzzo.html, /Attractions-g1026499-Activities-Vittorito_Province_of_L_Aquila_Abruzzo.html
Chiesa di San Rocco, None, Sights & Landmarks, /Attraction_Review-g1026499-d15873278-Reviews-Chiesa_di_San_Rocco-Vittorito_Province_of_L_Aquila_Abruzzo.html, /Attractions-g1026499-Activities-Vittorito_Province_of_L_Aquila_Abruzzo.html
Borgo Porta da Piedi, None, Sights & Landmarks, /Attraction_Review-g1026499-d15873283-Reviews-Borgo_Porta_da_Piedi-Vittorito_Province_of_L_Aquila_Abruzzo.html, /Attractions-g1026499-Activities-Vittorito_Province_of_L_Aquila_Abruzzo.html
