attraction_name, attraction_rate, attraction_type, attraction_url, attraction_parent_url
PDC Cartizze, 5.0, Food & Drink, /Attraction_Review-g666331-d8328084-Reviews-PDC_Cartizze-Valdobbiadene_Province_of_Treviso_Veneto.html, /Attractions-g666331-Activities-Valdobbiadene_Province_of_Treviso_Veneto.html
Cantina San Gregorio, 5.0, Food & Drink, /Attraction_Review-g666331-d3791389-Reviews-Cantina_San_Gregorio-Valdobbiadene_Province_of_Treviso_Veneto.html, /Attractions-g666331-Activities-Valdobbiadene_Province_of_Treviso_Veneto.html
Nani Rizzi Spumanti di Valdobbiadene, 4.5, Food & Drink, /Attraction_Review-g666331-d6781543-Reviews-Nani_Rizzi_Spumanti_di_Valdobbiadene-Valdobbiadene_Province_of_Treviso_Veneto.html, /Attractions-g666331-Activities-Valdobbiadene_Province_of_Treviso_Veneto.html
Monte Cesen, 4.5, Nature & Parks, /Attraction_Review-g666331-d4759041-Reviews-Monte_Cesen-Valdobbiadene_Province_of_Treviso_Veneto.html, /Attractions-g666331-Activities-Valdobbiadene_Province_of_Treviso_Veneto.html
Winery &amp; Farmhouse Famiglia Scotta, 4.0, Food & Drink, /Attraction_Review-g666331-d11680145-Reviews-Winery_Farmhouse_Famiglia_Scotta-Valdobbiadene_Province_of_Treviso_Veneto.html, /Attractions-g666331-Activities-Valdobbiadene_Province_of_Treviso_Veneto.html
Bisol Vitivinicoltori, 4.5, Food & Drink, /Attraction_Review-g666331-d11661939-Reviews-Bisol_Vitivinicoltori-Valdobbiadene_Province_of_Treviso_Veneto.html, /Attractions-g666331-Activities-Valdobbiadene_Province_of_Treviso_Veneto.html
Ca'Salina still and sparking wines, 4.5, Food & Drink, /Attraction_Review-g666331-d613438-Reviews-Ca_Salina_still_and_sparking_wines-Valdobbiadene_Province_of_Treviso_Veneto.html, /Attractions-g666331-Activities-Valdobbiadene_Province_of_Treviso_Veneto.html
Cantina Fasol Menin, 5.0, Food & Drink, /Attraction_Review-g666331-d1225312-Reviews-Cantina_Fasol_Menin-Valdobbiadene_Province_of_Treviso_Veneto.html, /Attractions-g666331-Activities-Valdobbiadene_Province_of_Treviso_Veneto.html
Cantine Umberto Bortolotti, 5.0, Food & Drink, /Attraction_Review-g666331-d7117222-Reviews-Cantine_Umberto_Bortolotti-Valdobbiadene_Province_of_Treviso_Veneto.html, /Attractions-g666331-Activities-Valdobbiadene_Province_of_Treviso_Veneto.html
Parco del Piave, 3.5, Nature & Parks, /Attraction_Review-g2358684-d10603368-Reviews-Parco_del_Piave-Bigolino_Valdobbiadene_Province_of_Treviso_Veneto.html, /Attractions-g666331-Activities-Valdobbiadene_Province_of_Treviso_Veneto.html
Anello del Prosecco Superiore, 4.5, Nature & Parks, /Attraction_Review-g666331-d12287944-Reviews-Anello_del_Prosecco_Superiore-Valdobbiadene_Province_of_Treviso_Veneto.html, /Attractions-g666331-Activities-Valdobbiadene_Province_of_Treviso_Veneto.html
Croset, 5.0, Food & Drink, /Attraction_Review-g666331-d7137814-Reviews-Croset-Valdobbiadene_Province_of_Treviso_Veneto.html, /Attractions-g666331-Activities-Valdobbiadene_Province_of_Treviso_Veneto.html
Col Vetoraz, 4.0, Food & Drink, /Attraction_Review-g666331-d17424212-Reviews-Col_Vetoraz-Valdobbiadene_Province_of_Treviso_Veneto.html, /Attractions-g666331-Activities-Valdobbiadene_Province_of_Treviso_Veneto.html
Duomo di Santa Maria Assunta, 4.0, Sights & Landmarks, /Attraction_Review-g666331-d10347668-Reviews-Duomo_di_Santa_Maria_Assunta-Valdobbiadene_Province_of_Treviso_Veneto.html, /Attractions-g666331-Activities-Valdobbiadene_Province_of_Treviso_Veneto.html
Bastia Valdobbiadene, 5.0, Food & Drink, /Attraction_Review-g666331-d12074679-Reviews-Bastia_Valdobbiadene-Valdobbiadene_Province_of_Treviso_Veneto.html, /Attractions-g666331-Activities-Valdobbiadene_Province_of_Treviso_Veneto.html
Canello azienda agricola, 5.0, Food & Drink, /Attraction_Review-g2058132-d6681735-Reviews-Canello_azienda_agricola-Guia_Valdobbiadene_Province_of_Treviso_Veneto.html, /Attractions-g666331-Activities-Valdobbiadene_Province_of_Treviso_Veneto.html
Villa Piva&& detta 'dei Cedri', 4.5, Sights & Landmarks, /Attraction_Review-g666331-d10133945-Reviews-Villa_Piva_detta_dei_Cedri-Valdobbiadene_Province_of_Treviso_Veneto.html, /Attractions-g666331-Activities-Valdobbiadene_Province_of_Treviso_Veneto.html
Drusian, 5.0, Food & Drink, /Attraction_Review-g666331-d14862524-Reviews-Drusian-Valdobbiadene_Province_of_Treviso_Veneto.html, /Attractions-g666331-Activities-Valdobbiadene_Province_of_Treviso_Veneto.html
Agriturismo Pian de Farne, 4.5, Sights & Landmarks, /Attraction_Review-g666331-d4542381-Reviews-Agriturismo_Pian_de_Farne-Valdobbiadene_Province_of_Treviso_Veneto.html, /Attractions-g666331-Activities-Valdobbiadene_Province_of_Treviso_Veneto.html
Ruggeri Valdobbiadene, 5.0, Food & Drink, /Attraction_Review-g666331-d10583642-Reviews-Ruggeri_Valdobbiadene-Valdobbiadene_Province_of_Treviso_Veneto.html, /Attractions-g666331-Activities-Valdobbiadene_Province_of_Treviso_Veneto.html
IAT VALDOBBIADENE Ufficio Informazione Turistiche, 4.5, Traveller Resources, /Attraction_Review-g666331-d10765803-Reviews-IAT_VALDOBBIADENE_Ufficio_Informazione_Turistiche-Valdobbiadene_Province_of_Trev.html, /Attractions-g666331-Activities-Valdobbiadene_Province_of_Treviso_Veneto.html
Il Campanile, 4.0, Sights & Landmarks, /Attraction_Review-g666331-d12288053-Reviews-Il_Campanile-Valdobbiadene_Province_of_Treviso_Veneto.html, /Attractions-g666331-Activities-Valdobbiadene_Province_of_Treviso_Veneto.html
Chiesa di San Floriano, 4.0, Sights & Landmarks, /Attraction_Review-g666331-d12287953-Reviews-Chiesa_di_San_Floriano-Valdobbiadene_Province_of_Treviso_Veneto.html, /Attractions-g666331-Activities-Valdobbiadene_Province_of_Treviso_Veneto.html
Chiesa Campestre di San Antonio, 3.0, Sights & Landmarks, /Attraction_Review-g4410168-d12288038-Reviews-Chiesa_Campestre_di_San_Antonio-San_Pietro_di_Barbozza_Valdobbiadene_Province_o.html, /Attractions-g666331-Activities-Valdobbiadene_Province_of_Treviso_Veneto.html
Le Bertole, 5.0, Food & Drink, /Attraction_Review-g666331-d13272851-Reviews-Le_Bertole-Valdobbiadene_Province_of_Treviso_Veneto.html, /Attractions-g666331-Activities-Valdobbiadene_Province_of_Treviso_Veneto.html
Azienda Agricola Follador Francesco, 5.0, Food & Drink, /Attraction_Review-g666331-d7218276-Reviews-Azienda_Agricola_Follador_Francesco-Valdobbiadene_Province_of_Treviso_Veneto.html, /Attractions-g666331-Activities-Valdobbiadene_Province_of_Treviso_Veneto.html
Monumento ai Caduti della Prima e della Seconda Guerra Mondiale, 4.5, Sights & Landmarks, /Attraction_Review-g666331-d12288069-Reviews-Monumento_ai_Caduti_della_Prima_e_della_Seconda_Guerra_Mondiale-Valdobbiadene_Pr.html, /Attractions-g666331-Activities-Valdobbiadene_Province_of_Treviso_Veneto.html
Tempio Internazionale del Donatore, 4.0, Sights & Landmarks, /Attraction_Review-g666331-d12287937-Reviews-Tempio_Internazionale_del_Donatore-Valdobbiadene_Province_of_Treviso_Veneto.html, /Attractions-g666331-Activities-Valdobbiadene_Province_of_Treviso_Veneto.html
Santuario della Beata Vergine del Caravaggio, 4.0, Sights & Landmarks, /Attraction_Review-g666331-d12287960-Reviews-Santuario_della_Beata_Vergine_del_Caravaggio-Valdobbiadene_Province_of_Treviso_V.html, /Attractions-g666331-Activities-Valdobbiadene_Province_of_Treviso_Veneto.html
Rovine del castello di Mondeserto, 3.0, Sights & Landmarks, /Attraction_Review-g12316532-d12289550-Reviews-Rovine_del_castello_di_Mondeserto-Saccol_Valdobbiadene_Province_of_Treviso_Ven.html, /Attractions-g666331-Activities-Valdobbiadene_Province_of_Treviso_Veneto.html
