attraction_name, attraction_rate, attraction_type, attraction_url, attraction_parent_url
Chiesa di Santa Maria del Rosario, 4.0, Sights & Landmarks, /Attraction_Review-g194847-d10620056-Reviews-Chiesa_di_Santa_Maria_del_Rosario-Pantelleria_Islands_of_Sicily_Sicily.html, /Attractions-g187886-Activities-Sicily.html
Cava Porcaro, 4.0, Sights & Landmarks, /Attraction_Review-g1625404-d8107298-Reviews-Cava_Porcaro-Comiso_Province_of_Ragusa_Sicily.html, /Attractions-g187886-Activities-Sicily.html
Castello Santapau, 4.5, Sights & Landmarks, /Attraction_Review-g3457137-d12810339-Reviews-Castello_Santapau-Licodia_Eubea_Province_of_Catania_Sicily.html, /Attractions-g187886-Activities-Sicily.html
Palazzo Bonelli - Patanè, 4.5, Sights & Landmarks, /Attraction_Review-g676126-d10779206-Reviews-Palazzo_Bonelli_Patane-Scicli_Province_of_Ragusa_Sicily.html, /Attractions-g187886-Activities-Sicily.html
Monte Vulcano, 4.0, Nature & Parks, /Attraction_Review-g1204636-d19071199-Reviews-Monte_Vulcano-Linosa_Islands_of_Sicily_Sicily.html, /Attractions-g187886-Activities-Sicily.html
Ex Real Fonderia alla Cala, 3.5, Sights & Landmarks, /Attraction_Review-g187890-d16717982-Reviews-Ex_Real_Fonderia_alla_Cala-Palermo_Province_of_Palermo_Sicily.html, /Attractions-g187886-Activities-Sicily.html
Chiesa di San Matteo, 3.0, Sights & Landmarks, /Attraction_Review-g194817-d12280309-Reviews-Chiesa_di_San_Matteo-Marsala_Province_of_Trapani_Sicily.html, /Attractions-g187886-Activities-Sicily.html
Fontana di San Vito, 4.5, Sights & Landmarks, /Attraction_Review-g1973806-d6868711-Reviews-Fontana_di_San_Vito-San_Piero_Patti_Province_of_Messina_Sicily.html, /Attractions-g187886-Activities-Sicily.html
Chiesa San Pietro, 4.5, Sights & Landmarks, /Attraction_Review-g580232-d8539871-Reviews-Chiesa_San_Pietro-Piazza_Armerina_Province_of_Enna_Sicily.html, /Attractions-g187886-Activities-Sicily.html
Chiesa di Maria SS. della Catena, 5.0, Sights & Landmarks, /Attraction_Review-g1515854-d11716092-Reviews-Chiesa_di_Maria_SS_della_Catena-Adrano_Province_of_Catania_Sicily.html, /Attractions-g187886-Activities-Sicily.html
Chiesa Santa Rosalia, 3.0, Sights & Landmarks, /Attraction_Review-g6599163-d10785431-Reviews-Chiesa_Santa_Rosalia-Bivona_Province_of_Agrigento_Sicily.html, /Attractions-g187886-Activities-Sicily.html
Chiesa S. Fancesco di Paola, 3.5, Sights & Landmarks, /Attraction_Review-g315896-d12408690-Reviews-Chiesa_S_Fancesco_di_Paola-Enna_Province_of_Enna_Sicily.html, /Attractions-g187886-Activities-Sicily.html
Museo Civico, 4.0, Museums, /Attraction_Review-g1020917-d15181250-Reviews-Museo_Civico-Corleone_Province_of_Palermo_Sicily.html, /Attractions-g187886-Activities-Sicily.html
Sala Espositiva delle Vare - Associazione Giovedi Santo, 5.0, Museums, /Attraction_Review-g194706-d15010505-Reviews-Sala_Espositiva_delle_Vare_Associazione_Giovedi_Santo-Caltanissetta_Province_of_.html, /Attractions-g187886-Activities-Sicily.html
Villa Sperlinga, 3.0, Nature & Parks, /Attraction_Review-g187890-d17694190-Reviews-Villa_Sperlinga-Palermo_Province_of_Palermo_Sicily.html, /Attractions-g187886-Activities-Sicily.html
Complesso Santa Maria della Croce, 4.5, Sights & Landmarks, /Attraction_Review-g676126-d2184190-Reviews-Complesso_Santa_Maria_della_Croce-Scicli_Province_of_Ragusa_Sicily.html, /Attractions-g187886-Activities-Sicily.html
Chiesa di San Domenico, 4.0, Sights & Landmarks, /Attraction_Review-g1020917-d10771721-Reviews-Chiesa_di_San_Domenico-Corleone_Province_of_Palermo_Sicily.html, /Attractions-g187886-Activities-Sicily.html
Parco Archeologico Castello a Mare, 2.0, Sights & Landmarks, /Attraction_Review-g187890-d13132520-Reviews-Parco_Archeologico_Castello_a_Mare-Palermo_Province_of_Palermo_Sicily.html, /Attractions-g187886-Activities-Sicily.html
Chiesa di Sant'Agostino, 4.0, Sights & Landmarks, /Attraction_Review-g1065830-d12538011-Reviews-Chiesa_di_Sant_Agostino-Salemi_Province_of_Trapani_Sicily.html, /Attractions-g187886-Activities-Sicily.html
Museo della Montagna, 4.0, Museums, /Attraction_Review-g2282850-d12483244-Reviews-Museo_della_Montagna-Ventimiglia_di_Sicilia_Province_of_Palermo_Sicily.html, /Attractions-g187886-Activities-Sicily.html
Mostra Vintage, 5.0, Museums, /Attraction_Review-g187890-d12083902-Reviews-Mostra_Vintage-Palermo_Province_of_Palermo_Sicily.html, /Attractions-g187886-Activities-Sicily.html
Chiesa della Sacra Famiglia, 4.0, Sights & Landmarks, /Attraction_Review-g187890-d17733900-Reviews-Chiesa_della_Sacra_Famiglia-Palermo_Province_of_Palermo_Sicily.html, /Attractions-g187886-Activities-Sicily.html
Chiesetta S. Nicola, 4.0, Sights & Landmarks, /Attraction_Review-g616190-d19793408-Reviews-Chiesetta_S_Nicola-Modica_Province_of_Ragusa_Sicily.html, /Attractions-g187886-Activities-Sicily.html
Riserva Naturale Orientata Serre della Pizzuta, 4.0, Nature & Parks, /Attraction_Review-g635631-d12414088-Reviews-Riserva_Naturale_Orientata_Serre_della_Pizzuta-Piana_degli_Albanesi_Province_of_.html, /Attractions-g187886-Activities-Sicily.html
Villa Liberta’, 5.0, Sights & Landmarks, /Attraction_Review-g670800-d14236754-Reviews-Villa_Liberta-Panarea_Aeolian_Islands_Islands_of_Sicily_Sicily.html, /Attractions-g187886-Activities-Sicily.html
Museo Archeologico Di Lentini, 4.0, Museums, /Attraction_Review-g1169500-d6752210-Reviews-Museo_Archeologico_Di_Lentini-Lentini_Province_of_Syracuse_Sicily.html, /Attractions-g187886-Activities-Sicily.html
Associazione Liberi Artigiani - Artisti Balarm, 5.0, Museums, /Attraction_Review-g187890-d12602953-Reviews-Associazione_Liberi_Artigiani_Artisti_Balarm-Palermo_Province_of_Palermo_Sicily.html, /Attractions-g187886-Activities-Sicily.html
Chiesa di Sant'Antonio di Padova, 5.0, Sights & Landmarks, /Attraction_Review-g187890-d13312885-Reviews-Chiesa_di_Sant_Antonio_di_Padova-Palermo_Province_of_Palermo_Sicily.html, /Attractions-g187886-Activities-Sicily.html
Salerniana Museum of Contemporary Art, 2.5, Museums, /Attraction_Review-g494955-d13123291-Reviews-Salerniana_Museum_of_Contemporary_Art-Trapani_Province_of_Trapani_Sicily.html, /Attractions-g187886-Activities-Sicily.html
Monte Nero, 4.5, Nature & Parks, /Attraction_Review-g1204636-d19102714-Reviews-Monte_Nero-Linosa_Islands_of_Sicily_Sicily.html, /Attractions-g187886-Activities-Sicily.html
