attraction_name, attraction_rate, attraction_type, attraction_url, attraction_parent_url
Chocolate Bar Sangano, 4.0, Nightlife, /Attraction_Review-g1055358-d5922831-Reviews-Chocolate_Bar_Sangano-Sangano_Province_of_Turin_Piedmont.html, /Attractions-g1055358-Activities-Sangano_Province_of_Turin_Piedmont.html
Villa 'La Concezione', None, Sights & Landmarks, /Attraction_Review-g1055358-d21028497-Reviews-Villa_La_Concezione-Sangano_Province_of_Turin_Piedmont.html, /Attractions-g1055358-Activities-Sangano_Province_of_Turin_Piedmont.html
Cappella della Madonna della Mercede e dei Santi Grato e Sebastiano, None, Sights & Landmarks, /Attraction_Review-g1055358-d21028220-Reviews-Cappella_della_Madonna_della_Mercede_e_dei_Santi_Grato_e_Sebastiano-Sangano_Pro.html, /Attractions-g1055358-Activities-Sangano_Province_of_Turin_Piedmont.html
Biblioteca Comunale, None, Traveller Resources, /Attraction_Review-g1055358-d21028682-Reviews-Biblioteca_Comunale-Sangano_Province_of_Turin_Piedmont.html, /Attractions-g1055358-Activities-Sangano_Province_of_Turin_Piedmont.html
Chiesa dei Santi Solutore, None, Sights & Landmarks, /Attraction_Review-g1055358-d21033753-Reviews-Chiesa_dei_Santi_Solutore-Sangano_Province_of_Turin_Piedmont.html, /Attractions-g1055358-Activities-Sangano_Province_of_Turin_Piedmont.html
Cappella Di San Rocco Di Sangano, None, Sights & Landmarks, /Attraction_Review-g1055358-d21028219-Reviews-Cappella_Di_San_Rocco_Di_Sangano-Sangano_Province_of_Turin_Piedmont.html, /Attractions-g1055358-Activities-Sangano_Province_of_Turin_Piedmont.html
