attraction_name, attraction_rate, attraction_type, attraction_url, attraction_parent_url
Col Rodella, 4.5, Sights & Landmarks, /Attraction_Review-g675051-d4745904-Reviews-Col_Rodella-Campitello_di_Fassa_Province_of_Trento_Trentino_Alto_Adige.html, /Attractions-g675051-Activities-Campitello_di_Fassa_Province_of_Trento_Trentino_Alto_Adige.html
Val Duron, 4.5, Nature & Parks, /Attraction_Review-g675051-d4689548-Reviews-Val_Duron-Campitello_di_Fassa_Province_of_Trento_Trentino_Alto_Adige.html, /Attractions-g675051-Activities-Campitello_di_Fassa_Province_of_Trento_Trentino_Alto_Adige.html
Sentiero Federico Augusto, 5.0, Nature & Parks, /Attraction_Review-g675051-d11832732-Reviews-Sentiero_Federico_Augusto-Campitello_di_Fassa_Province_of_Trento_Trentino_Alto_A.html, /Attractions-g675051-Activities-Campitello_di_Fassa_Province_of_Trento_Trentino_Alto_Adige.html
Scuola Italiana Sci e Snowboard Campitello, 4.0, Classes & Workshops, /Attraction_Review-g675051-d5600406-Reviews-Scuola_Italiana_Sci_e_Snowboard_Campitello-Campitello_di_Fassa_Province_of_Trento.html, /Attractions-g675051-Activities-Campitello_di_Fassa_Province_of_Trento_Trentino_Alto_Adige.html
Parrocchia dei Santi Filippo e Giacomo, 4.5, Sights & Landmarks, /Attraction_Review-g675051-d12870205-Reviews-Parrocchia_dei_Santi_Filippo_e_Giacomo-Campitello_di_Fassa_Province_of_Trento_Tr.html, /Attractions-g675051-Activities-Campitello_di_Fassa_Province_of_Trento_Trentino_Alto_Adige.html
Centro Sportivo Ischia, 3.5, Fun & Games, /Attraction_Review-g675051-d4689067-Reviews-Centro_Sportivo_Ischia-Campitello_di_Fassa_Province_of_Trento_Trentino_Alto_Adige.html, /Attractions-g675051-Activities-Campitello_di_Fassa_Province_of_Trento_Trentino_Alto_Adige.html
Enoteca La Scaletta, 4.5, Food & Drink, /Attraction_Review-g675051-d13976923-Reviews-Enoteca_La_Scaletta-Campitello_di_Fassa_Province_of_Trento_Trentino_Alto_Adige.html, /Attractions-g675051-Activities-Campitello_di_Fassa_Province_of_Trento_Trentino_Alto_Adige.html
Chiesa della Beata Maria Vergine, 3.5, Sights & Landmarks, /Attraction_Review-g12875567-d12870221-Reviews-Chiesa_della_Beata_Maria_Vergine-Pian_Campitello_di_Fassa_Province_of_Trento_T.html, /Attractions-g675051-Activities-Campitello_di_Fassa_Province_of_Trento_Trentino_Alto_Adige.html
Ufficio Informazioni Turistiche - APT, 3.5, Traveller Resources, /Attraction_Review-g675051-d12870193-Reviews-Ufficio_Informazioni_Turistiche_APT-Campitello_di_Fassa_Province_of_Trento_Trent.html, /Attractions-g675051-Activities-Campitello_di_Fassa_Province_of_Trento_Trentino_Alto_Adige.html
Chiesa di Nostra Signora del Carmelo, 3.0, Sights & Landmarks, /Attraction_Review-g675051-d12870223-Reviews-Chiesa_di_Nostra_Signora_del_Carmelo-Campitello_di_Fassa_Province_of_Trento_Tren.html, /Attractions-g675051-Activities-Campitello_di_Fassa_Province_of_Trento_Trentino_Alto_Adige.html
Charlotte Horse Riding, 5.0, Nature & Parks, /Attraction_Review-g675051-d10742921-Reviews-Charlotte_Horse_Riding-Campitello_di_Fassa_Province_of_Trento_Trentino_Alto_Adig.html, /Attractions-g675051-Activities-Campitello_di_Fassa_Province_of_Trento_Trentino_Alto_Adige.html
Mambo Ski Rent&& Fun &amp; Pro, 4.5, Nature & Parks, /Attraction_Review-g675051-d12637358-Reviews-Mambo_Ski_Rent_Fun_Pro-Campitello_di_Fassa_Province_of_Trento_Trentino_Alto_Adig.html, /Attractions-g675051-Activities-Campitello_di_Fassa_Province_of_Trento_Trentino_Alto_Adige.html
Fassa Fly, 5.0, Tours, /Attraction_Review-g675051-d17759066-Reviews-Fassa_Fly-Campitello_di_Fassa_Province_of_Trento_Trentino_Alto_Adige.html, /Attractions-g675051-Activities-Campitello_di_Fassa_Province_of_Trento_Trentino_Alto_Adige.html
Marvin Ski Noleggio, 5.0, Outdoor Activities, /Attraction_Review-g675051-d12178709-Reviews-Marvin_Ski_Noleggio-Campitello_di_Fassa_Province_of_Trento_Trentino_Alto_Adige.html, /Attractions-g675051-Activities-Campitello_di_Fassa_Province_of_Trento_Trentino_Alto_Adige.html
Palestra di Arrampicata di Campitello di Fassa, None, Fun & Games, /Attraction_Review-g675051-d12872241-Reviews-Palestra_di_Arrampicata_di_Campitello_di_Fassa-Campitello_di_Fassa_Province_of_T.html, /Attractions-g675051-Activities-Campitello_di_Fassa_Province_of_Trento_Trentino_Alto_Adige.html
Lorenzo Taxi e Viaggi, None, Transportation, /Attraction_Review-g675051-d13824861-Reviews-Lorenzo_Taxi_e_Viaggi-Campitello_di_Fassa_Province_of_Trento_Trentino_Alto_Adige.html, /Attractions-g675051-Activities-Campitello_di_Fassa_Province_of_Trento_Trentino_Alto_Adige.html
