attraction_name, attraction_rate, attraction_type, attraction_url, attraction_parent_url
Palazzo Te, 4.5, Museums, /Attraction_Review-g187848-d1205062-Reviews-Palazzo_Te-Mantua_Province_of_Mantua_Lombardy.html, /Attractions-g187848-Activities-Mantua_Province_of_Mantua_Lombardy.html
Palazzo Ducale Mantova, 4.5, Sights & Landmarks, /Attraction_Review-g187848-d13162974-Reviews-Palazzo_Ducale_Mantova-Mantua_Province_of_Mantua_Lombardy.html, /Attractions-g187848-Activities-Mantua_Province_of_Mantua_Lombardy.html
Basilica di Sant'Andrea di Mantova, 4.5, Sights & Landmarks, /Attraction_Review-g187848-d2109263-Reviews-Basilica_di_Sant_Andrea_di_Mantova-Mantua_Province_of_Mantua_Lombardy.html, /Attractions-g187848-Activities-Mantua_Province_of_Mantua_Lombardy.html
Camera degli Sposi, 4.5, Museums, /Attraction_Review-g187848-d8342760-Reviews-Camera_degli_Sposi-Mantua_Province_of_Mantua_Lombardy.html, /Attractions-g187848-Activities-Mantua_Province_of_Mantua_Lombardy.html
Teatro Bibiena, 5.0, Concerts & Shows, /Attraction_Review-g187848-d3807222-Reviews-Teatro_Bibiena-Mantua_Province_of_Mantua_Lombardy.html, /Attractions-g187848-Activities-Mantua_Province_of_Mantua_Lombardy.html
Rotonda di San Lorenzo, 4.5, Sights & Landmarks, /Attraction_Review-g187848-d2092818-Reviews-Rotonda_di_San_Lorenzo-Mantua_Province_of_Mantua_Lombardy.html, /Attractions-g187848-Activities-Mantua_Province_of_Mantua_Lombardy.html
Skyline di Mantova, 5.0, Sights & Landmarks, /Attraction_Review-g187848-d7785551-Reviews-Skyline_di_Mantova-Mantua_Province_of_Mantua_Lombardy.html, /Attractions-g187848-Activities-Mantua_Province_of_Mantua_Lombardy.html
Palazzo d'Arco, 4.5, Museums, /Attraction_Review-g187848-d600918-Reviews-Palazzo_d_Arco-Mantua_Province_of_Mantua_Lombardy.html, /Attractions-g187848-Activities-Mantua_Province_of_Mantua_Lombardy.html
Castello San Giorgio, 4.5, Sights & Landmarks, /Attraction_Review-g187848-d1217632-Reviews-Castello_San_Giorgio-Mantua_Province_of_Mantua_Lombardy.html, /Attractions-g187848-Activities-Mantua_Province_of_Mantua_Lombardy.html
Il Museo Storico dei Vigili del Fuoco, 4.5, Museums, /Attraction_Review-g187848-d4102556-Reviews-Il_Museo_Storico_dei_Vigili_del_Fuoco-Mantua_Province_of_Mantua_Lombardy.html, /Attractions-g187848-Activities-Mantua_Province_of_Mantua_Lombardy.html
Piazza Sordello, 4.5, Sights & Landmarks, /Attraction_Review-g187848-d10117303-Reviews-Piazza_Sordello-Mantua_Province_of_Mantua_Lombardy.html, /Attractions-g187848-Activities-Mantua_Province_of_Mantua_Lombardy.html
Piazza delle Erbe, 4.5, Sights & Landmarks, /Attraction_Review-g187848-d7156087-Reviews-Piazza_delle_Erbe-Mantua_Province_of_Mantua_Lombardy.html, /Attractions-g187848-Activities-Mantua_Province_of_Mantua_Lombardy.html
Torre dell'Orologio, 4.0, Sights & Landmarks, /Attraction_Review-g187848-d7157530-Reviews-Torre_dell_Orologio-Mantua_Province_of_Mantua_Lombardy.html, /Attractions-g187848-Activities-Mantua_Province_of_Mantua_Lombardy.html
Duomo - Cattedrale di San Pietro, 4.0, Sights & Landmarks, /Attraction_Review-g187848-d2322323-Reviews-Duomo_Cattedrale_di_San_Pietro-Mantua_Province_of_Mantua_Lombardy.html, /Attractions-g187848-Activities-Mantua_Province_of_Mantua_Lombardy.html
Parco del Mincio, 4.5, Nature & Parks, /Attraction_Review-g187848-d7689190-Reviews-Parco_del_Mincio-Mantua_Province_of_Mantua_Lombardy.html, /Attractions-g187848-Activities-Mantua_Province_of_Mantua_Lombardy.html
Piste Ciclabili di Mantova, 4.5, Nature & Parks, /Attraction_Review-g187848-d4738119-Reviews-Piste_Ciclabili_di_Mantova-Mantua_Province_of_Mantua_Lombardy.html, /Attractions-g187848-Activities-Mantua_Province_of_Mantua_Lombardy.html
Biblioteca Teresiana, 4.5, Traveller Resources, /Attraction_Review-g187848-d7157531-Reviews-Biblioteca_Teresiana-Mantua_Province_of_Mantua_Lombardy.html, /Attractions-g187848-Activities-Mantua_Province_of_Mantua_Lombardy.html
Casa del Mercante, 4.5, Sights & Landmarks, /Attraction_Review-g187848-d7805009-Reviews-Casa_del_Mercante-Mantua_Province_of_Mantua_Lombardy.html, /Attractions-g187848-Activities-Mantua_Province_of_Mantua_Lombardy.html
Piazza Virgiliana, 4.0, Sights & Landmarks, /Attraction_Review-g187848-d3213251-Reviews-Piazza_Virgiliana-Mantua_Province_of_Mantua_Lombardy.html, /Attractions-g187848-Activities-Mantua_Province_of_Mantua_Lombardy.html
Casa Del Rigoletto, 3.5, Sights & Landmarks, /Attraction_Review-g187848-d8016527-Reviews-Casa_Del_Rigoletto-Mantua_Province_of_Mantua_Lombardy.html, /Attractions-g187848-Activities-Mantua_Province_of_Mantua_Lombardy.html
Museo Archeologico Nazionale Di Mantova, 4.0, Sights & Landmarks, /Attraction_Review-g187848-d6612743-Reviews-Museo_Archeologico_Nazionale_Di_Mantova-Mantua_Province_of_Mantua_Lombardy.html, /Attractions-g187848-Activities-Mantua_Province_of_Mantua_Lombardy.html
Museo Tazio Nuvolari, 4.0, Museums, /Attraction_Review-g187848-d4353825-Reviews-Museo_Tazio_Nuvolari-Mantua_Province_of_Mantua_Lombardy.html, /Attractions-g187848-Activities-Mantua_Province_of_Mantua_Lombardy.html
Basilica di Santa Barbara, 4.0, Sights & Landmarks, /Attraction_Review-g187848-d7319779-Reviews-Basilica_di_Santa_Barbara-Mantua_Province_of_Mantua_Lombardy.html, /Attractions-g187848-Activities-Mantua_Province_of_Mantua_Lombardy.html
Museo della citta Palazzo di San Sebastiano, 3.5, Museums, /Attraction_Review-g187848-d7156086-Reviews-Museo_della_citta_Palazzo_di_San_Sebastiano-Mantua_Province_of_Mantua_Lombardy.html, /Attractions-g187848-Activities-Mantua_Province_of_Mantua_Lombardy.html
Piazza Leon Battista Alberti, 4.5, Sights & Landmarks, /Attraction_Review-g187848-d7319812-Reviews-Piazza_Leon_Battista_Alberti-Mantua_Province_of_Mantua_Lombardy.html, /Attractions-g187848-Activities-Mantua_Province_of_Mantua_Lombardy.html
Giardini di Belfiore, 4.5, Nature & Parks, /Attraction_Review-g187848-d8309318-Reviews-Giardini_di_Belfiore-Mantua_Province_of_Mantua_Lombardy.html, /Attractions-g187848-Activities-Mantua_Province_of_Mantua_Lombardy.html
Palazzo Valenti Gonzaga, 4.5, Museums, /Attraction_Review-g187848-d2271912-Reviews-Palazzo_Valenti_Gonzaga-Mantua_Province_of_Mantua_Lombardy.html, /Attractions-g187848-Activities-Mantua_Province_of_Mantua_Lombardy.html
Percorso dei Laghi, 4.0, Nature & Parks, /Attraction_Review-g187848-d12191377-Reviews-Percorso_dei_Laghi-Mantua_Province_of_Mantua_Lombardy.html, /Attractions-g187848-Activities-Mantua_Province_of_Mantua_Lombardy.html
Casa del Mantegna, 3.5, Museums, /Attraction_Review-g187848-d7797163-Reviews-Casa_del_Mantegna-Mantua_Province_of_Mantua_Lombardy.html, /Attractions-g187848-Activities-Mantua_Province_of_Mantua_Lombardy.html
Pescherie di Giulio Romano - Rio, 4.0, Sights & Landmarks, /Attraction_Review-g187848-d6932176-Reviews-Pescherie_di_Giulio_Romano_Rio-Mantua_Province_of_Mantua_Lombardy.html, /Attractions-g187848-Activities-Mantua_Province_of_Mantua_Lombardy.html
