attraction_name, attraction_rate, attraction_type, attraction_url, attraction_parent_url
Basilica Maria SS. delle Grazie della Quercia di Visora, 5.0, Sights & Landmarks, /Attraction_Review-g5503647-d8526750-Reviews-Basilica_Maria_SS_delle_Grazie_della_Quercia_di_Visora-Conflenti_Province_of_Cat.html, /Attractions-g5503647-Activities-Conflenti_Province_of_Catanzaro_Calabria.html
Astro Pramantha, None, Museums, /Attraction_Review-g5503647-d11964165-Reviews-Astro_Pramantha-Conflenti_Province_of_Catanzaro_Calabria.html, /Attractions-g5503647-Activities-Conflenti_Province_of_Catanzaro_Calabria.html
Chiesa della Madonna della Querciola, None, Sights & Landmarks, /Attraction_Review-g5503647-d21241402-Reviews-Chiesa_della_Madonna_della_Querciola-Conflenti_Province_of_Catanzaro_Calabria.html, /Attractions-g5503647-Activities-Conflenti_Province_of_Catanzaro_Calabria.html
Chiesa Di Sant'andrea Apostolo, None, Sights & Landmarks, /Attraction_Review-g5503647-d21240903-Reviews-Chiesa_Di_Sant_andrea_Apostolo-Conflenti_Province_of_Catanzaro_Calabria.html, /Attractions-g5503647-Activities-Conflenti_Province_of_Catanzaro_Calabria.html
Chiesa della Madonna di Loreto, None, Sights & Landmarks, /Attraction_Review-g5503647-d21240904-Reviews-Chiesa_della_Madonna_di_Loreto-Conflenti_Province_of_Catanzaro_Calabria.html, /Attractions-g5503647-Activities-Conflenti_Province_of_Catanzaro_Calabria.html
