attraction_name, attraction_rate, attraction_type, attraction_url, attraction_parent_url
Michelino Beach, 4.5, Nature & Parks, /Attraction_Review-g580199-d4555782-Reviews-Michelino_Beach-Parghelia_Province_of_Vibo_Valentia_Calabria.html, /Attractions-g580199-Activities-Parghelia_Province_of_Vibo_Valentia_Calabria.html
Chiesa di Sant'Andrea, 4.5, Sights & Landmarks, /Attraction_Review-g580199-d12815676-Reviews-Chiesa_di_Sant_Andrea-Parghelia_Province_of_Vibo_Valentia_Calabria.html, /Attractions-g580199-Activities-Parghelia_Province_of_Vibo_Valentia_Calabria.html
Museo Parrocchiale Parghelia, 4.5, Museums, /Attraction_Review-g580199-d12002785-Reviews-Museo_Parrocchiale_Parghelia-Parghelia_Province_of_Vibo_Valentia_Calabria.html, /Attractions-g580199-Activities-Parghelia_Province_of_Vibo_Valentia_Calabria.html
Noleggio Nautico Shark Bay, 4.5, Tours, /Attraction_Review-g580199-d6474599-Reviews-Noleggio_Nautico_Shark_Bay-Parghelia_Province_of_Vibo_Valentia_Calabria.html, /Attractions-g580199-Activities-Parghelia_Province_of_Vibo_Valentia_Calabria.html
Re Auto, 5.0, Transportation, /Attraction_Review-g580199-d12723011-Reviews-Re_Auto-Parghelia_Province_of_Vibo_Valentia_Calabria.html, /Attractions-g580199-Activities-Parghelia_Province_of_Vibo_Valentia_Calabria.html
SPA Le Mirage, 4.0, Spas & Wellness, /Attraction_Review-g580199-d1438699-Reviews-SPA_Le_Mirage-Parghelia_Province_of_Vibo_Valentia_Calabria.html, /Attractions-g580199-Activities-Parghelia_Province_of_Vibo_Valentia_Calabria.html
