attraction_name, attraction_rate, attraction_type, attraction_url, attraction_parent_url
Rocca Bernarda, 4.5, Food & Drink, /Attraction_Review-g2550105-d8139661-Reviews-Rocca_Bernarda-Premariacco_Province_of_Udine_Friuli_Venezia_Giulia.html, /Attractions-g2550105-Activities-Premariacco_Province_of_Udine_Friuli_Venezia_Giulia.html
Azienda Agricola La Tunella, 5.0, Food & Drink, /Attraction_Review-g2550105-d6211333-Reviews-Azienda_Agricola_La_Tunella-Premariacco_Province_of_Udine_Friuli_Venezia_Giulia.html, /Attractions-g2550105-Activities-Premariacco_Province_of_Udine_Friuli_Venezia_Giulia.html
Dorigo Winery, 5.0, Food & Drink, /Attraction_Review-g2550105-d6508215-Reviews-Dorigo_Winery-Premariacco_Province_of_Udine_Friuli_Venezia_Giulia.html, /Attractions-g2550105-Activities-Premariacco_Province_of_Udine_Friuli_Venezia_Giulia.html
Chiesa di San Silvestro Papa, 4.5, Sights & Landmarks, /Attraction_Review-g2550105-d8517037-Reviews-Chiesa_di_San_Silvestro_Papa-Premariacco_Province_of_Udine_Friuli_Venezia_Giulia.html, /Attractions-g2550105-Activities-Premariacco_Province_of_Udine_Friuli_Venezia_Giulia.html
Parco Sculture Braida Copetti, 4.0, Museums, /Attraction_Review-g2550105-d17623044-Reviews-Parco_Sculture_Braida_Copetti-Premariacco_Province_of_Udine_Friuli_Venezia_Giul.html, /Attractions-g2550105-Activities-Premariacco_Province_of_Udine_Friuli_Venezia_Giulia.html
Casa della Confraternita dei Battuti, None, Sights & Landmarks, /Attraction_Review-g2550105-d8516897-Reviews-Casa_della_Confraternita_dei_Battuti-Premariacco_Province_of_Udine_Friuli_Venezi.html, /Attractions-g2550105-Activities-Premariacco_Province_of_Udine_Friuli_Venezia_Giulia.html
Villa Petricich Cantarutti, None, Sights & Landmarks, /Attraction_Review-g2550105-d17395267-Reviews-Villa_Petricich_Cantarutti-Premariacco_Province_of_Udine_Friuli_Venezia_Giulia.html, /Attractions-g2550105-Activities-Premariacco_Province_of_Udine_Friuli_Venezia_Giulia.html
