attraction_name, attraction_rate, attraction_type, attraction_url, attraction_parent_url
Abbazia della Santissima Trinità, 4.0, Sights & Landmarks, /Attraction_Review-g1918298-d12919801-Reviews-Abbazia_della_Santissima_Trinita-Campagnola_Emilia_Province_of_Reggio_Emilia_Em.html, /Attractions-g1918298-Activities-Campagnola_Emilia_Province_of_Reggio_Emilia_Emilia_Romagna.html
Caseificio Sociale Castellazzo, 4.5, Shopping, /Attraction_Review-g1918298-d12637318-Reviews-Caseificio_Sociale_Castellazzo-Campagnola_Emilia_Province_of_Reggio_Emilia_Emil.html, /Attractions-g1918298-Activities-Campagnola_Emilia_Province_of_Reggio_Emilia_Emilia_Romagna.html
SUEDA Cafe, 4.0, Nightlife, /Attraction_Review-g1918298-d4760933-Reviews-SUEDA_Cafe-Campagnola_Emilia_Province_of_Reggio_Emilia_Emilia_Romagna.html, /Attractions-g1918298-Activities-Campagnola_Emilia_Province_of_Reggio_Emilia_Emilia_Romagna.html
Chiesa dei Santi Gervasio e Protasio, None, Sights & Landmarks, /Attraction_Review-g1918298-d12919898-Reviews-Chiesa_dei_Santi_Gervasio_e_Protasio-Campagnola_Emilia_Province_of_Reggio_Emili.html, /Attractions-g1918298-Activities-Campagnola_Emilia_Province_of_Reggio_Emilia_Emilia_Romagna.html
