attraction_name, attraction_rate, attraction_type, attraction_url, attraction_parent_url
Campo San Toma, 4.0, Other, /Attraction_Review-g187870-d8358000-Reviews-Campo_San_Toma-Venice_Veneto.html, /Attractions-g187870-Activities-Venice_Veneto.html
Pietre d'Inciampo - Stolpersteine, 5.0, Sights & Landmarks, /Attraction_Review-g187870-d12128275-Reviews-Pietre_d_Inciampo_Stolpersteine-Venice_Veneto.html, /Attractions-g187870-Activities-Venice_Veneto.html
Palazzo Barbaro, 4.0, Sights & Landmarks, /Attraction_Review-g187870-d191174-Reviews-Palazzo_Barbaro-Venice_Veneto.html, /Attractions-g187870-Activities-Venice_Veneto.html
Lista di Spagna, 4.0, Sights & Landmarks, /Attraction_Review-g187870-d12484915-Reviews-Lista_di_Spagna-Venice_Veneto.html, /Attractions-g187870-Activities-Venice_Veneto.html
Palazzo Nani Bernardo, 4.5, Nature & Parks, /Attraction_Review-g187870-d10311792-Reviews-Palazzo_Nani_Bernardo-Venice_Veneto.html, /Attractions-g187870-Activities-Venice_Veneto.html
Palazzo Labia, 4.0, Sights & Landmarks, /Attraction_Review-g187870-d194255-Reviews-Palazzo_Labia-Venice_Veneto.html, /Attractions-g187870-Activities-Venice_Veneto.html
Chiesa di Santa Maria Maddalena, 4.0, Sights & Landmarks, /Attraction_Review-g187870-d12965984-Reviews-Chiesa_di_Santa_Maria_Maddalena-Venice_Veneto.html, /Attractions-g187870-Activities-Venice_Veneto.html
Casa del Tintoretto, 4.0, Sights & Landmarks, /Attraction_Review-g187870-d10059632-Reviews-Casa_del_Tintoretto-Venice_Veneto.html, /Attractions-g187870-Activities-Venice_Veneto.html
Chiesa di Santa Maria della Visitazione - dei Gesuati, 4.0, Sights & Landmarks, /Attraction_Review-g187870-d12176533-Reviews-Chiesa_di_Santa_Maria_della_Visitazione_dei_Gesuati-Venice_Veneto.html, /Attractions-g187870-Activities-Venice_Veneto.html
Isola Maledetta di Poveglia, 4.5, Sights & Landmarks, /Attraction_Review-g187870-d11952983-Reviews-Isola_Maledetta_di_Poveglia-Venice_Veneto.html, /Attractions-g187870-Activities-Venice_Veneto.html
Monumento a Giuseppe Garibaldi, 3.5, Sights & Landmarks, /Attraction_Review-g187870-d11817249-Reviews-Monumento_a_Giuseppe_Garibaldi-Venice_Veneto.html, /Attractions-g187870-Activities-Venice_Veneto.html
Sinagoghe a Venezia: Scola Grande Tedesca E Scola Canton, 4.5, Sights & Landmarks, /Attraction_Review-g187870-d12180407-Reviews-Sinagoghe_a_Venezia_Scola_Grande_Tedesca_E_Scola_Canton-Venice_Veneto.html, /Attractions-g187870-Activities-Venice_Veneto.html
Chiesa di Sant'Eufemia, 4.5, Sights & Landmarks, /Attraction_Review-g187870-d11952885-Reviews-Chiesa_di_Sant_Eufemia-Venice_Veneto.html, /Attractions-g187870-Activities-Venice_Veneto.html
Chiesa di San Cassiano, 4.0, Sights & Landmarks, /Attraction_Review-g187870-d7683169-Reviews-Chiesa_di_San_Cassiano-Venice_Veneto.html, /Attractions-g187870-Activities-Venice_Veneto.html
Riva dei Sette Martiri, 4.0, Nature & Parks, /Attraction_Review-g187870-d12455371-Reviews-Riva_dei_Sette_Martiri-Venice_Veneto.html, /Attractions-g187870-Activities-Venice_Veneto.html
Chiesa di Santa Maria Maggiore, 4.5, Sights & Landmarks, /Attraction_Review-g187870-d8037622-Reviews-Chiesa_di_Santa_Maria_Maggiore-Venice_Veneto.html, /Attractions-g187870-Activities-Venice_Veneto.html
Chiesa di San Stae (Eustachio), 4.0, Sights & Landmarks, /Attraction_Review-g187870-d7694597-Reviews-Chiesa_di_San_Stae_Eustachio-Venice_Veneto.html, /Attractions-g187870-Activities-Venice_Veneto.html
Chiesa di San Giobbe, 4.0, Sights & Landmarks, /Attraction_Review-g187870-d6592704-Reviews-Chiesa_di_San_Giobbe-Venice_Veneto.html, /Attractions-g187870-Activities-Venice_Veneto.html
Statua di Niccolò Tommaseo, 3.5, Sights & Landmarks, /Attraction_Review-g187870-d11816429-Reviews-Statua_di_Niccolo_Tommaseo-Venice_Veneto.html, /Attractions-g187870-Activities-Venice_Veneto.html
Fondamenta Nove, 4.0, Sights & Landmarks, /Attraction_Review-g187870-d14001286-Reviews-Fondamenta_Nove-Venice_Veneto.html, /Attractions-g187870-Activities-Venice_Veneto.html
I Leoni dell'Arsenale, 4.5, Sights & Landmarks, /Attraction_Review-g187870-d12709689-Reviews-I_Leoni_dell_Arsenale-Venice_Veneto.html, /Attractions-g187870-Activities-Venice_Veneto.html
Chiesa dell'Isola di San Servolo, 4.5, Sights & Landmarks, /Attraction_Review-g187870-d12135480-Reviews-Chiesa_dell_Isola_di_San_Servolo-Venice_Veneto.html, /Attractions-g187870-Activities-Venice_Veneto.html
Chiesa Di San Marcuola, 4.0, Sights & Landmarks, /Attraction_Review-g187870-d6846666-Reviews-Chiesa_Di_San_Marcuola-Venice_Veneto.html, /Attractions-g187870-Activities-Venice_Veneto.html
Parco Pubblico s Giuliano, 4.5, Nature & Parks, /Attraction_Review-g187870-d3791268-Reviews-Parco_Pubblico_s_Giuliano-Venice_Veneto.html, /Attractions-g187870-Activities-Venice_Veneto.html
Chiesetta dell’Abbazia della Misericordia, 4.5, Sights & Landmarks, /Attraction_Review-g187870-d11948905-Reviews-Chiesetta_dell_Abbazia_della_Misericordia-Venice_Veneto.html, /Attractions-g187870-Activities-Venice_Veneto.html
Campo Bandiera E Moro, 4.0, Sights & Landmarks, /Attraction_Review-g187870-d2555960-Reviews-Campo_Bandiera_E_Moro-Venice_Veneto.html, /Attractions-g187870-Activities-Venice_Veneto.html
Wood Sculptures by Loris Marazzi, 5.0, Museums, /Attraction_Review-g187870-d10547909-Reviews-Wood_Sculptures_by_Loris_Marazzi-Venice_Veneto.html, /Attractions-g187870-Activities-Venice_Veneto.html
St. George's Anglican Church, 4.0, Sights & Landmarks, /Attraction_Review-g187870-d2435303-Reviews-St_George_s_Anglican_Church-Venice_Veneto.html, /Attractions-g187870-Activities-Venice_Veneto.html
Museo del Manicomio - La Follia reclusa, 3.5, Museums, /Attraction_Review-g187870-d11434890-Reviews-Museo_del_Manicomio_La_Follia_reclusa-Venice_Veneto.html, /Attractions-g187870-Activities-Venice_Veneto.html
Le Macchine di Leonardo, 3.5, Museums, /Attraction_Review-g187870-d3360058-Reviews-Le_Macchine_di_Leonardo-Venice_Veneto.html, /Attractions-g187870-Activities-Venice_Veneto.html
