attraction_name, attraction_rate, attraction_type, attraction_url, attraction_parent_url
Chiesa di San Bartolomeo, 4.0, Sights & Landmarks, /Attraction_Review-g1574950-d12937956-Reviews-Chiesa_di_San_Bartolomeo-Ossona_Province_of_Milan_Lombardy.html, /Attractions-g1574950-Activities-Ossona_Province_of_Milan_Lombardy.html
Villa Bosi, 3.0, Sights & Landmarks, /Attraction_Review-g1574950-d12937959-Reviews-Villa_Bosi-Ossona_Province_of_Milan_Lombardy.html, /Attractions-g1574950-Activities-Ossona_Province_of_Milan_Lombardy.html
Chiesa Parrocchiale di San Cristoforo, 3.0, Sights & Landmarks, /Attraction_Review-g1574950-d12937958-Reviews-Chiesa_Parrocchiale_di_San_Cristoforo-Ossona_Province_of_Milan_Lombardy.html, /Attractions-g1574950-Activities-Ossona_Province_of_Milan_Lombardy.html
Mara Balmer, None, Boat Tours & Water Sports, /Attraction_Review-g1574950-d17584724-Reviews-Mara_Balmer-Ossona_Province_of_Milan_Lombardy.html, /Attractions-g1574950-Activities-Ossona_Province_of_Milan_Lombardy.html
