attraction_name, attraction_rate, attraction_type, attraction_url, attraction_parent_url
Villa Farsetti, 4.0, Sights & Landmarks, /Attraction_Review-g1079902-d3706105-Reviews-Villa_Farsetti-Santa_Maria_di_Sala_Veneto.html, /Attractions-g1079902-Activities-Santa_Maria_di_Sala_Veneto.html
Castello di Stigliano, 4.0, Sights & Landmarks, /Attraction_Review-g1079902-d10792222-Reviews-Castello_di_Stigliano-Santa_Maria_di_Sala_Veneto.html, /Attractions-g1079902-Activities-Santa_Maria_di_Sala_Veneto.html
Chiesetta della Madonna Mora, 4.0, Sights & Landmarks, /Attraction_Review-g1079902-d19755922-Reviews-Chiesetta_della_Madonna_Mora-Santa_Maria_di_Sala_Veneto.html, /Attractions-g1079902-Activities-Santa_Maria_di_Sala_Veneto.html
Chiesa Parrocchiale di San Michele Arcangelo, 3.5, Sights & Landmarks, /Attraction_Review-g1079902-d10296219-Reviews-Chiesa_Parrocchiale_di_San_Michele_Arcangelo-Santa_Maria_di_Sala_Veneto.html, /Attractions-g1079902-Activities-Santa_Maria_di_Sala_Veneto.html
Parrocchia di Caselle de Ruffi, 2.0, Sights & Landmarks, /Attraction_Review-g1079902-d12620293-Reviews-Parrocchia_di_Caselle_de_Ruffi-Santa_Maria_di_Sala_Veneto.html, /Attractions-g1079902-Activities-Santa_Maria_di_Sala_Veneto.html
Chiesa Santa Maria di Sala, 3.0, Sights & Landmarks, /Attraction_Review-g1079902-d10293048-Reviews-Chiesa_Santa_Maria_di_Sala-Santa_Maria_di_Sala_Veneto.html, /Attractions-g1079902-Activities-Santa_Maria_di_Sala_Veneto.html
TOM The Stylish Box, 3.5, Shopping, /Attraction_Review-g1079902-d4559051-Reviews-TOM_The_Stylish_Box-Santa_Maria_di_Sala_Veneto.html, /Attractions-g1079902-Activities-Santa_Maria_di_Sala_Veneto.html
Piccolo Parco, 4.5, Fun & Games, /Attraction_Review-g1079902-d10354266-Reviews-Piccolo_Parco-Santa_Maria_di_Sala_Veneto.html, /Attractions-g1079902-Activities-Santa_Maria_di_Sala_Veneto.html
Sesto Senso, 5.0, Nightlife, /Attraction_Review-g1079902-d5928547-Reviews-Sesto_Senso-Santa_Maria_di_Sala_Veneto.html, /Attractions-g1079902-Activities-Santa_Maria_di_Sala_Veneto.html
Parrocchia di San Biagio Vescovo e Martire in Caltana, None, Sights & Landmarks, /Attraction_Review-g12501379-d12620267-Reviews-Parrocchia_di_San_Biagio_Vescovo_e_Martire_in_Caltana-Caltana_Santa_Maria_di_S.html, /Attractions-g1079902-Activities-Santa_Maria_di_Sala_Veneto.html
Pro Loco Santa Maria di Sala, None, Traveller Resources, /Attraction_Review-g1079902-d12620278-Reviews-Pro_Loco_Santa_Maria_di_Sala-Santa_Maria_di_Sala_Veneto.html, /Attractions-g1079902-Activities-Santa_Maria_di_Sala_Veneto.html
Natural Horse Ranch, None, Outdoor Activities, /Attraction_Review-g12501379-d12420306-Reviews-Natural_Horse_Ranch-Caltana_Santa_Maria_di_Sala_Veneto.html, /Attractions-g1079902-Activities-Santa_Maria_di_Sala_Veneto.html
