attraction_name, attraction_rate, attraction_type, attraction_url, attraction_parent_url
Chiesa di Sant'Anna in Giolica, 5.0, Sights & Landmarks, /Attraction_Review-g194868-d11904927-Reviews-Chiesa_di_Sant_Anna_in_Giolica-Prato_Province_of_Prato_Tuscany.html, /Attractions-g194868-Activities-Prato_Province_of_Prato_Tuscany.html
Basilica dei Santi Vincenzo e Caterina de' Ricci, 4.0, Sights & Landmarks, /Attraction_Review-g194868-d7186459-Reviews-Basilica_dei_Santi_Vincenzo_e_Caterina_de_Ricci-Prato_Province_of_Prato_Tuscany.html, /Attractions-g194868-Activities-Prato_Province_of_Prato_Tuscany.html
Fontana del Pescatorello, 3.5, Sights & Landmarks, /Attraction_Review-g194868-d13497779-Reviews-Fontana_del_Pescatorello-Prato_Province_of_Prato_Tuscany.html, /Attractions-g194868-Activities-Prato_Province_of_Prato_Tuscany.html
Palazzo Comunale, 4.0, Sights & Landmarks, /Attraction_Review-g194868-d11904851-Reviews-Palazzo_Comunale-Prato_Province_of_Prato_Tuscany.html, /Attractions-g194868-Activities-Prato_Province_of_Prato_Tuscany.html
Chiesa dello Spirito Santo, 5.0, Sights & Landmarks, /Attraction_Review-g194868-d11904909-Reviews-Chiesa_dello_Spirito_Santo-Prato_Province_of_Prato_Tuscany.html, /Attractions-g194868-Activities-Prato_Province_of_Prato_Tuscany.html
Chiesa di Santa Cristina a Pimonte, 5.0, Sights & Landmarks, /Attraction_Review-g194868-d11905207-Reviews-Chiesa_di_Santa_Cristina_a_Pimonte-Prato_Province_of_Prato_Tuscany.html, /Attractions-g194868-Activities-Prato_Province_of_Prato_Tuscany.html
Chiesa di San Martino a Gonfienti, 4.5, Sights & Landmarks, /Attraction_Review-g194868-d18083249-Reviews-Chiesa_di_San_Martino_a_Gonfienti-Prato_Province_of_Prato_Tuscany.html, /Attractions-g194868-Activities-Prato_Province_of_Prato_Tuscany.html
La Galassia dei Salti, 3.5, Water & Amusement Parks, /Attraction_Review-g194868-d3767518-Reviews-La_Galassia_dei_Salti-Prato_Province_of_Prato_Tuscany.html, /Attractions-g194868-Activities-Prato_Province_of_Prato_Tuscany.html
Monastero San Niccolo, 4.5, Sights & Landmarks, /Attraction_Review-g194868-d11905208-Reviews-Monastero_San_Niccolo-Prato_Province_of_Prato_Tuscany.html, /Attractions-g194868-Activities-Prato_Province_of_Prato_Tuscany.html
Chiesa di San Giuseppe, 4.0, Sights & Landmarks, /Attraction_Review-g194868-d12453667-Reviews-Chiesa_di_San_Giuseppe-Prato_Province_of_Prato_Tuscany.html, /Attractions-g194868-Activities-Prato_Province_of_Prato_Tuscany.html
Museo di Pittura Murale in San Domenico, 4.0, Museums, /Attraction_Review-g194868-d527016-Reviews-Museo_di_Pittura_Murale_in_San_Domenico-Prato_Province_of_Prato_Tuscany.html, /Attractions-g194868-Activities-Prato_Province_of_Prato_Tuscany.html
Mercato Terra di Prato, 3.5, Food & Drink, /Attraction_Review-g194868-d12794836-Reviews-Mercato_Terra_di_Prato-Prato_Province_of_Prato_Tuscany.html, /Attractions-g194868-Activities-Prato_Province_of_Prato_Tuscany.html
Oratorio di Santa Maria Maddalena dei Malsani, 4.0, Sights & Landmarks, /Attraction_Review-g194868-d6643985-Reviews-Oratorio_di_Santa_Maria_Maddalena_dei_Malsani-Prato_Province_of_Prato_Tuscany.html, /Attractions-g194868-Activities-Prato_Province_of_Prato_Tuscany.html
Antico Oratorio Sant'Andrea a Tontoli, 5.0, Sights & Landmarks, /Attraction_Review-g194868-d17394810-Reviews-Antico_Oratorio_Sant_Andrea_a_Tontoli-Prato_Province_of_Prato_Tuscany.html, /Attractions-g194868-Activities-Prato_Province_of_Prato_Tuscany.html
Chiesa San Luca Evangelista, 5.0, Sights & Landmarks, /Attraction_Review-g194868-d18920937-Reviews-Chiesa_San_Luca_Evangelista-Prato_Province_of_Prato_Tuscany.html, /Attractions-g194868-Activities-Prato_Province_of_Prato_Tuscany.html
Cascate Riobuti, 3.5, Nature & Parks, /Attraction_Review-g194868-d17806050-Reviews-Cascate_Riobuti-Prato_Province_of_Prato_Tuscany.html, /Attractions-g194868-Activities-Prato_Province_of_Prato_Tuscany.html
Ufficio Informazioni Turistiche, 4.5, Traveller Resources, /Attraction_Review-g194868-d19686001-Reviews-Ufficio_Informazioni_Turistiche-Prato_Province_of_Prato_Tuscany.html, /Attractions-g194868-Activities-Prato_Province_of_Prato_Tuscany.html
Pista Ciclabile e Pedonale Lungo Bisenzio, 4.5, Nature & Parks, /Attraction_Review-g194868-d20262857-Reviews-Pista_Ciclabile_e_Pedonale_Lungo_Bisenzio-Prato_Province_of_Prato_Tuscany.html, /Attractions-g194868-Activities-Prato_Province_of_Prato_Tuscany.html
Parco della Stazione Centrale, 1.0, Nature & Parks, /Attraction_Review-g194868-d13148761-Reviews-Parco_della_Stazione_Centrale-Prato_Province_of_Prato_Tuscany.html, /Attractions-g194868-Activities-Prato_Province_of_Prato_Tuscany.html
Pista ciclabile pedonale da Galceti alle Cascine di Tavola, 5.0, Sights & Landmarks, /Attraction_Review-g194868-d20279962-Reviews-Pista_ciclabile_pedonale_da_Galceti_alle_Cascine_di_Tavola-Prato_Province_of_Pra.html, /Attractions-g194868-Activities-Prato_Province_of_Prato_Tuscany.html
Anfiteatro Dorval Vannini a Santa Lucia, 5.0, Nature & Parks, /Attraction_Review-g194868-d20256186-Reviews-Anfiteatro_Dorval_Vannini_a_Santa_Lucia-Prato_Province_of_Prato_Tuscany.html, /Attractions-g194868-Activities-Prato_Province_of_Prato_Tuscany.html
Parrocchia di San Martino a Vergaio, 4.0, Sights & Landmarks, /Attraction_Review-g194868-d19719611-Reviews-Parrocchia_di_San_Martino_a_Vergaio-Prato_Province_of_Prato_Tuscany.html, /Attractions-g194868-Activities-Prato_Province_of_Prato_Tuscany.html
Chiesa della Sacra Famiglia, 4.0, Sights & Landmarks, /Attraction_Review-g194868-d19987474-Reviews-Chiesa_della_Sacra_Famiglia-Prato_Province_of_Prato_Tuscany.html, /Attractions-g194868-Activities-Prato_Province_of_Prato_Tuscany.html
Chiesa di San Pietro a Grignano, 4.0, Sights & Landmarks, /Attraction_Review-g194868-d20103798-Reviews-Chiesa_di_San_Pietro_a_Grignano-Prato_Province_of_Prato_Tuscany.html, /Attractions-g194868-Activities-Prato_Province_of_Prato_Tuscany.html
Monumento a Giuseppe Mazzoni, 3.5, Sights & Landmarks, /Attraction_Review-g194868-d17271269-Reviews-Monumento_a_Giuseppe_Mazzoni-Prato_Province_of_Prato_Tuscany.html, /Attractions-g194868-Activities-Prato_Province_of_Prato_Tuscany.html
Enjoy the Game Prato, 3.0, Casinos & Gambling, /Attraction_Review-g194868-d12363728-Reviews-Enjoy_the_Game_Prato-Prato_Province_of_Prato_Tuscany.html, /Attractions-g194868-Activities-Prato_Province_of_Prato_Tuscany.html
Chiesa di San Bartolomeo a Coiano, 4.0, Sights & Landmarks, /Attraction_Review-g194868-d17422046-Reviews-Chiesa_di_San_Bartolomeo_a_Coiano-Prato_Province_of_Prato_Tuscany.html, /Attractions-g194868-Activities-Prato_Province_of_Prato_Tuscany.html
Enoteca Pianeta Divino, 5.0, Food & Drink, /Attraction_Review-g194868-d2720435-Reviews-Enoteca_Pianeta_Divino-Prato_Province_of_Prato_Tuscany.html, /Attractions-g194868-Activities-Prato_Province_of_Prato_Tuscany.html
Chiesa di San Bartolomeo, 4.0, Sights & Landmarks, /Attraction_Review-g194868-d19903915-Reviews-Chiesa_di_San_Bartolomeo-Prato_Province_of_Prato_Tuscany.html, /Attractions-g194868-Activities-Prato_Province_of_Prato_Tuscany.html
Chiesa di Santa Maria del Soccorso, 4.0, Sights & Landmarks, /Attraction_Review-g194868-d20262862-Reviews-Chiesa_di_Santa_Maria_del_Soccorso-Prato_Province_of_Prato_Tuscany.html, /Attractions-g194868-Activities-Prato_Province_of_Prato_Tuscany.html
