attraction_name, attraction_rate, attraction_type, attraction_url, attraction_parent_url
Centro Storico, 4.5, Sights & Landmarks, /Attraction_Review-g194664-d4187199-Reviews-Centro_Storico-Alba_Province_of_Cuneo_Piedmont.html, /Attractions-g194664-Activities-Alba_Province_of_Cuneo_Piedmont.html
Langhe landscapes UNESCO, 5.0, Nature & Parks, /Attraction_Review-g194664-d10475782-Reviews-Langhe_landscapes_UNESCO-Alba_Province_of_Cuneo_Piedmont.html, /Attractions-g194664-Activities-Alba_Province_of_Cuneo_Piedmont.html
Fondazione Ferrero, 4.5, Sights & Landmarks, /Attraction_Review-g194664-d7396177-Reviews-Fondazione_Ferrero-Alba_Province_of_Cuneo_Piedmont.html, /Attractions-g194664-Activities-Alba_Province_of_Cuneo_Piedmont.html
Alba International White Truffle Fair, 4.0, Events, /Attraction_Review-g194664-d8820143-Reviews-Alba_International_White_Truffle_Fair-Alba_Province_of_Cuneo_Piedmont.html, /Attractions-g194664-Activities-Alba_Province_of_Cuneo_Piedmont.html
Cattedrale di San Lorenzo, 4.0, Sights & Landmarks, /Attraction_Review-g194664-d3825734-Reviews-Cattedrale_di_San_Lorenzo-Alba_Province_of_Cuneo_Piedmont.html, /Attractions-g194664-Activities-Alba_Province_of_Cuneo_Piedmont.html
Underground Alba, 4.0, Sights & Landmarks, /Attraction_Review-g194664-d6592711-Reviews-Underground_Alba-Alba_Province_of_Cuneo_Piedmont.html, /Attractions-g194664-Activities-Alba_Province_of_Cuneo_Piedmont.html
Cantina Mauro Sebaste, 5.0, Food & Drink, /Attraction_Review-g194664-d3735700-Reviews-Cantina_Mauro_Sebaste-Alba_Province_of_Cuneo_Piedmont.html, /Attractions-g194664-Activities-Alba_Province_of_Cuneo_Piedmont.html
Chiesa della Maddalena, 4.5, Sights & Landmarks, /Attraction_Review-g194664-d4591023-Reviews-Chiesa_della_Maddalena-Alba_Province_of_Cuneo_Piedmont.html, /Attractions-g194664-Activities-Alba_Province_of_Cuneo_Piedmont.html
Chiesa di San Domenico, 4.0, Sights & Landmarks, /Attraction_Review-g194664-d4591006-Reviews-Chiesa_di_San_Domenico-Alba_Province_of_Cuneo_Piedmont.html, /Attractions-g194664-Activities-Alba_Province_of_Cuneo_Piedmont.html
Adriano Marco e Vittorio, 4.5, Food & Drink, /Attraction_Review-g194664-d7679125-Reviews-Adriano_Marco_e_Vittorio-Alba_Province_of_Cuneo_Piedmont.html, /Attractions-g194664-Activities-Alba_Province_of_Cuneo_Piedmont.html
Chiesa Di San Giuseppe, 4.0, Sights & Landmarks, /Attraction_Review-g194664-d4103919-Reviews-Chiesa_Di_San_Giuseppe-Alba_Province_of_Cuneo_Piedmont.html, /Attractions-g194664-Activities-Alba_Province_of_Cuneo_Piedmont.html
Museo Civico archeologico e di Scienze Naturali F. Eusebio, 4.0, Museums, /Attraction_Review-g194664-d6132152-Reviews-Museo_Civico_archeologico_e_di_Scienze_Naturali_F_Eusebio-Alba_Province_of_Cuneo_.html, /Attractions-g194664-Activities-Alba_Province_of_Cuneo_Piedmont.html
le Cento Torri Medioevali, 4.0, Sights & Landmarks, /Attraction_Review-g194664-d12154434-Reviews-Le_Cento_Torri_Medioevali-Alba_Province_of_Cuneo_Piedmont.html, /Attractions-g194664-Activities-Alba_Province_of_Cuneo_Piedmont.html
Distilleria Santa Teresa dei Fratelli Marolo, 4.5, Food & Drink, /Attraction_Review-g194664-d8667151-Reviews-Distilleria_Santa_Teresa_dei_Fratelli_Marolo-Alba_Province_of_Cuneo_Piedmont.html, /Attractions-g194664-Activities-Alba_Province_of_Cuneo_Piedmont.html
Abellonio - Cascina Piccaluga, 5.0, Food & Drink, /Attraction_Review-g194664-d15237863-Reviews-Abellonio_Cascina_Piccaluga-Alba_Province_of_Cuneo_Piedmont.html, /Attractions-g194664-Activities-Alba_Province_of_Cuneo_Piedmont.html
Piazza Michele Ferrero, 3.5, Sights & Landmarks, /Attraction_Review-g194664-d12473725-Reviews-Piazza_Michele_Ferrero-Alba_Province_of_Cuneo_Piedmont.html, /Attractions-g194664-Activities-Alba_Province_of_Cuneo_Piedmont.html
Prunotto Vini, 5.0, Food & Drink, /Attraction_Review-g194664-d10499799-Reviews-Prunotto_Vini-Alba_Province_of_Cuneo_Piedmont.html, /Attractions-g194664-Activities-Alba_Province_of_Cuneo_Piedmont.html
Tempio San Paolo, 3.5, Sights & Landmarks, /Attraction_Review-g194664-d6154239-Reviews-Tempio_San_Paolo-Alba_Province_of_Cuneo_Piedmont.html, /Attractions-g194664-Activities-Alba_Province_of_Cuneo_Piedmont.html
Drocco Luigi Az. Agricola, 4.5, Food & Drink, /Attraction_Review-g194664-d5814143-Reviews-Drocco_Luigi_Az_Agricola-Alba_Province_of_Cuneo_Piedmont.html, /Attractions-g194664-Activities-Alba_Province_of_Cuneo_Piedmont.html
Casa Fenoglio, 4.5, Museums, /Attraction_Review-g194664-d9465718-Reviews-Casa_Fenoglio-Alba_Province_of_Cuneo_Piedmont.html, /Attractions-g194664-Activities-Alba_Province_of_Cuneo_Piedmont.html
Chiesa Di San Giovanni Battista, 3.5, Sights & Landmarks, /Attraction_Review-g194664-d6154238-Reviews-Chiesa_Di_San_Giovanni_Battista-Alba_Province_of_Cuneo_Piedmont.html, /Attractions-g194664-Activities-Alba_Province_of_Cuneo_Piedmont.html
Santuario Madonna della Moretta, 4.0, Sights & Landmarks, /Attraction_Review-g194664-d4590885-Reviews-Santuario_Madonna_della_Moretta-Alba_Province_of_Cuneo_Piedmont.html, /Attractions-g194664-Activities-Alba_Province_of_Cuneo_Piedmont.html
Mercato della Terra, 3.5, Food & Drink, /Attraction_Review-g194664-d12170226-Reviews-Mercato_della_Terra-Alba_Province_of_Cuneo_Piedmont.html, /Attractions-g194664-Activities-Alba_Province_of_Cuneo_Piedmont.html
Palazzo Comunale, 4.0, Sights & Landmarks, /Attraction_Review-g194664-d9792135-Reviews-Palazzo_Comunale-Alba_Province_of_Cuneo_Piedmont.html, /Attractions-g194664-Activities-Alba_Province_of_Cuneo_Piedmont.html
Pio Cesare, 4.0, Food & Drink, /Attraction_Review-g194664-d10499819-Reviews-Pio_Cesare-Alba_Province_of_Cuneo_Piedmont.html, /Attractions-g194664-Activities-Alba_Province_of_Cuneo_Piedmont.html
Outlet del caffe, 4.0, Shopping, /Attraction_Review-g194664-d12135544-Reviews-Outlet_del_caffe-Alba_Province_of_Cuneo_Piedmont.html, /Attractions-g194664-Activities-Alba_Province_of_Cuneo_Piedmont.html
Teatro Sociale Giorgio Busca, 4.0, Concerts & Shows, /Attraction_Review-g194664-d6157788-Reviews-Teatro_Sociale_Giorgio_Busca-Alba_Province_of_Cuneo_Piedmont.html, /Attractions-g194664-Activities-Alba_Province_of_Cuneo_Piedmont.html
Wall of Sound Gallery, 4.5, Museums, /Attraction_Review-g194664-d3825854-Reviews-Wall_of_Sound_Gallery-Alba_Province_of_Cuneo_Piedmont.html, /Attractions-g194664-Activities-Alba_Province_of_Cuneo_Piedmont.html
Azienda Agricola Rivetti Mario, 4.5, Food & Drink, /Attraction_Review-g194664-d13001807-Reviews-Azienda_Agricola_Rivetti_Mario-Alba_Province_of_Cuneo_Piedmont.html, /Attractions-g194664-Activities-Alba_Province_of_Cuneo_Piedmont.html
Parrocchia dei S.S. Cosma e Damiano, 3.5, Sights & Landmarks, /Attraction_Review-g194664-d8422549-Reviews-Parrocchia_dei_S_S_Cosma_e_Damiano-Alba_Province_of_Cuneo_Piedmont.html, /Attractions-g194664-Activities-Alba_Province_of_Cuneo_Piedmont.html
