attraction_name, attraction_rate, attraction_type, attraction_url, attraction_parent_url
Nuraghe Voes, 4.0, Sights & Landmarks, /Attraction_Review-g12076400-d10807705-Reviews-Nuraghe_Voes-Nule_Province_of_Sassari_Sardinia.html, /Attractions-g12076400-Activities-Nule_Province_of_Sassari_Sardinia.html
Chiesa Nativita di Maria, None, Sights & Landmarks, /Attraction_Review-g12076400-d21236084-Reviews-Chiesa_Nativita_di_Maria-Nule_Province_of_Sassari_Sardinia.html, /Attractions-g12076400-Activities-Nule_Province_of_Sassari_Sardinia.html
Chiesa San Giovanni, None, Sights & Landmarks, /Attraction_Review-g12076400-d21236086-Reviews-Chiesa_San_Giovanni-Nule_Province_of_Sassari_Sardinia.html, /Attractions-g12076400-Activities-Nule_Province_of_Sassari_Sardinia.html
Chiesa Della Beata Vergine Del Rimedio, None, Sights & Landmarks, /Attraction_Review-g12076400-d21235917-Reviews-Chiesa_Della_Beata_Vergine_Del_Rimedio-Nule_Province_of_Sassari_Sardinia.html, /Attractions-g12076400-Activities-Nule_Province_of_Sassari_Sardinia.html
