attraction_name, attraction_rate, attraction_type, attraction_url, attraction_parent_url
Teatro Comunale Maria Caniglia, 5.0, Concerts & Shows, /Attraction_Review-g194928-d10717986-Reviews-Teatro_Comunale_Maria_Caniglia-Sulmona_Province_of_L_Aquila_Abruzzo.html, /Attractions-g194928-Activities-Sulmona_Province_of_L_Aquila_Abruzzo.html
Fontanone, 3.0, Sights & Landmarks, /Attraction_Review-g194928-d14065506-Reviews-Fontanone-Sulmona_Province_of_L_Aquila_Abruzzo.html, /Attractions-g194928-Activities-Sulmona_Province_of_L_Aquila_Abruzzo.html
Statua di Celestino V, 3.5, Sights & Landmarks, /Attraction_Review-g194928-d13236581-Reviews-Statua_di_Celestino_V-Sulmona_Province_of_L_Aquila_Abruzzo.html, /Attractions-g194928-Activities-Sulmona_Province_of_L_Aquila_Abruzzo.html
Parco Fluviale, 2.5, Nature & Parks, /Attraction_Review-g194928-d10768934-Reviews-Parco_Fluviale-Sulmona_Province_of_L_Aquila_Abruzzo.html, /Attractions-g194928-Activities-Sulmona_Province_of_L_Aquila_Abruzzo.html
Chiesa del Carmine, 3.5, Sights & Landmarks, /Attraction_Review-g194928-d10755919-Reviews-Chiesa_del_Carmine-Sulmona_Province_of_L_Aquila_Abruzzo.html, /Attractions-g194928-Activities-Sulmona_Province_of_L_Aquila_Abruzzo.html
Eremo di Santa Croce del Morrone, 5.0, Sights & Landmarks, /Attraction_Review-g194928-d13847205-Reviews-Eremo_di_Santa_Croce_del_Morrone-Sulmona_Province_of_L_Aquila_Abruzzo.html, /Attractions-g194928-Activities-Sulmona_Province_of_L_Aquila_Abruzzo.html
Fontana di Sant’Agata o di Santa Margherita, 5.0, Sights & Landmarks, /Attraction_Review-g194928-d12534723-Reviews-Fontana_di_Sant_Agata_o_di_Santa_Margherita-Sulmona_Province_of_L_Aquila_Abruzzo.html, /Attractions-g194928-Activities-Sulmona_Province_of_L_Aquila_Abruzzo.html
Monumento ai Caduti, 2.5, Sights & Landmarks, /Attraction_Review-g194928-d13438181-Reviews-Monumento_ai_Caduti-Sulmona_Province_of_L_Aquila_Abruzzo.html, /Attractions-g194928-Activities-Sulmona_Province_of_L_Aquila_Abruzzo.html
Museo Dell'arte e Della Tecnologia Confettiera, 4.0, Museums, /Attraction_Review-g194928-d12533884-Reviews-Museo_Dell_arte_e_Della_Tecnologia_Confettiera-Sulmona_Province_of_L_Aquila_Abru.html, /Attractions-g194928-Activities-Sulmona_Province_of_L_Aquila_Abruzzo.html
Porta Pacentrana, 4.0, Sights & Landmarks, /Attraction_Review-g194928-d12987685-Reviews-Porta_Pacentrana-Sulmona_Province_of_L_Aquila_Abruzzo.html, /Attractions-g194928-Activities-Sulmona_Province_of_L_Aquila_Abruzzo.html
Palazzo di Giovanni dalle Palle, 3.0, Sights & Landmarks, /Attraction_Review-g194928-d12819357-Reviews-Palazzo_di_Giovanni_dalle_Palle-Sulmona_Province_of_L_Aquila_Abruzzo.html, /Attractions-g194928-Activities-Sulmona_Province_of_L_Aquila_Abruzzo.html
Porta Filiamabili, 4.0, Sights & Landmarks, /Attraction_Review-g194928-d13118608-Reviews-Porta_Filiamabili-Sulmona_Province_of_L_Aquila_Abruzzo.html, /Attractions-g194928-Activities-Sulmona_Province_of_L_Aquila_Abruzzo.html
Stadio Francesco Pallozzi, 2.5, Sights & Landmarks, /Attraction_Review-g194928-d10768949-Reviews-Stadio_Francesco_Pallozzi-Sulmona_Province_of_L_Aquila_Abruzzo.html, /Attractions-g194928-Activities-Sulmona_Province_of_L_Aquila_Abruzzo.html
Porta di Santa Maria della Tomba, 4.0, Sights & Landmarks, /Attraction_Review-g194928-d14075930-Reviews-Porta_di_Santa_Maria_della_Tomba-Sulmona_Province_of_L_Aquila_Abruzzo.html, /Attractions-g194928-Activities-Sulmona_Province_of_L_Aquila_Abruzzo.html
Porta Sant'Antonio, 4.0, Sights & Landmarks, /Attraction_Review-g194928-d14076422-Reviews-Porta_Sant_Antonio-Sulmona_Province_of_L_Aquila_Abruzzo.html, /Attractions-g194928-Activities-Sulmona_Province_of_L_Aquila_Abruzzo.html
Monumento ai Ferrovieri Caduti, 2.0, Sights & Landmarks, /Attraction_Review-g194928-d13118461-Reviews-Monumento_ai_Ferrovieri_Caduti-Sulmona_Province_of_L_Aquila_Abruzzo.html, /Attractions-g194928-Activities-Sulmona_Province_of_L_Aquila_Abruzzo.html
Palazzo del Municipio, 3.5, Sights & Landmarks, /Attraction_Review-g194928-d15033271-Reviews-Palazzo_del_Municipio-Sulmona_Province_of_L_Aquila_Abruzzo.html, /Attractions-g194928-Activities-Sulmona_Province_of_L_Aquila_Abruzzo.html
Giostra Cavalleresca, 4.0, Events, /Attraction_Review-g194928-d18546614-Reviews-Giostra_Cavalleresca-Sulmona_Province_of_L_Aquila_Abruzzo.html, /Attractions-g194928-Activities-Sulmona_Province_of_L_Aquila_Abruzzo.html
Chiesa di Santa Caterina d'Alessandria, 3.0, Sights & Landmarks, /Attraction_Review-g194928-d9792770-Reviews-Chiesa_di_Santa_Caterina_d_Alessandria-Sulmona_Province_of_L_Aquila_Abruzzo.html, /Attractions-g194928-Activities-Sulmona_Province_of_L_Aquila_Abruzzo.html
Municipal Diocesan Cultural Centre of Santa Chiara, None, Museums, /Attraction_Review-g194928-d9564837-Reviews-Municipal_Diocesan_Cultural_Centre_of_Santa_Chiara-Sulmona_Province_of_L_Aquila_A.html, /Attractions-g194928-Activities-Sulmona_Province_of_L_Aquila_Abruzzo.html
Chiesa di San Francesco di Paola, None, Sights & Landmarks, /Attraction_Review-g194928-d9792620-Reviews-Chiesa_di_San_Francesco_di_Paola-Sulmona_Province_of_L_Aquila_Abruzzo.html, /Attractions-g194928-Activities-Sulmona_Province_of_L_Aquila_Abruzzo.html
Chiesa Del Santissimo Crocifisso, None, Sights & Landmarks, /Attraction_Review-g194928-d9792787-Reviews-Chiesa_Del_Santissimo_Crocifisso-Sulmona_Province_of_L_Aquila_Abruzzo.html, /Attractions-g194928-Activities-Sulmona_Province_of_L_Aquila_Abruzzo.html
Chiesa di San Rocco, None, Sights & Landmarks, /Attraction_Review-g194928-d10156252-Reviews-Chiesa_di_San_Rocco-Sulmona_Province_of_L_Aquila_Abruzzo.html, /Attractions-g194928-Activities-Sulmona_Province_of_L_Aquila_Abruzzo.html
Fontana dell'Annunziata, None, Sights & Landmarks, /Attraction_Review-g194928-d10156257-Reviews-Fontana_dell_Annunziata-Sulmona_Province_of_L_Aquila_Abruzzo.html, /Attractions-g194928-Activities-Sulmona_Province_of_L_Aquila_Abruzzo.html
Chiesa e Convento di Sant'Antonio, None, Sights & Landmarks, /Attraction_Review-g194928-d12849310-Reviews-Chiesa_e_Convento_di_Sant_Antonio-Sulmona_Province_of_L_Aquila_Abruzzo.html, /Attractions-g194928-Activities-Sulmona_Province_of_L_Aquila_Abruzzo.html
Chiesa di Santa Lucia, None, Sights & Landmarks, /Attraction_Review-g194928-d12827651-Reviews-Chiesa_di_Santa_Lucia-Sulmona_Province_of_L_Aquila_Abruzzo.html, /Attractions-g194928-Activities-Sulmona_Province_of_L_Aquila_Abruzzo.html
Santuario Maria Incoronata, None, Sights & Landmarks, /Attraction_Review-g194928-d13131992-Reviews-Santuario_Maria_Incoronata-Sulmona_Province_of_L_Aquila_Abruzzo.html, /Attractions-g194928-Activities-Sulmona_Province_of_L_Aquila_Abruzzo.html
Chiesa di San Pietro, None, Sights & Landmarks, /Attraction_Review-g194928-d13118506-Reviews-Chiesa_di_San_Pietro-Sulmona_Province_of_L_Aquila_Abruzzo.html, /Attractions-g194928-Activities-Sulmona_Province_of_L_Aquila_Abruzzo.html
Parrocchia Madonna Pellegrina, None, Sights & Landmarks, /Attraction_Review-g194928-d13118466-Reviews-Parrocchia_Madonna_Pellegrina-Sulmona_Province_of_L_Aquila_Abruzzo.html, /Attractions-g194928-Activities-Sulmona_Province_of_L_Aquila_Abruzzo.html
Casa del Fascio, None, Sights & Landmarks, /Attraction_Review-g194928-d13118480-Reviews-Casa_del_Fascio-Sulmona_Province_of_L_Aquila_Abruzzo.html, /Attractions-g194928-Activities-Sulmona_Province_of_L_Aquila_Abruzzo.html
