attraction_name, attraction_rate, attraction_type, attraction_url, attraction_parent_url
Palazzo Manzoni, 4.5, Sights & Landmarks, /Attraction_Review-g1582779-d10679292-Reviews-Palazzo_Manzoni-Barzio_Province_of_Lecco_Lombardy.html, /Attractions-g1582779-Activities-Barzio_Province_of_Lecco_Lombardy.html
Chiesa di Sant'Alessandro, 4.5, Sights & Landmarks, /Attraction_Review-g1582779-d12941269-Reviews-Chiesa_di_Sant_Alessandro-Barzio_Province_of_Lecco_Lombardy.html, /Attractions-g1582779-Activities-Barzio_Province_of_Lecco_Lombardy.html
Museo La Fornace, 5.0, Museums, /Attraction_Review-g1582779-d19140958-Reviews-Museo_La_Fornace-Barzio_Province_of_Lecco_Lombardy.html, /Attractions-g1582779-Activities-Barzio_Province_of_Lecco_Lombardy.html
Santuario della Regina dei Monti e delle Funivie, 2.0, Sights & Landmarks, /Attraction_Review-g1582779-d12941266-Reviews-Santuario_della_Regina_dei_Monti_e_delle_Funivie-Barzio_Province_of_Lecco_Lomba.html, /Attractions-g1582779-Activities-Barzio_Province_of_Lecco_Lombardy.html
Roadhouse Pub, 4.5, Nightlife, /Attraction_Review-g1582779-d4753827-Reviews-Roadhouse_Pub-Barzio_Province_of_Lecco_Lombardy.html, /Attractions-g1582779-Activities-Barzio_Province_of_Lecco_Lombardy.html
Piani di Bobbio Barzio Valtorta, 3.5, Tours, /Attraction_Review-g1582779-d3239649-Reviews-Piani_di_Bobbio_Barzio_Valtorta-Barzio_Province_of_Lecco_Lombardy.html, /Attractions-g1582779-Activities-Barzio_Province_of_Lecco_Lombardy.html
Evo - Experience Valsassina Outdoor, None, Tours, /Attraction_Review-g1582779-d12908452-Reviews-Evo_Experience_Valsassina_Outdoor-Barzio_Province_of_Lecco_Lombardy.html, /Attractions-g1582779-Activities-Barzio_Province_of_Lecco_Lombardy.html
