attraction_name, attraction_rate, attraction_type, attraction_url, attraction_parent_url
Stra Viticoltori con Foresteria, 5.0, Food & Drink, /Attraction_Review-g1549791-d7278370-Reviews-Stra_Viticoltori_con_Foresteria-Novello_Province_of_Cuneo_Piedmont.html, /Attractions-g1549791-Activities-Novello_Province_of_Cuneo_Piedmont.html
BikeSquare, 5.0, Tours, /Attraction_Review-g1549791-d14063881-Reviews-BikeSquare-Novello_Province_of_Cuneo_Piedmont.html, /Attractions-g1549791-Activities-Novello_Province_of_Cuneo_Piedmont.html
Percorso museale e degustazione dell'antico vino romano, 5.0, Food & Drink, /Attraction_Review-g1549791-d19587596-Reviews-Percorso_museale_e_degustazione_dell_antico_vino_romano-Novello_Province_of_Cun.html, /Attractions-g1549791-Activities-Novello_Province_of_Cuneo_Piedmont.html
Plaza Cafe, 4.5, Nightlife, /Attraction_Review-g1549791-d4587953-Reviews-Plaza_Cafe-Novello_Province_of_Cuneo_Piedmont.html, /Attractions-g1549791-Activities-Novello_Province_of_Cuneo_Piedmont.html
Bottega del Vino, 4.0, Nightlife, /Attraction_Review-g1549791-d12872276-Reviews-Bottega_del_Vino-Novello_Province_of_Cuneo_Piedmont.html, /Attractions-g1549791-Activities-Novello_Province_of_Cuneo_Piedmont.html
Gustowawe, 5.0, Shopping, /Attraction_Review-g1549791-d12458112-Reviews-Gustowawe-Novello_Province_of_Cuneo_Piedmont.html, /Attractions-g1549791-Activities-Novello_Province_of_Cuneo_Piedmont.html
Azienda Vitivinicola Marengo Mauro, None, Food & Drink, /Attraction_Review-g1549791-d14893539-Reviews-Azienda_Vitivinicola_Marengo_Mauro-Novello_Province_of_Cuneo_Piedmont.html, /Attractions-g1549791-Activities-Novello_Province_of_Cuneo_Piedmont.html
Chiesa San Michele Arcangelo, None, Sights & Landmarks, /Attraction_Review-g1549791-d20213808-Reviews-Chiesa_San_Michele_Arcangelo-Novello_Province_of_Cuneo_Piedmont.html, /Attractions-g1549791-Activities-Novello_Province_of_Cuneo_Piedmont.html
Chiesa di Santa Lucia, None, Sights & Landmarks, /Attraction_Review-g1549791-d20213835-Reviews-Chiesa_di_Santa_Lucia-Novello_Province_of_Cuneo_Piedmont.html, /Attractions-g1549791-Activities-Novello_Province_of_Cuneo_Piedmont.html
