attraction_name, attraction_rate, attraction_type, attraction_url, attraction_parent_url
Museo di Roma, 4.0, Museums, /Attraction_Review-g187791-d246116-Reviews-Museo_di_Roma-Rome_Lazio.html, /Attractions-g187791-Activities-Rome_Lazio.html
Manger Une Bonne Glace, 4.5, Food & Drink, /Attraction_Review-g187791-d4331534-Reviews-Manger_Une_Bonne_Glace-Rome_Lazio.html, /Attractions-g187791-Activities-Rome_Lazio.html
Galleria Sciarra, 4.5, Sights & Landmarks, /Attraction_Review-g187791-d4353358-Reviews-Galleria_Sciarra-Rome_Lazio.html, /Attractions-g187791-Activities-Rome_Lazio.html
Palazzo Santa Chiara, 4.5, Concerts & Shows, /Attraction_Review-g187791-d245567-Reviews-Palazzo_Santa_Chiara-Rome_Lazio.html, /Attractions-g187791-Activities-Rome_Lazio.html
Santi Apostoli, 4.5, Sights & Landmarks, /Attraction_Review-g187791-d6644026-Reviews-Santi_Apostoli-Rome_Lazio.html, /Attractions-g187791-Activities-Rome_Lazio.html
Vicus Caprarius – the City of Water, 4.5, Sights & Landmarks, /Attraction_Review-g187791-d7394078-Reviews-Vicus_Caprarius_the_City_of_Water-Rome_Lazio.html, /Attractions-g187791-Activities-Rome_Lazio.html
Piazza Barberini, 4.0, Sights & Landmarks, /Attraction_Review-g187791-d246142-Reviews-Piazza_Barberini-Rome_Lazio.html, /Attractions-g187791-Activities-Rome_Lazio.html
Fountain of Neptune, 4.5, Sights & Landmarks, /Attraction_Review-g187791-d9529879-Reviews-Fountain_of_Neptune-Rome_Lazio.html, /Attractions-g187791-Activities-Rome_Lazio.html
Basilica Santa Francesca Romana, 4.5, Sights & Landmarks, /Attraction_Review-g187791-d2363520-Reviews-Basilica_Santa_Francesca_Romana-Rome_Lazio.html, /Attractions-g187791-Activities-Rome_Lazio.html
The Club - Piscina delle Rose, 3.5, Fun & Games, /Attraction_Review-g187791-d4563080-Reviews-The_Club_Piscina_delle_Rose-Rome_Lazio.html, /Attractions-g187791-Activities-Rome_Lazio.html
Catacombe SS. Marcellino e Pietro - Mausoleo di S. Elena, 5.0, Sights & Landmarks, /Attraction_Review-g187791-d6622680-Reviews-Catacombe_SS_Marcellino_e_Pietro_Mausoleo_di_S_Elena-Rome_Lazio.html, /Attractions-g187791-Activities-Rome_Lazio.html
Silvano Toti Globe Theatre Roma, 4.5, Concerts & Shows, /Attraction_Review-g187791-d4586435-Reviews-Silvano_Toti_Globe_Theatre_Roma-Rome_Lazio.html, /Attractions-g187791-Activities-Rome_Lazio.html
Lupa Romana, 4.0, Sights & Landmarks, /Attraction_Review-g187791-d196318-Reviews-Lupa_Romana-Rome_Lazio.html, /Attractions-g187791-Activities-Rome_Lazio.html
Via Veneto, 4.0, Sights & Landmarks, /Attraction_Review-g187791-d245803-Reviews-Via_Veneto-Rome_Lazio.html, /Attractions-g187791-Activities-Rome_Lazio.html
Santo Spirito in Sassia Church, 4.5, Sights & Landmarks, /Attraction_Review-g187791-d6157746-Reviews-Santo_Spirito_in_Sassia_Church-Rome_Lazio.html, /Attractions-g187791-Activities-Rome_Lazio.html
Porta Portese, 3.0, Shopping, /Attraction_Review-g187791-d190132-Reviews-Porta_Portese-Rome_Lazio.html, /Attractions-g187791-Activities-Rome_Lazio.html
Obelisco del Foro Italico, 4.5, Sights & Landmarks, /Attraction_Review-g187791-d246081-Reviews-Obelisco_del_Foro_Italico-Rome_Lazio.html, /Attractions-g187791-Activities-Rome_Lazio.html
Castelli Romani, 4.5, Other, /Attraction_Review-g187791-d632112-Reviews-Castelli_Romani-Rome_Lazio.html, /Attractions-g187791-Activities-Rome_Lazio.html
S.Maria in Vallicella, 4.5, Sights & Landmarks, /Attraction_Review-g187791-d246074-Reviews-S_Maria_in_Vallicella-Rome_Lazio.html, /Attractions-g187791-Activities-Rome_Lazio.html
Museo Pietro Canonica, 4.5, Museums, /Attraction_Review-g187791-d1819624-Reviews-Museo_Pietro_Canonica-Rome_Lazio.html, /Attractions-g187791-Activities-Rome_Lazio.html
Piazza Farnese, 4.0, Sights & Landmarks, /Attraction_Review-g187791-d246146-Reviews-Piazza_Farnese-Rome_Lazio.html, /Attractions-g187791-Activities-Rome_Lazio.html
Ponte Sisto, 4.0, Sights & Landmarks, /Attraction_Review-g187791-d5953528-Reviews-Ponte_Sisto-Rome_Lazio.html, /Attractions-g187791-Activities-Rome_Lazio.html
Biblioteca Angelica, 4.5, Traveller Resources, /Attraction_Review-g187791-d6784535-Reviews-Biblioteca_Angelica-Rome_Lazio.html, /Attractions-g187791-Activities-Rome_Lazio.html
Il Presepe dei Netturbini, 5.0, Sights & Landmarks, /Attraction_Review-g187791-d2536691-Reviews-Il_Presepe_dei_Netturbini-Rome_Lazio.html, /Attractions-g187791-Activities-Rome_Lazio.html
Basilica Parrochiale San Lorenzo in Lucina, 4.5, Sights & Landmarks, /Attraction_Review-g187791-d246174-Reviews-Basilica_Parrochiale_San_Lorenzo_in_Lucina-Rome_Lazio.html, /Attractions-g187791-Activities-Rome_Lazio.html
Cimitero Monumentale del Verano, 4.0, Sights & Landmarks, /Attraction_Review-g187791-d2160500-Reviews-Cimitero_Monumentale_del_Verano-Rome_Lazio.html, /Attractions-g187791-Activities-Rome_Lazio.html
Passeggiata del Gianicolo, 4.5, Sights & Landmarks, /Attraction_Review-g187791-d10331413-Reviews-Passeggiata_del_Gianicolo-Rome_Lazio.html, /Attractions-g187791-Activities-Rome_Lazio.html
Basilica di San Crisogono, 4.5, Sights & Landmarks, /Attraction_Review-g187791-d1940490-Reviews-Basilica_di_San_Crisogono-Rome_Lazio.html, /Attractions-g187791-Activities-Rome_Lazio.html
Sant Agnese fuori le Mura, 4.5, Sights & Landmarks, /Attraction_Review-g187791-d246198-Reviews-Sant_Agnese_fuori_le_Mura-Rome_Lazio.html, /Attractions-g187791-Activities-Rome_Lazio.html
Il Fantastico Mondo del Fantastico, 3.5, Water & Amusement Parks, /Attraction_Review-g187791-d2214967-Reviews-Il_Fantastico_Mondo_del_Fantastico-Rome_Lazio.html, /Attractions-g187791-Activities-Rome_Lazio.html
