attraction_name, attraction_rate, attraction_type, attraction_url, attraction_parent_url
Chiesa di Sant'Eustachio Martire, 4.0, Sights & Landmarks, /Attraction_Review-g2355607-d9559374-Reviews-Chiesa_di_Sant_Eustachio_Martire-Tocco_da_Casauria_Province_of_Pescara_Abruzzo.html, /Attractions-g2355607-Activities-Tocco_da_Casauria_Province_of_Pescara_Abruzzo.html
Murales Avis, 5.0, Sights & Landmarks, /Attraction_Review-g2355607-d15191047-Reviews-Murales_Avis-Tocco_da_Casauria_Province_of_Pescara_Abruzzo.html, /Attractions-g2355607-Activities-Tocco_da_Casauria_Province_of_Pescara_Abruzzo.html
Azienda Agricola Guardia Farchione, 5.0, Food & Drink, /Attraction_Review-g2355607-d17766696-Reviews-Azienda_Agricola_Guardia_Farchione-Tocco_da_Casauria_Province_of_Pescara_Abruzz.html, /Attractions-g2355607-Activities-Tocco_da_Casauria_Province_of_Pescara_Abruzzo.html
Enrico Toro Distilleria Casauria, 3.5, Food & Drink, /Attraction_Review-g2355607-d7063078-Reviews-Enrico_Toro_Distilleria_Casauria-Tocco_da_Casauria_Province_of_Pescara_Abruzzo.html, /Attractions-g2355607-Activities-Tocco_da_Casauria_Province_of_Pescara_Abruzzo.html
Castello dei Caracciolo, 1.5, Sights & Landmarks, /Attraction_Review-g2355607-d9559381-Reviews-Castello_dei_Caracciolo-Tocco_da_Casauria_Province_of_Pescara_Abruzzo.html, /Attractions-g2355607-Activities-Tocco_da_Casauria_Province_of_Pescara_Abruzzo.html
Torre dell'orologio, 1.0, Sights & Landmarks, /Attraction_Review-g2355607-d15080989-Reviews-Torre_dell_orologio-Tocco_da_Casauria_Province_of_Pescara_Abruzzo.html, /Attractions-g2355607-Activities-Tocco_da_Casauria_Province_of_Pescara_Abruzzo.html
Convento di Santa Maria del Paradiso, None, Sights & Landmarks, /Attraction_Review-g2355607-d10292042-Reviews-Convento_di_Santa_Maria_del_Paradiso-Tocco_da_Casauria_Province_of_Pescara_Abru.html, /Attractions-g2355607-Activities-Tocco_da_Casauria_Province_of_Pescara_Abruzzo.html
Chiesa di San Domenico, None, Sights & Landmarks, /Attraction_Review-g2355607-d12987522-Reviews-Chiesa_di_San_Domenico-Tocco_da_Casauria_Province_of_Pescara_Abruzzo.html, /Attractions-g2355607-Activities-Tocco_da_Casauria_Province_of_Pescara_Abruzzo.html
Chiesa della Madonna delle Grazie, None, Sights & Landmarks, /Attraction_Review-g2355607-d12987524-Reviews-Chiesa_della_Madonna_delle_Grazie-Tocco_da_Casauria_Province_of_Pescara_Abruzzo.html, /Attractions-g2355607-Activities-Tocco_da_Casauria_Province_of_Pescara_Abruzzo.html
Chiesa Convento dei Cappuccini, None, Sights & Landmarks, /Attraction_Review-g2355607-d13804066-Reviews-Chiesa_Convento_dei_Cappuccini-Tocco_da_Casauria_Province_of_Pescara_Abruzzo.html, /Attractions-g2355607-Activities-Tocco_da_Casauria_Province_of_Pescara_Abruzzo.html
Casa di Francesco Paolo Michetti, None, Sights & Landmarks, /Attraction_Review-g2355607-d15234541-Reviews-Casa_di_Francesco_Paolo_Michetti-Tocco_da_Casauria_Province_of_Pescara_Abruzzo.html, /Attractions-g2355607-Activities-Tocco_da_Casauria_Province_of_Pescara_Abruzzo.html
Casa di Francesco Paolo Michetti, None, Sights & Landmarks, /Attraction_Review-g2355607-d15237801-Reviews-Casa_di_Francesco_Paolo_Michetti-Tocco_da_Casauria_Province_of_Pescara_Abruzzo.html, /Attractions-g2355607-Activities-Tocco_da_Casauria_Province_of_Pescara_Abruzzo.html
Chiesa di San Rocco, None, Sights & Landmarks, /Attraction_Review-g2355607-d15080666-Reviews-Chiesa_di_San_Rocco-Tocco_da_Casauria_Province_of_Pescara_Abruzzo.html, /Attractions-g2355607-Activities-Tocco_da_Casauria_Province_of_Pescara_Abruzzo.html
