attraction_name, attraction_rate, attraction_type, attraction_url, attraction_parent_url
Chiesa e Convento di Santa Chiara, 4.5, Sights & Landmarks, /Attraction_Review-g1421281-d12945433-Reviews-Chiesa_e_Convento_di_Santa_Chiara-Tricarico_Province_of_Matera_Basilicata.html, /Attractions-g1421281-Activities-Tricarico_Province_of_Matera_Basilicata.html
Cattedrale di Santa Maria Assunta, 4.5, Sights & Landmarks, /Attraction_Review-g1421281-d11646008-Reviews-Cattedrale_di_Santa_Maria_Assunta-Tricarico_Province_of_Matera_Basilicata.html, /Attractions-g1421281-Activities-Tricarico_Province_of_Matera_Basilicata.html
Torre Normanna, 4.0, Sights & Landmarks, /Attraction_Review-g1421281-d11658195-Reviews-Torre_Normanna-Tricarico_Province_of_Matera_Basilicata.html, /Attractions-g1421281-Activities-Tricarico_Province_of_Matera_Basilicata.html
Santuario della Madonna delle Fonti, 5.0, Sights & Landmarks, /Attraction_Review-g1421281-d12787152-Reviews-Santuario_della_Madonna_delle_Fonti-Tricarico_Province_of_Matera_Basilicata.html, /Attractions-g1421281-Activities-Tricarico_Province_of_Matera_Basilicata.html
Palazzo ducale, 4.0, Sights & Landmarks, /Attraction_Review-g1421281-d11645962-Reviews-Palazzo_ducale-Tricarico_Province_of_Matera_Basilicata.html, /Attractions-g1421281-Activities-Tricarico_Province_of_Matera_Basilicata.html
