attraction_name, attraction_rate, attraction_type, attraction_url, attraction_parent_url
Fattoria Lavacchio, 4.5, Food & Drink, /Attraction_Review-g667192-d1756476-Reviews-Fattoria_Lavacchio-Pontassieve_Tuscany.html, /Attractions-g667192-Activities-Pontassieve_Tuscany.html
Santuario Madonna delle Grazie al Sasso, 4.5, Sights & Landmarks, /Attraction_Review-g667192-d4480366-Reviews-Santuario_Madonna_delle_Grazie_al_Sasso-Pontassieve_Tuscany.html, /Attractions-g667192-Activities-Pontassieve_Tuscany.html
Ponte Mediceo, 4.5, Sights & Landmarks, /Attraction_Review-g667192-d10985613-Reviews-Ponte_Mediceo-Pontassieve_Tuscany.html, /Attractions-g667192-Activities-Pontassieve_Tuscany.html
Tenuta di Bossi, 5.0, Sights & Landmarks, /Attraction_Review-g667192-d10985604-Reviews-Tenuta_di_Bossi-Pontassieve_Tuscany.html, /Attractions-g667192-Activities-Pontassieve_Tuscany.html
Chiesa di Santa Brigida, 4.5, Sights & Landmarks, /Attraction_Review-g667192-d12861815-Reviews-Chiesa_di_Santa_Brigida-Pontassieve_Tuscany.html, /Attractions-g667192-Activities-Pontassieve_Tuscany.html
Chiesa di San Giovanni Battista, 4.5, Sights & Landmarks, /Attraction_Review-g667192-d6672029-Reviews-Chiesa_di_San_Giovanni_Battista-Pontassieve_Tuscany.html, /Attractions-g667192-Activities-Pontassieve_Tuscany.html
Castello di Torre a Decima, 4.5, Sights & Landmarks, /Attraction_Review-g667192-d10531983-Reviews-Castello_di_Torre_a_Decima-Pontassieve_Tuscany.html, /Attractions-g667192-Activities-Pontassieve_Tuscany.html
Pieve di S.Giovanni Battista a Remole, 4.0, Sights & Landmarks, /Attraction_Review-g667192-d6672033-Reviews-Pieve_di_S_Giovanni_Battista_a_Remole-Pontassieve_Tuscany.html, /Attractions-g667192-Activities-Pontassieve_Tuscany.html
Pieve dei Santi Gervasio e Martino a Lobaco, 5.0, Sights & Landmarks, /Attraction_Review-g667192-d4467595-Reviews-Pieve_dei_Santi_Gervasio_e_Martino_a_Lobaco-Pontassieve_Tuscany.html, /Attractions-g667192-Activities-Pontassieve_Tuscany.html
Pieve di Sant'Eustachio in Acone, 4.0, Sights & Landmarks, /Attraction_Review-g667192-d10985629-Reviews-Pieve_di_Sant_Eustachio_in_Acone-Pontassieve_Tuscany.html, /Attractions-g667192-Activities-Pontassieve_Tuscany.html
Palazzo Sansoni Trombetta, 4.0, Sights & Landmarks, /Attraction_Review-g667192-d10985576-Reviews-Palazzo_Sansoni_Trombetta-Pontassieve_Tuscany.html, /Attractions-g667192-Activities-Pontassieve_Tuscany.html
Fiorelli Rental, 5.0, Tours, /Attraction_Review-g667192-d7912732-Reviews-Fiorelli_Rental-Pontassieve_Tuscany.html, /Attractions-g667192-Activities-Pontassieve_Tuscany.html
Bicipedia, 4.5, Outdoor Activities, /Attraction_Review-g12811593-d12691927-Reviews-Bicipedia-Sieci_Pontassieve_Tuscany.html, /Attractions-g667192-Activities-Pontassieve_Tuscany.html
Bar Giulia, 4.5, Nightlife, /Attraction_Review-g667192-d4546244-Reviews-Bar_Giulia-Pontassieve_Tuscany.html, /Attractions-g667192-Activities-Pontassieve_Tuscany.html
Tuscany Private tours, 5.0, Tours, /Attraction_Review-g667192-d2157795-Reviews-Tuscany_Private_tours-Pontassieve_Tuscany.html, /Attractions-g667192-Activities-Pontassieve_Tuscany.html
Sentiero delle Burraie - Santa Brigida, 4.0, Nature & Parks, /Attraction_Review-g667192-d20903115-Reviews-Sentiero_delle_Burraie_Santa_Brigida-Pontassieve_Tuscany.html, /Attractions-g667192-Activities-Pontassieve_Tuscany.html
Molino Via Gardiola 1, None, Outdoor Activities, /Attraction_Review-g1095772-d4506825-Reviews-Molino_Via_Gardiola_1-Molino_del_Piano_Pontassieve_Tuscany.html, /Attractions-g667192-Activities-Pontassieve_Tuscany.html
La Villa di Pievecchia, None, Sights & Landmarks, /Attraction_Review-g667192-d10985601-Reviews-La_Villa_di_Pievecchia-Pontassieve_Tuscany.html, /Attractions-g667192-Activities-Pontassieve_Tuscany.html
Torre di Montebonello, None, Sights & Landmarks, /Attraction_Review-g667192-d10985587-Reviews-Torre_di_Montebonello-Pontassieve_Tuscany.html, /Attractions-g667192-Activities-Pontassieve_Tuscany.html
Chiesa di San Miniato in Pagnolle, None, Sights & Landmarks, /Attraction_Review-g667192-d10985626-Reviews-Chiesa_di_San_Miniato_in_Pagnolle-Pontassieve_Tuscany.html, /Attractions-g667192-Activities-Pontassieve_Tuscany.html
Chiesa di Sant’Andrea a Doccia, None, Sights & Landmarks, /Attraction_Review-g667192-d10985627-Reviews-Chiesa_di_Sant_Andrea_a_Doccia-Pontassieve_Tuscany.html, /Attractions-g667192-Activities-Pontassieve_Tuscany.html
Sala delle Colonne, None, Traveller Resources, /Attraction_Review-g667192-d10985582-Reviews-Sala_delle_Colonne-Pontassieve_Tuscany.html, /Attractions-g667192-Activities-Pontassieve_Tuscany.html
Chiesa di San Michele Arcangelo, None, Sights & Landmarks, /Attraction_Review-g667192-d10985583-Reviews-Chiesa_di_San_Michele_Arcangelo-Pontassieve_Tuscany.html, /Attractions-g667192-Activities-Pontassieve_Tuscany.html
Florence Country Tours - Tuscany in Love, None, Food & Drink, /Attraction_Review-g667192-d19275299-Reviews-Florence_Country_Tours_Tuscany_in_Love-Pontassieve_Tuscany.html, /Attractions-g667192-Activities-Pontassieve_Tuscany.html
From Florence with wine: the genuine taste of Chianti Rufina, None, Food & Drink, /Attraction_Review-g667192-d17581487-Reviews-From_Florence_with_wine_the_genuine_taste_of_Chianti_Rufina-Pontassieve_Tuscany.html, /Attractions-g667192-Activities-Pontassieve_Tuscany.html
