attraction_name, attraction_rate, attraction_type, attraction_url, attraction_parent_url
Cala Del Porto, 5.0, Nature & Parks, /Attraction_Review-g15221675-d15133210-Reviews-Cala_Del_Porto-Parmarola_Island_Ponza_Island_Province_of_Latina_Lazio.html, /Attractions-g15221675-Activities-Parmarola_Island_Ponza_Island_Province_of_Latina_Lazio.html
Faraglioni di Mezzogiorno, 5.0, Sights & Landmarks, /Attraction_Review-g15221675-d17785612-Reviews-Faraglioni_di_Mezzogiorno-Parmarola_Island_Ponza_Island_Province_of_Latina_Laz.html, /Attractions-g15221675-Activities-Parmarola_Island_Ponza_Island_Province_of_Latina_Lazio.html
Scoglio San Silverio, 4.0, Sights & Landmarks, /Attraction_Review-g15221675-d17785613-Reviews-Scoglio_San_Silverio-Parmarola_Island_Ponza_Island_Province_of_Latina_Lazio.html, /Attractions-g15221675-Activities-Parmarola_Island_Ponza_Island_Province_of_Latina_Lazio.html
Noleggio Barche Arcobaleno, 3.5, Transportation, /Attraction_Review-g15221675-d17661173-Reviews-Noleggio_Barche_Arcobaleno-Parmarola_Island_Ponza_Island_Province_of_Latina_La.html, /Attractions-g15221675-Activities-Parmarola_Island_Ponza_Island_Province_of_Latina_Lazio.html
Cappella di San Silverio, None, Sights & Landmarks, /Attraction_Review-g15221675-d21233727-Reviews-Cappella_di_San_Silverio-Parmarola_Island_Ponza_Island_Province_of_Latina_Lazi.html, /Attractions-g15221675-Activities-Parmarola_Island_Ponza_Island_Province_of_Latina_Lazio.html
