attraction_name, attraction_rate, attraction_type, attraction_url, attraction_parent_url
Sentiero Forra del Lupo, 4.5, Nature & Parks, /Attraction_Review-g194763-d8869948-Reviews-Sentiero_Forra_del_Lupo-Folgaria_Province_of_Trento_Trentino_Alto_Adige.html, /Attractions-g194763-Activities-Folgaria_Province_of_Trento_Trentino_Alto_Adige.html
Base Tuono, 4.5, Museums, /Attraction_Review-g194763-d3216357-Reviews-Base_Tuono-Folgaria_Province_of_Trento_Trentino_Alto_Adige.html, /Attractions-g194763-Activities-Folgaria_Province_of_Trento_Trentino_Alto_Adige.html
Lago Coe, 4.0, Nature & Parks, /Attraction_Review-g194763-d12693520-Reviews-Lago_Coe-Folgaria_Province_of_Trento_Trentino_Alto_Adige.html, /Attractions-g194763-Activities-Folgaria_Province_of_Trento_Trentino_Alto_Adige.html
Monte Cornetto, 5.0, Nature & Parks, /Attraction_Review-g194763-d12713197-Reviews-Monte_Cornetto-Folgaria_Province_of_Trento_Trentino_Alto_Adige.html, /Attractions-g194763-Activities-Folgaria_Province_of_Trento_Trentino_Alto_Adige.html
Guardia di Folgaria, 4.0, Sights & Landmarks, /Attraction_Review-g194763-d7052832-Reviews-Guardia_di_Folgaria-Folgaria_Province_of_Trento_Trentino_Alto_Adige.html, /Attractions-g194763-Activities-Folgaria_Province_of_Trento_Trentino_Alto_Adige.html
Sentiero dell'Acqua, 4.0, Nature & Parks, /Attraction_Review-g194763-d10758302-Reviews-Sentiero_dell_Acqua-Folgaria_Province_of_Trento_Trentino_Alto_Adige.html, /Attractions-g194763-Activities-Folgaria_Province_of_Trento_Trentino_Alto_Adige.html
Monte Maggio, 4.5, Nature & Parks, /Attraction_Review-g194763-d12144620-Reviews-Monte_Maggio-Folgaria_Province_of_Trento_Trentino_Alto_Adige.html, /Attractions-g194763-Activities-Folgaria_Province_of_Trento_Trentino_Alto_Adige.html
Forte Cherle–San Sebastiano, 4.0, Sights & Landmarks, /Attraction_Review-g194763-d8442521-Reviews-Forte_Cherle_San_Sebastiano-Folgaria_Province_of_Trento_Trentino_Alto_Adige.html, /Attractions-g194763-Activities-Folgaria_Province_of_Trento_Trentino_Alto_Adige.html
Biotopo di Echen, 4.0, Nature & Parks, /Attraction_Review-g194763-d12693616-Reviews-Biotopo_di_Echen-Folgaria_Province_of_Trento_Trentino_Alto_Adige.html, /Attractions-g194763-Activities-Folgaria_Province_of_Trento_Trentino_Alto_Adige.html
Cascata dell'Hofentol, 4.0, Nature & Parks, /Attraction_Review-g12083638-d3398080-Reviews-Cascata_dell_Hofentol-Guardia_Folgaria_Province_of_Trento_Trentino_Alto_Adige.html, /Attractions-g194763-Activities-Folgaria_Province_of_Trento_Trentino_Alto_Adige.html
Centro Equestre Il Salice, 4.5, Nature & Parks, /Attraction_Review-g194763-d10729317-Reviews-Centro_Equestre_Il_Salice-Folgaria_Province_of_Trento_Trentino_Alto_Adige.html, /Attractions-g194763-Activities-Folgaria_Province_of_Trento_Trentino_Alto_Adige.html
Forra del Lupo, 4.5, Nature & Parks, /Attraction_Review-g1575001-d9457246-Reviews-Forra_del_Lupo-Serrada_Folgaria_Province_of_Trento_Trentino_Alto_Adige.html, /Attractions-g194763-Activities-Folgaria_Province_of_Trento_Trentino_Alto_Adige.html
Maso Guez, 5.0, Sights & Landmarks, /Attraction_Review-g12879993-d12879893-Reviews-Maso_Guez-San_Sebastiano_Folgaria_Province_of_Trento_Trentino_Alto_Adige.html, /Attractions-g194763-Activities-Folgaria_Province_of_Trento_Trentino_Alto_Adige.html
Giardino Botanico di Passo Coe - Fondazione Museo Civico di Rovereto, 3.5, Nature & Parks, /Attraction_Review-g194763-d10615466-Reviews-Giardino_Botanico_di_Passo_Coe_Fondazione_Museo_Civico_di_Rovereto-Folgaria_Prov.html, /Attractions-g194763-Activities-Folgaria_Province_of_Trento_Trentino_Alto_Adige.html
Il Mulino Cuel a Folgaria, 3.5, Sights & Landmarks, /Attraction_Review-g194763-d10947952-Reviews-Il_Mulino_Cuel_a_Folgaria-Folgaria_Province_of_Trento_Trentino_Alto_Adige.html, /Attractions-g194763-Activities-Folgaria_Province_of_Trento_Trentino_Alto_Adige.html
Forte Dosso Del Sommo, 4.5, Sights & Landmarks, /Attraction_Review-g1575001-d15046827-Reviews-Forte_Dosso_Del_Sommo-Serrada_Folgaria_Province_of_Trento_Trentino_Alto_Adige.html, /Attractions-g194763-Activities-Folgaria_Province_of_Trento_Trentino_Alto_Adige.html
Scuola Italiana Sci Folgaria, 4.5, Nature & Parks, /Attraction_Review-g194763-d8444721-Reviews-Scuola_Italiana_Sci_Folgaria-Folgaria_Province_of_Trento_Trentino_Alto_Adige.html, /Attractions-g194763-Activities-Folgaria_Province_of_Trento_Trentino_Alto_Adige.html
Skiarea Folgaria / Fiorentini, 4.0, Outdoor Activities, /Attraction_Review-g194763-d6161479-Reviews-Skiarea_Folgaria_Fiorentini-Folgaria_Province_of_Trento_Trentino_Alto_Adige.html, /Attractions-g194763-Activities-Folgaria_Province_of_Trento_Trentino_Alto_Adige.html
Hotel Luna Bianca Spa, 4.5, Spas & Wellness, /Attraction_Review-g194763-d5641221-Reviews-Hotel_Luna_Bianca_Spa-Folgaria_Province_of_Trento_Trentino_Alto_Adige.html, /Attractions-g194763-Activities-Folgaria_Province_of_Trento_Trentino_Alto_Adige.html
Scie di Passione, 5.0, Classes & Workshops, /Attraction_Review-g194763-d16759036-Reviews-Scie_di_Passione-Folgaria_Province_of_Trento_Trentino_Alto_Adige.html, /Attractions-g194763-Activities-Folgaria_Province_of_Trento_Trentino_Alto_Adige.html
Golf club folgaria, 4.0, Outdoor Activities, /Attraction_Review-g194763-d4471963-Reviews-Golf_club_folgaria-Folgaria_Province_of_Trento_Trentino_Alto_Adige.html, /Attractions-g194763-Activities-Folgaria_Province_of_Trento_Trentino_Alto_Adige.html
Maso Engher, 4.5, Shopping, /Attraction_Review-g194763-d17839154-Reviews-Maso_Engher-Folgaria_Province_of_Trento_Trentino_Alto_Adige.html, /Attractions-g194763-Activities-Folgaria_Province_of_Trento_Trentino_Alto_Adige.html
Parco Museo Malga Zonta - Base Tuono, 5.0, Museums, /Attraction_Review-g194763-d21331731-Reviews-Parco_Museo_Malga_Zonta_Base_Tuono-Folgaria_Province_of_Trento_Trentino_Alto_Adi.html, /Attractions-g194763-Activities-Folgaria_Province_of_Trento_Trentino_Alto_Adige.html
La Bottega Dell’Arte, 4.0, Shopping, /Attraction_Review-g194763-d15056914-Reviews-La_Bottega_Dell_Arte-Folgaria_Province_of_Trento_Trentino_Alto_Adige.html, /Attractions-g194763-Activities-Folgaria_Province_of_Trento_Trentino_Alto_Adige.html
Folgaria Bike Rentals, None, Outdoor Activities, /Attraction_Review-g194763-d4380038-Reviews-Folgaria_Bike_Rentals-Folgaria_Province_of_Trento_Trentino_Alto_Adige.html, /Attractions-g194763-Activities-Folgaria_Province_of_Trento_Trentino_Alto_Adige.html
Wellness Centre by Clarins, None, Spas & Wellness, /Attraction_Review-g194763-d15683993-Reviews-Wellness_Centre_by_Clarins-Folgaria_Province_of_Trento_Trentino_Alto_Adige.html, /Attractions-g194763-Activities-Folgaria_Province_of_Trento_Trentino_Alto_Adige.html
The Wellness Centre by Clarins, None, Spas & Wellness, /Attraction_Review-g194763-d15683984-Reviews-The_Wellness_Centre_by_Clarins-Folgaria_Province_of_Trento_Trentino_Alto_Adige.html, /Attractions-g194763-Activities-Folgaria_Province_of_Trento_Trentino_Alto_Adige.html
Santuario Madonna delle Grazie, None, Sights & Landmarks, /Attraction_Review-g194763-d20884425-Reviews-Santuario_Madonna_delle_Grazie-Folgaria_Province_of_Trento_Trentino_Alto_Adige.html, /Attractions-g194763-Activities-Folgaria_Province_of_Trento_Trentino_Alto_Adige.html
Chiesa San Lorenzo, None, Sights & Landmarks, /Attraction_Review-g194763-d20887529-Reviews-Chiesa_San_Lorenzo-Folgaria_Province_of_Trento_Trentino_Alto_Adige.html, /Attractions-g194763-Activities-Folgaria_Province_of_Trento_Trentino_Alto_Adige.html
Chiesa San Giovanni Nepomuceno, None, Sights & Landmarks, /Attraction_Review-g194763-d20887530-Reviews-Chiesa_San_Giovanni_Nepomuceno-Folgaria_Province_of_Trento_Trentino_Alto_Adige.html, /Attractions-g194763-Activities-Folgaria_Province_of_Trento_Trentino_Alto_Adige.html
