attraction_name, attraction_rate, attraction_type, attraction_url, attraction_parent_url
Museo Memorial Battaglia Filottrano, 4.5, Museums, /Attraction_Review-g1587889-d7100165-Reviews-Museo_Memorial_Battaglia_Filottrano-Filottrano_Province_of_Ancona_Marche.html, /Attractions-g1587889-Activities-Filottrano_Province_of_Ancona_Marche.html
Villa Montepolesco Spada, 5.0, Sights & Landmarks, /Attraction_Review-g1587889-d15047721-Reviews-Villa_Montepolesco_Spada-Filottrano_Province_of_Ancona_Marche.html, /Attractions-g1587889-Activities-Filottrano_Province_of_Ancona_Marche.html
Chiesa di San Cristoforo, 5.0, Sights & Landmarks, /Attraction_Review-g1587889-d12802660-Reviews-Chiesa_di_San_Cristoforo-Filottrano_Province_of_Ancona_Marche.html, /Attractions-g1587889-Activities-Filottrano_Province_of_Ancona_Marche.html
Biblioteca Comunale Emidio Bianchi, 5.0, Traveller Resources, /Attraction_Review-g1587889-d15047711-Reviews-Biblioteca_Comunale_Emidio_Bianchi-Filottrano_Province_of_Ancona_Marche.html, /Attractions-g1587889-Activities-Filottrano_Province_of_Ancona_Marche.html
Villa Centofinestre - Edificio architettonico, 5.0, Sights & Landmarks, /Attraction_Review-g1587889-d15053077-Reviews-Villa_Centofinestre_Edificio_architettonico-Filottrano_Province_of_Ancona_March.html, /Attractions-g1587889-Activities-Filottrano_Province_of_Ancona_Marche.html
Museo Del Biroccio, 4.5, Museums, /Attraction_Review-g1587889-d10744213-Reviews-Museo_Del_Biroccio-Filottrano_Province_of_Ancona_Marche.html, /Attractions-g1587889-Activities-Filottrano_Province_of_Ancona_Marche.html
Chiesa di Santa Maria di Storaco, 1.0, Sights & Landmarks, /Attraction_Review-g1587889-d15047689-Reviews-Chiesa_di_Santa_Maria_di_Storaco-Filottrano_Province_of_Ancona_Marche.html, /Attractions-g1587889-Activities-Filottrano_Province_of_Ancona_Marche.html
Chiesa di Santa Maria degli Angeli, None, Sights & Landmarks, /Attraction_Review-g1587889-d12802688-Reviews-Chiesa_di_Santa_Maria_degli_Angeli-Filottrano_Province_of_Ancona_Marche.html, /Attractions-g1587889-Activities-Filottrano_Province_of_Ancona_Marche.html
Parrocchia di Santa Maria Assunta, None, Sights & Landmarks, /Attraction_Review-g1587889-d12802671-Reviews-Parrocchia_di_Santa_Maria_Assunta-Filottrano_Province_of_Ancona_Marche.html, /Attractions-g1587889-Activities-Filottrano_Province_of_Ancona_Marche.html
Monastero della Clarisse, None, Sights & Landmarks, /Attraction_Review-g1587889-d15047719-Reviews-Monastero_della_Clarisse-Filottrano_Province_of_Ancona_Marche.html, /Attractions-g1587889-Activities-Filottrano_Province_of_Ancona_Marche.html
Chiesa di San Francesco, None, Sights & Landmarks, /Attraction_Review-g1587889-d15047746-Reviews-Chiesa_di_San_Francesco-Filottrano_Province_of_Ancona_Marche.html, /Attractions-g1587889-Activities-Filottrano_Province_of_Ancona_Marche.html
Chiesa di San Michele, None, Sights & Landmarks, /Attraction_Review-g1587889-d15047722-Reviews-Chiesa_di_San_Michele-Filottrano_Province_of_Ancona_Marche.html, /Attractions-g1587889-Activities-Filottrano_Province_of_Ancona_Marche.html
Parco di Villa Spada Lavini, None, Nature & Parks, /Attraction_Review-g1587889-d15047684-Reviews-Parco_di_Villa_Spada_Lavini-Filottrano_Province_of_Ancona_Marche.html, /Attractions-g1587889-Activities-Filottrano_Province_of_Ancona_Marche.html
Chiesa di Santa Maria di Tornazzano, None, Sights & Landmarks, /Attraction_Review-g1587889-d15047692-Reviews-Chiesa_di_Santa_Maria_di_Tornazzano-Filottrano_Province_of_Ancona_Marche.html, /Attractions-g1587889-Activities-Filottrano_Province_of_Ancona_Marche.html
Chiesa delle Sacre Stimmate, None, Sights & Landmarks, /Attraction_Review-g1587889-d15047694-Reviews-Chiesa_delle_Sacre_Stimmate-Filottrano_Province_of_Ancona_Marche.html, /Attractions-g1587889-Activities-Filottrano_Province_of_Ancona_Marche.html
