attraction_name, attraction_rate, attraction_type, attraction_url, attraction_parent_url
Chiesa di Santa Maria Maggiore, 4.0, Sights & Landmarks, /Attraction_Review-g1965976-d12645301-Reviews-Chiesa_di_Santa_Maria_Maggiore-Gazzo_Veronese_Province_of_Verona_Veneto.html, /Attractions-g1965976-Activities-Gazzo_Veronese_Province_of_Verona_Veneto.html
Villa Parolin&& Poggiani, None, Sights & Landmarks, /Attraction_Review-g1965976-d11698478-Reviews-Villa_Parolin_Poggiani-Gazzo_Veronese_Province_of_Verona_Veneto.html, /Attractions-g1965976-Activities-Gazzo_Veronese_Province_of_Verona_Veneto.html
Chiesa di San Pietro in Monastero, None, Sights & Landmarks, /Attraction_Review-g1965976-d11698524-Reviews-Chiesa_di_San_Pietro_in_Monastero-Gazzo_Veronese_Province_of_Verona_Veneto.html, /Attractions-g1965976-Activities-Gazzo_Veronese_Province_of_Verona_Veneto.html
Municipio di Gazzo Veronese, None, Sights & Landmarks, /Attraction_Review-g1965976-d11697019-Reviews-Municipio_di_Gazzo_Veronese-Gazzo_Veronese_Province_of_Verona_Veneto.html, /Attractions-g1965976-Activities-Gazzo_Veronese_Province_of_Verona_Veneto.html
Palazzo De' Merli, None, Sights & Landmarks, /Attraction_Review-g1965976-d11698549-Reviews-Palazzo_De_Merli-Gazzo_Veronese_Province_of_Verona_Veneto.html, /Attractions-g1965976-Activities-Gazzo_Veronese_Province_of_Verona_Veneto.html
