attraction_name, attraction_rate, attraction_type, attraction_url, attraction_parent_url
Pizzo della Presolana, 5.0, Nature & Parks, /Attraction_Review-g3710626-d11822002-Reviews-Pizzo_della_Presolana-Colere_Province_of_Bergamo_Lombardy.html, /Attractions-g3710626-Activities-Colere_Province_of_Bergamo_Lombardy.html
Santuario della Madonnina, 5.0, Sights & Landmarks, /Attraction_Review-g3710626-d17847667-Reviews-Santuario_della_Madonnina-Colere_Province_of_Bergamo_Lombardy.html, /Attractions-g3710626-Activities-Colere_Province_of_Bergamo_Lombardy.html
Pub Bucaneve, 4.5, Nightlife, /Attraction_Review-g3710626-d5924494-Reviews-Pub_Bucaneve-Colere_Province_of_Bergamo_Lombardy.html, /Attractions-g3710626-Activities-Colere_Province_of_Bergamo_Lombardy.html
Eco Museo Delle Miniere 'zanalbert', 5.0, Museums, /Attraction_Review-g3710626-d21321587-Reviews-Eco_Museo_Delle_Miniere_zanalbert-Colere_Province_of_Bergamo_Lombardy.html, /Attractions-g3710626-Activities-Colere_Province_of_Bergamo_Lombardy.html
Grotta del Ghiaccio, None, Nature & Parks, /Attraction_Review-g3710626-d12945708-Reviews-Grotta_del_Ghiaccio-Colere_Province_of_Bergamo_Lombardy.html, /Attractions-g3710626-Activities-Colere_Province_of_Bergamo_Lombardy.html
Chiesa Parrocchiale San Bartolomeo Apostolo, None, Sights & Landmarks, /Attraction_Review-g3710626-d12945704-Reviews-Chiesa_Parrocchiale_San_Bartolomeo_Apostolo-Colere_Province_of_Bergamo_Lombardy.html, /Attractions-g3710626-Activities-Colere_Province_of_Bergamo_Lombardy.html
