attraction_name, attraction_rate, attraction_type, attraction_url, attraction_parent_url
Mulino Loiacono, 5.0, Sights & Landmarks, /Attraction_Review-g1587891-d12414914-Reviews-Mulino_Loiacono-Drapia_Province_of_Vibo_Valentia_Calabria.html, /Attractions-g1587891-Activities-Drapia_Province_of_Vibo_Valentia_Calabria.html
Chiesa della Trasfigurazione di Nostro Signore Gesu Cristo, 4.0, Sights & Landmarks, /Attraction_Review-g7893082-d17805812-Reviews-Chiesa_della_Trasfigurazione_di_Nostro_Signore_Gesu_Cristo-Caria_Drapia_Provinc.html, /Attractions-g1587891-Activities-Drapia_Province_of_Vibo_Valentia_Calabria.html
Castello Galluppi-Toraldo, 3.0, Sights & Landmarks, /Attraction_Review-g7893082-d17804686-Reviews-Castello_Galluppi_Toraldo-Caria_Drapia_Province_of_Vibo_Valentia_Calabria.html, /Attractions-g1587891-Activities-Drapia_Province_of_Vibo_Valentia_Calabria.html
Cantina Masicei, 5.0, Shopping, /Attraction_Review-g2299510-d14339766-Reviews-Cantina_Masicei-Brattiro_Drapia_Province_of_Vibo_Valentia_Calabria.html, /Attractions-g1587891-Activities-Drapia_Province_of_Vibo_Valentia_Calabria.html
Cantine Rombolà, 5.0, Food & Drink, /Attraction_Review-g2299510-d21230367-Reviews-Cantine_Rombola-Brattiro_Drapia_Province_of_Vibo_Valentia_Calabria.html, /Attractions-g1587891-Activities-Drapia_Province_of_Vibo_Valentia_Calabria.html
Chiesa dell'Immacolata Concezione, None, Sights & Landmarks, /Attraction_Review-g1587891-d12815933-Reviews-Chiesa_dell_Immacolata_Concezione-Drapia_Province_of_Vibo_Valentia_Calabria.html, /Attractions-g1587891-Activities-Drapia_Province_of_Vibo_Valentia_Calabria.html
La Chiesa della Madonna del Carmine    , None, Sights & Landmarks, /Attraction_Review-g7893082-d17805923-Reviews-La_Chiesa_della_Madonna_del_Carmine-Caria_Drapia_Province_of_Vibo_Valentia_Cala.html, /Attractions-g1587891-Activities-Drapia_Province_of_Vibo_Valentia_Calabria.html
