attraction_name, attraction_rate, attraction_type, attraction_url, attraction_parent_url
Chiesa di Santa Caterina Vergine e Martire, None, Sights & Landmarks, /Attraction_Review-g4505491-d13436806-Reviews-Chiesa_di_Santa_Caterina_Vergine_e_Martire-San_Pietro_Clarenza_Province_of_Cata.html, /Attractions-g4505491-Activities-San_Pietro_Clarenza_Province_of_Catania_Sicily.html
Caseggiato Mannino, None, Sights & Landmarks, /Attraction_Review-g4505491-d20381052-Reviews-Caseggiato_Mannino-San_Pietro_Clarenza_Province_of_Catania_Sicily.html, /Attractions-g4505491-Activities-San_Pietro_Clarenza_Province_of_Catania_Sicily.html
Chiesa Santa Maria delle Grazie, None, Sights & Landmarks, /Attraction_Review-g4505491-d20381060-Reviews-Chiesa_Santa_Maria_delle_Grazie-San_Pietro_Clarenza_Province_of_Catania_Sicily.html, /Attractions-g4505491-Activities-San_Pietro_Clarenza_Province_of_Catania_Sicily.html
Chiesa di San Gaetano, None, Sights & Landmarks, /Attraction_Review-g4505491-d20381055-Reviews-Chiesa_di_San_Gaetano-San_Pietro_Clarenza_Province_of_Catania_Sicily.html, /Attractions-g4505491-Activities-San_Pietro_Clarenza_Province_of_Catania_Sicily.html
Statua della Madonnina di San Pietro di Clarenza, None, Sights & Landmarks, /Attraction_Review-g4505491-d20380393-Reviews-Statua_della_Madonnina_di_San_Pietro_di_Clarenza-San_Pietro_Clarenza_Province_o.html, /Attractions-g4505491-Activities-San_Pietro_Clarenza_Province_of_Catania_Sicily.html
Calvario di San Pietro di Clarenza, None, Sights & Landmarks, /Attraction_Review-g4505491-d20380392-Reviews-Calvario_di_San_Pietro_di_Clarenza-San_Pietro_Clarenza_Province_of_Catania_Sici.html, /Attractions-g4505491-Activities-San_Pietro_Clarenza_Province_of_Catania_Sicily.html
Torre di San Pietro Clarenza, None, Sights & Landmarks, /Attraction_Review-g4505491-d20380387-Reviews-Torre_di_San_Pietro_Clarenza-San_Pietro_Clarenza_Province_of_Catania_Sicily.html, /Attractions-g4505491-Activities-San_Pietro_Clarenza_Province_of_Catania_Sicily.html
