attraction_name, attraction_rate, attraction_type, attraction_url, attraction_parent_url
Clusone, 4.5, Sights & Landmarks, /Attraction_Review-g1201172-d246674-Reviews-Clusone-Clusone_Province_of_Bergamo_Lombardy.html, /Attractions-g1201172-Activities-Clusone_Province_of_Bergamo_Lombardy.html
Danza macabra, 4.5, Museums, /Attraction_Review-g1201172-d5481248-Reviews-Danza_macabra-Clusone_Province_of_Bergamo_Lombardy.html, /Attractions-g1201172-Activities-Clusone_Province_of_Bergamo_Lombardy.html
Oratorio dei Disciplini, 4.5, Sights & Landmarks, /Attraction_Review-g1201172-d7031930-Reviews-Oratorio_dei_Disciplini-Clusone_Province_of_Bergamo_Lombardy.html, /Attractions-g1201172-Activities-Clusone_Province_of_Bergamo_Lombardy.html
Orologio Planetario Fanzago, 4.5, Sights & Landmarks, /Attraction_Review-g1201172-d7018162-Reviews-Orologio_Planetario_Fanzago-Clusone_Province_of_Bergamo_Lombardy.html, /Attractions-g1201172-Activities-Clusone_Province_of_Bergamo_Lombardy.html
Basilica Di Santa Maria Assunta, 4.5, Sights & Landmarks, /Attraction_Review-g1201172-d7007344-Reviews-Basilica_Di_Santa_Maria_Assunta-Clusone_Province_of_Bergamo_Lombardy.html, /Attractions-g1201172-Activities-Clusone_Province_of_Bergamo_Lombardy.html
Piadina Clusone, 4.5, Food & Drink, /Attraction_Review-g1201172-d6028704-Reviews-Piadina_Clusone-Clusone_Province_of_Bergamo_Lombardy.html, /Attractions-g1201172-Activities-Clusone_Province_of_Bergamo_Lombardy.html
Piazza dell'Orologio, 4.0, Sights & Landmarks, /Attraction_Review-g1201172-d7031931-Reviews-Piazza_dell_Orologio-Clusone_Province_of_Bergamo_Lombardy.html, /Attractions-g1201172-Activities-Clusone_Province_of_Bergamo_Lombardy.html
Ciclabile val Seriana, 4.5, Nature & Parks, /Attraction_Review-g1201172-d8415089-Reviews-Ciclabile_val_Seriana-Clusone_Province_of_Bergamo_Lombardy.html, /Attractions-g1201172-Activities-Clusone_Province_of_Bergamo_Lombardy.html
Chiesa di S. Defendente, 4.5, Sights & Landmarks, /Attraction_Review-g1201172-d8567885-Reviews-Chiesa_di_S_Defendente-Clusone_Province_of_Bergamo_Lombardy.html, /Attractions-g1201172-Activities-Clusone_Province_of_Bergamo_Lombardy.html
Chiesa della Beata Vergine del Paradiso, 4.5, Sights & Landmarks, /Attraction_Review-g1201172-d8517272-Reviews-Chiesa_della_Beata_Vergine_del_Paradiso-Clusone_Province_of_Bergamo_Lombardy.html, /Attractions-g1201172-Activities-Clusone_Province_of_Bergamo_Lombardy.html
Palazzo Comunale, 4.5, Sights & Landmarks, /Attraction_Review-g1201172-d10466159-Reviews-Palazzo_Comunale-Clusone_Province_of_Bergamo_Lombardy.html, /Attractions-g1201172-Activities-Clusone_Province_of_Bergamo_Lombardy.html
Palazzo Fogaccia, 4.5, Sights & Landmarks, /Attraction_Review-g1201172-d10474082-Reviews-Palazzo_Fogaccia-Clusone_Province_of_Bergamo_Lombardy.html, /Attractions-g1201172-Activities-Clusone_Province_of_Bergamo_Lombardy.html
Azienda Agricola Balduzzi Massimo, 5.0, Food & Drink, /Attraction_Review-g1201172-d8316825-Reviews-Azienda_Agricola_Balduzzi_Massimo-Clusone_Province_of_Bergamo_Lombardy.html, /Attractions-g1201172-Activities-Clusone_Province_of_Bergamo_Lombardy.html
Chiesa di Sant'Anna, 4.0, Sights & Landmarks, /Attraction_Review-g1201172-d7046758-Reviews-Chiesa_di_Sant_Anna-Clusone_Province_of_Bergamo_Lombardy.html, /Attractions-g1201172-Activities-Clusone_Province_of_Bergamo_Lombardy.html
Chiesetta SS. Trinita, 4.0, Sights & Landmarks, /Attraction_Review-g1201172-d10391973-Reviews-Chiesetta_SS_Trinita-Clusone_Province_of_Bergamo_Lombardy.html, /Attractions-g1201172-Activities-Clusone_Province_of_Bergamo_Lombardy.html
Centro Storico, 4.0, Sights & Landmarks, /Attraction_Review-g1201172-d17801799-Reviews-Centro_Storico-Clusone_Province_of_Bergamo_Lombardy.html, /Attractions-g1201172-Activities-Clusone_Province_of_Bergamo_Lombardy.html
Chiesa di San Luigi, 4.5, Sights & Landmarks, /Attraction_Review-g1201172-d17801767-Reviews-Chiesa_di_San_Luigi-Clusone_Province_of_Bergamo_Lombardy.html, /Attractions-g1201172-Activities-Clusone_Province_of_Bergamo_Lombardy.html
Chiesa delle Crocette, 4.0, Sights & Landmarks, /Attraction_Review-g1201172-d12861885-Reviews-Chiesa_delle_Crocette-Clusone_Province_of_Bergamo_Lombardy.html, /Attractions-g1201172-Activities-Clusone_Province_of_Bergamo_Lombardy.html
Chiesa di San Lucio, 4.0, Sights & Landmarks, /Attraction_Review-g1201172-d12855234-Reviews-Chiesa_di_San_Lucio-Clusone_Province_of_Bergamo_Lombardy.html, /Attractions-g1201172-Activities-Clusone_Province_of_Bergamo_Lombardy.html
Palazzo Carrara Spinelli, 4.0, Sights & Landmarks, /Attraction_Review-g1201172-d12815638-Reviews-Palazzo_Carrara_Spinelli-Clusone_Province_of_Bergamo_Lombardy.html, /Attractions-g1201172-Activities-Clusone_Province_of_Bergamo_Lombardy.html
Parco Avventura Pineta, 4.5, Outdoor Activities, /Attraction_Review-g1201172-d4728507-Reviews-Parco_Avventura_Pineta-Clusone_Province_of_Bergamo_Lombardy.html, /Attractions-g1201172-Activities-Clusone_Province_of_Bergamo_Lombardy.html
Le Volte Cafe, 3.5, Nightlife, /Attraction_Review-g1201172-d5927392-Reviews-Le_Volte_Cafe-Clusone_Province_of_Bergamo_Lombardy.html, /Attractions-g1201172-Activities-Clusone_Province_of_Bergamo_Lombardy.html
Bar del Parco, 4.0, Nightlife, /Attraction_Review-g1201172-d7139855-Reviews-Bar_del_Parco-Clusone_Province_of_Bergamo_Lombardy.html, /Attractions-g1201172-Activities-Clusone_Province_of_Bergamo_Lombardy.html
Bricconbacco, 5.0, Nightlife, /Attraction_Review-g1201172-d11978659-Reviews-Bricconbacco-Clusone_Province_of_Bergamo_Lombardy.html, /Attractions-g1201172-Activities-Clusone_Province_of_Bergamo_Lombardy.html
Bar Pasticceria Mantegazza, 5.0, Nightlife, /Attraction_Review-g1201172-d5922934-Reviews-Bar_Pasticceria_Mantegazza-Clusone_Province_of_Bergamo_Lombardy.html, /Attractions-g1201172-Activities-Clusone_Province_of_Bergamo_Lombardy.html
Estetica VS, 5.0, Spas & Wellness, /Attraction_Review-g1201172-d6956952-Reviews-Estetica_VS-Clusone_Province_of_Bergamo_Lombardy.html, /Attractions-g1201172-Activities-Clusone_Province_of_Bergamo_Lombardy.html
