attraction_name, attraction_rate, attraction_type, attraction_url, attraction_parent_url
Casa Toscano, None, Sights & Landmarks, /Attraction_Review-g194854-d20992660-Reviews-Casa_Toscano-Pordenone_Province_of_Pordenone_Friuli_Venezia_Giulia.html, /Attractions-g194854-Activities-Pordenone_Province_of_Pordenone_Friuli_Venezia_Giulia.html
Sant'Antonio ab incarnario, None, Sights & Landmarks, /Attraction_Review-g194854-d21021275-Reviews-Sant_Antonio_ab_incarnario-Pordenone_Province_of_Pordenone_Friuli_Venezia_Giulia.html, /Attractions-g194854-Activities-Pordenone_Province_of_Pordenone_Friuli_Venezia_Giulia.html
Associazione Culturale Thesis - Dedica Festival, None, Sights & Landmarks, /Attraction_Review-g194854-d21130528-Reviews-Associazione_Culturale_Thesis_Dedica_Festival-Pordenone_Province_of_Pordenone_Fr.html, /Attractions-g194854-Activities-Pordenone_Province_of_Pordenone_Friuli_Venezia_Giulia.html
Monumento ai Bersaglieri - Progetto Martelli, None, Sights & Landmarks, /Attraction_Review-g194854-d21021415-Reviews-Monumento_ai_Bersaglieri_Progetto_Martelli-Pordenone_Province_of_Pordenone_Friul.html, /Attractions-g194854-Activities-Pordenone_Province_of_Pordenone_Friuli_Venezia_Giulia.html
Casa Natale di Michelangelo Grigoletti (Pittore), None, Sights & Landmarks, /Attraction_Review-g194854-d21045275-Reviews-Casa_Natale_di_Michelangelo_Grigoletti_Pittore-Pordenone_Province_of_Pordenone_F.html, /Attractions-g194854-Activities-Pordenone_Province_of_Pordenone_Friuli_Venezia_Giulia.html
Tennis Club Pordenone, None, Fun & Games, /Attraction_Review-g194854-d20879701-Reviews-Tennis_Club_Pordenone-Pordenone_Province_of_Pordenone_Friuli_Venezia_Giulia.html, /Attractions-g194854-Activities-Pordenone_Province_of_Pordenone_Friuli_Venezia_Giulia.html
SKATEPARK via Pirandello n. 37, None, Fun & Games, /Attraction_Review-g194854-d20879702-Reviews-SKATEPARK_via_Pirandello_n_37-Pordenone_Province_of_Pordenone_Friuli_Venezia_Giu.html, /Attractions-g194854-Activities-Pordenone_Province_of_Pordenone_Friuli_Venezia_Giulia.html
Festa del Libro con gli Autori - Pordenonelegge, None, Events, /Attraction_Review-g194854-d21120275-Reviews-Festa_del_Libro_con_gli_Autori_Pordenonelegge-Pordenone_Province_of_Pordenone_Fr.html, /Attractions-g194854-Activities-Pordenone_Province_of_Pordenone_Friuli_Venezia_Giulia.html
Spazio 52 Interior, None, Shopping, /Attraction_Review-g194854-d21211884-Reviews-Spazio_52_Interior-Pordenone_Province_of_Pordenone_Friuli_Venezia_Giulia.html, /Attractions-g194854-Activities-Pordenone_Province_of_Pordenone_Friuli_Venezia_Giulia.html
Antichità Crestan Andrea, None, Shopping, /Attraction_Review-g194854-d21211880-Reviews-Antichita_Crestan_Andrea-Pordenone_Province_of_Pordenone_Friuli_Venezia_Giulia.html, /Attractions-g194854-Activities-Pordenone_Province_of_Pordenone_Friuli_Venezia_Giulia.html
Cortile di Palazzo Poletti, None, Nature & Parks, /Attraction_Review-g194854-d21292593-Reviews-Cortile_di_Palazzo_Poletti-Pordenone_Province_of_Pordenone_Friuli_Venezia_Giulia.html, /Attractions-g194854-Activities-Pordenone_Province_of_Pordenone_Friuli_Venezia_Giulia.html
Centro Culturale Augusto Del Noce, None, Traveller Resources, /Attraction_Review-g194854-d21380366-Reviews-Centro_Culturale_Augusto_Del_Noce-Pordenone_Province_of_Pordenone_Friuli_Venezia.html, /Attractions-g194854-Activities-Pordenone_Province_of_Pordenone_Friuli_Venezia_Giulia.html
Scala Della Bossina O Scala Ettore Busetto, None, Sights & Landmarks, /Attraction_Review-g194854-d21380473-Reviews-Scala_Della_Bossina_O_Scala_Ettore_Busetto-Pordenone_Province_of_Pordenone_Friul.html, /Attractions-g194854-Activities-Pordenone_Province_of_Pordenone_Friuli_Venezia_Giulia.html
Portineria in stile gotico-veneziano di Villa Ruini, None, Sights & Landmarks, /Attraction_Review-g194854-d21377426-Reviews-Portineria_in_stile_gotico_veneziano_di_Villa_Ruini-Pordenone_Province_of_Porden.html, /Attractions-g194854-Activities-Pordenone_Province_of_Pordenone_Friuli_Venezia_Giulia.html
Palazzo Cossetti, None, Museums, /Attraction_Review-g194854-d21328274-Reviews-Palazzo_Cossetti-Pordenone_Province_of_Pordenone_Friuli_Venezia_Giulia.html, /Attractions-g194854-Activities-Pordenone_Province_of_Pordenone_Friuli_Venezia_Giulia.html
Lavatoio di Via Maggiore, None, Sights & Landmarks, /Attraction_Review-g194854-d21328291-Reviews-Lavatoio_di_Via_Maggiore-Pordenone_Province_of_Pordenone_Friuli_Venezia_Giulia.html, /Attractions-g194854-Activities-Pordenone_Province_of_Pordenone_Friuli_Venezia_Giulia.html
Estetica emmepi, None, Other, /Attraction_Review-g194854-d22555204-Reviews-Estetica_emmepi-Pordenone_Province_of_Pordenone_Friuli_Venezia_Giulia.html, /Attractions-g194854-Activities-Pordenone_Province_of_Pordenone_Friuli_Venezia_Giulia.html
Chiesetta Madonna Della Neve, None, Sights & Landmarks, /Attraction_Review-g194854-d21511590-Reviews-Chiesetta_Madonna_Della_Neve-Pordenone_Province_of_Pordenone_Friuli_Venezia_Giul.html, /Attractions-g194854-Activities-Pordenone_Province_of_Pordenone_Friuli_Venezia_Giulia.html
