attraction_name, attraction_rate, attraction_type, attraction_url, attraction_parent_url
Castello di Montalto Dora, 4.5, Sights & Landmarks, /Attraction_Review-g3642486-d4371548-Reviews-Castello_di_Montalto_Dora-Montalto_Dora_Province_of_Turin_Piedmont.html, /Attractions-g3642486-Activities-Montalto_Dora_Province_of_Turin_Piedmont.html
Spazio Espositivo per l’Archeologia del Lago Pistono, 4.0, Museums, /Attraction_Review-g3642486-d11871608-Reviews-Spazio_Espositivo_per_l_Archeologia_del_Lago_Pistono-Montalto_Dora_Province_of_.html, /Attractions-g3642486-Activities-Montalto_Dora_Province_of_Turin_Piedmont.html
Bar La Vaina Loca, 4.0, Nightlife, /Attraction_Review-g3642486-d10384278-Reviews-Bar_La_Vaina_Loca-Montalto_Dora_Province_of_Turin_Piedmont.html, /Attractions-g3642486-Activities-Montalto_Dora_Province_of_Turin_Piedmont.html
Chiesa di San Rocco, None, Sights & Landmarks, /Attraction_Review-g3642486-d20035271-Reviews-Chiesa_di_San_Rocco-Montalto_Dora_Province_of_Turin_Piedmont.html, /Attractions-g3642486-Activities-Montalto_Dora_Province_of_Turin_Piedmont.html
Chiesa Parrocchiale di Sant'Eusebio Vescovo, None, Sights & Landmarks, /Attraction_Review-g3642486-d20035265-Reviews-Chiesa_Parrocchiale_di_Sant_Eusebio_Vescovo-Montalto_Dora_Province_of_Turin_Pie.html, /Attractions-g3642486-Activities-Montalto_Dora_Province_of_Turin_Piedmont.html
Katia Gianotti, None, Fun & Games, /Attraction_Review-g3642486-d20948304-Reviews-Katia_Gianotti-Montalto_Dora_Province_of_Turin_Piedmont.html, /Attractions-g3642486-Activities-Montalto_Dora_Province_of_Turin_Piedmont.html
