attraction_name, attraction_rate, attraction_type, attraction_url, attraction_parent_url
Chiesa San Pietro in Sylvis, 4.5, Sights & Landmarks, /Attraction_Review-g1397844-d7092858-Reviews-Chiesa_San_Pietro_in_Sylvis-Bagnacavallo_Province_of_Ravenna_Emilia_Romagna.html, /Attractions-g1397844-Activities-Bagnacavallo_Province_of_Ravenna_Emilia_Romagna.html
Ecomuseo delle Erbe Palustri, 4.5, Museums, /Attraction_Review-g1397844-d12124404-Reviews-Ecomuseo_delle_Erbe_Palustri-Bagnacavallo_Province_of_Ravenna_Emilia_Romagna.html, /Attractions-g1397844-Activities-Bagnacavallo_Province_of_Ravenna_Emilia_Romagna.html
Piazza Nuova, 4.0, Sights & Landmarks, /Attraction_Review-g1397844-d12124600-Reviews-Piazza_Nuova-Bagnacavallo_Province_of_Ravenna_Emilia_Romagna.html, /Attractions-g1397844-Activities-Bagnacavallo_Province_of_Ravenna_Emilia_Romagna.html
Museo Civico delle Cappuccine, 4.5, Museums, /Attraction_Review-g1397844-d5538873-Reviews-Museo_Civico_delle_Cappuccine-Bagnacavallo_Province_of_Ravenna_Emilia_Romagna.html, /Attractions-g1397844-Activities-Bagnacavallo_Province_of_Ravenna_Emilia_Romagna.html
Teatro Goldoni, 5.0, Concerts & Shows, /Attraction_Review-g1397844-d12123801-Reviews-Teatro_Goldoni-Bagnacavallo_Province_of_Ravenna_Emilia_Romagna.html, /Attractions-g1397844-Activities-Bagnacavallo_Province_of_Ravenna_Emilia_Romagna.html
Vicolo degli Amori, 4.0, Sights & Landmarks, /Attraction_Review-g1397844-d12124760-Reviews-Vicolo_degli_Amori-Bagnacavallo_Province_of_Ravenna_Emilia_Romagna.html, /Attractions-g1397844-Activities-Bagnacavallo_Province_of_Ravenna_Emilia_Romagna.html
Palazzo Comunale, 3.5, Sights & Landmarks, /Attraction_Review-g1397844-d12124552-Reviews-Palazzo_Comunale-Bagnacavallo_Province_of_Ravenna_Emilia_Romagna.html, /Attractions-g1397844-Activities-Bagnacavallo_Province_of_Ravenna_Emilia_Romagna.html
Torre Civica, 4.0, Sights & Landmarks, /Attraction_Review-g1397844-d12124681-Reviews-Torre_Civica-Bagnacavallo_Province_of_Ravenna_Emilia_Romagna.html, /Attractions-g1397844-Activities-Bagnacavallo_Province_of_Ravenna_Emilia_Romagna.html
Chiesa di San Francesco, 3.5, Sights & Landmarks, /Attraction_Review-g1397844-d12124759-Reviews-Chiesa_di_San_Francesco-Bagnacavallo_Province_of_Ravenna_Emilia_Romagna.html, /Attractions-g1397844-Activities-Bagnacavallo_Province_of_Ravenna_Emilia_Romagna.html
Collegiata di S. Michele Arcangelo, 3.5, Sights & Landmarks, /Attraction_Review-g1397844-d12124398-Reviews-Collegiata_di_S_Michele_Arcangelo-Bagnacavallo_Province_of_Ravenna_Emilia_Romag.html, /Attractions-g1397844-Activities-Bagnacavallo_Province_of_Ravenna_Emilia_Romagna.html
Chiesa del Suffragio, 5.0, Sights & Landmarks, /Attraction_Review-g1397844-d12124308-Reviews-Chiesa_del_Suffragio-Bagnacavallo_Province_of_Ravenna_Emilia_Romagna.html, /Attractions-g1397844-Activities-Bagnacavallo_Province_of_Ravenna_Emilia_Romagna.html
Podere Pantaleone, 4.0, Outdoor Activities, /Attraction_Review-g1397844-d7094823-Reviews-Podere_Pantaleone-Bagnacavallo_Province_of_Ravenna_Emilia_Romagna.html, /Attractions-g1397844-Activities-Bagnacavallo_Province_of_Ravenna_Emilia_Romagna.html
Desiderio sushi PUB, None, Nightlife, /Attraction_Review-g1397844-d5944111-Reviews-Desiderio_sushi_PUB-Bagnacavallo_Province_of_Ravenna_Emilia_Romagna.html, /Attractions-g1397844-Activities-Bagnacavallo_Province_of_Ravenna_Emilia_Romagna.html
Palazzo Graziani, None, Sights & Landmarks, /Attraction_Review-g1397844-d12124575-Reviews-Palazzo_Graziani-Bagnacavallo_Province_of_Ravenna_Emilia_Romagna.html, /Attractions-g1397844-Activities-Bagnacavallo_Province_of_Ravenna_Emilia_Romagna.html
Chiesa del Carmine, None, Sights & Landmarks, /Attraction_Review-g1397844-d12123774-Reviews-Chiesa_del_Carmine-Bagnacavallo_Province_of_Ravenna_Emilia_Romagna.html, /Attractions-g1397844-Activities-Bagnacavallo_Province_of_Ravenna_Emilia_Romagna.html
Orto Botanico, None, Nature & Parks, /Attraction_Review-g1397844-d12124509-Reviews-Orto_Botanico-Bagnacavallo_Province_of_Ravenna_Emilia_Romagna.html, /Attractions-g1397844-Activities-Bagnacavallo_Province_of_Ravenna_Emilia_Romagna.html
Palazzo delle Opere Pie, None, Sights & Landmarks, /Attraction_Review-g1397844-d12124566-Reviews-Palazzo_delle_Opere_Pie-Bagnacavallo_Province_of_Ravenna_Emilia_Romagna.html, /Attractions-g1397844-Activities-Bagnacavallo_Province_of_Ravenna_Emilia_Romagna.html
Palazzo Papini Capra, None, Sights & Landmarks, /Attraction_Review-g1397844-d12124579-Reviews-Palazzo_Papini_Capra-Bagnacavallo_Province_of_Ravenna_Emilia_Romagna.html, /Attractions-g1397844-Activities-Bagnacavallo_Province_of_Ravenna_Emilia_Romagna.html
Antica Galleria, None, Museums, /Attraction_Review-g1397844-d12116803-Reviews-Antica_Galleria-Bagnacavallo_Province_of_Ravenna_Emilia_Romagna.html, /Attractions-g1397844-Activities-Bagnacavallo_Province_of_Ravenna_Emilia_Romagna.html
Chiesa di San Giovanni, None, Sights & Landmarks, /Attraction_Review-g1397844-d12124371-Reviews-Chiesa_di_San_Giovanni-Bagnacavallo_Province_of_Ravenna_Emilia_Romagna.html, /Attractions-g1397844-Activities-Bagnacavallo_Province_of_Ravenna_Emilia_Romagna.html
Centro Benessere Debora, None, Spas & Wellness, /Attraction_Review-g1397844-d15244550-Reviews-Centro_Benessere_Debora-Bagnacavallo_Province_of_Ravenna_Emilia_Romagna.html, /Attractions-g1397844-Activities-Bagnacavallo_Province_of_Ravenna_Emilia_Romagna.html
