attraction_name, attraction_rate, attraction_type, attraction_url, attraction_parent_url
Canyon Rio Sass, 4.5, Nature & Parks, /Attraction_Review-g1186883-d2057756-Reviews-Canyon_Rio_Sass-Fondo_Province_of_Trento_Trentino_Alto_Adige.html, /Attractions-g1186883-Activities-Fondo_Province_of_Trento_Trentino_Alto_Adige.html
Orologio ad Acqua di Fondo, 4.5, Sights & Landmarks, /Attraction_Review-g1186883-d8536142-Reviews-Orologio_ad_Acqua_di_Fondo-Fondo_Province_of_Trento_Trentino_Alto_Adige.html, /Attractions-g1186883-Activities-Fondo_Province_of_Trento_Trentino_Alto_Adige.html
Museo 'La Casa dell'Acqua', 4.5, Museums, /Attraction_Review-g1186883-d12885890-Reviews-Museo_La_Casa_dell_Acqua-Fondo_Province_of_Trento_Trentino_Alto_Adige.html, /Attractions-g1186883-Activities-Fondo_Province_of_Trento_Trentino_Alto_Adige.html
Pista Ciclabile Val Di Non, 4.5, Nature & Parks, /Attraction_Review-g1186883-d12830928-Reviews-Pista_Ciclabile_Val_Di_Non-Fondo_Province_of_Trento_Trentino_Alto_Adige.html, /Attractions-g1186883-Activities-Fondo_Province_of_Trento_Trentino_Alto_Adige.html
Cascata di Tret, 4.5, Outdoor Activities, /Attraction_Review-g3174493-d7070782-Reviews-Cascata_di_Tret-Tret_Fondo_Province_of_Trento_Trentino_Alto_Adige.html, /Attractions-g1186883-Activities-Fondo_Province_of_Trento_Trentino_Alto_Adige.html
Lago Smeraldo, 4.0, Outdoor Activities, /Attraction_Review-g1186883-d4327366-Reviews-Lago_Smeraldo-Fondo_Province_of_Trento_Trentino_Alto_Adige.html, /Attractions-g1186883-Activities-Fondo_Province_of_Trento_Trentino_Alto_Adige.html
Chiesa San Martino, 5.0, Sights & Landmarks, /Attraction_Review-g1186883-d20213649-Reviews-Chiesa_San_Martino-Fondo_Province_of_Trento_Trentino_Alto_Adige.html, /Attractions-g1186883-Activities-Fondo_Province_of_Trento_Trentino_Alto_Adige.html
Latteria Sociale Di Fondo S.r.l., 4.0, Shopping, /Attraction_Review-g1186883-d22867257-Reviews-Latteria_Sociale_Di_Fondo_S_r_l-Fondo_Province_of_Trento_Trentino_Alto_Adige.html, /Attractions-g1186883-Activities-Fondo_Province_of_Trento_Trentino_Alto_Adige.html
Chiesa di Santa Lucia, None, Sights & Landmarks, /Attraction_Review-g1186883-d20213665-Reviews-Chiesa_di_Santa_Lucia-Fondo_Province_of_Trento_Trentino_Alto_Adige.html, /Attractions-g1186883-Activities-Fondo_Province_of_Trento_Trentino_Alto_Adige.html
Castel Vasio, None, Sights & Landmarks, /Attraction_Review-g1186883-d20208799-Reviews-Castel_Vasio-Fondo_Province_of_Trento_Trentino_Alto_Adige.html, /Attractions-g1186883-Activities-Fondo_Province_of_Trento_Trentino_Alto_Adige.html
Parco GiochI, None, Fun & Games, /Attraction_Review-g1186883-d21300652-Reviews-Parco_GiochI-Fondo_Province_of_Trento_Trentino_Alto_Adige.html, /Attractions-g1186883-Activities-Fondo_Province_of_Trento_Trentino_Alto_Adige.html
