attraction_name, attraction_rate, attraction_type, attraction_url, attraction_parent_url
Pappafico Beach e Club, None, Nightlife, /Attraction_Review-g1184825-d6940288-Reviews-Pappafico_Beach_e_Club-Bee_Lake_Maggiore_Piedmont.html, /Attractions-g1184825-Activities-Bee_Lake_Maggiore_Piedmont.html
Chiesa Madonna Addolorata, None, Sights & Landmarks, /Attraction_Review-g1184825-d15042827-Reviews-Chiesa_Madonna_Addolorata-Bee_Lake_Maggiore_Piedmont.html, /Attractions-g1184825-Activities-Bee_Lake_Maggiore_Piedmont.html
Albagnano Healing Meditation Centre, None, Sights & Landmarks, /Attraction_Review-g1184825-d15207640-Reviews-Albagnano_Healing_Meditation_Centre-Bee_Lake_Maggiore_Piedmont.html, /Attractions-g1184825-Activities-Bee_Lake_Maggiore_Piedmont.html
Chiesa Madonna della Neve, None, Sights & Landmarks, /Attraction_Review-g1184825-d15042828-Reviews-Chiesa_Madonna_della_Neve-Bee_Lake_Maggiore_Piedmont.html, /Attractions-g1184825-Activities-Bee_Lake_Maggiore_Piedmont.html
Chiesa Parrocchiale di Santa Croce, None, Sights & Landmarks, /Attraction_Review-g1184825-d15042795-Reviews-Chiesa_Parrocchiale_di_Santa_Croce-Bee_Lake_Maggiore_Piedmont.html, /Attractions-g1184825-Activities-Bee_Lake_Maggiore_Piedmont.html
Chiesa Nativita di Maria , None, Sights & Landmarks, /Attraction_Review-g1184825-d15042825-Reviews-Chiesa_Nativita_di_Maria-Bee_Lake_Maggiore_Piedmont.html, /Attractions-g1184825-Activities-Bee_Lake_Maggiore_Piedmont.html
