attraction_name, attraction_rate, attraction_type, attraction_url, attraction_parent_url
Grotta di San Michele Arcangelo, 5.0, Nature & Parks, /Attraction_Review-g194713-d11506346-Reviews-Grotta_di_San_Michele_Arcangelo-Caserta_Province_of_Caserta_Campania.html, /Attractions-g194713-Activities-Caserta_Province_of_Caserta_Campania.html
Lapide dell'Eccidio di Garzano, 3.5, Sights & Landmarks, /Attraction_Review-g194713-d6078929-Reviews-Lapide_dell_Eccidio_di_Garzano-Caserta_Province_of_Caserta_Campania.html, /Attractions-g194713-Activities-Caserta_Province_of_Caserta_Campania.html
Fontana Di Via Giulia, 3.0, Sights & Landmarks, /Attraction_Review-g194713-d6104301-Reviews-Fontana_Di_Via_Giulia-Caserta_Province_of_Caserta_Campania.html, /Attractions-g194713-Activities-Caserta_Province_of_Caserta_Campania.html
Chiesa Parrocchiale di Nostra Signora di Lourdes, 1.0, Sights & Landmarks, /Attraction_Review-g194713-d13222174-Reviews-Chiesa_Parrocchiale_di_Nostra_Signora_di_Lourdes-Caserta_Province_of_Caserta_Cam.html, /Attractions-g194713-Activities-Caserta_Province_of_Caserta_Campania.html
Ente Provinciale per il Turismo, 4.0, Traveller Resources, /Attraction_Review-g194713-d11865696-Reviews-Ente_Provinciale_per_il_Turismo-Caserta_Province_of_Caserta_Campania.html, /Attractions-g194713-Activities-Caserta_Province_of_Caserta_Campania.html
Chiesa dei Santi Gennaro e Giuseppe, 4.0, Sights & Landmarks, /Attraction_Review-g194713-d4304398-Reviews-Chiesa_dei_Santi_Gennaro_e_Giuseppe-Caserta_Province_of_Caserta_Campania.html, /Attractions-g194713-Activities-Caserta_Province_of_Caserta_Campania.html
Archivio di Stato, 3.5, Traveller Resources, /Attraction_Review-g194713-d11907038-Reviews-Archivio_di_Stato-Caserta_Province_of_Caserta_Campania.html, /Attractions-g194713-Activities-Caserta_Province_of_Caserta_Campania.html
Galleria d'Arte Nicola Pedana, 4.0, Sights & Landmarks, /Attraction_Review-g194713-d6122642-Reviews-Galleria_d_Arte_Nicola_Pedana-Caserta_Province_of_Caserta_Campania.html, /Attractions-g194713-Activities-Caserta_Province_of_Caserta_Campania.html
Sacrario dei Caduti dell'Aeronautica, 4.0, Sights & Landmarks, /Attraction_Review-g194713-d4242144-Reviews-Sacrario_dei_Caduti_dell_Aeronautica-Caserta_Province_of_Caserta_Campania.html, /Attractions-g194713-Activities-Caserta_Province_of_Caserta_Campania.html
Piazza Dante, 3.0, Sights & Landmarks, /Attraction_Review-g194713-d16692599-Reviews-Piazza_Dante-Caserta_Province_of_Caserta_Campania.html, /Attractions-g194713-Activities-Caserta_Province_of_Caserta_Campania.html
Chiesa di Santa Maria delle Grazie, 4.0, Sights & Landmarks, /Attraction_Review-g194713-d11733575-Reviews-Chiesa_di_Santa_Maria_delle_Grazie-Caserta_Province_of_Caserta_Campania.html, /Attractions-g194713-Activities-Caserta_Province_of_Caserta_Campania.html
Monumento ai Caduti di Casertavecchia, 3.0, Sights & Landmarks, /Attraction_Review-g194713-d6121603-Reviews-Monumento_ai_Caduti_di_Casertavecchia-Caserta_Province_of_Caserta_Campania.html, /Attractions-g194713-Activities-Caserta_Province_of_Caserta_Campania.html
Castello di Torregalli, 4.0, Sights & Landmarks, /Attraction_Review-g7152044-d12820490-Reviews-Castello_di_Torregalli-Casertavecchia_Caserta_Province_of_Caserta_Campania.html, /Attractions-g194713-Activities-Caserta_Province_of_Caserta_Campania.html
Castello di Casertavecchia, 3.5, Sights & Landmarks, /Attraction_Review-g7152044-d4163425-Reviews-Castello_di_Casertavecchia-Casertavecchia_Caserta_Province_of_Caserta_Campania.html, /Attractions-g194713-Activities-Caserta_Province_of_Caserta_Campania.html
Piazza Vescovado&& Casertavecchia, 4.0, Sights & Landmarks, /Attraction_Review-g7152044-d21120278-Reviews-Piazza_Vescovado_Casertavecchia-Casertavecchia_Caserta_Province_of_Caserta_Camp.html, /Attractions-g194713-Activities-Caserta_Province_of_Caserta_Campania.html
Palazzo al Boschetto, None, Sights & Landmarks, /Attraction_Review-g194713-d4167194-Reviews-Palazzo_al_Boschetto-Caserta_Province_of_Caserta_Campania.html, /Attractions-g194713-Activities-Caserta_Province_of_Caserta_Campania.html
Cappella della Confraternita di San Giovanni Battista, None, Sights & Landmarks, /Attraction_Review-g194713-d4343672-Reviews-Cappella_della_Confraternita_di_San_Giovanni_Battista-Caserta_Province_of_Caserta.html, /Attractions-g194713-Activities-Caserta_Province_of_Caserta_Campania.html
Galleria Art&Co, None, Sights & Landmarks, /Attraction_Review-g194713-d6121609-Reviews-Galleria_Art_Co-Caserta_Province_of_Caserta_Campania.html, /Attractions-g194713-Activities-Caserta_Province_of_Caserta_Campania.html
Piazza Carlo III, None, Sights & Landmarks, /Attraction_Review-g194713-d13004442-Reviews-Piazza_Carlo_III-Caserta_Province_of_Caserta_Campania.html, /Attractions-g194713-Activities-Caserta_Province_of_Caserta_Campania.html
Palazzo dei Granili, None, Sights & Landmarks, /Attraction_Review-g194713-d13004446-Reviews-Palazzo_dei_Granili-Caserta_Province_of_Caserta_Campania.html, /Attractions-g194713-Activities-Caserta_Province_of_Caserta_Campania.html
Palazzo delle Quattro Colonne, None, Sights & Landmarks, /Attraction_Review-g194713-d13004448-Reviews-Palazzo_delle_Quattro_Colonne-Caserta_Province_of_Caserta_Campania.html, /Attractions-g194713-Activities-Caserta_Province_of_Caserta_Campania.html
Palazzo Acquaviva, None, Sights & Landmarks, /Attraction_Review-g194713-d13004451-Reviews-Palazzo_Acquaviva-Caserta_Province_of_Caserta_Campania.html, /Attractions-g194713-Activities-Caserta_Province_of_Caserta_Campania.html
Biblioteca Diocesana di Caserta, None, Traveller Resources, /Attraction_Review-g194713-d12260046-Reviews-Biblioteca_Diocesana_di_Caserta-Caserta_Province_of_Caserta_Campania.html, /Attractions-g194713-Activities-Caserta_Province_of_Caserta_Campania.html
Biblioteca Comunale Alfonso Ruggiero, None, Traveller Resources, /Attraction_Review-g194713-d12260063-Reviews-Biblioteca_Comunale_Alfonso_Ruggiero-Caserta_Province_of_Caserta_Campania.html, /Attractions-g194713-Activities-Caserta_Province_of_Caserta_Campania.html
Chiesa Parrocchiale del Santissimo Salvatore e di Sant'Andrea, None, Sights & Landmarks, /Attraction_Review-g9885748-d13461845-Reviews-Chiesa_Parrocchiale_del_Santissimo_Salvatore_e_di_Sant_Andrea-Casola_Caserta_Pr.html, /Attractions-g194713-Activities-Caserta_Province_of_Caserta_Campania.html
Gold Slot, None, Casinos & Gambling, /Attraction_Review-g194713-d13449557-Reviews-Gold_Slot-Caserta_Province_of_Caserta_Campania.html, /Attractions-g194713-Activities-Caserta_Province_of_Caserta_Campania.html
Chiesa di San Simeone Profeta, None, Sights & Landmarks, /Attraction_Review-g194713-d13222128-Reviews-Chiesa_di_San_Simeone_Profeta-Caserta_Province_of_Caserta_Campania.html, /Attractions-g194713-Activities-Caserta_Province_of_Caserta_Campania.html
Stadio Alberto Pinto, None, Sights & Landmarks, /Attraction_Review-g194713-d13222177-Reviews-Stadio_Alberto_Pinto-Caserta_Province_of_Caserta_Campania.html, /Attractions-g194713-Activities-Caserta_Province_of_Caserta_Campania.html
Centro Sportivo Talamonti, None, Sights & Landmarks, /Attraction_Review-g194713-d14032278-Reviews-Centro_Sportivo_Talamonti-Caserta_Province_of_Caserta_Campania.html, /Attractions-g194713-Activities-Caserta_Province_of_Caserta_Campania.html
Aa29 Project Room, None, Museums, /Attraction_Review-g194713-d18921080-Reviews-Aa29_Project_Room-Caserta_Province_of_Caserta_Campania.html, /Attractions-g194713-Activities-Caserta_Province_of_Caserta_Campania.html
