attraction_name, attraction_rate, attraction_type, attraction_url, attraction_parent_url
Parco Vecchio Mulino, 5.0, Nature & Parks, /Attraction_Review-g3174692-d14040561-Reviews-Parco_Vecchio_Mulino-Montefalcione_Province_of_Avellino_Campania.html, /Attractions-g3174692-Activities-Montefalcione_Province_of_Avellino_Campania.html
Sertura, 5.0, Food & Drink, /Attraction_Review-g3174692-d19857576-Reviews-Sertura-Montefalcione_Province_of_Avellino_Campania.html, /Attractions-g3174692-Activities-Montefalcione_Province_of_Avellino_Campania.html
Donnachiara, 5.0, Food & Drink, /Attraction_Review-g3174692-d10325148-Reviews-Donnachiara-Montefalcione_Province_of_Avellino_Campania.html, /Attractions-g3174692-Activities-Montefalcione_Province_of_Avellino_Campania.html
Sertura Vini d'Irpinia, 5.0, Food & Drink, /Attraction_Review-g3174692-d19859351-Reviews-Sertura_Vini_d_Irpinia-Montefalcione_Province_of_Avellino_Campania.html, /Attractions-g3174692-Activities-Montefalcione_Province_of_Avellino_Campania.html
Confraternita della Buona Morte, 3.0, Sights & Landmarks, /Attraction_Review-g3174692-d12562748-Reviews-Confraternita_della_Buona_Morte-Montefalcione_Province_of_Avellino_Campania.html, /Attractions-g3174692-Activities-Montefalcione_Province_of_Avellino_Campania.html
Cantina Macchia dei briganti, 5.0, Food & Drink, /Attraction_Review-g3174692-d21207821-Reviews-Cantina_Macchia_dei_briganti-Montefalcione_Province_of_Avellino_Campania.html, /Attractions-g3174692-Activities-Montefalcione_Province_of_Avellino_Campania.html
Chiesa di Sant'Antonio di Padova, None, Sights & Landmarks, /Attraction_Review-g3174692-d12948501-Reviews-Chiesa_di_Sant_Antonio_di_Padova-Montefalcione_Province_of_Avellino_Campania.html, /Attractions-g3174692-Activities-Montefalcione_Province_of_Avellino_Campania.html
Pietra delle 10P, None, Sights & Landmarks, /Attraction_Review-g3174692-d19969899-Reviews-Pietra_delle_10P-Montefalcione_Province_of_Avellino_Campania.html, /Attractions-g3174692-Activities-Montefalcione_Province_of_Avellino_Campania.html
