attraction_name, attraction_rate, attraction_type, attraction_url, attraction_parent_url
Dolina Celtica, 5.0, Sights & Landmarks, /Attraction_Review-g2359838-d8660735-Reviews-Dolina_Celtica-Basovizza_Trieste_Province_of_Trieste_Friuli_Venezia_Giulia.html, /Attractions-g187813-Activities-Trieste_Province_of_Trieste_Friuli_Venezia_Giulia.html
Statua di James Joyce, 4.0, Sights & Landmarks, /Attraction_Review-g187813-d10158921-Reviews-Statua_di_James_Joyce-Trieste_Province_of_Trieste_Friuli_Venezia_Giulia.html, /Attractions-g187813-Activities-Trieste_Province_of_Trieste_Friuli_Venezia_Giulia.html
Foiba 149, 4.5, Sights & Landmarks, /Attraction_Review-g1087659-d4694544-Reviews-Foiba_149-Villa_Opicina_Trieste_Province_of_Trieste_Friuli_Venezia_Giulia.html, /Attractions-g187813-Activities-Trieste_Province_of_Trieste_Friuli_Venezia_Giulia.html
Tempio Mariano di Monte Grisa, 3.5, Sights & Landmarks, /Attraction_Review-g187813-d2175981-Reviews-Tempio_Mariano_di_Monte_Grisa-Trieste_Province_of_Trieste_Friuli_Venezia_Giulia.html, /Attractions-g187813-Activities-Trieste_Province_of_Trieste_Friuli_Venezia_Giulia.html
Le Ragazze di Trieste, 4.5, Sights & Landmarks, /Attraction_Review-g187813-d12195555-Reviews-Le_Ragazze_di_Trieste-Trieste_Province_of_Trieste_Friuli_Venezia_Giulia.html, /Attractions-g187813-Activities-Trieste_Province_of_Trieste_Friuli_Venezia_Giulia.html
First World War Austro-Hungarian Military Cemetery, 4.0, Sights & Landmarks, /Attraction_Review-g2625544-d6931566-Reviews-First_World_War_Austro_Hungarian_Military_Cemetery-Prosecco_Trieste_Province_of_.html, /Attractions-g187813-Activities-Trieste_Province_of_Trieste_Friuli_Venezia_Giulia.html
Museo d’Antichita “J.J. Winckelmann”, 4.0, Museums, /Attraction_Review-g187813-d600936-Reviews-Museo_d_Antichita_J_J_Winckelmann-Trieste_Province_of_Trieste_Friuli_Venezia_Giuli.html, /Attractions-g187813-Activities-Trieste_Province_of_Trieste_Friuli_Venezia_Giulia.html
Civico Museo Sartorio, 4.5, Museums, /Attraction_Review-g187813-d2346057-Reviews-Civico_Museo_Sartorio-Trieste_Province_of_Trieste_Friuli_Venezia_Giulia.html, /Attractions-g187813-Activities-Trieste_Province_of_Trieste_Friuli_Venezia_Giulia.html
Civico Museo d'Arte Orientale, 4.5, Museums, /Attraction_Review-g187813-d3210524-Reviews-Civico_Museo_d_Arte_Orientale-Trieste_Province_of_Trieste_Friuli_Venezia_Giulia.html, /Attractions-g187813-Activities-Trieste_Province_of_Trieste_Friuli_Venezia_Giulia.html
Giardino Storico di Villa Revoltella, 4.5, Nature & Parks, /Attraction_Review-g187813-d8134102-Reviews-Giardino_Storico_di_Villa_Revoltella-Trieste_Province_of_Trieste_Friuli_Venezia_G.html, /Attractions-g187813-Activities-Trieste_Province_of_Trieste_Friuli_Venezia_Giulia.html
Teatro Romano di Trieste, 4.0, Sights & Landmarks, /Attraction_Review-g187813-d3216618-Reviews-Teatro_Romano_di_Trieste-Trieste_Province_of_Trieste_Friuli_Venezia_Giulia.html, /Attractions-g187813-Activities-Trieste_Province_of_Trieste_Friuli_Venezia_Giulia.html
Albero monumentale - Sequoia, 5.0, Sights & Landmarks, /Attraction_Review-g4327346-d12536068-Reviews-Albero_monumentale_Sequoia-Grignano_Trieste_Province_of_Trieste_Friuli_Venezia_.html, /Attractions-g187813-Activities-Trieste_Province_of_Trieste_Friuli_Venezia_Giulia.html
Opicina Tramway, 4.0, Transportation, /Attraction_Review-g187813-d2080615-Reviews-Opicina_Tramway-Trieste_Province_of_Trieste_Friuli_Venezia_Giulia.html, /Attractions-g187813-Activities-Trieste_Province_of_Trieste_Friuli_Venezia_Giulia.html
Civico Museo del Mare, 4.0, Museums, /Attraction_Review-g187813-d591547-Reviews-Civico_Museo_del_Mare-Trieste_Province_of_Trieste_Friuli_Venezia_Giulia.html, /Attractions-g187813-Activities-Trieste_Province_of_Trieste_Friuli_Venezia_Giulia.html
Trieste Centrale Railway Station, 3.5, Sights & Landmarks, /Attraction_Review-g187813-d10163942-Reviews-Trieste_Centrale_Railway_Station-Trieste_Province_of_Trieste_Friuli_Venezia_Giul.html, /Attractions-g187813-Activities-Trieste_Province_of_Trieste_Friuli_Venezia_Giulia.html
Civico Museo della Guerra per la Pace Diego de Henriquez, 4.5, Museums, /Attraction_Review-g187813-d6954521-Reviews-Civico_Museo_della_Guerra_per_la_Pace_Diego_de_Henriquez-Trieste_Province_of_Trie.html, /Attractions-g187813-Activities-Trieste_Province_of_Trieste_Friuli_Venezia_Giulia.html
Palazzo del Municipio, 4.5, Sights & Landmarks, /Attraction_Review-g187813-d10105475-Reviews-Palazzo_del_Municipio-Trieste_Province_of_Trieste_Friuli_Venezia_Giulia.html, /Attractions-g187813-Activities-Trieste_Province_of_Trieste_Friuli_Venezia_Giulia.html
Bagni comunali Lanterna, 4.5, Nature & Parks, /Attraction_Review-g187813-d8442523-Reviews-Bagni_comunali_Lanterna-Trieste_Province_of_Trieste_Friuli_Venezia_Giulia.html, /Attractions-g187813-Activities-Trieste_Province_of_Trieste_Friuli_Venezia_Giulia.html
Il Magazzino dei Venti (Museo della Bora), 5.0, Museums, /Attraction_Review-g187813-d3382377-Reviews-Il_Magazzino_dei_Venti_Museo_della_Bora-Trieste_Province_of_Trieste_Friuli_Venezi.html, /Attractions-g187813-Activities-Trieste_Province_of_Trieste_Friuli_Venezia_Giulia.html
Acquario Marino, 3.0, Zoos & Aquariums, /Attraction_Review-g187813-d591551-Reviews-Acquario_Marino-Trieste_Province_of_Trieste_Friuli_Venezia_Giulia.html, /Attractions-g187813-Activities-Trieste_Province_of_Trieste_Friuli_Venezia_Giulia.html
Stadio - Nereo Rocco, 4.5, Sights & Landmarks, /Attraction_Review-g187813-d11876558-Reviews-Stadio_Nereo_Rocco-Trieste_Province_of_Trieste_Friuli_Venezia_Giulia.html, /Attractions-g187813-Activities-Trieste_Province_of_Trieste_Friuli_Venezia_Giulia.html
Botanical Garden of Trieste, 4.5, Nature & Parks, /Attraction_Review-g187813-d4469461-Reviews-Botanical_Garden_of_Trieste-Trieste_Province_of_Trieste_Friuli_Venezia_Giulia.html, /Attractions-g187813-Activities-Trieste_Province_of_Trieste_Friuli_Venezia_Giulia.html
Chiesa di Sant'Antonio Nuovo, 4.0, Sights & Landmarks, /Attraction_Review-g187813-d4736471-Reviews-Chiesa_di_Sant_Antonio_Nuovo-Trieste_Province_of_Trieste_Friuli_Venezia_Giulia.html, /Attractions-g187813-Activities-Trieste_Province_of_Trieste_Friuli_Venezia_Giulia.html
Museo della Pesca del Litorale Triestino, 4.5, Museums, /Attraction_Review-g1587630-d11506318-Reviews-Museo_della_Pesca_del_Litorale_Triestino-Santa_Croce_Trieste_Province_of_Triest.html, /Attractions-g187813-Activities-Trieste_Province_of_Trieste_Friuli_Venezia_Giulia.html
Borsa Vecchia, 4.0, Sights & Landmarks, /Attraction_Review-g187813-d2702274-Reviews-Borsa_Vecchia-Trieste_Province_of_Trieste_Friuli_Venezia_Giulia.html, /Attractions-g187813-Activities-Trieste_Province_of_Trieste_Friuli_Venezia_Giulia.html
Arco di Riccardo, 4.0, Sights & Landmarks, /Attraction_Review-g187813-d593043-Reviews-Arco_di_Riccardo-Trieste_Province_of_Trieste_Friuli_Venezia_Giulia.html, /Attractions-g187813-Activities-Trieste_Province_of_Trieste_Friuli_Venezia_Giulia.html
Civico Museo della Civiltà Istriana Fiumana e Dalmata, 4.5, Museums, /Attraction_Review-g187813-d5602662-Reviews-Civico_Museo_della_Civilta_Istriana_Fiumana_e_Dalmata-Trieste_Province_of_Trieste.html, /Attractions-g187813-Activities-Trieste_Province_of_Trieste_Friuli_Venezia_Giulia.html
La Pista Ciclopedonale Giordano Cottur, 4.5, Nature & Parks, /Attraction_Review-g187813-d11488980-Reviews-La_Pista_Ciclopedonale_Giordano_Cottur-Trieste_Province_of_Trieste_Friuli_Venezi.html, /Attractions-g187813-Activities-Trieste_Province_of_Trieste_Friuli_Venezia_Giulia.html
Belvedere Obelisco di Opicina, 4.5, Sights & Landmarks, /Attraction_Review-g187813-d10158954-Reviews-Belvedere_Obelisco_di_Opicina-Trieste_Province_of_Trieste_Friuli_Venezia_Giulia.html, /Attractions-g187813-Activities-Trieste_Province_of_Trieste_Friuli_Venezia_Giulia.html
Palazzo del Lloyd Triestino (oggi della Giunta Regionale), 4.5, Sights & Landmarks, /Attraction_Review-g187813-d10163943-Reviews-Palazzo_del_Lloyd_Triestino_oggi_della_Giunta_Regionale-Trieste_Province_of_Trie.html, /Attractions-g187813-Activities-Trieste_Province_of_Trieste_Friuli_Venezia_Giulia.html
