attraction_name, attraction_rate, attraction_type, attraction_url, attraction_parent_url
Torre campanaria di San Bartolomeo, None, Sights & Landmarks, /Attraction_Review-g776108-d19487548-Reviews-Torre_campanaria_di_San_Bartolomeo-Sambuco_Province_of_Cuneo_Piedmont.html, /Attractions-g776108-Activities-Sambuco_Province_of_Cuneo_Piedmont.html
Chiesa San Giuliano, None, Sights & Landmarks, /Attraction_Review-g776108-d19487547-Reviews-Chiesa_San_Giuliano-Sambuco_Province_of_Cuneo_Piedmont.html, /Attractions-g776108-Activities-Sambuco_Province_of_Cuneo_Piedmont.html
Chiesa San Lorenzo, None, Sights & Landmarks, /Attraction_Review-g776108-d19487549-Reviews-Chiesa_San_Lorenzo-Sambuco_Province_of_Cuneo_Piedmont.html, /Attractions-g776108-Activities-Sambuco_Province_of_Cuneo_Piedmont.html
Chiesa della Madonna del Roccasio, None, Sights & Landmarks, /Attraction_Review-g776108-d19487545-Reviews-Chiesa_della_Madonna_del_Roccasio-Sambuco_Province_of_Cuneo_Piedmont.html, /Attractions-g776108-Activities-Sambuco_Province_of_Cuneo_Piedmont.html
