attraction_name, attraction_rate, attraction_type, attraction_url, attraction_parent_url
Santuario della Madonna degli Angeli, 4.5, Sights & Landmarks, /Attraction_Review-g3724189-d8497674-Reviews-Santuario_della_Madonna_degli_Angeli-Cicciano_Province_of_Naples_Campania.html, /Attractions-g3724189-Activities-Cicciano_Province_of_Naples_Campania.html
Immacolata Concezione Church, 5.0, Sights & Landmarks, /Attraction_Review-g3724189-d4737718-Reviews-Immacolata_Concezione_Church-Cicciano_Province_of_Naples_Campania.html, /Attractions-g3724189-Activities-Cicciano_Province_of_Naples_Campania.html
Castello di Cicciano, 5.0, Sights & Landmarks, /Attraction_Review-g3724189-d11725777-Reviews-Castello_di_Cicciano-Cicciano_Province_of_Naples_Campania.html, /Attractions-g3724189-Activities-Cicciano_Province_of_Naples_Campania.html
Chiesa di San Pietro, 5.0, Sights & Landmarks, /Attraction_Review-g3724189-d10342675-Reviews-Chiesa_di_San_Pietro-Cicciano_Province_of_Naples_Campania.html, /Attractions-g3724189-Activities-Cicciano_Province_of_Naples_Campania.html
Biblioteca Comunale, 5.0, Traveller Resources, /Attraction_Review-g3724189-d11725804-Reviews-Biblioteca_Comunale-Cicciano_Province_of_Naples_Campania.html, /Attractions-g3724189-Activities-Cicciano_Province_of_Naples_Campania.html
Chiesa di S. Giacomo, 5.0, Sights & Landmarks, /Attraction_Review-g3724189-d11725785-Reviews-Chiesa_di_S_Giacomo-Cicciano_Province_of_Naples_Campania.html, /Attractions-g3724189-Activities-Cicciano_Province_of_Naples_Campania.html
Chiesa di Sant'Anna, 5.0, Sights & Landmarks, /Attraction_Review-g3724189-d10342509-Reviews-Chiesa_di_Sant_Anna-Cicciano_Province_of_Naples_Campania.html, /Attractions-g3724189-Activities-Cicciano_Province_of_Naples_Campania.html
Pasticceria D'Angio, 4.5, Nightlife, /Attraction_Review-g3724189-d5932634-Reviews-Pasticceria_D_Angio-Cicciano_Province_of_Naples_Campania.html, /Attractions-g3724189-Activities-Cicciano_Province_of_Naples_Campania.html
Chiesa del Corpo di Cristo, None, Sights & Landmarks, /Attraction_Review-g3724189-d10342645-Reviews-Chiesa_del_Corpo_di_Cristo-Cicciano_Province_of_Naples_Campania.html, /Attractions-g3724189-Activities-Cicciano_Province_of_Naples_Campania.html
