attraction_name, attraction_rate, attraction_type, attraction_url, attraction_parent_url
Massimago Winery, 5.0, Food & Drink, /Attraction_Review-g2357600-d8071899-Reviews-Massimago_Winery-Mezzane_di_Sotto_Province_of_Verona_Veneto.html, /Attractions-g2357600-Activities-Mezzane_di_Sotto_Province_of_Verona_Veneto.html
Le Guaite di Noemi, 5.0, Food & Drink, /Attraction_Review-g2357600-d15191063-Reviews-Le_Guaite_di_Noemi-Mezzane_di_Sotto_Province_of_Verona_Veneto.html, /Attractions-g2357600-Activities-Mezzane_di_Sotto_Province_of_Verona_Veneto.html
Roccolo Grassi, 5.0, Food & Drink, /Attraction_Review-g2357600-d7100173-Reviews-Roccolo_Grassi-Mezzane_di_Sotto_Province_of_Verona_Veneto.html, /Attractions-g2357600-Activities-Mezzane_di_Sotto_Province_of_Verona_Veneto.html
Chiesa di Santa Maria Assunta, None, Sights & Landmarks, /Attraction_Review-g2357600-d19719547-Reviews-Chiesa_di_Santa_Maria_Assunta-Mezzane_di_Sotto_Province_of_Verona_Veneto.html, /Attractions-g2357600-Activities-Mezzane_di_Sotto_Province_of_Verona_Veneto.html
Massimago, None, Food & Drink, /Attraction_Review-g2357600-d21012847-Reviews-Massimago-Mezzane_di_Sotto_Province_of_Verona_Veneto.html, /Attractions-g2357600-Activities-Mezzane_di_Sotto_Province_of_Verona_Veneto.html
