attraction_name, attraction_rate, attraction_type, attraction_url, attraction_parent_url
MMape • Mulino Museo dell'ape, 5.0, Museums, /Attraction_Review-g1924336-d8532456-Reviews-MMape_Mulino_Museo_dell_ape-Croviana_Province_of_Trento_Trentino_Alto_Adige.html, /Attractions-g1924336-Activities-Croviana_Province_of_Trento_Trentino_Alto_Adige.html
Chili Rafting, 4.5, Boat Tours & Water Sports, /Attraction_Review-g1924336-d3244973-Reviews-Chili_Rafting-Croviana_Province_of_Trento_Trentino_Alto_Adige.html, /Attractions-g1924336-Activities-Croviana_Province_of_Trento_Trentino_Alto_Adige.html
Chiesa di San Giorgio, None, Sights & Landmarks, /Attraction_Review-g1924336-d19450453-Reviews-Chiesa_di_San_Giorgio-Croviana_Province_of_Trento_Trentino_Alto_Adige.html, /Attractions-g1924336-Activities-Croviana_Province_of_Trento_Trentino_Alto_Adige.html
Paintball Val di Sole, None, Fun & Games, /Attraction_Review-g1924336-d20481414-Reviews-Paintball_Val_di_Sole-Croviana_Province_of_Trento_Trentino_Alto_Adige.html, /Attractions-g1924336-Activities-Croviana_Province_of_Trento_Trentino_Alto_Adige.html
