attraction_name, attraction_rate, attraction_type, attraction_url, attraction_parent_url
Grotta di San Michele, 4.5, Nature & Parks, /Attraction_Review-g1083755-d3847799-Reviews-Grotta_di_San_Michele-Cagnano_Varano_Province_of_Foggia_Puglia.html, /Attractions-g1083755-Activities-Cagnano_Varano_Province_of_Foggia_Puglia.html
Capoiale, 4.0, Sights & Landmarks, /Attraction_Review-g1083755-d4355077-Reviews-Capoiale-Cagnano_Varano_Province_of_Foggia_Puglia.html, /Attractions-g1083755-Activities-Cagnano_Varano_Province_of_Foggia_Puglia.html
Lago di Varano, 3.5, Nature & Parks, /Attraction_Review-g1083755-d4243473-Reviews-Lago_di_Varano-Cagnano_Varano_Province_of_Foggia_Puglia.html, /Attractions-g1083755-Activities-Cagnano_Varano_Province_of_Foggia_Puglia.html
Chiesa Madre di Santa Maria della Pieta, 4.5, Sights & Landmarks, /Attraction_Review-g1083755-d4437495-Reviews-Chiesa_Madre_di_Santa_Maria_della_Pieta-Cagnano_Varano_Province_of_Foggia_Puglia.html, /Attractions-g1083755-Activities-Cagnano_Varano_Province_of_Foggia_Puglia.html
Palazzo Baronale, 4.0, Sights & Landmarks, /Attraction_Review-g1083755-d4232318-Reviews-Palazzo_Baronale-Cagnano_Varano_Province_of_Foggia_Puglia.html, /Attractions-g1083755-Activities-Cagnano_Varano_Province_of_Foggia_Puglia.html
Idroscalo Ivo Monti, 4.0, Sights & Landmarks, /Attraction_Review-g1083755-d4243144-Reviews-Idroscalo_Ivo_Monti-Cagnano_Varano_Province_of_Foggia_Puglia.html, /Attractions-g1083755-Activities-Cagnano_Varano_Province_of_Foggia_Puglia.html
Museo del Territorio e della Cultura Lagunare, 4.0, Museums, /Attraction_Review-g1083755-d12848874-Reviews-Museo_del_Territorio_e_della_Cultura_Lagunare-Cagnano_Varano_Province_of_Foggia.html, /Attractions-g1083755-Activities-Cagnano_Varano_Province_of_Foggia_Puglia.html
Ponte a Cinque Luci, 2.5, Sights & Landmarks, /Attraction_Review-g1083755-d4355075-Reviews-Ponte_a_Cinque_Luci-Cagnano_Varano_Province_of_Foggia_Puglia.html, /Attractions-g1083755-Activities-Cagnano_Varano_Province_of_Foggia_Puglia.html
Chiesa di San Francesco d'Assisi, None, Sights & Landmarks, /Attraction_Review-g1083755-d13542664-Reviews-Chiesa_di_San_Francesco_d_Assisi-Cagnano_Varano_Province_of_Foggia_Puglia.html, /Attractions-g1083755-Activities-Cagnano_Varano_Province_of_Foggia_Puglia.html
Chiesa di Santa Barbara, None, Sights & Landmarks, /Attraction_Review-g1083755-d15307240-Reviews-Chiesa_di_Santa_Barbara-Cagnano_Varano_Province_of_Foggia_Puglia.html, /Attractions-g1083755-Activities-Cagnano_Varano_Province_of_Foggia_Puglia.html
Capojale Beach Park, None, Outdoor Activities, /Attraction_Review-g1083755-d17804413-Reviews-Capojale_Beach_Park-Cagnano_Varano_Province_of_Foggia_Puglia.html, /Attractions-g1083755-Activities-Cagnano_Varano_Province_of_Foggia_Puglia.html
