attraction_name, attraction_rate, attraction_type, attraction_url, attraction_parent_url
Scuola di Sci Gran San Bernardo, 5.0, Classes & Workshops, /Attraction_Review-g1497864-d12016389-Reviews-Scuola_di_Sci_Gran_San_Bernardo-Saint_Rhemy_en_Bosses_Valle_d_Aosta.html, /Attractions-g1497864-Activities-Saint_Rhemy_en_Bosses_Valle_d_Aosta.html
Impianto Crévacol, 4.0, Nature & Parks, /Attraction_Review-g1497864-d3202713-Reviews-Impianto_Crevacol-Saint_Rhemy_en_Bosses_Valle_d_Aosta.html, /Attractions-g1497864-Activities-Saint_Rhemy_en_Bosses_Valle_d_Aosta.html
Chiesa di San Lorenzo, 3.0, Sights & Landmarks, /Attraction_Review-g1497864-d18930011-Reviews-Chiesa_di_San_Lorenzo-Saint_Rhemy_en_Bosses_Valle_d_Aosta.html, /Attractions-g1497864-Activities-Saint_Rhemy_en_Bosses_Valle_d_Aosta.html
Villa del XVI secolo, None, Sights & Landmarks, /Attraction_Review-g15214885-d14984077-Reviews-Villa_del_XVI_secolo-Ronc_Saint_Rhemy_en_Bosses_Valle_d_Aosta.html, /Attractions-g1497864-Activities-Saint_Rhemy_en_Bosses_Valle_d_Aosta.html
Chiesa di San Leonardo, None, Sights & Landmarks, /Attraction_Review-g1497864-d18967224-Reviews-Chiesa_di_San_Leonardo-Saint_Rhemy_en_Bosses_Valle_d_Aosta.html, /Attractions-g1497864-Activities-Saint_Rhemy_en_Bosses_Valle_d_Aosta.html
