attraction_name, attraction_rate, attraction_type, attraction_url, attraction_parent_url
Il Teatro Jaitas, 5.0, Sights & Landmarks, /Attraction_Review-g1549106-d11638019-Reviews-Il_Teatro_Jaitas-San_Giuseppe_Jato_Province_of_Palermo_Sicily.html, /Attractions-g1549106-Activities-San_Giuseppe_Jato_Province_of_Palermo_Sicily.html
Chiesa Madonna della Provvidenza, 4.0, Sights & Landmarks, /Attraction_Review-g1549106-d11638032-Reviews-Chiesa_Madonna_della_Provvidenza-San_Giuseppe_Jato_Province_of_Palermo_Sicily.html, /Attractions-g1549106-Activities-San_Giuseppe_Jato_Province_of_Palermo_Sicily.html
I Bevai, 4.0, Sights & Landmarks, /Attraction_Review-g1549106-d11635880-Reviews-I_Bevai-San_Giuseppe_Jato_Province_of_Palermo_Sicily.html, /Attractions-g1549106-Activities-San_Giuseppe_Jato_Province_of_Palermo_Sicily.html
Chiesa Anime Sante, 4.0, Sights & Landmarks, /Attraction_Review-g1549106-d11638023-Reviews-Chiesa_Anime_Sante-San_Giuseppe_Jato_Province_of_Palermo_Sicily.html, /Attractions-g1549106-Activities-San_Giuseppe_Jato_Province_of_Palermo_Sicily.html
Chiesa di San Francesco di Paola, 3.5, Sights & Landmarks, /Attraction_Review-g1549106-d11638117-Reviews-Chiesa_di_San_Francesco_di_Paola-San_Giuseppe_Jato_Province_of_Palermo_Sicily.html, /Attractions-g1549106-Activities-San_Giuseppe_Jato_Province_of_Palermo_Sicily.html
Billiard's Cafe, 4.5, Nightlife, /Attraction_Review-g1549106-d6199972-Reviews-Billiard_s_Cafe-San_Giuseppe_Jato_Province_of_Palermo_Sicily.html, /Attractions-g1549106-Activities-San_Giuseppe_Jato_Province_of_Palermo_Sicily.html
Il Quartiere Medievale Giato, None, Sights & Landmarks, /Attraction_Review-g1549106-d11638018-Reviews-Il_Quartiere_Medievale_Giato-San_Giuseppe_Jato_Province_of_Palermo_Sicily.html, /Attractions-g1549106-Activities-San_Giuseppe_Jato_Province_of_Palermo_Sicily.html
Chiesa del Carmelo, None, Sights & Landmarks, /Attraction_Review-g1549106-d11638021-Reviews-Chiesa_del_Carmelo-San_Giuseppe_Jato_Province_of_Palermo_Sicily.html, /Attractions-g1549106-Activities-San_Giuseppe_Jato_Province_of_Palermo_Sicily.html
Chiesa Madrice, None, Sights & Landmarks, /Attraction_Review-g1549106-d11638029-Reviews-Chiesa_Madrice-San_Giuseppe_Jato_Province_of_Palermo_Sicily.html, /Attractions-g1549106-Activities-San_Giuseppe_Jato_Province_of_Palermo_Sicily.html
La Masseria Jato, None, Sights & Landmarks, /Attraction_Review-g1549106-d11638036-Reviews-La_Masseria_Jato-San_Giuseppe_Jato_Province_of_Palermo_Sicily.html, /Attractions-g1549106-Activities-San_Giuseppe_Jato_Province_of_Palermo_Sicily.html
La Masseria Traversa, None, Sights & Landmarks, /Attraction_Review-g1549106-d11638048-Reviews-La_Masseria_Traversa-San_Giuseppe_Jato_Province_of_Palermo_Sicily.html, /Attractions-g1549106-Activities-San_Giuseppe_Jato_Province_of_Palermo_Sicily.html
Il Mulino del Principe, None, Sights & Landmarks, /Attraction_Review-g1549106-d11637833-Reviews-Il_Mulino_del_Principe-San_Giuseppe_Jato_Province_of_Palermo_Sicily.html, /Attractions-g1549106-Activities-San_Giuseppe_Jato_Province_of_Palermo_Sicily.html
La Masseria Dammusi, None, Sights & Landmarks, /Attraction_Review-g1549106-d11638049-Reviews-La_Masseria_Dammusi-San_Giuseppe_Jato_Province_of_Palermo_Sicily.html, /Attractions-g1549106-Activities-San_Giuseppe_Jato_Province_of_Palermo_Sicily.html
