attraction_name, attraction_rate, attraction_type, attraction_url, attraction_parent_url
Benaco 70 Craft Brewery, 5.0, Food & Drink, /Attraction_Review-g1050055-d12183209-Reviews-Benaco_70_Craft_Brewery-Affi_Province_of_Verona_Veneto.html, /Attractions-g1050055-Activities-Affi_Province_of_Verona_Veneto.html
Grand'Affi Shopping Center, 4.0, Shopping, /Attraction_Review-g1050055-d5223519-Reviews-Grand_Affi_Shopping_Center-Affi_Province_of_Verona_Veneto.html, /Attractions-g1050055-Activities-Affi_Province_of_Verona_Veneto.html
Cantina Caorsa, 4.0, Food & Drink, /Attraction_Review-g1050055-d10205420-Reviews-Cantina_Caorsa-Affi_Province_of_Verona_Veneto.html, /Attractions-g1050055-Activities-Affi_Province_of_Verona_Veneto.html
Centro Storico di Affi, 4.5, Sights & Landmarks, /Attraction_Review-g1050055-d12664268-Reviews-Centro_Storico_di_Affi-Affi_Province_of_Verona_Veneto.html, /Attractions-g1050055-Activities-Affi_Province_of_Verona_Veneto.html
Villa Elena da Persico di Affi, 3.0, Sights & Landmarks, /Attraction_Review-g1050055-d10701515-Reviews-Villa_Elena_da_Persico_di_Affi-Affi_Province_of_Verona_Veneto.html, /Attractions-g1050055-Activities-Affi_Province_of_Verona_Veneto.html
Villa Fracastoro, 3.0, Sights & Landmarks, /Attraction_Review-g1050055-d10701513-Reviews-Villa_Fracastoro-Affi_Province_of_Verona_Veneto.html, /Attractions-g1050055-Activities-Affi_Province_of_Verona_Veneto.html
Outdoorplanet - Lago di Garda, 5.0, Tours, /Attraction_Review-g1050055-d10793164-Reviews-Outdoorplanet_Lago_di_Garda-Affi_Province_of_Verona_Veneto.html, /Attractions-g1050055-Activities-Affi_Province_of_Verona_Veneto.html
Lakescape, 4.5, Fun & Games, /Attraction_Review-g1050055-d12672528-Reviews-Lakescape-Affi_Province_of_Verona_Veneto.html, /Attractions-g1050055-Activities-Affi_Province_of_Verona_Veneto.html
Aqua Thrill, 5.0, Tours, /Attraction_Review-g1050055-d14913718-Reviews-Aqua_Thrill-Affi_Province_of_Verona_Veneto.html, /Attractions-g1050055-Activities-Affi_Province_of_Verona_Veneto.html
Serene Wine Store &amp; More, 5.0, Food & Drink, /Attraction_Review-g1050055-d18968504-Reviews-Serene_Wine_Store_More-Affi_Province_of_Verona_Veneto.html, /Attractions-g1050055-Activities-Affi_Province_of_Verona_Veneto.html
I Rigattieri Del Garda, 5.0, Shopping, /Attraction_Review-g1050055-d6510652-Reviews-I_Rigattieri_Del_Garda-Affi_Province_of_Verona_Veneto.html, /Attractions-g1050055-Activities-Affi_Province_of_Verona_Veneto.html
Parrocchia San Pietro In Vincoli, None, Sights & Landmarks, /Attraction_Review-g1050055-d12870176-Reviews-Parrocchia_San_Pietro_In_Vincoli-Affi_Province_of_Verona_Veneto.html, /Attractions-g1050055-Activities-Affi_Province_of_Verona_Veneto.html
Villa Poggi di Affi, None, Sights & Landmarks, /Attraction_Review-g1050055-d10701509-Reviews-Villa_Poggi_di_Affi-Affi_Province_of_Verona_Veneto.html, /Attractions-g1050055-Activities-Affi_Province_of_Verona_Veneto.html
Loris, None, Museums, /Attraction_Review-g1050055-d10753620-Reviews-Loris-Affi_Province_of_Verona_Veneto.html, /Attractions-g1050055-Activities-Affi_Province_of_Verona_Veneto.html
