attraction_name, attraction_rate, attraction_type, attraction_url, attraction_parent_url
Chiesa Ss Annunziata, None, Sights & Landmarks, /Attraction_Review-g2507118-d19043219-Reviews-Chiesa_Ss_Annunziata-Camerana_Province_of_Cuneo_Piedmont.html, /Attractions-g2507118-Activities-Camerana_Province_of_Cuneo_Piedmont.html
Torre di Camerana, None, Sights & Landmarks, /Attraction_Review-g2507118-d19043232-Reviews-Torre_di_Camerana-Camerana_Province_of_Cuneo_Piedmont.html, /Attractions-g2507118-Activities-Camerana_Province_of_Cuneo_Piedmont.html
Chiesa di S. Antonio, None, Sights & Landmarks, /Attraction_Review-g2507118-d19043218-Reviews-Chiesa_di_S_Antonio-Camerana_Province_of_Cuneo_Piedmont.html, /Attractions-g2507118-Activities-Camerana_Province_of_Cuneo_Piedmont.html
Cappella di San Domenico, None, Sights & Landmarks, /Attraction_Review-g2507118-d19738103-Reviews-Cappella_di_San_Domenico-Camerana_Province_of_Cuneo_Piedmont.html, /Attractions-g2507118-Activities-Camerana_Province_of_Cuneo_Piedmont.html
