attraction_name, attraction_rate, attraction_type, attraction_url, attraction_parent_url
Chiesa di Sant'Antonio Abate, 4.0, Sights & Landmarks, /Attraction_Review-g1183432-d12260197-Reviews-Chiesa_di_Sant_Antonio_Abate-Polizzi_Generosa_Province_of_Palermo_Sicily.html, /Attractions-g187886-Activities-Sicily.html
Castello di Tripi, 3.0, Sights & Landmarks, /Attraction_Review-g673491-d12570905-Reviews-Castello_di_Tripi-Tripi_Province_of_Messina_Sicily.html, /Attractions-g187886-Activities-Sicily.html
Castello dei Principi di Biscari, 3.0, Sights & Landmarks, /Attraction_Review-g2533400-d11629592-Reviews-Castello_dei_Principi_di_Biscari-Acate_Province_of_Ragusa_Sicily.html, /Attractions-g187886-Activities-Sicily.html
Monumento ai Caduti, 4.0, Sights & Landmarks, /Attraction_Review-g194706-d13656638-Reviews-Monumento_ai_Caduti-Caltanissetta_Province_of_Caltanissetta_Sicily.html, /Attractions-g187886-Activities-Sicily.html
Monumento a Baden Powell, 3.0, Sights & Landmarks, /Attraction_Review-g187889-d16657690-Reviews-Monumento_a_Baden_Powell-Messina_Province_of_Messina_Sicily.html, /Attractions-g187886-Activities-Sicily.html
Chiesa delle Anime Sante del Purgatorio, 4.0, Sights & Landmarks, /Attraction_Review-g580232-d17784768-Reviews-Chiesa_delle_Anime_Sante_del_Purgatorio-Piazza_Armerina_Province_of_Enna_Sicily.html, /Attractions-g187886-Activities-Sicily.html
Castello di Roccavaldina, 3.5, Sights & Landmarks, /Attraction_Review-g8734773-d19345826-Reviews-Castello_di_Roccavaldina-Roccavaldina_Province_of_Messina_Sicily.html, /Attractions-g187886-Activities-Sicily.html
Area archeologica demaniale Gibil Gabib, 4.0, Sights & Landmarks, /Attraction_Review-g194706-d247473-Reviews-Area_archeologica_demaniale_Gibil_Gabib-Caltanissetta_Province_of_Caltanissetta_Si.html, /Attractions-g187886-Activities-Sicily.html
Chiesa di San Rocco, 3.5, Sights & Landmarks, /Attraction_Review-g194872-d13170585-Reviews-Chiesa_di_San_Rocco-Ragusa_Province_of_Ragusa_Sicily.html, /Attractions-g187886-Activities-Sicily.html
Chiesa della Candelora, 3.5, Sights & Landmarks, /Attraction_Review-g1973418-d11908577-Reviews-Chiesa_della_Candelora-Castroreale_Province_of_Messina_Sicily.html, /Attractions-g187886-Activities-Sicily.html
Fontana dei Canali, 3.0, Sights & Landmarks, /Attraction_Review-g580232-d17396536-Reviews-Fontana_dei_Canali-Piazza_Armerina_Province_of_Enna_Sicily.html, /Attractions-g187886-Activities-Sicily.html
Chiesa dell'Itria, 3.0, Sights & Landmarks, /Attraction_Review-g1221543-d10859402-Reviews-Chiesa_dell_Itria-Caltabellotta_Province_of_Agrigento_Sicily.html, /Attractions-g187886-Activities-Sicily.html
Chiesa di Santa Lucia, 4.0, Sights & Landmarks, /Attraction_Review-g194872-d19865576-Reviews-Chiesa_di_Santa_Lucia-Ragusa_Province_of_Ragusa_Sicily.html, /Attractions-g187886-Activities-Sicily.html
Chiesa dei Santi Pietro e Paolo, 3.0, Sights & Landmarks, /Attraction_Review-g187889-d13204578-Reviews-Chiesa_dei_Santi_Pietro_e_Paolo-Messina_Province_of_Messina_Sicily.html, /Attractions-g187886-Activities-Sicily.html
Palazzo Trigona Canicarao, 3.5, Sights & Landmarks, /Attraction_Review-g580232-d17801849-Reviews-Palazzo_Trigona_Canicarao-Piazza_Armerina_Province_of_Enna_Sicily.html, /Attractions-g187886-Activities-Sicily.html
Chiesa di Sant’Antonio, 5.0, Sights & Landmarks, /Attraction_Review-g2052578-d11727460-Reviews-Chiesa_di_Sant_Antonio-Calascibetta_Province_of_Enna_Sicily.html, /Attractions-g187886-Activities-Sicily.html
Chiesa Di San Tommaso Apostolo, 3.0, Sights & Landmarks, /Attraction_Review-g194872-d12363662-Reviews-Chiesa_Di_San_Tommaso_Apostolo-Ragusa_Province_of_Ragusa_Sicily.html, /Attractions-g187886-Activities-Sicily.html
Chiesa di Santa Maria Assunta, 3.0, Sights & Landmarks, /Attraction_Review-g5540461-d12809202-Reviews-Chiesa_di_Santa_Maria_Assunta-Ravanusa_Agrigento_Province_of_Agrigento_Sicily.html, /Attractions-g187886-Activities-Sicily.html
Castello di Valguarnera, 3.5, Sights & Landmarks, /Attraction_Review-g1849718-d10962069-Reviews-Castello_di_Valguarnera-Assoro_Province_of_Enna_Sicily.html, /Attractions-g187886-Activities-Sicily.html
Monumento a San Pio da Pietralcina, 4.5, Sights & Landmarks, /Attraction_Review-g777678-d12259958-Reviews-Monumento_a_San_Pio_da_Pietralcina-Caltagirone_Province_of_Catania_Sicily.html, /Attractions-g187886-Activities-Sicily.html
Chiesa di San Pietro, 5.0, Sights & Landmarks, /Attraction_Review-g777678-d7733122-Reviews-Chiesa_di_San_Pietro-Caltagirone_Province_of_Catania_Sicily.html, /Attractions-g187886-Activities-Sicily.html
Chiesa di San Michele Arcangelo, 4.0, Sights & Landmarks, /Attraction_Review-g2533492-d17598634-Reviews-Chiesa_di_San_Michele_Arcangelo-Sambuca_di_Sicilia_Province_of_Agrigento_Sicily.html, /Attractions-g187886-Activities-Sicily.html
La Chiesa del Sacro Carcere dei Tre Santi, 3.0, Sights & Landmarks, /Attraction_Review-g1169500-d13431040-Reviews-La_Chiesa_del_Sacro_Carcere_dei_Tre_Santi-Lentini_Province_of_Syracuse_Sicily.html, /Attractions-g187886-Activities-Sicily.html
Chiesa di Santa Barbara, 2.5, Sights & Landmarks, /Attraction_Review-g194872-d13170560-Reviews-Chiesa_di_Santa_Barbara-Ragusa_Province_of_Ragusa_Sicily.html, /Attractions-g187886-Activities-Sicily.html
Chiesa di Santa Lucia, 3.0, Sights & Landmarks, /Attraction_Review-g1169500-d11909014-Reviews-Chiesa_di_Santa_Lucia-Lentini_Province_of_Syracuse_Sicily.html, /Attractions-g187886-Activities-Sicily.html
Chiesa Madonna delle Lacrime, 2.5, Sights & Landmarks, /Attraction_Review-g1079937-d10455622-Reviews-Chiesa_Madonna_delle_Lacrime-Solarino_Province_of_Syracuse_Sicily.html, /Attractions-g187886-Activities-Sicily.html
Chiesa di San Giuseppe, 4.0, Sights & Landmarks, /Attraction_Review-g777678-d12259924-Reviews-Chiesa_di_San_Giuseppe-Caltagirone_Province_of_Catania_Sicily.html, /Attractions-g187886-Activities-Sicily.html
La Fontana di Scelba, 3.5, Sights & Landmarks, /Attraction_Review-g777678-d12260005-Reviews-La_Fontana_di_Scelba-Caltagirone_Province_of_Catania_Sicily.html, /Attractions-g187886-Activities-Sicily.html
Chiesa Parrochiale di San Francesco d'Assisi, 3.5, Sights & Landmarks, /Attraction_Review-g194872-d13216778-Reviews-Chiesa_Parrochiale_di_San_Francesco_d_Assisi-Ragusa_Province_of_Ragusa_Sicily.html, /Attractions-g187886-Activities-Sicily.html
Palazzo De Spuches, 1.0, Sights & Landmarks, /Attraction_Review-g1593965-d12810995-Reviews-Palazzo_De_Spuches-Galati_Mamertino_Province_of_Messina_Sicily.html, /Attractions-g187886-Activities-Sicily.html
