attraction_name, attraction_rate, attraction_type, attraction_url, attraction_parent_url
Grotte Dell'Arco, 5.0, Nature & Parks, /Attraction_Review-g2370896-d10644060-Reviews-Grotte_Dell_Arco-Bellegra_Province_of_Rome_Lazio.html, /Attractions-g2370896-Activities-Bellegra_Province_of_Rome_Lazio.html
Chiesa di San Nicola di Bari, 3.5, Sights & Landmarks, /Attraction_Review-g2370896-d12815026-Reviews-Chiesa_di_San_Nicola_di_Bari-Bellegra_Province_of_Rome_Lazio.html, /Attractions-g2370896-Activities-Bellegra_Province_of_Rome_Lazio.html
Chiesa del San Ritiro di San Francesco, None, Sights & Landmarks, /Attraction_Review-g2370896-d20379081-Reviews-Chiesa_del_San_Ritiro_di_San_Francesco-Bellegra_Province_of_Rome_Lazio.html, /Attractions-g2370896-Activities-Bellegra_Province_of_Rome_Lazio.html
Mura poligonali di Bellegra, None, Sights & Landmarks, /Attraction_Review-g2370896-d20378358-Reviews-Mura_poligonali_di_Bellegra-Bellegra_Province_of_Rome_Lazio.html, /Attractions-g2370896-Activities-Bellegra_Province_of_Rome_Lazio.html
Cappella di Santa Lucia di Bellegra, None, Sights & Landmarks, /Attraction_Review-g2370896-d20378356-Reviews-Cappella_di_Santa_Lucia_di_Bellegra-Bellegra_Province_of_Rome_Lazio.html, /Attractions-g2370896-Activities-Bellegra_Province_of_Rome_Lazio.html
Proloco di Bellegra, None, Traveller Resources, /Attraction_Review-g2370896-d20378357-Reviews-Proloco_di_Bellegra-Bellegra_Province_of_Rome_Lazio.html, /Attractions-g2370896-Activities-Bellegra_Province_of_Rome_Lazio.html
