attraction_name, attraction_rate, attraction_type, attraction_url, attraction_parent_url
Piedigrotta Church, 4.5, Sights & Landmarks, /Attraction_Review-g669647-d2658658-Reviews-Piedigrotta_Church-Pizzo_Province_of_Vibo_Valentia_Calabria.html, /Attractions-g669647-Activities-Pizzo_Province_of_Vibo_Valentia_Calabria.html
Castello Aragonese Murat, 4.0, Sights & Landmarks, /Attraction_Review-g669647-d3310658-Reviews-Castello_Aragonese_Murat-Pizzo_Province_of_Vibo_Valentia_Calabria.html, /Attractions-g669647-Activities-Pizzo_Province_of_Vibo_Valentia_Calabria.html
I Vicoli di Pizzo, 4.5, Sights & Landmarks, /Attraction_Review-g669647-d3279981-Reviews-I_Vicoli_di_Pizzo-Pizzo_Province_of_Vibo_Valentia_Calabria.html, /Attractions-g669647-Activities-Pizzo_Province_of_Vibo_Valentia_Calabria.html
Piazza della Repubblica, 4.5, Sights & Landmarks, /Attraction_Review-g669647-d10340805-Reviews-Piazza_della_Repubblica-Pizzo_Province_of_Vibo_Valentia_Calabria.html, /Attractions-g669647-Activities-Pizzo_Province_of_Vibo_Valentia_Calabria.html
Le Spiagge di Pizzo, 4.0, Nature & Parks, /Attraction_Review-g669647-d3357093-Reviews-Le_Spiagge_di_Pizzo-Pizzo_Province_of_Vibo_Valentia_Calabria.html, /Attractions-g669647-Activities-Pizzo_Province_of_Vibo_Valentia_Calabria.html
Chiesa San Francesco di Paola, 4.5, Sights & Landmarks, /Attraction_Review-g669647-d10802944-Reviews-Chiesa_San_Francesco_di_Paola-Pizzo_Province_of_Vibo_Valentia_Calabria.html, /Attractions-g669647-Activities-Pizzo_Province_of_Vibo_Valentia_Calabria.html
La balconata - U Spunduni, 4.5, Sights & Landmarks, /Attraction_Review-g669647-d15144384-Reviews-La_balconata_U_Spunduni-Pizzo_Province_of_Vibo_Valentia_Calabria.html, /Attractions-g669647-Activities-Pizzo_Province_of_Vibo_Valentia_Calabria.html
Chiesa Matrice S.Giorgio Martire, 4.5, Sights & Landmarks, /Attraction_Review-g669647-d10000826-Reviews-Chiesa_Matrice_S_Giorgio_Martire-Pizzo_Province_of_Vibo_Valentia_Calabria.html, /Attractions-g669647-Activities-Pizzo_Province_of_Vibo_Valentia_Calabria.html
Chiesa DellImmacolata, 4.0, Sights & Landmarks, /Attraction_Review-g669647-d15144160-Reviews-Chiesa_DellImmacolata-Pizzo_Province_of_Vibo_Valentia_Calabria.html, /Attractions-g669647-Activities-Pizzo_Province_of_Vibo_Valentia_Calabria.html
Vicolo degli Abbracci, 4.0, Sights & Landmarks, /Attraction_Review-g669647-d15234749-Reviews-Vicolo_degli_Abbracci-Pizzo_Province_of_Vibo_Valentia_Calabria.html, /Attractions-g669647-Activities-Pizzo_Province_of_Vibo_Valentia_Calabria.html
Calabria Sport Fishing, 5.0, Boat Tours & Water Sports, /Attraction_Review-g669647-d2720528-Reviews-Calabria_Sport_Fishing-Pizzo_Province_of_Vibo_Valentia_Calabria.html, /Attractions-g669647-Activities-Pizzo_Province_of_Vibo_Valentia_Calabria.html
La Dolce Vita Pizzo - Pizzo Tours, 5.0, Tours, /Attraction_Review-g669647-d2022675-Reviews-La_Dolce_Vita_Pizzo_Pizzo_Tours-Pizzo_Province_of_Vibo_Valentia_Calabria.html, /Attractions-g669647-Activities-Pizzo_Province_of_Vibo_Valentia_Calabria.html
Giacinto Callipo Conserve Alimentari SpA, 4.5, Shopping, /Attraction_Review-g669647-d4795554-Reviews-Giacinto_Callipo_Conserve_Alimentari_SpA-Pizzo_Province_of_Vibo_Valentia_Calabria.html, /Attractions-g669647-Activities-Pizzo_Province_of_Vibo_Valentia_Calabria.html
Lido Pescespada, 4.0, Nightlife, /Attraction_Review-g669647-d5926356-Reviews-Lido_Pescespada-Pizzo_Province_of_Vibo_Valentia_Calabria.html, /Attractions-g669647-Activities-Pizzo_Province_of_Vibo_Valentia_Calabria.html
Free Walking Tour Pizzo, 5.0, Tours, /Attraction_Review-g669647-d17756385-Reviews-Free_Walking_Tour_Pizzo-Pizzo_Province_of_Vibo_Valentia_Calabria.html, /Attractions-g669647-Activities-Pizzo_Province_of_Vibo_Valentia_Calabria.html
Museo del Peperoncino, 4.0, Shopping, /Attraction_Review-g669647-d8376034-Reviews-Museo_del_Peperoncino-Pizzo_Province_of_Vibo_Valentia_Calabria.html, /Attractions-g669647-Activities-Pizzo_Province_of_Vibo_Valentia_Calabria.html
Tipica - Excellence Made in Calabria, 4.5, Shopping, /Attraction_Review-g669647-d12311676-Reviews-Tipica_Excellence_Made_in_Calabria-Pizzo_Province_of_Vibo_Valentia_Calabria.html, /Attractions-g669647-Activities-Pizzo_Province_of_Vibo_Valentia_Calabria.html
Chupiteria n65, 5.0, Nightlife, /Attraction_Review-g669647-d8529392-Reviews-Chupiteria_n65-Pizzo_Province_of_Vibo_Valentia_Calabria.html, /Attractions-g669647-Activities-Pizzo_Province_of_Vibo_Valentia_Calabria.html
A.S.D.CENTRO EQUESTRE LA PINETA, 4.5, Outdoor Activities, /Attraction_Review-g669647-d5602289-Reviews-A_S_D_CENTRO_EQUESTRE_LA_PINETA-Pizzo_Province_of_Vibo_Valentia_Calabria.html, /Attractions-g669647-Activities-Pizzo_Province_of_Vibo_Valentia_Calabria.html
A.S.D. Parapendio Pizzo Tandem Fly, 5.0, Boat Tours & Water Sports, /Attraction_Review-g669647-d12865149-Reviews-A_S_D_Parapendio_Pizzo_Tandem_Fly-Pizzo_Province_of_Vibo_Valentia_Calabria.html, /Attractions-g669647-Activities-Pizzo_Province_of_Vibo_Valentia_Calabria.html
I Bambini dell'Aquilone, 4.0, Fun & Games, /Attraction_Review-g669647-d10345291-Reviews-I_Bambini_dell_Aquilone-Pizzo_Province_of_Vibo_Valentia_Calabria.html, /Attractions-g669647-Activities-Pizzo_Province_of_Vibo_Valentia_Calabria.html
Mini Tours Calabria, 5.0, Tours, /Attraction_Review-g669647-d4083150-Reviews-Mini_Tours_Calabria-Pizzo_Province_of_Vibo_Valentia_Calabria.html, /Attractions-g669647-Activities-Pizzo_Province_of_Vibo_Valentia_Calabria.html
Centro Storico, 3.5, Sights & Landmarks, /Attraction_Review-g669647-d20257352-Reviews-Centro_Storico-Pizzo_Province_of_Vibo_Valentia_Calabria.html, /Attractions-g669647-Activities-Pizzo_Province_of_Vibo_Valentia_Calabria.html
Vicolo dei Baci, 3.5, Sights & Landmarks, /Attraction_Review-g669647-d20284444-Reviews-Vicolo_dei_Baci-Pizzo_Province_of_Vibo_Valentia_Calabria.html, /Attractions-g669647-Activities-Pizzo_Province_of_Vibo_Valentia_Calabria.html
Pizzodamare Experiences, None, Food & Drink, /Attraction_Review-g669647-d20240045-Reviews-Pizzodamare_Experiences-Pizzo_Province_of_Vibo_Valentia_Calabria.html, /Attractions-g669647-Activities-Pizzo_Province_of_Vibo_Valentia_Calabria.html
Skylab, None, Concerts & Shows, /Attraction_Review-g669647-d20897514-Reviews-Skylab-Pizzo_Province_of_Vibo_Valentia_Calabria.html, /Attractions-g669647-Activities-Pizzo_Province_of_Vibo_Valentia_Calabria.html
