attraction_name, attraction_rate, attraction_type, attraction_url, attraction_parent_url
Scuderie del Peschio, 5.0, Outdoor Activities, /Attraction_Review-g5599124-d20095236-Reviews-Scuderie_del_Peschio-San_Giuliano_del_Sannio_Province_of_Campobasso_Molise.html, /Attractions-g5599124-Activities-San_Giuliano_del_Sannio_Province_of_Campobasso_Molise.html
Chiesa di San Nicola di Bari, None, Sights & Landmarks, /Attraction_Review-g5599124-d10731470-Reviews-Chiesa_di_San_Nicola_di_Bari-San_Giuliano_del_Sannio_Province_of_Campobasso_Mol.html, /Attractions-g5599124-Activities-San_Giuliano_del_Sannio_Province_of_Campobasso_Molise.html
Chiesa di San Rocco, None, Sights & Landmarks, /Attraction_Review-g5599124-d13283163-Reviews-Chiesa_di_San_Rocco-San_Giuliano_del_Sannio_Province_of_Campobasso_Molise.html, /Attractions-g5599124-Activities-San_Giuliano_del_Sannio_Province_of_Campobasso_Molise.html
Rosaria e Francesco, None, Food & Drink, /Attraction_Review-g5599124-d20111735-Reviews-Rosaria_e_Francesco-San_Giuliano_del_Sannio_Province_of_Campobasso_Molise.html, /Attractions-g5599124-Activities-San_Giuliano_del_Sannio_Province_of_Campobasso_Molise.html
