attraction_name, attraction_rate, attraction_type, attraction_url, attraction_parent_url
Palazzo Carafa di Maddaloni, 4.5, Sights & Landmarks, /Attraction_Review-g187785-d12859377-Reviews-Palazzo_Carafa_di_Maddaloni-Naples_Province_of_Naples_Campania.html, /Attractions-g187785-Activities-Naples_Province_of_Naples_Campania.html
Chiesa della Santissima Trinità dei Pellegrini, 4.5, Sights & Landmarks, /Attraction_Review-g187785-d7997743-Reviews-Chiesa_della_Santissima_Trinita_dei_Pellegrini-Naples_Province_of_Naples_Campania.html, /Attractions-g187785-Activities-Naples_Province_of_Naples_Campania.html
Viale Dohrn Antique Market, 3.5, Shopping, /Attraction_Review-g187785-d545309-Reviews-Viale_Dohrn_Antique_Market-Naples_Province_of_Naples_Campania.html, /Attractions-g187785-Activities-Naples_Province_of_Naples_Campania.html
Teatro San Ferdinando, 4.5, Concerts & Shows, /Attraction_Review-g187785-d12987358-Reviews-Teatro_San_Ferdinando-Naples_Province_of_Naples_Campania.html, /Attractions-g187785-Activities-Naples_Province_of_Naples_Campania.html
Teatro Romano di Neapolis, 4.0, Sights & Landmarks, /Attraction_Review-g187785-d13002030-Reviews-Teatro_Romano_di_Neapolis-Naples_Province_of_Naples_Campania.html, /Attractions-g187785-Activities-Naples_Province_of_Naples_Campania.html
Christ Church, 5.0, Sights & Landmarks, /Attraction_Review-g187785-d2431841-Reviews-Christ_Church-Naples_Province_of_Naples_Campania.html, /Attractions-g187785-Activities-Naples_Province_of_Naples_Campania.html
Teatro Nuovo, 4.0, Sights & Landmarks, /Attraction_Review-g187785-d7065060-Reviews-Teatro_Nuovo-Naples_Province_of_Naples_Campania.html, /Attractions-g187785-Activities-Naples_Province_of_Naples_Campania.html
Museo dello Scudillo, 5.0, Sights & Landmarks, /Attraction_Review-g187785-d12172543-Reviews-Museo_dello_Scudillo-Naples_Province_of_Naples_Campania.html, /Attractions-g187785-Activities-Naples_Province_of_Naples_Campania.html
Arco dell'Orologio di Sant'Eligio, 4.0, Sights & Landmarks, /Attraction_Review-g187785-d13002174-Reviews-Arco_dell_Orologio_di_Sant_Eligio-Naples_Province_of_Naples_Campania.html, /Attractions-g187785-Activities-Naples_Province_of_Naples_Campania.html
Chiesa S. Maria Donnalbina, 4.0, Sights & Landmarks, /Attraction_Review-g187785-d7957954-Reviews-Chiesa_S_Maria_Donnalbina-Naples_Province_of_Naples_Campania.html, /Attractions-g187785-Activities-Naples_Province_of_Naples_Campania.html
Palazzo Filomarino, 4.5, Sights & Landmarks, /Attraction_Review-g187785-d9792455-Reviews-Palazzo_Filomarino-Naples_Province_of_Naples_Campania.html, /Attractions-g187785-Activities-Naples_Province_of_Naples_Campania.html
Mediateca Santa Sofia, 4.5, Traveller Resources, /Attraction_Review-g187785-d6715423-Reviews-Mediateca_Santa_Sofia-Naples_Province_of_Naples_Campania.html, /Attractions-g187785-Activities-Naples_Province_of_Naples_Campania.html
Associazione Culturale Viviquaertiere, 5.0, Sights & Landmarks, /Attraction_Review-g187785-d6781242-Reviews-Associazione_Culturale_Viviquaertiere-Naples_Province_of_Naples_Campania.html, /Attractions-g187785-Activities-Naples_Province_of_Naples_Campania.html
Chiesa dell'Addolorata a Secondigliano, 4.5, Sights & Landmarks, /Attraction_Review-g187785-d11845189-Reviews-Chiesa_dell_Addolorata_a_Secondigliano-Naples_Province_of_Naples_Campania.html, /Attractions-g187785-Activities-Naples_Province_of_Naples_Campania.html
Museo Nazionale della Ceramica, 4.0, Museums, /Attraction_Review-g187785-d12987397-Reviews-Museo_Nazionale_della_Ceramica-Naples_Province_of_Naples_Campania.html, /Attractions-g187785-Activities-Naples_Province_of_Naples_Campania.html
Obelisco di San Gaetano, 4.0, Sights & Landmarks, /Attraction_Review-g187785-d11817483-Reviews-Obelisco_di_San_Gaetano-Naples_Province_of_Naples_Campania.html, /Attractions-g187785-Activities-Naples_Province_of_Naples_Campania.html
Totem della Pace, 2.5, Sights & Landmarks, /Attraction_Review-g187785-d14178541-Reviews-Totem_della_Pace-Naples_Province_of_Naples_Campania.html, /Attractions-g187785-Activities-Naples_Province_of_Naples_Campania.html
Teatro dei Piccoli, 5.0, Concerts & Shows, /Attraction_Review-g187785-d13195998-Reviews-Teatro_dei_Piccoli-Naples_Province_of_Naples_Campania.html, /Attractions-g187785-Activities-Naples_Province_of_Naples_Campania.html
Arco Trionfale di Castel Nuovo, 4.0, Sights & Landmarks, /Attraction_Review-g187785-d12981149-Reviews-Arco_Trionfale_di_Castel_Nuovo-Naples_Province_of_Naples_Campania.html, /Attractions-g187785-Activities-Naples_Province_of_Naples_Campania.html
Chiesa di San Nicola al Nilo, 5.0, Sights & Landmarks, /Attraction_Review-g187785-d17431176-Reviews-Chiesa_di_San_Nicola_al_Nilo-Naples_Province_of_Naples_Campania.html, /Attractions-g187785-Activities-Naples_Province_of_Naples_Campania.html
Ponte di Chiaia, 4.0, Sights & Landmarks, /Attraction_Review-g187785-d12981155-Reviews-Ponte_di_Chiaia-Naples_Province_of_Naples_Campania.html, /Attractions-g187785-Activities-Naples_Province_of_Naples_Campania.html
Teatro Zona Vomero, 4.5, Concerts & Shows, /Attraction_Review-g187785-d7898367-Reviews-Teatro_Zona_Vomero-Naples_Province_of_Naples_Campania.html, /Attractions-g187785-Activities-Naples_Province_of_Naples_Campania.html
Chiesa di Sant'Anna a Capuana, 4.5, Sights & Landmarks, /Attraction_Review-g187785-d12858594-Reviews-Chiesa_di_Sant_Anna_a_Capuana-Naples_Province_of_Naples_Campania.html, /Attractions-g187785-Activities-Naples_Province_of_Naples_Campania.html
Crypta Neapolitana, 4.5, Nature & Parks, /Attraction_Review-g187785-d11817361-Reviews-Crypta_Neapolitana-Naples_Province_of_Naples_Campania.html, /Attractions-g187785-Activities-Naples_Province_of_Naples_Campania.html
Monumento a Salvo D'Aquisto, 3.5, Sights & Landmarks, /Attraction_Review-g187785-d13201550-Reviews-Monumento_a_Salvo_D_Aquisto-Naples_Province_of_Naples_Campania.html, /Attractions-g187785-Activities-Naples_Province_of_Naples_Campania.html
Chiesa dell'Ecce Homo al Cerriglio, 4.0, Sights & Landmarks, /Attraction_Review-g187785-d8093370-Reviews-Chiesa_dell_Ecce_Homo_al_Cerriglio-Naples_Province_of_Naples_Campania.html, /Attractions-g187785-Activities-Naples_Province_of_Naples_Campania.html
Chiesa Santa Maria degli Angeli alle Croci, 4.0, Sights & Landmarks, /Attraction_Review-g187785-d11911336-Reviews-Chiesa_Santa_Maria_degli_Angeli_alle_Croci-Naples_Province_of_Naples_Campania.html, /Attractions-g187785-Activities-Naples_Province_of_Naples_Campania.html
Museo di Mineralogia, 5.0, Museums, /Attraction_Review-g187785-d12987375-Reviews-Museo_di_Mineralogia-Naples_Province_of_Naples_Campania.html, /Attractions-g187785-Activities-Naples_Province_of_Naples_Campania.html
Monumento a Giuseppe Mazzini, 3.0, Sights & Landmarks, /Attraction_Review-g187785-d13117973-Reviews-Monumento_a_Giuseppe_Mazzini-Naples_Province_of_Naples_Campania.html, /Attractions-g187785-Activities-Naples_Province_of_Naples_Campania.html
Chiesa dei Santi Cosma e Damiano a Secondigliano, 3.5, Sights & Landmarks, /Attraction_Review-g187785-d11845187-Reviews-Chiesa_dei_Santi_Cosma_e_Damiano_a_Secondigliano-Naples_Province_of_Naples_Campa.html, /Attractions-g187785-Activities-Naples_Province_of_Naples_Campania.html
