attraction_name, attraction_rate, attraction_type, attraction_url, attraction_parent_url
Museo Archeologico Metauros, 5.0, Museums, /Attraction_Review-g1180032-d5605490-Reviews-Museo_Archeologico_Metauros-Gioia_Tauro_Province_of_Reggio_Calabria_Calabria.html, /Attractions-g1180032-Activities-Gioia_Tauro_Province_of_Reggio_Calabria_Calabria.html
Duomo di Sant'Ippolito Martire, 3.5, Sights & Landmarks, /Attraction_Review-g1180032-d11741610-Reviews-Duomo_di_Sant_Ippolito_Martire-Gioia_Tauro_Province_of_Reggio_Calabria_Calabria.html, /Attractions-g1180032-Activities-Gioia_Tauro_Province_of_Reggio_Calabria_Calabria.html
Monumento ad Antonio Barone, 4.0, Sights & Landmarks, /Attraction_Review-g1180032-d11741723-Reviews-Monumento_ad_Antonio_Barone-Gioia_Tauro_Province_of_Reggio_Calabria_Calabria.html, /Attractions-g1180032-Activities-Gioia_Tauro_Province_of_Reggio_Calabria_Calabria.html
Quartiere Piano delle Fosse, 4.0, Sights & Landmarks, /Attraction_Review-g1180032-d11741800-Reviews-Quartiere_Piano_delle_Fosse-Gioia_Tauro_Province_of_Reggio_Calabria_Calabria.html, /Attractions-g1180032-Activities-Gioia_Tauro_Province_of_Reggio_Calabria_Calabria.html
Monumento alla Famiglia, 4.0, Sights & Landmarks, /Attraction_Review-g1180032-d11741734-Reviews-Monumento_alla_Famiglia-Gioia_Tauro_Province_of_Reggio_Calabria_Calabria.html, /Attractions-g1180032-Activities-Gioia_Tauro_Province_of_Reggio_Calabria_Calabria.html
Palazzo Baldari, 3.5, Sights & Landmarks, /Attraction_Review-g1180032-d11741718-Reviews-Palazzo_Baldari-Gioia_Tauro_Province_of_Reggio_Calabria_Calabria.html, /Attractions-g1180032-Activities-Gioia_Tauro_Province_of_Reggio_Calabria_Calabria.html
Lido Vulcano, 3.0, Nature & Parks, /Attraction_Review-g1180032-d10823512-Reviews-Lido_Vulcano-Gioia_Tauro_Province_of_Reggio_Calabria_Calabria.html, /Attractions-g1180032-Activities-Gioia_Tauro_Province_of_Reggio_Calabria_Calabria.html
Monumento al Milite Ignoto, 3.5, Sights & Landmarks, /Attraction_Review-g1180032-d11741801-Reviews-Monumento_al_Milite_Ignoto-Gioia_Tauro_Province_of_Reggio_Calabria_Calabria.html, /Attractions-g1180032-Activities-Gioia_Tauro_Province_of_Reggio_Calabria_Calabria.html
Chiesa di San Francesco da Paola, 3.5, Sights & Landmarks, /Attraction_Review-g1180032-d11741819-Reviews-Chiesa_di_San_Francesco_da_Paola-Gioia_Tauro_Province_of_Reggio_Calabria_Calabr.html, /Attractions-g1180032-Activities-Gioia_Tauro_Province_of_Reggio_Calabria_Calabria.html
Chiesa di Sant'Antonio da Padova, 3.0, Sights & Landmarks, /Attraction_Review-g1180032-d11741659-Reviews-Chiesa_di_Sant_Antonio_da_Padova-Gioia_Tauro_Province_of_Reggio_Calabria_Calabr.html, /Attractions-g1180032-Activities-Gioia_Tauro_Province_of_Reggio_Calabria_Calabria.html
Spiaggia di Gioia Tauro, 3.0, Nature & Parks, /Attraction_Review-g1180032-d13810006-Reviews-Spiaggia_di_Gioia_Tauro-Gioia_Tauro_Province_of_Reggio_Calabria_Calabria.html, /Attractions-g1180032-Activities-Gioia_Tauro_Province_of_Reggio_Calabria_Calabria.html
Torre Don Giacomo, 4.0, Sights & Landmarks, /Attraction_Review-g1180032-d11741721-Reviews-Torre_Don_Giacomo-Gioia_Tauro_Province_of_Reggio_Calabria_Calabria.html, /Attractions-g1180032-Activities-Gioia_Tauro_Province_of_Reggio_Calabria_Calabria.html
Biblioteca Comunale, 1.0, Traveller Resources, /Attraction_Review-g1180032-d11741521-Reviews-Biblioteca_Comunale-Gioia_Tauro_Province_of_Reggio_Calabria_Calabria.html, /Attractions-g1180032-Activities-Gioia_Tauro_Province_of_Reggio_Calabria_Calabria.html
Gioja's Music Hall, 4.0, Nightlife, /Attraction_Review-g1180032-d8806392-Reviews-Gioja_s_Music_Hall-Gioia_Tauro_Province_of_Reggio_Calabria_Calabria.html, /Attractions-g1180032-Activities-Gioia_Tauro_Province_of_Reggio_Calabria_Calabria.html
Susan Bowling, 3.5, Fun & Games, /Attraction_Review-g1180032-d13342940-Reviews-Susan_Bowling-Gioia_Tauro_Province_of_Reggio_Calabria_Calabria.html, /Attractions-g1180032-Activities-Gioia_Tauro_Province_of_Reggio_Calabria_Calabria.html
Varahead BAR, None, Nightlife, /Attraction_Review-g1180032-d5937145-Reviews-Varahead_BAR-Gioia_Tauro_Province_of_Reggio_Calabria_Calabria.html, /Attractions-g1180032-Activities-Gioia_Tauro_Province_of_Reggio_Calabria_Calabria.html
Associazione Turistica Pro Loco, None, Traveller Resources, /Attraction_Review-g1180032-d12513317-Reviews-Associazione_Turistica_Pro_Loco-Gioia_Tauro_Province_of_Reggio_Calabria_Calabri.html, /Attractions-g1180032-Activities-Gioia_Tauro_Province_of_Reggio_Calabria_Calabria.html
Parco delle Rimembranze, None, Nature & Parks, /Attraction_Review-g1180032-d11737003-Reviews-Parco_delle_Rimembranze-Gioia_Tauro_Province_of_Reggio_Calabria_Calabria.html, /Attractions-g1180032-Activities-Gioia_Tauro_Province_of_Reggio_Calabria_Calabria.html
Largo Barone, None, Sights & Landmarks, /Attraction_Review-g1180032-d11741739-Reviews-Largo_Barone-Gioia_Tauro_Province_of_Reggio_Calabria_Calabria.html, /Attractions-g1180032-Activities-Gioia_Tauro_Province_of_Reggio_Calabria_Calabria.html
Cinema Politeama, None, Fun & Games, /Attraction_Review-g1180032-d13439210-Reviews-Cinema_Politeama-Gioia_Tauro_Province_of_Reggio_Calabria_Calabria.html, /Attractions-g1180032-Activities-Gioia_Tauro_Province_of_Reggio_Calabria_Calabria.html
Chiesa di Maria SS. di Porto Salvo, None, Sights & Landmarks, /Attraction_Review-g1180032-d13810007-Reviews-Chiesa_di_Maria_SS_di_Porto_Salvo-Gioia_Tauro_Province_of_Reggio_Calabria_Calab.html, /Attractions-g1180032-Activities-Gioia_Tauro_Province_of_Reggio_Calabria_Calabria.html
Campo di Calcio Cesare Giordano, None, Fun & Games, /Attraction_Review-g1180032-d13810009-Reviews-Campo_di_Calcio_Cesare_Giordano-Gioia_Tauro_Province_of_Reggio_Calabria_Calabri.html, /Attractions-g1180032-Activities-Gioia_Tauro_Province_of_Reggio_Calabria_Calabria.html
Sebastiano Fazio, None, Tours, /Attraction_Review-g1180032-d17584209-Reviews-Sebastiano_Fazio-Gioia_Tauro_Province_of_Reggio_Calabria_Calabria.html, /Attractions-g1180032-Activities-Gioia_Tauro_Province_of_Reggio_Calabria_Calabria.html
