attraction_name, attraction_rate, attraction_type, attraction_url, attraction_parent_url
Biblioteca Comunale, 5.0, Traveller Resources, /Attraction_Review-g1973839-d11963993-Reviews-Biblioteca_Comunale-Qualiano_Province_of_Naples_Campania.html, /Attractions-g1973839-Activities-Qualiano_Province_of_Naples_Campania.html
Chiesa Parrocchiale di Maria Santissima Immacolata, 5.0, Sights & Landmarks, /Attraction_Review-g1973839-d13293492-Reviews-Chiesa_Parrocchiale_di_Maria_Santissima_Immacolata-Qualiano_Province_of_Naples_.html, /Attractions-g1973839-Activities-Qualiano_Province_of_Naples_Campania.html
Parrocchia Santo Stefano Protomartire, 4.5, Sights & Landmarks, /Attraction_Review-g1973839-d11981235-Reviews-Parrocchia_Santo_Stefano_Protomartire-Qualiano_Province_of_Naples_Campania.html, /Attractions-g1973839-Activities-Qualiano_Province_of_Naples_Campania.html
Villa Comunale di Qualiano, 2.0, Nature & Parks, /Attraction_Review-g1973839-d11981249-Reviews-Villa_Comunale_di_Qualiano-Qualiano_Province_of_Naples_Campania.html, /Attractions-g1973839-Activities-Qualiano_Province_of_Naples_Campania.html
Centro Estetico Etre, 3.0, Spas & Wellness, /Attraction_Review-g1973839-d4403466-Reviews-Centro_Estetico_Etre-Qualiano_Province_of_Naples_Campania.html, /Attractions-g1973839-Activities-Qualiano_Province_of_Naples_Campania.html
Italiamare - Boat Rentals, None, Outdoor Activities, /Attraction_Review-g1973839-d4411276-Reviews-Italiamare_Boat_Rentals-Qualiano_Province_of_Naples_Campania.html, /Attractions-g1973839-Activities-Qualiano_Province_of_Naples_Campania.html
Museo Civico e della Cultura Contadina Qualianese, None, Museums, /Attraction_Review-g1973839-d12709592-Reviews-Museo_Civico_e_della_Cultura_Contadina_Qualianese-Qualiano_Province_of_Naples_C.html, /Attractions-g1973839-Activities-Qualiano_Province_of_Naples_Campania.html
Monumento ai Caduti, None, Sights & Landmarks, /Attraction_Review-g1973839-d19719922-Reviews-Monumento_ai_Caduti-Qualiano_Province_of_Naples_Campania.html, /Attractions-g1973839-Activities-Qualiano_Province_of_Naples_Campania.html
