attraction_name, attraction_rate, attraction_type, attraction_url, attraction_parent_url
Palazzo Comunale, None, Sights & Landmarks, /Attraction_Review-g608930-d12571052-Reviews-Palazzo_Comunale-Termini_Imerese_Province_of_Palermo_Sicily.html, /Attractions-g608930-Activities-Termini_Imerese_Province_of_Palermo_Sicily.html
Chiesa di San Pietro e complesso S.Pietro e S. Lucia, None, Sights & Landmarks, /Attraction_Review-g608930-d12571007-Reviews-Chiesa_di_San_Pietro_e_complesso_S_Pietro_e_S_Lucia-Termini_Imerese_Province_of_.html, /Attractions-g608930-Activities-Termini_Imerese_Province_of_Palermo_Sicily.html
Riserva Naturale Orientata Monte S. Calogero, None, Nature & Parks, /Attraction_Review-g608930-d12571080-Reviews-Riserva_Naturale_Orientata_Monte_S_Calogero-Termini_Imerese_Province_of_Palermo_.html, /Attractions-g608930-Activities-Termini_Imerese_Province_of_Palermo_Sicily.html
Associazione Turistica Pro Termini Imerese, None, Traveller Resources, /Attraction_Review-g608930-d12571086-Reviews-Associazione_Turistica_Pro_Termini_Imerese-Termini_Imerese_Province_of_Palermo_S.html, /Attractions-g608930-Activities-Termini_Imerese_Province_of_Palermo_Sicily.html
Museo d'Arte Sacra del Duomo, None, Museums, /Attraction_Review-g608930-d12571084-Reviews-Museo_d_Arte_Sacra_del_Duomo-Termini_Imerese_Province_of_Palermo_Sicily.html, /Attractions-g608930-Activities-Termini_Imerese_Province_of_Palermo_Sicily.html
Chiesa di San Carlo Borromeo, None, Sights & Landmarks, /Attraction_Review-g608930-d12570992-Reviews-Chiesa_di_San_Carlo_Borromeo-Termini_Imerese_Province_of_Palermo_Sicily.html, /Attractions-g608930-Activities-Termini_Imerese_Province_of_Palermo_Sicily.html
Statua di Giuseppe La Masa, None, Sights & Landmarks, /Attraction_Review-g608930-d15136956-Reviews-Statua_di_Giuseppe_La_Masa-Termini_Imerese_Province_of_Palermo_Sicily.html, /Attractions-g608930-Activities-Termini_Imerese_Province_of_Palermo_Sicily.html
Chiesa S. Antonio di Padova, None, Sights & Landmarks, /Attraction_Review-g608930-d17487775-Reviews-Chiesa_S_Antonio_di_Padova-Termini_Imerese_Province_of_Palermo_Sicily.html, /Attractions-g608930-Activities-Termini_Imerese_Province_of_Palermo_Sicily.html
