attraction_name, attraction_rate, attraction_type, attraction_url, attraction_parent_url
Rifugio Toesca, 4.0, Nature & Parks, /Attraction_Review-g1486306-d12637548-Reviews-Rifugio_Toesca-San_Giorio_di_Susa_Province_of_Turin_Piedmont.html, /Attractions-g1486306-Activities-San_Giorio_di_Susa_Province_of_Turin_Piedmont.html
San Giorio di Susa, 4.5, Sights & Landmarks, /Attraction_Review-g1486306-d4343664-Reviews-San_Giorio_di_Susa-San_Giorio_di_Susa_Province_of_Turin_Piedmont.html, /Attractions-g1486306-Activities-San_Giorio_di_Susa_Province_of_Turin_Piedmont.html
Cappella Maria Ausiliatrice, None, Sights & Landmarks, /Attraction_Review-g1486306-d19653209-Reviews-Cappella_Maria_Ausiliatrice-San_Giorio_di_Susa_Province_of_Turin_Piedmont.html, /Attractions-g1486306-Activities-San_Giorio_di_Susa_Province_of_Turin_Piedmont.html
Cappella di San Lorenzo, None, Sights & Landmarks, /Attraction_Review-g1486306-d19653099-Reviews-Cappella_di_San_Lorenzo-San_Giorio_di_Susa_Province_of_Turin_Piedmont.html, /Attractions-g1486306-Activities-San_Giorio_di_Susa_Province_of_Turin_Piedmont.html
Chiesa San Giorgio, None, Sights & Landmarks, /Attraction_Review-g1486306-d19653185-Reviews-Chiesa_San_Giorgio-San_Giorio_di_Susa_Province_of_Turin_Piedmont.html, /Attractions-g1486306-Activities-San_Giorio_di_Susa_Province_of_Turin_Piedmont.html
Castello di San Giorio di Susa, None, Sights & Landmarks, /Attraction_Review-g1486306-d21025256-Reviews-Castello_di_San_Giorio_di_Susa-San_Giorio_di_Susa_Province_of_Turin_Piedmont.html, /Attractions-g1486306-Activities-San_Giorio_di_Susa_Province_of_Turin_Piedmont.html
Chiesa di Sant'Anna, None, Sights & Landmarks, /Attraction_Review-g1486306-d21028032-Reviews-Chiesa_di_Sant_Anna-San_Giorio_di_Susa_Province_of_Turin_Piedmont.html, /Attractions-g1486306-Activities-San_Giorio_di_Susa_Province_of_Turin_Piedmont.html
