attraction_name, attraction_rate, attraction_type, attraction_url, attraction_parent_url
Casa Museo di Antonio Gramsci, 4.5, Museums, /Attraction_Review-g4504978-d4563024-Reviews-Casa_Museo_di_Antonio_Gramsci-Ghilarza_Province_of_Oristano_Sardinia.html, /Attractions-g4504978-Activities-Ghilarza_Province_of_Oristano_Sardinia.html
Chiesa di San Palmerio, 4.5, Sights & Landmarks, /Attraction_Review-g4504978-d12791031-Reviews-Chiesa_di_San_Palmerio-Ghilarza_Province_of_Oristano_Sardinia.html, /Attractions-g4504978-Activities-Ghilarza_Province_of_Oristano_Sardinia.html
Chiesa di San Serafino, 5.0, Sights & Landmarks, /Attraction_Review-g4504978-d12791057-Reviews-Chiesa_di_San_Serafino-Ghilarza_Province_of_Oristano_Sardinia.html, /Attractions-g4504978-Activities-Ghilarza_Province_of_Oristano_Sardinia.html
Torre Aragonese, 5.0, Sights & Landmarks, /Attraction_Review-g4504978-d15549334-Reviews-Torre_Aragonese-Ghilarza_Province_of_Oristano_Sardinia.html, /Attractions-g4504978-Activities-Ghilarza_Province_of_Oristano_Sardinia.html
Santuario di San Michele, 5.0, Sights & Landmarks, /Attraction_Review-g4504978-d12257096-Reviews-Santuario_di_San_Michele-Ghilarza_Province_of_Oristano_Sardinia.html, /Attractions-g4504978-Activities-Ghilarza_Province_of_Oristano_Sardinia.html
La Valle di Chenale, None, Tours, /Attraction_Review-g4504978-d7393663-Reviews-La_Valle_di_Chenale-Ghilarza_Province_of_Oristano_Sardinia.html, /Attractions-g4504978-Activities-Ghilarza_Province_of_Oristano_Sardinia.html
Parrocchia della Beata Vergine Immacolata, None, Sights & Landmarks, /Attraction_Review-g4504978-d13423551-Reviews-Parrocchia_della_Beata_Vergine_Immacolata-Ghilarza_Province_of_Oristano_Sardini.html, /Attractions-g4504978-Activities-Ghilarza_Province_of_Oristano_Sardinia.html
