attraction_name, attraction_rate, attraction_type, attraction_url, attraction_parent_url
Villa Pallavicino Montaldi, 3.5, Sights & Landmarks, /Attraction_Review-g811400-d10093692-Reviews-Villa_Pallavicino_Montaldi-Cicognolo_Province_of_Cremona_Lombardy.html, /Attractions-g811400-Activities-Cicognolo_Province_of_Cremona_Lombardy.html
Villa castello Manfredi, None, Sights & Landmarks, /Attraction_Review-g811400-d17806680-Reviews-Villa_castello_Manfredi-Cicognolo_Province_of_Cremona_Lombardy.html, /Attractions-g811400-Activities-Cicognolo_Province_of_Cremona_Lombardy.html
Vinicola Cassi, None, Food & Drink, /Attraction_Review-g811400-d17810211-Reviews-Vinicola_Cassi-Cicognolo_Province_of_Cremona_Lombardy.html, /Attractions-g811400-Activities-Cicognolo_Province_of_Cremona_Lombardy.html
Chiesa di San Donnino Martire, None, Sights & Landmarks, /Attraction_Review-g811400-d17810184-Reviews-Chiesa_di_San_Donnino_Martire-Cicognolo_Province_of_Cremona_Lombardy.html, /Attractions-g811400-Activities-Cicognolo_Province_of_Cremona_Lombardy.html
