attraction_name, attraction_rate, attraction_type, attraction_url, attraction_parent_url
Riserva di Pesca Turistica del Torrente Forzo, 5.0, Nature & Parks, /Attraction_Review-g12938655-d12900952-Reviews-Riserva_di_Pesca_Turistica_del_Torrente_Forzo-Quandin_Ronco_Canavese_Province_.html, /Attractions-g7648063-Activities-Ronco_Canavese_Province_of_Turin_Piedmont.html
Jardin del Maret, 5.0, Nature & Parks, /Attraction_Review-g7648063-d19219855-Reviews-Jardin_del_Maret-Ronco_Canavese_Province_of_Turin_Piedmont.html, /Attractions-g7648063-Activities-Ronco_Canavese_Province_of_Turin_Piedmont.html
Centro Visitatori 'Tradizioni e biodiversita in una valle fantastica', 4.0, Museums, /Attraction_Review-g7648063-d18902531-Reviews-Centro_Visitatori_Tradizioni_e_biodiversita_in_una_valle_fantastica-Ronco_Canav.html, /Attractions-g7648063-Activities-Ronco_Canavese_Province_of_Turin_Piedmont.html
Cappella di San Giovanni e San Paolo in Tiglietto, None, Sights & Landmarks, /Attraction_Review-g7648063-d21344007-Reviews-Cappella_di_San_Giovanni_e_San_Paolo_in_Tiglietto-Ronco_Canavese_Province_of_Tu.html, /Attractions-g7648063-Activities-Ronco_Canavese_Province_of_Turin_Piedmont.html
Cappella di San Vito in Arcando, None, Sights & Landmarks, /Attraction_Review-g7648063-d21344008-Reviews-Cappella_di_San_Vito_in_Arcando-Ronco_Canavese_Province_of_Turin_Piedmont.html, /Attractions-g7648063-Activities-Ronco_Canavese_Province_of_Turin_Piedmont.html
La Fucina dal Rame, None, Museums, /Attraction_Review-g7648063-d21345015-Reviews-La_Fucina_dal_Rame-Ronco_Canavese_Province_of_Turin_Piedmont.html, /Attractions-g7648063-Activities-Ronco_Canavese_Province_of_Turin_Piedmont.html
Cappella di San Barnaba, None, Sights & Landmarks, /Attraction_Review-g7648063-d21345024-Reviews-Cappella_di_San_Barnaba-Ronco_Canavese_Province_of_Turin_Piedmont.html, /Attractions-g7648063-Activities-Ronco_Canavese_Province_of_Turin_Piedmont.html
Cappella di San Rocco in Villanuova, None, Sights & Landmarks, /Attraction_Review-g7648063-d21345022-Reviews-Cappella_di_San_Rocco_in_Villanuova-Ronco_Canavese_Province_of_Turin_Piedmont.html, /Attractions-g7648063-Activities-Ronco_Canavese_Province_of_Turin_Piedmont.html
Cappella di San Pietro in Vincoli di Crotto, None, Sights & Landmarks, /Attraction_Review-g7648063-d21345047-Reviews-Cappella_di_San_Pietro_in_Vincoli_di_Crotto-Ronco_Canavese_Province_of_Turin_Pi.html, /Attractions-g7648063-Activities-Ronco_Canavese_Province_of_Turin_Piedmont.html
Chapel of San Grato, None, Sights & Landmarks, /Attraction_Review-g7648063-d21345050-Reviews-Chapel_of_San_Grato-Ronco_Canavese_Province_of_Turin_Piedmont.html, /Attractions-g7648063-Activities-Ronco_Canavese_Province_of_Turin_Piedmont.html
Cappella dell'Immacolata Concezione in Pezzetto, None, Sights & Landmarks, /Attraction_Review-g7648063-d21345056-Reviews-Cappella_dell_Immacolata_Concezione_in_Pezzetto-Ronco_Canavese_Province_of_Turi.html, /Attractions-g7648063-Activities-Ronco_Canavese_Province_of_Turin_Piedmont.html
Parrocchiale di San Giusto Martire in Ronco Canavese, None, Sights & Landmarks, /Attraction_Review-g7648063-d21345069-Reviews-Parrocchiale_di_San_Giusto_Martire_in_Ronco_Canavese-Ronco_Canavese_Province_of.html, /Attractions-g7648063-Activities-Ronco_Canavese_Province_of_Turin_Piedmont.html
Cappella della Madonna del Crest in Borgonuovo, None, Sights & Landmarks, /Attraction_Review-g7648063-d21344010-Reviews-Cappella_della_Madonna_del_Crest_in_Borgonuovo-Ronco_Canavese_Province_of_Turin.html, /Attractions-g7648063-Activities-Ronco_Canavese_Province_of_Turin_Piedmont.html
Cappella di Santa Maria Maddalena in Guaria, None, Sights & Landmarks, /Attraction_Review-g7648063-d21344009-Reviews-Cappella_di_Santa_Maria_Maddalena_in_Guaria-Ronco_Canavese_Province_of_Turin_Pi.html, /Attractions-g7648063-Activities-Ronco_Canavese_Province_of_Turin_Piedmont.html
Cappella della Madonna del Colmetto in Tiglietto, None, Sights & Landmarks, /Attraction_Review-g7648063-d21345012-Reviews-Cappella_della_Madonna_del_Colmetto_in_Tiglietto-Ronco_Canavese_Province_of_Tur.html, /Attractions-g7648063-Activities-Ronco_Canavese_Province_of_Turin_Piedmont.html
Casaforte di Servino, None, Sights & Landmarks, /Attraction_Review-g7648063-d21345013-Reviews-Casaforte_di_Servino-Ronco_Canavese_Province_of_Turin_Piedmont.html, /Attractions-g7648063-Activities-Ronco_Canavese_Province_of_Turin_Piedmont.html
Cappella di Sant'Anna in Scandosio, None, Sights & Landmarks, /Attraction_Review-g7648063-d21345036-Reviews-Cappella_di_Sant_Anna_in_Scandosio-Ronco_Canavese_Province_of_Turin_Piedmont.html, /Attractions-g7648063-Activities-Ronco_Canavese_Province_of_Turin_Piedmont.html
Cappella di San Carlo, None, Sights & Landmarks, /Attraction_Review-g7648063-d21345053-Reviews-Cappella_di_San_Carlo-Ronco_Canavese_Province_of_Turin_Piedmont.html, /Attractions-g7648063-Activities-Ronco_Canavese_Province_of_Turin_Piedmont.html
