attraction_name, attraction_rate, attraction_type, attraction_url, attraction_parent_url
Lago di Tovel, 4.5, Sights & Landmarks, /Attraction_Review-g2221597-d2215965-Reviews-Lago_di_Tovel-Tuenno_Province_of_Trento_Trentino_Alto_Adige.html, /Attractions-g2221597-Activities-Tuenno_Province_of_Trento_Trentino_Alto_Adige.html
Trekking del Cristo Pyepensante, 5.0, Nature & Parks, /Attraction_Review-g2221597-d8786377-Reviews-Trekking_del_Cristo_Pyepensante-Tuenno_Province_of_Trento_Trentino_Alto_Adige.html, /Attractions-g2221597-Activities-Tuenno_Province_of_Trento_Trentino_Alto_Adige.html
Sentiero delle Glare, 4.5, Nature & Parks, /Attraction_Review-g2221597-d10792103-Reviews-Sentiero_delle_Glare-Tuenno_Province_of_Trento_Trentino_Alto_Adige.html, /Attractions-g2221597-Activities-Tuenno_Province_of_Trento_Trentino_Alto_Adige.html
Chiesa di Sant'Orsola e Compagne, None, Sights & Landmarks, /Attraction_Review-g2221597-d19719384-Reviews-Chiesa_di_Sant_Orsola_e_Compagne-Tuenno_Province_of_Trento_Trentino_Alto_Adige.html, /Attractions-g2221597-Activities-Tuenno_Province_of_Trento_Trentino_Alto_Adige.html
Chiesa di Sant′Emerenziana, None, Sights & Landmarks, /Attraction_Review-g2221597-d19719395-Reviews-Chiesa_di_Sant_Emerenziana-Tuenno_Province_of_Trento_Trentino_Alto_Adige.html, /Attractions-g2221597-Activities-Tuenno_Province_of_Trento_Trentino_Alto_Adige.html
Chiesa di San Nicolo, None, Sights & Landmarks, /Attraction_Review-g2221597-d19719388-Reviews-Chiesa_di_San_Nicolo-Tuenno_Province_of_Trento_Trentino_Alto_Adige.html, /Attractions-g2221597-Activities-Tuenno_Province_of_Trento_Trentino_Alto_Adige.html
