attraction_name, attraction_rate, attraction_type, attraction_url, attraction_parent_url
Museo Civico Etnografico Giovanni Podenzana, 4.5, Museums, /Attraction_Review-g187824-d8364575-Reviews-Museo_Civico_Etnografico_Giovanni_Podenzana-La_Spezia_Province_of_La_Spezia_Ligur.html, /Attractions-g187824-Activities-La_Spezia_Province_of_La_Spezia_Liguria.html
Carneviola Art Project, 5.0, Museums, /Attraction_Review-g187824-d15143182-Reviews-Carneviola_Art_Project-La_Spezia_Province_of_La_Spezia_Liguria.html, /Attractions-g187824-Activities-La_Spezia_Province_of_La_Spezia_Liguria.html
La Spezia Brewing Company, 5.0, Food & Drink, /Attraction_Review-g187824-d12732223-Reviews-La_Spezia_Brewing_Company-La_Spezia_Province_of_La_Spezia_Liguria.html, /Attractions-g187824-Activities-La_Spezia_Province_of_La_Spezia_Liguria.html
Chiesa di San Venerio In Migliarina, 4.0, Sights & Landmarks, /Attraction_Review-g187824-d8837511-Reviews-Chiesa_di_San_Venerio_In_Migliarina-La_Spezia_Province_of_La_Spezia_Liguria.html, /Attractions-g187824-Activities-La_Spezia_Province_of_La_Spezia_Liguria.html
Enoteca la Civiltà del Bere e Altro, 4.5, Food & Drink, /Attraction_Review-g187824-d3400559-Reviews-Enoteca_la_Civilta_del_Bere_e_Altro-La_Spezia_Province_of_La_Spezia_Liguria.html, /Attractions-g187824-Activities-La_Spezia_Province_of_La_Spezia_Liguria.html
Villa Marmori, 4.0, Sights & Landmarks, /Attraction_Review-g187824-d8837514-Reviews-Villa_Marmori-La_Spezia_Province_of_La_Spezia_Liguria.html, /Attractions-g187824-Activities-La_Spezia_Province_of_La_Spezia_Liguria.html
Chiesa di Santo Stefano, 4.0, Sights & Landmarks, /Attraction_Review-g187824-d8837662-Reviews-Chiesa_di_Santo_Stefano-La_Spezia_Province_of_La_Spezia_Liguria.html, /Attractions-g187824-Activities-La_Spezia_Province_of_La_Spezia_Liguria.html
Palco della Musica, 3.0, Sights & Landmarks, /Attraction_Review-g187824-d8442295-Reviews-Palco_della_Musica-La_Spezia_Province_of_La_Spezia_Liguria.html, /Attractions-g187824-Activities-La_Spezia_Province_of_La_Spezia_Liguria.html
Chiesa di San Michele Arcangelo di Pegazzano, 4.0, Sights & Landmarks, /Attraction_Review-g187824-d10825803-Reviews-Chiesa_di_San_Michele_Arcangelo_di_Pegazzano-La_Spezia_Province_of_La_Spezia_Lig.html, /Attractions-g187824-Activities-La_Spezia_Province_of_La_Spezia_Liguria.html
Circolo Tennis Spezia, 4.0, Fun & Games, /Attraction_Review-g187824-d14029567-Reviews-Circolo_Tennis_Spezia-La_Spezia_Province_of_La_Spezia_Liguria.html, /Attractions-g187824-Activities-La_Spezia_Province_of_La_Spezia_Liguria.html
Chiesa di San Bernardo Abate, 5.0, Sights & Landmarks, /Attraction_Review-g187824-d12109736-Reviews-Chiesa_di_San_Bernardo_Abate-La_Spezia_Province_of_La_Spezia_Liguria.html, /Attractions-g187824-Activities-La_Spezia_Province_of_La_Spezia_Liguria.html
Biblioteca Civica Ubaldo Mazzini, 3.5, Traveller Resources, /Attraction_Review-g187824-d8835569-Reviews-Biblioteca_Civica_Ubaldo_Mazzini-La_Spezia_Province_of_La_Spezia_Liguria.html, /Attractions-g187824-Activities-La_Spezia_Province_of_La_Spezia_Liguria.html
Palazzo Comunale, 2.5, Sights & Landmarks, /Attraction_Review-g187824-d8835574-Reviews-Palazzo_Comunale-La_Spezia_Province_of_La_Spezia_Liguria.html, /Attractions-g187824-Activities-La_Spezia_Province_of_La_Spezia_Liguria.html
Teatro Civico, 3.5, Concerts & Shows, /Attraction_Review-g187824-d15029384-Reviews-Teatro_Civico-La_Spezia_Province_of_La_Spezia_Liguria.html, /Attractions-g187824-Activities-La_Spezia_Province_of_La_Spezia_Liguria.html
Viamare, 4.5, Nature & Parks, /Attraction_Review-g187824-d10296584-Reviews-Viamare-La_Spezia_Province_of_La_Spezia_Liguria.html, /Attractions-g187824-Activities-La_Spezia_Province_of_La_Spezia_Liguria.html
Piazza Benedetto Brin, 3.5, Sights & Landmarks, /Attraction_Review-g187824-d17821160-Reviews-Piazza_Benedetto_Brin-La_Spezia_Province_of_La_Spezia_Liguria.html, /Attractions-g187824-Activities-La_Spezia_Province_of_La_Spezia_Liguria.html
Castello Di Coderone, 2.0, Sights & Landmarks, /Attraction_Review-g187824-d8835566-Reviews-Castello_Di_Coderone-La_Spezia_Province_of_La_Spezia_Liguria.html, /Attractions-g187824-Activities-La_Spezia_Province_of_La_Spezia_Liguria.html
Consorzio Marittimo Turistico Cinque Terre Golfo Dei Poeti, 3.0, Transportation, /Attraction_Review-g187824-d14052700-Reviews-Consorzio_Marittimo_Turistico_Cinque_Terre_Golfo_Dei_Poeti-La_Spezia_Province_of.html, /Attractions-g187824-Activities-La_Spezia_Province_of_La_Spezia_Liguria.html
Biblioteca Civica Pietro Mario Beghi, 3.0, Traveller Resources, /Attraction_Review-g187824-d14950225-Reviews-Biblioteca_Civica_Pietro_Mario_Beghi-La_Spezia_Province_of_La_Spezia_Liguria.html, /Attractions-g187824-Activities-La_Spezia_Province_of_La_Spezia_Liguria.html
Forte Dei Pianelloni, 3.0, Sights & Landmarks, /Attraction_Review-g187824-d17422060-Reviews-Forte_Dei_Pianelloni-La_Spezia_Province_of_La_Spezia_Liguria.html, /Attractions-g187824-Activities-La_Spezia_Province_of_La_Spezia_Liguria.html
Museo Nazionale Dei Trasporti, 4.5, Museums, /Attraction_Review-g187824-d21141752-Reviews-Museo_Nazionale_Dei_Trasporti-La_Spezia_Province_of_La_Spezia_Liguria.html, /Attractions-g187824-Activities-La_Spezia_Province_of_La_Spezia_Liguria.html
Cimitero Monumentale Dei Boschetti, 5.0, Sights & Landmarks, /Attraction_Review-g187824-d21395038-Reviews-Cimitero_Monumentale_Dei_Boschetti-La_Spezia_Province_of_La_Spezia_Liguria.html, /Attractions-g187824-Activities-La_Spezia_Province_of_La_Spezia_Liguria.html
La Sirena del Golfo, 4.0, Sights & Landmarks, /Attraction_Review-g187824-d16809080-Reviews-La_Sirena_del_Golfo-La_Spezia_Province_of_La_Spezia_Liguria.html, /Attractions-g187824-Activities-La_Spezia_Province_of_La_Spezia_Liguria.html
Info Point Largo Fiorillo, None, Traveller Resources, /Attraction_Review-g187824-d12873399-Reviews-Info_Point_Largo_Fiorillo-La_Spezia_Province_of_La_Spezia_Liguria.html, /Attractions-g187824-Activities-La_Spezia_Province_of_La_Spezia_Liguria.html
Info Point Stazione Centrale della Spezia, None, Traveller Resources, /Attraction_Review-g187824-d12872837-Reviews-Info_Point_Stazione_Centrale_della_Spezia-La_Spezia_Province_of_La_Spezia_Liguri.html, /Attractions-g187824-Activities-La_Spezia_Province_of_La_Spezia_Liguria.html
Info Point, None, Traveller Resources, /Attraction_Review-g187824-d12872843-Reviews-Info_Point-La_Spezia_Province_of_La_Spezia_Liguria.html, /Attractions-g187824-Activities-La_Spezia_Province_of_La_Spezia_Liguria.html
Erma di Ubaldo Mazzini, None, Sights & Landmarks, /Attraction_Review-g187824-d15077951-Reviews-Erma_di_Ubaldo_Mazzini-La_Spezia_Province_of_La_Spezia_Liguria.html, /Attractions-g187824-Activities-La_Spezia_Province_of_La_Spezia_Liguria.html
Monumento al Generale Domenico Chiodo, None, Sights & Landmarks, /Attraction_Review-g187824-d15077715-Reviews-Monumento_al_Generale_Domenico_Chiodo-La_Spezia_Province_of_La_Spezia_Liguria.html, /Attractions-g187824-Activities-La_Spezia_Province_of_La_Spezia_Liguria.html
