attraction_name, attraction_rate, attraction_type, attraction_url, attraction_parent_url
Museo Valdese, 4.5, Museums, /Attraction_Review-g194937-d11772585-Reviews-Museo_Valdese-Torre_Pellice_Province_of_Turin_Piedmont.html, /Attractions-g194937-Activities-Torre_Pellice_Province_of_Turin_Piedmont.html
Monumento ad Enrico Arnaud, 4.5, Sights & Landmarks, /Attraction_Review-g194937-d15265494-Reviews-Monumento_ad_Enrico_Arnaud-Torre_Pellice_Province_of_Turin_Piedmont.html, /Attractions-g194937-Activities-Torre_Pellice_Province_of_Turin_Piedmont.html
Biblioteca della Societa di Studi Valdesi, 5.0, Traveller Resources, /Attraction_Review-g194937-d13162610-Reviews-Biblioteca_della_Societa_di_Studi_Valdesi-Torre_Pellice_Province_of_Turin_Piedmo.html, /Attractions-g194937-Activities-Torre_Pellice_Province_of_Turin_Piedmont.html
Il Quartiere Valdese, 4.5, Sights & Landmarks, /Attraction_Review-g194937-d15265480-Reviews-Il_Quartiere_Valdese-Torre_Pellice_Province_of_Turin_Piedmont.html, /Attractions-g194937-Activities-Torre_Pellice_Province_of_Turin_Piedmont.html
Palaghiaccio, None, Fun & Games, /Attraction_Review-g194937-d15265598-Reviews-Palaghiaccio-Torre_Pellice_Province_of_Turin_Piedmont.html, /Attractions-g194937-Activities-Torre_Pellice_Province_of_Turin_Piedmont.html
Fontana di Carlo Alberto, None, Sights & Landmarks, /Attraction_Review-g194937-d15265498-Reviews-Fontana_di_Carlo_Alberto-Torre_Pellice_Province_of_Turin_Piedmont.html, /Attractions-g194937-Activities-Torre_Pellice_Province_of_Turin_Piedmont.html
Casa delle Diaconesse, None, Sights & Landmarks, /Attraction_Review-g194937-d15265504-Reviews-Casa_delle_Diaconesse-Torre_Pellice_Province_of_Turin_Piedmont.html, /Attractions-g194937-Activities-Torre_Pellice_Province_of_Turin_Piedmont.html
Biblioteca delle Resistenze, None, Traveller Resources, /Attraction_Review-g194937-d15265558-Reviews-Biblioteca_delle_Resistenze-Torre_Pellice_Province_of_Turin_Piedmont.html, /Attractions-g194937-Activities-Torre_Pellice_Province_of_Turin_Piedmont.html
La Galleria d’Arte Filippo Scroppo, None, Museums, /Attraction_Review-g194937-d15265564-Reviews-La_Galleria_d_Arte_Filippo_Scroppo-Torre_Pellice_Province_of_Turin_Piedmont.html, /Attractions-g194937-Activities-Torre_Pellice_Province_of_Turin_Piedmont.html
Tempio dei Coppieri, None, Sights & Landmarks, /Attraction_Review-g194937-d15265587-Reviews-Tempio_dei_Coppieri-Torre_Pellice_Province_of_Turin_Piedmont.html, /Attractions-g194937-Activities-Torre_Pellice_Province_of_Turin_Piedmont.html
Forte di Santa Maria di Lucerna, None, Sights & Landmarks, /Attraction_Review-g194937-d15265521-Reviews-Forte_di_Santa_Maria_di_Lucerna-Torre_Pellice_Province_of_Turin_Piedmont.html, /Attractions-g194937-Activities-Torre_Pellice_Province_of_Turin_Piedmont.html
Biblioteca civica Carlo Levi, None, Traveller Resources, /Attraction_Review-g194937-d15265548-Reviews-Biblioteca_civica_Carlo_Levi-Torre_Pellice_Province_of_Turin_Piedmont.html, /Attractions-g194937-Activities-Torre_Pellice_Province_of_Turin_Piedmont.html
Sentiero naturalistico della Ghiandaia, None, Nature & Parks, /Attraction_Review-g194937-d15265725-Reviews-Sentiero_naturalistico_della_Ghiandaia-Torre_Pellice_Province_of_Turin_Piedmont.html, /Attractions-g194937-Activities-Torre_Pellice_Province_of_Turin_Piedmont.html
Chiesa di San Martino e Priorato Mauriziano, None, Sights & Landmarks, /Attraction_Review-g194937-d15265474-Reviews-Chiesa_di_San_Martino_e_Priorato_Mauriziano-Torre_Pellice_Province_of_Turin_Pied.html, /Attractions-g194937-Activities-Torre_Pellice_Province_of_Turin_Piedmont.html
