attraction_name, attraction_rate, attraction_type, attraction_url, attraction_parent_url
Porta Santa Maria di Corciano, 4.5, Sights & Landmarks, /Attraction_Review-g608938-d10801839-Reviews-Porta_Santa_Maria_di_Corciano-Corciano_Province_of_Perugia_Umbria.html, /Attractions-g608938-Activities-Corciano_Province_of_Perugia_Umbria.html
Antiquarium di Corciano, 4.5, Museums, /Attraction_Review-g608938-d2175941-Reviews-Antiquarium_di_Corciano-Corciano_Province_of_Perugia_Umbria.html, /Attractions-g608938-Activities-Corciano_Province_of_Perugia_Umbria.html
Mura e Torri del Borgo di Corciano, 5.0, Sights & Landmarks, /Attraction_Review-g608938-d10801931-Reviews-Mura_e_Torri_del_Borgo_di_Corciano-Corciano_Province_of_Perugia_Umbria.html, /Attractions-g608938-Activities-Corciano_Province_of_Perugia_Umbria.html
Alunni Cashmere, 5.0, Shopping, /Attraction_Review-g608938-d12495253-Reviews-Alunni_Cashmere-Corciano_Province_of_Perugia_Umbria.html, /Attractions-g608938-Activities-Corciano_Province_of_Perugia_Umbria.html
Quasar Village, 3.5, Shopping, /Attraction_Review-g608938-d11800559-Reviews-Quasar_Village-Corciano_Province_of_Perugia_Umbria.html, /Attractions-g608938-Activities-Corciano_Province_of_Perugia_Umbria.html
Gherlinda, 3.5, Shopping, /Attraction_Review-g608938-d9979773-Reviews-Gherlinda-Corciano_Province_of_Perugia_Umbria.html, /Attractions-g608938-Activities-Corciano_Province_of_Perugia_Umbria.html
Chiesa di Santa Maria Assunta, 4.0, Sights & Landmarks, /Attraction_Review-g608938-d10801330-Reviews-Chiesa_di_Santa_Maria_Assunta-Corciano_Province_of_Perugia_Umbria.html, /Attractions-g608938-Activities-Corciano_Province_of_Perugia_Umbria.html
Necropoli di Strozzacapponi, 5.0, Sights & Landmarks, /Attraction_Review-g608938-d2016178-Reviews-Necropoli_di_Strozzacapponi-Corciano_Province_of_Perugia_Umbria.html, /Attractions-g608938-Activities-Corciano_Province_of_Perugia_Umbria.html
Palazzo dei Priori di Corciano, 5.0, Sights & Landmarks, /Attraction_Review-g608938-d10801894-Reviews-Palazzo_dei_Priori_di_Corciano-Corciano_Province_of_Perugia_Umbria.html, /Attractions-g608938-Activities-Corciano_Province_of_Perugia_Umbria.html
Ufficio Informazioni Turistiche di Corciano, 5.0, Traveller Resources, /Attraction_Review-g608938-d10801927-Reviews-Ufficio_Informazioni_Turistiche_di_Corciano-Corciano_Province_of_Perugia_Umbria.html, /Attractions-g608938-Activities-Corciano_Province_of_Perugia_Umbria.html
Castello di Pieve del Vescovo, 3.5, Sights & Landmarks, /Attraction_Review-g608938-d10800032-Reviews-Castello_di_Pieve_del_Vescovo-Corciano_Province_of_Perugia_Umbria.html, /Attractions-g608938-Activities-Corciano_Province_of_Perugia_Umbria.html
Piazza Coragino, 4.0, Sights & Landmarks, /Attraction_Review-g608938-d10801964-Reviews-Piazza_Coragino-Corciano_Province_of_Perugia_Umbria.html, /Attractions-g608938-Activities-Corciano_Province_of_Perugia_Umbria.html
Palazzo Comunale di Corciano, 4.0, Sights & Landmarks, /Attraction_Review-g608938-d10801856-Reviews-Palazzo_Comunale_di_Corciano-Corciano_Province_of_Perugia_Umbria.html, /Attractions-g608938-Activities-Corciano_Province_of_Perugia_Umbria.html
Chiesa di San Francesco di Corciano, 4.0, Sights & Landmarks, /Attraction_Review-g608938-d10801868-Reviews-Chiesa_di_San_Francesco_di_Corciano-Corciano_Province_of_Perugia_Umbria.html, /Attractions-g608938-Activities-Corciano_Province_of_Perugia_Umbria.html
Museo della Casa Contadina di Corciano, 3.0, Museums, /Attraction_Review-g608938-d10801846-Reviews-Museo_della_Casa_Contadina_di_Corciano-Corciano_Province_of_Perugia_Umbria.html, /Attractions-g608938-Activities-Corciano_Province_of_Perugia_Umbria.html
Adventure Rooms, 4.5, Fun & Games, /Attraction_Review-g608938-d10185537-Reviews-Adventure_Rooms-Corciano_Province_of_Perugia_Umbria.html, /Attractions-g608938-Activities-Corciano_Province_of_Perugia_Umbria.html
Grotta dell'Himalaya, 5.0, Spas & Wellness, /Attraction_Review-g608938-d6898561-Reviews-Grotta_dell_Himalaya-Corciano_Province_of_Perugia_Umbria.html, /Attractions-g608938-Activities-Corciano_Province_of_Perugia_Umbria.html
The Space Cinema, 3.5, Fun & Games, /Attraction_Review-g608938-d9996809-Reviews-The_Space_Cinema-Corciano_Province_of_Perugia_Umbria.html, /Attractions-g608938-Activities-Corciano_Province_of_Perugia_Umbria.html
Dulcinea Perugia, 5.0, Shopping, /Attraction_Review-g608938-d13442686-Reviews-Dulcinea_Perugia-Corciano_Province_of_Perugia_Umbria.html, /Attractions-g608938-Activities-Corciano_Province_of_Perugia_Umbria.html
Magix Parco Giochi, 4.0, Fun & Games, /Attraction_Review-g608938-d6406955-Reviews-Magix_Parco_Giochi-Corciano_Province_of_Perugia_Umbria.html, /Attractions-g608938-Activities-Corciano_Province_of_Perugia_Umbria.html
Degustitour, 4.0, Tours, /Attraction_Review-g608938-d2181484-Reviews-Degustitour-Corciano_Province_of_Perugia_Umbria.html, /Attractions-g608938-Activities-Corciano_Province_of_Perugia_Umbria.html
Kiss Kiss Bar, 3.0, Nightlife, /Attraction_Review-g608938-d5928833-Reviews-Kiss_Kiss_Bar-Corciano_Province_of_Perugia_Umbria.html, /Attractions-g608938-Activities-Corciano_Province_of_Perugia_Umbria.html
Antares, 2.5, Fun & Games, /Attraction_Review-g608938-d12396460-Reviews-Antares-Corciano_Province_of_Perugia_Umbria.html, /Attractions-g608938-Activities-Corciano_Province_of_Perugia_Umbria.html
Palazzo del Capitano del Popolo, None, Sights & Landmarks, /Attraction_Review-g608938-d10801882-Reviews-Palazzo_del_Capitano_del_Popolo-Corciano_Province_of_Perugia_Umbria.html, /Attractions-g608938-Activities-Corciano_Province_of_Perugia_Umbria.html
Apicoltura Galli, None, Shopping, /Attraction_Review-g608938-d12666406-Reviews-Apicoltura_Galli-Corciano_Province_of_Perugia_Umbria.html, /Attractions-g608938-Activities-Corciano_Province_of_Perugia_Umbria.html
