attraction_name, attraction_rate, attraction_type, attraction_url, attraction_parent_url
Monumento Giuseppe Mazzini, 3.0, Sights & Landmarks, /Attraction_Review-g194946-d20128928-Reviews-Monumento_Giuseppe_Mazzini-Viareggio_Province_of_Lucca_Tuscany.html, /Attractions-g194946-Activities-Viareggio_Province_of_Lucca_Tuscany.html
Monumento Aurelio Saffi, 3.0, Sights & Landmarks, /Attraction_Review-g194946-d20128191-Reviews-Monumento_Aurelio_Saffi-Viareggio_Province_of_Lucca_Tuscany.html, /Attractions-g194946-Activities-Viareggio_Province_of_Lucca_Tuscany.html
Palazzo Montecatini, 3.0, Sights & Landmarks, /Attraction_Review-g194946-d20128147-Reviews-Palazzo_Montecatini-Viareggio_Province_of_Lucca_Tuscany.html, /Attractions-g194946-Activities-Viareggio_Province_of_Lucca_Tuscany.html
Palazzo Belluomini, 3.0, Sights & Landmarks, /Attraction_Review-g194946-d20128121-Reviews-Palazzo_Belluomini-Viareggio_Province_of_Lucca_Tuscany.html, /Attractions-g194946-Activities-Viareggio_Province_of_Lucca_Tuscany.html
Monumento a Percy Bysshe Shelley, 3.0, Sights & Landmarks, /Attraction_Review-g194946-d20128145-Reviews-Monumento_a_Percy_Bysshe_Shelley-Viareggio_Province_of_Lucca_Tuscany.html, /Attractions-g194946-Activities-Viareggio_Province_of_Lucca_Tuscany.html
Supercinema Savoia, 3.0, Sights & Landmarks, /Attraction_Review-g194946-d20128157-Reviews-Supercinema_Savoia-Viareggio_Province_of_Lucca_Tuscany.html, /Attractions-g194946-Activities-Viareggio_Province_of_Lucca_Tuscany.html
Villino 'Amor Omnia Vincit', 3.0, Sights & Landmarks, /Attraction_Review-g194946-d20145435-Reviews-Villino_Amor_Omnia_Vincit-Viareggio_Province_of_Lucca_Tuscany.html, /Attractions-g194946-Activities-Viareggio_Province_of_Lucca_Tuscany.html
Villino Domenici, 3.0, Sights & Landmarks, /Attraction_Review-g194946-d20145434-Reviews-Villino_Domenici-Viareggio_Province_of_Lucca_Tuscany.html, /Attractions-g194946-Activities-Viareggio_Province_of_Lucca_Tuscany.html
Villa Manetti, 3.0, Sights & Landmarks, /Attraction_Review-g194946-d20149195-Reviews-Villa_Manetti-Viareggio_Province_of_Lucca_Tuscany.html, /Attractions-g194946-Activities-Viareggio_Province_of_Lucca_Tuscany.html
Chalet Martini, 3.0, Sights & Landmarks, /Attraction_Review-g194946-d20158813-Reviews-Chalet_Martini-Viareggio_Province_of_Lucca_Tuscany.html, /Attractions-g194946-Activities-Viareggio_Province_of_Lucca_Tuscany.html
Villino Flora, 3.0, Sights & Landmarks, /Attraction_Review-g194946-d20158855-Reviews-Villino_Flora-Viareggio_Province_of_Lucca_Tuscany.html, /Attractions-g194946-Activities-Viareggio_Province_of_Lucca_Tuscany.html
Statua Ugo Brilli, 3.0, Sights & Landmarks, /Attraction_Review-g194946-d20158839-Reviews-Statua_Ugo_Brilli-Viareggio_Province_of_Lucca_Tuscany.html, /Attractions-g194946-Activities-Viareggio_Province_of_Lucca_Tuscany.html
Palazzo delle Muse, 3.0, Sights & Landmarks, /Attraction_Review-g194946-d20170918-Reviews-Palazzo_delle_Muse-Viareggio_Province_of_Lucca_Tuscany.html, /Attractions-g194946-Activities-Viareggio_Province_of_Lucca_Tuscany.html
Villino Tolomei, 3.0, Sights & Landmarks, /Attraction_Review-g194946-d20162284-Reviews-Villino_Tolomei-Viareggio_Province_of_Lucca_Tuscany.html, /Attractions-g194946-Activities-Viareggio_Province_of_Lucca_Tuscany.html
Villa Bourbon del Monte, 3.0, Sights & Landmarks, /Attraction_Review-g194946-d20174484-Reviews-Villa_Bourbon_del_Monte-Viareggio_Province_of_Lucca_Tuscany.html, /Attractions-g194946-Activities-Viareggio_Province_of_Lucca_Tuscany.html
Scuole Lambruschini, 3.0, Sights & Landmarks, /Attraction_Review-g194946-d20192250-Reviews-Scuole_Lambruschini-Viareggio_Province_of_Lucca_Tuscany.html, /Attractions-g194946-Activities-Viareggio_Province_of_Lucca_Tuscany.html
Bagno Martinelli, 3.5, Outdoor Activities, /Attraction_Review-g194946-d20198641-Reviews-Bagno_Martinelli-Viareggio_Province_of_Lucca_Tuscany.html, /Attractions-g194946-Activities-Viareggio_Province_of_Lucca_Tuscany.html
Bagno Felice, 3.0, Outdoor Activities, /Attraction_Review-g194946-d20198847-Reviews-Bagno_Felice-Viareggio_Province_of_Lucca_Tuscany.html, /Attractions-g194946-Activities-Viareggio_Province_of_Lucca_Tuscany.html
Villino Bertoni, 3.0, Sights & Landmarks, /Attraction_Review-g194946-d20198564-Reviews-Villino_Bertoni-Viareggio_Province_of_Lucca_Tuscany.html, /Attractions-g194946-Activities-Viareggio_Province_of_Lucca_Tuscany.html
Bagno Sauro, 1.0, Nature & Parks, /Attraction_Review-g194946-d4559171-Reviews-Bagno_Sauro-Viareggio_Province_of_Lucca_Tuscany.html, /Attractions-g194946-Activities-Viareggio_Province_of_Lucca_Tuscany.html
Villa Cerpelli, 2.0, Sights & Landmarks, /Attraction_Review-g194946-d20145410-Reviews-Villa_Cerpelli-Viareggio_Province_of_Lucca_Tuscany.html, /Attractions-g194946-Activities-Viareggio_Province_of_Lucca_Tuscany.html
Villino Boilleau, 2.0, Sights & Landmarks, /Attraction_Review-g194946-d20170128-Reviews-Villino_Boilleau-Viareggio_Province_of_Lucca_Tuscany.html, /Attractions-g194946-Activities-Viareggio_Province_of_Lucca_Tuscany.html
Casa Cittadella, 2.0, Sights & Landmarks, /Attraction_Review-g194946-d20180446-Reviews-Casa_Cittadella-Viareggio_Province_of_Lucca_Tuscany.html, /Attractions-g194946-Activities-Viareggio_Province_of_Lucca_Tuscany.html
Villino de Ranieri, 2.0, Sights & Landmarks, /Attraction_Review-g194946-d20180580-Reviews-Villino_de_Ranieri-Viareggio_Province_of_Lucca_Tuscany.html, /Attractions-g194946-Activities-Viareggio_Province_of_Lucca_Tuscany.html
Villino Billet, 2.0, Sights & Landmarks, /Attraction_Review-g194946-d20196436-Reviews-Villino_Billet-Viareggio_Province_of_Lucca_Tuscany.html, /Attractions-g194946-Activities-Viareggio_Province_of_Lucca_Tuscany.html
Ex Balipedio, 2.0, Sights & Landmarks, /Attraction_Review-g194946-d20196567-Reviews-Ex_Balipedio-Viareggio_Province_of_Lucca_Tuscany.html, /Attractions-g194946-Activities-Viareggio_Province_of_Lucca_Tuscany.html
Magazzino del sale, 2.0, Sights & Landmarks, /Attraction_Review-g194946-d20196493-Reviews-Magazzino_del_sale-Viareggio_Province_of_Lucca_Tuscany.html, /Attractions-g194946-Activities-Viareggio_Province_of_Lucca_Tuscany.html
Villino Bramonti, 2.0, Sights & Landmarks, /Attraction_Review-g194946-d20196434-Reviews-Villino_Bramonti-Viareggio_Province_of_Lucca_Tuscany.html, /Attractions-g194946-Activities-Viareggio_Province_of_Lucca_Tuscany.html
Galleria del libro, 2.0, Sights & Landmarks, /Attraction_Review-g194946-d20196457-Reviews-Galleria_del_libro-Viareggio_Province_of_Lucca_Tuscany.html, /Attractions-g194946-Activities-Viareggio_Province_of_Lucca_Tuscany.html
Mercato Ittico, 2.0, Food & Drink, /Attraction_Review-g194946-d20198588-Reviews-Mercato_Ittico-Viareggio_Province_of_Lucca_Tuscany.html, /Attractions-g194946-Activities-Viareggio_Province_of_Lucca_Tuscany.html
