attraction_name, attraction_rate, attraction_type, attraction_url, attraction_parent_url
Museo Archeologico Nazionale di Palestrina, 4.5, Museums, /Attraction_Review-g635624-d2039956-Reviews-Museo_Archeologico_Nazionale_di_Palestrina-Palestrina_Province_of_Rome_Lazio.html, /Attractions-g635624-Activities-Palestrina_Province_of_Rome_Lazio.html
Santuario Oracolare della Fortuna Primigenia, 4.5, Sights & Landmarks, /Attraction_Review-g635624-d2194742-Reviews-Santuario_Oracolare_della_Fortuna_Primigenia-Palestrina_Province_of_Rome_Lazio.html, /Attractions-g635624-Activities-Palestrina_Province_of_Rome_Lazio.html
Cattedrale di Sant'Agapito, 4.0, Sights & Landmarks, /Attraction_Review-g635624-d5813185-Reviews-Cattedrale_di_Sant_Agapito-Palestrina_Province_of_Rome_Lazio.html, /Attractions-g635624-Activities-Palestrina_Province_of_Rome_Lazio.html
Convento di S. Francesco, 4.5, Sights & Landmarks, /Attraction_Review-g635624-d5813186-Reviews-Convento_di_S_Francesco-Palestrina_Province_of_Rome_Lazio.html, /Attractions-g635624-Activities-Palestrina_Province_of_Rome_Lazio.html
Antro delle Sorti, 4.0, Sights & Landmarks, /Attraction_Review-g635624-d2080370-Reviews-Antro_delle_Sorti-Palestrina_Province_of_Rome_Lazio.html, /Attractions-g635624-Activities-Palestrina_Province_of_Rome_Lazio.html
Museo Casa Natale - Giovanni Pierluigi da Palestrina, 4.0, Sights & Landmarks, /Attraction_Review-g635624-d2075700-Reviews-Museo_Casa_Natale_Giovanni_Pierluigi_da_Palestrina-Palestrina_Province_of_Rome_La.html, /Attractions-g635624-Activities-Palestrina_Province_of_Rome_Lazio.html
Museo Diocesano Prenestino di Arte Sacre, 4.0, Museums, /Attraction_Review-g635624-d3318083-Reviews-Museo_Diocesano_Prenestino_di_Arte_Sacre-Palestrina_Province_of_Rome_Lazio.html, /Attractions-g635624-Activities-Palestrina_Province_of_Rome_Lazio.html
Statua di Giovanni Pierluigi da Palestrina, 3.5, Sights & Landmarks, /Attraction_Review-g635624-d15791549-Reviews-Statua_di_Giovanni_Pierluigi_da_Palestrina-Palestrina_Province_of_Rome_Lazio.html, /Attractions-g635624-Activities-Palestrina_Province_of_Rome_Lazio.html
Pro Loco di Palestrina, 3.5, Traveller Resources, /Attraction_Review-g635624-d12815149-Reviews-Pro_Loco_di_Palestrina-Palestrina_Province_of_Rome_Lazio.html, /Attractions-g635624-Activities-Palestrina_Province_of_Rome_Lazio.html
Spazio Articolo Nove, 4.5, Tours, /Attraction_Review-g635624-d11548268-Reviews-Spazio_Articolo_Nove-Palestrina_Province_of_Rome_Lazio.html, /Attractions-g635624-Activities-Palestrina_Province_of_Rome_Lazio.html
Bar Cecconi, 4.0, Nightlife, /Attraction_Review-g635624-d5926604-Reviews-Bar_Cecconi-Palestrina_Province_of_Rome_Lazio.html, /Attractions-g635624-Activities-Palestrina_Province_of_Rome_Lazio.html
Torrefazione The Coffee Velluti, 5.0, Shopping, /Attraction_Review-g635624-d3545731-Reviews-Torrefazione_The_Coffee_Velluti-Palestrina_Province_of_Rome_Lazio.html, /Attractions-g635624-Activities-Palestrina_Province_of_Rome_Lazio.html
Rome Off Road, None, Outdoor Activities, /Attraction_Review-g635624-d1740295-Reviews-Rome_Off_Road-Palestrina_Province_of_Rome_Lazio.html, /Attractions-g635624-Activities-Palestrina_Province_of_Rome_Lazio.html
