attraction_name, attraction_rate, attraction_type, attraction_url, attraction_parent_url
Bagno Liù, 3.5, Outdoor Activities, /Attraction_Review-g194815-d19042587-Reviews-Bagno_Liu-Marina_di_Pietrasanta_Province_of_Lucca_Tuscany.html, /Attractions-g194815-Activities-Marina_di_Pietrasanta_Province_of_Lucca_Tuscany.html
Info Point Comune di Pietrasanta, 4.5, Traveller Resources, /Attraction_Review-g194815-d11868049-Reviews-Info_Point_Comune_di_Pietrasanta-Marina_di_Pietrasanta_Province_of_Lucca_Tuscany.html, /Attractions-g194815-Activities-Marina_di_Pietrasanta_Province_of_Lucca_Tuscany.html
Bagno Toscano, 3.0, Outdoor Activities, /Attraction_Review-g194815-d15018236-Reviews-Bagno_Toscano-Marina_di_Pietrasanta_Province_of_Lucca_Tuscany.html, /Attractions-g194815-Activities-Marina_di_Pietrasanta_Province_of_Lucca_Tuscany.html
Bagno Soleado, 4.5, Outdoor Activities, /Attraction_Review-g194815-d17503229-Reviews-Bagno_Soleado-Marina_di_Pietrasanta_Province_of_Lucca_Tuscany.html, /Attractions-g194815-Activities-Marina_di_Pietrasanta_Province_of_Lucca_Tuscany.html
Beach Club Daisy, None, Outdoor Activities, /Attraction_Review-g194815-d17503201-Reviews-Beach_Club_Daisy-Marina_di_Pietrasanta_Province_of_Lucca_Tuscany.html, /Attractions-g194815-Activities-Marina_di_Pietrasanta_Province_of_Lucca_Tuscany.html
