attraction_name, attraction_rate, attraction_type, attraction_url, attraction_parent_url
Torre medievale di Riccia, 4.5, Sights & Landmarks, /Attraction_Review-g2400396-d9791118-Reviews-Torre_medievale_di_Riccia-Riccia_Province_of_Campobasso_Molise.html, /Attractions-g2400396-Activities-Riccia_Province_of_Campobasso_Molise.html
Villaggio Turistico Ciocca, 4.0, Water & Amusement Parks, /Attraction_Review-g2400396-d6854735-Reviews-Villaggio_Turistico_Ciocca-Riccia_Province_of_Campobasso_Molise.html, /Attractions-g2400396-Activities-Riccia_Province_of_Campobasso_Molise.html
Centro Storico, 3.5, Sights & Landmarks, /Attraction_Review-g2400396-d13564311-Reviews-Centro_Storico-Riccia_Province_of_Campobasso_Molise.html, /Attractions-g2400396-Activities-Riccia_Province_of_Campobasso_Molise.html
Madonna delle Grazie, 3.0, Sights & Landmarks, /Attraction_Review-g2400396-d8587485-Reviews-Madonna_delle_Grazie-Riccia_Province_of_Campobasso_Molise.html, /Attractions-g2400396-Activities-Riccia_Province_of_Campobasso_Molise.html
Chiesa di Santa Maria Assunta, 3.0, Sights & Landmarks, /Attraction_Review-g2400396-d9791039-Reviews-Chiesa_di_Santa_Maria_Assunta-Riccia_Province_of_Campobasso_Molise.html, /Attractions-g2400396-Activities-Riccia_Province_of_Campobasso_Molise.html
Chiesa della Beata Vergine del Carmine, None, Sights & Landmarks, /Attraction_Review-g2400396-d12858866-Reviews-Chiesa_della_Beata_Vergine_del_Carmine-Riccia_Province_of_Campobasso_Molise.html, /Attractions-g2400396-Activities-Riccia_Province_of_Campobasso_Molise.html
Chiesa dell'Annunziata, None, Sights & Landmarks, /Attraction_Review-g2400396-d12858686-Reviews-Chiesa_dell_Annunziata-Riccia_Province_of_Campobasso_Molise.html, /Attractions-g2400396-Activities-Riccia_Province_of_Campobasso_Molise.html
Chiesa dell'Immacolata Concezione, None, Sights & Landmarks, /Attraction_Review-g2400396-d13564428-Reviews-Chiesa_dell_Immacolata_Concezione-Riccia_Province_of_Campobasso_Molise.html, /Attractions-g2400396-Activities-Riccia_Province_of_Campobasso_Molise.html
Antica Zecca, None, Sights & Landmarks, /Attraction_Review-g2400396-d13564397-Reviews-Antica_Zecca-Riccia_Province_of_Campobasso_Molise.html, /Attractions-g2400396-Activities-Riccia_Province_of_Campobasso_Molise.html
Museo delle Arti e delle Tradizioni Popolari, None, Museums, /Attraction_Review-g2400396-d15297328-Reviews-Museo_delle_Arti_e_delle_Tradizioni_Popolari-Riccia_Province_of_Campobasso_Moli.html, /Attractions-g2400396-Activities-Riccia_Province_of_Campobasso_Molise.html
