attraction_name, attraction_rate, attraction_type, attraction_url, attraction_parent_url
Chiesa di San Lorenzo - La Rotonda, 4.5, Sights & Landmarks, /Attraction_Review-g4552844-d7046711-Reviews-Chiesa_di_San_Lorenzo_La_Rotonda-Ghisalba_Province_of_Bergamo_Lombardy.html, /Attractions-g4552844-Activities-Ghisalba_Province_of_Bergamo_Lombardy.html
Laghetto Smeraldo, 4.5, Nature & Parks, /Attraction_Review-g4552844-d10780232-Reviews-Laghetto_Smeraldo-Ghisalba_Province_of_Bergamo_Lombardy.html, /Attractions-g4552844-Activities-Ghisalba_Province_of_Bergamo_Lombardy.html
Paintball  Bergamo, 5.0, Fun & Games, /Attraction_Review-g4552844-d11894646-Reviews-Paintball_Bergamo-Ghisalba_Province_of_Bergamo_Lombardy.html, /Attractions-g4552844-Activities-Ghisalba_Province_of_Bergamo_Lombardy.html
80 Voglia Disco-Pub, 5.0, Nightlife, /Attraction_Review-g4552844-d5937440-Reviews-80_Voglia_Disco_Pub-Ghisalba_Province_of_Bergamo_Lombardy.html, /Attractions-g4552844-Activities-Ghisalba_Province_of_Bergamo_Lombardy.html
