attraction_name, attraction_rate, attraction_type, attraction_url, attraction_parent_url
Parco Tematico della Grande Guerra di Monfalcone, 4.5, Museums, /Attraction_Review-g194829-d6498818-Reviews-Parco_Tematico_della_Grande_Guerra_di_Monfalcone-Monfalcone_Province_of_Gorizia_F.html, /Attractions-g194829-Activities-Monfalcone_Province_of_Gorizia_Friuli_Venezia_Giulia.html
MuCa - Museo della Cantieristica di Monfalcone, 4.5, Museums, /Attraction_Review-g194829-d11621441-Reviews-MuCa_Museo_della_Cantieristica_di_Monfalcone-Monfalcone_Province_of_Gorizia_Friu.html, /Attractions-g194829-Activities-Monfalcone_Province_of_Gorizia_Friuli_Venezia_Giulia.html
Santuario della Beata Vergine Marcelliana di Monfalcone, 4.5, Sights & Landmarks, /Attraction_Review-g194829-d10738609-Reviews-Santuario_della_Beata_Vergine_Marcelliana_di_Monfalcone-Monfalcone_Province_of_G.html, /Attractions-g194829-Activities-Monfalcone_Province_of_Gorizia_Friuli_Venezia_Giulia.html
Museo della Rocca di Monfalcone, 4.0, Museums, /Attraction_Review-g194829-d8099420-Reviews-Museo_della_Rocca_di_Monfalcone-Monfalcone_Province_of_Gorizia_Friuli_Venezia_Giu.html, /Attractions-g194829-Activities-Monfalcone_Province_of_Gorizia_Friuli_Venezia_Giulia.html
Galleria Comunale D'arte Contemporanea Di Monfalcone, 4.0, Museums, /Attraction_Review-g194829-d8099418-Reviews-Galleria_Comunale_D_arte_Contemporanea_Di_Monfalcone-Monfalcone_Province_of_Goriz.html, /Attractions-g194829-Activities-Monfalcone_Province_of_Gorizia_Friuli_Venezia_Giulia.html
Biotopo Risorgive di Schiavetti, 4.5, Nature & Parks, /Attraction_Review-g194829-d12319209-Reviews-Biotopo_Risorgive_di_Schiavetti-Monfalcone_Province_of_Gorizia_Friuli_Venezia_Gi.html, /Attractions-g194829-Activities-Monfalcone_Province_of_Gorizia_Friuli_Venezia_Giulia.html
Campo Sportivo Oscar Cosulich, 4.0, Fun & Games, /Attraction_Review-g194829-d12831674-Reviews-Campo_Sportivo_Oscar_Cosulich-Monfalcone_Province_of_Gorizia_Friuli_Venezia_Giul.html, /Attractions-g194829-Activities-Monfalcone_Province_of_Gorizia_Friuli_Venezia_Giulia.html
Il Duomo di Sant'Ambrogio, 3.5, Sights & Landmarks, /Attraction_Review-g194829-d8648875-Reviews-Il_Duomo_di_Sant_Ambrogio-Monfalcone_Province_of_Gorizia_Friuli_Venezia_Giulia.html, /Attractions-g194829-Activities-Monfalcone_Province_of_Gorizia_Friuli_Venezia_Giulia.html
Circolo del bel canto Museo Beniamino Gigli, 3.5, Museums, /Attraction_Review-g194829-d9857744-Reviews-Circolo_del_bel_canto_Museo_Beniamino_Gigli-Monfalcone_Province_of_Gorizia_Friuli.html, /Attractions-g194829-Activities-Monfalcone_Province_of_Gorizia_Friuli_Venezia_Giulia.html
Biblioteca Comunale, 5.0, Traveller Resources, /Attraction_Review-g194829-d12275977-Reviews-Biblioteca_Comunale-Monfalcone_Province_of_Gorizia_Friuli_Venezia_Giulia.html, /Attractions-g194829-Activities-Monfalcone_Province_of_Gorizia_Friuli_Venezia_Giulia.html
Teatro Comunale di Monfalcone, 4.0, Concerts & Shows, /Attraction_Review-g194829-d11871854-Reviews-Teatro_Comunale_di_Monfalcone-Monfalcone_Province_of_Gorizia_Friuli_Venezia_Giul.html, /Attractions-g194829-Activities-Monfalcone_Province_of_Gorizia_Friuli_Venezia_Giulia.html
Piazza della Repubblica, 3.5, Sights & Landmarks, /Attraction_Review-g194829-d12831714-Reviews-Piazza_della_Repubblica-Monfalcone_Province_of_Gorizia_Friuli_Venezia_Giulia.html, /Attractions-g194829-Activities-Monfalcone_Province_of_Gorizia_Friuli_Venezia_Giulia.html
Gran Shopping Belforte, 4.0, Shopping, /Attraction_Review-g194829-d19641180-Reviews-Gran_Shopping_Belforte-Monfalcone_Province_of_Gorizia_Friuli_Venezia_Giulia.html, /Attractions-g194829-Activities-Monfalcone_Province_of_Gorizia_Friuli_Venezia_Giulia.html
Palazzo Comunale di Monfalcone, 4.5, Sights & Landmarks, /Attraction_Review-g194829-d10739168-Reviews-Palazzo_Comunale_di_Monfalcone-Monfalcone_Province_of_Gorizia_Friuli_Venezia_Giu.html, /Attractions-g194829-Activities-Monfalcone_Province_of_Gorizia_Friuli_Venezia_Giulia.html
Bar Hannibal, 4.0, Nightlife, /Attraction_Review-g194829-d5923988-Reviews-Bar_Hannibal-Monfalcone_Province_of_Gorizia_Friuli_Venezia_Giulia.html, /Attractions-g194829-Activities-Monfalcone_Province_of_Gorizia_Friuli_Venezia_Giulia.html
Vigneti Conte, 4.0, Food & Drink, /Attraction_Review-g194829-d12833327-Reviews-Vigneti_Conte-Monfalcone_Province_of_Gorizia_Friuli_Venezia_Giulia.html, /Attractions-g194829-Activities-Monfalcone_Province_of_Gorizia_Friuli_Venezia_Giulia.html
Femme Chic, 4.5, Spas & Wellness, /Attraction_Review-g194829-d10454281-Reviews-Femme_Chic-Monfalcone_Province_of_Gorizia_Friuli_Venezia_Giulia.html, /Attractions-g194829-Activities-Monfalcone_Province_of_Gorizia_Friuli_Venezia_Giulia.html
Kinemax, 4.0, Fun & Games, /Attraction_Review-g194829-d12831701-Reviews-Kinemax-Monfalcone_Province_of_Gorizia_Friuli_Venezia_Giulia.html, /Attractions-g194829-Activities-Monfalcone_Province_of_Gorizia_Friuli_Venezia_Giulia.html
Terme Romane di Monfalcone Terme FVG, 3.5, Spas & Wellness, /Attraction_Review-g194829-d6782478-Reviews-Terme_Romane_di_Monfalcone_Terme_FVG-Monfalcone_Province_of_Gorizia_Friuli_Venezi.html, /Attractions-g194829-Activities-Monfalcone_Province_of_Gorizia_Friuli_Venezia_Giulia.html
Chiesa di San Nicolò, None, Sights & Landmarks, /Attraction_Review-g194829-d12831641-Reviews-Chiesa_di_San_Nicolo-Monfalcone_Province_of_Gorizia_Friuli_Venezia_Giulia.html, /Attractions-g194829-Activities-Monfalcone_Province_of_Gorizia_Friuli_Venezia_Giulia.html
Castelliere della Gradiscata, None, Sights & Landmarks, /Attraction_Review-g194829-d12831367-Reviews-Castelliere_della_Gradiscata-Monfalcone_Province_of_Gorizia_Friuli_Venezia_Giuli.html, /Attractions-g194829-Activities-Monfalcone_Province_of_Gorizia_Friuli_Venezia_Giulia.html
Chiesa della Beata Vergine del Rosario, None, Sights & Landmarks, /Attraction_Review-g194829-d12831663-Reviews-Chiesa_della_Beata_Vergine_del_Rosario-Monfalcone_Province_of_Gorizia_Friuli_Ven.html, /Attractions-g194829-Activities-Monfalcone_Province_of_Gorizia_Friuli_Venezia_Giulia.html
Unika Fitness &amp; Wellness Club, None, Spas & Wellness, /Attraction_Review-g194829-d12831690-Reviews-Unika_Fitness_Wellness_Club-Monfalcone_Province_of_Gorizia_Friuli_Venezia_Giulia.html, /Attractions-g194829-Activities-Monfalcone_Province_of_Gorizia_Friuli_Venezia_Giulia.html
Palazzetto Veneto, None, Sights & Landmarks, /Attraction_Review-g194829-d12833324-Reviews-Palazzetto_Veneto-Monfalcone_Province_of_Gorizia_Friuli_Venezia_Giulia.html, /Attractions-g194829-Activities-Monfalcone_Province_of_Gorizia_Friuli_Venezia_Giulia.html
Sentiero dei Castellieri N° 78, None, Nature & Parks, /Attraction_Review-g194829-d12831156-Reviews-Sentiero_dei_Castellieri_N_78-Monfalcone_Province_of_Gorizia_Friuli_Venezia_Giul.html, /Attractions-g194829-Activities-Monfalcone_Province_of_Gorizia_Friuli_Venezia_Giulia.html
Villa Barocca 'G6/32 - Monfalcone, None, Sights & Landmarks, /Attraction_Review-g194829-d10739763-Reviews-Villa_Barocca_G6_32_Monfalcone-Monfalcone_Province_of_Gorizia_Friuli_Venezia_Giu.html, /Attractions-g194829-Activities-Monfalcone_Province_of_Gorizia_Friuli_Venezia_Giulia.html
Pro Loco, None, Traveller Resources, /Attraction_Review-g194829-d12612100-Reviews-Pro_Loco-Monfalcone_Province_of_Gorizia_Friuli_Venezia_Giulia.html, /Attractions-g194829-Activities-Monfalcone_Province_of_Gorizia_Friuli_Venezia_Giulia.html
Galleria Rifugio Monfalcone, None, Sights & Landmarks, /Attraction_Review-g194829-d12556671-Reviews-Galleria_Rifugio_Monfalcone-Monfalcone_Province_of_Gorizia_Friuli_Venezia_Giulia.html, /Attractions-g194829-Activities-Monfalcone_Province_of_Gorizia_Friuli_Venezia_Giulia.html
Taxi Mario, None, Transportation, /Attraction_Review-g194829-d12516959-Reviews-Taxi_Mario-Monfalcone_Province_of_Gorizia_Friuli_Venezia_Giulia.html, /Attractions-g194829-Activities-Monfalcone_Province_of_Gorizia_Friuli_Venezia_Giulia.html
Solero Beach, None, Outdoor Activities, /Attraction_Review-g194829-d17691708-Reviews-Solero_Beach-Monfalcone_Province_of_Gorizia_Friuli_Venezia_Giulia.html, /Attractions-g194829-Activities-Monfalcone_Province_of_Gorizia_Friuli_Venezia_Giulia.html
