attraction_name, attraction_rate, attraction_type, attraction_url, attraction_parent_url
Grotta Sant'Angelo, 3.5, Nature & Parks, /Attraction_Review-g1924910-d12803521-Reviews-Grotta_Sant_Angelo-Lettomanoppello_Province_of_Pescara_Abruzzo.html, /Attractions-g1924910-Activities-Lettomanoppello_Province_of_Pescara_Abruzzo.html
Parrocchia S. Nicola di Bari, None, Sights & Landmarks, /Attraction_Review-g1924910-d10423189-Reviews-Parrocchia_S_Nicola_di_Bari-Lettomanoppello_Province_of_Pescara_Abruzzo.html, /Attractions-g1924910-Activities-Lettomanoppello_Province_of_Pescara_Abruzzo.html
Santuario dell'Iconicella, None, Sights & Landmarks, /Attraction_Review-g1924910-d13127857-Reviews-Santuario_dell_Iconicella-Lettomanoppello_Province_of_Pescara_Abruzzo.html, /Attractions-g1924910-Activities-Lettomanoppello_Province_of_Pescara_Abruzzo.html
Teatro Comunale, None, Sights & Landmarks, /Attraction_Review-g1924910-d15143682-Reviews-Teatro_Comunale-Lettomanoppello_Province_of_Pescara_Abruzzo.html, /Attractions-g1924910-Activities-Lettomanoppello_Province_of_Pescara_Abruzzo.html
Tholos della Signora Margherita, None, Sights & Landmarks, /Attraction_Review-g1924910-d15221965-Reviews-Tholos_della_Signora_Margherita-Lettomanoppello_Province_of_Pescara_Abruzzo.html, /Attractions-g1924910-Activities-Lettomanoppello_Province_of_Pescara_Abruzzo.html
