attraction_name, attraction_rate, attraction_type, attraction_url, attraction_parent_url
Villa Monza - Municipio di Dueville, 4.5, Sights & Landmarks, /Attraction_Review-g2338607-d10701406-Reviews-Villa_Monza_Municipio_di_Dueville-Dueville_Province_of_Vicenza_Veneto.html, /Attractions-g2338607-Activities-Dueville_Province_of_Vicenza_Veneto.html
Biblioteca di Dueville, 4.5, Traveller Resources, /Attraction_Review-g2338607-d10721035-Reviews-Biblioteca_di_Dueville-Dueville_Province_of_Vicenza_Veneto.html, /Attractions-g2338607-Activities-Dueville_Province_of_Vicenza_Veneto.html
Villa da Porto Pedrotti ( Villa Milana), 4.0, Sights & Landmarks, /Attraction_Review-g2338607-d11717365-Reviews-Villa_da_Porto_Pedrotti_Villa_Milana-Dueville_Province_of_Vicenza_Veneto.html, /Attractions-g2338607-Activities-Dueville_Province_of_Vicenza_Veneto.html
Villa Porto Casarotto, 4.0, Sights & Landmarks, /Attraction_Review-g2338607-d8467638-Reviews-Villa_Porto_Casarotto-Dueville_Province_of_Vicenza_Veneto.html, /Attractions-g2338607-Activities-Dueville_Province_of_Vicenza_Veneto.html
Birreria Alle Poste, 4.0, Nightlife, /Attraction_Review-g2338607-d5923201-Reviews-Birreria_Alle_Poste-Dueville_Province_of_Vicenza_Veneto.html, /Attractions-g2338607-Activities-Dueville_Province_of_Vicenza_Veneto.html
Del Conte, 5.0, Shopping, /Attraction_Review-g2338607-d9811047-Reviews-Del_Conte-Dueville_Province_of_Vicenza_Veneto.html, /Attractions-g2338607-Activities-Dueville_Province_of_Vicenza_Veneto.html
Oratorio Porto - Chiesa di  B.V. di Monte Berico In Dueville, 4.0, Sights & Landmarks, /Attraction_Review-g2338607-d21014894-Reviews-Oratorio_Porto_Chiesa_di_B_V_di_Monte_Berico_In_Dueville-Dueville_Province_of_V.html, /Attractions-g2338607-Activities-Dueville_Province_of_Vicenza_Veneto.html
Villa Ruttilio&& Rossi&& detta 'Ca' dei Volti', None, Sights & Landmarks, /Attraction_Review-g2338607-d10701364-Reviews-Villa_Ruttilio_Rossi_detta_Ca_dei_Volti-Dueville_Province_of_Vicenza_Veneto.html, /Attractions-g2338607-Activities-Dueville_Province_of_Vicenza_Veneto.html
Villa 'Patrizia' Fadinelli-Berdin, None, Sights & Landmarks, /Attraction_Review-g2338607-d20990132-Reviews-Villa_Patrizia_Fadinelli_Berdin-Dueville_Province_of_Vicenza_Veneto.html, /Attractions-g2338607-Activities-Dueville_Province_of_Vicenza_Veneto.html
Chiesa Di Santa Maria E Santa Fosca, None, Sights & Landmarks, /Attraction_Review-g2338607-d20990133-Reviews-Chiesa_Di_Santa_Maria_E_Santa_Fosca-Dueville_Province_of_Vicenza_Veneto.html, /Attractions-g2338607-Activities-Dueville_Province_of_Vicenza_Veneto.html
Chiesa dei Santi Girolamo e Bernardino, None, Sights & Landmarks, /Attraction_Review-g2338607-d20992339-Reviews-Chiesa_dei_Santi_Girolamo_e_Bernardino-Dueville_Province_of_Vicenza_Veneto.html, /Attractions-g2338607-Activities-Dueville_Province_of_Vicenza_Veneto.html
Risorgive Del Bacchiglione - Bosco di Dueville, None, Nature & Parks, /Attraction_Review-g2338607-d21001057-Reviews-Risorgive_Del_Bacchiglione_Bosco_di_Dueville-Dueville_Province_of_Vicenza_Venet.html, /Attractions-g2338607-Activities-Dueville_Province_of_Vicenza_Veneto.html
Chiesa di San Sebastiano, None, Sights & Landmarks, /Attraction_Review-g2338607-d20992317-Reviews-Chiesa_di_San_Sebastiano-Dueville_Province_of_Vicenza_Veneto.html, /Attractions-g2338607-Activities-Dueville_Province_of_Vicenza_Veneto.html
Antica Cartiera di Dueville, None, Sights & Landmarks, /Attraction_Review-g2338607-d20992345-Reviews-Antica_Cartiera_di_Dueville-Dueville_Province_of_Vicenza_Veneto.html, /Attractions-g2338607-Activities-Dueville_Province_of_Vicenza_Veneto.html
