attraction_name, attraction_rate, attraction_type, attraction_url, attraction_parent_url
Oratorio Suardi, 4.5, Sights & Landmarks, /Attraction_Review-g1160810-d2421862-Reviews-Oratorio_Suardi-Trescore_Balneario_Province_of_Bergamo_Lombardy.html, /Attractions-g1160810-Activities-Trescore_Balneario_Province_of_Bergamo_Lombardy.html
Torre Via Torre di Trescore Balneario, 4.0, Sights & Landmarks, /Attraction_Review-g1160810-d10696888-Reviews-Torre_Via_Torre_di_Trescore_Balneario-Trescore_Balneario_Province_of_Bergamo_Lo.html, /Attractions-g1160810-Activities-Trescore_Balneario_Province_of_Bergamo_Lombardy.html
Santuario della Madonna del Mirabile, 4.0, Sights & Landmarks, /Attraction_Review-g1160810-d15265919-Reviews-Santuario_della_Madonna_del_Mirabile-Trescore_Balneario_Province_of_Bergamo_Lom.html, /Attractions-g1160810-Activities-Trescore_Balneario_Province_of_Bergamo_Lombardy.html
Chiesa di San Cassiano, 3.0, Sights & Landmarks, /Attraction_Review-g1160810-d11893149-Reviews-Chiesa_di_San_Cassiano-Trescore_Balneario_Province_of_Bergamo_Lombardy.html, /Attractions-g1160810-Activities-Trescore_Balneario_Province_of_Bergamo_Lombardy.html
Ninfe e Folletti Games Land, 4.0, Fun & Games, /Attraction_Review-g1160810-d6415992-Reviews-Ninfe_e_Folletti_Games_Land-Trescore_Balneario_Province_of_Bergamo_Lombardy.html, /Attractions-g1160810-Activities-Trescore_Balneario_Province_of_Bergamo_Lombardy.html
Tentazioni Tea Shop &amp; Sala da tè, 5.0, Nightlife, /Attraction_Review-g1160810-d12230845-Reviews-Tentazioni_Tea_Shop_Sala_da_te-Trescore_Balneario_Province_of_Bergamo_Lombardy.html, /Attractions-g1160810-Activities-Trescore_Balneario_Province_of_Bergamo_Lombardy.html
La Bottega del Caffe di Piro Andrea, 5.0, Shopping, /Attraction_Review-g1160810-d10252229-Reviews-La_Bottega_del_Caffe_di_Piro_Andrea-Trescore_Balneario_Province_of_Bergamo_Lomb.html, /Attractions-g1160810-Activities-Trescore_Balneario_Province_of_Bergamo_Lombardy.html
Cinema teatro nuovo, None, Concerts & Shows, /Attraction_Review-g1160810-d14013417-Reviews-Cinema_teatro_nuovo-Trescore_Balneario_Province_of_Bergamo_Lombardy.html, /Attractions-g1160810-Activities-Trescore_Balneario_Province_of_Bergamo_Lombardy.html
Monumento di Igea, None, Sights & Landmarks, /Attraction_Review-g1160810-d21140178-Reviews-Monumento_di_Igea-Trescore_Balneario_Province_of_Bergamo_Lombardy.html, /Attractions-g1160810-Activities-Trescore_Balneario_Province_of_Bergamo_Lombardy.html
