attraction_name, attraction_rate, attraction_type, attraction_url, attraction_parent_url
Villa Marzolla, 5.0, Sights & Landmarks, /Attraction_Review-g3174735-d11831525-Reviews-Villa_Marzolla-Crespino_Province_of_Rovigo_Veneto.html, /Attractions-g3174735-Activities-Crespino_Province_of_Rovigo_Veneto.html
Chiesa dei Santi Martino e Severo Vescovi, 4.5, Sights & Landmarks, /Attraction_Review-g3174735-d11830533-Reviews-Chiesa_dei_Santi_Martino_e_Severo_Vescovi-Crespino_Province_of_Rovigo_Veneto.html, /Attractions-g3174735-Activities-Crespino_Province_of_Rovigo_Veneto.html
Museo delle Acque, 4.0, Museums, /Attraction_Review-g3174735-d10752446-Reviews-Museo_delle_Acque-Crespino_Province_of_Rovigo_Veneto.html, /Attractions-g3174735-Activities-Crespino_Province_of_Rovigo_Veneto.html
Villa dei Principi Pio Falco Ora Longhi, 4.0, Sights & Landmarks, /Attraction_Review-g3174735-d12512970-Reviews-Villa_dei_Principi_Pio_Falco_Ora_Longhi-Crespino_Province_of_Rovigo_Veneto.html, /Attractions-g3174735-Activities-Crespino_Province_of_Rovigo_Veneto.html
Villa Sarti Savonarola Ora Tisi, None, Sights & Landmarks, /Attraction_Review-g3174735-d11831522-Reviews-Villa_Sarti_Savonarola_Ora_Tisi-Crespino_Province_of_Rovigo_Veneto.html, /Attractions-g3174735-Activities-Crespino_Province_of_Rovigo_Veneto.html
