attraction_name, attraction_rate, attraction_type, attraction_url, attraction_parent_url
Cantina Tramin, 4.5, Food & Drink, /Attraction_Review-g2617727-d5453106-Reviews-Cantina_Tramin-Termeno_Province_of_South_Tyrol_Trentino_Alto_Adige.html, /Attractions-g2617727-Activities-Termeno_Province_of_South_Tyrol_Trentino_Alto_Adige.html
Lido di Termeno, 4.0, Water & Amusement Parks, /Attraction_Review-g2617727-d4738820-Reviews-Lido_di_Termeno-Termeno_Province_of_South_Tyrol_Trentino_Alto_Adige.html, /Attractions-g2617727-Activities-Termeno_Province_of_South_Tyrol_Trentino_Alto_Adige.html
St. James's Church, 5.0, Sights & Landmarks, /Attraction_Review-g2617727-d7317276-Reviews-St_James_s_Church-Termeno_Province_of_South_Tyrol_Trentino_Alto_Adige.html, /Attractions-g2617727-Activities-Termeno_Province_of_South_Tyrol_Trentino_Alto_Adige.html
Roner, 4.5, Food & Drink, /Attraction_Review-g2617727-d11927683-Reviews-Roner-Termeno_Province_of_South_Tyrol_Trentino_Alto_Adige.html, /Attractions-g2617727-Activities-Termeno_Province_of_South_Tyrol_Trentino_Alto_Adige.html
Elena Walch, 4.0, Food & Drink, /Attraction_Review-g2617727-d6940113-Reviews-Elena_Walch-Termeno_Province_of_South_Tyrol_Trentino_Alto_Adige.html, /Attractions-g2617727-Activities-Termeno_Province_of_South_Tyrol_Trentino_Alto_Adige.html
Psenner, 4.5, Food & Drink, /Attraction_Review-g2617727-d12221756-Reviews-Psenner-Termeno_Province_of_South_Tyrol_Trentino_Alto_Adige.html, /Attractions-g2617727-Activities-Termeno_Province_of_South_Tyrol_Trentino_Alto_Adige.html
Hoamet Tramin Museum, 5.0, Museums, /Attraction_Review-g2617727-d9868146-Reviews-Hoamet_Tramin_Museum-Termeno_Province_of_South_Tyrol_Trentino_Alto_Adige.html, /Attractions-g2617727-Activities-Termeno_Province_of_South_Tyrol_Trentino_Alto_Adige.html
St. Valentin Church, 4.0, Sights & Landmarks, /Attraction_Review-g2617727-d14963057-Reviews-St_Valentin_Church-Termeno_Province_of_South_Tyrol_Trentino_Alto_Adige.html, /Attractions-g2617727-Activities-Termeno_Province_of_South_Tyrol_Trentino_Alto_Adige.html
Parrocchiale dei Santi Giulitta e Quirico, 5.0, Sights & Landmarks, /Attraction_Review-g2617727-d13089696-Reviews-Parrocchiale_dei_Santi_Giulitta_e_Quirico-Termeno_Province_of_South_Tyrol_Trent.html, /Attractions-g2617727-Activities-Termeno_Province_of_South_Tyrol_Trentino_Alto_Adige.html
Sentiero Natura Viva, 4.0, Nature & Parks, /Attraction_Review-g2617727-d13481313-Reviews-Sentiero_Natura_Viva-Termeno_Province_of_South_Tyrol_Trentino_Alto_Adige.html, /Attractions-g2617727-Activities-Termeno_Province_of_South_Tyrol_Trentino_Alto_Adige.html
Church of St. Mauritius, 3.0, Sights & Landmarks, /Attraction_Review-g2617727-d14963004-Reviews-Church_of_St_Mauritius-Termeno_Province_of_South_Tyrol_Trentino_Alto_Adige.html, /Attractions-g2617727-Activities-Termeno_Province_of_South_Tyrol_Trentino_Alto_Adige.html
St. Joseph’s Church, 3.0, Sights & Landmarks, /Attraction_Review-g2617727-d14963079-Reviews-St_Joseph_s_Church-Termeno_Province_of_South_Tyrol_Trentino_Alto_Adige.html, /Attractions-g2617727-Activities-Termeno_Province_of_South_Tyrol_Trentino_Alto_Adige.html
Tourismusverein Tramin, 3.0, Traveller Resources, /Attraction_Review-g2617727-d18545847-Reviews-Tourismusverein_Tramin-Termeno_Province_of_South_Tyrol_Trentino_Alto_Adige.html, /Attractions-g2617727-Activities-Termeno_Province_of_South_Tyrol_Trentino_Alto_Adige.html
Keller Club, None, Nightlife, /Attraction_Review-g2617727-d5922764-Reviews-Keller_Club-Termeno_Province_of_South_Tyrol_Trentino_Alto_Adige.html, /Attractions-g2617727-Activities-Termeno_Province_of_South_Tyrol_Trentino_Alto_Adige.html
GoeWeg Höllental, None, Nature & Parks, /Attraction_Review-g2617727-d13498426-Reviews-GoeWeg_Hollental-Termeno_Province_of_South_Tyrol_Trentino_Alto_Adige.html, /Attractions-g2617727-Activities-Termeno_Province_of_South_Tyrol_Trentino_Alto_Adige.html
Amateur Tennis Club Tramin, None, Classes & Workshops, /Attraction_Review-g2617727-d18546089-Reviews-Amateur_Tennis_Club_Tramin-Termeno_Province_of_South_Tyrol_Trentino_Alto_Adige.html, /Attractions-g2617727-Activities-Termeno_Province_of_South_Tyrol_Trentino_Alto_Adige.html
Öffentliche Bibliothek - Biblioteca pubblica di Termeno, None, Traveller Resources, /Attraction_Review-g2617727-d18543110-Reviews-Offentliche_Bibliothek_Biblioteca_pubblica_di_Termeno-Termeno_Province_of_South.html, /Attractions-g2617727-Activities-Termeno_Province_of_South_Tyrol_Trentino_Alto_Adige.html
