attraction_name, attraction_rate, attraction_type, attraction_url, attraction_parent_url
Castello di Castel San Niccolò, 4.5, Sights & Landmarks, /Attraction_Review-g951318-d12833863-Reviews-Castello_di_Castel_San_Niccolo-Castel_San_Niccolo_Province_of_Arezzo_Tuscany.html, /Attractions-g951318-Activities-Castel_San_Niccolo_Province_of_Arezzo_Tuscany.html
Chiesa di San Donato, 5.0, Sights & Landmarks, /Attraction_Review-g951318-d12187587-Reviews-Chiesa_di_San_Donato-Castel_San_Niccolo_Province_of_Arezzo_Tuscany.html, /Attractions-g951318-Activities-Castel_San_Niccolo_Province_of_Arezzo_Tuscany.html
Bagni di Cetica, 4.0, Sights & Landmarks, /Attraction_Review-g951318-d4737681-Reviews-Bagni_di_Cetica-Castel_San_Niccolo_Province_of_Arezzo_Tuscany.html, /Attractions-g951318-Activities-Castel_San_Niccolo_Province_of_Arezzo_Tuscany.html
Museo della Pietra Lavorata&& Castel San Niccolo&& Arezzo, 5.0, Museums, /Attraction_Review-g951318-d4760243-Reviews-Museo_della_Pietra_Lavorata_Castel_San_Niccolo_Arezzo-Castel_San_Niccolo_Province.html, /Attractions-g951318-Activities-Castel_San_Niccolo_Province_of_Arezzo_Tuscany.html
Torre dell'Orologio, 5.0, Sights & Landmarks, /Attraction_Review-g951318-d17572184-Reviews-Torre_dell_Orologio-Castel_San_Niccolo_Province_of_Arezzo_Tuscany.html, /Attractions-g951318-Activities-Castel_San_Niccolo_Province_of_Arezzo_Tuscany.html
Pieve di San Martino a Vado, 5.0, Sights & Landmarks, /Attraction_Review-g951318-d17570785-Reviews-Pieve_di_San_Martino_a_Vado-Castel_San_Niccolo_Province_of_Arezzo_Tuscany.html, /Attractions-g951318-Activities-Castel_San_Niccolo_Province_of_Arezzo_Tuscany.html
Logge del Grano, 4.0, Sights & Landmarks, /Attraction_Review-g951318-d8799977-Reviews-Logge_del_Grano-Castel_San_Niccolo_Province_of_Arezzo_Tuscany.html, /Attractions-g951318-Activities-Castel_San_Niccolo_Province_of_Arezzo_Tuscany.html
Ceramiche Tapinassi, 5.0, Shopping, /Attraction_Review-g951318-d8073363-Reviews-Ceramiche_Tapinassi-Castel_San_Niccolo_Province_of_Arezzo_Tuscany.html, /Attractions-g951318-Activities-Castel_San_Niccolo_Province_of_Arezzo_Tuscany.html
