attraction_name, attraction_rate, attraction_type, attraction_url, attraction_parent_url
Schloss Neuhaus Gais, 4.5, Sights & Landmarks, /Attraction_Review-g1081114-d11815889-Reviews-Schloss_Neuhaus_Gais-Gais_Province_of_South_Tyrol_Trentino_Alto_Adige.html, /Attractions-g1081114-Activities-Gais_Province_of_South_Tyrol_Trentino_Alto_Adige.html
Burgfrieden Museum, 5.0, Museums, /Attraction_Review-g1081114-d9800374-Reviews-Burgfrieden_Museum-Gais_Province_of_South_Tyrol_Trentino_Alto_Adige.html, /Attractions-g1081114-Activities-Gais_Province_of_South_Tyrol_Trentino_Alto_Adige.html
Chiesa della Curatia dei 14 Santi Ausiliatori, 5.0, Sights & Landmarks, /Attraction_Review-g1081114-d10803351-Reviews-Chiesa_della_Curatia_dei_14_Santi_Ausiliatori-Gais_Province_of_South_Tyrol_Tren.html, /Attractions-g1081114-Activities-Gais_Province_of_South_Tyrol_Trentino_Alto_Adige.html
Chiesa parrocchiale di S. Margherita Villa Ottone, 4.0, Sights & Landmarks, /Attraction_Review-g1081114-d11815892-Reviews-Chiesa_parrocchiale_di_S_Margherita_Villa_Ottone-Gais_Province_of_South_Tyrol_T.html, /Attractions-g1081114-Activities-Gais_Province_of_South_Tyrol_Trentino_Alto_Adige.html
Chiesa Santo Evangelista Giovanni Gais, 4.0, Sights & Landmarks, /Attraction_Review-g1081114-d10803461-Reviews-Chiesa_Santo_Evangelista_Giovanni_Gais-Gais_Province_of_South_Tyrol_Trentino_Al.html, /Attractions-g1081114-Activities-Gais_Province_of_South_Tyrol_Trentino_Alto_Adige.html
Cappella del cimitero di Gais, 3.5, Sights & Landmarks, /Attraction_Review-g1081114-d10803465-Reviews-Cappella_del_cimitero_di_Gais-Gais_Province_of_South_Tyrol_Trentino_Alto_Adige.html, /Attractions-g1081114-Activities-Gais_Province_of_South_Tyrol_Trentino_Alto_Adige.html
Castello di Chela, 3.5, Sights & Landmarks, /Attraction_Review-g1081114-d10803343-Reviews-Castello_di_Chela-Gais_Province_of_South_Tyrol_Trentino_Alto_Adige.html, /Attractions-g1081114-Activities-Gais_Province_of_South_Tyrol_Trentino_Alto_Adige.html
La Cappella di San Valentino Villa Ottone, 4.0, Sights & Landmarks, /Attraction_Review-g1081114-d11815915-Reviews-La_Cappella_di_San_Valentino_Villa_Ottone-Gais_Province_of_South_Tyrol_Trentino.html, /Attractions-g1081114-Activities-Gais_Province_of_South_Tyrol_Trentino_Alto_Adige.html
Cappella della Visitazione di Maria, 4.0, Sights & Landmarks, /Attraction_Review-g1081114-d10803492-Reviews-Cappella_della_Visitazione_di_Maria-Gais_Province_of_South_Tyrol_Trentino_Alto_.html, /Attractions-g1081114-Activities-Gais_Province_of_South_Tyrol_Trentino_Alto_Adige.html
Chiesa della curatia dei Santi Crisante e Daria, None, Sights & Landmarks, /Attraction_Review-g1081114-d10803493-Reviews-Chiesa_della_curatia_dei_Santi_Crisante_e_Daria-Gais_Province_of_South_Tyrol_Tr.html, /Attractions-g1081114-Activities-Gais_Province_of_South_Tyrol_Trentino_Alto_Adige.html
