attraction_name, attraction_rate, attraction_type, attraction_url, attraction_parent_url
Bressan Daniele Winery, 5.0, Food & Drink, /Attraction_Review-g1078411-d7146326-Reviews-Bressan_Daniele_Winery-Farra_di_Soligo_Province_of_Treviso_Veneto.html, /Attractions-g1078411-Activities-Farra_di_Soligo_Province_of_Treviso_Veneto.html
Chiesetta di San Vigilio, 4.5, Sights & Landmarks, /Attraction_Review-g1078411-d10303227-Reviews-Chiesetta_di_San_Vigilio-Farra_di_Soligo_Province_of_Treviso_Veneto.html, /Attractions-g1078411-Activities-Farra_di_Soligo_Province_of_Treviso_Veneto.html
Romitaggio di San Gallo, 5.0, Sights & Landmarks, /Attraction_Review-g1078411-d11930063-Reviews-Romitaggio_di_San_Gallo-Farra_di_Soligo_Province_of_Treviso_Veneto.html, /Attractions-g1078411-Activities-Farra_di_Soligo_Province_of_Treviso_Veneto.html
Castello di Torri di Credazzo, 4.0, Sights & Landmarks, /Attraction_Review-g1078411-d10376843-Reviews-Castello_di_Torri_di_Credazzo-Farra_di_Soligo_Province_of_Treviso_Veneto.html, /Attractions-g1078411-Activities-Farra_di_Soligo_Province_of_Treviso_Veneto.html
Chiesa di Santa Maria Nova, 4.0, Sights & Landmarks, /Attraction_Review-g1078411-d11927416-Reviews-Chiesa_di_Santa_Maria_Nova-Farra_di_Soligo_Province_of_Treviso_Veneto.html, /Attractions-g1078411-Activities-Farra_di_Soligo_Province_of_Treviso_Veneto.html
Azienda Agricola Le Volpere, 4.0, Food & Drink, /Attraction_Review-g1078411-d16880841-Reviews-Azienda_Agricola_Le_Volpere-Farra_di_Soligo_Province_of_Treviso_Veneto.html, /Attractions-g1078411-Activities-Farra_di_Soligo_Province_of_Treviso_Veneto.html
Chiesa di San Martino, 4.0, Sights & Landmarks, /Attraction_Review-g1078411-d11927448-Reviews-Chiesa_di_San_Martino-Farra_di_Soligo_Province_of_Treviso_Veneto.html, /Attractions-g1078411-Activities-Farra_di_Soligo_Province_of_Treviso_Veneto.html
Oriana Noleggio con Conducente, 5.0, Transportation, /Attraction_Review-g1078411-d11621584-Reviews-Oriana_Noleggio_con_Conducente-Farra_di_Soligo_Province_of_Treviso_Veneto.html, /Attractions-g1078411-Activities-Farra_di_Soligo_Province_of_Treviso_Veneto.html
Emporio Superiore, 5.0, Nightlife, /Attraction_Review-g1078411-d12137670-Reviews-Emporio_Superiore-Farra_di_Soligo_Province_of_Treviso_Veneto.html, /Attractions-g1078411-Activities-Farra_di_Soligo_Province_of_Treviso_Veneto.html
Sentiero delle Vedette, 5.0, Nature & Parks, /Attraction_Review-g1078411-d11929711-Reviews-Sentiero_delle_Vedette-Farra_di_Soligo_Province_of_Treviso_Veneto.html, /Attractions-g1078411-Activities-Farra_di_Soligo_Province_of_Treviso_Veneto.html
Chiesa di San Lorenzo, 5.0, Sights & Landmarks, /Attraction_Review-g1078411-d11927493-Reviews-Chiesa_di_San_Lorenzo-Farra_di_Soligo_Province_of_Treviso_Veneto.html, /Attractions-g1078411-Activities-Farra_di_Soligo_Province_of_Treviso_Veneto.html
Chiesa Parrocchiale dei Santi Pietro e Paolo, 4.0, Sights & Landmarks, /Attraction_Review-g1078411-d21342323-Reviews-Chiesa_Parrocchiale_dei_Santi_Pietro_e_Paolo-Farra_di_Soligo_Province_of_Trevis.html, /Attractions-g1078411-Activities-Farra_di_Soligo_Province_of_Treviso_Veneto.html
Chiesa Parrocchiale di Santo Stefano Protomartire, None, Sights & Landmarks, /Attraction_Review-g1078411-d8610837-Reviews-Chiesa_Parrocchiale_di_Santo_Stefano_Protomartire-Farra_di_Soligo_Province_of_Tr.html, /Attractions-g1078411-Activities-Farra_di_Soligo_Province_of_Treviso_Veneto.html
La Vinai Az. Agr. di Paset Flavio, None, Food & Drink, /Attraction_Review-g1078411-d11873281-Reviews-La_Vinai_Az_Agr_di_Paset_Flavio-Farra_di_Soligo_Province_of_Treviso_Veneto.html, /Attractions-g1078411-Activities-Farra_di_Soligo_Province_of_Treviso_Veneto.html
Chiesetta della Madonna del Broi, None, Sights & Landmarks, /Attraction_Review-g1078411-d11929555-Reviews-Chiesetta_della_Madonna_del_Broi-Farra_di_Soligo_Province_of_Treviso_Veneto.html, /Attractions-g1078411-Activities-Farra_di_Soligo_Province_of_Treviso_Veneto.html
Sentiero delle Rogazioni (006), None, Nature & Parks, /Attraction_Review-g1078411-d11929714-Reviews-Sentiero_delle_Rogazioni_006-Farra_di_Soligo_Province_of_Treviso_Veneto.html, /Attractions-g1078411-Activities-Farra_di_Soligo_Province_of_Treviso_Veneto.html
Villa Bressa&& De Toffoli&& Minuto Rizzo, None, Sights & Landmarks, /Attraction_Review-g1078411-d12174400-Reviews-Villa_Bressa_De_Toffoli_Minuto_Rizzo-Farra_di_Soligo_Province_of_Treviso_Veneto.html, /Attractions-g1078411-Activities-Farra_di_Soligo_Province_of_Treviso_Veneto.html
Villa De Toffoli&& Canel, None, Sights & Landmarks, /Attraction_Review-g1078411-d12172416-Reviews-Villa_De_Toffoli_Canel-Farra_di_Soligo_Province_of_Treviso_Veneto.html, /Attractions-g1078411-Activities-Farra_di_Soligo_Province_of_Treviso_Veneto.html
Villa Caragiani&& Gradenigo&& Ricci, None, Sights & Landmarks, /Attraction_Review-g1078411-d12687569-Reviews-Villa_Caragiani_Gradenigo_Ricci-Farra_di_Soligo_Province_of_Treviso_Veneto.html, /Attractions-g1078411-Activities-Farra_di_Soligo_Province_of_Treviso_Veneto.html
Villa Savoini, None, Sights & Landmarks, /Attraction_Review-g1078411-d12687580-Reviews-Villa_Savoini-Farra_di_Soligo_Province_of_Treviso_Veneto.html, /Attractions-g1078411-Activities-Farra_di_Soligo_Province_of_Treviso_Veneto.html
Enoteca Marchiori, None, Nightlife, /Attraction_Review-g1078411-d15677118-Reviews-Enoteca_Marchiori-Farra_di_Soligo_Province_of_Treviso_Veneto.html, /Attractions-g1078411-Activities-Farra_di_Soligo_Province_of_Treviso_Veneto.html
Latteria Soligo, None, Shopping, /Attraction_Review-g1078411-d16848381-Reviews-Latteria_Soligo-Farra_di_Soligo_Province_of_Treviso_Veneto.html, /Attractions-g1078411-Activities-Farra_di_Soligo_Province_of_Treviso_Veneto.html
