attraction_name, attraction_rate, attraction_type, attraction_url, attraction_parent_url
Chalet Sud Est, 4.5, Outdoor Activities, /Attraction_Review-g194895-d14098836-Reviews-Chalet_Sud_Est-San_Benedetto_Del_Tronto_Province_of_Ascoli_Piceno_Marche.html, /Attractions-g194895-Activities-San_Benedetto_Del_Tronto_Province_of_Ascoli_Piceno_Marche.html
Museo della Civilta Marinara, 4.0, Museums, /Attraction_Review-g194895-d6418226-Reviews-Museo_della_Civilta_Marinara-San_Benedetto_Del_Tronto_Province_of_Ascoli_Piceno_M.html, /Attractions-g194895-Activities-San_Benedetto_Del_Tronto_Province_of_Ascoli_Piceno_Marche.html
Museo Pietraia dei Poeti, 4.5, Museums, /Attraction_Review-g194895-d4597887-Reviews-Museo_Pietraia_dei_Poeti-San_Benedetto_Del_Tronto_Province_of_Ascoli_Piceno_March.html, /Attractions-g194895-Activities-San_Benedetto_Del_Tronto_Province_of_Ascoli_Piceno_Marche.html
Chiesa di San Giuseppe, 3.5, Sights & Landmarks, /Attraction_Review-g194895-d12971759-Reviews-Chiesa_di_San_Giuseppe-San_Benedetto_Del_Tronto_Province_of_Ascoli_Piceno_Marche.html, /Attractions-g194895-Activities-San_Benedetto_Del_Tronto_Province_of_Ascoli_Piceno_Marche.html
Torre Guelfa, 2.5, Sights & Landmarks, /Attraction_Review-g194895-d13478313-Reviews-Torre_Guelfa-San_Benedetto_Del_Tronto_Province_of_Ascoli_Piceno_Marche.html, /Attractions-g194895-Activities-San_Benedetto_Del_Tronto_Province_of_Ascoli_Piceno_Marche.html
Chalet Il Pinguino, 3.5, Nature & Parks, /Attraction_Review-g194895-d13478520-Reviews-Chalet_Il_Pinguino-San_Benedetto_Del_Tronto_Province_of_Ascoli_Piceno_Marche.html, /Attractions-g194895-Activities-San_Benedetto_Del_Tronto_Province_of_Ascoli_Piceno_Marche.html
Central park, 5.0, Nature & Parks, /Attraction_Review-g194895-d17747514-Reviews-Central_park-San_Benedetto_Del_Tronto_Province_of_Ascoli_Piceno_Marche.html, /Attractions-g194895-Activities-San_Benedetto_Del_Tronto_Province_of_Ascoli_Piceno_Marche.html
Fontana 'Allegro', 4.0, Sights & Landmarks, /Attraction_Review-g194895-d17852230-Reviews-Fontana_Allegro-San_Benedetto_Del_Tronto_Province_of_Ascoli_Piceno_Marche.html, /Attractions-g194895-Activities-San_Benedetto_Del_Tronto_Province_of_Ascoli_Piceno_Marche.html
Chalet Bossa Nova, 3.0, Outdoor Activities, /Attraction_Review-g194895-d14098928-Reviews-Chalet_Bossa_Nova-San_Benedetto_Del_Tronto_Province_of_Ascoli_Piceno_Marche.html, /Attractions-g194895-Activities-San_Benedetto_Del_Tronto_Province_of_Ascoli_Piceno_Marche.html
La Famiglia del Pescatore, 5.0, Sights & Landmarks, /Attraction_Review-g194895-d17912653-Reviews-La_Famiglia_del_Pescatore-San_Benedetto_Del_Tronto_Province_of_Ascoli_Piceno_Mar.html, /Attractions-g194895-Activities-San_Benedetto_Del_Tronto_Province_of_Ascoli_Piceno_Marche.html
Chiesa di Sant'Antonio di Padova, 4.0, Sights & Landmarks, /Attraction_Review-g194895-d14098797-Reviews-Chiesa_di_Sant_Antonio_di_Padova-San_Benedetto_Del_Tronto_Province_of_Ascoli_Pic.html, /Attractions-g194895-Activities-San_Benedetto_Del_Tronto_Province_of_Ascoli_Piceno_Marche.html
BI9 - Ciclovia Salaria, 5.0, Nature & Parks, /Attraction_Review-g194895-d16721755-Reviews-BI9_Ciclovia_Salaria-San_Benedetto_Del_Tronto_Province_of_Ascoli_Piceno_Marche.html, /Attractions-g194895-Activities-San_Benedetto_Del_Tronto_Province_of_Ascoli_Piceno_Marche.html
Chalet Stella, 3.0, Outdoor Activities, /Attraction_Review-g194895-d13478511-Reviews-Chalet_Stella-San_Benedetto_Del_Tronto_Province_of_Ascoli_Piceno_Marche.html, /Attractions-g194895-Activities-San_Benedetto_Del_Tronto_Province_of_Ascoli_Piceno_Marche.html
Chiesa di Santa Lucia, 3.0, Sights & Landmarks, /Attraction_Review-g194895-d14098791-Reviews-Chiesa_di_Santa_Lucia-San_Benedetto_Del_Tronto_Province_of_Ascoli_Piceno_Marche.html, /Attractions-g194895-Activities-San_Benedetto_Del_Tronto_Province_of_Ascoli_Piceno_Marche.html
Rivabella, 2.5, Outdoor Activities, /Attraction_Review-g194895-d14098916-Reviews-Rivabella-San_Benedetto_Del_Tronto_Province_of_Ascoli_Piceno_Marche.html, /Attractions-g194895-Activities-San_Benedetto_Del_Tronto_Province_of_Ascoli_Piceno_Marche.html
Campo Sportivo La Rocca, None, Fun & Games, /Attraction_Review-g194895-d13461867-Reviews-Campo_Sportivo_La_Rocca-San_Benedetto_Del_Tronto_Province_of_Ascoli_Piceno_March.html, /Attractions-g194895-Activities-San_Benedetto_Del_Tronto_Province_of_Ascoli_Piceno_Marche.html
Campo da Rugby Nelson Mandela, None, Sights & Landmarks, /Attraction_Review-g194895-d13461893-Reviews-Campo_da_Rugby_Nelson_Mandela-San_Benedetto_Del_Tronto_Province_of_Ascoli_Piceno.html, /Attractions-g194895-Activities-San_Benedetto_Del_Tronto_Province_of_Ascoli_Piceno_Marche.html
Palazzetto dello Sport Bernardo Speca, None, Fun & Games, /Attraction_Review-g194895-d13462932-Reviews-Palazzetto_dello_Sport_Bernardo_Speca-San_Benedetto_Del_Tronto_Province_of_Ascol.html, /Attractions-g194895-Activities-San_Benedetto_Del_Tronto_Province_of_Ascoli_Piceno_Marche.html
Centro Sportivo Sabatino D'Angelo, None, Fun & Games, /Attraction_Review-g194895-d13478317-Reviews-Centro_Sportivo_Sabatino_D_Angelo-San_Benedetto_Del_Tronto_Province_of_Ascoli_Pi.html, /Attractions-g194895-Activities-San_Benedetto_Del_Tronto_Province_of_Ascoli_Piceno_Marche.html
Bagno Nedio, None, Nature & Parks, /Attraction_Review-g1186337-d21045548-Reviews-Bagno_Nedio-Porto_d_Ascoli_San_Benedetto_Del_Tronto_Province_of_Ascoli_Piceno_M.html, /Attractions-g194895-Activities-San_Benedetto_Del_Tronto_Province_of_Ascoli_Piceno_Marche.html
Fontana 'Bacio del Mare', None, Sights & Landmarks, /Attraction_Review-g194895-d21343968-Reviews-Fontana_Bacio_del_Mare-San_Benedetto_Del_Tronto_Province_of_Ascoli_Piceno_Marche.html, /Attractions-g194895-Activities-San_Benedetto_Del_Tronto_Province_of_Ascoli_Piceno_Marche.html
Villa e Parco Cerboni Rambelli, None, Nature & Parks, /Attraction_Review-g194895-d21331636-Reviews-Villa_e_Parco_Cerboni_Rambelli-San_Benedetto_Del_Tronto_Province_of_Ascoli_Picen.html, /Attractions-g194895-Activities-San_Benedetto_Del_Tronto_Province_of_Ascoli_Piceno_Marche.html
