attraction_name, attraction_rate, attraction_type, attraction_url, attraction_parent_url
Palazzo Maresgallo, None, Sights & Landmarks, /Attraction_Review-g194791-d13326268-Reviews-Palazzo_Maresgallo-Lecce_Province_of_Lecce_Puglia.html, /Attractions-g194791-Activities-Lecce_Province_of_Lecce_Puglia.html
Teatro Antoniano, None, Concerts & Shows, /Attraction_Review-g194791-d13442260-Reviews-Teatro_Antoniano-Lecce_Province_of_Lecce_Puglia.html, /Attractions-g194791-Activities-Lecce_Province_of_Lecce_Puglia.html
Chiesa di Santa Elisabetta, None, Sights & Landmarks, /Attraction_Review-g194791-d13987015-Reviews-Chiesa_di_Santa_Elisabetta-Lecce_Province_of_Lecce_Puglia.html, /Attractions-g194791-Activities-Lecce_Province_of_Lecce_Puglia.html
Chiesa di San Giacomo, None, Sights & Landmarks, /Attraction_Review-g194791-d13976763-Reviews-Chiesa_di_San_Giacomo-Lecce_Province_of_Lecce_Puglia.html, /Attractions-g194791-Activities-Lecce_Province_of_Lecce_Puglia.html
Kunstschau, None, Museums, /Attraction_Review-g194791-d15265644-Reviews-Kunstschau-Lecce_Province_of_Lecce_Puglia.html, /Attractions-g194791-Activities-Lecce_Province_of_Lecce_Puglia.html
Chiesa-Cripta Rupestre di Sant'Angelo, None, Sights & Landmarks, /Attraction_Review-g194791-d15218058-Reviews-Chiesa_Cripta_Rupestre_di_Sant_Angelo-Lecce_Province_of_Lecce_Puglia.html, /Attractions-g194791-Activities-Lecce_Province_of_Lecce_Puglia.html
Roberto Tondi Home Gallery, None, Museums, /Attraction_Review-g194791-d17782074-Reviews-Roberto_Tondi_Home_Gallery-Lecce_Province_of_Lecce_Puglia.html, /Attractions-g194791-Activities-Lecce_Province_of_Lecce_Puglia.html
Festa di Sant'Oronzo, None, Events, /Attraction_Review-g194791-d18900812-Reviews-Festa_di_Sant_Oronzo-Lecce_Province_of_Lecce_Puglia.html, /Attractions-g194791-Activities-Lecce_Province_of_Lecce_Puglia.html
Moschea Masjid, None, Sights & Landmarks, /Attraction_Review-g194791-d17478547-Reviews-Moschea_Masjid-Lecce_Province_of_Lecce_Puglia.html, /Attractions-g194791-Activities-Lecce_Province_of_Lecce_Puglia.html
