attraction_name, attraction_rate, attraction_type, attraction_url, attraction_parent_url
Castello di Santo Niceto, 4.5, Sights & Landmarks, /Attraction_Review-g1055443-d9800842-Reviews-Castello_di_Santo_Niceto-Motta_San_Giovanni_Province_of_Reggio_Calabria_Calabria.html, /Attractions-g1055443-Activities-Motta_San_Giovanni_Province_of_Reggio_Calabria_Calabria.html
Chiesa dell'Addolorata, None, Sights & Landmarks, /Attraction_Review-g1055443-d11804821-Reviews-Chiesa_dell_Addolorata-Motta_San_Giovanni_Province_of_Reggio_Calabria_Calabria.html, /Attractions-g1055443-Activities-Motta_San_Giovanni_Province_of_Reggio_Calabria_Calabria.html
Antiquarium Leucopetra, None, Museums, /Attraction_Review-g1055443-d11803847-Reviews-Antiquarium_Leucopetra-Motta_San_Giovanni_Province_of_Reggio_Calabria_Calabria.html, /Attractions-g1055443-Activities-Motta_San_Giovanni_Province_of_Reggio_Calabria_Calabria.html
Chiesa di San Nicola, None, Sights & Landmarks, /Attraction_Review-g1055443-d11804827-Reviews-Chiesa_di_San_Nicola-Motta_San_Giovanni_Province_of_Reggio_Calabria_Calabria.html, /Attractions-g1055443-Activities-Motta_San_Giovanni_Province_of_Reggio_Calabria_Calabria.html
Palazzo Spinelli, None, Sights & Landmarks, /Attraction_Review-g1055443-d11804985-Reviews-Palazzo_Spinelli-Motta_San_Giovanni_Province_of_Reggio_Calabria_Calabria.html, /Attractions-g1055443-Activities-Motta_San_Giovanni_Province_of_Reggio_Calabria_Calabria.html
Capo d'Armi, None, Sights & Landmarks, /Attraction_Review-g1055443-d11804978-Reviews-Capo_d_Armi-Motta_San_Giovanni_Province_of_Reggio_Calabria_Calabria.html, /Attractions-g1055443-Activities-Motta_San_Giovanni_Province_of_Reggio_Calabria_Calabria.html
Chiesa di Santa Caterina V. e M., None, Sights & Landmarks, /Attraction_Review-g1055443-d11804976-Reviews-Chiesa_di_Santa_Caterina_V_e_M-Motta_San_Giovanni_Province_of_Reggio_Calabria_C.html, /Attractions-g1055443-Activities-Motta_San_Giovanni_Province_of_Reggio_Calabria_Calabria.html
Chiesa di San Michele Arcangelo, None, Sights & Landmarks, /Attraction_Review-g1055443-d11804795-Reviews-Chiesa_di_San_Michele_Arcangelo-Motta_San_Giovanni_Province_of_Reggio_Calabria_.html, /Attractions-g1055443-Activities-Motta_San_Giovanni_Province_of_Reggio_Calabria_Calabria.html
Chiesa della Madonna del Leandro, None, Sights & Landmarks, /Attraction_Review-g1055443-d11804787-Reviews-Chiesa_della_Madonna_del_Leandro-Motta_San_Giovanni_Province_of_Reggio_Calabria.html, /Attractions-g1055443-Activities-Motta_San_Giovanni_Province_of_Reggio_Calabria_Calabria.html
Chiesa della Madonna del Carmine, None, Sights & Landmarks, /Attraction_Review-g1055443-d11804815-Reviews-Chiesa_della_Madonna_del_Carmine-Motta_San_Giovanni_Province_of_Reggio_Calabria.html, /Attractions-g1055443-Activities-Motta_San_Giovanni_Province_of_Reggio_Calabria_Calabria.html
Chiesa di San Giovanni Evangelista, None, Sights & Landmarks, /Attraction_Review-g1055443-d11804809-Reviews-Chiesa_di_San_Giovanni_Evangelista-Motta_San_Giovanni_Province_of_Reggio_Calabr.html, /Attractions-g1055443-Activities-Motta_San_Giovanni_Province_of_Reggio_Calabria_Calabria.html
ManGiaSti PRODOTTI CALABRESI NATURALI NR 1 IN ITALIA, None, Food & Drink, /Attraction_Review-g1055443-d17406343-Reviews-ManGiaSti_PRODOTTI_CALABRESI_NATURALI_NR_1_IN_ITALIA-Motta_San_Giovanni_Provinc.html, /Attractions-g1055443-Activities-Motta_San_Giovanni_Province_of_Reggio_Calabria_Calabria.html
Lauretta Maria Gulli, None, Food & Drink, /Attraction_Review-g1055443-d17559578-Reviews-Lauretta_Maria_Gulli-Motta_San_Giovanni_Province_of_Reggio_Calabria_Calabria.html, /Attractions-g1055443-Activities-Motta_San_Giovanni_Province_of_Reggio_Calabria_Calabria.html
Area Archeologica di Lazzaro, None, Sights & Landmarks, /Attraction_Review-g1055443-d19970313-Reviews-Area_Archeologica_di_Lazzaro-Motta_San_Giovanni_Province_of_Reggio_Calabria_Cal.html, /Attractions-g1055443-Activities-Motta_San_Giovanni_Province_of_Reggio_Calabria_Calabria.html
