attraction_name, attraction_rate, attraction_type, attraction_url, attraction_parent_url
Badia di Dulzago, 4.0, Sights & Landmarks, /Attraction_Review-g1986599-d3235609-Reviews-Badia_di_Dulzago-Bellinzago_Novarese_Province_of_Novara_Piedmont.html, /Attractions-g1986599-Activities-Bellinzago_Novarese_Province_of_Novara_Piedmont.html
Chiesa Parrocchiale di San Clemente, 4.5, Sights & Landmarks, /Attraction_Review-g1986599-d8444863-Reviews-Chiesa_Parrocchiale_di_San_Clemente-Bellinzago_Novarese_Province_of_Novara_Piedm.html, /Attractions-g1986599-Activities-Bellinzago_Novarese_Province_of_Novara_Piedmont.html
Castello di Cavagliano, 5.0, Sights & Landmarks, /Attraction_Review-g1986599-d3235640-Reviews-Castello_di_Cavagliano-Bellinzago_Novarese_Province_of_Novara_Piedmont.html, /Attractions-g1986599-Activities-Bellinzago_Novarese_Province_of_Novara_Piedmont.html
Chiesa della Madonna della Neve, 4.0, Sights & Landmarks, /Attraction_Review-g1986599-d3235645-Reviews-Chiesa_della_Madonna_della_Neve-Bellinzago_Novarese_Province_of_Novara_Piedmont.html, /Attractions-g1986599-Activities-Bellinzago_Novarese_Province_of_Novara_Piedmont.html
Oasi WWF Baraggia di Bellinzago, 5.0, Nature & Parks, /Attraction_Review-g1986599-d3235637-Reviews-Oasi_WWF_Baraggia_di_Bellinzago-Bellinzago_Novarese_Province_of_Novara_Piedmont.html, /Attractions-g1986599-Activities-Bellinzago_Novarese_Province_of_Novara_Piedmont.html
Asilo Infantile Demedici, 4.5, Sights & Landmarks, /Attraction_Review-g1986599-d3235646-Reviews-Asilo_Infantile_Demedici-Bellinzago_Novarese_Province_of_Novara_Piedmont.html, /Attractions-g1986599-Activities-Bellinzago_Novarese_Province_of_Novara_Piedmont.html
Monumento ai Caduti, 4.0, Sights & Landmarks, /Attraction_Review-g1986599-d3235644-Reviews-Monumento_ai_Caduti-Bellinzago_Novarese_Province_of_Novara_Piedmont.html, /Attractions-g1986599-Activities-Bellinzago_Novarese_Province_of_Novara_Piedmont.html
Torre del Castello di Bellinzago, 5.0, Sights & Landmarks, /Attraction_Review-g1986599-d3235639-Reviews-Torre_del_Castello_di_Bellinzago-Bellinzago_Novarese_Province_of_Novara_Piedmont.html, /Attractions-g1986599-Activities-Bellinzago_Novarese_Province_of_Novara_Piedmont.html
Movieplanet - Bellinzago Novarese, 3.5, Fun & Games, /Attraction_Review-g1986599-d4375389-Reviews-Movieplanet_Bellinzago_Novarese-Bellinzago_Novarese_Province_of_Novara_Piedmont.html, /Attractions-g1986599-Activities-Bellinzago_Novarese_Province_of_Novara_Piedmont.html
Birreria Deus, 5.0, Nightlife, /Attraction_Review-g1986599-d9465701-Reviews-Birreria_Deus-Bellinzago_Novarese_Province_of_Novara_Piedmont.html, /Attractions-g1986599-Activities-Bellinzago_Novarese_Province_of_Novara_Piedmont.html
Oliver Ice Cream, 5.0, Nightlife, /Attraction_Review-g1986599-d5931092-Reviews-Oliver_Ice_Cream-Bellinzago_Novarese_Province_of_Novara_Piedmont.html, /Attractions-g1986599-Activities-Bellinzago_Novarese_Province_of_Novara_Piedmont.html
Airone - Centro Commerciale, 3.0, Shopping, /Attraction_Review-g1986599-d7346807-Reviews-Airone_Centro_Commerciale-Bellinzago_Novarese_Province_of_Novara_Piedmont.html, /Attractions-g1986599-Activities-Bellinzago_Novarese_Province_of_Novara_Piedmont.html
Svapo Bar, None, Nightlife, /Attraction_Review-g1986599-d5926256-Reviews-Svapo_Bar-Bellinzago_Novarese_Province_of_Novara_Piedmont.html, /Attractions-g1986599-Activities-Bellinzago_Novarese_Province_of_Novara_Piedmont.html
L’ENVIE - la nouvelle esthetique, None, Spas & Wellness, /Attraction_Review-g1986599-d15143331-Reviews-L_ENVIE_la_nouvelle_esthetique-Bellinzago_Novarese_Province_of_Novara_Piedmont.html, /Attractions-g1986599-Activities-Bellinzago_Novarese_Province_of_Novara_Piedmont.html
Chiesa San Giulio, None, Sights & Landmarks, /Attraction_Review-g1986599-d19256793-Reviews-Chiesa_San_Giulio-Bellinzago_Novarese_Province_of_Novara_Piedmont.html, /Attractions-g1986599-Activities-Bellinzago_Novarese_Province_of_Novara_Piedmont.html
