attraction_name, attraction_rate, attraction_type, attraction_url, attraction_parent_url
Chiesa del Sacro Cuore di Gesu, None, Sights & Landmarks, /Attraction_Review-g1179361-d20328397-Reviews-Chiesa_del_Sacro_Cuore_di_Gesu-San_Raffaele_Cimena_Province_of_Turin_Piedmont.html, /Attractions-g1179361-Activities-San_Raffaele_Cimena_Province_of_Turin_Piedmont.html
Chiesa di San Raffaele Arcangelo, None, Sights & Landmarks, /Attraction_Review-g1179361-d20328400-Reviews-Chiesa_di_San_Raffaele_Arcangelo-San_Raffaele_Cimena_Province_of_Turin_Piedmont.html, /Attractions-g1179361-Activities-San_Raffaele_Cimena_Province_of_Turin_Piedmont.html
Castello Di San Raffaele Cimena, None, Sights & Landmarks, /Attraction_Review-g1179361-d21028188-Reviews-Castello_Di_San_Raffaele_Cimena-San_Raffaele_Cimena_Province_of_Turin_Piedmont.html, /Attractions-g1179361-Activities-San_Raffaele_Cimena_Province_of_Turin_Piedmont.html
Cappella della Confraternita di Santa Croce in San Raffaele Cimena, None, Sights & Landmarks, /Attraction_Review-g1179361-d21028191-Reviews-Cappella_della_Confraternita_di_Santa_Croce_in_San_Raffaele_Cimena-San_Raffaele.html, /Attractions-g1179361-Activities-San_Raffaele_Cimena_Province_of_Turin_Piedmont.html
Parco della Rimembranza, None, Nature & Parks, /Attraction_Review-g1179361-d21028192-Reviews-Parco_della_Rimembranza-San_Raffaele_Cimena_Province_of_Turin_Piedmont.html, /Attractions-g1179361-Activities-San_Raffaele_Cimena_Province_of_Turin_Piedmont.html
Biblioteca Civica San Raffaele Cimena, None, Traveller Resources, /Attraction_Review-g1179361-d21028206-Reviews-Biblioteca_Civica_San_Raffaele_Cimena-San_Raffaele_Cimena_Province_of_Turin_Pie.html, /Attractions-g1179361-Activities-San_Raffaele_Cimena_Province_of_Turin_Piedmont.html
Cappella di Santa Maria degli Angeli, None, Sights & Landmarks, /Attraction_Review-g1179361-d21028190-Reviews-Cappella_di_Santa_Maria_degli_Angeli-San_Raffaele_Cimena_Province_of_Turin_Pied.html, /Attractions-g1179361-Activities-San_Raffaele_Cimena_Province_of_Turin_Piedmont.html
