attraction_name, attraction_rate, attraction_type, attraction_url, attraction_parent_url
Parco degli Scipioni, 3.5, Nature & Parks, /Attraction_Review-g187791-d13748186-Reviews-Parco_degli_Scipioni-Rome_Lazio.html, /Attractions-g187791-Activities-Rome_Lazio.html
Palazzo Borromeo, 4.5, Sights & Landmarks, /Attraction_Review-g187791-d11807579-Reviews-Palazzo_Borromeo-Rome_Lazio.html, /Attractions-g187791-Activities-Rome_Lazio.html
Parrocchia San Michele Arcangelo a Pietralata, 4.0, Sights & Landmarks, /Attraction_Review-g187791-d12853977-Reviews-Parrocchia_San_Michele_Arcangelo_a_Pietralata-Rome_Lazio.html, /Attractions-g187791-Activities-Rome_Lazio.html
Mausoleo di Sant'Elena, 3.5, Sights & Landmarks, /Attraction_Review-g187791-d3219765-Reviews-Mausoleo_di_Sant_Elena-Rome_Lazio.html, /Attractions-g187791-Activities-Rome_Lazio.html
Basilica Di Santa Croce a Via Flaminia, 4.0, Sights & Landmarks, /Attraction_Review-g187791-d8825647-Reviews-Basilica_Di_Santa_Croce_a_Via_Flaminia-Rome_Lazio.html, /Attractions-g187791-Activities-Rome_Lazio.html
Fontana di Porta San Pancrazio, 3.5, Sights & Landmarks, /Attraction_Review-g187791-d12258699-Reviews-Fontana_di_Porta_San_Pancrazio-Rome_Lazio.html, /Attractions-g187791-Activities-Rome_Lazio.html
Cappella Paolina nel Palazzo del Quirinale, 5.0, Sights & Landmarks, /Attraction_Review-g187791-d15234823-Reviews-Cappella_Paolina_nel_Palazzo_del_Quirinale-Rome_Lazio.html, /Attractions-g187791-Activities-Rome_Lazio.html
Chiesa di San Pasquale Baylon, 3.0, Sights & Landmarks, /Attraction_Review-g187791-d11964234-Reviews-Chiesa_di_San_Pasquale_Baylon-Rome_Lazio.html, /Attractions-g187791-Activities-Rome_Lazio.html
Foglie di Pietra di Giuseppe Penone, 3.0, Sights & Landmarks, /Attraction_Review-g187791-d13113919-Reviews-Foglie_di_Pietra_di_Giuseppe_Penone-Rome_Lazio.html, /Attractions-g187791-Activities-Rome_Lazio.html
Quercia del Tasso, 3.0, Sights & Landmarks, /Attraction_Review-g187791-d7697227-Reviews-Quercia_del_Tasso-Rome_Lazio.html, /Attractions-g187791-Activities-Rome_Lazio.html
Sepolcro Degli Equinozi, 4.0, Sights & Landmarks, /Attraction_Review-g187791-d6480315-Reviews-Sepolcro_Degli_Equinozi-Rome_Lazio.html, /Attractions-g187791-Activities-Rome_Lazio.html
Teatro degli Audaci, 4.0, Concerts & Shows, /Attraction_Review-g187791-d12987507-Reviews-Teatro_degli_Audaci-Rome_Lazio.html, /Attractions-g187791-Activities-Rome_Lazio.html
Tempio di Giuturna, 4.5, Sights & Landmarks, /Attraction_Review-g187791-d14197244-Reviews-Tempio_di_Giuturna-Rome_Lazio.html, /Attractions-g187791-Activities-Rome_Lazio.html
Piazza Tevere, 4.5, Sights & Landmarks, /Attraction_Review-g187791-d10337373-Reviews-Piazza_Tevere-Rome_Lazio.html, /Attractions-g187791-Activities-Rome_Lazio.html
Basilica di San Camillo de Lellis, 4.5, Sights & Landmarks, /Attraction_Review-g187791-d12861928-Reviews-Basilica_di_San_Camillo_de_Lellis-Rome_Lazio.html, /Attractions-g187791-Activities-Rome_Lazio.html
Il Gran Teatro, 3.0, Concerts & Shows, /Attraction_Review-g187791-d3210714-Reviews-Il_Gran_Teatro-Rome_Lazio.html, /Attractions-g187791-Activities-Rome_Lazio.html
Fontana Gioacchino Belli, 4.0, Sights & Landmarks, /Attraction_Review-g187791-d10378936-Reviews-Fontana_Gioacchino_Belli-Rome_Lazio.html, /Attractions-g187791-Activities-Rome_Lazio.html
Antica Farmacia Pesci, 3.0, Sights & Landmarks, /Attraction_Review-g187791-d12176321-Reviews-Antica_Farmacia_Pesci-Rome_Lazio.html, /Attractions-g187791-Activities-Rome_Lazio.html
Basiony Bar, 4.0, Food & Drink, /Attraction_Review-g187791-d13108268-Reviews-Basiony_Bar-Rome_Lazio.html, /Attractions-g187791-Activities-Rome_Lazio.html
Via del governo Vecchio, 5.0, Sights & Landmarks, /Attraction_Review-g187791-d14073253-Reviews-Via_del_governo_Vecchio-Rome_Lazio.html, /Attractions-g187791-Activities-Rome_Lazio.html
Chiesa di San Roberto Bellarmino, 4.0, Sights & Landmarks, /Attraction_Review-g187791-d8858452-Reviews-Chiesa_di_San_Roberto_Bellarmino-Rome_Lazio.html, /Attractions-g187791-Activities-Rome_Lazio.html
Palazzo e Torre degli Anguillara, 3.5, Sights & Landmarks, /Attraction_Review-g187791-d10754627-Reviews-Palazzo_e_Torre_degli_Anguillara-Rome_Lazio.html, /Attractions-g187791-Activities-Rome_Lazio.html
Terme di Traiano, 3.5, Sights & Landmarks, /Attraction_Review-g187791-d12103275-Reviews-Terme_di_Traiano-Rome_Lazio.html, /Attractions-g187791-Activities-Rome_Lazio.html
Chiesa di Santa Maria Liberatrice, 4.0, Sights & Landmarks, /Attraction_Review-g187791-d12853954-Reviews-Chiesa_di_Santa_Maria_Liberatrice-Rome_Lazio.html, /Attractions-g187791-Activities-Rome_Lazio.html
Ospedale delle Donne, 4.5, Sights & Landmarks, /Attraction_Review-g187791-d14043858-Reviews-Ospedale_delle_Donne-Rome_Lazio.html, /Attractions-g187791-Activities-Rome_Lazio.html
Chiesa di San Paolo al Martirio, 4.5, Sights & Landmarks, /Attraction_Review-g187791-d13494101-Reviews-Chiesa_di_San_Paolo_al_Martirio-Rome_Lazio.html, /Attractions-g187791-Activities-Rome_Lazio.html
Teatro Arciliuto, 4.5, Concerts & Shows, /Attraction_Review-g187791-d12486184-Reviews-Teatro_Arciliuto-Rome_Lazio.html, /Attractions-g187791-Activities-Rome_Lazio.html
Guglia di Pio IX, 3.5, Sights & Landmarks, /Attraction_Review-g187791-d10226603-Reviews-Guglia_di_Pio_IX-Rome_Lazio.html, /Attractions-g187791-Activities-Rome_Lazio.html
Circolo-Oratorio San Girolamo a.s.d., 5.0, Fun & Games, /Attraction_Review-g187791-d10158621-Reviews-Circolo_Oratorio_San_Girolamo_a_s_d-Rome_Lazio.html, /Attractions-g187791-Activities-Rome_Lazio.html
Stabilimento Balneare le Palme, 4.0, Nature & Parks, /Attraction_Review-g187791-d10749134-Reviews-Stabilimento_Balneare_le_Palme-Rome_Lazio.html, /Attractions-g187791-Activities-Rome_Lazio.html
