attraction_name, attraction_rate, attraction_type, attraction_url, attraction_parent_url
Ponte Romano, 3.5, Sights & Landmarks, /Attraction_Review-g2020426-d7143289-Reviews-Ponte_Romano-Ceggia_Veneto.html, /Attractions-g2020426-Activities-Ceggia_Veneto.html
Parrocchia di Ceggia, 3.0, Sights & Landmarks, /Attraction_Review-g2020426-d8121182-Reviews-Parrocchia_di_Ceggia-Ceggia_Veneto.html, /Attractions-g2020426-Activities-Ceggia_Veneto.html
Oratorio Bragadin, 2.0, Sights & Landmarks, /Attraction_Review-g2020426-d9451912-Reviews-Oratorio_Bragadin-Ceggia_Veneto.html, /Attractions-g2020426-Activities-Ceggia_Veneto.html
Villa Bragadin, None, Sights & Landmarks, /Attraction_Review-g2020426-d10792265-Reviews-Villa_Bragadin-Ceggia_Veneto.html, /Attractions-g2020426-Activities-Ceggia_Veneto.html
Gioielleria Amadio, None, Shopping, /Attraction_Review-g2020426-d10500108-Reviews-Gioielleria_Amadio-Ceggia_Veneto.html, /Attractions-g2020426-Activities-Ceggia_Veneto.html
Ex Zuccherificio di Ceggia, None, Sights & Landmarks, /Attraction_Review-g2020426-d21012500-Reviews-Ex_Zuccherificio_di_Ceggia-Ceggia_Veneto.html, /Attractions-g2020426-Activities-Ceggia_Veneto.html
