attraction_name, attraction_rate, attraction_type, attraction_url, attraction_parent_url
Museo Archeologico Regionale di Centuripe, 4.0, Museums, /Attraction_Review-g2280716-d11716308-Reviews-Museo_Archeologico_Regionale_di_Centuripe-Centuripe_Province_of_Enna_Sicily.html, /Attractions-g2280716-Activities-Centuripe_Province_of_Enna_Sicily.html
Antico Borgo di Carcaci, 4.5, Sights & Landmarks, /Attraction_Review-g2280716-d11716327-Reviews-Antico_Borgo_di_Carcaci-Centuripe_Province_of_Enna_Sicily.html, /Attractions-g2280716-Activities-Centuripe_Province_of_Enna_Sicily.html
Museo Etno-Antropologico della Civilta Contadina, 5.0, Museums, /Attraction_Review-g2280716-d11716321-Reviews-Museo_Etno_Antropologico_della_Civilta_Contadina-Centuripe_Province_of_Enna_Sic.html, /Attractions-g2280716-Activities-Centuripe_Province_of_Enna_Sicily.html
Chiesa Madre Immacolata Concezione, 4.5, Sights & Landmarks, /Attraction_Review-g2280716-d11716333-Reviews-Chiesa_Madre_Immacolata_Concezione-Centuripe_Province_of_Enna_Sicily.html, /Attractions-g2280716-Activities-Centuripe_Province_of_Enna_Sicily.html
Castello di Corradino, 4.0, Sights & Landmarks, /Attraction_Review-g2280716-d11716310-Reviews-Castello_di_Corradino-Centuripe_Province_of_Enna_Sicily.html, /Attractions-g2280716-Activities-Centuripe_Province_of_Enna_Sicily.html
Terme Romane, 4.0, Sights & Landmarks, /Attraction_Review-g2280716-d11716331-Reviews-Terme_Romane-Centuripe_Province_of_Enna_Sicily.html, /Attractions-g2280716-Activities-Centuripe_Province_of_Enna_Sicily.html
Chiesa di San Gioacchino, 4.0, Sights & Landmarks, /Attraction_Review-g2280716-d11716372-Reviews-Chiesa_di_San_Gioacchino-Centuripe_Province_of_Enna_Sicily.html, /Attractions-g2280716-Activities-Centuripe_Province_of_Enna_Sicily.html
Chiesa del Crocifisso, 3.0, Sights & Landmarks, /Attraction_Review-g2280716-d11716374-Reviews-Chiesa_del_Crocifisso-Centuripe_Province_of_Enna_Sicily.html, /Attractions-g2280716-Activities-Centuripe_Province_of_Enna_Sicily.html
Ufficio Turistico - Centuripenostra, None, Traveller Resources, /Attraction_Review-g2280716-d11716322-Reviews-Ufficio_Turistico_Centuripenostra-Centuripe_Province_of_Enna_Sicily.html, /Attractions-g2280716-Activities-Centuripe_Province_of_Enna_Sicily.html
Biblioteca Comunale di Centuripe, None, Traveller Resources, /Attraction_Review-g2280716-d11716328-Reviews-Biblioteca_Comunale_di_Centuripe-Centuripe_Province_of_Enna_Sicily.html, /Attractions-g2280716-Activities-Centuripe_Province_of_Enna_Sicily.html
Chiesa di San Giuseppe, None, Sights & Landmarks, /Attraction_Review-g2280716-d11716862-Reviews-Chiesa_di_San_Giuseppe-Centuripe_Province_of_Enna_Sicily.html, /Attractions-g2280716-Activities-Centuripe_Province_of_Enna_Sicily.html
Chiesa del Purgatorio, None, Sights & Landmarks, /Attraction_Review-g2280716-d11716382-Reviews-Chiesa_del_Purgatorio-Centuripe_Province_of_Enna_Sicily.html, /Attractions-g2280716-Activities-Centuripe_Province_of_Enna_Sicily.html
Chiesa del Sacro Cuore di Gesu, None, Sights & Landmarks, /Attraction_Review-g2280716-d11716394-Reviews-Chiesa_del_Sacro_Cuore_di_Gesu-Centuripe_Province_of_Enna_Sicily.html, /Attractions-g2280716-Activities-Centuripe_Province_of_Enna_Sicily.html
Chiesa di Sant'Agostino, None, Sights & Landmarks, /Attraction_Review-g2280716-d11716399-Reviews-Chiesa_di_Sant_Agostino-Centuripe_Province_of_Enna_Sicily.html, /Attractions-g2280716-Activities-Centuripe_Province_of_Enna_Sicily.html
