attraction_name, attraction_rate, attraction_type, attraction_url, attraction_parent_url
Castello Conti Filo, 5.0, Sights & Landmarks, /Attraction_Review-g2507471-d10696703-Reviews-Castello_Conti_Filo-Torre_Santa_Susanna_Province_of_Brindisi_Puglia.html, /Attractions-g2507471-Activities-Torre_Santa_Susanna_Province_of_Brindisi_Puglia.html
Chiesa di San Pietro a Crepacore, 4.5, Sights & Landmarks, /Attraction_Review-g2507471-d2488249-Reviews-Chiesa_di_San_Pietro_a_Crepacore-Torre_Santa_Susanna_Province_of_Brindisi_Puglia.html, /Attractions-g2507471-Activities-Torre_Santa_Susanna_Province_of_Brindisi_Puglia.html
Chiesa madre di San Nicola, 4.5, Sights & Landmarks, /Attraction_Review-g2507471-d10448167-Reviews-Chiesa_madre_di_San_Nicola-Torre_Santa_Susanna_Province_of_Brindisi_Puglia.html, /Attractions-g2507471-Activities-Torre_Santa_Susanna_Province_of_Brindisi_Puglia.html
Santuario di Santa Maria di Galaso, 4.5, Sights & Landmarks, /Attraction_Review-g2507471-d10448593-Reviews-Santuario_di_Santa_Maria_di_Galaso-Torre_Santa_Susanna_Province_of_Brindisi_Pug.html, /Attractions-g2507471-Activities-Torre_Santa_Susanna_Province_of_Brindisi_Puglia.html
Frantoi ipogei, 4.5, Sights & Landmarks, /Attraction_Review-g2507471-d2538342-Reviews-Frantoi_ipogei-Torre_Santa_Susanna_Province_of_Brindisi_Puglia.html, /Attractions-g2507471-Activities-Torre_Santa_Susanna_Province_of_Brindisi_Puglia.html
Masseria Arciprete, 5.0, Sights & Landmarks, /Attraction_Review-g2507471-d4843838-Reviews-Masseria_Arciprete-Torre_Santa_Susanna_Province_of_Brindisi_Puglia.html, /Attractions-g2507471-Activities-Torre_Santa_Susanna_Province_of_Brindisi_Puglia.html
Masseria Altemura, 4.5, Nightlife, /Attraction_Review-g2507471-d12839799-Reviews-Masseria_Altemura-Torre_Santa_Susanna_Province_of_Brindisi_Puglia.html, /Attractions-g2507471-Activities-Torre_Santa_Susanna_Province_of_Brindisi_Puglia.html
Chiesa e Convento dei Padri Carmelitani, 4.0, Sights & Landmarks, /Attraction_Review-g2507471-d12567953-Reviews-Chiesa_e_Convento_dei_Padri_Carmelitani-Torre_Santa_Susanna_Province_of_Brindis.html, /Attractions-g2507471-Activities-Torre_Santa_Susanna_Province_of_Brindisi_Puglia.html
Museo della Civilta Contadina, None, Museums, /Attraction_Review-g2507471-d12567943-Reviews-Museo_della_Civilta_Contadina-Torre_Santa_Susanna_Province_of_Brindisi_Puglia.html, /Attractions-g2507471-Activities-Torre_Santa_Susanna_Province_of_Brindisi_Puglia.html
Pinacoteca Comunale di Torre Santa Susanna, None, Museums, /Attraction_Review-g2507471-d12567945-Reviews-Pinacoteca_Comunale_di_Torre_Santa_Susanna-Torre_Santa_Susanna_Province_of_Brin.html, /Attractions-g2507471-Activities-Torre_Santa_Susanna_Province_of_Brindisi_Puglia.html
Colonna di Santa Susanna, None, Sights & Landmarks, /Attraction_Review-g2507471-d12567951-Reviews-Colonna_di_Santa_Susanna-Torre_Santa_Susanna_Province_of_Brindisi_Puglia.html, /Attractions-g2507471-Activities-Torre_Santa_Susanna_Province_of_Brindisi_Puglia.html
Cinema Teatro Comunale, None, Concerts & Shows, /Attraction_Review-g2507471-d12567950-Reviews-Cinema_Teatro_Comunale-Torre_Santa_Susanna_Province_of_Brindisi_Puglia.html, /Attractions-g2507471-Activities-Torre_Santa_Susanna_Province_of_Brindisi_Puglia.html
Piazza Umberto I, None, Sights & Landmarks, /Attraction_Review-g2507471-d12567955-Reviews-Piazza_Umberto_I-Torre_Santa_Susanna_Province_of_Brindisi_Puglia.html, /Attractions-g2507471-Activities-Torre_Santa_Susanna_Province_of_Brindisi_Puglia.html
Ufficio Informazioni Turistiche del Comune di Torre Santa Susanna, None, Traveller Resources, /Attraction_Review-g2507471-d12567966-Reviews-Ufficio_Informazioni_Turistiche_del_Comune_di_Torre_Santa_Susanna-Torre_Santa_S.html, /Attractions-g2507471-Activities-Torre_Santa_Susanna_Province_of_Brindisi_Puglia.html
Chiesa di Santo Stefano, None, Sights & Landmarks, /Attraction_Review-g2507471-d12564920-Reviews-Chiesa_di_Santo_Stefano-Torre_Santa_Susanna_Province_of_Brindisi_Puglia.html, /Attractions-g2507471-Activities-Torre_Santa_Susanna_Province_of_Brindisi_Puglia.html
Biblioteca Comunale 'Dott.ssa Caterina Formosi', None, Traveller Resources, /Attraction_Review-g2507471-d12564852-Reviews-Biblioteca_Comunale_Dott_ssa_Caterina_Formosi-Torre_Santa_Susanna_Province_of_B.html, /Attractions-g2507471-Activities-Torre_Santa_Susanna_Province_of_Brindisi_Puglia.html
Chiesa di San Giovanni, None, Sights & Landmarks, /Attraction_Review-g2507471-d12564925-Reviews-Chiesa_di_San_Giovanni-Torre_Santa_Susanna_Province_of_Brindisi_Puglia.html, /Attractions-g2507471-Activities-Torre_Santa_Susanna_Province_of_Brindisi_Puglia.html
