attraction_name, attraction_rate, attraction_type, attraction_url, attraction_parent_url
Pro Loco San Cono, None, Traveller Resources, /Attraction_Review-g10838834-d12987433-Reviews-Pro_Loco_San_Cono-San_Cono_Province_of_Catania_Sicily.html, /Attractions-g10838834-Activities-San_Cono_Province_of_Catania_Sicily.html
Chiesa Del Crocifisso, None, Sights & Landmarks, /Attraction_Review-g10838834-d20380623-Reviews-Chiesa_Del_Crocifisso-San_Cono_Province_of_Catania_Sicily.html, /Attractions-g10838834-Activities-San_Cono_Province_of_Catania_Sicily.html
Chiesa Parrocchiale di Maria SS. delle Grazie, None, Sights & Landmarks, /Attraction_Review-g10838834-d20381087-Reviews-Chiesa_Parrocchiale_di_Maria_SS_delle_Grazie-San_Cono_Province_of_Catania_Sici.html, /Attractions-g10838834-Activities-San_Cono_Province_of_Catania_Sicily.html
Chiesa dello Spirito Santo, None, Sights & Landmarks, /Attraction_Review-g10838834-d20381073-Reviews-Chiesa_dello_Spirito_Santo-San_Cono_Province_of_Catania_Sicily.html, /Attractions-g10838834-Activities-San_Cono_Province_of_Catania_Sicily.html
