attraction_name, attraction_rate, attraction_type, attraction_url, attraction_parent_url
Fattoria delle Coccole, 4.0, Zoos & Aquariums, /Attraction_Review-g1080124-d8107349-Reviews-Fattoria_delle_Coccole-Appiano_Gentile_Province_of_Como_Lombardy.html, /Attractions-g1080124-Activities-Appiano_Gentile_Province_of_Como_Lombardy.html
Santuario Madonna del Monte Carmelo, 4.5, Sights & Landmarks, /Attraction_Review-g1080124-d12965806-Reviews-Santuario_Madonna_del_Monte_Carmelo-Appiano_Gentile_Province_of_Como_Lombardy.html, /Attractions-g1080124-Activities-Appiano_Gentile_Province_of_Como_Lombardy.html
La Pinetina, 4.0, Fun & Games, /Attraction_Review-g1080124-d14863676-Reviews-La_Pinetina-Appiano_Gentile_Province_of_Como_Lombardy.html, /Attractions-g1080124-Activities-Appiano_Gentile_Province_of_Como_Lombardy.html
La Pinetina Golf Club, 4.0, Outdoor Activities, /Attraction_Review-g1080124-d6901511-Reviews-La_Pinetina_Golf_Club-Appiano_Gentile_Province_of_Como_Lombardy.html, /Attractions-g1080124-Activities-Appiano_Gentile_Province_of_Como_Lombardy.html
Cineteatro San Franccesco, 4.5, Fun & Games, /Attraction_Review-g1080124-d7246040-Reviews-Cineteatro_San_Franccesco-Appiano_Gentile_Province_of_Como_Lombardy.html, /Attractions-g1080124-Activities-Appiano_Gentile_Province_of_Como_Lombardy.html
Chiesa di San Bartolomeo al Bosco, 4.0, Sights & Landmarks, /Attraction_Review-g1080124-d12965807-Reviews-Chiesa_di_San_Bartolomeo_al_Bosco-Appiano_Gentile_Province_of_Como_Lombardy.html, /Attractions-g1080124-Activities-Appiano_Gentile_Province_of_Como_Lombardy.html
Chiesa di Santo Stefano, None, Sights & Landmarks, /Attraction_Review-g1080124-d12965797-Reviews-Chiesa_di_Santo_Stefano-Appiano_Gentile_Province_of_Como_Lombardy.html, /Attractions-g1080124-Activities-Appiano_Gentile_Province_of_Como_Lombardy.html
Italian classes Mo-Fri with accomodation near Italian lakes, None, Food & Drink, /Attraction_Review-g1080124-d15757328-Reviews-Italian_classes_Mo_Fri_with_accomodation_near_Italian_lakes-Appiano_Gentile_Pro.html, /Attractions-g1080124-Activities-Appiano_Gentile_Province_of_Como_Lombardy.html
