attraction_name, attraction_rate, attraction_type, attraction_url, attraction_parent_url
Biblioteca Accademica, 4.5, Traveller Resources, /Attraction_Review-g187791-d7220866-Reviews-Biblioteca_Accademica-Rome_Lazio.html, /Attractions-g187791-Activities-Rome_Lazio.html
Museo Storico Nazionale dell'Arte Sanitaria, 4.0, Museums, /Attraction_Review-g187791-d7089907-Reviews-Museo_Storico_Nazionale_dell_Arte_Sanitaria-Rome_Lazio.html, /Attractions-g187791-Activities-Rome_Lazio.html
Santa Rita da Cascia alle Vergini, 4.0, Sights & Landmarks, /Attraction_Review-g187791-d12103367-Reviews-Santa_Rita_da_Cascia_alle_Vergini-Rome_Lazio.html, /Attractions-g187791-Activities-Rome_Lazio.html
Teatro Quirino, 3.5, Concerts & Shows, /Attraction_Review-g187791-d245568-Reviews-Teatro_Quirino-Rome_Lazio.html, /Attractions-g187791-Activities-Rome_Lazio.html
Fontana del Babuino, 3.5, Sights & Landmarks, /Attraction_Review-g187791-d10130075-Reviews-Fontana_del_Babuino-Rome_Lazio.html, /Attractions-g187791-Activities-Rome_Lazio.html
Archivio di Stato di Roma, 4.0, Sights & Landmarks, /Attraction_Review-g187791-d7132952-Reviews-Archivio_di_Stato_di_Roma-Rome_Lazio.html, /Attractions-g187791-Activities-Rome_Lazio.html
Teatro Orione, 3.5, Concerts & Shows, /Attraction_Review-g187791-d7712144-Reviews-Teatro_Orione-Rome_Lazio.html, /Attractions-g187791-Activities-Rome_Lazio.html
Chiesa di San Girolamo dei Croati, 4.0, Sights & Landmarks, /Attraction_Review-g187791-d7896542-Reviews-Chiesa_di_San_Girolamo_dei_Croati-Rome_Lazio.html, /Attractions-g187791-Activities-Rome_Lazio.html
Palazzo Ferrajoli, 4.0, Sights & Landmarks, /Attraction_Review-g187791-d12869838-Reviews-Palazzo_Ferrajoli-Rome_Lazio.html, /Attractions-g187791-Activities-Rome_Lazio.html
94 Tele, 4.0, Sights & Landmarks, /Attraction_Review-g187791-d4273951-Reviews-94_Tele-Rome_Lazio.html, /Attractions-g187791-Activities-Rome_Lazio.html
Circolo Valentini, 3.0, Fun & Games, /Attraction_Review-g187791-d8388850-Reviews-Circolo_Valentini-Rome_Lazio.html, /Attractions-g187791-Activities-Rome_Lazio.html
Chiesa di San Carlo ai Catinari (SS. Biagio e Carlo ai Catinari), 4.0, Sights & Landmarks, /Attraction_Review-g187791-d4892238-Reviews-Chiesa_di_San_Carlo_ai_Catinari_SS_Biagio_e_Carlo_ai_Catinari-Rome_Lazio.html, /Attractions-g187791-Activities-Rome_Lazio.html
Via dei Banchi Vecchi, 4.5, Sights & Landmarks, /Attraction_Review-g187791-d592553-Reviews-Via_dei_Banchi_Vecchi-Rome_Lazio.html, /Attractions-g187791-Activities-Rome_Lazio.html
Ponte Palatino, 3.5, Sights & Landmarks, /Attraction_Review-g187791-d11965670-Reviews-Ponte_Palatino-Rome_Lazio.html, /Attractions-g187791-Activities-Rome_Lazio.html
Fontana in Piazza Colonna, 3.5, Sights & Landmarks, /Attraction_Review-g187791-d10457063-Reviews-Fontana_in_Piazza_Colonna-Rome_Lazio.html, /Attractions-g187791-Activities-Rome_Lazio.html
Centro Commerciale Anagnina, 4.0, Shopping, /Attraction_Review-g187791-d13509933-Reviews-Centro_Commerciale_Anagnina-Rome_Lazio.html, /Attractions-g187791-Activities-Rome_Lazio.html
Basilica di Sant'Antonio al Laterano, 3.5, Sights & Landmarks, /Attraction_Review-g187791-d7261661-Reviews-Basilica_di_Sant_Antonio_al_Laterano-Rome_Lazio.html, /Attractions-g187791-Activities-Rome_Lazio.html
Negozio Eno Gastronomico DOL, 4.0, Food & Drink, /Attraction_Review-g187791-d3791262-Reviews-Negozio_Eno_Gastronomico_DOL-Rome_Lazio.html, /Attractions-g187791-Activities-Rome_Lazio.html
Parco delle Mimose, 3.5, Water & Amusement Parks, /Attraction_Review-g187791-d10398982-Reviews-Parco_delle_Mimose-Rome_Lazio.html, /Attractions-g187791-Activities-Rome_Lazio.html
Museo Internazionale Del Presepio, 4.5, Museums, /Attraction_Review-g187791-d6661621-Reviews-Museo_Internazionale_Del_Presepio-Rome_Lazio.html, /Attractions-g187791-Activities-Rome_Lazio.html
Santa Maria dei Sette Dolori, 4.5, Sights & Landmarks, /Attraction_Review-g187791-d7757101-Reviews-Santa_Maria_dei_Sette_Dolori-Rome_Lazio.html, /Attractions-g187791-Activities-Rome_Lazio.html
Area Sacra Sant'Omobono Roma, 3.5, Sights & Landmarks, /Attraction_Review-g187791-d4743448-Reviews-Area_Sacra_Sant_Omobono_Roma-Rome_Lazio.html, /Attractions-g187791-Activities-Rome_Lazio.html
Outlet Shoes Roma, 4.0, Shopping, /Attraction_Review-g187791-d4694545-Reviews-Outlet_Shoes_Roma-Rome_Lazio.html, /Attractions-g187791-Activities-Rome_Lazio.html
Chiesa Rettoria San Girolamo Della Carita` a Via Giulia, 4.5, Sights & Landmarks, /Attraction_Review-g187791-d7692028-Reviews-Chiesa_Rettoria_San_Girolamo_Della_Carita_a_Via_Giulia-Rome_Lazio.html, /Attractions-g187791-Activities-Rome_Lazio.html
Palazzo Cipolla Fondazione Roma Museo, 4.5, Museums, /Attraction_Review-g187791-d8425020-Reviews-Palazzo_Cipolla_Fondazione_Roma_Museo-Rome_Lazio.html, /Attractions-g187791-Activities-Rome_Lazio.html
Fontana dei Leoni, 4.0, Sights & Landmarks, /Attraction_Review-g187791-d13973065-Reviews-Fontana_dei_Leoni-Rome_Lazio.html, /Attractions-g187791-Activities-Rome_Lazio.html
Chiesa di Santa Caterina dei Funari, 4.5, Sights & Landmarks, /Attraction_Review-g187791-d7592415-Reviews-Chiesa_di_Santa_Caterina_dei_Funari-Rome_Lazio.html, /Attractions-g187791-Activities-Rome_Lazio.html
Cloaca Maxima, 4.0, Sights & Landmarks, /Attraction_Review-g187791-d12865199-Reviews-Cloaca_Maxima-Rome_Lazio.html, /Attractions-g187791-Activities-Rome_Lazio.html
Chiesa Sant'Agata in Trastevere, 4.0, Sights & Landmarks, /Attraction_Review-g187791-d7906090-Reviews-Chiesa_Sant_Agata_in_Trastevere-Rome_Lazio.html, /Attractions-g187791-Activities-Rome_Lazio.html
Santuario della Madonna del Divino Amore, 4.5, Sights & Landmarks, /Attraction_Review-g187791-d13480998-Reviews-Santuario_della_Madonna_del_Divino_Amore-Rome_Lazio.html, /Attractions-g187791-Activities-Rome_Lazio.html
