attraction_name, attraction_rate, attraction_type, attraction_url, attraction_parent_url
Spiaggia di Poggio, 5.0, Nature & Parks, /Attraction_Review-g664213-d15218176-Reviews-Spiaggia_di_Poggio-Tronzano_Lago_Maggiore_Lake_Maggiore_Lombardy.html, /Attractions-g664213-Activities-Tronzano_Lago_Maggiore_Lake_Maggiore_Lombardy.html
Ronco Scigolino, 5.0, Sights & Landmarks, /Attraction_Review-g664213-d15218037-Reviews-Ronco_Scigolino-Tronzano_Lago_Maggiore_Lake_Maggiore_Lombardy.html, /Attractions-g664213-Activities-Tronzano_Lago_Maggiore_Lake_Maggiore_Lombardy.html
Chiesa S. Maria Assunta, 5.0, Sights & Landmarks, /Attraction_Review-g664213-d15060954-Reviews-Chiesa_S_Maria_Assunta-Tronzano_Lago_Maggiore_Lake_Maggiore_Lombardy.html, /Attractions-g664213-Activities-Tronzano_Lago_Maggiore_Lake_Maggiore_Lombardy.html
Chiesa di Santa Maria dei Disciplinati, 5.0, Sights & Landmarks, /Attraction_Review-g664213-d15218049-Reviews-Chiesa_di_Santa_Maria_dei_Disciplinati-Tronzano_Lago_Maggiore_Lake_Maggiore_Lomb.html, /Attractions-g664213-Activities-Tronzano_Lago_Maggiore_Lake_Maggiore_Lombardy.html
Monumento Ai Caduti, 5.0, Sights & Landmarks, /Attraction_Review-g664213-d15321414-Reviews-Monumento_Ai_Caduti-Tronzano_Lago_Maggiore_Lake_Maggiore_Lombardy.html, /Attractions-g664213-Activities-Tronzano_Lago_Maggiore_Lake_Maggiore_Lombardy.html
Traveling Spoon, None, Food & Drink, /Attraction_Review-g664213-d19721618-Reviews-Traveling_Spoon-Tronzano_Lago_Maggiore_Lake_Maggiore_Lombardy.html, /Attractions-g664213-Activities-Tronzano_Lago_Maggiore_Lake_Maggiore_Lombardy.html
