attraction_name, attraction_rate, attraction_type, attraction_url, attraction_parent_url
Parco delle Groane, 4.0, Nature & Parks, /Attraction_Review-g3732334-d4459951-Reviews-Parco_delle_Groane-Solaro_Province_of_Milan_Lombardy.html, /Attractions-g3732334-Activities-Solaro_Province_of_Milan_Lombardy.html
Oratorio dei SS. Ambrogio e Caterina, 4.5, Sights & Landmarks, /Attraction_Review-g3732334-d10292001-Reviews-Oratorio_dei_SS_Ambrogio_e_Caterina-Solaro_Province_of_Milan_Lombardy.html, /Attractions-g3732334-Activities-Solaro_Province_of_Milan_Lombardy.html
La Siesta, 3.5, Nature & Parks, /Attraction_Review-g3732334-d4501596-Reviews-La_Siesta-Solaro_Province_of_Milan_Lombardy.html, /Attractions-g3732334-Activities-Solaro_Province_of_Milan_Lombardy.html
Eleven's club, 5.0, Nightlife, /Attraction_Review-g3732334-d17785634-Reviews-Eleven_s_club-Solaro_Province_of_Milan_Lombardy.html, /Attractions-g3732334-Activities-Solaro_Province_of_Milan_Lombardy.html
Parrocchia Santi Quirico e Giulitta, 4.0, Sights & Landmarks, /Attraction_Review-g3732334-d12938064-Reviews-Parrocchia_Santi_Quirico_e_Giulitta-Solaro_Province_of_Milan_Lombardy.html, /Attractions-g3732334-Activities-Solaro_Province_of_Milan_Lombardy.html
Davila Cafe, 2.0, Nightlife, /Attraction_Review-g3732334-d5932168-Reviews-Davila_Cafe-Solaro_Province_of_Milan_Lombardy.html, /Attractions-g3732334-Activities-Solaro_Province_of_Milan_Lombardy.html
Centro Libri Larizza, 2.5, Shopping, /Attraction_Review-g3732334-d17629281-Reviews-Centro_Libri_Larizza-Solaro_Province_of_Milan_Lombardy.html, /Attractions-g3732334-Activities-Solaro_Province_of_Milan_Lombardy.html
REDD Drink Positive, 4.0, Nightlife, /Attraction_Review-g3732334-d5932760-Reviews-REDD_Drink_Positive-Solaro_Province_of_Milan_Lombardy.html, /Attractions-g3732334-Activities-Solaro_Province_of_Milan_Lombardy.html
La Sorgente Del Benessere, None, Spas & Wellness, /Attraction_Review-g3732334-d12458058-Reviews-La_Sorgente_Del_Benessere-Solaro_Province_of_Milan_Lombardy.html, /Attractions-g3732334-Activities-Solaro_Province_of_Milan_Lombardy.html
Biblioteca comunale di Solaro, None, Traveller Resources, /Attraction_Review-g3732334-d21058721-Reviews-Biblioteca_comunale_di_Solaro-Solaro_Province_of_Milan_Lombardy.html, /Attractions-g3732334-Activities-Solaro_Province_of_Milan_Lombardy.html
