attraction_name, attraction_rate, attraction_type, attraction_url, attraction_parent_url
Rocca Sanvitale di Fontanellato, 4.5, Sights & Landmarks, /Attraction_Review-g1020924-d1581288-Reviews-Rocca_Sanvitale_di_Fontanellato-Fontanellato_Province_of_Parma_Emilia_Romagna.html, /Attractions-g1020924-Activities-Fontanellato_Province_of_Parma_Emilia_Romagna.html
Santuario Basilica della Beata Vergine del Santo Rosario di Fontanellato, 4.5, Sights & Landmarks, /Attraction_Review-g1020924-d6108996-Reviews-Santuario_Basilica_della_Beata_Vergine_del_Santo_Rosario_di_Fontanellato-Fontane.html, /Attractions-g1020924-Activities-Fontanellato_Province_of_Parma_Emilia_Romagna.html
Labirinto Della Masone, 3.5, Museums, /Attraction_Review-g1020924-d8276652-Reviews-Labirinto_Della_Masone-Fontanellato_Province_of_Parma_Emilia_Romagna.html, /Attractions-g1020924-Activities-Fontanellato_Province_of_Parma_Emilia_Romagna.html
Parrocchia di Santa Croce e San Benedetto, 4.0, Sights & Landmarks, /Attraction_Review-g1020924-d13001739-Reviews-Parrocchia_di_Santa_Croce_e_San_Benedetto-Fontanellato_Province_of_Parma_Emilia.html, /Attractions-g1020924-Activities-Fontanellato_Province_of_Parma_Emilia_Romagna.html
IAT - Ufficio Informazione e Accoglienza Turistica, 5.0, Traveller Resources, /Attraction_Review-g1020924-d12607308-Reviews-IAT_Ufficio_Informazione_e_Accoglienza_Turistica-Fontanellato_Province_of_Parma.html, /Attractions-g1020924-Activities-Fontanellato_Province_of_Parma_Emilia_Romagna.html
Oratorio di Santa Maria Assunta / San Gaetano, 4.5, Sights & Landmarks, /Attraction_Review-g1020924-d16655547-Reviews-Oratorio_di_Santa_Maria_Assunta_San_Gaetano-Fontanellato_Province_of_Parma_Emil.html, /Attractions-g1020924-Activities-Fontanellato_Province_of_Parma_Emilia_Romagna.html
Chiesa di San Benedetto, 5.0, Sights & Landmarks, /Attraction_Review-g1020924-d13198644-Reviews-Chiesa_di_San_Benedetto-Fontanellato_Province_of_Parma_Emilia_Romagna.html, /Attractions-g1020924-Activities-Fontanellato_Province_of_Parma_Emilia_Romagna.html
Artinrocca, 4.5, Shopping, /Attraction_Review-g1020924-d2217893-Reviews-Artinrocca-Fontanellato_Province_of_Parma_Emilia_Romagna.html, /Attractions-g1020924-Activities-Fontanellato_Province_of_Parma_Emilia_Romagna.html
Teatro Comunale, 4.5, Concerts & Shows, /Attraction_Review-g1020924-d14204309-Reviews-Teatro_Comunale-Fontanellato_Province_of_Parma_Emilia_Romagna.html, /Attractions-g1020924-Activities-Fontanellato_Province_of_Parma_Emilia_Romagna.html
Mercatino dell’Antiquariato, 3.0, Shopping, /Attraction_Review-g1020924-d11864896-Reviews-Mercatino_dell_Antiquariato-Fontanellato_Province_of_Parma_Emilia_Romagna.html, /Attractions-g1020924-Activities-Fontanellato_Province_of_Parma_Emilia_Romagna.html
La Fattoria di Parma, 4.5, Shopping, /Attraction_Review-g12915173-d12315585-Reviews-La_Fattoria_di_Parma-Sanguinaro_Fontanellato_Province_of_Parma_Emilia_Romagna.html, /Attractions-g1020924-Activities-Fontanellato_Province_of_Parma_Emilia_Romagna.html
Pasticceria Capetta, 4.5, Shopping, /Attraction_Review-g1020924-d3545392-Reviews-Pasticceria_Capetta-Fontanellato_Province_of_Parma_Emilia_Romagna.html, /Attractions-g1020924-Activities-Fontanellato_Province_of_Parma_Emilia_Romagna.html
Cocktail Bar Al Bambù, 5.0, Nightlife, /Attraction_Review-g1020924-d18965862-Reviews-Cocktail_Bar_Al_Bambu-Fontanellato_Province_of_Parma_Emilia_Romagna.html, /Attractions-g1020924-Activities-Fontanellato_Province_of_Parma_Emilia_Romagna.html
