attraction_name, attraction_rate, attraction_type, attraction_url, attraction_parent_url
Piscine comunali San Pietro in Gu, 4.0, Fun & Games, /Attraction_Review-g2356371-d10675137-Reviews-Piscine_comunali_San_Pietro_in_Gu-San_Pietro_in_Gu_Province_of_Padua_Veneto.html, /Attractions-g2356371-Activities-San_Pietro_in_Gu_Province_of_Padua_Veneto.html
Chiesa di San Michele, 4.0, Sights & Landmarks, /Attraction_Review-g2356371-d13162013-Reviews-Chiesa_di_San_Michele-San_Pietro_in_Gu_Province_of_Padua_Veneto.html, /Attractions-g2356371-Activities-San_Pietro_in_Gu_Province_of_Padua_Veneto.html
Museo Comunale delle Risorgive, None, Museums, /Attraction_Review-g2356371-d12839441-Reviews-Museo_Comunale_delle_Risorgive-San_Pietro_in_Gu_Province_of_Padua_Veneto.html, /Attractions-g2356371-Activities-San_Pietro_in_Gu_Province_of_Padua_Veneto.html
Villa Negri-Rigon, None, Sights & Landmarks, /Attraction_Review-g2356371-d13162111-Reviews-Villa_Negri_Rigon-San_Pietro_in_Gu_Province_of_Padua_Veneto.html, /Attractions-g2356371-Activities-San_Pietro_in_Gu_Province_of_Padua_Veneto.html
Villa Zilio, None, Sights & Landmarks, /Attraction_Review-g2356371-d10838266-Reviews-Villa_Zilio-San_Pietro_in_Gu_Province_of_Padua_Veneto.html, /Attractions-g2356371-Activities-San_Pietro_in_Gu_Province_of_Padua_Veneto.html
Parrocchia di San Lorenzo in San Pietro, None, Sights & Landmarks, /Attraction_Review-g2356371-d10838275-Reviews-Parrocchia_di_San_Lorenzo_in_San_Pietro-San_Pietro_in_Gu_Province_of_Padua_Vene.html, /Attractions-g2356371-Activities-San_Pietro_in_Gu_Province_of_Padua_Veneto.html
Villa Biasia, None, Sights & Landmarks, /Attraction_Review-g2356371-d10840489-Reviews-Villa_Biasia-San_Pietro_in_Gu_Province_of_Padua_Veneto.html, /Attractions-g2356371-Activities-San_Pietro_in_Gu_Province_of_Padua_Veneto.html
Palazzo Municipale di San Pietro in Gu, None, Sights & Landmarks, /Attraction_Review-g2356371-d10840495-Reviews-Palazzo_Municipale_di_San_Pietro_in_Gu-San_Pietro_in_Gu_Province_of_Padua_Venet.html, /Attractions-g2356371-Activities-San_Pietro_in_Gu_Province_of_Padua_Veneto.html
