attraction_name, attraction_rate, attraction_type, attraction_url, attraction_parent_url
Emilio Greco - Grande Figura Accoccolata, 3.5, Sights & Landmarks, /Attraction_Review-g187867-d13127818-Reviews-Emilio_Greco_Grande_Figura_Accoccolata-Padua_Province_of_Padua_Veneto.html, /Attractions-g187867-Activities-Padua_Province_of_Padua_Veneto.html
Amusement Park, 2.5, Water & Amusement Parks, /Attraction_Review-g187867-d242144-Reviews-Amusement_Park-Padua_Province_of_Padua_Veneto.html, /Attractions-g187867-Activities-Padua_Province_of_Padua_Veneto.html
IAT Ufficio Informazioni Turistiche Galleria Pedrocchi Padova, 3.5, Traveller Resources, /Attraction_Review-g187867-d10679040-Reviews-IAT_Ufficio_Informazioni_Turistiche_Galleria_Pedrocchi_Padova-Padua_Province_of_.html, /Attractions-g187867-Activities-Padua_Province_of_Padua_Veneto.html
Palazzo Donghi Ponti, 4.5, Sights & Landmarks, /Attraction_Review-g187867-d10168926-Reviews-Palazzo_Donghi_Ponti-Padua_Province_of_Padua_Veneto.html, /Attractions-g187867-Activities-Padua_Province_of_Padua_Veneto.html
Botanical Museum, 4.0, Museums, /Attraction_Review-g187867-d3382214-Reviews-Botanical_Museum-Padua_Province_of_Padua_Veneto.html, /Attractions-g187867-Activities-Padua_Province_of_Padua_Veneto.html
Antonianum, 4.0, Concerts & Shows, /Attraction_Review-g187867-d242145-Reviews-Antonianum-Padua_Province_of_Padua_Veneto.html, /Attractions-g187867-Activities-Padua_Province_of_Padua_Veneto.html
Ponte dei Quattro Papi, 4.0, Sights & Landmarks, /Attraction_Review-g187867-d12823091-Reviews-Ponte_dei_Quattro_Papi-Padua_Province_of_Padua_Veneto.html, /Attractions-g187867-Activities-Padua_Province_of_Padua_Veneto.html
Via Galileo Galilei, 3.5, Sights & Landmarks, /Attraction_Review-g187867-d12094896-Reviews-Via_Galileo_Galilei-Padua_Province_of_Padua_Veneto.html, /Attractions-g187867-Activities-Padua_Province_of_Padua_Veneto.html
Chiesa di S. Massimo, 4.0, Sights & Landmarks, /Attraction_Review-g187867-d5237966-Reviews-Chiesa_di_S_Massimo-Padua_Province_of_Padua_Veneto.html, /Attractions-g187867-Activities-Padua_Province_of_Padua_Veneto.html
Palazzo degli Emo Capodilista, 3.5, Sights & Landmarks, /Attraction_Review-g187867-d10163652-Reviews-Palazzo_degli_Emo_Capodilista-Padua_Province_of_Padua_Veneto.html, /Attractions-g187867-Activities-Padua_Province_of_Padua_Veneto.html
Palazzo Zacco al Pra, 4.0, Sights & Landmarks, /Attraction_Review-g187867-d11871864-Reviews-Palazzo_Zacco_al_Pra-Padua_Province_of_Padua_Veneto.html, /Attractions-g187867-Activities-Padua_Province_of_Padua_Veneto.html
Fenice Green Energy Park, 3.0, Nature & Parks, /Attraction_Review-g187867-d11919467-Reviews-Fenice_Green_Energy_Park-Padua_Province_of_Padua_Veneto.html, /Attractions-g187867-Activities-Padua_Province_of_Padua_Veneto.html
Chiesa di San Clemente, 3.5, Sights & Landmarks, /Attraction_Review-g187867-d8720133-Reviews-Chiesa_di_San_Clemente-Padua_Province_of_Padua_Veneto.html, /Attractions-g187867-Activities-Padua_Province_of_Padua_Veneto.html
Porta San Giovanni, 4.5, Sights & Landmarks, /Attraction_Review-g187867-d11829044-Reviews-Porta_San_Giovanni-Padua_Province_of_Padua_Veneto.html, /Attractions-g187867-Activities-Padua_Province_of_Padua_Veneto.html
Chiesa e Complesso San Francesco, 3.5, Sights & Landmarks, /Attraction_Review-g187867-d8713613-Reviews-Chiesa_e_Complesso_San_Francesco-Padua_Province_of_Padua_Veneto.html, /Attractions-g187867-Activities-Padua_Province_of_Padua_Veneto.html
Fontana di Piazza delle Erbe, 3.5, Sights & Landmarks, /Attraction_Review-g187867-d12078996-Reviews-Fontana_di_Piazza_delle_Erbe-Padua_Province_of_Padua_Veneto.html, /Attractions-g187867-Activities-Padua_Province_of_Padua_Veneto.html
La Gatta di Padova, 4.0, Sights & Landmarks, /Attraction_Review-g187867-d11894659-Reviews-La_Gatta_di_Padova-Padua_Province_of_Padua_Veneto.html, /Attractions-g187867-Activities-Padua_Province_of_Padua_Veneto.html
Museo dell'Educazione, 4.0, Museums, /Attraction_Review-g187867-d3382215-Reviews-Museo_dell_Educazione-Padua_Province_of_Padua_Veneto.html, /Attractions-g187867-Activities-Padua_Province_of_Padua_Veneto.html
Parco Fistomba, 3.5, Nature & Parks, /Attraction_Review-g187867-d10185311-Reviews-Parco_Fistomba-Padua_Province_of_Padua_Veneto.html, /Attractions-g187867-Activities-Padua_Province_of_Padua_Veneto.html
Torre degli Anziani, 3.0, Sights & Landmarks, /Attraction_Review-g187867-d12097273-Reviews-Torre_degli_Anziani-Padua_Province_of_Padua_Veneto.html, /Attractions-g187867-Activities-Padua_Province_of_Padua_Veneto.html
Parco Roncajette, 1.5, Nature & Parks, /Attraction_Review-g187867-d11829092-Reviews-Parco_Roncajette-Padua_Province_of_Padua_Veneto.html, /Attractions-g187867-Activities-Padua_Province_of_Padua_Veneto.html
Il Capitello Senza Colonna, 4.0, Sights & Landmarks, /Attraction_Review-g187867-d12823368-Reviews-Il_Capitello_Senza_Colonna-Padua_Province_of_Padua_Veneto.html, /Attractions-g187867-Activities-Padua_Province_of_Padua_Veneto.html
Centro Congressi Villa Ottoboni, 4.0, Traveller Resources, /Attraction_Review-g187867-d12150489-Reviews-Centro_Congressi_Villa_Ottoboni-Padua_Province_of_Padua_Veneto.html, /Attractions-g187867-Activities-Padua_Province_of_Padua_Veneto.html
Il Giardino dei Giusti del Mondo, 4.5, Nature & Parks, /Attraction_Review-g187867-d10236419-Reviews-Il_Giardino_dei_Giusti_del_Mondo-Padua_Province_of_Padua_Veneto.html, /Attractions-g187867-Activities-Padua_Province_of_Padua_Veneto.html
Museum of Archaeological Sciences and Art, 4.5, Museums, /Attraction_Review-g187867-d3382220-Reviews-Museum_of_Archaeological_Sciences_and_Art-Padua_Province_of_Padua_Veneto.html, /Attractions-g187867-Activities-Padua_Province_of_Padua_Veneto.html
Centro Commerciale La Corte, 2.5, Shopping, /Attraction_Review-g187867-d11910962-Reviews-Centro_Commerciale_La_Corte-Padua_Province_of_Padua_Veneto.html, /Attractions-g187867-Activities-Padua_Province_of_Padua_Veneto.html
Ponte di Sant'Agostino, 4.0, Sights & Landmarks, /Attraction_Review-g187867-d12081444-Reviews-Ponte_di_Sant_Agostino-Padua_Province_of_Padua_Veneto.html, /Attractions-g187867-Activities-Padua_Province_of_Padua_Veneto.html
Giardini della Rotonda, 3.0, Nature & Parks, /Attraction_Review-g187867-d8492405-Reviews-Giardini_della_Rotonda-Padua_Province_of_Padua_Veneto.html, /Attractions-g187867-Activities-Padua_Province_of_Padua_Veneto.html
Chiesa e Pinacoteca di S. Tommaso Becket, 3.5, Sights & Landmarks, /Attraction_Review-g187867-d5237971-Reviews-Chiesa_e_Pinacoteca_di_S_Tommaso_Becket-Padua_Province_of_Padua_Veneto.html, /Attractions-g187867-Activities-Padua_Province_of_Padua_Veneto.html
Cimitero Ebraico di Via Wiel, 4.5, Sights & Landmarks, /Attraction_Review-g187867-d11810055-Reviews-Cimitero_Ebraico_di_Via_Wiel-Padua_Province_of_Padua_Veneto.html, /Attractions-g187867-Activities-Padua_Province_of_Padua_Veneto.html
