attraction_name, attraction_rate, attraction_type, attraction_url, attraction_parent_url
Le Barbarighe, 5.0, Nature & Parks, /Attraction_Review-g1605380-d8610349-Reviews-Le_Barbarighe-San_Martino_di_Venezze_Province_of_Rovigo_Veneto.html, /Attractions-g1605380-Activities-San_Martino_di_Venezze_Province_of_Rovigo_Veneto.html
Samana, 4.5, Nightlife, /Attraction_Review-g1605380-d5932033-Reviews-Samana-San_Martino_di_Venezze_Province_of_Rovigo_Veneto.html, /Attractions-g1605380-Activities-San_Martino_di_Venezze_Province_of_Rovigo_Veneto.html
Mural La città Galleggiante di Alessandra Carloni, None, Sights & Landmarks, /Attraction_Review-g1605380-d15033510-Reviews-Mural_La_citta_Galleggiante_di_Alessandra_Carloni-San_Martino_di_Venezze_Provin.html, /Attractions-g1605380-Activities-San_Martino_di_Venezze_Province_of_Rovigo_Veneto.html
Parrocchia di San Martino Vescovo, None, Sights & Landmarks, /Attraction_Review-g1605380-d15032986-Reviews-Parrocchia_di_San_Martino_Vescovo-San_Martino_di_Venezze_Province_of_Rovigo_Ven.html, /Attractions-g1605380-Activities-San_Martino_di_Venezze_Province_of_Rovigo_Veneto.html
Parrocchia di Santa Maria Assunta in Beverare, None, Sights & Landmarks, /Attraction_Review-g1605380-d15032989-Reviews-Parrocchia_di_Santa_Maria_Assunta_in_Beverare-San_Martino_di_Venezze_Province_o.html, /Attractions-g1605380-Activities-San_Martino_di_Venezze_Province_of_Rovigo_Veneto.html
