attraction_name, attraction_rate, attraction_type, attraction_url, attraction_parent_url
Borgo Storico di Manarola, 4.5, Sights & Landmarks, /Attraction_Review-g187819-d12666117-Reviews-Borgo_Storico_di_Manarola-Manarola_Cinque_Terre_Italian_Riviera_Liguria.html, /Attractions-g187819-Activities-Manarola_Cinque_Terre_Italian_Riviera_Liguria.html
Cinque Terre Walk and Drink, 4.5, Food & Drink, /Attraction_Review-g187819-d3961509-Reviews-Cinque_Terre_Walk_and_Drink-Manarola_Cinque_Terre_Italian_Riviera_Liguria.html, /Attractions-g187819-Activities-Manarola_Cinque_Terre_Italian_Riviera_Liguria.html
Chiesa di San Lorenzo, 4.0, Sights & Landmarks, /Attraction_Review-g187819-d547266-Reviews-Chiesa_di_San_Lorenzo-Manarola_Cinque_Terre_Italian_Riviera_Liguria.html, /Attractions-g187819-Activities-Manarola_Cinque_Terre_Italian_Riviera_Liguria.html
Enjoy Cinqueterre Boat Tours, 5.0, Boat Tours & Water Sports, /Attraction_Review-g187819-d6734135-Reviews-Enjoy_Cinqueterre_Boat_Tours-Manarola_Cinque_Terre_Italian_Riviera_Liguria.html, /Attractions-g187819-Activities-Manarola_Cinque_Terre_Italian_Riviera_Liguria.html
5 Terre Pelagos Boat Tours, 5.0, Boat Tours & Water Sports, /Attraction_Review-g187819-d14475163-Reviews-5_Terre_Pelagos_Boat_Tours-Manarola_Cinque_Terre_Italian_Riviera_Liguria.html, /Attractions-g187819-Activities-Manarola_Cinque_Terre_Italian_Riviera_Liguria.html
Arbaspàa, 4.5, Tours, /Attraction_Review-g187819-d19899751-Reviews-Arbaspaa-Manarola_Cinque_Terre_Italian_Riviera_Liguria.html, /Attractions-g187819-Activities-Manarola_Cinque_Terre_Italian_Riviera_Liguria.html
Rayo Verde Tour, 5.0, Boat Tours & Water Sports, /Attraction_Review-g187819-d14098785-Reviews-Rayo_Verde_Tour-Manarola_Cinque_Terre_Italian_Riviera_Liguria.html, /Attractions-g187819-Activities-Manarola_Cinque_Terre_Italian_Riviera_Liguria.html
San Giorgio Boats, 5.0, Boat Tours & Water Sports, /Attraction_Review-g187819-d13966643-Reviews-San_Giorgio_Boats-Manarola_Cinque_Terre_Italian_Riviera_Liguria.html, /Attractions-g187819-Activities-Manarola_Cinque_Terre_Italian_Riviera_Liguria.html
Nessun Dorma Cantina, 5.0, Food & Drink, /Attraction_Review-g187819-d18077347-Reviews-Nessun_Dorma_Cantina-Manarola_Cinque_Terre_Italian_Riviera_Liguria.html, /Attractions-g187819-Activities-Manarola_Cinque_Terre_Italian_Riviera_Liguria.html
A Pie de Campu, 4.5, Nightlife, /Attraction_Review-g187819-d14802822-Reviews-A_Pie_de_Campu-Manarola_Cinque_Terre_Italian_Riviera_Liguria.html, /Attractions-g187819-Activities-Manarola_Cinque_Terre_Italian_Riviera_Liguria.html
Cinque Terre Tours, 4.5, Food & Drink, /Attraction_Review-g187819-d11660724-Reviews-Cinque_Terre_Tours-Manarola_Cinque_Terre_Italian_Riviera_Liguria.html, /Attractions-g187819-Activities-Manarola_Cinque_Terre_Italian_Riviera_Liguria.html
Cinque Terre Trekking Gear Shop, 5.0, Shopping, /Attraction_Review-g187819-d4893442-Reviews-Cinque_Terre_Trekking_Gear_Shop-Manarola_Cinque_Terre_Italian_Riviera_Liguria.html, /Attractions-g187819-Activities-Manarola_Cinque_Terre_Italian_Riviera_Liguria.html
BB Cinqueterre, 5.0, Boat Tours & Water Sports, /Attraction_Review-g187819-d17791323-Reviews-BB_Cinqueterre-Manarola_Cinque_Terre_Italian_Riviera_Liguria.html, /Attractions-g187819-Activities-Manarola_Cinque_Terre_Italian_Riviera_Liguria.html
Stella boat tour, 5.0, Boat Tours & Water Sports, /Attraction_Review-g187819-d17528498-Reviews-Stella_boat_tour-Manarola_Cinque_Terre_Italian_Riviera_Liguria.html, /Attractions-g187819-Activities-Manarola_Cinque_Terre_Italian_Riviera_Liguria.html
Manarola scenic viewpoint, 5.0, Sights & Landmarks, /Attraction_Review-g187819-d21252740-Reviews-Manarola_scenic_viewpoint-Manarola_Cinque_Terre_Italian_Riviera_Liguria.html, /Attractions-g187819-Activities-Manarola_Cinque_Terre_Italian_Riviera_Liguria.html
Curioseety Manarola, 5.0, Food & Drink, /Attraction_Review-g187819-d20360826-Reviews-Curioseety_Manarola-Manarola_Cinque_Terre_Italian_Riviera_Liguria.html, /Attractions-g187819-Activities-Manarola_Cinque_Terre_Italian_Riviera_Liguria.html
Explora, 3.5, Shopping, /Attraction_Review-g187819-d5232897-Reviews-Explora-Manarola_Cinque_Terre_Italian_Riviera_Liguria.html, /Attractions-g187819-Activities-Manarola_Cinque_Terre_Italian_Riviera_Liguria.html
A Casa Cooking Class, 4.0, Food & Drink, /Attraction_Review-g187819-d3538302-Reviews-A_Casa_Cooking_Class-Manarola_Cinque_Terre_Italian_Riviera_Liguria.html, /Attractions-g187819-Activities-Manarola_Cinque_Terre_Italian_Riviera_Liguria.html
Terredamare, None, Boat Tours & Water Sports, /Attraction_Review-g187819-d16819604-Reviews-Terredamare-Manarola_Cinque_Terre_Italian_Riviera_Liguria.html, /Attractions-g187819-Activities-Manarola_Cinque_Terre_Italian_Riviera_Liguria.html
The Blue Boat Cinque terre, None, Boat Tours & Water Sports, /Attraction_Review-g187819-d20379063-Reviews-The_Blue_Boat_Cinque_terre-Manarola_Cinque_Terre_Italian_Riviera_Liguria.html, /Attractions-g187819-Activities-Manarola_Cinque_Terre_Italian_Riviera_Liguria.html
