attraction_name, attraction_rate, attraction_type, attraction_url, attraction_parent_url
Covolo Di Bustione, 4.5, Outdoor Activities, /Attraction_Review-g2360072-d6727203-Reviews-Covolo_Di_Bustione-Cismon_del_Grappa_Province_of_Vicenza_Veneto.html, /Attractions-g2360072-Activities-Cismon_del_Grappa_Province_of_Vicenza_Veneto.html
Forte Tombion, 2.0, Sights & Landmarks, /Attraction_Review-g2360072-d22950610-Reviews-Forte_Tombion-Cismon_del_Grappa_Province_of_Vicenza_Veneto.html, /Attractions-g2360072-Activities-Cismon_del_Grappa_Province_of_Vicenza_Veneto.html
Chiesa Beata Vergine del Pedancino, None, Sights & Landmarks, /Attraction_Review-g2360072-d19804290-Reviews-Chiesa_Beata_Vergine_del_Pedancino-Cismon_del_Grappa_Province_of_Vicenza_Veneto.html, /Attractions-g2360072-Activities-Cismon_del_Grappa_Province_of_Vicenza_Veneto.html
Chiesa San Marco Evangelista, None, Sights & Landmarks, /Attraction_Review-g2360072-d19804284-Reviews-Chiesa_San_Marco_Evangelista-Cismon_del_Grappa_Province_of_Vicenza_Veneto.html, /Attractions-g2360072-Activities-Cismon_del_Grappa_Province_of_Vicenza_Veneto.html
