attraction_name, attraction_rate, attraction_type, attraction_url, attraction_parent_url
Riserva Naturale Diaccia Botrona, 4.5, Nature & Parks, /Attraction_Review-g194733-d3400673-Reviews-Riserva_Naturale_Diaccia_Botrona-Castiglione_Della_Pescaia_Province_of_Grosseto_T.html, /Attractions-g194733-Activities-Castiglione_Della_Pescaia_Province_of_Grosseto_Tuscany.html
Castello Aragonese, 4.5, Sights & Landmarks, /Attraction_Review-g194733-d10463069-Reviews-Castello_Aragonese-Castiglione_Della_Pescaia_Province_of_Grosseto_Tuscany.html, /Attractions-g194733-Activities-Castiglione_Della_Pescaia_Province_of_Grosseto_Tuscany.html
Spiaggia di Casetta Civinini, 4.0, Nature & Parks, /Attraction_Review-g194871-d8458275-Reviews-Spiaggia_di_Casetta_Civinini-Punta_Ala_Castiglione_Della_Pescaia_Province_of_Gros.html, /Attractions-g194733-Activities-Castiglione_Della_Pescaia_Province_of_Grosseto_Tuscany.html
Spiaggia delle Rocchette, 4.0, Nature & Parks, /Attraction_Review-g194733-d10901082-Reviews-Spiaggia_delle_Rocchette-Castiglione_Della_Pescaia_Province_of_Grosseto_Tuscany.html, /Attractions-g194733-Activities-Castiglione_Della_Pescaia_Province_of_Grosseto_Tuscany.html
Bagno Belmare, 4.5, Nature & Parks, /Attraction_Review-g194871-d4765446-Reviews-Bagno_Belmare-Punta_Ala_Castiglione_Della_Pescaia_Province_of_Grosseto_Tuscany.html, /Attractions-g194733-Activities-Castiglione_Della_Pescaia_Province_of_Grosseto_Tuscany.html
Bagno Capezzòlo, 4.5, Nature & Parks, /Attraction_Review-g194733-d3206794-Reviews-Bagno_Capezzolo-Castiglione_Della_Pescaia_Province_of_Grosseto_Tuscany.html, /Attractions-g194733-Activities-Castiglione_Della_Pescaia_Province_of_Grosseto_Tuscany.html
Bagno Punta Hidalgo, 4.5, Nature & Parks, /Attraction_Review-g194871-d3411582-Reviews-Bagno_Punta_Hidalgo-Punta_Ala_Castiglione_Della_Pescaia_Province_of_Grosseto_Tusc.html, /Attractions-g194733-Activities-Castiglione_Della_Pescaia_Province_of_Grosseto_Tuscany.html
Spiaggia di Punta Ala, 4.0, Nature & Parks, /Attraction_Review-g194733-d10901194-Reviews-Spiaggia_di_Punta_Ala-Castiglione_Della_Pescaia_Province_of_Grosseto_Tuscany.html, /Attractions-g194733-Activities-Castiglione_Della_Pescaia_Province_of_Grosseto_Tuscany.html
Museo Casa Rossa Ximenes, 4.5, Museums, /Attraction_Review-g194733-d2489874-Reviews-Museo_Casa_Rossa_Ximenes-Castiglione_Della_Pescaia_Province_of_Grosseto_Tuscany.html, /Attractions-g194733-Activities-Castiglione_Della_Pescaia_Province_of_Grosseto_Tuscany.html
La Vela, 3.5, Outdoor Activities, /Attraction_Review-g194871-d2262944-Reviews-La_Vela-Punta_Ala_Castiglione_Della_Pescaia_Province_of_Grosseto_Tuscany.html, /Attractions-g194733-Activities-Castiglione_Della_Pescaia_Province_of_Grosseto_Tuscany.html
Bagno Tartana, 3.0, Outdoor Activities, /Attraction_Review-g194871-d17712713-Reviews-Bagno_Tartana-Punta_Ala_Castiglione_Della_Pescaia_Province_of_Grosseto_Tuscany.html, /Attractions-g194733-Activities-Castiglione_Della_Pescaia_Province_of_Grosseto_Tuscany.html
Bagno Alessandro, 3.0, Nature & Parks, /Attraction_Review-g194733-d1889786-Reviews-Bagno_Alessandro-Castiglione_Della_Pescaia_Province_of_Grosseto_Tuscany.html, /Attractions-g194733-Activities-Castiglione_Della_Pescaia_Province_of_Grosseto_Tuscany.html
Campeggio Baia Verde, 3.5, Outdoor Activities, /Attraction_Review-g194871-d8599630-Reviews-Campeggio_Baia_Verde-Punta_Ala_Castiglione_Della_Pescaia_Province_of_Grosseto_Tus.html, /Attractions-g194733-Activities-Castiglione_Della_Pescaia_Province_of_Grosseto_Tuscany.html
Bagno Sirena, None, Outdoor Activities, /Attraction_Review-g194733-d12727679-Reviews-Bagno_Sirena-Castiglione_Della_Pescaia_Province_of_Grosseto_Tuscany.html, /Attractions-g194733-Activities-Castiglione_Della_Pescaia_Province_of_Grosseto_Tuscany.html
Pinetina Sud Stabilimento Balneare, 4.0, Nature & Parks, /Attraction_Review-g194733-d6706675-Reviews-Pinetina_Sud_Stabilimento_Balneare-Castiglione_Della_Pescaia_Province_of_Grosseto.html, /Attractions-g194733-Activities-Castiglione_Della_Pescaia_Province_of_Grosseto_Tuscany.html
Area Archeologica di Vetulonia, 4.0, Sights & Landmarks, /Attraction_Review-g194733-d8826305-Reviews-Area_Archeologica_di_Vetulonia-Castiglione_Della_Pescaia_Province_of_Grosseto_Tus.html, /Attractions-g194733-Activities-Castiglione_Della_Pescaia_Province_of_Grosseto_Tuscany.html
Bagno Castiglione, 4.0, Nature & Parks, /Attraction_Review-g194733-d2343311-Reviews-Bagno_Castiglione-Castiglione_Della_Pescaia_Province_of_Grosseto_Tuscany.html, /Attractions-g194733-Activities-Castiglione_Della_Pescaia_Province_of_Grosseto_Tuscany.html
Bagno Somalia, 4.0, Nature & Parks, /Attraction_Review-g194733-d4818558-Reviews-Bagno_Somalia-Castiglione_Della_Pescaia_Province_of_Grosseto_Tuscany.html, /Attractions-g194733-Activities-Castiglione_Della_Pescaia_Province_of_Grosseto_Tuscany.html
Bagno Quadrifoglio, 3.0, Nature & Parks, /Attraction_Review-g194871-d8531888-Reviews-Bagno_Quadrifoglio-Punta_Ala_Castiglione_Della_Pescaia_Province_of_Grosseto_Tusca.html, /Attractions-g194733-Activities-Castiglione_Della_Pescaia_Province_of_Grosseto_Tuscany.html
Camping Maremma Sans Souci, 4.0, Nature & Parks, /Attraction_Review-g194733-d4726993-Reviews-Camping_Maremma_Sans_Souci-Castiglione_Della_Pescaia_Province_of_Grosseto_Tuscany.html, /Attractions-g194733-Activities-Castiglione_Della_Pescaia_Province_of_Grosseto_Tuscany.html
Fortezza Medievale, 4.5, Sights & Landmarks, /Attraction_Review-g194733-d14946041-Reviews-Fortezza_Medievale-Castiglione_Della_Pescaia_Province_of_Grosseto_Tuscany.html, /Attractions-g194733-Activities-Castiglione_Della_Pescaia_Province_of_Grosseto_Tuscany.html
Fattoria Le Mortelle, 4.5, Food & Drink, /Attraction_Review-g12501074-d4606681-Reviews-Fattoria_Le_Mortelle-Ampio_Castiglione_Della_Pescaia_Province_of_Grosseto_Tusca.html, /Attractions-g194733-Activities-Castiglione_Della_Pescaia_Province_of_Grosseto_Tuscany.html
Chiesa di San Giovanni Battista, 4.0, Sights & Landmarks, /Attraction_Review-g194733-d10901224-Reviews-Chiesa_di_San_Giovanni_Battista-Castiglione_Della_Pescaia_Province_of_Grosseto_T.html, /Attractions-g194733-Activities-Castiglione_Della_Pescaia_Province_of_Grosseto_Tuscany.html
Punta Hidalgo Sporting Club, 4.5, Sights & Landmarks, /Attraction_Review-g194733-d4402745-Reviews-Punta_Hidalgo_Sporting_Club-Castiglione_Della_Pescaia_Province_of_Grosseto_Tuscan.html, /Attractions-g194733-Activities-Castiglione_Della_Pescaia_Province_of_Grosseto_Tuscany.html
A Tutta Birra, 4.5, Food & Drink, /Attraction_Review-g194733-d4509340-Reviews-A_Tutta_Birra-Castiglione_Della_Pescaia_Province_of_Grosseto_Tuscany.html, /Attractions-g194733-Activities-Castiglione_Della_Pescaia_Province_of_Grosseto_Tuscany.html
Ufficio Informazione Accoglienza Turistica Castiglione Della Pescaia, 3.5, Traveller Resources, /Attraction_Review-g194733-d12815360-Reviews-Ufficio_Informazione_Accoglienza_Turistica_Castiglione_Della_Pescaia-Castiglione.html, /Attractions-g194733-Activities-Castiglione_Della_Pescaia_Province_of_Grosseto_Tuscany.html
Timbuktu Antiques Interior Decor, 4.0, Shopping, /Attraction_Review-g194733-d6706738-Reviews-Timbuktu_Antiques_Interior_Decor-Castiglione_Della_Pescaia_Province_of_Grosseto_T.html, /Attractions-g194733-Activities-Castiglione_Della_Pescaia_Province_of_Grosseto_Tuscany.html
Chiesa di Santa Maria del Giglio, 3.5, Sights & Landmarks, /Attraction_Review-g194733-d10897791-Reviews-Chiesa_di_Santa_Maria_del_Giglio-Castiglione_Della_Pescaia_Province_of_Grosseto_.html, /Attractions-g194733-Activities-Castiglione_Della_Pescaia_Province_of_Grosseto_Tuscany.html
Lungomare, 3.5, Outdoor Activities, /Attraction_Review-g194733-d19702739-Reviews-Lungomare-Castiglione_Della_Pescaia_Province_of_Grosseto_Tuscany.html, /Attractions-g194733-Activities-Castiglione_Della_Pescaia_Province_of_Grosseto_Tuscany.html
Eremo di San Guglielmo di Malavalle, None, Sights & Landmarks, /Attraction_Review-g194733-d21180755-Reviews-Eremo_di_San_Guglielmo_di_Malavalle-Castiglione_Della_Pescaia_Province_of_Grosse.html, /Attractions-g194733-Activities-Castiglione_Della_Pescaia_Province_of_Grosseto_Tuscany.html
