attraction_name, attraction_rate, attraction_type, attraction_url, attraction_parent_url
Bagni Nettuno, 4.5, Nature & Parks, /Attraction_Review-g1849713-d8602586-Reviews-Bagni_Nettuno-Borghetto_Santo_Spirito_Italian_Riviera_Liguria.html, /Attractions-g1849713-Activities-Borghetto_Santo_Spirito_Italian_Riviera_Liguria.html
Bagni Laura, 4.5, Nature & Parks, /Attraction_Review-g1849713-d8527259-Reviews-Bagni_Laura-Borghetto_Santo_Spirito_Italian_Riviera_Liguria.html, /Attractions-g1849713-Activities-Borghetto_Santo_Spirito_Italian_Riviera_Liguria.html
Bagni Renè, 4.5, Outdoor Activities, /Attraction_Review-g1849713-d12887336-Reviews-Bagni_Rene-Borghetto_Santo_Spirito_Italian_Riviera_Liguria.html, /Attractions-g1849713-Activities-Borghetto_Santo_Spirito_Italian_Riviera_Liguria.html
Approdo turistico Poseidon, 4.0, Nature & Parks, /Attraction_Review-g1849713-d10793301-Reviews-Approdo_turistico_Poseidon-Borghetto_Santo_Spirito_Italian_Riviera_Liguria.html, /Attractions-g1849713-Activities-Borghetto_Santo_Spirito_Italian_Riviera_Liguria.html
Castello Borelli, 5.0, Sights & Landmarks, /Attraction_Review-g1849713-d12911767-Reviews-Castello_Borelli-Borghetto_Santo_Spirito_Italian_Riviera_Liguria.html, /Attractions-g1849713-Activities-Borghetto_Santo_Spirito_Italian_Riviera_Liguria.html
Chiesa di San Matteo, 4.5, Sights & Landmarks, /Attraction_Review-g1849713-d12911757-Reviews-Chiesa_di_San_Matteo-Borghetto_Santo_Spirito_Italian_Riviera_Liguria.html, /Attractions-g1849713-Activities-Borghetto_Santo_Spirito_Italian_Riviera_Liguria.html
Bagni Marina, 3.0, Nature & Parks, /Attraction_Review-g1849713-d7094316-Reviews-Bagni_Marina-Borghetto_Santo_Spirito_Italian_Riviera_Liguria.html, /Attractions-g1849713-Activities-Borghetto_Santo_Spirito_Italian_Riviera_Liguria.html
Coccobrillobar, 3.5, Nightlife, /Attraction_Review-g1849713-d5930972-Reviews-Coccobrillobar-Borghetto_Santo_Spirito_Italian_Riviera_Liguria.html, /Attractions-g1849713-Activities-Borghetto_Santo_Spirito_Italian_Riviera_Liguria.html
Bar Ponente, 3.5, Nightlife, /Attraction_Review-g1849713-d5924368-Reviews-Bar_Ponente-Borghetto_Santo_Spirito_Italian_Riviera_Liguria.html, /Attractions-g1849713-Activities-Borghetto_Santo_Spirito_Italian_Riviera_Liguria.html
Le Rocche Beach, 2.0, Nightlife, /Attraction_Review-g1849713-d5943927-Reviews-Le_Rocche_Beach-Borghetto_Santo_Spirito_Italian_Riviera_Liguria.html, /Attractions-g1849713-Activities-Borghetto_Santo_Spirito_Italian_Riviera_Liguria.html
Wild Quad Liguria, None, Outdoor Activities, /Attraction_Review-g1849713-d15222010-Reviews-Wild_Quad_Liguria-Borghetto_Santo_Spirito_Italian_Riviera_Liguria.html, /Attractions-g1849713-Activities-Borghetto_Santo_Spirito_Italian_Riviera_Liguria.html
Chiesa Sant'Antonio di Padova, None, Sights & Landmarks, /Attraction_Review-g1849713-d20803992-Reviews-Chiesa_Sant_Antonio_di_Padova-Borghetto_Santo_Spirito_Italian_Riviera_Liguria.html, /Attractions-g1849713-Activities-Borghetto_Santo_Spirito_Italian_Riviera_Liguria.html
Oratorio San Giuseppe, None, Sights & Landmarks, /Attraction_Review-g1849713-d20803993-Reviews-Oratorio_San_Giuseppe-Borghetto_Santo_Spirito_Italian_Riviera_Liguria.html, /Attractions-g1849713-Activities-Borghetto_Santo_Spirito_Italian_Riviera_Liguria.html
Bagni Antille, None, Nature & Parks, /Attraction_Review-g1849713-d21229500-Reviews-Bagni_Antille-Borghetto_Santo_Spirito_Italian_Riviera_Liguria.html, /Attractions-g1849713-Activities-Borghetto_Santo_Spirito_Italian_Riviera_Liguria.html
Bagni Antille, None, Nature & Parks, /Attraction_Review-g1849713-d21229540-Reviews-Bagni_Antille-Borghetto_Santo_Spirito_Italian_Riviera_Liguria.html, /Attractions-g1849713-Activities-Borghetto_Santo_Spirito_Italian_Riviera_Liguria.html
