attraction_name, attraction_rate, attraction_type, attraction_url, attraction_parent_url
Le Cantorie, 4.5, Food & Drink, /Attraction_Review-g1924856-d9873938-Reviews-Le_Cantorie-Gussago_Province_of_Brescia_Lombardy.html, /Attractions-g1924856-Activities-Gussago_Province_of_Brescia_Lombardy.html
La Santissima, 4.0, Sights & Landmarks, /Attraction_Review-g1924856-d15523702-Reviews-La_Santissima-Gussago_Province_of_Brescia_Lombardy.html, /Attractions-g1924856-Activities-Gussago_Province_of_Brescia_Lombardy.html
Chiesa di San Rocco, 4.5, Sights & Landmarks, /Attraction_Review-g1924856-d16882867-Reviews-Chiesa_di_San_Rocco-Gussago_Province_of_Brescia_Lombardy.html, /Attractions-g1924856-Activities-Gussago_Province_of_Brescia_Lombardy.html
Chiesa di S. Maria Assunta, 4.0, Sights & Landmarks, /Attraction_Review-g1924856-d15683407-Reviews-Chiesa_di_S_Maria_Assunta-Gussago_Province_of_Brescia_Lombardy.html, /Attractions-g1924856-Activities-Gussago_Province_of_Brescia_Lombardy.html
Chiesa di Santa Maria Vecchia Pieve, 4.0, Sights & Landmarks, /Attraction_Review-g1924856-d20095316-Reviews-Chiesa_di_Santa_Maria_Vecchia_Pieve-Gussago_Province_of_Brescia_Lombardy.html, /Attractions-g1924856-Activities-Gussago_Province_of_Brescia_Lombardy.html
Lo Scrigno di Katja - Market &amp; Bistrot Gluten Free, 4.5, Shopping, /Attraction_Review-g1924856-d3622050-Reviews-Lo_Scrigno_di_Katja_Market_Bistrot_Gluten_Free-Gussago_Province_of_Brescia_Lomba.html, /Attractions-g1924856-Activities-Gussago_Province_of_Brescia_Lombardy.html
Le Gocce, 3.5, Spas & Wellness, /Attraction_Review-g1924856-d3768952-Reviews-Le_Gocce-Gussago_Province_of_Brescia_Lombardy.html, /Attractions-g1924856-Activities-Gussago_Province_of_Brescia_Lombardy.html
Palazzo Via V. Veneto 6 in Gussago, None, Sights & Landmarks, /Attraction_Review-g1924856-d21081194-Reviews-Palazzo_Via_V_Veneto_6_in_Gussago-Gussago_Province_of_Brescia_Lombardy.html, /Attractions-g1924856-Activities-Gussago_Province_of_Brescia_Lombardy.html
Chiesa Di S. Lino In Gussago, None, Sights & Landmarks, /Attraction_Review-g1924856-d21081198-Reviews-Chiesa_Di_S_Lino_In_Gussago-Gussago_Province_of_Brescia_Lombardy.html, /Attractions-g1924856-Activities-Gussago_Province_of_Brescia_Lombardy.html
Chiesa Di S. Lorenzo In Gussago, None, Sights & Landmarks, /Attraction_Review-g1924856-d21081199-Reviews-Chiesa_Di_S_Lorenzo_In_Gussago-Gussago_Province_of_Brescia_Lombardy.html, /Attractions-g1924856-Activities-Gussago_Province_of_Brescia_Lombardy.html
Villa ex Marelli in Gussago, None, Sights & Landmarks, /Attraction_Review-g1924856-d21081195-Reviews-Villa_ex_Marelli_in_Gussago-Gussago_Province_of_Brescia_Lombardy.html, /Attractions-g1924856-Activities-Gussago_Province_of_Brescia_Lombardy.html
Chiesa Di S. Stefano In Gussago, None, Sights & Landmarks, /Attraction_Review-g1924856-d21081200-Reviews-Chiesa_Di_S_Stefano_In_Gussago-Gussago_Province_of_Brescia_Lombardy.html, /Attractions-g1924856-Activities-Gussago_Province_of_Brescia_Lombardy.html
La Manèga, None, Food & Drink, /Attraction_Review-g1924856-d21081213-Reviews-La_Manega-Gussago_Province_of_Brescia_Lombardy.html, /Attractions-g1924856-Activities-Gussago_Province_of_Brescia_Lombardy.html
Borgo Storico Di Sale In Gussago, None, Sights & Landmarks, /Attraction_Review-g1924856-d21081205-Reviews-Borgo_Storico_Di_Sale_In_Gussago-Gussago_Province_of_Brescia_Lombardy.html, /Attractions-g1924856-Activities-Gussago_Province_of_Brescia_Lombardy.html
Lavatoio di via Trieste in Gussago, None, Sights & Landmarks, /Attraction_Review-g1924856-d21081202-Reviews-Lavatoio_di_via_Trieste_in_Gussago-Gussago_Province_of_Brescia_Lombardy.html, /Attractions-g1924856-Activities-Gussago_Province_of_Brescia_Lombardy.html
Biblioteca 'carlo Bonometti', None, Traveller Resources, /Attraction_Review-g1924856-d21084053-Reviews-Biblioteca_carlo_Bonometti-Gussago_Province_of_Brescia_Lombardy.html, /Attractions-g1924856-Activities-Gussago_Province_of_Brescia_Lombardy.html
Azienda Agricola Colline Della Stella, None, Food & Drink, /Attraction_Review-g1924856-d21084047-Reviews-Azienda_Agricola_Colline_Della_Stella-Gussago_Province_of_Brescia_Lombardy.html, /Attractions-g1924856-Activities-Gussago_Province_of_Brescia_Lombardy.html
Castello Di Gussago La Santissima, None, Food & Drink, /Attraction_Review-g1924856-d21084046-Reviews-Castello_Di_Gussago_La_Santissima-Gussago_Province_of_Brescia_Lombardy.html, /Attractions-g1924856-Activities-Gussago_Province_of_Brescia_Lombardy.html
