attraction_name, attraction_rate, attraction_type, attraction_url, attraction_parent_url
Castello Bonoris, 4.5, Sights & Landmarks, /Attraction_Review-g608892-d3226011-Reviews-Castello_Bonoris-Montichiari_Province_of_Brescia_Lombardy.html, /Attractions-g608892-Activities-Montichiari_Province_of_Brescia_Lombardy.html
Santuario Diocesano Rosa Mistica , 4.5, Sights & Landmarks, /Attraction_Review-g608892-d4115285-Reviews-Santuario_Diocesano_Rosa_Mistica-Montichiari_Province_of_Brescia_Lombardy.html, /Attractions-g608892-Activities-Montichiari_Province_of_Brescia_Lombardy.html
Prato Blu, 4.5, Water & Amusement Parks, /Attraction_Review-g608892-d2278887-Reviews-Prato_Blu-Montichiari_Province_of_Brescia_Lombardy.html, /Attractions-g608892-Activities-Montichiari_Province_of_Brescia_Lombardy.html
Chiesa di San Pancrazio, 4.5, Sights & Landmarks, /Attraction_Review-g608892-d8121879-Reviews-Chiesa_di_San_Pancrazio-Montichiari_Province_of_Brescia_Lombardy.html, /Attractions-g608892-Activities-Montichiari_Province_of_Brescia_Lombardy.html
Lechi Museum, 4.0, Museums, /Attraction_Review-g608892-d9706351-Reviews-Lechi_Museum-Montichiari_Province_of_Brescia_Lombardy.html, /Attractions-g608892-Activities-Montichiari_Province_of_Brescia_Lombardy.html
Velodromo di Montichiari, 4.5, Sights & Landmarks, /Attraction_Review-g608892-d12854202-Reviews-Velodromo_di_Montichiari-Montichiari_Province_of_Brescia_Lombardy.html, /Attractions-g608892-Activities-Montichiari_Province_of_Brescia_Lombardy.html
Duomo di Santa Maria Assunta, 4.5, Sights & Landmarks, /Attraction_Review-g608892-d13089846-Reviews-Duomo_di_Santa_Maria_Assunta-Montichiari_Province_of_Brescia_Lombardy.html, /Attractions-g608892-Activities-Montichiari_Province_of_Brescia_Lombardy.html
Chiesa del Suffragio, 3.5, Sights & Landmarks, /Attraction_Review-g608892-d13089852-Reviews-Chiesa_del_Suffragio-Montichiari_Province_of_Brescia_Lombardy.html, /Attractions-g608892-Activities-Montichiari_Province_of_Brescia_Lombardy.html
Museo Storico Del Risorgimento Agostino Bianchi, 4.5, Museums, /Attraction_Review-g608892-d8015267-Reviews-Museo_Storico_Del_Risorgimento_Agostino_Bianchi-Montichiari_Province_of_Brescia_L.html, /Attractions-g608892-Activities-Montichiari_Province_of_Brescia_Lombardy.html
Museo archeologico PAST, 5.0, Museums, /Attraction_Review-g608892-d17526809-Reviews-Museo_archeologico_PAST-Montichiari_Province_of_Brescia_Lombardy.html, /Attractions-g608892-Activities-Montichiari_Province_of_Brescia_Lombardy.html
Biblioteca Comunale 'Giovanni Treccani degli Alfieri', 3.5, Traveller Resources, /Attraction_Review-g608892-d11868965-Reviews-Biblioteca_Comunale_Giovanni_Treccani_degli_Alfieri-Montichiari_Province_of_Bres.html, /Attractions-g608892-Activities-Montichiari_Province_of_Brescia_Lombardy.html
Museo Bergomi, 3.0, Museums, /Attraction_Review-g608892-d9987722-Reviews-Museo_Bergomi-Montichiari_Province_of_Brescia_Lombardy.html, /Attractions-g608892-Activities-Montichiari_Province_of_Brescia_Lombardy.html
Pinacoteca Pasinetti, 3.0, Museums, /Attraction_Review-g608892-d10751711-Reviews-Pinacoteca_Pasinetti-Montichiari_Province_of_Brescia_Lombardy.html, /Attractions-g608892-Activities-Montichiari_Province_of_Brescia_Lombardy.html
Centro fiera del Garda di Montichiari, 5.0, Traveller Resources, /Attraction_Review-g608892-d16844591-Reviews-Centro_fiera_del_Garda_di_Montichiari-Montichiari_Province_of_Brescia_Lombardy.html, /Attractions-g608892-Activities-Montichiari_Province_of_Brescia_Lombardy.html
Caffetteria Buon Caffe, 5.0, Nightlife, /Attraction_Review-g608892-d5931663-Reviews-Caffetteria_Buon_Caffe-Montichiari_Province_of_Brescia_Lombardy.html, /Attractions-g608892-Activities-Montichiari_Province_of_Brescia_Lombardy.html
Bottega delle Ombre, 3.5, Nightlife, /Attraction_Review-g608892-d12002866-Reviews-Bottega_delle_Ombre-Montichiari_Province_of_Brescia_Lombardy.html, /Attractions-g608892-Activities-Montichiari_Province_of_Brescia_Lombardy.html
Vadaboom, 3.5, Fun & Games, /Attraction_Review-g608892-d12505947-Reviews-Vadaboom-Montichiari_Province_of_Brescia_Lombardy.html, /Attractions-g608892-Activities-Montichiari_Province_of_Brescia_Lombardy.html
Judo Ronin Academy Montichiari, 5.0, Spas & Wellness, /Attraction_Review-g608892-d21378615-Reviews-Judo_Ronin_Academy_Montichiari-Montichiari_Province_of_Brescia_Lombardy.html, /Attractions-g608892-Activities-Montichiari_Province_of_Brescia_Lombardy.html
Wake Paradise, 5.0, Boat Tours & Water Sports, /Attraction_Review-g608892-d14122455-Reviews-Wake_Paradise-Montichiari_Province_of_Brescia_Lombardy.html, /Attractions-g608892-Activities-Montichiari_Province_of_Brescia_Lombardy.html
Gameup, 5.0, Shopping, /Attraction_Review-g608892-d10592892-Reviews-Gameup-Montichiari_Province_of_Brescia_Lombardy.html, /Attractions-g608892-Activities-Montichiari_Province_of_Brescia_Lombardy.html
Be Bop a Lula Cafe, None, Nightlife, /Attraction_Review-g608892-d5928945-Reviews-Be_Bop_a_Lula_Cafe-Montichiari_Province_of_Brescia_Lombardy.html, /Attractions-g608892-Activities-Montichiari_Province_of_Brescia_Lombardy.html
