attraction_name, attraction_rate, attraction_type, attraction_url, attraction_parent_url
Parco Gallorose, 4.0, Zoos & Aquariums, /Attraction_Review-g194725-d2198093-Reviews-Parco_Gallorose-Cecina_Province_of_Livorno_Tuscany.html, /Attractions-g194725-Activities-Cecina_Province_of_Livorno_Tuscany.html
Bagno Donna di Cuori, 4.5, Nature & Parks, /Attraction_Review-g194725-d3679748-Reviews-Bagno_Donna_di_Cuori-Cecina_Province_of_Livorno_Tuscany.html, /Attractions-g194725-Activities-Cecina_Province_of_Livorno_Tuscany.html
Hermann Geiger Cultural Foundation, 5.0, Museums, /Attraction_Review-g194725-d7055669-Reviews-Hermann_Geiger_Cultural_Foundation-Cecina_Province_of_Livorno_Tuscany.html, /Attractions-g194725-Activities-Cecina_Province_of_Livorno_Tuscany.html
Acqua Village Cecina, 3.5, Water & Amusement Parks, /Attraction_Review-g194725-d1534245-Reviews-Acqua_Village_Cecina-Cecina_Province_of_Livorno_Tuscany.html, /Attractions-g194725-Activities-Cecina_Province_of_Livorno_Tuscany.html
Bau Beach - Spiaggia per Cani, 4.5, Nature & Parks, /Attraction_Review-g194725-d15057320-Reviews-Bau_Beach_Spiaggia_per_Cani-Cecina_Province_of_Livorno_Tuscany.html, /Attractions-g194725-Activities-Cecina_Province_of_Livorno_Tuscany.html
Bagni Il Delfino, 4.0, Nature & Parks, /Attraction_Review-g194725-d2689699-Reviews-Bagni_Il_Delfino-Cecina_Province_of_Livorno_Tuscany.html, /Attractions-g194725-Activities-Cecina_Province_of_Livorno_Tuscany.html
Marina di Bibbona - Marina di Cecina Trail, 4.0, Nature & Parks, /Attraction_Review-g194725-d8513805-Reviews-Marina_di_Bibbona_Marina_di_Cecina_Trail-Cecina_Province_of_Livorno_Tuscany.html, /Attractions-g194725-Activities-Cecina_Province_of_Livorno_Tuscany.html
Museo Archeologico Di Cecina, 4.0, Museums, /Attraction_Review-g194725-d6999519-Reviews-Museo_Archeologico_Di_Cecina-Cecina_Province_of_Livorno_Tuscany.html, /Attractions-g194725-Activities-Cecina_Province_of_Livorno_Tuscany.html
Bagni Armida, 3.5, Outdoor Activities, /Attraction_Review-g194725-d4694397-Reviews-Bagni_Armida-Cecina_Province_of_Livorno_Tuscany.html, /Attractions-g194725-Activities-Cecina_Province_of_Livorno_Tuscany.html
Riserva Naturale Tombolo di Cecina, 4.5, Nature & Parks, /Attraction_Review-g1095733-d10767938-Reviews-Riserva_Naturale_Tombolo_di_Cecina-Marina_di_Cecina_Cecina_Province_of_Livorno_.html, /Attractions-g194725-Activities-Cecina_Province_of_Livorno_Tuscany.html
Il Parco Archeologico Comunale della Villa Romana di S.Vincenzino, 4.0, Museums, /Attraction_Review-g194725-d8429043-Reviews-Il_Parco_Archeologico_Comunale_della_Villa_Romana_di_S_Vincenzino-Cecina_Province.html, /Attractions-g194725-Activities-Cecina_Province_of_Livorno_Tuscany.html
Bau Beach 'le Gorrette', 4.5, Nature & Parks, /Attraction_Review-g194725-d19015006-Reviews-Bau_Beach_le_Gorrette-Cecina_Province_of_Livorno_Tuscany.html, /Attractions-g194725-Activities-Cecina_Province_of_Livorno_Tuscany.html
Bagni Il Gabbiano, 3.5, Nature & Parks, /Attraction_Review-g194725-d4689558-Reviews-Bagni_Il_Gabbiano-Cecina_Province_of_Livorno_Tuscany.html, /Attractions-g194725-Activities-Cecina_Province_of_Livorno_Tuscany.html
Duomo, 3.0, Sights & Landmarks, /Attraction_Review-g194725-d14958476-Reviews-Duomo-Cecina_Province_of_Livorno_Tuscany.html, /Attractions-g194725-Activities-Cecina_Province_of_Livorno_Tuscany.html
Bagno Aurora, 4.0, Nature & Parks, /Attraction_Review-g1095733-d12600180-Reviews-Bagno_Aurora-Marina_di_Cecina_Cecina_Province_of_Livorno_Tuscany.html, /Attractions-g194725-Activities-Cecina_Province_of_Livorno_Tuscany.html
Bagni Bisori, 3.5, Outdoor Activities, /Attraction_Review-g1095733-d14015690-Reviews-Bagni_Bisori-Marina_di_Cecina_Cecina_Province_of_Livorno_Tuscany.html, /Attractions-g194725-Activities-Cecina_Province_of_Livorno_Tuscany.html
Italy Shore Drivers, 5.0, Food & Drink, /Attraction_Review-g194725-d4055343-Reviews-Italy_Shore_Drivers-Cecina_Province_of_Livorno_Tuscany.html, /Attractions-g194725-Activities-Cecina_Province_of_Livorno_Tuscany.html
Tuscany Taste Tour, 5.0, Tours, /Attraction_Review-g194725-d2108702-Reviews-Tuscany_Taste_Tour-Cecina_Province_of_Livorno_Tuscany.html, /Attractions-g194725-Activities-Cecina_Province_of_Livorno_Tuscany.html
Mediterranea Belfiore, 4.5, Food & Drink, /Attraction_Review-g194725-d12059149-Reviews-Mediterranea_Belfiore-Cecina_Province_of_Livorno_Tuscany.html, /Attractions-g194725-Activities-Cecina_Province_of_Livorno_Tuscany.html
Take Away Cecina, 4.0, Nightlife, /Attraction_Review-g1095733-d4801956-Reviews-Take_Away_Cecina-Marina_di_Cecina_Cecina_Province_of_Livorno_Tuscany.html, /Attractions-g194725-Activities-Cecina_Province_of_Livorno_Tuscany.html
Spot1 Surfschool - Le Gorette -, 4.5, Boat Tours & Water Sports, /Attraction_Review-g194725-d3381714-Reviews-Spot1_Surfschool_Le_Gorette-Cecina_Province_of_Livorno_Tuscany.html, /Attractions-g194725-Activities-Cecina_Province_of_Livorno_Tuscany.html
Bimbolandia, 4.5, Fun & Games, /Attraction_Review-g1095733-d12573927-Reviews-Bimbolandia-Marina_di_Cecina_Cecina_Province_of_Livorno_Tuscany.html, /Attractions-g194725-Activities-Cecina_Province_of_Livorno_Tuscany.html
Enoteca Nonna Franca, 4.5, Shopping, /Attraction_Review-g1095733-d14063841-Reviews-Enoteca_Nonna_Franca-Marina_di_Cecina_Cecina_Province_of_Livorno_Tuscany.html, /Attractions-g194725-Activities-Cecina_Province_of_Livorno_Tuscany.html
Pasticceria Caffetteria Alechicco, 4.5, Nightlife, /Attraction_Review-g194725-d5922901-Reviews-Pasticceria_Caffetteria_Alechicco-Cecina_Province_of_Livorno_Tuscany.html, /Attractions-g194725-Activities-Cecina_Province_of_Livorno_Tuscany.html
Bar Girasole, 4.0, Nightlife, /Attraction_Review-g1095733-d5927059-Reviews-Bar_Girasole-Marina_di_Cecina_Cecina_Province_of_Livorno_Tuscany.html, /Attractions-g194725-Activities-Cecina_Province_of_Livorno_Tuscany.html
Energie e Benessere Studio Olistico ed esoterico, 4.5, Spas & Wellness, /Attraction_Review-g194725-d9974109-Reviews-Energie_e_Benessere_Studio_Olistico_ed_esoterico-Cecina_Province_of_Livorno_Tusca.html, /Attractions-g194725-Activities-Cecina_Province_of_Livorno_Tuscany.html
Bitossi Terrecotte, 5.0, Shopping, /Attraction_Review-g194725-d10641023-Reviews-Bitossi_Terrecotte-Cecina_Province_of_Livorno_Tuscany.html, /Attractions-g194725-Activities-Cecina_Province_of_Livorno_Tuscany.html
Wimbi Beach Bar, 3.5, Nightlife, /Attraction_Review-g1095733-d5926429-Reviews-Wimbi_Beach_Bar-Marina_di_Cecina_Cecina_Province_of_Livorno_Tuscany.html, /Attractions-g194725-Activities-Cecina_Province_of_Livorno_Tuscany.html
RentalCecina, 5.0, Outdoor Activities, /Attraction_Review-g194725-d12833708-Reviews-RentalCecina-Cecina_Province_of_Livorno_Tuscany.html, /Attractions-g194725-Activities-Cecina_Province_of_Livorno_Tuscany.html
Madama Cocca Scuola di Cucina, 5.0, Food & Drink, /Attraction_Review-g194725-d8121679-Reviews-Madama_Cocca_Scuola_di_Cucina-Cecina_Province_of_Livorno_Tuscany.html, /Attractions-g194725-Activities-Cecina_Province_of_Livorno_Tuscany.html
