attraction_name, attraction_rate, attraction_type, attraction_url, attraction_parent_url
Chiesa Santa Maria Maddalena, None, Sights & Landmarks, /Attraction_Review-g3732336-d20813075-Reviews-Chiesa_Santa_Maria_Maddalena-Groscavallo_Province_of_Turin_Piedmont.html, /Attractions-g3732336-Activities-Groscavallo_Province_of_Turin_Piedmont.html
Chiesa della Conversione di San Paolo, None, Sights & Landmarks, /Attraction_Review-g3732336-d20813078-Reviews-Chiesa_della_Conversione_di_San_Paolo-Groscavallo_Province_of_Turin_Piedmont.html, /Attractions-g3732336-Activities-Groscavallo_Province_of_Turin_Piedmont.html
Santuario di Nostra Signora di Loreto, None, Sights & Landmarks, /Attraction_Review-g3732336-d20812650-Reviews-Santuario_di_Nostra_Signora_di_Loreto-Groscavallo_Province_of_Turin_Piedmont.html, /Attractions-g3732336-Activities-Groscavallo_Province_of_Turin_Piedmont.html
Cappella Rivotti, None, Sights & Landmarks, /Attraction_Review-g3732336-d20813080-Reviews-Cappella_Rivotti-Groscavallo_Province_of_Turin_Piedmont.html, /Attractions-g3732336-Activities-Groscavallo_Province_of_Turin_Piedmont.html
