attraction_name, attraction_rate, attraction_type, attraction_url, attraction_parent_url
Villa Mezzalira, 4.0, Sights & Landmarks, /Attraction_Review-g3374530-d10520290-Reviews-Villa_Mezzalira-Bressanvido_Province_of_Vicenza_Veneto.html, /Attractions-g3374530-Activities-Bressanvido_Province_of_Vicenza_Veneto.html
Villa del vicerè Ranieri d'Austria, 4.0, Sights & Landmarks, /Attraction_Review-g3374530-d9855899-Reviews-Villa_del_vicere_Ranieri_d_Austria-Bressanvido_Province_of_Vicenza_Veneto.html, /Attractions-g3374530-Activities-Bressanvido_Province_of_Vicenza_Veneto.html
Villa Girardi, None, Sights & Landmarks, /Attraction_Review-g3374530-d9855897-Reviews-Villa_Girardi-Bressanvido_Province_of_Vicenza_Veneto.html, /Attractions-g3374530-Activities-Bressanvido_Province_of_Vicenza_Veneto.html
Chiesa Santa Cristina in Poianella, None, Sights & Landmarks, /Attraction_Review-g3374530-d19450255-Reviews-Chiesa_Santa_Cristina_in_Poianella-Bressanvido_Province_of_Vicenza_Veneto.html, /Attractions-g3374530-Activities-Bressanvido_Province_of_Vicenza_Veneto.html
