attraction_name, attraction_rate, attraction_type, attraction_url, attraction_parent_url
Foro Boario, 3.5, Sights & Landmarks, /Attraction_Review-g187803-d7282053-Reviews-Foro_Boario-Modena_Province_of_Modena_Emilia_Romagna.html, /Attractions-g187803-Activities-Modena_Province_of_Modena_Emilia_Romagna.html
Chiesa di San Carlo, 4.0, Sights & Landmarks, /Attraction_Review-g187803-d8733664-Reviews-Chiesa_di_San_Carlo-Modena_Province_of_Modena_Emilia_Romagna.html, /Attractions-g187803-Activities-Modena_Province_of_Modena_Emilia_Romagna.html
Lago Parco Zoo, 2.5, Zoos & Aquariums, /Attraction_Review-g187803-d4687997-Reviews-Lago_Parco_Zoo-Modena_Province_of_Modena_Emilia_Romagna.html, /Attractions-g187803-Activities-Modena_Province_of_Modena_Emilia_Romagna.html
Piccolo Museo Profumalchemico, 5.0, Museums, /Attraction_Review-g187803-d15578510-Reviews-Piccolo_Museo_Profumalchemico-Modena_Province_of_Modena_Emilia_Romagna.html, /Attractions-g187803-Activities-Modena_Province_of_Modena_Emilia_Romagna.html
Sala Museale dell'Accademia Militare, 4.5, Museums, /Attraction_Review-g187803-d11827621-Reviews-Sala_Museale_dell_Accademia_Militare-Modena_Province_of_Modena_Emilia_Romagna.html, /Attractions-g187803-Activities-Modena_Province_of_Modena_Emilia_Romagna.html
Piazza Giuseppe Mazzini, 4.0, Sights & Landmarks, /Attraction_Review-g187803-d13819533-Reviews-Piazza_Giuseppe_Mazzini-Modena_Province_of_Modena_Emilia_Romagna.html, /Attractions-g187803-Activities-Modena_Province_of_Modena_Emilia_Romagna.html
Piazza XX Settembre, 3.0, Sights & Landmarks, /Attraction_Review-g187803-d7895681-Reviews-Piazza_XX_Settembre-Modena_Province_of_Modena_Emilia_Romagna.html, /Attractions-g187803-Activities-Modena_Province_of_Modena_Emilia_Romagna.html
Palazzina Vigarani, 4.0, Sights & Landmarks, /Attraction_Review-g187803-d11831746-Reviews-Palazzina_Vigarani-Modena_Province_of_Modena_Emilia_Romagna.html, /Attractions-g187803-Activities-Modena_Province_of_Modena_Emilia_Romagna.html
Corso Canalgrande, 4.0, Sights & Landmarks, /Attraction_Review-g187803-d8627360-Reviews-Corso_Canalgrande-Modena_Province_of_Modena_Emilia_Romagna.html, /Attractions-g187803-Activities-Modena_Province_of_Modena_Emilia_Romagna.html
Rotonda Grappolo D'Uva, 3.5, Sights & Landmarks, /Attraction_Review-g187803-d11639172-Reviews-Rotonda_Grappolo_D_Uva-Modena_Province_of_Modena_Emilia_Romagna.html, /Attractions-g187803-Activities-Modena_Province_of_Modena_Emilia_Romagna.html
Chiesa di San Domenico, 3.5, Sights & Landmarks, /Attraction_Review-g187803-d7261450-Reviews-Chiesa_di_San_Domenico-Modena_Province_of_Modena_Emilia_Romagna.html, /Attractions-g187803-Activities-Modena_Province_of_Modena_Emilia_Romagna.html
Chiesa di San Vincenzo, 3.5, Sights & Landmarks, /Attraction_Review-g187803-d7224115-Reviews-Chiesa_di_San_Vincenzo-Modena_Province_of_Modena_Emilia_Romagna.html, /Attractions-g187803-Activities-Modena_Province_of_Modena_Emilia_Romagna.html
Manifattura dei Tabacchi, 3.5, Sights & Landmarks, /Attraction_Review-g187803-d7364725-Reviews-Manifattura_dei_Tabacchi-Modena_Province_of_Modena_Emilia_Romagna.html, /Attractions-g187803-Activities-Modena_Province_of_Modena_Emilia_Romagna.html
Orto Botanico dell'Università di Modena e Reggio Emilia, 4.0, Nature & Parks, /Attraction_Review-g187803-d4041435-Reviews-Orto_Botanico_dell_Universita_di_Modena_e_Reggio_Emilia-Modena_Province_of_Modena.html, /Attractions-g187803-Activities-Modena_Province_of_Modena_Emilia_Romagna.html
Parco Archeologico Novi Ark, 3.0, Sights & Landmarks, /Attraction_Review-g187803-d7274654-Reviews-Parco_Archeologico_Novi_Ark-Modena_Province_of_Modena_Emilia_Romagna.html, /Attractions-g187803-Activities-Modena_Province_of_Modena_Emilia_Romagna.html
Piazzetta San Giacomo, 4.0, Sights & Landmarks, /Attraction_Review-g187803-d7313078-Reviews-Piazzetta_San_Giacomo-Modena_Province_of_Modena_Emilia_Romagna.html, /Attractions-g187803-Activities-Modena_Province_of_Modena_Emilia_Romagna.html
Museo Civico Archeologico Etnologico, 4.0, Museums, /Attraction_Review-g187803-d3791959-Reviews-Museo_Civico_Archeologico_Etnologico-Modena_Province_of_Modena_Emilia_Romagna.html, /Attractions-g187803-Activities-Modena_Province_of_Modena_Emilia_Romagna.html
Monumento a Ciro Menotti, 4.0, Sights & Landmarks, /Attraction_Review-g187803-d12641826-Reviews-Monumento_a_Ciro_Menotti-Modena_Province_of_Modena_Emilia_Romagna.html, /Attractions-g187803-Activities-Modena_Province_of_Modena_Emilia_Romagna.html
Chiesa Parrocchiale di San Bartolomeo, 4.0, Sights & Landmarks, /Attraction_Review-g187803-d7219885-Reviews-Chiesa_Parrocchiale_di_San_Bartolomeo-Modena_Province_of_Modena_Emilia_Romagna.html, /Attractions-g187803-Activities-Modena_Province_of_Modena_Emilia_Romagna.html
Antica Farmacia, 5.0, Sights & Landmarks, /Attraction_Review-g187803-d15194642-Reviews-Antica_Farmacia-Modena_Province_of_Modena_Emilia_Romagna.html, /Attractions-g187803-Activities-Modena_Province_of_Modena_Emilia_Romagna.html
Chiesa di Santa Maria della Pomposa, 3.5, Sights & Landmarks, /Attraction_Review-g187803-d7692102-Reviews-Chiesa_di_Santa_Maria_della_Pomposa-Modena_Province_of_Modena_Emilia_Romagna.html, /Attractions-g187803-Activities-Modena_Province_of_Modena_Emilia_Romagna.html
Fondazione Fotografia Modena, 4.5, Museums, /Attraction_Review-g187803-d3640731-Reviews-Fondazione_Fotografia_Modena-Modena_Province_of_Modena_Emilia_Romagna.html, /Attractions-g187803-Activities-Modena_Province_of_Modena_Emilia_Romagna.html
Rua Muro, 3.5, Sights & Landmarks, /Attraction_Review-g187803-d9581415-Reviews-Rua_Muro-Modena_Province_of_Modena_Emilia_Romagna.html, /Attractions-g187803-Activities-Modena_Province_of_Modena_Emilia_Romagna.html
Museo di Anatomia, 4.5, Museums, /Attraction_Review-g187803-d13990296-Reviews-Museo_di_Anatomia-Modena_Province_of_Modena_Emilia_Romagna.html, /Attractions-g187803-Activities-Modena_Province_of_Modena_Emilia_Romagna.html
Il Cavallo di Mimmo Paladino, 3.0, Sights & Landmarks, /Attraction_Review-g187803-d14002254-Reviews-Il_Cavallo_di_Mimmo_Paladino-Modena_Province_of_Modena_Emilia_Romagna.html, /Attractions-g187803-Activities-Modena_Province_of_Modena_Emilia_Romagna.html
Monumento ai Caduti in Guerra, 3.5, Sights & Landmarks, /Attraction_Review-g187803-d7607063-Reviews-Monumento_ai_Caduti_in_Guerra-Modena_Province_of_Modena_Emilia_Romagna.html, /Attractions-g187803-Activities-Modena_Province_of_Modena_Emilia_Romagna.html
Chiesa Di San Biagio, 3.5, Sights & Landmarks, /Attraction_Review-g187803-d7233197-Reviews-Chiesa_Di_San_Biagio-Modena_Province_of_Modena_Emilia_Romagna.html, /Attractions-g187803-Activities-Modena_Province_of_Modena_Emilia_Romagna.html
Parrocchia San Benedetto Abate, 5.0, Sights & Landmarks, /Attraction_Review-g187803-d12182073-Reviews-Parrocchia_San_Benedetto_Abate-Modena_Province_of_Modena_Emilia_Romagna.html, /Attractions-g187803-Activities-Modena_Province_of_Modena_Emilia_Romagna.html
Parrocchia di Villanova, 4.5, Sights & Landmarks, /Attraction_Review-g187803-d8693358-Reviews-Parrocchia_di_Villanova-Modena_Province_of_Modena_Emilia_Romagna.html, /Attractions-g187803-Activities-Modena_Province_of_Modena_Emilia_Romagna.html
Museo del Presepe, 4.5, Museums, /Attraction_Review-g187803-d13114531-Reviews-Museo_del_Presepe-Modena_Province_of_Modena_Emilia_Romagna.html, /Attractions-g187803-Activities-Modena_Province_of_Modena_Emilia_Romagna.html
