attraction_name, attraction_rate, attraction_type, attraction_url, attraction_parent_url
Chiesa di San Martino, 4.0, Sights & Landmarks, /Attraction_Review-g187884-d12499314-Reviews-Chiesa_di_San_Martino-Oristano_Province_of_Oristano_Sardinia.html, /Attractions-g187884-Activities-Oristano_Province_of_Oristano_Sardinia.html
Chiesa di Santa Lucia, 4.0, Sights & Landmarks, /Attraction_Review-g187884-d12499373-Reviews-Chiesa_di_Santa_Lucia-Oristano_Province_of_Oristano_Sardinia.html, /Attractions-g187884-Activities-Oristano_Province_of_Oristano_Sardinia.html
Palazzo De Castro, 3.0, Sights & Landmarks, /Attraction_Review-g187884-d12501080-Reviews-Palazzo_De_Castro-Oristano_Province_of_Oristano_Sardinia.html, /Attractions-g187884-Activities-Oristano_Province_of_Oristano_Sardinia.html
Porto Turistico, 3.0, Nature & Parks, /Attraction_Review-g187884-d12501133-Reviews-Porto_Turistico-Oristano_Province_of_Oristano_Sardinia.html, /Attractions-g187884-Activities-Oristano_Province_of_Oristano_Sardinia.html
Palazzo d'Arcais, 4.0, Sights & Landmarks, /Attraction_Review-g187884-d12499161-Reviews-Palazzo_d_Arcais-Oristano_Province_of_Oristano_Sardinia.html, /Attractions-g187884-Activities-Oristano_Province_of_Oristano_Sardinia.html
Quartiere Sas Conzas, 4.0, Sights & Landmarks, /Attraction_Review-g187884-d12500124-Reviews-Quartiere_Sas_Conzas-Oristano_Province_of_Oristano_Sardinia.html, /Attractions-g187884-Activities-Oristano_Province_of_Oristano_Sardinia.html
Palazzo Arcivescovile, 3.0, Sights & Landmarks, /Attraction_Review-g187884-d12500340-Reviews-Palazzo_Arcivescovile-Oristano_Province_of_Oristano_Sardinia.html, /Attractions-g187884-Activities-Oristano_Province_of_Oristano_Sardinia.html
Chiesa di Santa Maria Maddalena, 4.5, Sights & Landmarks, /Attraction_Review-g12529134-d12500127-Reviews-Chiesa_di_Santa_Maria_Maddalena-Sili_Oristano_Province_of_Oristano_Sardinia.html, /Attractions-g187884-Activities-Oristano_Province_of_Oristano_Sardinia.html
Centro Sportivo Coni, None, Fun & Games, /Attraction_Review-g187884-d12501139-Reviews-Centro_Sportivo_Coni-Oristano_Province_of_Oristano_Sardinia.html, /Attractions-g187884-Activities-Oristano_Province_of_Oristano_Sardinia.html
Tribunale, None, Sights & Landmarks, /Attraction_Review-g187884-d12501144-Reviews-Tribunale-Oristano_Province_of_Oristano_Sardinia.html, /Attractions-g187884-Activities-Oristano_Province_of_Oristano_Sardinia.html
Palazzetto dello Sport, None, Fun & Games, /Attraction_Review-g187884-d12501141-Reviews-Palazzetto_dello_Sport-Oristano_Province_of_Oristano_Sardinia.html, /Attractions-g187884-Activities-Oristano_Province_of_Oristano_Sardinia.html
Biblioteca Comunale, None, Traveller Resources, /Attraction_Review-g3772677-d12500117-Reviews-Biblioteca_Comunale-Torre_Grande_Oristano_Province_of_Oristano_Sardinia.html, /Attractions-g187884-Activities-Oristano_Province_of_Oristano_Sardinia.html
Biblioteca del Seminario Arcivescovile dell'Immacolata, None, Traveller Resources, /Attraction_Review-g187884-d12500130-Reviews-Biblioteca_del_Seminario_Arcivescovile_dell_Immacolata-Oristano_Province_of_Oris.html, /Attractions-g187884-Activities-Oristano_Province_of_Oristano_Sardinia.html
Palazzo Falchi, None, Sights & Landmarks, /Attraction_Review-g187884-d12500136-Reviews-Palazzo_Falchi-Oristano_Province_of_Oristano_Sardinia.html, /Attractions-g187884-Activities-Oristano_Province_of_Oristano_Sardinia.html
Cimitero Monumentale di San Pietro, None, Sights & Landmarks, /Attraction_Review-g187884-d12500337-Reviews-Cimitero_Monumentale_di_San_Pietro-Oristano_Province_of_Oristano_Sardinia.html, /Attractions-g187884-Activities-Oristano_Province_of_Oristano_Sardinia.html
Biblioteca Comunale, None, Traveller Resources, /Attraction_Review-g187884-d12499383-Reviews-Biblioteca_Comunale-Oristano_Province_of_Oristano_Sardinia.html, /Attractions-g187884-Activities-Oristano_Province_of_Oristano_Sardinia.html
Teatro San Martino, None, Concerts & Shows, /Attraction_Review-g187884-d12500327-Reviews-Teatro_San_Martino-Oristano_Province_of_Oristano_Sardinia.html, /Attractions-g187884-Activities-Oristano_Province_of_Oristano_Sardinia.html
Chiesa parrocchiale di Sant’Elena Imperatrice, None, Sights & Landmarks, /Attraction_Review-g21410852-d21401858-Reviews-Chiesa_parrocchiale_di_Sant_Elena_Imperatrice-Gonnosno_Oristano_Province_of_Or.html, /Attractions-g187884-Activities-Oristano_Province_of_Oristano_Sardinia.html
Parco Della Resistenza - Giardini pubblici, None, Nature & Parks, /Attraction_Review-g187884-d21298010-Reviews-Parco_Della_Resistenza_Giardini_pubblici-Oristano_Province_of_Oristano_Sardinia.html, /Attractions-g187884-Activities-Oristano_Province_of_Oristano_Sardinia.html
Chiesa di Santa Barbara, None, Sights & Landmarks, /Attraction_Review-g187884-d21320748-Reviews-Chiesa_di_Santa_Barbara-Oristano_Province_of_Oristano_Sardinia.html, /Attractions-g187884-Activities-Oristano_Province_of_Oristano_Sardinia.html
Chiesa Santa Maria Delle Grazie, None, Sights & Landmarks, /Attraction_Review-g187884-d21320746-Reviews-Chiesa_Santa_Maria_Delle_Grazie-Oristano_Province_of_Oristano_Sardinia.html, /Attractions-g187884-Activities-Oristano_Province_of_Oristano_Sardinia.html
