attraction_name, attraction_rate, attraction_type, attraction_url, attraction_parent_url
Escursione alla Malga Weitenberg, 4.5, Nature & Parks, /Attraction_Review-g1078108-d11816358-Reviews-Escursione_alla_Malga_Weitenberg-Vandoies_Province_of_South_Tyrol_Trentino_Alto.html, /Attractions-g1078108-Activities-Vandoies_Province_of_South_Tyrol_Trentino_Alto_Adige.html
Sentiero degli Elfi, 4.0, Nature & Parks, /Attraction_Review-g1078108-d17759023-Reviews-Sentiero_degli_Elfi-Vandoies_Province_of_South_Tyrol_Trentino_Alto_Adige.html, /Attractions-g1078108-Activities-Vandoies_Province_of_South_Tyrol_Trentino_Alto_Adige.html
Museo del Loden, 3.5, Museums, /Attraction_Review-g1078108-d3751735-Reviews-Museo_del_Loden-Vandoies_Province_of_South_Tyrol_Trentino_Alto_Adige.html, /Attractions-g1078108-Activities-Vandoies_Province_of_South_Tyrol_Trentino_Alto_Adige.html
Capriz Feinkaserei, 4.5, Shopping, /Attraction_Review-g1078108-d14236711-Reviews-Capriz_Feinkaserei-Vandoies_Province_of_South_Tyrol_Trentino_Alto_Adige.html, /Attractions-g1078108-Activities-Vandoies_Province_of_South_Tyrol_Trentino_Alto_Adige.html
Parrocchia di Vandoies di Sotto, 4.0, Sights & Landmarks, /Attraction_Review-g1078108-d21252839-Reviews-Parrocchia_di_Vandoies_di_Sotto-Vandoies_Province_of_South_Tyrol_Trentino_Alto_.html, /Attractions-g1078108-Activities-Vandoies_Province_of_South_Tyrol_Trentino_Alto_Adige.html
TrachtenHit, 3.0, Shopping, /Attraction_Review-g1078108-d8563748-Reviews-TrachtenHit-Vandoies_Province_of_South_Tyrol_Trentino_Alto_Adige.html, /Attractions-g1078108-Activities-Vandoies_Province_of_South_Tyrol_Trentino_Alto_Adige.html
Biblioteca pubblica di Vandoies di Sotto, None, Traveller Resources, /Attraction_Review-g1078108-d11815931-Reviews-Biblioteca_pubblica_di_Vandoies_di_Sotto-Vandoies_Province_of_South_Tyrol_Trent.html, /Attractions-g1078108-Activities-Vandoies_Province_of_South_Tyrol_Trentino_Alto_Adige.html
Biblioteca pubblica di Vandoies di Sopra, None, Traveller Resources, /Attraction_Review-g1078108-d11815924-Reviews-Biblioteca_pubblica_di_Vandoies_di_Sopra-Vandoies_Province_of_South_Tyrol_Trent.html, /Attractions-g1078108-Activities-Vandoies_Province_of_South_Tyrol_Trentino_Alto_Adige.html
Biblioteca pubblica di Fundres, None, Traveller Resources, /Attraction_Review-g1078108-d11815919-Reviews-Biblioteca_pubblica_di_Fundres-Vandoies_Province_of_South_Tyrol_Trentino_Alto_A.html, /Attractions-g1078108-Activities-Vandoies_Province_of_South_Tyrol_Trentino_Alto_Adige.html
Chiesa San Nicolo, None, Sights & Landmarks, /Attraction_Review-g1078108-d19504540-Reviews-Chiesa_San_Nicolo-Vandoies_Province_of_South_Tyrol_Trentino_Alto_Adige.html, /Attractions-g1078108-Activities-Vandoies_Province_of_South_Tyrol_Trentino_Alto_Adige.html
Chiesa San Martino, None, Sights & Landmarks, /Attraction_Review-g1078108-d19504544-Reviews-Chiesa_San_Martino-Vandoies_Province_of_South_Tyrol_Trentino_Alto_Adige.html, /Attractions-g1078108-Activities-Vandoies_Province_of_South_Tyrol_Trentino_Alto_Adige.html
Chiesa di San Tommaso, None, Sights & Landmarks, /Attraction_Review-g1078108-d19504545-Reviews-Chiesa_di_San_Tommaso-Vandoies_Province_of_South_Tyrol_Trentino_Alto_Adige.html, /Attractions-g1078108-Activities-Vandoies_Province_of_South_Tyrol_Trentino_Alto_Adige.html
