attraction_name, attraction_rate, attraction_type, attraction_url, attraction_parent_url
Derbusco, 4.5, Food & Drink, /Attraction_Review-g664251-d6838682-Reviews-Derbusco-Erbusco_Province_of_Brescia_Lombardy.html, /Attractions-g664251-Activities-Erbusco_Province_of_Brescia_Lombardy.html
I Barisei, 4.5, Food & Drink, /Attraction_Review-g664251-d17390697-Reviews-I_Barisei-Erbusco_Province_of_Brescia_Lombardy.html, /Attractions-g664251-Activities-Erbusco_Province_of_Brescia_Lombardy.html
Cavalleri franciacorta, 4.5, Food & Drink, /Attraction_Review-g664251-d4829236-Reviews-Cavalleri_franciacorta-Erbusco_Province_of_Brescia_Lombardy.html, /Attractions-g664251-Activities-Erbusco_Province_of_Brescia_Lombardy.html
Enrico Gatti, 5.0, Food & Drink, /Attraction_Review-g664251-d11875532-Reviews-Enrico_Gatti-Erbusco_Province_of_Brescia_Lombardy.html, /Attractions-g664251-Activities-Erbusco_Province_of_Brescia_Lombardy.html
Santa Lucia Franciacorta, 4.5, Food & Drink, /Attraction_Review-g664251-d9806785-Reviews-Santa_Lucia_Franciacorta-Erbusco_Province_of_Brescia_Lombardy.html, /Attractions-g664251-Activities-Erbusco_Province_of_Brescia_Lombardy.html
San Cristoforo, 4.5, Food & Drink, /Attraction_Review-g664251-d14862661-Reviews-San_Cristoforo-Erbusco_Province_of_Brescia_Lombardy.html, /Attractions-g664251-Activities-Erbusco_Province_of_Brescia_Lombardy.html
Gabriella Bariselli Franciacorta, 5.0, Food & Drink, /Attraction_Review-g664251-d10467381-Reviews-Gabriella_Bariselli_Franciacorta-Erbusco_Province_of_Brescia_Lombardy.html, /Attractions-g664251-Activities-Erbusco_Province_of_Brescia_Lombardy.html
Parco delle sculture di Franciacorta&& Erbusco, 4.5, Sights & Landmarks, /Attraction_Review-g664251-d10678425-Reviews-Parco_delle_sculture_di_Franciacorta_Erbusco-Erbusco_Province_of_Brescia_Lombard.html, /Attractions-g664251-Activities-Erbusco_Province_of_Brescia_Lombardy.html
Chiesa Parrocchiale di S. Maria Assunta, 4.0, Sights & Landmarks, /Attraction_Review-g664251-d15683327-Reviews-Chiesa_Parrocchiale_di_S_Maria_Assunta-Erbusco_Province_of_Brescia_Lombardy.html, /Attractions-g664251-Activities-Erbusco_Province_of_Brescia_Lombardy.html
Ca' del Bosco, 4.5, Food & Drink, /Attraction_Review-g664251-d242604-Reviews-Ca_del_Bosco-Erbusco_Province_of_Brescia_Lombardy.html, /Attractions-g664251-Activities-Erbusco_Province_of_Brescia_Lombardy.html
Bellavista, 4.5, Food & Drink, /Attraction_Review-g664251-d242600-Reviews-Bellavista-Erbusco_Province_of_Brescia_Lombardy.html, /Attractions-g664251-Activities-Erbusco_Province_of_Brescia_Lombardy.html
Le Porte Franche, 4.0, Shopping, /Attraction_Review-g664251-d5475860-Reviews-Le_Porte_Franche-Erbusco_Province_of_Brescia_Lombardy.html, /Attractions-g664251-Activities-Erbusco_Province_of_Brescia_Lombardy.html
Palazzo Lechi, 4.0, Sights & Landmarks, /Attraction_Review-g664251-d21310774-Reviews-Palazzo_Lechi-Erbusco_Province_of_Brescia_Lombardy.html, /Attractions-g664251-Activities-Erbusco_Province_of_Brescia_Lombardy.html
Palazzo Lechi, 4.0, Sights & Landmarks, /Attraction_Review-g664251-d21307815-Reviews-Palazzo_Lechi-Erbusco_Province_of_Brescia_Lombardy.html, /Attractions-g664251-Activities-Erbusco_Province_of_Brescia_Lombardy.html
Palazzo Municipio, 3.0, Sights & Landmarks, /Attraction_Review-g664251-d15683313-Reviews-Palazzo_Municipio-Erbusco_Province_of_Brescia_Lombardy.html, /Attractions-g664251-Activities-Erbusco_Province_of_Brescia_Lombardy.html
