attraction_name, attraction_rate, attraction_type, attraction_url, attraction_parent_url
Castello Malaspina di Fosdinovo, 4.5, Sights & Landmarks, /Attraction_Review-g1597247-d1021604-Reviews-Castello_Malaspina_di_Fosdinovo-Fosdinovo_Province_of_Massa_Carrara_Tuscany.html, /Attractions-g1597247-Activities-Fosdinovo_Province_of_Massa_Carrara_Tuscany.html
Museo audiovisivo della Resistenza, 5.0, Museums, /Attraction_Review-g1597247-d8028075-Reviews-Museo_audiovisivo_della_Resistenza-Fosdinovo_Province_of_Massa_Carrara_Tuscany.html, /Attractions-g1597247-Activities-Fosdinovo_Province_of_Massa_Carrara_Tuscany.html
Parco Avventura Fosdinovo, 4.0, Fun & Games, /Attraction_Review-g1597247-d2173299-Reviews-Parco_Avventura_Fosdinovo-Fosdinovo_Province_of_Massa_Carrara_Tuscany.html, /Attractions-g1597247-Activities-Fosdinovo_Province_of_Massa_Carrara_Tuscany.html
Borgo di Ponzanello, 4.5, Sights & Landmarks, /Attraction_Review-g4959633-d8399033-Reviews-Borgo_di_Ponzanello-Ponzanello_Fosdinovo_Province_of_Massa_Carrara_Tuscany.html, /Attractions-g1597247-Activities-Fosdinovo_Province_of_Massa_Carrara_Tuscany.html
Chiesa di San Remigio, 4.0, Sights & Landmarks, /Attraction_Review-g1597247-d12818851-Reviews-Chiesa_di_San_Remigio-Fosdinovo_Province_of_Massa_Carrara_Tuscany.html, /Attractions-g1597247-Activities-Fosdinovo_Province_of_Massa_Carrara_Tuscany.html
Oratorio dei Bianchi, 3.5, Sights & Landmarks, /Attraction_Review-g1597247-d12818861-Reviews-Oratorio_dei_Bianchi-Fosdinovo_Province_of_Massa_Carrara_Tuscany.html, /Attractions-g1597247-Activities-Fosdinovo_Province_of_Massa_Carrara_Tuscany.html
Frantoio Moro, 5.0, Shopping, /Attraction_Review-g1597247-d4557023-Reviews-Frantoio_Moro-Fosdinovo_Province_of_Massa_Carrara_Tuscany.html, /Attractions-g1597247-Activities-Fosdinovo_Province_of_Massa_Carrara_Tuscany.html
Oratorio Dei Rossi, 4.0, Sights & Landmarks, /Attraction_Review-g1597247-d21401846-Reviews-Oratorio_Dei_Rossi-Fosdinovo_Province_of_Massa_Carrara_Tuscany.html, /Attractions-g1597247-Activities-Fosdinovo_Province_of_Massa_Carrara_Tuscany.html
Centro Servizi Per Il Turismo - Ufficio Informazioni Turistiche, 3.0, Traveller Resources, /Attraction_Review-g1597247-d21249222-Reviews-Centro_Servizi_Per_Il_Turismo_Ufficio_Informazioni_Turistiche-Fosdinovo_Provinc.html, /Attractions-g1597247-Activities-Fosdinovo_Province_of_Massa_Carrara_Tuscany.html
