attraction_name, attraction_rate, attraction_type, attraction_url, attraction_parent_url
Bosco D’Arcudaci, 4.0, Nature & Parks, /Attraction_Review-g1025052-d10818211-Reviews-Bosco_D_Arcudaci-Buseto_Palizzolo_Province_of_Trapani_Sicily.html, /Attractions-g1025052-Activities-Buseto_Palizzolo_Province_of_Trapani_Sicily.html
Villa Comunale, 4.0, Nature & Parks, /Attraction_Review-g1025052-d10817463-Reviews-Villa_Comunale-Buseto_Palizzolo_Province_of_Trapani_Sicily.html, /Attractions-g1025052-Activities-Buseto_Palizzolo_Province_of_Trapani_Sicily.html
Pinacoteca e Biblioteca Comunale, 4.0, Museums, /Attraction_Review-g1025052-d10817474-Reviews-Pinacoteca_e_Biblioteca_Comunale-Buseto_Palizzolo_Province_of_Trapani_Sicily.html, /Attractions-g1025052-Activities-Buseto_Palizzolo_Province_of_Trapani_Sicily.html
Baglio Rakabb, 3.0, Sights & Landmarks, /Attraction_Review-g1025052-d10817273-Reviews-Baglio_Rakabb-Buseto_Palizzolo_Province_of_Trapani_Sicily.html, /Attractions-g1025052-Activities-Buseto_Palizzolo_Province_of_Trapani_Sicily.html
Baglio Murfi, 3.0, Sights & Landmarks, /Attraction_Review-g1025052-d10817304-Reviews-Baglio_Murfi-Buseto_Palizzolo_Province_of_Trapani_Sicily.html, /Attractions-g1025052-Activities-Buseto_Palizzolo_Province_of_Trapani_Sicily.html
Chiesa Maria SS del Carmelo, None, Sights & Landmarks, /Attraction_Review-g1025052-d10817485-Reviews-Chiesa_Maria_SS_del_Carmelo-Buseto_Palizzolo_Province_of_Trapani_Sicily.html, /Attractions-g1025052-Activities-Buseto_Palizzolo_Province_of_Trapani_Sicily.html
Parrocchia Maria Ss. Addolorata, None, Sights & Landmarks, /Attraction_Review-g1025052-d10817511-Reviews-Parrocchia_Maria_Ss_Addolorata-Buseto_Palizzolo_Province_of_Trapani_Sicily.html, /Attractions-g1025052-Activities-Buseto_Palizzolo_Province_of_Trapani_Sicily.html
