attraction_name, attraction_rate, attraction_type, attraction_url, attraction_parent_url
Orto Botanico delle Conifere, 4.5, Nature & Parks, /Attraction_Review-g1450268-d6849109-Reviews-Orto_Botanico_delle_Conifere-Ome_Province_of_Brescia_Lombardy.html, /Attractions-g1450268-Activities-Ome_Province_of_Brescia_Lombardy.html
Il Borgo del Maglio, 4.5, Museums, /Attraction_Review-g1450268-d6849106-Reviews-Il_Borgo_del_Maglio-Ome_Province_of_Brescia_Lombardy.html, /Attractions-g1450268-Activities-Ome_Province_of_Brescia_Lombardy.html
Chiesa di San Michele Arcangelo, 4.5, Sights & Landmarks, /Attraction_Review-g1450268-d6851848-Reviews-Chiesa_di_San_Michele_Arcangelo-Ome_Province_of_Brescia_Lombardy.html, /Attractions-g1450268-Activities-Ome_Province_of_Brescia_Lombardy.html
Chiesa di Santo Stefano, 4.0, Sights & Landmarks, /Attraction_Review-g1450268-d16674282-Reviews-Chiesa_di_Santo_Stefano-Ome_Province_of_Brescia_Lombardy.html, /Attractions-g1450268-Activities-Ome_Province_of_Brescia_Lombardy.html
La Taverna di Boe, 4.5, Nightlife, /Attraction_Review-g1450268-d6581352-Reviews-La_Taverna_di_Boe-Ome_Province_of_Brescia_Lombardy.html, /Attractions-g1450268-Activities-Ome_Province_of_Brescia_Lombardy.html
Chiesa di S. Lorenzo, None, Sights & Landmarks, /Attraction_Review-g1450268-d15683258-Reviews-Chiesa_di_S_Lorenzo-Ome_Province_of_Brescia_Lombardy.html, /Attractions-g1450268-Activities-Ome_Province_of_Brescia_Lombardy.html
