attraction_name, attraction_rate, attraction_type, attraction_url, attraction_parent_url
Diga del Gleno, 4.5, Nature & Parks, /Attraction_Review-g3588718-d10500270-Reviews-Diga_del_Gleno-Vilminore_di_Scalve_Province_of_Bergamo_Lombardy.html, /Attractions-g3588718-Activities-Vilminore_di_Scalve_Province_of_Bergamo_Lombardy.html
Arboreto Alpino Gleno, 5.0, Museums, /Attraction_Review-g3588718-d7597645-Reviews-Arboreto_Alpino_Gleno-Vilminore_di_Scalve_Province_of_Bergamo_Lombardy.html, /Attractions-g3588718-Activities-Vilminore_di_Scalve_Province_of_Bergamo_Lombardy.html
Chiesa di Santa Maria Assunta e San Pietro, 4.0, Sights & Landmarks, /Attraction_Review-g3588718-d12955668-Reviews-Chiesa_di_Santa_Maria_Assunta_e_San_Pietro-Vilminore_di_Scalve_Province_of_Berg.html, /Attractions-g3588718-Activities-Vilminore_di_Scalve_Province_of_Bergamo_Lombardy.html
Palazzo Pretorio, 3.5, Sights & Landmarks, /Attraction_Review-g3588718-d12955664-Reviews-Palazzo_Pretorio-Vilminore_di_Scalve_Province_of_Bergamo_Lombardy.html, /Attractions-g3588718-Activities-Vilminore_di_Scalve_Province_of_Bergamo_Lombardy.html
Valle di Scalve, 4.5, Outdoor Activities, /Attraction_Review-g3588718-d4521891-Reviews-Valle_di_Scalve-Vilminore_di_Scalve_Province_of_Bergamo_Lombardy.html, /Attractions-g3588718-Activities-Vilminore_di_Scalve_Province_of_Bergamo_Lombardy.html
Latteria Sociale Montana Di Scalve, 4.5, Food & Drink, /Attraction_Review-g3588718-d10255816-Reviews-Latteria_Sociale_Montana_Di_Scalve-Vilminore_di_Scalve_Province_of_Bergamo_Lomb.html, /Attractions-g3588718-Activities-Vilminore_di_Scalve_Province_of_Bergamo_Lombardy.html
Chiesa di S. Gottardo, None, Sights & Landmarks, /Attraction_Review-g3588718-d16829882-Reviews-Chiesa_di_S_Gottardo-Vilminore_di_Scalve_Province_of_Bergamo_Lombardy.html, /Attractions-g3588718-Activities-Vilminore_di_Scalve_Province_of_Bergamo_Lombardy.html
Chiesa di S. Andrea, None, Sights & Landmarks, /Attraction_Review-g3588718-d16830059-Reviews-Chiesa_di_S_Andrea-Vilminore_di_Scalve_Province_of_Bergamo_Lombardy.html, /Attractions-g3588718-Activities-Vilminore_di_Scalve_Province_of_Bergamo_Lombardy.html
Chiesa della Natività di Maria Vergine, None, Sights & Landmarks, /Attraction_Review-g3588718-d16830030-Reviews-Chiesa_della_Nativita_di_Maria_Vergine-Vilminore_di_Scalve_Province_of_Bergamo_.html, /Attractions-g3588718-Activities-Vilminore_di_Scalve_Province_of_Bergamo_Lombardy.html
Chiesa di S. Rocco, None, Sights & Landmarks, /Attraction_Review-g3588718-d16830037-Reviews-Chiesa_di_S_Rocco-Vilminore_di_Scalve_Province_of_Bergamo_Lombardy.html, /Attractions-g3588718-Activities-Vilminore_di_Scalve_Province_of_Bergamo_Lombardy.html
Chiesa di S. Giorgio, None, Sights & Landmarks, /Attraction_Review-g3588718-d16830057-Reviews-Chiesa_di_S_Giorgio-Vilminore_di_Scalve_Province_of_Bergamo_Lombardy.html, /Attractions-g3588718-Activities-Vilminore_di_Scalve_Province_of_Bergamo_Lombardy.html
Chiesa di S. Carlo, None, Sights & Landmarks, /Attraction_Review-g3588718-d16830060-Reviews-Chiesa_di_S_Carlo-Vilminore_di_Scalve_Province_of_Bergamo_Lombardy.html, /Attractions-g3588718-Activities-Vilminore_di_Scalve_Province_of_Bergamo_Lombardy.html
Chiesa di S. Michele, None, Sights & Landmarks, /Attraction_Review-g3588718-d16830048-Reviews-Chiesa_di_S_Michele-Vilminore_di_Scalve_Province_of_Bergamo_Lombardy.html, /Attractions-g3588718-Activities-Vilminore_di_Scalve_Province_of_Bergamo_Lombardy.html
