attraction_name, attraction_rate, attraction_type, attraction_url, attraction_parent_url
Bar Roberta - Palizzi Marina, 4.0, Nightlife, /Attraction_Review-g3384364-d5926487-Reviews-Bar_Roberta_Palizzi_Marina-Palizzi_Province_of_Reggio_Calabria_Calabria.html, /Attractions-g3384364-Activities-Palizzi_Province_of_Reggio_Calabria_Calabria.html
Chiesa di Sant'Anna, 3.0, Sights & Landmarks, /Attraction_Review-g3384364-d18276598-Reviews-Chiesa_di_Sant_Anna-Palizzi_Province_of_Reggio_Calabria_Calabria.html, /Attractions-g3384364-Activities-Palizzi_Province_of_Reggio_Calabria_Calabria.html
Chiesa del Carmine, None, Sights & Landmarks, /Attraction_Review-g3384364-d18276604-Reviews-Chiesa_del_Carmine-Palizzi_Province_of_Reggio_Calabria_Calabria.html, /Attractions-g3384364-Activities-Palizzi_Province_of_Reggio_Calabria_Calabria.html
Chiesa del SS. Redentore, None, Sights & Landmarks, /Attraction_Review-g3384364-d18276603-Reviews-Chiesa_del_SS_Redentore-Palizzi_Province_of_Reggio_Calabria_Calabria.html, /Attractions-g3384364-Activities-Palizzi_Province_of_Reggio_Calabria_Calabria.html
