attraction_name, attraction_rate, attraction_type, attraction_url, attraction_parent_url
Cappella Dei Rettori, 4.5, Sights & Landmarks, /Attraction_Review-g187869-d11909051-Reviews-Cappella_Dei_Rettori-Treviso_Province_of_Treviso_Veneto.html, /Attractions-g187869-Activities-Treviso_Province_of_Treviso_Veneto.html
Torre del Visdomino, 4.0, Sights & Landmarks, /Attraction_Review-g187869-d15059954-Reviews-Torre_del_Visdomino-Treviso_Province_of_Treviso_Veneto.html, /Attractions-g187869-Activities-Treviso_Province_of_Treviso_Veneto.html
Galleria dell'Artistico, 5.0, Museums, /Attraction_Review-g187869-d15682848-Reviews-Galleria_dell_Artistico-Treviso_Province_of_Treviso_Veneto.html, /Attractions-g187869-Activities-Treviso_Province_of_Treviso_Veneto.html
Palazzo Ca’ Sugana, 4.0, Sights & Landmarks, /Attraction_Review-g187869-d8536120-Reviews-Palazzo_Ca_Sugana-Treviso_Province_of_Treviso_Veneto.html, /Attractions-g187869-Activities-Treviso_Province_of_Treviso_Veneto.html
TRA Treviso Ricerca Arte, 4.5, Sights & Landmarks, /Attraction_Review-g187869-d6215804-Reviews-TRA_Treviso_Ricerca_Arte-Treviso_Province_of_Treviso_Veneto.html, /Attractions-g187869-Activities-Treviso_Province_of_Treviso_Veneto.html
MOM - Mobilità di Marca, 1.5, Transportation, /Attraction_Review-g187869-d12515779-Reviews-MOM_Mobilita_di_Marca-Treviso_Province_of_Treviso_Veneto.html, /Attractions-g187869-Activities-Treviso_Province_of_Treviso_Veneto.html
Tempietto del Beato Enrico, 3.5, Sights & Landmarks, /Attraction_Review-g187869-d5221185-Reviews-Tempietto_del_Beato_Enrico-Treviso_Province_of_Treviso_Veneto.html, /Attractions-g187869-Activities-Treviso_Province_of_Treviso_Veneto.html
Porta Altinia, 3.5, Sights & Landmarks, /Attraction_Review-g187869-d7045010-Reviews-Porta_Altinia-Treviso_Province_of_Treviso_Veneto.html, /Attractions-g187869-Activities-Treviso_Province_of_Treviso_Veneto.html
Fontana di Piazza San Vito, 4.0, Sights & Landmarks, /Attraction_Review-g187869-d12072676-Reviews-Fontana_di_Piazza_San_Vito-Treviso_Province_of_Treviso_Veneto.html, /Attractions-g187869-Activities-Treviso_Province_of_Treviso_Veneto.html
Associazione Culturale Spazio Paraggi, 4.5, Museums, /Attraction_Review-g187869-d6643618-Reviews-Associazione_Culturale_Spazio_Paraggi-Treviso_Province_of_Treviso_Veneto.html, /Attractions-g187869-Activities-Treviso_Province_of_Treviso_Veneto.html
Giardini di S. Andrea, 2.5, Sights & Landmarks, /Attraction_Review-g187869-d4985292-Reviews-Giardini_di_S_Andrea-Treviso_Province_of_Treviso_Veneto.html, /Attractions-g187869-Activities-Treviso_Province_of_Treviso_Veneto.html
Piazza Filodrammatici, 3.5, Sights & Landmarks, /Attraction_Review-g187869-d5568117-Reviews-Piazza_Filodrammatici-Treviso_Province_of_Treviso_Veneto.html, /Attractions-g187869-Activities-Treviso_Province_of_Treviso_Veneto.html
Parrocchia di Sant'Ambrogio di Fiera, 5.0, Sights & Landmarks, /Attraction_Review-g187869-d12235511-Reviews-Parrocchia_di_Sant_Ambrogio_di_Fiera-Treviso_Province_of_Treviso_Veneto.html, /Attractions-g187869-Activities-Treviso_Province_of_Treviso_Veneto.html
Liceo Ginnasio Statale 'A. Canova', 4.0, Sights & Landmarks, /Attraction_Review-g187869-d12819227-Reviews-Liceo_Ginnasio_Statale_A_Canova-Treviso_Province_of_Treviso_Veneto.html, /Attractions-g187869-Activities-Treviso_Province_of_Treviso_Veneto.html
Fontana di Piazza Garibaldi, 5.0, Sights & Landmarks, /Attraction_Review-g187869-d12072657-Reviews-Fontana_di_Piazza_Garibaldi-Treviso_Province_of_Treviso_Veneto.html, /Attractions-g187869-Activities-Treviso_Province_of_Treviso_Veneto.html
Chiesa di Sant'Andrea in Riva, 4.0, Sights & Landmarks, /Attraction_Review-g187869-d5238032-Reviews-Chiesa_di_Sant_Andrea_in_Riva-Treviso_Province_of_Treviso_Veneto.html, /Attractions-g187869-Activities-Treviso_Province_of_Treviso_Veneto.html
Palazzo Zignoli, 4.0, Sights & Landmarks, /Attraction_Review-g187869-d12818854-Reviews-Palazzo_Zignoli-Treviso_Province_of_Treviso_Veneto.html, /Attractions-g187869-Activities-Treviso_Province_of_Treviso_Veneto.html
Lapide di Palazzo Revedin, 4.0, Sights & Landmarks, /Attraction_Review-g187869-d12146189-Reviews-Lapide_di_Palazzo_Revedin-Treviso_Province_of_Treviso_Veneto.html, /Attractions-g187869-Activities-Treviso_Province_of_Treviso_Veneto.html
Centro Carlo Scarpa, 5.0, Sights & Landmarks, /Attraction_Review-g187869-d12172109-Reviews-Centro_Carlo_Scarpa-Treviso_Province_of_Treviso_Veneto.html, /Attractions-g187869-Activities-Treviso_Province_of_Treviso_Veneto.html
Parrocchia di San Pelagio, 5.0, Sights & Landmarks, /Attraction_Review-g187869-d12235496-Reviews-Parrocchia_di_San_Pelagio-Treviso_Province_of_Treviso_Veneto.html, /Attractions-g187869-Activities-Treviso_Province_of_Treviso_Veneto.html
Ca' dei Brittoni, 5.0, Sights & Landmarks, /Attraction_Review-g187869-d12204693-Reviews-Ca_dei_Brittoni-Treviso_Province_of_Treviso_Veneto.html, /Attractions-g187869-Activities-Treviso_Province_of_Treviso_Veneto.html
Collezione Velo della Xiloteca Trevigiana, 4.0, Sights & Landmarks, /Attraction_Review-g187869-d4454282-Reviews-Collezione_Velo_della_Xiloteca_Trevigiana-Treviso_Province_of_Treviso_Veneto.html, /Attractions-g187869-Activities-Treviso_Province_of_Treviso_Veneto.html
Frammento Antico di mura cittadine, 4.0, Sights & Landmarks, /Attraction_Review-g187869-d5493685-Reviews-Frammento_Antico_di_mura_cittadine-Treviso_Province_of_Treviso_Veneto.html, /Attractions-g187869-Activities-Treviso_Province_of_Treviso_Veneto.html
Villa Braida, 4.5, Sights & Landmarks, /Attraction_Review-g187869-d8707158-Reviews-Villa_Braida-Treviso_Province_of_Treviso_Veneto.html, /Attractions-g187869-Activities-Treviso_Province_of_Treviso_Veneto.html
Palazzo Scotti, 4.5, Sights & Landmarks, /Attraction_Review-g187869-d4760922-Reviews-Palazzo_Scotti-Treviso_Province_of_Treviso_Veneto.html, /Attractions-g187869-Activities-Treviso_Province_of_Treviso_Veneto.html
Treviso Sport A.S.D., 3.5, Fun & Games, /Attraction_Review-g187869-d3812461-Reviews-Treviso_Sport_A_S_D-Treviso_Province_of_Treviso_Veneto.html, /Attractions-g187869-Activities-Treviso_Province_of_Treviso_Veneto.html
Chiesa di Canizzano, 4.0, Sights & Landmarks, /Attraction_Review-g187869-d8619948-Reviews-Chiesa_di_Canizzano-Treviso_Province_of_Treviso_Veneto.html, /Attractions-g187869-Activities-Treviso_Province_of_Treviso_Veneto.html
Museo Etnografico Provinciale Case Piavone, 2.0, Museums, /Attraction_Review-g187869-d4697099-Reviews-Museo_Etnografico_Provinciale_Case_Piavone-Treviso_Province_of_Treviso_Veneto.html, /Attractions-g187869-Activities-Treviso_Province_of_Treviso_Veneto.html
Omobono Tenni Football Stadium, 2.0, Sights & Landmarks, /Attraction_Review-g187869-d4740600-Reviews-Omobono_Tenni_Football_Stadium-Treviso_Province_of_Treviso_Veneto.html, /Attractions-g187869-Activities-Treviso_Province_of_Treviso_Veneto.html
Palazzo Ca' Spineda, 5.0, Sights & Landmarks, /Attraction_Review-g187869-d8605204-Reviews-Palazzo_Ca_Spineda-Treviso_Province_of_Treviso_Veneto.html, /Attractions-g187869-Activities-Treviso_Province_of_Treviso_Veneto.html
