attraction_name, attraction_rate, attraction_type, attraction_url, attraction_parent_url
Convento e Chiesa di S. Maria della Libera, 4.5, Sights & Landmarks, /Attraction_Review-g1544147-d8761592-Reviews-Convento_e_Chiesa_di_S_Maria_della_Libera-Cercemaggiore_Province_of_Campobasso_M.html, /Attractions-g1544147-Activities-Cercemaggiore_Province_of_Campobasso_Molise.html
Santuario Santa Maria a Monte, 5.0, Sights & Landmarks, /Attraction_Review-g1544147-d10317643-Reviews-Santuario_Santa_Maria_a_Monte-Cercemaggiore_Province_of_Campobasso_Molise.html, /Attractions-g1544147-Activities-Cercemaggiore_Province_of_Campobasso_Molise.html
Bar H Cercemaggiore, 5.0, Nightlife, /Attraction_Review-g1544147-d5924501-Reviews-Bar_H_Cercemaggiore-Cercemaggiore_Province_of_Campobasso_Molise.html, /Attractions-g1544147-Activities-Cercemaggiore_Province_of_Campobasso_Molise.html
Jolly bar, 5.0, Nightlife, /Attraction_Review-g1544147-d5926977-Reviews-Jolly_bar-Cercemaggiore_Province_of_Campobasso_Molise.html, /Attractions-g1544147-Activities-Cercemaggiore_Province_of_Campobasso_Molise.html
Chiesa di San Rocco, None, Sights & Landmarks, /Attraction_Review-g1544147-d10317528-Reviews-Chiesa_di_San_Rocco-Cercemaggiore_Province_of_Campobasso_Molise.html, /Attractions-g1544147-Activities-Cercemaggiore_Province_of_Campobasso_Molise.html
Chiesa Santa Maria della Croce, None, Sights & Landmarks, /Attraction_Review-g1544147-d10317578-Reviews-Chiesa_Santa_Maria_della_Croce-Cercemaggiore_Province_of_Campobasso_Molise.html, /Attractions-g1544147-Activities-Cercemaggiore_Province_of_Campobasso_Molise.html
Castello di Cercemaggiore, None, Sights & Landmarks, /Attraction_Review-g1544147-d10317599-Reviews-Castello_di_Cercemaggiore-Cercemaggiore_Province_of_Campobasso_Molise.html, /Attractions-g1544147-Activities-Cercemaggiore_Province_of_Campobasso_Molise.html
Pastificio Spighe Molisane, None, Shopping, /Attraction_Review-g1544147-d11978289-Reviews-Pastificio_Spighe_Molisane-Cercemaggiore_Province_of_Campobasso_Molise.html, /Attractions-g1544147-Activities-Cercemaggiore_Province_of_Campobasso_Molise.html
