attraction_name, attraction_rate, attraction_type, attraction_url, attraction_parent_url
Riserva Naturale di Tor Caldara, 4.0, Nature & Parks, /Attraction_Review-g194670-d2285471-Reviews-Riserva_Naturale_di_Tor_Caldara-Anzio_Province_of_Rome_Lazio.html, /Attractions-g194670-Activities-Anzio_Province_of_Rome_Lazio.html
Beach Head War Cemetery, 4.5, Sights & Landmarks, /Attraction_Review-g194670-d3998029-Reviews-Beach_Head_War_Cemetery-Anzio_Province_of_Rome_Lazio.html, /Attractions-g194670-Activities-Anzio_Province_of_Rome_Lazio.html
Porto di Anzio, 4.0, Sights & Landmarks, /Attraction_Review-g194670-d3356806-Reviews-Porto_di_Anzio-Anzio_Province_of_Rome_Lazio.html, /Attractions-g194670-Activities-Anzio_Province_of_Rome_Lazio.html
Museo dello sbarco di Anzio, 4.0, Museums, /Attraction_Review-g194670-d5232706-Reviews-Museo_dello_sbarco_di_Anzio-Anzio_Province_of_Rome_Lazio.html, /Attractions-g194670-Activities-Anzio_Province_of_Rome_Lazio.html
Villa Imperiale di Nerone, 4.0, Sights & Landmarks, /Attraction_Review-g194670-d3998085-Reviews-Villa_Imperiale_di_Nerone-Anzio_Province_of_Rome_Lazio.html, /Attractions-g194670-Activities-Anzio_Province_of_Rome_Lazio.html
Cimitero di Guerra di Anzio, 4.5, Sights & Landmarks, /Attraction_Review-g194670-d11927506-Reviews-Cimitero_di_Guerra_di_Anzio-Anzio_Province_of_Rome_Lazio.html, /Attractions-g194670-Activities-Anzio_Province_of_Rome_Lazio.html
Lido La Playa, 4.5, Nature & Parks, /Attraction_Review-g194670-d4431289-Reviews-Lido_La_Playa-Anzio_Province_of_Rome_Lazio.html, /Attractions-g194670-Activities-Anzio_Province_of_Rome_Lazio.html
Basilica di Santa Teresa, 4.5, Sights & Landmarks, /Attraction_Review-g194670-d4424539-Reviews-Basilica_di_Santa_Teresa-Anzio_Province_of_Rome_Lazio.html, /Attractions-g194670-Activities-Anzio_Province_of_Rome_Lazio.html
La Capannina Lavinio, 4.0, Nature & Parks, /Attraction_Review-g194670-d6613305-Reviews-La_Capannina_Lavinio-Anzio_Province_of_Rome_Lazio.html, /Attractions-g194670-Activities-Anzio_Province_of_Rome_Lazio.html
Blue Bay - Stabilimento Balneare Anzio, 4.0, Outdoor Activities, /Attraction_Review-g194670-d4740593-Reviews-Blue_Bay_Stabilimento_Balneare_Anzio-Anzio_Province_of_Rome_Lazio.html, /Attractions-g194670-Activities-Anzio_Province_of_Rome_Lazio.html
Museo Civico Archeologico, 4.0, Museums, /Attraction_Review-g194670-d10807631-Reviews-Museo_Civico_Archeologico-Anzio_Province_of_Rome_Lazio.html, /Attractions-g194670-Activities-Anzio_Province_of_Rome_Lazio.html
Rivazzurra Beach, 3.0, Nature & Parks, /Attraction_Review-g194670-d4744985-Reviews-Rivazzurra_Beach-Anzio_Province_of_Rome_Lazio.html, /Attractions-g194670-Activities-Anzio_Province_of_Rome_Lazio.html
Chiesa dei Santi Pio e Antonio, 4.5, Sights & Landmarks, /Attraction_Review-g194670-d8734223-Reviews-Chiesa_dei_Santi_Pio_e_Antonio-Anzio_Province_of_Rome_Lazio.html, /Attractions-g194670-Activities-Anzio_Province_of_Rome_Lazio.html
Faro di Capo d’Anzio, 4.0, Sights & Landmarks, /Attraction_Review-g194670-d12384900-Reviews-Faro_di_Capo_d_Anzio-Anzio_Province_of_Rome_Lazio.html, /Attractions-g194670-Activities-Anzio_Province_of_Rome_Lazio.html
Villa Di Nerone, 4.0, Sights & Landmarks, /Attraction_Review-g194670-d15352022-Reviews-Villa_Di_Nerone-Anzio_Province_of_Rome_Lazio.html, /Attractions-g194670-Activities-Anzio_Province_of_Rome_Lazio.html
Monumento ad Angelita di Anzio, 3.5, Sights & Landmarks, /Attraction_Review-g194670-d12084100-Reviews-Monumento_ad_Angelita_di_Anzio-Anzio_Province_of_Rome_Lazio.html, /Attractions-g194670-Activities-Anzio_Province_of_Rome_Lazio.html
Freestyle Rafiki, 5.0, Fun & Games, /Attraction_Review-g194670-d6914700-Reviews-Freestyle_Rafiki-Anzio_Province_of_Rome_Lazio.html, /Attractions-g194670-Activities-Anzio_Province_of_Rome_Lazio.html
Stabilimento Balneare Tirrena, 3.0, Outdoor Activities, /Attraction_Review-g194670-d12870173-Reviews-Stabilimento_Balneare_Tirrena-Anzio_Province_of_Rome_Lazio.html, /Attractions-g194670-Activities-Anzio_Province_of_Rome_Lazio.html
Monumento a Nerone, 3.5, Sights & Landmarks, /Attraction_Review-g194670-d12872734-Reviews-Monumento_a_Nerone-Anzio_Province_of_Rome_Lazio.html, /Attractions-g194670-Activities-Anzio_Province_of_Rome_Lazio.html
Parco di Villa Adele, 4.0, Nature & Parks, /Attraction_Review-g194670-d12872737-Reviews-Parco_di_Villa_Adele-Anzio_Province_of_Rome_Lazio.html, /Attractions-g194670-Activities-Anzio_Province_of_Rome_Lazio.html
Parco Vallo Volsco, 4.0, Nature & Parks, /Attraction_Review-g194670-d13293584-Reviews-Parco_Vallo_Volsco-Anzio_Province_of_Rome_Lazio.html, /Attractions-g194670-Activities-Anzio_Province_of_Rome_Lazio.html
Il Pioniere, 3.0, Nature & Parks, /Attraction_Review-g1643726-d10786503-Reviews-Il_Pioniere-Lavinio_Lido_di_Enea_Anzio_Province_of_Rome_Lazio.html, /Attractions-g194670-Activities-Anzio_Province_of_Rome_Lazio.html
La Lucciola Stabilimento, 3.5, Nature & Parks, /Attraction_Review-g1643726-d12843906-Reviews-La_Lucciola_Stabilimento-Lavinio_Lido_di_Enea_Anzio_Province_of_Rome_Lazio.html, /Attractions-g194670-Activities-Anzio_Province_of_Rome_Lazio.html
Centro Commerciale Lo Zodiaco, 3.5, Shopping, /Attraction_Review-g194670-d12318312-Reviews-Centro_Commerciale_Lo_Zodiaco-Anzio_Province_of_Rome_Lazio.html, /Attractions-g194670-Activities-Anzio_Province_of_Rome_Lazio.html
Biblioteca Comunale, 4.0, Traveller Resources, /Attraction_Review-g194670-d12384740-Reviews-Biblioteca_Comunale-Anzio_Province_of_Rome_Lazio.html, /Attractions-g194670-Activities-Anzio_Province_of_Rome_Lazio.html
Villa Albani, 3.0, Sights & Landmarks, /Attraction_Review-g194670-d12384912-Reviews-Villa_Albani-Anzio_Province_of_Rome_Lazio.html, /Attractions-g194670-Activities-Anzio_Province_of_Rome_Lazio.html
Mercato Contadino del Litorale Laziale, 5.0, Food & Drink, /Attraction_Review-g194670-d17766755-Reviews-Mercato_Contadino_del_Litorale_Laziale-Anzio_Province_of_Rome_Lazio.html, /Attractions-g194670-Activities-Anzio_Province_of_Rome_Lazio.html
Associazione Pontina di Astronomia, 5.0, Nature & Parks, /Attraction_Review-g194670-d15080525-Reviews-Associazione_Pontina_di_Astronomia-Anzio_Province_of_Rome_Lazio.html, /Attractions-g194670-Activities-Anzio_Province_of_Rome_Lazio.html
MuMa - Anzio, 5.0, Museums, /Attraction_Review-g194670-d19975535-Reviews-MuMa_Anzio-Anzio_Province_of_Rome_Lazio.html, /Attractions-g194670-Activities-Anzio_Province_of_Rome_Lazio.html
Villa Sarsina, 3.5, Sights & Landmarks, /Attraction_Review-g194670-d12384908-Reviews-Villa_Sarsina-Anzio_Province_of_Rome_Lazio.html, /Attractions-g194670-Activities-Anzio_Province_of_Rome_Lazio.html
