attraction_name, attraction_rate, attraction_type, attraction_url, attraction_parent_url
Spiaggia di Schiapparello, 3.5, Nature & Parks, /Attraction_Review-g194861-d10440817-Reviews-Spiaggia_di_Schiapparello-Portoferraio_Elba_Island_Province_of_Livorno_Tuscany.html, /Attractions-g194861-Activities-Portoferraio_Elba_Island_Province_of_Livorno_Tuscany.html
Spiaggia 'Le Viste', 3.5, Nature & Parks, /Attraction_Review-g194861-d14935079-Reviews-Spiaggia_Le_Viste-Portoferraio_Elba_Island_Province_of_Livorno_Tuscany.html, /Attractions-g194861-Activities-Portoferraio_Elba_Island_Province_of_Livorno_Tuscany.html
Torre della Linguella, 3.5, Sights & Landmarks, /Attraction_Review-g194861-d13833319-Reviews-Torre_della_Linguella-Portoferraio_Elba_Island_Province_of_Livorno_Tuscany.html, /Attractions-g194861-Activities-Portoferraio_Elba_Island_Province_of_Livorno_Tuscany.html
A Piedi Nel Parco, 4.5, Sights & Landmarks, /Attraction_Review-g194861-d10358930-Reviews-A_Piedi_Nel_Parco-Portoferraio_Elba_Island_Province_of_Livorno_Tuscany.html, /Attractions-g194861-Activities-Portoferraio_Elba_Island_Province_of_Livorno_Tuscany.html
Parrocchia della Nativita della Beata Vergine Maria, 3.5, Sights & Landmarks, /Attraction_Review-g194861-d13833160-Reviews-Parrocchia_della_Nativita_della_Beata_Vergine_Maria-Portoferraio_Elba_Island_Pro.html, /Attractions-g194861-Activities-Portoferraio_Elba_Island_Province_of_Livorno_Tuscany.html
Spiaggia Di Schiopparello Portoferraio, None, Nature & Parks, /Attraction_Review-g194861-d21254649-Reviews-Spiaggia_Di_Schiopparello_Portoferraio-Portoferraio_Elba_Island_Province_of_Livo.html, /Attractions-g194861-Activities-Portoferraio_Elba_Island_Province_of_Livorno_Tuscany.html
