attraction_name, attraction_rate, attraction_type, attraction_url, attraction_parent_url
Distilleria Pagura, 4.5, Food & Drink, /Attraction_Review-g2187454-d6599695-Reviews-Distilleria_Pagura-Zoppola_Province_of_Pordenone_Friuli_Venezia_Giulia.html, /Attractions-g2187454-Activities-Zoppola_Province_of_Pordenone_Friuli_Venezia_Giulia.html
Castello di Zoppola, 4.0, Sights & Landmarks, /Attraction_Review-g2187454-d8090242-Reviews-Castello_di_Zoppola-Zoppola_Province_of_Pordenone_Friuli_Venezia_Giulia.html, /Attractions-g2187454-Activities-Zoppola_Province_of_Pordenone_Friuli_Venezia_Giulia.html
Chiesa dei Santi Ulderico e Antonio Abate, 3.0, Sights & Landmarks, /Attraction_Review-g10366541-d10223446-Reviews-Chiesa_dei_Santi_Ulderico_e_Antonio_Abate-Orcenico_Inferiore_Zoppola_Province_.html, /Attractions-g2187454-Activities-Zoppola_Province_of_Pordenone_Friuli_Venezia_Giulia.html
Pieve di Sant'Andrea di Castions di Zoppola, 4.5, Sights & Landmarks, /Attraction_Review-g2187454-d10080506-Reviews-Pieve_di_Sant_Andrea_di_Castions_di_Zoppola-Zoppola_Province_of_Pordenone_Friul.html, /Attractions-g2187454-Activities-Zoppola_Province_of_Pordenone_Friuli_Venezia_Giulia.html
Galleria Civica d'Arte Celso e Giovanni Costantini, 4.0, Museums, /Attraction_Review-g2187454-d8779148-Reviews-Galleria_Civica_d_Arte_Celso_e_Giovanni_Costantini-Zoppola_Province_of_Pordenone.html, /Attractions-g2187454-Activities-Zoppola_Province_of_Pordenone_Friuli_Venezia_Giulia.html
Chiesetta di Santa Lucia di Murlis e relativa barchessa, 4.5, Sights & Landmarks, /Attraction_Review-g2187454-d10080533-Reviews-Chiesetta_di_Santa_Lucia_di_Murlis_e_relativa_barchessa-Zoppola_Province_of_Por.html, /Attractions-g2187454-Activities-Zoppola_Province_of_Pordenone_Friuli_Venezia_Giulia.html
Chiesa Parrocchiale di San Martino Vescovo, 3.5, Sights & Landmarks, /Attraction_Review-g2187454-d8111072-Reviews-Chiesa_Parrocchiale_di_San_Martino_Vescovo-Zoppola_Province_of_Pordenone_Friuli_.html, /Attractions-g2187454-Activities-Zoppola_Province_of_Pordenone_Friuli_Venezia_Giulia.html
Ex Mulino di Murlis, 2.0, Sights & Landmarks, /Attraction_Review-g2187454-d12193520-Reviews-Ex_Mulino_di_Murlis-Zoppola_Province_of_Pordenone_Friuli_Venezia_Giulia.html, /Attractions-g2187454-Activities-Zoppola_Province_of_Pordenone_Friuli_Venezia_Giulia.html
Parco Naturale del 'Cellina Meduna', 3.0, Nature & Parks, /Attraction_Review-g2187454-d11931498-Reviews-Parco_Naturale_del_Cellina_Meduna-Zoppola_Province_of_Pordenone_Friuli_Venezia_.html, /Attractions-g2187454-Activities-Zoppola_Province_of_Pordenone_Friuli_Venezia_Giulia.html
Chiesa di San Michele Arcangelo, 4.0, Sights & Landmarks, /Attraction_Review-g2187454-d8497096-Reviews-Chiesa_di_San_Michele_Arcangelo-Zoppola_Province_of_Pordenone_Friuli_Venezia_Giu.html, /Attractions-g2187454-Activities-Zoppola_Province_of_Pordenone_Friuli_Venezia_Giulia.html
Chiesa di San Lorenzo Martire di Orcenico Superiore, 3.0, Sights & Landmarks, /Attraction_Review-g2187454-d10737002-Reviews-Chiesa_di_San_Lorenzo_Martire_di_Orcenico_Superiore-Zoppola_Province_of_Pordeno.html, /Attractions-g2187454-Activities-Zoppola_Province_of_Pordenone_Friuli_Venezia_Giulia.html
Chiesa di Santa Maria di Cusano, 3.0, Sights & Landmarks, /Attraction_Review-g2187454-d10731149-Reviews-Chiesa_di_Santa_Maria_di_Cusano-Zoppola_Province_of_Pordenone_Friuli_Venezia_Gi.html, /Attractions-g2187454-Activities-Zoppola_Province_of_Pordenone_Friuli_Venezia_Giulia.html
Chiesa di San Marco di Castions, 3.0, Sights & Landmarks, /Attraction_Review-g2187454-d10730985-Reviews-Chiesa_di_San_Marco_di_Castions-Zoppola_Province_of_Pordenone_Friuli_Venezia_Gi.html, /Attractions-g2187454-Activities-Zoppola_Province_of_Pordenone_Friuli_Venezia_Giulia.html
Chiesa dei Santi Valentino e Rocco, 3.0, Sights & Landmarks, /Attraction_Review-g2187454-d10731177-Reviews-Chiesa_dei_Santi_Valentino_e_Rocco-Zoppola_Province_of_Pordenone_Friuli_Venezia.html, /Attractions-g2187454-Activities-Zoppola_Province_of_Pordenone_Friuli_Venezia_Giulia.html
Planet Fun, 3.5, Fun & Games, /Attraction_Review-g2187454-d5449990-Reviews-Planet_Fun-Zoppola_Province_of_Pordenone_Friuli_Venezia_Giulia.html, /Attractions-g2187454-Activities-Zoppola_Province_of_Pordenone_Friuli_Venezia_Giulia.html
Apicoltura Ornella, 4.0, Shopping, /Attraction_Review-g2187454-d12216132-Reviews-Apicoltura_Ornella-Zoppola_Province_of_Pordenone_Friuli_Venezia_Giulia.html, /Attractions-g2187454-Activities-Zoppola_Province_of_Pordenone_Friuli_Venezia_Giulia.html
Lì Blachis, None, Nature & Parks, /Attraction_Review-g2187454-d11931442-Reviews-Li_Blachis-Zoppola_Province_of_Pordenone_Friuli_Venezia_Giulia.html, /Attractions-g2187454-Activities-Zoppola_Province_of_Pordenone_Friuli_Venezia_Giulia.html
Room Rose, None, Shopping, /Attraction_Review-g2187454-d12071129-Reviews-Room_Rose-Zoppola_Province_of_Pordenone_Friuli_Venezia_Giulia.html, /Attractions-g2187454-Activities-Zoppola_Province_of_Pordenone_Friuli_Venezia_Giulia.html
Chiesetta di Santo Stefano in Cevraja, None, Sights & Landmarks, /Attraction_Review-g2187454-d12704765-Reviews-Chiesetta_di_Santo_Stefano_in_Cevraja-Zoppola_Province_of_Pordenone_Friuli_Vene.html, /Attractions-g2187454-Activities-Zoppola_Province_of_Pordenone_Friuli_Venezia_Giulia.html
Francesca Verardo Ceramic Objects &amp; Jewels, None, Shopping, /Attraction_Review-g2187454-d12637383-Reviews-Francesca_Verardo_Ceramic_Objects_Jewels-Zoppola_Province_of_Pordenone_Friuli_V.html, /Attractions-g2187454-Activities-Zoppola_Province_of_Pordenone_Friuli_Venezia_Giulia.html
Cantine Da Dalt - Coda Delle More, None, Food & Drink, /Attraction_Review-g2187454-d20978047-Reviews-Cantine_Da_Dalt_Coda_Delle_More-Zoppola_Province_of_Pordenone_Friuli_Venezia_Gi.html, /Attractions-g2187454-Activities-Zoppola_Province_of_Pordenone_Friuli_Venezia_Giulia.html
