attraction_name, attraction_rate, attraction_type, attraction_url, attraction_parent_url
Museo del Gabinetto di Fisica dell'Università, 4.0, Museums, /Attraction_Review-g187797-d12654675-Reviews-Museo_del_Gabinetto_di_Fisica_dell_Universita-Urbino_Province_of_Pesaro_and_Urbi.html, /Attractions-g187797-Activities-Urbino_Province_of_Pesaro_and_Urbino_Marche.html
Santuario Del Sacro Cuore, 3.0, Sights & Landmarks, /Attraction_Review-g187797-d15289911-Reviews-Santuario_Del_Sacro_Cuore-Urbino_Province_of_Pesaro_and_Urbino_Marche.html, /Attractions-g187797-Activities-Urbino_Province_of_Pesaro_and_Urbino_Marche.html
Palazzo Della Cappella Musicale Del Santissimo Sacramento, 2.5, Sights & Landmarks, /Attraction_Review-g187797-d9454010-Reviews-Palazzo_Della_Cappella_Musicale_Del_Santissimo_Sacramento-Urbino_Province_of_Pesa.html, /Attractions-g187797-Activities-Urbino_Province_of_Pesaro_and_Urbino_Marche.html
Palazzo del Municipio, 3.0, Sights & Landmarks, /Attraction_Review-g187797-d8873250-Reviews-Palazzo_del_Municipio-Urbino_Province_of_Pesaro_and_Urbino_Marche.html, /Attractions-g187797-Activities-Urbino_Province_of_Pesaro_and_Urbino_Marche.html
Piazza della Repubblica, 3.5, Sights & Landmarks, /Attraction_Review-g187797-d17448880-Reviews-Piazza_della_Repubblica-Urbino_Province_of_Pesaro_and_Urbino_Marche.html, /Attractions-g187797-Activities-Urbino_Province_of_Pesaro_and_Urbino_Marche.html
Oratorio di Santa Croce, None, Sights & Landmarks, /Attraction_Review-g187797-d13366157-Reviews-Oratorio_di_Santa_Croce-Urbino_Province_of_Pesaro_and_Urbino_Marche.html, /Attractions-g187797-Activities-Urbino_Province_of_Pesaro_and_Urbino_Marche.html
Monastero di Santa Caterina d'Alessandria, None, Sights & Landmarks, /Attraction_Review-g187797-d13366053-Reviews-Monastero_di_Santa_Caterina_d_Alessandria-Urbino_Province_of_Pesaro_and_Urbino_M.html, /Attractions-g187797-Activities-Urbino_Province_of_Pesaro_and_Urbino_Marche.html
Chiesa di Santa Caterina, None, Sights & Landmarks, /Attraction_Review-g187797-d17450802-Reviews-Chiesa_di_Santa_Caterina-Urbino_Province_of_Pesaro_and_Urbino_Marche.html, /Attractions-g187797-Activities-Urbino_Province_of_Pesaro_and_Urbino_Marche.html
Chiesa dei Cappuccini, None, Sights & Landmarks, /Attraction_Review-g187797-d16644575-Reviews-Chiesa_dei_Cappuccini-Urbino_Province_of_Pesaro_and_Urbino_Marche.html, /Attractions-g187797-Activities-Urbino_Province_of_Pesaro_and_Urbino_Marche.html
Abbazia dei Santi Giacomo e Filippo, None, Sights & Landmarks, /Attraction_Review-g187797-d16644687-Reviews-Abbazia_dei_Santi_Giacomo_e_Filippo-Urbino_Province_of_Pesaro_and_Urbino_Marche.html, /Attractions-g187797-Activities-Urbino_Province_of_Pesaro_and_Urbino_Marche.html
Chiesa di Sant'Agostino, None, Sights & Landmarks, /Attraction_Review-g187797-d16644684-Reviews-Chiesa_di_Sant_Agostino-Urbino_Province_of_Pesaro_and_Urbino_Marche.html, /Attractions-g187797-Activities-Urbino_Province_of_Pesaro_and_Urbino_Marche.html
Haiku.Store, None, Shopping, /Attraction_Review-g187797-d19798843-Reviews-Haiku_Store-Urbino_Province_of_Pesaro_and_Urbino_Marche.html, /Attractions-g187797-Activities-Urbino_Province_of_Pesaro_and_Urbino_Marche.html
Chiesa Di San Cassiano In Urbino, None, Sights & Landmarks, /Attraction_Review-g187797-d20982589-Reviews-Chiesa_Di_San_Cassiano_In_Urbino-Urbino_Province_of_Pesaro_and_Urbino_Marche.html, /Attractions-g187797-Activities-Urbino_Province_of_Pesaro_and_Urbino_Marche.html
