attraction_name, attraction_rate, attraction_type, attraction_url, attraction_parent_url
Chisa San Sebastiano, 5.0, Sights & Landmarks, /Attraction_Review-g7109697-d15309343-Reviews-Chisa_San_Sebastiano-Marnate_Province_of_Varese_Lombardy.html, /Attractions-g7109697-Activities-Marnate_Province_of_Varese_Lombardy.html
Chiesa di San Pietro e Paolo, None, Sights & Landmarks, /Attraction_Review-g7109697-d15307259-Reviews-Chiesa_di_San_Pietro_e_Paolo-Marnate_Province_of_Varese_Lombardy.html, /Attractions-g7109697-Activities-Marnate_Province_of_Varese_Lombardy.html
Chiesa dei SS. Rocco e Sebastiano, None, Sights & Landmarks, /Attraction_Review-g7109697-d15309331-Reviews-Chiesa_dei_SS_Rocco_e_Sebastiano-Marnate_Province_of_Varese_Lombardy.html, /Attractions-g7109697-Activities-Marnate_Province_of_Varese_Lombardy.html
Biblioteca Comunale, None, Traveller Resources, /Attraction_Review-g7109697-d15309347-Reviews-Biblioteca_Comunale-Marnate_Province_of_Varese_Lombardy.html, /Attractions-g7109697-Activities-Marnate_Province_of_Varese_Lombardy.html
