attraction_name, attraction_rate, attraction_type, attraction_url, attraction_parent_url
Movieland Park, 4.0, Water & Amusement Parks, /Attraction_Review-g194789-d1885437-Reviews-Movieland_Park-Lazise_Province_of_Verona_Veneto.html, /Attractions-g194789-Activities-Lazise_Province_of_Verona_Veneto.html
Lungolago di Lazise, 4.5, Sights & Landmarks, /Attraction_Review-g194789-d6415933-Reviews-Lungolago_di_Lazise-Lazise_Province_of_Verona_Veneto.html, /Attractions-g194789-Activities-Lazise_Province_of_Verona_Veneto.html
Bergamini Azienda Agricola, 5.0, Food & Drink, /Attraction_Review-g1201971-d17487642-Reviews-Bergamini_Azienda_Agricola-Cola_Lazise_Province_of_Verona_Veneto.html, /Attractions-g194789-Activities-Lazise_Province_of_Verona_Veneto.html
Mura di Lazise, 4.5, Sights & Landmarks, /Attraction_Review-g194789-d6415934-Reviews-Mura_di_Lazise-Lazise_Province_of_Verona_Veneto.html, /Attractions-g194789-Activities-Lazise_Province_of_Verona_Veneto.html
Apicoltura Morati, 5.0, Food & Drink, /Attraction_Review-g1201971-d13090241-Reviews-Apicoltura_Morati-Cola_Lazise_Province_of_Verona_Veneto.html, /Attractions-g194789-Activities-Lazise_Province_of_Verona_Veneto.html
Caneva - The Aquapark, 3.5, Water & Amusement Parks, /Attraction_Review-g194789-d3374504-Reviews-Caneva_The_Aquapark-Lazise_Province_of_Verona_Veneto.html, /Attractions-g194789-Activities-Lazise_Province_of_Verona_Veneto.html
IAT Tourism Lazise, 4.5, Traveller Resources, /Attraction_Review-g194789-d13823695-Reviews-IAT_Tourism_Lazise-Lazise_Province_of_Verona_Veneto.html, /Attractions-g194789-Activities-Lazise_Province_of_Verona_Veneto.html
Chiesa San Zenone e Martino, 4.0, Sights & Landmarks, /Attraction_Review-g194789-d10593539-Reviews-Chiesa_San_Zenone_e_Martino-Lazise_Province_of_Verona_Veneto.html, /Attractions-g194789-Activities-Lazise_Province_of_Verona_Veneto.html
Tinazzi, 4.5, Food & Drink, /Attraction_Review-g194789-d12244959-Reviews-Tinazzi-Lazise_Province_of_Verona_Veneto.html, /Attractions-g194789-Activities-Lazise_Province_of_Verona_Veneto.html
Chiesa di San Nicolo, 4.0, Sights & Landmarks, /Attraction_Review-g194789-d6430619-Reviews-Chiesa_di_San_Nicolo-Lazise_Province_of_Verona_Veneto.html, /Attractions-g194789-Activities-Lazise_Province_of_Verona_Veneto.html
Bottega d'Arte Benaco, 4.5, Museums, /Attraction_Review-g194789-d7131984-Reviews-Bottega_d_Arte_Benaco-Lazise_Province_of_Verona_Veneto.html, /Attractions-g194789-Activities-Lazise_Province_of_Verona_Veneto.html
Castello Scaligero, 4.0, Sights & Landmarks, /Attraction_Review-g194789-d15237741-Reviews-Castello_Scaligero-Lazise_Province_of_Verona_Veneto.html, /Attractions-g194789-Activities-Lazise_Province_of_Verona_Veneto.html
Chiesetta dei Santi Fermo e Rustico, 5.0, Sights & Landmarks, /Attraction_Review-g194789-d8782908-Reviews-Chiesetta_dei_Santi_Fermo_e_Rustico-Lazise_Province_of_Verona_Veneto.html, /Attractions-g194789-Activities-Lazise_Province_of_Verona_Veneto.html
Chiesetta di Santa Maria delle Grazie, 4.0, Sights & Landmarks, /Attraction_Review-g194789-d8782913-Reviews-Chiesetta_di_Santa_Maria_delle_Grazie-Lazise_Province_of_Verona_Veneto.html, /Attractions-g194789-Activities-Lazise_Province_of_Verona_Veneto.html
Monumento ai caduti di Lazise, 3.5, Sights & Landmarks, /Attraction_Review-g194789-d15265773-Reviews-Monumento_ai_caduti_di_Lazise-Lazise_Province_of_Verona_Veneto.html, /Attractions-g194789-Activities-Lazise_Province_of_Verona_Veneto.html
Chiesa di San Giovanni Battista, 4.0, Sights & Landmarks, /Attraction_Review-g1187107-d8782919-Reviews-Chiesa_di_San_Giovanni_Battista-Pacengo_Lazise_Province_of_Verona_Veneto.html, /Attractions-g194789-Activities-Lazise_Province_of_Verona_Veneto.html
Parco Termale del Garda, 4.0, Spas & Wellness, /Attraction_Review-g1201971-d2161452-Reviews-Parco_Termale_del_Garda-Cola_Lazise_Province_of_Verona_Veneto.html, /Attractions-g194789-Activities-Lazise_Province_of_Verona_Veneto.html
CittaDiLazise, 5.0, Food & Drink, /Attraction_Review-g194789-d16739328-Reviews-CittaDiLazise-Lazise_Province_of_Verona_Veneto.html, /Attractions-g194789-Activities-Lazise_Province_of_Verona_Veneto.html
Rental Vespa Lazise, 5.0, Tours, /Attraction_Review-g194789-d12295787-Reviews-Rental_Vespa_Lazise-Lazise_Province_of_Verona_Veneto.html, /Attractions-g194789-Activities-Lazise_Province_of_Verona_Veneto.html
Glpstudio, 5.0, Tours, /Attraction_Review-g194789-d12286665-Reviews-Glpstudio-Lazise_Province_of_Verona_Veneto.html, /Attractions-g194789-Activities-Lazise_Province_of_Verona_Veneto.html
Summertime Boat Rent, 4.5, Boat Tours & Water Sports, /Attraction_Review-g194789-d12584365-Reviews-Summertime_Boat_Rent-Lazise_Province_of_Verona_Veneto.html, /Attractions-g194789-Activities-Lazise_Province_of_Verona_Veneto.html
Garda Charter SNC, 4.5, Boat Tours & Water Sports, /Attraction_Review-g194789-d6546869-Reviews-Garda_Charter_SNC-Lazise_Province_of_Verona_Veneto.html, /Attractions-g194789-Activities-Lazise_Province_of_Verona_Veneto.html
Wild Fishing Experience, 5.0, Boat Tours & Water Sports, /Attraction_Review-g1187107-d12612504-Reviews-Wild_Fishing_Experience-Pacengo_Lazise_Province_of_Verona_Veneto.html, /Attractions-g194789-Activities-Lazise_Province_of_Verona_Veneto.html
Manufacto Galleria Artigiana, 5.0, Shopping, /Attraction_Review-g194789-d4995289-Reviews-Manufacto_Galleria_Artigiana-Lazise_Province_of_Verona_Veneto.html, /Attractions-g194789-Activities-Lazise_Province_of_Verona_Veneto.html
Veronesi - Frantoio per Olive dal 1918, 5.0, Shopping, /Attraction_Review-g194789-d12460866-Reviews-Veronesi_Frantoio_per_Olive_dal_1918-Lazise_Province_of_Verona_Veneto.html, /Attractions-g194789-Activities-Lazise_Province_of_Verona_Veneto.html
Gardawake Watersports, 4.0, Outdoor Activities, /Attraction_Review-g194789-d6440193-Reviews-Gardawake_Watersports-Lazise_Province_of_Verona_Veneto.html, /Attractions-g194789-Activities-Lazise_Province_of_Verona_Veneto.html
Luca Pannone, 5.0, Food & Drink, /Attraction_Review-g194789-d17785633-Reviews-Luca_Pannone-Lazise_Province_of_Verona_Veneto.html, /Attractions-g194789-Activities-Lazise_Province_of_Verona_Veneto.html
Play Village, 5.0, Fun & Games, /Attraction_Review-g194789-d13961829-Reviews-Play_Village-Lazise_Province_of_Verona_Veneto.html, /Attractions-g194789-Activities-Lazise_Province_of_Verona_Veneto.html
Rent a Boat da Gianni, 5.0, Boat Tours & Water Sports, /Attraction_Review-g194789-d15121394-Reviews-Rent_a_Boat_da_Gianni-Lazise_Province_of_Verona_Veneto.html, /Attractions-g194789-Activities-Lazise_Province_of_Verona_Veneto.html
La Botega 1927, 3.5, Nightlife, /Attraction_Review-g194789-d15564429-Reviews-La_Botega_1927-Lazise_Province_of_Verona_Veneto.html, /Attractions-g194789-Activities-Lazise_Province_of_Verona_Veneto.html
