attraction_name, attraction_rate, attraction_type, attraction_url, attraction_parent_url
Rio Verde Waterfall, 4.5, Nature & Parks, /Attraction_Review-g1078290-d6650687-Reviews-Rio_Verde_Waterfall-Borrello_Province_of_Chieti_Abruzzo.html, /Attractions-g1078290-Activities-Borrello_Province_of_Chieti_Abruzzo.html
Chiesa di Sant'Antonio, 4.5, Sights & Landmarks, /Attraction_Review-g1078290-d9559277-Reviews-Chiesa_di_Sant_Antonio-Borrello_Province_of_Chieti_Abruzzo.html, /Attractions-g1078290-Activities-Borrello_Province_of_Chieti_Abruzzo.html
Centro storico di Borrello, 4.5, Sights & Landmarks, /Attraction_Review-g1078290-d15013455-Reviews-Centro_storico_di_Borrello-Borrello_Province_of_Chieti_Abruzzo.html, /Attractions-g1078290-Activities-Borrello_Province_of_Chieti_Abruzzo.html
Chiesa di Sant'Egidio, 4.0, Sights & Landmarks, /Attraction_Review-g1078290-d9559274-Reviews-Chiesa_di_Sant_Egidio-Borrello_Province_of_Chieti_Abruzzo.html, /Attractions-g1078290-Activities-Borrello_Province_of_Chieti_Abruzzo.html
Palazzo Baronale, 4.0, Sights & Landmarks, /Attraction_Review-g1078290-d14081873-Reviews-Palazzo_Baronale-Borrello_Province_of_Chieti_Abruzzo.html, /Attractions-g1078290-Activities-Borrello_Province_of_Chieti_Abruzzo.html
Rio Verde Tartufi, 5.0, Shopping, /Attraction_Review-g1078290-d8555103-Reviews-Rio_Verde_Tartufi-Borrello_Province_of_Chieti_Abruzzo.html, /Attractions-g1078290-Activities-Borrello_Province_of_Chieti_Abruzzo.html
Museo Civico Memorie d’Arte Contadina, None, Museums, /Attraction_Review-g1078290-d12934034-Reviews-Museo_Civico_Memorie_d_Arte_Contadina-Borrello_Province_of_Chieti_Abruzzo.html, /Attractions-g1078290-Activities-Borrello_Province_of_Chieti_Abruzzo.html
Villa comunale, None, Nature & Parks, /Attraction_Review-g1078290-d17566652-Reviews-Villa_comunale-Borrello_Province_of_Chieti_Abruzzo.html, /Attractions-g1078290-Activities-Borrello_Province_of_Chieti_Abruzzo.html
