attraction_name, attraction_rate, attraction_type, attraction_url, attraction_parent_url
Giardini De Nittis, 4.0, Nature & Parks, /Attraction_Review-g670813-d13201956-Reviews-Giardini_De_Nittis-Barletta_Province_of_Barletta_Andria_Trani_Puglia.html, /Attractions-g670813-Activities-Barletta_Province_of_Barletta_Andria_Trani_Puglia.html
Fontana di Mbruscilicchio, 3.0, Sights & Landmarks, /Attraction_Review-g670813-d13201965-Reviews-Fontana_di_Mbruscilicchio-Barletta_Province_of_Barletta_Andria_Trani_Puglia.html, /Attractions-g670813-Activities-Barletta_Province_of_Barletta_Andria_Trani_Puglia.html
Palazzo Gentile, 4.0, Sights & Landmarks, /Attraction_Review-g670813-d13748246-Reviews-Palazzo_Gentile-Barletta_Province_of_Barletta_Andria_Trani_Puglia.html, /Attractions-g670813-Activities-Barletta_Province_of_Barletta_Andria_Trani_Puglia.html
Palazzo del Real Monte di Pieta, 3.0, Sights & Landmarks, /Attraction_Review-g670813-d13748310-Reviews-Palazzo_del_Real_Monte_di_Pieta-Barletta_Province_of_Barletta_Andria_Trani_Pugli.html, /Attractions-g670813-Activities-Barletta_Province_of_Barletta_Andria_Trani_Puglia.html
Chiesa dello Spirito Santo, 3.5, Sights & Landmarks, /Attraction_Review-g670813-d13201964-Reviews-Chiesa_dello_Spirito_Santo-Barletta_Province_of_Barletta_Andria_Trani_Puglia.html, /Attractions-g670813-Activities-Barletta_Province_of_Barletta_Andria_Trani_Puglia.html
Palazzo Bonelli, 1.0, Sights & Landmarks, /Attraction_Review-g670813-d13748249-Reviews-Palazzo_Bonelli-Barletta_Province_of_Barletta_Andria_Trani_Puglia.html, /Attractions-g670813-Activities-Barletta_Province_of_Barletta_Andria_Trani_Puglia.html
Palazzo Affaitati, 1.0, Sights & Landmarks, /Attraction_Review-g670813-d13748331-Reviews-Palazzo_Affaitati-Barletta_Province_of_Barletta_Andria_Trani_Puglia.html, /Attractions-g670813-Activities-Barletta_Province_of_Barletta_Andria_Trani_Puglia.html
Chiesa di Sant'Andrea, 4.0, Sights & Landmarks, /Attraction_Review-g670813-d13748316-Reviews-Chiesa_di_Sant_Andrea-Barletta_Province_of_Barletta_Andria_Trani_Puglia.html, /Attractions-g670813-Activities-Barletta_Province_of_Barletta_Andria_Trani_Puglia.html
Lido Massawa, None, Nature & Parks, /Attraction_Review-g670813-d12945478-Reviews-Lido_Massawa-Barletta_Province_of_Barletta_Andria_Trani_Puglia.html, /Attractions-g670813-Activities-Barletta_Province_of_Barletta_Andria_Trani_Puglia.html
Santuario del Cuore Immacolato di Maria, None, Sights & Landmarks, /Attraction_Review-g670813-d13202139-Reviews-Santuario_del_Cuore_Immacolato_di_Maria-Barletta_Province_of_Barletta_Andria_Tra.html, /Attractions-g670813-Activities-Barletta_Province_of_Barletta_Andria_Trani_Puglia.html
Convento dei Frati Minori Cappuccini, None, Sights & Landmarks, /Attraction_Review-g670813-d13201960-Reviews-Convento_dei_Frati_Minori_Cappuccini-Barletta_Province_of_Barletta_Andria_Trani_.html, /Attractions-g670813-Activities-Barletta_Province_of_Barletta_Andria_Trani_Puglia.html
Villa Bonelli, None, Nature & Parks, /Attraction_Review-g670813-d13201972-Reviews-Villa_Bonelli-Barletta_Province_of_Barletta_Andria_Trani_Puglia.html, /Attractions-g670813-Activities-Barletta_Province_of_Barletta_Andria_Trani_Puglia.html
Stadio Cosimo Puttilli, None, Sights & Landmarks, /Attraction_Review-g670813-d13748265-Reviews-Stadio_Cosimo_Puttilli-Barletta_Province_of_Barletta_Andria_Trani_Puglia.html, /Attractions-g670813-Activities-Barletta_Province_of_Barletta_Andria_Trani_Puglia.html
Rievocazione storica della Disfida, None, Events, /Attraction_Review-g670813-d18955284-Reviews-Rievocazione_storica_della_Disfida-Barletta_Province_of_Barletta_Andria_Trani_Pu.html, /Attractions-g670813-Activities-Barletta_Province_of_Barletta_Andria_Trani_Puglia.html
Chiesa di San Cataldo, None, Sights & Landmarks, /Attraction_Review-g670813-d17810127-Reviews-Chiesa_di_San_Cataldo-Barletta_Province_of_Barletta_Andria_Trani_Puglia.html, /Attractions-g670813-Activities-Barletta_Province_of_Barletta_Andria_Trani_Puglia.html
Cittadella della Musica Concentrazionaria, None, Museums, /Attraction_Review-g670813-d21172910-Reviews-Cittadella_della_Musica_Concentrazionaria-Barletta_Province_of_Barletta_Andria_T.html, /Attractions-g670813-Activities-Barletta_Province_of_Barletta_Andria_Trani_Puglia.html
Chiesa Greco-Ortodossa Della Madonna Degli Angeli Di Barletta (Chiesa dei Greci), None, Sights & Landmarks, /Attraction_Review-g670813-d21373754-Reviews-Chiesa_Greco_Ortodossa_Della_Madonna_Degli_Angeli_Di_Barletta_Chiesa_dei_Greci-B.html, /Attractions-g670813-Activities-Barletta_Province_of_Barletta_Andria_Trani_Puglia.html
