attraction_name, attraction_rate, attraction_type, attraction_url, attraction_parent_url
Palazzo delle Poste e dei Telegrafi, 4.0, Sights & Landmarks, /Attraction_Review-g230071-d12968826-Reviews-Palazzo_delle_Poste_e_dei_Telegrafi-Forli_Province_of_Forli_Cesena_Emilia_Romagn.html, /Attractions-g230071-Activities-Forli_Province_of_Forli_Cesena_Emilia_Romagna.html
Palazzo Del Vecchio Collegio Aeronautico, 4.0, Sights & Landmarks, /Attraction_Review-g230071-d9704972-Reviews-Palazzo_Del_Vecchio_Collegio_Aeronautico-Forli_Province_of_Forli_Cesena_Emilia_Ro.html, /Attractions-g230071-Activities-Forli_Province_of_Forli_Cesena_Emilia_Romagna.html
Chiesa di Santa Maria della Visitazione o del Suffragio, 4.0, Sights & Landmarks, /Attraction_Review-g230071-d12968857-Reviews-Chiesa_di_Santa_Maria_della_Visitazione_o_del_Suffragio-Forli_Province_of_Forli_.html, /Attractions-g230071-Activities-Forli_Province_of_Forli_Cesena_Emilia_Romagna.html
Teatro Diego Fabbri, 4.5, Concerts & Shows, /Attraction_Review-g230071-d12461990-Reviews-Teatro_Diego_Fabbri-Forli_Province_of_Forli_Cesena_Emilia_Romagna.html, /Attractions-g230071-Activities-Forli_Province_of_Forli_Cesena_Emilia_Romagna.html
Museo Ornitologico Ferrante Foschi, 3.5, Museums, /Attraction_Review-g230071-d8560159-Reviews-Museo_Ornitologico_Ferrante_Foschi-Forli_Province_of_Forli_Cesena_Emilia_Romagna.html, /Attractions-g230071-Activities-Forli_Province_of_Forli_Cesena_Emilia_Romagna.html
Torre Numai, 3.5, Sights & Landmarks, /Attraction_Review-g230071-d9704973-Reviews-Torre_Numai-Forli_Province_of_Forli_Cesena_Emilia_Romagna.html, /Attractions-g230071-Activities-Forli_Province_of_Forli_Cesena_Emilia_Romagna.html
Drei Dona -Tenuta La Palazza, 4.5, Food & Drink, /Attraction_Review-g230071-d4755773-Reviews-Drei_Dona_Tenuta_La_Palazza-Forli_Province_of_Forli_Cesena_Emilia_Romagna.html, /Attractions-g230071-Activities-Forli_Province_of_Forli_Cesena_Emilia_Romagna.html
Palazzo Paulucci, 4.0, Sights & Landmarks, /Attraction_Review-g230071-d8178526-Reviews-Palazzo_Paulucci-Forli_Province_of_Forli_Cesena_Emilia_Romagna.html, /Attractions-g230071-Activities-Forli_Province_of_Forli_Cesena_Emilia_Romagna.html
Torre Nera Forli, 5.0, Sights & Landmarks, /Attraction_Review-g230071-d4559691-Reviews-Torre_Nera_Forli-Forli_Province_of_Forli_Cesena_Emilia_Romagna.html, /Attractions-g230071-Activities-Forli_Province_of_Forli_Cesena_Emilia_Romagna.html
Chiesa di Santa Maria del Fiore, 4.0, Sights & Landmarks, /Attraction_Review-g230071-d9796592-Reviews-Chiesa_di_Santa_Maria_del_Fiore-Forli_Province_of_Forli_Cesena_Emilia_Romagna.html, /Attractions-g230071-Activities-Forli_Province_of_Forli_Cesena_Emilia_Romagna.html
Pinacoteca Civica Melozzo degli Ambrogi, 4.5, Museums, /Attraction_Review-g230071-d2346398-Reviews-Pinacoteca_Civica_Melozzo_degli_Ambrogi-Forli_Province_of_Forli_Cesena_Emilia_Rom.html, /Attractions-g230071-Activities-Forli_Province_of_Forli_Cesena_Emilia_Romagna.html
Chiesa di Santa Lucia, 4.0, Sights & Landmarks, /Attraction_Review-g230071-d9796595-Reviews-Chiesa_di_Santa_Lucia-Forli_Province_of_Forli_Cesena_Emilia_Romagna.html, /Attractions-g230071-Activities-Forli_Province_of_Forli_Cesena_Emilia_Romagna.html
Parrocchia di S. Antonio Abate in Ravaldino, 4.0, Sights & Landmarks, /Attraction_Review-g230071-d9796565-Reviews-Parrocchia_di_S_Antonio_Abate_in_Ravaldino-Forli_Province_of_Forli_Cesena_Emilia_.html, /Attractions-g230071-Activities-Forli_Province_of_Forli_Cesena_Emilia_Romagna.html
Chiesa di San Nicolò in Vecchiazzano, 5.0, Sights & Landmarks, /Attraction_Review-g230071-d12093916-Reviews-Chiesa_di_San_Nicolo_in_Vecchiazzano-Forli_Province_of_Forli_Cesena_Emilia_Romag.html, /Attractions-g230071-Activities-Forli_Province_of_Forli_Cesena_Emilia_Romagna.html
Oratorio di San Sebastiano, 3.5, Sights & Landmarks, /Attraction_Review-g230071-d9796569-Reviews-Oratorio_di_San_Sebastiano-Forli_Province_of_Forli_Cesena_Emilia_Romagna.html, /Attractions-g230071-Activities-Forli_Province_of_Forli_Cesena_Emilia_Romagna.html
Palazzo Guarini, 5.0, Sights & Landmarks, /Attraction_Review-g230071-d12473761-Reviews-Palazzo_Guarini-Forli_Province_of_Forli_Cesena_Emilia_Romagna.html, /Attractions-g230071-Activities-Forli_Province_of_Forli_Cesena_Emilia_Romagna.html
Chiesa del Miracolo della Madonna del Fuoco, 4.0, Sights & Landmarks, /Attraction_Review-g230071-d12473609-Reviews-Chiesa_del_Miracolo_della_Madonna_del_Fuoco-Forli_Province_of_Forli_Cesena_Emili.html, /Attractions-g230071-Activities-Forli_Province_of_Forli_Cesena_Emilia_Romagna.html
Chiesa del Carmine, 3.5, Sights & Landmarks, /Attraction_Review-g230071-d9796537-Reviews-Chiesa_del_Carmine-Forli_Province_of_Forli_Cesena_Emilia_Romagna.html, /Attractions-g230071-Activities-Forli_Province_of_Forli_Cesena_Emilia_Romagna.html
Museo Romagnolo del Teatro, 4.0, Museums, /Attraction_Review-g230071-d246571-Reviews-Museo_Romagnolo_del_Teatro-Forli_Province_of_Forli_Cesena_Emilia_Romagna.html, /Attractions-g230071-Activities-Forli_Province_of_Forli_Cesena_Emilia_Romagna.html
Glicine Manoni, 5.0, Sights & Landmarks, /Attraction_Review-g230071-d14071950-Reviews-Glicine_Manoni-Forli_Province_of_Forli_Cesena_Emilia_Romagna.html, /Attractions-g230071-Activities-Forli_Province_of_Forli_Cesena_Emilia_Romagna.html
Chiesa Regina Pacis, 5.0, Sights & Landmarks, /Attraction_Review-g230071-d12473626-Reviews-Chiesa_Regina_Pacis-Forli_Province_of_Forli_Cesena_Emilia_Romagna.html, /Attractions-g230071-Activities-Forli_Province_of_Forli_Cesena_Emilia_Romagna.html
Chiesa di San Giuseppe, 3.5, Sights & Landmarks, /Attraction_Review-g230071-d11667501-Reviews-Chiesa_di_San_Giuseppe-Forli_Province_of_Forli_Cesena_Emilia_Romagna.html, /Attractions-g230071-Activities-Forli_Province_of_Forli_Cesena_Emilia_Romagna.html
Murales di Luis Gomez, 4.0, Sights & Landmarks, /Attraction_Review-g230071-d14071900-Reviews-Murales_di_Luis_Gomez-Forli_Province_of_Forli_Cesena_Emilia_Romagna.html, /Attractions-g230071-Activities-Forli_Province_of_Forli_Cesena_Emilia_Romagna.html
Chiesa di San Giacomo Apostolo, 3.5, Sights & Landmarks, /Attraction_Review-g230071-d17353111-Reviews-Chiesa_di_San_Giacomo_Apostolo-Forli_Province_of_Forli_Cesena_Emilia_Romagna.html, /Attractions-g230071-Activities-Forli_Province_of_Forli_Cesena_Emilia_Romagna.html
Chiesa di San Giuseppe Artigiano, 5.0, Sights & Landmarks, /Attraction_Review-g230071-d12473657-Reviews-Chiesa_di_San_Giuseppe_Artigiano-Forli_Province_of_Forli_Cesena_Emilia_Romagna.html, /Attractions-g230071-Activities-Forli_Province_of_Forli_Cesena_Emilia_Romagna.html
La cicala e la Formica, 5.0, Sights & Landmarks, /Attraction_Review-g230071-d14192831-Reviews-La_cicala_e_la_Formica-Forli_Province_of_Forli_Cesena_Emilia_Romagna.html, /Attractions-g230071-Activities-Forli_Province_of_Forli_Cesena_Emilia_Romagna.html
Chiesa di San Filippo Neri, 3.5, Sights & Landmarks, /Attraction_Review-g230071-d9792798-Reviews-Chiesa_di_San_Filippo_Neri-Forli_Province_of_Forli_Cesena_Emilia_Romagna.html, /Attractions-g230071-Activities-Forli_Province_of_Forli_Cesena_Emilia_Romagna.html
Palazzo Communale, 3.5, Sights & Landmarks, /Attraction_Review-g230071-d12968830-Reviews-Palazzo_Communale-Forli_Province_of_Forli_Cesena_Emilia_Romagna.html, /Attractions-g230071-Activities-Forli_Province_of_Forli_Cesena_Emilia_Romagna.html
Casa Palmeggiani, 4.0, Sights & Landmarks, /Attraction_Review-g230071-d7364140-Reviews-Casa_Palmeggiani-Forli_Province_of_Forli_Cesena_Emilia_Romagna.html, /Attractions-g230071-Activities-Forli_Province_of_Forli_Cesena_Emilia_Romagna.html
Casa natale di Aurelio Saffi, 2.5, Sights & Landmarks, /Attraction_Review-g230071-d11737714-Reviews-Casa_natale_di_Aurelio_Saffi-Forli_Province_of_Forli_Cesena_Emilia_Romagna.html, /Attractions-g230071-Activities-Forli_Province_of_Forli_Cesena_Emilia_Romagna.html
