attraction_name, attraction_rate, attraction_type, attraction_url, attraction_parent_url
Centro Storico di Sant'Agata de' Goti, 4.5, Sights & Landmarks, /Attraction_Review-g1062580-d7140161-Reviews-Centro_Storico_di_Sant_Agata_de_Goti-Sant_Agata_de_Goti_Province_of_Benevento_Ca.html, /Attractions-g1062580-Activities-Sant_Agata_de_Goti_Province_of_Benevento_Campania.html
Agriturismo L'Ape Regina, 4.5, Sights & Landmarks, /Attraction_Review-g1062580-d2244368-Reviews-Agriturismo_L_Ape_Regina-Sant_Agata_de_Goti_Province_of_Benevento_Campania.html, /Attractions-g1062580-Activities-Sant_Agata_de_Goti_Province_of_Benevento_Campania.html
Ponte sul Martorano, 4.5, Sights & Landmarks, /Attraction_Review-g1062580-d8821764-Reviews-Ponte_sul_Martorano-Sant_Agata_de_Goti_Province_of_Benevento_Campania.html, /Attractions-g1062580-Activities-Sant_Agata_de_Goti_Province_of_Benevento_Campania.html
La Fattoria di Biancaneve e i Sette Nani, 4.0, Sights & Landmarks, /Attraction_Review-g1062580-d10086141-Reviews-La_Fattoria_di_Biancaneve_e_i_Sette_Nani-Sant_Agata_de_Goti_Province_of_Beneven.html, /Attractions-g1062580-Activities-Sant_Agata_de_Goti_Province_of_Benevento_Campania.html
Santissima Annunziata, 4.5, Sights & Landmarks, /Attraction_Review-g1062580-d10343480-Reviews-Santissima_Annunziata-Sant_Agata_de_Goti_Province_of_Benevento_Campania.html, /Attractions-g1062580-Activities-Sant_Agata_de_Goti_Province_of_Benevento_Campania.html
Duomo, 4.0, Sights & Landmarks, /Attraction_Review-g1062580-d6528018-Reviews-Duomo-Sant_Agata_de_Goti_Province_of_Benevento_Campania.html, /Attractions-g1062580-Activities-Sant_Agata_de_Goti_Province_of_Benevento_Campania.html
Chiesa di San Menna, 5.0, Sights & Landmarks, /Attraction_Review-g1062580-d11670870-Reviews-Chiesa_di_San_Menna-Sant_Agata_de_Goti_Province_of_Benevento_Campania.html, /Attractions-g1062580-Activities-Sant_Agata_de_Goti_Province_of_Benevento_Campania.html
Chiesa di San Francesco, 4.0, Sights & Landmarks, /Attraction_Review-g1062580-d10289319-Reviews-Chiesa_di_San_Francesco-Sant_Agata_de_Goti_Province_of_Benevento_Campania.html, /Attractions-g1062580-Activities-Sant_Agata_de_Goti_Province_of_Benevento_Campania.html
Le Segrete Di Palazzo Parisi, 3.5, Sights & Landmarks, /Attraction_Review-g1062580-d6350756-Reviews-Le_Segrete_Di_Palazzo_Parisi-Sant_Agata_de_Goti_Province_of_Benevento_Campania.html, /Attractions-g1062580-Activities-Sant_Agata_de_Goti_Province_of_Benevento_Campania.html
Parrocchia San Giuseppe Operaio, 3.0, Sights & Landmarks, /Attraction_Review-g1062580-d14803076-Reviews-Parrocchia_San_Giuseppe_Operaio-Sant_Agata_de_Goti_Province_of_Benevento_Campan.html, /Attractions-g1062580-Activities-Sant_Agata_de_Goti_Province_of_Benevento_Campania.html
Gelateria Normanno, 4.0, Nightlife, /Attraction_Review-g1062580-d5928781-Reviews-Gelateria_Normanno-Sant_Agata_de_Goti_Province_of_Benevento_Campania.html, /Attractions-g1062580-Activities-Sant_Agata_de_Goti_Province_of_Benevento_Campania.html
Azienda Agricola Campagnuolo, 4.5, Shopping, /Attraction_Review-g1062580-d9816440-Reviews-Azienda_Agricola_Campagnuolo-Sant_Agata_de_Goti_Province_of_Benevento_Campania.html, /Attractions-g1062580-Activities-Sant_Agata_de_Goti_Province_of_Benevento_Campania.html
Associazione Turistica Pro Loco Sant'Agata, 5.0, Traveller Resources, /Attraction_Review-g1062580-d12672311-Reviews-Associazione_Turistica_Pro_Loco_Sant_Agata-Sant_Agata_de_Goti_Province_of_Benev.html, /Attractions-g1062580-Activities-Sant_Agata_de_Goti_Province_of_Benevento_Campania.html
Cooking Class Agriturismo Mustilli, 5.0, Food & Drink, /Attraction_Review-g1062580-d6592100-Reviews-Cooking_Class_Agriturismo_Mustilli-Sant_Agata_de_Goti_Province_of_Benevento_Camp.html, /Attractions-g1062580-Activities-Sant_Agata_de_Goti_Province_of_Benevento_Campania.html
Biblioteca Michele Melenzio, None, Traveller Resources, /Attraction_Review-g1062580-d12672326-Reviews-Biblioteca_Michele_Melenzio-Sant_Agata_de_Goti_Province_of_Benevento_Campania.html, /Attractions-g1062580-Activities-Sant_Agata_de_Goti_Province_of_Benevento_Campania.html
Biblioteca Diocesana Sisto V, None, Traveller Resources, /Attraction_Review-g1062580-d12672313-Reviews-Biblioteca_Diocesana_Sisto_V-Sant_Agata_de_Goti_Province_of_Benevento_Campania.html, /Attractions-g1062580-Activities-Sant_Agata_de_Goti_Province_of_Benevento_Campania.html
Galleria Stabile d'Arte Contemporanea, None, Museums, /Attraction_Review-g1062580-d12672334-Reviews-Galleria_Stabile_d_Arte_Contemporanea-Sant_Agata_de_Goti_Province_of_Benevento_.html, /Attractions-g1062580-Activities-Sant_Agata_de_Goti_Province_of_Benevento_Campania.html
NapoliAlVolo, None, Tours, /Attraction_Review-g1062580-d18455085-Reviews-NapoliAlVolo-Sant_Agata_de_Goti_Province_of_Benevento_Campania.html, /Attractions-g1062580-Activities-Sant_Agata_de_Goti_Province_of_Benevento_Campania.html
Blanco's Crafted Cocktails, None, Nightlife, /Attraction_Review-g1062580-d21248121-Reviews-Blanco_s_Crafted_Cocktails-Sant_Agata_de_Goti_Province_of_Benevento_Campania.html, /Attractions-g1062580-Activities-Sant_Agata_de_Goti_Province_of_Benevento_Campania.html
Ponte Tagliola, None, Sights & Landmarks, /Attraction_Review-g1062580-d21214398-Reviews-Ponte_Tagliola-Sant_Agata_de_Goti_Province_of_Benevento_Campania.html, /Attractions-g1062580-Activities-Sant_Agata_de_Goti_Province_of_Benevento_Campania.html
Lavatoio Reullo di Sant'Agata de' Goti, None, Sights & Landmarks, /Attraction_Review-g1062580-d21214404-Reviews-Lavatoio_Reullo_di_Sant_Agata_de_Goti-Sant_Agata_de_Goti_Province_of_Benevento_.html, /Attractions-g1062580-Activities-Sant_Agata_de_Goti_Province_of_Benevento_Campania.html
