attraction_name, attraction_rate, attraction_type, attraction_url, attraction_parent_url
Spiaggia Cala D’Ambra, 3.5, Nature & Parks, /Attraction_Review-g652016-d12713503-Reviews-Spiaggia_Cala_D_Ambra-San_Teodoro_Province_of_Olbia_Tempio_Sardinia.html, /Attractions-g187879-Activities-Sardinia.html
Dolmen Luras, 4.5, Sights & Landmarks, /Attraction_Review-g1957821-d4281957-Reviews-Dolmen_Luras-Luras_Province_of_Olbia_Tempio_Sardinia.html, /Attractions-g187879-Activities-Sardinia.html
Le Dune Beach, 4.5, Nature & Parks, /Attraction_Review-g1226135-d8696693-Reviews-Le_Dune_Beach-Porto_Pino_Province_of_Carbonia_Iglesias_Sardinia.html, /Attractions-g187879-Activities-Sardinia.html
Cala Ghjlgolu, 4.0, Nature & Parks, /Attraction_Review-g6372964-d10683172-Reviews-Cala_Ghjlgolu-Loiri_Porto_San_Paolo_Province_of_Olbia_Tempio_Sardinia.html, /Attractions-g187879-Activities-Sardinia.html
Ottana, 4.5, Sights & Landmarks, /Attraction_Review-g187879-d247453-Reviews-Ottana-Sardinia.html, /Attractions-g187879-Activities-Sardinia.html
Parco di San Leonardo di Siete Fuentes, 4.5, Nature & Parks, /Attraction_Review-g1127397-d2279276-Reviews-Parco_di_San_Leonardo_di_Siete_Fuentes-Santu_Lussurgiu_Province_of_Oristano_Sard.html, /Attractions-g187879-Activities-Sardinia.html
Castello dei Doria, 4.0, Sights & Landmarks, /Attraction_Review-g2356066-d8004807-Reviews-Castello_dei_Doria-Santa_Maria_Coghinas_Province_of_Sassari_Sardinia.html, /Attractions-g187879-Activities-Sardinia.html
Centro Commerciale Porta Nuova, 4.0, Shopping, /Attraction_Review-g187884-d11831564-Reviews-Centro_Commerciale_Porta_Nuova-Oristano_Province_of_Oristano_Sardinia.html, /Attractions-g187879-Activities-Sardinia.html
Centro Storico, 3.5, Sights & Landmarks, /Attraction_Review-g187884-d12499139-Reviews-Centro_Storico-Oristano_Province_of_Oristano_Sardinia.html, /Attractions-g187879-Activities-Sardinia.html
Nuraghe Albucciu, 3.5, Sights & Landmarks, /Attraction_Review-g194675-d6534430-Reviews-Nuraghe_Albucciu-Arzachena_Province_of_Olbia_Tempio_Sardinia.html, /Attractions-g187879-Activities-Sardinia.html
Agriturismo Bio-farm Cucche' di Patteri e Serra, 5.0, Sights & Landmarks, /Attraction_Review-g642180-d5029163-Reviews-Agriturismo_Bio_farm_Cucche_di_Patteri_e_Serra-Dorgali_Province_of_Nuoro_Sardinia.html, /Attractions-g187879-Activities-Sardinia.html
Chiesa di San Gemiliano, 4.5, Sights & Landmarks, /Attraction_Review-g1967898-d12211455-Reviews-Chiesa_di_San_Gemiliano-Sestu_Province_of_Cagliari_Sardinia.html, /Attractions-g187879-Activities-Sardinia.html
Area Archeologica Terme Romane, 4.5, Sights & Landmarks, /Attraction_Review-g1054681-d4513399-Reviews-Area_Archeologica_Terme_Romane-Fordongianus_Province_of_Oristano_Sardinia.html, /Attractions-g187879-Activities-Sardinia.html
Spiaggia di Maragnani, 4.0, Nature & Parks, /Attraction_Review-g635630-d8380352-Reviews-Spiaggia_di_Maragnani-Valledoria_Province_of_Sassari_Sardinia.html, /Attractions-g187879-Activities-Sardinia.html
Spiaggia di Sant'Elmo, 4.5, Sights & Landmarks, /Attraction_Review-g1053090-d4452810-Reviews-Spiaggia_di_Sant_Elmo-Castiadas_Province_of_Cagliari_Sardinia.html, /Attractions-g187879-Activities-Sardinia.html
Cala Sabina, 4.0, Nature & Parks, /Attraction_Review-g187883-d10629777-Reviews-Cala_Sabina-Olbia_Province_of_Olbia_Tempio_Sardinia.html, /Attractions-g187879-Activities-Sardinia.html
Monte ruju, 4.0, Sights & Landmarks, /Attraction_Review-g608907-d14052944-Reviews-Monte_ruju-Cala_Gonone_Dorgali_Province_of_Nuoro_Sardinia.html, /Attractions-g187879-Activities-Sardinia.html
Nuraghe Paddaggiu, 3.5, Sights & Landmarks, /Attraction_Review-g608909-d12723049-Reviews-Nuraghe_Paddaggiu-Castelsardo_Province_of_Sassari_Sardinia.html, /Attractions-g187879-Activities-Sardinia.html
Spiaggia Monti d'Arena, 4.0, Nature & Parks, /Attraction_Review-g612430-d10620480-Reviews-Spiaggia_Monti_d_Arena-La_Maddalena_Maddalena_Islands_Province_of_Olbia_Tempio_S.html, /Attractions-g187879-Activities-Sardinia.html
Archeotur, 5.0, Sights & Landmarks, /Attraction_Review-g3947398-d4748305-Reviews-Archeotur-Isola_di_Sant_Antioco_Province_of_Carbonia_Iglesias_Sardinia.html, /Attractions-g187879-Activities-Sardinia.html
Museo Archeologico, 4.0, Museums, /Attraction_Review-g187883-d3208529-Reviews-Museo_Archeologico-Olbia_Province_of_Olbia_Tempio_Sardinia.html, /Attractions-g187879-Activities-Sardinia.html
Isolotto Faraglione del Pan di Zucchero, 5.0, Nature & Parks, /Attraction_Review-g652013-d3202753-Reviews-Isolotto_Faraglione_del_Pan_di_Zucchero-Iglesias_Province_of_Carbonia_Iglesias_Sa.html, /Attractions-g187879-Activities-Sardinia.html
Spiaggia di Campus, 4.0, Nature & Parks, /Attraction_Review-g194949-d10621639-Reviews-Spiaggia_di_Campus-Villasimius_Province_of_Cagliari_Sardinia.html, /Attractions-g187879-Activities-Sardinia.html
Spiaggia tra San Giovanni di Sinis e Is Aruttas, 4.5, Nature & Parks, /Attraction_Review-g1144101-d3405115-Reviews-Spiaggia_tra_San_Giovanni_di_Sinis_e_Is_Aruttas-Cabras_Province_of_Oristano_Sard.html, /Attractions-g187879-Activities-Sardinia.html
Gelateria Artigianale Bosisio Franco & Figli snc, 4.5, Food & Drink, /Attraction_Review-g194675-d6454560-Reviews-Gelateria_Artigianale_Bosisio_Franco_Figli_snc-Arzachena_Province_of_Olbia_Tempio.html, /Attractions-g187879-Activities-Sardinia.html
Statua di Eleonora D'Arborea, 4.0, Sights & Landmarks, /Attraction_Review-g187884-d12457981-Reviews-Statua_di_Eleonora_D_Arborea-Oristano_Province_of_Oristano_Sardinia.html, /Attractions-g187879-Activities-Sardinia.html
Cala Coscia di Donna, 3.5, Nature & Parks, /Attraction_Review-g608925-d8458264-Reviews-Cala_Coscia_di_Donna-Stintino_Province_of_Sassari_Sardinia.html, /Attractions-g187879-Activities-Sardinia.html
Spiaggia di Solanas, 4.5, Nature & Parks, /Attraction_Review-g1509101-d4832768-Reviews-Spiaggia_di_Solanas-Sinnai_Province_of_Cagliari_Sardinia.html, /Attractions-g187879-Activities-Sardinia.html
Grotte Is Zuddas, 4.5, Nature & Parks, /Attraction_Review-g2155140-d2186643-Reviews-Grotte_Is_Zuddas-Santadi_Province_of_Carbonia_Iglesias_Sardinia.html, /Attractions-g187879-Activities-Sardinia.html
Central Market, 3.5, Shopping, /Attraction_Review-g187880-d1066166-Reviews-Central_Market-Alghero_Province_of_Sassari_Sardinia.html, /Attractions-g187879-Activities-Sardinia.html
