attraction_name, attraction_rate, attraction_type, attraction_url, attraction_parent_url
Museo civico Arti&& Mestieri&& Archeologia e Costume, 4.0, Museums, /Attraction_Review-g3526477-d10318480-Reviews-Museo_civico_Arti_Mestieri_Archeologia_e_Costume-San_Pietro_Avellana_Province_o.html, /Attractions-g3526477-Activities-San_Pietro_Avellana_Province_of_Isernia_Molise.html
Chiesa dei Santi Apostoli Pietro e Paolo, 4.0, Sights & Landmarks, /Attraction_Review-g3526477-d12732524-Reviews-Chiesa_dei_Santi_Apostoli_Pietro_e_Paolo-San_Pietro_Avellana_Province_of_Iserni.html, /Attractions-g3526477-Activities-San_Pietro_Avellana_Province_of_Isernia_Molise.html
Chiesa di Sant'Amico, None, Sights & Landmarks, /Attraction_Review-g3526477-d15272857-Reviews-Chiesa_di_Sant_Amico-San_Pietro_Avellana_Province_of_Isernia_Molise.html, /Attractions-g3526477-Activities-San_Pietro_Avellana_Province_of_Isernia_Molise.html
Osservatorio Astronomico “Leopoldo Del Re”, None, Museums, /Attraction_Review-g3526477-d18894074-Reviews-Osservatorio_Astronomico_Leopoldo_Del_Re-San_Pietro_Avellana_Province_of_Iserni.html, /Attractions-g3526477-Activities-San_Pietro_Avellana_Province_of_Isernia_Molise.html
