attraction_name, attraction_rate, attraction_type, attraction_url, attraction_parent_url
Castello Vecchio, 4.5, Sights & Landmarks, /Attraction_Review-g1150194-d8595949-Reviews-Castello_Vecchio-Carassai_Province_of_Ascoli_Piceno_Marche.html, /Attractions-g1150194-Activities-Carassai_Province_of_Ascoli_Piceno_Marche.html
Le Cana, 5.0, Food & Drink, /Attraction_Review-g1150194-d10842986-Reviews-Le_Cana-Carassai_Province_of_Ascoli_Piceno_Marche.html, /Attractions-g1150194-Activities-Carassai_Province_of_Ascoli_Piceno_Marche.html
Albero Monumentale delle Marche, 5.0, Sights & Landmarks, /Attraction_Review-g1150194-d12612751-Reviews-Albero_Monumentale_delle_Marche-Carassai_Province_of_Ascoli_Piceno_Marche.html, /Attractions-g1150194-Activities-Carassai_Province_of_Ascoli_Piceno_Marche.html
Camminamenti Militari, 4.0, Sights & Landmarks, /Attraction_Review-g1150194-d8610869-Reviews-Camminamenti_Militari-Carassai_Province_of_Ascoli_Piceno_Marche.html, /Attractions-g1150194-Activities-Carassai_Province_of_Ascoli_Piceno_Marche.html
Castello di Rocca Monte Varmine, 3.0, Sights & Landmarks, /Attraction_Review-g1150194-d8650339-Reviews-Castello_di_Rocca_Monte_Varmine-Carassai_Province_of_Ascoli_Piceno_Marche.html, /Attractions-g1150194-Activities-Carassai_Province_of_Ascoli_Piceno_Marche.html
Giardini Pubblici, 4.5, Nature & Parks, /Attraction_Review-g1150194-d10458167-Reviews-Giardini_Pubblici-Carassai_Province_of_Ascoli_Piceno_Marche.html, /Attractions-g1150194-Activities-Carassai_Province_of_Ascoli_Piceno_Marche.html
Antiquarium Comunale, 4.5, Museums, /Attraction_Review-g1150194-d8660395-Reviews-Antiquarium_Comunale-Carassai_Province_of_Ascoli_Piceno_Marche.html, /Attractions-g1150194-Activities-Carassai_Province_of_Ascoli_Piceno_Marche.html
Azienda Agricola Emanuele Dianetti, 5.0, Food & Drink, /Attraction_Review-g1150194-d8662366-Reviews-Azienda_Agricola_Emanuele_Dianetti-Carassai_Province_of_Ascoli_Piceno_Marche.html, /Attractions-g1150194-Activities-Carassai_Province_of_Ascoli_Piceno_Marche.html
Chiesa di Sant’Angelo in Piano, 3.5, Sights & Landmarks, /Attraction_Review-g1150194-d8670158-Reviews-Chiesa_di_Sant_Angelo_in_Piano-Carassai_Province_of_Ascoli_Piceno_Marche.html, /Attractions-g1150194-Activities-Carassai_Province_of_Ascoli_Piceno_Marche.html
Oratorio di Santa Monica, 3.5, Sights & Landmarks, /Attraction_Review-g1150194-d12612565-Reviews-Oratorio_di_Santa_Monica-Carassai_Province_of_Ascoli_Piceno_Marche.html, /Attractions-g1150194-Activities-Carassai_Province_of_Ascoli_Piceno_Marche.html
Palazzo Andreani, 4.0, Museums, /Attraction_Review-g1150194-d12616004-Reviews-Palazzo_Andreani-Carassai_Province_of_Ascoli_Piceno_Marche.html, /Attractions-g1150194-Activities-Carassai_Province_of_Ascoli_Piceno_Marche.html
Chiesa di Santa Maria del Buon Gesu, 4.0, Sights & Landmarks, /Attraction_Review-g1150194-d8591831-Reviews-Chiesa_di_Santa_Maria_del_Buon_Gesu-Carassai_Province_of_Ascoli_Piceno_Marche.html, /Attractions-g1150194-Activities-Carassai_Province_of_Ascoli_Piceno_Marche.html
Chiesetta Rurale Di Santa Maria Delle Grazie, 5.0, Sights & Landmarks, /Attraction_Review-g1150194-d8606081-Reviews-Chiesetta_Rurale_Di_Santa_Maria_Delle_Grazie-Carassai_Province_of_Ascoli_Piceno_.html, /Attractions-g1150194-Activities-Carassai_Province_of_Ascoli_Piceno_Marche.html
Salumificio Federici, 5.0, Shopping, /Attraction_Review-g1150194-d8662362-Reviews-Salumificio_Federici-Carassai_Province_of_Ascoli_Piceno_Marche.html, /Attractions-g1150194-Activities-Carassai_Province_of_Ascoli_Piceno_Marche.html
Nuovo Cimitero di Carassai, None, Sights & Landmarks, /Attraction_Review-g1150194-d12616050-Reviews-Nuovo_Cimitero_di_Carassai-Carassai_Province_of_Ascoli_Piceno_Marche.html, /Attractions-g1150194-Activities-Carassai_Province_of_Ascoli_Piceno_Marche.html
Campo di Calcetto e Tennis, None, Fun & Games, /Attraction_Review-g1150194-d12616053-Reviews-Campo_di_Calcetto_e_Tennis-Carassai_Province_of_Ascoli_Piceno_Marche.html, /Attractions-g1150194-Activities-Carassai_Province_of_Ascoli_Piceno_Marche.html
Lavatoio Pubblico, None, Sights & Landmarks, /Attraction_Review-g1150194-d15056893-Reviews-Lavatoio_Pubblico-Carassai_Province_of_Ascoli_Piceno_Marche.html, /Attractions-g1150194-Activities-Carassai_Province_of_Ascoli_Piceno_Marche.html
Rocca Montevarmine, None, Sights & Landmarks, /Attraction_Review-g1150194-d20890448-Reviews-Rocca_Montevarmine-Carassai_Province_of_Ascoli_Piceno_Marche.html, /Attractions-g1150194-Activities-Carassai_Province_of_Ascoli_Piceno_Marche.html
