attraction_name, attraction_rate, attraction_type, attraction_url, attraction_parent_url
Piazza Augusto Imperatore, 3.5, Sights & Landmarks, /Attraction_Review-g187791-d9459333-Reviews-Piazza_Augusto_Imperatore-Rome_Lazio.html, /Attractions-g187791-Activities-Rome_Lazio.html
Basilica sotterranea di Porta Maggiore, 4.0, Sights & Landmarks, /Attraction_Review-g187791-d10203250-Reviews-Basilica_sotterranea_di_Porta_Maggiore-Rome_Lazio.html, /Attractions-g187791-Activities-Rome_Lazio.html
Chiesa dei Santi Claudio e Andrea dei Borgognoni, 4.0, Sights & Landmarks, /Attraction_Review-g187791-d5545191-Reviews-Chiesa_dei_Santi_Claudio_e_Andrea_dei_Borgognoni-Rome_Lazio.html, /Attractions-g187791-Activities-Rome_Lazio.html
Piazza di San Marco, 4.0, Sights & Landmarks, /Attraction_Review-g187791-d13354379-Reviews-Piazza_di_San_Marco-Rome_Lazio.html, /Attractions-g187791-Activities-Rome_Lazio.html
Villa Lante, 4.0, Nature & Parks, /Attraction_Review-g187791-d590998-Reviews-Villa_Lante-Rome_Lazio.html, /Attractions-g187791-Activities-Rome_Lazio.html
Obelisco Esquilino, 3.5, Sights & Landmarks, /Attraction_Review-g187791-d12860130-Reviews-Obelisco_Esquilino-Rome_Lazio.html, /Attractions-g187791-Activities-Rome_Lazio.html
Ponte Cestio, 4.0, Sights & Landmarks, /Attraction_Review-g187791-d7362090-Reviews-Ponte_Cestio-Rome_Lazio.html, /Attractions-g187791-Activities-Rome_Lazio.html
Teatro Tor Bella Monaca, 4.0, Concerts & Shows, /Attraction_Review-g187791-d12258785-Reviews-Teatro_Tor_Bella_Monaca-Rome_Lazio.html, /Attractions-g187791-Activities-Rome_Lazio.html
Teatro Vascello, 3.5, Concerts & Shows, /Attraction_Review-g187791-d244672-Reviews-Teatro_Vascello-Rome_Lazio.html, /Attractions-g187791-Activities-Rome_Lazio.html
Museo della Caserma dei Corazzieri, 4.5, Museums, /Attraction_Review-g187791-d6652849-Reviews-Museo_della_Caserma_dei_Corazzieri-Rome_Lazio.html, /Attractions-g187791-Activities-Rome_Lazio.html
Chiesa dei Santi Domenico e Sisto, 4.0, Sights & Landmarks, /Attraction_Review-g187791-d5617539-Reviews-Chiesa_dei_Santi_Domenico_e_Sisto-Rome_Lazio.html, /Attractions-g187791-Activities-Rome_Lazio.html
via della maddalena, 3.5, Sights & Landmarks, /Attraction_Review-g187791-d5770425-Reviews-Via_della_maddalena-Rome_Lazio.html, /Attractions-g187791-Activities-Rome_Lazio.html
Teatro della Cometa, 4.0, Concerts & Shows, /Attraction_Review-g187791-d244664-Reviews-Teatro_della_Cometa-Rome_Lazio.html, /Attractions-g187791-Activities-Rome_Lazio.html
Chiesa San Giuseppe dei Falegnami al Foro Romano, 4.5, Sights & Landmarks, /Attraction_Review-g187791-d10168662-Reviews-Chiesa_San_Giuseppe_dei_Falegnami_al_Foro_Romano-Rome_Lazio.html, /Attractions-g187791-Activities-Rome_Lazio.html
ALEFBET, 5.0, Museums, /Attraction_Review-g187791-d14977147-Reviews-ALEFBET-Rome_Lazio.html, /Attractions-g187791-Activities-Rome_Lazio.html
Obelisco Marconi, 4.0, Sights & Landmarks, /Attraction_Review-g187791-d9987804-Reviews-Obelisco_Marconi-Rome_Lazio.html, /Attractions-g187791-Activities-Rome_Lazio.html
La Piccola Londra, 3.5, Sights & Landmarks, /Attraction_Review-g187791-d12908445-Reviews-La_Piccola_Londra-Rome_Lazio.html, /Attractions-g187791-Activities-Rome_Lazio.html
Ponte Nomentano, 4.0, Sights & Landmarks, /Attraction_Review-g187791-d7176441-Reviews-Ponte_Nomentano-Rome_Lazio.html, /Attractions-g187791-Activities-Rome_Lazio.html
Chiesa di San Cosimato, 4.0, Sights & Landmarks, /Attraction_Review-g187791-d12161585-Reviews-Chiesa_di_San_Cosimato-Rome_Lazio.html, /Attractions-g187791-Activities-Rome_Lazio.html
Accademia d’Egitto, 4.0, Sights & Landmarks, /Attraction_Review-g187791-d4172793-Reviews-Accademia_d_Egitto-Rome_Lazio.html, /Attractions-g187791-Activities-Rome_Lazio.html
Baraka Bistrot, 4.5, Food & Drink, /Attraction_Review-g187791-d4037193-Reviews-Baraka_Bistrot-Rome_Lazio.html, /Attractions-g187791-Activities-Rome_Lazio.html
Palazzo Poli, 4.0, Sights & Landmarks, /Attraction_Review-g187791-d12869818-Reviews-Palazzo_Poli-Rome_Lazio.html, /Attractions-g187791-Activities-Rome_Lazio.html
Fontana del Ponte Sisto, 4.0, Sights & Landmarks, /Attraction_Review-g187791-d191119-Reviews-Fontana_del_Ponte_Sisto-Rome_Lazio.html, /Attractions-g187791-Activities-Rome_Lazio.html
Area Archeologica di Veio - Santuario Etrusco dell'Apollo, 4.0, Sights & Landmarks, /Attraction_Review-g187791-d8733908-Reviews-Area_Archeologica_di_Veio_Santuario_Etrusco_dell_Apollo-Rome_Lazio.html, /Attractions-g187791-Activities-Rome_Lazio.html
Monumento a San Francesco d'Assisi, 4.0, Sights & Landmarks, /Attraction_Review-g187791-d5018181-Reviews-Monumento_a_San_Francesco_d_Assisi-Rome_Lazio.html, /Attractions-g187791-Activities-Rome_Lazio.html
Basilica Aemilia, 3.5, Sights & Landmarks, /Attraction_Review-g187791-d9793258-Reviews-Basilica_Aemilia-Rome_Lazio.html, /Attractions-g187791-Activities-Rome_Lazio.html
Le Molette Tennis Club, 3.5, Fun & Games, /Attraction_Review-g187791-d4438407-Reviews-Le_Molette_Tennis_Club-Rome_Lazio.html, /Attractions-g187791-Activities-Rome_Lazio.html
Santuario della Madonna dell'Archetto, 4.5, Sights & Landmarks, /Attraction_Review-g187791-d7688489-Reviews-Santuario_della_Madonna_dell_Archetto-Rome_Lazio.html, /Attractions-g187791-Activities-Rome_Lazio.html
Palazzo Firenze, 3.5, Sights & Landmarks, /Attraction_Review-g187791-d12205124-Reviews-Palazzo_Firenze-Rome_Lazio.html, /Attractions-g187791-Activities-Rome_Lazio.html
Piazza Giuseppe Gioachino Belli, 3.5, Nature & Parks, /Attraction_Review-g187791-d8275196-Reviews-Piazza_Giuseppe_Gioachino_Belli-Rome_Lazio.html, /Attractions-g187791-Activities-Rome_Lazio.html
