attraction_name, attraction_rate, attraction_type, attraction_url, attraction_parent_url
Municipio di Paese, 4.5, Sights & Landmarks, /Attraction_Review-g1081449-d10106075-Reviews-Municipio_di_Paese-Paese_Province_of_Treviso_Veneto.html, /Attractions-g1081449-Activities-Paese_Province_of_Treviso_Veneto.html
Chiesa Parrocchiale dei Santi Giorgio ed Elena, 4.0, Sights & Landmarks, /Attraction_Review-g1081449-d13934422-Reviews-Chiesa_Parrocchiale_dei_Santi_Giorgio_ed_Elena-Paese_Province_of_Treviso_Veneto.html, /Attractions-g1081449-Activities-Paese_Province_of_Treviso_Veneto.html
Villa Tassoni, 4.0, Sights & Landmarks, /Attraction_Review-g1081449-d12830615-Reviews-Villa_Tassoni-Paese_Province_of_Treviso_Veneto.html, /Attractions-g1081449-Activities-Paese_Province_of_Treviso_Veneto.html
Chiesa  di San Martino Vescovo, 3.5, Sights & Landmarks, /Attraction_Review-g1081449-d8803105-Reviews-Chiesa_di_San_Martino_Vescovo-Paese_Province_of_Treviso_Veneto.html, /Attractions-g1081449-Activities-Paese_Province_of_Treviso_Veneto.html
Fattoria Didattica Boschetto di Campagna, 5.0, Nature & Parks, /Attraction_Review-g4994944-d12135395-Reviews-Fattoria_Didattica_Boschetto_di_Campagna-Castagnole_Paese_Province_of_Treviso_V.html, /Attractions-g1081449-Activities-Paese_Province_of_Treviso_Veneto.html
Centro Commerciale La Castellana, 2.0, Shopping, /Attraction_Review-g1081449-d11979887-Reviews-Centro_Commerciale_La_Castellana-Paese_Province_of_Treviso_Veneto.html, /Attractions-g1081449-Activities-Paese_Province_of_Treviso_Veneto.html
Cinema Multisala Manzoni, 4.0, Fun & Games, /Attraction_Review-g1081449-d9709704-Reviews-Cinema_Multisala_Manzoni-Paese_Province_of_Treviso_Veneto.html, /Attractions-g1081449-Activities-Paese_Province_of_Treviso_Veneto.html
Nuove Sensazioni, 4.5, Spas & Wellness, /Attraction_Review-g1081449-d4559150-Reviews-Nuove_Sensazioni-Paese_Province_of_Treviso_Veneto.html, /Attractions-g1081449-Activities-Paese_Province_of_Treviso_Veneto.html
mondopizza, 3.0, Nightlife, /Attraction_Review-g1081449-d5924030-Reviews-Mondopizza-Paese_Province_of_Treviso_Veneto.html, /Attractions-g1081449-Activities-Paese_Province_of_Treviso_Veneto.html
Parrocchia di Castagnole, 3.0, Sights & Landmarks, /Attraction_Review-g1081449-d12828310-Reviews-Parrocchia_di_Castagnole-Paese_Province_of_Treviso_Veneto.html, /Attractions-g1081449-Activities-Paese_Province_of_Treviso_Veneto.html
Bar Centrale Postioma, None, Nightlife, /Attraction_Review-g2647941-d5928545-Reviews-Bar_Centrale_Postioma-Postioma_Paese_Province_of_Treviso_Veneto.html, /Attractions-g1081449-Activities-Paese_Province_of_Treviso_Veneto.html
Casa Quaglia, None, Sights & Landmarks, /Attraction_Review-g1081449-d12830595-Reviews-Casa_Quaglia-Paese_Province_of_Treviso_Veneto.html, /Attractions-g1081449-Activities-Paese_Province_of_Treviso_Veneto.html
Casa Rossa, None, Sights & Landmarks, /Attraction_Review-g1081449-d12830636-Reviews-Casa_Rossa-Paese_Province_of_Treviso_Veneto.html, /Attractions-g1081449-Activities-Paese_Province_of_Treviso_Veneto.html
Villa Alessi, None, Sights & Landmarks, /Attraction_Review-g1081449-d12830625-Reviews-Villa_Alessi-Paese_Province_of_Treviso_Veneto.html, /Attractions-g1081449-Activities-Paese_Province_of_Treviso_Veneto.html
Casa Benvegnu, None, Sights & Landmarks, /Attraction_Review-g1081449-d12830633-Reviews-Casa_Benvegnu-Paese_Province_of_Treviso_Veneto.html, /Attractions-g1081449-Activities-Paese_Province_of_Treviso_Veneto.html
Villa Panizza, None, Sights & Landmarks, /Attraction_Review-g1081449-d12828306-Reviews-Villa_Panizza-Paese_Province_of_Treviso_Veneto.html, /Attractions-g1081449-Activities-Paese_Province_of_Treviso_Veneto.html
Villa Delle Meridiane, None, Sights & Landmarks, /Attraction_Review-g1081449-d12830619-Reviews-Villa_Delle_Meridiane-Paese_Province_of_Treviso_Veneto.html, /Attractions-g1081449-Activities-Paese_Province_of_Treviso_Veneto.html
