attraction_name, attraction_rate, attraction_type, attraction_url, attraction_parent_url
bosco Magnano, 4.5, Nature & Parks, /Attraction_Review-g2509177-d15289935-Reviews-Bosco_Magnano-Chiaromonte_Province_of_Potenza_Basilicata.html, /Attractions-g2509177-Activities-Chiaromonte_Province_of_Potenza_Basilicata.html
Museo Archeoantropologico Lodovico Nicola di Giura, 4.0, Museums, /Attraction_Review-g2509177-d12915172-Reviews-Museo_Archeoantropologico_Lodovico_Nicola_di_Giura-Chiaromonte_Province_of_Pote.html, /Attractions-g2509177-Activities-Chiaromonte_Province_of_Potenza_Basilicata.html
Chiesa di San Giovanni Battista, 3.0, Sights & Landmarks, /Attraction_Review-g2509177-d12811826-Reviews-Chiesa_di_San_Giovanni_Battista-Chiaromonte_Province_of_Potenza_Basilicata.html, /Attractions-g2509177-Activities-Chiaromonte_Province_of_Potenza_Basilicata.html
Collegiata di San Tommaso Apostolo, 2.0, Sights & Landmarks, /Attraction_Review-g2509177-d12811849-Reviews-Collegiata_di_San_Tommaso_Apostolo-Chiaromonte_Province_of_Potenza_Basilicata.html, /Attractions-g2509177-Activities-Chiaromonte_Province_of_Potenza_Basilicata.html
CEA POLLINO, None, Museums, /Attraction_Review-g2509177-d6325475-Reviews-CEA_POLLINO-Chiaromonte_Province_of_Potenza_Basilicata.html, /Attractions-g2509177-Activities-Chiaromonte_Province_of_Potenza_Basilicata.html
