attraction_name, attraction_rate, attraction_type, attraction_url, attraction_parent_url
Birrificio Hammer, 4.0, Food & Drink, /Attraction_Review-g2300079-d10947852-Reviews-Birrificio_Hammer-Villa_D_Adda_Province_of_Bergamo_Lombardy.html, /Attractions-g2300079-Activities-Villa_D_Adda_Province_of_Bergamo_Lombardy.html
Azienda Agricola Tassodine, 5.0, Food & Drink, /Attraction_Review-g2300079-d12335686-Reviews-Azienda_Agricola_Tassodine-Villa_D_Adda_Province_of_Bergamo_Lombardy.html, /Attractions-g2300079-Activities-Villa_D_Adda_Province_of_Bergamo_Lombardy.html
Adda Beach Piscina, 3.0, Nature & Parks, /Attraction_Review-g2300079-d4556306-Reviews-Adda_Beach_Piscina-Villa_D_Adda_Province_of_Bergamo_Lombardy.html, /Attractions-g2300079-Activities-Villa_D_Adda_Province_of_Bergamo_Lombardy.html
Centro Benessere Anahata, 3.0, Spas & Wellness, /Attraction_Review-g2300079-d5496347-Reviews-Centro_Benessere_Anahata-Villa_D_Adda_Province_of_Bergamo_Lombardy.html, /Attractions-g2300079-Activities-Villa_D_Adda_Province_of_Bergamo_Lombardy.html
Parrocchia di Sant'Andrea Apostolo, None, Sights & Landmarks, /Attraction_Review-g2300079-d12955633-Reviews-Parrocchia_di_Sant_Andrea_Apostolo-Villa_D_Adda_Province_of_Bergamo_Lombardy.html, /Attractions-g2300079-Activities-Villa_D_Adda_Province_of_Bergamo_Lombardy.html
