attraction_name, attraction_rate, attraction_type, attraction_url, attraction_parent_url
Fortificazioni del Monte Morissolo, 5.0, Sights & Landmarks, /Attraction_Review-g664167-d12256874-Reviews-Fortificazioni_del_Monte_Morissolo-Cannero_Riviera_Lake_Maggiore_Piedmont.html, /Attractions-g664167-Activities-Cannero_Riviera_Lake_Maggiore_Piedmont.html
Parco Degli Agrumi, 4.0, Sights & Landmarks, /Attraction_Review-g664167-d7146261-Reviews-Parco_Degli_Agrumi-Cannero_Riviera_Lake_Maggiore_Piedmont.html, /Attractions-g664167-Activities-Cannero_Riviera_Lake_Maggiore_Piedmont.html
Castelli di Cannero, 3.5, Sights & Landmarks, /Attraction_Review-g664167-d7146264-Reviews-Castelli_di_Cannero-Cannero_Riviera_Lake_Maggiore_Piedmont.html, /Attractions-g664167-Activities-Cannero_Riviera_Lake_Maggiore_Piedmont.html
Chiesa di San Giorgio, 4.0, Sights & Landmarks, /Attraction_Review-g664167-d17478296-Reviews-Chiesa_di_San_Giorgio-Cannero_Riviera_Lake_Maggiore_Piedmont.html, /Attractions-g664167-Activities-Cannero_Riviera_Lake_Maggiore_Piedmont.html
Museo Etnografico e della Spazzola, 3.0, Museums, /Attraction_Review-g664167-d10820314-Reviews-Museo_Etnografico_e_della_Spazzola-Cannero_Riviera_Lake_Maggiore_Piedmont.html, /Attractions-g664167-Activities-Cannero_Riviera_Lake_Maggiore_Piedmont.html
Kiwi-Bar, 5.0, Nightlife, /Attraction_Review-g664167-d6200084-Reviews-Kiwi_Bar-Cannero_Riviera_Lake_Maggiore_Piedmont.html, /Attractions-g664167-Activities-Cannero_Riviera_Lake_Maggiore_Piedmont.html
Grotta di Cannero, 4.0, Sights & Landmarks, /Attraction_Review-g664167-d18454673-Reviews-Grotta_di_Cannero-Cannero_Riviera_Lake_Maggiore_Piedmont.html, /Attractions-g664167-Activities-Cannero_Riviera_Lake_Maggiore_Piedmont.html
Segeln-Lago Maggiore, 5.0, Boat Tours & Water Sports, /Attraction_Review-g664167-d20105335-Reviews-Segeln_Lago_Maggiore-Cannero_Riviera_Lake_Maggiore_Piedmont.html, /Attractions-g664167-Activities-Cannero_Riviera_Lake_Maggiore_Piedmont.html
Ufficio Turistico Cannero Riviera, 3.0, Traveller Resources, /Attraction_Review-g664167-d21248550-Reviews-Ufficio_Turistico_Cannero_Riviera-Cannero_Riviera_Lake_Maggiore_Piedmont.html, /Attractions-g664167-Activities-Cannero_Riviera_Lake_Maggiore_Piedmont.html
