attraction_name, attraction_rate, attraction_type, attraction_url, attraction_parent_url
Lago di Lamar, 4.5, Nature & Parks, /Attraction_Review-g1493785-d12861955-Reviews-Lago_di_Lamar-Terlago_Vallelaghi_Province_of_Trento_Trentino_Alto_Adige.html, /Attractions-g11713894-Activities-Vallelaghi_Province_of_Trento_Trentino_Alto_Adige.html
Lake Terlago, 4.0, Nature & Parks, /Attraction_Review-g1493785-d6875507-Reviews-Lake_Terlago-Terlago_Vallelaghi_Province_of_Trento_Trentino_Alto_Adige.html, /Attractions-g11713894-Activities-Vallelaghi_Province_of_Trento_Trentino_Alto_Adige.html
Centrale Idroelettrica DI Santa Massenza, 4.5, Museums, /Attraction_Review-g737151-d6782378-Reviews-Centrale_Idroelettrica_DI_Santa_Massenza-Santa_Massenza_Vallelaghi_Province_of_Tr.html, /Attractions-g11713894-Activities-Vallelaghi_Province_of_Trento_Trentino_Alto_Adige.html
Giulio E Mauro, 5.0, Food & Drink, /Attraction_Review-g737151-d16845833-Reviews-Giulio_E_Mauro-Santa_Massenza_Vallelaghi_Province_of_Trento_Trentino_Alto_Adige.html, /Attractions-g11713894-Activities-Vallelaghi_Province_of_Trento_Trentino_Alto_Adige.html
Lago di Santa Massenza, 4.0, Nature & Parks, /Attraction_Review-g11713894-d19590841-Reviews-Lago_di_Santa_Massenza-Vallelaghi_Province_of_Trento_Trentino_Alto_Adige.html, /Attractions-g11713894-Activities-Vallelaghi_Province_of_Trento_Trentino_Alto_Adige.html
Casimiro Grappa e Vino, None, Food & Drink, /Attraction_Review-g737151-d18955348-Reviews-Casimiro_Grappa_e_Vino-Santa_Massenza_Vallelaghi_Province_of_Trento_Trentino_Alt.html, /Attractions-g11713894-Activities-Vallelaghi_Province_of_Trento_Trentino_Alto_Adige.html
MAXENTIA, None, Food & Drink, /Attraction_Review-g737151-d18955352-Reviews-MAXENTIA-Santa_Massenza_Vallelaghi_Province_of_Trento_Trentino_Alto_Adige.html, /Attractions-g11713894-Activities-Vallelaghi_Province_of_Trento_Trentino_Alto_Adige.html
Distilleria Giovanni Poli, None, Food & Drink, /Attraction_Review-g737151-d18955356-Reviews-Distilleria_Giovanni_Poli-Santa_Massenza_Vallelaghi_Province_of_Trento_Trentino_.html, /Attractions-g11713894-Activities-Vallelaghi_Province_of_Trento_Trentino_Alto_Adige.html
Distilleria Francesco, None, Food & Drink, /Attraction_Review-g737151-d18955345-Reviews-Distilleria_Francesco-Santa_Massenza_Vallelaghi_Province_of_Trento_Trentino_Alto.html, /Attractions-g11713894-Activities-Vallelaghi_Province_of_Trento_Trentino_Alto_Adige.html
Chiesa di S. Antonio Abate, None, Sights & Landmarks, /Attraction_Review-g2048670-d19059382-Reviews-Chiesa_di_S_Antonio_Abate-Vezzano_Vallelaghi_Province_of_Trento_Trentino_Alto_A.html, /Attractions-g11713894-Activities-Vallelaghi_Province_of_Trento_Trentino_Alto_Adige.html
Chiesa parrocchiale di San Nicolo, None, Sights & Landmarks, /Attraction_Review-g2647284-d19071232-Reviews-Chiesa_parrocchiale_di_San_Nicolo-Ranzo_Vallelaghi_Province_of_Trento_Trentino_.html, /Attractions-g11713894-Activities-Vallelaghi_Province_of_Trento_Trentino_Alto_Adige.html
Sentiero geologico Antonio Stoppani, None, Nature & Parks, /Attraction_Review-g11713894-d19599441-Reviews-Sentiero_geologico_Antonio_Stoppani-Vallelaghi_Province_of_Trento_Trentino_Alt.html, /Attractions-g11713894-Activities-Vallelaghi_Province_of_Trento_Trentino_Alto_Adige.html
Chiesa Parrocchiale Santi Vigilio e Valentino, None, Sights & Landmarks, /Attraction_Review-g2048670-d19599440-Reviews-Chiesa_Parrocchiale_Santi_Vigilio_e_Valentino-Vezzano_Vallelaghi_Province_of_Tr.html, /Attractions-g11713894-Activities-Vallelaghi_Province_of_Trento_Trentino_Alto_Adige.html
Chiesa di San Pantaleone, None, Sights & Landmarks, /Attraction_Review-g1493785-d19599444-Reviews-Chiesa_di_San_Pantaleone-Terlago_Vallelaghi_Province_of_Trento_Trentino_Alto_Ad.html, /Attractions-g11713894-Activities-Vallelaghi_Province_of_Trento_Trentino_Alto_Adige.html
Chiesa parrocchiale di Sant'Andrea, None, Sights & Landmarks, /Attraction_Review-g1493785-d19599459-Reviews-Chiesa_parrocchiale_di_Sant_Andrea-Terlago_Vallelaghi_Province_of_Trento_Trenti.html, /Attractions-g11713894-Activities-Vallelaghi_Province_of_Trento_Trentino_Alto_Adige.html
Chiesa Parrocchiale di San Nicolo, None, Sights & Landmarks, /Attraction_Review-g2647284-d19598109-Reviews-Chiesa_Parrocchiale_di_San_Nicolo-Ranzo_Vallelaghi_Province_of_Trento_Trentino_.html, /Attractions-g11713894-Activities-Vallelaghi_Province_of_Trento_Trentino_Alto_Adige.html
Chiesa parrocchiale dei Santi Filippo e Giacomo, None, Sights & Landmarks, /Attraction_Review-g1194530-d19599445-Reviews-Chiesa_parrocchiale_dei_Santi_Filippo_e_Giacomo-Padergnone_Vallelaghi_Province_.html, /Attractions-g11713894-Activities-Vallelaghi_Province_of_Trento_Trentino_Alto_Adige.html
Chiesa di San Lorenzo, None, Sights & Landmarks, /Attraction_Review-g2048670-d19599160-Reviews-Chiesa_di_San_Lorenzo-Vezzano_Vallelaghi_Province_of_Trento_Trentino_Alto_Adige.html, /Attractions-g11713894-Activities-Vallelaghi_Province_of_Trento_Trentino_Alto_Adige.html
Chiesa di San Bartolomeo, None, Sights & Landmarks, /Attraction_Review-g2048670-d19599435-Reviews-Chiesa_di_San_Bartolomeo-Vezzano_Vallelaghi_Province_of_Trento_Trentino_Alto_Ad.html, /Attractions-g11713894-Activities-Vallelaghi_Province_of_Trento_Trentino_Alto_Adige.html
Chiesa di Santa Maria Maddalena, None, Sights & Landmarks, /Attraction_Review-g2048670-d19598762-Reviews-Chiesa_di_Santa_Maria_Maddalena-Vezzano_Vallelaghi_Province_of_Trento_Trentino_.html, /Attractions-g11713894-Activities-Vallelaghi_Province_of_Trento_Trentino_Alto_Adige.html
Castel Terlago, None, Sights & Landmarks, /Attraction_Review-g1493785-d19590923-Reviews-Castel_Terlago-Terlago_Vallelaghi_Province_of_Trento_Trentino_Alto_Adige.html, /Attractions-g11713894-Activities-Vallelaghi_Province_of_Trento_Trentino_Alto_Adige.html
Parco Giochi di Ciago, None, Fun & Games, /Attraction_Review-g11713894-d21300264-Reviews-Parco_Giochi_di_Ciago-Vallelaghi_Province_of_Trento_Trentino_Alto_Adige.html, /Attractions-g11713894-Activities-Vallelaghi_Province_of_Trento_Trentino_Alto_Adige.html
