attraction_name, attraction_rate, attraction_type, attraction_url, attraction_parent_url
Santuario di Oropa, 4.5, Sights & Landmarks, /Attraction_Review-g1488961-d2331247-Reviews-Santuario_di_Oropa-Oropa_Province_of_Biella_Piedmont.html, /Attractions-g1488961-Activities-Oropa_Province_of_Biella_Piedmont.html
Lago del Mucrone, 4.5, Nature & Parks, /Attraction_Review-g1488961-d8442120-Reviews-Lago_del_Mucrone-Oropa_Province_of_Biella_Piedmont.html, /Attractions-g1488961-Activities-Oropa_Province_of_Biella_Piedmont.html
Rifugio Capanna Renata, 4.5, Sights & Landmarks, /Attraction_Review-g1488961-d7129968-Reviews-Rifugio_Capanna_Renata-Oropa_Province_of_Biella_Piedmont.html, /Attractions-g1488961-Activities-Oropa_Province_of_Biella_Piedmont.html
Oasi WWF Giardino Botanico di Oropa, 4.0, Nature & Parks, /Attraction_Review-g1488961-d6380547-Reviews-Oasi_WWF_Giardino_Botanico_di_Oropa-Oropa_Province_of_Biella_Piedmont.html, /Attractions-g1488961-Activities-Oropa_Province_of_Biella_Piedmont.html
Funivie di Oropa, 4.0, Transportation, /Attraction_Review-g1488961-d13367985-Reviews-Funivie_di_Oropa-Oropa_Province_of_Biella_Piedmont.html, /Attractions-g1488961-Activities-Oropa_Province_of_Biella_Piedmont.html
Cimitero monumentale di Oropa, 4.0, Sights & Landmarks, /Attraction_Review-g1488961-d4102831-Reviews-Cimitero_monumentale_di_Oropa-Oropa_Province_of_Biella_Piedmont.html, /Attractions-g1488961-Activities-Oropa_Province_of_Biella_Piedmont.html
Ufficio Accoglienza, 4.5, Traveller Resources, /Attraction_Review-g1488961-d11837798-Reviews-Ufficio_Accoglienza-Oropa_Province_of_Biella_Piedmont.html, /Attractions-g1488961-Activities-Oropa_Province_of_Biella_Piedmont.html
Cammino Di Oropa, 4.5, Nature & Parks, /Attraction_Review-g1488961-d21071384-Reviews-Cammino_Di_Oropa-Oropa_Province_of_Biella_Piedmont.html, /Attractions-g1488961-Activities-Oropa_Province_of_Biella_Piedmont.html
