attraction_name, attraction_rate, attraction_type, attraction_url, attraction_parent_url
La Costa Fattoria Sociale, 4.5, Food & Drink, /Attraction_Review-g2387365-d10356447-Reviews-La_Costa_Fattoria_Sociale-Sarcedo_Province_of_Vicenza_Veneto.html, /Attractions-g2387365-Activities-Sarcedo_Province_of_Vicenza_Veneto.html
Villa Capra Bassani, 4.5, Sights & Landmarks, /Attraction_Review-g2387365-d9855894-Reviews-Villa_Capra_Bassani-Sarcedo_Province_of_Vicenza_Veneto.html, /Attractions-g2387365-Activities-Sarcedo_Province_of_Vicenza_Veneto.html
Sim Power Fly, None, Tours, /Attraction_Review-g2387365-d13779008-Reviews-Sim_Power_Fly-Sarcedo_Province_of_Vicenza_Veneto.html, /Attractions-g2387365-Activities-Sarcedo_Province_of_Vicenza_Veneto.html
Biblioteca Civica 'p. Macca'', None, Traveller Resources, /Attraction_Review-g2387365-d20974461-Reviews-Biblioteca_Civica_p_Macca-Sarcedo_Province_of_Vicenza_Veneto.html, /Attractions-g2387365-Activities-Sarcedo_Province_of_Vicenza_Veneto.html
Villa Tretti A Sarcedo, None, Sights & Landmarks, /Attraction_Review-g2387365-d20974465-Reviews-Villa_Tretti_A_Sarcedo-Sarcedo_Province_of_Vicenza_Veneto.html, /Attractions-g2387365-Activities-Sarcedo_Province_of_Vicenza_Veneto.html
Ex Lanificio Beaupain, None, Sights & Landmarks, /Attraction_Review-g2387365-d20977054-Reviews-Ex_Lanificio_Beaupain-Sarcedo_Province_of_Vicenza_Veneto.html, /Attractions-g2387365-Activities-Sarcedo_Province_of_Vicenza_Veneto.html
Villa Franzan Al Barcon, None, Sights & Landmarks, /Attraction_Review-g2387365-d20974458-Reviews-Villa_Franzan_Al_Barcon-Sarcedo_Province_of_Vicenza_Veneto.html, /Attractions-g2387365-Activities-Sarcedo_Province_of_Vicenza_Veneto.html
Villa Balardi&& Zironda&& Gechelin&& detta 'Ca' Dotta', None, Sights & Landmarks, /Attraction_Review-g2387365-d20974460-Reviews-Villa_Balardi_Zironda_Gechelin_detta_Ca_Dotta-Sarcedo_Province_of_Vicenza_Venet.html, /Attractions-g2387365-Activities-Sarcedo_Province_of_Vicenza_Veneto.html
Chiesa di Santa Maria Assunta, None, Sights & Landmarks, /Attraction_Review-g2387365-d20974654-Reviews-Chiesa_di_Santa_Maria_Assunta-Sarcedo_Province_of_Vicenza_Veneto.html, /Attractions-g2387365-Activities-Sarcedo_Province_of_Vicenza_Veneto.html
Percorso Podistico Permanente di Sarcedo, None, Outdoor Activities, /Attraction_Review-g2387365-d20974665-Reviews-Percorso_Podistico_Permanente_di_Sarcedo-Sarcedo_Province_of_Vicenza_Veneto.html, /Attractions-g2387365-Activities-Sarcedo_Province_of_Vicenza_Veneto.html
Piazza del Cavallino, None, Sights & Landmarks, /Attraction_Review-g2387365-d20974629-Reviews-Piazza_del_Cavallino-Sarcedo_Province_of_Vicenza_Veneto.html, /Attractions-g2387365-Activities-Sarcedo_Province_of_Vicenza_Veneto.html
Molin Dell'igna In Contrà Dell'igna, None, Sights & Landmarks, /Attraction_Review-g2387365-d20974641-Reviews-Molin_Dell_igna_In_Contra_Dell_igna-Sarcedo_Province_of_Vicenza_Veneto.html, /Attractions-g2387365-Activities-Sarcedo_Province_of_Vicenza_Veneto.html
Chiesetta di San Pietro in Bodo, None, Sights & Landmarks, /Attraction_Review-g2387365-d20974652-Reviews-Chiesetta_di_San_Pietro_in_Bodo-Sarcedo_Province_of_Vicenza_Veneto.html, /Attractions-g2387365-Activities-Sarcedo_Province_of_Vicenza_Veneto.html
Chiesa Parrocchiale di Sant'Andrea, None, Sights & Landmarks, /Attraction_Review-g2387365-d20974661-Reviews-Chiesa_Parrocchiale_di_Sant_Andrea-Sarcedo_Province_of_Vicenza_Veneto.html, /Attractions-g2387365-Activities-Sarcedo_Province_of_Vicenza_Veneto.html
