attraction_name, attraction_rate, attraction_type, attraction_url, attraction_parent_url
Chiesa di San Silvestro Papa, 4.0, Sights & Landmarks, /Attraction_Review-g7646542-d12728476-Reviews-Chiesa_di_San_Silvestro_Papa-Civitanova_del_Sannio_Province_of_Isernia_Molise.html, /Attractions-g7646542-Activities-Civitanova_del_Sannio_Province_of_Isernia_Molise.html
Monastero di San Benedetto De Jumento Albo, 4.0, Sights & Landmarks, /Attraction_Review-g7646542-d12732448-Reviews-Monastero_di_San_Benedetto_De_Jumento_Albo-Civitanova_del_Sannio_Province_of_Is.html, /Attractions-g7646542-Activities-Civitanova_del_Sannio_Province_of_Isernia_Molise.html
Palazzo Cardarelli, None, Sights & Landmarks, /Attraction_Review-g7646542-d15199421-Reviews-Palazzo_Cardarelli-Civitanova_del_Sannio_Province_of_Isernia_Molise.html, /Attractions-g7646542-Activities-Civitanova_del_Sannio_Province_of_Isernia_Molise.html
Palazzo D'Alessandro, None, Sights & Landmarks, /Attraction_Review-g7646542-d16959180-Reviews-Palazzo_D_Alessandro-Civitanova_del_Sannio_Province_of_Isernia_Molise.html, /Attractions-g7646542-Activities-Civitanova_del_Sannio_Province_of_Isernia_Molise.html
