attraction_name, attraction_rate, attraction_type, attraction_url, attraction_parent_url
Basilica Autarena di Fara Gera d'Adda, 3.0, Sights & Landmarks, /Attraction_Review-g2250958-d12945876-Reviews-Basilica_Autarena_di_Fara_Gera_d_Adda-Fara_Gera_d_Adda_Province_of_Bergamo_Lomb.html, /Attractions-g2250958-Activities-Fara_Gera_d_Adda_Province_of_Bergamo_Lombardy.html
Chiesa di Sant'Alessandro, 3.0, Sights & Landmarks, /Attraction_Review-g2250958-d12945875-Reviews-Chiesa_di_Sant_Alessandro-Fara_Gera_d_Adda_Province_of_Bergamo_Lombardy.html, /Attractions-g2250958-Activities-Fara_Gera_d_Adda_Province_of_Bergamo_Lombardy.html
Gelateria American Bar Oasi, 4.0, Nightlife, /Attraction_Review-g2250958-d5922669-Reviews-Gelateria_American_Bar_Oasi-Fara_Gera_d_Adda_Province_of_Bergamo_Lombardy.html, /Attractions-g2250958-Activities-Fara_Gera_d_Adda_Province_of_Bergamo_Lombardy.html
L'Orto che fa la differenza, None, Tours, /Attraction_Review-g2250958-d21360566-Reviews-L_Orto_che_fa_la_differenza-Fara_Gera_d_Adda_Province_of_Bergamo_Lombardy.html, /Attractions-g2250958-Activities-Fara_Gera_d_Adda_Province_of_Bergamo_Lombardy.html
