attraction_name, attraction_rate, attraction_type, attraction_url, attraction_parent_url
Casa Baccichetto Azienda Agricola, 5.0, Food & Drink, /Attraction_Review-g1078284-d5005043-Reviews-Casa_Baccichetto_Azienda_Agricola-Ponte_di_Piave_Province_of_Treviso_Veneto.html, /Attractions-g1078284-Activities-Ponte_di_Piave_Province_of_Treviso_Veneto.html
Le Rive di Bonato, 5.0, Food & Drink, /Attraction_Review-g2399328-d11798518-Reviews-Le_Rive_di_Bonato-Negrisia_Ponte_di_Piave_Province_of_Treviso_Veneto.html, /Attractions-g1078284-Activities-Ponte_di_Piave_Province_of_Treviso_Veneto.html
Ponte di Piave - il capoluogo, 3.5, Sights & Landmarks, /Attraction_Review-g1078284-d10673171-Reviews-Ponte_di_Piave_il_capoluogo-Ponte_di_Piave_Province_of_Treviso_Veneto.html, /Attractions-g1078284-Activities-Ponte_di_Piave_Province_of_Treviso_Veneto.html
Chiesa di San Nicolo di Busco, None, Sights & Landmarks, /Attraction_Review-g1078284-d10680165-Reviews-Chiesa_di_San_Nicolo_di_Busco-Ponte_di_Piave_Province_of_Treviso_Veneto.html, /Attractions-g1078284-Activities-Ponte_di_Piave_Province_of_Treviso_Veneto.html
Chiesa di San Bonifacio a Levada di Ponte di Piave, None, Sights & Landmarks, /Attraction_Review-g11946962-d10680180-Reviews-Chiesa_di_San_Bonifacio_a_Levada_di_Ponte_di_Piave-Levada_Ponte_di_Piave_Provi.html, /Attractions-g1078284-Activities-Ponte_di_Piave_Province_of_Treviso_Veneto.html
Villa Loschi, None, Sights & Landmarks, /Attraction_Review-g1078284-d12078917-Reviews-Villa_Loschi-Ponte_di_Piave_Province_of_Treviso_Veneto.html, /Attractions-g1078284-Activities-Ponte_di_Piave_Province_of_Treviso_Veneto.html
Museo Ponte, None, Museums, /Attraction_Review-g1078284-d19407283-Reviews-Museo_Ponte-Ponte_di_Piave_Province_of_Treviso_Veneto.html, /Attractions-g1078284-Activities-Ponte_di_Piave_Province_of_Treviso_Veneto.html
