attraction_name, attraction_rate, attraction_type, attraction_url, attraction_parent_url
Centro Storico San Fili, 4.0, Sights & Landmarks, /Attraction_Review-g2616703-d8532445-Reviews-Centro_Storico_San_Fili-San_Fili_Province_of_Cosenza_Calabria.html, /Attractions-g2616703-Activities-San_Fili_Province_of_Cosenza_Calabria.html
Chiesa Annunziata, 5.0, Sights & Landmarks, /Attraction_Review-g2616703-d4700201-Reviews-Chiesa_Annunziata-San_Fili_Province_of_Cosenza_Calabria.html, /Attractions-g2616703-Activities-San_Fili_Province_of_Cosenza_Calabria.html
Madonna Del Carmelo, 5.0, Sights & Landmarks, /Attraction_Review-g2616703-d4776389-Reviews-Madonna_Del_Carmelo-San_Fili_Province_of_Cosenza_Calabria.html, /Attractions-g2616703-Activities-San_Fili_Province_of_Cosenza_Calabria.html
Chiesa dello Spirito Santo, 5.0, Sights & Landmarks, /Attraction_Review-g2616703-d4832687-Reviews-Chiesa_dello_Spirito_Santo-San_Fili_Province_of_Cosenza_Calabria.html, /Attractions-g2616703-Activities-San_Fili_Province_of_Cosenza_Calabria.html
Chiesa del Ritiro, 4.5, Sights & Landmarks, /Attraction_Review-g2616703-d4832707-Reviews-Chiesa_del_Ritiro-San_Fili_Province_of_Cosenza_Calabria.html, /Attractions-g2616703-Activities-San_Fili_Province_of_Cosenza_Calabria.html
Il Carmine San Fili Italia, 5.0, Sights & Landmarks, /Attraction_Review-g2616703-d4829759-Reviews-Il_Carmine_San_Fili_Italia-San_Fili_Province_of_Cosenza_Calabria.html, /Attractions-g2616703-Activities-San_Fili_Province_of_Cosenza_Calabria.html
Chiesa della Concezione, None, Sights & Landmarks, /Attraction_Review-g2616703-d4753794-Reviews-Chiesa_della_Concezione-San_Fili_Province_of_Cosenza_Calabria.html, /Attractions-g2616703-Activities-San_Fili_Province_of_Cosenza_Calabria.html
