attraction_name, attraction_rate, attraction_type, attraction_url, attraction_parent_url
Laghetto Lucinasco, 4.5, Sights & Landmarks, /Attraction_Review-g2713065-d4309946-Reviews-Laghetto_Lucinasco-Lucinasco_Province_of_Imperia_Liguria.html, /Attractions-g2713065-Activities-Lucinasco_Province_of_Imperia_Liguria.html
Santuario Di S. Maria Maddalena, 4.5, Sights & Landmarks, /Attraction_Review-g2713065-d6078795-Reviews-Santuario_Di_S_Maria_Maddalena-Lucinasco_Province_of_Imperia_Liguria.html, /Attractions-g2713065-Activities-Lucinasco_Province_of_Imperia_Liguria.html
Museo Lazzaro Acquarone, 4.5, Museums, /Attraction_Review-g2713065-d3317136-Reviews-Museo_Lazzaro_Acquarone-Lucinasco_Province_of_Imperia_Liguria.html, /Attractions-g2713065-Activities-Lucinasco_Province_of_Imperia_Liguria.html
Chiesa di Sant'Antonino, 5.0, Sights & Landmarks, /Attraction_Review-g2713065-d12911415-Reviews-Chiesa_di_Sant_Antonino-Lucinasco_Province_of_Imperia_Liguria.html, /Attractions-g2713065-Activities-Lucinasco_Province_of_Imperia_Liguria.html
Chiesa di Santo Stefano, None, Sights & Landmarks, /Attraction_Review-g2713065-d12911417-Reviews-Chiesa_di_Santo_Stefano-Lucinasco_Province_of_Imperia_Liguria.html, /Attractions-g2713065-Activities-Lucinasco_Province_of_Imperia_Liguria.html
