attraction_name, attraction_rate, attraction_type, attraction_url, attraction_parent_url
Chiesa Di San Defendente, 4.0, Sights & Landmarks, /Attraction_Review-g1736002-d19119287-Reviews-Chiesa_Di_San_Defendente-Cigliano_Province_of_Vercelli_Piedmont.html, /Attractions-g1736002-Activities-Cigliano_Province_of_Vercelli_Piedmont.html
Jolly Club, 3.5, Water & Amusement Parks, /Attraction_Review-g1736002-d4713884-Reviews-Jolly_Club-Cigliano_Province_of_Vercelli_Piedmont.html, /Attractions-g1736002-Activities-Cigliano_Province_of_Vercelli_Piedmont.html
SIFE Asino Felice ASD APS, 5.0, Tours, /Attraction_Review-g10449935-d8608676-Reviews-SIFE_Asino_Felice_ASD_APS-Ronchi_Cigliano_Province_of_Vercelli_Piedmont.html, /Attractions-g1736002-Activities-Cigliano_Province_of_Vercelli_Piedmont.html
Chiesa di Sant'Emiliano, None, Sights & Landmarks, /Attraction_Review-g1736002-d12178851-Reviews-Chiesa_di_Sant_Emiliano-Cigliano_Province_of_Vercelli_Piedmont.html, /Attractions-g1736002-Activities-Cigliano_Province_of_Vercelli_Piedmont.html
