attraction_name, attraction_rate, attraction_type, attraction_url, attraction_parent_url
Centro Storico, 4.5, Sights & Landmarks, /Attraction_Review-g2299997-d10109444-Reviews-Centro_Storico-Montalto_Ligure_Province_of_Imperia_Liguria.html, /Attractions-g2299997-Activities-Montalto_Ligure_Province_of_Imperia_Liguria.html
Santuario della Madonna dell'Acquasanta, 4.5, Sights & Landmarks, /Attraction_Review-g2299997-d3356810-Reviews-Santuario_della_Madonna_dell_Acquasanta-Montalto_Ligure_Province_of_Imperia_Ligu.html, /Attractions-g2299997-Activities-Montalto_Ligure_Province_of_Imperia_Liguria.html
Chiesa di San Giovanni Battista, 5.0, Sights & Landmarks, /Attraction_Review-g2299997-d12911438-Reviews-Chiesa_di_San_Giovanni_Battista-Montalto_Ligure_Province_of_Imperia_Liguria.html, /Attractions-g2299997-Activities-Montalto_Ligure_Province_of_Imperia_Liguria.html
Pieve di San Giorgio, None, Sights & Landmarks, /Attraction_Review-g2299997-d12911435-Reviews-Pieve_di_San_Giorgio-Montalto_Ligure_Province_of_Imperia_Liguria.html, /Attractions-g2299997-Activities-Montalto_Ligure_Province_of_Imperia_Liguria.html
