attraction_name, attraction_rate, attraction_type, attraction_url, attraction_parent_url
Borgo Medievale Pietramelara, 4.0, Sights & Landmarks, /Attraction_Review-g2624000-d7347927-Reviews-Borgo_Medievale_Pietramelara-Pietramelara_Province_of_Caserta_Campania.html, /Attractions-g2624000-Activities-Pietramelara_Province_of_Caserta_Campania.html
Museo di Arte Sacra di Pietramelara, 4.0, Museums, /Attraction_Review-g2624000-d10067126-Reviews-Museo_di_Arte_Sacra_di_Pietramelara-Pietramelara_Province_of_Caserta_Campania.html, /Attractions-g2624000-Activities-Pietramelara_Province_of_Caserta_Campania.html
Museo Storico Militare di Prata Sannita, 3.0, Museums, /Attraction_Review-g2624000-d10067135-Reviews-Museo_Storico_Militare_di_Prata_Sannita-Pietramelara_Province_of_Caserta_Campan.html, /Attractions-g2624000-Activities-Pietramelara_Province_of_Caserta_Campania.html
Youth Sport Bar, None, Nightlife, /Attraction_Review-g2624000-d5931310-Reviews-Youth_Sport_Bar-Pietramelara_Province_of_Caserta_Campania.html, /Attractions-g2624000-Activities-Pietramelara_Province_of_Caserta_Campania.html
