attraction_name, attraction_rate, attraction_type, attraction_url, attraction_parent_url
Mosnel - Franciacorta, 4.5, Food & Drink, /Attraction_Review-g2222124-d10730800-Reviews-Mosnel_Franciacorta-Passirano_Province_of_Brescia_Lombardy.html, /Attractions-g2222124-Activities-Passirano_Province_of_Brescia_Lombardy.html
Castello di Passirano, 4.0, Sights & Landmarks, /Attraction_Review-g2222124-d11899776-Reviews-Castello_di_Passirano-Passirano_Province_of_Brescia_Lombardy.html, /Attractions-g2222124-Activities-Passirano_Province_of_Brescia_Lombardy.html
Parrocchia S. Vigilio Vescovo, None, Sights & Landmarks, /Attraction_Review-g2222124-d11900044-Reviews-Parrocchia_S_Vigilio_Vescovo-Passirano_Province_of_Brescia_Lombardy.html, /Attractions-g2222124-Activities-Passirano_Province_of_Brescia_Lombardy.html
Municipio, None, Sights & Landmarks, /Attraction_Review-g2222124-d11900041-Reviews-Municipio-Passirano_Province_of_Brescia_Lombardy.html, /Attractions-g2222124-Activities-Passirano_Province_of_Brescia_Lombardy.html
Parrocchia di San Zenone, None, Sights & Landmarks, /Attraction_Review-g2222124-d11900055-Reviews-Parrocchia_di_San_Zenone-Passirano_Province_of_Brescia_Lombardy.html, /Attractions-g2222124-Activities-Passirano_Province_of_Brescia_Lombardy.html
