attraction_name, attraction_rate, attraction_type, attraction_url, attraction_parent_url
Chiesa dei Santi Pietro e Paolo, 4.5, Sights & Landmarks, /Attraction_Review-g187772-d6475537-Reviews-Chiesa_dei_Santi_Pietro_e_Paolo-Matera_Province_of_Matera_Basilicata.html, /Attractions-g187772-Activities-Matera_Province_of_Matera_Basilicata.html
Chiesa di San Francesco d'Assisi, 4.0, Sights & Landmarks, /Attraction_Review-g187772-d6948855-Reviews-Chiesa_di_San_Francesco_d_Assisi-Matera_Province_of_Matera_Basilicata.html, /Attractions-g187772-Activities-Matera_Province_of_Matera_Basilicata.html
Chiesa di Sant'Agostino, 4.0, Sights & Landmarks, /Attraction_Review-g187772-d7592347-Reviews-Chiesa_di_Sant_Agostino-Matera_Province_of_Matera_Basilicata.html, /Attractions-g187772-Activities-Matera_Province_of_Matera_Basilicata.html
Museo Nazionale d'Arte Medievale e Moderna della Basilicata, 4.0, Museums, /Attraction_Review-g187772-d6384448-Reviews-Museo_Nazionale_d_Arte_Medievale_e_Moderna_della_Basilicata-Matera_Province_of_Ma.html, /Attractions-g187772-Activities-Matera_Province_of_Matera_Basilicata.html
Casa grotta del Casalnuovo, 4.5, Sights & Landmarks, /Attraction_Review-g187772-d10749405-Reviews-Casa_grotta_del_Casalnuovo-Matera_Province_of_Matera_Basilicata.html, /Attractions-g187772-Activities-Matera_Province_of_Matera_Basilicata.html
La Casa di Ortega, 4.5, Sights & Landmarks, /Attraction_Review-g187772-d10845965-Reviews-La_Casa_di_Ortega-Matera_Province_of_Matera_Basilicata.html, /Attractions-g187772-Activities-Matera_Province_of_Matera_Basilicata.html
Ponte Tibetano, 4.0, Sights & Landmarks, /Attraction_Review-g187772-d10239319-Reviews-Ponte_Tibetano-Matera_Province_of_Matera_Basilicata.html, /Attractions-g187772-Activities-Matera_Province_of_Matera_Basilicata.html
Via Ridola, 4.5, Sights & Landmarks, /Attraction_Review-g187772-d11960219-Reviews-Via_Ridola-Matera_Province_of_Matera_Basilicata.html, /Attractions-g187772-Activities-Matera_Province_of_Matera_Basilicata.html
Castello Tramontano&& Matera&& Italy, 3.0, Sights & Landmarks, /Attraction_Review-g187772-d6372111-Reviews-Castello_Tramontano_Matera_Italy-Matera_Province_of_Matera_Basilicata.html, /Attractions-g187772-Activities-Matera_Province_of_Matera_Basilicata.html
Belvedere Pascoli, 4.5, Sights & Landmarks, /Attraction_Review-g187772-d14063773-Reviews-Belvedere_Pascoli-Matera_Province_of_Matera_Basilicata.html, /Attractions-g187772-Activities-Matera_Province_of_Matera_Basilicata.html
La Raccolta delle Acque, 4.0, Sights & Landmarks, /Attraction_Review-g187772-d4741161-Reviews-La_Raccolta_delle_Acque-Matera_Province_of_Matera_Basilicata.html, /Attractions-g187772-Activities-Matera_Province_of_Matera_Basilicata.html
Chiesa di San Rocco, 4.5, Sights & Landmarks, /Attraction_Review-g187772-d4412899-Reviews-Chiesa_di_San_Rocco-Matera_Province_of_Matera_Basilicata.html, /Attractions-g187772-Activities-Matera_Province_of_Matera_Basilicata.html
Complesso Rupestre San Giorgio, 4.5, Museums, /Attraction_Review-g187772-d13941687-Reviews-Complesso_Rupestre_San_Giorgio-Matera_Province_of_Matera_Basilicata.html, /Attractions-g187772-Activities-Matera_Province_of_Matera_Basilicata.html
IL Parco Scultura La Palomba, 4.5, Sights & Landmarks, /Attraction_Review-g187772-d6555676-Reviews-IL_Parco_Scultura_La_Palomba-Matera_Province_of_Matera_Basilicata.html, /Attractions-g187772-Activities-Matera_Province_of_Matera_Basilicata.html
Palazzo del Sedile, 4.0, Sights & Landmarks, /Attraction_Review-g187772-d12105006-Reviews-Palazzo_del_Sedile-Matera_Province_of_Matera_Basilicata.html, /Attractions-g187772-Activities-Matera_Province_of_Matera_Basilicata.html
Chiesa dei Quattro Evangelisti, 5.0, Sights & Landmarks, /Attraction_Review-g187772-d8638450-Reviews-Chiesa_dei_Quattro_Evangelisti-Matera_Province_of_Matera_Basilicata.html, /Attractions-g187772-Activities-Matera_Province_of_Matera_Basilicata.html
Stone Age Ristoro, 4.0, Food & Drink, /Attraction_Review-g187772-d6454543-Reviews-Stone_Age_Ristoro-Matera_Province_of_Matera_Basilicata.html, /Attractions-g187772-Activities-Matera_Province_of_Matera_Basilicata.html
Chiesa di Santa Chiara, 4.0, Sights & Landmarks, /Attraction_Review-g187772-d7347811-Reviews-Chiesa_di_Santa_Chiara-Matera_Province_of_Matera_Basilicata.html, /Attractions-g187772-Activities-Matera_Province_of_Matera_Basilicata.html
Santuario Santa Maria della Palomba, 4.5, Sights & Landmarks, /Attraction_Review-g187772-d10757455-Reviews-Santuario_Santa_Maria_della_Palomba-Matera_Province_of_Matera_Basilicata.html, /Attractions-g187772-Activities-Matera_Province_of_Matera_Basilicata.html
Santuario Santa Maria di Picciano, 4.5, Traveller Resources, /Attraction_Review-g187772-d2282881-Reviews-Santuario_Santa_Maria_di_Picciano-Matera_Province_of_Matera_Basilicata.html, /Attractions-g187772-Activities-Matera_Province_of_Matera_Basilicata.html
Convicinio Di Sant' Antonio, 4.5, Sights & Landmarks, /Attraction_Review-g187772-d8695757-Reviews-Convicinio_Di_Sant_Antonio-Matera_Province_of_Matera_Basilicata.html, /Attractions-g187772-Activities-Matera_Province_of_Matera_Basilicata.html
Palazzo dell'Annunziata, 4.0, Sights & Landmarks, /Attraction_Review-g187772-d10182614-Reviews-Palazzo_dell_Annunziata-Matera_Province_of_Matera_Basilicata.html, /Attractions-g187772-Activities-Matera_Province_of_Matera_Basilicata.html
Biblioteca Provinciale 'T. Stigliani', 5.0, Traveller Resources, /Attraction_Review-g187772-d12098496-Reviews-Biblioteca_Provinciale_T_Stigliani-Matera_Province_of_Matera_Basilicata.html, /Attractions-g187772-Activities-Matera_Province_of_Matera_Basilicata.html
Chiesa di San Domenico, 4.0, Sights & Landmarks, /Attraction_Review-g187772-d11965977-Reviews-Chiesa_di_San_Domenico-Matera_Province_of_Matera_Basilicata.html, /Attractions-g187772-Activities-Matera_Province_of_Matera_Basilicata.html
Centro Commerciale Mongolfiera, 2.5, Shopping, /Attraction_Review-g187772-d13166683-Reviews-Centro_Commerciale_Mongolfiera-Matera_Province_of_Matera_Basilicata.html, /Attractions-g187772-Activities-Matera_Province_of_Matera_Basilicata.html
Piazza del Sedile, 4.0, Sights & Landmarks, /Attraction_Review-g187772-d12360081-Reviews-Piazza_del_Sedile-Matera_Province_of_Matera_Basilicata.html, /Attractions-g187772-Activities-Matera_Province_of_Matera_Basilicata.html
Chiesa di San Biagio, 4.5, Sights & Landmarks, /Attraction_Review-g187772-d10354244-Reviews-Chiesa_di_San_Biagio-Matera_Province_of_Matera_Basilicata.html, /Attractions-g187772-Activities-Matera_Province_of_Matera_Basilicata.html
Fontana Ferdinandea, 4.0, Sights & Landmarks, /Attraction_Review-g187772-d12103652-Reviews-Fontana_Ferdinandea-Matera_Province_of_Matera_Basilicata.html, /Attractions-g187772-Activities-Matera_Province_of_Matera_Basilicata.html
Parco del Castello, 4.5, Nature & Parks, /Attraction_Review-g187772-d12137871-Reviews-Parco_del_Castello-Matera_Province_of_Matera_Basilicata.html, /Attractions-g187772-Activities-Matera_Province_of_Matera_Basilicata.html
Parco IV Novembre, 4.5, Nature & Parks, /Attraction_Review-g187772-d12137806-Reviews-Parco_IV_Novembre-Matera_Province_of_Matera_Basilicata.html, /Attractions-g187772-Activities-Matera_Province_of_Matera_Basilicata.html
