attraction_name, attraction_rate, attraction_type, attraction_url, attraction_parent_url
Oscar Tintori Vivai, 5.0, Sights & Landmarks, /Attraction_Review-g1016807-d19178513-Reviews-Oscar_Tintori_Vivai-Pescia_Province_of_Pistoia_Tuscany.html, /Attractions-g1016807-Activities-Pescia_Province_of_Pistoia_Tuscany.html
Pieve Dei Santi Bartolomeo E Andrea A Monte A Pescia, 4.0, Sights & Landmarks, /Attraction_Review-g1016807-d21478342-Reviews-Pieve_Dei_Santi_Bartolomeo_E_Andrea_A_Monte_A_Pescia-Pescia_Province_of_Pistoia.html, /Attractions-g1016807-Activities-Pescia_Province_of_Pistoia_Tuscany.html
Pinacoteca nell'ex Monastero Benedettino di San Michele, None, Museums, /Attraction_Review-g1016807-d19769386-Reviews-Pinacoteca_nell_ex_Monastero_Benedettino_di_San_Michele-Pescia_Province_of_Pist.html, /Attractions-g1016807-Activities-Pescia_Province_of_Pistoia_Tuscany.html
Stamperia 'Benedetti' - Mostra permanente delle macchine tipografiche, None, Museums, /Attraction_Review-g1016807-d19769385-Reviews-Stamperia_Benedetti_Mostra_permanente_delle_macchine_tipografiche-Pescia_Provin.html, /Attractions-g1016807-Activities-Pescia_Province_of_Pistoia_Tuscany.html
