attraction_name, attraction_rate, attraction_type, attraction_url, attraction_parent_url
Chiesa della Madonna di Costantinopoli, 4.0, Sights & Landmarks, /Attraction_Review-g1645966-d12801552-Reviews-Chiesa_della_Madonna_di_Costantinopoli-Cannole_Province_of_Lecce_Puglia.html, /Attractions-g1645966-Activities-Cannole_Province_of_Lecce_Puglia.html
Chiesa di Maria Santissima Madre di Dio, 3.0, Sights & Landmarks, /Attraction_Review-g1645966-d12801537-Reviews-Chiesa_di_Maria_Santissima_Madre_di_Dio-Cannole_Province_of_Lecce_Puglia.html, /Attractions-g1645966-Activities-Cannole_Province_of_Lecce_Puglia.html
Masseria Torcito, None, Sights & Landmarks, /Attraction_Review-g1645966-d13426324-Reviews-Masseria_Torcito-Cannole_Province_of_Lecce_Puglia.html, /Attractions-g1645966-Activities-Cannole_Province_of_Lecce_Puglia.html
Festa Della Municeddha, None, Events, /Attraction_Review-g1645966-d18146663-Reviews-Festa_Della_Municeddha-Cannole_Province_of_Lecce_Puglia.html, /Attractions-g1645966-Activities-Cannole_Province_of_Lecce_Puglia.html
