attraction_name, attraction_rate, attraction_type, attraction_url, attraction_parent_url
Chiesa di San Michele Arcangelo, 4.5, Sights & Landmarks, /Attraction_Review-g1973341-d12802592-Reviews-Chiesa_di_San_Michele_Arcangelo-Monte_Urano_Province_of_Ascoli_Piceno_Marche.html, /Attractions-g1973341-Activities-Monte_Urano_Province_of_Ascoli_Piceno_Marche.html
Caffe la Piazza, 4.5, Nightlife, /Attraction_Review-g1973341-d5927382-Reviews-Caffe_la_Piazza-Monte_Urano_Province_of_Ascoli_Piceno_Marche.html, /Attractions-g1973341-Activities-Monte_Urano_Province_of_Ascoli_Piceno_Marche.html
Picchio Rosso - Escursioni Trekking e Cammini, 5.0, Tours, /Attraction_Review-g1973341-d18543114-Reviews-Picchio_Rosso_Escursioni_Trekking_e_Cammini-Monte_Urano_Province_of_Ascoli_Pice.html, /Attractions-g1973341-Activities-Monte_Urano_Province_of_Ascoli_Piceno_Marche.html
Calzaturificio Primitempi di Monaldi Geri, 3.5, Shopping, /Attraction_Review-g1973341-d7089197-Reviews-Calzaturificio_Primitempi_di_Monaldi_Geri-Monte_Urano_Province_of_Ascoli_Piceno_.html, /Attractions-g1973341-Activities-Monte_Urano_Province_of_Ascoli_Piceno_Marche.html
