attraction_name, attraction_rate, attraction_type, attraction_url, attraction_parent_url
Eremo Di San Michele, 4.5, Sights & Landmarks, /Attraction_Review-g3569690-d6581060-Reviews-Eremo_Di_San_Michele-Foglianise_Province_of_Benevento_Campania.html, /Attractions-g3569690-Activities-Foglianise_Province_of_Benevento_Campania.html
Cantina del Taburno, 3.0, Food & Drink, /Attraction_Review-g3569690-d18818519-Reviews-Cantina_del_Taburno-Foglianise_Province_of_Benevento_Campania.html, /Attractions-g3569690-Activities-Foglianise_Province_of_Benevento_Campania.html
Granchio Nero Caffè, 5.0, Nightlife, /Attraction_Review-g3569690-d12183779-Reviews-Granchio_Nero_Caffe-Foglianise_Province_of_Benevento_Campania.html, /Attractions-g3569690-Activities-Foglianise_Province_of_Benevento_Campania.html
Chiesa di Santa Maria di Costantinopoli, None, Sights & Landmarks, /Attraction_Review-g3569690-d10347598-Reviews-Chiesa_di_Santa_Maria_di_Costantinopoli-Foglianise_Province_of_Benevento_Campan.html, /Attractions-g3569690-Activities-Foglianise_Province_of_Benevento_Campania.html
Vico Russo, None, Sights & Landmarks, /Attraction_Review-g3569690-d21212260-Reviews-Vico_Russo-Foglianise_Province_of_Benevento_Campania.html, /Attractions-g3569690-Activities-Foglianise_Province_of_Benevento_Campania.html
Masseria La Palmenta, None, Sights & Landmarks, /Attraction_Review-g3569690-d21212370-Reviews-Masseria_La_Palmenta-Foglianise_Province_of_Benevento_Campania.html, /Attractions-g3569690-Activities-Foglianise_Province_of_Benevento_Campania.html
Casale Foglianese, None, Sights & Landmarks, /Attraction_Review-g3569690-d21212358-Reviews-Casale_Foglianese-Foglianise_Province_of_Benevento_Campania.html, /Attractions-g3569690-Activities-Foglianise_Province_of_Benevento_Campania.html
Casali Barassano e Palazzo, None, Sights & Landmarks, /Attraction_Review-g3569690-d21212359-Reviews-Casali_Barassano_e_Palazzo-Foglianise_Province_of_Benevento_Campania.html, /Attractions-g3569690-Activities-Foglianise_Province_of_Benevento_Campania.html
Parrocchia s. Ciriaco, None, Sights & Landmarks, /Attraction_Review-g3569690-d21215071-Reviews-Parrocchia_s_Ciriaco-Foglianise_Province_of_Benevento_Campania.html, /Attractions-g3569690-Activities-Foglianise_Province_of_Benevento_Campania.html
Chiesa Santissimo Corpo di Cristo e Sant'Anna, None, Sights & Landmarks, /Attraction_Review-g3569690-d21215075-Reviews-Chiesa_Santissimo_Corpo_di_Cristo_e_Sant_Anna-Foglianise_Province_of_Benevento_.html, /Attractions-g3569690-Activities-Foglianise_Province_of_Benevento_Campania.html
Chiesa di Maria Santissima di Montevergine, None, Sights & Landmarks, /Attraction_Review-g3569690-d21213687-Reviews-Chiesa_di_Maria_Santissima_di_Montevergine-Foglianise_Province_of_Benevento_Cam.html, /Attractions-g3569690-Activities-Foglianise_Province_of_Benevento_Campania.html
Cappella Di San Nicola (centro), None, Sights & Landmarks, /Attraction_Review-g3569690-d21212257-Reviews-Cappella_Di_San_Nicola_centro-Foglianise_Province_of_Benevento_Campania.html, /Attractions-g3569690-Activities-Foglianise_Province_of_Benevento_Campania.html
Cappella Di San Nicola, None, Sights & Landmarks, /Attraction_Review-g3569690-d21213951-Reviews-Cappella_Di_San_Nicola-Foglianise_Province_of_Benevento_Campania.html, /Attractions-g3569690-Activities-Foglianise_Province_of_Benevento_Campania.html
