attraction_name, attraction_rate, attraction_type, attraction_url, attraction_parent_url
Cappella Di Giardino, None, Sights & Landmarks, /Attraction_Review-g8134887-d22765782-Reviews-Cappella_Di_Giardino-Mezzenile_Province_of_Turin_Piedmont.html, /Attractions-g8134887-Activities-Mezzenile_Province_of_Turin_Piedmont.html
Grotte di Pugnetto, None, Nature & Parks, /Attraction_Review-g8134887-d22776279-Reviews-Grotte_di_Pugnetto-Mezzenile_Province_of_Turin_Piedmont.html, /Attractions-g8134887-Activities-Mezzenile_Province_of_Turin_Piedmont.html
Castello dei Conti Francesetti, None, Sights & Landmarks, /Attraction_Review-g8134887-d22775029-Reviews-Castello_dei_Conti_Francesetti-Mezzenile_Province_of_Turin_Piedmont.html, /Attractions-g8134887-Activities-Mezzenile_Province_of_Turin_Piedmont.html
Chiesa di San Martino Vescovo, None, Sights & Landmarks, /Attraction_Review-g8134887-d22482212-Reviews-Chiesa_di_San_Martino_Vescovo-Mezzenile_Province_of_Turin_Piedmont.html, /Attractions-g8134887-Activities-Mezzenile_Province_of_Turin_Piedmont.html
