attraction_name, attraction_rate, attraction_type, attraction_url, attraction_parent_url
Chiesa Parrocchiale di San Martino Vescovo, None, Sights & Landmarks, /Attraction_Review-g2301651-d19903373-Reviews-Chiesa_Parrocchiale_di_San_Martino_Vescovo-San_Martino_Canavese_Province_of_Tur.html, /Attractions-g2301651-Activities-San_Martino_Canavese_Province_of_Turin_Piedmont.html
Tempio Di Santa Marta, None, Sights & Landmarks, /Attraction_Review-g2301651-d21025264-Reviews-Tempio_Di_Santa_Marta-San_Martino_Canavese_Province_of_Turin_Piedmont.html, /Attractions-g2301651-Activities-San_Martino_Canavese_Province_of_Turin_Piedmont.html
Resti Del Castello Di Re Arduino, None, Sights & Landmarks, /Attraction_Review-g2301651-d21025284-Reviews-Resti_Del_Castello_Di_Re_Arduino-San_Martino_Canavese_Province_of_Turin_Piedmon.html, /Attractions-g2301651-Activities-San_Martino_Canavese_Province_of_Turin_Piedmont.html
Santuario della SS.ma Trinita, None, Sights & Landmarks, /Attraction_Review-g2301651-d21025777-Reviews-Santuario_della_SS_ma_Trinita-San_Martino_Canavese_Province_of_Turin_Piedmont.html, /Attractions-g2301651-Activities-San_Martino_Canavese_Province_of_Turin_Piedmont.html
I Vecchi Forni a Legna, None, Sights & Landmarks, /Attraction_Review-g2301651-d21026596-Reviews-I_Vecchi_Forni_a_Legna-San_Martino_Canavese_Province_of_Turin_Piedmont.html, /Attractions-g2301651-Activities-San_Martino_Canavese_Province_of_Turin_Piedmont.html
Chiesa della Madonna delle Grazie, None, Sights & Landmarks, /Attraction_Review-g2301651-d21028075-Reviews-Chiesa_della_Madonna_delle_Grazie-San_Martino_Canavese_Province_of_Turin_Piedmo.html, /Attractions-g2301651-Activities-San_Martino_Canavese_Province_of_Turin_Piedmont.html
