attraction_name, attraction_rate, attraction_type, attraction_url, attraction_parent_url
Parrocchia San Pantaleone, 3.5, Sights & Landmarks, /Attraction_Review-g1063283-d13002005-Reviews-Parrocchia_San_Pantaleone-Medesano_Province_of_Parma_Emilia_Romagna.html, /Attractions-g1063283-Activities-Medesano_Province_of_Parma_Emilia_Romagna.html
Azienda Agricola Bertinelli, 3.5, Sights & Landmarks, /Attraction_Review-g1063283-d7286650-Reviews-Azienda_Agricola_Bertinelli-Medesano_Province_of_Parma_Emilia_Romagna.html, /Attractions-g1063283-Activities-Medesano_Province_of_Parma_Emilia_Romagna.html
Torre del Castello di Varano Marchesi, None, Sights & Landmarks, /Attraction_Review-g1063283-d13002004-Reviews-Torre_del_Castello_di_Varano_Marchesi-Medesano_Province_of_Parma_Emilia_Romagna.html, /Attractions-g1063283-Activities-Medesano_Province_of_Parma_Emilia_Romagna.html
Castello di Roccalanzona, None, Sights & Landmarks, /Attraction_Review-g1063283-d19093522-Reviews-Castello_di_Roccalanzona-Medesano_Province_of_Parma_Emilia_Romagna.html, /Attractions-g1063283-Activities-Medesano_Province_of_Parma_Emilia_Romagna.html
Camminata delle Fonti, None, Sights & Landmarks, /Attraction_Review-g1063283-d21071273-Reviews-Camminata_delle_Fonti-Medesano_Province_of_Parma_Emilia_Romagna.html, /Attractions-g1063283-Activities-Medesano_Province_of_Parma_Emilia_Romagna.html
Terme di Sant'Andrea, None, Spas & Wellness, /Attraction_Review-g1063283-d21071301-Reviews-Terme_di_Sant_Andrea-Medesano_Province_of_Parma_Emilia_Romagna.html, /Attractions-g1063283-Activities-Medesano_Province_of_Parma_Emilia_Romagna.html
Chiesa di San Giovanni Battista, None, Sights & Landmarks, /Attraction_Review-g1063283-d21068070-Reviews-Chiesa_di_San_Giovanni_Battista-Medesano_Province_of_Parma_Emilia_Romagna.html, /Attractions-g1063283-Activities-Medesano_Province_of_Parma_Emilia_Romagna.html
