attraction_name, attraction_rate, attraction_type, attraction_url, attraction_parent_url
Azienda Vinicola Barone di Villagrande e Cantine, 4.5, Food & Drink, /Attraction_Review-g1057029-d3400523-Reviews-Azienda_Vinicola_Barone_di_Villagrande_e_Cantine-Milo_Province_of_Catania_Sicily.html, /Attractions-g1057029-Activities-Milo_Province_of_Catania_Sicily.html
Ilice del Carrinu, 5.0, Sights & Landmarks, /Attraction_Review-g1057029-d14235210-Reviews-Ilice_del_Carrinu-Milo_Province_of_Catania_Sicily.html, /Attractions-g1057029-Activities-Milo_Province_of_Catania_Sicily.html
Grotta di Serracozzo, 4.5, Nature & Parks, /Attraction_Review-g1057029-d12900638-Reviews-Grotta_di_Serracozzo-Milo_Province_of_Catania_Sicily.html, /Attractions-g1057029-Activities-Milo_Province_of_Catania_Sicily.html
Chiesa Sant'Andrea, 4.0, Sights & Landmarks, /Attraction_Review-g1057029-d15121017-Reviews-Chiesa_Sant_Andrea-Milo_Province_of_Catania_Sicily.html, /Attractions-g1057029-Activities-Milo_Province_of_Catania_Sicily.html
Parco Avventura Etna, 4.5, Tours, /Attraction_Review-g1057029-d3377616-Reviews-Parco_Avventura_Etna-Milo_Province_of_Catania_Sicily.html, /Attractions-g1057029-Activities-Milo_Province_of_Catania_Sicily.html
Etna Bike Tours, 5.0, Tours, /Attraction_Review-g1057029-d11907271-Reviews-Etna_Bike_Tours-Milo_Province_of_Catania_Sicily.html, /Attractions-g1057029-Activities-Milo_Province_of_Catania_Sicily.html
Biblioteca Comunale Milo, None, Traveller Resources, /Attraction_Review-g1057029-d15121031-Reviews-Biblioteca_Comunale_Milo-Milo_Province_of_Catania_Sicily.html, /Attractions-g1057029-Activities-Milo_Province_of_Catania_Sicily.html
Associazione Turistica Pro Loco Milo, None, Traveller Resources, /Attraction_Review-g1057029-d15121035-Reviews-Associazione_Turistica_Pro_Loco_Milo-Milo_Province_of_Catania_Sicily.html, /Attractions-g1057029-Activities-Milo_Province_of_Catania_Sicily.html
Vincenzo M, None, Tours, /Attraction_Review-g1057029-d16820276-Reviews-Vincenzo_M-Milo_Province_of_Catania_Sicily.html, /Attractions-g1057029-Activities-Milo_Province_of_Catania_Sicily.html
