attraction_name, attraction_rate, attraction_type, attraction_url, attraction_parent_url
Villa Celli, 5.0, Sights & Landmarks, /Attraction_Review-g4908667-d10961954-Reviews-Villa_Celli-San_Nicolo_Rottofreno_Province_of_Piacenza_Emilia_Romagna.html, /Attractions-g2140917-Activities-Rottofreno_Province_of_Piacenza_Emilia_Romagna.html
Biblioteca Comunale, 5.0, Traveller Resources, /Attraction_Review-g2140917-d10961972-Reviews-Biblioteca_Comunale-Rottofreno_Province_of_Piacenza_Emilia_Romagna.html, /Attractions-g2140917-Activities-Rottofreno_Province_of_Piacenza_Emilia_Romagna.html
Jolly 2, 4.5, Fun & Games, /Attraction_Review-g4908667-d10004732-Reviews-Jolly_2-San_Nicolo_Rottofreno_Province_of_Piacenza_Emilia_Romagna.html, /Attractions-g2140917-Activities-Rottofreno_Province_of_Piacenza_Emilia_Romagna.html
Parrocchia San Michele Arcangelo, None, Sights & Landmarks, /Attraction_Review-g2140917-d10961851-Reviews-Parrocchia_San_Michele_Arcangelo-Rottofreno_Province_of_Piacenza_Emilia_Romagna.html, /Attractions-g2140917-Activities-Rottofreno_Province_of_Piacenza_Emilia_Romagna.html
Chiesa di Santa Maria della Neve, None, Sights & Landmarks, /Attraction_Review-g2140917-d10961881-Reviews-Chiesa_di_Santa_Maria_della_Neve-Rottofreno_Province_of_Piacenza_Emilia_Romagna.html, /Attractions-g2140917-Activities-Rottofreno_Province_of_Piacenza_Emilia_Romagna.html
Chiesa Parrocchiale di San Giovanni Battista, None, Sights & Landmarks, /Attraction_Review-g2140917-d10961893-Reviews-Chiesa_Parrocchiale_di_San_Giovanni_Battista-Rottofreno_Province_of_Piacenza_Em.html, /Attractions-g2140917-Activities-Rottofreno_Province_of_Piacenza_Emilia_Romagna.html
Il Castello, None, Sights & Landmarks, /Attraction_Review-g12123746-d10961969-Reviews-Il_Castello-Santimento_Rottofreno_Province_of_Piacenza_Emilia_Romagna.html, /Attractions-g2140917-Activities-Rottofreno_Province_of_Piacenza_Emilia_Romagna.html
Il Castello  Chiapponi, None, Sights & Landmarks, /Attraction_Review-g2140917-d10961933-Reviews-Il_Castello_Chiapponi-Rottofreno_Province_of_Piacenza_Emilia_Romagna.html, /Attractions-g2140917-Activities-Rottofreno_Province_of_Piacenza_Emilia_Romagna.html
Villa Jemmi, None, Sights & Landmarks, /Attraction_Review-g2140917-d10961952-Reviews-Villa_Jemmi-Rottofreno_Province_of_Piacenza_Emilia_Romagna.html, /Attractions-g2140917-Activities-Rottofreno_Province_of_Piacenza_Emilia_Romagna.html
Parrocchia di San Nicolo, None, Sights & Landmarks, /Attraction_Review-g2140917-d10962028-Reviews-Parrocchia_di_San_Nicolo-Rottofreno_Province_of_Piacenza_Emilia_Romagna.html, /Attractions-g2140917-Activities-Rottofreno_Province_of_Piacenza_Emilia_Romagna.html
