attraction_name, attraction_rate, attraction_type, attraction_url, attraction_parent_url
Schwarzbachalm, 4.0, Nature & Parks, /Attraction_Review-g1182966-d4498548-Reviews-Schwarzbachalm-Valle_Aurina_Province_of_South_Tyrol_Trentino_Alto_Adige.html, /Attractions-g1182966-Activities-Valle_Aurina_Province_of_South_Tyrol_Trentino_Alto_Adige.html
Museo Mineralogico Artur Kirchler, 4.5, Museums, /Attraction_Review-g1182966-d8497565-Reviews-Museo_Mineralogico_Artur_Kirchler-Valle_Aurina_Province_of_South_Tyrol_Trentino_.html, /Attractions-g1182966-Activities-Valle_Aurina_Province_of_South_Tyrol_Trentino_Alto_Adige.html
South Tyrol Museum of Mining - Cadipietra, 4.5, Museums, /Attraction_Review-g1182966-d7089194-Reviews-South_Tyrol_Museum_of_Mining_Cadipietra-Valle_Aurina_Province_of_South_Tyrol_Tre.html, /Attractions-g1182966-Activities-Valle_Aurina_Province_of_South_Tyrol_Trentino_Alto_Adige.html
Valli di Tures e Aurina, 4.5, Nature & Parks, /Attraction_Review-g1179368-d3811983-Reviews-Valli_di_Tures_e_Aurina-Cadipietra_Valle_Aurina_Province_of_South_Tyrol_Trentino.html, /Attractions-g1182966-Activities-Valle_Aurina_Province_of_South_Tyrol_Trentino_Alto_Adige.html
Skiarena Klausberg, 4.5, Nature & Parks, /Attraction_Review-g1179368-d7023340-Reviews-Skiarena_Klausberg-Cadipietra_Valle_Aurina_Province_of_South_Tyrol_Trentino_Alto.html, /Attractions-g1182966-Activities-Valle_Aurina_Province_of_South_Tyrol_Trentino_Alto_Adige.html
Chiesa Parrocchiale di San Giacomo a Rio Bianco, 3.5, Sights & Landmarks, /Attraction_Review-g1182966-d11823809-Reviews-Chiesa_Parrocchiale_di_San_Giacomo_a_Rio_Bianco-Valle_Aurina_Province_of_South_.html, /Attractions-g1182966-Activities-Valle_Aurina_Province_of_South_Tyrol_Trentino_Alto_Adige.html
Holzschnitzerei Klaus Kirchler, 5.0, Shopping, /Attraction_Review-g950383-d12449464-Reviews-Holzschnitzerei_Klaus_Kirchler-San_Giovanni_Valle_Aurina_Province_of_South_Tyrol.html, /Attractions-g1182966-Activities-Valle_Aurina_Province_of_South_Tyrol_Trentino_Alto_Adige.html
Busegge Alm, 4.5, Nightlife, /Attraction_Review-g15071213-d17705251-Reviews-Busegge_Alm-Rio_Bianco_Valle_Aurina_Province_of_South_Tyrol_Trentino_Alto_Adig.html, /Attractions-g1182966-Activities-Valle_Aurina_Province_of_South_Tyrol_Trentino_Alto_Adige.html
Adventurepark Enzwaldile, 4.0, Tours, /Attraction_Review-g1179368-d6674620-Reviews-Adventurepark_Enzwaldile-Cadipietra_Valle_Aurina_Province_of_South_Tyrol_Trentin.html, /Attractions-g1182966-Activities-Valle_Aurina_Province_of_South_Tyrol_Trentino_Alto_Adige.html
Klaussee Lago Di Chiusetta, 5.0, Tours, /Attraction_Review-g1179368-d21322289-Reviews-Klaussee_Lago_Di_Chiusetta-Cadipietra_Valle_Aurina_Province_of_South_Tyrol_Tren.html, /Attractions-g1182966-Activities-Valle_Aurina_Province_of_South_Tyrol_Trentino_Alto_Adige.html
Escursione al rifugio Vittorio Veneto al Sasso Nero, 4.0, Nature & Parks, /Attraction_Review-g1182966-d14949577-Reviews-Escursione_al_rifugio_Vittorio_Veneto_al_Sasso_Nero-Valle_Aurina_Province_of_So.html, /Attractions-g1182966-Activities-Valle_Aurina_Province_of_South_Tyrol_Trentino_Alto_Adige.html
Museo commemorativo dei Fratelli Oberkofler, None, Museums, /Attraction_Review-g1182966-d14949854-Reviews-Museo_commemorativo_dei_Fratelli_Oberkofler-Valle_Aurina_Province_of_South_Tyro.html, /Attractions-g1182966-Activities-Valle_Aurina_Province_of_South_Tyrol_Trentino_Alto_Adige.html
Mairkirchl MARIA HILF, None, Sights & Landmarks, /Attraction_Review-g1182966-d14949904-Reviews-Mairkirchl_MARIA_HILF-Valle_Aurina_Province_of_South_Tyrol_Trentino_Alto_Adige.html, /Attractions-g1182966-Activities-Valle_Aurina_Province_of_South_Tyrol_Trentino_Alto_Adige.html
Cascate Rastl, None, Nature & Parks, /Attraction_Review-g1182966-d14949870-Reviews-Cascate_Rastl-Valle_Aurina_Province_of_South_Tyrol_Trentino_Alto_Adige.html, /Attractions-g1182966-Activities-Valle_Aurina_Province_of_South_Tyrol_Trentino_Alto_Adige.html
Klaussee, None, Tours, /Attraction_Review-g1179368-d21321402-Reviews-Klaussee-Cadipietra_Valle_Aurina_Province_of_South_Tyrol_Trentino_Alto_Adige.html, /Attractions-g1182966-Activities-Valle_Aurina_Province_of_South_Tyrol_Trentino_Alto_Adige.html
