attraction_name, attraction_rate, attraction_type, attraction_url, attraction_parent_url
Basilica San Gavino, 4.5, Sights & Landmarks, /Attraction_Review-g1007733-d2422091-Reviews-Basilica_San_Gavino-Porto_Torres_Province_of_Sassari_Sardinia.html, /Attractions-g1007733-Activities-Porto_Torres_Province_of_Sassari_Sardinia.html
Spiaggia di Balai, 4.5, Nature & Parks, /Attraction_Review-g1007733-d8587477-Reviews-Spiaggia_di_Balai-Porto_Torres_Province_of_Sassari_Sardinia.html, /Attractions-g1007733-Activities-Porto_Torres_Province_of_Sassari_Sardinia.html
Museo Archeologico Nazionale Antiquarium Turritano, 4.5, Museums, /Attraction_Review-g1007733-d4790548-Reviews-Museo_Archeologico_Nazionale_Antiquarium_Turritano-Porto_Torres_Province_of_Sass.html, /Attractions-g1007733-Activities-Porto_Torres_Province_of_Sassari_Sardinia.html
Citta Romana Turris Libisonis, 4.5, Sights & Landmarks, /Attraction_Review-g1007733-d13272867-Reviews-Citta_Romana_Turris_Libisonis-Porto_Torres_Province_of_Sassari_Sardinia.html, /Attractions-g1007733-Activities-Porto_Torres_Province_of_Sassari_Sardinia.html
Spiaggia delle Acque Dolci, 4.5, Nature & Parks, /Attraction_Review-g1007733-d10822774-Reviews-Spiaggia_delle_Acque_Dolci-Porto_Torres_Province_of_Sassari_Sardinia.html, /Attractions-g1007733-Activities-Porto_Torres_Province_of_Sassari_Sardinia.html
Chiesa San Gavino a Mare, 4.5, Sights & Landmarks, /Attraction_Review-g1007733-d14158109-Reviews-Chiesa_San_Gavino_a_Mare-Porto_Torres_Province_of_Sassari_Sardinia.html, /Attractions-g1007733-Activities-Porto_Torres_Province_of_Sassari_Sardinia.html
Spiaggia di Scoglio Lungo, 3.5, Nature & Parks, /Attraction_Review-g1007733-d10752306-Reviews-Spiaggia_di_Scoglio_Lungo-Porto_Torres_Province_of_Sassari_Sardinia.html, /Attractions-g1007733-Activities-Porto_Torres_Province_of_Sassari_Sardinia.html
Museo del Porto, 4.5, Museums, /Attraction_Review-g1007733-d10822791-Reviews-Museo_del_Porto-Porto_Torres_Province_of_Sassari_Sardinia.html, /Attractions-g1007733-Activities-Porto_Torres_Province_of_Sassari_Sardinia.html
Ponte Romano sul fiume Rio Mannu, 3.5, Sights & Landmarks, /Attraction_Review-g1007733-d10822771-Reviews-Ponte_Romano_sul_fiume_Rio_Mannu-Porto_Torres_Province_of_Sassari_Sardinia.html, /Attractions-g1007733-Activities-Porto_Torres_Province_of_Sassari_Sardinia.html
Parco Baden Powell, 4.0, Nature & Parks, /Attraction_Review-g1007733-d10822795-Reviews-Parco_Baden_Powell-Porto_Torres_Province_of_Sassari_Sardinia.html, /Attractions-g1007733-Activities-Porto_Torres_Province_of_Sassari_Sardinia.html
Torre Aragonese, 3.0, Sights & Landmarks, /Attraction_Review-g1007733-d10822790-Reviews-Torre_Aragonese-Porto_Torres_Province_of_Sassari_Sardinia.html, /Attractions-g1007733-Activities-Porto_Torres_Province_of_Sassari_Sardinia.html
Pista Ciclabile e Pedonale, 4.0, Nature & Parks, /Attraction_Review-g1007733-d10823129-Reviews-Pista_Ciclabile_e_Pedonale-Porto_Torres_Province_of_Sassari_Sardinia.html, /Attractions-g1007733-Activities-Porto_Torres_Province_of_Sassari_Sardinia.html
Area Archeologica Tombe Ipogeiche - Via Libio 53, 4.5, Sights & Landmarks, /Attraction_Review-g1007733-d10822779-Reviews-Area_Archeologica_Tombe_Ipogeiche_Via_Libio_53-Porto_Torres_Province_of_Sassari.html, /Attractions-g1007733-Activities-Porto_Torres_Province_of_Sassari_Sardinia.html
Necropoli di Atrio Metropoli, 4.5, Sights & Landmarks, /Attraction_Review-g1007733-d10822789-Reviews-Necropoli_di_Atrio_Metropoli-Porto_Torres_Province_of_Sassari_Sardinia.html, /Attractions-g1007733-Activities-Porto_Torres_Province_of_Sassari_Sardinia.html
Chiesa di Santu Bainzu Ischabizzaddu, 4.5, Sights & Landmarks, /Attraction_Review-g1007733-d10822777-Reviews-Chiesa_di_Santu_Bainzu_Ischabizzaddu-Porto_Torres_Province_of_Sassari_Sardinia.html, /Attractions-g1007733-Activities-Porto_Torres_Province_of_Sassari_Sardinia.html
Chiesa della Beata Vergine della Consolata, 3.5, Sights & Landmarks, /Attraction_Review-g1007733-d11881064-Reviews-Chiesa_della_Beata_Vergine_della_Consolata-Porto_Torres_Province_of_Sassari_Sar.html, /Attractions-g1007733-Activities-Porto_Torres_Province_of_Sassari_Sardinia.html
Parco San Gavino, 3.5, Nature & Parks, /Attraction_Review-g1007733-d10820125-Reviews-Parco_San_Gavino-Porto_Torres_Province_of_Sassari_Sardinia.html, /Attractions-g1007733-Activities-Porto_Torres_Province_of_Sassari_Sardinia.html
Pineta di La Farrizza, 3.5, Nature & Parks, /Attraction_Review-g1007733-d10822835-Reviews-Pineta_di_La_Farrizza-Porto_Torres_Province_of_Sassari_Sardinia.html, /Attractions-g1007733-Activities-Porto_Torres_Province_of_Sassari_Sardinia.html
Parco Chico Mendes, 3.5, Nature & Parks, /Attraction_Review-g1007733-d10822766-Reviews-Parco_Chico_Mendes-Porto_Torres_Province_of_Sassari_Sardinia.html, /Attractions-g1007733-Activities-Porto_Torres_Province_of_Sassari_Sardinia.html
Corsica Ferries, 3.0, Transportation, /Attraction_Review-g1007733-d19883760-Reviews-Corsica_Ferries-Porto_Torres_Province_of_Sassari_Sardinia.html, /Attractions-g1007733-Activities-Porto_Torres_Province_of_Sassari_Sardinia.html
Parco Quattrozampe, 3.5, Nature & Parks, /Attraction_Review-g1007733-d10822848-Reviews-Parco_Quattrozampe-Porto_Torres_Province_of_Sassari_Sardinia.html, /Attractions-g1007733-Activities-Porto_Torres_Province_of_Sassari_Sardinia.html
Parco Belvedere, 3.0, Nature & Parks, /Attraction_Review-g1007733-d10820130-Reviews-Parco_Belvedere-Porto_Torres_Province_of_Sassari_Sardinia.html, /Attractions-g1007733-Activities-Porto_Torres_Province_of_Sassari_Sardinia.html
ScopriSardegna - Day Tour, 5.0, Tours, /Attraction_Review-g1007733-d3543293-Reviews-ScopriSardegna_Day_Tour-Porto_Torres_Province_of_Sassari_Sardinia.html, /Attractions-g1007733-Activities-Porto_Torres_Province_of_Sassari_Sardinia.html
Shardana - Escursioni nel Parco Nazionale dell'Asinara, 5.0, Tours, /Attraction_Review-g1007733-d4776458-Reviews-Shardana_Escursioni_nel_Parco_Nazionale_dell_Asinara-Porto_Torres_Province_of_Sa.html, /Attractions-g1007733-Activities-Porto_Torres_Province_of_Sassari_Sardinia.html
Nesos Fuoristrada, 5.0, Tours, /Attraction_Review-g1007733-d6998299-Reviews-Nesos_Fuoristrada-Porto_Torres_Province_of_Sassari_Sardinia.html, /Attractions-g1007733-Activities-Porto_Torres_Province_of_Sassari_Sardinia.html
Tropical - Porto Torres, 3.5, Nightlife, /Attraction_Review-g1007733-d5923340-Reviews-Tropical_Porto_Torres-Porto_Torres_Province_of_Sassari_Sardinia.html, /Attractions-g1007733-Activities-Porto_Torres_Province_of_Sassari_Sardinia.html
Via Libio 53, None, Tours, /Attraction_Review-g1007733-d13568789-Reviews-Via_Libio_53-Porto_Torres_Province_of_Sassari_Sardinia.html, /Attractions-g1007733-Activities-Porto_Torres_Province_of_Sassari_Sardinia.html
Sardinia Transfer Service, None, Transportation, /Attraction_Review-g1007733-d14065125-Reviews-Sardinia_Transfer_Service-Porto_Torres_Province_of_Sassari_Sardinia.html, /Attractions-g1007733-Activities-Porto_Torres_Province_of_Sassari_Sardinia.html
Torre Di Abbacurrente, None, Sights & Landmarks, /Attraction_Review-g1007733-d18845491-Reviews-Torre_Di_Abbacurrente-Porto_Torres_Province_of_Sassari_Sardinia.html, /Attractions-g1007733-Activities-Porto_Torres_Province_of_Sassari_Sardinia.html
