attraction_name, attraction_rate, attraction_type, attraction_url, attraction_parent_url
Parrocchia di Santi Pietro e Paolo - Sacconago, None, Sights & Landmarks, /Attraction_Review-g608898-d13147844-Reviews-Parrocchia_di_Santi_Pietro_e_Paolo_Sacconago-Busto_Arsizio_Province_of_Varese_Lo.html, /Attractions-g608898-Activities-Busto_Arsizio_Province_of_Varese_Lombardy.html
Museo di Arte Sacra, None, Museums, /Attraction_Review-g608898-d13147903-Reviews-Museo_di_Arte_Sacra-Busto_Arsizio_Province_of_Varese_Lombardy.html, /Attractions-g608898-Activities-Busto_Arsizio_Province_of_Varese_Lombardy.html
Parco Mameli, None, Nature & Parks, /Attraction_Review-g608898-d13147908-Reviews-Parco_Mameli-Busto_Arsizio_Province_of_Varese_Lombardy.html, /Attractions-g608898-Activities-Busto_Arsizio_Province_of_Varese_Lombardy.html
Fondazione Bandera Per L'Arte, None, Museums, /Attraction_Review-g608898-d13147926-Reviews-Fondazione_Bandera_Per_L_Arte-Busto_Arsizio_Province_of_Varese_Lombardy.html, /Attractions-g608898-Activities-Busto_Arsizio_Province_of_Varese_Lombardy.html
Collezione Paneghini, None, Museums, /Attraction_Review-g608898-d14396762-Reviews-Collezione_Paneghini-Busto_Arsizio_Province_of_Varese_Lombardy.html, /Attractions-g608898-Activities-Busto_Arsizio_Province_of_Varese_Lombardy.html
Cristina Moregola Gallery, None, Museums, /Attraction_Review-g608898-d15211253-Reviews-Cristina_Moregola_Gallery-Busto_Arsizio_Province_of_Varese_Lombardy.html, /Attractions-g608898-Activities-Busto_Arsizio_Province_of_Varese_Lombardy.html
Viale della Gloria, None, Sights & Landmarks, /Attraction_Review-g608898-d15309362-Reviews-Viale_della_Gloria-Busto_Arsizio_Province_of_Varese_Lombardy.html, /Attractions-g608898-Activities-Busto_Arsizio_Province_of_Varese_Lombardy.html
Bustofolk Festival Interceltico, None, Events, /Attraction_Review-g608898-d21185802-Reviews-Bustofolk_Festival_Interceltico-Busto_Arsizio_Province_of_Varese_Lombardy.html, /Attractions-g608898-Activities-Busto_Arsizio_Province_of_Varese_Lombardy.html
