attraction_name, attraction_rate, attraction_type, attraction_url, attraction_parent_url
Villa Caiselli - Carlutti, 4.5, Sights & Landmarks, /Attraction_Review-g2337181-d10223530-Reviews-Villa_Caiselli_Carlutti-Pavia_di_Udine_Province_of_Udine_Friuli_Venezia_Giulia.html, /Attractions-g2337181-Activities-Pavia_di_Udine_Province_of_Udine_Friuli_Venezia_Giulia.html
Chiesa della SS. Trinita a Risano, 4.5, Sights & Landmarks, /Attraction_Review-g2337181-d12384429-Reviews-Chiesa_della_SS_Trinita_a_Risano-Pavia_di_Udine_Province_of_Udine_Friuli_Venezi.html, /Attractions-g2337181-Activities-Pavia_di_Udine_Province_of_Udine_Friuli_Venezia_Giulia.html
Villa Lovaria, 3.5, Sights & Landmarks, /Attraction_Review-g2337181-d10215372-Reviews-Villa_Lovaria-Pavia_di_Udine_Province_of_Udine_Friuli_Venezia_Giulia.html, /Attractions-g2337181-Activities-Pavia_di_Udine_Province_of_Udine_Friuli_Venezia_Giulia.html
Chiesa di San Martino a Chiasottis, 4.0, Sights & Landmarks, /Attraction_Review-g2337181-d10801235-Reviews-Chiesa_di_San_Martino_a_Chiasottis-Pavia_di_Udine_Province_of_Udine_Friuli_Vene.html, /Attractions-g2337181-Activities-Pavia_di_Udine_Province_of_Udine_Friuli_Venezia_Giulia.html
Scarbolo, 5.0, Food & Drink, /Attraction_Review-g2337181-d6197293-Reviews-Scarbolo-Pavia_di_Udine_Province_of_Udine_Friuli_Venezia_Giulia.html, /Attractions-g2337181-Activities-Pavia_di_Udine_Province_of_Udine_Friuli_Venezia_Giulia.html
Santuario della Madonna di Muris, 4.0, Sights & Landmarks, /Attraction_Review-g2337181-d12311363-Reviews-Santuario_della_Madonna_di_Muris-Pavia_di_Udine_Province_of_Udine_Friuli_Venezi.html, /Attractions-g2337181-Activities-Pavia_di_Udine_Province_of_Udine_Friuli_Venezia_Giulia.html
Villa Frattina&& Caiselli - Percoto, 2.5, Sights & Landmarks, /Attraction_Review-g2337181-d10215377-Reviews-Villa_Frattina_Caiselli_Percoto-Pavia_di_Udine_Province_of_Udine_Friuli_Venezia.html, /Attractions-g2337181-Activities-Pavia_di_Udine_Province_of_Udine_Friuli_Venezia_Giulia.html
Villa Florio - Persereano, None, Sights & Landmarks, /Attraction_Review-g2337181-d10215366-Reviews-Villa_Florio_Persereano-Pavia_di_Udine_Province_of_Udine_Friuli_Venezia_Giulia.html, /Attractions-g2337181-Activities-Pavia_di_Udine_Province_of_Udine_Friuli_Venezia_Giulia.html
Villa della Porta&& Kechler&& Dorigo - Ronchi, None, Sights & Landmarks, /Attraction_Review-g2337181-d10215370-Reviews-Villa_della_Porta_Kechler_Dorigo_Ronchi-Pavia_di_Udine_Province_of_Udine_Friuli.html, /Attractions-g2337181-Activities-Pavia_di_Udine_Province_of_Udine_Friuli_Venezia_Giulia.html
Chiesa di Sant'Ulderico, None, Sights & Landmarks, /Attraction_Review-g2337181-d10801389-Reviews-Chiesa_di_Sant_Ulderico-Pavia_di_Udine_Province_of_Udine_Friuli_Venezia_Giulia.html, /Attractions-g2337181-Activities-Pavia_di_Udine_Province_of_Udine_Friuli_Venezia_Giulia.html
Casa Medioevale 'Colombare', None, Sights & Landmarks, /Attraction_Review-g2337181-d10801320-Reviews-Casa_Medioevale_Colombare-Pavia_di_Udine_Province_of_Udine_Friuli_Venezia_Giuli.html, /Attractions-g2337181-Activities-Pavia_di_Udine_Province_of_Udine_Friuli_Venezia_Giulia.html
Villa dei Conti Beretta, None, Sights & Landmarks, /Attraction_Review-g2337181-d10801337-Reviews-Villa_dei_Conti_Beretta-Pavia_di_Udine_Province_of_Udine_Friuli_Venezia_Giulia.html, /Attractions-g2337181-Activities-Pavia_di_Udine_Province_of_Udine_Friuli_Venezia_Giulia.html
Villa Marchesi&& Savorgnan Della Bandiera&& Mantica Frangipane, None, Sights & Landmarks, /Attraction_Review-g2337181-d21352217-Reviews-Villa_Marchesi_Savorgnan_Della_Bandiera_Mantica_Frangipane-Pavia_di_Udine_Provi.html, /Attractions-g2337181-Activities-Pavia_di_Udine_Province_of_Udine_Friuli_Venezia_Giulia.html
Villa De Franceschi, None, Sights & Landmarks, /Attraction_Review-g2337181-d21352216-Reviews-Villa_De_Franceschi-Pavia_di_Udine_Province_of_Udine_Friuli_Venezia_Giulia.html, /Attractions-g2337181-Activities-Pavia_di_Udine_Province_of_Udine_Friuli_Venezia_Giulia.html
