attraction_name, attraction_rate, attraction_type, attraction_url, attraction_parent_url
Santa Casa di Cavona, 5.0, Sights & Landmarks, /Attraction_Review-g3464677-d15056442-Reviews-Santa_Casa_di_Cavona-Cuveglio_Province_of_Varese_Lombardy.html, /Attractions-g3464677-Activities-Cuveglio_Province_of_Varese_Lombardy.html
American Southwest Museum, 5.0, Museums, /Attraction_Review-g3464677-d14938815-Reviews-American_Southwest_Museum-Cuveglio_Province_of_Varese_Lombardy.html, /Attractions-g3464677-Activities-Cuveglio_Province_of_Varese_Lombardy.html
Chiesa S. Lorenzo, 5.0, Sights & Landmarks, /Attraction_Review-g3464677-d15057097-Reviews-Chiesa_S_Lorenzo-Cuveglio_Province_of_Varese_Lombardy.html, /Attractions-g3464677-Activities-Cuveglio_Province_of_Varese_Lombardy.html
Chiesa S. Anna, 5.0, Sights & Landmarks, /Attraction_Review-g3464677-d15057247-Reviews-Chiesa_S_Anna-Cuveglio_Province_of_Varese_Lombardy.html, /Attractions-g3464677-Activities-Cuveglio_Province_of_Varese_Lombardy.html
Il Sentiero Degli Innamorati, 5.0, Nature & Parks, /Attraction_Review-g3464677-d17383443-Reviews-Il_Sentiero_Degli_Innamorati-Cuveglio_Province_of_Varese_Lombardy.html, /Attractions-g3464677-Activities-Cuveglio_Province_of_Varese_Lombardy.html
Anello della Valcanasca, 5.0, Nature & Parks, /Attraction_Review-g3464677-d17383426-Reviews-Anello_della_Valcanasca-Cuveglio_Province_of_Varese_Lombardy.html, /Attractions-g3464677-Activities-Cuveglio_Province_of_Varese_Lombardy.html
Baita Santa Maria, 4.5, Nature & Parks, /Attraction_Review-g3464677-d13236601-Reviews-Baita_Santa_Maria-Cuveglio_Province_of_Varese_Lombardy.html, /Attractions-g3464677-Activities-Cuveglio_Province_of_Varese_Lombardy.html
S. Maria del Bosco, 5.0, Sights & Landmarks, /Attraction_Review-g3464677-d15057310-Reviews-S_Maria_del_Bosco-Cuveglio_Province_of_Varese_Lombardy.html, /Attractions-g3464677-Activities-Cuveglio_Province_of_Varese_Lombardy.html
Grotta del Versante e del Monte Martinello, 5.0, Nature & Parks, /Attraction_Review-g3464677-d17406031-Reviews-Grotta_del_Versante_e_del_Monte_Martinello-Cuveglio_Province_of_Varese_Lombardy.html, /Attractions-g3464677-Activities-Cuveglio_Province_of_Varese_Lombardy.html
Chiesa Santa Maria, 5.0, Sights & Landmarks, /Attraction_Review-g3464677-d15060388-Reviews-Chiesa_Santa_Maria-Cuveglio_Province_of_Varese_Lombardy.html, /Attractions-g3464677-Activities-Cuveglio_Province_of_Varese_Lombardy.html
Monumento ai Caduti di Vergobbio, 5.0, Sights & Landmarks, /Attraction_Review-g3464677-d15051843-Reviews-Monumento_ai_Caduti_di_Vergobbio-Cuveglio_Province_of_Varese_Lombardy.html, /Attractions-g3464677-Activities-Cuveglio_Province_of_Varese_Lombardy.html
Monumento ai Caduti di Cuveglio, 5.0, Sights & Landmarks, /Attraction_Review-g3464677-d15210531-Reviews-Monumento_ai_Caduti_di_Cuveglio-Cuveglio_Province_of_Varese_Lombardy.html, /Attractions-g3464677-Activities-Cuveglio_Province_of_Varese_Lombardy.html
Cuveglio Duno San Martino in culmine, None, Nature & Parks, /Attraction_Review-g3464677-d15613226-Reviews-Cuveglio_Duno_San_Martino_in_culmine-Cuveglio_Province_of_Varese_Lombardy.html, /Attractions-g3464677-Activities-Cuveglio_Province_of_Varese_Lombardy.html
Chiesa San Lorenzo, None, Sights & Landmarks, /Attraction_Review-g3464677-d15057755-Reviews-Chiesa_San_Lorenzo-Cuveglio_Province_of_Varese_Lombardy.html, /Attractions-g3464677-Activities-Cuveglio_Province_of_Varese_Lombardy.html
Terza grotta della Valcanasca, None, Nature & Parks, /Attraction_Review-g3464677-d17815036-Reviews-Terza_grotta_della_Valcanasca-Cuveglio_Province_of_Varese_Lombardy.html, /Attractions-g3464677-Activities-Cuveglio_Province_of_Varese_Lombardy.html
parrocchia S. Lorenzo, None, Sights & Landmarks, /Attraction_Review-g3464677-d17812333-Reviews-Parrocchia_S_Lorenzo-Cuveglio_Province_of_Varese_Lombardy.html, /Attractions-g3464677-Activities-Cuveglio_Province_of_Varese_Lombardy.html
prima grotta della Valcanasca, None, Nature & Parks, /Attraction_Review-g3464677-d17398516-Reviews-Prima_grotta_della_Valcanasca-Cuveglio_Province_of_Varese_Lombardy.html, /Attractions-g3464677-Activities-Cuveglio_Province_of_Varese_Lombardy.html
pozzo della Valcanasca, None, Nature & Parks, /Attraction_Review-g3464677-d17398520-Reviews-Pozzo_della_Valcanasca-Cuveglio_Province_of_Varese_Lombardy.html, /Attractions-g3464677-Activities-Cuveglio_Province_of_Varese_Lombardy.html
seconda grotta di Valcanasca, None, Nature & Parks, /Attraction_Review-g3464677-d17398488-Reviews-Seconda_grotta_di_Valcanasca-Cuveglio_Province_of_Varese_Lombardy.html, /Attractions-g3464677-Activities-Cuveglio_Province_of_Varese_Lombardy.html
Chiesa S. Michele, None, Sights & Landmarks, /Attraction_Review-g3464677-d21005086-Reviews-Chiesa_S_Michele-Cuveglio_Province_of_Varese_Lombardy.html, /Attractions-g3464677-Activities-Cuveglio_Province_of_Varese_Lombardy.html
