attraction_name, attraction_rate, attraction_type, attraction_url, attraction_parent_url
Studio d'Arte Gerardo Cosenza, 4.0, Museums, /Attraction_Review-g187773-d12194120-Reviews-Studio_d_Arte_Gerardo_Cosenza-Potenza_Province_of_Potenza_Basilicata.html, /Attractions-g187773-Activities-Potenza_Province_of_Potenza_Basilicata.html
Palazzo Marsico, 4.0, Sights & Landmarks, /Attraction_Review-g187773-d12138590-Reviews-Palazzo_Marsico-Potenza_Province_of_Potenza_Basilicata.html, /Attractions-g187773-Activities-Potenza_Province_of_Potenza_Basilicata.html
Museo Diocesano, 4.5, Museums, /Attraction_Review-g187773-d12192621-Reviews-Museo_Diocesano-Potenza_Province_of_Potenza_Basilicata.html, /Attractions-g187773-Activities-Potenza_Province_of_Potenza_Basilicata.html
Fontana Villa Comunale di Santa Maria, 3.5, Sights & Landmarks, /Attraction_Review-g187773-d12139719-Reviews-Fontana_Villa_Comunale_di_Santa_Maria-Potenza_Province_of_Potenza_Basilicata.html, /Attractions-g187773-Activities-Potenza_Province_of_Potenza_Basilicata.html
Borgo di Guardia Perticara, 5.0, Sights & Landmarks, /Attraction_Review-g187773-d14945158-Reviews-Borgo_di_Guardia_Perticara-Potenza_Province_of_Potenza_Basilicata.html, /Attractions-g187773-Activities-Potenza_Province_of_Potenza_Basilicata.html
Mes - Museo Etnografico Sarconi, 5.0, Museums, /Attraction_Review-g187773-d21319393-Reviews-Mes_Museo_Etnografico_Sarconi-Potenza_Province_of_Potenza_Basilicata.html, /Attractions-g187773-Activities-Potenza_Province_of_Potenza_Basilicata.html
Opera 'Don Uva' Potenza, None, Sights & Landmarks, /Attraction_Review-g187773-d12194115-Reviews-Opera_Don_Uva_Potenza-Potenza_Province_of_Potenza_Basilicata.html, /Attractions-g187773-Activities-Potenza_Province_of_Potenza_Basilicata.html
Sportello I.A.T., None, Traveller Resources, /Attraction_Review-g187773-d12095365-Reviews-Sportello_I_A_T-Potenza_Province_of_Potenza_Basilicata.html, /Attractions-g187773-Activities-Potenza_Province_of_Potenza_Basilicata.html
Chiesa Beata Vergine del Rosario di Betlemme, None, Sights & Landmarks, /Attraction_Review-g187773-d13218085-Reviews-Chiesa_Beata_Vergine_del_Rosario_di_Betlemme-Potenza_Province_of_Potenza_Basilic.html, /Attractions-g187773-Activities-Potenza_Province_of_Potenza_Basilicata.html
Chiesa di San Giovanni Bosco, None, Sights & Landmarks, /Attraction_Review-g187773-d13217354-Reviews-Chiesa_di_San_Giovanni_Bosco-Potenza_Province_of_Potenza_Basilicata.html, /Attractions-g187773-Activities-Potenza_Province_of_Potenza_Basilicata.html
Chiesa di Santa Maria Assunta, None, Sights & Landmarks, /Attraction_Review-g17532885-d19658872-Reviews-Chiesa_di_Santa_Maria_Assunta-Balvano_Potenza_Province_of_Potenza_Basilicata.html, /Attractions-g187773-Activities-Potenza_Province_of_Potenza_Basilicata.html
Chiesa Santa Maria del Soccorso, None, Sights & Landmarks, /Attraction_Review-g187773-d21320806-Reviews-Chiesa_Santa_Maria_del_Soccorso-Potenza_Province_of_Potenza_Basilicata.html, /Attractions-g187773-Activities-Potenza_Province_of_Potenza_Basilicata.html
Chiesa Madonna degli Angeli, None, Sights & Landmarks, /Attraction_Review-g187773-d21320812-Reviews-Chiesa_Madonna_degli_Angeli-Potenza_Province_of_Potenza_Basilicata.html, /Attractions-g187773-Activities-Potenza_Province_of_Potenza_Basilicata.html
