attraction_name, attraction_rate, attraction_type, attraction_url, attraction_parent_url
Castello di Thiene, 4.5, Nature & Parks, /Attraction_Review-g1077068-d5768707-Reviews-Castello_di_Thiene-Thiene_Province_of_Vicenza_Veneto.html, /Attractions-g1077068-Activities-Thiene_Province_of_Vicenza_Veneto.html
Chiesa di San Vincenzo (secolo XIV), 4.5, Sights & Landmarks, /Attraction_Review-g1077068-d5777213-Reviews-Chiesa_di_San_Vincenzo_secolo_XIV-Thiene_Province_of_Vicenza_Veneto.html, /Attractions-g1077068-Activities-Thiene_Province_of_Vicenza_Veneto.html
Chiesa del Rosario, 4.5, Sights & Landmarks, /Attraction_Review-g1077068-d11952976-Reviews-Chiesa_del_Rosario-Thiene_Province_of_Vicenza_Veneto.html, /Attractions-g1077068-Activities-Thiene_Province_of_Vicenza_Veneto.html
Duomo Di Thiene, 3.5, Sights & Landmarks, /Attraction_Review-g1077068-d8111318-Reviews-Duomo_Di_Thiene-Thiene_Province_of_Vicenza_Veneto.html, /Attractions-g1077068-Activities-Thiene_Province_of_Vicenza_Veneto.html
Antica Loggia - Monumento ai Caduti, 4.0, Sights & Landmarks, /Attraction_Review-g1077068-d10749204-Reviews-Antica_Loggia_Monumento_ai_Caduti-Thiene_Province_of_Vicenza_Veneto.html, /Attractions-g1077068-Activities-Thiene_Province_of_Vicenza_Veneto.html
Teatro Comunale, 4.5, Concerts & Shows, /Attraction_Review-g1077068-d11945943-Reviews-Teatro_Comunale-Thiene_Province_of_Vicenza_Veneto.html, /Attractions-g1077068-Activities-Thiene_Province_of_Vicenza_Veneto.html
Santuario della Madonna dell'Olmo, 3.0, Sights & Landmarks, /Attraction_Review-g1077068-d11925990-Reviews-Santuario_della_Madonna_dell_Olmo-Thiene_Province_of_Vicenza_Veneto.html, /Attractions-g1077068-Activities-Thiene_Province_of_Vicenza_Veneto.html
Chiesa di San Gaetano, 4.0, Sights & Landmarks, /Attraction_Review-g1077068-d11953125-Reviews-Chiesa_di_San_Gaetano-Thiene_Province_of_Vicenza_Veneto.html, /Attractions-g1077068-Activities-Thiene_Province_of_Vicenza_Veneto.html
Museo di Arte Sacra, 4.5, Museums, /Attraction_Review-g1077068-d11955338-Reviews-Museo_di_Arte_Sacra-Thiene_Province_of_Vicenza_Veneto.html, /Attractions-g1077068-Activities-Thiene_Province_of_Vicenza_Veneto.html
Centro Commerciale di Thiene, 2.0, Shopping, /Attraction_Review-g1077068-d11979940-Reviews-Centro_Commerciale_di_Thiene-Thiene_Province_of_Vicenza_Veneto.html, /Attractions-g1077068-Activities-Thiene_Province_of_Vicenza_Veneto.html
Torre Civica o del Serlio, 4.0, Sights & Landmarks, /Attraction_Review-g1077068-d10749191-Reviews-Torre_Civica_o_del_Serlio-Thiene_Province_of_Vicenza_Veneto.html, /Attractions-g1077068-Activities-Thiene_Province_of_Vicenza_Veneto.html
Villa Ca' Bregane, 3.5, Sights & Landmarks, /Attraction_Review-g1077068-d11953022-Reviews-Villa_Ca_Bregane-Thiene_Province_of_Vicenza_Veneto.html, /Attractions-g1077068-Activities-Thiene_Province_of_Vicenza_Veneto.html
Chiesa di Santa Lucia - Galleria d'Arte Moderna, 3.0, Museums, /Attraction_Review-g1077068-d11953090-Reviews-Chiesa_di_Santa_Lucia_Galleria_d_Arte_Moderna-Thiene_Province_of_Vicenza_Veneto.html, /Attractions-g1077068-Activities-Thiene_Province_of_Vicenza_Veneto.html
Palazzo Cornaggia, 3.0, Sights & Landmarks, /Attraction_Review-g1077068-d11953039-Reviews-Palazzo_Cornaggia-Thiene_Province_of_Vicenza_Veneto.html, /Attractions-g1077068-Activities-Thiene_Province_of_Vicenza_Veneto.html
Chiesa di Santa Maria della Neve, 3.0, Sights & Landmarks, /Attraction_Review-g1077068-d11955337-Reviews-Chiesa_di_Santa_Maria_della_Neve-Thiene_Province_of_Vicenza_Veneto.html, /Attractions-g1077068-Activities-Thiene_Province_of_Vicenza_Veneto.html
Chiesa della Nativita della Beata Vergine Maria, 3.5, Sights & Landmarks, /Attraction_Review-g1077068-d11953007-Reviews-Chiesa_della_Nativita_della_Beata_Vergine_Maria-Thiene_Province_of_Vicenza_Vene.html, /Attractions-g1077068-Activities-Thiene_Province_of_Vicenza_Veneto.html
Sacello Al Cristo, 3.0, Sights & Landmarks, /Attraction_Review-g1077068-d11953399-Reviews-Sacello_Al_Cristo-Thiene_Province_of_Vicenza_Veneto.html, /Attractions-g1077068-Activities-Thiene_Province_of_Vicenza_Veneto.html
Pub Enoteca Al Cappello, 4.5, Nightlife, /Attraction_Review-g1077068-d5923987-Reviews-Pub_Enoteca_Al_Cappello-Thiene_Province_of_Vicenza_Veneto.html, /Attractions-g1077068-Activities-Thiene_Province_of_Vicenza_Veneto.html
Dolce Capriccio, 4.5, Nightlife, /Attraction_Review-g1077068-d5924530-Reviews-Dolce_Capriccio-Thiene_Province_of_Vicenza_Veneto.html, /Attractions-g1077068-Activities-Thiene_Province_of_Vicenza_Veneto.html
Bar Dolce Vita, 5.0, Nightlife, /Attraction_Review-g1077068-d5922863-Reviews-Bar_Dolce_Vita-Thiene_Province_of_Vicenza_Veneto.html, /Attractions-g1077068-Activities-Thiene_Province_of_Vicenza_Veneto.html
Confine Cafe, 5.0, Nightlife, /Attraction_Review-g1077068-d5937320-Reviews-Confine_Cafe-Thiene_Province_of_Vicenza_Veneto.html, /Attractions-g1077068-Activities-Thiene_Province_of_Vicenza_Veneto.html
Parco Giardini del Bosco - Via Bosco dei Preti, 5.0, Nature & Parks, /Attraction_Review-g1077068-d21015465-Reviews-Parco_Giardini_del_Bosco_Via_Bosco_dei_Preti-Thiene_Province_of_Vicenza_Veneto.html, /Attractions-g1077068-Activities-Thiene_Province_of_Vicenza_Veneto.html
Caffe Carducci Thiene, 3.5, Nightlife, /Attraction_Review-g1077068-d5924243-Reviews-Caffe_Carducci_Thiene-Thiene_Province_of_Vicenza_Veneto.html, /Attractions-g1077068-Activities-Thiene_Province_of_Vicenza_Veneto.html
La Luna e i Falò, 4.0, Nightlife, /Attraction_Review-g1077068-d5922774-Reviews-La_Luna_e_i_Falo-Thiene_Province_of_Vicenza_Veneto.html, /Attractions-g1077068-Activities-Thiene_Province_of_Vicenza_Veneto.html
Villa Fabris, 3.0, Sights & Landmarks, /Attraction_Review-g1077068-d17622743-Reviews-Villa_Fabris-Thiene_Province_of_Vicenza_Veneto.html, /Attractions-g1077068-Activities-Thiene_Province_of_Vicenza_Veneto.html
Cocco Bongo Snc Di Rozzanigo Ornella Snc, None, Nightlife, /Attraction_Review-g1077068-d5941111-Reviews-Cocco_Bongo_Snc_Di_Rozzanigo_Ornella_Snc-Thiene_Province_of_Vicenza_Veneto.html, /Attractions-g1077068-Activities-Thiene_Province_of_Vicenza_Veneto.html
I.A.T. di Destinazione Thiene e La Pedemontana Vicentina, None, Traveller Resources, /Attraction_Review-g1077068-d11945939-Reviews-I_A_T_di_Destinazione_Thiene_e_La_Pedemontana_Vicentina-Thiene_Province_of_Vice.html, /Attractions-g1077068-Activities-Thiene_Province_of_Vicenza_Veneto.html
Monumento Ad Arturo Ferrarin, None, Sights & Landmarks, /Attraction_Review-g1077068-d21001686-Reviews-Monumento_Ad_Arturo_Ferrarin-Thiene_Province_of_Vicenza_Veneto.html, /Attractions-g1077068-Activities-Thiene_Province_of_Vicenza_Veneto.html
Aquatic Center, None, Fun & Games, /Attraction_Review-g1077068-d20999212-Reviews-Aquatic_Center-Thiene_Province_of_Vicenza_Veneto.html, /Attractions-g1077068-Activities-Thiene_Province_of_Vicenza_Veneto.html
Fontana di Bacco e Arianna, None, Sights & Landmarks, /Attraction_Review-g1077068-d20998361-Reviews-Fontana_di_Bacco_e_Arianna-Thiene_Province_of_Vicenza_Veneto.html, /Attractions-g1077068-Activities-Thiene_Province_of_Vicenza_Veneto.html
