attraction_name, attraction_rate, attraction_type, attraction_url, attraction_parent_url
Borgo di Barazzetto, 3.0, Sights & Landmarks, /Attraction_Review-g5538919-d10744006-Reviews-Borgo_di_Barazzetto-Coseano_Province_of_Udine_Friuli_Venezia_Giulia.html, /Attractions-g5538919-Activities-Coseano_Province_of_Udine_Friuli_Venezia_Giulia.html
Chiesetta di San Rocco di Coseano, 3.0, Sights & Landmarks, /Attraction_Review-g5538919-d10678312-Reviews-Chiesetta_di_San_Rocco_di_Coseano-Coseano_Province_of_Udine_Friuli_Venezia_Giul.html, /Attractions-g5538919-Activities-Coseano_Province_of_Udine_Friuli_Venezia_Giulia.html
Chiesa dei Santi Pietro e Paolo, None, Sights & Landmarks, /Attraction_Review-g5538919-d10679319-Reviews-Chiesa_dei_Santi_Pietro_e_Paolo-Coseano_Province_of_Udine_Friuli_Venezia_Giulia.html, /Attractions-g5538919-Activities-Coseano_Province_of_Udine_Friuli_Venezia_Giulia.html
Chiesa di S. Biagio, None, Sights & Landmarks, /Attraction_Review-g12161975-d12099009-Reviews-Chiesa_di_S_Biagio-Maseris_Coseano_Province_of_Udine_Friuli_Venezia_Giulia.html, /Attractions-g5538919-Activities-Coseano_Province_of_Udine_Friuli_Venezia_Giulia.html
Vincenzo Pisana Autonoleggio con Conducente, None, Transportation, /Attraction_Review-g5538919-d16662355-Reviews-Vincenzo_Pisana_Autonoleggio_con_Conducente-Coseano_Province_of_Udine_Friuli_Ve.html, /Attractions-g5538919-Activities-Coseano_Province_of_Udine_Friuli_Venezia_Giulia.html
