attraction_name, attraction_rate, attraction_type, attraction_url, attraction_parent_url
Chiesetta di Sant'Antonio, 4.0, Sights & Landmarks, /Attraction_Review-g3570036-d7046869-Reviews-Chiesetta_di_Sant_Antonio-Parre_Province_of_Bergamo_Lombardy.html, /Attractions-g3570036-Activities-Parre_Province_of_Bergamo_Lombardy.html
PARRA Oppidum degli Orobi, 5.0, Museums, /Attraction_Review-g3570036-d8434887-Reviews-PARRA_Oppidum_degli_Orobi-Parre_Province_of_Bergamo_Lombardy.html, /Attractions-g3570036-Activities-Parre_Province_of_Bergamo_Lombardy.html
Chiesa della Santissima Trinità, 4.0, Sights & Landmarks, /Attraction_Review-g3570036-d14843717-Reviews-Chiesa_della_Santissima_Trinita-Parre_Province_of_Bergamo_Lombardy.html, /Attractions-g3570036-Activities-Parre_Province_of_Bergamo_Lombardy.html
Chiesa di San Pietro, 4.0, Sights & Landmarks, /Attraction_Review-g3570036-d8567552-Reviews-Chiesa_di_San_Pietro-Parre_Province_of_Bergamo_Lombardy.html, /Attractions-g3570036-Activities-Parre_Province_of_Bergamo_Lombardy.html
Chiesa di San Rocco, 4.0, Sights & Landmarks, /Attraction_Review-g3570036-d8567579-Reviews-Chiesa_di_San_Rocco-Parre_Province_of_Bergamo_Lombardy.html, /Attractions-g3570036-Activities-Parre_Province_of_Bergamo_Lombardy.html
