attraction_name, attraction_rate, attraction_type, attraction_url, attraction_parent_url
Fonte di Napoleone, 5.0, Sights & Landmarks, /Attraction_Review-g194810-d21256324-Reviews-Fonte_di_Napoleone-Marciana_Elba_Island_Province_of_Livorno_Tuscany.html, /Attractions-g202314-Activities-Elba_Island_Province_of_Livorno_Tuscany.html
Percorso del Santuario del Monserrato, 4.0, Nature & Parks, /Attraction_Review-g194855-d21361978-Reviews-Percorso_del_Santuario_del_Monserrato-Porto_Azzurro_Elba_Island_Province_of_Livo.html, /Attractions-g202314-Activities-Elba_Island_Province_of_Livorno_Tuscany.html
Spiaggia di Morcone, 4.0, Nature & Parks, /Attraction_Review-g6498817-d21310778-Reviews-Spiaggia_di_Morcone-Morcone_Capoliveri_Elba_Island_Province_of_Livorno_Tuscany.html, /Attractions-g202314-Activities-Elba_Island_Province_of_Livorno_Tuscany.html
Chiesa San Gaetano, 3.0, Sights & Landmarks, /Attraction_Review-g194708-d19289085-Reviews-Chiesa_San_Gaetano-Marina_di_Campo_Elba_Island_Province_of_Livorno_Tuscany.html, /Attractions-g202314-Activities-Elba_Island_Province_of_Livorno_Tuscany.html
Casalino del Castagno, None, Museums, /Attraction_Review-g194810-d13879538-Reviews-Casalino_del_Castagno-Marciana_Elba_Island_Province_of_Livorno_Tuscany.html, /Attractions-g202314-Activities-Elba_Island_Province_of_Livorno_Tuscany.html
Punta Polveraia, None, Nature & Parks, /Attraction_Review-g1526097-d15147838-Reviews-Punta_Polveraia-Patresi_Elba_Island_Province_of_Livorno_Tuscany.html, /Attractions-g202314-Activities-Elba_Island_Province_of_Livorno_Tuscany.html
Chiesa Santa Maria Assunta, None, Sights & Landmarks, /Attraction_Review-g194711-d19356499-Reviews-Chiesa_Santa_Maria_Assunta-Capoliveri_Elba_Island_Province_of_Livorno_Tuscany.html, /Attractions-g202314-Activities-Elba_Island_Province_of_Livorno_Tuscany.html
Chiesa di San Gaetano, None, Sights & Landmarks, /Attraction_Review-g194711-d19356506-Reviews-Chiesa_di_San_Gaetano-Capoliveri_Elba_Island_Province_of_Livorno_Tuscany.html, /Attractions-g202314-Activities-Elba_Island_Province_of_Livorno_Tuscany.html
Pieve di San Michele, None, Sights & Landmarks, /Attraction_Review-g194711-d19346289-Reviews-Pieve_di_San_Michele-Capoliveri_Elba_Island_Province_of_Livorno_Tuscany.html, /Attractions-g202314-Activities-Elba_Island_Province_of_Livorno_Tuscany.html
Faro di Rio Marina, None, Sights & Landmarks, /Attraction_Review-g194880-d17708240-Reviews-Faro_di_Rio_Marina-Rio_Marina_Elba_Island_Province_of_Livorno_Tuscany.html, /Attractions-g202314-Activities-Elba_Island_Province_of_Livorno_Tuscany.html
Torre degli Appiani, None, Sights & Landmarks, /Attraction_Review-g194811-d19779937-Reviews-Torre_degli_Appiani-Marciana_Marina_Elba_Island_Province_of_Livorno_Tuscany.html, /Attractions-g202314-Activities-Elba_Island_Province_of_Livorno_Tuscany.html
Chiesa di Santa Chiara, None, Sights & Landmarks, /Attraction_Review-g194811-d19779944-Reviews-Chiesa_di_Santa_Chiara-Marciana_Marina_Elba_Island_Province_of_Livorno_Tuscany.html, /Attractions-g202314-Activities-Elba_Island_Province_of_Livorno_Tuscany.html
Pieve di San Giovanni in Campo, None, Sights & Landmarks, /Attraction_Review-g1066081-d19769407-Reviews-Pieve_di_San_Giovanni_in_Campo-Campo_nell_Elba_Elba_Island_Province_of_Livorno_.html, /Attractions-g202314-Activities-Elba_Island_Province_of_Livorno_Tuscany.html
Chiesa San Giovanni Battista, None, Sights & Landmarks, /Attraction_Review-g1729384-d21105491-Reviews-Chiesa_San_Giovanni_Battista-San_Giovanni_Elba_Island_Province_of_Livorno_Tusca.html, /Attractions-g202314-Activities-Elba_Island_Province_of_Livorno_Tuscany.html
Ormeggio Barche Mola, None, Nature & Parks, /Attraction_Review-g194711-d21257010-Reviews-Ormeggio_Barche_Mola-Capoliveri_Elba_Island_Province_of_Livorno_Tuscany.html, /Attractions-g202314-Activities-Elba_Island_Province_of_Livorno_Tuscany.html
Spiaggia Di Schiopparello Portoferraio, None, Nature & Parks, /Attraction_Review-g194861-d21254649-Reviews-Spiaggia_Di_Schiopparello_Portoferraio-Portoferraio_Elba_Island_Province_of_Livo.html, /Attractions-g202314-Activities-Elba_Island_Province_of_Livorno_Tuscany.html
Tower in Marina di Campo, None, Sights & Landmarks, /Attraction_Review-g194708-d21305276-Reviews-Tower_in_Marina_di_Campo-Marina_di_Campo_Elba_Island_Province_of_Livorno_Tuscany.html, /Attractions-g202314-Activities-Elba_Island_Province_of_Livorno_Tuscany.html
