attraction_name, attraction_rate, attraction_type, attraction_url, attraction_parent_url
Museo delle Antiche Genti di Lucania, 4.5, Museums, /Attraction_Review-g3330286-d4732455-Reviews-Museo_delle_Antiche_Genti_di_Lucania-Vaglio_Basilicata_Province_of_Potenza_Basil.html, /Attractions-g3330286-Activities-Vaglio_Basilicata_Province_of_Potenza_Basilicata.html
Chiesa di San Pietro Apostolo, 4.5, Sights & Landmarks, /Attraction_Review-g3330286-d12814357-Reviews-Chiesa_di_San_Pietro_Apostolo-Vaglio_Basilicata_Province_of_Potenza_Basilicata.html, /Attractions-g3330286-Activities-Vaglio_Basilicata_Province_of_Potenza_Basilicata.html
Area Archeologica di Rossano di Vaglio, 4.0, Sights & Landmarks, /Attraction_Review-g3330286-d8814626-Reviews-Area_Archeologica_di_Rossano_di_Vaglio-Vaglio_Basilicata_Province_of_Potenza_Bas.html, /Attractions-g3330286-Activities-Vaglio_Basilicata_Province_of_Potenza_Basilicata.html
Area Archeologica di Serra di Vaglio, 4.0, Sights & Landmarks, /Attraction_Review-g3330286-d8814646-Reviews-Area_Archeologica_di_Serra_di_Vaglio-Vaglio_Basilicata_Province_of_Potenza_Basil.html, /Attractions-g3330286-Activities-Vaglio_Basilicata_Province_of_Potenza_Basilicata.html
Chiesa di San Donato, 4.0, Sights & Landmarks, /Attraction_Review-g3330286-d12814347-Reviews-Chiesa_di_San_Donato-Vaglio_Basilicata_Province_of_Potenza_Basilicata.html, /Attractions-g3330286-Activities-Vaglio_Basilicata_Province_of_Potenza_Basilicata.html
Monastero di Santa Maria del Piano, None, Sights & Landmarks, /Attraction_Review-g3330286-d10634843-Reviews-Monastero_di_Santa_Maria_del_Piano-Vaglio_Basilicata_Province_of_Potenza_Basili.html, /Attractions-g3330286-Activities-Vaglio_Basilicata_Province_of_Potenza_Basilicata.html
