attraction_name, attraction_rate, attraction_type, attraction_url, attraction_parent_url
Porto Flavia, 4.5, Sights & Landmarks, /Attraction_Review-g652013-d2212797-Reviews-Porto_Flavia-Iglesias_Province_of_Carbonia_Iglesias_Sardinia.html, /Attractions-g652013-Activities-Iglesias_Province_of_Carbonia_Iglesias_Sardinia.html
Il Belvedere di Nebida, 5.0, Sights & Landmarks, /Attraction_Review-g652013-d3202774-Reviews-Il_Belvedere_di_Nebida-Iglesias_Province_of_Carbonia_Iglesias_Sardinia.html, /Attractions-g652013-Activities-Iglesias_Province_of_Carbonia_Iglesias_Sardinia.html
Museo dell'Arte Mineraria, 5.0, Museums, /Attraction_Review-g652013-d3202748-Reviews-Museo_dell_Arte_Mineraria-Iglesias_Province_of_Carbonia_Iglesias_Sardinia.html, /Attractions-g652013-Activities-Iglesias_Province_of_Carbonia_Iglesias_Sardinia.html
Spiaggia di Masua, 4.5, Nature & Parks, /Attraction_Review-g652013-d8051277-Reviews-Spiaggia_di_Masua-Iglesias_Province_of_Carbonia_Iglesias_Sardinia.html, /Attractions-g652013-Activities-Iglesias_Province_of_Carbonia_Iglesias_Sardinia.html
Isolotto Faraglione del Pan di Zucchero, 5.0, Nature & Parks, /Attraction_Review-g652013-d3202753-Reviews-Isolotto_Faraglione_del_Pan_di_Zucchero-Iglesias_Province_of_Carbonia_Iglesias_Sa.html, /Attractions-g652013-Activities-Iglesias_Province_of_Carbonia_Iglesias_Sardinia.html
Cantina Aru, 5.0, Food & Drink, /Attraction_Review-g652013-d12673232-Reviews-Cantina_Aru-Iglesias_Province_of_Carbonia_Iglesias_Sardinia.html, /Attractions-g652013-Activities-Iglesias_Province_of_Carbonia_Iglesias_Sardinia.html
Centro Storico Iglesias, 4.0, Sights & Landmarks, /Attraction_Review-g652013-d3202766-Reviews-Centro_Storico_Iglesias-Iglesias_Province_of_Carbonia_Iglesias_Sardinia.html, /Attractions-g652013-Activities-Iglesias_Province_of_Carbonia_Iglesias_Sardinia.html
Miniera di Monteponi, 4.0, Sights & Landmarks, /Attraction_Review-g652013-d3785699-Reviews-Miniera_di_Monteponi-Iglesias_Province_of_Carbonia_Iglesias_Sardinia.html, /Attractions-g652013-Activities-Iglesias_Province_of_Carbonia_Iglesias_Sardinia.html
Cattedrale di Santa Chiara di Iglesias, 4.0, Sights & Landmarks, /Attraction_Review-g652013-d10724128-Reviews-Cattedrale_di_Santa_Chiara_di_Iglesias-Iglesias_Province_of_Carbonia_Iglesias_Sa.html, /Attractions-g652013-Activities-Iglesias_Province_of_Carbonia_Iglesias_Sardinia.html
Cascate Piscina Irgas e Oridda, 5.0, Nature & Parks, /Attraction_Review-g652013-d3202760-Reviews-Cascate_Piscina_Irgas_e_Oridda-Iglesias_Province_of_Carbonia_Iglesias_Sardinia.html, /Attractions-g652013-Activities-Iglesias_Province_of_Carbonia_Iglesias_Sardinia.html
Ufficio del Turismo, 5.0, Traveller Resources, /Attraction_Review-g652013-d11919370-Reviews-Ufficio_del_Turismo-Iglesias_Province_of_Carbonia_Iglesias_Sardinia.html, /Attractions-g652013-Activities-Iglesias_Province_of_Carbonia_Iglesias_Sardinia.html
Cimitero Monumentale di Iglesias, 4.5, Sights & Landmarks, /Attraction_Review-g652013-d10730946-Reviews-Cimitero_Monumentale_di_Iglesias-Iglesias_Province_of_Carbonia_Iglesias_Sardinia.html, /Attractions-g652013-Activities-Iglesias_Province_of_Carbonia_Iglesias_Sardinia.html
Chiesa di Santa Maria di Valverde, 4.5, Sights & Landmarks, /Attraction_Review-g652013-d10730660-Reviews-Chiesa_di_Santa_Maria_di_Valverde-Iglesias_Province_of_Carbonia_Iglesias_Sardini.html, /Attractions-g652013-Activities-Iglesias_Province_of_Carbonia_Iglesias_Sardinia.html
Pozzo Sella, 4.5, Sights & Landmarks, /Attraction_Review-g652013-d17521117-Reviews-Pozzo_Sella-Iglesias_Province_of_Carbonia_Iglesias_Sardinia.html, /Attractions-g652013-Activities-Iglesias_Province_of_Carbonia_Iglesias_Sardinia.html
Consorzio Del Parco Geominerario Storico, 4.5, Nature & Parks, /Attraction_Review-g652013-d2044581-Reviews-Consorzio_Del_Parco_Geominerario_Storico-Iglesias_Province_of_Carbonia_Iglesias_S.html, /Attractions-g652013-Activities-Iglesias_Province_of_Carbonia_Iglesias_Sardinia.html
Cammino Minerario di Santa Barbara, 5.0, Nature & Parks, /Attraction_Review-g652013-d15690680-Reviews-Cammino_Minerario_di_Santa_Barbara-Iglesias_Province_of_Carbonia_Iglesias_Sardin.html, /Attractions-g652013-Activities-Iglesias_Province_of_Carbonia_Iglesias_Sardinia.html
Chiesa della Madonna delle Grazie, 4.0, Sights & Landmarks, /Attraction_Review-g652013-d10730928-Reviews-Chiesa_della_Madonna_delle_Grazie-Iglesias_Province_of_Carbonia_Iglesias_Sardini.html, /Attractions-g652013-Activities-Iglesias_Province_of_Carbonia_Iglesias_Sardinia.html
Chiesa della Purissima di Iglesias, 4.0, Sights & Landmarks, /Attraction_Review-g652013-d10730655-Reviews-Chiesa_della_Purissima_di_Iglesias-Iglesias_Province_of_Carbonia_Iglesias_Sardin.html, /Attractions-g652013-Activities-Iglesias_Province_of_Carbonia_Iglesias_Sardinia.html
Portu Cauli, 3.0, Nature & Parks, /Attraction_Review-g652013-d12163063-Reviews-Portu_Cauli-Iglesias_Province_of_Carbonia_Iglesias_Sardinia.html, /Attractions-g652013-Activities-Iglesias_Province_of_Carbonia_Iglesias_Sardinia.html
Monumento a Quintino Sella, 3.5, Sights & Landmarks, /Attraction_Review-g652013-d10730666-Reviews-Monumento_a_Quintino_Sella-Iglesias_Province_of_Carbonia_Iglesias_Sardinia.html, /Attractions-g652013-Activities-Iglesias_Province_of_Carbonia_Iglesias_Sardinia.html
Castello Salvaterra e Mura Pisane, 4.0, Sights & Landmarks, /Attraction_Review-g652013-d3202746-Reviews-Castello_Salvaterra_e_Mura_Pisane-Iglesias_Province_of_Carbonia_Iglesias_Sardinia.html, /Attractions-g652013-Activities-Iglesias_Province_of_Carbonia_Iglesias_Sardinia.html
Santuario Madonna del Buon Cammino, 4.0, Sights & Landmarks, /Attraction_Review-g652013-d11707433-Reviews-Santuario_Madonna_del_Buon_Cammino-Iglesias_Province_of_Carbonia_Iglesias_Sardin.html, /Attractions-g652013-Activities-Iglesias_Province_of_Carbonia_Iglesias_Sardinia.html
Chiesa di San Domenico, 3.5, Sights & Landmarks, /Attraction_Review-g652013-d10730923-Reviews-Chiesa_di_San_Domenico-Iglesias_Province_of_Carbonia_Iglesias_Sardinia.html, /Attractions-g652013-Activities-Iglesias_Province_of_Carbonia_Iglesias_Sardinia.html
Museo Diocesano di Iglesias, 4.5, Museums, /Attraction_Review-g652013-d8806326-Reviews-Museo_Diocesano_di_Iglesias-Iglesias_Province_of_Carbonia_Iglesias_Sardinia.html, /Attractions-g652013-Activities-Iglesias_Province_of_Carbonia_Iglesias_Sardinia.html
Chiesa di San Francesco, 4.0, Sights & Landmarks, /Attraction_Review-g652013-d10730916-Reviews-Chiesa_di_San_Francesco-Iglesias_Province_of_Carbonia_Iglesias_Sardinia.html, /Attractions-g652013-Activities-Iglesias_Province_of_Carbonia_Iglesias_Sardinia.html
Biblioteca Comunale - Nicolò Canelles, 4.5, Traveller Resources, /Attraction_Review-g652013-d11918717-Reviews-Biblioteca_Comunale_Nicolo_Canelles-Iglesias_Province_of_Carbonia_Iglesias_Sardi.html, /Attractions-g652013-Activities-Iglesias_Province_of_Carbonia_Iglesias_Sardinia.html
Palazzo Liberty, 3.0, Sights & Landmarks, /Attraction_Review-g652013-d12831060-Reviews-Palazzo_Liberty-Iglesias_Province_of_Carbonia_Iglesias_Sardinia.html, /Attractions-g652013-Activities-Iglesias_Province_of_Carbonia_Iglesias_Sardinia.html
Chiesa di Sant'Antonio Abate, 3.0, Sights & Landmarks, /Attraction_Review-g652013-d10730917-Reviews-Chiesa_di_Sant_Antonio_Abate-Iglesias_Province_of_Carbonia_Iglesias_Sardinia.html, /Attractions-g652013-Activities-Iglesias_Province_of_Carbonia_Iglesias_Sardinia.html
Chiesa di Nostra Signora di Valverde, 4.0, Sights & Landmarks, /Attraction_Review-g652013-d13422291-Reviews-Chiesa_di_Nostra_Signora_di_Valverde-Iglesias_Province_of_Carbonia_Iglesias_Sard.html, /Attractions-g652013-Activities-Iglesias_Province_of_Carbonia_Iglesias_Sardinia.html
La Baia del Sole, 4.0, Nature & Parks, /Attraction_Review-g652013-d4740774-Reviews-La_Baia_del_Sole-Iglesias_Province_of_Carbonia_Iglesias_Sardinia.html, /Attractions-g652013-Activities-Iglesias_Province_of_Carbonia_Iglesias_Sardinia.html
