attraction_name, attraction_rate, attraction_type, attraction_url, attraction_parent_url
Piazzetta degli Inganni, 4.5, Sights & Landmarks, /Attraction_Review-g1063279-d10352019-Reviews-Piazzetta_degli_Inganni-San_Giovanni_in_Persiceto_Province_of_Bologna_Emilia_Ro.html, /Attractions-g1063279-Activities-San_Giovanni_in_Persiceto_Province_of_Bologna_Emilia_Romagna.html
Osservatorio Planetario San Giovanni in Persiceto, 4.5, Museums, /Attraction_Review-g1063279-d4311645-Reviews-Osservatorio_Planetario_San_Giovanni_in_Persiceto-San_Giovanni_in_Persiceto_Prov.html, /Attractions-g1063279-Activities-San_Giovanni_in_Persiceto_Province_of_Bologna_Emilia_Romagna.html
Azienda Agricola Malaguti, 4.5, Sights & Landmarks, /Attraction_Review-g3206779-d12124226-Reviews-Azienda_Agricola_Malaguti-San_Matteo_della_Decima_San_Giovanni_in_Persiceto_Pro.html, /Attractions-g1063279-Activities-San_Giovanni_in_Persiceto_Province_of_Bologna_Emilia_Romagna.html
Santuario di Santa Clelia, 4.5, Sights & Landmarks, /Attraction_Review-g1063279-d12124818-Reviews-Santuario_di_Santa_Clelia-San_Giovanni_in_Persiceto_Province_of_Bologna_Emilia_.html, /Attractions-g1063279-Activities-San_Giovanni_in_Persiceto_Province_of_Bologna_Emilia_Romagna.html
Parrocchia San Giovanni Battista, 4.0, Sights & Landmarks, /Attraction_Review-g1063279-d10352295-Reviews-Parrocchia_San_Giovanni_Battista-San_Giovanni_in_Persiceto_Province_of_Bologna_.html, /Attractions-g1063279-Activities-San_Giovanni_in_Persiceto_Province_of_Bologna_Emilia_Romagna.html
Agriturismo il Bio Nonno, 4.5, Sights & Landmarks, /Attraction_Review-g1063279-d3753843-Reviews-Agriturismo_il_Bio_Nonno-San_Giovanni_in_Persiceto_Province_of_Bologna_Emilia_Ro.html, /Attractions-g1063279-Activities-San_Giovanni_in_Persiceto_Province_of_Bologna_Emilia_Romagna.html
Statua di Re Gino, 5.0, Sights & Landmarks, /Attraction_Review-g1063279-d17622559-Reviews-Statua_di_Re_Gino-San_Giovanni_in_Persiceto_Province_of_Bologna_Emilia_Romagna.html, /Attractions-g1063279-Activities-San_Giovanni_in_Persiceto_Province_of_Bologna_Emilia_Romagna.html
Palazzaccio, 3.5, Sights & Landmarks, /Attraction_Review-g1063279-d8028216-Reviews-Palazzaccio-San_Giovanni_in_Persiceto_Province_of_Bologna_Emilia_Romagna.html, /Attractions-g1063279-Activities-San_Giovanni_in_Persiceto_Province_of_Bologna_Emilia_Romagna.html
Il Museo della Macchina a Vapore, 5.0, Museums, /Attraction_Review-g1063279-d11831750-Reviews-Il_Museo_della_Macchina_a_Vapore-San_Giovanni_in_Persiceto_Province_of_Bologna_.html, /Attractions-g1063279-Activities-San_Giovanni_in_Persiceto_Province_of_Bologna_Emilia_Romagna.html
Torre Civica, 4.0, Sights & Landmarks, /Attraction_Review-g1063279-d11831794-Reviews-Torre_Civica-San_Giovanni_in_Persiceto_Province_of_Bologna_Emilia_Romagna.html, /Attractions-g1063279-Activities-San_Giovanni_in_Persiceto_Province_of_Bologna_Emilia_Romagna.html
Porta Vittoria detta Porta di Sopra, 3.0, Sights & Landmarks, /Attraction_Review-g1063279-d12170116-Reviews-Porta_Vittoria_detta_Porta_di_Sopra-San_Giovanni_in_Persiceto_Province_of_Bolog.html, /Attractions-g1063279-Activities-San_Giovanni_in_Persiceto_Province_of_Bologna_Emilia_Romagna.html
Porta Marcolfa, 3.0, Shopping, /Attraction_Review-g1063279-d12123748-Reviews-Porta_Marcolfa-San_Giovanni_in_Persiceto_Province_of_Bologna_Emilia_Romagna.html, /Attractions-g1063279-Activities-San_Giovanni_in_Persiceto_Province_of_Bologna_Emilia_Romagna.html
Museo d'Arte Sacra, 5.0, Museums, /Attraction_Review-g1063279-d12163254-Reviews-Museo_d_Arte_Sacra-San_Giovanni_in_Persiceto_Province_of_Bologna_Emilia_Romagna.html, /Attractions-g1063279-Activities-San_Giovanni_in_Persiceto_Province_of_Bologna_Emilia_Romagna.html
Teatro Comunale, 5.0, Concerts & Shows, /Attraction_Review-g1063279-d11831732-Reviews-Teatro_Comunale-San_Giovanni_in_Persiceto_Province_of_Bologna_Emilia_Romagna.html, /Attractions-g1063279-Activities-San_Giovanni_in_Persiceto_Province_of_Bologna_Emilia_Romagna.html
Chiesa del crocifisso, 4.0, Sights & Landmarks, /Attraction_Review-g1063279-d11831802-Reviews-Chiesa_del_crocifisso-San_Giovanni_in_Persiceto_Province_of_Bologna_Emilia_Roma.html, /Attractions-g1063279-Activities-San_Giovanni_in_Persiceto_Province_of_Bologna_Emilia_Romagna.html
Porta Garibaldi, 2.5, Sights & Landmarks, /Attraction_Review-g1063279-d12163271-Reviews-Porta_Garibaldi-San_Giovanni_in_Persiceto_Province_of_Bologna_Emilia_Romagna.html, /Attractions-g1063279-Activities-San_Giovanni_in_Persiceto_Province_of_Bologna_Emilia_Romagna.html
Chiesa e Convento di San Francesco, 1.0, Sights & Landmarks, /Attraction_Review-g1063279-d11831809-Reviews-Chiesa_e_Convento_di_San_Francesco-San_Giovanni_in_Persiceto_Province_of_Bologn.html, /Attractions-g1063279-Activities-San_Giovanni_in_Persiceto_Province_of_Bologna_Emilia_Romagna.html
Castello della Giovannina, 2.0, Sights & Landmarks, /Attraction_Review-g1063279-d12124812-Reviews-Castello_della_Giovannina-San_Giovanni_in_Persiceto_Province_of_Bologna_Emilia_.html, /Attractions-g1063279-Activities-San_Giovanni_in_Persiceto_Province_of_Bologna_Emilia_Romagna.html
Chiesa della Beata Vergine della Cintura, 4.0, Sights & Landmarks, /Attraction_Review-g1063279-d11831799-Reviews-Chiesa_della_Beata_Vergine_della_Cintura-San_Giovanni_in_Persiceto_Province_of_.html, /Attractions-g1063279-Activities-San_Giovanni_in_Persiceto_Province_of_Bologna_Emilia_Romagna.html
Carnevale di San Giovanni in Persiceto, 4.0, Concerts & Shows, /Attraction_Review-g1063279-d2287253-Reviews-Carnevale_di_San_Giovanni_in_Persiceto-San_Giovanni_in_Persiceto_Province_of_Bol.html, /Attractions-g1063279-Activities-San_Giovanni_in_Persiceto_Province_of_Bologna_Emilia_Romagna.html
Superbar, 3.5, Nightlife, /Attraction_Review-g1063279-d5923263-Reviews-Superbar-San_Giovanni_in_Persiceto_Province_of_Bologna_Emilia_Romagna.html, /Attractions-g1063279-Activities-San_Giovanni_in_Persiceto_Province_of_Bologna_Emilia_Romagna.html
Blanc et Rouge, 5.0, Shopping, /Attraction_Review-g1063279-d18379765-Reviews-Blanc_et_Rouge-San_Giovanni_in_Persiceto_Province_of_Bologna_Emilia_Romagna.html, /Attractions-g1063279-Activities-San_Giovanni_in_Persiceto_Province_of_Bologna_Emilia_Romagna.html
Palazzo Comunale, None, Sights & Landmarks, /Attraction_Review-g1063279-d11831798-Reviews-Palazzo_Comunale-San_Giovanni_in_Persiceto_Province_of_Bologna_Emilia_Romagna.html, /Attractions-g1063279-Activities-San_Giovanni_in_Persiceto_Province_of_Bologna_Emilia_Romagna.html
Museo Archeologico Ambientale, None, Museums, /Attraction_Review-g1063279-d11831808-Reviews-Museo_Archeologico_Ambientale-San_Giovanni_in_Persiceto_Province_of_Bologna_Emi.html, /Attractions-g1063279-Activities-San_Giovanni_in_Persiceto_Province_of_Bologna_Emilia_Romagna.html
La Ca' Granda, None, Sights & Landmarks, /Attraction_Review-g1063279-d12124832-Reviews-La_Ca_Granda-San_Giovanni_in_Persiceto_Province_of_Bologna_Emilia_Romagna.html, /Attractions-g1063279-Activities-San_Giovanni_in_Persiceto_Province_of_Bologna_Emilia_Romagna.html
Chiesolino di Decima, None, Sights & Landmarks, /Attraction_Review-g1063279-d12124843-Reviews-Chiesolino_di_Decima-San_Giovanni_in_Persiceto_Province_of_Bologna_Emilia_Romag.html, /Attractions-g1063279-Activities-San_Giovanni_in_Persiceto_Province_of_Bologna_Emilia_Romagna.html
Biblioteca Giulio Cesare Croce, None, Traveller Resources, /Attraction_Review-g1063279-d12258616-Reviews-Biblioteca_Giulio_Cesare_Croce-San_Giovanni_in_Persiceto_Province_of_Bologna_Em.html, /Attractions-g1063279-Activities-San_Giovanni_in_Persiceto_Province_of_Bologna_Emilia_Romagna.html
Parrocchia Santuario Madonna Del Poggio, None, Sights & Landmarks, /Attraction_Review-g1063279-d12262235-Reviews-Parrocchia_Santuario_Madonna_Del_Poggio-San_Giovanni_in_Persiceto_Province_of_B.html, /Attractions-g1063279-Activities-San_Giovanni_in_Persiceto_Province_of_Bologna_Emilia_Romagna.html
Oromoda Gioielli, None, Shopping, /Attraction_Review-g1063279-d14161386-Reviews-Oromoda_Gioielli-San_Giovanni_in_Persiceto_Province_of_Bologna_Emilia_Romagna.html, /Attractions-g1063279-Activities-San_Giovanni_in_Persiceto_Province_of_Bologna_Emilia_Romagna.html
'Don Chisciotte' di Mario Martinelli, None, Sights & Landmarks, /Attraction_Review-g1063279-d17427874-Reviews-Don_Chisciotte_di_Mario_Martinelli-San_Giovanni_in_Persiceto_Province_of_Bologn.html, /Attractions-g1063279-Activities-San_Giovanni_in_Persiceto_Province_of_Bologna_Emilia_Romagna.html
