attraction_name, attraction_rate, attraction_type, attraction_url, attraction_parent_url
Il Sentiero Apprezzami l'Asino, 4.5, Nature & Parks, /Attraction_Review-g1024174-d12787241-Reviews-Il_Sentiero_Apprezzami_l_Asino-Sapri_Province_of_Salerno_Campania.html, /Attractions-g1024174-Activities-Sapri_Province_of_Salerno_Campania.html
Canale di Mezzanotte, 5.0, Nature & Parks, /Attraction_Review-g1024174-d12787514-Reviews-Canale_di_Mezzanotte-Sapri_Province_of_Salerno_Campania.html, /Attractions-g1024174-Activities-Sapri_Province_of_Salerno_Campania.html
Statua in Bronzo della Spigolatrice, 3.5, Sights & Landmarks, /Attraction_Review-g1024174-d8519716-Reviews-Statua_in_Bronzo_della_Spigolatrice-Sapri_Province_of_Salerno_Campania.html, /Attractions-g1024174-Activities-Sapri_Province_of_Salerno_Campania.html
Osservatorio di Torre la Specola, 4.0, Museums, /Attraction_Review-g1024174-d12849062-Reviews-Osservatorio_di_Torre_la_Specola-Sapri_Province_of_Salerno_Campania.html, /Attractions-g1024174-Activities-Sapri_Province_of_Salerno_Campania.html
Bronze Statue of Carlo Pisacane, 3.5, Sights & Landmarks, /Attraction_Review-g1024174-d7824818-Reviews-Bronze_Statue_of_Carlo_Pisacane-Sapri_Province_of_Salerno_Campania.html, /Attractions-g1024174-Activities-Sapri_Province_of_Salerno_Campania.html
Banchina delle Camarelle, 4.0, Sights & Landmarks, /Attraction_Review-g1024174-d11837507-Reviews-Banchina_delle_Camarelle-Sapri_Province_of_Salerno_Campania.html, /Attractions-g1024174-Activities-Sapri_Province_of_Salerno_Campania.html
Chiesa dell'Immacolata, 3.5, Sights & Landmarks, /Attraction_Review-g1024174-d12849069-Reviews-Chiesa_dell_Immacolata-Sapri_Province_of_Salerno_Campania.html, /Attractions-g1024174-Activities-Sapri_Province_of_Salerno_Campania.html
Circuito ad Anello Monte Ceraso, 5.0, Nature & Parks, /Attraction_Review-g1024174-d12822847-Reviews-Circuito_ad_Anello_Monte_Ceraso-Sapri_Province_of_Salerno_Campania.html, /Attractions-g1024174-Activities-Sapri_Province_of_Salerno_Campania.html
Parrocchia San Giovanni Battista, 4.5, Sights & Landmarks, /Attraction_Review-g1024174-d12849063-Reviews-Parrocchia_San_Giovanni_Battista-Sapri_Province_of_Salerno_Campania.html, /Attractions-g1024174-Activities-Sapri_Province_of_Salerno_Campania.html
Resti di Villa Romana, 3.5, Sights & Landmarks, /Attraction_Review-g1024174-d12872733-Reviews-Resti_di_Villa_Romana-Sapri_Province_of_Salerno_Campania.html, /Attractions-g1024174-Activities-Sapri_Province_of_Salerno_Campania.html
Dolcevita, 4.0, Nightlife, /Attraction_Review-g1024174-d5923847-Reviews-Dolcevita-Sapri_Province_of_Salerno_Campania.html, /Attractions-g1024174-Activities-Sapri_Province_of_Salerno_Campania.html
Exenza, 5.0, Shopping, /Attraction_Review-g1024174-d14994334-Reviews-Exenza-Sapri_Province_of_Salerno_Campania.html, /Attractions-g1024174-Activities-Sapri_Province_of_Salerno_Campania.html
Cineteatro Ferrari, 4.5, Fun & Games, /Attraction_Review-g1024174-d12684517-Reviews-Cineteatro_Ferrari-Sapri_Province_of_Salerno_Campania.html, /Attractions-g1024174-Activities-Sapri_Province_of_Salerno_Campania.html
Santeria, 5.0, Nightlife, /Attraction_Review-g1024174-d21242807-Reviews-Santeria-Sapri_Province_of_Salerno_Campania.html, /Attractions-g1024174-Activities-Sapri_Province_of_Salerno_Campania.html
Profumeria La Sirenetta, 5.0, Shopping, /Attraction_Review-g1024174-d17448859-Reviews-Profumeria_La_Sirenetta-Sapri_Province_of_Salerno_Campania.html, /Attractions-g1024174-Activities-Sapri_Province_of_Salerno_Campania.html
U Sapore Ru Mare Vero, 3.0, Boat Tours & Water Sports, /Attraction_Review-g1024174-d8611181-Reviews-U_Sapore_Ru_Mare_Vero-Sapri_Province_of_Salerno_Campania.html, /Attractions-g1024174-Activities-Sapri_Province_of_Salerno_Campania.html
Skating on the Beach, 2.0, Fun & Games, /Attraction_Review-g1024174-d10842007-Reviews-Skating_on_the_Beach-Sapri_Province_of_Salerno_Campania.html, /Attractions-g1024174-Activities-Sapri_Province_of_Salerno_Campania.html
Lido Noe a Mare, 2.5, Nightlife, /Attraction_Review-g1024174-d4366503-Reviews-Lido_Noe_a_Mare-Sapri_Province_of_Salerno_Campania.html, /Attractions-g1024174-Activities-Sapri_Province_of_Salerno_Campania.html
Sunny boats, None, Boat Tours & Water Sports, /Attraction_Review-g1024174-d17370553-Reviews-Sunny_boats-Sapri_Province_of_Salerno_Campania.html, /Attractions-g1024174-Activities-Sapri_Province_of_Salerno_Campania.html
