attraction_name, attraction_rate, attraction_type, attraction_url, attraction_parent_url
Oasi di Orie Terme, 5.0, Nature & Parks, /Attraction_Review-g1643721-d19272528-Reviews-Oasi_di_Orie_Terme-Amatrice_Province_of_Rieti_Lazio.html, /Attractions-g1643721-Activities-Amatrice_Province_of_Rieti_Lazio.html
Santuario dell'Icona Passatora, 4.5, Sights & Landmarks, /Attraction_Review-g1643721-d3228523-Reviews-Santuario_dell_Icona_Passatora-Amatrice_Province_of_Rieti_Lazio.html, /Attractions-g1643721-Activities-Amatrice_Province_of_Rieti_Lazio.html
Museo Di Configno, 5.0, Museums, /Attraction_Review-g1643721-d8530074-Reviews-Museo_Di_Configno-Amatrice_Province_of_Rieti_Lazio.html, /Attractions-g1643721-Activities-Amatrice_Province_of_Rieti_Lazio.html
Lago di Scandarello, 4.0, Nature & Parks, /Attraction_Review-g1643721-d2294019-Reviews-Lago_di_Scandarello-Amatrice_Province_of_Rieti_Lazio.html, /Attractions-g1643721-Activities-Amatrice_Province_of_Rieti_Lazio.html
Basilica di San Francesco, 5.0, Sights & Landmarks, /Attraction_Review-g1643721-d10383719-Reviews-Basilica_di_San_Francesco-Amatrice_Province_of_Rieti_Lazio.html, /Attractions-g1643721-Activities-Amatrice_Province_of_Rieti_Lazio.html
Parco in Miniatura, 4.0, Nature & Parks, /Attraction_Review-g1643721-d8390970-Reviews-Parco_in_Miniatura-Amatrice_Province_of_Rieti_Lazio.html, /Attractions-g1643721-Activities-Amatrice_Province_of_Rieti_Lazio.html
Museo Civico Cola Filotesio, 4.5, Museums, /Attraction_Review-g1643721-d7708969-Reviews-Museo_Civico_Cola_Filotesio-Amatrice_Province_of_Rieti_Lazio.html, /Attractions-g1643721-Activities-Amatrice_Province_of_Rieti_Lazio.html
Apicoltura Casini Eugenio, 5.0, Shopping, /Attraction_Review-g1643721-d7807883-Reviews-Apicoltura_Casini_Eugenio-Amatrice_Province_of_Rieti_Lazio.html, /Attractions-g1643721-Activities-Amatrice_Province_of_Rieti_Lazio.html
Torre Civica, None, Sights & Landmarks, /Attraction_Review-g1643721-d13147558-Reviews-Torre_Civica-Amatrice_Province_of_Rieti_Lazio.html, /Attractions-g1643721-Activities-Amatrice_Province_of_Rieti_Lazio.html
