attraction_name, attraction_rate, attraction_type, attraction_url, attraction_parent_url
Sentiero Salvatore Furia, 5.0, Nature & Parks, /Attraction_Review-g8341691-d16759273-Reviews-Sentiero_Salvatore_Furia-Masciago_Primo_Province_of_Varese_Lombardy.html, /Attractions-g8341691-Activities-Masciago_Primo_Province_of_Varese_Lombardy.html
Chiesa di Sant'Agnese, 5.0, Sights & Landmarks, /Attraction_Review-g8341691-d13141941-Reviews-Chiesa_di_Sant_Agnese-Masciago_Primo_Province_of_Varese_Lombardy.html, /Attractions-g8341691-Activities-Masciago_Primo_Province_of_Varese_Lombardy.html
Sorgenti Pietrificanti, 5.0, Nature & Parks, /Attraction_Review-g8341691-d16800856-Reviews-Sorgenti_Pietrificanti-Masciago_Primo_Province_of_Varese_Lombardy.html, /Attractions-g8341691-Activities-Masciago_Primo_Province_of_Varese_Lombardy.html
Monumento ai Caduti, 5.0, Sights & Landmarks, /Attraction_Review-g8341691-d15182015-Reviews-Monumento_ai_Caduti-Masciago_Primo_Province_of_Varese_Lombardy.html, /Attractions-g8341691-Activities-Masciago_Primo_Province_of_Varese_Lombardy.html
