attraction_name, attraction_rate, attraction_type, attraction_url, attraction_parent_url
Monumento aeronautica -velivolo MB326, 3.0, Sights & Landmarks, /Attraction_Review-g2060351-d14183674-Reviews-Monumento_aeronautica_velivolo_MB326-Colledara_Province_of_Teramo_Abruzzo.html, /Attractions-g2060351-Activities-Colledara_Province_of_Teramo_Abruzzo.html
Chiesa di San Michele Arcangelo, None, Sights & Landmarks, /Attraction_Review-g2060351-d12787206-Reviews-Chiesa_di_San_Michele_Arcangelo-Colledara_Province_of_Teramo_Abruzzo.html, /Attractions-g2060351-Activities-Colledara_Province_of_Teramo_Abruzzo.html
Chiesa di San Paolo Apostolo, None, Sights & Landmarks, /Attraction_Review-g2060351-d13170692-Reviews-Chiesa_di_San_Paolo_Apostolo-Colledara_Province_of_Teramo_Abruzzo.html, /Attractions-g2060351-Activities-Colledara_Province_of_Teramo_Abruzzo.html
Chiesa Di Santa Lucia, None, Sights & Landmarks, /Attraction_Review-g14187354-d14183765-Reviews-Chiesa_Di_Santa_Lucia-Villa_Petto_Colledara_Province_of_Teramo_Abruzzo.html, /Attractions-g2060351-Activities-Colledara_Province_of_Teramo_Abruzzo.html
Chiesa di San Giorgio, None, Sights & Landmarks, /Attraction_Review-g14187738-d14183624-Reviews-Chiesa_di_San_Giorgio-Ornano_Grande_Colledara_Province_of_Teramo_Abruzzo.html, /Attractions-g2060351-Activities-Colledara_Province_of_Teramo_Abruzzo.html
Campo Comunale di Colledara, None, Sights & Landmarks, /Attraction_Review-g2060351-d14183837-Reviews-Campo_Comunale_di_Colledara-Colledara_Province_of_Teramo_Abruzzo.html, /Attractions-g2060351-Activities-Colledara_Province_of_Teramo_Abruzzo.html
Borgo Abbandonato di Castiglione, None, Sights & Landmarks, /Attraction_Review-g2060351-d15237999-Reviews-Borgo_Abbandonato_di_Castiglione-Colledara_Province_of_Teramo_Abruzzo.html, /Attractions-g2060351-Activities-Colledara_Province_of_Teramo_Abruzzo.html
