attraction_name, attraction_rate, attraction_type, attraction_url, attraction_parent_url
Mura Megalitiche, None, Sights & Landmarks, /Attraction_Review-g1201170-d15581851-Reviews-Mura_Megalitiche-Venafro_Province_of_Isernia_Molise.html, /Attractions-g1201170-Activities-Venafro_Province_of_Isernia_Molise.html
Palazzo Cimorelli, None, Sights & Landmarks, /Attraction_Review-g1201170-d15624568-Reviews-Palazzo_Cimorelli-Venafro_Province_of_Isernia_Molise.html, /Attractions-g1201170-Activities-Venafro_Province_of_Isernia_Molise.html
Chiesa di Sant'Antuono, None, Sights & Landmarks, /Attraction_Review-g1201170-d17785014-Reviews-Chiesa_di_Sant_Antuono-Venafro_Province_of_Isernia_Molise.html, /Attractions-g1201170-Activities-Venafro_Province_of_Isernia_Molise.html
Villa comunale, None, Nature & Parks, /Attraction_Review-g1201170-d17784963-Reviews-Villa_comunale-Venafro_Province_of_Isernia_Molise.html, /Attractions-g1201170-Activities-Venafro_Province_of_Isernia_Molise.html
Parrocchia di San Giovanni in Platea, None, Sights & Landmarks, /Attraction_Review-g1201170-d17785009-Reviews-Parrocchia_di_San_Giovanni_in_Platea-Venafro_Province_of_Isernia_Molise.html, /Attractions-g1201170-Activities-Venafro_Province_of_Isernia_Molise.html
Chiesa della Madonna del Carmine, None, Sights & Landmarks, /Attraction_Review-g1201170-d17785012-Reviews-Chiesa_della_Madonna_del_Carmine-Venafro_Province_of_Isernia_Molise.html, /Attractions-g1201170-Activities-Venafro_Province_of_Isernia_Molise.html
