attraction_name, attraction_rate, attraction_type, attraction_url, attraction_parent_url
Nino Negri, 4.5, Food & Drink, /Attraction_Review-g2045981-d4598687-Reviews-Nino_Negri-Chiuro_Province_of_Sondrio_Lombardy.html, /Attractions-g2045981-Activities-Chiuro_Province_of_Sondrio_Lombardy.html
Casa vinicola Aldo Rainoldi, 4.5, Food & Drink, /Attraction_Review-g2045981-d6363477-Reviews-Casa_vinicola_Aldo_Rainoldi-Chiuro_Province_of_Sondrio_Lombardy.html, /Attractions-g2045981-Activities-Chiuro_Province_of_Sondrio_Lombardy.html
Cantine Nera Wine Bar, 4.0, Nightlife, /Attraction_Review-g2045981-d6777758-Reviews-Cantine_Nera_Wine_Bar-Chiuro_Province_of_Sondrio_Lombardy.html, /Attractions-g2045981-Activities-Chiuro_Province_of_Sondrio_Lombardy.html
Balgera Vini di Balgera Paolo e C. Sas, 4.5, Food & Drink, /Attraction_Review-g2045981-d10901185-Reviews-Balgera_Vini_di_Balgera_Paolo_e_C_Sas-Chiuro_Province_of_Sondrio_Lombardy.html, /Attractions-g2045981-Activities-Chiuro_Province_of_Sondrio_Lombardy.html
Azienda Agricola Folini, 5.0, Food & Drink, /Attraction_Review-g2045981-d21130699-Reviews-Azienda_Agricola_Folini-Chiuro_Province_of_Sondrio_Lombardy.html, /Attractions-g2045981-Activities-Chiuro_Province_of_Sondrio_Lombardy.html
Torre di Castionetto, None, Sights & Landmarks, /Attraction_Review-g2045981-d19291680-Reviews-Torre_di_Castionetto-Chiuro_Province_of_Sondrio_Lombardy.html, /Attractions-g2045981-Activities-Chiuro_Province_of_Sondrio_Lombardy.html
Chiesa dei SS. Giacomo e Andrea, None, Sights & Landmarks, /Attraction_Review-g2045981-d19289430-Reviews-Chiesa_dei_SS_Giacomo_e_Andrea-Chiuro_Province_of_Sondrio_Lombardy.html, /Attractions-g2045981-Activities-Chiuro_Province_of_Sondrio_Lombardy.html
Chiesa San Bartolomeo, None, Sights & Landmarks, /Attraction_Review-g2045981-d19289435-Reviews-Chiesa_San_Bartolomeo-Chiuro_Province_of_Sondrio_Lombardy.html, /Attractions-g2045981-Activities-Chiuro_Province_of_Sondrio_Lombardy.html
Valtellina Wine Tours, None, Food & Drink, /Attraction_Review-g2045981-d21134953-Reviews-Valtellina_Wine_Tours-Chiuro_Province_of_Sondrio_Lombardy.html, /Attractions-g2045981-Activities-Chiuro_Province_of_Sondrio_Lombardy.html
