attraction_name, attraction_rate, attraction_type, attraction_url, attraction_parent_url
Castello e Parco di Masino, 4.5, Sights & Landmarks, /Attraction_Review-g3210311-d2479406-Reviews-Castello_e_Parco_di_Masino-Caravino_Province_of_Turin_Piedmont.html, /Attractions-g3210311-Activities-Caravino_Province_of_Turin_Piedmont.html
Chiesa di San Giacomo in Carpeneto, None, Sights & Landmarks, /Attraction_Review-g3210311-d12574040-Reviews-Chiesa_di_San_Giacomo_in_Carpeneto-Caravino_Province_of_Turin_Piedmont.html, /Attractions-g3210311-Activities-Caravino_Province_of_Turin_Piedmont.html
Chiesa di San Rocco, None, Sights & Landmarks, /Attraction_Review-g3210311-d12573989-Reviews-Chiesa_di_San_Rocco-Caravino_Province_of_Turin_Piedmont.html, /Attractions-g3210311-Activities-Caravino_Province_of_Turin_Piedmont.html
Cascina Gravellino, None, Sights & Landmarks, /Attraction_Review-g3210311-d17377978-Reviews-Cascina_Gravellino-Caravino_Province_of_Turin_Piedmont.html, /Attractions-g3210311-Activities-Caravino_Province_of_Turin_Piedmont.html
Chiesa di San Solutore, None, Sights & Landmarks, /Attraction_Review-g3210311-d17377969-Reviews-Chiesa_di_San_Solutore-Caravino_Province_of_Turin_Piedmont.html, /Attractions-g3210311-Activities-Caravino_Province_of_Turin_Piedmont.html
