attraction_name, attraction_rate, attraction_type, attraction_url, attraction_parent_url
Costa Dei Trabocchi, 4.5, Sights & Landmarks, /Attraction_Review-g1102471-d7003083-Reviews-Costa_Dei_Trabocchi-Fossacesia_Marina_Province_of_Chieti_Abruzzo.html, /Attractions-g1102471-Activities-Fossacesia_Marina_Province_of_Chieti_Abruzzo.html
Lido Mimi Beach, 4.5, Outdoor Activities, /Attraction_Review-g1102471-d17675709-Reviews-Lido_Mimi_Beach-Fossacesia_Marina_Province_of_Chieti_Abruzzo.html, /Attractions-g1102471-Activities-Fossacesia_Marina_Province_of_Chieti_Abruzzo.html
Lungomare Di Fossacesia Marina, 4.5, Sights & Landmarks, /Attraction_Review-g1102471-d15150876-Reviews-Lungomare_Di_Fossacesia_Marina-Fossacesia_Marina_Province_of_Chieti_Abruzzo.html, /Attractions-g1102471-Activities-Fossacesia_Marina_Province_of_Chieti_Abruzzo.html
Stabilimento balneare Tempio di Venere, 3.5, Outdoor Activities, /Attraction_Review-g1102471-d14790686-Reviews-Stabilimento_balneare_Tempio_di_Venere-Fossacesia_Marina_Province_of_Chieti_Abr.html, /Attractions-g1102471-Activities-Fossacesia_Marina_Province_of_Chieti_Abruzzo.html
Lido Sirenella, 3.0, Nature & Parks, /Attraction_Review-g1102471-d12705029-Reviews-Lido_Sirenella-Fossacesia_Marina_Province_of_Chieti_Abruzzo.html, /Attractions-g1102471-Activities-Fossacesia_Marina_Province_of_Chieti_Abruzzo.html
Supporter Beach, 3.0, Outdoor Activities, /Attraction_Review-g1102471-d14157100-Reviews-Supporter_Beach-Fossacesia_Marina_Province_of_Chieti_Abruzzo.html, /Attractions-g1102471-Activities-Fossacesia_Marina_Province_of_Chieti_Abruzzo.html
Lido Pesce Palombo, 4.0, Outdoor Activities, /Attraction_Review-g1102471-d18313488-Reviews-Lido_Pesce_Palombo-Fossacesia_Marina_Province_of_Chieti_Abruzzo.html, /Attractions-g1102471-Activities-Fossacesia_Marina_Province_of_Chieti_Abruzzo.html
Lido La Galetta, 3.0, Nature & Parks, /Attraction_Review-g1102471-d12861976-Reviews-Lido_La_Galetta-Fossacesia_Marina_Province_of_Chieti_Abruzzo.html, /Attractions-g1102471-Activities-Fossacesia_Marina_Province_of_Chieti_Abruzzo.html
Chiesetta del Carmine, 4.0, Sights & Landmarks, /Attraction_Review-g1102471-d15234685-Reviews-Chiesetta_del_Carmine-Fossacesia_Marina_Province_of_Chieti_Abruzzo.html, /Attractions-g1102471-Activities-Fossacesia_Marina_Province_of_Chieti_Abruzzo.html
Lido La Conchiglia, 3.0, Outdoor Activities, /Attraction_Review-g1102471-d17698366-Reviews-Lido_La_Conchiglia-Fossacesia_Marina_Province_of_Chieti_Abruzzo.html, /Attractions-g1102471-Activities-Fossacesia_Marina_Province_of_Chieti_Abruzzo.html
Stabilimento Balneare La Dea del Mare, 5.0, Nature & Parks, /Attraction_Review-g1102471-d12814497-Reviews-Stabilimento_Balneare_La_Dea_del_Mare-Fossacesia_Marina_Province_of_Chieti_Abru.html, /Attractions-g1102471-Activities-Fossacesia_Marina_Province_of_Chieti_Abruzzo.html
Baya Verde, 3.0, Nightlife, /Attraction_Review-g1102471-d10422598-Reviews-Baya_Verde-Fossacesia_Marina_Province_of_Chieti_Abruzzo.html, /Attractions-g1102471-Activities-Fossacesia_Marina_Province_of_Chieti_Abruzzo.html
Lido di Venere, 2.5, Nature & Parks, /Attraction_Review-g1102471-d13236557-Reviews-Lido_di_Venere-Fossacesia_Marina_Province_of_Chieti_Abruzzo.html, /Attractions-g1102471-Activities-Fossacesia_Marina_Province_of_Chieti_Abruzzo.html
Twin Beach, 2.0, Outdoor Activities, /Attraction_Review-g1102471-d18921037-Reviews-Twin_Beach-Fossacesia_Marina_Province_of_Chieti_Abruzzo.html, /Attractions-g1102471-Activities-Fossacesia_Marina_Province_of_Chieti_Abruzzo.html
Chiesa Madre, None, Sights & Landmarks, /Attraction_Review-g1102471-d13236510-Reviews-Chiesa_Madre-Fossacesia_Marina_Province_of_Chieti_Abruzzo.html, /Attractions-g1102471-Activities-Fossacesia_Marina_Province_of_Chieti_Abruzzo.html
