attraction_name, attraction_rate, attraction_type, attraction_url, attraction_parent_url
Mausoleo Visconti di Modrone, 4.0, Sights & Landmarks, /Attraction_Review-g1483671-d10697231-Reviews-Mausoleo_Visconti_di_Modrone-Cassago_Brianza_Province_of_Lecco_Lombardy.html, /Attractions-g1483671-Activities-Cassago_Brianza_Province_of_Lecco_Lombardy.html
Cassago Brianza, 3.5, Sights & Landmarks, /Attraction_Review-g1483671-d4702481-Reviews-Cassago_Brianza-Cassago_Brianza_Province_of_Lecco_Lombardy.html, /Attractions-g1483671-Activities-Cassago_Brianza_Province_of_Lecco_Lombardy.html
C-Colzani Spa, 3.0, Spas & Wellness, /Attraction_Review-g1483671-d5293371-Reviews-C_Colzani_Spa-Cassago_Brianza_Province_of_Lecco_Lombardy.html, /Attractions-g1483671-Activities-Cassago_Brianza_Province_of_Lecco_Lombardy.html
Chiesa dei Santi Giacomo e Brigida, None, Sights & Landmarks, /Attraction_Review-g1483671-d12941374-Reviews-Chiesa_dei_Santi_Giacomo_e_Brigida-Cassago_Brianza_Province_of_Lecco_Lombardy.html, /Attractions-g1483671-Activities-Cassago_Brianza_Province_of_Lecco_Lombardy.html
