attraction_name, attraction_rate, attraction_type, attraction_url, attraction_parent_url
Anello degli Altipiani del Montasio, 4.5, Nature & Parks, /Attraction_Review-g2543844-d8452825-Reviews-Anello_degli_Altipiani_del_Montasio-Sella_Nevea_Chiusaforte_Province_of_Udine_Fr.html, /Attractions-g1053436-Activities-Chiusaforte_Province_of_Udine_Friuli_Venezia_Giulia.html
Cavita 20 - Fontanon di Goriuda, 4.5, Nature & Parks, /Attraction_Review-g1053436-d8421712-Reviews-Cavita_20_Fontanon_di_Goriuda-Chiusaforte_Province_of_Udine_Friuli_Venezia_Giuli.html, /Attractions-g1053436-Activities-Chiusaforte_Province_of_Udine_Friuli_Venezia_Giulia.html
Telecabina del Canin, 4.5, Transportation, /Attraction_Review-g2543844-d12696290-Reviews-Telecabina_del_Canin-Sella_Nevea_Chiusaforte_Province_of_Udine_Friuli_Venezia_G.html, /Attractions-g1053436-Activities-Chiusaforte_Province_of_Udine_Friuli_Venezia_Giulia.html
Percorso Botanico del Bila Pec dal Rifugio Gilberti, 5.0, Nature & Parks, /Attraction_Review-g2543844-d12073135-Reviews-Percorso_Botanico_del_Bila_Pec_dal_Rifugio_Gilberti-Sella_Nevea_Chiusaforte_Pro.html, /Attractions-g1053436-Activities-Chiusaforte_Province_of_Udine_Friuli_Venezia_Giulia.html
Conca Glaciale del Monte Canin, 4.0, Nature & Parks, /Attraction_Review-g2543844-d12334602-Reviews-Conca_Glaciale_del_Monte_Canin-Sella_Nevea_Chiusaforte_Province_of_Udine_Friuli.html, /Attractions-g1053436-Activities-Chiusaforte_Province_of_Udine_Friuli_Venezia_Giulia.html
La Malga dell'alpinismo, 5.0, Museums, /Attraction_Review-g1053436-d19185433-Reviews-La_Malga_dell_alpinismo-Chiusaforte_Province_of_Udine_Friuli_Venezia_Giulia.html, /Attractions-g1053436-Activities-Chiusaforte_Province_of_Udine_Friuli_Venezia_Giulia.html
Museo della Guerra Fredda di Chiusaforte, 4.5, Museums, /Attraction_Review-g1053436-d12625825-Reviews-Museo_della_Guerra_Fredda_di_Chiusaforte-Chiusaforte_Province_of_Udine_Friuli_V.html, /Attractions-g1053436-Activities-Chiusaforte_Province_of_Udine_Friuli_Venezia_Giulia.html
Il Forte Col Badin - Museo della Grande Guerra in Montagna, 4.0, Museums, /Attraction_Review-g1053436-d12540880-Reviews-Il_Forte_Col_Badin_Museo_della_Grande_Guerra_in_Montagna-Chiusaforte_Province_o.html, /Attractions-g1053436-Activities-Chiusaforte_Province_of_Udine_Friuli_Venezia_Giulia.html
Sella Nevea, 3.5, Nature & Parks, /Attraction_Review-g1053436-d10057634-Reviews-Sella_Nevea-Chiusaforte_Province_of_Udine_Friuli_Venezia_Giulia.html, /Attractions-g1053436-Activities-Chiusaforte_Province_of_Udine_Friuli_Venezia_Giulia.html
Chiusaforte - Chiesa di S. Bartolomeo Apostolo, 4.0, Sights & Landmarks, /Attraction_Review-g1053436-d12542202-Reviews-Chiusaforte_Chiesa_di_S_Bartolomeo_Apostolo-Chiusaforte_Province_of_Udine_Friul.html, /Attractions-g1053436-Activities-Chiusaforte_Province_of_Udine_Friuli_Venezia_Giulia.html
Il Leone della fontana di Chiusaforte, 4.0, Sights & Landmarks, /Attraction_Review-g1053436-d12791179-Reviews-Il_Leone_della_fontana_di_Chiusaforte-Chiusaforte_Province_of_Udine_Friuli_Vene.html, /Attractions-g1053436-Activities-Chiusaforte_Province_of_Udine_Friuli_Venezia_Giulia.html
Mostra dedicata alla Speleologia ed al Carsismo del Canin, 3.0, Museums, /Attraction_Review-g1053436-d10457728-Reviews-Mostra_dedicata_alla_Speleologia_ed_al_Carsismo_del_Canin-Chiusaforte_Province_.html, /Attractions-g1053436-Activities-Chiusaforte_Province_of_Udine_Friuli_Venezia_Giulia.html
Parco Avventura Sella Nevea, 4.5, Outdoor Activities, /Attraction_Review-g1053436-d1863907-Reviews-Parco_Avventura_Sella_Nevea-Chiusaforte_Province_of_Udine_Friuli_Venezia_Giulia.html, /Attractions-g1053436-Activities-Chiusaforte_Province_of_Udine_Friuli_Venezia_Giulia.html
A.S.D. SNOW DOGS, 5.0, Outdoor Activities, /Attraction_Review-g2543844-d5929775-Reviews-A_S_D_SNOW_DOGS-Sella_Nevea_Chiusaforte_Province_of_Udine_Friuli_Venezia_Giulia.html, /Attractions-g1053436-Activities-Chiusaforte_Province_of_Udine_Friuli_Venezia_Giulia.html
Rifugio Alpino Guido Corsi, None, Nature & Parks, /Attraction_Review-g2543844-d12135339-Reviews-Rifugio_Alpino_Guido_Corsi-Sella_Nevea_Chiusaforte_Province_of_Udine_Friuli_Ven.html, /Attractions-g1053436-Activities-Chiusaforte_Province_of_Udine_Friuli_Venezia_Giulia.html
Chiesa di San Paolo, None, Sights & Landmarks, /Attraction_Review-g1053436-d12540856-Reviews-Chiesa_di_San_Paolo-Chiusaforte_Province_of_Udine_Friuli_Venezia_Giulia.html, /Attractions-g1053436-Activities-Chiusaforte_Province_of_Udine_Friuli_Venezia_Giulia.html
Chiesa di Sant′Antonio di Padova, None, Sights & Landmarks, /Attraction_Review-g1053436-d15046658-Reviews-Chiesa_di_Sant_Antonio_di_Padova-Chiusaforte_Province_of_Udine_Friuli_Venezia_G.html, /Attractions-g1053436-Activities-Chiusaforte_Province_of_Udine_Friuli_Venezia_Giulia.html
