attraction_name, attraction_rate, attraction_type, attraction_url, attraction_parent_url
Villa di Papiano, 5.0, Sights & Landmarks, /Attraction_Review-g635877-d14998656-Reviews-Villa_di_Papiano-Lamporecchio_Province_of_Pistoia_Tuscany.html, /Attractions-g635877-Activities-Lamporecchio_Province_of_Pistoia_Tuscany.html
San Baronto, 4.0, Traveller Resources, /Attraction_Review-g664014-d4886569-Reviews-San_Baronto-San_Baronto_Lamporecchio_Province_of_Pistoia_Tuscany.html, /Attractions-g635877-Activities-Lamporecchio_Province_of_Pistoia_Tuscany.html
Ufficio Turistico San Baronto, 5.0, Traveller Resources, /Attraction_Review-g664014-d14998603-Reviews-Ufficio_Turistico_San_Baronto-San_Baronto_Lamporecchio_Province_of_Pistoia_Tusca.html, /Attractions-g635877-Activities-Lamporecchio_Province_of_Pistoia_Tuscany.html
Chiesa di San Giorgio, 4.5, Sights & Landmarks, /Attraction_Review-g635877-d12820609-Reviews-Chiesa_di_San_Giorgio-Lamporecchio_Province_of_Pistoia_Tuscany.html, /Attractions-g635877-Activities-Lamporecchio_Province_of_Pistoia_Tuscany.html
Pieve di Santo Stefano, 4.0, Sights & Landmarks, /Attraction_Review-g635877-d12822484-Reviews-Pieve_di_Santo_Stefano-Lamporecchio_Province_of_Pistoia_Tuscany.html, /Attractions-g635877-Activities-Lamporecchio_Province_of_Pistoia_Tuscany.html
Oratorio della Madonna delle Grazie, 4.0, Sights & Landmarks, /Attraction_Review-g664014-d14998620-Reviews-Oratorio_della_Madonna_delle_Grazie-San_Baronto_Lamporecchio_Province_of_Pistoia.html, /Attractions-g635877-Activities-Lamporecchio_Province_of_Pistoia_Tuscany.html
Museo delle Arti e della Cultura Contadina del Montalbano, 4.0, Museums, /Attraction_Review-g15035885-d15009584-Reviews-Museo_delle_Arti_e_della_Cultura_Contadina_del_Montalbano-Porciano_Lamporecchi.html, /Attractions-g635877-Activities-Lamporecchio_Province_of_Pistoia_Tuscany.html
Parco Storico I Giardinetti, 4.0, Nature & Parks, /Attraction_Review-g635877-d15009589-Reviews-Parco_Storico_I_Giardinetti-Lamporecchio_Province_of_Pistoia_Tuscany.html, /Attractions-g635877-Activities-Lamporecchio_Province_of_Pistoia_Tuscany.html
Chiesa di Santa Maria Assunta, 4.0, Sights & Landmarks, /Attraction_Review-g635877-d14998633-Reviews-Chiesa_di_Santa_Maria_Assunta-Lamporecchio_Province_of_Pistoia_Tuscany.html, /Attractions-g635877-Activities-Lamporecchio_Province_of_Pistoia_Tuscany.html
Infopoint Lamporecchio, 4.0, Traveller Resources, /Attraction_Review-g635877-d14998609-Reviews-Infopoint_Lamporecchio-Lamporecchio_Province_of_Pistoia_Tuscany.html, /Attractions-g635877-Activities-Lamporecchio_Province_of_Pistoia_Tuscany.html
La Bottega dei Sogni di Isabella Antonini, 5.0, Shopping, /Attraction_Review-g635877-d6961418-Reviews-La_Bottega_dei_Sogni_di_Isabella_Antonini-Lamporecchio_Province_of_Pistoia_Tuscan.html, /Attractions-g635877-Activities-Lamporecchio_Province_of_Pistoia_Tuscany.html
Bomboniere Venturini, 5.0, Shopping, /Attraction_Review-g635877-d19932131-Reviews-Bomboniere_Venturini-Lamporecchio_Province_of_Pistoia_Tuscany.html, /Attractions-g635877-Activities-Lamporecchio_Province_of_Pistoia_Tuscany.html
Glamour Abbigliamento, 5.0, Shopping, /Attraction_Review-g635877-d17406178-Reviews-Glamour_Abbigliamento-Lamporecchio_Province_of_Pistoia_Tuscany.html, /Attractions-g635877-Activities-Lamporecchio_Province_of_Pistoia_Tuscany.html
Teatro Comunale di Lamporecchio, None, Concerts & Shows, /Attraction_Review-g635877-d15003704-Reviews-Teatro_Comunale_di_Lamporecchio-Lamporecchio_Province_of_Pistoia_Tuscany.html, /Attractions-g635877-Activities-Lamporecchio_Province_of_Pistoia_Tuscany.html
Villa del Parco, None, Sights & Landmarks, /Attraction_Review-g635877-d14998645-Reviews-Villa_del_Parco-Lamporecchio_Province_of_Pistoia_Tuscany.html, /Attractions-g635877-Activities-Lamporecchio_Province_of_Pistoia_Tuscany.html
