attraction_name, attraction_rate, attraction_type, attraction_url, attraction_parent_url
Carni E Sapori, 5.0, Food & Drink, /Attraction_Review-g2360039-d4697573-Reviews-Carni_E_Sapori-Acquarica_del_Capo_Province_of_Lecce_Puglia.html, /Attractions-g2360039-Activities-Acquarica_del_Capo_Province_of_Lecce_Puglia.html
Chiesa di San Giovanni Battista, 3.0, Sights & Landmarks, /Attraction_Review-g2360039-d10205445-Reviews-Chiesa_di_San_Giovanni_Battista-Acquarica_del_Capo_Province_of_Lecce_Puglia.html, /Attractions-g2360039-Activities-Acquarica_del_Capo_Province_of_Lecce_Puglia.html
Castello Medioevale, 3.0, Sights & Landmarks, /Attraction_Review-g2360039-d12801326-Reviews-Castello_Medioevale-Acquarica_del_Capo_Province_of_Lecce_Puglia.html, /Attractions-g2360039-Activities-Acquarica_del_Capo_Province_of_Lecce_Puglia.html
Salento d'Autore - Day Tours, 5.0, Tours, /Attraction_Review-g2360039-d6692111-Reviews-Salento_d_Autore_Day_Tours-Acquarica_del_Capo_Province_of_Lecce_Puglia.html, /Attractions-g2360039-Activities-Acquarica_del_Capo_Province_of_Lecce_Puglia.html
Chiesa di San Carlo Borromeo, None, Sights & Landmarks, /Attraction_Review-g2360039-d12801316-Reviews-Chiesa_di_San_Carlo_Borromeo-Acquarica_del_Capo_Province_of_Lecce_Puglia.html, /Attractions-g2360039-Activities-Acquarica_del_Capo_Province_of_Lecce_Puglia.html
Masseria Celsorizzo, None, Sights & Landmarks, /Attraction_Review-g2360039-d12801317-Reviews-Masseria_Celsorizzo-Acquarica_del_Capo_Province_of_Lecce_Puglia.html, /Attractions-g2360039-Activities-Acquarica_del_Capo_Province_of_Lecce_Puglia.html
