attraction_name, attraction_rate, attraction_type, attraction_url, attraction_parent_url
Nonna Anna, 5.0, Food & Drink, /Attraction_Review-g1058831-d12449037-Reviews-Nonna_Anna-San_Cipriano_Picentino_Province_of_Salerno_Campania.html, /Attractions-g1058831-Activities-San_Cipriano_Picentino_Province_of_Salerno_Campania.html
Azienda Agricola Montevetrano, 5.0, Food & Drink, /Attraction_Review-g1058831-d19504553-Reviews-Azienda_Agricola_Montevetrano-San_Cipriano_Picentino_Province_of_Salerno_Campan.html, /Attractions-g1058831-Activities-San_Cipriano_Picentino_Province_of_Salerno_Campania.html
Chiesa di San Cipriano Vescovo, 5.0, Sights & Landmarks, /Attraction_Review-g1058831-d12786435-Reviews-Chiesa_di_San_Cipriano_Vescovo-San_Cipriano_Picentino_Province_of_Salerno_Campa.html, /Attractions-g1058831-Activities-San_Cipriano_Picentino_Province_of_Salerno_Campania.html
Villa Rizzo Resort Spa, 4.0, Spas & Wellness, /Attraction_Review-g1058831-d6123019-Reviews-Villa_Rizzo_Resort_Spa-San_Cipriano_Picentino_Province_of_Salerno_Campania.html, /Attractions-g1058831-Activities-San_Cipriano_Picentino_Province_of_Salerno_Campania.html
Bar Cioffi, 4.5, Nightlife, /Attraction_Review-g1058831-d5922819-Reviews-Bar_Cioffi-San_Cipriano_Picentino_Province_of_Salerno_Campania.html, /Attractions-g1058831-Activities-San_Cipriano_Picentino_Province_of_Salerno_Campania.html
Accademia Del Tiro Salernitana, 4.0, Fun & Games, /Attraction_Review-g10767046-d14983733-Reviews-Accademia_Del_Tiro_Salernitana-Campigliano_San_Cipriano_Picentino_Province_of_.html, /Attractions-g1058831-Activities-San_Cipriano_Picentino_Province_of_Salerno_Campania.html
Jamm O' Bar, 5.0, Nightlife, /Attraction_Review-g1058831-d6704180-Reviews-Jamm_O_Bar-San_Cipriano_Picentino_Province_of_Salerno_Campania.html, /Attractions-g1058831-Activities-San_Cipriano_Picentino_Province_of_Salerno_Campania.html
Centro Estetico Beauty Queen, 2.0, Spas & Wellness, /Attraction_Review-g1058831-d4340948-Reviews-Centro_Estetico_Beauty_Queen-San_Cipriano_Picentino_Province_of_Salerno_Campania.html, /Attractions-g1058831-Activities-San_Cipriano_Picentino_Province_of_Salerno_Campania.html
