attraction_name, attraction_rate, attraction_type, attraction_url, attraction_parent_url
Villa Allegri detta Corte Granda, 5.0, Sights & Landmarks, /Attraction_Review-g1439829-d12280302-Reviews-Villa_Allegri_detta_Corte_Granda-Trevenzuolo_Province_of_Verona_Veneto.html, /Attractions-g1439829-Activities-Trevenzuolo_Province_of_Verona_Veneto.html
Chiesa Parrocchiale di Trevenzuolo 'Santa Maria Maddalena', 4.0, Sights & Landmarks, /Attraction_Review-g1439829-d12280298-Reviews-Chiesa_Parrocchiale_di_Trevenzuolo_Santa_Maria_Maddalena-Trevenzuolo_Province_o.html, /Attractions-g1439829-Activities-Trevenzuolo_Province_of_Verona_Veneto.html
Villa Giona&& Treves de' Bonfigli&& detta Corte San Bernardino, None, Sights & Landmarks, /Attraction_Review-g1439829-d12280701-Reviews-Villa_Giona_Treves_de_Bonfigli_detta_Corte_San_Bernardino-Trevenzuolo_Province_.html, /Attractions-g1439829-Activities-Trevenzuolo_Province_of_Verona_Veneto.html
Corte Azzini, None, Sights & Landmarks, /Attraction_Review-g1439829-d12280278-Reviews-Corte_Azzini-Trevenzuolo_Province_of_Verona_Veneto.html, /Attractions-g1439829-Activities-Trevenzuolo_Province_of_Verona_Veneto.html
Chiesa Parrocchiale di Fagnano Santo Nome di Maria Vergine, None, Sights & Landmarks, /Attraction_Review-g1439829-d12280297-Reviews-Chiesa_Parrocchiale_di_Fagnano_Santo_Nome_di_Maria_Vergine-Trevenzuolo_Province.html, /Attractions-g1439829-Activities-Trevenzuolo_Province_of_Verona_Veneto.html
Biblioteca Comunale di Trevenzuolo Ugo Sesini, None, Traveller Resources, /Attraction_Review-g1439829-d12280300-Reviews-Biblioteca_Comunale_di_Trevenzuolo_Ugo_Sesini-Trevenzuolo_Province_of_Verona_Ve.html, /Attractions-g1439829-Activities-Trevenzuolo_Province_of_Verona_Veneto.html
Villa Pellegrini detta 'Corte Chiara', None, Sights & Landmarks, /Attraction_Review-g1439829-d12280294-Reviews-Villa_Pellegrini_detta_Corte_Chiara-Trevenzuolo_Province_of_Verona_Veneto.html, /Attractions-g1439829-Activities-Trevenzuolo_Province_of_Verona_Veneto.html
Villa Curtoni Tretti detta 'Cortalta', None, Sights & Landmarks, /Attraction_Review-g1439829-d12280287-Reviews-Villa_Curtoni_Tretti_detta_Cortalta-Trevenzuolo_Province_of_Verona_Veneto.html, /Attractions-g1439829-Activities-Trevenzuolo_Province_of_Verona_Veneto.html
