attraction_name, attraction_rate, attraction_type, attraction_url, attraction_parent_url
Sorano Centro Storico, 4.5, Sights & Landmarks, /Attraction_Review-g664984-d9795443-Reviews-Sorano_Centro_Storico-Sorano_Province_of_Grosseto_Tuscany.html, /Attractions-g664984-Activities-Sorano_Province_of_Grosseto_Tuscany.html
Via Cava, 4.5, Nature & Parks, /Attraction_Review-g667207-d3555308-Reviews-Via_Cava-Sovana_Sorano_Province_of_Grosseto_Tuscany.html, /Attractions-g664984-Activities-Sorano_Province_of_Grosseto_Tuscany.html
Parco Archeologico Citta del Tufo, 4.5, Nature & Parks, /Attraction_Review-g667207-d7136458-Reviews-Parco_Archeologico_Citta_del_Tufo-Sovana_Sorano_Province_of_Grosseto_Tuscany.html, /Attractions-g664984-Activities-Sorano_Province_of_Grosseto_Tuscany.html
Cattedrale di San Pietro, 4.5, Sights & Landmarks, /Attraction_Review-g667207-d3227852-Reviews-Cattedrale_di_San_Pietro-Sovana_Sorano_Province_of_Grosseto_Tuscany.html, /Attractions-g664984-Activities-Sorano_Province_of_Grosseto_Tuscany.html
Chiesa di Santa Maria Maggiore, 4.5, Sights & Landmarks, /Attraction_Review-g667207-d6534417-Reviews-Chiesa_di_Santa_Maria_Maggiore-Sovana_Sorano_Province_of_Grosseto_Tuscany.html, /Attractions-g664984-Activities-Sorano_Province_of_Grosseto_Tuscany.html
Fortezza Orsini, 4.0, Sights & Landmarks, /Attraction_Review-g664984-d1878517-Reviews-Fortezza_Orsini-Sorano_Province_of_Grosseto_Tuscany.html, /Attractions-g664984-Activities-Sorano_Province_of_Grosseto_Tuscany.html
Centro storico, 4.5, Sights & Landmarks, /Attraction_Review-g667207-d15011089-Reviews-Centro_storico-Sovana_Sorano_Province_of_Grosseto_Tuscany.html, /Attractions-g664984-Activities-Sorano_Province_of_Grosseto_Tuscany.html
Insediamento rupestre di Vitozza, 4.0, Nature & Parks, /Attraction_Review-g664984-d8522587-Reviews-Insediamento_rupestre_di_Vitozza-Sorano_Province_of_Grosseto_Tuscany.html, /Attractions-g664984-Activities-Sorano_Province_of_Grosseto_Tuscany.html
Sassotondo Azienda Agricola Carla Benini, 5.0, Food & Drink, /Attraction_Review-g667207-d8037880-Reviews-Sassotondo_Azienda_Agricola_Carla_Benini-Sovana_Sorano_Province_of_Grosseto_Tusca.html, /Attractions-g664984-Activities-Sorano_Province_of_Grosseto_Tuscany.html
Masso Leopoldino, 4.5, Sights & Landmarks, /Attraction_Review-g664984-d10093916-Reviews-Masso_Leopoldino-Sorano_Province_of_Grosseto_Tuscany.html, /Attractions-g664984-Activities-Sorano_Province_of_Grosseto_Tuscany.html
Castello di Montorio, 4.5, Sights & Landmarks, /Attraction_Review-g2559255-d5279911-Reviews-Castello_di_Montorio-Montorio_Sorano_Province_of_Grosseto_Tuscany.html, /Attractions-g664984-Activities-Sorano_Province_of_Grosseto_Tuscany.html
Tomba Ildebranda, 4.5, Sights & Landmarks, /Attraction_Review-g667207-d15234270-Reviews-Tomba_Ildebranda-Sovana_Sorano_Province_of_Grosseto_Tuscany.html, /Attractions-g664984-Activities-Sorano_Province_of_Grosseto_Tuscany.html
La Biagiola Winery, 5.0, Food & Drink, /Attraction_Review-g667207-d10723141-Reviews-La_Biagiola_Winery-Sovana_Sorano_Province_of_Grosseto_Tuscany.html, /Attractions-g664984-Activities-Sorano_Province_of_Grosseto_Tuscany.html
Parco degli Etruschi, 4.0, Sights & Landmarks, /Attraction_Review-g664984-d3226043-Reviews-Parco_degli_Etruschi-Sorano_Province_of_Grosseto_Tuscany.html, /Attractions-g664984-Activities-Sorano_Province_of_Grosseto_Tuscany.html
Museo Di San Mamiliano, 4.0, Museums, /Attraction_Review-g667207-d6662347-Reviews-Museo_Di_San_Mamiliano-Sovana_Sorano_Province_of_Grosseto_Tuscany.html, /Attractions-g664984-Activities-Sorano_Province_of_Grosseto_Tuscany.html
Tomba Dei Demoni Alati, 4.5, Sights & Landmarks, /Attraction_Review-g667207-d15234354-Reviews-Tomba_Dei_Demoni_Alati-Sovana_Sorano_Province_of_Grosseto_Tuscany.html, /Attractions-g664984-Activities-Sorano_Province_of_Grosseto_Tuscany.html
Il Frantoio di Sovana, 4.5, Sights & Landmarks, /Attraction_Review-g667207-d3411777-Reviews-Il_Frantoio_di_Sovana-Sovana_Sorano_Province_of_Grosseto_Tuscany.html, /Attractions-g664984-Activities-Sorano_Province_of_Grosseto_Tuscany.html
Palazzo Pretorio, 3.5, Sights & Landmarks, /Attraction_Review-g667207-d15202102-Reviews-Palazzo_Pretorio-Sovana_Sorano_Province_of_Grosseto_Tuscany.html, /Attractions-g664984-Activities-Sorano_Province_of_Grosseto_Tuscany.html
Rocca Aldobrandesca, 3.5, Sights & Landmarks, /Attraction_Review-g667207-d15226944-Reviews-Rocca_Aldobrandesca-Sovana_Sorano_Province_of_Grosseto_Tuscany.html, /Attractions-g664984-Activities-Sorano_Province_of_Grosseto_Tuscany.html
Piazza Del Popolo, 5.0, Sights & Landmarks, /Attraction_Review-g667207-d15233715-Reviews-Piazza_Del_Popolo-Sovana_Sorano_Province_of_Grosseto_Tuscany.html, /Attractions-g664984-Activities-Sorano_Province_of_Grosseto_Tuscany.html
Chiesa di San Mamiliano, 3.5, Museums, /Attraction_Review-g667207-d15210634-Reviews-Chiesa_di_San_Mamiliano-Sovana_Sorano_Province_of_Grosseto_Tuscany.html, /Attractions-g664984-Activities-Sorano_Province_of_Grosseto_Tuscany.html
Parrocchia San Nicola, 3.0, Sights & Landmarks, /Attraction_Review-g664984-d12187490-Reviews-Parrocchia_San_Nicola-Sorano_Province_of_Grosseto_Tuscany.html, /Attractions-g664984-Activities-Sorano_Province_of_Grosseto_Tuscany.html
Le Mura della citta', 3.5, Sights & Landmarks, /Attraction_Review-g667207-d15226715-Reviews-Le_Mura_della_citta-Sovana_Sorano_Province_of_Grosseto_Tuscany.html, /Attractions-g664984-Activities-Sorano_Province_of_Grosseto_Tuscany.html
Fattoria Aldobrandesca, 5.0, Food & Drink, /Attraction_Review-g667207-d10822870-Reviews-Fattoria_Aldobrandesca-Sovana_Sorano_Province_of_Grosseto_Tuscany.html, /Attractions-g664984-Activities-Sorano_Province_of_Grosseto_Tuscany.html
Palazzo Bourbon del Monte, 2.5, Sights & Landmarks, /Attraction_Review-g667207-d15214157-Reviews-Palazzo_Bourbon_del_Monte-Sovana_Sorano_Province_of_Grosseto_Tuscany.html, /Attractions-g664984-Activities-Sorano_Province_of_Grosseto_Tuscany.html
Palazzo Vescovile, 3.0, Sights & Landmarks, /Attraction_Review-g667207-d15218108-Reviews-Palazzo_Vescovile-Sovana_Sorano_Province_of_Grosseto_Tuscany.html, /Attractions-g664984-Activities-Sorano_Province_of_Grosseto_Tuscany.html
Cappella di San Sebastiano, 1.5, Sights & Landmarks, /Attraction_Review-g667207-d15211050-Reviews-Cappella_di_San_Sebastiano-Sovana_Sorano_Province_of_Grosseto_Tuscany.html, /Attractions-g664984-Activities-Sorano_Province_of_Grosseto_Tuscany.html
Maneggio Belvedere, 5.0, Outdoor Activities, /Attraction_Review-g664984-d2399985-Reviews-Maneggio_Belvedere-Sorano_Province_of_Grosseto_Tuscany.html, /Attractions-g664984-Activities-Sorano_Province_of_Grosseto_Tuscany.html
Discovering Truffles, 5.0, Tours, /Attraction_Review-g664984-d15181286-Reviews-Discovering_Truffles-Sorano_Province_of_Grosseto_Tuscany.html, /Attractions-g664984-Activities-Sorano_Province_of_Grosseto_Tuscany.html
Azienda Agricola La Corte del Re, 4.5, Shopping, /Attraction_Review-g664984-d8457910-Reviews-Azienda_Agricola_La_Corte_del_Re-Sorano_Province_of_Grosseto_Tuscany.html, /Attractions-g664984-Activities-Sorano_Province_of_Grosseto_Tuscany.html
