attraction_name, attraction_rate, attraction_type, attraction_url, attraction_parent_url
Brondi's Beach, 5.0, Nature & Parks, /Attraction_Review-g947878-d8423448-Reviews-Brondi_s_Beach-Montepaone_Province_of_Catanzaro_Calabria.html, /Attractions-g947878-Activities-Montepaone_Province_of_Catanzaro_Calabria.html
Il Piccolo Teatro d'Arte, 5.0, Sights & Landmarks, /Attraction_Review-g947878-d6412433-Reviews-Il_Piccolo_Teatro_d_Arte-Montepaone_Province_of_Catanzaro_Calabria.html, /Attractions-g947878-Activities-Montepaone_Province_of_Catanzaro_Calabria.html
Costa Pagoda, 3.0, Outdoor Activities, /Attraction_Review-g947878-d12736473-Reviews-Costa_Pagoda-Montepaone_Province_of_Catanzaro_Calabria.html, /Attractions-g947878-Activities-Montepaone_Province_of_Catanzaro_Calabria.html
Centro Storico Di Montepaone, 4.0, Sights & Landmarks, /Attraction_Review-g947878-d21272852-Reviews-Centro_Storico_Di_Montepaone-Montepaone_Province_of_Catanzaro_Calabria.html, /Attractions-g947878-Activities-Montepaone_Province_of_Catanzaro_Calabria.html
Chiesa di Maria Santissima Immacolata, 4.0, Sights & Landmarks, /Attraction_Review-g947878-d12815854-Reviews-Chiesa_di_Maria_Santissima_Immacolata-Montepaone_Province_of_Catanzaro_Calabria.html, /Attractions-g947878-Activities-Montepaone_Province_of_Catanzaro_Calabria.html
Olmo Storico Di Montepaone, 4.0, Sights & Landmarks, /Attraction_Review-g947878-d21237065-Reviews-Olmo_Storico_Di_Montepaone-Montepaone_Province_of_Catanzaro_Calabria.html, /Attractions-g947878-Activities-Montepaone_Province_of_Catanzaro_Calabria.html
Parrocchia San Giovanni Battista, 3.0, Sights & Landmarks, /Attraction_Review-g947878-d12815855-Reviews-Parrocchia_San_Giovanni_Battista-Montepaone_Province_of_Catanzaro_Calabria.html, /Attractions-g947878-Activities-Montepaone_Province_of_Catanzaro_Calabria.html
Museo della Pesca e del Mare - Centro Recupero Animali Marini, None, Museums, /Attraction_Review-g14911805-d15030425-Reviews-Museo_della_Pesca_e_del_Mare_Centro_Recupero_Animali_Marini-Montepaone_Lido_Mo.html, /Attractions-g947878-Activities-Montepaone_Province_of_Catanzaro_Calabria.html
Sailing The Gulf asd, None, Boat Tours & Water Sports, /Attraction_Review-g14911805-d15361367-Reviews-Sailing_The_Gulf_asd-Montepaone_Lido_Montepaone_Province_of_Catanzaro_Calabria.html, /Attractions-g947878-Activities-Montepaone_Province_of_Catanzaro_Calabria.html
Chiesa dell'Addolorata, None, Sights & Landmarks, /Attraction_Review-g947878-d21238468-Reviews-Chiesa_dell_Addolorata-Montepaone_Province_of_Catanzaro_Calabria.html, /Attractions-g947878-Activities-Montepaone_Province_of_Catanzaro_Calabria.html
Scuola Windsurf Soverato, None, Boat Tours & Water Sports, /Attraction_Review-g14911805-d21064266-Reviews-Scuola_Windsurf_Soverato-Montepaone_Lido_Montepaone_Province_of_Catanzaro_Cala.html, /Attractions-g947878-Activities-Montepaone_Province_of_Catanzaro_Calabria.html
