attraction_name, attraction_rate, attraction_type, attraction_url, attraction_parent_url
Santa Cafe, 4.0, Nightlife, /Attraction_Review-g2357799-d5931515-Reviews-Santa_Cafe-Santa_Giustina_Province_of_Belluno_Veneto.html, /Attractions-g2357799-Activities-Santa_Giustina_Province_of_Belluno_Veneto.html
Re Artu, None, Nightlife, /Attraction_Review-g2357799-d6556526-Reviews-Re_Artu-Santa_Giustina_Province_of_Belluno_Veneto.html, /Attractions-g2357799-Activities-Santa_Giustina_Province_of_Belluno_Veneto.html
Chiesa di Santa Giustina, None, Sights & Landmarks, /Attraction_Review-g2357799-d12158137-Reviews-Chiesa_di_Santa_Giustina-Santa_Giustina_Province_of_Belluno_Veneto.html, /Attractions-g2357799-Activities-Santa_Giustina_Province_of_Belluno_Veneto.html
Villa Norcen, None, Sights & Landmarks, /Attraction_Review-g2357799-d10716977-Reviews-Villa_Norcen-Santa_Giustina_Province_of_Belluno_Veneto.html, /Attractions-g2357799-Activities-Santa_Giustina_Province_of_Belluno_Veneto.html
