attraction_name, attraction_rate, attraction_type, attraction_url, attraction_parent_url
Café Sconcerto, 5.0, Concerts & Shows, /Attraction_Review-g187870-d11875420-Reviews-Cafe_Sconcerto-Venice_Veneto.html, /Attractions-g187870-Activities-Venice_Veneto.html
Campo San Samuele, 4.0, Sights & Landmarks, /Attraction_Review-g187870-d10500180-Reviews-Campo_San_Samuele-Venice_Veneto.html, /Attractions-g187870-Activities-Venice_Veneto.html
Campiello del Piovan, 4.0, Sights & Landmarks, /Attraction_Review-g187870-d12484738-Reviews-Campiello_del_Piovan-Venice_Veneto.html, /Attractions-g187870-Activities-Venice_Veneto.html
Chiesa di San Canciano, 4.0, Sights & Landmarks, /Attraction_Review-g187870-d9802446-Reviews-Chiesa_di_San_Canciano-Venice_Veneto.html, /Attractions-g187870-Activities-Venice_Veneto.html
Mercato del Pesce al Minuto, 4.5, Food & Drink, /Attraction_Review-g187870-d19402670-Reviews-Mercato_del_Pesce_al_Minuto-Venice_Veneto.html, /Attractions-g187870-Activities-Venice_Veneto.html
Ponte Sant'Antonio, 3.5, Sights & Landmarks, /Attraction_Review-g187870-d13416837-Reviews-Ponte_Sant_Antonio-Venice_Veneto.html, /Attractions-g187870-Activities-Venice_Veneto.html
Campo Nazario Sauro, 4.5, Sights & Landmarks, /Attraction_Review-g187870-d12965949-Reviews-Campo_Nazario_Sauro-Venice_Veneto.html, /Attractions-g187870-Activities-Venice_Veneto.html
Parco della Certosa, 4.5, Nature & Parks, /Attraction_Review-g187870-d12791744-Reviews-Parco_della_Certosa-Venice_Veneto.html, /Attractions-g187870-Activities-Venice_Veneto.html
ar33studio, 5.0, Museums, /Attraction_Review-g187870-d8045960-Reviews-Ar33studio-Venice_Veneto.html, /Attractions-g187870-Activities-Venice_Veneto.html
Charta, 5.0, Traveller Resources, /Attraction_Review-g187870-d14181786-Reviews-Charta-Venice_Veneto.html, /Attractions-g187870-Activities-Venice_Veneto.html
Palazzo Arian Cicogna, 4.5, Sights & Landmarks, /Attraction_Review-g187870-d11871995-Reviews-Palazzo_Arian_Cicogna-Venice_Veneto.html, /Attractions-g187870-Activities-Venice_Veneto.html
Campiello della Madonna, 4.5, Sights & Landmarks, /Attraction_Review-g187870-d12485807-Reviews-Campiello_della_Madonna-Venice_Veneto.html, /Attractions-g187870-Activities-Venice_Veneto.html
Museo Storico Militare, 4.5, Museums, /Attraction_Review-g187870-d8043218-Reviews-Museo_Storico_Militare-Venice_Veneto.html, /Attractions-g187870-Activities-Venice_Veneto.html
Galerie Lorenzo Usicco, 5.0, Museums, /Attraction_Review-g187870-d9982419-Reviews-Galerie_Lorenzo_Usicco-Venice_Veneto.html, /Attractions-g187870-Activities-Venice_Veneto.html
Teatro a l'Avogaria, 5.0, Concerts & Shows, /Attraction_Review-g187870-d244640-Reviews-Teatro_a_l_Avogaria-Venice_Veneto.html, /Attractions-g187870-Activities-Venice_Veneto.html
Giardini Groggia, 4.0, Nature & Parks, /Attraction_Review-g187870-d10432456-Reviews-Giardini_Groggia-Venice_Veneto.html, /Attractions-g187870-Activities-Venice_Veneto.html
Rio San Barnaba, 4.5, Nature & Parks, /Attraction_Review-g187870-d17418646-Reviews-Rio_San_Barnaba-Venice_Veneto.html, /Attractions-g187870-Activities-Venice_Veneto.html
Palazzo Fontana Rezzonico, 4.5, Sights & Landmarks, /Attraction_Review-g187870-d8587424-Reviews-Palazzo_Fontana_Rezzonico-Venice_Veneto.html, /Attractions-g187870-Activities-Venice_Veneto.html
Palazzo Bonfadini Vivante, 4.5, Sights & Landmarks, /Attraction_Review-g187870-d12723115-Reviews-Palazzo_Bonfadini_Vivante-Venice_Veneto.html, /Attractions-g187870-Activities-Venice_Veneto.html
Hellenic Institute, 3.5, Museums, /Attraction_Review-g187870-d7178618-Reviews-Hellenic_Institute-Venice_Veneto.html, /Attractions-g187870-Activities-Venice_Veneto.html
Fondamenta del Traghetto del Buso, 4.0, Sights & Landmarks, /Attraction_Review-g187870-d12145102-Reviews-Fondamenta_del_Traghetto_del_Buso-Venice_Veneto.html, /Attractions-g187870-Activities-Venice_Veneto.html
Libreria Mare di Carta, 5.0, Traveller Resources, /Attraction_Review-g187870-d15354799-Reviews-Libreria_Mare_di_Carta-Venice_Veneto.html, /Attractions-g187870-Activities-Venice_Veneto.html
Ponte Marcello, 3.0, Sights & Landmarks, /Attraction_Review-g187870-d12484774-Reviews-Ponte_Marcello-Venice_Veneto.html, /Attractions-g187870-Activities-Venice_Veneto.html
Venezia Certosa Marina, 5.0, Nature & Parks, /Attraction_Review-g187870-d17422453-Reviews-Venezia_Certosa_Marina-Venice_Veneto.html, /Attractions-g187870-Activities-Venice_Veneto.html
Fondamenta Ospedaleto, 4.0, Other, /Attraction_Review-g187870-d13826059-Reviews-Fondamenta_Ospedaleto-Venice_Veneto.html, /Attractions-g187870-Activities-Venice_Veneto.html
Ponte Della Ca Di Dio, 4.0, Sights & Landmarks, /Attraction_Review-g187870-d14958676-Reviews-Ponte_Della_Ca_Di_Dio-Venice_Veneto.html, /Attractions-g187870-Activities-Venice_Veneto.html
Calle de la Racheta, 4.0, Sights & Landmarks, /Attraction_Review-g187870-d12485769-Reviews-Calle_de_la_Racheta-Venice_Veneto.html, /Attractions-g187870-Activities-Venice_Veneto.html
Palazzo Surian Bellotto, 3.5, Sights & Landmarks, /Attraction_Review-g187870-d11948873-Reviews-Palazzo_Surian_Bellotto-Venice_Veneto.html, /Attractions-g187870-Activities-Venice_Veneto.html
Rio di San Marcuola, 4.0, Nature & Parks, /Attraction_Review-g187870-d12965979-Reviews-Rio_di_San_Marcuola-Venice_Veneto.html, /Attractions-g187870-Activities-Venice_Veneto.html
Palazzina Briati, 4.0, Sights & Landmarks, /Attraction_Review-g187870-d8802860-Reviews-Palazzina_Briati-Venice_Veneto.html, /Attractions-g187870-Activities-Venice_Veneto.html
