attraction_name, attraction_rate, attraction_type, attraction_url, attraction_parent_url
Lungomare degli artisti, 4.0, Sights & Landmarks, /Attraction_Review-g1142532-d4549614-Reviews-Lungomare_degli_artisti-Albissola_Marina_Italian_Riviera_Liguria.html, /Attractions-g1142532-Activities-Albissola_Marina_Italian_Riviera_Liguria.html
Casa Museo Jorn, 5.0, Museums, /Attraction_Review-g1142532-d7107047-Reviews-Casa_Museo_Jorn-Albissola_Marina_Italian_Riviera_Liguria.html, /Attractions-g1142532-Activities-Albissola_Marina_Italian_Riviera_Liguria.html
Bau Bau Village, 4.0, Nature & Parks, /Attraction_Review-g1142532-d3407418-Reviews-Bau_Bau_Village-Albissola_Marina_Italian_Riviera_Liguria.html, /Attractions-g1142532-Activities-Albissola_Marina_Italian_Riviera_Liguria.html
Villa Faraggiana, 4.0, Sights & Landmarks, /Attraction_Review-g1142532-d7067843-Reviews-Villa_Faraggiana-Albissola_Marina_Italian_Riviera_Liguria.html, /Attractions-g1142532-Activities-Albissola_Marina_Italian_Riviera_Liguria.html
Spiaggia Libera Attrezzata, 4.0, Nature & Parks, /Attraction_Review-g1142532-d3223984-Reviews-Spiaggia_Libera_Attrezzata-Albissola_Marina_Italian_Riviera_Liguria.html, /Attractions-g1142532-Activities-Albissola_Marina_Italian_Riviera_Liguria.html
Bagni Colombo, 4.0, Nature & Parks, /Attraction_Review-g1142532-d3310703-Reviews-Bagni_Colombo-Albissola_Marina_Italian_Riviera_Liguria.html, /Attractions-g1142532-Activities-Albissola_Marina_Italian_Riviera_Liguria.html
Bagni Acqua Limpida, 4.0, Outdoor Activities, /Attraction_Review-g1142532-d12692276-Reviews-Bagni_Acqua_Limpida-Albissola_Marina_Italian_Riviera_Liguria.html, /Attractions-g1142532-Activities-Albissola_Marina_Italian_Riviera_Liguria.html
Pozzo Garitta, 4.5, Sights & Landmarks, /Attraction_Review-g1142532-d13162274-Reviews-Pozzo_Garitta-Albissola_Marina_Italian_Riviera_Liguria.html, /Attractions-g1142532-Activities-Albissola_Marina_Italian_Riviera_Liguria.html
Lido Beach &amp; Life Resort, 3.5, Nature & Parks, /Attraction_Review-g1142532-d8407872-Reviews-Lido_Beach_Life_Resort-Albissola_Marina_Italian_Riviera_Liguria.html, /Attractions-g1142532-Activities-Albissola_Marina_Italian_Riviera_Liguria.html
Chiesa di Nostra Signora della Concordia, 4.5, Sights & Landmarks, /Attraction_Review-g1142532-d10297362-Reviews-Chiesa_di_Nostra_Signora_della_Concordia-Albissola_Marina_Italian_Riviera_Ligur.html, /Attractions-g1142532-Activities-Albissola_Marina_Italian_Riviera_Liguria.html
Muda, 4.5, Museums, /Attraction_Review-g1142532-d10153291-Reviews-Muda-Albissola_Marina_Italian_Riviera_Liguria.html, /Attractions-g1142532-Activities-Albissola_Marina_Italian_Riviera_Liguria.html
Bagni Sant'Antonio, 4.0, Nature & Parks, /Attraction_Review-g1142532-d7797015-Reviews-Bagni_Sant_Antonio-Albissola_Marina_Italian_Riviera_Liguria.html, /Attractions-g1142532-Activities-Albissola_Marina_Italian_Riviera_Liguria.html
Bagni Nettuno, 4.0, Outdoor Activities, /Attraction_Review-g1142532-d15051790-Reviews-Bagni_Nettuno-Albissola_Marina_Italian_Riviera_Liguria.html, /Attractions-g1142532-Activities-Albissola_Marina_Italian_Riviera_Liguria.html
Scoglio della Madonnetta, 4.0, Nature & Parks, /Attraction_Review-g1142532-d13162291-Reviews-Scoglio_della_Madonnetta-Albissola_Marina_Italian_Riviera_Liguria.html, /Attractions-g1142532-Activities-Albissola_Marina_Italian_Riviera_Liguria.html
Giardino Museo Giuseppe Mazzotti, 3.5, Museums, /Attraction_Review-g1142532-d10307121-Reviews-Giardino_Museo_Giuseppe_Mazzotti-Albissola_Marina_Italian_Riviera_Liguria.html, /Attractions-g1142532-Activities-Albissola_Marina_Italian_Riviera_Liguria.html
Signori Arte di Alessandro Signori, 5.0, Museums, /Attraction_Review-g1142532-d13162231-Reviews-Signori_Arte_di_Alessandro_Signori-Albissola_Marina_Italian_Riviera_Liguria.html, /Attractions-g1142532-Activities-Albissola_Marina_Italian_Riviera_Liguria.html
SOLELUNA Village, 3.0, Outdoor Activities, /Attraction_Review-g1142532-d17448824-Reviews-SOLELUNA_Village-Albissola_Marina_Italian_Riviera_Liguria.html, /Attractions-g1142532-Activities-Albissola_Marina_Italian_Riviera_Liguria.html
Salus x Aquam - Lido Beach Club &amp; Life Resort, 4.5, Spas & Wellness, /Attraction_Review-g1142532-d4817347-Reviews-Salus_x_Aquam_Lido_Beach_Club_Life_Resort-Albissola_Marina_Italian_Riviera_Ligur.html, /Attractions-g1142532-Activities-Albissola_Marina_Italian_Riviera_Liguria.html
Mirage the Beach, 4.0, Nightlife, /Attraction_Review-g1142532-d4698980-Reviews-Mirage_the_Beach-Albissola_Marina_Italian_Riviera_Liguria.html, /Attractions-g1142532-Activities-Albissola_Marina_Italian_Riviera_Liguria.html
Zenzibar, 4.0, Nightlife, /Attraction_Review-g1142532-d7592451-Reviews-Zenzibar-Albissola_Marina_Italian_Riviera_Liguria.html, /Attractions-g1142532-Activities-Albissola_Marina_Italian_Riviera_Liguria.html
Bottega Artigiana Mi - Art, 4.5, Shopping, /Attraction_Review-g1142532-d13162251-Reviews-Bottega_Artigiana_Mi_Art-Albissola_Marina_Italian_Riviera_Liguria.html, /Attractions-g1142532-Activities-Albissola_Marina_Italian_Riviera_Liguria.html
Il Castello, 3.0, Sights & Landmarks, /Attraction_Review-g1142532-d13162267-Reviews-Il_Castello-Albissola_Marina_Italian_Riviera_Liguria.html, /Attractions-g1142532-Activities-Albissola_Marina_Italian_Riviera_Liguria.html
Arturo Bertagnin Ceramiche, None, Shopping, /Attraction_Review-g1142532-d13162245-Reviews-Arturo_Bertagnin_Ceramiche-Albissola_Marina_Italian_Riviera_Liguria.html, /Attractions-g1142532-Activities-Albissola_Marina_Italian_Riviera_Liguria.html
Bludiprussia arte contemporanea, None, Museums, /Attraction_Review-g1142532-d13162250-Reviews-Bludiprussia_arte_contemporanea-Albissola_Marina_Italian_Riviera_Liguria.html, /Attractions-g1142532-Activities-Albissola_Marina_Italian_Riviera_Liguria.html
Ceramiche Pierluca di Dario Bevilacqua, None, Shopping, /Attraction_Review-g1142532-d13162243-Reviews-Ceramiche_Pierluca_di_Dario_Bevilacqua-Albissola_Marina_Italian_Riviera_Liguria.html, /Attractions-g1142532-Activities-Albissola_Marina_Italian_Riviera_Liguria.html
Biblioteca dei bambini - Tante Storie per Giocare, None, Traveller Resources, /Attraction_Review-g1142532-d13162257-Reviews-Biblioteca_dei_bambini_Tante_Storie_per_Giocare-Albissola_Marina_Italian_Rivier.html, /Attractions-g1142532-Activities-Albissola_Marina_Italian_Riviera_Liguria.html
Muro Raku, None, Sights & Landmarks, /Attraction_Review-g1142532-d13162266-Reviews-Muro_Raku-Albissola_Marina_Italian_Riviera_Liguria.html, /Attractions-g1142532-Activities-Albissola_Marina_Italian_Riviera_Liguria.html
Sala di Lettura Comunale, None, Traveller Resources, /Attraction_Review-g1142532-d13162271-Reviews-Sala_di_Lettura_Comunale-Albissola_Marina_Italian_Riviera_Liguria.html, /Attractions-g1142532-Activities-Albissola_Marina_Italian_Riviera_Liguria.html
Oratorio di San Giuseppe, None, Sights & Landmarks, /Attraction_Review-g1142532-d13162277-Reviews-Oratorio_di_San_Giuseppe-Albissola_Marina_Italian_Riviera_Liguria.html, /Attractions-g1142532-Activities-Albissola_Marina_Italian_Riviera_Liguria.html
Piazza Nostra Signora della Concordia, None, Sights & Landmarks, /Attraction_Review-g1142532-d13162304-Reviews-Piazza_Nostra_Signora_della_Concordia-Albissola_Marina_Italian_Riviera_Liguria.html, /Attractions-g1142532-Activities-Albissola_Marina_Italian_Riviera_Liguria.html
