attraction_name, attraction_rate, attraction_type, attraction_url, attraction_parent_url
Il Castello Caracciolo, 4.0, Sights & Landmarks, /Attraction_Review-g1931230-d11913522-Reviews-Il_Castello_Caracciolo-Melizzano_Province_of_Benevento_Campania.html, /Attractions-g1931230-Activities-Melizzano_Province_of_Benevento_Campania.html
Casa Le Bellucci, None, Sights & Landmarks, /Attraction_Review-g1931230-d21214441-Reviews-Casa_Le_Bellucci-Melizzano_Province_of_Benevento_Campania.html, /Attractions-g1931230-Activities-Melizzano_Province_of_Benevento_Campania.html
Chiesa Di Sant'alfonso Maria De' Liguori, None, Sights & Landmarks, /Attraction_Review-g1931230-d21218949-Reviews-Chiesa_Di_Sant_alfonso_Maria_De_Liguori-Melizzano_Province_of_Benevento_Campani.html, /Attractions-g1931230-Activities-Melizzano_Province_of_Benevento_Campania.html
Chiesa dei Santi Apostoli Pietro e Paolo, None, Sights & Landmarks, /Attraction_Review-g1931230-d21214550-Reviews-Chiesa_dei_Santi_Apostoli_Pietro_e_Paolo-Melizzano_Province_of_Benevento_Campan.html, /Attractions-g1931230-Activities-Melizzano_Province_of_Benevento_Campania.html
