attraction_name, attraction_rate, attraction_type, attraction_url, attraction_parent_url
Torre longobarda, 4.5, Sights & Landmarks, /Attraction_Review-g1969717-d12818744-Reviews-Torre_longobarda-Poggio_Catino_Province_of_Rieti_Lazio.html, /Attractions-g1969717-Activities-Poggio_Catino_Province_of_Rieti_Lazio.html
Borgo di Catino, 5.0, Sights & Landmarks, /Attraction_Review-g1969717-d17310012-Reviews-Borgo_di_Catino-Poggio_Catino_Province_of_Rieti_Lazio.html, /Attractions-g1969717-Activities-Poggio_Catino_Province_of_Rieti_Lazio.html
Palazzo Olgiati, None, Sights & Landmarks, /Attraction_Review-g1969717-d13683507-Reviews-Palazzo_Olgiati-Poggio_Catino_Province_of_Rieti_Lazio.html, /Attractions-g1969717-Activities-Poggio_Catino_Province_of_Rieti_Lazio.html
Parrocchia S. Nicola Di Bari, None, Sights & Landmarks, /Attraction_Review-g1969717-d13683480-Reviews-Parrocchia_S_Nicola_Di_Bari-Poggio_Catino_Province_of_Rieti_Lazio.html, /Attractions-g1969717-Activities-Poggio_Catino_Province_of_Rieti_Lazio.html
Chiesa di Sant'Antonio, None, Sights & Landmarks, /Attraction_Review-g1969717-d13737469-Reviews-Chiesa_di_Sant_Antonio-Poggio_Catino_Province_of_Rieti_Lazio.html, /Attractions-g1969717-Activities-Poggio_Catino_Province_of_Rieti_Lazio.html
