attraction_name, attraction_rate, attraction_type, attraction_url, attraction_parent_url
Paradise Playcenter, 4.5, Fun & Games, /Attraction_Review-g1931074-d3493580-Reviews-Paradise_Playcenter-Monsano_Province_of_Ancona_Marche.html, /Attractions-g1931074-Activities-Monsano_Province_of_Ancona_Marche.html
Enigma Escape Room, 4.5, Fun & Games, /Attraction_Review-g1931074-d10252669-Reviews-Enigma_Escape_Room-Monsano_Province_of_Ancona_Marche.html, /Attractions-g1931074-Activities-Monsano_Province_of_Ancona_Marche.html
Caffe' due Querce, 4.5, Nightlife, /Attraction_Review-g1931074-d5931448-Reviews-Caffe_due_Querce-Monsano_Province_of_Ancona_Marche.html, /Attractions-g1931074-Activities-Monsano_Province_of_Ancona_Marche.html
Paintball Paradise, 5.0, Fun & Games, /Attraction_Review-g1931074-d12276903-Reviews-Paintball_Paradise-Monsano_Province_of_Ancona_Marche.html, /Attractions-g1931074-Activities-Monsano_Province_of_Ancona_Marche.html
Taxi Ncc, 5.0, Transportation, /Attraction_Review-g1931074-d12188783-Reviews-Taxi_Ncc-Monsano_Province_of_Ancona_Marche.html, /Attractions-g1931074-Activities-Monsano_Province_of_Ancona_Marche.html
VitaVerde Indoor Solutions, None, Shopping, /Attraction_Review-g1931074-d15533103-Reviews-VitaVerde_Indoor_Solutions-Monsano_Province_of_Ancona_Marche.html, /Attractions-g1931074-Activities-Monsano_Province_of_Ancona_Marche.html
Santuario Santa Maria fuori Monsano, None, Sights & Landmarks, /Attraction_Review-g1931074-d19289319-Reviews-Santuario_Santa_Maria_fuori_Monsano-Monsano_Province_of_Ancona_Marche.html, /Attractions-g1931074-Activities-Monsano_Province_of_Ancona_Marche.html
Chiesa di Santa Maria degli Aroli, None, Sights & Landmarks, /Attraction_Review-g1931074-d19289329-Reviews-Chiesa_di_Santa_Maria_degli_Aroli-Monsano_Province_of_Ancona_Marche.html, /Attractions-g1931074-Activities-Monsano_Province_of_Ancona_Marche.html
