attraction_name, attraction_rate, attraction_type, attraction_url, attraction_parent_url
Chiesa di San Bernardo, 4.0, Sights & Landmarks, /Attraction_Review-g3330288-d12815856-Reviews-Chiesa_di_San_Bernardo-Decollatura_Province_of_Catanzaro_Calabria.html, /Attractions-g3330288-Activities-Decollatura_Province_of_Catanzaro_Calabria.html
Monumento ai Caduti della Prima Guerra Mondiale, 4.0, Sights & Landmarks, /Attraction_Review-g3330288-d19443783-Reviews-Monumento_ai_Caduti_della_Prima_Guerra_Mondiale-Decollatura_Province_of_Catanza.html, /Attractions-g3330288-Activities-Decollatura_Province_of_Catanzaro_Calabria.html
Chiesa di Santa Maria Assunta, 3.0, Sights & Landmarks, /Attraction_Review-g3330288-d13198933-Reviews-Chiesa_di_Santa_Maria_Assunta-Decollatura_Province_of_Catanzaro_Calabria.html, /Attractions-g3330288-Activities-Decollatura_Province_of_Catanzaro_Calabria.html
Palazzo Stocco, 3.0, Sights & Landmarks, /Attraction_Review-g3330288-d19443845-Reviews-Palazzo_Stocco-Decollatura_Province_of_Catanzaro_Calabria.html, /Attractions-g3330288-Activities-Decollatura_Province_of_Catanzaro_Calabria.html
Chiesa della Beata Vergine del Carmine, 3.0, Sights & Landmarks, /Attraction_Review-g3330288-d12815849-Reviews-Chiesa_della_Beata_Vergine_del_Carmine-Decollatura_Province_of_Catanzaro_Calabr.html, /Attractions-g3330288-Activities-Decollatura_Province_of_Catanzaro_Calabria.html
Parco 'Villa' Comunale, 3.0, Nature & Parks, /Attraction_Review-g3330288-d19443792-Reviews-Parco_Villa_Comunale-Decollatura_Province_of_Catanzaro_Calabria.html, /Attractions-g3330288-Activities-Decollatura_Province_of_Catanzaro_Calabria.html
Fontana Giallo, 3.0, Sights & Landmarks, /Attraction_Review-g3330288-d19450282-Reviews-Fontana_Giallo-Decollatura_Province_of_Catanzaro_Calabria.html, /Attractions-g3330288-Activities-Decollatura_Province_of_Catanzaro_Calabria.html
Pietra Di Fota, 4.0, Nature & Parks, /Attraction_Review-g3330288-d21195175-Reviews-Pietra_Di_Fota-Decollatura_Province_of_Catanzaro_Calabria.html, /Attractions-g3330288-Activities-Decollatura_Province_of_Catanzaro_Calabria.html
Bar Liceo 1979, 4.0, Nightlife, /Attraction_Review-g3330288-d5926790-Reviews-Bar_Liceo_1979-Decollatura_Province_of_Catanzaro_Calabria.html, /Attractions-g3330288-Activities-Decollatura_Province_of_Catanzaro_Calabria.html
