attraction_name, attraction_rate, attraction_type, attraction_url, attraction_parent_url
Chiesa di Sant'Anna, 4.5, Sights & Landmarks, /Attraction_Review-g659610-d10749326-Reviews-Chiesa_di_Sant_Anna-Mesagne_Province_of_Brindisi_Puglia.html, /Attractions-g659610-Activities-Mesagne_Province_of_Brindisi_Puglia.html
Piazza Orsini, 4.5, Sights & Landmarks, /Attraction_Review-g659610-d15211129-Reviews-Piazza_Orsini-Mesagne_Province_of_Brindisi_Puglia.html, /Attractions-g659610-Activities-Mesagne_Province_of_Brindisi_Puglia.html
Museo dell'Arte Sacra, 5.0, Museums, /Attraction_Review-g659610-d12318060-Reviews-Museo_dell_Arte_Sacra-Mesagne_Province_of_Brindisi_Puglia.html, /Attractions-g659610-Activities-Mesagne_Province_of_Brindisi_Puglia.html
Parrocchia Santuario Mater Domini, 5.0, Sights & Landmarks, /Attraction_Review-g659610-d12839982-Reviews-Parrocchia_Santuario_Mater_Domini-Mesagne_Province_of_Brindisi_Puglia.html, /Attractions-g659610-Activities-Mesagne_Province_of_Brindisi_Puglia.html
Sito Archeologico di Vico Quercia, 4.5, Sights & Landmarks, /Attraction_Review-g659610-d10838569-Reviews-Sito_Archeologico_di_Vico_Quercia-Mesagne_Province_of_Brindisi_Puglia.html, /Attractions-g659610-Activities-Mesagne_Province_of_Brindisi_Puglia.html
Porta Grande, 4.0, Sights & Landmarks, /Attraction_Review-g659610-d10838920-Reviews-Porta_Grande-Mesagne_Province_of_Brindisi_Puglia.html, /Attractions-g659610-Activities-Mesagne_Province_of_Brindisi_Puglia.html
Chiesa Della Santissima Annunziata, 4.5, Sights & Landmarks, /Attraction_Review-g659610-d10205385-Reviews-Chiesa_Della_Santissima_Annunziata-Mesagne_Province_of_Brindisi_Puglia.html, /Attractions-g659610-Activities-Mesagne_Province_of_Brindisi_Puglia.html
Basilica Vergine SS: del Carmelo, 5.0, Sights & Landmarks, /Attraction_Review-g659610-d10838481-Reviews-Basilica_Vergine_SS_del_Carmelo-Mesagne_Province_of_Brindisi_Puglia.html, /Attractions-g659610-Activities-Mesagne_Province_of_Brindisi_Puglia.html
Chiesa di Santa Maria in Betlem, 5.0, Sights & Landmarks, /Attraction_Review-g659610-d10201172-Reviews-Chiesa_di_Santa_Maria_in_Betlem-Mesagne_Province_of_Brindisi_Puglia.html, /Attractions-g659610-Activities-Mesagne_Province_of_Brindisi_Puglia.html
Chiesa di Tutti I Santi, 4.5, Sights & Landmarks, /Attraction_Review-g659610-d10201167-Reviews-Chiesa_di_Tutti_I_Santi-Mesagne_Province_of_Brindisi_Puglia.html, /Attractions-g659610-Activities-Mesagne_Province_of_Brindisi_Puglia.html
Villa Comunale, 5.0, Nature & Parks, /Attraction_Review-g659610-d13368199-Reviews-Villa_Comunale-Mesagne_Province_of_Brindisi_Puglia.html, /Attractions-g659610-Activities-Mesagne_Province_of_Brindisi_Puglia.html
Spazio d'autore / libri-vinili, 5.0, Traveller Resources, /Attraction_Review-g659610-d14180983-Reviews-Spazio_d_autore_libri_vinili-Mesagne_Province_of_Brindisi_Puglia.html, /Attractions-g659610-Activities-Mesagne_Province_of_Brindisi_Puglia.html
Chiesa di San Lorenzo fuori le Mura, 5.0, Sights & Landmarks, /Attraction_Review-g659610-d8281097-Reviews-Chiesa_di_San_Lorenzo_fuori_le_Mura-Mesagne_Province_of_Brindisi_Puglia.html, /Attractions-g659610-Activities-Mesagne_Province_of_Brindisi_Puglia.html
La Porta Nuova, 5.0, Sights & Landmarks, /Attraction_Review-g659610-d10901393-Reviews-La_Porta_Nuova-Mesagne_Province_of_Brindisi_Puglia.html, /Attractions-g659610-Activities-Mesagne_Province_of_Brindisi_Puglia.html
Convento dei Frati Cappuccini, 3.5, Sights & Landmarks, /Attraction_Review-g659610-d12187743-Reviews-Convento_dei_Frati_Cappuccini-Mesagne_Province_of_Brindisi_Puglia.html, /Attractions-g659610-Activities-Mesagne_Province_of_Brindisi_Puglia.html
Museo Civico 'Ugo Granafei', 3.5, Museums, /Attraction_Review-g659610-d10820340-Reviews-Museo_Civico_Ugo_Granafei-Mesagne_Province_of_Brindisi_Puglia.html, /Attractions-g659610-Activities-Mesagne_Province_of_Brindisi_Puglia.html
Parco Archeologico di Muro Tenente, 5.0, Sights & Landmarks, /Attraction_Review-g659610-d10840654-Reviews-Parco_Archeologico_di_Muro_Tenente-Mesagne_Province_of_Brindisi_Puglia.html, /Attractions-g659610-Activities-Mesagne_Province_of_Brindisi_Puglia.html
Impianto Termale Malvindi, 5.0, Sights & Landmarks, /Attraction_Review-g659610-d10840667-Reviews-Impianto_Termale_Malvindi-Mesagne_Province_of_Brindisi_Puglia.html, /Attractions-g659610-Activities-Mesagne_Province_of_Brindisi_Puglia.html
Biblioteca Comunale Ugo Granafei, 5.0, Traveller Resources, /Attraction_Review-g659610-d10838253-Reviews-Biblioteca_Comunale_Ugo_Granafei-Mesagne_Province_of_Brindisi_Puglia.html, /Attractions-g659610-Activities-Mesagne_Province_of_Brindisi_Puglia.html
Chiesa dell'Immacolata, 5.0, Sights & Landmarks, /Attraction_Review-g659610-d13368187-Reviews-Chiesa_dell_Immacolata-Mesagne_Province_of_Brindisi_Puglia.html, /Attractions-g659610-Activities-Mesagne_Province_of_Brindisi_Puglia.html
Chiesa del SS. Salvatore, 5.0, Sights & Landmarks, /Attraction_Review-g659610-d10901273-Reviews-Chiesa_del_SS_Salvatore-Mesagne_Province_of_Brindisi_Puglia.html, /Attractions-g659610-Activities-Mesagne_Province_of_Brindisi_Puglia.html
Arci La Manovella, None, Sights & Landmarks, /Attraction_Review-g659610-d12002920-Reviews-Arci_La_Manovella-Mesagne_Province_of_Brindisi_Puglia.html, /Attractions-g659610-Activities-Mesagne_Province_of_Brindisi_Puglia.html
Tenuta Moreno Masseria &amp; Spa, 5.0, Spas & Wellness, /Attraction_Review-g659610-d10826339-Reviews-Tenuta_Moreno_Masseria_Spa-Mesagne_Province_of_Brindisi_Puglia.html, /Attractions-g659610-Activities-Mesagne_Province_of_Brindisi_Puglia.html
Alchimia Centro Benessere, 3.5, Spas & Wellness, /Attraction_Review-g659610-d5214488-Reviews-Alchimia_Centro_Benessere-Mesagne_Province_of_Brindisi_Puglia.html, /Attractions-g659610-Activities-Mesagne_Province_of_Brindisi_Puglia.html
Centro Commerciale Auchan, 3.5, Shopping, /Attraction_Review-g659610-d7153547-Reviews-Centro_Commerciale_Auchan-Mesagne_Province_of_Brindisi_Puglia.html, /Attractions-g659610-Activities-Mesagne_Province_of_Brindisi_Puglia.html
Centro Storico di Mesagne, 5.0, Sights & Landmarks, /Attraction_Review-g659610-d21147321-Reviews-Centro_Storico_di_Mesagne-Mesagne_Province_of_Brindisi_Puglia.html, /Attractions-g659610-Activities-Mesagne_Province_of_Brindisi_Puglia.html
Love Garden Cafè, 3.5, Nightlife, /Attraction_Review-g659610-d6696729-Reviews-Love_Garden_Cafe-Mesagne_Province_of_Brindisi_Puglia.html, /Attractions-g659610-Activities-Mesagne_Province_of_Brindisi_Puglia.html
Ciclovagando Cycling Puglia, 4.5, Food & Drink, /Attraction_Review-g659610-d8073372-Reviews-Ciclovagando_Cycling_Puglia-Mesagne_Province_of_Brindisi_Puglia.html, /Attractions-g659610-Activities-Mesagne_Province_of_Brindisi_Puglia.html
Sottospirito, 5.0, Nightlife, /Attraction_Review-g659610-d19254753-Reviews-Sottospirito-Mesagne_Province_of_Brindisi_Puglia.html, /Attractions-g659610-Activities-Mesagne_Province_of_Brindisi_Puglia.html
14 Hamburger e Fish, 3.5, Nightlife, /Attraction_Review-g659610-d5928813-Reviews-14_Hamburger_e_Fish-Mesagne_Province_of_Brindisi_Puglia.html, /Attractions-g659610-Activities-Mesagne_Province_of_Brindisi_Puglia.html
