attraction_name, attraction_rate, attraction_type, attraction_url, attraction_parent_url
Il Parco Azzurro dei Germani, 4.0, Nature & Parks, /Attraction_Review-g1006068-d10834880-Reviews-Il_Parco_Azzurro_dei_Germani-Cernusco_sul_Naviglio_Province_of_Milan_Lombardy.html, /Attractions-g1006068-Activities-Cernusco_sul_Naviglio_Province_of_Milan_Lombardy.html
Enjoy Sport Center, 4.0, Fun & Games, /Attraction_Review-g1006068-d4470836-Reviews-Enjoy_Sport_Center-Cernusco_sul_Naviglio_Province_of_Milan_Lombardy.html, /Attractions-g1006068-Activities-Cernusco_sul_Naviglio_Province_of_Milan_Lombardy.html
Molinetto Country Club, 4.0, Fun & Games, /Attraction_Review-g1006068-d4866530-Reviews-Molinetto_Country_Club-Cernusco_sul_Naviglio_Province_of_Milan_Lombardy.html, /Attractions-g1006068-Activities-Cernusco_sul_Naviglio_Province_of_Milan_Lombardy.html
Villa Alari, 4.0, Sights & Landmarks, /Attraction_Review-g1006068-d10312565-Reviews-Villa_Alari-Cernusco_sul_Naviglio_Province_of_Milan_Lombardy.html, /Attractions-g1006068-Activities-Cernusco_sul_Naviglio_Province_of_Milan_Lombardy.html
Chiesa di S. Maria Assunta, 3.5, Sights & Landmarks, /Attraction_Review-g1006068-d10834932-Reviews-Chiesa_di_S_Maria_Assunta-Cernusco_sul_Naviglio_Province_of_Milan_Lombardy.html, /Attractions-g1006068-Activities-Cernusco_sul_Naviglio_Province_of_Milan_Lombardy.html
Santuario di Santa Maria Addolorata, 3.5, Sights & Landmarks, /Attraction_Review-g1006068-d10834911-Reviews-Santuario_di_Santa_Maria_Addolorata-Cernusco_sul_Naviglio_Province_of_Milan_Lom.html, /Attractions-g1006068-Activities-Cernusco_sul_Naviglio_Province_of_Milan_Lombardy.html
Il Masso Erratico, 4.0, Sights & Landmarks, /Attraction_Review-g1006068-d10834987-Reviews-Il_Masso_Erratico-Cernusco_sul_Naviglio_Province_of_Milan_Lombardy.html, /Attractions-g1006068-Activities-Cernusco_sul_Naviglio_Province_of_Milan_Lombardy.html
Villa Biancani Greppi, 4.5, Sights & Landmarks, /Attraction_Review-g1006068-d10835284-Reviews-Villa_Biancani_Greppi-Cernusco_sul_Naviglio_Province_of_Milan_Lombardy.html, /Attractions-g1006068-Activities-Cernusco_sul_Naviglio_Province_of_Milan_Lombardy.html
Osservatorio Astronomico Civico Gabriele Barletta, 4.0, Museums, /Attraction_Review-g1006068-d10834868-Reviews-Osservatorio_Astronomico_Civico_Gabriele_Barletta-Cernusco_sul_Naviglio_Provinc.html, /Attractions-g1006068-Activities-Cernusco_sul_Naviglio_Province_of_Milan_Lombardy.html
Il Parco Blu degli Aironi, 3.0, Nature & Parks, /Attraction_Review-g1006068-d10834888-Reviews-Il_Parco_Blu_degli_Aironi-Cernusco_sul_Naviglio_Province_of_Milan_Lombardy.html, /Attractions-g1006068-Activities-Cernusco_sul_Naviglio_Province_of_Milan_Lombardy.html
Cimitero Comunale Cernusco sul Naviglio, 4.0, Sights & Landmarks, /Attraction_Review-g1006068-d12239604-Reviews-Cimitero_Comunale_Cernusco_sul_Naviglio-Cernusco_sul_Naviglio_Province_of_Milan.html, /Attractions-g1006068-Activities-Cernusco_sul_Naviglio_Province_of_Milan_Lombardy.html
Villa Uboldo, 4.0, Sights & Landmarks, /Attraction_Review-g1006068-d12244917-Reviews-Villa_Uboldo-Cernusco_sul_Naviglio_Province_of_Milan_Lombardy.html, /Attractions-g1006068-Activities-Cernusco_sul_Naviglio_Province_of_Milan_Lombardy.html
Villa Carini Gervasoni, 4.0, Sights & Landmarks, /Attraction_Review-g1006068-d12241720-Reviews-Villa_Carini_Gervasoni-Cernusco_sul_Naviglio_Province_of_Milan_Lombardy.html, /Attractions-g1006068-Activities-Cernusco_sul_Naviglio_Province_of_Milan_Lombardy.html
Cascina Imperiale, 3.5, Sights & Landmarks, /Attraction_Review-g1006068-d12236583-Reviews-Cascina_Imperiale-Cernusco_sul_Naviglio_Province_of_Milan_Lombardy.html, /Attractions-g1006068-Activities-Cernusco_sul_Naviglio_Province_of_Milan_Lombardy.html
Cascina Torriana, 3.5, Sights & Landmarks, /Attraction_Review-g1006068-d10835371-Reviews-Cascina_Torriana-Cernusco_sul_Naviglio_Province_of_Milan_Lombardy.html, /Attractions-g1006068-Activities-Cernusco_sul_Naviglio_Province_of_Milan_Lombardy.html
Il Parco Verde delle Allodole, 3.0, Nature & Parks, /Attraction_Review-g1006068-d10834891-Reviews-Il_Parco_Verde_delle_Allodole-Cernusco_sul_Naviglio_Province_of_Milan_Lombardy.html, /Attractions-g1006068-Activities-Cernusco_sul_Naviglio_Province_of_Milan_Lombardy.html
MARINO IL PANINO, 4.5, Nightlife, /Attraction_Review-g1006068-d5923836-Reviews-MARINO_IL_PANINO-Cernusco_sul_Naviglio_Province_of_Milan_Lombardy.html, /Attractions-g1006068-Activities-Cernusco_sul_Naviglio_Province_of_Milan_Lombardy.html
VdG Market, 4.0, Shopping, /Attraction_Review-g1006068-d9984152-Reviews-VdG_Market-Cernusco_sul_Naviglio_Province_of_Milan_Lombardy.html, /Attractions-g1006068-Activities-Cernusco_sul_Naviglio_Province_of_Milan_Lombardy.html
Cinema Teatro Agora, 4.0, Fun & Games, /Attraction_Review-g1006068-d3844646-Reviews-Cinema_Teatro_Agora-Cernusco_sul_Naviglio_Province_of_Milan_Lombardy.html, /Attractions-g1006068-Activities-Cernusco_sul_Naviglio_Province_of_Milan_Lombardy.html
Le Officine di Leonardo, 5.0, Shopping, /Attraction_Review-g1006068-d4888396-Reviews-Le_Officine_di_Leonardo-Cernusco_sul_Naviglio_Province_of_Milan_Lombardy.html, /Attractions-g1006068-Activities-Cernusco_sul_Naviglio_Province_of_Milan_Lombardy.html
Olistica Sweetness, 4.5, Spas & Wellness, /Attraction_Review-g1006068-d15506704-Reviews-Olistica_Sweetness-Cernusco_sul_Naviglio_Province_of_Milan_Lombardy.html, /Attractions-g1006068-Activities-Cernusco_sul_Naviglio_Province_of_Milan_Lombardy.html
Palestra the Ring, 4.0, Outdoor Activities, /Attraction_Review-g1006068-d4077146-Reviews-Palestra_the_Ring-Cernusco_sul_Naviglio_Province_of_Milan_Lombardy.html, /Attractions-g1006068-Activities-Cernusco_sul_Naviglio_Province_of_Milan_Lombardy.html
Barcobaleno, 5.0, Fun & Games, /Attraction_Review-g1006068-d13423031-Reviews-Barcobaleno-Cernusco_sul_Naviglio_Province_of_Milan_Lombardy.html, /Attractions-g1006068-Activities-Cernusco_sul_Naviglio_Province_of_Milan_Lombardy.html
Le Bontà del Casale, 5.0, Shopping, /Attraction_Review-g1006068-d12605413-Reviews-Le_Bonta_del_Casale-Cernusco_sul_Naviglio_Province_of_Milan_Lombardy.html, /Attractions-g1006068-Activities-Cernusco_sul_Naviglio_Province_of_Milan_Lombardy.html
Porcaloca Caffe, 2.5, Nightlife, /Attraction_Review-g1006068-d4520849-Reviews-Porcaloca_Caffe-Cernusco_sul_Naviglio_Province_of_Milan_Lombardy.html, /Attractions-g1006068-Activities-Cernusco_sul_Naviglio_Province_of_Milan_Lombardy.html
ALCHIMIA, 4.5, Shopping, /Attraction_Review-g1006068-d6708178-Reviews-ALCHIMIA-Cernusco_sul_Naviglio_Province_of_Milan_Lombardy.html, /Attractions-g1006068-Activities-Cernusco_sul_Naviglio_Province_of_Milan_Lombardy.html
Cook in Love, None, Food & Drink, /Attraction_Review-g1006068-d13222492-Reviews-Cook_in_Love-Cernusco_sul_Naviglio_Province_of_Milan_Lombardy.html, /Attractions-g1006068-Activities-Cernusco_sul_Naviglio_Province_of_Milan_Lombardy.html
Autonoleggio taxi Longhin, None, Transportation, /Attraction_Review-g1006068-d19003334-Reviews-Autonoleggio_taxi_Longhin-Cernusco_sul_Naviglio_Province_of_Milan_Lombardy.html, /Attractions-g1006068-Activities-Cernusco_sul_Naviglio_Province_of_Milan_Lombardy.html
