attraction_name, attraction_rate, attraction_type, attraction_url, attraction_parent_url
Chiesa di San Nicola di Bari, 5.0, Sights & Landmarks, /Attraction_Review-g13223059-d13156544-Reviews-Chiesa_di_San_Nicola_di_Bari-Molina_Aterno_Province_of_L_Aquila_Abruzzo.html, /Attractions-g13223059-Activities-Molina_Aterno_Province_of_L_Aquila_Abruzzo.html
Chiesa di Santa Maria del Colle, 5.0, Sights & Landmarks, /Attraction_Review-g13223059-d13293424-Reviews-Chiesa_di_Santa_Maria_del_Colle-Molina_Aterno_Province_of_L_Aquila_Abruzzo.html, /Attractions-g13223059-Activities-Molina_Aterno_Province_of_L_Aquila_Abruzzo.html
Chiesa di San Pio, None, Sights & Landmarks, /Attraction_Review-g13223059-d15246609-Reviews-Chiesa_di_San_Pio-Molina_Aterno_Province_of_L_Aquila_Abruzzo.html, /Attractions-g13223059-Activities-Molina_Aterno_Province_of_L_Aquila_Abruzzo.html
Palazzo Piccolomini, None, Sights & Landmarks, /Attraction_Review-g13223059-d14913802-Reviews-Palazzo_Piccolomini-Molina_Aterno_Province_of_L_Aquila_Abruzzo.html, /Attractions-g13223059-Activities-Molina_Aterno_Province_of_L_Aquila_Abruzzo.html
