attraction_name, attraction_rate, attraction_type, attraction_url, attraction_parent_url
Trevignano Romano, 4.5, Sights & Landmarks, /Attraction_Review-g1158597-d2356764-Reviews-Trevignano_Romano-Trevignano_Romano_Province_of_Rome_Lazio.html, /Attractions-g1158597-Activities-Trevignano_Romano_Province_of_Rome_Lazio.html
I Falchi di Rocca Romana, 4.5, Zoos & Aquariums, /Attraction_Review-g1158597-d4800786-Reviews-I_Falchi_di_Rocca_Romana-Trevignano_Romano_Province_of_Rome_Lazio.html, /Attractions-g1158597-Activities-Trevignano_Romano_Province_of_Rome_Lazio.html
Riva di Polline, 3.5, Nature & Parks, /Attraction_Review-g1158597-d7986833-Reviews-Riva_di_Polline-Trevignano_Romano_Province_of_Rome_Lazio.html, /Attractions-g1158597-Activities-Trevignano_Romano_Province_of_Rome_Lazio.html
Museo Etrusco-Romano Di Trevignano Romano, 4.0, Museums, /Attraction_Review-g1158597-d8722997-Reviews-Museo_Etrusco_Romano_Di_Trevignano_Romano-Trevignano_Romano_Province_of_Rome_Laz.html, /Attractions-g1158597-Activities-Trevignano_Romano_Province_of_Rome_Lazio.html
Cantine Capitani, 5.0, Food & Drink, /Attraction_Review-g1158597-d15752955-Reviews-Cantine_Capitani-Trevignano_Romano_Province_of_Rome_Lazio.html, /Attractions-g1158597-Activities-Trevignano_Romano_Province_of_Rome_Lazio.html
Rocca Orsini, 4.5, Sights & Landmarks, /Attraction_Review-g1158597-d13147819-Reviews-Rocca_Orsini-Trevignano_Romano_Province_of_Rome_Lazio.html, /Attractions-g1158597-Activities-Trevignano_Romano_Province_of_Rome_Lazio.html
Onde di Carta, 5.0, Museums, /Attraction_Review-g1158597-d12352258-Reviews-Onde_di_Carta-Trevignano_Romano_Province_of_Rome_Lazio.html, /Attractions-g1158597-Activities-Trevignano_Romano_Province_of_Rome_Lazio.html
Chiesa di Santa Caterina, 4.0, Sights & Landmarks, /Attraction_Review-g1158597-d8761780-Reviews-Chiesa_di_Santa_Caterina-Trevignano_Romano_Province_of_Rome_Lazio.html, /Attractions-g1158597-Activities-Trevignano_Romano_Province_of_Rome_Lazio.html
Chiesa di Santa Maria Assunta, 3.5, Sights & Landmarks, /Attraction_Review-g1158597-d13147816-Reviews-Chiesa_di_Santa_Maria_Assunta-Trevignano_Romano_Province_of_Rome_Lazio.html, /Attractions-g1158597-Activities-Trevignano_Romano_Province_of_Rome_Lazio.html
Blue Banner Beach, 4.5, Outdoor Activities, /Attraction_Review-g1158597-d17733935-Reviews-Blue_Banner_Beach-Trevignano_Romano_Province_of_Rome_Lazio.html, /Attractions-g1158597-Activities-Trevignano_Romano_Province_of_Rome_Lazio.html
Discovery Tours Limousine Service Day Tours, 5.0, Tours, /Attraction_Review-g1158597-d2219644-Reviews-Discovery_Tours_Limousine_Service_Day_Tours-Trevignano_Romano_Province_of_Rome_L.html, /Attractions-g1158597-Activities-Trevignano_Romano_Province_of_Rome_Lazio.html
Cinema Palma, 4.5, Fun & Games, /Attraction_Review-g1158597-d6131453-Reviews-Cinema_Palma-Trevignano_Romano_Province_of_Rome_Lazio.html, /Attractions-g1158597-Activities-Trevignano_Romano_Province_of_Rome_Lazio.html
A.S.D. Lake Adventures, 5.0, Tours, /Attraction_Review-g1158597-d21246067-Reviews-A_S_D_Lake_Adventures-Trevignano_Romano_Province_of_Rome_Lazio.html, /Attractions-g1158597-Activities-Trevignano_Romano_Province_of_Rome_Lazio.html
Italy Tour, 5.0, Tours, /Attraction_Review-g1158597-d3596007-Reviews-Italy_Tour-Trevignano_Romano_Province_of_Rome_Lazio.html, /Attractions-g1158597-Activities-Trevignano_Romano_Province_of_Rome_Lazio.html
Wellness on Waves, 5.0, Boat Tours & Water Sports, /Attraction_Review-g1158597-d8489016-Reviews-Wellness_on_Waves-Trevignano_Romano_Province_of_Rome_Lazio.html, /Attractions-g1158597-Activities-Trevignano_Romano_Province_of_Rome_Lazio.html
Bici e Affini, 3.0, Outdoor Activities, /Attraction_Review-g1158597-d10807816-Reviews-Bici_e_Affini-Trevignano_Romano_Province_of_Rome_Lazio.html, /Attractions-g1158597-Activities-Trevignano_Romano_Province_of_Rome_Lazio.html
Bar il Girasole, 3.5, Nightlife, /Attraction_Review-g1158597-d5937252-Reviews-Bar_il_Girasole-Trevignano_Romano_Province_of_Rome_Lazio.html, /Attractions-g1158597-Activities-Trevignano_Romano_Province_of_Rome_Lazio.html
PIT - Punti di Informazione Turistica, 2.0, Traveller Resources, /Attraction_Review-g1158597-d12822136-Reviews-PIT_Punti_di_Informazione_Turistica-Trevignano_Romano_Province_of_Rome_Lazio.html, /Attractions-g1158597-Activities-Trevignano_Romano_Province_of_Rome_Lazio.html
MC Travel Private Day Tours, 5.0, Tours, /Attraction_Review-g1158597-d3323959-Reviews-MC_Travel_Private_Day_Tours-Trevignano_Romano_Province_of_Rome_Lazio.html, /Attractions-g1158597-Activities-Trevignano_Romano_Province_of_Rome_Lazio.html
3vi e-Bike Tour, None, Tours, /Attraction_Review-g1158597-d11851702-Reviews-3vi_e_Bike_Tour-Trevignano_Romano_Province_of_Rome_Lazio.html, /Attractions-g1158597-Activities-Trevignano_Romano_Province_of_Rome_Lazio.html
