attraction_name, attraction_rate, attraction_type, attraction_url, attraction_parent_url
Castello di Acquafredda, 4.5, Sights & Landmarks, /Attraction_Review-g1421456-d4326600-Reviews-Castello_di_Acquafredda-Siliqua_Province_of_Cagliari_Sardinia.html, /Attractions-g1421456-Activities-Siliqua_Province_of_Cagliari_Sardinia.html
Parrocchia di San Giorgio Martire, 4.5, Sights & Landmarks, /Attraction_Review-g1421456-d12814643-Reviews-Parrocchia_di_San_Giorgio_Martire-Siliqua_Province_of_Cagliari_Sardinia.html, /Attractions-g1421456-Activities-Siliqua_Province_of_Cagliari_Sardinia.html
Caseificio Monte Accas, 5.0, Shopping, /Attraction_Review-g1421456-d11707467-Reviews-Caseificio_Monte_Accas-Siliqua_Province_of_Cagliari_Sardinia.html, /Attractions-g1421456-Activities-Siliqua_Province_of_Cagliari_Sardinia.html
La Tana Del Volo, 5.0, Tours, /Attraction_Review-g1421456-d8733899-Reviews-La_Tana_Del_Volo-Siliqua_Province_of_Cagliari_Sardinia.html, /Attractions-g1421456-Activities-Siliqua_Province_of_Cagliari_Sardinia.html
Wakeboarding Sardinia Association, None, Boat Tours & Water Sports, /Attraction_Review-g1421456-d7070860-Reviews-Wakeboarding_Sardinia_Association-Siliqua_Province_of_Cagliari_Sardinia.html, /Attractions-g1421456-Activities-Siliqua_Province_of_Cagliari_Sardinia.html
