attraction_name, attraction_rate, attraction_type, attraction_url, attraction_parent_url
Giardino Museo Bonsai della Serenità, 4.5, Nature & Parks, /Attraction_Review-g1652586-d10303223-Reviews-Giardino_Museo_Bonsai_della_Serenita-Tarzo_Province_of_Treviso_Veneto.html, /Attractions-g1652586-Activities-Tarzo_Province_of_Treviso_Veneto.html
Museo Del Latte E Del Formaggio, 4.5, Museums, /Attraction_Review-g1652586-d8054361-Reviews-Museo_Del_Latte_E_Del_Formaggio-Tarzo_Province_of_Treviso_Veneto.html, /Attractions-g1652586-Activities-Tarzo_Province_of_Treviso_Veneto.html
Distilleria Andrea Da Ponte, 5.0, Food & Drink, /Attraction_Review-g1652586-d12150547-Reviews-Distilleria_Andrea_Da_Ponte-Tarzo_Province_of_Treviso_Veneto.html, /Attractions-g1652586-Activities-Tarzo_Province_of_Treviso_Veneto.html
Chiesa Parrocchiale della Purificazione della Beata Vergine di Tarzo, 4.0, Sights & Landmarks, /Attraction_Review-g1652586-d10306625-Reviews-Chiesa_Parrocchiale_della_Purificazione_della_Beata_Vergine_di_Tarzo-Tarzo_Prov.html, /Attractions-g1652586-Activities-Tarzo_Province_of_Treviso_Veneto.html
