attraction_name, attraction_rate, attraction_type, attraction_url, attraction_parent_url
Nuraghe Nolza, 4.5, Sights & Landmarks, /Attraction_Review-g1871874-d10745174-Reviews-Nuraghe_Nolza-Meana_Sardo_Province_of_Nuoro_Sardinia.html, /Attractions-g1871874-Activities-Meana_Sardo_Province_of_Nuoro_Sardinia.html
Chiesa di San Bartolomeo, 5.0, Sights & Landmarks, /Attraction_Review-g1871874-d12818663-Reviews-Chiesa_di_San_Bartolomeo-Meana_Sardo_Province_of_Nuoro_Sardinia.html, /Attractions-g1871874-Activities-Meana_Sardo_Province_of_Nuoro_Sardinia.html
Bar Peppe &amp; Giulia, 4.0, Nightlife, /Attraction_Review-g1871874-d5928634-Reviews-Bar_Peppe_Giulia-Meana_Sardo_Province_of_Nuoro_Sardinia.html, /Attractions-g1871874-Activities-Meana_Sardo_Province_of_Nuoro_Sardinia.html
Chiesa di San Salvatore, None, Sights & Landmarks, /Attraction_Review-g1871874-d13423640-Reviews-Chiesa_di_San_Salvatore-Meana_Sardo_Province_of_Nuoro_Sardinia.html, /Attractions-g1871874-Activities-Meana_Sardo_Province_of_Nuoro_Sardinia.html
