attraction_name, attraction_rate, attraction_type, attraction_url, attraction_parent_url
Castello Bufalini, 4.5, Sights & Landmarks, /Attraction_Review-g1438736-d6456568-Reviews-Castello_Bufalini-San_Giustino_Province_of_Perugia_Umbria.html, /Attractions-g1438736-Activities-San_Giustino_Province_of_Perugia_Umbria.html
Mostra permanente Pietro Pecorari, 5.0, Museums, /Attraction_Review-g1438736-d19917444-Reviews-Mostra_permanente_Pietro_Pecorari-San_Giustino_Province_of_Perugia_Umbria.html, /Attractions-g1438736-Activities-San_Giustino_Province_of_Perugia_Umbria.html
Ex Repubblica di Cospaia, 4.0, Sights & Landmarks, /Attraction_Review-g1438736-d8667132-Reviews-Ex_Repubblica_di_Cospaia-San_Giustino_Province_of_Perugia_Umbria.html, /Attractions-g1438736-Activities-San_Giustino_Province_of_Perugia_Umbria.html
Museo Storico e Scientifico del Tabacco, 4.5, Museums, /Attraction_Review-g1438736-d7107030-Reviews-Museo_Storico_e_Scientifico_del_Tabacco-San_Giustino_Province_of_Perugia_Umbria.html, /Attractions-g1438736-Activities-San_Giustino_Province_of_Perugia_Umbria.html
Scavi Archeologici di Colle Plinio, 2.0, Sights & Landmarks, /Attraction_Review-g1438736-d6977458-Reviews-Scavi_Archeologici_di_Colle_Plinio-San_Giustino_Province_of_Perugia_Umbria.html, /Attractions-g1438736-Activities-San_Giustino_Province_of_Perugia_Umbria.html
Mulino Medievale dei Renzetti, 5.0, Museums, /Attraction_Review-g1438736-d13821254-Reviews-Mulino_Medievale_dei_Renzetti-San_Giustino_Province_of_Perugia_Umbria.html, /Attractions-g1438736-Activities-San_Giustino_Province_of_Perugia_Umbria.html
Palestra Gipoint2.0, 4.0, Spas & Wellness, /Attraction_Review-g1438736-d1603532-Reviews-Palestra_Gipoint2_0-San_Giustino_Province_of_Perugia_Umbria.html, /Attractions-g1438736-Activities-San_Giustino_Province_of_Perugia_Umbria.html
Chiesa di San Giustino, None, Sights & Landmarks, /Attraction_Review-g1438736-d19261446-Reviews-Chiesa_di_San_Giustino-San_Giustino_Province_of_Perugia_Umbria.html, /Attractions-g1438736-Activities-San_Giustino_Province_of_Perugia_Umbria.html
WHITEROSE Studios &amp; Academy, None, Fun & Games, /Attraction_Review-g1438736-d20265941-Reviews-WHITEROSE_Studios_Academy-San_Giustino_Province_of_Perugia_Umbria.html, /Attractions-g1438736-Activities-San_Giustino_Province_of_Perugia_Umbria.html
Chiesa Di S. Andrea In Selci, None, Sights & Landmarks, /Attraction_Review-g13119403-d20867012-Reviews-Chiesa_Di_S_Andrea_In_Selci-Selci_Lama_San_Giustino_Province_of_Perugia_Umbria.html, /Attractions-g1438736-Activities-San_Giustino_Province_of_Perugia_Umbria.html
