attraction_name, attraction_rate, attraction_type, attraction_url, attraction_parent_url
Chiesa di San Giovanni Battista, 4.0, Sights & Landmarks, /Attraction_Review-g1644002-d12848697-Reviews-Chiesa_di_San_Giovanni_Battista-Roccapiemonte_Province_of_Salerno_Campania.html, /Attractions-g1644002-Activities-Roccapiemonte_Province_of_Salerno_Campania.html
Chiesa di Santa Maria del Ponte, 4.0, Sights & Landmarks, /Attraction_Review-g1644002-d12843781-Reviews-Chiesa_di_Santa_Maria_del_Ponte-Roccapiemonte_Province_of_Salerno_Campania.html, /Attractions-g1644002-Activities-Roccapiemonte_Province_of_Salerno_Campania.html
Rocca di San Quirico, 3.0, Sights & Landmarks, /Attraction_Review-g1644002-d3236265-Reviews-Rocca_di_San_Quirico-Roccapiemonte_Province_of_Salerno_Campania.html, /Attractions-g1644002-Activities-Roccapiemonte_Province_of_Salerno_Campania.html
BAR Ponte, 4.5, Nightlife, /Attraction_Review-g1644002-d5943952-Reviews-BAR_Ponte-Roccapiemonte_Province_of_Salerno_Campania.html, /Attractions-g1644002-Activities-Roccapiemonte_Province_of_Salerno_Campania.html
Cafe Noir, 5.0, Nightlife, /Attraction_Review-g1644002-d5922856-Reviews-Cafe_Noir-Roccapiemonte_Province_of_Salerno_Campania.html, /Attractions-g1644002-Activities-Roccapiemonte_Province_of_Salerno_Campania.html
ASD Equestrian Le Tufare, 4.0, Outdoor Activities, /Attraction_Review-g1644002-d12048589-Reviews-ASD_Equestrian_Le_Tufare-Roccapiemonte_Province_of_Salerno_Campania.html, /Attractions-g1644002-Activities-Roccapiemonte_Province_of_Salerno_Campania.html
