attraction_name, attraction_rate, attraction_type, attraction_url, attraction_parent_url
Arcipelago Tremiti, 4.5, Nature & Parks, /Attraction_Review-g1413090-d3316841-Reviews-Arcipelago_Tremiti-San_Domino_Tremiti_Islands_Province_of_Foggia_Puglia.html, /Attractions-g1413090-Activities-San_Domino_Tremiti_Islands_Province_of_Foggia_Puglia.html
Cala Matana, 4.5, Nature & Parks, /Attraction_Review-g1413090-d8464521-Reviews-Cala_Matana-San_Domino_Tremiti_Islands_Province_of_Foggia_Puglia.html, /Attractions-g1413090-Activities-San_Domino_Tremiti_Islands_Province_of_Foggia_Puglia.html
Spiaggia Tremiti, 4.5, Nature & Parks, /Attraction_Review-g1413090-d17678626-Reviews-Spiaggia_Tremiti-San_Domino_Tremiti_Islands_Province_of_Foggia_Puglia.html, /Attractions-g1413090-Activities-San_Domino_Tremiti_Islands_Province_of_Foggia_Puglia.html
Cala delle Arene, 3.5, Nature & Parks, /Attraction_Review-g1413090-d15078095-Reviews-Cala_delle_Arene-San_Domino_Tremiti_Islands_Province_of_Foggia_Puglia.html, /Attractions-g1413090-Activities-San_Domino_Tremiti_Islands_Province_of_Foggia_Puglia.html
Marlin Tremiti, 5.0, Boat Tours & Water Sports, /Attraction_Review-g1413090-d4421026-Reviews-Marlin_Tremiti-San_Domino_Tremiti_Islands_Province_of_Foggia_Puglia.html, /Attractions-g1413090-Activities-San_Domino_Tremiti_Islands_Province_of_Foggia_Puglia.html
Motonave Victor, 5.0, Boat Tours & Water Sports, /Attraction_Review-g1413090-d3400618-Reviews-Motonave_Victor-San_Domino_Tremiti_Islands_Province_of_Foggia_Puglia.html, /Attractions-g1413090-Activities-San_Domino_Tremiti_Islands_Province_of_Foggia_Puglia.html
Tremiti Diving Center, 5.0, Boat Tours & Water Sports, /Attraction_Review-g1413090-d2371356-Reviews-Tremiti_Diving_Center-San_Domino_Tremiti_Islands_Province_of_Foggia_Puglia.html, /Attractions-g1413090-Activities-San_Domino_Tremiti_Islands_Province_of_Foggia_Puglia.html
Angelica Noleggio Gommoni, 5.0, Boat Tours & Water Sports, /Attraction_Review-g1413090-d14043180-Reviews-Angelica_Noleggio_Gommoni-San_Domino_Tremiti_Islands_Province_of_Foggia_Puglia.html, /Attractions-g1413090-Activities-San_Domino_Tremiti_Islands_Province_of_Foggia_Puglia.html
Blu Tremiti Diving, 4.5, Boat Tours & Water Sports, /Attraction_Review-g1413090-d3400991-Reviews-Blu_Tremiti_Diving-San_Domino_Tremiti_Islands_Province_of_Foggia_Puglia.html, /Attractions-g1413090-Activities-San_Domino_Tremiti_Islands_Province_of_Foggia_Puglia.html
Isole Tremiti Diving, 4.5, Boat Tours & Water Sports, /Attraction_Review-g1413090-d3269004-Reviews-Isole_Tremiti_Diving-San_Domino_Tremiti_Islands_Province_of_Foggia_Puglia.html, /Attractions-g1413090-Activities-San_Domino_Tremiti_Islands_Province_of_Foggia_Puglia.html
Aquolina Diving Center, 4.5, Boat Tours & Water Sports, /Attraction_Review-g1413090-d4761983-Reviews-Aquolina_Diving_Center-San_Domino_Tremiti_Islands_Province_of_Foggia_Puglia.html, /Attractions-g1413090-Activities-San_Domino_Tremiti_Islands_Province_of_Foggia_Puglia.html
Lo Scrigno, 5.0, Shopping, /Attraction_Review-g1413090-d12605381-Reviews-Lo_Scrigno-San_Domino_Tremiti_Islands_Province_of_Foggia_Puglia.html, /Attractions-g1413090-Activities-San_Domino_Tremiti_Islands_Province_of_Foggia_Puglia.html
Ingommoneconsimone Tremiti, 5.0, Boat Tours & Water Sports, /Attraction_Review-g1413090-d20163981-Reviews-Ingommoneconsimone_Tremiti-San_Domino_Tremiti_Islands_Province_of_Foggia_Puglia.html, /Attractions-g1413090-Activities-San_Domino_Tremiti_Islands_Province_of_Foggia_Puglia.html
