attraction_name, attraction_rate, attraction_type, attraction_url, attraction_parent_url
Vini &amp; Agriturismo Isola Augusta, 4.5, Food & Drink, /Attraction_Review-g1086581-d12200332-Reviews-Vini_Agriturismo_Isola_Augusta-Palazzolo_dello_Stella_Province_of_Udine_Friuli_.html, /Attractions-g1086581-Activities-Palazzolo_dello_Stella_Province_of_Udine_Friuli_Venezia_Giulia.html
Modeano Azienda Agricola Vialetto Dott. Gabriele, 5.0, Food & Drink, /Attraction_Review-g1086581-d12200572-Reviews-Modeano_Azienda_Agricola_Vialetto_Dott_Gabriele-Palazzolo_dello_Stella_Province.html, /Attractions-g1086581-Activities-Palazzolo_dello_Stella_Province_of_Udine_Friuli_Venezia_Giulia.html
Casa del Marinaretto, 4.0, Sights & Landmarks, /Attraction_Review-g1086581-d8281264-Reviews-Casa_del_Marinaretto-Palazzolo_dello_Stella_Province_of_Udine_Friuli_Venezia_Giu.html, /Attractions-g1086581-Activities-Palazzolo_dello_Stella_Province_of_Udine_Friuli_Venezia_Giulia.html
Bilancia di Bepi, 4.5, Boat Tours & Water Sports, /Attraction_Review-g1086581-d3659745-Reviews-Bilancia_di_Bepi-Palazzolo_dello_Stella_Province_of_Udine_Friuli_Venezia_Giulia.html, /Attractions-g1086581-Activities-Palazzolo_dello_Stella_Province_of_Udine_Friuli_Venezia_Giulia.html
Chiesa della Madonna del Suffragio, None, Sights & Landmarks, /Attraction_Review-g1086581-d11876697-Reviews-Chiesa_della_Madonna_del_Suffragio-Palazzolo_dello_Stella_Province_of_Udine_Fri.html, /Attractions-g1086581-Activities-Palazzolo_dello_Stella_Province_of_Udine_Friuli_Venezia_Giulia.html
