attraction_name, attraction_rate, attraction_type, attraction_url, attraction_parent_url
Borgo di Vigo di Fassa, 4.0, Sights & Landmarks, /Attraction_Review-g668546-d15029464-Reviews-Borgo_di_Vigo_di_Fassa-Vigo_di_Fassa_San_Giovanni_di_Fassa_Province_of_Trento_Tr.html, /Attractions-g17816210-Activities-San_Giovanni_di_Fassa_Province_of_Trento_Trentino_Alto_Adige.html
Horse Ranch Highland Cattle, 3.0, Sights & Landmarks, /Attraction_Review-g668546-d6921152-Reviews-Horse_Ranch_Highland_Cattle-Vigo_di_Fassa_San_Giovanni_di_Fassa_Province_of_Trent.html, /Attractions-g17816210-Activities-San_Giovanni_di_Fassa_Province_of_Trento_Trentino_Alto_Adige.html
Ufficio Turistico Informazioni, 4.5, Traveller Resources, /Attraction_Review-g668546-d15029809-Reviews-Ufficio_Turistico_Informazioni-Vigo_di_Fassa_San_Giovanni_di_Fassa_Province_of_T.html, /Attractions-g17816210-Activities-San_Giovanni_di_Fassa_Province_of_Trento_Trentino_Alto_Adige.html
Sentiero panoramico del Catinaccio, 5.0, Nature & Parks, /Attraction_Review-g668546-d18971659-Reviews-Sentiero_panoramico_del_Catinaccio-Vigo_di_Fassa_San_Giovanni_di_Fassa_Province_.html, /Attractions-g17816210-Activities-San_Giovanni_di_Fassa_Province_of_Trento_Trentino_Alto_Adige.html
Grotta di Lourdes, 4.0, Sights & Landmarks, /Attraction_Review-g668546-d20067140-Reviews-Grotta_di_Lourdes-Vigo_di_Fassa_San_Giovanni_di_Fassa_Province_of_Trento_Trentin.html, /Attractions-g17816210-Activities-San_Giovanni_di_Fassa_Province_of_Trento_Trentino_Alto_Adige.html
Gruppo Dei Monzoni, 5.0, Nature & Parks, /Attraction_Review-g17816210-d21186388-Reviews-Gruppo_Dei_Monzoni-San_Giovanni_di_Fassa_Province_of_Trento_Trentino_Alto_Adig.html, /Attractions-g17816210-Activities-San_Giovanni_di_Fassa_Province_of_Trento_Trentino_Alto_Adige.html
Alta Via Bruno Federspiel, 4.0, Nature & Parks, /Attraction_Review-g17816210-d21228598-Reviews-Alta_Via_Bruno_Federspiel-San_Giovanni_di_Fassa_Province_of_Trento_Trentino_Al.html, /Attractions-g17816210-Activities-San_Giovanni_di_Fassa_Province_of_Trento_Trentino_Alto_Adige.html
Fake! Fallimenti e Inganni Della Visione Umana, None, Museums, /Attraction_Review-g668546-d21129191-Reviews-Fake_Fallimenti_e_Inganni_Della_Visione_Umana-Vigo_di_Fassa_San_Giovanni_di_Fass.html, /Attractions-g17816210-Activities-San_Giovanni_di_Fassa_Province_of_Trento_Trentino_Alto_Adige.html
