province_name, region_name, province_url
Blace attractions, Dubrovnik-Neretva County, /Attractions-g3323420-Activities-Blace_Dubrovnik_Neretva_County_Dalmatia.html
Martinscica attractions, Cres Island, /Attractions-g1572409-Activities-Martinscica_Cres_Island_Kvarner_Bay_Islands_Primorje_Gorski_Kotar_County.html
Lisicine attractions, Virovitica-Podravina County, /Attractions-g7931466-Activities-Lisicine_Virovitica_Podravina_County_Slavonia.html
Ucka Nature Park attractions, Istria, /Attractions-g1157674-Activities-Ucka_Nature_Park_Istria.html
Zlatna Greda attractions, Osijek-Baranja County, /Attractions-g10758889-Activities-Zlatna_Greda_Osijek_Baranja_County_Slavonia.html
Komin attractions, Dubrovnik-Neretva County, /Attractions-g18717515-Activities-Komin_Dubrovnik_Neretva_County_Dalmatia.html
Prapratno attractions, Peljesac Peninsula, /Attractions-g19813186-Activities-Prapratno_Peljesac_Peninsula_Dubrovnik_Neretva_County_Dalmatia.html
Mihanici attractions, Dubrovnik-Neretva County, /Attractions-g21267249-Activities-Mihanici_Dubrovnik_Neretva_County_Dalmatia.html
Merag attractions, Primorje-Gorski Kotar County, /Attractions-g2284123-Activities-Merag_Primorje_Gorski_Kotar_County.html
Ivanic Grad attractions, Zagreb County, /Attractions-g1175151-Activities-Ivanic_Grad_Zagreb_County_Central_Croatia.html
Donja Kupcina attractions, Zagreb County, /Attractions-g12559932-Activities-Donja_Kupcina_Zagreb_County_Central_Croatia.html
Loborika attractions, Istria, /Attractions-g616076-Activities-Loborika_Istria.html
Kolocep Island attractions, Dubrovnik-Neretva County, /Attractions-g7365354-Activities-Kolocep_Island_Dubrovnik_Neretva_County_Dalmatia.html
Polaca attractions, Zadar County, /Attractions-g10045955-Activities-Polaca_Zadar_County_Dalmatia.html
Vrbanj attractions, Hvar Island, /Attractions-g1490572-Activities-Vrbanj_Hvar_Island_Split_Dalmatia_County_Dalmatia.html
Platak attractions, Primorje-Gorski Kotar County, /Attractions-g2557629-Activities-Platak_Primorje_Gorski_Kotar_County.html
Dramalj attractions, Primorje-Gorski Kotar County, /Attractions-g1061556-Activities-Dramalj_Primorje_Gorski_Kotar_County.html
Seline attractions, Zadar County, /Attractions-g7744194-Activities-Seline_Zadar_County_Dalmatia.html
Cabar attractions, Primorje-Gorski Kotar County, /Attractions-g1175204-Activities-Cabar_Primorje_Gorski_Kotar_County.html
Klenovica attractions, Primorje-Gorski Kotar County, /Attractions-g1182373-Activities-Klenovica_Primorje_Gorski_Kotar_County.html
Vrbovsko attractions, Primorje-Gorski Kotar County, /Attractions-g1175206-Activities-Vrbovsko_Primorje_Gorski_Kotar_County.html
Desinic attractions, Krapina-Zagorje County, /Attractions-g303806-Activities-Desinic_Krapina_Zagorje_County_Central_Croatia.html
Kumrovec attractions, Krapina-Zagorje County, /Attractions-g303812-Activities-Kumrovec_Krapina_Zagorje_County_Central_Croatia.html
Zavalatica attractions, Dubrovnik-Neretva County, /Attractions-g3200757-Activities-Zavalatica_Dubrovnik_Neretva_County_Dalmatia.html
Barilovic attractions, Karlovac County, /Attractions-g11980411-Activities-Barilovic_Karlovac_County_Central_Croatia.html
Popovac attractions, Osijek-Baranja County, /Attractions-g7999146-Activities-Popovac_Osijek_Baranja_County_Slavonia.html
Porat attractions, Krk Island, /Attractions-g15308349-Activities-Porat_Krk_Island_Kvarner_Bay_Islands_Primorje_Gorski_Kotar_County.html
Pasman attractions, Pasman Island, /Attractions-g1943243-Activities-Pasman_Pasman_Island_Zadar_County_Dalmatia.html
Trakoscan attractions, Varazdin County, /Attractions-g303837-Activities-Trakoscan_Varazdin_County_Central_Croatia.html
Krilo Jesenice attractions, Split-Dalmatia County, /Attractions-g2034431-Activities-Krilo_Jesenice_Split_Dalmatia_County_Dalmatia.html
Veliki Drvenik attractions, Split-Dalmatia County, /Attractions-g3200725-Activities-Veliki_Drvenik_Split_Dalmatia_County_Dalmatia.html
Graberje Ivanicko attractions, Zagreb County, /Attractions-g3200732-Activities-Graberje_Ivanicko_Zagreb_County_Central_Croatia.html
Sarengrad attractions, Vukovar-Syrmia County, /Attractions-g15048208-Activities-Sarengrad_Vukovar_Syrmia_County_Slavonia.html
Raba attractions, Dubrovnik-Neretva County, /Attractions-g14179886-Activities-Raba_Dubrovnik_Neretva_County_Dalmatia.html
Ivosevci attractions, Sibenik-Knin County, /Attractions-g15308308-Activities-Ivosevci_Sibenik_Knin_County_Dalmatia.html
Lukoran attractions, Ugljan Island, /Attractions-g2034460-Activities-Lukoran_Ugljan_Island_Zadar_County_Dalmatia.html
Risnjak National Park attractions, Primorje-Gorski Kotar County, /Attractions-g3680063-Activities-Risnjak_National_Park_Primorje_Gorski_Kotar_County.html
Podgaric attractions, Bjelovar-Bilogora County, /Attractions-g12559285-Activities-Podgaric_Bjelovar_Bilogora_County_Central_Croatia.html
Medveja attractions, Primorje-Gorski Kotar County, /Attractions-g1069852-Activities-Medveja_Primorje_Gorski_Kotar_County.html
Jadrtovac attractions, Sibenik-Knin County, /Attractions-g12559280-Activities-Jadrtovac_Sibenik_Knin_County_Dalmatia.html
Volavje attractions, Zagreb County, /Attractions-g15041514-Activities-Volavje_Zagreb_County_Central_Croatia.html
Senkovec attractions, Medimurje County, /Attractions-g21212774-Activities-Senkovec_Medimurje_County_Central_Croatia.html
Trpanj attractions, Peljesac Peninsula, /Attractions-g641838-Activities-Trpanj_Peljesac_Peninsula_Dubrovnik_Neretva_County_Dalmatia.html
Beli Manastir attractions, Osijek-Baranja County, /Attractions-g1023801-Activities-Beli_Manastir_Osijek_Baranja_County_Slavonia.html
Primosten Burnji attractions, Sibenik-Knin County, /Attractions-g16835126-Activities-Primosten_Burnji_Sibenik_Knin_County_Dalmatia.html
Sobra attractions, Mljet Island, /Attractions-g2034471-Activities-Sobra_Mljet_Island_Dubrovnik_Neretva_County_Dalmatia.html
Podobuce attractions, Peljesac Peninsula, /Attractions-g2034465-Activities-Podobuce_Peljesac_Peninsula_Dubrovnik_Neretva_County_Dalmatia.html
Premuda attractions, Zadar County, /Attractions-g7092015-Activities-Premuda_Zadar_County_Dalmatia.html
Celopeci attractions, Dubrovnik-Neretva County, /Attractions-g15667115-Activities-Celopeci_Dubrovnik_Neretva_County_Dalmatia.html
Mackovec attractions, Medimurje County, /Attractions-g21212680-Activities-Mackovec_Medimurje_County_Central_Croatia.html
