province_name, region_name, province_url
Duga Resa attractions, Karlovac County, /Attractions-g1203108-Activities-Duga_Resa_Karlovac_County_Central_Croatia.html
Splitska attractions, Brac Island, /Attractions-g1077161-Activities-Splitska_Brac_Island_Split_Dalmatia_County_Dalmatia.html
Prizba attractions, Korcula Island, /Attractions-g1077163-Activities-Prizba_Korcula_Island_Dubrovnik_Neretva_County_Dalmatia.html
Rovanjska attractions, Zadar County, /Attractions-g1190825-Activities-Rovanjska_Zadar_County_Dalmatia.html
Posedarje attractions, Zadar County, /Attractions-g1190830-Activities-Posedarje_Zadar_County_Dalmatia.html
Velika Plana attractions, Lika-Senj County, /Attractions-g1104856-Activities-Velika_Plana_Lika_Senj_County.html
Zakucac attractions, Split-Dalmatia County, /Attractions-g19126003-Activities-Zakucac_Split_Dalmatia_County_Dalmatia.html
Kistanje attractions, Sibenik-Knin County, /Attractions-g8568662-Activities-Kistanje_Sibenik_Knin_County_Dalmatia.html
Sveti Lovrec attractions, Istria, /Attractions-g1190853-Activities-Sveti_Lovrec_Istria.html
Gustirna attractions, Split-Dalmatia County, /Attractions-g9722702-Activities-Gustirna_Split_Dalmatia_County_Dalmatia.html
Mursko Sredisce attractions, Medimurje County, /Attractions-g1203173-Activities-Mursko_Sredisce_Medimurje_County_Central_Croatia.html
Mala Subotica attractions, Medimurje County, /Attractions-g12564293-Activities-Mala_Subotica_Medimurje_County_Central_Croatia.html
Molat Island attractions, Zadar County, /Attractions-g2557916-Activities-Molat_Island_Zadar_County_Dalmatia.html
Donji Vidovec attractions, Medimurje County, /Attractions-g6351971-Activities-Donji_Vidovec_Medimurje_County_Central_Croatia.html
Bosiljevo attractions, Karlovac County, /Attractions-g4558921-Activities-Bosiljevo_Karlovac_County_Central_Croatia.html
Zikovici attractions, Istria, /Attractions-g15640827-Activities-Zikovici_Istria.html
Soboli attractions, Primorje-Gorski Kotar County, /Attractions-g4558931-Activities-Soboli_Primorje_Gorski_Kotar_County.html
Duga Luka attractions, Istria, /Attractions-g17454358-Activities-Duga_Luka_Istria.html
Bribir attractions, Primorje-Gorski Kotar County, /Attractions-g2268220-Activities-Bribir_Primorje_Gorski_Kotar_County.html
Slivno Ravno attractions, Dubrovnik-Neretva County, /Attractions-g1896498-Activities-Slivno_Ravno_Dubrovnik_Neretva_County_Dalmatia.html
Pribislavec attractions, Medimurje County, /Attractions-g12938481-Activities-Pribislavec_Medimurje_County_Central_Croatia.html
Marusevec attractions, Varazdin County, /Attractions-g1899561-Activities-Marusevec_Varazdin_County_Central_Croatia.html
Delnice attractions, Primorje-Gorski Kotar County, /Attractions-g1027142-Activities-Delnice_Primorje_Gorski_Kotar_County.html
Rozat attractions, Dubrovnik-Neretva County, /Attractions-g17863004-Activities-Rozat_Dubrovnik_Neretva_County_Dalmatia.html
Zmajevac attractions, Osijek-Baranja County, /Attractions-g7271456-Activities-Zmajevac_Osijek_Baranja_County_Slavonia.html
Kukljic attractions, Lika-Senj County, /Attractions-g17431892-Activities-Kukljic_Lika_Senj_County.html
Kraljevec Sesvetski attractions, Zagreb County, /Attractions-g2541632-Activities-Kraljevec_Sesvetski_Zagreb_County_Central_Croatia.html
Klostar attractions, Istria, /Attractions-g12564696-Activities-Klostar_Istria.html
Jasenovac attractions, Sisak-Moslavina County, /Attractions-g2205769-Activities-Jasenovac_Sisak_Moslavina_County_Central_Croatia.html
Smiljan attractions, Lika-Senj County, /Attractions-g8410352-Activities-Smiljan_Lika_Senj_County.html
Kastel Zegarski attractions, Zadar County, /Attractions-g12673203-Activities-Kastel_Zegarski_Zadar_County_Dalmatia.html
Radunic attractions, Split-Dalmatia County, /Attractions-g19150245-Activities-Radunic_Split_Dalmatia_County_Dalmatia.html
Lucko attractions, Zagreb County, /Attractions-g21317057-Activities-Lucko_Zagreb_County_Central_Croatia.html
Mastrinka attractions, Ciovo Island, /Attractions-g3675315-Activities-Mastrinka_Ciovo_Island_Split_Dalmatia_County_Dalmatia.html
Cunski attractions, Losinj Island, /Attractions-g16894352-Activities-Cunski_Losinj_Island_Kvarner_Bay_Islands_Primorje_Gorski_Kotar_County.html
Pavicini attractions, Istria, /Attractions-g1185927-Activities-Pavicini_Istria.html
Zonti attractions, Istria, /Attractions-g19097997-Activities-Zonti_Istria.html
Brgudac attractions, Istria, /Attractions-g17853857-Activities-Brgudac_Istria.html
Tkon attractions, Pasman Island, /Attractions-g1966246-Activities-Tkon_Pasman_Island_Zadar_County_Dalmatia.html
Mundanije attractions, Primorje-Gorski Kotar County, /Attractions-g3746043-Activities-Mundanije_Primorje_Gorski_Kotar_County.html
Mimice attractions, Split-Dalmatia County, /Attractions-g1943769-Activities-Mimice_Split_Dalmatia_County_Dalmatia.html
Krvavica attractions, Split-Dalmatia County, /Attractions-g1943764-Activities-Krvavica_Split_Dalmatia_County_Dalmatia.html
Lokva Rogoznica attractions, Split-Dalmatia County, /Attractions-g1943767-Activities-Lokva_Rogoznica_Split_Dalmatia_County_Dalmatia.html
Zedno attractions, Ciovo Island, /Attractions-g16871892-Activities-Zedno_Ciovo_Island_Split_Dalmatia_County_Dalmatia.html
Lipice attractions, Lika-Senj County, /Attractions-g12879890-Activities-Lipice_Lika_Senj_County.html
Komarna attractions, Dubrovnik-Neretva County, /Attractions-g2559216-Activities-Komarna_Dubrovnik_Neretva_County_Dalmatia.html
Pitomaca attractions, Virovitica-Podravina County, /Attractions-g12938277-Activities-Pitomaca_Virovitica_Podravina_County_Slavonia.html
Sveti Juraj attractions, Lika-Senj County, /Attractions-g6653060-Activities-Sveti_Juraj_Lika_Senj_County.html
Zavrsje attractions, Istria, /Attractions-g15521807-Activities-Zavrsje_Istria.html
Trget attractions, Istria, /Attractions-g12938286-Activities-Trget_Istria.html
