province_name, region_name, province_url
Drvenik Mali attractions, Split-Dalmatia County, /Attractions-g3675351-Activities-Drvenik_Mali_Split_Dalmatia_County_Dalmatia.html
Zaboric attractions, Sibenik-Knin County, /Attractions-g1943790-Activities-Zaboric_Sibenik_Knin_County_Dalmatia.html
Sevid attractions, Split-Dalmatia County, /Attractions-g1943785-Activities-Sevid_Split_Dalmatia_County_Dalmatia.html
Vid attractions, Dubrovnik-Neretva County, /Attractions-g5408932-Activities-Vid_Dubrovnik_Neretva_County_Dalmatia.html
Tugare attractions, Split-Dalmatia County, /Attractions-g15247382-Activities-Tugare_Split_Dalmatia_County_Dalmatia.html
Pisak attractions, Split-Dalmatia County, /Attractions-g1943779-Activities-Pisak_Split_Dalmatia_County_Dalmatia.html
Malo Grablje attractions, Hvar Island, /Attractions-g19126304-Activities-Malo_Grablje_Hvar_Island_Split_Dalmatia_County_Dalmatia.html
Suza attractions, Osijek-Baranja County, /Attractions-g7208288-Activities-Suza_Osijek_Baranja_County_Slavonia.html
Sipanska Luka attractions, Sipan, /Attractions-g1166596-Activities-Sipanska_Luka_Sipan_Elafiti_Islands_Dubrovnik_Neretva_County_Dalmatia.html
Sisljavic attractions, Karlovac County, /Attractions-g20024365-Activities-Sisljavic_Karlovac_County_Central_Croatia.html
Vrhovine attractions, Lika-Senj County, /Attractions-g3746066-Activities-Vrhovine_Lika_Senj_County.html
Maslenica attractions, Zadar County, /Attractions-g4560247-Activities-Maslenica_Zadar_County_Dalmatia.html
Bosnjaci attractions, Vukovar-Syrmia County, /Attractions-g10517913-Activities-Bosnjaci_Vukovar_Syrmia_County_Slavonia.html
Sveta Katarina attractions, Istria, /Attractions-g4560252-Activities-Sveta_Katarina_Istria.html
Brzac attractions, Krk Island, /Attractions-g4560249-Activities-Brzac_Krk_Island_Kvarner_Bay_Islands_Primorje_Gorski_Kotar_County.html
Lubenice attractions, Cres Island, /Attractions-g15308197-Activities-Lubenice_Cres_Island_Kvarner_Bay_Islands_Primorje_Gorski_Kotar_County.html
Hlebine attractions, Koprivnica-Krizevci County, /Attractions-g7713059-Activities-Hlebine_Koprivnica_Krizevci_County_Central_Croatia.html
Drinovci attractions, Sibenik-Knin County, /Attractions-g2614615-Activities-Drinovci_Sibenik_Knin_County_Dalmatia.html
Draganici attractions, Karlovac County, /Attractions-g2614612-Activities-Draganici_Karlovac_County_Central_Croatia.html
Soline attractions, Dugi Island, /Attractions-g14050646-Activities-Soline_Dugi_Island_Zadar_County_Dalmatia.html
Vranjic attractions, Split-Dalmatia County, /Attractions-g1190291-Activities-Vranjic_Split_Dalmatia_County_Dalmatia.html
Dol attractions, Brac Island, /Attractions-g1190298-Activities-Dol_Brac_Island_Split_Dalmatia_County_Dalmatia.html
Peroj attractions, Istria, /Attractions-g1190330-Activities-Peroj_Istria.html
Stubicke Toplice attractions, Krapina-Zagorje County, /Attractions-g3580319-Activities-Stubicke_Toplice_Krapina_Zagorje_County_Central_Croatia.html
Podselje attractions, Island of Vis, /Attractions-g21360873-Activities-Podselje_Island_of_Vis_Split_Dalmatia_County_Dalmatia.html
Prizna attractions, Lika-Senj County, /Attractions-g6495692-Activities-Prizna_Lika_Senj_County.html
Nova Gradiska attractions, Brod-Posavina County, /Attractions-g1207724-Activities-Nova_Gradiska_Brod_Posavina_County_Slavonia.html
Krsan attractions, Istria, /Attractions-g1190354-Activities-Krsan_Istria.html
Mrkopalj attractions, Primorje-Gorski Kotar County, /Attractions-g2282978-Activities-Mrkopalj_Primorje_Gorski_Kotar_County.html
Veliki Grdevac attractions, Bjelovar-Bilogora County, /Attractions-g17309897-Activities-Veliki_Grdevac_Bjelovar_Bilogora_County_Central_Croatia.html
Marcana attractions, Istria, /Attractions-g608715-Activities-Marcana_Istria.html
Kanfanar attractions, Istria, /Attractions-g1190352-Activities-Kanfanar_Istria.html
Baske Ostarije attractions, Lika-Senj County, /Attractions-g12563832-Activities-Baske_Ostarije_Lika_Senj_County.html
Duba attractions, Dubrovnik-Neretva County, /Attractions-g17602753-Activities-Duba_Dubrovnik_Neretva_County_Dalmatia.html
Brod na Kupi attractions, Primorje-Gorski Kotar County, /Attractions-g3648996-Activities-Brod_na_Kupi_Primorje_Gorski_Kotar_County.html
Muntic attractions, Istria, /Attractions-g1190344-Activities-Muntic_Istria.html
Malino attractions, Brod-Posavina County, /Attractions-g19089663-Activities-Malino_Brod_Posavina_County_Slavonia.html
Nova Krslja attractions, Plitvice Lakes National Park, /Attractions-g2275789-Activities-Nova_Krslja_Plitvice_Lakes_National_Park_Central_Croatia.html
Brajkovici attractions, Istria, /Attractions-g1190371-Activities-Brajkovici_Istria.html
Donja Dubrava attractions, Medimurje County, /Attractions-g21208242-Activities-Donja_Dubrava_Medimurje_County_Central_Croatia.html
Kruncici attractions, Istria, /Attractions-g1190368-Activities-Kruncici_Istria.html
Vedrine attractions, Split-Dalmatia County, /Attractions-g17551607-Activities-Vedrine_Split_Dalmatia_County_Dalmatia.html
Kupjak attractions, Primorje-Gorski Kotar County, /Attractions-g3200566-Activities-Kupjak_Primorje_Gorski_Kotar_County.html
Hrvace attractions, Split-Dalmatia County, /Attractions-g4597322-Activities-Hrvace_Split_Dalmatia_County_Dalmatia.html
Govedari attractions, Mljet Island, /Attractions-g1096195-Activities-Govedari_Mljet_Island_Dubrovnik_Neretva_County_Dalmatia.html
Jezerce attractions, Lika-Senj County, /Attractions-g1096196-Activities-Jezerce_Lika_Senj_County.html
Prvic Luka attractions, Prvic, /Attractions-g1096202-Activities-Prvic_Luka_Prvic_Sibenik_Knin_County_Dalmatia.html
Sveti Petar attractions, Zadar County, /Attractions-g1096203-Activities-Sveti_Petar_Zadar_County_Dalmatia.html
Velika attractions, Pozega-Slavonia County, /Attractions-g18928445-Activities-Velika_Pozega_Slavonia_County_Slavonia.html
Donje Ogorje attractions, Split-Dalmatia County, /Attractions-g15065792-Activities-Donje_Ogorje_Split_Dalmatia_County_Dalmatia.html
