province_name, region_name, province_url
Batina attractions, Osijek-Baranja County, /Attractions-g1034771-Activities-Batina_Osijek_Baranja_County_Slavonia.html
Donji Lapac attractions, Lika-Senj County, /Attractions-g11743888-Activities-Donji_Lapac_Lika_Senj_County.html
Zambratija attractions, Istria, /Attractions-g3200538-Activities-Zambratija_Istria.html
Skrad attractions, Primorje-Gorski Kotar County, /Attractions-g3323416-Activities-Skrad_Primorje_Gorski_Kotar_County.html
Seget Vranjica attractions, Split-Dalmatia County, /Attractions-g1572411-Activities-Seget_Vranjica_Split_Dalmatia_County_Dalmatia.html
Promajna attractions, Split-Dalmatia County, /Attractions-g3381762-Activities-Promajna_Split_Dalmatia_County_Dalmatia.html
Oprtalj attractions, Istria, /Attractions-g1937952-Activities-Oprtalj_Istria.html
Sveti Ivan Zelina attractions, Zagreb County, /Attractions-g1175153-Activities-Sveti_Ivan_Zelina_Zagreb_County_Central_Croatia.html
Sveta Nedilja attractions, Hvar Island, /Attractions-g1175152-Activities-Sveta_Nedilja_Hvar_Island_Split_Dalmatia_County_Dalmatia.html
Aljmas attractions, Osijek-Baranja County, /Attractions-g6637077-Activities-Aljmas_Osijek_Baranja_County_Slavonia.html
Linardici attractions, Krk Island, /Attractions-g1753698-Activities-Linardici_Krk_Island_Kvarner_Bay_Islands_Primorje_Gorski_Kotar_County.html
Prvic Sepurine attractions, Prvic, /Attractions-g4067908-Activities-Prvic_Sepurine_Prvic_Sibenik_Knin_County_Dalmatia.html
Cepin attractions, Osijek-Baranja County, /Attractions-g2516661-Activities-Cepin_Osijek_Baranja_County_Slavonia.html
Gracisce attractions, Istria, /Attractions-g4758229-Activities-Gracisce_Istria.html
Pomena attractions, Mljet Island, /Attractions-g1899197-Activities-Pomena_Mljet_Island_Dubrovnik_Neretva_County_Dalmatia.html
Krnica attractions, Istria, /Attractions-g1182392-Activities-Krnica_Istria.html
Vocin attractions, Virovitica-Podravina County, /Attractions-g8557100-Activities-Vocin_Virovitica_Podravina_County_Slavonia.html
Bregana attractions, Zagreb County, /Attractions-g303803-Activities-Bregana_Zagreb_County_Central_Croatia.html
Drasnice attractions, Split-Dalmatia County, /Attractions-g1943240-Activities-Drasnice_Split_Dalmatia_County_Dalmatia.html
Racisce attractions, Dubrovnik-Neretva County, /Attractions-g3200749-Activities-Racisce_Dubrovnik_Neretva_County_Dalmatia.html
Kornat Island attractions, Sibenik-Knin County, /Attractions-g2034425-Activities-Kornat_Island_Sibenik_Knin_County_Dalmatia.html
Donji Humac attractions, Brac Island, /Attractions-g2034424-Activities-Donji_Humac_Brac_Island_Split_Dalmatia_County_Dalmatia.html
Gornja Stubica attractions, Krapina-Zagorje County, /Attractions-g3200730-Activities-Gornja_Stubica_Krapina_Zagorje_County_Central_Croatia.html
Gornji Humac attractions, Split-Dalmatia County, /Attractions-g3200731-Activities-Gornji_Humac_Split_Dalmatia_County_Dalmatia.html
Bilje attractions, Osijek-Baranja County, /Attractions-g2539210-Activities-Bilje_Osijek_Baranja_County_Slavonia.html
Brodarica attractions, Sibenik-Knin County, /Attractions-g1069848-Activities-Brodarica_Sibenik_Knin_County_Dalmatia.html
Icici attractions, Primorje-Gorski Kotar County, /Attractions-g1069849-Activities-Icici_Primorje_Gorski_Kotar_County.html
Kukljica attractions, Ugljan Island, /Attractions-g1069850-Activities-Kukljica_Ugljan_Island_Zadar_County_Dalmatia.html
Drace attractions, Dubrovnik-Neretva County, /Attractions-g7929683-Activities-Drace_Dubrovnik_Neretva_County_Dalmatia.html
Tuhelj attractions, Krapina-Zagorje County, /Attractions-g1069857-Activities-Tuhelj_Krapina_Zagorje_County_Central_Croatia.html
Orahovica attractions, Virovitica-Podravina County, /Attractions-g1175331-Activities-Orahovica_Virovitica_Podravina_County_Slavonia.html
Turanj attractions, Zadar County, /Attractions-g2034473-Activities-Turanj_Zadar_County_Dalmatia.html
Valpovo attractions, Osijek-Baranja County, /Attractions-g1023798-Activities-Valpovo_Osijek_Baranja_County_Slavonia.html
Zupanja attractions, Vukovar-Syrmia County, /Attractions-g1026891-Activities-Zupanja_Vukovar_Syrmia_County_Slavonia.html
Donja Stubica attractions, Krapina-Zagorje County, /Attractions-g1203035-Activities-Donja_Stubica_Krapina_Zagorje_County_Central_Croatia.html
Grebastica attractions, Sibenik-Knin County, /Attractions-g776007-Activities-Grebastica_Sibenik_Knin_County_Dalmatia.html
Palit attractions, Rab Island, /Attractions-g2039674-Activities-Palit_Rab_Island_Kvarner_Bay_Islands_Primorje_Gorski_Kotar_County.html
Oskorusno attractions, Dubrovnik-Neretva County, /Attractions-g7217920-Activities-Oskorusno_Dubrovnik_Neretva_County_Dalmatia.html
Korana attractions, Lika-Senj County, /Attractions-g1190781-Activities-Korana_Lika_Senj_County.html
Brsec attractions, Istria, /Attractions-g664456-Activities-Brsec_Istria.html
Lovinac attractions, Lika-Senj County, /Attractions-g7058408-Activities-Lovinac_Lika_Senj_County.html
Klimno attractions, Primorje-Gorski Kotar County, /Attractions-g1190807-Activities-Klimno_Primorje_Gorski_Kotar_County.html
Sipan attractions, Elafiti Islands, /Attractions-g1165208-Activities-Sipan_Elafiti_Islands_Dubrovnik_Neretva_County_Dalmatia.html
Tribunj attractions, Sibenik-Knin County, /Attractions-g1190815-Activities-Tribunj_Sibenik_Knin_County_Dalmatia.html
Gornje Selo attractions, Solta Island, /Attractions-g1190794-Activities-Gornje_Selo_Solta_Island_Split_Dalmatia_County_Dalmatia.html
Trstenik attractions, Zagreb County, /Attractions-g2557886-Activities-Trstenik_Zagreb_County_Central_Croatia.html
Valun attractions, Cres Island, /Attractions-g2039682-Activities-Valun_Cres_Island_Kvarner_Bay_Islands_Primorje_Gorski_Kotar_County.html
Beram attractions, Istria, /Attractions-g13341536-Activities-Beram_Istria.html
Varazdinske Toplice attractions, Varazdin County, /Attractions-g1203129-Activities-Varazdinske_Toplice_Varazdin_County_Central_Croatia.html
Velika Cista attractions, Central Croatia, /Attractions-g3912589-Activities-Velika_Cista_Central_Croatia.html
