province_name, region_name, province_url
Zuljana attractions, Dubrovnik-Neretva County, /Attractions-g3454811-Activities-Zuljana_Dubrovnik_Neretva_County_Dalmatia.html
Lun attractions, Island of Pag, /Attractions-g1077183-Activities-Lun_Island_of_Pag_Zadar_County_Dalmatia.html
Drnis attractions, Sibenik-Knin County, /Attractions-g1203165-Activities-Drnis_Sibenik_Knin_County_Dalmatia.html
Janjina attractions, Dubrovnik-Neretva County, /Attractions-g4472749-Activities-Janjina_Dubrovnik_Neretva_County_Dalmatia.html
Slano attractions, Dubrovnik-Neretva County, /Attractions-g674800-Activities-Slano_Dubrovnik_Neretva_County_Dalmatia.html
Unije attractions, Primorje-Gorski Kotar County, /Attractions-g2360370-Activities-Unije_Primorje_Gorski_Kotar_County.html
Zaton attractions, Zadar County, /Attractions-g2064416-Activities-Zaton_Zadar_County_Dalmatia.html
Korenica attractions, Lika-Senj County, /Attractions-g670798-Activities-Korenica_Lika_Senj_County.html
Pomer attractions, Istria, /Attractions-g4559875-Activities-Pomer_Istria.html
Stinica attractions, Lika-Senj County, /Attractions-g16827749-Activities-Stinica_Lika_Senj_County.html
Sveti Martin na Muri attractions, Medimurje County, /Attractions-g1966244-Activities-Sveti_Martin_na_Muri_Medimurje_County_Central_Croatia.html
Gornji Seget attractions, Split-Dalmatia County, /Attractions-g3675361-Activities-Gornji_Seget_Split_Dalmatia_County_Dalmatia.html
Zaostrog attractions, Split-Dalmatia County, /Attractions-g1943792-Activities-Zaostrog_Split_Dalmatia_County_Dalmatia.html
Vinisce attractions, Split-Dalmatia County, /Attractions-g1943788-Activities-Vinisce_Split_Dalmatia_County_Dalmatia.html
Orasac attractions, Dubrovnik-Neretva County, /Attractions-g1943776-Activities-Orasac_Dubrovnik_Neretva_County_Dalmatia.html
Dugi Rat attractions, Split-Dalmatia County, /Attractions-g1522952-Activities-Dugi_Rat_Split_Dalmatia_County_Dalmatia.html
Lastovo attractions, Lastovo Island, /Attractions-g16867390-Activities-Lastovo_Lastovo_Island_Dubrovnik_Neretva_County_Dalmatia.html
Brtonigla attractions, Istria, /Attractions-g736587-Activities-Brtonigla_Istria.html
Durdevac attractions, Koprivnica-Krizevci County, /Attractions-g2614626-Activities-Durdevac_Koprivnica_Krizevci_County_Central_Croatia.html
Moscenice attractions, Primorje-Gorski Kotar County, /Attractions-g4055380-Activities-Moscenice_Primorje_Gorski_Kotar_County.html
Jasenice attractions, Zadar County, /Attractions-g274869-Activities-Jasenice_Zadar_County_Dalmatia.html
Brijuni attractions, Istria, /Attractions-g1190310-Activities-Brijuni_Istria.html
Moscenicka Draga attractions, Primorje-Gorski Kotar County, /Attractions-g608717-Activities-Moscenicka_Draga_Primorje_Gorski_Kotar_County.html
Cerovlje attractions, Istria, /Attractions-g608705-Activities-Cerovlje_Istria.html
Tar-Vabriga attractions, Istria, /Attractions-g608709-Activities-Tar_Vabriga_Istria.html
Legrad attractions, Koprivnica-Krizevci County, /Attractions-g19265782-Activities-Legrad_Koprivnica_Krizevci_County_Central_Croatia.html
Jadranovo attractions, Primorje-Gorski Kotar County, /Attractions-g1182184-Activities-Jadranovo_Primorje_Gorski_Kotar_County.html
Prvic attractions, Sibenik-Knin County, /Attractions-g4067903-Activities-Prvic_Sibenik_Knin_County_Dalmatia.html
Polace attractions, Dubrovnik-Neretva County, /Attractions-g3200569-Activities-Polace_Dubrovnik_Neretva_County_Dalmatia.html
Plano attractions, Split-Dalmatia County, /Attractions-g16619254-Activities-Plano_Split_Dalmatia_County_Dalmatia.html
Dreznik Grad attractions, Karlovac County, /Attractions-g1021473-Activities-Dreznik_Grad_Karlovac_County_Central_Croatia.html
Igrane attractions, Split-Dalmatia County, /Attractions-g1157699-Activities-Igrane_Split_Dalmatia_County_Dalmatia.html
Bogomolje attractions, Split-Dalmatia County, /Attractions-g15512241-Activities-Bogomolje_Split_Dalmatia_County_Dalmatia.html
Kornati Islands National Park attractions, Sibenik-Knin County, /Attractions-g303811-Activities-Kornati_Islands_National_Park_Sibenik_Knin_County_Dalmatia.html
Mljet National Park attractions, Dubrovnik-Neretva County, /Attractions-g303816-Activities-Mljet_National_Park_Dubrovnik_Neretva_County_Dalmatia.html
Kostrena attractions, Primorje-Gorski Kotar County, /Attractions-g3200746-Activities-Kostrena_Primorje_Gorski_Kotar_County.html
Zlarin Island attractions, Sibenik-Knin County, /Attractions-g6697600-Activities-Zlarin_Island_Sibenik_Knin_County_Dalmatia.html
Arbanija attractions, Ciovo Island, /Attractions-g2034419-Activities-Arbanija_Ciovo_Island_Split_Dalmatia_County_Dalmatia.html
Gracac attractions, Zadar County, /Attractions-g6921887-Activities-Gracac_Zadar_County_Dalmatia.html
Necujam attractions, Solta Island, /Attractions-g2034463-Activities-Necujam_Solta_Island_Split_Dalmatia_County_Dalmatia.html
Smokvica attractions, Korcula Island, /Attractions-g1069855-Activities-Smokvica_Korcula_Island_Dubrovnik_Neretva_County_Dalmatia.html
Trsteno attractions, Dubrovnik-Neretva County, /Attractions-g1069856-Activities-Trsteno_Dubrovnik_Neretva_County_Dalmatia.html
Dakovo attractions, Osijek-Baranja County, /Attractions-g1023802-Activities-Dakovo_Osijek_Baranja_County_Slavonia.html
Gradac attractions, Split-Dalmatia County, /Attractions-g3239769-Activities-Gradac_Split_Dalmatia_County_Dalmatia.html
Zabok attractions, Krapina-Zagorje County, /Attractions-g1203042-Activities-Zabok_Krapina_Zagorje_County_Central_Croatia.html
Udbina attractions, Lika-Senj County, /Attractions-g7066385-Activities-Udbina_Lika_Senj_County.html
Pinezici attractions, Krk Island, /Attractions-g1190766-Activities-Pinezici_Krk_Island_Kvarner_Bay_Islands_Primorje_Gorski_Kotar_County.html
Lokve attractions, Primorje-Gorski Kotar County, /Attractions-g1190801-Activities-Lokve_Primorje_Gorski_Kotar_County.html
Vrsi attractions, Zadar County, /Attractions-g1190833-Activities-Vrsi_Zadar_County_Dalmatia.html
Povljana attractions, Island of Pag, /Attractions-g1571762-Activities-Povljana_Island_of_Pag_Zadar_County_Dalmatia.html
