province_name, region_name, province_url
Bacva attractions, Istria, /Attractions-g13341575-Activities-Bacva_Istria.html
Donji Miholjac attractions, Osijek-Baranja County, /Attractions-g1023809-Activities-Donji_Miholjac_Osijek_Baranja_County_Slavonia.html
Gorican attractions, Medimurje County, /Attractions-g21212685-Activities-Gorican_Medimurje_County_Central_Croatia.html
Klanjec attractions, Krapina-Zagorje County, /Attractions-g1203036-Activities-Klanjec_Krapina_Zagorje_County_Central_Croatia.html
Vrgada attractions, Zadar County, /Attractions-g12938132-Activities-Vrgada_Zadar_County_Dalmatia.html
Donja Vrucica attractions, Peljesac Peninsula, /Attractions-g15088565-Activities-Donja_Vrucica_Peljesac_Peninsula_Dubrovnik_Neretva_County_Dalmatia.html
Kotoriba attractions, Medimurje County, /Attractions-g21212692-Activities-Kotoriba_Medimurje_County_Central_Croatia.html
Selnica attractions, Medimurje County, /Attractions-g21212702-Activities-Selnica_Medimurje_County_Central_Croatia.html
Rovinjsko Selo attractions, Istria, /Attractions-g1190768-Activities-Rovinjsko_Selo_Istria.html
Vela Ucka attractions, Primorje-Gorski Kotar County, /Attractions-g12559322-Activities-Vela_Ucka_Primorje_Gorski_Kotar_County.html
Josipdol attractions, Karlovac County, /Attractions-g1959803-Activities-Josipdol_Karlovac_County_Central_Croatia.html
Vinkuran attractions, Istria, /Attractions-g1190773-Activities-Vinkuran_Istria.html
Dreznicko Seliste attractions, Karlovac County, /Attractions-g1190779-Activities-Dreznicko_Seliste_Karlovac_County_Central_Croatia.html
Maglenca attractions, Bjelovar-Bilogora County, /Attractions-g16744332-Activities-Maglenca_Bjelovar_Bilogora_County_Central_Croatia.html
Soline attractions, Krk Island, /Attractions-g4762430-Activities-Soline_Krk_Island_Kvarner_Bay_Islands_Primorje_Gorski_Kotar_County.html
Sisan attractions, Istria, /Attractions-g16744320-Activities-Sisan_Istria.html
Roc attractions, Istria, /Attractions-g2424740-Activities-Roc_Istria.html
Sapjane attractions, Primorje-Gorski Kotar County, /Attractions-g2136992-Activities-Sapjane_Primorje_Gorski_Kotar_County.html
Banjol attractions, Rab Island, /Attractions-g1190803-Activities-Banjol_Rab_Island_Kvarner_Bay_Islands_Primorje_Gorski_Kotar_County.html
Kamenjak attractions, Primorje-Gorski Kotar County, /Attractions-g1190800-Activities-Kamenjak_Primorje_Gorski_Kotar_County.html
Marusici attractions, Split-Dalmatia County, /Attractions-g12564277-Activities-Marusici_Split_Dalmatia_County_Dalmatia.html
Supetarska Draga attractions, Rab Island, /Attractions-g1190808-Activities-Supetarska_Draga_Rab_Island_Kvarner_Bay_Islands_Primorje_Gorski_Kotar_County.html
Lovrecica attractions, Istria, /Attractions-g3337123-Activities-Lovrecica_Istria.html
Kotlenice attractions, Split-Dalmatia County, /Attractions-g3533732-Activities-Kotlenice_Split_Dalmatia_County_Dalmatia.html
Novska attractions, Sisak-Moslavina County, /Attractions-g1203075-Activities-Novska_Sisak_Moslavina_County_Central_Croatia.html
Zdrelac attractions, Pasman Island, /Attractions-g2039688-Activities-Zdrelac_Pasman_Island_Zadar_County_Dalmatia.html
Veli rat attractions, Dugi Island, /Attractions-g2039685-Activities-Veli_rat_Dugi_Island_Zadar_County_Dalmatia.html
Grobnik attractions, Primorje-Gorski Kotar County, /Attractions-g8355810-Activities-Grobnik_Primorje_Gorski_Kotar_County.html
Dobropoljana attractions, Zadar County, /Attractions-g1190834-Activities-Dobropoljana_Zadar_County_Dalmatia.html
Fuzine attractions, Primorje-Gorski Kotar County, /Attractions-g1077168-Activities-Fuzine_Primorje_Gorski_Kotar_County.html
Brbinj attractions, Zadar County, /Attractions-g1190838-Activities-Brbinj_Zadar_County_Dalmatia.html
Tar attractions, Istria, /Attractions-g1077179-Activities-Tar_Istria.html
Cervar Porat attractions, Istria, /Attractions-g1077180-Activities-Cervar_Porat_Istria.html
Crni Lug attractions, Primorje-Gorski Kotar County, /Attractions-g6680520-Activities-Crni_Lug_Primorje_Gorski_Kotar_County.html
Ozalj attractions, Karlovac County, /Attractions-g1203109-Activities-Ozalj_Karlovac_County_Central_Croatia.html
Petrovina attractions, Zagreb County, /Attractions-g15041372-Activities-Petrovina_Zagreb_County_Central_Croatia.html
Brna attractions, Dubrovnik-Neretva County, /Attractions-g1077162-Activities-Brna_Dubrovnik_Neretva_County_Dalmatia.html
Ivanec attractions, Varazdin County, /Attractions-g1203113-Activities-Ivanec_Varazdin_County_Central_Croatia.html
Sudurad attractions, Sipan, /Attractions-g1077164-Activities-Sudurad_Sipan_Elafiti_Islands_Dubrovnik_Neretva_County_Dalmatia.html
Bozava attractions, Zadar County, /Attractions-g1190828-Activities-Bozava_Zadar_County_Dalmatia.html
Cazma attractions, Bjelovar-Bilogora County, /Attractions-g1203153-Activities-Cazma_Bjelovar_Bilogora_County_Central_Croatia.html
Garesnica attractions, Bjelovar-Bilogora County, /Attractions-g1203156-Activities-Garesnica_Bjelovar_Bilogora_County_Central_Croatia.html
Klek attractions, Dubrovnik-Neretva County, /Attractions-g1077185-Activities-Klek_Dubrovnik_Neretva_County_Dalmatia.html
Kraljevica attractions, Primorje-Gorski Kotar County, /Attractions-g1077186-Activities-Kraljevica_Primorje_Gorski_Kotar_County.html
Pupnat attractions, Dubrovnik-Neretva County, /Attractions-g3489774-Activities-Pupnat_Dubrovnik_Neretva_County_Dalmatia.html
Povlja attractions, Brac Island, /Attractions-g2485243-Activities-Povlja_Brac_Island_Split_Dalmatia_County_Dalmatia.html
Dunave Krajnje attractions, Dubrovnik-Neretva County, /Attractions-g4472750-Activities-Dunave_Krajnje_Dubrovnik_Neretva_County_Dalmatia.html
Kringa attractions, Istria, /Attractions-g2365385-Activities-Kringa_Istria.html
Vrelo Korenicko attractions, Lika-Senj County, /Attractions-g2543563-Activities-Vrelo_Korenicko_Lika_Senj_County.html
Grabovac attractions, Plitvice Lakes National Park, /Attractions-g644071-Activities-Grabovac_Plitvice_Lakes_National_Park_Central_Croatia.html
