province_name, region_name, province_url
Plitvica attractions, Plitvice Lakes National Park, /Attractions-g1190792-Activities-Plitvica_Plitvice_Lakes_National_Park_Central_Croatia.html
Solta Island attractions, Split-Dalmatia County, /Attractions-g664421-Activities-Solta_Island_Split_Dalmatia_County_Dalmatia.html
Medulin attractions, Istria, /Attractions-g608707-Activities-Medulin_Istria.html
Vrsar attractions, Istria, /Attractions-g608712-Activities-Vrsar_Istria.html
Orebic attractions, Peljesac Peninsula, /Attractions-g635772-Activities-Orebic_Peljesac_Peninsula_Dubrovnik_Neretva_County_Dalmatia.html
Solin attractions, Split-Dalmatia County, /Attractions-g1203167-Activities-Solin_Split_Dalmatia_County_Dalmatia.html
Murter Island attractions, Sibenik-Knin County, /Attractions-g303825-Activities-Murter_Island_Sibenik_Knin_County_Dalmatia.html
Biograd na Moru attractions, Zadar County, /Attractions-g608702-Activities-Biograd_na_Moru_Zadar_County_Dalmatia.html
Komiza attractions, Island of Vis, /Attractions-g1062125-Activities-Komiza_Island_of_Vis_Split_Dalmatia_County_Dalmatia.html
Stari Grad attractions, Hvar Island, /Attractions-g1077182-Activities-Stari_Grad_Hvar_Island_Split_Dalmatia_County_Dalmatia.html
Crikvenica attractions, Primorje-Gorski Kotar County, /Attractions-g303805-Activities-Crikvenica_Primorje_Gorski_Kotar_County.html
Ciovo Island attractions, Split-Dalmatia County, /Attractions-g670550-Activities-Ciovo_Island_Split_Dalmatia_County_Dalmatia.html
Sinj attractions, Split-Dalmatia County, /Attractions-g644076-Activities-Sinj_Split_Dalmatia_County_Dalmatia.html
Cres Island attractions, Kvarner Bay Islands, /Attractions-g946776-Activities-Cres_Island_Kvarner_Bay_Islands_Primorje_Gorski_Kotar_County.html
Vodnjan attractions, Istria, /Attractions-g608711-Activities-Vodnjan_Istria.html
Novalja attractions, Island of Pag, /Attractions-g651687-Activities-Novalja_Island_of_Pag_Zadar_County_Dalmatia.html
Krk attractions, Krk Island, /Attractions-g1067956-Activities-Krk_Krk_Island_Kvarner_Bay_Islands_Primorje_Gorski_Kotar_County.html
Supetar attractions, Brac Island, /Attractions-g651685-Activities-Supetar_Brac_Island_Split_Dalmatia_County_Dalmatia.html
Vodice attractions, Sibenik-Knin County, /Attractions-g608723-Activities-Vodice_Sibenik_Knin_County_Dalmatia.html
Karlovac attractions, Karlovac County, /Attractions-g303809-Activities-Karlovac_Karlovac_County_Central_Croatia.html
Bol attractions, Brac Island, /Attractions-g303802-Activities-Bol_Brac_Island_Split_Dalmatia_County_Dalmatia.html
Vis attractions, Island of Vis, /Attractions-g424973-Activities-Vis_Island_of_Vis_Split_Dalmatia_County_Dalmatia.html
Varazdin attractions, Varazdin County, /Attractions-g303839-Activities-Varazdin_Varazdin_County_Central_Croatia.html
Mali Losinj attractions, Losinj Island, /Attractions-g297514-Activities-Mali_Losinj_Losinj_Island_Kvarner_Bay_Islands_Primorje_Gorski_Kotar_County.html
Samobor attractions, Zagreb County, /Attractions-g303834-Activities-Samobor_Zagreb_County_Central_Croatia.html
Opatija attractions, Primorje-Gorski Kotar County, /Attractions-g297515-Activities-Opatija_Primorje_Gorski_Kotar_County.html
Osijek attractions, Osijek-Baranja County, /Attractions-g303823-Activities-Osijek_Osijek_Baranja_County_Slavonia.html
Konavle attractions, Dubrovnik-Neretva County, /Attractions-g2266740-Activities-Konavle_Dubrovnik_Neretva_County_Dalmatia.html
Omis attractions, Split-Dalmatia County, /Attractions-g644074-Activities-Omis_Split_Dalmatia_County_Dalmatia.html
Jelsa attractions, Hvar Island, /Attractions-g659962-Activities-Jelsa_Hvar_Island_Split_Dalmatia_County_Dalmatia.html
Plitvice Lakes National Park attractions, Central Croatia, /Attractions-g303827-Activities-Plitvice_Lakes_National_Park_Central_Croatia.html
Rab Island attractions, Kvarner Bay Islands, /Attractions-g303831-Activities-Rab_Island_Kvarner_Bay_Islands_Primorje_Gorski_Kotar_County.html
Island of Pag attractions, Zadar County, /Attractions-g651686-Activities-Island_of_Pag_Zadar_County_Dalmatia.html
Korcula Town attractions, Korcula Island, /Attractions-g1007309-Activities-Korcula_Town_Korcula_Island_Dubrovnik_Neretva_County_Dalmatia.html
Makarska attractions, Split-Dalmatia County, /Attractions-g303814-Activities-Makarska_Split_Dalmatia_County_Dalmatia.html
Kastela attractions, Split-Dalmatia County, /Attractions-g8099428-Activities-Kastela_Split_Dalmatia_County_Dalmatia.html
Losinj Island attractions, Kvarner Bay Islands, /Attractions-g644067-Activities-Losinj_Island_Kvarner_Bay_Islands_Primorje_Gorski_Kotar_County.html
Island of Vis attractions, Split-Dalmatia County, /Attractions-g424971-Activities-Island_of_Vis_Split_Dalmatia_County_Dalmatia.html
Porec attractions, Istria, /Attractions-g303829-Activities-Porec_Istria.html
Sibenik attractions, Sibenik-Knin County, /Attractions-g295375-Activities-Sibenik_Sibenik_Knin_County_Dalmatia.html
Hvar attractions, Hvar Island, /Attractions-g303808-Activities-Hvar_Hvar_Island_Split_Dalmatia_County_Dalmatia.html
Trogir attractions, Split-Dalmatia County, /Attractions-g303838-Activities-Trogir_Split_Dalmatia_County_Dalmatia.html
Korcula Island attractions, Dubrovnik-Neretva County, /Attractions-g303810-Activities-Korcula_Island_Dubrovnik_Neretva_County_Dalmatia.html
Rovinj attractions, Istria, /Attractions-g303833-Activities-Rovinj_Istria.html
Krk Island attractions, Kvarner Bay Islands, /Attractions-g303824-Activities-Krk_Island_Kvarner_Bay_Islands_Primorje_Gorski_Kotar_County.html
Rijeka attractions, Primorje-Gorski Kotar County, /Attractions-g297516-Activities-Rijeka_Primorje_Gorski_Kotar_County.html
Brac Island attractions, Split-Dalmatia County, /Attractions-g608703-Activities-Brac_Island_Split_Dalmatia_County_Dalmatia.html
Pula attractions, Istria, /Attractions-g295373-Activities-Pula_Istria.html
Hvar Island attractions, Split-Dalmatia County, /Attractions-g659912-Activities-Hvar_Island_Split_Dalmatia_County_Dalmatia.html
Zadar attractions, Zadar County, /Attractions-g295374-Activities-Zadar_Zadar_County_Dalmatia.html
