province_name, region_name, province_url
Island of Pag attractions, Zadar County, /Attractions-g651686-Activities-Island_of_Pag_Zadar_County_Dalmatia.html
Rab Island attractions, Kvarner Bay Islands, /Attractions-g303831-Activities-Rab_Island_Kvarner_Bay_Islands_Primorje_Gorski_Kotar_County.html
Plitvice Lakes National Park attractions, Central Croatia, /Attractions-g303827-Activities-Plitvice_Lakes_National_Park_Central_Croatia.html
Jelsa attractions, Hvar Island, /Attractions-g659962-Activities-Jelsa_Hvar_Island_Split_Dalmatia_County_Dalmatia.html
Omis attractions, Split-Dalmatia County, /Attractions-g644074-Activities-Omis_Split_Dalmatia_County_Dalmatia.html
Konavle attractions, Dubrovnik-Neretva County, /Attractions-g2266740-Activities-Konavle_Dubrovnik_Neretva_County_Dalmatia.html
Osijek attractions, Osijek-Baranja County, /Attractions-g303823-Activities-Osijek_Osijek_Baranja_County_Slavonia.html
Mali Losinj attractions, Losinj Island, /Attractions-g297514-Activities-Mali_Losinj_Losinj_Island_Kvarner_Bay_Islands_Primorje_Gorski_Kotar_County.html
Opatija attractions, Primorje-Gorski Kotar County, /Attractions-g297515-Activities-Opatija_Primorje_Gorski_Kotar_County.html
Samobor attractions, Zagreb County, /Attractions-g303834-Activities-Samobor_Zagreb_County_Central_Croatia.html
Varazdin attractions, Varazdin County, /Attractions-g303839-Activities-Varazdin_Varazdin_County_Central_Croatia.html
Vis attractions, Island of Vis, /Attractions-g424973-Activities-Vis_Island_of_Vis_Split_Dalmatia_County_Dalmatia.html
Bol attractions, Brac Island, /Attractions-g303802-Activities-Bol_Brac_Island_Split_Dalmatia_County_Dalmatia.html
Karlovac attractions, Karlovac County, /Attractions-g303809-Activities-Karlovac_Karlovac_County_Central_Croatia.html
Vodice attractions, Sibenik-Knin County, /Attractions-g608723-Activities-Vodice_Sibenik_Knin_County_Dalmatia.html
Supetar attractions, Brac Island, /Attractions-g651685-Activities-Supetar_Brac_Island_Split_Dalmatia_County_Dalmatia.html
Krk attractions, Krk Island, /Attractions-g1067956-Activities-Krk_Krk_Island_Kvarner_Bay_Islands_Primorje_Gorski_Kotar_County.html
Novalja attractions, Island of Pag, /Attractions-g651687-Activities-Novalja_Island_of_Pag_Zadar_County_Dalmatia.html
Vodnjan attractions, Istria, /Attractions-g608711-Activities-Vodnjan_Istria.html
Cres Island attractions, Kvarner Bay Islands, /Attractions-g946776-Activities-Cres_Island_Kvarner_Bay_Islands_Primorje_Gorski_Kotar_County.html
Sinj attractions, Split-Dalmatia County, /Attractions-g644076-Activities-Sinj_Split_Dalmatia_County_Dalmatia.html
Ciovo Island attractions, Split-Dalmatia County, /Attractions-g670550-Activities-Ciovo_Island_Split_Dalmatia_County_Dalmatia.html
Crikvenica attractions, Primorje-Gorski Kotar County, /Attractions-g303805-Activities-Crikvenica_Primorje_Gorski_Kotar_County.html
Stari Grad attractions, Hvar Island, /Attractions-g1077182-Activities-Stari_Grad_Hvar_Island_Split_Dalmatia_County_Dalmatia.html
Komiza attractions, Island of Vis, /Attractions-g1062125-Activities-Komiza_Island_of_Vis_Split_Dalmatia_County_Dalmatia.html
Biograd na Moru attractions, Zadar County, /Attractions-g608702-Activities-Biograd_na_Moru_Zadar_County_Dalmatia.html
Murter Island attractions, Sibenik-Knin County, /Attractions-g303825-Activities-Murter_Island_Sibenik_Knin_County_Dalmatia.html
Solin attractions, Split-Dalmatia County, /Attractions-g1203167-Activities-Solin_Split_Dalmatia_County_Dalmatia.html
Orebic attractions, Peljesac Peninsula, /Attractions-g635772-Activities-Orebic_Peljesac_Peninsula_Dubrovnik_Neretva_County_Dalmatia.html
Vrsar attractions, Istria, /Attractions-g608712-Activities-Vrsar_Istria.html
Medulin attractions, Istria, /Attractions-g608707-Activities-Medulin_Istria.html
Solta Island attractions, Split-Dalmatia County, /Attractions-g664421-Activities-Solta_Island_Split_Dalmatia_County_Dalmatia.html
Plitvica attractions, Plitvice Lakes National Park, /Attractions-g1190792-Activities-Plitvica_Plitvice_Lakes_National_Park_Central_Croatia.html
Punat attractions, Krk Island, /Attractions-g303830-Activities-Punat_Krk_Island_Kvarner_Bay_Islands_Primorje_Gorski_Kotar_County.html
Motovun attractions, Istria, /Attractions-g303817-Activities-Motovun_Istria.html
Vukovar attractions, Vukovar-Syrmia County, /Attractions-g303842-Activities-Vukovar_Vukovar_Syrmia_County_Slavonia.html
Podstrana attractions, Split-Dalmatia County, /Attractions-g670532-Activities-Podstrana_Split_Dalmatia_County_Dalmatia.html
Rabac attractions, Istria, /Attractions-g303832-Activities-Rabac_Istria.html
Hrvatska Kostajnica attractions, Sisak-Moslavina County, /Attractions-g1203073-Activities-Hrvatska_Kostajnica_Sisak_Moslavina_County_Central_Croatia.html
Ston attractions, Peljesac Peninsula, /Attractions-g608720-Activities-Ston_Peljesac_Peninsula_Dubrovnik_Neretva_County_Dalmatia.html
Postira attractions, Brac Island, /Attractions-g616078-Activities-Postira_Brac_Island_Split_Dalmatia_County_Dalmatia.html
Bjelovar attractions, Bjelovar-Bilogora County, /Attractions-g303801-Activities-Bjelovar_Bjelovar_Bilogora_County_Central_Croatia.html
Murter attractions, Murter Island, /Attractions-g2034462-Activities-Murter_Murter_Island_Sibenik_Knin_County_Dalmatia.html
Sisak attractions, Sisak-Moslavina County, /Attractions-g1203052-Activities-Sisak_Sisak_Moslavina_County_Central_Croatia.html
Imotski attractions, Split-Dalmatia County, /Attractions-g1027143-Activities-Imotski_Split_Dalmatia_County_Dalmatia.html
Nin attractions, Zadar County, /Attractions-g303820-Activities-Nin_Zadar_County_Dalmatia.html
Pazin attractions, Istria, /Attractions-g303826-Activities-Pazin_Istria.html
Brela attractions, Split-Dalmatia County, /Attractions-g480253-Activities-Brela_Split_Dalmatia_County_Dalmatia.html
Novigrad attractions, Istria, /Attractions-g608708-Activities-Novigrad_Istria.html
Umag attractions, Istria, /Attractions-g608710-Activities-Umag_Istria.html
