province_name, region_name, province_url
Pisarovina attractions, Zagreb County, /Attractions-g12559929-Activities-Pisarovina_Zagreb_County_Central_Croatia.html
Mljet Island attractions, Dubrovnik-Neretva County, /Attractions-g1501915-Activities-Mljet_Island_Dubrovnik_Neretva_County_Dalmatia.html
Brijuni National Park attractions, Istria, /Attractions-g303818-Activities-Brijuni_National_Park_Istria.html
Slavonski Brod attractions, Brod-Posavina County, /Attractions-g303835-Activities-Slavonski_Brod_Brod_Posavina_County_Slavonia.html
Petrinja attractions, Sisak-Moslavina County, /Attractions-g1203078-Activities-Petrinja_Sisak_Moslavina_County_Central_Croatia.html
Sumartin attractions, Brac Island, /Attractions-g2095028-Activities-Sumartin_Brac_Island_Split_Dalmatia_County_Dalmatia.html
Mlini attractions, Dubrovnik-Neretva County, /Attractions-g658382-Activities-Mlini_Dubrovnik_Neretva_County_Dalmatia.html
Viganj attractions, Peljesac Peninsula, /Attractions-g1190303-Activities-Viganj_Peljesac_Peninsula_Dubrovnik_Neretva_County_Dalmatia.html
Marina attractions, Split-Dalmatia County, /Attractions-g1190301-Activities-Marina_Split_Dalmatia_County_Dalmatia.html
Funtana attractions, Istria, /Attractions-g608706-Activities-Funtana_Istria.html
Ilok attractions, Vukovar-Syrmia County, /Attractions-g1034767-Activities-Ilok_Vukovar_Syrmia_County_Slavonia.html
Sukosan attractions, Zadar County, /Attractions-g1034769-Activities-Sukosan_Zadar_County_Dalmatia.html
Vizinada attractions, Istria, /Attractions-g3487380-Activities-Vizinada_Istria.html
Virovitica attractions, Virovitica-Podravina County, /Attractions-g1023805-Activities-Virovitica_Virovitica_Podravina_County_Slavonia.html
Pozega attractions, Pozega-Slavonia County, /Attractions-g1023803-Activities-Pozega_Pozega_Slavonia_County_Slavonia.html
Gospic attractions, Lika-Senj County, /Attractions-g1010506-Activities-Gospic_Lika_Senj_County.html
Kutina attractions, Sisak-Moslavina County, /Attractions-g1203074-Activities-Kutina_Sisak_Moslavina_County_Central_Croatia.html
Buje attractions, Istria, /Attractions-g1077172-Activities-Buje_Istria.html
Njivice attractions, Krk Island, /Attractions-g1067961-Activities-Njivice_Krk_Island_Kvarner_Bay_Islands_Primorje_Gorski_Kotar_County.html
Sali attractions, Dugi Island, /Attractions-g1898560-Activities-Sali_Dugi_Island_Zadar_County_Dalmatia.html
Jezera attractions, Sibenik-Knin County, /Attractions-g1185934-Activities-Jezera_Sibenik_Knin_County_Dalmatia.html
Hum attractions, Istria, /Attractions-g3746016-Activities-Hum_Istria.html
Osor attractions, Cres Island, /Attractions-g2313419-Activities-Osor_Cres_Island_Kvarner_Bay_Islands_Primorje_Gorski_Kotar_County.html
Jastrebarsko attractions, Zagreb County, /Attractions-g812258-Activities-Jastrebarsko_Zagreb_County_Central_Croatia.html
Visnjan attractions, Istria, /Attractions-g1190333-Activities-Visnjan_Istria.html
Pirovac attractions, Sibenik-Knin County, /Attractions-g1096201-Activities-Pirovac_Sibenik_Knin_County_Dalmatia.html
Barban attractions, Istria, /Attractions-g1157701-Activities-Barban_Istria.html
Lastovo Island attractions, Dubrovnik-Neretva County, /Attractions-g1175144-Activities-Lastovo_Island_Dubrovnik_Neretva_County_Dalmatia.html
Krasno Polje attractions, Lika-Senj County, /Attractions-g6368970-Activities-Krasno_Polje_Lika_Senj_County.html
Lovran attractions, Istria, /Attractions-g303813-Activities-Lovran_Istria.html
Zadvarje attractions, Split-Dalmatia County, /Attractions-g14007837-Activities-Zadvarje_Split_Dalmatia_County_Dalmatia.html
Selca attractions, Brac Island, /Attractions-g2034469-Activities-Selca_Brac_Island_Split_Dalmatia_County_Dalmatia.html
Rogac attractions, Solta Island, /Attractions-g2034466-Activities-Rogac_Solta_Island_Split_Dalmatia_County_Dalmatia.html
Vrgorac attractions, Split-Dalmatia County, /Attractions-g1051515-Activities-Vrgorac_Split_Dalmatia_County_Dalmatia.html
Tisno attractions, Sibenik-Knin County, /Attractions-g1190813-Activities-Tisno_Sibenik_Knin_County_Dalmatia.html
Lepoglava attractions, Varazdin County, /Attractions-g1203124-Activities-Lepoglava_Varazdin_County_Central_Croatia.html
Privlaka attractions, Zadar County, /Attractions-g5237895-Activities-Privlaka_Zadar_County_Dalmatia.html
Lopud attractions, Dubrovnik-Neretva County, /Attractions-g608713-Activities-Lopud_Dubrovnik_Neretva_County_Dalmatia.html
Selce attractions, Primorje-Gorski Kotar County, /Attractions-g608719-Activities-Selce_Primorje_Gorski_Kotar_County.html
Banjole attractions, Istria, /Attractions-g1096192-Activities-Banjole_Istria.html
Ploce attractions, Dubrovnik-Neretva County, /Attractions-g303828-Activities-Ploce_Dubrovnik_Neretva_County_Dalmatia.html
Slatine attractions, Ciovo Island, /Attractions-g2034474-Activities-Slatine_Ciovo_Island_Split_Dalmatia_County_Dalmatia.html
Nasice attractions, Osijek-Baranja County, /Attractions-g1023815-Activities-Nasice_Osijek_Baranja_County_Slavonia.html
Dobrinj attractions, Primorje-Gorski Kotar County, /Attractions-g2048897-Activities-Dobrinj_Primorje_Gorski_Kotar_County.html
Vir attractions, Zadar County, /Attractions-g1190831-Activities-Vir_Zadar_County_Dalmatia.html
Brinje attractions, Lika-Senj County, /Attractions-g8355763-Activities-Brinje_Lika_Senj_County.html
Sucuraj attractions, Hvar Island, /Attractions-g2485270-Activities-Sucuraj_Hvar_Island_Split_Dalmatia_County_Dalmatia.html
Savudrija attractions, Istria, /Attractions-g670811-Activities-Savudrija_Istria.html
Dugopolje attractions, Split-Dalmatia County, /Attractions-g1753367-Activities-Dugopolje_Split_Dalmatia_County_Dalmatia.html
Livade attractions, Istria, /Attractions-g736586-Activities-Livade_Istria.html
