province_name, region_name, province_url
Baska attractions, Krk Island, /Attractions-g303800-Activities-Baska_Krk_Island_Kvarner_Bay_Islands_Primorje_Gorski_Kotar_County.html
Lumbarda attractions, Korcula Island, /Attractions-g1069851-Activities-Lumbarda_Korcula_Island_Dubrovnik_Neretva_County_Dalmatia.html
Novi Vinodolski attractions, Primorje-Gorski Kotar County, /Attractions-g303821-Activities-Novi_Vinodolski_Primorje_Gorski_Kotar_County.html
Krapina attractions, Krapina-Zagorje County, /Attractions-g1203038-Activities-Krapina_Krapina_Zagorje_County_Central_Croatia.html
Premantura attractions, Istria, /Attractions-g1077169-Activities-Premantura_Istria.html
Veli Losinj attractions, Losinj Island, /Attractions-g644068-Activities-Veli_Losinj_Losinj_Island_Kvarner_Bay_Islands_Primorje_Gorski_Kotar_County.html
Lipik attractions, Pozega-Slavonia County, /Attractions-g295372-Activities-Lipik_Pozega_Slavonia_County_Slavonia.html
Zapresic attractions, Zagreb County, /Attractions-g1175155-Activities-Zapresic_Zagreb_County_Central_Croatia.html
Labin attractions, Istria, /Attractions-g1077176-Activities-Labin_Istria.html
Okrug Gornji attractions, Ciovo Island, /Attractions-g670760-Activities-Okrug_Gornji_Ciovo_Island_Split_Dalmatia_County_Dalmatia.html
Rogoznica attractions, Sibenik-Knin County, /Attractions-g608718-Activities-Rogoznica_Sibenik_Knin_County_Dalmatia.html
Rab Town attractions, Rab Island, /Attractions-g1799875-Activities-Rab_Town_Rab_Island_Kvarner_Bay_Islands_Primorje_Gorski_Kotar_County.html
Bale attractions, Istria, /Attractions-g303799-Activities-Bale_Istria.html
Skradin attractions, Sibenik-Knin County, /Attractions-g666519-Activities-Skradin_Sibenik_Knin_County_Dalmatia.html
Dugi Island attractions, Zadar County, /Attractions-g1190826-Activities-Dugi_Island_Zadar_County_Dalmatia.html
Primosten attractions, Sibenik-Knin County, /Attractions-g787974-Activities-Primosten_Sibenik_Knin_County_Dalmatia.html
Trilj attractions, Split-Dalmatia County, /Attractions-g1051514-Activities-Trilj_Split_Dalmatia_County_Dalmatia.html
Vela Luka attractions, Korcula Island, /Attractions-g608722-Activities-Vela_Luka_Korcula_Island_Dubrovnik_Neretva_County_Dalmatia.html
Sutivan attractions, Brac Island, /Attractions-g2290306-Activities-Sutivan_Brac_Island_Split_Dalmatia_County_Dalmatia.html
Cres attractions, Cres Island, /Attractions-g1175203-Activities-Cres_Cres_Island_Kvarner_Bay_Islands_Primorje_Gorski_Kotar_County.html
Velika Gorica attractions, Zagreb County, /Attractions-g303840-Activities-Velika_Gorica_Zagreb_County_Central_Croatia.html
Baska Voda attractions, Split-Dalmatia County, /Attractions-g644069-Activities-Baska_Voda_Split_Dalmatia_County_Dalmatia.html
Susak attractions, Primorje-Gorski Kotar County, /Attractions-g612413-Activities-Susak_Primorje_Gorski_Kotar_County.html
Milna attractions, Brac Island, /Attractions-g1966240-Activities-Milna_Brac_Island_Split_Dalmatia_County_Dalmatia.html
Buzet attractions, Istria, /Attractions-g608704-Activities-Buzet_Istria.html
Tucepi attractions, Split-Dalmatia County, /Attractions-g608721-Activities-Tucepi_Split_Dalmatia_County_Dalmatia.html
Lopar attractions, Rab Island, /Attractions-g1190806-Activities-Lopar_Rab_Island_Kvarner_Bay_Islands_Primorje_Gorski_Kotar_County.html
Pakostane attractions, Zadar County, /Attractions-g1190821-Activities-Pakostane_Zadar_County_Dalmatia.html
Podgora attractions, Split-Dalmatia County, /Attractions-g658453-Activities-Podgora_Split_Dalmatia_County_Dalmatia.html
Pag attractions, Island of Pag, /Attractions-g651688-Activities-Pag_Island_of_Pag_Zadar_County_Dalmatia.html
Senj attractions, Lika-Senj County, /Attractions-g776611-Activities-Senj_Lika_Senj_County.html
Fazana attractions, Istria, /Attractions-g780756-Activities-Fazana_Istria.html
Malinska attractions, Krk Island, /Attractions-g968322-Activities-Malinska_Krk_Island_Kvarner_Bay_Islands_Primorje_Gorski_Kotar_County.html
Plitvicka Jezera attractions, Plitvice Lakes National Park, /Attractions-g8480324-Activities-Plitvicka_Jezera_Plitvice_Lakes_National_Park_Central_Croatia.html
Omisalj attractions, Krk Island, /Attractions-g303822-Activities-Omisalj_Krk_Island_Kvarner_Bay_Islands_Primorje_Gorski_Kotar_County.html
Vrlika attractions, Split-Dalmatia County, /Attractions-g1051516-Activities-Vrlika_Split_Dalmatia_County_Dalmatia.html
Groznjan attractions, Istria, /Attractions-g303807-Activities-Groznjan_Istria.html
Ogulin attractions, Karlovac County, /Attractions-g1026903-Activities-Ogulin_Karlovac_County_Central_Croatia.html
Rakovica attractions, Plitvice Lakes National Park, /Attractions-g670545-Activities-Rakovica_Plitvice_Lakes_National_Park_Central_Croatia.html
Ludbreg attractions, Varazdin County, /Attractions-g1203125-Activities-Ludbreg_Varazdin_County_Central_Croatia.html
Vrbnik attractions, Krk Island, /Attractions-g1067963-Activities-Vrbnik_Krk_Island_Kvarner_Bay_Islands_Primorje_Gorski_Kotar_County.html
Cakovec attractions, Medimurje County, /Attractions-g678214-Activities-Cakovec_Medimurje_County_Central_Croatia.html
Sveti Filip i Jakov attractions, Zadar County, /Attractions-g651689-Activities-Sveti_Filip_i_Jakov_Zadar_County_Dalmatia.html
Svetvincenat attractions, Istria, /Attractions-g303836-Activities-Svetvincenat_Istria.html
Nerezine attractions, Primorje-Gorski Kotar County, /Attractions-g1069853-Activities-Nerezine_Primorje_Gorski_Kotar_County.html
Slunj attractions, Karlovac County, /Attractions-g1190778-Activities-Slunj_Karlovac_County_Central_Croatia.html
Otocac attractions, Lika-Senj County, /Attractions-g1203157-Activities-Otocac_Lika_Senj_County.html
Novigrad attractions, Zadar County, /Attractions-g3537110-Activities-Novigrad_Zadar_County_Dalmatia.html
Veliko Trgovisce attractions, Krapina-Zagorje County, /Attractions-g3746065-Activities-Veliko_Trgovisce_Krapina_Zagorje_County_Central_Croatia.html
Starigrad-Paklenica attractions, Zadar County, /Attractions-g1466943-Activities-Starigrad_Paklenica_Zadar_County_Dalmatia.html
