province_name, region_name, province_url
Bisevo attractions, Split-Dalmatia County, /Attractions-g4604897-Activities-Bisevo_Split_Dalmatia_County_Dalmatia.html
Kornic attractions, Krk Island, /Attractions-g1748906-Activities-Kornic_Krk_Island_Kvarner_Bay_Islands_Primorje_Gorski_Kotar_County.html
Sveti Kriz Zacretje attractions, Krapina-Zagorje County, /Attractions-g3575684-Activities-Sveti_Kriz_Zacretje_Krapina_Zagorje_County_Central_Croatia.html
Benkovac attractions, Zadar County, /Attractions-g1203162-Activities-Benkovac_Zadar_County_Dalmatia.html
Obrovac attractions, Zadar County, /Attractions-g1203163-Activities-Obrovac_Zadar_County_Dalmatia.html
Zagvozd attractions, Split-Dalmatia County, /Attractions-g8473426-Activities-Zagvozd_Split_Dalmatia_County_Dalmatia.html
Beli attractions, Cres Island, /Attractions-g1067978-Activities-Beli_Cres_Island_Kvarner_Bay_Islands_Primorje_Gorski_Kotar_County.html
Loviste attractions, Peljesac Peninsula, /Attractions-g644073-Activities-Loviste_Peljesac_Peninsula_Dubrovnik_Neretva_County_Dalmatia.html
Jablanac attractions, Lika-Senj County, /Attractions-g644072-Activities-Jablanac_Lika_Senj_County.html
Otric-Seoci attractions, Dubrovnik-Neretva County, /Attractions-g17662689-Activities-Otric_Seoci_Dubrovnik_Neretva_County_Dalmatia.html
Potomje attractions, Dubrovnik-Neretva County, /Attractions-g4364215-Activities-Potomje_Dubrovnik_Neretva_County_Dalmatia.html
Donji Kraljevec attractions, Medimurje County, /Attractions-g1999885-Activities-Donji_Kraljevec_Medimurje_County_Central_Croatia.html
Vantacici attractions, Primorje-Gorski Kotar County, /Attractions-g2268216-Activities-Vantacici_Primorje_Gorski_Kotar_County.html
Kuna Peljeska attractions, Peljesac Peninsula, /Attractions-g7383125-Activities-Kuna_Peljeska_Peljesac_Peninsula_Dubrovnik_Neretva_County_Dalmatia.html
Murvica attractions, Brac Island, /Attractions-g14006522-Activities-Murvica_Brac_Island_Split_Dalmatia_County_Dalmatia.html
Matulji attractions, Primorje-Gorski Kotar County, /Attractions-g2614302-Activities-Matulji_Primorje_Gorski_Kotar_County.html
Kuterevo attractions, Lika-Senj County, /Attractions-g6653017-Activities-Kuterevo_Lika_Senj_County.html
Stomorska attractions, Solta Island, /Attractions-g2485272-Activities-Stomorska_Solta_Island_Split_Dalmatia_County_Dalmatia.html
Okrug Donji attractions, Ciovo Island, /Attractions-g2005099-Activities-Okrug_Donji_Ciovo_Island_Split_Dalmatia_County_Dalmatia.html
Lozovac attractions, Sibenik-Knin County, /Attractions-g1966239-Activities-Lozovac_Sibenik_Knin_County_Dalmatia.html
Gata attractions, Split-Dalmatia County, /Attractions-g15836283-Activities-Gata_Split_Dalmatia_County_Dalmatia.html
Lopatinec attractions, Medimurje County, /Attractions-g3643576-Activities-Lopatinec_Medimurje_County_Central_Croatia.html
Stinjan attractions, Istria, /Attractions-g4560105-Activities-Stinjan_Istria.html
Pucisce attractions, Brac Island, /Attractions-g1966241-Activities-Pucisce_Brac_Island_Split_Dalmatia_County_Dalmatia.html
Mirca attractions, Brac Island, /Attractions-g15685692-Activities-Mirca_Brac_Island_Split_Dalmatia_County_Dalmatia.html
Savar attractions, Dugi Island, /Attractions-g13139990-Activities-Savar_Dugi_Island_Zadar_County_Dalmatia.html
Barbat na Rabu attractions, Rab Island, /Attractions-g3746011-Activities-Barbat_na_Rabu_Rab_Island_Kvarner_Bay_Islands_Primorje_Gorski_Kotar_County.html
Sveta Marija attractions, Medimurje County, /Attractions-g19742155-Activities-Sveta_Marija_Medimurje_County_Central_Croatia.html
Razanj attractions, Sibenik-Knin County, /Attractions-g1943783-Activities-Razanj_Sibenik_Knin_County_Dalmatia.html
Razanac attractions, Zadar County, /Attractions-g1943782-Activities-Razanac_Zadar_County_Dalmatia.html
Simuni attractions, Island of Pag, /Attractions-g4560239-Activities-Simuni_Island_of_Pag_Zadar_County_Dalmatia.html
Skabrnja attractions, Zadar County, /Attractions-g21503079-Activities-Skabrnja_Zadar_County_Dalmatia.html
Stara Baska attractions, Krk Island, /Attractions-g3746060-Activities-Stara_Baska_Krk_Island_Kvarner_Bay_Islands_Primorje_Gorski_Kotar_County.html
Zrnovnica attractions, Split-Dalmatia County, /Attractions-g7060783-Activities-Zrnovnica_Split_Dalmatia_County_Dalmatia.html
Gajac attractions, Island of Pag, /Attractions-g15684000-Activities-Gajac_Island_of_Pag_Zadar_County_Dalmatia.html
Potpican attractions, Istria, /Attractions-g7713057-Activities-Potpican_Istria.html
Kobiljaca attractions, Dubrovnik-Neretva County, /Attractions-g13219237-Activities-Kobiljaca_Dubrovnik_Neretva_County_Dalmatia.html
Galizana attractions, Istria, /Attractions-g13219263-Activities-Galizana_Istria.html
Sveti Petar u Sumi attractions, Istria, /Attractions-g1190315-Activities-Sveti_Petar_u_Sumi_Istria.html
Pakrac attractions, Pozega-Slavonia County, /Attractions-g1207721-Activities-Pakrac_Pozega_Slavonia_County_Slavonia.html
Otok attractions, Vukovar-Syrmia County, /Attractions-g1207725-Activities-Otok_Vukovar_Syrmia_County_Slavonia.html
Kastelir attractions, Istria, /Attractions-g1190358-Activities-Kastelir_Istria.html
Metajna attractions, Island of Pag, /Attractions-g6598060-Activities-Metajna_Island_of_Pag_Zadar_County_Dalmatia.html
Manjadvorci attractions, Istria, /Attractions-g1190367-Activities-Manjadvorci_Istria.html
Sestanovac attractions, Split-Dalmatia County, /Attractions-g14159163-Activities-Sestanovac_Split_Dalmatia_County_Dalmatia.html
Zarace attractions, Split-Dalmatia County, /Attractions-g16740627-Activities-Zarace_Split_Dalmatia_County_Dalmatia.html
Poljanica Bistranska attractions, Zagreb County, /Attractions-g12563783-Activities-Poljanica_Bistranska_Zagreb_County_Central_Croatia.html
Dalj attractions, Osijek-Baranja County, /Attractions-g15708908-Activities-Dalj_Osijek_Baranja_County_Slavonia.html
Cetina attractions, Sibenik-Knin County, /Attractions-g8791682-Activities-Cetina_Sibenik_Knin_County_Dalmatia.html
Milna attractions, Island of Vis, /Attractions-g12132012-Activities-Milna_Island_of_Vis_Split_Dalmatia_County_Dalmatia.html
