province_name, region_name, province_url
Zivogosce attractions, Split-Dalmatia County, /Attractions-g1190293-Activities-Zivogosce_Split_Dalmatia_County_Dalmatia.html
Donji Prolozac attractions, Split-Dalmatia County, /Attractions-g8310247-Activities-Donji_Prolozac_Split_Dalmatia_County_Dalmatia.html
Grizane-Belgrad attractions, Primorje-Gorski Kotar County, /Attractions-g12559635-Activities-Grizane_Belgrad_Primorje_Gorski_Kotar_County.html
Blato attractions, Korcula Island, /Attractions-g651684-Activities-Blato_Korcula_Island_Dubrovnik_Neretva_County_Dalmatia.html
Zaton attractions, Dubrovnik-Neretva County, /Attractions-g1190304-Activities-Zaton_Dubrovnik_Neretva_County_Dalmatia.html
Mokosica attractions, Dubrovnik-Neretva County, /Attractions-g608716-Activities-Mokosica_Dubrovnik_Neretva_County_Dalmatia.html
Petrcane attractions, Zadar County, /Attractions-g1182225-Activities-Petrcane_Zadar_County_Dalmatia.html
Pasman Island attractions, Zadar County, /Attractions-g1182209-Activities-Pasman_Island_Zadar_County_Dalmatia.html
Karanac attractions, Osijek-Baranja County, /Attractions-g3200532-Activities-Karanac_Osijek_Baranja_County_Slavonia.html
Marija Bistrica attractions, Krapina-Zagorje County, /Attractions-g303815-Activities-Marija_Bistrica_Krapina_Zagorje_County_Central_Croatia.html
Metkovic attractions, Dubrovnik-Neretva County, /Attractions-g1009398-Activities-Metkovic_Dubrovnik_Neretva_County_Dalmatia.html
Ilovik attractions, Primorje-Gorski Kotar County, /Attractions-g676666-Activities-Ilovik_Primorje_Gorski_Kotar_County.html
Pucisca attractions, Split-Dalmatia County, /Attractions-g16672716-Activities-Pucisca_Split_Dalmatia_County_Dalmatia.html
Belisce attractions, Osijek-Baranja County, /Attractions-g1023799-Activities-Belisce_Osijek_Baranja_County_Slavonia.html
Skrip attractions, Brac Island, /Attractions-g2034470-Activities-Skrip_Brac_Island_Split_Dalmatia_County_Dalmatia.html
Nerezisca attractions, Brac Island, /Attractions-g2034464-Activities-Nerezisca_Brac_Island_Split_Dalmatia_County_Dalmatia.html
Koprivnica attractions, Koprivnica-Krizevci County, /Attractions-g1026893-Activities-Koprivnica_Koprivnica_Krizevci_County_Central_Croatia.html
Karlobag attractions, Lika-Senj County, /Attractions-g3380066-Activities-Karlobag_Lika_Senj_County.html
Knin attractions, Sibenik-Knin County, /Attractions-g1026899-Activities-Knin_Sibenik_Knin_County_Dalmatia.html
Vinkovci attractions, Vukovar-Syrmia County, /Attractions-g1026898-Activities-Vinkovci_Vukovar_Syrmia_County_Slavonia.html
Maslinica attractions, Solta Island, /Attractions-g1959802-Activities-Maslinica_Solta_Island_Split_Dalmatia_County_Dalmatia.html
Stara Novalja attractions, Lika-Senj County, /Attractions-g1190791-Activities-Stara_Novalja_Lika_Senj_County.html
Preko attractions, Zadar County, /Attractions-g1190829-Activities-Preko_Zadar_County_Dalmatia.html
Daruvar attractions, Bjelovar-Bilogora County, /Attractions-g1203154-Activities-Daruvar_Bjelovar_Bilogora_County_Central_Croatia.html
Opuzen attractions, Dubrovnik-Neretva County, /Attractions-g1203170-Activities-Opuzen_Dubrovnik_Neretva_County_Dalmatia.html
Kozino attractions, Zadar County, /Attractions-g1927320-Activities-Kozino_Zadar_County_Dalmatia.html
Grohote attractions, Solta Island, /Attractions-g3675338-Activities-Grohote_Solta_Island_Split_Dalmatia_County_Dalmatia.html
Strigova attractions, Medimurje County, /Attractions-g6776117-Activities-Strigova_Medimurje_County_Central_Croatia.html
Kolan attractions, Island of Pag, /Attractions-g2030955-Activities-Kolan_Island_of_Pag_Zadar_County_Dalmatia.html
Donji Seget attractions, Split-Dalmatia County, /Attractions-g1190295-Activities-Donji_Seget_Split_Dalmatia_County_Dalmatia.html
Ugljan Island attractions, Zadar County, /Attractions-g1901975-Activities-Ugljan_Island_Zadar_County_Dalmatia.html
Momjan attractions, Istria, /Attractions-g1190335-Activities-Momjan_Istria.html
Kutjevo attractions, Pozega-Slavonia County, /Attractions-g1207720-Activities-Kutjevo_Pozega_Slavonia_County_Slavonia.html
Mali Ston attractions, Dubrovnik-Neretva County, /Attractions-g608714-Activities-Mali_Ston_Dubrovnik_Neretva_County_Dalmatia.html
Plomin attractions, Istria, /Attractions-g1190345-Activities-Plomin_Istria.html
Lozisce attractions, Split-Dalmatia County, /Attractions-g3200557-Activities-Lozisce_Split_Dalmatia_County_Dalmatia.html
Bakar attractions, Primorje-Gorski Kotar County, /Attractions-g1175202-Activities-Bakar_Primorje_Gorski_Kotar_County.html
Kastav attractions, Primorje-Gorski Kotar County, /Attractions-g1175205-Activities-Kastav_Primorje_Gorski_Kotar_County.html
Krka National Park attractions, Sibenik-Knin County, /Attractions-g303819-Activities-Krka_National_Park_Sibenik_Knin_County_Dalmatia.html
Duce attractions, Split-Dalmatia County, /Attractions-g1943241-Activities-Duce_Split_Dalmatia_County_Dalmatia.html
Betina attractions, Murter Island, /Attractions-g2034421-Activities-Betina_Murter_Island_Sibenik_Knin_County_Dalmatia.html
Kuciste attractions, Peljesac Peninsula, /Attractions-g2034454-Activities-Kuciste_Peljesac_Peninsula_Dubrovnik_Neretva_County_Dalmatia.html
Zminj attractions, Istria, /Attractions-g1902347-Activities-Zminj_Istria.html
Perusic attractions, Lika-Senj County, /Attractions-g4090747-Activities-Perusic_Lika_Senj_County.html
Kampor attractions, Rab Island, /Attractions-g1959805-Activities-Kampor_Rab_Island_Kvarner_Bay_Islands_Primorje_Gorski_Kotar_County.html
Sveta Nedelja attractions, Zagreb County, /Attractions-g1959807-Activities-Sveta_Nedelja_Zagreb_County_Central_Croatia.html
Srebreno attractions, Dubrovnik-Neretva County, /Attractions-g2039676-Activities-Srebreno_Dubrovnik_Neretva_County_Dalmatia.html
Krapinske Toplice attractions, Krapina-Zagorje County, /Attractions-g2069365-Activities-Krapinske_Toplice_Krapina_Zagorje_County_Central_Croatia.html
Liznjan attractions, Istria, /Attractions-g1190777-Activities-Liznjan_Istria.html
Drvenik attractions, Split-Dalmatia County, /Attractions-g1959798-Activities-Drvenik_Split_Dalmatia_County_Dalmatia.html
