review_location_name, review_current_page, review_last_page, review_location_type, review_location_breadcrumbs, review_location_rate, location_lat, location_lng, review_id, review_date, review_experience_date, review_rate, user_name, user_link, user_id, extra, parent_url
Teatralnaya Square, 16, 19, Points of Interest & Landmarks & Points of Interest & Landmarks, Europe & Ukraine & Odessa Oblast & Odessa & Things to Do in Odessa, 4.5, 46.485157, 30.741667, 354844659, 20160301, 20151101, 5.0, monty133, /Profile/monty133, a926cac132298df102cdbe7fe3ba25f5, Excellent : 240 & Very Good : 72 & Average : 14 & Poor : 1 & Terrible : 0, /Attraction_Review-g295368-d4766591-Reviews-Teatralnaya_Square-Odessa_Odessa_Oblast.html
Teatralnaya Square, 16, 19, Points of Interest & Landmarks & Points of Interest & Landmarks, Europe & Ukraine & Odessa Oblast & Odessa & Things to Do in Odessa, 4.5, 46.485157, 30.741667, 345258436, 20160201, 20160101, 5.0, Serge T, /Profile/456serget, 60a710c733d971e4aea6166e367b1743, Excellent : 240 & Very Good : 72 & Average : 14 & Poor : 1 & Terrible : 0, /Attraction_Review-g295368-d4766591-Reviews-Teatralnaya_Square-Odessa_Odessa_Oblast.html
Teatralnaya Square, 16, 19, Points of Interest & Landmarks & Points of Interest & Landmarks, Europe & Ukraine & Odessa Oblast & Odessa & Things to Do in Odessa, 4.5, 46.485157, 30.741667, 338501359, 20160101, 20150601, 5.0, Onarollgirl, /Profile/Onarollgirl, 339de0f7a89566ca07a7d16c75ffcdfa, Excellent : 240 & Very Good : 72 & Average : 14 & Poor : 1 & Terrible : 0, /Attraction_Review-g295368-d4766591-Reviews-Teatralnaya_Square-Odessa_Odessa_Oblast.html
Teatralnaya Square, 16, 19, Points of Interest & Landmarks & Points of Interest & Landmarks, Europe & Ukraine & Odessa Oblast & Odessa & Things to Do in Odessa, 4.5, 46.485157, 30.741667, 334357183, 20151201, 20150901, 4.0, Ray C, /Profile/780raymondc, d099f930fcad8c23a104a3585d7407da, Excellent : 240 & Very Good : 72 & Average : 14 & Poor : 1 & Terrible : 0, /Attraction_Review-g295368-d4766591-Reviews-Teatralnaya_Square-Odessa_Odessa_Oblast.html
Teatralnaya Square, 16, 19, Points of Interest & Landmarks & Points of Interest & Landmarks, Europe & Ukraine & Odessa Oblast & Odessa & Things to Do in Odessa, 4.5, 46.485157, 30.741667, 332077225, 20151201, 20151201, 5.0, Swenic59, /Profile/Swenic59, 018922536c85fb451c6f3eb5d3b86788, Excellent : 240 & Very Good : 72 & Average : 14 & Poor : 1 & Terrible : 0, /Attraction_Review-g295368-d4766591-Reviews-Teatralnaya_Square-Odessa_Odessa_Oblast.html
