review_location_name, review_current_page, review_last_page, review_location_type, review_location_breadcrumbs, review_location_rate, location_lat, location_lng, review_id, review_date, review_experience_date, review_rate, user_name, user_link, user_id, extra, parent_url
The Odessa Port, 24, 28, Bodies of Water & Bodies of Water, Europe & Ukraine & Odessa Oblast & Odessa & Things to Do in Odessa, 4.0, 46.4895, 30.743805, 156845810, 20130401, 20130301, 4.0, Antipich, /Profile/Antipich, e50d9a2cc56238ab8c3b618bd53c4f1e, Excellent : 222 & Very Good : 118 & Average : 83 & Poor : 20 & Terrible : 6, /Attraction_Review-g295368-d554488-Reviews-The_Odessa_Port-Odessa_Odessa_Oblast.html
The Odessa Port, 24, 28, Bodies of Water & Bodies of Water, Europe & Ukraine & Odessa Oblast & Odessa & Things to Do in Odessa, 4.0, 46.4895, 30.743805, 155000216, 20130301, 20130301, 5.0, jaleed, /Profile/jaleed, c2de7da92248c92ef3fef77719d2a6d6, Excellent : 222 & Very Good : 118 & Average : 83 & Poor : 20 & Terrible : 6, /Attraction_Review-g295368-d554488-Reviews-The_Odessa_Port-Odessa_Odessa_Oblast.html
The Odessa Port, 24, 28, Bodies of Water & Bodies of Water, Europe & Ukraine & Odessa Oblast & Odessa & Things to Do in Odessa, 4.0, 46.4895, 30.743805, 154340685, 20130301, 20130301, 4.0, ade200902, /Profile/ade200902, 50bf5ef268826712e24a115159b18a74, Excellent : 222 & Very Good : 118 & Average : 83 & Poor : 20 & Terrible : 6, /Attraction_Review-g295368-d554488-Reviews-The_Odessa_Port-Odessa_Odessa_Oblast.html
The Odessa Port, 24, 28, Bodies of Water & Bodies of Water, Europe & Ukraine & Odessa Oblast & Odessa & Things to Do in Odessa, 4.0, 46.4895, 30.743805, 152957709, 20130201, 20121001, 3.0, Olle A, /Profile/OlleA_13, cf007e1406a422d3c402995cc98fd0c7, Excellent : 222 & Very Good : 118 & Average : 83 & Poor : 20 & Terrible : 6, /Attraction_Review-g295368-d554488-Reviews-The_Odessa_Port-Odessa_Odessa_Oblast.html
The Odessa Port, 24, 28, Bodies of Water & Bodies of Water, Europe & Ukraine & Odessa Oblast & Odessa & Things to Do in Odessa, 4.0, 46.4895, 30.743805, 152246035, 20130201, 20130201, 4.0, Guspianist, /Profile/Guspianist, 9b8ae9e7348154857d004251206fc5bb, Excellent : 222 & Very Good : 118 & Average : 83 & Poor : 20 & Terrible : 6, /Attraction_Review-g295368-d554488-Reviews-The_Odessa_Port-Odessa_Odessa_Oblast.html
