review_location_name, review_current_page, review_last_page, review_location_type, review_location_breadcrumbs, review_location_rate, location_lat, location_lng, review_id, review_date, review_experience_date, review_rate, user_name, user_link, user_id, extra, parent_url
The Statue of Laocoon, 2, 4, Monuments & Statues & Monuments & Statues, Europe & Ukraine & Odessa Oblast & Odessa & Things to Do in Odessa, 4.0, 46.48508, 30.743443, 614903825, 20180901, 20180701, 5.0, Biteviye, /Profile/Biteviye, 3dbd267a6319e9809414608bae00b1ef, Excellent : 29 & Very Good : 14 & Average : 14 & Poor : 2 & Terrible : 0, /Attraction_Review-g295368-d554487-Reviews-The_Statue_of_Laocoon-Odessa_Odessa_Oblast.html
The Statue of Laocoon, 2, 4, Monuments & Statues & Monuments & Statues, Europe & Ukraine & Odessa Oblast & Odessa & Things to Do in Odessa, 4.0, 46.48508, 30.743443, 613288375, 20180901, 20180801, 5.0, Davide G, /Profile/766davideg, 27fc4ad1ae68dac251c98a734fb0f262, Excellent : 29 & Very Good : 14 & Average : 14 & Poor : 2 & Terrible : 0, /Attraction_Review-g295368-d554487-Reviews-The_Statue_of_Laocoon-Odessa_Odessa_Oblast.html
The Statue of Laocoon, 2, 4, Monuments & Statues & Monuments & Statues, Europe & Ukraine & Odessa Oblast & Odessa & Things to Do in Odessa, 4.0, 46.48508, 30.743443, 524341091, 20170901, 20170901, 3.0, Gyan Fernando, /Profile/gyanfernando, cc9dddf5edd901678db33919fd385453, Excellent : 29 & Very Good : 14 & Average : 14 & Poor : 2 & Terrible : 0, /Attraction_Review-g295368-d554487-Reviews-The_Statue_of_Laocoon-Odessa_Odessa_Oblast.html
The Statue of Laocoon, 2, 4, Monuments & Statues & Monuments & Statues, Europe & Ukraine & Odessa Oblast & Odessa & Things to Do in Odessa, 4.0, 46.48508, 30.743443, 504711541, 20170701, 20170701, 4.0, Olga G, /Profile/olgag337, b8aabb93fa29512edf7d523a57a66fae, Excellent : 29 & Very Good : 14 & Average : 14 & Poor : 2 & Terrible : 0, /Attraction_Review-g295368-d554487-Reviews-The_Statue_of_Laocoon-Odessa_Odessa_Oblast.html
The Statue of Laocoon, 2, 4, Monuments & Statues & Monuments & Statues, Europe & Ukraine & Odessa Oblast & Odessa & Things to Do in Odessa, 4.0, 46.48508, 30.743443, 497398941, 20170601, 20170601, 4.0, mega_viktk, /Profile/mega_viktk, 26c090f3e82f739c630d4eadf37aacc6, Excellent : 29 & Very Good : 14 & Average : 14 & Poor : 2 & Terrible : 0, /Attraction_Review-g295368-d554487-Reviews-The_Statue_of_Laocoon-Odessa_Odessa_Oblast.html
