review_location_name, review_current_page, review_last_page, review_location_type, review_location_breadcrumbs, review_location_rate, location_lat, location_lng, review_id, review_date, review_experience_date, review_rate, user_name, user_link, user_id, extra, parent_url
Shustov Cognac Museum, 1, 7, Specialty Museums & Specialty Museums, Europe & Ukraine & Odessa Oblast & Odessa & Things to Do in Odessa, 4.5, 46.460606, 30.704693, 702156124, 20190801, 20190801, 5.0, Natalia, /Profile/C4767BKnatalias, 2b0371213e5342c5834915e0048b384d, Excellent : 112 & Very Good : 19 & Average : 9 & Poor : 2 & Terrible : 0, /Attraction_Review-g295368-d6023952-Reviews-Shustov_Cognac_Museum-Odessa_Odessa_Oblast.html
Shustov Cognac Museum, 1, 7, Specialty Museums & Specialty Museums, Europe & Ukraine & Odessa Oblast & Odessa & Things to Do in Odessa, 4.5, 46.460606, 30.704693, 701320887, 20190801, 20190801, 4.0, Aybars, /Profile/AybarsM, 57f137f9f72e02988c73525ba95bd1b5, Excellent : 112 & Very Good : 19 & Average : 9 & Poor : 2 & Terrible : 0, /Attraction_Review-g295368-d6023952-Reviews-Shustov_Cognac_Museum-Odessa_Odessa_Oblast.html
Shustov Cognac Museum, 1, 7, Specialty Museums & Specialty Museums, Europe & Ukraine & Odessa Oblast & Odessa & Things to Do in Odessa, 4.5, 46.460606, 30.704693, 685772261, 20190701, 20190501, 5.0, Liis, /Profile/liisu13, 53ac9573df0ad309bf8ead0a198b4df3, Excellent : 112 & Very Good : 19 & Average : 9 & Poor : 2 & Terrible : 0, /Attraction_Review-g295368-d6023952-Reviews-Shustov_Cognac_Museum-Odessa_Odessa_Oblast.html
Shustov Cognac Museum, 1, 7, Specialty Museums & Specialty Museums, Europe & Ukraine & Odessa Oblast & Odessa & Things to Do in Odessa, 4.5, 46.460606, 30.704693, 672234963, 20190501, 20190401, 5.0, Turgut49, /Profile/TURGUT49, 604c3aa47744afc86b55a1554418748c, Excellent : 112 & Very Good : 19 & Average : 9 & Poor : 2 & Terrible : 0, /Attraction_Review-g295368-d6023952-Reviews-Shustov_Cognac_Museum-Odessa_Odessa_Oblast.html
Shustov Cognac Museum, 1, 7, Specialty Museums & Specialty Museums, Europe & Ukraine & Odessa Oblast & Odessa & Things to Do in Odessa, 4.5, 46.460606, 30.704693, 672120205, 20190501, 20190501, 5.0, LevinsonGedera, /Profile/LevinsonGedera, 7653cfa78f36a25918f302cbb24e185b, Excellent : 112 & Very Good : 19 & Average : 9 & Poor : 2 & Terrible : 0, /Attraction_Review-g295368-d6023952-Reviews-Shustov_Cognac_Museum-Odessa_Odessa_Oblast.html
