review_location_name, review_current_page, review_last_page, review_location_type, review_location_breadcrumbs, review_location_rate, location_lat, location_lng, review_id, review_date, review_experience_date, review_rate, user_name, user_link, user_id, extra, parent_url
Primorsky Boulevard, 33, 45, Points of Interest & Landmarks & Points of Interest & Landmarks, Europe & Ukraine & Odessa Oblast & Odessa & Things to Do in Odessa, 4.5, 46.48799, 30.74117, 307244562, 20150901, 20150701, 5.0, Richard W, /Profile/richardw339, 06750ed61ef28cd9ff4285133e59529b, Excellent : 592 & Very Good : 185 & Average : 36 & Poor : 7 & Terrible : 3, /Attraction_Review-g295368-d554887-Reviews-Primorsky_Boulevard-Odessa_Odessa_Oblast.html
Primorsky Boulevard, 33, 45, Points of Interest & Landmarks & Points of Interest & Landmarks, Europe & Ukraine & Odessa Oblast & Odessa & Things to Do in Odessa, 4.5, 46.48799, 30.74117, 301811216, 20150801, 20150801, 5.0, ShaneWylie, /Profile/ShaneWylie, 905570bf9b759e8b542b069443602845, Excellent : 592 & Very Good : 185 & Average : 36 & Poor : 7 & Terrible : 3, /Attraction_Review-g295368-d554887-Reviews-Primorsky_Boulevard-Odessa_Odessa_Oblast.html
Primorsky Boulevard, 33, 45, Points of Interest & Landmarks & Points of Interest & Landmarks, Europe & Ukraine & Odessa Oblast & Odessa & Things to Do in Odessa, 4.5, 46.48799, 30.74117, 298905704, 20150801, 20150801, 4.0, Kostyantyn V, /Profile/kostyantynv263, 072c9048725db52234aba0708d508d93, Excellent : 592 & Very Good : 185 & Average : 36 & Poor : 7 & Terrible : 3, /Attraction_Review-g295368-d554887-Reviews-Primorsky_Boulevard-Odessa_Odessa_Oblast.html
Primorsky Boulevard, 33, 45, Points of Interest & Landmarks & Points of Interest & Landmarks, Europe & Ukraine & Odessa Oblast & Odessa & Things to Do in Odessa, 4.5, 46.48799, 30.74117, 297108492, 20150801, 20150701, 5.0, Petro S, /Profile/Shamborovsky, e9e75dae872dd46630f99a0dfc40d12d, Excellent : 592 & Very Good : 185 & Average : 36 & Poor : 7 & Terrible : 3, /Attraction_Review-g295368-d554887-Reviews-Primorsky_Boulevard-Odessa_Odessa_Oblast.html
Primorsky Boulevard, 33, 45, Points of Interest & Landmarks & Points of Interest & Landmarks, Europe & Ukraine & Odessa Oblast & Odessa & Things to Do in Odessa, 4.5, 46.48799, 30.74117, 294638303, 20150801, 20150701, 5.0, Andreus_Moscow, /Profile/Andreus_Moscow, 66a0bad7e5a59ef28055b605b3a4a11a, Excellent : 592 & Very Good : 185 & Average : 36 & Poor : 7 & Terrible : 3, /Attraction_Review-g295368-d554887-Reviews-Primorsky_Boulevard-Odessa_Odessa_Oblast.html
