review_location_name, review_current_page, review_last_page, review_location_type, review_location_breadcrumbs, review_location_rate, location_lat, location_lng, review_id, review_date, review_experience_date, review_rate, user_name, user_link, user_id, extra, parent_url
Catacombs of Odessa, 1, 3, Specialty Museums & Specialty Museums, Europe & Ukraine & Odessa Oblast & Odessa & Things to Do in Odessa, 4.5, 46.46729, 30.706793, 735784552, 20191201, 20190901, 5.0, Yeshayahu hoffman, /Profile/yesh44, 4dfb11c072a61d1d2fc213a997ac082b, Excellent : 45 & Very Good : 13 & Average : 3 & Poor : 0 & Terrible : 0, /Attraction_Review-g295368-d11671665-Reviews-Catacombs_of_Odessa-Odessa_Odessa_Oblast.html
Catacombs of Odessa, 1, 3, Specialty Museums & Specialty Museums, Europe & Ukraine & Odessa Oblast & Odessa & Things to Do in Odessa, 4.5, 46.46729, 30.706793, 722585076, 20191001, 20190901, 5.0, harryatkck, /Profile/harryatkck, 7ec6c3b463e4dfd39eab578b3bdae30a, Excellent : 45 & Very Good : 13 & Average : 3 & Poor : 0 & Terrible : 0, /Attraction_Review-g295368-d11671665-Reviews-Catacombs_of_Odessa-Odessa_Odessa_Oblast.html
Catacombs of Odessa, 1, 3, Specialty Museums & Specialty Museums, Europe & Ukraine & Odessa Oblast & Odessa & Things to Do in Odessa, 4.5, 46.46729, 30.706793, 719596744, 20191001, 20190901, 5.0, lovetoootravel, /Profile/lovetoootravel, ac8265951679b7d06e39fecd8cde79e5, Excellent : 45 & Very Good : 13 & Average : 3 & Poor : 0 & Terrible : 0, /Attraction_Review-g295368-d11671665-Reviews-Catacombs_of_Odessa-Odessa_Odessa_Oblast.html
Catacombs of Odessa, 1, 3, Specialty Museums & Specialty Museums, Europe & Ukraine & Odessa Oblast & Odessa & Things to Do in Odessa, 4.5, 46.46729, 30.706793, 717662549, 20191001, 20190501, 5.0, _ineseincenberga, /Profile/_ineseincenberga, 4af736c1ace17ed7902a182a8f5285b2, Excellent : 45 & Very Good : 13 & Average : 3 & Poor : 0 & Terrible : 0, /Attraction_Review-g295368-d11671665-Reviews-Catacombs_of_Odessa-Odessa_Odessa_Oblast.html
Catacombs of Odessa, 1, 3, Specialty Museums & Specialty Museums, Europe & Ukraine & Odessa Oblast & Odessa & Things to Do in Odessa, 4.5, 46.46729, 30.706793, 697997356, 20190801, 20190801, 5.0, ohad, /Profile/smallworldbigoyster, b02284d9f5995fc8b1c22d750329ab7b, Excellent : 45 & Very Good : 13 & Average : 3 & Poor : 0 & Terrible : 0, /Attraction_Review-g295368-d11671665-Reviews-Catacombs_of_Odessa-Odessa_Odessa_Oblast.html
