review_location_name, review_current_page, review_last_page, review_location_type, review_location_breadcrumbs, review_location_rate, location_lat, location_lng, review_id, review_date, review_experience_date, review_rate, user_name, user_link, user_id, extra, parent_url
The Odessa Port, 13, 28, Bodies of Water & Bodies of Water, Europe & Ukraine & Odessa Oblast & Odessa & Things to Do in Odessa, 4.0, 46.4895, 30.743805, 378688862, 20160601, 20150701, 4.0, Enyaw42, /Profile/Enyaw42, 27ca14c83d1029953b9d56d7f37888dc, Excellent : 222 & Very Good : 118 & Average : 83 & Poor : 20 & Terrible : 6, /Attraction_Review-g295368-d554488-Reviews-The_Odessa_Port-Odessa_Odessa_Oblast.html
The Odessa Port, 13, 28, Bodies of Water & Bodies of Water, Europe & Ukraine & Odessa Oblast & Odessa & Things to Do in Odessa, 4.0, 46.4895, 30.743805, 375961008, 20160501, 20160501, 2.0, bobca1947, /Profile/bobca1947, 3d6be1efeed026c00fe93d257b2ed487, Excellent : 222 & Very Good : 118 & Average : 83 & Poor : 20 & Terrible : 6, /Attraction_Review-g295368-d554488-Reviews-The_Odessa_Port-Odessa_Odessa_Oblast.html
The Odessa Port, 13, 28, Bodies of Water & Bodies of Water, Europe & Ukraine & Odessa Oblast & Odessa & Things to Do in Odessa, 4.0, 46.4895, 30.743805, 362992631, 20160401, 20160401, 3.0, Steven O, /Profile/steveno223, 1e486c00d9a9e73d9ced8142481e83ea, Excellent : 222 & Very Good : 118 & Average : 83 & Poor : 20 & Terrible : 6, /Attraction_Review-g295368-d554488-Reviews-The_Odessa_Port-Odessa_Odessa_Oblast.html
The Odessa Port, 13, 28, Bodies of Water & Bodies of Water, Europe & Ukraine & Odessa Oblast & Odessa & Things to Do in Odessa, 4.0, 46.4895, 30.743805, 358649836, 20160301, 20150801, 4.0, Anna B, /Profile/annabD9542BT, e16e4f18699cebcd0ea420cc42a6d050, Excellent : 222 & Very Good : 118 & Average : 83 & Poor : 20 & Terrible : 6, /Attraction_Review-g295368-d554488-Reviews-The_Odessa_Port-Odessa_Odessa_Oblast.html
The Odessa Port, 13, 28, Bodies of Water & Bodies of Water, Europe & Ukraine & Odessa Oblast & Odessa & Things to Do in Odessa, 4.0, 46.4895, 30.743805, 356457142, 20160301, 20150701, 5.0, Elena K, /Profile/H8926AOelenak, 9a90d9eb21074555140cb7db95f39278, Excellent : 222 & Very Good : 118 & Average : 83 & Poor : 20 & Terrible : 6, /Attraction_Review-g295368-d554488-Reviews-The_Odessa_Port-Odessa_Odessa_Oblast.html
