review_location_name, review_current_page, review_last_page, review_location_type, review_location_breadcrumbs, review_location_rate, location_lat, location_lng, review_id, review_date, review_experience_date, review_rate, user_name, user_link, user_id, extra, parent_url
Jewish Museum of Odessa, 1, 6, Specialty Museums & Specialty Museums, Europe & Ukraine & Odessa Oblast & Odessa & Things to Do in Odessa, 4.5, 46.480114, 30.730282, 735908043, 20191201, 20191201, 5.0, Nikoll M, /Profile/nikollm, aaa020c19268eb8b07c0382ab1fb743b, Excellent : 31 & Very Good : 14 & Average : 3 & Poor : 2 & Terrible : 0, /Attraction_Review-g295368-d2204387-Reviews-Jewish_Museum_of_Odessa-Odessa_Odessa_Oblast.html
Jewish Museum of Odessa, 1, 6, Specialty Museums & Specialty Museums, Europe & Ukraine & Odessa Oblast & Odessa & Things to Do in Odessa, 4.5, 46.480114, 30.730282, 688496721, 20190701, 20190701, 5.0, Jenny, /Profile/jennytravelsto, 669d12707dadede82d85dc747e3398b2, Excellent : 31 & Very Good : 14 & Average : 3 & Poor : 2 & Terrible : 0, /Attraction_Review-g295368-d2204387-Reviews-Jewish_Museum_of_Odessa-Odessa_Odessa_Oblast.html
Jewish Museum of Odessa, 1, 6, Specialty Museums & Specialty Museums, Europe & Ukraine & Odessa Oblast & Odessa & Things to Do in Odessa, 4.5, 46.480114, 30.730282, 673510120, 20190501, 20190501, 3.0, Yali L, /Profile/97yalil, 1d1cb83863f65af33b18b6abba0117e4, Excellent : 31 & Very Good : 14 & Average : 3 & Poor : 2 & Terrible : 0, /Attraction_Review-g295368-d2204387-Reviews-Jewish_Museum_of_Odessa-Odessa_Odessa_Oblast.html
Jewish Museum of Odessa, 1, 6, Specialty Museums & Specialty Museums, Europe & Ukraine & Odessa Oblast & Odessa & Things to Do in Odessa, 4.5, 46.480114, 30.730282, 672529261, 20190501, 20190501, 4.0, LevinsonGedera, /Profile/LevinsonGedera, 7653cfa78f36a25918f302cbb24e185b, Excellent : 31 & Very Good : 14 & Average : 3 & Poor : 2 & Terrible : 0, /Attraction_Review-g295368-d2204387-Reviews-Jewish_Museum_of_Odessa-Odessa_Odessa_Oblast.html
Jewish Museum of Odessa, 1, 6, Specialty Museums & Specialty Museums, Europe & Ukraine & Odessa Oblast & Odessa & Things to Do in Odessa, 4.5, 46.480114, 30.730282, 653495476, 20190201, 20190201, 5.0, Dasha, /Profile/dplyulk, 8e784ac9f7d4c22b98b0c1600e56082e, Excellent : 31 & Very Good : 14 & Average : 3 & Poor : 2 & Terrible : 0, /Attraction_Review-g295368-d2204387-Reviews-Jewish_Museum_of_Odessa-Odessa_Odessa_Oblast.html
