review_location_name, review_current_page, review_last_page, review_location_type, review_location_breadcrumbs, review_location_rate, location_lat, location_lng, review_id, review_date, review_experience_date, review_rate, user_name, user_link, user_id, extra, parent_url
Passage, 11, 31, Points of Interest & Landmarks & Points of Interest & Landmarks, Europe & Ukraine & Odessa Oblast & Odessa & Things to Do in Odessa, 4.5, 46.48401, 30.73307, 595052210, 20180701, 20180701, 4.0, Kerryn72, /Profile/Kerryn72, 4eb7c3a80ea71983fe6e4a3431cb672b, Excellent : 253 & Very Good : 129 & Average : 63 & Poor : 14 & Terrible : 4, /Attraction_Review-g295368-d2083546-Reviews-Passage-Odessa_Odessa_Oblast.html
Passage, 11, 31, Points of Interest & Landmarks & Points of Interest & Landmarks, Europe & Ukraine & Odessa Oblast & Odessa & Things to Do in Odessa, 4.5, 46.48401, 30.73307, 594961955, 20180701, 20180701, 4.0, Deanne D, /Profile/Weetbix7, 60333d7485d704ad129cefc762f7c853, Excellent : 253 & Very Good : 129 & Average : 63 & Poor : 14 & Terrible : 4, /Attraction_Review-g295368-d2083546-Reviews-Passage-Odessa_Odessa_Oblast.html
Passage, 11, 31, Points of Interest & Landmarks & Points of Interest & Landmarks, Europe & Ukraine & Odessa Oblast & Odessa & Things to Do in Odessa, 4.5, 46.48401, 30.73307, 592498461, 20180701, 20180701, 3.0, GYildirim, /Profile/GYildirim, 251acce31c6431c8dcc0cb8e850fed28, Excellent : 253 & Very Good : 129 & Average : 63 & Poor : 14 & Terrible : 4, /Attraction_Review-g295368-d2083546-Reviews-Passage-Odessa_Odessa_Oblast.html
Passage, 11, 31, Points of Interest & Landmarks & Points of Interest & Landmarks, Europe & Ukraine & Odessa Oblast & Odessa & Things to Do in Odessa, 4.5, 46.48401, 30.73307, 591090127, 20180601, 20180601, 2.0, Leigh E, /Profile/LeighE931, dfbc3aafd3ab24785447d0be88e6eef2, Excellent : 253 & Very Good : 129 & Average : 63 & Poor : 14 & Terrible : 4, /Attraction_Review-g295368-d2083546-Reviews-Passage-Odessa_Odessa_Oblast.html
Passage, 11, 31, Points of Interest & Landmarks & Points of Interest & Landmarks, Europe & Ukraine & Odessa Oblast & Odessa & Things to Do in Odessa, 4.5, 46.48401, 30.73307, 590353370, 20180601, 20180601, 5.0, saxino B, /Profile/saxinob, fa979993bd28ec30da90e8dff24d296d, Excellent : 253 & Very Good : 129 & Average : 63 & Poor : 14 & Terrible : 4, /Attraction_Review-g295368-d2083546-Reviews-Passage-Odessa_Odessa_Oblast.html
