review_location_name, review_current_page, review_last_page, review_location_type, review_location_breadcrumbs, review_location_rate, location_lat, location_lng, review_id, review_date, review_experience_date, review_rate, user_name, user_link, user_id, extra, parent_url
House of Scientists, None, None, Historic Sites & Architectural Buildings & Educational sites & Historic Sites & Architectural Buildings & Educational sites, Europe & Ukraine & Odessa Oblast & Odessa & Things to Do in Odessa, 4.0, 46.48755, 30.738888, 596782838, 20180701, 20180701, 4.0, telegrau, /Profile/telegrau, 076be1763db6f2d26debfac3aebebc2a, Excellent : 5 & Very Good : 6 & Average : 2 & Poor : 0 & Terrible : 0, /Attraction_Review-g295368-d8263797-Reviews-House_of_Scientists-Odessa_Odessa_Oblast.html
House of Scientists, None, None, Historic Sites & Architectural Buildings & Educational sites & Historic Sites & Architectural Buildings & Educational sites, Europe & Ukraine & Odessa Oblast & Odessa & Things to Do in Odessa, 4.0, 46.48755, 30.738888, 579580848, 20180501, 20180501, 4.0, Terrance M, /Profile/termar, 0b409b109e6ffcd777941a8ce90a7090, Excellent : 5 & Very Good : 6 & Average : 2 & Poor : 0 & Terrible : 0, /Attraction_Review-g295368-d8263797-Reviews-House_of_Scientists-Odessa_Odessa_Oblast.html
House of Scientists, None, None, Historic Sites & Architectural Buildings & Educational sites & Historic Sites & Architectural Buildings & Educational sites, Europe & Ukraine & Odessa Oblast & Odessa & Things to Do in Odessa, 4.0, 46.48755, 30.738888, 456106008, 20170101, 20161201, 5.0, Sergei, /Profile/korjinho, 93938d1b00370256b4a02efadf7b62db, Excellent : 5 & Very Good : 6 & Average : 2 & Poor : 0 & Terrible : 0, /Attraction_Review-g295368-d8263797-Reviews-House_of_Scientists-Odessa_Odessa_Oblast.html
House of Scientists, None, None, Historic Sites & Architectural Buildings & Educational sites & Historic Sites & Architectural Buildings & Educational sites, Europe & Ukraine & Odessa Oblast & Odessa & Things to Do in Odessa, 4.0, 46.48755, 30.738888, 308878142, 20150901, 20150901, 3.0, Ray C, /Profile/780raymondc, d099f930fcad8c23a104a3585d7407da, Excellent : 5 & Very Good : 6 & Average : 2 & Poor : 0 & Terrible : 0, /Attraction_Review-g295368-d8263797-Reviews-House_of_Scientists-Odessa_Odessa_Oblast.html
