review_location_name, review_current_page, review_last_page, review_location_type, review_location_breadcrumbs, review_location_rate, location_lat, location_lng, review_id, review_date, review_experience_date, review_rate, user_name, user_link, user_id, extra, parent_url
Monument to L. Utesov, 4, 8, Points of Interest & Landmarks & Monuments & Statues & Points of Interest & Landmarks & Monuments & Statues, Europe & Ukraine & Odessa Oblast & Odessa & Things to Do in Odessa, 4.5, 46.484596, 30.734388, 581363888, 20180501, 20170701, 4.0, Mark T, /Profile/777MarkT777, a4e8fa74cd718e53d34ee650f377e4fa, Excellent : 114 & Very Good : 45 & Average : 21 & Poor : 1 & Terrible : 1, /Attraction_Review-g295368-d5259021-Reviews-Monument_to_L_Utesov-Odessa_Odessa_Oblast.html
Monument to L. Utesov, 4, 8, Points of Interest & Landmarks & Monuments & Statues & Points of Interest & Landmarks & Monuments & Statues, Europe & Ukraine & Odessa Oblast & Odessa & Things to Do in Odessa, 4.5, 46.484596, 30.734388, 531068748, 20171001, 20171001, 2.0, amysam, /Profile/amysam, 70d3b6178b3273a40564aa98407797a5, Excellent : 114 & Very Good : 45 & Average : 21 & Poor : 1 & Terrible : 1, /Attraction_Review-g295368-d5259021-Reviews-Monument_to_L_Utesov-Odessa_Odessa_Oblast.html
Monument to L. Utesov, 4, 8, Points of Interest & Landmarks & Monuments & Statues & Points of Interest & Landmarks & Monuments & Statues, Europe & Ukraine & Odessa Oblast & Odessa & Things to Do in Odessa, 4.5, 46.484596, 30.734388, 524344862, 20170901, 20170901, 3.0, Gyan Fernando, /Profile/gyanfernando, cc9dddf5edd901678db33919fd385453, Excellent : 114 & Very Good : 45 & Average : 21 & Poor : 1 & Terrible : 1, /Attraction_Review-g295368-d5259021-Reviews-Monument_to_L_Utesov-Odessa_Odessa_Oblast.html
Monument to L. Utesov, 4, 8, Points of Interest & Landmarks & Monuments & Statues & Points of Interest & Landmarks & Monuments & Statues, Europe & Ukraine & Odessa Oblast & Odessa & Things to Do in Odessa, 4.5, 46.484596, 30.734388, 505353853, 20170701, 20170701, 5.0, Ashot81, /Profile/Ashot81, 7fa9a9b60bcd1c069580ad31e531412a, Excellent : 114 & Very Good : 45 & Average : 21 & Poor : 1 & Terrible : 1, /Attraction_Review-g295368-d5259021-Reviews-Monument_to_L_Utesov-Odessa_Odessa_Oblast.html
Monument to L. Utesov, 4, 8, Points of Interest & Landmarks & Monuments & Statues & Points of Interest & Landmarks & Monuments & Statues, Europe & Ukraine & Odessa Oblast & Odessa & Things to Do in Odessa, 4.5, 46.484596, 30.734388, 498474940, 20170701, 20170701, 5.0, Gul C, /Profile/gulcehreli, 635746a84327efdf7d5068a0d718e4db, Excellent : 114 & Very Good : 45 & Average : 21 & Poor : 1 & Terrible : 1, /Attraction_Review-g295368-d5259021-Reviews-Monument_to_L_Utesov-Odessa_Odessa_Oblast.html
