review_location_name, review_current_page, review_last_page, review_location_type, review_location_breadcrumbs, review_location_rate, location_lat, location_lng, review_id, review_date, review_experience_date, review_rate, user_name, user_link, user_id, extra, parent_url
Central City Beach, 1, 2, Beaches & Beaches, Europe & Ukraine & Odessa Oblast & Chornomorsk & Things to Do in Chornomorsk, 4.0, 46.298286, 30.664253, 713502294, 20190901, 20190601, 5.0, karthik pm, /Profile/karthikp301, 4e545865bd5777313f53c1179808de97, Excellent : 40 & Very Good : 23 & Average : 11 & Poor : 4 & Terrible : 4, /Attraction_Review-g3383598-d8070534-Reviews-Central_City_Beach-Chornomorsk_Odessa_Oblast.html
Central City Beach, 1, 2, Beaches & Beaches, Europe & Ukraine & Odessa Oblast & Chornomorsk & Things to Do in Chornomorsk, 4.0, 46.298286, 30.664253, 674962495, 20190501, 20190501, 4.0, brilliantcreature, /Profile/brilliantcreature, aa92a8c477041ec5b133e51a8d5fc2bb, Excellent : 40 & Very Good : 23 & Average : 11 & Poor : 4 & Terrible : 4, /Attraction_Review-g3383598-d8070534-Reviews-Central_City_Beach-Chornomorsk_Odessa_Oblast.html
Central City Beach, 1, 2, Beaches & Beaches, Europe & Ukraine & Odessa Oblast & Chornomorsk & Things to Do in Chornomorsk, 4.0, 46.298286, 30.664253, 495842823, 20170601, 20170601, 5.0, Witold S, /Profile/888witolds, 11eafcb2b81b108ebbbb26ed2dd6090c, Excellent : 40 & Very Good : 23 & Average : 11 & Poor : 4 & Terrible : 4, /Attraction_Review-g3383598-d8070534-Reviews-Central_City_Beach-Chornomorsk_Odessa_Oblast.html
Central City Beach, 1, 2, Beaches & Beaches, Europe & Ukraine & Odessa Oblast & Chornomorsk & Things to Do in Chornomorsk, 4.0, 46.298286, 30.664253, 449201520, 20170101, 20170101, 5.0, Sharon S, /Profile/512sharons, 3358837649fadc742aea0c49f438cf2c, Excellent : 40 & Very Good : 23 & Average : 11 & Poor : 4 & Terrible : 4, /Attraction_Review-g3383598-d8070534-Reviews-Central_City_Beach-Chornomorsk_Odessa_Oblast.html
Central City Beach, 1, 2, Beaches & Beaches, Europe & Ukraine & Odessa Oblast & Chornomorsk & Things to Do in Chornomorsk, 4.0, 46.298286, 30.664253, 402395952, 20160801, 20160801, 4.0, bobbyb82, /Profile/bobbyb82, 6dfa054b0d4ae4626e17ef128842cc9b, Excellent : 40 & Very Good : 23 & Average : 11 & Poor : 4 & Terrible : 4, /Attraction_Review-g3383598-d8070534-Reviews-Central_City_Beach-Chornomorsk_Odessa_Oblast.html
