review_location_name, review_current_page, review_last_page, review_location_type, review_location_breadcrumbs, review_location_rate, location_lat, location_lng, review_id, review_date, review_experience_date, review_rate, user_name, user_link, user_id, extra, parent_url
Monument to L. Utesov, 7, 8, Points of Interest & Landmarks & Monuments & Statues & Points of Interest & Landmarks & Monuments & Statues, Europe & Ukraine & Odessa Oblast & Odessa & Things to Do in Odessa, 4.5, 46.484596, 30.734388, 318328339, 20151001, 20150501, 4.0, DermDude1, /Profile/DermDude1, 88b51449ff0deea47c908ba22331d763, Excellent : 114 & Very Good : 45 & Average : 21 & Poor : 1 & Terrible : 1, /Attraction_Review-g295368-d5259021-Reviews-Monument_to_L_Utesov-Odessa_Odessa_Oblast.html
Monument to L. Utesov, 7, 8, Points of Interest & Landmarks & Monuments & Statues & Points of Interest & Landmarks & Monuments & Statues, Europe & Ukraine & Odessa Oblast & Odessa & Things to Do in Odessa, 4.5, 46.484596, 30.734388, 313898767, 20150901, 20150401, 5.0, Jack B, /Profile/jackbG7852OE, 887a69e33df0cf50899edd12fc194e2a, Excellent : 114 & Very Good : 45 & Average : 21 & Poor : 1 & Terrible : 1, /Attraction_Review-g295368-d5259021-Reviews-Monument_to_L_Utesov-Odessa_Odessa_Oblast.html
Monument to L. Utesov, 7, 8, Points of Interest & Landmarks & Monuments & Statues & Points of Interest & Landmarks & Monuments & Statues, Europe & Ukraine & Odessa Oblast & Odessa & Things to Do in Odessa, 4.5, 46.484596, 30.734388, 310150435, 20150901, 20150701, 5.0, AndersUA, /Profile/AndersUA, 8e1b1e5e1bcb6460ad6fd49acc1f0417, Excellent : 114 & Very Good : 45 & Average : 21 & Poor : 1 & Terrible : 1, /Attraction_Review-g295368-d5259021-Reviews-Monument_to_L_Utesov-Odessa_Odessa_Oblast.html
Monument to L. Utesov, 7, 8, Points of Interest & Landmarks & Monuments & Statues & Points of Interest & Landmarks & Monuments & Statues, Europe & Ukraine & Odessa Oblast & Odessa & Things to Do in Odessa, 4.5, 46.484596, 30.734388, 306435287, 20150901, 20150701, 5.0, platypustheking, /Profile/platypustheking, 029a56f2d169c28b506cfd08949e1a8b, Excellent : 114 & Very Good : 45 & Average : 21 & Poor : 1 & Terrible : 1, /Attraction_Review-g295368-d5259021-Reviews-Monument_to_L_Utesov-Odessa_Odessa_Oblast.html
Monument to L. Utesov, 7, 8, Points of Interest & Landmarks & Monuments & Statues & Points of Interest & Landmarks & Monuments & Statues, Europe & Ukraine & Odessa Oblast & Odessa & Things to Do in Odessa, 4.5, 46.484596, 30.734388, 299270535, 20150801, 20150801, 5.0, Kostyantyn V, /Profile/kostyantynv263, 072c9048725db52234aba0708d508d93, Excellent : 114 & Very Good : 45 & Average : 21 & Poor : 1 & Terrible : 1, /Attraction_Review-g295368-d5259021-Reviews-Monument_to_L_Utesov-Odessa_Odessa_Oblast.html
