review_location_name, review_current_page, review_last_page, review_location_type, review_location_breadcrumbs, review_location_rate, location_lat, location_lng, review_id, review_date, review_experience_date, review_rate, user_name, user_link, user_id, extra, parent_url
Ugolok Staroy Odessy/ Old Odessa Corner, 2, 4, Points of Interest & Landmarks & Points of Interest & Landmarks, Europe & Ukraine & Odessa Oblast & Odessa & Things to Do in Odessa, 4.5, 46.490276, 30.736528, 613285845, 20180901, 20180801, 4.0, Davide G, /Profile/766davideg, 27fc4ad1ae68dac251c98a734fb0f262, Excellent : 55 & Very Good : 22 & Average : 9 & Poor : 1 & Terrible : 0, /Attraction_Review-g295368-d5259345-Reviews-Ugolok_Staroy_Odessy_Old_Odessa_Corner-Odessa_Odessa_Oblast.html
Ugolok Staroy Odessy/ Old Odessa Corner, 2, 4, Points of Interest & Landmarks & Points of Interest & Landmarks, Europe & Ukraine & Odessa Oblast & Odessa & Things to Do in Odessa, 4.5, 46.490276, 30.736528, 595600046, 20180701, 20180501, 4.0, CJW913, /Profile/CJW913, 5cda35cdea6197a4a560495f9d01a126, Excellent : 55 & Very Good : 22 & Average : 9 & Poor : 1 & Terrible : 0, /Attraction_Review-g295368-d5259345-Reviews-Ugolok_Staroy_Odessy_Old_Odessa_Corner-Odessa_Odessa_Oblast.html
Ugolok Staroy Odessy/ Old Odessa Corner, 2, 4, Points of Interest & Landmarks & Points of Interest & Landmarks, Europe & Ukraine & Odessa Oblast & Odessa & Things to Do in Odessa, 4.5, 46.490276, 30.736528, 579261957, 20180501, 20180501, 5.0, Terrance M, /Profile/termar, 0b409b109e6ffcd777941a8ce90a7090, Excellent : 55 & Very Good : 22 & Average : 9 & Poor : 1 & Terrible : 0, /Attraction_Review-g295368-d5259345-Reviews-Ugolok_Staroy_Odessy_Old_Odessa_Corner-Odessa_Odessa_Oblast.html
Ugolok Staroy Odessy/ Old Odessa Corner, 2, 4, Points of Interest & Landmarks & Points of Interest & Landmarks, Europe & Ukraine & Odessa Oblast & Odessa & Things to Do in Odessa, 4.5, 46.490276, 30.736528, 514280992, 20170801, 20170701, 5.0, Valeri P, /Profile/72valerip, 3642009da3e5811e63b0c651f955f7bf, Excellent : 55 & Very Good : 22 & Average : 9 & Poor : 1 & Terrible : 0, /Attraction_Review-g295368-d5259345-Reviews-Ugolok_Staroy_Odessy_Old_Odessa_Corner-Odessa_Odessa_Oblast.html
Ugolok Staroy Odessy/ Old Odessa Corner, 2, 4, Points of Interest & Landmarks & Points of Interest & Landmarks, Europe & Ukraine & Odessa Oblast & Odessa & Things to Do in Odessa, 4.5, 46.490276, 30.736528, 393788169, 20160701, 20160701, 5.0, Julliet S, /Profile/JullietS3, ecde3ffe8c6d26a1280be7b18164775b, Excellent : 55 & Very Good : 22 & Average : 9 & Poor : 1 & Terrible : 0, /Attraction_Review-g295368-d5259345-Reviews-Ugolok_Staroy_Odessy_Old_Odessa_Corner-Odessa_Odessa_Oblast.html
