review_location_name, review_current_page, review_last_page, review_location_type, review_location_breadcrumbs, review_location_rate, location_lat, location_lng, review_id, review_date, review_experience_date, review_rate, user_name, user_link, user_id, extra, parent_url
Potemkin Stairs, 45, 103, Points of Interest & Landmarks & Points of Interest & Landmarks, Europe & Ukraine & Odessa Oblast & Odessa & Things to Do in Odessa, 4.0, 46.488564, 30.742014, 493757855, 20170601, 20170601, 5.0, Willem-Jan v, /Profile/595willemjanv, e718a5b11b93617111bc67200fd20e7b, Excellent : 602 & Very Good : 336 & Average : 253 & Poor : 74 & Terrible : 32, /Attraction_Review-g295368-d554884-Reviews-Potemkin_Stairs-Odessa_Odessa_Oblast.html
Potemkin Stairs, 45, 103, Points of Interest & Landmarks & Points of Interest & Landmarks, Europe & Ukraine & Odessa Oblast & Odessa & Things to Do in Odessa, 4.0, 46.488564, 30.742014, 493537159, 20170601, 20170501, 3.0, saronic, /Profile/saronic, f3ae90fabd34d26e54189d10f1aa29a6, Excellent : 602 & Very Good : 336 & Average : 253 & Poor : 74 & Terrible : 32, /Attraction_Review-g295368-d554884-Reviews-Potemkin_Stairs-Odessa_Odessa_Oblast.html
Potemkin Stairs, 45, 103, Points of Interest & Landmarks & Points of Interest & Landmarks, Europe & Ukraine & Odessa Oblast & Odessa & Things to Do in Odessa, 4.0, 46.488564, 30.742014, 493305959, 20170601, 20170601, 4.0, kattullus, /Profile/kattullus, a962ffbb9f18f716421c0bf34ec46b4c, Excellent : 602 & Very Good : 336 & Average : 253 & Poor : 74 & Terrible : 32, /Attraction_Review-g295368-d554884-Reviews-Potemkin_Stairs-Odessa_Odessa_Oblast.html
Potemkin Stairs, 45, 103, Points of Interest & Landmarks & Points of Interest & Landmarks, Europe & Ukraine & Odessa Oblast & Odessa & Things to Do in Odessa, 4.0, 46.488564, 30.742014, 492704650, 20170601, 20170601, 5.0, Regina N, /Profile/ReginaN_12, e947ef5684f2c7a840fec51750d14979, Excellent : 602 & Very Good : 336 & Average : 253 & Poor : 74 & Terrible : 32, /Attraction_Review-g295368-d554884-Reviews-Potemkin_Stairs-Odessa_Odessa_Oblast.html
Potemkin Stairs, 45, 103, Points of Interest & Landmarks & Points of Interest & Landmarks, Europe & Ukraine & Odessa Oblast & Odessa & Things to Do in Odessa, 4.0, 46.488564, 30.742014, 490927511, 20170601, 20170501, 3.0, Similtiades, /Profile/Similtiades, 1fa5b69bea6fadb351694967845e98c3, Excellent : 602 & Very Good : 336 & Average : 253 & Poor : 74 & Terrible : 32, /Attraction_Review-g295368-d554884-Reviews-Potemkin_Stairs-Odessa_Odessa_Oblast.html
