review_location_name, review_current_page, review_last_page, review_location_type, review_location_breadcrumbs, review_location_rate, location_lat, location_lng, review_id, review_date, review_experience_date, review_rate, user_name, user_link, user_id, extra, parent_url
Monument to Catherine the Great and Founders of Odessa, 13, 15, Points of Interest & Landmarks & Monuments & Statues & Points of Interest & Landmarks & Monuments & Statues, Europe & Ukraine & Odessa Oblast & Odessa & Things to Do in Odessa, 4.5, 46.487312, 30.739271, 310473335, 20150901, 20150901, 4.0, Danilou68, /Profile/Danilou68, d2bd3323be8f920e2e643a2c8bf80a2b, Excellent : 126 & Very Good : 62 & Average : 31 & Poor : 1 & Terrible : 2, /Attraction_Review-g295368-d5503628-Reviews-Monument_to_Catherine_the_Great_and_Founders_of_Odessa-Odessa_Odessa_Oblast.html
Monument to Catherine the Great and Founders of Odessa, 13, 15, Points of Interest & Landmarks & Monuments & Statues & Points of Interest & Landmarks & Monuments & Statues, Europe & Ukraine & Odessa Oblast & Odessa & Things to Do in Odessa, 4.5, 46.487312, 30.739271, 308071241, 20150901, 20150901, 4.0, Ray C, /Profile/780raymondc, d099f930fcad8c23a104a3585d7407da, Excellent : 126 & Very Good : 62 & Average : 31 & Poor : 1 & Terrible : 2, /Attraction_Review-g295368-d5503628-Reviews-Monument_to_Catherine_the_Great_and_Founders_of_Odessa-Odessa_Odessa_Oblast.html
Monument to Catherine the Great and Founders of Odessa, 13, 15, Points of Interest & Landmarks & Monuments & Statues & Points of Interest & Landmarks & Monuments & Statues, Europe & Ukraine & Odessa Oblast & Odessa & Things to Do in Odessa, 4.5, 46.487312, 30.739271, 298917394, 20150801, 20150801, 3.0, Kostyantyn V, /Profile/kostyantynv263, 072c9048725db52234aba0708d508d93, Excellent : 126 & Very Good : 62 & Average : 31 & Poor : 1 & Terrible : 2, /Attraction_Review-g295368-d5503628-Reviews-Monument_to_Catherine_the_Great_and_Founders_of_Odessa-Odessa_Odessa_Oblast.html
Monument to Catherine the Great and Founders of Odessa, 13, 15, Points of Interest & Landmarks & Monuments & Statues & Points of Interest & Landmarks & Monuments & Statues, Europe & Ukraine & Odessa Oblast & Odessa & Things to Do in Odessa, 4.5, 46.487312, 30.739271, 286895833, 20150701, 20150501, 5.0, Timothy D, /Profile/TimothyD407, 844cf65cd1d5123ac52b2d595ab8fa10, Excellent : 126 & Very Good : 62 & Average : 31 & Poor : 1 & Terrible : 2, /Attraction_Review-g295368-d5503628-Reviews-Monument_to_Catherine_the_Great_and_Founders_of_Odessa-Odessa_Odessa_Oblast.html
Monument to Catherine the Great and Founders of Odessa, 13, 15, Points of Interest & Landmarks & Monuments & Statues & Points of Interest & Landmarks & Monuments & Statues, Europe & Ukraine & Odessa Oblast & Odessa & Things to Do in Odessa, 4.5, 46.487312, 30.739271, 284120275, 20150601, 20150601, 4.0, AWilhelm89, /Profile/AWilhelm89, dff054457f61bf4babfe11dad6078c58, Excellent : 126 & Very Good : 62 & Average : 31 & Poor : 1 & Terrible : 2, /Attraction_Review-g295368-d5503628-Reviews-Monument_to_Catherine_the_Great_and_Founders_of_Odessa-Odessa_Odessa_Oblast.html
