review_location_name, review_current_page, review_last_page, review_location_type, review_location_breadcrumbs, review_location_rate, location_lat, location_lng, review_id, review_date, review_experience_date, review_rate, user_name, user_link, user_id, extra, parent_url
Odessa National Academic Opera and Ballet Theater, 33, 76, Ballets & Operas & Theaters & Ballets & Operas & Theaters, Europe & Ukraine & Odessa Oblast & Odessa & Things to Do in Odessa, 5.0, 46.485237, 30.741186, 425448871, 20161001, 20160901, 4.0, Eric Y, /Profile/276ericy, d237b84ef5e64c9b5c0bdf4bba5efaeb, Excellent : 867 & Very Good : 102 & Average : 22 & Poor : 3 & Terrible : 8, /Attraction_Review-g295368-d554746-Reviews-Odessa_National_Academic_Opera_and_Ballet_Theater-Odessa_Odessa_Oblast.html
Odessa National Academic Opera and Ballet Theater, 33, 76, Ballets & Operas & Theaters & Ballets & Operas & Theaters, Europe & Ukraine & Odessa Oblast & Odessa & Things to Do in Odessa, 5.0, 46.485237, 30.741186, 423237559, 20160901, 20160901, 5.0, sofia_christoforidou, /Profile/sofia_christoforidou, 901b040b6c8e241a6394c34efd371b41, Excellent : 867 & Very Good : 102 & Average : 22 & Poor : 3 & Terrible : 8, /Attraction_Review-g295368-d554746-Reviews-Odessa_National_Academic_Opera_and_Ballet_Theater-Odessa_Odessa_Oblast.html
Odessa National Academic Opera and Ballet Theater, 33, 76, Ballets & Operas & Theaters & Ballets & Operas & Theaters, Europe & Ukraine & Odessa Oblast & Odessa & Things to Do in Odessa, 5.0, 46.485237, 30.741186, 421400237, 20160901, 20160901, 5.0, Krzysztof K, /Profile/KrzysztofK6034, 9c1136eb71a3044a24e3e10869f1abbb, Excellent : 867 & Very Good : 102 & Average : 22 & Poor : 3 & Terrible : 8, /Attraction_Review-g295368-d554746-Reviews-Odessa_National_Academic_Opera_and_Ballet_Theater-Odessa_Odessa_Oblast.html
Odessa National Academic Opera and Ballet Theater, 33, 76, Ballets & Operas & Theaters & Ballets & Operas & Theaters, Europe & Ukraine & Odessa Oblast & Odessa & Things to Do in Odessa, 5.0, 46.485237, 30.741186, 415774997, 20160901, 20160801, 5.0, innashtain, /Profile/innashtain, aefe2dc95dc94c7d0cfda0ede4e73fe7, Excellent : 867 & Very Good : 102 & Average : 22 & Poor : 3 & Terrible : 8, /Attraction_Review-g295368-d554746-Reviews-Odessa_National_Academic_Opera_and_Ballet_Theater-Odessa_Odessa_Oblast.html
Odessa National Academic Opera and Ballet Theater, 33, 76, Ballets & Operas & Theaters & Ballets & Operas & Theaters, Europe & Ukraine & Odessa Oblast & Odessa & Things to Do in Odessa, 5.0, 46.485237, 30.741186, 405126685, 20160801, 20160801, 4.0, Katrien V, /Profile/422katrienv, d4ca54c344fd5451550effa30ce16d14, Excellent : 867 & Very Good : 102 & Average : 22 & Poor : 3 & Terrible : 8, /Attraction_Review-g295368-d554746-Reviews-Odessa_National_Academic_Opera_and_Ballet_Theater-Odessa_Odessa_Oblast.html
