review_location_name, review_current_page, review_last_page, review_location_type, review_location_breadcrumbs, review_location_rate, location_lat, location_lng, review_id, review_date, review_experience_date, review_rate, user_name, user_link, user_id, extra, parent_url
Ugolok Staroy Odessy/ Old Odessa Corner, 1, 4, Points of Interest & Landmarks & Points of Interest & Landmarks, Europe & Ukraine & Odessa Oblast & Odessa & Things to Do in Odessa, 4.5, 46.490276, 30.736528, 736789824, 20200101, 20200101, 5.0, pawel_hbg, /Profile/pawel_hbg, 49c8988e0fe35b42db76b285f365eb29, Excellent : 55 & Very Good : 22 & Average : 9 & Poor : 1 & Terrible : 0, /Attraction_Review-g295368-d5259345-Reviews-Ugolok_Staroy_Odessy_Old_Odessa_Corner-Odessa_Odessa_Oblast.html
Ugolok Staroy Odessy/ Old Odessa Corner, 1, 4, Points of Interest & Landmarks & Points of Interest & Landmarks, Europe & Ukraine & Odessa Oblast & Odessa & Things to Do in Odessa, 4.5, 46.490276, 30.736528, 673149856, 20190501, 20190501, 5.0, Yali L, /Profile/97yalil, 1d1cb83863f65af33b18b6abba0117e4, Excellent : 55 & Very Good : 22 & Average : 9 & Poor : 1 & Terrible : 0, /Attraction_Review-g295368-d5259345-Reviews-Ugolok_Staroy_Odessy_Old_Odessa_Corner-Odessa_Odessa_Oblast.html
Ugolok Staroy Odessy/ Old Odessa Corner, 1, 4, Points of Interest & Landmarks & Points of Interest & Landmarks, Europe & Ukraine & Odessa Oblast & Odessa & Things to Do in Odessa, 4.5, 46.490276, 30.736528, 634067393, 20181101, 20180501, 5.0, NikoliGogol, /Profile/NikoliGogol, 7c0b5f9eb72cb19fdd1f528ecfc775b2, Excellent : 55 & Very Good : 22 & Average : 9 & Poor : 1 & Terrible : 0, /Attraction_Review-g295368-d5259345-Reviews-Ugolok_Staroy_Odessy_Old_Odessa_Corner-Odessa_Odessa_Oblast.html
Ugolok Staroy Odessy/ Old Odessa Corner, 1, 4, Points of Interest & Landmarks & Points of Interest & Landmarks, Europe & Ukraine & Odessa Oblast & Odessa & Things to Do in Odessa, 4.5, 46.490276, 30.736528, 616848412, 20180901, 20180801, 4.0, Allan C, /Profile/810allanc, dff51ec6ba2eb7f01676fc9a788651bc, Excellent : 55 & Very Good : 22 & Average : 9 & Poor : 1 & Terrible : 0, /Attraction_Review-g295368-d5259345-Reviews-Ugolok_Staroy_Odessy_Old_Odessa_Corner-Odessa_Odessa_Oblast.html
Ugolok Staroy Odessy/ Old Odessa Corner, 1, 4, Points of Interest & Landmarks & Points of Interest & Landmarks, Europe & Ukraine & Odessa Oblast & Odessa & Things to Do in Odessa, 4.5, 46.490276, 30.736528, 614898745, 20180901, 20180701, 4.0, Biteviye, /Profile/Biteviye, 3dbd267a6319e9809414608bae00b1ef, Excellent : 55 & Very Good : 22 & Average : 9 & Poor : 1 & Terrible : 0, /Attraction_Review-g295368-d5259345-Reviews-Ugolok_Staroy_Odessy_Old_Odessa_Corner-Odessa_Odessa_Oblast.html
