review_location_name, review_current_page, review_last_page, review_location_type, review_location_breadcrumbs, review_location_rate, location_lat, location_lng, review_id, review_date, review_experience_date, review_rate, user_name, user_link, user_id, extra, parent_url
Insomnia- The Haunted House, 2, 7, Specialty Museums & Specialty Museums, Europe & Ukraine & Odessa Oblast & Odessa & Things to Do in Odessa, 4.5, 46.4849, 30.730764, 693175340, 20190701, 20190701, 5.0, Mehmet Çınar, /Profile/mehmetcinaar, e321e1b19e25eec2fe555f77c046655f, Excellent : 204 & Very Good : 29 & Average : 6 & Poor : 3 & Terrible : 5, /Attraction_Review-g295368-d12952995-Reviews-Insomnia_The_Haunted_House-Odessa_Odessa_Oblast.html
Insomnia- The Haunted House, 2, 7, Specialty Museums & Specialty Museums, Europe & Ukraine & Odessa Oblast & Odessa & Things to Do in Odessa, 4.5, 46.4849, 30.730764, 688771784, 20190701, 20190701, 5.0, Deimantė K, /Profile/669deimant_k, b71d018b60307b4e64e24d81873c2b74, Excellent : 204 & Very Good : 29 & Average : 6 & Poor : 3 & Terrible : 5, /Attraction_Review-g295368-d12952995-Reviews-Insomnia_The_Haunted_House-Odessa_Odessa_Oblast.html
Insomnia- The Haunted House, 2, 7, Specialty Museums & Specialty Museums, Europe & Ukraine & Odessa Oblast & Odessa & Things to Do in Odessa, 4.5, 46.4849, 30.730764, 688133475, 20190701, 20190701, 5.0, Anna G, /Profile/AnnaG8809, 0390d910209ced9e93c1eb547f79f221, Excellent : 204 & Very Good : 29 & Average : 6 & Poor : 3 & Terrible : 5, /Attraction_Review-g295368-d12952995-Reviews-Insomnia_The_Haunted_House-Odessa_Odessa_Oblast.html
Insomnia- The Haunted House, 2, 7, Specialty Museums & Specialty Museums, Europe & Ukraine & Odessa Oblast & Odessa & Things to Do in Odessa, 4.5, 46.4849, 30.730764, 688096913, 20190701, 20190701, 5.0, Jan v, /Profile/janvC6212FW, be910b421a3eb567ace39212b91e1f25, Excellent : 204 & Very Good : 29 & Average : 6 & Poor : 3 & Terrible : 5, /Attraction_Review-g295368-d12952995-Reviews-Insomnia_The_Haunted_House-Odessa_Odessa_Oblast.html
Insomnia- The Haunted House, 2, 7, Specialty Museums & Specialty Museums, Europe & Ukraine & Odessa Oblast & Odessa & Things to Do in Odessa, 4.5, 46.4849, 30.730764, 684978872, 20190601, 20190601, 5.0, Valery Shatsky, /Profile/valshat, 28525fbacb886058edbe8610676015c8, Excellent : 204 & Very Good : 29 & Average : 6 & Poor : 3 & Terrible : 5, /Attraction_Review-g295368-d12952995-Reviews-Insomnia_The_Haunted_House-Odessa_Odessa_Oblast.html
