review_location_name, review_current_page, review_last_page, review_location_type, review_location_breadcrumbs, review_location_rate, location_lat, location_lng, review_id, review_date, review_experience_date, review_rate, user_name, user_link, user_id, extra, parent_url
Primorsky Boulevard, 31, 45, Points of Interest & Landmarks & Points of Interest & Landmarks, Europe & Ukraine & Odessa Oblast & Odessa & Things to Do in Odessa, 4.5, 46.48799, 30.74117, 322092848, 20151001, 20150801, 5.0, Natalia P, /Profile/NataliaPerry, e53a7c30ab4d974019cd08ec5293c167, Excellent : 592 & Very Good : 185 & Average : 36 & Poor : 7 & Terrible : 3, /Attraction_Review-g295368-d554887-Reviews-Primorsky_Boulevard-Odessa_Odessa_Oblast.html
Primorsky Boulevard, 31, 45, Points of Interest & Landmarks & Points of Interest & Landmarks, Europe & Ukraine & Odessa Oblast & Odessa & Things to Do in Odessa, 4.5, 46.48799, 30.74117, 321966312, 20151001, 20141201, 5.0, Scott_From_Utah_USA, /Profile/Scott_From_Utah_USA, 4647164cbdcfcef3dcab2e5ca83f10b3, Excellent : 592 & Very Good : 185 & Average : 36 & Poor : 7 & Terrible : 3, /Attraction_Review-g295368-d554887-Reviews-Primorsky_Boulevard-Odessa_Odessa_Oblast.html
Primorsky Boulevard, 31, 45, Points of Interest & Landmarks & Points of Interest & Landmarks, Europe & Ukraine & Odessa Oblast & Odessa & Things to Do in Odessa, 4.5, 46.48799, 30.74117, 318946804, 20151001, 20151001, 5.0, anindyamajumdar39, /Profile/anindyamajumdar39, b7ba57ae03e491862959d1d3107e6213, Excellent : 592 & Very Good : 185 & Average : 36 & Poor : 7 & Terrible : 3, /Attraction_Review-g295368-d554887-Reviews-Primorsky_Boulevard-Odessa_Odessa_Oblast.html
Primorsky Boulevard, 31, 45, Points of Interest & Landmarks & Points of Interest & Landmarks, Europe & Ukraine & Odessa Oblast & Odessa & Things to Do in Odessa, 4.5, 46.48799, 30.74117, 316616435, 20151001, 20150501, 5.0, DermDude1, /Profile/DermDude1, 88b51449ff0deea47c908ba22331d763, Excellent : 592 & Very Good : 185 & Average : 36 & Poor : 7 & Terrible : 3, /Attraction_Review-g295368-d554887-Reviews-Primorsky_Boulevard-Odessa_Odessa_Oblast.html
Primorsky Boulevard, 31, 45, Points of Interest & Landmarks & Points of Interest & Landmarks, Europe & Ukraine & Odessa Oblast & Odessa & Things to Do in Odessa, 4.5, 46.48799, 30.74117, 313841081, 20150901, 20150901, 5.0, Grayrider1965, /Profile/Grayrider1965, 7d5858fefe54baffbec9247faf2ac04b, Excellent : 592 & Very Good : 185 & Average : 36 & Poor : 7 & Terrible : 3, /Attraction_Review-g295368-d554887-Reviews-Primorsky_Boulevard-Odessa_Odessa_Oblast.html
