review_location_name, review_current_page, review_last_page, review_location_type, review_location_breadcrumbs, review_location_rate, location_lat, location_lng, review_id, review_date, review_experience_date, review_rate, user_name, user_link, user_id, extra, parent_url
Akkerman Fortress, 2, 8, Castles & Castles, Europe & Ukraine & Odessa Oblast & Bilhorod-Dnistrovskyi & Things to Do in Bilhorod-Dnistrovskyi, 4.5, 46.19878, 30.3486, 672915346, 20190501, 20190501, 3.0, LevinsonGedera, /Profile/LevinsonGedera, 7653cfa78f36a25918f302cbb24e185b, Excellent : 115 & Very Good : 38 & Average : 20 & Poor : 3 & Terrible : 1, /Attraction_Review-g1816345-d3929058-Reviews-Akkerman_Fortress-Bilhorod_Dnistrovskyi_Odessa_Oblast.html
Akkerman Fortress, 2, 8, Castles & Castles, Europe & Ukraine & Odessa Oblast & Bilhorod-Dnistrovskyi & Things to Do in Bilhorod-Dnistrovskyi, 4.5, 46.19878, 30.3486, 670556540, 20190401, 20190401, 5.0, francien2015, /Profile/francien2015, b18a4afaa51abff728a728599f9df22f, Excellent : 115 & Very Good : 38 & Average : 20 & Poor : 3 & Terrible : 1, /Attraction_Review-g1816345-d3929058-Reviews-Akkerman_Fortress-Bilhorod_Dnistrovskyi_Odessa_Oblast.html
Akkerman Fortress, 2, 8, Castles & Castles, Europe & Ukraine & Odessa Oblast & Bilhorod-Dnistrovskyi & Things to Do in Bilhorod-Dnistrovskyi, 4.5, 46.19878, 30.3486, 632389163, 20181101, 20180601, 4.0, andrey i, /Profile/209andreyi, 8f3140386e12cf637b23f7b577e7392e, Excellent : 115 & Very Good : 38 & Average : 20 & Poor : 3 & Terrible : 1, /Attraction_Review-g1816345-d3929058-Reviews-Akkerman_Fortress-Bilhorod_Dnistrovskyi_Odessa_Oblast.html
Akkerman Fortress, 2, 8, Castles & Castles, Europe & Ukraine & Odessa Oblast & Bilhorod-Dnistrovskyi & Things to Do in Bilhorod-Dnistrovskyi, 4.5, 46.19878, 30.3486, 627222815, 20181001, 20181001, 5.0, Abhishek k, /Profile/K9185ZZabhishekk, 951135bea55508582a7b0f31d9499f46, Excellent : 115 & Very Good : 38 & Average : 20 & Poor : 3 & Terrible : 1, /Attraction_Review-g1816345-d3929058-Reviews-Akkerman_Fortress-Bilhorod_Dnistrovskyi_Odessa_Oblast.html
Akkerman Fortress, 2, 8, Castles & Castles, Europe & Ukraine & Odessa Oblast & Bilhorod-Dnistrovskyi & Things to Do in Bilhorod-Dnistrovskyi, 4.5, 46.19878, 30.3486, 615063237, 20180901, 20180801, 3.0, Allan C, /Profile/810allanc, dff51ec6ba2eb7f01676fc9a788651bc, Excellent : 115 & Very Good : 38 & Average : 20 & Poor : 3 & Terrible : 1, /Attraction_Review-g1816345-d3929058-Reviews-Akkerman_Fortress-Bilhorod_Dnistrovskyi_Odessa_Oblast.html
