review_location_name, review_current_page, review_last_page, review_location_type, review_location_breadcrumbs, review_location_rate, location_lat, location_lng, review_id, review_date, review_experience_date, review_rate, user_name, user_link, user_id, extra, parent_url
Arcadia district, 8, 28, Neighborhoods & Neighborhoods, Europe & Ukraine & Odessa Oblast & Odessa & Things to Do in Odessa, 4.0, 46.43012, 30.762306, 498236624, 20170701, 20170601, 5.0, Gul C, /Profile/gulcehreli, 635746a84327efdf7d5068a0d718e4db, Excellent : 162 & Very Good : 84 & Average : 66 & Poor : 32 & Terrible : 25, /Attraction_Review-g295368-d554872-Reviews-Arcadia_district-Odessa_Odessa_Oblast.html
Arcadia district, 8, 28, Neighborhoods & Neighborhoods, Europe & Ukraine & Odessa Oblast & Odessa & Things to Do in Odessa, 4.0, 46.43012, 30.762306, 497971464, 20170701, 20170601, 4.0, אולגה מ, /Profile/P1346QD_, c2de35b454344a942e0a59e64126510d, Excellent : 162 & Very Good : 84 & Average : 66 & Poor : 32 & Terrible : 25, /Attraction_Review-g295368-d554872-Reviews-Arcadia_district-Odessa_Odessa_Oblast.html
Arcadia district, 8, 28, Neighborhoods & Neighborhoods, Europe & Ukraine & Odessa Oblast & Odessa & Things to Do in Odessa, 4.0, 46.43012, 30.762306, 497350792, 20170601, 20170601, 5.0, padidar68, /Profile/padidar68, ddc02e3f465be31b35fb15c560ab57a9, Excellent : 162 & Very Good : 84 & Average : 66 & Poor : 32 & Terrible : 25, /Attraction_Review-g295368-d554872-Reviews-Arcadia_district-Odessa_Odessa_Oblast.html
Arcadia district, 8, 28, Neighborhoods & Neighborhoods, Europe & Ukraine & Odessa Oblast & Odessa & Things to Do in Odessa, 4.0, 46.43012, 30.762306, 496430437, 20170601, 20170601, 2.0, Jeff G, /Profile/S1840VCjeffg, fa014d3fd77d92f7e89776e7c4e170cb, Excellent : 162 & Very Good : 84 & Average : 66 & Poor : 32 & Terrible : 25, /Attraction_Review-g295368-d554872-Reviews-Arcadia_district-Odessa_Odessa_Oblast.html
Arcadia district, 8, 28, Neighborhoods & Neighborhoods, Europe & Ukraine & Odessa Oblast & Odessa & Things to Do in Odessa, 4.0, 46.43012, 30.762306, 496134344, 20170601, 20170601, 3.0, Larmettovich, /Profile/Larmettovich, 2fce8170b7579f1efd3467c2fbe9785a, Excellent : 162 & Very Good : 84 & Average : 66 & Poor : 32 & Terrible : 25, /Attraction_Review-g295368-d554872-Reviews-Arcadia_district-Odessa_Odessa_Oblast.html
