review_location_name, review_current_page, review_last_page, review_location_type, review_location_breadcrumbs, review_location_rate, location_lat, location_lng, review_id, review_date, review_experience_date, review_rate, user_name, user_link, user_id, extra, parent_url
The City Zoo, 3, 2, Zoos & Zoos, Europe & Ukraine & Odessa Oblast & Odessa & Things to Do in Odessa, 2.5, 46.46846, 30.7318, 153169314, 20130201, 20121201, 2.0, Sarahkoni, /Profile/Sarahkoni, 59880201f8bff3ba5ba98c5be46b18ae, Excellent : 6 & Very Good : 7 & Average : 28 & Poor : 14 & Terrible : 15, /Attraction_Review-g295368-d554489-Reviews-The_City_Zoo-Odessa_Odessa_Oblast.html
The City Zoo, 3, 2, Zoos & Zoos, Europe & Ukraine & Odessa Oblast & Odessa & Things to Do in Odessa, 2.5, 46.46846, 30.7318, 146025618, 20121101, 20121101, 4.0, Colin L, /Profile/ColinL629, a664877dc39f6b46109fe0edcfd03201, Excellent : 6 & Very Good : 7 & Average : 28 & Poor : 14 & Terrible : 15, /Attraction_Review-g295368-d554489-Reviews-The_City_Zoo-Odessa_Odessa_Oblast.html
The City Zoo, 3, 2, Zoos & Zoos, Europe & Ukraine & Odessa Oblast & Odessa & Things to Do in Odessa, 2.5, 46.46846, 30.7318, 129525951, 20120501, 20120501, 2.0, markd523, /Profile/markd523, 1c4cb3110c3eb611eb2645ce6e1dfa28, Excellent : 6 & Very Good : 7 & Average : 28 & Poor : 14 & Terrible : 15, /Attraction_Review-g295368-d554489-Reviews-The_City_Zoo-Odessa_Odessa_Oblast.html
The City Zoo, 3, 2, Zoos & Zoos, Europe & Ukraine & Odessa Oblast & Odessa & Things to Do in Odessa, 2.5, 46.46846, 30.7318, 123398365, 20120101, 20120101, 1.0, Dmitriy Kosmov, /Profile/Cosmic1255, 086d41edf46c9d45da8e0499cdbc87c4, Excellent : 6 & Very Good : 7 & Average : 28 & Poor : 14 & Terrible : 15, /Attraction_Review-g295368-d554489-Reviews-The_City_Zoo-Odessa_Odessa_Oblast.html
