review_location_name, review_current_page, review_last_page, review_location_type, review_location_breadcrumbs, review_location_rate, location_lat, location_lng, review_id, review_date, review_experience_date, review_rate, user_name, user_link, user_id, extra, parent_url
T. Shevchenko Central Park of Culture and Recreation, 4, 5, Parks & Parks, Europe & Ukraine & Odessa Oblast & Odessa & Things to Do in Odessa, 4.5, 46.48342, 30.75021, 404997291, 20160801, 20160801, 4.0, Katrien V, /Profile/422katrienv, d4ca54c344fd5451550effa30ce16d14, Excellent : 64 & Very Good : 40 & Average : 10 & Poor : 3 & Terrible : 0, /Attraction_Review-g295368-d6502733-Reviews-T_Shevchenko_Central_Park_of_Culture_and_Recreation-Odessa_Odessa_Oblast.html
T. Shevchenko Central Park of Culture and Recreation, 4, 5, Parks & Parks, Europe & Ukraine & Odessa Oblast & Odessa & Things to Do in Odessa, 4.5, 46.48342, 30.75021, 385111084, 20160601, 20160601, 5.0, David B, /Profile/I7617ULdavidb, 171a11ddfff268158c7d472b51cceb07, Excellent : 64 & Very Good : 40 & Average : 10 & Poor : 3 & Terrible : 0, /Attraction_Review-g295368-d6502733-Reviews-T_Shevchenko_Central_Park_of_Culture_and_Recreation-Odessa_Odessa_Oblast.html
T. Shevchenko Central Park of Culture and Recreation, 4, 5, Parks & Parks, Europe & Ukraine & Odessa Oblast & Odessa & Things to Do in Odessa, 4.5, 46.48342, 30.75021, 375729301, 20160501, 20160501, 5.0, Capo_in_B, /Profile/Capo_in_B, 02db3a0ca8f3eff4d4507764debb6693, Excellent : 64 & Very Good : 40 & Average : 10 & Poor : 3 & Terrible : 0, /Attraction_Review-g295368-d6502733-Reviews-T_Shevchenko_Central_Park_of_Culture_and_Recreation-Odessa_Odessa_Oblast.html
T. Shevchenko Central Park of Culture and Recreation, 4, 5, Parks & Parks, Europe & Ukraine & Odessa Oblast & Odessa & Things to Do in Odessa, 4.5, 46.48342, 30.75021, 354397557, 20160301, 20160301, 5.0, akudk, /Profile/akudk, df2d87457f9048d4ba19f41a44af1a75, Excellent : 64 & Very Good : 40 & Average : 10 & Poor : 3 & Terrible : 0, /Attraction_Review-g295368-d6502733-Reviews-T_Shevchenko_Central_Park_of_Culture_and_Recreation-Odessa_Odessa_Oblast.html
T. Shevchenko Central Park of Culture and Recreation, 4, 5, Parks & Parks, Europe & Ukraine & Odessa Oblast & Odessa & Things to Do in Odessa, 4.5, 46.48342, 30.75021, 285578782, 20150701, 20150701, 3.0, fartoomanyusers, /Profile/fartoomanyusers, edf7d61454c78c99bff1ce98076c8a27, Excellent : 64 & Very Good : 40 & Average : 10 & Poor : 3 & Terrible : 0, /Attraction_Review-g295368-d6502733-Reviews-T_Shevchenko_Central_Park_of_Culture_and_Recreation-Odessa_Odessa_Oblast.html
