review_location_name, review_current_page, review_last_page, review_location_type, review_location_breadcrumbs, review_location_rate, location_lat, location_lng, review_id, review_date, review_experience_date, review_rate, user_name, user_link, user_id, extra, parent_url
Otrada, 2, 3, Beaches & Beaches, Europe & Ukraine & Odessa Oblast & Odessa & Things to Do in Odessa, 3.5, 46.46669, 30.758677, 607511535, 20180801, 20180801, 4.0, JANIK75, /Profile/JANIK75, 3c3b4dfbfa246430cbe9993fb53dabad, Excellent : 10 & Very Good : 14 & Average : 6 & Poor : 2 & Terrible : 4, /Attraction_Review-g295368-d8044433-Reviews-Otrada-Odessa_Odessa_Oblast.html
Otrada, 2, 3, Beaches & Beaches, Europe & Ukraine & Odessa Oblast & Odessa & Things to Do in Odessa, 3.5, 46.46669, 30.758677, 606163080, 20180801, 20180801, 1.0, Emanuele S, /Profile/228emanueles, 91728b2d5449e710f65667f66fcdd8fd, Excellent : 10 & Very Good : 14 & Average : 6 & Poor : 2 & Terrible : 4, /Attraction_Review-g295368-d8044433-Reviews-Otrada-Odessa_Odessa_Oblast.html
Otrada, 2, 3, Beaches & Beaches, Europe & Ukraine & Odessa Oblast & Odessa & Things to Do in Odessa, 3.5, 46.46669, 30.758677, 605473514, 20180801, 20180801, 4.0, Слави С, /Profile/O8962JK_, d2101a97a28ac7ff0d85cf548508bb9c, Excellent : 10 & Very Good : 14 & Average : 6 & Poor : 2 & Terrible : 4, /Attraction_Review-g295368-d8044433-Reviews-Otrada-Odessa_Odessa_Oblast.html
Otrada, 2, 3, Beaches & Beaches, Europe & Ukraine & Odessa Oblast & Odessa & Things to Do in Odessa, 3.5, 46.46669, 30.758677, 601769156, 20180801, 20180801, 5.0, Oskars M, /Profile/oskarsmo, 68696512ce0334f01153ab4a138b67fb, Excellent : 10 & Very Good : 14 & Average : 6 & Poor : 2 & Terrible : 4, /Attraction_Review-g295368-d8044433-Reviews-Otrada-Odessa_Odessa_Oblast.html
Otrada, 2, 3, Beaches & Beaches, Europe & Ukraine & Odessa Oblast & Odessa & Things to Do in Odessa, 3.5, 46.46669, 30.758677, 513338869, 20170801, 20170801, 3.0, FatihDD, /Profile/FatihDD, 7d37ade4f0946ef0099b2cff2d525fff, Excellent : 10 & Very Good : 14 & Average : 6 & Poor : 2 & Terrible : 4, /Attraction_Review-g295368-d8044433-Reviews-Otrada-Odessa_Odessa_Oblast.html
