review_location_name, review_current_page, review_last_page, review_location_type, review_location_breadcrumbs, review_location_rate, location_lat, location_lng, review_id, review_date, review_experience_date, review_rate, user_name, user_link, user_id, extra, parent_url
Odessa Delphinarium Nemo, 19, 30, Aquariums & Aquariums, Europe & Ukraine & Odessa Oblast & Odessa & Things to Do in Odessa, 4.5, 46.477043, 30.765228, 402539236, 20160801, 20160801, 5.0, Stephen M, /Profile/samcevoy, 917e0275f554270652c46341b0cb1887, Excellent : 477 & Very Good : 117 & Average : 42 & Poor : 21 & Terrible : 25, /Attraction_Review-g295368-d6027684-Reviews-Odessa_Delphinarium_Nemo-Odessa_Odessa_Oblast.html
Odessa Delphinarium Nemo, 19, 30, Aquariums & Aquariums, Europe & Ukraine & Odessa Oblast & Odessa & Things to Do in Odessa, 4.5, 46.477043, 30.765228, 401399715, 20160801, 20160801, 5.0, puuhap, /Profile/puuhap, 4a696aaadcd1c1761f5771c7df4fa2d6, Excellent : 477 & Very Good : 117 & Average : 42 & Poor : 21 & Terrible : 25, /Attraction_Review-g295368-d6027684-Reviews-Odessa_Delphinarium_Nemo-Odessa_Odessa_Oblast.html
Odessa Delphinarium Nemo, 19, 30, Aquariums & Aquariums, Europe & Ukraine & Odessa Oblast & Odessa & Things to Do in Odessa, 4.5, 46.477043, 30.765228, 399080670, 20160701, 20151001, 4.0, Frank B, /Profile/C8777TUfrankb, 7bc291e2a57e969a5b96ecede938cb7b, Excellent : 477 & Very Good : 117 & Average : 42 & Poor : 21 & Terrible : 25, /Attraction_Review-g295368-d6027684-Reviews-Odessa_Delphinarium_Nemo-Odessa_Odessa_Oblast.html
Odessa Delphinarium Nemo, 19, 30, Aquariums & Aquariums, Europe & Ukraine & Odessa Oblast & Odessa & Things to Do in Odessa, 4.5, 46.477043, 30.765228, 397421993, 20160701, 20160601, 5.0, Alexey O, /Profile/alexeyo357, 5311afec96e6277e8fc04f0b726fadb0, Excellent : 477 & Very Good : 117 & Average : 42 & Poor : 21 & Terrible : 25, /Attraction_Review-g295368-d6027684-Reviews-Odessa_Delphinarium_Nemo-Odessa_Odessa_Oblast.html
Odessa Delphinarium Nemo, 19, 30, Aquariums & Aquariums, Europe & Ukraine & Odessa Oblast & Odessa & Things to Do in Odessa, 4.5, 46.477043, 30.765228, 396757992, 20160701, 20160701, 5.0, brakatsula, /Profile/brakatsula, 574321b4e24b44e6e64c5b6ecedfe086, Excellent : 477 & Very Good : 117 & Average : 42 & Poor : 21 & Terrible : 25, /Attraction_Review-g295368-d6027684-Reviews-Odessa_Delphinarium_Nemo-Odessa_Odessa_Oblast.html
