review_location_name, review_current_page, review_last_page, review_location_type, review_location_breadcrumbs, review_location_rate, location_lat, location_lng, review_id, review_date, review_experience_date, review_rate, user_name, user_link, user_id, extra, parent_url
Potemkin Stairs, 88, 103, Points of Interest & Landmarks & Points of Interest & Landmarks, Europe & Ukraine & Odessa Oblast & Odessa & Things to Do in Odessa, 4.0, 46.488564, 30.742014, 175125643, 20130901, 20130801, 3.0, packyderm, /Profile/packyderm, 20564042e5e22cf70dcf234ed383ec49, Excellent : 602 & Very Good : 336 & Average : 253 & Poor : 74 & Terrible : 32, /Attraction_Review-g295368-d554884-Reviews-Potemkin_Stairs-Odessa_Odessa_Oblast.html
Potemkin Stairs, 88, 103, Points of Interest & Landmarks & Points of Interest & Landmarks, Europe & Ukraine & Odessa Oblast & Odessa & Things to Do in Odessa, 4.0, 46.488564, 30.742014, 175124778, 20130901, 20130801, 2.0, LadyFlander, /Profile/LadyFlander, 5d025cc23fbffebebf312d498f25c3f7, Excellent : 602 & Very Good : 336 & Average : 253 & Poor : 74 & Terrible : 32, /Attraction_Review-g295368-d554884-Reviews-Potemkin_Stairs-Odessa_Odessa_Oblast.html
Potemkin Stairs, 88, 103, Points of Interest & Landmarks & Points of Interest & Landmarks, Europe & Ukraine & Odessa Oblast & Odessa & Things to Do in Odessa, 4.0, 46.488564, 30.742014, 173544858, 20130801, 20130801, 3.0, JanetBrussels, /Profile/JanetBrussels, bce31f18bc5d278b30e5f6b372787663, Excellent : 602 & Very Good : 336 & Average : 253 & Poor : 74 & Terrible : 32, /Attraction_Review-g295368-d554884-Reviews-Potemkin_Stairs-Odessa_Odessa_Oblast.html
Potemkin Stairs, 88, 103, Points of Interest & Landmarks & Points of Interest & Landmarks, Europe & Ukraine & Odessa Oblast & Odessa & Things to Do in Odessa, 4.0, 46.488564, 30.742014, 173303707, 20130801, 20130801, 3.0, Oleg1100, /Profile/Oleg1100, 40f1bed3fca652b60400b5e7beea7fdd, Excellent : 602 & Very Good : 336 & Average : 253 & Poor : 74 & Terrible : 32, /Attraction_Review-g295368-d554884-Reviews-Potemkin_Stairs-Odessa_Odessa_Oblast.html
Potemkin Stairs, 88, 103, Points of Interest & Landmarks & Points of Interest & Landmarks, Europe & Ukraine & Odessa Oblast & Odessa & Things to Do in Odessa, 4.0, 46.488564, 30.742014, 171327462, 20130801, 20130801, 5.0, chaiminded, /Profile/chaiminded, 70556fcdbedb12a5ef1f7b6a01346bf9, Excellent : 602 & Very Good : 336 & Average : 253 & Poor : 74 & Terrible : 32, /Attraction_Review-g295368-d554884-Reviews-Potemkin_Stairs-Odessa_Odessa_Oblast.html
