review_location_name, review_current_page, review_last_page, review_location_type, review_location_breadcrumbs, review_location_rate, location_lat, location_lng, review_id, review_date, review_experience_date, review_rate, user_name, user_link, user_id, extra, parent_url
Sailor`s Wife Monument, 3, 6, Points of Interest & Landmarks & Monuments & Statues & Points of Interest & Landmarks & Monuments & Statues, Europe & Ukraine & Odessa Oblast & Odessa & Things to Do in Odessa, 4.5, 46.491886, 30.747934, 511715688, 20170801, 20170801, 5.0, Aleks2013, /Profile/Aleks2013, 77073ce8177c493db4c7e9fa903e1a4a, Excellent : 102 & Very Good : 33 & Average : 17 & Poor : 2 & Terrible : 0, /Attraction_Review-g295368-d5259015-Reviews-Sailor_s_Wife_Monument-Odessa_Odessa_Oblast.html
Sailor`s Wife Monument, 3, 6, Points of Interest & Landmarks & Monuments & Statues & Points of Interest & Landmarks & Monuments & Statues, Europe & Ukraine & Odessa Oblast & Odessa & Things to Do in Odessa, 4.5, 46.491886, 30.747934, 413534194, 20160901, 20160701, 5.0, yossinir123, /Profile/yossinir123, 670eda1a8a220376cd19a939f9ae8230, Excellent : 102 & Very Good : 33 & Average : 17 & Poor : 2 & Terrible : 0, /Attraction_Review-g295368-d5259015-Reviews-Sailor_s_Wife_Monument-Odessa_Odessa_Oblast.html
Sailor`s Wife Monument, 3, 6, Points of Interest & Landmarks & Monuments & Statues & Points of Interest & Landmarks & Monuments & Statues, Europe & Ukraine & Odessa Oblast & Odessa & Things to Do in Odessa, 4.5, 46.491886, 30.747934, 399494652, 20160701, 20160201, 5.0, Frank B, /Profile/C8777TUfrankb, 7bc291e2a57e969a5b96ecede938cb7b, Excellent : 102 & Very Good : 33 & Average : 17 & Poor : 2 & Terrible : 0, /Attraction_Review-g295368-d5259015-Reviews-Sailor_s_Wife_Monument-Odessa_Odessa_Oblast.html
Sailor`s Wife Monument, 3, 6, Points of Interest & Landmarks & Monuments & Statues & Points of Interest & Landmarks & Monuments & Statues, Europe & Ukraine & Odessa Oblast & Odessa & Things to Do in Odessa, 4.5, 46.491886, 30.747934, 384995967, 20160601, 20160601, 5.0, RSGrosse1, /Profile/RSGrosse1, 7533befab734d3f849df3e626787bccb, Excellent : 102 & Very Good : 33 & Average : 17 & Poor : 2 & Terrible : 0, /Attraction_Review-g295368-d5259015-Reviews-Sailor_s_Wife_Monument-Odessa_Odessa_Oblast.html
Sailor`s Wife Monument, 3, 6, Points of Interest & Landmarks & Monuments & Statues & Points of Interest & Landmarks & Monuments & Statues, Europe & Ukraine & Odessa Oblast & Odessa & Things to Do in Odessa, 4.5, 46.491886, 30.747934, 382136590, 20160601, 20150801, 5.0, Алексей П, /Profile/K3902JB_, 665c2ba62d88c9167dbe43735c33fd52, Excellent : 102 & Very Good : 33 & Average : 17 & Poor : 2 & Terrible : 0, /Attraction_Review-g295368-d5259015-Reviews-Sailor_s_Wife_Monument-Odessa_Odessa_Oblast.html
