review_location_name, review_current_page, review_last_page, review_location_type, review_location_breadcrumbs, review_location_rate, location_lat, location_lng, review_id, review_date, review_experience_date, review_rate, user_name, user_link, user_id, extra, parent_url
Muzeum Literatury, 2, 3, Specialty Museums & Specialty Museums, Europe & Ukraine & Odessa Oblast & Odessa & Things to Do in Odessa, 4.0, 46.484917, 30.744673, 548652076, 20171201, 20170101, 5.0, CreativeDivemaster, /Profile/CreativeDivemaster, a39d3960efd19ea91c259bbac5e04dc4, Excellent : 32 & Very Good : 11 & Average : 10 & Poor : 2 & Terrible : 4, /Attraction_Review-g295368-d3208879-Reviews-Muzeum_Literatury-Odessa_Odessa_Oblast.html
Muzeum Literatury, 2, 3, Specialty Museums & Specialty Museums, Europe & Ukraine & Odessa Oblast & Odessa & Things to Do in Odessa, 4.0, 46.484917, 30.744673, 533683153, 20171001, 20171001, 5.0, Thierry V, /Profile/178ThierryV, c3d3e76d3d4ece03dfd573b5cdd10ded, Excellent : 32 & Very Good : 11 & Average : 10 & Poor : 2 & Terrible : 4, /Attraction_Review-g295368-d3208879-Reviews-Muzeum_Literatury-Odessa_Odessa_Oblast.html
Muzeum Literatury, 2, 3, Specialty Museums & Specialty Museums, Europe & Ukraine & Odessa Oblast & Odessa & Things to Do in Odessa, 4.0, 46.484917, 30.744673, 503373465, 20170701, 20170601, 5.0, אולגה מ, /Profile/P1346QD_, c2de35b454344a942e0a59e64126510d, Excellent : 32 & Very Good : 11 & Average : 10 & Poor : 2 & Terrible : 4, /Attraction_Review-g295368-d3208879-Reviews-Muzeum_Literatury-Odessa_Odessa_Oblast.html
Muzeum Literatury, 2, 3, Specialty Museums & Specialty Museums, Europe & Ukraine & Odessa Oblast & Odessa & Things to Do in Odessa, 4.0, 46.484917, 30.744673, 449089707, 20170101, 20161201, 4.0, Nataliya K, /Profile/NatalyOds, afc79c03fbbd6851cef9e7a917d84c45, Excellent : 32 & Very Good : 11 & Average : 10 & Poor : 2 & Terrible : 4, /Attraction_Review-g295368-d3208879-Reviews-Muzeum_Literatury-Odessa_Odessa_Oblast.html
Muzeum Literatury, 2, 3, Specialty Museums & Specialty Museums, Europe & Ukraine & Odessa Oblast & Odessa & Things to Do in Odessa, 4.0, 46.484917, 30.744673, 201763584, 20140401, 20140401, 3.0, Leon B, /Profile/LeonB395, cf2bdf5848022bf8a32db45e430f0aea, Excellent : 32 & Very Good : 11 & Average : 10 & Poor : 2 & Terrible : 4, /Attraction_Review-g295368-d3208879-Reviews-Muzeum_Literatury-Odessa_Odessa_Oblast.html
