review_location_name, review_current_page, review_last_page, review_location_type, review_location_breadcrumbs, review_location_rate, location_lat, location_lng, review_id, review_date, review_experience_date, review_rate, user_name, user_link, user_id, extra, parent_url
Privoz Market, 2, 9, Flea & Street Markets & Flea & Street Markets, Europe & Ukraine & Odessa Oblast & Odessa & Things to Do in Odessa, 4.0, 46.46914, 30.734573, 685328740, 20190601, 20190601, 5.0, travelwithmisty, /Profile/travelwithmisty, d979ddd586d2c68c8c9ce8f91279bad0, Excellent : 75 & Very Good : 44 & Average : 30 & Poor : 10 & Terrible : 15, /Attraction_Review-g295368-d554865-Reviews-Privoz_Market-Odessa_Odessa_Oblast.html
Privoz Market, 2, 9, Flea & Street Markets & Flea & Street Markets, Europe & Ukraine & Odessa Oblast & Odessa & Things to Do in Odessa, 4.0, 46.46914, 30.734573, 645180959, 20190101, 20180901, 5.0, MRichardson2014, /Profile/MRichardson2014, 8f62deaacb61a4aae514ed117a1820da, Excellent : 75 & Very Good : 44 & Average : 30 & Poor : 10 & Terrible : 15, /Attraction_Review-g295368-d554865-Reviews-Privoz_Market-Odessa_Odessa_Oblast.html
Privoz Market, 2, 9, Flea & Street Markets & Flea & Street Markets, Europe & Ukraine & Odessa Oblast & Odessa & Things to Do in Odessa, 4.0, 46.46914, 30.734573, 623391402, 20181001, 20180901, 5.0, czipet, /Profile/czipet, f69c7f95614c59c5f2c13eee32532d2c, Excellent : 75 & Very Good : 44 & Average : 30 & Poor : 10 & Terrible : 15, /Attraction_Review-g295368-d554865-Reviews-Privoz_Market-Odessa_Odessa_Oblast.html
Privoz Market, 2, 9, Flea & Street Markets & Flea & Street Markets, Europe & Ukraine & Odessa Oblast & Odessa & Things to Do in Odessa, 4.0, 46.46914, 30.734573, 619191630, 20180901, 20180901, 5.0, Eildon365, /Profile/Eildon365, 499b5f5b8bcea2ac68da005259005adb, Excellent : 75 & Very Good : 44 & Average : 30 & Poor : 10 & Terrible : 15, /Attraction_Review-g295368-d554865-Reviews-Privoz_Market-Odessa_Odessa_Oblast.html
Privoz Market, 2, 9, Flea & Street Markets & Flea & Street Markets, Europe & Ukraine & Odessa Oblast & Odessa & Things to Do in Odessa, 4.0, 46.46914, 30.734573, 618749791, 20180901, 20180701, 5.0, Russell D, /Profile/russelld114, 746aa281864ea005fdf14d89bbd65f2d, Excellent : 75 & Very Good : 44 & Average : 30 & Poor : 10 & Terrible : 15, /Attraction_Review-g295368-d554865-Reviews-Privoz_Market-Odessa_Odessa_Oblast.html
