review_location_name, review_current_page, review_last_page, review_location_type, review_location_breadcrumbs, review_location_rate, location_lat, location_lng, review_id, review_date, review_experience_date, review_rate, user_name, user_link, user_id, extra, parent_url
Odessa National Academic Opera and Ballet Theater, 15, 76, Ballets & Operas & Theaters & Ballets & Operas & Theaters, Europe & Ukraine & Odessa Oblast & Odessa & Things to Do in Odessa, 5.0, 46.485237, 30.741186, 612709009, 20180801, 20180801, 5.0, TatyanaRussiaFan, /Profile/TatyanaRussiaFan, 6dccf844004399d869b73e95c8d1206c, Excellent : 867 & Very Good : 102 & Average : 22 & Poor : 3 & Terrible : 8, /Attraction_Review-g295368-d554746-Reviews-Odessa_National_Academic_Opera_and_Ballet_Theater-Odessa_Odessa_Oblast.html
Odessa National Academic Opera and Ballet Theater, 15, 76, Ballets & Operas & Theaters & Ballets & Operas & Theaters, Europe & Ukraine & Odessa Oblast & Odessa & Things to Do in Odessa, 5.0, 46.485237, 30.741186, 612092721, 20180801, 20180701, 5.0, Biteviye, /Profile/Biteviye, 3dbd267a6319e9809414608bae00b1ef, Excellent : 867 & Very Good : 102 & Average : 22 & Poor : 3 & Terrible : 8, /Attraction_Review-g295368-d554746-Reviews-Odessa_National_Academic_Opera_and_Ballet_Theater-Odessa_Odessa_Oblast.html
Odessa National Academic Opera and Ballet Theater, 15, 76, Ballets & Operas & Theaters & Ballets & Operas & Theaters, Europe & Ukraine & Odessa Oblast & Odessa & Things to Do in Odessa, 5.0, 46.485237, 30.741186, 611708407, 20180801, 20180601, 5.0, Gavin L, /Profile/gavinl842, b4197e5ddc2308e0c633f0c962f52bcb, Excellent : 867 & Very Good : 102 & Average : 22 & Poor : 3 & Terrible : 8, /Attraction_Review-g295368-d554746-Reviews-Odessa_National_Academic_Opera_and_Ballet_Theater-Odessa_Odessa_Oblast.html
Odessa National Academic Opera and Ballet Theater, 15, 76, Ballets & Operas & Theaters & Ballets & Operas & Theaters, Europe & Ukraine & Odessa Oblast & Odessa & Things to Do in Odessa, 5.0, 46.485237, 30.741186, 607755845, 20180801, 20180601, 5.0, 533John_C533, /Profile/533John_C533, 6a6d7dcaf4d073c53eeb9c9dc91d5838, Excellent : 867 & Very Good : 102 & Average : 22 & Poor : 3 & Terrible : 8, /Attraction_Review-g295368-d554746-Reviews-Odessa_National_Academic_Opera_and_Ballet_Theater-Odessa_Odessa_Oblast.html
Odessa National Academic Opera and Ballet Theater, 15, 76, Ballets & Operas & Theaters & Ballets & Operas & Theaters, Europe & Ukraine & Odessa Oblast & Odessa & Things to Do in Odessa, 5.0, 46.485237, 30.741186, 607733612, 20180801, 20180501, 4.0, Richard T, /Profile/122richardt, b0d4086f31c5f339734d6d5d9b736258, Excellent : 867 & Very Good : 102 & Average : 22 & Poor : 3 & Terrible : 8, /Attraction_Review-g295368-d554746-Reviews-Odessa_National_Academic_Opera_and_Ballet_Theater-Odessa_Odessa_Oblast.html
