review_location_name, review_current_page, review_last_page, review_location_type, review_location_breadcrumbs, review_location_rate, location_lat, location_lng, review_id, review_date, review_experience_date, review_rate, user_name, user_link, user_id, extra, parent_url
Odessa Art Museum, 4, 8, Specialty Museums & Specialty Museums, Europe & Ukraine & Odessa Oblast & Odessa & Things to Do in Odessa, 4.5, 46.49318, 30.72844, 570090132, 20180401, 20180301, 3.0, Yona S, /Profile/YonaS133, fe340de46e0b0416cd03a6b814c3b38c, Excellent : 45 & Very Good : 36 & Average : 13 & Poor : 2 & Terrible : 1, /Attraction_Review-g295368-d5512873-Reviews-Odessa_Art_Museum-Odessa_Odessa_Oblast.html
Odessa Art Museum, 4, 8, Specialty Museums & Specialty Museums, Europe & Ukraine & Odessa Oblast & Odessa & Things to Do in Odessa, 4.5, 46.49318, 30.72844, 554019509, 20180101, 20180101, 3.0, Lingang, /Profile/Lingang, b3d30e11eed7e4dd48ee69924e2dee36, Excellent : 45 & Very Good : 36 & Average : 13 & Poor : 2 & Terrible : 1, /Attraction_Review-g295368-d5512873-Reviews-Odessa_Art_Museum-Odessa_Odessa_Oblast.html
Odessa Art Museum, 4, 8, Specialty Museums & Specialty Museums, Europe & Ukraine & Odessa Oblast & Odessa & Things to Do in Odessa, 4.5, 46.49318, 30.72844, 535099830, 20171001, 20171001, 4.0, Brian L, /Profile/yummymayo, a85743217bcb7b72d5cb202afdb4adf2, Excellent : 45 & Very Good : 36 & Average : 13 & Poor : 2 & Terrible : 1, /Attraction_Review-g295368-d5512873-Reviews-Odessa_Art_Museum-Odessa_Odessa_Oblast.html
Odessa Art Museum, 4, 8, Specialty Museums & Specialty Museums, Europe & Ukraine & Odessa Oblast & Odessa & Things to Do in Odessa, 4.5, 46.49318, 30.72844, 527171591, 20170901, 20170901, 5.0, JuliiaFra, /Profile/JuliiaFra, 090c2ff5458272f8aee37c5a1caca817, Excellent : 45 & Very Good : 36 & Average : 13 & Poor : 2 & Terrible : 1, /Attraction_Review-g295368-d5512873-Reviews-Odessa_Art_Museum-Odessa_Odessa_Oblast.html
Odessa Art Museum, 4, 8, Specialty Museums & Specialty Museums, Europe & Ukraine & Odessa Oblast & Odessa & Things to Do in Odessa, 4.5, 46.49318, 30.72844, 513231213, 20170801, 20170801, 4.0, Aigars S, /Profile/aigarssm, 6df6cefcc92b2807dad5a9ee30415d7f, Excellent : 45 & Very Good : 36 & Average : 13 & Poor : 2 & Terrible : 1, /Attraction_Review-g295368-d5512873-Reviews-Odessa_Art_Museum-Odessa_Odessa_Oblast.html
