review_location_name, review_current_page, review_last_page, review_location_type, review_location_breadcrumbs, review_location_rate, location_lat, location_lng, review_id, review_date, review_experience_date, review_rate, user_name, user_link, user_id, extra, parent_url
Insomnia- The Haunted House, 6, 7, Specialty Museums & Specialty Museums, Europe & Ukraine & Odessa Oblast & Odessa & Things to Do in Odessa, 4.5, 46.4849, 30.730764, 560085569, 20180201, 20180201, 5.0, Валерия М, /Profile/_U8083RN, 1ceb37797d92224c1d12e9632d58d726, Excellent : 204 & Very Good : 29 & Average : 6 & Poor : 3 & Terrible : 5, /Attraction_Review-g295368-d12952995-Reviews-Insomnia_The_Haunted_House-Odessa_Odessa_Oblast.html
Insomnia- The Haunted House, 6, 7, Specialty Museums & Specialty Museums, Europe & Ukraine & Odessa Oblast & Odessa & Things to Do in Odessa, 4.5, 46.4849, 30.730764, 556723809, 20180101, 20180101, 5.0, Arianne R, /Profile/34arianner, 9fa59d16e9dd6936621825e2f887de53, Excellent : 204 & Very Good : 29 & Average : 6 & Poor : 3 & Terrible : 5, /Attraction_Review-g295368-d12952995-Reviews-Insomnia_The_Haunted_House-Odessa_Odessa_Oblast.html
Insomnia- The Haunted House, 6, 7, Specialty Museums & Specialty Museums, Europe & Ukraine & Odessa Oblast & Odessa & Things to Do in Odessa, 4.5, 46.4849, 30.730764, 551805353, 20180101, 20180101, 4.0, kdolgushyn, /Profile/kdolgushyn, ea820bacfc090ce79d4b167ae0089517, Excellent : 204 & Very Good : 29 & Average : 6 & Poor : 3 & Terrible : 5, /Attraction_Review-g295368-d12952995-Reviews-Insomnia_The_Haunted_House-Odessa_Odessa_Oblast.html
Insomnia- The Haunted House, 6, 7, Specialty Museums & Specialty Museums, Europe & Ukraine & Odessa Oblast & Odessa & Things to Do in Odessa, 4.5, 46.4849, 30.730764, 551293021, 20180101, 20180101, 5.0, Katarzyna K, /Profile/katarzynakZ1018ND, fc790928ae33d35183e7078233a17cfb, Excellent : 204 & Very Good : 29 & Average : 6 & Poor : 3 & Terrible : 5, /Attraction_Review-g295368-d12952995-Reviews-Insomnia_The_Haunted_House-Odessa_Odessa_Oblast.html
Insomnia- The Haunted House, 6, 7, Specialty Museums & Specialty Museums, Europe & Ukraine & Odessa Oblast & Odessa & Things to Do in Odessa, 4.5, 46.4849, 30.730764, 549150824, 20171201, 20171201, 5.0, Hamdi B, /Profile/907hamdib, 5c8284e8e63fcc0dbcfcda339fc8365a, Excellent : 204 & Very Good : 29 & Average : 6 & Poor : 3 & Terrible : 5, /Attraction_Review-g295368-d12952995-Reviews-Insomnia_The_Haunted_House-Odessa_Odessa_Oblast.html
