review_location_name, review_current_page, review_last_page, review_location_type, review_location_breadcrumbs, review_location_rate, location_lat, location_lng, review_id, review_date, review_experience_date, review_rate, user_name, user_link, user_id, extra, parent_url
Catacombs of Odessa, 16, 17, Specialty Museums & Caverns & Caves & Mines & Specialty Museums & Caverns & Caves & Mines, Europe & Ukraine & Odessa Oblast & Nerubayskoye & Things to Do in Nerubayskoye, 4.5, 46.537766, 30.626232, 130042808, 20120501, 20120401, 4.0, Nicol05, /Profile/Nicol05, a65d7cf2c473e7d44ccdeabe95236288, Excellent : 137 & Very Good : 40 & Average : 13 & Poor : 4 & Terrible : 1, /Attraction_Review-g6973110-d554493-Reviews-Catacombs_of_Odessa-Nerubayskoye_Odessa_Oblast.html
Catacombs of Odessa, 16, 17, Specialty Museums & Caverns & Caves & Mines & Specialty Museums & Caverns & Caves & Mines, Europe & Ukraine & Odessa Oblast & Nerubayskoye & Things to Do in Nerubayskoye, 4.5, 46.537766, 30.626232, 126970354, 20120301, 20120301, 5.0, Drizzle11, /Profile/drizzle11, 3e4653a9cc43babb129dcdb3d4550f19, Excellent : 137 & Very Good : 40 & Average : 13 & Poor : 4 & Terrible : 1, /Attraction_Review-g6973110-d554493-Reviews-Catacombs_of_Odessa-Nerubayskoye_Odessa_Oblast.html
Catacombs of Odessa, 16, 17, Specialty Museums & Caverns & Caves & Mines & Specialty Museums & Caverns & Caves & Mines, Europe & Ukraine & Odessa Oblast & Nerubayskoye & Things to Do in Nerubayskoye, 4.5, 46.537766, 30.626232, 124979004, 20120201, 20120201, 5.0, jdport, /Profile/jdport, 63355ba59cd5f5be760c41ba50d413dc, Excellent : 137 & Very Good : 40 & Average : 13 & Poor : 4 & Terrible : 1, /Attraction_Review-g6973110-d554493-Reviews-Catacombs_of_Odessa-Nerubayskoye_Odessa_Oblast.html
Catacombs of Odessa, 16, 17, Specialty Museums & Caverns & Caves & Mines & Specialty Museums & Caverns & Caves & Mines, Europe & Ukraine & Odessa Oblast & Nerubayskoye & Things to Do in Nerubayskoye, 4.5, 46.537766, 30.626232, 123398711, 20120101, 20120101, 1.0, Dmitriy Kosmov, /Profile/Cosmic1255, 086d41edf46c9d45da8e0499cdbc87c4, Excellent : 137 & Very Good : 40 & Average : 13 & Poor : 4 & Terrible : 1, /Attraction_Review-g6973110-d554493-Reviews-Catacombs_of_Odessa-Nerubayskoye_Odessa_Oblast.html
Catacombs of Odessa, 16, 17, Specialty Museums & Caverns & Caves & Mines & Specialty Museums & Caverns & Caves & Mines, Europe & Ukraine & Odessa Oblast & Nerubayskoye & Things to Do in Nerubayskoye, 4.5, 46.537766, 30.626232, 121969563, 20111201, 20110801, 5.0, acquablue11, /Profile/acquablue11, 455238a7f613e170bbfdf63ef27b7897, Excellent : 137 & Very Good : 40 & Average : 13 & Poor : 4 & Terrible : 1, /Attraction_Review-g6973110-d554493-Reviews-Catacombs_of_Odessa-Nerubayskoye_Odessa_Oblast.html
