review_location_name, review_current_page, review_last_page, review_location_type, review_location_breadcrumbs, review_location_rate, location_lat, location_lng, review_id, review_date, review_experience_date, review_rate, user_name, user_link, user_id, extra, parent_url
Spaso-Preobrazhenskiy Cathedral, 5, 4, Churches & Cathedrals & Churches & Cathedrals, Europe & Ukraine & Odessa Oblast & Odessa & Things to Do in Odessa, 4.5, 46.48324, 30.730995, 308876578, 20150901, 20150901, 4.0, Ray C, /Profile/780raymondc, d099f930fcad8c23a104a3585d7407da, Excellent : 43 & Very Good : 25 & Average : 8 & Poor : 0 & Terrible : 0, /Attraction_Review-g295368-d6493585-Reviews-Spaso_Preobrazhenskiy_Cathedral-Odessa_Odessa_Oblast.html
Spaso-Preobrazhenskiy Cathedral, 5, 4, Churches & Cathedrals & Churches & Cathedrals, Europe & Ukraine & Odessa Oblast & Odessa & Things to Do in Odessa, 4.5, 46.48324, 30.730995, 269045659, 20150401, 20150101, 4.0, AndersUA, /Profile/AndersUA, 8e1b1e5e1bcb6460ad6fd49acc1f0417, Excellent : 43 & Very Good : 25 & Average : 8 & Poor : 0 & Terrible : 0, /Attraction_Review-g295368-d6493585-Reviews-Spaso_Preobrazhenskiy_Cathedral-Odessa_Odessa_Oblast.html
Spaso-Preobrazhenskiy Cathedral, 5, 4, Churches & Cathedrals & Churches & Cathedrals, Europe & Ukraine & Odessa Oblast & Odessa & Things to Do in Odessa, 4.5, 46.48324, 30.730995, 202421867, 20140401, 20130801, 5.0, Olguzza, /Profile/Olguzza, 0faab6ad41f7a412b85db49eafc803b8, Excellent : 43 & Very Good : 25 & Average : 8 & Poor : 0 & Terrible : 0, /Attraction_Review-g295368-d6493585-Reviews-Spaso_Preobrazhenskiy_Cathedral-Odessa_Odessa_Oblast.html
Spaso-Preobrazhenskiy Cathedral, 5, 4, Churches & Cathedrals & Churches & Cathedrals, Europe & Ukraine & Odessa Oblast & Odessa & Things to Do in Odessa, 4.5, 46.48324, 30.730995, 191476906, 20140101, 20131201, 4.0, Krzysztof F, /Profile/chrisfugiel, 9e1e0b26ecf513b7626702c69d411259, Excellent : 43 & Very Good : 25 & Average : 8 & Poor : 0 & Terrible : 0, /Attraction_Review-g295368-d6493585-Reviews-Spaso_Preobrazhenskiy_Cathedral-Odessa_Odessa_Oblast.html
