review_location_name, review_current_page, review_last_page, review_location_type, review_location_breadcrumbs, review_location_rate, location_lat, location_lng, review_id, review_date, review_experience_date, review_rate, user_name, user_link, user_id, extra, parent_url
Shustov Cognac Museum, 4, 7, Specialty Museums & Specialty Museums, Europe & Ukraine & Odessa Oblast & Odessa & Things to Do in Odessa, 4.5, 46.460606, 30.704693, 409371021, 20160801, 20151001, 5.0, CreativeDivemaster, /Profile/CreativeDivemaster, a39d3960efd19ea91c259bbac5e04dc4, Excellent : 112 & Very Good : 19 & Average : 9 & Poor : 2 & Terrible : 0, /Attraction_Review-g295368-d6023952-Reviews-Shustov_Cognac_Museum-Odessa_Odessa_Oblast.html
Shustov Cognac Museum, 4, 7, Specialty Museums & Specialty Museums, Europe & Ukraine & Odessa Oblast & Odessa & Things to Do in Odessa, 4.5, 46.460606, 30.704693, 405695030, 20160801, 20160801, 5.0, Jonathan L, /Profile/jonlindsten, 75fc7474a4a9a9e5825dd68a2005b6bf, Excellent : 112 & Very Good : 19 & Average : 9 & Poor : 2 & Terrible : 0, /Attraction_Review-g295368-d6023952-Reviews-Shustov_Cognac_Museum-Odessa_Odessa_Oblast.html
Shustov Cognac Museum, 4, 7, Specialty Museums & Specialty Museums, Europe & Ukraine & Odessa Oblast & Odessa & Things to Do in Odessa, 4.5, 46.460606, 30.704693, 390900257, 20160701, 20160701, 4.0, Steinar J, /Profile/SteinarJ763, cb414e96937eee9cb01e53027fdee0b0, Excellent : 112 & Very Good : 19 & Average : 9 & Poor : 2 & Terrible : 0, /Attraction_Review-g295368-d6023952-Reviews-Shustov_Cognac_Museum-Odessa_Odessa_Oblast.html
Shustov Cognac Museum, 4, 7, Specialty Museums & Specialty Museums, Europe & Ukraine & Odessa Oblast & Odessa & Things to Do in Odessa, 4.5, 46.460606, 30.704693, 383945510, 20160601, 20160501, 5.0, C19T, /Profile/C19T, b222dc044662ee991fe89eb6c4b4d1d6, Excellent : 112 & Very Good : 19 & Average : 9 & Poor : 2 & Terrible : 0, /Attraction_Review-g295368-d6023952-Reviews-Shustov_Cognac_Museum-Odessa_Odessa_Oblast.html
Shustov Cognac Museum, 4, 7, Specialty Museums & Specialty Museums, Europe & Ukraine & Odessa Oblast & Odessa & Things to Do in Odessa, 4.5, 46.460606, 30.704693, 382629950, 20160601, 20160501, 5.0, EH-Texas, /Profile/EH-Texas, 45f3edfb12f43f14f5a0c24c9f0fd32f, Excellent : 112 & Very Good : 19 & Average : 9 & Poor : 2 & Terrible : 0, /Attraction_Review-g295368-d6023952-Reviews-Shustov_Cognac_Museum-Odessa_Odessa_Oblast.html
