review_location_name, review_current_page, review_last_page, review_location_type, review_location_breadcrumbs, review_location_rate, location_lat, location_lng, review_id, review_date, review_experience_date, review_rate, user_name, user_link, user_id, extra, parent_url
Sailor`s Wife Monument, 5, 6, Points of Interest & Landmarks & Monuments & Statues & Points of Interest & Landmarks & Monuments & Statues, Europe & Ukraine & Odessa Oblast & Odessa & Things to Do in Odessa, 4.5, 46.491886, 30.747934, 298913018, 20150801, 20150801, 5.0, Kostyantyn V, /Profile/kostyantynv263, 072c9048725db52234aba0708d508d93, Excellent : 102 & Very Good : 33 & Average : 17 & Poor : 2 & Terrible : 0, /Attraction_Review-g295368-d5259015-Reviews-Sailor_s_Wife_Monument-Odessa_Odessa_Oblast.html
Sailor`s Wife Monument, 5, 6, Points of Interest & Landmarks & Monuments & Statues & Points of Interest & Landmarks & Monuments & Statues, Europe & Ukraine & Odessa Oblast & Odessa & Things to Do in Odessa, 4.5, 46.491886, 30.747934, 295799222, 20150801, 20150701, 5.0, Gord&RoxanneFromEdmonton, /Profile/GordandRoxanne, a2135236ed5d4aac24d53b143e1d1085, Excellent : 102 & Very Good : 33 & Average : 17 & Poor : 2 & Terrible : 0, /Attraction_Review-g295368-d5259015-Reviews-Sailor_s_Wife_Monument-Odessa_Odessa_Oblast.html
Sailor`s Wife Monument, 5, 6, Points of Interest & Landmarks & Monuments & Statues & Points of Interest & Landmarks & Monuments & Statues, Europe & Ukraine & Odessa Oblast & Odessa & Things to Do in Odessa, 4.5, 46.491886, 30.747934, 294154604, 20150701, 20150701, 5.0, Eriks B, /Profile/eriksb2015, 7fa2dd6e1fa9e2a49a8778c36faf58d7, Excellent : 102 & Very Good : 33 & Average : 17 & Poor : 2 & Terrible : 0, /Attraction_Review-g295368-d5259015-Reviews-Sailor_s_Wife_Monument-Odessa_Odessa_Oblast.html
Sailor`s Wife Monument, 5, 6, Points of Interest & Landmarks & Monuments & Statues & Points of Interest & Landmarks & Monuments & Statues, Europe & Ukraine & Odessa Oblast & Odessa & Things to Do in Odessa, 4.5, 46.491886, 30.747934, 284116179, 20150601, 20150601, 5.0, AWilhelm89, /Profile/AWilhelm89, dff054457f61bf4babfe11dad6078c58, Excellent : 102 & Very Good : 33 & Average : 17 & Poor : 2 & Terrible : 0, /Attraction_Review-g295368-d5259015-Reviews-Sailor_s_Wife_Monument-Odessa_Odessa_Oblast.html
Sailor`s Wife Monument, 5, 6, Points of Interest & Landmarks & Monuments & Statues & Points of Interest & Landmarks & Monuments & Statues, Europe & Ukraine & Odessa Oblast & Odessa & Things to Do in Odessa, 4.5, 46.491886, 30.747934, 272291266, 20150501, 20150501, 5.0, Biggles147, /Profile/Biggles147, 7ddb68122b9302510aae95a64392f09d, Excellent : 102 & Very Good : 33 & Average : 17 & Poor : 2 & Terrible : 0, /Attraction_Review-g295368-d5259015-Reviews-Sailor_s_Wife_Monument-Odessa_Odessa_Oblast.html
