review_location_name, review_current_page, review_last_page, review_location_type, review_location_breadcrumbs, review_location_rate, location_lat, location_lng, review_id, review_date, review_experience_date, review_rate, user_name, user_link, user_id, extra, parent_url
Chernomorets, None, None, Arenas & Stadiums & Arenas & Stadiums, Europe & Ukraine & Odessa Oblast & Odessa & Things to Do in Odessa, 4.0, 46.48342, 30.75021, 607981256, 20180801, 20180801, 5.0, Geo P, /Profile/geop2014, 66a86a44278cdf18cdae6e86aecd3fbe, Excellent : 10 & Very Good : 5 & Average : 2 & Poor : 1 & Terrible : 1, /Attraction_Review-g295368-d8044436-Reviews-Chernomorets-Odessa_Odessa_Oblast.html
Chernomorets, None, None, Arenas & Stadiums & Arenas & Stadiums, Europe & Ukraine & Odessa Oblast & Odessa & Things to Do in Odessa, 4.0, 46.48342, 30.75021, 578131796, 20180501, 20180201, 5.0, WilliamArthur, /Profile/WilliamArthur, 246ca6472b3287e78e216eb7e93bf129, Excellent : 10 & Very Good : 5 & Average : 2 & Poor : 1 & Terrible : 1, /Attraction_Review-g295368-d8044436-Reviews-Chernomorets-Odessa_Odessa_Oblast.html
Chernomorets, None, None, Arenas & Stadiums & Arenas & Stadiums, Europe & Ukraine & Odessa Oblast & Odessa & Things to Do in Odessa, 4.0, 46.48342, 30.75021, 456104612, 20170101, 20161101, 5.0, Sergei, /Profile/korjinho, 93938d1b00370256b4a02efadf7b62db, Excellent : 10 & Very Good : 5 & Average : 2 & Poor : 1 & Terrible : 1, /Attraction_Review-g295368-d8044436-Reviews-Chernomorets-Odessa_Odessa_Oblast.html
Chernomorets, None, None, Arenas & Stadiums & Arenas & Stadiums, Europe & Ukraine & Odessa Oblast & Odessa & Things to Do in Odessa, 4.0, 46.48342, 30.75021, 429619945, 20161001, 20161001, 5.0, Geo P, /Profile/geop2014, 66a86a44278cdf18cdae6e86aecd3fbe, Excellent : 10 & Very Good : 5 & Average : 2 & Poor : 1 & Terrible : 1, /Attraction_Review-g295368-d8044436-Reviews-Chernomorets-Odessa_Odessa_Oblast.html
