review_location_name, review_current_page, review_last_page, review_location_type, review_location_breadcrumbs, review_location_rate, location_lat, location_lng, review_id, review_date, review_experience_date, review_rate, user_name, user_link, user_id, extra, parent_url
Flat House House-Wall or Witch House, 5, 6, Architectural Buildings & Architectural Buildings, Europe & Ukraine & Odessa Oblast & Odessa & Things to Do in Odessa, 4.0, 46.48907, 30.73853, 421280040, 20160901, 20160901, 5.0, Marti C, /Profile/Wombat999, 9931d16aa2518b88d23747c77b4fca8b, Excellent : 19 & Very Good : 24 & Average : 13 & Poor : 1 & Terrible : 3, /Attraction_Review-g295368-d8263826-Reviews-Flat_House_House_Wall_or_Witch_House-Odessa_Odessa_Oblast.html
Flat House House-Wall or Witch House, 5, 6, Architectural Buildings & Architectural Buildings, Europe & Ukraine & Odessa Oblast & Odessa & Things to Do in Odessa, 4.0, 46.48907, 30.73853, 399119548, 20160701, 20160701, 4.0, Frank B, /Profile/C8777TUfrankb, 7bc291e2a57e969a5b96ecede938cb7b, Excellent : 19 & Very Good : 24 & Average : 13 & Poor : 1 & Terrible : 3, /Attraction_Review-g295368-d8263826-Reviews-Flat_House_House_Wall_or_Witch_House-Odessa_Odessa_Oblast.html
Flat House House-Wall or Witch House, 5, 6, Architectural Buildings & Architectural Buildings, Europe & Ukraine & Odessa Oblast & Odessa & Things to Do in Odessa, 4.0, 46.48907, 30.73853, 386116717, 20160601, 20160601, 4.0, wileecoyote2016, /Profile/wileecoyote2016, 2195a64c402fd6f057be10c14f1b049c, Excellent : 19 & Very Good : 24 & Average : 13 & Poor : 1 & Terrible : 3, /Attraction_Review-g295368-d8263826-Reviews-Flat_House_House_Wall_or_Witch_House-Odessa_Odessa_Oblast.html
Flat House House-Wall or Witch House, 5, 6, Architectural Buildings & Architectural Buildings, Europe & Ukraine & Odessa Oblast & Odessa & Things to Do in Odessa, 4.0, 46.48907, 30.73853, 376959075, 20160501, 20160501, 5.0, Shaun D, /Profile/891shaund, d246acd7159e6036a0dd1e2a1e8aa6c8, Excellent : 19 & Very Good : 24 & Average : 13 & Poor : 1 & Terrible : 3, /Attraction_Review-g295368-d8263826-Reviews-Flat_House_House_Wall_or_Witch_House-Odessa_Odessa_Oblast.html
Flat House House-Wall or Witch House, 5, 6, Architectural Buildings & Architectural Buildings, Europe & Ukraine & Odessa Oblast & Odessa & Things to Do in Odessa, 4.0, 46.48907, 30.73853, 374586405, 20160501, 20160501, 1.0, Alex V, /Profile/alexvZ2785IL, 140ebabf1c29bd0b772eb0893b56042e, Excellent : 19 & Very Good : 24 & Average : 13 & Poor : 1 & Terrible : 3, /Attraction_Review-g295368-d8263826-Reviews-Flat_House_House_Wall_or_Witch_House-Odessa_Odessa_Oblast.html
