review_location_name, review_current_page, review_last_page, review_location_type, review_location_breadcrumbs, review_location_rate, location_lat, location_lng, review_id, review_date, review_experience_date, review_rate, user_name, user_link, user_id, extra, parent_url
Holy Assumption Cathedral, 3, 4, Architectural Buildings & Sacred & Religious Sites & Architectural Buildings & Sacred & Religious Sites, Europe & Ukraine & Odessa Oblast & Odessa & Things to Do in Odessa, 4.5, 46.47531, 30.73182, 243298177, 20141201, 20140101, 5.0, petermax9, /Profile/petermax9, 142f41b68fdf958ecebf0af4eac02aa0, Excellent : 23 & Very Good : 20 & Average : 5 & Poor : 1 & Terrible : 0, /Attraction_Review-g295368-d554873-Reviews-Holy_Assumption_Cathedral-Odessa_Odessa_Oblast.html
Holy Assumption Cathedral, 3, 4, Architectural Buildings & Sacred & Religious Sites & Architectural Buildings & Sacred & Religious Sites, Europe & Ukraine & Odessa Oblast & Odessa & Things to Do in Odessa, 4.5, 46.47531, 30.73182, 234066082, 20141001, 20140901, 5.0, Olivia and Davi... V, /Profile/oliviaanddavidv, eefce40252a7083027bfa349cb84488c, Excellent : 23 & Very Good : 20 & Average : 5 & Poor : 1 & Terrible : 0, /Attraction_Review-g295368-d554873-Reviews-Holy_Assumption_Cathedral-Odessa_Odessa_Oblast.html
Holy Assumption Cathedral, 3, 4, Architectural Buildings & Sacred & Religious Sites & Architectural Buildings & Sacred & Religious Sites, Europe & Ukraine & Odessa Oblast & Odessa & Things to Do in Odessa, 4.5, 46.47531, 30.73182, 176019319, 20130901, 20130901, 4.0, skyhoosier, /Profile/skyhoosier, 93d4216d4fbb03e73deacfa52f3b5dcb, Excellent : 23 & Very Good : 20 & Average : 5 & Poor : 1 & Terrible : 0, /Attraction_Review-g295368-d554873-Reviews-Holy_Assumption_Cathedral-Odessa_Odessa_Oblast.html
Holy Assumption Cathedral, 3, 4, Architectural Buildings & Sacred & Religious Sites & Architectural Buildings & Sacred & Religious Sites, Europe & Ukraine & Odessa Oblast & Odessa & Things to Do in Odessa, 4.5, 46.47531, 30.73182, 148115843, 20121201, 20120301, 4.0, a_llb, /Profile/braybrigade, 6d030654976e694386f07ae9274a60ac, Excellent : 23 & Very Good : 20 & Average : 5 & Poor : 1 & Terrible : 0, /Attraction_Review-g295368-d554873-Reviews-Holy_Assumption_Cathedral-Odessa_Odessa_Oblast.html
Holy Assumption Cathedral, 3, 4, Architectural Buildings & Sacred & Religious Sites & Architectural Buildings & Sacred & Religious Sites, Europe & Ukraine & Odessa Oblast & Odessa & Things to Do in Odessa, 4.5, 46.47531, 30.73182, 143945075, 20121001, 20120901, 3.0, Ozmarkotsis, /Profile/Ozmarkotsis, afb4db270b26abe0fa57f911c1aca424, Excellent : 23 & Very Good : 20 & Average : 5 & Poor : 1 & Terrible : 0, /Attraction_Review-g295368-d554873-Reviews-Holy_Assumption_Cathedral-Odessa_Odessa_Oblast.html
