review_location_name, review_current_page, review_last_page, review_location_type, review_location_breadcrumbs, review_location_rate, location_lat, location_lng, review_id, review_date, review_experience_date, review_rate, user_name, user_link, user_id, extra, parent_url
Teatralnaya Square, 1, 19, Points of Interest & Landmarks & Points of Interest & Landmarks, Europe & Ukraine & Odessa Oblast & Odessa & Things to Do in Odessa, 4.5, 46.485157, 30.741667, 779748103, 20201201, 20200701, 5.0, UriusT, /Profile/UriusT, 681036d47ba7aa082879273b343aa656, Excellent : 240 & Very Good : 72 & Average : 14 & Poor : 1 & Terrible : 0, /Attraction_Review-g295368-d4766591-Reviews-Teatralnaya_Square-Odessa_Odessa_Oblast.html
Teatralnaya Square, 1, 19, Points of Interest & Landmarks & Points of Interest & Landmarks, Europe & Ukraine & Odessa Oblast & Odessa & Things to Do in Odessa, 4.5, 46.485157, 30.741667, 749687635, 20200301, 20200201, 5.0, JPMcLMartin, /Profile/JPMcLMartin, 01362c46faeeabb08ac38bb6689382e6, Excellent : 240 & Very Good : 72 & Average : 14 & Poor : 1 & Terrible : 0, /Attraction_Review-g295368-d4766591-Reviews-Teatralnaya_Square-Odessa_Odessa_Oblast.html
Teatralnaya Square, 1, 19, Points of Interest & Landmarks & Points of Interest & Landmarks, Europe & Ukraine & Odessa Oblast & Odessa & Things to Do in Odessa, 4.5, 46.485157, 30.741667, 728463427, 20191101, 20191001, 4.0, Ricardo R, /Profile/RicardoR511, 8b0aaf2b362aa403ed019c79e36d9403, Excellent : 240 & Very Good : 72 & Average : 14 & Poor : 1 & Terrible : 0, /Attraction_Review-g295368-d4766591-Reviews-Teatralnaya_Square-Odessa_Odessa_Oblast.html
Teatralnaya Square, 1, 19, Points of Interest & Landmarks & Points of Interest & Landmarks, Europe & Ukraine & Odessa Oblast & Odessa & Things to Do in Odessa, 4.5, 46.485157, 30.741667, 720252142, 20191001, 20190901, 3.0, shiraziwine, /Profile/shiraziwine, 88e98174b9dcfe03749d0b3258e754af, Excellent : 240 & Very Good : 72 & Average : 14 & Poor : 1 & Terrible : 0, /Attraction_Review-g295368-d4766591-Reviews-Teatralnaya_Square-Odessa_Odessa_Oblast.html
Teatralnaya Square, 1, 19, Points of Interest & Landmarks & Points of Interest & Landmarks, Europe & Ukraine & Odessa Oblast & Odessa & Things to Do in Odessa, 4.5, 46.485157, 30.741667, 717663393, 20191001, 20190501, 5.0, _ineseincenberga, /Profile/_ineseincenberga, 4af736c1ace17ed7902a182a8f5285b2, Excellent : 240 & Very Good : 72 & Average : 14 & Poor : 1 & Terrible : 0, /Attraction_Review-g295368-d4766591-Reviews-Teatralnaya_Square-Odessa_Odessa_Oblast.html
