review_location_name, review_current_page, review_last_page, review_location_type, review_location_breadcrumbs, review_location_rate, location_lat, location_lng, review_id, review_date, review_experience_date, review_rate, user_name, user_link, user_id, extra, parent_url
Odessa Art Museum, 2, 8, Specialty Museums & Specialty Museums, Europe & Ukraine & Odessa Oblast & Odessa & Things to Do in Odessa, 4.5, 46.49318, 30.72844, 681282306, 20190601, 20190601, 4.0, Y3048NPdavids, /Profile/Y3048NPdavids, 83080e4f7ef9a8af8f7a86d39af43d4b, Excellent : 45 & Very Good : 36 & Average : 13 & Poor : 2 & Terrible : 1, /Attraction_Review-g295368-d5512873-Reviews-Odessa_Art_Museum-Odessa_Odessa_Oblast.html
Odessa Art Museum, 2, 8, Specialty Museums & Specialty Museums, Europe & Ukraine & Odessa Oblast & Odessa & Things to Do in Odessa, 4.5, 46.49318, 30.72844, 678926948, 20190601, 20190501, 3.0, Steve N, /Profile/SteveN136, da13252b18fc7e33c7a292850d4f9828, Excellent : 45 & Very Good : 36 & Average : 13 & Poor : 2 & Terrible : 1, /Attraction_Review-g295368-d5512873-Reviews-Odessa_Art_Museum-Odessa_Odessa_Oblast.html
Odessa Art Museum, 2, 8, Specialty Museums & Specialty Museums, Europe & Ukraine & Odessa Oblast & Odessa & Things to Do in Odessa, 4.5, 46.49318, 30.72844, 657482456, 20190301, 20180901, 4.0, Frank a, /Profile/733franka, da91bdc62c7e3e4a5b1f4fc9052511c6, Excellent : 45 & Very Good : 36 & Average : 13 & Poor : 2 & Terrible : 1, /Attraction_Review-g295368-d5512873-Reviews-Odessa_Art_Museum-Odessa_Odessa_Oblast.html
Odessa Art Museum, 2, 8, Specialty Museums & Specialty Museums, Europe & Ukraine & Odessa Oblast & Odessa & Things to Do in Odessa, 4.5, 46.49318, 30.72844, 613091838, 20180901, 20180801, 3.0, Antony P, /Profile/ADEPER23, daa64e0ad16d25b8bd15f16883c4daf5, Excellent : 45 & Very Good : 36 & Average : 13 & Poor : 2 & Terrible : 1, /Attraction_Review-g295368-d5512873-Reviews-Odessa_Art_Museum-Odessa_Odessa_Oblast.html
Odessa Art Museum, 2, 8, Specialty Museums & Specialty Museums, Europe & Ukraine & Odessa Oblast & Odessa & Things to Do in Odessa, 4.5, 46.49318, 30.72844, 612706338, 20180801, 20180801, 5.0, TatyanaRussiaFan, /Profile/TatyanaRussiaFan, 6dccf844004399d869b73e95c8d1206c, Excellent : 45 & Very Good : 36 & Average : 13 & Poor : 2 & Terrible : 1, /Attraction_Review-g295368-d5512873-Reviews-Odessa_Art_Museum-Odessa_Odessa_Oblast.html
