review_location_name, review_current_page, review_last_page, review_location_type, review_location_breadcrumbs, review_location_rate, location_lat, location_lng, review_id, review_date, review_experience_date, review_rate, user_name, user_link, user_id, extra, parent_url
Arcadia district, 25, 28, Neighborhoods & Neighborhoods, Europe & Ukraine & Odessa Oblast & Odessa & Things to Do in Odessa, 4.0, 46.43012, 30.762306, 129969443, 20120501, 20120501, 3.0, very-sunny, /Profile/very-sunny, 4c878aa02947e685ea17dd1360e5c2e3, Excellent : 162 & Very Good : 84 & Average : 66 & Poor : 32 & Terrible : 25, /Attraction_Review-g295368-d554872-Reviews-Arcadia_district-Odessa_Odessa_Oblast.html
Arcadia district, 25, 28, Neighborhoods & Neighborhoods, Europe & Ukraine & Odessa Oblast & Odessa & Things to Do in Odessa, 4.0, 46.43012, 30.762306, 129355663, 20120501, 20120501, 4.0, Anya L, /Profile/AnyaL671, 01b3f6dbcb2cb621a8c5d28e05df1584, Excellent : 162 & Very Good : 84 & Average : 66 & Poor : 32 & Terrible : 25, /Attraction_Review-g295368-d554872-Reviews-Arcadia_district-Odessa_Odessa_Oblast.html
Arcadia district, 25, 28, Neighborhoods & Neighborhoods, Europe & Ukraine & Odessa Oblast & Odessa & Things to Do in Odessa, 4.0, 46.43012, 30.762306, 127960683, 20120401, 20120401, 4.0, Wolfgang S, /Profile/Wolfgan100, 6e23c1526ef0088dd777677e9ddb4d45, Excellent : 162 & Very Good : 84 & Average : 66 & Poor : 32 & Terrible : 25, /Attraction_Review-g295368-d554872-Reviews-Arcadia_district-Odessa_Odessa_Oblast.html
Arcadia district, 25, 28, Neighborhoods & Neighborhoods, Europe & Ukraine & Odessa Oblast & Odessa & Things to Do in Odessa, 4.0, 46.43012, 30.762306, 126348219, 20120301, 20110701, 5.0, Aleksandr T, /Profile/AleksandrT_12, 63d52a678ad844331e1ab45cbbda95e8, Excellent : 162 & Very Good : 84 & Average : 66 & Poor : 32 & Terrible : 25, /Attraction_Review-g295368-d554872-Reviews-Arcadia_district-Odessa_Odessa_Oblast.html
Arcadia district, 25, 28, Neighborhoods & Neighborhoods, Europe & Ukraine & Odessa Oblast & Odessa & Things to Do in Odessa, 4.0, 46.43012, 30.762306, 125584403, 20120301, 20120301, 2.0, Robert S, /Profile/dorset38, 540e1dfab2d7d34b142cd356861d7fc3, Excellent : 162 & Very Good : 84 & Average : 66 & Poor : 32 & Terrible : 25, /Attraction_Review-g295368-d554872-Reviews-Arcadia_district-Odessa_Odessa_Oblast.html
