review_location_name, review_current_page, review_last_page, review_location_type, review_location_breadcrumbs, review_location_rate, location_lat, location_lng, review_id, review_date, review_experience_date, review_rate, user_name, user_link, user_id, extra, parent_url
The Odessa Port, 7, 28, Bodies of Water & Bodies of Water, Europe & Ukraine & Odessa Oblast & Odessa & Things to Do in Odessa, 4.0, 46.4895, 30.743805, 563631542, 20180301, 20170901, 2.0, cayseven, /Profile/cayseven, 5af974eaab70490268f192c093e11486, Excellent : 222 & Very Good : 118 & Average : 83 & Poor : 20 & Terrible : 6, /Attraction_Review-g295368-d554488-Reviews-The_Odessa_Port-Odessa_Odessa_Oblast.html
The Odessa Port, 7, 28, Bodies of Water & Bodies of Water, Europe & Ukraine & Odessa Oblast & Odessa & Things to Do in Odessa, 4.0, 46.4895, 30.743805, 537570644, 20171101, 20171001, 2.0, david-Christina, /Profile/david-Christina, 78598cd1ce2883586821a4792acbcf01, Excellent : 222 & Very Good : 118 & Average : 83 & Poor : 20 & Terrible : 6, /Attraction_Review-g295368-d554488-Reviews-The_Odessa_Port-Odessa_Odessa_Oblast.html
The Odessa Port, 7, 28, Bodies of Water & Bodies of Water, Europe & Ukraine & Odessa Oblast & Odessa & Things to Do in Odessa, 4.0, 46.4895, 30.743805, 528629202, 20170901, 20170901, 3.0, KTBergsten, /Profile/KTBergsten, ce3e0caaaa825d432eecace8efe335cc, Excellent : 222 & Very Good : 118 & Average : 83 & Poor : 20 & Terrible : 6, /Attraction_Review-g295368-d554488-Reviews-The_Odessa_Port-Odessa_Odessa_Oblast.html
The Odessa Port, 7, 28, Bodies of Water & Bodies of Water, Europe & Ukraine & Odessa Oblast & Odessa & Things to Do in Odessa, 4.0, 46.4895, 30.743805, 526916122, 20170901, 20170901, 4.0, Terje L, /Profile/terje444, 18fba0a936f67bb8d98a036761b432aa, Excellent : 222 & Very Good : 118 & Average : 83 & Poor : 20 & Terrible : 6, /Attraction_Review-g295368-d554488-Reviews-The_Odessa_Port-Odessa_Odessa_Oblast.html
The Odessa Port, 7, 28, Bodies of Water & Bodies of Water, Europe & Ukraine & Odessa Oblast & Odessa & Things to Do in Odessa, 4.0, 46.4895, 30.743805, 526306513, 20170901, 20170501, 4.0, Judgerld, /Profile/Judgerld, cdeec52e0b5577debcb6fca7319b1e5e, Excellent : 222 & Very Good : 118 & Average : 83 & Poor : 20 & Terrible : 6, /Attraction_Review-g295368-d554488-Reviews-The_Odessa_Port-Odessa_Odessa_Oblast.html
