review_location_name, review_current_page, review_last_page, review_location_type, review_location_breadcrumbs, review_location_rate, location_lat, location_lng, review_id, review_date, review_experience_date, review_rate, user_name, user_link, user_id, extra, parent_url
Odessa Archaeological Museum, 6, 7, History Museums & History Museums, Europe & Ukraine & Odessa Oblast & Odessa & Things to Do in Odessa, 4.0, 46.485027, 30.743431, 383320108, 20160601, 20160601, 4.0, Nicole B, /Profile/V1031VFnicoleb, de68fd6dbf2324e64ce2b1dfb9e3f4b5, Excellent : 38 & Very Good : 29 & Average : 19 & Poor : 1 & Terrible : 4, /Attraction_Review-g295368-d5503648-Reviews-Odessa_Archaeological_Museum-Odessa_Odessa_Oblast.html
Odessa Archaeological Museum, 6, 7, History Museums & History Museums, Europe & Ukraine & Odessa Oblast & Odessa & Things to Do in Odessa, 4.0, 46.485027, 30.743431, 375962499, 20160501, 20160501, 2.0, bobca1947, /Profile/bobca1947, 3d6be1efeed026c00fe93d257b2ed487, Excellent : 38 & Very Good : 29 & Average : 19 & Poor : 1 & Terrible : 4, /Attraction_Review-g295368-d5503648-Reviews-Odessa_Archaeological_Museum-Odessa_Odessa_Oblast.html
Odessa Archaeological Museum, 6, 7, History Museums & History Museums, Europe & Ukraine & Odessa Oblast & Odessa & Things to Do in Odessa, 4.0, 46.485027, 30.743431, 303604464, 20150801, 20150801, 5.0, Olena D, /Profile/900olenad, 39500558743bb4d7f73b8c00bc274a9e, Excellent : 38 & Very Good : 29 & Average : 19 & Poor : 1 & Terrible : 4, /Attraction_Review-g295368-d5503648-Reviews-Odessa_Archaeological_Museum-Odessa_Odessa_Oblast.html
Odessa Archaeological Museum, 6, 7, History Museums & History Museums, Europe & Ukraine & Odessa Oblast & Odessa & Things to Do in Odessa, 4.0, 46.485027, 30.743431, 270287081, 20150501, 20150501, 4.0, StarRanger, /Profile/StarRanger, 02c8dcc40ae8dd270edd1cd5ddf82edb, Excellent : 38 & Very Good : 29 & Average : 19 & Poor : 1 & Terrible : 4, /Attraction_Review-g295368-d5503648-Reviews-Odessa_Archaeological_Museum-Odessa_Odessa_Oblast.html
Odessa Archaeological Museum, 6, 7, History Museums & History Museums, Europe & Ukraine & Odessa Oblast & Odessa & Things to Do in Odessa, 4.0, 46.485027, 30.743431, 202783086, 20140401, 20130601, 5.0, ocean_breeze65, /Profile/ocean_breeze65, 3dd3eab72b0942f8efd42403827c3217, Excellent : 38 & Very Good : 29 & Average : 19 & Poor : 1 & Terrible : 4, /Attraction_Review-g295368-d5503648-Reviews-Odessa_Archaeological_Museum-Odessa_Odessa_Oblast.html
