review_location_name, review_current_page, review_last_page, review_location_type, review_location_breadcrumbs, review_location_rate, location_lat, location_lng, review_id, review_date, review_experience_date, review_rate, user_name, user_link, user_id, extra, parent_url
Museum of Western and Eastern Art, 4, 6, Specialty Museums & Specialty Museums, Europe & Ukraine & Odessa Oblast & Odessa & Things to Do in Odessa, 4.0, 46.482624, 30.742975, 456102698, 20170101, 20161201, 4.0, Sergei, /Profile/korjinho, 93938d1b00370256b4a02efadf7b62db, Excellent : 29 & Very Good : 24 & Average : 10 & Poor : 9 & Terrible : 1, /Attraction_Review-g295368-d554530-Reviews-Museum_of_Western_and_Eastern_Art-Odessa_Odessa_Oblast.html
Museum of Western and Eastern Art, 4, 6, Specialty Museums & Specialty Museums, Europe & Ukraine & Odessa Oblast & Odessa & Things to Do in Odessa, 4.0, 46.482624, 30.742975, 432931539, 20161001, 20161001, 3.0, Hubert60, /Profile/Hubert60, 91222848c384b66466340280c90a64ce, Excellent : 29 & Very Good : 24 & Average : 10 & Poor : 9 & Terrible : 1, /Attraction_Review-g295368-d554530-Reviews-Museum_of_Western_and_Eastern_Art-Odessa_Odessa_Oblast.html
Museum of Western and Eastern Art, 4, 6, Specialty Museums & Specialty Museums, Europe & Ukraine & Odessa Oblast & Odessa & Things to Do in Odessa, 4.0, 46.482624, 30.742975, 402911093, 20160801, 20160501, 5.0, 950alexanderv, /Profile/950alexanderv, 5168aaa16a3ad17b821c88bd4e60add7, Excellent : 29 & Very Good : 24 & Average : 10 & Poor : 9 & Terrible : 1, /Attraction_Review-g295368-d554530-Reviews-Museum_of_Western_and_Eastern_Art-Odessa_Odessa_Oblast.html
Museum of Western and Eastern Art, 4, 6, Specialty Museums & Specialty Museums, Europe & Ukraine & Odessa Oblast & Odessa & Things to Do in Odessa, 4.0, 46.482624, 30.742975, 382631006, 20160601, 20160501, 4.0, EH-Texas, /Profile/EH-Texas, 45f3edfb12f43f14f5a0c24c9f0fd32f, Excellent : 29 & Very Good : 24 & Average : 10 & Poor : 9 & Terrible : 1, /Attraction_Review-g295368-d554530-Reviews-Museum_of_Western_and_Eastern_Art-Odessa_Odessa_Oblast.html
Museum of Western and Eastern Art, 4, 6, Specialty Museums & Specialty Museums, Europe & Ukraine & Odessa Oblast & Odessa & Things to Do in Odessa, 4.0, 46.482624, 30.742975, 344945052, 20160201, 20150701, 5.0, Natalia_Vlasenko, /Profile/Natalia_Vlasenko, cc7afd0e330d6402e22ec26cf129b8bc, Excellent : 29 & Very Good : 24 & Average : 10 & Poor : 9 & Terrible : 1, /Attraction_Review-g295368-d554530-Reviews-Museum_of_Western_and_Eastern_Art-Odessa_Odessa_Oblast.html
