review_location_name, review_current_page, review_last_page, review_location_type, review_location_breadcrumbs, review_location_rate, location_lat, location_lng, review_id, review_date, review_experience_date, review_rate, user_name, user_link, user_id, extra, parent_url
Odessa Delphinarium Nemo, 4, 30, Aquariums & Aquariums, Europe & Ukraine & Odessa Oblast & Odessa & Things to Do in Odessa, 4.5, 46.477043, 30.765228, 670923661, 20190501, 20190501, 1.0, __Diana-M__, /Profile/DianaM12345, 35a30a3036f2e8953bd4493fd6b1a52a, Excellent : 477 & Very Good : 117 & Average : 42 & Poor : 21 & Terrible : 25, /Attraction_Review-g295368-d6027684-Reviews-Odessa_Delphinarium_Nemo-Odessa_Odessa_Oblast.html
Odessa Delphinarium Nemo, 4, 30, Aquariums & Aquariums, Europe & Ukraine & Odessa Oblast & Odessa & Things to Do in Odessa, 4.5, 46.477043, 30.765228, 669537148, 20190401, 20190401, 1.0, Mertsi L, /Profile/mertsil2018, 8601f598dead2064a0b32843a993a16a, Excellent : 477 & Very Good : 117 & Average : 42 & Poor : 21 & Terrible : 25, /Attraction_Review-g295368-d6027684-Reviews-Odessa_Delphinarium_Nemo-Odessa_Odessa_Oblast.html
Odessa Delphinarium Nemo, 4, 30, Aquariums & Aquariums, Europe & Ukraine & Odessa Oblast & Odessa & Things to Do in Odessa, 4.5, 46.477043, 30.765228, 667963190, 20190401, 20190401, 5.0, cicero68, /Profile/cicero68, a378f3d97f6be17c2a293e05b92b4ac8, Excellent : 477 & Very Good : 117 & Average : 42 & Poor : 21 & Terrible : 25, /Attraction_Review-g295368-d6027684-Reviews-Odessa_Delphinarium_Nemo-Odessa_Odessa_Oblast.html
Odessa Delphinarium Nemo, 4, 30, Aquariums & Aquariums, Europe & Ukraine & Odessa Oblast & Odessa & Things to Do in Odessa, 4.5, 46.477043, 30.765228, 659785077, 20190301, 20180901, 4.0, Frank a, /Profile/733franka, da91bdc62c7e3e4a5b1f4fc9052511c6, Excellent : 477 & Very Good : 117 & Average : 42 & Poor : 21 & Terrible : 25, /Attraction_Review-g295368-d6027684-Reviews-Odessa_Delphinarium_Nemo-Odessa_Odessa_Oblast.html
Odessa Delphinarium Nemo, 4, 30, Aquariums & Aquariums, Europe & Ukraine & Odessa Oblast & Odessa & Things to Do in Odessa, 4.5, 46.477043, 30.765228, 646914297, 20190101, 20190101, 5.0, Karolina S, /Profile/435karolinas, ea0b637cc3bebd68998b6c406174e3e7, Excellent : 477 & Very Good : 117 & Average : 42 & Poor : 21 & Terrible : 25, /Attraction_Review-g295368-d6027684-Reviews-Odessa_Delphinarium_Nemo-Odessa_Odessa_Oblast.html
