review_location_name, review_current_page, review_last_page, review_location_type, review_location_breadcrumbs, review_location_rate, location_lat, location_lng, review_id, review_date, review_experience_date, review_rate, user_name, user_link, user_id, extra, parent_url
Arcadia Beach, 4, 7, Beaches & Beaches, Europe & Ukraine & Odessa Oblast & Odessa & Things to Do in Odessa, 4.0, 46.427563, 30.766682, 592252601, 20180701, 20180601, 2.0, drmetal, /Profile/drmetal, 57e9806d76e9b0db9ecb57fd54601a00, Excellent : 58 & Very Good : 37 & Average : 32 & Poor : 15 & Terrible : 8, /Attraction_Review-g295368-d4547953-Reviews-Arcadia_Beach-Odessa_Odessa_Oblast.html
Arcadia Beach, 4, 7, Beaches & Beaches, Europe & Ukraine & Odessa Oblast & Odessa & Things to Do in Odessa, 4.0, 46.427563, 30.766682, 588724327, 20180601, 20180601, 4.0, Prasche, /Profile/Prasche, 2e3212376cc0a68b4e502e3e47ba841a, Excellent : 58 & Very Good : 37 & Average : 32 & Poor : 15 & Terrible : 8, /Attraction_Review-g295368-d4547953-Reviews-Arcadia_Beach-Odessa_Odessa_Oblast.html
Arcadia Beach, 4, 7, Beaches & Beaches, Europe & Ukraine & Odessa Oblast & Odessa & Things to Do in Odessa, 4.0, 46.427563, 30.766682, 557198654, 20180101, 20170701, 1.0, Olena S, /Profile/olenas2016, c97ac2aca27824662144f6b2596e7919, Excellent : 58 & Very Good : 37 & Average : 32 & Poor : 15 & Terrible : 8, /Attraction_Review-g295368-d4547953-Reviews-Arcadia_Beach-Odessa_Odessa_Oblast.html
Arcadia Beach, 4, 7, Beaches & Beaches, Europe & Ukraine & Odessa Oblast & Odessa & Things to Do in Odessa, 4.0, 46.427563, 30.766682, 520815541, 20170901, 20170901, 4.0, Tanju Z, /Profile/tanjuz, 5a383f62f5a72f1e836d6f36ebebb250, Excellent : 58 & Very Good : 37 & Average : 32 & Poor : 15 & Terrible : 8, /Attraction_Review-g295368-d4547953-Reviews-Arcadia_Beach-Odessa_Odessa_Oblast.html
Arcadia Beach, 4, 7, Beaches & Beaches, Europe & Ukraine & Odessa Oblast & Odessa & Things to Do in Odessa, 4.0, 46.427563, 30.766682, 505357500, 20170701, 20170701, 5.0, Ashot81, /Profile/Ashot81, 7fa9a9b60bcd1c069580ad31e531412a, Excellent : 58 & Very Good : 37 & Average : 32 & Poor : 15 & Terrible : 8, /Attraction_Review-g295368-d4547953-Reviews-Arcadia_Beach-Odessa_Odessa_Oblast.html
