review_location_name, review_current_page, review_last_page, review_location_type, review_location_breadcrumbs, review_location_rate, location_lat, location_lng, review_id, review_date, review_experience_date, review_rate, user_name, user_link, user_id, extra, parent_url
T. Shevchenko Central Park of Culture and Recreation, 1, 5, Parks & Parks, Europe & Ukraine & Odessa Oblast & Odessa & Things to Do in Odessa, 4.5, 46.48342, 30.75021, 779748298, 20201201, 20200701, 5.0, UriusT, /Profile/UriusT, 681036d47ba7aa082879273b343aa656, Excellent : 64 & Very Good : 40 & Average : 10 & Poor : 3 & Terrible : 0, /Attraction_Review-g295368-d6502733-Reviews-T_Shevchenko_Central_Park_of_Culture_and_Recreation-Odessa_Odessa_Oblast.html
T. Shevchenko Central Park of Culture and Recreation, 1, 5, Parks & Parks, Europe & Ukraine & Odessa Oblast & Odessa & Things to Do in Odessa, 4.5, 46.48342, 30.75021, 739038634, 20200101, 20200101, 4.0, Garry L, /Profile/garrygleitch, d8553b263b854b896878c766ab8aa1e7, Excellent : 64 & Very Good : 40 & Average : 10 & Poor : 3 & Terrible : 0, /Attraction_Review-g295368-d6502733-Reviews-T_Shevchenko_Central_Park_of_Culture_and_Recreation-Odessa_Odessa_Oblast.html
T. Shevchenko Central Park of Culture and Recreation, 1, 5, Parks & Parks, Europe & Ukraine & Odessa Oblast & Odessa & Things to Do in Odessa, 4.5, 46.48342, 30.75021, 712857117, 20190901, 20190901, 5.0, Eddie Gray, /Profile/idealjourney, 1c3bf8df274a3eccfb75a387cb597d11, Excellent : 64 & Very Good : 40 & Average : 10 & Poor : 3 & Terrible : 0, /Attraction_Review-g295368-d6502733-Reviews-T_Shevchenko_Central_Park_of_Culture_and_Recreation-Odessa_Odessa_Oblast.html
T. Shevchenko Central Park of Culture and Recreation, 1, 5, Parks & Parks, Europe & Ukraine & Odessa Oblast & Odessa & Things to Do in Odessa, 4.5, 46.48342, 30.75021, 673148994, 20190501, 20190501, 5.0, Yali L, /Profile/97yalil, 1d1cb83863f65af33b18b6abba0117e4, Excellent : 64 & Very Good : 40 & Average : 10 & Poor : 3 & Terrible : 0, /Attraction_Review-g295368-d6502733-Reviews-T_Shevchenko_Central_Park_of_Culture_and_Recreation-Odessa_Odessa_Oblast.html
T. Shevchenko Central Park of Culture and Recreation, 1, 5, Parks & Parks, Europe & Ukraine & Odessa Oblast & Odessa & Things to Do in Odessa, 4.5, 46.48342, 30.75021, 657290487, 20190301, 20190301, 4.0, Tim M, /Profile/zich6, c688252160c2d6e7c434c9ad56e90524, Excellent : 64 & Very Good : 40 & Average : 10 & Poor : 3 & Terrible : 0, /Attraction_Review-g295368-d6502733-Reviews-T_Shevchenko_Central_Park_of_Culture_and_Recreation-Odessa_Odessa_Oblast.html
