review_location_name, review_current_page, review_last_page, review_location_type, review_location_breadcrumbs, review_location_rate, location_lat, location_lng, review_id, review_date, review_experience_date, review_rate, user_name, user_link, user_id, extra, parent_url
City Garden, 32, 42, Parks & Parks, Europe & Ukraine & Odessa Oblast & Odessa & Things to Do in Odessa, 4.5, 46.48411, 30.73881, 279244882, 20150601, 20150501, 5.0, Marmanik, /Profile/Marmanik, 9e14cd4bfefb4595faf75163a3e050ed, Excellent : 336 & Very Good : 137 & Average : 38 & Poor : 5 & Terrible : 2, /Attraction_Review-g295368-d554490-Reviews-City_Garden-Odessa_Odessa_Oblast.html
City Garden, 32, 42, Parks & Parks, Europe & Ukraine & Odessa Oblast & Odessa & Things to Do in Odessa, 4.5, 46.48411, 30.73881, 275354993, 20150501, 20150501, 5.0, DermDude1, /Profile/DermDude1, 88b51449ff0deea47c908ba22331d763, Excellent : 336 & Very Good : 137 & Average : 38 & Poor : 5 & Terrible : 2, /Attraction_Review-g295368-d554490-Reviews-City_Garden-Odessa_Odessa_Oblast.html
City Garden, 32, 42, Parks & Parks, Europe & Ukraine & Odessa Oblast & Odessa & Things to Do in Odessa, 4.5, 46.48411, 30.73881, 272326790, 20150501, 20150501, 4.0, Chris W, /Profile/K95OOchrisw, 13d3d97f48f9152ac0300dd8845345d9, Excellent : 336 & Very Good : 137 & Average : 38 & Poor : 5 & Terrible : 2, /Attraction_Review-g295368-d554490-Reviews-City_Garden-Odessa_Odessa_Oblast.html
City Garden, 32, 42, Parks & Parks, Europe & Ukraine & Odessa Oblast & Odessa & Things to Do in Odessa, 4.5, 46.48411, 30.73881, 272184912, 20150501, 20150501, 4.0, bathpair, /Profile/bathpair, 7ac9621e5d43ed70fac4a1b454fcc31f, Excellent : 336 & Very Good : 137 & Average : 38 & Poor : 5 & Terrible : 2, /Attraction_Review-g295368-d554490-Reviews-City_Garden-Odessa_Odessa_Oblast.html
City Garden, 32, 42, Parks & Parks, Europe & Ukraine & Odessa Oblast & Odessa & Things to Do in Odessa, 4.5, 46.48411, 30.73881, 256320110, 20150201, 20150201, 5.0, marycush, /Profile/marycush, b64691c3a6e81d28f0dafc481d6aea4a, Excellent : 336 & Very Good : 137 & Average : 38 & Poor : 5 & Terrible : 2, /Attraction_Review-g295368-d554490-Reviews-City_Garden-Odessa_Odessa_Oblast.html
