review_location_name, review_current_page, review_last_page, review_location_type, review_location_breadcrumbs, review_location_rate, location_lat, location_lng, review_id, review_date, review_experience_date, review_rate, user_name, user_link, user_id, extra, parent_url
Arcadia district, 9, 28, Neighborhoods & Neighborhoods, Europe & Ukraine & Odessa Oblast & Odessa & Things to Do in Odessa, 4.0, 46.43012, 30.762306, 485708390, 20170501, 20170501, 4.0, T O, /Profile/to428, 788ef1ffcda67192844608b01a7ee5f6, Excellent : 162 & Very Good : 84 & Average : 66 & Poor : 32 & Terrible : 25, /Attraction_Review-g295368-d554872-Reviews-Arcadia_district-Odessa_Odessa_Oblast.html
Arcadia district, 9, 28, Neighborhoods & Neighborhoods, Europe & Ukraine & Odessa Oblast & Odessa & Things to Do in Odessa, 4.0, 46.43012, 30.762306, 465873849, 20170301, 20170301, 5.0, prefectus, /Profile/prefectus, 7788a47ec946312dabcf6f7f29d5e8a1, Excellent : 162 & Very Good : 84 & Average : 66 & Poor : 32 & Terrible : 25, /Attraction_Review-g295368-d554872-Reviews-Arcadia_district-Odessa_Odessa_Oblast.html
Arcadia district, 9, 28, Neighborhoods & Neighborhoods, Europe & Ukraine & Odessa Oblast & Odessa & Things to Do in Odessa, 4.0, 46.43012, 30.762306, 443170081, 20161201, 20160901, 5.0, Alyona205, /Profile/Alyona205, 0b0d7f7515bdfa2c0b934b2cea88e96c, Excellent : 162 & Very Good : 84 & Average : 66 & Poor : 32 & Terrible : 25, /Attraction_Review-g295368-d554872-Reviews-Arcadia_district-Odessa_Odessa_Oblast.html
Arcadia district, 9, 28, Neighborhoods & Neighborhoods, Europe & Ukraine & Odessa Oblast & Odessa & Things to Do in Odessa, 4.0, 46.43012, 30.762306, 436076649, 20161101, 20160901, 3.0, Alex I, /Profile/987alexi, 87d40c347a2a9f6d6eff021911f471c0, Excellent : 162 & Very Good : 84 & Average : 66 & Poor : 32 & Terrible : 25, /Attraction_Review-g295368-d554872-Reviews-Arcadia_district-Odessa_Odessa_Oblast.html
Arcadia district, 9, 28, Neighborhoods & Neighborhoods, Europe & Ukraine & Odessa Oblast & Odessa & Things to Do in Odessa, 4.0, 46.43012, 30.762306, 429839162, 20161001, 20160701, 5.0, gerardd408, /Profile/gerardd408, 98434a7fdc9070e7c9990b6e98873d57, Excellent : 162 & Very Good : 84 & Average : 66 & Poor : 32 & Terrible : 25, /Attraction_Review-g295368-d554872-Reviews-Arcadia_district-Odessa_Odessa_Oblast.html
