review_location_name, review_current_page, review_last_page, review_location_type, review_location_breadcrumbs, review_location_rate, location_lat, location_lng, review_id, review_date, review_experience_date, review_rate, user_name, user_link, user_id, extra, parent_url
Pushkin Museum, 2, 3, Specialty Museums & Specialty Museums, Europe & Ukraine & Odessa Oblast & Odessa & Things to Do in Odessa, 4.0, 46.481594, 30.742882, 183785567, 20131101, 20131001, 5.0, maria_krasa, /Profile/maria_krasa, dffd3a9e59cb48212037e5a6d209da07, Excellent : 12 & Very Good : 11 & Average : 10 & Poor : 3 & Terrible : 0, /Attraction_Review-g295368-d2302414-Reviews-Pushkin_Museum-Odessa_Odessa_Oblast.html
Pushkin Museum, 2, 3, Specialty Museums & Specialty Museums, Europe & Ukraine & Odessa Oblast & Odessa & Things to Do in Odessa, 4.0, 46.481594, 30.742882, 176613092, 20130901, 20130901, 3.0, LadyFlander, /Profile/LadyFlander, 5d025cc23fbffebebf312d498f25c3f7, Excellent : 12 & Very Good : 11 & Average : 10 & Poor : 3 & Terrible : 0, /Attraction_Review-g295368-d2302414-Reviews-Pushkin_Museum-Odessa_Odessa_Oblast.html
Pushkin Museum, 2, 3, Specialty Museums & Specialty Museums, Europe & Ukraine & Odessa Oblast & Odessa & Things to Do in Odessa, 4.0, 46.481594, 30.742882, 170252326, 20130801, 20130701, 3.0, LTW1234, /Profile/LTW1234, 83055b37ca01d68aec2d44164864d8ea, Excellent : 12 & Very Good : 11 & Average : 10 & Poor : 3 & Terrible : 0, /Attraction_Review-g295368-d2302414-Reviews-Pushkin_Museum-Odessa_Odessa_Oblast.html
Pushkin Museum, 2, 3, Specialty Museums & Specialty Museums, Europe & Ukraine & Odessa Oblast & Odessa & Things to Do in Odessa, 4.0, 46.481594, 30.742882, 159177450, 20130401, 20120501, 4.0, cybertraveller_7, /Profile/cybertraveller_7, d9d954326b53ff94865c0c8cd3d9b525, Excellent : 12 & Very Good : 11 & Average : 10 & Poor : 3 & Terrible : 0, /Attraction_Review-g295368-d2302414-Reviews-Pushkin_Museum-Odessa_Odessa_Oblast.html
Pushkin Museum, 2, 3, Specialty Museums & Specialty Museums, Europe & Ukraine & Odessa Oblast & Odessa & Things to Do in Odessa, 4.0, 46.481594, 30.742882, 155199251, 20130301, 20120601, 5.0, TripMember08192015, /Profile/TripMember08192015, 45a4e1e4560c17e9a9dc597256fae1ce, Excellent : 12 & Very Good : 11 & Average : 10 & Poor : 3 & Terrible : 0, /Attraction_Review-g295368-d2302414-Reviews-Pushkin_Museum-Odessa_Odessa_Oblast.html
