review_location_name, review_current_page, review_last_page, review_location_type, review_location_breadcrumbs, review_location_rate, location_lat, location_lng, review_id, review_date, review_experience_date, review_rate, user_name, user_link, user_id, extra, parent_url
Partisan Glory Museum, None, None, Specialty Museums & Specialty Museums, Europe & Ukraine & Odessa Oblast & Nerubayskoye & Things to Do in Nerubayskoye, 4.5, 46.42257, 30.72419, 635887248, 20181101, 20180901, 5.0, Charley44, /Profile/Charley44, b86831429a35f3d6c937ee913db07c08, Excellent : 12 & Very Good : 1 & Average : 1 & Poor : 0 & Terrible : 1, /Attraction_Review-g6973110-d6965514-Reviews-Partisan_Glory_Museum-Nerubayskoye_Odessa_Oblast.html
Partisan Glory Museum, None, None, Specialty Museums & Specialty Museums, Europe & Ukraine & Odessa Oblast & Nerubayskoye & Things to Do in Nerubayskoye, 4.5, 46.42257, 30.72419, 627672487, 20181001, 20181001, 1.0, maarten m, /Profile/NmaartenN, 74bd2a60f39fe689bc733e49c09ceb53, Excellent : 12 & Very Good : 1 & Average : 1 & Poor : 0 & Terrible : 1, /Attraction_Review-g6973110-d6965514-Reviews-Partisan_Glory_Museum-Nerubayskoye_Odessa_Oblast.html
Partisan Glory Museum, None, None, Specialty Museums & Specialty Museums, Europe & Ukraine & Odessa Oblast & Nerubayskoye & Things to Do in Nerubayskoye, 4.5, 46.42257, 30.72419, 600742737, 20180701, 20180701, 5.0, AndersUA, /Profile/AndersUA, 8e1b1e5e1bcb6460ad6fd49acc1f0417, Excellent : 12 & Very Good : 1 & Average : 1 & Poor : 0 & Terrible : 1, /Attraction_Review-g6973110-d6965514-Reviews-Partisan_Glory_Museum-Nerubayskoye_Odessa_Oblast.html
Partisan Glory Museum, None, None, Specialty Museums & Specialty Museums, Europe & Ukraine & Odessa Oblast & Nerubayskoye & Things to Do in Nerubayskoye, 4.5, 46.42257, 30.72419, 478190795, 20170401, 20170401, 5.0, Inna B, /Profile/898innab, 74059d20730c99f13318e2d633c08d7b, Excellent : 12 & Very Good : 1 & Average : 1 & Poor : 0 & Terrible : 1, /Attraction_Review-g6973110-d6965514-Reviews-Partisan_Glory_Museum-Nerubayskoye_Odessa_Oblast.html
Partisan Glory Museum, None, None, Specialty Museums & Specialty Museums, Europe & Ukraine & Odessa Oblast & Nerubayskoye & Things to Do in Nerubayskoye, 4.5, 46.42257, 30.72419, 306005105, 20150901, 20150801, 5.0, prapul29, /Profile/prapul29, b5e105cc8dc56900bba0772820702f47, Excellent : 12 & Very Good : 1 & Average : 1 & Poor : 0 & Terrible : 1, /Attraction_Review-g6973110-d6965514-Reviews-Partisan_Glory_Museum-Nerubayskoye_Odessa_Oblast.html
