review_location_name, review_current_page, review_last_page, review_location_type, review_location_breadcrumbs, review_location_rate, location_lat, location_lng, review_id, review_date, review_experience_date, review_rate, user_name, user_link, user_id, extra, parent_url
Museum of Western and Eastern Art, 1, 6, Specialty Museums & Specialty Museums, Europe & Ukraine & Odessa Oblast & Odessa & Things to Do in Odessa, 4.0, 46.482624, 30.742975, 779747592, 20201201, 20200101, 5.0, UriusT, /Profile/UriusT, 681036d47ba7aa082879273b343aa656, Excellent : 29 & Very Good : 24 & Average : 10 & Poor : 9 & Terrible : 1, /Attraction_Review-g295368-d554530-Reviews-Museum_of_Western_and_Eastern_Art-Odessa_Odessa_Oblast.html
Museum of Western and Eastern Art, 1, 6, Specialty Museums & Specialty Museums, Europe & Ukraine & Odessa Oblast & Odessa & Things to Do in Odessa, 4.0, 46.482624, 30.742975, 765370846, 20200801, 20200801, 4.0, Dina, /Profile/DinaUR, 61ac6e59206cc5e715af4f044e8bbd2e, Excellent : 29 & Very Good : 24 & Average : 10 & Poor : 9 & Terrible : 1, /Attraction_Review-g295368-d554530-Reviews-Museum_of_Western_and_Eastern_Art-Odessa_Odessa_Oblast.html
Museum of Western and Eastern Art, 1, 6, Specialty Museums & Specialty Museums, Europe & Ukraine & Odessa Oblast & Odessa & Things to Do in Odessa, 4.0, 46.482624, 30.742975, 740857102, 20200101, 20190801, 5.0, Dima C, /Profile/556dimac, cfa5034f2c647df3c73277141334dc59, Excellent : 29 & Very Good : 24 & Average : 10 & Poor : 9 & Terrible : 1, /Attraction_Review-g295368-d554530-Reviews-Museum_of_Western_and_Eastern_Art-Odessa_Odessa_Oblast.html
Museum of Western and Eastern Art, 1, 6, Specialty Museums & Specialty Museums, Europe & Ukraine & Odessa Oblast & Odessa & Things to Do in Odessa, 4.0, 46.482624, 30.742975, 720514306, 20191001, 20190901, 4.0, shiraziwine, /Profile/shiraziwine, 88e98174b9dcfe03749d0b3258e754af, Excellent : 29 & Very Good : 24 & Average : 10 & Poor : 9 & Terrible : 1, /Attraction_Review-g295368-d554530-Reviews-Museum_of_Western_and_Eastern_Art-Odessa_Odessa_Oblast.html
Museum of Western and Eastern Art, 1, 6, Specialty Museums & Specialty Museums, Europe & Ukraine & Odessa Oblast & Odessa & Things to Do in Odessa, 4.0, 46.482624, 30.742975, 720095615, 20191001, 20191001, 4.0, Paul H, /Profile/paulhA5176UG, 3f17fc8dec35ce3aa386e42c0af9982a, Excellent : 29 & Very Good : 24 & Average : 10 & Poor : 9 & Terrible : 1, /Attraction_Review-g295368-d554530-Reviews-Museum_of_Western_and_Eastern_Art-Odessa_Odessa_Oblast.html
