review_location_name, review_current_page, review_last_page, review_location_type, review_location_breadcrumbs, review_location_rate, location_lat, location_lng, review_id, review_date, review_experience_date, review_rate, user_name, user_link, user_id, extra, parent_url
Aquapark Hawaii, 1, 2, Water Parks & Water Parks, Europe & Ukraine & Odessa Oblast & Odessa & Things to Do in Odessa, 4.0, 46.42868, 30.765478, 701231306, 20190801, 20190801, 5.0, vignesh v, /Profile/vigneshv410, e35c21fb911d325a41067ccc7f33d811, Excellent : 45 & Very Good : 6 & Average : 6 & Poor : 6 & Terrible : 10, /Attraction_Review-g295368-d10423619-Reviews-Aquapark_Hawaii-Odessa_Odessa_Oblast.html
Aquapark Hawaii, 1, 2, Water Parks & Water Parks, Europe & Ukraine & Odessa Oblast & Odessa & Things to Do in Odessa, 4.0, 46.42868, 30.765478, 677518492, 20190501, 20180601, 5.0, Fırat Z, /Profile/firatzehavi, 16397b0192e50d6355c7babdfa3cd7d7, Excellent : 45 & Very Good : 6 & Average : 6 & Poor : 6 & Terrible : 10, /Attraction_Review-g295368-d10423619-Reviews-Aquapark_Hawaii-Odessa_Odessa_Oblast.html
Aquapark Hawaii, 1, 2, Water Parks & Water Parks, Europe & Ukraine & Odessa Oblast & Odessa & Things to Do in Odessa, 4.0, 46.42868, 30.765478, 614914217, 20180901, 20180701, 3.0, Biteviye, /Profile/Biteviye, 3dbd267a6319e9809414608bae00b1ef, Excellent : 45 & Very Good : 6 & Average : 6 & Poor : 6 & Terrible : 10, /Attraction_Review-g295368-d10423619-Reviews-Aquapark_Hawaii-Odessa_Odessa_Oblast.html
Aquapark Hawaii, 1, 2, Water Parks & Water Parks, Europe & Ukraine & Odessa Oblast & Odessa & Things to Do in Odessa, 4.0, 46.42868, 30.765478, 611018621, 20180801, 20180801, 4.0, osama, /Profile/osama11h, 9a442f374bcd48749fb9fe1e39b47290, Excellent : 45 & Very Good : 6 & Average : 6 & Poor : 6 & Terrible : 10, /Attraction_Review-g295368-d10423619-Reviews-Aquapark_Hawaii-Odessa_Odessa_Oblast.html
Aquapark Hawaii, 1, 2, Water Parks & Water Parks, Europe & Ukraine & Odessa Oblast & Odessa & Things to Do in Odessa, 4.0, 46.42868, 30.765478, 599500077, 20180701, 20180701, 5.0, Elias I, /Profile/541eliasi, d1d90e9c7dd54d8a5a876f6992ee2361, Excellent : 45 & Very Good : 6 & Average : 6 & Poor : 6 & Terrible : 10, /Attraction_Review-g295368-d10423619-Reviews-Aquapark_Hawaii-Odessa_Odessa_Oblast.html
