review_location_name, review_current_page, review_last_page, review_location_type, review_location_breadcrumbs, review_location_rate, location_lat, location_lng, review_id, review_date, review_experience_date, review_rate, user_name, user_link, user_id, extra, parent_url
Museum of Western and Eastern Art, 5, 6, Specialty Museums & Specialty Museums, Europe & Ukraine & Odessa Oblast & Odessa & Things to Do in Odessa, 4.0, 46.482624, 30.742975, 191063004, 20140101, 20131201, 3.0, Krzysztof F, /Profile/chrisfugiel, 9e1e0b26ecf513b7626702c69d411259, Excellent : 29 & Very Good : 24 & Average : 10 & Poor : 9 & Terrible : 1, /Attraction_Review-g295368-d554530-Reviews-Museum_of_Western_and_Eastern_Art-Odessa_Odessa_Oblast.html
Museum of Western and Eastern Art, 5, 6, Specialty Museums & Specialty Museums, Europe & Ukraine & Odessa Oblast & Odessa & Things to Do in Odessa, 4.0, 46.482624, 30.742975, 176613354, 20130901, 20130901, 2.0, LadyFlander, /Profile/LadyFlander, 5d025cc23fbffebebf312d498f25c3f7, Excellent : 29 & Very Good : 24 & Average : 10 & Poor : 9 & Terrible : 1, /Attraction_Review-g295368-d554530-Reviews-Museum_of_Western_and_Eastern_Art-Odessa_Odessa_Oblast.html
Museum of Western and Eastern Art, 5, 6, Specialty Museums & Specialty Museums, Europe & Ukraine & Odessa Oblast & Odessa & Things to Do in Odessa, 4.0, 46.482624, 30.742975, 157787110, 20130401, 20130401, 2.0, SenYan, /Profile/SenYan, 0e3260dbcc572d55f1b7da73d75ee02c, Excellent : 29 & Very Good : 24 & Average : 10 & Poor : 9 & Terrible : 1, /Attraction_Review-g295368-d554530-Reviews-Museum_of_Western_and_Eastern_Art-Odessa_Odessa_Oblast.html
Museum of Western and Eastern Art, 5, 6, Specialty Museums & Specialty Museums, Europe & Ukraine & Odessa Oblast & Odessa & Things to Do in Odessa, 4.0, 46.482624, 30.742975, 149268347, 20130101, 20130101, 2.0, Traceratio, /Profile/Traceratio, b1c26c0ad52ed17105c38f85a6b65358, Excellent : 29 & Very Good : 24 & Average : 10 & Poor : 9 & Terrible : 1, /Attraction_Review-g295368-d554530-Reviews-Museum_of_Western_and_Eastern_Art-Odessa_Odessa_Oblast.html
Museum of Western and Eastern Art, 5, 6, Specialty Museums & Specialty Museums, Europe & Ukraine & Odessa Oblast & Odessa & Things to Do in Odessa, 4.0, 46.482624, 30.742975, 142938078, 20121001, 20120101, 4.0, Barrie_Hebb, /Profile/Barrie_Hebb, 08c1638b235b19f64c0f78d249e492b5, Excellent : 29 & Very Good : 24 & Average : 10 & Poor : 9 & Terrible : 1, /Attraction_Review-g295368-d554530-Reviews-Museum_of_Western_and_Eastern_Art-Odessa_Odessa_Oblast.html
