review_location_name, review_current_page, review_last_page, review_location_type, review_location_breadcrumbs, review_location_rate, location_lat, location_lng, review_id, review_date, review_experience_date, review_rate, user_name, user_link, user_id, extra, parent_url
Catacombs of Odessa, 15, 17, Specialty Museums & Caverns & Caves & Mines & Specialty Museums & Caverns & Caves & Mines, Europe & Ukraine & Odessa Oblast & Nerubayskoye & Things to Do in Nerubayskoye, 4.5, 46.537766, 30.626232, 137394332, 20120801, 20120801, 4.0, Kompanek, /Profile/Kompanek, 6e37beeffa9896fe89836c06aae2a5f1, Excellent : 137 & Very Good : 40 & Average : 13 & Poor : 4 & Terrible : 1, /Attraction_Review-g6973110-d554493-Reviews-Catacombs_of_Odessa-Nerubayskoye_Odessa_Oblast.html
Catacombs of Odessa, 15, 17, Specialty Museums & Caverns & Caves & Mines & Specialty Museums & Caverns & Caves & Mines, Europe & Ukraine & Odessa Oblast & Nerubayskoye & Things to Do in Nerubayskoye, 4.5, 46.537766, 30.626232, 136414793, 20120801, 20120701, 5.0, bookjd, /Profile/bookjd, 71183f9384dd2e4b117d598448f2b482, Excellent : 137 & Very Good : 40 & Average : 13 & Poor : 4 & Terrible : 1, /Attraction_Review-g6973110-d554493-Reviews-Catacombs_of_Odessa-Nerubayskoye_Odessa_Oblast.html
Catacombs of Odessa, 15, 17, Specialty Museums & Caverns & Caves & Mines & Specialty Museums & Caverns & Caves & Mines, Europe & Ukraine & Odessa Oblast & Nerubayskoye & Things to Do in Nerubayskoye, 4.5, 46.537766, 30.626232, 132471941, 20120601, 20110701, 5.0, Tatiana T, /Profile/TatianaT19, 3f761091e07ccd376552079deae2f070, Excellent : 137 & Very Good : 40 & Average : 13 & Poor : 4 & Terrible : 1, /Attraction_Review-g6973110-d554493-Reviews-Catacombs_of_Odessa-Nerubayskoye_Odessa_Oblast.html
Catacombs of Odessa, 15, 17, Specialty Museums & Caverns & Caves & Mines & Specialty Museums & Caverns & Caves & Mines, Europe & Ukraine & Odessa Oblast & Nerubayskoye & Things to Do in Nerubayskoye, 4.5, 46.537766, 30.626232, 130646622, 20120501, 20120501, 3.0, zhenya, /Profile/zhenya, 5d0bd1801c81a4a1ea9e03a8abf461e9, Excellent : 137 & Very Good : 40 & Average : 13 & Poor : 4 & Terrible : 1, /Attraction_Review-g6973110-d554493-Reviews-Catacombs_of_Odessa-Nerubayskoye_Odessa_Oblast.html
Catacombs of Odessa, 15, 17, Specialty Museums & Caverns & Caves & Mines & Specialty Museums & Caverns & Caves & Mines, Europe & Ukraine & Odessa Oblast & Nerubayskoye & Things to Do in Nerubayskoye, 4.5, 46.537766, 30.626232, 130506414, 20120501, 20120501, 5.0, anjru, /Profile/anjru, ddf39b2f3e0cceffb8dcc14bef6131be, Excellent : 137 & Very Good : 40 & Average : 13 & Poor : 4 & Terrible : 1, /Attraction_Review-g6973110-d554493-Reviews-Catacombs_of_Odessa-Nerubayskoye_Odessa_Oblast.html
