review_location_name, review_current_page, review_last_page, review_location_type, review_location_breadcrumbs, review_location_rate, location_lat, location_lng, review_id, review_date, review_experience_date, review_rate, user_name, user_link, user_id, extra, parent_url
City Garden, 3, 42, Parks & Parks, Europe & Ukraine & Odessa Oblast & Odessa & Things to Do in Odessa, 4.5, 46.48411, 30.73881, 694411141, 20190701, 20190701, 5.0, zugvogel2017, /Profile/zugvogel2017, 09bef50cd8d6229f03db451bd7da8dff, Excellent : 336 & Very Good : 137 & Average : 38 & Poor : 5 & Terrible : 2, /Attraction_Review-g295368-d554490-Reviews-City_Garden-Odessa_Odessa_Oblast.html
City Garden, 3, 42, Parks & Parks, Europe & Ukraine & Odessa Oblast & Odessa & Things to Do in Odessa, 4.5, 46.48411, 30.73881, 686232522, 20190701, 20190601, 5.0, napacapt, /Profile/napacapt, 26b3007c3495f1cbefef0d68a0729be8, Excellent : 336 & Very Good : 137 & Average : 38 & Poor : 5 & Terrible : 2, /Attraction_Review-g295368-d554490-Reviews-City_Garden-Odessa_Odessa_Oblast.html
City Garden, 3, 42, Parks & Parks, Europe & Ukraine & Odessa Oblast & Odessa & Things to Do in Odessa, 4.5, 46.48411, 30.73881, 682178643, 20190601, 20190601, 5.0, John R, /Profile/339JohnR, e71555d152f731b071e554364a3ad365, Excellent : 336 & Very Good : 137 & Average : 38 & Poor : 5 & Terrible : 2, /Attraction_Review-g295368-d554490-Reviews-City_Garden-Odessa_Odessa_Oblast.html
City Garden, 3, 42, Parks & Parks, Europe & Ukraine & Odessa Oblast & Odessa & Things to Do in Odessa, 4.5, 46.48411, 30.73881, 679507710, 20190601, 20190601, 5.0, nturk2013, /Profile/nturk2013, bcaad0cf83b984d271df9b6fde490a0f, Excellent : 336 & Very Good : 137 & Average : 38 & Poor : 5 & Terrible : 2, /Attraction_Review-g295368-d554490-Reviews-City_Garden-Odessa_Odessa_Oblast.html
City Garden, 3, 42, Parks & Parks, Europe & Ukraine & Odessa Oblast & Odessa & Things to Do in Odessa, 4.5, 46.48411, 30.73881, 677729125, 20190501, 20190401, 4.0, KittyK950, /Profile/KittyK950, f6bbec1f7b34b91230c0c2d99ec2dea7, Excellent : 336 & Very Good : 137 & Average : 38 & Poor : 5 & Terrible : 2, /Attraction_Review-g295368-d554490-Reviews-City_Garden-Odessa_Odessa_Oblast.html
