review_location_name, review_current_page, review_last_page, review_location_type, review_location_breadcrumbs, review_location_rate, location_lat, location_lng, review_id, review_date, review_experience_date, review_rate, user_name, user_link, user_id, extra, parent_url
Muzeum Literatury, 1, 3, Specialty Museums & Specialty Museums, Europe & Ukraine & Odessa Oblast & Odessa & Things to Do in Odessa, 4.0, 46.484917, 30.744673, 720893642, 20191001, 20191001, 5.0, Daydreamer58, /Profile/Daydreamer58, 113b81556432b13d3d1aa25a22f8de3b, Excellent : 32 & Very Good : 11 & Average : 10 & Poor : 2 & Terrible : 4, /Attraction_Review-g295368-d3208879-Reviews-Muzeum_Literatury-Odessa_Odessa_Oblast.html
Muzeum Literatury, 1, 3, Specialty Museums & Specialty Museums, Europe & Ukraine & Odessa Oblast & Odessa & Things to Do in Odessa, 4.0, 46.484917, 30.744673, 717518171, 20191001, 20191001, 4.0, RedSparklet, /Profile/RedSparklet, 90aec2e7851688ec345b26f80d98b07e, Excellent : 32 & Very Good : 11 & Average : 10 & Poor : 2 & Terrible : 4, /Attraction_Review-g295368-d3208879-Reviews-Muzeum_Literatury-Odessa_Odessa_Oblast.html
Muzeum Literatury, 1, 3, Specialty Museums & Specialty Museums, Europe & Ukraine & Odessa Oblast & Odessa & Things to Do in Odessa, 4.0, 46.484917, 30.744673, 688499553, 20190701, 20190701, 1.0, Jenny, /Profile/jennytravelsto, 669d12707dadede82d85dc747e3398b2, Excellent : 32 & Very Good : 11 & Average : 10 & Poor : 2 & Terrible : 4, /Attraction_Review-g295368-d3208879-Reviews-Muzeum_Literatury-Odessa_Odessa_Oblast.html
Muzeum Literatury, 1, 3, Specialty Museums & Specialty Museums, Europe & Ukraine & Odessa Oblast & Odessa & Things to Do in Odessa, 4.0, 46.484917, 30.744673, 629593573, 20181001, 20181001, 5.0, Andreas Michaelides, /Profile/thirsty4health, 62e3bb7c9d37977895b1c4cb84c6504c, Excellent : 32 & Very Good : 11 & Average : 10 & Poor : 2 & Terrible : 4, /Attraction_Review-g295368-d3208879-Reviews-Muzeum_Literatury-Odessa_Odessa_Oblast.html
Muzeum Literatury, 1, 3, Specialty Museums & Specialty Museums, Europe & Ukraine & Odessa Oblast & Odessa & Things to Do in Odessa, 4.0, 46.484917, 30.744673, 596079579, 20180701, 20171101, 5.0, Jim H, /Profile/X5564XMjimh, cccece679c9dd44ab7af757170fd141c, Excellent : 32 & Very Good : 11 & Average : 10 & Poor : 2 & Terrible : 4, /Attraction_Review-g295368-d3208879-Reviews-Muzeum_Literatury-Odessa_Odessa_Oblast.html
