review_location_name, review_current_page, review_last_page, review_location_type, review_location_breadcrumbs, review_location_rate, location_lat, location_lng, review_id, review_date, review_experience_date, review_rate, user_name, user_link, user_id, extra, parent_url
Catacombs of Odessa, 3, 2, Specialty Museums & Specialty Museums, Europe & Ukraine & Odessa Oblast & Odessa & Things to Do in Odessa, 4.5, 46.46729, 30.706793, 536115283, 20171001, 20171001, 5.0, Roozbeh H, /Profile/roozbehh37, 704a7ac4b55bcdc3c833d75eb48f9739, Excellent : 45 & Very Good : 13 & Average : 3 & Poor : 0 & Terrible : 0, /Attraction_Review-g295368-d11671665-Reviews-Catacombs_of_Odessa-Odessa_Odessa_Oblast.html
Catacombs of Odessa, 3, 2, Specialty Museums & Specialty Museums, Europe & Ukraine & Odessa Oblast & Odessa & Things to Do in Odessa, 4.5, 46.46729, 30.706793, 534497526, 20171001, 20171001, 4.0, Aeronaut65, /Profile/Aeronaut65, 58dfb1d65a428f72ed600b7d5a55f4b3, Excellent : 45 & Very Good : 13 & Average : 3 & Poor : 0 & Terrible : 0, /Attraction_Review-g295368-d11671665-Reviews-Catacombs_of_Odessa-Odessa_Odessa_Oblast.html
Catacombs of Odessa, 3, 2, Specialty Museums & Specialty Museums, Europe & Ukraine & Odessa Oblast & Odessa & Things to Do in Odessa, 4.5, 46.46729, 30.706793, 521339506, 20170901, 20170801, 4.0, Chris W, /Profile/K95OOchrisw, 13d3d97f48f9152ac0300dd8845345d9, Excellent : 45 & Very Good : 13 & Average : 3 & Poor : 0 & Terrible : 0, /Attraction_Review-g295368-d11671665-Reviews-Catacombs_of_Odessa-Odessa_Odessa_Oblast.html
Catacombs of Odessa, 3, 2, Specialty Museums & Specialty Museums, Europe & Ukraine & Odessa Oblast & Odessa & Things to Do in Odessa, 4.5, 46.46729, 30.706793, 510991915, 20170801, 20170801, 5.0, Emre Tosun, /Profile/tosunemre, 81c2f945f0f33d847d569e14e15b5e68, Excellent : 45 & Very Good : 13 & Average : 3 & Poor : 0 & Terrible : 0, /Attraction_Review-g295368-d11671665-Reviews-Catacombs_of_Odessa-Odessa_Odessa_Oblast.html
Catacombs of Odessa, 3, 2, Specialty Museums & Specialty Museums, Europe & Ukraine & Odessa Oblast & Odessa & Things to Do in Odessa, 4.5, 46.46729, 30.706793, 475617417, 20170401, 20161001, 3.0, Алексей К, /Profile/_H8837LW, 14ae8e2d1115af84aa05baa2701666eb, Excellent : 45 & Very Good : 13 & Average : 3 & Poor : 0 & Terrible : 0, /Attraction_Review-g295368-d11671665-Reviews-Catacombs_of_Odessa-Odessa_Odessa_Oblast.html
