attraction_name, attraction_rate, attraction_type, attraction_url, attraction_parent_url
Balneological Resort Morshyn, 5.0, Nature & Parks, /Attraction_Review-g4758410-d9752098-Reviews-Balneological_Resort_Morshyn-Morshyn_Stryis_kyi_District_Lviv_Oblast.html, /Attractions-g4758410-Activities-Morshyn_Stryis_kyi_District_Lviv_Oblast.html
Zootropolis, 5.0, Zoos & Aquariums, /Attraction_Review-g4758410-d14119060-Reviews-Zootropolis-Morshyn_Stryis_kyi_District_Lviv_Oblast.html, /Attractions-g4758410-Activities-Morshyn_Stryis_kyi_District_Lviv_Oblast.html
Spring of the Mother of God, 4.0, Nature & Parks, /Attraction_Review-g4758410-d17652335-Reviews-Spring_of_the_Mother_of_God-Morshyn_Stryis_kyi_District_Lviv_Oblast.html, /Attractions-g4758410-Activities-Morshyn_Stryis_kyi_District_Lviv_Oblast.html
Morshyn Landscape Alley, 4.0, Sights & Landmarks, /Attraction_Review-g4758410-d17651632-Reviews-Morshyn_Landscape_Alley-Morshyn_Stryis_kyi_District_Lviv_Oblast.html, /Attractions-g4758410-Activities-Morshyn_Stryis_kyi_District_Lviv_Oblast.html
Tsentralny Byuvet, 3.0, Sights & Landmarks, /Attraction_Review-g4758410-d17651637-Reviews-Tsentralny_Byuvet-Morshyn_Stryis_kyi_District_Lviv_Oblast.html, /Attractions-g4758410-Activities-Morshyn_Stryis_kyi_District_Lviv_Oblast.html
Byuvet Gribok, None, Sights & Landmarks, /Attraction_Review-g4758410-d17651636-Reviews-Byuvet_Gribok-Morshyn_Stryis_kyi_District_Lviv_Oblast.html, /Attractions-g4758410-Activities-Morshyn_Stryis_kyi_District_Lviv_Oblast.html
Pokrova Presvytaoi Bogoroditsy Wooden Church, None, Sights & Landmarks, /Attraction_Review-g4758410-d17691209-Reviews-Pokrova_Presvytaoi_Bogoroditsy_Wooden_Church-Morshyn_Stryis_kyi_District_Lviv_O.html, /Attractions-g4758410-Activities-Morshyn_Stryis_kyi_District_Lviv_Oblast.html
Lesnoye Lake, None, Nature & Parks, /Attraction_Review-g4758410-d17635043-Reviews-Lesnoye_Lake-Morshyn_Stryis_kyi_District_Lviv_Oblast.html, /Attractions-g4758410-Activities-Morshyn_Stryis_kyi_District_Lviv_Oblast.html
