attraction_name, attraction_rate, attraction_type, attraction_url, attraction_parent_url
Lviv tram, 4.0, Transportation, /Attraction_Review-g295377-d8071507-Reviews-Lviv_tram-Lviv_Lviv_Oblast.html, /Attractions-g295377-Activities-Lviv_Lviv_Oblast.html
Church of Transfiguration, 4.5, Sights & Landmarks, /Attraction_Review-g295377-d8483994-Reviews-Church_of_Transfiguration-Lviv_Lviv_Oblast.html, /Attractions-g295377-Activities-Lviv_Lviv_Oblast.html
Lviv Art Gallery, 4.0, Museums, /Attraction_Review-g295377-d3403438-Reviews-Lviv_Art_Gallery-Lviv_Lviv_Oblast.html, /Attractions-g295377-Activities-Lviv_Lviv_Oblast.html
Johann Georg Pinzel museum of Lviv Sacral Baroque Sculpture, 4.5, Museums, /Attraction_Review-g295377-d1466009-Reviews-Johann_Georg_Pinzel_museum_of_Lviv_Sacral_Baroque_Sculpture-Lviv_Lviv_Oblast.html, /Attractions-g295377-Activities-Lviv_Lviv_Oblast.html
Venice Palace, 4.0, Sights & Landmarks, /Attraction_Review-g295377-d555133-Reviews-Venice_Palace-Lviv_Lviv_Oblast.html, /Attractions-g295377-Activities-Lviv_Lviv_Oblast.html
Chudo Train, 4.0, Tours, /Attraction_Review-g295377-d2182049-Reviews-Chudo_Train-Lviv_Lviv_Oblast.html, /Attractions-g295377-Activities-Lviv_Lviv_Oblast.html
Monument to Inventors of Petroleum Lamp, 4.5, Sights & Landmarks, /Attraction_Review-g295377-d12501100-Reviews-Monument_to_Inventors_of_Petroleum_Lamp-Lviv_Lviv_Oblast.html, /Attractions-g295377-Activities-Lviv_Lviv_Oblast.html
Italian Yard, 4.0, Sights & Landmarks, /Attraction_Review-g295377-d10112469-Reviews-Italian_Yard-Lviv_Lviv_Oblast.html, /Attractions-g295377-Activities-Lviv_Lviv_Oblast.html
Museum of Photoillusions, 4.5, Museums, /Attraction_Review-g295377-d14200479-Reviews-Museum_of_Photoillusions-Lviv_Lviv_Oblast.html, /Attractions-g295377-Activities-Lviv_Lviv_Oblast.html
Museum of Ethnography and Art Crafts, 4.5, Museums, /Attraction_Review-g295377-d4048367-Reviews-Museum_of_Ethnography_and_Art_Crafts-Lviv_Lviv_Oblast.html, /Attractions-g295377-Activities-Lviv_Lviv_Oblast.html
Glass Museum In Lviv, 4.5, Museums, /Attraction_Review-g295377-d12884652-Reviews-Glass_Museum_In_Lviv-Lviv_Lviv_Oblast.html, /Attractions-g295377-Activities-Lviv_Lviv_Oblast.html
Bandinelli Palace, 4.5, Sights & Landmarks, /Attraction_Review-g295377-d550412-Reviews-Bandinelli_Palace-Lviv_Lviv_Oblast.html, /Attractions-g295377-Activities-Lviv_Lviv_Oblast.html
Staroyevryeiska Street, 4.5, Sights & Landmarks, /Attraction_Review-g295377-d8816236-Reviews-Staroyevryeiska_Street-Lviv_Lviv_Oblast.html, /Attractions-g295377-Activities-Lviv_Lviv_Oblast.html
Secret Pharmacy Interactive Museum, 4.5, Museums, /Attraction_Review-g295377-d4570120-Reviews-Secret_Pharmacy_Interactive_Museum-Lviv_Lviv_Oblast.html, /Attractions-g295377-Activities-Lviv_Lviv_Oblast.html
The National Revival Wave. Monument toTaras  Shevchenko, 4.5, Sights & Landmarks, /Attraction_Review-g295377-d12708069-Reviews-The_National_Revival_Wave_Monument_toTaras_Shevchenko-Lviv_Lviv_Oblast.html, /Attractions-g295377-Activities-Lviv_Lviv_Oblast.html
Lviv Organ Hall, 4.5, Concerts & Shows, /Attraction_Review-g295377-d13223956-Reviews-Lviv_Organ_Hall-Lviv_Lviv_Oblast.html, /Attractions-g295377-Activities-Lviv_Lviv_Oblast.html
Stadium Arena Lviv, 4.0, Sights & Landmarks, /Attraction_Review-g295377-d8290118-Reviews-Stadium_Arena_Lviv-Lviv_Lviv_Oblast.html, /Attractions-g295377-Activities-Lviv_Lviv_Oblast.html
Church of St. Mary Magdalene, 4.5, Sights & Landmarks, /Attraction_Review-g295377-d5503617-Reviews-Church_of_St_Mary_Magdalene-Lviv_Lviv_Oblast.html, /Attractions-g295377-Activities-Lviv_Lviv_Oblast.html
Aquapark Pliazh, 3.0, Water & Amusement Parks, /Attraction_Review-g295377-d3802321-Reviews-Aquapark_Pliazh-Lviv_Lviv_Oblast.html, /Attractions-g295377-Activities-Lviv_Lviv_Oblast.html
Lviv Sheptitsky National Museum, 4.0, Museums, /Attraction_Review-g295377-d3478023-Reviews-Lviv_Sheptitsky_National_Museum-Lviv_Lviv_Oblast.html, /Attractions-g295377-Activities-Lviv_Lviv_Oblast.html
Yard of Lost Toys, 3.5, Sights & Landmarks, /Attraction_Review-g295377-d15322245-Reviews-Yard_of_Lost_Toys-Lviv_Lviv_Oblast.html, /Attractions-g295377-Activities-Lviv_Lviv_Oblast.html
Botanic Garden of Lviv University, 4.5, Nature & Parks, /Attraction_Review-g295377-d10209292-Reviews-Botanic_Garden_of_Lviv_University-Lviv_Lviv_Oblast.html, /Attractions-g295377-Activities-Lviv_Lviv_Oblast.html
The Lviv Historical Museum, 3.5, Museums, /Attraction_Review-g295377-d553979-Reviews-The_Lviv_Historical_Museum-Lviv_Lviv_Oblast.html, /Attractions-g295377-Activities-Lviv_Lviv_Oblast.html
Blessed Virgin Fountain, 4.0, Sights & Landmarks, /Attraction_Review-g295377-d555129-Reviews-Blessed_Virgin_Fountain-Lviv_Lviv_Oblast.html, /Attractions-g295377-Activities-Lviv_Lviv_Oblast.html
Monument To King Danylo, 4.0, Sights & Landmarks, /Attraction_Review-g295377-d12501280-Reviews-Monument_To_King_Danylo-Lviv_Lviv_Oblast.html, /Attractions-g295377-Activities-Lviv_Lviv_Oblast.html
Rare Books Flea Market, 4.0, Shopping, /Attraction_Review-g295377-d13206512-Reviews-Rare_Books_Flea_Market-Lviv_Lviv_Oblast.html, /Attractions-g295377-Activities-Lviv_Lviv_Oblast.html
Monument of Nikifor Epifaniy Drovnyak, 4.5, Sights & Landmarks, /Attraction_Review-g295377-d14519190-Reviews-Monument_of_Nikifor_Epifaniy_Drovnyak-Lviv_Lviv_Oblast.html, /Attractions-g295377-Activities-Lviv_Lviv_Oblast.html
Cemetery of the Defenders of Lwow, 5.0, Sights & Landmarks, /Attraction_Review-g295377-d14138739-Reviews-Cemetery_of_the_Defenders_of_Lwow-Lviv_Lviv_Oblast.html, /Attractions-g295377-Activities-Lviv_Lviv_Oblast.html
Pravda B Gallery, 4.5, Museums, /Attraction_Review-g295377-d7834869-Reviews-Pravda_B_Gallery-Lviv_Lviv_Oblast.html, /Attractions-g295377-Activities-Lviv_Lviv_Oblast.html
Church Of St. Archangel Michael, 4.5, Sights & Landmarks, /Attraction_Review-g295377-d8608635-Reviews-Church_Of_St_Archangel_Michael-Lviv_Lviv_Oblast.html, /Attractions-g295377-Activities-Lviv_Lviv_Oblast.html
