attraction_name, attraction_rate, attraction_type, attraction_url, attraction_parent_url
Kyiv Modern Ballet, 5.0, Concerts & Shows, /Attraction_Review-g294474-d3253216-Reviews-Kyiv_Modern_Ballet-Kyiv_Kiev.html, /Attractions-g294474-Activities-Kyiv_Kiev.html
Refectory Church, 5.0, Sights & Landmarks, /Attraction_Review-g294474-d19813430-Reviews-Refectory_Church-Kyiv_Kiev.html, /Attractions-g294474-Activities-Kyiv_Kiev.html
Monument To Juliusz Slowacki, 5.0, Sights & Landmarks, /Attraction_Review-g294474-d20034195-Reviews-Monument_To_Juliusz_Slowacki-Kyiv_Kiev.html, /Attractions-g294474-Activities-Kyiv_Kiev.html
Nove Spivoche Pole, 4.5, Nature & Parks, /Attraction_Review-g294474-d19813347-Reviews-Nove_Spivoche_Pole-Kyiv_Kiev.html, /Attractions-g294474-Activities-Kyiv_Kiev.html
Podolsky Church Of The Intercession, 5.0, Sights & Landmarks, /Attraction_Review-g294474-d20142309-Reviews-Podolsky_Church_Of_The_Intercession-Kyiv_Kiev.html, /Attractions-g294474-Activities-Kyiv_Kiev.html
Hetmanship Museum, 4.0, Museums, /Attraction_Review-g294474-d2249409-Reviews-Hetmanship_Museum-Kyiv_Kiev.html, /Attractions-g294474-Activities-Kyiv_Kiev.html
Mironova Gallery, 5.0, Museums, /Attraction_Review-g294474-d3239744-Reviews-Mironova_Gallery-Kyiv_Kiev.html, /Attractions-g294474-Activities-Kyiv_Kiev.html
National Academy of Sciences of Ukraine, 3.0, Sights & Landmarks, /Attraction_Review-g294474-d6882279-Reviews-National_Academy_of_Sciences_of_Ukraine-Kyiv_Kiev.html, /Attractions-g294474-Activities-Kyiv_Kiev.html
Dvir Z Krukamy, 5.0, Sights & Landmarks, /Attraction_Review-g294474-d19798814-Reviews-Dvir_Z_Krukamy-Kyiv_Kiev.html, /Attractions-g294474-Activities-Kyiv_Kiev.html
Monument Sholom Aleichem, 4.0, Sights & Landmarks, /Attraction_Review-g294474-d19798824-Reviews-Monument_Sholom_Aleichem-Kyiv_Kiev.html, /Attractions-g294474-Activities-Kyiv_Kiev.html
Monument To The Frog, 5.0, Sights & Landmarks, /Attraction_Review-g294474-d19832764-Reviews-Monument_To_The_Frog-Kyiv_Kiev.html, /Attractions-g294474-Activities-Kyiv_Kiev.html
Kyiv Cycle Track, 5.0, Nature & Parks, /Attraction_Review-g294474-d12632195-Reviews-Kyiv_Cycle_Track-Kyiv_Kiev.html, /Attractions-g294474-Activities-Kyiv_Kiev.html
RoLit House, 4.0, Sights & Landmarks, /Attraction_Review-g294474-d3792733-Reviews-RoLit_House-Kyiv_Kiev.html, /Attractions-g294474-Activities-Kyiv_Kiev.html
Taras Shevchenko University Astronomical Observatory, 5.0, Museums, /Attraction_Review-g294474-d3750483-Reviews-Taras_Shevchenko_University_Astronomical_Observatory-Kyiv_Kiev.html, /Attractions-g294474-Activities-Kyiv_Kiev.html
Zymova Krayina, 5.0, Events, /Attraction_Review-g294474-d19832765-Reviews-Zymova_Krayina-Kyiv_Kiev.html, /Attractions-g294474-Activities-Kyiv_Kiev.html
Solomyanskiy Landscape Park, 4.5, Nature & Parks, /Attraction_Review-g294474-d13345832-Reviews-Solomyanskiy_Landscape_Park-Kyiv_Kiev.html, /Attractions-g294474-Activities-Kyiv_Kiev.html
Saint Michael's Monastery Chapel, 5.0, Sights & Landmarks, /Attraction_Review-g294474-d19786545-Reviews-Saint_Michael_s_Monastery_Chapel-Kyiv_Kiev.html, /Attractions-g294474-Activities-Kyiv_Kiev.html
St.Nicolas on the Embankment Church, 4.5, Sights & Landmarks, /Attraction_Review-g294474-d3229261-Reviews-St_Nicolas_on_the_Embankment_Church-Kyiv_Kiev.html, /Attractions-g294474-Activities-Kyiv_Kiev.html
Klovskiy Palace, 3.0, Sights & Landmarks, /Attraction_Review-g294474-d3191110-Reviews-Klovskiy_Palace-Kyiv_Kiev.html, /Attractions-g294474-Activities-Kyiv_Kiev.html
Karas Gallery, 3.5, Museums, /Attraction_Review-g294474-d3238505-Reviews-Karas_Gallery-Kyiv_Kiev.html, /Attractions-g294474-Activities-Kyiv_Kiev.html
Minsky Market, 4.0, Shopping, /Attraction_Review-g294474-d18757633-Reviews-Minsky_Market-Kyiv_Kiev.html, /Attractions-g294474-Activities-Kyiv_Kiev.html
Shcherbenko Art Centre, 4.0, Museums, /Attraction_Review-g294474-d6525620-Reviews-Shcherbenko_Art_Centre-Kyiv_Kiev.html, /Attractions-g294474-Activities-Kyiv_Kiev.html
Avangard Sports Complex, 5.0, Fun & Games, /Attraction_Review-g294474-d6547934-Reviews-Avangard_Sports_Complex-Kyiv_Kiev.html, /Attractions-g294474-Activities-Kyiv_Kiev.html
Main Astronomical Observatory of National Academy of Sciences of Ukraine, 4.0, Museums, /Attraction_Review-g294474-d12873764-Reviews-Main_Astronomical_Observatory_of_National_Academy_of_Sciences_of_Ukraine-Kyiv_Ki.html, /Attractions-g294474-Activities-Kyiv_Kiev.html
Kyiv Palace of Children and Youth, 3.5, Sights & Landmarks, /Attraction_Review-g294474-d6995631-Reviews-Kyiv_Palace_of_Children_and_Youth-Kyiv_Kiev.html, /Attractions-g294474-Activities-Kyiv_Kiev.html
Izolyatsia, 5.0, Museums, /Attraction_Review-g294474-d8180071-Reviews-Izolyatsia-Kyiv_Kiev.html, /Attractions-g294474-Activities-Kyiv_Kiev.html
Theatre of Plastic Drama on Pechersk, 4.5, Concerts & Shows, /Attraction_Review-g294474-d3187880-Reviews-Theatre_of_Plastic_Drama_on_Pechersk-Kyiv_Kiev.html, /Attractions-g294474-Activities-Kyiv_Kiev.html
Zhukiv Island, 4.5, Nature & Parks, /Attraction_Review-g294474-d3235643-Reviews-Zhukiv_Island-Kyiv_Kiev.html, /Attractions-g294474-Activities-Kyiv_Kiev.html
Naberezhne Hwy., 3.0, Outdoor Activities, /Attraction_Review-g294474-d20095338-Reviews-Naberezhne_Hwy-Kyiv_Kiev.html, /Attractions-g294474-Activities-Kyiv_Kiev.html
Olzhyn Island, 5.0, Nature & Parks, /Attraction_Review-g294474-d6755860-Reviews-Olzhyn_Island-Kyiv_Kiev.html, /Attractions-g294474-Activities-Kyiv_Kiev.html
