attraction_name, attraction_rate, attraction_type, attraction_url, attraction_parent_url
Arcadia Beach, 4.0, Nature & Parks, /Attraction_Review-g295368-d4547953-Reviews-Arcadia_Beach-Odessa_Odessa_Oblast.html, /Attractions-g295368-Activities-Odessa_Odessa_Oblast.html
Vorontsov Lighthouse, 4.5, Sights & Landmarks, /Attraction_Review-g295368-d5503625-Reviews-Vorontsov_Lighthouse-Odessa_Odessa_Oblast.html, /Attractions-g295368-Activities-Odessa_Odessa_Oblast.html
Memorial of Heroic Defense of Odesa Museum, 4.5, Museums, /Attraction_Review-g295368-d6490805-Reviews-Memorial_of_Heroic_Defense_of_Odesa_Museum-Odessa_Odessa_Oblast.html, /Attractions-g295368-Activities-Odessa_Odessa_Oblast.html
Odessa Central Post Office, 4.5, Sights & Landmarks, /Attraction_Review-g295368-d8608263-Reviews-Odessa_Central_Post_Office-Odessa_Odessa_Oblast.html, /Attractions-g295368-Activities-Odessa_Odessa_Oblast.html
Odessa Archaeological Museum, 4.0, Museums, /Attraction_Review-g295368-d5503648-Reviews-Odessa_Archaeological_Museum-Odessa_Odessa_Oblast.html, /Attractions-g295368-Activities-Odessa_Odessa_Oblast.html
Monument to L. Utesov, 4.5, Sights & Landmarks, /Attraction_Review-g295368-d5259021-Reviews-Monument_to_L_Utesov-Odessa_Odessa_Oblast.html, /Attractions-g295368-Activities-Odessa_Odessa_Oblast.html
Pushkin Museum, 4.0, Museums, /Attraction_Review-g295368-d2302414-Reviews-Pushkin_Museum-Odessa_Odessa_Oblast.html, /Attractions-g295368-Activities-Odessa_Odessa_Oblast.html
Museum of Smuggling, 4.0, Museums, /Attraction_Review-g295368-d4999893-Reviews-Museum_of_Smuggling-Odessa_Odessa_Oblast.html, /Attractions-g295368-Activities-Odessa_Odessa_Oblast.html
St. Panteleimon Monastery, 4.5, Sights & Landmarks, /Attraction_Review-g295368-d6493631-Reviews-St_Panteleimon_Monastery-Odessa_Odessa_Oblast.html, /Attractions-g295368-Activities-Odessa_Odessa_Oblast.html
Dom Yenota, 5.0, Zoos & Aquariums, /Attraction_Review-g295368-d17433270-Reviews-Dom_Yenota-Odessa_Odessa_Oblast.html, /Attractions-g295368-Activities-Odessa_Odessa_Oblast.html
Museum of Western and Eastern Art, 4.0, Museums, /Attraction_Review-g295368-d554530-Reviews-Museum_of_Western_and_Eastern_Art-Odessa_Odessa_Oblast.html, /Attractions-g295368-Activities-Odessa_Odessa_Oblast.html
Holy Assumption Cathedral, 4.5, Sights & Landmarks, /Attraction_Review-g295368-d554873-Reviews-Holy_Assumption_Cathedral-Odessa_Odessa_Oblast.html, /Attractions-g295368-Activities-Odessa_Odessa_Oblast.html
Touching Zoo Makki-Pakki, 4.0, Zoos & Aquariums, /Attraction_Review-g295368-d11693343-Reviews-Touching_Zoo_Makki_Pakki-Odessa_Odessa_Oblast.html, /Attractions-g295368-Activities-Odessa_Odessa_Oblast.html
The Statue of Laocoon, 4.0, Sights & Landmarks, /Attraction_Review-g295368-d554487-Reviews-The_Statue_of_Laocoon-Odessa_Odessa_Oblast.html, /Attractions-g295368-Activities-Odessa_Odessa_Oblast.html
The Green Theater, 4.5, Sights & Landmarks, /Attraction_Review-g295368-d10324372-Reviews-The_Green_Theater-Odessa_Odessa_Oblast.html, /Attractions-g295368-Activities-Odessa_Odessa_Oblast.html
U Baby Uti Wax Museum, 3.5, Museums, /Attraction_Review-g295368-d6397662-Reviews-U_Baby_Uti_Wax_Museum-Odessa_Odessa_Oblast.html, /Attractions-g295368-Activities-Odessa_Odessa_Oblast.html
Aquapark Odessa, 3.0, Water & Amusement Parks, /Attraction_Review-g295368-d6983647-Reviews-Aquapark_Odessa-Odessa_Odessa_Oblast.html, /Attractions-g295368-Activities-Odessa_Odessa_Oblast.html
Aquapark Hawaii, 4.0, Water & Amusement Parks, /Attraction_Review-g295368-d10423619-Reviews-Aquapark_Hawaii-Odessa_Odessa_Oblast.html, /Attractions-g295368-Activities-Odessa_Odessa_Oblast.html
Catacomb of Kantakuzena, 5.0, Museums, /Attraction_Review-g295368-d13283525-Reviews-Catacomb_of_Kantakuzena-Odessa_Odessa_Oblast.html, /Attractions-g295368-Activities-Odessa_Odessa_Oblast.html
Theater on Chainaya, 5.0, Concerts & Shows, /Attraction_Review-g295368-d7082034-Reviews-Theater_on_Chainaya-Odessa_Odessa_Oblast.html, /Attractions-g295368-Activities-Odessa_Odessa_Oblast.html
Faltz-Fein House (House with the Atlanteans), 4.0, Sights & Landmarks, /Attraction_Review-g295368-d8263804-Reviews-Faltz_Fein_House_House_with_the_Atlanteans-Odessa_Odessa_Oblast.html, /Attractions-g295368-Activities-Odessa_Odessa_Oblast.html
The City Zoo, 2.5, Zoos & Aquariums, /Attraction_Review-g295368-d554489-Reviews-The_City_Zoo-Odessa_Odessa_Oblast.html, /Attractions-g295368-Activities-Odessa_Odessa_Oblast.html
Holy Dormition Monastery, 4.5, Sights & Landmarks, /Attraction_Review-g295368-d6439923-Reviews-Holy_Dormition_Monastery-Odessa_Odessa_Oblast.html, /Attractions-g295368-Activities-Odessa_Odessa_Oblast.html
Modern Art Museum of Odessa, 4.5, Museums, /Attraction_Review-g295368-d6490839-Reviews-Modern_Art_Museum_of_Odessa-Odessa_Odessa_Oblast.html, /Attractions-g295368-Activities-Odessa_Odessa_Oblast.html
Muzeum Literatury, 4.0, Museums, /Attraction_Review-g295368-d3208879-Reviews-Muzeum_Literatury-Odessa_Odessa_Oblast.html, /Attractions-g295368-Activities-Odessa_Odessa_Oblast.html
Flat House House-Wall or Witch House, 4.0, Sights & Landmarks, /Attraction_Review-g295368-d8263826-Reviews-Flat_House_House_Wall_or_Witch_House-Odessa_Odessa_Oblast.html, /Attractions-g295368-Activities-Odessa_Odessa_Oblast.html
Bio Park, 3.0, Zoos & Aquariums, /Attraction_Review-g295368-d10491840-Reviews-Bio_Park-Odessa_Odessa_Oblast.html, /Attractions-g295368-Activities-Odessa_Odessa_Oblast.html
Seventh-Kilometer Manufactured Goods Market, 3.5, Shopping, /Attraction_Review-g295368-d10818957-Reviews-Seventh_Kilometer_Manufactured_Goods_Market-Odessa_Odessa_Oblast.html, /Attractions-g295368-Activities-Odessa_Odessa_Oblast.html
Otrada, 3.5, Nature & Parks, /Attraction_Review-g295368-d8044433-Reviews-Otrada-Odessa_Odessa_Oblast.html, /Attractions-g295368-Activities-Odessa_Odessa_Oblast.html
Monument to Iosif De Ribas, 4.5, Sights & Landmarks, /Attraction_Review-g295368-d5259026-Reviews-Monument_to_Iosif_De_Ribas-Odessa_Odessa_Oblast.html, /Attractions-g295368-Activities-Odessa_Odessa_Oblast.html
