attraction_name, attraction_rate, attraction_type, attraction_url, attraction_parent_url
Subcarpathian Rus' Museum of Folk Architecture and Customs, 4.5, Museums, /Attraction_Review-g298059-d596513-Reviews-Subcarpathian_Rus_Museum_of_Folk_Architecture_and_Customs-Uzhhorod_Zakarpattia_Obl.html, /Attractions-g298059-Activities-Uzhhorod_Zakarpattia_Oblast.html
Pedestrian Bridge, 4.5, Sights & Landmarks, /Attraction_Review-g298059-d6937426-Reviews-Pedestrian_Bridge-Uzhhorod_Zakarpattia_Oblast.html, /Attractions-g298059-Activities-Uzhhorod_Zakarpattia_Oblast.html
Uzhhorod Castle. Transcarpathian Regional History Museum, 4.0, Museums, /Attraction_Review-g298059-d6527905-Reviews-Uzhhorod_Castle_Transcarpathian_Regional_History_Museum-Uzhhorod_Zakarpattia_Obla.html, /Attractions-g298059-Activities-Uzhhorod_Zakarpattia_Oblast.html
Linden Alley, 4.5, Sights & Landmarks, /Attraction_Review-g298059-d4358017-Reviews-Linden_Alley-Uzhhorod_Zakarpattia_Oblast.html, /Attractions-g298059-Activities-Uzhhorod_Zakarpattia_Oblast.html
Uzh River, 4.5, Nature & Parks, /Attraction_Review-g298059-d6429033-Reviews-Uzh_River-Uzhhorod_Zakarpattia_Oblast.html, /Attractions-g298059-Activities-Uzhhorod_Zakarpattia_Oblast.html
Lamplighter Statue, 4.5, Sights & Landmarks, /Attraction_Review-g298059-d6944819-Reviews-Lamplighter_Statue-Uzhhorod_Zakarpattia_Oblast.html, /Attractions-g298059-Activities-Uzhhorod_Zakarpattia_Oblast.html
Korzo Street, 4.5, Sights & Landmarks, /Attraction_Review-g298059-d5789109-Reviews-Korzo_Street-Uzhhorod_Zakarpattia_Oblast.html, /Attractions-g298059-Activities-Uzhhorod_Zakarpattia_Oblast.html
Bozdoshskiy Park, 4.0, Nature & Parks, /Attraction_Review-g298059-d6429022-Reviews-Bozdoshskiy_Park-Uzhhorod_Zakarpattia_Oblast.html, /Attractions-g298059-Activities-Uzhhorod_Zakarpattia_Oblast.html
Gorchichnoye Zerno, 4.5, Sights & Landmarks, /Attraction_Review-g298059-d6755151-Reviews-Gorchichnoye_Zerno-Uzhhorod_Zakarpattia_Oblast.html, /Attractions-g298059-Activities-Uzhhorod_Zakarpattia_Oblast.html
Liberty Mini-sculpture, 5.0, Sights & Landmarks, /Attraction_Review-g298059-d6945088-Reviews-Liberty_Mini_sculpture-Uzhhorod_Zakarpattia_Oblast.html, /Attractions-g298059-Activities-Uzhhorod_Zakarpattia_Oblast.html
Cross Exaltation Cathedral, 4.5, Sights & Landmarks, /Attraction_Review-g298059-d5789107-Reviews-Cross_Exaltation_Cathedral-Uzhhorod_Zakarpattia_Oblast.html, /Attractions-g298059-Activities-Uzhhorod_Zakarpattia_Oblast.html
Aqua Rio Park, 4.0, Water & Amusement Parks, /Attraction_Review-g298059-d6733999-Reviews-Aqua_Rio_Park-Uzhhorod_Zakarpattia_Oblast.html, /Attractions-g298059-Activities-Uzhhorod_Zakarpattia_Oblast.html
Alpine Garden, 4.5, Nature & Parks, /Attraction_Review-g298059-d6940265-Reviews-Alpine_Garden-Uzhhorod_Zakarpattia_Oblast.html, /Attractions-g298059-Activities-Uzhhorod_Zakarpattia_Oblast.html
Soldier Svejk Mini-Sculpture, 4.5, Sights & Landmarks, /Attraction_Review-g298059-d6672413-Reviews-Soldier_Svejk_Mini_Sculpture-Uzhhorod_Zakarpattia_Oblast.html, /Attractions-g298059-Activities-Uzhhorod_Zakarpattia_Oblast.html
Goryany Rotunda - St. Anna Church, 5.0, Sights & Landmarks, /Attraction_Review-g298059-d5789113-Reviews-Goryany_Rotunda_St_Anna_Church-Uzhhorod_Zakarpattia_Oblast.html, /Attractions-g298059-Activities-Uzhhorod_Zakarpattia_Oblast.html
Uzhgorod University Botanic Garden, 4.0, Nature & Parks, /Attraction_Review-g298059-d6429027-Reviews-Uzhgorod_University_Botanic_Garden-Uzhhorod_Zakarpattia_Oblast.html, /Attractions-g298059-Activities-Uzhhorod_Zakarpattia_Oblast.html
Ignatiy Roshkovych Monument, 4.5, Sights & Landmarks, /Attraction_Review-g298059-d6661686-Reviews-Ignatiy_Roshkovych_Monument-Uzhhorod_Zakarpattia_Oblast.html, /Attractions-g298059-Activities-Uzhhorod_Zakarpattia_Oblast.html
Jozsef Boksay Art Museum, 4.5, Museums, /Attraction_Review-g298059-d5789101-Reviews-Jozsef_Boksay_Art_Museum-Uzhhorod_Zakarpattia_Oblast.html, /Attractions-g298059-Activities-Uzhhorod_Zakarpattia_Oblast.html
Hedgehog Family Mini-Sculptures, 5.0, Sights & Landmarks, /Attraction_Review-g298059-d6672415-Reviews-Hedgehog_Family_Mini_Sculptures-Uzhhorod_Zakarpattia_Oblast.html, /Attractions-g298059-Activities-Uzhhorod_Zakarpattia_Oblast.html
St.George Church, 4.5, Sights & Landmarks, /Attraction_Review-g298059-d5789108-Reviews-St_George_Church-Uzhhorod_Zakarpattia_Oblast.html, /Attractions-g298059-Activities-Uzhhorod_Zakarpattia_Oblast.html
Little Saint Nicolas Mini-Sculpture, 5.0, Sights & Landmarks, /Attraction_Review-g298059-d6945068-Reviews-Little_Saint_Nicolas_Mini_Sculpture-Uzhhorod_Zakarpattia_Oblast.html, /Attractions-g298059-Activities-Uzhhorod_Zakarpattia_Oblast.html
Ferenc Liszt Mini-Sculpture, 4.5, Sights & Landmarks, /Attraction_Review-g298059-d6672411-Reviews-Ferenc_Liszt_Mini_Sculpture-Uzhhorod_Zakarpattia_Oblast.html, /Attractions-g298059-Activities-Uzhhorod_Zakarpattia_Oblast.html
Ilko Gallery, 5.0, Museums, /Attraction_Review-g298059-d6942973-Reviews-Ilko_Gallery-Uzhhorod_Zakarpattia_Oblast.html, /Attractions-g298059-Activities-Uzhhorod_Zakarpattia_Oblast.html
Carpathia Ship Mini-Sculpture, 4.5, Sights & Landmarks, /Attraction_Review-g298059-d6944984-Reviews-Carpathia_Ship_Mini_Sculpture-Uzhhorod_Zakarpattia_Oblast.html, /Attractions-g298059-Activities-Uzhhorod_Zakarpattia_Oblast.html
Kroton Knot, 4.5, Sights & Landmarks, /Attraction_Review-g298059-d6672414-Reviews-Kroton_Knot-Uzhhorod_Zakarpattia_Oblast.html, /Attractions-g298059-Activities-Uzhhorod_Zakarpattia_Oblast.html
Monument Globus Uzhgoroda, 4.5, Sights & Landmarks, /Attraction_Review-g298059-d13277607-Reviews-Monument_Globus_Uzhgoroda-Uzhhorod_Zakarpattia_Oblast.html, /Attractions-g298059-Activities-Uzhhorod_Zakarpattia_Oblast.html
Holy Protection Cathedral, 4.5, Sights & Landmarks, /Attraction_Review-g298059-d6940759-Reviews-Holy_Protection_Cathedral-Uzhhorod_Zakarpattia_Oblast.html, /Attractions-g298059-Activities-Uzhhorod_Zakarpattia_Oblast.html
Rotary-Park, 4.0, Nature & Parks, /Attraction_Review-g298059-d6734001-Reviews-Rotary_Park-Uzhhorod_Zakarpattia_Oblast.html, /Attractions-g298059-Activities-Uzhhorod_Zakarpattia_Oblast.html
Gavrylo Glyuk Mini-monument, 4.5, Sights & Landmarks, /Attraction_Review-g298059-d6767339-Reviews-Gavrylo_Glyuk_Mini_monument-Uzhhorod_Zakarpattia_Oblast.html, /Attractions-g298059-Activities-Uzhhorod_Zakarpattia_Oblast.html
Christ The Savior Cathedral, 3.0, Sights & Landmarks, /Attraction_Review-g298059-d10898473-Reviews-Christ_The_Savior_Cathedral-Uzhhorod_Zakarpattia_Oblast.html, /Attractions-g298059-Activities-Uzhhorod_Zakarpattia_Oblast.html
