attraction_name, attraction_rate, attraction_type, attraction_url, attraction_parent_url
Monument to Marshal Tolbukhin, 3.0, Sights & Landmarks, /Attraction_Review-g298046-d16814420-Reviews-Monument_to_Marshal_Tolbukhin-Donetsk_Donetsk_Oblast.html, /Attractions-g298046-Activities-Donetsk_Donetsk_Oblast.html
Kuibysheva Square, 3.0, Sights & Landmarks, /Attraction_Review-g298046-d16824144-Reviews-Kuibysheva_Square-Donetsk_Donetsk_Oblast.html, /Attractions-g298046-Activities-Donetsk_Donetsk_Oblast.html
Museum of Military Glory 62(8)th Guards Army of Marshal Chuykov, 1.0, Museums, /Attraction_Review-g298046-d6965781-Reviews-Museum_of_Military_Glory_62_8_th_Guards_Army_of_Marshal_Chuykov-Donetsk_Donetsk_O.html, /Attractions-g298046-Activities-Donetsk_Donetsk_Oblast.html
Stadium Shakhtyor, 2.0, Sights & Landmarks, /Attraction_Review-g298046-d8043910-Reviews-Stadium_Shakhtyor-Donetsk_Donetsk_Oblast.html, /Attractions-g298046-Activities-Donetsk_Donetsk_Oblast.html
Administrative Building on Artyoma 60, 4.0, Sights & Landmarks, /Attraction_Review-g298046-d16814478-Reviews-Administrative_Building_on_Artyoma_60-Donetsk_Donetsk_Oblast.html, /Attractions-g298046-Activities-Donetsk_Donetsk_Oblast.html
Monument to Medical Professionals who Died in the Years of the Great Patriotic War, 4.0, Sights & Landmarks, /Attraction_Review-g298046-d17291579-Reviews-Monument_to_Medical_Professionals_who_Died_in_the_Years_of_the_Great_Patriotic_W.html, /Attractions-g298046-Activities-Donetsk_Donetsk_Oblast.html
Monument to the First Political Strike of Miners and Craftsmen Rutchenkovo, 3.0, Sights & Landmarks, /Attraction_Review-g298046-d6429419-Reviews-Monument_to_the_First_Political_Strike_of_Miners_and_Craftsmen_Rutchenkovo-Donets.html, /Attractions-g298046-Activities-Donetsk_Donetsk_Oblast.html
Bratskaya Shkola, 3.0, Sights & Landmarks, /Attraction_Review-g298046-d16801639-Reviews-Bratskaya_Shkola-Donetsk_Donetsk_Oblast.html, /Attractions-g298046-Activities-Donetsk_Donetsk_Oblast.html
Dom s Bashnyami, 3.0, Sights & Landmarks, /Attraction_Review-g298046-d16742964-Reviews-Dom_s_Bashnyami-Donetsk_Donetsk_Oblast.html, /Attractions-g298046-Activities-Donetsk_Donetsk_Oblast.html
Insurance Agent Monument, 4.0, Sights & Landmarks, /Attraction_Review-g298046-d16959137-Reviews-Insurance_Agent_Monument-Donetsk_Donetsk_Oblast.html, /Attractions-g298046-Activities-Donetsk_Donetsk_Oblast.html
Duke Vladimir Monument, 4.0, Sights & Landmarks, /Attraction_Review-g298046-d16852027-Reviews-Duke_Vladimir_Monument-Donetsk_Donetsk_Oblast.html, /Attractions-g298046-Activities-Donetsk_Donetsk_Oblast.html
Monument to Teachers&& Students and Employees of the Donetsk Polytechnic Institute who Died in the Great Patriotic War, 4.0, Sights & Landmarks, /Attraction_Review-g298046-d16920273-Reviews-Monument_to_Teachers_Students_and_Employees_of_the_Donetsk_Polytechnic_Institute.html, /Attractions-g298046-Activities-Donetsk_Donetsk_Oblast.html
Temple of St. Matrona of Moscow, 4.0, Sights & Landmarks, /Attraction_Review-g298046-d7041151-Reviews-Temple_of_St_Matrona_of_Moscow-Donetsk_Donetsk_Oblast.html, /Attractions-g298046-Activities-Donetsk_Donetsk_Oblast.html
Protection of the Ukrainian Holy Virgin Mary, 4.5, Sights & Landmarks, /Attraction_Review-g298046-d6493405-Reviews-Protection_of_the_Ukrainian_Holy_Virgin_Mary-Donetsk_Donetsk_Oblast.html, /Attractions-g298046-Activities-Donetsk_Donetsk_Oblast.html
Eternal Memory to Law Enforcement Authorities of Donbass who Died Fighting Crime, 4.0, Sights & Landmarks, /Attraction_Review-g298046-d16883786-Reviews-Eternal_Memory_to_Law_Enforcement_Authorities_of_Donbass_who_Died_Fighting_Crime.html, /Attractions-g298046-Activities-Donetsk_Donetsk_Oblast.html
Monument to Maslovskiy, 4.0, Sights & Landmarks, /Attraction_Review-g298046-d16732999-Reviews-Monument_to_Maslovskiy-Donetsk_Donetsk_Oblast.html, /Attractions-g298046-Activities-Donetsk_Donetsk_Oblast.html
Ivan Franko Monument, 3.0, Sights & Landmarks, /Attraction_Review-g298046-d16830243-Reviews-Ivan_Franko_Monument-Donetsk_Donetsk_Oblast.html, /Attractions-g298046-Activities-Donetsk_Donetsk_Oblast.html
Star Prophet Mosque, 4.5, Sights & Landmarks, /Attraction_Review-g298046-d6493649-Reviews-Star_Prophet_Mosque-Donetsk_Donetsk_Oblast.html, /Attractions-g298046-Activities-Donetsk_Donetsk_Oblast.html
Church of the Holy Martyr John the Warrior, 5.0, Sights & Landmarks, /Attraction_Review-g298046-d6492644-Reviews-Church_of_the_Holy_Martyr_John_the_Warrior-Donetsk_Donetsk_Oblast.html, /Attractions-g298046-Activities-Donetsk_Donetsk_Oblast.html
Monument to the Hero-Rescuer, 3.0, Sights & Landmarks, /Attraction_Review-g298046-d6429546-Reviews-Monument_to_the_Hero_Rescuer-Donetsk_Donetsk_Oblast.html, /Attractions-g298046-Activities-Donetsk_Donetsk_Oblast.html
Monument to Degtyaryov, 3.0, Sights & Landmarks, /Attraction_Review-g298046-d16726379-Reviews-Monument_to_Degtyaryov-Donetsk_Donetsk_Oblast.html, /Attractions-g298046-Activities-Donetsk_Donetsk_Oblast.html
Donetsk Regional Art Museum, 4.0, Museums, /Attraction_Review-g298046-d3263843-Reviews-Donetsk_Regional_Art_Museum-Donetsk_Donetsk_Oblast.html, /Attractions-g298046-Activities-Donetsk_Donetsk_Oblast.html
Donetsk Academical Regional Puppet Theatre, 4.0, Concerts & Shows, /Attraction_Review-g298046-d6502222-Reviews-Donetsk_Academical_Regional_Puppet_Theatre-Donetsk_Donetsk_Oblast.html, /Attractions-g298046-Activities-Donetsk_Donetsk_Oblast.html
Donetsk House of Cultural Workers, 5.0, Sights & Landmarks, /Attraction_Review-g298046-d21367382-Reviews-Donetsk_House_of_Cultural_Workers-Donetsk_Donetsk_Oblast.html, /Attractions-g298046-Activities-Donetsk_Donetsk_Oblast.html
Monument to General Panfilov, 5.0, Sights & Landmarks, /Attraction_Review-g298046-d21291305-Reviews-Monument_to_General_Panfilov-Donetsk_Donetsk_Oblast.html, /Attractions-g298046-Activities-Donetsk_Donetsk_Oblast.html
Dom  Khudozhnika, 5.0, Museums, /Attraction_Review-g298046-d21249136-Reviews-Dom_Khudozhnika-Donetsk_Donetsk_Oblast.html, /Attractions-g298046-Activities-Donetsk_Donetsk_Oblast.html
Monument to Hero of the Soviet Union Vasily Margelov, 5.0, Sights & Landmarks, /Attraction_Review-g298046-d21212161-Reviews-Monument_to_Hero_of_the_Soviet_Union_Vasily_Margelov-Donetsk_Donetsk_Oblast.html, /Attractions-g298046-Activities-Donetsk_Donetsk_Oblast.html
Mother Park, 5.0, Nature & Parks, /Attraction_Review-g298046-d21159005-Reviews-Mother_Park-Donetsk_Donetsk_Oblast.html, /Attractions-g298046-Activities-Donetsk_Donetsk_Oblast.html
Church of St. John of Kronstadt, 5.0, Sights & Landmarks, /Attraction_Review-g298046-d7014130-Reviews-Church_of_St_John_of_Kronstadt-Donetsk_Donetsk_Oblast.html, /Attractions-g298046-Activities-Donetsk_Donetsk_Oblast.html
Donetsk Sea Beach, 4.0, Nature & Parks, /Attraction_Review-g298046-d21120078-Reviews-Donetsk_Sea_Beach-Donetsk_Donetsk_Oblast.html, /Attractions-g298046-Activities-Donetsk_Donetsk_Oblast.html
