attraction_name, attraction_rate, attraction_type, attraction_url, attraction_parent_url
Bierwelle, 5.0, Food & Drink, /Attraction_Review-g298051-d17724296-Reviews-Bierwelle-Chernihiv_Chernihiv_Oblast.html, /Attractions-g298051-Activities-Chernihiv_Chernihiv_Oblast.html
Leonid Hlibov Monument, 4.0, Sights & Landmarks, /Attraction_Review-g298051-d3326865-Reviews-Leonid_Hlibov_Monument-Chernihiv_Chernihiv_Oblast.html, /Attractions-g298051-Activities-Chernihiv_Chernihiv_Oblast.html
Black Grave Burial Mound, 4.0, Sights & Landmarks, /Attraction_Review-g298051-d3336569-Reviews-Black_Grave_Burial_Mound-Chernihiv_Chernihiv_Oblast.html, /Attractions-g298051-Activities-Chernihiv_Chernihiv_Oblast.html
Chernihiv Philharmonic Centre for Festivals and Concerts, 5.0, Concerts & Shows, /Attraction_Review-g298051-d3265796-Reviews-Chernihiv_Philharmonic_Centre_for_Festivals_and_Concerts-Chernihiv_Chernihiv_Obla.html, /Attractions-g298051-Activities-Chernihiv_Chernihiv_Oblast.html
Chernihiv Regional Art Museum, 4.5, Museums, /Attraction_Review-g298051-d3265578-Reviews-Chernihiv_Regional_Art_Museum-Chernihiv_Chernihiv_Oblast.html, /Attractions-g298051-Activities-Chernihiv_Chernihiv_Oblast.html
Popudrenko Public Garden, 4.0, Nature & Parks, /Attraction_Review-g298051-d3331522-Reviews-Popudrenko_Public_Garden-Chernihiv_Chernihiv_Oblast.html, /Attractions-g298051-Activities-Chernihiv_Chernihiv_Oblast.html
Hulbishche and Besimyaniy Burial Mounds, 5.0, Sights & Landmarks, /Attraction_Review-g298051-d3319039-Reviews-Hulbishche_and_Besimyaniy_Burial_Mounds-Chernihiv_Chernihiv_Oblast.html, /Attractions-g298051-Activities-Chernihiv_Chernihiv_Oblast.html
Alexander Pushkin Bust in Chernihiv, 3.5, Sights & Landmarks, /Attraction_Review-g298051-d3336918-Reviews-Alexander_Pushkin_Bust_in_Chernihiv-Chernihiv_Chernihiv_Oblast.html, /Attractions-g298051-Activities-Chernihiv_Chernihiv_Oblast.html
Olexandr Dovzhenko Puppet Theatre, 5.0, Concerts & Shows, /Attraction_Review-g298051-d3265803-Reviews-Olexandr_Dovzhenko_Puppet_Theatre-Chernihiv_Chernihiv_Oblast.html, /Attractions-g298051-Activities-Chernihiv_Chernihiv_Oblast.html
Regimental Chancellery Building, 4.5, Sights & Landmarks, /Attraction_Review-g298051-d3318414-Reviews-Regimental_Chancellery_Building-Chernihiv_Chernihiv_Oblast.html, /Attractions-g298051-Activities-Chernihiv_Chernihiv_Oblast.html
Chernihiv Theatre for Youth, 5.0, Concerts & Shows, /Attraction_Review-g298051-d3265778-Reviews-Chernihiv_Theatre_for_Youth-Chernihiv_Chernihiv_Oblast.html, /Attractions-g298051-Activities-Chernihiv_Chernihiv_Oblast.html
House of Archbishop, 5.0, Sights & Landmarks, /Attraction_Review-g298051-d3320167-Reviews-House_of_Archbishop-Chernihiv_Chernihiv_Oblast.html, /Attractions-g298051-Activities-Chernihiv_Chernihiv_Oblast.html
