attraction_name, attraction_rate, attraction_type, attraction_url, attraction_parent_url
Olesko Castle, 4.0, Sights & Landmarks, /Attraction_Review-g2339780-d1874853-Reviews-Olesko_Castle-Olesko_Lviv_Oblast.html, /Attractions-g2339780-Activities-Olesko_Lviv_Oblast.html
Capuchin Monastery, 4.0, Sights & Landmarks, /Attraction_Review-g2339780-d6733932-Reviews-Capuchin_Monastery-Olesko_Lviv_Oblast.html, /Attractions-g2339780-Activities-Olesko_Lviv_Oblast.html
Olesko Synagogue Ruins, 3.0, Sights & Landmarks, /Attraction_Review-g2339780-d6733935-Reviews-Olesko_Synagogue_Ruins-Olesko_Lviv_Oblast.html, /Attractions-g2339780-Activities-Olesko_Lviv_Oblast.html
St. Trinity Cathedral, 3.0, Sights & Landmarks, /Attraction_Review-g2339780-d6733934-Reviews-St_Trinity_Cathedral-Olesko_Lviv_Oblast.html, /Attractions-g2339780-Activities-Olesko_Lviv_Oblast.html
Olesko Greek Catholic Church, None, Sights & Landmarks, /Attraction_Review-g2339780-d6527774-Reviews-Olesko_Greek_Catholic_Church-Olesko_Lviv_Oblast.html, /Attractions-g2339780-Activities-Olesko_Lviv_Oblast.html
