attraction_name, attraction_rate, attraction_type, attraction_url, attraction_parent_url
Holy Temple Candlemas, None, Sights & Landmarks, /Attraction_Review-g298046-d7023130-Reviews-Holy_Temple_Candlemas-Donetsk_Donetsk_Oblast.html, /Attractions-g298046-Activities-Donetsk_Donetsk_Oblast.html
Holy Iverskiy Convent, None, Sights & Landmarks, /Attraction_Review-g298046-d7023142-Reviews-Holy_Iverskiy_Convent-Donetsk_Donetsk_Oblast.html, /Attractions-g298046-Activities-Donetsk_Donetsk_Oblast.html
St. Nicholas Church, None, Sights & Landmarks, /Attraction_Review-g298046-d7006617-Reviews-St_Nicholas_Church-Donetsk_Donetsk_Oblast.html, /Attractions-g298046-Activities-Donetsk_Donetsk_Oblast.html
Lubavitcher Rebbe Menachem Mendel Donetsk Synangogue, None, Sights & Landmarks, /Attraction_Review-g298046-d8070511-Reviews-Lubavitcher_Rebbe_Menachem_Mendel_Donetsk_Synangogue-Donetsk_Donetsk_Oblast.html, /Attractions-g298046-Activities-Donetsk_Donetsk_Oblast.html
Lider Ice Dome, None, Fun & Games, /Attraction_Review-g298046-d8043903-Reviews-Lider_Ice_Dome-Donetsk_Donetsk_Oblast.html, /Attractions-g298046-Activities-Donetsk_Donetsk_Oblast.html
Kirovets, None, Fun & Games, /Attraction_Review-g298046-d8043904-Reviews-Kirovets-Donetsk_Donetsk_Oblast.html, /Attractions-g298046-Activities-Donetsk_Donetsk_Oblast.html
Olimpik, None, Sights & Landmarks, /Attraction_Review-g298046-d8043913-Reviews-Olimpik-Donetsk_Donetsk_Oblast.html, /Attractions-g298046-Activities-Donetsk_Donetsk_Oblast.html
Roan-Catholic Vhurch Parafii Svyatogo Iosifa, None, Sights & Landmarks, /Attraction_Review-g298046-d16883908-Reviews-Roan_Catholic_Vhurch_Parafii_Svyatogo_Iosifa-Donetsk_Donetsk_Oblast.html, /Attractions-g298046-Activities-Donetsk_Donetsk_Oblast.html
TRTS'Donetsk Siti', None, Shopping, /Attraction_Review-g298046-d19126772-Reviews-TRTS_Donetsk_Siti-Donetsk_Donetsk_Oblast.html, /Attractions-g298046-Activities-Donetsk_Donetsk_Oblast.html
