attraction_name, attraction_rate, attraction_type, attraction_url, attraction_parent_url
Mountain Trostyan, 4.5, Nature & Parks, /Attraction_Review-g2089107-d8647594-Reviews-Mountain_Trostyan-Slavs_ke_Skolivs_kyi_District_Lviv_Oblast.html, /Attractions-g2089107-Activities-Slavs_ke_Skolivs_kyi_District_Lviv_Oblast.html
Ski Complex Pogar, 5.0, Nature & Parks, /Attraction_Review-g2089107-d17142938-Reviews-Ski_Complex_Pogar-Slavs_ke_Skolivs_kyi_District_Lviv_Oblast.html, /Attractions-g2089107-Activities-Slavs_ke_Skolivs_kyi_District_Lviv_Oblast.html
Ski Resort Slavskoye, 4.0, Nature & Parks, /Attraction_Review-g2089107-d9712592-Reviews-Ski_Resort_Slavskoye-Slavs_ke_Skolivs_kyi_District_Lviv_Oblast.html, /Attractions-g2089107-Activities-Slavs_ke_Skolivs_kyi_District_Lviv_Oblast.html
4 Seasons, 5.0, Tours, /Attraction_Review-g2089107-d11949003-Reviews-4_Seasons-Slavs_ke_Skolivs_kyi_District_Lviv_Oblast.html, /Attractions-g2089107-Activities-Slavs_ke_Skolivs_kyi_District_Lviv_Oblast.html
Maxim Art Gallery, None, Museums, /Attraction_Review-g2089107-d13944677-Reviews-Maxim_Art_Gallery-Slavs_ke_Skolivs_kyi_District_Lviv_Oblast.html, /Attractions-g2089107-Activities-Slavs_ke_Skolivs_kyi_District_Lviv_Oblast.html
