attraction_name, attraction_rate, attraction_type, attraction_url, attraction_parent_url
Rivne Zoo, 4.5, Zoos & Aquariums, /Attraction_Review-g777826-d4187200-Reviews-Rivne_Zoo-Rivne_Rivne_Oblast.html, /Attractions-g777826-Activities-Rivne_Rivne_Oblast.html
Shevchenko Park of Leisure and Culture, 4.5, Nature & Parks, /Attraction_Review-g777826-d6554936-Reviews-Shevchenko_Park_of_Leisure_and_Culture-Rivne_Rivne_Oblast.html, /Attractions-g777826-Activities-Rivne_Rivne_Oblast.html
Lebedinnoye Lake, 4.5, Nature & Parks, /Attraction_Review-g777826-d11867820-Reviews-Lebedinnoye_Lake-Rivne_Rivne_Oblast.html, /Attractions-g777826-Activities-Rivne_Rivne_Oblast.html
Amber Museum, 4.0, Museums, /Attraction_Review-g777826-d6511331-Reviews-Amber_Museum-Rivne_Rivne_Oblast.html, /Attractions-g777826-Activities-Rivne_Rivne_Oblast.html
Rivne Music and Drama Theatre, 4.5, Concerts & Shows, /Attraction_Review-g777826-d6940219-Reviews-Rivne_Music_and_Drama_Theatre-Rivne_Rivne_Oblast.html, /Attractions-g777826-Activities-Rivne_Rivne_Oblast.html
Zlata Plaza, 4.0, Shopping, /Attraction_Review-g777826-d11867867-Reviews-Zlata_Plaza-Rivne_Rivne_Oblast.html, /Attractions-g777826-Activities-Rivne_Rivne_Oblast.html
Ekvator, 4.5, Shopping, /Attraction_Review-g777826-d11868008-Reviews-Ekvator-Rivne_Rivne_Oblast.html, /Attractions-g777826-Activities-Rivne_Rivne_Oblast.html
Holy Resurrection Cathedral, 4.0, Sights & Landmarks, /Attraction_Review-g777826-d6511334-Reviews-Holy_Resurrection_Cathedral-Rivne_Rivne_Oblast.html, /Attractions-g777826-Activities-Rivne_Rivne_Oblast.html
Rivne Regional Lore Museum, 4.0, Museums, /Attraction_Review-g777826-d6511332-Reviews-Rivne_Regional_Lore_Museum-Rivne_Rivne_Oblast.html, /Attractions-g777826-Activities-Rivne_Rivne_Oblast.html
Mototrek, 5.0, Sights & Landmarks, /Attraction_Review-g777826-d11867997-Reviews-Mototrek-Rivne_Rivne_Oblast.html, /Attractions-g777826-Activities-Rivne_Rivne_Oblast.html
Rivne Children's Railway, 4.5, Tours, /Attraction_Review-g777826-d6940213-Reviews-Rivne_Children_s_Railway-Rivne_Rivne_Oblast.html, /Attractions-g777826-Activities-Rivne_Rivne_Oblast.html
St. Antony Cathedral, 5.0, Sights & Landmarks, /Attraction_Review-g777826-d6554948-Reviews-St_Antony_Cathedral-Rivne_Rivne_Oblast.html, /Attractions-g777826-Activities-Rivne_Rivne_Oblast.html
Princess Maria Rivnenska Monument, 4.0, Sights & Landmarks, /Attraction_Review-g777826-d6554941-Reviews-Princess_Maria_Rivnenska_Monument-Rivne_Rivne_Oblast.html, /Attractions-g777826-Activities-Rivne_Rivne_Oblast.html
Rivne Synagogue, 3.5, Sights & Landmarks, /Attraction_Review-g777826-d6511333-Reviews-Rivne_Synagogue-Rivne_Rivne_Oblast.html, /Attractions-g777826-Activities-Rivne_Rivne_Oblast.html
Assumption (wooden) Church, 4.5, Sights & Landmarks, /Attraction_Review-g777826-d6554946-Reviews-Assumption_wooden_Church-Rivne_Rivne_Oblast.html, /Attractions-g777826-Activities-Rivne_Rivne_Oblast.html
Pokrovskiy Mall, 5.0, Shopping, /Attraction_Review-g777826-d11930126-Reviews-Pokrovskiy_Mall-Rivne_Rivne_Oblast.html, /Attractions-g777826-Activities-Rivne_Rivne_Oblast.html
Monument to T.G. Shevchenko, 4.0, Sights & Landmarks, /Attraction_Review-g777826-d11867800-Reviews-Monument_to_T_G_Shevchenko-Rivne_Rivne_Oblast.html, /Attractions-g777826-Activities-Rivne_Rivne_Oblast.html
Intercession Cathedral, 4.5, Sights & Landmarks, /Attraction_Review-g777826-d8608342-Reviews-Intercession_Cathedral-Rivne_Rivne_Oblast.html, /Attractions-g777826-Activities-Rivne_Rivne_Oblast.html
Arena Shopping Mall, 3.0, Shopping, /Attraction_Review-g777826-d13795002-Reviews-Arena_Shopping_Mall-Rivne_Rivne_Oblast.html, /Attractions-g777826-Activities-Rivne_Rivne_Oblast.html
Rivne Puppet Theatre, 5.0, Concerts & Shows, /Attraction_Review-g777826-d6554950-Reviews-Rivne_Puppet_Theatre-Rivne_Rivne_Oblast.html, /Attractions-g777826-Activities-Rivne_Rivne_Oblast.html
Park PDM, 4.5, Nature & Parks, /Attraction_Review-g777826-d11930117-Reviews-Park_PDM-Rivne_Rivne_Oblast.html, /Attractions-g777826-Activities-Rivne_Rivne_Oblast.html
Palace of Children and Youth, 4.0, Concerts & Shows, /Attraction_Review-g777826-d6940214-Reviews-Palace_of_Children_and_Youth-Rivne_Rivne_Oblast.html, /Attractions-g777826-Activities-Rivne_Rivne_Oblast.html
Monument to Bogdan Khmelnitskiy, 5.0, Sights & Landmarks, /Attraction_Review-g777826-d11867993-Reviews-Monument_to_Bogdan_Khmelnitskiy-Rivne_Rivne_Oblast.html, /Attractions-g777826-Activities-Rivne_Rivne_Oblast.html
Avangard Stadium, 3.0, Sights & Landmarks, /Attraction_Review-g777826-d11868092-Reviews-Avangard_Stadium-Rivne_Rivne_Oblast.html, /Attractions-g777826-Activities-Rivne_Rivne_Oblast.html
Quest-Room Q-18, 5.0, Fun & Games, /Attraction_Review-g777826-d8818675-Reviews-Quest_Room_Q_18-Rivne_Rivne_Oblast.html, /Attractions-g777826-Activities-Rivne_Rivne_Oblast.html
Leopark, 5.0, Fun & Games, /Attraction_Review-g777826-d8615133-Reviews-Leopark-Rivne_Rivne_Oblast.html, /Attractions-g777826-Activities-Rivne_Rivne_Oblast.html
Entertainment Center Turbina, 4.0, Fun & Games, /Attraction_Review-g777826-d12817119-Reviews-Entertainment_Center_Turbina-Rivne_Rivne_Oblast.html, /Attractions-g777826-Activities-Rivne_Rivne_Oblast.html
Fly Kids, 5.0, Water & Amusement Parks, /Attraction_Review-g777826-d13795010-Reviews-Fly_Kids-Rivne_Rivne_Oblast.html, /Attractions-g777826-Activities-Rivne_Rivne_Oblast.html
Sky Up Family Park, 5.0, Fun & Games, /Attraction_Review-g777826-d13168419-Reviews-Sky_Up_Family_Park-Rivne_Rivne_Oblast.html, /Attractions-g777826-Activities-Rivne_Rivne_Oblast.html
Riven Breweries, 4.0, Food & Drink, /Attraction_Review-g777826-d13280751-Reviews-Riven_Breweries-Rivne_Rivne_Oblast.html, /Attractions-g777826-Activities-Rivne_Rivne_Oblast.html
