attraction_name, attraction_rate, attraction_type, attraction_url, attraction_parent_url
KVN DGU Theatre, 5.0, Concerts & Shows, /Attraction_Review-g298045-d6765824-Reviews-KVN_DGU_Theatre-Dnipro_Dnipropetrovsk_Oblast.html, /Attractions-g298045-Activities-Dnipro_Dnipropetrovsk_Oblast.html
Artsvit Gallery, 5.0, Museums, /Attraction_Review-g298045-d6617740-Reviews-Artsvit_Gallery-Dnipro_Dnipropetrovsk_Oblast.html, /Attractions-g298045-Activities-Dnipro_Dnipropetrovsk_Oblast.html
Park of Culture and Recreation, 4.5, Nature & Parks, /Attraction_Review-g298045-d6826629-Reviews-Park_of_Culture_and_Recreation-Dnipro_Dnipropetrovsk_Oblast.html, /Attractions-g298045-Activities-Dnipro_Dnipropetrovsk_Oblast.html
History Museum Of Dnipropetrovsk Medical Academy, 5.0, Museums, /Attraction_Review-g298045-d7315109-Reviews-History_Museum_Of_Dnipropetrovsk_Medical_Academy-Dnipro_Dnipropetrovsk_Oblast.html, /Attractions-g298045-Activities-Dnipro_Dnipropetrovsk_Oblast.html
National Mining University History Museum, 3.0, Museums, /Attraction_Review-g298045-d6766261-Reviews-National_Mining_University_History_Museum-Dnipro_Dnipropetrovsk_Oblast.html, /Attractions-g298045-Activities-Dnipro_Dnipropetrovsk_Oblast.html
Literaturnoye Predneprovye Museum, 3.0, Museums, /Attraction_Review-g298045-d6617468-Reviews-Literaturnoye_Predneprovye_Museum-Dnipro_Dnipropetrovsk_Oblast.html, /Attractions-g298045-Activities-Dnipro_Dnipropetrovsk_Oblast.html
Tourist Information Center, 3.0, Traveller Resources, /Attraction_Review-g298045-d13748650-Reviews-Tourist_Information_Center-Dnipro_Dnipropetrovsk_Oblast.html, /Attractions-g298045-Activities-Dnipro_Dnipropetrovsk_Oblast.html
Most-Ais Rink, 4.0, Fun & Games, /Attraction_Review-g298045-d7315104-Reviews-Most_Ais_Rink-Dnipro_Dnipropetrovsk_Oblast.html, /Attractions-g298045-Activities-Dnipro_Dnipropetrovsk_Oblast.html
Babushkin Memorial House-Museum, 5.0, Museums, /Attraction_Review-g298045-d6766491-Reviews-Babushkin_Memorial_House_Museum-Dnipro_Dnipropetrovsk_Oblast.html, /Attractions-g298045-Activities-Dnipro_Dnipropetrovsk_Oblast.html
Gold Key Children Music Theatre, 4.0, Concerts & Shows, /Attraction_Review-g298045-d6765816-Reviews-Gold_Key_Children_Music_Theatre-Dnipro_Dnipropetrovsk_Oblast.html, /Attractions-g298045-Activities-Dnipro_Dnipropetrovsk_Oblast.html
Cuba, 3.5, Sights & Landmarks, /Attraction_Review-g298045-d7307116-Reviews-Cuba-Dnipro_Dnipropetrovsk_Oblast.html, /Attractions-g298045-Activities-Dnipro_Dnipropetrovsk_Oblast.html
Dnipropetrovsk Municipal Puppet Theatre, None, Concerts & Shows, /Attraction_Review-g298045-d6765827-Reviews-Dnipropetrovsk_Municipal_Puppet_Theatre-Dnipro_Dnipropetrovsk_Oblast.html, /Attractions-g298045-Activities-Dnipro_Dnipropetrovsk_Oblast.html
Ya Gallery Dnepr, None, Sights & Landmarks, /Attraction_Review-g298045-d6617744-Reviews-Ya_Gallery_Dnepr-Dnipro_Dnipropetrovsk_Oblast.html, /Attractions-g298045-Activities-Dnipro_Dnipropetrovsk_Oblast.html
Meteor Expo-Centre, None, Sights & Landmarks, /Attraction_Review-g298045-d6617741-Reviews-Meteor_Expo_Centre-Dnipro_Dnipropetrovsk_Oblast.html, /Attractions-g298045-Activities-Dnipro_Dnipropetrovsk_Oblast.html
History Museum of Prydniprovska State Academy of Construction and Architecture, None, Museums, /Attraction_Review-g298045-d6942953-Reviews-History_Museum_of_Prydniprovska_State_Academy_of_Construction_and_Architecture-Dn.html, /Attractions-g298045-Activities-Dnipro_Dnipropetrovsk_Oblast.html
Gulliver Children's Theatre of Dolls, None, Concerts & Shows, /Attraction_Review-g298045-d7315657-Reviews-Gulliver_Children_s_Theatre_of_Dolls-Dnipro_Dnipropetrovsk_Oblast.html, /Attractions-g298045-Activities-Dnipro_Dnipropetrovsk_Oblast.html
Darimena Studio Theatre, None, Concerts & Shows, /Attraction_Review-g298045-d7315661-Reviews-Darimena_Studio_Theatre-Dnipro_Dnipropetrovsk_Oblast.html, /Attractions-g298045-Activities-Dnipro_Dnipropetrovsk_Oblast.html
Orange Sport Club, None, Fun & Games, /Attraction_Review-g298045-d7315658-Reviews-Orange_Sport_Club-Dnipro_Dnipropetrovsk_Oblast.html, /Attractions-g298045-Activities-Dnipro_Dnipropetrovsk_Oblast.html
Monument to the Students and Staff of the Medical Institute&& Who Died during the Great Patriotic War, None, Sights & Landmarks, /Attraction_Review-g298045-d7217916-Reviews-Monument_to_the_Students_and_Staff_of_the_Medical_Institute_Who_Died_during_the_G.html, /Attractions-g298045-Activities-Dnipro_Dnipropetrovsk_Oblast.html
Temple of the Three Saints, None, Sights & Landmarks, /Attraction_Review-g298045-d7307113-Reviews-Temple_of_the_Three_Saints-Dnipro_Dnipropetrovsk_Oblast.html, /Attractions-g298045-Activities-Dnipro_Dnipropetrovsk_Oblast.html
Temple of the Icon of Our Lady, None, Sights & Landmarks, /Attraction_Review-g298045-d7307111-Reviews-Temple_of_the_Icon_of_Our_Lady-Dnipro_Dnipropetrovsk_Oblast.html, /Attractions-g298045-Activities-Dnipro_Dnipropetrovsk_Oblast.html
History of Local Self-Government Museum, None, Museums, /Attraction_Review-g298045-d7307115-Reviews-History_of_Local_Self_Government_Museum-Dnipro_Dnipropetrovsk_Oblast.html, /Attractions-g298045-Activities-Dnipro_Dnipropetrovsk_Oblast.html
Islamic Cultural Center, None, Sights & Landmarks, /Attraction_Review-g298045-d9974320-Reviews-Islamic_Cultural_Center-Dnipro_Dnipropetrovsk_Oblast.html, /Attractions-g298045-Activities-Dnipro_Dnipropetrovsk_Oblast.html
Metallurgical State Museum of Ukraine, None, Museums, /Attraction_Review-g298045-d7316986-Reviews-Metallurgical_State_Museum_of_Ukraine-Dnipro_Dnipropetrovsk_Oblast.html, /Attractions-g298045-Activities-Dnipro_Dnipropetrovsk_Oblast.html
Dnepropetrovsk House of Art, None, Sights & Landmarks, /Attraction_Review-g298045-d7316483-Reviews-Dnepropetrovsk_House_of_Art-Dnipro_Dnipropetrovsk_Oblast.html, /Attractions-g298045-Activities-Dnipro_Dnipropetrovsk_Oblast.html
History Museum, None, Museums, /Attraction_Review-g298045-d7307100-Reviews-History_Museum-Dnipro_Dnipropetrovsk_Oblast.html, /Attractions-g298045-Activities-Dnipro_Dnipropetrovsk_Oblast.html
Hilaris Gallery, None, Sights & Landmarks, /Attraction_Review-g298045-d7307098-Reviews-Hilaris_Gallery-Dnipro_Dnipropetrovsk_Oblast.html, /Attractions-g298045-Activities-Dnipro_Dnipropetrovsk_Oblast.html
Zoological Museum, None, Museums, /Attraction_Review-g298045-d7307101-Reviews-Zoological_Museum-Dnipro_Dnipropetrovsk_Oblast.html, /Attractions-g298045-Activities-Dnipro_Dnipropetrovsk_Oblast.html
Dnipropetrovsk City Roerich Society, None, Sights & Landmarks, /Attraction_Review-g298045-d7307108-Reviews-Dnipropetrovsk_City_Roerich_Society-Dnipro_Dnipropetrovsk_Oblast.html, /Attractions-g298045-Activities-Dnipro_Dnipropetrovsk_Oblast.html
Metal Sport Complex, None, Fun & Games, /Attraction_Review-g298045-d7316051-Reviews-Metal_Sport_Complex-Dnipro_Dnipropetrovsk_Oblast.html, /Attractions-g298045-Activities-Dnipro_Dnipropetrovsk_Oblast.html
