attraction_name, attraction_rate, attraction_type, attraction_url, attraction_parent_url
Sofiyivka Park, 4.5, Nature & Parks, /Attraction_Review-g673500-d2225582-Reviews-Sofiyivka_Park-Uman_Cherkasy_Oblast.html, /Attractions-g673500-Activities-Uman_Cherkasy_Oblast.html
Tomb of Rabbi Nachman of Breslev, 4.0, Sights & Landmarks, /Attraction_Review-g673500-d2332348-Reviews-Tomb_of_Rabbi_Nachman_of_Breslev-Uman_Cherkasy_Oblast.html, /Attractions-g673500-Activities-Uman_Cherkasy_Oblast.html
Uman Central Park, 4.5, Nature & Parks, /Attraction_Review-g673500-d6698116-Reviews-Uman_Central_Park-Uman_Cherkasy_Oblast.html, /Attractions-g673500-Activities-Uman_Cherkasy_Oblast.html
Perlyna Kokhannya Music and Light Fountain, 4.5, Sights & Landmarks, /Attraction_Review-g673500-d17487742-Reviews-Perlyna_Kokhannya_Music_and_Light_Fountain-Uman_Cherkasy_Oblast.html, /Attractions-g673500-Activities-Uman_Cherkasy_Oblast.html
Uman Lore Museum, 5.0, Museums, /Attraction_Review-g673500-d6524072-Reviews-Uman_Lore_Museum-Uman_Cherkasy_Oblast.html, /Attractions-g673500-Activities-Uman_Cherkasy_Oblast.html
Ostashivskiy Lake, 4.5, Nature & Parks, /Attraction_Review-g673500-d6698115-Reviews-Ostashivskiy_Lake-Uman_Cherkasy_Oblast.html, /Attractions-g673500-Activities-Uman_Cherkasy_Oblast.html
Umansky Holy Protection Monastery Vasilevsky, 4.5, Sights & Landmarks, /Attraction_Review-g673500-d6698094-Reviews-Umansky_Holy_Protection_Monastery_Vasilevsky-Uman_Cherkasy_Oblast.html, /Attractions-g673500-Activities-Uman_Cherkasy_Oblast.html
Umanpivo, 5.0, Food & Drink, /Attraction_Review-g673500-d8319283-Reviews-Umanpivo-Uman_Cherkasy_Oblast.html, /Attractions-g673500-Activities-Uman_Cherkasy_Oblast.html
Uman Art Museum, 5.0, Museums, /Attraction_Review-g673500-d6524071-Reviews-Uman_Art_Museum-Uman_Cherkasy_Oblast.html, /Attractions-g673500-Activities-Uman_Cherkasy_Oblast.html
Wooden church of St. Michael the Archangel, 5.0, Sights & Landmarks, /Attraction_Review-g673500-d6698102-Reviews-Wooden_church_of_St_Michael_the_Archangel-Uman_Cherkasy_Oblast.html, /Attractions-g673500-Activities-Uman_Cherkasy_Oblast.html
Glory Obelisk, 3.5, Sights & Landmarks, /Attraction_Review-g673500-d6940251-Reviews-Glory_Obelisk-Uman_Cherkasy_Oblast.html, /Attractions-g673500-Activities-Uman_Cherkasy_Oblast.html
Uman Assumption Church, 4.5, Sights & Landmarks, /Attraction_Review-g673500-d6524077-Reviews-Uman_Assumption_Church-Uman_Cherkasy_Oblast.html, /Attractions-g673500-Activities-Uman_Cherkasy_Oblast.html
Polish Cemetery, 5.0, Sights & Landmarks, /Attraction_Review-g673500-d6698119-Reviews-Polish_Cemetery-Uman_Cherkasy_Oblast.html, /Attractions-g673500-Activities-Uman_Cherkasy_Oblast.html
St. Nicolas Cathedral, 4.0, Sights & Landmarks, /Attraction_Review-g673500-d6524075-Reviews-St_Nicolas_Cathedral-Uman_Cherkasy_Oblast.html, /Attractions-g673500-Activities-Uman_Cherkasy_Oblast.html
Monument to Ivan Gonte and Maxim Zaliznyak, 5.0, Sights & Landmarks, /Attraction_Review-g673500-d19071669-Reviews-Monument_to_Ivan_Gonte_and_Maxim_Zaliznyak-Uman_Cherkasy_Oblast.html, /Attractions-g673500-Activities-Uman_Cherkasy_Oblast.html
Uman Water Tower, 3.5, Sights & Landmarks, /Attraction_Review-g673500-d6698107-Reviews-Uman_Water_Tower-Uman_Cherkasy_Oblast.html, /Attractions-g673500-Activities-Uman_Cherkasy_Oblast.html
Bazaar Malls, 3.5, Shopping, /Attraction_Review-g673500-d6698096-Reviews-Bazaar_Malls-Uman_Cherkasy_Oblast.html, /Attractions-g673500-Activities-Uman_Cherkasy_Oblast.html
Surovtsova House-Museum, 5.0, Museums, /Attraction_Review-g673500-d6940750-Reviews-Surovtsova_House_Museum-Uman_Cherkasy_Oblast.html, /Attractions-g673500-Activities-Uman_Cherkasy_Oblast.html
Uman Area Culture and Life Museum, 5.0, Museums, /Attraction_Review-g673500-d6524074-Reviews-Uman_Area_Culture_and_Life_Museum-Uman_Cherkasy_Oblast.html, /Attractions-g673500-Activities-Uman_Cherkasy_Oblast.html
Chernyakhovskiy Cinema, 2.5, Sights & Landmarks, /Attraction_Review-g673500-d6524079-Reviews-Chernyakhovskiy_Cinema-Uman_Cherkasy_Oblast.html, /Attractions-g673500-Activities-Uman_Cherkasy_Oblast.html
Poyehali, 5.0, Transportation, /Attraction_Review-g673500-d17751362-Reviews-Poyehali-Uman_Cherkasy_Oblast.html, /Attractions-g673500-Activities-Uman_Cherkasy_Oblast.html
YODA Smart Cafe, 5.0, Fun & Games, /Attraction_Review-g673500-d12529194-Reviews-YODA_Smart_Cafe-Uman_Cherkasy_Oblast.html, /Attractions-g673500-Activities-Uman_Cherkasy_Oblast.html
Entertainment Center Galaktika, 5.0, Fun & Games, /Attraction_Review-g673500-d10292474-Reviews-Entertainment_Center_Galaktika-Uman_Cherkasy_Oblast.html, /Attractions-g673500-Activities-Uman_Cherkasy_Oblast.html
Pod Zamkom - escape quest, 1.0, Fun & Games, /Attraction_Review-g673500-d17343373-Reviews-Pod_Zamkom_escape_quest-Uman_Cherkasy_Oblast.html, /Attractions-g673500-Activities-Uman_Cherkasy_Oblast.html
Uman Area Literature and Arts Museum, None, Museums, /Attraction_Review-g673500-d6524073-Reviews-Uman_Area_Literature_and_Arts_Museum-Uman_Cherkasy_Oblast.html, /Attractions-g673500-Activities-Uman_Cherkasy_Oblast.html
St. Trinity Church, None, Sights & Landmarks, /Attraction_Review-g673500-d6524083-Reviews-St_Trinity_Church-Uman_Cherkasy_Oblast.html, /Attractions-g673500-Activities-Uman_Cherkasy_Oblast.html
AquaZona, None, Spas & Wellness, /Attraction_Review-g673500-d6524082-Reviews-AquaZona-Uman_Cherkasy_Oblast.html, /Attractions-g673500-Activities-Uman_Cherkasy_Oblast.html
People's Education Museum, None, Museums, /Attraction_Review-g673500-d6698089-Reviews-People_s_Education_Museum-Uman_Cherkasy_Oblast.html, /Attractions-g673500-Activities-Uman_Cherkasy_Oblast.html
Uman Hollow - Stalag 349 Camp, None, Sights & Landmarks, /Attraction_Review-g673500-d6698105-Reviews-Uman_Hollow_Stalag_349_Camp-Uman_Cherkasy_Oblast.html, /Attractions-g673500-Activities-Uman_Cherkasy_Oblast.html
Amarant, None, Fun & Games, /Attraction_Review-g673500-d13423429-Reviews-Amarant-Uman_Cherkasy_Oblast.html, /Attractions-g673500-Activities-Uman_Cherkasy_Oblast.html
