attraction_name, attraction_rate, attraction_type, attraction_url, attraction_parent_url
Ski Resort of Playa, 4.0, Nature & Parks, /Attraction_Review-g6368947-d9712585-Reviews-Ski_Resort_of_Playa-Plavya_Skolivs_kyi_District_Lviv_Oblast.html, /Attractions-g6368947-Activities-Plavya_Skolivs_kyi_District_Lviv_Oblast.html
Museum of National Culture, None, Museums, /Attraction_Review-g6368947-d9712754-Reviews-Museum_of_National_Culture-Plavya_Skolivs_kyi_District_Lviv_Oblast.html, /Attractions-g6368947-Activities-Plavya_Skolivs_kyi_District_Lviv_Oblast.html
Spa Center Shafran, None, Spas & Wellness, /Attraction_Review-g6368947-d9712580-Reviews-Spa_Center_Shafran-Plavya_Skolivs_kyi_District_Lviv_Oblast.html, /Attractions-g6368947-Activities-Plavya_Skolivs_kyi_District_Lviv_Oblast.html
Play, None, Fun & Games, /Attraction_Review-g6368947-d17724120-Reviews-Play-Plavya_Skolivs_kyi_District_Lviv_Oblast.html, /Attractions-g6368947-Activities-Plavya_Skolivs_kyi_District_Lviv_Oblast.html
Plai Relax Zone, None, Fun & Games, /Attraction_Review-g6368947-d17727608-Reviews-Plai_Relax_Zone-Plavya_Skolivs_kyi_District_Lviv_Oblast.html, /Attractions-g6368947-Activities-Plavya_Skolivs_kyi_District_Lviv_Oblast.html
