attraction_name, attraction_rate, attraction_type, attraction_url, attraction_parent_url
The White Arbor, 4.5, Sights & Landmarks, /Attraction_Review-g298047-d2180059-Reviews-The_White_Arbor-Poltava_Poltava_Oblast.html, /Attractions-g298047-Activities-Poltava_Poltava_Oblast.html
Long-Range Strategic Aviation Museum, 4.5, Museums, /Attraction_Review-g298047-d4958744-Reviews-Long_Range_Strategic_Aviation_Museum-Poltava_Poltava_Oblast.html, /Attractions-g298047-Activities-Poltava_Poltava_Oblast.html
Poltava Regional Museum, 4.5, Museums, /Attraction_Review-g298047-d2179813-Reviews-Poltava_Regional_Museum-Poltava_Poltava_Oblast.html, /Attractions-g298047-Activities-Poltava_Poltava_Oblast.html
Poltava Dumplings Monument, 4.0, Sights & Landmarks, /Attraction_Review-g298047-d2179958-Reviews-Poltava_Dumplings_Monument-Poltava_Poltava_Oblast.html, /Attractions-g298047-Activities-Poltava_Poltava_Oblast.html
Ivan Kotlyarevskiy House, 4.5, Museums, /Attraction_Review-g298047-d5794286-Reviews-Ivan_Kotlyarevskiy_House-Poltava_Poltava_Oblast.html, /Attractions-g298047-Activities-Poltava_Poltava_Oblast.html
The Poltava Battle History Museum, 4.5, Museums, /Attraction_Review-g298047-d2179920-Reviews-The_Poltava_Battle_History_Museum-Poltava_Poltava_Oblast.html, /Attractions-g298047-Activities-Poltava_Poltava_Oblast.html
The Holy Cross Exaltation Monastery, 4.5, Sights & Landmarks, /Attraction_Review-g298047-d2180113-Reviews-The_Holy_Cross_Exaltation_Monastery-Poltava_Poltava_Oblast.html, /Attractions-g298047-Activities-Poltava_Poltava_Oblast.html
The Vorskla River, 4.0, Nature & Parks, /Attraction_Review-g298047-d6943142-Reviews-The_Vorskla_River-Poltava_Poltava_Oblast.html, /Attractions-g298047-Activities-Poltava_Poltava_Oblast.html
St. Sampsoniy Church, 5.0, Sights & Landmarks, /Attraction_Review-g298047-d5794299-Reviews-St_Sampsoniy_Church-Poltava_Poltava_Oblast.html, /Attractions-g298047-Activities-Poltava_Poltava_Oblast.html
Panas Myrniy Museum, 4.5, Museums, /Attraction_Review-g298047-d5794287-Reviews-Panas_Myrniy_Museum-Poltava_Poltava_Oblast.html, /Attractions-g298047-Activities-Poltava_Poltava_Oblast.html
Aviation and Space Museum, 4.5, Museums, /Attraction_Review-g298047-d6429054-Reviews-Aviation_and_Space_Museum-Poltava_Poltava_Oblast.html, /Attractions-g298047-Activities-Poltava_Poltava_Oblast.html
Shevchenko Monument by Kavaleridze, 4.5, Sights & Landmarks, /Attraction_Review-g298047-d5794306-Reviews-Shevchenko_Monument_by_Kavaleridze-Poltava_Poltava_Oblast.html, /Attractions-g298047-Activities-Poltava_Poltava_Oblast.html
Corpusniy Garden, 4.5, Nature & Parks, /Attraction_Review-g298047-d6767299-Reviews-Corpusniy_Garden-Poltava_Poltava_Oblast.html, /Attractions-g298047-Activities-Poltava_Poltava_Oblast.html
Former Peasants Bank, 4.5, Sights & Landmarks, /Attraction_Review-g298047-d5794305-Reviews-Former_Peasants_Bank-Poltava_Poltava_Oblast.html, /Attractions-g298047-Activities-Poltava_Poltava_Oblast.html
Gogol Theater of Musical Drama, 5.0, Concerts & Shows, /Attraction_Review-g298047-d6429059-Reviews-Gogol_Theater_of_Musical_Drama-Poltava_Poltava_Oblast.html, /Attractions-g298047-Activities-Poltava_Poltava_Oblast.html
Ivanova Mountain, 5.0, Nature & Parks, /Attraction_Review-g298047-d6429049-Reviews-Ivanova_Mountain-Poltava_Poltava_Oblast.html, /Attractions-g298047-Activities-Poltava_Poltava_Oblast.html
The Round Square, 4.5, Sights & Landmarks, /Attraction_Review-g298047-d6429647-Reviews-The_Round_Square-Poltava_Poltava_Oblast.html, /Attractions-g298047-Activities-Poltava_Poltava_Oblast.html
Poltava City Park - Arboretum, 4.5, Nature & Parks, /Attraction_Review-g298047-d6767292-Reviews-Poltava_City_Park_Arboretum-Poltava_Poltava_Oblast.html, /Attractions-g298047-Activities-Poltava_Poltava_Oblast.html
Ivan Kotlyarevsky Monument, 5.0, Sights & Landmarks, /Attraction_Review-g298047-d6943198-Reviews-Ivan_Kotlyarevsky_Monument-Poltava_Poltava_Oblast.html, /Attractions-g298047-Activities-Poltava_Poltava_Oblast.html
Sunny Park, 4.5, Nature & Parks, /Attraction_Review-g298047-d6767306-Reviews-Sunny_Park-Poltava_Poltava_Oblast.html, /Attractions-g298047-Activities-Poltava_Poltava_Oblast.html
Peter I Monument, 4.5, Sights & Landmarks, /Attraction_Review-g298047-d5794296-Reviews-Peter_I_Monument-Poltava_Poltava_Oblast.html, /Attractions-g298047-Activities-Poltava_Poltava_Oblast.html
Savior Church, 5.0, Sights & Landmarks, /Attraction_Review-g298047-d6767293-Reviews-Savior_Church-Poltava_Poltava_Oblast.html, /Attractions-g298047-Activities-Poltava_Poltava_Oblast.html
Sorochynsky Fair, 4.0, Shopping, /Attraction_Review-g298047-d6429444-Reviews-Sorochynsky_Fair-Poltava_Poltava_Oblast.html, /Attractions-g298047-Activities-Poltava_Poltava_Oblast.html
Fallen Ukrainian Cossacks' Monument, 4.5, Sights & Landmarks, /Attraction_Review-g298047-d5794294-Reviews-Fallen_Ukrainian_Cossacks_Monument-Poltava_Poltava_Oblast.html, /Attractions-g298047-Activities-Poltava_Poltava_Oblast.html
Petrovskiy Park, 4.5, Nature & Parks, /Attraction_Review-g298047-d6767304-Reviews-Petrovskiy_Park-Poltava_Poltava_Oblast.html, /Attractions-g298047-Activities-Poltava_Poltava_Oblast.html
Poltava Art Museum, 4.5, Museums, /Attraction_Review-g298047-d5794289-Reviews-Poltava_Art_Museum-Poltava_Poltava_Oblast.html, /Attractions-g298047-Activities-Poltava_Poltava_Oblast.html
Monument to the Hetman Ivan Mazepa, 4.5, Sights & Landmarks, /Attraction_Review-g298047-d10813113-Reviews-Monument_to_the_Hetman_Ivan_Mazepa-Poltava_Poltava_Oblast.html, /Attractions-g298047-Activities-Poltava_Poltava_Oblast.html
Uspenska Church, 4.0, Sights & Landmarks, /Attraction_Review-g298047-d1425911-Reviews-Uspenska_Church-Poltava_Poltava_Oblast.html, /Attractions-g298047-Activities-Poltava_Poltava_Oblast.html
Marusia Churai Memorial, 4.5, Sights & Landmarks, /Attraction_Review-g298047-d6943186-Reviews-Marusia_Churai_Memorial-Poltava_Poltava_Oblast.html, /Attractions-g298047-Activities-Poltava_Poltava_Oblast.html
Poltava Mosque, 3.5, Sights & Landmarks, /Attraction_Review-g298047-d6767289-Reviews-Poltava_Mosque-Poltava_Poltava_Oblast.html, /Attractions-g298047-Activities-Poltava_Poltava_Oblast.html
