attraction_name, attraction_rate, attraction_type, attraction_url, attraction_parent_url
Transcarpathian Hungarian College, 4.5, Sights & Landmarks, /Attraction_Review-g1887423-d12253716-Reviews-Transcarpathian_Hungarian_College-Beregovo_Zakarpattia_Oblast.html, /Attractions-g1887423-Activities-Beregovo_Zakarpattia_Oblast.html
Beregszaszi Reformed Church, 5.0, Sights & Landmarks, /Attraction_Review-g1887423-d12253704-Reviews-Beregszaszi_Reformed_Church-Beregovo_Zakarpattia_Oblast.html, /Attractions-g1887423-Activities-Beregovo_Zakarpattia_Oblast.html
Cross Exaltation Cathedral, 4.0, Sights & Landmarks, /Attraction_Review-g1887423-d10816012-Reviews-Cross_Exaltation_Cathedral-Beregovo_Zakarpattia_Oblast.html, /Attractions-g1887423-Activities-Beregovo_Zakarpattia_Oblast.html
Museum of Beregovshhina, 3.5, Museums, /Attraction_Review-g1887423-d17571165-Reviews-Museum_of_Beregovshhina-Beregovo_Zakarpattia_Oblast.html, /Attractions-g1887423-Activities-Beregovo_Zakarpattia_Oblast.html
Lake Beregi-to, 3.0, Nature & Parks, /Attraction_Review-g1887423-d9719535-Reviews-Lake_Beregi_to-Beregovo_Zakarpattia_Oblast.html, /Attractions-g1887423-Activities-Beregovo_Zakarpattia_Oblast.html
Museum of the Winemaker Chiz, 5.0, Museums, /Attraction_Review-g1887423-d20357959-Reviews-Museum_of_the_Winemaker_Chiz-Beregovo_Zakarpattia_Oblast.html, /Attractions-g1887423-Activities-Beregovo_Zakarpattia_Oblast.html
Chateau Chizay, 4.5, Food & Drink, /Attraction_Review-g1887423-d9716238-Reviews-Chateau_Chizay-Beregovo_Zakarpattia_Oblast.html, /Attractions-g1887423-Activities-Beregovo_Zakarpattia_Oblast.html
Thermal Swimming Pool Zhayvoronok-Pachirta, 4.0, Spas & Wellness, /Attraction_Review-g1887423-d8590874-Reviews-Thermal_Swimming_Pool_Zhayvoronok_Pachirta-Beregovo_Zakarpattia_Oblast.html, /Attractions-g1887423-Activities-Beregovo_Zakarpattia_Oblast.html
Thermal Pool Zakarpatiye, 3.5, Spas & Wellness, /Attraction_Review-g1887423-d8300162-Reviews-Thermal_Pool_Zakarpatiye-Beregovo_Zakarpattia_Oblast.html, /Attractions-g1887423-Activities-Beregovo_Zakarpattia_Oblast.html
Dyida Eco-Resort, None, Boat Tours & Water Sports, /Attraction_Review-g1887423-d12694378-Reviews-Dyida_Eco_Resort-Beregovo_Zakarpattia_Oblast.html, /Attractions-g1887423-Activities-Beregovo_Zakarpattia_Oblast.html
