attraction_name, attraction_rate, attraction_type, attraction_url, attraction_parent_url
Odessa Municipal Theater of Wind Music of the National Actor of Ukraine a. Salik, 4.0, Concerts & Shows, /Attraction_Review-g295368-d6502523-Reviews-Odessa_Municipal_Theater_of_Wind_Music_of_the_National_Actor_of_Ukraine_a_Salik-O.html, /Attractions-g295368-Activities-Odessa_Odessa_Oblast.html
Protection of the Holy Virgin, 3.0, Sights & Landmarks, /Attraction_Review-g295368-d6493396-Reviews-Protection_of_the_Holy_Virgin-Odessa_Odessa_Oblast.html, /Attractions-g295368-Activities-Odessa_Odessa_Oblast.html
F.P. De-Volan Museum, 3.0, Museums, /Attraction_Review-g295368-d6490558-Reviews-F_P_De_Volan_Museum-Odessa_Odessa_Oblast.html, /Attractions-g295368-Activities-Odessa_Odessa_Oblast.html
Monument to L. Zamenhof&& the Creator of Esperanto&&, 4.5, Sights & Landmarks, /Attraction_Review-g295368-d5503695-Reviews-Monument_to_L_Zamenhof_the_Creator_of_Esperanto-Odessa_Odessa_Oblast.html, /Attractions-g295368-Activities-Odessa_Odessa_Oblast.html
Church of the Presentation of the Lord, 3.0, Sights & Landmarks, /Attraction_Review-g295368-d6492804-Reviews-Church_of_the_Presentation_of_the_Lord-Odessa_Odessa_Oblast.html, /Attractions-g295368-Activities-Odessa_Odessa_Oblast.html
Astronomical Observatory of Odessa National University, 4.5, Museums, /Attraction_Review-g295368-d12841930-Reviews-Astronomical_Observatory_of_Odessa_National_University-Odessa_Odessa_Oblast.html, /Attractions-g295368-Activities-Odessa_Odessa_Oblast.html
Temple of the Holy Great Martyr Demetrios, 4.0, Sights & Landmarks, /Attraction_Review-g295368-d6493957-Reviews-Temple_of_the_Holy_Great_Martyr_Demetrios-Odessa_Odessa_Oblast.html, /Attractions-g295368-Activities-Odessa_Odessa_Oblast.html
Church of the Holy Venerable Martyr Elizabeth, 3.0, Sights & Landmarks, /Attraction_Review-g295368-d6492689-Reviews-Church_of_the_Holy_Venerable_Martyr_Elizabeth-Odessa_Odessa_Oblast.html, /Attractions-g295368-Activities-Odessa_Odessa_Oblast.html
Church of St. Andrew the Apostle and the Holy New Martyrs and Confessors of Russia, 4.0, Sights & Landmarks, /Attraction_Review-g295368-d6492332-Reviews-Church_of_St_Andrew_the_Apostle_and_the_Holy_New_Martyrs_and_Confessors_of_Russia.html, /Attractions-g295368-Activities-Odessa_Odessa_Oblast.html
Vladimir Vysotsky Interactive Museum, 3.0, Museums, /Attraction_Review-g295368-d4373369-Reviews-Vladimir_Vysotsky_Interactive_Museum-Odessa_Odessa_Oblast.html, /Attractions-g295368-Activities-Odessa_Odessa_Oblast.html
Monastery of Pallottine Fathers, 3.0, Sights & Landmarks, /Attraction_Review-g295368-d6493183-Reviews-Monastery_of_Pallottine_Fathers-Odessa_Odessa_Oblast.html, /Attractions-g295368-Activities-Odessa_Odessa_Oblast.html
Hudpromo Art Gallery, 4.0, Museums, /Attraction_Review-g295368-d6502314-Reviews-Hudpromo_Art_Gallery-Odessa_Odessa_Oblast.html, /Attractions-g295368-Activities-Odessa_Odessa_Oblast.html
Roman Catholic Church of St. Clement, 3.0, Sights & Landmarks, /Attraction_Review-g295368-d6493438-Reviews-Roman_Catholic_Church_of_St_Clement-Odessa_Odessa_Oblast.html, /Attractions-g295368-Activities-Odessa_Odessa_Oblast.html
Holy Trinity Church, 3.0, Sights & Landmarks, /Attraction_Review-g295368-d6493073-Reviews-Holy_Trinity_Church-Odessa_Odessa_Oblast.html, /Attractions-g295368-Activities-Odessa_Odessa_Oblast.html
Distance Pointer, 3.5, Sights & Landmarks, /Attraction_Review-g295368-d14912557-Reviews-Distance_Pointer-Odessa_Odessa_Oblast.html, /Attractions-g295368-Activities-Odessa_Odessa_Oblast.html
Temple of the Don Icon of the Mother of God, 3.0, Sights & Landmarks, /Attraction_Review-g295368-d6493921-Reviews-Temple_of_the_Don_Icon_of_the_Mother_of_God-Odessa_Odessa_Oblast.html, /Attractions-g295368-Activities-Odessa_Odessa_Oblast.html
Museum of History and Development of the Ukrainian Cossacks, 3.0, Museums, /Attraction_Review-g295368-d6490907-Reviews-Museum_of_History_and_Development_of_the_Ukrainian_Cossacks-Odessa_Odessa_Oblast.html, /Attractions-g295368-Activities-Odessa_Odessa_Oblast.html
Cathedral of Our Lady Mother's Icon of Life-Giving Spring, 3.0, Sights & Landmarks, /Attraction_Review-g295368-d6491779-Reviews-Cathedral_of_Our_Lady_Mother_s_Icon_of_Life_Giving_Spring-Odessa_Odessa_Oblast.html, /Attractions-g295368-Activities-Odessa_Odessa_Oblast.html
The Temple in Honor of St. Agapit Pechyorskiy, 4.0, Sights & Landmarks, /Attraction_Review-g295368-d6494214-Reviews-The_Temple_in_Honor_of_St_Agapit_Pechyorskiy-Odessa_Odessa_Oblast.html, /Attractions-g295368-Activities-Odessa_Odessa_Oblast.html
St. Alexis Church, 3.0, Sights & Landmarks, /Attraction_Review-g295368-d6493547-Reviews-St_Alexis_Church-Odessa_Odessa_Oblast.html, /Attractions-g295368-Activities-Odessa_Odessa_Oblast.html
Odessa Theatrical Lyceum, 4.0, Concerts & Shows, /Attraction_Review-g295368-d6502522-Reviews-Odessa_Theatrical_Lyceum-Odessa_Odessa_Oblast.html, /Attractions-g295368-Activities-Odessa_Odessa_Oblast.html
Animal-Records, 3.0, Zoos & Aquariums, /Attraction_Review-g295368-d8044425-Reviews-Animal_Records-Odessa_Odessa_Oblast.html, /Attractions-g295368-Activities-Odessa_Odessa_Oblast.html
St. Andrew's Church, 4.0, Sights & Landmarks, /Attraction_Review-g295368-d6493555-Reviews-St_Andrew_s_Church-Odessa_Odessa_Oblast.html, /Attractions-g295368-Activities-Odessa_Odessa_Oblast.html
St. Nicholas Church, 4.0, Sights & Landmarks, /Attraction_Review-g295368-d6493605-Reviews-St_Nicholas_Church-Odessa_Odessa_Oblast.html, /Attractions-g295368-Activities-Odessa_Odessa_Oblast.html
Wall of Love, 5.0, Sights & Landmarks, /Attraction_Review-g295368-d17727617-Reviews-Wall_of_Love-Odessa_Odessa_Oblast.html, /Attractions-g295368-Activities-Odessa_Odessa_Oblast.html
All Saints Church, 3.0, Sights & Landmarks, /Attraction_Review-g295368-d6491685-Reviews-All_Saints_Church-Odessa_Odessa_Oblast.html, /Attractions-g295368-Activities-Odessa_Odessa_Oblast.html
Novy Privoz, 3.0, Shopping, /Attraction_Review-g295368-d8263828-Reviews-Novy_Privoz-Odessa_Odessa_Oblast.html, /Attractions-g295368-Activities-Odessa_Odessa_Oblast.html
Wheel of History, 3.0, Museums, /Attraction_Review-g295368-d3929173-Reviews-Wheel_of_History-Odessa_Odessa_Oblast.html, /Attractions-g295368-Activities-Odessa_Odessa_Oblast.html
Odessa Municipal Electric Transportation History Museum, 3.0, Museums, /Attraction_Review-g295368-d6490646-Reviews-Odessa_Municipal_Electric_Transportation_History_Museum-Odessa_Odessa_Oblast.html, /Attractions-g295368-Activities-Odessa_Odessa_Oblast.html
Belgiyskiy Ostanovochny Pavilion, 5.0, Sights & Landmarks, /Attraction_Review-g295368-d15710538-Reviews-Belgiyskiy_Ostanovochny_Pavilion-Odessa_Odessa_Oblast.html, /Attractions-g295368-Activities-Odessa_Odessa_Oblast.html
