attraction_name, attraction_rate, attraction_type, attraction_url, attraction_parent_url
Ilya Repin Museum, 5.0, Museums, /Attraction_Review-g2616625-d2560110-Reviews-Ilya_Repin_Museum-Chuhuiv_Kharkiv_Oblast.html, /Attractions-g2616625-Activities-Chuhuiv_Kharkiv_Oblast.html
Shopping Arcade, 4.5, Sights & Landmarks, /Attraction_Review-g2616625-d8729242-Reviews-Shopping_Arcade-Chuhuiv_Kharkiv_Oblast.html, /Attractions-g2616625-Activities-Chuhuiv_Kharkiv_Oblast.html
Pokrovsky Cathedral, 4.5, Sights & Landmarks, /Attraction_Review-g2616625-d8729222-Reviews-Pokrovsky_Cathedral-Chuhuiv_Kharkiv_Oblast.html, /Attractions-g2616625-Activities-Chuhuiv_Kharkiv_Oblast.html
Putevoi Castle, 4.0, Museums, /Attraction_Review-g2616625-d8646861-Reviews-Putevoi_Castle-Chuhuiv_Kharkiv_Oblast.html, /Attractions-g2616625-Activities-Chuhuiv_Kharkiv_Oblast.html
I.E. Repin Park of Culture and Leisure, 3.5, Nature & Parks, /Attraction_Review-g2616625-d8729249-Reviews-I_E_Repin_Park_of_Culture_and_Leisure-Chuhuiv_Kharkiv_Oblast.html, /Attractions-g2616625-Activities-Chuhuiv_Kharkiv_Oblast.html
