attraction_name, attraction_rate, attraction_type, attraction_url, attraction_parent_url
Mount Pip Ivan, 5.0, Nature & Parks, /Attraction_Review-g2360780-d9599285-Reviews-Mount_Pip_Ivan-Verkhovyna_Verkhovyns_kyi_District_Ivano_Frankivsk_Oblast.html, /Attractions-g2360780-Activities-Verkhovyna_Verkhovyns_kyi_District_Ivano_Frankivsk_Oblast.html
Museum of Gutsulsk Magic, 4.5, Museums, /Attraction_Review-g2360780-d9599419-Reviews-Museum_of_Gutsulsk_Magic-Verkhovyna_Verkhovyns_kyi_District_Ivano_Frankivsk_Obla.html, /Attractions-g2360780-Activities-Verkhovyna_Verkhovyns_kyi_District_Ivano_Frankivsk_Oblast.html
House-museum Film Shadows of Forgotten Ancestors, 4.5, Museums, /Attraction_Review-g2360780-d9599490-Reviews-House_museum_Film_Shadows_of_Forgotten_Ancestors-Verkhovyna_Verkhovyns_kyi_Distr.html, /Attractions-g2360780-Activities-Verkhovyna_Verkhovyns_kyi_District_Ivano_Frankivsk_Oblast.html
Museum of Musical Instruments. R.Kumlika, 5.0, Museums, /Attraction_Review-g2360780-d9599517-Reviews-Museum_of_Musical_Instruments_R_Kumlika-Verkhovyna_Verkhovyns_kyi_District_Ivano.html, /Attractions-g2360780-Activities-Verkhovyna_Verkhovyns_kyi_District_Ivano_Frankivsk_Oblast.html
Museum 'Gallery of Traditions and Rituals', 5.0, Museums, /Attraction_Review-g2360780-d13758374-Reviews-Museum_Gallery_of_Traditions_and_Rituals-Verkhovyna_Verkhovyns_kyi_District_Iva.html, /Attractions-g2360780-Activities-Verkhovyna_Verkhovyns_kyi_District_Ivano_Frankivsk_Oblast.html
Brewery Verkhovyna, 3.0, Food & Drink, /Attraction_Review-g2360780-d12182093-Reviews-Brewery_Verkhovyna-Verkhovyna_Verkhovyns_kyi_District_Ivano_Frankivsk_Oblast.html, /Attractions-g2360780-Activities-Verkhovyna_Verkhovyns_kyi_District_Ivano_Frankivsk_Oblast.html
Museum of Hutsul Lifa and Art 'At Trembitar's', 4.0, Museums, /Attraction_Review-g2360780-d13794682-Reviews-Museum_of_Hutsul_Lifa_and_Art_At_Trembitar_s-Verkhovyna_Verkhovyns_kyi_District.html, /Attractions-g2360780-Activities-Verkhovyna_Verkhovyns_kyi_District_Ivano_Frankivsk_Oblast.html
Museum of Gutsulshhina, 3.0, Museums, /Attraction_Review-g2360780-d12225152-Reviews-Museum_of_Gutsulshhina-Verkhovyna_Verkhovyns_kyi_District_Ivano_Frankivsk_Oblas.html, /Attractions-g2360780-Activities-Verkhovyna_Verkhovyns_kyi_District_Ivano_Frankivsk_Oblast.html
Rafting Karpaty, 4.0, Boat Tours & Water Sports, /Attraction_Review-g2360780-d12417308-Reviews-Rafting_Karpaty-Verkhovyna_Verkhovyns_kyi_District_Ivano_Frankivsk_Oblast.html, /Attractions-g2360780-Activities-Verkhovyna_Verkhovyns_kyi_District_Ivano_Frankivsk_Oblast.html
Cheese Factory Museum Khata-Staya, 3.5, Museums, /Attraction_Review-g2360780-d9599354-Reviews-Cheese_Factory_Museum_Khata_Staya-Verkhovyna_Verkhovyns_kyi_District_Ivano_Frank.html, /Attractions-g2360780-Activities-Verkhovyna_Verkhovyns_kyi_District_Ivano_Frankivsk_Oblast.html
Lizhnikarstva Museum, None, Museums, /Attraction_Review-g2360780-d13758365-Reviews-Lizhnikarstva_Museum-Verkhovyna_Verkhovyns_kyi_District_Ivano_Frankivsk_Oblast.html, /Attractions-g2360780-Activities-Verkhovyna_Verkhovyns_kyi_District_Ivano_Frankivsk_Oblast.html
Chornyi Cheremosh River, None, Nature & Parks, /Attraction_Review-g2360780-d15610129-Reviews-Chornyi_Cheremosh_River-Verkhovyna_Verkhovyns_kyi_District_Ivano_Frankivsk_Obla.html, /Attractions-g2360780-Activities-Verkhovyna_Verkhovyns_kyi_District_Ivano_Frankivsk_Oblast.html
Verkhovyna Resort, None, Nature & Parks, /Attraction_Review-g2360780-d15610123-Reviews-Verkhovyna_Resort-Verkhovyna_Verkhovyns_kyi_District_Ivano_Frankivsk_Oblast.html, /Attractions-g2360780-Activities-Verkhovyna_Verkhovyns_kyi_District_Ivano_Frankivsk_Oblast.html
Forel Po-Verkhovinski, None, Sights & Landmarks, /Attraction_Review-g2360780-d15616807-Reviews-Forel_Po_Verkhovinski-Verkhovyna_Verkhovyns_kyi_District_Ivano_Frankivsk_Oblast.html, /Attractions-g2360780-Activities-Verkhovyna_Verkhovyns_kyi_District_Ivano_Frankivsk_Oblast.html
Oleksa Dovbush Film Museum, None, Museums, /Attraction_Review-g2360780-d15751721-Reviews-Oleksa_Dovbush_Film_Museum-Verkhovyna_Verkhovyns_kyi_District_Ivano_Frankivsk_O.html, /Attractions-g2360780-Activities-Verkhovyna_Verkhovyns_kyi_District_Ivano_Frankivsk_Oblast.html
Flat from the Film Annichka, None, Museums, /Attraction_Review-g2360780-d15432656-Reviews-Flat_from_the_Film_Annichka-Verkhovyna_Verkhovyns_kyi_District_Ivano_Frankivsk_.html, /Attractions-g2360780-Activities-Verkhovyna_Verkhovyns_kyi_District_Ivano_Frankivsk_Oblast.html
Villa 'Zlata', None, Spas & Wellness, /Attraction_Review-g2360780-d15514262-Reviews-Villa_Zlata-Verkhovyna_Verkhovyns_kyi_District_Ivano_Frankivsk_Oblast.html, /Attractions-g2360780-Activities-Verkhovyna_Verkhovyns_kyi_District_Ivano_Frankivsk_Oblast.html
Museum Vishivanka, None, Museums, /Attraction_Review-g2360780-d15514259-Reviews-Museum_Vishivanka-Verkhovyna_Verkhovyns_kyi_District_Ivano_Frankivsk_Oblast.html, /Attractions-g2360780-Activities-Verkhovyna_Verkhovyns_kyi_District_Ivano_Frankivsk_Oblast.html
Yo Tour Company, None, Tours, /Attraction_Review-g2360780-d15514269-Reviews-Yo_Tour_Company-Verkhovyna_Verkhovyns_kyi_District_Ivano_Frankivsk_Oblast.html, /Attractions-g2360780-Activities-Verkhovyna_Verkhovyns_kyi_District_Ivano_Frankivsk_Oblast.html
Polonina Lukovitsya, None, Sights & Landmarks, /Attraction_Review-g2360780-d18716071-Reviews-Polonina_Lukovitsya-Verkhovyna_Verkhovyns_kyi_District_Ivano_Frankivsk_Oblast.html, /Attractions-g2360780-Activities-Verkhovyna_Verkhovyns_kyi_District_Ivano_Frankivsk_Oblast.html
Lookout Tower, None, Sights & Landmarks, /Attraction_Review-g2360780-d17455957-Reviews-Lookout_Tower-Verkhovyna_Verkhovyns_kyi_District_Ivano_Frankivsk_Oblast.html, /Attractions-g2360780-Activities-Verkhovyna_Verkhovyns_kyi_District_Ivano_Frankivsk_Oblast.html
Salt Room, None, Spas & Wellness, /Attraction_Review-g2360780-d17540022-Reviews-Salt_Room-Verkhovyna_Verkhovyns_kyi_District_Ivano_Frankivsk_Oblast.html, /Attractions-g2360780-Activities-Verkhovyna_Verkhovyns_kyi_District_Ivano_Frankivsk_Oblast.html
Mayster - Klas Z Mozayiky Tsikava Sadyba, None, Food & Drink, /Attraction_Review-g2360780-d20329593-Reviews-Mayster_Klas_Z_Mozayiky_Tsikava_Sadyba-Verkhovyna_Verkhovyns_kyi_District_Ivano.html, /Attractions-g2360780-Activities-Verkhovyna_Verkhovyns_kyi_District_Ivano_Frankivsk_Oblast.html
Pirat Club, None, Nightlife, /Attraction_Review-g2360780-d20329590-Reviews-Pirat_Club-Verkhovyna_Verkhovyns_kyi_District_Ivano_Frankivsk_Oblast.html, /Attractions-g2360780-Activities-Verkhovyna_Verkhovyns_kyi_District_Ivano_Frankivsk_Oblast.html
Muzey Prykladnoho Mystetstva Vynohray, None, Museums, /Attraction_Review-g2360780-d20329589-Reviews-Muzey_Prykladnoho_Mystetstva_Vynohray-Verkhovyna_Verkhovyns_kyi_District_Ivano_.html, /Attractions-g2360780-Activities-Verkhovyna_Verkhovyns_kyi_District_Ivano_Frankivsk_Oblast.html
