attraction_name, attraction_rate, attraction_type, attraction_url, attraction_parent_url
Regent Hill, 4.5, Traveller Resources, /Attraction_Review-g294474-d13171779-Reviews-Regent_Hill-Kyiv_Kiev.html, /Attractions-g294474-Activities-Kyiv_Kiev.html
Fire Fighting Museum, 5.0, Museums, /Attraction_Review-g294474-d3259460-Reviews-Fire_Fighting_Museum-Kyiv_Kiev.html, /Attractions-g294474-Activities-Kyiv_Kiev.html
Wax Museum, 4.5, Museums, /Attraction_Review-g294474-d3191434-Reviews-Wax_Museum-Kyiv_Kiev.html, /Attractions-g294474-Activities-Kyiv_Kiev.html
The Candle Of Memory, 5.0, Sights & Landmarks, /Attraction_Review-g294474-d20205812-Reviews-The_Candle_Of_Memory-Kyiv_Kiev.html, /Attractions-g294474-Activities-Kyiv_Kiev.html
Zolotye Vorota Theatre, 5.0, Concerts & Shows, /Attraction_Review-g294474-d6733909-Reviews-Zolotye_Vorota_Theatre-Kyiv_Kiev.html, /Attractions-g294474-Activities-Kyiv_Kiev.html
Peter I the Great House, 4.0, Sights & Landmarks, /Attraction_Review-g294474-d3767511-Reviews-Peter_I_the_Great_House-Kyiv_Kiev.html, /Attractions-g294474-Activities-Kyiv_Kiev.html
The Bankova 11 Building, 3.0, Sights & Landmarks, /Attraction_Review-g294474-d3253097-Reviews-The_Bankova_11_Building-Kyiv_Kiev.html, /Attractions-g294474-Activities-Kyiv_Kiev.html
Alexandrovskiy Observation Deck, 4.5, Sights & Landmarks, /Attraction_Review-g294474-d7085171-Reviews-Alexandrovskiy_Observation_Deck-Kyiv_Kiev.html, /Attractions-g294474-Activities-Kyiv_Kiev.html
Yakov Polyakov Mansion, 4.0, Sights & Landmarks, /Attraction_Review-g294474-d6818372-Reviews-Yakov_Polyakov_Mansion-Kyiv_Kiev.html, /Attractions-g294474-Activities-Kyiv_Kiev.html
Bykivnia Graves State Historical and Memorial Preserve, 5.0, Sights & Landmarks, /Attraction_Review-g294474-d3214909-Reviews-Bykivnia_Graves_State_Historical_and_Memorial_Preserve-Kyiv_Kiev.html, /Attractions-g294474-Activities-Kyiv_Kiev.html
Ukrainian Cultural Museum of Outstanding Personalities, 4.5, Museums, /Attraction_Review-g294474-d3336502-Reviews-Ukrainian_Cultural_Museum_of_Outstanding_Personalities-Kyiv_Kiev.html, /Attractions-g294474-Activities-Kyiv_Kiev.html
Glass Bridge, 5.0, Sights & Landmarks, /Attraction_Review-g294474-d19786553-Reviews-Glass_Bridge-Kyiv_Kiev.html, /Attractions-g294474-Activities-Kyiv_Kiev.html
Transfiguration Cathedral, 4.5, Sights & Landmarks, /Attraction_Review-g294474-d7306392-Reviews-Transfiguration_Cathedral-Kyiv_Kiev.html, /Attractions-g294474-Activities-Kyiv_Kiev.html
Fluranet Art Gallery, 5.0, Museums, /Attraction_Review-g294474-d15123329-Reviews-Fluranet_Art_Gallery-Kyiv_Kiev.html, /Attractions-g294474-Activities-Kyiv_Kiev.html
Friendship of Nations Arch, 4.5, Sights & Landmarks, /Attraction_Review-g294474-d20091778-Reviews-Friendship_of_Nations_Arch-Kyiv_Kiev.html, /Attractions-g294474-Activities-Kyiv_Kiev.html
Library bOtaN, 4.5, Traveller Resources, /Attraction_Review-g294474-d10072840-Reviews-Library_bOtaN-Kyiv_Kiev.html, /Attractions-g294474-Activities-Kyiv_Kiev.html
Museum of Theater&& Music and Cinema, 4.0, Museums, /Attraction_Review-g294474-d3187876-Reviews-Museum_of_Theater_Music_and_Cinema-Kyiv_Kiev.html, /Attractions-g294474-Activities-Kyiv_Kiev.html
Monument to Lesya Ukrainka, 4.5, Sights & Landmarks, /Attraction_Review-g294474-d10634687-Reviews-Monument_to_Lesya_Ukrainka-Kyiv_Kiev.html, /Attractions-g294474-Activities-Kyiv_Kiev.html
Yes&& God&& Yes, 5.0, Shopping, /Attraction_Review-g294474-d17577576-Reviews-Yes_God_Yes-Kyiv_Kiev.html, /Attractions-g294474-Activities-Kyiv_Kiev.html
Volodymyrska Street, 4.5, Sights & Landmarks, /Attraction_Review-g294474-d20067198-Reviews-Volodymyrska_Street-Kyiv_Kiev.html, /Attractions-g294474-Activities-Kyiv_Kiev.html
New Ukrainian Theatre, 4.0, Concerts & Shows, /Attraction_Review-g294474-d6726032-Reviews-New_Ukrainian_Theatre-Kyiv_Kiev.html, /Attractions-g294474-Activities-Kyiv_Kiev.html
Thumbelina Fountain, 4.5, Sights & Landmarks, /Attraction_Review-g294474-d3255186-Reviews-Thumbelina_Fountain-Kyiv_Kiev.html, /Attractions-g294474-Activities-Kyiv_Kiev.html
Pecherskyi District, 4.5, Other, /Attraction_Review-g294474-d20033820-Reviews-Pecherskyi_District-Kyiv_Kiev.html, /Attractions-g294474-Activities-Kyiv_Kiev.html
Chudotvornyye Ikony Afona, 5.0, Museums, /Attraction_Review-g294474-d17369886-Reviews-Chudotvornyye_Ikony_Afona-Kyiv_Kiev.html, /Attractions-g294474-Activities-Kyiv_Kiev.html
Gallery 48, 4.5, Shopping, /Attraction_Review-g294474-d12119558-Reviews-Gallery_48-Kyiv_Kiev.html, /Attractions-g294474-Activities-Kyiv_Kiev.html
Nivki Park, 3.5, Nature & Parks, /Attraction_Review-g294474-d7085121-Reviews-Nivki_Park-Kyiv_Kiev.html, /Attractions-g294474-Activities-Kyiv_Kiev.html
Water Meter Museum, 5.0, Museums, /Attraction_Review-g294474-d6765805-Reviews-Water_Meter_Museum-Kyiv_Kiev.html, /Attractions-g294474-Activities-Kyiv_Kiev.html
Museum of Modern Art of Ukraine, 4.0, Museums, /Attraction_Review-g294474-d10730264-Reviews-Museum_of_Modern_Art_of_Ukraine-Kyiv_Kiev.html, /Attractions-g294474-Activities-Kyiv_Kiev.html
Fountain on Khreshchatyk, 4.0, Sights & Landmarks, /Attraction_Review-g294474-d19813076-Reviews-Fountain_on_Khreshchatyk-Kyiv_Kiev.html, /Attractions-g294474-Activities-Kyiv_Kiev.html
Khreshchatyy Park, 5.0, Nature & Parks, /Attraction_Review-g294474-d20091594-Reviews-Khreshchatyy_Park-Kyiv_Kiev.html, /Attractions-g294474-Activities-Kyiv_Kiev.html
