attraction_name, attraction_rate, attraction_type, attraction_url, attraction_parent_url
Poltava literary-memorial Museum of I. P. Kotlyarevsky, 5.0, Museums, /Attraction_Review-g298047-d5503825-Reviews-Poltava_literary_memorial_Museum_of_I_P_Kotlyarevsky-Poltava_Poltava_Oblast.html, /Attractions-g298047-Activities-Poltava_Poltava_Oblast.html
Shopping Center Zlato Misto, 4.0, Shopping, /Attraction_Review-g298047-d10833424-Reviews-Shopping_Center_Zlato_Misto-Poltava_Poltava_Oblast.html, /Attractions-g298047-Activities-Poltava_Poltava_Oblast.html
Gogol Heroes Sculpture Garden, 4.0, Nature & Parks, /Attraction_Review-g298047-d6767310-Reviews-Gogol_Heroes_Sculpture_Garden-Poltava_Poltava_Oblast.html, /Attractions-g298047-Activities-Poltava_Poltava_Oblast.html
Nikolai Gogol Monument, 5.0, Sights & Landmarks, /Attraction_Review-g298047-d6943210-Reviews-Nikolai_Gogol_Monument-Poltava_Poltava_Oblast.html, /Attractions-g298047-Activities-Poltava_Poltava_Oblast.html
Victory Park, 3.5, Nature & Parks, /Attraction_Review-g298047-d6767295-Reviews-Victory_Park-Poltava_Poltava_Oblast.html, /Attractions-g298047-Activities-Poltava_Poltava_Oblast.html
Monument to the Swedes from the Swedes, 4.0, Sights & Landmarks, /Attraction_Review-g298047-d5794293-Reviews-Monument_to_the_Swedes_from_the_Swedes-Poltava_Poltava_Oblast.html, /Attractions-g298047-Activities-Poltava_Poltava_Oblast.html
Poltava Puppet Theatre, 4.0, Concerts & Shows, /Attraction_Review-g298047-d5827851-Reviews-Poltava_Puppet_Theatre-Poltava_Poltava_Oblast.html, /Attractions-g298047-Activities-Poltava_Poltava_Oblast.html
M.Sklifosovskiy Monument, 5.0, Sights & Landmarks, /Attraction_Review-g298047-d6767308-Reviews-M_Sklifosovskiy_Monument-Poltava_Poltava_Oblast.html, /Attractions-g298047-Activities-Poltava_Poltava_Oblast.html
Operation Frantic Memorial, 4.0, Sights & Landmarks, /Attraction_Review-g298047-d14215064-Reviews-Operation_Frantic_Memorial-Poltava_Poltava_Oblast.html, /Attractions-g298047-Activities-Poltava_Poltava_Oblast.html
Vorskla Stadium, 4.0, Sights & Landmarks, /Attraction_Review-g298047-d6641389-Reviews-Vorskla_Stadium-Poltava_Poltava_Oblast.html, /Attractions-g298047-Activities-Poltava_Poltava_Oblast.html
Poltavskiy Museum of Aviation and Cosmonautics, 4.0, Museums, /Attraction_Review-g298047-d14951196-Reviews-Poltavskiy_Museum_of_Aviation_and_Cosmonautics-Poltava_Poltava_Oblast.html, /Attractions-g298047-Activities-Poltava_Poltava_Oblast.html
Poltava Battle Redouits, 4.0, Sights & Landmarks, /Attraction_Review-g298047-d5794308-Reviews-Poltava_Battle_Redouits-Poltava_Poltava_Oblast.html, /Attractions-g298047-Activities-Poltava_Poltava_Oblast.html
Poltava Defenders Monument, 4.5, Sights & Landmarks, /Attraction_Review-g298047-d5794292-Reviews-Poltava_Defenders_Monument-Poltava_Poltava_Oblast.html, /Attractions-g298047-Activities-Poltava_Poltava_Oblast.html
Kotlyarevskiy Park, 5.0, Nature & Parks, /Attraction_Review-g298047-d6429055-Reviews-Kotlyarevskiy_Park-Poltava_Poltava_Oblast.html, /Attractions-g298047-Activities-Poltava_Poltava_Oblast.html
St.Makarius Cathedral, 4.5, Sights & Landmarks, /Attraction_Review-g298047-d5794301-Reviews-St_Makarius_Cathedral-Poltava_Poltava_Oblast.html, /Attractions-g298047-Activities-Poltava_Poltava_Oblast.html
Moument at the Rest Place of Peter I, 4.0, Sights & Landmarks, /Attraction_Review-g298047-d5794295-Reviews-Moument_at_the_Rest_Place_of_Peter_I-Poltava_Poltava_Oblast.html, /Attractions-g298047-Activities-Poltava_Poltava_Oblast.html
Soldiers Glory Memorial Complex, 4.5, Sights & Landmarks, /Attraction_Review-g298047-d5794298-Reviews-Soldiers_Glory_Memorial_Complex-Poltava_Poltava_Oblast.html, /Attractions-g298047-Activities-Poltava_Poltava_Oblast.html
Berezoviy Public Garden, 4.5, Nature & Parks, /Attraction_Review-g298047-d6767302-Reviews-Berezoviy_Public_Garden-Poltava_Poltava_Oblast.html, /Attractions-g298047-Activities-Poltava_Poltava_Oblast.html
St. Peter and Paul Church, 4.0, Sights & Landmarks, /Attraction_Review-g298047-d6641067-Reviews-St_Peter_and_Paul_Church-Poltava_Poltava_Oblast.html, /Attractions-g298047-Activities-Poltava_Poltava_Oblast.html
Memorial Rotunda in Honor of the Fallen in Great Battle, 5.0, Sights & Landmarks, /Attraction_Review-g298047-d6641077-Reviews-Memorial_Rotunda_in_Honor_of_the_Fallen_in_Great_Battle-Poltava_Poltava_Oblast.html, /Attractions-g298047-Activities-Poltava_Poltava_Oblast.html
Nezalezhnosti Park (Independence Park), 5.0, Nature & Parks, /Attraction_Review-g298047-d6943162-Reviews-Nezalezhnosti_Park_Independence_Park-Poltava_Poltava_Oblast.html, /Attractions-g298047-Activities-Poltava_Poltava_Oblast.html
Monument to the Swedes from the Russians, 5.0, Sights & Landmarks, /Attraction_Review-g298047-d5794291-Reviews-Monument_to_the_Swedes_from_the_Russians-Poltava_Poltava_Oblast.html, /Attractions-g298047-Activities-Poltava_Poltava_Oblast.html
Ivan Kotlyarevsky Tomb, 5.0, Sights & Landmarks, /Attraction_Review-g298047-d6943220-Reviews-Ivan_Kotlyarevsky_Tomb-Poltava_Poltava_Oblast.html, /Attractions-g298047-Activities-Poltava_Poltava_Oblast.html
St. Panteleimon Church, 5.0, Sights & Landmarks, /Attraction_Review-g298047-d5794300-Reviews-St_Panteleimon_Church-Poltava_Poltava_Oblast.html, /Attractions-g298047-Activities-Poltava_Poltava_Oblast.html
Podolsk Bastille with the Tower, 4.5, Sights & Landmarks, /Attraction_Review-g298047-d11489062-Reviews-Podolsk_Bastille_with_the_Tower-Poltava_Poltava_Oblast.html, /Attractions-g298047-Activities-Poltava_Poltava_Oblast.html
St.George Chapel, 3.0, Sights & Landmarks, /Attraction_Review-g298047-d5794302-Reviews-St_George_Chapel-Poltava_Poltava_Oblast.html, /Attractions-g298047-Activities-Poltava_Poltava_Oblast.html
Johan the Warrior Martyr Church, 3.0, Sights & Landmarks, /Attraction_Review-g298047-d6641068-Reviews-Johan_the_Warrior_Martyr_Church-Poltava_Poltava_Oblast.html, /Attractions-g298047-Activities-Poltava_Poltava_Oblast.html
All Saints Church, 2.0, Sights & Landmarks, /Attraction_Review-g298047-d6641065-Reviews-All_Saints_Church-Poltava_Poltava_Oblast.html, /Attractions-g298047-Activities-Poltava_Poltava_Oblast.html
Saint Seraphim Church, 3.0, Sights & Landmarks, /Attraction_Review-g298047-d6641066-Reviews-Saint_Seraphim_Church-Poltava_Poltava_Oblast.html, /Attractions-g298047-Activities-Poltava_Poltava_Oblast.html
Babushkin  Dvorik Zoo, 5.0, Zoos & Aquariums, /Attraction_Review-g298047-d21038927-Reviews-Babushkin_Dvorik_Zoo-Poltava_Poltava_Oblast.html, /Attractions-g298047-Activities-Poltava_Poltava_Oblast.html
