attraction_name, attraction_rate, attraction_type, attraction_url, attraction_parent_url
Kremenets Castle, 4.5, Sights & Landmarks, /Attraction_Review-g1015987-d6940075-Reviews-Kremenets_Castle-Kremenets_Ternopil_Oblast.html, /Attractions-g1015987-Activities-Kremenets_Ternopil_Oblast.html
Epiphany Monastery, 4.5, Sights & Landmarks, /Attraction_Review-g1015987-d11698390-Reviews-Epiphany_Monastery-Kremenets_Ternopil_Oblast.html, /Attractions-g1015987-Activities-Kremenets_Ternopil_Oblast.html
Jesuit Monastery and Collegium, 4.0, Sights & Landmarks, /Attraction_Review-g1015987-d7087845-Reviews-Jesuit_Monastery_and_Collegium-Kremenets_Ternopil_Oblast.html, /Attractions-g1015987-Activities-Kremenets_Ternopil_Oblast.html
Jewish Cemetery, 5.0, Sights & Landmarks, /Attraction_Review-g1015987-d12879792-Reviews-Jewish_Cemetery-Kremenets_Ternopil_Oblast.html, /Attractions-g1015987-Activities-Kremenets_Ternopil_Oblast.html
Literary Memorial Museum Slovatskogo, 4.0, Museums, /Attraction_Review-g1015987-d18317907-Reviews-Literary_Memorial_Museum_Slovatskogo-Kremenets_Ternopil_Oblast.html, /Attractions-g1015987-Activities-Kremenets_Ternopil_Oblast.html
Twin Houses, 3.0, Sights & Landmarks, /Attraction_Review-g1015987-d18318918-Reviews-Twin_Houses-Kremenets_Ternopil_Oblast.html, /Attractions-g1015987-Activities-Kremenets_Ternopil_Oblast.html
National Park Kremenetskiye Gory, None, Nature & Parks, /Attraction_Review-g1015987-d12195596-Reviews-National_Park_Kremenetskiye_Gory-Kremenets_Ternopil_Oblast.html, /Attractions-g1015987-Activities-Kremenets_Ternopil_Oblast.html
