attraction_name, attraction_rate, attraction_type, attraction_url, attraction_parent_url
Dolphinarium Oskar, 4.5, Zoos & Aquariums, /Attraction_Review-g940874-d10298101-Reviews-Dolphinarium_Oskar-Truskavets_Lviv_Oblast.html, /Attractions-g940874-Activities-Truskavets_Lviv_Oblast.html
The Spring №1, 3.5, Nature & Parks, /Attraction_Review-g940874-d8650390-Reviews-The_Spring_1-Truskavets_Lviv_Oblast.html, /Attractions-g940874-Activities-Truskavets_Lviv_Oblast.html
Landscape Park Podgorye, 4.5, Nature & Parks, /Attraction_Review-g940874-d10365328-Reviews-Landscape_Park_Podgorye-Truskavets_Lviv_Oblast.html, /Attractions-g940874-Activities-Truskavets_Lviv_Oblast.html
Kurortny Park, 4.0, Nature & Parks, /Attraction_Review-g940874-d9737779-Reviews-Kurortny_Park-Truskavets_Lviv_Oblast.html, /Attractions-g940874-Activities-Truskavets_Lviv_Oblast.html
Museum of the History of the Resort Truskavets, 4.5, Museums, /Attraction_Review-g940874-d9737790-Reviews-Museum_of_the_History_of_the_Resort_Truskavets-Truskavets_Lviv_Oblast.html, /Attractions-g940874-Activities-Truskavets_Lviv_Oblast.html
Art Museum Mikhail Bilas, 4.0, Museums, /Attraction_Review-g940874-d9737783-Reviews-Art_Museum_Mikhail_Bilas-Truskavets_Lviv_Oblast.html, /Attractions-g940874-Activities-Truskavets_Lviv_Oblast.html
Assumption Church of Blessed Virgin Mary, 4.5, Sights & Landmarks, /Attraction_Review-g940874-d11948970-Reviews-Assumption_Church_of_Blessed_Virgin_Mary-Truskavets_Lviv_Oblast.html, /Attractions-g940874-Activities-Truskavets_Lviv_Oblast.html
Jesus Christ Statue, 4.0, Sights & Landmarks, /Attraction_Review-g940874-d15036969-Reviews-Jesus_Christ_Statue-Truskavets_Lviv_Oblast.html, /Attractions-g940874-Activities-Truskavets_Lviv_Oblast.html
Central Square, 4.0, Sights & Landmarks, /Attraction_Review-g940874-d10365348-Reviews-Central_Square-Truskavets_Lviv_Oblast.html, /Attractions-g940874-Activities-Truskavets_Lviv_Oblast.html
The Spring №6 - Edvard, 3.5, Nature & Parks, /Attraction_Review-g940874-d8647059-Reviews-The_Spring_6_Edvard-Truskavets_Lviv_Oblast.html, /Attractions-g940874-Activities-Truskavets_Lviv_Oblast.html
The Spring №3 Bronislava, 3.5, Nature & Parks, /Attraction_Review-g940874-d8647293-Reviews-The_Spring_3_Bronislava-Truskavets_Lviv_Oblast.html, /Attractions-g940874-Activities-Truskavets_Lviv_Oblast.html
Thai Massage Salon Jasmine, 5.0, Spas & Wellness, /Attraction_Review-g940874-d12282703-Reviews-Thai_Massage_Salon_Jasmine-Truskavets_Lviv_Oblast.html, /Attractions-g940874-Activities-Truskavets_Lviv_Oblast.html
Kolizhanka  Luxe, 5.0, Shopping, /Attraction_Review-g940874-d19432482-Reviews-Kolizhanka_Luxe-Truskavets_Lviv_Oblast.html, /Attractions-g940874-Activities-Truskavets_Lviv_Oblast.html
Frau, 5.0, Shopping, /Attraction_Review-g940874-d19455231-Reviews-Frau-Truskavets_Lviv_Oblast.html, /Attractions-g940874-Activities-Truskavets_Lviv_Oblast.html
Health Center Strekoza, 4.0, Spas & Wellness, /Attraction_Review-g940874-d13237917-Reviews-Health_Center_Strekoza-Truskavets_Lviv_Oblast.html, /Attractions-g940874-Activities-Truskavets_Lviv_Oblast.html
Palace of Culture named after Shevchenko, 5.0, Concerts & Shows, /Attraction_Review-g940874-d10836558-Reviews-Palace_of_Culture_named_after_Shevchenko-Truskavets_Lviv_Oblast.html, /Attractions-g940874-Activities-Truskavets_Lviv_Oblast.html
Sohoterra, 4.0, Nightlife, /Attraction_Review-g940874-d12078414-Reviews-Sohoterra-Truskavets_Lviv_Oblast.html, /Attractions-g940874-Activities-Truskavets_Lviv_Oblast.html
Marta Svyshch, 5.0, Tours, /Attraction_Review-g940874-d17529463-Reviews-Marta_Svyshch-Truskavets_Lviv_Oblast.html, /Attractions-g940874-Activities-Truskavets_Lviv_Oblast.html
Pechera Aladina, 5.0, Spas & Wellness, /Attraction_Review-g940874-d11898470-Reviews-Pechera_Aladina-Truskavets_Lviv_Oblast.html, /Attractions-g940874-Activities-Truskavets_Lviv_Oblast.html
Candy Manufactory, 5.0, Food & Drink, /Attraction_Review-g940874-d13838861-Reviews-Candy_Manufactory-Truskavets_Lviv_Oblast.html, /Attractions-g940874-Activities-Truskavets_Lviv_Oblast.html
SPA-Center Med-Palas, 3.0, Spas & Wellness, /Attraction_Review-g940874-d10383125-Reviews-SPA_Center_Med_Palas-Truskavets_Lviv_Oblast.html, /Attractions-g940874-Activities-Truskavets_Lviv_Oblast.html
Inshiy Svit, 5.0, Fun & Games, /Attraction_Review-g940874-d12596017-Reviews-Inshiy_Svit-Truskavets_Lviv_Oblast.html, /Attractions-g940874-Activities-Truskavets_Lviv_Oblast.html
Deluxe Train Kobzar 050L, 2.0, Transportation, /Attraction_Review-g940874-d12574678-Reviews-Deluxe_Train_Kobzar_050L-Truskavets_Lviv_Oblast.html, /Attractions-g940874-Activities-Truskavets_Lviv_Oblast.html
Geneva Hotel Royal SPA &amp; Wellness Center, 2.5, Spas & Wellness, /Attraction_Review-g940874-d6484905-Reviews-Geneva_Hotel_Royal_SPA_Wellness_Center-Truskavets_Lviv_Oblast.html, /Attractions-g940874-Activities-Truskavets_Lviv_Oblast.html
Diocesan Museum, None, Museums, /Attraction_Review-g940874-d10836563-Reviews-Diocesan_Museum-Truskavets_Lviv_Oblast.html, /Attractions-g940874-Activities-Truskavets_Lviv_Oblast.html
Beach and Entertainment Complex Forelnik, None, Boat Tours & Water Sports, /Attraction_Review-g940874-d10836420-Reviews-Beach_and_Entertainment_Complex_Forelnik-Truskavets_Lviv_Oblast.html, /Attractions-g940874-Activities-Truskavets_Lviv_Oblast.html
Avia Sport Club Sokol, None, Tours, /Attraction_Review-g940874-d10365332-Reviews-Avia_Sport_Club_Sokol-Truskavets_Lviv_Oblast.html, /Attractions-g940874-Activities-Truskavets_Lviv_Oblast.html
Horse Riding Club Galop, None, Outdoor Activities, /Attraction_Review-g940874-d11948985-Reviews-Horse_Riding_Club_Galop-Truskavets_Lviv_Oblast.html, /Attractions-g940874-Activities-Truskavets_Lviv_Oblast.html
UkrWest, None, Tours, /Attraction_Review-g940874-d13154064-Reviews-UkrWest-Truskavets_Lviv_Oblast.html, /Attractions-g940874-Activities-Truskavets_Lviv_Oblast.html
PROkachka, None, Outdoor Activities, /Attraction_Review-g940874-d17534987-Reviews-PROkachka-Truskavets_Lviv_Oblast.html, /Attractions-g940874-Activities-Truskavets_Lviv_Oblast.html
