attraction_name, attraction_rate, attraction_type, attraction_url, attraction_parent_url
Tarasa Shevchenko Boulevard, 4.0, Sights & Landmarks, /Attraction_Review-g294474-d1973595-Reviews-Tarasa_Shevchenko_Boulevard-Kyiv_Kiev.html, /Attractions-g294474-Activities-Kyiv_Kiev.html
Kiev National Academic Theatre of Operetta, 4.5, Concerts & Shows, /Attraction_Review-g294474-d3187914-Reviews-Kiev_National_Academic_Theatre_of_Operetta-Kyiv_Kiev.html, /Attractions-g294474-Activities-Kyiv_Kiev.html
Gapchinska Gallery, 4.5, Museums, /Attraction_Review-g294474-d3754214-Reviews-Gapchinska_Gallery-Kyiv_Kiev.html, /Attractions-g294474-Activities-Kyiv_Kiev.html
Kiev-Passazhirskiy Railway Station, 3.0, Sights & Landmarks, /Attraction_Review-g294474-d14791453-Reviews-Kiev_Passazhirskiy_Railway_Station-Kyiv_Kiev.html, /Attractions-g294474-Activities-Kyiv_Kiev.html
Mystetskyi Arsenal, 4.0, Museums, /Attraction_Review-g294474-d2343162-Reviews-Mystetskyi_Arsenal-Kyiv_Kiev.html, /Attractions-g294474-Activities-Kyiv_Kiev.html
Cat Sculptures, 4.0, Sights & Landmarks, /Attraction_Review-g294474-d3187873-Reviews-Cat_Sculptures-Kyiv_Kiev.html, /Attractions-g294474-Activities-Kyiv_Kiev.html
Cosmopolite Mall, 3.5, Shopping, /Attraction_Review-g294474-d3238476-Reviews-Cosmopolite_Mall-Kyiv_Kiev.html, /Attractions-g294474-Activities-Kyiv_Kiev.html
Kyiv Academic Drama and Comedy Theatre on the Left Bank, 4.5, Concerts & Shows, /Attraction_Review-g294474-d3792665-Reviews-Kyiv_Academic_Drama_and_Comedy_Theatre_on_the_Left_Bank-Kyiv_Kiev.html, /Attractions-g294474-Activities-Kyiv_Kiev.html
Verkhovna Rada, 4.0, Sights & Landmarks, /Attraction_Review-g294474-d3253082-Reviews-Verkhovna_Rada-Kyiv_Kiev.html, /Attractions-g294474-Activities-Kyiv_Kiev.html
Baron Shteingel's Castle, 4.5, Sights & Landmarks, /Attraction_Review-g294474-d11845135-Reviews-Baron_Shteingel_s_Castle-Kyiv_Kiev.html, /Attractions-g294474-Activities-Kyiv_Kiev.html
Alley Named After the Heroes of Heavenly Hundred, 4.5, Sights & Landmarks, /Attraction_Review-g294474-d9974353-Reviews-Alley_Named_After_the_Heroes_of_Heavenly_Hundred-Kyiv_Kiev.html, /Attractions-g294474-Activities-Kyiv_Kiev.html
Trukhaniv Island, 4.0, Nature & Parks, /Attraction_Review-g294474-d3207930-Reviews-Trukhaniv_Island-Kyiv_Kiev.html, /Attractions-g294474-Activities-Kyiv_Kiev.html
Making of the Ukrainian Nation Museum, 5.0, Museums, /Attraction_Review-g294474-d17854202-Reviews-Making_of_the_Ukrainian_Nation_Museum-Kyiv_Kiev.html, /Attractions-g294474-Activities-Kyiv_Kiev.html
Klitschko Pedestrian-Bicycle Bridge, 5.0, Sights & Landmarks, /Attraction_Review-g294474-d17780712-Reviews-Klitschko_Pedestrian_Bicycle_Bridge-Kyiv_Kiev.html, /Attractions-g294474-Activities-Kyiv_Kiev.html
The Sports’ Palace, 3.5, Fun & Games, /Attraction_Review-g294474-d3214634-Reviews-The_Sports_Palace-Kyiv_Kiev.html, /Attractions-g294474-Activities-Kyiv_Kiev.html
Termen Fountains, 4.5, Sights & Landmarks, /Attraction_Review-g294474-d3246228-Reviews-Termen_Fountains-Kyiv_Kiev.html, /Attractions-g294474-Activities-Kyiv_Kiev.html
Family Zoo Lemur, 4.5, Zoos & Aquariums, /Attraction_Review-g294474-d16649252-Reviews-Family_Zoo_Lemur-Kyiv_Kiev.html, /Attractions-g294474-Activities-Kyiv_Kiev.html
Sirotkin House, 4.5, Sights & Landmarks, /Attraction_Review-g294474-d6875304-Reviews-Sirotkin_House-Kyiv_Kiev.html, /Attractions-g294474-Activities-Kyiv_Kiev.html
Strana Enotiya Zoo, 5.0, Zoos & Aquariums, /Attraction_Review-g294474-d13290707-Reviews-Strana_Enotiya_Zoo-Kyiv_Kiev.html, /Attractions-g294474-Activities-Kyiv_Kiev.html
Actor's House, 4.0, Sights & Landmarks, /Attraction_Review-g294474-d3187522-Reviews-Actor_s_House-Kyiv_Kiev.html, /Attractions-g294474-Activities-Kyiv_Kiev.html
The Great Lavra Bell Tower, 4.5, Sights & Landmarks, /Attraction_Review-g294474-d15137094-Reviews-The_Great_Lavra_Bell_Tower-Kyiv_Kiev.html, /Attractions-g294474-Activities-Kyiv_Kiev.html
Tourist information center Kiev Tram, 3.5, Traveller Resources, /Attraction_Review-g294474-d6440722-Reviews-Tourist_information_center_Kiev_Tram-Kyiv_Kiev.html, /Attractions-g294474-Activities-Kyiv_Kiev.html
Madonna Pyrogoshcha Dormition Church, 4.0, Sights & Landmarks, /Attraction_Review-g294474-d6575690-Reviews-Madonna_Pyrogoshcha_Dormition_Church-Kyiv_Kiev.html, /Attractions-g294474-Activities-Kyiv_Kiev.html
Prince Yaroslav the Wise Statue, 4.0, Sights & Landmarks, /Attraction_Review-g294474-d3792404-Reviews-Prince_Yaroslav_the_Wise_Statue-Kyiv_Kiev.html, /Attractions-g294474-Activities-Kyiv_Kiev.html
National Millitatry History Museum of Ukraine, 4.5, Museums, /Attraction_Review-g294474-d2691913-Reviews-National_Millitatry_History_Museum_of_Ukraine-Kyiv_Kiev.html, /Attractions-g294474-Activities-Kyiv_Kiev.html
Kyiv Mohyla Academy, 4.0, Sights & Landmarks, /Attraction_Review-g294474-d3191790-Reviews-Kyiv_Mohyla_Academy-Kyiv_Kiev.html, /Attractions-g294474-Activities-Kyiv_Kiev.html
Metro Bridge, 4.0, Sights & Landmarks, /Attraction_Review-g294474-d3792789-Reviews-Metro_Bridge-Kyiv_Kiev.html, /Attractions-g294474-Activities-Kyiv_Kiev.html
St.Catherine Greek Orthodox Church, 3.5, Sights & Landmarks, /Attraction_Review-g294474-d3750881-Reviews-St_Catherine_Greek_Orthodox_Church-Kyiv_Kiev.html, /Attractions-g294474-Activities-Kyiv_Kiev.html
Zverinets Caves and Archangel Mykhail Monastery, 5.0, Nature & Parks, /Attraction_Review-g294474-d3754191-Reviews-Zverinets_Caves_and_Archangel_Mykhail_Monastery-Kyiv_Kiev.html, /Attractions-g294474-Activities-Kyiv_Kiev.html
Heydar Aliyev Park, 4.5, Nature & Parks, /Attraction_Review-g294474-d6762356-Reviews-Heydar_Aliyev_Park-Kyiv_Kiev.html, /Attractions-g294474-Activities-Kyiv_Kiev.html
