attraction_name, attraction_rate, attraction_type, attraction_url, attraction_parent_url
Nikitin’s Crew Tank, 3.0, Sights & Landmarks, /Attraction_Review-g298054-d3295985-Reviews-Nikitin_s_Crew_Tank-Chernivtsi_Chernivtsi_Oblast.html, /Attractions-g298054-Activities-Chernivtsi_Chernivtsi_Oblast.html
Horse Riding Club Provence, 5.0, Casinos & Gambling, /Attraction_Review-g298054-d7854506-Reviews-Horse_Riding_Club_Provence-Chernivtsi_Chernivtsi_Oblast.html, /Attractions-g298054-Activities-Chernivtsi_Chernivtsi_Oblast.html
Volodymyr Ivasyuk Memorial Museum, 4.0, Museums, /Attraction_Review-g298054-d3265043-Reviews-Volodymyr_Ivasyuk_Memorial_Museum-Chernivtsi_Chernivtsi_Oblast.html, /Attractions-g298054-Activities-Chernivtsi_Chernivtsi_Oblast.html
Cross Exaltation Cathedral, 4.5, Sights & Landmarks, /Attraction_Review-g298054-d3263265-Reviews-Cross_Exaltation_Cathedral-Chernivtsi_Chernivtsi_Oblast.html, /Attractions-g298054-Activities-Chernivtsi_Chernivtsi_Oblast.html
Holy Vvedenskiy Nunnery, 4.0, Sights & Landmarks, /Attraction_Review-g298054-d6558249-Reviews-Holy_Vvedenskiy_Nunnery-Chernivtsi_Chernivtsi_Oblast.html, /Attractions-g298054-Activities-Chernivtsi_Chernivtsi_Oblast.html
Filarmonii Square, 4.0, Sights & Landmarks, /Attraction_Review-g298054-d6641393-Reviews-Filarmonii_Square-Chernivtsi_Chernivtsi_Oblast.html, /Attractions-g298054-Activities-Chernivtsi_Chernivtsi_Oblast.html
Former Bristol Hotel, 3.5, Sights & Landmarks, /Attraction_Review-g298054-d6762492-Reviews-Former_Bristol_Hotel-Chernivtsi_Chernivtsi_Oblast.html, /Attractions-g298054-Activities-Chernivtsi_Chernivtsi_Oblast.html
Sweet Art Gallery, 4.0, Museums, /Attraction_Review-g298054-d3296128-Reviews-Sweet_Art_Gallery-Chernivtsi_Chernivtsi_Oblast.html, /Attractions-g298054-Activities-Chernivtsi_Chernivtsi_Oblast.html
Museum of Aviation and Cosmonautics, 4.5, Museums, /Attraction_Review-g298054-d3262076-Reviews-Museum_of_Aviation_and_Cosmonautics-Chernivtsi_Chernivtsi_Oblast.html, /Attractions-g298054-Activities-Chernivtsi_Chernivtsi_Oblast.html
Chernivtsi Pharmacie-Museum, 3.0, Museums, /Attraction_Review-g298054-d6525720-Reviews-Chernivtsi_Pharmacie_Museum-Chernivtsi_Chernivtsi_Oblast.html, /Attractions-g298054-Activities-Chernivtsi_Chernivtsi_Oblast.html
The Palace of Justice, 4.5, Sights & Landmarks, /Attraction_Review-g298054-d3263270-Reviews-The_Palace_of_Justice-Chernivtsi_Chernivtsi_Oblast.html, /Attractions-g298054-Activities-Chernivtsi_Chernivtsi_Oblast.html
Bukovyna Stadium, 3.0, Sights & Landmarks, /Attraction_Review-g298054-d6525718-Reviews-Bukovyna_Stadium-Chernivtsi_Chernivtsi_Oblast.html, /Attractions-g298054-Activities-Chernivtsi_Chernivtsi_Oblast.html
Chernivtsi Fire Fighting Museum, 3.5, Museums, /Attraction_Review-g298054-d6525722-Reviews-Chernivtsi_Fire_Fighting_Museum-Chernivtsi_Chernivtsi_Oblast.html, /Attractions-g298054-Activities-Chernivtsi_Chernivtsi_Oblast.html
St. Paraskeva Church, 4.5, Sights & Landmarks, /Attraction_Review-g298054-d3262582-Reviews-St_Paraskeva_Church-Chernivtsi_Chernivtsi_Oblast.html, /Attractions-g298054-Activities-Chernivtsi_Chernivtsi_Oblast.html
Chernivtsi Puppet Theatre, 3.0, Concerts & Shows, /Attraction_Review-g298054-d5794283-Reviews-Chernivtsi_Puppet_Theatre-Chernivtsi_Chernivtsi_Oblast.html, /Attractions-g298054-Activities-Chernivtsi_Chernivtsi_Oblast.html
St. Spyrydon Wooden Church, 5.0, Sights & Landmarks, /Attraction_Review-g298054-d3295795-Reviews-St_Spyrydon_Wooden_Church-Chernivtsi_Chernivtsi_Oblast.html, /Attractions-g298054-Activities-Chernivtsi_Chernivtsi_Oblast.html
St. Peter and Paul Church, 5.0, Sights & Landmarks, /Attraction_Review-g298054-d6755930-Reviews-St_Peter_and_Paul_Church-Chernivtsi_Chernivtsi_Oblast.html, /Attractions-g298054-Activities-Chernivtsi_Chernivtsi_Oblast.html
The Choral Temple, 2.5, Sights & Landmarks, /Attraction_Review-g298054-d3262856-Reviews-The_Choral_Temple-Chernivtsi_Chernivtsi_Oblast.html, /Attractions-g298054-Activities-Chernivtsi_Chernivtsi_Oblast.html
Holy Virgin Nativity Church at Gorecha, 4.5, Sights & Landmarks, /Attraction_Review-g298054-d3296015-Reviews-Holy_Virgin_Nativity_Church_at_Gorecha-Chernivtsi_Chernivtsi_Oblast.html, /Attractions-g298054-Activities-Chernivtsi_Chernivtsi_Oblast.html
Ukrainian People's House, 3.5, Sights & Landmarks, /Attraction_Review-g298054-d5794277-Reviews-Ukrainian_People_s_House-Chernivtsi_Chernivtsi_Oblast.html, /Attractions-g298054-Activities-Chernivtsi_Chernivtsi_Oblast.html
Old Sinagogue, 4.0, Sights & Landmarks, /Attraction_Review-g298054-d12388977-Reviews-Old_Sinagogue-Chernivtsi_Chernivtsi_Oblast.html, /Attractions-g298054-Activities-Chernivtsi_Chernivtsi_Oblast.html
Chernivtsi Area Military History Museum, 5.0, Museums, /Attraction_Review-g298054-d6525723-Reviews-Chernivtsi_Area_Military_History_Museum-Chernivtsi_Chernivtsi_Oblast.html, /Attractions-g298054-Activities-Chernivtsi_Chernivtsi_Oblast.html
Art Salon, 3.5, Sights & Landmarks, /Attraction_Review-g298054-d6940267-Reviews-Art_Salon-Chernivtsi_Chernivtsi_Oblast.html, /Attractions-g298054-Activities-Chernivtsi_Chernivtsi_Oblast.html
General's House, 3.5, Sights & Landmarks, /Attraction_Review-g298054-d5794282-Reviews-General_s_House-Chernivtsi_Chernivtsi_Oblast.html, /Attractions-g298054-Activities-Chernivtsi_Chernivtsi_Oblast.html
St. Antony Church, 5.0, Sights & Landmarks, /Attraction_Review-g298054-d6755933-Reviews-St_Antony_Church-Chernivtsi_Chernivtsi_Oblast.html, /Attractions-g298054-Activities-Chernivtsi_Chernivtsi_Oblast.html
Fedkovych University Nature Museum, 3.0, Museums, /Attraction_Review-g298054-d6733931-Reviews-Fedkovych_University_Nature_Museum-Chernivtsi_Chernivtsi_Oblast.html, /Attractions-g298054-Activities-Chernivtsi_Chernivtsi_Oblast.html
Yurii Fedkovych Literary Memorial Museum, None, Museums, /Attraction_Review-g298054-d3263174-Reviews-Yurii_Fedkovych_Literary_Memorial_Museum-Chernivtsi_Chernivtsi_Oblast.html, /Attractions-g298054-Activities-Chernivtsi_Chernivtsi_Oblast.html
Tsetsyno Fortress Ruins, None, Sights & Landmarks, /Attraction_Review-g298054-d5794285-Reviews-Tsetsyno_Fortress_Ruins-Chernivtsi_Chernivtsi_Oblast.html, /Attractions-g298054-Activities-Chernivtsi_Chernivtsi_Oblast.html
Assumption Wooden Church, None, Sights & Landmarks, /Attraction_Review-g298054-d6755917-Reviews-Assumption_Wooden_Church-Chernivtsi_Chernivtsi_Oblast.html, /Attractions-g298054-Activities-Chernivtsi_Chernivtsi_Oblast.html
Lenkivetske Horodyshche, None, Sights & Landmarks, /Attraction_Review-g298054-d6755928-Reviews-Lenkivetske_Horodyshche-Chernivtsi_Chernivtsi_Oblast.html, /Attractions-g298054-Activities-Chernivtsi_Chernivtsi_Oblast.html
