attraction_name, attraction_rate, attraction_type, attraction_url, attraction_parent_url
Nativity Of Christ Church, 4.0, Sights & Landmarks, /Attraction_Review-g294474-d3214601-Reviews-Nativity_Of_Christ_Church-Kyiv_Kiev.html, /Attractions-g294474-Activities-Kyiv_Kiev.html
Prospekt, 4.5, Shopping, /Attraction_Review-g294474-d11767824-Reviews-Prospekt-Kyiv_Kiev.html, /Attractions-g294474-Activities-Kyiv_Kiev.html
The Sixtiers Museum: Victims of Communism, 4.5, Museums, /Attraction_Review-g294474-d6525633-Reviews-The_Sixtiers_Museum_Victims_of_Communism-Kyiv_Kiev.html, /Attractions-g294474-Activities-Kyiv_Kiev.html
St Elijah Church, 4.0, Sights & Landmarks, /Attraction_Review-g294474-d3242086-Reviews-St_Elijah_Church-Kyiv_Kiev.html, /Attractions-g294474-Activities-Kyiv_Kiev.html
Shota Rustaveli Public Garden, 4.0, Nature & Parks, /Attraction_Review-g294474-d7085151-Reviews-Shota_Rustaveli_Public_Garden-Kyiv_Kiev.html, /Attractions-g294474-Activities-Kyiv_Kiev.html
Poshtova Square, 5.0, Sights & Landmarks, /Attraction_Review-g294474-d19786547-Reviews-Poshtova_Square-Kyiv_Kiev.html, /Attractions-g294474-Activities-Kyiv_Kiev.html
Book Market, 5.0, Shopping, /Attraction_Review-g294474-d13440209-Reviews-Book_Market-Kyiv_Kiev.html, /Attractions-g294474-Activities-Kyiv_Kiev.html
Chopin Monument, 4.0, Sights & Landmarks, /Attraction_Review-g294474-d6762334-Reviews-Chopin_Monument-Kyiv_Kiev.html, /Attractions-g294474-Activities-Kyiv_Kiev.html
Alexandr Pushkin Museum, 4.5, Museums, /Attraction_Review-g294474-d3246176-Reviews-Alexandr_Pushkin_Museum-Kyiv_Kiev.html, /Attractions-g294474-Activities-Kyiv_Kiev.html
Freedom Concert Hall, 4.0, Concerts & Shows, /Attraction_Review-g294474-d3202015-Reviews-Freedom_Concert_Hall-Kyiv_Kiev.html, /Attractions-g294474-Activities-Kyiv_Kiev.html
Patriarchal Cathedral of Christ's Resurrection, 4.5, Sights & Landmarks, /Attraction_Review-g294474-d11698742-Reviews-Patriarchal_Cathedral_of_Christ_s_Resurrection-Kyiv_Kiev.html, /Attractions-g294474-Activities-Kyiv_Kiev.html
Hare Krishna Temple, 5.0, Sights & Landmarks, /Attraction_Review-g294474-d18716034-Reviews-Hare_Krishna_Temple-Kyiv_Kiev.html, /Attractions-g294474-Activities-Kyiv_Kiev.html
Vysotsky Gallery, 4.5, Museums, /Attraction_Review-g294474-d6908396-Reviews-Vysotsky_Gallery-Kyiv_Kiev.html, /Attractions-g294474-Activities-Kyiv_Kiev.html
Gamma Art Gallery, 5.0, Museums, /Attraction_Review-g294474-d6525631-Reviews-Gamma_Art_Gallery-Kyiv_Kiev.html, /Attractions-g294474-Activities-Kyiv_Kiev.html
Music Theatre, 4.0, Concerts & Shows, /Attraction_Review-g294474-d2434097-Reviews-Music_Theatre-Kyiv_Kiev.html, /Attractions-g294474-Activities-Kyiv_Kiev.html
Navodnitsky Park, 4.0, Nature & Parks, /Attraction_Review-g294474-d3240230-Reviews-Navodnitsky_Park-Kyiv_Kiev.html, /Attractions-g294474-Activities-Kyiv_Kiev.html
Sandali Truhanov Resort, 2.5, Outdoor Activities, /Attraction_Review-g294474-d12375270-Reviews-Sandali_Truhanov_Resort-Kyiv_Kiev.html, /Attractions-g294474-Activities-Kyiv_Kiev.html
Training Hangar of National Aviation University, 4.5, Museums, /Attraction_Review-g294474-d10077654-Reviews-Training_Hangar_of_National_Aviation_University-Kyiv_Kiev.html, /Attractions-g294474-Activities-Kyiv_Kiev.html
Ant Monument, 4.5, Sights & Landmarks, /Attraction_Review-g294474-d8756156-Reviews-Ant_Monument-Kyiv_Kiev.html, /Attractions-g294474-Activities-Kyiv_Kiev.html
Suzirja Kyiv Academic Studio Theatre, 4.5, Concerts & Shows, /Attraction_Review-g294474-d3253126-Reviews-Suzirja_Kyiv_Academic_Studio_Theatre-Kyiv_Kiev.html, /Attractions-g294474-Activities-Kyiv_Kiev.html
Svitlytsya Handicraft Gallery, 4.5, Museums, /Attraction_Review-g294474-d3199074-Reviews-Svitlytsya_Handicraft_Gallery-Kyiv_Kiev.html, /Attractions-g294474-Activities-Kyiv_Kiev.html
Shevchenkivskyi District, 4.5, Other, /Attraction_Review-g294474-d19969923-Reviews-Shevchenkivskyi_District-Kyiv_Kiev.html, /Attractions-g294474-Activities-Kyiv_Kiev.html
RaiON Mall, 4.0, Shopping, /Attraction_Review-g294474-d4550576-Reviews-RaiON_Mall-Kyiv_Kiev.html, /Attractions-g294474-Activities-Kyiv_Kiev.html
Square of Kyiv Intellectuals, 4.0, Nature & Parks, /Attraction_Review-g294474-d18718929-Reviews-Square_of_Kyiv_Intellectuals-Kyiv_Kiev.html, /Attractions-g294474-Activities-Kyiv_Kiev.html
Alexandr Tereshchenko Mansion, 4.0, Sights & Landmarks, /Attraction_Review-g294474-d6835011-Reviews-Alexandr_Tereshchenko_Mansion-Kyiv_Kiev.html, /Attractions-g294474-Activities-Kyiv_Kiev.html
Church of the Resurrection, 5.0, Sights & Landmarks, /Attraction_Review-g294474-d13168753-Reviews-Church_of_the_Resurrection-Kyiv_Kiev.html, /Attractions-g294474-Activities-Kyiv_Kiev.html
National Museum of Literature, 4.0, Museums, /Attraction_Review-g294474-d3258415-Reviews-National_Museum_of_Literature-Kyiv_Kiev.html, /Attractions-g294474-Activities-Kyiv_Kiev.html
Monument To Ivan Kozhedub, 4.5, Sights & Landmarks, /Attraction_Review-g294474-d19813071-Reviews-Monument_To_Ivan_Kozhedub-Kyiv_Kiev.html, /Attractions-g294474-Activities-Kyiv_Kiev.html
Stereo Plaza, 2.5, Concerts & Shows, /Attraction_Review-g294474-d13440212-Reviews-Stereo_Plaza-Kyiv_Kiev.html, /Attractions-g294474-Activities-Kyiv_Kiev.html
Koleso Kyiv Academic Theatre, 3.5, Concerts & Shows, /Attraction_Review-g294474-d3253185-Reviews-Koleso_Kyiv_Academic_Theatre-Kyiv_Kiev.html, /Attractions-g294474-Activities-Kyiv_Kiev.html
