attraction_name, attraction_rate, attraction_type, attraction_url, attraction_parent_url
Swimming Pool Petrovskiy, 5.0, Fun & Games, /Attraction_Review-g298046-d17377291-Reviews-Swimming_Pool_Petrovskiy-Donetsk_Donetsk_Oblast.html, /Attractions-g298046-Activities-Donetsk_Donetsk_Oblast.html
Pushkin Monument, 5.0, Sights & Landmarks, /Attraction_Review-g298046-d6429333-Reviews-Pushkin_Monument-Donetsk_Donetsk_Oblast.html, /Attractions-g298046-Activities-Donetsk_Donetsk_Oblast.html
Donetsk National Academical Ukranian Musical Drama Theatre, 5.0, Concerts & Shows, /Attraction_Review-g298046-d3264351-Reviews-Donetsk_National_Academical_Ukranian_Musical_Drama_Theatre-Donetsk_Donetsk_Oblast.html, /Attractions-g298046-Activities-Donetsk_Donetsk_Oblast.html
Park of Slavic Culture and Literature, 4.5, Nature & Parks, /Attraction_Review-g298046-d16737899-Reviews-Park_of_Slavic_Culture_and_Literature-Donetsk_Donetsk_Oblast.html, /Attractions-g298046-Activities-Donetsk_Donetsk_Oblast.html
Monument to John James Hughes, 4.0, Sights & Landmarks, /Attraction_Review-g298046-d3264539-Reviews-Monument_to_John_James_Hughes-Donetsk_Donetsk_Oblast.html, /Attractions-g298046-Activities-Donetsk_Donetsk_Oblast.html
The Beatles Monument, 4.0, Sights & Landmarks, /Attraction_Review-g298046-d3264502-Reviews-The_Beatles_Monument-Donetsk_Donetsk_Oblast.html, /Attractions-g298046-Activities-Donetsk_Donetsk_Oblast.html
Lenin Square, 4.5, Sights & Landmarks, /Attraction_Review-g298046-d8756235-Reviews-Lenin_Square-Donetsk_Donetsk_Oblast.html, /Attractions-g298046-Activities-Donetsk_Donetsk_Oblast.html
Artyom Monument Donetsk, 4.5, Sights & Landmarks, /Attraction_Review-g298046-d600531-Reviews-Artyom_Monument_Donetsk-Donetsk_Donetsk_Oblast.html, /Attractions-g298046-Activities-Donetsk_Donetsk_Oblast.html
Holy Assumption Church, 5.0, Sights & Landmarks, /Attraction_Review-g298046-d6492967-Reviews-Holy_Assumption_Church-Donetsk_Donetsk_Oblast.html, /Attractions-g298046-Activities-Donetsk_Donetsk_Oblast.html
John James Huge's Brewery, 4.0, Food & Drink, /Attraction_Review-g298046-d2070341-Reviews-John_James_Huge_s_Brewery-Donetsk_Donetsk_Oblast.html, /Attractions-g298046-Activities-Donetsk_Donetsk_Oblast.html
Budyonnogo Square, 4.0, Sights & Landmarks, /Attraction_Review-g298046-d16869573-Reviews-Budyonnogo_Square-Donetsk_Donetsk_Oblast.html, /Attractions-g298046-Activities-Donetsk_Donetsk_Oblast.html
Central Market, 5.0, Shopping, /Attraction_Review-g298046-d17380686-Reviews-Central_Market-Donetsk_Donetsk_Oblast.html, /Attractions-g298046-Activities-Donetsk_Donetsk_Oblast.html
Taras Shevchenko Monument, 4.0, Sights & Landmarks, /Attraction_Review-g298046-d554686-Reviews-Taras_Shevchenko_Monument-Donetsk_Donetsk_Oblast.html, /Attractions-g298046-Activities-Donetsk_Donetsk_Oblast.html
St.Michael the Archangel, 4.0, Sights & Landmarks, /Attraction_Review-g298046-d600534-Reviews-St_Michael_the_Archangel-Donetsk_Donetsk_Oblast.html, /Attractions-g298046-Activities-Donetsk_Donetsk_Oblast.html
Shakhtyorskaya Square, 4.0, Sights & Landmarks, /Attraction_Review-g298046-d16852813-Reviews-Shakhtyorskaya_Square-Donetsk_Donetsk_Oblast.html, /Attractions-g298046-Activities-Donetsk_Donetsk_Oblast.html
Palace of Sports  Shakhter, 4.0, Fun & Games, /Attraction_Review-g298046-d17165870-Reviews-Palace_of_Sports_Shakhter-Donetsk_Donetsk_Oblast.html, /Attractions-g298046-Activities-Donetsk_Donetsk_Oblast.html
Temple of Kozelshchanskaya Icon of Mother of God, 4.0, Sights & Landmarks, /Attraction_Review-g298046-d6493763-Reviews-Temple_of_Kozelshchanskaya_Icon_of_Mother_of_God-Donetsk_Donetsk_Oblast.html, /Attractions-g298046-Activities-Donetsk_Donetsk_Oblast.html
Former Cinema Komsomolets, 5.0, Sights & Landmarks, /Attraction_Review-g298046-d16755627-Reviews-Former_Cinema_Komsomolets-Donetsk_Donetsk_Oblast.html, /Attractions-g298046-Activities-Donetsk_Donetsk_Oblast.html
Anatoliy Solovyanenko Statue, 4.0, Sights & Landmarks, /Attraction_Review-g298046-d3264336-Reviews-Anatoliy_Solovyanenko_Statue-Donetsk_Donetsk_Oblast.html, /Attractions-g298046-Activities-Donetsk_Donetsk_Oblast.html
Heroiv Stalinhradu Square, 5.0, Sights & Landmarks, /Attraction_Review-g298046-d17380525-Reviews-Heroiv_Stalinhradu_Square-Donetsk_Donetsk_Oblast.html, /Attractions-g298046-Activities-Donetsk_Donetsk_Oblast.html
Monument to the Victims of Fascism, 5.0, Sights & Landmarks, /Attraction_Review-g298046-d16737722-Reviews-Monument_to_the_Victims_of_Fascism-Donetsk_Donetsk_Oblast.html, /Attractions-g298046-Activities-Donetsk_Donetsk_Oblast.html
Iosif Kobzon Monument, 5.0, Sights & Landmarks, /Attraction_Review-g298046-d17409253-Reviews-Iosif_Kobzon_Monument-Donetsk_Donetsk_Oblast.html, /Attractions-g298046-Activities-Donetsk_Donetsk_Oblast.html
Petrovskogo Square, 5.0, Sights & Landmarks, /Attraction_Review-g298046-d17384365-Reviews-Petrovskogo_Square-Donetsk_Donetsk_Oblast.html, /Attractions-g298046-Activities-Donetsk_Donetsk_Oblast.html
Bortsam za Sovetskuyu Vlast, 5.0, Sights & Landmarks, /Attraction_Review-g298046-d17577520-Reviews-Bortsam_za_Sovetskuyu_Vlast-Donetsk_Donetsk_Oblast.html, /Attractions-g298046-Activities-Donetsk_Donetsk_Oblast.html
Temple of Agapit, 5.0, Sights & Landmarks, /Attraction_Review-g298046-d6493715-Reviews-Temple_of_Agapit-Donetsk_Donetsk_Oblast.html, /Attractions-g298046-Activities-Donetsk_Donetsk_Oblast.html
The Pylons of the Bridge through the Kalmius, 4.0, Sights & Landmarks, /Attraction_Review-g298046-d16814464-Reviews-The_Pylons_of_the_Bridge_through_the_Kalmius-Donetsk_Donetsk_Oblast.html, /Attractions-g298046-Activities-Donetsk_Donetsk_Oblast.html
Donetsk Central Department Store, 3.0, Shopping, /Attraction_Review-g298046-d16830406-Reviews-Donetsk_Central_Department_Store-Donetsk_Donetsk_Oblast.html, /Attractions-g298046-Activities-Donetsk_Donetsk_Oblast.html
Artyoma Street, 5.0, Sights & Landmarks, /Attraction_Review-g298046-d17322921-Reviews-Artyoma_Street-Donetsk_Donetsk_Oblast.html, /Attractions-g298046-Activities-Donetsk_Donetsk_Oblast.html
Pobedy Square, 4.0, Sights & Landmarks, /Attraction_Review-g298046-d17390762-Reviews-Pobedy_Square-Donetsk_Donetsk_Oblast.html, /Attractions-g298046-Activities-Donetsk_Donetsk_Oblast.html
Stsena na Sadovom, 5.0, Concerts & Shows, /Attraction_Review-g298046-d19965840-Reviews-Stsena_na_Sadovom-Donetsk_Donetsk_Oblast.html, /Attractions-g298046-Activities-Donetsk_Donetsk_Oblast.html
