attraction_name, attraction_rate, attraction_type, attraction_url, attraction_parent_url
Safari Zoo, 4.5, Zoos & Aquariums, /Attraction_Review-g298057-d4891306-Reviews-Safari_Zoo-Berdyansk_Zaporizhia_Oblast.html, /Attractions-g298057-Activities-Berdyansk_Zaporizhia_Oblast.html
Monument Plumbing, 4.5, Sights & Landmarks, /Attraction_Review-g298057-d6856934-Reviews-Monument_Plumbing-Berdyansk_Zaporizhia_Oblast.html, /Attractions-g298057-Activities-Berdyansk_Zaporizhia_Oblast.html
Bychkovi-Hoduvalnyku Monument, 4.5, Sights & Landmarks, /Attraction_Review-g298057-d13149064-Reviews-Bychkovi_Hoduvalnyku_Monument-Berdyansk_Zaporizhia_Oblast.html, /Attractions-g298057-Activities-Berdyansk_Zaporizhia_Oblast.html
Berdyansk Art Museum of Brodskiy, 5.0, Museums, /Attraction_Review-g298057-d10754572-Reviews-Berdyansk_Art_Museum_of_Brodskiy-Berdyansk_Zaporizhia_Oblast.html, /Attractions-g298057-Activities-Berdyansk_Zaporizhia_Oblast.html
Monument Children's Bicycle, 4.5, Sights & Landmarks, /Attraction_Review-g298057-d6483941-Reviews-Monument_Children_s_Bicycle-Berdyansk_Zaporizhia_Oblast.html, /Attractions-g298057-Activities-Berdyansk_Zaporizhia_Oblast.html
Chair of Wishes, 4.5, Sights & Landmarks, /Attraction_Review-g298057-d6483489-Reviews-Chair_of_Wishes-Berdyansk_Zaporizhia_Oblast.html, /Attractions-g298057-Activities-Berdyansk_Zaporizhia_Oblast.html
Mys Dobroy Nadezhdy Akvapark, 3.0, Water & Amusement Parks, /Attraction_Review-g298057-d6854990-Reviews-Mys_Dobroy_Nadezhdy_Akvapark-Berdyansk_Zaporizhia_Oblast.html, /Attractions-g298057-Activities-Berdyansk_Zaporizhia_Oblast.html
Monument to Ostap Bender and Shura Balaganov, 4.5, Sights & Landmarks, /Attraction_Review-g298057-d15070363-Reviews-Monument_to_Ostap_Bender_and_Shura_Balaganov-Berdyansk_Zaporizhia_Oblast.html, /Attractions-g298057-Activities-Berdyansk_Zaporizhia_Oblast.html
Dolphinarium Nemo, 4.0, Boat Tours & Water Sports, /Attraction_Review-g298057-d7155938-Reviews-Dolphinarium_Nemo-Berdyansk_Zaporizhia_Oblast.html, /Attractions-g298057-Activities-Berdyansk_Zaporizhia_Oblast.html
Ship Monument, 4.5, Sights & Landmarks, /Attraction_Review-g298057-d6483936-Reviews-Ship_Monument-Berdyansk_Zaporizhia_Oblast.html, /Attractions-g298057-Activities-Berdyansk_Zaporizhia_Oblast.html
St. Nicolas Cathedral, 5.0, Sights & Landmarks, /Attraction_Review-g298057-d6483583-Reviews-St_Nicolas_Cathedral-Berdyansk_Zaporizhia_Oblast.html, /Attractions-g298057-Activities-Berdyansk_Zaporizhia_Oblast.html
Monument Truck, 4.0, Sights & Landmarks, /Attraction_Review-g298057-d6483823-Reviews-Monument_Truck-Berdyansk_Zaporizhia_Oblast.html, /Attractions-g298057-Activities-Berdyansk_Zaporizhia_Oblast.html
Catholic Church, 4.0, Sights & Landmarks, /Attraction_Review-g298057-d12211786-Reviews-Catholic_Church-Berdyansk_Zaporizhia_Oblast.html, /Attractions-g298057-Activities-Berdyansk_Zaporizhia_Oblast.html
Berdyansk Temple New Martyrs and Confessors, 5.0, Sights & Landmarks, /Attraction_Review-g298057-d6483560-Reviews-Berdyansk_Temple_New_Martyrs_and_Confessors-Berdyansk_Zaporizhia_Oblast.html, /Attractions-g298057-Activities-Berdyansk_Zaporizhia_Oblast.html
Monument to Aibolit, 3.0, Sights & Landmarks, /Attraction_Review-g298057-d12445723-Reviews-Monument_to_Aibolit-Berdyansk_Zaporizhia_Oblast.html, /Attractions-g298057-Activities-Berdyansk_Zaporizhia_Oblast.html
Berdyansk Local Lore Museum, 3.0, Museums, /Attraction_Review-g298057-d18977200-Reviews-Berdyansk_Local_Lore_Museum-Berdyansk_Zaporizhia_Oblast.html, /Attractions-g298057-Activities-Berdyansk_Zaporizhia_Oblast.html
Chas E!, 5.0, Fun & Games, /Attraction_Review-g298057-d12529175-Reviews-Chas_E-Berdyansk_Zaporizhia_Oblast.html, /Attractions-g298057-Activities-Berdyansk_Zaporizhia_Oblast.html
HIPPark Rope Park, 5.0, Tours, /Attraction_Review-g298057-d12624225-Reviews-HIPPark_Rope_Park-Berdyansk_Zaporizhia_Oblast.html, /Attractions-g298057-Activities-Berdyansk_Zaporizhia_Oblast.html
Night Club Daktus, 5.0, Nightlife, /Attraction_Review-g298057-d12174399-Reviews-Night_Club_Daktus-Berdyansk_Zaporizhia_Oblast.html, /Attractions-g298057-Activities-Berdyansk_Zaporizhia_Oblast.html
Atmosfera Lounge Bar, 3.0, Nightlife, /Attraction_Review-g298057-d14989078-Reviews-Atmosfera_Lounge_Bar-Berdyansk_Zaporizhia_Oblast.html, /Attractions-g298057-Activities-Berdyansk_Zaporizhia_Oblast.html
Mini Golf Club Oreanda, 5.0, Fun & Games, /Attraction_Review-g298057-d12847375-Reviews-Mini_Golf_Club_Oreanda-Berdyansk_Zaporizhia_Oblast.html, /Attractions-g298057-Activities-Berdyansk_Zaporizhia_Oblast.html
Medusa Restaraunt &amp; Club, None, Nightlife, /Attraction_Review-g298057-d14780397-Reviews-Medusa_Restaraunt_Club-Berdyansk_Zaporizhia_Oblast.html, /Attractions-g298057-Activities-Berdyansk_Zaporizhia_Oblast.html
Berdyansk Museum of Local Lore, None, Museums, /Attraction_Review-g298057-d18977038-Reviews-Berdyansk_Museum_of_Local_Lore-Berdyansk_Zaporizhia_Oblast.html, /Attractions-g298057-Activities-Berdyansk_Zaporizhia_Oblast.html
