attraction_name, attraction_rate, attraction_type, attraction_url, attraction_parent_url
Tochka Schastya, None, Sights & Landmarks, /Attraction_Review-g295368-d14180638-Reviews-Tochka_Schastya-Odessa_Odessa_Oblast.html, /Attractions-g295368-Activities-Odessa_Odessa_Oblast.html
Palma Beach, None, Nature & Parks, /Attraction_Review-g295368-d14192700-Reviews-Palma_Beach-Odessa_Odessa_Oblast.html, /Attractions-g295368-Activities-Odessa_Odessa_Oblast.html
Jiguil Gallery, None, Museums, /Attraction_Review-g295368-d14102094-Reviews-Jiguil_Gallery-Odessa_Odessa_Oblast.html, /Attractions-g295368-Activities-Odessa_Odessa_Oblast.html
Gagarinn Plaza, None, Shopping, /Attraction_Review-g295368-d21295439-Reviews-Gagarinn_Plaza-Odessa_Odessa_Oblast.html, /Attractions-g295368-Activities-Odessa_Odessa_Oblast.html
Shopping center  Evropa na Deribasovskoy, None, Shopping, /Attraction_Review-g295368-d21315061-Reviews-Shopping_center_Evropa_na_Deribasovskoy-Odessa_Odessa_Oblast.html, /Attractions-g295368-Activities-Odessa_Odessa_Oblast.html
Exhibition Hall of the Union of Artists, None, Museums, /Attraction_Review-g295368-d19882485-Reviews-Exhibition_Hall_of_the_Union_of_Artists-Odessa_Odessa_Oblast.html, /Attractions-g295368-Activities-Odessa_Odessa_Oblast.html
City Beach, None, Nature & Parks, /Attraction_Review-g295368-d22214800-Reviews-City_Beach-Odessa_Odessa_Oblast.html, /Attractions-g295368-Activities-Odessa_Odessa_Oblast.html
Shestoi element, None, Shopping, /Attraction_Review-g295368-d21401622-Reviews-Shestoi_element-Odessa_Odessa_Oblast.html, /Attractions-g295368-Activities-Odessa_Odessa_Oblast.html
