attraction_name, attraction_rate, attraction_type, attraction_url, attraction_parent_url
Kyivo-Pechers'ka Lavra, 4.5, Sights & Landmarks, /Attraction_Review-g294474-d579203-Reviews-Kyivo_Pechers_ka_Lavra-Kyiv_Kiev.html, /Attractions-g294474-Activities-Kyiv_Kiev.html
Rodina Mat (Motherland), 4.5, Sights & Landmarks, /Attraction_Review-g294474-d636597-Reviews-Rodina_Mat_Motherland-Kyiv_Kiev.html, /Attractions-g294474-Activities-Kyiv_Kiev.html
Andriyivski Uzviz, 4.5, Sights & Landmarks, /Attraction_Review-g294474-d1025206-Reviews-Andriyivski_Uzviz-Kyiv_Kiev.html, /Attractions-g294474-Activities-Kyiv_Kiev.html
Saint Sophia Cathedral, 4.5, Sights & Landmarks, /Attraction_Review-g294474-d556660-Reviews-Saint_Sophia_Cathedral-Kyiv_Kiev.html, /Attractions-g294474-Activities-Kyiv_Kiev.html
Khreshchatyk, 4.5, Sights & Landmarks, /Attraction_Review-g294474-d1066189-Reviews-Khreshchatyk-Kyiv_Kiev.html, /Attractions-g294474-Activities-Kyiv_Kiev.html
National Museum of the History of Ukraine in the Second World War, 4.5, Museums, /Attraction_Review-g294474-d1482747-Reviews-National_Museum_of_the_History_of_Ukraine_in_the_Second_World_War-Kyiv_Kiev.html, /Attractions-g294474-Activities-Kyiv_Kiev.html
State Aviation Museum, 4.5, Museums, /Attraction_Review-g294474-d1876113-Reviews-State_Aviation_Museum-Kyiv_Kiev.html, /Attractions-g294474-Activities-Kyiv_Kiev.html
Pirogovo Open-Air Museum, 4.5, Museums, /Attraction_Review-g294474-d2013827-Reviews-Pirogovo_Open_Air_Museum-Kyiv_Kiev.html, /Attractions-g294474-Activities-Kyiv_Kiev.html
Taras Shevchenko National Opera and Ballet Theatre of Ukraine, 4.5, Concerts & Shows, /Attraction_Review-g294474-d2140408-Reviews-Taras_Shevchenko_National_Opera_and_Ballet_Theatre_of_Ukraine-Kyiv_Kiev.html, /Attractions-g294474-Activities-Kyiv_Kiev.html
Mykola Syadristy Microminiatures Museum, 4.5, Museums, /Attraction_Review-g294474-d2181715-Reviews-Mykola_Syadristy_Microminiatures_Museum-Kyiv_Kiev.html, /Attractions-g294474-Activities-Kyiv_Kiev.html
St  Michael's Golden Domed Monastery, 4.5, Sights & Landmarks, /Attraction_Review-g294474-d1946577-Reviews-St_Michael_s_Golden_Domed_Monastery-Kyiv_Kiev.html, /Attractions-g294474-Activities-Kyiv_Kiev.html
Maidan Nezalezhnosti, 4.5, Sights & Landmarks, /Attraction_Review-g294474-d1066195-Reviews-Maidan_Nezalezhnosti-Kyiv_Kiev.html, /Attractions-g294474-Activities-Kyiv_Kiev.html
Park Landscape Alley, 4.5, Nature & Parks, /Attraction_Review-g294474-d2720474-Reviews-Park_Landscape_Alley-Kyiv_Kiev.html, /Attractions-g294474-Activities-Kyiv_Kiev.html
Mariinsky Park, 4.5, Nature & Parks, /Attraction_Review-g294474-d3202689-Reviews-Mariinsky_Park-Kyiv_Kiev.html, /Attractions-g294474-Activities-Kyiv_Kiev.html
Mikhail Bulgakov Museum, 4.5, Museums, /Attraction_Review-g294474-d3187863-Reviews-Mikhail_Bulgakov_Museum-Kyiv_Kiev.html, /Attractions-g294474-Activities-Kyiv_Kiev.html
Grishko Central Botanical Garden, 4.5, Nature & Parks, /Attraction_Review-g294474-d2233528-Reviews-Grishko_Central_Botanical_Garden-Kyiv_Kiev.html, /Attractions-g294474-Activities-Kyiv_Kiev.html
St. Volodymyr's Cathedral, 4.5, Sights & Landmarks, /Attraction_Review-g294474-d2249404-Reviews-St_Volodymyr_s_Cathedral-Kyiv_Kiev.html, /Attractions-g294474-Activities-Kyiv_Kiev.html
Insomnia Haunted House Kyiv, 5.0, Museums, /Attraction_Review-g294474-d17387876-Reviews-Insomnia_Haunted_House_Kyiv-Kyiv_Kiev.html, /Attractions-g294474-Activities-Kyiv_Kiev.html
Shevchenko Park, 4.5, Nature & Parks, /Attraction_Review-g294474-d3223682-Reviews-Shevchenko_Park-Kyiv_Kiev.html, /Attractions-g294474-Activities-Kyiv_Kiev.html
Parkovy Pedestrian Bridge, 4.5, Sights & Landmarks, /Attraction_Review-g294474-d3792793-Reviews-Parkovy_Pedestrian_Bridge-Kyiv_Kiev.html, /Attractions-g294474-Activities-Kyiv_Kiev.html
Feofania Park, 4.5, Nature & Parks, /Attraction_Review-g294474-d6762358-Reviews-Feofania_Park-Kyiv_Kiev.html, /Attractions-g294474-Activities-Kyiv_Kiev.html
National Reserve Sophia Kievskaya, 4.5, Sights & Landmarks, /Attraction_Review-g294474-d6523074-Reviews-National_Reserve_Sophia_Kievskaya-Kyiv_Kiev.html, /Attractions-g294474-Activities-Kyiv_Kiev.html
Chernobyl National Museum, 4.0, Museums, /Attraction_Review-g294474-d858059-Reviews-Chernobyl_National_Museum-Kyiv_Kiev.html, /Attractions-g294474-Activities-Kyiv_Kiev.html
St. Nicolas Cathedral, 4.5, Sights & Landmarks, /Attraction_Review-g294474-d2233581-Reviews-St_Nicolas_Cathedral-Kyiv_Kiev.html, /Attractions-g294474-Activities-Kyiv_Kiev.html
St. Cyril's Monastery, 5.0, Sights & Landmarks, /Attraction_Review-g294474-d2180163-Reviews-St_Cyril_s_Monastery-Kyiv_Kiev.html, /Attractions-g294474-Activities-Kyiv_Kiev.html
Museum of the Toilette History, 4.5, Museums, /Attraction_Review-g294474-d3267898-Reviews-Museum_of_the_Toilette_History-Kyiv_Kiev.html, /Attractions-g294474-Activities-Kyiv_Kiev.html
Olympic National Sports Complex, 4.5, Sights & Landmarks, /Attraction_Review-g294474-d2401045-Reviews-Olympic_National_Sports_Complex-Kyiv_Kiev.html, /Attractions-g294474-Activities-Kyiv_Kiev.html
The House with Chimeras, 4.5, Sights & Landmarks, /Attraction_Review-g294474-d2181721-Reviews-The_House_with_Chimeras-Kyiv_Kiev.html, /Attractions-g294474-Activities-Kyiv_Kiev.html
St. Andrew's Church, 4.5, Sights & Landmarks, /Attraction_Review-g294474-d13230685-Reviews-St_Andrew_s_Church-Kyiv_Kiev.html, /Attractions-g294474-Activities-Kyiv_Kiev.html
Arsenalna Metro Station, 4.5, Sights & Landmarks, /Attraction_Review-g294474-d8074208-Reviews-Arsenalna_Metro_Station-Kyiv_Kiev.html, /Attractions-g294474-Activities-Kyiv_Kiev.html
