attraction_name, attraction_rate, attraction_type, attraction_url, attraction_parent_url
Kirovohrad Arboretum, 4.5, Nature & Parks, /Attraction_Review-g298056-d4999913-Reviews-Kirovohrad_Arboretum-Kropyvnytskyi_Kirovohrad_Oblast.html, /Attractions-g298056-Activities-Kropyvnytskyi_Kirovohrad_Oblast.html
Kropivnitsky Kirovohrad Ukraine Music Drama Theatre, 5.0, Concerts & Shows, /Attraction_Review-g298056-d6835007-Reviews-Kropivnitsky_Kirovohrad_Ukraine_Music_Drama_Theatre-Kropyvnytskyi_Kirovohrad_Obla.html, /Attractions-g298056-Activities-Kropyvnytskyi_Kirovohrad_Oblast.html
Ukraine Guardian Angel, 4.5, Sights & Landmarks, /Attraction_Review-g298056-d6782391-Reviews-Ukraine_Guardian_Angel-Kropyvnytskyi_Kirovohrad_Oblast.html, /Attractions-g298056-Activities-Kropyvnytskyi_Kirovohrad_Oblast.html
Kirovohrad Art Museum, 4.5, Museums, /Attraction_Review-g298056-d6782369-Reviews-Kirovohrad_Art_Museum-Kropyvnytskyi_Kirovohrad_Oblast.html, /Attractions-g298056-Activities-Kropyvnytskyi_Kirovohrad_Oblast.html
Church Protection of the Holy Virgin, 4.5, Sights & Landmarks, /Attraction_Review-g298056-d6835202-Reviews-Church_Protection_of_the_Holy_Virgin-Kropyvnytskyi_Kirovohrad_Oblast.html, /Attractions-g298056-Activities-Kropyvnytskyi_Kirovohrad_Oblast.html
Scythian Statues Open Air Exhibition, 4.0, Sights & Landmarks, /Attraction_Review-g298056-d6881928-Reviews-Scythian_Statues_Open_Air_Exhibition-Kropyvnytskyi_Kirovohrad_Oblast.html, /Attractions-g298056-Activities-Kropyvnytskyi_Kirovohrad_Oblast.html
Transfiguration Cathedral, 5.0, Sights & Landmarks, /Attraction_Review-g298056-d6782383-Reviews-Transfiguration_Cathedral-Kropyvnytskyi_Kirovohrad_Oblast.html, /Attractions-g298056-Activities-Kropyvnytskyi_Kirovohrad_Oblast.html
Elisavetgrad Jews Museum, 4.5, Museums, /Attraction_Review-g298056-d6782377-Reviews-Elisavetgrad_Jews_Museum-Kropyvnytskyi_Kirovohrad_Oblast.html, /Attractions-g298056-Activities-Kropyvnytskyi_Kirovohrad_Oblast.html
Elisavetgrad Art Gallery, 5.0, Museums, /Attraction_Review-g298056-d6835193-Reviews-Elisavetgrad_Art_Gallery-Kropyvnytskyi_Kirovohrad_Oblast.html, /Attractions-g298056-Activities-Kropyvnytskyi_Kirovohrad_Oblast.html
Kovalevsky Park, 3.5, Nature & Parks, /Attraction_Review-g298056-d6856780-Reviews-Kovalevsky_Park-Kropyvnytskyi_Kirovohrad_Oblast.html, /Attractions-g298056-Activities-Kropyvnytskyi_Kirovohrad_Oblast.html
Khutor Nadiya Museum-Reserve, 5.0, Museums, /Attraction_Review-g298056-d6782372-Reviews-Khutor_Nadiya_Museum_Reserve-Kropyvnytskyi_Kirovohrad_Oblast.html, /Attractions-g298056-Activities-Kropyvnytskyi_Kirovohrad_Oblast.html
Alexandr Pashutin Statue, 4.5, Sights & Landmarks, /Attraction_Review-g298056-d6989374-Reviews-Alexandr_Pashutin_Statue-Kropyvnytskyi_Kirovohrad_Oblast.html, /Attractions-g298056-Activities-Kropyvnytskyi_Kirovohrad_Oblast.html
Kirovohrad Local Lore Museum, 5.0, Museums, /Attraction_Review-g298056-d6835076-Reviews-Kirovohrad_Local_Lore_Museum-Kropyvnytskyi_Kirovohrad_Oblast.html, /Attractions-g298056-Activities-Kropyvnytskyi_Kirovohrad_Oblast.html
Church of the Annunciation of the Blessed Virgin, 5.0, Sights & Landmarks, /Attraction_Review-g298056-d8615089-Reviews-Church_of_the_Annunciation_of_the_Blessed_Virgin-Kropyvnytskyi_Kirovohrad_Oblast.html, /Attractions-g298056-Activities-Kropyvnytskyi_Kirovohrad_Oblast.html
Bohdan Khmelnitskiy Monument, 3.5, Sights & Landmarks, /Attraction_Review-g298056-d6875326-Reviews-Bohdan_Khmelnitskiy_Monument-Kropyvnytskyi_Kirovohrad_Oblast.html, /Attractions-g298056-Activities-Kropyvnytskyi_Kirovohrad_Oblast.html
Complex of Former Junker Academy, 4.5, Sights & Landmarks, /Attraction_Review-g298056-d6945137-Reviews-Complex_of_Former_Junker_Academy-Kropyvnytskyi_Kirovohrad_Oblast.html, /Attractions-g298056-Activities-Kropyvnytskyi_Kirovohrad_Oblast.html
St. Daniel Spring, 3.0, Sights & Landmarks, /Attraction_Review-g298056-d6856787-Reviews-St_Daniel_Spring-Kropyvnytskyi_Kirovohrad_Oblast.html, /Attractions-g298056-Activities-Kropyvnytskyi_Kirovohrad_Oblast.html
Ingul River, 2.5, Nature & Parks, /Attraction_Review-g298056-d6856795-Reviews-Ingul_River-Kropyvnytskyi_Kirovohrad_Oblast.html, /Attractions-g298056-Activities-Kropyvnytskyi_Kirovohrad_Oblast.html
Holy Spirit Rome Catholic Cathedral, 5.0, Sights & Landmarks, /Attraction_Review-g298056-d6782390-Reviews-Holy_Spirit_Rome_Catholic_Cathedral-Kropyvnytskyi_Kirovohrad_Oblast.html, /Attractions-g298056-Activities-Kropyvnytskyi_Kirovohrad_Oblast.html
Madonna Nativity Cathedral, 4.5, Sights & Landmarks, /Attraction_Review-g298056-d6782384-Reviews-Madonna_Nativity_Cathedral-Kropyvnytskyi_Kirovohrad_Oblast.html, /Attractions-g298056-Activities-Kropyvnytskyi_Kirovohrad_Oblast.html
Osmerkin Art-Memorial Museum, 4.5, Museums, /Attraction_Review-g298056-d6782368-Reviews-Osmerkin_Art_Memorial_Museum-Kropyvnytskyi_Kirovohrad_Oblast.html, /Attractions-g298056-Activities-Kropyvnytskyi_Kirovohrad_Oblast.html
Saint Elizabeth Fortress, 4.0, Sights & Landmarks, /Attraction_Review-g298056-d6782381-Reviews-Saint_Elizabeth_Fortress-Kropyvnytskyi_Kirovohrad_Oblast.html, /Attractions-g298056-Activities-Kropyvnytskyi_Kirovohrad_Oblast.html
Kropivnitsky Memorial Museum, 4.0, Museums, /Attraction_Review-g298056-d6782371-Reviews-Kropivnitsky_Memorial_Museum-Kropyvnytskyi_Kirovohrad_Oblast.html, /Attractions-g298056-Activities-Kropyvnytskyi_Kirovohrad_Oblast.html
Archaeology Museum, 5.0, Museums, /Attraction_Review-g298056-d6782382-Reviews-Archaeology_Museum-Kropyvnytskyi_Kirovohrad_Oblast.html, /Attractions-g298056-Activities-Kropyvnytskyi_Kirovohrad_Oblast.html
Park Pushkina, 2.0, Nature & Parks, /Attraction_Review-g298056-d6855028-Reviews-Park_Pushkina-Kropyvnytskyi_Kirovohrad_Oblast.html, /Attractions-g298056-Activities-Kropyvnytskyi_Kirovohrad_Oblast.html
Former Goldenberg Balneary, 4.5, Sights & Landmarks, /Attraction_Review-g298056-d6871992-Reviews-Former_Goldenberg_Balneary-Kropyvnytskyi_Kirovohrad_Oblast.html, /Attractions-g298056-Activities-Kropyvnytskyi_Kirovohrad_Oblast.html
Love Arrow, 2.0, Sights & Landmarks, /Attraction_Review-g298056-d6989375-Reviews-Love_Arrow-Kropyvnytskyi_Kirovohrad_Oblast.html, /Attractions-g298056-Activities-Kropyvnytskyi_Kirovohrad_Oblast.html
Ukrainian Choreography Art History Museum, 5.0, Museums, /Attraction_Review-g298056-d6782373-Reviews-Ukrainian_Choreography_Art_History_Museum-Kropyvnytskyi_Kirovohrad_Oblast.html, /Attractions-g298056-Activities-Kropyvnytskyi_Kirovohrad_Oblast.html
Park Pobedy, 3.5, Nature & Parks, /Attraction_Review-g298056-d6855037-Reviews-Park_Pobedy-Kropyvnytskyi_Kirovohrad_Oblast.html, /Attractions-g298056-Activities-Kropyvnytskyi_Kirovohrad_Oblast.html
Kirovohrad Academic Regional Puppet Theatre, 3.5, Concerts & Shows, /Attraction_Review-g298056-d6835194-Reviews-Kirovohrad_Academic_Regional_Puppet_Theatre-Kropyvnytskyi_Kirovohrad_Oblast.html, /Attractions-g298056-Activities-Kropyvnytskyi_Kirovohrad_Oblast.html
