attraction_name, attraction_rate, attraction_type, attraction_url, attraction_parent_url
Slobozhanshchyna Folk Art Museum, None, Museums, /Attraction_Review-g295369-d6524088-Reviews-Slobozhanshchyna_Folk_Art_Museum-Kharkiv_Kharkiv_Oblast.html, /Attractions-g295369-Activities-Kharkiv_Kharkiv_Oblast.html
Shulzhenko Museum of Famous Kharkivans, None, Museums, /Attraction_Review-g295369-d6524089-Reviews-Shulzhenko_Museum_of_Famous_Kharkivans-Kharkiv_Kharkiv_Oblast.html, /Attractions-g295369-Activities-Kharkiv_Kharkiv_Oblast.html
St. Peter and Paul Church, None, Sights & Landmarks, /Attraction_Review-g295369-d6519261-Reviews-St_Peter_and_Paul_Church-Kharkiv_Kharkiv_Oblast.html, /Attractions-g295369-Activities-Kharkiv_Kharkiv_Oblast.html
Na Zhukah Theatre, None, Concerts & Shows, /Attraction_Review-g295369-d6698125-Reviews-Na_Zhukah_Theatre-Kharkiv_Kharkiv_Oblast.html, /Attractions-g295369-Activities-Kharkiv_Kharkiv_Oblast.html
Mosque Al-Barokyat, None, Sights & Landmarks, /Attraction_Review-g295369-d6975983-Reviews-Mosque_Al_Barokyat-Kharkiv_Kharkiv_Oblast.html, /Attractions-g295369-Activities-Kharkiv_Kharkiv_Oblast.html
Ekvator, None, Shopping, /Attraction_Review-g295369-d9798315-Reviews-Ekvator-Kharkiv_Kharkiv_Oblast.html, /Attractions-g295369-Activities-Kharkiv_Kharkiv_Oblast.html
Church of St. John Chrysostom, None, Sights & Landmarks, /Attraction_Review-g295369-d9798320-Reviews-Church_of_St_John_Chrysostom-Kharkiv_Kharkiv_Oblast.html, /Attractions-g295369-Activities-Kharkiv_Kharkiv_Oblast.html
Church of the Holy Martyr Alexander&& Archbishop of Kharkiv, None, Sights & Landmarks, /Attraction_Review-g295369-d9798321-Reviews-Church_of_the_Holy_Martyr_Alexander_Archbishop_of_Kharkiv-Kharkiv_Kharkiv_Oblast.html, /Attractions-g295369-Activities-Kharkiv_Kharkiv_Oblast.html
Diesel Ice, None, Fun & Games, /Attraction_Review-g295369-d9798328-Reviews-Diesel_Ice-Kharkiv_Kharkiv_Oblast.html, /Attractions-g295369-Activities-Kharkiv_Kharkiv_Oblast.html
Church of the Holy Great Martyr and Healer Panteleimon, None, Sights & Landmarks, /Attraction_Review-g295369-d9798327-Reviews-Church_of_the_Holy_Great_Martyr_and_Healer_Panteleimon-Kharkiv_Kharkiv_Oblast.html, /Attractions-g295369-Activities-Kharkiv_Kharkiv_Oblast.html
Church of the Nativity of the Holy Prophet John the Baptist, None, Sights & Landmarks, /Attraction_Review-g295369-d9798329-Reviews-Church_of_the_Nativity_of_the_Holy_Prophet_John_the_Baptist-Kharkiv_Kharkiv_Oblas.html, /Attractions-g295369-Activities-Kharkiv_Kharkiv_Oblast.html
National Museum of History of Urban Electric Transport, None, Museums, /Attraction_Review-g295369-d9798335-Reviews-National_Museum_of_History_of_Urban_Electric_Transport-Kharkiv_Kharkiv_Oblast.html, /Attractions-g295369-Activities-Kharkiv_Kharkiv_Oblast.html
Velta-City, None, Shopping, /Attraction_Review-g295369-d9798336-Reviews-Velta_City-Kharkiv_Kharkiv_Oblast.html, /Attractions-g295369-Activities-Kharkiv_Kharkiv_Oblast.html
Novosel, None, Shopping, /Attraction_Review-g295369-d9798340-Reviews-Novosel-Kharkiv_Kharkiv_Oblast.html, /Attractions-g295369-Activities-Kharkiv_Kharkiv_Oblast.html
Apteka Narodnoi Meditsini, None, Museums, /Attraction_Review-g295369-d9798339-Reviews-Apteka_Narodnoi_Meditsini-Kharkiv_Kharkiv_Oblast.html, /Attractions-g295369-Activities-Kharkiv_Kharkiv_Oblast.html
Fatima Mosque, None, Sights & Landmarks, /Attraction_Review-g295369-d9798341-Reviews-Fatima_Mosque-Kharkiv_Kharkiv_Oblast.html, /Attractions-g295369-Activities-Kharkiv_Kharkiv_Oblast.html
Temple of Sophia Wisdom of God, None, Sights & Landmarks, /Attraction_Review-g295369-d9798343-Reviews-Temple_of_Sophia_Wisdom_of_God-Kharkiv_Kharkiv_Oblast.html, /Attractions-g295369-Activities-Kharkiv_Kharkiv_Oblast.html
Church of the Transfiguration of Evangelical Christian Baptists, None, Sights & Landmarks, /Attraction_Review-g295369-d9798344-Reviews-Church_of_the_Transfiguration_of_Evangelical_Christian_Baptists-Kharkiv_Kharkiv_O.html, /Attractions-g295369-Activities-Kharkiv_Kharkiv_Oblast.html
Gosson, None, Shopping, /Attraction_Review-g295369-d9798345-Reviews-Gosson-Kharkiv_Kharkiv_Oblast.html, /Attractions-g295369-Activities-Kharkiv_Kharkiv_Oblast.html
Argo, None, Shopping, /Attraction_Review-g295369-d9798350-Reviews-Argo-Kharkiv_Kharkiv_Oblast.html, /Attractions-g295369-Activities-Kharkiv_Kharkiv_Oblast.html
Portal, None, Shopping, /Attraction_Review-g295369-d9798355-Reviews-Portal-Kharkiv_Kharkiv_Oblast.html, /Attractions-g295369-Activities-Kharkiv_Kharkiv_Oblast.html
Transfiguration Church, None, Sights & Landmarks, /Attraction_Review-g295369-d9798356-Reviews-Transfiguration_Church-Kharkiv_Kharkiv_Oblast.html, /Attractions-g295369-Activities-Kharkiv_Kharkiv_Oblast.html
Sport & Kort, None, Fun & Games, /Attraction_Review-g295369-d9798362-Reviews-Sport_Kort-Kharkiv_Kharkiv_Oblast.html, /Attractions-g295369-Activities-Kharkiv_Kharkiv_Oblast.html
Fire-Technical Exhibition and Museum of Dsns of Ukraine in Kharkiv Region, None, Museums, /Attraction_Review-g295369-d9798368-Reviews-Fire_Technical_Exhibition_and_Museum_of_Dsns_of_Ukraine_in_Kharkiv_Region-Kharkiv.html, /Attractions-g295369-Activities-Kharkiv_Kharkiv_Oblast.html
Ekvator, None, Shopping, /Attraction_Review-g295369-d9798373-Reviews-Ekvator-Kharkiv_Kharkiv_Oblast.html, /Attractions-g295369-Activities-Kharkiv_Kharkiv_Oblast.html
Arsenal, None, Sights & Landmarks, /Attraction_Review-g295369-d9798374-Reviews-Arsenal-Kharkiv_Kharkiv_Oblast.html, /Attractions-g295369-Activities-Kharkiv_Kharkiv_Oblast.html
Spektr, None, Shopping, /Attraction_Review-g295369-d9798378-Reviews-Spektr-Kharkiv_Kharkiv_Oblast.html, /Attractions-g295369-Activities-Kharkiv_Kharkiv_Oblast.html
Kharkiv Regional Organizational and Methodical Center of Culture and Art, None, Museums, /Attraction_Review-g295369-d9798380-Reviews-Kharkiv_Regional_Organizational_and_Methodical_Center_of_Culture_and_Art-Kharkiv_.html, /Attractions-g295369-Activities-Kharkiv_Kharkiv_Oblast.html
Stealth, None, Shopping, /Attraction_Review-g295369-d9798382-Reviews-Stealth-Kharkiv_Kharkiv_Oblast.html, /Attractions-g295369-Activities-Kharkiv_Kharkiv_Oblast.html
Iva, None, Shopping, /Attraction_Review-g295369-d9798385-Reviews-Iva-Kharkiv_Kharkiv_Oblast.html, /Attractions-g295369-Activities-Kharkiv_Kharkiv_Oblast.html
