attraction_name, attraction_rate, attraction_type, attraction_url, attraction_parent_url
Art-Insight Gallery, None, Museums, /Attraction_Review-g294474-d6999249-Reviews-Art_Insight_Gallery-Kyiv_Kiev.html, /Attractions-g294474-Activities-Kyiv_Kiev.html
Sviatoshyn District History Museum, None, Museums, /Attraction_Review-g294474-d6995900-Reviews-Sviatoshyn_District_History_Museum-Kyiv_Kiev.html, /Attractions-g294474-Activities-Kyiv_Kiev.html
ART:EGO Cultural Center, None, Museums, /Attraction_Review-g294474-d8608990-Reviews-ART_EGO_Cultural_Center-Kyiv_Kiev.html, /Attractions-g294474-Activities-Kyiv_Kiev.html
AVS Art Gallery, None, Museums, /Attraction_Review-g294474-d8449957-Reviews-AVS_Art_Gallery-Kyiv_Kiev.html, /Attractions-g294474-Activities-Kyiv_Kiev.html
Educatorium, None, Museums, /Attraction_Review-g294474-d11679764-Reviews-Educatorium-Kyiv_Kiev.html, /Attractions-g294474-Activities-Kyiv_Kiev.html
Antique Gallery Bosco, None, Museums, /Attraction_Review-g294474-d12211801-Reviews-Antique_Gallery_Bosco-Kyiv_Kiev.html, /Attractions-g294474-Activities-Kyiv_Kiev.html
Trick Art 3D Gallery, None, Museums, /Attraction_Review-g294474-d13140033-Reviews-Trick_Art_3D_Gallery-Kyiv_Kiev.html, /Attractions-g294474-Activities-Kyiv_Kiev.html
Exhibition Ukraina Samotsvetnaya, None, Museums, /Attraction_Review-g294474-d13171850-Reviews-Exhibition_Ukraina_Samotsvetnaya-Kyiv_Kiev.html, /Attractions-g294474-Activities-Kyiv_Kiev.html
L`Art Gallery, None, Museums, /Attraction_Review-g294474-d13319830-Reviews-L_Art_Gallery-Kyiv_Kiev.html, /Attractions-g294474-Activities-Kyiv_Kiev.html
Dom Kartin Gallery, None, Museums, /Attraction_Review-g294474-d13231708-Reviews-Dom_Kartin_Gallery-Kyiv_Kiev.html, /Attractions-g294474-Activities-Kyiv_Kiev.html
Museum of Weights, None, Museums, /Attraction_Review-g294474-d14958019-Reviews-Museum_of_Weights-Kyiv_Kiev.html, /Attractions-g294474-Activities-Kyiv_Kiev.html
Nudist Obolon Beach, None, Nature & Parks, /Attraction_Review-g294474-d14201168-Reviews-Nudist_Obolon_Beach-Kyiv_Kiev.html, /Attractions-g294474-Activities-Kyiv_Kiev.html
Burberry, None, Shopping, /Attraction_Review-g294474-d13536174-Reviews-Burberry-Kyiv_Kiev.html, /Attractions-g294474-Activities-Kyiv_Kiev.html
ARS Kerylos, None, Museums, /Attraction_Review-g294474-d15273408-Reviews-ARS_Kerylos-Kyiv_Kiev.html, /Attractions-g294474-Activities-Kyiv_Kiev.html
Osobnyak, None, Shopping, /Attraction_Review-g294474-d15873483-Reviews-Osobnyak-Kyiv_Kiev.html, /Attractions-g294474-Activities-Kyiv_Kiev.html
DIM MK, None, Museums, /Attraction_Review-g294474-d15748469-Reviews-DIM_MK-Kyiv_Kiev.html, /Attractions-g294474-Activities-Kyiv_Kiev.html
Bazar na Lisoviy, None, Food & Drink, /Attraction_Review-g294474-d18313141-Reviews-Bazar_na_Lisoviy-Kyiv_Kiev.html, /Attractions-g294474-Activities-Kyiv_Kiev.html
Hryvnia Monument, None, Sights & Landmarks, /Attraction_Review-g294474-d18194885-Reviews-Hryvnia_Monument-Kyiv_Kiev.html, /Attractions-g294474-Activities-Kyiv_Kiev.html
Ukrainian Boxing Hall of Fame, None, Museums, /Attraction_Review-g294474-d17456300-Reviews-Ukrainian_Boxing_Hall_of_Fame-Kyiv_Kiev.html, /Attractions-g294474-Activities-Kyiv_Kiev.html
InnoHub, None, Traveller Resources, /Attraction_Review-g294474-d17605343-Reviews-InnoHub-Kyiv_Kiev.html, /Attractions-g294474-Activities-Kyiv_Kiev.html
Good Life Mall, None, Shopping, /Attraction_Review-g294474-d20920977-Reviews-Good_Life_Mall-Kyiv_Kiev.html, /Attractions-g294474-Activities-Kyiv_Kiev.html
Karavan  Outlet, None, Shopping, /Attraction_Review-g294474-d21164016-Reviews-Karavan_Outlet-Kyiv_Kiev.html, /Attractions-g294474-Activities-Kyiv_Kiev.html
Wine Events Agency, None, Food & Drink, /Attraction_Review-g294474-d21049094-Reviews-Wine_Events_Agency-Kyiv_Kiev.html, /Attractions-g294474-Activities-Kyiv_Kiev.html
Blockbuster Mall, None, Shopping, /Attraction_Review-g294474-d21369864-Reviews-Blockbuster_Mall-Kyiv_Kiev.html, /Attractions-g294474-Activities-Kyiv_Kiev.html
Retroville, None, Shopping, /Attraction_Review-g294474-d21274755-Reviews-Retroville-Kyiv_Kiev.html, /Attractions-g294474-Activities-Kyiv_Kiev.html
Zakokhani Likhtari, None, Sights & Landmarks, /Attraction_Review-g294474-d19799438-Reviews-Zakokhani_Likhtari-Kyiv_Kiev.html, /Attractions-g294474-Activities-Kyiv_Kiev.html
Berkovetske Cemetery, None, Sights & Landmarks, /Attraction_Review-g294474-d19993445-Reviews-Berkovetske_Cemetery-Kyiv_Kiev.html, /Attractions-g294474-Activities-Kyiv_Kiev.html
Sculpture Heart, None, Sights & Landmarks, /Attraction_Review-g294474-d19927032-Reviews-Sculpture_Heart-Kyiv_Kiev.html, /Attractions-g294474-Activities-Kyiv_Kiev.html
Historical-Cultural Centre Kyiv River Gate, None, Museums, /Attraction_Review-g294474-d19974208-Reviews-Historical_Cultural_Centre_Kyiv_River_Gate-Kyiv_Kiev.html, /Attractions-g294474-Activities-Kyiv_Kiev.html
Lisoviy Cemetery, None, Sights & Landmarks, /Attraction_Review-g294474-d20029288-Reviews-Lisoviy_Cemetery-Kyiv_Kiev.html, /Attractions-g294474-Activities-Kyiv_Kiev.html
