attraction_name, attraction_rate, attraction_type, attraction_url, attraction_parent_url
Church of St. Nicholas, 5.0, Sights & Landmarks, /Attraction_Review-g4452618-d10209487-Reviews-Church_of_St_Nicholas-Kamianske_Dnipropetrovsk_Oblast.html, /Attractions-g4452618-Activities-Kamianske_Dnipropetrovsk_Oblast.html
Rose Garden, 4.0, Nature & Parks, /Attraction_Review-g4452618-d12636121-Reviews-Rose_Garden-Kamianske_Dnipropetrovsk_Oblast.html, /Attractions-g4452618-Activities-Kamianske_Dnipropetrovsk_Oblast.html
Central Culture and Leisure Park Kamenskogo, 4.0, Nature & Parks, /Attraction_Review-g4452618-d13223916-Reviews-Central_Culture_and_Leisure_Park_Kamenskogo-Kamianske_Dnipropetrovsk_Oblast.html, /Attractions-g4452618-Activities-Kamianske_Dnipropetrovsk_Oblast.html
Wonderland Anticafe, None, Classes & Workshops, /Attraction_Review-g4452618-d13803113-Reviews-Wonderland_Anticafe-Kamianske_Dnipropetrovsk_Oblast.html, /Attractions-g4452618-Activities-Kamianske_Dnipropetrovsk_Oblast.html
Fly Kids, None, Water & Amusement Parks, /Attraction_Review-g4452618-d19760735-Reviews-Fly_Kids-Kamianske_Dnipropetrovsk_Oblast.html, /Attractions-g4452618-Activities-Kamianske_Dnipropetrovsk_Oblast.html
