attraction_name, attraction_rate, attraction_type, attraction_url, attraction_parent_url
Bohdan and Varvara Khanenko National Museum of Arts, 4.5, Museums, /Attraction_Review-g294474-d2180517-Reviews-Bohdan_and_Varvara_Khanenko_National_Museum_of_Arts-Kyiv_Kiev.html, /Attractions-g294474-Activities-Kyiv_Kiev.html
Obolonska Quay, 4.5, Nature & Parks, /Attraction_Review-g294474-d3243572-Reviews-Obolonska_Quay-Kyiv_Kiev.html, /Attractions-g294474-Activities-Kyiv_Kiev.html
Bora Bora Beach Club, 4.0, Outdoor Activities, /Attraction_Review-g294474-d3244467-Reviews-Bora_Bora_Beach_Club-Kyiv_Kiev.html, /Attractions-g294474-Activities-Kyiv_Kiev.html
Vydubychi Monastery, 5.0, Sights & Landmarks, /Attraction_Review-g294474-d3187870-Reviews-Vydubychi_Monastery-Kyiv_Kiev.html, /Attractions-g294474-Activities-Kyiv_Kiev.html
PinchukArtCentre, 4.0, Museums, /Attraction_Review-g294474-d2180167-Reviews-PinchukArtCentre-Kyiv_Kiev.html, /Attractions-g294474-Activities-Kyiv_Kiev.html
Babi Yar Memorial, 4.5, Sights & Landmarks, /Attraction_Review-g294474-d613393-Reviews-Babi_Yar_Memorial-Kyiv_Kiev.html, /Attractions-g294474-Activities-Kyiv_Kiev.html
Software and Computer Museum, 5.0, Museums, /Attraction_Review-g294474-d13329512-Reviews-Software_and_Computer_Museum-Kyiv_Kiev.html, /Attractions-g294474-Activities-Kyiv_Kiev.html
Volodymyr Hill Park, 4.5, Nature & Parks, /Attraction_Review-g294474-d3191780-Reviews-Volodymyr_Hill_Park-Kyiv_Kiev.html, /Attractions-g294474-Activities-Kyiv_Kiev.html
Mariyinski Palace, 4.0, Sights & Landmarks, /Attraction_Review-g294474-d2233542-Reviews-Mariyinski_Palace-Kyiv_Kiev.html, /Attractions-g294474-Activities-Kyiv_Kiev.html
A. V. Fomin Botanical Garden, 4.5, Nature & Parks, /Attraction_Review-g294474-d2249448-Reviews-A_V_Fomin_Botanical_Garden-Kyiv_Kiev.html, /Attractions-g294474-Activities-Kyiv_Kiev.html
Eternal Glory Park, 4.5, Nature & Parks, /Attraction_Review-g294474-d3187938-Reviews-Eternal_Glory_Park-Kyiv_Kiev.html, /Attractions-g294474-Activities-Kyiv_Kiev.html
Victoria Museum, 5.0, Museums, /Attraction_Review-g294474-d13168425-Reviews-Victoria_Museum-Kyiv_Kiev.html, /Attractions-g294474-Activities-Kyiv_Kiev.html
KURAZH, 4.5, Shopping, /Attraction_Review-g294474-d12161943-Reviews-KURAZH-Kyiv_Kiev.html, /Attractions-g294474-Activities-Kyiv_Kiev.html
Kyiv National Museum of Russian Art, 4.0, Museums, /Attraction_Review-g294474-d1025207-Reviews-Kyiv_National_Museum_of_Russian_Art-Kyiv_Kiev.html, /Attractions-g294474-Activities-Kyiv_Kiev.html
Peremoha (Victory) Park, 4.5, Nature & Parks, /Attraction_Review-g294474-d3258461-Reviews-Peremoha_Victory_Park-Kyiv_Kiev.html, /Attractions-g294474-Activities-Kyiv_Kiev.html
Water Museum, 4.0, Museums, /Attraction_Review-g294474-d3188119-Reviews-Water_Museum-Kyiv_Kiev.html, /Attractions-g294474-Activities-Kyiv_Kiev.html
National Museum “The Memorial in Commemoration of Famines’ Victims, 4.5, Museums, /Attraction_Review-g294474-d3229223-Reviews-National_Museum_The_Memorial_in_Commemoration_of_Famines_Victims-Kyiv_Kiev.html, /Attractions-g294474-Activities-Kyiv_Kiev.html
Seiklar Rope Park, 4.5, Water & Amusement Parks, /Attraction_Review-g294474-d3753847-Reviews-Seiklar_Rope_Park-Kyiv_Kiev.html, /Attractions-g294474-Activities-Kyiv_Kiev.html
Golden Gate, 4.0, Museums, /Attraction_Review-g294474-d1973581-Reviews-Golden_Gate-Kyiv_Kiev.html, /Attractions-g294474-Activities-Kyiv_Kiev.html
People’s Friendship Arch, 4.0, Sights & Landmarks, /Attraction_Review-g294474-d3187920-Reviews-People_s_Friendship_Arch-Kyiv_Kiev.html, /Attractions-g294474-Activities-Kyiv_Kiev.html
Kyiv Founders’ Monument, 4.5, Sights & Landmarks, /Attraction_Review-g294474-d3187570-Reviews-Kyiv_Founders_Monument-Kyiv_Kiev.html, /Attractions-g294474-Activities-Kyiv_Kiev.html
Natalka Park, 5.0, Nature & Parks, /Attraction_Review-g294474-d12698707-Reviews-Natalka_Park-Kyiv_Kiev.html, /Attractions-g294474-Activities-Kyiv_Kiev.html
National Museum of the History of Ukraine, 4.0, Museums, /Attraction_Review-g294474-d2617518-Reviews-National_Museum_of_the_History_of_Ukraine-Kyiv_Kiev.html, /Attractions-g294474-Activities-Kyiv_Kiev.html
Sofiyskaya Square, 4.5, Sights & Landmarks, /Attraction_Review-g294474-d8734631-Reviews-Sofiyskaya_Square-Kyiv_Kiev.html, /Attractions-g294474-Activities-Kyiv_Kiev.html
Dnieper River, 4.0, Nature & Parks, /Attraction_Review-g294474-d628904-Reviews-Dnieper_River-Kyiv_Kiev.html, /Attractions-g294474-Activities-Kyiv_Kiev.html
National Art Museum of Ukraine, 4.5, Museums, /Attraction_Review-g294474-d1958017-Reviews-National_Art_Museum_of_Ukraine-Kyiv_Kiev.html, /Attractions-g294474-Activities-Kyiv_Kiev.html
Hedgehog Monument, 4.5, Sights & Landmarks, /Attraction_Review-g294474-d2233570-Reviews-Hedgehog_Monument-Kyiv_Kiev.html, /Attractions-g294474-Activities-Kyiv_Kiev.html
Al-Rahma Mosque, 4.5, Sights & Landmarks, /Attraction_Review-g294474-d3754256-Reviews-Al_Rahma_Mosque-Kyiv_Kiev.html, /Attractions-g294474-Activities-Kyiv_Kiev.html
The National Philharmonic of Ukraine, 4.5, Concerts & Shows, /Attraction_Review-g294474-d2249462-Reviews-The_National_Philharmonic_of_Ukraine-Kyiv_Kiev.html, /Attractions-g294474-Activities-Kyiv_Kiev.html
Museum of Historical Treasures of Ukraine, 4.5, Museums, /Attraction_Review-g294474-d3187865-Reviews-Museum_of_Historical_Treasures_of_Ukraine-Kyiv_Kiev.html, /Attractions-g294474-Activities-Kyiv_Kiev.html
