attraction_name, attraction_rate, attraction_type, attraction_url, attraction_parent_url
Palace Krugly Dvor, 4.5, Sights & Landmarks, /Attraction_Review-g8621910-d8608756-Reviews-Palace_Krugly_Dvor-Trostyanets_Sumy_Oblast.html, /Attractions-g8621910-Activities-Trostyanets_Sumy_Oblast.html
Neskuchnoye Landscape Park, 5.0, Nature & Parks, /Attraction_Review-g8621910-d11849736-Reviews-Neskuchnoye_Landscape_Park-Trostyanets_Sumy_Oblast.html, /Attractions-g8621910-Activities-Trostyanets_Sumy_Oblast.html
Golitsyn's Palace, 4.5, Sights & Landmarks, /Attraction_Review-g8621910-d11864807-Reviews-Golitsyn_s_Palace-Trostyanets_Sumy_Oblast.html, /Attractions-g8621910-Activities-Trostyanets_Sumy_Oblast.html
Ascension Church, 4.5, Sights & Landmarks, /Attraction_Review-g8621910-d9850741-Reviews-Ascension_Church-Trostyanets_Sumy_Oblast.html, /Attractions-g8621910-Activities-Trostyanets_Sumy_Oblast.html
Museum of Chocolate, 3.0, Museums, /Attraction_Review-g8621910-d11864855-Reviews-Museum_of_Chocolate-Trostyanets_Sumy_Oblast.html, /Attractions-g8621910-Activities-Trostyanets_Sumy_Oblast.html
Hetman's National Nature Park, None, Nature & Parks, /Attraction_Review-g8621910-d11849784-Reviews-Hetman_s_National_Nature_Park-Trostyanets_Sumy_Oblast.html, /Attractions-g8621910-Activities-Trostyanets_Sumy_Oblast.html
