attraction_name, attraction_rate, attraction_type, attraction_url, attraction_parent_url
The House of the Russian City Council, 4.0, Sights & Landmarks, /Attraction_Review-g659293-d6767269-Reviews-The_House_of_the_Russian_City_Council-Kamianets_Podilskyi_Khmelnytskyi_Oblast.html, /Attractions-g659293-Activities-Kamianets_Podilskyi_Khmelnytskyi_Oblast.html
The Armenian Bastion, 4.5, Sights & Landmarks, /Attraction_Review-g659293-d6619373-Reviews-The_Armenian_Bastion-Kamianets_Podilskyi_Khmelnytskyi_Oblast.html, /Attractions-g659293-Activities-Kamianets_Podilskyi_Khmelnytskyi_Oblast.html
The Turkish Bastions, 4.0, Sights & Landmarks, /Attraction_Review-g659293-d6619374-Reviews-The_Turkish_Bastions-Kamianets_Podilskyi_Khmelnytskyi_Oblast.html, /Attractions-g659293-Activities-Kamianets_Podilskyi_Khmelnytskyi_Oblast.html
Kamianets-Podilska Fortress Barracks, 4.0, Sights & Landmarks, /Attraction_Review-g659293-d6750784-Reviews-Kamianets_Podilska_Fortress_Barracks-Kamianets_Podilskyi_Khmelnytskyi_Oblast.html, /Attractions-g659293-Activities-Kamianets_Podilskyi_Khmelnytskyi_Oblast.html
The Circuit Court - House of Noble Assembly, 4.5, Sights & Landmarks, /Attraction_Review-g659293-d6619389-Reviews-The_Circuit_Court_House_of_Noble_Assembly-Kamianets_Podilskyi_Khmelnytskyi_Oblast.html, /Attractions-g659293-Activities-Kamianets_Podilskyi_Khmelnytskyi_Oblast.html
St. Trinity Monastery, 4.0, Sights & Landmarks, /Attraction_Review-g659293-d6598287-Reviews-St_Trinity_Monastery-Kamianets_Podilskyi_Khmelnytskyi_Oblast.html, /Attractions-g659293-Activities-Kamianets_Podilskyi_Khmelnytskyi_Oblast.html
The Chartoryjskyj Family Palace, 3.5, Sights & Landmarks, /Attraction_Review-g659293-d6619202-Reviews-The_Chartoryjskyj_Family_Palace-Kamianets_Podilskyi_Khmelnytskyi_Oblast.html, /Attractions-g659293-Activities-Kamianets_Podilskyi_Khmelnytskyi_Oblast.html
St. Nicolas Annunciation Church, 5.0, Sights & Landmarks, /Attraction_Review-g659293-d6637940-Reviews-St_Nicolas_Annunciation_Church-Kamianets_Podilskyi_Khmelnytskyi_Oblast.html, /Attractions-g659293-Activities-Kamianets_Podilskyi_Khmelnytskyi_Oblast.html
Pototskiy House, 4.5, Sights & Landmarks, /Attraction_Review-g659293-d6619201-Reviews-Pototskiy_House-Kamianets_Podilskyi_Khmelnytskyi_Oblast.html, /Attractions-g659293-Activities-Kamianets_Podilskyi_Khmelnytskyi_Oblast.html
Kazan Madonna Icon Cathedral Ruins, 4.0, Sights & Landmarks, /Attraction_Review-g659293-d6619380-Reviews-Kazan_Madonna_Icon_Cathedral_Ruins-Kamianets_Podilskyi_Khmelnytskyi_Oblast.html, /Attractions-g659293-Activities-Kamianets_Podilskyi_Khmelnytskyi_Oblast.html
Myhaylivskyi Roman Catholic Church of Dominican Monastery, 4.0, Sights & Landmarks, /Attraction_Review-g659293-d6619384-Reviews-Myhaylivskyi_Roman_Catholic_Church_of_Dominican_Monastery-Kamianets_Podilskyi_Khm.html, /Attractions-g659293-Activities-Kamianets_Podilskyi_Khmelnytskyi_Oblast.html
The City Gates and Fortification Complex, 4.5, Sights & Landmarks, /Attraction_Review-g659293-d6886406-Reviews-The_City_Gates_and_Fortification_Complex-Kamianets_Podilskyi_Khmelnytskyi_Oblast.html, /Attractions-g659293-Activities-Kamianets_Podilskyi_Khmelnytskyi_Oblast.html
Chornobyl Heroes Memorial, 4.0, Sights & Landmarks, /Attraction_Review-g659293-d6767346-Reviews-Chornobyl_Heroes_Memorial-Kamianets_Podilskyi_Khmelnytskyi_Oblast.html, /Attractions-g659293-Activities-Kamianets_Podilskyi_Khmelnytskyi_Oblast.html
Zakharzhevskaya Tower (Tower On The Ford), 4.0, Sights & Landmarks, /Attraction_Review-g659293-d6984065-Reviews-Zakharzhevskaya_Tower_Tower_On_The_Ford-Kamianets_Podilskyi_Khmelnytskyi_Oblast.html, /Attractions-g659293-Activities-Kamianets_Podilskyi_Khmelnytskyi_Oblast.html
Holy Pokrova Church, 5.0, Sights & Landmarks, /Attraction_Review-g659293-d6619379-Reviews-Holy_Pokrova_Church-Kamianets_Podilskyi_Khmelnytskyi_Oblast.html, /Attractions-g659293-Activities-Kamianets_Podilskyi_Khmelnytskyi_Oblast.html
Casemate Tower, 5.0, Sights & Landmarks, /Attraction_Review-g659293-d6619378-Reviews-Casemate_Tower-Kamianets_Podilskyi_Khmelnytskyi_Oblast.html, /Attractions-g659293-Activities-Kamianets_Podilskyi_Khmelnytskyi_Oblast.html
Riznytska Tower Ruins, 4.0, Sights & Landmarks, /Attraction_Review-g659293-d6619371-Reviews-Riznytska_Tower_Ruins-Kamianets_Podilskyi_Khmelnytskyi_Oblast.html, /Attractions-g659293-Activities-Kamianets_Podilskyi_Khmelnytskyi_Oblast.html
The Rome Catholic Podillya Bishop Palace, 4.0, Sights & Landmarks, /Attraction_Review-g659293-d6619387-Reviews-The_Rome_Catholic_Podillya_Bishop_Palace-Kamianets_Podilskyi_Khmelnytskyi_Oblast.html, /Attractions-g659293-Activities-Kamianets_Podilskyi_Khmelnytskyi_Oblast.html
The Jesuitical Collegium, 3.0, Sights & Landmarks, /Attraction_Review-g659293-d6619200-Reviews-The_Jesuitical_Collegium-Kamianets_Podilskyi_Khmelnytskyi_Oblast.html, /Attractions-g659293-Activities-Kamianets_Podilskyi_Khmelnytskyi_Oblast.html
Kravetska Tower, 3.0, Sights & Landmarks, /Attraction_Review-g659293-d6619370-Reviews-Kravetska_Tower-Kamianets_Podilskyi_Khmelnytskyi_Oblast.html, /Attractions-g659293-Activities-Kamianets_Podilskyi_Khmelnytskyi_Oblast.html
Madonna Assumption Archiereus Church, 5.0, Sights & Landmarks, /Attraction_Review-g659293-d6672383-Reviews-Madonna_Assumption_Archiereus_Church-Kamianets_Podilskyi_Khmelnytskyi_Oblast.html, /Attractions-g659293-Activities-Kamianets_Podilskyi_Khmelnytskyi_Oblast.html
Powder Depots, 3.0, Sights & Landmarks, /Attraction_Review-g659293-d6619188-Reviews-Powder_Depots-Kamianets_Podilskyi_Khmelnytskyi_Oblast.html, /Attractions-g659293-Activities-Kamianets_Podilskyi_Khmelnytskyi_Oblast.html
Snail Farm Tasty Snails, 5.0, Sights & Landmarks, /Attraction_Review-g659293-d21338618-Reviews-Snail_Farm_Tasty_Snails-Kamianets_Podilskyi_Khmelnytskyi_Oblast.html, /Attractions-g659293-Activities-Kamianets_Podilskyi_Khmelnytskyi_Oblast.html
The House of the School of the Carmelites, None, Sights & Landmarks, /Attraction_Review-g659293-d6767271-Reviews-The_House_of_the_School_of_the_Carmelites-Kamianets_Podilskyi_Khmelnytskyi_Oblast.html, /Attractions-g659293-Activities-Kamianets_Podilskyi_Khmelnytskyi_Oblast.html
Franciscan Monastery Complex, None, Sights & Landmarks, /Attraction_Review-g659293-d6619383-Reviews-Franciscan_Monastery_Complex-Kamianets_Podilskyi_Khmelnytskyi_Oblast.html, /Attractions-g659293-Activities-Kamianets_Podilskyi_Khmelnytskyi_Oblast.html
Gipsy Caravan Memorial, None, Sights & Landmarks, /Attraction_Review-g659293-d6886413-Reviews-Gipsy_Caravan_Memorial-Kamianets_Podilskyi_Khmelnytskyi_Oblast.html, /Attractions-g659293-Activities-Kamianets_Podilskyi_Khmelnytskyi_Oblast.html
Memorial to the Murdered Jews of Kamianets-Podilskyi, None, Sights & Landmarks, /Attraction_Review-g659293-d12860175-Reviews-Memorial_to_the_Murdered_Jews_of_Kamianets_Podilskyi-Kamianets_Podilskyi_Khmelny.html, /Attractions-g659293-Activities-Kamianets_Podilskyi_Khmelnytskyi_Oblast.html
