attraction_name, attraction_rate, attraction_type, attraction_url, attraction_parent_url
Park named after  Bogdan Khmelnitskiy, 4.0, Nature & Parks, /Attraction_Review-g12130707-d17826598-Reviews-Park_named_after_Bogdan_Khmelnitskiy-Bushtyno_Zakarpattia_Oblast.html, /Attractions-g12130707-Activities-Bushtyno_Zakarpattia_Oblast.html
Golden Fruit, None, Shopping, /Attraction_Review-g12130707-d16755853-Reviews-Golden_Fruit-Bushtyno_Zakarpattia_Oblast.html, /Attractions-g12130707-Activities-Bushtyno_Zakarpattia_Oblast.html
Regional Ethnography Museum, None, Museums, /Attraction_Review-g12130707-d17851061-Reviews-Regional_Ethnography_Museum-Bushtyno_Zakarpattia_Oblast.html, /Attractions-g12130707-Activities-Bushtyno_Zakarpattia_Oblast.html
Pheasant Farm Mali Kogutovy, None, Sights & Landmarks, /Attraction_Review-g12130707-d20375105-Reviews-Pheasant_Farm_Mali_Kogutovy-Bushtyno_Zakarpattia_Oblast.html, /Attractions-g12130707-Activities-Bushtyno_Zakarpattia_Oblast.html
