attraction_name, attraction_rate, attraction_type, attraction_url, attraction_parent_url
The Art and Local Lore Museum of Makiivka, 5.0, Museums, /Attraction_Review-g2689831-d6490794-Reviews-The_Art_and_Local_Lore_Museum_of_Makiivka-Makiivka_Donetsk_Oblast.html, /Attractions-g2689831-Activities-Makiivka_Donetsk_Oblast.html
St. George's Cathedral, 4.5, Sights & Landmarks, /Attraction_Review-g2689831-d6493565-Reviews-St_George_s_Cathedral-Makiivka_Donetsk_Oblast.html, /Attractions-g2689831-Activities-Makiivka_Donetsk_Oblast.html
Donetsk Academical Russian Theatre for Young Spectator, 5.0, Concerts & Shows, /Attraction_Review-g2689831-d6502246-Reviews-Donetsk_Academical_Russian_Theatre_for_Young_Spectator-Makiivka_Donetsk_Oblast.html, /Attractions-g2689831-Activities-Makiivka_Donetsk_Oblast.html
Lenin Square, 5.0, Sights & Landmarks, /Attraction_Review-g2689831-d8608606-Reviews-Lenin_Square-Makiivka_Donetsk_Oblast.html, /Attractions-g2689831-Activities-Makiivka_Donetsk_Oblast.html
Holy Virgin Church, 5.0, Sights & Landmarks, /Attraction_Review-g2689831-d6993881-Reviews-Holy_Virgin_Church-Makiivka_Donetsk_Oblast.html, /Attractions-g2689831-Activities-Makiivka_Donetsk_Oblast.html
Temple of Archangel Michael, 4.0, Sights & Landmarks, /Attraction_Review-g2689831-d6493723-Reviews-Temple_of_Archangel_Michael-Makiivka_Donetsk_Oblast.html, /Attractions-g2689831-Activities-Makiivka_Donetsk_Oblast.html
Temple Sts Grand Duchess Olga, None, Sights & Landmarks, /Attraction_Review-g2689831-d6494118-Reviews-Temple_Sts_Grand_Duchess_Olga-Makiivka_Donetsk_Oblast.html, /Attractions-g2689831-Activities-Makiivka_Donetsk_Oblast.html
Church of the Nativity of John the Baptist, None, Sights & Landmarks, /Attraction_Review-g2689831-d6492778-Reviews-Church_of_the_Nativity_of_John_the_Baptist-Makiivka_Donetsk_Oblast.html, /Attractions-g2689831-Activities-Makiivka_Donetsk_Oblast.html
Holy Bogolyubskiy Temple, None, Sights & Landmarks, /Attraction_Review-g2689831-d6492971-Reviews-Holy_Bogolyubskiy_Temple-Makiivka_Donetsk_Oblast.html, /Attractions-g2689831-Activities-Makiivka_Donetsk_Oblast.html
St. Kazan Cathedral, None, Sights & Landmarks, /Attraction_Review-g2689831-d6493568-Reviews-St_Kazan_Cathedral-Makiivka_Donetsk_Oblast.html, /Attractions-g2689831-Activities-Makiivka_Donetsk_Oblast.html
Holy Temple of Tikhvin, None, Sights & Landmarks, /Attraction_Review-g2689831-d6493022-Reviews-Holy_Temple_of_Tikhvin-Makiivka_Donetsk_Oblast.html, /Attractions-g2689831-Activities-Makiivka_Donetsk_Oblast.html
St. Seraphim Church, None, Sights & Landmarks, /Attraction_Review-g2689831-d7038208-Reviews-St_Seraphim_Church-Makiivka_Donetsk_Oblast.html, /Attractions-g2689831-Activities-Makiivka_Donetsk_Oblast.html
Avangard, None, Sights & Landmarks, /Attraction_Review-g2689831-d8043713-Reviews-Avangard-Makiivka_Donetsk_Oblast.html, /Attractions-g2689831-Activities-Makiivka_Donetsk_Oblast.html
Moonlight, None, Fun & Games, /Attraction_Review-g2689831-d8044150-Reviews-Moonlight-Makiivka_Donetsk_Oblast.html, /Attractions-g2689831-Activities-Makiivka_Donetsk_Oblast.html
