attraction_name, attraction_rate, attraction_type, attraction_url, attraction_parent_url
Svityaz Lake, 4.5, Nature & Parks, /Attraction_Review-g12123852-d2514501-Reviews-Svityaz_Lake-Svityaz_Volyn_Oblast.html, /Attractions-g12123852-Activities-Svityaz_Volyn_Oblast.html
Petropavlovskiy Monastery, 5.0, Sights & Landmarks, /Attraction_Review-g12123852-d12161944-Reviews-Petropavlovskiy_Monastery-Svityaz_Volyn_Oblast.html, /Attractions-g12123852-Activities-Svityaz_Volyn_Oblast.html
Shatskiye Lakes, 4.5, Nature & Parks, /Attraction_Review-g12123852-d18761352-Reviews-Shatskiye_Lakes-Svityaz_Volyn_Oblast.html, /Attractions-g12123852-Activities-Svityaz_Volyn_Oblast.html
Dive It! Diving Club, None, Boat Tours & Water Sports, /Attraction_Review-g12123852-d20898163-Reviews-Dive_It_Diving_Club-Svityaz_Volyn_Oblast.html, /Attractions-g12123852-Activities-Svityaz_Volyn_Oblast.html
Abu-Dhabi, None, Nightlife, /Attraction_Review-g12123852-d21007689-Reviews-Abu_Dhabi-Svityaz_Volyn_Oblast.html, /Attractions-g12123852-Activities-Svityaz_Volyn_Oblast.html
