attraction_name, attraction_rate, attraction_type, attraction_url, attraction_parent_url
Lviv Museum of Toys, None, Museums, /Attraction_Review-g295377-d17759201-Reviews-Lviv_Museum_of_Toys-Lviv_Lviv_Oblast.html, /Attractions-g295377-Activities-Lviv_Lviv_Oblast.html
Monument to the Victims of Communist Crimes, None, Sights & Landmarks, /Attraction_Review-g295377-d17635413-Reviews-Monument_to_the_Victims_of_Communist_Crimes-Lviv_Lviv_Oblast.html, /Attractions-g295377-Activities-Lviv_Lviv_Oblast.html
MoloDvizhCenter.Lviv, None, Sights & Landmarks, /Attraction_Review-g295377-d20364316-Reviews-MoloDvizhCenter_Lviv-Lviv_Lviv_Oblast.html, /Attractions-g295377-Activities-Lviv_Lviv_Oblast.html
Dominican Monastery, None, Sights & Landmarks, /Attraction_Review-g21281949-d21281243-Reviews-Dominican_Monastery-Pidkamin_Lviv_Lviv_Oblast.html, /Attractions-g295377-Activities-Lviv_Lviv_Oblast.html
Devil Stone, None, Nature & Parks, /Attraction_Review-g21281949-d21281242-Reviews-Devil_Stone-Pidkamin_Lviv_Lviv_Oblast.html, /Attractions-g295377-Activities-Lviv_Lviv_Oblast.html
Lviv National Medical University, None, Sights & Landmarks, /Attraction_Review-g295377-d21894426-Reviews-Lviv_National_Medical_University-Lviv_Lviv_Oblast.html, /Attractions-g295377-Activities-Lviv_Lviv_Oblast.html
Crossword House, None, Sights & Landmarks, /Attraction_Review-g295377-d23017297-Reviews-Crossword_House-Lviv_Lviv_Oblast.html, /Attractions-g295377-Activities-Lviv_Lviv_Oblast.html
