attraction_name, attraction_rate, attraction_type, attraction_url, attraction_parent_url
Khotyn Fortress, 4.5, Museums, /Attraction_Review-g1816348-d1825629-Reviews-Khotyn_Fortress-Khotyn_Chernivtsi_Oblast.html, /Attractions-g1816348-Activities-Khotyn_Chernivtsi_Oblast.html
Khotyn Historic Museum, 4.5, Museums, /Attraction_Review-g1816348-d6524214-Reviews-Khotyn_Historic_Museum-Khotyn_Chernivtsi_Oblast.html, /Attractions-g1816348-Activities-Khotyn_Chernivtsi_Oblast.html
National Park Khotyn, 4.5, Nature & Parks, /Attraction_Review-g1816348-d9702083-Reviews-National_Park_Khotyn-Khotyn_Chernivtsi_Oblast.html, /Attractions-g1816348-Activities-Khotyn_Chernivtsi_Oblast.html
Intersession (Pokrovska) Church, 3.5, Sights & Landmarks, /Attraction_Review-g1816348-d6734011-Reviews-Intersession_Pokrovska_Church-Khotyn_Chernivtsi_Oblast.html, /Attractions-g1816348-Activities-Khotyn_Chernivtsi_Oblast.html
Historic Customs House, 3.5, Sights & Landmarks, /Attraction_Review-g1816348-d6734012-Reviews-Historic_Customs_House-Khotyn_Chernivtsi_Oblast.html, /Attractions-g1816348-Activities-Khotyn_Chernivtsi_Oblast.html
Walking Tours in Ukraine, None, Tours, /Attraction_Review-g1816348-d12152880-Reviews-Walking_Tours_in_Ukraine-Khotyn_Chernivtsi_Oblast.html, /Attractions-g1816348-Activities-Khotyn_Chernivtsi_Oblast.html
