attraction_name, attraction_rate, attraction_type, attraction_url, attraction_parent_url
Mezhyhirya Residence Museum, 4.5, Museums, /Attraction_Review-g4917417-d9732821-Reviews-Mezhyhirya_Residence_Museum-Novi_Petrivtsi_Kiev_Oblast.html, /Attractions-g4917417-Activities-Novi_Petrivtsi_Kiev_Oblast.html
Mezhigorye National Park, 4.5, Nature & Parks, /Attraction_Review-g4917417-d15099754-Reviews-Mezhigorye_National_Park-Novi_Petrivtsi_Kiev_Oblast.html, /Attractions-g4917417-Activities-Novi_Petrivtsi_Kiev_Oblast.html
Battle for Kyiv 1943 National Museum, 5.0, Museums, /Attraction_Review-g4917417-d3188114-Reviews-Battle_for_Kyiv_1943_National_Museum-Novi_Petrivtsi_Kiev_Oblast.html, /Attractions-g4917417-Activities-Novi_Petrivtsi_Kiev_Oblast.html
Savka's Khutir Ethnographic Museum and Estate, 4.5, Museums, /Attraction_Review-g4917417-d3240235-Reviews-Savka_s_Khutir_Ethnographic_Museum_and_Estate-Novi_Petrivtsi_Kiev_Oblast.html, /Attractions-g4917417-Activities-Novi_Petrivtsi_Kiev_Oblast.html
Svyato-Pokrovska Church, 4.5, Sights & Landmarks, /Attraction_Review-g4917417-d6550981-Reviews-Svyato_Pokrovska_Church-Novi_Petrivtsi_Kiev_Oblast.html, /Attractions-g4917417-Activities-Novi_Petrivtsi_Kiev_Oblast.html
Lutizh Lodgement Heroes Memorial, 5.0, Sights & Landmarks, /Attraction_Review-g4917417-d6755908-Reviews-Lutizh_Lodgement_Heroes_Memorial-Novi_Petrivtsi_Kiev_Oblast.html, /Attractions-g4917417-Activities-Novi_Petrivtsi_Kiev_Oblast.html
St. George Victorious Chapel, 4.0, Sights & Landmarks, /Attraction_Review-g4917417-d6550982-Reviews-St_George_Victorious_Chapel-Novi_Petrivtsi_Kiev_Oblast.html, /Attractions-g4917417-Activities-Novi_Petrivtsi_Kiev_Oblast.html
Museum of Retro Cars, 3.0, Museums, /Attraction_Review-g4917417-d8714339-Reviews-Museum_of_Retro_Cars-Novi_Petrivtsi_Kiev_Oblast.html, /Attractions-g4917417-Activities-Novi_Petrivtsi_Kiev_Oblast.html
Veliki.ua, None, Outdoor Activities, /Attraction_Review-g4917417-d12644171-Reviews-Veliki_ua-Novi_Petrivtsi_Kiev_Oblast.html, /Attractions-g4917417-Activities-Novi_Petrivtsi_Kiev_Oblast.html
