attraction_name, attraction_rate, attraction_type, attraction_url, attraction_parent_url
Church of St. Basil, 5.0, Sights & Landmarks, /Attraction_Review-g2550276-d9458854-Reviews-Church_of_St_Basil-Volodymyr_Volyns_kyy_Volyn_Oblast.html, /Attractions-g2550276-Activities-Volodymyr_Volyns_kyy_Volyn_Oblast.html
Slavyanskiy Park, 4.5, Nature & Parks, /Attraction_Review-g2550276-d9458838-Reviews-Slavyanskiy_Park-Volodymyr_Volyns_kyy_Volyn_Oblast.html, /Attractions-g2550276-Activities-Volodymyr_Volyns_kyy_Volyn_Oblast.html
Cathedral of the Assumption, 4.5, Sights & Landmarks, /Attraction_Review-g2550276-d7913659-Reviews-Cathedral_of_the_Assumption-Volodymyr_Volyns_kyy_Volyn_Oblast.html, /Attractions-g2550276-Activities-Volodymyr_Volyns_kyy_Volyn_Oblast.html
Church of Joachim and Anna, 5.0, Sights & Landmarks, /Attraction_Review-g2550276-d9458889-Reviews-Church_of_Joachim_and_Anna-Volodymyr_Volyns_kyy_Volyn_Oblast.html, /Attractions-g2550276-Activities-Volodymyr_Volyns_kyy_Volyn_Oblast.html
Church of St. Josaphat, None, Sights & Landmarks, /Attraction_Review-g2550276-d9458883-Reviews-Church_of_St_Josaphat-Volodymyr_Volyns_kyy_Volyn_Oblast.html, /Attractions-g2550276-Activities-Volodymyr_Volyns_kyy_Volyn_Oblast.html
Volodymyr-Volyns'kyy History Museum, None, Museums, /Attraction_Review-g2550276-d9458841-Reviews-Volodymyr_Volyns_kyy_History_Museum-Volodymyr_Volyns_kyy_Volyn_Oblast.html, /Attractions-g2550276-Activities-Volodymyr_Volyns_kyy_Volyn_Oblast.html
Cathedral of the Nativity of Christ, None, Sights & Landmarks, /Attraction_Review-g2550276-d9458878-Reviews-Cathedral_of_the_Nativity_of_Christ-Volodymyr_Volyns_kyy_Volyn_Oblast.html, /Attractions-g2550276-Activities-Volodymyr_Volyns_kyy_Volyn_Oblast.html
