attraction_name, attraction_rate, attraction_type, attraction_url, attraction_parent_url
Khortitsa National Nature Reserve, 4.5, Nature & Parks, /Attraction_Review-g298049-d2416657-Reviews-Khortitsa_National_Nature_Reserve-Zaporizhzhya_Zaporizhia_Oblast.html, /Attractions-g298049-Activities-Zaporizhzhya_Zaporizhia_Oblast.html
Faeton Retro Cars Museum, 5.0, Museums, /Attraction_Review-g298049-d6564926-Reviews-Faeton_Retro_Cars_Museum-Zaporizhzhya_Zaporizhia_Oblast.html, /Attractions-g298049-Activities-Zaporizhzhya_Zaporizhia_Oblast.html
Motor Sich Aviation Museum, 4.5, Museums, /Attraction_Review-g298049-d6755963-Reviews-Motor_Sich_Aviation_Museum-Zaporizhzhya_Zaporizhia_Oblast.html, /Attractions-g298049-Activities-Zaporizhzhya_Zaporizhia_Oblast.html
The Historical and Cultural Complex Zaporizhian Sich, 4.5, Museums, /Attraction_Review-g298049-d7834915-Reviews-The_Historical_and_Cultural_Complex_Zaporizhian_Sich-Zaporizhzhya_Zaporizhia_Obla.html, /Attractions-g298049-Activities-Zaporizhzhya_Zaporizhia_Oblast.html
Zaporizhzhya City Children Botanic Gardens, 4.5, Nature & Parks, /Attraction_Review-g298049-d6828013-Reviews-Zaporizhzhya_City_Children_Botanic_Gardens-Zaporizhzhya_Zaporizhia_Oblast.html, /Attractions-g298049-Activities-Zaporizhzhya_Zaporizhia_Oblast.html
Dnieper Hydroelectric Station, 4.5, Sights & Landmarks, /Attraction_Review-g298049-d6429411-Reviews-Dnieper_Hydroelectric_Station-Zaporizhzhya_Zaporizhia_Oblast.html, /Attractions-g298049-Activities-Zaporizhzhya_Zaporizhia_Oblast.html
Soborny Avenue, 4.5, Sights & Landmarks, /Attraction_Review-g298049-d6425854-Reviews-Soborny_Avenue-Zaporizhzhya_Zaporizhia_Oblast.html, /Attractions-g298049-Activities-Zaporizhzhya_Zaporizhia_Oblast.html
Zaporizhzhya Children Railway, 5.0, Tours, /Attraction_Review-g298049-d6940834-Reviews-Zaporizhzhya_Children_Railway-Zaporizhzhya_Zaporizhia_Oblast.html, /Attractions-g298049-Activities-Zaporizhzhya_Zaporizhia_Oblast.html
Fleek's Museum of Science, 5.0, Museums, /Attraction_Review-g298049-d14514789-Reviews-Fleek_s_Museum_of_Science-Zaporizhzhya_Zaporizhia_Oblast.html, /Attractions-g298049-Activities-Zaporizhzhya_Zaporizhia_Oblast.html
Rainbow Fountains Cascade, 4.0, Sights & Landmarks, /Attraction_Review-g298049-d6984089-Reviews-Rainbow_Fountains_Cascade-Zaporizhzhya_Zaporizhia_Oblast.html, /Attractions-g298049-Activities-Zaporizhzhya_Zaporizhia_Oblast.html
Voznesenovskiy Park, 4.5, Nature & Parks, /Attraction_Review-g298049-d6835039-Reviews-Voznesenovskiy_Park-Zaporizhzhya_Zaporizhia_Oblast.html, /Attractions-g298049-Activities-Zaporizhzhya_Zaporizhia_Oblast.html
Holy Protection Cathedral, 4.5, Sights & Landmarks, /Attraction_Review-g298049-d6564930-Reviews-Holy_Protection_Cathedral-Zaporizhzhya_Zaporizhia_Oblast.html, /Attractions-g298049-Activities-Zaporizhzhya_Zaporizhia_Oblast.html
Duboviy Gai Central Park of Leisure, 4.0, Nature & Parks, /Attraction_Review-g298049-d6756101-Reviews-Duboviy_Gai_Central_Park_of_Leisure-Zaporizhzhya_Zaporizhia_Oblast.html, /Attractions-g298049-Activities-Zaporizhzhya_Zaporizhia_Oblast.html
Avrora Shopping Mall, 4.0, Shopping, /Attraction_Review-g298049-d6781883-Reviews-Avrora_Shopping_Mall-Zaporizhzhya_Zaporizhia_Oblast.html, /Attractions-g298049-Activities-Zaporizhzhya_Zaporizhia_Oblast.html
Museum of the History of Weapons, 4.5, Museums, /Attraction_Review-g298049-d6564924-Reviews-Museum_of_the_History_of_Weapons-Zaporizhzhya_Zaporizhia_Oblast.html, /Attractions-g298049-Activities-Zaporizhzhya_Zaporizhia_Oblast.html
Zaporizhzhya Oak Tree, 3.5, Sights & Landmarks, /Attraction_Review-g298049-d6940825-Reviews-Zaporizhzhya_Oak_Tree-Zaporizhzhya_Zaporizhia_Oblast.html, /Attractions-g298049-Activities-Zaporizhzhya_Zaporizhia_Oblast.html
Pobedy Park, 4.0, Nature & Parks, /Attraction_Review-g298049-d6835043-Reviews-Pobedy_Park-Zaporizhzhya_Zaporizhia_Oblast.html, /Attractions-g298049-Activities-Zaporizhzhya_Zaporizhia_Oblast.html
CityMall, 4.5, Shopping, /Attraction_Review-g298049-d6781881-Reviews-CityMall-Zaporizhzhya_Zaporizhia_Oblast.html, /Attractions-g298049-Activities-Zaporizhzhya_Zaporizhia_Oblast.html
Zaporizhzhya Regional Lore Museum, 4.5, Museums, /Attraction_Review-g298049-d6564920-Reviews-Zaporizhzhya_Regional_Lore_Museum-Zaporizhzhya_Zaporizhia_Oblast.html, /Attractions-g298049-Activities-Zaporizhzhya_Zaporizhia_Oblast.html
Scythian Stan Open Air Museum, 4.5, Museums, /Attraction_Review-g298049-d6564927-Reviews-Scythian_Stan_Open_Air_Museum-Zaporizhzhya_Zaporizhia_Oblast.html, /Attractions-g298049-Activities-Zaporizhzhya_Zaporizhia_Oblast.html
Magara Music Drama Theatre, 4.5, Concerts & Shows, /Attraction_Review-g298049-d6756080-Reviews-Magara_Music_Drama_Theatre-Zaporizhzhya_Zaporizhia_Oblast.html, /Attractions-g298049-Activities-Zaporizhzhya_Zaporizhia_Oblast.html
Spas Cossak Battle Theatre, 5.0, Concerts & Shows, /Attraction_Review-g298049-d6756097-Reviews-Spas_Cossak_Battle_Theatre-Zaporizhzhya_Zaporizhia_Oblast.html, /Attractions-g298049-Activities-Zaporizhzhya_Zaporizhia_Oblast.html
Metallurgist Park, 3.5, Nature & Parks, /Attraction_Review-g298049-d6854926-Reviews-Metallurgist_Park-Zaporizhzhya_Zaporizhia_Oblast.html, /Attractions-g298049-Activities-Zaporizhzhya_Zaporizhia_Oblast.html
Slavutich Arena Stadium, 4.5, Sights & Landmarks, /Attraction_Review-g298049-d6781873-Reviews-Slavutich_Arena_Stadium-Zaporizhzhya_Zaporizhia_Oblast.html, /Attractions-g298049-Activities-Zaporizhzhya_Zaporizhia_Oblast.html
Saint Andrew's Cathedral, 4.5, Sights & Landmarks, /Attraction_Review-g298049-d6564928-Reviews-Saint_Andrew_s_Cathedral-Zaporizhzhya_Zaporizhia_Oblast.html, /Attractions-g298049-Activities-Zaporizhzhya_Zaporizhia_Oblast.html
Merciful God Father Rome Catholic Church, 5.0, Sights & Landmarks, /Attraction_Review-g298049-d6564929-Reviews-Merciful_God_Father_Rome_Catholic_Church-Zaporizhzhya_Zaporizhia_Oblast.html, /Attractions-g298049-Activities-Zaporizhzhya_Zaporizhia_Oblast.html
Museum-Gallery of Applied Ceramics and Scenic Art of Ilya and Aleksey Burlai, 5.0, Museums, /Attraction_Review-g298049-d8610645-Reviews-Museum_Gallery_of_Applied_Ceramics_and_Scenic_Art_of_Ilya_and_Aleksey_Burlai-Zapo.html, /Attractions-g298049-Activities-Zaporizhzhya_Zaporizhia_Oblast.html
Zaporizhzhya Youth Theatre, 5.0, Concerts & Shows, /Attraction_Review-g298049-d6756093-Reviews-Zaporizhzhya_Youth_Theatre-Zaporizhzhya_Zaporizhia_Oblast.html, /Attractions-g298049-Activities-Zaporizhzhya_Zaporizhia_Oblast.html
Ukraina Shopping Mall, 3.5, Shopping, /Attraction_Review-g298049-d6781880-Reviews-Ukraina_Shopping_Mall-Zaporizhzhya_Zaporizhia_Oblast.html, /Attractions-g298049-Activities-Zaporizhzhya_Zaporizhia_Oblast.html
Zaporizhzhya Cossak Movement History Museum, 4.0, Museums, /Attraction_Review-g298049-d6755960-Reviews-Zaporizhzhya_Cossak_Movement_History_Museum-Zaporizhzhya_Zaporizhia_Oblast.html, /Attractions-g298049-Activities-Zaporizhzhya_Zaporizhia_Oblast.html
