attraction_name, attraction_rate, attraction_type, attraction_url, attraction_parent_url
Horseback Yard Sednevskiy, 5.0, Casinos & Gambling, /Attraction_Review-g12162857-d12856120-Reviews-Horseback_Yard_Sednevskiy-Sedniv_Chernihiv_Oblast.html, /Attractions-g12162857-Activities-Sedniv_Chernihiv_Oblast.html
Sednevskiy Holy Spring, None, Nature & Parks, /Attraction_Review-g12162857-d20920957-Reviews-Sednevskiy_Holy_Spring-Sedniv_Chernihiv_Oblast.html, /Attractions-g12162857-Activities-Sedniv_Chernihiv_Oblast.html
St. George's Church, None, Sights & Landmarks, /Attraction_Review-g12162857-d20920960-Reviews-St_George_s_Church-Sedniv_Chernihiv_Oblast.html, /Attractions-g12162857-Activities-Sedniv_Chernihiv_Oblast.html
Lizogub Manor, None, Museums, /Attraction_Review-g12162857-d20920838-Reviews-Lizogub_Manor-Sedniv_Chernihiv_Oblast.html, /Attractions-g12162857-Activities-Sedniv_Chernihiv_Oblast.html
Resurrection Church, None, Sights & Landmarks, /Attraction_Review-g12162857-d20920840-Reviews-Resurrection_Church-Sedniv_Chernihiv_Oblast.html, /Attractions-g12162857-Activities-Sedniv_Chernihiv_Oblast.html
