attraction_name, attraction_rate, attraction_type, attraction_url, attraction_parent_url
Nikolaev Zoo, 4.5, Zoos & Aquariums, /Attraction_Review-g298052-d3355361-Reviews-Nikolaev_Zoo-Mykolayiv_Mykolaiv_Oblast.html, /Attractions-g298052-Activities-Mykolayiv_Mykolaiv_Oblast.html
The Museum of Shipbuilding and Fleet, 4.5, Museums, /Attraction_Review-g298052-d3355384-Reviews-The_Museum_of_Shipbuilding_and_Fleet-Mykolayiv_Mykolaiv_Oblast.html, /Attractions-g298052-Activities-Mykolayiv_Mykolaiv_Oblast.html
Mykolayiv Oblast Local History Museum, 4.5, Museums, /Attraction_Review-g298052-d3679156-Reviews-Mykolayiv_Oblast_Local_History_Museum-Mykolayiv_Mykolaiv_Oblast.html, /Attractions-g298052-Activities-Mykolayiv_Mykolaiv_Oblast.html
Skazka Children Park City, 4.5, Water & Amusement Parks, /Attraction_Review-g298052-d7886082-Reviews-Skazka_Children_Park_City-Mykolayiv_Mykolaiv_Oblast.html, /Attractions-g298052-Activities-Mykolayiv_Mykolaiv_Oblast.html
St. Joseph Catholic Church, 4.5, Sights & Landmarks, /Attraction_Review-g298052-d3679960-Reviews-St_Joseph_Catholic_Church-Mykolayiv_Mykolaiv_Oblast.html, /Attractions-g298052-Activities-Mykolayiv_Mykolaiv_Oblast.html
Vereshchagin Art Museum, 4.5, Museums, /Attraction_Review-g298052-d3355315-Reviews-Vereshchagin_Art_Museum-Mykolayiv_Mykolaiv_Oblast.html, /Attractions-g298052-Activities-Mykolayiv_Mykolaiv_Oblast.html
Nikolaev Observatory, 4.5, Museums, /Attraction_Review-g298052-d3679951-Reviews-Nikolaev_Observatory-Mykolayiv_Mykolaiv_Oblast.html, /Attractions-g298052-Activities-Mykolayiv_Mykolaiv_Oblast.html
Flotskiy Boulevard, 4.5, Sights & Landmarks, /Attraction_Review-g298052-d7987825-Reviews-Flotskiy_Boulevard-Mykolayiv_Mykolaiv_Oblast.html, /Attractions-g298052-Activities-Mykolayiv_Mykolaiv_Oblast.html
Vodoley, 4.0, Fun & Games, /Attraction_Review-g298052-d3679079-Reviews-Vodoley-Mykolayiv_Mykolaiv_Oblast.html, /Attractions-g298052-Activities-Mykolayiv_Mykolaiv_Oblast.html
Monument to St. Nicholas, 4.0, Sights & Landmarks, /Attraction_Review-g298052-d9861618-Reviews-Monument_to_St_Nicholas-Mykolayiv_Mykolaiv_Oblast.html, /Attractions-g298052-Activities-Mykolayiv_Mykolaiv_Oblast.html
Monument to Shipbuilders, 4.0, Sights & Landmarks, /Attraction_Review-g298052-d6397908-Reviews-Monument_to_Shipbuilders-Mykolayiv_Mykolaiv_Oblast.html, /Attractions-g298052-Activities-Mykolayiv_Mykolaiv_Oblast.html
Cathedral of Our Lady Mother of Kasperovskaya, 4.0, Sights & Landmarks, /Attraction_Review-g298052-d3679950-Reviews-Cathedral_of_Our_Lady_Mother_of_Kasperovskaya-Mykolayiv_Mykolaiv_Oblast.html, /Attractions-g298052-Activities-Mykolayiv_Mykolaiv_Oblast.html
Boulevard of Admiral Makarov, 5.0, Sights & Landmarks, /Attraction_Review-g298052-d10154058-Reviews-Boulevard_of_Admiral_Makarov-Mykolayiv_Mykolaiv_Oblast.html, /Attractions-g298052-Activities-Mykolayiv_Mykolaiv_Oblast.html
Mykolayiv Academic Russian Drama Theatre, 4.5, Concerts & Shows, /Attraction_Review-g298052-d7886029-Reviews-Mykolayiv_Academic_Russian_Drama_Theatre-Mykolayiv_Mykolaiv_Oblast.html, /Attractions-g298052-Activities-Mykolayiv_Mykolaiv_Oblast.html
Underground Guerilla Movement Museum, 4.5, Museums, /Attraction_Review-g298052-d7886038-Reviews-Underground_Guerilla_Movement_Museum-Mykolayiv_Mykolaiv_Oblast.html, /Attractions-g298052-Activities-Mykolayiv_Mykolaiv_Oblast.html
Firefighters Museum, 4.0, Museums, /Attraction_Review-g298052-d7886209-Reviews-Firefighters_Museum-Mykolayiv_Mykolaiv_Oblast.html, /Attractions-g298052-Activities-Mykolayiv_Mykolaiv_Oblast.html
Madonna Nativity Cathedral, 4.5, Sights & Landmarks, /Attraction_Review-g298052-d7987809-Reviews-Madonna_Nativity_Cathedral-Mykolayiv_Mykolaiv_Oblast.html, /Attractions-g298052-Activities-Mykolayiv_Mykolaiv_Oblast.html
Shukhov Water Tower, 3.5, Sights & Landmarks, /Attraction_Review-g298052-d7886182-Reviews-Shukhov_Water_Tower-Mykolayiv_Mykolaiv_Oblast.html, /Attractions-g298052-Activities-Mykolayiv_Mykolaiv_Oblast.html
St. Nicolas Church, 4.0, Sights & Landmarks, /Attraction_Review-g298052-d7886048-Reviews-St_Nicolas_Church-Mykolayiv_Mykolaiv_Oblast.html, /Attractions-g298052-Activities-Mykolayiv_Mykolaiv_Oblast.html
Dikiy Sad Ancient Settlement, 2.5, Sights & Landmarks, /Attraction_Review-g298052-d3355599-Reviews-Dikiy_Sad_Ancient_Settlement-Mykolayiv_Mykolaiv_Oblast.html, /Attractions-g298052-Activities-Mykolayiv_Mykolaiv_Oblast.html
Mykolayiv City Palace of Culture and Arts, 3.5, Museums, /Attraction_Review-g298052-d7886044-Reviews-Mykolayiv_City_Palace_of_Culture_and_Arts-Mykolayiv_Mykolaiv_Oblast.html, /Attractions-g298052-Activities-Mykolayiv_Mykolaiv_Oblast.html
Mykolayiv Puppet Theatre, 5.0, Concerts & Shows, /Attraction_Review-g298052-d7886034-Reviews-Mykolayiv_Puppet_Theatre-Mykolayiv_Mykolaiv_Oblast.html, /Attractions-g298052-Activities-Mykolayiv_Mykolaiv_Oblast.html
All Saints Church, None, Sights & Landmarks, /Attraction_Review-g298052-d7886050-Reviews-All_Saints_Church-Mykolayiv_Mykolaiv_Oblast.html, /Attractions-g298052-Activities-Mykolayiv_Mykolaiv_Oblast.html
Holy Blessed Prince Mikhail Tverskoi Church, None, Sights & Landmarks, /Attraction_Review-g298052-d7886054-Reviews-Holy_Blessed_Prince_Mikhail_Tverskoi_Church-Mykolayiv_Mykolaiv_Oblast.html, /Attractions-g298052-Activities-Mykolayiv_Mykolaiv_Oblast.html
Saint Nicolas Chapel, None, Sights & Landmarks, /Attraction_Review-g298052-d7886073-Reviews-Saint_Nicolas_Chapel-Mykolayiv_Mykolaiv_Oblast.html, /Attractions-g298052-Activities-Mykolayiv_Mykolaiv_Oblast.html
Saint Apostles Peter and Paul Church, None, Sights & Landmarks, /Attraction_Review-g298052-d7886064-Reviews-Saint_Apostles_Peter_and_Paul_Church-Mykolayiv_Mykolaiv_Oblast.html, /Attractions-g298052-Activities-Mykolayiv_Mykolaiv_Oblast.html
The Admiralty, None, Sights & Landmarks, /Attraction_Review-g298052-d7886084-Reviews-The_Admiralty-Mykolayiv_Mykolaiv_Oblast.html, /Attractions-g298052-Activities-Mykolayiv_Mykolaiv_Oblast.html
Holy Assumption Cathedral, None, Sights & Landmarks, /Attraction_Review-g298052-d7987812-Reviews-Holy_Assumption_Cathedral-Mykolayiv_Mykolaiv_Oblast.html, /Attractions-g298052-Activities-Mykolayiv_Mykolaiv_Oblast.html
St. Sergius Chapel, None, Sights & Landmarks, /Attraction_Review-g298052-d7987822-Reviews-St_Sergius_Chapel-Mykolayiv_Mykolaiv_Oblast.html, /Attractions-g298052-Activities-Mykolayiv_Mykolaiv_Oblast.html
St. Simeon Church, None, Sights & Landmarks, /Attraction_Review-g298052-d7987816-Reviews-St_Simeon_Church-Mykolayiv_Mykolaiv_Oblast.html, /Attractions-g298052-Activities-Mykolayiv_Mykolaiv_Oblast.html
