attraction_name, attraction_rate, attraction_type, attraction_url, attraction_parent_url
Didova Apteka Museum, 2.0, Museums, /Attraction_Review-g12212585-d13794706-Reviews-Didova_Apteka_Museum-Kryvorivnya_Verkhovyns_kyi_District_Ivano_Frankivsk_Oblas.html, /Attractions-g12212585-Activities-Kryvorivnya_Verkhovyns_kyi_District_Ivano_Frankivsk_Oblast.html
Museum Gutsulskaya Grazhda, None, Museums, /Attraction_Review-g12212585-d12182106-Reviews-Museum_Gutsulskaya_Grazhda-Kryvorivnya_Verkhovyns_kyi_District_Ivano_Frankivsk.html, /Attractions-g12212585-Activities-Kryvorivnya_Verkhovyns_kyi_District_Ivano_Frankivsk_Oblast.html
Museum of Ivan Franko, None, Museums, /Attraction_Review-g12212585-d12182123-Reviews-Museum_of_Ivan_Franko-Kryvorivnya_Verkhovyns_kyi_District_Ivano_Frankivsk_Obla.html, /Attractions-g12212585-Activities-Kryvorivnya_Verkhovyns_kyi_District_Ivano_Frankivsk_Oblast.html
Dovbushevi Komory, None, Nature & Parks, /Attraction_Review-g12212585-d12187993-Reviews-Dovbushevi_Komory-Kryvorivnya_Verkhovyns_kyi_District_Ivano_Frankivsk_Oblast.html, /Attractions-g12212585-Activities-Kryvorivnya_Verkhovyns_kyi_District_Ivano_Frankivsk_Oblast.html
House Museum of Grushevskiy, None, Museums, /Attraction_Review-g12212585-d12182157-Reviews-House_Museum_of_Grushevskiy-Kryvorivnya_Verkhovyns_kyi_District_Ivano_Frankivs.html, /Attractions-g12212585-Activities-Kryvorivnya_Verkhovyns_kyi_District_Ivano_Frankivsk_Oblast.html
Ethnographic Museum of Antiquities of Hutsulshchyna, None, Museums, /Attraction_Review-g12212585-d13794727-Reviews-Ethnographic_Museum_of_Antiquities_of_Hutsulshchyna-Kryvorivnya_Verkhovyns_kyi.html, /Attractions-g12212585-Activities-Kryvorivnya_Verkhovyns_kyi_District_Ivano_Frankivsk_Oblast.html
