attraction_name, attraction_rate, attraction_type, attraction_url, attraction_parent_url
Vsi. Svoi, None, Shopping, /Attraction_Review-g294474-d19253816-Reviews-Vsi_Svoi-Kyiv_Kiev.html, /Attractions-g294474-Activities-Kyiv_Kiev.html
Magdeburgskogo Prava Museum, None, Museums, /Attraction_Review-g294474-d19961157-Reviews-Magdeburgskogo_Prava_Museum-Kyiv_Kiev.html, /Attractions-g294474-Activities-Kyiv_Kiev.html
Archaeological Museum IA NASU, None, Museums, /Attraction_Review-g294474-d19903714-Reviews-Archaeological_Museum_IA_NASU-Kyiv_Kiev.html, /Attractions-g294474-Activities-Kyiv_Kiev.html
Park Mariyi Zankovetskoi, None, Nature & Parks, /Attraction_Review-g294474-d19786560-Reviews-Park_Mariyi_Zankovetskoi-Kyiv_Kiev.html, /Attractions-g294474-Activities-Kyiv_Kiev.html
Georgii Gonhadze Monument, None, Sights & Landmarks, /Attraction_Review-g294474-d19786559-Reviews-Georgii_Gonhadze_Monument-Kyiv_Kiev.html, /Attractions-g294474-Activities-Kyiv_Kiev.html
Lanterns In Love Monument, None, Sights & Landmarks, /Attraction_Review-g294474-d19799421-Reviews-Lanterns_In_Love_Monument-Kyiv_Kiev.html, /Attractions-g294474-Activities-Kyiv_Kiev.html
Giant Chinese Lantern Festival, None, Events, /Attraction_Review-g294474-d20205705-Reviews-Giant_Chinese_Lantern_Festival-Kyiv_Kiev.html, /Attractions-g294474-Activities-Kyiv_Kiev.html
Epicenter, None, Shopping, /Attraction_Review-g294474-d20163485-Reviews-Epicenter-Kyiv_Kiev.html, /Attractions-g294474-Activities-Kyiv_Kiev.html
Good Taxi, None, Transportation, /Attraction_Review-g294474-d21375108-Reviews-Good_Taxi-Kyiv_Kiev.html, /Attractions-g294474-Activities-Kyiv_Kiev.html
International Exhibition Centre, None, Traveller Resources, /Attraction_Review-g294474-d13150194-Reviews-International_Exhibition_Centre-Kyiv_Kiev.html, /Attractions-g294474-Activities-Kyiv_Kiev.html
