attraction_name, attraction_rate, attraction_type, attraction_url, attraction_parent_url
Museum of Folk Architecture and Life of Srednyaya Naddnepryanshchina, 5.0, Museums, /Attraction_Review-g2167724-d10798481-Reviews-Museum_of_Folk_Architecture_and_Life_of_Srednyaya_Naddnepryanshchina-Pereiaslav.html, /Attractions-g2167724-Activities-Pereiaslav_Khmelnytskyi_Kiev_Oblast.html
Ethnical Historical and Ethnographic Reserve Pereyaslav, 4.5, Museums, /Attraction_Review-g2167724-d12245060-Reviews-Ethnical_Historical_and_Ethnographic_Reserve_Pereyaslav-Pereiaslav_Khmelnytskyi.html, /Attractions-g2167724-Activities-Pereiaslav_Khmelnytskyi_Kiev_Oblast.html
Monument in Honour of the First Annalistic Reference of the Name Ukraine, 4.0, Sights & Landmarks, /Attraction_Review-g2167724-d10392546-Reviews-Monument_in_Honour_of_the_First_Annalistic_Reference_of_the_Name_Ukraine-Pereia.html, /Attractions-g2167724-Activities-Pereiaslav_Khmelnytskyi_Kiev_Oblast.html
Memorial Museum of G.S. Skovoroda, None, Museums, /Attraction_Review-g2167724-d20956963-Reviews-Memorial_Museum_of_G_S_Skovoroda-Pereiaslav_Khmelnytskyi_Kiev_Oblast.html, /Attractions-g2167724-Activities-Pereiaslav_Khmelnytskyi_Kiev_Oblast.html
Memorial Museum of the Polesskiy District, None, Museums, /Attraction_Review-g2167724-d20956965-Reviews-Memorial_Museum_of_the_Polesskiy_District-Pereiaslav_Khmelnytskyi_Kiev_Oblast.html, /Attractions-g2167724-Activities-Pereiaslav_Khmelnytskyi_Kiev_Oblast.html
Museum of National Land Transport, None, Museums, /Attraction_Review-g2167724-d20956968-Reviews-Museum_of_National_Land_Transport-Pereiaslav_Khmelnytskyi_Kiev_Oblast.html, /Attractions-g2167724-Activities-Pereiaslav_Khmelnytskyi_Kiev_Oblast.html
Museum of Kobzarism, None, Museums, /Attraction_Review-g2167724-d20972917-Reviews-Museum_of_Kobzarism-Pereiaslav_Khmelnytskyi_Kiev_Oblast.html, /Attractions-g2167724-Activities-Pereiaslav_Khmelnytskyi_Kiev_Oblast.html
