attraction_name, attraction_rate, attraction_type, attraction_url, attraction_parent_url
Trout Farm Eco-Trout, 5.0, Nature & Parks, /Attraction_Review-g8730069-d9694671-Reviews-Trout_Farm_Eco_Trout-Yavoriv_Kosivs_kyi_District_Ivano_Frankivsk_Oblast.html, /Attractions-g8730069-Activities-Yavoriv_Kosivs_kyi_District_Ivano_Frankivsk_Oblast.html
Gutsulska Grazhda, None, Sights & Landmarks, /Attraction_Review-g8730069-d15647458-Reviews-Gutsulska_Grazhda-Yavoriv_Kosivs_kyi_District_Ivano_Frankivsk_Oblast.html, /Attractions-g8730069-Activities-Yavoriv_Kosivs_kyi_District_Ivano_Frankivsk_Oblast.html
Yavorovskiy Guk, None, Nature & Parks, /Attraction_Review-g8730069-d18979852-Reviews-Yavorovskiy_Guk-Yavoriv_Kosivs_kyi_District_Ivano_Frankivsk_Oblast.html, /Attractions-g8730069-Activities-Yavoriv_Kosivs_kyi_District_Ivano_Frankivsk_Oblast.html
Sokilskiy Waterfall, None, Nature & Parks, /Attraction_Review-g8730069-d17661088-Reviews-Sokilskiy_Waterfall-Yavoriv_Kosivs_kyi_District_Ivano_Frankivsk_Oblast.html, /Attractions-g8730069-Activities-Yavoriv_Kosivs_kyi_District_Ivano_Frankivsk_Oblast.html
Gutsulska Sirovarnya, None, Sights & Landmarks, /Attraction_Review-g8730069-d20375090-Reviews-Gutsulska_Sirovarnya-Yavoriv_Kosivs_kyi_District_Ivano_Frankivsk_Oblast.html, /Attractions-g8730069-Activities-Yavoriv_Kosivs_kyi_District_Ivano_Frankivsk_Oblast.html
