attraction_name, attraction_rate, attraction_type, attraction_url, attraction_parent_url
Menorah Center, 4.5, Sights & Landmarks, /Attraction_Review-g298045-d6617738-Reviews-Menorah_Center-Dnipro_Dnipropetrovsk_Oblast.html, /Attractions-g298045-Activities-Dnipro_Dnipropetrovsk_Oblast.html
Museum Time Machines, 5.0, Museums, /Attraction_Review-g298045-d9797499-Reviews-Museum_Time_Machines-Dnipro_Dnipropetrovsk_Oblast.html, /Attractions-g298045-Activities-Dnipro_Dnipropetrovsk_Oblast.html
Dnipropetrovsk National History Museum, 4.5, Museums, /Attraction_Review-g298045-d6510645-Reviews-Dnipropetrovsk_National_History_Museum-Dnipro_Dnipropetrovsk_Oblast.html, /Attractions-g298045-Activities-Dnipro_Dnipropetrovsk_Oblast.html
Battle for Dnieper Diorama, 4.5, Museums, /Attraction_Review-g298045-d6617732-Reviews-Battle_for_Dnieper_Diorama-Dnipro_Dnipropetrovsk_Oblast.html, /Attractions-g298045-Activities-Dnipro_Dnipropetrovsk_Oblast.html
Dnipropetrovsk University Botanical Garden, 4.5, Nature & Parks, /Attraction_Review-g298045-d6766010-Reviews-Dnipropetrovsk_University_Botanical_Garden-Dnipro_Dnipropetrovsk_Oblast.html, /Attractions-g298045-Activities-Dnipro_Dnipropetrovsk_Oblast.html
Taras Shevchenko Park, 4.5, Nature & Parks, /Attraction_Review-g298045-d6826644-Reviews-Taras_Shevchenko_Park-Dnipro_Dnipropetrovsk_Oblast.html, /Attractions-g298045-Activities-Dnipro_Dnipropetrovsk_Oblast.html
Waterfall, 4.5, Nature & Parks, /Attraction_Review-g298045-d6765870-Reviews-Waterfall-Dnipro_Dnipropetrovsk_Oblast.html, /Attractions-g298045-Activities-Dnipro_Dnipropetrovsk_Oblast.html
Karl Marx Prospect, 4.5, Sights & Landmarks, /Attraction_Review-g298045-d3447995-Reviews-Karl_Marx_Prospect-Dnipro_Dnipropetrovsk_Oblast.html, /Attractions-g298045-Activities-Dnipro_Dnipropetrovsk_Oblast.html
ATO Museum, 4.5, Museums, /Attraction_Review-g298045-d12631225-Reviews-ATO_Museum-Dnipro_Dnipropetrovsk_Oblast.html, /Attractions-g298045-Activities-Dnipro_Dnipropetrovsk_Oblast.html
Memory of The Jewish People and The Holocaust In Ukraine Museum, 4.5, Museums, /Attraction_Review-g298045-d6617739-Reviews-Memory_of_The_Jewish_People_and_The_Holocaust_In_Ukraine_Museum-Dnipro_Dnipropetr.html, /Attractions-g298045-Activities-Dnipro_Dnipropetrovsk_Oblast.html
Dnipropetrovsk Planetarium, 4.5, Museums, /Attraction_Review-g298045-d6617743-Reviews-Dnipropetrovsk_Planetarium-Dnipro_Dnipropetrovsk_Oblast.html, /Attractions-g298045-Activities-Dnipro_Dnipropetrovsk_Oblast.html
Church in Honour of John the Baptist Cathedral, 5.0, Sights & Landmarks, /Attraction_Review-g298045-d6617759-Reviews-Church_in_Honour_of_John_the_Baptist_Cathedral-Dnipro_Dnipropetrovsk_Oblast.html, /Attractions-g298045-Activities-Dnipro_Dnipropetrovsk_Oblast.html
Dnepropetrovsk Opera and Ballet Theatre, 4.5, Concerts & Shows, /Attraction_Review-g298045-d6765820-Reviews-Dnepropetrovsk_Opera_and_Ballet_Theatre-Dnipro_Dnipropetrovsk_Oblast.html, /Attractions-g298045-Activities-Dnipro_Dnipropetrovsk_Oblast.html
Lazar Globa Park, 4.0, Nature & Parks, /Attraction_Review-g298045-d3803249-Reviews-Lazar_Globa_Park-Dnipro_Dnipropetrovsk_Oblast.html, /Attractions-g298045-Activities-Dnipro_Dnipropetrovsk_Oblast.html
Saviour Transfiguration Cathedral, 4.5, Sights & Landmarks, /Attraction_Review-g298045-d6510641-Reviews-Saviour_Transfiguration_Cathedral-Dnipro_Dnipropetrovsk_Oblast.html, /Attractions-g298045-Activities-Dnipro_Dnipropetrovsk_Oblast.html
Zolotaya Roza Synagogue, 5.0, Sights & Landmarks, /Attraction_Review-g298045-d7307090-Reviews-Zolotaya_Roza_Synagogue-Dnipro_Dnipropetrovsk_Oblast.html, /Attractions-g298045-Activities-Dnipro_Dnipropetrovsk_Oblast.html
Eternal Glory Memorial, 4.5, Sights & Landmarks, /Attraction_Review-g298045-d6617745-Reviews-Eternal_Glory_Memorial-Dnipro_Dnipropetrovsk_Oblast.html, /Attractions-g298045-Activities-Dnipro_Dnipropetrovsk_Oblast.html
Fountain White Swan, 4.5, Sights & Landmarks, /Attraction_Review-g298045-d6953974-Reviews-Fountain_White_Swan-Dnipro_Dnipropetrovsk_Oblast.html, /Attractions-g298045-Activities-Dnipro_Dnipropetrovsk_Oblast.html
Rocket Park, 4.0, Nature & Parks, /Attraction_Review-g298045-d6765830-Reviews-Rocket_Park-Dnipro_Dnipropetrovsk_Oblast.html, /Attractions-g298045-Activities-Dnipro_Dnipropetrovsk_Oblast.html
Fresh-Water Fish Aquarium, 4.0, Zoos & Aquariums, /Attraction_Review-g298045-d6617751-Reviews-Fresh_Water_Fish_Aquarium-Dnipro_Dnipropetrovsk_Oblast.html, /Attractions-g298045-Activities-Dnipro_Dnipropetrovsk_Oblast.html
Kodak Fortress, 4.0, Sights & Landmarks, /Attraction_Review-g298045-d6765882-Reviews-Kodak_Fortress-Dnipro_Dnipropetrovsk_Oblast.html, /Attractions-g298045-Activities-Dnipro_Dnipropetrovsk_Oblast.html
Passage Shopping Mall, 4.0, Shopping, /Attraction_Review-g298045-d6617757-Reviews-Passage_Shopping_Mall-Dnipro_Dnipropetrovsk_Oblast.html, /Attractions-g298045-Activities-Dnipro_Dnipropetrovsk_Oblast.html
Saint Trinity Cathedral, 4.5, Sights & Landmarks, /Attraction_Review-g298045-d6510642-Reviews-Saint_Trinity_Cathedral-Dnipro_Dnipropetrovsk_Oblast.html, /Attractions-g298045-Activities-Dnipro_Dnipropetrovsk_Oblast.html
Aquapark Happy Day, 3.0, Water & Amusement Parks, /Attraction_Review-g298045-d11999230-Reviews-Aquapark_Happy_Day-Dnipro_Dnipropetrovsk_Oblast.html, /Attractions-g298045-Activities-Dnipro_Dnipropetrovsk_Oblast.html
Fountain Vodyanaya Sfera, 4.5, Sights & Landmarks, /Attraction_Review-g298045-d8750621-Reviews-Fountain_Vodyanaya_Sfera-Dnipro_Dnipropetrovsk_Oblast.html, /Attractions-g298045-Activities-Dnipro_Dnipropetrovsk_Oblast.html
Monument to Taras Shevchenko, 4.5, Sights & Landmarks, /Attraction_Review-g298045-d7021593-Reviews-Monument_to_Taras_Shevchenko-Dnipro_Dnipropetrovsk_Oblast.html, /Attractions-g298045-Activities-Dnipro_Dnipropetrovsk_Oblast.html
Holy Tikhvinskiy Monastery, 4.5, Sights & Landmarks, /Attraction_Review-g298045-d6617750-Reviews-Holy_Tikhvinskiy_Monastery-Dnipro_Dnipropetrovsk_Oblast.html, /Attractions-g298045-Activities-Dnipro_Dnipropetrovsk_Oblast.html
Yavornitskiy Memorial House-Museum, 4.5, Museums, /Attraction_Review-g298045-d6617469-Reviews-Yavornitskiy_Memorial_House_Museum-Dnipro_Dnipropetrovsk_Oblast.html, /Attractions-g298045-Activities-Dnipro_Dnipropetrovsk_Oblast.html
Fountain Muza, 4.5, Sights & Landmarks, /Attraction_Review-g298045-d8614525-Reviews-Fountain_Muza-Dnipro_Dnipropetrovsk_Oblast.html, /Attractions-g298045-Activities-Dnipro_Dnipropetrovsk_Oblast.html
St. Nicolas Church, 4.5, Sights & Landmarks, /Attraction_Review-g298045-d6617753-Reviews-St_Nicolas_Church-Dnipro_Dnipropetrovsk_Oblast.html, /Attractions-g298045-Activities-Dnipro_Dnipropetrovsk_Oblast.html
