attraction_name, attraction_rate, attraction_type, attraction_url, attraction_parent_url
Church of Three Anastasia, 5.0, Sights & Landmarks, /Attraction_Review-g10189748-d10169192-Reviews-Church_of_Three_Anastasia-Hlukhiv_Sumy_Oblast.html, /Attractions-g10189748-Activities-Hlukhiv_Sumy_Oblast.html
Water Tower, 4.5, Sights & Landmarks, /Attraction_Review-g10189748-d10092062-Reviews-Water_Tower-Hlukhiv_Sumy_Oblast.html, /Attractions-g10189748-Activities-Hlukhiv_Sumy_Oblast.html
National Historical and Cultural Reserve 'Glukhov', None, Museums, /Attraction_Review-g10189748-d11851516-Reviews-National_Historical_and_Cultural_Reserve_Glukhov-Hlukhiv_Sumy_Oblast.html, /Attractions-g10189748-Activities-Hlukhiv_Sumy_Oblast.html
Hlukhiv Local Lore Museum, None, Museums, /Attraction_Review-g10189748-d11849805-Reviews-Hlukhiv_Local_Lore_Museum-Hlukhiv_Sumy_Oblast.html, /Attractions-g10189748-Activities-Hlukhiv_Sumy_Oblast.html
Natianal Museum of Sidor Kovpak, None, Museums, /Attraction_Review-g10189748-d11864884-Reviews-Natianal_Museum_of_Sidor_Kovpak-Hlukhiv_Sumy_Oblast.html, /Attractions-g10189748-Activities-Hlukhiv_Sumy_Oblast.html
