attraction_name, attraction_rate, attraction_type, attraction_url, attraction_parent_url
Monument For Border Guards Of All Generations, 3.5, Sights & Landmarks, /Attraction_Review-g294474-d20046872-Reviews-Monument_For_Border_Guards_Of_All_Generations-Kyiv_Kiev.html, /Attractions-g294474-Activities-Kyiv_Kiev.html
Flower Clock, 5.0, Sights & Landmarks, /Attraction_Review-g294474-d19798911-Reviews-Flower_Clock-Kyiv_Kiev.html, /Attractions-g294474-Activities-Kyiv_Kiev.html
Harbour Bridge, 4.5, Sights & Landmarks, /Attraction_Review-g294474-d20091787-Reviews-Harbour_Bridge-Kyiv_Kiev.html, /Attractions-g294474-Activities-Kyiv_Kiev.html
Forza Karting Kiev, 4.5, Sights & Landmarks, /Attraction_Review-g294474-d3336390-Reviews-Forza_Karting_Kiev-Kyiv_Kiev.html, /Attractions-g294474-Activities-Kyiv_Kiev.html
St. Nikolas Church, 4.0, Sights & Landmarks, /Attraction_Review-g294474-d3267843-Reviews-St_Nikolas_Church-Kyiv_Kiev.html, /Attractions-g294474-Activities-Kyiv_Kiev.html
Prybutkovyy Budynok Sirotkina, 5.0, Sights & Landmarks, /Attraction_Review-g294474-d19798817-Reviews-Prybutkovyy_Budynok_Sirotkina-Kyiv_Kiev.html, /Attractions-g294474-Activities-Kyiv_Kiev.html
The Monument Of Panteleymon The Persian Cat., 4.0, Sights & Landmarks, /Attraction_Review-g294474-d19798763-Reviews-The_Monument_Of_Panteleymon_The_Persian_Cat-Kyiv_Kiev.html, /Attractions-g294474-Activities-Kyiv_Kiev.html
Gryhorii Skovoroda Monument, 4.0, Sights & Landmarks, /Attraction_Review-g294474-d19804187-Reviews-Gryhorii_Skovoroda_Monument-Kyiv_Kiev.html, /Attractions-g294474-Activities-Kyiv_Kiev.html
St Nicholas Church At Askold's Grave, 4.5, Sights & Landmarks, /Attraction_Review-g294474-d17778471-Reviews-St_Nicholas_Church_At_Askold_s_Grave-Kyiv_Kiev.html, /Attractions-g294474-Activities-Kyiv_Kiev.html
Arsenalna Square, 5.0, Sights & Landmarks, /Attraction_Review-g294474-d20059442-Reviews-Arsenalna_Square-Kyiv_Kiev.html, /Attractions-g294474-Activities-Kyiv_Kiev.html
Protasiv Yar, 3.5, Nature & Parks, /Attraction_Review-g294474-d3187425-Reviews-Protasiv_Yar-Kyiv_Kiev.html, /Attractions-g294474-Activities-Kyiv_Kiev.html
Budynok Petra I, 4.5, Sights & Landmarks, /Attraction_Review-g294474-d19804183-Reviews-Budynok_Petra_I-Kyiv_Kiev.html, /Attractions-g294474-Activities-Kyiv_Kiev.html
Dytyachyy Maydanchyk, 5.0, Fun & Games, /Attraction_Review-g294474-d20205579-Reviews-Dytyachyy_Maydanchyk-Kyiv_Kiev.html, /Attractions-g294474-Activities-Kyiv_Kiev.html
Monument to Nikolai Shhors, 5.0, Sights & Landmarks, /Attraction_Review-g294474-d10172737-Reviews-Monument_to_Nikolai_Shhors-Kyiv_Kiev.html, /Attractions-g294474-Activities-Kyiv_Kiev.html
Kyiv Academic Theatre on Lypky, 5.0, Concerts & Shows, /Attraction_Review-g294474-d3792693-Reviews-Kyiv_Academic_Theatre_on_Lypky-Kyiv_Kiev.html, /Attractions-g294474-Activities-Kyiv_Kiev.html
Nativity of the Blessed Virgin Mary, 4.0, Sights & Landmarks, /Attraction_Review-g294474-d9565889-Reviews-Nativity_of_the_Blessed_Virgin_Mary-Kyiv_Kiev.html, /Attractions-g294474-Activities-Kyiv_Kiev.html
Dante Park, 3.5, Nature & Parks, /Attraction_Review-g294474-d3201060-Reviews-Dante_Park-Kyiv_Kiev.html, /Attractions-g294474-Activities-Kyiv_Kiev.html
Monument to Zoya Kosmodemyanskaya, 4.5, Sights & Landmarks, /Attraction_Review-g294474-d20046878-Reviews-Monument_to_Zoya_Kosmodemyanskaya-Kyiv_Kiev.html, /Attractions-g294474-Activities-Kyiv_Kiev.html
Bridge Of Kisses, 5.0, Sights & Landmarks, /Attraction_Review-g294474-d19813065-Reviews-Bridge_Of_Kisses-Kyiv_Kiev.html, /Attractions-g294474-Activities-Kyiv_Kiev.html
Syvato-Feodosiyskiy Monastery, 5.0, Sights & Landmarks, /Attraction_Review-g294474-d19823089-Reviews-Syvato_Feodosiyskiy_Monastery-Kyiv_Kiev.html, /Attractions-g294474-Activities-Kyiv_Kiev.html
Atmosfera Mall, 4.5, Shopping, /Attraction_Review-g294474-d7051889-Reviews-Atmosfera_Mall-Kyiv_Kiev.html, /Attractions-g294474-Activities-Kyiv_Kiev.html
Taras Shevchenko Literature and Memorial House-Museum, 5.0, Museums, /Attraction_Review-g294474-d6733796-Reviews-Taras_Shevchenko_Literature_and_Memorial_House_Museum-Kyiv_Kiev.html, /Attractions-g294474-Activities-Kyiv_Kiev.html
Monument To Valery Lobanovsky, 4.5, Sights & Landmarks, /Attraction_Review-g294474-d20091373-Reviews-Monument_To_Valery_Lobanovsky-Kyiv_Kiev.html, /Attractions-g294474-Activities-Kyiv_Kiev.html
Monument To Mykola Lysenko, 4.5, Sights & Landmarks, /Attraction_Review-g294474-d19798819-Reviews-Monument_To_Mykola_Lysenko-Kyiv_Kiev.html, /Attractions-g294474-Activities-Kyiv_Kiev.html
Mother And Child Monument, 4.0, Sights & Landmarks, /Attraction_Review-g294474-d19813058-Reviews-Mother_And_Child_Monument-Kyiv_Kiev.html, /Attractions-g294474-Activities-Kyiv_Kiev.html
Saint Antoniy and Feodosiy Monument, 4.5, Sights & Landmarks, /Attraction_Review-g294474-d20220729-Reviews-Saint_Antoniy_and_Feodosiy_Monument-Kyiv_Kiev.html, /Attractions-g294474-Activities-Kyiv_Kiev.html
Cossack Mamay Monument, 4.5, Sights & Landmarks, /Attraction_Review-g294474-d20245300-Reviews-Cossack_Mamay_Monument-Kyiv_Kiev.html, /Attractions-g294474-Activities-Kyiv_Kiev.html
Kyiv Chestnut, 5.0, Sights & Landmarks, /Attraction_Review-g294474-d14117333-Reviews-Kyiv_Chestnut-Kyiv_Kiev.html, /Attractions-g294474-Activities-Kyiv_Kiev.html
NBU Building po Kiyevskoi Oblasti, 5.0, Sights & Landmarks, /Attraction_Review-g294474-d20140701-Reviews-NBU_Building_po_Kiyevskoi_Oblasti-Kyiv_Kiev.html, /Attractions-g294474-Activities-Kyiv_Kiev.html
САЛОН “5 МАССАЖЕЙ”, 5.0, Other, /Attraction_Review-g294474-d19094811-Reviews-5-Kyiv_Kiev.html, /Attractions-g294474-Activities-Kyiv_Kiev.html
