attraction_name, attraction_rate, attraction_type, attraction_url, attraction_parent_url
Shevchenko National Preserve, 5.0, Nature & Parks, /Attraction_Review-g1647508-d7265468-Reviews-Shevchenko_National_Preserve-Kaniv_Cherkasy_Oblast.html, /Attractions-g1647508-Activities-Kaniv_Cherkasy_Oblast.html
Historical and Cultural Reserve Trakhtemirov, 4.5, Museums, /Attraction_Review-g1647508-d9752099-Reviews-Historical_and_Cultural_Reserve_Trakhtemirov-Kaniv_Cherkasy_Oblast.html, /Attractions-g1647508-Activities-Kaniv_Cherkasy_Oblast.html
Kanev Nature Reserve, 5.0, Nature & Parks, /Attraction_Review-g1647508-d9752142-Reviews-Kanev_Nature_Reserve-Kaniv_Cherkasy_Oblast.html, /Attractions-g1647508-Activities-Kaniv_Cherkasy_Oblast.html
St. George's Cathedral, 4.0, Sights & Landmarks, /Attraction_Review-g1647508-d12529170-Reviews-St_George_s_Cathedral-Kaniv_Cherkasy_Oblast.html, /Attractions-g1647508-Activities-Kaniv_Cherkasy_Oblast.html
