attraction_name, attraction_rate, attraction_type, attraction_url, attraction_parent_url
Ski Resort Dragobrat, 4.5, Nature & Parks, /Attraction_Review-g6123036-d8815452-Reviews-Ski_Resort_Dragobrat-Yasinya_Zakarpattia_Oblast.html, /Attractions-g6123036-Activities-Yasinya_Zakarpattia_Oblast.html
Church of the Ascension / Strukovskaya, 4.5, Sights & Landmarks, /Attraction_Review-g6123036-d15560395-Reviews-Church_of_the_Ascension_Strukovskaya-Yasinya_Zakarpattia_Oblast.html, /Attractions-g6123036-Activities-Yasinya_Zakarpattia_Oblast.html
Svidovetskiy Khrebet, 5.0, Nature & Parks, /Attraction_Review-g6123036-d9723283-Reviews-Svidovetskiy_Khrebet-Yasinya_Zakarpattia_Oblast.html, /Attractions-g6123036-Activities-Yasinya_Zakarpattia_Oblast.html
Banka Meridian, None, Spas & Wellness, /Attraction_Review-g6123036-d15617479-Reviews-Banka_Meridian-Yasinya_Zakarpattia_Oblast.html, /Attractions-g6123036-Activities-Yasinya_Zakarpattia_Oblast.html
Vorozheska Lake, None, Nature & Parks, /Attraction_Review-g6123036-d18194902-Reviews-Vorozheska_Lake-Yasinya_Zakarpattia_Oblast.html, /Attractions-g6123036-Activities-Yasinya_Zakarpattia_Oblast.html
Trufanets Waterfall, None, Nature & Parks, /Attraction_Review-g6123036-d18194956-Reviews-Trufanets_Waterfall-Yasinya_Zakarpattia_Oblast.html, /Attractions-g6123036-Activities-Yasinya_Zakarpattia_Oblast.html
