attraction_name, attraction_rate, attraction_type, attraction_url, attraction_parent_url
Gorky Central Park of Culture and Leisure, 5.0, Nature & Parks, /Attraction_Review-g295369-d3263477-Reviews-Gorky_Central_Park_of_Culture_and_Leisure-Kharkiv_Kharkiv_Oblast.html, /Attractions-g295369-Activities-Kharkiv_Kharkiv_Oblast.html
Shevchenko Park, 4.5, Nature & Parks, /Attraction_Review-g295369-d1875894-Reviews-Shevchenko_Park-Kharkiv_Kharkiv_Oblast.html, /Attractions-g295369-Activities-Kharkiv_Kharkiv_Oblast.html
Kharkov Dolphinarium, 4.5, Nature & Parks, /Attraction_Review-g295369-d1599796-Reviews-Kharkov_Dolphinarium-Kharkiv_Kharkiv_Oblast.html, /Attractions-g295369-Activities-Kharkiv_Kharkiv_Oblast.html
Botanical Gardens, 4.5, Nature & Parks, /Attraction_Review-g295369-d2277097-Reviews-Botanical_Gardens-Kharkiv_Kharkiv_Oblast.html, /Attractions-g295369-Activities-Kharkiv_Kharkiv_Oblast.html
Metallist Stadium, 4.5, Sights & Landmarks, /Attraction_Review-g295369-d6518154-Reviews-Metallist_Stadium-Kharkiv_Kharkiv_Oblast.html, /Attractions-g295369-Activities-Kharkiv_Kharkiv_Oblast.html
Mirror Stream fountain, 4.5, Sights & Landmarks, /Attraction_Review-g295369-d600386-Reviews-Mirror_Stream_fountain-Kharkiv_Kharkiv_Oblast.html, /Attractions-g295369-Activities-Kharkiv_Kharkiv_Oblast.html
Annunciation Cathedral, 4.5, Sights & Landmarks, /Attraction_Review-g295369-d2486349-Reviews-Annunciation_Cathedral-Kharkiv_Kharkiv_Oblast.html, /Attractions-g295369-Activities-Kharkiv_Kharkiv_Oblast.html
Strilka Square, 4.5, Sights & Landmarks, /Attraction_Review-g295369-d7826926-Reviews-Strilka_Square-Kharkiv_Kharkiv_Oblast.html, /Attractions-g295369-Activities-Kharkiv_Kharkiv_Oblast.html
Constitution Square, 4.5, Sights & Landmarks, /Attraction_Review-g295369-d554715-Reviews-Constitution_Square-Kharkiv_Kharkiv_Oblast.html, /Attractions-g295369-Activities-Kharkiv_Kharkiv_Oblast.html
Kharkiv Historical Museum, 4.0, Museums, /Attraction_Review-g295369-d600383-Reviews-Kharkiv_Historical_Museum-Kharkiv_Kharkiv_Oblast.html, /Attractions-g295369-Activities-Kharkiv_Kharkiv_Oblast.html
Museum of the Sexual Cultures of the World, 4.0, Museums, /Attraction_Review-g295369-d1938637-Reviews-Museum_of_the_Sexual_Cultures_of_the_World-Kharkiv_Kharkiv_Oblast.html, /Attractions-g295369-Activities-Kharkiv_Kharkiv_Oblast.html
Software and Computer Museum, 5.0, Museums, /Attraction_Review-g295369-d12971976-Reviews-Software_and_Computer_Museum-Kharkiv_Kharkiv_Oblast.html, /Attractions-g295369-Activities-Kharkiv_Kharkiv_Oblast.html
Avec Fine Arts Gallery, 5.0, Museums, /Attraction_Review-g295369-d6518155-Reviews-Avec_Fine_Arts_Gallery-Kharkiv_Kharkiv_Oblast.html, /Attractions-g295369-Activities-Kharkiv_Kharkiv_Oblast.html
Kharkov Zoo, 4.0, Zoos & Aquariums, /Attraction_Review-g295369-d2172806-Reviews-Kharkov_Zoo-Kharkiv_Kharkiv_Oblast.html, /Attractions-g295369-Activities-Kharkiv_Kharkiv_Oblast.html
Kharkov Art Museum, 4.5, Museums, /Attraction_Review-g295369-d2172796-Reviews-Kharkov_Art_Museum-Kharkiv_Kharkiv_Oblast.html, /Attractions-g295369-Activities-Kharkiv_Kharkiv_Oblast.html
Freedom Square, 4.0, Sights & Landmarks, /Attraction_Review-g295369-d1876177-Reviews-Freedom_Square-Kharkiv_Kharkiv_Oblast.html, /Attractions-g295369-Activities-Kharkiv_Kharkiv_Oblast.html
Marine Museum, 5.0, Museums, /Attraction_Review-g295369-d6518159-Reviews-Marine_Museum-Kharkiv_Kharkiv_Oblast.html, /Attractions-g295369-Activities-Kharkiv_Kharkiv_Oblast.html
Great War Memorial, 4.5, Sights & Landmarks, /Attraction_Review-g295369-d1886427-Reviews-Great_War_Memorial-Kharkiv_Kharkiv_Oblast.html, /Attractions-g295369-Activities-Kharkiv_Kharkiv_Oblast.html
Kharkiv Planetarium, 4.0, Museums, /Attraction_Review-g295369-d3263420-Reviews-Kharkiv_Planetarium-Kharkiv_Kharkiv_Oblast.html, /Attractions-g295369-Activities-Kharkiv_Kharkiv_Oblast.html
Museum Of History And Technology Of The Southern Railway, 4.5, Museums, /Attraction_Review-g295369-d8725676-Reviews-Museum_Of_History_And_Technology_Of_The_Southern_Railway-Kharkiv_Kharkiv_Oblast.html, /Attractions-g295369-Activities-Kharkiv_Kharkiv_Oblast.html
Jungle Aqua Park, 3.0, Water & Amusement Parks, /Attraction_Review-g295369-d6698039-Reviews-Jungle_Aqua_Park-Kharkiv_Kharkiv_Oblast.html, /Attractions-g295369-Activities-Kharkiv_Kharkiv_Oblast.html
Temple of The Myrrh-Bearers, 4.0, Sights & Landmarks, /Attraction_Review-g295369-d8808006-Reviews-Temple_of_The_Myrrh_Bearers-Kharkiv_Kharkiv_Oblast.html, /Attractions-g295369-Activities-Kharkiv_Kharkiv_Oblast.html
Museum of Coffee, 5.0, Museums, /Attraction_Review-g295369-d9798346-Reviews-Museum_of_Coffee-Kharkiv_Kharkiv_Oblast.html, /Attractions-g295369-Activities-Kharkiv_Kharkiv_Oblast.html
Assumption Cathedral, 4.5, Sights & Landmarks, /Attraction_Review-g295369-d3263429-Reviews-Assumption_Cathedral-Kharkiv_Kharkiv_Oblast.html, /Attractions-g295369-Activities-Kharkiv_Kharkiv_Oblast.html
Madonna Assumption Rome Catholic Church, 4.5, Sights & Landmarks, /Attraction_Review-g295369-d6518162-Reviews-Madonna_Assumption_Rome_Catholic_Church-Kharkiv_Kharkiv_Oblast.html, /Attractions-g295369-Activities-Kharkiv_Kharkiv_Oblast.html
YermilovCentre of Modern Art, 4.5, Sights & Landmarks, /Attraction_Review-g295369-d5994378-Reviews-YermilovCentre_of_Modern_Art-Kharkiv_Kharkiv_Oblast.html, /Attractions-g295369-Activities-Kharkiv_Kharkiv_Oblast.html
Frantsuzskiy Bulvar, 3.5, Shopping, /Attraction_Review-g295369-d9798353-Reviews-Frantsuzskiy_Bulvar-Kharkiv_Kharkiv_Oblast.html, /Attractions-g295369-Activities-Kharkiv_Kharkiv_Oblast.html
Holy Virgin Monastery, 4.5, Sights & Landmarks, /Attraction_Review-g295369-d9798361-Reviews-Holy_Virgin_Monastery-Kharkiv_Kharkiv_Oblast.html, /Attractions-g295369-Activities-Kharkiv_Kharkiv_Oblast.html
The Pokrovsky Cathedral, 4.5, Sights & Landmarks, /Attraction_Review-g295369-d3263441-Reviews-The_Pokrovsky_Cathedral-Kharkiv_Kharkiv_Oblast.html, /Attractions-g295369-Activities-Kharkiv_Kharkiv_Oblast.html
French Boulevard Mall, 4.5, Shopping, /Attraction_Review-g295369-d8027489-Reviews-French_Boulevard_Mall-Kharkiv_Kharkiv_Oblast.html, /Attractions-g295369-Activities-Kharkiv_Kharkiv_Oblast.html
