attraction_name, attraction_rate, attraction_type, attraction_url, attraction_parent_url
Vladimir Korolenko Literature Museum, 5.0, Museums, /Attraction_Review-g298047-d5794290-Reviews-Vladimir_Korolenko_Literature_Museum-Poltava_Poltava_Oblast.html, /Attractions-g298047-Activities-Poltava_Poltava_Oblast.html
Poltava Observatory, None, Museums, /Attraction_Review-g298047-d5827848-Reviews-Poltava_Observatory-Poltava_Poltava_Oblast.html, /Attractions-g298047-Activities-Poltava_Poltava_Oblast.html
St.Nicolas Church, None, Sights & Landmarks, /Attraction_Review-g298047-d5794309-Reviews-St_Nicolas_Church-Poltava_Poltava_Oblast.html, /Attractions-g298047-Activities-Poltava_Poltava_Oblast.html
Museum of XX century Military Conflicts, None, Museums, /Attraction_Review-g298047-d5794288-Reviews-Museum_of_XX_century_Military_Conflicts-Poltava_Poltava_Oblast.html, /Attractions-g298047-Activities-Poltava_Poltava_Oblast.html
Poltava Region Internal Affairs Museum, None, Museums, /Attraction_Review-g298047-d6767290-Reviews-Poltava_Region_Internal_Affairs_Museum-Poltava_Poltava_Oblast.html, /Attractions-g298047-Activities-Poltava_Poltava_Oblast.html
Korolenko University Botanical Garden, None, Nature & Parks, /Attraction_Review-g298047-d6767291-Reviews-Korolenko_University_Botanical_Garden-Poltava_Poltava_Oblast.html, /Attractions-g298047-Activities-Poltava_Poltava_Oblast.html
Olexandr Zygin Monument, None, Sights & Landmarks, /Attraction_Review-g298047-d6641076-Reviews-Olexandr_Zygin_Monument-Poltava_Poltava_Oblast.html, /Attractions-g298047-Activities-Poltava_Poltava_Oblast.html
Ascension Church of Pushkariv Monastery, None, Sights & Landmarks, /Attraction_Review-g298047-d6641063-Reviews-Ascension_Church_of_Pushkariv_Monastery-Poltava_Poltava_Oblast.html, /Attractions-g298047-Activities-Poltava_Poltava_Oblast.html
Saints Vira&& Nadiya&& Lyubov and Sophia Church, None, Sights & Landmarks, /Attraction_Review-g298047-d6641064-Reviews-Saints_Vira_Nadiya_Lyubov_and_Sophia_Church-Poltava_Poltava_Oblast.html, /Attractions-g298047-Activities-Poltava_Poltava_Oblast.html
Holy Pokrova Church, None, Sights & Landmarks, /Attraction_Review-g298047-d6943129-Reviews-Holy_Pokrova_Church-Poltava_Poltava_Oblast.html, /Attractions-g298047-Activities-Poltava_Poltava_Oblast.html
Girl with Flowers, None, Sights & Landmarks, /Attraction_Review-g298047-d13228206-Reviews-Girl_with_Flowers-Poltava_Poltava_Oblast.html, /Attractions-g298047-Activities-Poltava_Poltava_Oblast.html
Ecopark Kovalivka, None, Zoos & Aquariums, /Attraction_Review-g298047-d21038873-Reviews-Ecopark_Kovalivka-Poltava_Poltava_Oblast.html, /Attractions-g298047-Activities-Poltava_Poltava_Oblast.html
Versal Concert Hall, None, Concerts & Shows, /Attraction_Review-g298047-d19933414-Reviews-Versal_Concert_Hall-Poltava_Poltava_Oblast.html, /Attractions-g298047-Activities-Poltava_Poltava_Oblast.html
