attraction_name, attraction_rate, attraction_type, attraction_url, attraction_parent_url
Saint Basil the Great Church, None, Sights & Landmarks, /Attraction_Review-g681180-d6871316-Reviews-Saint_Basil_the_Great_Church-Ternopil_Ternopil_Oblast.html, /Attractions-g681180-Activities-Ternopil_Ternopil_Oblast.html
Saints Borys and Glib Church, None, Sights & Landmarks, /Attraction_Review-g681180-d6871317-Reviews-Saints_Borys_and_Glib_Church-Ternopil_Ternopil_Oblast.html, /Attractions-g681180-Activities-Ternopil_Ternopil_Oblast.html
Ivan Pulyui Memorial Museum, None, Museums, /Attraction_Review-g681180-d6881783-Reviews-Ivan_Pulyui_Memorial_Museum-Ternopil_Ternopil_Oblast.html, /Attractions-g681180-Activities-Ternopil_Ternopil_Oblast.html
Church of St. Panteleimon the Healer, None, Sights & Landmarks, /Attraction_Review-g681180-d6881864-Reviews-Church_of_St_Panteleimon_the_Healer-Ternopil_Ternopil_Oblast.html, /Attractions-g681180-Activities-Ternopil_Ternopil_Oblast.html
Holy Spirit Church, None, Sights & Landmarks, /Attraction_Review-g681180-d6881859-Reviews-Holy_Spirit_Church-Ternopil_Ternopil_Oblast.html, /Attractions-g681180-Activities-Ternopil_Ternopil_Oblast.html
Holy Hieromartyr Josaphat Church, None, Sights & Landmarks, /Attraction_Review-g681180-d6881876-Reviews-Holy_Hieromartyr_Josaphat_Church-Ternopil_Ternopil_Oblast.html, /Attractions-g681180-Activities-Ternopil_Ternopil_Oblast.html
Zagrebellya Regional Landscape Park, None, Nature & Parks, /Attraction_Review-g681180-d6881887-Reviews-Zagrebellya_Regional_Landscape_Park-Ternopil_Ternopil_Oblast.html, /Attractions-g681180-Activities-Ternopil_Ternopil_Oblast.html
Monastery of the Nativity of the Blessed Virgin Mary, None, Sights & Landmarks, /Attraction_Review-g681180-d6881847-Reviews-Monastery_of_the_Nativity_of_the_Blessed_Virgin_Mary-Ternopil_Ternopil_Oblast.html, /Attractions-g681180-Activities-Ternopil_Ternopil_Oblast.html
Berezil Palace of Culture named after Lesya Kurbas, None, Sights & Landmarks, /Attraction_Review-g681180-d6881800-Reviews-Berezil_Palace_of_Culture_named_after_Lesya_Kurbas-Ternopil_Ternopil_Oblast.html, /Attractions-g681180-Activities-Ternopil_Ternopil_Oblast.html
Church of All Saints Ukrainian People, None, Sights & Landmarks, /Attraction_Review-g681180-d6881848-Reviews-Church_of_All_Saints_Ukrainian_People-Ternopil_Ternopil_Oblast.html, /Attractions-g681180-Activities-Ternopil_Ternopil_Oblast.html
Ternopil's Science Centre, None, Museums, /Attraction_Review-g681180-d14792747-Reviews-Ternopil_s_Science_Centre-Ternopil_Ternopil_Oblast.html, /Attractions-g681180-Activities-Ternopil_Ternopil_Oblast.html
