attraction_name, attraction_rate, attraction_type, attraction_url, attraction_parent_url
Lenin Comsomol Park, 3.0, Nature & Parks, /Attraction_Review-g298046-d17388009-Reviews-Lenin_Comsomol_Park-Donetsk_Donetsk_Oblast.html, /Attractions-g298046-Activities-Donetsk_Donetsk_Oblast.html
Dzerzhinskogo Square, 4.0, Sights & Landmarks, /Attraction_Review-g298046-d16852067-Reviews-Dzerzhinskogo_Square-Donetsk_Donetsk_Oblast.html, /Attractions-g298046-Activities-Donetsk_Donetsk_Oblast.html
King's Tower, 3.0, Sights & Landmarks, /Attraction_Review-g298046-d16884530-Reviews-King_s_Tower-Donetsk_Donetsk_Oblast.html, /Attractions-g298046-Activities-Donetsk_Donetsk_Oblast.html
War Memorial at the Mushketovskoye cemetery, 4.0, Sights & Landmarks, /Attraction_Review-g298046-d17185871-Reviews-War_Memorial_at_the_Mushketovskoye_cemetery-Donetsk_Donetsk_Oblast.html, /Attractions-g298046-Activities-Donetsk_Donetsk_Oblast.html
Memorial for the rescuers of Chernobyl nuclear disaster, 4.0, Sights & Landmarks, /Attraction_Review-g298046-d4939837-Reviews-Memorial_for_the_rescuers_of_Chernobyl_nuclear_disaster-Donetsk_Donetsk_Oblast.html, /Attractions-g298046-Activities-Donetsk_Donetsk_Oblast.html
Ukrainian Steppe Sculpture Park, 4.0, Nature & Parks, /Attraction_Review-g298046-d3264508-Reviews-Ukrainian_Steppe_Sculpture_Park-Donetsk_Donetsk_Oblast.html, /Attractions-g298046-Activities-Donetsk_Donetsk_Oblast.html
Temple of the Martyr and Healer Panteleimon, 5.0, Sights & Landmarks, /Attraction_Review-g298046-d6494021-Reviews-Temple_of_the_Martyr_and_Healer_Panteleimon-Donetsk_Donetsk_Oblast.html, /Attractions-g298046-Activities-Donetsk_Donetsk_Oblast.html
Privokzalnaya Square, 4.0, Sights & Landmarks, /Attraction_Review-g298046-d16875601-Reviews-Privokzalnaya_Square-Donetsk_Donetsk_Oblast.html, /Attractions-g298046-Activities-Donetsk_Donetsk_Oblast.html
St. Nicholas Council of Bishops, 4.0, Sights & Landmarks, /Attraction_Review-g298046-d6493717-Reviews-St_Nicholas_Council_of_Bishops-Donetsk_Donetsk_Oblast.html, /Attractions-g298046-Activities-Donetsk_Donetsk_Oblast.html
Chapel of St. Barbara, 4.0, Sights & Landmarks, /Attraction_Review-g298046-d6502947-Reviews-Chapel_of_St_Barbara-Donetsk_Donetsk_Oblast.html, /Attractions-g298046-Activities-Donetsk_Donetsk_Oblast.html
Almaz, 4.5, Fun & Games, /Attraction_Review-g298046-d8043897-Reviews-Almaz-Donetsk_Donetsk_Oblast.html, /Attractions-g298046-Activities-Donetsk_Donetsk_Oblast.html
Monument to Energetikam, 4.0, Sights & Landmarks, /Attraction_Review-g298046-d17343310-Reviews-Monument_to_Energetikam-Donetsk_Donetsk_Oblast.html, /Attractions-g298046-Activities-Donetsk_Donetsk_Oblast.html
Arena Druzhba, 4.0, Sights & Landmarks, /Attraction_Review-g298046-d7987571-Reviews-Arena_Druzhba-Donetsk_Donetsk_Oblast.html, /Attractions-g298046-Activities-Donetsk_Donetsk_Oblast.html
Svobody  Square, 3.0, Sights & Landmarks, /Attraction_Review-g298046-d16713776-Reviews-Svobody_Square-Donetsk_Donetsk_Oblast.html, /Attractions-g298046-Activities-Donetsk_Donetsk_Oblast.html
Krol's House, 4.0, Sights & Landmarks, /Attraction_Review-g298046-d16805109-Reviews-Krol_s_House-Donetsk_Donetsk_Oblast.html, /Attractions-g298046-Activities-Donetsk_Donetsk_Oblast.html
Museum of History of Donetsk National Technical University, 4.0, Museums, /Attraction_Review-g298046-d17323824-Reviews-Museum_of_History_of_Donetsk_National_Technical_University-Donetsk_Donetsk_Oblas.html, /Attractions-g298046-Activities-Donetsk_Donetsk_Oblast.html
Monument to Kuzma Gurov, 4.0, Sights & Landmarks, /Attraction_Review-g298046-d16755734-Reviews-Monument_to_Kuzma_Gurov-Donetsk_Donetsk_Oblast.html, /Attractions-g298046-Activities-Donetsk_Donetsk_Oblast.html
Temple of Pochayevskaya Icon of Mother of God, 3.0, Sights & Landmarks, /Attraction_Review-g298046-d6493792-Reviews-Temple_of_Pochayevskaya_Icon_of_Mother_of_God-Donetsk_Donetsk_Oblast.html, /Attractions-g298046-Activities-Donetsk_Donetsk_Oblast.html
Mosaic Complex of Secondary School  № 5, 3.0, Sights & Landmarks, /Attraction_Review-g298046-d16738978-Reviews-Mosaic_Complex_of_Secondary_School_5-Donetsk_Donetsk_Oblast.html, /Attractions-g298046-Activities-Donetsk_Donetsk_Oblast.html
Monument to Vasily Vasilyevich Bervy - Flerowskiy, 4.0, Sights & Landmarks, /Attraction_Review-g298046-d16718208-Reviews-Monument_to_Vasily_Vasilyevich_Bervy_Flerowskiy-Donetsk_Donetsk_Oblast.html, /Attractions-g298046-Activities-Donetsk_Donetsk_Oblast.html
Monument to  Grinkevich, 4.0, Sights & Landmarks, /Attraction_Review-g298046-d16755722-Reviews-Monument_to_Grinkevich-Donetsk_Donetsk_Oblast.html, /Attractions-g298046-Activities-Donetsk_Donetsk_Oblast.html
Monument to the Countrymen, 5.0, Sights & Landmarks, /Attraction_Review-g298046-d16866218-Reviews-Monument_to_the_Countrymen-Donetsk_Donetsk_Oblast.html, /Attractions-g298046-Activities-Donetsk_Donetsk_Oblast.html
Metallurgov Square/ Tkachenko, 3.0, Sights & Landmarks, /Attraction_Review-g298046-d16732993-Reviews-Metallurgov_Square_Tkachenko-Donetsk_Donetsk_Oblast.html, /Attractions-g298046-Activities-Donetsk_Donetsk_Oblast.html
Monument to the Stratonauts, 4.0, Sights & Landmarks, /Attraction_Review-g298046-d16718194-Reviews-Monument_to_the_Stratonauts-Donetsk_Donetsk_Oblast.html, /Attractions-g298046-Activities-Donetsk_Donetsk_Oblast.html
Vatutin Monument, 4.0, Sights & Landmarks, /Attraction_Review-g298046-d16852846-Reviews-Vatutin_Monument-Donetsk_Donetsk_Oblast.html, /Attractions-g298046-Activities-Donetsk_Donetsk_Oblast.html
Gorkiy Monument, 4.0, Sights & Landmarks, /Attraction_Review-g298046-d17291571-Reviews-Gorkiy_Monument-Donetsk_Donetsk_Oblast.html, /Attractions-g298046-Activities-Donetsk_Donetsk_Oblast.html
FC Shakhtar Museum, 4.5, Museums, /Attraction_Review-g298046-d3263825-Reviews-FC_Shakhtar_Museum-Donetsk_Donetsk_Oblast.html, /Attractions-g298046-Activities-Donetsk_Donetsk_Oblast.html
Monument to Zoya Kosmodemyanskaya, 3.0, Sights & Landmarks, /Attraction_Review-g298046-d16726374-Reviews-Monument_to_Zoya_Kosmodemyanskaya-Donetsk_Donetsk_Oblast.html, /Attractions-g298046-Activities-Donetsk_Donetsk_Oblast.html
Monument VFVoyno-Yasenetsky, 5.0, Sights & Landmarks, /Attraction_Review-g298046-d16876451-Reviews-Monument_VFVoyno_Yasenetsky-Donetsk_Donetsk_Oblast.html, /Attractions-g298046-Activities-Donetsk_Donetsk_Oblast.html
Church of St. John Predchenskiy, 3.0, Sights & Landmarks, /Attraction_Review-g298046-d6492367-Reviews-Church_of_St_John_Predchenskiy-Donetsk_Donetsk_Oblast.html, /Attractions-g298046-Activities-Donetsk_Donetsk_Oblast.html
