attraction_name, attraction_rate, attraction_type, attraction_url, attraction_parent_url
Square Pogranichnikov, 4.0, Nature & Parks, /Attraction_Review-g298049-d9726884-Reviews-Square_Pogranichnikov-Zaporizhzhya_Zaporizhia_Oblast.html, /Attractions-g298049-Activities-Zaporizhzhya_Zaporizhia_Oblast.html
Zaporizhzhya Art Museum, 3.0, Museums, /Attraction_Review-g298049-d6564922-Reviews-Zaporizhzhya_Art_Museum-Zaporizhzhya_Zaporizhia_Oblast.html, /Attractions-g298049-Activities-Zaporizhzhya_Zaporizhia_Oblast.html
The Boguslayev Technical Museum, 4.5, Museums, /Attraction_Review-g298049-d12481853-Reviews-The_Boguslayev_Technical_Museum-Zaporizhzhya_Zaporizhia_Oblast.html, /Attractions-g298049-Activities-Zaporizhzhya_Zaporizhia_Oblast.html
Chaika Shipping Museum, 4.5, Museums, /Attraction_Review-g298049-d6756079-Reviews-Chaika_Shipping_Museum-Zaporizhzhya_Zaporizhia_Oblast.html, /Attractions-g298049-Activities-Zaporizhzhya_Zaporizhia_Oblast.html
Vie Theatre, 4.0, Concerts & Shows, /Attraction_Review-g298049-d6828014-Reviews-Vie_Theatre-Zaporizhzhya_Zaporizhia_Oblast.html, /Attractions-g298049-Activities-Zaporizhzhya_Zaporizhia_Oblast.html
Zaporizhzhya Expocentre, 4.5, Traveller Resources, /Attraction_Review-g298049-d6781868-Reviews-Zaporizhzhya_Expocentre-Zaporizhzhya_Zaporizhia_Oblast.html, /Attractions-g298049-Activities-Zaporizhzhya_Zaporizhia_Oblast.html
Steelworkers Stella, 3.5, Sights & Landmarks, /Attraction_Review-g298049-d6781872-Reviews-Steelworkers_Stella-Zaporizhzhya_Zaporizhia_Oblast.html, /Attractions-g298049-Activities-Zaporizhzhya_Zaporizhia_Oblast.html
Kremlevskiy Park of Culture and Leisure, 3.5, Nature & Parks, /Attraction_Review-g298049-d6835073-Reviews-Kremlevskiy_Park_of_Culture_and_Leisure-Zaporizhzhya_Zaporizhia_Oblast.html, /Attractions-g298049-Activities-Zaporizhzhya_Zaporizhia_Oblast.html
Zaporizhzhya Puppet Theatre, 4.0, Concerts & Shows, /Attraction_Review-g298049-d6756087-Reviews-Zaporizhzhya_Puppet_Theatre-Zaporizhzhya_Zaporizhia_Oblast.html, /Attractions-g298049-Activities-Zaporizhzhya_Zaporizhia_Oblast.html
ArtL Gallery, None, Museums, /Attraction_Review-g298049-d6781869-Reviews-ArtL_Gallery-Zaporizhzhya_Zaporizhia_Oblast.html, /Attractions-g298049-Activities-Zaporizhzhya_Zaporizhia_Oblast.html
Art-Gallery of Olga Grechukha, None, Museums, /Attraction_Review-g298049-d16884002-Reviews-Art_Gallery_of_Olga_Grechukha-Zaporizhzhya_Zaporizhia_Oblast.html, /Attractions-g298049-Activities-Zaporizhzhya_Zaporizhia_Oblast.html
