attraction_name, attraction_rate, attraction_type, attraction_url, attraction_parent_url
Church of St. Stanislav, 4.5, Sights & Landmarks, /Attraction_Review-g790411-d8105635-Reviews-Church_of_St_Stanislav-Chortkiv_Ternopil_Oblast.html, /Attractions-g790411-Activities-Chortkiv_Ternopil_Oblast.html
Old Town Hall, 4.5, Sights & Landmarks, /Attraction_Review-g790411-d8617605-Reviews-Old_Town_Hall-Chortkiv_Ternopil_Oblast.html, /Attractions-g790411-Activities-Chortkiv_Ternopil_Oblast.html
Church of the Assumption, 5.0, Sights & Landmarks, /Attraction_Review-g790411-d11693259-Reviews-Church_of_the_Assumption-Chortkiv_Ternopil_Oblast.html, /Attractions-g790411-Activities-Chortkiv_Ternopil_Oblast.html
Chortkiv Fortress, 4.0, Sights & Landmarks, /Attraction_Review-g790411-d13445411-Reviews-Chortkiv_Fortress-Chortkiv_Ternopil_Oblast.html, /Attractions-g790411-Activities-Chortkiv_Ternopil_Oblast.html
Church of the Intercession, 4.5, Sights & Landmarks, /Attraction_Review-g790411-d11693266-Reviews-Church_of_the_Intercession-Chortkiv_Ternopil_Oblast.html, /Attractions-g790411-Activities-Chortkiv_Ternopil_Oblast.html
Ascension Church, 4.0, Sights & Landmarks, /Attraction_Review-g790411-d13445365-Reviews-Ascension_Church-Chortkiv_Ternopil_Oblast.html, /Attractions-g790411-Activities-Chortkiv_Ternopil_Oblast.html
Monastery of the Order of the Carmelites, 3.0, Sights & Landmarks, /Attraction_Review-g790411-d13445424-Reviews-Monastery_of_the_Order_of_the_Carmelites-Chortkiv_Ternopil_Oblast.html, /Attractions-g790411-Activities-Chortkiv_Ternopil_Oblast.html
