attraction_name, attraction_rate, attraction_type, attraction_url, attraction_parent_url
Architect Horodetsky Monument, 4.5, Sights & Landmarks, /Attraction_Review-g294474-d3242679-Reviews-Architect_Horodetsky_Monument-Kyiv_Kiev.html, /Attractions-g294474-Activities-Kyiv_Kiev.html
Art Gallery Portal 11, 5.0, Museums, /Attraction_Review-g294474-d15084093-Reviews-Art_Gallery_Portal_11-Kyiv_Kiev.html, /Attractions-g294474-Activities-Kyiv_Kiev.html
Holy Trinity Monastery of St.Jonah, 4.5, Sights & Landmarks, /Attraction_Review-g294474-d3242897-Reviews-Holy_Trinity_Monastery_of_St_Jonah-Kyiv_Kiev.html, /Attractions-g294474-Activities-Kyiv_Kiev.html
Actor Kyiv Theatre, 3.5, Concerts & Shows, /Attraction_Review-g294474-d6998951-Reviews-Actor_Kyiv_Theatre-Kyiv_Kiev.html, /Attractions-g294474-Activities-Kyiv_Kiev.html
Black Square Theatre, 5.0, Concerts & Shows, /Attraction_Review-g294474-d6733911-Reviews-Black_Square_Theatre-Kyiv_Kiev.html, /Attractions-g294474-Activities-Kyiv_Kiev.html
Arsenal Plant Workers Monument, 3.5, Sights & Landmarks, /Attraction_Review-g294474-d3259351-Reviews-Arsenal_Plant_Workers_Monument-Kyiv_Kiev.html, /Attractions-g294474-Activities-Kyiv_Kiev.html
Monument to Mykhailo Hrushevsky, 4.0, Sights & Landmarks, /Attraction_Review-g294474-d8605122-Reviews-Monument_to_Mykhailo_Hrushevsky-Kyiv_Kiev.html, /Attractions-g294474-Activities-Kyiv_Kiev.html
ArtPrichal, 4.5, Sights & Landmarks, /Attraction_Review-g294474-d6733915-Reviews-ArtPrichal-Kyiv_Kiev.html, /Attractions-g294474-Activities-Kyiv_Kiev.html
House of Baron Steingel / Knight's Refuge, 4.0, Sights & Landmarks, /Attraction_Review-g294474-d3316928-Reviews-House_of_Baron_Steingel_Knight_s_Refuge-Kyiv_Kiev.html, /Attractions-g294474-Activities-Kyiv_Kiev.html
M17 Contemporary Art Center, 4.0, Museums, /Attraction_Review-g294474-d3238509-Reviews-M17_Contemporary_Art_Center-Kyiv_Kiev.html, /Attractions-g294474-Activities-Kyiv_Kiev.html
Books and Printing Museum, 4.5, Museums, /Attraction_Review-g294474-d3191106-Reviews-Books_and_Printing_Museum-Kyiv_Kiev.html, /Attractions-g294474-Activities-Kyiv_Kiev.html
The Ballet Dancer Statue, 4.5, Sights & Landmarks, /Attraction_Review-g294474-d3258232-Reviews-The_Ballet_Dancer_Statue-Kyiv_Kiev.html, /Attractions-g294474-Activities-Kyiv_Kiev.html
Chkalov Square, 4.5, Fun & Games, /Attraction_Review-g294474-d8094011-Reviews-Chkalov_Square-Kyiv_Kiev.html, /Attractions-g294474-Activities-Kyiv_Kiev.html
Chaika Sports Complex and Airfield, 4.0, Fun & Games, /Attraction_Review-g294474-d6547932-Reviews-Chaika_Sports_Complex_and_Airfield-Kyiv_Kiev.html, /Attractions-g294474-Activities-Kyiv_Kiev.html
Residential Complex French Neighborhood, 4.0, Other, /Attraction_Review-g294474-d10999938-Reviews-Residential_Complex_French_Neighborhood-Kyiv_Kiev.html, /Attractions-g294474-Activities-Kyiv_Kiev.html
Sungrilla Club, 3.5, Outdoor Activities, /Attraction_Review-g294474-d12413194-Reviews-Sungrilla_Club-Kyiv_Kiev.html, /Attractions-g294474-Activities-Kyiv_Kiev.html
Magdeburg Right Column, 4.0, Sights & Landmarks, /Attraction_Review-g294474-d3202058-Reviews-Magdeburg_Right_Column-Kyiv_Kiev.html, /Attractions-g294474-Activities-Kyiv_Kiev.html
Bravo Kyiv Drama Theatre, 2.0, Concerts & Shows, /Attraction_Review-g294474-d3792724-Reviews-Bravo_Kyiv_Drama_Theatre-Kyiv_Kiev.html, /Attractions-g294474-Activities-Kyiv_Kiev.html
Sholem Aleichem Museum, 3.5, Museums, /Attraction_Review-g294474-d3754138-Reviews-Sholem_Aleichem_Museum-Kyiv_Kiev.html, /Attractions-g294474-Activities-Kyiv_Kiev.html
Art Mall Trade and Entertainment Centre, 4.5, Shopping, /Attraction_Review-g294474-d6525618-Reviews-Art_Mall_Trade_and_Entertainment_Centre-Kyiv_Kiev.html, /Attractions-g294474-Activities-Kyiv_Kiev.html
Small SouthWestern (Children's) Railway, 4.5, Tours, /Attraction_Review-g294474-d3235737-Reviews-Small_SouthWestern_Children_s_Railway-Kyiv_Kiev.html, /Attractions-g294474-Activities-Kyiv_Kiev.html
Monument The History of Love, 5.0, Sights & Landmarks, /Attraction_Review-g294474-d14139761-Reviews-Monument_The_History_of_Love-Kyiv_Kiev.html, /Attractions-g294474-Activities-Kyiv_Kiev.html
Monument to the Victims of Chernobyl Disaster, 4.5, Sights & Landmarks, /Attraction_Review-g294474-d10379505-Reviews-Monument_to_the_Victims_of_Chernobyl_Disaster-Kyiv_Kiev.html, /Attractions-g294474-Activities-Kyiv_Kiev.html
ART 14 Gallery, 5.0, Museums, /Attraction_Review-g294474-d12864779-Reviews-ART_14_Gallery-Kyiv_Kiev.html, /Attractions-g294474-Activities-Kyiv_Kiev.html
Shopping Mall Aladdin, 3.5, Shopping, /Attraction_Review-g294474-d7001290-Reviews-Shopping_Mall_Aladdin-Kyiv_Kiev.html, /Attractions-g294474-Activities-Kyiv_Kiev.html
Mykola Yakovchenko Monument, 4.0, Sights & Landmarks, /Attraction_Review-g294474-d3199264-Reviews-Mykola_Yakovchenko_Monument-Kyiv_Kiev.html, /Attractions-g294474-Activities-Kyiv_Kiev.html
Atlas, 3.5, Concerts & Shows, /Attraction_Review-g294474-d8300098-Reviews-Atlas-Kyiv_Kiev.html, /Attractions-g294474-Activities-Kyiv_Kiev.html
Pedagogical Museum - The Teacher's House, 4.5, Sights & Landmarks, /Attraction_Review-g294474-d3240275-Reviews-Pedagogical_Museum_The_Teacher_s_House-Kyiv_Kiev.html, /Attractions-g294474-Activities-Kyiv_Kiev.html
Ukrainian Kozak spears a two-headed dragon, 3.5, Sights & Landmarks, /Attraction_Review-g294474-d8791418-Reviews-Ukrainian_Kozak_spears_a_two_headed_dragon-Kyiv_Kiev.html, /Attractions-g294474-Activities-Kyiv_Kiev.html
Holy Trinity Monastery Kitaevskaya, 4.5, Sights & Landmarks, /Attraction_Review-g294474-d3248599-Reviews-Holy_Trinity_Monastery_Kitaevskaya-Kyiv_Kiev.html, /Attractions-g294474-Activities-Kyiv_Kiev.html
