attraction_name, attraction_rate, attraction_type, attraction_url, attraction_parent_url
Pechersk Landscape Park, 4.0, Nature & Parks, /Attraction_Review-g294474-d3259355-Reviews-Pechersk_Landscape_Park-Kyiv_Kiev.html, /Attractions-g294474-Activities-Kyiv_Kiev.html
Kyiv Drama Theatre on Podol, 3.5, Concerts & Shows, /Attraction_Review-g294474-d3253134-Reviews-Kyiv_Drama_Theatre_on_Podol-Kyiv_Kiev.html, /Attractions-g294474-Activities-Kyiv_Kiev.html
Taras Shevchenko National Museum, 4.0, Museums, /Attraction_Review-g294474-d3223659-Reviews-Taras_Shevchenko_National_Museum-Kyiv_Kiev.html, /Attractions-g294474-Activities-Kyiv_Kiev.html
Kiev Academic Young Theatre, 4.0, Concerts & Shows, /Attraction_Review-g294474-d3246042-Reviews-Kiev_Academic_Young_Theatre-Kyiv_Kiev.html, /Attractions-g294474-Activities-Kyiv_Kiev.html
Nu Art Gallery, 4.5, Museums, /Attraction_Review-g294474-d6733916-Reviews-Nu_Art_Gallery-Kyiv_Kiev.html, /Attractions-g294474-Activities-Kyiv_Kiev.html
The Expocenter of Ukraine National Complex, 4.0, Traveller Resources, /Attraction_Review-g294474-d3792619-Reviews-The_Expocenter_of_Ukraine_National_Complex-Kyiv_Kiev.html, /Attractions-g294474-Activities-Kyiv_Kiev.html
The Richard's Castle, 4.0, Sights & Landmarks, /Attraction_Review-g294474-d3207782-Reviews-The_Richard_s_Castle-Kyiv_Kiev.html, /Attractions-g294474-Activities-Kyiv_Kiev.html
Painting Protectress, 4.5, Sights & Landmarks, /Attraction_Review-g294474-d10692213-Reviews-Painting_Protectress-Kyiv_Kiev.html, /Attractions-g294474-Activities-Kyiv_Kiev.html
Anatoliy Kuznetsov Monument, 5.0, Sights & Landmarks, /Attraction_Review-g294474-d6937372-Reviews-Anatoliy_Kuznetsov_Monument-Kyiv_Kiev.html, /Attractions-g294474-Activities-Kyiv_Kiev.html
Kiev's Eiffel Tower, 3.0, Sights & Landmarks, /Attraction_Review-g294474-d13290024-Reviews-Kiev_s_Eiffel_Tower-Kyiv_Kiev.html, /Attractions-g294474-Activities-Kyiv_Kiev.html
The Church of Jesus Christ of Latter-day Saints, 4.5, Sights & Landmarks, /Attraction_Review-g294474-d10376259-Reviews-The_Church_of_Jesus_Christ_of_Latter_day_Saints-Kyiv_Kiev.html, /Attractions-g294474-Activities-Kyiv_Kiev.html
Recycled Materials Museum, 4.0, Museums, /Attraction_Review-g294474-d3750461-Reviews-Recycled_Materials_Museum-Kyiv_Kiev.html, /Attractions-g294474-Activities-Kyiv_Kiev.html
Church of the Saviour at Berestove, 4.5, Sights & Landmarks, /Attraction_Review-g294474-d3267795-Reviews-Church_of_the_Saviour_at_Berestove-Kyiv_Kiev.html, /Attractions-g294474-Activities-Kyiv_Kiev.html
The Temple Of Honor Of St Seguis Of Redonezh, 4.5, Sights & Landmarks, /Attraction_Review-g294474-d10755265-Reviews-The_Temple_Of_Honor_Of_St_Seguis_Of_Redonezh-Kyiv_Kiev.html, /Attractions-g294474-Activities-Kyiv_Kiev.html
The Weeping Widow Mansion, 4.0, Sights & Landmarks, /Attraction_Review-g294474-d3187940-Reviews-The_Weeping_Widow_Mansion-Kyiv_Kiev.html, /Attractions-g294474-Activities-Kyiv_Kiev.html
Babushka Classical Sculpture, 4.0, Sights & Landmarks, /Attraction_Review-g294474-d6767328-Reviews-Babushka_Classical_Sculpture-Kyiv_Kiev.html, /Attractions-g294474-Activities-Kyiv_Kiev.html
Kyiv History Museum, 3.0, Museums, /Attraction_Review-g294474-d3747065-Reviews-Kyiv_History_Museum-Kyiv_Kiev.html, /Attractions-g294474-Activities-Kyiv_Kiev.html
Gogol 's Nose, 4.0, Sights & Landmarks, /Attraction_Review-g294474-d3258298-Reviews-Gogol_s_Nose-Kyiv_Kiev.html, /Attractions-g294474-Activities-Kyiv_Kiev.html
Musical Fountains, 4.5, Sights & Landmarks, /Attraction_Review-g294474-d15083732-Reviews-Musical_Fountains-Kyiv_Kiev.html, /Attractions-g294474-Activities-Kyiv_Kiev.html
Metrograd Shopping Mall, 3.5, Shopping, /Attraction_Review-g294474-d6996644-Reviews-Metrograd_Shopping_Mall-Kyiv_Kiev.html, /Attractions-g294474-Activities-Kyiv_Kiev.html
Park (Devil) Bridge, 4.0, Sights & Landmarks, /Attraction_Review-g294474-d3207901-Reviews-Park_Devil_Bridge-Kyiv_Kiev.html, /Attractions-g294474-Activities-Kyiv_Kiev.html
FC Dynamo (Kyiv) Museum, 3.5, Museums, /Attraction_Review-g294474-d3765379-Reviews-FC_Dynamo_Kyiv_Museum-Kyiv_Kiev.html, /Attractions-g294474-Activities-Kyiv_Kiev.html
Museum of Achievements Klitschko Brothers, 4.5, Museums, /Attraction_Review-g294474-d6851676-Reviews-Museum_of_Achievements_Klitschko_Brothers-Kyiv_Kiev.html, /Attractions-g294474-Activities-Kyiv_Kiev.html
Experimentanium, 5.0, Museums, /Attraction_Review-g294474-d13327470-Reviews-Experimentanium-Kyiv_Kiev.html, /Attractions-g294474-Activities-Kyiv_Kiev.html
Gorodok Gallery Mall, 4.5, Shopping, /Attraction_Review-g294474-d3224015-Reviews-Gorodok_Gallery_Mall-Kyiv_Kiev.html, /Attractions-g294474-Activities-Kyiv_Kiev.html
Rusanivska Quay Park, 4.0, Nature & Parks, /Attraction_Review-g294474-d7085174-Reviews-Rusanivska_Quay_Park-Kyiv_Kiev.html, /Attractions-g294474-Activities-Kyiv_Kiev.html
Parsuna Dolls Gallery, 4.0, Museums, /Attraction_Review-g294474-d3239708-Reviews-Parsuna_Dolls_Gallery-Kyiv_Kiev.html, /Attractions-g294474-Activities-Kyiv_Kiev.html
Church of the Tithes, 4.0, Sights & Landmarks, /Attraction_Review-g294474-d3207910-Reviews-Church_of_the_Tithes-Kyiv_Kiev.html, /Attractions-g294474-Activities-Kyiv_Kiev.html
Paton Bridge, 3.5, Sights & Landmarks, /Attraction_Review-g294474-d3792784-Reviews-Paton_Bridge-Kyiv_Kiev.html, /Attractions-g294474-Activities-Kyiv_Kiev.html
The Cabinet of Ministers - Budynok Uryadu (The Government), 3.5, Sights & Landmarks, /Attraction_Review-g294474-d3255043-Reviews-The_Cabinet_of_Ministers_Budynok_Uryadu_The_Government-Kyiv_Kiev.html, /Attractions-g294474-Activities-Kyiv_Kiev.html
