attraction_name, attraction_rate, attraction_type, attraction_url, attraction_parent_url
Sergiy Korolyov Astronautics Museum, 4.5, Museums, /Attraction_Review-g298050-d2068605-Reviews-Sergiy_Korolyov_Astronautics_Museum-Zhytomyr_Zhytomyr_Oblast.html, /Attractions-g298050-Activities-Zhytomyr_Zhytomyr_Oblast.html
Gagarin Park, 4.0, Nature & Parks, /Attraction_Review-g298050-d6554979-Reviews-Gagarin_Park-Zhytomyr_Zhytomyr_Oblast.html, /Attractions-g298050-Activities-Zhytomyr_Zhytomyr_Oblast.html
Saviour-Transfiguration Cathedral, 4.5, Sights & Landmarks, /Attraction_Review-g298050-d6762491-Reviews-Saviour_Transfiguration_Cathedral-Zhytomyr_Zhytomyr_Oblast.html, /Attractions-g298050-Activities-Zhytomyr_Zhytomyr_Oblast.html
Zhytomyr Nature Museum, 4.5, Museums, /Attraction_Review-g298050-d6511339-Reviews-Zhytomyr_Nature_Museum-Zhytomyr_Zhytomyr_Oblast.html, /Attractions-g298050-Activities-Zhytomyr_Zhytomyr_Oblast.html
Zamkova Gora Park, 4.5, Nature & Parks, /Attraction_Review-g298050-d6554976-Reviews-Zamkova_Gora_Park-Zhytomyr_Zhytomyr_Oblast.html, /Attractions-g298050-Activities-Zhytomyr_Zhytomyr_Oblast.html
Multizoo&& petting zoo, 4.5, Zoos & Aquariums, /Attraction_Review-g298050-d15154594-Reviews-Multizoo_petting_zoo-Zhytomyr_Zhytomyr_Oblast.html, /Attractions-g298050-Activities-Zhytomyr_Zhytomyr_Oblast.html
Zhytomyr Lore Museum, 5.0, Museums, /Attraction_Review-g298050-d6511337-Reviews-Zhytomyr_Lore_Museum-Zhytomyr_Zhytomyr_Oblast.html, /Attractions-g298050-Activities-Zhytomyr_Zhytomyr_Oblast.html
St. Michael Archangel Cathedral, 4.5, Sights & Landmarks, /Attraction_Review-g298050-d6554959-Reviews-St_Michael_Archangel_Cathedral-Zhytomyr_Zhytomyr_Oblast.html, /Attractions-g298050-Activities-Zhytomyr_Zhytomyr_Oblast.html
Skaladrom, 5.0, Nature & Parks, /Attraction_Review-g298050-d9596284-Reviews-Skaladrom-Zhytomyr_Zhytomyr_Oblast.html, /Attractions-g298050-Activities-Zhytomyr_Zhytomyr_Oblast.html
Water Tower, 4.0, Sights & Landmarks, /Attraction_Review-g298050-d6628849-Reviews-Water_Tower-Zhytomyr_Zhytomyr_Oblast.html, /Attractions-g298050-Activities-Zhytomyr_Zhytomyr_Oblast.html
Memorial House Museum of S.P. Korolyova, 4.5, Museums, /Attraction_Review-g298050-d12231364-Reviews-Memorial_House_Museum_of_S_P_Korolyova-Zhytomyr_Zhytomyr_Oblast.html, /Attractions-g298050-Activities-Zhytomyr_Zhytomyr_Oblast.html
St. Michael's Cathedral, 4.5, Sights & Landmarks, /Attraction_Review-g298050-d8490121-Reviews-St_Michael_s_Cathedral-Zhytomyr_Zhytomyr_Oblast.html, /Attractions-g298050-Activities-Zhytomyr_Zhytomyr_Oblast.html
Crafts Courtyard Museum, 4.5, Museums, /Attraction_Review-g298050-d6628854-Reviews-Crafts_Courtyard_Museum-Zhytomyr_Zhytomyr_Oblast.html, /Attractions-g298050-Activities-Zhytomyr_Zhytomyr_Oblast.html
Zhytomyr Fire Fighting Museum, 4.0, Museums, /Attraction_Review-g298050-d6511341-Reviews-Zhytomyr_Fire_Fighting_Museum-Zhytomyr_Zhytomyr_Oblast.html, /Attractions-g298050-Activities-Zhytomyr_Zhytomyr_Oblast.html
Polish Cemetery, 4.5, Sights & Landmarks, /Attraction_Review-g298050-d6762516-Reviews-Polish_Cemetery-Zhytomyr_Zhytomyr_Oblast.html, /Attractions-g298050-Activities-Zhytomyr_Zhytomyr_Oblast.html
Philippov's Mansion, 4.0, Sights & Landmarks, /Attraction_Review-g298050-d6628843-Reviews-Philippov_s_Mansion-Zhytomyr_Zhytomyr_Oblast.html, /Attractions-g298050-Activities-Zhytomyr_Zhytomyr_Oblast.html
Polessk The Nature Reserve, 5.0, Nature & Parks, /Attraction_Review-g298050-d9596292-Reviews-Polessk_The_Nature_Reserve-Zhytomyr_Zhytomyr_Oblast.html, /Attractions-g298050-Activities-Zhytomyr_Zhytomyr_Oblast.html
Eternal Glory Memorial, 4.0, Sights & Landmarks, /Attraction_Review-g298050-d6554972-Reviews-Eternal_Glory_Memorial-Zhytomyr_Zhytomyr_Oblast.html, /Attractions-g298050-Activities-Zhytomyr_Zhytomyr_Oblast.html
Assumption Church, 5.0, Sights & Landmarks, /Attraction_Review-g298050-d6628857-Reviews-Assumption_Church-Zhytomyr_Zhytomyr_Oblast.html, /Attractions-g298050-Activities-Zhytomyr_Zhytomyr_Oblast.html
Botanic Garden of Zhytomyr Agrarian University, 3.5, Nature & Parks, /Attraction_Review-g298050-d6762514-Reviews-Botanic_Garden_of_Zhytomyr_Agrarian_University-Zhytomyr_Zhytomyr_Oblast.html, /Attractions-g298050-Activities-Zhytomyr_Zhytomyr_Oblast.html
Zhytomyr Puppet Theatre, 4.0, Concerts & Shows, /Attraction_Review-g298050-d6554956-Reviews-Zhytomyr_Puppet_Theatre-Zhytomyr_Zhytomyr_Oblast.html, /Attractions-g298050-Activities-Zhytomyr_Zhytomyr_Oblast.html
Sokolovskiy Career, 4.0, Nature & Parks, /Attraction_Review-g298050-d12211856-Reviews-Sokolovskiy_Career-Zhytomyr_Zhytomyr_Oblast.html, /Attractions-g298050-Activities-Zhytomyr_Zhytomyr_Oblast.html
St. Sophia Cathedral, 4.0, Sights & Landmarks, /Attraction_Review-g298050-d6511336-Reviews-St_Sophia_Cathedral-Zhytomyr_Zhytomyr_Oblast.html, /Attractions-g298050-Activities-Zhytomyr_Zhytomyr_Oblast.html
Former Konyukhovsky House, 4.5, Sights & Landmarks, /Attraction_Review-g298050-d3726107-Reviews-Former_Konyukhovsky_House-Zhytomyr_Zhytomyr_Oblast.html, /Attractions-g298050-Activities-Zhytomyr_Zhytomyr_Oblast.html
Zhytomyr Art Museum, 5.0, Museums, /Attraction_Review-g298050-d6511342-Reviews-Zhytomyr_Art_Museum-Zhytomyr_Zhytomyr_Oblast.html, /Attractions-g298050-Activities-Zhytomyr_Zhytomyr_Oblast.html
Zhytomyr Ivan Franko State University, 3.5, Sights & Landmarks, /Attraction_Review-g298050-d6628830-Reviews-Zhytomyr_Ivan_Franko_State_University-Zhytomyr_Zhytomyr_Oblast.html, /Attractions-g298050-Activities-Zhytomyr_Zhytomyr_Oblast.html
Korolenko Museum, 4.0, Museums, /Attraction_Review-g298050-d6942381-Reviews-Korolenko_Museum-Zhytomyr_Zhytomyr_Oblast.html, /Attractions-g298050-Activities-Zhytomyr_Zhytomyr_Oblast.html
St. Jonah from Duklya Cathedral, 4.5, Sights & Landmarks, /Attraction_Review-g298050-d6628828-Reviews-St_Jonah_from_Duklya_Cathedral-Zhytomyr_Zhytomyr_Oblast.html, /Attractions-g298050-Activities-Zhytomyr_Zhytomyr_Oblast.html
Kocherha Music and Drama Theatre, 5.0, Concerts & Shows, /Attraction_Review-g298050-d6554955-Reviews-Kocherha_Music_and_Drama_Theatre-Zhytomyr_Zhytomyr_Oblast.html, /Attractions-g298050-Activities-Zhytomyr_Zhytomyr_Oblast.html
Cross Exaltation Cathedral, 4.0, Sights & Landmarks, /Attraction_Review-g298050-d6511343-Reviews-Cross_Exaltation_Cathedral-Zhytomyr_Zhytomyr_Oblast.html, /Attractions-g298050-Activities-Zhytomyr_Zhytomyr_Oblast.html
