attraction_name, attraction_rate, attraction_type, attraction_url, attraction_parent_url
Nastriy, 5.0, Shopping, /Attraction_Review-g294474-d19685721-Reviews-Nastriy-Kyiv_Kiev.html, /Attractions-g294474-Activities-Kyiv_Kiev.html
Ukrzaliznytsia, 4.0, Transportation, /Attraction_Review-g294474-d15575834-Reviews-Ukrzaliznytsia-Kyiv_Kiev.html, /Attractions-g294474-Activities-Kyiv_Kiev.html
Giperion Active Leisure Centre, 3.5, Fun & Games, /Attraction_Review-g294474-d6755858-Reviews-Giperion_Active_Leisure_Centre-Kyiv_Kiev.html, /Attractions-g294474-Activities-Kyiv_Kiev.html
Maria Zankovetska Museum, 4.5, Museums, /Attraction_Review-g294474-d3258432-Reviews-Maria_Zankovetska_Museum-Kyiv_Kiev.html, /Attractions-g294474-Activities-Kyiv_Kiev.html
Assumption Cathedral, 5.0, Sights & Landmarks, /Attraction_Review-g294474-d19813082-Reviews-Assumption_Cathedral-Kyiv_Kiev.html, /Attractions-g294474-Activities-Kyiv_Kiev.html
Church Of The Exaltation Of The Cross, 5.0, Sights & Landmarks, /Attraction_Review-g294474-d19813127-Reviews-Church_Of_The_Exaltation_Of_The_Cross-Kyiv_Kiev.html, /Attractions-g294474-Activities-Kyiv_Kiev.html
Girl Releasing Pigeons Statue, 5.0, Sights & Landmarks, /Attraction_Review-g294474-d20104769-Reviews-Girl_Releasing_Pigeons_Statue-Kyiv_Kiev.html, /Attractions-g294474-Activities-Kyiv_Kiev.html
Gate Church Of The Trinity, 4.0, Sights & Landmarks, /Attraction_Review-g294474-d20206202-Reviews-Gate_Church_Of_The_Trinity-Kyiv_Kiev.html, /Attractions-g294474-Activities-Kyiv_Kiev.html
House Ikskyul Hildenbanda, 5.0, Sights & Landmarks, /Attraction_Review-g294474-d20213701-Reviews-House_Ikskyul_Hildenbanda-Kyiv_Kiev.html, /Attractions-g294474-Activities-Kyiv_Kiev.html
Monument-Bust to Sidor Kovpak, 5.0, Sights & Landmarks, /Attraction_Review-g294474-d20251506-Reviews-Monument_Bust_to_Sidor_Kovpak-Kyiv_Kiev.html, /Attractions-g294474-Activities-Kyiv_Kiev.html
Oleksiy Fedorov Monument, 5.0, Sights & Landmarks, /Attraction_Review-g294474-d20251513-Reviews-Oleksiy_Fedorov_Monument-Kyiv_Kiev.html, /Attractions-g294474-Activities-Kyiv_Kiev.html
Monument To Nestor The Chronicler, 3.5, Sights & Landmarks, /Attraction_Review-g294474-d19813337-Reviews-Monument_To_Nestor_The_Chronicler-Kyiv_Kiev.html, /Attractions-g294474-Activities-Kyiv_Kiev.html
Kyiv Municipal Academic Opera and Ballet Theatre for Children and Youth, 5.0, Concerts & Shows, /Attraction_Review-g294474-d20142311-Reviews-Kyiv_Municipal_Academic_Opera_and_Ballet_Theatre_for_Children_and_Youth-Kyiv_Kie.html, /Attractions-g294474-Activities-Kyiv_Kiev.html
Ivana Franka Square, 4.0, Sights & Landmarks, /Attraction_Review-g294474-d8107296-Reviews-Ivana_Franka_Square-Kyiv_Kiev.html, /Attractions-g294474-Activities-Kyiv_Kiev.html
Church Of The Life Giving Source, 5.0, Sights & Landmarks, /Attraction_Review-g294474-d19813313-Reviews-Church_Of_The_Life_Giving_Source-Kyiv_Kiev.html, /Attractions-g294474-Activities-Kyiv_Kiev.html
Nativity Of Our Lady Church, 5.0, Sights & Landmarks, /Attraction_Review-g294474-d19813353-Reviews-Nativity_Of_Our_Lady_Church-Kyiv_Kiev.html, /Attractions-g294474-Activities-Kyiv_Kiev.html
Trade Union Building, 4.0, Sights & Landmarks, /Attraction_Review-g294474-d20091844-Reviews-Trade_Union_Building-Kyiv_Kiev.html, /Attractions-g294474-Activities-Kyiv_Kiev.html
Poshtovyy Budynok, 5.0, Sights & Landmarks, /Attraction_Review-g294474-d20138943-Reviews-Poshtovyy_Budynok-Kyiv_Kiev.html, /Attractions-g294474-Activities-Kyiv_Kiev.html
Church of Saint Antoniy and Feodosiy, 5.0, Sights & Landmarks, /Attraction_Review-g294474-d20206211-Reviews-Church_of_Saint_Antoniy_and_Feodosiy-Kyiv_Kiev.html, /Attractions-g294474-Activities-Kyiv_Kiev.html
National Council Of Ukraine For Television And Radio Broadcasting Building, 5.0, Sights & Landmarks, /Attraction_Review-g294474-d20245295-Reviews-National_Council_Of_Ukraine_For_Television_And_Radio_Broadcasting_Building-Kyiv_.html, /Attractions-g294474-Activities-Kyiv_Kiev.html
Marshall Pavel Rybalko Monument, 5.0, Sights & Landmarks, /Attraction_Review-g294474-d20265608-Reviews-Marshall_Pavel_Rybalko_Monument-Kyiv_Kiev.html, /Attractions-g294474-Activities-Kyiv_Kiev.html
Trash Truck Monument, 4.0, Sights & Landmarks, /Attraction_Review-g294474-d4954623-Reviews-Trash_Truck_Monument-Kyiv_Kiev.html, /Attractions-g294474-Activities-Kyiv_Kiev.html
Lypa Petra Mohyly, 5.0, Sights & Landmarks, /Attraction_Review-g294474-d19822978-Reviews-Lypa_Petra_Mohyly-Kyiv_Kiev.html, /Attractions-g294474-Activities-Kyiv_Kiev.html
Monument to Victims of Famine in 1933, 4.0, Sights & Landmarks, /Attraction_Review-g294474-d18454888-Reviews-Monument_to_Victims_of_Famine_in_1933-Kyiv_Kiev.html, /Attractions-g294474-Activities-Kyiv_Kiev.html
National Library of Parliament, 5.0, Traveller Resources, /Attraction_Review-g294474-d20091703-Reviews-National_Library_of_Parliament-Kyiv_Kiev.html, /Attractions-g294474-Activities-Kyiv_Kiev.html
Kyiv Founders' Monument, 4.0, Sights & Landmarks, /Attraction_Review-g294474-d20287128-Reviews-Kyiv_Founders_Monument-Kyiv_Kiev.html, /Attractions-g294474-Activities-Kyiv_Kiev.html
Monument to Kirill and Mefodiy, 5.0, Sights & Landmarks, /Attraction_Review-g294474-d20220728-Reviews-Monument_to_Kirill_and_Mefodiy-Kyiv_Kiev.html, /Attractions-g294474-Activities-Kyiv_Kiev.html
Monument To Georgy Beregovoy, 5.0, Sights & Landmarks, /Attraction_Review-g294474-d20240569-Reviews-Monument_To_Georgy_Beregovoy-Kyiv_Kiev.html, /Attractions-g294474-Activities-Kyiv_Kiev.html
Ukraine National Television Museum, 3.5, Museums, /Attraction_Review-g294474-d3754223-Reviews-Ukraine_National_Television_Museum-Kyiv_Kiev.html, /Attractions-g294474-Activities-Kyiv_Kiev.html
Museum of Metropolitan Volodymyr, 5.0, Museums, /Attraction_Review-g294474-d14133863-Reviews-Museum_of_Metropolitan_Volodymyr-Kyiv_Kiev.html, /Attractions-g294474-Activities-Kyiv_Kiev.html
