attraction_name, attraction_rate, attraction_type, attraction_url, attraction_parent_url
Blacksmithing Museum, 5.0, Museums, /Attraction_Review-g13351116-d15663476-Reviews-Blacksmithing_Museum-Hoshcha_Rivne_Oblast.html, /Attractions-g13351116-Activities-Hoshcha_Rivne_Oblast.html
Water MIll, 5.0, Sights & Landmarks, /Attraction_Review-g13351116-d15350698-Reviews-Water_MIll-Hoshcha_Rivne_Oblast.html, /Attractions-g13351116-Activities-Hoshcha_Rivne_Oblast.html
Sadiba Valevskikh, 4.0, Sights & Landmarks, /Attraction_Review-g13351116-d13307666-Reviews-Sadiba_Valevskikh-Hoshcha_Rivne_Oblast.html, /Attractions-g13351116-Activities-Hoshcha_Rivne_Oblast.html
The Holy Virgin Protection Convent of Goschansk, None, Sights & Landmarks, /Attraction_Review-g13351116-d13307650-Reviews-The_Holy_Virgin_Protection_Convent_of_Goschansk-Hoshcha_Rivne_Oblast.html, /Attractions-g13351116-Activities-Hoshcha_Rivne_Oblast.html
Goshhanskiy Park, None, Nature & Parks, /Attraction_Review-g13351116-d15575908-Reviews-Goshhanskiy_Park-Hoshcha_Rivne_Oblast.html, /Attractions-g13351116-Activities-Hoshcha_Rivne_Oblast.html
Shevchenka Square, None, Sights & Landmarks, /Attraction_Review-g13351116-d15575930-Reviews-Shevchenka_Square-Hoshcha_Rivne_Oblast.html, /Attractions-g13351116-Activities-Hoshcha_Rivne_Oblast.html
Goshhanska Central District Children's Library, None, Traveller Resources, /Attraction_Review-g13351116-d15350924-Reviews-Goshhanska_Central_District_Children_s_Library-Hoshcha_Rivne_Oblast.html, /Attractions-g13351116-Activities-Hoshcha_Rivne_Oblast.html
Monument to Taras Shevchenko, None, Sights & Landmarks, /Attraction_Review-g13351116-d15350688-Reviews-Monument_to_Taras_Shevchenko-Hoshcha_Rivne_Oblast.html, /Attractions-g13351116-Activities-Hoshcha_Rivne_Oblast.html
St. Michael's Church, None, Sights & Landmarks, /Attraction_Review-g13351116-d15350697-Reviews-St_Michael_s_Church-Hoshcha_Rivne_Oblast.html, /Attractions-g13351116-Activities-Hoshcha_Rivne_Oblast.html
Goshhanska Central District Library, None, Traveller Resources, /Attraction_Review-g13351116-d15350708-Reviews-Goshhanska_Central_District_Library-Hoshcha_Rivne_Oblast.html, /Attractions-g13351116-Activities-Hoshcha_Rivne_Oblast.html
