attraction_name, attraction_rate, attraction_type, attraction_url, attraction_parent_url
Museum Staroye Selo, 4.5, Museums, /Attraction_Review-g6818853-d8300150-Reviews-Museum_Staroye_Selo-Kolochava_Zakarpattia_Oblast.html, /Attractions-g6818853-Activities-Kolochava_Zakarpattia_Oblast.html
Kolochavskaya Uzkokoleyka, 4.0, Museums, /Attraction_Review-g6818853-d6782053-Reviews-Kolochavskaya_Uzkokoleyka-Kolochava_Zakarpattia_Oblast.html, /Attractions-g6818853-Activities-Kolochava_Zakarpattia_Oblast.html
Museum Liniya Arpada, 4.5, Museums, /Attraction_Review-g6818853-d9736910-Reviews-Museum_Liniya_Arpada-Kolochava_Zakarpattia_Oblast.html, /Attractions-g6818853-Activities-Kolochava_Zakarpattia_Oblast.html
Sovetska Skola, 4.0, Museums, /Attraction_Review-g6818853-d18344118-Reviews-Sovetska_Skola-Kolochava_Zakarpattia_Oblast.html, /Attractions-g6818853-Activities-Kolochava_Zakarpattia_Oblast.html
Ceska Skola, 4.0, Museums, /Attraction_Review-g6818853-d18344114-Reviews-Ceska_Skola-Kolochava_Zakarpattia_Oblast.html, /Attractions-g6818853-Activities-Kolochava_Zakarpattia_Oblast.html
Trout Homestead, 3.0, Boat Tours & Water Sports, /Attraction_Review-g6818853-d9737188-Reviews-Trout_Homestead-Kolochava_Zakarpattia_Oblast.html, /Attractions-g6818853-Activities-Kolochava_Zakarpattia_Oblast.html
Mineral Spring Kolochava, None, Nature & Parks, /Attraction_Review-g6818853-d17396784-Reviews-Mineral_Spring_Kolochava-Kolochava_Zakarpattia_Oblast.html, /Attractions-g6818853-Activities-Kolochava_Zakarpattia_Oblast.html
