attraction_name, attraction_rate, attraction_type, attraction_url, attraction_parent_url
Akkerman Fortress, 4.5, Sights & Landmarks, /Attraction_Review-g1816345-d3929058-Reviews-Akkerman_Fortress-Bilhorod_Dnistrovskyi_Odessa_Oblast.html, /Attractions-g1816345-Activities-Bilhorod_Dnistrovskyi_Odessa_Oblast.html
Ioannes Suchavsky Underground Church, 4.5, Sights & Landmarks, /Attraction_Review-g1816345-d5772367-Reviews-Ioannes_Suchavsky_Underground_Church-Bilhorod_Dnistrovskyi_Odessa_Oblast.html, /Attractions-g1816345-Activities-Bilhorod_Dnistrovskyi_Odessa_Oblast.html
Bilhorod-Dnistrovskyi Lore Museum, 4.0, Museums, /Attraction_Review-g1816345-d5772372-Reviews-Bilhorod_Dnistrovskyi_Lore_Museum-Bilhorod_Dnistrovskyi_Odessa_Oblast.html, /Attractions-g1816345-Activities-Bilhorod_Dnistrovskyi_Odessa_Oblast.html
Tyras Ruins, 3.5, Sights & Landmarks, /Attraction_Review-g1816345-d5777745-Reviews-Tyras_Ruins-Bilhorod_Dnistrovskyi_Odessa_Oblast.html, /Attractions-g1816345-Activities-Bilhorod_Dnistrovskyi_Odessa_Oblast.html
Armenian Church, 3.5, Sights & Landmarks, /Attraction_Review-g1816345-d5772366-Reviews-Armenian_Church-Bilhorod_Dnistrovskyi_Odessa_Oblast.html, /Attractions-g1816345-Activities-Bilhorod_Dnistrovskyi_Odessa_Oblast.html
Bulgarian Church, 4.0, Sights & Landmarks, /Attraction_Review-g1816345-d5772374-Reviews-Bulgarian_Church-Bilhorod_Dnistrovskyi_Odessa_Oblast.html, /Attractions-g1816345-Activities-Bilhorod_Dnistrovskyi_Odessa_Oblast.html
St.Nicolas Church, 4.5, Sights & Landmarks, /Attraction_Review-g1816345-d5772368-Reviews-St_Nicolas_Church-Bilhorod_Dnistrovskyi_Odessa_Oblast.html, /Attractions-g1816345-Activities-Bilhorod_Dnistrovskyi_Odessa_Oblast.html
Glory Memorial, 3.5, Sights & Landmarks, /Attraction_Review-g1816345-d5817831-Reviews-Glory_Memorial-Bilhorod_Dnistrovskyi_Odessa_Oblast.html, /Attractions-g1816345-Activities-Bilhorod_Dnistrovskyi_Odessa_Oblast.html
Ascension Cathedral, 4.5, Sights & Landmarks, /Attraction_Review-g1816345-d5772369-Reviews-Ascension_Cathedral-Bilhorod_Dnistrovskyi_Odessa_Oblast.html, /Attractions-g1816345-Activities-Bilhorod_Dnistrovskyi_Odessa_Oblast.html
Greek Church, 4.0, Sights & Landmarks, /Attraction_Review-g1816345-d5772365-Reviews-Greek_Church-Bilhorod_Dnistrovskyi_Odessa_Oblast.html, /Attractions-g1816345-Activities-Bilhorod_Dnistrovskyi_Odessa_Oblast.html
Alexandr Barracks, 2.5, Sights & Landmarks, /Attraction_Review-g1816345-d5772376-Reviews-Alexandr_Barracks-Bilhorod_Dnistrovskyi_Odessa_Oblast.html, /Attractions-g1816345-Activities-Bilhorod_Dnistrovskyi_Odessa_Oblast.html
Bilhorod-Dnistrovskiy Jewish Cemetery, 3.0, Sights & Landmarks, /Attraction_Review-g1816345-d5817828-Reviews-Bilhorod_Dnistrovskiy_Jewish_Cemetery-Bilhorod_Dnistrovskyi_Odessa_Oblast.html, /Attractions-g1816345-Activities-Bilhorod_Dnistrovskyi_Odessa_Oblast.html
Scythian Tomb, 3.0, Sights & Landmarks, /Attraction_Review-g1816345-d5772375-Reviews-Scythian_Tomb-Bilhorod_Dnistrovskyi_Odessa_Oblast.html, /Attractions-g1816345-Activities-Bilhorod_Dnistrovskyi_Odessa_Oblast.html
Shevchenko Centre of Culture and Leisure, 4.0, Sights & Landmarks, /Attraction_Review-g1816345-d5817829-Reviews-Shevchenko_Centre_of_Culture_and_Leisure-Bilhorod_Dnistrovskyi_Odessa_Oblast.html, /Attractions-g1816345-Activities-Bilhorod_Dnistrovskyi_Odessa_Oblast.html
Sarmatian Crypt, 3.5, Sights & Landmarks, /Attraction_Review-g1816345-d5772373-Reviews-Sarmatian_Crypt-Bilhorod_Dnistrovskyi_Odessa_Oblast.html, /Attractions-g1816345-Activities-Bilhorod_Dnistrovskyi_Odessa_Oblast.html
Bilhorod-Dnistrovskiy Ethnographic Department, 4.0, Museums, /Attraction_Review-g1816345-d6198967-Reviews-Bilhorod_Dnistrovskiy_Ethnographic_Department-Bilhorod_Dnistrovskyi_Odessa_Oblas.html, /Attractions-g1816345-Activities-Bilhorod_Dnistrovskyi_Odessa_Oblast.html
Belgorod-Dnestrovskiy Fortress Tour, 4.0, Tours, /Attraction_Review-g1816345-d2624684-Reviews-Belgorod_Dnestrovskiy_Fortress_Tour-Bilhorod_Dnistrovskyi_Odessa_Oblast.html, /Attractions-g1816345-Activities-Bilhorod_Dnistrovskyi_Odessa_Oblast.html
Atmosfera, 4.5, Fun & Games, /Attraction_Review-g1816345-d14200324-Reviews-Atmosfera-Bilhorod_Dnistrovskyi_Odessa_Oblast.html, /Attractions-g1816345-Activities-Bilhorod_Dnistrovskyi_Odessa_Oblast.html
