attraction_name, attraction_rate, attraction_type, attraction_url, attraction_parent_url
Peter I House, 3.0, Sights & Landmarks, /Attraction_Review-g1602458-d5774609-Reviews-Peter_I_House-Lutsk_Volyn_Oblast.html, /Attractions-g1602458-Activities-Lutsk_Volyn_Oblast.html
Lesya Ukrainka Museum of Volyn National University, 3.5, Museums, /Attraction_Review-g1602458-d6767311-Reviews-Lesya_Ukrainka_Museum_of_Volyn_National_University-Lutsk_Volyn_Oblast.html, /Attractions-g1602458-Activities-Lutsk_Volyn_Oblast.html
Art Gallery, 4.0, Museums, /Attraction_Review-g1602458-d6750695-Reviews-Art_Gallery-Lutsk_Volyn_Oblast.html, /Attractions-g1602458-Activities-Lutsk_Volyn_Oblast.html
Tourist Information Center, 4.0, Traveller Resources, /Attraction_Review-g1602458-d9865338-Reviews-Tourist_Information_Center-Lutsk_Volyn_Oblast.html, /Attractions-g1602458-Activities-Lutsk_Volyn_Oblast.html
Lutsk Skansen - People's Museum, 4.5, Museums, /Attraction_Review-g1602458-d5788449-Reviews-Lutsk_Skansen_People_s_Museum-Lutsk_Volyn_Oblast.html, /Attractions-g1602458-Activities-Lutsk_Volyn_Oblast.html
Avangard Stadium, 4.0, Sights & Landmarks, /Attraction_Review-g1602458-d6642660-Reviews-Avangard_Stadium-Lutsk_Volyn_Oblast.html, /Attractions-g1602458-Activities-Lutsk_Volyn_Oblast.html
Chartoryiskiy Tower, 3.0, Sights & Landmarks, /Attraction_Review-g1602458-d5788454-Reviews-Chartoryiskiy_Tower-Lutsk_Volyn_Oblast.html, /Attractions-g1602458-Activities-Lutsk_Volyn_Oblast.html
Memorial to Those Shot by NKVD in 1941, 4.0, Sights & Landmarks, /Attraction_Review-g1602458-d5817838-Reviews-Memorial_to_Those_Shot_by_NKVD_in_1941-Lutsk_Volyn_Oblast.html, /Attractions-g1602458-Activities-Lutsk_Volyn_Oblast.html
Oglyadovy Maidanchik, 5.0, Sights & Landmarks, /Attraction_Review-g1602458-d17409262-Reviews-Oglyadovy_Maidanchik-Lutsk_Volyn_Oblast.html, /Attractions-g1602458-Activities-Lutsk_Volyn_Oblast.html
The Kosach Family House, 3.0, Museums, /Attraction_Review-g1602458-d6198958-Reviews-The_Kosach_Family_House-Lutsk_Volyn_Oblast.html, /Attractions-g1602458-Activities-Lutsk_Volyn_Oblast.html
Dominican Monastery, 3.0, Sights & Landmarks, /Attraction_Review-g1602458-d5774606-Reviews-Dominican_Monastery-Lutsk_Volyn_Oblast.html, /Attractions-g1602458-Activities-Lutsk_Volyn_Oblast.html
Garmyder Theater, 4.5, Concerts & Shows, /Attraction_Review-g1602458-d6937450-Reviews-Garmyder_Theater-Lutsk_Volyn_Oblast.html, /Attractions-g1602458-Activities-Lutsk_Volyn_Oblast.html
Chapel-Memorial to Ukraine Independence Fighters, 3.5, Sights & Landmarks, /Attraction_Review-g1602458-d5817836-Reviews-Chapel_Memorial_to_Ukraine_Independence_Fighters-Lutsk_Volyn_Oblast.html, /Attractions-g1602458-Activities-Lutsk_Volyn_Oblast.html
St. Brigitta Monastery, 2.5, Sights & Landmarks, /Attraction_Review-g1602458-d5774607-Reviews-St_Brigitta_Monastery-Lutsk_Volyn_Oblast.html, /Attractions-g1602458-Activities-Lutsk_Volyn_Oblast.html
Museum of Totalitarian Regimes' Victims, 3.0, Museums, /Attraction_Review-g1602458-d5788452-Reviews-Museum_of_Totalitarian_Regimes_Victims-Lutsk_Volyn_Oblast.html, /Attractions-g1602458-Activities-Lutsk_Volyn_Oblast.html
Basilian Monastery, 3.0, Sights & Landmarks, /Attraction_Review-g1602458-d5774608-Reviews-Basilian_Monastery-Lutsk_Volyn_Oblast.html, /Attractions-g1602458-Activities-Lutsk_Volyn_Oblast.html
Museum of Volyn Internal Affairs History, 3.0, Museums, /Attraction_Review-g1602458-d6937440-Reviews-Museum_of_Volyn_Internal_Affairs_History-Lutsk_Volyn_Oblast.html, /Attractions-g1602458-Activities-Lutsk_Volyn_Oblast.html
Hospitable Court, 2.0, Sights & Landmarks, /Attraction_Review-g1602458-d5796338-Reviews-Hospitable_Court-Lutsk_Volyn_Oblast.html, /Attractions-g1602458-Activities-Lutsk_Volyn_Oblast.html
Drive Sports & Wellness Centre, None, Fun & Games, /Attraction_Review-g1602458-d6642661-Reviews-Drive_Sports_Wellness_Centre-Lutsk_Volyn_Oblast.html, /Attractions-g1602458-Activities-Lutsk_Volyn_Oblast.html
Museum of the Technology of the Past, None, Museums, /Attraction_Review-g1602458-d21042450-Reviews-Museum_of_the_Technology_of_the_Past-Lutsk_Volyn_Oblast.html, /Attractions-g1602458-Activities-Lutsk_Volyn_Oblast.html
