attraction_name, attraction_rate, attraction_type, attraction_url, attraction_parent_url
Holy Archangel Michael Nunnery, 4.5, Sights & Landmarks, /Attraction_Review-g295368-d6492947-Reviews-Holy_Archangel_Michael_Nunnery-Odessa_Odessa_Oblast.html, /Attractions-g295368-Activities-Odessa_Odessa_Oblast.html
Sculpture Garden, 4.0, Nature & Parks, /Attraction_Review-g295368-d8263834-Reviews-Sculpture_Garden-Odessa_Odessa_Oblast.html, /Attractions-g295368-Activities-Odessa_Odessa_Oblast.html
Stepov's Ukraine Museum, 4.0, Museums, /Attraction_Review-g295368-d6491303-Reviews-Stepov_s_Ukraine_Museum-Odessa_Odessa_Oblast.html, /Attractions-g295368-Activities-Odessa_Odessa_Oblast.html
The Armenian Apostolic Church, 4.0, Sights & Landmarks, /Attraction_Review-g295368-d6503147-Reviews-The_Armenian_Apostolic_Church-Odessa_Odessa_Oblast.html, /Attractions-g295368-Activities-Odessa_Odessa_Oblast.html
The House of the Sun, 4.5, Sights & Landmarks, /Attraction_Review-g295368-d15083630-Reviews-The_House_of_the_Sun-Odessa_Odessa_Oblast.html, /Attractions-g295368-Activities-Odessa_Odessa_Oblast.html
Church of St. Alexander Svirskiy, 4.5, Sights & Landmarks, /Attraction_Review-g295368-d6492324-Reviews-Church_of_St_Alexander_Svirskiy-Odessa_Odessa_Oblast.html, /Attractions-g295368-Activities-Odessa_Odessa_Oblast.html
Ledovyy Katok 'Ice Age', 5.0, Fun & Games, /Attraction_Review-g295368-d11699649-Reviews-Ledovyy_Katok_Ice_Age-Odessa_Odessa_Oblast.html, /Attractions-g295368-Activities-Odessa_Odessa_Oblast.html
Abduction of Europa Monument, 4.0, Sights & Landmarks, /Attraction_Review-g295368-d3377688-Reviews-Abduction_of_Europa_Monument-Odessa_Odessa_Oblast.html, /Attractions-g295368-Activities-Odessa_Odessa_Oblast.html
Fountain of Perfume, 4.0, Sights & Landmarks, /Attraction_Review-g295368-d8263761-Reviews-Fountain_of_Perfume-Odessa_Odessa_Oblast.html, /Attractions-g295368-Activities-Odessa_Odessa_Oblast.html
Holy Trinity Church, 4.5, Sights & Landmarks, /Attraction_Review-g295368-d6493064-Reviews-Holy_Trinity_Church-Odessa_Odessa_Oblast.html, /Attractions-g295368-Activities-Odessa_Odessa_Oblast.html
Church of the Vladimir Icon of the Mother of God, 4.5, Sights & Landmarks, /Attraction_Review-g295368-d6492858-Reviews-Church_of_the_Vladimir_Icon_of_the_Mother_of_God-Odessa_Odessa_Oblast.html, /Attractions-g295368-Activities-Odessa_Odessa_Oblast.html
Temple of Our Lady's Icon of Surety of Sinners, 3.5, Sights & Landmarks, /Attraction_Review-g295368-d6493783-Reviews-Temple_of_Our_Lady_s_Icon_of_Surety_of_Sinners-Odessa_Odessa_Oblast.html, /Attractions-g295368-Activities-Odessa_Odessa_Oblast.html
Holy Nativity of the Mother Church, 4.0, Sights & Landmarks, /Attraction_Review-g295368-d6492987-Reviews-Holy_Nativity_of_the_Mother_Church-Odessa_Odessa_Oblast.html, /Attractions-g295368-Activities-Odessa_Odessa_Oblast.html
Monument to Vera Holodnaya, 4.0, Sights & Landmarks, /Attraction_Review-g295368-d5259017-Reviews-Monument_to_Vera_Holodnaya-Odessa_Odessa_Oblast.html, /Attractions-g295368-Activities-Odessa_Odessa_Oblast.html
Dyukovskiy Garden, 3.0, Nature & Parks, /Attraction_Review-g295368-d7033174-Reviews-Dyukovskiy_Garden-Odessa_Odessa_Oblast.html, /Attractions-g295368-Activities-Odessa_Odessa_Oblast.html
Сhabad, 4.5, Museums, /Attraction_Review-g295368-d8094479-Reviews-Habad-Odessa_Odessa_Oblast.html, /Attractions-g295368-Activities-Odessa_Odessa_Oblast.html
Aurum Modern Art Center, 4.5, Sights & Landmarks, /Attraction_Review-g295368-d6490369-Reviews-Aurum_Modern_Art_Center-Odessa_Odessa_Oblast.html, /Attractions-g295368-Activities-Odessa_Odessa_Oblast.html
Church in Honor of Prince Vladimir and Mortyr Lyudmila Cheshskaya, 4.5, Sights & Landmarks, /Attraction_Review-g295368-d6492178-Reviews-Church_in_Honor_of_Prince_Vladimir_and_Mortyr_Lyudmila_Cheshskaya-Odessa_Odessa_O.html, /Attractions-g295368-Activities-Odessa_Odessa_Oblast.html
Sports and Entertainment Complex Mexico, 3.5, Fun & Games, /Attraction_Review-g295368-d7208056-Reviews-Sports_and_Entertainment_Complex_Mexico-Odessa_Odessa_Oblast.html, /Attractions-g295368-Activities-Odessa_Odessa_Oblast.html
Roof of the World, 4.0, Sights & Landmarks, /Attraction_Review-g295368-d10629551-Reviews-Roof_of_the_World-Odessa_Odessa_Oblast.html, /Attractions-g295368-Activities-Odessa_Odessa_Oblast.html
Odessa Private Brewery, 4.5, Food & Drink, /Attraction_Review-g295368-d12076411-Reviews-Odessa_Private_Brewery-Odessa_Odessa_Oblast.html, /Attractions-g295368-Activities-Odessa_Odessa_Oblast.html
Church of St. George the Victorious, 4.5, Sights & Landmarks, /Attraction_Review-g295368-d6492363-Reviews-Church_of_St_George_the_Victorious-Odessa_Odessa_Oblast.html, /Attractions-g295368-Activities-Odessa_Odessa_Oblast.html
Memory of Victims of Fascism Museum of the Holocaust, 3.5, Museums, /Attraction_Review-g295368-d6490808-Reviews-Memory_of_Victims_of_Fascism_Museum_of_the_Holocaust-Odessa_Odessa_Oblast.html, /Attractions-g295368-Activities-Odessa_Odessa_Oblast.html
Church of St. John of Kronstadt, 3.0, Sights & Landmarks, /Attraction_Review-g295368-d6492370-Reviews-Church_of_St_John_of_Kronstadt-Odessa_Odessa_Oblast.html, /Attractions-g295368-Activities-Odessa_Odessa_Oblast.html
Christ Love Church, 5.0, Sights & Landmarks, /Attraction_Review-g295368-d15037484-Reviews-Christ_Love_Church-Odessa_Odessa_Oblast.html, /Attractions-g295368-Activities-Odessa_Odessa_Oblast.html
The Temple in Honor of the Miraculous Icon of the Blessed Virgin of the Sign Kurskaya Korennaya, 4.5, Sights & Landmarks, /Attraction_Review-g295368-d6494248-Reviews-The_Temple_in_Honor_of_the_Miraculous_Icon_of_the_Blessed_Virgin_of_the_Sign_Kurs.html, /Attractions-g295368-Activities-Odessa_Odessa_Oblast.html
Odessa and Simferopol Diocese of the Roman Catholic Church, 4.0, Sights & Landmarks, /Attraction_Review-g295368-d6493302-Reviews-Odessa_and_Simferopol_Diocese_of_the_Roman_Catholic_Church-Odessa_Odessa_Oblast.html, /Attractions-g295368-Activities-Odessa_Odessa_Oblast.html
Museum of History of Law-Enforcement Bodies of Odessa Region, 4.5, Museums, /Attraction_Review-g295368-d6490930-Reviews-Museum_of_History_of_Law_Enforcement_Bodies_of_Odessa_Region-Odessa_Odessa_Oblast.html, /Attractions-g295368-Activities-Odessa_Odessa_Oblast.html
Literary-Memorial Museum Paustovskogo, 4.5, Museums, /Attraction_Review-g295368-d6490701-Reviews-Literary_Memorial_Museum_Paustovskogo-Odessa_Odessa_Oblast.html, /Attractions-g295368-Activities-Odessa_Odessa_Oblast.html
Boro-Boro, 5.0, Outdoor Activities, /Attraction_Review-g295368-d17651157-Reviews-Boro_Boro-Odessa_Odessa_Oblast.html, /Attractions-g295368-Activities-Odessa_Odessa_Oblast.html
