attraction_name, attraction_rate, attraction_type, attraction_url, attraction_parent_url
Football field, 3.5, Fun & Games, /Attraction_Review-g294474-d9602449-Reviews-Football_field-Kyiv_Kiev.html, /Attractions-g294474-Activities-Kyiv_Kiev.html
Lukyanivske Cemetery State Historical and Memorial Reserve, 2.0, Sights & Landmarks, /Attraction_Review-g294474-d3750469-Reviews-Lukyanivske_Cemetery_State_Historical_and_Memorial_Reserve-Kyiv_Kiev.html, /Attractions-g294474-Activities-Kyiv_Kiev.html
Ukrainian Culture and Art Centre, 3.0, Sights & Landmarks, /Attraction_Review-g294474-d6827634-Reviews-Ukrainian_Culture_and_Art_Centre-Kyiv_Kiev.html, /Attractions-g294474-Activities-Kyiv_Kiev.html
Fountain of Lovers, 3.0, Sights & Landmarks, /Attraction_Review-g294474-d4550163-Reviews-Fountain_of_Lovers-Kyiv_Kiev.html, /Attractions-g294474-Activities-Kyiv_Kiev.html
Chicken Kyiv Sculpture, 1.0, Sights & Landmarks, /Attraction_Review-g294474-d14117315-Reviews-Chicken_Kyiv_Sculpture-Kyiv_Kiev.html, /Attractions-g294474-Activities-Kyiv_Kiev.html
Boris Grinchenko Museum, 3.0, Museums, /Attraction_Review-g294474-d7020239-Reviews-Boris_Grinchenko_Museum-Kyiv_Kiev.html, /Attractions-g294474-Activities-Kyiv_Kiev.html
Temple of St. Roman Sladkopevtsa, 4.0, Sights & Landmarks, /Attraction_Review-g294474-d7085095-Reviews-Temple_of_St_Roman_Sladkopevtsa-Kyiv_Kiev.html, /Attractions-g294474-Activities-Kyiv_Kiev.html
Ushinski City Garden, 3.0, Nature & Parks, /Attraction_Review-g294474-d7085182-Reviews-Ushinski_City_Garden-Kyiv_Kiev.html, /Attractions-g294474-Activities-Kyiv_Kiev.html
Landscape-Recreational Park Tikhaya Bukhta, 5.0, Nature & Parks, /Attraction_Review-g294474-d13150249-Reviews-Landscape_Recreational_Park_Tikhaya_Bukhta-Kyiv_Kiev.html, /Attractions-g294474-Activities-Kyiv_Kiev.html
Contemporary Center of Fake Art, 3.0, Sights & Landmarks, /Attraction_Review-g294474-d6733918-Reviews-Contemporary_Center_of_Fake_Art-Kyiv_Kiev.html, /Attractions-g294474-Activities-Kyiv_Kiev.html
Mykola Bazhan Literary Memorial Museum – Apartment, 4.0, Museums, /Attraction_Review-g294474-d6733786-Reviews-Mykola_Bazhan_Literary_Memorial_Museum_Apartment-Kyiv_Kiev.html, /Attractions-g294474-Activities-Kyiv_Kiev.html
Аrt Imperia Gallery, 5.0, Sights & Landmarks, /Attraction_Review-g294474-d6733912-Reviews-Rt_Imperia_Gallery-Kyiv_Kiev.html, /Attractions-g294474-Activities-Kyiv_Kiev.html
Second Floor Art Center, 4.0, Museums, /Attraction_Review-g294474-d12094728-Reviews-Second_Floor_Art_Center-Kyiv_Kiev.html, /Attractions-g294474-Activities-Kyiv_Kiev.html
Minus 4 Art Gallery, 4.0, Museums, /Attraction_Review-g294474-d6995623-Reviews-Minus_4_Art_Gallery-Kyiv_Kiev.html, /Attractions-g294474-Activities-Kyiv_Kiev.html
Сhemist Nikolay Frommet Mansion, 3.0, Sights & Landmarks, /Attraction_Review-g294474-d6835010-Reviews-Hemist_Nikolay_Frommet_Mansion-Kyiv_Kiev.html, /Attractions-g294474-Activities-Kyiv_Kiev.html
Gorka Kristera Park, 5.0, Nature & Parks, /Attraction_Review-g294474-d7085157-Reviews-Gorka_Kristera_Park-Kyiv_Kiev.html, /Attractions-g294474-Activities-Kyiv_Kiev.html
Marionette Theatre, 5.0, Concerts & Shows, /Attraction_Review-g294474-d6875311-Reviews-Marionette_Theatre-Kyiv_Kiev.html, /Attractions-g294474-Activities-Kyiv_Kiev.html
Memorial'naya doska Golde Meir, 3.0, Sights & Landmarks, /Attraction_Review-g294474-d20296521-Reviews-Memorial_naya_doska_Golde_Meir-Kyiv_Kiev.html, /Attractions-g294474-Activities-Kyiv_Kiev.html
Pam'yatnyy Khrest Zhertvam Holodomoru Ta Politychnykh Represiy V Ukrayini, 3.0, Sights & Landmarks, /Attraction_Review-g294474-d20296528-Reviews-Pam_yatnyy_Khrest_Zhertvam_Holodomoru_Ta_Politychnykh_Represiy_V_Ukrayini-Kyiv_K.html, /Attractions-g294474-Activities-Kyiv_Kiev.html
Madonna Protection Church, 5.0, Sights & Landmarks, /Attraction_Review-g294474-d7007325-Reviews-Madonna_Protection_Church-Kyiv_Kiev.html, /Attractions-g294474-Activities-Kyiv_Kiev.html
Kyiv Defense Staff Memorial Plaque, 2.0, Sights & Landmarks, /Attraction_Review-g294474-d20263059-Reviews-Kyiv_Defense_Staff_Memorial_Plaque-Kyiv_Kiev.html, /Attractions-g294474-Activities-Kyiv_Kiev.html
Zavalnyi Art Center, None, Museums, /Attraction_Review-g294474-d17624510-Reviews-Zavalnyi_Art_Center-Kyiv_Kiev.html, /Attractions-g294474-Activities-Kyiv_Kiev.html
Museum of One Nation na Pochtoviy Plosshi, None, Museums, /Attraction_Review-g294474-d19974203-Reviews-Museum_of_One_Nation_na_Pochtoviy_Plosshi-Kyiv_Kiev.html, /Attractions-g294474-Activities-Kyiv_Kiev.html
Saint Vladimir Monument, 5.0, Sights & Landmarks, /Attraction_Review-g294474-d22979750-Reviews-Saint_Vladimir_Monument-Kyiv_Kiev.html, /Attractions-g294474-Activities-Kyiv_Kiev.html
Kozlovskyi Art Center, 5.0, Concerts & Shows, /Attraction_Review-g294474-d21185679-Reviews-Kozlovskyi_Art_Center-Kyiv_Kiev.html, /Attractions-g294474-Activities-Kyiv_Kiev.html
Zhitniy Market, 5.0, Food & Drink, /Attraction_Review-g294474-d14214753-Reviews-Zhitniy_Market-Kyiv_Kiev.html, /Attractions-g294474-Activities-Kyiv_Kiev.html
Mykhailo Hrushevskyi Monument, 4.0, Sights & Landmarks, /Attraction_Review-g294474-d20316787-Reviews-Mykhailo_Hrushevskyi_Monument-Kyiv_Kiev.html, /Attractions-g294474-Activities-Kyiv_Kiev.html
The Monument to Eternal Glory, 4.0, Sights & Landmarks, /Attraction_Review-g294474-d20355534-Reviews-The_Monument_to_Eternal_Glory-Kyiv_Kiev.html, /Attractions-g294474-Activities-Kyiv_Kiev.html
Volodimir Korotkievich Monument, 5.0, Sights & Landmarks, /Attraction_Review-g294474-d20435957-Reviews-Volodimir_Korotkievich_Monument-Kyiv_Kiev.html, /Attractions-g294474-Activities-Kyiv_Kiev.html
Ikony Bozhhiyey Materi Vsekh Skorbyashikh Radost Church, 4.0, Sights & Landmarks, /Attraction_Review-g294474-d20814418-Reviews-Ikony_Bozhhiyey_Materi_Vsekh_Skorbyashikh_Radost_Church-Kyiv_Kiev.html, /Attractions-g294474-Activities-Kyiv_Kiev.html
