attraction_name, attraction_rate, attraction_type, attraction_url, attraction_parent_url
Dolphinarium Akvarel, 5.0, Zoos & Aquariums, /Attraction_Review-g4046658-d7854537-Reviews-Dolphinarium_Akvarel-Skadovsk_Kherson_Oblast.html, /Attractions-g4046658-Activities-Skadovsk_Kherson_Oblast.html
Regional Local Lore Museum, 4.5, Museums, /Attraction_Review-g4046658-d9707935-Reviews-Regional_Local_Lore_Museum-Skadovsk_Kherson_Oblast.html, /Attractions-g4046658-Activities-Skadovsk_Kherson_Oblast.html
Aquapark Akvatoriya, 5.0, Water & Amusement Parks, /Attraction_Review-g4046658-d12272387-Reviews-Aquapark_Akvatoriya-Skadovsk_Kherson_Oblast.html, /Attractions-g4046658-Activities-Skadovsk_Kherson_Oblast.html
Ozon Nigt Club, 2.0, Nightlife, /Attraction_Review-g4046658-d12272385-Reviews-Ozon_Nigt_Club-Skadovsk_Kherson_Oblast.html, /Attractions-g4046658-Activities-Skadovsk_Kherson_Oblast.html
