attraction_name, attraction_rate, attraction_type, attraction_url, attraction_parent_url
Dahl Street, 5.0, Sights & Landmarks, /Attraction_Review-g303932-d552604-Reviews-Dahl_Street-Luhansk_Luhansk_Oblast.html, /Attractions-g303932-Activities-Luhansk_Luhansk_Oblast.html
Aviation Technical Museum, 5.0, Museums, /Attraction_Review-g303932-d4459677-Reviews-Aviation_Technical_Museum-Luhansk_Luhansk_Oblast.html, /Attractions-g303932-Activities-Luhansk_Luhansk_Oblast.html
Philip of Luhansk, 5.0, Sights & Landmarks, /Attraction_Review-g303932-d536397-Reviews-Philip_of_Luhansk-Luhansk_Luhansk_Oblast.html, /Attractions-g303932-Activities-Luhansk_Luhansk_Oblast.html
St.Peter and St.Paul's Cathedral, 4.5, Sights & Landmarks, /Attraction_Review-g303932-d552608-Reviews-St_Peter_and_St_Paul_s_Cathedral-Luhansk_Luhansk_Oblast.html, /Attractions-g303932-Activities-Luhansk_Luhansk_Oblast.html
Fine Arts Museum, 5.0, Museums, /Attraction_Review-g303932-d550251-Reviews-Fine_Arts_Museum-Luhansk_Luhansk_Oblast.html, /Attractions-g303932-Activities-Luhansk_Luhansk_Oblast.html
Railway Station, 4.0, Transportation, /Attraction_Review-g303932-d552617-Reviews-Railway_Station-Luhansk_Luhansk_Oblast.html, /Attractions-g303932-Activities-Luhansk_Luhansk_Oblast.html
Vladimir Dahl's House, 5.0, Sights & Landmarks, /Attraction_Review-g303932-d552430-Reviews-Vladimir_Dahl_s_House-Luhansk_Luhansk_Oblast.html, /Attractions-g303932-Activities-Luhansk_Luhansk_Oblast.html
Luhanskteplovoz, 4.0, Other, /Attraction_Review-g303932-d552601-Reviews-Luhanskteplovoz-Luhansk_Luhansk_Oblast.html, /Attractions-g303932-Activities-Luhansk_Luhansk_Oblast.html
Sea of Luhansk, 4.0, Nature & Parks, /Attraction_Review-g303932-d552593-Reviews-Sea_of_Luhansk-Luhansk_Luhansk_Oblast.html, /Attractions-g303932-Activities-Luhansk_Luhansk_Oblast.html
Heroes Square, 4.0, Sights & Landmarks, /Attraction_Review-g303932-d552607-Reviews-Heroes_Square-Luhansk_Luhansk_Oblast.html, /Attractions-g303932-Activities-Luhansk_Luhansk_Oblast.html
Children's shopping center Plastilin, 3.5, Shopping, /Attraction_Review-g303932-d3802335-Reviews-Children_s_shopping_center_Plastilin-Luhansk_Luhansk_Oblast.html, /Attractions-g303932-Activities-Luhansk_Luhansk_Oblast.html
Steam Locomotive Monument, 4.5, Sights & Landmarks, /Attraction_Review-g303932-d552627-Reviews-Steam_Locomotive_Monument-Luhansk_Luhansk_Oblast.html, /Attractions-g303932-Activities-Luhansk_Luhansk_Oblast.html
Museum of Local Lore, 4.5, Museums, /Attraction_Review-g303932-d552613-Reviews-Museum_of_Local_Lore-Luhansk_Luhansk_Oblast.html, /Attractions-g303932-Activities-Luhansk_Luhansk_Oblast.html
College of Arts, 5.0, Museums, /Attraction_Review-g303932-d552619-Reviews-College_of_Arts-Luhansk_Luhansk_Oblast.html, /Attractions-g303932-Activities-Luhansk_Luhansk_Oblast.html
Hotel Ukraina, 5.0, Sights & Landmarks, /Attraction_Review-g303932-d14988558-Reviews-Hotel_Ukraina-Luhansk_Luhansk_Oblast.html, /Attractions-g303932-Activities-Luhansk_Luhansk_Oblast.html
Ablosut Supermarket, 3.5, Shopping, /Attraction_Review-g303932-d552595-Reviews-Ablosut_Supermarket-Luhansk_Luhansk_Oblast.html, /Attractions-g303932-Activities-Luhansk_Luhansk_Oblast.html
Gorky Library, 4.5, Traveller Resources, /Attraction_Review-g303932-d552605-Reviews-Gorky_Library-Luhansk_Luhansk_Oblast.html, /Attractions-g303932-Activities-Luhansk_Luhansk_Oblast.html
Chernobyl Memorial, 5.0, Sights & Landmarks, /Attraction_Review-g303932-d552427-Reviews-Chernobyl_Memorial-Luhansk_Luhansk_Oblast.html, /Attractions-g303932-Activities-Luhansk_Luhansk_Oblast.html
Railwaymen Palace of Culture, 4.0, Concerts & Shows, /Attraction_Review-g303932-d552620-Reviews-Railwaymen_Palace_of_Culture-Luhansk_Luhansk_Oblast.html, /Attractions-g303932-Activities-Luhansk_Luhansk_Oblast.html
Carl Gascoigne Monument, 4.5, Sights & Landmarks, /Attraction_Review-g303932-d552598-Reviews-Carl_Gascoigne_Monument-Luhansk_Luhansk_Oblast.html, /Attractions-g303932-Activities-Luhansk_Luhansk_Oblast.html
Lugansk City History and Culture Museum, 4.0, Sights & Landmarks, /Attraction_Review-g303932-d15002335-Reviews-Lugansk_City_History_and_Culture_Museum-Luhansk_Luhansk_Oblast.html, /Attractions-g303932-Activities-Luhansk_Luhansk_Oblast.html
Voroshilov Square, 4.5, Sights & Landmarks, /Attraction_Review-g303932-d552628-Reviews-Voroshilov_Square-Luhansk_Luhansk_Oblast.html, /Attractions-g303932-Activities-Luhansk_Luhansk_Oblast.html
Russian Music and Drama Theater, 5.0, Concerts & Shows, /Attraction_Review-g303932-d552623-Reviews-Russian_Music_and_Drama_Theater-Luhansk_Luhansk_Oblast.html, /Attractions-g303932-Activities-Luhansk_Luhansk_Oblast.html
St.Nickolas Transfiguration Cathedral, 5.0, Sights & Landmarks, /Attraction_Review-g303932-d552428-Reviews-St_Nickolas_Transfiguration_Cathedral-Luhansk_Luhansk_Oblast.html, /Attractions-g303932-Activities-Luhansk_Luhansk_Oblast.html
1st of May Park, 3.0, Zoos & Aquariums, /Attraction_Review-g303932-d15002245-Reviews-1st_of_May_Park-Luhansk_Luhansk_Oblast.html, /Attractions-g303932-Activities-Luhansk_Luhansk_Oblast.html
Revolution Fighters Square, 4.0, Sights & Landmarks, /Attraction_Review-g303932-d552622-Reviews-Revolution_Fighters_Square-Luhansk_Luhansk_Oblast.html, /Attractions-g303932-Activities-Luhansk_Luhansk_Oblast.html
Young Guards, 5.0, Nature & Parks, /Attraction_Review-g303932-d552614-Reviews-Young_Guards-Luhansk_Luhansk_Oblast.html, /Attractions-g303932-Activities-Luhansk_Luhansk_Oblast.html
Cannon of Luhansk, None, Other, /Attraction_Review-g303932-d552597-Reviews-Cannon_of_Luhansk-Luhansk_Luhansk_Oblast.html, /Attractions-g303932-Activities-Luhansk_Luhansk_Oblast.html
St. George Chapel, None, Sights & Landmarks, /Attraction_Review-g303932-d552624-Reviews-St_George_Chapel-Luhansk_Luhansk_Oblast.html, /Attractions-g303932-Activities-Luhansk_Luhansk_Oblast.html
Luhansk Academic Drama and MusicalTheater, None, Concerts & Shows, /Attraction_Review-g303932-d552429-Reviews-Luhansk_Academic_Drama_and_MusicalTheater-Luhansk_Luhansk_Oblast.html, /Attractions-g303932-Activities-Luhansk_Luhansk_Oblast.html
