attraction_name, attraction_rate, attraction_type, attraction_url, attraction_parent_url
Chaika Beach, 3.5, Nature & Parks, /Attraction_Review-g295368-d12708049-Reviews-Chaika_Beach-Odessa_Odessa_Oblast.html, /Attractions-g295368-Activities-Odessa_Odessa_Oblast.html
Odessa National Research Library, 4.5, Traveller Resources, /Attraction_Review-g295368-d3812822-Reviews-Odessa_National_Research_Library-Odessa_Odessa_Oblast.html, /Attractions-g295368-Activities-Odessa_Odessa_Oblast.html
Mineralogical Museum, 4.5, Museums, /Attraction_Review-g295368-d6491053-Reviews-Mineralogical_Museum-Odessa_Odessa_Oblast.html, /Attractions-g295368-Activities-Odessa_Odessa_Oblast.html
Museum of Chocolat, 4.0, Museums, /Attraction_Review-g295368-d15297734-Reviews-Museum_of_Chocolat-Odessa_Odessa_Oblast.html, /Attractions-g295368-Activities-Odessa_Odessa_Oblast.html
Temple of St. Mary Magdalene, 4.0, Sights & Landmarks, /Attraction_Review-g295368-d6493823-Reviews-Temple_of_St_Mary_Magdalene-Odessa_Odessa_Oblast.html, /Attractions-g295368-Activities-Odessa_Odessa_Oblast.html
Military-Historical Museum of the Southern Operational Command, 4.0, Museums, /Attraction_Review-g295368-d6490827-Reviews-Military_Historical_Museum_of_the_Southern_Operational_Command-Odessa_Odessa_Obla.html, /Attractions-g295368-Activities-Odessa_Odessa_Oblast.html
Summer Theater  Sea Station, 5.0, Concerts & Shows, /Attraction_Review-g295368-d17690473-Reviews-Summer_Theater_Sea_Station-Odessa_Odessa_Oblast.html, /Attractions-g295368-Activities-Odessa_Odessa_Oblast.html
Avenue of Stars, 4.0, Sights & Landmarks, /Attraction_Review-g295368-d8734813-Reviews-Avenue_of_Stars-Odessa_Odessa_Oblast.html, /Attractions-g295368-Activities-Odessa_Odessa_Oblast.html
Chapel of St. Xenia of Petersburg and Matrona of Moscow, 4.5, Sights & Landmarks, /Attraction_Review-g295368-d6492053-Reviews-Chapel_of_St_Xenia_of_Petersburg_and_Matrona_of_Moscow-Odessa_Odessa_Oblast.html, /Attractions-g295368-Activities-Odessa_Odessa_Oblast.html
The Church of St. Luke and the Archangel Michael, 4.5, Sights & Landmarks, /Attraction_Review-g295368-d6494145-Reviews-The_Church_of_St_Luke_and_the_Archangel_Michael-Odessa_Odessa_Oblast.html, /Attractions-g295368-Activities-Odessa_Odessa_Oblast.html
St. Elijah Monastery, 4.0, Sights & Landmarks, /Attraction_Review-g295368-d6503079-Reviews-St_Elijah_Monastery-Odessa_Odessa_Oblast.html, /Attractions-g295368-Activities-Odessa_Odessa_Oblast.html
Odessa Synagogue, 4.0, Sights & Landmarks, /Attraction_Review-g295368-d6493668-Reviews-Odessa_Synagogue-Odessa_Odessa_Oblast.html, /Attractions-g295368-Activities-Odessa_Odessa_Oblast.html
Chernomorets, 4.0, Sights & Landmarks, /Attraction_Review-g295368-d8044436-Reviews-Chernomorets-Odessa_Odessa_Oblast.html, /Attractions-g295368-Activities-Odessa_Odessa_Oblast.html
St. Iver Monastery, 3.0, Sights & Landmarks, /Attraction_Review-g295368-d6493574-Reviews-St_Iver_Monastery-Odessa_Odessa_Oblast.html, /Attractions-g295368-Activities-Odessa_Odessa_Oblast.html
City Council, 4.0, Sights & Landmarks, /Attraction_Review-g295368-d8263789-Reviews-City_Council-Odessa_Odessa_Oblast.html, /Attractions-g295368-Activities-Odessa_Odessa_Oblast.html
Church of Holy Martyr Tatiana, 4.0, Sights & Landmarks, /Attraction_Review-g295368-d6492279-Reviews-Church_of_Holy_Martyr_Tatiana-Odessa_Odessa_Oblast.html, /Attractions-g295368-Activities-Odessa_Odessa_Oblast.html
Gapchinska Art Gallery, 5.0, Museums, /Attraction_Review-g295368-d6502289-Reviews-Gapchinska_Art_Gallery-Odessa_Odessa_Oblast.html, /Attractions-g295368-Activities-Odessa_Odessa_Oblast.html
Odessa Museum of Sound Vasily Pinchuk, 4.5, Museums, /Attraction_Review-g295368-d8528244-Reviews-Odessa_Museum_of_Sound_Vasily_Pinchuk-Odessa_Odessa_Oblast.html, /Attractions-g295368-Activities-Odessa_Odessa_Oblast.html
Odessa Tourist Information Center, 4.0, Traveller Resources, /Attraction_Review-g295368-d10307054-Reviews-Odessa_Tourist_Information_Center-Odessa_Odessa_Oblast.html, /Attractions-g295368-Activities-Odessa_Odessa_Oblast.html
KADORR City Mall, 4.0, Shopping, /Attraction_Review-g295368-d14138948-Reviews-KADORR_City_Mall-Odessa_Odessa_Oblast.html, /Attractions-g295368-Activities-Odessa_Odessa_Oblast.html
Church of the Holy Virgin's Icon Vsetsaritsa, 4.0, Sights & Landmarks, /Attraction_Review-g295368-d6492687-Reviews-Church_of_the_Holy_Virgin_s_Icon_Vsetsaritsa-Odessa_Odessa_Oblast.html, /Attractions-g295368-Activities-Odessa_Odessa_Oblast.html
Odessa Academic Ukrainian Musical and Drama Theater, 4.5, Concerts & Shows, /Attraction_Review-g295368-d6502509-Reviews-Odessa_Academic_Ukrainian_Musical_and_Drama_Theater-Odessa_Odessa_Oblast.html, /Attractions-g295368-Activities-Odessa_Odessa_Oblast.html
Museum Exhibition Complex, 4.5, Museums, /Attraction_Review-g295368-d6490872-Reviews-Museum_Exhibition_Complex-Odessa_Odessa_Oblast.html, /Attractions-g295368-Activities-Odessa_Odessa_Oblast.html
Odessa Theater of the Young Viewer, 4.5, Concerts & Shows, /Attraction_Review-g295368-d6502524-Reviews-Odessa_Theater_of_the_Young_Viewer-Odessa_Odessa_Oblast.html, /Attractions-g295368-Activities-Odessa_Odessa_Oblast.html
Holy Trinity Cathedral, 4.0, Sights & Landmarks, /Attraction_Review-g295368-d6493008-Reviews-Holy_Trinity_Cathedral-Odessa_Odessa_Oblast.html, /Attractions-g295368-Activities-Odessa_Odessa_Oblast.html
10 Apryelya Square, 4.5, Sights & Landmarks, /Attraction_Review-g295368-d8815638-Reviews-10_Apryelya_Square-Odessa_Odessa_Oblast.html, /Attractions-g295368-Activities-Odessa_Odessa_Oblast.html
Temple of St. Seraphim of Sarov, 4.0, Sights & Landmarks, /Attraction_Review-g295368-d6493855-Reviews-Temple_of_St_Seraphim_of_Sarov-Odessa_Odessa_Oblast.html, /Attractions-g295368-Activities-Odessa_Odessa_Oblast.html
Sady Pobedy Art Gallery, 3.5, Museums, /Attraction_Review-g295368-d7084278-Reviews-Sady_Pobedy_Art_Gallery-Odessa_Odessa_Oblast.html, /Attractions-g295368-Activities-Odessa_Odessa_Oblast.html
Church of the Nativity, 4.5, Sights & Landmarks, /Attraction_Review-g295368-d6492777-Reviews-Church_of_the_Nativity-Odessa_Odessa_Oblast.html, /Attractions-g295368-Activities-Odessa_Odessa_Oblast.html
Temple of St. Andrew&& Ukrainian Greek Catholic Church, 4.0, Sights & Landmarks, /Attraction_Review-g295368-d6493822-Reviews-Temple_of_St_Andrew_Ukrainian_Greek_Catholic_Church-Odessa_Odessa_Oblast.html, /Attractions-g295368-Activities-Odessa_Odessa_Oblast.html
