attraction_name, attraction_rate, attraction_type, attraction_url, attraction_parent_url
Blue Lake, 4.5, Nature & Parks, /Attraction_Review-g4004405-d6733943-Reviews-Blue_Lake-Myhiya_Mykolaiv_Oblast.html, /Attractions-g4004405-Activities-Myhiya_Mykolaiv_Oblast.html
Bugskiy Gard Natural Reserve – Migiya Cataracts, 5.0, Nature & Parks, /Attraction_Review-g4004405-d6733939-Reviews-Bugskiy_Gard_Natural_Reserve_Migiya_Cataracts-Myhiya_Mykolaiv_Oblast.html, /Attractions-g4004405-Activities-Myhiya_Mykolaiv_Oblast.html
Joseph Skarzhinskiy Watermill, 5.0, Sights & Landmarks, /Attraction_Review-g4004405-d6733940-Reviews-Joseph_Skarzhinskiy_Watermill-Myhiya_Mykolaiv_Oblast.html, /Attractions-g4004405-Activities-Myhiya_Mykolaiv_Oblast.html
Migeyskiye Rapids - rafting camp, 5.0, Boat Tours & Water Sports, /Attraction_Review-g4004405-d3964560-Reviews-Migeyskiye_Rapids_rafting_camp-Myhiya_Mykolaiv_Oblast.html, /Attractions-g4004405-Activities-Myhiya_Mykolaiv_Oblast.html
Trolley v Migiye, 5.0, Tours, /Attraction_Review-g4004405-d14149361-Reviews-Trolley_v_Migiye-Myhiya_Mykolaiv_Oblast.html, /Attractions-g4004405-Activities-Myhiya_Mykolaiv_Oblast.html
Rafting Tour, 5.0, Boat Tours & Water Sports, /Attraction_Review-g4004405-d21087131-Reviews-Rafting_Tour-Myhiya_Mykolaiv_Oblast.html, /Attractions-g4004405-Activities-Myhiya_Mykolaiv_Oblast.html
Active Travel, 5.0, Boat Tours & Water Sports, /Attraction_Review-g4004405-d13557991-Reviews-Active_Travel-Myhiya_Mykolaiv_Oblast.html, /Attractions-g4004405-Activities-Myhiya_Mykolaiv_Oblast.html
X-Sport, None, Tours, /Attraction_Review-g4004405-d12871125-Reviews-X_Sport-Myhiya_Mykolaiv_Oblast.html, /Attractions-g4004405-Activities-Myhiya_Mykolaiv_Oblast.html
