attraction_name, attraction_rate, attraction_type, attraction_url, attraction_parent_url
Kobleve Dolphinarium Nemo, 4.0, Zoos & Aquariums, /Attraction_Review-g2235109-d10435100-Reviews-Kobleve_Dolphinarium_Nemo-Kobleve_Mykolaiv_Oblast.html, /Attractions-g2235109-Activities-Kobleve_Mykolaiv_Oblast.html
Kobleve Beach, 3.5, Nature & Parks, /Attraction_Review-g2235109-d8617807-Reviews-Kobleve_Beach-Kobleve_Mykolaiv_Oblast.html, /Attractions-g2235109-Activities-Kobleve_Mykolaiv_Oblast.html
Aquapark Koblevo, 3.5, Water & Amusement Parks, /Attraction_Review-g2235109-d2235112-Reviews-Aquapark_Koblevo-Kobleve_Mykolaiv_Oblast.html, /Attractions-g2235109-Activities-Kobleve_Mykolaiv_Oblast.html
Kobleve Winery, 3.5, Food & Drink, /Attraction_Review-g2235109-d6527901-Reviews-Kobleve_Winery-Kobleve_Mykolaiv_Oblast.html, /Attractions-g2235109-Activities-Kobleve_Mykolaiv_Oblast.html
AquaPark Orbita, 3.0, Water & Amusement Parks, /Attraction_Review-g2235109-d12829214-Reviews-AquaPark_Orbita-Kobleve_Mykolaiv_Oblast.html, /Attractions-g2235109-Activities-Kobleve_Mykolaiv_Oblast.html
Rodeo Park, 5.0, Fun & Games, /Attraction_Review-g2235109-d10435081-Reviews-Rodeo_Park-Kobleve_Mykolaiv_Oblast.html, /Attractions-g2235109-Activities-Kobleve_Mykolaiv_Oblast.html
Kite-School WINDRIDER-Koblevo, None, Boat Tours & Water Sports, /Attraction_Review-g2235109-d17592461-Reviews-Kite_School_WINDRIDER_Koblevo-Kobleve_Mykolaiv_Oblast.html, /Attractions-g2235109-Activities-Kobleve_Mykolaiv_Oblast.html
Dyuk Rishelye, None, Tours, /Attraction_Review-g2235109-d21227453-Reviews-Dyuk_Rishelye-Kobleve_Mykolaiv_Oblast.html, /Attractions-g2235109-Activities-Kobleve_Mykolaiv_Oblast.html
Kobleve Orthodox Church, None, Sights & Landmarks, /Attraction_Review-g2235109-d21370695-Reviews-Kobleve_Orthodox_Church-Kobleve_Mykolaiv_Oblast.html, /Attractions-g2235109-Activities-Kobleve_Mykolaiv_Oblast.html
