attraction_name, attraction_rate, attraction_type, attraction_url, attraction_parent_url
Ukrainian Art Museum, 4.0, Museums, /Attraction_Review-g298045-d15117264-Reviews-Ukrainian_Art_Museum-Dnipro_Dnipropetrovsk_Oblast.html, /Attractions-g298045-Activities-Dnipro_Dnipropetrovsk_Oblast.html
Exhibition Centre of Makarov National Aerospace Youth Educational Center, 5.0, Museums, /Attraction_Review-g298045-d6942961-Reviews-Exhibition_Centre_of_Makarov_National_Aerospace_Youth_Educational_Center-Dnipro_D.html, /Attractions-g298045-Activities-Dnipro_Dnipropetrovsk_Oblast.html
Iverska Madonna Icon Church, 5.0, Sights & Landmarks, /Attraction_Review-g298045-d6617748-Reviews-Iverska_Madonna_Icon_Church-Dnipro_Dnipropetrovsk_Oblast.html, /Attractions-g298045-Activities-Dnipro_Dnipropetrovsk_Oblast.html
Family Bench, 4.5, Sights & Landmarks, /Attraction_Review-g298045-d6617758-Reviews-Family_Bench-Dnipro_Dnipropetrovsk_Oblast.html, /Attractions-g298045-Activities-Dnipro_Dnipropetrovsk_Oblast.html
General Pushkin Memorial, 4.5, Sights & Landmarks, /Attraction_Review-g298045-d6886403-Reviews-General_Pushkin_Memorial-Dnipro_Dnipropetrovsk_Oblast.html, /Attractions-g298045-Activities-Dnipro_Dnipropetrovsk_Oblast.html
Dnipropetrovsk Art Museum, 4.0, Museums, /Attraction_Review-g298045-d6617735-Reviews-Dnipropetrovsk_Art_Museum-Dnipro_Dnipropetrovsk_Oblast.html, /Attractions-g298045-Activities-Dnipro_Dnipropetrovsk_Oblast.html
Sevastopolskiy Park, 4.0, Nature & Parks, /Attraction_Review-g298045-d8651712-Reviews-Sevastopolskiy_Park-Dnipro_Dnipropetrovsk_Oblast.html, /Attractions-g298045-Activities-Dnipro_Dnipropetrovsk_Oblast.html
Lomonosov Statue, 5.0, Sights & Landmarks, /Attraction_Review-g298045-d9870217-Reviews-Lomonosov_Statue-Dnipro_Dnipropetrovsk_Oblast.html, /Attractions-g298045-Activities-Dnipro_Dnipropetrovsk_Oblast.html
Park Gagarina, 3.5, Nature & Parks, /Attraction_Review-g298045-d6781833-Reviews-Park_Gagarina-Dnipro_Dnipropetrovsk_Oblast.html, /Attractions-g298045-Activities-Dnipro_Dnipropetrovsk_Oblast.html
Ukrainian Fine Arts Museum, 4.5, Museums, /Attraction_Review-g298045-d6617737-Reviews-Ukrainian_Fine_Arts_Museum-Dnipro_Dnipropetrovsk_Oblast.html, /Attractions-g298045-Activities-Dnipro_Dnipropetrovsk_Oblast.html
Dafi Shopping and Entertainment Center, 3.5, Shopping, /Attraction_Review-g298045-d7307095-Reviews-Dafi_Shopping_and_Entertainment_Center-Dnipro_Dnipropetrovsk_Oblast.html, /Attractions-g298045-Activities-Dnipro_Dnipropetrovsk_Oblast.html
E. Blavatskaya House-Museum, 4.0, Museums, /Attraction_Review-g298045-d6617755-Reviews-E_Blavatskaya_House_Museum-Dnipro_Dnipropetrovsk_Oblast.html, /Attractions-g298045-Activities-Dnipro_Dnipropetrovsk_Oblast.html
Prince Potyomkin Palace, 4.5, Sights & Landmarks, /Attraction_Review-g298045-d6510643-Reviews-Prince_Potyomkin_Palace-Dnipro_Dnipropetrovsk_Oblast.html, /Attractions-g298045-Activities-Dnipro_Dnipropetrovsk_Oblast.html
Voskhod Sport Club, 3.5, Fun & Games, /Attraction_Review-g298045-d7307085-Reviews-Voskhod_Sport_Club-Dnipro_Dnipropetrovsk_Oblast.html, /Attractions-g298045-Activities-Dnipro_Dnipropetrovsk_Oblast.html
Bryanska (St.Nicolas) Church, 5.0, Sights & Landmarks, /Attraction_Review-g298045-d6765902-Reviews-Bryanska_St_Nicolas_Church-Dnipro_Dnipropetrovsk_Oblast.html, /Attractions-g298045-Activities-Dnipro_Dnipropetrovsk_Oblast.html
Dnipropetrovsk Regional Youth Theatre, 5.0, Concerts & Shows, /Attraction_Review-g298045-d7316484-Reviews-Dnipropetrovsk_Regional_Youth_Theatre-Dnipro_Dnipropetrovsk_Oblast.html, /Attractions-g298045-Activities-Dnipro_Dnipropetrovsk_Oblast.html
Bench of Lovers and Tree of Happiness, 5.0, Sights & Landmarks, /Attraction_Review-g298045-d8750519-Reviews-Bench_of_Lovers_and_Tree_of_Happiness-Dnipro_Dnipropetrovsk_Oblast.html, /Attractions-g298045-Activities-Dnipro_Dnipropetrovsk_Oblast.html
House of Brezhnev, 5.0, Sights & Landmarks, /Attraction_Review-g298045-d9974451-Reviews-House_of_Brezhnev-Dnipro_Dnipropetrovsk_Oblast.html, /Attractions-g298045-Activities-Dnipro_Dnipropetrovsk_Oblast.html
Urban Youth Park of Recreation and Leisure Novokodatskiy, 4.5, Nature & Parks, /Attraction_Review-g298045-d10269294-Reviews-Urban_Youth_Park_of_Recreation_and_Leisure_Novokodatskiy-Dnipro_Dnipropetrovsk_O.html, /Attractions-g298045-Activities-Dnipro_Dnipropetrovsk_Oblast.html
Cross Exaltation Church, 4.5, Sights & Landmarks, /Attraction_Review-g298045-d6617756-Reviews-Cross_Exaltation_Church-Dnipro_Dnipropetrovsk_Oblast.html, /Attractions-g298045-Activities-Dnipro_Dnipropetrovsk_Oblast.html
Shopping Center Epitsentr, 5.0, Shopping, /Attraction_Review-g298045-d11906539-Reviews-Shopping_Center_Epitsentr-Dnipro_Dnipropetrovsk_Oblast.html, /Attractions-g298045-Activities-Dnipro_Dnipropetrovsk_Oblast.html
Bust to Brezhnev, 4.0, Sights & Landmarks, /Attraction_Review-g298045-d5616276-Reviews-Bust_to_Brezhnev-Dnipro_Dnipropetrovsk_Oblast.html, /Attractions-g298045-Activities-Dnipro_Dnipropetrovsk_Oblast.html
Gorkiy Academical Theatre of Russian Drama, 3.0, Concerts & Shows, /Attraction_Review-g298045-d6765822-Reviews-Gorkiy_Academical_Theatre_of_Russian_Drama-Dnipro_Dnipropetrovsk_Oblast.html, /Attractions-g298045-Activities-Dnipro_Dnipropetrovsk_Oblast.html
Jeweler Granovskiy Statue, 5.0, Sights & Landmarks, /Attraction_Review-g298045-d17291544-Reviews-Jeweler_Granovskiy_Statue-Dnipro_Dnipropetrovsk_Oblast.html, /Attractions-g298045-Activities-Dnipro_Dnipropetrovsk_Oblast.html
Holy Annunciation Cathedral, 4.5, Sights & Landmarks, /Attraction_Review-g298045-d6617752-Reviews-Holy_Annunciation_Cathedral-Dnipro_Dnipropetrovsk_Oblast.html, /Attractions-g298045-Activities-Dnipro_Dnipropetrovsk_Oblast.html
Alfred Nobel Planet Memorial, 4.5, Sights & Landmarks, /Attraction_Review-g298045-d6617754-Reviews-Alfred_Nobel_Planet_Memorial-Dnipro_Dnipropetrovsk_Oblast.html, /Attractions-g298045-Activities-Dnipro_Dnipropetrovsk_Oblast.html
Temple of St. Vladimir, 5.0, Sights & Landmarks, /Attraction_Review-g298045-d7307114-Reviews-Temple_of_St_Vladimir-Dnipro_Dnipropetrovsk_Oblast.html, /Attractions-g298045-Activities-Dnipro_Dnipropetrovsk_Oblast.html
Telega Art Gallery, 3.0, Museums, /Attraction_Review-g298045-d7307087-Reviews-Telega_Art_Gallery-Dnipro_Dnipropetrovsk_Oblast.html, /Attractions-g298045-Activities-Dnipro_Dnipropetrovsk_Oblast.html
History of the Dnipropetrovsk Metropolitan Museum, 5.0, Museums, /Attraction_Review-g298045-d7307112-Reviews-History_of_the_Dnipropetrovsk_Metropolitan_Museum-Dnipro_Dnipropetrovsk_Oblast.html, /Attractions-g298045-Activities-Dnipro_Dnipropetrovsk_Oblast.html
Dnеpropetrovsk Akademic Music and Drama Theatre, 4.0, Concerts & Shows, /Attraction_Review-g298045-d6765810-Reviews-Dn_propetrovsk_Akademic_Music_and_Drama_Theatre-Dnipro_Dnipropetrovsk_Oblast.html, /Attractions-g298045-Activities-Dnipro_Dnipropetrovsk_Oblast.html
