attraction_name, attraction_rate, attraction_type, attraction_url, attraction_parent_url
Nativity of the Virgin Cathedral, 5.0, Sights & Landmarks, /Attraction_Review-g2637561-d2637562-Reviews-Nativity_of_the_Virgin_Cathedral-Kozelets_Chernihiv_Oblast.html, /Attractions-g2637561-Activities-Kozelets_Chernihiv_Oblast.html
Mizhrichynskyi Regional Landscape Park, 4.5, Nature & Parks, /Attraction_Review-g2637561-d8617008-Reviews-Mizhrichynskyi_Regional_Landscape_Park-Kozelets_Chernihiv_Oblast.html, /Attractions-g2637561-Activities-Kozelets_Chernihiv_Oblast.html
St.Nicolas Church, 5.0, Sights & Landmarks, /Attraction_Review-g2637561-d2637951-Reviews-St_Nicolas_Church-Kozelets_Chernihiv_Oblast.html, /Attractions-g2637561-Activities-Kozelets_Chernihiv_Oblast.html
Regimental Chancellery, 4.5, Sights & Landmarks, /Attraction_Review-g2637561-d6628859-Reviews-Regimental_Chancellery-Kozelets_Chernihiv_Oblast.html, /Attractions-g2637561-Activities-Kozelets_Chernihiv_Oblast.html
The Ascension Church, 3.5, Sights & Landmarks, /Attraction_Review-g2637561-d2637959-Reviews-The_Ascension_Church-Kozelets_Chernihiv_Oblast.html, /Attractions-g2637561-Activities-Kozelets_Chernihiv_Oblast.html
Oster River, 3.5, Nature & Parks, /Attraction_Review-g2637561-d6762475-Reviews-Oster_River-Kozelets_Chernihiv_Oblast.html, /Attractions-g2637561-Activities-Kozelets_Chernihiv_Oblast.html
Pokorshchyna, 3.0, Sights & Landmarks, /Attraction_Review-g2637561-d2637590-Reviews-Pokorshchyna-Kozelets_Chernihiv_Oblast.html, /Attractions-g2637561-Activities-Kozelets_Chernihiv_Oblast.html
Taras Shevchenko Monument, 3.0, Sights & Landmarks, /Attraction_Review-g2637561-d6628862-Reviews-Taras_Shevchenko_Monument-Kozelets_Chernihiv_Oblast.html, /Attractions-g2637561-Activities-Kozelets_Chernihiv_Oblast.html
St. George Monastery, None, Sights & Landmarks, /Attraction_Review-g2637561-d6628860-Reviews-St_George_Monastery-Kozelets_Chernihiv_Oblast.html, /Attractions-g2637561-Activities-Kozelets_Chernihiv_Oblast.html
Isu-152 Tank Monument, None, Sights & Landmarks, /Attraction_Review-g2637561-d6514743-Reviews-Isu_152_Tank_Monument-Kozelets_Chernihiv_Oblast.html, /Attractions-g2637561-Activities-Kozelets_Chernihiv_Oblast.html
Chernihiv Area Weaving History Museum, None, Museums, /Attraction_Review-g2637561-d6515961-Reviews-Chernihiv_Area_Weaving_History_Museum-Kozelets_Chernihiv_Oblast.html, /Attractions-g2637561-Activities-Kozelets_Chernihiv_Oblast.html
