attraction_name, attraction_rate, attraction_type, attraction_url, attraction_parent_url
Kosovskiy Bazar, 5.0, Shopping, /Attraction_Review-g790451-d11879661-Reviews-Kosovskiy_Bazar-Kosiv_Kosivs_kyi_District_Ivano_Frankivsk_Oblast.html, /Attractions-g790451-Activities-Kosiv_Kosivs_kyi_District_Ivano_Frankivsk_Oblast.html
St. Nicholas Estate, 4.5, Sights & Landmarks, /Attraction_Review-g790451-d7854545-Reviews-St_Nicholas_Estate-Kosiv_Kosivs_kyi_District_Ivano_Frankivsk_Oblast.html, /Attractions-g790451-Activities-Kosiv_Kosivs_kyi_District_Ivano_Frankivsk_Oblast.html
National Park Gutsulshhina, 5.0, Nature & Parks, /Attraction_Review-g790451-d9610245-Reviews-National_Park_Gutsulshhina-Kosiv_Kosivs_kyi_District_Ivano_Frankivsk_Oblast.html, /Attractions-g790451-Activities-Kosiv_Kosivs_kyi_District_Ivano_Frankivsk_Oblast.html
Kosovo Museum of Folk Art and Life Gutsulshhiny, 4.5, Museums, /Attraction_Review-g790451-d9694674-Reviews-Kosovo_Museum_of_Folk_Art_and_Life_Gutsulshhiny-Kosiv_Kosivs_kyi_District_Ivano_F.html, /Attractions-g790451-Activities-Kosiv_Kosivs_kyi_District_Ivano_Frankivsk_Oblast.html
Kosiv Waterfalls Guk, None, Nature & Parks, /Attraction_Review-g790451-d14514467-Reviews-Kosiv_Waterfalls_Guk-Kosiv_Kosivs_kyi_District_Ivano_Frankivsk_Oblast.html, /Attractions-g790451-Activities-Kosiv_Kosivs_kyi_District_Ivano_Frankivsk_Oblast.html
Mikhalkov Mountain, None, Nature & Parks, /Attraction_Review-g790451-d15606773-Reviews-Mikhalkov_Mountain-Kosiv_Kosivs_kyi_District_Ivano_Frankivsk_Oblast.html, /Attractions-g790451-Activities-Kosiv_Kosivs_kyi_District_Ivano_Frankivsk_Oblast.html
Museum of the Liberation Movement of the Carpathian Region, None, Museums, /Attraction_Review-g790451-d17668902-Reviews-Museum_of_the_Liberation_Movement_of_the_Carpathian_Region-Kosiv_Kosivs_kyi_Dist.html, /Attractions-g790451-Activities-Kosiv_Kosivs_kyi_District_Ivano_Frankivsk_Oblast.html
Museum of Folk Art by Mikhail Strutynsky, None, Museums, /Attraction_Review-g790451-d17704284-Reviews-Museum_of_Folk_Art_by_Mikhail_Strutynsky-Kosiv_Kosivs_kyi_District_Ivano_Frankiv.html, /Attractions-g790451-Activities-Kosiv_Kosivs_kyi_District_Ivano_Frankivsk_Oblast.html
