attraction_name, attraction_rate, attraction_type, attraction_url, attraction_parent_url
Museum of Cultural Heritage, 3.5, Museums, /Attraction_Review-g294474-d3191426-Reviews-Museum_of_Cultural_Heritage-Kyiv_Kiev.html, /Attractions-g294474-Activities-Kyiv_Kiev.html
Insurance Agent’s Shoes, 4.0, Sights & Landmarks, /Attraction_Review-g294474-d3336374-Reviews-Insurance_Agent_s_Shoes-Kyiv_Kiev.html, /Attractions-g294474-Activities-Kyiv_Kiev.html
State Polytechnic Museum, 3.5, Museums, /Attraction_Review-g294474-d3191403-Reviews-State_Polytechnic_Museum-Kyiv_Kiev.html, /Attractions-g294474-Activities-Kyiv_Kiev.html
Metropolis Mall, 4.0, Shopping, /Attraction_Review-g294474-d6996643-Reviews-Metropolis_Mall-Kyiv_Kiev.html, /Attractions-g294474-Activities-Kyiv_Kiev.html
Monument to Pilip Orlik, 4.0, Sights & Landmarks, /Attraction_Review-g294474-d19450624-Reviews-Monument_to_Pilip_Orlik-Kyiv_Kiev.html, /Attractions-g294474-Activities-Kyiv_Kiev.html
Manufactory Art Centre, 4.0, Sights & Landmarks, /Attraction_Review-g294474-d6998675-Reviews-Manufactory_Art_Centre-Kyiv_Kiev.html, /Attractions-g294474-Activities-Kyiv_Kiev.html
Memorial Sign The place of the Baptism of Rus, 5.0, Sights & Landmarks, /Attraction_Review-g294474-d13345831-Reviews-Memorial_Sign_The_place_of_the_Baptism_of_Rus-Kyiv_Kiev.html, /Attractions-g294474-Activities-Kyiv_Kiev.html
Saint Trinity Church on Troyeshchyna, 5.0, Sights & Landmarks, /Attraction_Review-g294474-d6767329-Reviews-Saint_Trinity_Church_on_Troyeshchyna-Kyiv_Kiev.html, /Attractions-g294474-Activities-Kyiv_Kiev.html
National Historic Library of Ukraine, 3.5, Traveller Resources, /Attraction_Review-g294474-d3792648-Reviews-National_Historic_Library_of_Ukraine-Kyiv_Kiev.html, /Attractions-g294474-Activities-Kyiv_Kiev.html
Kyiv Metro Museum, 1.0, Museums, /Attraction_Review-g294474-d3792382-Reviews-Kyiv_Metro_Museum-Kyiv_Kiev.html, /Attractions-g294474-Activities-Kyiv_Kiev.html
Sculpure Rare Bird, 4.0, Sights & Landmarks, /Attraction_Review-g294474-d19813380-Reviews-Sculpure_Rare_Bird-Kyiv_Kiev.html, /Attractions-g294474-Activities-Kyiv_Kiev.html
Maksym Rylskiy Literature and Memorial Museum, 4.0, Museums, /Attraction_Review-g294474-d6524221-Reviews-Maksym_Rylskiy_Literature_and_Memorial_Museum-Kyiv_Kiev.html, /Attractions-g294474-Activities-Kyiv_Kiev.html
Shopping Center Levoberezhny, 3.5, Shopping, /Attraction_Review-g294474-d8591550-Reviews-Shopping_Center_Levoberezhny-Kyiv_Kiev.html, /Attractions-g294474-Activities-Kyiv_Kiev.html
Source Our ​​Lady of Sorrows, 3.5, Sights & Landmarks, /Attraction_Review-g294474-d6781607-Reviews-Source_Our_Lady_of_Sorrows-Kyiv_Kiev.html, /Attractions-g294474-Activities-Kyiv_Kiev.html
Bottega Gallery, 3.5, Museums, /Attraction_Review-g294474-d3239690-Reviews-Bottega_Gallery-Kyiv_Kiev.html, /Attractions-g294474-Activities-Kyiv_Kiev.html
Dyakov House, 4.0, Sights & Landmarks, /Attraction_Review-g294474-d6874615-Reviews-Dyakov_House-Kyiv_Kiev.html, /Attractions-g294474-Activities-Kyiv_Kiev.html
Nebo Art Gallery, 4.0, Museums, /Attraction_Review-g294474-d10547546-Reviews-Nebo_Art_Gallery-Kyiv_Kiev.html, /Attractions-g294474-Activities-Kyiv_Kiev.html
Fire Lookout Tower, 4.0, Sights & Landmarks, /Attraction_Review-g294474-d19822997-Reviews-Fire_Lookout_Tower-Kyiv_Kiev.html, /Attractions-g294474-Activities-Kyiv_Kiev.html
Art Center Ya. Gretera, 4.0, Sights & Landmarks, /Attraction_Review-g294474-d6999261-Reviews-Art_Center_Ya_Gretera-Kyiv_Kiev.html, /Attractions-g294474-Activities-Kyiv_Kiev.html
Brucie Collections, 4.5, Museums, /Attraction_Review-g294474-d3239748-Reviews-Brucie_Collections-Kyiv_Kiev.html, /Attractions-g294474-Activities-Kyiv_Kiev.html
House of Scientists, 4.0, Sights & Landmarks, /Attraction_Review-g294474-d6966051-Reviews-House_of_Scientists-Kyiv_Kiev.html, /Attractions-g294474-Activities-Kyiv_Kiev.html
Solomianskyi District, 3.5, Other, /Attraction_Review-g294474-d20034349-Reviews-Solomianskyi_District-Kyiv_Kiev.html, /Attractions-g294474-Activities-Kyiv_Kiev.html
Taras Shevchenko House-Museum in Priorka, 5.0, Museums, /Attraction_Review-g294474-d3223671-Reviews-Taras_Shevchenko_House_Museum_in_Priorka-Kyiv_Kiev.html, /Attractions-g294474-Activities-Kyiv_Kiev.html
St. Nicolas Prytyska Church, 4.0, Sights & Landmarks, /Attraction_Review-g294474-d3229363-Reviews-St_Nicolas_Prytyska_Church-Kyiv_Kiev.html, /Attractions-g294474-Activities-Kyiv_Kiev.html
Monument to Anna Yaroslavna, 4.0, Sights & Landmarks, /Attraction_Review-g294474-d13237578-Reviews-Monument_to_Anna_Yaroslavna-Kyiv_Kiev.html, /Attractions-g294474-Activities-Kyiv_Kiev.html
Makovsky Clinics, 4.0, Sights & Landmarks, /Attraction_Review-g294474-d3810024-Reviews-Makovsky_Clinics-Kyiv_Kiev.html, /Attractions-g294474-Activities-Kyiv_Kiev.html
National Library of National University/ Kiev-Mogilyanskaya Academy, 4.5, Traveller Resources, /Attraction_Review-g294474-d4818086-Reviews-National_Library_of_National_University_Kiev_Mogilyanskaya_Academy-Kyiv_Kiev.html, /Attractions-g294474-Activities-Kyiv_Kiev.html
Voloshyn Gallery, 4.5, Museums, /Attraction_Review-g294474-d3239783-Reviews-Voloshyn_Gallery-Kyiv_Kiev.html, /Attractions-g294474-Activities-Kyiv_Kiev.html
The Epiphany or Theophany Monastery (Bratskiy), 3.0, Sights & Landmarks, /Attraction_Review-g294474-d3250474-Reviews-The_Epiphany_or_Theophany_Monastery_Bratskiy-Kyiv_Kiev.html, /Attractions-g294474-Activities-Kyiv_Kiev.html
Kalita Art Club, 4.0, Sights & Landmarks, /Attraction_Review-g294474-d6875308-Reviews-Kalita_Art_Club-Kyiv_Kiev.html, /Attractions-g294474-Activities-Kyiv_Kiev.html
