attraction_name, attraction_rate, attraction_type, attraction_url, attraction_parent_url
National Museum of History of Avdeyevka, 5.0, Museums, /Attraction_Review-g5484648-d6491038-Reviews-National_Museum_of_History_of_Avdeyevka-Avdeyevka_Donetsk_Oblast.html, /Attractions-g5484648-Activities-Avdeyevka_Donetsk_Oblast.html
St. Nicholas Temple, None, Sights & Landmarks, /Attraction_Review-g5484648-d6493628-Reviews-St_Nicholas_Temple-Avdeyevka_Donetsk_Oblast.html, /Attractions-g5484648-Activities-Avdeyevka_Donetsk_Oblast.html
Temple St. Mary Magdalene, None, Sights & Landmarks, /Attraction_Review-g5484648-d6494097-Reviews-Temple_St_Mary_Magdalene-Avdeyevka_Donetsk_Oblast.html, /Attractions-g5484648-Activities-Avdeyevka_Donetsk_Oblast.html
Chapel of St. Luke, None, Sights & Landmarks, /Attraction_Review-g5484648-d6491979-Reviews-Chapel_of_St_Luke-Avdeyevka_Donetsk_Oblast.html, /Attractions-g5484648-Activities-Avdeyevka_Donetsk_Oblast.html
St. Michael's Church, None, Sights & Landmarks, /Attraction_Review-g5484648-d6503087-Reviews-St_Michael_s_Church-Avdeyevka_Donetsk_Oblast.html, /Attractions-g5484648-Activities-Avdeyevka_Donetsk_Oblast.html
Avdeyevskiy Karyer, None, Nature & Parks, /Attraction_Review-g5484648-d8043806-Reviews-Avdeyevskiy_Karyer-Avdeyevka_Donetsk_Oblast.html, /Attractions-g5484648-Activities-Avdeyevka_Donetsk_Oblast.html
