attraction_name, attraction_rate, attraction_type, attraction_url, attraction_parent_url
Hallelujah Christian Kharkiv Church, 5.0, Sights & Landmarks, /Attraction_Review-g295369-d9798326-Reviews-Hallelujah_Christian_Kharkiv_Church-Kharkiv_Kharkiv_Oblast.html, /Attractions-g295369-Activities-Kharkiv_Kharkiv_Oblast.html
House of Writers, 4.5, Sights & Landmarks, /Attraction_Review-g295369-d10770246-Reviews-House_of_Writers-Kharkiv_Kharkiv_Oblast.html, /Attractions-g295369-Activities-Kharkiv_Kharkiv_Oblast.html
PostScriptum Theatre, 5.0, Concerts & Shows, /Attraction_Review-g295369-d6827729-Reviews-PostScriptum_Theatre-Kharkiv_Kharkiv_Oblast.html, /Attractions-g295369-Activities-Kharkiv_Kharkiv_Oblast.html
Holy Mykola Temple, 4.5, Sights & Landmarks, /Attraction_Review-g295369-d9798434-Reviews-Holy_Mykola_Temple-Kharkiv_Kharkiv_Oblast.html, /Attractions-g295369-Activities-Kharkiv_Kharkiv_Oblast.html
Cemetery of Totalitarian Victims, 5.0, Sights & Landmarks, /Attraction_Review-g295369-d17384130-Reviews-Cemetery_of_Totalitarian_Victims-Kharkiv_Kharkiv_Oblast.html, /Attractions-g295369-Activities-Kharkiv_Kharkiv_Oblast.html
Аrt Area DK, 5.0, Traveller Resources, /Attraction_Review-g295369-d13130394-Reviews-Rt_Area_DK-Kharkiv_Kharkiv_Oblast.html, /Attractions-g295369-Activities-Kharkiv_Kharkiv_Oblast.html
Temple of the 2000th Anniversary of the Birth of Christ, 5.0, Sights & Landmarks, /Attraction_Review-g295369-d9798433-Reviews-Temple_of_the_2000th_Anniversary_of_the_Birth_of_Christ-Kharkiv_Kharkiv_Oblast.html, /Attractions-g295369-Activities-Kharkiv_Kharkiv_Oblast.html
Rosinka, 5.0, Shopping, /Attraction_Review-g295369-d9798422-Reviews-Rosinka-Kharkiv_Kharkiv_Oblast.html, /Attractions-g295369-Activities-Kharkiv_Kharkiv_Oblast.html
Kosmos, 4.0, Shopping, /Attraction_Review-g295369-d9798414-Reviews-Kosmos-Kharkiv_Kharkiv_Oblast.html, /Attractions-g295369-Activities-Kharkiv_Kharkiv_Oblast.html
Artem Culture and Recreation Park, 2.5, Nature & Parks, /Attraction_Review-g295369-d9798331-Reviews-Artem_Culture_and_Recreation_Park-Kharkiv_Kharkiv_Oblast.html, /Attractions-g295369-Activities-Kharkiv_Kharkiv_Oblast.html
The Church of St. Alexis, 3.0, Sights & Landmarks, /Attraction_Review-g295369-d9798428-Reviews-The_Church_of_St_Alexis-Kharkiv_Kharkiv_Oblast.html, /Attractions-g295369-Activities-Kharkiv_Kharkiv_Oblast.html
The Holy Virgin Church, 4.5, Sights & Landmarks, /Attraction_Review-g295369-d9798318-Reviews-The_Holy_Virgin_Church-Kharkiv_Kharkiv_Oblast.html, /Attractions-g295369-Activities-Kharkiv_Kharkiv_Oblast.html
Kostyurinskiy Provulok Modern Art Gallery, 4.0, Museums, /Attraction_Review-g295369-d6755417-Reviews-Kostyurinskiy_Provulok_Modern_Art_Gallery-Kharkiv_Kharkiv_Oblast.html, /Attractions-g295369-Activities-Kharkiv_Kharkiv_Oblast.html
Church of the Holy Prince Vladimir, 4.0, Sights & Landmarks, /Attraction_Review-g295369-d9798405-Reviews-Church_of_the_Holy_Prince_Vladimir-Kharkiv_Kharkiv_Oblast.html, /Attractions-g295369-Activities-Kharkiv_Kharkiv_Oblast.html
Kharkiv City Fine Arts Gallery, 5.0, Museums, /Attraction_Review-g295369-d3263398-Reviews-Kharkiv_City_Fine_Arts_Gallery-Kharkiv_Kharkiv_Oblast.html, /Attractions-g295369-Activities-Kharkiv_Kharkiv_Oblast.html
Academia, 5.0, Museums, /Attraction_Review-g295369-d9798386-Reviews-Academia-Kharkiv_Kharkiv_Oblast.html, /Attractions-g295369-Activities-Kharkiv_Kharkiv_Oblast.html
Leto, 1.5, Shopping, /Attraction_Review-g295369-d9798413-Reviews-Leto-Kharkiv_Kharkiv_Oblast.html, /Attractions-g295369-Activities-Kharkiv_Kharkiv_Oblast.html
Park Pozharnykh, 4.0, Nature & Parks, /Attraction_Review-g295369-d10418596-Reviews-Park_Pozharnykh-Kharkiv_Kharkiv_Oblast.html, /Attractions-g295369-Activities-Kharkiv_Kharkiv_Oblast.html
In Search of the Perishing Icon Church, 3.5, Sights & Landmarks, /Attraction_Review-g295369-d6518165-Reviews-In_Search_of_the_Perishing_Icon_Church-Kharkiv_Kharkiv_Oblast.html, /Attractions-g295369-Activities-Kharkiv_Kharkiv_Oblast.html
Kharkiv Children and Youth Theatre, 5.0, Concerts & Shows, /Attraction_Review-g295369-d6828000-Reviews-Kharkiv_Children_and_Youth_Theatre-Kharkiv_Kharkiv_Oblast.html, /Attractions-g295369-Activities-Kharkiv_Kharkiv_Oblast.html
Atrium, 2.5, Shopping, /Attraction_Review-g295369-d9798400-Reviews-Atrium-Kharkiv_Kharkiv_Oblast.html, /Attractions-g295369-Activities-Kharkiv_Kharkiv_Oblast.html
Literature Museum, 1.0, Museums, /Attraction_Review-g295369-d3263521-Reviews-Literature_Museum-Kharkiv_Kharkiv_Oblast.html, /Attractions-g295369-Activities-Kharkiv_Kharkiv_Oblast.html
Red Cat Brewery, 5.0, Food & Drink, /Attraction_Review-g295369-d20329580-Reviews-Red_Cat_Brewery-Kharkiv_Kharkiv_Oblast.html, /Attractions-g295369-Activities-Kharkiv_Kharkiv_Oblast.html
Shrine of Our Lady of Sorrows - Joy of All Who Sorrow, None, Sights & Landmarks, /Attraction_Review-g295369-d9798347-Reviews-Shrine_of_Our_Lady_of_Sorrows_Joy_of_All_Who_Sorrow-Kharkiv_Kharkiv_Oblast.html, /Attractions-g295369-Activities-Kharkiv_Kharkiv_Oblast.html
Workshop Modern Art Center, None, Sights & Landmarks, /Attraction_Review-g295369-d5000161-Reviews-Workshop_Modern_Art_Center-Kharkiv_Kharkiv_Oblast.html, /Attractions-g295369-Activities-Kharkiv_Kharkiv_Oblast.html
Retro Cars Museum Kharkiv, None, Museums, /Attraction_Review-g295369-d6518157-Reviews-Retro_Cars_Museum_Kharkiv-Kharkiv_Kharkiv_Oblast.html, /Attractions-g295369-Activities-Kharkiv_Kharkiv_Oblast.html
Zhikhora St. Nicolas Church, None, Sights & Landmarks, /Attraction_Review-g295369-d6518166-Reviews-Zhikhora_St_Nicolas_Church-Kharkiv_Kharkiv_Oblast.html, /Attractions-g295369-Activities-Kharkiv_Kharkiv_Oblast.html
Grigorovka St. Nicolas Church, None, Sights & Landmarks, /Attraction_Review-g295369-d6518167-Reviews-Grigorovka_St_Nicolas_Church-Kharkiv_Kharkiv_Oblast.html, /Attractions-g295369-Activities-Kharkiv_Kharkiv_Oblast.html
Ascention Church, None, Sights & Landmarks, /Attraction_Review-g295369-d6518171-Reviews-Ascention_Church-Kharkiv_Kharkiv_Oblast.html, /Attractions-g295369-Activities-Kharkiv_Kharkiv_Oblast.html
Gryzodubovy House-Museum, None, Museums, /Attraction_Review-g295369-d6524087-Reviews-Gryzodubovy_House_Museum-Kharkiv_Kharkiv_Oblast.html, /Attractions-g295369-Activities-Kharkiv_Kharkiv_Oblast.html
