review_location_name, review_current_page, review_last_page, review_location_type, review_location_breadcrumbs, review_location_rate, location_lat, location_lng, review_id, review_date, review_experience_date, review_rate, user_name, user_link, user_id, parent_url
City Garden, 24, 42, Parks & Parks, Europe & Ukraine & Odessa Oblast & Odessa & Things to Do in Odessa, 4.5, 46.48411, 30.73881, 356456818, 20160301, 20150701, 5.0, Elena K, /Profile/H8926AOelenak, 9a90d9eb21074555140cb7db95f39278, /Attraction_Review-g295368-d554490-Reviews-City_Garden-Odessa_Odessa_Oblast.html
City Garden, 24, 42, Parks & Parks, Europe & Ukraine & Odessa Oblast & Odessa & Things to Do in Odessa, 4.5, 46.48411, 30.73881, 356456736, 20160301, 20150801, 5.0, Belal M, /Profile/640belalm, 6de81fd0251c0aa1bf4e314d16b0e3cb, /Attraction_Review-g295368-d554490-Reviews-City_Garden-Odessa_Odessa_Oblast.html
City Garden, 24, 42, Parks & Parks, Europe & Ukraine & Odessa Oblast & Odessa & Things to Do in Odessa, 4.5, 46.48411, 30.73881, 354078446, 20160301, 20160301, 4.0, Den-2018H, /Profile/Den-2018H, b5a49da2c250b51dabe8c0378ef93286, /Attraction_Review-g295368-d554490-Reviews-City_Garden-Odessa_Odessa_Oblast.html
City Garden, 24, 42, Parks & Parks, Europe & Ukraine & Odessa Oblast & Odessa & Things to Do in Odessa, 4.5, 46.48411, 30.73881, 351363655, 20160201, 20150701, 5.0, Nbanu N, /Profile/Nbanu, 07dc2fde4a52442cfcdda42e0cabbc37, /Attraction_Review-g295368-d554490-Reviews-City_Garden-Odessa_Odessa_Oblast.html
City Garden, 24, 42, Parks & Parks, Europe & Ukraine & Odessa Oblast & Odessa & Things to Do in Odessa, 4.5, 46.48411, 30.73881, 351016945, 20160201, 20150901, 4.0, bilgesudede, /Profile/bilgesudede, 937fe46a84ad2363188d83b13e60e4ab, /Attraction_Review-g295368-d554490-Reviews-City_Garden-Odessa_Odessa_Oblast.html
