review_location_name, review_current_page, review_last_page, review_location_type, review_location_breadcrumbs, review_location_rate, location_lat, location_lng, review_id, review_date, review_experience_date, review_rate, user_name, user_link, user_id, parent_url
Monument to David Gotsman, None, None, Points of Interest & Landmarks & Monuments & Statues & Points of Interest & Landmarks & Monuments & Statues, Europe & Ukraine & Odessa Oblast & Odessa & Things to Do in Odessa, 4.5, 46.478035, 30.74343, 737236835, 20200101, 20200101, 5.0, pawel_hbg, /Profile/pawel_hbg, 49c8988e0fe35b42db76b285f365eb29, /Attraction_Review-g295368-d5259381-Reviews-Monument_to_David_Gotsman-Odessa_Odessa_Oblast.html
Monument to David Gotsman, None, None, Points of Interest & Landmarks & Monuments & Statues & Points of Interest & Landmarks & Monuments & Statues, Europe & Ukraine & Odessa Oblast & Odessa & Things to Do in Odessa, 4.5, 46.478035, 30.74343, 609395505, 20180801, 20180601, 4.0, Lechiffre1, /Profile/Lechiffre1, d055116c0548f4d2ca1ef3754db525e8, /Attraction_Review-g295368-d5259381-Reviews-Monument_to_David_Gotsman-Odessa_Odessa_Oblast.html
Monument to David Gotsman, None, None, Points of Interest & Landmarks & Monuments & Statues & Points of Interest & Landmarks & Monuments & Statues, Europe & Ukraine & Odessa Oblast & Odessa & Things to Do in Odessa, 4.5, 46.478035, 30.74343, 397548811, 20160701, 20160701, 4.0, Macossay, /Profile/Macossay, 0f26f58aa410c63267403f7e017ac480, /Attraction_Review-g295368-d5259381-Reviews-Monument_to_David_Gotsman-Odessa_Odessa_Oblast.html
Monument to David Gotsman, None, None, Points of Interest & Landmarks & Monuments & Statues & Points of Interest & Landmarks & Monuments & Statues, Europe & Ukraine & Odessa Oblast & Odessa & Things to Do in Odessa, 4.5, 46.478035, 30.74343, 285671938, 20150701, 20140801, 5.0, Laxiaozi08200912, /Profile/Laxiaozi08200912, 93b6def4de16f77a4c3c588bc3640d9a, /Attraction_Review-g295368-d5259381-Reviews-Monument_to_David_Gotsman-Odessa_Odessa_Oblast.html
