review_location_name, review_current_page, review_last_page, review_location_type, review_location_breadcrumbs, review_location_rate, location_lat, location_lng, review_id, review_date, review_experience_date, review_rate, user_name, user_link, user_id, parent_url
Passage, 13, 31, Points of Interest & Landmarks & Points of Interest & Landmarks, Europe & Ukraine & Odessa Oblast & Odessa & Things to Do in Odessa, 4.5, 46.48401, 30.73307, 581083155, 20180501, 20180501, 4.0, Adib Farid, /Profile/adibfarid, 39dc6e149254eff6cce95510450ab102, /Attraction_Review-g295368-d2083546-Reviews-Passage-Odessa_Odessa_Oblast.html
Passage, 13, 31, Points of Interest & Landmarks & Points of Interest & Landmarks, Europe & Ukraine & Odessa Oblast & Odessa & Things to Do in Odessa, 4.5, 46.48401, 30.73307, 579263654, 20180501, 20180501, 5.0, Terrance M, /Profile/termar, 0b409b109e6ffcd777941a8ce90a7090, /Attraction_Review-g295368-d2083546-Reviews-Passage-Odessa_Odessa_Oblast.html
Passage, 13, 31, Points of Interest & Landmarks & Points of Interest & Landmarks, Europe & Ukraine & Odessa Oblast & Odessa & Things to Do in Odessa, 4.5, 46.48401, 30.73307, 578471344, 20180501, 20180501, 4.0, Satu H, /Profile/784satuh, 9a062f892bd4c89e5bde81ce106d1a67, /Attraction_Review-g295368-d2083546-Reviews-Passage-Odessa_Odessa_Oblast.html
Passage, 13, 31, Points of Interest & Landmarks & Points of Interest & Landmarks, Europe & Ukraine & Odessa Oblast & Odessa & Things to Do in Odessa, 4.5, 46.48401, 30.73307, 577552141, 20180501, 20180201, 5.0, Cüneyt Varol, /Profile/captain_cuneyt, b25bbb17c11331495945ee8d81f6ea10, /Attraction_Review-g295368-d2083546-Reviews-Passage-Odessa_Odessa_Oblast.html
Passage, 13, 31, Points of Interest & Landmarks & Points of Interest & Landmarks, Europe & Ukraine & Odessa Oblast & Odessa & Things to Do in Odessa, 4.5, 46.48401, 30.73307, 576316086, 20180401, 20180301, 5.0, piracicaba1973, /Profile/piracicaba1973, a21935bfccc209c328140c674529f456, /Attraction_Review-g295368-d2083546-Reviews-Passage-Odessa_Odessa_Oblast.html
