review_location_name, review_current_page, review_last_page, review_location_type, review_location_breadcrumbs, review_location_rate, location_lat, location_lng, review_id, review_date, review_experience_date, review_rate, user_name, user_link, user_id, parent_url
Monument to L. Utesov, 1, 8, Points of Interest & Landmarks & Monuments & Statues & Points of Interest & Landmarks & Monuments & Statues, Europe & Ukraine & Odessa Oblast & Odessa & Things to Do in Odessa, 4.5, 46.484596, 30.734388, 737235485, 20200101, 20200101, 4.0, pawel_hbg, /Profile/pawel_hbg, 49c8988e0fe35b42db76b285f365eb29, /Attraction_Review-g295368-d5259021-Reviews-Monument_to_L_Utesov-Odessa_Odessa_Oblast.html
Monument to L. Utesov, 1, 8, Points of Interest & Landmarks & Monuments & Statues & Points of Interest & Landmarks & Monuments & Statues, Europe & Ukraine & Odessa Oblast & Odessa & Things to Do in Odessa, 4.5, 46.484596, 30.734388, 731708393, 20191201, 20190501, 4.0, ROB149, /Profile/ROB149, b9d41e7cf9d7a5b753a7e612f9d3f7c4, /Attraction_Review-g295368-d5259021-Reviews-Monument_to_L_Utesov-Odessa_Odessa_Oblast.html
Monument to L. Utesov, 1, 8, Points of Interest & Landmarks & Monuments & Statues & Points of Interest & Landmarks & Monuments & Statues, Europe & Ukraine & Odessa Oblast & Odessa & Things to Do in Odessa, 4.5, 46.484596, 30.734388, 705981246, 20190901, 20190401, 5.0, Jan, /Profile/podluka, 96b8b8d25579b161259fe36597772144, /Attraction_Review-g295368-d5259021-Reviews-Monument_to_L_Utesov-Odessa_Odessa_Oblast.html
Monument to L. Utesov, 1, 8, Points of Interest & Landmarks & Monuments & Statues & Points of Interest & Landmarks & Monuments & Statues, Europe & Ukraine & Odessa Oblast & Odessa & Things to Do in Odessa, 4.5, 46.484596, 30.734388, 686233471, 20190701, 20190601, 5.0, napacapt, /Profile/napacapt, 26b3007c3495f1cbefef0d68a0729be8, /Attraction_Review-g295368-d5259021-Reviews-Monument_to_L_Utesov-Odessa_Odessa_Oblast.html
Monument to L. Utesov, 1, 8, Points of Interest & Landmarks & Monuments & Statues & Points of Interest & Landmarks & Monuments & Statues, Europe & Ukraine & Odessa Oblast & Odessa & Things to Do in Odessa, 4.5, 46.484596, 30.734388, 673147180, 20190501, 20190501, 5.0, Yali L, /Profile/97yalil, 1d1cb83863f65af33b18b6abba0117e4, /Attraction_Review-g295368-d5259021-Reviews-Monument_to_L_Utesov-Odessa_Odessa_Oblast.html
