review_location_name, review_current_page, review_last_page, review_location_type, review_location_breadcrumbs, review_location_rate, location_lat, location_lng, review_id, review_date, review_experience_date, review_rate, user_name, user_link, user_id, parent_url
Ibiza, 2, 1, Beach & Pool Clubs & Beach & Pool Clubs, Europe & Ukraine & Odessa Oblast & Odessa & Things to Do in Odessa, 2.5, 46.428413, 30.767359, 702190520, 20190801, 20190801, 1.0, Jaipal Singh B, /Profile/jaipalsinghb, 84b0fe73a1e2fd0c42a68591457716f2, /Attraction_Review-g295368-d17540237-Reviews-Ibiza-Odessa_Odessa_Oblast.html
Ibiza, 2, 1, Beach & Pool Clubs & Beach & Pool Clubs, Europe & Ukraine & Odessa Oblast & Odessa & Things to Do in Odessa, 2.5, 46.428413, 30.767359, 701727359, 20190801, 20190801, 1.0, Zay, /Profile/zaychauhan, e6a28af6cc69aa42bc9dd0746d1cf7ba, /Attraction_Review-g295368-d17540237-Reviews-Ibiza-Odessa_Odessa_Oblast.html
Ibiza, 2, 1, Beach & Pool Clubs & Beach & Pool Clubs, Europe & Ukraine & Odessa Oblast & Odessa & Things to Do in Odessa, 2.5, 46.428413, 30.767359, 700856439, 20190801, 20190801, 2.0, BerlinerBear007, /Profile/BerlinerBear007, 37b2046e21f045358bb90af3cdb2a09b, /Attraction_Review-g295368-d17540237-Reviews-Ibiza-Odessa_Odessa_Oblast.html
Ibiza, 2, 1, Beach & Pool Clubs & Beach & Pool Clubs, Europe & Ukraine & Odessa Oblast & Odessa & Things to Do in Odessa, 2.5, 46.428413, 30.767359, 693738013, 20190701, 20190701, 1.0, Alex D, /Profile/AlexDelone, 12a58d39b02a9c036a670398c9b8c6ab, /Attraction_Review-g295368-d17540237-Reviews-Ibiza-Odessa_Odessa_Oblast.html
Ibiza, 2, 1, Beach & Pool Clubs & Beach & Pool Clubs, Europe & Ukraine & Odessa Oblast & Odessa & Things to Do in Odessa, 2.5, 46.428413, 30.767359, 691018451, 20190701, 20190701, 1.0, İsmail Emre Akin, /Profile/ismailemre, a209b85be4501c9a02e8c1df51307b14, /Attraction_Review-g295368-d17540237-Reviews-Ibiza-Odessa_Odessa_Oblast.html
