review_location_name, review_current_page, review_last_page, review_location_type, review_location_breadcrumbs, review_location_rate, location_lat, location_lng, review_id, review_date, review_experience_date, review_rate, user_name, user_link, user_id, parent_url
City Garden, 10, 42, Parks & Parks, Europe & Ukraine & Odessa Oblast & Odessa & Things to Do in Odessa, 4.5, 46.48411, 30.73881, 588703090, 20180601, 20180601, 3.0, Prasche, /Profile/Prasche, 2e3212376cc0a68b4e502e3e47ba841a, /Attraction_Review-g295368-d554490-Reviews-City_Garden-Odessa_Odessa_Oblast.html
City Garden, 10, 42, Parks & Parks, Europe & Ukraine & Odessa Oblast & Odessa & Things to Do in Odessa, 4.5, 46.48411, 30.73881, 586204476, 20180601, 20180601, 4.0, Lauritz R, /Profile/lauritz1, 438356733fc419bf00d4dee7c39b420b, /Attraction_Review-g295368-d554490-Reviews-City_Garden-Odessa_Odessa_Oblast.html
City Garden, 10, 42, Parks & Parks, Europe & Ukraine & Odessa Oblast & Odessa & Things to Do in Odessa, 4.5, 46.48411, 30.73881, 582883488, 20180501, 20180501, 5.0, Rika B, /Profile/maasikavaarika, a189a622d180d21bc8f6f469019c6c3f, /Attraction_Review-g295368-d554490-Reviews-City_Garden-Odessa_Odessa_Oblast.html
City Garden, 10, 42, Parks & Parks, Europe & Ukraine & Odessa Oblast & Odessa & Things to Do in Odessa, 4.5, 46.48411, 30.73881, 582758317, 20180501, 20180501, 4.0, LongReefHacker, /Profile/LongReefHacker, 067b24c299035ca1e99a98fe24292a46, /Attraction_Review-g295368-d554490-Reviews-City_Garden-Odessa_Odessa_Oblast.html
City Garden, 10, 42, Parks & Parks, Europe & Ukraine & Odessa Oblast & Odessa & Things to Do in Odessa, 4.5, 46.48411, 30.73881, 581382094, 20180501, 20180401, 4.0, catherine560, /Profile/catherine560, 3b7ce0a81d2a5e3dedb51988b3191475, /Attraction_Review-g295368-d554490-Reviews-City_Garden-Odessa_Odessa_Oblast.html
