review_location_name, review_current_page, review_last_page, review_location_type, review_location_breadcrumbs, review_location_rate, location_lat, location_lng, review_id, review_date, review_experience_date, review_rate, user_name, user_link, user_id, parent_url
Arcadia Beach, 2, 7, Beaches & Beaches, Europe & Ukraine & Odessa Oblast & Odessa & Things to Do in Odessa, 4.0, 46.427563, 30.766682, 691002626, 20190701, 20190701, 1.0, Volkan, /Profile/volcanonline, 2eba7dbcdf76ec30a4a4ca14a0c5e8db, /Attraction_Review-g295368-d4547953-Reviews-Arcadia_Beach-Odessa_Odessa_Oblast.html
Arcadia Beach, 2, 7, Beaches & Beaches, Europe & Ukraine & Odessa Oblast & Odessa & Things to Do in Odessa, 4.0, 46.427563, 30.766682, 678245030, 20190601, 20190601, 1.0, CameronCali, /Profile/CameronCali, d22bf125c9bfdc266898077acccbedf7, /Attraction_Review-g295368-d4547953-Reviews-Arcadia_Beach-Odessa_Odessa_Oblast.html
Arcadia Beach, 2, 7, Beaches & Beaches, Europe & Ukraine & Odessa Oblast & Odessa & Things to Do in Odessa, 4.0, 46.427563, 30.766682, 673506716, 20190501, 20190501, 5.0, Yali L, /Profile/97yalil, 1d1cb83863f65af33b18b6abba0117e4, /Attraction_Review-g295368-d4547953-Reviews-Arcadia_Beach-Odessa_Odessa_Oblast.html
Arcadia Beach, 2, 7, Beaches & Beaches, Europe & Ukraine & Odessa Oblast & Odessa & Things to Do in Odessa, 4.0, 46.427563, 30.766682, 667001065, 20190401, 20190401, 3.0, massimoswitz, /Profile/massimoswitz, c8364339e7914b2835dfc97300898bfb, /Attraction_Review-g295368-d4547953-Reviews-Arcadia_Beach-Odessa_Odessa_Oblast.html
Arcadia Beach, 2, 7, Beaches & Beaches, Europe & Ukraine & Odessa Oblast & Odessa & Things to Do in Odessa, 4.0, 46.427563, 30.766682, 618751026, 20180901, 20180701, 3.0, Russell D, /Profile/russelld114, 746aa281864ea005fdf14d89bbd65f2d, /Attraction_Review-g295368-d4547953-Reviews-Arcadia_Beach-Odessa_Odessa_Oblast.html
