review_location_name, review_current_page, review_last_page, review_location_type, review_location_breadcrumbs, review_location_rate, location_lat, location_lng, review_id, review_date, review_experience_date, review_rate, user_name, user_link, user_id, parent_url
The Odessa Port, 10, 28, Bodies of Water & Bodies of Water, Europe & Ukraine & Odessa Oblast & Odessa & Things to Do in Odessa, 4.0, 46.4895, 30.743805, 466203143, 20170301, 20170301, 5.0, prefectus, /Profile/prefectus, 7788a47ec946312dabcf6f7f29d5e8a1, /Attraction_Review-g295368-d554488-Reviews-The_Odessa_Port-Odessa_Odessa_Oblast.html
The Odessa Port, 10, 28, Bodies of Water & Bodies of Water, Europe & Ukraine & Odessa Oblast & Odessa & Things to Do in Odessa, 4.0, 46.4895, 30.743805, 455219493, 20170101, 20160801, 5.0, RachelFromBrazil, /Profile/RachelFromBrazil, 49d0fef03b553c05e0a14ef033a2fe96, /Attraction_Review-g295368-d554488-Reviews-The_Odessa_Port-Odessa_Odessa_Oblast.html
The Odessa Port, 10, 28, Bodies of Water & Bodies of Water, Europe & Ukraine & Odessa Oblast & Odessa & Things to Do in Odessa, 4.0, 46.4895, 30.743805, 428421915, 20161001, 20160701, 4.0, gerardd408, /Profile/gerardd408, 98434a7fdc9070e7c9990b6e98873d57, /Attraction_Review-g295368-d554488-Reviews-The_Odessa_Port-Odessa_Odessa_Oblast.html
The Odessa Port, 10, 28, Bodies of Water & Bodies of Water, Europe & Ukraine & Odessa Oblast & Odessa & Things to Do in Odessa, 4.0, 46.4895, 30.743805, 424941486, 20161001, 20160901, 4.0, Geo P, /Profile/geop2014, 66a86a44278cdf18cdae6e86aecd3fbe, /Attraction_Review-g295368-d554488-Reviews-The_Odessa_Port-Odessa_Odessa_Oblast.html
The Odessa Port, 10, 28, Bodies of Water & Bodies of Water, Europe & Ukraine & Odessa Oblast & Odessa & Things to Do in Odessa, 4.0, 46.4895, 30.743805, 415219037, 20160901, 20160801, 3.0, Lucie M, /Profile/luciem855, ae5ffd47362bbe6078635f0eb7eab618, /Attraction_Review-g295368-d554488-Reviews-The_Odessa_Port-Odessa_Odessa_Oblast.html
