review_location_name, review_current_page, review_last_page, review_location_type, review_location_breadcrumbs, review_location_rate, location_lat, location_lng, review_id, review_date, review_experience_date, review_rate, user_name, user_link, user_id, parent_url
Pushkin Museum, 1, 3, Specialty Museums & Specialty Museums, Europe & Ukraine & Odessa Oblast & Odessa & Things to Do in Odessa, 4.0, 46.481594, 30.742882, 749013547, 20200301, 20200301, 5.0, Joanna, /Profile/joannazw, 762d74f6559cb6439adee41024ab6ee5, /Attraction_Review-g295368-d2302414-Reviews-Pushkin_Museum-Odessa_Odessa_Oblast.html
Pushkin Museum, 1, 3, Specialty Museums & Specialty Museums, Europe & Ukraine & Odessa Oblast & Odessa & Things to Do in Odessa, 4.0, 46.481594, 30.742882, 715046171, 20191001, 20190901, 5.0, Tansel G, /Profile/DrTGu, 1ae3c0306f67f2d17d7a119b5e56d78a, /Attraction_Review-g295368-d2302414-Reviews-Pushkin_Museum-Odessa_Odessa_Oblast.html
Pushkin Museum, 1, 3, Specialty Museums & Specialty Museums, Europe & Ukraine & Odessa Oblast & Odessa & Things to Do in Odessa, 4.0, 46.481594, 30.742882, 688497041, 20190701, 20190701, 5.0, Jenny, /Profile/jennytravelsto, 669d12707dadede82d85dc747e3398b2, /Attraction_Review-g295368-d2302414-Reviews-Pushkin_Museum-Odessa_Odessa_Oblast.html
Pushkin Museum, 1, 3, Specialty Museums & Specialty Museums, Europe & Ukraine & Odessa Oblast & Odessa & Things to Do in Odessa, 4.0, 46.481594, 30.742882, 629777565, 20181001, 20181001, 4.0, Andreas Michaelides, /Profile/thirsty4health, 62e3bb7c9d37977895b1c4cb84c6504c, /Attraction_Review-g295368-d2302414-Reviews-Pushkin_Museum-Odessa_Odessa_Oblast.html
Pushkin Museum, 1, 3, Specialty Museums & Specialty Museums, Europe & Ukraine & Odessa Oblast & Odessa & Things to Do in Odessa, 4.0, 46.481594, 30.742882, 293154032, 20150701, 20140801, 4.0, Robert M, /Profile/O4643ALrobertm, b23e933a694ee2a5a42ffcefc98f8866, /Attraction_Review-g295368-d2302414-Reviews-Pushkin_Museum-Odessa_Odessa_Oblast.html
