review_location_name, review_current_page, review_last_page, review_location_type, review_location_breadcrumbs, review_location_rate, location_lat, location_lng, review_id, review_date, review_experience_date, review_rate, user_name, user_link, user_id, parent_url
Statue of the Duc de Richelieu, 15, 19, Monuments & Statues & Monuments & Statues, Europe & Ukraine & Odessa Oblast & Odessa & Things to Do in Odessa, 4.5, 46.488075, 30.741072, 236745128, 20141001, 20140301, 5.0, Scott_From_Utah_USA, /Profile/Scott_From_Utah_USA, 4647164cbdcfcef3dcab2e5ca83f10b3, /Attraction_Review-g295368-d554877-Reviews-Statue_of_the_Duc_de_Richelieu-Odessa_Odessa_Oblast.html
Statue of the Duc de Richelieu, 15, 19, Monuments & Statues & Monuments & Statues, Europe & Ukraine & Odessa Oblast & Odessa & Things to Do in Odessa, 4.5, 46.488075, 30.741072, 225921809, 20140901, 20140801, 4.0, jacek65, /Profile/jacek65, 04eed90b912a96bd5c98079acbf5c335, /Attraction_Review-g295368-d554877-Reviews-Statue_of_the_Duc_de_Richelieu-Odessa_Odessa_Oblast.html
Statue of the Duc de Richelieu, 15, 19, Monuments & Statues & Monuments & Statues, Europe & Ukraine & Odessa Oblast & Odessa & Things to Do in Odessa, 4.5, 46.488075, 30.741072, 204553343, 20140501, 20130901, 5.0, Nataliya623, /Profile/Nataliya623, aa7fb475dfb68717cfbe235ff7cfc4f4, /Attraction_Review-g295368-d554877-Reviews-Statue_of_the_Duc_de_Richelieu-Odessa_Odessa_Oblast.html
Statue of the Duc de Richelieu, 15, 19, Monuments & Statues & Monuments & Statues, Europe & Ukraine & Odessa Oblast & Odessa & Things to Do in Odessa, 4.5, 46.488075, 30.741072, 201154630, 20140401, 20130901, 3.0, LsBob, /Profile/LsBob, 0ae0649d8c51d1f783ce079480e839c9, /Attraction_Review-g295368-d554877-Reviews-Statue_of_the_Duc_de_Richelieu-Odessa_Odessa_Oblast.html
Statue of the Duc de Richelieu, 15, 19, Monuments & Statues & Monuments & Statues, Europe & Ukraine & Odessa Oblast & Odessa & Things to Do in Odessa, 4.5, 46.488075, 30.741072, 196756262, 20140301, 20131001, 3.0, trainfan2000, /Profile/trainfan2000, 3ba9da5cae62c3c482e846bf0cb3e6a3, /Attraction_Review-g295368-d554877-Reviews-Statue_of_the_Duc_de_Richelieu-Odessa_Odessa_Oblast.html
