review_location_name, review_current_page, review_last_page, review_location_type, review_location_breadcrumbs, review_location_rate, location_lat, location_lng, review_id, review_date, review_experience_date, review_rate, user_name, user_link, user_id, parent_url
Odessa Archaeological Museum, 2, 7, History Museums & History Museums, Europe & Ukraine & Odessa Oblast & Odessa & Things to Do in Odessa, 4.0, 46.485027, 30.743431, 720795204, 20191001, 20190901, 4.0, shiraziwine, /Profile/shiraziwine, 88e98174b9dcfe03749d0b3258e754af, /Attraction_Review-g295368-d5503648-Reviews-Odessa_Archaeological_Museum-Odessa_Odessa_Oblast.html
Odessa Archaeological Museum, 2, 7, History Museums & History Museums, Europe & Ukraine & Odessa Oblast & Odessa & Things to Do in Odessa, 4.0, 46.485027, 30.743431, 711983288, 20190901, 20190901, 5.0, ShilohinBC, /Profile/ShilohinBC, f3100685fef6e13977b0f58469bb53ba, /Attraction_Review-g295368-d5503648-Reviews-Odessa_Archaeological_Museum-Odessa_Odessa_Oblast.html
Odessa Archaeological Museum, 2, 7, History Museums & History Museums, Europe & Ukraine & Odessa Oblast & Odessa & Things to Do in Odessa, 4.0, 46.485027, 30.743431, 680463479, 20190601, 20190501, 3.0, MrPokey, /Profile/MrPokey, 79d56d6ee9d1e5c70a8f7fcdab9ad015, /Attraction_Review-g295368-d5503648-Reviews-Odessa_Archaeological_Museum-Odessa_Odessa_Oblast.html
Odessa Archaeological Museum, 2, 7, History Museums & History Museums, Europe & Ukraine & Odessa Oblast & Odessa & Things to Do in Odessa, 4.0, 46.485027, 30.743431, 670555213, 20190401, 20190401, 4.0, francien2015, /Profile/francien2015, b18a4afaa51abff728a728599f9df22f, /Attraction_Review-g295368-d5503648-Reviews-Odessa_Archaeological_Museum-Odessa_Odessa_Oblast.html
Odessa Archaeological Museum, 2, 7, History Museums & History Museums, Europe & Ukraine & Odessa Oblast & Odessa & Things to Do in Odessa, 4.0, 46.485027, 30.743431, 629586026, 20181001, 20181001, 5.0, Andreas Michaelides, /Profile/thirsty4health, 62e3bb7c9d37977895b1c4cb84c6504c, /Attraction_Review-g295368-d5503648-Reviews-Odessa_Archaeological_Museum-Odessa_Odessa_Oblast.html
