review_location_name, review_current_page, review_last_page, review_location_type, review_location_breadcrumbs, review_location_rate, location_lat, location_lng, review_id, review_date, review_experience_date, review_rate, user_name, user_link, user_id, parent_url
Arcadia district, 24, 28, Neighborhoods & Neighborhoods, Europe & Ukraine & Odessa Oblast & Odessa & Things to Do in Odessa, 4.0, 46.43012, 30.762306, 133887269, 20120701, 20110801, 3.0, Drake E, /Profile/Epiphanes, 86ad324626f93cfdb9abb9fcb52ef065, /Attraction_Review-g295368-d554872-Reviews-Arcadia_district-Odessa_Odessa_Oblast.html
Arcadia district, 24, 28, Neighborhoods & Neighborhoods, Europe & Ukraine & Odessa Oblast & Odessa & Things to Do in Odessa, 4.0, 46.43012, 30.762306, 133748483, 20120701, 20120601, 4.0, judelup, /Profile/judelup, 0048c70b4fb5be1409b42b233aea3467, /Attraction_Review-g295368-d554872-Reviews-Arcadia_district-Odessa_Odessa_Oblast.html
Arcadia district, 24, 28, Neighborhoods & Neighborhoods, Europe & Ukraine & Odessa Oblast & Odessa & Things to Do in Odessa, 4.0, 46.43012, 30.762306, 132614828, 20120601, 20120601, 5.0, whiskerxx, /Profile/whiskerxx, b33ea458bfc452ecf8dbaa4730caca8b, /Attraction_Review-g295368-d554872-Reviews-Arcadia_district-Odessa_Odessa_Oblast.html
Arcadia district, 24, 28, Neighborhoods & Neighborhoods, Europe & Ukraine & Odessa Oblast & Odessa & Things to Do in Odessa, 4.0, 46.43012, 30.762306, 131519842, 20120601, 20110701, 2.0, BrianPacker, /Profile/BrianPacker, c1cd022c97d6e6687602f01e53d44d53, /Attraction_Review-g295368-d554872-Reviews-Arcadia_district-Odessa_Odessa_Oblast.html
Arcadia district, 24, 28, Neighborhoods & Neighborhoods, Europe & Ukraine & Odessa Oblast & Odessa & Things to Do in Odessa, 4.0, 46.43012, 30.762306, 130361873, 20120501, 20110701, 3.0, Bradb1108, /Profile/Bradb1108, 2b5964836d46937c4a805e5fff9b72e9, /Attraction_Review-g295368-d554872-Reviews-Arcadia_district-Odessa_Odessa_Oblast.html
