review_location_name, review_current_page, review_last_page, review_location_type, review_location_breadcrumbs, review_location_rate, location_lat, location_lng, review_id, review_date, review_experience_date, review_rate, user_name, user_link, user_id, parent_url
Muzeum Literatury, 3, 2, Specialty Museums & Specialty Museums, Europe & Ukraine & Odessa Oblast & Odessa & Things to Do in Odessa, 4.0, 46.484917, 30.744673, 182743150, 20131001, 20131001, 5.0, maria_krasa, /Profile/maria_krasa, dffd3a9e59cb48212037e5a6d209da07, /Attraction_Review-g295368-d3208879-Reviews-Muzeum_Literatury-Odessa_Odessa_Oblast.html
Muzeum Literatury, 3, 2, Specialty Museums & Specialty Museums, Europe & Ukraine & Odessa Oblast & Odessa & Things to Do in Odessa, 4.0, 46.484917, 30.744673, 176829228, 20130901, 20130901, 3.0, Serge, /Profile/Serge-Atomic, 23e2e17ba0100fccbe34759ceaf62a7f, /Attraction_Review-g295368-d3208879-Reviews-Muzeum_Literatury-Odessa_Odessa_Oblast.html
Muzeum Literatury, 3, 2, Specialty Museums & Specialty Museums, Europe & Ukraine & Odessa Oblast & Odessa & Things to Do in Odessa, 4.0, 46.484917, 30.744673, 175702543, 20130901, 20130901, 4.0, skyhoosier, /Profile/skyhoosier, 93d4216d4fbb03e73deacfa52f3b5dcb, /Attraction_Review-g295368-d3208879-Reviews-Muzeum_Literatury-Odessa_Odessa_Oblast.html
Muzeum Literatury, 3, 2, Specialty Museums & Specialty Museums, Europe & Ukraine & Odessa Oblast & Odessa & Things to Do in Odessa, 4.0, 46.484917, 30.744673, 169201298, 20130701, 20130701, 1.0, Elena S, /Profile/ruskiruski, 67de54874505849168c06c01fbdacbb7, /Attraction_Review-g295368-d3208879-Reviews-Muzeum_Literatury-Odessa_Odessa_Oblast.html
Muzeum Literatury, 3, 2, Specialty Museums & Specialty Museums, Europe & Ukraine & Odessa Oblast & Odessa & Things to Do in Odessa, 4.0, 46.484917, 30.744673, 163507035, 20130601, 20130501, 5.0, HonzaG, /Profile/HonzaG, bf4f0bbe41ac7df4804886e506dec6ed, /Attraction_Review-g295368-d3208879-Reviews-Muzeum_Literatury-Odessa_Odessa_Oblast.html
