review_location_name, review_current_page, review_last_page, review_location_type, review_location_breadcrumbs, review_location_rate, location_lat, location_lng, review_id, review_date, review_experience_date, review_rate, user_name, user_link, user_id, parent_url
Odessa Local Lore and History Museum, 1, 2, Specialty Museums & Specialty Museums, Europe & Ukraine & Odessa Oblast & Odessa & Things to Do in Odessa, 4.0, 46.486233, 30.735497, 681277995, 20190601, 20190601, 4.0, Y3048NPdavids, /Profile/Y3048NPdavids, 83080e4f7ef9a8af8f7a86d39af43d4b, /Attraction_Review-g295368-d6397670-Reviews-Odessa_Local_Lore_and_History_Museum-Odessa_Odessa_Oblast.html
Odessa Local Lore and History Museum, 1, 2, Specialty Museums & Specialty Museums, Europe & Ukraine & Odessa Oblast & Odessa & Things to Do in Odessa, 4.0, 46.486233, 30.735497, 599548322, 20180701, 20180701, 1.0, leab214, /Profile/leab214, e2c6c080f1ed76321b249767d9b686ba, /Attraction_Review-g295368-d6397670-Reviews-Odessa_Local_Lore_and_History_Museum-Odessa_Odessa_Oblast.html
Odessa Local Lore and History Museum, 1, 2, Specialty Museums & Specialty Museums, Europe & Ukraine & Odessa Oblast & Odessa & Things to Do in Odessa, 4.0, 46.486233, 30.735497, 558550332, 20180201, 20180201, 1.0, Robert B, /Profile/robertbN8152UI, 45c2917950c191b27c9ab73194cd96d0, /Attraction_Review-g295368-d6397670-Reviews-Odessa_Local_Lore_and_History_Museum-Odessa_Odessa_Oblast.html
Odessa Local Lore and History Museum, 1, 2, Specialty Museums & Specialty Museums, Europe & Ukraine & Odessa Oblast & Odessa & Things to Do in Odessa, 4.0, 46.486233, 30.735497, 501207046, 20170701, 20170701, 3.0, Debby S, /Profile/debbys761, 9bf7a48cdc5a659af152f42dfefb5324, /Attraction_Review-g295368-d6397670-Reviews-Odessa_Local_Lore_and_History_Museum-Odessa_Odessa_Oblast.html
Odessa Local Lore and History Museum, 1, 2, Specialty Museums & Specialty Museums, Europe & Ukraine & Odessa Oblast & Odessa & Things to Do in Odessa, 4.0, 46.486233, 30.735497, 490923285, 20170601, 20170501, 4.0, Similtiades, /Profile/Similtiades, 1fa5b69bea6fadb351694967845e98c3, /Attraction_Review-g295368-d6397670-Reviews-Odessa_Local_Lore_and_History_Museum-Odessa_Odessa_Oblast.html
