review_location_name, review_current_page, review_last_page, review_location_type, review_location_breadcrumbs, review_location_rate, location_lat, location_lng, review_id, review_date, review_experience_date, review_rate, user_name, user_link, user_id, parent_url
Potemkin Stairs, 25, 103, Points of Interest & Landmarks & Points of Interest & Landmarks, Europe & Ukraine & Odessa Oblast & Odessa & Things to Do in Odessa, 4.0, 46.488564, 30.742014, 598437822, 20180701, 20180701, 2.0, Viktor77, /Profile/Viktor77, de10d88be438c0cf310c6c4adeed3a71, /Attraction_Review-g295368-d554884-Reviews-Potemkin_Stairs-Odessa_Odessa_Oblast.html
Potemkin Stairs, 25, 103, Points of Interest & Landmarks & Points of Interest & Landmarks, Europe & Ukraine & Odessa Oblast & Odessa & Things to Do in Odessa, 4.0, 46.488564, 30.742014, 597521500, 20180701, 20180701, 3.0, Jesus_Christ, /Profile/Jesus_Christ_2017, e438e9f4838f85ff17aea6c70a925c64, /Attraction_Review-g295368-d554884-Reviews-Potemkin_Stairs-Odessa_Odessa_Oblast.html
Potemkin Stairs, 25, 103, Points of Interest & Landmarks & Points of Interest & Landmarks, Europe & Ukraine & Odessa Oblast & Odessa & Things to Do in Odessa, 4.0, 46.488564, 30.742014, 597360612, 20180701, 20180701, 4.0, C.Kate, /Profile/C_Kate, 22b46d5d25f7ff47fc273781b253a06c, /Attraction_Review-g295368-d554884-Reviews-Potemkin_Stairs-Odessa_Odessa_Oblast.html
Potemkin Stairs, 25, 103, Points of Interest & Landmarks & Points of Interest & Landmarks, Europe & Ukraine & Odessa Oblast & Odessa & Things to Do in Odessa, 4.0, 46.488564, 30.742014, 597258106, 20180701, 20180701, 5.0, Mindaugas M, /Profile/MindeMM, 339749eb77d40d22661ff6e18d3aab13, /Attraction_Review-g295368-d554884-Reviews-Potemkin_Stairs-Odessa_Odessa_Oblast.html
Potemkin Stairs, 25, 103, Points of Interest & Landmarks & Points of Interest & Landmarks, Europe & Ukraine & Odessa Oblast & Odessa & Things to Do in Odessa, 4.0, 46.488564, 30.742014, 595880232, 20180701, 20180501, 4.0, CJW913, /Profile/CJW913, 5cda35cdea6197a4a560495f9d01a126, /Attraction_Review-g295368-d554884-Reviews-Potemkin_Stairs-Odessa_Odessa_Oblast.html
