review_location_name, review_current_page, review_last_page, review_location_type, review_location_breadcrumbs, review_location_rate, location_lat, location_lng, review_id, review_date, review_experience_date, review_rate, user_name, user_link, user_id, parent_url
Lanzheron Beach, 6, 9, Beaches & Beaches, Europe & Ukraine & Odessa Oblast & Odessa & Things to Do in Odessa, 4.0, 46.471024, 30.764517, 457178948, 20170201, 20160301, 4.0, sofytea, /Profile/sofytea, 075ea3f4d413c8a55d0755f6fa1f2d14, /Attraction_Review-g295368-d4952695-Reviews-Lanzheron_Beach-Odessa_Odessa_Oblast.html
Lanzheron Beach, 6, 9, Beaches & Beaches, Europe & Ukraine & Odessa Oblast & Odessa & Things to Do in Odessa, 4.0, 46.471024, 30.764517, 417986708, 20160901, 20160801, 2.0, Sergiy M, /Profile/503sergiym, 652924c960f32a309aee49c8b36c8af6, /Attraction_Review-g295368-d4952695-Reviews-Lanzheron_Beach-Odessa_Odessa_Oblast.html
Lanzheron Beach, 6, 9, Beaches & Beaches, Europe & Ukraine & Odessa Oblast & Odessa & Things to Do in Odessa, 4.0, 46.471024, 30.764517, 402279395, 20160801, 20160701, 1.0, kisulka, /Profile/kisulka, 285e8e09bfe1bd7d52e8d2e28677f181, /Attraction_Review-g295368-d4952695-Reviews-Lanzheron_Beach-Odessa_Odessa_Oblast.html
Lanzheron Beach, 6, 9, Beaches & Beaches, Europe & Ukraine & Odessa Oblast & Odessa & Things to Do in Odessa, 4.0, 46.471024, 30.764517, 400479009, 20160801, 20160801, 2.0, JudiNts, /Profile/JudiNts, fb5376a9c611c264175f4e1c48858813, /Attraction_Review-g295368-d4952695-Reviews-Lanzheron_Beach-Odessa_Odessa_Oblast.html
Lanzheron Beach, 6, 9, Beaches & Beaches, Europe & Ukraine & Odessa Oblast & Odessa & Things to Do in Odessa, 4.0, 46.471024, 30.764517, 396473086, 20160701, 20160701, 3.0, Dana A, /Profile/d_atshabarova, dd1646e079c87f3cf051acb20e1b24c9, /Attraction_Review-g295368-d4952695-Reviews-Lanzheron_Beach-Odessa_Odessa_Oblast.html
