review_location_name, review_current_page, review_last_page, review_location_type, review_location_breadcrumbs, review_location_rate, location_lat, location_lng, review_id, review_date, review_experience_date, review_rate, user_name, user_link, user_id, parent_url
Secrets of Underground Odessa Museum, 4, 17, Specialty Museums & Specialty Museums, Europe & Ukraine & Odessa Oblast & Odessa & Things to Do in Odessa, 5.0, 46.474117, 30.712864, 672262194, 20190501, 20190401, 5.0, Turgut49, /Profile/TURGUT49, 604c3aa47744afc86b55a1554418748c, /Attraction_Review-g295368-d6784590-Reviews-Secrets_of_Underground_Odessa_Museum-Odessa_Odessa_Oblast.html
Secrets of Underground Odessa Museum, 4, 17, Specialty Museums & Specialty Museums, Europe & Ukraine & Odessa Oblast & Odessa & Things to Do in Odessa, 5.0, 46.474117, 30.712864, 671897771, 20190501, 20190501, 5.0, CliveH27, /Profile/CliveH27, f0f6054e96c28942deeb3678112cd97d, /Attraction_Review-g295368-d6784590-Reviews-Secrets_of_Underground_Odessa_Museum-Odessa_Odessa_Oblast.html
Secrets of Underground Odessa Museum, 4, 17, Specialty Museums & Specialty Museums, Europe & Ukraine & Odessa Oblast & Odessa & Things to Do in Odessa, 5.0, 46.474117, 30.712864, 667655789, 20190401, 20190401, 4.0, mickemorn, /Profile/mickemorn, da13b07ea9908b360d1944888634664d, /Attraction_Review-g295368-d6784590-Reviews-Secrets_of_Underground_Odessa_Museum-Odessa_Odessa_Oblast.html
Secrets of Underground Odessa Museum, 4, 17, Specialty Museums & Specialty Museums, Europe & Ukraine & Odessa Oblast & Odessa & Things to Do in Odessa, 5.0, 46.474117, 30.712864, 656934379, 20190301, 20181001, 5.0, TomTravelWorld, /Profile/TomTravelWorld, 841e33ed50da6910d62e8523774a1a54, /Attraction_Review-g295368-d6784590-Reviews-Secrets_of_Underground_Odessa_Museum-Odessa_Odessa_Oblast.html
Secrets of Underground Odessa Museum, 4, 17, Specialty Museums & Specialty Museums, Europe & Ukraine & Odessa Oblast & Odessa & Things to Do in Odessa, 5.0, 46.474117, 30.712864, 625025883, 20181001, 20181001, 2.0, Elena R, /Profile/ElenaR2649, ef93716d49dc10ebf9269b05e3a331ff, /Attraction_Review-g295368-d6784590-Reviews-Secrets_of_Underground_Odessa_Museum-Odessa_Odessa_Oblast.html
