review_location_name, review_current_page, review_last_page, review_location_type, review_location_breadcrumbs, review_location_rate, location_lat, location_lng, review_id, review_date, review_experience_date, review_rate, user_name, user_link, user_id, parent_url
Primorsky Boulevard, 44, 45, Points of Interest & Landmarks & Points of Interest & Landmarks, Europe & Ukraine & Odessa Oblast & Odessa & Things to Do in Odessa, 4.5, 46.48799, 30.74117, 130646541, 20120501, 20120501, 5.0, zhenya, /Profile/zhenya, 5d0bd1801c81a4a1ea9e03a8abf461e9, /Attraction_Review-g295368-d554887-Reviews-Primorsky_Boulevard-Odessa_Odessa_Oblast.html
Primorsky Boulevard, 44, 45, Points of Interest & Landmarks & Points of Interest & Landmarks, Europe & Ukraine & Odessa Oblast & Odessa & Things to Do in Odessa, 4.5, 46.48799, 30.74117, 130059351, 20120501, 20120401, 5.0, MichiganRick, /Profile/MichiganRick, ee81c049b50f16dd3e16adeb4134046b, /Attraction_Review-g295368-d554887-Reviews-Primorsky_Boulevard-Odessa_Odessa_Oblast.html
Primorsky Boulevard, 44, 45, Points of Interest & Landmarks & Points of Interest & Landmarks, Europe & Ukraine & Odessa Oblast & Odessa & Things to Do in Odessa, 4.5, 46.48799, 30.74117, 129355760, 20120501, 20120501, 5.0, Anya L, /Profile/AnyaL671, 01b3f6dbcb2cb621a8c5d28e05df1584, /Attraction_Review-g295368-d554887-Reviews-Primorsky_Boulevard-Odessa_Odessa_Oblast.html
Primorsky Boulevard, 44, 45, Points of Interest & Landmarks & Points of Interest & Landmarks, Europe & Ukraine & Odessa Oblast & Odessa & Things to Do in Odessa, 4.5, 46.48799, 30.74117, 125212767, 20120201, 20120201, 4.0, Harri E, /Profile/426harrie, adb936a2a9862c6168d50d0a3db1f412, /Attraction_Review-g295368-d554887-Reviews-Primorsky_Boulevard-Odessa_Odessa_Oblast.html
Primorsky Boulevard, 44, 45, Points of Interest & Landmarks & Points of Interest & Landmarks, Europe & Ukraine & Odessa Oblast & Odessa & Things to Do in Odessa, 4.5, 46.48799, 30.74117, 124979107, 20120201, 20120201, 5.0, jdport, /Profile/jdport, 63355ba59cd5f5be760c41ba50d413dc, /Attraction_Review-g295368-d554887-Reviews-Primorsky_Boulevard-Odessa_Odessa_Oblast.html
