review_location_name, review_current_page, review_last_page, review_location_type, review_location_breadcrumbs, review_location_rate, location_lat, location_lng, review_id, review_date, review_experience_date, review_rate, user_name, user_link, user_id, parent_url
Teatralnaya Square, 3, 19, Points of Interest & Landmarks & Points of Interest & Landmarks, Europe & Ukraine & Odessa Oblast & Odessa & Things to Do in Odessa, 4.5, 46.485157, 30.741667, 683062483, 20190601, 20190601, 5.0, Elhanan S, /Profile/elhanans, abc83f6e16723f5fc95a05f675e41ce6, /Attraction_Review-g295368-d4766591-Reviews-Teatralnaya_Square-Odessa_Odessa_Oblast.html
Teatralnaya Square, 3, 19, Points of Interest & Landmarks & Points of Interest & Landmarks, Europe & Ukraine & Odessa Oblast & Odessa & Things to Do in Odessa, 4.5, 46.485157, 30.741667, 677093679, 20190501, 20180601, 5.0, Fırat Z, /Profile/firatzehavi, 16397b0192e50d6355c7babdfa3cd7d7, /Attraction_Review-g295368-d4766591-Reviews-Teatralnaya_Square-Odessa_Odessa_Oblast.html
Teatralnaya Square, 3, 19, Points of Interest & Landmarks & Points of Interest & Landmarks, Europe & Ukraine & Odessa Oblast & Odessa & Things to Do in Odessa, 4.5, 46.485157, 30.741667, 673145462, 20190501, 20190501, 5.0, Yali L, /Profile/97yalil, 1d1cb83863f65af33b18b6abba0117e4, /Attraction_Review-g295368-d4766591-Reviews-Teatralnaya_Square-Odessa_Odessa_Oblast.html
Teatralnaya Square, 3, 19, Points of Interest & Landmarks & Points of Interest & Landmarks, Europe & Ukraine & Odessa Oblast & Odessa & Things to Do in Odessa, 4.5, 46.485157, 30.741667, 670554538, 20190401, 20190401, 4.0, francien2015, /Profile/francien2015, b18a4afaa51abff728a728599f9df22f, /Attraction_Review-g295368-d4766591-Reviews-Teatralnaya_Square-Odessa_Odessa_Oblast.html
Teatralnaya Square, 3, 19, Points of Interest & Landmarks & Points of Interest & Landmarks, Europe & Ukraine & Odessa Oblast & Odessa & Things to Do in Odessa, 4.5, 46.485157, 30.741667, 667002248, 20190401, 20190401, 5.0, massimoswitz, /Profile/massimoswitz, c8364339e7914b2835dfc97300898bfb, /Attraction_Review-g295368-d4766591-Reviews-Teatralnaya_Square-Odessa_Odessa_Oblast.html
