review_location_name, review_current_page, review_last_page, review_location_type, review_location_breadcrumbs, review_location_rate, location_lat, location_lng, review_id, review_date, review_experience_date, review_rate, user_name, user_link, user_id, parent_url
Statue of the Duc de Richelieu, 17, 19, Monuments & Statues & Monuments & Statues, Europe & Ukraine & Odessa Oblast & Odessa & Things to Do in Odessa, 4.5, 46.488075, 30.741072, 156070843, 20130301, 20121001, 4.0, Olle A, /Profile/OlleA_13, cf007e1406a422d3c402995cc98fd0c7, /Attraction_Review-g295368-d554877-Reviews-Statue_of_the_Duc_de_Richelieu-Odessa_Odessa_Oblast.html
Statue of the Duc de Richelieu, 17, 19, Monuments & Statues & Monuments & Statues, Europe & Ukraine & Odessa Oblast & Odessa & Things to Do in Odessa, 4.5, 46.488075, 30.741072, 154999755, 20130301, 20130301, 5.0, jaleed, /Profile/jaleed, c2de7da92248c92ef3fef77719d2a6d6, /Attraction_Review-g295368-d554877-Reviews-Statue_of_the_Duc_de_Richelieu-Odessa_Odessa_Oblast.html
Statue of the Duc de Richelieu, 17, 19, Monuments & Statues & Monuments & Statues, Europe & Ukraine & Odessa Oblast & Odessa & Things to Do in Odessa, 4.5, 46.488075, 30.741072, 154624589, 20130301, 20130201, 4.0, tamfromhun, /Profile/tamfromhun, 58e6f9dd4fab4918a81a027d5659d08c, /Attraction_Review-g295368-d554877-Reviews-Statue_of_the_Duc_de_Richelieu-Odessa_Odessa_Oblast.html
Statue of the Duc de Richelieu, 17, 19, Monuments & Statues & Monuments & Statues, Europe & Ukraine & Odessa Oblast & Odessa & Things to Do in Odessa, 4.5, 46.488075, 30.741072, 152837563, 20130201, 20130201, 5.0, Guspianist, /Profile/Guspianist, 9b8ae9e7348154857d004251206fc5bb, /Attraction_Review-g295368-d554877-Reviews-Statue_of_the_Duc_de_Richelieu-Odessa_Odessa_Oblast.html
Statue of the Duc de Richelieu, 17, 19, Monuments & Statues & Monuments & Statues, Europe & Ukraine & Odessa Oblast & Odessa & Things to Do in Odessa, 4.5, 46.488075, 30.741072, 149500400, 20130101, 20120501, 4.0, Bonelya, /Profile/Bonelya, 00fbab58ce19e5afd737804cbd31bad8, /Attraction_Review-g295368-d554877-Reviews-Statue_of_the_Duc_de_Richelieu-Odessa_Odessa_Oblast.html
