review_location_name, review_current_page, review_last_page, review_location_type, review_location_breadcrumbs, review_location_rate, location_lat, location_lng, review_id, review_date, review_experience_date, review_rate, user_name, user_link, user_id, parent_url
The City Zoo, 2, 3, Zoos & Zoos, Europe & Ukraine & Odessa Oblast & Odessa & Things to Do in Odessa, 2.5, 46.46846, 30.7318, 261515958, 20150301, 20150301, 5.0, Shibai-Chutatsu, /Profile/Shibai-Chutatsu, 4228c451fc9d3f1b41bd73ab66f379aa, /Attraction_Review-g295368-d554489-Reviews-The_City_Zoo-Odessa_Odessa_Oblast.html
The City Zoo, 2, 3, Zoos & Zoos, Europe & Ukraine & Odessa Oblast & Odessa & Things to Do in Odessa, 2.5, 46.46846, 30.7318, 236751817, 20141001, 20140601, 2.0, Scott_From_Utah_USA, /Profile/Scott_From_Utah_USA, 4647164cbdcfcef3dcab2e5ca83f10b3, /Attraction_Review-g295368-d554489-Reviews-The_City_Zoo-Odessa_Odessa_Oblast.html
The City Zoo, 2, 3, Zoos & Zoos, Europe & Ukraine & Odessa Oblast & Odessa & Things to Do in Odessa, 2.5, 46.46846, 30.7318, 180210447, 20131001, 20130601, 1.0, brilliantcreature, /Profile/brilliantcreature, aa92a8c477041ec5b133e51a8d5fc2bb, /Attraction_Review-g295368-d554489-Reviews-The_City_Zoo-Odessa_Odessa_Oblast.html
The City Zoo, 2, 3, Zoos & Zoos, Europe & Ukraine & Odessa Oblast & Odessa & Things to Do in Odessa, 2.5, 46.46846, 30.7318, 179557023, 20131001, 20130901, 1.0, Guspianist, /Profile/Guspianist, 9b8ae9e7348154857d004251206fc5bb, /Attraction_Review-g295368-d554489-Reviews-The_City_Zoo-Odessa_Odessa_Oblast.html
The City Zoo, 2, 3, Zoos & Zoos, Europe & Ukraine & Odessa Oblast & Odessa & Things to Do in Odessa, 2.5, 46.46846, 30.7318, 162754799, 20130601, 20130601, 1.0, English_Gary, /Profile/English_Gary, 04b605852652e35ce4a7ea437671d7b0, /Attraction_Review-g295368-d554489-Reviews-The_City_Zoo-Odessa_Odessa_Oblast.html
