review_location_name, review_current_page, review_last_page, review_location_type, review_location_breadcrumbs, review_location_rate, location_lat, location_lng, review_id, review_date, review_experience_date, review_rate, user_name, user_link, user_id, parent_url
Monument to the 12th Chair, 6, 15, Points of Interest & Landmarks & Monuments & Statues & Points of Interest & Landmarks & Monuments & Statues, Europe & Ukraine & Odessa Oblast & Odessa & Things to Do in Odessa, 4.5, 46.48406, 30.73935, 594970529, 20180701, 20180501, 3.0, CJW913, /Profile/CJW913, 5cda35cdea6197a4a560495f9d01a126, /Attraction_Review-g295368-d5259019-Reviews-Monument_to_the_12th_Chair-Odessa_Odessa_Oblast.html
Monument to the 12th Chair, 6, 15, Points of Interest & Landmarks & Monuments & Statues & Points of Interest & Landmarks & Monuments & Statues, Europe & Ukraine & Odessa Oblast & Odessa & Things to Do in Odessa, 4.5, 46.48406, 30.73935, 594959722, 20180701, 20180701, 4.0, Deanne D, /Profile/Weetbix7, 60333d7485d704ad129cefc762f7c853, /Attraction_Review-g295368-d5259019-Reviews-Monument_to_the_12th_Chair-Odessa_Odessa_Oblast.html
Monument to the 12th Chair, 6, 15, Points of Interest & Landmarks & Monuments & Statues & Points of Interest & Landmarks & Monuments & Statues, Europe & Ukraine & Odessa Oblast & Odessa & Things to Do in Odessa, 4.5, 46.48406, 30.73935, 591089476, 20180601, 20180601, 3.0, Leigh E, /Profile/LeighE931, dfbc3aafd3ab24785447d0be88e6eef2, /Attraction_Review-g295368-d5259019-Reviews-Monument_to_the_12th_Chair-Odessa_Odessa_Oblast.html
Monument to the 12th Chair, 6, 15, Points of Interest & Landmarks & Monuments & Statues & Points of Interest & Landmarks & Monuments & Statues, Europe & Ukraine & Odessa Oblast & Odessa & Things to Do in Odessa, 4.5, 46.48406, 30.73935, 578901748, 20180501, 20180401, 4.0, nigueu, /Profile/nigueu, 1ba7dba706479ec4a7d22f46f32f887e, /Attraction_Review-g295368-d5259019-Reviews-Monument_to_the_12th_Chair-Odessa_Odessa_Oblast.html
Monument to the 12th Chair, 6, 15, Points of Interest & Landmarks & Monuments & Statues & Points of Interest & Landmarks & Monuments & Statues, Europe & Ukraine & Odessa Oblast & Odessa & Things to Do in Odessa, 4.5, 46.48406, 30.73935, 554065966, 20180101, 20170801, 3.0, Olena S, /Profile/olenas2016, c97ac2aca27824662144f6b2596e7919, /Attraction_Review-g295368-d5259019-Reviews-Monument_to_the_12th_Chair-Odessa_Odessa_Oblast.html
