review_location_name, review_current_page, review_last_page, review_location_type, review_location_breadcrumbs, review_location_rate, location_lat, location_lng, review_id, review_date, review_experience_date, review_rate, user_name, user_link, user_id, parent_url
Arcadia Beach, 6, 7, Beaches & Beaches, Europe & Ukraine & Odessa Oblast & Odessa & Things to Do in Odessa, 4.0, 46.427563, 30.766682, 394815167, 20160701, 20150801, 5.0, monty133, /Profile/monty133, a926cac132298df102cdbe7fe3ba25f5, /Attraction_Review-g295368-d4547953-Reviews-Arcadia_Beach-Odessa_Odessa_Oblast.html
Arcadia Beach, 6, 7, Beaches & Beaches, Europe & Ukraine & Odessa Oblast & Odessa & Things to Do in Odessa, 4.0, 46.427563, 30.766682, 356458481, 20160301, 20150701, 5.0, Elena K, /Profile/H8926AOelenak, 9a90d9eb21074555140cb7db95f39278, /Attraction_Review-g295368-d4547953-Reviews-Arcadia_Beach-Odessa_Odessa_Oblast.html
Arcadia Beach, 6, 7, Beaches & Beaches, Europe & Ukraine & Odessa Oblast & Odessa & Things to Do in Odessa, 4.0, 46.427563, 30.766682, 353859302, 20160301, 20160201, 5.0, marycush, /Profile/marycush, b64691c3a6e81d28f0dafc481d6aea4a, /Attraction_Review-g295368-d4547953-Reviews-Arcadia_Beach-Odessa_Odessa_Oblast.html
Arcadia Beach, 6, 7, Beaches & Beaches, Europe & Ukraine & Odessa Oblast & Odessa & Things to Do in Odessa, 4.0, 46.427563, 30.766682, 315526532, 20151001, 20150901, 3.0, Mrjustice, /Profile/Mrjustice, 94cdc980d89211462fe0e2e34f87b325, /Attraction_Review-g295368-d4547953-Reviews-Arcadia_Beach-Odessa_Odessa_Oblast.html
Arcadia Beach, 6, 7, Beaches & Beaches, Europe & Ukraine & Odessa Oblast & Odessa & Things to Do in Odessa, 4.0, 46.427563, 30.766682, 303720075, 20150801, 20150801, 5.0, Dan F, /Profile/danf352, f6f9f9723cb64b6233441ff62bad7ae6, /Attraction_Review-g295368-d4547953-Reviews-Arcadia_Beach-Odessa_Odessa_Oblast.html
