review_location_name, review_current_page, review_last_page, review_location_type, review_location_breadcrumbs, review_location_rate, location_lat, location_lng, review_id, review_date, review_experience_date, review_rate, user_name, user_link, user_id, parent_url
Passage, 3, 31, Points of Interest & Landmarks & Points of Interest & Landmarks, Europe & Ukraine & Odessa Oblast & Odessa & Things to Do in Odessa, 4.5, 46.48401, 30.73307, 711984060, 20190901, 20190901, 5.0, ShilohinBC, /Profile/ShilohinBC, f3100685fef6e13977b0f58469bb53ba, /Attraction_Review-g295368-d2083546-Reviews-Passage-Odessa_Odessa_Oblast.html
Passage, 3, 31, Points of Interest & Landmarks & Points of Interest & Landmarks, Europe & Ukraine & Odessa Oblast & Odessa & Things to Do in Odessa, 4.5, 46.48401, 30.73307, 705566459, 20190901, 20190801, 4.0, SolidRocks, /Profile/SolidRocks, abcc8fd82184c72366e0ef6a66c5dd44, /Attraction_Review-g295368-d2083546-Reviews-Passage-Odessa_Odessa_Oblast.html
Passage, 3, 31, Points of Interest & Landmarks & Points of Interest & Landmarks, Europe & Ukraine & Odessa Oblast & Odessa & Things to Do in Odessa, 4.5, 46.48401, 30.73307, 700120976, 20190801, 20190801, 4.0, Peter F, /Profile/peterfX4901MK, ee6121ab55acef9baf519673300ede62, /Attraction_Review-g295368-d2083546-Reviews-Passage-Odessa_Odessa_Oblast.html
Passage, 3, 31, Points of Interest & Landmarks & Points of Interest & Landmarks, Europe & Ukraine & Odessa Oblast & Odessa & Things to Do in Odessa, 4.5, 46.48401, 30.73307, 697862286, 20190801, 20190801, 4.0, RalphSpoilsport, /Profile/RalphSpoilsport, bd69cf3c0c201302688bdab54008783a, /Attraction_Review-g295368-d2083546-Reviews-Passage-Odessa_Odessa_Oblast.html
Passage, 3, 31, Points of Interest & Landmarks & Points of Interest & Landmarks, Europe & Ukraine & Odessa Oblast & Odessa & Things to Do in Odessa, 4.5, 46.48401, 30.73307, 695219671, 20190801, 20190701, 4.0, Mark Benjamin L, /Profile/markbenjaminl, e55a52be1f4dabb0af9aae57f24811d4, /Attraction_Review-g295368-d2083546-Reviews-Passage-Odessa_Odessa_Oblast.html
