review_location_name, review_current_page, review_last_page, review_location_type, review_location_breadcrumbs, review_location_rate, location_lat, location_lng, review_id, review_date, review_experience_date, review_rate, user_name, user_link, user_id, parent_url
Museum of Interesting Science, 3, 2, Specialty Museums & Specialty Museums, Europe & Ukraine & Odessa Oblast & Odessa & Things to Do in Odessa, 4.5, 46.45984, 30.74962, 517145894, 20170801, 20170801, 4.0, Giedrius K, /Profile/125giedriusk, 13ec6a78afd8eed222119656a0a49a76, /Attraction_Review-g295368-d6755140-Reviews-Museum_of_Interesting_Science-Odessa_Odessa_Oblast.html
Museum of Interesting Science, 3, 2, Specialty Museums & Specialty Museums, Europe & Ukraine & Odessa Oblast & Odessa & Things to Do in Odessa, 4.5, 46.45984, 30.74962, 465616368, 20170301, 20160901, 5.0, Borys B, /Profile/borysb9, 3d0fe15168937415b5e99f88871436c8, /Attraction_Review-g295368-d6755140-Reviews-Museum_of_Interesting_Science-Odessa_Odessa_Oblast.html
Museum of Interesting Science, 3, 2, Specialty Museums & Specialty Museums, Europe & Ukraine & Odessa Oblast & Odessa & Things to Do in Odessa, 4.5, 46.45984, 30.74962, 444075924, 20161201, 20160101, 5.0, Pavel P, /Profile/232pavelp, 7a8e47cccfdbbb023abb28e28d9fe710, /Attraction_Review-g295368-d6755140-Reviews-Museum_of_Interesting_Science-Odessa_Odessa_Oblast.html
Museum of Interesting Science, 3, 2, Specialty Museums & Specialty Museums, Europe & Ukraine & Odessa Oblast & Odessa & Things to Do in Odessa, 4.5, 46.45984, 30.74962, 394285211, 20160701, 20160701, 5.0, Anton D, /Profile/713antond, ebf008acf3930a1ed1460455adcb17da, /Attraction_Review-g295368-d6755140-Reviews-Museum_of_Interesting_Science-Odessa_Odessa_Oblast.html
Museum of Interesting Science, 3, 2, Specialty Museums & Specialty Museums, Europe & Ukraine & Odessa Oblast & Odessa & Things to Do in Odessa, 4.5, 46.45984, 30.74962, 360803108, 20160401, 20160301, 5.0, Tim S, /Profile/L9572RRtims, ea2f0c543714f58bd0de1777c818a531, /Attraction_Review-g295368-d6755140-Reviews-Museum_of_Interesting_Science-Odessa_Odessa_Oblast.html
