review_location_name, review_current_page, review_last_page, review_location_type, review_location_breadcrumbs, review_location_rate, location_lat, location_lng, review_id, review_date, review_experience_date, review_rate, user_name, user_link, user_id, parent_url
Odessa Delphinarium Nemo, 23, 30, Aquariums & Aquariums, Europe & Ukraine & Odessa Oblast & Odessa & Things to Do in Odessa, 4.5, 46.477043, 30.765228, 317689281, 20151001, 20151001, 5.0, david z, /Profile/363davidz, 30f5b870f194dcb0c4635d64eda6d734, /Attraction_Review-g295368-d6027684-Reviews-Odessa_Delphinarium_Nemo-Odessa_Odessa_Oblast.html
Odessa Delphinarium Nemo, 23, 30, Aquariums & Aquariums, Europe & Ukraine & Odessa Oblast & Odessa & Things to Do in Odessa, 4.5, 46.477043, 30.765228, 310075027, 20150901, 20150901, 5.0, Ayala G, /Profile/ayalag2018, 4ce43cb172a13be448bc02e7db7624a4, /Attraction_Review-g295368-d6027684-Reviews-Odessa_Delphinarium_Nemo-Odessa_Odessa_Oblast.html
Odessa Delphinarium Nemo, 23, 30, Aquariums & Aquariums, Europe & Ukraine & Odessa Oblast & Odessa & Things to Do in Odessa, 4.5, 46.477043, 30.765228, 309021856, 20150901, 20150801, 5.0, platypustheking, /Profile/platypustheking, 029a56f2d169c28b506cfd08949e1a8b, /Attraction_Review-g295368-d6027684-Reviews-Odessa_Delphinarium_Nemo-Odessa_Odessa_Oblast.html
Odessa Delphinarium Nemo, 23, 30, Aquariums & Aquariums, Europe & Ukraine & Odessa Oblast & Odessa & Things to Do in Odessa, 4.5, 46.477043, 30.765228, 307206046, 20150901, 20150901, 4.0, Richard W, /Profile/richardw339, 06750ed61ef28cd9ff4285133e59529b, /Attraction_Review-g295368-d6027684-Reviews-Odessa_Delphinarium_Nemo-Odessa_Odessa_Oblast.html
Odessa Delphinarium Nemo, 23, 30, Aquariums & Aquariums, Europe & Ukraine & Odessa Oblast & Odessa & Things to Do in Odessa, 4.5, 46.477043, 30.765228, 304516025, 20150801, 20150601, 4.0, Steven O, /Profile/steveno223, 1e486c00d9a9e73d9ced8142481e83ea, /Attraction_Review-g295368-d6027684-Reviews-Odessa_Delphinarium_Nemo-Odessa_Odessa_Oblast.html
