review_location_name, review_current_page, review_last_page, review_location_type, review_location_breadcrumbs, review_location_rate, location_lat, location_lng, review_id, review_date, review_experience_date, review_rate, user_name, user_link, user_id, parent_url
Belvedere of Vorontsov's Palace, 6, 7, Points of Interest & Landmarks & Points of Interest & Landmarks, Europe & Ukraine & Odessa Oblast & Odessa & Things to Do in Odessa, 4.0, 46.48944, 30.73847, 190577158, 20140101, 20131201, 4.0, Alex T, /Profile/AlexT995, 91b69a4d772c9445f93752e3d6fcf0b5, /Attraction_Review-g295368-d554875-Reviews-Belvedere_of_Vorontsov_s_Palace-Odessa_Odessa_Oblast.html
Belvedere of Vorontsov's Palace, 6, 7, Points of Interest & Landmarks & Points of Interest & Landmarks, Europe & Ukraine & Odessa Oblast & Odessa & Things to Do in Odessa, 4.0, 46.48944, 30.73847, 187434608, 20131201, 20131101, 3.0, Igor F, /Profile/drrockimi, e4a3b00385fb4ba0e565bad929d4c8e3, /Attraction_Review-g295368-d554875-Reviews-Belvedere_of_Vorontsov_s_Palace-Odessa_Odessa_Oblast.html
Belvedere of Vorontsov's Palace, 6, 7, Points of Interest & Landmarks & Points of Interest & Landmarks, Europe & Ukraine & Odessa Oblast & Odessa & Things to Do in Odessa, 4.0, 46.48944, 30.73847, 175127345, 20130901, 20130801, 4.0, LadyFlander, /Profile/LadyFlander, 5d025cc23fbffebebf312d498f25c3f7, /Attraction_Review-g295368-d554875-Reviews-Belvedere_of_Vorontsov_s_Palace-Odessa_Odessa_Oblast.html
Belvedere of Vorontsov's Palace, 6, 7, Points of Interest & Landmarks & Points of Interest & Landmarks, Europe & Ukraine & Odessa Oblast & Odessa & Things to Do in Odessa, 4.0, 46.48944, 30.73847, 171334634, 20130801, 20130801, 3.0, chaiminded, /Profile/chaiminded, 70556fcdbedb12a5ef1f7b6a01346bf9, /Attraction_Review-g295368-d554875-Reviews-Belvedere_of_Vorontsov_s_Palace-Odessa_Odessa_Oblast.html
Belvedere of Vorontsov's Palace, 6, 7, Points of Interest & Landmarks & Points of Interest & Landmarks, Europe & Ukraine & Odessa Oblast & Odessa & Things to Do in Odessa, 4.0, 46.48944, 30.73847, 166928112, 20130701, 20130701, 4.0, Viktor P, /Profile/ViktorP981, c7e1ea12e935bf8eea5945f1fb44f015, /Attraction_Review-g295368-d554875-Reviews-Belvedere_of_Vorontsov_s_Palace-Odessa_Odessa_Oblast.html
