review_location_name, review_current_page, review_last_page, review_location_type, review_location_breadcrumbs, review_location_rate, location_lat, location_lng, review_id, review_date, review_experience_date, review_rate, user_name, user_link, user_id, parent_url
Flat House House-Wall or Witch House, 6, 5, Architectural Buildings & Architectural Buildings, Europe & Ukraine & Odessa Oblast & Odessa & Things to Do in Odessa, 4.0, 46.48907, 30.73853, 369913424, 20160501, 20160501, 4.0, Elena O, /Profile/540elenao, d7f1ce8008cf6e1e1770ec12e949ec58, /Attraction_Review-g295368-d8263826-Reviews-Flat_House_House_Wall_or_Witch_House-Odessa_Odessa_Oblast.html
Flat House House-Wall or Witch House, 6, 5, Architectural Buildings & Architectural Buildings, Europe & Ukraine & Odessa Oblast & Odessa & Things to Do in Odessa, 4.0, 46.48907, 30.73853, 353858765, 20160301, 20160201, 5.0, marycush, /Profile/marycush, b64691c3a6e81d28f0dafc481d6aea4a, /Attraction_Review-g295368-d8263826-Reviews-Flat_House_House_Wall_or_Witch_House-Odessa_Odessa_Oblast.html
Flat House House-Wall or Witch House, 6, 5, Architectural Buildings & Architectural Buildings, Europe & Ukraine & Odessa Oblast & Odessa & Things to Do in Odessa, 4.0, 46.48907, 30.73853, 333496291, 20151201, 20150901, 3.0, Ray C, /Profile/780raymondc, d099f930fcad8c23a104a3585d7407da, /Attraction_Review-g295368-d8263826-Reviews-Flat_House_House_Wall_or_Witch_House-Odessa_Odessa_Oblast.html
Flat House House-Wall or Witch House, 6, 5, Architectural Buildings & Architectural Buildings, Europe & Ukraine & Odessa Oblast & Odessa & Things to Do in Odessa, 4.0, 46.48907, 30.73853, 317653194, 20151001, 20151001, 4.0, Andy K, /Profile/andyk938, f934e080879f868bb16b06a4eb093edc, /Attraction_Review-g295368-d8263826-Reviews-Flat_House_House_Wall_or_Witch_House-Odessa_Odessa_Oblast.html
