review_location_name, review_current_page, review_last_page, review_location_type, review_location_breadcrumbs, review_location_rate, location_lat, location_lng, review_id, review_date, review_experience_date, review_rate, user_name, user_link, user_id, parent_url
Catacombs of Odessa, 9, 17, Specialty Museums & Caverns & Caves & Mines & Specialty Museums & Caverns & Caves & Mines, Europe & Ukraine & Odessa Oblast & Nerubayskoye & Things to Do in Nerubayskoye, 4.5, 46.537766, 30.626232, 215227230, 20140701, 20130801, 5.0, JKinLA_101, /Profile/JKinLA_101, a6714f6ec82fdaebc9603006cc7d5ce6, /Attraction_Review-g6973110-d554493-Reviews-Catacombs_of_Odessa-Nerubayskoye_Odessa_Oblast.html
Catacombs of Odessa, 9, 17, Specialty Museums & Caverns & Caves & Mines & Specialty Museums & Caverns & Caves & Mines, Europe & Ukraine & Odessa Oblast & Nerubayskoye & Things to Do in Nerubayskoye, 4.5, 46.537766, 30.626232, 191064145, 20140101, 20131201, 5.0, Krzysztof F, /Profile/chrisfugiel, 9e1e0b26ecf513b7626702c69d411259, /Attraction_Review-g6973110-d554493-Reviews-Catacombs_of_Odessa-Nerubayskoye_Odessa_Oblast.html
Catacombs of Odessa, 9, 17, Specialty Museums & Caverns & Caves & Mines & Specialty Museums & Caverns & Caves & Mines, Europe & Ukraine & Odessa Oblast & Nerubayskoye & Things to Do in Nerubayskoye, 4.5, 46.537766, 30.626232, 185578898, 20131101, 20130901, 5.0, 70Jack70, /Profile/70Jack70, 2008470b33db4610d3e0b0b8512cff81, /Attraction_Review-g6973110-d554493-Reviews-Catacombs_of_Odessa-Nerubayskoye_Odessa_Oblast.html
Catacombs of Odessa, 9, 17, Specialty Museums & Caverns & Caves & Mines & Specialty Museums & Caverns & Caves & Mines, Europe & Ukraine & Odessa Oblast & Nerubayskoye & Things to Do in Nerubayskoye, 4.5, 46.537766, 30.626232, 182742990, 20131001, 20131001, 4.0, maria_krasa, /Profile/maria_krasa, dffd3a9e59cb48212037e5a6d209da07, /Attraction_Review-g6973110-d554493-Reviews-Catacombs_of_Odessa-Nerubayskoye_Odessa_Oblast.html
Catacombs of Odessa, 9, 17, Specialty Museums & Caverns & Caves & Mines & Specialty Museums & Caverns & Caves & Mines, Europe & Ukraine & Odessa Oblast & Nerubayskoye & Things to Do in Nerubayskoye, 4.5, 46.537766, 30.626232, 182666379, 20131001, 20130901, 5.0, TomfromBalaclava, /Profile/TomfromBalaclava, 0c65dfc14988531e52d44c2dcfa4948e, /Attraction_Review-g6973110-d554493-Reviews-Catacombs_of_Odessa-Nerubayskoye_Odessa_Oblast.html
