review_location_name, review_current_page, review_last_page, review_location_type, review_location_breadcrumbs, review_location_rate, location_lat, location_lng, review_id, review_date, review_experience_date, review_rate, user_name, user_link, user_id, parent_url
Monument to Catherine the Great and Founders of Odessa, 2, 15, Points of Interest & Landmarks & Monuments & Statues & Points of Interest & Landmarks & Monuments & Statues, Europe & Ukraine & Odessa Oblast & Odessa & Things to Do in Odessa, 4.5, 46.487312, 30.739271, 695358346, 20190801, 20190701, 4.0, Mark Benjamin L, /Profile/markbenjaminl, e55a52be1f4dabb0af9aae57f24811d4, /Attraction_Review-g295368-d5503628-Reviews-Monument_to_Catherine_the_Great_and_Founders_of_Odessa-Odessa_Odessa_Oblast.html
Monument to Catherine the Great and Founders of Odessa, 2, 15, Points of Interest & Landmarks & Monuments & Statues & Points of Interest & Landmarks & Monuments & Statues, Europe & Ukraine & Odessa Oblast & Odessa & Things to Do in Odessa, 4.5, 46.487312, 30.739271, 686232774, 20190701, 20190601, 5.0, napacapt, /Profile/napacapt, 26b3007c3495f1cbefef0d68a0729be8, /Attraction_Review-g295368-d5503628-Reviews-Monument_to_Catherine_the_Great_and_Founders_of_Odessa-Odessa_Odessa_Oblast.html
Monument to Catherine the Great and Founders of Odessa, 2, 15, Points of Interest & Landmarks & Monuments & Statues & Points of Interest & Landmarks & Monuments & Statues, Europe & Ukraine & Odessa Oblast & Odessa & Things to Do in Odessa, 4.5, 46.487312, 30.739271, 683098651, 20190601, 20190601, 5.0, Elhanan S, /Profile/elhanans, abc83f6e16723f5fc95a05f675e41ce6, /Attraction_Review-g295368-d5503628-Reviews-Monument_to_Catherine_the_Great_and_Founders_of_Odessa-Odessa_Odessa_Oblast.html
Monument to Catherine the Great and Founders of Odessa, 2, 15, Points of Interest & Landmarks & Monuments & Statues & Points of Interest & Landmarks & Monuments & Statues, Europe & Ukraine & Odessa Oblast & Odessa & Things to Do in Odessa, 4.5, 46.487312, 30.739271, 681623172, 20190601, 20190601, 1.0, Purobi, /Profile/Purobi, 84fde4e2c327efd416fb273afdc83ccf, /Attraction_Review-g295368-d5503628-Reviews-Monument_to_Catherine_the_Great_and_Founders_of_Odessa-Odessa_Odessa_Oblast.html
Monument to Catherine the Great and Founders of Odessa, 2, 15, Points of Interest & Landmarks & Monuments & Statues & Points of Interest & Landmarks & Monuments & Statues, Europe & Ukraine & Odessa Oblast & Odessa & Things to Do in Odessa, 4.5, 46.487312, 30.739271, 680960483, 20190601, 20190601, 4.0, daithi75, /Profile/daithi75, 00f1ac141447066df27150aca4079a56, /Attraction_Review-g295368-d5503628-Reviews-Monument_to_Catherine_the_Great_and_Founders_of_Odessa-Odessa_Odessa_Oblast.html
