review_location_name, review_current_page, review_last_page, review_location_type, review_location_breadcrumbs, review_location_rate, location_lat, location_lng, review_id, review_date, review_experience_date, review_rate, user_name, user_link, user_id, parent_url
Memorial of Heroic Defense of Odesa Museum, 1, 3, Theme Parks & History Museums & Theme Parks & History Museums, Europe & Ukraine & Odessa Oblast & Odessa & Things to Do in Odessa, 4.5, 46.3899, 30.745872, 697839996, 20190801, 20190801, 4.0, tehnikis, /Profile/tehnikis, bc0c51b1a79daa14014ca23443027ef9, /Attraction_Review-g295368-d6490805-Reviews-Memorial_of_Heroic_Defense_of_Odesa_Museum-Odessa_Odessa_Oblast.html
Memorial of Heroic Defense of Odesa Museum, 1, 3, Theme Parks & History Museums & Theme Parks & History Museums, Europe & Ukraine & Odessa Oblast & Odessa & Things to Do in Odessa, 4.5, 46.3899, 30.745872, 695226413, 20190801, 20190701, 5.0, Mark Benjamin L, /Profile/markbenjaminl, e55a52be1f4dabb0af9aae57f24811d4, /Attraction_Review-g295368-d6490805-Reviews-Memorial_of_Heroic_Defense_of_Odesa_Museum-Odessa_Odessa_Oblast.html
Memorial of Heroic Defense of Odesa Museum, 1, 3, Theme Parks & History Museums & Theme Parks & History Museums, Europe & Ukraine & Odessa Oblast & Odessa & Things to Do in Odessa, 4.5, 46.3899, 30.745872, 689218504, 20190701, 20190701, 2.0, James S, /Profile/JamesS882, 228f1ad8ffa813d761188c7c128125a6, /Attraction_Review-g295368-d6490805-Reviews-Memorial_of_Heroic_Defense_of_Odesa_Museum-Odessa_Odessa_Oblast.html
Memorial of Heroic Defense of Odesa Museum, 1, 3, Theme Parks & History Museums & Theme Parks & History Museums, Europe & Ukraine & Odessa Oblast & Odessa & Things to Do in Odessa, 4.5, 46.3899, 30.745872, 608767831, 20180801, 20180701, 5.0, etienne6524, /Profile/etienne6524, db6bbe7b5e6a27e2314fa999f23fa3e6, /Attraction_Review-g295368-d6490805-Reviews-Memorial_of_Heroic_Defense_of_Odesa_Museum-Odessa_Odessa_Oblast.html
Memorial of Heroic Defense of Odesa Museum, 1, 3, Theme Parks & History Museums & Theme Parks & History Museums, Europe & Ukraine & Odessa Oblast & Odessa & Things to Do in Odessa, 4.5, 46.3899, 30.745872, 561374682, 20180201, 20180201, 4.0, bhoevding, /Profile/bhoevding, d0addcf8ec89f25ad908b9cf97114c07, /Attraction_Review-g295368-d6490805-Reviews-Memorial_of_Heroic_Defense_of_Odesa_Museum-Odessa_Odessa_Oblast.html
