review_location_name, review_current_page, review_last_page, review_location_type, review_location_breadcrumbs, review_location_rate, location_lat, location_lng, review_id, review_date, review_experience_date, review_rate, user_name, user_link, user_id, parent_url
Spaso-Preobrazhenskiy Cathedral, 4, 5, Churches & Cathedrals & Churches & Cathedrals, Europe & Ukraine & Odessa Oblast & Odessa & Things to Do in Odessa, 4.5, 46.48324, 30.730995, 451351699, 20170101, 20160501, 5.0, troutwerks, /Profile/troutwerks, 2cb6cd9062d2b44df95a609bad019eb8, /Attraction_Review-g295368-d6493585-Reviews-Spaso_Preobrazhenskiy_Cathedral-Odessa_Odessa_Oblast.html
Spaso-Preobrazhenskiy Cathedral, 4, 5, Churches & Cathedrals & Churches & Cathedrals, Europe & Ukraine & Odessa Oblast & Odessa & Things to Do in Odessa, 4.5, 46.48324, 30.730995, 432932148, 20161001, 20161001, 3.0, Hubert60, /Profile/Hubert60, 91222848c384b66466340280c90a64ce, /Attraction_Review-g295368-d6493585-Reviews-Spaso_Preobrazhenskiy_Cathedral-Odessa_Odessa_Oblast.html
Spaso-Preobrazhenskiy Cathedral, 4, 5, Churches & Cathedrals & Churches & Cathedrals, Europe & Ukraine & Odessa Oblast & Odessa & Things to Do in Odessa, 4.5, 46.48324, 30.730995, 367739896, 20160401, 20160401, 5.0, Morag H, /Profile/MoragH64, f1bfc1f626b5367f56b491387f1fa37d, /Attraction_Review-g295368-d6493585-Reviews-Spaso_Preobrazhenskiy_Cathedral-Odessa_Odessa_Oblast.html
Spaso-Preobrazhenskiy Cathedral, 4, 5, Churches & Cathedrals & Churches & Cathedrals, Europe & Ukraine & Odessa Oblast & Odessa & Things to Do in Odessa, 4.5, 46.48324, 30.730995, 311663070, 20150901, 20150801, 5.0, hakan907, /Profile/hakan907, 4a5722ce03b1dd967a9078e51bbaa85d, /Attraction_Review-g295368-d6493585-Reviews-Spaso_Preobrazhenskiy_Cathedral-Odessa_Odessa_Oblast.html
Spaso-Preobrazhenskiy Cathedral, 4, 5, Churches & Cathedrals & Churches & Cathedrals, Europe & Ukraine & Odessa Oblast & Odessa & Things to Do in Odessa, 4.5, 46.48324, 30.730995, 310586385, 20150901, 20150901, 5.0, BigJock7, /Profile/BigJock7, b85a24d21d0c1d30d511c2bb6cdc9002, /Attraction_Review-g295368-d6493585-Reviews-Spaso_Preobrazhenskiy_Cathedral-Odessa_Odessa_Oblast.html
