review_location_name, review_current_page, review_last_page, review_location_type, review_location_breadcrumbs, review_location_rate, location_lat, location_lng, review_id, review_date, review_experience_date, review_rate, user_name, user_link, user_id, parent_url
Museum of Smuggling, 3, 5, Specialty Museums & Specialty Museums, Europe & Ukraine & Odessa Oblast & Odessa & Things to Do in Odessa, 4.0, 46.486347, 30.739168, 518266804, 20170801, 20170801, 1.0, Süleyman D, /Profile/706s_leymand, a1312a6ae4904600693c103f5ed4c78c, /Attraction_Review-g295368-d4999893-Reviews-Museum_of_Smuggling-Odessa_Odessa_Oblast.html
Museum of Smuggling, 3, 5, Specialty Museums & Specialty Museums, Europe & Ukraine & Odessa Oblast & Odessa & Things to Do in Odessa, 4.0, 46.486347, 30.739168, 510698400, 20170801, 20170801, 3.0, SoCalRoadMan, /Profile/SoCalRoadMan, 05eac384d5971820d0105ad0b462bf8c, /Attraction_Review-g295368-d4999893-Reviews-Museum_of_Smuggling-Odessa_Odessa_Oblast.html
Museum of Smuggling, 3, 5, Specialty Museums & Specialty Museums, Europe & Ukraine & Odessa Oblast & Odessa & Things to Do in Odessa, 4.0, 46.486347, 30.739168, 493928039, 20170601, 20170601, 1.0, Knut J, /Profile/119knutj, 368ef909d47e01461fadc4d7b81940d5, /Attraction_Review-g295368-d4999893-Reviews-Museum_of_Smuggling-Odessa_Odessa_Oblast.html
Museum of Smuggling, 3, 5, Specialty Museums & Specialty Museums, Europe & Ukraine & Odessa Oblast & Odessa & Things to Do in Odessa, 4.0, 46.486347, 30.739168, 490947653, 20170601, 20170501, 3.0, Similtiades, /Profile/Similtiades, 1fa5b69bea6fadb351694967845e98c3, /Attraction_Review-g295368-d4999893-Reviews-Museum_of_Smuggling-Odessa_Odessa_Oblast.html
Museum of Smuggling, 3, 5, Specialty Museums & Specialty Museums, Europe & Ukraine & Odessa Oblast & Odessa & Things to Do in Odessa, 4.0, 46.486347, 30.739168, 489838710, 20170601, 20170501, 4.0, Anna D, /Profile/U4611VDannad, 7149b28b87bdb98af7db6d16e649279b, /Attraction_Review-g295368-d4999893-Reviews-Museum_of_Smuggling-Odessa_Odessa_Oblast.html
