review_location_name, review_current_page, review_last_page, review_location_type, review_location_breadcrumbs, review_location_rate, location_lat, location_lng, review_id, review_date, review_experience_date, review_rate, user_name, user_link, user_id, parent_url
Lutheran St. Paul's Cathedral, None, None, Architectural Buildings & Churches & Cathedrals & Architectural Buildings & Churches & Cathedrals, Europe & Ukraine & Odessa Oblast & Odessa & Things to Do in Odessa, 4.5, 46.48289, 30.724056, 711485585, 20190901, 20181001, 3.0, SilverOrlov, /Profile/SilverOrlov, c1b3167915dbc2abdfd591de0e430d8f, /Attraction_Review-g295368-d8263757-Reviews-Lutheran_St_Paul_s_Cathedral-Odessa_Odessa_Oblast.html
Lutheran St. Paul's Cathedral, None, None, Architectural Buildings & Churches & Cathedrals & Architectural Buildings & Churches & Cathedrals, Europe & Ukraine & Odessa Oblast & Odessa & Things to Do in Odessa, 4.5, 46.48289, 30.724056, 597674084, 20180701, 20171101, 5.0, Jim H, /Profile/X5564XMjimh, cccece679c9dd44ab7af757170fd141c, /Attraction_Review-g295368-d8263757-Reviews-Lutheran_St_Paul_s_Cathedral-Odessa_Odessa_Oblast.html
Lutheran St. Paul's Cathedral, None, None, Architectural Buildings & Churches & Cathedrals & Architectural Buildings & Churches & Cathedrals, Europe & Ukraine & Odessa Oblast & Odessa & Things to Do in Odessa, 4.5, 46.48289, 30.724056, 590639706, 20180601, 20180501, 5.0, RSGrosse1, /Profile/RSGrosse1, 7533befab734d3f849df3e626787bccb, /Attraction_Review-g295368-d8263757-Reviews-Lutheran_St_Paul_s_Cathedral-Odessa_Odessa_Oblast.html
Lutheran St. Paul's Cathedral, None, None, Architectural Buildings & Churches & Cathedrals & Architectural Buildings & Churches & Cathedrals, Europe & Ukraine & Odessa Oblast & Odessa & Things to Do in Odessa, 4.5, 46.48289, 30.724056, 581723746, 20180501, 20180501, 5.0, JanBankovsky, /Profile/JanBankovsky, 69bc0e5c9be57af2e3ed237ae7152b45, /Attraction_Review-g295368-d8263757-Reviews-Lutheran_St_Paul_s_Cathedral-Odessa_Odessa_Oblast.html
Lutheran St. Paul's Cathedral, None, None, Architectural Buildings & Churches & Cathedrals & Architectural Buildings & Churches & Cathedrals, Europe & Ukraine & Odessa Oblast & Odessa & Things to Do in Odessa, 4.5, 46.48289, 30.724056, 572262500, 20180401, 20171101, 4.0, Judgerld, /Profile/Judgerld, cdeec52e0b5577debcb6fca7319b1e5e, /Attraction_Review-g295368-d8263757-Reviews-Lutheran_St_Paul_s_Cathedral-Odessa_Odessa_Oblast.html
