review_location_name, review_current_page, review_last_page, review_location_type, review_location_breadcrumbs, review_location_rate, location_lat, location_lng, review_id, review_date, review_experience_date, review_rate, user_name, user_link, user_id, parent_url
Statue of the Duc de Richelieu, 19, 18, Monuments & Statues & Monuments & Statues, Europe & Ukraine & Odessa Oblast & Odessa & Things to Do in Odessa, 4.5, 46.488075, 30.741072, 135387037, 20120701, 20120701, 5.0, jhakimmd, /Profile/jhakimmd, 85db1469a890a666f35b439df87bb47d, /Attraction_Review-g295368-d554877-Reviews-Statue_of_the_Duc_de_Richelieu-Odessa_Odessa_Oblast.html
Statue of the Duc de Richelieu, 19, 18, Monuments & Statues & Monuments & Statues, Europe & Ukraine & Odessa Oblast & Odessa & Things to Do in Odessa, 4.5, 46.488075, 30.741072, 134326786, 20120701, 20120701, 4.0, apalmero, /Profile/Palmeroa, 4bac778d4b65ec8d786bbf2148ae2582, /Attraction_Review-g295368-d554877-Reviews-Statue_of_the_Duc_de_Richelieu-Odessa_Odessa_Oblast.html
Statue of the Duc de Richelieu, 19, 18, Monuments & Statues & Monuments & Statues, Europe & Ukraine & Odessa Oblast & Odessa & Things to Do in Odessa, 4.5, 46.488075, 30.741072, 126133745, 20120301, 20120201, 5.0, Kathy T, /Profile/231PaulT, 222c9c0385afe8997b6eb7e6ebe4cb61, /Attraction_Review-g295368-d554877-Reviews-Statue_of_the_Duc_de_Richelieu-Odessa_Odessa_Oblast.html
Statue of the Duc de Richelieu, 19, 18, Monuments & Statues & Monuments & Statues, Europe & Ukraine & Odessa Oblast & Odessa & Things to Do in Odessa, 4.5, 46.488075, 30.741072, 125212730, 20120201, 20120201, 3.0, Harri E, /Profile/426harrie, adb936a2a9862c6168d50d0a3db1f412, /Attraction_Review-g295368-d554877-Reviews-Statue_of_the_Duc_de_Richelieu-Odessa_Odessa_Oblast.html
Statue of the Duc de Richelieu, 19, 18, Monuments & Statues & Monuments & Statues, Europe & Ukraine & Odessa Oblast & Odessa & Things to Do in Odessa, 4.5, 46.488075, 30.741072, 120995922, 20111101, 20110601, 3.0, dbuChris, /Profile/dbuChris, b67d18b1e1c2fc79c585d4c24a985e75, /Attraction_Review-g295368-d554877-Reviews-Statue_of_the_Duc_de_Richelieu-Odessa_Odessa_Oblast.html
