review_location_name, review_current_page, review_last_page, review_location_type, review_location_breadcrumbs, review_location_rate, location_lat, location_lng, review_id, review_date, review_experience_date, review_rate, user_name, user_link, user_id, parent_url
Faltz-Fein House (House with the Atlanteans), 2, 1, Points of Interest & Landmarks & Architectural Buildings & Monuments & Statues & Points of Interest & Landmarks & Architectural Buildings & Monuments & Statues, Europe & Ukraine & Odessa Oblast & Odessa & Things to Do in Odessa, 4.0, 46.490284, 30.735395, 613288942, 20180901, 20180801, 4.0, Davide G, /Profile/766davideg, 27fc4ad1ae68dac251c98a734fb0f262, /Attraction_Review-g295368-d8263804-Reviews-Faltz_Fein_House_House_with_the_Atlanteans-Odessa_Odessa_Oblast.html
Faltz-Fein House (House with the Atlanteans), 2, 1, Points of Interest & Landmarks & Architectural Buildings & Monuments & Statues & Points of Interest & Landmarks & Architectural Buildings & Monuments & Statues, Europe & Ukraine & Odessa Oblast & Odessa & Things to Do in Odessa, 4.0, 46.490284, 30.735395, 595287239, 20180701, 20180501, 3.0, CJW913, /Profile/CJW913, 5cda35cdea6197a4a560495f9d01a126, /Attraction_Review-g295368-d8263804-Reviews-Faltz_Fein_House_House_with_the_Atlanteans-Odessa_Odessa_Oblast.html
Faltz-Fein House (House with the Atlanteans), 2, 1, Points of Interest & Landmarks & Architectural Buildings & Monuments & Statues & Points of Interest & Landmarks & Architectural Buildings & Monuments & Statues, Europe & Ukraine & Odessa Oblast & Odessa & Things to Do in Odessa, 4.0, 46.490284, 30.735395, 579307262, 20180501, 20180501, 4.0, Terrance M, /Profile/termar, 0b409b109e6ffcd777941a8ce90a7090, /Attraction_Review-g295368-d8263804-Reviews-Faltz_Fein_House_House_with_the_Atlanteans-Odessa_Odessa_Oblast.html
Faltz-Fein House (House with the Atlanteans), 2, 1, Points of Interest & Landmarks & Architectural Buildings & Monuments & Statues & Points of Interest & Landmarks & Architectural Buildings & Monuments & Statues, Europe & Ukraine & Odessa Oblast & Odessa & Things to Do in Odessa, 4.0, 46.490284, 30.735395, 451603684, 20170101, 20170101, 5.0, Pavel P, /Profile/232pavelp, 7a8e47cccfdbbb023abb28e28d9fe710, /Attraction_Review-g295368-d8263804-Reviews-Faltz_Fein_House_House_with_the_Atlanteans-Odessa_Odessa_Oblast.html
Faltz-Fein House (House with the Atlanteans), 2, 1, Points of Interest & Landmarks & Architectural Buildings & Monuments & Statues & Points of Interest & Landmarks & Architectural Buildings & Monuments & Statues, Europe & Ukraine & Odessa Oblast & Odessa & Things to Do in Odessa, 4.0, 46.490284, 30.735395, 369793273, 20160501, 20160501, 3.0, Elena O, /Profile/540elenao, d7f1ce8008cf6e1e1770ec12e949ec58, /Attraction_Review-g295368-d8263804-Reviews-Faltz_Fein_House_House_with_the_Atlanteans-Odessa_Odessa_Oblast.html
