review_location_name, review_current_page, review_last_page, review_location_type, review_location_breadcrumbs, review_location_rate, location_lat, location_lng, review_id, review_date, review_experience_date, review_rate, user_name, user_link, user_id, parent_url
Akkerman Fortress, 6, 8, Castles & Castles, Europe & Ukraine & Odessa Oblast & Bilhorod-Dnistrovskyi & Things to Do in Bilhorod-Dnistrovskyi, 4.5, 46.19878, 30.3486, 438747355, 20161101, 20161101, 5.0, batmanrr, /Profile/batmanrr, 17d5f3c6048b702c39a94d46135c0deb, /Attraction_Review-g1816345-d3929058-Reviews-Akkerman_Fortress-Bilhorod_Dnistrovskyi_Odessa_Oblast.html
Akkerman Fortress, 6, 8, Castles & Castles, Europe & Ukraine & Odessa Oblast & Bilhorod-Dnistrovskyi & Things to Do in Bilhorod-Dnistrovskyi, 4.5, 46.19878, 30.3486, 421515842, 20160901, 20160901, 5.0, Krzysztof K, /Profile/KrzysztofK6034, 9c1136eb71a3044a24e3e10869f1abbb, /Attraction_Review-g1816345-d3929058-Reviews-Akkerman_Fortress-Bilhorod_Dnistrovskyi_Odessa_Oblast.html
Akkerman Fortress, 6, 8, Castles & Castles, Europe & Ukraine & Odessa Oblast & Bilhorod-Dnistrovskyi & Things to Do in Bilhorod-Dnistrovskyi, 4.5, 46.19878, 30.3486, 415195893, 20160901, 20160901, 5.0, Lucie M, /Profile/luciem855, ae5ffd47362bbe6078635f0eb7eab618, /Attraction_Review-g1816345-d3929058-Reviews-Akkerman_Fortress-Bilhorod_Dnistrovskyi_Odessa_Oblast.html
Akkerman Fortress, 6, 8, Castles & Castles, Europe & Ukraine & Odessa Oblast & Bilhorod-Dnistrovskyi & Things to Do in Bilhorod-Dnistrovskyi, 4.5, 46.19878, 30.3486, 355448927, 20160301, 20160301, 4.0, Den-2018H, /Profile/Den-2018H, b5a49da2c250b51dabe8c0378ef93286, /Attraction_Review-g1816345-d3929058-Reviews-Akkerman_Fortress-Bilhorod_Dnistrovskyi_Odessa_Oblast.html
Akkerman Fortress, 6, 8, Castles & Castles, Europe & Ukraine & Odessa Oblast & Bilhorod-Dnistrovskyi & Things to Do in Bilhorod-Dnistrovskyi, 4.5, 46.19878, 30.3486, 339340426, 20160101, 20160101, 5.0, Marcel BZH, /Profile/Marcel22000, 8526d2f54602d8740a567febc96f6477, /Attraction_Review-g1816345-d3929058-Reviews-Akkerman_Fortress-Bilhorod_Dnistrovskyi_Odessa_Oblast.html
