review_location_name, review_current_page, review_last_page, review_location_type, review_location_breadcrumbs, review_location_rate, location_lat, location_lng, review_id, review_date, review_experience_date, review_rate, user_name, user_link, user_id, parent_url
Museum of Smuggling, 5, 4, Specialty Museums & Specialty Museums, Europe & Ukraine & Odessa Oblast & Odessa & Things to Do in Odessa, 4.0, 46.486347, 30.739168, 397363961, 20160701, 20160701, 5.0, Diana P, /Profile/U1692PBdianap, 5bce0e2bae5838f6b7e60dab31408e88, /Attraction_Review-g295368-d4999893-Reviews-Museum_of_Smuggling-Odessa_Odessa_Oblast.html
Museum of Smuggling, 5, 4, Specialty Museums & Specialty Museums, Europe & Ukraine & Odessa Oblast & Odessa & Things to Do in Odessa, 4.0, 46.486347, 30.739168, 301240705, 20150801, 20150501, 5.0, Anna F, /Profile/annafP4446YO, 45e165070e988912aef536714809598c, /Attraction_Review-g295368-d4999893-Reviews-Museum_of_Smuggling-Odessa_Odessa_Oblast.html
Museum of Smuggling, 5, 4, Specialty Museums & Specialty Museums, Europe & Ukraine & Odessa Oblast & Odessa & Things to Do in Odessa, 4.0, 46.486347, 30.739168, 300149562, 20150801, 20150401, 5.0, SoCalRoadMan, /Profile/SoCalRoadMan, 05eac384d5971820d0105ad0b462bf8c, /Attraction_Review-g295368-d4999893-Reviews-Museum_of_Smuggling-Odessa_Odessa_Oblast.html
Museum of Smuggling, 5, 4, Specialty Museums & Specialty Museums, Europe & Ukraine & Odessa Oblast & Odessa & Things to Do in Odessa, 4.0, 46.486347, 30.739168, 298357819, 20150801, 20150401, 3.0, Asta T, /Profile/astat_13, ff90a051519f235d072649d93d3a182d, /Attraction_Review-g295368-d4999893-Reviews-Museum_of_Smuggling-Odessa_Odessa_Oblast.html
Museum of Smuggling, 5, 4, Specialty Museums & Specialty Museums, Europe & Ukraine & Odessa Oblast & Odessa & Things to Do in Odessa, 4.0, 46.486347, 30.739168, 295031112, 20150801, 20150801, 5.0, Mariya, /Profile/mshcherb, d03ffa502fc1e06a176ea8915f3b69ec, /Attraction_Review-g295368-d4999893-Reviews-Museum_of_Smuggling-Odessa_Odessa_Oblast.html
