review_location_name, review_current_page, review_last_page, review_location_type, review_location_breadcrumbs, review_location_rate, location_lat, location_lng, review_id, review_date, review_experience_date, review_rate, user_name, user_link, user_id, parent_url
City Garden, 40, 42, Parks & Parks, Europe & Ukraine & Odessa Oblast & Odessa & Things to Do in Odessa, 4.5, 46.48411, 30.73881, 139232933, 20120901, 20120801, 2.0, Meg W, /Profile/MegW162, f08c2fd61ba44f944e89eb199112eef0, /Attraction_Review-g295368-d554490-Reviews-City_Garden-Odessa_Odessa_Oblast.html
City Garden, 40, 42, Parks & Parks, Europe & Ukraine & Odessa Oblast & Odessa & Things to Do in Odessa, 4.5, 46.48411, 30.73881, 138440156, 20120801, 20120801, 5.0, ralex65, /Profile/ralex65, 77f11507ad0b16f5cb6fabbdd8b02d09, /Attraction_Review-g295368-d554490-Reviews-City_Garden-Odessa_Odessa_Oblast.html
City Garden, 40, 42, Parks & Parks, Europe & Ukraine & Odessa Oblast & Odessa & Things to Do in Odessa, 4.5, 46.48411, 30.73881, 137801497, 20120801, 20120801, 5.0, Acadea_Me, /Profile/Acadea_Me, 9adc663802d4760d3f855dbe8cafc79b, /Attraction_Review-g295368-d554490-Reviews-City_Garden-Odessa_Odessa_Oblast.html
City Garden, 40, 42, Parks & Parks, Europe & Ukraine & Odessa Oblast & Odessa & Things to Do in Odessa, 4.5, 46.48411, 30.73881, 134603549, 20120701, 20120701, 5.0, George V, /Profile/GeorgeV707, 8ff1c63c0bdd1fb88de07a273696f863, /Attraction_Review-g295368-d554490-Reviews-City_Garden-Odessa_Odessa_Oblast.html
City Garden, 40, 42, Parks & Parks, Europe & Ukraine & Odessa Oblast & Odessa & Things to Do in Odessa, 4.5, 46.48411, 30.73881, 134534631, 20120701, 20120701, 5.0, martha s, /Profile/752marthas, 516c7351eb9951275dd4c9e1c4a50782, /Attraction_Review-g295368-d554490-Reviews-City_Garden-Odessa_Odessa_Oblast.html
