review_location_name, review_current_page, review_last_page, review_location_type, review_location_breadcrumbs, review_location_rate, location_lat, location_lng, review_id, review_date, review_experience_date, review_rate, user_name, user_link, user_id, parent_url
Catacombs of Odessa, 5, 17, Specialty Museums & Caverns & Caves & Mines & Specialty Museums & Caverns & Caves & Mines, Europe & Ukraine & Odessa Oblast & Nerubayskoye & Things to Do in Nerubayskoye, 4.5, 46.537766, 30.626232, 436548344, 20161101, 20161101, 4.0, stickybowl, /Profile/stickybowl, 84f9035ffcc1d669e43c43d970163f46, /Attraction_Review-g6973110-d554493-Reviews-Catacombs_of_Odessa-Nerubayskoye_Odessa_Oblast.html
Catacombs of Odessa, 5, 17, Specialty Museums & Caverns & Caves & Mines & Specialty Museums & Caverns & Caves & Mines, Europe & Ukraine & Odessa Oblast & Nerubayskoye & Things to Do in Nerubayskoye, 4.5, 46.537766, 30.626232, 409267901, 20160801, 20160701, 4.0, kurogomajpn, /Profile/kurogomajpn, 789a94cd84bdb04fe3e7b48bd810d9af, /Attraction_Review-g6973110-d554493-Reviews-Catacombs_of_Odessa-Nerubayskoye_Odessa_Oblast.html
Catacombs of Odessa, 5, 17, Specialty Museums & Caverns & Caves & Mines & Specialty Museums & Caverns & Caves & Mines, Europe & Ukraine & Odessa Oblast & Nerubayskoye & Things to Do in Nerubayskoye, 4.5, 46.537766, 30.626232, 394361412, 20160701, 20160701, 5.0, herbalistadam, /Profile/herbalistadam, e6827156be432400244fe25c69838e01, /Attraction_Review-g6973110-d554493-Reviews-Catacombs_of_Odessa-Nerubayskoye_Odessa_Oblast.html
Catacombs of Odessa, 5, 17, Specialty Museums & Caverns & Caves & Mines & Specialty Museums & Caverns & Caves & Mines, Europe & Ukraine & Odessa Oblast & Nerubayskoye & Things to Do in Nerubayskoye, 4.5, 46.537766, 30.626232, 386904402, 20160601, 20160601, 3.0, Ukraitar, /Profile/Ukraitar, c30e2b4341e0a4c33371630039ba5345, /Attraction_Review-g6973110-d554493-Reviews-Catacombs_of_Odessa-Nerubayskoye_Odessa_Oblast.html
Catacombs of Odessa, 5, 17, Specialty Museums & Caverns & Caves & Mines & Specialty Museums & Caverns & Caves & Mines, Europe & Ukraine & Odessa Oblast & Nerubayskoye & Things to Do in Nerubayskoye, 4.5, 46.537766, 30.626232, 376737665, 20160501, 20160501, 5.0, PHS1001, /Profile/PHS1001, 15436412cebbc34e48fca7cf0063bc48, /Attraction_Review-g6973110-d554493-Reviews-Catacombs_of_Odessa-Nerubayskoye_Odessa_Oblast.html
