province_name, region_name, province_url
Trebnje attractions, Lower Carniola Region, /Attractions-g1900776-Activities-Trebnje_Lower_Carniola_Region.html
Grahovo attractions, Inner Carniola Region, /Attractions-g1924843-Activities-Grahovo_Inner_Carniola_Region.html
Raduha attractions, Styria Region, /Attractions-g21397436-Activities-Raduha_Styria_Region.html
Dobrovnik attractions, Prekmurje Region, /Attractions-g12365237-Activities-Dobrovnik_Prekmurje_Region.html
Predjama attractions, Inner Carniola Region, /Attractions-g7736696-Activities-Predjama_Inner_Carniola_Region.html
Drasici attractions, Lower Carniola Region, /Attractions-g12812240-Activities-Drasici_Lower_Carniola_Region.html
Prosenjakovci attractions, Prekmurje Region, /Attractions-g20898859-Activities-Prosenjakovci_Prekmurje_Region.html
Skocjan attractions, Slovenian Littoral Region, /Attractions-g17579051-Activities-Skocjan_Slovenian_Littoral_Region.html
Log pri Brezovici attractions, Inner Carniola Region, /Attractions-g12360599-Activities-Log_pri_Brezovici_Inner_Carniola_Region.html
Vitomarci attractions, Styria Region, /Attractions-g4738407-Activities-Vitomarci_Styria_Region.html
Spodnje Gorje attractions, Upper Carniola Region, /Attractions-g16492493-Activities-Spodnje_Gorje_Upper_Carniola_Region.html
Skrbina attractions, Slovenian Littoral Region, /Attractions-g17768505-Activities-Skrbina_Slovenian_Littoral_Region.html
Mackovci attractions, Prekmurje Region, /Attractions-g2015016-Activities-Mackovci_Prekmurje_Region.html
Trnovo ob Soci attractions, Slovenian Littoral Region, /Attractions-g1833772-Activities-Trnovo_ob_Soci_Slovenian_Littoral_Region.html
Smlednik attractions, Upper Carniola Region, /Attractions-g661296-Activities-Smlednik_Upper_Carniola_Region.html
Sveto attractions, Slovenian Littoral Region, /Attractions-g17768498-Activities-Sveto_Slovenian_Littoral_Region.html
Zuzemberk attractions, Lower Carniola Region, /Attractions-g3211021-Activities-Zuzemberk_Lower_Carniola_Region.html
Dramlje attractions, Styria Region, /Attractions-g12815357-Activities-Dramlje_Styria_Region.html
Prevalje attractions, Carinthia Region, /Attractions-g2138979-Activities-Prevalje_Carinthia_Region.html
Rence attractions, Slovenian Littoral Region, /Attractions-g17642057-Activities-Rence_Slovenian_Littoral_Region.html
Vuzenica attractions, Carinthia Region, /Attractions-g3396962-Activities-Vuzenica_Carinthia_Region.html
Podvrh attractions, Styria Region, /Attractions-g12353512-Activities-Podvrh_Styria_Region.html
Zagorje ob Savi attractions, Upper Carniola Region, /Attractions-g12365269-Activities-Zagorje_ob_Savi_Upper_Carniola_Region.html
Radlje ob Dravi attractions, Styria Region, /Attractions-g8447473-Activities-Radlje_ob_Dravi_Styria_Region.html
Smarje attractions, Slovenian Istria, /Attractions-g12812213-Activities-Smarje_Slovenian_Istria_Slovenian_Littoral_Region.html
Kuzma attractions, Prekmurje Region, /Attractions-g12812222-Activities-Kuzma_Prekmurje_Region.html
Podbela attractions, Slovenian Littoral Region, /Attractions-g8524547-Activities-Podbela_Slovenian_Littoral_Region.html
Lancovo attractions, Upper Carniola Region, /Attractions-g15670637-Activities-Lancovo_Upper_Carniola_Region.html
Velike Lasce attractions, Lower Carniola Region, /Attractions-g3382193-Activities-Velike_Lasce_Lower_Carniola_Region.html
Kuretno attractions, Styria Region, /Attractions-g14159707-Activities-Kuretno_Styria_Region.html
Ljubinj attractions, Slovenian Littoral Region, /Attractions-g15836023-Activities-Ljubinj_Slovenian_Littoral_Region.html
Selo attractions, Prekmurje Region, /Attractions-g16867468-Activities-Selo_Prekmurje_Region.html
Vremski Britof attractions, Slovenian Littoral Region, /Attractions-g6593010-Activities-Vremski_Britof_Slovenian_Littoral_Region.html
Smohor attractions, Styria Region, /Attractions-g14159694-Activities-Smohor_Styria_Region.html
Ponikve attractions, Slovenian Littoral Region, /Attractions-g16867478-Activities-Ponikve_Slovenian_Littoral_Region.html
Studor attractions, Upper Carniola Region, /Attractions-g2332089-Activities-Studor_Upper_Carniola_Region.html
Seca attractions, Slovenian Littoral Region, /Attractions-g15363909-Activities-Seca_Slovenian_Littoral_Region.html
Banovci attractions, Styria Region, /Attractions-g16672586-Activities-Banovci_Styria_Region.html
Smartno ob Paki attractions, Styria Region, /Attractions-g21342971-Activities-Smartno_ob_Paki_Styria_Region.html
Smihel attractions, Styria Region, /Attractions-g14159718-Activities-Smihel_Styria_Region.html
Tribej attractions, Carinthia Region, /Attractions-g14159641-Activities-Tribej_Carinthia_Region.html
Spodnja Idrija attractions, Slovenian Littoral Region, /Attractions-g274880-Activities-Spodnja_Idrija_Slovenian_Littoral_Region.html
Benedikt attractions, Styria Region, /Attractions-g8746817-Activities-Benedikt_Styria_Region.html
Bukovica attractions, Slovenian Littoral Region, /Attractions-g15363885-Activities-Bukovica_Slovenian_Littoral_Region.html
Verzej attractions, Styria Region, /Attractions-g2175462-Activities-Verzej_Styria_Region.html
Radece attractions, Styria Region, /Attractions-g13128453-Activities-Radece_Styria_Region.html
Slepsek attractions, Lower Carniola Region, /Attractions-g15100223-Activities-Slepsek_Lower_Carniola_Region.html
Avber attractions, Slovenian Littoral Region, /Attractions-g1835000-Activities-Avber_Slovenian_Littoral_Region.html
Lacna Gora attractions, Styria Region, /Attractions-g21314723-Activities-Lacna_Gora_Styria_Region.html
Gozd Martuljek attractions, Upper Carniola Region, /Attractions-g1077240-Activities-Gozd_Martuljek_Upper_Carniola_Region.html
