province_name, region_name, province_url
Krizevci pri Ljutomeru attractions, Styria Region, /Attractions-g4463161-Activities-Krizevci_pri_Ljutomeru_Styria_Region.html
Volce attractions, Slovenian Littoral Region, /Attractions-g14131270-Activities-Volce_Slovenian_Littoral_Region.html
Sostanj attractions, Styria Region, /Attractions-g12882517-Activities-Sostanj_Styria_Region.html
Gornji Grad attractions, Styria Region, /Attractions-g1182427-Activities-Gornji_Grad_Styria_Region.html
Stari Trg pri Lozu attractions, Inner Carniola Region, /Attractions-g4009706-Activities-Stari_Trg_pri_Lozu_Inner_Carniola_Region.html
Radenci attractions, Prekmurje Region, /Attractions-g616232-Activities-Radenci_Prekmurje_Region.html
Polzela attractions, Styria Region, /Attractions-g8342809-Activities-Polzela_Styria_Region.html
Nazarje attractions, Styria Region, /Attractions-g858497-Activities-Nazarje_Styria_Region.html
Ribnica attractions, Lower Carniola Region, /Attractions-g4555737-Activities-Ribnica_Lower_Carniola_Region.html
Fram attractions, Styria Region, /Attractions-g3410818-Activities-Fram_Styria_Region.html
Sempeter pri Gorici attractions, Slovenian Littoral Region, /Attractions-g1057705-Activities-Sempeter_pri_Gorici_Slovenian_Littoral_Region.html
Zgornja Velka attractions, Styria Region, /Attractions-g12365168-Activities-Zgornja_Velka_Styria_Region.html
Bogojina attractions, Prekmurje Region, /Attractions-g12364652-Activities-Bogojina_Prekmurje_Region.html
Trenta attractions, Slovenian Littoral Region, /Attractions-g14159661-Activities-Trenta_Slovenian_Littoral_Region.html
Bizeljsko attractions, Styria Region, /Attractions-g3207628-Activities-Bizeljsko_Styria_Region.html
Dovje attractions, Upper Carniola Region, /Attractions-g285718-Activities-Dovje_Upper_Carniola_Region.html
Sentilj v Slovenskih Goricah attractions, Styria Region, /Attractions-g2151481-Activities-Sentilj_v_Slovenskih_Goricah_Styria_Region.html
Sentrupert attractions, Lower Carniola Region, /Attractions-g3601960-Activities-Sentrupert_Lower_Carniola_Region.html
Dolga Vas attractions, Prekmurje Region, /Attractions-g15579864-Activities-Dolga_Vas_Prekmurje_Region.html
Rogasovci attractions, Prekmurje Region, /Attractions-g7675949-Activities-Rogasovci_Prekmurje_Region.html
Raka attractions, Styria Region, /Attractions-g12952738-Activities-Raka_Styria_Region.html
Nova Vas attractions, Inner Carniola Region, /Attractions-g2554454-Activities-Nova_Vas_Inner_Carniola_Region.html
Stahovica attractions, Upper Carniola Region, /Attractions-g2554450-Activities-Stahovica_Upper_Carniola_Region.html
Cerkvenjak attractions, Styria Region, /Attractions-g2554462-Activities-Cerkvenjak_Styria_Region.html
Brezovica attractions, Inner Carniola Region, /Attractions-g2554463-Activities-Brezovica_Inner_Carniola_Region.html
Komenda attractions, Upper Carniola Region, /Attractions-g15777420-Activities-Komenda_Upper_Carniola_Region.html
Trbovlje attractions, Styria Region, /Attractions-g4555835-Activities-Trbovlje_Styria_Region.html
Beltinci attractions, Prekmurje Region, /Attractions-g4507853-Activities-Beltinci_Prekmurje_Region.html
Podsreda attractions, Upper Carniola Region, /Attractions-g4259023-Activities-Podsreda_Upper_Carniola_Region.html
Recica ob Savinji attractions, Slovenia, /Attractions-g10414081-Activities-Recica_ob_Savinji.html
Krnica attractions, Upper Carniola Region, /Attractions-g1182387-Activities-Krnica_Upper_Carniola_Region.html
Kozina attractions, Slovenian Littoral Region, /Attractions-g1463475-Activities-Kozina_Slovenian_Littoral_Region.html
Ukanc attractions, Upper Carniola Region, /Attractions-g15420995-Activities-Ukanc_Upper_Carniola_Region.html
Radomlje attractions, Upper Carniola Region, /Attractions-g2300049-Activities-Radomlje_Upper_Carniola_Region.html
Smarje Pri Jelsah attractions, Styria Region, /Attractions-g12312185-Activities-Smarje_Pri_Jelsah_Styria_Region.html
Rakek attractions, Inner Carniola Region, /Attractions-g644301-Activities-Rakek_Inner_Carniola_Region.html
Zbilje attractions, Upper Carniola Region, /Attractions-g12312169-Activities-Zbilje_Upper_Carniola_Region.html
Grad attractions, Prekmurje Region, /Attractions-g15420991-Activities-Grad_Prekmurje_Region.html
Crni Vrh attractions, Upper Carniola Region, /Attractions-g1955013-Activities-Crni_Vrh_Upper_Carniola_Region.html
Tomaj attractions, Slovenian Littoral Region, /Attractions-g13164565-Activities-Tomaj_Slovenian_Littoral_Region.html
Lovrenc na Pohorju attractions, Styria Region, /Attractions-g17432548-Activities-Lovrenc_na_Pohorju_Styria_Region.html
Mezica attractions, Carinthia Region, /Attractions-g3440324-Activities-Mezica_Carinthia_Region.html
Vransko attractions, Styria Region, /Attractions-g4580686-Activities-Vransko_Styria_Region.html
Lukovica attractions, Upper Carniola Region, /Attractions-g5496139-Activities-Lukovica_Upper_Carniola_Region.html
Zasip attractions, Upper Carniola Region, /Attractions-g1887524-Activities-Zasip_Upper_Carniola_Region.html
Petrovce attractions, Styria Region, /Attractions-g6208866-Activities-Petrovce_Styria_Region.html
Cankova attractions, Prekmurje Region, /Attractions-g7362859-Activities-Cankova_Prekmurje_Region.html
Kropa attractions, Upper Carniola Region, /Attractions-g3576668-Activities-Kropa_Upper_Carniola_Region.html
Padna attractions, Slovenian Littoral Region, /Attractions-g7221530-Activities-Padna_Slovenian_Littoral_Region.html
Rogla attractions, Styria Region, /Attractions-g15735673-Activities-Rogla_Styria_Region.html
