province_name, region_name, province_url
Murska Sobota attractions, Prekmurje Region, /Attractions-g274875-Activities-Murska_Sobota_Prekmurje_Region.html
Lasko attractions, Styria Region, /Attractions-g1077241-Activities-Lasko_Styria_Region.html
Slovenska Bistrica attractions, Styria Region, /Attractions-g1955053-Activities-Slovenska_Bistrica_Styria_Region.html
Vrhnika attractions, Inner Carniola Region, /Attractions-g1439517-Activities-Vrhnika_Inner_Carniola_Region.html
Zirovnica attractions, Upper Carniola Region, /Attractions-g8354250-Activities-Zirovnica_Upper_Carniola_Region.html
Lendava attractions, Prekmurje Region, /Attractions-g1057701-Activities-Lendava_Prekmurje_Region.html
Bohinjska Bistrica attractions, Upper Carniola Region, /Attractions-g815572-Activities-Bohinjska_Bistrica_Upper_Carniola_Region.html
Radovljica attractions, Upper Carniola Region, /Attractions-g274879-Activities-Radovljica_Upper_Carniola_Region.html
Sevnica attractions, Lower Carniola Region, /Attractions-g3602003-Activities-Sevnica_Lower_Carniola_Region.html
Tolmin attractions, Slovenian Littoral Region, /Attractions-g815568-Activities-Tolmin_Slovenian_Littoral_Region.html
Ljutomer attractions, Styria Region, /Attractions-g609047-Activities-Ljutomer_Styria_Region.html
Postojna attractions, Inner Carniola Region, /Attractions-g274878-Activities-Postojna_Inner_Carniola_Region.html
Sentjur attractions, Styria Region, /Attractions-g4473240-Activities-Sentjur_Styria_Region.html
Jesenice attractions, Upper Carniola Region, /Attractions-g1499990-Activities-Jesenice_Upper_Carniola_Region.html
Ajdovscina attractions, Slovenian Littoral Region, /Attractions-g2554464-Activities-Ajdovscina_Slovenian_Littoral_Region.html
Rogaska Slatina attractions, Styria Region, /Attractions-g644302-Activities-Rogaska_Slatina_Styria_Region.html
Brezice attractions, Lower Carniola Region, /Attractions-g1567720-Activities-Brezice_Lower_Carniola_Region.html
Idrija attractions, Slovenian Littoral Region, /Attractions-g2177201-Activities-Idrija_Slovenian_Littoral_Region.html
Velenje attractions, Styria Region, /Attractions-g285719-Activities-Velenje_Styria_Region.html
Dobrna attractions, Styria Region, /Attractions-g666704-Activities-Dobrna_Styria_Region.html
Dobrovo attractions, Slovenian Littoral Region, /Attractions-g1566560-Activities-Dobrovo_Slovenian_Littoral_Region.html
Crnomelj attractions, Lower Carniola Region, /Attractions-g3385234-Activities-Crnomelj_Lower_Carniola_Region.html
Ormoz attractions, Styria Region, /Attractions-g4154056-Activities-Ormoz_Styria_Region.html
Strunjan attractions, Slovenian Littoral Region, /Attractions-g656866-Activities-Strunjan_Slovenian_Littoral_Region.html
Cerkno attractions, Slovenian Littoral Region, /Attractions-g670790-Activities-Cerkno_Slovenian_Littoral_Region.html
Solcava attractions, Styria Region, /Attractions-g319789-Activities-Solcava_Styria_Region.html
Kojsko attractions, Slovenian Littoral Region, /Attractions-g1826200-Activities-Kojsko_Slovenian_Littoral_Region.html
Podcetrtek attractions, Styria Region, /Attractions-g1057702-Activities-Podcetrtek_Styria_Region.html
Kocevje attractions, Lower Carniola Region, /Attractions-g2019328-Activities-Kocevje_Lower_Carniola_Region.html
Komen attractions, Slovenian Littoral Region, /Attractions-g4463146-Activities-Komen_Slovenian_Littoral_Region.html
Sezana attractions, Slovenian Littoral Region, /Attractions-g277815-Activities-Sezana_Slovenian_Littoral_Region.html
Slovenj Gradec attractions, Styria Region, /Attractions-g1887525-Activities-Slovenj_Gradec_Styria_Region.html
Trzic attractions, Upper Carniola Region, /Attractions-g1989145-Activities-Trzic_Upper_Carniola_Region.html
Zelezniki attractions, Upper Carniola Region, /Attractions-g7733853-Activities-Zelezniki_Upper_Carniola_Region.html
Pivka attractions, Inner Carniola Region, /Attractions-g1887828-Activities-Pivka_Inner_Carniola_Region.html
Ankaran attractions, Slovenian Littoral Region, /Attractions-g644299-Activities-Ankaran_Slovenian_Littoral_Region.html
Polhov Gradec attractions, Upper Carniola Region, /Attractions-g7791092-Activities-Polhov_Gradec_Upper_Carniola_Region.html
Zgornje Gorje attractions, Upper Carniola Region, /Attractions-g1870874-Activities-Zgornje_Gorje_Upper_Carniola_Region.html
Mojstrana attractions, Upper Carniola Region, /Attractions-g2554455-Activities-Mojstrana_Upper_Carniola_Region.html
Stara Fuzina attractions, Upper Carniola Region, /Attractions-g12364789-Activities-Stara_Fuzina_Upper_Carniola_Region.html
Slovenske Konjice attractions, Styria Region, /Attractions-g1057707-Activities-Slovenske_Konjice_Styria_Region.html
Metlika attractions, Lower Carniola Region, /Attractions-g3207623-Activities-Metlika_Lower_Carniola_Region.html
Kostanjevica na Krki attractions, Lower Carniola Region, /Attractions-g4481632-Activities-Kostanjevica_na_Krki_Lower_Carniola_Region.html
Ilirska Bistrica attractions, Inner Carniola Region, /Attractions-g790142-Activities-Ilirska_Bistrica_Inner_Carniola_Region.html
Marezige attractions, Slovenian Littoral Region, /Attractions-g2554457-Activities-Marezige_Slovenian_Littoral_Region.html
Litija attractions, Styria Region, /Attractions-g4608195-Activities-Litija_Styria_Region.html
Dutovlje attractions, Slovenian Littoral Region, /Attractions-g1493758-Activities-Dutovlje_Slovenian_Littoral_Region.html
Cerknica attractions, Kras, /Attractions-g2337490-Activities-Cerknica_Kras_Slovenian_Littoral_Region.html
Ziri attractions, Upper Carniola Region, /Attractions-g12360594-Activities-Ziri_Upper_Carniola_Region.html
Gorenja Vas attractions, Upper Carniola Region, /Attractions-g4555747-Activities-Gorenja_Vas_Upper_Carniola_Region.html
