province_name, region_name, province_url
Marija Gradec attractions, Styria Region, /Attractions-g14159666-Activities-Marija_Gradec_Styria_Region.html
Pliskovica attractions, Slovenian Littoral Region, /Attractions-g1834999-Activities-Pliskovica_Slovenian_Littoral_Region.html
Logje attractions, Slovenian Littoral Region, /Attractions-g8528236-Activities-Logje_Slovenian_Littoral_Region.html
Vurberk attractions, Styria Region, /Attractions-g12365138-Activities-Vurberk_Styria_Region.html
Rakitna attractions, Inner Carniola Region, /Attractions-g3207617-Activities-Rakitna_Inner_Carniola_Region.html
Vinica attractions, Lower Carniola Region, /Attractions-g1799658-Activities-Vinica_Lower_Carniola_Region.html
Sebenje attractions, Upper Carniola Region, /Attractions-g17664254-Activities-Sebenje_Upper_Carniola_Region.html
Martjanci attractions, Prekmurje Region, /Attractions-g3207624-Activities-Martjanci_Prekmurje_Region.html
Dolane attractions, Styria Region, /Attractions-g12353861-Activities-Dolane_Styria_Region.html
Dekani attractions, Slovenian Littoral Region, /Attractions-g4232122-Activities-Dekani_Slovenian_Littoral_Region.html
Prebold attractions, Styria Region, /Attractions-g2281432-Activities-Prebold_Styria_Region.html
