province_name, region_name, province_url
Lipica attractions, Slovenian Littoral Region, /Attractions-g274872-Activities-Lipica_Slovenian_Littoral_Region.html
Soca attractions, Slovenian Littoral Region, /Attractions-g1091105-Activities-Soca_Slovenian_Littoral_Region.html
Domzale attractions, Upper Carniola Region, /Attractions-g1238226-Activities-Domzale_Upper_Carniola_Region.html
Ivanjkovci attractions, Styria Region, /Attractions-g1925833-Activities-Ivanjkovci_Styria_Region.html
Zalec attractions, Styria Region, /Attractions-g1129672-Activities-Zalec_Styria_Region.html
Mozirje attractions, Styria Region, /Attractions-g1773813-Activities-Mozirje_Styria_Region.html
Braslovce attractions, Styria Region, /Attractions-g13345753-Activities-Braslovce_Styria_Region.html
Kanal attractions, Slovenian Littoral Region, /Attractions-g1910062-Activities-Kanal_Slovenian_Littoral_Region.html
Catez ob Savi attractions, Lower Carniola Region, /Attractions-g2538312-Activities-Catez_ob_Savi_Lower_Carniola_Region.html
Most na Soci attractions, Slovenian Littoral Region, /Attractions-g815571-Activities-Most_na_Soci_Slovenian_Littoral_Region.html
Lesce attractions, Upper Carniola Region, /Attractions-g1077238-Activities-Lesce_Upper_Carniola_Region.html
Ljubno attractions, Styria Region, /Attractions-g3207627-Activities-Ljubno_Styria_Region.html
Ivancna Gorica attractions, Lower Carniola Region, /Attractions-g8556691-Activities-Ivancna_Gorica_Lower_Carniola_Region.html
Begunje na Gorenjskem attractions, Upper Carniola Region, /Attractions-g1899564-Activities-Begunje_na_Gorenjskem_Upper_Carniola_Region.html
Sentjernej attractions, Lower Carniola Region, /Attractions-g3601992-Activities-Sentjernej_Lower_Carniola_Region.html
Zrece attractions, Styria Region, /Attractions-g644303-Activities-Zrece_Styria_Region.html
Semic attractions, Lower Carniola Region, /Attractions-g7744153-Activities-Semic_Lower_Carniola_Region.html
Ravne na Koroskem attractions, Carinthia Region, /Attractions-g1900775-Activities-Ravne_na_Koroskem_Carinthia_Region.html
Vitanje attractions, Styria Region, /Attractions-g17615857-Activities-Vitanje_Styria_Region.html
Dolenjske Toplice attractions, Lower Carniola Region, /Attractions-g635652-Activities-Dolenjske_Toplice_Lower_Carniola_Region.html
Divaca attractions, Slovenian Littoral Region, /Attractions-g277814-Activities-Divaca_Slovenian_Littoral_Region.html
Crna na Koroskem attractions, Carinthia Region, /Attractions-g1887526-Activities-Crna_na_Koroskem_Carinthia_Region.html
Gornja Radgona attractions, Styria Region, /Attractions-g2202555-Activities-Gornja_Radgona_Styria_Region.html
Cerklje attractions, Upper Carniola Region, /Attractions-g1057700-Activities-Cerklje_Upper_Carniola_Region.html
Moravske Toplice attractions, Prekmurje Region, /Attractions-g1025028-Activities-Moravske_Toplice_Prekmurje_Region.html
Prem attractions, Inner Carniola Region, /Attractions-g7591517-Activities-Prem_Inner_Carniola_Region.html
Podnanos attractions, Slovenian Littoral Region, /Attractions-g7276638-Activities-Podnanos_Slovenian_Littoral_Region.html
Spodnja Sorica attractions, Upper Carniola Region, /Attractions-g7680589-Activities-Spodnja_Sorica_Upper_Carniola_Region.html
Brezje attractions, Upper Carniola Region, /Attractions-g3576922-Activities-Brezje_Upper_Carniola_Region.html
Pohorje attractions, Styria Region, /Attractions-g1028274-Activities-Pohorje_Styria_Region.html
Rimske Toplice attractions, Styria Region, /Attractions-g1955039-Activities-Rimske_Toplice_Styria_Region.html
Dobravlje attractions, Slovenian Littoral Region, /Attractions-g7265413-Activities-Dobravlje_Slovenian_Littoral_Region.html
Sempeter v Savinjski Dolini attractions, Styria Region, /Attractions-g8317813-Activities-Sempeter_v_Savinjski_Dolini_Styria_Region.html
Log pod Mangartom attractions, Slovenian Littoral Region, /Attractions-g1172740-Activities-Log_pod_Mangartom_Slovenian_Littoral_Region.html
Lokev attractions, Slovenian Littoral Region, /Attractions-g1996605-Activities-Lokev_Slovenian_Littoral_Region.html
Kostanjevica na Krasu attractions, Slovenian Littoral Region, /Attractions-g4266263-Activities-Kostanjevica_na_Krasu_Slovenian_Littoral_Region.html
Sentjost Nad Horjulom attractions, Upper Carniola Region, /Attractions-g5985537-Activities-Sentjost_Nad_Horjulom_Upper_Carniola_Region.html
Secovlje attractions, Slovenian Istria, /Attractions-g7148805-Activities-Secovlje_Slovenian_Istria_Slovenian_Littoral_Region.html
Zgornja Kungota attractions, Styria Region, /Attractions-g4555712-Activities-Zgornja_Kungota_Styria_Region.html
Smarjeske Toplice attractions, Lower Carniola Region, /Attractions-g1057704-Activities-Smarjeske_Toplice_Lower_Carniola_Region.html
Grosuplje attractions, Lower Carniola Region, /Attractions-g1077245-Activities-Grosuplje_Lower_Carniola_Region.html
Poljane nad Skofjo Loko attractions, Upper Carniola Region, /Attractions-g3207619-Activities-Poljane_nad_Skofjo_Loko_Upper_Carniola_Region.html
Kog attractions, Styria Region, /Attractions-g19717934-Activities-Kog_Styria_Region.html
Miren attractions, Slovenian Littoral Region, /Attractions-g2621990-Activities-Miren_Slovenian_Littoral_Region.html
Pesnica pri Mariboru attractions, Styria Region, /Attractions-g19055923-Activities-Pesnica_pri_Mariboru_Styria_Region.html
Ribcev Laz attractions, Upper Carniola Region, /Attractions-g285720-Activities-Ribcev_Laz_Upper_Carniola_Region.html
Logatec attractions, Inner Carniola Region, /Attractions-g1071703-Activities-Logatec_Inner_Carniola_Region.html
Sredisce ob Dravi attractions, Styria Region, /Attractions-g12849283-Activities-Sredisce_ob_Dravi_Styria_Region.html
Srednja vas v Bohinju attractions, Upper Carniola Region, /Attractions-g1833046-Activities-Srednja_vas_v_Bohinju_Upper_Carniola_Region.html
Gracisce attractions, Slovenian Littoral Region, /Attractions-g1931848-Activities-Gracisce_Slovenian_Littoral_Region.html
