province_name, region_name, province_url
Kranj attractions, Upper Carniola Region, /Attractions-g644300-Activities-Kranj_Upper_Carniola_Region.html
Portoroz attractions, Slovenian Littoral Region, /Attractions-g274877-Activities-Portoroz_Slovenian_Littoral_Region.html
Izola attractions, Slovenian Istria, /Attractions-g608962-Activities-Izola_Slovenian_Istria_Slovenian_Littoral_Region.html
Skofja Loka attractions, Upper Carniola Region, /Attractions-g608963-Activities-Skofja_Loka_Upper_Carniola_Region.html
Ptuj attractions, Styria Region, /Attractions-g315908-Activities-Ptuj_Styria_Region.html
Piran attractions, Slovenian Istria, /Attractions-g274876-Activities-Piran_Slovenian_Istria_Slovenian_Littoral_Region.html
Bovec attractions, Slovenian Littoral Region, /Attractions-g274866-Activities-Bovec_Slovenian_Littoral_Region.html
Koper attractions, Slovenian Istria, /Attractions-g312722-Activities-Koper_Slovenian_Istria_Slovenian_Littoral_Region.html
Maribor attractions, Styria Region, /Attractions-g274874-Activities-Maribor_Styria_Region.html
Bled attractions, Upper Carniola Region, /Attractions-g274863-Activities-Bled_Upper_Carniola_Region.html
Ljubljana attractions, Upper Carniola Region, /Attractions-g274873-Activities-Ljubljana_Upper_Carniola_Region.html
