review_location_name, review_current_page, review_last_page, review_location_type, review_location_breadcrumbs, review_location_rate, location_lat, location_lng, review_id, review_date, review_experience_date, review_rate, user_name, user_link, user_id, extra, parent_url
Skyscraper (Nebotičnik), 25, 99, Architectural Buildings & Observation Decks & Towers, Europe & Slovenia & Upper Carniola Region & Ljubljana & Things to Do in Ljubljana, 4.0, 46.056934, 14.505641, 622493200, 20181001, 20180901, 5.0, David J, https://www.tripadvisor.com/Profile/davidjH3087CP, 061b1685372da524e209ebee7bba5a6e, Excellent : 237 & Very Good : 170 & Average : 54 & Poor : 19 & Terrible : 15, /Attraction_Review-g274873-d8382117-Reviews-Skyscraper_Neboticnik-Ljubljana_Upper_Carniola_Region.html
Skyscraper (Nebotičnik), 25, 99, Architectural Buildings & Observation Decks & Towers, Europe & Slovenia & Upper Carniola Region & Ljubljana & Things to Do in Ljubljana, 4.0, 46.056934, 14.505641, 622200519, 20181001, 20181001, 4.0, Jacopo C, https://www.tripadvisor.com/Profile/jacopoc832, 93221d53b7706df69ca0d0ad24f43189, Excellent : 237 & Very Good : 170 & Average : 54 & Poor : 19 & Terrible : 15, /Attraction_Review-g274873-d8382117-Reviews-Skyscraper_Neboticnik-Ljubljana_Upper_Carniola_Region.html
Skyscraper (Nebotičnik), 25, 99, Architectural Buildings & Observation Decks & Towers, Europe & Slovenia & Upper Carniola Region & Ljubljana & Things to Do in Ljubljana, 4.0, 46.056934, 14.505641, 621218412, 20181001, 20180901, 5.0, André A, https://www.tripadvisor.com/Profile/106andr_a, 0f3f791ef8b78265be4bf6988c95bb73, Excellent : 237 & Very Good : 170 & Average : 54 & Poor : 19 & Terrible : 15, /Attraction_Review-g274873-d8382117-Reviews-Skyscraper_Neboticnik-Ljubljana_Upper_Carniola_Region.html
Skyscraper (Nebotičnik), 25, 99, Architectural Buildings & Observation Decks & Towers, Europe & Slovenia & Upper Carniola Region & Ljubljana & Things to Do in Ljubljana, 4.0, 46.056934, 14.505641, 621176418, 20181001, 20180601, 4.0, wgorab, https://www.tripadvisor.com/Profile/wgorab, 4e899a53ac95bec5e6be1821d9f6b974, Excellent : 237 & Very Good : 170 & Average : 54 & Poor : 19 & Terrible : 15, /Attraction_Review-g274873-d8382117-Reviews-Skyscraper_Neboticnik-Ljubljana_Upper_Carniola_Region.html
Skyscraper (Nebotičnik), 25, 99, Architectural Buildings & Observation Decks & Towers, Europe & Slovenia & Upper Carniola Region & Ljubljana & Things to Do in Ljubljana, 4.0, 46.056934, 14.505641, 620797767, 20180901, 20180901, 5.0, Dirk R, https://www.tripadvisor.com/Profile/Soonwald-Liebe, e16a0d62b6020565022ff4497f2b6b95, Excellent : 237 & Very Good : 170 & Average : 54 & Poor : 19 & Terrible : 15, /Attraction_Review-g274873-d8382117-Reviews-Skyscraper_Neboticnik-Ljubljana_Upper_Carniola_Region.html
