review_location_name, review_current_page, review_last_page, review_location_type, review_location_breadcrumbs, review_location_rate, location_lat, location_lng, review_id, review_date, review_experience_date, review_rate, user_name, user_link, user_id, extra, parent_url
Gradisko Lake, 1, 2, Bodies of Water, Europe & Slovenia & Upper Carniola Region & Lukovica & Things to Do in Lukovica, 4.5, 46.16667, 14.7, 768265652, 20200901, 20200901, 5.0, saskica22, https://www.tripadvisor.com/Profile/saskica22, 30f1dc67d85e84635fc50f8fdaaab5a4, Excellent : 4 & Very Good : 6 & Average : 0 & Poor : 0 & Terrible : 0, /Attraction_Review-g5496139-d8853820-Reviews-Gradisko_Lake-Lukovica_Upper_Carniola_Region.html
Gradisko Lake, 1, 2, Bodies of Water, Europe & Slovenia & Upper Carniola Region & Lukovica & Things to Do in Lukovica, 4.5, 46.16667, 14.7, 749393875, 20200301, 20190801, 5.0, Samo Š, https://www.tripadvisor.com/Profile/samo_633, 12aa9f9934347740b849fb0a8c034e6c, Excellent : 4 & Very Good : 6 & Average : 0 & Poor : 0 & Terrible : 0, /Attraction_Review-g5496139-d8853820-Reviews-Gradisko_Lake-Lukovica_Upper_Carniola_Region.html
Gradisko Lake, 1, 2, Bodies of Water, Europe & Slovenia & Upper Carniola Region & Lukovica & Things to Do in Lukovica, 4.5, 46.16667, 14.7, 716458169, 20191001, 20191001, 5.0, Samo Š, https://www.tripadvisor.com/Profile/samo_633, 12aa9f9934347740b849fb0a8c034e6c, Excellent : 4 & Very Good : 6 & Average : 0 & Poor : 0 & Terrible : 0, /Attraction_Review-g5496139-d8853820-Reviews-Gradisko_Lake-Lukovica_Upper_Carniola_Region.html
Gradisko Lake, 1, 2, Bodies of Water, Europe & Slovenia & Upper Carniola Region & Lukovica & Things to Do in Lukovica, 4.5, 46.16667, 14.7, 659782796, 20190301, 20190301, 4.0, andrejameznar, https://www.tripadvisor.com/Profile/andrejameznar, 1ab94c7998ce6c5f147e6b3b44b8046c, Excellent : 4 & Very Good : 6 & Average : 0 & Poor : 0 & Terrible : 0, /Attraction_Review-g5496139-d8853820-Reviews-Gradisko_Lake-Lukovica_Upper_Carniola_Region.html
Gradisko Lake, 1, 2, Bodies of Water, Europe & Slovenia & Upper Carniola Region & Lukovica & Things to Do in Lukovica, 4.5, 46.16667, 14.7, 657652216, 20190301, 20190301, 4.0, Stanko P, https://www.tripadvisor.com/Profile/StankoP20, a54d3f8960c4ebd240fe1896faa61cf4, Excellent : 4 & Very Good : 6 & Average : 0 & Poor : 0 & Terrible : 0, /Attraction_Review-g5496139-d8853820-Reviews-Gradisko_Lake-Lukovica_Upper_Carniola_Region.html
