review_location_name, review_current_page, review_last_page, review_location_type, review_location_breadcrumbs, review_location_rate, location_lat, location_lng, review_id, review_date, review_experience_date, review_rate, user_name, user_link, user_id, extra, parent_url
House of Illusions, 30, 163, Specialty Museums & Children's Museums, Europe & Slovenia & Upper Carniola Region & Ljubljana & Things to Do in Ljubljana, 4.0, 46.056934, 14.505641, 673497604, 20190501, 20190501, 3.0, raffadimeola, https://www.tripadvisor.com/Profile/raffadimeola, ba4043ccd2e1349f729b864d0a3e9d5f, Excellent : 402 & Very Good : 244 & Average : 102 & Poor : 45 & Terrible : 20, /Attraction_Review-g274873-d10815305-Reviews-House_of_Illusions-Ljubljana_Upper_Carniola_Region.html
House of Illusions, 30, 163, Specialty Museums & Children's Museums, Europe & Slovenia & Upper Carniola Region & Ljubljana & Things to Do in Ljubljana, 4.0, 46.056934, 14.505641, 673322203, 20190501, 20190501, 5.0, Lukasz Z, https://www.tripadvisor.com/Profile/Piorun9999, c333c25347b4453bd63d6bb25f2a725d, Excellent : 402 & Very Good : 244 & Average : 102 & Poor : 45 & Terrible : 20, /Attraction_Review-g274873-d10815305-Reviews-House_of_Illusions-Ljubljana_Upper_Carniola_Region.html
House of Illusions, 30, 163, Specialty Museums & Children's Museums, Europe & Slovenia & Upper Carniola Region & Ljubljana & Things to Do in Ljubljana, 4.0, 46.056934, 14.505641, 673213006, 20190501, 20190501, 5.0, dorothy H, https://www.tripadvisor.com/Profile/dorothyh67, 91dda520207915967339123f34040ee4, Excellent : 402 & Very Good : 244 & Average : 102 & Poor : 45 & Terrible : 20, /Attraction_Review-g274873-d10815305-Reviews-House_of_Illusions-Ljubljana_Upper_Carniola_Region.html
House of Illusions, 30, 163, Specialty Museums & Children's Museums, Europe & Slovenia & Upper Carniola Region & Ljubljana & Things to Do in Ljubljana, 4.0, 46.056934, 14.505641, 673136957, 20190501, 20190501, 5.0, Miloš D, https://www.tripadvisor.com/Profile/milo_d551, a9b49b3b0c61d55f56af9b30636af482, Excellent : 402 & Very Good : 244 & Average : 102 & Poor : 45 & Terrible : 20, /Attraction_Review-g274873-d10815305-Reviews-House_of_Illusions-Ljubljana_Upper_Carniola_Region.html
House of Illusions, 30, 163, Specialty Museums & Children's Museums, Europe & Slovenia & Upper Carniola Region & Ljubljana & Things to Do in Ljubljana, 4.0, 46.056934, 14.505641, 672761741, 20190501, 20190501, 4.0, GwenAndKirsty, https://www.tripadvisor.com/Profile/GwenAndKirsty, 0568bf2fe1e775e3f4656ccfac1f01ef, Excellent : 402 & Very Good : 244 & Average : 102 & Poor : 45 & Terrible : 20, /Attraction_Review-g274873-d10815305-Reviews-House_of_Illusions-Ljubljana_Upper_Carniola_Region.html
