review_location_name, review_current_page, review_last_page, review_location_type, review_location_breadcrumbs, review_location_rate, location_lat, location_lng, review_id, review_date, review_experience_date, review_rate, user_name, user_link, user_id, extra, parent_url
Museo Militare Di Pivka, 1, 13, Points of Interest & Landmarks, Europe & Slovenia & Inner Carniola Region & Pivka & Things to Do in Pivka, 4.5, 45.68238, 14.19771, 762729847, 20200801, 20200801, 5.0, Claudio Vuck, https://www.tripadvisor.com/Profile/claudiovuck, 55ebebf316a7c012d028d87b29871a34, Excellent : 40 & Very Good : 17 & Average : 4 & Poor : 0 & Terrible : 0, /Attraction_Review-g1887828-d4473199-Reviews-Museo_Militare_Di_Pivka-Pivka_Inner_Carniola_Region.html
Museo Militare Di Pivka, 1, 13, Points of Interest & Landmarks, Europe & Slovenia & Inner Carniola Region & Pivka & Things to Do in Pivka, 4.5, 45.68238, 14.19771, 710491463, 20190901, 20190901, 4.0, albertos277, https://www.tripadvisor.com/Profile/albertos277, 0f76ad18c077b3318cc2e0110eb7a5e0, Excellent : 40 & Very Good : 17 & Average : 4 & Poor : 0 & Terrible : 0, /Attraction_Review-g1887828-d4473199-Reviews-Museo_Militare_Di_Pivka-Pivka_Inner_Carniola_Region.html
Museo Militare Di Pivka, 1, 13, Points of Interest & Landmarks, Europe & Slovenia & Inner Carniola Region & Pivka & Things to Do in Pivka, 4.5, 45.68238, 14.19771, 672852896, 20190501, 20190501, 5.0, 14DLB, https://www.tripadvisor.com/Profile/14DLB, b3a81de0032531df8688752fec6415df, Excellent : 40 & Very Good : 17 & Average : 4 & Poor : 0 & Terrible : 0, /Attraction_Review-g1887828-d4473199-Reviews-Museo_Militare_Di_Pivka-Pivka_Inner_Carniola_Region.html
Museo Militare Di Pivka, 1, 13, Points of Interest & Landmarks, Europe & Slovenia & Inner Carniola Region & Pivka & Things to Do in Pivka, 4.5, 45.68238, 14.19771, 672375971, 20190501, 20190501, 5.0, Alessandro S, https://www.tripadvisor.com/Profile/AlessandroS2202, 66a65783ed99a1b3c966368516219434, Excellent : 40 & Very Good : 17 & Average : 4 & Poor : 0 & Terrible : 0, /Attraction_Review-g1887828-d4473199-Reviews-Museo_Militare_Di_Pivka-Pivka_Inner_Carniola_Region.html
Museo Militare Di Pivka, 1, 13, Points of Interest & Landmarks, Europe & Slovenia & Inner Carniola Region & Pivka & Things to Do in Pivka, 4.5, 45.68238, 14.19771, 668836550, 20190401, 20190401, 5.0, Gianluca G, https://www.tripadvisor.com/Profile/GianlucaG1439, b8995238718ba7c1721ee40389b1a15a, Excellent : 40 & Very Good : 17 & Average : 4 & Poor : 0 & Terrible : 0, /Attraction_Review-g1887828-d4473199-Reviews-Museo_Militare_Di_Pivka-Pivka_Inner_Carniola_Region.html
