review_location_name, review_current_page, review_last_page, review_location_type, review_location_breadcrumbs, review_location_rate, location_lat, location_lng, review_id, review_date, review_experience_date, review_rate, user_name, user_link, user_id, extra, parent_url
Old Vine House, 8, 62, Specialty Museums, Europe & Slovenia & Styria Region & Maribor & Things to Do in Maribor, 4.5, 46.55863, 15.65104, 695714089, 20190801, 20190801, 3.0, amerstein, https://www.tripadvisor.com/Profile/amerstein, c28ac139e9c9449beb80bbc710496f2a, Excellent : 136 & Very Good : 126 & Average : 42 & Poor : 4 & Terrible : 1, /Attraction_Review-g274874-d7390126-Reviews-Old_Vine_House-Maribor_Styria_Region.html
Old Vine House, 8, 62, Specialty Museums, Europe & Slovenia & Styria Region & Maribor & Things to Do in Maribor, 4.5, 46.55863, 15.65104, 695204704, 20190801, 20190701, 5.0, Emma A, https://www.tripadvisor.com/Profile/emmasG3050NN, edba557dc31531e98fa21badbb646857, Excellent : 136 & Very Good : 126 & Average : 42 & Poor : 4 & Terrible : 1, /Attraction_Review-g274874-d7390126-Reviews-Old_Vine_House-Maribor_Styria_Region.html
Old Vine House, 8, 62, Specialty Museums, Europe & Slovenia & Styria Region & Maribor & Things to Do in Maribor, 4.5, 46.55863, 15.65104, 694738542, 20190801, 20190801, 5.0, mattrip86, https://www.tripadvisor.com/Profile/mattrip86, f124bc34a64733dfde264f31044354ae, Excellent : 136 & Very Good : 126 & Average : 42 & Poor : 4 & Terrible : 1, /Attraction_Review-g274874-d7390126-Reviews-Old_Vine_House-Maribor_Styria_Region.html
Old Vine House, 8, 62, Specialty Museums, Europe & Slovenia & Styria Region & Maribor & Things to Do in Maribor, 4.5, 46.55863, 15.65104, 692911581, 20190701, 20190701, 4.0, Bra V, https://www.tripadvisor.com/Profile/757brav, 8a6b3a552653ebc8c94f29bac1a7bc6e, Excellent : 136 & Very Good : 126 & Average : 42 & Poor : 4 & Terrible : 1, /Attraction_Review-g274874-d7390126-Reviews-Old_Vine_House-Maribor_Styria_Region.html
Old Vine House, 8, 62, Specialty Museums, Europe & Slovenia & Styria Region & Maribor & Things to Do in Maribor, 4.5, 46.55863, 15.65104, 692642030, 20190701, 20190701, 5.0, GAWS533, https://www.tripadvisor.com/Profile/GAWS533, b152df77969f31cfabd8970ad1d827a0, Excellent : 136 & Very Good : 126 & Average : 42 & Poor : 4 & Terrible : 1, /Attraction_Review-g274874-d7390126-Reviews-Old_Vine_House-Maribor_Styria_Region.html
