review_location_name, review_current_page, review_last_page, review_location_type, review_location_breadcrumbs, review_location_rate, location_lat, location_lng, review_id, review_date, review_experience_date, review_rate, user_name, user_link, user_id, extra, parent_url
Lake Bohinj, 214, 289, Bodies of Water, Europe & Slovenia & Upper Carniola Region & Bohinjsko Jezero & Things to Do in Bohinjsko Jezero, 4.5, 46.28677, 13.863281, 291260936, 20150701, 20150501, 5.0, Andy P, https://www.tripadvisor.com/Profile/andyp501, 90aa7626cd1a5e7eb7ea41854d38384f, Excellent : 1&&144 & Very Good : 245 & Average : 42 & Poor : 7 & Terrible : 5, /Attraction_Review-g274865-d296736-Reviews-Lake_Bohinj-Bohinjsko_Jezero_Upper_Carniola_Region.html
Lake Bohinj, 214, 289, Bodies of Water, Europe & Slovenia & Upper Carniola Region & Bohinjsko Jezero & Things to Do in Bohinjsko Jezero, 4.5, 46.28677, 13.863281, 290838396, 20150701, 20150701, 4.0, travellinrainer, https://www.tripadvisor.com/Profile/travellinrainer, 09a63076c382d943977e6fa7fc69c88e, Excellent : 1&&144 & Very Good : 245 & Average : 42 & Poor : 7 & Terrible : 5, /Attraction_Review-g274865-d296736-Reviews-Lake_Bohinj-Bohinjsko_Jezero_Upper_Carniola_Region.html
Lake Bohinj, 214, 289, Bodies of Water, Europe & Slovenia & Upper Carniola Region & Bohinjsko Jezero & Things to Do in Bohinjsko Jezero, 4.5, 46.28677, 13.863281, 289804482, 20150701, 20150701, 5.0, Aidano P, https://www.tripadvisor.com/Profile/aidanop, c57ada7e8447738415d32fdb40861172, Excellent : 1&&144 & Very Good : 245 & Average : 42 & Poor : 7 & Terrible : 5, /Attraction_Review-g274865-d296736-Reviews-Lake_Bohinj-Bohinjsko_Jezero_Upper_Carniola_Region.html
Lake Bohinj, 214, 289, Bodies of Water, Europe & Slovenia & Upper Carniola Region & Bohinjsko Jezero & Things to Do in Bohinjsko Jezero, 4.5, 46.28677, 13.863281, 289696535, 20150701, 20150701, 5.0, Cindy S, https://www.tripadvisor.com/Profile/136cindys, 8f72a9441bd6394b7a29902210928e80, Excellent : 1&&144 & Very Good : 245 & Average : 42 & Poor : 7 & Terrible : 5, /Attraction_Review-g274865-d296736-Reviews-Lake_Bohinj-Bohinjsko_Jezero_Upper_Carniola_Region.html
Lake Bohinj, 214, 289, Bodies of Water, Europe & Slovenia & Upper Carniola Region & Bohinjsko Jezero & Things to Do in Bohinjsko Jezero, 4.5, 46.28677, 13.863281, 289401167, 20150701, 20140901, 5.0, Jasmina J, https://www.tripadvisor.com/Profile/192jasminaj, 14a85d30c52442da6fa9e71e5bd40f79, Excellent : 1&&144 & Very Good : 245 & Average : 42 & Poor : 7 & Terrible : 5, /Attraction_Review-g274865-d296736-Reviews-Lake_Bohinj-Bohinjsko_Jezero_Upper_Carniola_Region.html
