review_location_name, review_current_page, review_last_page, review_location_type, review_location_breadcrumbs, review_location_rate, location_lat, location_lng, review_id, review_date, review_experience_date, review_rate, user_name, user_link, user_id, extra, parent_url
Qlandia Nova Gorica, 11, 13, Gift & Specialty Shops, Europe & Slovenia & Styria Region & Nova Gorica & Things to Do in Nova Gorica, 4.0, 45.957233, 13.648287, 290800678, 20150701, 20150701, 5.0, Ilia T, https://www.tripadvisor.com/Profile/Iliatenn, 49f25bd783aef13ed8e88c4fd69cf051, Excellent : 24 & Very Good : 25 & Average : 14 & Poor : 2 & Terrible : 0, /Attraction_Review-g612453-d5071967-Reviews-Qlandia_Nova_Gorica-Nova_Gorica_Styria_Region.html
Qlandia Nova Gorica, 11, 13, Gift & Specialty Shops, Europe & Slovenia & Styria Region & Nova Gorica & Things to Do in Nova Gorica, 4.0, 45.957233, 13.648287, 290630206, 20150701, 20150501, 4.0, anma1973, https://www.tripadvisor.com/Profile/anma1973, 5bc4b82413bc7eae86ca71ff273eb561, Excellent : 24 & Very Good : 25 & Average : 14 & Poor : 2 & Terrible : 0, /Attraction_Review-g612453-d5071967-Reviews-Qlandia_Nova_Gorica-Nova_Gorica_Styria_Region.html
Qlandia Nova Gorica, 11, 13, Gift & Specialty Shops, Europe & Slovenia & Styria Region & Nova Gorica & Things to Do in Nova Gorica, 4.0, 45.957233, 13.648287, 282458750, 20150601, 20150601, 5.0, Atanerue, https://www.tripadvisor.com/Profile/Atanerue, cdf651b4d748cc34ba1a59fb3f15a251, Excellent : 24 & Very Good : 25 & Average : 14 & Poor : 2 & Terrible : 0, /Attraction_Review-g612453-d5071967-Reviews-Qlandia_Nova_Gorica-Nova_Gorica_Styria_Region.html
Qlandia Nova Gorica, 11, 13, Gift & Specialty Shops, Europe & Slovenia & Styria Region & Nova Gorica & Things to Do in Nova Gorica, 4.0, 45.957233, 13.648287, 281218352, 20150601, 20150601, 5.0, Maan salp, https://www.tripadvisor.com/Profile/Andrea17-01-73, 90f85929164f0a647df788f3f64f0ef2, Excellent : 24 & Very Good : 25 & Average : 14 & Poor : 2 & Terrible : 0, /Attraction_Review-g612453-d5071967-Reviews-Qlandia_Nova_Gorica-Nova_Gorica_Styria_Region.html
Qlandia Nova Gorica, 11, 13, Gift & Specialty Shops, Europe & Slovenia & Styria Region & Nova Gorica & Things to Do in Nova Gorica, 4.0, 45.957233, 13.648287, 279848636, 20150601, 20150601, 4.0, Faliraki68, https://www.tripadvisor.com/Profile/Faliraki68, 1c11fa1dc641a2e64035b736303f5512, Excellent : 24 & Very Good : 25 & Average : 14 & Poor : 2 & Terrible : 0, /Attraction_Review-g612453-d5071967-Reviews-Qlandia_Nova_Gorica-Nova_Gorica_Styria_Region.html
