review_location_name, review_current_page, review_last_page, review_location_type, review_location_breadcrumbs, review_location_rate, location_lat, location_lng, review_id, review_date, review_experience_date, review_rate, user_name, user_link, user_id, extra, parent_url
Tartini Square (Tartinijev trg), 6, 258, Points of Interest & Landmarks, Europe & Slovenia & Slovenian Littoral Region & Slovenian Istria & Piran & Things to Do in Piran, 4.5, 45.528152, 13.568084, 737051084, 20200101, 20200101, 5.0, H3854LHpeter, https://www.tripadvisor.com/Profile/H3854LHpeter, d04a88e8c7af35f6ada629801a5a1d66, Excellent : 708 & Very Good : 488 & Average : 85 & Poor : 3 & Terrible : 2, /Attraction_Review-g274876-d2344936-Reviews-Tartini_Square_Tartinijev_trg-Piran_Slovenian_Istria_Slovenian_Littoral_Region.html
Tartini Square (Tartinijev trg), 6, 258, Points of Interest & Landmarks, Europe & Slovenia & Slovenian Littoral Region & Slovenian Istria & Piran & Things to Do in Piran, 4.5, 45.528152, 13.568084, 736785846, 20200101, 20190701, 5.0, Angelo S, https://www.tripadvisor.com/Profile/santangelo51, 902e95952c14a3fa22555ea9543dd7e2, Excellent : 708 & Very Good : 488 & Average : 85 & Poor : 3 & Terrible : 2, /Attraction_Review-g274876-d2344936-Reviews-Tartini_Square_Tartinijev_trg-Piran_Slovenian_Istria_Slovenian_Littoral_Region.html
Tartini Square (Tartinijev trg), 6, 258, Points of Interest & Landmarks, Europe & Slovenia & Slovenian Littoral Region & Slovenian Istria & Piran & Things to Do in Piran, 4.5, 45.528152, 13.568084, 736290751, 20200101, 20190901, 5.0, Zeituni, https://www.tripadvisor.com/Profile/Zeituni, 6833d5e0fbb56dc9829b1ef9fdbf5564, Excellent : 708 & Very Good : 488 & Average : 85 & Poor : 3 & Terrible : 2, /Attraction_Review-g274876-d2344936-Reviews-Tartini_Square_Tartinijev_trg-Piran_Slovenian_Istria_Slovenian_Littoral_Region.html
Tartini Square (Tartinijev trg), 6, 258, Points of Interest & Landmarks, Europe & Slovenia & Slovenian Littoral Region & Slovenian Istria & Piran & Things to Do in Piran, 4.5, 45.528152, 13.568084, 736209239, 20200101, 20191201, 4.0, Claudio L, https://www.tripadvisor.com/Profile/R603IGclaudiol, e1b04faa6084aa64b60a746598e02402, Excellent : 708 & Very Good : 488 & Average : 85 & Poor : 3 & Terrible : 2, /Attraction_Review-g274876-d2344936-Reviews-Tartini_Square_Tartinijev_trg-Piran_Slovenian_Istria_Slovenian_Littoral_Region.html
Tartini Square (Tartinijev trg), 6, 258, Points of Interest & Landmarks, Europe & Slovenia & Slovenian Littoral Region & Slovenian Istria & Piran & Things to Do in Piran, 4.5, 45.528152, 13.568084, 735135270, 20191201, 20191201, 5.0, fabit0, https://www.tripadvisor.com/Profile/fabit0, 155b37f060f030606cc8a906654fb10b, Excellent : 708 & Very Good : 488 & Average : 85 & Poor : 3 & Terrible : 2, /Attraction_Review-g274876-d2344936-Reviews-Tartini_Square_Tartinijev_trg-Piran_Slovenian_Istria_Slovenian_Littoral_Region.html
