review_location_name, review_current_page, review_last_page, review_location_type, review_location_breadcrumbs, review_location_rate, location_lat, location_lng, review_id, review_date, review_experience_date, review_rate, user_name, user_link, user_id, extra, parent_url
WoodWay, None, None, Gift & Specialty Shops, Europe & Slovenia & Upper Carniola Region & Radovljica & Things to Do in Radovljica, 5.0, 46.347164, 14.171179, 595494518, 20180701, 20180601, 5.0, Kep70, https://www.tripadvisor.com/Profile/Kep70, 75c81cc523c027b68c490a32e489df15, Excellent : 5 & Very Good : 0 & Average : 0 & Poor : 0 & Terrible : 0, /Attraction_Review-g274879-d12563008-Reviews-WoodWay-Radovljica_Upper_Carniola_Region.html
WoodWay, None, None, Gift & Specialty Shops, Europe & Slovenia & Upper Carniola Region & Radovljica & Things to Do in Radovljica, 5.0, 46.347164, 14.171179, 500274605, 20170701, 20170701, 5.0, Anja L, https://www.tripadvisor.com/Profile/238anjal, 10f1a73214574e946ec0af5716f457b0, Excellent : 5 & Very Good : 0 & Average : 0 & Poor : 0 & Terrible : 0, /Attraction_Review-g274879-d12563008-Reviews-WoodWay-Radovljica_Upper_Carniola_Region.html
WoodWay, None, None, Gift & Specialty Shops, Europe & Slovenia & Upper Carniola Region & Radovljica & Things to Do in Radovljica, 5.0, 46.347164, 14.171179, 498445999, 20170701, 20170701, 5.0, Melita M, https://www.tripadvisor.com/Profile/melitam126, b7fb2c03aff294515188f9cdeed1ae99, Excellent : 5 & Very Good : 0 & Average : 0 & Poor : 0 & Terrible : 0, /Attraction_Review-g274879-d12563008-Reviews-WoodWay-Radovljica_Upper_Carniola_Region.html
WoodWay, None, None, Gift & Specialty Shops, Europe & Slovenia & Upper Carniola Region & Radovljica & Things to Do in Radovljica, 5.0, 46.347164, 14.171179, 498159836, 20170701, 20170701, 5.0, Anja M, https://www.tripadvisor.com/Profile/841anjam, ef8dcbc896c348bff8ca84ce8afc3729, Excellent : 5 & Very Good : 0 & Average : 0 & Poor : 0 & Terrible : 0, /Attraction_Review-g274879-d12563008-Reviews-WoodWay-Radovljica_Upper_Carniola_Region.html
WoodWay, None, None, Gift & Specialty Shops, Europe & Slovenia & Upper Carniola Region & Radovljica & Things to Do in Radovljica, 5.0, 46.347164, 14.171179, 497069354, 20170601, 20170501, 5.0, PA L, https://www.tripadvisor.com/Profile/106pal, d0bb71a033e843ef8927e82b4da088ec, Excellent : 5 & Very Good : 0 & Average : 0 & Poor : 0 & Terrible : 0, /Attraction_Review-g274879-d12563008-Reviews-WoodWay-Radovljica_Upper_Carniola_Region.html
