review_location_name, review_current_page, review_last_page, review_location_type, review_location_breadcrumbs, review_location_rate, location_lat, location_lng, review_id, review_date, review_experience_date, review_rate, user_name, user_link, user_id, extra, parent_url
Kozjak Waterfalls, 25, 129, Waterfalls, Europe & Slovenia & Slovenian Littoral Region & Kobarid & Things to Do in Kobarid, 4.5, 46.24709, 13.57934, 603327657, 20180801, 20180801, 5.0, emilyenix, https://www.tripadvisor.com/Profile/emilyenix, e50b0fe1f649f801c7488d88174ebd73, Excellent : 479 & Very Good : 136 & Average : 19 & Poor : 6 & Terrible : 3, /Attraction_Review-g319788-d1746288-Reviews-Kozjak_Waterfalls-Kobarid_Slovenian_Littoral_Region.html
Kozjak Waterfalls, 25, 129, Waterfalls, Europe & Slovenia & Slovenian Littoral Region & Kobarid & Things to Do in Kobarid, 4.5, 46.24709, 13.57934, 603217334, 20180801, 20180801, 4.0, Marco, https://www.tripadvisor.com/Profile/509marcoc, c8f96838be13d78cd7a58ecfb4493644, Excellent : 479 & Very Good : 136 & Average : 19 & Poor : 6 & Terrible : 3, /Attraction_Review-g319788-d1746288-Reviews-Kozjak_Waterfalls-Kobarid_Slovenian_Littoral_Region.html
Kozjak Waterfalls, 25, 129, Waterfalls, Europe & Slovenia & Slovenian Littoral Region & Kobarid & Things to Do in Kobarid, 4.5, 46.24709, 13.57934, 602394844, 20180801, 20180801, 5.0, Zuza J, https://www.tripadvisor.com/Profile/628zuzaj, 7e967081004b31f661bbf298f56c4e3d, Excellent : 479 & Very Good : 136 & Average : 19 & Poor : 6 & Terrible : 3, /Attraction_Review-g319788-d1746288-Reviews-Kozjak_Waterfalls-Kobarid_Slovenian_Littoral_Region.html
Kozjak Waterfalls, 25, 129, Waterfalls, Europe & Slovenia & Slovenian Littoral Region & Kobarid & Things to Do in Kobarid, 4.5, 46.24709, 13.57934, 602307278, 20180801, 20180801, 5.0, Barbara V, https://www.tripadvisor.com/Profile/J5147INbarbarav, c9fc2abffa4350d79f7bcb20b663797a, Excellent : 479 & Very Good : 136 & Average : 19 & Poor : 6 & Terrible : 3, /Attraction_Review-g319788-d1746288-Reviews-Kozjak_Waterfalls-Kobarid_Slovenian_Littoral_Region.html
Kozjak Waterfalls, 25, 129, Waterfalls, Europe & Slovenia & Slovenian Littoral Region & Kobarid & Things to Do in Kobarid, 4.5, 46.24709, 13.57934, 602195718, 20180801, 20180801, 5.0, herbert173, https://www.tripadvisor.com/Profile/herbert173, e32c4c74d2f2f2e0fe7e6f74378b28a7, Excellent : 479 & Very Good : 136 & Average : 19 & Poor : 6 & Terrible : 3, /Attraction_Review-g319788-d1746288-Reviews-Kozjak_Waterfalls-Kobarid_Slovenian_Littoral_Region.html
