review_location_name, review_current_page, review_last_page, review_location_type, review_location_breadcrumbs, review_location_rate, location_lat, location_lng, review_id, review_date, review_experience_date, review_rate, user_name, user_link, user_id, extra, parent_url
Dragon Bridge (Zmajski Most), 28, 529, Bridges, Europe & Slovenia & Upper Carniola Region & Ljubljana & Things to Do in Ljubljana, 4.0, 46.056934, 14.505641, 713430616, 20190901, 20190901, 4.0, Claudio S, https://www.tripadvisor.com/Profile/856claudios, 4ccb85b8667bda418442f7309403f24b, Excellent : 915 & Very Good : 1&&065 & Average : 583 & Poor : 71 & Terrible : 10, /Attraction_Review-g274873-d276337-Reviews-Dragon_Bridge_Zmajski_Most-Ljubljana_Upper_Carniola_Region.html
Dragon Bridge (Zmajski Most), 28, 529, Bridges, Europe & Slovenia & Upper Carniola Region & Ljubljana & Things to Do in Ljubljana, 4.0, 46.056934, 14.505641, 713098748, 20190901, 20190801, 4.0, JeanLuke, https://www.tripadvisor.com/Profile/JeanLukeCic, e41c1a79f229eaaed197556bc02af0d7, Excellent : 915 & Very Good : 1&&065 & Average : 583 & Poor : 71 & Terrible : 10, /Attraction_Review-g274873-d276337-Reviews-Dragon_Bridge_Zmajski_Most-Ljubljana_Upper_Carniola_Region.html
Dragon Bridge (Zmajski Most), 28, 529, Bridges, Europe & Slovenia & Upper Carniola Region & Ljubljana & Things to Do in Ljubljana, 4.0, 46.056934, 14.505641, 712902620, 20190901, 20190901, 5.0, Charles S, https://www.tripadvisor.com/Profile/charliesR522YM, 54f4670e90fc170016a2e19ea9522c62, Excellent : 915 & Very Good : 1&&065 & Average : 583 & Poor : 71 & Terrible : 10, /Attraction_Review-g274873-d276337-Reviews-Dragon_Bridge_Zmajski_Most-Ljubljana_Upper_Carniola_Region.html
Dragon Bridge (Zmajski Most), 28, 529, Bridges, Europe & Slovenia & Upper Carniola Region & Ljubljana & Things to Do in Ljubljana, 4.0, 46.056934, 14.505641, 712803882, 20190901, 20190901, 4.0, Elisa G, https://www.tripadvisor.com/Profile/274elisag, 6f5bc20176d3d3fab6388ac117c10b79, Excellent : 915 & Very Good : 1&&065 & Average : 583 & Poor : 71 & Terrible : 10, /Attraction_Review-g274873-d276337-Reviews-Dragon_Bridge_Zmajski_Most-Ljubljana_Upper_Carniola_Region.html
Dragon Bridge (Zmajski Most), 28, 529, Bridges, Europe & Slovenia & Upper Carniola Region & Ljubljana & Things to Do in Ljubljana, 4.0, 46.056934, 14.505641, 712763688, 20190901, 20190901, 4.0, Valda057, https://www.tripadvisor.com/Profile/Valda057, 73d94a02b195a9d0d055a943adcb0446, Excellent : 915 & Very Good : 1&&065 & Average : 583 & Poor : 71 & Terrible : 10, /Attraction_Review-g274873-d276337-Reviews-Dragon_Bridge_Zmajski_Most-Ljubljana_Upper_Carniola_Region.html
