review_location_name, review_current_page, review_last_page, review_location_type, review_location_breadcrumbs, review_location_rate, location_lat, location_lng, review_id, review_date, review_experience_date, review_rate, user_name, user_link, user_id, extra, parent_url
Lake Bled, 181, 1892, Bodies of Water, Europe & Slovenia & Upper Carniola Region & Bled & Things to Do in Bled, 4.5, 46.36917, 14.113181, 678633806, 20190601, 20190601, 5.0, angelfishtwo, https://www.tripadvisor.com/Profile/angelfishtwo, 78b447868e6db41120e884a6587615fd, Excellent : 7&&297 & Very Good : 1&&731 & Average : 344 & Poor : 50 & Terrible : 35, /Attraction_Review-g274863-d296735-Reviews-Lake_Bled-Bled_Upper_Carniola_Region.html
Lake Bled, 181, 1892, Bodies of Water, Europe & Slovenia & Upper Carniola Region & Bled & Things to Do in Bled, 4.5, 46.36917, 14.113181, 678594160, 20190601, 20190601, 5.0, rosie M, https://www.tripadvisor.com/Profile/rosie682, e201dc1614f8176ed0d20d092968c510, Excellent : 7&&297 & Very Good : 1&&731 & Average : 344 & Poor : 50 & Terrible : 35, /Attraction_Review-g274863-d296735-Reviews-Lake_Bled-Bled_Upper_Carniola_Region.html
Lake Bled, 181, 1892, Bodies of Water, Europe & Slovenia & Upper Carniola Region & Bled & Things to Do in Bled, 4.5, 46.36917, 14.113181, 678385553, 20190601, 20190501, 4.0, Skye757, https://www.tripadvisor.com/Profile/Skye757, 5cd0b014a020cf1f5cf0dcb5e8cbe43b, Excellent : 7&&297 & Very Good : 1&&731 & Average : 344 & Poor : 50 & Terrible : 35, /Attraction_Review-g274863-d296735-Reviews-Lake_Bled-Bled_Upper_Carniola_Region.html
Lake Bled, 181, 1892, Bodies of Water, Europe & Slovenia & Upper Carniola Region & Bled & Things to Do in Bled, 4.5, 46.36917, 14.113181, 677980053, 20190501, 20180701, 5.0, Rahia S, https://www.tripadvisor.com/Profile/rahiasantos, f0e4d7e1a9396623d171e19981d080be, Excellent : 7&&297 & Very Good : 1&&731 & Average : 344 & Poor : 50 & Terrible : 35, /Attraction_Review-g274863-d296735-Reviews-Lake_Bled-Bled_Upper_Carniola_Region.html
Lake Bled, 181, 1892, Bodies of Water, Europe & Slovenia & Upper Carniola Region & Bled & Things to Do in Bled, 4.5, 46.36917, 14.113181, 677907073, 20190501, 20190501, 5.0, bcasey1, https://www.tripadvisor.com/Profile/bcasey1, b9703d2310cbe5a8886c69b89658cfae, Excellent : 7&&297 & Very Good : 1&&731 & Average : 344 & Poor : 50 & Terrible : 35, /Attraction_Review-g274863-d296735-Reviews-Lake_Bled-Bled_Upper_Carniola_Region.html
