review_location_name, review_current_page, review_last_page, review_location_type, review_location_breadcrumbs, review_location_rate, location_lat, location_lng, review_id, review_date, review_experience_date, review_rate, user_name, user_link, user_id, extra, parent_url
Triglav National Park, 53, 111, National Parks & Hiking Trails, Europe & Slovenia & Upper Carniola Region & Bled & Things to Do in Bled, 5.0, 46.36917, 14.113181, 474217292, 20170401, 20170401, 5.0, Tom H, https://www.tripadvisor.com/Profile/D8222FHtomh, fc61bbb11e39dad29a584cedb71c8c9a, Excellent : 486 & Very Good : 58 & Average : 6 & Poor : 0 & Terrible : 2, /Attraction_Review-g274863-d276476-Reviews-Triglav_National_Park-Bled_Upper_Carniola_Region.html
Triglav National Park, 53, 111, National Parks & Hiking Trails, Europe & Slovenia & Upper Carniola Region & Bled & Things to Do in Bled, 5.0, 46.36917, 14.113181, 465102033, 20170301, 20170301, 5.0, Hank B, https://www.tripadvisor.com/Profile/HankB690, d3ee565dc067f975ff34b3594f8133d6, Excellent : 486 & Very Good : 58 & Average : 6 & Poor : 0 & Terrible : 2, /Attraction_Review-g274863-d276476-Reviews-Triglav_National_Park-Bled_Upper_Carniola_Region.html
Triglav National Park, 53, 111, National Parks & Hiking Trails, Europe & Slovenia & Upper Carniola Region & Bled & Things to Do in Bled, 5.0, 46.36917, 14.113181, 455355267, 20170101, 20161201, 5.0, Miha P, https://www.tripadvisor.com/Profile/482mihap, 80c09a6cd57df06a33772cac54004f78, Excellent : 486 & Very Good : 58 & Average : 6 & Poor : 0 & Terrible : 2, /Attraction_Review-g274863-d276476-Reviews-Triglav_National_Park-Bled_Upper_Carniola_Region.html
Triglav National Park, 53, 111, National Parks & Hiking Trails, Europe & Slovenia & Upper Carniola Region & Bled & Things to Do in Bled, 5.0, 46.36917, 14.113181, 448687042, 20170101, 20160801, 5.0, Sara V, https://www.tripadvisor.com/Profile/sarav2017, c5390206f55d71a848e85d458d1603d1, Excellent : 486 & Very Good : 58 & Average : 6 & Poor : 0 & Terrible : 2, /Attraction_Review-g274863-d276476-Reviews-Triglav_National_Park-Bled_Upper_Carniola_Region.html
Triglav National Park, 53, 111, National Parks & Hiking Trails, Europe & Slovenia & Upper Carniola Region & Bled & Things to Do in Bled, 5.0, 46.36917, 14.113181, 446580514, 20161201, 20160901, 5.0, Gautier T, https://www.tripadvisor.com/Profile/gautiert2016, 28507feaa756ada19e8ffdebcf68a382, Excellent : 486 & Very Good : 58 & Average : 6 & Poor : 0 & Terrible : 2, /Attraction_Review-g274863-d276476-Reviews-Triglav_National_Park-Bled_Upper_Carniola_Region.html
