review_location_name, review_current_page, review_last_page, review_location_type, review_location_breadcrumbs, review_location_rate, location_lat, location_lng, review_id, review_date, review_experience_date, review_rate, user_name, user_link, user_id, extra, parent_url
Old Square (Stari trg), 10, 56, Points of Interest & Landmarks, Europe & Slovenia & Upper Carniola Region & Ljubljana & Things to Do in Ljubljana, 4.0, 46.056934, 14.505641, 656274883, 20190301, 20190201, 5.0, SEs, https://www.tripadvisor.com/Profile/7SE3, 40b84cc27f7f25ec87aab70a7e6cbfdb, Excellent : 100 & Very Good : 145 & Average : 30 & Poor : 2 & Terrible : 2, /Attraction_Review-g274873-d276331-Reviews-Old_Square_Stari_trg-Ljubljana_Upper_Carniola_Region.html
Old Square (Stari trg), 10, 56, Points of Interest & Landmarks, Europe & Slovenia & Upper Carniola Region & Ljubljana & Things to Do in Ljubljana, 4.0, 46.056934, 14.505641, 652777056, 20190201, 20180901, 5.0, Sonia261, https://www.tripadvisor.com/Profile/Sonia261, daba68bf91ca41fb01a06186bdd8c72a, Excellent : 100 & Very Good : 145 & Average : 30 & Poor : 2 & Terrible : 2, /Attraction_Review-g274873-d276331-Reviews-Old_Square_Stari_trg-Ljubljana_Upper_Carniola_Region.html
Old Square (Stari trg), 10, 56, Points of Interest & Landmarks, Europe & Slovenia & Upper Carniola Region & Ljubljana & Things to Do in Ljubljana, 4.0, 46.056934, 14.505641, 652111943, 20190201, 20180301, 5.0, Thomas Ozbun, https://www.tripadvisor.com/Profile/thomasozbun, 285a89085f6e1169f7919d7209921ed5, Excellent : 100 & Very Good : 145 & Average : 30 & Poor : 2 & Terrible : 2, /Attraction_Review-g274873-d276331-Reviews-Old_Square_Stari_trg-Ljubljana_Upper_Carniola_Region.html
Old Square (Stari trg), 10, 56, Points of Interest & Landmarks, Europe & Slovenia & Upper Carniola Region & Ljubljana & Things to Do in Ljubljana, 4.0, 46.056934, 14.505641, 651114953, 20190201, 20190101, 4.0, PaoloRiccardoCarrara, https://www.tripadvisor.com/Profile/PaoloRiccardoCarrara, 1eefc98eb3fbe1b486e83405bb477046, Excellent : 100 & Very Good : 145 & Average : 30 & Poor : 2 & Terrible : 2, /Attraction_Review-g274873-d276331-Reviews-Old_Square_Stari_trg-Ljubljana_Upper_Carniola_Region.html
Old Square (Stari trg), 10, 56, Points of Interest & Landmarks, Europe & Slovenia & Upper Carniola Region & Ljubljana & Things to Do in Ljubljana, 4.0, 46.056934, 14.505641, 649172804, 20190101, 20181201, 5.0, JorgeFilipeRibeiro, https://www.tripadvisor.com/Profile/JorgeFilipeRibeiro, b94cb400a241d098c79d363460d438f5, Excellent : 100 & Very Good : 145 & Average : 30 & Poor : 2 & Terrible : 2, /Attraction_Review-g274873-d276331-Reviews-Old_Square_Stari_trg-Ljubljana_Upper_Carniola_Region.html
