review_location_name, review_current_page, review_last_page, review_location_type, review_location_breadcrumbs, review_location_rate, location_lat, location_lng, review_id, review_date, review_experience_date, review_rate, user_name, user_link, user_id, extra, parent_url
Odprta Kuhna, 39, 62, Flea & Street Markets, Europe & Slovenia & Upper Carniola Region & Ljubljana & Things to Do in Ljubljana, 4.5, 46.056934, 14.505641, 456023492, 20170101, 20160801, 5.0, Miha P, https://www.tripadvisor.com/Profile/482mihap, 80c09a6cd57df06a33772cac54004f78, Excellent : 229 & Very Good : 52 & Average : 12 & Poor : 11 & Terrible : 5, /Attraction_Review-g274873-d19417162-Reviews-Odprta_Kuhna-Ljubljana_Upper_Carniola_Region.html
Odprta Kuhna, 39, 62, Flea & Street Markets, Europe & Slovenia & Upper Carniola Region & Ljubljana & Things to Do in Ljubljana, 4.5, 46.056934, 14.505641, 453326020, 20170101, 20170101, 5.0, barbara11m, https://www.tripadvisor.com/Profile/barbara11m, b1f0a206169e37fc98882e8f11b750d8, Excellent : 229 & Very Good : 52 & Average : 12 & Poor : 11 & Terrible : 5, /Attraction_Review-g274873-d19417162-Reviews-Odprta_Kuhna-Ljubljana_Upper_Carniola_Region.html
Odprta Kuhna, 39, 62, Flea & Street Markets, Europe & Slovenia & Upper Carniola Region & Ljubljana & Things to Do in Ljubljana, 4.5, 46.056934, 14.505641, 439622576, 20161101, 20161101, 5.0, Nevel_Mentis, https://www.tripadvisor.com/Profile/Nevel_Mentis, 66634ed737b0bdf91af57078f92456c0, Excellent : 229 & Very Good : 52 & Average : 12 & Poor : 11 & Terrible : 5, /Attraction_Review-g274873-d19417162-Reviews-Odprta_Kuhna-Ljubljana_Upper_Carniola_Region.html
Odprta Kuhna, 39, 62, Flea & Street Markets, Europe & Slovenia & Upper Carniola Region & Ljubljana & Things to Do in Ljubljana, 4.5, 46.056934, 14.505641, 439490045, 20161101, 20161101, 5.0, Zivana, https://www.tripadvisor.com/Profile/zivakt, 6a87e2afa344b652354e812772f39f77, Excellent : 229 & Very Good : 52 & Average : 12 & Poor : 11 & Terrible : 5, /Attraction_Review-g274873-d19417162-Reviews-Odprta_Kuhna-Ljubljana_Upper_Carniola_Region.html
Odprta Kuhna, 39, 62, Flea & Street Markets, Europe & Slovenia & Upper Carniola Region & Ljubljana & Things to Do in Ljubljana, 4.5, 46.056934, 14.505641, 437603243, 20161101, 20161101, 5.0, ganara, https://www.tripadvisor.com/Profile/ganara, 072594898cbe6ee4b794b8b5a1a8ecf7, Excellent : 229 & Very Good : 52 & Average : 12 & Poor : 11 & Terrible : 5, /Attraction_Review-g274873-d19417162-Reviews-Odprta_Kuhna-Ljubljana_Upper_Carniola_Region.html
