review_location_name, review_current_page, review_last_page, review_location_type, review_location_breadcrumbs, review_location_rate, location_lat, location_lng, review_id, review_date, review_experience_date, review_rate, user_name, user_link, user_id, extra, parent_url
Ljubljana Old Town, 1532, 1548, Neighborhoods, Europe & Slovenia & Upper Carniola Region & Ljubljana & Things to Do in Ljubljana, 4.5, 46.056934, 14.505641, 139151531, 20120901, 20120701, 5.0, nushki65, https://www.tripadvisor.com/Profile/nushki65, 2f1fd9297bd01f7e14e86ea0aceb0c29, Excellent : 5&&521 & Very Good : 1&&984 & Average : 199 & Poor : 24 & Terrible : 9, /Attraction_Review-g274873-d298666-Reviews-Ljubljana_Old_Town-Ljubljana_Upper_Carniola_Region.html
Ljubljana Old Town, 1532, 1548, Neighborhoods, Europe & Slovenia & Upper Carniola Region & Ljubljana & Things to Do in Ljubljana, 4.5, 46.056934, 14.505641, 139034844, 20120801, 20120801, 5.0, jppopoche, https://www.tripadvisor.com/Profile/jppopoche, ef9c2dead6ce4c2f7f9c53f2250dace7, Excellent : 5&&521 & Very Good : 1&&984 & Average : 199 & Poor : 24 & Terrible : 9, /Attraction_Review-g274873-d298666-Reviews-Ljubljana_Old_Town-Ljubljana_Upper_Carniola_Region.html
Ljubljana Old Town, 1532, 1548, Neighborhoods, Europe & Slovenia & Upper Carniola Region & Ljubljana & Things to Do in Ljubljana, 4.5, 46.056934, 14.505641, 138970367, 20120801, 20120601, 5.0, Isabel_2, https://www.tripadvisor.com/Profile/Isabel_2, 6433744bdef3e09c7420ac4f67fa0a46, Excellent : 5&&521 & Very Good : 1&&984 & Average : 199 & Poor : 24 & Terrible : 9, /Attraction_Review-g274873-d298666-Reviews-Ljubljana_Old_Town-Ljubljana_Upper_Carniola_Region.html
Ljubljana Old Town, 1532, 1548, Neighborhoods, Europe & Slovenia & Upper Carniola Region & Ljubljana & Things to Do in Ljubljana, 4.5, 46.056934, 14.505641, 138941634, 20120801, 20110901, 5.0, ACFD, https://www.tripadvisor.com/Profile/ACFD, a0fac56f93a6877d7d10be0555e9fde0, Excellent : 5&&521 & Very Good : 1&&984 & Average : 199 & Poor : 24 & Terrible : 9, /Attraction_Review-g274873-d298666-Reviews-Ljubljana_Old_Town-Ljubljana_Upper_Carniola_Region.html
Ljubljana Old Town, 1532, 1548, Neighborhoods, Europe & Slovenia & Upper Carniola Region & Ljubljana & Things to Do in Ljubljana, 4.5, 46.056934, 14.505641, 138849050, 20120801, 20120801, 3.0, samgriento, https://www.tripadvisor.com/Profile/samgriento, a8aca127a11b8fb7bff62573bb2d977b, Excellent : 5&&521 & Very Good : 1&&984 & Average : 199 & Poor : 24 & Terrible : 9, /Attraction_Review-g274873-d298666-Reviews-Ljubljana_Old_Town-Ljubljana_Upper_Carniola_Region.html
