review_location_name, review_current_page, review_last_page, review_location_type, review_location_breadcrumbs, review_location_rate, location_lat, location_lng, review_id, review_date, review_experience_date, review_rate, user_name, user_link, user_id, extra, parent_url
Bled Island, 490, 557, Architectural Buildings & Islands & Sacred & Religious Sites, Europe & Slovenia & Upper Carniola Region & Bled & Things to Do in Bled, 4.5, 46.36917, 14.113181, 191976069, 20140101, 20140101, 3.0, Ghita G, https://www.tripadvisor.com/Profile/607ghitag, ac29721bbd9e752f6b58bdf1f8716dc2, Excellent : 1&&390 & Very Good : 904 & Average : 400 & Poor : 69 & Terrible : 22, /Attraction_Review-g274863-d317378-Reviews-Bled_Island-Bled_Upper_Carniola_Region.html
Bled Island, 490, 557, Architectural Buildings & Islands & Sacred & Religious Sites, Europe & Slovenia & Upper Carniola Region & Bled & Things to Do in Bled, 4.5, 46.36917, 14.113181, 191686428, 20140101, 20140101, 3.0, As_semenova, https://www.tripadvisor.com/Profile/As_semenova, 582df56304cd6c197b5bab57be0575b8, Excellent : 1&&390 & Very Good : 904 & Average : 400 & Poor : 69 & Terrible : 22, /Attraction_Review-g274863-d317378-Reviews-Bled_Island-Bled_Upper_Carniola_Region.html
Bled Island, 490, 557, Architectural Buildings & Islands & Sacred & Religious Sites, Europe & Slovenia & Upper Carniola Region & Bled & Things to Do in Bled, 4.5, 46.36917, 14.113181, 191623513, 20140101, 20140101, 4.0, JayneB57, https://www.tripadvisor.com/Profile/JayneB57, a7047cb30fec3cddc9048e043a1cf6d4, Excellent : 1&&390 & Very Good : 904 & Average : 400 & Poor : 69 & Terrible : 22, /Attraction_Review-g274863-d317378-Reviews-Bled_Island-Bled_Upper_Carniola_Region.html
Bled Island, 490, 557, Architectural Buildings & Islands & Sacred & Religious Sites, Europe & Slovenia & Upper Carniola Region & Bled & Things to Do in Bled, 4.5, 46.36917, 14.113181, 191322179, 20140101, 20130801, 4.0, Maurizio A, https://www.tripadvisor.com/Profile/Maury20zero24, 58cfa73ee1e2f57e95f049b23691825c, Excellent : 1&&390 & Very Good : 904 & Average : 400 & Poor : 69 & Terrible : 22, /Attraction_Review-g274863-d317378-Reviews-Bled_Island-Bled_Upper_Carniola_Region.html
Bled Island, 490, 557, Architectural Buildings & Islands & Sacred & Religious Sites, Europe & Slovenia & Upper Carniola Region & Bled & Things to Do in Bled, 4.5, 46.36917, 14.113181, 191012910, 20140101, 20130801, 4.0, tomat449, https://www.tripadvisor.com/Profile/tomat449, 219eb8905c7af45674e59ce7b972fcb4, Excellent : 1&&390 & Very Good : 904 & Average : 400 & Poor : 69 & Terrible : 22, /Attraction_Review-g274863-d317378-Reviews-Bled_Island-Bled_Upper_Carniola_Region.html
