review_location_name, review_current_page, review_last_page, review_location_type, review_location_breadcrumbs, review_location_rate, location_lat, location_lng, review_id, review_date, review_experience_date, review_rate, user_name, user_link, user_id, extra, parent_url
Straza Bled, 90, 114, Nature & Wildlife Areas & Ski & Snowboard Areas, Europe & Slovenia & Upper Carniola Region & Bled & Things to Do in Bled, 4.5, 46.36917, 14.113181, 295440508, 20150801, 20150801, 4.0, Adam M, https://www.tripadvisor.com/Profile/adamm334, 180e0af13c91785089acbbeab46ac62f, Excellent : 344 & Very Good : 153 & Average : 36 & Poor : 14 & Terrible : 19, /Attraction_Review-g274863-d4501625-Reviews-Straza_Bled-Bled_Upper_Carniola_Region.html
Straza Bled, 90, 114, Nature & Wildlife Areas & Ski & Snowboard Areas, Europe & Slovenia & Upper Carniola Region & Bled & Things to Do in Bled, 4.5, 46.36917, 14.113181, 295280778, 20150801, 20150801, 4.0, tlc78, https://www.tripadvisor.com/Profile/tlc78, 690e712ff1a397e880c6ec50f198e3ec, Excellent : 344 & Very Good : 153 & Average : 36 & Poor : 14 & Terrible : 19, /Attraction_Review-g274863-d4501625-Reviews-Straza_Bled-Bled_Upper_Carniola_Region.html
Straza Bled, 90, 114, Nature & Wildlife Areas & Ski & Snowboard Areas, Europe & Slovenia & Upper Carniola Region & Bled & Things to Do in Bled, 4.5, 46.36917, 14.113181, 293730930, 20150701, 20150701, 4.0, ramipol, https://www.tripadvisor.com/Profile/ramipol, 5c94f2b467f6ccc52f15868c8078eaf0, Excellent : 344 & Very Good : 153 & Average : 36 & Poor : 14 & Terrible : 19, /Attraction_Review-g274863-d4501625-Reviews-Straza_Bled-Bled_Upper_Carniola_Region.html
Straza Bled, 90, 114, Nature & Wildlife Areas & Ski & Snowboard Areas, Europe & Slovenia & Upper Carniola Region & Bled & Things to Do in Bled, 4.5, 46.36917, 14.113181, 293631507, 20150701, 20150501, 5.0, MartynaFZ, https://www.tripadvisor.com/Profile/MartynaFZ, d2eae8fe65ae83a37752dab24dc861a2, Excellent : 344 & Very Good : 153 & Average : 36 & Poor : 14 & Terrible : 19, /Attraction_Review-g274863-d4501625-Reviews-Straza_Bled-Bled_Upper_Carniola_Region.html
Straza Bled, 90, 114, Nature & Wildlife Areas & Ski & Snowboard Areas, Europe & Slovenia & Upper Carniola Region & Bled & Things to Do in Bled, 4.5, 46.36917, 14.113181, 293289307, 20150701, 20140801, 5.0, rita446, https://www.tripadvisor.com/Profile/rita446, d13996ea1c88ed6a6d47445778b6c101, Excellent : 344 & Very Good : 153 & Average : 36 & Poor : 14 & Terrible : 19, /Attraction_Review-g274863-d4501625-Reviews-Straza_Bled-Bled_Upper_Carniola_Region.html
