review_location_name, review_current_page, review_last_page, review_location_type, review_location_breadcrumbs, review_location_rate, location_lat, location_lng, review_id, review_date, review_experience_date, review_rate, user_name, user_link, user_id, extra, parent_url
Church of St. George, 31, 103, Sacred & Religious Sites, Europe & Slovenia & Slovenian Littoral Region & Slovenian Istria & Piran & Things to Do in Piran, 4.5, 45.528152, 13.568084, 523169129, 20170901, 20170901, 5.0, IBuch, https://www.tripadvisor.com/Profile/IBuch, 280606c056f75187dfc41bb63112c8ab, Excellent : 274 & Very Good : 199 & Average : 34 & Poor : 4 & Terrible : 3, /Attraction_Review-g274876-d2344931-Reviews-Church_of_St_George-Piran_Slovenian_Istria_Slovenian_Littoral_Region.html
Church of St. George, 31, 103, Sacred & Religious Sites, Europe & Slovenia & Slovenian Littoral Region & Slovenian Istria & Piran & Things to Do in Piran, 4.5, 45.528152, 13.568084, 521888157, 20170901, 20170901, 4.0, Maxxim70, https://www.tripadvisor.com/Profile/Maxxim70, db2ae6bf094d021163d2892b3a451a54, Excellent : 274 & Very Good : 199 & Average : 34 & Poor : 4 & Terrible : 3, /Attraction_Review-g274876-d2344931-Reviews-Church_of_St_George-Piran_Slovenian_Istria_Slovenian_Littoral_Region.html
Church of St. George, 31, 103, Sacred & Religious Sites, Europe & Slovenia & Slovenian Littoral Region & Slovenian Istria & Piran & Things to Do in Piran, 4.5, 45.528152, 13.568084, 521713765, 20170901, 20161101, 4.0, luca d, https://www.tripadvisor.com/Profile/lucadX2482HQ, 6af499334d29135b899826cd6bc8100e, Excellent : 274 & Very Good : 199 & Average : 34 & Poor : 4 & Terrible : 3, /Attraction_Review-g274876-d2344931-Reviews-Church_of_St_George-Piran_Slovenian_Istria_Slovenian_Littoral_Region.html
Church of St. George, 31, 103, Sacred & Religious Sites, Europe & Slovenia & Slovenian Littoral Region & Slovenian Istria & Piran & Things to Do in Piran, 4.5, 45.528152, 13.568084, 521659130, 20170901, 20170701, 5.0, DanieleUd71, https://www.tripadvisor.com/Profile/DanieleUd71, c5c0871d83d727dab7a6e538137cdc3d, Excellent : 274 & Very Good : 199 & Average : 34 & Poor : 4 & Terrible : 3, /Attraction_Review-g274876-d2344931-Reviews-Church_of_St_George-Piran_Slovenian_Istria_Slovenian_Littoral_Region.html
Church of St. George, 31, 103, Sacred & Religious Sites, Europe & Slovenia & Slovenian Littoral Region & Slovenian Istria & Piran & Things to Do in Piran, 4.5, 45.528152, 13.568084, 521656692, 20170901, 20170901, 5.0, janahlers, https://www.tripadvisor.com/Profile/janahlers, 688ab10eda5c667b9f2b199b58d789b1, Excellent : 274 & Very Good : 199 & Average : 34 & Poor : 4 & Terrible : 3, /Attraction_Review-g274876-d2344931-Reviews-Church_of_St_George-Piran_Slovenian_Istria_Slovenian_Littoral_Region.html
