review_location_name, review_current_page, review_last_page, review_location_type, review_location_breadcrumbs, review_location_rate, location_lat, location_lng, review_id, review_date, review_experience_date, review_rate, user_name, user_link, user_id, extra, parent_url
Ljubljana Old Town, 491, 1548, Neighborhoods, Europe & Slovenia & Upper Carniola Region & Ljubljana & Things to Do in Ljubljana, 4.5, 46.056934, 14.505641, 531325759, 20171001, 20161101, 4.0, ciellol, https://www.tripadvisor.com/Profile/ciellol, 63876fc088254017cf080dc7a5d3f263, Excellent : 5&&521 & Very Good : 1&&984 & Average : 199 & Poor : 24 & Terrible : 9, /Attraction_Review-g274873-d298666-Reviews-Ljubljana_Old_Town-Ljubljana_Upper_Carniola_Region.html
Ljubljana Old Town, 491, 1548, Neighborhoods, Europe & Slovenia & Upper Carniola Region & Ljubljana & Things to Do in Ljubljana, 4.5, 46.056934, 14.505641, 531314166, 20171001, 20171001, 4.0, しんどく, https://www.tripadvisor.com/Profile/Shindoku, 7c5183ac59cb5ec4b85c0bda02775883, Excellent : 5&&521 & Very Good : 1&&984 & Average : 199 & Poor : 24 & Terrible : 9, /Attraction_Review-g274873-d298666-Reviews-Ljubljana_Old_Town-Ljubljana_Upper_Carniola_Region.html
Ljubljana Old Town, 491, 1548, Neighborhoods, Europe & Slovenia & Upper Carniola Region & Ljubljana & Things to Do in Ljubljana, 4.5, 46.056934, 14.505641, 531222518, 20171001, 20170901, 4.0, rokko33, https://www.tripadvisor.com/Profile/rokko33, 7764b3fcc5add8f8bfd189132d736729, Excellent : 5&&521 & Very Good : 1&&984 & Average : 199 & Poor : 24 & Terrible : 9, /Attraction_Review-g274873-d298666-Reviews-Ljubljana_Old_Town-Ljubljana_Upper_Carniola_Region.html
Ljubljana Old Town, 491, 1548, Neighborhoods, Europe & Slovenia & Upper Carniola Region & Ljubljana & Things to Do in Ljubljana, 4.5, 46.056934, 14.505641, 531212987, 20171001, 20170801, 5.0, Paradocs, https://www.tripadvisor.com/Profile/Paradocs, e5b05ffbc07f07a1e9d129baff4ed9b2, Excellent : 5&&521 & Very Good : 1&&984 & Average : 199 & Poor : 24 & Terrible : 9, /Attraction_Review-g274873-d298666-Reviews-Ljubljana_Old_Town-Ljubljana_Upper_Carniola_Region.html
Ljubljana Old Town, 491, 1548, Neighborhoods, Europe & Slovenia & Upper Carniola Region & Ljubljana & Things to Do in Ljubljana, 4.5, 46.056934, 14.505641, 531173123, 20171001, 20171001, 5.0, Raz333, https://www.tripadvisor.com/Profile/Raz333, d88c295e642be165e3821d26277ccd4f, Excellent : 5&&521 & Very Good : 1&&984 & Average : 199 & Poor : 24 & Terrible : 9, /Attraction_Review-g274873-d298666-Reviews-Ljubljana_Old_Town-Ljubljana_Upper_Carniola_Region.html
