review_location_name, review_current_page, review_last_page, review_location_type, review_location_breadcrumbs, review_location_rate, location_lat, location_lng, review_id, review_date, review_experience_date, review_rate, user_name, user_link, user_id, extra, parent_url
Vintgar Gorge, 335, 982, Hiking Trails, Europe & Slovenia & Upper Carniola Region & Zgornje Gorje & Things to Do in Zgornje Gorje, 4.5, 46.38038, 14.0656, 511083512, 20170801, 20170801, 5.0, Joanna, https://www.tripadvisor.com/Profile/Joannar987, e54ab6fb4e6cb33f0fcba96894eed78d, Excellent : 3&&287 & Very Good : 1&&207 & Average : 285 & Poor : 82 & Terrible : 48, /Attraction_Review-g1870874-d519724-Reviews-Vintgar_Gorge-Zgornje_Gorje_Upper_Carniola_Region.html
Vintgar Gorge, 335, 982, Hiking Trails, Europe & Slovenia & Upper Carniola Region & Zgornje Gorje & Things to Do in Zgornje Gorje, 4.5, 46.38038, 14.0656, 511054684, 20170801, 20170701, 5.0, Raúl A, https://www.tripadvisor.com/Profile/205ra_la, 2e28d2af771d664c7379f474ede0337e, Excellent : 3&&287 & Very Good : 1&&207 & Average : 285 & Poor : 82 & Terrible : 48, /Attraction_Review-g1870874-d519724-Reviews-Vintgar_Gorge-Zgornje_Gorje_Upper_Carniola_Region.html
Vintgar Gorge, 335, 982, Hiking Trails, Europe & Slovenia & Upper Carniola Region & Zgornje Gorje & Things to Do in Zgornje Gorje, 4.5, 46.38038, 14.0656, 511050279, 20170801, 20170801, 3.0, Laurentvelaux, https://www.tripadvisor.com/Profile/Laurentvelaux, 9c3ff54fea45109d82f87cb7e2c0f51d, Excellent : 3&&287 & Very Good : 1&&207 & Average : 285 & Poor : 82 & Terrible : 48, /Attraction_Review-g1870874-d519724-Reviews-Vintgar_Gorge-Zgornje_Gorje_Upper_Carniola_Region.html
Vintgar Gorge, 335, 982, Hiking Trails, Europe & Slovenia & Upper Carniola Region & Zgornje Gorje & Things to Do in Zgornje Gorje, 4.5, 46.38038, 14.0656, 510951370, 20170801, 20170801, 5.0, Tsmith321, https://www.tripadvisor.com/Profile/Tsmith321, c628e2a829027b6d8a25aabe643d8c98, Excellent : 3&&287 & Very Good : 1&&207 & Average : 285 & Poor : 82 & Terrible : 48, /Attraction_Review-g1870874-d519724-Reviews-Vintgar_Gorge-Zgornje_Gorje_Upper_Carniola_Region.html
Vintgar Gorge, 335, 982, Hiking Trails, Europe & Slovenia & Upper Carniola Region & Zgornje Gorje & Things to Do in Zgornje Gorje, 4.5, 46.38038, 14.0656, 510920407, 20170801, 20170801, 5.0, lozio79, https://www.tripadvisor.com/Profile/lozio79, 00ebb2750ca088061fb5cc25d3774c79, Excellent : 3&&287 & Very Good : 1&&207 & Average : 285 & Poor : 82 & Terrible : 48, /Attraction_Review-g1870874-d519724-Reviews-Vintgar_Gorge-Zgornje_Gorje_Upper_Carniola_Region.html
