review_location_name, review_current_page, review_last_page, review_location_type, review_location_breadcrumbs, review_location_rate, location_lat, location_lng, review_id, review_date, review_experience_date, review_rate, user_name, user_link, user_id, extra, parent_url
Vinag Wine Cellar, 8, 11, Wineries & Vineyards, Europe & Slovenia & Styria Region & Maribor & Things to Do in Maribor, 4.5, 46.55863, 15.65104, 569175430, 20180301, 20180301, 4.0, tomema, https://www.tripadvisor.com/Profile/tomema, fc934e9529ae8223fda4f35c69ffd630, Excellent : 40 & Very Good : 8 & Average : 6 & Poor : 0 & Terrible : 1, /Attraction_Review-g274874-d12108360-Reviews-Vinag_Wine_Cellar-Maribor_Styria_Region.html
Vinag Wine Cellar, 8, 11, Wineries & Vineyards, Europe & Slovenia & Styria Region & Maribor & Things to Do in Maribor, 4.5, 46.55863, 15.65104, 546308271, 20171201, 20170901, 3.0, ハイライト, https://www.tripadvisor.com/Profile/Birdie0712, 93a766e3f748a6e8f80f645d613fecde, Excellent : 40 & Very Good : 8 & Average : 6 & Poor : 0 & Terrible : 1, /Attraction_Review-g274874-d12108360-Reviews-Vinag_Wine_Cellar-Maribor_Styria_Region.html
Vinag Wine Cellar, 8, 11, Wineries & Vineyards, Europe & Slovenia & Styria Region & Maribor & Things to Do in Maribor, 4.5, 46.55863, 15.65104, 533840269, 20171001, 20171001, 4.0, Marie H, https://www.tripadvisor.com/Profile/Marybee_DD, c21441c32dd01a05cb00ef9b49cbf17c, Excellent : 40 & Very Good : 8 & Average : 6 & Poor : 0 & Terrible : 1, /Attraction_Review-g274874-d12108360-Reviews-Vinag_Wine_Cellar-Maribor_Styria_Region.html
Vinag Wine Cellar, 8, 11, Wineries & Vineyards, Europe & Slovenia & Styria Region & Maribor & Things to Do in Maribor, 4.5, 46.55863, 15.65104, 533373790, 20171001, 20170801, 5.0, harmfully, https://www.tripadvisor.com/Profile/harmfully, 5591483ad1b4c5b684769d47b38b0ecb, Excellent : 40 & Very Good : 8 & Average : 6 & Poor : 0 & Terrible : 1, /Attraction_Review-g274874-d12108360-Reviews-Vinag_Wine_Cellar-Maribor_Styria_Region.html
Vinag Wine Cellar, 8, 11, Wineries & Vineyards, Europe & Slovenia & Styria Region & Maribor & Things to Do in Maribor, 4.5, 46.55863, 15.65104, 526320815, 20170901, 20170901, 5.0, Jana M, https://www.tripadvisor.com/Profile/janam596, 1336be93f414ec8d5512eff95ff8441d, Excellent : 40 & Very Good : 8 & Average : 6 & Poor : 0 & Terrible : 1, /Attraction_Review-g274874-d12108360-Reviews-Vinag_Wine_Cellar-Maribor_Styria_Region.html
