review_location_name, review_current_page, review_last_page, review_location_type, review_location_breadcrumbs, review_location_rate, location_lat, location_lng, review_id, review_date, review_experience_date, review_rate, user_name, user_link, user_id, extra, parent_url
Three Ponds, 6, 16, Parks, Europe & Slovenia & Styria Region & Maribor & Things to Do in Maribor, 4.5, 46.55863, 15.65104, 437362250, 20161101, 20160501, 5.0, Samanta T, https://www.tripadvisor.com/Profile/72samantat, 1d401e262f4ff9374edc7dee020b5efb, Excellent : 41 & Very Good : 32 & Average : 7 & Poor : 0 & Terrible : 0, /Attraction_Review-g274874-d2209648-Reviews-Three_Ponds-Maribor_Styria_Region.html
Three Ponds, 6, 16, Parks, Europe & Slovenia & Styria Region & Maribor & Things to Do in Maribor, 4.5, 46.55863, 15.65104, 435000665, 20161101, 20161101, 5.0, Sofia K, https://www.tripadvisor.com/Profile/sofiak601, e470752c2a5c94341920ebb1bf6fee5c, Excellent : 41 & Very Good : 32 & Average : 7 & Poor : 0 & Terrible : 0, /Attraction_Review-g274874-d2209648-Reviews-Three_Ponds-Maribor_Styria_Region.html
Three Ponds, 6, 16, Parks, Europe & Slovenia & Styria Region & Maribor & Things to Do in Maribor, 4.5, 46.55863, 15.65104, 418916241, 20160901, 20160801, 5.0, Sendi23, https://www.tripadvisor.com/Profile/Sendi23, 1712df7ad4c0028fecc51d98ba035d2b, Excellent : 41 & Very Good : 32 & Average : 7 & Poor : 0 & Terrible : 0, /Attraction_Review-g274874-d2209648-Reviews-Three_Ponds-Maribor_Styria_Region.html
Three Ponds, 6, 16, Parks, Europe & Slovenia & Styria Region & Maribor & Things to Do in Maribor, 4.5, 46.55863, 15.65104, 413709534, 20160901, 20160801, 4.0, Vanna6211, https://www.tripadvisor.com/Profile/Vanna6211, 11522f3d246a4e414e5412249ac90443, Excellent : 41 & Very Good : 32 & Average : 7 & Poor : 0 & Terrible : 0, /Attraction_Review-g274874-d2209648-Reviews-Three_Ponds-Maribor_Styria_Region.html
Three Ponds, 6, 16, Parks, Europe & Slovenia & Styria Region & Maribor & Things to Do in Maribor, 4.5, 46.55863, 15.65104, 406341821, 20160801, 20160801, 4.0, Robyro79, https://www.tripadvisor.com/Profile/Robyro79, cd92f09e833322972eb2c73331217dba, Excellent : 41 & Very Good : 32 & Average : 7 & Poor : 0 & Terrible : 0, /Attraction_Review-g274874-d2209648-Reviews-Three_Ponds-Maribor_Styria_Region.html
