review_location_name, review_current_page, review_last_page, review_location_type, review_location_breadcrumbs, review_location_rate, location_lat, location_lng, review_id, review_date, review_experience_date, review_rate, user_name, user_link, user_id, extra, parent_url
Butcher's Bridge, 80, 137, Bridges, Europe & Slovenia & Upper Carniola Region & Ljubljana & Things to Do in Ljubljana, 4.0, 46.056934, 14.505641, 408785145, 20160801, 20160801, 3.0, Elisabetta r, https://www.tripadvisor.com/Profile/TemakiEbiten, 256f0cb6d4b28bd2745d88148d3c6722, Excellent : 175 & Very Good : 283 & Average : 204 & Poor : 20 & Terrible : 3, /Attraction_Review-g274873-d2360134-Reviews-Butcher_s_Bridge-Ljubljana_Upper_Carniola_Region.html
Butcher's Bridge, 80, 137, Bridges, Europe & Slovenia & Upper Carniola Region & Ljubljana & Things to Do in Ljubljana, 4.0, 46.056934, 14.505641, 408246525, 20160801, 20160801, 4.0, Joel C, https://www.tripadvisor.com/Profile/665joelc, 4167f6b6109045c49abf42fff9add1bd, Excellent : 175 & Very Good : 283 & Average : 204 & Poor : 20 & Terrible : 3, /Attraction_Review-g274873-d2360134-Reviews-Butcher_s_Bridge-Ljubljana_Upper_Carniola_Region.html
Butcher's Bridge, 80, 137, Bridges, Europe & Slovenia & Upper Carniola Region & Ljubljana & Things to Do in Ljubljana, 4.0, 46.056934, 14.505641, 408042314, 20160801, 20160801, 3.0, Lee, https://www.tripadvisor.com/Profile/mrleejp, 30f46d3cf88b7465129c8719905ce9d0, Excellent : 175 & Very Good : 283 & Average : 204 & Poor : 20 & Terrible : 3, /Attraction_Review-g274873-d2360134-Reviews-Butcher_s_Bridge-Ljubljana_Upper_Carniola_Region.html
Butcher's Bridge, 80, 137, Bridges, Europe & Slovenia & Upper Carniola Region & Ljubljana & Things to Do in Ljubljana, 4.0, 46.056934, 14.505641, 407448061, 20160801, 20160801, 5.0, Tanja V, https://www.tripadvisor.com/Profile/157tanjav, ca046fefbd330e010d6e459a709b333c, Excellent : 175 & Very Good : 283 & Average : 204 & Poor : 20 & Terrible : 3, /Attraction_Review-g274873-d2360134-Reviews-Butcher_s_Bridge-Ljubljana_Upper_Carniola_Region.html
Butcher's Bridge, 80, 137, Bridges, Europe & Slovenia & Upper Carniola Region & Ljubljana & Things to Do in Ljubljana, 4.0, 46.056934, 14.505641, 407348372, 20160801, 20160801, 4.0, Giacomo G, https://www.tripadvisor.com/Profile/442giacomog, 0a04c2bad8eb1ccc3b1119df9c95b71f, Excellent : 175 & Very Good : 283 & Average : 204 & Poor : 20 & Terrible : 3, /Attraction_Review-g274873-d2360134-Reviews-Butcher_s_Bridge-Ljubljana_Upper_Carniola_Region.html
