review_location_name, review_current_page, review_last_page, review_location_type, review_location_breadcrumbs, review_location_rate, location_lat, location_lng, review_id, review_date, review_experience_date, review_rate, user_name, user_link, user_id, extra, parent_url
Tartini Square (Tartinijev trg), 223, 258, Points of Interest & Landmarks, Europe & Slovenia & Slovenian Littoral Region & Slovenian Istria & Piran & Things to Do in Piran, 4.5, 45.528152, 13.568084, 235650047, 20141001, 20140901, 5.0, Nata333, https://www.tripadvisor.com/Profile/Nata333, 7c40eb3f6bfb585c72f381881e0634db, Excellent : 708 & Very Good : 488 & Average : 85 & Poor : 3 & Terrible : 2, /Attraction_Review-g274876-d2344936-Reviews-Tartini_Square_Tartinijev_trg-Piran_Slovenian_Istria_Slovenian_Littoral_Region.html
Tartini Square (Tartinijev trg), 223, 258, Points of Interest & Landmarks, Europe & Slovenia & Slovenian Littoral Region & Slovenian Istria & Piran & Things to Do in Piran, 4.5, 45.528152, 13.568084, 235368989, 20141001, 20141001, 3.0, alohatripper, https://www.tripadvisor.com/Profile/alohatripper, 987eed1dba803ecd1fd0ea90ce068122, Excellent : 708 & Very Good : 488 & Average : 85 & Poor : 3 & Terrible : 2, /Attraction_Review-g274876-d2344936-Reviews-Tartini_Square_Tartinijev_trg-Piran_Slovenian_Istria_Slovenian_Littoral_Region.html
Tartini Square (Tartinijev trg), 223, 258, Points of Interest & Landmarks, Europe & Slovenia & Slovenian Littoral Region & Slovenian Istria & Piran & Things to Do in Piran, 4.5, 45.528152, 13.568084, 235121030, 20141001, 20140801, 4.0, Jorge B, https://www.tripadvisor.com/Profile/JORGE_BERENGUER, 13bc1e90dea4550cfb585031334b71e2, Excellent : 708 & Very Good : 488 & Average : 85 & Poor : 3 & Terrible : 2, /Attraction_Review-g274876-d2344936-Reviews-Tartini_Square_Tartinijev_trg-Piran_Slovenian_Istria_Slovenian_Littoral_Region.html
Tartini Square (Tartinijev trg), 223, 258, Points of Interest & Landmarks, Europe & Slovenia & Slovenian Littoral Region & Slovenian Istria & Piran & Things to Do in Piran, 4.5, 45.528152, 13.568084, 234575591, 20141001, 20140801, 5.0, NNM75, https://www.tripadvisor.com/Profile/NNM75, 1b9072aaf8633ac795a935700e556e1d, Excellent : 708 & Very Good : 488 & Average : 85 & Poor : 3 & Terrible : 2, /Attraction_Review-g274876-d2344936-Reviews-Tartini_Square_Tartinijev_trg-Piran_Slovenian_Istria_Slovenian_Littoral_Region.html
Tartini Square (Tartinijev trg), 223, 258, Points of Interest & Landmarks, Europe & Slovenia & Slovenian Littoral Region & Slovenian Istria & Piran & Things to Do in Piran, 4.5, 45.528152, 13.568084, 233794214, 20141001, 20140401, 5.0, Mucizfinske, https://www.tripadvisor.com/Profile/Mucizfinske, b6305fcbe10f32104cc25c9b0a7816e5, Excellent : 708 & Very Good : 488 & Average : 85 & Poor : 3 & Terrible : 2, /Attraction_Review-g274876-d2344936-Reviews-Tartini_Square_Tartinijev_trg-Piran_Slovenian_Istria_Slovenian_Littoral_Region.html
