review_location_name, review_current_page, review_last_page, review_location_type, review_location_breadcrumbs, review_location_rate, location_lat, location_lng, review_id, review_date, review_experience_date, review_rate, user_name, user_link, user_id, extra, parent_url
Preseren Square, 156, 420, Points of Interest & Landmarks, Europe & Slovenia & Upper Carniola Region & Ljubljana & Things to Do in Ljubljana, 4.5, 46.056934, 14.505641, 504192449, 20170701, 20170601, 5.0, astiskovski, https://www.tripadvisor.com/Profile/astiskovski, 08077f204e549d2f9229d9b54726d006, Excellent : 1&&088 & Very Good : 855 & Average : 147 & Poor : 8 & Terrible : 2, /Attraction_Review-g274873-d298648-Reviews-Preseren_Square-Ljubljana_Upper_Carniola_Region.html
Preseren Square, 156, 420, Points of Interest & Landmarks, Europe & Slovenia & Upper Carniola Region & Ljubljana & Things to Do in Ljubljana, 4.5, 46.056934, 14.505641, 503784455, 20170701, 20170701, 4.0, vypy, https://www.tripadvisor.com/Profile/vypy, eada99b1b63cc198887f252774ea4e3c, Excellent : 1&&088 & Very Good : 855 & Average : 147 & Poor : 8 & Terrible : 2, /Attraction_Review-g274873-d298648-Reviews-Preseren_Square-Ljubljana_Upper_Carniola_Region.html
Preseren Square, 156, 420, Points of Interest & Landmarks, Europe & Slovenia & Upper Carniola Region & Ljubljana & Things to Do in Ljubljana, 4.5, 46.056934, 14.505641, 503622043, 20170701, 20170601, 5.0, EIRINI E, https://www.tripadvisor.com/Profile/Eirini_E1212, d1e4d6794dc5d29bcb279ba3b71b094d, Excellent : 1&&088 & Very Good : 855 & Average : 147 & Poor : 8 & Terrible : 2, /Attraction_Review-g274873-d298648-Reviews-Preseren_Square-Ljubljana_Upper_Carniola_Region.html
Preseren Square, 156, 420, Points of Interest & Landmarks, Europe & Slovenia & Upper Carniola Region & Ljubljana & Things to Do in Ljubljana, 4.5, 46.056934, 14.505641, 503238330, 20170701, 20170701, 5.0, Marc M, https://www.tripadvisor.com/Profile/marcm974, 86798479a376bda069a9f9dc9face3e8, Excellent : 1&&088 & Very Good : 855 & Average : 147 & Poor : 8 & Terrible : 2, /Attraction_Review-g274873-d298648-Reviews-Preseren_Square-Ljubljana_Upper_Carniola_Region.html
Preseren Square, 156, 420, Points of Interest & Landmarks, Europe & Slovenia & Upper Carniola Region & Ljubljana & Things to Do in Ljubljana, 4.5, 46.056934, 14.505641, 503213211, 20170701, 20170701, 5.0, keltickitten, https://www.tripadvisor.com/Profile/keltickitten, 4f1c901ecbb4a8c0aa3c8aa792532565, Excellent : 1&&088 & Very Good : 855 & Average : 147 & Poor : 8 & Terrible : 2, /Attraction_Review-g274873-d298648-Reviews-Preseren_Square-Ljubljana_Upper_Carniola_Region.html
