review_location_name, review_current_page, review_last_page, review_location_type, review_location_breadcrumbs, review_location_rate, location_lat, location_lng, review_id, review_date, review_experience_date, review_rate, user_name, user_link, user_id, extra, parent_url
The Ljubljana Castle, 750, 1617, Points of Interest & Landmarks & Castles, Europe & Slovenia & Upper Carniola Region & Ljubljana & Things to Do in Ljubljana, 4.0, 46.056934, 14.505641, 463570247, 20170201, 20170101, 4.0, virpy, https://www.tripadvisor.com/Profile/vir_parra, e6593cce3017998d43255d0833ee7aae, Excellent : 2&&692 & Very Good : 3&&089 & Average : 1&&712 & Poor : 436 & Terrible : 155, /Attraction_Review-g274873-d6924839-Reviews-The_Ljubljana_Castle-Ljubljana_Upper_Carniola_Region.html
The Ljubljana Castle, 750, 1617, Points of Interest & Landmarks & Castles, Europe & Slovenia & Upper Carniola Region & Ljubljana & Things to Do in Ljubljana, 4.0, 46.056934, 14.505641, 463559553, 20170201, 20170201, 5.0, IgorMarkovic, https://www.tripadvisor.com/Profile/IgorMarkovic, 852512918a7f8391efc215e5786dd7f0, Excellent : 2&&692 & Very Good : 3&&089 & Average : 1&&712 & Poor : 436 & Terrible : 155, /Attraction_Review-g274873-d6924839-Reviews-The_Ljubljana_Castle-Ljubljana_Upper_Carniola_Region.html
The Ljubljana Castle, 750, 1617, Points of Interest & Landmarks & Castles, Europe & Slovenia & Upper Carniola Region & Ljubljana & Things to Do in Ljubljana, 4.0, 46.056934, 14.505641, 463436456, 20170201, 20170201, 4.0, Eric C, https://www.tripadvisor.com/Profile/ericcN730NM, 36136af8f81407bb2e5f5a0673bfa9fe, Excellent : 2&&692 & Very Good : 3&&089 & Average : 1&&712 & Poor : 436 & Terrible : 155, /Attraction_Review-g274873-d6924839-Reviews-The_Ljubljana_Castle-Ljubljana_Upper_Carniola_Region.html
The Ljubljana Castle, 750, 1617, Points of Interest & Landmarks & Castles, Europe & Slovenia & Upper Carniola Region & Ljubljana & Things to Do in Ljubljana, 4.0, 46.056934, 14.505641, 463245995, 20170201, 20170201, 5.0, Nadia T, https://www.tripadvisor.com/Profile/NadiaT772, 58a4ace504c9294fef41fe2dd39a527b, Excellent : 2&&692 & Very Good : 3&&089 & Average : 1&&712 & Poor : 436 & Terrible : 155, /Attraction_Review-g274873-d6924839-Reviews-The_Ljubljana_Castle-Ljubljana_Upper_Carniola_Region.html
The Ljubljana Castle, 750, 1617, Points of Interest & Landmarks & Castles, Europe & Slovenia & Upper Carniola Region & Ljubljana & Things to Do in Ljubljana, 4.0, 46.056934, 14.505641, 463118253, 20170201, 20170201, 5.0, Didier FARSY, https://www.tripadvisor.com/Profile/didierfarsy, 2b8757e65931ff839af46ad4c6bfe28a, Excellent : 2&&692 & Very Good : 3&&089 & Average : 1&&712 & Poor : 436 & Terrible : 155, /Attraction_Review-g274873-d6924839-Reviews-The_Ljubljana_Castle-Ljubljana_Upper_Carniola_Region.html
