review_location_name, review_current_page, review_last_page, review_location_type, review_location_breadcrumbs, review_location_rate, location_lat, location_lng, review_id, review_date, review_experience_date, review_rate, user_name, user_link, user_id, extra, parent_url
Main Square of Maribor, 5, 6, Points of Interest & Landmarks, Europe & Slovenia & Styria Region & Maribor & Things to Do in Maribor, 4.0, 46.55863, 15.65104, 606818722, 20180801, 20180701, 4.0, Niki L, https://www.tripadvisor.com/Profile/NikiL351, 185dd61f8e89b79927645e18116f556f, Excellent : 5 & Very Good : 17 & Average : 6 & Poor : 0 & Terrible : 0, /Attraction_Review-g274874-d12546378-Reviews-Main_Square_of_Maribor-Maribor_Styria_Region.html
Main Square of Maribor, 5, 6, Points of Interest & Landmarks, Europe & Slovenia & Styria Region & Maribor & Things to Do in Maribor, 4.0, 46.55863, 15.65104, 606465820, 20180801, 20180801, 5.0, Bopal84, https://www.tripadvisor.com/Profile/Bopal84, 81d87424d3d27fb6a5921e92e4d3f003, Excellent : 5 & Very Good : 17 & Average : 6 & Poor : 0 & Terrible : 0, /Attraction_Review-g274874-d12546378-Reviews-Main_Square_of_Maribor-Maribor_Styria_Region.html
Main Square of Maribor, 5, 6, Points of Interest & Landmarks, Europe & Slovenia & Styria Region & Maribor & Things to Do in Maribor, 4.0, 46.55863, 15.65104, 603390965, 20180801, 20180801, 4.0, Petra1401, https://www.tripadvisor.com/Profile/Petra1401, d4d7228ff0995dc42bd5266a6abd1c6f, Excellent : 5 & Very Good : 17 & Average : 6 & Poor : 0 & Terrible : 0, /Attraction_Review-g274874-d12546378-Reviews-Main_Square_of_Maribor-Maribor_Styria_Region.html
Main Square of Maribor, 5, 6, Points of Interest & Landmarks, Europe & Slovenia & Styria Region & Maribor & Things to Do in Maribor, 4.0, 46.55863, 15.65104, 600947381, 20180701, 20180701, 4.0, SGL, https://www.tripadvisor.com/Profile/saptog, 050df6ceffd857dba86ac818482da84f, Excellent : 5 & Very Good : 17 & Average : 6 & Poor : 0 & Terrible : 0, /Attraction_Review-g274874-d12546378-Reviews-Main_Square_of_Maribor-Maribor_Styria_Region.html
Main Square of Maribor, 5, 6, Points of Interest & Landmarks, Europe & Slovenia & Styria Region & Maribor & Things to Do in Maribor, 4.0, 46.55863, 15.65104, 595072745, 20180701, 20180601, 3.0, Fuzzyswim, https://www.tripadvisor.com/Profile/Fuzzyswim, e1dbcd6556305d6ee4f5ef2c9360e8bf, Excellent : 5 & Very Good : 17 & Average : 6 & Poor : 0 & Terrible : 0, /Attraction_Review-g274874-d12546378-Reviews-Main_Square_of_Maribor-Maribor_Styria_Region.html
