review_location_name, review_current_page, review_last_page, review_location_type, review_location_breadcrumbs, review_location_rate, location_lat, location_lng, review_id, review_date, review_experience_date, review_rate, user_name, user_link, user_id, extra, parent_url
The Ljubljana Castle, 925, 1617, Points of Interest & Landmarks & Castles, Europe & Slovenia & Upper Carniola Region & Ljubljana & Things to Do in Ljubljana, 4.0, 46.056934, 14.505641, 408241998, 20160801, 20160801, 2.0, mmvilar, https://www.tripadvisor.com/Profile/mmvilar, af6cdd2f47f77ad65b6b318d66acf429, Excellent : 2&&692 & Very Good : 3&&089 & Average : 1&&712 & Poor : 436 & Terrible : 155, /Attraction_Review-g274873-d6924839-Reviews-The_Ljubljana_Castle-Ljubljana_Upper_Carniola_Region.html
The Ljubljana Castle, 925, 1617, Points of Interest & Landmarks & Castles, Europe & Slovenia & Upper Carniola Region & Ljubljana & Things to Do in Ljubljana, 4.0, 46.056934, 14.505641, 408217014, 20160801, 20160801, 4.0, LillaFriuli, https://www.tripadvisor.com/Profile/LillaFriuli, f0e71d5bb2e3080d741165412a6dcd42, Excellent : 2&&692 & Very Good : 3&&089 & Average : 1&&712 & Poor : 436 & Terrible : 155, /Attraction_Review-g274873-d6924839-Reviews-The_Ljubljana_Castle-Ljubljana_Upper_Carniola_Region.html
The Ljubljana Castle, 925, 1617, Points of Interest & Landmarks & Castles, Europe & Slovenia & Upper Carniola Region & Ljubljana & Things to Do in Ljubljana, 4.0, 46.056934, 14.505641, 408186882, 20160801, 20160801, 1.0, Bechara C, https://www.tripadvisor.com/Profile/becharac, e2f12744338e6e8f62d1881b7b402174, Excellent : 2&&692 & Very Good : 3&&089 & Average : 1&&712 & Poor : 436 & Terrible : 155, /Attraction_Review-g274873-d6924839-Reviews-The_Ljubljana_Castle-Ljubljana_Upper_Carniola_Region.html
The Ljubljana Castle, 925, 1617, Points of Interest & Landmarks & Castles, Europe & Slovenia & Upper Carniola Region & Ljubljana & Things to Do in Ljubljana, 4.0, 46.056934, 14.505641, 408145891, 20160801, 20160801, 3.0, la_bluemaggie, https://www.tripadvisor.com/Profile/la_bluemaggie, 7e989af92c59e39f97920d12bc7935d1, Excellent : 2&&692 & Very Good : 3&&089 & Average : 1&&712 & Poor : 436 & Terrible : 155, /Attraction_Review-g274873-d6924839-Reviews-The_Ljubljana_Castle-Ljubljana_Upper_Carniola_Region.html
The Ljubljana Castle, 925, 1617, Points of Interest & Landmarks & Castles, Europe & Slovenia & Upper Carniola Region & Ljubljana & Things to Do in Ljubljana, 4.0, 46.056934, 14.505641, 408128043, 20160801, 20160801, 5.0, James M, https://www.tripadvisor.com/Profile/jamesmashiri, ff0381fbb94d075051c56880458f7d18, Excellent : 2&&692 & Very Good : 3&&089 & Average : 1&&712 & Poor : 436 & Terrible : 155, /Attraction_Review-g274873-d6924839-Reviews-The_Ljubljana_Castle-Ljubljana_Upper_Carniola_Region.html
