review_location_name, review_current_page, review_last_page, review_location_type, review_location_breadcrumbs, review_location_rate, location_lat, location_lng, review_id, review_date, review_experience_date, review_rate, user_name, user_link, user_id, extra, parent_url
Krstilnica sv.Janeza Krstnika, 2, 3, Sacred & Religious Sites & Churches & Cathedrals, Europe & Slovenia & Slovenian Littoral Region & Slovenian Istria & Piran & Things to Do in Piran, 4.0, 45.528152, 13.568084, 622354754, 20181001, 20181001, 4.0, izif_37, https://www.tripadvisor.com/Profile/izif_37, 151abe40a38d811c5ceb9006e11af074, Excellent : 3 & Very Good : 6 & Average : 5 & Poor : 0 & Terrible : 0, /Attraction_Review-g274876-d12680345-Reviews-Krstilnica_sv_Janeza_Krstnika-Piran_Slovenian_Istria_Slovenian_Littoral_Region.html
Krstilnica sv.Janeza Krstnika, 2, 3, Sacred & Religious Sites & Churches & Cathedrals, Europe & Slovenia & Slovenian Littoral Region & Slovenian Istria & Piran & Things to Do in Piran, 4.0, 45.528152, 13.568084, 609305056, 20180801, 20180701, 5.0, falala, https://www.tripadvisor.com/Profile/fari514, a68fad5067a3a959ccf8c272b91929fc, Excellent : 3 & Very Good : 6 & Average : 5 & Poor : 0 & Terrible : 0, /Attraction_Review-g274876-d12680345-Reviews-Krstilnica_sv_Janeza_Krstnika-Piran_Slovenian_Istria_Slovenian_Littoral_Region.html
Krstilnica sv.Janeza Krstnika, 2, 3, Sacred & Religious Sites & Churches & Cathedrals, Europe & Slovenia & Slovenian Littoral Region & Slovenian Istria & Piran & Things to Do in Piran, 4.0, 45.528152, 13.568084, 603905792, 20180801, 20180701, 3.0, Attivol, https://www.tripadvisor.com/Profile/Attivol, 7b45e6fa9ea4f023a86b7f29c85c07c4, Excellent : 3 & Very Good : 6 & Average : 5 & Poor : 0 & Terrible : 0, /Attraction_Review-g274876-d12680345-Reviews-Krstilnica_sv_Janeza_Krstnika-Piran_Slovenian_Istria_Slovenian_Littoral_Region.html
Krstilnica sv.Janeza Krstnika, 2, 3, Sacred & Religious Sites & Churches & Cathedrals, Europe & Slovenia & Slovenian Littoral Region & Slovenian Istria & Piran & Things to Do in Piran, 4.0, 45.528152, 13.568084, 602171896, 20180801, 20180601, 5.0, SloZlo, https://www.tripadvisor.com/Profile/SloZlo, 055cb58b242004e358ac23249e641b6e, Excellent : 3 & Very Good : 6 & Average : 5 & Poor : 0 & Terrible : 0, /Attraction_Review-g274876-d12680345-Reviews-Krstilnica_sv_Janeza_Krstnika-Piran_Slovenian_Istria_Slovenian_Littoral_Region.html
Krstilnica sv.Janeza Krstnika, 2, 3, Sacred & Religious Sites & Churches & Cathedrals, Europe & Slovenia & Slovenian Littoral Region & Slovenian Istria & Piran & Things to Do in Piran, 4.0, 45.528152, 13.568084, 574279573, 20180401, 20170601, 3.0, ashuach, https://www.tripadvisor.com/Profile/ashuach, 3612780e287a997f55c45161e0797ec4, Excellent : 3 & Very Good : 6 & Average : 5 & Poor : 0 & Terrible : 0, /Attraction_Review-g274876-d12680345-Reviews-Krstilnica_sv_Janeza_Krstnika-Piran_Slovenian_Istria_Slovenian_Littoral_Region.html
