review_location_name, review_current_page, review_last_page, review_location_type, review_location_breadcrumbs, review_location_rate, location_lat, location_lng, review_id, review_date, review_experience_date, review_rate, user_name, user_link, user_id, extra, parent_url
Koper Cathedral and Bell Tower, 24, 72, Churches & Cathedrals, Europe & Slovenia & Slovenian Littoral Region & Slovenian Istria & Koper & Things to Do in Koper, 4.0, 45.53975, 13.73332, 495342327, 20170601, 20170601, 4.0, Giuseppe C, https://www.tripadvisor.com/Profile/giuseppecA8701ZJ, f1ce21e6e7916bef85a9714e628e6843, Excellent : 136 & Very Good : 168 & Average : 47 & Poor : 5 & Terrible : 1, /Attraction_Review-g312722-d2345282-Reviews-Koper_Cathedral_and_Bell_Tower-Koper_Slovenian_Istria_Slovenian_Littoral_Region.html
Koper Cathedral and Bell Tower, 24, 72, Churches & Cathedrals, Europe & Slovenia & Slovenian Littoral Region & Slovenian Istria & Koper & Things to Do in Koper, 4.0, 45.53975, 13.73332, 490157092, 20170601, 20170601, 5.0, Katja S, https://www.tripadvisor.com/Profile/879katjas, 5293ba049d968fdfea6e7f73b05eb278, Excellent : 136 & Very Good : 168 & Average : 47 & Poor : 5 & Terrible : 1, /Attraction_Review-g312722-d2345282-Reviews-Koper_Cathedral_and_Bell_Tower-Koper_Slovenian_Istria_Slovenian_Littoral_Region.html
Koper Cathedral and Bell Tower, 24, 72, Churches & Cathedrals, Europe & Slovenia & Slovenian Littoral Region & Slovenian Istria & Koper & Things to Do in Koper, 4.0, 45.53975, 13.73332, 488261470, 20170501, 20170501, 5.0, Sasa M, https://www.tripadvisor.com/Profile/sasha_miladinovic, c8ecdd07b623b00ea5f11a3c3c8e2a2b, Excellent : 136 & Very Good : 168 & Average : 47 & Poor : 5 & Terrible : 1, /Attraction_Review-g312722-d2345282-Reviews-Koper_Cathedral_and_Bell_Tower-Koper_Slovenian_Istria_Slovenian_Littoral_Region.html
Koper Cathedral and Bell Tower, 24, 72, Churches & Cathedrals, Europe & Slovenia & Slovenian Littoral Region & Slovenian Istria & Koper & Things to Do in Koper, 4.0, 45.53975, 13.73332, 487110057, 20170501, 20170501, 5.0, Ian K, https://www.tripadvisor.com/Profile/616iank, af255100f9af2b48dd08c37f76f569bf, Excellent : 136 & Very Good : 168 & Average : 47 & Poor : 5 & Terrible : 1, /Attraction_Review-g312722-d2345282-Reviews-Koper_Cathedral_and_Bell_Tower-Koper_Slovenian_Istria_Slovenian_Littoral_Region.html
Koper Cathedral and Bell Tower, 24, 72, Churches & Cathedrals, Europe & Slovenia & Slovenian Littoral Region & Slovenian Istria & Koper & Things to Do in Koper, 4.0, 45.53975, 13.73332, 485724422, 20170501, 20170501, 4.0, ulten s, https://www.tripadvisor.com/Profile/ulten-staller, 2a2f01abe19dc4d0d572a40481fc76cf, Excellent : 136 & Very Good : 168 & Average : 47 & Poor : 5 & Terrible : 1, /Attraction_Review-g312722-d2345282-Reviews-Koper_Cathedral_and_Bell_Tower-Koper_Slovenian_Istria_Slovenian_Littoral_Region.html
