review_location_name, review_current_page, review_last_page, review_location_type, review_location_breadcrumbs, review_location_rate, location_lat, location_lng, review_id, review_date, review_experience_date, review_rate, user_name, user_link, user_id, extra, parent_url
Vrsic Pass - Julian Alps, 13, 72, Nature & Wildlife Areas, Europe & Slovenia & Upper Carniola Region & Kranjska Gora & Things to Do in Kranjska Gora, 4.5, 46.48661, 13.78967, 685380430, 20190601, 20190601, 5.0, kim buay p, https://www.tripadvisor.com/Profile/Kim025Singapore, 4d41ff29cf5869b6e17237c5241f1928, Excellent : 264 & Very Good : 83 & Average : 10 & Poor : 2 & Terrible : 1, /Attraction_Review-g274870-d3630674-Reviews-Vrsic_Pass_Julian_Alps-Kranjska_Gora_Upper_Carniola_Region.html
Vrsic Pass - Julian Alps, 13, 72, Nature & Wildlife Areas, Europe & Slovenia & Upper Carniola Region & Kranjska Gora & Things to Do in Kranjska Gora, 4.5, 46.48661, 13.78967, 682933049, 20190601, 20190601, 5.0, RetiredBritz, https://www.tripadvisor.com/Profile/RetiredBritz, c6bd5f1a3f81b9f116b61fd6b55e18a4, Excellent : 264 & Very Good : 83 & Average : 10 & Poor : 2 & Terrible : 1, /Attraction_Review-g274870-d3630674-Reviews-Vrsic_Pass_Julian_Alps-Kranjska_Gora_Upper_Carniola_Region.html
Vrsic Pass - Julian Alps, 13, 72, Nature & Wildlife Areas, Europe & Slovenia & Upper Carniola Region & Kranjska Gora & Things to Do in Kranjska Gora, 4.5, 46.48661, 13.78967, 682098922, 20190601, 20190601, 5.0, Die Zwei, https://www.tripadvisor.com/Profile/Rennradler, fc8a13e603f79b43753f456cd7e5ea4d, Excellent : 264 & Very Good : 83 & Average : 10 & Poor : 2 & Terrible : 1, /Attraction_Review-g274870-d3630674-Reviews-Vrsic_Pass_Julian_Alps-Kranjska_Gora_Upper_Carniola_Region.html
Vrsic Pass - Julian Alps, 13, 72, Nature & Wildlife Areas, Europe & Slovenia & Upper Carniola Region & Kranjska Gora & Things to Do in Kranjska Gora, 4.5, 46.48661, 13.78967, 681651060, 20190601, 20190601, 5.0, Gndlf, https://www.tripadvisor.com/Profile/Gndlf, 835bfc85464deeafcd5b434764c7218d, Excellent : 264 & Very Good : 83 & Average : 10 & Poor : 2 & Terrible : 1, /Attraction_Review-g274870-d3630674-Reviews-Vrsic_Pass_Julian_Alps-Kranjska_Gora_Upper_Carniola_Region.html
Vrsic Pass - Julian Alps, 13, 72, Nature & Wildlife Areas, Europe & Slovenia & Upper Carniola Region & Kranjska Gora & Things to Do in Kranjska Gora, 4.5, 46.48661, 13.78967, 681267367, 20190601, 20190601, 5.0, T-SGlobetrotters, https://www.tripadvisor.com/Profile/T-SGlobetrotters, a35c6914c7a4d0532eed48f5dbb33b3e, Excellent : 264 & Very Good : 83 & Average : 10 & Poor : 2 & Terrible : 1, /Attraction_Review-g274870-d3630674-Reviews-Vrsic_Pass_Julian_Alps-Kranjska_Gora_Upper_Carniola_Region.html
