review_location_name, review_current_page, review_last_page, review_location_type, review_location_breadcrumbs, review_location_rate, location_lat, location_lng, review_id, review_date, review_experience_date, review_rate, user_name, user_link, user_id, extra, parent_url
Predjama Castle, 723, 724, Castles, Europe & Slovenia & Inner Carniola Region & Postojna & Things to Do in Postojna, 4.5, 45.77471, 14.21301, 112193956, 20110601, 20100801, 4.0, rotemoni, https://www.tripadvisor.com/Profile/rotemoni, cfd3362544eb19fd48e71143a7cf8073, Excellent : 2&&386 & Very Good : 1&&001 & Average : 197 & Poor : 25 & Terrible : 11, /Attraction_Review-g274878-d277346-Reviews-Predjama_Castle-Postojna_Inner_Carniola_Region.html
Predjama Castle, 723, 724, Castles, Europe & Slovenia & Inner Carniola Region & Postojna & Things to Do in Postojna, 4.5, 45.77471, 14.21301, 110701377, 20110501, 20080701, 4.0, あちゃちゃん, https://www.tripadvisor.com/Profile/Inspire803302, 0d9b897b56169c7a3a1e82891c330641, Excellent : 2&&386 & Very Good : 1&&001 & Average : 197 & Poor : 25 & Terrible : 11, /Attraction_Review-g274878-d277346-Reviews-Predjama_Castle-Postojna_Inner_Carniola_Region.html
Predjama Castle, 723, 724, Castles, Europe & Slovenia & Inner Carniola Region & Postojna & Things to Do in Postojna, 4.5, 45.77471, 14.21301, 109766101, 20110501, 20100701, 5.0, Liked_it_or_not, https://www.tripadvisor.com/Profile/Liked_it_or_not, 11dec519711234f79f7ce2a6c5463eb1, Excellent : 2&&386 & Very Good : 1&&001 & Average : 197 & Poor : 25 & Terrible : 11, /Attraction_Review-g274878-d277346-Reviews-Predjama_Castle-Postojna_Inner_Carniola_Region.html
Predjama Castle, 723, 724, Castles, Europe & Slovenia & Inner Carniola Region & Postojna & Things to Do in Postojna, 4.5, 45.77471, 14.21301, 91496048, 20110101, 20110101, 5.0, Silvia S, https://www.tripadvisor.com/Profile/SilviaSignoretti, e549e669bcd2e0a7d0a3ebf7eb8778a2, Excellent : 2&&386 & Very Good : 1&&001 & Average : 197 & Poor : 25 & Terrible : 11, /Attraction_Review-g274878-d277346-Reviews-Predjama_Castle-Postojna_Inner_Carniola_Region.html
Predjama Castle, 723, 724, Castles, Europe & Slovenia & Inner Carniola Region & Postojna & Things to Do in Postojna, 4.5, 45.77471, 14.21301, 90978652, 20101201, 20101201, 4.0, GTO横浜, https://www.tripadvisor.com/Profile/Resort803065, aff13fe2eaa7e1a644b9fb26559bbbcf, Excellent : 2&&386 & Very Good : 1&&001 & Average : 197 & Poor : 25 & Terrible : 11, /Attraction_Review-g274878-d277346-Reviews-Predjama_Castle-Postojna_Inner_Carniola_Region.html
