review_location_name, review_current_page, review_last_page, review_location_type, review_location_breadcrumbs, review_location_rate, location_lat, location_lng, review_id, review_date, review_experience_date, review_rate, user_name, user_link, user_id, extra, parent_url
Preseren Square, 203, 420, Points of Interest & Landmarks, Europe & Slovenia & Upper Carniola Region & Ljubljana & Things to Do in Ljubljana, 4.5, 46.056934, 14.505641, 438781314, 20161101, 20160101, 4.0, LazyJun, https://www.tripadvisor.com/Profile/LazyJun, 3cf0aa8f9d907996a72e9e3c9365cd7f, Excellent : 1&&088 & Very Good : 855 & Average : 147 & Poor : 8 & Terrible : 2, /Attraction_Review-g274873-d298648-Reviews-Preseren_Square-Ljubljana_Upper_Carniola_Region.html
Preseren Square, 203, 420, Points of Interest & Landmarks, Europe & Slovenia & Upper Carniola Region & Ljubljana & Things to Do in Ljubljana, 4.5, 46.056934, 14.505641, 438666410, 20161101, 20160601, 5.0, The Wandering Reviewer, https://www.tripadvisor.com/Profile/urbandrifter, 4a6f7f368da516464116243a206a289b, Excellent : 1&&088 & Very Good : 855 & Average : 147 & Poor : 8 & Terrible : 2, /Attraction_Review-g274873-d298648-Reviews-Preseren_Square-Ljubljana_Upper_Carniola_Region.html
Preseren Square, 203, 420, Points of Interest & Landmarks, Europe & Slovenia & Upper Carniola Region & Ljubljana & Things to Do in Ljubljana, 4.5, 46.056934, 14.505641, 438666096, 20161101, 20161101, 4.0, Taty1602, https://www.tripadvisor.com/Profile/Taty1602, aa65afe66a4f117f72e8f3a16897b884, Excellent : 1&&088 & Very Good : 855 & Average : 147 & Poor : 8 & Terrible : 2, /Attraction_Review-g274873-d298648-Reviews-Preseren_Square-Ljubljana_Upper_Carniola_Region.html
Preseren Square, 203, 420, Points of Interest & Landmarks, Europe & Slovenia & Upper Carniola Region & Ljubljana & Things to Do in Ljubljana, 4.5, 46.056934, 14.505641, 438400491, 20161101, 20160801, 4.0, CJT10, https://www.tripadvisor.com/Profile/CJT10, 9f21571cbcdbfafdd5aa5fe4da09c1ca, Excellent : 1&&088 & Very Good : 855 & Average : 147 & Poor : 8 & Terrible : 2, /Attraction_Review-g274873-d298648-Reviews-Preseren_Square-Ljubljana_Upper_Carniola_Region.html
Preseren Square, 203, 420, Points of Interest & Landmarks, Europe & Slovenia & Upper Carniola Region & Ljubljana & Things to Do in Ljubljana, 4.5, 46.056934, 14.505641, 438259772, 20161101, 20160701, 4.0, Kharlosluz, https://www.tripadvisor.com/Profile/Kharlosluz, ae7911d004a501f1da49d591a24ad15e, Excellent : 1&&088 & Very Good : 855 & Average : 147 & Poor : 8 & Terrible : 2, /Attraction_Review-g274873-d298648-Reviews-Preseren_Square-Ljubljana_Upper_Carniola_Region.html
