review_location_name, review_current_page, review_last_page, review_location_type, review_location_breadcrumbs, review_location_rate, location_lat, location_lng, review_id, review_date, review_experience_date, review_rate, user_name, user_link, user_id, extra, parent_url
Union Experience, 31, 119, Breweries, Europe & Slovenia & Upper Carniola Region & Ljubljana & Things to Do in Ljubljana, 4.5, 46.056934, 14.505641, 699031863, 20190801, 20190801, 5.0, Štěpán C, https://www.tripadvisor.com/Profile/477_t_p_nc, f73de5b390778019e0a526a2ad79d37e, Excellent : 468 & Very Good : 96 & Average : 20 & Poor : 8 & Terrible : 3, /Attraction_Review-g274873-d4781680-Reviews-Union_Experience-Ljubljana_Upper_Carniola_Region.html
Union Experience, 31, 119, Breweries, Europe & Slovenia & Upper Carniola Region & Ljubljana & Things to Do in Ljubljana, 4.5, 46.056934, 14.505641, 698805251, 20190801, 20190801, 4.0, Malapianta, https://www.tripadvisor.com/Profile/Malapianta, 61498420fd62dc031afc6fefbcbf9363, Excellent : 468 & Very Good : 96 & Average : 20 & Poor : 8 & Terrible : 3, /Attraction_Review-g274873-d4781680-Reviews-Union_Experience-Ljubljana_Upper_Carniola_Region.html
Union Experience, 31, 119, Breweries, Europe & Slovenia & Upper Carniola Region & Ljubljana & Things to Do in Ljubljana, 4.5, 46.056934, 14.505641, 698616600, 20190801, 20190801, 5.0, Priweha, https://www.tripadvisor.com/Profile/Priweha, 466dcd249f5af1375d0a1c174c2abedd, Excellent : 468 & Very Good : 96 & Average : 20 & Poor : 8 & Terrible : 3, /Attraction_Review-g274873-d4781680-Reviews-Union_Experience-Ljubljana_Upper_Carniola_Region.html
Union Experience, 31, 119, Breweries, Europe & Slovenia & Upper Carniola Region & Ljubljana & Things to Do in Ljubljana, 4.5, 46.056934, 14.505641, 698426178, 20190801, 20190801, 5.0, klemen r, https://www.tripadvisor.com/Profile/krant123, 2fdc1e68d509a60bd4364308ab416068, Excellent : 468 & Very Good : 96 & Average : 20 & Poor : 8 & Terrible : 3, /Attraction_Review-g274873-d4781680-Reviews-Union_Experience-Ljubljana_Upper_Carniola_Region.html
Union Experience, 31, 119, Breweries, Europe & Slovenia & Upper Carniola Region & Ljubljana & Things to Do in Ljubljana, 4.5, 46.056934, 14.505641, 698377565, 20190801, 20190801, 5.0, Clare H, https://www.tripadvisor.com/Profile/clarehB4345CS, ec9d663b69a6c4c5afbce33a04e3d462, Excellent : 468 & Very Good : 96 & Average : 20 & Poor : 8 & Terrible : 3, /Attraction_Review-g274873-d4781680-Reviews-Union_Experience-Ljubljana_Upper_Carniola_Region.html
