review_location_name, review_current_page, review_last_page, review_location_type, review_location_breadcrumbs, review_location_rate, location_lat, location_lng, review_id, review_date, review_experience_date, review_rate, user_name, user_link, user_id, extra, parent_url
Glavni Trg, 11, 31, Historic Sites & Neighborhoods, Europe & Slovenia & Styria Region & Maribor & Things to Do in Maribor, 4.0, 46.55863, 15.65104, 539767010, 20171101, 20171101, 4.0, Nadim H, https://www.tripadvisor.com/Profile/NadimHalabi, 610999578bfa89fead70ec181237ee8d, Excellent : 52 & Very Good : 67 & Average : 30 & Poor : 6 & Terrible : 0, /Attraction_Review-g274874-d523483-Reviews-Glavni_Trg-Maribor_Styria_Region.html
Glavni Trg, 11, 31, Historic Sites & Neighborhoods, Europe & Slovenia & Styria Region & Maribor & Things to Do in Maribor, 4.0, 46.55863, 15.65104, 533036340, 20171001, 20171001, 4.0, Igor158, https://www.tripadvisor.com/Profile/Igor158, 5eb92771564a7fd2e161a5ef39cbe0f3, Excellent : 52 & Very Good : 67 & Average : 30 & Poor : 6 & Terrible : 0, /Attraction_Review-g274874-d523483-Reviews-Glavni_Trg-Maribor_Styria_Region.html
Glavni Trg, 11, 31, Historic Sites & Neighborhoods, Europe & Slovenia & Styria Region & Maribor & Things to Do in Maribor, 4.0, 46.55863, 15.65104, 531424949, 20171001, 20171001, 5.0, peterver2016, https://www.tripadvisor.com/Profile/peterver2016, 28b9f865708135e3ef407d0800303e53, Excellent : 52 & Very Good : 67 & Average : 30 & Poor : 6 & Terrible : 0, /Attraction_Review-g274874-d523483-Reviews-Glavni_Trg-Maribor_Styria_Region.html
Glavni Trg, 11, 31, Historic Sites & Neighborhoods, Europe & Slovenia & Styria Region & Maribor & Things to Do in Maribor, 4.0, 46.55863, 15.65104, 529026140, 20171001, 20170901, 4.0, evantslot, https://www.tripadvisor.com/Profile/evantslot, df8a7c97da2327241bc027e6555bf8d5, Excellent : 52 & Very Good : 67 & Average : 30 & Poor : 6 & Terrible : 0, /Attraction_Review-g274874-d523483-Reviews-Glavni_Trg-Maribor_Styria_Region.html
Glavni Trg, 11, 31, Historic Sites & Neighborhoods, Europe & Slovenia & Styria Region & Maribor & Things to Do in Maribor, 4.0, 46.55863, 15.65104, 526593997, 20170901, 20170901, 4.0, Carolina G, https://www.tripadvisor.com/Profile/523carolinag, c787233210c1b74110f6b208ad7ddf50, Excellent : 52 & Very Good : 67 & Average : 30 & Poor : 6 & Terrible : 0, /Attraction_Review-g274874-d523483-Reviews-Glavni_Trg-Maribor_Styria_Region.html
