review_location_name, review_current_page, review_last_page, review_location_type, review_location_breadcrumbs, review_location_rate, location_lat, location_lng, review_id, review_date, review_experience_date, review_rate, user_name, user_link, user_id, extra, parent_url
Secovlje Salina Nature Park, 21, 57, Nature & Wildlife Areas & Parks, Europe & Slovenia & Slovenian Littoral Region & Seca & Things to Do in Seca, 4.0, 45.495365, 13.6122, 482248355, 20170501, 20170501, 5.0, BEA B, https://www.tripadvisor.com/Profile/BEAB589, 8a93b2efa955ae3a07091788959f4b89, Excellent : 84 & Very Good : 122 & Average : 46 & Poor : 18 & Terrible : 12, /Attraction_Review-g15363909-d12590845-Reviews-Secovlje_Salina_Nature_Park-Seca_Slovenian_Littoral_Region.html
Secovlje Salina Nature Park, 21, 57, Nature & Wildlife Areas & Parks, Europe & Slovenia & Slovenian Littoral Region & Seca & Things to Do in Seca, 4.0, 45.495365, 13.6122, 481323358, 20170501, 20170301, 4.0, Arlucia, https://www.tripadvisor.com/Profile/Arlucia, 8f5baf1627e06d11767af1794cfae1fa, Excellent : 84 & Very Good : 122 & Average : 46 & Poor : 18 & Terrible : 12, /Attraction_Review-g15363909-d12590845-Reviews-Secovlje_Salina_Nature_Park-Seca_Slovenian_Littoral_Region.html
Secovlje Salina Nature Park, 21, 57, Nature & Wildlife Areas & Parks, Europe & Slovenia & Slovenian Littoral Region & Seca & Things to Do in Seca, 4.0, 45.495365, 13.6122, 476695947, 20170401, 20170401, 3.0, Plinko71, https://www.tripadvisor.com/Profile/Plinko71, f4fb3af0c11f2c8f75747bee5005e939, Excellent : 84 & Very Good : 122 & Average : 46 & Poor : 18 & Terrible : 12, /Attraction_Review-g15363909-d12590845-Reviews-Secovlje_Salina_Nature_Park-Seca_Slovenian_Littoral_Region.html
Secovlje Salina Nature Park, 21, 57, Nature & Wildlife Areas & Parks, Europe & Slovenia & Slovenian Littoral Region & Seca & Things to Do in Seca, 4.0, 45.495365, 13.6122, 476191196, 20170401, 20170401, 4.0, valeclimb82, https://www.tripadvisor.com/Profile/valeclimb82, f5434340c880efeedfe8053e72f3c83e, Excellent : 84 & Very Good : 122 & Average : 46 & Poor : 18 & Terrible : 12, /Attraction_Review-g15363909-d12590845-Reviews-Secovlje_Salina_Nature_Park-Seca_Slovenian_Littoral_Region.html
Secovlje Salina Nature Park, 21, 57, Nature & Wildlife Areas & Parks, Europe & Slovenia & Slovenian Littoral Region & Seca & Things to Do in Seca, 4.0, 45.495365, 13.6122, 475609093, 20170401, 20170401, 2.0, Taxidiotis2014, https://www.tripadvisor.com/Profile/Taxidiotis2014, 7e7e49312087b900e6181d746e68248a, Excellent : 84 & Very Good : 122 & Average : 46 & Poor : 18 & Terrible : 12, /Attraction_Review-g15363909-d12590845-Reviews-Secovlje_Salina_Nature_Park-Seca_Slovenian_Littoral_Region.html
