review_location_name, review_current_page, review_last_page, review_location_type, review_location_breadcrumbs, review_location_rate, location_lat, location_lng, review_id, review_date, review_experience_date, review_rate, user_name, user_link, user_id, extra, parent_url
Bled Castle (Blejski Grad), 570, 883, Castles, Europe & Slovenia & Upper Carniola Region & Bled & Things to Do in Bled, 4.0, 46.36917, 14.113181, 359742500, 20160301, 20160301, 4.0, Fabio has left the building, https://www.tripadvisor.com/Profile/Fab-travel-mode, b0b3f335989658eba89cca01338a8332, Excellent : 1&&594 & Very Good : 1&&613 & Average : 761 & Poor : 283 & Terrible : 161, /Attraction_Review-g274863-d300864-Reviews-Bled_Castle_Blejski_Grad-Bled_Upper_Carniola_Region.html
Bled Castle (Blejski Grad), 570, 883, Castles, Europe & Slovenia & Upper Carniola Region & Bled & Things to Do in Bled, 4.0, 46.36917, 14.113181, 359673501, 20160301, 20160301, 4.0, Matthew_Pear, https://www.tripadvisor.com/Profile/Matthew_Pear, 65d450097000116cab38deb764006ecb, Excellent : 1&&594 & Very Good : 1&&613 & Average : 761 & Poor : 283 & Terrible : 161, /Attraction_Review-g274863-d300864-Reviews-Bled_Castle_Blejski_Grad-Bled_Upper_Carniola_Region.html
Bled Castle (Blejski Grad), 570, 883, Castles, Europe & Slovenia & Upper Carniola Region & Bled & Things to Do in Bled, 4.0, 46.36917, 14.113181, 359639192, 20160301, 20160301, 5.0, gannubhai, https://www.tripadvisor.com/Profile/gannubhai, 19dc08ba6fa870dcd580f22482d7f06d, Excellent : 1&&594 & Very Good : 1&&613 & Average : 761 & Poor : 283 & Terrible : 161, /Attraction_Review-g274863-d300864-Reviews-Bled_Castle_Blejski_Grad-Bled_Upper_Carniola_Region.html
Bled Castle (Blejski Grad), 570, 883, Castles, Europe & Slovenia & Upper Carniola Region & Bled & Things to Do in Bled, 4.0, 46.36917, 14.113181, 359620397, 20160301, 20160301, 3.0, fabprov, https://www.tripadvisor.com/Profile/fabprov, d8f39ff7d9db6690e61da7255d2051e5, Excellent : 1&&594 & Very Good : 1&&613 & Average : 761 & Poor : 283 & Terrible : 161, /Attraction_Review-g274863-d300864-Reviews-Bled_Castle_Blejski_Grad-Bled_Upper_Carniola_Region.html
Bled Castle (Blejski Grad), 570, 883, Castles, Europe & Slovenia & Upper Carniola Region & Bled & Things to Do in Bled, 4.0, 46.36917, 14.113181, 359589415, 20160301, 20160301, 4.0, Petra N, https://www.tripadvisor.com/Profile/286petran, 79c93ac2e9f1b8ce7440b9df1bb76c3c, Excellent : 1&&594 & Very Good : 1&&613 & Average : 761 & Poor : 283 & Terrible : 161, /Attraction_Review-g274863-d300864-Reviews-Bled_Castle_Blejski_Grad-Bled_Upper_Carniola_Region.html
