review_location_name, review_current_page, review_last_page, review_location_type, review_location_breadcrumbs, review_location_rate, location_lat, location_lng, review_id, review_date, review_experience_date, review_rate, user_name, user_link, user_id, extra, parent_url
Dragon Bridge (Zmajski Most), 332, 529, Bridges, Europe & Slovenia & Upper Carniola Region & Ljubljana & Things to Do in Ljubljana, 4.0, 46.056934, 14.505641, 396024863, 20160701, 20160101, 5.0, hyomin78, https://www.tripadvisor.com/Profile/hyomin78, 53a7121eb4ed18df0b837b034de31e8e, Excellent : 915 & Very Good : 1&&065 & Average : 583 & Poor : 71 & Terrible : 10, /Attraction_Review-g274873-d276337-Reviews-Dragon_Bridge_Zmajski_Most-Ljubljana_Upper_Carniola_Region.html
Dragon Bridge (Zmajski Most), 332, 529, Bridges, Europe & Slovenia & Upper Carniola Region & Ljubljana & Things to Do in Ljubljana, 4.0, 46.056934, 14.505641, 395958513, 20160701, 20160701, 4.0, NewcastleRobert, https://www.tripadvisor.com/Profile/NewcastleRobert, 962caa3f3ecdacf68e7fc1f513be5fa2, Excellent : 915 & Very Good : 1&&065 & Average : 583 & Poor : 71 & Terrible : 10, /Attraction_Review-g274873-d276337-Reviews-Dragon_Bridge_Zmajski_Most-Ljubljana_Upper_Carniola_Region.html
Dragon Bridge (Zmajski Most), 332, 529, Bridges, Europe & Slovenia & Upper Carniola Region & Ljubljana & Things to Do in Ljubljana, 4.0, 46.056934, 14.505641, 395833188, 20160701, 20160701, 5.0, MAXERIKA, https://www.tripadvisor.com/Profile/MAXERIKA, 03457a825bca17d331db43ffee2100e6, Excellent : 915 & Very Good : 1&&065 & Average : 583 & Poor : 71 & Terrible : 10, /Attraction_Review-g274873-d276337-Reviews-Dragon_Bridge_Zmajski_Most-Ljubljana_Upper_Carniola_Region.html
Dragon Bridge (Zmajski Most), 332, 529, Bridges, Europe & Slovenia & Upper Carniola Region & Ljubljana & Things to Do in Ljubljana, 4.0, 46.056934, 14.505641, 395698907, 20160701, 20160701, 5.0, Evert V, https://www.tripadvisor.com/Profile/EvertV581, 82dfadb52e278ebfb57739b7b3940e4a, Excellent : 915 & Very Good : 1&&065 & Average : 583 & Poor : 71 & Terrible : 10, /Attraction_Review-g274873-d276337-Reviews-Dragon_Bridge_Zmajski_Most-Ljubljana_Upper_Carniola_Region.html
Dragon Bridge (Zmajski Most), 332, 529, Bridges, Europe & Slovenia & Upper Carniola Region & Ljubljana & Things to Do in Ljubljana, 4.0, 46.056934, 14.505641, 395579899, 20160701, 20160701, 4.0, Chris C, https://www.tripadvisor.com/Profile/chriscJ2742WL, f56712085477720eea9cdb6999ccb604, Excellent : 915 & Very Good : 1&&065 & Average : 583 & Poor : 71 & Terrible : 10, /Attraction_Review-g274873-d276337-Reviews-Dragon_Bridge_Zmajski_Most-Ljubljana_Upper_Carniola_Region.html
