review_location_name, review_current_page, review_last_page, review_location_type, review_location_breadcrumbs, review_location_rate, location_lat, location_lng, review_id, review_date, review_experience_date, review_rate, user_name, user_link, user_id, extra, parent_url
Terme Olimia, 105, 141, Spas, Europe & Slovenia & Styria Region & Podcetrtek & Things to Do in Podcetrtek, 4.5, 46.156895, 15.596601, 264680192, 20150401, 20150401, 5.0, Roberto M, https://www.tripadvisor.com/Profile/X2056TFrobertom, e9943acef0e05142ff87897e69736a97, Excellent : 451 & Very Good : 169 & Average : 44 & Poor : 18 & Terrible : 19, /Attraction_Review-g1057702-d2230658-Reviews-Terme_Olimia-Podcetrtek_Styria_Region.html
Terme Olimia, 105, 141, Spas, Europe & Slovenia & Styria Region & Podcetrtek & Things to Do in Podcetrtek, 4.5, 46.156895, 15.596601, 264154006, 20150401, 20150401, 3.0, seretre, https://www.tripadvisor.com/Profile/seretre, 0f084af3408568b70a30e8380001c98e, Excellent : 451 & Very Good : 169 & Average : 44 & Poor : 18 & Terrible : 19, /Attraction_Review-g1057702-d2230658-Reviews-Terme_Olimia-Podcetrtek_Styria_Region.html
Terme Olimia, 105, 141, Spas, Europe & Slovenia & Styria Region & Podcetrtek & Things to Do in Podcetrtek, 4.5, 46.156895, 15.596601, 263096484, 20150401, 20150301, 5.0, brudol56, https://www.tripadvisor.com/Profile/brudol56, 6dc822cf625e7740e0fe8b0c74c8eb5d, Excellent : 451 & Very Good : 169 & Average : 44 & Poor : 18 & Terrible : 19, /Attraction_Review-g1057702-d2230658-Reviews-Terme_Olimia-Podcetrtek_Styria_Region.html
Terme Olimia, 105, 141, Spas, Europe & Slovenia & Styria Region & Podcetrtek & Things to Do in Podcetrtek, 4.5, 46.156895, 15.596601, 262510513, 20150301, 20150301, 4.0, kiaia84, https://www.tripadvisor.com/Profile/kiaia84, d1f352857fb3ad38c831c3864b172744, Excellent : 451 & Very Good : 169 & Average : 44 & Poor : 18 & Terrible : 19, /Attraction_Review-g1057702-d2230658-Reviews-Terme_Olimia-Podcetrtek_Styria_Region.html
Terme Olimia, 105, 141, Spas, Europe & Slovenia & Styria Region & Podcetrtek & Things to Do in Podcetrtek, 4.5, 46.156895, 15.596601, 261605564, 20150301, 20150301, 5.0, Rok M, https://www.tripadvisor.com/Profile/RokM, d7eaa719e369e0f8bc4257c5ff153b49, Excellent : 451 & Very Good : 169 & Average : 44 & Poor : 18 & Terrible : 19, /Attraction_Review-g1057702-d2230658-Reviews-Terme_Olimia-Podcetrtek_Styria_Region.html
