review_location_name, review_current_page, review_last_page, review_location_type, review_location_breadcrumbs, review_location_rate, location_lat, location_lng, review_id, review_date, review_experience_date, review_rate, user_name, user_link, user_id, extra, parent_url
Technical Museum of Slovenia, 14, 13, Specialty Museums, Europe & Slovenia & Upper Carniola Region & Ljubljana & Things to Do in Ljubljana, 4.5, 46.056934, 14.505641, 152545152, 20130201, 20120501, 5.0, Janja L, https://www.tripadvisor.com/Profile/JanjaL_13, 7e9925a4ba8f046959f53407cc24b9d8, Excellent : 41 & Very Good : 23 & Average : 4 & Poor : 1 & Terrible : 0, /Attraction_Review-g274873-d2510656-Reviews-Technical_Museum_of_Slovenia-Ljubljana_Upper_Carniola_Region.html
Technical Museum of Slovenia, 14, 13, Specialty Museums, Europe & Slovenia & Upper Carniola Region & Ljubljana & Things to Do in Ljubljana, 4.5, 46.056934, 14.505641, 131241214, 20120601, 20110801, 4.0, Tikolina, https://www.tripadvisor.com/Profile/Tikolina, c73f91824cfe4687c60d9722c39ac4c3, Excellent : 41 & Very Good : 23 & Average : 4 & Poor : 1 & Terrible : 0, /Attraction_Review-g274873-d2510656-Reviews-Technical_Museum_of_Slovenia-Ljubljana_Upper_Carniola_Region.html
Technical Museum of Slovenia, 14, 13, Specialty Museums, Europe & Slovenia & Upper Carniola Region & Ljubljana & Things to Do in Ljubljana, 4.5, 46.056934, 14.505641, 128235944, 20120401, 20120401, 3.0, sillyinnervoice, https://www.tripadvisor.com/Profile/sillyinnervoice, e24f42849812f56f1f9954bb4ef6211b, Excellent : 41 & Very Good : 23 & Average : 4 & Poor : 1 & Terrible : 0, /Attraction_Review-g274873-d2510656-Reviews-Technical_Museum_of_Slovenia-Ljubljana_Upper_Carniola_Region.html
Technical Museum of Slovenia, 14, 13, Specialty Museums, Europe & Slovenia & Upper Carniola Region & Ljubljana & Things to Do in Ljubljana, 4.5, 46.056934, 14.505641, 125074014, 20120201, 20120201, 5.0, IgorPrevoje, https://www.tripadvisor.com/Profile/IgorPrevoje, c3fdfa77befc96e9abb41385886df32d, Excellent : 41 & Very Good : 23 & Average : 4 & Poor : 1 & Terrible : 0, /Attraction_Review-g274873-d2510656-Reviews-Technical_Museum_of_Slovenia-Ljubljana_Upper_Carniola_Region.html
