review_location_name, review_current_page, review_last_page, review_location_type, review_location_breadcrumbs, review_location_rate, location_lat, location_lng, review_id, review_date, review_experience_date, review_rate, user_name, user_link, user_id, extra, parent_url
Ljubljana Old Town, 506, 1548, Neighborhoods, Europe & Slovenia & Upper Carniola Region & Ljubljana & Things to Do in Ljubljana, 4.5, 46.056934, 14.505641, 527350692, 20170901, 20170901, 5.0, Sigríður B, https://www.tripadvisor.com/Profile/sigr_urb2017, b59237ba31daf36a43ee1e1610c01c1f, Excellent : 5&&521 & Very Good : 1&&984 & Average : 199 & Poor : 24 & Terrible : 9, /Attraction_Review-g274873-d298666-Reviews-Ljubljana_Old_Town-Ljubljana_Upper_Carniola_Region.html
Ljubljana Old Town, 506, 1548, Neighborhoods, Europe & Slovenia & Upper Carniola Region & Ljubljana & Things to Do in Ljubljana, 4.5, 46.056934, 14.505641, 527289534, 20170901, 20170901, 4.0, 701luctrip, https://www.tripadvisor.com/Profile/701luctrip, 6896e3990a9c2181132ebf603032e690, Excellent : 5&&521 & Very Good : 1&&984 & Average : 199 & Poor : 24 & Terrible : 9, /Attraction_Review-g274873-d298666-Reviews-Ljubljana_Old_Town-Ljubljana_Upper_Carniola_Region.html
Ljubljana Old Town, 506, 1548, Neighborhoods, Europe & Slovenia & Upper Carniola Region & Ljubljana & Things to Do in Ljubljana, 4.5, 46.056934, 14.505641, 527225923, 20170901, 20170901, 4.0, CoraRensen, https://www.tripadvisor.com/Profile/CoraRensen, fb49f032c0efc3167d2278da440a5ba3, Excellent : 5&&521 & Very Good : 1&&984 & Average : 199 & Poor : 24 & Terrible : 9, /Attraction_Review-g274873-d298666-Reviews-Ljubljana_Old_Town-Ljubljana_Upper_Carniola_Region.html
Ljubljana Old Town, 506, 1548, Neighborhoods, Europe & Slovenia & Upper Carniola Region & Ljubljana & Things to Do in Ljubljana, 4.5, 46.056934, 14.505641, 527208711, 20170901, 20170901, 5.0, Carol C, https://www.tripadvisor.com/Profile/carolcT3811KH, 3be23d720da0646b8d3ca8f42f6542cf, Excellent : 5&&521 & Very Good : 1&&984 & Average : 199 & Poor : 24 & Terrible : 9, /Attraction_Review-g274873-d298666-Reviews-Ljubljana_Old_Town-Ljubljana_Upper_Carniola_Region.html
Ljubljana Old Town, 506, 1548, Neighborhoods, Europe & Slovenia & Upper Carniola Region & Ljubljana & Things to Do in Ljubljana, 4.5, 46.056934, 14.505641, 527190456, 20170901, 20170901, 3.0, Ciais E, https://www.tripadvisor.com/Profile/ciaise, a72579f8f6e54a3a5d065701ff59f518, Excellent : 5&&521 & Very Good : 1&&984 & Average : 199 & Poor : 24 & Terrible : 9, /Attraction_Review-g274873-d298666-Reviews-Ljubljana_Old_Town-Ljubljana_Upper_Carniola_Region.html
