review_location_name, review_current_page, review_last_page, review_location_type, review_location_breadcrumbs, review_location_rate, location_lat, location_lng, review_id, review_date, review_experience_date, review_rate, user_name, user_link, user_id, extra, parent_url
The Rotunda of St John the Baptist, 1, 2, Historic Sites & Sacred & Religious Sites & Churches & Cathedrals, Europe & Slovenia & Slovenian Littoral Region & Slovenian Istria & Koper & Things to Do in Koper, 4.0, 45.53975, 13.73332, 739443732, 20200101, 20190801, 4.0, Stanisław Ł, https://www.tripadvisor.com/Profile/stanis_aw_, edc1c52eed0564bcdc080b0723c0eb90, Excellent : 2 & Very Good : 6 & Average : 2 & Poor : 0 & Terrible : 0, /Attraction_Review-g312722-d10423769-Reviews-The_Rotunda_of_St_John_the_Baptist-Koper_Slovenian_Istria_Slovenian_Littoral_Reg.html
The Rotunda of St John the Baptist, 1, 2, Historic Sites & Sacred & Religious Sites & Churches & Cathedrals, Europe & Slovenia & Slovenian Littoral Region & Slovenian Istria & Koper & Things to Do in Koper, 4.0, 45.53975, 13.73332, 604210581, 20180801, 20180701, 4.0, Attivol, https://www.tripadvisor.com/Profile/Attivol, 7b45e6fa9ea4f023a86b7f29c85c07c4, Excellent : 2 & Very Good : 6 & Average : 2 & Poor : 0 & Terrible : 0, /Attraction_Review-g312722-d10423769-Reviews-The_Rotunda_of_St_John_the_Baptist-Koper_Slovenian_Istria_Slovenian_Littoral_Reg.html
The Rotunda of St John the Baptist, 1, 2, Historic Sites & Sacred & Religious Sites & Churches & Cathedrals, Europe & Slovenia & Slovenian Littoral Region & Slovenian Istria & Koper & Things to Do in Koper, 4.0, 45.53975, 13.73332, 602038853, 20180801, 20180601, 4.0, SloZlo, https://www.tripadvisor.com/Profile/SloZlo, 055cb58b242004e358ac23249e641b6e, Excellent : 2 & Very Good : 6 & Average : 2 & Poor : 0 & Terrible : 0, /Attraction_Review-g312722-d10423769-Reviews-The_Rotunda_of_St_John_the_Baptist-Koper_Slovenian_Istria_Slovenian_Littoral_Reg.html
The Rotunda of St John the Baptist, 1, 2, Historic Sites & Sacred & Religious Sites & Churches & Cathedrals, Europe & Slovenia & Slovenian Littoral Region & Slovenian Istria & Koper & Things to Do in Koper, 4.0, 45.53975, 13.73332, 577217665, 20180501, 20180401, 3.0, DottorZi, https://www.tripadvisor.com/Profile/DottorZi, 7cc6d668556aa682502fc46a2fc1de86, Excellent : 2 & Very Good : 6 & Average : 2 & Poor : 0 & Terrible : 0, /Attraction_Review-g312722-d10423769-Reviews-The_Rotunda_of_St_John_the_Baptist-Koper_Slovenian_Istria_Slovenian_Littoral_Reg.html
The Rotunda of St John the Baptist, 1, 2, Historic Sites & Sacred & Religious Sites & Churches & Cathedrals, Europe & Slovenia & Slovenian Littoral Region & Slovenian Istria & Koper & Things to Do in Koper, 4.0, 45.53975, 13.73332, 574552880, 20180401, 20170601, 4.0, ashuach, https://www.tripadvisor.com/Profile/ashuach, 3612780e287a997f55c45161e0797ec4, Excellent : 2 & Very Good : 6 & Average : 2 & Poor : 0 & Terrible : 0, /Attraction_Review-g312722-d10423769-Reviews-The_Rotunda_of_St_John_the_Baptist-Koper_Slovenian_Istria_Slovenian_Littoral_Reg.html
