review_location_name, review_current_page, review_last_page, review_location_type, review_location_breadcrumbs, review_location_rate, location_lat, location_lng, review_id, review_date, review_experience_date, review_rate, user_name, user_link, user_id, extra, parent_url
Triple Bridge (Tromostovje), 155, 745, Bridges, Europe & Slovenia & Upper Carniola Region & Ljubljana & Things to Do in Ljubljana, 4.5, 46.056934, 14.505641, 596796270, 20180701, 20180701, 4.0, Matteo, https://www.tripadvisor.com/Profile/matteos530, 0895ad5f88c9bb3318824f4701e1ba5b, Excellent : 1&&846 & Very Good : 1&&427 & Average : 417 & Poor : 30 & Terrible : 4, /Attraction_Review-g274873-d276335-Reviews-Triple_Bridge_Tromostovje-Ljubljana_Upper_Carniola_Region.html
Triple Bridge (Tromostovje), 155, 745, Bridges, Europe & Slovenia & Upper Carniola Region & Ljubljana & Things to Do in Ljubljana, 4.5, 46.056934, 14.505641, 596664210, 20180701, 20180701, 3.0, Hassen S, https://www.tripadvisor.com/Profile/97hassens, bc059f6b4cdb9d1c13b2edffd1695123, Excellent : 1&&846 & Very Good : 1&&427 & Average : 417 & Poor : 30 & Terrible : 4, /Attraction_Review-g274873-d276335-Reviews-Triple_Bridge_Tromostovje-Ljubljana_Upper_Carniola_Region.html
Triple Bridge (Tromostovje), 155, 745, Bridges, Europe & Slovenia & Upper Carniola Region & Ljubljana & Things to Do in Ljubljana, 4.5, 46.056934, 14.505641, 596609829, 20180701, 20180701, 4.0, José M, https://www.tripadvisor.com/Profile/jos_m947, a62d052da673f07724f98f7493081df3, Excellent : 1&&846 & Very Good : 1&&427 & Average : 417 & Poor : 30 & Terrible : 4, /Attraction_Review-g274873-d276335-Reviews-Triple_Bridge_Tromostovje-Ljubljana_Upper_Carniola_Region.html
Triple Bridge (Tromostovje), 155, 745, Bridges, Europe & Slovenia & Upper Carniola Region & Ljubljana & Things to Do in Ljubljana, 4.5, 46.056934, 14.505641, 596494324, 20180701, 20180601, 5.0, Alois D, https://www.tripadvisor.com/Profile/aloisd828, f63ca78ab86a2071f34cff96c7a7ec28, Excellent : 1&&846 & Very Good : 1&&427 & Average : 417 & Poor : 30 & Terrible : 4, /Attraction_Review-g274873-d276335-Reviews-Triple_Bridge_Tromostovje-Ljubljana_Upper_Carniola_Region.html
Triple Bridge (Tromostovje), 155, 745, Bridges, Europe & Slovenia & Upper Carniola Region & Ljubljana & Things to Do in Ljubljana, 4.5, 46.056934, 14.505641, 596456380, 20180701, 20180601, 5.0, ashokv0626, https://www.tripadvisor.com/Profile/ashokv0626, f712c54375080b840c6c414d10d2fdff, Excellent : 1&&846 & Very Good : 1&&427 & Average : 417 & Poor : 30 & Terrible : 4, /Attraction_Review-g274873-d276335-Reviews-Triple_Bridge_Tromostovje-Ljubljana_Upper_Carniola_Region.html
