review_location_name, review_current_page, review_last_page, review_location_type, review_location_breadcrumbs, review_location_rate, location_lat, location_lng, review_id, review_date, review_experience_date, review_rate, user_name, user_link, user_id, extra, parent_url
The Ljubljana Castle, 1158, 1617, Points of Interest & Landmarks & Castles, Europe & Slovenia & Upper Carniola Region & Ljubljana & Things to Do in Ljubljana, 4.0, 46.056934, 14.505641, 329304750, 20151101, 20150901, 4.0, Kevin M, https://www.tripadvisor.com/Profile/C3995MCkevinm, a9753ee8507c07d027746da8e88e4984, Excellent : 2&&692 & Very Good : 3&&089 & Average : 1&&712 & Poor : 436 & Terrible : 155, /Attraction_Review-g274873-d6924839-Reviews-The_Ljubljana_Castle-Ljubljana_Upper_Carniola_Region.html
The Ljubljana Castle, 1158, 1617, Points of Interest & Landmarks & Castles, Europe & Slovenia & Upper Carniola Region & Ljubljana & Things to Do in Ljubljana, 4.0, 46.056934, 14.505641, 329157583, 20151101, 20150901, 4.0, Joana X, https://www.tripadvisor.com/Profile/joanax605, 7027402e2a9fecfd2bfa4c15f080f960, Excellent : 2&&692 & Very Good : 3&&089 & Average : 1&&712 & Poor : 436 & Terrible : 155, /Attraction_Review-g274873-d6924839-Reviews-The_Ljubljana_Castle-Ljubljana_Upper_Carniola_Region.html
The Ljubljana Castle, 1158, 1617, Points of Interest & Landmarks & Castles, Europe & Slovenia & Upper Carniola Region & Ljubljana & Things to Do in Ljubljana, 4.0, 46.056934, 14.505641, 329094758, 20151101, 20151101, 5.0, LongIslandMabel, https://www.tripadvisor.com/Profile/LongIslandMabel, 1c779482a8f923e562b2ffc6130c3ff8, Excellent : 2&&692 & Very Good : 3&&089 & Average : 1&&712 & Poor : 436 & Terrible : 155, /Attraction_Review-g274873-d6924839-Reviews-The_Ljubljana_Castle-Ljubljana_Upper_Carniola_Region.html
The Ljubljana Castle, 1158, 1617, Points of Interest & Landmarks & Castles, Europe & Slovenia & Upper Carniola Region & Ljubljana & Things to Do in Ljubljana, 4.0, 46.056934, 14.505641, 329045714, 20151101, 20150501, 5.0, gianluigicastriconi, https://www.tripadvisor.com/Profile/gianluigicastriconi, 5b2cd912703ee1a0061e42ad21765bc9, Excellent : 2&&692 & Very Good : 3&&089 & Average : 1&&712 & Poor : 436 & Terrible : 155, /Attraction_Review-g274873-d6924839-Reviews-The_Ljubljana_Castle-Ljubljana_Upper_Carniola_Region.html
The Ljubljana Castle, 1158, 1617, Points of Interest & Landmarks & Castles, Europe & Slovenia & Upper Carniola Region & Ljubljana & Things to Do in Ljubljana, 4.0, 46.056934, 14.505641, 329023357, 20151101, 20151101, 5.0, Sanja D, https://www.tripadvisor.com/Profile/869sanjad, 61274b30cc4610a899f7f6ee6ee80596, Excellent : 2&&692 & Very Good : 3&&089 & Average : 1&&712 & Poor : 436 & Terrible : 155, /Attraction_Review-g274873-d6924839-Reviews-The_Ljubljana_Castle-Ljubljana_Upper_Carniola_Region.html
