review_location_name, review_current_page, review_last_page, review_location_type, review_location_breadcrumbs, review_location_rate, location_lat, location_lng, review_id, review_date, review_experience_date, review_rate, user_name, user_link, user_id, extra, parent_url
St. Martin's Parish Church, 41, 58, Churches & Cathedrals, Europe & Slovenia & Upper Carniola Region & Bled & Things to Do in Bled, 4.0, 46.36917, 14.113181, 335863679, 20151201, 20151201, 5.0, Martin H, https://www.tripadvisor.com/Profile/U3297FOmartinh, f7f94dbebaf406be15b7f751ce865614, Excellent : 93 & Very Good : 142 & Average : 52 & Poor : 3 & Terrible : 0, /Attraction_Review-g274863-d6828171-Reviews-St_Martin_s_Parish_Church-Bled_Upper_Carniola_Region.html
St. Martin's Parish Church, 41, 58, Churches & Cathedrals, Europe & Slovenia & Upper Carniola Region & Bled & Things to Do in Bled, 4.0, 46.36917, 14.113181, 335784238, 20151201, 20151201, 4.0, Donato R, https://www.tripadvisor.com/Profile/79donator, d8259c5a737e4f0271fdd5c8dbdb82e8, Excellent : 93 & Very Good : 142 & Average : 52 & Poor : 3 & Terrible : 0, /Attraction_Review-g274863-d6828171-Reviews-St_Martin_s_Parish_Church-Bled_Upper_Carniola_Region.html
St. Martin's Parish Church, 41, 58, Churches & Cathedrals, Europe & Slovenia & Upper Carniola Region & Bled & Things to Do in Bled, 4.0, 46.36917, 14.113181, 334586814, 20151201, 20151101, 4.0, Hermus77, https://www.tripadvisor.com/Profile/Hermus77, fa6a0e8afa993fc75ec297de33611a73, Excellent : 93 & Very Good : 142 & Average : 52 & Poor : 3 & Terrible : 0, /Attraction_Review-g274863-d6828171-Reviews-St_Martin_s_Parish_Church-Bled_Upper_Carniola_Region.html
St. Martin's Parish Church, 41, 58, Churches & Cathedrals, Europe & Slovenia & Upper Carniola Region & Bled & Things to Do in Bled, 4.0, 46.36917, 14.113181, 332198253, 20151201, 20151201, 4.0, Gerard m, https://www.tripadvisor.com/Profile/593gerardm, 63a594ca827511291a786fd5f515e3a8, Excellent : 93 & Very Good : 142 & Average : 52 & Poor : 3 & Terrible : 0, /Attraction_Review-g274863-d6828171-Reviews-St_Martin_s_Parish_Church-Bled_Upper_Carniola_Region.html
St. Martin's Parish Church, 41, 58, Churches & Cathedrals, Europe & Slovenia & Upper Carniola Region & Bled & Things to Do in Bled, 4.0, 46.36917, 14.113181, 332112833, 20151201, 20151101, 5.0, Lucia B, https://www.tripadvisor.com/Profile/Lucia_B_Arg, 74f06fc8b48c47772358ec99559c98af, Excellent : 93 & Very Good : 142 & Average : 52 & Poor : 3 & Terrible : 0, /Attraction_Review-g274863-d6828171-Reviews-St_Martin_s_Parish_Church-Bled_Upper_Carniola_Region.html
