review_location_name, review_current_page, review_last_page, review_location_type, review_location_breadcrumbs, review_location_rate, location_lat, location_lng, review_id, review_date, review_experience_date, review_rate, user_name, user_link, user_id, extra, parent_url
Bled Island, 117, 557, Architectural Buildings & Islands & Sacred & Religious Sites, Europe & Slovenia & Upper Carniola Region & Bled & Things to Do in Bled, 4.5, 46.36917, 14.113181, 589768359, 20180601, 20180501, 4.0, Dilip Patel, https://www.tripadvisor.com/Profile/397dilipp, 25747143fa9f4b3ada41b5362a323bd5, Excellent : 1&&390 & Very Good : 904 & Average : 400 & Poor : 69 & Terrible : 22, /Attraction_Review-g274863-d317378-Reviews-Bled_Island-Bled_Upper_Carniola_Region.html
Bled Island, 117, 557, Architectural Buildings & Islands & Sacred & Religious Sites, Europe & Slovenia & Upper Carniola Region & Bled & Things to Do in Bled, 4.5, 46.36917, 14.113181, 589594122, 20180601, 20180601, 4.0, BuenosAiresLia, https://www.tripadvisor.com/Profile/BuenosAiresLia, a0362032f36b959f85bb3432afd66b5c, Excellent : 1&&390 & Very Good : 904 & Average : 400 & Poor : 69 & Terrible : 22, /Attraction_Review-g274863-d317378-Reviews-Bled_Island-Bled_Upper_Carniola_Region.html
Bled Island, 117, 557, Architectural Buildings & Islands & Sacred & Religious Sites, Europe & Slovenia & Upper Carniola Region & Bled & Things to Do in Bled, 4.5, 46.36917, 14.113181, 589154557, 20180601, 20171201, 4.0, vinny, https://www.tripadvisor.com/Profile/vinny, 95c0d43ec1470d5334496834b7f54e9d, Excellent : 1&&390 & Very Good : 904 & Average : 400 & Poor : 69 & Terrible : 22, /Attraction_Review-g274863-d317378-Reviews-Bled_Island-Bled_Upper_Carniola_Region.html
Bled Island, 117, 557, Architectural Buildings & Islands & Sacred & Religious Sites, Europe & Slovenia & Upper Carniola Region & Bled & Things to Do in Bled, 4.5, 46.36917, 14.113181, 588949849, 20180601, 20180601, 5.0, deemcardle, https://www.tripadvisor.com/Profile/deemcardle, 941c358c8bebd3970c01104bb9d11ae7, Excellent : 1&&390 & Very Good : 904 & Average : 400 & Poor : 69 & Terrible : 22, /Attraction_Review-g274863-d317378-Reviews-Bled_Island-Bled_Upper_Carniola_Region.html
Bled Island, 117, 557, Architectural Buildings & Islands & Sacred & Religious Sites, Europe & Slovenia & Upper Carniola Region & Bled & Things to Do in Bled, 4.5, 46.36917, 14.113181, 588651930, 20180601, 20170901, 5.0, Afftonrm2, https://www.tripadvisor.com/Profile/Afftonrm2, 5e170aaead2f05d410fc60af5f80eb58, Excellent : 1&&390 & Very Good : 904 & Average : 400 & Poor : 69 & Terrible : 22, /Attraction_Review-g274863-d317378-Reviews-Bled_Island-Bled_Upper_Carniola_Region.html
