review_location_name, review_current_page, review_last_page, review_location_type, review_location_breadcrumbs, review_location_rate, location_lat, location_lng, review_id, review_date, review_experience_date, review_rate, user_name, user_link, user_id, extra, parent_url
Technical Museum of Slovenia, 6, 14, Specialty Museums, Europe & Slovenia & Upper Carniola Region & Ljubljana & Things to Do in Ljubljana, 4.5, 46.056934, 14.505641, 515811638, 20170801, 20170801, 4.0, kikaste, https://www.tripadvisor.com/Profile/kikaste, 8f4197acf1d25b003d64819bda235a62, Excellent : 41 & Very Good : 23 & Average : 4 & Poor : 1 & Terrible : 0, /Attraction_Review-g274873-d2510656-Reviews-Technical_Museum_of_Slovenia-Ljubljana_Upper_Carniola_Region.html
Technical Museum of Slovenia, 6, 14, Specialty Museums, Europe & Slovenia & Upper Carniola Region & Ljubljana & Things to Do in Ljubljana, 4.5, 46.056934, 14.505641, 515400968, 20170801, 20170801, 5.0, bluejules2012, https://www.tripadvisor.com/Profile/bluejules2012, 5a12f930c5d4be2bfc4e503e94f69783, Excellent : 41 & Very Good : 23 & Average : 4 & Poor : 1 & Terrible : 0, /Attraction_Review-g274873-d2510656-Reviews-Technical_Museum_of_Slovenia-Ljubljana_Upper_Carniola_Region.html
Technical Museum of Slovenia, 6, 14, Specialty Museums, Europe & Slovenia & Upper Carniola Region & Ljubljana & Things to Do in Ljubljana, 4.5, 46.056934, 14.505641, 514436207, 20170801, 20170701, 5.0, Bojan J, https://www.tripadvisor.com/Profile/BojanJ5, 7416950ce4aeef06a5f34f974f528464, Excellent : 41 & Very Good : 23 & Average : 4 & Poor : 1 & Terrible : 0, /Attraction_Review-g274873-d2510656-Reviews-Technical_Museum_of_Slovenia-Ljubljana_Upper_Carniola_Region.html
Technical Museum of Slovenia, 6, 14, Specialty Museums, Europe & Slovenia & Upper Carniola Region & Ljubljana & Things to Do in Ljubljana, 4.5, 46.056934, 14.505641, 513916735, 20170801, 20170801, 4.0, Renato Gori, https://www.tripadvisor.com/Profile/757renatog, 2cc71d01e8e2a57150c04b732cf483c6, Excellent : 41 & Very Good : 23 & Average : 4 & Poor : 1 & Terrible : 0, /Attraction_Review-g274873-d2510656-Reviews-Technical_Museum_of_Slovenia-Ljubljana_Upper_Carniola_Region.html
Technical Museum of Slovenia, 6, 14, Specialty Museums, Europe & Slovenia & Upper Carniola Region & Ljubljana & Things to Do in Ljubljana, 4.5, 46.056934, 14.505641, 509295237, 20170801, 20170801, 5.0, Ana Š, https://www.tripadvisor.com/Profile/ana_591, f42dea0ae67fb7317bef99f7fd1b49dc, Excellent : 41 & Very Good : 23 & Average : 4 & Poor : 1 & Terrible : 0, /Attraction_Review-g274873-d2510656-Reviews-Technical_Museum_of_Slovenia-Ljubljana_Upper_Carniola_Region.html
