review_location_name, review_current_page, review_last_page, review_location_type, review_location_breadcrumbs, review_location_rate, location_lat, location_lng, review_id, review_date, review_experience_date, review_rate, user_name, user_link, user_id, extra, parent_url
Glavni Trg, 3, 31, Historic Sites & Neighborhoods, Europe & Slovenia & Styria Region & Maribor & Things to Do in Maribor, 4.0, 46.55863, 15.65104, 692310127, 20190701, 20180801, 4.0, ANA BELEN M, https://www.tripadvisor.com/Profile/175anabelenm, f833bde49d73a050ed6e84889d2ce834, Excellent : 52 & Very Good : 67 & Average : 30 & Poor : 6 & Terrible : 0, /Attraction_Review-g274874-d523483-Reviews-Glavni_Trg-Maribor_Styria_Region.html
Glavni Trg, 3, 31, Historic Sites & Neighborhoods, Europe & Slovenia & Styria Region & Maribor & Things to Do in Maribor, 4.0, 46.55863, 15.65104, 690454300, 20190701, 20190701, 4.0, stevenenhilde, https://www.tripadvisor.com/Profile/stevenenhilde, 33ba11ad9a2f0a98c919c26e0e8e9fba, Excellent : 52 & Very Good : 67 & Average : 30 & Poor : 6 & Terrible : 0, /Attraction_Review-g274874-d523483-Reviews-Glavni_Trg-Maribor_Styria_Region.html
Glavni Trg, 3, 31, Historic Sites & Neighborhoods, Europe & Slovenia & Styria Region & Maribor & Things to Do in Maribor, 4.0, 46.55863, 15.65104, 682083930, 20190601, 20190501, 4.0, István A, https://www.tripadvisor.com/Profile/174istv_na, 38d8a6f7da06f74735bbff9befd418da, Excellent : 52 & Very Good : 67 & Average : 30 & Poor : 6 & Terrible : 0, /Attraction_Review-g274874-d523483-Reviews-Glavni_Trg-Maribor_Styria_Region.html
Glavni Trg, 3, 31, Historic Sites & Neighborhoods, Europe & Slovenia & Styria Region & Maribor & Things to Do in Maribor, 4.0, 46.55863, 15.65104, 678469045, 20190601, 20190401, 5.0, Aleksandar, https://www.tripadvisor.com/Profile/a1eksandar, e34ec732630478335d4e03793939dcb0, Excellent : 52 & Very Good : 67 & Average : 30 & Poor : 6 & Terrible : 0, /Attraction_Review-g274874-d523483-Reviews-Glavni_Trg-Maribor_Styria_Region.html
Glavni Trg, 3, 31, Historic Sites & Neighborhoods, Europe & Slovenia & Styria Region & Maribor & Things to Do in Maribor, 4.0, 46.55863, 15.65104, 677543379, 20190501, 20190501, 5.0, Tanja3222, https://www.tripadvisor.com/Profile/Tanja3222, c1f2a931b787c63aae0bce97ac22790d, Excellent : 52 & Very Good : 67 & Average : 30 & Poor : 6 & Terrible : 0, /Attraction_Review-g274874-d523483-Reviews-Glavni_Trg-Maribor_Styria_Region.html
