review_location_name, review_current_page, review_last_page, review_location_type, review_location_breadcrumbs, review_location_rate, location_lat, location_lng, review_id, review_date, review_experience_date, review_rate, user_name, user_link, user_id, extra, parent_url
Vinoteka Brda, 7, 8, Wineries & Vineyards, Europe & Slovenia & Slovenian Littoral Region & Dobrovo & Things to Do in Dobrovo, 4.0, 45.99767, 13.52791, 171595771, 20130801, 20130801, 5.0, worldisyrplayground, https://www.tripadvisor.com/Profile/worldisyrplayground, 8fba21a2c366a822ebc2abc353e0fdc9, Excellent : 20 & Very Good : 8 & Average : 2 & Poor : 6 & Terrible : 1, /Attraction_Review-g1566560-d2542545-Reviews-Vinoteka_Brda-Dobrovo_Slovenian_Littoral_Region.html
Vinoteka Brda, 7, 8, Wineries & Vineyards, Europe & Slovenia & Slovenian Littoral Region & Dobrovo & Things to Do in Dobrovo, 4.0, 45.99767, 13.52791, 170393585, 20130801, 20130801, 4.0, Mmmmkkkkk, https://www.tripadvisor.com/Profile/Mmmmkkkkk, b0bda708ac99aba24d841653d0577ab0, Excellent : 20 & Very Good : 8 & Average : 2 & Poor : 6 & Terrible : 1, /Attraction_Review-g1566560-d2542545-Reviews-Vinoteka_Brda-Dobrovo_Slovenian_Littoral_Region.html
Vinoteka Brda, 7, 8, Wineries & Vineyards, Europe & Slovenia & Slovenian Littoral Region & Dobrovo & Things to Do in Dobrovo, 4.0, 45.99767, 13.52791, 150960353, 20130101, 20120701, 5.0, mara363, https://www.tripadvisor.com/Profile/mara363, eee90a163f780fde76979e1cc759bd91, Excellent : 20 & Very Good : 8 & Average : 2 & Poor : 6 & Terrible : 1, /Attraction_Review-g1566560-d2542545-Reviews-Vinoteka_Brda-Dobrovo_Slovenian_Littoral_Region.html
Vinoteka Brda, 7, 8, Wineries & Vineyards, Europe & Slovenia & Slovenian Littoral Region & Dobrovo & Things to Do in Dobrovo, 4.0, 45.99767, 13.52791, 148146665, 20121201, 20121201, 5.0, Federico F, https://www.tripadvisor.com/Profile/federicoferrara, 6d2be823bf7fa696269cc3d6e5f99023, Excellent : 20 & Very Good : 8 & Average : 2 & Poor : 6 & Terrible : 1, /Attraction_Review-g1566560-d2542545-Reviews-Vinoteka_Brda-Dobrovo_Slovenian_Littoral_Region.html
Vinoteka Brda, 7, 8, Wineries & Vineyards, Europe & Slovenia & Slovenian Littoral Region & Dobrovo & Things to Do in Dobrovo, 4.0, 45.99767, 13.52791, 144534638, 20121101, 20121101, 5.0, tizVi, https://www.tripadvisor.com/Profile/tizVi, 00f20b8d4ac08dd0cea79291bc7c581a, Excellent : 20 & Very Good : 8 & Average : 2 & Poor : 6 & Terrible : 1, /Attraction_Review-g1566560-d2542545-Reviews-Vinoteka_Brda-Dobrovo_Slovenian_Littoral_Region.html
