review_location_name, review_current_page, review_last_page, review_location_type, review_location_breadcrumbs, review_location_rate, location_lat, location_lng, review_id, review_date, review_experience_date, review_rate, user_name, user_link, user_id, extra, parent_url
Terme Olimia, 113, 141, Spas, Europe & Slovenia & Styria Region & Podcetrtek & Things to Do in Podcetrtek, 4.5, 46.156895, 15.596601, 237778373, 20141101, 20140901, 5.0, ssymeon, https://www.tripadvisor.com/Profile/ssymeon, abe48b4171deb36c03ea41471895409c, Excellent : 451 & Very Good : 169 & Average : 44 & Poor : 18 & Terrible : 19, /Attraction_Review-g1057702-d2230658-Reviews-Terme_Olimia-Podcetrtek_Styria_Region.html
Terme Olimia, 113, 141, Spas, Europe & Slovenia & Styria Region & Podcetrtek & Things to Do in Podcetrtek, 4.5, 46.156895, 15.596601, 237701254, 20141101, 20141001, 5.0, Luca M, https://www.tripadvisor.com/Profile/lucamS2094RP, 055a8bceb00fb677245446a393c6fb8d, Excellent : 451 & Very Good : 169 & Average : 44 & Poor : 18 & Terrible : 19, /Attraction_Review-g1057702-d2230658-Reviews-Terme_Olimia-Podcetrtek_Styria_Region.html
Terme Olimia, 113, 141, Spas, Europe & Slovenia & Styria Region & Podcetrtek & Things to Do in Podcetrtek, 4.5, 46.156895, 15.596601, 234752032, 20141001, 20140901, 5.0, Michele F, https://www.tripadvisor.com/Profile/434michelef, ce1f82c7c913f44d4d2023eab2256f69, Excellent : 451 & Very Good : 169 & Average : 44 & Poor : 18 & Terrible : 19, /Attraction_Review-g1057702-d2230658-Reviews-Terme_Olimia-Podcetrtek_Styria_Region.html
Terme Olimia, 113, 141, Spas, Europe & Slovenia & Styria Region & Podcetrtek & Things to Do in Podcetrtek, 4.5, 46.156895, 15.596601, 232932276, 20141001, 20140901, 5.0, Bixy2Bixy, https://www.tripadvisor.com/Profile/Bixy2Bixy, 570e1df8d082cec00425a56170ed932f, Excellent : 451 & Very Good : 169 & Average : 44 & Poor : 18 & Terrible : 19, /Attraction_Review-g1057702-d2230658-Reviews-Terme_Olimia-Podcetrtek_Styria_Region.html
Terme Olimia, 113, 141, Spas, Europe & Slovenia & Styria Region & Podcetrtek & Things to Do in Podcetrtek, 4.5, 46.156895, 15.596601, 230918850, 20140901, 20140801, 5.0, Наталья И, https://www.tripadvisor.com/Profile/fortunatova, b8e9eeb673a7d976e27a259a755104d7, Excellent : 451 & Very Good : 169 & Average : 44 & Poor : 18 & Terrible : 19, /Attraction_Review-g1057702-d2230658-Reviews-Terme_Olimia-Podcetrtek_Styria_Region.html
