review_location_name, review_current_page, review_last_page, review_location_type, review_location_breadcrumbs, review_location_rate, location_lat, location_lng, review_id, review_date, review_experience_date, review_rate, user_name, user_link, user_id, extra, parent_url
Tourist Information Centre Kranjska Gora, 6, 10, Visitor Centers, Europe & Slovenia & Upper Carniola Region & Kranjska Gora & Things to Do in Kranjska Gora, 3.5, 46.48661, 13.78967, 466700695, 20170301, 20160601, 5.0, Linda B, https://www.tripadvisor.com/Profile/lindabG4619LZ, 1ffe3d777bc5f84e815a54e24061b037, Excellent : 18 & Very Good : 15 & Average : 3 & Poor : 5 & Terrible : 7, /Attraction_Review-g274870-d8424883-Reviews-Tourist_Information_Centre_Kranjska_Gora-Kranjska_Gora_Upper_Carniola_Region.html
Tourist Information Centre Kranjska Gora, 6, 10, Visitor Centers, Europe & Slovenia & Upper Carniola Region & Kranjska Gora & Things to Do in Kranjska Gora, 3.5, 46.48661, 13.78967, 440718152, 20161101, 20161101, 1.0, ale972, https://www.tripadvisor.com/Profile/ale972, bf38c4e4a003bea1b5ea523d2d74cdf3, Excellent : 18 & Very Good : 15 & Average : 3 & Poor : 5 & Terrible : 7, /Attraction_Review-g274870-d8424883-Reviews-Tourist_Information_Centre_Kranjska_Gora-Kranjska_Gora_Upper_Carniola_Region.html
Tourist Information Centre Kranjska Gora, 6, 10, Visitor Centers, Europe & Slovenia & Upper Carniola Region & Kranjska Gora & Things to Do in Kranjska Gora, 3.5, 46.48661, 13.78967, 433845735, 20161101, 20161001, 3.0, Tatjana M, https://www.tripadvisor.com/Profile/TatjanaM307, ee73f42512a031505c84a015fd0e3765, Excellent : 18 & Very Good : 15 & Average : 3 & Poor : 5 & Terrible : 7, /Attraction_Review-g274870-d8424883-Reviews-Tourist_Information_Centre_Kranjska_Gora-Kranjska_Gora_Upper_Carniola_Region.html
Tourist Information Centre Kranjska Gora, 6, 10, Visitor Centers, Europe & Slovenia & Upper Carniola Region & Kranjska Gora & Things to Do in Kranjska Gora, 3.5, 46.48661, 13.78967, 427951733, 20161001, 20161001, 5.0, Ales B, https://www.tripadvisor.com/Profile/182alesb, ff6e8868eb57d0371b567a9e29ab4c75, Excellent : 18 & Very Good : 15 & Average : 3 & Poor : 5 & Terrible : 7, /Attraction_Review-g274870-d8424883-Reviews-Tourist_Information_Centre_Kranjska_Gora-Kranjska_Gora_Upper_Carniola_Region.html
Tourist Information Centre Kranjska Gora, 6, 10, Visitor Centers, Europe & Slovenia & Upper Carniola Region & Kranjska Gora & Things to Do in Kranjska Gora, 3.5, 46.48661, 13.78967, 422970348, 20160901, 20160901, 1.0, cazsym63, https://www.tripadvisor.com/Profile/cazsym63, 624069debb6bd4134015fd6080d0e0f7, Excellent : 18 & Very Good : 15 & Average : 3 & Poor : 5 & Terrible : 7, /Attraction_Review-g274870-d8424883-Reviews-Tourist_Information_Centre_Kranjska_Gora-Kranjska_Gora_Upper_Carniola_Region.html
