review_location_name, review_current_page, review_last_page, review_location_type, review_location_breadcrumbs, review_location_rate, location_lat, location_lng, review_id, review_date, review_experience_date, review_rate, user_name, user_link, user_id, extra, parent_url
Postojna Cave, 778, 1259, Caverns & Caves, Europe & Slovenia & Inner Carniola Region & Postojna & Things to Do in Postojna, 4.5, 45.77471, 14.21301, 381537661, 20160601, 20160401, 5.0, UniversalTraversal, https://www.tripadvisor.com/Profile/UniversalTraversal, 22480186fa82174066cac205755b94eb, Excellent : 4&&437 & Very Good : 1&&394 & Average : 321 & Poor : 91 & Terrible : 48, /Attraction_Review-g274878-d277348-Reviews-Postojna_Cave-Postojna_Inner_Carniola_Region.html
Postojna Cave, 778, 1259, Caverns & Caves, Europe & Slovenia & Inner Carniola Region & Postojna & Things to Do in Postojna, 4.5, 45.77471, 14.21301, 381439860, 20160601, 20160601, 5.0, bellemonde, https://www.tripadvisor.com/Profile/bellemonde, 1f1fda1ab3f96cc682fce57245a42567, Excellent : 4&&437 & Very Good : 1&&394 & Average : 321 & Poor : 91 & Terrible : 48, /Attraction_Review-g274878-d277348-Reviews-Postojna_Cave-Postojna_Inner_Carniola_Region.html
Postojna Cave, 778, 1259, Caverns & Caves, Europe & Slovenia & Inner Carniola Region & Postojna & Things to Do in Postojna, 4.5, 45.77471, 14.21301, 381426320, 20160601, 20160601, 4.0, les f, https://www.tripadvisor.com/Profile/wizard60, f1c6fbb858e043a1bb02f545f051dbcd, Excellent : 4&&437 & Very Good : 1&&394 & Average : 321 & Poor : 91 & Terrible : 48, /Attraction_Review-g274878-d277348-Reviews-Postojna_Cave-Postojna_Inner_Carniola_Region.html
Postojna Cave, 778, 1259, Caverns & Caves, Europe & Slovenia & Inner Carniola Region & Postojna & Things to Do in Postojna, 4.5, 45.77471, 14.21301, 381328884, 20160601, 20160601, 5.0, Cathy N, https://www.tripadvisor.com/Profile/663cathyn, 3d4e1ec19fa25e9ba31fa89e5092f455, Excellent : 4&&437 & Very Good : 1&&394 & Average : 321 & Poor : 91 & Terrible : 48, /Attraction_Review-g274878-d277348-Reviews-Postojna_Cave-Postojna_Inner_Carniola_Region.html
Postojna Cave, 778, 1259, Caverns & Caves, Europe & Slovenia & Inner Carniola Region & Postojna & Things to Do in Postojna, 4.5, 45.77471, 14.21301, 381156828, 20160601, 20160601, 5.0, SLedda, https://www.tripadvisor.com/Profile/SLedda, 6771bc051d3224c1864d20c127e1bc9a, Excellent : 4&&437 & Very Good : 1&&394 & Average : 321 & Poor : 91 & Terrible : 48, /Attraction_Review-g274878-d277348-Reviews-Postojna_Cave-Postojna_Inner_Carniola_Region.html
