review_location_name, review_current_page, review_last_page, review_location_type, review_location_breadcrumbs, review_location_rate, location_lat, location_lng, review_id, review_date, review_experience_date, review_rate, user_name, user_link, user_id, extra, parent_url
Ljubljana Old Town, 1339, 1548, Neighborhoods, Europe & Slovenia & Upper Carniola Region & Ljubljana & Things to Do in Ljubljana, 4.5, 46.056934, 14.505641, 237561286, 20141101, 20141001, 4.0, andrea c, https://www.tripadvisor.com/Profile/andreacC2351DS, 1dffb506a6c81f94366e4cca5fec18da, Excellent : 5&&521 & Very Good : 1&&984 & Average : 199 & Poor : 24 & Terrible : 9, /Attraction_Review-g274873-d298666-Reviews-Ljubljana_Old_Town-Ljubljana_Upper_Carniola_Region.html
Ljubljana Old Town, 1339, 1548, Neighborhoods, Europe & Slovenia & Upper Carniola Region & Ljubljana & Things to Do in Ljubljana, 4.5, 46.056934, 14.505641, 237554804, 20141101, 20140901, 5.0, Daniel192, https://www.tripadvisor.com/Profile/Daniel192, 3e92d2c8d409ba71da58a4b174e0afeb, Excellent : 5&&521 & Very Good : 1&&984 & Average : 199 & Poor : 24 & Terrible : 9, /Attraction_Review-g274873-d298666-Reviews-Ljubljana_Old_Town-Ljubljana_Upper_Carniola_Region.html
Ljubljana Old Town, 1339, 1548, Neighborhoods, Europe & Slovenia & Upper Carniola Region & Ljubljana & Things to Do in Ljubljana, 4.5, 46.056934, 14.505641, 237533823, 20141101, 20141001, 4.0, TravellingNessy, https://www.tripadvisor.com/Profile/TravellingNessy, 8c181c92c3b621e14cbb76f0057cd6ff, Excellent : 5&&521 & Very Good : 1&&984 & Average : 199 & Poor : 24 & Terrible : 9, /Attraction_Review-g274873-d298666-Reviews-Ljubljana_Old_Town-Ljubljana_Upper_Carniola_Region.html
Ljubljana Old Town, 1339, 1548, Neighborhoods, Europe & Slovenia & Upper Carniola Region & Ljubljana & Things to Do in Ljubljana, 4.5, 46.056934, 14.505641, 237434259, 20141101, 20141101, 5.0, Ms_LAW_12, https://www.tripadvisor.com/Profile/Ms_LAW_12, ad7be30751fa9384e3ece5f278b494a5, Excellent : 5&&521 & Very Good : 1&&984 & Average : 199 & Poor : 24 & Terrible : 9, /Attraction_Review-g274873-d298666-Reviews-Ljubljana_Old_Town-Ljubljana_Upper_Carniola_Region.html
Ljubljana Old Town, 1339, 1548, Neighborhoods, Europe & Slovenia & Upper Carniola Region & Ljubljana & Things to Do in Ljubljana, 4.5, 46.056934, 14.505641, 237396769, 20141101, 20141001, 5.0, acorna, https://www.tripadvisor.com/Profile/acorna, 60d5f7d7dd605024c125cefd6fe033e4, Excellent : 5&&521 & Very Good : 1&&984 & Average : 199 & Poor : 24 & Terrible : 9, /Attraction_Review-g274873-d298666-Reviews-Ljubljana_Old_Town-Ljubljana_Upper_Carniola_Region.html
