review_location_name, review_current_page, review_last_page, review_location_type, review_location_breadcrumbs, review_location_rate, location_lat, location_lng, review_id, review_date, review_experience_date, review_rate, user_name, user_link, user_id, extra, parent_url
Predjama Castle, 589, 724, Castles, Europe & Slovenia & Inner Carniola Region & Postojna & Things to Do in Postojna, 4.5, 45.77471, 14.21301, 279105841, 20150601, 20150601, 4.0, Canuck2011_11, https://www.tripadvisor.com/Profile/Canuck2011_11, bd2db35141527ca2ba5e922c814c2d00, Excellent : 2&&386 & Very Good : 1&&001 & Average : 197 & Poor : 25 & Terrible : 11, /Attraction_Review-g274878-d277346-Reviews-Predjama_Castle-Postojna_Inner_Carniola_Region.html
Predjama Castle, 589, 724, Castles, Europe & Slovenia & Inner Carniola Region & Postojna & Things to Do in Postojna, 4.5, 45.77471, 14.21301, 279100726, 20150601, 20150501, 4.0, Helpmeimlost, https://www.tripadvisor.com/Profile/Helpmeimlost, 322b0e50925515357fa581458a7b0b58, Excellent : 2&&386 & Very Good : 1&&001 & Average : 197 & Poor : 25 & Terrible : 11, /Attraction_Review-g274878-d277346-Reviews-Predjama_Castle-Postojna_Inner_Carniola_Region.html
Predjama Castle, 589, 724, Castles, Europe & Slovenia & Inner Carniola Region & Postojna & Things to Do in Postojna, 4.5, 45.77471, 14.21301, 278479246, 20150601, 20150601, 4.0, Oldjack, https://www.tripadvisor.com/Profile/Oldjack, 3865583af8eb40fbcd34a6617fb0f4e4, Excellent : 2&&386 & Very Good : 1&&001 & Average : 197 & Poor : 25 & Terrible : 11, /Attraction_Review-g274878-d277346-Reviews-Predjama_Castle-Postojna_Inner_Carniola_Region.html
Predjama Castle, 589, 724, Castles, Europe & Slovenia & Inner Carniola Region & Postojna & Things to Do in Postojna, 4.5, 45.77471, 14.21301, 278478499, 20150601, 20150501, 3.0, 48Canadian_Traveller, https://www.tripadvisor.com/Profile/48Canadian_Traveller, b523a68017bf41a0ebae86ff10ff48b9, Excellent : 2&&386 & Very Good : 1&&001 & Average : 197 & Poor : 25 & Terrible : 11, /Attraction_Review-g274878-d277346-Reviews-Predjama_Castle-Postojna_Inner_Carniola_Region.html
Predjama Castle, 589, 724, Castles, Europe & Slovenia & Inner Carniola Region & Postojna & Things to Do in Postojna, 4.5, 45.77471, 14.21301, 278425596, 20150601, 20150601, 4.0, D4tt4, https://www.tripadvisor.com/Profile/D4tt4, 5768eaf3da6f8eb2c769bf0c615d725e, Excellent : 2&&386 & Very Good : 1&&001 & Average : 197 & Poor : 25 & Terrible : 11, /Attraction_Review-g274878-d277346-Reviews-Predjama_Castle-Postojna_Inner_Carniola_Region.html
