review_location_name, review_current_page, review_last_page, review_location_type, review_location_breadcrumbs, review_location_rate, location_lat, location_lng, review_id, review_date, review_experience_date, review_rate, user_name, user_link, user_id, extra, parent_url
Minicity Ljubljana, 4, 17, Theme Parks, Europe & Slovenia & Upper Carniola Region & Ljubljana & Things to Do in Ljubljana, 4.5, 46.056934, 14.505641, 656754258, 20190301, 20190301, 5.0, papahuhu, https://www.tripadvisor.com/Profile/papahuhu, 103ea499deb4b415c2eb503502e8d513, Excellent : 72 & Very Good : 6 & Average : 1 & Poor : 2 & Terrible : 2, /Attraction_Review-g274873-d8072554-Reviews-Minicity_Ljubljana-Ljubljana_Upper_Carniola_Region.html
Minicity Ljubljana, 4, 17, Theme Parks, Europe & Slovenia & Upper Carniola Region & Ljubljana & Things to Do in Ljubljana, 4.5, 46.056934, 14.505641, 646983074, 20190101, 20190101, 1.0, Dejan S, https://www.tripadvisor.com/Profile/985dejans, eeedc5d128c8b61e03dc33cbf3ddeded, Excellent : 72 & Very Good : 6 & Average : 1 & Poor : 2 & Terrible : 2, /Attraction_Review-g274873-d8072554-Reviews-Minicity_Ljubljana-Ljubljana_Upper_Carniola_Region.html
Minicity Ljubljana, 4, 17, Theme Parks, Europe & Slovenia & Upper Carniola Region & Ljubljana & Things to Do in Ljubljana, 4.5, 46.056934, 14.505641, 550287693, 20171201, 20171201, 4.0, Michelle G, https://www.tripadvisor.com/Profile/michelleg335, ed7edd62553cb8e7570e8358afa016ed, Excellent : 72 & Very Good : 6 & Average : 1 & Poor : 2 & Terrible : 2, /Attraction_Review-g274873-d8072554-Reviews-Minicity_Ljubljana-Ljubljana_Upper_Carniola_Region.html
Minicity Ljubljana, 4, 17, Theme Parks, Europe & Slovenia & Upper Carniola Region & Ljubljana & Things to Do in Ljubljana, 4.5, 46.056934, 14.505641, 516400878, 20170801, 20170801, 5.0, Simona V, https://www.tripadvisor.com/Profile/777simonav, 0a89e7f9b7a36691852d076304cc3ef1, Excellent : 72 & Very Good : 6 & Average : 1 & Poor : 2 & Terrible : 2, /Attraction_Review-g274873-d8072554-Reviews-Minicity_Ljubljana-Ljubljana_Upper_Carniola_Region.html
Minicity Ljubljana, 4, 17, Theme Parks, Europe & Slovenia & Upper Carniola Region & Ljubljana & Things to Do in Ljubljana, 4.5, 46.056934, 14.505641, 509552899, 20170801, 20170801, 5.0, lesleyjaneb, https://www.tripadvisor.com/Profile/lesleyjaneb, 6dedb020d8e4350666548599695758b1, Excellent : 72 & Very Good : 6 & Average : 1 & Poor : 2 & Terrible : 2, /Attraction_Review-g274873-d8072554-Reviews-Minicity_Ljubljana-Ljubljana_Upper_Carniola_Region.html
