review_location_name, review_current_page, review_last_page, review_location_type, review_location_breadcrumbs, review_location_rate, location_lat, location_lng, review_id, review_date, review_experience_date, review_rate, user_name, user_link, user_id, extra, parent_url
Preseren Square, 249, 420, Points of Interest & Landmarks, Europe & Slovenia & Upper Carniola Region & Ljubljana & Things to Do in Ljubljana, 4.5, 46.056934, 14.505641, 380872239, 20160601, 20160601, 5.0, Michael S, https://www.tripadvisor.com/Profile/K3534TOmichaels, e05b6a4973c33e98da5ef1e77f104a44, Excellent : 1&&088 & Very Good : 855 & Average : 147 & Poor : 8 & Terrible : 2, /Attraction_Review-g274873-d298648-Reviews-Preseren_Square-Ljubljana_Upper_Carniola_Region.html
Preseren Square, 249, 420, Points of Interest & Landmarks, Europe & Slovenia & Upper Carniola Region & Ljubljana & Things to Do in Ljubljana, 4.5, 46.056934, 14.505641, 380579787, 20160601, 20160601, 3.0, Hanmin J, https://www.tripadvisor.com/Profile/hanminj2016, 8ed0aa375eaf5ef4e4b19497e6c8bf98, Excellent : 1&&088 & Very Good : 855 & Average : 147 & Poor : 8 & Terrible : 2, /Attraction_Review-g274873-d298648-Reviews-Preseren_Square-Ljubljana_Upper_Carniola_Region.html
Preseren Square, 249, 420, Points of Interest & Landmarks, Europe & Slovenia & Upper Carniola Region & Ljubljana & Things to Do in Ljubljana, 4.5, 46.056934, 14.505641, 380560255, 20160601, 20160601, 3.0, andrea b, https://www.tripadvisor.com/Profile/E5961IZandreab, 67aaf5b2681a65238939db10d15ec8c1, Excellent : 1&&088 & Very Good : 855 & Average : 147 & Poor : 8 & Terrible : 2, /Attraction_Review-g274873-d298648-Reviews-Preseren_Square-Ljubljana_Upper_Carniola_Region.html
Preseren Square, 249, 420, Points of Interest & Landmarks, Europe & Slovenia & Upper Carniola Region & Ljubljana & Things to Do in Ljubljana, 4.5, 46.056934, 14.505641, 380559579, 20160601, 20160501, 5.0, tatjanavucko, https://www.tripadvisor.com/Profile/tatjanavucko, fcbb735735f3908d3dfacf8cf1759eb5, Excellent : 1&&088 & Very Good : 855 & Average : 147 & Poor : 8 & Terrible : 2, /Attraction_Review-g274873-d298648-Reviews-Preseren_Square-Ljubljana_Upper_Carniola_Region.html
Preseren Square, 249, 420, Points of Interest & Landmarks, Europe & Slovenia & Upper Carniola Region & Ljubljana & Things to Do in Ljubljana, 4.5, 46.056934, 14.505641, 380408276, 20160601, 20160601, 4.0, Ryosurg, https://www.tripadvisor.com/Profile/Ryosurg, b42d4a3ac0f4093dbcc157e4f6cfcc4b, Excellent : 1&&088 & Very Good : 855 & Average : 147 & Poor : 8 & Terrible : 2, /Attraction_Review-g274873-d298648-Reviews-Preseren_Square-Ljubljana_Upper_Carniola_Region.html
