review_location_name, review_current_page, review_last_page, review_location_type, review_location_breadcrumbs, review_location_rate, location_lat, location_lng, review_id, review_date, review_experience_date, review_rate, user_name, user_link, user_id, extra, parent_url
The Ljubljana Castle, 147, 1617, Points of Interest & Landmarks & Castles, Europe & Slovenia & Upper Carniola Region & Ljubljana & Things to Do in Ljubljana, 4.0, 46.056934, 14.505641, 676859969, 20190501, 20190501, 5.0, James H, https://www.tripadvisor.com/Profile/jameshE8231CK, b0ea74947156871624f0bcc20874aa28, Excellent : 2&&692 & Very Good : 3&&089 & Average : 1&&712 & Poor : 436 & Terrible : 155, /Attraction_Review-g274873-d6924839-Reviews-The_Ljubljana_Castle-Ljubljana_Upper_Carniola_Region.html
The Ljubljana Castle, 147, 1617, Points of Interest & Landmarks & Castles, Europe & Slovenia & Upper Carniola Region & Ljubljana & Things to Do in Ljubljana, 4.0, 46.056934, 14.505641, 676763687, 20190501, 20190401, 4.0, Wonderrose, https://www.tripadvisor.com/Profile/77wwww, 9cf14aed75532c20cfb64696d935619d, Excellent : 2&&692 & Very Good : 3&&089 & Average : 1&&712 & Poor : 436 & Terrible : 155, /Attraction_Review-g274873-d6924839-Reviews-The_Ljubljana_Castle-Ljubljana_Upper_Carniola_Region.html
The Ljubljana Castle, 147, 1617, Points of Interest & Landmarks & Castles, Europe & Slovenia & Upper Carniola Region & Ljubljana & Things to Do in Ljubljana, 4.0, 46.056934, 14.505641, 676567987, 20190501, 20190501, 5.0, Lizzy C, https://www.tripadvisor.com/Profile/873lizzyc, 9f9beaef8606e66175d64cfd3252305e, Excellent : 2&&692 & Very Good : 3&&089 & Average : 1&&712 & Poor : 436 & Terrible : 155, /Attraction_Review-g274873-d6924839-Reviews-The_Ljubljana_Castle-Ljubljana_Upper_Carniola_Region.html
The Ljubljana Castle, 147, 1617, Points of Interest & Landmarks & Castles, Europe & Slovenia & Upper Carniola Region & Ljubljana & Things to Do in Ljubljana, 4.0, 46.056934, 14.505641, 675911615, 20190501, 20190501, 5.0, FEWhite, https://www.tripadvisor.com/Profile/FEWbrains, 4d511aad5543d77cd93cf006aaa6dc01, Excellent : 2&&692 & Very Good : 3&&089 & Average : 1&&712 & Poor : 436 & Terrible : 155, /Attraction_Review-g274873-d6924839-Reviews-The_Ljubljana_Castle-Ljubljana_Upper_Carniola_Region.html
The Ljubljana Castle, 147, 1617, Points of Interest & Landmarks & Castles, Europe & Slovenia & Upper Carniola Region & Ljubljana & Things to Do in Ljubljana, 4.0, 46.056934, 14.505641, 675864737, 20190501, 20190501, 4.0, Alex L., https://www.tripadvisor.com/Profile/Alexlei95, 6b6a68608bfa04ef8c1cca6be65786ad, Excellent : 2&&692 & Very Good : 3&&089 & Average : 1&&712 & Poor : 436 & Terrible : 155, /Attraction_Review-g274873-d6924839-Reviews-The_Ljubljana_Castle-Ljubljana_Upper_Carniola_Region.html
