review_location_name, review_current_page, review_last_page, review_location_type, review_location_breadcrumbs, review_location_rate, location_lat, location_lng, review_id, review_date, review_experience_date, review_rate, user_name, user_link, user_id, extra, parent_url
Skyscraper (Nebotičnik), 50, 99, Architectural Buildings & Observation Decks & Towers, Europe & Slovenia & Upper Carniola Region & Ljubljana & Things to Do in Ljubljana, 4.0, 46.056934, 14.505641, 511856538, 20170801, 20170801, 4.0, Helen W, https://www.tripadvisor.com/Profile/helenw268, 81acd0928454c3f286738e816a6427ed, Excellent : 237 & Very Good : 170 & Average : 54 & Poor : 19 & Terrible : 15, /Attraction_Review-g274873-d8382117-Reviews-Skyscraper_Neboticnik-Ljubljana_Upper_Carniola_Region.html
Skyscraper (Nebotičnik), 50, 99, Architectural Buildings & Observation Decks & Towers, Europe & Slovenia & Upper Carniola Region & Ljubljana & Things to Do in Ljubljana, 4.0, 46.056934, 14.505641, 510711636, 20170801, 20170801, 4.0, tomdaq, https://www.tripadvisor.com/Profile/tomdaq, 5f8765e985aaad0bdb75f4316a924baf, Excellent : 237 & Very Good : 170 & Average : 54 & Poor : 19 & Terrible : 15, /Attraction_Review-g274873-d8382117-Reviews-Skyscraper_Neboticnik-Ljubljana_Upper_Carniola_Region.html
Skyscraper (Nebotičnik), 50, 99, Architectural Buildings & Observation Decks & Towers, Europe & Slovenia & Upper Carniola Region & Ljubljana & Things to Do in Ljubljana, 4.0, 46.056934, 14.505641, 509716700, 20170801, 20170801, 5.0, Yorkyhorse, https://www.tripadvisor.com/Profile/Yorkyhorse, f0c1b467bda23d1ec4cfb4ddefdac26d, Excellent : 237 & Very Good : 170 & Average : 54 & Poor : 19 & Terrible : 15, /Attraction_Review-g274873-d8382117-Reviews-Skyscraper_Neboticnik-Ljubljana_Upper_Carniola_Region.html
Skyscraper (Nebotičnik), 50, 99, Architectural Buildings & Observation Decks & Towers, Europe & Slovenia & Upper Carniola Region & Ljubljana & Things to Do in Ljubljana, 4.0, 46.056934, 14.505641, 508380208, 20170801, 20170801, 3.0, Sergey S, https://www.tripadvisor.com/Profile/40sergeys, 76a310749e08a79cf5df202c328ec0d1, Excellent : 237 & Very Good : 170 & Average : 54 & Poor : 19 & Terrible : 15, /Attraction_Review-g274873-d8382117-Reviews-Skyscraper_Neboticnik-Ljubljana_Upper_Carniola_Region.html
Skyscraper (Nebotičnik), 50, 99, Architectural Buildings & Observation Decks & Towers, Europe & Slovenia & Upper Carniola Region & Ljubljana & Things to Do in Ljubljana, 4.0, 46.056934, 14.505641, 508197722, 20170801, 20170801, 5.0, MariR270694, https://www.tripadvisor.com/Profile/MariR270694, 7e3232efbfeaabd6aeef16ee9f4a18ac, Excellent : 237 & Very Good : 170 & Average : 54 & Poor : 19 & Terrible : 15, /Attraction_Review-g274873-d8382117-Reviews-Skyscraper_Neboticnik-Ljubljana_Upper_Carniola_Region.html
