review_location_name, review_current_page, review_last_page, review_location_type, review_location_breadcrumbs, review_location_rate, location_lat, location_lng, review_id, review_date, review_experience_date, review_rate, user_name, user_link, user_id, extra, parent_url
Portoroz Beach, 13, 128, Beaches, Europe & Slovenia & Slovenian Littoral Region & Portoroz & Things to Do in Portoroz, 3.5, 45.51589, 13.59462, 669686139, 20190401, 20190401, 3.0, U1371KOroberto, https://www.tripadvisor.com/Profile/U1371KOroberto, 72bb2e8f15548c805b05424a586b89c2, Excellent : 147 & Very Good : 217 & Average : 170 & Poor : 72 & Terrible : 33, /Attraction_Review-g274877-d3451033-Reviews-Portoroz_Beach-Portoroz_Slovenian_Littoral_Region.html
Portoroz Beach, 13, 128, Beaches, Europe & Slovenia & Slovenian Littoral Region & Portoroz & Things to Do in Portoroz, 3.5, 45.51589, 13.59462, 668568207, 20190401, 20190401, 5.0, Valeria M, https://www.tripadvisor.com/Profile/G5102BVvaleriam, 2dfaa61a17bed493acdcd3e0ab3c54ea, Excellent : 147 & Very Good : 217 & Average : 170 & Poor : 72 & Terrible : 33, /Attraction_Review-g274877-d3451033-Reviews-Portoroz_Beach-Portoroz_Slovenian_Littoral_Region.html
Portoroz Beach, 13, 128, Beaches, Europe & Slovenia & Slovenian Littoral Region & Portoroz & Things to Do in Portoroz, 3.5, 45.51589, 13.59462, 667615245, 20190401, 20190401, 3.0, Erich S, https://www.tripadvisor.com/Profile/Erich_Sch, 72bac58d4306f09fbf973fce9d304987, Excellent : 147 & Very Good : 217 & Average : 170 & Poor : 72 & Terrible : 33, /Attraction_Review-g274877-d3451033-Reviews-Portoroz_Beach-Portoroz_Slovenian_Littoral_Region.html
Portoroz Beach, 13, 128, Beaches, Europe & Slovenia & Slovenian Littoral Region & Portoroz & Things to Do in Portoroz, 3.5, 45.51589, 13.59462, 665742053, 20190401, 20190401, 1.0, Behrchen, https://www.tripadvisor.com/Profile/Behrchen123, d332e1e27b720bcf1ff9189d4f6e6544, Excellent : 147 & Very Good : 217 & Average : 170 & Poor : 72 & Terrible : 33, /Attraction_Review-g274877-d3451033-Reviews-Portoroz_Beach-Portoroz_Slovenian_Littoral_Region.html
Portoroz Beach, 13, 128, Beaches, Europe & Slovenia & Slovenian Littoral Region & Portoroz & Things to Do in Portoroz, 3.5, 45.51589, 13.59462, 663499114, 20190401, 20180801, 3.0, MBSV6, https://www.tripadvisor.com/Profile/MBSV6, e4fa598063af5fed41e28850305707a4, Excellent : 147 & Very Good : 217 & Average : 170 & Poor : 72 & Terrible : 33, /Attraction_Review-g274877-d3451033-Reviews-Portoroz_Beach-Portoroz_Slovenian_Littoral_Region.html
