review_location_name, review_current_page, review_last_page, review_location_type, review_location_breadcrumbs, review_location_rate, location_lat, location_lng, review_id, review_date, review_experience_date, review_rate, user_name, user_link, user_id, extra, parent_url
Triple Bridge (Tromostovje), 470, 745, Bridges, Europe & Slovenia & Upper Carniola Region & Ljubljana & Things to Do in Ljubljana, 4.5, 46.056934, 14.505641, 380468891, 20160601, 20160601, 5.0, Travel_away_10, https://www.tripadvisor.com/Profile/Travel_away_10, 284cc9fcb0b5f420330982b1ba84679a, Excellent : 1&&846 & Very Good : 1&&427 & Average : 417 & Poor : 30 & Terrible : 4, /Attraction_Review-g274873-d276335-Reviews-Triple_Bridge_Tromostovje-Ljubljana_Upper_Carniola_Region.html
Triple Bridge (Tromostovje), 470, 745, Bridges, Europe & Slovenia & Upper Carniola Region & Ljubljana & Things to Do in Ljubljana, 4.5, 46.056934, 14.505641, 380374612, 20160601, 20150801, 4.0, victor raul T, https://www.tripadvisor.com/Profile/victorraulT, be6d2579c041d2af2b6da831b5ae6a9d, Excellent : 1&&846 & Very Good : 1&&427 & Average : 417 & Poor : 30 & Terrible : 4, /Attraction_Review-g274873-d276335-Reviews-Triple_Bridge_Tromostovje-Ljubljana_Upper_Carniola_Region.html
Triple Bridge (Tromostovje), 470, 745, Bridges, Europe & Slovenia & Upper Carniola Region & Ljubljana & Things to Do in Ljubljana, 4.5, 46.056934, 14.505641, 380303145, 20160601, 20160601, 5.0, Vanswieten, https://www.tripadvisor.com/Profile/Vanswieten, 502c19d7409723927be86e1453ede5b2, Excellent : 1&&846 & Very Good : 1&&427 & Average : 417 & Poor : 30 & Terrible : 4, /Attraction_Review-g274873-d276335-Reviews-Triple_Bridge_Tromostovje-Ljubljana_Upper_Carniola_Region.html
Triple Bridge (Tromostovje), 470, 745, Bridges, Europe & Slovenia & Upper Carniola Region & Ljubljana & Things to Do in Ljubljana, 4.5, 46.056934, 14.505641, 380125463, 20160601, 20160601, 5.0, Mb1322014, https://www.tripadvisor.com/Profile/Mb1322014, 79e96d9f5aef6057c71c253995fb70be, Excellent : 1&&846 & Very Good : 1&&427 & Average : 417 & Poor : 30 & Terrible : 4, /Attraction_Review-g274873-d276335-Reviews-Triple_Bridge_Tromostovje-Ljubljana_Upper_Carniola_Region.html
Triple Bridge (Tromostovje), 470, 745, Bridges, Europe & Slovenia & Upper Carniola Region & Ljubljana & Things to Do in Ljubljana, 4.5, 46.056934, 14.505641, 380035803, 20160601, 20160601, 5.0, petrj1978, https://www.tripadvisor.com/Profile/petrj1978, 7b9cc5ef4ade4d646f090583eed44cd2, Excellent : 1&&846 & Very Good : 1&&427 & Average : 417 & Poor : 30 & Terrible : 4, /Attraction_Review-g274873-d276335-Reviews-Triple_Bridge_Tromostovje-Ljubljana_Upper_Carniola_Region.html
