review_location_name, review_current_page, review_last_page, review_location_type, review_location_breadcrumbs, review_location_rate, location_lat, location_lng, review_id, review_date, review_experience_date, review_rate, user_name, user_link, user_id, extra, parent_url
Turistično Združenje Izola, 2, 4, Visitor Centers, Europe & Slovenia & Slovenian Littoral Region & Slovenian Istria & Izola & Things to Do in Izola, 4.5, 45.5367, 13.664343, 635321737, 20181101, 20180801, 5.0, 3m1r Kh4l1f4, https://www.tripadvisor.com/Profile/3m1r, c33ba783b3b1bd999b5d750ac10f6ac9, Excellent : 13 & Very Good : 7 & Average : 0 & Poor : 0 & Terrible : 0, /Attraction_Review-g608962-d10712065-Reviews-Turisticno_Zdruzenje_Izola-Izola_Slovenian_Istria_Slovenian_Littoral_Region.html
Turistično Združenje Izola, 2, 4, Visitor Centers, Europe & Slovenia & Slovenian Littoral Region & Slovenian Istria & Izola & Things to Do in Izola, 4.5, 45.5367, 13.664343, 590546019, 20180601, 20180601, 5.0, David R, https://www.tripadvisor.com/Profile/davidrC7258YG, 30f18d6e75bb6421e1f9fa670c818cd2, Excellent : 13 & Very Good : 7 & Average : 0 & Poor : 0 & Terrible : 0, /Attraction_Review-g608962-d10712065-Reviews-Turisticno_Zdruzenje_Izola-Izola_Slovenian_Istria_Slovenian_Littoral_Region.html
Turistično Združenje Izola, 2, 4, Visitor Centers, Europe & Slovenia & Slovenian Littoral Region & Slovenian Istria & Izola & Things to Do in Izola, 4.5, 45.5367, 13.664343, 574479096, 20180401, 20170701, 4.0, ashuach, https://www.tripadvisor.com/Profile/ashuach, 3612780e287a997f55c45161e0797ec4, Excellent : 13 & Very Good : 7 & Average : 0 & Poor : 0 & Terrible : 0, /Attraction_Review-g608962-d10712065-Reviews-Turisticno_Zdruzenje_Izola-Izola_Slovenian_Istria_Slovenian_Littoral_Region.html
Turistično Združenje Izola, 2, 4, Visitor Centers, Europe & Slovenia & Slovenian Littoral Region & Slovenian Istria & Izola & Things to Do in Izola, 4.5, 45.5367, 13.664343, 551087563, 20180101, 20171101, 5.0, Bianca M, https://www.tripadvisor.com/Profile/325biancam, 29591b4891c6f1bb688b5e2403ec0a71, Excellent : 13 & Very Good : 7 & Average : 0 & Poor : 0 & Terrible : 0, /Attraction_Review-g608962-d10712065-Reviews-Turisticno_Zdruzenje_Izola-Izola_Slovenian_Istria_Slovenian_Littoral_Region.html
Turistično Združenje Izola, 2, 4, Visitor Centers, Europe & Slovenia & Slovenian Littoral Region & Slovenian Istria & Izola & Things to Do in Izola, 4.5, 45.5367, 13.664343, 547107809, 20171201, 20171101, 5.0, ふるーるさん, https://www.tripadvisor.com/Profile/Wander809500, e3b592f333b07078b5070ccd3f4f5158, Excellent : 13 & Very Good : 7 & Average : 0 & Poor : 0 & Terrible : 0, /Attraction_Review-g608962-d10712065-Reviews-Turisticno_Zdruzenje_Izola-Izola_Slovenian_Istria_Slovenian_Littoral_Region.html
