review_location_name, review_current_page, review_last_page, review_location_type, review_location_breadcrumbs, review_location_rate, location_lat, location_lng, review_id, review_date, review_experience_date, review_rate, user_name, user_link, user_id, extra, parent_url
Thermal Park Aquluna, 6, 10, Water Parks, Europe & Slovenia & Styria Region & Podcetrtek & Things to Do in Podcetrtek, 4.0, 46.156895, 15.596601, 516905252, 20170801, 20170501, 5.0, Алена М, https://www.tripadvisor.com/Profile/_U1218AT, ed71b117f8dde84a20619ee95f870c68, Excellent : 21 & Very Good : 15 & Average : 6 & Poor : 2 & Terrible : 3, /Attraction_Review-g1057702-d11622876-Reviews-Thermal_Park_Aquluna-Podcetrtek_Styria_Region.html
Thermal Park Aquluna, 6, 10, Water Parks, Europe & Slovenia & Styria Region & Podcetrtek & Things to Do in Podcetrtek, 4.0, 46.156895, 15.596601, 516583656, 20170801, 20170801, 3.0, Jennifer V, https://www.tripadvisor.com/Profile/57jenniferv, ba6010db2ec7742f605662cf356bd7e5, Excellent : 21 & Very Good : 15 & Average : 6 & Poor : 2 & Terrible : 3, /Attraction_Review-g1057702-d11622876-Reviews-Thermal_Park_Aquluna-Podcetrtek_Styria_Region.html
Thermal Park Aquluna, 6, 10, Water Parks, Europe & Slovenia & Styria Region & Podcetrtek & Things to Do in Podcetrtek, 4.0, 46.156895, 15.596601, 516424556, 20170801, 20170801, 5.0, josefd2015, https://www.tripadvisor.com/Profile/josefd2015, eeab7385d43d9e2132b5924a2e5e41bc, Excellent : 21 & Very Good : 15 & Average : 6 & Poor : 2 & Terrible : 3, /Attraction_Review-g1057702-d11622876-Reviews-Thermal_Park_Aquluna-Podcetrtek_Styria_Region.html
Thermal Park Aquluna, 6, 10, Water Parks, Europe & Slovenia & Styria Region & Podcetrtek & Things to Do in Podcetrtek, 4.0, 46.156895, 15.596601, 515278300, 20170801, 20170801, 3.0, zecco_65, https://www.tripadvisor.com/Profile/zecco_65, 1457828c3eea1a9bd75f6dd4235d7ffb, Excellent : 21 & Very Good : 15 & Average : 6 & Poor : 2 & Terrible : 3, /Attraction_Review-g1057702-d11622876-Reviews-Thermal_Park_Aquluna-Podcetrtek_Styria_Region.html
Thermal Park Aquluna, 6, 10, Water Parks, Europe & Slovenia & Styria Region & Podcetrtek & Things to Do in Podcetrtek, 4.0, 46.156895, 15.596601, 515069635, 20170801, 20170801, 5.0, ivy1065, https://www.tripadvisor.com/Profile/ivy1065, 6ee633c903cd1b506795cc64aad2f5eb, Excellent : 21 & Very Good : 15 & Average : 6 & Poor : 2 & Terrible : 3, /Attraction_Review-g1057702-d11622876-Reviews-Thermal_Park_Aquluna-Podcetrtek_Styria_Region.html
