review_location_name, review_current_page, review_last_page, review_location_type, review_location_breadcrumbs, review_location_rate, location_lat, location_lng, review_id, review_date, review_experience_date, review_rate, user_name, user_link, user_id, extra, parent_url
Kobarid Museum (Kobariski muzej), 57, 102, Specialty Museums, Europe & Slovenia & Slovenian Littoral Region & Kobarid & Things to Do in Kobarid, 4.5, 46.24709, 13.57934, 380019712, 20160601, 20160601, 5.0, Little_brown_cutie, https://www.tripadvisor.com/Profile/Little_brown_cutie, bc71258c43e76667d551d99efdf8dd51, Excellent : 329 & Very Good : 157 & Average : 20 & Poor : 1 & Terrible : 2, /Attraction_Review-g319788-d276481-Reviews-Kobarid_Museum_Kobariski_muzej-Kobarid_Slovenian_Littoral_Region.html
Kobarid Museum (Kobariski muzej), 57, 102, Specialty Museums, Europe & Slovenia & Slovenian Littoral Region & Kobarid & Things to Do in Kobarid, 4.5, 46.24709, 13.57934, 379378727, 20160601, 20160601, 4.0, Hilly202, https://www.tripadvisor.com/Profile/Hilly202, 55862aba1592370c529c399b8a4f4f40, Excellent : 329 & Very Good : 157 & Average : 20 & Poor : 1 & Terrible : 2, /Attraction_Review-g319788-d276481-Reviews-Kobarid_Museum_Kobariski_muzej-Kobarid_Slovenian_Littoral_Region.html
Kobarid Museum (Kobariski muzej), 57, 102, Specialty Museums, Europe & Slovenia & Slovenian Littoral Region & Kobarid & Things to Do in Kobarid, 4.5, 46.24709, 13.57934, 378920562, 20160601, 20160401, 5.0, Bruno G, https://www.tripadvisor.com/Profile/brunogC7472GU, fcc75cc203f07e27154f97e503fea021, Excellent : 329 & Very Good : 157 & Average : 20 & Poor : 1 & Terrible : 2, /Attraction_Review-g319788-d276481-Reviews-Kobarid_Museum_Kobariski_muzej-Kobarid_Slovenian_Littoral_Region.html
Kobarid Museum (Kobariski muzej), 57, 102, Specialty Museums, Europe & Slovenia & Slovenian Littoral Region & Kobarid & Things to Do in Kobarid, 4.5, 46.24709, 13.57934, 374990983, 20160501, 20160501, 5.0, Tigerfan85, https://www.tripadvisor.com/Profile/Tigerfan85, 6afb73f79c0f841aa0cdc035cc99a3b9, Excellent : 329 & Very Good : 157 & Average : 20 & Poor : 1 & Terrible : 2, /Attraction_Review-g319788-d276481-Reviews-Kobarid_Museum_Kobariski_muzej-Kobarid_Slovenian_Littoral_Region.html
Kobarid Museum (Kobariski muzej), 57, 102, Specialty Museums, Europe & Slovenia & Slovenian Littoral Region & Kobarid & Things to Do in Kobarid, 4.5, 46.24709, 13.57934, 373641867, 20160501, 20160501, 5.0, DarFal, https://www.tripadvisor.com/Profile/DarFal, 1efe6ee5a2a7703ce38cc2b3db2b0fb2, Excellent : 329 & Very Good : 157 & Average : 20 & Poor : 1 & Terrible : 2, /Attraction_Review-g319788-d276481-Reviews-Kobarid_Museum_Kobariski_muzej-Kobarid_Slovenian_Littoral_Region.html
