review_location_name, review_current_page, review_last_page, review_location_type, review_location_breadcrumbs, review_location_rate, location_lat, location_lng, review_id, review_date, review_experience_date, review_rate, user_name, user_link, user_id, extra, parent_url
Vrsic Pass - Julian Alps, 61, 72, Nature & Wildlife Areas, Europe & Slovenia & Upper Carniola Region & Kranjska Gora & Things to Do in Kranjska Gora, 4.5, 46.48661, 13.78967, 286003932, 20150701, 20150701, 5.0, lindaL2776DB, https://www.tripadvisor.com/Profile/lindaL2776DB, 9fe9f6be18386c87465f288e07aa5554, Excellent : 264 & Very Good : 83 & Average : 10 & Poor : 2 & Terrible : 1, /Attraction_Review-g274870-d3630674-Reviews-Vrsic_Pass_Julian_Alps-Kranjska_Gora_Upper_Carniola_Region.html
Vrsic Pass - Julian Alps, 61, 72, Nature & Wildlife Areas, Europe & Slovenia & Upper Carniola Region & Kranjska Gora & Things to Do in Kranjska Gora, 4.5, 46.48661, 13.78967, 285787929, 20150701, 20150601, 5.0, Chantal M, https://www.tripadvisor.com/Profile/bibifricotin91, 908640194a0ecb0ad92c899933a6f295, Excellent : 264 & Very Good : 83 & Average : 10 & Poor : 2 & Terrible : 1, /Attraction_Review-g274870-d3630674-Reviews-Vrsic_Pass_Julian_Alps-Kranjska_Gora_Upper_Carniola_Region.html
Vrsic Pass - Julian Alps, 61, 72, Nature & Wildlife Areas, Europe & Slovenia & Upper Carniola Region & Kranjska Gora & Things to Do in Kranjska Gora, 4.5, 46.48661, 13.78967, 284736485, 20150701, 20150601, 5.0, TobiHoe, https://www.tripadvisor.com/Profile/TobiHoe, 5715b4c4abddca090ac363fc7272438b, Excellent : 264 & Very Good : 83 & Average : 10 & Poor : 2 & Terrible : 1, /Attraction_Review-g274870-d3630674-Reviews-Vrsic_Pass_Julian_Alps-Kranjska_Gora_Upper_Carniola_Region.html
Vrsic Pass - Julian Alps, 61, 72, Nature & Wildlife Areas, Europe & Slovenia & Upper Carniola Region & Kranjska Gora & Things to Do in Kranjska Gora, 4.5, 46.48661, 13.78967, 283554219, 20150601, 20150601, 5.0, Kylie145, https://www.tripadvisor.com/Profile/Kylie145, e1fd4bff1e15da49922fc09186faa312, Excellent : 264 & Very Good : 83 & Average : 10 & Poor : 2 & Terrible : 1, /Attraction_Review-g274870-d3630674-Reviews-Vrsic_Pass_Julian_Alps-Kranjska_Gora_Upper_Carniola_Region.html
Vrsic Pass - Julian Alps, 61, 72, Nature & Wildlife Areas, Europe & Slovenia & Upper Carniola Region & Kranjska Gora & Things to Do in Kranjska Gora, 4.5, 46.48661, 13.78967, 283234583, 20150601, 20150601, 5.0, sonoscozzese, https://www.tripadvisor.com/Profile/sonoscozzese, 57d8ee3170a216a6e46f3fb63e3d95fe, Excellent : 264 & Very Good : 83 & Average : 10 & Poor : 2 & Terrible : 1, /Attraction_Review-g274870-d3630674-Reviews-Vrsic_Pass_Julian_Alps-Kranjska_Gora_Upper_Carniola_Region.html
