review_location_name, review_current_page, review_last_page, review_location_type, review_location_breadcrumbs, review_location_rate, location_lat, location_lng, review_id, review_date, review_experience_date, review_rate, user_name, user_link, user_id, extra, parent_url
Old Square (Stari trg), 15, 56, Points of Interest & Landmarks, Europe & Slovenia & Upper Carniola Region & Ljubljana & Things to Do in Ljubljana, 4.0, 46.056934, 14.505641, 610371338, 20180801, 20180801, 4.0, Toru N, https://www.tripadvisor.com/Profile/ToruN41, 305199b874ca5f50cea1b0bd8994d7ed, Excellent : 100 & Very Good : 145 & Average : 30 & Poor : 2 & Terrible : 2, /Attraction_Review-g274873-d276331-Reviews-Old_Square_Stari_trg-Ljubljana_Upper_Carniola_Region.html
Old Square (Stari trg), 15, 56, Points of Interest & Landmarks, Europe & Slovenia & Upper Carniola Region & Ljubljana & Things to Do in Ljubljana, 4.0, 46.056934, 14.505641, 606777215, 20180801, 20170901, 4.0, Valdemir Eric F, https://www.tripadvisor.com/Profile/511valdemirf, 9d273787cae012b8e50f1a31bfb4a8a2, Excellent : 100 & Very Good : 145 & Average : 30 & Poor : 2 & Terrible : 2, /Attraction_Review-g274873-d276331-Reviews-Old_Square_Stari_trg-Ljubljana_Upper_Carniola_Region.html
Old Square (Stari trg), 15, 56, Points of Interest & Landmarks, Europe & Slovenia & Upper Carniola Region & Ljubljana & Things to Do in Ljubljana, 4.0, 46.056934, 14.505641, 605446462, 20180801, 20180701, 5.0, María Laura, https://www.tripadvisor.com/Profile/Malauradeviaje, f4b56cbd2e96b880e02b0f7ef8a89c45, Excellent : 100 & Very Good : 145 & Average : 30 & Poor : 2 & Terrible : 2, /Attraction_Review-g274873-d276331-Reviews-Old_Square_Stari_trg-Ljubljana_Upper_Carniola_Region.html
Old Square (Stari trg), 15, 56, Points of Interest & Landmarks, Europe & Slovenia & Upper Carniola Region & Ljubljana & Things to Do in Ljubljana, 4.0, 46.056934, 14.505641, 602588306, 20180801, 20180701, 4.0, simona b, https://www.tripadvisor.com/Profile/simonab559, 62c54639f35207dcc7ac9d35c292208e, Excellent : 100 & Very Good : 145 & Average : 30 & Poor : 2 & Terrible : 2, /Attraction_Review-g274873-d276331-Reviews-Old_Square_Stari_trg-Ljubljana_Upper_Carniola_Region.html
Old Square (Stari trg), 15, 56, Points of Interest & Landmarks, Europe & Slovenia & Upper Carniola Region & Ljubljana & Things to Do in Ljubljana, 4.0, 46.056934, 14.505641, 596831328, 20180701, 20180701, 4.0, Turtle5954, https://www.tripadvisor.com/Profile/Turtle5954, 0d7968bc1ff9c392cc62e3d9bb51731d, Excellent : 100 & Very Good : 145 & Average : 30 & Poor : 2 & Terrible : 2, /Attraction_Review-g274873-d276331-Reviews-Old_Square_Stari_trg-Ljubljana_Upper_Carniola_Region.html
