review_location_name, review_current_page, review_last_page, review_location_type, review_location_breadcrumbs, review_location_rate, location_lat, location_lng, review_id, review_date, review_experience_date, review_rate, user_name, user_link, user_id, extra, parent_url
Vodnik Square (Vodnikov trg), 58, 100, Points of Interest & Landmarks & Monuments & Statues, Europe & Slovenia & Upper Carniola Region & Ljubljana & Things to Do in Ljubljana, 4.0, 46.056934, 14.505641, 409006713, 20160801, 20160701, 3.0, on_the_go_98765, https://www.tripadvisor.com/Profile/on_the_go_98765, 9d5c256555207a33ab3af1168f1bd3f2, Excellent : 199 & Very Good : 212 & Average : 78 & Poor : 10 & Terrible : 1, /Attraction_Review-g274873-d276336-Reviews-Vodnik_Square_Vodnikov_trg-Ljubljana_Upper_Carniola_Region.html
Vodnik Square (Vodnikov trg), 58, 100, Points of Interest & Landmarks & Monuments & Statues, Europe & Slovenia & Upper Carniola Region & Ljubljana & Things to Do in Ljubljana, 4.0, 46.056934, 14.505641, 407356805, 20160801, 20160801, 3.0, Giacomo G, https://www.tripadvisor.com/Profile/442giacomog, 0a04c2bad8eb1ccc3b1119df9c95b71f, Excellent : 199 & Very Good : 212 & Average : 78 & Poor : 10 & Terrible : 1, /Attraction_Review-g274873-d276336-Reviews-Vodnik_Square_Vodnikov_trg-Ljubljana_Upper_Carniola_Region.html
Vodnik Square (Vodnikov trg), 58, 100, Points of Interest & Landmarks & Monuments & Statues, Europe & Slovenia & Upper Carniola Region & Ljubljana & Things to Do in Ljubljana, 4.0, 46.056934, 14.505641, 407351206, 20160801, 20160101, 4.0, stesav, https://www.tripadvisor.com/Profile/stesav, b16371857204d31b74719cc999f0c803, Excellent : 199 & Very Good : 212 & Average : 78 & Poor : 10 & Terrible : 1, /Attraction_Review-g274873-d276336-Reviews-Vodnik_Square_Vodnikov_trg-Ljubljana_Upper_Carniola_Region.html
Vodnik Square (Vodnikov trg), 58, 100, Points of Interest & Landmarks & Monuments & Statues, Europe & Slovenia & Upper Carniola Region & Ljubljana & Things to Do in Ljubljana, 4.0, 46.056934, 14.505641, 404917241, 20160801, 20160801, 5.0, Marta S, https://www.tripadvisor.com/Profile/MartaS2657, 1253422806a88b3ccd2a3c6def99dabb, Excellent : 199 & Very Good : 212 & Average : 78 & Poor : 10 & Terrible : 1, /Attraction_Review-g274873-d276336-Reviews-Vodnik_Square_Vodnikov_trg-Ljubljana_Upper_Carniola_Region.html
Vodnik Square (Vodnikov trg), 58, 100, Points of Interest & Landmarks & Monuments & Statues, Europe & Slovenia & Upper Carniola Region & Ljubljana & Things to Do in Ljubljana, 4.0, 46.056934, 14.505641, 403699262, 20160801, 20160701, 4.0, Ann V, https://www.tripadvisor.com/Profile/161annv, 47d9311ec75a0a1fe82a0d6aed55c2a9, Excellent : 199 & Very Good : 212 & Average : 78 & Poor : 10 & Terrible : 1, /Attraction_Review-g274873-d276336-Reviews-Vodnik_Square_Vodnikov_trg-Ljubljana_Upper_Carniola_Region.html
