review_location_name, review_current_page, review_last_page, review_location_type, review_location_breadcrumbs, review_location_rate, location_lat, location_lng, review_id, review_date, review_experience_date, review_rate, user_name, user_link, user_id, extra, parent_url
Black Bridge, 1, 3, Bridges & Lookouts, Europe & Slovenia & Styria Region & Lasko & Things to Do in Lasko, 3.5, 46.16937, 15.231571, 760018195, 20200701, 20190901, 4.0, 77xxx, https://www.tripadvisor.com/Profile/77xxx, c661ea97900c4147fabe52774170c9db, Excellent : 3 & Very Good : 6 & Average : 3 & Poor : 2 & Terrible : 0, /Attraction_Review-g1077241-d13831772-Reviews-Black_Bridge-Lasko_Styria_Region.html
Black Bridge, 1, 3, Bridges & Lookouts, Europe & Slovenia & Styria Region & Lasko & Things to Do in Lasko, 3.5, 46.16937, 15.231571, 747993178, 20200201, 20191201, 4.0, Diego2662, https://www.tripadvisor.com/Profile/Diego2662, 03496f5dc2a61b2de9a1efe3513f9c32, Excellent : 3 & Very Good : 6 & Average : 3 & Poor : 2 & Terrible : 0, /Attraction_Review-g1077241-d13831772-Reviews-Black_Bridge-Lasko_Styria_Region.html
Black Bridge, 1, 3, Bridges & Lookouts, Europe & Slovenia & Styria Region & Lasko & Things to Do in Lasko, 3.5, 46.16937, 15.231571, 735877928, 20191201, 20190101, 5.0, Rita_G_64, https://www.tripadvisor.com/Profile/Rita_G_64, 697301664ede5c9ebb6aa805298966db, Excellent : 3 & Very Good : 6 & Average : 3 & Poor : 2 & Terrible : 0, /Attraction_Review-g1077241-d13831772-Reviews-Black_Bridge-Lasko_Styria_Region.html
Black Bridge, 1, 3, Bridges & Lookouts, Europe & Slovenia & Styria Region & Lasko & Things to Do in Lasko, 3.5, 46.16937, 15.231571, 725950567, 20191101, 20191001, 4.0, Andrea C, https://www.tripadvisor.com/Profile/andreacX7484KF, 2ec12dde2fc747a1d0a77c1fd763ead7, Excellent : 3 & Very Good : 6 & Average : 3 & Poor : 2 & Terrible : 0, /Attraction_Review-g1077241-d13831772-Reviews-Black_Bridge-Lasko_Styria_Region.html
Black Bridge, 1, 3, Bridges & Lookouts, Europe & Slovenia & Styria Region & Lasko & Things to Do in Lasko, 3.5, 46.16937, 15.231571, 724117949, 20191101, 20190801, 4.0, JeanLuke, https://www.tripadvisor.com/Profile/JeanLukeCic, e41c1a79f229eaaed197556bc02af0d7, Excellent : 3 & Very Good : 6 & Average : 3 & Poor : 2 & Terrible : 0, /Attraction_Review-g1077241-d13831772-Reviews-Black_Bridge-Lasko_Styria_Region.html
