review_location_name, review_current_page, review_last_page, review_location_type, review_location_breadcrumbs, review_location_rate, location_lat, location_lng, review_id, review_date, review_experience_date, review_rate, user_name, user_link, user_id, extra, parent_url
Franciscan Church (Frančiškanska cerkev), 11, 103, Sacred & Religious Sites, Europe & Slovenia & Upper Carniola Region & Ljubljana & Things to Do in Ljubljana, 4.0, 46.056934, 14.505641, 671205592, 20190501, 20190501, 4.0, konnchann, https://www.tripadvisor.com/Profile/konnchann, 7c606fee2078f9e4634c7a98127f1eef, Excellent : 170 & Very Good : 277 & Average : 60 & Poor : 4 & Terrible : 0, /Attraction_Review-g274873-d276319-Reviews-Franciscan_Church_Franciskanska_cerkev-Ljubljana_Upper_Carniola_Region.html
Franciscan Church (Frančiškanska cerkev), 11, 103, Sacred & Religious Sites, Europe & Slovenia & Upper Carniola Region & Ljubljana & Things to Do in Ljubljana, 4.0, 46.056934, 14.505641, 670882361, 20190501, 20190401, 4.0, おすぎちゃん, https://www.tripadvisor.com/Profile/Pathfinder809893, a0b3ab651c71204ada7e11b979dd00a1, Excellent : 170 & Very Good : 277 & Average : 60 & Poor : 4 & Terrible : 0, /Attraction_Review-g274873-d276319-Reviews-Franciscan_Church_Franciskanska_cerkev-Ljubljana_Upper_Carniola_Region.html
Franciscan Church (Frančiškanska cerkev), 11, 103, Sacred & Religious Sites, Europe & Slovenia & Upper Carniola Region & Ljubljana & Things to Do in Ljubljana, 4.0, 46.056934, 14.505641, 669480192, 20190401, 20190401, 4.0, Stefano M, https://www.tripadvisor.com/Profile/stefanomF4099RX, 31d9f5233ae732e9d2e11eabd35dc620, Excellent : 170 & Very Good : 277 & Average : 60 & Poor : 4 & Terrible : 0, /Attraction_Review-g274873-d276319-Reviews-Franciscan_Church_Franciskanska_cerkev-Ljubljana_Upper_Carniola_Region.html
Franciscan Church (Frančiškanska cerkev), 11, 103, Sacred & Religious Sites, Europe & Slovenia & Upper Carniola Region & Ljubljana & Things to Do in Ljubljana, 4.0, 46.056934, 14.505641, 668571002, 20190401, 20190401, 4.0, HENRI H, https://www.tripadvisor.com/Profile/marcb84, dfc006bd33c25f7261b4a4d12cc1b4c9, Excellent : 170 & Very Good : 277 & Average : 60 & Poor : 4 & Terrible : 0, /Attraction_Review-g274873-d276319-Reviews-Franciscan_Church_Franciskanska_cerkev-Ljubljana_Upper_Carniola_Region.html
Franciscan Church (Frančiškanska cerkev), 11, 103, Sacred & Religious Sites, Europe & Slovenia & Upper Carniola Region & Ljubljana & Things to Do in Ljubljana, 4.0, 46.056934, 14.505641, 667523334, 20190401, 20190401, 5.0, gegePeruibe, https://www.tripadvisor.com/Profile/gegePeruibe, 5546172e593a5f7bb91904dd943972b1, Excellent : 170 & Very Good : 277 & Average : 60 & Poor : 4 & Terrible : 0, /Attraction_Review-g274873-d276319-Reviews-Franciscan_Church_Franciskanska_cerkev-Ljubljana_Upper_Carniola_Region.html
