review_location_name, review_current_page, review_last_page, review_location_type, review_location_breadcrumbs, review_location_rate, location_lat, location_lng, review_id, review_date, review_experience_date, review_rate, user_name, user_link, user_id, extra, parent_url
Kropa's Old Town, 4, 8, Historic Sites, Europe & Slovenia & Upper Carniola Region & Kropa & Things to Do in Kropa, 4.0, 46.291737, 14.205161, 429281225, 20161001, 20160701, 4.0, VI.C.I. Viaggiare con interesse, https://www.tripadvisor.com/Profile/livrenoire, c92885fc85ce22e25317a3d34599417e, Excellent : 12 & Very Good : 20 & Average : 4 & Poor : 1 & Terrible : 1, /Attraction_Review-g3576668-d2634374-Reviews-Kropa_s_Old_Town-Kropa_Upper_Carniola_Region.html
Kropa's Old Town, 4, 8, Historic Sites, Europe & Slovenia & Upper Carniola Region & Kropa & Things to Do in Kropa, 4.0, 46.291737, 14.205161, 414953139, 20160901, 20160901, 2.0, Mm M, https://www.tripadvisor.com/Profile/MmM745, 9f0bb69c8c68a15ef6851e880357262c, Excellent : 12 & Very Good : 20 & Average : 4 & Poor : 1 & Terrible : 1, /Attraction_Review-g3576668-d2634374-Reviews-Kropa_s_Old_Town-Kropa_Upper_Carniola_Region.html
Kropa's Old Town, 4, 8, Historic Sites, Europe & Slovenia & Upper Carniola Region & Kropa & Things to Do in Kropa, 4.0, 46.291737, 14.205161, 413990811, 20160901, 20160701, 5.0, Alexander_Kudrin, https://www.tripadvisor.com/Profile/Alexander_Kudrin, 65001e6f3a91d2ba89cecc50a9ba7239, Excellent : 12 & Very Good : 20 & Average : 4 & Poor : 1 & Terrible : 1, /Attraction_Review-g3576668-d2634374-Reviews-Kropa_s_Old_Town-Kropa_Upper_Carniola_Region.html
Kropa's Old Town, 4, 8, Historic Sites, Europe & Slovenia & Upper Carniola Region & Kropa & Things to Do in Kropa, 4.0, 46.291737, 14.205161, 409888201, 20160801, 20160801, 5.0, Hasledog, https://www.tripadvisor.com/Profile/Hasledog, fecb719feba019d376455d33046ecfad, Excellent : 12 & Very Good : 20 & Average : 4 & Poor : 1 & Terrible : 1, /Attraction_Review-g3576668-d2634374-Reviews-Kropa_s_Old_Town-Kropa_Upper_Carniola_Region.html
Kropa's Old Town, 4, 8, Historic Sites, Europe & Slovenia & Upper Carniola Region & Kropa & Things to Do in Kropa, 4.0, 46.291737, 14.205161, 407711781, 20160801, 20150901, 5.0, Ольга К, https://www.tripadvisor.com/Profile/S1888IM_, 60841377a9e313cfe4e52ff117612270, Excellent : 12 & Very Good : 20 & Average : 4 & Poor : 1 & Terrible : 1, /Attraction_Review-g3576668-d2634374-Reviews-Kropa_s_Old_Town-Kropa_Upper_Carniola_Region.html
