review_location_name, review_current_page, review_last_page, review_location_type, review_location_breadcrumbs, review_location_rate, location_lat, location_lng, review_id, review_date, review_experience_date, review_rate, user_name, user_link, user_id, extra, parent_url
Vintgar Gorge, 647, 982, Hiking Trails, Europe & Slovenia & Upper Carniola Region & Zgornje Gorje & Things to Do in Zgornje Gorje, 4.5, 46.38038, 14.0656, 344936052, 20160201, 20150701, 5.0, Andrea H, https://www.tripadvisor.com/Profile/E8481QYandreah, 14b93c248eeb8a2089c5932ebc71df31, Excellent : 3&&287 & Very Good : 1&&207 & Average : 285 & Poor : 82 & Terrible : 48, /Attraction_Review-g1870874-d519724-Reviews-Vintgar_Gorge-Zgornje_Gorje_Upper_Carniola_Region.html
Vintgar Gorge, 647, 982, Hiking Trails, Europe & Slovenia & Upper Carniola Region & Zgornje Gorje & Things to Do in Zgornje Gorje, 4.5, 46.38038, 14.0656, 344832036, 20160201, 20151001, 5.0, ajmOttawa, https://www.tripadvisor.com/Profile/ajmOttawa, 869b90f84b8aacb0707477c5700abf0a, Excellent : 3&&287 & Very Good : 1&&207 & Average : 285 & Poor : 82 & Terrible : 48, /Attraction_Review-g1870874-d519724-Reviews-Vintgar_Gorge-Zgornje_Gorje_Upper_Carniola_Region.html
Vintgar Gorge, 647, 982, Hiking Trails, Europe & Slovenia & Upper Carniola Region & Zgornje Gorje & Things to Do in Zgornje Gorje, 4.5, 46.38038, 14.0656, 344484738, 20160201, 20150901, 5.0, Андрей М, https://www.tripadvisor.com/Profile/V5790FD_, d8c3045bf4d1e863d10e3650c2027fd4, Excellent : 3&&287 & Very Good : 1&&207 & Average : 285 & Poor : 82 & Terrible : 48, /Attraction_Review-g1870874-d519724-Reviews-Vintgar_Gorge-Zgornje_Gorje_Upper_Carniola_Region.html
Vintgar Gorge, 647, 982, Hiking Trails, Europe & Slovenia & Upper Carniola Region & Zgornje Gorje & Things to Do in Zgornje Gorje, 4.5, 46.38038, 14.0656, 343638009, 20160101, 20160101, 5.0, Niamh E, https://www.tripadvisor.com/Profile/niamhe2015, 911df3f7983bd62c3644153264bc42b1, Excellent : 3&&287 & Very Good : 1&&207 & Average : 285 & Poor : 82 & Terrible : 48, /Attraction_Review-g1870874-d519724-Reviews-Vintgar_Gorge-Zgornje_Gorje_Upper_Carniola_Region.html
Vintgar Gorge, 647, 982, Hiking Trails, Europe & Slovenia & Upper Carniola Region & Zgornje Gorje & Things to Do in Zgornje Gorje, 4.5, 46.38038, 14.0656, 343610565, 20160101, 20160101, 5.0, pakatja, https://www.tripadvisor.com/Profile/pakatja, 9f11f3ee8e1cd650f909c9754b7e67b0, Excellent : 3&&287 & Very Good : 1&&207 & Average : 285 & Poor : 82 & Terrible : 48, /Attraction_Review-g1870874-d519724-Reviews-Vintgar_Gorge-Zgornje_Gorje_Upper_Carniola_Region.html
