review_location_name, review_current_page, review_last_page, review_location_type, review_location_breadcrumbs, review_location_rate, location_lat, location_lng, review_id, review_date, review_experience_date, review_rate, user_name, user_link, user_id, extra, parent_url
Lake Bohinj, 224, 289, Bodies of Water, Europe & Slovenia & Upper Carniola Region & Bohinjsko Jezero & Things to Do in Bohinjsko Jezero, 4.5, 46.28677, 13.863281, 265635133, 20150401, 20140901, 5.0, ldn91sy, https://www.tripadvisor.com/Profile/ldn91sy, d8fcc5e74a451eb1026394525918101d, Excellent : 1&&144 & Very Good : 245 & Average : 42 & Poor : 7 & Terrible : 5, /Attraction_Review-g274865-d296736-Reviews-Lake_Bohinj-Bohinjsko_Jezero_Upper_Carniola_Region.html
Lake Bohinj, 224, 289, Bodies of Water, Europe & Slovenia & Upper Carniola Region & Bohinjsko Jezero & Things to Do in Bohinjsko Jezero, 4.5, 46.28677, 13.863281, 264940160, 20150401, 20140901, 5.0, Mariana D, https://www.tripadvisor.com/Profile/marianad121, 4a51f3c14a4b993e4fb01a3c64d236ae, Excellent : 1&&144 & Very Good : 245 & Average : 42 & Poor : 7 & Terrible : 5, /Attraction_Review-g274865-d296736-Reviews-Lake_Bohinj-Bohinjsko_Jezero_Upper_Carniola_Region.html
Lake Bohinj, 224, 289, Bodies of Water, Europe & Slovenia & Upper Carniola Region & Bohinjsko Jezero & Things to Do in Bohinjsko Jezero, 4.5, 46.28677, 13.863281, 264457826, 20150401, 20150401, 4.0, Found_Lost_Key, https://www.tripadvisor.com/Profile/Found_Lost_Key, a4616292027ae714cc3bb43cfdc2a3ad, Excellent : 1&&144 & Very Good : 245 & Average : 42 & Poor : 7 & Terrible : 5, /Attraction_Review-g274865-d296736-Reviews-Lake_Bohinj-Bohinjsko_Jezero_Upper_Carniola_Region.html
Lake Bohinj, 224, 289, Bodies of Water, Europe & Slovenia & Upper Carniola Region & Bohinjsko Jezero & Things to Do in Bohinjsko Jezero, 4.5, 46.28677, 13.863281, 264229406, 20150401, 20140901, 4.0, Antonio B, https://www.tripadvisor.com/Profile/antoniobT6219KS, e1e2f5c05ff7ac6d2583a5df5c21696d, Excellent : 1&&144 & Very Good : 245 & Average : 42 & Poor : 7 & Terrible : 5, /Attraction_Review-g274865-d296736-Reviews-Lake_Bohinj-Bohinjsko_Jezero_Upper_Carniola_Region.html
Lake Bohinj, 224, 289, Bodies of Water, Europe & Slovenia & Upper Carniola Region & Bohinjsko Jezero & Things to Do in Bohinjsko Jezero, 4.5, 46.28677, 13.863281, 261840599, 20150301, 20140801, 5.0, MILAN M, https://www.tripadvisor.com/Profile/308milanm, 7f41e344dd1e4fc0793009e011e7415b, Excellent : 1&&144 & Very Good : 245 & Average : 42 & Poor : 7 & Terrible : 5, /Attraction_Review-g274865-d296736-Reviews-Lake_Bohinj-Bohinjsko_Jezero_Upper_Carniola_Region.html
