review_location_name, review_current_page, review_last_page, review_location_type, review_location_breadcrumbs, review_location_rate, location_lat, location_lng, review_id, review_date, review_experience_date, review_rate, user_name, user_link, user_id, extra, parent_url
River Soca, 29, 38, Other Outdoor Activities, Europe & Slovenia & Slovenian Littoral Region & Kobarid & Things to Do in Kobarid, 5.0, 46.24709, 13.57934, 301120427, 20150801, 20150801, 5.0, Nico78170, https://www.tripadvisor.com/Profile/Nico78170, a889f794f62d891d7628a20733d97e5c, Excellent : 165 & Very Good : 22 & Average : 0 & Poor : 0 & Terrible : 0, /Attraction_Review-g319788-d6834315-Reviews-River_Soca-Kobarid_Slovenian_Littoral_Region.html
River Soca, 29, 38, Other Outdoor Activities, Europe & Slovenia & Slovenian Littoral Region & Kobarid & Things to Do in Kobarid, 5.0, 46.24709, 13.57934, 298207021, 20150801, 20150801, 5.0, Tisa F, https://www.tripadvisor.com/Profile/689tisaf, 57126b0cda9a6a0fe4c3f8687abd6a96, Excellent : 165 & Very Good : 22 & Average : 0 & Poor : 0 & Terrible : 0, /Attraction_Review-g319788-d6834315-Reviews-River_Soca-Kobarid_Slovenian_Littoral_Region.html
River Soca, 29, 38, Other Outdoor Activities, Europe & Slovenia & Slovenian Littoral Region & Kobarid & Things to Do in Kobarid, 5.0, 46.24709, 13.57934, 298035489, 20150801, 20150801, 5.0, Sanne N, https://www.tripadvisor.com/Profile/514sannen, 34a6b1e6a313698c1466942188148ceb, Excellent : 165 & Very Good : 22 & Average : 0 & Poor : 0 & Terrible : 0, /Attraction_Review-g319788-d6834315-Reviews-River_Soca-Kobarid_Slovenian_Littoral_Region.html
River Soca, 29, 38, Other Outdoor Activities, Europe & Slovenia & Slovenian Littoral Region & Kobarid & Things to Do in Kobarid, 5.0, 46.24709, 13.57934, 297675465, 20150801, 20150801, 5.0, Stane M, https://www.tripadvisor.com/Profile/stanem, 6e2f9044710528047cc29fe926acceca, Excellent : 165 & Very Good : 22 & Average : 0 & Poor : 0 & Terrible : 0, /Attraction_Review-g319788-d6834315-Reviews-River_Soca-Kobarid_Slovenian_Littoral_Region.html
River Soca, 29, 38, Other Outdoor Activities, Europe & Slovenia & Slovenian Littoral Region & Kobarid & Things to Do in Kobarid, 5.0, 46.24709, 13.57934, 296288758, 20150801, 20150701, 5.0, RD31810, https://www.tripadvisor.com/Profile/RD31810, f81acb8df3fe437138e5ae17a26ab411, Excellent : 165 & Very Good : 22 & Average : 0 & Poor : 0 & Terrible : 0, /Attraction_Review-g319788-d6834315-Reviews-River_Soca-Kobarid_Slovenian_Littoral_Region.html
