review_location_name, review_current_page, review_last_page, review_location_type, review_location_breadcrumbs, review_location_rate, location_lat, location_lng, review_id, review_date, review_experience_date, review_rate, user_name, user_link, user_id, extra, parent_url
Skocjanske Jame, 84, 354, Caverns & Caves, Europe & Slovenia & Slovenian Littoral Region & Skocjan & Things to Do in Skocjan, 4.5, 45.665405, 13.993117, 562568243, 20180201, 20170501, 5.0, monvan, https://www.tripadvisor.com/Profile/monvan, 0dd690097cf9d20d3b354487a8138b46, Excellent : 1&&399 & Very Good : 278 & Average : 60 & Poor : 20 & Terrible : 10, /Attraction_Review-g17579051-d10438743-Reviews-Skocjanske_Jame-Skocjan_Slovenian_Littoral_Region.html
Skocjanske Jame, 84, 354, Caverns & Caves, Europe & Slovenia & Slovenian Littoral Region & Skocjan & Things to Do in Skocjan, 4.5, 45.665405, 13.993117, 562538335, 20180201, 20180201, 5.0, Jenny S, https://www.tripadvisor.com/Profile/Jslessor96, a8bc8706354a75a53b97d7d501981741, Excellent : 1&&399 & Very Good : 278 & Average : 60 & Poor : 20 & Terrible : 10, /Attraction_Review-g17579051-d10438743-Reviews-Skocjanske_Jame-Skocjan_Slovenian_Littoral_Region.html
Skocjanske Jame, 84, 354, Caverns & Caves, Europe & Slovenia & Slovenian Littoral Region & Skocjan & Things to Do in Skocjan, 4.5, 45.665405, 13.993117, 562450222, 20180201, 20180201, 5.0, Luca Z, https://www.tripadvisor.com/Profile/F1515PNlucaz, b13ae5bb7374ba4127cb1a65c2d2b1eb, Excellent : 1&&399 & Very Good : 278 & Average : 60 & Poor : 20 & Terrible : 10, /Attraction_Review-g17579051-d10438743-Reviews-Skocjanske_Jame-Skocjan_Slovenian_Littoral_Region.html
Skocjanske Jame, 84, 354, Caverns & Caves, Europe & Slovenia & Slovenian Littoral Region & Skocjan & Things to Do in Skocjan, 4.5, 45.665405, 13.993117, 561588179, 20180201, 20180201, 5.0, R0062, https://www.tripadvisor.com/Profile/R0062, b7fd6c65815e1fab2b796744ff1732d8, Excellent : 1&&399 & Very Good : 278 & Average : 60 & Poor : 20 & Terrible : 10, /Attraction_Review-g17579051-d10438743-Reviews-Skocjanske_Jame-Skocjan_Slovenian_Littoral_Region.html
Skocjanske Jame, 84, 354, Caverns & Caves, Europe & Slovenia & Slovenian Littoral Region & Skocjan & Things to Do in Skocjan, 4.5, 45.665405, 13.993117, 561433907, 20180201, 20170901, 4.0, Daniella R, https://www.tripadvisor.com/Profile/DaniellaR30, 151b20cd4ea19bd36f84ede6bca93bea, Excellent : 1&&399 & Very Good : 278 & Average : 60 & Poor : 20 & Terrible : 10, /Attraction_Review-g17579051-d10438743-Reviews-Skocjanske_Jame-Skocjan_Slovenian_Littoral_Region.html
