review_location_name, review_current_page, review_last_page, review_location_type, review_location_breadcrumbs, review_location_rate, location_lat, location_lng, review_id, review_date, review_experience_date, review_rate, user_name, user_link, user_id, extra, parent_url
Pokljuška soteska Gorge, 7, 11, Caverns & Caves, Europe & Slovenia & Upper Carniola Region & Krnica & Things to Do in Krnica, 4.5, 45.54618, 13.8564, 507692147, 20170801, 20170801, 5.0, AnkeDerks, https://www.tripadvisor.com/Profile/AnkeDerks, 0e3f25c1802e65e45aa5772aa2068bd9, Excellent : 30 & Very Good : 19 & Average : 5 & Poor : 0 & Terrible : 0, /Attraction_Review-g1182387-d3423348-Reviews-Pokljuska_soteska_Gorge-Krnica_Upper_Carniola_Region.html
Pokljuška soteska Gorge, 7, 11, Caverns & Caves, Europe & Slovenia & Upper Carniola Region & Krnica & Things to Do in Krnica, 4.5, 45.54618, 13.8564, 490464498, 20170601, 20170501, 3.0, JackTexas, https://www.tripadvisor.com/Profile/JackTexas, 3a15529dc2d56c1d4938db056f404c7a, Excellent : 30 & Very Good : 19 & Average : 5 & Poor : 0 & Terrible : 0, /Attraction_Review-g1182387-d3423348-Reviews-Pokljuska_soteska_Gorge-Krnica_Upper_Carniola_Region.html
Pokljuška soteska Gorge, 7, 11, Caverns & Caves, Europe & Slovenia & Upper Carniola Region & Krnica & Things to Do in Krnica, 4.5, 45.54618, 13.8564, 474224964, 20170401, 20170401, 5.0, Tom H, https://www.tripadvisor.com/Profile/D8222FHtomh, fc61bbb11e39dad29a584cedb71c8c9a, Excellent : 30 & Very Good : 19 & Average : 5 & Poor : 0 & Terrible : 0, /Attraction_Review-g1182387-d3423348-Reviews-Pokljuska_soteska_Gorge-Krnica_Upper_Carniola_Region.html
Pokljuška soteska Gorge, 7, 11, Caverns & Caves, Europe & Slovenia & Upper Carniola Region & Krnica & Things to Do in Krnica, 4.5, 45.54618, 13.8564, 445508126, 20161201, 20161201, 5.0, Jean-Paul-CPT, https://www.tripadvisor.com/Profile/Jean-Paul-CPT, a4c478816e0a54be6bc3ebc9597ab7dd, Excellent : 30 & Very Good : 19 & Average : 5 & Poor : 0 & Terrible : 0, /Attraction_Review-g1182387-d3423348-Reviews-Pokljuska_soteska_Gorge-Krnica_Upper_Carniola_Region.html
Pokljuška soteska Gorge, 7, 11, Caverns & Caves, Europe & Slovenia & Upper Carniola Region & Krnica & Things to Do in Krnica, 4.5, 45.54618, 13.8564, 441376000, 20161201, 20160601, 5.0, Koen V, https://www.tripadvisor.com/Profile/koenv804, 00f840d4b221f49d60566e9095513aac, Excellent : 30 & Very Good : 19 & Average : 5 & Poor : 0 & Terrible : 0, /Attraction_Review-g1182387-d3423348-Reviews-Pokljuska_soteska_Gorge-Krnica_Upper_Carniola_Region.html
