review_location_name, review_current_page, review_last_page, review_location_type, review_location_breadcrumbs, review_location_rate, location_lat, location_lng, review_id, review_date, review_experience_date, review_rate, user_name, user_link, user_id, extra, parent_url
Butcher's Bridge, 51, 137, Bridges, Europe & Slovenia & Upper Carniola Region & Ljubljana & Things to Do in Ljubljana, 4.0, 46.056934, 14.505641, 510923101, 20170801, 20170801, 5.0, Namrunnn, https://www.tripadvisor.com/Profile/Namrunnn, 9ad42cab05c8513faee47582e212a838, Excellent : 175 & Very Good : 283 & Average : 204 & Poor : 20 & Terrible : 3, /Attraction_Review-g274873-d2360134-Reviews-Butcher_s_Bridge-Ljubljana_Upper_Carniola_Region.html
Butcher's Bridge, 51, 137, Bridges, Europe & Slovenia & Upper Carniola Region & Ljubljana & Things to Do in Ljubljana, 4.0, 46.056934, 14.505641, 510201070, 20170801, 20170801, 3.0, metallino71, https://www.tripadvisor.com/Profile/metallino71, fdce70f40d1141160a7dee97f1462d64, Excellent : 175 & Very Good : 283 & Average : 204 & Poor : 20 & Terrible : 3, /Attraction_Review-g274873-d2360134-Reviews-Butcher_s_Bridge-Ljubljana_Upper_Carniola_Region.html
Butcher's Bridge, 51, 137, Bridges, Europe & Slovenia & Upper Carniola Region & Ljubljana & Things to Do in Ljubljana, 4.0, 46.056934, 14.505641, 509984998, 20170801, 20170801, 4.0, Arkam Uzair, https://www.tripadvisor.com/Profile/arkamu2016, ac86b3397360e773c578d90ef4aac6fb, Excellent : 175 & Very Good : 283 & Average : 204 & Poor : 20 & Terrible : 3, /Attraction_Review-g274873-d2360134-Reviews-Butcher_s_Bridge-Ljubljana_Upper_Carniola_Region.html
Butcher's Bridge, 51, 137, Bridges, Europe & Slovenia & Upper Carniola Region & Ljubljana & Things to Do in Ljubljana, 4.0, 46.056934, 14.505641, 509691022, 20170801, 20170801, 4.0, RJC, https://www.tripadvisor.com/Profile/RJasonChan, 565717065afe043670006647235f28cb, Excellent : 175 & Very Good : 283 & Average : 204 & Poor : 20 & Terrible : 3, /Attraction_Review-g274873-d2360134-Reviews-Butcher_s_Bridge-Ljubljana_Upper_Carniola_Region.html
Butcher's Bridge, 51, 137, Bridges, Europe & Slovenia & Upper Carniola Region & Ljubljana & Things to Do in Ljubljana, 4.0, 46.056934, 14.505641, 508878146, 20170801, 20170501, 3.0, kpiddy, https://www.tripadvisor.com/Profile/kpiddy, 5f3eede9cdb951ebf352d37804b18c74, Excellent : 175 & Very Good : 283 & Average : 204 & Poor : 20 & Terrible : 3, /Attraction_Review-g274873-d2360134-Reviews-Butcher_s_Bridge-Ljubljana_Upper_Carniola_Region.html
