review_location_name, review_current_page, review_last_page, review_location_type, review_location_breadcrumbs, review_location_rate, location_lat, location_lng, review_id, review_date, review_experience_date, review_rate, user_name, user_link, user_id, extra, parent_url
Bled Castle (Blejski Grad), 29, 883, Castles, Europe & Slovenia & Upper Carniola Region & Bled & Things to Do in Bled, 4.0, 46.36917, 14.113181, 721948411, 20191001, 20191001, 2.0, Virginia P, https://www.tripadvisor.com/Profile/virgin1710, 785edf85413f2e0802076d0f5c4c14eb, Excellent : 1&&594 & Very Good : 1&&613 & Average : 761 & Poor : 283 & Terrible : 161, /Attraction_Review-g274863-d300864-Reviews-Bled_Castle_Blejski_Grad-Bled_Upper_Carniola_Region.html
Bled Castle (Blejski Grad), 29, 883, Castles, Europe & Slovenia & Upper Carniola Region & Bled & Things to Do in Bled, 4.0, 46.36917, 14.113181, 721793988, 20191001, 20191001, 4.0, MARIMIA90, https://www.tripadvisor.com/Profile/MARIMIA90, db107f0c7fa1f117a78001cb096302c4, Excellent : 1&&594 & Very Good : 1&&613 & Average : 761 & Poor : 283 & Terrible : 161, /Attraction_Review-g274863-d300864-Reviews-Bled_Castle_Blejski_Grad-Bled_Upper_Carniola_Region.html
Bled Castle (Blejski Grad), 29, 883, Castles, Europe & Slovenia & Upper Carniola Region & Bled & Things to Do in Bled, 4.0, 46.36917, 14.113181, 721362753, 20191001, 20191001, 5.0, Maria M, https://www.tripadvisor.com/Profile/457MariaM457, 9c07490749908d2208c2ad32fc038ec8, Excellent : 1&&594 & Very Good : 1&&613 & Average : 761 & Poor : 283 & Terrible : 161, /Attraction_Review-g274863-d300864-Reviews-Bled_Castle_Blejski_Grad-Bled_Upper_Carniola_Region.html
Bled Castle (Blejski Grad), 29, 883, Castles, Europe & Slovenia & Upper Carniola Region & Bled & Things to Do in Bled, 4.0, 46.36917, 14.113181, 721206857, 20191001, 20190901, 4.0, toeightycountries, https://www.tripadvisor.com/Profile/toeightycountries, 046a9dab1252b80a0a43a83e7202ccdd, Excellent : 1&&594 & Very Good : 1&&613 & Average : 761 & Poor : 283 & Terrible : 161, /Attraction_Review-g274863-d300864-Reviews-Bled_Castle_Blejski_Grad-Bled_Upper_Carniola_Region.html
Bled Castle (Blejski Grad), 29, 883, Castles, Europe & Slovenia & Upper Carniola Region & Bled & Things to Do in Bled, 4.0, 46.36917, 14.113181, 720741713, 20191001, 20191001, 4.0, Marie-Danièle B, https://www.tripadvisor.com/Profile/MaryDawn, 1d7b68457960beeaf2f6ceefcf135d98, Excellent : 1&&594 & Very Good : 1&&613 & Average : 761 & Poor : 283 & Terrible : 161, /Attraction_Review-g274863-d300864-Reviews-Bled_Castle_Blejski_Grad-Bled_Upper_Carniola_Region.html
