review_location_name, review_current_page, review_last_page, review_location_type, review_location_breadcrumbs, review_location_rate, location_lat, location_lng, review_id, review_date, review_experience_date, review_rate, user_name, user_link, user_id, extra, parent_url
River Ljubljanica Kanal, 67, 239, Bodies of Water, Europe & Slovenia & Upper Carniola Region & Ljubljana & Things to Do in Ljubljana, 4.5, 46.056934, 14.505641, 543881647, 20171101, 20171101, 4.0, FTMDave, https://www.tripadvisor.com/Profile/FTMDave, c17e62da4b14be8913a79af959d750ba, Excellent : 612 & Very Good : 461 & Average : 102 & Poor : 16 & Terrible : 2, /Attraction_Review-g274873-d555572-Reviews-River_Ljubljanica_Kanal-Ljubljana_Upper_Carniola_Region.html
River Ljubljanica Kanal, 67, 239, Bodies of Water, Europe & Slovenia & Upper Carniola Region & Ljubljana & Things to Do in Ljubljana, 4.5, 46.056934, 14.505641, 542642804, 20171101, 20171101, 5.0, Laurence M, https://www.tripadvisor.com/Profile/LaurenceM754, ac6dda9e7eb1541f685cd97251abe5a8, Excellent : 612 & Very Good : 461 & Average : 102 & Poor : 16 & Terrible : 2, /Attraction_Review-g274873-d555572-Reviews-River_Ljubljanica_Kanal-Ljubljana_Upper_Carniola_Region.html
River Ljubljanica Kanal, 67, 239, Bodies of Water, Europe & Slovenia & Upper Carniola Region & Ljubljana & Things to Do in Ljubljana, 4.5, 46.056934, 14.505641, 542307271, 20171101, 20170901, 5.0, Mariokono, https://www.tripadvisor.com/Profile/Mariokono, 8eee7f124b28c9002d82d76ecdff197a, Excellent : 612 & Very Good : 461 & Average : 102 & Poor : 16 & Terrible : 2, /Attraction_Review-g274873-d555572-Reviews-River_Ljubljanica_Kanal-Ljubljana_Upper_Carniola_Region.html
River Ljubljanica Kanal, 67, 239, Bodies of Water, Europe & Slovenia & Upper Carniola Region & Ljubljana & Things to Do in Ljubljana, 4.5, 46.056934, 14.505641, 540767860, 20171101, 20171001, 5.0, Jackie J, https://www.tripadvisor.com/Profile/430jackiej, 6fa88ab918b9af807bc7969e404d8111, Excellent : 612 & Very Good : 461 & Average : 102 & Poor : 16 & Terrible : 2, /Attraction_Review-g274873-d555572-Reviews-River_Ljubljanica_Kanal-Ljubljana_Upper_Carniola_Region.html
River Ljubljanica Kanal, 67, 239, Bodies of Water, Europe & Slovenia & Upper Carniola Region & Ljubljana & Things to Do in Ljubljana, 4.5, 46.056934, 14.505641, 540593656, 20171101, 20171001, 5.0, Klara W, https://www.tripadvisor.com/Profile/960klaraw, 726fe997363cd98d4f9e696440fabb9a, Excellent : 612 & Very Good : 461 & Average : 102 & Poor : 16 & Terrible : 2, /Attraction_Review-g274873-d555572-Reviews-River_Ljubljanica_Kanal-Ljubljana_Upper_Carniola_Region.html
