review_location_name, review_current_page, review_last_page, review_location_type, review_location_breadcrumbs, review_location_rate, location_lat, location_lng, review_id, review_date, review_experience_date, review_rate, user_name, user_link, user_id, extra, parent_url
St. Martin's Parish Church, 38, 58, Churches & Cathedrals, Europe & Slovenia & Upper Carniola Region & Bled & Things to Do in Bled, 4.0, 46.36917, 14.113181, 364619914, 20160401, 20150801, 4.0, sharon g, https://www.tripadvisor.com/Profile/sharong654, f93e1cf27491102818b9c39c6907a44d, Excellent : 93 & Very Good : 142 & Average : 52 & Poor : 3 & Terrible : 0, /Attraction_Review-g274863-d6828171-Reviews-St_Martin_s_Parish_Church-Bled_Upper_Carniola_Region.html
St. Martin's Parish Church, 38, 58, Churches & Cathedrals, Europe & Slovenia & Upper Carniola Region & Bled & Things to Do in Bled, 4.0, 46.36917, 14.113181, 364068971, 20160401, 20160401, 4.0, smudgertrip, https://www.tripadvisor.com/Profile/smudgertrip, eb617e92ed112f3cfcf0eb9a47918fee, Excellent : 93 & Very Good : 142 & Average : 52 & Poor : 3 & Terrible : 0, /Attraction_Review-g274863-d6828171-Reviews-St_Martin_s_Parish_Church-Bled_Upper_Carniola_Region.html
St. Martin's Parish Church, 38, 58, Churches & Cathedrals, Europe & Slovenia & Upper Carniola Region & Bled & Things to Do in Bled, 4.0, 46.36917, 14.113181, 363336598, 20160401, 20160401, 4.0, Stephen F, https://www.tripadvisor.com/Profile/stephenf92, 082b4a91177c8b5fb0ab986bcefd01b2, Excellent : 93 & Very Good : 142 & Average : 52 & Poor : 3 & Terrible : 0, /Attraction_Review-g274863-d6828171-Reviews-St_Martin_s_Parish_Church-Bled_Upper_Carniola_Region.html
St. Martin's Parish Church, 38, 58, Churches & Cathedrals, Europe & Slovenia & Upper Carniola Region & Bled & Things to Do in Bled, 4.0, 46.36917, 14.113181, 362866607, 20160401, 20160301, 3.0, rosalba c, https://www.tripadvisor.com/Profile/rosalbac452, 6237a813eb2ab07a1edcb06506a77720, Excellent : 93 & Very Good : 142 & Average : 52 & Poor : 3 & Terrible : 0, /Attraction_Review-g274863-d6828171-Reviews-St_Martin_s_Parish_Church-Bled_Upper_Carniola_Region.html
St. Martin's Parish Church, 38, 58, Churches & Cathedrals, Europe & Slovenia & Upper Carniola Region & Bled & Things to Do in Bled, 4.0, 46.36917, 14.113181, 359672404, 20160301, 20160301, 4.0, Matthew_Pear, https://www.tripadvisor.com/Profile/Matthew_Pear, 65d450097000116cab38deb764006ecb, Excellent : 93 & Very Good : 142 & Average : 52 & Poor : 3 & Terrible : 0, /Attraction_Review-g274863-d6828171-Reviews-St_Martin_s_Parish_Church-Bled_Upper_Carniola_Region.html
