review_location_name, review_current_page, review_last_page, review_location_type, review_location_breadcrumbs, review_location_rate, location_lat, location_lng, review_id, review_date, review_experience_date, review_rate, user_name, user_link, user_id, extra, parent_url
Schloss Dornava, 1, 3, Historic Sites, Europe & Slovenia & Styria Region & Ptuj & Things to Do in Ptuj, 4.0, 46.42548, 15.87798, 664437506, 20190401, 20190401, 3.0, Miha P, https://www.tripadvisor.com/Profile/482mihap, 80c09a6cd57df06a33772cac54004f78, Excellent : 6 & Very Good : 1 & Average : 2 & Poor : 2 & Terrible : 0, /Attraction_Review-g315908-d2549402-Reviews-Schloss_Dornava-Ptuj_Styria_Region.html
Schloss Dornava, 1, 3, Historic Sites, Europe & Slovenia & Styria Region & Ptuj & Things to Do in Ptuj, 4.0, 46.42548, 15.87798, 660146022, 20190301, 20190101, 4.0, PaoloRiccardoCarrara, https://www.tripadvisor.com/Profile/PaoloRiccardoCarrara, 1eefc98eb3fbe1b486e83405bb477046, Excellent : 6 & Very Good : 1 & Average : 2 & Poor : 2 & Terrible : 0, /Attraction_Review-g315908-d2549402-Reviews-Schloss_Dornava-Ptuj_Styria_Region.html
Schloss Dornava, 1, 3, Historic Sites, Europe & Slovenia & Styria Region & Ptuj & Things to Do in Ptuj, 4.0, 46.42548, 15.87798, 625711391, 20181001, 20181001, 5.0, curioustraveller42, https://www.tripadvisor.com/Profile/curioustraveller42, 6f38c3ce377e6084ab7bb1f43d04b67d, Excellent : 6 & Very Good : 1 & Average : 2 & Poor : 2 & Terrible : 0, /Attraction_Review-g315908-d2549402-Reviews-Schloss_Dornava-Ptuj_Styria_Region.html
Schloss Dornava, 1, 3, Historic Sites, Europe & Slovenia & Styria Region & Ptuj & Things to Do in Ptuj, 4.0, 46.42548, 15.87798, 596638600, 20180701, 20180701, 2.0, Sandmine, https://www.tripadvisor.com/Profile/Sandmine, 4bade0f3bb8ce56c47932ce053255ad9, Excellent : 6 & Very Good : 1 & Average : 2 & Poor : 2 & Terrible : 0, /Attraction_Review-g315908-d2549402-Reviews-Schloss_Dornava-Ptuj_Styria_Region.html
Schloss Dornava, 1, 3, Historic Sites, Europe & Slovenia & Styria Region & Ptuj & Things to Do in Ptuj, 4.0, 46.42548, 15.87798, 535200876, 20171001, 20171001, 3.0, hirokinowaki70, https://www.tripadvisor.com/Profile/hirokinowaki70, fb07f980887e080beddcf7521ca4fda3, Excellent : 6 & Very Good : 1 & Average : 2 & Poor : 2 & Terrible : 0, /Attraction_Review-g315908-d2549402-Reviews-Schloss_Dornava-Ptuj_Styria_Region.html
