review_location_name, review_current_page, review_last_page, review_location_type, review_location_breadcrumbs, review_location_rate, location_lat, location_lng, review_id, review_date, review_experience_date, review_rate, user_name, user_link, user_id, extra, parent_url
Skocjanske Jame, 310, 354, Caverns & Caves, Europe & Slovenia & Slovenian Littoral Region & Skocjan & Things to Do in Skocjan, 4.5, 45.665405, 13.993117, 183377850, 20131101, 20131101, 5.0, MrRommie, https://www.tripadvisor.com/Profile/MrRommie, 334bbf7f88cf001148492c0f296bc648, Excellent : 1&&399 & Very Good : 278 & Average : 60 & Poor : 20 & Terrible : 10, /Attraction_Review-g17579051-d10438743-Reviews-Skocjanske_Jame-Skocjan_Slovenian_Littoral_Region.html
Skocjanske Jame, 310, 354, Caverns & Caves, Europe & Slovenia & Slovenian Littoral Region & Skocjan & Things to Do in Skocjan, 4.5, 45.665405, 13.993117, 183043751, 20131001, 20121101, 4.0, Giuseppe Pino P, https://www.tripadvisor.com/Profile/GiuseppePinoP, 7462b864b48843931e324a5bfe1678f2, Excellent : 1&&399 & Very Good : 278 & Average : 60 & Poor : 20 & Terrible : 10, /Attraction_Review-g17579051-d10438743-Reviews-Skocjanske_Jame-Skocjan_Slovenian_Littoral_Region.html
Skocjanske Jame, 310, 354, Caverns & Caves, Europe & Slovenia & Slovenian Littoral Region & Skocjan & Things to Do in Skocjan, 4.5, 45.665405, 13.993117, 182885866, 20131001, 20130901, 5.0, ERDFirefighter, https://www.tripadvisor.com/Profile/ERDFirefighter, 76b658e805b84f0ee13172324e0b8a22, Excellent : 1&&399 & Very Good : 278 & Average : 60 & Poor : 20 & Terrible : 10, /Attraction_Review-g17579051-d10438743-Reviews-Skocjanske_Jame-Skocjan_Slovenian_Littoral_Region.html
Skocjanske Jame, 310, 354, Caverns & Caves, Europe & Slovenia & Slovenian Littoral Region & Skocjan & Things to Do in Skocjan, 4.5, 45.665405, 13.993117, 182749787, 20131001, 20131001, 4.0, Funkyjive5, https://www.tripadvisor.com/Profile/Funkyjive5, 8dbb2274da0de323d78c38cb15e301ae, Excellent : 1&&399 & Very Good : 278 & Average : 60 & Poor : 20 & Terrible : 10, /Attraction_Review-g17579051-d10438743-Reviews-Skocjanske_Jame-Skocjan_Slovenian_Littoral_Region.html
Skocjanske Jame, 310, 354, Caverns & Caves, Europe & Slovenia & Slovenian Littoral Region & Skocjan & Things to Do in Skocjan, 4.5, 45.665405, 13.993117, 182327192, 20131001, 20131001, 3.0, thyik, https://www.tripadvisor.com/Profile/thyik, 0a983d1e977177c1da1da4439357a9ac, Excellent : 1&&399 & Very Good : 278 & Average : 60 & Poor : 20 & Terrible : 10, /Attraction_Review-g17579051-d10438743-Reviews-Skocjanske_Jame-Skocjan_Slovenian_Littoral_Region.html
