review_location_name, review_current_page, review_last_page, review_location_type, review_location_breadcrumbs, review_location_rate, location_lat, location_lng, review_id, review_date, review_experience_date, review_rate, user_name, user_link, user_id, extra, parent_url
Bled Island, 375, 557, Architectural Buildings & Islands & Sacred & Religious Sites, Europe & Slovenia & Upper Carniola Region & Bled & Things to Do in Bled, 4.5, 46.36917, 14.113181, 311571980, 20150901, 20150901, 2.0, Fred P, https://www.tripadvisor.com/Profile/fredp141, df384662b0d4b0da7f1134551bd4fdc5, Excellent : 1&&390 & Very Good : 904 & Average : 400 & Poor : 69 & Terrible : 22, /Attraction_Review-g274863-d317378-Reviews-Bled_Island-Bled_Upper_Carniola_Region.html
Bled Island, 375, 557, Architectural Buildings & Islands & Sacred & Religious Sites, Europe & Slovenia & Upper Carniola Region & Bled & Things to Do in Bled, 4.5, 46.36917, 14.113181, 311563936, 20150901, 20150901, 5.0, skiNebraska, https://www.tripadvisor.com/Profile/skiNebraska, 3f224e3eea4ff8750bb484432e5784a3, Excellent : 1&&390 & Very Good : 904 & Average : 400 & Poor : 69 & Terrible : 22, /Attraction_Review-g274863-d317378-Reviews-Bled_Island-Bled_Upper_Carniola_Region.html
Bled Island, 375, 557, Architectural Buildings & Islands & Sacred & Religious Sites, Europe & Slovenia & Upper Carniola Region & Bled & Things to Do in Bled, 4.5, 46.36917, 14.113181, 311516905, 20150901, 20150901, 4.0, Mr B, https://www.tripadvisor.com/Profile/Barrowontrenter, 038a0ea1dad207cc08afa040c1892573, Excellent : 1&&390 & Very Good : 904 & Average : 400 & Poor : 69 & Terrible : 22, /Attraction_Review-g274863-d317378-Reviews-Bled_Island-Bled_Upper_Carniola_Region.html
Bled Island, 375, 557, Architectural Buildings & Islands & Sacred & Religious Sites, Europe & Slovenia & Upper Carniola Region & Bled & Things to Do in Bled, 4.5, 46.36917, 14.113181, 311257612, 20150901, 20150701, 4.0, LIZIO4743, https://www.tripadvisor.com/Profile/LIZIO4743, 686289284f0bd440432154b772649f99, Excellent : 1&&390 & Very Good : 904 & Average : 400 & Poor : 69 & Terrible : 22, /Attraction_Review-g274863-d317378-Reviews-Bled_Island-Bled_Upper_Carniola_Region.html
Bled Island, 375, 557, Architectural Buildings & Islands & Sacred & Religious Sites, Europe & Slovenia & Upper Carniola Region & Bled & Things to Do in Bled, 4.5, 46.36917, 14.113181, 311170054, 20150901, 20150901, 5.0, astratovsn, https://www.tripadvisor.com/Profile/astratovsn, 046c27da93788831f97892615c63c480, Excellent : 1&&390 & Very Good : 904 & Average : 400 & Poor : 69 & Terrible : 22, /Attraction_Review-g274863-d317378-Reviews-Bled_Island-Bled_Upper_Carniola_Region.html
