review_location_name, review_current_page, review_last_page, review_location_type, review_location_breadcrumbs, review_location_rate, location_lat, location_lng, review_id, review_date, review_experience_date, review_rate, user_name, user_link, user_id, extra, parent_url
Soca Fun Park, 8, 17, Parks & Game & Entertainment Centers, Europe & Slovenia & Styria Region & Nova Gorica & Solkan & Things to Do in Solkan, 5.0, 45.9702, 13.64394, 543492905, 20171101, 20170801, 5.0, Bostjan M, https://www.tripadvisor.com/Profile/bostjanm700, b5d6737c226420c1e84b2c3720de2d53, Excellent : 72 & Very Good : 8 & Average : 0 & Poor : 1 & Terrible : 0, /Attraction_Review-g1077246-d8261307-Reviews-Soca_Fun_Park-Solkan_Nova_Gorica_Styria_Region.html
Soca Fun Park, 8, 17, Parks & Game & Entertainment Centers, Europe & Slovenia & Styria Region & Nova Gorica & Solkan & Things to Do in Solkan, 5.0, 45.9702, 13.64394, 525376329, 20170901, 20170801, 4.0, Clara M, https://www.tripadvisor.com/Profile/ClaraM230, e566beaf0a4cc0f02edf8cf8c365edd6, Excellent : 72 & Very Good : 8 & Average : 0 & Poor : 1 & Terrible : 0, /Attraction_Review-g1077246-d8261307-Reviews-Soca_Fun_Park-Solkan_Nova_Gorica_Styria_Region.html
Soca Fun Park, 8, 17, Parks & Game & Entertainment Centers, Europe & Slovenia & Styria Region & Nova Gorica & Solkan & Things to Do in Solkan, 5.0, 45.9702, 13.64394, 520982811, 20170901, 20170901, 5.0, Colonna, https://www.tripadvisor.com/Profile/M5452HZmarcom, 12a523c638c3e7246754de7d8f116c37, Excellent : 72 & Very Good : 8 & Average : 0 & Poor : 1 & Terrible : 0, /Attraction_Review-g1077246-d8261307-Reviews-Soca_Fun_Park-Solkan_Nova_Gorica_Styria_Region.html
Soca Fun Park, 8, 17, Parks & Game & Entertainment Centers, Europe & Slovenia & Styria Region & Nova Gorica & Solkan & Things to Do in Solkan, 5.0, 45.9702, 13.64394, 519264443, 20170801, 20170801, 5.0, Lucija K, https://www.tripadvisor.com/Profile/789lucijak, 9177b2b7e957bed0d68160b8882d7d13, Excellent : 72 & Very Good : 8 & Average : 0 & Poor : 1 & Terrible : 0, /Attraction_Review-g1077246-d8261307-Reviews-Soca_Fun_Park-Solkan_Nova_Gorica_Styria_Region.html
Soca Fun Park, 8, 17, Parks & Game & Entertainment Centers, Europe & Slovenia & Styria Region & Nova Gorica & Solkan & Things to Do in Solkan, 5.0, 45.9702, 13.64394, 518287745, 20170801, 20170801, 5.0, Odbojkarski klu... S, https://www.tripadvisor.com/Profile/odbojkarskiklubs, 21c7bd4421b3ebf823d62374111a3b86, Excellent : 72 & Very Good : 8 & Average : 0 & Poor : 1 & Terrible : 0, /Attraction_Review-g1077246-d8261307-Reviews-Soca_Fun_Park-Solkan_Nova_Gorica_Styria_Region.html
