review_location_name, review_current_page, review_last_page, review_location_type, review_location_breadcrumbs, review_location_rate, location_lat, location_lng, review_id, review_date, review_experience_date, review_rate, user_name, user_link, user_id, extra, parent_url
Preseren Square, 172, 420, Points of Interest & Landmarks, Europe & Slovenia & Upper Carniola Region & Ljubljana & Things to Do in Ljubljana, 4.5, 46.056934, 14.505641, 486352462, 20170501, 20170501, 5.0, geo roadtrip, https://www.tripadvisor.com/Profile/W6463AZgeorges, 69b93ad12a82d5c17cf2c55b9650b895, Excellent : 1&&088 & Very Good : 855 & Average : 147 & Poor : 8 & Terrible : 2, /Attraction_Review-g274873-d298648-Reviews-Preseren_Square-Ljubljana_Upper_Carniola_Region.html
Preseren Square, 172, 420, Points of Interest & Landmarks, Europe & Slovenia & Upper Carniola Region & Ljubljana & Things to Do in Ljubljana, 4.5, 46.056934, 14.505641, 486180139, 20170501, 20160601, 4.0, Vadim, https://www.tripadvisor.com/Profile/VadimM67, 3cf02b2398ffc6f142ef3216ef7e32d7, Excellent : 1&&088 & Very Good : 855 & Average : 147 & Poor : 8 & Terrible : 2, /Attraction_Review-g274873-d298648-Reviews-Preseren_Square-Ljubljana_Upper_Carniola_Region.html
Preseren Square, 172, 420, Points of Interest & Landmarks, Europe & Slovenia & Upper Carniola Region & Ljubljana & Things to Do in Ljubljana, 4.5, 46.056934, 14.505641, 485454694, 20170501, 20170501, 5.0, ROBERTO C, https://www.tripadvisor.com/Profile/R1964OBERTOC, 59106ee459d33c3231f8a9b0ced6d662, Excellent : 1&&088 & Very Good : 855 & Average : 147 & Poor : 8 & Terrible : 2, /Attraction_Review-g274873-d298648-Reviews-Preseren_Square-Ljubljana_Upper_Carniola_Region.html
Preseren Square, 172, 420, Points of Interest & Landmarks, Europe & Slovenia & Upper Carniola Region & Ljubljana & Things to Do in Ljubljana, 4.5, 46.056934, 14.505641, 485418182, 20170501, 20170501, 5.0, Kamal5372, https://www.tripadvisor.com/Profile/Kamal5372, 9f32335f6604ac172386576149a7d3a1, Excellent : 1&&088 & Very Good : 855 & Average : 147 & Poor : 8 & Terrible : 2, /Attraction_Review-g274873-d298648-Reviews-Preseren_Square-Ljubljana_Upper_Carniola_Region.html
Preseren Square, 172, 420, Points of Interest & Landmarks, Europe & Slovenia & Upper Carniola Region & Ljubljana & Things to Do in Ljubljana, 4.5, 46.056934, 14.505641, 485066139, 20170501, 20170501, 5.0, Sabina Y, https://www.tripadvisor.com/Profile/160sabinay, 185bbddd5a732d63455c2458db1a62ca, Excellent : 1&&088 & Very Good : 855 & Average : 147 & Poor : 8 & Terrible : 2, /Attraction_Review-g274873-d298648-Reviews-Preseren_Square-Ljubljana_Upper_Carniola_Region.html
