review_location_name, review_current_page, review_last_page, review_location_type, review_location_breadcrumbs, review_location_rate, location_lat, location_lng, review_id, review_date, review_experience_date, review_rate, user_name, user_link, user_id, extra, parent_url
Skofja Loka Castle & Museum, 2, 32, Castles & History Museums, Europe & Slovenia & Upper Carniola Region & Skofja Loka & Things to Do in Skofja Loka, 4.0, 46.16889, 14.32286, 702060349, 20190801, 20190701, 4.0, Seb N, https://www.tripadvisor.com/Profile/SebN81, bfcd9a96209b3e4f3ac77a41eaa67fe7, Excellent : 58 & Very Good : 74 & Average : 21 & Poor : 3 & Terrible : 0, /Attraction_Review-g608963-d3423353-Reviews-Skofja_Loka_Castle_Museum-Skofja_Loka_Upper_Carniola_Region.html
Skofja Loka Castle & Museum, 2, 32, Castles & History Museums, Europe & Slovenia & Upper Carniola Region & Skofja Loka & Things to Do in Skofja Loka, 4.0, 46.16889, 14.32286, 699968000, 20190801, 20190701, 5.0, NGAA, https://www.tripadvisor.com/Profile/NGAA, dd7ec97952e578730c0e5d24384dc56f, Excellent : 58 & Very Good : 74 & Average : 21 & Poor : 3 & Terrible : 0, /Attraction_Review-g608963-d3423353-Reviews-Skofja_Loka_Castle_Museum-Skofja_Loka_Upper_Carniola_Region.html
Skofja Loka Castle & Museum, 2, 32, Castles & History Museums, Europe & Slovenia & Upper Carniola Region & Skofja Loka & Things to Do in Skofja Loka, 4.0, 46.16889, 14.32286, 696473002, 20190801, 20190701, 4.0, Marianne C, https://www.tripadvisor.com/Profile/CZUKUSA, 7d62dc8f9008e3b2a5ff1172db44685a, Excellent : 58 & Very Good : 74 & Average : 21 & Poor : 3 & Terrible : 0, /Attraction_Review-g608963-d3423353-Reviews-Skofja_Loka_Castle_Museum-Skofja_Loka_Upper_Carniola_Region.html
Skofja Loka Castle & Museum, 2, 32, Castles & History Museums, Europe & Slovenia & Upper Carniola Region & Skofja Loka & Things to Do in Skofja Loka, 4.0, 46.16889, 14.32286, 694399200, 20190701, 20190701, 4.0, chris2pherwong, https://www.tripadvisor.com/Profile/chris2pherwong, c47413e02a5f7e9aa4024d42de21cd25, Excellent : 58 & Very Good : 74 & Average : 21 & Poor : 3 & Terrible : 0, /Attraction_Review-g608963-d3423353-Reviews-Skofja_Loka_Castle_Museum-Skofja_Loka_Upper_Carniola_Region.html
Skofja Loka Castle & Museum, 2, 32, Castles & History Museums, Europe & Slovenia & Upper Carniola Region & Skofja Loka & Things to Do in Skofja Loka, 4.0, 46.16889, 14.32286, 691387061, 20190701, 20190701, 5.0, Andycc85, https://www.tripadvisor.com/Profile/Andycc85, eb82e84443d16b08e21da4e436f93a21, Excellent : 58 & Very Good : 74 & Average : 21 & Poor : 3 & Terrible : 0, /Attraction_Review-g608963-d3423353-Reviews-Skofja_Loka_Castle_Museum-Skofja_Loka_Upper_Carniola_Region.html
