review_location_name, review_current_page, review_last_page, review_location_type, review_location_breadcrumbs, review_location_rate, location_lat, location_lng, review_id, review_date, review_experience_date, review_rate, user_name, user_link, user_id, extra, parent_url
Bled Island, 367, 557, Architectural Buildings & Islands & Sacred & Religious Sites, Europe & Slovenia & Upper Carniola Region & Bled & Things to Do in Bled, 4.5, 46.36917, 14.113181, 317750896, 20151001, 20151001, 3.0, Natalie S, https://www.tripadvisor.com/Profile/natPerth_Australia, bf75af95c04bd79d0761c80a53488e8b, Excellent : 1&&390 & Very Good : 904 & Average : 400 & Poor : 69 & Terrible : 22, /Attraction_Review-g274863-d317378-Reviews-Bled_Island-Bled_Upper_Carniola_Region.html
Bled Island, 367, 557, Architectural Buildings & Islands & Sacred & Religious Sites, Europe & Slovenia & Upper Carniola Region & Bled & Things to Do in Bled, 4.5, 46.36917, 14.113181, 317642168, 20151001, 20150801, 5.0, どろっぴぉ, https://www.tripadvisor.com/Profile/Curiosity809070, 907d17f38dc0c6f1046035f53f5f8d77, Excellent : 1&&390 & Very Good : 904 & Average : 400 & Poor : 69 & Terrible : 22, /Attraction_Review-g274863-d317378-Reviews-Bled_Island-Bled_Upper_Carniola_Region.html
Bled Island, 367, 557, Architectural Buildings & Islands & Sacred & Religious Sites, Europe & Slovenia & Upper Carniola Region & Bled & Things to Do in Bled, 4.5, 46.36917, 14.113181, 317641088, 20151001, 20150901, 3.0, Chuck H, https://www.tripadvisor.com/Profile/712chuckh, 6b6768ead6f26983b89de40f133b369e, Excellent : 1&&390 & Very Good : 904 & Average : 400 & Poor : 69 & Terrible : 22, /Attraction_Review-g274863-d317378-Reviews-Bled_Island-Bled_Upper_Carniola_Region.html
Bled Island, 367, 557, Architectural Buildings & Islands & Sacred & Religious Sites, Europe & Slovenia & Upper Carniola Region & Bled & Things to Do in Bled, 4.5, 46.36917, 14.113181, 317567245, 20151001, 20150901, 4.0, Shmuki, https://www.tripadvisor.com/Profile/Shmuki, d26b6660db7b1283ae8dcf13ee2e5a02, Excellent : 1&&390 & Very Good : 904 & Average : 400 & Poor : 69 & Terrible : 22, /Attraction_Review-g274863-d317378-Reviews-Bled_Island-Bled_Upper_Carniola_Region.html
Bled Island, 367, 557, Architectural Buildings & Islands & Sacred & Religious Sites, Europe & Slovenia & Upper Carniola Region & Bled & Things to Do in Bled, 4.5, 46.36917, 14.113181, 317450434, 20151001, 20151001, 3.0, iowaaggie, https://www.tripadvisor.com/Profile/iowaaggie, b1b540b87c86ea9dbe452d97130b6eb1, Excellent : 1&&390 & Very Good : 904 & Average : 400 & Poor : 69 & Terrible : 22, /Attraction_Review-g274863-d317378-Reviews-Bled_Island-Bled_Upper_Carniola_Region.html
