review_location_name, review_current_page, review_last_page, review_location_type, review_location_breadcrumbs, review_location_rate, location_lat, location_lng, review_id, review_date, review_experience_date, review_rate, user_name, user_link, user_id, extra, parent_url
Bled Castle (Blejski Grad), 666, 883, Castles, Europe & Slovenia & Upper Carniola Region & Bled & Things to Do in Bled, 4.0, 46.36917, 14.113181, 294999863, 20150801, 20150701, 4.0, TheMomentHumansBlink, https://www.tripadvisor.com/Profile/TheMomentHumansBlink, 4d8735380391f6ff7704fc6bb7f047ce, Excellent : 1&&594 & Very Good : 1&&613 & Average : 761 & Poor : 283 & Terrible : 161, /Attraction_Review-g274863-d300864-Reviews-Bled_Castle_Blejski_Grad-Bled_Upper_Carniola_Region.html
Bled Castle (Blejski Grad), 666, 883, Castles, Europe & Slovenia & Upper Carniola Region & Bled & Things to Do in Bled, 4.0, 46.36917, 14.113181, 294931733, 20150801, 20150701, 1.0, Foeke V, https://www.tripadvisor.com/Profile/foekev, 9ecd96a0df139173181886653c7d7ddb, Excellent : 1&&594 & Very Good : 1&&613 & Average : 761 & Poor : 283 & Terrible : 161, /Attraction_Review-g274863-d300864-Reviews-Bled_Castle_Blejski_Grad-Bled_Upper_Carniola_Region.html
Bled Castle (Blejski Grad), 666, 883, Castles, Europe & Slovenia & Upper Carniola Region & Bled & Things to Do in Bled, 4.0, 46.36917, 14.113181, 294901598, 20150801, 20141001, 5.0, Santiago R, https://www.tripadvisor.com/Profile/santiagor5, 975c534a2d9c751c9008976c3c222238, Excellent : 1&&594 & Very Good : 1&&613 & Average : 761 & Poor : 283 & Terrible : 161, /Attraction_Review-g274863-d300864-Reviews-Bled_Castle_Blejski_Grad-Bled_Upper_Carniola_Region.html
Bled Castle (Blejski Grad), 666, 883, Castles, Europe & Slovenia & Upper Carniola Region & Bled & Things to Do in Bled, 4.0, 46.36917, 14.113181, 294782107, 20150801, 20150801, 4.0, Martina T, https://www.tripadvisor.com/Profile/783martinat, c751a2a1af55bf9d494f2d9284872e74, Excellent : 1&&594 & Very Good : 1&&613 & Average : 761 & Poor : 283 & Terrible : 161, /Attraction_Review-g274863-d300864-Reviews-Bled_Castle_Blejski_Grad-Bled_Upper_Carniola_Region.html
Bled Castle (Blejski Grad), 666, 883, Castles, Europe & Slovenia & Upper Carniola Region & Bled & Things to Do in Bled, 4.0, 46.36917, 14.113181, 294725342, 20150801, 20150801, 5.0, Robyzg, https://www.tripadvisor.com/Profile/Robyzg, 264542da85abd9a17f12d3ad0f977676, Excellent : 1&&594 & Very Good : 1&&613 & Average : 761 & Poor : 283 & Terrible : 161, /Attraction_Review-g274863-d300864-Reviews-Bled_Castle_Blejski_Grad-Bled_Upper_Carniola_Region.html
