review_location_name, review_current_page, review_last_page, review_location_type, review_location_breadcrumbs, review_location_rate, location_lat, location_lng, review_id, review_date, review_experience_date, review_rate, user_name, user_link, user_id, extra, parent_url
Tolmin Gorge, 85, 103, Geologic Formations, Europe & Slovenia & Slovenian Littoral Region & Tolmin & Things to Do in Tolmin, 4.5, 46.18268, 13.73253, 297454999, 20150801, 20150801, 4.0, Gianni D, https://www.tripadvisor.com/Profile/Giadvisor, c4804e3183c1f8fca36916b3269e6b75, Excellent : 356 & Very Good : 120 & Average : 25 & Poor : 9 & Terrible : 2, /Attraction_Review-g815568-d1187693-Reviews-Tolmin_Gorge-Tolmin_Slovenian_Littoral_Region.html
Tolmin Gorge, 85, 103, Geologic Formations, Europe & Slovenia & Slovenian Littoral Region & Tolmin & Things to Do in Tolmin, 4.5, 46.18268, 13.73253, 297337865, 20150801, 20150801, 4.0, Katarzyna ś, https://www.tripadvisor.com/Profile/47katarzyna_, db362385d0e18820a1e006ae313c1f64, Excellent : 356 & Very Good : 120 & Average : 25 & Poor : 9 & Terrible : 2, /Attraction_Review-g815568-d1187693-Reviews-Tolmin_Gorge-Tolmin_Slovenian_Littoral_Region.html
Tolmin Gorge, 85, 103, Geologic Formations, Europe & Slovenia & Slovenian Littoral Region & Tolmin & Things to Do in Tolmin, 4.5, 46.18268, 13.73253, 296520716, 20150801, 20150601, 5.0, Max F, https://www.tripadvisor.com/Profile/maxf240, c8284ca1c7b0a8a124098fab4b41004d, Excellent : 356 & Very Good : 120 & Average : 25 & Poor : 9 & Terrible : 2, /Attraction_Review-g815568-d1187693-Reviews-Tolmin_Gorge-Tolmin_Slovenian_Littoral_Region.html
Tolmin Gorge, 85, 103, Geologic Formations, Europe & Slovenia & Slovenian Littoral Region & Tolmin & Things to Do in Tolmin, 4.5, 46.18268, 13.73253, 294443384, 20150701, 20150601, 5.0, JESUS SOLERO, https://www.tripadvisor.com/Profile/elgranyuyu, c3211af231273b3556e1c38496eb6282, Excellent : 356 & Very Good : 120 & Average : 25 & Poor : 9 & Terrible : 2, /Attraction_Review-g815568-d1187693-Reviews-Tolmin_Gorge-Tolmin_Slovenian_Littoral_Region.html
Tolmin Gorge, 85, 103, Geologic Formations, Europe & Slovenia & Slovenian Littoral Region & Tolmin & Things to Do in Tolmin, 4.5, 46.18268, 13.73253, 293375554, 20150701, 20150701, 4.0, Anu P, https://www.tripadvisor.com/Profile/AnuP31, a2aa26b38dd146aa361a8f490a2f9090, Excellent : 356 & Very Good : 120 & Average : 25 & Poor : 9 & Terrible : 2, /Attraction_Review-g815568-d1187693-Reviews-Tolmin_Gorge-Tolmin_Slovenian_Littoral_Region.html
