review_location_name, review_current_page, review_last_page, review_location_type, review_location_breadcrumbs, review_location_rate, location_lat, location_lng, review_id, review_date, review_experience_date, review_rate, user_name, user_link, user_id, extra, parent_url
Velika Planina, 35, 45, Mountains, Europe & Slovenia & Upper Carniola Region & Stahovica & Things to Do in Stahovica, 4.5, 46.26757, 14.6032, 339834462, 20160101, 20160101, 5.0, ZannaTravel, https://www.tripadvisor.com/Profile/ZannaTravel, 9cf7857ed86e660e77bf600445316069, Excellent : 167 & Very Good : 44 & Average : 5 & Poor : 1 & Terrible : 4, /Attraction_Review-g2554450-d3653702-Reviews-Velika_Planina-Stahovica_Upper_Carniola_Region.html
Velika Planina, 35, 45, Mountains, Europe & Slovenia & Upper Carniola Region & Stahovica & Things to Do in Stahovica, 4.5, 46.26757, 14.6032, 333986551, 20151201, 20150701, 5.0, Fab L, https://www.tripadvisor.com/Profile/FabL534, 3bbc865dc9f9305dc9970f77f8ed6b67, Excellent : 167 & Very Good : 44 & Average : 5 & Poor : 1 & Terrible : 4, /Attraction_Review-g2554450-d3653702-Reviews-Velika_Planina-Stahovica_Upper_Carniola_Region.html
Velika Planina, 35, 45, Mountains, Europe & Slovenia & Upper Carniola Region & Stahovica & Things to Do in Stahovica, 4.5, 46.26757, 14.6032, 332431704, 20151201, 20151201, 5.0, marianna1919, https://www.tripadvisor.com/Profile/marianna1919, 8c1d919107e75ffe53b1b22850269849, Excellent : 167 & Very Good : 44 & Average : 5 & Poor : 1 & Terrible : 4, /Attraction_Review-g2554450-d3653702-Reviews-Velika_Planina-Stahovica_Upper_Carniola_Region.html
Velika Planina, 35, 45, Mountains, Europe & Slovenia & Upper Carniola Region & Stahovica & Things to Do in Stahovica, 4.5, 46.26757, 14.6032, 326268442, 20151101, 20150801, 5.0, OroreSh, https://www.tripadvisor.com/Profile/OroreSh, b45cd2b25ab2c7d492ce63131373d630, Excellent : 167 & Very Good : 44 & Average : 5 & Poor : 1 & Terrible : 4, /Attraction_Review-g2554450-d3653702-Reviews-Velika_Planina-Stahovica_Upper_Carniola_Region.html
Velika Planina, 35, 45, Mountains, Europe & Slovenia & Upper Carniola Region & Stahovica & Things to Do in Stahovica, 4.5, 46.26757, 14.6032, 323710937, 20151101, 20150801, 5.0, taighina, https://www.tripadvisor.com/Profile/taighina, a505624e9aa566208244fe2881c9f7a0, Excellent : 167 & Very Good : 44 & Average : 5 & Poor : 1 & Terrible : 4, /Attraction_Review-g2554450-d3653702-Reviews-Velika_Planina-Stahovica_Upper_Carniola_Region.html
