review_location_name, review_current_page, review_last_page, review_location_type, review_location_breadcrumbs, review_location_rate, location_lat, location_lng, review_id, review_date, review_experience_date, review_rate, user_name, user_link, user_id, extra, parent_url
Terme Catez, 21, 144, Spas & Thermal Spas, Europe & Slovenia & Lower Carniola Region & Brezice & Things to Do in Brezice, 3.5, 45.90333, 15.59111, 644723095, 20190101, 20190101, 1.0, RistoranteFerra... F, https://www.tripadvisor.com/Profile/ristoranteferrarif, fa6c4ec7ed9f8b43c91c9e88126bf56e, Excellent : 172 & Very Good : 258 & Average : 151 & Poor : 62 & Terrible : 75, /Attraction_Review-g1567720-d615464-Reviews-Terme_Catez-Brezice_Lower_Carniola_Region.html
Terme Catez, 21, 144, Spas & Thermal Spas, Europe & Slovenia & Lower Carniola Region & Brezice & Things to Do in Brezice, 3.5, 45.90333, 15.59111, 644389466, 20190101, 20190101, 4.0, Cinzia Nasuelli, https://www.tripadvisor.com/Profile/cinziaMi75, c62a747d0aa7d428b350ff77f797a773, Excellent : 172 & Very Good : 258 & Average : 151 & Poor : 62 & Terrible : 75, /Attraction_Review-g1567720-d615464-Reviews-Terme_Catez-Brezice_Lower_Carniola_Region.html
Terme Catez, 21, 144, Spas & Thermal Spas, Europe & Slovenia & Lower Carniola Region & Brezice & Things to Do in Brezice, 3.5, 45.90333, 15.59111, 644257830, 20190101, 20190101, 5.0, Jacksparrow72, https://www.tripadvisor.com/Profile/Jacksparrow72, 1d5e387d17ee29a5433bf45bc762b314, Excellent : 172 & Very Good : 258 & Average : 151 & Poor : 62 & Terrible : 75, /Attraction_Review-g1567720-d615464-Reviews-Terme_Catez-Brezice_Lower_Carniola_Region.html
Terme Catez, 21, 144, Spas & Thermal Spas, Europe & Slovenia & Lower Carniola Region & Brezice & Things to Do in Brezice, 3.5, 45.90333, 15.59111, 644111190, 20190101, 20181201, 2.0, Elena A, https://www.tripadvisor.com/Profile/ElenaA1222, f35f735a7a1cb47a42f80a25b7eb5fbb, Excellent : 172 & Very Good : 258 & Average : 151 & Poor : 62 & Terrible : 75, /Attraction_Review-g1567720-d615464-Reviews-Terme_Catez-Brezice_Lower_Carniola_Region.html
Terme Catez, 21, 144, Spas & Thermal Spas, Europe & Slovenia & Lower Carniola Region & Brezice & Things to Do in Brezice, 3.5, 45.90333, 15.59111, 643627949, 20190101, 20190101, 3.0, tommy nuvola, https://www.tripadvisor.com/Profile/fortunatothomasn, f3c11f6cbc77bbfa29f88a452d2c27ab, Excellent : 172 & Very Good : 258 & Average : 151 & Poor : 62 & Terrible : 75, /Attraction_Review-g1567720-d615464-Reviews-Terme_Catez-Brezice_Lower_Carniola_Region.html
