review_location_name, review_current_page, review_last_page, review_location_type, review_location_breadcrumbs, review_location_rate, location_lat, location_lng, review_id, review_date, review_experience_date, review_rate, user_name, user_link, user_id, extra, parent_url
Aquapark & Wellness - Vodni Park Bohinj, 7, 22, Spas, Europe & Slovenia & Upper Carniola Region & Bohinjska Bistrica & Things to Do in Bohinjska Bistrica, 4.0, 46.27162, 13.95615, 600069213, 20180701, 20180701, 3.0, Sjaak d, https://www.tripadvisor.com/Profile/755sjaakd, 81e0d7e60f91e77544084f49d674d81d, Excellent : 34 & Very Good : 37 & Average : 25 & Poor : 8 & Terrible : 6, /Attraction_Review-g815572-d6938562-Reviews-Aquapark_Wellness_Vodni_Park_Bohinj-Bohinjska_Bistrica_Upper_Carniola_Region.html
Aquapark & Wellness - Vodni Park Bohinj, 7, 22, Spas, Europe & Slovenia & Upper Carniola Region & Bohinjska Bistrica & Things to Do in Bohinjska Bistrica, 4.0, 46.27162, 13.95615, 598223138, 20180701, 20180701, 1.0, PlainTraveller, https://www.tripadvisor.com/Profile/PlainTraveller, c1448cbb0f3564ff5988d26f1f37e170, Excellent : 34 & Very Good : 37 & Average : 25 & Poor : 8 & Terrible : 6, /Attraction_Review-g815572-d6938562-Reviews-Aquapark_Wellness_Vodni_Park_Bohinj-Bohinjska_Bistrica_Upper_Carniola_Region.html
Aquapark & Wellness - Vodni Park Bohinj, 7, 22, Spas, Europe & Slovenia & Upper Carniola Region & Bohinjska Bistrica & Things to Do in Bohinjska Bistrica, 4.0, 46.27162, 13.95615, 592657268, 20180701, 20180601, 3.0, AleVanny, https://www.tripadvisor.com/Profile/AleVanny, 23e885d4f4b0c801b6a37e4f39cfc4d3, Excellent : 34 & Very Good : 37 & Average : 25 & Poor : 8 & Terrible : 6, /Attraction_Review-g815572-d6938562-Reviews-Aquapark_Wellness_Vodni_Park_Bohinj-Bohinjska_Bistrica_Upper_Carniola_Region.html
Aquapark & Wellness - Vodni Park Bohinj, 7, 22, Spas, Europe & Slovenia & Upper Carniola Region & Bohinjska Bistrica & Things to Do in Bohinjska Bistrica, 4.0, 46.27162, 13.95615, 585895283, 20180601, 20180601, 3.0, etenvoor2, https://www.tripadvisor.com/Profile/etenvoor2, 37d225c15394bf7102207051088b5a51, Excellent : 34 & Very Good : 37 & Average : 25 & Poor : 8 & Terrible : 6, /Attraction_Review-g815572-d6938562-Reviews-Aquapark_Wellness_Vodni_Park_Bohinj-Bohinjska_Bistrica_Upper_Carniola_Region.html
Aquapark & Wellness - Vodni Park Bohinj, 7, 22, Spas, Europe & Slovenia & Upper Carniola Region & Bohinjska Bistrica & Things to Do in Bohinjska Bistrica, 4.0, 46.27162, 13.95615, 578639774, 20180501, 20171201, 5.0, Anddre_a, https://www.tripadvisor.com/Profile/Anddre_a, d0dce27b216b1f839fd799c966cf11e3, Excellent : 34 & Very Good : 37 & Average : 25 & Poor : 8 & Terrible : 6, /Attraction_Review-g815572-d6938562-Reviews-Aquapark_Wellness_Vodni_Park_Bohinj-Bohinjska_Bistrica_Upper_Carniola_Region.html
