review_location_name, review_current_page, review_last_page, review_location_type, review_location_breadcrumbs, review_location_rate, location_lat, location_lng, review_id, review_date, review_experience_date, review_rate, user_name, user_link, user_id, extra, parent_url
River Ljubljanica Kanal, 123, 239, Bodies of Water, Europe & Slovenia & Upper Carniola Region & Ljubljana & Things to Do in Ljubljana, 4.5, 46.056934, 14.505641, 414597629, 20160901, 20160701, 5.0, Anna Victoria Andrews, https://www.tripadvisor.com/Profile/AnnaVictoriaAndrews, ee1c9dea590152de2450781b39657c31, Excellent : 612 & Very Good : 461 & Average : 102 & Poor : 16 & Terrible : 2, /Attraction_Review-g274873-d555572-Reviews-River_Ljubljanica_Kanal-Ljubljana_Upper_Carniola_Region.html
River Ljubljanica Kanal, 123, 239, Bodies of Water, Europe & Slovenia & Upper Carniola Region & Ljubljana & Things to Do in Ljubljana, 4.5, 46.056934, 14.505641, 414284198, 20160901, 20160601, 5.0, StanCoTravel, https://www.tripadvisor.com/Profile/StanCoTravel, 82e5dfd70a55d2cd5a9d8e5a4f9ce487, Excellent : 612 & Very Good : 461 & Average : 102 & Poor : 16 & Terrible : 2, /Attraction_Review-g274873-d555572-Reviews-River_Ljubljanica_Kanal-Ljubljana_Upper_Carniola_Region.html
River Ljubljanica Kanal, 123, 239, Bodies of Water, Europe & Slovenia & Upper Carniola Region & Ljubljana & Things to Do in Ljubljana, 4.5, 46.056934, 14.505641, 414278362, 20160901, 20160801, 4.0, czuj, https://www.tripadvisor.com/Profile/czuj, 49ba9802eac21db131555f912724d5e9, Excellent : 612 & Very Good : 461 & Average : 102 & Poor : 16 & Terrible : 2, /Attraction_Review-g274873-d555572-Reviews-River_Ljubljanica_Kanal-Ljubljana_Upper_Carniola_Region.html
River Ljubljanica Kanal, 123, 239, Bodies of Water, Europe & Slovenia & Upper Carniola Region & Ljubljana & Things to Do in Ljubljana, 4.5, 46.056934, 14.505641, 414008091, 20160901, 20160801, 5.0, Kaeli Han, https://www.tripadvisor.com/Profile/kaeli91, 5a672ef6347aea1c6ae3877e91bf2035, Excellent : 612 & Very Good : 461 & Average : 102 & Poor : 16 & Terrible : 2, /Attraction_Review-g274873-d555572-Reviews-River_Ljubljanica_Kanal-Ljubljana_Upper_Carniola_Region.html
River Ljubljanica Kanal, 123, 239, Bodies of Water, Europe & Slovenia & Upper Carniola Region & Ljubljana & Things to Do in Ljubljana, 4.5, 46.056934, 14.505641, 413912848, 20160901, 20160801, 5.0, Mireille M, https://www.tripadvisor.com/Profile/MireilleM775, b0491fec8990564b87eb2f6ec5752377, Excellent : 612 & Very Good : 461 & Average : 102 & Poor : 16 & Terrible : 2, /Attraction_Review-g274873-d555572-Reviews-River_Ljubljanica_Kanal-Ljubljana_Upper_Carniola_Region.html
