review_location_name, review_current_page, review_last_page, review_location_type, review_location_breadcrumbs, review_location_rate, location_lat, location_lng, review_id, review_date, review_experience_date, review_rate, user_name, user_link, user_id, extra, parent_url
Fort Hermann, 3, 10, Points of Interest & Landmarks, Europe & Slovenia & Slovenian Littoral Region & Bovec & Things to Do in Bovec, 4.5, 46.33761, 13.55976, 611845209, 20180801, 20180801, 5.0, xavier m, https://www.tripadvisor.com/Profile/I5141CQxavierm, 626b9d2a658da8cb41f51138d0202c0f, Excellent : 31 & Very Good : 15 & Average : 3 & Poor : 0 & Terrible : 0, /Attraction_Review-g274866-d6880808-Reviews-Fort_Hermann-Bovec_Slovenian_Littoral_Region.html
Fort Hermann, 3, 10, Points of Interest & Landmarks, Europe & Slovenia & Slovenian Littoral Region & Bovec & Things to Do in Bovec, 4.5, 46.33761, 13.55976, 608286308, 20180801, 20180701, 4.0, Michal Š, https://www.tripadvisor.com/Profile/432michal_, d3d6f58b76d675210af9a3c3e24f65b1, Excellent : 31 & Very Good : 15 & Average : 3 & Poor : 0 & Terrible : 0, /Attraction_Review-g274866-d6880808-Reviews-Fort_Hermann-Bovec_Slovenian_Littoral_Region.html
Fort Hermann, 3, 10, Points of Interest & Landmarks, Europe & Slovenia & Slovenian Littoral Region & Bovec & Things to Do in Bovec, 4.5, 46.33761, 13.55976, 591689644, 20180601, 20180601, 5.0, Marko M, https://www.tripadvisor.com/Profile/markom14, 57ed931b52a24a506ddf3c77ac931629, Excellent : 31 & Very Good : 15 & Average : 3 & Poor : 0 & Terrible : 0, /Attraction_Review-g274866-d6880808-Reviews-Fort_Hermann-Bovec_Slovenian_Littoral_Region.html
Fort Hermann, 3, 10, Points of Interest & Landmarks, Europe & Slovenia & Slovenian Littoral Region & Bovec & Things to Do in Bovec, 4.5, 46.33761, 13.55976, 587589862, 20180601, 20180301, 4.0, Peter Tarnai, https://www.tripadvisor.com/Profile/K6409RIpetert, 9c9e1bb7ba1dc0367928c2f3c664397c, Excellent : 31 & Very Good : 15 & Average : 3 & Poor : 0 & Terrible : 0, /Attraction_Review-g274866-d6880808-Reviews-Fort_Hermann-Bovec_Slovenian_Littoral_Region.html
Fort Hermann, 3, 10, Points of Interest & Landmarks, Europe & Slovenia & Slovenian Littoral Region & Bovec & Things to Do in Bovec, 4.5, 46.33761, 13.55976, 585341958, 20180601, 20180601, 5.0, Samo Z, https://www.tripadvisor.com/Profile/SamoZ5, c20055ed1ce9d26e0158c15e6eec0e51, Excellent : 31 & Very Good : 15 & Average : 3 & Poor : 0 & Terrible : 0, /Attraction_Review-g274866-d6880808-Reviews-Fort_Hermann-Bovec_Slovenian_Littoral_Region.html
