review_location_name, review_current_page, review_last_page, review_location_type, review_location_breadcrumbs, review_location_rate, location_lat, location_lng, review_id, review_date, review_experience_date, review_rate, user_name, user_link, user_id, extra, parent_url
Tivoli Park, 273, 291, Parks, Europe & Slovenia & Upper Carniola Region & Ljubljana & Things to Do in Ljubljana, 4.5, 46.056934, 14.505641, 172798517, 20130801, 20130801, 4.0, andrea d, https://www.tripadvisor.com/Profile/276andread, 0cb2f18ac7f5c4f8c3fa3d4be8e158f7, Excellent : 754 & Very Good : 536 & Average : 137 & Poor : 19 & Terrible : 5, /Attraction_Review-g274873-d298650-Reviews-Tivoli_Park-Ljubljana_Upper_Carniola_Region.html
Tivoli Park, 273, 291, Parks, Europe & Slovenia & Upper Carniola Region & Ljubljana & Things to Do in Ljubljana, 4.5, 46.056934, 14.505641, 171571239, 20130801, 20130801, 5.0, TheFabFour18, https://www.tripadvisor.com/Profile/TheFabFour18, 052c80a0bb4f2be3ddda899968c978d2, Excellent : 754 & Very Good : 536 & Average : 137 & Poor : 19 & Terrible : 5, /Attraction_Review-g274873-d298650-Reviews-Tivoli_Park-Ljubljana_Upper_Carniola_Region.html
Tivoli Park, 273, 291, Parks, Europe & Slovenia & Upper Carniola Region & Ljubljana & Things to Do in Ljubljana, 4.5, 46.056934, 14.505641, 171242889, 20130801, 20130501, 5.0, Potame, https://www.tripadvisor.com/Profile/Potame, 90bcfbe143005d65354fc68c204a1995, Excellent : 754 & Very Good : 536 & Average : 137 & Poor : 19 & Terrible : 5, /Attraction_Review-g274873-d298650-Reviews-Tivoli_Park-Ljubljana_Upper_Carniola_Region.html
Tivoli Park, 273, 291, Parks, Europe & Slovenia & Upper Carniola Region & Ljubljana & Things to Do in Ljubljana, 4.5, 46.056934, 14.505641, 171194422, 20130801, 20130801, 4.0, barynek, https://www.tripadvisor.com/Profile/barynek, 2ac0a611af41b22688b83814f1bebadd, Excellent : 754 & Very Good : 536 & Average : 137 & Poor : 19 & Terrible : 5, /Attraction_Review-g274873-d298650-Reviews-Tivoli_Park-Ljubljana_Upper_Carniola_Region.html
Tivoli Park, 273, 291, Parks, Europe & Slovenia & Upper Carniola Region & Ljubljana & Things to Do in Ljubljana, 4.5, 46.056934, 14.505641, 170544198, 20130801, 20130701, 5.0, zeynep_34, https://www.tripadvisor.com/Profile/zeynep_34, 98eb074aa5585b4b4057ccfbe36cc338, Excellent : 754 & Very Good : 536 & Average : 137 & Poor : 19 & Terrible : 5, /Attraction_Review-g274873-d298650-Reviews-Tivoli_Park-Ljubljana_Upper_Carniola_Region.html
