review_location_name, review_current_page, review_last_page, review_location_type, review_location_breadcrumbs, review_location_rate, location_lat, location_lng, review_id, review_date, review_experience_date, review_rate, user_name, user_link, user_id, extra, parent_url
Church of St. George, 85, 103, Sacred & Religious Sites, Europe & Slovenia & Slovenian Littoral Region & Slovenian Istria & Piran & Things to Do in Piran, 4.5, 45.528152, 13.568084, 282933754, 20150601, 20150601, 5.0, Carmen B, https://www.tripadvisor.com/Profile/carmenb592, 2514ba15fb8e2b63a27a091055c91324, Excellent : 274 & Very Good : 199 & Average : 34 & Poor : 4 & Terrible : 3, /Attraction_Review-g274876-d2344931-Reviews-Church_of_St_George-Piran_Slovenian_Istria_Slovenian_Littoral_Region.html
Church of St. George, 85, 103, Sacred & Religious Sites, Europe & Slovenia & Slovenian Littoral Region & Slovenian Istria & Piran & Things to Do in Piran, 4.5, 45.528152, 13.568084, 282377737, 20150601, 20150601, 4.0, Christian Girardi, https://www.tripadvisor.com/Profile/brixen77, 71f62e6b8eebb3bc832d859e72513b95, Excellent : 274 & Very Good : 199 & Average : 34 & Poor : 4 & Terrible : 3, /Attraction_Review-g274876-d2344931-Reviews-Church_of_St_George-Piran_Slovenian_Istria_Slovenian_Littoral_Region.html
Church of St. George, 85, 103, Sacred & Religious Sites, Europe & Slovenia & Slovenian Littoral Region & Slovenian Istria & Piran & Things to Do in Piran, 4.5, 45.528152, 13.568084, 282079258, 20150601, 20150601, 4.0, Diana C, https://www.tripadvisor.com/Profile/608dianac, db312e9c34adc60114b6080bf2846dd4, Excellent : 274 & Very Good : 199 & Average : 34 & Poor : 4 & Terrible : 3, /Attraction_Review-g274876-d2344931-Reviews-Church_of_St_George-Piran_Slovenian_Istria_Slovenian_Littoral_Region.html
Church of St. George, 85, 103, Sacred & Religious Sites, Europe & Slovenia & Slovenian Littoral Region & Slovenian Istria & Piran & Things to Do in Piran, 4.5, 45.528152, 13.568084, 278134275, 20150601, 20150501, 5.0, Fudo85, https://www.tripadvisor.com/Profile/Fudo85, ebf2c403d8c0a7b21bc82ae1cfe44692, Excellent : 274 & Very Good : 199 & Average : 34 & Poor : 4 & Terrible : 3, /Attraction_Review-g274876-d2344931-Reviews-Church_of_St_George-Piran_Slovenian_Istria_Slovenian_Littoral_Region.html
Church of St. George, 85, 103, Sacred & Religious Sites, Europe & Slovenia & Slovenian Littoral Region & Slovenian Istria & Piran & Things to Do in Piran, 4.5, 45.528152, 13.568084, 277539880, 20150601, 20150501, 5.0, Cristian Cizmar, https://www.tripadvisor.com/Profile/160cristianc, 3abea72f678b5256d80b83c3f6f95709, Excellent : 274 & Very Good : 199 & Average : 34 & Poor : 4 & Terrible : 3, /Attraction_Review-g274876-d2344931-Reviews-Church_of_St_George-Piran_Slovenian_Istria_Slovenian_Littoral_Region.html
