review_location_name, review_current_page, review_last_page, review_location_type, review_location_breadcrumbs, review_location_rate, location_lat, location_lng, review_id, review_date, review_experience_date, review_rate, user_name, user_link, user_id, extra, parent_url
Dragon Bridge (Zmajski Most), 52, 529, Bridges, Europe & Slovenia & Upper Carniola Region & Ljubljana & Things to Do in Ljubljana, 4.0, 46.056934, 14.505641, 687240180, 20190701, 20190701, 3.0, Wags63, https://www.tripadvisor.com/Profile/Wags63, 205c0740432cb3e01bfb9499f192d101, Excellent : 915 & Very Good : 1&&065 & Average : 583 & Poor : 71 & Terrible : 10, /Attraction_Review-g274873-d276337-Reviews-Dragon_Bridge_Zmajski_Most-Ljubljana_Upper_Carniola_Region.html
Dragon Bridge (Zmajski Most), 52, 529, Bridges, Europe & Slovenia & Upper Carniola Region & Ljubljana & Things to Do in Ljubljana, 4.0, 46.056934, 14.505641, 687061406, 20190701, 20190701, 5.0, Viktor B, https://www.tripadvisor.com/Profile/726ozb, 4b8b334762e7da5acbacb1410ea4f642, Excellent : 915 & Very Good : 1&&065 & Average : 583 & Poor : 71 & Terrible : 10, /Attraction_Review-g274873-d276337-Reviews-Dragon_Bridge_Zmajski_Most-Ljubljana_Upper_Carniola_Region.html
Dragon Bridge (Zmajski Most), 52, 529, Bridges, Europe & Slovenia & Upper Carniola Region & Ljubljana & Things to Do in Ljubljana, 4.0, 46.056934, 14.505641, 686866661, 20190701, 20190301, 4.0, Kai Wah, https://www.tripadvisor.com/Profile/Kai_Wah, 41f6e9d974a54c07f8b79f29811bf7c5, Excellent : 915 & Very Good : 1&&065 & Average : 583 & Poor : 71 & Terrible : 10, /Attraction_Review-g274873-d276337-Reviews-Dragon_Bridge_Zmajski_Most-Ljubljana_Upper_Carniola_Region.html
Dragon Bridge (Zmajski Most), 52, 529, Bridges, Europe & Slovenia & Upper Carniola Region & Ljubljana & Things to Do in Ljubljana, 4.0, 46.056934, 14.505641, 686764239, 20190701, 20190701, 3.0, RobertJE, https://www.tripadvisor.com/Profile/RobertJE, 7f5303823ceaacb0c85c16a38d27d5fe, Excellent : 915 & Very Good : 1&&065 & Average : 583 & Poor : 71 & Terrible : 10, /Attraction_Review-g274873-d276337-Reviews-Dragon_Bridge_Zmajski_Most-Ljubljana_Upper_Carniola_Region.html
Dragon Bridge (Zmajski Most), 52, 529, Bridges, Europe & Slovenia & Upper Carniola Region & Ljubljana & Things to Do in Ljubljana, 4.0, 46.056934, 14.505641, 686748324, 20190701, 20190701, 4.0, София В, https://www.tripadvisor.com/Profile/_Q5401XH, 50b310bb4d47aa3cc08f612341262344, Excellent : 915 & Very Good : 1&&065 & Average : 583 & Poor : 71 & Terrible : 10, /Attraction_Review-g274873-d276337-Reviews-Dragon_Bridge_Zmajski_Most-Ljubljana_Upper_Carniola_Region.html
