review_location_name, review_current_page, review_last_page, review_location_type, review_location_breadcrumbs, review_location_rate, location_lat, location_lng, review_id, review_date, review_experience_date, review_rate, user_name, user_link, user_id, extra, parent_url
Old Bridge (Drava Bridge), 2, 6, Bridges, Europe & Slovenia & Styria Region & Maribor & Things to Do in Maribor, 4.0, 46.55863, 15.65104, 686341792, 20190701, 20180801, 5.0, K K, https://www.tripadvisor.com/Profile/517KK, 995394341e7af4e371b11533c29ca783, Excellent : 9 & Very Good : 5 & Average : 13 & Poor : 1 & Terrible : 0, /Attraction_Review-g274874-d12546320-Reviews-Old_Bridge_Drava_Bridge-Maribor_Styria_Region.html
Old Bridge (Drava Bridge), 2, 6, Bridges, Europe & Slovenia & Styria Region & Maribor & Things to Do in Maribor, 4.0, 46.55863, 15.65104, 662413030, 20190301, 20190101, 3.0, PaoloRiccardoCarrara, https://www.tripadvisor.com/Profile/PaoloRiccardoCarrara, 1eefc98eb3fbe1b486e83405bb477046, Excellent : 9 & Very Good : 5 & Average : 13 & Poor : 1 & Terrible : 0, /Attraction_Review-g274874-d12546320-Reviews-Old_Bridge_Drava_Bridge-Maribor_Styria_Region.html
Old Bridge (Drava Bridge), 2, 6, Bridges, Europe & Slovenia & Styria Region & Maribor & Things to Do in Maribor, 4.0, 46.55863, 15.65104, 652970491, 20190201, 20180901, 5.0, Sonia261, https://www.tripadvisor.com/Profile/Sonia261, daba68bf91ca41fb01a06186bdd8c72a, Excellent : 9 & Very Good : 5 & Average : 13 & Poor : 1 & Terrible : 0, /Attraction_Review-g274874-d12546320-Reviews-Old_Bridge_Drava_Bridge-Maribor_Styria_Region.html
Old Bridge (Drava Bridge), 2, 6, Bridges, Europe & Slovenia & Styria Region & Maribor & Things to Do in Maribor, 4.0, 46.55863, 15.65104, 635730699, 20181101, 20181101, 3.0, Rodolfo612013, https://www.tripadvisor.com/Profile/Rodolfo612013, 87cea16ea84230e9fc2017872c0e690e, Excellent : 9 & Very Good : 5 & Average : 13 & Poor : 1 & Terrible : 0, /Attraction_Review-g274874-d12546320-Reviews-Old_Bridge_Drava_Bridge-Maribor_Styria_Region.html
Old Bridge (Drava Bridge), 2, 6, Bridges, Europe & Slovenia & Styria Region & Maribor & Things to Do in Maribor, 4.0, 46.55863, 15.65104, 631782335, 20181101, 20181101, 3.0, Stefano B, https://www.tripadvisor.com/Profile/stefanobH165OJ, c00a84552f5783210e9d0fb59e4adec8, Excellent : 9 & Very Good : 5 & Average : 13 & Poor : 1 & Terrible : 0, /Attraction_Review-g274874-d12546320-Reviews-Old_Bridge_Drava_Bridge-Maribor_Styria_Region.html
