review_location_name, review_current_page, review_last_page, review_location_type, review_location_breadcrumbs, review_location_rate, location_lat, location_lng, review_id, review_date, review_experience_date, review_rate, user_name, user_link, user_id, extra, parent_url
Tolmin Gorge, 60, 103, Geologic Formations, Europe & Slovenia & Slovenian Littoral Region & Tolmin & Things to Do in Tolmin, 4.5, 46.18268, 13.73253, 425626927, 20161001, 20161001, 5.0, גבאי ש, https://www.tripadvisor.com/Profile/_J5185UG, 7f1f5d13318108b090493d617e09c9fa, Excellent : 356 & Very Good : 120 & Average : 25 & Poor : 9 & Terrible : 2, /Attraction_Review-g815568-d1187693-Reviews-Tolmin_Gorge-Tolmin_Slovenian_Littoral_Region.html
Tolmin Gorge, 60, 103, Geologic Formations, Europe & Slovenia & Slovenian Littoral Region & Tolmin & Things to Do in Tolmin, 4.5, 46.18268, 13.73253, 423621249, 20160901, 20160901, 5.0, Fra N, https://www.tripadvisor.com/Profile/FraN462, 24b83847b9e6a1b1eb6dd4e522b0bd04, Excellent : 356 & Very Good : 120 & Average : 25 & Poor : 9 & Terrible : 2, /Attraction_Review-g815568-d1187693-Reviews-Tolmin_Gorge-Tolmin_Slovenian_Littoral_Region.html
Tolmin Gorge, 60, 103, Geologic Formations, Europe & Slovenia & Slovenian Littoral Region & Tolmin & Things to Do in Tolmin, 4.5, 46.18268, 13.73253, 422690366, 20160901, 20160901, 4.0, magomattia, https://www.tripadvisor.com/Profile/magomattia, dc3bf1fb983b2f9dca6f45c3a9a9849c, Excellent : 356 & Very Good : 120 & Average : 25 & Poor : 9 & Terrible : 2, /Attraction_Review-g815568-d1187693-Reviews-Tolmin_Gorge-Tolmin_Slovenian_Littoral_Region.html
Tolmin Gorge, 60, 103, Geologic Formations, Europe & Slovenia & Slovenian Littoral Region & Tolmin & Things to Do in Tolmin, 4.5, 46.18268, 13.73253, 422521573, 20160901, 20160901, 5.0, Tuši X, https://www.tripadvisor.com/Profile/tusi79, 883e931437a1139d64e52f109fa66e75, Excellent : 356 & Very Good : 120 & Average : 25 & Poor : 9 & Terrible : 2, /Attraction_Review-g815568-d1187693-Reviews-Tolmin_Gorge-Tolmin_Slovenian_Littoral_Region.html
Tolmin Gorge, 60, 103, Geologic Formations, Europe & Slovenia & Slovenian Littoral Region & Tolmin & Things to Do in Tolmin, 4.5, 46.18268, 13.73253, 422407179, 20160901, 20160901, 4.0, TheTravelGeorge, https://www.tripadvisor.com/Profile/TheTravelGeorge, 26c0f128813e81b89aab3d849db8f5db, Excellent : 356 & Very Good : 120 & Average : 25 & Poor : 9 & Terrible : 2, /Attraction_Review-g815568-d1187693-Reviews-Tolmin_Gorge-Tolmin_Slovenian_Littoral_Region.html
