review_location_name, review_current_page, review_last_page, review_location_type, review_location_breadcrumbs, review_location_rate, location_lat, location_lng, review_id, review_date, review_experience_date, review_rate, user_name, user_link, user_id, extra, parent_url
Cathedral of St. Nicholas (Stolnica Sv. Nikolaja), 69, 207, Sacred & Religious Sites, Europe & Slovenia & Upper Carniola Region & Ljubljana & Things to Do in Ljubljana, 4.5, 46.056934, 14.505641, 534492111, 20171001, 20170901, 3.0, Cristian Cizmar, https://www.tripadvisor.com/Profile/160cristianc, 3abea72f678b5256d80b83c3f6f95709, Excellent : 513 & Very Good : 433 & Average : 73 & Poor : 9 & Terrible : 6, /Attraction_Review-g274873-d276332-Reviews-Cathedral_of_St_Nicholas_Stolnica_Sv_Nikolaja-Ljubljana_Upper_Carniola_Region.html
Cathedral of St. Nicholas (Stolnica Sv. Nikolaja), 69, 207, Sacred & Religious Sites, Europe & Slovenia & Upper Carniola Region & Ljubljana & Things to Do in Ljubljana, 4.5, 46.056934, 14.505641, 534180671, 20171001, 20170901, 5.0, Dwayne S, https://www.tripadvisor.com/Profile/552dwaynes, bc2f80c45595a2843ff98fd52e8e8073, Excellent : 513 & Very Good : 433 & Average : 73 & Poor : 9 & Terrible : 6, /Attraction_Review-g274873-d276332-Reviews-Cathedral_of_St_Nicholas_Stolnica_Sv_Nikolaja-Ljubljana_Upper_Carniola_Region.html
Cathedral of St. Nicholas (Stolnica Sv. Nikolaja), 69, 207, Sacred & Religious Sites, Europe & Slovenia & Upper Carniola Region & Ljubljana & Things to Do in Ljubljana, 4.5, 46.056934, 14.505641, 533977330, 20171001, 20171001, 5.0, Patritsiya E, https://www.tripadvisor.com/Profile/patritsiyae, 0314e50abe5d259e5f3463fa37dc4dc9, Excellent : 513 & Very Good : 433 & Average : 73 & Poor : 9 & Terrible : 6, /Attraction_Review-g274873-d276332-Reviews-Cathedral_of_St_Nicholas_Stolnica_Sv_Nikolaja-Ljubljana_Upper_Carniola_Region.html
Cathedral of St. Nicholas (Stolnica Sv. Nikolaja), 69, 207, Sacred & Religious Sites, Europe & Slovenia & Upper Carniola Region & Ljubljana & Things to Do in Ljubljana, 4.5, 46.056934, 14.505641, 533866282, 20171001, 20170601, 5.0, rotavírusemação, https://www.tripadvisor.com/Profile/adelijas, 36e05a9b4944f3a9a6e25956dc90951f, Excellent : 513 & Very Good : 433 & Average : 73 & Poor : 9 & Terrible : 6, /Attraction_Review-g274873-d276332-Reviews-Cathedral_of_St_Nicholas_Stolnica_Sv_Nikolaja-Ljubljana_Upper_Carniola_Region.html
Cathedral of St. Nicholas (Stolnica Sv. Nikolaja), 69, 207, Sacred & Religious Sites, Europe & Slovenia & Upper Carniola Region & Ljubljana & Things to Do in Ljubljana, 4.5, 46.056934, 14.505641, 533811341, 20171001, 20171001, 5.0, la vie selon MaX, https://www.tripadvisor.com/Profile/LaVieSelonMaX, 86f5e34127e8f2c89a3021590d5b9675, Excellent : 513 & Very Good : 433 & Average : 73 & Poor : 9 & Terrible : 6, /Attraction_Review-g274873-d276332-Reviews-Cathedral_of_St_Nicholas_Stolnica_Sv_Nikolaja-Ljubljana_Upper_Carniola_Region.html
