review_location_name, review_current_page, review_last_page, review_location_type, review_location_breadcrumbs, review_location_rate, location_lat, location_lng, review_id, review_date, review_experience_date, review_rate, user_name, user_link, user_id, extra, parent_url
Straza Bled, 105, 114, Nature & Wildlife Areas & Ski & Snowboard Areas, Europe & Slovenia & Upper Carniola Region & Bled & Things to Do in Bled, 4.5, 46.36917, 14.113181, 216409920, 20140701, 20140701, 4.0, GOH77, https://www.tripadvisor.com/Profile/GOH77, f72357e81e7fc8f33305003b746b7648, Excellent : 344 & Very Good : 153 & Average : 36 & Poor : 14 & Terrible : 19, /Attraction_Review-g274863-d4501625-Reviews-Straza_Bled-Bled_Upper_Carniola_Region.html
Straza Bled, 105, 114, Nature & Wildlife Areas & Ski & Snowboard Areas, Europe & Slovenia & Upper Carniola Region & Bled & Things to Do in Bled, 4.5, 46.36917, 14.113181, 215563406, 20140701, 20140701, 5.0, scottkeir, https://www.tripadvisor.com/Profile/scottkeir, 8de9c047864390f475b9a35dc6947b1c, Excellent : 344 & Very Good : 153 & Average : 36 & Poor : 14 & Terrible : 19, /Attraction_Review-g274863-d4501625-Reviews-Straza_Bled-Bled_Upper_Carniola_Region.html
Straza Bled, 105, 114, Nature & Wildlife Areas & Ski & Snowboard Areas, Europe & Slovenia & Upper Carniola Region & Bled & Things to Do in Bled, 4.5, 46.36917, 14.113181, 214007889, 20140701, 20140601, 1.0, kaarthik_sr, https://www.tripadvisor.com/Profile/kaarthik_sr, 670f0b47cb4c57dab0e40c04ee6afd8c, Excellent : 344 & Very Good : 153 & Average : 36 & Poor : 14 & Terrible : 19, /Attraction_Review-g274863-d4501625-Reviews-Straza_Bled-Bled_Upper_Carniola_Region.html
Straza Bled, 105, 114, Nature & Wildlife Areas & Ski & Snowboard Areas, Europe & Slovenia & Upper Carniola Region & Bled & Things to Do in Bled, 4.5, 46.36917, 14.113181, 213623398, 20140701, 20140701, 5.0, stacey j, https://www.tripadvisor.com/Profile/staceyj902, 9526ad335841efd0c230d16bd3d37181, Excellent : 344 & Very Good : 153 & Average : 36 & Poor : 14 & Terrible : 19, /Attraction_Review-g274863-d4501625-Reviews-Straza_Bled-Bled_Upper_Carniola_Region.html
Straza Bled, 105, 114, Nature & Wildlife Areas & Ski & Snowboard Areas, Europe & Slovenia & Upper Carniola Region & Bled & Things to Do in Bled, 4.5, 46.36917, 14.113181, 212562144, 20140601, 20140601, 5.0, Paul C, https://www.tripadvisor.com/Profile/V5428GRpaulc, 5d65381db7e54c5687106b0342f5ed6b, Excellent : 344 & Very Good : 153 & Average : 36 & Poor : 14 & Terrible : 19, /Attraction_Review-g274863-d4501625-Reviews-Straza_Bled-Bled_Upper_Carniola_Region.html
