review_location_name, review_current_page, review_last_page, review_location_type, review_location_breadcrumbs, review_location_rate, location_lat, location_lng, review_id, review_date, review_experience_date, review_rate, user_name, user_link, user_id, extra, parent_url
Praetorian Palace, 21, 43, Architectural Buildings, Europe & Slovenia & Slovenian Littoral Region & Slovenian Istria & Koper & Things to Do in Koper, 4.0, 45.53975, 13.73332, 442404830, 20161201, 20161201, 4.0, izif_37, https://www.tripadvisor.com/Profile/izif_37, 151abe40a38d811c5ceb9006e11af074, Excellent : 71 & Very Good : 116 & Average : 23 & Poor : 1 & Terrible : 1, /Attraction_Review-g312722-d2345285-Reviews-Praetorian_Palace-Koper_Slovenian_Istria_Slovenian_Littoral_Region.html
Praetorian Palace, 21, 43, Architectural Buildings, Europe & Slovenia & Slovenian Littoral Region & Slovenian Istria & Koper & Things to Do in Koper, 4.0, 45.53975, 13.73332, 441148473, 20161101, 20161001, 4.0, yvesdesroeux, https://www.tripadvisor.com/Profile/yvesdesroeux, 782eadcbea46fac85216f570f515c1dc, Excellent : 71 & Very Good : 116 & Average : 23 & Poor : 1 & Terrible : 1, /Attraction_Review-g312722-d2345285-Reviews-Praetorian_Palace-Koper_Slovenian_Istria_Slovenian_Littoral_Region.html
Praetorian Palace, 21, 43, Architectural Buildings, Europe & Slovenia & Slovenian Littoral Region & Slovenian Istria & Koper & Things to Do in Koper, 4.0, 45.53975, 13.73332, 435527624, 20161101, 20160801, 5.0, ViajesLostPlanet, https://www.tripadvisor.com/Profile/ViajesLostPlanet, 681fd2db170c5e0efd8295675d600907, Excellent : 71 & Very Good : 116 & Average : 23 & Poor : 1 & Terrible : 1, /Attraction_Review-g312722-d2345285-Reviews-Praetorian_Palace-Koper_Slovenian_Istria_Slovenian_Littoral_Region.html
Praetorian Palace, 21, 43, Architectural Buildings, Europe & Slovenia & Slovenian Littoral Region & Slovenian Istria & Koper & Things to Do in Koper, 4.0, 45.53975, 13.73332, 434001219, 20161101, 20161001, 4.0, MrsBColchester_Essex, https://www.tripadvisor.com/Profile/MrsBColchester_Essex, 2481d38b4593354046306e54a830a33b, Excellent : 71 & Very Good : 116 & Average : 23 & Poor : 1 & Terrible : 1, /Attraction_Review-g312722-d2345285-Reviews-Praetorian_Palace-Koper_Slovenian_Istria_Slovenian_Littoral_Region.html
Praetorian Palace, 21, 43, Architectural Buildings, Europe & Slovenia & Slovenian Littoral Region & Slovenian Istria & Koper & Things to Do in Koper, 4.0, 45.53975, 13.73332, 433875310, 20161101, 20161001, 4.0, anareist, https://www.tripadvisor.com/Profile/anareist, bb758cd2a5c652179c327350b417ecc8, Excellent : 71 & Very Good : 116 & Average : 23 & Poor : 1 & Terrible : 1, /Attraction_Review-g312722-d2345285-Reviews-Praetorian_Palace-Koper_Slovenian_Istria_Slovenian_Littoral_Region.html
