review_location_name, review_current_page, review_last_page, review_location_type, review_location_breadcrumbs, review_location_rate, location_lat, location_lng, review_id, review_date, review_experience_date, review_rate, user_name, user_link, user_id, extra, parent_url
Landscape park Logar Valley, 3, 21, Parks & Farms & Waterfalls, Europe & Slovenia & Styria Region & Solcava & Things to Do in Solcava, 4.5, 46.41951, 14.6938, 698168915, 20190801, 20190601, 5.0, IN_Travelers47906, https://www.tripadvisor.com/Profile/IN_Travelers47906, 5e6aa8e028ad1be6ea8a4e5e7c7d3501, Excellent : 77 & Very Good : 19 & Average : 6 & Poor : 0 & Terrible : 0, /Attraction_Review-g319789-d6756428-Reviews-Landscape_park_Logar_Valley-Solcava_Styria_Region.html
Landscape park Logar Valley, 3, 21, Parks & Farms & Waterfalls, Europe & Slovenia & Styria Region & Solcava & Things to Do in Solcava, 4.5, 46.41951, 14.6938, 693047909, 20190701, 20190701, 4.0, Frank V, https://www.tripadvisor.com/Profile/A5187KSfrankv, 486075e19883ad951257facefd8b623d, Excellent : 77 & Very Good : 19 & Average : 6 & Poor : 0 & Terrible : 0, /Attraction_Review-g319789-d6756428-Reviews-Landscape_park_Logar_Valley-Solcava_Styria_Region.html
Landscape park Logar Valley, 3, 21, Parks & Farms & Waterfalls, Europe & Slovenia & Styria Region & Solcava & Things to Do in Solcava, 4.5, 46.41951, 14.6938, 689904351, 20190701, 20190701, 3.0, janezcmer, https://www.tripadvisor.com/Profile/janezcmer, 95e11809c5498d0e4e0669d4137c7759, Excellent : 77 & Very Good : 19 & Average : 6 & Poor : 0 & Terrible : 0, /Attraction_Review-g319789-d6756428-Reviews-Landscape_park_Logar_Valley-Solcava_Styria_Region.html
Landscape park Logar Valley, 3, 21, Parks & Farms & Waterfalls, Europe & Slovenia & Styria Region & Solcava & Things to Do in Solcava, 4.5, 46.41951, 14.6938, 686987547, 20190701, 20190601, 3.0, Oksana L, https://www.tripadvisor.com/Profile/OksanaL_11, 9a1f0f2f7a6fc0143d7232d69a303340, Excellent : 77 & Very Good : 19 & Average : 6 & Poor : 0 & Terrible : 0, /Attraction_Review-g319789-d6756428-Reviews-Landscape_park_Logar_Valley-Solcava_Styria_Region.html
Landscape park Logar Valley, 3, 21, Parks & Farms & Waterfalls, Europe & Slovenia & Styria Region & Solcava & Things to Do in Solcava, 4.5, 46.41951, 14.6938, 681729957, 20190601, 20190601, 4.0, RetiredBritz, https://www.tripadvisor.com/Profile/RetiredBritz, c6bd5f1a3f81b9f116b61fd6b55e18a4, Excellent : 77 & Very Good : 19 & Average : 6 & Poor : 0 & Terrible : 0, /Attraction_Review-g319789-d6756428-Reviews-Landscape_park_Logar_Valley-Solcava_Styria_Region.html
