review_location_name, review_current_page, review_last_page, review_location_type, review_location_breadcrumbs, review_location_rate, location_lat, location_lng, review_id, review_date, review_experience_date, review_rate, user_name, user_link, user_id, extra, parent_url
Vinarium Tower, 4, 19, Observation Decks & Towers, Europe & Slovenia & Prekmurje Region & Lendava & Things to Do in Lendava, 4.0, 46.5632, 16.45307, 713201481, 20190901, 20190901, 2.0, Matej K, https://www.tripadvisor.com/Profile/623matejk, c58cb17ab793dd65034b8deb86a7f2b5, Excellent : 42 & Very Good : 34 & Average : 11 & Poor : 6 & Terrible : 1, /Attraction_Review-g1057701-d8558218-Reviews-Vinarium_Tower-Lendava_Prekmurje_Region.html
Vinarium Tower, 4, 19, Observation Decks & Towers, Europe & Slovenia & Prekmurje Region & Lendava & Things to Do in Lendava, 4.0, 46.5632, 16.45307, 707172297, 20190901, 20190901, 4.0, bl4ze, https://www.tripadvisor.com/Profile/bl4ze, b5324a0c185d31df9a014f7c70556c39, Excellent : 42 & Very Good : 34 & Average : 11 & Poor : 6 & Terrible : 1, /Attraction_Review-g1057701-d8558218-Reviews-Vinarium_Tower-Lendava_Prekmurje_Region.html
Vinarium Tower, 4, 19, Observation Decks & Towers, Europe & Slovenia & Prekmurje Region & Lendava & Things to Do in Lendava, 4.0, 46.5632, 16.45307, 704378851, 20190801, 20190801, 2.0, Paolo F, https://www.tripadvisor.com/Profile/paolofQ8295LJ, e1c8d9940f9e1bddf5a58af3d2e09c16, Excellent : 42 & Very Good : 34 & Average : 11 & Poor : 6 & Terrible : 1, /Attraction_Review-g1057701-d8558218-Reviews-Vinarium_Tower-Lendava_Prekmurje_Region.html
Vinarium Tower, 4, 19, Observation Decks & Towers, Europe & Slovenia & Prekmurje Region & Lendava & Things to Do in Lendava, 4.0, 46.5632, 16.45307, 702623510, 20190801, 20190801, 4.0, dare, https://www.tripadvisor.com/Profile/ddrole, 3b676559e4487c5d3164dc2ceec89769, Excellent : 42 & Very Good : 34 & Average : 11 & Poor : 6 & Terrible : 1, /Attraction_Review-g1057701-d8558218-Reviews-Vinarium_Tower-Lendava_Prekmurje_Region.html
Vinarium Tower, 4, 19, Observation Decks & Towers, Europe & Slovenia & Prekmurje Region & Lendava & Things to Do in Lendava, 4.0, 46.5632, 16.45307, 700289807, 20190801, 20190801, 5.0, Barbara M, https://www.tripadvisor.com/Profile/barbaramW3332BN, 7222488cb194a93049b485fbde46e206, Excellent : 42 & Very Good : 34 & Average : 11 & Poor : 6 & Terrible : 1, /Attraction_Review-g1057701-d8558218-Reviews-Vinarium_Tower-Lendava_Prekmurje_Region.html
