review_location_name, review_current_page, review_last_page, review_location_type, review_location_breadcrumbs, review_location_rate, location_lat, location_lng, review_id, review_date, review_experience_date, review_rate, user_name, user_link, user_id, extra, parent_url
Lake Bohinj, 8, 289, Bodies of Water, Europe & Slovenia & Upper Carniola Region & Bohinjsko Jezero & Things to Do in Bohinjsko Jezero, 4.5, 46.28677, 13.863281, 739711944, 20200101, 20190201, 5.0, Tracy J, https://www.tripadvisor.com/Profile/71tracyj, 89ff8c346c9ea5c8f4aad32b7f74a70b, Excellent : 1&&144 & Very Good : 245 & Average : 42 & Poor : 7 & Terrible : 5, /Attraction_Review-g274865-d296736-Reviews-Lake_Bohinj-Bohinjsko_Jezero_Upper_Carniola_Region.html
Lake Bohinj, 8, 289, Bodies of Water, Europe & Slovenia & Upper Carniola Region & Bohinjsko Jezero & Things to Do in Bohinjsko Jezero, 4.5, 46.28677, 13.863281, 739483190, 20200101, 20191201, 5.0, Amandine P, https://www.tripadvisor.com/Profile/288amandinep, a889ba86247ed9307b1ff6729f4a039a, Excellent : 1&&144 & Very Good : 245 & Average : 42 & Poor : 7 & Terrible : 5, /Attraction_Review-g274865-d296736-Reviews-Lake_Bohinj-Bohinjsko_Jezero_Upper_Carniola_Region.html
Lake Bohinj, 8, 289, Bodies of Water, Europe & Slovenia & Upper Carniola Region & Bohinjsko Jezero & Things to Do in Bohinjsko Jezero, 4.5, 46.28677, 13.863281, 739464278, 20200101, 20200101, 4.0, Nat, https://www.tripadvisor.com/Profile/NatFigs, e4075e0fd69ea0a5081c3524585e3892, Excellent : 1&&144 & Very Good : 245 & Average : 42 & Poor : 7 & Terrible : 5, /Attraction_Review-g274865-d296736-Reviews-Lake_Bohinj-Bohinjsko_Jezero_Upper_Carniola_Region.html
Lake Bohinj, 8, 289, Bodies of Water, Europe & Slovenia & Upper Carniola Region & Bohinjsko Jezero & Things to Do in Bohinjsko Jezero, 4.5, 46.28677, 13.863281, 738200789, 20200101, 20191001, 4.0, KAW687, https://www.tripadvisor.com/Profile/KAW687, c8c5a9b33ec6e7f0a30985b0044a5790, Excellent : 1&&144 & Very Good : 245 & Average : 42 & Poor : 7 & Terrible : 5, /Attraction_Review-g274865-d296736-Reviews-Lake_Bohinj-Bohinjsko_Jezero_Upper_Carniola_Region.html
Lake Bohinj, 8, 289, Bodies of Water, Europe & Slovenia & Upper Carniola Region & Bohinjsko Jezero & Things to Do in Bohinjsko Jezero, 4.5, 46.28677, 13.863281, 737349393, 20200101, 20200101, 5.0, Verdiana, https://www.tripadvisor.com/Profile/verdiana95, c87bcc3274b6fbf97254250007b0c1f8, Excellent : 1&&144 & Very Good : 245 & Average : 42 & Poor : 7 & Terrible : 5, /Attraction_Review-g274865-d296736-Reviews-Lake_Bohinj-Bohinjsko_Jezero_Upper_Carniola_Region.html
