review_location_name, review_current_page, review_last_page, review_location_type, review_location_breadcrumbs, review_location_rate, location_lat, location_lng, review_id, review_date, review_experience_date, review_rate, user_name, user_link, user_id, extra, parent_url
Portoroz Beach, 74, 128, Beaches, Europe & Slovenia & Slovenian Littoral Region & Portoroz & Things to Do in Portoroz, 3.5, 45.51589, 13.59462, 364127827, 20160401, 20160401, 5.0, Алена М, https://www.tripadvisor.com/Profile/_U1218AT, ed71b117f8dde84a20619ee95f870c68, Excellent : 147 & Very Good : 217 & Average : 170 & Poor : 72 & Terrible : 33, /Attraction_Review-g274877-d3451033-Reviews-Portoroz_Beach-Portoroz_Slovenian_Littoral_Region.html
Portoroz Beach, 74, 128, Beaches, Europe & Slovenia & Slovenian Littoral Region & Portoroz & Things to Do in Portoroz, 3.5, 45.51589, 13.59462, 364071809, 20160401, 20160401, 5.0, Zoran T, https://www.tripadvisor.com/Profile/zorant564, 32344056dd84ff3a398e8381a12422db, Excellent : 147 & Very Good : 217 & Average : 170 & Poor : 72 & Terrible : 33, /Attraction_Review-g274877-d3451033-Reviews-Portoroz_Beach-Portoroz_Slovenian_Littoral_Region.html
Portoroz Beach, 74, 128, Beaches, Europe & Slovenia & Slovenian Littoral Region & Portoroz & Things to Do in Portoroz, 3.5, 45.51589, 13.59462, 360419801, 20160301, 20160301, 5.0, Ajesh K, https://www.tripadvisor.com/Profile/aji, e70fe6a8c9eae719d14ef7de465f2ba8, Excellent : 147 & Very Good : 217 & Average : 170 & Poor : 72 & Terrible : 33, /Attraction_Review-g274877-d3451033-Reviews-Portoroz_Beach-Portoroz_Slovenian_Littoral_Region.html
Portoroz Beach, 74, 128, Beaches, Europe & Slovenia & Slovenian Littoral Region & Portoroz & Things to Do in Portoroz, 3.5, 45.51589, 13.59462, 360356957, 20160301, 20160301, 3.0, Mikyrin, https://www.tripadvisor.com/Profile/Mikyrin, ebd8594c0b12cfde2bc923c92c64db8e, Excellent : 147 & Very Good : 217 & Average : 170 & Poor : 72 & Terrible : 33, /Attraction_Review-g274877-d3451033-Reviews-Portoroz_Beach-Portoroz_Slovenian_Littoral_Region.html
Portoroz Beach, 74, 128, Beaches, Europe & Slovenia & Slovenian Littoral Region & Portoroz & Things to Do in Portoroz, 3.5, 45.51589, 13.59462, 360129034, 20160301, 20160301, 3.0, herbi- joana, https://www.tripadvisor.com/Profile/herbi-joana, 7d1308bd68c25f518c79eb229b48a3a4, Excellent : 147 & Very Good : 217 & Average : 170 & Poor : 72 & Terrible : 33, /Attraction_Review-g274877-d3451033-Reviews-Portoroz_Beach-Portoroz_Slovenian_Littoral_Region.html
