review_location_name, review_current_page, review_last_page, review_location_type, review_location_breadcrumbs, review_location_rate, location_lat, location_lng, review_id, review_date, review_experience_date, review_rate, user_name, user_link, user_id, extra, parent_url
Waterfall Savica, 166, 182, Waterfalls, Europe & Slovenia & Upper Carniola Region & Bohinjsko Jezero & Things to Do in Bohinjsko Jezero, 4.0, 46.28677, 13.863281, 183458578, 20131101, 20131001, 3.0, thyik, https://www.tripadvisor.com/Profile/thyik, 0a983d1e977177c1da1da4439357a9ac, Excellent : 367 & Very Good : 309 & Average : 152 & Poor : 55 & Terrible : 27, /Attraction_Review-g274865-d1848881-Reviews-Waterfall_Savica-Bohinjsko_Jezero_Upper_Carniola_Region.html
Waterfall Savica, 166, 182, Waterfalls, Europe & Slovenia & Upper Carniola Region & Bohinjsko Jezero & Things to Do in Bohinjsko Jezero, 4.0, 46.28677, 13.863281, 182571177, 20131001, 20131001, 5.0, janieg22609, https://www.tripadvisor.com/Profile/janieg22609, c35e23ec5526cf99d8b3f031c5198fd3, Excellent : 367 & Very Good : 309 & Average : 152 & Poor : 55 & Terrible : 27, /Attraction_Review-g274865-d1848881-Reviews-Waterfall_Savica-Bohinjsko_Jezero_Upper_Carniola_Region.html
Waterfall Savica, 166, 182, Waterfalls, Europe & Slovenia & Upper Carniola Region & Bohinjsko Jezero & Things to Do in Bohinjsko Jezero, 4.0, 46.28677, 13.863281, 180935676, 20131001, 20130901, 5.0, cosmopolitaine-69, https://www.tripadvisor.com/Profile/cosmopolitaine-69, 15bcd7fbc8417d551809f58474cbc9ab, Excellent : 367 & Very Good : 309 & Average : 152 & Poor : 55 & Terrible : 27, /Attraction_Review-g274865-d1848881-Reviews-Waterfall_Savica-Bohinjsko_Jezero_Upper_Carniola_Region.html
Waterfall Savica, 166, 182, Waterfalls, Europe & Slovenia & Upper Carniola Region & Bohinjsko Jezero & Things to Do in Bohinjsko Jezero, 4.0, 46.28677, 13.863281, 180083531, 20131001, 20130901, 3.0, DJH35, https://www.tripadvisor.com/Profile/DJH35, 13bc1f7958519c887864faa437fd9b28, Excellent : 367 & Very Good : 309 & Average : 152 & Poor : 55 & Terrible : 27, /Attraction_Review-g274865-d1848881-Reviews-Waterfall_Savica-Bohinjsko_Jezero_Upper_Carniola_Region.html
Waterfall Savica, 166, 182, Waterfalls, Europe & Slovenia & Upper Carniola Region & Bohinjsko Jezero & Things to Do in Bohinjsko Jezero, 4.0, 46.28677, 13.863281, 179443328, 20131001, 20130901, 3.0, Frank S, https://www.tripadvisor.com/Profile/FrankS292, 5cfe6f9b2b4fcce7d967422d040f49d6, Excellent : 367 & Very Good : 309 & Average : 152 & Poor : 55 & Terrible : 27, /Attraction_Review-g274865-d1848881-Reviews-Waterfall_Savica-Bohinjsko_Jezero_Upper_Carniola_Region.html
