review_location_name, review_current_page, review_last_page, review_location_type, review_location_breadcrumbs, review_location_rate, location_lat, location_lng, review_id, review_date, review_experience_date, review_rate, user_name, user_link, user_id, extra, parent_url
Tivoli Park, 232, 291, Parks, Europe & Slovenia & Upper Carniola Region & Ljubljana & Things to Do in Ljubljana, 4.5, 46.056934, 14.505641, 283890251, 20150601, 20150601, 2.0, Mike1946, https://www.tripadvisor.com/Profile/Mike1946, 97351108da8f53313ed63a5d22e01130, Excellent : 754 & Very Good : 536 & Average : 137 & Poor : 19 & Terrible : 5, /Attraction_Review-g274873-d298650-Reviews-Tivoli_Park-Ljubljana_Upper_Carniola_Region.html
Tivoli Park, 232, 291, Parks, Europe & Slovenia & Upper Carniola Region & Ljubljana & Things to Do in Ljubljana, 4.5, 46.056934, 14.505641, 283767541, 20150601, 20150601, 4.0, Kate_RSA, https://www.tripadvisor.com/Profile/Kate_RSA, 0c196db31b9d71ccea8095aafb04c952, Excellent : 754 & Very Good : 536 & Average : 137 & Poor : 19 & Terrible : 5, /Attraction_Review-g274873-d298650-Reviews-Tivoli_Park-Ljubljana_Upper_Carniola_Region.html
Tivoli Park, 232, 291, Parks, Europe & Slovenia & Upper Carniola Region & Ljubljana & Things to Do in Ljubljana, 4.5, 46.056934, 14.505641, 283642236, 20150601, 20150601, 4.0, Lucas J, https://www.tripadvisor.com/Profile/983lucasj, d2e284df245f2114762016401ca9f3d3, Excellent : 754 & Very Good : 536 & Average : 137 & Poor : 19 & Terrible : 5, /Attraction_Review-g274873-d298650-Reviews-Tivoli_Park-Ljubljana_Upper_Carniola_Region.html
Tivoli Park, 232, 291, Parks, Europe & Slovenia & Upper Carniola Region & Ljubljana & Things to Do in Ljubljana, 4.5, 46.056934, 14.505641, 283494538, 20150601, 20150601, 4.0, AndrewMa5ur, https://www.tripadvisor.com/Profile/AndrewMa5ur, be6a45b4e8e58aa2fee8426c178cd562, Excellent : 754 & Very Good : 536 & Average : 137 & Poor : 19 & Terrible : 5, /Attraction_Review-g274873-d298650-Reviews-Tivoli_Park-Ljubljana_Upper_Carniola_Region.html
Tivoli Park, 232, 291, Parks, Europe & Slovenia & Upper Carniola Region & Ljubljana & Things to Do in Ljubljana, 4.5, 46.056934, 14.505641, 283444423, 20150601, 20150601, 5.0, cseka83, https://www.tripadvisor.com/Profile/cseka83, b3c5af23863808e41386236bd8ac8710, Excellent : 754 & Very Good : 536 & Average : 137 & Poor : 19 & Terrible : 5, /Attraction_Review-g274873-d298650-Reviews-Tivoli_Park-Ljubljana_Upper_Carniola_Region.html
