review_location_name, review_current_page, review_last_page, review_location_type, review_location_breadcrumbs, review_location_rate, location_lat, location_lng, review_id, review_date, review_experience_date, review_rate, user_name, user_link, user_id, extra, parent_url
Cyril Methodius Square (Ciril-Metodov trg), 7, 10, Points of Interest & Landmarks, Europe & Slovenia & Upper Carniola Region & Ljubljana & Things to Do in Ljubljana, 4.0, 46.056934, 14.505641, 370088927, 20160501, 20160501, 5.0, barsegh, https://www.tripadvisor.com/Profile/barsegh, ccafe6ae684e0bd4b76bff83165aafb5, Excellent : 9 & Very Good : 27 & Average : 10 & Poor : 0 & Terrible : 0, /Attraction_Review-g274873-d276318-Reviews-Cyril_Methodius_Square_Ciril_Metodov_trg-Ljubljana_Upper_Carniola_Region.html
Cyril Methodius Square (Ciril-Metodov trg), 7, 10, Points of Interest & Landmarks, Europe & Slovenia & Upper Carniola Region & Ljubljana & Things to Do in Ljubljana, 4.0, 46.056934, 14.505641, 365752562, 20160401, 20160401, 5.0, Maurizio F, https://www.tripadvisor.com/Profile/566mauriziof, 819440e521f251105cb60e39ce9e94ed, Excellent : 9 & Very Good : 27 & Average : 10 & Poor : 0 & Terrible : 0, /Attraction_Review-g274873-d276318-Reviews-Cyril_Methodius_Square_Ciril_Metodov_trg-Ljubljana_Upper_Carniola_Region.html
Cyril Methodius Square (Ciril-Metodov trg), 7, 10, Points of Interest & Landmarks, Europe & Slovenia & Upper Carniola Region & Ljubljana & Things to Do in Ljubljana, 4.0, 46.056934, 14.505641, 357242024, 20160301, 20150401, 4.0, riripan, https://www.tripadvisor.com/Profile/riripan, bf9e44a92bae0c1cd4c2237ae5a4fbb5, Excellent : 9 & Very Good : 27 & Average : 10 & Poor : 0 & Terrible : 0, /Attraction_Review-g274873-d276318-Reviews-Cyril_Methodius_Square_Ciril_Metodov_trg-Ljubljana_Upper_Carniola_Region.html
Cyril Methodius Square (Ciril-Metodov trg), 7, 10, Points of Interest & Landmarks, Europe & Slovenia & Upper Carniola Region & Ljubljana & Things to Do in Ljubljana, 4.0, 46.056934, 14.505641, 346448548, 20160201, 20150801, 4.0, pontan420, https://www.tripadvisor.com/Profile/pontan420, 4f859eac79035b0aa27f48a9105558a0, Excellent : 9 & Very Good : 27 & Average : 10 & Poor : 0 & Terrible : 0, /Attraction_Review-g274873-d276318-Reviews-Cyril_Methodius_Square_Ciril_Metodov_trg-Ljubljana_Upper_Carniola_Region.html
Cyril Methodius Square (Ciril-Metodov trg), 7, 10, Points of Interest & Landmarks, Europe & Slovenia & Upper Carniola Region & Ljubljana & Things to Do in Ljubljana, 4.0, 46.056934, 14.505641, 338724416, 20160101, 20150501, 3.0, Bradley T, https://www.tripadvisor.com/Profile/tradIndy, a55a52a0877731536ab82f37d3120567, Excellent : 9 & Very Good : 27 & Average : 10 & Poor : 0 & Terrible : 0, /Attraction_Review-g274873-d276318-Reviews-Cyril_Methodius_Square_Ciril_Metodov_trg-Ljubljana_Upper_Carniola_Region.html
