review_location_name, review_current_page, review_last_page, review_location_type, review_location_breadcrumbs, review_location_rate, location_lat, location_lng, review_id, review_date, review_experience_date, review_rate, user_name, user_link, user_id, extra, parent_url
Vintgar Gorge, 776, 982, Hiking Trails, Europe & Slovenia & Upper Carniola Region & Zgornje Gorje & Things to Do in Zgornje Gorje, 4.5, 46.38038, 14.0656, 283815552, 20150601, 20150601, 4.0, Consuelo S, https://www.tripadvisor.com/Profile/consu_sar, 7ab3def1717e0d97c189e41f8f184e1f, Excellent : 3&&287 & Very Good : 1&&207 & Average : 285 & Poor : 82 & Terrible : 48, /Attraction_Review-g1870874-d519724-Reviews-Vintgar_Gorge-Zgornje_Gorje_Upper_Carniola_Region.html
Vintgar Gorge, 776, 982, Hiking Trails, Europe & Slovenia & Upper Carniola Region & Zgornje Gorje & Things to Do in Zgornje Gorje, 4.5, 46.38038, 14.0656, 283766255, 20150601, 20150601, 4.0, Elly O, https://www.tripadvisor.com/Profile/ellyo335, aa36f984e31c0aa8a7a02ec99007a35f, Excellent : 3&&287 & Very Good : 1&&207 & Average : 285 & Poor : 82 & Terrible : 48, /Attraction_Review-g1870874-d519724-Reviews-Vintgar_Gorge-Zgornje_Gorje_Upper_Carniola_Region.html
Vintgar Gorge, 776, 982, Hiking Trails, Europe & Slovenia & Upper Carniola Region & Zgornje Gorje & Things to Do in Zgornje Gorje, 4.5, 46.38038, 14.0656, 283766220, 20150601, 20150601, 4.0, Kate_RSA, https://www.tripadvisor.com/Profile/Kate_RSA, 0c196db31b9d71ccea8095aafb04c952, Excellent : 3&&287 & Very Good : 1&&207 & Average : 285 & Poor : 82 & Terrible : 48, /Attraction_Review-g1870874-d519724-Reviews-Vintgar_Gorge-Zgornje_Gorje_Upper_Carniola_Region.html
Vintgar Gorge, 776, 982, Hiking Trails, Europe & Slovenia & Upper Carniola Region & Zgornje Gorje & Things to Do in Zgornje Gorje, 4.5, 46.38038, 14.0656, 283647753, 20150601, 20150601, 5.0, eilonglen, https://www.tripadvisor.com/Profile/eilonglen, 0a37b3b333d6d6777216d8983764c054, Excellent : 3&&287 & Very Good : 1&&207 & Average : 285 & Poor : 82 & Terrible : 48, /Attraction_Review-g1870874-d519724-Reviews-Vintgar_Gorge-Zgornje_Gorje_Upper_Carniola_Region.html
Vintgar Gorge, 776, 982, Hiking Trails, Europe & Slovenia & Upper Carniola Region & Zgornje Gorje & Things to Do in Zgornje Gorje, 4.5, 46.38038, 14.0656, 283559973, 20150601, 20150601, 4.0, James R, https://www.tripadvisor.com/Profile/jamesrX8097YY, e768ffbd098cdf0b3b767dced5694a04, Excellent : 3&&287 & Very Good : 1&&207 & Average : 285 & Poor : 82 & Terrible : 48, /Attraction_Review-g1870874-d519724-Reviews-Vintgar_Gorge-Zgornje_Gorje_Upper_Carniola_Region.html
