review_location_name, review_current_page, review_last_page, review_location_type, review_location_breadcrumbs, review_location_rate, location_lat, location_lng, review_id, review_date, review_experience_date, review_rate, user_name, user_link, user_id, extra, parent_url
Notranjska museum Postojna, 3, 4, Specialty Museums, Europe & Slovenia & Inner Carniola Region & Postojna & Things to Do in Postojna, 4.0, 45.77471, 14.21301, 313257871, 20150901, 20150801, 4.0, Niel-Wolverhampton, https://www.tripadvisor.com/Profile/Niel-Wolverhampton, 726fc93c360599c61877bde2119a6ced, Excellent : 9 & Very Good : 3 & Average : 4 & Poor : 1 & Terrible : 0, /Attraction_Review-g274878-d5040342-Reviews-Notranjska_museum_Postojna-Postojna_Inner_Carniola_Region.html
Notranjska museum Postojna, 3, 4, Specialty Museums, Europe & Slovenia & Inner Carniola Region & Postojna & Things to Do in Postojna, 4.0, 45.77471, 14.21301, 309838618, 20150901, 20150901, 5.0, Simon K, https://www.tripadvisor.com/Profile/simonk196, 335255825bb1499962d1dfbacb7c03a2, Excellent : 9 & Very Good : 3 & Average : 4 & Poor : 1 & Terrible : 0, /Attraction_Review-g274878-d5040342-Reviews-Notranjska_museum_Postojna-Postojna_Inner_Carniola_Region.html
Notranjska museum Postojna, 3, 4, Specialty Museums, Europe & Slovenia & Inner Carniola Region & Postojna & Things to Do in Postojna, 4.0, 45.77471, 14.21301, 297868404, 20150801, 20150801, 5.0, Morana, https://www.tripadvisor.com/Profile/MoranaP75, 4ab995c2f00f79adde25e84e26f28f9a, Excellent : 9 & Very Good : 3 & Average : 4 & Poor : 1 & Terrible : 0, /Attraction_Review-g274878-d5040342-Reviews-Notranjska_museum_Postojna-Postojna_Inner_Carniola_Region.html
Notranjska museum Postojna, 3, 4, Specialty Museums, Europe & Slovenia & Inner Carniola Region & Postojna & Things to Do in Postojna, 4.0, 45.77471, 14.21301, 274967964, 20150501, 20150201, 5.0, Wunderlust, https://www.tripadvisor.com/Profile/Wunderlustxy, d407c25863f92874ad9dcd35ea85c3d2, Excellent : 9 & Very Good : 3 & Average : 4 & Poor : 1 & Terrible : 0, /Attraction_Review-g274878-d5040342-Reviews-Notranjska_museum_Postojna-Postojna_Inner_Carniola_Region.html
Notranjska museum Postojna, 3, 4, Specialty Museums, Europe & Slovenia & Inner Carniola Region & Postojna & Things to Do in Postojna, 4.0, 45.77471, 14.21301, 228989274, 20140901, 20140901, 3.0, Svetlana R, https://www.tripadvisor.com/Profile/315svetlanar, 2aacfda73f10aa14988e354274ad9990, Excellent : 9 & Very Good : 3 & Average : 4 & Poor : 1 & Terrible : 0, /Attraction_Review-g274878-d5040342-Reviews-Notranjska_museum_Postojna-Postojna_Inner_Carniola_Region.html
