review_location_name, review_current_page, review_last_page, review_location_type, review_location_breadcrumbs, review_location_rate, location_lat, location_lng, review_id, review_date, review_experience_date, review_rate, user_name, user_link, user_id, extra, parent_url
River Ljubljanica Kanal, 210, 239, Bodies of Water, Europe & Slovenia & Upper Carniola Region & Ljubljana & Things to Do in Ljubljana, 4.5, 46.056934, 14.505641, 233315686, 20141001, 20140901, 4.0, Olga1817, https://www.tripadvisor.com/Profile/Olga1817, c69e8e4a907488fabb03f38e92a683f5, Excellent : 612 & Very Good : 461 & Average : 102 & Poor : 16 & Terrible : 2, /Attraction_Review-g274873-d555572-Reviews-River_Ljubljanica_Kanal-Ljubljana_Upper_Carniola_Region.html
River Ljubljanica Kanal, 210, 239, Bodies of Water, Europe & Slovenia & Upper Carniola Region & Ljubljana & Things to Do in Ljubljana, 4.5, 46.056934, 14.505641, 233038532, 20141001, 20140701, 2.0, Oli B, https://www.tripadvisor.com/Profile/286olib, 713f60e972bf1322ae4e56991f3ccd92, Excellent : 612 & Very Good : 461 & Average : 102 & Poor : 16 & Terrible : 2, /Attraction_Review-g274873-d555572-Reviews-River_Ljubljanica_Kanal-Ljubljana_Upper_Carniola_Region.html
River Ljubljanica Kanal, 210, 239, Bodies of Water, Europe & Slovenia & Upper Carniola Region & Ljubljana & Things to Do in Ljubljana, 4.5, 46.056934, 14.505641, 232507787, 20141001, 20140901, 5.0, Alcaravaneras, https://www.tripadvisor.com/Profile/Alcaravaneras, d089828512dcccc2114e6e26a7b3f09c, Excellent : 612 & Very Good : 461 & Average : 102 & Poor : 16 & Terrible : 2, /Attraction_Review-g274873-d555572-Reviews-River_Ljubljanica_Kanal-Ljubljana_Upper_Carniola_Region.html
River Ljubljanica Kanal, 210, 239, Bodies of Water, Europe & Slovenia & Upper Carniola Region & Ljubljana & Things to Do in Ljubljana, 4.5, 46.056934, 14.505641, 232391302, 20141001, 20140801, 5.0, silvia c, https://www.tripadvisor.com/Profile/silviac698, 3d44416559b22f0a31c29f9defb8a7a0, Excellent : 612 & Very Good : 461 & Average : 102 & Poor : 16 & Terrible : 2, /Attraction_Review-g274873-d555572-Reviews-River_Ljubljanica_Kanal-Ljubljana_Upper_Carniola_Region.html
River Ljubljanica Kanal, 210, 239, Bodies of Water, Europe & Slovenia & Upper Carniola Region & Ljubljana & Things to Do in Ljubljana, 4.5, 46.056934, 14.505641, 232234178, 20141001, 20140601, 4.0, NEIFE1971, https://www.tripadvisor.com/Profile/NEIFE1971, c9fb71c040c84faa356a07e5edc28e15, Excellent : 612 & Very Good : 461 & Average : 102 & Poor : 16 & Terrible : 2, /Attraction_Review-g274873-d555572-Reviews-River_Ljubljanica_Kanal-Ljubljana_Upper_Carniola_Region.html
