review_location_name, review_current_page, review_last_page, review_location_type, review_location_breadcrumbs, review_location_rate, location_lat, location_lng, review_id, review_date, review_experience_date, review_rate, user_name, user_link, user_id, extra, parent_url
Church of St. George, 2, 103, Sacred & Religious Sites, Europe & Slovenia & Slovenian Littoral Region & Slovenian Istria & Piran & Things to Do in Piran, 4.5, 45.528152, 13.568084, 759242557, 20200701, 20200701, 5.0, B9849CQbarbaras, https://www.tripadvisor.com/Profile/B9849CQbarbaras, b165b31dcb566488bd4b2315e8e2fb52, Excellent : 274 & Very Good : 199 & Average : 34 & Poor : 4 & Terrible : 3, /Attraction_Review-g274876-d2344931-Reviews-Church_of_St_George-Piran_Slovenian_Istria_Slovenian_Littoral_Region.html
Church of St. George, 2, 103, Sacred & Religious Sites, Europe & Slovenia & Slovenian Littoral Region & Slovenian Istria & Piran & Things to Do in Piran, 4.5, 45.528152, 13.568084, 758206202, 20200601, 20200601, 5.0, Traveler P, https://www.tripadvisor.com/Profile/travelerp_hh, d849b3a07a99f634df99c08ee324d3ec, Excellent : 274 & Very Good : 199 & Average : 34 & Poor : 4 & Terrible : 3, /Attraction_Review-g274876-d2344931-Reviews-Church_of_St_George-Piran_Slovenian_Istria_Slovenian_Littoral_Region.html
Church of St. George, 2, 103, Sacred & Religious Sites, Europe & Slovenia & Slovenian Littoral Region & Slovenian Istria & Piran & Things to Do in Piran, 4.5, 45.528152, 13.568084, 757805736, 20200601, 20200601, 5.0, Ádika, https://www.tripadvisor.com/Profile/Adibacsi, 076613a73dec3ab99976836e874dbcb5, Excellent : 274 & Very Good : 199 & Average : 34 & Poor : 4 & Terrible : 3, /Attraction_Review-g274876-d2344931-Reviews-Church_of_St_George-Piran_Slovenian_Istria_Slovenian_Littoral_Region.html
Church of St. George, 2, 103, Sacred & Religious Sites, Europe & Slovenia & Slovenian Littoral Region & Slovenian Istria & Piran & Things to Do in Piran, 4.5, 45.528152, 13.568084, 752902050, 20200401, 20200401, 5.0, A Tripadvisor Member, , d41d8cd98f00b204e9800998ecf8427e, Excellent : 274 & Very Good : 199 & Average : 34 & Poor : 4 & Terrible : 3, /Attraction_Review-g274876-d2344931-Reviews-Church_of_St_George-Piran_Slovenian_Istria_Slovenian_Littoral_Region.html
Church of St. George, 2, 103, Sacred & Religious Sites, Europe & Slovenia & Slovenian Littoral Region & Slovenian Istria & Piran & Things to Do in Piran, 4.5, 45.528152, 13.568084, 752458996, 20200401, 20190901, 5.0, Timeoutexperience, https://www.tripadvisor.com/Profile/time_out_experience1, aa6d2dafca8430665a9790a170d0c5a6, Excellent : 274 & Very Good : 199 & Average : 34 & Poor : 4 & Terrible : 3, /Attraction_Review-g274876-d2344931-Reviews-Church_of_St_George-Piran_Slovenian_Istria_Slovenian_Littoral_Region.html
