review_location_name, review_current_page, review_last_page, review_location_type, review_location_breadcrumbs, review_location_rate, location_lat, location_lng, review_id, review_date, review_experience_date, review_rate, user_name, user_link, user_id, extra, parent_url
Postojna Cave, 903, 1259, Caverns & Caves, Europe & Slovenia & Inner Carniola Region & Postojna & Things to Do in Postojna, 4.5, 45.77471, 14.21301, 306601885, 20150901, 20150801, 5.0, Sergio D, https://www.tripadvisor.com/Profile/sergiod828, a7b9da114143217b84ee6ff2a823787d, Excellent : 4&&437 & Very Good : 1&&394 & Average : 321 & Poor : 91 & Terrible : 48, /Attraction_Review-g274878-d277348-Reviews-Postojna_Cave-Postojna_Inner_Carniola_Region.html
Postojna Cave, 903, 1259, Caverns & Caves, Europe & Slovenia & Inner Carniola Region & Postojna & Things to Do in Postojna, 4.5, 45.77471, 14.21301, 306502425, 20150901, 20150801, 5.0, stranger1963, https://www.tripadvisor.com/Profile/stranger1963, c403dfff22a3e078a08f593f874083d7, Excellent : 4&&437 & Very Good : 1&&394 & Average : 321 & Poor : 91 & Terrible : 48, /Attraction_Review-g274878-d277348-Reviews-Postojna_Cave-Postojna_Inner_Carniola_Region.html
Postojna Cave, 903, 1259, Caverns & Caves, Europe & Slovenia & Inner Carniola Region & Postojna & Things to Do in Postojna, 4.5, 45.77471, 14.21301, 306481971, 20150901, 20150701, 5.0, のんちゃんちゃん, https://www.tripadvisor.com/Profile/Sherpa807075, 3e0228aba6f5d716379e9daca5b753ee, Excellent : 4&&437 & Very Good : 1&&394 & Average : 321 & Poor : 91 & Terrible : 48, /Attraction_Review-g274878-d277348-Reviews-Postojna_Cave-Postojna_Inner_Carniola_Region.html
Postojna Cave, 903, 1259, Caverns & Caves, Europe & Slovenia & Inner Carniola Region & Postojna & Things to Do in Postojna, 4.5, 45.77471, 14.21301, 306452715, 20150901, 20150901, 5.0, Ema573, https://www.tripadvisor.com/Profile/Ema573, 24591a50bed0edaf8d7471d3468a33a6, Excellent : 4&&437 & Very Good : 1&&394 & Average : 321 & Poor : 91 & Terrible : 48, /Attraction_Review-g274878-d277348-Reviews-Postojna_Cave-Postojna_Inner_Carniola_Region.html
Postojna Cave, 903, 1259, Caverns & Caves, Europe & Slovenia & Inner Carniola Region & Postojna & Things to Do in Postojna, 4.5, 45.77471, 14.21301, 306362589, 20150901, 20150801, 5.0, wolfangvicenza, https://www.tripadvisor.com/Profile/wolfangvicenza, 6d12eb17c2fdc46074535c89374333b5, Excellent : 4&&437 & Very Good : 1&&394 & Average : 321 & Poor : 91 & Terrible : 48, /Attraction_Review-g274878-d277348-Reviews-Postojna_Cave-Postojna_Inner_Carniola_Region.html
