review_location_name, review_current_page, review_last_page, review_location_type, review_location_breadcrumbs, review_location_rate, location_lat, location_lng, review_id, review_date, review_experience_date, review_rate, user_name, user_link, user_id, extra, parent_url
Dveri Pax Winery, 1, 3, Wineries & Vineyards, Europe & Slovenia & Styria Region & Jareninski Dol & Things to Do in Jareninski Dol, 5.0, 46.626526, 15.69866, 766423319, 20200801, 20200801, 5.0, Gerhard P, https://www.tripadvisor.com/Profile/348gerhardp, 33a62868736b492bbef68d06b530d29f, Excellent : 11 & Very Good : 1 & Average : 0 & Poor : 0 & Terrible : 0, /Attraction_Review-g7718463-d10791626-Reviews-Dveri_Pax_Winery-Jareninski_Dol_Styria_Region.html
Dveri Pax Winery, 1, 3, Wineries & Vineyards, Europe & Slovenia & Styria Region & Jareninski Dol & Things to Do in Jareninski Dol, 5.0, 46.626526, 15.69866, 728646971, 20191101, 20191101, 5.0, Gerhard P, https://www.tripadvisor.com/Profile/348gerhardp, 33a62868736b492bbef68d06b530d29f, Excellent : 11 & Very Good : 1 & Average : 0 & Poor : 0 & Terrible : 0, /Attraction_Review-g7718463-d10791626-Reviews-Dveri_Pax_Winery-Jareninski_Dol_Styria_Region.html
Dveri Pax Winery, 1, 3, Wineries & Vineyards, Europe & Slovenia & Styria Region & Jareninski Dol & Things to Do in Jareninski Dol, 5.0, 46.626526, 15.69866, 705259362, 20190901, 20190901, 5.0, Barbara Ploder, https://www.tripadvisor.com/Profile/Barbara_Ploder, 154d8e733509d5861db17ae18d10b29d, Excellent : 11 & Very Good : 1 & Average : 0 & Poor : 0 & Terrible : 0, /Attraction_Review-g7718463-d10791626-Reviews-Dveri_Pax_Winery-Jareninski_Dol_Styria_Region.html
Dveri Pax Winery, 1, 3, Wineries & Vineyards, Europe & Slovenia & Styria Region & Jareninski Dol & Things to Do in Jareninski Dol, 5.0, 46.626526, 15.69866, 683445588, 20190601, 20190601, 5.0, ewg1952, https://www.tripadvisor.com/Profile/ewg1952, 2ccb1250a7b03ad8f5edc63c6c1811d0, Excellent : 11 & Very Good : 1 & Average : 0 & Poor : 0 & Terrible : 0, /Attraction_Review-g7718463-d10791626-Reviews-Dveri_Pax_Winery-Jareninski_Dol_Styria_Region.html
Dveri Pax Winery, 1, 3, Wineries & Vineyards, Europe & Slovenia & Styria Region & Jareninski Dol & Things to Do in Jareninski Dol, 5.0, 46.626526, 15.69866, 605702425, 20180801, 20180801, 5.0, Pawel S, https://www.tripadvisor.com/Profile/966pawels, d75d0e2a4840a8b8a7f4d0c8a0090977, Excellent : 11 & Very Good : 1 & Average : 0 & Poor : 0 & Terrible : 0, /Attraction_Review-g7718463-d10791626-Reviews-Dveri_Pax_Winery-Jareninski_Dol_Styria_Region.html
