review_location_name, review_current_page, review_last_page, review_location_type, review_location_breadcrumbs, review_location_rate, location_lat, location_lng, review_id, review_date, review_experience_date, review_rate, user_name, user_link, user_id, extra, parent_url
ZOO Ljubljana, 83, 87, Zoos, Europe & Slovenia & Upper Carniola Region & Ljubljana & Things to Do in Ljubljana, 4.0, 46.056934, 14.505641, 149344802, 20130101, 20121001, 4.0, Tomaz J, https://www.tripadvisor.com/Profile/Tomaz128, 3d6584470f8c4dfa536650b805704a27, Excellent : 179 & Very Good : 174 & Average : 61 & Poor : 12 & Terrible : 8, /Attraction_Review-g274873-d2322601-Reviews-ZOO_Ljubljana-Ljubljana_Upper_Carniola_Region.html
ZOO Ljubljana, 83, 87, Zoos, Europe & Slovenia & Upper Carniola Region & Ljubljana & Things to Do in Ljubljana, 4.0, 46.056934, 14.505641, 149339383, 20130101, 20120401, 5.0, jstsmblaz, https://www.tripadvisor.com/Profile/jstsmblaz, d0885906a685a7902a612652b50f0ac0, Excellent : 179 & Very Good : 174 & Average : 61 & Poor : 12 & Terrible : 8, /Attraction_Review-g274873-d2322601-Reviews-ZOO_Ljubljana-Ljubljana_Upper_Carniola_Region.html
ZOO Ljubljana, 83, 87, Zoos, Europe & Slovenia & Upper Carniola Region & Ljubljana & Things to Do in Ljubljana, 4.0, 46.056934, 14.505641, 145436073, 20121101, 20121101, 5.0, Pierre, https://www.tripadvisor.com/Profile/jysuisjyreste, d7a347b6e6acee51dcc58fedf2fe01fc, Excellent : 179 & Very Good : 174 & Average : 61 & Poor : 12 & Terrible : 8, /Attraction_Review-g274873-d2322601-Reviews-ZOO_Ljubljana-Ljubljana_Upper_Carniola_Region.html
ZOO Ljubljana, 83, 87, Zoos, Europe & Slovenia & Upper Carniola Region & Ljubljana & Things to Do in Ljubljana, 4.0, 46.056934, 14.505641, 141976782, 20121001, 20121001, 4.0, Miha007, https://www.tripadvisor.com/Profile/Miha007, 0a5a078e42f2e68d86f0eff7e6cbb274, Excellent : 179 & Very Good : 174 & Average : 61 & Poor : 12 & Terrible : 8, /Attraction_Review-g274873-d2322601-Reviews-ZOO_Ljubljana-Ljubljana_Upper_Carniola_Region.html
ZOO Ljubljana, 83, 87, Zoos, Europe & Slovenia & Upper Carniola Region & Ljubljana & Things to Do in Ljubljana, 4.0, 46.056934, 14.505641, 140309587, 20120901, 20120901, 4.0, Tim J, https://www.tripadvisor.com/Profile/778TimJ, b362a7279d69bf678cb9d7d493b4811f, Excellent : 179 & Very Good : 174 & Average : 61 & Poor : 12 & Terrible : 8, /Attraction_Review-g274873-d2322601-Reviews-ZOO_Ljubljana-Ljubljana_Upper_Carniola_Region.html
