review_location_name, review_current_page, review_last_page, review_location_type, review_location_breadcrumbs, review_location_rate, location_lat, location_lng, review_id, review_date, review_experience_date, review_rate, user_name, user_link, user_id, extra, parent_url
Kozjak Waterfalls, 128, 129, Waterfalls, Europe & Slovenia & Slovenian Littoral Region & Kobarid & Things to Do in Kobarid, 4.5, 46.24709, 13.57934, 136711195, 20120801, 20120801, 4.0, chriscjWivenhoe, https://www.tripadvisor.com/Profile/chriscjWivenhoe, a360624ebc300fdd5d9b1110c6822e4a, Excellent : 479 & Very Good : 136 & Average : 19 & Poor : 6 & Terrible : 3, /Attraction_Review-g319788-d1746288-Reviews-Kozjak_Waterfalls-Kobarid_Slovenian_Littoral_Region.html
Kozjak Waterfalls, 128, 129, Waterfalls, Europe & Slovenia & Slovenian Littoral Region & Kobarid & Things to Do in Kobarid, 4.5, 46.24709, 13.57934, 136557811, 20120801, 20120601, 4.0, JackTravel, https://www.tripadvisor.com/Profile/JackTravel, 7a118975b6d00e5873ceeeecfff82f2c, Excellent : 479 & Very Good : 136 & Average : 19 & Poor : 6 & Terrible : 3, /Attraction_Review-g319788-d1746288-Reviews-Kozjak_Waterfalls-Kobarid_Slovenian_Littoral_Region.html
Kozjak Waterfalls, 128, 129, Waterfalls, Europe & Slovenia & Slovenian Littoral Region & Kobarid & Things to Do in Kobarid, 4.5, 46.24709, 13.57934, 136304627, 20120801, 20120701, 5.0, jabula, https://www.tripadvisor.com/Profile/jabula, 8394b2c16a49dbe23ee79652015e8c3b, Excellent : 479 & Very Good : 136 & Average : 19 & Poor : 6 & Terrible : 3, /Attraction_Review-g319788-d1746288-Reviews-Kozjak_Waterfalls-Kobarid_Slovenian_Littoral_Region.html
Kozjak Waterfalls, 128, 129, Waterfalls, Europe & Slovenia & Slovenian Littoral Region & Kobarid & Things to Do in Kobarid, 4.5, 46.24709, 13.57934, 134500815, 20120701, 20120701, 5.0, Fakhrur R, https://www.tripadvisor.com/Profile/fbass, bbbb809863ed85ee9ac30d1815c1a2ba, Excellent : 479 & Very Good : 136 & Average : 19 & Poor : 6 & Terrible : 3, /Attraction_Review-g319788-d1746288-Reviews-Kozjak_Waterfalls-Kobarid_Slovenian_Littoral_Region.html
Kozjak Waterfalls, 128, 129, Waterfalls, Europe & Slovenia & Slovenian Littoral Region & Kobarid & Things to Do in Kobarid, 4.5, 46.24709, 13.57934, 131611428, 20120601, 20120401, 5.0, norwind84, https://www.tripadvisor.com/Profile/norwind84, 284fcb9d184d18666cfbaf1ab621f12c, Excellent : 479 & Very Good : 136 & Average : 19 & Poor : 6 & Terrible : 3, /Attraction_Review-g319788-d1746288-Reviews-Kozjak_Waterfalls-Kobarid_Slovenian_Littoral_Region.html
