review_location_name, review_current_page, review_last_page, review_location_type, review_location_breadcrumbs, review_location_rate, location_lat, location_lng, review_id, review_date, review_experience_date, review_rate, user_name, user_link, user_id, extra, parent_url
Predjama Castle, 419, 724, Castles, Europe & Slovenia & Inner Carniola Region & Postojna & Things to Do in Postojna, 4.5, 45.77471, 14.21301, 411493191, 20160801, 20160601, 3.0, Saso D, https://www.tripadvisor.com/Profile/sasod55, ea5de49d66d3974ea7c2699b0192598d, Excellent : 2&&386 & Very Good : 1&&001 & Average : 197 & Poor : 25 & Terrible : 11, /Attraction_Review-g274878-d277346-Reviews-Predjama_Castle-Postojna_Inner_Carniola_Region.html
Predjama Castle, 419, 724, Castles, Europe & Slovenia & Inner Carniola Region & Postojna & Things to Do in Postojna, 4.5, 45.77471, 14.21301, 411433708, 20160801, 20160801, 5.0, VALERIA B, https://www.tripadvisor.com/Profile/VALERIAB36, 4a3e2be4bc01ed0a4c3bfad5c5a64b84, Excellent : 2&&386 & Very Good : 1&&001 & Average : 197 & Poor : 25 & Terrible : 11, /Attraction_Review-g274878-d277346-Reviews-Predjama_Castle-Postojna_Inner_Carniola_Region.html
Predjama Castle, 419, 724, Castles, Europe & Slovenia & Inner Carniola Region & Postojna & Things to Do in Postojna, 4.5, 45.77471, 14.21301, 411365711, 20160801, 20160801, 5.0, ninin63, https://www.tripadvisor.com/Profile/ninin63, 47e250e46c2215989b0f3349c74613eb, Excellent : 2&&386 & Very Good : 1&&001 & Average : 197 & Poor : 25 & Terrible : 11, /Attraction_Review-g274878-d277346-Reviews-Predjama_Castle-Postojna_Inner_Carniola_Region.html
Predjama Castle, 419, 724, Castles, Europe & Slovenia & Inner Carniola Region & Postojna & Things to Do in Postojna, 4.5, 45.77471, 14.21301, 411282608, 20160801, 20160801, 5.0, logicianRm, https://www.tripadvisor.com/Profile/logicianRm, fe9de6f07abe68c7328ee504560b9dd0, Excellent : 2&&386 & Very Good : 1&&001 & Average : 197 & Poor : 25 & Terrible : 11, /Attraction_Review-g274878-d277346-Reviews-Predjama_Castle-Postojna_Inner_Carniola_Region.html
Predjama Castle, 419, 724, Castles, Europe & Slovenia & Inner Carniola Region & Postojna & Things to Do in Postojna, 4.5, 45.77471, 14.21301, 411156043, 20160801, 20160801, 5.0, giorgio36, https://www.tripadvisor.com/Profile/giorgio36, 3af5e107dc335a1389e3a3dcc769d1a2, Excellent : 2&&386 & Very Good : 1&&001 & Average : 197 & Poor : 25 & Terrible : 11, /Attraction_Review-g274878-d277346-Reviews-Predjama_Castle-Postojna_Inner_Carniola_Region.html
