review_location_name, review_current_page, review_last_page, review_location_type, review_location_breadcrumbs, review_location_rate, location_lat, location_lng, review_id, review_date, review_experience_date, review_rate, user_name, user_link, user_id, extra, parent_url
Vulkanija Adventure Park, 1, 5, Natural History Museums, Europe & Slovenia & Styria Region & Gornji Grad & Things to Do in Gornji Grad, 4.5, 46.29673, 14.80749, 763409597, 20200801, 20200701, 5.0, tejajurican, https://www.tripadvisor.com/Profile/tejajurican, d009e2d9747c626865c9079dacfb4e18, Excellent : 19 & Very Good : 3 & Average : 0 & Poor : 0 & Terrible : 1, /Attraction_Review-g1182427-d10547827-Reviews-Vulkanija_Adventure_Park-Gornji_Grad_Styria_Region.html
Vulkanija Adventure Park, 1, 5, Natural History Museums, Europe & Slovenia & Styria Region & Gornji Grad & Things to Do in Gornji Grad, 4.5, 46.29673, 14.80749, 760267196, 20200701, 20200701, 5.0, apoetz, https://www.tripadvisor.com/Profile/apoetz, 0fe5ee3cfd6308a793203f9dc26584e3, Excellent : 19 & Very Good : 3 & Average : 0 & Poor : 0 & Terrible : 1, /Attraction_Review-g1182427-d10547827-Reviews-Vulkanija_Adventure_Park-Gornji_Grad_Styria_Region.html
Vulkanija Adventure Park, 1, 5, Natural History Museums, Europe & Slovenia & Styria Region & Gornji Grad & Things to Do in Gornji Grad, 4.5, 46.29673, 14.80749, 758166441, 20200601, 20200601, 5.0, Jaaanez, https://www.tripadvisor.com/Profile/Jaaanez, f158d3ba636e43e932d24a6f0237c0ee, Excellent : 19 & Very Good : 3 & Average : 0 & Poor : 0 & Terrible : 1, /Attraction_Review-g1182427-d10547827-Reviews-Vulkanija_Adventure_Park-Gornji_Grad_Styria_Region.html
Vulkanija Adventure Park, 1, 5, Natural History Museums, Europe & Slovenia & Styria Region & Gornji Grad & Things to Do in Gornji Grad, 4.5, 46.29673, 14.80749, 724908802, 20191101, 20191001, 5.0, KathyHrib, https://www.tripadvisor.com/Profile/KatarincaKathy, 57275f0435a78873eb3f6ad615741d2c, Excellent : 19 & Very Good : 3 & Average : 0 & Poor : 0 & Terrible : 1, /Attraction_Review-g1182427-d10547827-Reviews-Vulkanija_Adventure_Park-Gornji_Grad_Styria_Region.html
Vulkanija Adventure Park, 1, 5, Natural History Museums, Europe & Slovenia & Styria Region & Gornji Grad & Things to Do in Gornji Grad, 4.5, 46.29673, 14.80749, 690556342, 20190701, 20190701, 4.0, Stephen D, https://www.tripadvisor.com/Profile/G3099MEstephend, 206bbf7c75435f8030a2089dec915553, Excellent : 19 & Very Good : 3 & Average : 0 & Poor : 0 & Terrible : 1, /Attraction_Review-g1182427-d10547827-Reviews-Vulkanija_Adventure_Park-Gornji_Grad_Styria_Region.html
