review_location_name, review_current_page, review_last_page, review_location_type, review_location_breadcrumbs, review_location_rate, location_lat, location_lng, review_id, review_date, review_experience_date, review_rate, user_name, user_link, user_id, extra, parent_url
Skocjanske Jame, 39, 354, Caverns & Caves, Europe & Slovenia & Slovenian Littoral Region & Skocjan & Things to Do in Skocjan, 4.5, 45.665405, 13.993117, 623773674, 20181001, 20180801, 5.0, roei w, https://www.tripadvisor.com/Profile/roeiw3, 5895881a173d1ff2cdab517613fb9d9b, Excellent : 1&&399 & Very Good : 278 & Average : 60 & Poor : 20 & Terrible : 10, /Attraction_Review-g17579051-d10438743-Reviews-Skocjanske_Jame-Skocjan_Slovenian_Littoral_Region.html
Skocjanske Jame, 39, 354, Caverns & Caves, Europe & Slovenia & Slovenian Littoral Region & Skocjan & Things to Do in Skocjan, 4.5, 45.665405, 13.993117, 623735089, 20181001, 20181001, 5.0, Irene M, https://www.tripadvisor.com/Profile/irenemB6661IO, 58764bb64685e915efc9746ad71a2164, Excellent : 1&&399 & Very Good : 278 & Average : 60 & Poor : 20 & Terrible : 10, /Attraction_Review-g17579051-d10438743-Reviews-Skocjanske_Jame-Skocjan_Slovenian_Littoral_Region.html
Skocjanske Jame, 39, 354, Caverns & Caves, Europe & Slovenia & Slovenian Littoral Region & Skocjan & Things to Do in Skocjan, 4.5, 45.665405, 13.993117, 623580655, 20181001, 20181001, 5.0, EricC883, https://www.tripadvisor.com/Profile/EricC883, cc2c08f23f5e1b2d6c973f93c8c3fa7d, Excellent : 1&&399 & Very Good : 278 & Average : 60 & Poor : 20 & Terrible : 10, /Attraction_Review-g17579051-d10438743-Reviews-Skocjanske_Jame-Skocjan_Slovenian_Littoral_Region.html
Skocjanske Jame, 39, 354, Caverns & Caves, Europe & Slovenia & Slovenian Littoral Region & Skocjan & Things to Do in Skocjan, 4.5, 45.665405, 13.993117, 621862250, 20181001, 20180901, 5.0, Luciana C, https://www.tripadvisor.com/Profile/lucylu1967, 0c46d887ddb7d145ed72df08e414636a, Excellent : 1&&399 & Very Good : 278 & Average : 60 & Poor : 20 & Terrible : 10, /Attraction_Review-g17579051-d10438743-Reviews-Skocjanske_Jame-Skocjan_Slovenian_Littoral_Region.html
Skocjanske Jame, 39, 354, Caverns & Caves, Europe & Slovenia & Slovenian Littoral Region & Skocjan & Things to Do in Skocjan, 4.5, 45.665405, 13.993117, 620481446, 20180901, 20180901, 5.0, Serenana, https://www.tripadvisor.com/Profile/Serenana, ada76bb66c2bc1bc6583e5b8f6bc55d6, Excellent : 1&&399 & Very Good : 278 & Average : 60 & Poor : 20 & Terrible : 10, /Attraction_Review-g17579051-d10438743-Reviews-Skocjanske_Jame-Skocjan_Slovenian_Littoral_Region.html
