review_location_name, review_current_page, review_last_page, review_location_type, review_location_breadcrumbs, review_location_rate, location_lat, location_lng, review_id, review_date, review_experience_date, review_rate, user_name, user_link, user_id, extra, parent_url
ZOO Ljubljana, 21, 87, Zoos, Europe & Slovenia & Upper Carniola Region & Ljubljana & Things to Do in Ljubljana, 4.0, 46.056934, 14.505641, 576701000, 20180401, 20180401, 4.0, raffyravalico, https://www.tripadvisor.com/Profile/raffyravalico, a5656294e7c5f4cd92acbd6b0293ab66, Excellent : 179 & Very Good : 174 & Average : 61 & Poor : 12 & Terrible : 8, /Attraction_Review-g274873-d2322601-Reviews-ZOO_Ljubljana-Ljubljana_Upper_Carniola_Region.html
ZOO Ljubljana, 21, 87, Zoos, Europe & Slovenia & Upper Carniola Region & Ljubljana & Things to Do in Ljubljana, 4.0, 46.056934, 14.505641, 575680790, 20180401, 20180401, 4.0, Michael, https://www.tripadvisor.com/Profile/MichaeljoseC, f1cbb49629faf2162761d443a985310a, Excellent : 179 & Very Good : 174 & Average : 61 & Poor : 12 & Terrible : 8, /Attraction_Review-g274873-d2322601-Reviews-ZOO_Ljubljana-Ljubljana_Upper_Carniola_Region.html
ZOO Ljubljana, 21, 87, Zoos, Europe & Slovenia & Upper Carniola Region & Ljubljana & Things to Do in Ljubljana, 4.0, 46.056934, 14.505641, 574026965, 20180401, 20180401, 5.0, Nia M, https://www.tripadvisor.com/Profile/417niam, 8c7e5d7e51b4daf332e926f20adfb97e, Excellent : 179 & Very Good : 174 & Average : 61 & Poor : 12 & Terrible : 8, /Attraction_Review-g274873-d2322601-Reviews-ZOO_Ljubljana-Ljubljana_Upper_Carniola_Region.html
ZOO Ljubljana, 21, 87, Zoos, Europe & Slovenia & Upper Carniola Region & Ljubljana & Things to Do in Ljubljana, 4.0, 46.056934, 14.505641, 573387831, 20180401, 20180401, 5.0, Rok P, https://www.tripadvisor.com/Profile/rokp108, bff6bff45e95585b2eac779a8c90a7a3, Excellent : 179 & Very Good : 174 & Average : 61 & Poor : 12 & Terrible : 8, /Attraction_Review-g274873-d2322601-Reviews-ZOO_Ljubljana-Ljubljana_Upper_Carniola_Region.html
ZOO Ljubljana, 21, 87, Zoos, Europe & Slovenia & Upper Carniola Region & Ljubljana & Things to Do in Ljubljana, 4.0, 46.056934, 14.505641, 572664475, 20180401, 20170601, 5.0, Patriciabee, https://www.tripadvisor.com/Profile/Patriciabee, e9fbd8a92e1b6c567aa268b8959fba49, Excellent : 179 & Very Good : 174 & Average : 61 & Poor : 12 & Terrible : 8, /Attraction_Review-g274873-d2322601-Reviews-ZOO_Ljubljana-Ljubljana_Upper_Carniola_Region.html
