review_location_name, review_current_page, review_last_page, review_location_type, review_location_breadcrumbs, review_location_rate, location_lat, location_lng, review_id, review_date, review_experience_date, review_rate, user_name, user_link, user_id, extra, parent_url
Botanical Garden of University of Maribor, 1, 3, Gardens, Europe & Slovenia & Styria Region & Maribor & Things to Do in Maribor, 4.5, 46.55863, 15.65104, 758911128, 20200701, 20200701, 5.0, Mateja H, https://www.tripadvisor.com/Profile/matejah90, e06b8753d84340679506ba401272e7b2, Excellent : 7 & Very Good : 7 & Average : 0 & Poor : 0 & Terrible : 0, /Attraction_Review-g274874-d7207048-Reviews-Botanical_Garden_of_University_of_Maribor-Maribor_Styria_Region.html
Botanical Garden of University of Maribor, 1, 3, Gardens, Europe & Slovenia & Styria Region & Maribor & Things to Do in Maribor, 4.5, 46.55863, 15.65104, 730405265, 20191201, 20191101, 5.0, izif_37, https://www.tripadvisor.com/Profile/izif_37, 151abe40a38d811c5ceb9006e11af074, Excellent : 7 & Very Good : 7 & Average : 0 & Poor : 0 & Terrible : 0, /Attraction_Review-g274874-d7207048-Reviews-Botanical_Garden_of_University_of_Maribor-Maribor_Styria_Region.html
Botanical Garden of University of Maribor, 1, 3, Gardens, Europe & Slovenia & Styria Region & Maribor & Things to Do in Maribor, 4.5, 46.55863, 15.65104, 709814812, 20190901, 20190801, 4.0, Alen S, https://www.tripadvisor.com/Profile/alens512, b4a3f09d3047439145f8d3a017cb9ce7, Excellent : 7 & Very Good : 7 & Average : 0 & Poor : 0 & Terrible : 0, /Attraction_Review-g274874-d7207048-Reviews-Botanical_Garden_of_University_of_Maribor-Maribor_Styria_Region.html
Botanical Garden of University of Maribor, 1, 3, Gardens, Europe & Slovenia & Styria Region & Maribor & Things to Do in Maribor, 4.5, 46.55863, 15.65104, 670930430, 20190501, 20190401, 4.0, erikafulop, https://www.tripadvisor.com/Profile/erikafulop, 04b04552e2aba15ef8c4f90fd720947c, Excellent : 7 & Very Good : 7 & Average : 0 & Poor : 0 & Terrible : 0, /Attraction_Review-g274874-d7207048-Reviews-Botanical_Garden_of_University_of_Maribor-Maribor_Styria_Region.html
Botanical Garden of University of Maribor, 1, 3, Gardens, Europe & Slovenia & Styria Region & Maribor & Things to Do in Maribor, 4.5, 46.55863, 15.65104, 663499413, 20190401, 20181101, 4.0, PaoloRiccardoCarrara, https://www.tripadvisor.com/Profile/PaoloRiccardoCarrara, 1eefc98eb3fbe1b486e83405bb477046, Excellent : 7 & Very Good : 7 & Average : 0 & Poor : 0 & Terrible : 0, /Attraction_Review-g274874-d7207048-Reviews-Botanical_Garden_of_University_of_Maribor-Maribor_Styria_Region.html
