review_location_name, review_current_page, review_last_page, review_location_type, review_location_breadcrumbs, review_location_rate, location_lat, location_lng, review_id, review_date, review_experience_date, review_rate, user_name, user_link, user_id, extra, parent_url
Tivoli Park, 152, 291, Parks, Europe & Slovenia & Upper Carniola Region & Ljubljana & Things to Do in Ljubljana, 4.5, 46.056934, 14.505641, 433353312, 20161001, 20161001, 5.0, Drivepower, https://www.tripadvisor.com/Profile/Drivepower, 34c785cb2a21e7d922d25a091d26c51a, Excellent : 754 & Very Good : 536 & Average : 137 & Poor : 19 & Terrible : 5, /Attraction_Review-g274873-d298650-Reviews-Tivoli_Park-Ljubljana_Upper_Carniola_Region.html
Tivoli Park, 152, 291, Parks, Europe & Slovenia & Upper Carniola Region & Ljubljana & Things to Do in Ljubljana, 4.5, 46.056934, 14.505641, 432944038, 20161001, 20161001, 5.0, Pietro S, https://www.tripadvisor.com/Profile/pietros814, cc8b6524589b3ebfc601dcb4f86c585b, Excellent : 754 & Very Good : 536 & Average : 137 & Poor : 19 & Terrible : 5, /Attraction_Review-g274873-d298650-Reviews-Tivoli_Park-Ljubljana_Upper_Carniola_Region.html
Tivoli Park, 152, 291, Parks, Europe & Slovenia & Upper Carniola Region & Ljubljana & Things to Do in Ljubljana, 4.5, 46.056934, 14.505641, 432061036, 20161001, 20161001, 5.0, francesca t, https://www.tripadvisor.com/Profile/216francescat, 8d930c8ae612b09adc1307ee1f61d300, Excellent : 754 & Very Good : 536 & Average : 137 & Poor : 19 & Terrible : 5, /Attraction_Review-g274873-d298650-Reviews-Tivoli_Park-Ljubljana_Upper_Carniola_Region.html
Tivoli Park, 152, 291, Parks, Europe & Slovenia & Upper Carniola Region & Ljubljana & Things to Do in Ljubljana, 4.5, 46.056934, 14.505641, 431552921, 20161001, 20161001, 4.0, itziks100, https://www.tripadvisor.com/Profile/itziks100, 4927be75a58ddf3a1c74af74a0eb510c, Excellent : 754 & Very Good : 536 & Average : 137 & Poor : 19 & Terrible : 5, /Attraction_Review-g274873-d298650-Reviews-Tivoli_Park-Ljubljana_Upper_Carniola_Region.html
Tivoli Park, 152, 291, Parks, Europe & Slovenia & Upper Carniola Region & Ljubljana & Things to Do in Ljubljana, 4.5, 46.056934, 14.505641, 431412629, 20161001, 20161001, 3.0, Caro707, https://www.tripadvisor.com/Profile/Caro707, 37ab5fde8a56d4eb771fdddadfc64fd4, Excellent : 754 & Very Good : 536 & Average : 137 & Poor : 19 & Terrible : 5, /Attraction_Review-g274873-d298650-Reviews-Tivoli_Park-Ljubljana_Upper_Carniola_Region.html
