review_location_name, review_current_page, review_last_page, review_location_type, review_location_breadcrumbs, review_location_rate, location_lat, location_lng, review_id, review_date, review_experience_date, review_rate, user_name, user_link, user_id, extra, parent_url
Park vojaske zgodovine Pivka, 6, 11, Specialty Museums, Europe & Slovenia & Inner Carniola Region & Pivka & Things to Do in Pivka, 4.5, 45.68238, 14.19771, 529699839, 20171001, 20170701, 5.0, BP_TFG, https://www.tripadvisor.com/Profile/BP_TFG, 106ab18ea9ed856ec38377bac9f07f80, Excellent : 37 & Very Good : 14 & Average : 2 & Poor : 2 & Terrible : 0, /Attraction_Review-g1887828-d4788028-Reviews-Park_vojaske_zgodovine_Pivka-Pivka_Inner_Carniola_Region.html
Park vojaske zgodovine Pivka, 6, 11, Specialty Museums, Europe & Slovenia & Inner Carniola Region & Pivka & Things to Do in Pivka, 4.5, 45.68238, 14.19771, 529384145, 20171001, 20170901, 5.0, Securifire, https://www.tripadvisor.com/Profile/Securifire, ec6165cf1981b90c0be6ce627c3f12d3, Excellent : 37 & Very Good : 14 & Average : 2 & Poor : 2 & Terrible : 0, /Attraction_Review-g1887828-d4788028-Reviews-Park_vojaske_zgodovine_Pivka-Pivka_Inner_Carniola_Region.html
Park vojaske zgodovine Pivka, 6, 11, Specialty Museums, Europe & Slovenia & Inner Carniola Region & Pivka & Things to Do in Pivka, 4.5, 45.68238, 14.19771, 527413594, 20170901, 20170801, 4.0, Kritik S, https://www.tripadvisor.com/Profile/kritiks2016, 4e6987b4b400cb317aa7457503ebaea6, Excellent : 37 & Very Good : 14 & Average : 2 & Poor : 2 & Terrible : 0, /Attraction_Review-g1887828-d4788028-Reviews-Park_vojaske_zgodovine_Pivka-Pivka_Inner_Carniola_Region.html
Park vojaske zgodovine Pivka, 6, 11, Specialty Museums, Europe & Slovenia & Inner Carniola Region & Pivka & Things to Do in Pivka, 4.5, 45.68238, 14.19771, 523517944, 20170901, 20170901, 5.0, Marko M, https://www.tripadvisor.com/Profile/markom14, 57ed931b52a24a506ddf3c77ac931629, Excellent : 37 & Very Good : 14 & Average : 2 & Poor : 2 & Terrible : 0, /Attraction_Review-g1887828-d4788028-Reviews-Park_vojaske_zgodovine_Pivka-Pivka_Inner_Carniola_Region.html
Park vojaske zgodovine Pivka, 6, 11, Specialty Museums, Europe & Slovenia & Inner Carniola Region & Pivka & Things to Do in Pivka, 4.5, 45.68238, 14.19771, 519039463, 20170801, 20170801, 5.0, Franco C, https://www.tripadvisor.com/Profile/francoc129, 10c2caba7ec48e330b7c4bbafa6c0d6c, Excellent : 37 & Very Good : 14 & Average : 2 & Poor : 2 & Terrible : 0, /Attraction_Review-g1887828-d4788028-Reviews-Park_vojaske_zgodovine_Pivka-Pivka_Inner_Carniola_Region.html
