review_location_name, review_current_page, review_last_page, review_location_type, review_location_breadcrumbs, review_location_rate, location_lat, location_lng, review_id, review_date, review_experience_date, review_rate, user_name, user_link, user_id, extra, parent_url
Vintgar Gorge, 337, 982, Hiking Trails, Europe & Slovenia & Upper Carniola Region & Zgornje Gorje & Things to Do in Zgornje Gorje, 4.5, 46.38038, 14.0656, 510733987, 20170801, 20170801, 5.0, Alice L., https://www.tripadvisor.com/Profile/alicelC5059XA, 4d826bd587f0873f625e137d617a7e7c, Excellent : 3&&287 & Very Good : 1&&207 & Average : 285 & Poor : 82 & Terrible : 48, /Attraction_Review-g1870874-d519724-Reviews-Vintgar_Gorge-Zgornje_Gorje_Upper_Carniola_Region.html
Vintgar Gorge, 337, 982, Hiking Trails, Europe & Slovenia & Upper Carniola Region & Zgornje Gorje & Things to Do in Zgornje Gorje, 4.5, 46.38038, 14.0656, 510723155, 20170801, 20170801, 5.0, Renato Gori, https://www.tripadvisor.com/Profile/757renatog, 2cc71d01e8e2a57150c04b732cf483c6, Excellent : 3&&287 & Very Good : 1&&207 & Average : 285 & Poor : 82 & Terrible : 48, /Attraction_Review-g1870874-d519724-Reviews-Vintgar_Gorge-Zgornje_Gorje_Upper_Carniola_Region.html
Vintgar Gorge, 337, 982, Hiking Trails, Europe & Slovenia & Upper Carniola Region & Zgornje Gorje & Things to Do in Zgornje Gorje, 4.5, 46.38038, 14.0656, 510712145, 20170801, 20170801, 1.0, Twist944, https://www.tripadvisor.com/Profile/Twist944, f4644be8f4fe5ce857765edd2c4e0853, Excellent : 3&&287 & Very Good : 1&&207 & Average : 285 & Poor : 82 & Terrible : 48, /Attraction_Review-g1870874-d519724-Reviews-Vintgar_Gorge-Zgornje_Gorje_Upper_Carniola_Region.html
Vintgar Gorge, 337, 982, Hiking Trails, Europe & Slovenia & Upper Carniola Region & Zgornje Gorje & Things to Do in Zgornje Gorje, 4.5, 46.38038, 14.0656, 510678273, 20170801, 20170701, 5.0, asterixRotterdam, https://www.tripadvisor.com/Profile/asterixRotterdam, b2cc41d1529f1302408f439c68f78762, Excellent : 3&&287 & Very Good : 1&&207 & Average : 285 & Poor : 82 & Terrible : 48, /Attraction_Review-g1870874-d519724-Reviews-Vintgar_Gorge-Zgornje_Gorje_Upper_Carniola_Region.html
Vintgar Gorge, 337, 982, Hiking Trails, Europe & Slovenia & Upper Carniola Region & Zgornje Gorje & Things to Do in Zgornje Gorje, 4.5, 46.38038, 14.0656, 510669414, 20170801, 20170801, 5.0, Maik R, https://www.tripadvisor.com/Profile/287maikr, 6adbe447e6406d618e8efec65610738c, Excellent : 3&&287 & Very Good : 1&&207 & Average : 285 & Poor : 82 & Terrible : 48, /Attraction_Review-g1870874-d519724-Reviews-Vintgar_Gorge-Zgornje_Gorje_Upper_Carniola_Region.html
