review_location_name, review_current_page, review_last_page, review_location_type, review_location_breadcrumbs, review_location_rate, location_lat, location_lng, review_id, review_date, review_experience_date, review_rate, user_name, user_link, user_id, extra, parent_url
Planica Nordic Centre, 4, 23, Ski & Snowboard Areas, Europe & Slovenia & Upper Carniola Region & Kranjska Gora & Ratece & Things to Do in Ratece, 5.0, 46.49777, 13.7163, 716715360, 20191001, 20190801, 4.0, zima2, https://www.tripadvisor.com/Profile/zima2, d3f7f2ac266d2a2564ad4ffd36b3415d, Excellent : 86 & Very Good : 26 & Average : 1 & Poor : 0 & Terrible : 0, /Attraction_Review-g3646675-d12748671-Reviews-Planica_Nordic_Centre-Ratece_Kranjska_Gora_Upper_Carniola_Region.html
Planica Nordic Centre, 4, 23, Ski & Snowboard Areas, Europe & Slovenia & Upper Carniola Region & Kranjska Gora & Ratece & Things to Do in Ratece, 5.0, 46.49777, 13.7163, 716021920, 20191001, 20190801, 5.0, Stanisław Ł, https://www.tripadvisor.com/Profile/stanis_aw_, edc1c52eed0564bcdc080b0723c0eb90, Excellent : 86 & Very Good : 26 & Average : 1 & Poor : 0 & Terrible : 0, /Attraction_Review-g3646675-d12748671-Reviews-Planica_Nordic_Centre-Ratece_Kranjska_Gora_Upper_Carniola_Region.html
Planica Nordic Centre, 4, 23, Ski & Snowboard Areas, Europe & Slovenia & Upper Carniola Region & Kranjska Gora & Ratece & Things to Do in Ratece, 5.0, 46.49777, 13.7163, 710157763, 20190901, 20190901, 5.0, coco19, https://www.tripadvisor.com/Profile/coco19, d0104b4a4bf0e7df7f3bea50f8b5fd20, Excellent : 86 & Very Good : 26 & Average : 1 & Poor : 0 & Terrible : 0, /Attraction_Review-g3646675-d12748671-Reviews-Planica_Nordic_Centre-Ratece_Kranjska_Gora_Upper_Carniola_Region.html
Planica Nordic Centre, 4, 23, Ski & Snowboard Areas, Europe & Slovenia & Upper Carniola Region & Kranjska Gora & Ratece & Things to Do in Ratece, 5.0, 46.49777, 13.7163, 710001119, 20190901, 20190901, 5.0, iandjonhols, https://www.tripadvisor.com/Profile/iandjonhols, 83dd456a0e41767ac251f703b78e2f66, Excellent : 86 & Very Good : 26 & Average : 1 & Poor : 0 & Terrible : 0, /Attraction_Review-g3646675-d12748671-Reviews-Planica_Nordic_Centre-Ratece_Kranjska_Gora_Upper_Carniola_Region.html
Planica Nordic Centre, 4, 23, Ski & Snowboard Areas, Europe & Slovenia & Upper Carniola Region & Kranjska Gora & Ratece & Things to Do in Ratece, 5.0, 46.49777, 13.7163, 700250863, 20190801, 20190801, 5.0, Fritz Zimmermann, https://www.tripadvisor.com/Profile/FCZimmermann, bd0ffe6605f273f1dc9463d15f5cd3e7, Excellent : 86 & Very Good : 26 & Average : 1 & Poor : 0 & Terrible : 0, /Attraction_Review-g3646675-d12748671-Reviews-Planica_Nordic_Centre-Ratece_Kranjska_Gora_Upper_Carniola_Region.html
