review_location_name, review_current_page, review_last_page, review_location_type, review_location_breadcrumbs, review_location_rate, location_lat, location_lng, review_id, review_date, review_experience_date, review_rate, user_name, user_link, user_id, extra, parent_url
Dragon Bridge (Zmajski Most), 186, 529, Bridges, Europe & Slovenia & Upper Carniola Region & Ljubljana & Things to Do in Ljubljana, 4.0, 46.056934, 14.505641, 537924905, 20171101, 20171101, 5.0, Caro C, https://www.tripadvisor.com/Profile/480caroc, fa053b73a9b3749c0f6c71e943f45e5b, Excellent : 915 & Very Good : 1&&065 & Average : 583 & Poor : 71 & Terrible : 10, /Attraction_Review-g274873-d276337-Reviews-Dragon_Bridge_Zmajski_Most-Ljubljana_Upper_Carniola_Region.html
Dragon Bridge (Zmajski Most), 186, 529, Bridges, Europe & Slovenia & Upper Carniola Region & Ljubljana & Things to Do in Ljubljana, 4.0, 46.056934, 14.505641, 537786581, 20171101, 20170101, 5.0, olegkrylov, https://www.tripadvisor.com/Profile/olegkrylov, 159b4e1ce5377735b1e69b6ba77f88d2, Excellent : 915 & Very Good : 1&&065 & Average : 583 & Poor : 71 & Terrible : 10, /Attraction_Review-g274873-d276337-Reviews-Dragon_Bridge_Zmajski_Most-Ljubljana_Upper_Carniola_Region.html
Dragon Bridge (Zmajski Most), 186, 529, Bridges, Europe & Slovenia & Upper Carniola Region & Ljubljana & Things to Do in Ljubljana, 4.0, 46.056934, 14.505641, 537685745, 20171101, 20170701, 5.0, mariariral, https://www.tripadvisor.com/Profile/mariariral, b59fb281b0aaf77d8abef550f19625d5, Excellent : 915 & Very Good : 1&&065 & Average : 583 & Poor : 71 & Terrible : 10, /Attraction_Review-g274873-d276337-Reviews-Dragon_Bridge_Zmajski_Most-Ljubljana_Upper_Carniola_Region.html
Dragon Bridge (Zmajski Most), 186, 529, Bridges, Europe & Slovenia & Upper Carniola Region & Ljubljana & Things to Do in Ljubljana, 4.0, 46.056934, 14.505641, 537433632, 20171001, 20171001, 5.0, Aldo C, https://www.tripadvisor.com/Profile/aldoc189, 3304ea2d4c27ff753a19074e883a56fd, Excellent : 915 & Very Good : 1&&065 & Average : 583 & Poor : 71 & Terrible : 10, /Attraction_Review-g274873-d276337-Reviews-Dragon_Bridge_Zmajski_Most-Ljubljana_Upper_Carniola_Region.html
Dragon Bridge (Zmajski Most), 186, 529, Bridges, Europe & Slovenia & Upper Carniola Region & Ljubljana & Things to Do in Ljubljana, 4.0, 46.056934, 14.505641, 537208297, 20171001, 20171001, 5.0, X0seRam0n, https://www.tripadvisor.com/Profile/X0seRam0n, 6eb11908ead4c58dba0d085a2dc6d1ab, Excellent : 915 & Very Good : 1&&065 & Average : 583 & Poor : 71 & Terrible : 10, /Attraction_Review-g274873-d276337-Reviews-Dragon_Bridge_Zmajski_Most-Ljubljana_Upper_Carniola_Region.html
