review_location_name, review_current_page, review_last_page, review_location_type, review_location_breadcrumbs, review_location_rate, location_lat, location_lng, review_id, review_date, review_experience_date, review_rate, user_name, user_link, user_id, extra, parent_url
Secovlje Salina Nature Park, 36, 57, Nature & Wildlife Areas & Parks, Europe & Slovenia & Slovenian Littoral Region & Seca & Things to Do in Seca, 4.0, 45.495365, 13.6122, 341670197, 20160101, 20160101, 4.0, domfe, https://www.tripadvisor.com/Profile/domfe, 4c5519b702c7d46641d08add859b0964, Excellent : 84 & Very Good : 122 & Average : 46 & Poor : 18 & Terrible : 12, /Attraction_Review-g15363909-d12590845-Reviews-Secovlje_Salina_Nature_Park-Seca_Slovenian_Littoral_Region.html
Secovlje Salina Nature Park, 36, 57, Nature & Wildlife Areas & Parks, Europe & Slovenia & Slovenian Littoral Region & Seca & Things to Do in Seca, 4.0, 45.495365, 13.6122, 338165909, 20160101, 20160101, 4.0, Totoro_in_viaggio, https://www.tripadvisor.com/Profile/Totoro_in_viaggio, 2eb7cf47be81d3a7747a8bb1456ee83a, Excellent : 84 & Very Good : 122 & Average : 46 & Poor : 18 & Terrible : 12, /Attraction_Review-g15363909-d12590845-Reviews-Secovlje_Salina_Nature_Park-Seca_Slovenian_Littoral_Region.html
Secovlje Salina Nature Park, 36, 57, Nature & Wildlife Areas & Parks, Europe & Slovenia & Slovenian Littoral Region & Seca & Things to Do in Seca, 4.0, 45.495365, 13.6122, 336941870, 20160101, 20160101, 4.0, steinbici, https://www.tripadvisor.com/Profile/steinbici, 6e8406bf30f5eb3a44b7eae1b6e01259, Excellent : 84 & Very Good : 122 & Average : 46 & Poor : 18 & Terrible : 12, /Attraction_Review-g15363909-d12590845-Reviews-Secovlje_Salina_Nature_Park-Seca_Slovenian_Littoral_Region.html
Secovlje Salina Nature Park, 36, 57, Nature & Wildlife Areas & Parks, Europe & Slovenia & Slovenian Littoral Region & Seca & Things to Do in Seca, 4.0, 45.495365, 13.6122, 332671855, 20151201, 20151201, 4.0, zecco_65, https://www.tripadvisor.com/Profile/zecco_65, 1457828c3eea1a9bd75f6dd4235d7ffb, Excellent : 84 & Very Good : 122 & Average : 46 & Poor : 18 & Terrible : 12, /Attraction_Review-g15363909-d12590845-Reviews-Secovlje_Salina_Nature_Park-Seca_Slovenian_Littoral_Region.html
Secovlje Salina Nature Park, 36, 57, Nature & Wildlife Areas & Parks, Europe & Slovenia & Slovenian Littoral Region & Seca & Things to Do in Seca, 4.0, 45.495365, 13.6122, 331814599, 20151201, 20151201, 2.0, Giovanni2223, https://www.tripadvisor.com/Profile/Giovanni2223, e6b6229f95bdb1ecc7e3597e56f31927, Excellent : 84 & Very Good : 122 & Average : 46 & Poor : 18 & Terrible : 12, /Attraction_Review-g15363909-d12590845-Reviews-Secovlje_Salina_Nature_Park-Seca_Slovenian_Littoral_Region.html
