review_location_name, review_current_page, review_last_page, review_location_type, review_location_breadcrumbs, review_location_rate, location_lat, location_lng, review_id, review_date, review_experience_date, review_rate, user_name, user_link, user_id, extra, parent_url
Mostnica Gorge, 15, 32, Waterfalls, Europe & Slovenia & Upper Carniola Region & Stara Fuzina & Things to Do in Stara Fuzina, 4.5, 46.288727, 13.894663, 525024253, 20170901, 20170901, 4.0, svd89, https://www.tripadvisor.com/Profile/svd89, 8e7dd1fd86dfd51f4867ebf38e3202e2, Excellent : 105 & Very Good : 46 & Average : 6 & Poor : 2 & Terrible : 1, /Attraction_Review-g12364789-d2080035-Reviews-Mostnica_Gorge-Stara_Fuzina_Upper_Carniola_Region.html
Mostnica Gorge, 15, 32, Waterfalls, Europe & Slovenia & Upper Carniola Region & Stara Fuzina & Things to Do in Stara Fuzina, 4.5, 46.288727, 13.894663, 524886350, 20170901, 20170901, 4.0, Chris J, https://www.tripadvisor.com/Profile/L8295JUchrisj, c116d45c6bb7954d770ca51afba85ed7, Excellent : 105 & Very Good : 46 & Average : 6 & Poor : 2 & Terrible : 1, /Attraction_Review-g12364789-d2080035-Reviews-Mostnica_Gorge-Stara_Fuzina_Upper_Carniola_Region.html
Mostnica Gorge, 15, 32, Waterfalls, Europe & Slovenia & Upper Carniola Region & Stara Fuzina & Things to Do in Stara Fuzina, 4.5, 46.288727, 13.894663, 522677853, 20170901, 20170901, 5.0, Virginie D, https://www.tripadvisor.com/Profile/326virginied, 1133be5fbf35983173c742707a7776ae, Excellent : 105 & Very Good : 46 & Average : 6 & Poor : 2 & Terrible : 1, /Attraction_Review-g12364789-d2080035-Reviews-Mostnica_Gorge-Stara_Fuzina_Upper_Carniola_Region.html
Mostnica Gorge, 15, 32, Waterfalls, Europe & Slovenia & Upper Carniola Region & Stara Fuzina & Things to Do in Stara Fuzina, 4.5, 46.288727, 13.894663, 522156490, 20170901, 20170901, 5.0, Patricia L, https://www.tripadvisor.com/Profile/savannahpatsy, 6b54c947a43483fcd6d47959abcabf95, Excellent : 105 & Very Good : 46 & Average : 6 & Poor : 2 & Terrible : 1, /Attraction_Review-g12364789-d2080035-Reviews-Mostnica_Gorge-Stara_Fuzina_Upper_Carniola_Region.html
Mostnica Gorge, 15, 32, Waterfalls, Europe & Slovenia & Upper Carniola Region & Stara Fuzina & Things to Do in Stara Fuzina, 4.5, 46.288727, 13.894663, 519898101, 20170801, 20170801, 2.0, MlleSoMa, https://www.tripadvisor.com/Profile/MlleSoMa, 888c808f4479c0e2f6dc2d2424496d74, Excellent : 105 & Very Good : 46 & Average : 6 & Poor : 2 & Terrible : 1, /Attraction_Review-g12364789-d2080035-Reviews-Mostnica_Gorge-Stara_Fuzina_Upper_Carniola_Region.html
