review_location_name, review_current_page, review_last_page, review_location_type, review_location_breadcrumbs, review_location_rate, location_lat, location_lng, review_id, review_date, review_experience_date, review_rate, user_name, user_link, user_id, extra, parent_url
Metelkova, 52, 162, Neighborhoods, Europe & Slovenia & Upper Carniola Region & Ljubljana & Things to Do in Ljubljana, 4.0, 46.056934, 14.505641, 517688850, 20170801, 20161001, 5.0, jake01232014, https://www.tripadvisor.com/Profile/jake01232014, 1cd6174f096cb8c4d98228323537af44, Excellent : 360 & Very Good : 283 & Average : 103 & Poor : 37 & Terrible : 23, /Attraction_Review-g274873-d734854-Reviews-Metelkova-Ljubljana_Upper_Carniola_Region.html
Metelkova, 52, 162, Neighborhoods, Europe & Slovenia & Upper Carniola Region & Ljubljana & Things to Do in Ljubljana, 4.0, 46.056934, 14.505641, 517665840, 20170801, 20170801, 4.0, taodoc, https://www.tripadvisor.com/Profile/taodoc, f4bcd47171f2804797ec89aedc8b78d8, Excellent : 360 & Very Good : 283 & Average : 103 & Poor : 37 & Terrible : 23, /Attraction_Review-g274873-d734854-Reviews-Metelkova-Ljubljana_Upper_Carniola_Region.html
Metelkova, 52, 162, Neighborhoods, Europe & Slovenia & Upper Carniola Region & Ljubljana & Things to Do in Ljubljana, 4.0, 46.056934, 14.505641, 517598725, 20170801, 20160901, 5.0, Raffael N, https://www.tripadvisor.com/Profile/raffaeln2016, b292dde151ae28a2fd6f49fa0340242f, Excellent : 360 & Very Good : 283 & Average : 103 & Poor : 37 & Terrible : 23, /Attraction_Review-g274873-d734854-Reviews-Metelkova-Ljubljana_Upper_Carniola_Region.html
Metelkova, 52, 162, Neighborhoods, Europe & Slovenia & Upper Carniola Region & Ljubljana & Things to Do in Ljubljana, 4.0, 46.056934, 14.505641, 517278345, 20170801, 20170801, 4.0, SimonaAsperti, https://www.tripadvisor.com/Profile/SimonaAsperti, 923d7b420c09c05473b9ff9767512a66, Excellent : 360 & Very Good : 283 & Average : 103 & Poor : 37 & Terrible : 23, /Attraction_Review-g274873-d734854-Reviews-Metelkova-Ljubljana_Upper_Carniola_Region.html
Metelkova, 52, 162, Neighborhoods, Europe & Slovenia & Upper Carniola Region & Ljubljana & Things to Do in Ljubljana, 4.0, 46.056934, 14.505641, 516600784, 20170801, 20170801, 4.0, Menzio E, https://www.tripadvisor.com/Profile/menzioe, aa95e893f88550ade8a9aa5899da35ab, Excellent : 360 & Very Good : 283 & Average : 103 & Poor : 37 & Terrible : 23, /Attraction_Review-g274873-d734854-Reviews-Metelkova-Ljubljana_Upper_Carniola_Region.html
