review_location_name, review_current_page, review_last_page, review_location_type, review_location_breadcrumbs, review_location_rate, location_lat, location_lng, review_id, review_date, review_experience_date, review_rate, user_name, user_link, user_id, extra, parent_url
Triple Bridge (Tromostovje), 12, 745, Bridges, Europe & Slovenia & Upper Carniola Region & Ljubljana & Things to Do in Ljubljana, 4.5, 46.056934, 14.505641, 736620872, 20200101, 20190701, 5.0, JS1712, https://www.tripadvisor.com/Profile/JS1712, 6e810f6d3a7c238cef80c5198b29e083, Excellent : 1&&846 & Very Good : 1&&427 & Average : 417 & Poor : 30 & Terrible : 4, /Attraction_Review-g274873-d276335-Reviews-Triple_Bridge_Tromostovje-Ljubljana_Upper_Carniola_Region.html
Triple Bridge (Tromostovje), 12, 745, Bridges, Europe & Slovenia & Upper Carniola Region & Ljubljana & Things to Do in Ljubljana, 4.5, 46.056934, 14.505641, 736473637, 20200101, 20191201, 5.0, Christina, https://www.tripadvisor.com/Profile/ctsergoula, 3732d966fa684cd890fb7ffbc07243f3, Excellent : 1&&846 & Very Good : 1&&427 & Average : 417 & Poor : 30 & Terrible : 4, /Attraction_Review-g274873-d276335-Reviews-Triple_Bridge_Tromostovje-Ljubljana_Upper_Carniola_Region.html
Triple Bridge (Tromostovje), 12, 745, Bridges, Europe & Slovenia & Upper Carniola Region & Ljubljana & Things to Do in Ljubljana, 4.5, 46.056934, 14.505641, 736466404, 20200101, 20200101, 4.0, Marco, https://www.tripadvisor.com/Profile/favotti, d15abe74eae15d29336caf21c925137f, Excellent : 1&&846 & Very Good : 1&&427 & Average : 417 & Poor : 30 & Terrible : 4, /Attraction_Review-g274873-d276335-Reviews-Triple_Bridge_Tromostovje-Ljubljana_Upper_Carniola_Region.html
Triple Bridge (Tromostovje), 12, 745, Bridges, Europe & Slovenia & Upper Carniola Region & Ljubljana & Things to Do in Ljubljana, 4.5, 46.056934, 14.505641, 735933063, 20191201, 20190901, 3.0, Holz64, https://www.tripadvisor.com/Profile/Holz64, a22e834328ade5d6d66a52f6d88f0fd5, Excellent : 1&&846 & Very Good : 1&&427 & Average : 417 & Poor : 30 & Terrible : 4, /Attraction_Review-g274873-d276335-Reviews-Triple_Bridge_Tromostovje-Ljubljana_Upper_Carniola_Region.html
Triple Bridge (Tromostovje), 12, 745, Bridges, Europe & Slovenia & Upper Carniola Region & Ljubljana & Things to Do in Ljubljana, 4.5, 46.056934, 14.505641, 735706604, 20191201, 20191201, 5.0, giovanni c, https://www.tripadvisor.com/Profile/gi0vannic, 27d18f713d173e1bfd117a07aed85219, Excellent : 1&&846 & Very Good : 1&&427 & Average : 417 & Poor : 30 & Terrible : 4, /Attraction_Review-g274873-d276335-Reviews-Triple_Bridge_Tromostovje-Ljubljana_Upper_Carniola_Region.html
