review_location_name, review_current_page, review_last_page, review_location_type, review_location_breadcrumbs, review_location_rate, location_lat, location_lng, review_id, review_date, review_experience_date, review_rate, user_name, user_link, user_id, extra, parent_url
House of Experiments - Hiša eksperimentov, 3, 18, Science Museums & Children's Museums, Europe & Slovenia & Upper Carniola Region & Ljubljana & Things to Do in Ljubljana, 4.5, 46.056934, 14.505641, 684733347, 20190601, 20190601, 5.0, Slavica, https://www.tripadvisor.com/Profile/slaavicaa, fc4bb4183e4abb69f8dd2871070762ae, Excellent : 60 & Very Good : 22 & Average : 5 & Poor : 0 & Terrible : 0, /Attraction_Review-g274873-d4782527-Reviews-House_of_Experiments_Hisa_eksperimentov-Ljubljana_Upper_Carniola_Region.html
House of Experiments - Hiša eksperimentov, 3, 18, Science Museums & Children's Museums, Europe & Slovenia & Upper Carniola Region & Ljubljana & Things to Do in Ljubljana, 4.5, 46.056934, 14.505641, 684226484, 20190601, 20190601, 4.0, Anders M, https://www.tripadvisor.com/Profile/andmalmstrom, db2bf37817150735242c8b05b5420bec, Excellent : 60 & Very Good : 22 & Average : 5 & Poor : 0 & Terrible : 0, /Attraction_Review-g274873-d4782527-Reviews-House_of_Experiments_Hisa_eksperimentov-Ljubljana_Upper_Carniola_Region.html
House of Experiments - Hiša eksperimentov, 3, 18, Science Museums & Children's Museums, Europe & Slovenia & Upper Carniola Region & Ljubljana & Things to Do in Ljubljana, 4.5, 46.056934, 14.505641, 677671905, 20190501, 20190501, 5.0, stenquist1, https://www.tripadvisor.com/Profile/stenquist1, 4db1aa2beed57673c690294b75cd98e7, Excellent : 60 & Very Good : 22 & Average : 5 & Poor : 0 & Terrible : 0, /Attraction_Review-g274873-d4782527-Reviews-House_of_Experiments_Hisa_eksperimentov-Ljubljana_Upper_Carniola_Region.html
House of Experiments - Hiša eksperimentov, 3, 18, Science Museums & Children's Museums, Europe & Slovenia & Upper Carniola Region & Ljubljana & Things to Do in Ljubljana, 4.5, 46.056934, 14.505641, 669216282, 20190401, 20190401, 5.0, GBR78, https://www.tripadvisor.com/Profile/GBR78, d1b45074a9b77383e6e17b00b248bd05, Excellent : 60 & Very Good : 22 & Average : 5 & Poor : 0 & Terrible : 0, /Attraction_Review-g274873-d4782527-Reviews-House_of_Experiments_Hisa_eksperimentov-Ljubljana_Upper_Carniola_Region.html
House of Experiments - Hiša eksperimentov, 3, 18, Science Museums & Children's Museums, Europe & Slovenia & Upper Carniola Region & Ljubljana & Things to Do in Ljubljana, 4.5, 46.056934, 14.505641, 665285632, 20190401, 20190401, 5.0, Brandy, https://www.tripadvisor.com/Profile/Brrrrrandy, 65c2fc16c04bcc5aecb31f1ed618e4fd, Excellent : 60 & Very Good : 22 & Average : 5 & Poor : 0 & Terrible : 0, /Attraction_Review-g274873-d4782527-Reviews-House_of_Experiments_Hisa_eksperimentov-Ljubljana_Upper_Carniola_Region.html
