review_location_name, review_current_page, review_last_page, review_location_type, review_location_breadcrumbs, review_location_rate, location_lat, location_lng, review_id, review_date, review_experience_date, review_rate, user_name, user_link, user_id, extra, parent_url
Cathedral of St. Nicholas (Stolnica Sv. Nikolaja), 1, 207, Sacred & Religious Sites, Europe & Slovenia & Upper Carniola Region & Ljubljana & Things to Do in Ljubljana, 4.5, 46.056934, 14.505641, 765076905, 20200801, 20200101, 5.0, Steven S, https://www.tripadvisor.com/Profile/MandySSS, 87ee9a1568e4a34b1e54a0a4429fdf91, Excellent : 513 & Very Good : 433 & Average : 73 & Poor : 9 & Terrible : 6, /Attraction_Review-g274873-d276332-Reviews-Cathedral_of_St_Nicholas_Stolnica_Sv_Nikolaja-Ljubljana_Upper_Carniola_Region.html
Cathedral of St. Nicholas (Stolnica Sv. Nikolaja), 1, 207, Sacred & Religious Sites, Europe & Slovenia & Upper Carniola Region & Ljubljana & Things to Do in Ljubljana, 4.5, 46.056934, 14.505641, 762517909, 20200801, 20190901, 5.0, Northmania, https://www.tripadvisor.com/Profile/Northmania, b9da588dc98912da5e40fdd4df23d5a5, Excellent : 513 & Very Good : 433 & Average : 73 & Poor : 9 & Terrible : 6, /Attraction_Review-g274873-d276332-Reviews-Cathedral_of_St_Nicholas_Stolnica_Sv_Nikolaja-Ljubljana_Upper_Carniola_Region.html
Cathedral of St. Nicholas (Stolnica Sv. Nikolaja), 1, 207, Sacred & Religious Sites, Europe & Slovenia & Upper Carniola Region & Ljubljana & Things to Do in Ljubljana, 4.5, 46.056934, 14.505641, 759859186, 20200701, 20200701, 4.0, MKre84, https://www.tripadvisor.com/Profile/MKre84, 47f0369933cf527250e1f1ae6ab07e9b, Excellent : 513 & Very Good : 433 & Average : 73 & Poor : 9 & Terrible : 6, /Attraction_Review-g274873-d276332-Reviews-Cathedral_of_St_Nicholas_Stolnica_Sv_Nikolaja-Ljubljana_Upper_Carniola_Region.html
Cathedral of St. Nicholas (Stolnica Sv. Nikolaja), 1, 207, Sacred & Religious Sites, Europe & Slovenia & Upper Carniola Region & Ljubljana & Things to Do in Ljubljana, 4.5, 46.056934, 14.505641, 755547736, 20200501, 20200501, 5.0, A Tripadvisor Member, , d41d8cd98f00b204e9800998ecf8427e, Excellent : 513 & Very Good : 433 & Average : 73 & Poor : 9 & Terrible : 6, /Attraction_Review-g274873-d276332-Reviews-Cathedral_of_St_Nicholas_Stolnica_Sv_Nikolaja-Ljubljana_Upper_Carniola_Region.html
Cathedral of St. Nicholas (Stolnica Sv. Nikolaja), 1, 207, Sacred & Religious Sites, Europe & Slovenia & Upper Carniola Region & Ljubljana & Things to Do in Ljubljana, 4.5, 46.056934, 14.505641, 752685161, 20200401, 20200401, 5.0, vanapong, https://www.tripadvisor.com/Profile/vanapong, 399256386a458ba204bd8eac2efc6ed5, Excellent : 513 & Very Good : 433 & Average : 73 & Poor : 9 & Terrible : 6, /Attraction_Review-g274873-d276332-Reviews-Cathedral_of_St_Nicholas_Stolnica_Sv_Nikolaja-Ljubljana_Upper_Carniola_Region.html
