review_location_name, review_current_page, review_last_page, review_location_type, review_location_breadcrumbs, review_location_rate, location_lat, location_lng, review_id, review_date, review_experience_date, review_rate, user_name, user_link, user_id, extra, parent_url
The Posavje museum Brežice, 2, 13, Specialty Museums, Europe & Slovenia & Lower Carniola Region & Brezice & Things to Do in Brezice, 4.5, 45.90333, 15.59111, 713478724, 20190901, 20190901, 5.0, nadi O o, https://www.tripadvisor.com/Profile/nadioo, da46126437bae4416c0bf8ff0435aa1e, Excellent : 36 & Very Good : 22 & Average : 3 & Poor : 0 & Terrible : 1, /Attraction_Review-g1567720-d2348747-Reviews-The_Posavje_museum_Brezice-Brezice_Lower_Carniola_Region.html
The Posavje museum Brežice, 2, 13, Specialty Museums, Europe & Slovenia & Lower Carniola Region & Brezice & Things to Do in Brezice, 4.5, 45.90333, 15.59111, 707511469, 20190901, 20190901, 5.0, city66vivace, https://www.tripadvisor.com/Profile/city66vivace, 1bd908b996da7b406260b782f00459d2, Excellent : 36 & Very Good : 22 & Average : 3 & Poor : 0 & Terrible : 1, /Attraction_Review-g1567720-d2348747-Reviews-The_Posavje_museum_Brezice-Brezice_Lower_Carniola_Region.html
The Posavje museum Brežice, 2, 13, Specialty Museums, Europe & Slovenia & Lower Carniola Region & Brezice & Things to Do in Brezice, 4.5, 45.90333, 15.59111, 701483014, 20190801, 20190801, 5.0, bagnelli77, https://www.tripadvisor.com/Profile/bagnelli77, d38e02aebe636682237c29b047344380, Excellent : 36 & Very Good : 22 & Average : 3 & Poor : 0 & Terrible : 1, /Attraction_Review-g1567720-d2348747-Reviews-The_Posavje_museum_Brezice-Brezice_Lower_Carniola_Region.html
The Posavje museum Brežice, 2, 13, Specialty Museums, Europe & Slovenia & Lower Carniola Region & Brezice & Things to Do in Brezice, 4.5, 45.90333, 15.59111, 699940829, 20190801, 20190801, 4.0, Jc1412, https://www.tripadvisor.com/Profile/Jc1412, fd4e0b4ed8cf6202b6935f8d7481b47e, Excellent : 36 & Very Good : 22 & Average : 3 & Poor : 0 & Terrible : 1, /Attraction_Review-g1567720-d2348747-Reviews-The_Posavje_museum_Brezice-Brezice_Lower_Carniola_Region.html
The Posavje museum Brežice, 2, 13, Specialty Museums, Europe & Slovenia & Lower Carniola Region & Brezice & Things to Do in Brezice, 4.5, 45.90333, 15.59111, 699866497, 20190801, 20190801, 5.0, Thali02, https://www.tripadvisor.com/Profile/Vandranje, bbd0e47963e7e5fa3c96cd9dddf061ac, Excellent : 36 & Very Good : 22 & Average : 3 & Poor : 0 & Terrible : 1, /Attraction_Review-g1567720-d2348747-Reviews-The_Posavje_museum_Brezice-Brezice_Lower_Carniola_Region.html
