review_location_name, review_current_page, review_last_page, review_location_type, review_location_breadcrumbs, review_location_rate, location_lat, location_lng, review_id, review_date, review_experience_date, review_rate, user_name, user_link, user_id, extra, parent_url
Sacrario dei Caduti di Caporetto, 31, 45, Points of Interest & Landmarks, Europe & Slovenia & Slovenian Littoral Region & Kobarid & Things to Do in Kobarid, 4.5, 46.24709, 13.57934, 395491702, 20160701, 20160701, 3.0, anna n, https://www.tripadvisor.com/Profile/annan126, 6802a4dc83964da80efae0a45445e735, Excellent : 118 & Very Good : 80 & Average : 23 & Poor : 1 & Terrible : 0, /Attraction_Review-g319788-d6754583-Reviews-Sacrario_dei_Caduti_di_Caporetto-Kobarid_Slovenian_Littoral_Region.html
Sacrario dei Caduti di Caporetto, 31, 45, Points of Interest & Landmarks, Europe & Slovenia & Slovenian Littoral Region & Kobarid & Things to Do in Kobarid, 4.5, 46.24709, 13.57934, 390807035, 20160701, 20160501, 4.0, geremia54, https://www.tripadvisor.com/Profile/geremia54, c74f3789bf901518df0057694869a554, Excellent : 118 & Very Good : 80 & Average : 23 & Poor : 1 & Terrible : 0, /Attraction_Review-g319788-d6754583-Reviews-Sacrario_dei_Caduti_di_Caporetto-Kobarid_Slovenian_Littoral_Region.html
Sacrario dei Caduti di Caporetto, 31, 45, Points of Interest & Landmarks, Europe & Slovenia & Slovenian Littoral Region & Kobarid & Things to Do in Kobarid, 4.5, 46.24709, 13.57934, 388956696, 20160701, 20160501, 5.0, Sergio105, https://www.tripadvisor.com/Profile/Sergio105, b9498fbceaae3afc39f0bdbbdff7596f, Excellent : 118 & Very Good : 80 & Average : 23 & Poor : 1 & Terrible : 0, /Attraction_Review-g319788-d6754583-Reviews-Sacrario_dei_Caduti_di_Caporetto-Kobarid_Slovenian_Littoral_Region.html
Sacrario dei Caduti di Caporetto, 31, 45, Points of Interest & Landmarks, Europe & Slovenia & Slovenian Littoral Region & Kobarid & Things to Do in Kobarid, 4.5, 46.24709, 13.57934, 386447677, 20160601, 20160601, 5.0, hankfrost, https://www.tripadvisor.com/Profile/hankfrost, 5671f368dbaa8d59be5094be71fc6358, Excellent : 118 & Very Good : 80 & Average : 23 & Poor : 1 & Terrible : 0, /Attraction_Review-g319788-d6754583-Reviews-Sacrario_dei_Caduti_di_Caporetto-Kobarid_Slovenian_Littoral_Region.html
Sacrario dei Caduti di Caporetto, 31, 45, Points of Interest & Landmarks, Europe & Slovenia & Slovenian Littoral Region & Kobarid & Things to Do in Kobarid, 4.5, 46.24709, 13.57934, 383090811, 20160601, 20160501, 4.0, 75lucv, https://www.tripadvisor.com/Profile/75lucv, e46b0854040cef9817ace623c7774e94, Excellent : 118 & Very Good : 80 & Average : 23 & Poor : 1 & Terrible : 0, /Attraction_Review-g319788-d6754583-Reviews-Sacrario_dei_Caduti_di_Caporetto-Kobarid_Slovenian_Littoral_Region.html
