review_location_name, review_current_page, review_last_page, review_location_type, review_location_breadcrumbs, review_location_rate, location_lat, location_lng, review_id, review_date, review_experience_date, review_rate, user_name, user_link, user_id, extra, parent_url
Postojna Cave, 115, 1259, Caverns & Caves, Europe & Slovenia & Inner Carniola Region & Postojna & Things to Do in Postojna, 4.5, 45.77471, 14.21301, 687001741, 20190701, 20190701, 3.0, Tomáš P, https://www.tripadvisor.com/Profile/SenjOta, 109220149fc3c0b7c4ec76444a803681, Excellent : 4&&437 & Very Good : 1&&394 & Average : 321 & Poor : 91 & Terrible : 48, /Attraction_Review-g274878-d277348-Reviews-Postojna_Cave-Postojna_Inner_Carniola_Region.html
Postojna Cave, 115, 1259, Caverns & Caves, Europe & Slovenia & Inner Carniola Region & Postojna & Things to Do in Postojna, 4.5, 45.77471, 14.21301, 686980996, 20190701, 20190701, 3.0, Wags63, https://www.tripadvisor.com/Profile/Wags63, 205c0740432cb3e01bfb9499f192d101, Excellent : 4&&437 & Very Good : 1&&394 & Average : 321 & Poor : 91 & Terrible : 48, /Attraction_Review-g274878-d277348-Reviews-Postojna_Cave-Postojna_Inner_Carniola_Region.html
Postojna Cave, 115, 1259, Caverns & Caves, Europe & Slovenia & Inner Carniola Region & Postojna & Things to Do in Postojna, 4.5, 45.77471, 14.21301, 686972268, 20190701, 20190701, 3.0, Vanessa, https://www.tripadvisor.com/Profile/Net1110, 95d61360069eb49cd1b922a793941df1, Excellent : 4&&437 & Very Good : 1&&394 & Average : 321 & Poor : 91 & Terrible : 48, /Attraction_Review-g274878-d277348-Reviews-Postojna_Cave-Postojna_Inner_Carniola_Region.html
Postojna Cave, 115, 1259, Caverns & Caves, Europe & Slovenia & Inner Carniola Region & Postojna & Things to Do in Postojna, 4.5, 45.77471, 14.21301, 686936053, 20190701, 20190701, 5.0, Antonello F, https://www.tripadvisor.com/Profile/820antonellof, e054ad3596c83fb50cf3d71111d32ac3, Excellent : 4&&437 & Very Good : 1&&394 & Average : 321 & Poor : 91 & Terrible : 48, /Attraction_Review-g274878-d277348-Reviews-Postojna_Cave-Postojna_Inner_Carniola_Region.html
Postojna Cave, 115, 1259, Caverns & Caves, Europe & Slovenia & Inner Carniola Region & Postojna & Things to Do in Postojna, 4.5, 45.77471, 14.21301, 686766235, 20190701, 20181001, 5.0, Riley K, https://www.tripadvisor.com/Profile/RileyL, 7d5fe532dac6f0a8313f4363b2998706, Excellent : 4&&437 & Very Good : 1&&394 & Average : 321 & Poor : 91 & Terrible : 48, /Attraction_Review-g274878-d277348-Reviews-Postojna_Cave-Postojna_Inner_Carniola_Region.html
