review_location_name, review_current_page, review_last_page, review_location_type, review_location_breadcrumbs, review_location_rate, location_lat, location_lng, review_id, review_date, review_experience_date, review_rate, user_name, user_link, user_id, extra, parent_url
Boka Waterfall, 24, 40, Waterfalls, Europe & Slovenia & Slovenian Littoral Region & Bovec & Things to Do in Bovec, 4.5, 46.33761, 13.55976, 489752207, 20170601, 20170501, 5.0, Niccolò I, https://www.tripadvisor.com/Profile/nipexplorer, 549a23185149800d0426a67e00d691eb, Excellent : 109 & Very Good : 56 & Average : 29 & Poor : 4 & Terrible : 1, /Attraction_Review-g274866-d8263935-Reviews-Boka_Waterfall-Bovec_Slovenian_Littoral_Region.html
Boka Waterfall, 24, 40, Waterfalls, Europe & Slovenia & Slovenian Littoral Region & Bovec & Things to Do in Bovec, 4.5, 46.33761, 13.55976, 483511982, 20170501, 20160601, 5.0, Gabriella V, https://www.tripadvisor.com/Profile/292gabriellav, 8df9ee10796aca7947adbed315eb5eca, Excellent : 109 & Very Good : 56 & Average : 29 & Poor : 4 & Terrible : 1, /Attraction_Review-g274866-d8263935-Reviews-Boka_Waterfall-Bovec_Slovenian_Littoral_Region.html
Boka Waterfall, 24, 40, Waterfalls, Europe & Slovenia & Slovenian Littoral Region & Bovec & Things to Do in Bovec, 4.5, 46.33761, 13.55976, 479104314, 20170401, 20170401, 4.0, stefan0siena, https://www.tripadvisor.com/Profile/stefan0siena, 3101c668ce1b2a4bc7eeb12fab8ddab3, Excellent : 109 & Very Good : 56 & Average : 29 & Poor : 4 & Terrible : 1, /Attraction_Review-g274866-d8263935-Reviews-Boka_Waterfall-Bovec_Slovenian_Littoral_Region.html
Boka Waterfall, 24, 40, Waterfalls, Europe & Slovenia & Slovenian Littoral Region & Bovec & Things to Do in Bovec, 4.5, 46.33761, 13.55976, 461660040, 20170201, 20160801, 4.0, Fabio A, https://www.tripadvisor.com/Profile/Cattivik65, 34eb523cc266750662db187b86a25021, Excellent : 109 & Very Good : 56 & Average : 29 & Poor : 4 & Terrible : 1, /Attraction_Review-g274866-d8263935-Reviews-Boka_Waterfall-Bovec_Slovenian_Littoral_Region.html
Boka Waterfall, 24, 40, Waterfalls, Europe & Slovenia & Slovenian Littoral Region & Bovec & Things to Do in Bovec, 4.5, 46.33761, 13.55976, 461400305, 20170201, 20160801, 5.0, Pri Florjanu, https://www.tripadvisor.com/Profile/priflorjanu, c68a2d5537ed7c5e539459c8523157bb, Excellent : 109 & Very Good : 56 & Average : 29 & Poor : 4 & Terrible : 1, /Attraction_Review-g274866-d8263935-Reviews-Boka_Waterfall-Bovec_Slovenian_Littoral_Region.html
