review_location_name, review_current_page, review_last_page, review_location_type, review_location_breadcrumbs, review_location_rate, location_lat, location_lng, review_id, review_date, review_experience_date, review_rate, user_name, user_link, user_id, extra, parent_url
Mozirski Gaj, 5, 10, Points of Interest & Landmarks & Parks & Playgrounds, Europe & Slovenia & Styria Region & Mozirje & Things to Do in Mozirje, 4.5, 46.339344, 14.959985, 524530404, 20170901, 20170901, 3.0, dan b, https://www.tripadvisor.com/Profile/danbO6627MC, dab324ca7fb105b56dd97c0f951c280f, Excellent : 26 & Very Good : 14 & Average : 5 & Poor : 2 & Terrible : 0, /Attraction_Review-g1773813-d4747615-Reviews-Mozirski_Gaj-Mozirje_Styria_Region.html
Mozirski Gaj, 5, 10, Points of Interest & Landmarks & Parks & Playgrounds, Europe & Slovenia & Styria Region & Mozirje & Things to Do in Mozirje, 4.5, 46.339344, 14.959985, 497422549, 20170601, 20170601, 3.0, Martin, https://www.tripadvisor.com/Profile/ml720834, df415e40d57a08b2b514349f19a3afc1, Excellent : 26 & Very Good : 14 & Average : 5 & Poor : 2 & Terrible : 0, /Attraction_Review-g1773813-d4747615-Reviews-Mozirski_Gaj-Mozirje_Styria_Region.html
Mozirski Gaj, 5, 10, Points of Interest & Landmarks & Parks & Playgrounds, Europe & Slovenia & Styria Region & Mozirje & Things to Do in Mozirje, 4.5, 46.339344, 14.959985, 491011190, 20170601, 20170601, 4.0, Gerben P, https://www.tripadvisor.com/Profile/48gerbenp, b6d9adf8e980e9ba60d4d5bb76fe91cf, Excellent : 26 & Very Good : 14 & Average : 5 & Poor : 2 & Terrible : 0, /Attraction_Review-g1773813-d4747615-Reviews-Mozirski_Gaj-Mozirje_Styria_Region.html
Mozirski Gaj, 5, 10, Points of Interest & Landmarks & Parks & Playgrounds, Europe & Slovenia & Styria Region & Mozirje & Things to Do in Mozirje, 4.5, 46.339344, 14.959985, 488091523, 20170501, 20170501, 4.0, Alessandro S, https://www.tripadvisor.com/Profile/P5233XPalessandros, aef724755e43fe8ab53a1c3459697b18, Excellent : 26 & Very Good : 14 & Average : 5 & Poor : 2 & Terrible : 0, /Attraction_Review-g1773813-d4747615-Reviews-Mozirski_Gaj-Mozirje_Styria_Region.html
Mozirski Gaj, 5, 10, Points of Interest & Landmarks & Parks & Playgrounds, Europe & Slovenia & Styria Region & Mozirje & Things to Do in Mozirje, 4.5, 46.339344, 14.959985, 481368388, 20170501, 20170501, 5.0, Kristina K, https://www.tripadvisor.com/Profile/317kristinak, 8928ac49075efcd50ee9cf764accd7af, Excellent : 26 & Very Good : 14 & Average : 5 & Poor : 2 & Terrible : 0, /Attraction_Review-g1773813-d4747615-Reviews-Mozirski_Gaj-Mozirje_Styria_Region.html
