review_location_name, review_current_page, review_last_page, review_location_type, review_location_breadcrumbs, review_location_rate, location_lat, location_lng, review_id, review_date, review_experience_date, review_rate, user_name, user_link, user_id, extra, parent_url
Cathedral of St. Nicholas (Stolnica Sv. Nikolaja), 188, 207, Sacred & Religious Sites, Europe & Slovenia & Upper Carniola Region & Ljubljana & Things to Do in Ljubljana, 4.5, 46.056934, 14.505641, 211043062, 20140601, 20140601, 3.0, Marti C, https://www.tripadvisor.com/Profile/Wombat999, 5b4f7a148dcd76f4f1c3c3eaa2f6d94e, Excellent : 513 & Very Good : 433 & Average : 73 & Poor : 9 & Terrible : 6, /Attraction_Review-g274873-d276332-Reviews-Cathedral_of_St_Nicholas_Stolnica_Sv_Nikolaja-Ljubljana_Upper_Carniola_Region.html
Cathedral of St. Nicholas (Stolnica Sv. Nikolaja), 188, 207, Sacred & Religious Sites, Europe & Slovenia & Upper Carniola Region & Ljubljana & Things to Do in Ljubljana, 4.5, 46.056934, 14.505641, 209834655, 20140601, 20140601, 3.0, Marcella C, https://www.tripadvisor.com/Profile/marcellac233, 9e9ad2f7688223ff6ef236119d519582, Excellent : 513 & Very Good : 433 & Average : 73 & Poor : 9 & Terrible : 6, /Attraction_Review-g274873-d276332-Reviews-Cathedral_of_St_Nicholas_Stolnica_Sv_Nikolaja-Ljubljana_Upper_Carniola_Region.html
Cathedral of St. Nicholas (Stolnica Sv. Nikolaja), 188, 207, Sacred & Religious Sites, Europe & Slovenia & Upper Carniola Region & Ljubljana & Things to Do in Ljubljana, 4.5, 46.056934, 14.505641, 209369049, 20140601, 20140501, 5.0, AllanChg, https://www.tripadvisor.com/Profile/AllanChg, 19a4b10694e1d0a70f1a3e5396de143d, Excellent : 513 & Very Good : 433 & Average : 73 & Poor : 9 & Terrible : 6, /Attraction_Review-g274873-d276332-Reviews-Cathedral_of_St_Nicholas_Stolnica_Sv_Nikolaja-Ljubljana_Upper_Carniola_Region.html
Cathedral of St. Nicholas (Stolnica Sv. Nikolaja), 188, 207, Sacred & Religious Sites, Europe & Slovenia & Upper Carniola Region & Ljubljana & Things to Do in Ljubljana, 4.5, 46.056934, 14.505641, 208578254, 20140601, 20140501, 4.0, Senna1757, https://www.tripadvisor.com/Profile/Senna1757, 9d17063c46596dd0bfd52d8c3efe8ed9, Excellent : 513 & Very Good : 433 & Average : 73 & Poor : 9 & Terrible : 6, /Attraction_Review-g274873-d276332-Reviews-Cathedral_of_St_Nicholas_Stolnica_Sv_Nikolaja-Ljubljana_Upper_Carniola_Region.html
Cathedral of St. Nicholas (Stolnica Sv. Nikolaja), 188, 207, Sacred & Religious Sites, Europe & Slovenia & Upper Carniola Region & Ljubljana & Things to Do in Ljubljana, 4.5, 46.056934, 14.505641, 208521721, 20140601, 20140501, 4.0, robertspet8, https://www.tripadvisor.com/Profile/robertspet8, f12b62ffde194944161dd670550c0a1e, Excellent : 513 & Very Good : 433 & Average : 73 & Poor : 9 & Terrible : 6, /Attraction_Review-g274873-d276332-Reviews-Cathedral_of_St_Nicholas_Stolnica_Sv_Nikolaja-Ljubljana_Upper_Carniola_Region.html
