review_location_name, review_current_page, review_last_page, review_location_type, review_location_breadcrumbs, review_location_rate, location_lat, location_lng, review_id, review_date, review_experience_date, review_rate, user_name, user_link, user_id, extra, parent_url
Triglav National Park, 4, 111, National Parks & Hiking Trails, Europe & Slovenia & Upper Carniola Region & Bled & Things to Do in Bled, 5.0, 46.36917, 14.113181, 720240331, 20191001, 20191001, 5.0, ciaobella79, https://www.tripadvisor.com/Profile/ciaobella79, e446018cb8d4683a5cb4f4fe61268a48, Excellent : 486 & Very Good : 58 & Average : 6 & Poor : 0 & Terrible : 2, /Attraction_Review-g274863-d276476-Reviews-Triglav_National_Park-Bled_Upper_Carniola_Region.html
Triglav National Park, 4, 111, National Parks & Hiking Trails, Europe & Slovenia & Upper Carniola Region & Bled & Things to Do in Bled, 5.0, 46.36917, 14.113181, 719598666, 20191001, 20191001, 5.0, AndreaM, https://www.tripadvisor.com/Profile/AndreaLadybird, 12157ce974305adb52370d3a14c29b8d, Excellent : 486 & Very Good : 58 & Average : 6 & Poor : 0 & Terrible : 2, /Attraction_Review-g274863-d276476-Reviews-Triglav_National_Park-Bled_Upper_Carniola_Region.html
Triglav National Park, 4, 111, National Parks & Hiking Trails, Europe & Slovenia & Upper Carniola Region & Bled & Things to Do in Bled, 5.0, 46.36917, 14.113181, 716583584, 20191001, 20190801, 5.0, Iveta Š, https://www.tripadvisor.com/Profile/490iveta_, 7dbbcab8cbac3a2be90902b872530fc0, Excellent : 486 & Very Good : 58 & Average : 6 & Poor : 0 & Terrible : 2, /Attraction_Review-g274863-d276476-Reviews-Triglav_National_Park-Bled_Upper_Carniola_Region.html
Triglav National Park, 4, 111, National Parks & Hiking Trails, Europe & Slovenia & Upper Carniola Region & Bled & Things to Do in Bled, 5.0, 46.36917, 14.113181, 716528346, 20191001, 20190901, 5.0, olvrvntrnht, https://www.tripadvisor.com/Profile/olvrvntrnht, 21f669fff4e5ac51bf40722e432fb9f4, Excellent : 486 & Very Good : 58 & Average : 6 & Poor : 0 & Terrible : 2, /Attraction_Review-g274863-d276476-Reviews-Triglav_National_Park-Bled_Upper_Carniola_Region.html
Triglav National Park, 4, 111, National Parks & Hiking Trails, Europe & Slovenia & Upper Carniola Region & Bled & Things to Do in Bled, 5.0, 46.36917, 14.113181, 716110776, 20191001, 20191001, 5.0, Chris L, https://www.tripadvisor.com/Profile/chrislH6898GN, 5ef4474fae2dcdd282524a5f0f4499a1, Excellent : 486 & Very Good : 58 & Average : 6 & Poor : 0 & Terrible : 2, /Attraction_Review-g274863-d276476-Reviews-Triglav_National_Park-Bled_Upper_Carniola_Region.html
