review_location_name, review_current_page, review_last_page, review_location_type, review_location_breadcrumbs, review_location_rate, location_lat, location_lng, review_id, review_date, review_experience_date, review_rate, user_name, user_link, user_id, extra, parent_url
The Ljubljana Castle, 1214, 1617, Points of Interest & Landmarks & Castles, Europe & Slovenia & Upper Carniola Region & Ljubljana & Things to Do in Ljubljana, 4.0, 46.056934, 14.505641, 309949888, 20150901, 20150601, 5.0, tarad32530, https://www.tripadvisor.com/Profile/tarad32530, d1f295a550da90780f42c6612cbc043d, Excellent : 2&&692 & Very Good : 3&&089 & Average : 1&&712 & Poor : 436 & Terrible : 155, /Attraction_Review-g274873-d6924839-Reviews-The_Ljubljana_Castle-Ljubljana_Upper_Carniola_Region.html
The Ljubljana Castle, 1214, 1617, Points of Interest & Landmarks & Castles, Europe & Slovenia & Upper Carniola Region & Ljubljana & Things to Do in Ljubljana, 4.0, 46.056934, 14.505641, 309945344, 20150901, 20150701, 5.0, Josip K, https://www.tripadvisor.com/Profile/J0sipK, 54364dd5bb6c55a3a82da901f2efb5c9, Excellent : 2&&692 & Very Good : 3&&089 & Average : 1&&712 & Poor : 436 & Terrible : 155, /Attraction_Review-g274873-d6924839-Reviews-The_Ljubljana_Castle-Ljubljana_Upper_Carniola_Region.html
The Ljubljana Castle, 1214, 1617, Points of Interest & Landmarks & Castles, Europe & Slovenia & Upper Carniola Region & Ljubljana & Things to Do in Ljubljana, 4.0, 46.056934, 14.505641, 309938607, 20150901, 20150901, 3.0, Linnbada, https://www.tripadvisor.com/Profile/Linnbada, 34d5ccdab8b8ec4b29a7710834c28e0e, Excellent : 2&&692 & Very Good : 3&&089 & Average : 1&&712 & Poor : 436 & Terrible : 155, /Attraction_Review-g274873-d6924839-Reviews-The_Ljubljana_Castle-Ljubljana_Upper_Carniola_Region.html
The Ljubljana Castle, 1214, 1617, Points of Interest & Landmarks & Castles, Europe & Slovenia & Upper Carniola Region & Ljubljana & Things to Do in Ljubljana, 4.0, 46.056934, 14.505641, 309923919, 20150901, 20150901, 4.0, TPietscher, https://www.tripadvisor.com/Profile/TPietscher, d9a8ba31c19ba2a63150cc5c46ec3a6b, Excellent : 2&&692 & Very Good : 3&&089 & Average : 1&&712 & Poor : 436 & Terrible : 155, /Attraction_Review-g274873-d6924839-Reviews-The_Ljubljana_Castle-Ljubljana_Upper_Carniola_Region.html
The Ljubljana Castle, 1214, 1617, Points of Interest & Landmarks & Castles, Europe & Slovenia & Upper Carniola Region & Ljubljana & Things to Do in Ljubljana, 4.0, 46.056934, 14.505641, 309850232, 20150901, 20150901, 4.0, amdgriggs, https://www.tripadvisor.com/Profile/amdgriggs, d7e842094fd20cc9252ba3705b02f954, Excellent : 2&&692 & Very Good : 3&&089 & Average : 1&&712 & Poor : 436 & Terrible : 155, /Attraction_Review-g274873-d6924839-Reviews-The_Ljubljana_Castle-Ljubljana_Upper_Carniola_Region.html
