review_location_name, review_current_page, review_last_page, review_location_type, review_location_breadcrumbs, review_location_rate, location_lat, location_lng, review_id, review_date, review_experience_date, review_rate, user_name, user_link, user_id, extra, parent_url
Ojstrica, 13, 21, Lookouts, Europe & Slovenia & Upper Carniola Region & Bled & Things to Do in Bled, 5.0, 46.36917, 14.113181, 615481194, 20180901, 20180601, 4.0, Ian M, https://www.tripadvisor.com/Profile/IanM238, a821d589a8fd739730470e1be4186d9c, Excellent : 80 & Very Good : 22 & Average : 0 & Poor : 0 & Terrible : 0, /Attraction_Review-g274863-d12863880-Reviews-Ojstrica-Bled_Upper_Carniola_Region.html
Ojstrica, 13, 21, Lookouts, Europe & Slovenia & Upper Carniola Region & Bled & Things to Do in Bled, 5.0, 46.36917, 14.113181, 615296766, 20180901, 20180901, 5.0, ababep, https://www.tripadvisor.com/Profile/ababep, c1d5e8c7c525b8a030ef4c6cf8946cc3, Excellent : 80 & Very Good : 22 & Average : 0 & Poor : 0 & Terrible : 0, /Attraction_Review-g274863-d12863880-Reviews-Ojstrica-Bled_Upper_Carniola_Region.html
Ojstrica, 13, 21, Lookouts, Europe & Slovenia & Upper Carniola Region & Bled & Things to Do in Bled, 5.0, 46.36917, 14.113181, 614858227, 20180901, 20180801, 4.0, COCA F, https://www.tripadvisor.com/Profile/oscaranalex, 6f9d2245ccb0038f23e6b0d38fa5bb9d, Excellent : 80 & Very Good : 22 & Average : 0 & Poor : 0 & Terrible : 0, /Attraction_Review-g274863-d12863880-Reviews-Ojstrica-Bled_Upper_Carniola_Region.html
Ojstrica, 13, 21, Lookouts, Europe & Slovenia & Upper Carniola Region & Bled & Things to Do in Bled, 5.0, 46.36917, 14.113181, 614021436, 20180901, 20180901, 5.0, ashleyB_187, https://www.tripadvisor.com/Profile/ashleyB_187, d8c7fdbf33fd8238807b295084215cb4, Excellent : 80 & Very Good : 22 & Average : 0 & Poor : 0 & Terrible : 0, /Attraction_Review-g274863-d12863880-Reviews-Ojstrica-Bled_Upper_Carniola_Region.html
Ojstrica, 13, 21, Lookouts, Europe & Slovenia & Upper Carniola Region & Bled & Things to Do in Bled, 5.0, 46.36917, 14.113181, 613714264, 20180901, 20180801, 5.0, Elenanelena, https://www.tripadvisor.com/Profile/Elenanelena, 0a46e2d8351edd3095f40f9485d544a3, Excellent : 80 & Very Good : 22 & Average : 0 & Poor : 0 & Terrible : 0, /Attraction_Review-g274863-d12863880-Reviews-Ojstrica-Bled_Upper_Carniola_Region.html
