review_location_name, review_current_page, review_last_page, review_location_type, review_location_breadcrumbs, review_location_rate, location_lat, location_lng, review_id, review_date, review_experience_date, review_rate, user_name, user_link, user_id, extra, parent_url
Metelkova, 67, 162, Neighborhoods, Europe & Slovenia & Upper Carniola Region & Ljubljana & Things to Do in Ljubljana, 4.0, 46.056934, 14.505641, 474049676, 20170401, 20170401, 4.0, saml0ck, https://www.tripadvisor.com/Profile/saml0ck, d492f0b4f23ba752b096c23ce896ecd1, Excellent : 360 & Very Good : 283 & Average : 103 & Poor : 37 & Terrible : 23, /Attraction_Review-g274873-d734854-Reviews-Metelkova-Ljubljana_Upper_Carniola_Region.html
Metelkova, 67, 162, Neighborhoods, Europe & Slovenia & Upper Carniola Region & Ljubljana & Things to Do in Ljubljana, 4.0, 46.056934, 14.505641, 472788358, 20170401, 20170301, 4.0, Jess S, https://www.tripadvisor.com/Profile/jess_stetson, 8e97730e17ca8f6bde269f23542fd1b7, Excellent : 360 & Very Good : 283 & Average : 103 & Poor : 37 & Terrible : 23, /Attraction_Review-g274873-d734854-Reviews-Metelkova-Ljubljana_Upper_Carniola_Region.html
Metelkova, 67, 162, Neighborhoods, Europe & Slovenia & Upper Carniola Region & Ljubljana & Things to Do in Ljubljana, 4.0, 46.056934, 14.505641, 472203376, 20170401, 20170401, 5.0, thomaskK7929XB, https://www.tripadvisor.com/Profile/thomaskK7929XB, 29cf85ed8750ca51b0d923f3b6ae9e0c, Excellent : 360 & Very Good : 283 & Average : 103 & Poor : 37 & Terrible : 23, /Attraction_Review-g274873-d734854-Reviews-Metelkova-Ljubljana_Upper_Carniola_Region.html
Metelkova, 67, 162, Neighborhoods, Europe & Slovenia & Upper Carniola Region & Ljubljana & Things to Do in Ljubljana, 4.0, 46.056934, 14.505641, 471414636, 20170301, 20170301, 4.0, Joel Futerman, https://www.tripadvisor.com/Profile/joelfuterman, 355be949e462c64f0a4f6b6a6f783b2a, Excellent : 360 & Very Good : 283 & Average : 103 & Poor : 37 & Terrible : 23, /Attraction_Review-g274873-d734854-Reviews-Metelkova-Ljubljana_Upper_Carniola_Region.html
Metelkova, 67, 162, Neighborhoods, Europe & Slovenia & Upper Carniola Region & Ljubljana & Things to Do in Ljubljana, 4.0, 46.056934, 14.505641, 469223159, 20170301, 20161201, 4.0, motorhead76, https://www.tripadvisor.com/Profile/motorhead76, f56bde8a53dd52cd96eb49a72e898c41, Excellent : 360 & Very Good : 283 & Average : 103 & Poor : 37 & Terrible : 23, /Attraction_Review-g274873-d734854-Reviews-Metelkova-Ljubljana_Upper_Carniola_Region.html
