review_location_name, review_current_page, review_last_page, review_location_type, review_location_breadcrumbs, review_location_rate, location_lat, location_lng, review_id, review_date, review_experience_date, review_rate, user_name, user_link, user_id, extra, parent_url
Straza Bled, 104, 114, Nature & Wildlife Areas & Ski & Snowboard Areas, Europe & Slovenia & Upper Carniola Region & Bled & Things to Do in Bled, 4.5, 46.36917, 14.113181, 219930064, 20140801, 20140801, 5.0, Cooogz, https://www.tripadvisor.com/Profile/Cooogz, d0cad1b3f38e1eb42dd91488690e50a8, Excellent : 344 & Very Good : 153 & Average : 36 & Poor : 14 & Terrible : 19, /Attraction_Review-g274863-d4501625-Reviews-Straza_Bled-Bled_Upper_Carniola_Region.html
Straza Bled, 104, 114, Nature & Wildlife Areas & Ski & Snowboard Areas, Europe & Slovenia & Upper Carniola Region & Bled & Things to Do in Bled, 4.5, 46.36917, 14.113181, 218999573, 20140801, 20140801, 5.0, TheBigMuffin, https://www.tripadvisor.com/Profile/TheBigMuffin, 0332e25930b6f7cd6a72c214ead3267f, Excellent : 344 & Very Good : 153 & Average : 36 & Poor : 14 & Terrible : 19, /Attraction_Review-g274863-d4501625-Reviews-Straza_Bled-Bled_Upper_Carniola_Region.html
Straza Bled, 104, 114, Nature & Wildlife Areas & Ski & Snowboard Areas, Europe & Slovenia & Upper Carniola Region & Bled & Things to Do in Bled, 4.5, 46.36917, 14.113181, 218533222, 20140701, 20140701, 4.0, Wez74, https://www.tripadvisor.com/Profile/Wez74, e4973a38cf44e0547cac8a1b5ac4543b, Excellent : 344 & Very Good : 153 & Average : 36 & Poor : 14 & Terrible : 19, /Attraction_Review-g274863-d4501625-Reviews-Straza_Bled-Bled_Upper_Carniola_Region.html
Straza Bled, 104, 114, Nature & Wildlife Areas & Ski & Snowboard Areas, Europe & Slovenia & Upper Carniola Region & Bled & Things to Do in Bled, 4.5, 46.36917, 14.113181, 218496679, 20140701, 20140701, 3.0, TeaPot888, https://www.tripadvisor.com/Profile/TeaPot888, de63dbf520071cffe69aae695eb4b6e9, Excellent : 344 & Very Good : 153 & Average : 36 & Poor : 14 & Terrible : 19, /Attraction_Review-g274863-d4501625-Reviews-Straza_Bled-Bled_Upper_Carniola_Region.html
Straza Bled, 104, 114, Nature & Wildlife Areas & Ski & Snowboard Areas, Europe & Slovenia & Upper Carniola Region & Bled & Things to Do in Bled, 4.5, 46.36917, 14.113181, 217177007, 20140701, 20140701, 5.0, Maryna Y, https://www.tripadvisor.com/Profile/598marynay, d6f891a543a68edbd3f02e262f20fd58, Excellent : 344 & Very Good : 153 & Average : 36 & Poor : 14 & Terrible : 19, /Attraction_Review-g274863-d4501625-Reviews-Straza_Bled-Bled_Upper_Carniola_Region.html
