review_location_name, review_current_page, review_last_page, review_location_type, review_location_breadcrumbs, review_location_rate, location_lat, location_lng, review_id, review_date, review_experience_date, review_rate, user_name, user_link, user_id, extra, parent_url
Tivoli Park, 201, 291, Parks, Europe & Slovenia & Upper Carniola Region & Ljubljana & Things to Do in Ljubljana, 4.5, 46.056934, 14.505641, 342249405, 20160101, 20150801, 5.0, fede_simo, https://www.tripadvisor.com/Profile/fede_simo_223, ef624986974f5283c7e5fa0b598c9d3c, Excellent : 754 & Very Good : 536 & Average : 137 & Poor : 19 & Terrible : 5, /Attraction_Review-g274873-d298650-Reviews-Tivoli_Park-Ljubljana_Upper_Carniola_Region.html
Tivoli Park, 201, 291, Parks, Europe & Slovenia & Upper Carniola Region & Ljubljana & Things to Do in Ljubljana, 4.5, 46.056934, 14.505641, 341922260, 20160101, 20160101, 5.0, Riccardo Z, https://www.tripadvisor.com/Profile/RZannoni, a4dbe96aaee52bb56d8468d496c6fb66, Excellent : 754 & Very Good : 536 & Average : 137 & Poor : 19 & Terrible : 5, /Attraction_Review-g274873-d298650-Reviews-Tivoli_Park-Ljubljana_Upper_Carniola_Region.html
Tivoli Park, 201, 291, Parks, Europe & Slovenia & Upper Carniola Region & Ljubljana & Things to Do in Ljubljana, 4.5, 46.056934, 14.505641, 338953018, 20160101, 20150701, 4.0, Hcap86, https://www.tripadvisor.com/Profile/Hcap86, 3260de7bff01ec1174aa2ad053a8155e, Excellent : 754 & Very Good : 536 & Average : 137 & Poor : 19 & Terrible : 5, /Attraction_Review-g274873-d298650-Reviews-Tivoli_Park-Ljubljana_Upper_Carniola_Region.html
Tivoli Park, 201, 291, Parks, Europe & Slovenia & Upper Carniola Region & Ljubljana & Things to Do in Ljubljana, 4.5, 46.056934, 14.505641, 338607782, 20160101, 20160101, 3.0, Simone M, https://www.tripadvisor.com/Profile/simonemP9801WS, 030bf5b8e2358077b9ac2da6b318390b, Excellent : 754 & Very Good : 536 & Average : 137 & Poor : 19 & Terrible : 5, /Attraction_Review-g274873-d298650-Reviews-Tivoli_Park-Ljubljana_Upper_Carniola_Region.html
Tivoli Park, 201, 291, Parks, Europe & Slovenia & Upper Carniola Region & Ljubljana & Things to Do in Ljubljana, 4.5, 46.056934, 14.505641, 338115656, 20160101, 20150601, 5.0, vesna g, https://www.tripadvisor.com/Profile/744vesnag, c385720ebb815f48d8d5b123b97b1429, Excellent : 754 & Very Good : 536 & Average : 137 & Poor : 19 & Terrible : 5, /Attraction_Review-g274873-d298650-Reviews-Tivoli_Park-Ljubljana_Upper_Carniola_Region.html
