review_location_name, review_current_page, review_last_page, review_location_type, review_location_breadcrumbs, review_location_rate, location_lat, location_lng, review_id, review_date, review_experience_date, review_rate, user_name, user_link, user_id, extra, parent_url
Plecnik House, 15, 22, Historic Sites, Europe & Slovenia & Upper Carniola Region & Ljubljana & Things to Do in Ljubljana, 4.5, 46.056934, 14.505641, 500033049, 20170701, 20170601, 3.0, CircleTheWorld, https://www.tripadvisor.com/Profile/CircleTheWorld, 987e3297da90e21d136d6f12d352fe58, Excellent : 79 & Very Good : 23 & Average : 6 & Poor : 1 & Terrible : 1, /Attraction_Review-g274873-d523476-Reviews-Plecnik_House-Ljubljana_Upper_Carniola_Region.html
Plecnik House, 15, 22, Historic Sites, Europe & Slovenia & Upper Carniola Region & Ljubljana & Things to Do in Ljubljana, 4.5, 46.056934, 14.505641, 497909334, 20170701, 20170601, 4.0, MMG03, https://www.tripadvisor.com/Profile/MMG03, 3eebe588a5699cde42527565728d4733, Excellent : 79 & Very Good : 23 & Average : 6 & Poor : 1 & Terrible : 1, /Attraction_Review-g274873-d523476-Reviews-Plecnik_House-Ljubljana_Upper_Carniola_Region.html
Plecnik House, 15, 22, Historic Sites, Europe & Slovenia & Upper Carniola Region & Ljubljana & Things to Do in Ljubljana, 4.5, 46.056934, 14.505641, 493762115, 20170601, 20170501, 4.0, SFBzoo, https://www.tripadvisor.com/Profile/SFBzoo, 6a28bede3d2114ae44a46ffbd49443e0, Excellent : 79 & Very Good : 23 & Average : 6 & Poor : 1 & Terrible : 1, /Attraction_Review-g274873-d523476-Reviews-Plecnik_House-Ljubljana_Upper_Carniola_Region.html
Plecnik House, 15, 22, Historic Sites, Europe & Slovenia & Upper Carniola Region & Ljubljana & Things to Do in Ljubljana, 4.5, 46.056934, 14.505641, 487761963, 20170501, 20170501, 5.0, Love-travel-NYker, https://www.tripadvisor.com/Profile/Love-travel-NYker, faf52c59cd3d2ab06c2e817153201981, Excellent : 79 & Very Good : 23 & Average : 6 & Poor : 1 & Terrible : 1, /Attraction_Review-g274873-d523476-Reviews-Plecnik_House-Ljubljana_Upper_Carniola_Region.html
Plecnik House, 15, 22, Historic Sites, Europe & Slovenia & Upper Carniola Region & Ljubljana & Things to Do in Ljubljana, 4.5, 46.056934, 14.505641, 485057200, 20170501, 20170501, 4.0, laurent T, https://www.tripadvisor.com/Profile/953laurentt, 69154d2c669e26d60308c238184590f4, Excellent : 79 & Very Good : 23 & Average : 6 & Poor : 1 & Terrible : 1, /Attraction_Review-g274873-d523476-Reviews-Plecnik_House-Ljubljana_Upper_Carniola_Region.html
