review_location_name, review_current_page, review_last_page, review_location_type, review_location_breadcrumbs, review_location_rate, location_lat, location_lng, review_id, review_date, review_experience_date, review_rate, user_name, user_link, user_id, extra, parent_url
Lake Bled, 995, 1892, Bodies of Water, Europe & Slovenia & Upper Carniola Region & Bled & Things to Do in Bled, 4.5, 46.36917, 14.113181, 403721290, 20160801, 20160801, 4.0, stefano810, https://www.tripadvisor.com/Profile/stefano810, 598de02f161c87f90e6a39c5fc70140c, Excellent : 7&&297 & Very Good : 1&&731 & Average : 344 & Poor : 50 & Terrible : 35, /Attraction_Review-g274863-d296735-Reviews-Lake_Bled-Bled_Upper_Carniola_Region.html
Lake Bled, 995, 1892, Bodies of Water, Europe & Slovenia & Upper Carniola Region & Bled & Things to Do in Bled, 4.5, 46.36917, 14.113181, 403675701, 20160801, 20160801, 5.0, Paolo J, https://www.tripadvisor.com/Profile/paoloj799, 07a452f7138425f8df64be5661c0b7c3, Excellent : 7&&297 & Very Good : 1&&731 & Average : 344 & Poor : 50 & Terrible : 35, /Attraction_Review-g274863-d296735-Reviews-Lake_Bled-Bled_Upper_Carniola_Region.html
Lake Bled, 995, 1892, Bodies of Water, Europe & Slovenia & Upper Carniola Region & Bled & Things to Do in Bled, 4.5, 46.36917, 14.113181, 403613495, 20160801, 20160701, 5.0, lucygwillis, https://www.tripadvisor.com/Profile/lucygwillis, dac1806698f4cfa2d261d20f692893cd, Excellent : 7&&297 & Very Good : 1&&731 & Average : 344 & Poor : 50 & Terrible : 35, /Attraction_Review-g274863-d296735-Reviews-Lake_Bled-Bled_Upper_Carniola_Region.html
Lake Bled, 995, 1892, Bodies of Water, Europe & Slovenia & Upper Carniola Region & Bled & Things to Do in Bled, 4.5, 46.36917, 14.113181, 403588860, 20160801, 20160801, 3.0, persueder, https://www.tripadvisor.com/Profile/persueder, de684ca30492f2c0eaf932078fa66f5c, Excellent : 7&&297 & Very Good : 1&&731 & Average : 344 & Poor : 50 & Terrible : 35, /Attraction_Review-g274863-d296735-Reviews-Lake_Bled-Bled_Upper_Carniola_Region.html
Lake Bled, 995, 1892, Bodies of Water, Europe & Slovenia & Upper Carniola Region & Bled & Things to Do in Bled, 4.5, 46.36917, 14.113181, 403571100, 20160801, 20160801, 3.0, jml52, https://www.tripadvisor.com/Profile/jml52, 9dd6abe7c65096398c21ddf6e905ec12, Excellent : 7&&297 & Very Good : 1&&731 & Average : 344 & Poor : 50 & Terrible : 35, /Attraction_Review-g274863-d296735-Reviews-Lake_Bled-Bled_Upper_Carniola_Region.html
