review_location_name, review_current_page, review_last_page, review_location_type, review_location_breadcrumbs, review_location_rate, location_lat, location_lng, review_id, review_date, review_experience_date, review_rate, user_name, user_link, user_id, extra, parent_url
Triglav National Park, 19, 111, National Parks & Hiking Trails, Europe & Slovenia & Upper Carniola Region & Bled & Things to Do in Bled, 5.0, 46.36917, 14.113181, 645710290, 20190101, 20190101, 5.0, Sam W, https://www.tripadvisor.com/Profile/samwH2304RZ, b7cc90cefaa5fae01c6f9976a056d0b3, Excellent : 486 & Very Good : 58 & Average : 6 & Poor : 0 & Terrible : 2, /Attraction_Review-g274863-d276476-Reviews-Triglav_National_Park-Bled_Upper_Carniola_Region.html
Triglav National Park, 19, 111, National Parks & Hiking Trails, Europe & Slovenia & Upper Carniola Region & Bled & Things to Do in Bled, 5.0, 46.36917, 14.113181, 645328857, 20190101, 20180901, 5.0, Aleksandar, https://www.tripadvisor.com/Profile/a1eksandar, e34ec732630478335d4e03793939dcb0, Excellent : 486 & Very Good : 58 & Average : 6 & Poor : 0 & Terrible : 2, /Attraction_Review-g274863-d276476-Reviews-Triglav_National_Park-Bled_Upper_Carniola_Region.html
Triglav National Park, 19, 111, National Parks & Hiking Trails, Europe & Slovenia & Upper Carniola Region & Bled & Things to Do in Bled, 5.0, 46.36917, 14.113181, 645175370, 20190101, 20181001, 5.0, farrell, https://www.tripadvisor.com/Profile/904farrells, 3a885ce2e68ba1545265df89cd11ebe8, Excellent : 486 & Very Good : 58 & Average : 6 & Poor : 0 & Terrible : 2, /Attraction_Review-g274863-d276476-Reviews-Triglav_National_Park-Bled_Upper_Carniola_Region.html
Triglav National Park, 19, 111, National Parks & Hiking Trails, Europe & Slovenia & Upper Carniola Region & Bled & Things to Do in Bled, 5.0, 46.36917, 14.113181, 644628815, 20190101, 20180901, 5.0, PAtravel26, https://www.tripadvisor.com/Profile/PAtravel26, ce9f74a1b61d70fe694c275277e55237, Excellent : 486 & Very Good : 58 & Average : 6 & Poor : 0 & Terrible : 2, /Attraction_Review-g274863-d276476-Reviews-Triglav_National_Park-Bled_Upper_Carniola_Region.html
Triglav National Park, 19, 111, National Parks & Hiking Trails, Europe & Slovenia & Upper Carniola Region & Bled & Things to Do in Bled, 5.0, 46.36917, 14.113181, 640294939, 20181201, 20181201, 5.0, ralph g, https://www.tripadvisor.com/Profile/337ralphg, 4fd29ca7b54759a4af349981ec51fa0e, Excellent : 486 & Very Good : 58 & Average : 6 & Poor : 0 & Terrible : 2, /Attraction_Review-g274863-d276476-Reviews-Triglav_National_Park-Bled_Upper_Carniola_Region.html
