review_location_name, review_current_page, review_last_page, review_location_type, review_location_breadcrumbs, review_location_rate, location_lat, location_lng, review_id, review_date, review_experience_date, review_rate, user_name, user_link, user_id, extra, parent_url
St. Martin's Parish Church, 34, 58, Churches & Cathedrals, Europe & Slovenia & Upper Carniola Region & Bled & Things to Do in Bled, 4.0, 46.36917, 14.113181, 410724907, 20160801, 20160801, 5.0, Alberto S, https://www.tripadvisor.com/Profile/bortolopunkrock, d6be0f23c8b9855cdb1192c18acfa793, Excellent : 93 & Very Good : 142 & Average : 52 & Poor : 3 & Terrible : 0, /Attraction_Review-g274863-d6828171-Reviews-St_Martin_s_Parish_Church-Bled_Upper_Carniola_Region.html
St. Martin's Parish Church, 34, 58, Churches & Cathedrals, Europe & Slovenia & Upper Carniola Region & Bled & Things to Do in Bled, 4.0, 46.36917, 14.113181, 409998342, 20160801, 20160801, 4.0, Aleksandar, https://www.tripadvisor.com/Profile/a1eksandar, e34ec732630478335d4e03793939dcb0, Excellent : 93 & Very Good : 142 & Average : 52 & Poor : 3 & Terrible : 0, /Attraction_Review-g274863-d6828171-Reviews-St_Martin_s_Parish_Church-Bled_Upper_Carniola_Region.html
St. Martin's Parish Church, 34, 58, Churches & Cathedrals, Europe & Slovenia & Upper Carniola Region & Bled & Things to Do in Bled, 4.0, 46.36917, 14.113181, 409520891, 20160801, 20160801, 4.0, Jacquelinedavis110, https://www.tripadvisor.com/Profile/Jacquelinedavis110, 39fb12b9ed7e72647ceae1034cd68887, Excellent : 93 & Very Good : 142 & Average : 52 & Poor : 3 & Terrible : 0, /Attraction_Review-g274863-d6828171-Reviews-St_Martin_s_Parish_Church-Bled_Upper_Carniola_Region.html
St. Martin's Parish Church, 34, 58, Churches & Cathedrals, Europe & Slovenia & Upper Carniola Region & Bled & Things to Do in Bled, 4.0, 46.36917, 14.113181, 408537911, 20160801, 20150901, 4.0, Ольга К, https://www.tripadvisor.com/Profile/S1888IM_, 60841377a9e313cfe4e52ff117612270, Excellent : 93 & Very Good : 142 & Average : 52 & Poor : 3 & Terrible : 0, /Attraction_Review-g274863-d6828171-Reviews-St_Martin_s_Parish_Church-Bled_Upper_Carniola_Region.html
St. Martin's Parish Church, 34, 58, Churches & Cathedrals, Europe & Slovenia & Upper Carniola Region & Bled & Things to Do in Bled, 4.0, 46.36917, 14.113181, 408322819, 20160801, 20160801, 4.0, C36PO, https://www.tripadvisor.com/Profile/C36PO, f8bea9c00dfdafe352b64d311eb76ff8, Excellent : 93 & Very Good : 142 & Average : 52 & Poor : 3 & Terrible : 0, /Attraction_Review-g274863-d6828171-Reviews-St_Martin_s_Parish_Church-Bled_Upper_Carniola_Region.html
