review_location_name, review_current_page, review_last_page, review_location_type, review_location_breadcrumbs, review_location_rate, location_lat, location_lng, review_id, review_date, review_experience_date, review_rate, user_name, user_link, user_id, extra, parent_url
Royal Bled Golf Course, 9, 12, Golf Courses, Europe & Slovenia & Upper Carniola Region & Lesce & Things to Do in Lesce, 4.5, 46.36117, 14.15769, 212017865, 20140601, 20140601, 5.0, andre_verbeemen, https://www.tripadvisor.com/Profile/andre_verbeemen, 758467ec5bd9f008829cb480f36b7b67, Excellent : 42 & Very Good : 14 & Average : 1 & Poor : 1 & Terrible : 0, /Attraction_Review-g1077238-d2322207-Reviews-Royal_Bled_Golf_Course-Lesce_Upper_Carniola_Region.html
Royal Bled Golf Course, 9, 12, Golf Courses, Europe & Slovenia & Upper Carniola Region & Lesce & Things to Do in Lesce, 4.5, 46.36117, 14.15769, 196555642, 20140301, 20131001, 4.0, Dan K, https://www.tripadvisor.com/Profile/DanK984, 9bfcd25c86c76ad9ddcb04e5e7857301, Excellent : 42 & Very Good : 14 & Average : 1 & Poor : 1 & Terrible : 0, /Attraction_Review-g1077238-d2322207-Reviews-Royal_Bled_Golf_Course-Lesce_Upper_Carniola_Region.html
Royal Bled Golf Course, 9, 12, Golf Courses, Europe & Slovenia & Upper Carniola Region & Lesce & Things to Do in Lesce, 4.5, 46.36117, 14.15769, 178838973, 20130901, 20130901, 4.0, Stefania964, https://www.tripadvisor.com/Profile/Stefania964, 73ffa16409035775bf8e3ebdb32d7f7e, Excellent : 42 & Very Good : 14 & Average : 1 & Poor : 1 & Terrible : 0, /Attraction_Review-g1077238-d2322207-Reviews-Royal_Bled_Golf_Course-Lesce_Upper_Carniola_Region.html
Royal Bled Golf Course, 9, 12, Golf Courses, Europe & Slovenia & Upper Carniola Region & Lesce & Things to Do in Lesce, 4.5, 46.36117, 14.15769, 164511263, 20130601, 20130401, 4.0, grazia g, https://www.tripadvisor.com/Profile/graziag991, 099e97d06b8444a5b95a719d5929b838, Excellent : 42 & Very Good : 14 & Average : 1 & Poor : 1 & Terrible : 0, /Attraction_Review-g1077238-d2322207-Reviews-Royal_Bled_Golf_Course-Lesce_Upper_Carniola_Region.html
Royal Bled Golf Course, 9, 12, Golf Courses, Europe & Slovenia & Upper Carniola Region & Lesce & Things to Do in Lesce, 4.5, 46.36117, 14.15769, 162735406, 20130601, 20130501, 5.0, Kiplynn S, https://www.tripadvisor.com/Profile/KiplynnS, e09271427f9fc354f1a6a97b2d4ee140, Excellent : 42 & Very Good : 14 & Average : 1 & Poor : 1 & Terrible : 0, /Attraction_Review-g1077238-d2322207-Reviews-Royal_Bled_Golf_Course-Lesce_Upper_Carniola_Region.html
