review_location_name, review_current_page, review_last_page, review_location_type, review_location_breadcrumbs, review_location_rate, location_lat, location_lng, review_id, review_date, review_experience_date, review_rate, user_name, user_link, user_id, extra, parent_url
Preseren Square, 15, 420, Points of Interest & Landmarks, Europe & Slovenia & Upper Carniola Region & Ljubljana & Things to Do in Ljubljana, 4.5, 46.056934, 14.505641, 723299579, 20191101, 20191101, 4.0, Andrea Quatraro, https://www.tripadvisor.com/Profile/andreaquatraro, 145b039b5d1e8636767694ee24ea0d6d, Excellent : 1&&088 & Very Good : 855 & Average : 147 & Poor : 8 & Terrible : 2, /Attraction_Review-g274873-d298648-Reviews-Preseren_Square-Ljubljana_Upper_Carniola_Region.html
Preseren Square, 15, 420, Points of Interest & Landmarks, Europe & Slovenia & Upper Carniola Region & Ljubljana & Things to Do in Ljubljana, 4.5, 46.056934, 14.505641, 722666329, 20191001, 20190901, 4.0, LayneFick, https://www.tripadvisor.com/Profile/LayneFick, 24f717ae7c1f06b3191aec9acef2557c, Excellent : 1&&088 & Very Good : 855 & Average : 147 & Poor : 8 & Terrible : 2, /Attraction_Review-g274873-d298648-Reviews-Preseren_Square-Ljubljana_Upper_Carniola_Region.html
Preseren Square, 15, 420, Points of Interest & Landmarks, Europe & Slovenia & Upper Carniola Region & Ljubljana & Things to Do in Ljubljana, 4.5, 46.056934, 14.505641, 722635638, 20191001, 20191001, 5.0, stinkwink, https://www.tripadvisor.com/Profile/stinkwink, 52682b6c825044422df5a27327f027ff, Excellent : 1&&088 & Very Good : 855 & Average : 147 & Poor : 8 & Terrible : 2, /Attraction_Review-g274873-d298648-Reviews-Preseren_Square-Ljubljana_Upper_Carniola_Region.html
Preseren Square, 15, 420, Points of Interest & Landmarks, Europe & Slovenia & Upper Carniola Region & Ljubljana & Things to Do in Ljubljana, 4.5, 46.056934, 14.505641, 721500931, 20191001, 20191001, 5.0, carlBassanoDelGrappa, https://www.tripadvisor.com/Profile/carlBassanoDelGrappa, 6238cb0f13b8a65af886c7a9931ffabb, Excellent : 1&&088 & Very Good : 855 & Average : 147 & Poor : 8 & Terrible : 2, /Attraction_Review-g274873-d298648-Reviews-Preseren_Square-Ljubljana_Upper_Carniola_Region.html
Preseren Square, 15, 420, Points of Interest & Landmarks, Europe & Slovenia & Upper Carniola Region & Ljubljana & Things to Do in Ljubljana, 4.5, 46.056934, 14.505641, 720806449, 20191001, 20191001, 5.0, 2TravelLight, https://www.tripadvisor.com/Profile/2TravelLight, 879f4922a74d2825b45ef9ec27c92d38, Excellent : 1&&088 & Very Good : 855 & Average : 147 & Poor : 8 & Terrible : 2, /Attraction_Review-g274873-d298648-Reviews-Preseren_Square-Ljubljana_Upper_Carniola_Region.html
