review_location_name, review_current_page, review_last_page, review_location_type, review_location_breadcrumbs, review_location_rate, location_lat, location_lng, review_id, review_date, review_experience_date, review_rate, user_name, user_link, user_id, extra, parent_url
Odprta Kuhna, 57, 62, Flea & Street Markets, Europe & Slovenia & Upper Carniola Region & Ljubljana & Things to Do in Ljubljana, 4.5, 46.056934, 14.505641, 313968348, 20150901, 20150901, 5.0, Camka_N, https://www.tripadvisor.com/Profile/nnn274873, 28dd990065e5efbce868a51755cfc798, Excellent : 229 & Very Good : 52 & Average : 12 & Poor : 11 & Terrible : 5, /Attraction_Review-g274873-d19417162-Reviews-Odprta_Kuhna-Ljubljana_Upper_Carniola_Region.html
Odprta Kuhna, 57, 62, Flea & Street Markets, Europe & Slovenia & Upper Carniola Region & Ljubljana & Things to Do in Ljubljana, 4.5, 46.056934, 14.505641, 313876688, 20150901, 20150901, 5.0, Miha P, https://www.tripadvisor.com/Profile/482mihap, 80c09a6cd57df06a33772cac54004f78, Excellent : 229 & Very Good : 52 & Average : 12 & Poor : 11 & Terrible : 5, /Attraction_Review-g274873-d19417162-Reviews-Odprta_Kuhna-Ljubljana_Upper_Carniola_Region.html
Odprta Kuhna, 57, 62, Flea & Street Markets, Europe & Slovenia & Upper Carniola Region & Ljubljana & Things to Do in Ljubljana, 4.5, 46.056934, 14.505641, 313699151, 20150901, 20150901, 5.0, 15adela, https://www.tripadvisor.com/Profile/15adela, 307ade7ee13777aa7d95d88496df9efa, Excellent : 229 & Very Good : 52 & Average : 12 & Poor : 11 & Terrible : 5, /Attraction_Review-g274873-d19417162-Reviews-Odprta_Kuhna-Ljubljana_Upper_Carniola_Region.html
Odprta Kuhna, 57, 62, Flea & Street Markets, Europe & Slovenia & Upper Carniola Region & Ljubljana & Things to Do in Ljubljana, 4.5, 46.056934, 14.505641, 311610753, 20150901, 20150901, 5.0, Klepec, https://www.tripadvisor.com/Profile/Klepec, 92456a268c54a922224399dc9ff67051, Excellent : 229 & Very Good : 52 & Average : 12 & Poor : 11 & Terrible : 5, /Attraction_Review-g274873-d19417162-Reviews-Odprta_Kuhna-Ljubljana_Upper_Carniola_Region.html
Odprta Kuhna, 57, 62, Flea & Street Markets, Europe & Slovenia & Upper Carniola Region & Ljubljana & Things to Do in Ljubljana, 4.5, 46.056934, 14.505641, 310718217, 20150901, 20150901, 5.0, Haris M, https://www.tripadvisor.com/Profile/harism353, 867aeeb4cf54d47efa415cebd6907cbc, Excellent : 229 & Very Good : 52 & Average : 12 & Poor : 11 & Terrible : 5, /Attraction_Review-g274873-d19417162-Reviews-Odprta_Kuhna-Ljubljana_Upper_Carniola_Region.html
