review_location_name, review_current_page, review_last_page, review_location_type, review_location_breadcrumbs, review_location_rate, location_lat, location_lng, review_id, review_date, review_experience_date, review_rate, user_name, user_link, user_id, extra, parent_url
Cathedral of St. Nicholas (Stolnica Sv. Nikolaja), 81, 207, Sacred & Religious Sites, Europe & Slovenia & Upper Carniola Region & Ljubljana & Things to Do in Ljubljana, 4.5, 46.056934, 14.505641, 512417839, 20170801, 20170801, 5.0, Johann123456, https://www.tripadvisor.com/Profile/Johann123456, c80b8bb7d3f6d91dc86c44d039a2ebb1, Excellent : 513 & Very Good : 433 & Average : 73 & Poor : 9 & Terrible : 6, /Attraction_Review-g274873-d276332-Reviews-Cathedral_of_St_Nicholas_Stolnica_Sv_Nikolaja-Ljubljana_Upper_Carniola_Region.html
Cathedral of St. Nicholas (Stolnica Sv. Nikolaja), 81, 207, Sacred & Religious Sites, Europe & Slovenia & Upper Carniola Region & Ljubljana & Things to Do in Ljubljana, 4.5, 46.056934, 14.505641, 512375177, 20170801, 20170801, 5.0, Raffap69, https://www.tripadvisor.com/Profile/Raffap69, f42fa2885144951f149d9a527d850e2a, Excellent : 513 & Very Good : 433 & Average : 73 & Poor : 9 & Terrible : 6, /Attraction_Review-g274873-d276332-Reviews-Cathedral_of_St_Nicholas_Stolnica_Sv_Nikolaja-Ljubljana_Upper_Carniola_Region.html
Cathedral of St. Nicholas (Stolnica Sv. Nikolaja), 81, 207, Sacred & Religious Sites, Europe & Slovenia & Upper Carniola Region & Ljubljana & Things to Do in Ljubljana, 4.5, 46.056934, 14.505641, 511559250, 20170801, 20170701, 4.0, 249luluw, https://www.tripadvisor.com/Profile/249luluw, f06ee240de11ee90ed920362e6845c28, Excellent : 513 & Very Good : 433 & Average : 73 & Poor : 9 & Terrible : 6, /Attraction_Review-g274873-d276332-Reviews-Cathedral_of_St_Nicholas_Stolnica_Sv_Nikolaja-Ljubljana_Upper_Carniola_Region.html
Cathedral of St. Nicholas (Stolnica Sv. Nikolaja), 81, 207, Sacred & Religious Sites, Europe & Slovenia & Upper Carniola Region & Ljubljana & Things to Do in Ljubljana, 4.5, 46.056934, 14.505641, 509891393, 20170801, 20170801, 5.0, metallino71, https://www.tripadvisor.com/Profile/metallino71, fdce70f40d1141160a7dee97f1462d64, Excellent : 513 & Very Good : 433 & Average : 73 & Poor : 9 & Terrible : 6, /Attraction_Review-g274873-d276332-Reviews-Cathedral_of_St_Nicholas_Stolnica_Sv_Nikolaja-Ljubljana_Upper_Carniola_Region.html
Cathedral of St. Nicholas (Stolnica Sv. Nikolaja), 81, 207, Sacred & Religious Sites, Europe & Slovenia & Upper Carniola Region & Ljubljana & Things to Do in Ljubljana, 4.5, 46.056934, 14.505641, 509888501, 20170801, 20170801, 4.0, RJC, https://www.tripadvisor.com/Profile/RJasonChan, 565717065afe043670006647235f28cb, Excellent : 513 & Very Good : 433 & Average : 73 & Poor : 9 & Terrible : 6, /Attraction_Review-g274873-d276332-Reviews-Cathedral_of_St_Nicholas_Stolnica_Sv_Nikolaja-Ljubljana_Upper_Carniola_Region.html
