review_location_name, review_current_page, review_last_page, review_location_type, review_location_breadcrumbs, review_location_rate, location_lat, location_lng, review_id, review_date, review_experience_date, review_rate, user_name, user_link, user_id, extra, parent_url
Bozidar Jakac Art Museum, 4, 7, Art Galleries & Historic Sites & Art Museums, Europe & Slovenia & Lower Carniola Region & Kostanjevica na Krki & Things to Do in Kostanjevica na Krki, 4.5, 45.84611, 15.42222, 490776907, 20170601, 20170601, 5.0, Bartbaus, https://www.tripadvisor.com/Profile/Bartbaus, f886b4ca2889c02d115ff0231ca89ce8, Excellent : 22 & Very Good : 8 & Average : 2 & Poor : 0 & Terrible : 0, /Attraction_Review-g4481632-d8488721-Reviews-Bozidar_Jakac_Art_Museum-Kostanjevica_na_Krki_Lower_Carniola_Region.html
Bozidar Jakac Art Museum, 4, 7, Art Galleries & Historic Sites & Art Museums, Europe & Slovenia & Lower Carniola Region & Kostanjevica na Krki & Things to Do in Kostanjevica na Krki, 4.5, 45.84611, 15.42222, 488236561, 20170501, 20170501, 5.0, Alja F, https://www.tripadvisor.com/Profile/aljaf2017, 6e4368eb9be7b371b70773e6ea8d0502, Excellent : 22 & Very Good : 8 & Average : 2 & Poor : 0 & Terrible : 0, /Attraction_Review-g4481632-d8488721-Reviews-Bozidar_Jakac_Art_Museum-Kostanjevica_na_Krki_Lower_Carniola_Region.html
Bozidar Jakac Art Museum, 4, 7, Art Galleries & Historic Sites & Art Museums, Europe & Slovenia & Lower Carniola Region & Kostanjevica na Krki & Things to Do in Kostanjevica na Krki, 4.5, 45.84611, 15.42222, 487630483, 20170501, 20160901, 5.0, Danijela B, https://www.tripadvisor.com/Profile/danijellab, 513f7d26e76ebc6b879ebd0aab1f737d, Excellent : 22 & Very Good : 8 & Average : 2 & Poor : 0 & Terrible : 0, /Attraction_Review-g4481632-d8488721-Reviews-Bozidar_Jakac_Art_Museum-Kostanjevica_na_Krki_Lower_Carniola_Region.html
Bozidar Jakac Art Museum, 4, 7, Art Galleries & Historic Sites & Art Museums, Europe & Slovenia & Lower Carniola Region & Kostanjevica na Krki & Things to Do in Kostanjevica na Krki, 4.5, 45.84611, 15.42222, 464007460, 20170301, 20170301, 4.0, fontaciof, https://www.tripadvisor.com/Profile/fontaciof, 8d013b2d608a54303c0161132663bc58, Excellent : 22 & Very Good : 8 & Average : 2 & Poor : 0 & Terrible : 0, /Attraction_Review-g4481632-d8488721-Reviews-Bozidar_Jakac_Art_Museum-Kostanjevica_na_Krki_Lower_Carniola_Region.html
Bozidar Jakac Art Museum, 4, 7, Art Galleries & Historic Sites & Art Museums, Europe & Slovenia & Lower Carniola Region & Kostanjevica na Krki & Things to Do in Kostanjevica na Krki, 4.5, 45.84611, 15.42222, 426406768, 20161001, 20161001, 4.0, Miha P, https://www.tripadvisor.com/Profile/482mihap, 80c09a6cd57df06a33772cac54004f78, Excellent : 22 & Very Good : 8 & Average : 2 & Poor : 0 & Terrible : 0, /Attraction_Review-g4481632-d8488721-Reviews-Bozidar_Jakac_Art_Museum-Kostanjevica_na_Krki_Lower_Carniola_Region.html
