review_location_name, review_current_page, review_last_page, review_location_type, review_location_breadcrumbs, review_location_rate, location_lat, location_lng, review_id, review_date, review_experience_date, review_rate, user_name, user_link, user_id, extra, parent_url
The Museum of Underwater Activities, 3, 11, Specialty Museums, Europe & Slovenia & Slovenian Littoral Region & Slovenian Istria & Piran & Things to Do in Piran, 4.0, 45.528152, 13.568084, 649819461, 20190201, 20190101, 5.0, Mili, https://www.tripadvisor.com/Profile/888milip, c5c2c746e9f38d0504ef7aa5d0439368, Excellent : 20 & Very Good : 20 & Average : 8 & Poor : 4 & Terrible : 1, /Attraction_Review-g274876-d5499324-Reviews-The_Museum_of_Underwater_Activities-Piran_Slovenian_Istria_Slovenian_Littoral_Reg.html
The Museum of Underwater Activities, 3, 11, Specialty Museums, Europe & Slovenia & Slovenian Littoral Region & Slovenian Istria & Piran & Things to Do in Piran, 4.0, 45.528152, 13.568084, 624604136, 20181001, 20181001, 4.0, PearlsMT, https://www.tripadvisor.com/Profile/PearlsMT, d60607d22ae76a058d1aa366a993c956, Excellent : 20 & Very Good : 20 & Average : 8 & Poor : 4 & Terrible : 1, /Attraction_Review-g274876-d5499324-Reviews-The_Museum_of_Underwater_Activities-Piran_Slovenian_Istria_Slovenian_Littoral_Reg.html
The Museum of Underwater Activities, 3, 11, Specialty Museums, Europe & Slovenia & Slovenian Littoral Region & Slovenian Istria & Piran & Things to Do in Piran, 4.0, 45.528152, 13.568084, 621924366, 20181001, 20181001, 5.0, Iris R, https://www.tripadvisor.com/Profile/Iris1375, ba76249f7c0adac3c14baf48301aa9a8, Excellent : 20 & Very Good : 20 & Average : 8 & Poor : 4 & Terrible : 1, /Attraction_Review-g274876-d5499324-Reviews-The_Museum_of_Underwater_Activities-Piran_Slovenian_Istria_Slovenian_Littoral_Reg.html
The Museum of Underwater Activities, 3, 11, Specialty Museums, Europe & Slovenia & Slovenian Littoral Region & Slovenian Istria & Piran & Things to Do in Piran, 4.0, 45.528152, 13.568084, 612036620, 20180801, 20180801, 1.0, Peter S, https://www.tripadvisor.com/Profile/272PeterS272, 779bf28709a002a421fc75bf03c94b48, Excellent : 20 & Very Good : 20 & Average : 8 & Poor : 4 & Terrible : 1, /Attraction_Review-g274876-d5499324-Reviews-The_Museum_of_Underwater_Activities-Piran_Slovenian_Istria_Slovenian_Littoral_Reg.html
The Museum of Underwater Activities, 3, 11, Specialty Museums, Europe & Slovenia & Slovenian Littoral Region & Slovenian Istria & Piran & Things to Do in Piran, 4.0, 45.528152, 13.568084, 602974563, 20180801, 20180701, 4.0, Familie_Ysebaert, https://www.tripadvisor.com/Profile/Familie_Ysebaert, 42494840ee0b5247400fbb1d548dc80e, Excellent : 20 & Very Good : 20 & Average : 8 & Poor : 4 & Terrible : 1, /Attraction_Review-g274876-d5499324-Reviews-The_Museum_of_Underwater_Activities-Piran_Slovenian_Istria_Slovenian_Littoral_Reg.html
