review_location_name, review_current_page, review_last_page, review_location_type, review_location_breadcrumbs, review_location_rate, location_lat, location_lng, review_id, review_date, review_experience_date, review_rate, user_name, user_link, user_id, extra, parent_url
Bled Island, 510, 557, Architectural Buildings & Islands & Sacred & Religious Sites, Europe & Slovenia & Upper Carniola Region & Bled & Things to Do in Bled, 4.5, 46.36917, 14.113181, 173397502, 20130801, 20130601, 4.0, Shoghig T, https://www.tripadvisor.com/Profile/stbeachlover, e4a822b189357f09c76c1a7e4ca52285, Excellent : 1&&390 & Very Good : 904 & Average : 400 & Poor : 69 & Terrible : 22, /Attraction_Review-g274863-d317378-Reviews-Bled_Island-Bled_Upper_Carniola_Region.html
Bled Island, 510, 557, Architectural Buildings & Islands & Sacred & Religious Sites, Europe & Slovenia & Upper Carniola Region & Bled & Things to Do in Bled, 4.5, 46.36917, 14.113181, 173208902, 20130801, 20130601, 5.0, 1Worldwalker, https://www.tripadvisor.com/Profile/1Worldwalker, eed49acdcdddb5300488b8d30bc2bd43, Excellent : 1&&390 & Very Good : 904 & Average : 400 & Poor : 69 & Terrible : 22, /Attraction_Review-g274863-d317378-Reviews-Bled_Island-Bled_Upper_Carniola_Region.html
Bled Island, 510, 557, Architectural Buildings & Islands & Sacred & Religious Sites, Europe & Slovenia & Upper Carniola Region & Bled & Things to Do in Bled, 4.5, 46.36917, 14.113181, 172762427, 20130801, 20130701, 5.0, Paul d, https://www.tripadvisor.com/Profile/121Pauld121, 154beb09729d65f0529a4664f3a20ce1, Excellent : 1&&390 & Very Good : 904 & Average : 400 & Poor : 69 & Terrible : 22, /Attraction_Review-g274863-d317378-Reviews-Bled_Island-Bled_Upper_Carniola_Region.html
Bled Island, 510, 557, Architectural Buildings & Islands & Sacred & Religious Sites, Europe & Slovenia & Upper Carniola Region & Bled & Things to Do in Bled, 4.5, 46.36917, 14.113181, 172692138, 20130801, 20120901, 5.0, CGhidettiE, https://www.tripadvisor.com/Profile/CGhidettiE, 95772f90e4725a9863cf5a0c8ff5a0a5, Excellent : 1&&390 & Very Good : 904 & Average : 400 & Poor : 69 & Terrible : 22, /Attraction_Review-g274863-d317378-Reviews-Bled_Island-Bled_Upper_Carniola_Region.html
Bled Island, 510, 557, Architectural Buildings & Islands & Sacred & Religious Sites, Europe & Slovenia & Upper Carniola Region & Bled & Things to Do in Bled, 4.5, 46.36917, 14.113181, 172521840, 20130801, 20130801, 3.0, Yolanda Wilson, https://www.tripadvisor.com/Profile/YolandaWilson, dfd060df68138dab2fa665265fb75fe1, Excellent : 1&&390 & Very Good : 904 & Average : 400 & Poor : 69 & Terrible : 22, /Attraction_Review-g274863-d317378-Reviews-Bled_Island-Bled_Upper_Carniola_Region.html
