review_location_name, review_current_page, review_last_page, review_location_type, review_location_breadcrumbs, review_location_rate, location_lat, location_lng, review_id, review_date, review_experience_date, review_rate, user_name, user_link, user_id, extra, parent_url
Triglav National Park, 6, 111, National Parks & Hiking Trails, Europe & Slovenia & Upper Carniola Region & Bled & Things to Do in Bled, 5.0, 46.36917, 14.113181, 708863692, 20190901, 20190901, 5.0, Richard Parker, https://www.tripadvisor.com/Profile/Skydiver777, baf9ed03347e46a5cd886dcdb1a75d67, Excellent : 486 & Very Good : 58 & Average : 6 & Poor : 0 & Terrible : 2, /Attraction_Review-g274863-d276476-Reviews-Triglav_National_Park-Bled_Upper_Carniola_Region.html
Triglav National Park, 6, 111, National Parks & Hiking Trails, Europe & Slovenia & Upper Carniola Region & Bled & Things to Do in Bled, 5.0, 46.36917, 14.113181, 707252823, 20190901, 20190801, 5.0, Stanisław Ł, https://www.tripadvisor.com/Profile/stanis_aw_, edc1c52eed0564bcdc080b0723c0eb90, Excellent : 486 & Very Good : 58 & Average : 6 & Poor : 0 & Terrible : 2, /Attraction_Review-g274863-d276476-Reviews-Triglav_National_Park-Bled_Upper_Carniola_Region.html
Triglav National Park, 6, 111, National Parks & Hiking Trails, Europe & Slovenia & Upper Carniola Region & Bled & Things to Do in Bled, 5.0, 46.36917, 14.113181, 706590402, 20190901, 20190901, 5.0, חביב ג, https://www.tripadvisor.com/Profile/Voyager672534, 5d0eb6e6e4b4dbdb574e017f77c59dbd, Excellent : 486 & Very Good : 58 & Average : 6 & Poor : 0 & Terrible : 2, /Attraction_Review-g274863-d276476-Reviews-Triglav_National_Park-Bled_Upper_Carniola_Region.html
Triglav National Park, 6, 111, National Parks & Hiking Trails, Europe & Slovenia & Upper Carniola Region & Bled & Things to Do in Bled, 5.0, 46.36917, 14.113181, 705645775, 20190901, 20190801, 5.0, lunaAvezzano, https://www.tripadvisor.com/Profile/lunaAvezzano, 3c1bdfbcdd7c233a90101ebd71125364, Excellent : 486 & Very Good : 58 & Average : 6 & Poor : 0 & Terrible : 2, /Attraction_Review-g274863-d276476-Reviews-Triglav_National_Park-Bled_Upper_Carniola_Region.html
Triglav National Park, 6, 111, National Parks & Hiking Trails, Europe & Slovenia & Upper Carniola Region & Bled & Things to Do in Bled, 5.0, 46.36917, 14.113181, 705141455, 20190801, 20190801, 4.0, quickpat, https://www.tripadvisor.com/Profile/quickpat, 798f989c333e31e5d796c63a7d2f474f, Excellent : 486 & Very Good : 58 & Average : 6 & Poor : 0 & Terrible : 2, /Attraction_Review-g274863-d276476-Reviews-Triglav_National_Park-Bled_Upper_Carniola_Region.html
