review_location_name, review_current_page, review_last_page, review_location_type, review_location_breadcrumbs, review_location_rate, location_lat, location_lng, review_id, review_date, review_experience_date, review_rate, user_name, user_link, user_id, extra, parent_url
Celje Castle, 54, 72, Castles, Europe & Slovenia & Styria Region & Celje & Things to Do in Celje, 4.5, 46.23469, 15.26959, 336277330, 20151201, 20151201, 5.0, 354madm, https://www.tripadvisor.com/Profile/354madm, add4309d860daa3fe59515cd5d0bf3f8, Excellent : 187 & Very Good : 126 & Average : 38 & Poor : 4 & Terrible : 1, /Attraction_Review-g274868-d4454837-Reviews-Celje_Castle-Celje_Styria_Region.html
Celje Castle, 54, 72, Castles, Europe & Slovenia & Styria Region & Celje & Things to Do in Celje, 4.5, 46.23469, 15.26959, 334454519, 20151201, 20150501, 4.0, Masa D, https://www.tripadvisor.com/Profile/377masad, 162b59ccd89a88e1398f042656150168, Excellent : 187 & Very Good : 126 & Average : 38 & Poor : 4 & Terrible : 1, /Attraction_Review-g274868-d4454837-Reviews-Celje_Castle-Celje_Styria_Region.html
Celje Castle, 54, 72, Castles, Europe & Slovenia & Styria Region & Celje & Things to Do in Celje, 4.5, 46.23469, 15.26959, 334156020, 20151201, 20151201, 3.0, 24martino, https://www.tripadvisor.com/Profile/24martino, 7c2301cca570eb46305988ff098d029e, Excellent : 187 & Very Good : 126 & Average : 38 & Poor : 4 & Terrible : 1, /Attraction_Review-g274868-d4454837-Reviews-Celje_Castle-Celje_Styria_Region.html
Celje Castle, 54, 72, Castles, Europe & Slovenia & Styria Region & Celje & Things to Do in Celje, 4.5, 46.23469, 15.26959, 331567432, 20151201, 20151201, 5.0, MaxTaverna, https://www.tripadvisor.com/Profile/MaxTaverna, cdeced04671c87291013517e1b179b3e, Excellent : 187 & Very Good : 126 & Average : 38 & Poor : 4 & Terrible : 1, /Attraction_Review-g274868-d4454837-Reviews-Celje_Castle-Celje_Styria_Region.html
Celje Castle, 54, 72, Castles, Europe & Slovenia & Styria Region & Celje & Things to Do in Celje, 4.5, 46.23469, 15.26959, 330756430, 20151201, 20150601, 4.0, Jean J, https://www.tripadvisor.com/Profile/jeanj364, b0c693a140f184d5a54c17e1ccb0eda0, Excellent : 187 & Very Good : 126 & Average : 38 & Poor : 4 & Terrible : 1, /Attraction_Review-g274868-d4454837-Reviews-Celje_Castle-Celje_Styria_Region.html
