review_location_name, review_current_page, review_last_page, review_location_type, review_location_breadcrumbs, review_location_rate, location_lat, location_lng, review_id, review_date, review_experience_date, review_rate, user_name, user_link, user_id, extra, parent_url
Mestni Trg, 28, 51, Points of Interest & Landmarks, Europe & Slovenia & Upper Carniola Region & Ljubljana & Things to Do in Ljubljana, 4.5, 46.056934, 14.505641, 413175471, 20160801, 20160801, 3.0, StefanoBarisone, https://www.tripadvisor.com/Profile/StefanoBarisone, f5d99f0bcf595a39bf0a4092243a1f16, Excellent : 103 & Very Good : 117 & Average : 31 & Poor : 0 & Terrible : 0, /Attraction_Review-g274873-d5523574-Reviews-Mestni_Trg-Ljubljana_Upper_Carniola_Region.html
Mestni Trg, 28, 51, Points of Interest & Landmarks, Europe & Slovenia & Upper Carniola Region & Ljubljana & Things to Do in Ljubljana, 4.5, 46.056934, 14.505641, 411609735, 20160801, 20160501, 4.0, TassieTravellers99, https://www.tripadvisor.com/Profile/TassieTravellers99, 9e1355eb1e96f9d1cb2a28129dc25f64, Excellent : 103 & Very Good : 117 & Average : 31 & Poor : 0 & Terrible : 0, /Attraction_Review-g274873-d5523574-Reviews-Mestni_Trg-Ljubljana_Upper_Carniola_Region.html
Mestni Trg, 28, 51, Points of Interest & Landmarks, Europe & Slovenia & Upper Carniola Region & Ljubljana & Things to Do in Ljubljana, 4.5, 46.056934, 14.505641, 410021672, 20160801, 20151201, 5.0, luciosarti, https://www.tripadvisor.com/Profile/luciosarti, 5cacd91b5110427cf490343cd7b6317c, Excellent : 103 & Very Good : 117 & Average : 31 & Poor : 0 & Terrible : 0, /Attraction_Review-g274873-d5523574-Reviews-Mestni_Trg-Ljubljana_Upper_Carniola_Region.html
Mestni Trg, 28, 51, Points of Interest & Landmarks, Europe & Slovenia & Upper Carniola Region & Ljubljana & Things to Do in Ljubljana, 4.5, 46.056934, 14.505641, 409469334, 20160801, 20160701, 4.0, on_the_go_98765, https://www.tripadvisor.com/Profile/on_the_go_98765, 9d5c256555207a33ab3af1168f1bd3f2, Excellent : 103 & Very Good : 117 & Average : 31 & Poor : 0 & Terrible : 0, /Attraction_Review-g274873-d5523574-Reviews-Mestni_Trg-Ljubljana_Upper_Carniola_Region.html
Mestni Trg, 28, 51, Points of Interest & Landmarks, Europe & Slovenia & Upper Carniola Region & Ljubljana & Things to Do in Ljubljana, 4.5, 46.056934, 14.505641, 408271573, 20160801, 20160801, 4.0, Putnici L, https://www.tripadvisor.com/Profile/Putnici, 893506b30aaea8b662db8fe0868cf143, Excellent : 103 & Very Good : 117 & Average : 31 & Poor : 0 & Terrible : 0, /Attraction_Review-g274873-d5523574-Reviews-Mestni_Trg-Ljubljana_Upper_Carniola_Region.html
