review_location_name, review_current_page, review_last_page, review_location_type, review_location_breadcrumbs, review_location_rate, location_lat, location_lng, review_id, review_date, review_experience_date, review_rate, user_name, user_link, user_id, extra, parent_url
Terme Olimia, 122, 141, Spas, Europe & Slovenia & Styria Region & Podcetrtek & Things to Do in Podcetrtek, 4.5, 46.156895, 15.596601, 203017121, 20140401, 20140401, 4.0, ARYBO75, https://www.tripadvisor.com/Profile/ARYBO75, ef741be1446eda5bdbaff30135788cce, Excellent : 451 & Very Good : 169 & Average : 44 & Poor : 18 & Terrible : 19, /Attraction_Review-g1057702-d2230658-Reviews-Terme_Olimia-Podcetrtek_Styria_Region.html
Terme Olimia, 122, 141, Spas, Europe & Slovenia & Styria Region & Podcetrtek & Things to Do in Podcetrtek, 4.5, 46.156895, 15.596601, 202396114, 20140401, 20130501, 5.0, Sergey A, https://www.tripadvisor.com/Profile/SergeiAlekseev, c6205b6626e652f4169a43be1af2fea0, Excellent : 451 & Very Good : 169 & Average : 44 & Poor : 18 & Terrible : 19, /Attraction_Review-g1057702-d2230658-Reviews-Terme_Olimia-Podcetrtek_Styria_Region.html
Terme Olimia, 122, 141, Spas, Europe & Slovenia & Styria Region & Podcetrtek & Things to Do in Podcetrtek, 4.5, 46.156895, 15.596601, 200842547, 20140401, 20130501, 4.0, MarinaBA_Moscow, https://www.tripadvisor.com/Profile/MarinaBA_Moscow, ca9b4c3ae85c943faa3052f3dce288db, Excellent : 451 & Very Good : 169 & Average : 44 & Poor : 18 & Terrible : 19, /Attraction_Review-g1057702-d2230658-Reviews-Terme_Olimia-Podcetrtek_Styria_Region.html
Terme Olimia, 122, 141, Spas, Europe & Slovenia & Styria Region & Podcetrtek & Things to Do in Podcetrtek, 4.5, 46.156895, 15.596601, 200202709, 20140401, 20140401, 5.0, Luigi G, https://www.tripadvisor.com/Profile/luigigiunta, 37bc0ff59ce0737f5fe1e226a099c060, Excellent : 451 & Very Good : 169 & Average : 44 & Poor : 18 & Terrible : 19, /Attraction_Review-g1057702-d2230658-Reviews-Terme_Olimia-Podcetrtek_Styria_Region.html
Terme Olimia, 122, 141, Spas, Europe & Slovenia & Styria Region & Podcetrtek & Things to Do in Podcetrtek, 4.5, 46.156895, 15.596601, 200126487, 20140401, 20140401, 5.0, GRJ, https://www.tripadvisor.com/Profile/grj88, eb3acd9a89fa1317909f094aec6a8625, Excellent : 451 & Very Good : 169 & Average : 44 & Poor : 18 & Terrible : 19, /Attraction_Review-g1057702-d2230658-Reviews-Terme_Olimia-Podcetrtek_Styria_Region.html
