review_location_name, review_current_page, review_last_page, review_location_type, review_location_breadcrumbs, review_location_rate, location_lat, location_lng, review_id, review_date, review_experience_date, review_rate, user_name, user_link, user_id, extra, parent_url
Skocjanske Jame, 80, 354, Caverns & Caves, Europe & Slovenia & Slovenian Littoral Region & Skocjan & Things to Do in Skocjan, 4.5, 45.665405, 13.993117, 571941997, 20180401, 20170601, 5.0, cjudge109, https://www.tripadvisor.com/Profile/cjudge109, 92a55e773b7e88c432203b2d06e7c534, Excellent : 1&&399 & Very Good : 278 & Average : 60 & Poor : 20 & Terrible : 10, /Attraction_Review-g17579051-d10438743-Reviews-Skocjanske_Jame-Skocjan_Slovenian_Littoral_Region.html
Skocjanske Jame, 80, 354, Caverns & Caves, Europe & Slovenia & Slovenian Littoral Region & Skocjan & Things to Do in Skocjan, 4.5, 45.665405, 13.993117, 571706370, 20180401, 20180401, 5.0, Drew B, https://www.tripadvisor.com/Profile/andrewg89, 22aad524e47e597fc9937ca87220ed5e, Excellent : 1&&399 & Very Good : 278 & Average : 60 & Poor : 20 & Terrible : 10, /Attraction_Review-g17579051-d10438743-Reviews-Skocjanske_Jame-Skocjan_Slovenian_Littoral_Region.html
Skocjanske Jame, 80, 354, Caverns & Caves, Europe & Slovenia & Slovenian Littoral Region & Skocjan & Things to Do in Skocjan, 4.5, 45.665405, 13.993117, 571517888, 20180401, 20180401, 5.0, NCS, https://www.tripadvisor.com/Profile/NeroConSeppia, 5bd07ee119e0472ad431cf06f4b66b0c, Excellent : 1&&399 & Very Good : 278 & Average : 60 & Poor : 20 & Terrible : 10, /Attraction_Review-g17579051-d10438743-Reviews-Skocjanske_Jame-Skocjan_Slovenian_Littoral_Region.html
Skocjanske Jame, 80, 354, Caverns & Caves, Europe & Slovenia & Slovenian Littoral Region & Skocjan & Things to Do in Skocjan, 4.5, 45.665405, 13.993117, 571202283, 20180401, 20180301, 5.0, francescaC6496AK, https://www.tripadvisor.com/Profile/francescaC6496AK, a70dd8efa72920c40cc18116c40d6d0e, Excellent : 1&&399 & Very Good : 278 & Average : 60 & Poor : 20 & Terrible : 10, /Attraction_Review-g17579051-d10438743-Reviews-Skocjanske_Jame-Skocjan_Slovenian_Littoral_Region.html
Skocjanske Jame, 80, 354, Caverns & Caves, Europe & Slovenia & Slovenian Littoral Region & Skocjan & Things to Do in Skocjan, 4.5, 45.665405, 13.993117, 570775617, 20180401, 20180401, 5.0, Enrico C, https://www.tripadvisor.com/Profile/enrykho, 2ed064d1a2243b4bd2753edcaf3ff75c, Excellent : 1&&399 & Very Good : 278 & Average : 60 & Poor : 20 & Terrible : 10, /Attraction_Review-g17579051-d10438743-Reviews-Skocjanske_Jame-Skocjan_Slovenian_Littoral_Region.html
