review_location_name, review_current_page, review_last_page, review_location_type, review_location_breadcrumbs, review_location_rate, location_lat, location_lng, review_id, review_date, review_experience_date, review_rate, user_name, user_link, user_id, extra, parent_url
Triglav National Park, 64, 111, National Parks & Hiking Trails, Europe & Slovenia & Upper Carniola Region & Bled & Things to Do in Bled, 5.0, 46.36917, 14.113181, 356687770, 20160301, 20150901, 5.0, Renata M, https://www.tripadvisor.com/Profile/renatam741, 5cefafc9992359d1ffc5400b349bc044, Excellent : 486 & Very Good : 58 & Average : 6 & Poor : 0 & Terrible : 2, /Attraction_Review-g274863-d276476-Reviews-Triglav_National_Park-Bled_Upper_Carniola_Region.html
Triglav National Park, 64, 111, National Parks & Hiking Trails, Europe & Slovenia & Upper Carniola Region & Bled & Things to Do in Bled, 5.0, 46.36917, 14.113181, 350422438, 20160201, 20150701, 5.0, Bruno L, https://www.tripadvisor.com/Profile/brunolE3904MP, f6f662e1311a920cf21f5dc926587599, Excellent : 486 & Very Good : 58 & Average : 6 & Poor : 0 & Terrible : 2, /Attraction_Review-g274863-d276476-Reviews-Triglav_National_Park-Bled_Upper_Carniola_Region.html
Triglav National Park, 64, 111, National Parks & Hiking Trails, Europe & Slovenia & Upper Carniola Region & Bled & Things to Do in Bled, 5.0, 46.36917, 14.113181, 344620016, 20160201, 20160201, 5.0, 412raphaelk, https://www.tripadvisor.com/Profile/412raphaelk, 76b8975395c303bbf963af589bf7353c, Excellent : 486 & Very Good : 58 & Average : 6 & Poor : 0 & Terrible : 2, /Attraction_Review-g274863-d276476-Reviews-Triglav_National_Park-Bled_Upper_Carniola_Region.html
Triglav National Park, 64, 111, National Parks & Hiking Trails, Europe & Slovenia & Upper Carniola Region & Bled & Things to Do in Bled, 5.0, 46.36917, 14.113181, 341110432, 20160101, 20150501, 5.0, sheetalpt, https://www.tripadvisor.com/Profile/sheetalpt, af949b4d4ebe05659a55821edc914102, Excellent : 486 & Very Good : 58 & Average : 6 & Poor : 0 & Terrible : 2, /Attraction_Review-g274863-d276476-Reviews-Triglav_National_Park-Bled_Upper_Carniola_Region.html
Triglav National Park, 64, 111, National Parks & Hiking Trails, Europe & Slovenia & Upper Carniola Region & Bled & Things to Do in Bled, 5.0, 46.36917, 14.113181, 337684000, 20160101, 20150701, 5.0, JurijKobal, https://www.tripadvisor.com/Profile/JurijKobal, 4dc595db3d0a88d44f0fb63bd228015e, Excellent : 486 & Very Good : 58 & Average : 6 & Poor : 0 & Terrible : 2, /Attraction_Review-g274863-d276476-Reviews-Triglav_National_Park-Bled_Upper_Carniola_Region.html
