review_location_name, review_current_page, review_last_page, review_location_type, review_location_breadcrumbs, review_location_rate, location_lat, location_lng, review_id, review_date, review_experience_date, review_rate, user_name, user_link, user_id, extra, parent_url
Skocjanske Jame, 207, 354, Caverns & Caves, Europe & Slovenia & Slovenian Littoral Region & Skocjan & Things to Do in Skocjan, 4.5, 45.665405, 13.993117, 363268168, 20160401, 20160401, 5.0, carla p, https://www.tripadvisor.com/Profile/carlap287, 0074e57df19b9600a7d37a5f3deebc75, Excellent : 1&&399 & Very Good : 278 & Average : 60 & Poor : 20 & Terrible : 10, /Attraction_Review-g17579051-d10438743-Reviews-Skocjanske_Jame-Skocjan_Slovenian_Littoral_Region.html
Skocjanske Jame, 207, 354, Caverns & Caves, Europe & Slovenia & Slovenian Littoral Region & Skocjan & Things to Do in Skocjan, 4.5, 45.665405, 13.993117, 363034464, 20160401, 20160401, 5.0, Looksat, https://www.tripadvisor.com/Profile/Looksat, 80e73f56c807bdee9d3fb8035a473c26, Excellent : 1&&399 & Very Good : 278 & Average : 60 & Poor : 20 & Terrible : 10, /Attraction_Review-g17579051-d10438743-Reviews-Skocjanske_Jame-Skocjan_Slovenian_Littoral_Region.html
Skocjanske Jame, 207, 354, Caverns & Caves, Europe & Slovenia & Slovenian Littoral Region & Skocjan & Things to Do in Skocjan, 4.5, 45.665405, 13.993117, 362908516, 20160401, 20150501, 5.0, mikanyama, https://www.tripadvisor.com/Profile/mikanyama, 9ee850a3ccd57a8aca91de2b725e2c83, Excellent : 1&&399 & Very Good : 278 & Average : 60 & Poor : 20 & Terrible : 10, /Attraction_Review-g17579051-d10438743-Reviews-Skocjanske_Jame-Skocjan_Slovenian_Littoral_Region.html
Skocjanske Jame, 207, 354, Caverns & Caves, Europe & Slovenia & Slovenian Littoral Region & Skocjan & Things to Do in Skocjan, 4.5, 45.665405, 13.993117, 362797758, 20160401, 20150501, 4.0, The Weak Knee Traveler, https://www.tripadvisor.com/Profile/WeakKneeTraveler, a55dc483d961be7a329f8a39bf333e76, Excellent : 1&&399 & Very Good : 278 & Average : 60 & Poor : 20 & Terrible : 10, /Attraction_Review-g17579051-d10438743-Reviews-Skocjanske_Jame-Skocjan_Slovenian_Littoral_Region.html
Skocjanske Jame, 207, 354, Caverns & Caves, Europe & Slovenia & Slovenian Littoral Region & Skocjan & Things to Do in Skocjan, 4.5, 45.665405, 13.993117, 361857114, 20160401, 20160401, 5.0, Jack N, https://www.tripadvisor.com/Profile/JackN416, 8b9d42a2e287af8a3a7539d50713db04, Excellent : 1&&399 & Very Good : 278 & Average : 60 & Poor : 20 & Terrible : 10, /Attraction_Review-g17579051-d10438743-Reviews-Skocjanske_Jame-Skocjan_Slovenian_Littoral_Region.html
