review_location_name, review_current_page, review_last_page, review_location_type, review_location_breadcrumbs, review_location_rate, location_lat, location_lng, review_id, review_date, review_experience_date, review_rate, user_name, user_link, user_id, extra, parent_url
Shoemaker's Bridge (Cevljarski Most), 26, 56, Bridges, Europe & Slovenia & Upper Carniola Region & Ljubljana & Things to Do in Ljubljana, 4.0, 46.056934, 14.505641, 436695771, 20161101, 20151201, 5.0, Rita_G_64, https://www.tripadvisor.com/Profile/Rita_G_64, 697301664ede5c9ebb6aa805298966db, Excellent : 67 & Very Good : 138 & Average : 70 & Poor : 1 & Terrible : 0, /Attraction_Review-g274873-d276317-Reviews-Shoemaker_s_Bridge_Cevljarski_Most-Ljubljana_Upper_Carniola_Region.html
Shoemaker's Bridge (Cevljarski Most), 26, 56, Bridges, Europe & Slovenia & Upper Carniola Region & Ljubljana & Things to Do in Ljubljana, 4.0, 46.056934, 14.505641, 435886300, 20161101, 20161101, 3.0, Chipilingt, https://www.tripadvisor.com/Profile/Chipilingt, e4ed166bd27f969581d1aee5b6b6af39, Excellent : 67 & Very Good : 138 & Average : 70 & Poor : 1 & Terrible : 0, /Attraction_Review-g274873-d276317-Reviews-Shoemaker_s_Bridge_Cevljarski_Most-Ljubljana_Upper_Carniola_Region.html
Shoemaker's Bridge (Cevljarski Most), 26, 56, Bridges, Europe & Slovenia & Upper Carniola Region & Ljubljana & Things to Do in Ljubljana, 4.0, 46.056934, 14.505641, 433038591, 20161001, 20161001, 4.0, Franco B, https://www.tripadvisor.com/Profile/adoboy, 602942eaf3ae0e66b49a3cf0c7eeabf5, Excellent : 67 & Very Good : 138 & Average : 70 & Poor : 1 & Terrible : 0, /Attraction_Review-g274873-d276317-Reviews-Shoemaker_s_Bridge_Cevljarski_Most-Ljubljana_Upper_Carniola_Region.html
Shoemaker's Bridge (Cevljarski Most), 26, 56, Bridges, Europe & Slovenia & Upper Carniola Region & Ljubljana & Things to Do in Ljubljana, 4.0, 46.056934, 14.505641, 433176309, 20161001, 20151101, 5.0, A Tripadvisor Member, , d41d8cd98f00b204e9800998ecf8427e, Excellent : 67 & Very Good : 138 & Average : 70 & Poor : 1 & Terrible : 0, /Attraction_Review-g274873-d276317-Reviews-Shoemaker_s_Bridge_Cevljarski_Most-Ljubljana_Upper_Carniola_Region.html
Shoemaker's Bridge (Cevljarski Most), 26, 56, Bridges, Europe & Slovenia & Upper Carniola Region & Ljubljana & Things to Do in Ljubljana, 4.0, 46.056934, 14.505641, 428041755, 20161001, 20160901, 3.0, IAMASOULBOY, https://www.tripadvisor.com/Profile/IAMASOULBOY, b809d4d9a04431ba1bf412a813fb9da8, Excellent : 67 & Very Good : 138 & Average : 70 & Poor : 1 & Terrible : 0, /Attraction_Review-g274873-d276317-Reviews-Shoemaker_s_Bridge_Cevljarski_Most-Ljubljana_Upper_Carniola_Region.html
