review_location_name, review_current_page, review_last_page, review_location_type, review_location_breadcrumbs, review_location_rate, location_lat, location_lng, review_id, review_date, review_experience_date, review_rate, user_name, user_link, user_id, extra, parent_url
SNG Opera in Balet Ljubljana, 10, 11, Operas, Europe & Slovenia & Upper Carniola Region & Ljubljana & Things to Do in Ljubljana, 4.5, 46.056934, 14.505641, 249776549, 20150101, 20140201, 4.0, Rita_G_64, https://www.tripadvisor.com/Profile/Rita_G_64, 697301664ede5c9ebb6aa805298966db, Excellent : 23 & Very Good : 24 & Average : 5 & Poor : 0 & Terrible : 0, /Attraction_Review-g274873-d276328-Reviews-SNG_Opera_in_Balet_Ljubljana-Ljubljana_Upper_Carniola_Region.html
SNG Opera in Balet Ljubljana, 10, 11, Operas, Europe & Slovenia & Upper Carniola Region & Ljubljana & Things to Do in Ljubljana, 4.5, 46.056934, 14.505641, 240862766, 20141101, 20141101, 5.0, DeboraN739, https://www.tripadvisor.com/Profile/DeboraN739, 3cbc880b27ce4a25184d342c79141930, Excellent : 23 & Very Good : 24 & Average : 5 & Poor : 0 & Terrible : 0, /Attraction_Review-g274873-d276328-Reviews-SNG_Opera_in_Balet_Ljubljana-Ljubljana_Upper_Carniola_Region.html
SNG Opera in Balet Ljubljana, 10, 11, Operas, Europe & Slovenia & Upper Carniola Region & Ljubljana & Things to Do in Ljubljana, 4.5, 46.056934, 14.505641, 147307018, 20121201, 20121201, 4.0, Martin H, https://www.tripadvisor.com/Profile/16Martin, e86a7d03a2751528c6d0c8d4e0871147, Excellent : 23 & Very Good : 24 & Average : 5 & Poor : 0 & Terrible : 0, /Attraction_Review-g274873-d276328-Reviews-SNG_Opera_in_Balet_Ljubljana-Ljubljana_Upper_Carniola_Region.html
SNG Opera in Balet Ljubljana, 10, 11, Operas, Europe & Slovenia & Upper Carniola Region & Ljubljana & Things to Do in Ljubljana, 4.5, 46.056934, 14.505641, 134632273, 20120701, 20120301, 5.0, Billie-abroad, https://www.tripadvisor.com/Profile/Billie-abroad, 4b9f0b66894f6cac044720785c6fb32a, Excellent : 23 & Very Good : 24 & Average : 5 & Poor : 0 & Terrible : 0, /Attraction_Review-g274873-d276328-Reviews-SNG_Opera_in_Balet_Ljubljana-Ljubljana_Upper_Carniola_Region.html
SNG Opera in Balet Ljubljana, 10, 11, Operas, Europe & Slovenia & Upper Carniola Region & Ljubljana & Things to Do in Ljubljana, 4.5, 46.056934, 14.505641, 131358974, 20120601, 20120501, 3.0, Jim D, https://www.tripadvisor.com/Profile/JimD652, eb5073e54cca307897036cd737a12405, Excellent : 23 & Very Good : 24 & Average : 5 & Poor : 0 & Terrible : 0, /Attraction_Review-g274873-d276328-Reviews-SNG_Opera_in_Balet_Ljubljana-Ljubljana_Upper_Carniola_Region.html
