review_location_name, review_current_page, review_last_page, review_location_type, review_location_breadcrumbs, review_location_rate, location_lat, location_lng, review_id, review_date, review_experience_date, review_rate, user_name, user_link, user_id, extra, parent_url
Fort Hermann, 8, 10, Points of Interest & Landmarks, Europe & Slovenia & Slovenian Littoral Region & Bovec & Things to Do in Bovec, 4.5, 46.33761, 13.55976, 407107055, 20160801, 20160801, 5.0, Csaba40, https://www.tripadvisor.com/Profile/Csaba40, 7222c19d157ecd15a412b27f3503ea85, Excellent : 31 & Very Good : 15 & Average : 3 & Poor : 0 & Terrible : 0, /Attraction_Review-g274866-d6880808-Reviews-Fort_Hermann-Bovec_Slovenian_Littoral_Region.html
Fort Hermann, 8, 10, Points of Interest & Landmarks, Europe & Slovenia & Slovenian Littoral Region & Bovec & Things to Do in Bovec, 4.5, 46.33761, 13.55976, 393847961, 20160701, 20160701, 4.0, Lorenzo P, https://www.tripadvisor.com/Profile/82lorenzop, 23306364116467f1f44c156bec3a1603, Excellent : 31 & Very Good : 15 & Average : 3 & Poor : 0 & Terrible : 0, /Attraction_Review-g274866-d6880808-Reviews-Fort_Hermann-Bovec_Slovenian_Littoral_Region.html
Fort Hermann, 8, 10, Points of Interest & Landmarks, Europe & Slovenia & Slovenian Littoral Region & Bovec & Things to Do in Bovec, 4.5, 46.33761, 13.55976, 390789972, 20160701, 20160701, 4.0, Andreja P, https://www.tripadvisor.com/Profile/466andrejap, 7d895b92345d8c122d7388007773021c, Excellent : 31 & Very Good : 15 & Average : 3 & Poor : 0 & Terrible : 0, /Attraction_Review-g274866-d6880808-Reviews-Fort_Hermann-Bovec_Slovenian_Littoral_Region.html
Fort Hermann, 8, 10, Points of Interest & Landmarks, Europe & Slovenia & Slovenian Littoral Region & Bovec & Things to Do in Bovec, 4.5, 46.33761, 13.55976, 387194818, 20160601, 20150901, 4.0, Vitproch, https://www.tripadvisor.com/Profile/Vitproch, bc7285308489183ae117c0e48435540b, Excellent : 31 & Very Good : 15 & Average : 3 & Poor : 0 & Terrible : 0, /Attraction_Review-g274866-d6880808-Reviews-Fort_Hermann-Bovec_Slovenian_Littoral_Region.html
Fort Hermann, 8, 10, Points of Interest & Landmarks, Europe & Slovenia & Slovenian Littoral Region & Bovec & Things to Do in Bovec, 4.5, 46.33761, 13.55976, 386580804, 20160601, 20160601, 5.0, Jakub S, https://www.tripadvisor.com/Profile/141jakubs, 1ef35bf963272306ed383df24ef365f4, Excellent : 31 & Very Good : 15 & Average : 3 & Poor : 0 & Terrible : 0, /Attraction_Review-g274866-d6880808-Reviews-Fort_Hermann-Bovec_Slovenian_Littoral_Region.html
