review_location_name, review_current_page, review_last_page, review_location_type, review_location_breadcrumbs, review_location_rate, location_lat, location_lng, review_id, review_date, review_experience_date, review_rate, user_name, user_link, user_id, extra, parent_url
Triple Bridge (Tromostovje), 175, 745, Bridges, Europe & Slovenia & Upper Carniola Region & Ljubljana & Things to Do in Ljubljana, 4.5, 46.056934, 14.505641, 580541701, 20180501, 20180401, 4.0, Necdet A, https://www.tripadvisor.com/Profile/661necdeta, 2a0d811f3047f559c0112957f5c181fd, Excellent : 1&&846 & Very Good : 1&&427 & Average : 417 & Poor : 30 & Terrible : 4, /Attraction_Review-g274873-d276335-Reviews-Triple_Bridge_Tromostovje-Ljubljana_Upper_Carniola_Region.html
Triple Bridge (Tromostovje), 175, 745, Bridges, Europe & Slovenia & Upper Carniola Region & Ljubljana & Things to Do in Ljubljana, 4.5, 46.056934, 14.505641, 580198292, 20180501, 20180501, 5.0, Koenc78, https://www.tripadvisor.com/Profile/Koenc78, df26c5a797cd3716ac54e4b0cc571eb8, Excellent : 1&&846 & Very Good : 1&&427 & Average : 417 & Poor : 30 & Terrible : 4, /Attraction_Review-g274873-d276335-Reviews-Triple_Bridge_Tromostovje-Ljubljana_Upper_Carniola_Region.html
Triple Bridge (Tromostovje), 175, 745, Bridges, Europe & Slovenia & Upper Carniola Region & Ljubljana & Things to Do in Ljubljana, 4.5, 46.056934, 14.505641, 580133804, 20180501, 20180501, 5.0, Boris F, https://www.tripadvisor.com/Profile/BorisFedosimov, e42f63addfd7c9cce58808521f4a429d, Excellent : 1&&846 & Very Good : 1&&427 & Average : 417 & Poor : 30 & Terrible : 4, /Attraction_Review-g274873-d276335-Reviews-Triple_Bridge_Tromostovje-Ljubljana_Upper_Carniola_Region.html
Triple Bridge (Tromostovje), 175, 745, Bridges, Europe & Slovenia & Upper Carniola Region & Ljubljana & Things to Do in Ljubljana, 4.5, 46.056934, 14.505641, 579791611, 20180501, 20180401, 4.0, Adr-Creus, https://www.tripadvisor.com/Profile/Adr-Creus, f7dcbc11f25830d207545d6c847f823e, Excellent : 1&&846 & Very Good : 1&&427 & Average : 417 & Poor : 30 & Terrible : 4, /Attraction_Review-g274873-d276335-Reviews-Triple_Bridge_Tromostovje-Ljubljana_Upper_Carniola_Region.html
Triple Bridge (Tromostovje), 175, 745, Bridges, Europe & Slovenia & Upper Carniola Region & Ljubljana & Things to Do in Ljubljana, 4.5, 46.056934, 14.505641, 579658729, 20180501, 20180501, 4.0, Floey1207, https://www.tripadvisor.com/Profile/Floey1207, 8bd54fc6e31fa888ebe8b555bbbfba0d, Excellent : 1&&846 & Very Good : 1&&427 & Average : 417 & Poor : 30 & Terrible : 4, /Attraction_Review-g274873-d276335-Reviews-Triple_Bridge_Tromostovje-Ljubljana_Upper_Carniola_Region.html
