review_location_name, review_current_page, review_last_page, review_location_type, review_location_breadcrumbs, review_location_rate, location_lat, location_lng, review_id, review_date, review_experience_date, review_rate, user_name, user_link, user_id, extra, parent_url
Velika Planina, 25, 45, Mountains, Europe & Slovenia & Upper Carniola Region & Stahovica & Things to Do in Stahovica, 4.5, 46.26757, 14.6032, 509016629, 20170801, 20170801, 4.0, Veebers, https://www.tripadvisor.com/Profile/Veebers, 7978298aa572d91458a4e6906d063b52, Excellent : 167 & Very Good : 44 & Average : 5 & Poor : 1 & Terrible : 4, /Attraction_Review-g2554450-d3653702-Reviews-Velika_Planina-Stahovica_Upper_Carniola_Region.html
Velika Planina, 25, 45, Mountains, Europe & Slovenia & Upper Carniola Region & Stahovica & Things to Do in Stahovica, 4.5, 46.26757, 14.6032, 508526812, 20170801, 20170801, 4.0, KL2317, https://www.tripadvisor.com/Profile/KL2317, cc16d5e7aa1f4ba1aa74802883c91cc1, Excellent : 167 & Very Good : 44 & Average : 5 & Poor : 1 & Terrible : 4, /Attraction_Review-g2554450-d3653702-Reviews-Velika_Planina-Stahovica_Upper_Carniola_Region.html
Velika Planina, 25, 45, Mountains, Europe & Slovenia & Upper Carniola Region & Stahovica & Things to Do in Stahovica, 4.5, 46.26757, 14.6032, 506299594, 20170701, 20170701, 5.0, Veronica H, https://www.tripadvisor.com/Profile/veronicah610, b46a10080d660fc95a5a94e232ff6ab9, Excellent : 167 & Very Good : 44 & Average : 5 & Poor : 1 & Terrible : 4, /Attraction_Review-g2554450-d3653702-Reviews-Velika_Planina-Stahovica_Upper_Carniola_Region.html
Velika Planina, 25, 45, Mountains, Europe & Slovenia & Upper Carniola Region & Stahovica & Things to Do in Stahovica, 4.5, 46.26757, 14.6032, 504858923, 20170701, 20170501, 4.0, montanan_traveler, https://www.tripadvisor.com/Profile/montanan_traveler, 244f18f6a5ac6693386694ee701f999a, Excellent : 167 & Very Good : 44 & Average : 5 & Poor : 1 & Terrible : 4, /Attraction_Review-g2554450-d3653702-Reviews-Velika_Planina-Stahovica_Upper_Carniola_Region.html
Velika Planina, 25, 45, Mountains, Europe & Slovenia & Upper Carniola Region & Stahovica & Things to Do in Stahovica, 4.5, 46.26757, 14.6032, 502565735, 20170701, 20170701, 5.0, Pishka87, https://www.tripadvisor.com/Profile/Pishka87, 0dc2c181a55505fe253c518460e18ea3, Excellent : 167 & Very Good : 44 & Average : 5 & Poor : 1 & Terrible : 4, /Attraction_Review-g2554450-d3653702-Reviews-Velika_Planina-Stahovica_Upper_Carniola_Region.html
