review_location_name, review_current_page, review_last_page, review_location_type, review_location_breadcrumbs, review_location_rate, location_lat, location_lng, review_id, review_date, review_experience_date, review_rate, user_name, user_link, user_id, extra, parent_url
National Liberation Monument, 2, 12, Monuments & Statues, Europe & Slovenia & Styria Region & Maribor & Things to Do in Maribor, 4.0, 46.55863, 15.65104, 709831252, 20190901, 20190701, 4.0, Johny, https://www.tripadvisor.com/Profile/sanok2007, 59991aabfae985ce3b04382b99edff97, Excellent : 13 & Very Good : 28 & Average : 15 & Poor : 0 & Terrible : 0, /Attraction_Review-g274874-d12104806-Reviews-National_Liberation_Monument-Maribor_Styria_Region.html
National Liberation Monument, 2, 12, Monuments & Statues, Europe & Slovenia & Styria Region & Maribor & Things to Do in Maribor, 4.0, 46.55863, 15.65104, 705522744, 20190901, 20190601, 5.0, Niki R, https://www.tripadvisor.com/Profile/Niki58r, 0c02313fb3488547a756bd28a2c83320, Excellent : 13 & Very Good : 28 & Average : 15 & Poor : 0 & Terrible : 0, /Attraction_Review-g274874-d12104806-Reviews-National_Liberation_Monument-Maribor_Styria_Region.html
National Liberation Monument, 2, 12, Monuments & Statues, Europe & Slovenia & Styria Region & Maribor & Things to Do in Maribor, 4.0, 46.55863, 15.65104, 702228893, 20190801, 20190801, 4.0, Felix S, https://www.tripadvisor.com/Profile/FelixS722, 6c25a1d1767e8b0ebb12b807e71bf61c, Excellent : 13 & Very Good : 28 & Average : 15 & Poor : 0 & Terrible : 0, /Attraction_Review-g274874-d12104806-Reviews-National_Liberation_Monument-Maribor_Styria_Region.html
National Liberation Monument, 2, 12, Monuments & Statues, Europe & Slovenia & Styria Region & Maribor & Things to Do in Maribor, 4.0, 46.55863, 15.65104, 691997444, 20190701, 20190701, 3.0, CarloHelmond, https://www.tripadvisor.com/Profile/CarloHelmond, 8ad11d198dbf7c27a036d72f845149ba, Excellent : 13 & Very Good : 28 & Average : 15 & Poor : 0 & Terrible : 0, /Attraction_Review-g274874-d12104806-Reviews-National_Liberation_Monument-Maribor_Styria_Region.html
National Liberation Monument, 2, 12, Monuments & Statues, Europe & Slovenia & Styria Region & Maribor & Things to Do in Maribor, 4.0, 46.55863, 15.65104, 690454609, 20190701, 20190701, 4.0, stevenenhilde, https://www.tripadvisor.com/Profile/stevenenhilde, 33ba11ad9a2f0a98c919c26e0e8e9fba, Excellent : 13 & Very Good : 28 & Average : 15 & Poor : 0 & Terrible : 0, /Attraction_Review-g274874-d12104806-Reviews-National_Liberation_Monument-Maribor_Styria_Region.html
