review_location_name, review_current_page, review_last_page, review_location_type, review_location_breadcrumbs, review_location_rate, location_lat, location_lng, review_id, review_date, review_experience_date, review_rate, user_name, user_link, user_id, extra, parent_url
Mestni Trg, 2, 51, Points of Interest & Landmarks, Europe & Slovenia & Upper Carniola Region & Ljubljana & Things to Do in Ljubljana, 4.5, 46.056934, 14.505641, 738763371, 20200101, 20191201, 4.0, MitziMarmot, https://www.tripadvisor.com/Profile/MitziMarmot, c0bcd2fb354d17fd0dd0c9118dae883b, Excellent : 103 & Very Good : 117 & Average : 31 & Poor : 0 & Terrible : 0, /Attraction_Review-g274873-d5523574-Reviews-Mestni_Trg-Ljubljana_Upper_Carniola_Region.html
Mestni Trg, 2, 51, Points of Interest & Landmarks, Europe & Slovenia & Upper Carniola Region & Ljubljana & Things to Do in Ljubljana, 4.5, 46.056934, 14.505641, 734310801, 20191201, 20191201, 5.0, Maks matej C, https://www.tripadvisor.com/Profile/maksmatejc, 723181014256cf6eec48137116cdaf11, Excellent : 103 & Very Good : 117 & Average : 31 & Poor : 0 & Terrible : 0, /Attraction_Review-g274873-d5523574-Reviews-Mestni_Trg-Ljubljana_Upper_Carniola_Region.html
Mestni Trg, 2, 51, Points of Interest & Landmarks, Europe & Slovenia & Upper Carniola Region & Ljubljana & Things to Do in Ljubljana, 4.5, 46.056934, 14.505641, 729815968, 20191101, 20190601, 5.0, ViktoriaS, https://www.tripadvisor.com/Profile/223viktorias, ac40d32b6d7225e766f294590eedf403, Excellent : 103 & Very Good : 117 & Average : 31 & Poor : 0 & Terrible : 0, /Attraction_Review-g274873-d5523574-Reviews-Mestni_Trg-Ljubljana_Upper_Carniola_Region.html
Mestni Trg, 2, 51, Points of Interest & Landmarks, Europe & Slovenia & Upper Carniola Region & Ljubljana & Things to Do in Ljubljana, 4.5, 46.056934, 14.505641, 726413780, 20191101, 20190501, 4.0, Raffaella G, https://www.tripadvisor.com/Profile/417raffaellag, 60870a581472856e3c298d3fe308a9b0, Excellent : 103 & Very Good : 117 & Average : 31 & Poor : 0 & Terrible : 0, /Attraction_Review-g274873-d5523574-Reviews-Mestni_Trg-Ljubljana_Upper_Carniola_Region.html
Mestni Trg, 2, 51, Points of Interest & Landmarks, Europe & Slovenia & Upper Carniola Region & Ljubljana & Things to Do in Ljubljana, 4.5, 46.056934, 14.505641, 724683973, 20191101, 20191001, 4.0, stinkwink, https://www.tripadvisor.com/Profile/stinkwink, 52682b6c825044422df5a27327f027ff, Excellent : 103 & Very Good : 117 & Average : 31 & Poor : 0 & Terrible : 0, /Attraction_Review-g274873-d5523574-Reviews-Mestni_Trg-Ljubljana_Upper_Carniola_Region.html
