review_location_name, review_current_page, review_last_page, review_location_type, review_location_breadcrumbs, review_location_rate, location_lat, location_lng, review_id, review_date, review_experience_date, review_rate, user_name, user_link, user_id, extra, parent_url
Straza Bled, 1, 114, Nature & Wildlife Areas & Ski & Snowboard Areas, Europe & Slovenia & Upper Carniola Region & Bled & Things to Do in Bled, 4.5, 46.36917, 14.113181, 773474391, 20201001, 20191101, 4.0, Eyal Asher, https://www.tripadvisor.com/Profile/Eyal_Asher, bbe5ecdf10cf5bf49a6cf04adaaacebb, Excellent : 344 & Very Good : 153 & Average : 36 & Poor : 14 & Terrible : 19, /Attraction_Review-g274863-d4501625-Reviews-Straza_Bled-Bled_Upper_Carniola_Region.html
Straza Bled, 1, 114, Nature & Wildlife Areas & Ski & Snowboard Areas, Europe & Slovenia & Upper Carniola Region & Bled & Things to Do in Bled, 4.5, 46.36917, 14.113181, 771725282, 20200901, 20200901, 4.0, Fagio83, https://www.tripadvisor.com/Profile/Fagio83, 7c66a6d811b6ca2ce1bb0130996aac32, Excellent : 344 & Very Good : 153 & Average : 36 & Poor : 14 & Terrible : 19, /Attraction_Review-g274863-d4501625-Reviews-Straza_Bled-Bled_Upper_Carniola_Region.html
Straza Bled, 1, 114, Nature & Wildlife Areas & Ski & Snowboard Areas, Europe & Slovenia & Upper Carniola Region & Bled & Things to Do in Bled, 4.5, 46.36917, 14.113181, 762139767, 20200701, 20200701, 5.0, Sofie V, https://www.tripadvisor.com/Profile/607sofiev, 09e4b1fa41ea3535bc94c7af43e09a77, Excellent : 344 & Very Good : 153 & Average : 36 & Poor : 14 & Terrible : 19, /Attraction_Review-g274863-d4501625-Reviews-Straza_Bled-Bled_Upper_Carniola_Region.html
Straza Bled, 1, 114, Nature & Wildlife Areas & Ski & Snowboard Areas, Europe & Slovenia & Upper Carniola Region & Bled & Things to Do in Bled, 4.5, 46.36917, 14.113181, 751014662, 20200301, 20190701, 4.0, Stephanie G, https://www.tripadvisor.com/Profile/Z893LQstephaniew, 5cd28397b8bf4e7b6aa62362381b3cce, Excellent : 344 & Very Good : 153 & Average : 36 & Poor : 14 & Terrible : 19, /Attraction_Review-g274863-d4501625-Reviews-Straza_Bled-Bled_Upper_Carniola_Region.html
Straza Bled, 1, 114, Nature & Wildlife Areas & Ski & Snowboard Areas, Europe & Slovenia & Upper Carniola Region & Bled & Things to Do in Bled, 4.5, 46.36917, 14.113181, 727384994, 20191101, 20190901, 4.0, Daisy, https://www.tripadvisor.com/Profile/DSLDN7, f87abee02e80205a630a398dad24b5ea, Excellent : 344 & Very Good : 153 & Average : 36 & Poor : 14 & Terrible : 19, /Attraction_Review-g274863-d4501625-Reviews-Straza_Bled-Bled_Upper_Carniola_Region.html
