review_location_name, review_current_page, review_last_page, review_location_type, review_location_breadcrumbs, review_location_rate, location_lat, location_lng, review_id, review_date, review_experience_date, review_rate, user_name, user_link, user_id, extra, parent_url
Dragon Bridge (Zmajski Most), 106, 529, Bridges, Europe & Slovenia & Upper Carniola Region & Ljubljana & Things to Do in Ljubljana, 4.0, 46.056934, 14.505641, 621340463, 20181001, 20180801, 2.0, Aristofane, https://www.tripadvisor.com/Profile/Aristofane, 32b65437dba56a83666c8d9e02c72fb8, Excellent : 915 & Very Good : 1&&065 & Average : 583 & Poor : 71 & Terrible : 10, /Attraction_Review-g274873-d276337-Reviews-Dragon_Bridge_Zmajski_Most-Ljubljana_Upper_Carniola_Region.html
Dragon Bridge (Zmajski Most), 106, 529, Bridges, Europe & Slovenia & Upper Carniola Region & Ljubljana & Things to Do in Ljubljana, 4.0, 46.056934, 14.505641, 621321471, 20181001, 20180901, 5.0, Merja K, https://www.tripadvisor.com/Profile/MerjaK_13, 07aa76274924be8984916c3bfa3fc8e0, Excellent : 915 & Very Good : 1&&065 & Average : 583 & Poor : 71 & Terrible : 10, /Attraction_Review-g274873-d276337-Reviews-Dragon_Bridge_Zmajski_Most-Ljubljana_Upper_Carniola_Region.html
Dragon Bridge (Zmajski Most), 106, 529, Bridges, Europe & Slovenia & Upper Carniola Region & Ljubljana & Things to Do in Ljubljana, 4.0, 46.056934, 14.505641, 621307610, 20181001, 20180901, 5.0, Jim K, https://www.tripadvisor.com/Profile/jimk819, 2511084bf0a5f68d80a40d222b297396, Excellent : 915 & Very Good : 1&&065 & Average : 583 & Poor : 71 & Terrible : 10, /Attraction_Review-g274873-d276337-Reviews-Dragon_Bridge_Zmajski_Most-Ljubljana_Upper_Carniola_Region.html
Dragon Bridge (Zmajski Most), 106, 529, Bridges, Europe & Slovenia & Upper Carniola Region & Ljubljana & Things to Do in Ljubljana, 4.0, 46.056934, 14.505641, 621165778, 20181001, 20180901, 5.0, Mike S, https://www.tripadvisor.com/Profile/mikesS8405LJ, 665e202c6d0c18234a7d6a5c6281f71e, Excellent : 915 & Very Good : 1&&065 & Average : 583 & Poor : 71 & Terrible : 10, /Attraction_Review-g274873-d276337-Reviews-Dragon_Bridge_Zmajski_Most-Ljubljana_Upper_Carniola_Region.html
Dragon Bridge (Zmajski Most), 106, 529, Bridges, Europe & Slovenia & Upper Carniola Region & Ljubljana & Things to Do in Ljubljana, 4.0, 46.056934, 14.505641, 620790338, 20180901, 20180901, 4.0, Dirk R, https://www.tripadvisor.com/Profile/Soonwald-Liebe, e16a0d62b6020565022ff4497f2b6b95, Excellent : 915 & Very Good : 1&&065 & Average : 583 & Poor : 71 & Terrible : 10, /Attraction_Review-g274873-d276337-Reviews-Dragon_Bridge_Zmajski_Most-Ljubljana_Upper_Carniola_Region.html
