review_location_name, review_current_page, review_last_page, review_location_type, review_location_breadcrumbs, review_location_rate, location_lat, location_lng, review_id, review_date, review_experience_date, review_rate, user_name, user_link, user_id, extra, parent_url
Terme Olimia, 89, 141, Spas, Europe & Slovenia & Styria Region & Podcetrtek & Things to Do in Podcetrtek, 4.5, 46.156895, 15.596601, 332293868, 20151201, 20151201, 5.0, Jernej K, https://www.tripadvisor.com/Profile/JernejK10, 3d90672cf1e6afccdaf7f965d509f8b7, Excellent : 451 & Very Good : 169 & Average : 44 & Poor : 18 & Terrible : 19, /Attraction_Review-g1057702-d2230658-Reviews-Terme_Olimia-Podcetrtek_Styria_Region.html
Terme Olimia, 89, 141, Spas, Europe & Slovenia & Styria Region & Podcetrtek & Things to Do in Podcetrtek, 4.5, 46.156895, 15.596601, 331861459, 20151201, 20151201, 5.0, Maurizio M, https://www.tripadvisor.com/Profile/EnricoF977, 1de031077fdd72df4d3cd79728c047a4, Excellent : 451 & Very Good : 169 & Average : 44 & Poor : 18 & Terrible : 19, /Attraction_Review-g1057702-d2230658-Reviews-Terme_Olimia-Podcetrtek_Styria_Region.html
Terme Olimia, 89, 141, Spas, Europe & Slovenia & Styria Region & Podcetrtek & Things to Do in Podcetrtek, 4.5, 46.156895, 15.596601, 331787671, 20151201, 20151201, 5.0, Raffaele T, https://www.tripadvisor.com/Profile/RaffaeleT584, afc0807224f6287a4b43b9f530023818, Excellent : 451 & Very Good : 169 & Average : 44 & Poor : 18 & Terrible : 19, /Attraction_Review-g1057702-d2230658-Reviews-Terme_Olimia-Podcetrtek_Styria_Region.html
Terme Olimia, 89, 141, Spas, Europe & Slovenia & Styria Region & Podcetrtek & Things to Do in Podcetrtek, 4.5, 46.156895, 15.596601, 331414847, 20151201, 20151201, 3.0, Patrizia S, https://www.tripadvisor.com/Profile/59patrizias, 4f1930af80ff0af4d3f5ca9ff1ea1a6e, Excellent : 451 & Very Good : 169 & Average : 44 & Poor : 18 & Terrible : 19, /Attraction_Review-g1057702-d2230658-Reviews-Terme_Olimia-Podcetrtek_Styria_Region.html
Terme Olimia, 89, 141, Spas, Europe & Slovenia & Styria Region & Podcetrtek & Things to Do in Podcetrtek, 4.5, 46.156895, 15.596601, 328381941, 20151101, 20151101, 4.0, Aviana007, https://www.tripadvisor.com/Profile/Aviana007, 135faa898b3526d610c25d4be904daa2, Excellent : 451 & Very Good : 169 & Average : 44 & Poor : 18 & Terrible : 19, /Attraction_Review-g1057702-d2230658-Reviews-Terme_Olimia-Podcetrtek_Styria_Region.html
