review_location_name, review_current_page, review_last_page, review_location_type, review_location_breadcrumbs, review_location_rate, location_lat, location_lng, review_id, review_date, review_experience_date, review_rate, user_name, user_link, user_id, extra, parent_url
Terme Catez, 136, 144, Spas & Thermal Spas, Europe & Slovenia & Lower Carniola Region & Brezice & Things to Do in Brezice, 3.5, 45.90333, 15.59111, 137208658, 20120801, 20120101, 4.0, mandolo66, https://www.tripadvisor.com/Profile/mandolo66, 3db960020943d6e0f9c3ddc14baca951, Excellent : 172 & Very Good : 258 & Average : 151 & Poor : 62 & Terrible : 75, /Attraction_Review-g1567720-d615464-Reviews-Terme_Catez-Brezice_Lower_Carniola_Region.html
Terme Catez, 136, 144, Spas & Thermal Spas, Europe & Slovenia & Lower Carniola Region & Brezice & Things to Do in Brezice, 3.5, 45.90333, 15.59111, 137189991, 20120801, 20120801, 5.0, milucci69, https://www.tripadvisor.com/Profile/milucci69, e73f9911e12d8d910c4ecd727cfbe355, Excellent : 172 & Very Good : 258 & Average : 151 & Poor : 62 & Terrible : 75, /Attraction_Review-g1567720-d615464-Reviews-Terme_Catez-Brezice_Lower_Carniola_Region.html
Terme Catez, 136, 144, Spas & Thermal Spas, Europe & Slovenia & Lower Carniola Region & Brezice & Things to Do in Brezice, 3.5, 45.90333, 15.59111, 137054448, 20120801, 20120801, 4.0, tschuess4you, https://www.tripadvisor.com/Profile/tschuess4you, 1c50edfce01519b36bc3e52514101a9a, Excellent : 172 & Very Good : 258 & Average : 151 & Poor : 62 & Terrible : 75, /Attraction_Review-g1567720-d615464-Reviews-Terme_Catez-Brezice_Lower_Carniola_Region.html
Terme Catez, 136, 144, Spas & Thermal Spas, Europe & Slovenia & Lower Carniola Region & Brezice & Things to Do in Brezice, 3.5, 45.90333, 15.59111, 136393943, 20120801, 20120801, 4.0, Daniela G, https://www.tripadvisor.com/Profile/danielag970, ebf35a72074f4c601629dbd8927406fc, Excellent : 172 & Very Good : 258 & Average : 151 & Poor : 62 & Terrible : 75, /Attraction_Review-g1567720-d615464-Reviews-Terme_Catez-Brezice_Lower_Carniola_Region.html
Terme Catez, 136, 144, Spas & Thermal Spas, Europe & Slovenia & Lower Carniola Region & Brezice & Things to Do in Brezice, 3.5, 45.90333, 15.59111, 132519150, 20120601, 20120601, 4.0, Mike5906, https://www.tripadvisor.com/Profile/Mike5906, 33043c99702860857f28d25158763f39, Excellent : 172 & Very Good : 258 & Average : 151 & Poor : 62 & Terrible : 75, /Attraction_Review-g1567720-d615464-Reviews-Terme_Catez-Brezice_Lower_Carniola_Region.html
