review_location_name, review_current_page, review_last_page, review_location_type, review_location_breadcrumbs, review_location_rate, location_lat, location_lng, review_id, review_date, review_experience_date, review_rate, user_name, user_link, user_id, extra, parent_url
Predjama Castle, 450, 724, Castles, Europe & Slovenia & Inner Carniola Region & Postojna & Things to Do in Postojna, 4.5, 45.77471, 14.21301, 399441358, 20160701, 20160701, 4.0, lopsa, https://www.tripadvisor.com/Profile/lopsa, 3b75cc12e1ef9fd6b226b04396727d92, Excellent : 2&&386 & Very Good : 1&&001 & Average : 197 & Poor : 25 & Terrible : 11, /Attraction_Review-g274878-d277346-Reviews-Predjama_Castle-Postojna_Inner_Carniola_Region.html
Predjama Castle, 450, 724, Castles, Europe & Slovenia & Inner Carniola Region & Postojna & Things to Do in Postojna, 4.5, 45.77471, 14.21301, 399214922, 20160701, 20160701, 5.0, Naturlig_Kritisk, https://www.tripadvisor.com/Profile/Naturlig_Kritisk, b95ecf32748d2e0fd375b35beec67df1, Excellent : 2&&386 & Very Good : 1&&001 & Average : 197 & Poor : 25 & Terrible : 11, /Attraction_Review-g274878-d277346-Reviews-Predjama_Castle-Postojna_Inner_Carniola_Region.html
Predjama Castle, 450, 724, Castles, Europe & Slovenia & Inner Carniola Region & Postojna & Things to Do in Postojna, 4.5, 45.77471, 14.21301, 399163116, 20160701, 20160701, 4.0, Marcello P, https://www.tripadvisor.com/Profile/marcellop165, b2a985afe2476e62862d1e175217492d, Excellent : 2&&386 & Very Good : 1&&001 & Average : 197 & Poor : 25 & Terrible : 11, /Attraction_Review-g274878-d277346-Reviews-Predjama_Castle-Postojna_Inner_Carniola_Region.html
Predjama Castle, 450, 724, Castles, Europe & Slovenia & Inner Carniola Region & Postojna & Things to Do in Postojna, 4.5, 45.77471, 14.21301, 399068394, 20160701, 20160701, 5.0, Razgurci, https://www.tripadvisor.com/Profile/Razgurci, bbd1920281ba97e13275c5e44e97fd9c, Excellent : 2&&386 & Very Good : 1&&001 & Average : 197 & Poor : 25 & Terrible : 11, /Attraction_Review-g274878-d277346-Reviews-Predjama_Castle-Postojna_Inner_Carniola_Region.html
Predjama Castle, 450, 724, Castles, Europe & Slovenia & Inner Carniola Region & Postojna & Things to Do in Postojna, 4.5, 45.77471, 14.21301, 398938612, 20160701, 20160701, 5.0, Magenmazal, https://www.tripadvisor.com/Profile/Magenmazal, 69f9f0f145baa9f50deb8f5048b2fa65, Excellent : 2&&386 & Very Good : 1&&001 & Average : 197 & Poor : 25 & Terrible : 11, /Attraction_Review-g274878-d277346-Reviews-Predjama_Castle-Postojna_Inner_Carniola_Region.html
