review_location_name, review_current_page, review_last_page, review_location_type, review_location_breadcrumbs, review_location_rate, location_lat, location_lng, review_id, review_date, review_experience_date, review_rate, user_name, user_link, user_id, extra, parent_url
Koper Cathedral and Bell Tower, 18, 72, Churches & Cathedrals, Europe & Slovenia & Slovenian Littoral Region & Slovenian Istria & Koper & Things to Do in Koper, 4.0, 45.53975, 13.73332, 534922436, 20171001, 20170801, 4.0, Drum_Davey, https://www.tripadvisor.com/Profile/Drum_Davey, 8368905acb84fc4cbf2ce9a73d9625c1, Excellent : 136 & Very Good : 168 & Average : 47 & Poor : 5 & Terrible : 1, /Attraction_Review-g312722-d2345282-Reviews-Koper_Cathedral_and_Bell_Tower-Koper_Slovenian_Istria_Slovenian_Littoral_Region.html
Koper Cathedral and Bell Tower, 18, 72, Churches & Cathedrals, Europe & Slovenia & Slovenian Littoral Region & Slovenian Istria & Koper & Things to Do in Koper, 4.0, 45.53975, 13.73332, 533749924, 20171001, 20171001, 5.0, ZeebruggeExplorer, https://www.tripadvisor.com/Profile/ZeebruggeExplorer, 7c86449fe768ef5c308dafd5601e8e38, Excellent : 136 & Very Good : 168 & Average : 47 & Poor : 5 & Terrible : 1, /Attraction_Review-g312722-d2345282-Reviews-Koper_Cathedral_and_Bell_Tower-Koper_Slovenian_Istria_Slovenian_Littoral_Region.html
Koper Cathedral and Bell Tower, 18, 72, Churches & Cathedrals, Europe & Slovenia & Slovenian Littoral Region & Slovenian Istria & Koper & Things to Do in Koper, 4.0, 45.53975, 13.73332, 530387297, 20171001, 20170701, 4.0, BigHugh51, https://www.tripadvisor.com/Profile/BigHugh51, b08c85bf9b77ba74aa614f1b7cd7e32f, Excellent : 136 & Very Good : 168 & Average : 47 & Poor : 5 & Terrible : 1, /Attraction_Review-g312722-d2345282-Reviews-Koper_Cathedral_and_Bell_Tower-Koper_Slovenian_Istria_Slovenian_Littoral_Region.html
Koper Cathedral and Bell Tower, 18, 72, Churches & Cathedrals, Europe & Slovenia & Slovenian Littoral Region & Slovenian Istria & Koper & Things to Do in Koper, 4.0, 45.53975, 13.73332, 528788422, 20171001, 20170901, 4.0, Ilario B, https://www.tripadvisor.com/Profile/Ilari0, 8922cd454d360a07478d10ba5505f0f1, Excellent : 136 & Very Good : 168 & Average : 47 & Poor : 5 & Terrible : 1, /Attraction_Review-g312722-d2345282-Reviews-Koper_Cathedral_and_Bell_Tower-Koper_Slovenian_Istria_Slovenian_Littoral_Region.html
Koper Cathedral and Bell Tower, 18, 72, Churches & Cathedrals, Europe & Slovenia & Slovenian Littoral Region & Slovenian Istria & Koper & Things to Do in Koper, 4.0, 45.53975, 13.73332, 527057236, 20170901, 20170901, 3.0, Lauren, https://www.tripadvisor.com/Profile/LaurenPhil, 5322b9909df8d2a7dfcc317f222bbe4c, Excellent : 136 & Very Good : 168 & Average : 47 & Poor : 5 & Terrible : 1, /Attraction_Review-g312722-d2345282-Reviews-Koper_Cathedral_and_Bell_Tower-Koper_Slovenian_Istria_Slovenian_Littoral_Region.html
