review_location_name, review_current_page, review_last_page, review_location_type, review_location_breadcrumbs, review_location_rate, location_lat, location_lng, review_id, review_date, review_experience_date, review_rate, user_name, user_link, user_id, extra, parent_url
Butcher's Bridge, 96, 137, Bridges, Europe & Slovenia & Upper Carniola Region & Ljubljana & Things to Do in Ljubljana, 4.0, 46.056934, 14.505641, 359218998, 20160301, 20160301, 4.0, Mai N, https://www.tripadvisor.com/Profile/MaiN237, 88915edabf070b809570f1c79d690231, Excellent : 175 & Very Good : 283 & Average : 204 & Poor : 20 & Terrible : 3, /Attraction_Review-g274873-d2360134-Reviews-Butcher_s_Bridge-Ljubljana_Upper_Carniola_Region.html
Butcher's Bridge, 96, 137, Bridges, Europe & Slovenia & Upper Carniola Region & Ljubljana & Things to Do in Ljubljana, 4.0, 46.056934, 14.505641, 359154160, 20160301, 20150601, 2.0, Alajna S, https://www.tripadvisor.com/Profile/ksantypa2016, 64ab3809d5878419d518d5e4d7a41ea4, Excellent : 175 & Very Good : 283 & Average : 204 & Poor : 20 & Terrible : 3, /Attraction_Review-g274873-d2360134-Reviews-Butcher_s_Bridge-Ljubljana_Upper_Carniola_Region.html
Butcher's Bridge, 96, 137, Bridges, Europe & Slovenia & Upper Carniola Region & Ljubljana & Things to Do in Ljubljana, 4.0, 46.056934, 14.505641, 358631454, 20160301, 20160301, 4.0, Graziano G, https://www.tripadvisor.com/Profile/grazianog281, 83d6081b8c77a85767b323ae28e76a98, Excellent : 175 & Very Good : 283 & Average : 204 & Poor : 20 & Terrible : 3, /Attraction_Review-g274873-d2360134-Reviews-Butcher_s_Bridge-Ljubljana_Upper_Carniola_Region.html
Butcher's Bridge, 96, 137, Bridges, Europe & Slovenia & Upper Carniola Region & Ljubljana & Things to Do in Ljubljana, 4.0, 46.056934, 14.505641, 357283667, 20160301, 20160301, 4.0, Abusultan, https://www.tripadvisor.com/Profile/Abusultan, 45fe9be002b5c1a6cae38e86b8cd40c4, Excellent : 175 & Very Good : 283 & Average : 204 & Poor : 20 & Terrible : 3, /Attraction_Review-g274873-d2360134-Reviews-Butcher_s_Bridge-Ljubljana_Upper_Carniola_Region.html
Butcher's Bridge, 96, 137, Bridges, Europe & Slovenia & Upper Carniola Region & Ljubljana & Things to Do in Ljubljana, 4.0, 46.056934, 14.505641, 356816921, 20160301, 20160301, 5.0, Clément L, https://www.tripadvisor.com/Profile/614cl_mentl, 9d51bb6f501885b531d476f1f210c36b, Excellent : 175 & Very Good : 283 & Average : 204 & Poor : 20 & Terrible : 3, /Attraction_Review-g274873-d2360134-Reviews-Butcher_s_Bridge-Ljubljana_Upper_Carniola_Region.html
