review_location_name, review_current_page, review_last_page, review_location_type, review_location_breadcrumbs, review_location_rate, location_lat, location_lng, review_id, review_date, review_experience_date, review_rate, user_name, user_link, user_id, extra, parent_url
Church of St. George, 82, 103, Sacred & Religious Sites, Europe & Slovenia & Slovenian Littoral Region & Slovenian Istria & Piran & Things to Do in Piran, 4.5, 45.528152, 13.568084, 299884465, 20150801, 20150701, 5.0, Mark F, https://www.tripadvisor.com/Profile/markfI5635LG, 398646ca537289acb055d72208d68f6b, Excellent : 274 & Very Good : 199 & Average : 34 & Poor : 4 & Terrible : 3, /Attraction_Review-g274876-d2344931-Reviews-Church_of_St_George-Piran_Slovenian_Istria_Slovenian_Littoral_Region.html
Church of St. George, 82, 103, Sacred & Religious Sites, Europe & Slovenia & Slovenian Littoral Region & Slovenian Istria & Piran & Things to Do in Piran, 4.5, 45.528152, 13.568084, 299377110, 20150801, 20150701, 4.0, Helene I, https://www.tripadvisor.com/Profile/574helenei, ecb02ebb8878faa601112335ada0fdae, Excellent : 274 & Very Good : 199 & Average : 34 & Poor : 4 & Terrible : 3, /Attraction_Review-g274876-d2344931-Reviews-Church_of_St_George-Piran_Slovenian_Istria_Slovenian_Littoral_Region.html
Church of St. George, 82, 103, Sacred & Religious Sites, Europe & Slovenia & Slovenian Littoral Region & Slovenian Istria & Piran & Things to Do in Piran, 4.5, 45.528152, 13.568084, 298177568, 20150801, 20150701, 4.0, KDB1310, https://www.tripadvisor.com/Profile/KDB1310, af664e9efb8c14fb6f5dac56851547aa, Excellent : 274 & Very Good : 199 & Average : 34 & Poor : 4 & Terrible : 3, /Attraction_Review-g274876-d2344931-Reviews-Church_of_St_George-Piran_Slovenian_Istria_Slovenian_Littoral_Region.html
Church of St. George, 82, 103, Sacred & Religious Sites, Europe & Slovenia & Slovenian Littoral Region & Slovenian Istria & Piran & Things to Do in Piran, 4.5, 45.528152, 13.568084, 297990688, 20150801, 20150701, 4.0, Jemaranhao, https://www.tripadvisor.com/Profile/Jemaranhao, 8b73a655a4181fabdfbd866f52186ea3, Excellent : 274 & Very Good : 199 & Average : 34 & Poor : 4 & Terrible : 3, /Attraction_Review-g274876-d2344931-Reviews-Church_of_St_George-Piran_Slovenian_Istria_Slovenian_Littoral_Region.html
Church of St. George, 82, 103, Sacred & Religious Sites, Europe & Slovenia & Slovenian Littoral Region & Slovenian Istria & Piran & Things to Do in Piran, 4.5, 45.528152, 13.568084, 295472196, 20150801, 20150801, 4.0, Tyler L, https://www.tripadvisor.com/Profile/TylerL652, 44d666bb7435edbe13137f501c607feb, Excellent : 274 & Very Good : 199 & Average : 34 & Poor : 4 & Terrible : 3, /Attraction_Review-g274876-d2344931-Reviews-Church_of_St_George-Piran_Slovenian_Istria_Slovenian_Littoral_Region.html
