review_location_name, review_current_page, review_last_page, review_location_type, review_location_breadcrumbs, review_location_rate, location_lat, location_lng, review_id, review_date, review_experience_date, review_rate, user_name, user_link, user_id, extra, parent_url
Soca Valley, 27, 37, Bodies of Water & Valleys, Europe & Slovenia & Slovenian Littoral Region & Bovec & Things to Do in Bovec, 5.0, 46.33761, 13.55976, 510791160, 20170801, 20170501, 5.0, kpiddy, https://www.tripadvisor.com/Profile/kpiddy, 5f3eede9cdb951ebf352d37804b18c74, Excellent : 165 & Very Good : 17 & Average : 0 & Poor : 0 & Terrible : 0, /Attraction_Review-g274866-d298652-Reviews-Soca_Valley-Bovec_Slovenian_Littoral_Region.html
Soca Valley, 27, 37, Bodies of Water & Valleys, Europe & Slovenia & Slovenian Littoral Region & Bovec & Things to Do in Bovec, 5.0, 46.33761, 13.55976, 510540506, 20170801, 20170601, 5.0, Tiina R, https://www.tripadvisor.com/Profile/TiinaR245, ee115ddb841ebabd3d08c29199945023, Excellent : 165 & Very Good : 17 & Average : 0 & Poor : 0 & Terrible : 0, /Attraction_Review-g274866-d298652-Reviews-Soca_Valley-Bovec_Slovenian_Littoral_Region.html
Soca Valley, 27, 37, Bodies of Water & Valleys, Europe & Slovenia & Slovenian Littoral Region & Bovec & Things to Do in Bovec, 5.0, 46.33761, 13.55976, 508637081, 20170801, 20170801, 5.0, shshmex, https://www.tripadvisor.com/Profile/shshmex, 116e68492f44e5d7be061d2e664575b1, Excellent : 165 & Very Good : 17 & Average : 0 & Poor : 0 & Terrible : 0, /Attraction_Review-g274866-d298652-Reviews-Soca_Valley-Bovec_Slovenian_Littoral_Region.html
Soca Valley, 27, 37, Bodies of Water & Valleys, Europe & Slovenia & Slovenian Littoral Region & Bovec & Things to Do in Bovec, 5.0, 46.33761, 13.55976, 507980589, 20170801, 20170801, 5.0, Ike1974, https://www.tripadvisor.com/Profile/Ike1974, 4b6cc0a3bc12765c1b7b9f5c413ec1a0, Excellent : 165 & Very Good : 17 & Average : 0 & Poor : 0 & Terrible : 0, /Attraction_Review-g274866-d298652-Reviews-Soca_Valley-Bovec_Slovenian_Littoral_Region.html
Soca Valley, 27, 37, Bodies of Water & Valleys, Europe & Slovenia & Slovenian Littoral Region & Bovec & Things to Do in Bovec, 5.0, 46.33761, 13.55976, 507855991, 20170801, 20170801, 5.0, baileyhawke, https://www.tripadvisor.com/Profile/baileyhawke, fa4e219fd8d65629581beddfeae1f532, Excellent : 165 & Very Good : 17 & Average : 0 & Poor : 0 & Terrible : 0, /Attraction_Review-g274866-d298652-Reviews-Soca_Valley-Bovec_Slovenian_Littoral_Region.html
