review_location_name, review_current_page, review_last_page, review_location_type, review_location_breadcrumbs, review_location_rate, location_lat, location_lng, review_id, review_date, review_experience_date, review_rate, user_name, user_link, user_id, extra, parent_url
Bled Castle (Blejski Grad), 164, 883, Castles, Europe & Slovenia & Upper Carniola Region & Bled & Things to Do in Bled, 4.0, 46.36917, 14.113181, 609908450, 20180801, 20180801, 2.0, Vogliadilondra, https://www.tripadvisor.com/Profile/Vogliadilondra, 9eb4df2872a171b925f2123500e17d29, Excellent : 1&&594 & Very Good : 1&&613 & Average : 761 & Poor : 283 & Terrible : 161, /Attraction_Review-g274863-d300864-Reviews-Bled_Castle_Blejski_Grad-Bled_Upper_Carniola_Region.html
Bled Castle (Blejski Grad), 164, 883, Castles, Europe & Slovenia & Upper Carniola Region & Bled & Things to Do in Bled, 4.0, 46.36917, 14.113181, 609864447, 20180801, 20180801, 3.0, Peter S, https://www.tripadvisor.com/Profile/272PeterS272, 779bf28709a002a421fc75bf03c94b48, Excellent : 1&&594 & Very Good : 1&&613 & Average : 761 & Poor : 283 & Terrible : 161, /Attraction_Review-g274863-d300864-Reviews-Bled_Castle_Blejski_Grad-Bled_Upper_Carniola_Region.html
Bled Castle (Blejski Grad), 164, 883, Castles, Europe & Slovenia & Upper Carniola Region & Bled & Things to Do in Bled, 4.0, 46.36917, 14.113181, 609812844, 20180801, 20180801, 5.0, Renne M, https://www.tripadvisor.com/Profile/250rennem, 4f53916c6e56199330ff4a519b69e5a7, Excellent : 1&&594 & Very Good : 1&&613 & Average : 761 & Poor : 283 & Terrible : 161, /Attraction_Review-g274863-d300864-Reviews-Bled_Castle_Blejski_Grad-Bled_Upper_Carniola_Region.html
Bled Castle (Blejski Grad), 164, 883, Castles, Europe & Slovenia & Upper Carniola Region & Bled & Things to Do in Bled, 4.0, 46.36917, 14.113181, 609627102, 20180801, 20180801, 1.0, Gianluca F, https://www.tripadvisor.com/Profile/455gianlucaf, b31201e5820bb26fba893a877540f97f, Excellent : 1&&594 & Very Good : 1&&613 & Average : 761 & Poor : 283 & Terrible : 161, /Attraction_Review-g274863-d300864-Reviews-Bled_Castle_Blejski_Grad-Bled_Upper_Carniola_Region.html
Bled Castle (Blejski Grad), 164, 883, Castles, Europe & Slovenia & Upper Carniola Region & Bled & Things to Do in Bled, 4.0, 46.36917, 14.113181, 609556844, 20180801, 20180801, 4.0, Massimo ARCPHOTO, https://www.tripadvisor.com/Profile/maxphoto75, 3050f8e45c3fd8eca4334516796c3605, Excellent : 1&&594 & Very Good : 1&&613 & Average : 761 & Poor : 283 & Terrible : 161, /Attraction_Review-g274863-d300864-Reviews-Bled_Castle_Blejski_Grad-Bled_Upper_Carniola_Region.html
