review_location_name, review_current_page, review_last_page, review_location_type, review_location_breadcrumbs, review_location_rate, location_lat, location_lng, review_id, review_date, review_experience_date, review_rate, user_name, user_link, user_id, extra, parent_url
Slovenski Etnografski Muzej, 13, 21, Specialty Museums, Europe & Slovenia & Upper Carniola Region & Ljubljana & Things to Do in Ljubljana, 4.5, 46.056934, 14.505641, 372876090, 20160501, 20160501, 5.0, mikatu, https://www.tripadvisor.com/Profile/mikatu, cbcb6a11e59bc3e43a033be079d53f42, Excellent : 56 & Very Good : 34 & Average : 11 & Poor : 3 & Terrible : 0, /Attraction_Review-g274873-d2695287-Reviews-Slovenski_Etnografski_Muzej-Ljubljana_Upper_Carniola_Region.html
Slovenski Etnografski Muzej, 13, 21, Specialty Museums, Europe & Slovenia & Upper Carniola Region & Ljubljana & Things to Do in Ljubljana, 4.5, 46.056934, 14.505641, 371127124, 20160501, 20160501, 5.0, Hana N, https://www.tripadvisor.com/Profile/hanii666, 6ea95452bd4a890956c45d3681e9292e, Excellent : 56 & Very Good : 34 & Average : 11 & Poor : 3 & Terrible : 0, /Attraction_Review-g274873-d2695287-Reviews-Slovenski_Etnografski_Muzej-Ljubljana_Upper_Carniola_Region.html
Slovenski Etnografski Muzej, 13, 21, Specialty Museums, Europe & Slovenia & Upper Carniola Region & Ljubljana & Things to Do in Ljubljana, 4.5, 46.056934, 14.505641, 362196658, 20160401, 20160401, 4.0, ganara, https://www.tripadvisor.com/Profile/ganara, 072594898cbe6ee4b794b8b5a1a8ecf7, Excellent : 56 & Very Good : 34 & Average : 11 & Poor : 3 & Terrible : 0, /Attraction_Review-g274873-d2695287-Reviews-Slovenski_Etnografski_Muzej-Ljubljana_Upper_Carniola_Region.html
Slovenski Etnografski Muzej, 13, 21, Specialty Museums, Europe & Slovenia & Upper Carniola Region & Ljubljana & Things to Do in Ljubljana, 4.5, 46.056934, 14.505641, 355999581, 20160301, 20160301, 4.0, janefromtexas, https://www.tripadvisor.com/Profile/janefromtexas, 3fece7995dc6a6f8a5f4d70a20f9cf23, Excellent : 56 & Very Good : 34 & Average : 11 & Poor : 3 & Terrible : 0, /Attraction_Review-g274873-d2695287-Reviews-Slovenski_Etnografski_Muzej-Ljubljana_Upper_Carniola_Region.html
Slovenski Etnografski Muzej, 13, 21, Specialty Museums, Europe & Slovenia & Upper Carniola Region & Ljubljana & Things to Do in Ljubljana, 4.5, 46.056934, 14.505641, 353370800, 20160301, 20160301, 5.0, geoffk665, https://www.tripadvisor.com/Profile/geoffk665, 56fec6192f4ac38b746f6e79bbd0621a, Excellent : 56 & Very Good : 34 & Average : 11 & Poor : 3 & Terrible : 0, /Attraction_Review-g274873-d2695287-Reviews-Slovenski_Etnografski_Muzej-Ljubljana_Upper_Carniola_Region.html
