review_location_name, review_current_page, review_last_page, review_location_type, review_location_breadcrumbs, review_location_rate, location_lat, location_lng, review_id, review_date, review_experience_date, review_rate, user_name, user_link, user_id, extra, parent_url
Lake Bohinj, 16, 289, Bodies of Water, Europe & Slovenia & Upper Carniola Region & Bohinjsko Jezero & Things to Do in Bohinjsko Jezero, 4.5, 46.28677, 13.863281, 715502893, 20191001, 20190901, 5.0, Raja R, https://www.tripadvisor.com/Profile/RajaR957, 5fc2d8c1fffebe2f9ec9931db291a156, Excellent : 1&&144 & Very Good : 245 & Average : 42 & Poor : 7 & Terrible : 5, /Attraction_Review-g274865-d296736-Reviews-Lake_Bohinj-Bohinjsko_Jezero_Upper_Carniola_Region.html
Lake Bohinj, 16, 289, Bodies of Water, Europe & Slovenia & Upper Carniola Region & Bohinjsko Jezero & Things to Do in Bohinjsko Jezero, 4.5, 46.28677, 13.863281, 713417744, 20190901, 20190801, 5.0, Z ♥️ travelling, https://www.tripadvisor.com/Profile/zlvtravel, 32ec4f06bef71fb5b9e8c51fcbffa2d8, Excellent : 1&&144 & Very Good : 245 & Average : 42 & Poor : 7 & Terrible : 5, /Attraction_Review-g274865-d296736-Reviews-Lake_Bohinj-Bohinjsko_Jezero_Upper_Carniola_Region.html
Lake Bohinj, 16, 289, Bodies of Water, Europe & Slovenia & Upper Carniola Region & Bohinjsko Jezero & Things to Do in Bohinjsko Jezero, 4.5, 46.28677, 13.863281, 712933613, 20190901, 20190901, 5.0, HawaiiCondo, https://www.tripadvisor.com/Profile/HawaiiCondo, 408a2a263cc0709608c5ea111132f74d, Excellent : 1&&144 & Very Good : 245 & Average : 42 & Poor : 7 & Terrible : 5, /Attraction_Review-g274865-d296736-Reviews-Lake_Bohinj-Bohinjsko_Jezero_Upper_Carniola_Region.html
Lake Bohinj, 16, 289, Bodies of Water, Europe & Slovenia & Upper Carniola Region & Bohinjsko Jezero & Things to Do in Bohinjsko Jezero, 4.5, 46.28677, 13.863281, 712660043, 20190901, 20190901, 5.0, MrockW, https://www.tripadvisor.com/Profile/MrockW, fbe07ef47478ab2d748aa8fc14c64f19, Excellent : 1&&144 & Very Good : 245 & Average : 42 & Poor : 7 & Terrible : 5, /Attraction_Review-g274865-d296736-Reviews-Lake_Bohinj-Bohinjsko_Jezero_Upper_Carniola_Region.html
Lake Bohinj, 16, 289, Bodies of Water, Europe & Slovenia & Upper Carniola Region & Bohinjsko Jezero & Things to Do in Bohinjsko Jezero, 4.5, 46.28677, 13.863281, 712598748, 20190901, 20190801, 4.0, Dameon G, https://www.tripadvisor.com/Profile/DameonG38, f3619afff99c7aa0e1ce587b4c98edca, Excellent : 1&&144 & Very Good : 245 & Average : 42 & Poor : 7 & Terrible : 5, /Attraction_Review-g274865-d296736-Reviews-Lake_Bohinj-Bohinjsko_Jezero_Upper_Carniola_Region.html
