review_location_name, review_current_page, review_last_page, review_location_type, review_location_breadcrumbs, review_location_rate, location_lat, location_lng, review_id, review_date, review_experience_date, review_rate, user_name, user_link, user_id, extra, parent_url
Museo Militare Di Pivka, 7, 13, Points of Interest & Landmarks, Europe & Slovenia & Inner Carniola Region & Pivka & Things to Do in Pivka, 4.5, 45.68238, 14.19771, 515288884, 20170801, 20170801, 5.0, nuvolina09, https://www.tripadvisor.com/Profile/nuvolina09, f064ccac6aabf4a373afc638c306dac1, Excellent : 40 & Very Good : 17 & Average : 4 & Poor : 0 & Terrible : 0, /Attraction_Review-g1887828-d4473199-Reviews-Museo_Militare_Di_Pivka-Pivka_Inner_Carniola_Region.html
Museo Militare Di Pivka, 7, 13, Points of Interest & Landmarks, Europe & Slovenia & Inner Carniola Region & Pivka & Things to Do in Pivka, 4.5, 45.68238, 14.19771, 515179516, 20170801, 20170801, 5.0, FellowTraveler727378, https://www.tripadvisor.com/Profile/FellowTraveler727378, 615f51e3c96b733fe0aeb07e2a581c04, Excellent : 40 & Very Good : 17 & Average : 4 & Poor : 0 & Terrible : 0, /Attraction_Review-g1887828-d4473199-Reviews-Museo_Militare_Di_Pivka-Pivka_Inner_Carniola_Region.html
Museo Militare Di Pivka, 7, 13, Points of Interest & Landmarks, Europe & Slovenia & Inner Carniola Region & Pivka & Things to Do in Pivka, 4.5, 45.68238, 14.19771, 514441982, 20170801, 20170701, 5.0, Bojan J, https://www.tripadvisor.com/Profile/BojanJ5, 7416950ce4aeef06a5f34f974f528464, Excellent : 40 & Very Good : 17 & Average : 4 & Poor : 0 & Terrible : 0, /Attraction_Review-g1887828-d4473199-Reviews-Museo_Militare_Di_Pivka-Pivka_Inner_Carniola_Region.html
Museo Militare Di Pivka, 7, 13, Points of Interest & Landmarks, Europe & Slovenia & Inner Carniola Region & Pivka & Things to Do in Pivka, 4.5, 45.68238, 14.19771, 513083797, 20170801, 20170701, 5.0, tribhaa, https://www.tripadvisor.com/Profile/tribhaa, 0af91be227abb26341b8b7f6c1c0c25a, Excellent : 40 & Very Good : 17 & Average : 4 & Poor : 0 & Terrible : 0, /Attraction_Review-g1887828-d4473199-Reviews-Museo_Militare_Di_Pivka-Pivka_Inner_Carniola_Region.html
Museo Militare Di Pivka, 7, 13, Points of Interest & Landmarks, Europe & Slovenia & Inner Carniola Region & Pivka & Things to Do in Pivka, 4.5, 45.68238, 14.19771, 481043346, 20170501, 20170401, 5.0, luisa b, https://www.tripadvisor.com/Profile/luisab924, 22ab937776ecb7a137dcda435e945a17, Excellent : 40 & Very Good : 17 & Average : 4 & Poor : 0 & Terrible : 0, /Attraction_Review-g1887828-d4473199-Reviews-Museo_Militare_Di_Pivka-Pivka_Inner_Carniola_Region.html
