review_location_name, review_current_page, review_last_page, review_location_type, review_location_breadcrumbs, review_location_rate, location_lat, location_lng, review_id, review_date, review_experience_date, review_rate, user_name, user_link, user_id, extra, parent_url
Muda Gate, 13, 20, Historic Sites, Europe & Slovenia & Slovenian Littoral Region & Slovenian Istria & Koper & Things to Do in Koper, 4.0, 45.53975, 13.73332, 403653336, 20160801, 20160701, 4.0, Ann V, https://www.tripadvisor.com/Profile/161annv, 47d9311ec75a0a1fe82a0d6aed55c2a9, Excellent : 13 & Very Good : 51 & Average : 33 & Poor : 2 & Terrible : 0, /Attraction_Review-g312722-d3626496-Reviews-Muda_Gate-Koper_Slovenian_Istria_Slovenian_Littoral_Region.html
Muda Gate, 13, 20, Historic Sites, Europe & Slovenia & Slovenian Littoral Region & Slovenian Istria & Koper & Things to Do in Koper, 4.0, 45.53975, 13.73332, 396738824, 20160701, 20160701, 3.0, Lee m, https://www.tripadvisor.com/Profile/R3181FTleem, a7ff9ada1bfcf54d54806e36b5c6106d, Excellent : 13 & Very Good : 51 & Average : 33 & Poor : 2 & Terrible : 0, /Attraction_Review-g312722-d3626496-Reviews-Muda_Gate-Koper_Slovenian_Istria_Slovenian_Littoral_Region.html
Muda Gate, 13, 20, Historic Sites, Europe & Slovenia & Slovenian Littoral Region & Slovenian Istria & Koper & Things to Do in Koper, 4.0, 45.53975, 13.73332, 393022409, 20160701, 20160701, 3.0, Travelingjohn123, https://www.tripadvisor.com/Profile/Travelingjohn123, 8c594395afdfdc187ec8aecb254a4a33, Excellent : 13 & Very Good : 51 & Average : 33 & Poor : 2 & Terrible : 0, /Attraction_Review-g312722-d3626496-Reviews-Muda_Gate-Koper_Slovenian_Istria_Slovenian_Littoral_Region.html
Muda Gate, 13, 20, Historic Sites, Europe & Slovenia & Slovenian Littoral Region & Slovenian Istria & Koper & Things to Do in Koper, 4.0, 45.53975, 13.73332, 392975661, 20160701, 20160601, 3.0, VinnyGrette, https://www.tripadvisor.com/Profile/VinnyGrette, ff411699c07007864760c6dbbcacd676, Excellent : 13 & Very Good : 51 & Average : 33 & Poor : 2 & Terrible : 0, /Attraction_Review-g312722-d3626496-Reviews-Muda_Gate-Koper_Slovenian_Istria_Slovenian_Littoral_Region.html
Muda Gate, 13, 20, Historic Sites, Europe & Slovenia & Slovenian Littoral Region & Slovenian Istria & Koper & Things to Do in Koper, 4.0, 45.53975, 13.73332, 392812511, 20160701, 20160601, 4.0, greeneyes45, https://www.tripadvisor.com/Profile/greeneyes45, 467e1ac832c080440ace875207246ddb, Excellent : 13 & Very Good : 51 & Average : 33 & Poor : 2 & Terrible : 0, /Attraction_Review-g312722-d3626496-Reviews-Muda_Gate-Koper_Slovenian_Istria_Slovenian_Littoral_Region.html
