review_location_name, review_current_page, review_last_page, review_location_type, review_location_breadcrumbs, review_location_rate, location_lat, location_lng, review_id, review_date, review_experience_date, review_rate, user_name, user_link, user_id, extra, parent_url
National Museum of Slovenia, 15, 26, History Museums, Europe & Slovenia & Upper Carniola Region & Ljubljana & Things to Do in Ljubljana, 4.0, 46.056934, 14.505641, 505103787, 20170701, 20170701, 3.0, pjk226, https://www.tripadvisor.com/Profile/pjk226, 20668f0d1f193a7e51894e143ce401fa, Excellent : 47 & Very Good : 48 & Average : 20 & Poor : 10 & Terrible : 2, /Attraction_Review-g274873-d276327-Reviews-National_Museum_of_Slovenia-Ljubljana_Upper_Carniola_Region.html
National Museum of Slovenia, 15, 26, History Museums, Europe & Slovenia & Upper Carniola Region & Ljubljana & Things to Do in Ljubljana, 4.0, 46.056934, 14.505641, 502151106, 20170701, 20170701, 4.0, Theo C, https://www.tripadvisor.com/Profile/theoc465, ed82ccf4b744cac81fec9a45b0b7c71d, Excellent : 47 & Very Good : 48 & Average : 20 & Poor : 10 & Terrible : 2, /Attraction_Review-g274873-d276327-Reviews-National_Museum_of_Slovenia-Ljubljana_Upper_Carniola_Region.html
National Museum of Slovenia, 15, 26, History Museums, Europe & Slovenia & Upper Carniola Region & Ljubljana & Things to Do in Ljubljana, 4.0, 46.056934, 14.505641, 501684277, 20170701, 20170701, 4.0, ValGary2014, https://www.tripadvisor.com/Profile/ValGary2014, 1d73c3404d049557d68ea5e50150c3bc, Excellent : 47 & Very Good : 48 & Average : 20 & Poor : 10 & Terrible : 2, /Attraction_Review-g274873-d276327-Reviews-National_Museum_of_Slovenia-Ljubljana_Upper_Carniola_Region.html
National Museum of Slovenia, 15, 26, History Museums, Europe & Slovenia & Upper Carniola Region & Ljubljana & Things to Do in Ljubljana, 4.0, 46.056934, 14.505641, 495232910, 20170601, 20170601, 5.0, RonTSmithers_B_C_, https://www.tripadvisor.com/Profile/RonTSmithers_B_C_, b598c9cc893f603b2cf0b566a3fb6d52, Excellent : 47 & Very Good : 48 & Average : 20 & Poor : 10 & Terrible : 2, /Attraction_Review-g274873-d276327-Reviews-National_Museum_of_Slovenia-Ljubljana_Upper_Carniola_Region.html
National Museum of Slovenia, 15, 26, History Museums, Europe & Slovenia & Upper Carniola Region & Ljubljana & Things to Do in Ljubljana, 4.0, 46.056934, 14.505641, 484219018, 20170501, 20170501, 5.0, Ales Praznik, https://www.tripadvisor.com/Profile/527alesp, bf1abe30e0a132a38f58df91b56e67e2, Excellent : 47 & Very Good : 48 & Average : 20 & Poor : 10 & Terrible : 2, /Attraction_Review-g274873-d276327-Reviews-National_Museum_of_Slovenia-Ljubljana_Upper_Carniola_Region.html
