review_location_name, review_current_page, review_last_page, review_location_type, review_location_breadcrumbs, review_location_rate, location_lat, location_lng, review_id, review_date, review_experience_date, review_rate, user_name, user_link, user_id, extra, parent_url
Triple Bridge (Tromostovje), 212, 745, Bridges, Europe & Slovenia & Upper Carniola Region & Ljubljana & Things to Do in Ljubljana, 4.5, 46.056934, 14.505641, 550503474, 20171201, 20171201, 4.0, RobertoM, https://www.tripadvisor.com/Profile/RobertoM434, 24b0fe0782c0d57068e076f8bdc6fcba, Excellent : 1&&846 & Very Good : 1&&427 & Average : 417 & Poor : 30 & Terrible : 4, /Attraction_Review-g274873-d276335-Reviews-Triple_Bridge_Tromostovje-Ljubljana_Upper_Carniola_Region.html
Triple Bridge (Tromostovje), 212, 745, Bridges, Europe & Slovenia & Upper Carniola Region & Ljubljana & Things to Do in Ljubljana, 4.5, 46.056934, 14.505641, 550197751, 20171201, 20171201, 4.0, Andrea S, https://www.tripadvisor.com/Profile/AndreaSguanzo, 5ab60740194b563b41bb4b6b7cd94245, Excellent : 1&&846 & Very Good : 1&&427 & Average : 417 & Poor : 30 & Terrible : 4, /Attraction_Review-g274873-d276335-Reviews-Triple_Bridge_Tromostovje-Ljubljana_Upper_Carniola_Region.html
Triple Bridge (Tromostovje), 212, 745, Bridges, Europe & Slovenia & Upper Carniola Region & Ljubljana & Things to Do in Ljubljana, 4.5, 46.056934, 14.505641, 549997409, 20171201, 20171201, 4.0, Joe_hyndman, https://www.tripadvisor.com/Profile/Joe_hyndman, 7a74749d7177a04eedbd32035075bfde, Excellent : 1&&846 & Very Good : 1&&427 & Average : 417 & Poor : 30 & Terrible : 4, /Attraction_Review-g274873-d276335-Reviews-Triple_Bridge_Tromostovje-Ljubljana_Upper_Carniola_Region.html
Triple Bridge (Tromostovje), 212, 745, Bridges, Europe & Slovenia & Upper Carniola Region & Ljubljana & Things to Do in Ljubljana, 4.5, 46.056934, 14.505641, 549878287, 20171201, 20171001, 5.0, Richard_Harpum, https://www.tripadvisor.com/Profile/Richard_Harpum, 126f5aa66de70ef285e276c7af71a672, Excellent : 1&&846 & Very Good : 1&&427 & Average : 417 & Poor : 30 & Terrible : 4, /Attraction_Review-g274873-d276335-Reviews-Triple_Bridge_Tromostovje-Ljubljana_Upper_Carniola_Region.html
Triple Bridge (Tromostovje), 212, 745, Bridges, Europe & Slovenia & Upper Carniola Region & Ljubljana & Things to Do in Ljubljana, 4.5, 46.056934, 14.505641, 549795982, 20171201, 20171201, 4.0, elisabetta g, https://www.tripadvisor.com/Profile/427elisabettag, d506e6ad87fa017b53a5cd53a51efd0b, Excellent : 1&&846 & Very Good : 1&&427 & Average : 417 & Poor : 30 & Terrible : 4, /Attraction_Review-g274873-d276335-Reviews-Triple_Bridge_Tromostovje-Ljubljana_Upper_Carniola_Region.html
