review_location_name, review_current_page, review_last_page, review_location_type, review_location_breadcrumbs, review_location_rate, location_lat, location_lng, review_id, review_date, review_experience_date, review_rate, user_name, user_link, user_id, extra, parent_url
Predjama Castle, 646, 724, Castles, Europe & Slovenia & Inner Carniola Region & Postojna & Things to Do in Postojna, 4.5, 45.77471, 14.21301, 218762983, 20140701, 20140601, 5.0, coccinelle1111, https://www.tripadvisor.com/Profile/coccinelle1111, 1070c26450c13a7b4e51eb0df1bd7b1f, Excellent : 2&&386 & Very Good : 1&&001 & Average : 197 & Poor : 25 & Terrible : 11, /Attraction_Review-g274878-d277346-Reviews-Predjama_Castle-Postojna_Inner_Carniola_Region.html
Predjama Castle, 646, 724, Castles, Europe & Slovenia & Inner Carniola Region & Postojna & Things to Do in Postojna, 4.5, 45.77471, 14.21301, 218662550, 20140701, 20140701, 4.0, Fabien B, https://www.tripadvisor.com/Profile/622fabienb, ebe6adf4ea1357ee0be831ae0fbac7f3, Excellent : 2&&386 & Very Good : 1&&001 & Average : 197 & Poor : 25 & Terrible : 11, /Attraction_Review-g274878-d277346-Reviews-Predjama_Castle-Postojna_Inner_Carniola_Region.html
Predjama Castle, 646, 724, Castles, Europe & Slovenia & Inner Carniola Region & Postojna & Things to Do in Postojna, 4.5, 45.77471, 14.21301, 218609231, 20140701, 20140701, 5.0, asa45, https://www.tripadvisor.com/Profile/asa45, 923ec7093cd4329bc251d0cfcbf540ee, Excellent : 2&&386 & Very Good : 1&&001 & Average : 197 & Poor : 25 & Terrible : 11, /Attraction_Review-g274878-d277346-Reviews-Predjama_Castle-Postojna_Inner_Carniola_Region.html
Predjama Castle, 646, 724, Castles, Europe & Slovenia & Inner Carniola Region & Postojna & Things to Do in Postojna, 4.5, 45.77471, 14.21301, 218591590, 20140701, 20140701, 5.0, kh9, https://www.tripadvisor.com/Profile/kh9, 74560c91e91744c004d0b096f1511e07, Excellent : 2&&386 & Very Good : 1&&001 & Average : 197 & Poor : 25 & Terrible : 11, /Attraction_Review-g274878-d277346-Reviews-Predjama_Castle-Postojna_Inner_Carniola_Region.html
Predjama Castle, 646, 724, Castles, Europe & Slovenia & Inner Carniola Region & Postojna & Things to Do in Postojna, 4.5, 45.77471, 14.21301, 218489456, 20140701, 20140701, 4.0, Ifcats, https://www.tripadvisor.com/Profile/Ifcats, a463f9396525a62f0407af4a4b0ef4ef, Excellent : 2&&386 & Very Good : 1&&001 & Average : 197 & Poor : 25 & Terrible : 11, /Attraction_Review-g274878-d277346-Reviews-Predjama_Castle-Postojna_Inner_Carniola_Region.html
