review_location_name, review_current_page, review_last_page, review_location_type, review_location_breadcrumbs, review_location_rate, location_lat, location_lng, review_id, review_date, review_experience_date, review_rate, user_name, user_link, user_id, extra, parent_url
Lake Bled, 363, 1892, Bodies of Water, Europe & Slovenia & Upper Carniola Region & Bled & Things to Do in Bled, 4.5, 46.36917, 14.113181, 601035975, 20180701, 20180701, 5.0, Alessandro V, https://www.tripadvisor.com/Profile/694alessandrov, c046882c27c58188fa62794eb2b00360, Excellent : 7&&297 & Very Good : 1&&731 & Average : 344 & Poor : 50 & Terrible : 35, /Attraction_Review-g274863-d296735-Reviews-Lake_Bled-Bled_Upper_Carniola_Region.html
Lake Bled, 363, 1892, Bodies of Water, Europe & Slovenia & Upper Carniola Region & Bled & Things to Do in Bled, 4.5, 46.36917, 14.113181, 600866572, 20180701, 20180701, 5.0, Анастасия K, https://www.tripadvisor.com/Profile/_D6784JU, 20bf8b67736bdf324d69e4615d045d23, Excellent : 7&&297 & Very Good : 1&&731 & Average : 344 & Poor : 50 & Terrible : 35, /Attraction_Review-g274863-d296735-Reviews-Lake_Bled-Bled_Upper_Carniola_Region.html
Lake Bled, 363, 1892, Bodies of Water, Europe & Slovenia & Upper Carniola Region & Bled & Things to Do in Bled, 4.5, 46.36917, 14.113181, 600834918, 20180701, 20180701, 5.0, Connie S, https://www.tripadvisor.com/Profile/connieksmith, 8a2d0bb63487aa5a9147e1d02959677a, Excellent : 7&&297 & Very Good : 1&&731 & Average : 344 & Poor : 50 & Terrible : 35, /Attraction_Review-g274863-d296735-Reviews-Lake_Bled-Bled_Upper_Carniola_Region.html
Lake Bled, 363, 1892, Bodies of Water, Europe & Slovenia & Upper Carniola Region & Bled & Things to Do in Bled, 4.5, 46.36917, 14.113181, 600798487, 20180701, 20180601, 5.0, lynnkimber, https://www.tripadvisor.com/Profile/lynnkimber, 8c10cafec9b8ff79b23176566f580858, Excellent : 7&&297 & Very Good : 1&&731 & Average : 344 & Poor : 50 & Terrible : 35, /Attraction_Review-g274863-d296735-Reviews-Lake_Bled-Bled_Upper_Carniola_Region.html
Lake Bled, 363, 1892, Bodies of Water, Europe & Slovenia & Upper Carniola Region & Bled & Things to Do in Bled, 4.5, 46.36917, 14.113181, 600756998, 20180701, 20180701, 5.0, Patrik M, https://www.tripadvisor.com/Profile/PatrikM480, faa3089d2ba7f131ae570a5030afb1d8, Excellent : 7&&297 & Very Good : 1&&731 & Average : 344 & Poor : 50 & Terrible : 35, /Attraction_Review-g274863-d296735-Reviews-Lake_Bled-Bled_Upper_Carniola_Region.html
