review_location_name, review_current_page, review_last_page, review_location_type, review_location_breadcrumbs, review_location_rate, location_lat, location_lng, review_id, review_date, review_experience_date, review_rate, user_name, user_link, user_id, extra, parent_url
Minicity Ljubljana, 7, 17, Theme Parks, Europe & Slovenia & Upper Carniola Region & Ljubljana & Things to Do in Ljubljana, 4.5, 46.056934, 14.505641, 481499909, 20170501, 20161001, 5.0, 1FineEater, https://www.tripadvisor.com/Profile/1FineEater, e3e93ae9135a75b0e6da51c278c192ca, Excellent : 72 & Very Good : 6 & Average : 1 & Poor : 2 & Terrible : 2, /Attraction_Review-g274873-d8072554-Reviews-Minicity_Ljubljana-Ljubljana_Upper_Carniola_Region.html
Minicity Ljubljana, 7, 17, Theme Parks, Europe & Slovenia & Upper Carniola Region & Ljubljana & Things to Do in Ljubljana, 4.5, 46.056934, 14.505641, 477674191, 20170401, 20170401, 5.0, Gregor Z, https://www.tripadvisor.com/Profile/gregorz280, d51cab9662690007ee1085cb49fd1cda, Excellent : 72 & Very Good : 6 & Average : 1 & Poor : 2 & Terrible : 2, /Attraction_Review-g274873-d8072554-Reviews-Minicity_Ljubljana-Ljubljana_Upper_Carniola_Region.html
Minicity Ljubljana, 7, 17, Theme Parks, Europe & Slovenia & Upper Carniola Region & Ljubljana & Things to Do in Ljubljana, 4.5, 46.056934, 14.505641, 476883837, 20170401, 20170301, 5.0, Jure C, https://www.tripadvisor.com/Profile/HisaBerghi, be3801b0d6c53e3e84f201114e119a2e, Excellent : 72 & Very Good : 6 & Average : 1 & Poor : 2 & Terrible : 2, /Attraction_Review-g274873-d8072554-Reviews-Minicity_Ljubljana-Ljubljana_Upper_Carniola_Region.html
Minicity Ljubljana, 7, 17, Theme Parks, Europe & Slovenia & Upper Carniola Region & Ljubljana & Things to Do in Ljubljana, 4.5, 46.056934, 14.505641, 475844585, 20170401, 20170401, 5.0, Dadimija, https://www.tripadvisor.com/Profile/Dadimija, 486126e5e04ca3bed83f230c0412fffb, Excellent : 72 & Very Good : 6 & Average : 1 & Poor : 2 & Terrible : 2, /Attraction_Review-g274873-d8072554-Reviews-Minicity_Ljubljana-Ljubljana_Upper_Carniola_Region.html
Minicity Ljubljana, 7, 17, Theme Parks, Europe & Slovenia & Upper Carniola Region & Ljubljana & Things to Do in Ljubljana, 4.5, 46.056934, 14.505641, 466722816, 20170301, 20170301, 5.0, Mlamama L, https://www.tripadvisor.com/Profile/marushy13, 9761512aa3c86fb0d7c80c54ecf8bfa7, Excellent : 72 & Very Good : 6 & Average : 1 & Poor : 2 & Terrible : 2, /Attraction_Review-g274873-d8072554-Reviews-Minicity_Ljubljana-Ljubljana_Upper_Carniola_Region.html
