review_location_name, review_current_page, review_last_page, review_location_type, review_location_breadcrumbs, review_location_rate, location_lat, location_lng, review_id, review_date, review_experience_date, review_rate, user_name, user_link, user_id, extra, parent_url
Quecksilberbergwerk Idrija, 19, 35, Historic Sites & Educational sites & Mines, Europe & Slovenia & Slovenian Littoral Region & Idrija & Things to Do in Idrija, 4.5, 46.00278, 14.03056, 408188961, 20160801, 20160801, 4.0, Negma_81, https://www.tripadvisor.com/Profile/Negma_81, 0e498e31362f6b99985d6aa07328a14b, Excellent : 112 & Very Good : 54 & Average : 5 & Poor : 1 & Terrible : 2, /Attraction_Review-g2177201-d3531348-Reviews-Quecksilberbergwerk_Idrija-Idrija_Slovenian_Littoral_Region.html
Quecksilberbergwerk Idrija, 19, 35, Historic Sites & Educational sites & Mines, Europe & Slovenia & Slovenian Littoral Region & Idrija & Things to Do in Idrija, 4.5, 46.00278, 14.03056, 407432020, 20160801, 20160801, 5.0, Paolo F, https://www.tripadvisor.com/Profile/B7413LEpaolof, 7abe59f213d1d70057d43e70405efba6, Excellent : 112 & Very Good : 54 & Average : 5 & Poor : 1 & Terrible : 2, /Attraction_Review-g2177201-d3531348-Reviews-Quecksilberbergwerk_Idrija-Idrija_Slovenian_Littoral_Region.html
Quecksilberbergwerk Idrija, 19, 35, Historic Sites & Educational sites & Mines, Europe & Slovenia & Slovenian Littoral Region & Idrija & Things to Do in Idrija, 4.5, 46.00278, 14.03056, 406140356, 20160801, 20160801, 5.0, ebordingle, https://www.tripadvisor.com/Profile/ebordingle, 889f43f86e28052823132c1e8979fc6d, Excellent : 112 & Very Good : 54 & Average : 5 & Poor : 1 & Terrible : 2, /Attraction_Review-g2177201-d3531348-Reviews-Quecksilberbergwerk_Idrija-Idrija_Slovenian_Littoral_Region.html
Quecksilberbergwerk Idrija, 19, 35, Historic Sites & Educational sites & Mines, Europe & Slovenia & Slovenian Littoral Region & Idrija & Things to Do in Idrija, 4.5, 46.00278, 14.03056, 406063071, 20160801, 20160801, 5.0, Marielle D, https://www.tripadvisor.com/Profile/545marielled, 0b0aff9572551876fe337e212596fd1c, Excellent : 112 & Very Good : 54 & Average : 5 & Poor : 1 & Terrible : 2, /Attraction_Review-g2177201-d3531348-Reviews-Quecksilberbergwerk_Idrija-Idrija_Slovenian_Littoral_Region.html
Quecksilberbergwerk Idrija, 19, 35, Historic Sites & Educational sites & Mines, Europe & Slovenia & Slovenian Littoral Region & Idrija & Things to Do in Idrija, 4.5, 46.00278, 14.03056, 404555711, 20160801, 20160801, 5.0, kirotta, https://www.tripadvisor.com/Profile/kirotta, 171781e7f70f3bac7ad70d94378fc39d, Excellent : 112 & Very Good : 54 & Average : 5 & Poor : 1 & Terrible : 2, /Attraction_Review-g2177201-d3531348-Reviews-Quecksilberbergwerk_Idrija-Idrija_Slovenian_Littoral_Region.html
