review_location_name, review_current_page, review_last_page, review_location_type, review_location_breadcrumbs, review_location_rate, location_lat, location_lng, review_id, review_date, review_experience_date, review_rate, user_name, user_link, user_id, extra, parent_url
Bled Castle (Blejski Grad), 538, 883, Castles, Europe & Slovenia & Upper Carniola Region & Bled & Things to Do in Bled, 4.0, 46.36917, 14.113181, 381897828, 20160601, 20160601, 2.0, les f, https://www.tripadvisor.com/Profile/wizard60, f1c6fbb858e043a1bb02f545f051dbcd, Excellent : 1&&594 & Very Good : 1&&613 & Average : 761 & Poor : 283 & Terrible : 161, /Attraction_Review-g274863-d300864-Reviews-Bled_Castle_Blejski_Grad-Bled_Upper_Carniola_Region.html
Bled Castle (Blejski Grad), 538, 883, Castles, Europe & Slovenia & Upper Carniola Region & Bled & Things to Do in Bled, 4.0, 46.36917, 14.113181, 381707665, 20160601, 20160601, 5.0, meoluc, https://www.tripadvisor.com/Profile/meoluc, 05be8a05c43b6827038d1a96b809bd0d, Excellent : 1&&594 & Very Good : 1&&613 & Average : 761 & Poor : 283 & Terrible : 161, /Attraction_Review-g274863-d300864-Reviews-Bled_Castle_Blejski_Grad-Bled_Upper_Carniola_Region.html
Bled Castle (Blejski Grad), 538, 883, Castles, Europe & Slovenia & Upper Carniola Region & Bled & Things to Do in Bled, 4.0, 46.36917, 14.113181, 381576082, 20160601, 20160601, 4.0, Aileen F, https://www.tripadvisor.com/Profile/AileenF_11, 43662dd650520791cef42087761df3ef, Excellent : 1&&594 & Very Good : 1&&613 & Average : 761 & Poor : 283 & Terrible : 161, /Attraction_Review-g274863-d300864-Reviews-Bled_Castle_Blejski_Grad-Bled_Upper_Carniola_Region.html
Bled Castle (Blejski Grad), 538, 883, Castles, Europe & Slovenia & Upper Carniola Region & Bled & Things to Do in Bled, 4.0, 46.36917, 14.113181, 381539531, 20160601, 20160501, 3.0, Jindrich M, https://www.tripadvisor.com/Profile/Jarmil, b6a15f5966d244d41fc63ce673474eff, Excellent : 1&&594 & Very Good : 1&&613 & Average : 761 & Poor : 283 & Terrible : 161, /Attraction_Review-g274863-d300864-Reviews-Bled_Castle_Blejski_Grad-Bled_Upper_Carniola_Region.html
Bled Castle (Blejski Grad), 538, 883, Castles, Europe & Slovenia & Upper Carniola Region & Bled & Things to Do in Bled, 4.0, 46.36917, 14.113181, 381525121, 20160601, 20160601, 3.0, Feenixwest, https://www.tripadvisor.com/Profile/Feenixwest, 00e66c3aace22caff12e3d933e7b21d9, Excellent : 1&&594 & Very Good : 1&&613 & Average : 761 & Poor : 283 & Terrible : 161, /Attraction_Review-g274863-d300864-Reviews-Bled_Castle_Blejski_Grad-Bled_Upper_Carniola_Region.html
