review_location_name, review_current_page, review_last_page, review_location_type, review_location_breadcrumbs, review_location_rate, location_lat, location_lng, review_id, review_date, review_experience_date, review_rate, user_name, user_link, user_id, extra, parent_url
Skocjan Caves Park, 33, 48, Nature & Wildlife Areas & Parks, Europe & Slovenia & Slovenian Littoral Region & Divaca & Things to Do in Divaca, 4.5, 45.68237, 13.96946, 443947139, 20161201, 20161201, 5.0, Giusy R, https://www.tripadvisor.com/Profile/giaus82, 9b3893cd6a873b3cc046fe1c29db8b0b, Excellent : 183 & Very Good : 40 & Average : 7 & Poor : 3 & Terrible : 3, /Attraction_Review-g277814-d8291177-Reviews-Skocjan_Caves_Park-Divaca_Slovenian_Littoral_Region.html
Skocjan Caves Park, 33, 48, Nature & Wildlife Areas & Parks, Europe & Slovenia & Slovenian Littoral Region & Divaca & Things to Do in Divaca, 4.5, 45.68237, 13.96946, 443781251, 20161201, 20161001, 5.0, louise k, https://www.tripadvisor.com/Profile/louisek869, ce05cb93e00a67721275076d4f9d7a8f, Excellent : 183 & Very Good : 40 & Average : 7 & Poor : 3 & Terrible : 3, /Attraction_Review-g277814-d8291177-Reviews-Skocjan_Caves_Park-Divaca_Slovenian_Littoral_Region.html
Skocjan Caves Park, 33, 48, Nature & Wildlife Areas & Parks, Europe & Slovenia & Slovenian Littoral Region & Divaca & Things to Do in Divaca, 4.5, 45.68237, 13.96946, 442405111, 20161201, 20161201, 5.0, endofava, https://www.tripadvisor.com/Profile/endofava, 9977a0d1c316bf428dd226e5487b858c, Excellent : 183 & Very Good : 40 & Average : 7 & Poor : 3 & Terrible : 3, /Attraction_Review-g277814-d8291177-Reviews-Skocjan_Caves_Park-Divaca_Slovenian_Littoral_Region.html
Skocjan Caves Park, 33, 48, Nature & Wildlife Areas & Parks, Europe & Slovenia & Slovenian Littoral Region & Divaca & Things to Do in Divaca, 4.5, 45.68237, 13.96946, 433876418, 20161101, 20160501, 4.0, Vladislava N, https://www.tripadvisor.com/Profile/vlnacz1, d3bb12b2fa60059dd6f97ef94c7dc2a3, Excellent : 183 & Very Good : 40 & Average : 7 & Poor : 3 & Terrible : 3, /Attraction_Review-g277814-d8291177-Reviews-Skocjan_Caves_Park-Divaca_Slovenian_Littoral_Region.html
Skocjan Caves Park, 33, 48, Nature & Wildlife Areas & Parks, Europe & Slovenia & Slovenian Littoral Region & Divaca & Things to Do in Divaca, 4.5, 45.68237, 13.96946, 429330334, 20161001, 20160901, 5.0, stephaniehN5581RI, https://www.tripadvisor.com/Profile/stephaniehN5581RI, 00e5fdfe869050968f2a11735765b5f1, Excellent : 183 & Very Good : 40 & Average : 7 & Poor : 3 & Terrible : 3, /Attraction_Review-g277814-d8291177-Reviews-Skocjan_Caves_Park-Divaca_Slovenian_Littoral_Region.html
