review_location_name, review_current_page, review_last_page, review_location_type, review_location_breadcrumbs, review_location_rate, location_lat, location_lng, review_id, review_date, review_experience_date, review_rate, user_name, user_link, user_id, extra, parent_url
Liznjekova house, 6, 8, Specialty Museums, Europe & Slovenia & Upper Carniola Region & Kranjska Gora & Things to Do in Kranjska Gora, 4.5, 46.48661, 13.78967, 280095262, 20150601, 20150601, 5.0, Ian M, https://www.tripadvisor.com/Profile/IanM664, 266b51c6261c601aa974347b10590b72, Excellent : 26 & Very Good : 9 & Average : 0 & Poor : 1 & Terrible : 0, /Attraction_Review-g274870-d3636006-Reviews-Liznjekova_house-Kranjska_Gora_Upper_Carniola_Region.html
Liznjekova house, 6, 8, Specialty Museums, Europe & Slovenia & Upper Carniola Region & Kranjska Gora & Things to Do in Kranjska Gora, 4.5, 46.48661, 13.78967, 279524980, 20150601, 20150601, 5.0, Philip B, https://www.tripadvisor.com/Profile/philipb44, a14d4eca5472093a71c4fa9cb1da66c6, Excellent : 26 & Very Good : 9 & Average : 0 & Poor : 1 & Terrible : 0, /Attraction_Review-g274870-d3636006-Reviews-Liznjekova_house-Kranjska_Gora_Upper_Carniola_Region.html
Liznjekova house, 6, 8, Specialty Museums, Europe & Slovenia & Upper Carniola Region & Kranjska Gora & Things to Do in Kranjska Gora, 4.5, 46.48661, 13.78967, 268263819, 20150401, 20150101, 5.0, Eva M, https://www.tripadvisor.com/Profile/evam158, c1fafaa5450ceb643b50a487ed0eb631, Excellent : 26 & Very Good : 9 & Average : 0 & Poor : 1 & Terrible : 0, /Attraction_Review-g274870-d3636006-Reviews-Liznjekova_house-Kranjska_Gora_Upper_Carniola_Region.html
Liznjekova house, 6, 8, Specialty Museums, Europe & Slovenia & Upper Carniola Region & Kranjska Gora & Things to Do in Kranjska Gora, 4.5, 46.48661, 13.78967, 263549488, 20150401, 20150201, 5.0, Balham_Boy, https://www.tripadvisor.com/Profile/Balham_Boy, 78926248619ee8a046c65a7b8ba4100c, Excellent : 26 & Very Good : 9 & Average : 0 & Poor : 1 & Terrible : 0, /Attraction_Review-g274870-d3636006-Reviews-Liznjekova_house-Kranjska_Gora_Upper_Carniola_Region.html
Liznjekova house, 6, 8, Specialty Museums, Europe & Slovenia & Upper Carniola Region & Kranjska Gora & Things to Do in Kranjska Gora, 4.5, 46.48661, 13.78967, 257262794, 20150301, 20150201, 5.0, gordon h, https://www.tripadvisor.com/Profile/gordonh589, f468604a9ca87396dbb6058c01b1568f, Excellent : 26 & Very Good : 9 & Average : 0 & Poor : 1 & Terrible : 0, /Attraction_Review-g274870-d3636006-Reviews-Liznjekova_house-Kranjska_Gora_Upper_Carniola_Region.html
