review_location_name, review_current_page, review_last_page, review_location_type, review_location_breadcrumbs, review_location_rate, location_lat, location_lng, review_id, review_date, review_experience_date, review_rate, user_name, user_link, user_id, extra, parent_url
Cathedral of St. Nicholas (Stolnica Sv. Nikolaja), 196, 207, Sacred & Religious Sites, Europe & Slovenia & Upper Carniola Region & Ljubljana & Things to Do in Ljubljana, 4.5, 46.056934, 14.505641, 173929798, 20130801, 20130701, 5.0, Viajar correndo, https://www.tripadvisor.com/Profile/viajarcorrendo, 31f6d6cec6d1ca70086aeb83a7a8682a, Excellent : 513 & Very Good : 433 & Average : 73 & Poor : 9 & Terrible : 6, /Attraction_Review-g274873-d276332-Reviews-Cathedral_of_St_Nicholas_Stolnica_Sv_Nikolaja-Ljubljana_Upper_Carniola_Region.html
Cathedral of St. Nicholas (Stolnica Sv. Nikolaja), 196, 207, Sacred & Religious Sites, Europe & Slovenia & Upper Carniola Region & Ljubljana & Things to Do in Ljubljana, 4.5, 46.056934, 14.505641, 173362842, 20130801, 20130801, 5.0, Lallemand, https://www.tripadvisor.com/Profile/Lallemand, 42cfcd6d6ebfc2b392d334b9b4b2e571, Excellent : 513 & Very Good : 433 & Average : 73 & Poor : 9 & Terrible : 6, /Attraction_Review-g274873-d276332-Reviews-Cathedral_of_St_Nicholas_Stolnica_Sv_Nikolaja-Ljubljana_Upper_Carniola_Region.html
Cathedral of St. Nicholas (Stolnica Sv. Nikolaja), 196, 207, Sacred & Religious Sites, Europe & Slovenia & Upper Carniola Region & Ljubljana & Things to Do in Ljubljana, 4.5, 46.056934, 14.505641, 172929403, 20130801, 20130801, 5.0, CrosbyFieldsS, https://www.tripadvisor.com/Profile/CrosbyFieldsS, 3a310e1eaf80cc3fc315f00fb1316324, Excellent : 513 & Very Good : 433 & Average : 73 & Poor : 9 & Terrible : 6, /Attraction_Review-g274873-d276332-Reviews-Cathedral_of_St_Nicholas_Stolnica_Sv_Nikolaja-Ljubljana_Upper_Carniola_Region.html
Cathedral of St. Nicholas (Stolnica Sv. Nikolaja), 196, 207, Sacred & Religious Sites, Europe & Slovenia & Upper Carniola Region & Ljubljana & Things to Do in Ljubljana, 4.5, 46.056934, 14.505641, 170262500, 20130801, 20130601, 5.0, Euro_Jon1234, https://www.tripadvisor.com/Profile/Euro_Jon1234, 439e330575b021487eb3012f1acbd016, Excellent : 513 & Very Good : 433 & Average : 73 & Poor : 9 & Terrible : 6, /Attraction_Review-g274873-d276332-Reviews-Cathedral_of_St_Nicholas_Stolnica_Sv_Nikolaja-Ljubljana_Upper_Carniola_Region.html
Cathedral of St. Nicholas (Stolnica Sv. Nikolaja), 196, 207, Sacred & Religious Sites, Europe & Slovenia & Upper Carniola Region & Ljubljana & Things to Do in Ljubljana, 4.5, 46.056934, 14.505641, 170074840, 20130701, 20120901, 4.0, Maigret65, https://www.tripadvisor.com/Profile/Maigret65, 506b136c89086238df0ef4b8fade96c8, Excellent : 513 & Very Good : 433 & Average : 73 & Poor : 9 & Terrible : 6, /Attraction_Review-g274873-d276332-Reviews-Cathedral_of_St_Nicholas_Stolnica_Sv_Nikolaja-Ljubljana_Upper_Carniola_Region.html
