review_location_name, review_current_page, review_last_page, review_location_type, review_location_breadcrumbs, review_location_rate, location_lat, location_lng, review_id, review_date, review_experience_date, review_rate, user_name, user_link, user_id, extra, parent_url
National and University Library, 2, 32, Libraries, Europe & Slovenia & Upper Carniola Region & Ljubljana & Things to Do in Ljubljana, 4.0, 46.056934, 14.505641, 731456093, 20191201, 20190101, 5.0, Rita_G_64, https://www.tripadvisor.com/Profile/Rita_G_64, 697301664ede5c9ebb6aa805298966db, Excellent : 64 & Very Good : 61 & Average : 28 & Poor : 6 & Terrible : 1, /Attraction_Review-g274873-d6582184-Reviews-National_and_University_Library-Ljubljana_Upper_Carniola_Region.html
National and University Library, 2, 32, Libraries, Europe & Slovenia & Upper Carniola Region & Ljubljana & Things to Do in Ljubljana, 4.0, 46.056934, 14.505641, 709757965, 20190901, 20190601, 3.0, akiko_03, https://www.tripadvisor.com/Profile/akiko_03, 8f0c0cd5491a8f11f0547658d637de02, Excellent : 64 & Very Good : 61 & Average : 28 & Poor : 6 & Terrible : 1, /Attraction_Review-g274873-d6582184-Reviews-National_and_University_Library-Ljubljana_Upper_Carniola_Region.html
National and University Library, 2, 32, Libraries, Europe & Slovenia & Upper Carniola Region & Ljubljana & Things to Do in Ljubljana, 4.0, 46.056934, 14.505641, 708534314, 20190901, 20190501, 5.0, Kirkie, https://www.tripadvisor.com/Profile/KirkieClare, 26623daf5fa85a65b4cea48a27ac45af, Excellent : 64 & Very Good : 61 & Average : 28 & Poor : 6 & Terrible : 1, /Attraction_Review-g274873-d6582184-Reviews-National_and_University_Library-Ljubljana_Upper_Carniola_Region.html
National and University Library, 2, 32, Libraries, Europe & Slovenia & Upper Carniola Region & Ljubljana & Things to Do in Ljubljana, 4.0, 46.056934, 14.505641, 693882410, 20190701, 20190701, 5.0, robert-not-home, https://www.tripadvisor.com/Profile/robert-not-home, e5c34a4716844ff559288d64f46f89e1, Excellent : 64 & Very Good : 61 & Average : 28 & Poor : 6 & Terrible : 1, /Attraction_Review-g274873-d6582184-Reviews-National_and_University_Library-Ljubljana_Upper_Carniola_Region.html
National and University Library, 2, 32, Libraries, Europe & Slovenia & Upper Carniola Region & Ljubljana & Things to Do in Ljubljana, 4.0, 46.056934, 14.505641, 685927413, 20190701, 20190601, 4.0, kim buay p, https://www.tripadvisor.com/Profile/Kim025Singapore, 4d41ff29cf5869b6e17237c5241f1928, Excellent : 64 & Very Good : 61 & Average : 28 & Poor : 6 & Terrible : 1, /Attraction_Review-g274873-d6582184-Reviews-National_and_University_Library-Ljubljana_Upper_Carniola_Region.html
