review_location_name, review_current_page, review_last_page, review_location_type, review_location_breadcrumbs, review_location_rate, location_lat, location_lng, review_id, review_date, review_experience_date, review_rate, user_name, user_link, user_id, extra, parent_url
Lake Bled, 604, 1892, Bodies of Water, Europe & Slovenia & Upper Carniola Region & Bled & Things to Do in Bled, 4.5, 46.36917, 14.113181, 512317424, 20170801, 20170801, 5.0, Hannes P, https://www.tripadvisor.com/Profile/HannesP192, b9f6a9a6a7d13680b63dd645a072dc97, Excellent : 7&&297 & Very Good : 1&&731 & Average : 344 & Poor : 50 & Terrible : 35, /Attraction_Review-g274863-d296735-Reviews-Lake_Bled-Bled_Upper_Carniola_Region.html
Lake Bled, 604, 1892, Bodies of Water, Europe & Slovenia & Upper Carniola Region & Bled & Things to Do in Bled, 4.5, 46.36917, 14.113181, 512286636, 20170801, 20170801, 5.0, fieldhockey, https://www.tripadvisor.com/Profile/fieldhockey, 20946f6279e798a0be80b21313b0a75f, Excellent : 7&&297 & Very Good : 1&&731 & Average : 344 & Poor : 50 & Terrible : 35, /Attraction_Review-g274863-d296735-Reviews-Lake_Bled-Bled_Upper_Carniola_Region.html
Lake Bled, 604, 1892, Bodies of Water, Europe & Slovenia & Upper Carniola Region & Bled & Things to Do in Bled, 4.5, 46.36917, 14.113181, 512269642, 20170801, 20170801, 5.0, semvk91, https://www.tripadvisor.com/Profile/semvk91, dc6c5798f4b27ca4fc550584fcf9f1c0, Excellent : 7&&297 & Very Good : 1&&731 & Average : 344 & Poor : 50 & Terrible : 35, /Attraction_Review-g274863-d296735-Reviews-Lake_Bled-Bled_Upper_Carniola_Region.html
Lake Bled, 604, 1892, Bodies of Water, Europe & Slovenia & Upper Carniola Region & Bled & Things to Do in Bled, 4.5, 46.36917, 14.113181, 512258550, 20170801, 20170801, 3.0, GianniDF, https://www.tripadvisor.com/Profile/GianniDF, 21bd8c66055d2a1a64154040897cab0b, Excellent : 7&&297 & Very Good : 1&&731 & Average : 344 & Poor : 50 & Terrible : 35, /Attraction_Review-g274863-d296735-Reviews-Lake_Bled-Bled_Upper_Carniola_Region.html
Lake Bled, 604, 1892, Bodies of Water, Europe & Slovenia & Upper Carniola Region & Bled & Things to Do in Bled, 4.5, 46.36917, 14.113181, 512218815, 20170801, 20170801, 4.0, stestefy313, https://www.tripadvisor.com/Profile/stestefy313, 2acf487f001edc5aa7e71e4724ec89f7, Excellent : 7&&297 & Very Good : 1&&731 & Average : 344 & Poor : 50 & Terrible : 35, /Attraction_Review-g274863-d296735-Reviews-Lake_Bled-Bled_Upper_Carniola_Region.html
