review_location_name, review_current_page, review_last_page, review_location_type, review_location_breadcrumbs, review_location_rate, location_lat, location_lng, review_id, review_date, review_experience_date, review_rate, user_name, user_link, user_id, extra, parent_url
The Source of Soča River, 5, 10, Bodies of Water, Europe & Slovenia & Slovenian Littoral Region & Soca & Things to Do in Soca, 4.5, 46.33236, 13.68848, 606834645, 20180801, 20180801, 5.0, nikidolce, https://www.tripadvisor.com/Profile/nikidolce, 2f6952a712ed2f62ce64f8e8f52dbc4c, Excellent : 35 & Very Good : 12 & Average : 2 & Poor : 0 & Terrible : 1, /Attraction_Review-g1091105-d11923197-Reviews-The_Source_of_Soca_River-Soca_Slovenian_Littoral_Region.html
The Source of Soča River, 5, 10, Bodies of Water, Europe & Slovenia & Slovenian Littoral Region & Soca & Things to Do in Soca, 4.5, 46.33236, 13.68848, 606616300, 20180801, 20180801, 5.0, Xavier B, https://www.tripadvisor.com/Profile/xavierb136, 05edd53d03a0ef201b2fc5420fe77155, Excellent : 35 & Very Good : 12 & Average : 2 & Poor : 0 & Terrible : 1, /Attraction_Review-g1091105-d11923197-Reviews-The_Source_of_Soca_River-Soca_Slovenian_Littoral_Region.html
The Source of Soča River, 5, 10, Bodies of Water, Europe & Slovenia & Slovenian Littoral Region & Soca & Things to Do in Soca, 4.5, 46.33236, 13.68848, 606125493, 20180801, 20180801, 4.0, Veerle1755, https://www.tripadvisor.com/Profile/Veerle1755, 74ab3b4c44670808b2919bfbfa3c0aa2, Excellent : 35 & Very Good : 12 & Average : 2 & Poor : 0 & Terrible : 1, /Attraction_Review-g1091105-d11923197-Reviews-The_Source_of_Soca_River-Soca_Slovenian_Littoral_Region.html
The Source of Soča River, 5, 10, Bodies of Water, Europe & Slovenia & Slovenian Littoral Region & Soca & Things to Do in Soca, 4.5, 46.33236, 13.68848, 600240177, 20180701, 20180701, 5.0, Kim K, https://www.tripadvisor.com/Profile/kimkW3259LK, 0901caec028d1fdc641b8594753977dc, Excellent : 35 & Very Good : 12 & Average : 2 & Poor : 0 & Terrible : 1, /Attraction_Review-g1091105-d11923197-Reviews-The_Source_of_Soca_River-Soca_Slovenian_Littoral_Region.html
The Source of Soča River, 5, 10, Bodies of Water, Europe & Slovenia & Slovenian Littoral Region & Soca & Things to Do in Soca, 4.5, 46.33236, 13.68848, 600130898, 20180701, 20180701, 5.0, Sébastien S, https://www.tripadvisor.com/Profile/s_bastiens285, 699262f5918b5ebd382c13a60952a078, Excellent : 35 & Very Good : 12 & Average : 2 & Poor : 0 & Terrible : 1, /Attraction_Review-g1091105-d11923197-Reviews-The_Source_of_Soca_River-Soca_Slovenian_Littoral_Region.html
