review_location_name, review_current_page, review_last_page, review_location_type, review_location_breadcrumbs, review_location_rate, location_lat, location_lng, review_id, review_date, review_experience_date, review_rate, user_name, user_link, user_id, extra, parent_url
Church of St. George, 57, 103, Sacred & Religious Sites, Europe & Slovenia & Slovenian Littoral Region & Slovenian Istria & Piran & Things to Do in Piran, 4.5, 45.528152, 13.568084, 413887427, 20160901, 20160801, 4.0, supernonnomario, https://www.tripadvisor.com/Profile/supernonnomario, 7acf37c74c100e1c9a96f9eb0a9b403d, Excellent : 274 & Very Good : 199 & Average : 34 & Poor : 4 & Terrible : 3, /Attraction_Review-g274876-d2344931-Reviews-Church_of_St_George-Piran_Slovenian_Istria_Slovenian_Littoral_Region.html
Church of St. George, 57, 103, Sacred & Religious Sites, Europe & Slovenia & Slovenian Littoral Region & Slovenian Istria & Piran & Things to Do in Piran, 4.5, 45.528152, 13.568084, 413432186, 20160901, 20160801, 5.0, Ernesto F, https://www.tripadvisor.com/Profile/973ernestof, e50a66040e490d486b17a4113e9212d5, Excellent : 274 & Very Good : 199 & Average : 34 & Poor : 4 & Terrible : 3, /Attraction_Review-g274876-d2344931-Reviews-Church_of_St_George-Piran_Slovenian_Istria_Slovenian_Littoral_Region.html
Church of St. George, 57, 103, Sacred & Religious Sites, Europe & Slovenia & Slovenian Littoral Region & Slovenian Istria & Piran & Things to Do in Piran, 4.5, 45.528152, 13.568084, 411902344, 20160801, 20160801, 4.0, Rafenveerl, https://www.tripadvisor.com/Profile/rafenveerl, b927b75bb418bc299d339ee39317b06c, Excellent : 274 & Very Good : 199 & Average : 34 & Poor : 4 & Terrible : 3, /Attraction_Review-g274876-d2344931-Reviews-Church_of_St_George-Piran_Slovenian_Istria_Slovenian_Littoral_Region.html
Church of St. George, 57, 103, Sacred & Religious Sites, Europe & Slovenia & Slovenian Littoral Region & Slovenian Istria & Piran & Things to Do in Piran, 4.5, 45.528152, 13.568084, 411704115, 20160801, 20160801, 5.0, Ziug, https://www.tripadvisor.com/Profile/Ziug, 02329e939e1ff6e13a7a4a00143afba4, Excellent : 274 & Very Good : 199 & Average : 34 & Poor : 4 & Terrible : 3, /Attraction_Review-g274876-d2344931-Reviews-Church_of_St_George-Piran_Slovenian_Istria_Slovenian_Littoral_Region.html
Church of St. George, 57, 103, Sacred & Religious Sites, Europe & Slovenia & Slovenian Littoral Region & Slovenian Istria & Piran & Things to Do in Piran, 4.5, 45.528152, 13.568084, 410680597, 20160801, 20160801, 5.0, GiligaZsu, https://www.tripadvisor.com/Profile/GiligaZsu, 033add530450767f2a1f415d91d2ec72, Excellent : 274 & Very Good : 199 & Average : 34 & Poor : 4 & Terrible : 3, /Attraction_Review-g274876-d2344931-Reviews-Church_of_St_George-Piran_Slovenian_Istria_Slovenian_Littoral_Region.html
