review_location_name, review_current_page, review_last_page, review_location_type, review_location_breadcrumbs, review_location_rate, location_lat, location_lng, review_id, review_date, review_experience_date, review_rate, user_name, user_link, user_id, extra, parent_url
Postojna Cave, 349, 1259, Caverns & Caves, Europe & Slovenia & Inner Carniola Region & Postojna & Things to Do in Postojna, 4.5, 45.77471, 14.21301, 576236973, 20180401, 20180401, 5.0, Julie N, https://www.tripadvisor.com/Profile/julienG8723LX, ecaaf384adfe96a88fcf39917326ca7a, Excellent : 4&&437 & Very Good : 1&&394 & Average : 321 & Poor : 91 & Terrible : 48, /Attraction_Review-g274878-d277348-Reviews-Postojna_Cave-Postojna_Inner_Carniola_Region.html
Postojna Cave, 349, 1259, Caverns & Caves, Europe & Slovenia & Inner Carniola Region & Postojna & Things to Do in Postojna, 4.5, 45.77471, 14.21301, 576168874, 20180401, 20180301, 5.0, Robert W, https://www.tripadvisor.com/Profile/Q6527IWrobertw, 69e928cf45b4b4f3d0779898f942c9b6, Excellent : 4&&437 & Very Good : 1&&394 & Average : 321 & Poor : 91 & Terrible : 48, /Attraction_Review-g274878-d277348-Reviews-Postojna_Cave-Postojna_Inner_Carniola_Region.html
Postojna Cave, 349, 1259, Caverns & Caves, Europe & Slovenia & Inner Carniola Region & Postojna & Things to Do in Postojna, 4.5, 45.77471, 14.21301, 576092026, 20180401, 20180401, 5.0, Nic, https://www.tripadvisor.com/Profile/unonic, 0976c6ab39882c3daf637c5b14bd0fdd, Excellent : 4&&437 & Very Good : 1&&394 & Average : 321 & Poor : 91 & Terrible : 48, /Attraction_Review-g274878-d277348-Reviews-Postojna_Cave-Postojna_Inner_Carniola_Region.html
Postojna Cave, 349, 1259, Caverns & Caves, Europe & Slovenia & Inner Carniola Region & Postojna & Things to Do in Postojna, 4.5, 45.77471, 14.21301, 576012917, 20180401, 20180401, 5.0, Arianna S, https://www.tripadvisor.com/Profile/710ariannas, 448b11f4385cc80f4453d87c698de95e, Excellent : 4&&437 & Very Good : 1&&394 & Average : 321 & Poor : 91 & Terrible : 48, /Attraction_Review-g274878-d277348-Reviews-Postojna_Cave-Postojna_Inner_Carniola_Region.html
Postojna Cave, 349, 1259, Caverns & Caves, Europe & Slovenia & Inner Carniola Region & Postojna & Things to Do in Postojna, 4.5, 45.77471, 14.21301, 575987656, 20180401, 20170501, 5.0, Alessandro P, https://www.tripadvisor.com/Profile/435AlessandroP, 8ef819ba3a8e4c4dd7f453e9ac3cc527, Excellent : 4&&437 & Very Good : 1&&394 & Average : 321 & Poor : 91 & Terrible : 48, /Attraction_Review-g274878-d277348-Reviews-Postojna_Cave-Postojna_Inner_Carniola_Region.html
