review_location_name, review_current_page, review_last_page, review_location_type, review_location_breadcrumbs, review_location_rate, location_lat, location_lng, review_id, review_date, review_experience_date, review_rate, user_name, user_link, user_id, extra, parent_url
Ski Centre Cerkno, 2, 6, Ski & Snowboard Areas, Europe & Slovenia & Slovenian Littoral Region & Cerkno & Things to Do in Cerkno, 4.0, 46.12726, 13.98651, 554126621, 20180101, 20171201, 3.0, windinko, https://www.tripadvisor.com/Profile/windinko, 9553cd70f0e8fd143dee9e1415b2c22d, Excellent : 10 & Very Good : 10 & Average : 6 & Poor : 0 & Terrible : 0, /Attraction_Review-g670790-d3582037-Reviews-Ski_Centre_Cerkno-Cerkno_Slovenian_Littoral_Region.html
Ski Centre Cerkno, 2, 6, Ski & Snowboard Areas, Europe & Slovenia & Slovenian Littoral Region & Cerkno & Things to Do in Cerkno, 4.0, 46.12726, 13.98651, 498780351, 20170701, 20161201, 3.0, Sara B, https://www.tripadvisor.com/Profile/s-detail-s, e4467cfed72857ce6734eb17287a0706, Excellent : 10 & Very Good : 10 & Average : 6 & Poor : 0 & Terrible : 0, /Attraction_Review-g670790-d3582037-Reviews-Ski_Centre_Cerkno-Cerkno_Slovenian_Littoral_Region.html
Ski Centre Cerkno, 2, 6, Ski & Snowboard Areas, Europe & Slovenia & Slovenian Littoral Region & Cerkno & Things to Do in Cerkno, 4.0, 46.12726, 13.98651, 486963698, 20170501, 20170201, 5.0, Matej Obid, https://www.tripadvisor.com/Profile/matejo202, 38a8cc5299dcec7d961526eaa2a7d94f, Excellent : 10 & Very Good : 10 & Average : 6 & Poor : 0 & Terrible : 0, /Attraction_Review-g670790-d3582037-Reviews-Ski_Centre_Cerkno-Cerkno_Slovenian_Littoral_Region.html
Ski Centre Cerkno, 2, 6, Ski & Snowboard Areas, Europe & Slovenia & Slovenian Littoral Region & Cerkno & Things to Do in Cerkno, 4.0, 46.12726, 13.98651, 481853838, 20170501, 20170201, 4.0, androLow, https://www.tripadvisor.com/Profile/androlow, 2106a6a28dfe9b6de3b82db2c61bbede, Excellent : 10 & Very Good : 10 & Average : 6 & Poor : 0 & Terrible : 0, /Attraction_Review-g670790-d3582037-Reviews-Ski_Centre_Cerkno-Cerkno_Slovenian_Littoral_Region.html
Ski Centre Cerkno, 2, 6, Ski & Snowboard Areas, Europe & Slovenia & Slovenian Littoral Region & Cerkno & Things to Do in Cerkno, 4.0, 46.12726, 13.98651, 467216664, 20170301, 20170301, 5.0, Ana Marija I, https://www.tripadvisor.com/Profile/AnaMarijaI2, da65f822045b5ab67c277ba7678bee39, Excellent : 10 & Very Good : 10 & Average : 6 & Poor : 0 & Terrible : 0, /Attraction_Review-g670790-d3582037-Reviews-Ski_Centre_Cerkno-Cerkno_Slovenian_Littoral_Region.html
