review_location_name, review_current_page, review_last_page, review_location_type, review_location_breadcrumbs, review_location_rate, location_lat, location_lng, review_id, review_date, review_experience_date, review_rate, user_name, user_link, user_id, extra, parent_url
Franciscan Church (Frančiškanska cerkev), 1, 103, Sacred & Religious Sites, Europe & Slovenia & Upper Carniola Region & Ljubljana & Things to Do in Ljubljana, 4.0, 46.056934, 14.505641, 764403006, 20200801, 20190901, 5.0, Dzangir K, https://www.tripadvisor.com/Profile/jambolaja, 8b719420c8c5a1cc361b588700c3e504, Excellent : 170 & Very Good : 277 & Average : 60 & Poor : 4 & Terrible : 0, /Attraction_Review-g274873-d276319-Reviews-Franciscan_Church_Franciskanska_cerkev-Ljubljana_Upper_Carniola_Region.html
Franciscan Church (Frančiškanska cerkev), 1, 103, Sacred & Religious Sites, Europe & Slovenia & Upper Carniola Region & Ljubljana & Things to Do in Ljubljana, 4.0, 46.056934, 14.505641, 760225193, 20200701, 20200701, 4.0, Alaoa, https://www.tripadvisor.com/Profile/Alaoa, 2fdb3e198be47e0c5a8a098056dac055, Excellent : 170 & Very Good : 277 & Average : 60 & Poor : 4 & Terrible : 0, /Attraction_Review-g274873-d276319-Reviews-Franciscan_Church_Franciskanska_cerkev-Ljubljana_Upper_Carniola_Region.html
Franciscan Church (Frančiškanska cerkev), 1, 103, Sacred & Religious Sites, Europe & Slovenia & Upper Carniola Region & Ljubljana & Things to Do in Ljubljana, 4.0, 46.056934, 14.505641, 758654276, 20200701, 20200601, 5.0, Gighy, https://www.tripadvisor.com/Profile/Zgighy, 2be6b5d299b612fb51da1c144adc30ef, Excellent : 170 & Very Good : 277 & Average : 60 & Poor : 4 & Terrible : 0, /Attraction_Review-g274873-d276319-Reviews-Franciscan_Church_Franciskanska_cerkev-Ljubljana_Upper_Carniola_Region.html
Franciscan Church (Frančiškanska cerkev), 1, 103, Sacred & Religious Sites, Europe & Slovenia & Upper Carniola Region & Ljubljana & Things to Do in Ljubljana, 4.0, 46.056934, 14.505641, 755547737, 20200501, 20200501, 4.0, A Tripadvisor Member, , d41d8cd98f00b204e9800998ecf8427e, Excellent : 170 & Very Good : 277 & Average : 60 & Poor : 4 & Terrible : 0, /Attraction_Review-g274873-d276319-Reviews-Franciscan_Church_Franciskanska_cerkev-Ljubljana_Upper_Carniola_Region.html
Franciscan Church (Frančiškanska cerkev), 1, 103, Sacred & Religious Sites, Europe & Slovenia & Upper Carniola Region & Ljubljana & Things to Do in Ljubljana, 4.0, 46.056934, 14.505641, 752684610, 20200401, 20200401, 5.0, vanapong, https://www.tripadvisor.com/Profile/vanapong, 399256386a458ba204bd8eac2efc6ed5, Excellent : 170 & Very Good : 277 & Average : 60 & Poor : 4 & Terrible : 0, /Attraction_Review-g274873-d276319-Reviews-Franciscan_Church_Franciskanska_cerkev-Ljubljana_Upper_Carniola_Region.html
