review_location_name, review_current_page, review_last_page, review_location_type, review_location_breadcrumbs, review_location_rate, location_lat, location_lng, review_id, review_date, review_experience_date, review_rate, user_name, user_link, user_id, extra, parent_url
Piran Town Walls, 23, 125, Points of Interest & Landmarks, Europe & Slovenia & Slovenian Littoral Region & Slovenian Istria & Piran & Things to Do in Piran, 4.5, 45.528152, 13.568084, 623895218, 20181001, 20181001, 5.0, 551144, https://www.tripadvisor.com/Profile/551144, 74d9b1325e043d26df16ec46e597c9b7, Excellent : 376 & Very Good : 207 & Average : 36 & Poor : 3 & Terrible : 2, /Attraction_Review-g274876-d4553092-Reviews-Piran_Town_Walls-Piran_Slovenian_Istria_Slovenian_Littoral_Region.html
Piran Town Walls, 23, 125, Points of Interest & Landmarks, Europe & Slovenia & Slovenian Littoral Region & Slovenian Istria & Piran & Things to Do in Piran, 4.5, 45.528152, 13.568084, 622770472, 20181001, 20180901, 5.0, Leanne L, https://www.tripadvisor.com/Profile/LeanneL989, ed7088310ba7271d9869042182a09ac5, Excellent : 376 & Very Good : 207 & Average : 36 & Poor : 3 & Terrible : 2, /Attraction_Review-g274876-d4553092-Reviews-Piran_Town_Walls-Piran_Slovenian_Istria_Slovenian_Littoral_Region.html
Piran Town Walls, 23, 125, Points of Interest & Landmarks, Europe & Slovenia & Slovenian Littoral Region & Slovenian Istria & Piran & Things to Do in Piran, 4.5, 45.528152, 13.568084, 622666564, 20181001, 20180901, 3.0, GreenStoneman, https://www.tripadvisor.com/Profile/GreenStoneman, 36991085aba3899a7baeb041d67d40dc, Excellent : 376 & Very Good : 207 & Average : 36 & Poor : 3 & Terrible : 2, /Attraction_Review-g274876-d4553092-Reviews-Piran_Town_Walls-Piran_Slovenian_Istria_Slovenian_Littoral_Region.html
Piran Town Walls, 23, 125, Points of Interest & Landmarks, Europe & Slovenia & Slovenian Littoral Region & Slovenian Istria & Piran & Things to Do in Piran, 4.5, 45.528152, 13.568084, 622464326, 20181001, 20181001, 5.0, Slinky21, https://www.tripadvisor.com/Profile/Slinky21, a729442de13d3a71d26d2000af1d3891, Excellent : 376 & Very Good : 207 & Average : 36 & Poor : 3 & Terrible : 2, /Attraction_Review-g274876-d4553092-Reviews-Piran_Town_Walls-Piran_Slovenian_Istria_Slovenian_Littoral_Region.html
Piran Town Walls, 23, 125, Points of Interest & Landmarks, Europe & Slovenia & Slovenian Littoral Region & Slovenian Istria & Piran & Things to Do in Piran, 4.5, 45.528152, 13.568084, 622203876, 20181001, 20180901, 4.0, Hayles7, https://www.tripadvisor.com/Profile/Hayles7, 9a9147a6f8c5eef5cae2cd83b69b8738, Excellent : 376 & Very Good : 207 & Average : 36 & Poor : 3 & Terrible : 2, /Attraction_Review-g274876-d4553092-Reviews-Piran_Town_Walls-Piran_Slovenian_Istria_Slovenian_Littoral_Region.html
