review_location_name, review_current_page, review_last_page, review_location_type, review_location_breadcrumbs, review_location_rate, location_lat, location_lng, review_id, review_date, review_experience_date, review_rate, user_name, user_link, user_id, extra, parent_url
Piran Town Walls, 8, 125, Points of Interest & Landmarks, Europe & Slovenia & Slovenian Littoral Region & Slovenian Istria & Piran & Things to Do in Piran, 4.5, 45.528152, 13.568084, 707796061, 20190901, 20190801, 5.0, daphne t., https://www.tripadvisor.com/Profile/25_daphne, b5e27cbbdc2141daffea3aaafec5630b, Excellent : 376 & Very Good : 207 & Average : 36 & Poor : 3 & Terrible : 2, /Attraction_Review-g274876-d4553092-Reviews-Piran_Town_Walls-Piran_Slovenian_Istria_Slovenian_Littoral_Region.html
Piran Town Walls, 8, 125, Points of Interest & Landmarks, Europe & Slovenia & Slovenian Littoral Region & Slovenian Istria & Piran & Things to Do in Piran, 4.5, 45.528152, 13.568084, 706907264, 20190901, 20190801, 5.0, The Swiss Nomad, https://www.tripadvisor.com/Profile/TheSwissNomad, 923622fcda84314bed24bd6733572a2d, Excellent : 376 & Very Good : 207 & Average : 36 & Poor : 3 & Terrible : 2, /Attraction_Review-g274876-d4553092-Reviews-Piran_Town_Walls-Piran_Slovenian_Istria_Slovenian_Littoral_Region.html
Piran Town Walls, 8, 125, Points of Interest & Landmarks, Europe & Slovenia & Slovenian Littoral Region & Slovenian Istria & Piran & Things to Do in Piran, 4.5, 45.528152, 13.568084, 706028454, 20190901, 20190901, 5.0, Helga1987, https://www.tripadvisor.com/Profile/Helga1987, 1d32e11e78efb4aa45e9d7a08d11c3c8, Excellent : 376 & Very Good : 207 & Average : 36 & Poor : 3 & Terrible : 2, /Attraction_Review-g274876-d4553092-Reviews-Piran_Town_Walls-Piran_Slovenian_Istria_Slovenian_Littoral_Region.html
Piran Town Walls, 8, 125, Points of Interest & Landmarks, Europe & Slovenia & Slovenian Littoral Region & Slovenian Istria & Piran & Things to Do in Piran, 4.5, 45.528152, 13.568084, 705228166, 20190901, 20190801, 4.0, 814SarahT, https://www.tripadvisor.com/Profile/814SarahT, f9d39fa6bca01df8a12044f1a9292dc2, Excellent : 376 & Very Good : 207 & Average : 36 & Poor : 3 & Terrible : 2, /Attraction_Review-g274876-d4553092-Reviews-Piran_Town_Walls-Piran_Slovenian_Istria_Slovenian_Littoral_Region.html
Piran Town Walls, 8, 125, Points of Interest & Landmarks, Europe & Slovenia & Slovenian Littoral Region & Slovenian Istria & Piran & Things to Do in Piran, 4.5, 45.528152, 13.568084, 705211348, 20190901, 20190901, 5.0, Talant2007, https://www.tripadvisor.com/Profile/Talant2007, 97f1f4b5ef01bc2c305b8e6a343ac3ba, Excellent : 376 & Very Good : 207 & Average : 36 & Poor : 3 & Terrible : 2, /Attraction_Review-g274876-d4553092-Reviews-Piran_Town_Walls-Piran_Slovenian_Istria_Slovenian_Littoral_Region.html
