review_location_name, review_current_page, review_last_page, review_location_type, review_location_breadcrumbs, review_location_rate, location_lat, location_lng, review_id, review_date, review_experience_date, review_rate, user_name, user_link, user_id, extra, parent_url
Sneznik Castle Museum, 4, 14, Castles & History Museums, Europe & Slovenia & Inner Carniola Region & Stari Trg pri Lozu & Things to Do in Stari Trg pri Lozu, 4.5, 45.71484, 14.47097, 581515046, 20180501, 20170601, 4.0, foresttiger2018, https://www.tripadvisor.com/Profile/foresttiger2018, 94369228de72a1ac4c5b01ca82ba9b19, Excellent : 30 & Very Good : 26 & Average : 9 & Poor : 0 & Terrible : 1, /Attraction_Review-g4009706-d4973029-Reviews-Sneznik_Castle_Museum-Stari_Trg_pri_Lozu_Inner_Carniola_Region.html
Sneznik Castle Museum, 4, 14, Castles & History Museums, Europe & Slovenia & Inner Carniola Region & Stari Trg pri Lozu & Things to Do in Stari Trg pri Lozu, 4.5, 45.71484, 14.47097, 576501368, 20180401, 20180401, 4.0, zano59, https://www.tripadvisor.com/Profile/zano59, d56bcfe0a092a73d98766c6cc60eb42b, Excellent : 30 & Very Good : 26 & Average : 9 & Poor : 0 & Terrible : 1, /Attraction_Review-g4009706-d4973029-Reviews-Sneznik_Castle_Museum-Stari_Trg_pri_Lozu_Inner_Carniola_Region.html
Sneznik Castle Museum, 4, 14, Castles & History Museums, Europe & Slovenia & Inner Carniola Region & Stari Trg pri Lozu & Things to Do in Stari Trg pri Lozu, 4.5, 45.71484, 14.47097, 559208289, 20180201, 20180201, 4.0, Ursa, https://www.tripadvisor.com/Profile/skumavc, ee88eae5918add8f9421843a152cc555, Excellent : 30 & Very Good : 26 & Average : 9 & Poor : 0 & Terrible : 1, /Attraction_Review-g4009706-d4973029-Reviews-Sneznik_Castle_Museum-Stari_Trg_pri_Lozu_Inner_Carniola_Region.html
Sneznik Castle Museum, 4, 14, Castles & History Museums, Europe & Slovenia & Inner Carniola Region & Stari Trg pri Lozu & Things to Do in Stari Trg pri Lozu, 4.5, 45.71484, 14.47097, 552067889, 20180101, 20180101, 5.0, Maurizio S, https://www.tripadvisor.com/Profile/D9428HEmaurizios, 184e01fd7d7d00b2975a1f7314c374ad, Excellent : 30 & Very Good : 26 & Average : 9 & Poor : 0 & Terrible : 1, /Attraction_Review-g4009706-d4973029-Reviews-Sneznik_Castle_Museum-Stari_Trg_pri_Lozu_Inner_Carniola_Region.html
Sneznik Castle Museum, 4, 14, Castles & History Museums, Europe & Slovenia & Inner Carniola Region & Stari Trg pri Lozu & Things to Do in Stari Trg pri Lozu, 4.5, 45.71484, 14.47097, 536123686, 20171001, 20171001, 5.0, Andrea C, https://www.tripadvisor.com/Profile/andreacX7484KF, 2ec12dde2fc747a1d0a77c1fd763ead7, Excellent : 30 & Very Good : 26 & Average : 9 & Poor : 0 & Terrible : 1, /Attraction_Review-g4009706-d4973029-Reviews-Sneznik_Castle_Museum-Stari_Trg_pri_Lozu_Inner_Carniola_Region.html
