review_location_name, review_current_page, review_last_page, review_location_type, review_location_breadcrumbs, review_location_rate, location_lat, location_lng, review_id, review_date, review_experience_date, review_rate, user_name, user_link, user_id, extra, parent_url
House of Illusions, 22, 163, Specialty Museums & Children's Museums, Europe & Slovenia & Upper Carniola Region & Ljubljana & Things to Do in Ljubljana, 4.0, 46.056934, 14.505641, 693546455, 20190701, 20190701, 5.0, JordiRM, https://www.tripadvisor.com/Profile/JordiRM, 1c0be9b5225e592f3b5639a1dc8c3ea9, Excellent : 402 & Very Good : 244 & Average : 102 & Poor : 45 & Terrible : 20, /Attraction_Review-g274873-d10815305-Reviews-House_of_Illusions-Ljubljana_Upper_Carniola_Region.html
House of Illusions, 22, 163, Specialty Museums & Children's Museums, Europe & Slovenia & Upper Carniola Region & Ljubljana & Things to Do in Ljubljana, 4.0, 46.056934, 14.505641, 693149231, 20190701, 20190601, 4.0, gerry77iskra, https://www.tripadvisor.com/Profile/gerry77iskra, 1da4442eb79b79d0555744b867760ed3, Excellent : 402 & Very Good : 244 & Average : 102 & Poor : 45 & Terrible : 20, /Attraction_Review-g274873-d10815305-Reviews-House_of_Illusions-Ljubljana_Upper_Carniola_Region.html
House of Illusions, 22, 163, Specialty Museums & Children's Museums, Europe & Slovenia & Upper Carniola Region & Ljubljana & Things to Do in Ljubljana, 4.0, 46.056934, 14.505641, 692524400, 20190701, 20190701, 5.0, christinafaartoft, https://www.tripadvisor.com/Profile/christinafaartoft, 21f25a03ed9c59ee06cc4160f791c94d, Excellent : 402 & Very Good : 244 & Average : 102 & Poor : 45 & Terrible : 20, /Attraction_Review-g274873-d10815305-Reviews-House_of_Illusions-Ljubljana_Upper_Carniola_Region.html
House of Illusions, 22, 163, Specialty Museums & Children's Museums, Europe & Slovenia & Upper Carniola Region & Ljubljana & Things to Do in Ljubljana, 4.0, 46.056934, 14.505641, 692456126, 20190701, 20190701, 4.0, Andycc85, https://www.tripadvisor.com/Profile/Andycc85, eb82e84443d16b08e21da4e436f93a21, Excellent : 402 & Very Good : 244 & Average : 102 & Poor : 45 & Terrible : 20, /Attraction_Review-g274873-d10815305-Reviews-House_of_Illusions-Ljubljana_Upper_Carniola_Region.html
House of Illusions, 22, 163, Specialty Museums & Children's Museums, Europe & Slovenia & Upper Carniola Region & Ljubljana & Things to Do in Ljubljana, 4.0, 46.056934, 14.505641, 691112851, 20190701, 20190701, 5.0, fumaoggi, https://www.tripadvisor.com/Profile/fumaoggi, 224a5f3be596ac253b481f11f8120b47, Excellent : 402 & Very Good : 244 & Average : 102 & Poor : 45 & Terrible : 20, /Attraction_Review-g274873-d10815305-Reviews-House_of_Illusions-Ljubljana_Upper_Carniola_Region.html
