review_location_name, review_current_page, review_last_page, review_location_type, review_location_breadcrumbs, review_location_rate, location_lat, location_lng, review_id, review_date, review_experience_date, review_rate, user_name, user_link, user_id, extra, parent_url
Shoemaker's Bridge (Cevljarski Most), 19, 56, Bridges, Europe & Slovenia & Upper Carniola Region & Ljubljana & Things to Do in Ljubljana, 4.0, 46.056934, 14.505641, 510300551, 20170801, 20170501, 3.0, kpiddy, https://www.tripadvisor.com/Profile/kpiddy, 5f3eede9cdb951ebf352d37804b18c74, Excellent : 67 & Very Good : 138 & Average : 70 & Poor : 1 & Terrible : 0, /Attraction_Review-g274873-d276317-Reviews-Shoemaker_s_Bridge_Cevljarski_Most-Ljubljana_Upper_Carniola_Region.html
Shoemaker's Bridge (Cevljarski Most), 19, 56, Bridges, Europe & Slovenia & Upper Carniola Region & Ljubljana & Things to Do in Ljubljana, 4.0, 46.056934, 14.505641, 508377846, 20170801, 20170601, 3.0, Steven S, https://www.tripadvisor.com/Profile/V2611TSstevens, 112920bac3227c2ab7ad8602ff6619e3, Excellent : 67 & Very Good : 138 & Average : 70 & Poor : 1 & Terrible : 0, /Attraction_Review-g274873-d276317-Reviews-Shoemaker_s_Bridge_Cevljarski_Most-Ljubljana_Upper_Carniola_Region.html
Shoemaker's Bridge (Cevljarski Most), 19, 56, Bridges, Europe & Slovenia & Upper Carniola Region & Ljubljana & Things to Do in Ljubljana, 4.0, 46.056934, 14.505641, 504230135, 20170701, 20170601, 4.0, casswife, https://www.tripadvisor.com/Profile/casswife, 6af50bea9db022e48cde0df983f7c617, Excellent : 67 & Very Good : 138 & Average : 70 & Poor : 1 & Terrible : 0, /Attraction_Review-g274873-d276317-Reviews-Shoemaker_s_Bridge_Cevljarski_Most-Ljubljana_Upper_Carniola_Region.html
Shoemaker's Bridge (Cevljarski Most), 19, 56, Bridges, Europe & Slovenia & Upper Carniola Region & Ljubljana & Things to Do in Ljubljana, 4.0, 46.056934, 14.505641, 503903700, 20170701, 20170701, 4.0, Stefanie A, https://www.tripadvisor.com/Profile/stefanieadams09, 54a6a7144264cbd9783feff08eeb165c, Excellent : 67 & Very Good : 138 & Average : 70 & Poor : 1 & Terrible : 0, /Attraction_Review-g274873-d276317-Reviews-Shoemaker_s_Bridge_Cevljarski_Most-Ljubljana_Upper_Carniola_Region.html
Shoemaker's Bridge (Cevljarski Most), 19, 56, Bridges, Europe & Slovenia & Upper Carniola Region & Ljubljana & Things to Do in Ljubljana, 4.0, 46.056934, 14.505641, 500603135, 20170701, 20170701, 4.0, Florian, https://www.tripadvisor.com/Profile/scbolivia, 0e0ead8e88d292074eff9705a058f58b, Excellent : 67 & Very Good : 138 & Average : 70 & Poor : 1 & Terrible : 0, /Attraction_Review-g274873-d276317-Reviews-Shoemaker_s_Bridge_Cevljarski_Most-Ljubljana_Upper_Carniola_Region.html
