review_location_name, review_current_page, review_last_page, review_location_type, review_location_breadcrumbs, review_location_rate, location_lat, location_lng, review_id, review_date, review_experience_date, review_rate, user_name, user_link, user_id, extra, parent_url
Ljubljana Old Town, 1048, 1548, Neighborhoods, Europe & Slovenia & Upper Carniola Region & Ljubljana & Things to Do in Ljubljana, 4.5, 46.056934, 14.505641, 363713472, 20160401, 20151001, 4.0, raulako2016, https://www.tripadvisor.com/Profile/raulako2016, 62f8f303494f3202413470d88b44fa92, Excellent : 5&&521 & Very Good : 1&&984 & Average : 199 & Poor : 24 & Terrible : 9, /Attraction_Review-g274873-d298666-Reviews-Ljubljana_Old_Town-Ljubljana_Upper_Carniola_Region.html
Ljubljana Old Town, 1048, 1548, Neighborhoods, Europe & Slovenia & Upper Carniola Region & Ljubljana & Things to Do in Ljubljana, 4.5, 46.056934, 14.505641, 363452443, 20160401, 20151101, 5.0, pul_luk, https://www.tripadvisor.com/Profile/pul_luk, 058640e433eed0ebd7b0d5e829e329b7, Excellent : 5&&521 & Very Good : 1&&984 & Average : 199 & Poor : 24 & Terrible : 9, /Attraction_Review-g274873-d298666-Reviews-Ljubljana_Old_Town-Ljubljana_Upper_Carniola_Region.html
Ljubljana Old Town, 1048, 1548, Neighborhoods, Europe & Slovenia & Upper Carniola Region & Ljubljana & Things to Do in Ljubljana, 4.5, 46.056934, 14.505641, 363425212, 20160401, 20150801, 5.0, Олеся К, https://www.tripadvisor.com/Profile/_B688KM, 21a6ceaebe0da3faf98a48ce9df734d1, Excellent : 5&&521 & Very Good : 1&&984 & Average : 199 & Poor : 24 & Terrible : 9, /Attraction_Review-g274873-d298666-Reviews-Ljubljana_Old_Town-Ljubljana_Upper_Carniola_Region.html
Ljubljana Old Town, 1048, 1548, Neighborhoods, Europe & Slovenia & Upper Carniola Region & Ljubljana & Things to Do in Ljubljana, 4.5, 46.056934, 14.505641, 363359279, 20160401, 20160401, 5.0, Patricia R, https://www.tripadvisor.com/Profile/G9611VRpatriciar, c79d391c3c5de8fd905f2c66bb1852e3, Excellent : 5&&521 & Very Good : 1&&984 & Average : 199 & Poor : 24 & Terrible : 9, /Attraction_Review-g274873-d298666-Reviews-Ljubljana_Old_Town-Ljubljana_Upper_Carniola_Region.html
Ljubljana Old Town, 1048, 1548, Neighborhoods, Europe & Slovenia & Upper Carniola Region & Ljubljana & Things to Do in Ljubljana, 4.5, 46.056934, 14.505641, 363312409, 20160401, 20150701, 5.0, Thor2009, https://www.tripadvisor.com/Profile/Thor2009, 7af7d669fa40d909f17aaf6913d6cdc9, Excellent : 5&&521 & Very Good : 1&&984 & Average : 199 & Poor : 24 & Terrible : 9, /Attraction_Review-g274873-d298666-Reviews-Ljubljana_Old_Town-Ljubljana_Upper_Carniola_Region.html
