review_location_name, review_current_page, review_last_page, review_location_type, review_location_breadcrumbs, review_location_rate, location_lat, location_lng, review_id, review_date, review_experience_date, review_rate, user_name, user_link, user_id, extra, parent_url
Tolmin Gorge, 96, 103, Geologic Formations, Europe & Slovenia & Slovenian Littoral Region & Tolmin & Things to Do in Tolmin, 4.5, 46.18268, 13.73253, 213149210, 20140701, 20140501, 5.0, ShellRich4, https://www.tripadvisor.com/Profile/ShellRich4, f548303a250c5a8b3de4b2dac95acd15, Excellent : 356 & Very Good : 120 & Average : 25 & Poor : 9 & Terrible : 2, /Attraction_Review-g815568-d1187693-Reviews-Tolmin_Gorge-Tolmin_Slovenian_Littoral_Region.html
Tolmin Gorge, 96, 103, Geologic Formations, Europe & Slovenia & Slovenian Littoral Region & Tolmin & Things to Do in Tolmin, 4.5, 46.18268, 13.73253, 210157057, 20140601, 20131001, 5.0, MarcelaPomphrey, https://www.tripadvisor.com/Profile/MarcelaPomphrey, c512a181040326c2af5458842a18b561, Excellent : 356 & Very Good : 120 & Average : 25 & Poor : 9 & Terrible : 2, /Attraction_Review-g815568-d1187693-Reviews-Tolmin_Gorge-Tolmin_Slovenian_Littoral_Region.html
Tolmin Gorge, 96, 103, Geologic Formations, Europe & Slovenia & Slovenian Littoral Region & Tolmin & Things to Do in Tolmin, 4.5, 46.18268, 13.73253, 205819445, 20140501, 20140401, 5.0, Elisabeth D, https://www.tripadvisor.com/Profile/Isa77FritslaSweden, 4bbb65974385bc450e2d287faa7c8d88, Excellent : 356 & Very Good : 120 & Average : 25 & Poor : 9 & Terrible : 2, /Attraction_Review-g815568-d1187693-Reviews-Tolmin_Gorge-Tolmin_Slovenian_Littoral_Region.html
Tolmin Gorge, 96, 103, Geologic Formations, Europe & Slovenia & Slovenian Littoral Region & Tolmin & Things to Do in Tolmin, 4.5, 46.18268, 13.73253, 205800432, 20140501, 20140401, 5.0, gsimo83, https://www.tripadvisor.com/Profile/gsimo83, da2a02198585e686d504f3cd64d70fa9, Excellent : 356 & Very Good : 120 & Average : 25 & Poor : 9 & Terrible : 2, /Attraction_Review-g815568-d1187693-Reviews-Tolmin_Gorge-Tolmin_Slovenian_Littoral_Region.html
Tolmin Gorge, 96, 103, Geologic Formations, Europe & Slovenia & Slovenian Littoral Region & Tolmin & Things to Do in Tolmin, 4.5, 46.18268, 13.73253, 205642875, 20140501, 20130701, 5.0, Maurizio d, https://www.tripadvisor.com/Profile/mauriziod510, ac901dedcb78afed2d885ac036b2a473, Excellent : 356 & Very Good : 120 & Average : 25 & Poor : 9 & Terrible : 2, /Attraction_Review-g815568-d1187693-Reviews-Tolmin_Gorge-Tolmin_Slovenian_Littoral_Region.html
