review_location_name, review_current_page, review_last_page, review_location_type, review_location_breadcrumbs, review_location_rate, location_lat, location_lng, review_id, review_date, review_experience_date, review_rate, user_name, user_link, user_id, extra, parent_url
River Soca, 31, 38, Other Outdoor Activities, Europe & Slovenia & Slovenian Littoral Region & Kobarid & Things to Do in Kobarid, 5.0, 46.24709, 13.57934, 292552201, 20150701, 20150701, 5.0, Mimsan4, https://www.tripadvisor.com/Profile/Mimsan4, 5a0a1f62fa10490a4012f464d72b41f2, Excellent : 165 & Very Good : 22 & Average : 0 & Poor : 0 & Terrible : 0, /Attraction_Review-g319788-d6834315-Reviews-River_Soca-Kobarid_Slovenian_Littoral_Region.html
River Soca, 31, 38, Other Outdoor Activities, Europe & Slovenia & Slovenian Littoral Region & Kobarid & Things to Do in Kobarid, 5.0, 46.24709, 13.57934, 292534723, 20150701, 20150701, 5.0, albyax93, https://www.tripadvisor.com/Profile/albyax93, 79f0bc81e67aa22e7d021584617af1a8, Excellent : 165 & Very Good : 22 & Average : 0 & Poor : 0 & Terrible : 0, /Attraction_Review-g319788-d6834315-Reviews-River_Soca-Kobarid_Slovenian_Littoral_Region.html
River Soca, 31, 38, Other Outdoor Activities, Europe & Slovenia & Slovenian Littoral Region & Kobarid & Things to Do in Kobarid, 5.0, 46.24709, 13.57934, 292390957, 20150701, 20150701, 5.0, Vera K, https://www.tripadvisor.com/Profile/verak907, 31d9ac479c38a0a7219a9aca537351d9, Excellent : 165 & Very Good : 22 & Average : 0 & Poor : 0 & Terrible : 0, /Attraction_Review-g319788-d6834315-Reviews-River_Soca-Kobarid_Slovenian_Littoral_Region.html
River Soca, 31, 38, Other Outdoor Activities, Europe & Slovenia & Slovenian Littoral Region & Kobarid & Things to Do in Kobarid, 5.0, 46.24709, 13.57934, 292216114, 20150701, 20150701, 5.0, wimvc2015, https://www.tripadvisor.com/Profile/wimvc2015, c13ed0ddb23ffead54d23785572bbcfd, Excellent : 165 & Very Good : 22 & Average : 0 & Poor : 0 & Terrible : 0, /Attraction_Review-g319788-d6834315-Reviews-River_Soca-Kobarid_Slovenian_Littoral_Region.html
River Soca, 31, 38, Other Outdoor Activities, Europe & Slovenia & Slovenian Littoral Region & Kobarid & Things to Do in Kobarid, 5.0, 46.24709, 13.57934, 291731033, 20150701, 20150701, 5.0, Cres, https://www.tripadvisor.com/Profile/Cres, cf03807a0b27d9c78a1b0c6d917c674d, Excellent : 165 & Very Good : 22 & Average : 0 & Poor : 0 & Terrible : 0, /Attraction_Review-g319788-d6834315-Reviews-River_Soca-Kobarid_Slovenian_Littoral_Region.html
