review_location_name, review_current_page, review_last_page, review_location_type, review_location_breadcrumbs, review_location_rate, location_lat, location_lng, review_id, review_date, review_experience_date, review_rate, user_name, user_link, user_id, extra, parent_url
Skofja Loka Castle & Museum, 4, 32, Castles & History Museums, Europe & Slovenia & Upper Carniola Region & Skofja Loka & Things to Do in Skofja Loka, 4.0, 46.16889, 14.32286, 683841276, 20190601, 20190501, 4.0, Palinkamen, https://www.tripadvisor.com/Profile/Palinkamen, a6b25efcdd30c6cd58826d484784ce2c, Excellent : 58 & Very Good : 74 & Average : 21 & Poor : 3 & Terrible : 0, /Attraction_Review-g608963-d3423353-Reviews-Skofja_Loka_Castle_Museum-Skofja_Loka_Upper_Carniola_Region.html
Skofja Loka Castle & Museum, 4, 32, Castles & History Museums, Europe & Slovenia & Upper Carniola Region & Skofja Loka & Things to Do in Skofja Loka, 4.0, 46.16889, 14.32286, 674438851, 20190501, 20190501, 4.0, Moon, https://www.tripadvisor.com/Profile/Moonxia, a01b939672a16a8cb91bd6ad297d9430, Excellent : 58 & Very Good : 74 & Average : 21 & Poor : 3 & Terrible : 0, /Attraction_Review-g608963-d3423353-Reviews-Skofja_Loka_Castle_Museum-Skofja_Loka_Upper_Carniola_Region.html
Skofja Loka Castle & Museum, 4, 32, Castles & History Museums, Europe & Slovenia & Upper Carniola Region & Skofja Loka & Things to Do in Skofja Loka, 4.0, 46.16889, 14.32286, 670240124, 20190401, 20190401, 5.0, luciaGiussano, https://www.tripadvisor.com/Profile/luciaGiussano, 54e2f11daebd19b5944deb3fb0d76b84, Excellent : 58 & Very Good : 74 & Average : 21 & Poor : 3 & Terrible : 0, /Attraction_Review-g608963-d3423353-Reviews-Skofja_Loka_Castle_Museum-Skofja_Loka_Upper_Carniola_Region.html
Skofja Loka Castle & Museum, 4, 32, Castles & History Museums, Europe & Slovenia & Upper Carniola Region & Skofja Loka & Things to Do in Skofja Loka, 4.0, 46.16889, 14.32286, 666179048, 20190401, 20190201, 5.0, kirchen2015, https://www.tripadvisor.com/Profile/kirchen2015, 47f7756c380016d419ba8416e663760c, Excellent : 58 & Very Good : 74 & Average : 21 & Poor : 3 & Terrible : 0, /Attraction_Review-g608963-d3423353-Reviews-Skofja_Loka_Castle_Museum-Skofja_Loka_Upper_Carniola_Region.html
Skofja Loka Castle & Museum, 4, 32, Castles & History Museums, Europe & Slovenia & Upper Carniola Region & Skofja Loka & Things to Do in Skofja Loka, 4.0, 46.16889, 14.32286, 660552737, 20190301, 20181101, 4.0, PaoloRiccardoCarrara, https://www.tripadvisor.com/Profile/PaoloRiccardoCarrara, 1eefc98eb3fbe1b486e83405bb477046, Excellent : 58 & Very Good : 74 & Average : 21 & Poor : 3 & Terrible : 0, /Attraction_Review-g608963-d3423353-Reviews-Skofja_Loka_Castle_Museum-Skofja_Loka_Upper_Carniola_Region.html
