review_location_name, review_current_page, review_last_page, review_location_type, review_location_breadcrumbs, review_location_rate, location_lat, location_lng, review_id, review_date, review_experience_date, review_rate, user_name, user_link, user_id, extra, parent_url
Congress Square (Kongresni trg), 12, 46, Points of Interest & Landmarks & Parks, Europe & Slovenia & Upper Carniola Region & Ljubljana & Things to Do in Ljubljana, 4.0, 46.056934, 14.505641, 617490402, 20180901, 20180501, 4.0, Lynn B, https://www.tripadvisor.com/Profile/lynnbA2436PT, 0b195b9dc1185adc54147a118047f07e, Excellent : 57 & Very Good : 140 & Average : 27 & Poor : 2 & Terrible : 0, /Attraction_Review-g274873-d7007280-Reviews-Congress_Square_Kongresni_trg-Ljubljana_Upper_Carniola_Region.html
Congress Square (Kongresni trg), 12, 46, Points of Interest & Landmarks & Parks, Europe & Slovenia & Upper Carniola Region & Ljubljana & Things to Do in Ljubljana, 4.0, 46.056934, 14.505641, 615117328, 20180901, 20180801, 5.0, aleksandradudek, https://www.tripadvisor.com/Profile/aleksandradudek, 768616d356d077ee65219341883b5aa8, Excellent : 57 & Very Good : 140 & Average : 27 & Poor : 2 & Terrible : 0, /Attraction_Review-g274873-d7007280-Reviews-Congress_Square_Kongresni_trg-Ljubljana_Upper_Carniola_Region.html
Congress Square (Kongresni trg), 12, 46, Points of Interest & Landmarks & Parks, Europe & Slovenia & Upper Carniola Region & Ljubljana & Things to Do in Ljubljana, 4.0, 46.056934, 14.505641, 614857330, 20180901, 20180801, 5.0, Suzi S, https://www.tripadvisor.com/Profile/suzishs, a02f8cc6636640c48c7f9ae7c0c91eef, Excellent : 57 & Very Good : 140 & Average : 27 & Poor : 2 & Terrible : 0, /Attraction_Review-g274873-d7007280-Reviews-Congress_Square_Kongresni_trg-Ljubljana_Upper_Carniola_Region.html
Congress Square (Kongresni trg), 12, 46, Points of Interest & Landmarks & Parks, Europe & Slovenia & Upper Carniola Region & Ljubljana & Things to Do in Ljubljana, 4.0, 46.056934, 14.505641, 612543226, 20180801, 20180801, 4.0, Duequalunque, https://www.tripadvisor.com/Profile/Duequalunque, 294d10062e1bf7ca4e128c3676290b87, Excellent : 57 & Very Good : 140 & Average : 27 & Poor : 2 & Terrible : 0, /Attraction_Review-g274873-d7007280-Reviews-Congress_Square_Kongresni_trg-Ljubljana_Upper_Carniola_Region.html
Congress Square (Kongresni trg), 12, 46, Points of Interest & Landmarks & Parks, Europe & Slovenia & Upper Carniola Region & Ljubljana & Things to Do in Ljubljana, 4.0, 46.056934, 14.505641, 610879913, 20180801, 20180801, 4.0, NswAustraliaDidi, https://www.tripadvisor.com/Profile/NswAustraliaDidi, 7bc2f43e250565eca4c3bb4e80fe9d9c, Excellent : 57 & Very Good : 140 & Average : 27 & Poor : 2 & Terrible : 0, /Attraction_Review-g274873-d7007280-Reviews-Congress_Square_Kongresni_trg-Ljubljana_Upper_Carniola_Region.html
