review_location_name, review_current_page, review_last_page, review_location_type, review_location_breadcrumbs, review_location_rate, location_lat, location_lng, review_id, review_date, review_experience_date, review_rate, user_name, user_link, user_id, extra, parent_url
Portoroz Beach, 82, 128, Beaches, Europe & Slovenia & Slovenian Littoral Region & Portoroz & Things to Do in Portoroz, 3.5, 45.51589, 13.59462, 310066044, 20150901, 20150901, 5.0, MinoltaXD, https://www.tripadvisor.com/Profile/MinoltaXD, 3536a3dc0c1bebec999e28b13dd1e28c, Excellent : 147 & Very Good : 217 & Average : 170 & Poor : 72 & Terrible : 33, /Attraction_Review-g274877-d3451033-Reviews-Portoroz_Beach-Portoroz_Slovenian_Littoral_Region.html
Portoroz Beach, 82, 128, Beaches, Europe & Slovenia & Slovenian Littoral Region & Portoroz & Things to Do in Portoroz, 3.5, 45.51589, 13.59462, 309970954, 20150901, 20150901, 3.0, Shishmish, https://www.tripadvisor.com/Profile/Beograd1123, 457fb540bf480732e65872b18c2210fe, Excellent : 147 & Very Good : 217 & Average : 170 & Poor : 72 & Terrible : 33, /Attraction_Review-g274877-d3451033-Reviews-Portoroz_Beach-Portoroz_Slovenian_Littoral_Region.html
Portoroz Beach, 82, 128, Beaches, Europe & Slovenia & Slovenian Littoral Region & Portoroz & Things to Do in Portoroz, 3.5, 45.51589, 13.59462, 309501804, 20150901, 20150901, 4.0, Anita K., https://www.tripadvisor.com/Profile/AnitaKo, dfedd61591590fbd28a320adcc7e7338, Excellent : 147 & Very Good : 217 & Average : 170 & Poor : 72 & Terrible : 33, /Attraction_Review-g274877-d3451033-Reviews-Portoroz_Beach-Portoroz_Slovenian_Littoral_Region.html
Portoroz Beach, 82, 128, Beaches, Europe & Slovenia & Slovenian Littoral Region & Portoroz & Things to Do in Portoroz, 3.5, 45.51589, 13.59462, 309131656, 20150901, 20150901, 3.0, Paola L, https://www.tripadvisor.com/Profile/745paolal, 8db13014e13a197ef1a47cd3fb204cd9, Excellent : 147 & Very Good : 217 & Average : 170 & Poor : 72 & Terrible : 33, /Attraction_Review-g274877-d3451033-Reviews-Portoroz_Beach-Portoroz_Slovenian_Littoral_Region.html
Portoroz Beach, 82, 128, Beaches, Europe & Slovenia & Slovenian Littoral Region & Portoroz & Things to Do in Portoroz, 3.5, 45.51589, 13.59462, 308584960, 20150901, 20150801, 3.0, Adventuremachine, https://www.tripadvisor.com/Profile/Adventuremachine, 1d1aebb3be43dd62cfdf835ef176b111, Excellent : 147 & Very Good : 217 & Average : 170 & Poor : 72 & Terrible : 33, /Attraction_Review-g274877-d3451033-Reviews-Portoroz_Beach-Portoroz_Slovenian_Littoral_Region.html
