review_location_name, review_current_page, review_last_page, review_location_type, review_location_breadcrumbs, review_location_rate, location_lat, location_lng, review_id, review_date, review_experience_date, review_rate, user_name, user_link, user_id, extra, parent_url
Kobarid Museum (Kobariski muzej), 64, 102, Specialty Museums, Europe & Slovenia & Slovenian Littoral Region & Kobarid & Things to Do in Kobarid, 4.5, 46.24709, 13.57934, 314852954, 20150901, 20150901, 5.0, Adventure-gma1255, https://www.tripadvisor.com/Profile/Adventure-gma1255, 94b4ab4e159d3cc7977ac89ef01856d6, Excellent : 329 & Very Good : 157 & Average : 20 & Poor : 1 & Terrible : 2, /Attraction_Review-g319788-d276481-Reviews-Kobarid_Museum_Kobariski_muzej-Kobarid_Slovenian_Littoral_Region.html
Kobarid Museum (Kobariski muzej), 64, 102, Specialty Museums, Europe & Slovenia & Slovenian Littoral Region & Kobarid & Things to Do in Kobarid, 4.5, 46.24709, 13.57934, 314022503, 20150901, 20150901, 3.0, Bryher H, https://www.tripadvisor.com/Profile/bryherh2015, bc111f5c9aa131d836d8064260e0f65d, Excellent : 329 & Very Good : 157 & Average : 20 & Poor : 1 & Terrible : 2, /Attraction_Review-g319788-d276481-Reviews-Kobarid_Museum_Kobariski_muzej-Kobarid_Slovenian_Littoral_Region.html
Kobarid Museum (Kobariski muzej), 64, 102, Specialty Museums, Europe & Slovenia & Slovenian Littoral Region & Kobarid & Things to Do in Kobarid, 4.5, 46.24709, 13.57934, 314009178, 20150901, 20150901, 5.0, SandMGardner, https://www.tripadvisor.com/Profile/SandMGardner, addf3f13644368baf536cb4e1838dd37, Excellent : 329 & Very Good : 157 & Average : 20 & Poor : 1 & Terrible : 2, /Attraction_Review-g319788-d276481-Reviews-Kobarid_Museum_Kobariski_muzej-Kobarid_Slovenian_Littoral_Region.html
Kobarid Museum (Kobariski muzej), 64, 102, Specialty Museums, Europe & Slovenia & Slovenian Littoral Region & Kobarid & Things to Do in Kobarid, 4.5, 46.24709, 13.57934, 311670208, 20150901, 20150901, 4.0, nadi O o, https://www.tripadvisor.com/Profile/nadioo, da46126437bae4416c0bf8ff0435aa1e, Excellent : 329 & Very Good : 157 & Average : 20 & Poor : 1 & Terrible : 2, /Attraction_Review-g319788-d276481-Reviews-Kobarid_Museum_Kobariski_muzej-Kobarid_Slovenian_Littoral_Region.html
Kobarid Museum (Kobariski muzej), 64, 102, Specialty Museums, Europe & Slovenia & Slovenian Littoral Region & Kobarid & Things to Do in Kobarid, 4.5, 46.24709, 13.57934, 311325741, 20150901, 20150901, 4.0, Aldo B, https://www.tripadvisor.com/Profile/Aldo-Berti, 0bf58111ccdb4088965ec3a9e9df74ed, Excellent : 329 & Very Good : 157 & Average : 20 & Poor : 1 & Terrible : 2, /Attraction_Review-g319788-d276481-Reviews-Kobarid_Museum_Kobariski_muzej-Kobarid_Slovenian_Littoral_Region.html
