review_location_name, review_current_page, review_last_page, review_location_type, review_location_breadcrumbs, review_location_rate, location_lat, location_lng, review_id, review_date, review_experience_date, review_rate, user_name, user_link, user_id, extra, parent_url
Velika Planina, 30, 45, Mountains, Europe & Slovenia & Upper Carniola Region & Stahovica & Things to Do in Stahovica, 4.5, 46.26757, 14.6032, 424303168, 20161001, 20160801, 5.0, Adrj78, https://www.tripadvisor.com/Profile/Adrj78, 7155aff049dbf5bcadecd8a6ac453219, Excellent : 167 & Very Good : 44 & Average : 5 & Poor : 1 & Terrible : 4, /Attraction_Review-g2554450-d3653702-Reviews-Velika_Planina-Stahovica_Upper_Carniola_Region.html
Velika Planina, 30, 45, Mountains, Europe & Slovenia & Upper Carniola Region & Stahovica & Things to Do in Stahovica, 4.5, 46.26757, 14.6032, 424062182, 20161001, 20160901, 5.0, worldfamousjeff, https://www.tripadvisor.com/Profile/worldfamousjeff, 1b95a68387c7c8ee48927d3a003886a3, Excellent : 167 & Very Good : 44 & Average : 5 & Poor : 1 & Terrible : 4, /Attraction_Review-g2554450-d3653702-Reviews-Velika_Planina-Stahovica_Upper_Carniola_Region.html
Velika Planina, 30, 45, Mountains, Europe & Slovenia & Upper Carniola Region & Stahovica & Things to Do in Stahovica, 4.5, 46.26757, 14.6032, 422055701, 20160901, 20160901, 5.0, Abdulaala, https://www.tripadvisor.com/Profile/Abdula3la, 91d2c5c8298ad5c9297b361134ad0d46, Excellent : 167 & Very Good : 44 & Average : 5 & Poor : 1 & Terrible : 4, /Attraction_Review-g2554450-d3653702-Reviews-Velika_Planina-Stahovica_Upper_Carniola_Region.html
Velika Planina, 30, 45, Mountains, Europe & Slovenia & Upper Carniola Region & Stahovica & Things to Do in Stahovica, 4.5, 46.26757, 14.6032, 419502474, 20160901, 20160901, 5.0, jean pierre v, https://www.tripadvisor.com/Profile/grouMarseille, 776ed83aed9293e86b0e85e2a01fccab, Excellent : 167 & Very Good : 44 & Average : 5 & Poor : 1 & Terrible : 4, /Attraction_Review-g2554450-d3653702-Reviews-Velika_Planina-Stahovica_Upper_Carniola_Region.html
Velika Planina, 30, 45, Mountains, Europe & Slovenia & Upper Carniola Region & Stahovica & Things to Do in Stahovica, 4.5, 46.26757, 14.6032, 417930877, 20160901, 20160801, 5.0, bilkouben, https://www.tripadvisor.com/Profile/bilkouben, 46030a6e293b22d004b2a240ee7dff72, Excellent : 167 & Very Good : 44 & Average : 5 & Poor : 1 & Terrible : 4, /Attraction_Review-g2554450-d3653702-Reviews-Velika_Planina-Stahovica_Upper_Carniola_Region.html
