review_location_name, review_current_page, review_last_page, review_location_type, review_location_breadcrumbs, review_location_rate, location_lat, location_lng, review_id, review_date, review_experience_date, review_rate, user_name, user_link, user_id, extra, parent_url
Vintgar Gorge, 314, 982, Hiking Trails, Europe & Slovenia & Upper Carniola Region & Zgornje Gorje & Things to Do in Zgornje Gorje, 4.5, 46.38038, 14.0656, 515904821, 20170801, 20170801, 3.0, Elke T, https://www.tripadvisor.com/Profile/54elket, a9d772f04b010b53f8ce2e06d3471d36, Excellent : 3&&287 & Very Good : 1&&207 & Average : 285 & Poor : 82 & Terrible : 48, /Attraction_Review-g1870874-d519724-Reviews-Vintgar_Gorge-Zgornje_Gorje_Upper_Carniola_Region.html
Vintgar Gorge, 314, 982, Hiking Trails, Europe & Slovenia & Upper Carniola Region & Zgornje Gorje & Things to Do in Zgornje Gorje, 4.5, 46.38038, 14.0656, 515821921, 20170801, 20170801, 5.0, Danny, https://www.tripadvisor.com/Profile/DannyWandering, c5b9e9e21e62b368301ca33bf76427fb, Excellent : 3&&287 & Very Good : 1&&207 & Average : 285 & Poor : 82 & Terrible : 48, /Attraction_Review-g1870874-d519724-Reviews-Vintgar_Gorge-Zgornje_Gorje_Upper_Carniola_Region.html
Vintgar Gorge, 314, 982, Hiking Trails, Europe & Slovenia & Upper Carniola Region & Zgornje Gorje & Things to Do in Zgornje Gorje, 4.5, 46.38038, 14.0656, 515742259, 20170801, 20170801, 4.0, Borbelyek, https://www.tripadvisor.com/Profile/Borbelyek, 55af0e55b214f5c0d0a3cdae07cddd3c, Excellent : 3&&287 & Very Good : 1&&207 & Average : 285 & Poor : 82 & Terrible : 48, /Attraction_Review-g1870874-d519724-Reviews-Vintgar_Gorge-Zgornje_Gorje_Upper_Carniola_Region.html
Vintgar Gorge, 314, 982, Hiking Trails, Europe & Slovenia & Upper Carniola Region & Zgornje Gorje & Things to Do in Zgornje Gorje, 4.5, 46.38038, 14.0656, 515707727, 20170801, 20170801, 5.0, Jupa, https://www.tripadvisor.com/Profile/jupasetti, c6134f8c4097a2553c145203931712fa, Excellent : 3&&287 & Very Good : 1&&207 & Average : 285 & Poor : 82 & Terrible : 48, /Attraction_Review-g1870874-d519724-Reviews-Vintgar_Gorge-Zgornje_Gorje_Upper_Carniola_Region.html
Vintgar Gorge, 314, 982, Hiking Trails, Europe & Slovenia & Upper Carniola Region & Zgornje Gorje & Things to Do in Zgornje Gorje, 4.5, 46.38038, 14.0656, 515662606, 20170801, 20170801, 5.0, Giulia F, https://www.tripadvisor.com/Profile/41giuliaf, 427bb33026e3cf7d84d830383facf326, Excellent : 3&&287 & Very Good : 1&&207 & Average : 285 & Poor : 82 & Terrible : 48, /Attraction_Review-g1870874-d519724-Reviews-Vintgar_Gorge-Zgornje_Gorje_Upper_Carniola_Region.html
