review_location_name, review_current_page, review_last_page, review_location_type, review_location_breadcrumbs, review_location_rate, location_lat, location_lng, review_id, review_date, review_experience_date, review_rate, user_name, user_link, user_id, extra, parent_url
Koper Cathedral and Bell Tower, 60, 72, Churches & Cathedrals, Europe & Slovenia & Slovenian Littoral Region & Slovenian Istria & Koper & Things to Do in Koper, 4.0, 45.53975, 13.73332, 238269498, 20141101, 20140801, 5.0, Chloe, https://www.tripadvisor.com/Profile/140chloeh, a65afc81023ca52b911b0669f9aa034c, Excellent : 136 & Very Good : 168 & Average : 47 & Poor : 5 & Terrible : 1, /Attraction_Review-g312722-d2345282-Reviews-Koper_Cathedral_and_Bell_Tower-Koper_Slovenian_Istria_Slovenian_Littoral_Region.html
Koper Cathedral and Bell Tower, 60, 72, Churches & Cathedrals, Europe & Slovenia & Slovenian Littoral Region & Slovenian Istria & Koper & Things to Do in Koper, 4.0, 45.53975, 13.73332, 238100971, 20141101, 20141101, 5.0, Minnie M, https://www.tripadvisor.com/Profile/331minniem, 9c4a4acde6cef86f509e650311c036d5, Excellent : 136 & Very Good : 168 & Average : 47 & Poor : 5 & Terrible : 1, /Attraction_Review-g312722-d2345282-Reviews-Koper_Cathedral_and_Bell_Tower-Koper_Slovenian_Istria_Slovenian_Littoral_Region.html
Koper Cathedral and Bell Tower, 60, 72, Churches & Cathedrals, Europe & Slovenia & Slovenian Littoral Region & Slovenian Istria & Koper & Things to Do in Koper, 4.0, 45.53975, 13.73332, 237290033, 20141001, 20140701, 4.0, Вячеслав И, https://www.tripadvisor.com/Profile/Viacheslav_Iv, 920344e0737a54a16daa09df4993b23d, Excellent : 136 & Very Good : 168 & Average : 47 & Poor : 5 & Terrible : 1, /Attraction_Review-g312722-d2345282-Reviews-Koper_Cathedral_and_Bell_Tower-Koper_Slovenian_Istria_Slovenian_Littoral_Region.html
Koper Cathedral and Bell Tower, 60, 72, Churches & Cathedrals, Europe & Slovenia & Slovenian Littoral Region & Slovenian Istria & Koper & Things to Do in Koper, 4.0, 45.53975, 13.73332, 235880778, 20141001, 20131101, 5.0, Sandi L, https://www.tripadvisor.com/Profile/78sandil, 3d4f541698615bf68d91f94898d1a4b4, Excellent : 136 & Very Good : 168 & Average : 47 & Poor : 5 & Terrible : 1, /Attraction_Review-g312722-d2345282-Reviews-Koper_Cathedral_and_Bell_Tower-Koper_Slovenian_Istria_Slovenian_Littoral_Region.html
Koper Cathedral and Bell Tower, 60, 72, Churches & Cathedrals, Europe & Slovenia & Slovenian Littoral Region & Slovenian Istria & Koper & Things to Do in Koper, 4.0, 45.53975, 13.73332, 235037167, 20141001, 20140901, 5.0, CaduArle, https://www.tripadvisor.com/Profile/CaduArle, 027ae443f7924fdfb87baa6714a24420, Excellent : 136 & Very Good : 168 & Average : 47 & Poor : 5 & Terrible : 1, /Attraction_Review-g312722-d2345282-Reviews-Koper_Cathedral_and_Bell_Tower-Koper_Slovenian_Istria_Slovenian_Littoral_Region.html
