review_location_name, review_current_page, review_last_page, review_location_type, review_location_breadcrumbs, review_location_rate, location_lat, location_lng, review_id, review_date, review_experience_date, review_rate, user_name, user_link, user_id, extra, parent_url
River Ljubljanica Kanal, 177, 239, Bodies of Water, Europe & Slovenia & Upper Carniola Region & Ljubljana & Things to Do in Ljubljana, 4.5, 46.056934, 14.505641, 303425967, 20150801, 20150801, 3.0, Peter I, https://www.tripadvisor.com/Profile/ilpet, 914ed42fab08527a5a52fd109dd0c059, Excellent : 612 & Very Good : 461 & Average : 102 & Poor : 16 & Terrible : 2, /Attraction_Review-g274873-d555572-Reviews-River_Ljubljanica_Kanal-Ljubljana_Upper_Carniola_Region.html
River Ljubljanica Kanal, 177, 239, Bodies of Water, Europe & Slovenia & Upper Carniola Region & Ljubljana & Things to Do in Ljubljana, 4.5, 46.056934, 14.505641, 302829784, 20150801, 20141201, 5.0, vfp2013, https://www.tripadvisor.com/Profile/vfp2013, 308e188d70ea8e73b7a4ff52e8129b25, Excellent : 612 & Very Good : 461 & Average : 102 & Poor : 16 & Terrible : 2, /Attraction_Review-g274873-d555572-Reviews-River_Ljubljanica_Kanal-Ljubljana_Upper_Carniola_Region.html
River Ljubljanica Kanal, 177, 239, Bodies of Water, Europe & Slovenia & Upper Carniola Region & Ljubljana & Things to Do in Ljubljana, 4.5, 46.056934, 14.505641, 302352365, 20150801, 20150801, 3.0, Wiceczek, https://www.tripadvisor.com/Profile/Wiceczek, 25cd3d1a1480d25261b7cb2f1fc12505, Excellent : 612 & Very Good : 461 & Average : 102 & Poor : 16 & Terrible : 2, /Attraction_Review-g274873-d555572-Reviews-River_Ljubljanica_Kanal-Ljubljana_Upper_Carniola_Region.html
River Ljubljanica Kanal, 177, 239, Bodies of Water, Europe & Slovenia & Upper Carniola Region & Ljubljana & Things to Do in Ljubljana, 4.5, 46.056934, 14.505641, 302329158, 20150801, 20150401, 4.0, riripan, https://www.tripadvisor.com/Profile/riripan, bf9e44a92bae0c1cd4c2237ae5a4fbb5, Excellent : 612 & Very Good : 461 & Average : 102 & Poor : 16 & Terrible : 2, /Attraction_Review-g274873-d555572-Reviews-River_Ljubljanica_Kanal-Ljubljana_Upper_Carniola_Region.html
River Ljubljanica Kanal, 177, 239, Bodies of Water, Europe & Slovenia & Upper Carniola Region & Ljubljana & Things to Do in Ljubljana, 4.5, 46.056934, 14.505641, 302177753, 20150801, 20150801, 5.0, Enzo-Karina, https://www.tripadvisor.com/Profile/Enzo-Karina, ed412dd6893812c0cb0d5f24d2a6aaf3, Excellent : 612 & Very Good : 461 & Average : 102 & Poor : 16 & Terrible : 2, /Attraction_Review-g274873-d555572-Reviews-River_Ljubljanica_Kanal-Ljubljana_Upper_Carniola_Region.html
