review_location_name, review_current_page, review_last_page, review_location_type, review_location_breadcrumbs, review_location_rate, location_lat, location_lng, review_id, review_date, review_experience_date, review_rate, user_name, user_link, user_id, extra, parent_url
Faladur Wine Bar & Wine Shop, 6, 5, Bars & Clubs & Wine Bars, Europe & Slovenia & Slovenian Littoral Region & Ajdovscina & Things to Do in Ajdovscina, 5.0, 45.886906, 13.908602, 232571823, 20141001, 20141001, 5.0, Fabi76, https://www.tripadvisor.com/Profile/Fabi76, 9a6ccfd10a3b1b90030067df2c53b6e5, Excellent : 26 & Very Good : 2 & Average : 1 & Poor : 0 & Terrible : 0, /Attraction_Review-g2554464-d6673908-Reviews-Faladur_Wine_Bar_Wine_Shop-Ajdovscina_Slovenian_Littoral_Region.html
Faladur Wine Bar & Wine Shop, 6, 5, Bars & Clubs & Wine Bars, Europe & Slovenia & Slovenian Littoral Region & Ajdovscina & Things to Do in Ajdovscina, 5.0, 45.886906, 13.908602, 224844127, 20140801, 20140801, 5.0, Sylwia M, https://www.tripadvisor.com/Profile/641sylwiam, 2d0a463cf0d078b277e9313eaaa2e88a, Excellent : 26 & Very Good : 2 & Average : 1 & Poor : 0 & Terrible : 0, /Attraction_Review-g2554464-d6673908-Reviews-Faladur_Wine_Bar_Wine_Shop-Ajdovscina_Slovenian_Littoral_Region.html
Faladur Wine Bar & Wine Shop, 6, 5, Bars & Clubs & Wine Bars, Europe & Slovenia & Slovenian Littoral Region & Ajdovscina & Things to Do in Ajdovscina, 5.0, 45.886906, 13.908602, 208639488, 20140601, 20140501, 5.0, TomazT222, https://www.tripadvisor.com/Profile/TomazT222, 6be56e484192f4de3661f4ab32c4577f, Excellent : 26 & Very Good : 2 & Average : 1 & Poor : 0 & Terrible : 0, /Attraction_Review-g2554464-d6673908-Reviews-Faladur_Wine_Bar_Wine_Shop-Ajdovscina_Slovenian_Littoral_Region.html
Faladur Wine Bar & Wine Shop, 6, 5, Bars & Clubs & Wine Bars, Europe & Slovenia & Slovenian Littoral Region & Ajdovscina & Things to Do in Ajdovscina, 5.0, 45.886906, 13.908602, 206469492, 20140501, 20140401, 5.0, Martin N, https://www.tripadvisor.com/Profile/761martinn, 71b49b367c542d6e4d35a074d15a4c4c, Excellent : 26 & Very Good : 2 & Average : 1 & Poor : 0 & Terrible : 0, /Attraction_Review-g2554464-d6673908-Reviews-Faladur_Wine_Bar_Wine_Shop-Ajdovscina_Slovenian_Littoral_Region.html
