review_location_name, review_current_page, review_last_page, review_location_type, review_location_breadcrumbs, review_location_rate, location_lat, location_lng, review_id, review_date, review_experience_date, review_rate, user_name, user_link, user_id, extra, parent_url
Fort Kluze, 10, 15, Specialty Museums, Europe & Slovenia & Slovenian Littoral Region & Bovec & Things to Do in Bovec, 4.0, 46.33761, 13.55976, 409864562, 20160801, 20160801, 5.0, Borut S, https://www.tripadvisor.com/Profile/boruts353, f918f894977a3bc0f84a3fb286f02f3c, Excellent : 18 & Very Good : 36 & Average : 16 & Poor : 4 & Terrible : 0, /Attraction_Review-g274866-d5980739-Reviews-Fort_Kluze-Bovec_Slovenian_Littoral_Region.html
Fort Kluze, 10, 15, Specialty Museums, Europe & Slovenia & Slovenian Littoral Region & Bovec & Things to Do in Bovec, 4.0, 46.33761, 13.55976, 407100361, 20160801, 20160801, 5.0, Csaba40, https://www.tripadvisor.com/Profile/Csaba40, 7222c19d157ecd15a412b27f3503ea85, Excellent : 18 & Very Good : 36 & Average : 16 & Poor : 4 & Terrible : 0, /Attraction_Review-g274866-d5980739-Reviews-Fort_Kluze-Bovec_Slovenian_Littoral_Region.html
Fort Kluze, 10, 15, Specialty Museums, Europe & Slovenia & Slovenian Littoral Region & Bovec & Things to Do in Bovec, 4.0, 46.33761, 13.55976, 402557295, 20160801, 20160701, 5.0, Sholtolestrade, https://www.tripadvisor.com/Profile/Sholtolestrade, 7596f0943cdff94d4c01993f7f80d7a2, Excellent : 18 & Very Good : 36 & Average : 16 & Poor : 4 & Terrible : 0, /Attraction_Review-g274866-d5980739-Reviews-Fort_Kluze-Bovec_Slovenian_Littoral_Region.html
Fort Kluze, 10, 15, Specialty Museums, Europe & Slovenia & Slovenian Littoral Region & Bovec & Things to Do in Bovec, 4.0, 46.33761, 13.55976, 401465464, 20160801, 20160601, 3.0, Icaap, https://www.tripadvisor.com/Profile/Icaap, da7e8148ded13b27e7141f579987b520, Excellent : 18 & Very Good : 36 & Average : 16 & Poor : 4 & Terrible : 0, /Attraction_Review-g274866-d5980739-Reviews-Fort_Kluze-Bovec_Slovenian_Littoral_Region.html
Fort Kluze, 10, 15, Specialty Museums, Europe & Slovenia & Slovenian Littoral Region & Bovec & Things to Do in Bovec, 4.0, 46.33761, 13.55976, 399750735, 20160701, 20160701, 2.0, Diana O, https://www.tripadvisor.com/Profile/dianao753, 1e8c41333ac4331bd6888a21c6cd0692, Excellent : 18 & Very Good : 36 & Average : 16 & Poor : 4 & Terrible : 0, /Attraction_Review-g274866-d5980739-Reviews-Fort_Kluze-Bovec_Slovenian_Littoral_Region.html
