review_location_name, review_current_page, review_last_page, review_location_type, review_location_breadcrumbs, review_location_rate, location_lat, location_lng, review_id, review_date, review_experience_date, review_rate, user_name, user_link, user_id, extra, parent_url
Grajski Trg square, 2, 3, Historic Walking Areas, Europe & Slovenia & Styria Region & Maribor & Things to Do in Maribor, 3.5, 46.55863, 15.65104, 633494117, 20181101, 20180801, 4.0, Brian7392, https://www.tripadvisor.com/Profile/Brian7392, 220da12efbd4fee77f857176d214eb4b, Excellent : 1 & Very Good : 7 & Average : 6 & Poor : 0 & Terrible : 0, /Attraction_Review-g274874-d12541873-Reviews-Grajski_Trg_square-Maribor_Styria_Region.html
Grajski Trg square, 2, 3, Historic Walking Areas, Europe & Slovenia & Styria Region & Maribor & Things to Do in Maribor, 3.5, 46.55863, 15.65104, 607238410, 20180801, 20180801, 3.0, Attivol, https://www.tripadvisor.com/Profile/Attivol, 7b45e6fa9ea4f023a86b7f29c85c07c4, Excellent : 1 & Very Good : 7 & Average : 6 & Poor : 0 & Terrible : 0, /Attraction_Review-g274874-d12541873-Reviews-Grajski_Trg_square-Maribor_Styria_Region.html
Grajski Trg square, 2, 3, Historic Walking Areas, Europe & Slovenia & Styria Region & Maribor & Things to Do in Maribor, 3.5, 46.55863, 15.65104, 580991627, 20180501, 20180501, 4.0, DjDmitry, https://www.tripadvisor.com/Profile/DjDmitry, 23d3a2be0c58eff4bc076856640ddea0, Excellent : 1 & Very Good : 7 & Average : 6 & Poor : 0 & Terrible : 0, /Attraction_Review-g274874-d12541873-Reviews-Grajski_Trg_square-Maribor_Styria_Region.html
Grajski Trg square, 2, 3, Historic Walking Areas, Europe & Slovenia & Styria Region & Maribor & Things to Do in Maribor, 3.5, 46.55863, 15.65104, 562350530, 20180201, 20171001, 4.0, Ricardo R, https://www.tripadvisor.com/Profile/ricardor650, dc684970708777fd71bb60006d69173b, Excellent : 1 & Very Good : 7 & Average : 6 & Poor : 0 & Terrible : 0, /Attraction_Review-g274874-d12541873-Reviews-Grajski_Trg_square-Maribor_Styria_Region.html
Grajski Trg square, 2, 3, Historic Walking Areas, Europe & Slovenia & Styria Region & Maribor & Things to Do in Maribor, 3.5, 46.55863, 15.65104, 554060814, 20180101, 20171001, 3.0, scousegod, https://www.tripadvisor.com/Profile/scousegod, 44b743749169bbe9b5103379dc411979, Excellent : 1 & Very Good : 7 & Average : 6 & Poor : 0 & Terrible : 0, /Attraction_Review-g274874-d12541873-Reviews-Grajski_Trg_square-Maribor_Styria_Region.html
