review_location_name, review_current_page, review_last_page, review_location_type, review_location_breadcrumbs, review_location_rate, location_lat, location_lng, review_id, review_date, review_experience_date, review_rate, user_name, user_link, user_id, extra, parent_url
Jelenov Greben, 7, 16, Gift & Specialty Shops, Europe & Slovenia & Styria Region & Podcetrtek & Things to Do in Podcetrtek, 4.5, 46.156895, 15.596601, 614784499, 20180901, 20180901, 5.0, Marco S, https://www.tripadvisor.com/Profile/Stm87, 67e2ccc0138c9ef4d2e187b71babfc6a, Excellent : 48 & Very Good : 20 & Average : 8 & Poor : 1 & Terrible : 0, /Attraction_Review-g1057702-d11668498-Reviews-Jelenov_Greben-Podcetrtek_Styria_Region.html
Jelenov Greben, 7, 16, Gift & Specialty Shops, Europe & Slovenia & Styria Region & Podcetrtek & Things to Do in Podcetrtek, 4.5, 46.156895, 15.596601, 608248286, 20180801, 20180801, 5.0, aristoteleitaca, https://www.tripadvisor.com/Profile/aristoteleitaca, 61e87c4d25b2dd94fb8c6487f2f9cc7e, Excellent : 48 & Very Good : 20 & Average : 8 & Poor : 1 & Terrible : 0, /Attraction_Review-g1057702-d11668498-Reviews-Jelenov_Greben-Podcetrtek_Styria_Region.html
Jelenov Greben, 7, 16, Gift & Specialty Shops, Europe & Slovenia & Styria Region & Podcetrtek & Things to Do in Podcetrtek, 4.5, 46.156895, 15.596601, 606455164, 20180801, 20180801, 4.0, yaelbez, https://www.tripadvisor.com/Profile/yaelbez, 91b04cac605e947d1f9cc054b81ba40b, Excellent : 48 & Very Good : 20 & Average : 8 & Poor : 1 & Terrible : 0, /Attraction_Review-g1057702-d11668498-Reviews-Jelenov_Greben-Podcetrtek_Styria_Region.html
Jelenov Greben, 7, 16, Gift & Specialty Shops, Europe & Slovenia & Styria Region & Podcetrtek & Things to Do in Podcetrtek, 4.5, 46.156895, 15.596601, 605309965, 20180801, 20180801, 4.0, Marcela_ZD, https://www.tripadvisor.com/Profile/Marcela_ZD, eca8b6e3f9ff84722e9806b73d6d89f3, Excellent : 48 & Very Good : 20 & Average : 8 & Poor : 1 & Terrible : 0, /Attraction_Review-g1057702-d11668498-Reviews-Jelenov_Greben-Podcetrtek_Styria_Region.html
Jelenov Greben, 7, 16, Gift & Specialty Shops, Europe & Slovenia & Styria Region & Podcetrtek & Things to Do in Podcetrtek, 4.5, 46.156895, 15.596601, 603707603, 20180801, 20180701, 4.0, MatejaKoper, https://www.tripadvisor.com/Profile/MatejaKoper, 1efe1c7033df1f9dea98ecf630858043, Excellent : 48 & Very Good : 20 & Average : 8 & Poor : 1 & Terrible : 0, /Attraction_Review-g1057702-d11668498-Reviews-Jelenov_Greben-Podcetrtek_Styria_Region.html
