review_location_name, review_current_page, review_last_page, review_location_type, review_location_breadcrumbs, review_location_rate, location_lat, location_lng, review_id, review_date, review_experience_date, review_rate, user_name, user_link, user_id, extra, parent_url
Lake Bled, 1470, 1892, Bodies of Water, Europe & Slovenia & Upper Carniola Region & Bled & Things to Do in Bled, 4.5, 46.36917, 14.113181, 269703693, 20150501, 20150401, 5.0, TONI B, https://www.tripadvisor.com/Profile/25tonib, 58e1ed50cd4c36374dab7d8175f57b0c, Excellent : 7&&297 & Very Good : 1&&731 & Average : 344 & Poor : 50 & Terrible : 35, /Attraction_Review-g274863-d296735-Reviews-Lake_Bled-Bled_Upper_Carniola_Region.html
Lake Bled, 1470, 1892, Bodies of Water, Europe & Slovenia & Upper Carniola Region & Bled & Things to Do in Bled, 4.5, 46.36917, 14.113181, 269586910, 20150501, 20140901, 5.0, Isabelgilpereira, https://www.tripadvisor.com/Profile/Isabelgilpereira, 280d97cbfbb7d9af1b701a6bb594fe45, Excellent : 7&&297 & Very Good : 1&&731 & Average : 344 & Poor : 50 & Terrible : 35, /Attraction_Review-g274863-d296735-Reviews-Lake_Bled-Bled_Upper_Carniola_Region.html
Lake Bled, 1470, 1892, Bodies of Water, Europe & Slovenia & Upper Carniola Region & Bled & Things to Do in Bled, 4.5, 46.36917, 14.113181, 269488996, 20150501, 20150401, 4.0, Murray K, https://www.tripadvisor.com/Profile/65murrayk, c1c443f64665991a7d40cfab7f1bfeb1, Excellent : 7&&297 & Very Good : 1&&731 & Average : 344 & Poor : 50 & Terrible : 35, /Attraction_Review-g274863-d296735-Reviews-Lake_Bled-Bled_Upper_Carniola_Region.html
Lake Bled, 1470, 1892, Bodies of Water, Europe & Slovenia & Upper Carniola Region & Bled & Things to Do in Bled, 4.5, 46.36917, 14.113181, 269465458, 20150501, 20150201, 5.0, ChampagneChels, https://www.tripadvisor.com/Profile/ChampagneChels, bd058e1220ff3abf4426af28ea24d637, Excellent : 7&&297 & Very Good : 1&&731 & Average : 344 & Poor : 50 & Terrible : 35, /Attraction_Review-g274863-d296735-Reviews-Lake_Bled-Bled_Upper_Carniola_Region.html
Lake Bled, 1470, 1892, Bodies of Water, Europe & Slovenia & Upper Carniola Region & Bled & Things to Do in Bled, 4.5, 46.36917, 14.113181, 269411574, 20150501, 20150401, 5.0, もみじ, https://www.tripadvisor.com/Profile/Seaside806512, d161c5171f2b1357495c9d62c720f058, Excellent : 7&&297 & Very Good : 1&&731 & Average : 344 & Poor : 50 & Terrible : 35, /Attraction_Review-g274863-d296735-Reviews-Lake_Bled-Bled_Upper_Carniola_Region.html
