review_location_name, review_current_page, review_last_page, review_location_type, review_location_breadcrumbs, review_location_rate, location_lat, location_lng, review_id, review_date, review_experience_date, review_rate, user_name, user_link, user_id, extra, parent_url
Adria Ankaran Wellness Centre, 7, 8, Spas, Europe & Slovenia & Slovenian Littoral Region & Ankaran & Things to Do in Ankaran, 3.5, 45.57938, 13.7351, 222817113, 20140801, 20140801, 2.0, Giorgio P, https://www.tripadvisor.com/Profile/giorgiop460, c1a61da34373ddf8285b9cdc0ac1b7f2, Excellent : 7 & Very Good : 14 & Average : 13 & Poor : 2 & Terrible : 2, /Attraction_Review-g644299-d2455535-Reviews-Adria_Ankaran_Wellness_Centre-Ankaran_Slovenian_Littoral_Region.html
Adria Ankaran Wellness Centre, 7, 8, Spas, Europe & Slovenia & Slovenian Littoral Region & Ankaran & Things to Do in Ankaran, 3.5, 45.57938, 13.7351, 216895269, 20140701, 20140401, 3.0, SebaKP, https://www.tripadvisor.com/Profile/SebaKP, 172cc117febcabe0ce417ef9eb28a662, Excellent : 7 & Very Good : 14 & Average : 13 & Poor : 2 & Terrible : 2, /Attraction_Review-g644299-d2455535-Reviews-Adria_Ankaran_Wellness_Centre-Ankaran_Slovenian_Littoral_Region.html
Adria Ankaran Wellness Centre, 7, 8, Spas, Europe & Slovenia & Slovenian Littoral Region & Ankaran & Things to Do in Ankaran, 3.5, 45.57938, 13.7351, 184463832, 20131101, 20131101, 5.0, Shlomo R, https://www.tripadvisor.com/Profile/ShlomoR257, b0098caa1fac5f098758d0d15ef5ab5a, Excellent : 7 & Very Good : 14 & Average : 13 & Poor : 2 & Terrible : 2, /Attraction_Review-g644299-d2455535-Reviews-Adria_Ankaran_Wellness_Centre-Ankaran_Slovenian_Littoral_Region.html
Adria Ankaran Wellness Centre, 7, 8, Spas, Europe & Slovenia & Slovenian Littoral Region & Ankaran & Things to Do in Ankaran, 3.5, 45.57938, 13.7351, 171494173, 20130801, 20130701, 3.0, ChDeb001, https://www.tripadvisor.com/Profile/ChDeb001, e19a260f0e378478d4ef9606b6179a05, Excellent : 7 & Very Good : 14 & Average : 13 & Poor : 2 & Terrible : 2, /Attraction_Review-g644299-d2455535-Reviews-Adria_Ankaran_Wellness_Centre-Ankaran_Slovenian_Littoral_Region.html
Adria Ankaran Wellness Centre, 7, 8, Spas, Europe & Slovenia & Slovenian Littoral Region & Ankaran & Things to Do in Ankaran, 3.5, 45.57938, 13.7351, 151289126, 20130201, 20130201, 4.0, arusig, https://www.tripadvisor.com/Profile/arusig, 827d65ac870ce2f211889036dca4818f, Excellent : 7 & Very Good : 14 & Average : 13 & Poor : 2 & Terrible : 2, /Attraction_Review-g644299-d2455535-Reviews-Adria_Ankaran_Wellness_Centre-Ankaran_Slovenian_Littoral_Region.html
