review_location_name, review_current_page, review_last_page, review_location_type, review_location_breadcrumbs, review_location_rate, location_lat, location_lng, review_id, review_date, review_experience_date, review_rate, user_name, user_link, user_id, extra, parent_url
Terme Catez, 110, 144, Spas & Thermal Spas, Europe & Slovenia & Lower Carniola Region & Brezice & Things to Do in Brezice, 3.5, 45.90333, 15.59111, 263450645, 20150401, 20150401, 4.0, Sags67, https://www.tripadvisor.com/Profile/Sags67, 4e00f141ee1e844c1fe3108c5f785ec9, Excellent : 172 & Very Good : 258 & Average : 151 & Poor : 62 & Terrible : 75, /Attraction_Review-g1567720-d615464-Reviews-Terme_Catez-Brezice_Lower_Carniola_Region.html
Terme Catez, 110, 144, Spas & Thermal Spas, Europe & Slovenia & Lower Carniola Region & Brezice & Things to Do in Brezice, 3.5, 45.90333, 15.59111, 261466440, 20150301, 20150301, 3.0, Andrijano, https://www.tripadvisor.com/Profile/Andrijano, fca73ff734ac22f5c733d4ac1897e55e, Excellent : 172 & Very Good : 258 & Average : 151 & Poor : 62 & Terrible : 75, /Attraction_Review-g1567720-d615464-Reviews-Terme_Catez-Brezice_Lower_Carniola_Region.html
Terme Catez, 110, 144, Spas & Thermal Spas, Europe & Slovenia & Lower Carniola Region & Brezice & Things to Do in Brezice, 3.5, 45.90333, 15.59111, 259633258, 20150301, 20150301, 5.0, Tomislav S, https://www.tripadvisor.com/Profile/tomislavs125, 452a41bb90db4101ebe0471326573855, Excellent : 172 & Very Good : 258 & Average : 151 & Poor : 62 & Terrible : 75, /Attraction_Review-g1567720-d615464-Reviews-Terme_Catez-Brezice_Lower_Carniola_Region.html
Terme Catez, 110, 144, Spas & Thermal Spas, Europe & Slovenia & Lower Carniola Region & Brezice & Things to Do in Brezice, 3.5, 45.90333, 15.59111, 259194240, 20150301, 20150201, 4.0, Matteo R, https://www.tripadvisor.com/Profile/MatteoR294, 4024c08d370710c433ad465de0e3c1cb, Excellent : 172 & Very Good : 258 & Average : 151 & Poor : 62 & Terrible : 75, /Attraction_Review-g1567720-d615464-Reviews-Terme_Catez-Brezice_Lower_Carniola_Region.html
Terme Catez, 110, 144, Spas & Thermal Spas, Europe & Slovenia & Lower Carniola Region & Brezice & Things to Do in Brezice, 3.5, 45.90333, 15.59111, 258693440, 20150301, 20150301, 3.0, Faustordg, https://www.tripadvisor.com/Profile/Faustordg, 646d1a9751f32fd05926563ceaed6aa9, Excellent : 172 & Very Good : 258 & Average : 151 & Poor : 62 & Terrible : 75, /Attraction_Review-g1567720-d615464-Reviews-Terme_Catez-Brezice_Lower_Carniola_Region.html
