review_location_name, review_current_page, review_last_page, review_location_type, review_location_breadcrumbs, review_location_rate, location_lat, location_lng, review_id, review_date, review_experience_date, review_rate, user_name, user_link, user_id, extra, parent_url
Terme Catez, 27, 144, Spas & Thermal Spas, Europe & Slovenia & Lower Carniola Region & Brezice & Things to Do in Brezice, 3.5, 45.90333, 15.59111, 609539900, 20180801, 20180801, 5.0, Elisabetta B, https://www.tripadvisor.com/Profile/cuoreinmarcia, d51346ff6598fb098b2b9462b2fa652b, Excellent : 172 & Very Good : 258 & Average : 151 & Poor : 62 & Terrible : 75, /Attraction_Review-g1567720-d615464-Reviews-Terme_Catez-Brezice_Lower_Carniola_Region.html
Terme Catez, 27, 144, Spas & Thermal Spas, Europe & Slovenia & Lower Carniola Region & Brezice & Things to Do in Brezice, 3.5, 45.90333, 15.59111, 608727453, 20180801, 20180801, 1.0, SNK75, https://www.tripadvisor.com/Profile/SNK75, a91fa09adac8ea22bf2b7d0c9b6ce49a, Excellent : 172 & Very Good : 258 & Average : 151 & Poor : 62 & Terrible : 75, /Attraction_Review-g1567720-d615464-Reviews-Terme_Catez-Brezice_Lower_Carniola_Region.html
Terme Catez, 27, 144, Spas & Thermal Spas, Europe & Slovenia & Lower Carniola Region & Brezice & Things to Do in Brezice, 3.5, 45.90333, 15.59111, 608459535, 20180801, 20180101, 4.0, augustocasarin, https://www.tripadvisor.com/Profile/augustocasarin, fe79d0613c8355c1953d5fdddb12b44d, Excellent : 172 & Very Good : 258 & Average : 151 & Poor : 62 & Terrible : 75, /Attraction_Review-g1567720-d615464-Reviews-Terme_Catez-Brezice_Lower_Carniola_Region.html
Terme Catez, 27, 144, Spas & Thermal Spas, Europe & Slovenia & Lower Carniola Region & Brezice & Things to Do in Brezice, 3.5, 45.90333, 15.59111, 608008748, 20180801, 20180801, 2.0, Petra G, https://www.tripadvisor.com/Profile/petrag769, 957e6e611ab46ef477ad38b852e1f12d, Excellent : 172 & Very Good : 258 & Average : 151 & Poor : 62 & Terrible : 75, /Attraction_Review-g1567720-d615464-Reviews-Terme_Catez-Brezice_Lower_Carniola_Region.html
Terme Catez, 27, 144, Spas & Thermal Spas, Europe & Slovenia & Lower Carniola Region & Brezice & Things to Do in Brezice, 3.5, 45.90333, 15.59111, 607679278, 20180801, 20180801, 1.0, Asileer E, https://www.tripadvisor.com/Profile/ElisaNoemiGaia, 6c4f3870d7b1245f5c407336f6e9c5d5, Excellent : 172 & Very Good : 258 & Average : 151 & Poor : 62 & Terrible : 75, /Attraction_Review-g1567720-d615464-Reviews-Terme_Catez-Brezice_Lower_Carniola_Region.html
