review_location_name, review_current_page, review_last_page, review_location_type, review_location_breadcrumbs, review_location_rate, location_lat, location_lng, review_id, review_date, review_experience_date, review_rate, user_name, user_link, user_id, extra, parent_url
Waterfall Savica, 66, 182, Waterfalls, Europe & Slovenia & Upper Carniola Region & Bohinjsko Jezero & Things to Do in Bohinjsko Jezero, 4.0, 46.28677, 13.863281, 506739379, 20170701, 20170701, 4.0, Judy F, https://www.tripadvisor.com/Profile/JudyF453, c8cd6b48815c8d2a8e91a6408ad8d4c4, Excellent : 367 & Very Good : 309 & Average : 152 & Poor : 55 & Terrible : 27, /Attraction_Review-g274865-d1848881-Reviews-Waterfall_Savica-Bohinjsko_Jezero_Upper_Carniola_Region.html
Waterfall Savica, 66, 182, Waterfalls, Europe & Slovenia & Upper Carniola Region & Bohinjsko Jezero & Things to Do in Bohinjsko Jezero, 4.0, 46.28677, 13.863281, 506600346, 20170701, 20170701, 3.0, MikkeVK, https://www.tripadvisor.com/Profile/MikkeVK, 2a7c4bb97227abf018294cdba5c8a047, Excellent : 367 & Very Good : 309 & Average : 152 & Poor : 55 & Terrible : 27, /Attraction_Review-g274865-d1848881-Reviews-Waterfall_Savica-Bohinjsko_Jezero_Upper_Carniola_Region.html
Waterfall Savica, 66, 182, Waterfalls, Europe & Slovenia & Upper Carniola Region & Bohinjsko Jezero & Things to Do in Bohinjsko Jezero, 4.0, 46.28677, 13.863281, 506580217, 20170701, 20170701, 4.0, Gianni Battagli, https://www.tripadvisor.com/Profile/gbattagli, 7a558ff0dd34e95427560923f5245f31, Excellent : 367 & Very Good : 309 & Average : 152 & Poor : 55 & Terrible : 27, /Attraction_Review-g274865-d1848881-Reviews-Waterfall_Savica-Bohinjsko_Jezero_Upper_Carniola_Region.html
Waterfall Savica, 66, 182, Waterfalls, Europe & Slovenia & Upper Carniola Region & Bohinjsko Jezero & Things to Do in Bohinjsko Jezero, 4.0, 46.28677, 13.863281, 506572149, 20170701, 20170701, 4.0, Martine v, https://www.tripadvisor.com/Profile/617martinev, 23f1f4c98a79434d0b51903b079d95ac, Excellent : 367 & Very Good : 309 & Average : 152 & Poor : 55 & Terrible : 27, /Attraction_Review-g274865-d1848881-Reviews-Waterfall_Savica-Bohinjsko_Jezero_Upper_Carniola_Region.html
Waterfall Savica, 66, 182, Waterfalls, Europe & Slovenia & Upper Carniola Region & Bohinjsko Jezero & Things to Do in Bohinjsko Jezero, 4.0, 46.28677, 13.863281, 506072745, 20170701, 20170701, 4.0, Bikotebi, https://www.tripadvisor.com/Profile/Bikotebi, 88b05636c7f356ece5b6b7cea4aa461a, Excellent : 367 & Very Good : 309 & Average : 152 & Poor : 55 & Terrible : 27, /Attraction_Review-g274865-d1848881-Reviews-Waterfall_Savica-Bohinjsko_Jezero_Upper_Carniola_Region.html
