review_location_name, review_current_page, review_last_page, review_location_type, review_location_breadcrumbs, review_location_rate, location_lat, location_lng, review_id, review_date, review_experience_date, review_rate, user_name, user_link, user_id, extra, parent_url
The National Liberation Museum Maribor (Muzej narodne osvoboditve Maribor ), 3, 4, Specialty Museums, Europe & Slovenia & Styria Region & Maribor & Things to Do in Maribor, 4.5, 46.55863, 15.65104, 388773430, 20160701, 20160601, 5.0, EricaDavid, https://www.tripadvisor.com/Profile/EricaDavid, c8251470b5d95838e6b1c8e742191897, Excellent : 8 & Very Good : 8 & Average : 1 & Poor : 1 & Terrible : 0, /Attraction_Review-g274874-d1075474-Reviews-The_National_Liberation_Museum_Maribor_Muzej_narodne_osvoboditve_Maribor-Maribor_.html
The National Liberation Museum Maribor (Muzej narodne osvoboditve Maribor ), 3, 4, Specialty Museums, Europe & Slovenia & Styria Region & Maribor & Things to Do in Maribor, 4.5, 46.55863, 15.65104, 345061139, 20160201, 20150901, 4.0, Miha P, https://www.tripadvisor.com/Profile/482mihap, 80c09a6cd57df06a33772cac54004f78, Excellent : 8 & Very Good : 8 & Average : 1 & Poor : 1 & Terrible : 0, /Attraction_Review-g274874-d1075474-Reviews-The_National_Liberation_Museum_Maribor_Muzej_narodne_osvoboditve_Maribor-Maribor_.html
The National Liberation Museum Maribor (Muzej narodne osvoboditve Maribor ), 3, 4, Specialty Museums, Europe & Slovenia & Styria Region & Maribor & Things to Do in Maribor, 4.5, 46.55863, 15.65104, 274482376, 20150501, 20150501, 2.0, Papulya, https://www.tripadvisor.com/Profile/Papulya, ce97878a6b59400d3561bc11b2513799, Excellent : 8 & Very Good : 8 & Average : 1 & Poor : 1 & Terrible : 0, /Attraction_Review-g274874-d1075474-Reviews-The_National_Liberation_Museum_Maribor_Muzej_narodne_osvoboditve_Maribor-Maribor_.html
The National Liberation Museum Maribor (Muzej narodne osvoboditve Maribor ), 3, 4, Specialty Museums, Europe & Slovenia & Styria Region & Maribor & Things to Do in Maribor, 4.5, 46.55863, 15.65104, 262628024, 20150301, 20150301, 5.0, ACSOxford, https://www.tripadvisor.com/Profile/ACSOxford, a2b9842cef917357fa651ece64bd4860, Excellent : 8 & Very Good : 8 & Average : 1 & Poor : 1 & Terrible : 0, /Attraction_Review-g274874-d1075474-Reviews-The_National_Liberation_Museum_Maribor_Muzej_narodne_osvoboditve_Maribor-Maribor_.html
The National Liberation Museum Maribor (Muzej narodne osvoboditve Maribor ), 3, 4, Specialty Museums, Europe & Slovenia & Styria Region & Maribor & Things to Do in Maribor, 4.5, 46.55863, 15.65104, 217246365, 20140701, 20140701, 5.0, William E, https://www.tripadvisor.com/Profile/williame739, e95305a9552126fdc87bfee543751d78, Excellent : 8 & Very Good : 8 & Average : 1 & Poor : 1 & Terrible : 0, /Attraction_Review-g274874-d1075474-Reviews-The_National_Liberation_Museum_Maribor_Muzej_narodne_osvoboditve_Maribor-Maribor_.html
