review_location_name, review_current_page, review_last_page, review_location_type, review_location_breadcrumbs, review_location_rate, location_lat, location_lng, review_id, review_date, review_experience_date, review_rate, user_name, user_link, user_id, extra, parent_url
Koper City Beach, 4, 8, Beaches, Europe & Slovenia & Slovenian Littoral Region & Slovenian Istria & Koper & Things to Do in Koper, 3.5, 45.53975, 13.73332, 609610252, 20180801, 20180801, 1.0, Nataska X, https://www.tripadvisor.com/Profile/nataskax, 0e12d0538924647ea72d46e02fed886e, Excellent : 4 & Very Good : 17 & Average : 13 & Poor : 1 & Terrible : 2, /Attraction_Review-g312722-d12007630-Reviews-Koper_City_Beach-Koper_Slovenian_Istria_Slovenian_Littoral_Region.html
Koper City Beach, 4, 8, Beaches, Europe & Slovenia & Slovenian Littoral Region & Slovenian Istria & Koper & Things to Do in Koper, 3.5, 45.53975, 13.73332, 608254153, 20180801, 20180801, 3.0, jonn v, https://www.tripadvisor.com/Profile/j0nnv, 73efc0ccbf7a48e7c4d0306f0d73199d, Excellent : 4 & Very Good : 17 & Average : 13 & Poor : 1 & Terrible : 2, /Attraction_Review-g312722-d12007630-Reviews-Koper_City_Beach-Koper_Slovenian_Istria_Slovenian_Littoral_Region.html
Koper City Beach, 4, 8, Beaches, Europe & Slovenia & Slovenian Littoral Region & Slovenian Istria & Koper & Things to Do in Koper, 3.5, 45.53975, 13.73332, 604439184, 20180801, 20180701, 4.0, Madfc, https://www.tripadvisor.com/Profile/Madfc, ae3dc046a65256dc42b4b3ca90cfb42c, Excellent : 4 & Very Good : 17 & Average : 13 & Poor : 1 & Terrible : 2, /Attraction_Review-g312722-d12007630-Reviews-Koper_City_Beach-Koper_Slovenian_Istria_Slovenian_Littoral_Region.html
Koper City Beach, 4, 8, Beaches, Europe & Slovenia & Slovenian Littoral Region & Slovenian Istria & Koper & Things to Do in Koper, 3.5, 45.53975, 13.73332, 604320099, 20180801, 20180601, 4.0, Guido R, https://www.tripadvisor.com/Profile/968guidor, 8cfe0eb66501389bfcf405d5a5e94c67, Excellent : 4 & Very Good : 17 & Average : 13 & Poor : 1 & Terrible : 2, /Attraction_Review-g312722-d12007630-Reviews-Koper_City_Beach-Koper_Slovenian_Istria_Slovenian_Littoral_Region.html
Koper City Beach, 4, 8, Beaches, Europe & Slovenia & Slovenian Littoral Region & Slovenian Istria & Koper & Things to Do in Koper, 3.5, 45.53975, 13.73332, 601932406, 20180801, 20180701, 5.0, SloZlo, https://www.tripadvisor.com/Profile/SloZlo, 055cb58b242004e358ac23249e641b6e, Excellent : 4 & Very Good : 17 & Average : 13 & Poor : 1 & Terrible : 2, /Attraction_Review-g312722-d12007630-Reviews-Koper_City_Beach-Koper_Slovenian_Istria_Slovenian_Littoral_Region.html
