review_location_name, review_current_page, review_last_page, review_location_type, review_location_breadcrumbs, review_location_rate, location_lat, location_lng, review_id, review_date, review_experience_date, review_rate, user_name, user_link, user_id, extra, parent_url
Terme Olimia, 40, 141, Spas, Europe & Slovenia & Styria Region & Podcetrtek & Things to Do in Podcetrtek, 4.5, 46.156895, 15.596601, 551564467, 20180101, 20171201, 5.0, angeloferrari1407, https://www.tripadvisor.com/Profile/angeloferrari1407, f52c59632f0d46b615ec014a237f6378, Excellent : 451 & Very Good : 169 & Average : 44 & Poor : 18 & Terrible : 19, /Attraction_Review-g1057702-d2230658-Reviews-Terme_Olimia-Podcetrtek_Styria_Region.html
Terme Olimia, 40, 141, Spas, Europe & Slovenia & Styria Region & Podcetrtek & Things to Do in Podcetrtek, 4.5, 46.156895, 15.596601, 551463232, 20180101, 20180101, 1.0, fanny0013, https://www.tripadvisor.com/Profile/fanny0013, ba206f72b15f25c00e65d3e133ab2f74, Excellent : 451 & Very Good : 169 & Average : 44 & Poor : 18 & Terrible : 19, /Attraction_Review-g1057702-d2230658-Reviews-Terme_Olimia-Podcetrtek_Styria_Region.html
Terme Olimia, 40, 141, Spas, Europe & Slovenia & Styria Region & Podcetrtek & Things to Do in Podcetrtek, 4.5, 46.156895, 15.596601, 551167682, 20180101, 20171201, 5.0, oronic, https://www.tripadvisor.com/Profile/oronic, 9373012f924f2f1158fdc2f582a4e563, Excellent : 451 & Very Good : 169 & Average : 44 & Poor : 18 & Terrible : 19, /Attraction_Review-g1057702-d2230658-Reviews-Terme_Olimia-Podcetrtek_Styria_Region.html
Terme Olimia, 40, 141, Spas, Europe & Slovenia & Styria Region & Podcetrtek & Things to Do in Podcetrtek, 4.5, 46.156895, 15.596601, 550982757, 20180101, 20180101, 3.0, -CN999-, https://www.tripadvisor.com/Profile/-CN999-, 842cfce9809f90c58be1f990209d63f1, Excellent : 451 & Very Good : 169 & Average : 44 & Poor : 18 & Terrible : 19, /Attraction_Review-g1057702-d2230658-Reviews-Terme_Olimia-Podcetrtek_Styria_Region.html
Terme Olimia, 40, 141, Spas, Europe & Slovenia & Styria Region & Podcetrtek & Things to Do in Podcetrtek, 4.5, 46.156895, 15.596601, 550915204, 20180101, 20171201, 4.0, Massimo C, https://www.tripadvisor.com/Profile/O3694FVmassimoc, bcfcae4bdd9c20ca4dac5a5f3d0aa9c9, Excellent : 451 & Very Good : 169 & Average : 44 & Poor : 18 & Terrible : 19, /Attraction_Review-g1057702-d2230658-Reviews-Terme_Olimia-Podcetrtek_Styria_Region.html
