review_location_name, review_current_page, review_last_page, review_location_type, review_location_breadcrumbs, review_location_rate, location_lat, location_lng, review_id, review_date, review_experience_date, review_rate, user_name, user_link, user_id, extra, parent_url
Karra, 1, 3, Room Escape Games & Scavenger Hunts & Nature & Wildlife Areas, Europe & Slovenia & Slovenian Littoral Region & Tomaj & Things to Do in Tomaj, 5.0, 45.75583, 13.85306, 762065698, 20200701, 20200701, 5.0, Blaz K, https://www.tripadvisor.com/Profile/BlazKolaz, 7bbf63761938c06e333d51a52bcadf70, Excellent : 12 & Very Good : 0 & Average : 1 & Poor : 0 & Terrible : 0, /Attraction_Review-g13164565-d12900636-Reviews-Karra-Tomaj_Slovenian_Littoral_Region.html
Karra, 1, 3, Room Escape Games & Scavenger Hunts & Nature & Wildlife Areas, Europe & Slovenia & Slovenian Littoral Region & Tomaj & Things to Do in Tomaj, 5.0, 45.75583, 13.85306, 759237231, 20200701, 20200601, 5.0, Tadej Šustersic, https://www.tripadvisor.com/Profile/tadejsus, d2f3d9bd75a4cff045cc2475178bcd29, Excellent : 12 & Very Good : 0 & Average : 1 & Poor : 0 & Terrible : 0, /Attraction_Review-g13164565-d12900636-Reviews-Karra-Tomaj_Slovenian_Littoral_Region.html
Karra, 1, 3, Room Escape Games & Scavenger Hunts & Nature & Wildlife Areas, Europe & Slovenia & Slovenian Littoral Region & Tomaj & Things to Do in Tomaj, 5.0, 45.75583, 13.85306, 721801395, 20191001, 20191001, 5.0, SonjaPro, https://www.tripadvisor.com/Profile/SonjaPro, b0cffad405767a89f7998426c244c48f, Excellent : 12 & Very Good : 0 & Average : 1 & Poor : 0 & Terrible : 0, /Attraction_Review-g13164565-d12900636-Reviews-Karra-Tomaj_Slovenian_Littoral_Region.html
Karra, 1, 3, Room Escape Games & Scavenger Hunts & Nature & Wildlife Areas, Europe & Slovenia & Slovenian Littoral Region & Tomaj & Things to Do in Tomaj, 5.0, 45.75583, 13.85306, 690554224, 20190701, 20190701, 5.0, ChristophChristiane, https://www.tripadvisor.com/Profile/ChristophChristiane, 4473fb305fbed62c716c55513784ad54, Excellent : 12 & Very Good : 0 & Average : 1 & Poor : 0 & Terrible : 0, /Attraction_Review-g13164565-d12900636-Reviews-Karra-Tomaj_Slovenian_Littoral_Region.html
Karra, 1, 3, Room Escape Games & Scavenger Hunts & Nature & Wildlife Areas, Europe & Slovenia & Slovenian Littoral Region & Tomaj & Things to Do in Tomaj, 5.0, 45.75583, 13.85306, 680710425, 20190601, 20190601, 5.0, urška g, https://www.tripadvisor.com/Profile/ursagodec, 463d5c68ec2446646fb973b15c33e35c, Excellent : 12 & Very Good : 0 & Average : 1 & Poor : 0 & Terrible : 0, /Attraction_Review-g13164565-d12900636-Reviews-Karra-Tomaj_Slovenian_Littoral_Region.html
