review_location_name, review_current_page, review_last_page, review_location_type, review_location_breadcrumbs, review_location_rate, location_lat, location_lng, review_id, review_date, review_experience_date, review_rate, user_name, user_link, user_id, extra, parent_url
Postojna Cave, 491, 1259, Caverns & Caves, Europe & Slovenia & Inner Carniola Region & Postojna & Things to Do in Postojna, 4.5, 45.77471, 14.21301, 510685171, 20170801, 20170801, 4.0, Holsen, https://www.tripadvisor.com/Profile/Holsen, 9e5eb111d30faae8cd0d5814f3d493c7, Excellent : 4&&437 & Very Good : 1&&394 & Average : 321 & Poor : 91 & Terrible : 48, /Attraction_Review-g274878-d277348-Reviews-Postojna_Cave-Postojna_Inner_Carniola_Region.html
Postojna Cave, 491, 1259, Caverns & Caves, Europe & Slovenia & Inner Carniola Region & Postojna & Things to Do in Postojna, 4.5, 45.77471, 14.21301, 510672628, 20170801, 20170601, 3.0, Uschi R, https://www.tripadvisor.com/Profile/162uschir, 6561988a3f8a99c0becfb5534fce6939, Excellent : 4&&437 & Very Good : 1&&394 & Average : 321 & Poor : 91 & Terrible : 48, /Attraction_Review-g274878-d277348-Reviews-Postojna_Cave-Postojna_Inner_Carniola_Region.html
Postojna Cave, 491, 1259, Caverns & Caves, Europe & Slovenia & Inner Carniola Region & Postojna & Things to Do in Postojna, 4.5, 45.77471, 14.21301, 510669029, 20170801, 20170701, 5.0, Raúl A, https://www.tripadvisor.com/Profile/205ra_la, 2e28d2af771d664c7379f474ede0337e, Excellent : 4&&437 & Very Good : 1&&394 & Average : 321 & Poor : 91 & Terrible : 48, /Attraction_Review-g274878-d277348-Reviews-Postojna_Cave-Postojna_Inner_Carniola_Region.html
Postojna Cave, 491, 1259, Caverns & Caves, Europe & Slovenia & Inner Carniola Region & Postojna & Things to Do in Postojna, 4.5, 45.77471, 14.21301, 510668398, 20170801, 20170601, 5.0, Uschi R, https://www.tripadvisor.com/Profile/162uschir, 6561988a3f8a99c0becfb5534fce6939, Excellent : 4&&437 & Very Good : 1&&394 & Average : 321 & Poor : 91 & Terrible : 48, /Attraction_Review-g274878-d277348-Reviews-Postojna_Cave-Postojna_Inner_Carniola_Region.html
Postojna Cave, 491, 1259, Caverns & Caves, Europe & Slovenia & Inner Carniola Region & Postojna & Things to Do in Postojna, 4.5, 45.77471, 14.21301, 510607137, 20170801, 20170801, 5.0, Claudia, https://www.tripadvisor.com/Profile/claudiaf125, 5f5ce494aa9644ae39683f775da329e8, Excellent : 4&&437 & Very Good : 1&&394 & Average : 321 & Poor : 91 & Terrible : 48, /Attraction_Review-g274878-d277348-Reviews-Postojna_Cave-Postojna_Inner_Carniola_Region.html
