review_location_name, review_current_page, review_last_page, review_location_type, review_location_breadcrumbs, review_location_rate, location_lat, location_lng, review_id, review_date, review_experience_date, review_rate, user_name, user_link, user_id, extra, parent_url
Waterfall Savica, 111, 182, Waterfalls, Europe & Slovenia & Upper Carniola Region & Bohinjsko Jezero & Things to Do in Bohinjsko Jezero, 4.0, 46.28677, 13.863281, 383075110, 20160601, 20150701, 5.0, Robert G, https://www.tripadvisor.com/Profile/L3222OOrobertg, 7cd638f88826623541998d82a71bff77, Excellent : 367 & Very Good : 309 & Average : 152 & Poor : 55 & Terrible : 27, /Attraction_Review-g274865-d1848881-Reviews-Waterfall_Savica-Bohinjsko_Jezero_Upper_Carniola_Region.html
Waterfall Savica, 111, 182, Waterfalls, Europe & Slovenia & Upper Carniola Region & Bohinjsko Jezero & Things to Do in Bohinjsko Jezero, 4.0, 46.28677, 13.863281, 382469809, 20160601, 20160601, 5.0, Ennio M., https://www.tripadvisor.com/Profile/enniom913, 4d021aa7b6b4cb6f36d75bafbc720615, Excellent : 367 & Very Good : 309 & Average : 152 & Poor : 55 & Terrible : 27, /Attraction_Review-g274865-d1848881-Reviews-Waterfall_Savica-Bohinjsko_Jezero_Upper_Carniola_Region.html
Waterfall Savica, 111, 182, Waterfalls, Europe & Slovenia & Upper Carniola Region & Bohinjsko Jezero & Things to Do in Bohinjsko Jezero, 4.0, 46.28677, 13.863281, 381626353, 20160601, 20160601, 1.0, fishchps, https://www.tripadvisor.com/Profile/fishchps, 0d02298bffd5d10a4d6fafe06a9f0f05, Excellent : 367 & Very Good : 309 & Average : 152 & Poor : 55 & Terrible : 27, /Attraction_Review-g274865-d1848881-Reviews-Waterfall_Savica-Bohinjsko_Jezero_Upper_Carniola_Region.html
Waterfall Savica, 111, 182, Waterfalls, Europe & Slovenia & Upper Carniola Region & Bohinjsko Jezero & Things to Do in Bohinjsko Jezero, 4.0, 46.28677, 13.863281, 381563309, 20160601, 20160501, 5.0, Aileen F, https://www.tripadvisor.com/Profile/AileenF_11, 43662dd650520791cef42087761df3ef, Excellent : 367 & Very Good : 309 & Average : 152 & Poor : 55 & Terrible : 27, /Attraction_Review-g274865-d1848881-Reviews-Waterfall_Savica-Bohinjsko_Jezero_Upper_Carniola_Region.html
Waterfall Savica, 111, 182, Waterfalls, Europe & Slovenia & Upper Carniola Region & Bohinjsko Jezero & Things to Do in Bohinjsko Jezero, 4.0, 46.28677, 13.863281, 381560946, 20160601, 20150701, 5.0, Kristijan R, https://www.tripadvisor.com/Profile/848kristijanr, 99a7e4a58a1b940ebeaafeb1fdb7ac01, Excellent : 367 & Very Good : 309 & Average : 152 & Poor : 55 & Terrible : 27, /Attraction_Review-g274865-d1848881-Reviews-Waterfall_Savica-Bohinjsko_Jezero_Upper_Carniola_Region.html
