review_location_name, review_current_page, review_last_page, review_location_type, review_location_breadcrumbs, review_location_rate, location_lat, location_lng, review_id, review_date, review_experience_date, review_rate, user_name, user_link, user_id, parent_url
The Franciscan Church and Monastery, 43, 96, Historic Sites & Libraries & Churches & Cathedrals & Historic Sites & Libraries & Churches & Cathedrals, Europe & Croatia & Dalmatia & Dubrovnik-Neretva County & Dubrovnik & Things to Do in Dubrovnik, 4.0, 42.64133, 18.10685, 429130103, 20161001, 20160901, 4.0, CalBristol, /Profile/CalBristol, 177175a1ae4f8b2f6e4e7cd0a768fd71, /Attraction_Review-g295371-d317714-Reviews-The_Franciscan_Church_and_Monastery-Dubrovnik_Dubrovnik_Neretva_County_Dalmatia.html
The Franciscan Church and Monastery, 43, 96, Historic Sites & Libraries & Churches & Cathedrals & Historic Sites & Libraries & Churches & Cathedrals, Europe & Croatia & Dalmatia & Dubrovnik-Neretva County & Dubrovnik & Things to Do in Dubrovnik, 4.0, 42.64133, 18.10685, 427846449, 20161001, 20160901, 4.0, niluanu, /Profile/niluanu, d0d25685f91e2572bc74dff322c57b2c, /Attraction_Review-g295371-d317714-Reviews-The_Franciscan_Church_and_Monastery-Dubrovnik_Dubrovnik_Neretva_County_Dalmatia.html
The Franciscan Church and Monastery, 43, 96, Historic Sites & Libraries & Churches & Cathedrals & Historic Sites & Libraries & Churches & Cathedrals, Europe & Croatia & Dalmatia & Dubrovnik-Neretva County & Dubrovnik & Things to Do in Dubrovnik, 4.0, 42.64133, 18.10685, 427347020, 20161001, 20160901, 5.0, Michael K, /Profile/Michaeldavidoliver, 187715c30b166dc27db8426b0493571b, /Attraction_Review-g295371-d317714-Reviews-The_Franciscan_Church_and_Monastery-Dubrovnik_Dubrovnik_Neretva_County_Dalmatia.html
The Franciscan Church and Monastery, 43, 96, Historic Sites & Libraries & Churches & Cathedrals & Historic Sites & Libraries & Churches & Cathedrals, Europe & Croatia & Dalmatia & Dubrovnik-Neretva County & Dubrovnik & Things to Do in Dubrovnik, 4.0, 42.64133, 18.10685, 426944464, 20161001, 20161001, 2.0, wingate, /Profile/wingate, b5bb846ef4db633f0526a890b78f0c0c, /Attraction_Review-g295371-d317714-Reviews-The_Franciscan_Church_and_Monastery-Dubrovnik_Dubrovnik_Neretva_County_Dalmatia.html
The Franciscan Church and Monastery, 43, 96, Historic Sites & Libraries & Churches & Cathedrals & Historic Sites & Libraries & Churches & Cathedrals, Europe & Croatia & Dalmatia & Dubrovnik-Neretva County & Dubrovnik & Things to Do in Dubrovnik, 4.0, 42.64133, 18.10685, 426419345, 20161001, 20160901, 4.0, mark d, /Profile/157markd157, 1a321546758b5822d13008de81129c92, /Attraction_Review-g295371-d317714-Reviews-The_Franciscan_Church_and_Monastery-Dubrovnik_Dubrovnik_Neretva_County_Dalmatia.html
