review_location_name, review_current_page, review_last_page, review_location_type, review_location_breadcrumbs, review_location_rate, location_lat, location_lng, review_id, review_date, review_experience_date, review_rate, user_name, user_link, user_id, parent_url
Renaissance Star-Shaped Fortress, 1, 2, Historic Sites & Historic Sites, Europe & Croatia & Central Croatia & Karlovac County & Karlovac & Things to Do in Karlovac, 4.0, 0, 0, 574220696, 20180401, 20171001, 5.0, tahitionline, /Profile/tahitionline, c5ee110b7fd3487163e683887a04be28, /Attraction_Review-g303809-d3746530-Reviews-Renaissance_Star_Shaped_Fortress-Karlovac_Karlovac_County_Central_Croatia.html
Renaissance Star-Shaped Fortress, 1, 2, Historic Sites & Historic Sites, Europe & Croatia & Central Croatia & Karlovac County & Karlovac & Things to Do in Karlovac, 4.0, 0, 0, 367239402, 20160401, 20160401, 5.0, Zoran2014, /Profile/Zoran2014, 6467023dd12fea81d6da0f67f23a1bf0, /Attraction_Review-g303809-d3746530-Reviews-Renaissance_Star_Shaped_Fortress-Karlovac_Karlovac_County_Central_Croatia.html
Renaissance Star-Shaped Fortress, 1, 2, Historic Sites & Historic Sites, Europe & Croatia & Central Croatia & Karlovac County & Karlovac & Things to Do in Karlovac, 4.0, 0, 0, 335098495, 20151201, 20150501, 3.0, Bradley T, /Profile/tradIndy, de4f621a492461d67b8357ebde526852, /Attraction_Review-g303809-d3746530-Reviews-Renaissance_Star_Shaped_Fortress-Karlovac_Karlovac_County_Central_Croatia.html
Renaissance Star-Shaped Fortress, 1, 2, Historic Sites & Historic Sites, Europe & Croatia & Central Croatia & Karlovac County & Karlovac & Things to Do in Karlovac, 4.0, 0, 0, 325594159, 20151101, 20150701, 5.0, TCork2014, /Profile/TCork2014, 381fed6dbfbe2046286b3341035227c2, /Attraction_Review-g303809-d3746530-Reviews-Renaissance_Star_Shaped_Fortress-Karlovac_Karlovac_County_Central_Croatia.html
Renaissance Star-Shaped Fortress, 1, 2, Historic Sites & Historic Sites, Europe & Croatia & Central Croatia & Karlovac County & Karlovac & Things to Do in Karlovac, 4.0, 0, 0, 289401686, 20150701, 20150601, 3.0, Sasha P, /Profile/332sashap, 86d84fe0de1a98ca431b2dad6376799b, /Attraction_Review-g303809-d3746530-Reviews-Renaissance_Star_Shaped_Fortress-Karlovac_Karlovac_County_Central_Croatia.html
