review_location_name, review_current_page, review_last_page, review_location_type, review_location_breadcrumbs, review_location_rate, location_lat, location_lng, review_id, review_date, review_experience_date, review_rate, user_name, user_link, user_id, parent_url
Zagreb 360, 95, 106, Observation Decks & Towers & Observation Decks & Towers, Europe & Croatia & Central Croatia & Zagreb & Things to Do in Zagreb, 4.0, 45.8129, 15.97577, 215945501, 20140701, 20140601, 5.0, Carlos1201, /Profile/Carlos1201, 46bc7263a4baf46ba7cf56e73267c938, /Attraction_Review-g294454-d4116334-Reviews-Zagreb_360-Zagreb_Central_Croatia.html
Zagreb 360, 95, 106, Observation Decks & Towers & Observation Decks & Towers, Europe & Croatia & Central Croatia & Zagreb & Things to Do in Zagreb, 4.0, 45.8129, 15.97577, 214815159, 20140701, 20130901, 5.0, christyri051, /Profile/christyri051, c35eec909001c7fd9cd3064cf04de39b, /Attraction_Review-g294454-d4116334-Reviews-Zagreb_360-Zagreb_Central_Croatia.html
Zagreb 360, 95, 106, Observation Decks & Towers & Observation Decks & Towers, Europe & Croatia & Central Croatia & Zagreb & Things to Do in Zagreb, 4.0, 45.8129, 15.97577, 213665330, 20140701, 20140701, 5.0, antonio m, /Profile/W6876JJantoniom, 0e028e588a66f368e3b73e5215a2b762, /Attraction_Review-g294454-d4116334-Reviews-Zagreb_360-Zagreb_Central_Croatia.html
Zagreb 360, 95, 106, Observation Decks & Towers & Observation Decks & Towers, Europe & Croatia & Central Croatia & Zagreb & Things to Do in Zagreb, 4.0, 45.8129, 15.97577, 213212228, 20140701, 20140601, 5.0, Kenneth H, /Profile/kennethb467, 7fcfee0f492f84b26aa5bd180eda0918, /Attraction_Review-g294454-d4116334-Reviews-Zagreb_360-Zagreb_Central_Croatia.html
Zagreb 360, 95, 106, Observation Decks & Towers & Observation Decks & Towers, Europe & Croatia & Central Croatia & Zagreb & Things to Do in Zagreb, 4.0, 45.8129, 15.97577, 212521627, 20140601, 20140601, 5.0, David R, /Profile/83DavidR83, 501f5770fceaa9428ff3e5ec8255fae8, /Attraction_Review-g294454-d4116334-Reviews-Zagreb_360-Zagreb_Central_Croatia.html
