review_location_name, review_current_page, review_last_page, review_location_type, review_location_breadcrumbs, review_location_rate, location_lat, location_lng, review_id, review_date, review_experience_date, review_rate, user_name, user_link, user_id, parent_url
Church of St. Donat, 43, 89, Historic Sites & Historic Sites, Europe & Croatia & Dalmatia & Zadar County & Zadar & Things to Do in Zadar, 4.0, 44.11641, 15.22453, 447548483, 20161201, 20160901, 5.0, Lesley B, /Profile/68lesleyb, df7776d6276fedddb1c6251b82926455, /Attraction_Review-g295374-d554024-Reviews-Church_of_St_Donat-Zadar_Zadar_County_Dalmatia.html
Church of St. Donat, 43, 89, Historic Sites & Historic Sites, Europe & Croatia & Dalmatia & Zadar County & Zadar & Things to Do in Zadar, 4.0, 44.11641, 15.22453, 443330816, 20161201, 20161101, 3.0, treetrippers, /Profile/treetrippers, e13d6007920ef4d2403542d6a8f19d11, /Attraction_Review-g295374-d554024-Reviews-Church_of_St_Donat-Zadar_Zadar_County_Dalmatia.html
Church of St. Donat, 43, 89, Historic Sites & Historic Sites, Europe & Croatia & Dalmatia & Zadar County & Zadar & Things to Do in Zadar, 4.0, 44.11641, 15.22453, 441551495, 20161201, 20160701, 4.0, 0987654678, /Profile/0987654678, cc89e3d739e1e24122dd467313722910, /Attraction_Review-g295374-d554024-Reviews-Church_of_St_Donat-Zadar_Zadar_County_Dalmatia.html
Church of St. Donat, 43, 89, Historic Sites & Historic Sites, Europe & Croatia & Dalmatia & Zadar County & Zadar & Things to Do in Zadar, 4.0, 44.11641, 15.22453, 440964794, 20161101, 20160901, 4.0, B265, /Profile/B265, ba3161297bf94a54b1f7a94ba2fe2aaf, /Attraction_Review-g295374-d554024-Reviews-Church_of_St_Donat-Zadar_Zadar_County_Dalmatia.html
Church of St. Donat, 43, 89, Historic Sites & Historic Sites, Europe & Croatia & Dalmatia & Zadar County & Zadar & Things to Do in Zadar, 4.0, 44.11641, 15.22453, 434865006, 20161101, 20161001, 5.0, Tomi T, /Profile/tomit138, 7ec2f24ee3dcffae0374bcef0e0307c8, /Attraction_Review-g295374-d554024-Reviews-Church_of_St_Donat-Zadar_Zadar_County_Dalmatia.html
