review_location_name, review_current_page, review_last_page, review_location_type, review_location_breadcrumbs, review_location_rate, location_lat, location_lng, review_id, review_date, review_experience_date, review_rate, user_name, user_link, user_id, parent_url
Historic City of Trogir, 204, 251, Historic Sites & Historic Sites, Europe & Croatia & Dalmatia & Split-Dalmatia County & Trogir & Things to Do in Trogir, 4.5, 43.515614, 16.249449, 225935322, 20140901, 20140801, 4.0, Chris R, /Profile/72kingscc, 4dc5c7e2ac8f476205bc5fe0c56b2350, /Attraction_Review-g303838-d523456-Reviews-Historic_City_of_Trogir-Trogir_Split_Dalmatia_County_Dalmatia.html
Historic City of Trogir, 204, 251, Historic Sites & Historic Sites, Europe & Croatia & Dalmatia & Split-Dalmatia County & Trogir & Things to Do in Trogir, 4.5, 43.515614, 16.249449, 225671815, 20140801, 20140801, 4.0, Eric B, /Profile/burkele, caf18e838b65dff24f45439706dc53d6, /Attraction_Review-g303838-d523456-Reviews-Historic_City_of_Trogir-Trogir_Split_Dalmatia_County_Dalmatia.html
Historic City of Trogir, 204, 251, Historic Sites & Historic Sites, Europe & Croatia & Dalmatia & Split-Dalmatia County & Trogir & Things to Do in Trogir, 4.5, 43.515614, 16.249449, 225012328, 20140801, 20140801, 5.0, alfonso c, /Profile/651alfonsoc, e4416088d1c3d0ce8a13e0512548b967, /Attraction_Review-g303838-d523456-Reviews-Historic_City_of_Trogir-Trogir_Split_Dalmatia_County_Dalmatia.html
Historic City of Trogir, 204, 251, Historic Sites & Historic Sites, Europe & Croatia & Dalmatia & Split-Dalmatia County & Trogir & Things to Do in Trogir, 4.5, 43.515614, 16.249449, 223632592, 20140801, 20140301, 4.0, thefluffymojito, /Profile/thefluffymojito, a32308fb03bbbfad69ea60414b8f9821, /Attraction_Review-g303838-d523456-Reviews-Historic_City_of_Trogir-Trogir_Split_Dalmatia_County_Dalmatia.html
Historic City of Trogir, 204, 251, Historic Sites & Historic Sites, Europe & Croatia & Dalmatia & Split-Dalmatia County & Trogir & Things to Do in Trogir, 4.5, 43.515614, 16.249449, 223473975, 20140801, 20140801, 4.0, Sushi N Scott, /Profile/Sushi_Scott, 3f84c1c6de222d619163b5a41ba53a5a, /Attraction_Review-g303838-d523456-Reviews-Historic_City_of_Trogir-Trogir_Split_Dalmatia_County_Dalmatia.html
