review_location_name, review_current_page, review_last_page, review_location_type, review_location_breadcrumbs, review_location_rate, location_lat, location_lng, review_id, review_date, review_experience_date, review_rate, user_name, user_link, user_id, parent_url
Kolocep Island, 47, 61, Islands & Islands, Europe & Croatia & Dalmatia & Dubrovnik-Neretva County & Dubrovnik & Things to Do in Dubrovnik, 4.5, 42.677345, 18.004896, 300240580, 20150801, 20150801, 4.0, TheDuchessNottingham, /Profile/TheDuchessNottingham, bbe7526cd92f336874e7b9d81643ff72, /Attraction_Review-g295371-d552786-Reviews-Kolocep_Island-Dubrovnik_Dubrovnik_Neretva_County_Dalmatia.html
Kolocep Island, 47, 61, Islands & Islands, Europe & Croatia & Dalmatia & Dubrovnik-Neretva County & Dubrovnik & Things to Do in Dubrovnik, 4.5, 42.677345, 18.004896, 299077051, 20150801, 20150701, 4.0, Abigail Gosling, /Profile/abigailg36, 85bd008090e222dd78d377037eba9db5, /Attraction_Review-g295371-d552786-Reviews-Kolocep_Island-Dubrovnik_Dubrovnik_Neretva_County_Dalmatia.html
Kolocep Island, 47, 61, Islands & Islands, Europe & Croatia & Dalmatia & Dubrovnik-Neretva County & Dubrovnik & Things to Do in Dubrovnik, 4.5, 42.677345, 18.004896, 298690626, 20150801, 20150801, 4.0, Derv3, /Profile/Derv3, e8545f87b7ad5251e3aefd0bbac1160a, /Attraction_Review-g295371-d552786-Reviews-Kolocep_Island-Dubrovnik_Dubrovnik_Neretva_County_Dalmatia.html
Kolocep Island, 47, 61, Islands & Islands, Europe & Croatia & Dalmatia & Dubrovnik-Neretva County & Dubrovnik & Things to Do in Dubrovnik, 4.5, 42.677345, 18.004896, 298380490, 20150801, 20150701, 4.0, Pedro P, /Profile/espm252, 74509184a22789a332e07b5076a0a057, /Attraction_Review-g295371-d552786-Reviews-Kolocep_Island-Dubrovnik_Dubrovnik_Neretva_County_Dalmatia.html
Kolocep Island, 47, 61, Islands & Islands, Europe & Croatia & Dalmatia & Dubrovnik-Neretva County & Dubrovnik & Things to Do in Dubrovnik, 4.5, 42.677345, 18.004896, 298129935, 20150801, 20150801, 4.0, W12ELS, /Profile/W12ELS, 91da869178738e044f58e1adb3fbf924, /Attraction_Review-g295371-d552786-Reviews-Kolocep_Island-Dubrovnik_Dubrovnik_Neretva_County_Dalmatia.html
