review_location_name, review_current_page, review_last_page, review_location_type, review_location_breadcrumbs, review_location_rate, location_lat, location_lng, review_id, review_date, review_experience_date, review_rate, user_name, user_link, user_id, parent_url
Main Street, 14, 28, Points of Interest & Landmarks & Historic Walking Areas & Points of Interest & Landmarks & Historic Walking Areas, Europe & Croatia & Istria & Rovinj & Things to Do in Rovinj, 4.5, 45.08276, 13.63231, 445655298, 20161201, 20160101, 5.0, Manuela L, /Profile/82manuelal, 24602fc90b5b42a02251aab4c214ba10, /Attraction_Review-g303833-d553694-Reviews-Main_Street-Rovinj_Istria.html
Main Street, 14, 28, Points of Interest & Landmarks & Historic Walking Areas & Points of Interest & Landmarks & Historic Walking Areas, Europe & Croatia & Istria & Rovinj & Things to Do in Rovinj, 4.5, 45.08276, 13.63231, 441937391, 20161201, 20160901, 4.0, niluanu, /Profile/niluanu, d0d25685f91e2572bc74dff322c57b2c, /Attraction_Review-g303833-d553694-Reviews-Main_Street-Rovinj_Istria.html
Main Street, 14, 28, Points of Interest & Landmarks & Historic Walking Areas & Points of Interest & Landmarks & Historic Walking Areas, Europe & Croatia & Istria & Rovinj & Things to Do in Rovinj, 4.5, 45.08276, 13.63231, 437657811, 20161101, 20161101, 5.0, Jedai79, /Profile/Jedai79, aac3002c8c09bdd132bed745b1c1c268, /Attraction_Review-g303833-d553694-Reviews-Main_Street-Rovinj_Istria.html
Main Street, 14, 28, Points of Interest & Landmarks & Historic Walking Areas & Points of Interest & Landmarks & Historic Walking Areas, Europe & Croatia & Istria & Rovinj & Things to Do in Rovinj, 4.5, 45.08276, 13.63231, 433003208, 20161001, 20161001, 4.0, Raphael F, /Profile/edgeraphael, 782f443c344824254862e578a613d56c, /Attraction_Review-g303833-d553694-Reviews-Main_Street-Rovinj_Istria.html
Main Street, 14, 28, Points of Interest & Landmarks & Historic Walking Areas & Points of Interest & Landmarks & Historic Walking Areas, Europe & Croatia & Istria & Rovinj & Things to Do in Rovinj, 4.5, 45.08276, 13.63231, 429748206, 20161001, 20161001, 3.0, rodneycs, /Profile/rodneycs, a605c94635a1c2df7385b8c2b9a3fd0d, /Attraction_Review-g303833-d553694-Reviews-Main_Street-Rovinj_Istria.html
