review_location_name, review_current_page, review_last_page, review_location_type, review_location_breadcrumbs, review_location_rate, location_lat, location_lng, review_id, review_date, review_experience_date, review_rate, user_name, user_link, user_id, parent_url
Maiden With The Seagull, 25, 45, Points of Interest & Landmarks & Points of Interest & Landmarks, Europe & Croatia & Primorje-Gorski Kotar County & Opatija & Things to Do in Opatija, 4.0, 45.333565, 14.306651, 443429793, 20161201, 20161201, 5.0, Skywalker008, /Profile/Skywalker008, 1947ea0be2836bd9c661b7a6eeb8649d, /Attraction_Review-g297515-d6395223-Reviews-Maiden_With_The_Seagull-Opatija_Primorje_Gorski_Kotar_County.html
Maiden With The Seagull, 25, 45, Points of Interest & Landmarks & Points of Interest & Landmarks, Europe & Croatia & Primorje-Gorski Kotar County & Opatija & Things to Do in Opatija, 4.0, 45.333565, 14.306651, 441142343, 20161101, 20160901, 3.0, B265, /Profile/B265, ba3161297bf94a54b1f7a94ba2fe2aaf, /Attraction_Review-g297515-d6395223-Reviews-Maiden_With_The_Seagull-Opatija_Primorje_Gorski_Kotar_County.html
Maiden With The Seagull, 25, 45, Points of Interest & Landmarks & Points of Interest & Landmarks, Europe & Croatia & Primorje-Gorski Kotar County & Opatija & Things to Do in Opatija, 4.0, 45.333565, 14.306651, 440607906, 20161101, 20151201, 4.0, livingdolcevita, /Profile/livingdolcevita, c713d42d5b134a74c17dc5452b9ea9ca, /Attraction_Review-g297515-d6395223-Reviews-Maiden_With_The_Seagull-Opatija_Primorje_Gorski_Kotar_County.html
Maiden With The Seagull, 25, 45, Points of Interest & Landmarks & Points of Interest & Landmarks, Europe & Croatia & Primorje-Gorski Kotar County & Opatija & Things to Do in Opatija, 4.0, 45.333565, 14.306651, 439367845, 20161101, 20161101, 3.0, cay124, /Profile/cay124, fc634ad352913b8680f3813397931a16, /Attraction_Review-g297515-d6395223-Reviews-Maiden_With_The_Seagull-Opatija_Primorje_Gorski_Kotar_County.html
Maiden With The Seagull, 25, 45, Points of Interest & Landmarks & Points of Interest & Landmarks, Europe & Croatia & Primorje-Gorski Kotar County & Opatija & Things to Do in Opatija, 4.0, 45.333565, 14.306651, 438708564, 20161101, 20161101, 5.0, ROSEMARY C, /Profile/939LynnC, 4c83fcf993a650faa985a6001cfe0a90, /Attraction_Review-g297515-d6395223-Reviews-Maiden_With_The_Seagull-Opatija_Primorje_Gorski_Kotar_County.html
