review_location_name, review_current_page, review_last_page, review_location_type, review_location_breadcrumbs, review_location_rate, location_lat, location_lng, review_id, review_date, review_experience_date, review_rate, user_name, user_link, user_id, parent_url
Tvrdava Fortica, 53, 332, Historic Sites & Lookouts & Historic Sites & Lookouts, Europe & Croatia & Dalmatia & Split-Dalmatia County & Hvar Island & Hvar & Things to Do in Hvar, 4.5, 43.17228, 16.4482, 600363250, 20180701, 20180701, 5.0, Ericthomas928, /Profile/Ericthomas928, c9a513b2419d9a2afe3c27a6bd0ed136, /Attraction_Review-g303808-d552473-Reviews-Tvrdava_Fortica-Hvar_Hvar_Island_Split_Dalmatia_County_Dalmatia.html
Tvrdava Fortica, 53, 332, Historic Sites & Lookouts & Historic Sites & Lookouts, Europe & Croatia & Dalmatia & Split-Dalmatia County & Hvar Island & Hvar & Things to Do in Hvar, 4.5, 43.17228, 16.4482, 600357885, 20180701, 20180701, 4.0, AH444, /Profile/AH444, fadefb639084fa48f159b9922221b95a, /Attraction_Review-g303808-d552473-Reviews-Tvrdava_Fortica-Hvar_Hvar_Island_Split_Dalmatia_County_Dalmatia.html
Tvrdava Fortica, 53, 332, Historic Sites & Lookouts & Historic Sites & Lookouts, Europe & Croatia & Dalmatia & Split-Dalmatia County & Hvar Island & Hvar & Things to Do in Hvar, 4.5, 43.17228, 16.4482, 600342218, 20180701, 20180701, 5.0, Steve H, /Profile/K1600VUsteveh, 1bf9d54c1f84d3eaf1bc2d2c4f042e41, /Attraction_Review-g303808-d552473-Reviews-Tvrdava_Fortica-Hvar_Hvar_Island_Split_Dalmatia_County_Dalmatia.html
Tvrdava Fortica, 53, 332, Historic Sites & Lookouts & Historic Sites & Lookouts, Europe & Croatia & Dalmatia & Split-Dalmatia County & Hvar Island & Hvar & Things to Do in Hvar, 4.5, 43.17228, 16.4482, 600277743, 20180701, 20180501, 5.0, Shirley M, /Profile/ShirleyM2457, 4719acbe60f13c6cdb07cc9da28ce836, /Attraction_Review-g303808-d552473-Reviews-Tvrdava_Fortica-Hvar_Hvar_Island_Split_Dalmatia_County_Dalmatia.html
Tvrdava Fortica, 53, 332, Historic Sites & Lookouts & Historic Sites & Lookouts, Europe & Croatia & Dalmatia & Split-Dalmatia County & Hvar Island & Hvar & Things to Do in Hvar, 4.5, 43.17228, 16.4482, 600189395, 20180701, 20180701, 5.0, Casey T, /Profile/109caseyt, 9e24a1f1472abd0766e097f78c1ce8df, /Attraction_Review-g303808-d552473-Reviews-Tvrdava_Fortica-Hvar_Hvar_Island_Split_Dalmatia_County_Dalmatia.html
