review_location_name, review_current_page, review_last_page, review_location_type, review_location_breadcrumbs, review_location_rate, location_lat, location_lng, review_id, review_date, review_experience_date, review_rate, user_name, user_link, user_id, parent_url
Art by Stjepko, 3, 5, Art Galleries & Art Galleries, Europe & Croatia & Dalmatia & Dubrovnik-Neretva County & Dubrovnik & Things to Do in Dubrovnik, 5.0, 42.64175, 18.10816, 222962777, 20140801, 20140801, 5.0, Emily K, /Profile/5emilyk, 631d8c2baebb26c35c44696c00b176b8, /Attraction_Review-g295371-d3443669-Reviews-Art_by_Stjepko-Dubrovnik_Dubrovnik_Neretva_County_Dalmatia.html
Art by Stjepko, 3, 5, Art Galleries & Art Galleries, Europe & Croatia & Dalmatia & Dubrovnik-Neretva County & Dubrovnik & Things to Do in Dubrovnik, 5.0, 42.64175, 18.10816, 217655762, 20140701, 20140701, 5.0, James1678, /Profile/James1678, fe99339d54191b0492339cbc7cf4822d, /Attraction_Review-g295371-d3443669-Reviews-Art_by_Stjepko-Dubrovnik_Dubrovnik_Neretva_County_Dalmatia.html
Art by Stjepko, 3, 5, Art Galleries & Art Galleries, Europe & Croatia & Dalmatia & Dubrovnik-Neretva County & Dubrovnik & Things to Do in Dubrovnik, 5.0, 42.64175, 18.10816, 212493068, 20140601, 20140601, 5.0, Lisa-cherry, /Profile/Lisa-cherry, 30ad86bde68c9e0a9167ad8d3b61b19e, /Attraction_Review-g295371-d3443669-Reviews-Art_by_Stjepko-Dubrovnik_Dubrovnik_Neretva_County_Dalmatia.html
Art by Stjepko, 3, 5, Art Galleries & Art Galleries, Europe & Croatia & Dalmatia & Dubrovnik-Neretva County & Dubrovnik & Things to Do in Dubrovnik, 5.0, 42.64175, 18.10816, 210930357, 20140601, 20140601, 5.0, djmineral, /Profile/djmineral, f0c1c5c8ebfed7fbb1d15bc2af7d52e4, /Attraction_Review-g295371-d3443669-Reviews-Art_by_Stjepko-Dubrovnik_Dubrovnik_Neretva_County_Dalmatia.html
Art by Stjepko, 3, 5, Art Galleries & Art Galleries, Europe & Croatia & Dalmatia & Dubrovnik-Neretva County & Dubrovnik & Things to Do in Dubrovnik, 5.0, 42.64175, 18.10816, 196558336, 20140301, 20140301, 5.0, deborahk3, /Profile/deborahk3, df3ca231211bac0dc930c5b19b640df4, /Attraction_Review-g295371-d3443669-Reviews-Art_by_Stjepko-Dubrovnik_Dubrovnik_Neretva_County_Dalmatia.html
