review_location_name, review_current_page, review_last_page, review_location_type, review_location_breadcrumbs, review_location_rate, location_lat, location_lng, review_id, review_date, review_experience_date, review_rate, user_name, user_link, user_id, parent_url
Gradinsko Lake, 6, 9, Bodies of Water & Bodies of Water, Europe & Croatia & Central Croatia & Plitvice Lakes National Park & Things to Do in Plitvice Lakes National Park, 4.5, 44.96986, 15.695888, 402796578, 20160801, 20160701, 3.0, on_the_go_98765, /Profile/on_the_go_98765, fb9f8848cbb25194b96788083a41a25c, /Attraction_Review-g303827-d553448-Reviews-Gradinsko_Lake-Plitvice_Lakes_National_Park_Central_Croatia.html
Gradinsko Lake, 6, 9, Bodies of Water & Bodies of Water, Europe & Croatia & Central Croatia & Plitvice Lakes National Park & Things to Do in Plitvice Lakes National Park, 4.5, 44.96986, 15.695888, 400165886, 20160801, 20160701, 5.0, ArticCynda, /Profile/ArticCynda, f589193d936c9bb04a7237a42510dab1, /Attraction_Review-g303827-d553448-Reviews-Gradinsko_Lake-Plitvice_Lakes_National_Park_Central_Croatia.html
Gradinsko Lake, 6, 9, Bodies of Water & Bodies of Water, Europe & Croatia & Central Croatia & Plitvice Lakes National Park & Things to Do in Plitvice Lakes National Park, 4.5, 44.96986, 15.695888, 386163718, 20160601, 20160601, 5.0, Biddy50, /Profile/Biddy50, 102504abb4534e130983870f6bae719a, /Attraction_Review-g303827-d553448-Reviews-Gradinsko_Lake-Plitvice_Lakes_National_Park_Central_Croatia.html
Gradinsko Lake, 6, 9, Bodies of Water & Bodies of Water, Europe & Croatia & Central Croatia & Plitvice Lakes National Park & Things to Do in Plitvice Lakes National Park, 4.5, 44.96986, 15.695888, 383246789, 20160601, 20160501, 5.0, fivestarholidays, /Profile/fivestarholidays, 48a0d6e7fd21fa09c0894f7c926d0710, /Attraction_Review-g303827-d553448-Reviews-Gradinsko_Lake-Plitvice_Lakes_National_Park_Central_Croatia.html
Gradinsko Lake, 6, 9, Bodies of Water & Bodies of Water, Europe & Croatia & Central Croatia & Plitvice Lakes National Park & Things to Do in Plitvice Lakes National Park, 4.5, 44.96986, 15.695888, 335109450, 20151201, 20150501, 5.0, Bradley T, /Profile/tradIndy, de4f621a492461d67b8357ebde526852, /Attraction_Review-g303827-d553448-Reviews-Gradinsko_Lake-Plitvice_Lakes_National_Park_Central_Croatia.html
