review_location_name, review_current_page, review_last_page, review_location_type, review_location_breadcrumbs, review_location_rate, location_lat, location_lng, review_id, review_date, review_experience_date, review_rate, user_name, user_link, user_id, parent_url
Pile Gate, 119, 314, Points of Interest & Landmarks & Points of Interest & Landmarks, Europe & Croatia & Dalmatia & Dubrovnik-Neretva County & Dubrovnik & Things to Do in Dubrovnik, 4.0, 42.64173, 18.10673, 510330962, 20170801, 20170701, 5.0, AntarcticBound, /Profile/AntarcticBound, 836425de56a8ec3a0db18178230360c8, /Attraction_Review-g295371-d550296-Reviews-Pile_Gate-Dubrovnik_Dubrovnik_Neretva_County_Dalmatia.html
Pile Gate, 119, 314, Points of Interest & Landmarks & Points of Interest & Landmarks, Europe & Croatia & Dalmatia & Dubrovnik-Neretva County & Dubrovnik & Things to Do in Dubrovnik, 4.0, 42.64173, 18.10673, 509965907, 20170801, 20170801, 5.0, Deryck W, /Profile/DeryckWheeler, c9c5cffb6b36a2a4cd80a9ac7e60c24d, /Attraction_Review-g295371-d550296-Reviews-Pile_Gate-Dubrovnik_Dubrovnik_Neretva_County_Dalmatia.html
Pile Gate, 119, 314, Points of Interest & Landmarks & Points of Interest & Landmarks, Europe & Croatia & Dalmatia & Dubrovnik-Neretva County & Dubrovnik & Things to Do in Dubrovnik, 4.0, 42.64173, 18.10673, 509701192, 20170801, 20170701, 5.0, Hrvoje O, /Profile/hrvojeo2015, 207d91d1507671f24690c422fac1b8ad, /Attraction_Review-g295371-d550296-Reviews-Pile_Gate-Dubrovnik_Dubrovnik_Neretva_County_Dalmatia.html
Pile Gate, 119, 314, Points of Interest & Landmarks & Points of Interest & Landmarks, Europe & Croatia & Dalmatia & Dubrovnik-Neretva County & Dubrovnik & Things to Do in Dubrovnik, 4.0, 42.64173, 18.10673, 509686471, 20170801, 20170801, 5.0, BruceClark14, /Profile/BruceClark14, 4fca7f3caaf1f853e364a8a7dc3c669b, /Attraction_Review-g295371-d550296-Reviews-Pile_Gate-Dubrovnik_Dubrovnik_Neretva_County_Dalmatia.html
Pile Gate, 119, 314, Points of Interest & Landmarks & Points of Interest & Landmarks, Europe & Croatia & Dalmatia & Dubrovnik-Neretva County & Dubrovnik & Things to Do in Dubrovnik, 4.0, 42.64173, 18.10673, 509551550, 20170801, 20170801, 5.0, Tuckumbo11, /Profile/Tuckumbo11, 2ca8128393c04dd9a4585b1cbbb8d3f6, /Attraction_Review-g295371-d550296-Reviews-Pile_Gate-Dubrovnik_Dubrovnik_Neretva_County_Dalmatia.html
