review_location_name, review_current_page, review_last_page, review_location_type, review_location_breadcrumbs, review_location_rate, location_lat, location_lng, review_id, review_date, review_experience_date, review_rate, user_name, user_link, user_id, parent_url
Cathedral of Saint Domnius, 239, 286, Historic Sites & Architectural Buildings & Sacred & Religious Sites & Monuments & Statues & Churches & Cathedrals & More &   & Historic Sites & Architectural Buildings & Sacred & Religious Sites & Monuments & Statues & Churches & Cathedrals & More &  , Europe & Croatia & Dalmatia & Split-Dalmatia County & Split & Things to Do in Split, 4.5, 43.50813, 16.440283, 282104113, 20150601, 20150601, 5.0, czechm8y, /Profile/czechm8y, f8ce88057f877202acb0c188ed82800c, /Attraction_Review-g295370-d523517-Reviews-Cathedral_of_Saint_Domnius-Split_Split_Dalmatia_County_Dalmatia.html
Cathedral of Saint Domnius, 239, 286, Historic Sites & Architectural Buildings & Sacred & Religious Sites & Monuments & Statues & Churches & Cathedrals & More &   & Historic Sites & Architectural Buildings & Sacred & Religious Sites & Monuments & Statues & Churches & Cathedrals & More &  , Europe & Croatia & Dalmatia & Split-Dalmatia County & Split & Things to Do in Split, 4.5, 43.50813, 16.440283, 281739002, 20150601, 20150601, 5.0, ann-heleneg, /Profile/ann-heleneg, 0cf8e1c82b5ad1b05268d15b57f9ccf7, /Attraction_Review-g295370-d523517-Reviews-Cathedral_of_Saint_Domnius-Split_Split_Dalmatia_County_Dalmatia.html
Cathedral of Saint Domnius, 239, 286, Historic Sites & Architectural Buildings & Sacred & Religious Sites & Monuments & Statues & Churches & Cathedrals & More &   & Historic Sites & Architectural Buildings & Sacred & Religious Sites & Monuments & Statues & Churches & Cathedrals & More &  , Europe & Croatia & Dalmatia & Split-Dalmatia County & Split & Things to Do in Split, 4.5, 43.50813, 16.440283, 281732356, 20150601, 20150601, 5.0, emailtomato, /Profile/emailtomato, 72637c33b705e8c1242e793c91cdd8ed, /Attraction_Review-g295370-d523517-Reviews-Cathedral_of_Saint_Domnius-Split_Split_Dalmatia_County_Dalmatia.html
Cathedral of Saint Domnius, 239, 286, Historic Sites & Architectural Buildings & Sacred & Religious Sites & Monuments & Statues & Churches & Cathedrals & More &   & Historic Sites & Architectural Buildings & Sacred & Religious Sites & Monuments & Statues & Churches & Cathedrals & More &  , Europe & Croatia & Dalmatia & Split-Dalmatia County & Split & Things to Do in Split, 4.5, 43.50813, 16.440283, 281234497, 20150601, 20150601, 2.0, Greg C, /Profile/gcannon, 4d5a38c0bb1d3ce878b06954d9f9f1bd, /Attraction_Review-g295370-d523517-Reviews-Cathedral_of_Saint_Domnius-Split_Split_Dalmatia_County_Dalmatia.html
Cathedral of Saint Domnius, 239, 286, Historic Sites & Architectural Buildings & Sacred & Religious Sites & Monuments & Statues & Churches & Cathedrals & More &   & Historic Sites & Architectural Buildings & Sacred & Religious Sites & Monuments & Statues & Churches & Cathedrals & More &  , Europe & Croatia & Dalmatia & Split-Dalmatia County & Split & Things to Do in Split, 4.5, 43.50813, 16.440283, 280670287, 20150601, 20150601, 5.0, Callum M, /Profile/callumm59, 4149cdcf94f103c1390df43d2d0c4f9b, /Attraction_Review-g295370-d523517-Reviews-Cathedral_of_Saint_Domnius-Split_Split_Dalmatia_County_Dalmatia.html
