review_location_name, review_current_page, review_last_page, review_location_type, review_location_breadcrumbs, review_location_rate, location_lat, location_lng, review_id, review_date, review_experience_date, review_rate, user_name, user_link, user_id, parent_url
Palazzo di Diocleziano, 618, 1071, Historic Sites & Historic Walking Areas & Historic Sites & Historic Walking Areas, Europe & Croatia & Dalmatia & Split-Dalmatia County & Split & Things to Do in Split, 4.5, 43.50869, 16.440294, 396482011, 20160701, 20160701, 5.0, travelfanmty, /Profile/travelfanmty, 5551f615ba21602ec17572fbbfb5755b, /Attraction_Review-g295370-d317704-Reviews-Palazzo_di_Diocleziano-Split_Split_Dalmatia_County_Dalmatia.html
Palazzo di Diocleziano, 618, 1071, Historic Sites & Historic Walking Areas & Historic Sites & Historic Walking Areas, Europe & Croatia & Dalmatia & Split-Dalmatia County & Split & Things to Do in Split, 4.5, 43.50869, 16.440294, 396460087, 20160701, 20160701, 5.0, RustylH65, /Profile/RustylH65, 4751a22e1c0cfcfb1c858611b2fb9b4a, /Attraction_Review-g295370-d317704-Reviews-Palazzo_di_Diocleziano-Split_Split_Dalmatia_County_Dalmatia.html
Palazzo di Diocleziano, 618, 1071, Historic Sites & Historic Walking Areas & Historic Sites & Historic Walking Areas, Europe & Croatia & Dalmatia & Split-Dalmatia County & Split & Things to Do in Split, 4.5, 43.50869, 16.440294, 396367182, 20160701, 20160701, 4.0, Zsuzsanna S, /Profile/625zsuzsannas, 9e6e3965d426ca1f9207ae0d0debecf8, /Attraction_Review-g295370-d317704-Reviews-Palazzo_di_Diocleziano-Split_Split_Dalmatia_County_Dalmatia.html
Palazzo di Diocleziano, 618, 1071, Historic Sites & Historic Walking Areas & Historic Sites & Historic Walking Areas, Europe & Croatia & Dalmatia & Split-Dalmatia County & Split & Things to Do in Split, 4.5, 43.50869, 16.440294, 396360209, 20160701, 20160701, 5.0, Doreen O, /Profile/DoreenO536, d49ef652d033e1ad99918daee2da46df, /Attraction_Review-g295370-d317704-Reviews-Palazzo_di_Diocleziano-Split_Split_Dalmatia_County_Dalmatia.html
Palazzo di Diocleziano, 618, 1071, Historic Sites & Historic Walking Areas & Historic Sites & Historic Walking Areas, Europe & Croatia & Dalmatia & Split-Dalmatia County & Split & Things to Do in Split, 4.5, 43.50869, 16.440294, 396348332, 20160701, 20160701, 5.0, Lauren H, /Profile/laurenmh311, e7e659d76591e1de9a467206c98e1e94, /Attraction_Review-g295370-d317704-Reviews-Palazzo_di_Diocleziano-Split_Split_Dalmatia_County_Dalmatia.html
