review_location_name, review_current_page, review_last_page, review_location_type, review_location_breadcrumbs, review_location_rate, location_lat, location_lng, review_id, review_date, review_experience_date, review_rate, user_name, user_link, user_id, parent_url
Jerolim, 12, 33, Islands & Islands, Europe & Croatia & Dalmatia & Split-Dalmatia County & Hvar Island & Hvar & Things to Do in Hvar, 4.5, 43.15962, 16.434443, 499411269, 20170701, 20170601, 5.0, Nigel K, /Profile/NigelK506, bbbce3d3916128144f8c66a0495eeaf6, /Attraction_Review-g303808-d4744143-Reviews-Jerolim-Hvar_Hvar_Island_Split_Dalmatia_County_Dalmatia.html
Jerolim, 12, 33, Islands & Islands, Europe & Croatia & Dalmatia & Split-Dalmatia County & Hvar Island & Hvar & Things to Do in Hvar, 4.5, 43.15962, 16.434443, 494884905, 20170601, 20170601, 5.0, Traveller From Hull, /Profile/Stevestorey, ac565b49eecc71d588fb27c0159299af, /Attraction_Review-g303808-d4744143-Reviews-Jerolim-Hvar_Hvar_Island_Split_Dalmatia_County_Dalmatia.html
Jerolim, 12, 33, Islands & Islands, Europe & Croatia & Dalmatia & Split-Dalmatia County & Hvar Island & Hvar & Things to Do in Hvar, 4.5, 43.15962, 16.434443, 457903739, 20170201, 20160801, 5.0, LydiaSaurel, /Profile/LydiaSaurel, d0e507d64d8b65e0a048c3c402dc50d8, /Attraction_Review-g303808-d4744143-Reviews-Jerolim-Hvar_Hvar_Island_Split_Dalmatia_County_Dalmatia.html
Jerolim, 12, 33, Islands & Islands, Europe & Croatia & Dalmatia & Split-Dalmatia County & Hvar Island & Hvar & Things to Do in Hvar, 4.5, 43.15962, 16.434443, 434207239, 20161101, 20160501, 4.0, 54dee, /Profile/54dee, 3bbc05f1f84c214914fbdcb0e54d398e, /Attraction_Review-g303808-d4744143-Reviews-Jerolim-Hvar_Hvar_Island_Split_Dalmatia_County_Dalmatia.html
Jerolim, 12, 33, Islands & Islands, Europe & Croatia & Dalmatia & Split-Dalmatia County & Hvar Island & Hvar & Things to Do in Hvar, 4.5, 43.15962, 16.434443, 423126448, 20160901, 20160801, 5.0, Cuurrusquina, /Profile/Cuurrusquina, a8ce6d17268ca60244a716d93e0aa761, /Attraction_Review-g303808-d4744143-Reviews-Jerolim-Hvar_Hvar_Island_Split_Dalmatia_County_Dalmatia.html
