review_location_name, review_current_page, review_last_page, review_location_type, review_location_breadcrumbs, review_location_rate, location_lat, location_lng, review_id, review_date, review_experience_date, review_rate, user_name, user_link, user_id, parent_url
Ethnographic Museum Split, 21, 29, History Museums & History Museums, Europe & Croatia & Dalmatia & Split-Dalmatia County & Split & Things to Do in Split, 4.0, 43.5075, 16.440178, 315894049, 20151001, 20150201, 4.0, fiamma11, /Profile/fiamma11, 1ee8a28c2443fc9b7fcd46c323dac81a, /Attraction_Review-g295370-d2718916-Reviews-Ethnographic_Museum_Split-Split_Split_Dalmatia_County_Dalmatia.html
Ethnographic Museum Split, 21, 29, History Museums & History Museums, Europe & Croatia & Dalmatia & Split-Dalmatia County & Split & Things to Do in Split, 4.0, 43.5075, 16.440178, 314735510, 20150901, 20150901, 4.0, Kirk E, /Profile/KirkE266, b6b3e5e3ddea4ecd548d243170254e9a, /Attraction_Review-g295370-d2718916-Reviews-Ethnographic_Museum_Split-Split_Split_Dalmatia_County_Dalmatia.html
Ethnographic Museum Split, 21, 29, History Museums & History Museums, Europe & Croatia & Dalmatia & Split-Dalmatia County & Split & Things to Do in Split, 4.0, 43.5075, 16.440178, 313173059, 20150901, 20150901, 4.0, itcheetam, /Profile/itcheetam, e804595dcb5c849b10950480226b31f0, /Attraction_Review-g295370-d2718916-Reviews-Ethnographic_Museum_Split-Split_Split_Dalmatia_County_Dalmatia.html
Ethnographic Museum Split, 21, 29, History Museums & History Museums, Europe & Croatia & Dalmatia & Split-Dalmatia County & Split & Things to Do in Split, 4.0, 43.5075, 16.440178, 312025493, 20150901, 20150901, 5.0, Line P, /Profile/347linep, 5150e570b2525abb123f9450d2bdce66, /Attraction_Review-g295370-d2718916-Reviews-Ethnographic_Museum_Split-Split_Split_Dalmatia_County_Dalmatia.html
Ethnographic Museum Split, 21, 29, History Museums & History Museums, Europe & Croatia & Dalmatia & Split-Dalmatia County & Split & Things to Do in Split, 4.0, 43.5075, 16.440178, 304911172, 20150801, 20141101, 4.0, Argentea79, /Profile/Argentea79, 25b0b97235a59233242ce996f200115f, /Attraction_Review-g295370-d2718916-Reviews-Ethnographic_Museum_Split-Split_Split_Dalmatia_County_Dalmatia.html
