review_location_name, review_current_page, review_last_page, review_location_type, review_location_breadcrumbs, review_location_rate, location_lat, location_lng, review_id, review_date, review_experience_date, review_rate, user_name, user_link, user_id, parent_url
Old Split, 211, 357, Historic Sites & Historic Sites, Europe & Croatia & Dalmatia & Split-Dalmatia County & Split & Things to Do in Split, 4.5, 43.50949, 16.43938, 421516202, 20160901, 20160901, 3.0, Adam K, /Profile/AdamJK_82, 7aba23296b4ce7b9eb32585762131588, /Attraction_Review-g295370-d548054-Reviews-Old_Split-Split_Split_Dalmatia_County_Dalmatia.html
Old Split, 211, 357, Historic Sites & Historic Sites, Europe & Croatia & Dalmatia & Split-Dalmatia County & Split & Things to Do in Split, 4.5, 43.50949, 16.43938, 421017922, 20160901, 20151101, 5.0, TinaEickhoff, /Profile/TinaEickhoff, c7de7521492792b2a175d127935021e1, /Attraction_Review-g295370-d548054-Reviews-Old_Split-Split_Split_Dalmatia_County_Dalmatia.html
Old Split, 211, 357, Historic Sites & Historic Sites, Europe & Croatia & Dalmatia & Split-Dalmatia County & Split & Things to Do in Split, 4.5, 43.50949, 16.43938, 420494957, 20160901, 20160901, 4.0, Ketchup57, /Profile/Ketchup57, 663ef8da8aafcbc4d5e34cb21b9d064a, /Attraction_Review-g295370-d548054-Reviews-Old_Split-Split_Split_Dalmatia_County_Dalmatia.html
Old Split, 211, 357, Historic Sites & Historic Sites, Europe & Croatia & Dalmatia & Split-Dalmatia County & Split & Things to Do in Split, 4.5, 43.50949, 16.43938, 419338971, 20160901, 20160601, 5.0, priyadarshi, /Profile/priyadarshi, 919a48815621fe90b476b0f060efc938, /Attraction_Review-g295370-d548054-Reviews-Old_Split-Split_Split_Dalmatia_County_Dalmatia.html
Old Split, 211, 357, Historic Sites & Historic Sites, Europe & Croatia & Dalmatia & Split-Dalmatia County & Split & Things to Do in Split, 4.5, 43.50949, 16.43938, 419045440, 20160901, 20160901, 5.0, Skiers356, /Profile/Skiers356, ff781f52bfbec52dd53114ddbed88fb0, /Attraction_Review-g295370-d548054-Reviews-Old_Split-Split_Split_Dalmatia_County_Dalmatia.html
