review_location_name, review_current_page, review_last_page, review_location_type, review_location_breadcrumbs, review_location_rate, location_lat, location_lng, review_id, review_date, review_experience_date, review_rate, user_name, user_link, user_id, parent_url
Cavtat Seaside Promenade, 18, 150, Piers & Boardwalks & Piers & Boardwalks, Europe & Croatia & Dalmatia & Dubrovnik-Neretva County & Konavle & Cavtat & Things to Do in Cavtat, 4.5, 42.58171, 18.21678, 692362715, 20190701, 20190701, 5.0, Rachel W, /Profile/rachelw634, b9fef963ae81405e668399ca769b4c60, /Attraction_Review-g303804-d10392840-Reviews-Cavtat_Seaside_Promenade-Cavtat_Konavle_Dubrovnik_Neretva_County_Dalmatia.html
Cavtat Seaside Promenade, 18, 150, Piers & Boardwalks & Piers & Boardwalks, Europe & Croatia & Dalmatia & Dubrovnik-Neretva County & Konavle & Cavtat & Things to Do in Cavtat, 4.5, 42.58171, 18.21678, 692180236, 20190701, 20190701, 4.0, HeyKell, /Profile/HeyKell, 3169aec33340bb3d19b83e47596a9d9d, /Attraction_Review-g303804-d10392840-Reviews-Cavtat_Seaside_Promenade-Cavtat_Konavle_Dubrovnik_Neretva_County_Dalmatia.html
Cavtat Seaside Promenade, 18, 150, Piers & Boardwalks & Piers & Boardwalks, Europe & Croatia & Dalmatia & Dubrovnik-Neretva County & Konavle & Cavtat & Things to Do in Cavtat, 4.5, 42.58171, 18.21678, 692037955, 20190701, 20190701, 5.0, Veronica Morra, /Profile/vbmorra, 9ea7170fffd16b48e414126db3e6a013, /Attraction_Review-g303804-d10392840-Reviews-Cavtat_Seaside_Promenade-Cavtat_Konavle_Dubrovnik_Neretva_County_Dalmatia.html
Cavtat Seaside Promenade, 18, 150, Piers & Boardwalks & Piers & Boardwalks, Europe & Croatia & Dalmatia & Dubrovnik-Neretva County & Konavle & Cavtat & Things to Do in Cavtat, 4.5, 42.58171, 18.21678, 691738275, 20190701, 20190701, 5.0, Mrsvellis, /Profile/Mrsvellis, 61e4ebce32073b4a591a762ce90389fc, /Attraction_Review-g303804-d10392840-Reviews-Cavtat_Seaside_Promenade-Cavtat_Konavle_Dubrovnik_Neretva_County_Dalmatia.html
Cavtat Seaside Promenade, 18, 150, Piers & Boardwalks & Piers & Boardwalks, Europe & Croatia & Dalmatia & Dubrovnik-Neretva County & Konavle & Cavtat & Things to Do in Cavtat, 4.5, 42.58171, 18.21678, 691500037, 20190701, 20190701, 4.0, Mr_Blisters, /Profile/Mr_Blisters, c662d48c914812bbbdbfca3236d5675c, /Attraction_Review-g303804-d10392840-Reviews-Cavtat_Seaside_Promenade-Cavtat_Konavle_Dubrovnik_Neretva_County_Dalmatia.html
