review_location_name, review_current_page, review_last_page, review_location_type, review_location_breadcrumbs, review_location_rate, location_lat, location_lng, review_id, review_date, review_experience_date, review_rate, user_name, user_link, user_id, parent_url
National Park Krka Waterfalls, 22, 82, Waterfalls & Waterfalls, Europe & Croatia & Dalmatia & Sibenik-Knin County & Skradin & Things to Do in Skradin, 4.0, 43.8057, 15.963513, 649552733, 20190201, 20180901, 5.0, Kosma, /Profile/kosmaxx, 61b2b9fcd65d53206598a834345dc069, /Attraction_Review-g666519-d10196033-Reviews-National_Park_Krka_Waterfalls-Skradin_Sibenik_Knin_County_Dalmatia.html
National Park Krka Waterfalls, 22, 82, Waterfalls & Waterfalls, Europe & Croatia & Dalmatia & Sibenik-Knin County & Skradin & Things to Do in Skradin, 4.0, 43.8057, 15.963513, 647078469, 20190101, 20180701, 5.0, DoratheExplorer1983, /Profile/DoratheExplorer1983, e593e89f764b476b5b043f28916a2349, /Attraction_Review-g666519-d10196033-Reviews-National_Park_Krka_Waterfalls-Skradin_Sibenik_Knin_County_Dalmatia.html
National Park Krka Waterfalls, 22, 82, Waterfalls & Waterfalls, Europe & Croatia & Dalmatia & Sibenik-Knin County & Skradin & Things to Do in Skradin, 4.0, 43.8057, 15.963513, 641250149, 20181201, 20181101, 4.0, Paul S, /Profile/paulsQ9507YB, 70df03367f2a4cc24ca05f260cfe1fa7, /Attraction_Review-g666519-d10196033-Reviews-National_Park_Krka_Waterfalls-Skradin_Sibenik_Knin_County_Dalmatia.html
National Park Krka Waterfalls, 22, 82, Waterfalls & Waterfalls, Europe & Croatia & Dalmatia & Sibenik-Knin County & Skradin & Things to Do in Skradin, 4.0, 43.8057, 15.963513, 634853279, 20181101, 20181001, 4.0, travelinggrandmaWy, /Profile/travelinggrandmaWy, 00579c5157e9c751f4eebffc40e9118a, /Attraction_Review-g666519-d10196033-Reviews-National_Park_Krka_Waterfalls-Skradin_Sibenik_Knin_County_Dalmatia.html
National Park Krka Waterfalls, 22, 82, Waterfalls & Waterfalls, Europe & Croatia & Dalmatia & Sibenik-Knin County & Skradin & Things to Do in Skradin, 4.0, 43.8057, 15.963513, 631864337, 20181101, 20180801, 4.0, Laughingbear, /Profile/Laughingbear, 5999369c55dc89a280e77aed7401271d, /Attraction_Review-g666519-d10196033-Reviews-National_Park_Krka_Waterfalls-Skradin_Sibenik_Knin_County_Dalmatia.html
