review_location_name, review_current_page, review_last_page, review_location_type, review_location_breadcrumbs, review_location_rate, location_lat, location_lng, review_id, review_date, review_experience_date, review_rate, user_name, user_link, user_id, parent_url
Kabola Winery, 12, 14, Wineries & Vineyards & Wineries & Vineyards, Europe & Croatia & Istria & Momjan & Things to Do in Momjan, 4.5, 45.430557, 13.700587, 293793908, 20150701, 20150701, 5.0, tanja a, /Profile/908tanjaa, ca5669388839f3ae382c1b4fe4c96169, /Attraction_Review-g1190335-d6384745-Reviews-Kabola_Winery-Momjan_Istria.html
Kabola Winery, 12, 14, Wineries & Vineyards & Wineries & Vineyards, Europe & Croatia & Istria & Momjan & Things to Do in Momjan, 4.5, 45.430557, 13.700587, 283518598, 20150601, 20150601, 5.0, Greavsie38, /Profile/Greavsie38, b426371472d1ef6570fb367e22c498cc, /Attraction_Review-g1190335-d6384745-Reviews-Kabola_Winery-Momjan_Istria.html
Kabola Winery, 12, 14, Wineries & Vineyards & Wineries & Vineyards, Europe & Croatia & Istria & Momjan & Things to Do in Momjan, 4.5, 45.430557, 13.700587, 279349478, 20150601, 20150601, 3.0, Enough, /Profile/Enough, 79d06cd306bd507ad895e9d74266d0fe, /Attraction_Review-g1190335-d6384745-Reviews-Kabola_Winery-Momjan_Istria.html
Kabola Winery, 12, 14, Wineries & Vineyards & Wineries & Vineyards, Europe & Croatia & Istria & Momjan & Things to Do in Momjan, 4.5, 45.430557, 13.700587, 253226810, 20150201, 20141001, 4.0, Dan K, /Profile/DanK984, cf9d1d5993026f4dc2aed1ab2f01796d, /Attraction_Review-g1190335-d6384745-Reviews-Kabola_Winery-Momjan_Istria.html
Kabola Winery, 12, 14, Wineries & Vineyards & Wineries & Vineyards, Europe & Croatia & Istria & Momjan & Things to Do in Momjan, 4.5, 45.430557, 13.700587, 241440507, 20141101, 20141001, 5.0, erinc21, /Profile/erinc21, bb265dfe42e1054d063eaae2a2e2afe8, /Attraction_Review-g1190335-d6384745-Reviews-Kabola_Winery-Momjan_Istria.html
