review_location_name, review_current_page, review_last_page, review_location_type, review_location_breadcrumbs, review_location_rate, location_lat, location_lng, review_id, review_date, review_experience_date, review_rate, user_name, user_link, user_id, parent_url
The Lower Lakes, 10, 46, Bodies of Water & Waterfalls & Bodies of Water & Waterfalls, Europe & Croatia & Central Croatia & Plitvice Lakes National Park & Things to Do in Plitvice Lakes National Park, 5.0, 44.899807, 15.611369, 595156013, 20180701, 20180701, 5.0, pratss2014, /Profile/pratss2014, a771212dfb27f49e54aca4cea86609d3, /Attraction_Review-g303827-d553309-Reviews-The_Lower_Lakes-Plitvice_Lakes_National_Park_Central_Croatia.html
The Lower Lakes, 10, 46, Bodies of Water & Waterfalls & Bodies of Water & Waterfalls, Europe & Croatia & Central Croatia & Plitvice Lakes National Park & Things to Do in Plitvice Lakes National Park, 5.0, 44.899807, 15.611369, 586161143, 20180601, 20180601, 4.0, Tupelo010835, /Profile/Tupelo010835, b7c83569a5729194e0f8099ea3a6bac4, /Attraction_Review-g303827-d553309-Reviews-The_Lower_Lakes-Plitvice_Lakes_National_Park_Central_Croatia.html
The Lower Lakes, 10, 46, Bodies of Water & Waterfalls & Bodies of Water & Waterfalls, Europe & Croatia & Central Croatia & Plitvice Lakes National Park & Things to Do in Plitvice Lakes National Park, 5.0, 44.899807, 15.611369, 584449281, 20180601, 20180501, 5.0, Deezy1, /Profile/Deezy1, 8980c230d0fadc1bad1c4a703ac752d3, /Attraction_Review-g303827-d553309-Reviews-The_Lower_Lakes-Plitvice_Lakes_National_Park_Central_Croatia.html
The Lower Lakes, 10, 46, Bodies of Water & Waterfalls & Bodies of Water & Waterfalls, Europe & Croatia & Central Croatia & Plitvice Lakes National Park & Things to Do in Plitvice Lakes National Park, 5.0, 44.899807, 15.611369, 584109488, 20180501, 20180501, 3.0, Beth G, /Profile/bgualario, 26be32a18698ad21729176350f0fab98, /Attraction_Review-g303827-d553309-Reviews-The_Lower_Lakes-Plitvice_Lakes_National_Park_Central_Croatia.html
The Lower Lakes, 10, 46, Bodies of Water & Waterfalls & Bodies of Water & Waterfalls, Europe & Croatia & Central Croatia & Plitvice Lakes National Park & Things to Do in Plitvice Lakes National Park, 5.0, 44.899807, 15.611369, 582938544, 20180501, 20180501, 5.0, CleopatraBunny, /Profile/CleopatraBunny, 5bcaeaf42bf6b7d32e4def4a3a87bf42, /Attraction_Review-g303827-d553309-Reviews-The_Lower_Lakes-Plitvice_Lakes_National_Park_Central_Croatia.html
