review_location_name, review_current_page, review_last_page, review_location_type, review_location_breadcrumbs, review_location_rate, location_lat, location_lng, review_id, review_date, review_experience_date, review_rate, user_name, user_link, user_id, parent_url
Museum of Illusions, 40, 118, Specialty Museums & Children's Museums & Specialty Museums & Children's Museums, Europe & Croatia & Central Croatia & Zagreb & Things to Do in Zagreb, 4.0, 45.813057, 15.966437, 656047651, 20190301, 20190301, 5.0, Tihomir K, /Profile/tihomirk467, 864b7f0bd2fdac4fb72f082c83fa3fa8, /Attraction_Review-g294454-d8421378-Reviews-Museum_of_Illusions-Zagreb_Central_Croatia.html
Museum of Illusions, 40, 118, Specialty Museums & Children's Museums & Specialty Museums & Children's Museums, Europe & Croatia & Central Croatia & Zagreb & Things to Do in Zagreb, 4.0, 45.813057, 15.966437, 656030644, 20190301, 20190301, 5.0, Sofia_bellaris, /Profile/Sofiabella123, a21f9d614cab31752bc46279f38fee40, /Attraction_Review-g294454-d8421378-Reviews-Museum_of_Illusions-Zagreb_Central_Croatia.html
Museum of Illusions, 40, 118, Specialty Museums & Children's Museums & Specialty Museums & Children's Museums, Europe & Croatia & Central Croatia & Zagreb & Things to Do in Zagreb, 4.0, 45.813057, 15.966437, 656027369, 20190301, 20190301, 5.0, Whiteandred, /Profile/Whitenred, 5c8b4875ef874b13d749b9bf54dd122b, /Attraction_Review-g294454-d8421378-Reviews-Museum_of_Illusions-Zagreb_Central_Croatia.html
Museum of Illusions, 40, 118, Specialty Museums & Children's Museums & Specialty Museums & Children's Museums, Europe & Croatia & Central Croatia & Zagreb & Things to Do in Zagreb, 4.0, 45.813057, 15.966437, 656023906, 20190301, 20190301, 5.0, Ingeborg R, /Profile/ingeborgr2018, 3ea5ba31c2eb21868b0b6d313c3aeb66, /Attraction_Review-g294454-d8421378-Reviews-Museum_of_Illusions-Zagreb_Central_Croatia.html
Museum of Illusions, 40, 118, Specialty Museums & Children's Museums & Specialty Museums & Children's Museums, Europe & Croatia & Central Croatia & Zagreb & Things to Do in Zagreb, 4.0, 45.813057, 15.966437, 655841952, 20190301, 20190301, 5.0, Paulo R, /Profile/E1526IBpaulor, 6184d37ae27817cf49359413210e3855, /Attraction_Review-g294454-d8421378-Reviews-Museum_of_Illusions-Zagreb_Central_Croatia.html
