review_location_name, review_current_page, review_last_page, review_location_type, review_location_breadcrumbs, review_location_rate, location_lat, location_lng, review_id, review_date, review_experience_date, review_rate, user_name, user_link, user_id, parent_url
Sea Organ (Morske Orgulje), 239, 559, Points of Interest & Landmarks & Points of Interest & Landmarks, Europe & Croatia & Dalmatia & Zadar County & Zadar & Things to Do in Zadar, 4.5, 44.11706, 15.220117, 498537465, 20170701, 20170601, 5.0, countconti, /Profile/countconti, 7860dc06e8459d7e8bb8625173426171, /Attraction_Review-g295374-d2294071-Reviews-Sea_Organ_Morske_Orgulje-Zadar_Zadar_County_Dalmatia.html
Sea Organ (Morske Orgulje), 239, 559, Points of Interest & Landmarks & Points of Interest & Landmarks, Europe & Croatia & Dalmatia & Zadar County & Zadar & Things to Do in Zadar, 4.5, 44.11706, 15.220117, 498339060, 20170701, 20170601, 5.0, Sarah K, /Profile/sarahkC227OC, 1f718df4022c4d1f3284db9fd75cae6c, /Attraction_Review-g295374-d2294071-Reviews-Sea_Organ_Morske_Orgulje-Zadar_Zadar_County_Dalmatia.html
Sea Organ (Morske Orgulje), 239, 559, Points of Interest & Landmarks & Points of Interest & Landmarks, Europe & Croatia & Dalmatia & Zadar County & Zadar & Things to Do in Zadar, 4.5, 44.11706, 15.220117, 498241120, 20170701, 20170601, 5.0, Julie A, /Profile/225juliea, 9976ec0f8515356fad961b411e12a6ed, /Attraction_Review-g295374-d2294071-Reviews-Sea_Organ_Morske_Orgulje-Zadar_Zadar_County_Dalmatia.html
Sea Organ (Morske Orgulje), 239, 559, Points of Interest & Landmarks & Points of Interest & Landmarks, Europe & Croatia & Dalmatia & Zadar County & Zadar & Things to Do in Zadar, 4.5, 44.11706, 15.220117, 498206607, 20170701, 20161001, 5.0, Cruseeoh, /Profile/Cruseeoh, e5942ff907a676ae25ee5b4761051c19, /Attraction_Review-g295374-d2294071-Reviews-Sea_Organ_Morske_Orgulje-Zadar_Zadar_County_Dalmatia.html
Sea Organ (Morske Orgulje), 239, 559, Points of Interest & Landmarks & Points of Interest & Landmarks, Europe & Croatia & Dalmatia & Zadar County & Zadar & Things to Do in Zadar, 4.5, 44.11706, 15.220117, 498122944, 20170701, 20170501, 5.0, Ctravelhappylady, /Profile/Ctravelhappylady, be566a8ceed14374e85d4d5a1c73b731, /Attraction_Review-g295374-d2294071-Reviews-Sea_Organ_Morske_Orgulje-Zadar_Zadar_County_Dalmatia.html
