review_location_name, review_current_page, review_last_page, review_location_type, review_location_breadcrumbs, review_location_rate, location_lat, location_lng, review_id, review_date, review_experience_date, review_rate, user_name, user_link, user_id, parent_url
Tvrdava Fortica, 196, 332, Historic Sites & Lookouts & Historic Sites & Lookouts, Europe & Croatia & Dalmatia & Split-Dalmatia County & Hvar Island & Hvar & Things to Do in Hvar, 4.5, 43.17228, 16.4482, 388394604, 20160701, 20160701, 4.0, joeyGoldCoast, /Profile/joeyGoldCoast, 8547299587a843cb7a7fb6e7b2decc3b, /Attraction_Review-g303808-d552473-Reviews-Tvrdava_Fortica-Hvar_Hvar_Island_Split_Dalmatia_County_Dalmatia.html
Tvrdava Fortica, 196, 332, Historic Sites & Lookouts & Historic Sites & Lookouts, Europe & Croatia & Dalmatia & Split-Dalmatia County & Hvar Island & Hvar & Things to Do in Hvar, 4.5, 43.17228, 16.4482, 388275720, 20160701, 20150801, 5.0, sailordreamer, /Profile/sailordreamer, 86d40f261d48b08aebc0be095948bfd9, /Attraction_Review-g303808-d552473-Reviews-Tvrdava_Fortica-Hvar_Hvar_Island_Split_Dalmatia_County_Dalmatia.html
Tvrdava Fortica, 196, 332, Historic Sites & Lookouts & Historic Sites & Lookouts, Europe & Croatia & Dalmatia & Split-Dalmatia County & Hvar Island & Hvar & Things to Do in Hvar, 4.5, 43.17228, 16.4482, 388083908, 20160701, 20160601, 4.0, Devonshirebeef, /Profile/Devonshirebeef, ebc38d420ecb7dac02cef2f010588a36, /Attraction_Review-g303808-d552473-Reviews-Tvrdava_Fortica-Hvar_Hvar_Island_Split_Dalmatia_County_Dalmatia.html
Tvrdava Fortica, 196, 332, Historic Sites & Lookouts & Historic Sites & Lookouts, Europe & Croatia & Dalmatia & Split-Dalmatia County & Hvar Island & Hvar & Things to Do in Hvar, 4.5, 43.17228, 16.4482, 387697459, 20160601, 20160601, 4.0, mark g, /Profile/markgoodies, 3d42b8e0cc309a6a8c1bbeae59d503f8, /Attraction_Review-g303808-d552473-Reviews-Tvrdava_Fortica-Hvar_Hvar_Island_Split_Dalmatia_County_Dalmatia.html
Tvrdava Fortica, 196, 332, Historic Sites & Lookouts & Historic Sites & Lookouts, Europe & Croatia & Dalmatia & Split-Dalmatia County & Hvar Island & Hvar & Things to Do in Hvar, 4.5, 43.17228, 16.4482, 387684870, 20160601, 20160601, 5.0, Mac500, /Profile/Mac500, bed2a5c1fc175370cbff8fca906ed39e, /Attraction_Review-g303808-d552473-Reviews-Tvrdava_Fortica-Hvar_Hvar_Island_Split_Dalmatia_County_Dalmatia.html
