review_location_name, review_current_page, review_last_page, review_location_type, review_location_breadcrumbs, review_location_rate, location_lat, location_lng, review_id, review_date, review_experience_date, review_rate, user_name, user_link, user_id, parent_url
Mestroviceve Crikvine Kastilac, 3, 2, Art Museums & Art Museums, Europe & Croatia & Dalmatia & Split-Dalmatia County & Split & Things to Do in Split, 4.5, 43.50418, 16.41734, 391693793, 20160701, 20160501, 5.0, hiking-har, /Profile/hiking-har, 9bc42f9c9d9f2a2bfa1af28d37c7de12, /Attraction_Review-g295370-d8618127-Reviews-Mestroviceve_Crikvine_Kastilac-Split_Split_Dalmatia_County_Dalmatia.html
Mestroviceve Crikvine Kastilac, 3, 2, Art Museums & Art Museums, Europe & Croatia & Dalmatia & Split-Dalmatia County & Split & Things to Do in Split, 4.5, 43.50418, 16.41734, 380692334, 20160601, 20160501, 5.0, TangramUK, /Profile/TangramUK, 42350222d8d93ee197cbaaea39f7966c, /Attraction_Review-g295370-d8618127-Reviews-Mestroviceve_Crikvine_Kastilac-Split_Split_Dalmatia_County_Dalmatia.html
Mestroviceve Crikvine Kastilac, 3, 2, Art Museums & Art Museums, Europe & Croatia & Dalmatia & Split-Dalmatia County & Split & Things to Do in Split, 4.5, 43.50418, 16.41734, 374813730, 20160501, 20160501, 5.0, Reisepeter2014, /Profile/Reisepeter2014, 8781253b8161a3c76060c92a18d4413c, /Attraction_Review-g295370-d8618127-Reviews-Mestroviceve_Crikvine_Kastilac-Split_Split_Dalmatia_County_Dalmatia.html
Mestroviceve Crikvine Kastilac, 3, 2, Art Museums & Art Museums, Europe & Croatia & Dalmatia & Split-Dalmatia County & Split & Things to Do in Split, 4.5, 43.50418, 16.41734, 329090543, 20151101, 20151001, 5.0, Dojii, /Profile/Dojii, bfb8153a6c239aedf872c4d5d4f50f88, /Attraction_Review-g295370-d8618127-Reviews-Mestroviceve_Crikvine_Kastilac-Split_Split_Dalmatia_County_Dalmatia.html
