review_location_name, review_current_page, review_last_page, review_location_type, review_location_breadcrumbs, review_location_rate, location_lat, location_lng, review_id, review_date, review_experience_date, review_rate, user_name, user_link, user_id, parent_url
Square of Petar Preradovic, 1, 11, Points of Interest & Landmarks & Points of Interest & Landmarks, Europe & Croatia & Central Croatia & Zagreb & Things to Do in Zagreb, 4.0, 45.81225, 15.97345, 735812248, 20191201, 20191201, 3.0, zdaati, /Profile/zdaati, 4ea87edc625ab5a84cc4d1ca44aa6964, /Attraction_Review-g294454-d7023736-Reviews-Square_of_Petar_Preradovic-Zagreb_Central_Croatia.html
Square of Petar Preradovic, 1, 11, Points of Interest & Landmarks & Points of Interest & Landmarks, Europe & Croatia & Central Croatia & Zagreb & Things to Do in Zagreb, 4.0, 45.81225, 15.97345, 672952717, 20190501, 20190401, 4.0, Lance Kerwin, /Profile/Lance_Kerwin, 4bbd513374201d4e678440f3f239a521, /Attraction_Review-g294454-d7023736-Reviews-Square_of_Petar_Preradovic-Zagreb_Central_Croatia.html
Square of Petar Preradovic, 1, 11, Points of Interest & Landmarks & Points of Interest & Landmarks, Europe & Croatia & Central Croatia & Zagreb & Things to Do in Zagreb, 4.0, 45.81225, 15.97345, 655730156, 20190301, 20190201, 4.0, SEs, /Profile/7SE3, e58c0a30a8c1fedc7ef9b847e5cc0304, /Attraction_Review-g294454-d7023736-Reviews-Square_of_Petar_Preradovic-Zagreb_Central_Croatia.html
Square of Petar Preradovic, 1, 11, Points of Interest & Landmarks & Points of Interest & Landmarks, Europe & Croatia & Central Croatia & Zagreb & Things to Do in Zagreb, 4.0, 45.81225, 15.97345, 649214110, 20190101, 20181201, 5.0, JorgeFilipeRibeiro, /Profile/JorgeFilipeRibeiro, e2f98b51181712a7e784a0b3cbcfee87, /Attraction_Review-g294454-d7023736-Reviews-Square_of_Petar_Preradovic-Zagreb_Central_Croatia.html
Square of Petar Preradovic, 1, 11, Points of Interest & Landmarks & Points of Interest & Landmarks, Europe & Croatia & Central Croatia & Zagreb & Things to Do in Zagreb, 4.0, 45.81225, 15.97345, 624946849, 20181001, 20180801, 4.0, kc j, /Profile/KCJena900, bb8f3f0e552c0ce5d2ed329cad9a3064, /Attraction_Review-g294454-d7023736-Reviews-Square_of_Petar_Preradovic-Zagreb_Central_Croatia.html
