review_location_name, review_current_page, review_last_page, review_location_type, review_location_breadcrumbs, review_location_rate, location_lat, location_lng, review_id, review_date, review_experience_date, review_rate, user_name, user_link, user_id, parent_url
St. Simon's Church, 2, 6, Sacred & Religious Sites & Sacred & Religious Sites, Europe & Croatia & Dalmatia & Zadar County & Zadar & Things to Do in Zadar, 3.5, 44.113384, 15.22882, 692907490, 20190701, 20190601, 2.0, albertv1527, /Profile/albertv1527, 513cab3e5bddd74f79ffc802bb174eae, /Attraction_Review-g295374-d554039-Reviews-St_Simon_s_Church-Zadar_Zadar_County_Dalmatia.html
St. Simon's Church, 2, 6, Sacred & Religious Sites & Sacred & Religious Sites, Europe & Croatia & Dalmatia & Zadar County & Zadar & Things to Do in Zadar, 3.5, 44.113384, 15.22882, 672385819, 20190501, 20190501, 1.0, EricKClark, /Profile/EricKClark, b82b1cc558059868eeecf30fc6c45ffa, /Attraction_Review-g295374-d554039-Reviews-St_Simon_s_Church-Zadar_Zadar_County_Dalmatia.html
St. Simon's Church, 2, 6, Sacred & Religious Sites & Sacred & Religious Sites, Europe & Croatia & Dalmatia & Zadar County & Zadar & Things to Do in Zadar, 3.5, 44.113384, 15.22882, 666722126, 20190401, 20180501, 4.0, Karin and Filip, /Profile/KarinAndFilip, c00bf343aa3df1d12c57e1b8cc28d5dd, /Attraction_Review-g295374-d554039-Reviews-St_Simon_s_Church-Zadar_Zadar_County_Dalmatia.html
St. Simon's Church, 2, 6, Sacred & Religious Sites & Sacred & Religious Sites, Europe & Croatia & Dalmatia & Zadar County & Zadar & Things to Do in Zadar, 3.5, 44.113384, 15.22882, 613483279, 20180901, 20180801, 5.0, gabriella l, /Profile/gabriellal_11, 54aac805b20d9dd06cba5ee47e290f56, /Attraction_Review-g295374-d554039-Reviews-St_Simon_s_Church-Zadar_Zadar_County_Dalmatia.html
St. Simon's Church, 2, 6, Sacred & Religious Sites & Sacred & Religious Sites, Europe & Croatia & Dalmatia & Zadar County & Zadar & Things to Do in Zadar, 3.5, 44.113384, 15.22882, 608394076, 20180801, 20180601, 4.0, Krpr, /Profile/Krpr, 303d573a159162d1eaf2ca4e17a16beb, /Attraction_Review-g295374-d554039-Reviews-St_Simon_s_Church-Zadar_Zadar_County_Dalmatia.html
