review_location_name, review_current_page, review_last_page, review_location_type, review_location_breadcrumbs, review_location_rate, location_lat, location_lng, review_id, review_date, review_experience_date, review_rate, user_name, user_link, user_id, parent_url
Makarska Harbour, 40, 46, Piers & Boardwalks & Scenic Walking Areas & Piers & Boardwalks & Scenic Walking Areas, Europe & Croatia & Dalmatia & Split-Dalmatia County & Makarska & Things to Do in Makarska, 4.5, 43.294697, 17.017048, 426919266, 20161001, 20160901, 5.0, Chris H, /Profile/389ChrisH, 715019ff3d27c63579c62f0c6e00ade9, /Attraction_Review-g303814-d10252304-Reviews-Makarska_Harbour-Makarska_Split_Dalmatia_County_Dalmatia.html
Makarska Harbour, 40, 46, Piers & Boardwalks & Scenic Walking Areas & Piers & Boardwalks & Scenic Walking Areas, Europe & Croatia & Dalmatia & Split-Dalmatia County & Makarska & Things to Do in Makarska, 4.5, 43.294697, 17.017048, 426432879, 20161001, 20161001, 5.0, Del Haggerty, /Profile/DEL261157, 4138038e1af5829dd2dcc9e087f20437, /Attraction_Review-g303814-d10252304-Reviews-Makarska_Harbour-Makarska_Split_Dalmatia_County_Dalmatia.html
Makarska Harbour, 40, 46, Piers & Boardwalks & Scenic Walking Areas & Piers & Boardwalks & Scenic Walking Areas, Europe & Croatia & Dalmatia & Split-Dalmatia County & Makarska & Things to Do in Makarska, 4.5, 43.294697, 17.017048, 426065645, 20161001, 20160901, 5.0, MaureenLancashire, /Profile/MaureenLancashire, c260cffa38903d75960c93b7d0b5d7a2, /Attraction_Review-g303814-d10252304-Reviews-Makarska_Harbour-Makarska_Split_Dalmatia_County_Dalmatia.html
Makarska Harbour, 40, 46, Piers & Boardwalks & Scenic Walking Areas & Piers & Boardwalks & Scenic Walking Areas, Europe & Croatia & Dalmatia & Split-Dalmatia County & Makarska & Things to Do in Makarska, 4.5, 43.294697, 17.017048, 424792693, 20161001, 20160901, 5.0, Susan B, /Profile/T7767WHsusanb, 7a66cae9ba37cbb91f95a011e5b6bd10, /Attraction_Review-g303814-d10252304-Reviews-Makarska_Harbour-Makarska_Split_Dalmatia_County_Dalmatia.html
Makarska Harbour, 40, 46, Piers & Boardwalks & Scenic Walking Areas & Piers & Boardwalks & Scenic Walking Areas, Europe & Croatia & Dalmatia & Split-Dalmatia County & Makarska & Things to Do in Makarska, 4.5, 43.294697, 17.017048, 423995102, 20160901, 20160901, 4.0, Martin C, /Profile/martincQ263OW, 0e7afcec1d310a63517970bcc708ffb6, /Attraction_Review-g303814-d10252304-Reviews-Makarska_Harbour-Makarska_Split_Dalmatia_County_Dalmatia.html
