review_location_name, review_current_page, review_last_page, review_location_type, review_location_breadcrumbs, review_location_rate, location_lat, location_lng, review_id, review_date, review_experience_date, review_rate, user_name, user_link, user_id, parent_url
Sokol Grad, 15, 21, Points of Interest & Landmarks & Points of Interest & Landmarks, Europe & Croatia & Dalmatia & Dubrovnik-Neretva County & Dunave Krajnje & Things to Do in Dunave Krajnje, 4.5, 42.54106, 18.40053, 384892558, 20160601, 20160601, 4.0, MDC214, /Profile/MDC214, 1c002bc6be97729d6847f902f9dae3d6, /Attraction_Review-g4472750-d4459079-Reviews-Sokol_Grad-Dunave_Krajnje_Dubrovnik_Neretva_County_Dalmatia.html
Sokol Grad, 15, 21, Points of Interest & Landmarks & Points of Interest & Landmarks, Europe & Croatia & Dalmatia & Dubrovnik-Neretva County & Dunave Krajnje & Things to Do in Dunave Krajnje, 4.5, 42.54106, 18.40053, 383648702, 20160601, 20160601, 5.0, Traveling_Enigma_13, /Profile/Traveling_Enigma_13, e0c753eba713f394e315fdf256b552d1, /Attraction_Review-g4472750-d4459079-Reviews-Sokol_Grad-Dunave_Krajnje_Dubrovnik_Neretva_County_Dalmatia.html
Sokol Grad, 15, 21, Points of Interest & Landmarks & Points of Interest & Landmarks, Europe & Croatia & Dalmatia & Dubrovnik-Neretva County & Dunave Krajnje & Things to Do in Dunave Krajnje, 4.5, 42.54106, 18.40053, 381218312, 20160601, 20160601, 5.0, camilow, /Profile/camilow, b355cd265e5cd2465c6d09c7ab5edb12, /Attraction_Review-g4472750-d4459079-Reviews-Sokol_Grad-Dunave_Krajnje_Dubrovnik_Neretva_County_Dalmatia.html
Sokol Grad, 15, 21, Points of Interest & Landmarks & Points of Interest & Landmarks, Europe & Croatia & Dalmatia & Dubrovnik-Neretva County & Dunave Krajnje & Things to Do in Dunave Krajnje, 4.5, 42.54106, 18.40053, 381081398, 20160601, 20160601, 5.0, MorgsLeeds, /Profile/MorgsLeeds, 5171a23f93d23292347f0a4d5c068727, /Attraction_Review-g4472750-d4459079-Reviews-Sokol_Grad-Dunave_Krajnje_Dubrovnik_Neretva_County_Dalmatia.html
Sokol Grad, 15, 21, Points of Interest & Landmarks & Points of Interest & Landmarks, Europe & Croatia & Dalmatia & Dubrovnik-Neretva County & Dunave Krajnje & Things to Do in Dunave Krajnje, 4.5, 42.54106, 18.40053, 358412769, 20160301, 20160301, 5.0, AbsolutelyDubrovnik, /Profile/AbsolutelyDubrovnik, 8c14ca6d9fe1a0f12ef61ff193c8a9b7, /Attraction_Review-g4472750-d4459079-Reviews-Sokol_Grad-Dunave_Krajnje_Dubrovnik_Neretva_County_Dalmatia.html
