review_location_name, review_current_page, review_last_page, review_location_type, review_location_breadcrumbs, review_location_rate, location_lat, location_lng, review_id, review_date, review_experience_date, review_rate, user_name, user_link, user_id, parent_url
Gate of Hercules, 14, 15, Architectural Buildings & Architectural Buildings, Europe & Croatia & Istria & Pula & Things to Do in Pula, 3.5, 44.87087, 13.84783, 227139671, 20140901, 20140701, 5.0, Sharks1982, /Profile/Sharks1982, c1f11877293e57bc247a312447560a65, /Attraction_Review-g295373-d553264-Reviews-Gate_of_Hercules-Pula_Istria.html
Gate of Hercules, 14, 15, Architectural Buildings & Architectural Buildings, Europe & Croatia & Istria & Pula & Things to Do in Pula, 3.5, 44.87087, 13.84783, 219861060, 20140801, 20130901, 5.0, Firetulip, /Profile/Firetulip, 1951782282b86fa56b981d194f52175f, /Attraction_Review-g295373-d553264-Reviews-Gate_of_Hercules-Pula_Istria.html
Gate of Hercules, 14, 15, Architectural Buildings & Architectural Buildings, Europe & Croatia & Istria & Pula & Things to Do in Pula, 3.5, 44.87087, 13.84783, 216374186, 20140701, 20140701, 5.0, Sile H, /Profile/SileH_13, 200d64b3747749598615655cfb6c0edf, /Attraction_Review-g295373-d553264-Reviews-Gate_of_Hercules-Pula_Istria.html
Gate of Hercules, 14, 15, Architectural Buildings & Architectural Buildings, Europe & Croatia & Istria & Pula & Things to Do in Pula, 3.5, 44.87087, 13.84783, 210694125, 20140601, 20140601, 3.0, ADRIANA M, /Profile/ADRIANAM959, c7bd60448def5d217db3bbb2fd9c6527, /Attraction_Review-g295373-d553264-Reviews-Gate_of_Hercules-Pula_Istria.html
Gate of Hercules, 14, 15, Architectural Buildings & Architectural Buildings, Europe & Croatia & Istria & Pula & Things to Do in Pula, 3.5, 44.87087, 13.84783, 181358532, 20131001, 20130901, 4.0, Allan M, /Profile/AllanMacD369, 9d7bf8cac565c6d962de574b617a8854, /Attraction_Review-g295373-d553264-Reviews-Gate_of_Hercules-Pula_Istria.html
