review_location_name, review_current_page, review_last_page, review_location_type, review_location_breadcrumbs, review_location_rate, location_lat, location_lng, review_id, review_date, review_experience_date, review_rate, user_name, user_link, user_id, parent_url
Stiniva Cove, 42, 54, Beaches & Beaches, Europe & Croatia & Dalmatia & Split-Dalmatia County & Island of Vis & Vis & Things to Do in Vis, 4.0, 43.02317, 16.1703, 295542106, 20150801, 20150801, 5.0, Bigblau, /Profile/Bigblau, 7395fadf03ac5f9e8ede79b9db78c2b9, /Attraction_Review-g424973-d2324162-Reviews-Stiniva_Cove-Vis_Island_of_Vis_Split_Dalmatia_County_Dalmatia.html
Stiniva Cove, 42, 54, Beaches & Beaches, Europe & Croatia & Dalmatia & Split-Dalmatia County & Island of Vis & Vis & Things to Do in Vis, 4.0, 43.02317, 16.1703, 295390020, 20150801, 20150701, 4.0, David C, /Profile/davidcI43OM, 9dd99a002cafe9cbc8f5cc75afaeeb4a, /Attraction_Review-g424973-d2324162-Reviews-Stiniva_Cove-Vis_Island_of_Vis_Split_Dalmatia_County_Dalmatia.html
Stiniva Cove, 42, 54, Beaches & Beaches, Europe & Croatia & Dalmatia & Split-Dalmatia County & Island of Vis & Vis & Things to Do in Vis, 4.0, 43.02317, 16.1703, 294571263, 20150701, 20150601, 5.0, kir_kag, /Profile/kir_kag, d97f0dd2a821e788b624b8a00e271a4e, /Attraction_Review-g424973-d2324162-Reviews-Stiniva_Cove-Vis_Island_of_Vis_Split_Dalmatia_County_Dalmatia.html
Stiniva Cove, 42, 54, Beaches & Beaches, Europe & Croatia & Dalmatia & Split-Dalmatia County & Island of Vis & Vis & Things to Do in Vis, 4.0, 43.02317, 16.1703, 293796538, 20150701, 20150701, 3.0, Anne B, /Profile/annebS402RR, 8c3925e7e9866aeafe154aace34e4c0f, /Attraction_Review-g424973-d2324162-Reviews-Stiniva_Cove-Vis_Island_of_Vis_Split_Dalmatia_County_Dalmatia.html
Stiniva Cove, 42, 54, Beaches & Beaches, Europe & Croatia & Dalmatia & Split-Dalmatia County & Island of Vis & Vis & Things to Do in Vis, 4.0, 43.02317, 16.1703, 293123418, 20150701, 20150701, 5.0, Magdalena3105, /Profile/Magdalena3105, 8284904249e5a68895dc0e32a9c9526f, /Attraction_Review-g424973-d2324162-Reviews-Stiniva_Cove-Vis_Island_of_Vis_Split_Dalmatia_County_Dalmatia.html
