review_location_name, review_current_page, review_last_page, review_location_type, review_location_breadcrumbs, review_location_rate, location_lat, location_lng, review_id, review_date, review_experience_date, review_rate, user_name, user_link, user_id, parent_url
National Park Krka Waterfalls, 60, 82, Waterfalls & Waterfalls, Europe & Croatia & Dalmatia & Sibenik-Knin County & Skradin & Things to Do in Skradin, 4.0, 43.8057, 15.963513, 493660013, 20170601, 20170201, 5.0, nevenjerkovic, /Profile/nevenjerkovic, 39f378326bca220ab3d62c3fd68cbdf7, /Attraction_Review-g666519-d10196033-Reviews-National_Park_Krka_Waterfalls-Skradin_Sibenik_Knin_County_Dalmatia.html
National Park Krka Waterfalls, 60, 82, Waterfalls & Waterfalls, Europe & Croatia & Dalmatia & Sibenik-Knin County & Skradin & Things to Do in Skradin, 4.0, 43.8057, 15.963513, 493232533, 20170601, 20170501, 5.0, Trevor M, /Profile/TrevorM270, ebff016cbfcecf77c5f7c7cd6f570eca, /Attraction_Review-g666519-d10196033-Reviews-National_Park_Krka_Waterfalls-Skradin_Sibenik_Knin_County_Dalmatia.html
National Park Krka Waterfalls, 60, 82, Waterfalls & Waterfalls, Europe & Croatia & Dalmatia & Sibenik-Knin County & Skradin & Things to Do in Skradin, 4.0, 43.8057, 15.963513, 492186155, 20170601, 20170601, 3.0, kat1412, /Profile/kat1412, 0550acc34d3450ef9fa0058e0fed1377, /Attraction_Review-g666519-d10196033-Reviews-National_Park_Krka_Waterfalls-Skradin_Sibenik_Knin_County_Dalmatia.html
National Park Krka Waterfalls, 60, 82, Waterfalls & Waterfalls, Europe & Croatia & Dalmatia & Sibenik-Knin County & Skradin & Things to Do in Skradin, 4.0, 43.8057, 15.963513, 491881252, 20170601, 20170601, 4.0, jemoss404, /Profile/jemoss404, d0cd2cef19b745541600ce43899f00ff, /Attraction_Review-g666519-d10196033-Reviews-National_Park_Krka_Waterfalls-Skradin_Sibenik_Knin_County_Dalmatia.html
National Park Krka Waterfalls, 60, 82, Waterfalls & Waterfalls, Europe & Croatia & Dalmatia & Sibenik-Knin County & Skradin & Things to Do in Skradin, 4.0, 43.8057, 15.963513, 491560844, 20170601, 20170401, 5.0, worldview2014, /Profile/worldview2014, f0234034e08f5e4e64b63c0c0760614d, /Attraction_Review-g666519-d10196033-Reviews-National_Park_Krka_Waterfalls-Skradin_Sibenik_Knin_County_Dalmatia.html
