review_location_name, review_current_page, review_last_page, review_location_type, review_location_breadcrumbs, review_location_rate, location_lat, location_lng, review_id, review_date, review_experience_date, review_rate, user_name, user_link, user_id, parent_url
Dubrovnik Cable Car, 677, 1869, Tramways & Tramways, Europe & Croatia & Dalmatia & Dubrovnik-Neretva County & Dubrovnik & Things to Do in Dubrovnik, 4.5, 42.649178, 18.111687, 489382700, 20170501, 20170501, 4.0, ICR46, /Profile/ICR46, cec62cb05b1deea8d5cf26945dd36455, /Attraction_Review-g295371-d1886448-Reviews-Dubrovnik_Cable_Car-Dubrovnik_Dubrovnik_Neretva_County_Dalmatia.html
Dubrovnik Cable Car, 677, 1869, Tramways & Tramways, Europe & Croatia & Dalmatia & Dubrovnik-Neretva County & Dubrovnik & Things to Do in Dubrovnik, 4.5, 42.649178, 18.111687, 489356629, 20170501, 20160601, 5.0, sshapleigh, /Profile/sshapleigh, f917cc34e7e53713200e5c05223d47a9, /Attraction_Review-g295371-d1886448-Reviews-Dubrovnik_Cable_Car-Dubrovnik_Dubrovnik_Neretva_County_Dalmatia.html
Dubrovnik Cable Car, 677, 1869, Tramways & Tramways, Europe & Croatia & Dalmatia & Dubrovnik-Neretva County & Dubrovnik & Things to Do in Dubrovnik, 4.5, 42.649178, 18.111687, 489323400, 20170501, 20170501, 5.0, epic1976, /Profile/epic1976, fb6e6eec3e6e669574e7fa4501c8388b, /Attraction_Review-g295371-d1886448-Reviews-Dubrovnik_Cable_Car-Dubrovnik_Dubrovnik_Neretva_County_Dalmatia.html
Dubrovnik Cable Car, 677, 1869, Tramways & Tramways, Europe & Croatia & Dalmatia & Dubrovnik-Neretva County & Dubrovnik & Things to Do in Dubrovnik, 4.5, 42.649178, 18.111687, 489300198, 20170501, 20170501, 4.0, Lukes1066, /Profile/Lukes1066, 89252c2bc06ec24bca2b95589a1a3572, /Attraction_Review-g295371-d1886448-Reviews-Dubrovnik_Cable_Car-Dubrovnik_Dubrovnik_Neretva_County_Dalmatia.html
Dubrovnik Cable Car, 677, 1869, Tramways & Tramways, Europe & Croatia & Dalmatia & Dubrovnik-Neretva County & Dubrovnik & Things to Do in Dubrovnik, 4.5, 42.649178, 18.111687, 489254685, 20170501, 20170501, 4.0, Vanessa B, /Profile/VanessaB741, 29343b904760294948df80a5a7d067cc, /Attraction_Review-g295371-d1886448-Reviews-Dubrovnik_Cable_Car-Dubrovnik_Dubrovnik_Neretva_County_Dalmatia.html
