review_location_name, review_current_page, review_last_page, review_location_type, review_location_breadcrumbs, review_location_rate, location_lat, location_lng, review_id, review_date, review_experience_date, review_rate, user_name, user_link, user_id, parent_url
Museum of Broken Relationships, 386, 650, Specialty Museums & Specialty Museums, Europe & Croatia & Central Croatia & Zagreb & Things to Do in Zagreb, 4.0, 45.814926, 15.973435, 373596229, 20160501, 20160501, 4.0, Ian P, /Profile/ianp909, 5c6bd503ea5bbead4ca35a1fafbb5cda, /Attraction_Review-g294454-d1929841-Reviews-Museum_of_Broken_Relationships-Zagreb_Central_Croatia.html
Museum of Broken Relationships, 386, 650, Specialty Museums & Specialty Museums, Europe & Croatia & Central Croatia & Zagreb & Things to Do in Zagreb, 4.0, 45.814926, 15.973435, 372772574, 20160501, 20160501, 5.0, Michael S, /Profile/K3534TOmichaels, ca780118d3e92227712f86a26d6d2262, /Attraction_Review-g294454-d1929841-Reviews-Museum_of_Broken_Relationships-Zagreb_Central_Croatia.html
Museum of Broken Relationships, 386, 650, Specialty Museums & Specialty Museums, Europe & Croatia & Central Croatia & Zagreb & Things to Do in Zagreb, 4.0, 45.814926, 15.973435, 372741739, 20160501, 20160501, 5.0, Edwina E, /Profile/cutechik84, 0dd69bb409a954535dc9b0615f5fc97c, /Attraction_Review-g294454-d1929841-Reviews-Museum_of_Broken_Relationships-Zagreb_Central_Croatia.html
Museum of Broken Relationships, 386, 650, Specialty Museums & Specialty Museums, Europe & Croatia & Central Croatia & Zagreb & Things to Do in Zagreb, 4.0, 45.814926, 15.973435, 372646127, 20160501, 20160401, 5.0, Linda O, /Profile/lindao764, 39d5948bc0adb2327139008b10855527, /Attraction_Review-g294454-d1929841-Reviews-Museum_of_Broken_Relationships-Zagreb_Central_Croatia.html
Museum of Broken Relationships, 386, 650, Specialty Museums & Specialty Museums, Europe & Croatia & Central Croatia & Zagreb & Things to Do in Zagreb, 4.0, 45.814926, 15.973435, 372433414, 20160501, 20160501, 5.0, Presontheprowl, /Profile/Presontheprowl, a950d4f0484774ea7b72e09727ac7475, /Attraction_Review-g294454-d1929841-Reviews-Museum_of_Broken_Relationships-Zagreb_Central_Croatia.html
