review_location_name, review_current_page, review_last_page, review_location_type, review_location_breadcrumbs, review_location_rate, location_lat, location_lng, review_id, review_date, review_experience_date, review_rate, user_name, user_link, user_id, parent_url
Tkalčićeva, 64, 210, Points of Interest & Landmarks & Points of Interest & Landmarks, Europe & Croatia & Central Croatia & Zagreb & Things to Do in Zagreb, 4.5, 45.814533, 15.97622, 513007937, 20170801, 20170801, 5.0, Barbara s, /Profile/barbarasT8363AY, ab362786074e4cf5eb4713be10c56cde, /Attraction_Review-g294454-d549763-Reviews-Tkalciceva-Zagreb_Central_Croatia.html
Tkalčićeva, 64, 210, Points of Interest & Landmarks & Points of Interest & Landmarks, Europe & Croatia & Central Croatia & Zagreb & Things to Do in Zagreb, 4.5, 45.814533, 15.97622, 512044030, 20170801, 20170701, 5.0, Ivica Edge 34, /Profile/813ivicag, c8b1350fbac3623268a38895010e390d, /Attraction_Review-g294454-d549763-Reviews-Tkalciceva-Zagreb_Central_Croatia.html
Tkalčićeva, 64, 210, Points of Interest & Landmarks & Points of Interest & Landmarks, Europe & Croatia & Central Croatia & Zagreb & Things to Do in Zagreb, 4.5, 45.814533, 15.97622, 510635258, 20170801, 20170801, 5.0, Boris B, /Profile/BorisB1729, c2a04ad094e6b5e72bc810599f086329, /Attraction_Review-g294454-d549763-Reviews-Tkalciceva-Zagreb_Central_Croatia.html
Tkalčićeva, 64, 210, Points of Interest & Landmarks & Points of Interest & Landmarks, Europe & Croatia & Central Croatia & Zagreb & Things to Do in Zagreb, 4.5, 45.814533, 15.97622, 510567678, 20170801, 20170801, 5.0, Steve D, /Profile/SteveD426, 9d5d35d94519d375f652972178503a40, /Attraction_Review-g294454-d549763-Reviews-Tkalciceva-Zagreb_Central_Croatia.html
Tkalčićeva, 64, 210, Points of Interest & Landmarks & Points of Interest & Landmarks, Europe & Croatia & Central Croatia & Zagreb & Things to Do in Zagreb, 4.5, 45.814533, 15.97622, 510541182, 20170801, 20170801, 5.0, estephan500, /Profile/estephan500, c3e3b2377d102143fae934b431364cdf, /Attraction_Review-g294454-d549763-Reviews-Tkalciceva-Zagreb_Central_Croatia.html
