review_location_name, review_current_page, review_last_page, review_location_type, review_location_breadcrumbs, review_location_rate, location_lat, location_lng, review_id, review_date, review_experience_date, review_rate, user_name, user_link, user_id, parent_url
Mljet National Park, 64, 187, National Parks & Islands & National Parks & Islands, Europe & Croatia & Dalmatia & Dubrovnik-Neretva County & Mljet Island & Things to Do in Mljet Island, 4.5, 42.77924, 17.38444, 438086029, 20161101, 20160801, 5.0, Brian P, /Profile/brianp744, a59b9189bde32b28009db110f87f58be, /Attraction_Review-g1501915-d548269-Reviews-Mljet_National_Park-Mljet_Island_Dubrovnik_Neretva_County_Dalmatia.html
Mljet National Park, 64, 187, National Parks & Islands & National Parks & Islands, Europe & Croatia & Dalmatia & Dubrovnik-Neretva County & Mljet Island & Things to Do in Mljet Island, 4.5, 42.77924, 17.38444, 436732804, 20161101, 20161001, 5.0, Viola2910, /Profile/Viola2910, f8d0d3b0e62ffaa0a22341813fbcb9c7, /Attraction_Review-g1501915-d548269-Reviews-Mljet_National_Park-Mljet_Island_Dubrovnik_Neretva_County_Dalmatia.html
Mljet National Park, 64, 187, National Parks & Islands & National Parks & Islands, Europe & Croatia & Dalmatia & Dubrovnik-Neretva County & Mljet Island & Things to Do in Mljet Island, 4.5, 42.77924, 17.38444, 434244077, 20161101, 20160901, 5.0, Chris C, /Profile/Chilesfarm, 376f5cd1c90118a235d54e3ab0c0377d, /Attraction_Review-g1501915-d548269-Reviews-Mljet_National_Park-Mljet_Island_Dubrovnik_Neretva_County_Dalmatia.html
Mljet National Park, 64, 187, National Parks & Islands & National Parks & Islands, Europe & Croatia & Dalmatia & Dubrovnik-Neretva County & Mljet Island & Things to Do in Mljet Island, 4.5, 42.77924, 17.38444, 431428977, 20161001, 20160901, 5.0, Erica F, /Profile/690ericaf, 03f8b345a72fb7df6c698f88dfae16d3, /Attraction_Review-g1501915-d548269-Reviews-Mljet_National_Park-Mljet_Island_Dubrovnik_Neretva_County_Dalmatia.html
Mljet National Park, 64, 187, National Parks & Islands & National Parks & Islands, Europe & Croatia & Dalmatia & Dubrovnik-Neretva County & Mljet Island & Things to Do in Mljet Island, 4.5, 42.77924, 17.38444, 430919342, 20161001, 20161001, 5.0, Linda B, /Profile/787LindaB, 3ba6ab7a7100a3a275ac7d2760a533b5, /Attraction_Review-g1501915-d548269-Reviews-Mljet_National_Park-Mljet_Island_Dubrovnik_Neretva_County_Dalmatia.html
