review_location_name, review_current_page, review_last_page, review_location_type, review_location_breadcrumbs, review_location_rate, location_lat, location_lng, review_id, review_date, review_experience_date, review_rate, user_name, user_link, user_id, parent_url
Old Town, 731, 2476, Neighborhoods & Neighborhoods, Europe & Croatia & Dalmatia & Dubrovnik-Neretva County & Dubrovnik & Things to Do in Dubrovnik, 4.5, 42.64129, 18.109331, 537422634, 20171001, 20171001, 5.0, ScottishTemplar, /Profile/ScottishTemplar, 6a35b46af9e28b7f3db30a3af8f3b64c, /Attraction_Review-g295371-d550317-Reviews-Old_Town-Dubrovnik_Dubrovnik_Neretva_County_Dalmatia.html
Old Town, 731, 2476, Neighborhoods & Neighborhoods, Europe & Croatia & Dalmatia & Dubrovnik-Neretva County & Dubrovnik & Things to Do in Dubrovnik, 4.5, 42.64129, 18.109331, 537412341, 20171001, 20171001, 4.0, Tony G, /Profile/Z4046JZtonyg, d9b1ac9bb882a5f873c4b63e88631c82, /Attraction_Review-g295371-d550317-Reviews-Old_Town-Dubrovnik_Dubrovnik_Neretva_County_Dalmatia.html
Old Town, 731, 2476, Neighborhoods & Neighborhoods, Europe & Croatia & Dalmatia & Dubrovnik-Neretva County & Dubrovnik & Things to Do in Dubrovnik, 4.5, 42.64129, 18.109331, 537314193, 20171001, 20171001, 4.0, stevetorry, /Profile/stevetorry, 91b47048abcd3c9a1250b4d0864672d1, /Attraction_Review-g295371-d550317-Reviews-Old_Town-Dubrovnik_Dubrovnik_Neretva_County_Dalmatia.html
Old Town, 731, 2476, Neighborhoods & Neighborhoods, Europe & Croatia & Dalmatia & Dubrovnik-Neretva County & Dubrovnik & Things to Do in Dubrovnik, 4.5, 42.64129, 18.109331, 537298330, 20171001, 20170901, 5.0, dr_iggy, /Profile/dr_iggy, d29fdf49b42efd19e9a38d15a26e52b4, /Attraction_Review-g295371-d550317-Reviews-Old_Town-Dubrovnik_Dubrovnik_Neretva_County_Dalmatia.html
Old Town, 731, 2476, Neighborhoods & Neighborhoods, Europe & Croatia & Dalmatia & Dubrovnik-Neretva County & Dubrovnik & Things to Do in Dubrovnik, 4.5, 42.64129, 18.109331, 537284816, 20171001, 20171001, 5.0, toni b, /Profile/tonib897, cefa49c6655e49f1a53446f9e8ec047b, /Attraction_Review-g295371-d550317-Reviews-Old_Town-Dubrovnik_Dubrovnik_Neretva_County_Dalmatia.html
