review_location_name, review_current_page, review_last_page, review_location_type, review_location_breadcrumbs, review_location_rate, location_lat, location_lng, review_id, review_date, review_experience_date, review_rate, user_name, user_link, user_id, parent_url
Lotrščak Tower, 5, 55, Observation Decks & Towers & Observation Decks & Towers, Europe & Croatia & Central Croatia & Zagreb & Things to Do in Zagreb, 4.5, 45.81454, 15.97215, 691353104, 20190701, 20190701, 5.0, GourrmetGourmand, /Profile/GourrmetGourmand, 7faaad60c5d50d53acb6056382738fc3, /Attraction_Review-g294454-d316408-Reviews-Lotrscak_Tower-Zagreb_Central_Croatia.html
Lotrščak Tower, 5, 55, Observation Decks & Towers & Observation Decks & Towers, Europe & Croatia & Central Croatia & Zagreb & Things to Do in Zagreb, 4.5, 45.81454, 15.97215, 691054491, 20190701, 20190701, 4.0, Karthik R, /Profile/karthikr906, 8ad8cd1e12b2243458e9d7e95b5edcf7, /Attraction_Review-g294454-d316408-Reviews-Lotrscak_Tower-Zagreb_Central_Croatia.html
Lotrščak Tower, 5, 55, Observation Decks & Towers & Observation Decks & Towers, Europe & Croatia & Central Croatia & Zagreb & Things to Do in Zagreb, 4.5, 45.81454, 15.97215, 690569131, 20190701, 20190601, 4.0, Mary P, /Profile/mnnoop, 98d232064a3432b0d0031c0137dd27ee, /Attraction_Review-g294454-d316408-Reviews-Lotrscak_Tower-Zagreb_Central_Croatia.html
Lotrščak Tower, 5, 55, Observation Decks & Towers & Observation Decks & Towers, Europe & Croatia & Central Croatia & Zagreb & Things to Do in Zagreb, 4.5, 45.81454, 15.97215, 687453696, 20190701, 20190701, 5.0, bjbsurrey, /Profile/bjbsurrey, 83e51f58b2f27f011549302c77f7a4cd, /Attraction_Review-g294454-d316408-Reviews-Lotrscak_Tower-Zagreb_Central_Croatia.html
Lotrščak Tower, 5, 55, Observation Decks & Towers & Observation Decks & Towers, Europe & Croatia & Central Croatia & Zagreb & Things to Do in Zagreb, 4.5, 45.81454, 15.97215, 687069452, 20190701, 20190701, 4.0, Manik Bucha, /Profile/maniksg06, 09fa69a79cf9c83b98d69b769fcbdc54, /Attraction_Review-g294454-d316408-Reviews-Lotrscak_Tower-Zagreb_Central_Croatia.html
