review_location_name, review_current_page, review_last_page, review_location_type, review_location_breadcrumbs, review_location_rate, location_lat, location_lng, review_id, review_date, review_experience_date, review_rate, user_name, user_link, user_id, parent_url
Ethnographic Museum Split, 27, 29, History Museums & History Museums, Europe & Croatia & Dalmatia & Split-Dalmatia County & Split & Things to Do in Split, 4.0, 43.5075, 16.440178, 184468776, 20131101, 20130901, 4.0, Frizznut, /Profile/Frizznut, 1bfbdbd366c80499b38631e7fda8adbc, /Attraction_Review-g295370-d2718916-Reviews-Ethnographic_Museum_Split-Split_Split_Dalmatia_County_Dalmatia.html
Ethnographic Museum Split, 27, 29, History Museums & History Museums, Europe & Croatia & Dalmatia & Split-Dalmatia County & Split & Things to Do in Split, 4.0, 43.5075, 16.440178, 173204853, 20130801, 20130801, 5.0, agent_nora, /Profile/agent_nora, bfa075642eab9834104e0027d404f365, /Attraction_Review-g295370-d2718916-Reviews-Ethnographic_Museum_Split-Split_Split_Dalmatia_County_Dalmatia.html
Ethnographic Museum Split, 27, 29, History Museums & History Museums, Europe & Croatia & Dalmatia & Split-Dalmatia County & Split & Things to Do in Split, 4.0, 43.5075, 16.440178, 172573556, 20130801, 20130801, 3.0, Megan C, /Profile/MeganC841, cef26fc907f64b212be16e6c8778c987, /Attraction_Review-g295370-d2718916-Reviews-Ethnographic_Museum_Split-Split_Split_Dalmatia_County_Dalmatia.html
Ethnographic Museum Split, 27, 29, History Museums & History Museums, Europe & Croatia & Dalmatia & Split-Dalmatia County & Split & Things to Do in Split, 4.0, 43.5075, 16.440178, 165765258, 20130601, 20130601, 4.0, Vanessa B, /Profile/dness65, 60e684742569a7c5f711b32f2c9b0a3a, /Attraction_Review-g295370-d2718916-Reviews-Ethnographic_Museum_Split-Split_Split_Dalmatia_County_Dalmatia.html
Ethnographic Museum Split, 27, 29, History Museums & History Museums, Europe & Croatia & Dalmatia & Split-Dalmatia County & Split & Things to Do in Split, 4.0, 43.5075, 16.440178, 162149557, 20130501, 20130501, 1.0, Larry R, /Profile/larryrU4480BY, 6640cffb9c71b3b00620f06465306eae, /Attraction_Review-g295370-d2718916-Reviews-Ethnographic_Museum_Split-Split_Split_Dalmatia_County_Dalmatia.html
