review_location_name, review_current_page, review_last_page, review_location_type, review_location_breadcrumbs, review_location_rate, location_lat, location_lng, review_id, review_date, review_experience_date, review_rate, user_name, user_link, user_id, parent_url
Old Town, 184, 377, Neighborhoods & Historic Walking Areas & Neighborhoods & Historic Walking Areas, Europe & Croatia & Istria & Rovinj & Things to Do in Rovinj, 4.5, 45.08354, 13.633422, 398458319, 20160701, 20160201, 5.0, minka7, /Profile/minka7, 41ba924e321ca90a79f0bc9e31c3f927, /Attraction_Review-g303833-d553696-Reviews-Old_Town-Rovinj_Istria.html
Old Town, 184, 377, Neighborhoods & Historic Walking Areas & Neighborhoods & Historic Walking Areas, Europe & Croatia & Istria & Rovinj & Things to Do in Rovinj, 4.5, 45.08354, 13.633422, 398305664, 20160701, 20160701, 5.0, akbeb, /Profile/akbeb, 6337a2b53228ba92334c51f4c8f8784e, /Attraction_Review-g303833-d553696-Reviews-Old_Town-Rovinj_Istria.html
Old Town, 184, 377, Neighborhoods & Historic Walking Areas & Neighborhoods & Historic Walking Areas, Europe & Croatia & Istria & Rovinj & Things to Do in Rovinj, 4.5, 45.08354, 13.633422, 398249728, 20160701, 20160701, 5.0, Flavius B, /Profile/flaviusb2013, 9702298f603c672f9dc080cedc98c375, /Attraction_Review-g303833-d553696-Reviews-Old_Town-Rovinj_Istria.html
Old Town, 184, 377, Neighborhoods & Historic Walking Areas & Neighborhoods & Historic Walking Areas, Europe & Croatia & Istria & Rovinj & Things to Do in Rovinj, 4.5, 45.08354, 13.633422, 398243960, 20160701, 20160701, 4.0, nick i, /Profile/nicki109, 212388147c0d7f7b0150acc38b2dc35e, /Attraction_Review-g303833-d553696-Reviews-Old_Town-Rovinj_Istria.html
Old Town, 184, 377, Neighborhoods & Historic Walking Areas & Neighborhoods & Historic Walking Areas, Europe & Croatia & Istria & Rovinj & Things to Do in Rovinj, 4.5, 45.08354, 13.633422, 398113194, 20160701, 20160701, 5.0, miss_meow_cat_green, /Profile/miss_meow_cat_green, 2c93d2d8a8b4377edcb8e9614facb30f, /Attraction_Review-g303833-d553696-Reviews-Old_Town-Rovinj_Istria.html
