review_location_name, review_current_page, review_last_page, review_location_type, review_location_breadcrumbs, review_location_rate, location_lat, location_lng, review_id, review_date, review_experience_date, review_rate, user_name, user_link, user_id, parent_url
Vidova Gora, 4, 73, Mountains & Mountains, Europe & Croatia & Dalmatia & Split-Dalmatia County & Brac Island & Bol & Things to Do in Bol, 4.5, 43.279247, 16.62016, 716699855, 20191001, 20190901, 4.0, Steve W, /Profile/X6295PZstevew, 1a617bdd17453d51b7567a3349d33e0a, /Attraction_Review-g303802-d3592538-Reviews-Vidova_Gora-Bol_Brac_Island_Split_Dalmatia_County_Dalmatia.html
Vidova Gora, 4, 73, Mountains & Mountains, Europe & Croatia & Dalmatia & Split-Dalmatia County & Brac Island & Bol & Things to Do in Bol, 4.5, 43.279247, 16.62016, 716357995, 20191001, 20191001, 5.0, scgrantham, /Profile/scgrantham, 99afd05dbb35ad3b1c7b38f50db7a2fb, /Attraction_Review-g303802-d3592538-Reviews-Vidova_Gora-Bol_Brac_Island_Split_Dalmatia_County_Dalmatia.html
Vidova Gora, 4, 73, Mountains & Mountains, Europe & Croatia & Dalmatia & Split-Dalmatia County & Brac Island & Bol & Things to Do in Bol, 4.5, 43.279247, 16.62016, 716116840, 20191001, 20191001, 5.0, Gillian C, /Profile/GillianC91, 2cd1b88d7d738426478a337cee4cbc80, /Attraction_Review-g303802-d3592538-Reviews-Vidova_Gora-Bol_Brac_Island_Split_Dalmatia_County_Dalmatia.html
Vidova Gora, 4, 73, Mountains & Mountains, Europe & Croatia & Dalmatia & Split-Dalmatia County & Brac Island & Bol & Things to Do in Bol, 4.5, 43.279247, 16.62016, 713414930, 20190901, 20190901, 5.0, Somark, /Profile/somarkm, b28e620039b0d641118735176cf552c4, /Attraction_Review-g303802-d3592538-Reviews-Vidova_Gora-Bol_Brac_Island_Split_Dalmatia_County_Dalmatia.html
Vidova Gora, 4, 73, Mountains & Mountains, Europe & Croatia & Dalmatia & Split-Dalmatia County & Brac Island & Bol & Things to Do in Bol, 4.5, 43.279247, 16.62016, 713162560, 20190901, 20190901, 5.0, suzybabe36, /Profile/suzybabe36, 9d426f11e33db5bc464309039660921a, /Attraction_Review-g303802-d3592538-Reviews-Vidova_Gora-Bol_Brac_Island_Split_Dalmatia_County_Dalmatia.html
