review_location_name, review_current_page, review_last_page, review_location_type, review_location_breadcrumbs, review_location_rate, location_lat, location_lng, review_id, review_date, review_experience_date, review_rate, user_name, user_link, user_id, parent_url
Jelacic Square (Trg Bana Josipa Jelacica), 71, 120, Points of Interest & Landmarks & Monuments & Statues & Flea & Street Markets & Points of Interest & Landmarks & Monuments & Statues & Flea & Street Markets, Europe & Croatia & Central Croatia & Zagreb & Things to Do in Zagreb, 4.0, 45.813137, 15.976653, 335211691, 20151201, 20151201, 3.0, DutchWalker, /Profile/DutchWalker, f0b5b44ad45b08298a8ddfa2044258c8, /Attraction_Review-g294454-d316800-Reviews-Jelacic_Square_Trg_Bana_Josipa_Jelacica-Zagreb_Central_Croatia.html
Jelacic Square (Trg Bana Josipa Jelacica), 71, 120, Points of Interest & Landmarks & Monuments & Statues & Flea & Street Markets & Points of Interest & Landmarks & Monuments & Statues & Flea & Street Markets, Europe & Croatia & Central Croatia & Zagreb & Things to Do in Zagreb, 4.0, 45.813137, 15.976653, 335089504, 20151201, 20150501, 4.0, Bradley T, /Profile/tradIndy, de4f621a492461d67b8357ebde526852, /Attraction_Review-g294454-d316800-Reviews-Jelacic_Square_Trg_Bana_Josipa_Jelacica-Zagreb_Central_Croatia.html
Jelacic Square (Trg Bana Josipa Jelacica), 71, 120, Points of Interest & Landmarks & Monuments & Statues & Flea & Street Markets & Points of Interest & Landmarks & Monuments & Statues & Flea & Street Markets, Europe & Croatia & Central Croatia & Zagreb & Things to Do in Zagreb, 4.0, 45.813137, 15.976653, 334650621, 20151201, 20151201, 5.0, patboja, /Profile/patboja, 9d61360b875faa18b6bea658c7fc1790, /Attraction_Review-g294454-d316800-Reviews-Jelacic_Square_Trg_Bana_Josipa_Jelacica-Zagreb_Central_Croatia.html
Jelacic Square (Trg Bana Josipa Jelacica), 71, 120, Points of Interest & Landmarks & Monuments & Statues & Flea & Street Markets & Points of Interest & Landmarks & Monuments & Statues & Flea & Street Markets, Europe & Croatia & Central Croatia & Zagreb & Things to Do in Zagreb, 4.0, 45.813137, 15.976653, 332911275, 20151201, 20151001, 5.0, Ilija Gospodinov, /Profile/starterz, fac4ba8b61589daf35cf1efa4b47877b, /Attraction_Review-g294454-d316800-Reviews-Jelacic_Square_Trg_Bana_Josipa_Jelacica-Zagreb_Central_Croatia.html
Jelacic Square (Trg Bana Josipa Jelacica), 71, 120, Points of Interest & Landmarks & Monuments & Statues & Flea & Street Markets & Points of Interest & Landmarks & Monuments & Statues & Flea & Street Markets, Europe & Croatia & Central Croatia & Zagreb & Things to Do in Zagreb, 4.0, 45.813137, 15.976653, 332895187, 20151201, 20151201, 5.0, maxydous, /Profile/maxydous, a1ee4b8979dea18459cf01bf868c3efe, /Attraction_Review-g294454-d316800-Reviews-Jelacic_Square_Trg_Bana_Josipa_Jelacica-Zagreb_Central_Croatia.html
