review_location_name, review_current_page, review_last_page, review_location_type, review_location_breadcrumbs, review_location_rate, location_lat, location_lng, review_id, review_date, review_experience_date, review_rate, user_name, user_link, user_id, parent_url
Pakleni Islands, 74, 132, Islands & Islands, Europe & Croatia & Dalmatia & Split-Dalmatia County & Hvar Island & Hvar & Things to Do in Hvar, 4.5, 43.159424, 16.41519, 313360952, 20150901, 20150901, 5.0, rockchick10, /Profile/rockchick10, 7bae52c1ccb106291722310f26455a05, /Attraction_Review-g303808-d552466-Reviews-Pakleni_Islands-Hvar_Hvar_Island_Split_Dalmatia_County_Dalmatia.html
Pakleni Islands, 74, 132, Islands & Islands, Europe & Croatia & Dalmatia & Split-Dalmatia County & Hvar Island & Hvar & Things to Do in Hvar, 4.5, 43.159424, 16.41519, 313061663, 20150901, 20150901, 5.0, KVOMK, /Profile/KVOMK, ba6d0d420f6e856ff73750c14c742e4e, /Attraction_Review-g303808-d552466-Reviews-Pakleni_Islands-Hvar_Hvar_Island_Split_Dalmatia_County_Dalmatia.html
Pakleni Islands, 74, 132, Islands & Islands, Europe & Croatia & Dalmatia & Split-Dalmatia County & Hvar Island & Hvar & Things to Do in Hvar, 4.5, 43.159424, 16.41519, 312815101, 20150901, 20150901, 5.0, KLMabb, /Profile/KLMabb, b0895559696518ae7b86dff35d085455, /Attraction_Review-g303808-d552466-Reviews-Pakleni_Islands-Hvar_Hvar_Island_Split_Dalmatia_County_Dalmatia.html
Pakleni Islands, 74, 132, Islands & Islands, Europe & Croatia & Dalmatia & Split-Dalmatia County & Hvar Island & Hvar & Things to Do in Hvar, 4.5, 43.159424, 16.41519, 312626687, 20150901, 20150901, 5.0, Gabriela B, /Profile/gabrielab692, 3d15187559821d5928841d701d747ddd, /Attraction_Review-g303808-d552466-Reviews-Pakleni_Islands-Hvar_Hvar_Island_Split_Dalmatia_County_Dalmatia.html
Pakleni Islands, 74, 132, Islands & Islands, Europe & Croatia & Dalmatia & Split-Dalmatia County & Hvar Island & Hvar & Things to Do in Hvar, 4.5, 43.159424, 16.41519, 312602512, 20150901, 20150901, 5.0, gipsy48, /Profile/gipsy48, 5fc9f2698d1f4dec2db0ebd9ffc443b7, /Attraction_Review-g303808-d552466-Reviews-Pakleni_Islands-Hvar_Hvar_Island_Split_Dalmatia_County_Dalmatia.html
