review_location_name, review_current_page, review_last_page, review_location_type, review_location_breadcrumbs, review_location_rate, location_lat, location_lng, review_id, review_date, review_experience_date, review_rate, user_name, user_link, user_id, parent_url
Cigrada Beach, 1, 5, Beaches & Beaches, Europe & Croatia & Dalmatia & Sibenik-Knin County & Murter Island & Murter & Things to Do in Murter, 4.5, 43.807198, 15.590278, 760949672, 20200701, 20200701, 4.0, Norbert S, /Profile/Siebeck1, 64ab5dae7cf26449ec1b6bd88650f39b, /Attraction_Review-g2034462-d8089841-Reviews-Cigrada_Beach-Murter_Murter_Island_Sibenik_Knin_County_Dalmatia.html
Cigrada Beach, 1, 5, Beaches & Beaches, Europe & Croatia & Dalmatia & Sibenik-Knin County & Murter Island & Murter & Things to Do in Murter, 4.5, 43.807198, 15.590278, 708590483, 20190901, 20190801, 5.0, Miroslav T, /Profile/miroslavtomanek, b89cbc649672b7f186eccc47955d0cf2, /Attraction_Review-g2034462-d8089841-Reviews-Cigrada_Beach-Murter_Murter_Island_Sibenik_Knin_County_Dalmatia.html
Cigrada Beach, 1, 5, Beaches & Beaches, Europe & Croatia & Dalmatia & Sibenik-Knin County & Murter Island & Murter & Things to Do in Murter, 4.5, 43.807198, 15.590278, 708436667, 20190901, 20190801, 5.0, Vanja Petricevic, /Profile/Vanja2304, e5c1b8b0a5e720567a9c104aa12f6321, /Attraction_Review-g2034462-d8089841-Reviews-Cigrada_Beach-Murter_Murter_Island_Sibenik_Knin_County_Dalmatia.html
Cigrada Beach, 1, 5, Beaches & Beaches, Europe & Croatia & Dalmatia & Sibenik-Knin County & Murter Island & Murter & Things to Do in Murter, 4.5, 43.807198, 15.590278, 694588302, 20190801, 20190801, 4.0, Robert T, /Profile/roberttU8470VV, 50806a51e0d020b62fab36bf350c6fa6, /Attraction_Review-g2034462-d8089841-Reviews-Cigrada_Beach-Murter_Murter_Island_Sibenik_Knin_County_Dalmatia.html
Cigrada Beach, 1, 5, Beaches & Beaches, Europe & Croatia & Dalmatia & Sibenik-Knin County & Murter Island & Murter & Things to Do in Murter, 4.5, 43.807198, 15.590278, 610410888, 20180801, 20180801, 5.0, Neugierige_2008, /Profile/Neugierige_2008, 78e7b1743314b246c93f218f7a09e92b, /Attraction_Review-g2034462-d8089841-Reviews-Cigrada_Beach-Murter_Murter_Island_Sibenik_Knin_County_Dalmatia.html
