review_location_name, review_current_page, review_last_page, review_location_type, review_location_breadcrumbs, review_location_rate, location_lat, location_lng, review_id, review_date, review_experience_date, review_rate, user_name, user_link, user_id, parent_url
Pakleni Islands, 14, 132, Islands & Islands, Europe & Croatia & Dalmatia & Split-Dalmatia County & Hvar Island & Hvar & Things to Do in Hvar, 4.5, 43.159424, 16.41519, 600628619, 20180701, 20180701, 4.0, zima2, /Profile/zima2, f9e4e37eb583eb8d426fb7946a082e49, /Attraction_Review-g303808-d552466-Reviews-Pakleni_Islands-Hvar_Hvar_Island_Split_Dalmatia_County_Dalmatia.html
Pakleni Islands, 14, 132, Islands & Islands, Europe & Croatia & Dalmatia & Split-Dalmatia County & Hvar Island & Hvar & Things to Do in Hvar, 4.5, 43.159424, 16.41519, 600486340, 20180701, 20180701, 5.0, NashMaria1, /Profile/NashMaria1, 53739f9510fe92c184535e40a3f7fca1, /Attraction_Review-g303808-d552466-Reviews-Pakleni_Islands-Hvar_Hvar_Island_Split_Dalmatia_County_Dalmatia.html
Pakleni Islands, 14, 132, Islands & Islands, Europe & Croatia & Dalmatia & Split-Dalmatia County & Hvar Island & Hvar & Things to Do in Hvar, 4.5, 43.159424, 16.41519, 600278816, 20180701, 20180501, 5.0, Shirley M, /Profile/ShirleyM2457, 4719acbe60f13c6cdb07cc9da28ce836, /Attraction_Review-g303808-d552466-Reviews-Pakleni_Islands-Hvar_Hvar_Island_Split_Dalmatia_County_Dalmatia.html
Pakleni Islands, 14, 132, Islands & Islands, Europe & Croatia & Dalmatia & Split-Dalmatia County & Hvar Island & Hvar & Things to Do in Hvar, 4.5, 43.159424, 16.41519, 598562269, 20180701, 20180701, 5.0, TRJB1988, /Profile/TRJB1988, d86148b7e6cf7bb34114e10f6b866fc2, /Attraction_Review-g303808-d552466-Reviews-Pakleni_Islands-Hvar_Hvar_Island_Split_Dalmatia_County_Dalmatia.html
Pakleni Islands, 14, 132, Islands & Islands, Europe & Croatia & Dalmatia & Split-Dalmatia County & Hvar Island & Hvar & Things to Do in Hvar, 4.5, 43.159424, 16.41519, 598238943, 20180701, 20180701, 5.0, Natale V, /Profile/Valverden, d4ea91543b8ab3543de7123f6c429f54, /Attraction_Review-g303808-d552466-Reviews-Pakleni_Islands-Hvar_Hvar_Island_Split_Dalmatia_County_Dalmatia.html
