review_location_name, review_current_page, review_last_page, review_location_type, review_location_breadcrumbs, review_location_rate, location_lat, location_lng, review_id, review_date, review_experience_date, review_rate, user_name, user_link, user_id, parent_url
Kacic Square, 1, 5, Monuments & Statues & Monuments & Statues, Europe & Croatia & Dalmatia & Split-Dalmatia County & Makarska & Things to Do in Makarska, 4.5, 43.29376, 17.020393, 715748827, 20191001, 20190901, 5.0, JudyandNeilC, /Profile/JudyandNeilC, 2433b9c7fdc853f4af17e01ea603c2c4, /Attraction_Review-g303814-d10103014-Reviews-Kacic_Square-Makarska_Split_Dalmatia_County_Dalmatia.html
Kacic Square, 1, 5, Monuments & Statues & Monuments & Statues, Europe & Croatia & Dalmatia & Split-Dalmatia County & Makarska & Things to Do in Makarska, 4.5, 43.29376, 17.020393, 710931604, 20190901, 20190901, 4.0, lukynator28, /Profile/lukynator28, 5af6a1353847e53d7cb722fa068caa0f, /Attraction_Review-g303814-d10103014-Reviews-Kacic_Square-Makarska_Split_Dalmatia_County_Dalmatia.html
Kacic Square, 1, 5, Monuments & Statues & Monuments & Statues, Europe & Croatia & Dalmatia & Split-Dalmatia County & Makarska & Things to Do in Makarska, 4.5, 43.29376, 17.020393, 710112351, 20190901, 20190901, 5.0, mbetowler, /Profile/mbetowler, 2542b1dc8311ac3580d5e74153a86610, /Attraction_Review-g303814-d10103014-Reviews-Kacic_Square-Makarska_Split_Dalmatia_County_Dalmatia.html
Kacic Square, 1, 5, Monuments & Statues & Monuments & Statues, Europe & Croatia & Dalmatia & Split-Dalmatia County & Makarska & Things to Do in Makarska, 4.5, 43.29376, 17.020393, 709611603, 20190901, 20190901, 4.0, John J, /Profile/R7444ORjohnj, a21c18ac7452f8545b63942037781d7d, /Attraction_Review-g303814-d10103014-Reviews-Kacic_Square-Makarska_Split_Dalmatia_County_Dalmatia.html
Kacic Square, 1, 5, Monuments & Statues & Monuments & Statues, Europe & Croatia & Dalmatia & Split-Dalmatia County & Makarska & Things to Do in Makarska, 4.5, 43.29376, 17.020393, 698208519, 20190801, 20190801, 5.0, Venite, /Profile/Venite, 51648ede8fde436a1b95590768596339, /Attraction_Review-g303814-d10103014-Reviews-Kacic_Square-Makarska_Split_Dalmatia_County_Dalmatia.html
