review_location_name, review_current_page, review_last_page, review_location_type, review_location_breadcrumbs, review_location_rate, location_lat, location_lng, review_id, review_date, review_experience_date, review_rate, user_name, user_link, user_id, parent_url
Green Market, 26, 28, Flea & Street Markets & Flea & Street Markets, Europe & Croatia & Dalmatia & Split-Dalmatia County & Split & Things to Do in Split, 4.5, 43.5079, 16.441858, 229941366, 20140901, 20140901, 4.0, Susan1921, /Profile/Susan1921, 44fe0aad93bbdc04b3bef7e2a73470d7, /Attraction_Review-g295370-d3420254-Reviews-Green_Market-Split_Split_Dalmatia_County_Dalmatia.html
Green Market, 26, 28, Flea & Street Markets & Flea & Street Markets, Europe & Croatia & Dalmatia & Split-Dalmatia County & Split & Things to Do in Split, 4.5, 43.5079, 16.441858, 216434998, 20140701, 20140701, 5.0, love2eat333, /Profile/love2eat333, c354aab9aafbf19192c54972b65f33de, /Attraction_Review-g295370-d3420254-Reviews-Green_Market-Split_Split_Dalmatia_County_Dalmatia.html
Green Market, 26, 28, Flea & Street Markets & Flea & Street Markets, Europe & Croatia & Dalmatia & Split-Dalmatia County & Split & Things to Do in Split, 4.5, 43.5079, 16.441858, 215826762, 20140701, 20140501, 4.0, jimbobler, /Profile/jimbobler, 78330bbf740dca2a56bbf87b19e5d3a0, /Attraction_Review-g295370-d3420254-Reviews-Green_Market-Split_Split_Dalmatia_County_Dalmatia.html
Green Market, 26, 28, Flea & Street Markets & Flea & Street Markets, Europe & Croatia & Dalmatia & Split-Dalmatia County & Split & Things to Do in Split, 4.5, 43.5079, 16.441858, 207117303, 20140501, 20140501, 5.0, 19sofar, /Profile/19sofar, 20800113316688eb48366c6f2179dae0, /Attraction_Review-g295370-d3420254-Reviews-Green_Market-Split_Split_Dalmatia_County_Dalmatia.html
Green Market, 26, 28, Flea & Street Markets & Flea & Street Markets, Europe & Croatia & Dalmatia & Split-Dalmatia County & Split & Things to Do in Split, 4.5, 43.5079, 16.441858, 185423565, 20131101, 20130501, 5.0, kasjeta, /Profile/kasjeta, 125ffe5129e04604d7875688473cd903, /Attraction_Review-g295370-d3420254-Reviews-Green_Market-Split_Split_Dalmatia_County_Dalmatia.html
