review_location_name, review_current_page, review_last_page, review_location_type, review_location_breadcrumbs, review_location_rate, location_lat, location_lng, review_id, review_date, review_experience_date, review_rate, user_name, user_link, user_id, parent_url
Starigrad Fortress, 20, 35, Historic Sites & Points of Interest & Landmarks & Castles & Historic Sites & Points of Interest & Landmarks & Castles, Europe & Croatia & Dalmatia & Split-Dalmatia County & Omis & Things to Do in Omis, 4.5, 43.444847, 16.699972, 484729437, 20170501, 20170501, 5.0, Nicholas R, /Profile/673nicholasr, 6b5a83324530dd24820ec0754ef04bae, /Attraction_Review-g644074-d3330304-Reviews-Starigrad_Fortress-Omis_Split_Dalmatia_County_Dalmatia.html
Starigrad Fortress, 20, 35, Historic Sites & Points of Interest & Landmarks & Castles & Historic Sites & Points of Interest & Landmarks & Castles, Europe & Croatia & Dalmatia & Split-Dalmatia County & Omis & Things to Do in Omis, 4.5, 43.444847, 16.699972, 430927055, 20161001, 20161001, 5.0, Jack L, /Profile/jacklane1, b78d13ab813547f15a34f9a24469568f, /Attraction_Review-g644074-d3330304-Reviews-Starigrad_Fortress-Omis_Split_Dalmatia_County_Dalmatia.html
Starigrad Fortress, 20, 35, Historic Sites & Points of Interest & Landmarks & Castles & Historic Sites & Points of Interest & Landmarks & Castles, Europe & Croatia & Dalmatia & Split-Dalmatia County & Omis & Things to Do in Omis, 4.5, 43.444847, 16.699972, 424924124, 20161001, 20160801, 5.0, Dana_Happy2010, /Profile/Dana_Happy2010, 82857e0275ceaace7dc56396411139bf, /Attraction_Review-g644074-d3330304-Reviews-Starigrad_Fortress-Omis_Split_Dalmatia_County_Dalmatia.html
Starigrad Fortress, 20, 35, Historic Sites & Points of Interest & Landmarks & Castles & Historic Sites & Points of Interest & Landmarks & Castles, Europe & Croatia & Dalmatia & Split-Dalmatia County & Omis & Things to Do in Omis, 4.5, 43.444847, 16.699972, 424397146, 20161001, 20161001, 4.0, Kimberly G, /Profile/kimberlyg553, 5349d6483256612cbc1e0d005919e9db, /Attraction_Review-g644074-d3330304-Reviews-Starigrad_Fortress-Omis_Split_Dalmatia_County_Dalmatia.html
Starigrad Fortress, 20, 35, Historic Sites & Points of Interest & Landmarks & Castles & Historic Sites & Points of Interest & Landmarks & Castles, Europe & Croatia & Dalmatia & Split-Dalmatia County & Omis & Things to Do in Omis, 4.5, 43.444847, 16.699972, 421570633, 20160901, 20160801, 5.0, Prima T, /Profile/132primet, 0864e883749345bbf29b045d84bca90b, /Attraction_Review-g644074-d3330304-Reviews-Starigrad_Fortress-Omis_Split_Dalmatia_County_Dalmatia.html
