review_location_name, review_current_page, review_last_page, review_location_type, review_location_breadcrumbs, review_location_rate, location_lat, location_lng, review_id, review_date, review_experience_date, review_rate, user_name, user_link, user_id, parent_url
Dubovac Castle, 3, 9, Historic Sites & Historic Walking Areas & Castles & Historic Sites & Historic Walking Areas & Castles, Europe & Croatia & Central Croatia & Karlovac County & Karlovac & Things to Do in Karlovac, 4.0, 45.495056, 15.528083, 560313869, 20180201, 20180101, 5.0, Aleksey_Bondaryuk, /Profile/Aleksey_Bondaryuk, 683379d2eb4267e636413a2de0188d15, /Attraction_Review-g303809-d2345076-Reviews-Dubovac_Castle-Karlovac_Karlovac_County_Central_Croatia.html
Dubovac Castle, 3, 9, Historic Sites & Historic Walking Areas & Castles & Historic Sites & Historic Walking Areas & Castles, Europe & Croatia & Central Croatia & Karlovac County & Karlovac & Things to Do in Karlovac, 4.0, 45.495056, 15.528083, 550572474, 20180101, 20171201, 3.0, Bruno_Croatia, /Profile/Bruno_Croatia, a7675667d5425935b004f39907d34396, /Attraction_Review-g303809-d2345076-Reviews-Dubovac_Castle-Karlovac_Karlovac_County_Central_Croatia.html
Dubovac Castle, 3, 9, Historic Sites & Historic Walking Areas & Castles & Historic Sites & Historic Walking Areas & Castles, Europe & Croatia & Central Croatia & Karlovac County & Karlovac & Things to Do in Karlovac, 4.0, 45.495056, 15.528083, 532233845, 20171001, 20170901, 5.0, Jasna T, /Profile/672jasnat, c068aaab7a931ae80e661e544e9b2a0a, /Attraction_Review-g303809-d2345076-Reviews-Dubovac_Castle-Karlovac_Karlovac_County_Central_Croatia.html
Dubovac Castle, 3, 9, Historic Sites & Historic Walking Areas & Castles & Historic Sites & Historic Walking Areas & Castles, Europe & Croatia & Central Croatia & Karlovac County & Karlovac & Things to Do in Karlovac, 4.0, 45.495056, 15.528083, 529818539, 20171001, 20170901, 5.0, maraquan, /Profile/maraquan, c41cf7ab1028b2bf7f8687c4f376de10, /Attraction_Review-g303809-d2345076-Reviews-Dubovac_Castle-Karlovac_Karlovac_County_Central_Croatia.html
Dubovac Castle, 3, 9, Historic Sites & Historic Walking Areas & Castles & Historic Sites & Historic Walking Areas & Castles, Europe & Croatia & Central Croatia & Karlovac County & Karlovac & Things to Do in Karlovac, 4.0, 45.495056, 15.528083, 525509546, 20170901, 20170901, 4.0, Becgr, /Profile/Becgr, 18a380d247e27d87f4f721917f875893, /Attraction_Review-g303809-d2345076-Reviews-Dubovac_Castle-Karlovac_Karlovac_County_Central_Croatia.html
