review_location_name, review_current_page, review_last_page, review_location_type, review_location_breadcrumbs, review_location_rate, location_lat, location_lng, review_id, review_date, review_experience_date, review_rate, user_name, user_link, user_id, parent_url
Tkalčićeva, 10, 210, Points of Interest & Landmarks & Points of Interest & Landmarks, Europe & Croatia & Central Croatia & Zagreb & Things to Do in Zagreb, 4.5, 45.814533, 15.97622, 696709524, 20190801, 20190801, 5.0, Carpetboy01, /Profile/Carpetboy01, 9dfa3b889f587e8de2f5c88851b8b758, /Attraction_Review-g294454-d549763-Reviews-Tkalciceva-Zagreb_Central_Croatia.html
Tkalčićeva, 10, 210, Points of Interest & Landmarks & Points of Interest & Landmarks, Europe & Croatia & Central Croatia & Zagreb & Things to Do in Zagreb, 4.5, 45.814533, 15.97622, 693985837, 20190701, 20190701, 5.0, Reneta B, /Profile/renetab2015, c0cf0b45a5ef3b16ecf418c239ca38ec, /Attraction_Review-g294454-d549763-Reviews-Tkalciceva-Zagreb_Central_Croatia.html
Tkalčićeva, 10, 210, Points of Interest & Landmarks & Points of Interest & Landmarks, Europe & Croatia & Central Croatia & Zagreb & Things to Do in Zagreb, 4.5, 45.814533, 15.97622, 692812811, 20190701, 20190301, 5.0, Jasmin A, /Profile/194jasmina, 3529056a74fa444cc85ff8476f22a653, /Attraction_Review-g294454-d549763-Reviews-Tkalciceva-Zagreb_Central_Croatia.html
Tkalčićeva, 10, 210, Points of Interest & Landmarks & Points of Interest & Landmarks, Europe & Croatia & Central Croatia & Zagreb & Things to Do in Zagreb, 4.5, 45.814533, 15.97622, 691877092, 20190701, 20190701, 4.0, massimoswitz, /Profile/massimoswitz, c8364339e7914b2835dfc97300898bfb, /Attraction_Review-g294454-d549763-Reviews-Tkalciceva-Zagreb_Central_Croatia.html
Tkalčićeva, 10, 210, Points of Interest & Landmarks & Points of Interest & Landmarks, Europe & Croatia & Central Croatia & Zagreb & Things to Do in Zagreb, 4.5, 45.814533, 15.97622, 691333066, 20190701, 20190601, 3.0, Compass826743, /Profile/Compass826743, ccb1492ab6925573e29ea8745d335aa5, /Attraction_Review-g294454-d549763-Reviews-Tkalciceva-Zagreb_Central_Croatia.html
