review_location_name, review_current_page, review_last_page, review_location_type, review_location_breadcrumbs, review_location_rate, location_lat, location_lng, review_id, review_date, review_experience_date, review_rate, user_name, user_link, user_id, parent_url
Museum of Broken Relationships, 576, 650, Specialty Museums & Specialty Museums, Europe & Croatia & Central Croatia & Zagreb & Things to Do in Zagreb, 4.0, 45.814926, 15.973435, 192152962, 20140101, 20140101, 4.0, brishel001, /Profile/brishel001, 013b7d70a6192a4e753f4defb82e2cfa, /Attraction_Review-g294454-d1929841-Reviews-Museum_of_Broken_Relationships-Zagreb_Central_Croatia.html
Museum of Broken Relationships, 576, 650, Specialty Museums & Specialty Museums, Europe & Croatia & Central Croatia & Zagreb & Things to Do in Zagreb, 4.0, 45.814926, 15.973435, 191792838, 20140101, 20140101, 5.0, iv_ochko, /Profile/iv_ochko, 1855ba004104a399e011d52f6cc52c67, /Attraction_Review-g294454-d1929841-Reviews-Museum_of_Broken_Relationships-Zagreb_Central_Croatia.html
Museum of Broken Relationships, 576, 650, Specialty Museums & Specialty Museums, Europe & Croatia & Central Croatia & Zagreb & Things to Do in Zagreb, 4.0, 45.814926, 15.973435, 191617512, 20140101, 20140101, 5.0, CarolH1965, /Profile/CarolH1965, b5f0b90d4d15e06a6271addc66182f7f, /Attraction_Review-g294454-d1929841-Reviews-Museum_of_Broken_Relationships-Zagreb_Central_Croatia.html
Museum of Broken Relationships, 576, 650, Specialty Museums & Specialty Museums, Europe & Croatia & Central Croatia & Zagreb & Things to Do in Zagreb, 4.0, 45.814926, 15.973435, 190966796, 20140101, 20140101, 5.0, Kerry229, /Profile/Kerry229, 08c7fdf37f8150c170286bfca6add6fc, /Attraction_Review-g294454-d1929841-Reviews-Museum_of_Broken_Relationships-Zagreb_Central_Croatia.html
Museum of Broken Relationships, 576, 650, Specialty Museums & Specialty Museums, Europe & Croatia & Central Croatia & Zagreb & Things to Do in Zagreb, 4.0, 45.814926, 15.973435, 190862606, 20140101, 20131201, 5.0, eslovena, /Profile/eslovena, fb9143f422cc89178450f517f851adb6, /Attraction_Review-g294454-d1929841-Reviews-Museum_of_Broken_Relationships-Zagreb_Central_Croatia.html
