review_location_name, review_current_page, review_last_page, review_location_type, review_location_breadcrumbs, review_location_rate, location_lat, location_lng, review_id, review_date, review_experience_date, review_rate, user_name, user_link, user_id, parent_url
Live Museum Split, 12, 19, Specialty Museums & Specialty Museums, Europe & Croatia & Dalmatia & Split-Dalmatia County & Split & Things to Do in Split, 4.5, 43.50967, 16.440613, 226219376, 20140901, 20140901, 5.0, mariajos_f, /Profile/mariajos_f, 2cd7428cd6fb3f2f0272a3b97379a903, /Attraction_Review-g295370-d6782361-Reviews-Live_Museum_Split-Split_Split_Dalmatia_County_Dalmatia.html
Live Museum Split, 12, 19, Specialty Museums & Specialty Museums, Europe & Croatia & Dalmatia & Split-Dalmatia County & Split & Things to Do in Split, 4.5, 43.50967, 16.440613, 225590665, 20140801, 20140801, 4.0, Dutchcookie, /Profile/Dutchcookie, 9c24b31755d714e31e49bcad1ecf5485, /Attraction_Review-g295370-d6782361-Reviews-Live_Museum_Split-Split_Split_Dalmatia_County_Dalmatia.html
Live Museum Split, 12, 19, Specialty Museums & Specialty Museums, Europe & Croatia & Dalmatia & Split-Dalmatia County & Split & Things to Do in Split, 4.5, 43.50967, 16.440613, 224638829, 20140801, 20140801, 5.0, sernachete, /Profile/sernachete, cc66d7e46656064706f72f2052d545bb, /Attraction_Review-g295370-d6782361-Reviews-Live_Museum_Split-Split_Split_Dalmatia_County_Dalmatia.html
Live Museum Split, 12, 19, Specialty Museums & Specialty Museums, Europe & Croatia & Dalmatia & Split-Dalmatia County & Split & Things to Do in Split, 4.5, 43.50967, 16.440613, 224115570, 20140801, 20140801, 5.0, Actium70, /Profile/Actium70, 0e10f7ad4a68c4017627568198c22fe1, /Attraction_Review-g295370-d6782361-Reviews-Live_Museum_Split-Split_Split_Dalmatia_County_Dalmatia.html
Live Museum Split, 12, 19, Specialty Museums & Specialty Museums, Europe & Croatia & Dalmatia & Split-Dalmatia County & Split & Things to Do in Split, 4.5, 43.50967, 16.440613, 220788525, 20140801, 20140801, 5.0, sandrazagi, /Profile/sandrazagi, cd0ab1deba645f2ee3a96eb33454fb0a, /Attraction_Review-g295370-d6782361-Reviews-Live_Museum_Split-Split_Split_Dalmatia_County_Dalmatia.html
