review_location_name, review_current_page, review_last_page, review_location_type, review_location_breadcrumbs, review_location_rate, location_lat, location_lng, review_id, review_date, review_experience_date, review_rate, user_name, user_link, user_id, parent_url
Plava Laguna, 1, 2, Beaches & Beaches, Europe & Croatia & Istria & Porec & Things to Do in Porec, 4.5, 0, 0, 703268634, 20190801, 20190801, 5.0, arik_123, /Profile/Quality_Guest, c7a5008ede4913169c89a0cb6ac429d8, /Attraction_Review-g303829-d15010445-Reviews-Plava_Laguna-Porec_Istria.html
Plava Laguna, 1, 2, Beaches & Beaches, Europe & Croatia & Istria & Porec & Things to Do in Porec, 4.5, 0, 0, 702912472, 20190801, 20190701, 5.0, stephen a, /Profile/I5503UGstephena, 81a0b2ec41e5526325fb9dc86dddb4fc, /Attraction_Review-g303829-d15010445-Reviews-Plava_Laguna-Porec_Istria.html
Plava Laguna, 1, 2, Beaches & Beaches, Europe & Croatia & Istria & Porec & Things to Do in Porec, 4.5, 0, 0, 696175356, 20190801, 20190501, 5.0, Michael H, /Profile/michaelh343, fa98389c77359451a088f11a551d92fe, /Attraction_Review-g303829-d15010445-Reviews-Plava_Laguna-Porec_Istria.html
Plava Laguna, 1, 2, Beaches & Beaches, Europe & Croatia & Istria & Porec & Things to Do in Porec, 4.5, 0, 0, 691143120, 20190701, 20190701, 5.0, Brian G, /Profile/Gossy-abroad, c82d6046bc9becd9b987c723efc15017, /Attraction_Review-g303829-d15010445-Reviews-Plava_Laguna-Porec_Istria.html
Plava Laguna, 1, 2, Beaches & Beaches, Europe & Croatia & Istria & Porec & Things to Do in Porec, 4.5, 0, 0, 688613823, 20190701, 20190601, 5.0, Susan L, /Profile/susanlJ2586HM, 8da5390fbe6251ca361b006b8c74e53c, /Attraction_Review-g303829-d15010445-Reviews-Plava_Laguna-Porec_Istria.html
