review_location_name, review_current_page, review_last_page, review_location_type, review_location_breadcrumbs, review_location_rate, location_lat, location_lng, review_id, review_date, review_experience_date, review_rate, user_name, user_link, user_id, parent_url
Dalmatian Ethno Village, 2, 36, Historic Sites & Historic Sites, Europe & Croatia & Dalmatia & Sibenik-Knin County & Sibenik & Things to Do in Sibenik, 4.0, 43.695, 15.886527, 764230974, 20200801, 20200701, 5.0, Marti, /Profile/Y862GLmartinat, d8d9d25f0204be08242d7e03ca1a2db9, /Attraction_Review-g295375-d3783766-Reviews-Dalmatian_Ethno_Village-Sibenik_Sibenik_Knin_County_Dalmatia.html
Dalmatian Ethno Village, 2, 36, Historic Sites & Historic Sites, Europe & Croatia & Dalmatia & Sibenik-Knin County & Sibenik & Things to Do in Sibenik, 4.0, 43.695, 15.886527, 763407131, 20200801, 20200801, 5.0, AdamS2911, /Profile/AdamS2911, 4176a202085142f906f6f4e6b0c9f16a, /Attraction_Review-g295375-d3783766-Reviews-Dalmatian_Ethno_Village-Sibenik_Sibenik_Knin_County_Dalmatia.html
Dalmatian Ethno Village, 2, 36, Historic Sites & Historic Sites, Europe & Croatia & Dalmatia & Sibenik-Knin County & Sibenik & Things to Do in Sibenik, 4.0, 43.695, 15.886527, 763070640, 20200801, 20200801, 2.0, keystoneadam, /Profile/keystoneadam, 98399960b661490317dc179329de65c6, /Attraction_Review-g295375-d3783766-Reviews-Dalmatian_Ethno_Village-Sibenik_Sibenik_Knin_County_Dalmatia.html
Dalmatian Ethno Village, 2, 36, Historic Sites & Historic Sites, Europe & Croatia & Dalmatia & Sibenik-Knin County & Sibenik & Things to Do in Sibenik, 4.0, 43.695, 15.886527, 763068433, 20200801, 20200801, 2.0, LucyJS1981, /Profile/LucyJS1981, dcc374508ffc29f6ef8ccfdc831b97bf, /Attraction_Review-g295375-d3783766-Reviews-Dalmatian_Ethno_Village-Sibenik_Sibenik_Knin_County_Dalmatia.html
Dalmatian Ethno Village, 2, 36, Historic Sites & Historic Sites, Europe & Croatia & Dalmatia & Sibenik-Knin County & Sibenik & Things to Do in Sibenik, 4.0, 43.695, 15.886527, 749426100, 20200301, 20190601, 5.0, elisabethl59, /Profile/elisabethl59, 7ab8782da7847a41c1e98c5d3adf25d1, /Attraction_Review-g295375-d3783766-Reviews-Dalmatian_Ethno_Village-Sibenik_Sibenik_Knin_County_Dalmatia.html
