review_location_name, review_current_page, review_last_page, review_location_type, review_location_breadcrumbs, review_location_rate, location_lat, location_lng, review_id, review_date, review_experience_date, review_rate, user_name, user_link, user_id, parent_url
Walls of Dubrovnik, 1203, 3165, Historic Sites & Historic Walking Areas & Historic Sites & Historic Walking Areas, Europe & Croatia & Dalmatia & Dubrovnik-Neretva County & Dubrovnik & Things to Do in Dubrovnik, 4.5, 42.64174, 18.10734, 436289005, 20161101, 20160901, 5.0, Anne W, /Profile/V8762EDannew, 08a91fe391ce065aaa4836c3cc1f942f, /Attraction_Review-g295371-d522915-Reviews-Walls_of_Dubrovnik-Dubrovnik_Dubrovnik_Neretva_County_Dalmatia.html
Walls of Dubrovnik, 1203, 3165, Historic Sites & Historic Walking Areas & Historic Sites & Historic Walking Areas, Europe & Croatia & Dalmatia & Dubrovnik-Neretva County & Dubrovnik & Things to Do in Dubrovnik, 4.5, 42.64174, 18.10734, 436144029, 20161101, 20160901, 5.0, RItraveler512, /Profile/RItraveler512, 50dbdc7c4f1338527877035b6b0fdf19, /Attraction_Review-g295371-d522915-Reviews-Walls_of_Dubrovnik-Dubrovnik_Dubrovnik_Neretva_County_Dalmatia.html
Walls of Dubrovnik, 1203, 3165, Historic Sites & Historic Walking Areas & Historic Sites & Historic Walking Areas, Europe & Croatia & Dalmatia & Dubrovnik-Neretva County & Dubrovnik & Things to Do in Dubrovnik, 4.5, 42.64174, 18.10734, 436118906, 20161101, 20161001, 5.0, Paolina H, /Profile/paolinah257, 4f868b1cb0b34a8174add3772196214a, /Attraction_Review-g295371-d522915-Reviews-Walls_of_Dubrovnik-Dubrovnik_Dubrovnik_Neretva_County_Dalmatia.html
Walls of Dubrovnik, 1203, 3165, Historic Sites & Historic Walking Areas & Historic Sites & Historic Walking Areas, Europe & Croatia & Dalmatia & Dubrovnik-Neretva County & Dubrovnik & Things to Do in Dubrovnik, 4.5, 42.64174, 18.10734, 436080929, 20161101, 20161001, 5.0, Alex Pi, /Profile/al3xpi, dc34374b17a8fc020598cd8d6a6ab28d, /Attraction_Review-g295371-d522915-Reviews-Walls_of_Dubrovnik-Dubrovnik_Dubrovnik_Neretva_County_Dalmatia.html
Walls of Dubrovnik, 1203, 3165, Historic Sites & Historic Walking Areas & Historic Sites & Historic Walking Areas, Europe & Croatia & Dalmatia & Dubrovnik-Neretva County & Dubrovnik & Things to Do in Dubrovnik, 4.5, 42.64174, 18.10734, 435971935, 20161101, 20161101, 5.0, CARLMLivepoolUK, /Profile/CARLMLivepoolUK, ddf6819b8a378cde01ce946ef53367fb, /Attraction_Review-g295371-d522915-Reviews-Walls_of_Dubrovnik-Dubrovnik_Dubrovnik_Neretva_County_Dalmatia.html
