review_location_name, review_current_page, review_last_page, review_location_type, review_location_breadcrumbs, review_location_rate, location_lat, location_lng, review_id, review_date, review_experience_date, review_rate, user_name, user_link, user_id, parent_url
Centar Za Odrzivi Razvoj Gerbin, None, None, Specialty Museums & Specialty Museums, Europe & Croatia & Primorje-Gorski Kotar County & Kvarner Bay Islands & Cres Island & Things to Do in Cres Island, 4.0, 44.888363, 14.331491, 419402203, 20160901, 20160901, 5.0, Philip_Bolster, /Profile/Philip_Bolster, 24bb622cc30b37cbd782dd4c49adc6df, /Attraction_Review-g946776-d7132389-Reviews-Centar_Za_Odrzivi_Razvoj_Gerbin-Cres_Island_Kvarner_Bay_Islands_Primorje_Gorski_K.html
Centar Za Odrzivi Razvoj Gerbin, None, None, Specialty Museums & Specialty Museums, Europe & Croatia & Primorje-Gorski Kotar County & Kvarner Bay Islands & Cres Island & Things to Do in Cres Island, 4.0, 44.888363, 14.331491, 382920578, 20160601, 20160601, 2.0, Miha P, /Profile/482mihap, abd2f9c2cd78a57d449f70cdffa1616b, /Attraction_Review-g946776-d7132389-Reviews-Centar_Za_Odrzivi_Razvoj_Gerbin-Cres_Island_Kvarner_Bay_Islands_Primorje_Gorski_K.html
Centar Za Odrzivi Razvoj Gerbin, None, None, Specialty Museums & Specialty Museums, Europe & Croatia & Primorje-Gorski Kotar County & Kvarner Bay Islands & Cres Island & Things to Do in Cres Island, 4.0, 44.888363, 14.331491, 315772600, 20151001, 20150901, 4.0, LisaVienna4034, /Profile/LisaVienna4034, 51a5aa21cfce6f46575d9e68c24c9d35, /Attraction_Review-g946776-d7132389-Reviews-Centar_Za_Odrzivi_Razvoj_Gerbin-Cres_Island_Kvarner_Bay_Islands_Primorje_Gorski_K.html
Centar Za Odrzivi Razvoj Gerbin, None, None, Specialty Museums & Specialty Museums, Europe & Croatia & Primorje-Gorski Kotar County & Kvarner Bay Islands & Cres Island & Things to Do in Cres Island, 4.0, 44.888363, 14.331491, 226186379, 20140901, 20140801, 4.0, Tanja B, /Profile/TanjaB629, 00fa95e44aeddcaf551c4efdd4415122, /Attraction_Review-g946776-d7132389-Reviews-Centar_Za_Odrzivi_Razvoj_Gerbin-Cres_Island_Kvarner_Bay_Islands_Primorje_Gorski_K.html
