review_location_name, review_current_page, review_last_page, review_location_type, review_location_breadcrumbs, review_location_rate, location_lat, location_lng, review_id, review_date, review_experience_date, review_rate, user_name, user_link, user_id, parent_url
Museum of Broken Relationships, 223, 650, Specialty Museums & Specialty Museums, Europe & Croatia & Central Croatia & Zagreb & Things to Do in Zagreb, 4.0, 45.814926, 15.973435, 510577955, 20170801, 20170801, 3.0, May B, /Profile/954mayb, 440ec6de57200440fb88d8392013b025, /Attraction_Review-g294454-d1929841-Reviews-Museum_of_Broken_Relationships-Zagreb_Central_Croatia.html
Museum of Broken Relationships, 223, 650, Specialty Museums & Specialty Museums, Europe & Croatia & Central Croatia & Zagreb & Things to Do in Zagreb, 4.0, 45.814926, 15.973435, 510492070, 20170801, 20170801, 3.0, Peerless eBooks, /Profile/paulcZ4628WP, 39c35baa040c4c76c26f3db1f6ed4e58, /Attraction_Review-g294454-d1929841-Reviews-Museum_of_Broken_Relationships-Zagreb_Central_Croatia.html
Museum of Broken Relationships, 223, 650, Specialty Museums & Specialty Museums, Europe & Croatia & Central Croatia & Zagreb & Things to Do in Zagreb, 4.0, 45.814926, 15.973435, 510356334, 20170801, 20170801, 5.0, Charlotte B, /Profile/charlottebarrett0408, b8354bcaa2487a1702950a76cceaebfb, /Attraction_Review-g294454-d1929841-Reviews-Museum_of_Broken_Relationships-Zagreb_Central_Croatia.html
Museum of Broken Relationships, 223, 650, Specialty Museums & Specialty Museums, Europe & Croatia & Central Croatia & Zagreb & Things to Do in Zagreb, 4.0, 45.814926, 15.973435, 510272819, 20170801, 20170801, 5.0, Peter H, /Profile/L9984WRpeterh, cc822fc6ec7196f7dac8ac48363017b9, /Attraction_Review-g294454-d1929841-Reviews-Museum_of_Broken_Relationships-Zagreb_Central_Croatia.html
Museum of Broken Relationships, 223, 650, Specialty Museums & Specialty Museums, Europe & Croatia & Central Croatia & Zagreb & Things to Do in Zagreb, 4.0, 45.814926, 15.973435, 510199727, 20170801, 20170801, 1.0, MJBRB, /Profile/MJBRB, 4a18120ac28a834343a4ed0962b1517e, /Attraction_Review-g294454-d1929841-Reviews-Museum_of_Broken_Relationships-Zagreb_Central_Croatia.html
