review_location_name, review_current_page, review_last_page, review_location_type, review_location_breadcrumbs, review_location_rate, location_lat, location_lng, review_id, review_date, review_experience_date, review_rate, user_name, user_link, user_id, parent_url
Old Castle (Stari Grad), 5, 24, Castles & History Museums & Castles & History Museums, Europe & Croatia & Central Croatia & Varazdin County & Varazdin & Things to Do in Varazdin, 4.5, 46.309532, 16.335196, 608277878, 20180801, 20180801, 4.0, Norlyn P, /Profile/NorlynP, 978b5a96b0c3da3dbcb53c87f064d97f, /Attraction_Review-g303839-d553967-Reviews-Old_Castle_Stari_Grad-Varazdin_Varazdin_County_Central_Croatia.html
Old Castle (Stari Grad), 5, 24, Castles & History Museums & Castles & History Museums, Europe & Croatia & Central Croatia & Varazdin County & Varazdin & Things to Do in Varazdin, 4.5, 46.309532, 16.335196, 607989404, 20180801, 20180801, 5.0, Augusta B, /Profile/415augustab, 5f4d64de39373ace72e6f5bc848dced2, /Attraction_Review-g303839-d553967-Reviews-Old_Castle_Stari_Grad-Varazdin_Varazdin_County_Central_Croatia.html
Old Castle (Stari Grad), 5, 24, Castles & History Museums & Castles & History Museums, Europe & Croatia & Central Croatia & Varazdin County & Varazdin & Things to Do in Varazdin, 4.5, 46.309532, 16.335196, 606367445, 20180801, 20180501, 5.0, Jure112, /Profile/Jure112, b5ef1eea6ecbb4911f003c2fc6903496, /Attraction_Review-g303839-d553967-Reviews-Old_Castle_Stari_Grad-Varazdin_Varazdin_County_Central_Croatia.html
Old Castle (Stari Grad), 5, 24, Castles & History Museums & Castles & History Museums, Europe & Croatia & Central Croatia & Varazdin County & Varazdin & Things to Do in Varazdin, 4.5, 46.309532, 16.335196, 599138700, 20180701, 20180701, 4.0, Bea B, /Profile/839beab, f3c214eb04f9169cc14d79feef3ede8e, /Attraction_Review-g303839-d553967-Reviews-Old_Castle_Stari_Grad-Varazdin_Varazdin_County_Central_Croatia.html
Old Castle (Stari Grad), 5, 24, Castles & History Museums & Castles & History Museums, Europe & Croatia & Central Croatia & Varazdin County & Varazdin & Things to Do in Varazdin, 4.5, 46.309532, 16.335196, 592660500, 20180701, 20180701, 5.0, elindoo, /Profile/elindoo, 1a39264fbdbf07a48e079958097cc4c6, /Attraction_Review-g303839-d553967-Reviews-Old_Castle_Stari_Grad-Varazdin_Varazdin_County_Central_Croatia.html
