review_location_name, review_current_page, review_last_page, review_location_type, review_location_breadcrumbs, review_location_rate, location_lat, location_lng, review_id, review_date, review_experience_date, review_rate, user_name, user_link, user_id, parent_url
Porec Old Town, 217, 234, Historic Sites & Historic Sites, Europe & Croatia & Istria & Porec & Things to Do in Porec, 4.5, 45.227894, 13.593683, 141251362, 20120901, 20120901, 5.0, OAP186411, /Profile/OAP186411, d22ffa30a583965dd366a41e50ba4510, /Attraction_Review-g303829-d523222-Reviews-Porec_Old_Town-Porec_Istria.html
Porec Old Town, 217, 234, Historic Sites & Historic Sites, Europe & Croatia & Istria & Porec & Things to Do in Porec, 4.5, 45.227894, 13.593683, 141110529, 20120901, 20120901, 4.0, William095, /Profile/William095, 65a359efd13251b10eb61f25cf0f538c, /Attraction_Review-g303829-d523222-Reviews-Porec_Old_Town-Porec_Istria.html
Porec Old Town, 217, 234, Historic Sites & Historic Sites, Europe & Croatia & Istria & Porec & Things to Do in Porec, 4.5, 45.227894, 13.593683, 140757652, 20120901, 20120901, 5.0, Croatia H, /Profile/CroatiaH, 0c3b24ea1848fea9bd3c0217605979f1, /Attraction_Review-g303829-d523222-Reviews-Porec_Old_Town-Porec_Istria.html
Porec Old Town, 217, 234, Historic Sites & Historic Sites, Europe & Croatia & Istria & Porec & Things to Do in Porec, 4.5, 45.227894, 13.593683, 140681926, 20120901, 20120901, 5.0, Terry G, /Profile/TerryLGraham, 45421b2c75bdfff3f1e66aeae1c9824b, /Attraction_Review-g303829-d523222-Reviews-Porec_Old_Town-Porec_Istria.html
Porec Old Town, 217, 234, Historic Sites & Historic Sites, Europe & Croatia & Istria & Porec & Things to Do in Porec, 4.5, 45.227894, 13.593683, 140671797, 20120901, 20120901, 5.0, timh11, /Profile/timh11, f15a9bbaf4fcc0d07668901f26556b8b, /Attraction_Review-g303829-d523222-Reviews-Porec_Old_Town-Porec_Istria.html
