review_location_name, review_current_page, review_last_page, review_location_type, review_location_breadcrumbs, review_location_rate, location_lat, location_lng, review_id, review_date, review_experience_date, review_rate, user_name, user_link, user_id, parent_url
Central Square in Trogir, 71, 85, Points of Interest & Landmarks & Points of Interest & Landmarks, Europe & Croatia & Dalmatia & Split-Dalmatia County & Trogir & Things to Do in Trogir, 4.5, 43.51688, 16.25167, 230234775, 20140901, 20140901, 5.0, gmazeman, /Profile/gmazeman, 922bef5e8abee21ef6e35e8e89356681, /Attraction_Review-g303838-d550555-Reviews-Central_Square_in_Trogir-Trogir_Split_Dalmatia_County_Dalmatia.html
Central Square in Trogir, 71, 85, Points of Interest & Landmarks & Points of Interest & Landmarks, Europe & Croatia & Dalmatia & Split-Dalmatia County & Trogir & Things to Do in Trogir, 4.5, 43.51688, 16.25167, 230177487, 20140901, 20140901, 5.0, ordinary-folk, /Profile/ordinary-folk, 31c9edfb89e300cee48a67825fe2c0c2, /Attraction_Review-g303838-d550555-Reviews-Central_Square_in_Trogir-Trogir_Split_Dalmatia_County_Dalmatia.html
Central Square in Trogir, 71, 85, Points of Interest & Landmarks & Points of Interest & Landmarks, Europe & Croatia & Dalmatia & Split-Dalmatia County & Trogir & Things to Do in Trogir, 4.5, 43.51688, 16.25167, 229824994, 20140901, 20140901, 4.0, Joanne379, /Profile/Joanne379, fc63ff5a61bb74e83d602a48adb15860, /Attraction_Review-g303838-d550555-Reviews-Central_Square_in_Trogir-Trogir_Split_Dalmatia_County_Dalmatia.html
Central Square in Trogir, 71, 85, Points of Interest & Landmarks & Points of Interest & Landmarks, Europe & Croatia & Dalmatia & Split-Dalmatia County & Trogir & Things to Do in Trogir, 4.5, 43.51688, 16.25167, 228134689, 20140901, 20140901, 5.0, Gunnel, /Profile/AroundTheWorld000, 44f6ef75aea7904b07c4b1dfaf675e7c, /Attraction_Review-g303838-d550555-Reviews-Central_Square_in_Trogir-Trogir_Split_Dalmatia_County_Dalmatia.html
Central Square in Trogir, 71, 85, Points of Interest & Landmarks & Points of Interest & Landmarks, Europe & Croatia & Dalmatia & Split-Dalmatia County & Trogir & Things to Do in Trogir, 4.5, 43.51688, 16.25167, 227922708, 20140901, 20140901, 5.0, Yvonne119, /Profile/Yvonne119, bebdf08464ea15b1a72f37b7d4f614e7, /Attraction_Review-g303838-d550555-Reviews-Central_Square_in_Trogir-Trogir_Split_Dalmatia_County_Dalmatia.html
