review_location_name, review_current_page, review_last_page, review_location_type, review_location_breadcrumbs, review_location_rate, location_lat, location_lng, review_id, review_date, review_experience_date, review_rate, user_name, user_link, user_id, parent_url
Kastel, 31, 49, Historic Sites & Castles & Historic Sites & Castles, Europe & Croatia & Istria & Pula & Things to Do in Pula, 4.0, 44.87038, 13.84521, 408188231, 20160801, 20160801, 4.0, nirkules, /Profile/nirkules, 356cc32a7b9e3fb0f9e41098a754292e, /Attraction_Review-g295373-d553266-Reviews-Kastel-Pula_Istria.html
Kastel, 31, 49, Historic Sites & Castles & Historic Sites & Castles, Europe & Croatia & Istria & Pula & Things to Do in Pula, 4.0, 44.87038, 13.84521, 407988286, 20160801, 20160801, 3.0, oscar s, /Profile/J4342XZoscars, 9736c252156112bbf9788269826d1bc3, /Attraction_Review-g295373-d553266-Reviews-Kastel-Pula_Istria.html
Kastel, 31, 49, Historic Sites & Castles & Historic Sites & Castles, Europe & Croatia & Istria & Pula & Things to Do in Pula, 4.0, 44.87038, 13.84521, 404172688, 20160801, 20150901, 5.0, Jarkko J. A. T, /Profile/Departure663474, b1839b1108b8e480efd607aad46048f8, /Attraction_Review-g295373-d553266-Reviews-Kastel-Pula_Istria.html
Kastel, 31, 49, Historic Sites & Castles & Historic Sites & Castles, Europe & Croatia & Istria & Pula & Things to Do in Pula, 4.0, 44.87038, 13.84521, 404143109, 20160801, 20160801, 5.0, Gill B, /Profile/51gillb, 2a469c2fc02fab40518955c29c906552, /Attraction_Review-g295373-d553266-Reviews-Kastel-Pula_Istria.html
Kastel, 31, 49, Historic Sites & Castles & Historic Sites & Castles, Europe & Croatia & Istria & Pula & Things to Do in Pula, 4.0, 44.87038, 13.84521, 403160247, 20160801, 20160801, 5.0, meinthecity a, /Profile/meinthecitya, f04952dc151ee7bb98d45bbc1b763349, /Attraction_Review-g295373-d553266-Reviews-Kastel-Pula_Istria.html
