review_location_name, review_current_page, review_last_page, review_location_type, review_location_breadcrumbs, review_location_rate, location_lat, location_lng, review_id, review_date, review_experience_date, review_rate, user_name, user_link, user_id, parent_url
Mirogoj Cemetery, 102, 165, Cemeteries & Cemeteries, Europe & Croatia & Central Croatia & Zagreb & Things to Do in Zagreb, 4.5, 45.83741, 15.98371, 309498462, 20150901, 20150801, 5.0, Charles C, /Profile/charlescO2236BN, 1a0fae9dc43ee214db376a3cfc1e5a7a, /Attraction_Review-g294454-d316812-Reviews-Mirogoj_Cemetery-Zagreb_Central_Croatia.html
Mirogoj Cemetery, 102, 165, Cemeteries & Cemeteries, Europe & Croatia & Central Croatia & Zagreb & Things to Do in Zagreb, 4.5, 45.83741, 15.98371, 309490046, 20150901, 20150901, 5.0, ptarmigan11, /Profile/ptarmigan11, 413c2f2851127d34822de414f55bcf1c, /Attraction_Review-g294454-d316812-Reviews-Mirogoj_Cemetery-Zagreb_Central_Croatia.html
Mirogoj Cemetery, 102, 165, Cemeteries & Cemeteries, Europe & Croatia & Central Croatia & Zagreb & Things to Do in Zagreb, 4.5, 45.83741, 15.98371, 309263780, 20150901, 20150901, 5.0, ToleneZG, /Profile/ToleneZG, 2fd67781e65c56f86bac80a206f82e3e, /Attraction_Review-g294454-d316812-Reviews-Mirogoj_Cemetery-Zagreb_Central_Croatia.html
Mirogoj Cemetery, 102, 165, Cemeteries & Cemeteries, Europe & Croatia & Central Croatia & Zagreb & Things to Do in Zagreb, 4.5, 45.83741, 15.98371, 309218113, 20150901, 20150901, 5.0, pravinjn, /Profile/pravinjn, 28ffc5a0ad9935fb5b4453712b0461c0, /Attraction_Review-g294454-d316812-Reviews-Mirogoj_Cemetery-Zagreb_Central_Croatia.html
Mirogoj Cemetery, 102, 165, Cemeteries & Cemeteries, Europe & Croatia & Central Croatia & Zagreb & Things to Do in Zagreb, 4.5, 45.83741, 15.98371, 308555687, 20150901, 20150701, 5.0, Wellington Wine Walks, /Profile/wellywinewalks, a13c31ed225c565d7c5cdeeb69555a82, /Attraction_Review-g294454-d316812-Reviews-Mirogoj_Cemetery-Zagreb_Central_Croatia.html
