review_location_name, review_current_page, review_last_page, review_location_type, review_location_breadcrumbs, review_location_rate, location_lat, location_lng, review_id, review_date, review_experience_date, review_rate, user_name, user_link, user_id, parent_url
Port of Rovinj, 44, 138, Points of Interest & Landmarks & Historic Walking Areas & Points of Interest & Landmarks & Historic Walking Areas, Europe & Croatia & Istria & Rovinj & Things to Do in Rovinj, 4.5, 45.08182, 13.634861, 501446328, 20170701, 20170501, 4.0, Glorietta_52, /Profile/Glorietta_52, e9b48ee8070817f3018214f105bc82ec, /Attraction_Review-g303833-d550261-Reviews-Port_of_Rovinj-Rovinj_Istria.html
Port of Rovinj, 44, 138, Points of Interest & Landmarks & Historic Walking Areas & Points of Interest & Landmarks & Historic Walking Areas, Europe & Croatia & Istria & Rovinj & Things to Do in Rovinj, 4.5, 45.08182, 13.634861, 501116252, 20170701, 20170701, 5.0, Jacqui662, /Profile/Jacqui662, cb70d9107cdef6ebc8f07ad1e64698c7, /Attraction_Review-g303833-d550261-Reviews-Port_of_Rovinj-Rovinj_Istria.html
Port of Rovinj, 44, 138, Points of Interest & Landmarks & Historic Walking Areas & Points of Interest & Landmarks & Historic Walking Areas, Europe & Croatia & Istria & Rovinj & Things to Do in Rovinj, 4.5, 45.08182, 13.634861, 499937775, 20170701, 20170701, 5.0, Marisa G, /Profile/301marisag, 7efb5122f13697de1728236117823239, /Attraction_Review-g303833-d550261-Reviews-Port_of_Rovinj-Rovinj_Istria.html
Port of Rovinj, 44, 138, Points of Interest & Landmarks & Historic Walking Areas & Points of Interest & Landmarks & Historic Walking Areas, Europe & Croatia & Istria & Rovinj & Things to Do in Rovinj, 4.5, 45.08182, 13.634861, 498905553, 20170701, 20170601, 5.0, Rachel M, /Profile/rachelmD2261ZH, cb90ffe42676ee64cfdacb062a0b91e9, /Attraction_Review-g303833-d550261-Reviews-Port_of_Rovinj-Rovinj_Istria.html
Port of Rovinj, 44, 138, Points of Interest & Landmarks & Historic Walking Areas & Points of Interest & Landmarks & Historic Walking Areas, Europe & Croatia & Istria & Rovinj & Things to Do in Rovinj, 4.5, 45.08182, 13.634861, 498672374, 20170701, 20170701, 4.0, Chris B, /Profile/chrisbX6138BA, ed62d4ad0b6a8d9eadefdd51d479a95d, /Attraction_Review-g303833-d550261-Reviews-Port_of_Rovinj-Rovinj_Istria.html
