review_location_name, review_current_page, review_last_page, review_location_type, review_location_breadcrumbs, review_location_rate, location_lat, location_lng, review_id, review_date, review_experience_date, review_rate, user_name, user_link, user_id, parent_url
Lighting Giants, 4, 9, Points of Interest & Landmarks & Points of Interest & Landmarks, Europe & Croatia & Istria & Pula & Things to Do in Pula, 3.5, 44.871258, 13.84184, 620451157, 20180901, 20180801, 4.0, foxy_llama15, /Profile/foxy_llama15, 43a4a5375c545945fd33fc677ac01c1a, /Attraction_Review-g295373-d10619147-Reviews-Lighting_Giants-Pula_Istria.html
Lighting Giants, 4, 9, Points of Interest & Landmarks & Points of Interest & Landmarks, Europe & Croatia & Istria & Pula & Things to Do in Pula, 3.5, 44.871258, 13.84184, 618587125, 20180901, 20180901, 2.0, Davidcarly, /Profile/Davidcarly, 7d56ec6782c2104d699126b8007aa929, /Attraction_Review-g295373-d10619147-Reviews-Lighting_Giants-Pula_Istria.html
Lighting Giants, 4, 9, Points of Interest & Landmarks & Points of Interest & Landmarks, Europe & Croatia & Istria & Pula & Things to Do in Pula, 3.5, 44.871258, 13.84184, 618176951, 20180901, 20180901, 4.0, lovetheunexpected, /Profile/lovetheunexpected, 3b3267ebafc6112eed2bde88de720b8d, /Attraction_Review-g295373-d10619147-Reviews-Lighting_Giants-Pula_Istria.html
Lighting Giants, 4, 9, Points of Interest & Landmarks & Points of Interest & Landmarks, Europe & Croatia & Istria & Pula & Things to Do in Pula, 3.5, 44.871258, 13.84184, 618035426, 20180901, 20180901, 3.0, Oguzhan B, /Profile/600oguzhanb, dd83d23620d7ec8c84bce689034831f9, /Attraction_Review-g295373-d10619147-Reviews-Lighting_Giants-Pula_Istria.html
Lighting Giants, 4, 9, Points of Interest & Landmarks & Points of Interest & Landmarks, Europe & Croatia & Istria & Pula & Things to Do in Pula, 3.5, 44.871258, 13.84184, 612203259, 20180801, 20180801, 2.0, neil_hun, /Profile/neil_hun, d5eb83cc756cc27f1fd0691237818a2c, /Attraction_Review-g295373-d10619147-Reviews-Lighting_Giants-Pula_Istria.html
