review_location_name, review_current_page, review_last_page, review_location_type, review_location_breadcrumbs, review_location_rate, location_lat, location_lng, review_id, review_date, review_experience_date, review_rate, user_name, user_link, user_id, parent_url
Upper Town (Gornji Grad), 212, 271, Neighborhoods & Historic Walking Areas & Neighborhoods & Historic Walking Areas, Europe & Croatia & Central Croatia & Zagreb & Things to Do in Zagreb, 4.5, 45.815865, 15.973506, 234133008, 20141001, 20140901, 4.0, JazboOttawa, /Profile/JazboOttawa, 6feeacc861d880008800cf501af8949a, /Attraction_Review-g294454-d549627-Reviews-Upper_Town_Gornji_Grad-Zagreb_Central_Croatia.html
Upper Town (Gornji Grad), 212, 271, Neighborhoods & Historic Walking Areas & Neighborhoods & Historic Walking Areas, Europe & Croatia & Central Croatia & Zagreb & Things to Do in Zagreb, 4.5, 45.815865, 15.973506, 233839814, 20141001, 20140901, 5.0, Inga G, /Profile/986ingag, 10aca1ba43991e72b47b8c59162e0dd1, /Attraction_Review-g294454-d549627-Reviews-Upper_Town_Gornji_Grad-Zagreb_Central_Croatia.html
Upper Town (Gornji Grad), 212, 271, Neighborhoods & Historic Walking Areas & Neighborhoods & Historic Walking Areas, Europe & Croatia & Central Croatia & Zagreb & Things to Do in Zagreb, 4.5, 45.815865, 15.973506, 233575116, 20141001, 20140501, 4.0, kalinya_1, /Profile/kalinya_1, d56281b9e63958f7c29ad9e40fecabd8, /Attraction_Review-g294454-d549627-Reviews-Upper_Town_Gornji_Grad-Zagreb_Central_Croatia.html
Upper Town (Gornji Grad), 212, 271, Neighborhoods & Historic Walking Areas & Neighborhoods & Historic Walking Areas, Europe & Croatia & Central Croatia & Zagreb & Things to Do in Zagreb, 4.5, 45.815865, 15.973506, 233214539, 20141001, 20140701, 3.0, Phil, /Profile/BusterDog8031, d57af71e73a04bfe130ce732b3d42182, /Attraction_Review-g294454-d549627-Reviews-Upper_Town_Gornji_Grad-Zagreb_Central_Croatia.html
Upper Town (Gornji Grad), 212, 271, Neighborhoods & Historic Walking Areas & Neighborhoods & Historic Walking Areas, Europe & Croatia & Central Croatia & Zagreb & Things to Do in Zagreb, 4.5, 45.815865, 15.973506, 232982927, 20141001, 20141001, 5.0, Goldenski, /Profile/Goldenski, f06acdf89b0ece78605bcb4fe5bf602a, /Attraction_Review-g294454-d549627-Reviews-Upper_Town_Gornji_Grad-Zagreb_Central_Croatia.html
