review_location_name, review_current_page, review_last_page, review_location_type, review_location_breadcrumbs, review_location_rate, location_lat, location_lng, review_id, review_date, review_experience_date, review_rate, user_name, user_link, user_id, parent_url
Zagreb Orthodox Cathedral, 3, 6, Churches & Cathedrals & Churches & Cathedrals, Europe & Croatia & Central Croatia & Zagreb & Things to Do in Zagreb, 4.0, 45.81421, 15.99107, 495225906, 20170601, 20170501, 5.0, jabuka11, /Profile/jabuka11, 4a4bf885b9171a907bf46bf9e8d1921e, /Attraction_Review-g294454-d7340161-Reviews-Zagreb_Orthodox_Cathedral-Zagreb_Central_Croatia.html
Zagreb Orthodox Cathedral, 3, 6, Churches & Cathedrals & Churches & Cathedrals, Europe & Croatia & Central Croatia & Zagreb & Things to Do in Zagreb, 4.0, 45.81421, 15.99107, 469356999, 20170301, 20170301, 4.0, Myrna M, /Profile/827myrnam, 78bffcad9635a27a6365000130ea49b0, /Attraction_Review-g294454-d7340161-Reviews-Zagreb_Orthodox_Cathedral-Zagreb_Central_Croatia.html
Zagreb Orthodox Cathedral, 3, 6, Churches & Cathedrals & Churches & Cathedrals, Europe & Croatia & Central Croatia & Zagreb & Things to Do in Zagreb, 4.0, 45.81421, 15.99107, 436691782, 20161101, 20161001, 5.0, marijansesvete, /Profile/marijansesvete, a64b3f54897c06be3ba4a9f2b2918e3b, /Attraction_Review-g294454-d7340161-Reviews-Zagreb_Orthodox_Cathedral-Zagreb_Central_Croatia.html
Zagreb Orthodox Cathedral, 3, 6, Churches & Cathedrals & Churches & Cathedrals, Europe & Croatia & Central Croatia & Zagreb & Things to Do in Zagreb, 4.0, 45.81421, 15.99107, 428635073, 20161001, 20161001, 4.0, drjsaleh, /Profile/TravellingBoneDoctor, f3357ecf74c52cce49a161ef791051ba, /Attraction_Review-g294454-d7340161-Reviews-Zagreb_Orthodox_Cathedral-Zagreb_Central_Croatia.html
Zagreb Orthodox Cathedral, 3, 6, Churches & Cathedrals & Churches & Cathedrals, Europe & Croatia & Central Croatia & Zagreb & Things to Do in Zagreb, 4.0, 45.81421, 15.99107, 424832787, 20161001, 20160901, 4.0, BKandCB, /Profile/BKandCB, d894534f9a9113ebd4591ef2394feb55, /Attraction_Review-g294454-d7340161-Reviews-Zagreb_Orthodox_Cathedral-Zagreb_Central_Croatia.html
