review_location_name, review_current_page, review_last_page, review_location_type, review_location_breadcrumbs, review_location_rate, location_lat, location_lng, review_id, review_date, review_experience_date, review_rate, user_name, user_link, user_id, parent_url
Stradun, 103, 278, Points of Interest & Landmarks & Historic Walking Areas & Points of Interest & Landmarks & Historic Walking Areas, Europe & Croatia & Dalmatia & Dubrovnik-Neretva County & Dubrovnik & Things to Do in Dubrovnik, 4.5, 42.64137, 18.10891, 489755148, 20170601, 20170501, 5.0, nsno1966, /Profile/nsno1966, 0d34664487a45095262d9285b1867f27, /Attraction_Review-g295371-d550238-Reviews-Stradun-Dubrovnik_Dubrovnik_Neretva_County_Dalmatia.html
Stradun, 103, 278, Points of Interest & Landmarks & Historic Walking Areas & Points of Interest & Landmarks & Historic Walking Areas, Europe & Croatia & Dalmatia & Dubrovnik-Neretva County & Dubrovnik & Things to Do in Dubrovnik, 4.5, 42.64137, 18.10891, 489733869, 20170601, 20170501, 5.0, Anonymous855, /Profile/Anonymous855, 2a7f89039cc7a46790e73f3ade9e83c4, /Attraction_Review-g295371-d550238-Reviews-Stradun-Dubrovnik_Dubrovnik_Neretva_County_Dalmatia.html
Stradun, 103, 278, Points of Interest & Landmarks & Historic Walking Areas & Points of Interest & Landmarks & Historic Walking Areas, Europe & Croatia & Dalmatia & Dubrovnik-Neretva County & Dubrovnik & Things to Do in Dubrovnik, 4.5, 42.64137, 18.10891, 488668870, 20170501, 20170501, 4.0, Tarique Iqbal, /Profile/TariqueIqbal, dd1331fa3c13f846061b2bae40e477b4, /Attraction_Review-g295371-d550238-Reviews-Stradun-Dubrovnik_Dubrovnik_Neretva_County_Dalmatia.html
Stradun, 103, 278, Points of Interest & Landmarks & Historic Walking Areas & Points of Interest & Landmarks & Historic Walking Areas, Europe & Croatia & Dalmatia & Dubrovnik-Neretva County & Dubrovnik & Things to Do in Dubrovnik, 4.5, 42.64137, 18.10891, 488468310, 20170501, 20170501, 5.0, Aviram M, /Profile/32aviramm, d01ad309e59beae1fb46ffad862f2fbb, /Attraction_Review-g295371-d550238-Reviews-Stradun-Dubrovnik_Dubrovnik_Neretva_County_Dalmatia.html
Stradun, 103, 278, Points of Interest & Landmarks & Historic Walking Areas & Points of Interest & Landmarks & Historic Walking Areas, Europe & Croatia & Dalmatia & Dubrovnik-Neretva County & Dubrovnik & Things to Do in Dubrovnik, 4.5, 42.64137, 18.10891, 488144802, 20170501, 20170501, 5.0, mycrest, /Profile/mycrest, 84de3ce3db01975790b5ba46d31b8c97, /Attraction_Review-g295371-d550238-Reviews-Stradun-Dubrovnik_Dubrovnik_Neretva_County_Dalmatia.html
