review_location_name, review_current_page, review_last_page, review_location_type, review_location_breadcrumbs, review_location_rate, location_lat, location_lng, review_id, review_date, review_experience_date, review_rate, user_name, user_link, user_id, parent_url
Aquarium Pula, 75, 95, Zoos & Aquariums & Educational sites & Zoos & Aquariums & Educational sites, Europe & Croatia & Istria & Pula & Things to Do in Pula, 4.0, 44.83518, 13.832781, 351339167, 20160201, 20150901, 4.0, Debbie S, /Profile/Sammo2, a71833e03d0cbf0a6ee00dc07efa7483, /Attraction_Review-g295373-d4292154-Reviews-Aquarium_Pula-Pula_Istria.html
Aquarium Pula, 75, 95, Zoos & Aquariums & Educational sites & Zoos & Aquariums & Educational sites, Europe & Croatia & Istria & Pula & Things to Do in Pula, 4.0, 44.83518, 13.832781, 342281532, 20160101, 20151001, 4.0, Gubbinski, /Profile/Gubbinski, e9f2a23595538062b5844e1f1b9e70af, /Attraction_Review-g295373-d4292154-Reviews-Aquarium_Pula-Pula_Istria.html
Aquarium Pula, 75, 95, Zoos & Aquariums & Educational sites & Zoos & Aquariums & Educational sites, Europe & Croatia & Istria & Pula & Things to Do in Pula, 4.0, 44.83518, 13.832781, 337342630, 20160101, 20151201, 5.0, samekromes, /Profile/samekromes, 7bba9efbd18516b2ed328d53a5f859ef, /Attraction_Review-g295373-d4292154-Reviews-Aquarium_Pula-Pula_Istria.html
Aquarium Pula, 75, 95, Zoos & Aquariums & Educational sites & Zoos & Aquariums & Educational sites, Europe & Croatia & Istria & Pula & Things to Do in Pula, 4.0, 44.83518, 13.832781, 323823770, 20151101, 20151001, 5.0, Fran O, /Profile/frannyon, 6d9aa4c2d2a7355c406499fd03f8cc01, /Attraction_Review-g295373-d4292154-Reviews-Aquarium_Pula-Pula_Istria.html
Aquarium Pula, 75, 95, Zoos & Aquariums & Educational sites & Zoos & Aquariums & Educational sites, Europe & Croatia & Istria & Pula & Things to Do in Pula, 4.0, 44.83518, 13.832781, 323341936, 20151001, 20151001, 4.0, SallyJBooth, /Profile/SallyJBooth, 83874b3893dfca34d9e26a98b27ee4cf, /Attraction_Review-g295373-d4292154-Reviews-Aquarium_Pula-Pula_Istria.html
