review_location_name, review_current_page, review_last_page, review_location_type, review_location_breadcrumbs, review_location_rate, location_lat, location_lng, review_id, review_date, review_experience_date, review_rate, user_name, user_link, user_id, parent_url
Town Hall Sibenik, 12, 13, Architectural Buildings & Architectural Buildings, Europe & Croatia & Dalmatia & Sibenik-Knin County & Sibenik & Things to Do in Sibenik, 4.0, 43.73565, 15.88959, 263210005, 20150401, 20150301, 5.0, Mladen21, /Profile/Mladen21, 491dc3fde93c6b46daa8d3e7662ea101, /Attraction_Review-g295375-d555083-Reviews-Town_Hall_Sibenik-Sibenik_Sibenik_Knin_County_Dalmatia.html
Town Hall Sibenik, 12, 13, Architectural Buildings & Architectural Buildings, Europe & Croatia & Dalmatia & Sibenik-Knin County & Sibenik & Things to Do in Sibenik, 4.0, 43.73565, 15.88959, 255631462, 20150201, 20141001, 3.0, David T, /Profile/DavidT969, 355470fb55aeef7c98d8b720d830461b, /Attraction_Review-g295375-d555083-Reviews-Town_Hall_Sibenik-Sibenik_Sibenik_Knin_County_Dalmatia.html
Town Hall Sibenik, 12, 13, Architectural Buildings & Architectural Buildings, Europe & Croatia & Dalmatia & Sibenik-Knin County & Sibenik & Things to Do in Sibenik, 4.0, 43.73565, 15.88959, 246523523, 20141201, 20140701, 5.0, Zhivko_Zhelyazkov, /Profile/Zhivko_Zhelyazkov, b67b31aff718999387f5fbfdf5948ea4, /Attraction_Review-g295375-d555083-Reviews-Town_Hall_Sibenik-Sibenik_Sibenik_Knin_County_Dalmatia.html
Town Hall Sibenik, 12, 13, Architectural Buildings & Architectural Buildings, Europe & Croatia & Dalmatia & Sibenik-Knin County & Sibenik & Things to Do in Sibenik, 4.0, 43.73565, 15.88959, 228102253, 20140901, 20140801, 4.0, Chris L, /Profile/ChrisL420, 62402bfd2bd4065ff466ed35247b0870, /Attraction_Review-g295375-d555083-Reviews-Town_Hall_Sibenik-Sibenik_Sibenik_Knin_County_Dalmatia.html
Town Hall Sibenik, 12, 13, Architectural Buildings & Architectural Buildings, Europe & Croatia & Dalmatia & Sibenik-Knin County & Sibenik & Things to Do in Sibenik, 4.0, 43.73565, 15.88959, 158051723, 20130401, 20130401, 4.0, Dalesman_Abroad, /Profile/Dalesman_Abroad, fc35f48608d95982b7074ef7d53bf9a7, /Attraction_Review-g295375-d555083-Reviews-Town_Hall_Sibenik-Sibenik_Sibenik_Knin_County_Dalmatia.html
