review_location_name, review_current_page, review_last_page, review_location_type, review_location_breadcrumbs, review_location_rate, location_lat, location_lng, review_id, review_date, review_experience_date, review_rate, user_name, user_link, user_id, parent_url
Old Split, 345, 357, Historic Sites & Historic Sites, Europe & Croatia & Dalmatia & Split-Dalmatia County & Split & Things to Do in Split, 4.5, 43.50949, 16.43938, 137865051, 20120801, 20120801, 4.0, Sarah Jayne W, /Profile/Sarjay77, 7a60a8ade1eff0ab79d358c9ea0871ca, /Attraction_Review-g295370-d548054-Reviews-Old_Split-Split_Split_Dalmatia_County_Dalmatia.html
Old Split, 345, 357, Historic Sites & Historic Sites, Europe & Croatia & Dalmatia & Split-Dalmatia County & Split & Things to Do in Split, 4.5, 43.50949, 16.43938, 137590138, 20120801, 20120701, 4.0, CzechSkippyMelb, /Profile/CzechSkippyMelb, f724b81f764fb4423c4bb862fa759c23, /Attraction_Review-g295370-d548054-Reviews-Old_Split-Split_Split_Dalmatia_County_Dalmatia.html
Old Split, 345, 357, Historic Sites & Historic Sites, Europe & Croatia & Dalmatia & Split-Dalmatia County & Split & Things to Do in Split, 4.5, 43.50949, 16.43938, 137323609, 20120801, 20120801, 4.0, Nigel L, /Profile/Ollie39, 87c1c38b6e7e490454e49db5490c591c, /Attraction_Review-g295370-d548054-Reviews-Old_Split-Split_Split_Dalmatia_County_Dalmatia.html
Old Split, 345, 357, Historic Sites & Historic Sites, Europe & Croatia & Dalmatia & Split-Dalmatia County & Split & Things to Do in Split, 4.5, 43.50949, 16.43938, 137165443, 20120801, 20120801, 5.0, alwaysunderway, /Profile/alwaysunderway, 5c51e23fc4247c74bfb6c6839851d1e0, /Attraction_Review-g295370-d548054-Reviews-Old_Split-Split_Split_Dalmatia_County_Dalmatia.html
Old Split, 345, 357, Historic Sites & Historic Sites, Europe & Croatia & Dalmatia & Split-Dalmatia County & Split & Things to Do in Split, 4.5, 43.50949, 16.43938, 137012999, 20120801, 20120801, 5.0, AnnieW2011, /Profile/AnnieW2011, 93dd05b39223d0d9b55ba782d4db0311, /Attraction_Review-g295370-d548054-Reviews-Old_Split-Split_Split_Dalmatia_County_Dalmatia.html
