review_location_name, review_current_page, review_last_page, review_location_type, review_location_breadcrumbs, review_location_rate, location_lat, location_lng, review_id, review_date, review_experience_date, review_rate, user_name, user_link, user_id, parent_url
Old Town, 1358, 2476, Neighborhoods & Neighborhoods, Europe & Croatia & Dalmatia & Dubrovnik-Neretva County & Dubrovnik & Things to Do in Dubrovnik, 4.5, 42.64129, 18.109331, 394751144, 20160701, 20160701, 2.0, pachanga582015, /Profile/pachanga582015, 0ce1f229b399c4255e5b13f431196c46, /Attraction_Review-g295371-d550317-Reviews-Old_Town-Dubrovnik_Dubrovnik_Neretva_County_Dalmatia.html
Old Town, 1358, 2476, Neighborhoods & Neighborhoods, Europe & Croatia & Dalmatia & Dubrovnik-Neretva County & Dubrovnik & Things to Do in Dubrovnik, 4.5, 42.64129, 18.109331, 394579266, 20160701, 20160701, 5.0, Thomas H, /Profile/thomashD7066YB, 3159f5fa7fd4cb22ba75f5bc3716baeb, /Attraction_Review-g295371-d550317-Reviews-Old_Town-Dubrovnik_Dubrovnik_Neretva_County_Dalmatia.html
Old Town, 1358, 2476, Neighborhoods & Neighborhoods, Europe & Croatia & Dalmatia & Dubrovnik-Neretva County & Dubrovnik & Things to Do in Dubrovnik, 4.5, 42.64129, 18.109331, 394573755, 20160701, 20160701, 5.0, Billy Freezer, /Profile/billyfreezer, 492f4734323092ab76b9dcc9d518119f, /Attraction_Review-g295371-d550317-Reviews-Old_Town-Dubrovnik_Dubrovnik_Neretva_County_Dalmatia.html
Old Town, 1358, 2476, Neighborhoods & Neighborhoods, Europe & Croatia & Dalmatia & Dubrovnik-Neretva County & Dubrovnik & Things to Do in Dubrovnik, 4.5, 42.64129, 18.109331, 394549571, 20160701, 20160701, 5.0, 123paulala, /Profile/123paulala, f14fe774a16fdd9cb884b8007e3902e1, /Attraction_Review-g295371-d550317-Reviews-Old_Town-Dubrovnik_Dubrovnik_Neretva_County_Dalmatia.html
Old Town, 1358, 2476, Neighborhoods & Neighborhoods, Europe & Croatia & Dalmatia & Dubrovnik-Neretva County & Dubrovnik & Things to Do in Dubrovnik, 4.5, 42.64129, 18.109331, 394537579, 20160701, 20160701, 5.0, DianaIK, /Profile/DianaIK, c81e9e41cc19b2c6f091d02951fb3287, /Attraction_Review-g295371-d550317-Reviews-Old_Town-Dubrovnik_Dubrovnik_Neretva_County_Dalmatia.html
