review_location_name, review_current_page, review_last_page, review_location_type, review_location_breadcrumbs, review_location_rate, location_lat, location_lng, review_id, review_date, review_experience_date, review_rate, user_name, user_link, user_id, parent_url
Starigrad Fortress, 14, 35, Historic Sites & Points of Interest & Landmarks & Castles & Historic Sites & Points of Interest & Landmarks & Castles, Europe & Croatia & Dalmatia & Split-Dalmatia County & Omis & Things to Do in Omis, 4.5, 43.444847, 16.699972, 587612203, 20180601, 20180601, 5.0, Chris B, /Profile/ChrisB384, 721d3305c56804966a7e94f1aca7aeb4, /Attraction_Review-g644074-d3330304-Reviews-Starigrad_Fortress-Omis_Split_Dalmatia_County_Dalmatia.html
Starigrad Fortress, 14, 35, Historic Sites & Points of Interest & Landmarks & Castles & Historic Sites & Points of Interest & Landmarks & Castles, Europe & Croatia & Dalmatia & Split-Dalmatia County & Omis & Things to Do in Omis, 4.5, 43.444847, 16.699972, 583430292, 20180501, 20180501, 5.0, sconstantine23, /Profile/sconstantine23, cadd1a32941b0bf8602076db02dce96e, /Attraction_Review-g644074-d3330304-Reviews-Starigrad_Fortress-Omis_Split_Dalmatia_County_Dalmatia.html
Starigrad Fortress, 14, 35, Historic Sites & Points of Interest & Landmarks & Castles & Historic Sites & Points of Interest & Landmarks & Castles, Europe & Croatia & Dalmatia & Split-Dalmatia County & Omis & Things to Do in Omis, 4.5, 43.444847, 16.699972, 577939628, 20180501, 20180501, 5.0, Maria, /Profile/maryniaa, 98dbfd3403f215c57bde166647246fff, /Attraction_Review-g644074-d3330304-Reviews-Starigrad_Fortress-Omis_Split_Dalmatia_County_Dalmatia.html
Starigrad Fortress, 14, 35, Historic Sites & Points of Interest & Landmarks & Castles & Historic Sites & Points of Interest & Landmarks & Castles, Europe & Croatia & Dalmatia & Split-Dalmatia County & Omis & Things to Do in Omis, 4.5, 43.444847, 16.699972, 553232336, 20180101, 20170801, 5.0, Nikusha14, /Profile/Nikusha14, d2d9473afa275f91490be70b87dde511, /Attraction_Review-g644074-d3330304-Reviews-Starigrad_Fortress-Omis_Split_Dalmatia_County_Dalmatia.html
Starigrad Fortress, 14, 35, Historic Sites & Points of Interest & Landmarks & Castles & Historic Sites & Points of Interest & Landmarks & Castles, Europe & Croatia & Dalmatia & Split-Dalmatia County & Omis & Things to Do in Omis, 4.5, 43.444847, 16.699972, 537785836, 20171101, 20170901, 5.0, MKPL, /Profile/markokovacputniklik, 4fc49757a95fcc08a6f2c58786602eae, /Attraction_Review-g644074-d3330304-Reviews-Starigrad_Fortress-Omis_Split_Dalmatia_County_Dalmatia.html
