review_location_name, review_current_page, review_last_page, review_location_type, review_location_breadcrumbs, review_location_rate, location_lat, location_lng, review_id, review_date, review_experience_date, review_rate, user_name, user_link, user_id, parent_url
Galerija Mestrovic, 25, 79, Art Museums & Art Museums, Europe & Croatia & Dalmatia & Split-Dalmatia County & Split & Things to Do in Split, 4.5, 43.504574, 16.418121, 498483294, 20170701, 20160901, 5.0, InnesBedlington, /Profile/InnesBedlington, eb0d35fc6bc2065b46b8f8b0f3f2d436, /Attraction_Review-g295370-d1171939-Reviews-Galerija_Mestrovic-Split_Split_Dalmatia_County_Dalmatia.html
Galerija Mestrovic, 25, 79, Art Museums & Art Museums, Europe & Croatia & Dalmatia & Split-Dalmatia County & Split & Things to Do in Split, 4.5, 43.504574, 16.418121, 497754556, 20170701, 20170701, 5.0, Pepperjackm, /Profile/Pepperjackm, 1fc1ba754d963870afda4393966bfb1b, /Attraction_Review-g295370-d1171939-Reviews-Galerija_Mestrovic-Split_Split_Dalmatia_County_Dalmatia.html
Galerija Mestrovic, 25, 79, Art Museums & Art Museums, Europe & Croatia & Dalmatia & Split-Dalmatia County & Split & Things to Do in Split, 4.5, 43.504574, 16.418121, 496925319, 20170601, 20170501, 5.0, WImom, /Profile/WImom, 6cb9e8fa4937d6136e102dbd1c86987b, /Attraction_Review-g295370-d1171939-Reviews-Galerija_Mestrovic-Split_Split_Dalmatia_County_Dalmatia.html
Galerija Mestrovic, 25, 79, Art Museums & Art Museums, Europe & Croatia & Dalmatia & Split-Dalmatia County & Split & Things to Do in Split, 4.5, 43.504574, 16.418121, 496577233, 20170601, 20170501, 5.0, Kathlene C, /Profile/60kathlenec, da6e62d3e201c338bd38445aa53e8a80, /Attraction_Review-g295370-d1171939-Reviews-Galerija_Mestrovic-Split_Split_Dalmatia_County_Dalmatia.html
Galerija Mestrovic, 25, 79, Art Museums & Art Museums, Europe & Croatia & Dalmatia & Split-Dalmatia County & Split & Things to Do in Split, 4.5, 43.504574, 16.418121, 495981152, 20170601, 20170601, 5.0, Don S, /Profile/dons262, b070c87d0cfe3678d94840b50615ed06, /Attraction_Review-g295370-d1171939-Reviews-Galerija_Mestrovic-Split_Split_Dalmatia_County_Dalmatia.html
