review_location_name, review_current_page, review_last_page, review_location_type, review_location_breadcrumbs, review_location_rate, location_lat, location_lng, review_id, review_date, review_experience_date, review_rate, user_name, user_link, user_id, parent_url
Mljet National Park, 55, 187, National Parks & Islands & National Parks & Islands, Europe & Croatia & Dalmatia & Dubrovnik-Neretva County & Mljet Island & Things to Do in Mljet Island, 4.5, 42.77924, 17.38444, 498203908, 20170701, 20170701, 4.0, TwoSheds57, /Profile/TwoSheds57, 83233548a1d37753f066e8f39778e93e, /Attraction_Review-g1501915-d548269-Reviews-Mljet_National_Park-Mljet_Island_Dubrovnik_Neretva_County_Dalmatia.html
Mljet National Park, 55, 187, National Parks & Islands & National Parks & Islands, Europe & Croatia & Dalmatia & Dubrovnik-Neretva County & Mljet Island & Things to Do in Mljet Island, 4.5, 42.77924, 17.38444, 497517922, 20170601, 20170601, 3.0, Emma W, /Profile/T2573ZLemmaw, 36ecec646819eed6d7d181298b5cc191, /Attraction_Review-g1501915-d548269-Reviews-Mljet_National_Park-Mljet_Island_Dubrovnik_Neretva_County_Dalmatia.html
Mljet National Park, 55, 187, National Parks & Islands & National Parks & Islands, Europe & Croatia & Dalmatia & Dubrovnik-Neretva County & Mljet Island & Things to Do in Mljet Island, 4.5, 42.77924, 17.38444, 497362546, 20170601, 20170601, 5.0, Judi W, /Profile/439judiw, 003016e34937614715b6611f1070b8c5, /Attraction_Review-g1501915-d548269-Reviews-Mljet_National_Park-Mljet_Island_Dubrovnik_Neretva_County_Dalmatia.html
Mljet National Park, 55, 187, National Parks & Islands & National Parks & Islands, Europe & Croatia & Dalmatia & Dubrovnik-Neretva County & Mljet Island & Things to Do in Mljet Island, 4.5, 42.77924, 17.38444, 497321032, 20170601, 20170601, 5.0, Colin D, /Profile/Snoozer4391, 40ab5582ab7c97fc4e5129643d93e8c4, /Attraction_Review-g1501915-d548269-Reviews-Mljet_National_Park-Mljet_Island_Dubrovnik_Neretva_County_Dalmatia.html
Mljet National Park, 55, 187, National Parks & Islands & National Parks & Islands, Europe & Croatia & Dalmatia & Dubrovnik-Neretva County & Mljet Island & Things to Do in Mljet Island, 4.5, 42.77924, 17.38444, 496624790, 20170601, 20170601, 3.0, jjcooper10, /Profile/jjcooper10, fd671bbc8061020d4910b9c38a783d48, /Attraction_Review-g1501915-d548269-Reviews-Mljet_National_Park-Mljet_Island_Dubrovnik_Neretva_County_Dalmatia.html
