review_location_name, review_current_page, review_last_page, review_location_type, review_location_breadcrumbs, review_location_rate, location_lat, location_lng, review_id, review_date, review_experience_date, review_rate, user_name, user_link, user_id, parent_url
Church of St. Nickolas the Traveler, None, None, Churches & Cathedrals & Churches & Cathedrals, Europe & Croatia & Dalmatia & Split-Dalmatia County & Split & Things to Do in Split, 3.5, 43.507397, 16.427109, 708218567, 20190901, 20190901, 5.0, mbetowler, /Profile/mbetowler, 2542b1dc8311ac3580d5e74153a86610, /Attraction_Review-g295370-d10124215-Reviews-Church_of_St_Nickolas_the_Traveler-Split_Split_Dalmatia_County_Dalmatia.html
Church of St. Nickolas the Traveler, None, None, Churches & Cathedrals & Churches & Cathedrals, Europe & Croatia & Dalmatia & Split-Dalmatia County & Split & Things to Do in Split, 3.5, 43.507397, 16.427109, 653240523, 20190201, 20181001, 3.0, Carol A S, /Profile/carolas936, 1c912a0b6f40d4919b5cc3da9cf8cd8d, /Attraction_Review-g295370-d10124215-Reviews-Church_of_St_Nickolas_the_Traveler-Split_Split_Dalmatia_County_Dalmatia.html
Church of St. Nickolas the Traveler, None, None, Churches & Cathedrals & Churches & Cathedrals, Europe & Croatia & Dalmatia & Split-Dalmatia County & Split & Things to Do in Split, 3.5, 43.507397, 16.427109, 527859931, 20170901, 20170901, 5.0, HPH88, /Profile/HPH88, be590fd7f1006ba2588d8e24e4cbbb1e, /Attraction_Review-g295370-d10124215-Reviews-Church_of_St_Nickolas_the_Traveler-Split_Split_Dalmatia_County_Dalmatia.html
Church of St. Nickolas the Traveler, None, None, Churches & Cathedrals & Churches & Cathedrals, Europe & Croatia & Dalmatia & Split-Dalmatia County & Split & Things to Do in Split, 3.5, 43.507397, 16.427109, 498430534, 20170701, 20170701, 2.0, David, /Profile/df86, a81fd84362f03c221f45136bdbf016dc, /Attraction_Review-g295370-d10124215-Reviews-Church_of_St_Nickolas_the_Traveler-Split_Split_Dalmatia_County_Dalmatia.html
Church of St. Nickolas the Traveler, None, None, Churches & Cathedrals & Churches & Cathedrals, Europe & Croatia & Dalmatia & Split-Dalmatia County & Split & Things to Do in Split, 3.5, 43.507397, 16.427109, 436486003, 20161101, 20161101, 3.0, MBB1952, /Profile/MBB1952, fe13efa6915c24b3ccb9f6dfb10316d4, /Attraction_Review-g295370-d10124215-Reviews-Church_of_St_Nickolas_the_Traveler-Split_Split_Dalmatia_County_Dalmatia.html
