review_location_name, review_current_page, review_last_page, review_location_type, review_location_breadcrumbs, review_location_rate, location_lat, location_lng, review_id, review_date, review_experience_date, review_rate, user_name, user_link, user_id, parent_url
Papa's Bar, 2, 1, Bars & Clubs & Bars & Clubs, Europe & Croatia & Central Croatia & Karlovac County & Karlovac & Things to Do in Karlovac, 5.0, 45.4938, 15.55206, 342201812, 20160101, 20160101, 5.0, Tonka_92, /Profile/Tonka_92, 7e9604790125525e300369ab977f6a9f, /Attraction_Review-g303809-d3746554-Reviews-Papa_s_Bar-Karlovac_Karlovac_County_Central_Croatia.html
Papa's Bar, 2, 1, Bars & Clubs & Bars & Clubs, Europe & Croatia & Central Croatia & Karlovac County & Karlovac & Things to Do in Karlovac, 5.0, 45.4938, 15.55206, 283317393, 20150601, 20150601, 5.0, Lea M, /Profile/LeaM276, 95b6727a067c6e362e68c9ed2fa2edf0, /Attraction_Review-g303809-d3746554-Reviews-Papa_s_Bar-Karlovac_Karlovac_County_Central_Croatia.html
Papa's Bar, 2, 1, Bars & Clubs & Bars & Clubs, Europe & Croatia & Central Croatia & Karlovac County & Karlovac & Things to Do in Karlovac, 5.0, 45.4938, 15.55206, 216206014, 20140701, 20140701, 5.0, Goran Bican-Pauli, /Profile/goranb719, 6d577945106c37c58efc51d80b2ef213, /Attraction_Review-g303809-d3746554-Reviews-Papa_s_Bar-Karlovac_Karlovac_County_Central_Croatia.html
Papa's Bar, 2, 1, Bars & Clubs & Bars & Clubs, Europe & Croatia & Central Croatia & Karlovac County & Karlovac & Things to Do in Karlovac, 5.0, 45.4938, 15.55206, 181127928, 20131001, 20131001, 4.0, Deb D, /Profile/224debd, 4def1f01186b6c8f90b1f69a0ce0f50f, /Attraction_Review-g303809-d3746554-Reviews-Papa_s_Bar-Karlovac_Karlovac_County_Central_Croatia.html
