review_location_name, review_current_page, review_last_page, review_location_type, review_location_breadcrumbs, review_location_rate, location_lat, location_lng, review_id, review_date, review_experience_date, review_rate, user_name, user_link, user_id, parent_url
AquaPark Pula, 3, 7, Water Parks & Water Parks, Europe & Croatia & Istria & Pula & Things to Do in Pula, 5.0, 44.8349, 13.835944, 690894253, 20190701, 20190701, 5.0, mmoze, /Profile/mmoze, 50644756b8d4809edb168bec2b27a8dc, /Attraction_Review-g295373-d16858017-Reviews-AquaPark_Pula-Pula_Istria.html
AquaPark Pula, 3, 7, Water Parks & Water Parks, Europe & Croatia & Istria & Pula & Things to Do in Pula, 5.0, 44.8349, 13.835944, 688676799, 20190701, 20190701, 5.0, Emily V, /Profile/64emilyv, 8b7f6a6c1a2e66cb29c7cb836fbaeb6e, /Attraction_Review-g295373-d16858017-Reviews-AquaPark_Pula-Pula_Istria.html
AquaPark Pula, 3, 7, Water Parks & Water Parks, Europe & Croatia & Istria & Pula & Things to Do in Pula, 5.0, 44.8349, 13.835944, 686938540, 20190701, 20190601, 5.0, Vanna J, /Profile/484vannaj, 563dd1586421f47cb285b9b72b051fee, /Attraction_Review-g295373-d16858017-Reviews-AquaPark_Pula-Pula_Istria.html
AquaPark Pula, 3, 7, Water Parks & Water Parks, Europe & Croatia & Istria & Pula & Things to Do in Pula, 5.0, 44.8349, 13.835944, 686547868, 20190701, 20190701, 5.0, Anonymus, /Profile/anonymus72, 601f83ffe9829d87f4021c113d7fd3f1, /Attraction_Review-g295373-d16858017-Reviews-AquaPark_Pula-Pula_Istria.html
AquaPark Pula, 3, 7, Water Parks & Water Parks, Europe & Croatia & Istria & Pula & Things to Do in Pula, 5.0, 44.8349, 13.835944, 686517602, 20190701, 20190101, 5.0, Oliver B, /Profile/Safari791565, 347c69dbe399f02ffed9fa52439726a0, /Attraction_Review-g295373-d16858017-Reviews-AquaPark_Pula-Pula_Istria.html
