review_location_name, review_current_page, review_last_page, review_location_type, review_location_breadcrumbs, review_location_rate, location_lat, location_lng, review_id, review_date, review_experience_date, review_rate, user_name, user_link, user_id, parent_url
Grgur Ninski Statue, 73, 112, Historic Sites & Ancient Ruins & Monuments & Statues & Historic Sites & Ancient Ruins & Monuments & Statues, Europe & Croatia & Dalmatia & Split-Dalmatia County & Split & Things to Do in Split, 4.0, 43.50943, 16.44084, 396714884, 20160701, 20160701, 4.0, Fran B, /Profile/715franb, e08f46384d798bd1e33e553571288ed1, /Attraction_Review-g295370-d550408-Reviews-Grgur_Ninski_Statue-Split_Split_Dalmatia_County_Dalmatia.html
Grgur Ninski Statue, 73, 112, Historic Sites & Ancient Ruins & Monuments & Statues & Historic Sites & Ancient Ruins & Monuments & Statues, Europe & Croatia & Dalmatia & Split-Dalmatia County & Split & Things to Do in Split, 4.0, 43.50943, 16.44084, 396286514, 20160701, 20160601, 4.0, GarbenK, /Profile/GarbenK, b0f9a50504e6ae465158caf3e8e00131, /Attraction_Review-g295370-d550408-Reviews-Grgur_Ninski_Statue-Split_Split_Dalmatia_County_Dalmatia.html
Grgur Ninski Statue, 73, 112, Historic Sites & Ancient Ruins & Monuments & Statues & Historic Sites & Ancient Ruins & Monuments & Statues, Europe & Croatia & Dalmatia & Split-Dalmatia County & Split & Things to Do in Split, 4.0, 43.50943, 16.44084, 395375346, 20160701, 20160701, 5.0, brucemaree, /Profile/brucemaree, 491bba22e277a3815c40f3dbc11e196d, /Attraction_Review-g295370-d550408-Reviews-Grgur_Ninski_Statue-Split_Split_Dalmatia_County_Dalmatia.html
Grgur Ninski Statue, 73, 112, Historic Sites & Ancient Ruins & Monuments & Statues & Historic Sites & Ancient Ruins & Monuments & Statues, Europe & Croatia & Dalmatia & Split-Dalmatia County & Split & Things to Do in Split, 4.0, 43.50943, 16.44084, 395330018, 20160701, 20160701, 5.0, Federico F, /Profile/589federicof, 52ed04363ec0be86c0bc6ea5d17fd0ae, /Attraction_Review-g295370-d550408-Reviews-Grgur_Ninski_Statue-Split_Split_Dalmatia_County_Dalmatia.html
Grgur Ninski Statue, 73, 112, Historic Sites & Ancient Ruins & Monuments & Statues & Historic Sites & Ancient Ruins & Monuments & Statues, Europe & Croatia & Dalmatia & Split-Dalmatia County & Split & Things to Do in Split, 4.0, 43.50943, 16.44084, 394549115, 20160701, 20160701, 5.0, Lanson_traveller, /Profile/Lanson_traveller, 7836ccc9feb2a61b1db8c985366dddbf, /Attraction_Review-g295370-d550408-Reviews-Grgur_Ninski_Statue-Split_Split_Dalmatia_County_Dalmatia.html
