review_location_name, review_current_page, review_last_page, review_location_type, review_location_breadcrumbs, review_location_rate, location_lat, location_lng, review_id, review_date, review_experience_date, review_rate, user_name, user_link, user_id, parent_url
Lokrum Island, 958, 1158, Islands & Islands, Europe & Croatia & Dalmatia & Dubrovnik-Neretva County & Dubrovnik & Things to Do in Dubrovnik, 4.5, 42.624542, 18.120455, 229648310, 20140901, 20140901, 5.0, Biffajk, /Profile/Biffajk, 7da04824478e814bb6fe95094afc2a9e, /Attraction_Review-g295371-d483261-Reviews-Lokrum_Island-Dubrovnik_Dubrovnik_Neretva_County_Dalmatia.html
Lokrum Island, 958, 1158, Islands & Islands, Europe & Croatia & Dalmatia & Dubrovnik-Neretva County & Dubrovnik & Things to Do in Dubrovnik, 4.5, 42.624542, 18.120455, 229468480, 20140901, 20140901, 5.0, bu k, /Profile/bugovik, e1e63fa494574ff6404e743c22bdcee5, /Attraction_Review-g295371-d483261-Reviews-Lokrum_Island-Dubrovnik_Dubrovnik_Neretva_County_Dalmatia.html
Lokrum Island, 958, 1158, Islands & Islands, Europe & Croatia & Dalmatia & Dubrovnik-Neretva County & Dubrovnik & Things to Do in Dubrovnik, 4.5, 42.624542, 18.120455, 229287949, 20140901, 20140901, 5.0, Veronica M, /Profile/veronicam676, 50356e2e2e30377744700abb1432117b, /Attraction_Review-g295371-d483261-Reviews-Lokrum_Island-Dubrovnik_Dubrovnik_Neretva_County_Dalmatia.html
Lokrum Island, 958, 1158, Islands & Islands, Europe & Croatia & Dalmatia & Dubrovnik-Neretva County & Dubrovnik & Things to Do in Dubrovnik, 4.5, 42.624542, 18.120455, 229237837, 20140901, 20140901, 3.0, scrabbly102, /Profile/scrabbly102, fbe9b2e1bfcd8b5e9e00cfb11eb098ed, /Attraction_Review-g295371-d483261-Reviews-Lokrum_Island-Dubrovnik_Dubrovnik_Neretva_County_Dalmatia.html
Lokrum Island, 958, 1158, Islands & Islands, Europe & Croatia & Dalmatia & Dubrovnik-Neretva County & Dubrovnik & Things to Do in Dubrovnik, 4.5, 42.624542, 18.120455, 229219961, 20140901, 20140901, 4.0, Carrie A, /Profile/197carriea, 257fc6699216b04ee0142aa2a2cdf947, /Attraction_Review-g295371-d483261-Reviews-Lokrum_Island-Dubrovnik_Dubrovnik_Neretva_County_Dalmatia.html
