review_location_name, review_current_page, review_last_page, review_location_type, review_location_breadcrumbs, review_location_rate, location_lat, location_lng, review_id, review_date, review_experience_date, review_rate, user_name, user_link, user_id, parent_url
Aquarium Pula, 81, 95, Zoos & Aquariums & Educational sites & Zoos & Aquariums & Educational sites, Europe & Croatia & Istria & Pula & Things to Do in Pula, 4.0, 44.83518, 13.832781, 301239476, 20150801, 20150801, 4.0, Nicky, /Profile/NickyA001, 967d84c35bf621126c28b7fa4712d172, /Attraction_Review-g295373-d4292154-Reviews-Aquarium_Pula-Pula_Istria.html
Aquarium Pula, 81, 95, Zoos & Aquariums & Educational sites & Zoos & Aquariums & Educational sites, Europe & Croatia & Istria & Pula & Things to Do in Pula, 4.0, 44.83518, 13.832781, 300993338, 20150801, 20150801, 3.0, denisobrien, /Profile/denisobrien, 263a44516c68d20dfcb2ac27c9e9a811, /Attraction_Review-g295373-d4292154-Reviews-Aquarium_Pula-Pula_Istria.html
Aquarium Pula, 81, 95, Zoos & Aquariums & Educational sites & Zoos & Aquariums & Educational sites, Europe & Croatia & Istria & Pula & Things to Do in Pula, 4.0, 44.83518, 13.832781, 299623755, 20150801, 20150801, 5.0, Paula D, /Profile/764paulad, 65c8c341c53efb1f25cac6571e7099ac, /Attraction_Review-g295373-d4292154-Reviews-Aquarium_Pula-Pula_Istria.html
Aquarium Pula, 81, 95, Zoos & Aquariums & Educational sites & Zoos & Aquariums & Educational sites, Europe & Croatia & Istria & Pula & Things to Do in Pula, 4.0, 44.83518, 13.832781, 298819902, 20150801, 20150701, 5.0, Andrea T, /Profile/andreatR376PR, e55030b1aebffd755e05c844348a9b9c, /Attraction_Review-g295373-d4292154-Reviews-Aquarium_Pula-Pula_Istria.html
Aquarium Pula, 81, 95, Zoos & Aquariums & Educational sites & Zoos & Aquariums & Educational sites, Europe & Croatia & Istria & Pula & Things to Do in Pula, 4.0, 44.83518, 13.832781, 298674521, 20150801, 20150801, 3.0, József K, /Profile/j_zsefk2017, 291816ab59e3c97da964e4bba22d1431, /Attraction_Review-g295373-d4292154-Reviews-Aquarium_Pula-Pula_Istria.html
