review_location_name, review_current_page, review_last_page, review_location_type, review_location_breadcrumbs, review_location_rate, location_lat, location_lng, review_id, review_date, review_experience_date, review_rate, user_name, user_link, user_id, parent_url
Aquarium, 8, 7, Aquariums & Aquariums, Europe & Croatia & Primorje-Gorski Kotar County & Crikvenica & Things to Do in Crikvenica, 3.0, 45.17369, 14.69215, 171825052, 20130801, 20130801, 5.0, cheusu, /Profile/cheusu, 3810b93c7fe99e2c13accf5ec98b8b73, /Attraction_Review-g303805-d3240875-Reviews-Aquarium-Crikvenica_Primorje_Gorski_Kotar_County.html
Aquarium, 8, 7, Aquariums & Aquariums, Europe & Croatia & Primorje-Gorski Kotar County & Crikvenica & Things to Do in Crikvenica, 3.0, 45.17369, 14.69215, 166489825, 20130701, 20130701, 5.0, panna79, /Profile/panna79, 890b26f7ab2e2df7112cb69358f46b62, /Attraction_Review-g303805-d3240875-Reviews-Aquarium-Crikvenica_Primorje_Gorski_Kotar_County.html
Aquarium, 8, 7, Aquariums & Aquariums, Europe & Croatia & Primorje-Gorski Kotar County & Crikvenica & Things to Do in Crikvenica, 3.0, 45.17369, 14.69215, 157540111, 20130401, 20120601, 5.0, TravelerZrenjanin, /Profile/TravelerZrenjanin, 2731581b137eb718e67778cc2b937941, /Attraction_Review-g303805-d3240875-Reviews-Aquarium-Crikvenica_Primorje_Gorski_Kotar_County.html
Aquarium, 8, 7, Aquariums & Aquariums, Europe & Croatia & Primorje-Gorski Kotar County & Crikvenica & Things to Do in Crikvenica, 3.0, 45.17369, 14.69215, 132841305, 20120601, 20120601, 4.0, mdz79, /Profile/mdz79, 47510a231ed3ad7f2b7f4b87c3827860, /Attraction_Review-g303805-d3240875-Reviews-Aquarium-Crikvenica_Primorje_Gorski_Kotar_County.html
