review_location_name, review_current_page, review_last_page, review_location_type, review_location_breadcrumbs, review_location_rate, location_lat, location_lng, review_id, review_date, review_experience_date, review_rate, user_name, user_link, user_id, parent_url
Trakoscan Castle (Dvor Trakoscan), 32, 39, Castles & History Museums & Castles & History Museums, Europe & Croatia & Central Croatia & Varazdin County & Trakoscan & Things to Do in Trakoscan, 4.5, 46.257717, 15.945202, 231540082, 20140901, 20140601, 4.0, Ivana L, /Profile/80ivanal, ada6488db4157b62788a319298672e63, /Attraction_Review-g303837-d316428-Reviews-Trakoscan_Castle_Dvor_Trakoscan-Trakoscan_Varazdin_County_Central_Croatia.html
Trakoscan Castle (Dvor Trakoscan), 32, 39, Castles & History Museums & Castles & History Museums, Europe & Croatia & Central Croatia & Varazdin County & Trakoscan & Things to Do in Trakoscan, 4.5, 46.257717, 15.945202, 226687208, 20140901, 20140801, 5.0, Tatjana F, /Profile/24tatjanaf, 71a358a156e72a5c7cc24255e2372d38, /Attraction_Review-g303837-d316428-Reviews-Trakoscan_Castle_Dvor_Trakoscan-Trakoscan_Varazdin_County_Central_Croatia.html
Trakoscan Castle (Dvor Trakoscan), 32, 39, Castles & History Museums & Castles & History Museums, Europe & Croatia & Central Croatia & Varazdin County & Trakoscan & Things to Do in Trakoscan, 4.5, 46.257717, 15.945202, 220171898, 20140801, 20140101, 3.0, Daniel J, /Profile/danielj136, 34ee2b1b84c54677566c1a2d0746e376, /Attraction_Review-g303837-d316428-Reviews-Trakoscan_Castle_Dvor_Trakoscan-Trakoscan_Varazdin_County_Central_Croatia.html
Trakoscan Castle (Dvor Trakoscan), 32, 39, Castles & History Museums & Castles & History Museums, Europe & Croatia & Central Croatia & Varazdin County & Trakoscan & Things to Do in Trakoscan, 4.5, 46.257717, 15.945202, 215888499, 20140701, 20140701, 5.0, Zekokez, /Profile/Zekokez, 02c5eb764eb2a1b65ad2e4e3d1a071ee, /Attraction_Review-g303837-d316428-Reviews-Trakoscan_Castle_Dvor_Trakoscan-Trakoscan_Varazdin_County_Central_Croatia.html
Trakoscan Castle (Dvor Trakoscan), 32, 39, Castles & History Museums & Castles & History Museums, Europe & Croatia & Central Croatia & Varazdin County & Trakoscan & Things to Do in Trakoscan, 4.5, 46.257717, 15.945202, 209782085, 20140601, 20140601, 5.0, ingaj_13, /Profile/ingaj_13, bcc67c8184593ac3a71b7a27145fe292, /Attraction_Review-g303837-d316428-Reviews-Trakoscan_Castle_Dvor_Trakoscan-Trakoscan_Varazdin_County_Central_Croatia.html
