review_location_name, review_current_page, review_last_page, review_location_type, review_location_breadcrumbs, review_location_rate, location_lat, location_lng, review_id, review_date, review_experience_date, review_rate, user_name, user_link, user_id, parent_url
St. Michael's Square, 1, 5, Scenic Walking Areas & Scenic Walking Areas, Europe & Croatia & Dalmatia & Split-Dalmatia County & Omis & Things to Do in Omis, 4.5, 43.44454, 16.692368, 712335629, 20190901, 20190901, 5.0, Pam D, /Profile/PamD440, a6c1e2213f8301c4e554f33940412177, /Attraction_Review-g644074-d10113837-Reviews-St_Michael_s_Square-Omis_Split_Dalmatia_County_Dalmatia.html
St. Michael's Square, 1, 5, Scenic Walking Areas & Scenic Walking Areas, Europe & Croatia & Dalmatia & Split-Dalmatia County & Omis & Things to Do in Omis, 4.5, 43.44454, 16.692368, 710122471, 20190901, 20190901, 5.0, mbetowler, /Profile/mbetowler, 2542b1dc8311ac3580d5e74153a86610, /Attraction_Review-g644074-d10113837-Reviews-St_Michael_s_Square-Omis_Split_Dalmatia_County_Dalmatia.html
St. Michael's Square, 1, 5, Scenic Walking Areas & Scenic Walking Areas, Europe & Croatia & Dalmatia & Split-Dalmatia County & Omis & Things to Do in Omis, 4.5, 43.44454, 16.692368, 703690888, 20190801, 20190801, 4.0, chrissieb94, /Profile/chrissieb94, d3c85f59a509b70ad7df6f3b1c45bd36, /Attraction_Review-g644074-d10113837-Reviews-St_Michael_s_Square-Omis_Split_Dalmatia_County_Dalmatia.html
St. Michael's Square, 1, 5, Scenic Walking Areas & Scenic Walking Areas, Europe & Croatia & Dalmatia & Split-Dalmatia County & Omis & Things to Do in Omis, 4.5, 43.44454, 16.692368, 698692772, 20190801, 20190801, 4.0, Lovetotravel, /Profile/crushcandy, 4c25d237b565f2970aaa5d7d32c5d174, /Attraction_Review-g644074-d10113837-Reviews-St_Michael_s_Square-Omis_Split_Dalmatia_County_Dalmatia.html
St. Michael's Square, 1, 5, Scenic Walking Areas & Scenic Walking Areas, Europe & Croatia & Dalmatia & Split-Dalmatia County & Omis & Things to Do in Omis, 4.5, 43.44454, 16.692368, 681156194, 20190601, 20190601, 5.0, Steven M, /Profile/stevenmartin47, 13b6dda210e812fc2571f11bc13aa3da, /Attraction_Review-g644074-d10113837-Reviews-St_Michael_s_Square-Omis_Split_Dalmatia_County_Dalmatia.html
