review_location_name, review_current_page, review_last_page, review_location_type, review_location_breadcrumbs, review_location_rate, location_lat, location_lng, review_id, review_date, review_experience_date, review_rate, user_name, user_link, user_id, parent_url
Amphitheatre de Pula, 472, 474, Ancient Ruins & Ancient Ruins, Europe & Croatia & Istria & Pula & Things to Do in Pula, 4.5, 44.87324, 13.850233, 119829659, 20111001, 20111001, 4.0, Helen R, /Profile/HelenMcW, ffd112f2e4475859d6f5cda009d74d26, /Attraction_Review-g295373-d550323-Reviews-Amphitheatre_de_Pula-Pula_Istria.html
Amphitheatre de Pula, 472, 474, Ancient Ruins & Ancient Ruins, Europe & Croatia & Istria & Pula & Things to Do in Pula, 4.5, 44.87324, 13.850233, 119542588, 20111001, 20111001, 5.0, samselbow, /Profile/samselbow, b0b8859baeff1336192bb468c699cc3e, /Attraction_Review-g295373-d550323-Reviews-Amphitheatre_de_Pula-Pula_Istria.html
Amphitheatre de Pula, 472, 474, Ancient Ruins & Ancient Ruins, Europe & Croatia & Istria & Pula & Things to Do in Pula, 4.5, 44.87324, 13.850233, 119482701, 20111001, 20110901, 5.0, minnesotasparky, /Profile/minnesotasparky, 7dd968a156f9d46850cb05a35bc3ee52, /Attraction_Review-g295373-d550323-Reviews-Amphitheatre_de_Pula-Pula_Istria.html
Amphitheatre de Pula, 472, 474, Ancient Ruins & Ancient Ruins, Europe & Croatia & Istria & Pula & Things to Do in Pula, 4.5, 44.87324, 13.850233, 119272260, 20111001, 20110801, 5.0, Ksen, /Profile/Prekovici, a5a700620e04bfa23165f9335292327f, /Attraction_Review-g295373-d550323-Reviews-Amphitheatre_de_Pula-Pula_Istria.html
Amphitheatre de Pula, 472, 474, Ancient Ruins & Ancient Ruins, Europe & Croatia & Istria & Pula & Things to Do in Pula, 4.5, 44.87324, 13.850233, 118671742, 20110901, 20110901, 4.0, Peter, /Profile/Inspiration808881, 6dfa126e0d281a10db2d69eb654635ac, /Attraction_Review-g295373-d550323-Reviews-Amphitheatre_de_Pula-Pula_Istria.html
