review_location_name, review_current_page, review_last_page, review_location_type, review_location_breadcrumbs, review_location_rate, location_lat, location_lng, review_id, review_date, review_experience_date, review_rate, user_name, user_link, user_id, parent_url
Pile Gate, 202, 314, Points of Interest & Landmarks & Points of Interest & Landmarks, Europe & Croatia & Dalmatia & Dubrovnik-Neretva County & Dubrovnik & Things to Do in Dubrovnik, 4.0, 42.64173, 18.10673, 379479366, 20160601, 20160501, 3.0, L D, /Profile/ld159, 3f46cc568f9434ae9bfe926a430c9552, /Attraction_Review-g295371-d550296-Reviews-Pile_Gate-Dubrovnik_Dubrovnik_Neretva_County_Dalmatia.html
Pile Gate, 202, 314, Points of Interest & Landmarks & Points of Interest & Landmarks, Europe & Croatia & Dalmatia & Dubrovnik-Neretva County & Dubrovnik & Things to Do in Dubrovnik, 4.0, 42.64173, 18.10673, 379439126, 20160601, 20160601, 4.0, rachelallan2016, /Profile/rachelallan2016, bc10fbfdf08c206a7dd9f61256964c0e, /Attraction_Review-g295371-d550296-Reviews-Pile_Gate-Dubrovnik_Dubrovnik_Neretva_County_Dalmatia.html
Pile Gate, 202, 314, Points of Interest & Landmarks & Points of Interest & Landmarks, Europe & Croatia & Dalmatia & Dubrovnik-Neretva County & Dubrovnik & Things to Do in Dubrovnik, 4.0, 42.64173, 18.10673, 379421643, 20160601, 20160501, 4.0, 67SYH, /Profile/67SYH, 68e7492d3f00f00f19e1912ab66f5028, /Attraction_Review-g295371-d550296-Reviews-Pile_Gate-Dubrovnik_Dubrovnik_Neretva_County_Dalmatia.html
Pile Gate, 202, 314, Points of Interest & Landmarks & Points of Interest & Landmarks, Europe & Croatia & Dalmatia & Dubrovnik-Neretva County & Dubrovnik & Things to Do in Dubrovnik, 4.0, 42.64173, 18.10673, 378734885, 20160601, 20150701, 4.0, Thomaslikestrips, /Profile/Thomaslikestrips, 7d57fcb171204a8d6c513248a235dd7d, /Attraction_Review-g295371-d550296-Reviews-Pile_Gate-Dubrovnik_Dubrovnik_Neretva_County_Dalmatia.html
Pile Gate, 202, 314, Points of Interest & Landmarks & Points of Interest & Landmarks, Europe & Croatia & Dalmatia & Dubrovnik-Neretva County & Dubrovnik & Things to Do in Dubrovnik, 4.0, 42.64173, 18.10673, 377887207, 20160501, 20160501, 5.0, Katrina H, /Profile/katrinah2013, 47be304b8aeedefcf7319381cb6ef974, /Attraction_Review-g295371-d550296-Reviews-Pile_Gate-Dubrovnik_Dubrovnik_Neretva_County_Dalmatia.html
