review_location_name, review_current_page, review_last_page, review_location_type, review_location_breadcrumbs, review_location_rate, location_lat, location_lng, review_id, review_date, review_experience_date, review_rate, user_name, user_link, user_id, parent_url
Sea Organ (Morske Orgulje), 445, 559, Points of Interest & Landmarks & Points of Interest & Landmarks, Europe & Croatia & Dalmatia & Zadar County & Zadar & Things to Do in Zadar, 4.5, 44.11706, 15.220117, 294776486, 20150801, 20140901, 5.0, Greg P, /Profile/GregP331, 05e69211eb5e001e007bd5168f6233e3, /Attraction_Review-g295374-d2294071-Reviews-Sea_Organ_Morske_Orgulje-Zadar_Zadar_County_Dalmatia.html
Sea Organ (Morske Orgulje), 445, 559, Points of Interest & Landmarks & Points of Interest & Landmarks, Europe & Croatia & Dalmatia & Zadar County & Zadar & Things to Do in Zadar, 4.5, 44.11706, 15.220117, 294579072, 20150701, 20150701, 4.0, jay h, /Profile/JasonHague, de703d901b4a75050be3e09ddf576862, /Attraction_Review-g295374-d2294071-Reviews-Sea_Organ_Morske_Orgulje-Zadar_Zadar_County_Dalmatia.html
Sea Organ (Morske Orgulje), 445, 559, Points of Interest & Landmarks & Points of Interest & Landmarks, Europe & Croatia & Dalmatia & Zadar County & Zadar & Things to Do in Zadar, 4.5, 44.11706, 15.220117, 294351487, 20150701, 20150701, 5.0, onemandown72, /Profile/onemandown72, b6da8b51a946a0eee8d3012e66a47e38, /Attraction_Review-g295374-d2294071-Reviews-Sea_Organ_Morske_Orgulje-Zadar_Zadar_County_Dalmatia.html
Sea Organ (Morske Orgulje), 445, 559, Points of Interest & Landmarks & Points of Interest & Landmarks, Europe & Croatia & Dalmatia & Zadar County & Zadar & Things to Do in Zadar, 4.5, 44.11706, 15.220117, 294261795, 20150701, 20150601, 4.0, 7sites, /Profile/7sites, c05fcf42864a6b03d13c3c77a3b90154, /Attraction_Review-g295374-d2294071-Reviews-Sea_Organ_Morske_Orgulje-Zadar_Zadar_County_Dalmatia.html
Sea Organ (Morske Orgulje), 445, 559, Points of Interest & Landmarks & Points of Interest & Landmarks, Europe & Croatia & Dalmatia & Zadar County & Zadar & Things to Do in Zadar, 4.5, 44.11706, 15.220117, 294092424, 20150701, 20150701, 3.0, Theresa D, /Profile/DoverBugsy, 446630708003d51915f6612502feee5f, /Attraction_Review-g295374-d2294071-Reviews-Sea_Organ_Morske_Orgulje-Zadar_Zadar_County_Dalmatia.html
