review_location_name, review_current_page, review_last_page, review_location_type, review_location_breadcrumbs, review_location_rate, location_lat, location_lng, review_id, review_date, review_experience_date, review_rate, user_name, user_link, user_id, parent_url
St. Michael's Fortress, 6, 57, Historic Sites & Historic Sites, Europe & Croatia & Dalmatia & Sibenik-Knin County & Sibenik & Things to Do in Sibenik, 4.0, 43.737682, 15.88965, 685794995, 20190701, 20190701, 4.0, Cathy M, /Profile/C1001YUcathym, b175d40b1c378492a8036ad2bda92c7d, /Attraction_Review-g295375-d3335650-Reviews-St_Michael_s_Fortress-Sibenik_Sibenik_Knin_County_Dalmatia.html
St. Michael's Fortress, 6, 57, Historic Sites & Historic Sites, Europe & Croatia & Dalmatia & Sibenik-Knin County & Sibenik & Things to Do in Sibenik, 4.0, 43.737682, 15.88965, 685533990, 20190601, 20190601, 3.0, Coopper29, /Profile/Coopper29, 1c9f02dd3c985d8b2cb2fb7e020372a5, /Attraction_Review-g295375-d3335650-Reviews-St_Michael_s_Fortress-Sibenik_Sibenik_Knin_County_Dalmatia.html
St. Michael's Fortress, 6, 57, Historic Sites & Historic Sites, Europe & Croatia & Dalmatia & Sibenik-Knin County & Sibenik & Things to Do in Sibenik, 4.0, 43.737682, 15.88965, 680523058, 20190601, 20190501, 3.0, Ross_Williams, /Profile/Ross_Williams, aca3d086b5cd88908d3751a992f36692, /Attraction_Review-g295375-d3335650-Reviews-St_Michael_s_Fortress-Sibenik_Sibenik_Knin_County_Dalmatia.html
St. Michael's Fortress, 6, 57, Historic Sites & Historic Sites, Europe & Croatia & Dalmatia & Sibenik-Knin County & Sibenik & Things to Do in Sibenik, 4.0, 43.737682, 15.88965, 679917897, 20190601, 20190501, 5.0, guest4a, /Profile/guest4a, 491123181689dbb66a6316148504fcea, /Attraction_Review-g295375-d3335650-Reviews-St_Michael_s_Fortress-Sibenik_Sibenik_Knin_County_Dalmatia.html
St. Michael's Fortress, 6, 57, Historic Sites & Historic Sites, Europe & Croatia & Dalmatia & Sibenik-Knin County & Sibenik & Things to Do in Sibenik, 4.0, 43.737682, 15.88965, 679263324, 20190601, 20190601, 5.0, Bryan g, /Profile/Bryang1487, 4c8bdd6fe68f7739a1926da16081ab44, /Attraction_Review-g295375-d3335650-Reviews-St_Michael_s_Fortress-Sibenik_Sibenik_Knin_County_Dalmatia.html
