review_location_name, review_current_page, review_last_page, review_location_type, review_location_breadcrumbs, review_location_rate, location_lat, location_lng, review_id, review_date, review_experience_date, review_rate, user_name, user_link, user_id, parent_url
Palazzo di Diocleziano, 922, 1071, Historic Sites & Historic Walking Areas & Historic Sites & Historic Walking Areas, Europe & Croatia & Dalmatia & Split-Dalmatia County & Split & Things to Do in Split, 4.5, 43.50869, 16.440294, 228089660, 20140901, 20140801, 3.0, Chris L, /Profile/ChrisL420, 62402bfd2bd4065ff466ed35247b0870, /Attraction_Review-g295370-d317704-Reviews-Palazzo_di_Diocleziano-Split_Split_Dalmatia_County_Dalmatia.html
Palazzo di Diocleziano, 922, 1071, Historic Sites & Historic Walking Areas & Historic Sites & Historic Walking Areas, Europe & Croatia & Dalmatia & Split-Dalmatia County & Split & Things to Do in Split, 4.5, 43.50869, 16.440294, 227931289, 20140901, 20140701, 3.0, Theovanhensbergen, /Profile/Theovanhensbergen, e034581d67ae767596ba21ef58792aad, /Attraction_Review-g295370-d317704-Reviews-Palazzo_di_Diocleziano-Split_Split_Dalmatia_County_Dalmatia.html
Palazzo di Diocleziano, 922, 1071, Historic Sites & Historic Walking Areas & Historic Sites & Historic Walking Areas, Europe & Croatia & Dalmatia & Split-Dalmatia County & Split & Things to Do in Split, 4.5, 43.50869, 16.440294, 227844175, 20140901, 20140901, 4.0, CaptainKDW, /Profile/CaptainKDW, 24beffd5fe12c58eabd58785f8d51d31, /Attraction_Review-g295370-d317704-Reviews-Palazzo_di_Diocleziano-Split_Split_Dalmatia_County_Dalmatia.html
Palazzo di Diocleziano, 922, 1071, Historic Sites & Historic Walking Areas & Historic Sites & Historic Walking Areas, Europe & Croatia & Dalmatia & Split-Dalmatia County & Split & Things to Do in Split, 4.5, 43.50869, 16.440294, 227766045, 20140901, 20140801, 4.0, Yvette J, /Profile/5yvettej, a18704f1492bf5488d99e96138e32f17, /Attraction_Review-g295370-d317704-Reviews-Palazzo_di_Diocleziano-Split_Split_Dalmatia_County_Dalmatia.html
Palazzo di Diocleziano, 922, 1071, Historic Sites & Historic Walking Areas & Historic Sites & Historic Walking Areas, Europe & Croatia & Dalmatia & Split-Dalmatia County & Split & Things to Do in Split, 4.5, 43.50869, 16.440294, 227644458, 20140901, 20140401, 4.0, Alex D, /Profile/310alexd, 34b8fe4ba04afa735be90f46a03e8ab6, /Attraction_Review-g295370-d317704-Reviews-Palazzo_di_Diocleziano-Split_Split_Dalmatia_County_Dalmatia.html
