review_location_name, review_current_page, review_last_page, review_location_type, review_location_breadcrumbs, review_location_rate, location_lat, location_lng, review_id, review_date, review_experience_date, review_rate, user_name, user_link, user_id, parent_url
Cavtat Old Town, 404, 411, Neighborhoods & Neighborhoods, Europe & Croatia & Dalmatia & Dubrovnik-Neretva County & Konavle & Cavtat & Things to Do in Cavtat, 4.5, 42.581703, 18.21666, 131718486, 20120601, 20120601, 5.0, achittenden, /Profile/achittenden, 6d65b75642ff7ca27dd27f04f87e2e5d, /Attraction_Review-g303804-d600370-Reviews-Cavtat_Old_Town-Cavtat_Konavle_Dubrovnik_Neretva_County_Dalmatia.html
Cavtat Old Town, 404, 411, Neighborhoods & Neighborhoods, Europe & Croatia & Dalmatia & Dubrovnik-Neretva County & Konavle & Cavtat & Things to Do in Cavtat, 4.5, 42.581703, 18.21666, 131552047, 20120601, 20120501, 5.0, tmo66, /Profile/tmo66, 15debf4888a1b2de61c9b721df599be6, /Attraction_Review-g303804-d600370-Reviews-Cavtat_Old_Town-Cavtat_Konavle_Dubrovnik_Neretva_County_Dalmatia.html
Cavtat Old Town, 404, 411, Neighborhoods & Neighborhoods, Europe & Croatia & Dalmatia & Dubrovnik-Neretva County & Konavle & Cavtat & Things to Do in Cavtat, 4.5, 42.581703, 18.21666, 131473223, 20120601, 20120601, 5.0, VincenzoFrancisco, /Profile/VincenzoFrancisco, a41955a0d5ae547ad2eb15f5e60bdb95, /Attraction_Review-g303804-d600370-Reviews-Cavtat_Old_Town-Cavtat_Konavle_Dubrovnik_Neretva_County_Dalmatia.html
Cavtat Old Town, 404, 411, Neighborhoods & Neighborhoods, Europe & Croatia & Dalmatia & Dubrovnik-Neretva County & Konavle & Cavtat & Things to Do in Cavtat, 4.5, 42.581703, 18.21666, 131462962, 20120601, 20120501, 5.0, mypointofviewis, /Profile/mypointofviewis, bca89a80a1b04014f44157ab421becca, /Attraction_Review-g303804-d600370-Reviews-Cavtat_Old_Town-Cavtat_Konavle_Dubrovnik_Neretva_County_Dalmatia.html
Cavtat Old Town, 404, 411, Neighborhoods & Neighborhoods, Europe & Croatia & Dalmatia & Dubrovnik-Neretva County & Konavle & Cavtat & Things to Do in Cavtat, 4.5, 42.581703, 18.21666, 131418489, 20120601, 20120601, 5.0, cazimomo, /Profile/cazimomo, ecbddea38608a49de9464c65bf3ad757, /Attraction_Review-g303804-d600370-Reviews-Cavtat_Old_Town-Cavtat_Konavle_Dubrovnik_Neretva_County_Dalmatia.html
