review_location_name, review_current_page, review_last_page, review_location_type, review_location_breadcrumbs, review_location_rate, location_lat, location_lng, review_id, review_date, review_experience_date, review_rate, user_name, user_link, user_id, parent_url
Memorial Center of Nikola Tesla, 3, 14, Specialty Museums & Historic Sites & Specialty Museums & Historic Sites, Europe & Croatia & Lika-Senj County & Smiljan & Things to Do in Smiljan, 4.0, 44.5601, 15.308339, 667159721, 20190401, 20190401, 5.0, kiwitraveler92, /Profile/kiwitraveler92, 1112738366db3661153321834f3ace97, /Attraction_Review-g8410352-d8408069-Reviews-Memorial_Center_of_Nikola_Tesla-Smiljan_Lika_Senj_County.html
Memorial Center of Nikola Tesla, 3, 14, Specialty Museums & Historic Sites & Specialty Museums & Historic Sites, Europe & Croatia & Lika-Senj County & Smiljan & Things to Do in Smiljan, 4.0, 44.5601, 15.308339, 642757502, 20181201, 20190101, 5.0, dellair, /Profile/dellair, 6f607f7375122b1175291a421e64c13a, /Attraction_Review-g8410352-d8408069-Reviews-Memorial_Center_of_Nikola_Tesla-Smiljan_Lika_Senj_County.html
Memorial Center of Nikola Tesla, 3, 14, Specialty Museums & Historic Sites & Specialty Museums & Historic Sites, Europe & Croatia & Lika-Senj County & Smiljan & Things to Do in Smiljan, 4.0, 44.5601, 15.308339, 622200791, 20181001, 20181001, 4.0, captbob, /Profile/hrvnajbolje, 2745c1545d2bdf4005e0906811c48a6d, /Attraction_Review-g8410352-d8408069-Reviews-Memorial_Center_of_Nikola_Tesla-Smiljan_Lika_Senj_County.html
Memorial Center of Nikola Tesla, 3, 14, Specialty Museums & Historic Sites & Specialty Museums & Historic Sites, Europe & Croatia & Lika-Senj County & Smiljan & Things to Do in Smiljan, 4.0, 44.5601, 15.308339, 616626635, 20180901, 20180901, 4.0, Pandaroo, /Profile/Pandaroo22, b732a4d80a43d837f0b9ba15435e82fb, /Attraction_Review-g8410352-d8408069-Reviews-Memorial_Center_of_Nikola_Tesla-Smiljan_Lika_Senj_County.html
Memorial Center of Nikola Tesla, 3, 14, Specialty Museums & Historic Sites & Specialty Museums & Historic Sites, Europe & Croatia & Lika-Senj County & Smiljan & Things to Do in Smiljan, 4.0, 44.5601, 15.308339, 613326607, 20180901, 20180701, 5.0, Mary H, /Profile/mh999, 27856cd4cbd610c5393845fb4e7209d0, /Attraction_Review-g8410352-d8408069-Reviews-Memorial_Center_of_Nikola_Tesla-Smiljan_Lika_Senj_County.html
