review_location_name, review_current_page, review_last_page, review_location_type, review_location_breadcrumbs, review_location_rate, location_lat, location_lng, review_id, review_date, review_experience_date, review_rate, user_name, user_link, user_id, parent_url
Vidova Gora, 40, 73, Mountains & Mountains, Europe & Croatia & Dalmatia & Split-Dalmatia County & Brac Island & Bol & Things to Do in Bol, 4.5, 43.279247, 16.62016, 419818370, 20160901, 20160901, 4.0, Sheila N, /Profile/566sheilan, 07a58b31ff13839218a12d14497c8dc4, /Attraction_Review-g303802-d3592538-Reviews-Vidova_Gora-Bol_Brac_Island_Split_Dalmatia_County_Dalmatia.html
Vidova Gora, 40, 73, Mountains & Mountains, Europe & Croatia & Dalmatia & Split-Dalmatia County & Brac Island & Bol & Things to Do in Bol, 4.5, 43.279247, 16.62016, 418555980, 20160901, 20160901, 5.0, SarahGriff, /Profile/sarahgriffinsg, b48154974beb72b800aedc4be7db363e, /Attraction_Review-g303802-d3592538-Reviews-Vidova_Gora-Bol_Brac_Island_Split_Dalmatia_County_Dalmatia.html
Vidova Gora, 40, 73, Mountains & Mountains, Europe & Croatia & Dalmatia & Split-Dalmatia County & Brac Island & Bol & Things to Do in Bol, 4.5, 43.279247, 16.62016, 418467030, 20160901, 20160901, 4.0, mario13, /Profile/mario13, 749abfcc382408a329badcf3ada53d76, /Attraction_Review-g303802-d3592538-Reviews-Vidova_Gora-Bol_Brac_Island_Split_Dalmatia_County_Dalmatia.html
Vidova Gora, 40, 73, Mountains & Mountains, Europe & Croatia & Dalmatia & Split-Dalmatia County & Brac Island & Bol & Things to Do in Bol, 4.5, 43.279247, 16.62016, 418323850, 20160901, 20160901, 5.0, Ladkk681, /Profile/Ladkk681, 9d22f0e42ecc1a1557dc07f55fc4a9e5, /Attraction_Review-g303802-d3592538-Reviews-Vidova_Gora-Bol_Brac_Island_Split_Dalmatia_County_Dalmatia.html
Vidova Gora, 40, 73, Mountains & Mountains, Europe & Croatia & Dalmatia & Split-Dalmatia County & Brac Island & Bol & Things to Do in Bol, 4.5, 43.279247, 16.62016, 417816087, 20160901, 20160901, 5.0, Sarah C, /Profile/T7557IBsarahc, 5eae2f2e10eb80f7e3233974d379c766, /Attraction_Review-g303802-d3592538-Reviews-Vidova_Gora-Bol_Brac_Island_Split_Dalmatia_County_Dalmatia.html
