review_location_name, review_current_page, review_last_page, review_location_type, review_location_breadcrumbs, review_location_rate, location_lat, location_lng, review_id, review_date, review_experience_date, review_rate, user_name, user_link, user_id, parent_url
Jelacic Square (Trg Bana Josipa Jelacica), 111, 120, Points of Interest & Landmarks & Monuments & Statues & Flea & Street Markets & Points of Interest & Landmarks & Monuments & Statues & Flea & Street Markets, Europe & Croatia & Central Croatia & Zagreb & Things to Do in Zagreb, 4.0, 45.813137, 15.976653, 148620927, 20130101, 20121201, 5.0, Anjicrawford, /Profile/Anjicrawford, f35a59579a21031f25d2a4049c54e5d6, /Attraction_Review-g294454-d316800-Reviews-Jelacic_Square_Trg_Bana_Josipa_Jelacica-Zagreb_Central_Croatia.html
Jelacic Square (Trg Bana Josipa Jelacica), 111, 120, Points of Interest & Landmarks & Monuments & Statues & Flea & Street Markets & Points of Interest & Landmarks & Monuments & Statues & Flea & Street Markets, Europe & Croatia & Central Croatia & Zagreb & Things to Do in Zagreb, 4.0, 45.813137, 15.976653, 145781592, 20121101, 20120601, 3.0, skipitgood, /Profile/skipitgood, c39710f02a1995c1f37b136a3f650351, /Attraction_Review-g294454-d316800-Reviews-Jelacic_Square_Trg_Bana_Josipa_Jelacica-Zagreb_Central_Croatia.html
Jelacic Square (Trg Bana Josipa Jelacica), 111, 120, Points of Interest & Landmarks & Monuments & Statues & Flea & Street Markets & Points of Interest & Landmarks & Monuments & Statues & Flea & Street Markets, Europe & Croatia & Central Croatia & Zagreb & Things to Do in Zagreb, 4.0, 45.813137, 15.976653, 144715424, 20121101, 20121101, 5.0, Aliciacch, /Profile/Aliciacch, 2f941467775ab6630d7962da564bbfeb, /Attraction_Review-g294454-d316800-Reviews-Jelacic_Square_Trg_Bana_Josipa_Jelacica-Zagreb_Central_Croatia.html
Jelacic Square (Trg Bana Josipa Jelacica), 111, 120, Points of Interest & Landmarks & Monuments & Statues & Flea & Street Markets & Points of Interest & Landmarks & Monuments & Statues & Flea & Street Markets, Europe & Croatia & Central Croatia & Zagreb & Things to Do in Zagreb, 4.0, 45.813137, 15.976653, 143815877, 20121001, 20121001, 4.0, MikeLinda23, /Profile/MikeLinda23, c334d496388cd986c98d935217a997af, /Attraction_Review-g294454-d316800-Reviews-Jelacic_Square_Trg_Bana_Josipa_Jelacica-Zagreb_Central_Croatia.html
Jelacic Square (Trg Bana Josipa Jelacica), 111, 120, Points of Interest & Landmarks & Monuments & Statues & Flea & Street Markets & Points of Interest & Landmarks & Monuments & Statues & Flea & Street Markets, Europe & Croatia & Central Croatia & Zagreb & Things to Do in Zagreb, 4.0, 45.813137, 15.976653, 143577320, 20121001, 20120801, 5.0, Maja M, /Profile/JasnaM798, 618aa81e9cb0757dd74a24f6747c3160, /Attraction_Review-g294454-d316800-Reviews-Jelacic_Square_Trg_Bana_Josipa_Jelacica-Zagreb_Central_Croatia.html
