review_location_name, review_current_page, review_last_page, review_location_type, review_location_breadcrumbs, review_location_rate, location_lat, location_lng, review_id, review_date, review_experience_date, review_rate, user_name, user_link, user_id, parent_url
Volsonis, 14, 17, Bars & Clubs & Bars & Clubs, Europe & Croatia & Primorje-Gorski Kotar County & Kvarner Bay Islands & Krk Island & Krk & Things to Do in Krk, 4.5, 45.025784, 14.573922, 288061340, 20150701, 20150701, 3.0, George1133, /Profile/George1133, 52c404010c75c385f7fcbbf7f9472830, /Attraction_Review-g1067956-d4296793-Reviews-Volsonis-Krk_Krk_Island_Kvarner_Bay_Islands_Primorje_Gorski_Kotar_County.html
Volsonis, 14, 17, Bars & Clubs & Bars & Clubs, Europe & Croatia & Primorje-Gorski Kotar County & Kvarner Bay Islands & Krk Island & Krk & Things to Do in Krk, 4.5, 45.025784, 14.573922, 287364512, 20150701, 20150701, 5.0, DJAndyBoy, /Profile/DJAndyBoy, 7e73866ac0168b51d3e6377e8474c02c, /Attraction_Review-g1067956-d4296793-Reviews-Volsonis-Krk_Krk_Island_Kvarner_Bay_Islands_Primorje_Gorski_Kotar_County.html
Volsonis, 14, 17, Bars & Clubs & Bars & Clubs, Europe & Croatia & Primorje-Gorski Kotar County & Kvarner Bay Islands & Krk Island & Krk & Things to Do in Krk, 4.5, 45.025784, 14.573922, 287352729, 20150701, 20150701, 5.0, Flyingseb, /Profile/Flyingseb, 93ac2ba146b293d078d8cb72ce88fb86, /Attraction_Review-g1067956-d4296793-Reviews-Volsonis-Krk_Krk_Island_Kvarner_Bay_Islands_Primorje_Gorski_Kotar_County.html
Volsonis, 14, 17, Bars & Clubs & Bars & Clubs, Europe & Croatia & Primorje-Gorski Kotar County & Kvarner Bay Islands & Krk Island & Krk & Things to Do in Krk, 4.5, 45.025784, 14.573922, 281445599, 20150601, 20150601, 5.0, Gilles K, /Profile/789gillesk, c758f50be37da5db1ea817374b2129d1, /Attraction_Review-g1067956-d4296793-Reviews-Volsonis-Krk_Krk_Island_Kvarner_Bay_Islands_Primorje_Gorski_Kotar_County.html
Volsonis, 14, 17, Bars & Clubs & Bars & Clubs, Europe & Croatia & Primorje-Gorski Kotar County & Kvarner Bay Islands & Krk Island & Krk & Things to Do in Krk, 4.5, 45.025784, 14.573922, 270672889, 20150501, 20150401, 5.0, Jane H, /Profile/248janeh, 6d8f8e811809e3ba3b494191c37e290d, /Attraction_Review-g1067956-d4296793-Reviews-Volsonis-Krk_Krk_Island_Kvarner_Bay_Islands_Primorje_Gorski_Kotar_County.html
