review_location_name, review_current_page, review_last_page, review_location_type, review_location_breadcrumbs, review_location_rate, location_lat, location_lng, review_id, review_date, review_experience_date, review_rate, user_name, user_link, user_id, parent_url
Cadenela Organic Extra Virgin Olive Oil, 6, 9, Farms & Farms, Europe & Croatia & Istria & Vodnjan & Things to Do in Vodnjan, 5.0, 44.957565, 13.837908, 469077860, 20170301, 20170301, 5.0, Vanja S, /Profile/vanjas883, 4fbe868b740f536650c69553891feaae, /Attraction_Review-g608711-d8832641-Reviews-Cadenela_Organic_Extra_Virgin_Olive_Oil-Vodnjan_Istria.html
Cadenela Organic Extra Virgin Olive Oil, 6, 9, Farms & Farms, Europe & Croatia & Istria & Vodnjan & Things to Do in Vodnjan, 5.0, 44.957565, 13.837908, 432998920, 20161001, 20161001, 5.0, Barny_bew, /Profile/Barny_bew, 1cb6028d289ecc43b51ee05fa823c7d1, /Attraction_Review-g608711-d8832641-Reviews-Cadenela_Organic_Extra_Virgin_Olive_Oil-Vodnjan_Istria.html
Cadenela Organic Extra Virgin Olive Oil, 6, 9, Farms & Farms, Europe & Croatia & Istria & Vodnjan & Things to Do in Vodnjan, 5.0, 44.957565, 13.837908, 422101780, 20160901, 20160901, 5.0, Petra H, /Profile/62petrah, 4244bcf9e1b12f047e1d3da11e774adc, /Attraction_Review-g608711-d8832641-Reviews-Cadenela_Organic_Extra_Virgin_Olive_Oil-Vodnjan_Istria.html
Cadenela Organic Extra Virgin Olive Oil, 6, 9, Farms & Farms, Europe & Croatia & Istria & Vodnjan & Things to Do in Vodnjan, 5.0, 44.957565, 13.837908, 397190468, 20160701, 20160601, 5.0, Marko, /Profile/795markop, 3e160c2332950eb85e0236fd8c3c81a2, /Attraction_Review-g608711-d8832641-Reviews-Cadenela_Organic_Extra_Virgin_Olive_Oil-Vodnjan_Istria.html
Cadenela Organic Extra Virgin Olive Oil, 6, 9, Farms & Farms, Europe & Croatia & Istria & Vodnjan & Things to Do in Vodnjan, 5.0, 44.957565, 13.837908, 392051850, 20160701, 20160701, 5.0, Marina I, /Profile/180marinai, 223704fb3cdce9ad6c55c308ef616ac0, /Attraction_Review-g608711-d8832641-Reviews-Cadenela_Organic_Extra_Virgin_Olive_Oil-Vodnjan_Istria.html
