review_location_name, review_current_page, review_last_page, review_location_type, review_location_breadcrumbs, review_location_rate, location_lat, location_lng, review_id, review_date, review_experience_date, review_rate, user_name, user_link, user_id, parent_url
Bear Sanctuary, 8, 14, Nature & Wildlife Areas & Nature & Wildlife Areas, Europe & Croatia & Lika-Senj County & Kuterevo & Things to Do in Kuterevo, 4.5, 44.82024, 15.138249, 494663344, 20170601, 20170601, 5.0, Julian G, /Profile/211juliang, 225eb809d954573491348b234a0e5041, /Attraction_Review-g6653017-d6643771-Reviews-Bear_Sanctuary-Kuterevo_Lika_Senj_County.html
Bear Sanctuary, 8, 14, Nature & Wildlife Areas & Nature & Wildlife Areas, Europe & Croatia & Lika-Senj County & Kuterevo & Things to Do in Kuterevo, 4.5, 44.82024, 15.138249, 493645320, 20170601, 20170601, 4.0, Jill A, /Profile/JillA44, a95992a98dc767dd66dae7ef2e8ccffc, /Attraction_Review-g6653017-d6643771-Reviews-Bear_Sanctuary-Kuterevo_Lika_Senj_County.html
Bear Sanctuary, 8, 14, Nature & Wildlife Areas & Nature & Wildlife Areas, Europe & Croatia & Lika-Senj County & Kuterevo & Things to Do in Kuterevo, 4.5, 44.82024, 15.138249, 490401812, 20170601, 20170601, 4.0, Petar Marinac, /Profile/pepi1111, ee97369eadbe08ff4b1b933101f011a3, /Attraction_Review-g6653017-d6643771-Reviews-Bear_Sanctuary-Kuterevo_Lika_Senj_County.html
Bear Sanctuary, 8, 14, Nature & Wildlife Areas & Nature & Wildlife Areas, Europe & Croatia & Lika-Senj County & Kuterevo & Things to Do in Kuterevo, 4.5, 44.82024, 15.138249, 489254997, 20170501, 20170501, 4.0, Liz C, /Profile/lizc186, e409e6c3f2e7ad31f1b394308b18897e, /Attraction_Review-g6653017-d6643771-Reviews-Bear_Sanctuary-Kuterevo_Lika_Senj_County.html
Bear Sanctuary, 8, 14, Nature & Wildlife Areas & Nature & Wildlife Areas, Europe & Croatia & Lika-Senj County & Kuterevo & Things to Do in Kuterevo, 4.5, 44.82024, 15.138249, 487976508, 20170501, 20170501, 5.0, sweet27sweet, /Profile/sweet27sweet, 4ec7eb413852125f8946cd871f3ae8af, /Attraction_Review-g6653017-d6643771-Reviews-Bear_Sanctuary-Kuterevo_Lika_Senj_County.html
