review_location_name, review_current_page, review_last_page, review_location_type, review_location_breadcrumbs, review_location_rate, location_lat, location_lng, review_id, review_date, review_experience_date, review_rate, user_name, user_link, user_id, parent_url
Paklenica National Park, 59, 83, National Parks & Nature & Wildlife Areas & National Parks & Nature & Wildlife Areas, Europe & Croatia & Dalmatia & Zadar County & Starigrad-Paklenica & Things to Do in Starigrad-Paklenica, 4.5, 44.27386, 15.48668, 300162651, 20150801, 20150701, 4.0, Hondengans, /Profile/Hondengans, 33fd7e448ac42a8f52ab26a729a77ddc, /Attraction_Review-g1466943-d14204896-Reviews-Paklenica_National_Park-Starigrad_Paklenica_Zadar_County_Dalmatia.html
Paklenica National Park, 59, 83, National Parks & Nature & Wildlife Areas & National Parks & Nature & Wildlife Areas, Europe & Croatia & Dalmatia & Zadar County & Starigrad-Paklenica & Things to Do in Starigrad-Paklenica, 4.5, 44.27386, 15.48668, 299732746, 20150801, 20150601, 5.0, Melissa U, /Profile/548melissau, 4595cf942a099c113139b112464b1074, /Attraction_Review-g1466943-d14204896-Reviews-Paklenica_National_Park-Starigrad_Paklenica_Zadar_County_Dalmatia.html
Paklenica National Park, 59, 83, National Parks & Nature & Wildlife Areas & National Parks & Nature & Wildlife Areas, Europe & Croatia & Dalmatia & Zadar County & Starigrad-Paklenica & Things to Do in Starigrad-Paklenica, 4.5, 44.27386, 15.48668, 298945807, 20150801, 20150701, 5.0, Natalka_IF, /Profile/Natalka_IF, 558a4e10dee96745e366796c99da0c1b, /Attraction_Review-g1466943-d14204896-Reviews-Paklenica_National_Park-Starigrad_Paklenica_Zadar_County_Dalmatia.html
Paklenica National Park, 59, 83, National Parks & Nature & Wildlife Areas & National Parks & Nature & Wildlife Areas, Europe & Croatia & Dalmatia & Zadar County & Starigrad-Paklenica & Things to Do in Starigrad-Paklenica, 4.5, 44.27386, 15.48668, 298317408, 20150801, 20150701, 5.0, Matija V, /Profile/etam_ri, e756cf9ca405ad5f5c99dc1724c08289, /Attraction_Review-g1466943-d14204896-Reviews-Paklenica_National_Park-Starigrad_Paklenica_Zadar_County_Dalmatia.html
Paklenica National Park, 59, 83, National Parks & Nature & Wildlife Areas & National Parks & Nature & Wildlife Areas, Europe & Croatia & Dalmatia & Zadar County & Starigrad-Paklenica & Things to Do in Starigrad-Paklenica, 4.5, 44.27386, 15.48668, 297940153, 20150801, 20150801, 4.0, allegro_barbaro, /Profile/allegro_barbaro, 461696629d5d3e5c0f951800f0607a98, /Attraction_Review-g1466943-d14204896-Reviews-Paklenica_National_Park-Starigrad_Paklenica_Zadar_County_Dalmatia.html
