review_location_name, review_current_page, review_last_page, review_location_type, review_location_breadcrumbs, review_location_rate, location_lat, location_lng, review_id, review_date, review_experience_date, review_rate, user_name, user_link, user_id, parent_url
Zagreb 360, 98, 106, Observation Decks & Towers & Observation Decks & Towers, Europe & Croatia & Central Croatia & Zagreb & Things to Do in Zagreb, 4.0, 45.8129, 15.97577, 206930174, 20140501, 20140501, 5.0, Mark K, /Profile/889markk, c1369db58eed2c41418a02ed5ed1e41e, /Attraction_Review-g294454-d4116334-Reviews-Zagreb_360-Zagreb_Central_Croatia.html
Zagreb 360, 98, 106, Observation Decks & Towers & Observation Decks & Towers, Europe & Croatia & Central Croatia & Zagreb & Things to Do in Zagreb, 4.0, 45.8129, 15.97577, 206116497, 20140501, 20140501, 4.0, Bajantravel, /Profile/Bajantravel, f9d32dab8bb0c8f68ed9b0dae13e0f21, /Attraction_Review-g294454-d4116334-Reviews-Zagreb_360-Zagreb_Central_Croatia.html
Zagreb 360, 98, 106, Observation Decks & Towers & Observation Decks & Towers, Europe & Croatia & Central Croatia & Zagreb & Things to Do in Zagreb, 4.0, 45.8129, 15.97577, 203926100, 20140501, 20140501, 5.0, Mister_TC, /Profile/Mister_TC, a4f1620674cbb1ecd1f6d4db56ffb5db, /Attraction_Review-g294454-d4116334-Reviews-Zagreb_360-Zagreb_Central_Croatia.html
Zagreb 360, 98, 106, Observation Decks & Towers & Observation Decks & Towers, Europe & Croatia & Central Croatia & Zagreb & Things to Do in Zagreb, 4.0, 45.8129, 15.97577, 202971092, 20140401, 20140401, 5.0, OlesiaSnezhkova, /Profile/OlesiaSnezhkova, 7f72bd8beb6310f1e85bee51ab274276, /Attraction_Review-g294454-d4116334-Reviews-Zagreb_360-Zagreb_Central_Croatia.html
Zagreb 360, 98, 106, Observation Decks & Towers & Observation Decks & Towers, Europe & Croatia & Central Croatia & Zagreb & Things to Do in Zagreb, 4.0, 45.8129, 15.97577, 200054358, 20140401, 20140301, 5.0, Dorotea P, /Profile/doroteap94, fdecb911045a3f5f85b8c7c2522b4851, /Attraction_Review-g294454-d4116334-Reviews-Zagreb_360-Zagreb_Central_Croatia.html
