review_location_name, review_current_page, review_last_page, review_location_type, review_location_breadcrumbs, review_location_rate, location_lat, location_lng, review_id, review_date, review_experience_date, review_rate, user_name, user_link, user_id, parent_url
Dubrovnik Cable Car, 1746, 1869, Tramways & Tramways, Europe & Croatia & Dalmatia & Dubrovnik-Neretva County & Dubrovnik & Things to Do in Dubrovnik, 4.5, 42.649178, 18.111687, 143071926, 20121001, 20120801, 5.0, LizandGary, /Profile/LizandGary, 79a09386e353ea85049e1b1516a71621, /Attraction_Review-g295371-d1886448-Reviews-Dubrovnik_Cable_Car-Dubrovnik_Dubrovnik_Neretva_County_Dalmatia.html
Dubrovnik Cable Car, 1746, 1869, Tramways & Tramways, Europe & Croatia & Dalmatia & Dubrovnik-Neretva County & Dubrovnik & Things to Do in Dubrovnik, 4.5, 42.649178, 18.111687, 143045582, 20121001, 20121001, 5.0, Dave P, /Profile/peezybaby, fc9a97758ca07197411043ed43104192, /Attraction_Review-g295371-d1886448-Reviews-Dubrovnik_Cable_Car-Dubrovnik_Dubrovnik_Neretva_County_Dalmatia.html
Dubrovnik Cable Car, 1746, 1869, Tramways & Tramways, Europe & Croatia & Dalmatia & Dubrovnik-Neretva County & Dubrovnik & Things to Do in Dubrovnik, 4.5, 42.649178, 18.111687, 142934635, 20121001, 20121001, 5.0, HikerGerro, /Profile/HikerGerro, e27cb4670b9911fc9716afb811064b1c, /Attraction_Review-g295371-d1886448-Reviews-Dubrovnik_Cable_Car-Dubrovnik_Dubrovnik_Neretva_County_Dalmatia.html
Dubrovnik Cable Car, 1746, 1869, Tramways & Tramways, Europe & Croatia & Dalmatia & Dubrovnik-Neretva County & Dubrovnik & Things to Do in Dubrovnik, 4.5, 42.649178, 18.111687, 142841300, 20121001, 20120901, 4.0, SouthAfricaMargie49, /Profile/SouthAfricaMargie49, 8a5eaee9a96b4182208b41c868aa06ea, /Attraction_Review-g295371-d1886448-Reviews-Dubrovnik_Cable_Car-Dubrovnik_Dubrovnik_Neretva_County_Dalmatia.html
Dubrovnik Cable Car, 1746, 1869, Tramways & Tramways, Europe & Croatia & Dalmatia & Dubrovnik-Neretva County & Dubrovnik & Things to Do in Dubrovnik, 4.5, 42.649178, 18.111687, 142818422, 20121001, 20121001, 5.0, yesman_10, /Profile/yesman_10, 51d7183b81bca441b7a6da7f206751fb, /Attraction_Review-g295371-d1886448-Reviews-Dubrovnik_Cable_Car-Dubrovnik_Dubrovnik_Neretva_County_Dalmatia.html
