review_location_name, review_current_page, review_last_page, review_location_type, review_location_breadcrumbs, review_location_rate, location_lat, location_lng, review_id, review_date, review_experience_date, review_rate, user_name, user_link, user_id, parent_url
The Church of the Annunciation of the Blessed Virgin Mary, 1, 2, Churches & Cathedrals & Churches & Cathedrals, Europe & Croatia & Primorje-Gorski Kotar County & Kvarner Bay Islands & Losinj Island & Mali Losinj & Things to Do in Mali Losinj, 4.0, 0, 0, 712324688, 20190901, 20190901, 3.0, Elderly Traveller, /Profile/X8085XIalanf, acaa7ca6e302d844f5fcecc0c28283df, /Attraction_Review-g297514-d2318760-Reviews-The_Church_of_the_Annunciation_of_the_Blessed_Virgin_Mary-Mali_Losinj_Losinj_Isla.html
The Church of the Annunciation of the Blessed Virgin Mary, 1, 2, Churches & Cathedrals & Churches & Cathedrals, Europe & Croatia & Primorje-Gorski Kotar County & Kvarner Bay Islands & Losinj Island & Mali Losinj & Things to Do in Mali Losinj, 4.0, 0, 0, 689395475, 20190701, 20190701, 4.0, kmarko, /Profile/kmarko, 7932911a28f4661b2ae73a02ac171366, /Attraction_Review-g297514-d2318760-Reviews-The_Church_of_the_Annunciation_of_the_Blessed_Virgin_Mary-Mali_Losinj_Losinj_Isla.html
The Church of the Annunciation of the Blessed Virgin Mary, 1, 2, Churches & Cathedrals & Churches & Cathedrals, Europe & Croatia & Primorje-Gorski Kotar County & Kvarner Bay Islands & Losinj Island & Mali Losinj & Things to Do in Mali Losinj, 4.0, 0, 0, 497233910, 20170601, 20170601, 3.0, Miha P, /Profile/482mihap, abd2f9c2cd78a57d449f70cdffa1616b, /Attraction_Review-g297514-d2318760-Reviews-The_Church_of_the_Annunciation_of_the_Blessed_Virgin_Mary-Mali_Losinj_Losinj_Isla.html
The Church of the Annunciation of the Blessed Virgin Mary, 1, 2, Churches & Cathedrals & Churches & Cathedrals, Europe & Croatia & Primorje-Gorski Kotar County & Kvarner Bay Islands & Losinj Island & Mali Losinj & Things to Do in Mali Losinj, 4.0, 0, 0, 481879599, 20170501, 20170401, 5.0, bojanklanjscek, /Profile/bojanklanjscek, e27af6a2b242d4abac8eeee14a1aba2a, /Attraction_Review-g297514-d2318760-Reviews-The_Church_of_the_Annunciation_of_the_Blessed_Virgin_Mary-Mali_Losinj_Losinj_Isla.html
The Church of the Annunciation of the Blessed Virgin Mary, 1, 2, Churches & Cathedrals & Churches & Cathedrals, Europe & Croatia & Primorje-Gorski Kotar County & Kvarner Bay Islands & Losinj Island & Mali Losinj & Things to Do in Mali Losinj, 4.0, 0, 0, 406086441, 20160801, 20160801, 3.0, alioshkaaa, /Profile/alioshkaaa, a1241e02b23b5196a00eb0ccf9fa07f1, /Attraction_Review-g297514-d2318760-Reviews-The_Church_of_the_Annunciation_of_the_Blessed_Virgin_Mary-Mali_Losinj_Losinj_Isla.html
