review_location_name, review_current_page, review_last_page, review_location_type, review_location_breadcrumbs, review_location_rate, location_lat, location_lng, review_id, review_date, review_experience_date, review_rate, user_name, user_link, user_id, parent_url
Vela Spila, 8, 12, Points of Interest & Landmarks & Points of Interest & Landmarks, Europe & Croatia & Dalmatia & Dubrovnik-Neretva County & Korcula Island & Vela Luka & Things to Do in Vela Luka, 3.5, 42.96965, 16.71834, 483162944, 20170501, 20170501, 5.0, Ger O, /Profile/gero222, 3597ed404ff1183a5888f730c4853133, /Attraction_Review-g608722-d7200443-Reviews-Vela_Spila-Vela_Luka_Korcula_Island_Dubrovnik_Neretva_County_Dalmatia.html
Vela Spila, 8, 12, Points of Interest & Landmarks & Points of Interest & Landmarks, Europe & Croatia & Dalmatia & Dubrovnik-Neretva County & Korcula Island & Vela Luka & Things to Do in Vela Luka, 3.5, 42.96965, 16.71834, 448302388, 20170101, 20160901, 5.0, Sarah F, /Profile/345sarahf, 94c4b5c7535c8e8c831acd0b167859e1, /Attraction_Review-g608722-d7200443-Reviews-Vela_Spila-Vela_Luka_Korcula_Island_Dubrovnik_Neretva_County_Dalmatia.html
Vela Spila, 8, 12, Points of Interest & Landmarks & Points of Interest & Landmarks, Europe & Croatia & Dalmatia & Dubrovnik-Neretva County & Korcula Island & Vela Luka & Things to Do in Vela Luka, 3.5, 42.96965, 16.71834, 434307117, 20161101, 20160901, 2.0, joan h, /Profile/58joanh, 3f52f0aa4cc2560dba3695b6d6d6409d, /Attraction_Review-g608722-d7200443-Reviews-Vela_Spila-Vela_Luka_Korcula_Island_Dubrovnik_Neretva_County_Dalmatia.html
Vela Spila, 8, 12, Points of Interest & Landmarks & Points of Interest & Landmarks, Europe & Croatia & Dalmatia & Dubrovnik-Neretva County & Korcula Island & Vela Luka & Things to Do in Vela Luka, 3.5, 42.96965, 16.71834, 427266970, 20161001, 20161001, 2.0, Sara, /Profile/sarakX530LE, d9381019a217d7fda4f88e000895dd77, /Attraction_Review-g608722-d7200443-Reviews-Vela_Spila-Vela_Luka_Korcula_Island_Dubrovnik_Neretva_County_Dalmatia.html
Vela Spila, 8, 12, Points of Interest & Landmarks & Points of Interest & Landmarks, Europe & Croatia & Dalmatia & Dubrovnik-Neretva County & Korcula Island & Vela Luka & Things to Do in Vela Luka, 3.5, 42.96965, 16.71834, 421295548, 20160901, 20160901, 1.0, Grinda, /Profile/Grinda, f06d4f09f4c3dcdcc1552a1a6d310a58, /Attraction_Review-g608722-d7200443-Reviews-Vela_Spila-Vela_Luka_Korcula_Island_Dubrovnik_Neretva_County_Dalmatia.html
