review_location_name, review_current_page, review_last_page, review_location_type, review_location_breadcrumbs, review_location_rate, location_lat, location_lng, review_id, review_date, review_experience_date, review_rate, user_name, user_link, user_id, parent_url
Archaeological Museum Split, 10, 30, History Museums & History Museums, Europe & Croatia & Dalmatia & Split-Dalmatia County & Split & Things to Do in Split, 4.0, 43.515835, 16.43481, 524425570, 20170901, 20170901, 4.0, Felix I, /Profile/61felixi, 7a0fddbd90b9fb08d7561625dae95ccb, /Attraction_Review-g295370-d317712-Reviews-Archaeological_Museum_Split-Split_Split_Dalmatia_County_Dalmatia.html
Archaeological Museum Split, 10, 30, History Museums & History Museums, Europe & Croatia & Dalmatia & Split-Dalmatia County & Split & Things to Do in Split, 4.0, 43.515835, 16.43481, 524380735, 20170901, 20170901, 4.0, trianon3, /Profile/trianon3, 31320fcd9960be43dcdc6d71adb77645, /Attraction_Review-g295370-d317712-Reviews-Archaeological_Museum_Split-Split_Split_Dalmatia_County_Dalmatia.html
Archaeological Museum Split, 10, 30, History Museums & History Museums, Europe & Croatia & Dalmatia & Split-Dalmatia County & Split & Things to Do in Split, 4.0, 43.515835, 16.43481, 522903508, 20170901, 20170901, 3.0, MaciaVargas, /Profile/MaciaVargas, 6b5ed9ffd26e7faaa4297e97330cc104, /Attraction_Review-g295370-d317712-Reviews-Archaeological_Museum_Split-Split_Split_Dalmatia_County_Dalmatia.html
Archaeological Museum Split, 10, 30, History Museums & History Museums, Europe & Croatia & Dalmatia & Split-Dalmatia County & Split & Things to Do in Split, 4.0, 43.515835, 16.43481, 522757630, 20170901, 20170901, 4.0, CFEIII, /Profile/CFEIII, efc546337a57c560989ad9af4bb36080, /Attraction_Review-g295370-d317712-Reviews-Archaeological_Museum_Split-Split_Split_Dalmatia_County_Dalmatia.html
Archaeological Museum Split, 10, 30, History Museums & History Museums, Europe & Croatia & Dalmatia & Split-Dalmatia County & Split & Things to Do in Split, 4.0, 43.515835, 16.43481, 519008675, 20170801, 20170801, 5.0, Les G, /Profile/900lesg, 6b8a688c981848567ee883ad4575a2d1, /Attraction_Review-g295370-d317712-Reviews-Archaeological_Museum_Split-Split_Split_Dalmatia_County_Dalmatia.html
