review_location_name, review_current_page, review_last_page, review_location_type, review_location_breadcrumbs, review_location_rate, location_lat, location_lng, review_id, review_date, review_experience_date, review_rate, user_name, user_link, user_id, parent_url
Dubrovnik Cable Car, 151, 1869, Tramways & Tramways, Europe & Croatia & Dalmatia & Dubrovnik-Neretva County & Dubrovnik & Things to Do in Dubrovnik, 4.5, 42.649178, 18.111687, 648382928, 20190101, 20181001, 4.0, Bee B, /Profile/426beeb, 0692a2acb29025d024b1bfde1b132ab5, /Attraction_Review-g295371-d1886448-Reviews-Dubrovnik_Cable_Car-Dubrovnik_Dubrovnik_Neretva_County_Dalmatia.html
Dubrovnik Cable Car, 151, 1869, Tramways & Tramways, Europe & Croatia & Dalmatia & Dubrovnik-Neretva County & Dubrovnik & Things to Do in Dubrovnik, 4.5, 42.649178, 18.111687, 647636206, 20190101, 20180701, 3.0, Michele P, /Profile/425michelep, 18d6714c527e7f6b8302006f118560d8, /Attraction_Review-g295371-d1886448-Reviews-Dubrovnik_Cable_Car-Dubrovnik_Dubrovnik_Neretva_County_Dalmatia.html
Dubrovnik Cable Car, 151, 1869, Tramways & Tramways, Europe & Croatia & Dalmatia & Dubrovnik-Neretva County & Dubrovnik & Things to Do in Dubrovnik, 4.5, 42.649178, 18.111687, 647628882, 20190101, 20181201, 4.0, Francis D, /Profile/Isa-Francis, c6ebdc70bd7d2c6a01ebe58b277f4dbb, /Attraction_Review-g295371-d1886448-Reviews-Dubrovnik_Cable_Car-Dubrovnik_Dubrovnik_Neretva_County_Dalmatia.html
Dubrovnik Cable Car, 151, 1869, Tramways & Tramways, Europe & Croatia & Dalmatia & Dubrovnik-Neretva County & Dubrovnik & Things to Do in Dubrovnik, 4.5, 42.649178, 18.111687, 647396162, 20190101, 20181001, 3.0, Ted E, /Profile/teckman333, 5599001ad6e2085ee08b06623dd84471, /Attraction_Review-g295371-d1886448-Reviews-Dubrovnik_Cable_Car-Dubrovnik_Dubrovnik_Neretva_County_Dalmatia.html
Dubrovnik Cable Car, 151, 1869, Tramways & Tramways, Europe & Croatia & Dalmatia & Dubrovnik-Neretva County & Dubrovnik & Things to Do in Dubrovnik, 4.5, 42.649178, 18.111687, 647066363, 20190101, 20180801, 4.0, M.H.Pessaran, /Profile/mhossein, 9e4a5d9e215d32b1c435175593bad1ed, /Attraction_Review-g295371-d1886448-Reviews-Dubrovnik_Cable_Car-Dubrovnik_Dubrovnik_Neretva_County_Dalmatia.html
