review_location_name, review_current_page, review_last_page, review_location_type, review_location_breadcrumbs, review_location_rate, location_lat, location_lng, review_id, review_date, review_experience_date, review_rate, user_name, user_link, user_id, parent_url
Trsteno Arboretum, 39, 49, Nature & Wildlife Areas & Nature & Wildlife Areas, Europe & Croatia & Dalmatia & Dubrovnik-Neretva County & Trsteno & Things to Do in Trsteno, 4.0, 42.71153, 17.97662, 283951966, 20150601, 20150601, 5.0, Paul R, /Profile/Loughconn, 0d05bdf4c562af5370e8bf1ddbb916cf, /Attraction_Review-g1069856-d4351998-Reviews-Trsteno_Arboretum-Trsteno_Dubrovnik_Neretva_County_Dalmatia.html
Trsteno Arboretum, 39, 49, Nature & Wildlife Areas & Nature & Wildlife Areas, Europe & Croatia & Dalmatia & Dubrovnik-Neretva County & Trsteno & Things to Do in Trsteno, 4.0, 42.71153, 17.97662, 283529310, 20150601, 20150601, 4.0, fdeffe, /Profile/fdeffe, 96adf6e98342c7657834f13fdaa77692, /Attraction_Review-g1069856-d4351998-Reviews-Trsteno_Arboretum-Trsteno_Dubrovnik_Neretva_County_Dalmatia.html
Trsteno Arboretum, 39, 49, Nature & Wildlife Areas & Nature & Wildlife Areas, Europe & Croatia & Dalmatia & Dubrovnik-Neretva County & Trsteno & Things to Do in Trsteno, 4.0, 42.71153, 17.97662, 282693694, 20150601, 20150601, 4.0, CoralReef, /Profile/CoralReef, f82d86ad168d581342dad4228cd08b9a, /Attraction_Review-g1069856-d4351998-Reviews-Trsteno_Arboretum-Trsteno_Dubrovnik_Neretva_County_Dalmatia.html
Trsteno Arboretum, 39, 49, Nature & Wildlife Areas & Nature & Wildlife Areas, Europe & Croatia & Dalmatia & Dubrovnik-Neretva County & Trsteno & Things to Do in Trsteno, 4.0, 42.71153, 17.97662, 282564732, 20150601, 20150601, 5.0, josip71, /Profile/josip71, 85d96a5350fd256448c2eb928f6b6d30, /Attraction_Review-g1069856-d4351998-Reviews-Trsteno_Arboretum-Trsteno_Dubrovnik_Neretva_County_Dalmatia.html
Trsteno Arboretum, 39, 49, Nature & Wildlife Areas & Nature & Wildlife Areas, Europe & Croatia & Dalmatia & Dubrovnik-Neretva County & Trsteno & Things to Do in Trsteno, 4.0, 42.71153, 17.97662, 282064437, 20150601, 20150601, 3.0, spetey33, /Profile/spetey33, 43b4b7802c5a7296c71f64940ea5d21f, /Attraction_Review-g1069856-d4351998-Reviews-Trsteno_Arboretum-Trsteno_Dubrovnik_Neretva_County_Dalmatia.html
