review_location_name, review_current_page, review_last_page, review_location_type, review_location_breadcrumbs, review_location_rate, location_lat, location_lng, review_id, review_date, review_experience_date, review_rate, user_name, user_link, user_id, parent_url
Rector's Palace, 26, 124, Historic Sites & History Museums & Historic Sites & History Museums, Europe & Croatia & Dalmatia & Dubrovnik-Neretva County & Dubrovnik & Things to Do in Dubrovnik, 4.0, 42.64057, 18.11084, 609662013, 20180801, 20180801, 4.0, Jim J, /Profile/201jimj, 06154afa9db6b39c46f0af4e9d6cc548, /Attraction_Review-g295371-d319480-Reviews-Rector_s_Palace-Dubrovnik_Dubrovnik_Neretva_County_Dalmatia.html
Rector's Palace, 26, 124, Historic Sites & History Museums & Historic Sites & History Museums, Europe & Croatia & Dalmatia & Dubrovnik-Neretva County & Dubrovnik & Things to Do in Dubrovnik, 4.0, 42.64057, 18.11084, 609282457, 20180801, 20180801, 5.0, Michael K, /Profile/735MichaelK, 3441f0d098477b9fba97e9553c019b87, /Attraction_Review-g295371-d319480-Reviews-Rector_s_Palace-Dubrovnik_Dubrovnik_Neretva_County_Dalmatia.html
Rector's Palace, 26, 124, Historic Sites & History Museums & Historic Sites & History Museums, Europe & Croatia & Dalmatia & Dubrovnik-Neretva County & Dubrovnik & Things to Do in Dubrovnik, 4.0, 42.64057, 18.11084, 608994231, 20180801, 20180701, 5.0, mvtouring, /Profile/mvtouring, 2facd29cdb20f1ec733bf67ee4dd79f1, /Attraction_Review-g295371-d319480-Reviews-Rector_s_Palace-Dubrovnik_Dubrovnik_Neretva_County_Dalmatia.html
Rector's Palace, 26, 124, Historic Sites & History Museums & Historic Sites & History Museums, Europe & Croatia & Dalmatia & Dubrovnik-Neretva County & Dubrovnik & Things to Do in Dubrovnik, 4.0, 42.64057, 18.11084, 604409202, 20180801, 20180801, 5.0, Sandy B, /Profile/sandybF4465TM, 490ca382434c7551236db15d9fc7196b, /Attraction_Review-g295371-d319480-Reviews-Rector_s_Palace-Dubrovnik_Dubrovnik_Neretva_County_Dalmatia.html
Rector's Palace, 26, 124, Historic Sites & History Museums & Historic Sites & History Museums, Europe & Croatia & Dalmatia & Dubrovnik-Neretva County & Dubrovnik & Things to Do in Dubrovnik, 4.0, 42.64057, 18.11084, 602389531, 20180801, 20180601, 4.0, Adam T, /Profile/adamathompson, 81dc6427a89f818a4819462738d16762, /Attraction_Review-g295371-d319480-Reviews-Rector_s_Palace-Dubrovnik_Dubrovnik_Neretva_County_Dalmatia.html
