review_location_name, review_current_page, review_last_page, review_location_type, review_location_breadcrumbs, review_location_rate, location_lat, location_lng, review_id, review_date, review_experience_date, review_rate, user_name, user_link, user_id, parent_url
Cavtat Old Town, 244, 411, Neighborhoods & Neighborhoods, Europe & Croatia & Dalmatia & Dubrovnik-Neretva County & Konavle & Cavtat & Things to Do in Cavtat, 4.5, 42.581703, 18.21666, 320024770, 20151001, 20150501, 5.0, Patricia B, /Profile/B7708XHpatriciab, 424b85c2a16b3ab4183b2c3ce8860bbd, /Attraction_Review-g303804-d600370-Reviews-Cavtat_Old_Town-Cavtat_Konavle_Dubrovnik_Neretva_County_Dalmatia.html
Cavtat Old Town, 244, 411, Neighborhoods & Neighborhoods, Europe & Croatia & Dalmatia & Dubrovnik-Neretva County & Konavle & Cavtat & Things to Do in Cavtat, 4.5, 42.581703, 18.21666, 319489483, 20151001, 20151001, 4.0, Tigersboy, /Profile/Tigersboy, 2eba7fe9937dcba3336069e077c21eb9, /Attraction_Review-g303804-d600370-Reviews-Cavtat_Old_Town-Cavtat_Konavle_Dubrovnik_Neretva_County_Dalmatia.html
Cavtat Old Town, 244, 411, Neighborhoods & Neighborhoods, Europe & Croatia & Dalmatia & Dubrovnik-Neretva County & Konavle & Cavtat & Things to Do in Cavtat, 4.5, 42.581703, 18.21666, 319394689, 20151001, 20151001, 5.0, vbostridge, /Profile/vbostridge, 08a3b5e76b092e934f3b58844a24b0df, /Attraction_Review-g303804-d600370-Reviews-Cavtat_Old_Town-Cavtat_Konavle_Dubrovnik_Neretva_County_Dalmatia.html
Cavtat Old Town, 244, 411, Neighborhoods & Neighborhoods, Europe & Croatia & Dalmatia & Dubrovnik-Neretva County & Konavle & Cavtat & Things to Do in Cavtat, 4.5, 42.581703, 18.21666, 319366816, 20151001, 20151001, 4.0, Carl H, /Profile/cabbage4histea, 8ae3abdd4fa323681c4a25dce3578551, /Attraction_Review-g303804-d600370-Reviews-Cavtat_Old_Town-Cavtat_Konavle_Dubrovnik_Neretva_County_Dalmatia.html
Cavtat Old Town, 244, 411, Neighborhoods & Neighborhoods, Europe & Croatia & Dalmatia & Dubrovnik-Neretva County & Konavle & Cavtat & Things to Do in Cavtat, 4.5, 42.581703, 18.21666, 319339740, 20151001, 20150901, 4.0, itcheetam, /Profile/itcheetam, e804595dcb5c849b10950480226b31f0, /Attraction_Review-g303804-d600370-Reviews-Cavtat_Old_Town-Cavtat_Konavle_Dubrovnik_Neretva_County_Dalmatia.html
