review_location_name, review_current_page, review_last_page, review_location_type, review_location_breadcrumbs, review_location_rate, location_lat, location_lng, review_id, review_date, review_experience_date, review_rate, user_name, user_link, user_id, parent_url
Tehnicki Muzej, 18, 22, Specialty Museums & Specialty Museums, Europe & Croatia & Central Croatia & Zagreb & Things to Do in Zagreb, 4.0, 45.803673, 15.96396, 269472066, 20150501, 20150401, 5.0, Lowell B, /Profile/lowellb517, 5a7c94e01cb2d081102631b14637cc1f, /Attraction_Review-g294454-d1735265-Reviews-Tehnicki_Muzej-Zagreb_Central_Croatia.html
Tehnicki Muzej, 18, 22, Specialty Museums & Specialty Museums, Europe & Croatia & Central Croatia & Zagreb & Things to Do in Zagreb, 4.0, 45.803673, 15.96396, 262474448, 20150301, 20150301, 4.0, TFBN, /Profile/TFBN, c12f909fb56fcc6e1088d4bc70bfd2a2, /Attraction_Review-g294454-d1735265-Reviews-Tehnicki_Muzej-Zagreb_Central_Croatia.html
Tehnicki Muzej, 18, 22, Specialty Museums & Specialty Museums, Europe & Croatia & Central Croatia & Zagreb & Things to Do in Zagreb, 4.0, 45.803673, 15.96396, 252462902, 20150201, 20150201, 5.0, marin421, /Profile/marin421, e1a79dd5de3dce8bfb4770fb52a30734, /Attraction_Review-g294454-d1735265-Reviews-Tehnicki_Muzej-Zagreb_Central_Croatia.html
Tehnicki Muzej, 18, 22, Specialty Museums & Specialty Museums, Europe & Croatia & Central Croatia & Zagreb & Things to Do in Zagreb, 4.0, 45.803673, 15.96396, 232536507, 20141001, 20140901, 4.0, C K M, /Profile/436ckm, 4a160c522140554eeec1ca7c24400514, /Attraction_Review-g294454-d1735265-Reviews-Tehnicki_Muzej-Zagreb_Central_Croatia.html
Tehnicki Muzej, 18, 22, Specialty Museums & Specialty Museums, Europe & Croatia & Central Croatia & Zagreb & Things to Do in Zagreb, 4.0, 45.803673, 15.96396, 230202136, 20140901, 20140901, 3.0, bosphorus104, /Profile/bosphorus104, e7c997bdcb606e5cffd23540c540864f, /Attraction_Review-g294454-d1735265-Reviews-Tehnicki_Muzej-Zagreb_Central_Croatia.html
