review_location_name, review_current_page, review_last_page, review_location_type, review_location_breadcrumbs, review_location_rate, location_lat, location_lng, review_id, review_date, review_experience_date, review_rate, user_name, user_link, user_id, parent_url
Cavtat Old Town, 406, 411, Neighborhoods & Neighborhoods, Europe & Croatia & Dalmatia & Dubrovnik-Neretva County & Konavle & Cavtat & Things to Do in Cavtat, 4.5, 42.581703, 18.21666, 130184409, 20120501, 20120501, 5.0, Ann2649, /Profile/Ann2649, a43f822c7599c65918ea2507a139cdf5, /Attraction_Review-g303804-d600370-Reviews-Cavtat_Old_Town-Cavtat_Konavle_Dubrovnik_Neretva_County_Dalmatia.html
Cavtat Old Town, 406, 411, Neighborhoods & Neighborhoods, Europe & Croatia & Dalmatia & Dubrovnik-Neretva County & Konavle & Cavtat & Things to Do in Cavtat, 4.5, 42.581703, 18.21666, 130177231, 20120501, 20120501, 5.0, woodie35, /Profile/woodie35, 21325bf8fecc6a2dce630db7c247e7b8, /Attraction_Review-g303804-d600370-Reviews-Cavtat_Old_Town-Cavtat_Konavle_Dubrovnik_Neretva_County_Dalmatia.html
Cavtat Old Town, 406, 411, Neighborhoods & Neighborhoods, Europe & Croatia & Dalmatia & Dubrovnik-Neretva County & Konavle & Cavtat & Things to Do in Cavtat, 4.5, 42.581703, 18.21666, 130153762, 20120501, 20120501, 5.0, Frances R, /Profile/FrancesR973, 8a19eadc28d688fe0391e10b2d803770, /Attraction_Review-g303804-d600370-Reviews-Cavtat_Old_Town-Cavtat_Konavle_Dubrovnik_Neretva_County_Dalmatia.html
Cavtat Old Town, 406, 411, Neighborhoods & Neighborhoods, Europe & Croatia & Dalmatia & Dubrovnik-Neretva County & Konavle & Cavtat & Things to Do in Cavtat, 4.5, 42.581703, 18.21666, 130151893, 20120501, 20120501, 5.0, L_K1509, /Profile/L_K1509, 63cf6c9226825ba21dee7aac1bb35334, /Attraction_Review-g303804-d600370-Reviews-Cavtat_Old_Town-Cavtat_Konavle_Dubrovnik_Neretva_County_Dalmatia.html
Cavtat Old Town, 406, 411, Neighborhoods & Neighborhoods, Europe & Croatia & Dalmatia & Dubrovnik-Neretva County & Konavle & Cavtat & Things to Do in Cavtat, 4.5, 42.581703, 18.21666, 130038732, 20120501, 20120501, 5.0, HVC30, /Profile/HVC30, 9d86e7072a2fc3902ff3a64949c7a620, /Attraction_Review-g303804-d600370-Reviews-Cavtat_Old_Town-Cavtat_Konavle_Dubrovnik_Neretva_County_Dalmatia.html
