review_location_name, review_current_page, review_last_page, review_location_type, review_location_breadcrumbs, review_location_rate, location_lat, location_lng, review_id, review_date, review_experience_date, review_rate, user_name, user_link, user_id, parent_url
Split Zoo, 2, 10, Zoos & Zoos, Europe & Croatia & Dalmatia & Split-Dalmatia County & Split & Things to Do in Split, 2.0, 43.50841, 16.42594, 667814275, 20190401, 20190401, 1.0, Trants1, /Profile/Trants1, de310bdc4dd3cf7c4b119400cf38817c, /Attraction_Review-g295370-d4299744-Reviews-Split_Zoo-Split_Split_Dalmatia_County_Dalmatia.html
Split Zoo, 2, 10, Zoos & Zoos, Europe & Croatia & Dalmatia & Split-Dalmatia County & Split & Things to Do in Split, 2.0, 43.50841, 16.42594, 500446874, 20170701, 20170701, 1.0, David, /Profile/df86, a81fd84362f03c221f45136bdbf016dc, /Attraction_Review-g295370-d4299744-Reviews-Split_Zoo-Split_Split_Dalmatia_County_Dalmatia.html
Split Zoo, 2, 10, Zoos & Zoos, Europe & Croatia & Dalmatia & Split-Dalmatia County & Split & Things to Do in Split, 2.0, 43.50841, 16.42594, 491016438, 20170601, 20170601, 1.0, Sara_Andersen16, /Profile/Sara_Andersen16, 6851b9bb0bb6a1f87d7872e4b19cab28, /Attraction_Review-g295370-d4299744-Reviews-Split_Zoo-Split_Split_Dalmatia_County_Dalmatia.html
Split Zoo, 2, 10, Zoos & Zoos, Europe & Croatia & Dalmatia & Split-Dalmatia County & Split & Things to Do in Split, 2.0, 43.50841, 16.42594, 319654161, 20151001, 20151001, 1.0, Michele D, /Profile/mdemmi132018, 8914d7c6004b2c88ef439f307ec16d1d, /Attraction_Review-g295370-d4299744-Reviews-Split_Zoo-Split_Split_Dalmatia_County_Dalmatia.html
Split Zoo, 2, 10, Zoos & Zoos, Europe & Croatia & Dalmatia & Split-Dalmatia County & Split & Things to Do in Split, 2.0, 43.50841, 16.42594, 311387345, 20150901, 20150901, 1.0, AdollRoberts, /Profile/AdollRoberts, 65e725fc4f6228e8e835cb2e05c5393e, /Attraction_Review-g295370-d4299744-Reviews-Split_Zoo-Split_Split_Dalmatia_County_Dalmatia.html
