review_location_name, review_current_page, review_last_page, review_location_type, review_location_breadcrumbs, review_location_rate, location_lat, location_lng, review_id, review_date, review_experience_date, review_rate, user_name, user_link, user_id, parent_url
Plitvice Lakes National Park, 896, 1391, National Parks & National Parks, Europe & Croatia & Central Croatia & Plitvice Lakes National Park & Things to Do in Plitvice Lakes National Park, 4.5, 44.883595, 15.618849, 311614297, 20150901, 20150901, 5.0, deano_lfc, /Profile/deano_lfc, 94eac2c0518871e7c300324579d68c3b, /Attraction_Review-g303827-d554038-Reviews-Plitvice_Lakes_National_Park-Plitvice_Lakes_National_Park_Central_Croatia.html
Plitvice Lakes National Park, 896, 1391, National Parks & National Parks, Europe & Croatia & Central Croatia & Plitvice Lakes National Park & Things to Do in Plitvice Lakes National Park, 4.5, 44.883595, 15.618849, 311596997, 20150901, 20150901, 4.0, julie903, /Profile/julie903, 2053bd6bb7160c4e038fd3e434c0f117, /Attraction_Review-g303827-d554038-Reviews-Plitvice_Lakes_National_Park-Plitvice_Lakes_National_Park_Central_Croatia.html
Plitvice Lakes National Park, 896, 1391, National Parks & National Parks, Europe & Croatia & Central Croatia & Plitvice Lakes National Park & Things to Do in Plitvice Lakes National Park, 4.5, 44.883595, 15.618849, 311573696, 20150901, 20150901, 5.0, Paul N, /Profile/paulnX5447GQ, 40812e0b63dc1c47815d5f8349ca2ddf, /Attraction_Review-g303827-d554038-Reviews-Plitvice_Lakes_National_Park-Plitvice_Lakes_National_Park_Central_Croatia.html
Plitvice Lakes National Park, 896, 1391, National Parks & National Parks, Europe & Croatia & Central Croatia & Plitvice Lakes National Park & Things to Do in Plitvice Lakes National Park, 4.5, 44.883595, 15.618849, 311553549, 20150901, 20150901, 5.0, rwc, /Profile/journeycouple, a679f62a3ebbaa10aee942b41faf5645, /Attraction_Review-g303827-d554038-Reviews-Plitvice_Lakes_National_Park-Plitvice_Lakes_National_Park_Central_Croatia.html
Plitvice Lakes National Park, 896, 1391, National Parks & National Parks, Europe & Croatia & Central Croatia & Plitvice Lakes National Park & Things to Do in Plitvice Lakes National Park, 4.5, 44.883595, 15.618849, 311441448, 20150901, 20150801, 5.0, Mainlander_13, /Profile/Mainlander_13, 13086be8d0755ba6706cde4ee5477091, /Attraction_Review-g303827-d554038-Reviews-Plitvice_Lakes_National_Park-Plitvice_Lakes_National_Park_Central_Croatia.html
