review_location_name, review_current_page, review_last_page, review_location_type, review_location_breadcrumbs, review_location_rate, location_lat, location_lng, review_id, review_date, review_experience_date, review_rate, user_name, user_link, user_id, parent_url
Tower of St. Christopher, 1, 3, Observation Decks & Towers & Observation Decks & Towers, Europe & Croatia & Primorje-Gorski Kotar County & Kvarner Bay Islands & Rab Island & Rab Town & Things to Do in Rab Town, 4.5, 44.75624, 14.76005, 711380089, 20190901, 20190901, 5.0, Kerry D, /Profile/Kerrylynn186338, 49a49655fee9deb093dd888ef42f0143, /Attraction_Review-g1799875-d3339355-Reviews-Tower_of_St_Christopher-Rab_Town_Rab_Island_Kvarner_Bay_Islands_Primorje_Gorski_.html
Tower of St. Christopher, 1, 3, Observation Decks & Towers & Observation Decks & Towers, Europe & Croatia & Primorje-Gorski Kotar County & Kvarner Bay Islands & Rab Island & Rab Town & Things to Do in Rab Town, 4.5, 44.75624, 14.76005, 691790220, 20190701, 20190701, 5.0, Hobby Traveler, /Profile/svenmarkowitsch, be1779e9194ded80f69a772d189f68c6, /Attraction_Review-g1799875-d3339355-Reviews-Tower_of_St_Christopher-Rab_Town_Rab_Island_Kvarner_Bay_Islands_Primorje_Gorski_.html
Tower of St. Christopher, 1, 3, Observation Decks & Towers & Observation Decks & Towers, Europe & Croatia & Primorje-Gorski Kotar County & Kvarner Bay Islands & Rab Island & Rab Town & Things to Do in Rab Town, 4.5, 44.75624, 14.76005, 514836429, 20170801, 20170801, 5.0, Terri B, /Profile/terrib374, 040ab2633a65e8b9313721d0ada0666c, /Attraction_Review-g1799875-d3339355-Reviews-Tower_of_St_Christopher-Rab_Town_Rab_Island_Kvarner_Bay_Islands_Primorje_Gorski_.html
Tower of St. Christopher, 1, 3, Observation Decks & Towers & Observation Decks & Towers, Europe & Croatia & Primorje-Gorski Kotar County & Kvarner Bay Islands & Rab Island & Rab Town & Things to Do in Rab Town, 4.5, 44.75624, 14.76005, 490729648, 20170601, 20170601, 4.0, Miriamka L, /Profile/MiriamLandae, 6621021f6de82b19b0e88b6f8357526c, /Attraction_Review-g1799875-d3339355-Reviews-Tower_of_St_Christopher-Rab_Town_Rab_Island_Kvarner_Bay_Islands_Primorje_Gorski_.html
Tower of St. Christopher, 1, 3, Observation Decks & Towers & Observation Decks & Towers, Europe & Croatia & Primorje-Gorski Kotar County & Kvarner Bay Islands & Rab Island & Rab Town & Things to Do in Rab Town, 4.5, 44.75624, 14.76005, 428761828, 20161001, 20161001, 4.0, Miha P, /Profile/482mihap, abd2f9c2cd78a57d449f70cdffa1616b, /Attraction_Review-g1799875-d3339355-Reviews-Tower_of_St_Christopher-Rab_Town_Rab_Island_Kvarner_Bay_Islands_Primorje_Gorski_.html
