review_location_name, review_current_page, review_last_page, review_location_type, review_location_breadcrumbs, review_location_rate, location_lat, location_lng, review_id, review_date, review_experience_date, review_rate, user_name, user_link, user_id, parent_url
St. Stephen's Cathedral, 13, 29, Sacred & Religious Sites & Sacred & Religious Sites, Europe & Croatia & Dalmatia & Split-Dalmatia County & Hvar Island & Hvar & Things to Do in Hvar, 4.0, 43.17236, 16.442942, 503957059, 20170701, 20170701, 4.0, Martin T, /Profile/MartinT231, 8e85279d29a6d23ea9f67c9da0584e6c, /Attraction_Review-g303808-d552467-Reviews-St_Stephen_s_Cathedral-Hvar_Hvar_Island_Split_Dalmatia_County_Dalmatia.html
St. Stephen's Cathedral, 13, 29, Sacred & Religious Sites & Sacred & Religious Sites, Europe & Croatia & Dalmatia & Split-Dalmatia County & Hvar Island & Hvar & Things to Do in Hvar, 4.0, 43.17236, 16.442942, 502965876, 20170701, 20170701, 4.0, suz, /Profile/430suz, 3fb7e288f265e7d192605a82a3dd7e24, /Attraction_Review-g303808-d552467-Reviews-St_Stephen_s_Cathedral-Hvar_Hvar_Island_Split_Dalmatia_County_Dalmatia.html
St. Stephen's Cathedral, 13, 29, Sacred & Religious Sites & Sacred & Religious Sites, Europe & Croatia & Dalmatia & Split-Dalmatia County & Hvar Island & Hvar & Things to Do in Hvar, 4.0, 43.17236, 16.442942, 502123878, 20170701, 20170601, 4.0, PaulC924, /Profile/Brisca01, a014d3bcbd05ac0f31a61cf4f0b70780, /Attraction_Review-g303808-d552467-Reviews-St_Stephen_s_Cathedral-Hvar_Hvar_Island_Split_Dalmatia_County_Dalmatia.html
St. Stephen's Cathedral, 13, 29, Sacred & Religious Sites & Sacred & Religious Sites, Europe & Croatia & Dalmatia & Split-Dalmatia County & Hvar Island & Hvar & Things to Do in Hvar, 4.0, 43.17236, 16.442942, 498763383, 20170701, 20170601, 3.0, LynneOz, /Profile/LynneOz, e555233c8e76878f8b6fe1b012b9cfdd, /Attraction_Review-g303808-d552467-Reviews-St_Stephen_s_Cathedral-Hvar_Hvar_Island_Split_Dalmatia_County_Dalmatia.html
St. Stephen's Cathedral, 13, 29, Sacred & Religious Sites & Sacred & Religious Sites, Europe & Croatia & Dalmatia & Split-Dalmatia County & Hvar Island & Hvar & Things to Do in Hvar, 4.0, 43.17236, 16.442942, 497087451, 20170601, 20170601, 4.0, TravellerCleethorpes, /Profile/TravellerCleethorpes, 77edf5fc822adc5aac3fce88cd3ecbcd, /Attraction_Review-g303808-d552467-Reviews-St_Stephen_s_Cathedral-Hvar_Hvar_Island_Split_Dalmatia_County_Dalmatia.html
