review_location_name, review_current_page, review_last_page, review_location_type, review_location_breadcrumbs, review_location_rate, location_lat, location_lng, review_id, review_date, review_experience_date, review_rate, user_name, user_link, user_id, parent_url
Temple Of Augustus, 100, 104, Sacred & Religious Sites & Sacred & Religious Sites, Europe & Croatia & Istria & Pula & Things to Do in Pula, 4.0, 44.87011, 13.841956, 172411022, 20130801, 20130701, 4.0, andymwood, /Profile/andymwood, f662de084f40e3aa1d1bbfda50c62a70, /Attraction_Review-g295373-d553253-Reviews-Temple_Of_Augustus-Pula_Istria.html
Temple Of Augustus, 100, 104, Sacred & Religious Sites & Sacred & Religious Sites, Europe & Croatia & Istria & Pula & Things to Do in Pula, 4.0, 44.87011, 13.841956, 169565167, 20130701, 20130701, 3.0, 1Viking1, /Profile/1Viking1, 46df31c1de643db59b21ee1cce447ff1, /Attraction_Review-g295373-d553253-Reviews-Temple_Of_Augustus-Pula_Istria.html
Temple Of Augustus, 100, 104, Sacred & Religious Sites & Sacred & Religious Sites, Europe & Croatia & Istria & Pula & Things to Do in Pula, 4.0, 44.87011, 13.841956, 169515115, 20130701, 20130701, 3.0, TonyJohnGrant, /Profile/TonyJohnGrant, 66ad2acca1c22c2fdb7b28a684a7d645, /Attraction_Review-g295373-d553253-Reviews-Temple_Of_Augustus-Pula_Istria.html
Temple Of Augustus, 100, 104, Sacred & Religious Sites & Sacred & Religious Sites, Europe & Croatia & Istria & Pula & Things to Do in Pula, 4.0, 44.87011, 13.841956, 167722311, 20130701, 20130501, 4.0, Magellano81, /Profile/Magellano81, 7b77b7b9680873c53873bd2c730b82a6, /Attraction_Review-g295373-d553253-Reviews-Temple_Of_Augustus-Pula_Istria.html
Temple Of Augustus, 100, 104, Sacred & Religious Sites & Sacred & Religious Sites, Europe & Croatia & Istria & Pula & Things to Do in Pula, 4.0, 44.87011, 13.841956, 167489808, 20130701, 20130701, 3.0, lia21, /Profile/lia21, f771b3440e1115b88a741c3526f59fbf, /Attraction_Review-g295373-d553253-Reviews-Temple_Of_Augustus-Pula_Istria.html
