review_location_name, review_current_page, review_last_page, review_location_type, review_location_breadcrumbs, review_location_rate, location_lat, location_lng, review_id, review_date, review_experience_date, review_rate, user_name, user_link, user_id, parent_url
Paseo Maritimo, 4, 30, Points of Interest & Landmarks & Points of Interest & Landmarks, Europe & Croatia & Dalmatia & Zadar County & Zadar & Things to Do in Zadar, 4.5, 44.11288, 15.23138, 690717270, 20190701, 20190701, 5.0, massimoswitz, /Profile/massimoswitz, c8364339e7914b2835dfc97300898bfb, /Attraction_Review-g295374-d5449588-Reviews-Paseo_Maritimo-Zadar_Zadar_County_Dalmatia.html
Paseo Maritimo, 4, 30, Points of Interest & Landmarks & Points of Interest & Landmarks, Europe & Croatia & Dalmatia & Zadar County & Zadar & Things to Do in Zadar, 4.5, 44.11288, 15.23138, 689300160, 20190701, 20190601, 4.0, wolf1950, /Profile/wolf1950, 49f0844082947f177a2fb7b410981eb5, /Attraction_Review-g295374-d5449588-Reviews-Paseo_Maritimo-Zadar_Zadar_County_Dalmatia.html
Paseo Maritimo, 4, 30, Points of Interest & Landmarks & Points of Interest & Landmarks, Europe & Croatia & Dalmatia & Zadar County & Zadar & Things to Do in Zadar, 4.5, 44.11288, 15.23138, 676829602, 20190501, 20190501, 5.0, La La, /Profile/228laj, c26a2a54c1f90c32d4e650495b7bd2d7, /Attraction_Review-g295374-d5449588-Reviews-Paseo_Maritimo-Zadar_Zadar_County_Dalmatia.html
Paseo Maritimo, 4, 30, Points of Interest & Landmarks & Points of Interest & Landmarks, Europe & Croatia & Dalmatia & Zadar County & Zadar & Things to Do in Zadar, 4.5, 44.11288, 15.23138, 676027339, 20190501, 20190501, 5.0, MikeinMalibu, /Profile/MikeinMalibu, 666265344e15d05206a1fb42133dc1f0, /Attraction_Review-g295374-d5449588-Reviews-Paseo_Maritimo-Zadar_Zadar_County_Dalmatia.html
Paseo Maritimo, 4, 30, Points of Interest & Landmarks & Points of Interest & Landmarks, Europe & Croatia & Dalmatia & Zadar County & Zadar & Things to Do in Zadar, 4.5, 44.11288, 15.23138, 666435150, 20190401, 20190401, 5.0, 5eve0, /Profile/5eve0, 3d56ca09f869c8940553b1c77b97188e, /Attraction_Review-g295374-d5449588-Reviews-Paseo_Maritimo-Zadar_Zadar_County_Dalmatia.html
