review_location_name, review_current_page, review_last_page, review_location_type, review_location_breadcrumbs, review_location_rate, location_lat, location_lng, review_id, review_date, review_experience_date, review_rate, user_name, user_link, user_id, parent_url
Korcula Island - Priscapac, 93, 121, Historic Sites & Islands & Historic Sites & Islands, Europe & Croatia & Dalmatia & Dubrovnik-Neretva County & Dubrovnik & Things to Do in Dubrovnik, 4.5, 42.965252, 17.096537, 207464267, 20140501, 20140501, 5.0, sally r, /Profile/chloeglasgow, d9301c0ad3564b069975bcadd1908b5b, /Attraction_Review-g295371-d552787-Reviews-Korcula_Island_Priscapac-Dubrovnik_Dubrovnik_Neretva_County_Dalmatia.html
Korcula Island - Priscapac, 93, 121, Historic Sites & Islands & Historic Sites & Islands, Europe & Croatia & Dalmatia & Dubrovnik-Neretva County & Dubrovnik & Things to Do in Dubrovnik, 4.5, 42.965252, 17.096537, 207376877, 20140501, 20140501, 2.0, char5656, /Profile/char5656, 5ab01ccc3ad0eee26646075abf58bf52, /Attraction_Review-g295371-d552787-Reviews-Korcula_Island_Priscapac-Dubrovnik_Dubrovnik_Neretva_County_Dalmatia.html
Korcula Island - Priscapac, 93, 121, Historic Sites & Islands & Historic Sites & Islands, Europe & Croatia & Dalmatia & Dubrovnik-Neretva County & Dubrovnik & Things to Do in Dubrovnik, 4.5, 42.965252, 17.096537, 207073945, 20140501, 20140501, 4.0, sbjkelly, /Profile/sbjkelly, b1460a566e30e7ec8681240a0def1d75, /Attraction_Review-g295371-d552787-Reviews-Korcula_Island_Priscapac-Dubrovnik_Dubrovnik_Neretva_County_Dalmatia.html
Korcula Island - Priscapac, 93, 121, Historic Sites & Islands & Historic Sites & Islands, Europe & Croatia & Dalmatia & Dubrovnik-Neretva County & Dubrovnik & Things to Do in Dubrovnik, 4.5, 42.965252, 17.096537, 205878304, 20140501, 20140501, 5.0, Arizonatraveller, /Profile/Arizonatraveller, 9d10288e01079b54a00d037d756761ba, /Attraction_Review-g295371-d552787-Reviews-Korcula_Island_Priscapac-Dubrovnik_Dubrovnik_Neretva_County_Dalmatia.html
Korcula Island - Priscapac, 93, 121, Historic Sites & Islands & Historic Sites & Islands, Europe & Croatia & Dalmatia & Dubrovnik-Neretva County & Dubrovnik & Things to Do in Dubrovnik, 4.5, 42.965252, 17.096537, 205727950, 20140501, 20140501, 3.0, Barbara W, /Profile/921barbaraw, 4679f50e0b4456c8e7e2791b0b4fe7f5, /Attraction_Review-g295371-d552787-Reviews-Korcula_Island_Priscapac-Dubrovnik_Dubrovnik_Neretva_County_Dalmatia.html
