review_location_name, review_current_page, review_last_page, review_location_type, review_location_breadcrumbs, review_location_rate, location_lat, location_lng, review_id, review_date, review_experience_date, review_rate, user_name, user_link, user_id, parent_url
St. Mark's Church (Crkva sv. Marka), 94, 228, Sacred & Religious Sites & Sacred & Religious Sites, Europe & Croatia & Central Croatia & Zagreb & Things to Do in Zagreb, 4.5, 45.81643, 15.97351, 531326421, 20171001, 20170901, 4.0, Lynne K, /Profile/0lynnek, f5be4314052d9a4cec3fd1630b09f562, /Attraction_Review-g294454-d316411-Reviews-St_Mark_s_Church_Crkva_sv_Marka-Zagreb_Central_Croatia.html
St. Mark's Church (Crkva sv. Marka), 94, 228, Sacred & Religious Sites & Sacred & Religious Sites, Europe & Croatia & Central Croatia & Zagreb & Things to Do in Zagreb, 4.5, 45.81643, 15.97351, 531082393, 20171001, 20171001, 3.0, albertv1527, /Profile/albertv1527, 513cab3e5bddd74f79ffc802bb174eae, /Attraction_Review-g294454-d316411-Reviews-St_Mark_s_Church_Crkva_sv_Marka-Zagreb_Central_Croatia.html
St. Mark's Church (Crkva sv. Marka), 94, 228, Sacred & Religious Sites & Sacred & Religious Sites, Europe & Croatia & Central Croatia & Zagreb & Things to Do in Zagreb, 4.5, 45.81643, 15.97351, 530980644, 20171001, 20170601, 5.0, RSearth, /Profile/RSearth, 7e4c5e34007975b3dba0bee99f763e0e, /Attraction_Review-g294454-d316411-Reviews-St_Mark_s_Church_Crkva_sv_Marka-Zagreb_Central_Croatia.html
St. Mark's Church (Crkva sv. Marka), 94, 228, Sacred & Religious Sites & Sacred & Religious Sites, Europe & Croatia & Central Croatia & Zagreb & Things to Do in Zagreb, 4.5, 45.81643, 15.97351, 530845248, 20171001, 20170901, 5.0, Bicycle-AP, /Profile/Bicycle-AP, 5cecc4ca00a4d32ed3876430e1915584, /Attraction_Review-g294454-d316411-Reviews-St_Mark_s_Church_Crkva_sv_Marka-Zagreb_Central_Croatia.html
St. Mark's Church (Crkva sv. Marka), 94, 228, Sacred & Religious Sites & Sacred & Religious Sites, Europe & Croatia & Central Croatia & Zagreb & Things to Do in Zagreb, 4.5, 45.81643, 15.97351, 530841693, 20171001, 20170901, 4.0, James C, /Profile/H2254LZjamesc, 163ff064edab82a88cfafe915a31cd8b, /Attraction_Review-g294454-d316411-Reviews-St_Mark_s_Church_Crkva_sv_Marka-Zagreb_Central_Croatia.html
