review_location_name, review_current_page, review_last_page, review_location_type, review_location_breadcrumbs, review_location_rate, location_lat, location_lng, review_id, review_date, review_experience_date, review_rate, user_name, user_link, user_id, parent_url
Lokrum Island, 688, 1158, Islands & Islands, Europe & Croatia & Dalmatia & Dubrovnik-Neretva County & Dubrovnik & Things to Do in Dubrovnik, 4.5, 42.624542, 18.120455, 392427191, 20160701, 20160701, 4.0, Steph R, /Profile/379stephr, 503c4c9b0edc96a0b8c6f67325282550, /Attraction_Review-g295371-d483261-Reviews-Lokrum_Island-Dubrovnik_Dubrovnik_Neretva_County_Dalmatia.html
Lokrum Island, 688, 1158, Islands & Islands, Europe & Croatia & Dalmatia & Dubrovnik-Neretva County & Dubrovnik & Things to Do in Dubrovnik, 4.5, 42.624542, 18.120455, 392422989, 20160701, 20160701, 5.0, jourdanl4, /Profile/jourdanl4, 1b6351a139506f82fb2dba63fa99f4aa, /Attraction_Review-g295371-d483261-Reviews-Lokrum_Island-Dubrovnik_Dubrovnik_Neretva_County_Dalmatia.html
Lokrum Island, 688, 1158, Islands & Islands, Europe & Croatia & Dalmatia & Dubrovnik-Neretva County & Dubrovnik & Things to Do in Dubrovnik, 4.5, 42.624542, 18.120455, 392413360, 20160701, 20160701, 5.0, Rosie_2001, /Profile/Rosie_2001, 7e6393dee677a8e11fd2c0fe8d318694, /Attraction_Review-g295371-d483261-Reviews-Lokrum_Island-Dubrovnik_Dubrovnik_Neretva_County_Dalmatia.html
Lokrum Island, 688, 1158, Islands & Islands, Europe & Croatia & Dalmatia & Dubrovnik-Neretva County & Dubrovnik & Things to Do in Dubrovnik, 4.5, 42.624542, 18.120455, 392411821, 20160701, 20160701, 5.0, SuviML, /Profile/633suvil, 9cb34d149dd8a38905bb02de7292b2d3, /Attraction_Review-g295371-d483261-Reviews-Lokrum_Island-Dubrovnik_Dubrovnik_Neretva_County_Dalmatia.html
Lokrum Island, 688, 1158, Islands & Islands, Europe & Croatia & Dalmatia & Dubrovnik-Neretva County & Dubrovnik & Things to Do in Dubrovnik, 4.5, 42.624542, 18.120455, 392394351, 20160701, 20160701, 5.0, kellywestra, /Profile/kellywestra, e8bcee875b3f33f9968d6a1850b23c84, /Attraction_Review-g295371-d483261-Reviews-Lokrum_Island-Dubrovnik_Dubrovnik_Neretva_County_Dalmatia.html
