review_location_name, review_current_page, review_last_page, review_location_type, review_location_breadcrumbs, review_location_rate, location_lat, location_lng, review_id, review_date, review_experience_date, review_rate, user_name, user_link, user_id, parent_url
Sea Organ (Morske Orgulje), 367, 559, Points of Interest & Landmarks & Points of Interest & Landmarks, Europe & Croatia & Dalmatia & Zadar County & Zadar & Things to Do in Zadar, 4.5, 44.11706, 15.220117, 385464551, 20160601, 20160601, 5.0, S D, /Profile/SD653, 0a5691cdf8bc446bd5b4f761d066cc38, /Attraction_Review-g295374-d2294071-Reviews-Sea_Organ_Morske_Orgulje-Zadar_Zadar_County_Dalmatia.html
Sea Organ (Morske Orgulje), 367, 559, Points of Interest & Landmarks & Points of Interest & Landmarks, Europe & Croatia & Dalmatia & Zadar County & Zadar & Things to Do in Zadar, 4.5, 44.11706, 15.220117, 385450119, 20160601, 20160601, 5.0, ArmyFAOwife, /Profile/ArmyFAOwife, b47b6e4097b8df2ad1a18aa404eb045e, /Attraction_Review-g295374-d2294071-Reviews-Sea_Organ_Morske_Orgulje-Zadar_Zadar_County_Dalmatia.html
Sea Organ (Morske Orgulje), 367, 559, Points of Interest & Landmarks & Points of Interest & Landmarks, Europe & Croatia & Dalmatia & Zadar County & Zadar & Things to Do in Zadar, 4.5, 44.11706, 15.220117, 384982053, 20160601, 20160601, 4.0, AndyTops, /Profile/AndyTops, a091defb45c41dc64e02e65bb4425c22, /Attraction_Review-g295374-d2294071-Reviews-Sea_Organ_Morske_Orgulje-Zadar_Zadar_County_Dalmatia.html
Sea Organ (Morske Orgulje), 367, 559, Points of Interest & Landmarks & Points of Interest & Landmarks, Europe & Croatia & Dalmatia & Zadar County & Zadar & Things to Do in Zadar, 4.5, 44.11706, 15.220117, 384444570, 20160601, 20160601, 4.0, Pedrogil3, /Profile/Pedrogil3, 2808fb51e1350daabc08f6a581596916, /Attraction_Review-g295374-d2294071-Reviews-Sea_Organ_Morske_Orgulje-Zadar_Zadar_County_Dalmatia.html
Sea Organ (Morske Orgulje), 367, 559, Points of Interest & Landmarks & Points of Interest & Landmarks, Europe & Croatia & Dalmatia & Zadar County & Zadar & Things to Do in Zadar, 4.5, 44.11706, 15.220117, 384257378, 20160601, 20160601, 5.0, David B, /Profile/P5920UOdavidb, 11b7b9f7c3f4d48fdef6f1b584a747a7, /Attraction_Review-g295374-d2294071-Reviews-Sea_Organ_Morske_Orgulje-Zadar_Zadar_County_Dalmatia.html
