review_location_name, review_current_page, review_last_page, review_location_type, review_location_breadcrumbs, review_location_rate, location_lat, location_lng, review_id, review_date, review_experience_date, review_rate, user_name, user_link, user_id, parent_url
Arco dei Sergi, 62, 72, Architectural Buildings & Architectural Buildings, Europe & Croatia & Istria & Pula & Things to Do in Pula, 4.0, 44.86799, 13.84784, 292120115, 20150701, 20150701, 5.0, ohad, /Profile/smallworldbigoyster, b02284d9f5995fc8b1c22d750329ab7b, /Attraction_Review-g295373-d553242-Reviews-Arco_dei_Sergi-Pula_Istria.html
Arco dei Sergi, 62, 72, Architectural Buildings & Architectural Buildings, Europe & Croatia & Istria & Pula & Things to Do in Pula, 4.0, 44.86799, 13.84784, 292055255, 20150701, 20150601, 5.0, Lynn SKitt, /Profile/614lynns, 1ccaf81a5d1920b8f26246d333968220, /Attraction_Review-g295373-d553242-Reviews-Arco_dei_Sergi-Pula_Istria.html
Arco dei Sergi, 62, 72, Architectural Buildings & Architectural Buildings, Europe & Croatia & Istria & Pula & Things to Do in Pula, 4.0, 44.86799, 13.84784, 291665190, 20150701, 20140901, 5.0, tiasha, /Profile/tiasha, efacb030eda5901cb4e8c48a3ff7f31d, /Attraction_Review-g295373-d553242-Reviews-Arco_dei_Sergi-Pula_Istria.html
Arco dei Sergi, 62, 72, Architectural Buildings & Architectural Buildings, Europe & Croatia & Istria & Pula & Things to Do in Pula, 4.0, 44.86799, 13.84784, 290514780, 20150701, 20150701, 5.0, obotez, /Profile/obotez, a740a88f8fbe05ddd31993dd5fb15ffc, /Attraction_Review-g295373-d553242-Reviews-Arco_dei_Sergi-Pula_Istria.html
Arco dei Sergi, 62, 72, Architectural Buildings & Architectural Buildings, Europe & Croatia & Istria & Pula & Things to Do in Pula, 4.0, 44.86799, 13.84784, 287639771, 20150701, 20150501, 3.0, retireeVancouver, /Profile/retireeVancouver, eb8cea37ead3382ea2c7bd8ca26ade2a, /Attraction_Review-g295373-d553242-Reviews-Arco_dei_Sergi-Pula_Istria.html
