review_location_name, review_current_page, review_last_page, review_location_type, review_location_breadcrumbs, review_location_rate, location_lat, location_lng, review_id, review_date, review_experience_date, review_rate, user_name, user_link, user_id, parent_url
Kamenjak National Park, 6, 58, National Parks & National Parks, Europe & Croatia & Istria & Premantura & Things to Do in Premantura, 4.5, 44.77394, 13.911044, 679819930, 20190601, 20190501, 5.0, Pê.traveling, /Profile/pe_traveling, d3dc2868c8ba8b23bec2e2e59d72fc38, /Attraction_Review-g1077169-d2269575-Reviews-Kamenjak_National_Park-Premantura_Istria.html
Kamenjak National Park, 6, 58, National Parks & National Parks, Europe & Croatia & Istria & Premantura & Things to Do in Premantura, 4.5, 44.77394, 13.911044, 672780837, 20190501, 20180901, 5.0, Croatia M, /Profile/Cruiser641324, bd65340410d855aea3ee542d1298d60d, /Attraction_Review-g1077169-d2269575-Reviews-Kamenjak_National_Park-Premantura_Istria.html
Kamenjak National Park, 6, 58, National Parks & National Parks, Europe & Croatia & Istria & Premantura & Things to Do in Premantura, 4.5, 44.77394, 13.911044, 624907675, 20181001, 20180801, 5.0, SuzM1985, /Profile/SuzM1985, d810b25196d1ecfb2d3eff7ec91af043, /Attraction_Review-g1077169-d2269575-Reviews-Kamenjak_National_Park-Premantura_Istria.html
Kamenjak National Park, 6, 58, National Parks & National Parks, Europe & Croatia & Istria & Premantura & Things to Do in Premantura, 4.5, 44.77394, 13.911044, 621067387, 20181001, 20180901, 5.0, Vram J, /Profile/vramj, c6d3702109dc7698b59a8748e68f6133, /Attraction_Review-g1077169-d2269575-Reviews-Kamenjak_National_Park-Premantura_Istria.html
Kamenjak National Park, 6, 58, National Parks & National Parks, Europe & Croatia & Istria & Premantura & Things to Do in Premantura, 4.5, 44.77394, 13.911044, 620273054, 20180901, 20180901, 5.0, Anna C, /Profile/annabU8425PE, 51f0028e7464c46c1f89b097b04825cd, /Attraction_Review-g1077169-d2269575-Reviews-Kamenjak_National_Park-Premantura_Istria.html
