review_location_name, review_current_page, review_last_page, review_location_type, review_location_breadcrumbs, review_location_rate, location_lat, location_lng, review_id, review_date, review_experience_date, review_rate, user_name, user_link, user_id, parent_url
Dubrovnik Cable Car, 568, 1869, Tramways & Tramways, Europe & Croatia & Dalmatia & Dubrovnik-Neretva County & Dubrovnik & Things to Do in Dubrovnik, 4.5, 42.649178, 18.111687, 510598112, 20170801, 20170701, 4.0, catiepossum, /Profile/catiepossum, 64783b31d04b30238380909635b2771a, /Attraction_Review-g295371-d1886448-Reviews-Dubrovnik_Cable_Car-Dubrovnik_Dubrovnik_Neretva_County_Dalmatia.html
Dubrovnik Cable Car, 568, 1869, Tramways & Tramways, Europe & Croatia & Dalmatia & Dubrovnik-Neretva County & Dubrovnik & Things to Do in Dubrovnik, 4.5, 42.649178, 18.111687, 510594178, 20170801, 20170801, 4.0, Emily H, /Profile/384emilyh, 19264757de8eb7ccedb951d3cc72c98e, /Attraction_Review-g295371-d1886448-Reviews-Dubrovnik_Cable_Car-Dubrovnik_Dubrovnik_Neretva_County_Dalmatia.html
Dubrovnik Cable Car, 568, 1869, Tramways & Tramways, Europe & Croatia & Dalmatia & Dubrovnik-Neretva County & Dubrovnik & Things to Do in Dubrovnik, 4.5, 42.649178, 18.111687, 510441060, 20170801, 20170801, 3.0, Haydenbaker, /Profile/Haydenbaker, 09d53bc8a60fdec6a91884d52dbab1d5, /Attraction_Review-g295371-d1886448-Reviews-Dubrovnik_Cable_Car-Dubrovnik_Dubrovnik_Neretva_County_Dalmatia.html
Dubrovnik Cable Car, 568, 1869, Tramways & Tramways, Europe & Croatia & Dalmatia & Dubrovnik-Neretva County & Dubrovnik & Things to Do in Dubrovnik, 4.5, 42.649178, 18.111687, 510439692, 20170801, 20170701, 4.0, Linda G, /Profile/lindag163, e45133f510851dba8657076eca88889f, /Attraction_Review-g295371-d1886448-Reviews-Dubrovnik_Cable_Car-Dubrovnik_Dubrovnik_Neretva_County_Dalmatia.html
Dubrovnik Cable Car, 568, 1869, Tramways & Tramways, Europe & Croatia & Dalmatia & Dubrovnik-Neretva County & Dubrovnik & Things to Do in Dubrovnik, 4.5, 42.649178, 18.111687, 510420074, 20170801, 20170801, 5.0, davesmithworcs, /Profile/davesmithworcs, 147023f6fbb3930ea788bb939db3a628, /Attraction_Review-g295371-d1886448-Reviews-Dubrovnik_Cable_Car-Dubrovnik_Dubrovnik_Neretva_County_Dalmatia.html
