review_location_name, review_current_page, review_last_page, review_location_type, review_location_breadcrumbs, review_location_rate, location_lat, location_lng, review_id, review_date, review_experience_date, review_rate, user_name, user_link, user_id, parent_url
Beach Slanica, 5, 16, Beaches & Beaches, Europe & Croatia & Dalmatia & Sibenik-Knin County & Murter Island & Murter & Things to Do in Murter, 3.5, 43.81889, 15.60439, 611380290, 20180801, 20180701, 3.0, Michal K, /Profile/MichalK764, 700a81572a5ab4eb82be657a8ce7732f, /Attraction_Review-g2034462-d6609177-Reviews-Beach_Slanica-Murter_Murter_Island_Sibenik_Knin_County_Dalmatia.html
Beach Slanica, 5, 16, Beaches & Beaches, Europe & Croatia & Dalmatia & Sibenik-Knin County & Murter Island & Murter & Things to Do in Murter, 3.5, 43.81889, 15.60439, 606954961, 20180801, 20180801, 4.0, Master C, /Profile/565masterc, 8a67dc63474ce6caa45d0cfbe8690fcb, /Attraction_Review-g2034462-d6609177-Reviews-Beach_Slanica-Murter_Murter_Island_Sibenik_Knin_County_Dalmatia.html
Beach Slanica, 5, 16, Beaches & Beaches, Europe & Croatia & Dalmatia & Sibenik-Knin County & Murter Island & Murter & Things to Do in Murter, 3.5, 43.81889, 15.60439, 606793822, 20180801, 20180801, 3.0, Gooran_G, /Profile/Gooran_G, d851e2fc98df808f3bd9506912dc7163, /Attraction_Review-g2034462-d6609177-Reviews-Beach_Slanica-Murter_Murter_Island_Sibenik_Knin_County_Dalmatia.html
Beach Slanica, 5, 16, Beaches & Beaches, Europe & Croatia & Dalmatia & Sibenik-Knin County & Murter Island & Murter & Things to Do in Murter, 3.5, 43.81889, 15.60439, 606040461, 20180801, 20180801, 4.0, Maja M, /Profile/majam524, 586cb4d389af9da011cecaa5cb161fcb, /Attraction_Review-g2034462-d6609177-Reviews-Beach_Slanica-Murter_Murter_Island_Sibenik_Knin_County_Dalmatia.html
Beach Slanica, 5, 16, Beaches & Beaches, Europe & Croatia & Dalmatia & Sibenik-Knin County & Murter Island & Murter & Things to Do in Murter, 3.5, 43.81889, 15.60439, 605218922, 20180801, 20180801, 5.0, Filip Sušac, /Profile/suviVU, 2477293701cb4d3e7acef7f1609f75c9, /Attraction_Review-g2034462-d6609177-Reviews-Beach_Slanica-Murter_Murter_Island_Sibenik_Knin_County_Dalmatia.html
