review_location_name, review_current_page, review_last_page, review_location_type, review_location_breadcrumbs, review_location_rate, location_lat, location_lng, review_id, review_date, review_experience_date, review_rate, user_name, user_link, user_id, parent_url
Sponza Palace, 16, 18, Historic Sites & Points of Interest & Landmarks & Architectural Buildings & Historic Sites & Points of Interest & Landmarks & Architectural Buildings, Europe & Croatia & Dalmatia & Dubrovnik-Neretva County & Dubrovnik & Things to Do in Dubrovnik, 3.5, 42.64129, 18.10903, 233007543, 20141001, 20141001, 1.0, Peter C, /Profile/PeterJohnCotton, 31006b1ee9ea0d9b6a7d1a123273232f, /Attraction_Review-g295371-d527842-Reviews-Sponza_Palace-Dubrovnik_Dubrovnik_Neretva_County_Dalmatia.html
Sponza Palace, 16, 18, Historic Sites & Points of Interest & Landmarks & Architectural Buildings & Historic Sites & Points of Interest & Landmarks & Architectural Buildings, Europe & Croatia & Dalmatia & Dubrovnik-Neretva County & Dubrovnik & Things to Do in Dubrovnik, 3.5, 42.64129, 18.10903, 227485074, 20140901, 20140801, 4.0, Jolyon67, /Profile/Jolyon67, e31ef35375ea177a1c9a0599aa1a5dd9, /Attraction_Review-g295371-d527842-Reviews-Sponza_Palace-Dubrovnik_Dubrovnik_Neretva_County_Dalmatia.html
Sponza Palace, 16, 18, Historic Sites & Points of Interest & Landmarks & Architectural Buildings & Historic Sites & Points of Interest & Landmarks & Architectural Buildings, Europe & Croatia & Dalmatia & Dubrovnik-Neretva County & Dubrovnik & Things to Do in Dubrovnik, 3.5, 42.64129, 18.10903, 225555194, 20140801, 20140801, 2.0, calstaples, /Profile/calstaples, 96f71ccca011b6245f5cf90fc242408b, /Attraction_Review-g295371-d527842-Reviews-Sponza_Palace-Dubrovnik_Dubrovnik_Neretva_County_Dalmatia.html
Sponza Palace, 16, 18, Historic Sites & Points of Interest & Landmarks & Architectural Buildings & Historic Sites & Points of Interest & Landmarks & Architectural Buildings, Europe & Croatia & Dalmatia & Dubrovnik-Neretva County & Dubrovnik & Things to Do in Dubrovnik, 3.5, 42.64129, 18.10903, 222698759, 20140801, 20140801, 2.0, Adam B, /Profile/85Drako, d26c9f5531846aa5f611a5094953d4a8, /Attraction_Review-g295371-d527842-Reviews-Sponza_Palace-Dubrovnik_Dubrovnik_Neretva_County_Dalmatia.html
Sponza Palace, 16, 18, Historic Sites & Points of Interest & Landmarks & Architectural Buildings & Historic Sites & Points of Interest & Landmarks & Architectural Buildings, Europe & Croatia & Dalmatia & Dubrovnik-Neretva County & Dubrovnik & Things to Do in Dubrovnik, 3.5, 42.64129, 18.10903, 167848517, 20130701, 20130501, 3.0, niki101, /Profile/niki101, 1d330c7b15ae9d4b4ae165f36eb8888e, /Attraction_Review-g295371-d527842-Reviews-Sponza_Palace-Dubrovnik_Dubrovnik_Neretva_County_Dalmatia.html
