review_location_name, review_current_page, review_last_page, review_location_type, review_location_breadcrumbs, review_location_rate, location_lat, location_lng, review_id, review_date, review_experience_date, review_rate, user_name, user_link, user_id, parent_url
Museum of Croatian War of Independence, 29, 148, Military Museums & Military Museums, Europe & Croatia & Dalmatia & Dubrovnik-Neretva County & Dubrovnik & Things to Do in Dubrovnik, 4.0, 42.649815, 18.110832, 556678336, 20180101, 20170601, 4.0, mtnspirits, /Profile/mtnspirits, 9e4329ccd1d142db32dbdeda1a5eb1f4, /Attraction_Review-g295371-d2069404-Reviews-Museum_of_Croatian_War_of_Independence-Dubrovnik_Dubrovnik_Neretva_County_Dalmati.html
Museum of Croatian War of Independence, 29, 148, Military Museums & Military Museums, Europe & Croatia & Dalmatia & Dubrovnik-Neretva County & Dubrovnik & Things to Do in Dubrovnik, 4.0, 42.649815, 18.110832, 551130517, 20180101, 20171001, 4.0, Philfromcheshire, /Profile/Philfromcheshire, 3ed7c26ebe35fffdf71bb73c8032c4d6, /Attraction_Review-g295371-d2069404-Reviews-Museum_of_Croatian_War_of_Independence-Dubrovnik_Dubrovnik_Neretva_County_Dalmati.html
Museum of Croatian War of Independence, 29, 148, Military Museums & Military Museums, Europe & Croatia & Dalmatia & Dubrovnik-Neretva County & Dubrovnik & Things to Do in Dubrovnik, 4.0, 42.649815, 18.110832, 550670802, 20180101, 20170501, 4.0, Sam C, /Profile/847samc, 8594e00e2cea181fe4150fd48eb61517, /Attraction_Review-g295371-d2069404-Reviews-Museum_of_Croatian_War_of_Independence-Dubrovnik_Dubrovnik_Neretva_County_Dalmati.html
Museum of Croatian War of Independence, 29, 148, Military Museums & Military Museums, Europe & Croatia & Dalmatia & Dubrovnik-Neretva County & Dubrovnik & Things to Do in Dubrovnik, 4.0, 42.649815, 18.110832, 540610864, 20171101, 20171001, 4.0, TravelwithCarol2017, /Profile/TravelwithCarol2017, 9ac5116451c97ffe8b0fd0e51d0d17ca, /Attraction_Review-g295371-d2069404-Reviews-Museum_of_Croatian_War_of_Independence-Dubrovnik_Dubrovnik_Neretva_County_Dalmati.html
Museum of Croatian War of Independence, 29, 148, Military Museums & Military Museums, Europe & Croatia & Dalmatia & Dubrovnik-Neretva County & Dubrovnik & Things to Do in Dubrovnik, 4.0, 42.649815, 18.110832, 540223117, 20171101, 20171001, 5.0, ClanRF, /Profile/ClanRF, 869d4a246b90a0e3e0c492000e9011e6, /Attraction_Review-g295371-d2069404-Reviews-Museum_of_Croatian_War_of_Independence-Dubrovnik_Dubrovnik_Neretva_County_Dalmati.html
