review_location_name, review_current_page, review_last_page, review_location_type, review_location_breadcrumbs, review_location_rate, location_lat, location_lng, review_id, review_date, review_experience_date, review_rate, user_name, user_link, user_id, parent_url
Telascica Nature Park, 20, 22, National Parks & Nature & Wildlife Areas & National Parks & Nature & Wildlife Areas, Europe & Croatia & Dalmatia & Zadar County & Dugi Island & Things to Do in Dugi Island, 4.5, 43.88977, 15.158086, 155413759, 20130301, 20120901, 5.0, miriam d, /Profile/miriamd21, aa856d5b24b850274d2042387f88910c, /Attraction_Review-g1190826-d553243-Reviews-Telascica_Nature_Park-Dugi_Island_Zadar_County_Dalmatia.html
Telascica Nature Park, 20, 22, National Parks & Nature & Wildlife Areas & National Parks & Nature & Wildlife Areas, Europe & Croatia & Dalmatia & Zadar County & Dugi Island & Things to Do in Dugi Island, 4.5, 43.88977, 15.158086, 153934362, 20130301, 20130301, 5.0, kukica1976, /Profile/kukica1976, 4ac2d1ec796910cccfefecfeebf1555c, /Attraction_Review-g1190826-d553243-Reviews-Telascica_Nature_Park-Dugi_Island_Zadar_County_Dalmatia.html
Telascica Nature Park, 20, 22, National Parks & Nature & Wildlife Areas & National Parks & Nature & Wildlife Areas, Europe & Croatia & Dalmatia & Zadar County & Dugi Island & Things to Do in Dugi Island, 4.5, 43.88977, 15.158086, 144987940, 20121101, 20120601, 5.0, KTPCroatia, /Profile/KTPCroatia, 288bb6d49a6279ce147297385be53b51, /Attraction_Review-g1190826-d553243-Reviews-Telascica_Nature_Park-Dugi_Island_Zadar_County_Dalmatia.html
Telascica Nature Park, 20, 22, National Parks & Nature & Wildlife Areas & National Parks & Nature & Wildlife Areas, Europe & Croatia & Dalmatia & Zadar County & Dugi Island & Things to Do in Dugi Island, 4.5, 43.88977, 15.158086, 144205477, 20121101, 20120601, 4.0, Mario P, /Profile/477MarioP, 98fd411c02b4138bac3cd1e5f3b9483d, /Attraction_Review-g1190826-d553243-Reviews-Telascica_Nature_Park-Dugi_Island_Zadar_County_Dalmatia.html
Telascica Nature Park, 20, 22, National Parks & Nature & Wildlife Areas & National Parks & Nature & Wildlife Areas, Europe & Croatia & Dalmatia & Zadar County & Dugi Island & Things to Do in Dugi Island, 4.5, 43.88977, 15.158086, 141397270, 20120901, 20120801, 3.0, Stanka53, /Profile/Stanka53, c60fb54d6ad49ea7408d2dd0300488cc, /Attraction_Review-g1190826-d553243-Reviews-Telascica_Nature_Park-Dugi_Island_Zadar_County_Dalmatia.html
