review_location_name, review_current_page, review_last_page, review_location_type, review_location_breadcrumbs, review_location_rate, location_lat, location_lng, review_id, review_date, review_experience_date, review_rate, user_name, user_link, user_id, parent_url
Mount Srđ, 26, 133, Mountains & Lookouts & Mountains & Lookouts, Europe & Croatia & Dalmatia & Dubrovnik-Neretva County & Dubrovnik & Things to Do in Dubrovnik, 4.5, 42.64887, 18.11186, 675621578, 20190501, 20190501, 5.0, Victoria0612, /Profile/Victoria0612, d817e670bf89a0babd09490a51d9716f, /Attraction_Review-g295371-d1956597-Reviews-Mount_Srd-Dubrovnik_Dubrovnik_Neretva_County_Dalmatia.html
Mount Srđ, 26, 133, Mountains & Lookouts & Mountains & Lookouts, Europe & Croatia & Dalmatia & Dubrovnik-Neretva County & Dubrovnik & Things to Do in Dubrovnik, 4.5, 42.64887, 18.11186, 675053570, 20190501, 20190501, 5.0, Paul D, /Profile/PaulD516, 810119230796b381603230288eb4e570, /Attraction_Review-g295371-d1956597-Reviews-Mount_Srd-Dubrovnik_Dubrovnik_Neretva_County_Dalmatia.html
Mount Srđ, 26, 133, Mountains & Lookouts & Mountains & Lookouts, Europe & Croatia & Dalmatia & Dubrovnik-Neretva County & Dubrovnik & Things to Do in Dubrovnik, 4.5, 42.64887, 18.11186, 674167526, 20190501, 20190501, 4.0, Emilia Lundberg, /Profile/iasofia, a75936007f53eadda266027bacd3243b, /Attraction_Review-g295371-d1956597-Reviews-Mount_Srd-Dubrovnik_Dubrovnik_Neretva_County_Dalmatia.html
Mount Srđ, 26, 133, Mountains & Lookouts & Mountains & Lookouts, Europe & Croatia & Dalmatia & Dubrovnik-Neretva County & Dubrovnik & Things to Do in Dubrovnik, 4.5, 42.64887, 18.11186, 673767546, 20190501, 20190501, 4.0, SBoksica, /Profile/SBKSic, d0a66aa0fb5d5df18d64a16c5878ae4c, /Attraction_Review-g295371-d1956597-Reviews-Mount_Srd-Dubrovnik_Dubrovnik_Neretva_County_Dalmatia.html
Mount Srđ, 26, 133, Mountains & Lookouts & Mountains & Lookouts, Europe & Croatia & Dalmatia & Dubrovnik-Neretva County & Dubrovnik & Things to Do in Dubrovnik, 4.5, 42.64887, 18.11186, 672980986, 20190501, 20190501, 5.0, Paul Baker, /Profile/Bakes1971, 229262022b11c0c3315f947ef59d0946, /Attraction_Review-g295371-d1956597-Reviews-Mount_Srd-Dubrovnik_Dubrovnik_Neretva_County_Dalmatia.html
