review_location_name, review_current_page, review_last_page, review_location_type, review_location_breadcrumbs, review_location_rate, location_lat, location_lng, review_id, review_date, review_experience_date, review_rate, user_name, user_link, user_id, parent_url
Mirogoj Cemetery, 24, 165, Cemeteries & Cemeteries, Europe & Croatia & Central Croatia & Zagreb & Things to Do in Zagreb, 4.5, 45.83741, 15.98371, 604608820, 20180801, 20180801, 5.0, mvtouring, /Profile/mvtouring, 2facd29cdb20f1ec733bf67ee4dd79f1, /Attraction_Review-g294454-d316812-Reviews-Mirogoj_Cemetery-Zagreb_Central_Croatia.html
Mirogoj Cemetery, 24, 165, Cemeteries & Cemeteries, Europe & Croatia & Central Croatia & Zagreb & Things to Do in Zagreb, 4.5, 45.83741, 15.98371, 601724564, 20180801, 20180701, 5.0, Susan J, /Profile/K2805BMsusanj, 27a24181499c92f498aeccfb647600f3, /Attraction_Review-g294454-d316812-Reviews-Mirogoj_Cemetery-Zagreb_Central_Croatia.html
Mirogoj Cemetery, 24, 165, Cemeteries & Cemeteries, Europe & Croatia & Central Croatia & Zagreb & Things to Do in Zagreb, 4.5, 45.83741, 15.98371, 601177169, 20180701, 20180701, 5.0, Steven R, /Profile/B2879OGstevenr, a184729c99bdc623a41eb677f662854a, /Attraction_Review-g294454-d316812-Reviews-Mirogoj_Cemetery-Zagreb_Central_Croatia.html
Mirogoj Cemetery, 24, 165, Cemeteries & Cemeteries, Europe & Croatia & Central Croatia & Zagreb & Things to Do in Zagreb, 4.5, 45.83741, 15.98371, 596837146, 20180701, 20180701, 5.0, Pamela S, /Profile/M8010VGpamelas, 364ef54143770b02580331bbbf9403d6, /Attraction_Review-g294454-d316812-Reviews-Mirogoj_Cemetery-Zagreb_Central_Croatia.html
Mirogoj Cemetery, 24, 165, Cemeteries & Cemeteries, Europe & Croatia & Central Croatia & Zagreb & Things to Do in Zagreb, 4.5, 45.83741, 15.98371, 594491954, 20180701, 20180601, 5.0, Mary M, /Profile/mojomc62, aee3b00b732eea3c6e25b175fac0f5f4, /Attraction_Review-g294454-d316812-Reviews-Mirogoj_Cemetery-Zagreb_Central_Croatia.html
