review_location_name, review_current_page, review_last_page, review_location_type, review_location_breadcrumbs, review_location_rate, location_lat, location_lng, review_id, review_date, review_experience_date, review_rate, user_name, user_link, user_id, parent_url
St Stephens Church, 1, 2, Churches & Cathedrals & Churches & Cathedrals, Europe & Croatia & Dalmatia & Dubrovnik-Neretva County & Elafiti Islands & Sipan & Sipanska Luka & Things to Do in Sipanska Luka, 4.0, 42.72622, 17.86488, 712156508, 20190901, 20190901, 4.0, HomerJSimpson01, /Profile/HomerJSimpson01, a6134705f421604ae2e699bc849a9a3d, /Attraction_Review-g1166596-d12968914-Reviews-St_Stephens_Church-Sipanska_Luka_Sipan_Elafiti_Islands_Dubrovnik_Neretva_County.html
St Stephens Church, 1, 2, Churches & Cathedrals & Churches & Cathedrals, Europe & Croatia & Dalmatia & Dubrovnik-Neretva County & Elafiti Islands & Sipan & Sipanska Luka & Things to Do in Sipanska Luka, 4.0, 42.72622, 17.86488, 708772846, 20190901, 20190901, 5.0, nicholasfI7659MO, /Profile/nicholasfI7659MO, b5b1df828ef9feeb6bb255430827e780, /Attraction_Review-g1166596-d12968914-Reviews-St_Stephens_Church-Sipanska_Luka_Sipan_Elafiti_Islands_Dubrovnik_Neretva_County.html
St Stephens Church, 1, 2, Churches & Cathedrals & Churches & Cathedrals, Europe & Croatia & Dalmatia & Dubrovnik-Neretva County & Elafiti Islands & Sipan & Sipanska Luka & Things to Do in Sipanska Luka, 4.0, 42.72622, 17.86488, 677054989, 20190501, 20190501, 5.0, Colm M, /Profile/202colmm, 1e48063b4bc0f1047f04015e1668840b, /Attraction_Review-g1166596-d12968914-Reviews-St_Stephens_Church-Sipanska_Luka_Sipan_Elafiti_Islands_Dubrovnik_Neretva_County.html
St Stephens Church, 1, 2, Churches & Cathedrals & Churches & Cathedrals, Europe & Croatia & Dalmatia & Dubrovnik-Neretva County & Elafiti Islands & Sipan & Sipanska Luka & Things to Do in Sipanska Luka, 4.0, 42.72622, 17.86488, 609144400, 20180801, 20180801, 3.0, Nat B, /Profile/413natb, e7f610afacf6f6c74aa74c3c7fcd2e12, /Attraction_Review-g1166596-d12968914-Reviews-St_Stephens_Church-Sipanska_Luka_Sipan_Elafiti_Islands_Dubrovnik_Neretva_County.html
St Stephens Church, 1, 2, Churches & Cathedrals & Churches & Cathedrals, Europe & Croatia & Dalmatia & Dubrovnik-Neretva County & Elafiti Islands & Sipan & Sipanska Luka & Things to Do in Sipanska Luka, 4.0, 42.72622, 17.86488, 535820998, 20171001, 20171001, 3.0, Emerald G, /Profile/Emerald57, 2223010e9fe37705a1ec7ae131c37684, /Attraction_Review-g1166596-d12968914-Reviews-St_Stephens_Church-Sipanska_Luka_Sipan_Elafiti_Islands_Dubrovnik_Neretva_County.html
