review_location_name, review_current_page, review_last_page, review_location_type, review_location_breadcrumbs, review_location_rate, location_lat, location_lng, review_id, review_date, review_experience_date, review_rate, user_name, user_link, user_id, parent_url
Zadar Land City Gates, 36, 94, Ancient Ruins & Points of Interest & Landmarks & Ancient Ruins & Points of Interest & Landmarks, Europe & Croatia & Dalmatia & Zadar County & Zadar & Things to Do in Zadar, 4.0, 44.112206, 15.228539, 491194779, 20170601, 20170601, 4.0, EDD1967_83, /Profile/EDD1967_83, a86f74dc7370dec46cbb458e26d38732, /Attraction_Review-g295374-d2277150-Reviews-Zadar_Land_City_Gates-Zadar_Zadar_County_Dalmatia.html
Zadar Land City Gates, 36, 94, Ancient Ruins & Points of Interest & Landmarks & Ancient Ruins & Points of Interest & Landmarks, Europe & Croatia & Dalmatia & Zadar County & Zadar & Things to Do in Zadar, 4.0, 44.112206, 15.228539, 489671273, 20170601, 20170601, 5.0, Simon D, /Profile/X701BCsimond, 2eb90f6a59b0615e8cb2950e128f7134, /Attraction_Review-g295374-d2277150-Reviews-Zadar_Land_City_Gates-Zadar_Zadar_County_Dalmatia.html
Zadar Land City Gates, 36, 94, Ancient Ruins & Points of Interest & Landmarks & Ancient Ruins & Points of Interest & Landmarks, Europe & Croatia & Dalmatia & Zadar County & Zadar & Things to Do in Zadar, 4.0, 44.112206, 15.228539, 489558155, 20170601, 20170501, 4.0, Adam T, /Profile/adamt431, a2b623df0ab31b2327e59a1dc0ae19d4, /Attraction_Review-g295374-d2277150-Reviews-Zadar_Land_City_Gates-Zadar_Zadar_County_Dalmatia.html
Zadar Land City Gates, 36, 94, Ancient Ruins & Points of Interest & Landmarks & Ancient Ruins & Points of Interest & Landmarks, Europe & Croatia & Dalmatia & Zadar County & Zadar & Things to Do in Zadar, 4.0, 44.112206, 15.228539, 487550120, 20170501, 20170501, 3.0, Pantagraal, /Profile/Pantagraal, e7003c10d6ac489da425393fe32f48fd, /Attraction_Review-g295374-d2277150-Reviews-Zadar_Land_City_Gates-Zadar_Zadar_County_Dalmatia.html
Zadar Land City Gates, 36, 94, Ancient Ruins & Points of Interest & Landmarks & Ancient Ruins & Points of Interest & Landmarks, Europe & Croatia & Dalmatia & Zadar County & Zadar & Things to Do in Zadar, 4.0, 44.112206, 15.228539, 485510971, 20170501, 20170401, 4.0, Falcon_pile, /Profile/Falcon_pile, 8801a82fcb3605d23be425229d6c4140, /Attraction_Review-g295374-d2277150-Reviews-Zadar_Land_City_Gates-Zadar_Zadar_County_Dalmatia.html
