review_location_name, review_current_page, review_last_page, review_location_type, review_location_breadcrumbs, review_location_rate, location_lat, location_lng, review_id, review_date, review_experience_date, review_rate, user_name, user_link, user_id, parent_url
Bacvice Beach, 17, 70, Beaches & Beaches, Europe & Croatia & Dalmatia & Split-Dalmatia County & Split & Things to Do in Split, 3.0, 43.50275, 16.44843, 578543134, 20180501, 20180501, 4.0, Kirsty S, /Profile/711kirstys, 545b7650994d7384f11d46359b196233, /Attraction_Review-g295370-d4773472-Reviews-Bacvice_Beach-Split_Split_Dalmatia_County_Dalmatia.html
Bacvice Beach, 17, 70, Beaches & Beaches, Europe & Croatia & Dalmatia & Split-Dalmatia County & Split & Things to Do in Split, 3.0, 43.50275, 16.44843, 578101561, 20180501, 20180501, 1.0, poshmile, /Profile/poshmile, 574148425ab07906b2443aebced8214b, /Attraction_Review-g295370-d4773472-Reviews-Bacvice_Beach-Split_Split_Dalmatia_County_Dalmatia.html
Bacvice Beach, 17, 70, Beaches & Beaches, Europe & Croatia & Dalmatia & Split-Dalmatia County & Split & Things to Do in Split, 3.0, 43.50275, 16.44843, 578085209, 20180501, 20180501, 1.0, Danielle E, /Profile/daniellee380, 08cddfd90b8df2265adc123e2dd63ba2, /Attraction_Review-g295370-d4773472-Reviews-Bacvice_Beach-Split_Split_Dalmatia_County_Dalmatia.html
Bacvice Beach, 17, 70, Beaches & Beaches, Europe & Croatia & Dalmatia & Split-Dalmatia County & Split & Things to Do in Split, 3.0, 43.50275, 16.44843, 562656908, 20180201, 20170901, 5.0, marcogallinaro, /Profile/marcogallinaro, aa35647b2c14dfdb191e255612b2f8a8, /Attraction_Review-g295370-d4773472-Reviews-Bacvice_Beach-Split_Split_Dalmatia_County_Dalmatia.html
Bacvice Beach, 17, 70, Beaches & Beaches, Europe & Croatia & Dalmatia & Split-Dalmatia County & Split & Things to Do in Split, 3.0, 43.50275, 16.44843, 562216665, 20180201, 20170801, 3.0, Ana G, /Profile/anagP6520XJ, ea2752e42c574445fbebf1d44b8c5311, /Attraction_Review-g295370-d4773472-Reviews-Bacvice_Beach-Split_Split_Dalmatia_County_Dalmatia.html
