review_location_name, review_current_page, review_last_page, review_location_type, review_location_breadcrumbs, review_location_rate, location_lat, location_lng, review_id, review_date, review_experience_date, review_rate, user_name, user_link, user_id, parent_url
Omis and Cetina River, 20, 56, Bodies of Water & Bodies of Water, Europe & Croatia & Dalmatia & Split-Dalmatia County & Omis & Things to Do in Omis, 4.5, 43.44654, 16.68768, 513054806, 20170801, 20170801, 5.0, cln2017, /Profile/cln2017, 328ceba0bd7ccd7ca30707f37229c051, /Attraction_Review-g644074-d4451072-Reviews-Omis_and_Cetina_River-Omis_Split_Dalmatia_County_Dalmatia.html
Omis and Cetina River, 20, 56, Bodies of Water & Bodies of Water, Europe & Croatia & Dalmatia & Split-Dalmatia County & Omis & Things to Do in Omis, 4.5, 43.44654, 16.68768, 512911813, 20170801, 20170701, 5.0, Bob R, /Profile/bobrP9828DX, d319f96066b39cf0e10dc5b4ab4eb40c, /Attraction_Review-g644074-d4451072-Reviews-Omis_and_Cetina_River-Omis_Split_Dalmatia_County_Dalmatia.html
Omis and Cetina River, 20, 56, Bodies of Water & Bodies of Water, Europe & Croatia & Dalmatia & Split-Dalmatia County & Omis & Things to Do in Omis, 4.5, 43.44654, 16.68768, 511732939, 20170801, 20170801, 5.0, Anže T, /Profile/199an_et, 8d1b020e2fc1761f2776ed4bfdbbb0df, /Attraction_Review-g644074-d4451072-Reviews-Omis_and_Cetina_River-Omis_Split_Dalmatia_County_Dalmatia.html
Omis and Cetina River, 20, 56, Bodies of Water & Bodies of Water, Europe & Croatia & Dalmatia & Split-Dalmatia County & Omis & Things to Do in Omis, 4.5, 43.44654, 16.68768, 511702180, 20170801, 20170801, 5.0, Marco R, /Profile/MarcoR5666, dedeedc6f2a8a48a88671d232d9511b0, /Attraction_Review-g644074-d4451072-Reviews-Omis_and_Cetina_River-Omis_Split_Dalmatia_County_Dalmatia.html
Omis and Cetina River, 20, 56, Bodies of Water & Bodies of Water, Europe & Croatia & Dalmatia & Split-Dalmatia County & Omis & Things to Do in Omis, 4.5, 43.44654, 16.68768, 508638782, 20170801, 20170801, 4.0, Triciamw, /Profile/Triciamw, b04002f16411d56f1acedb61115b94a9, /Attraction_Review-g644074-d4451072-Reviews-Omis_and_Cetina_River-Omis_Split_Dalmatia_County_Dalmatia.html
