review_location_name, review_current_page, review_last_page, review_location_type, review_location_breadcrumbs, review_location_rate, location_lat, location_lng, review_id, review_date, review_experience_date, review_rate, user_name, user_link, user_id, parent_url
Stradun, 215, 278, Points of Interest & Landmarks & Historic Walking Areas & Points of Interest & Landmarks & Historic Walking Areas, Europe & Croatia & Dalmatia & Dubrovnik-Neretva County & Dubrovnik & Things to Do in Dubrovnik, 4.5, 42.64137, 18.10891, 236080591, 20141001, 20141001, 5.0, lin4197, /Profile/lin4197, 152e77494c9f0a0bbc0c6cd1ac1f4484, /Attraction_Review-g295371-d550238-Reviews-Stradun-Dubrovnik_Dubrovnik_Neretva_County_Dalmatia.html
Stradun, 215, 278, Points of Interest & Landmarks & Historic Walking Areas & Points of Interest & Landmarks & Historic Walking Areas, Europe & Croatia & Dalmatia & Dubrovnik-Neretva County & Dubrovnik & Things to Do in Dubrovnik, 4.5, 42.64137, 18.10891, 235936847, 20141001, 20141001, 5.0, Fstampal, /Profile/Fstampal, efd73007aac3782dea9a92ecd9e6dba6, /Attraction_Review-g295371-d550238-Reviews-Stradun-Dubrovnik_Dubrovnik_Neretva_County_Dalmatia.html
Stradun, 215, 278, Points of Interest & Landmarks & Historic Walking Areas & Points of Interest & Landmarks & Historic Walking Areas, Europe & Croatia & Dalmatia & Dubrovnik-Neretva County & Dubrovnik & Things to Do in Dubrovnik, 4.5, 42.64137, 18.10891, 235395945, 20141001, 20141001, 5.0, Leigh T, /Profile/LeighT873, f4abb76357f764e8ec28830431b7eb30, /Attraction_Review-g295371-d550238-Reviews-Stradun-Dubrovnik_Dubrovnik_Neretva_County_Dalmatia.html
Stradun, 215, 278, Points of Interest & Landmarks & Historic Walking Areas & Points of Interest & Landmarks & Historic Walking Areas, Europe & Croatia & Dalmatia & Dubrovnik-Neretva County & Dubrovnik & Things to Do in Dubrovnik, 4.5, 42.64137, 18.10891, 235121322, 20141001, 20141001, 5.0, MANUQUINE, /Profile/MANUQUINE, 36b711f99702f3bfced8d74d8c6d55ee, /Attraction_Review-g295371-d550238-Reviews-Stradun-Dubrovnik_Dubrovnik_Neretva_County_Dalmatia.html
Stradun, 215, 278, Points of Interest & Landmarks & Historic Walking Areas & Points of Interest & Landmarks & Historic Walking Areas, Europe & Croatia & Dalmatia & Dubrovnik-Neretva County & Dubrovnik & Things to Do in Dubrovnik, 4.5, 42.64137, 18.10891, 234692481, 20141001, 20141001, 5.0, EgbertHerts, /Profile/EgbertHerts, 67ec10c03c4a75b0e586bca80b46c6b0, /Attraction_Review-g295371-d550238-Reviews-Stradun-Dubrovnik_Dubrovnik_Neretva_County_Dalmatia.html
