review_location_name, review_current_page, review_last_page, review_location_type, review_location_breadcrumbs, review_location_rate, location_lat, location_lng, review_id, review_date, review_experience_date, review_rate, user_name, user_link, user_id, parent_url
Amphitheatre de Pula, 216, 474, Ancient Ruins & Ancient Ruins, Europe & Croatia & Istria & Pula & Things to Do in Pula, 4.5, 44.87324, 13.850233, 484602284, 20170501, 20170501, 3.0, Mark R, /Profile/L3585KTmarkr, 9d24dd8ffb190ceaabdf598ce445e49a, /Attraction_Review-g295373-d550323-Reviews-Amphitheatre_de_Pula-Pula_Istria.html
Amphitheatre de Pula, 216, 474, Ancient Ruins & Ancient Ruins, Europe & Croatia & Istria & Pula & Things to Do in Pula, 4.5, 44.87324, 13.850233, 484416856, 20170501, 20170501, 5.0, KSturge, /Profile/KSturge, d8cb409c6c5d56671b2814e93d04e1ee, /Attraction_Review-g295373-d550323-Reviews-Amphitheatre_de_Pula-Pula_Istria.html
Amphitheatre de Pula, 216, 474, Ancient Ruins & Ancient Ruins, Europe & Croatia & Istria & Pula & Things to Do in Pula, 4.5, 44.87324, 13.850233, 484281900, 20170501, 20170501, 5.0, Dawn C, /Profile/334DawnC334, 1f20e8572a5f72bbdf4f1f579a991b05, /Attraction_Review-g295373-d550323-Reviews-Amphitheatre_de_Pula-Pula_Istria.html
Amphitheatre de Pula, 216, 474, Ancient Ruins & Ancient Ruins, Europe & Croatia & Istria & Pula & Things to Do in Pula, 4.5, 44.87324, 13.850233, 483715799, 20170501, 20170501, 5.0, 18gceltic, /Profile/18gceltic, d25f225aa3f7eb693a61550fe83cd3ff, /Attraction_Review-g295373-d550323-Reviews-Amphitheatre_de_Pula-Pula_Istria.html
Amphitheatre de Pula, 216, 474, Ancient Ruins & Ancient Ruins, Europe & Croatia & Istria & Pula & Things to Do in Pula, 4.5, 44.87324, 13.850233, 483627194, 20170501, 20170501, 5.0, gilescorenwannabe, /Profile/gilescorenwannabe, bb8ceef83a719420f7ea731611e623af, /Attraction_Review-g295373-d550323-Reviews-Amphitheatre_de_Pula-Pula_Istria.html
