review_location_name, review_current_page, review_last_page, review_location_type, review_location_breadcrumbs, review_location_rate, location_lat, location_lng, review_id, review_date, review_experience_date, review_rate, user_name, user_link, user_id, parent_url
Prokurative, 1, 17, Points of Interest & Landmarks & Points of Interest & Landmarks, Europe & Croatia & Dalmatia & Split-Dalmatia County & Split & Things to Do in Split, 4.0, 43.50956, 16.43658, 719966482, 20191001, 20191001, 4.0, Serene-View, /Profile/Serene-View, f6cfe60d3c6fcecf66d7c60f1d9cbde5, /Attraction_Review-g295370-d552829-Reviews-Prokurative-Split_Split_Dalmatia_County_Dalmatia.html
Prokurative, 1, 17, Points of Interest & Landmarks & Points of Interest & Landmarks, Europe & Croatia & Dalmatia & Split-Dalmatia County & Split & Things to Do in Split, 4.0, 43.50956, 16.43658, 713586486, 20190901, 20190901, 5.0, Antique Plutus Shop, /Profile/antiqueplutusshop, 44bf350142dc88aeee8d0b5a788441c2, /Attraction_Review-g295370-d552829-Reviews-Prokurative-Split_Split_Dalmatia_County_Dalmatia.html
Prokurative, 1, 17, Points of Interest & Landmarks & Points of Interest & Landmarks, Europe & Croatia & Dalmatia & Split-Dalmatia County & Split & Things to Do in Split, 4.0, 43.50956, 16.43658, 708219697, 20190901, 20190901, 5.0, mbetowler, /Profile/mbetowler, 2542b1dc8311ac3580d5e74153a86610, /Attraction_Review-g295370-d552829-Reviews-Prokurative-Split_Split_Dalmatia_County_Dalmatia.html
Prokurative, 1, 17, Points of Interest & Landmarks & Points of Interest & Landmarks, Europe & Croatia & Dalmatia & Split-Dalmatia County & Split & Things to Do in Split, 4.0, 43.50956, 16.43658, 696902150, 20190801, 20190801, 4.0, Greg, /Profile/gkw09, 688c439f602b8fbab6d46f3605da9c1e, /Attraction_Review-g295370-d552829-Reviews-Prokurative-Split_Split_Dalmatia_County_Dalmatia.html
Prokurative, 1, 17, Points of Interest & Landmarks & Points of Interest & Landmarks, Europe & Croatia & Dalmatia & Split-Dalmatia County & Split & Things to Do in Split, 4.0, 43.50956, 16.43658, 692088662, 20190701, 20190701, 3.0, Cenza B, /Profile/cenzab, 362063ee88cfd48a730f32664a7dee8e, /Attraction_Review-g295370-d552829-Reviews-Prokurative-Split_Split_Dalmatia_County_Dalmatia.html
