review_location_name, review_current_page, review_last_page, review_location_type, review_location_breadcrumbs, review_location_rate, location_lat, location_lng, review_id, review_date, review_experience_date, review_rate, user_name, user_link, user_id, parent_url
Korcula Island - Priscapac, 68, 121, Historic Sites & Islands & Historic Sites & Islands, Europe & Croatia & Dalmatia & Dubrovnik-Neretva County & Dubrovnik & Things to Do in Dubrovnik, 4.5, 42.965252, 17.096537, 302305256, 20150801, 20150701, 5.0, Matthew O, /Profile/867matthewo, 8c330eb1644d882917f7c6512cdf57f7, /Attraction_Review-g295371-d552787-Reviews-Korcula_Island_Priscapac-Dubrovnik_Dubrovnik_Neretva_County_Dalmatia.html
Korcula Island - Priscapac, 68, 121, Historic Sites & Islands & Historic Sites & Islands, Europe & Croatia & Dalmatia & Dubrovnik-Neretva County & Dubrovnik & Things to Do in Dubrovnik, 4.5, 42.965252, 17.096537, 302174138, 20150801, 20150801, 5.0, SVandBeyond, /Profile/SVandBeyond, a779d16ac361541994b7555733fc6871, /Attraction_Review-g295371-d552787-Reviews-Korcula_Island_Priscapac-Dubrovnik_Dubrovnik_Neretva_County_Dalmatia.html
Korcula Island - Priscapac, 68, 121, Historic Sites & Islands & Historic Sites & Islands, Europe & Croatia & Dalmatia & Dubrovnik-Neretva County & Dubrovnik & Things to Do in Dubrovnik, 4.5, 42.965252, 17.096537, 302159547, 20150801, 20150801, 4.0, travel_fan022, /Profile/travel_fan022, 513f4bbb7258051de7f129bb1bfb31d7, /Attraction_Review-g295371-d552787-Reviews-Korcula_Island_Priscapac-Dubrovnik_Dubrovnik_Neretva_County_Dalmatia.html
Korcula Island - Priscapac, 68, 121, Historic Sites & Islands & Historic Sites & Islands, Europe & Croatia & Dalmatia & Dubrovnik-Neretva County & Dubrovnik & Things to Do in Dubrovnik, 4.5, 42.965252, 17.096537, 301374682, 20150801, 20150801, 5.0, Jack0999, /Profile/Jack0999, e821c3322232870554bed12de0e980d1, /Attraction_Review-g295371-d552787-Reviews-Korcula_Island_Priscapac-Dubrovnik_Dubrovnik_Neretva_County_Dalmatia.html
Korcula Island - Priscapac, 68, 121, Historic Sites & Islands & Historic Sites & Islands, Europe & Croatia & Dalmatia & Dubrovnik-Neretva County & Dubrovnik & Things to Do in Dubrovnik, 4.5, 42.965252, 17.096537, 301253895, 20150801, 20140901, 4.0, Olimon_G, /Profile/Olimon_G, 48db541e69d9acc641aeaf1e35dcbb63, /Attraction_Review-g295371-d552787-Reviews-Korcula_Island_Priscapac-Dubrovnik_Dubrovnik_Neretva_County_Dalmatia.html
