review_location_name, review_current_page, review_last_page, review_location_type, review_location_breadcrumbs, review_location_rate, location_lat, location_lng, review_id, review_date, review_experience_date, review_rate, user_name, user_link, user_id, parent_url
Plitvice Lakes National Park, 637, 1391, National Parks & National Parks, Europe & Croatia & Central Croatia & Plitvice Lakes National Park & Things to Do in Plitvice Lakes National Park, 4.5, 44.883595, 15.618849, 421160506, 20160901, 20160901, 4.0, Aycee89, /Profile/Aycee89, 8215d48e4ef17680e63bdfb3f8ed989b, /Attraction_Review-g303827-d554038-Reviews-Plitvice_Lakes_National_Park-Plitvice_Lakes_National_Park_Central_Croatia.html
Plitvice Lakes National Park, 637, 1391, National Parks & National Parks, Europe & Croatia & Central Croatia & Plitvice Lakes National Park & Things to Do in Plitvice Lakes National Park, 4.5, 44.883595, 15.618849, 421102434, 20160901, 20160901, 4.0, James G, /Profile/JamesG754, 84506b397bc3e5927ec709e033dcfd18, /Attraction_Review-g303827-d554038-Reviews-Plitvice_Lakes_National_Park-Plitvice_Lakes_National_Park_Central_Croatia.html
Plitvice Lakes National Park, 637, 1391, National Parks & National Parks, Europe & Croatia & Central Croatia & Plitvice Lakes National Park & Things to Do in Plitvice Lakes National Park, 4.5, 44.883595, 15.618849, 421101777, 20160901, 20160901, 4.0, James G, /Profile/JamesG754, 84506b397bc3e5927ec709e033dcfd18, /Attraction_Review-g303827-d554038-Reviews-Plitvice_Lakes_National_Park-Plitvice_Lakes_National_Park_Central_Croatia.html
Plitvice Lakes National Park, 637, 1391, National Parks & National Parks, Europe & Croatia & Central Croatia & Plitvice Lakes National Park & Things to Do in Plitvice Lakes National Park, 4.5, 44.883595, 15.618849, 421085224, 20160901, 20160901, 4.0, Pilarwish, /Profile/Pilarwish, 9ff9d665870f3a069f9b5cc450b3c4ee, /Attraction_Review-g303827-d554038-Reviews-Plitvice_Lakes_National_Park-Plitvice_Lakes_National_Park_Central_Croatia.html
Plitvice Lakes National Park, 637, 1391, National Parks & National Parks, Europe & Croatia & Central Croatia & Plitvice Lakes National Park & Things to Do in Plitvice Lakes National Park, 4.5, 44.883595, 15.618849, 421069348, 20160901, 20160901, 5.0, Mrblaw, /Profile/Mrblaw, fdf0fd63702c00f8876e425e70cad540, /Attraction_Review-g303827-d554038-Reviews-Plitvice_Lakes_National_Park-Plitvice_Lakes_National_Park_Central_Croatia.html
