review_location_name, review_current_page, review_last_page, review_location_type, review_location_breadcrumbs, review_location_rate, location_lat, location_lng, review_id, review_date, review_experience_date, review_rate, user_name, user_link, user_id, parent_url
Marjan Park, 52, 402, Nature & Wildlife Areas & Parks & Nature & Wildlife Areas & Parks, Europe & Croatia & Dalmatia & Split-Dalmatia County & Split & Things to Do in Split, 4.5, 43.50534, 16.43005, 676306133, 20190501, 20190501, 5.0, JamaBhoy, /Profile/JamaBhoy, 1d523dfa64042460ddce092ca6f6a3aa, /Attraction_Review-g295370-d550486-Reviews-Marjan_Park-Split_Split_Dalmatia_County_Dalmatia.html
Marjan Park, 52, 402, Nature & Wildlife Areas & Parks & Nature & Wildlife Areas & Parks, Europe & Croatia & Dalmatia & Split-Dalmatia County & Split & Things to Do in Split, 4.5, 43.50534, 16.43005, 676212890, 20190501, 20190501, 5.0, Jessica J, /Profile/jeshjo, d88c0393607653fab45bb2df5188804d, /Attraction_Review-g295370-d550486-Reviews-Marjan_Park-Split_Split_Dalmatia_County_Dalmatia.html
Marjan Park, 52, 402, Nature & Wildlife Areas & Parks & Nature & Wildlife Areas & Parks, Europe & Croatia & Dalmatia & Split-Dalmatia County & Split & Things to Do in Split, 4.5, 43.50534, 16.43005, 675877480, 20190501, 20190501, 5.0, anelej, /Profile/anelej1, 2187ac88a531982da8a5be28be93e8c9, /Attraction_Review-g295370-d550486-Reviews-Marjan_Park-Split_Split_Dalmatia_County_Dalmatia.html
Marjan Park, 52, 402, Nature & Wildlife Areas & Parks & Nature & Wildlife Areas & Parks, Europe & Croatia & Dalmatia & Split-Dalmatia County & Split & Things to Do in Split, 4.5, 43.50534, 16.43005, 675875889, 20190501, 20190501, 5.0, Vedran S, /Profile/VedranS58, 37b6638093f8f306b237aaded895dd2c, /Attraction_Review-g295370-d550486-Reviews-Marjan_Park-Split_Split_Dalmatia_County_Dalmatia.html
Marjan Park, 52, 402, Nature & Wildlife Areas & Parks & Nature & Wildlife Areas & Parks, Europe & Croatia & Dalmatia & Split-Dalmatia County & Split & Things to Do in Split, 4.5, 43.50534, 16.43005, 675815963, 20190501, 20190501, 5.0, J Klein, /Profile/jklizze, d5af0c125d2d48ee063c151e8a7ca9e3, /Attraction_Review-g295370-d550486-Reviews-Marjan_Park-Split_Split_Dalmatia_County_Dalmatia.html
