review_location_name, review_current_page, review_last_page, review_location_type, review_location_breadcrumbs, review_location_rate, location_lat, location_lng, review_id, review_date, review_experience_date, review_rate, user_name, user_link, user_id, parent_url
Benazic Winery, 4, 20, Wineries & Vineyards & Wineries & Vineyards, Europe & Croatia & Istria & Pula & Things to Do in Pula, 5.0, 44.85315, 13.869727, 702462221, 20190801, 20190801, 5.0, Homero2012, /Profile/Homero2012, 3bdab7ab7c81c81a404c71c70794c333, /Attraction_Review-g295373-d7244455-Reviews-Benazic_Winery-Pula_Istria.html
Benazic Winery, 4, 20, Wineries & Vineyards & Wineries & Vineyards, Europe & Croatia & Istria & Pula & Things to Do in Pula, 5.0, 44.85315, 13.869727, 702397928, 20190801, 20190801, 5.0, HelloKitty143, /Profile/HelloKitty143, 94bcb415ea0ee4a9375f7401665a701c, /Attraction_Review-g295373-d7244455-Reviews-Benazic_Winery-Pula_Istria.html
Benazic Winery, 4, 20, Wineries & Vineyards & Wineries & Vineyards, Europe & Croatia & Istria & Pula & Things to Do in Pula, 5.0, 44.85315, 13.869727, 700844508, 20190801, 20190801, 5.0, Leadbetter, /Profile/cindylouwo, 52012edb80e0560bfaa595c8f261ad0b, /Attraction_Review-g295373-d7244455-Reviews-Benazic_Winery-Pula_Istria.html
Benazic Winery, 4, 20, Wineries & Vineyards & Wineries & Vineyards, Europe & Croatia & Istria & Pula & Things to Do in Pula, 5.0, 44.85315, 13.869727, 696894029, 20190801, 20190801, 5.0, Joe G, /Profile/557jog, 442effe8860c8316b5043b177e006734, /Attraction_Review-g295373-d7244455-Reviews-Benazic_Winery-Pula_Istria.html
Benazic Winery, 4, 20, Wineries & Vineyards & Wineries & Vineyards, Europe & Croatia & Istria & Pula & Things to Do in Pula, 5.0, 44.85315, 13.869727, 695197807, 20190801, 20190801, 5.0, LKMH, /Profile/larak937, 5469214b88da62f0ba8c432c770d3a76, /Attraction_Review-g295373-d7244455-Reviews-Benazic_Winery-Pula_Istria.html
