review_location_name, review_current_page, review_last_page, review_location_type, review_location_breadcrumbs, review_location_rate, location_lat, location_lng, review_id, review_date, review_experience_date, review_rate, user_name, user_link, user_id, parent_url
Old Town, 198, 377, Neighborhoods & Historic Walking Areas & Neighborhoods & Historic Walking Areas, Europe & Croatia & Istria & Rovinj & Things to Do in Rovinj, 4.5, 45.08354, 13.633422, 387511648, 20160601, 20160601, 5.0, Doug M, /Profile/DougM40, 2550c54a84fc7d93b69cb88f0e4159e1, /Attraction_Review-g303833-d553696-Reviews-Old_Town-Rovinj_Istria.html
Old Town, 198, 377, Neighborhoods & Historic Walking Areas & Neighborhoods & Historic Walking Areas, Europe & Croatia & Istria & Rovinj & Things to Do in Rovinj, 4.5, 45.08354, 13.633422, 387436389, 20160601, 20160601, 5.0, 202MaryO, /Profile/202MaryO, 76cfded3ae504d129ebcfa21d1b49014, /Attraction_Review-g303833-d553696-Reviews-Old_Town-Rovinj_Istria.html
Old Town, 198, 377, Neighborhoods & Historic Walking Areas & Neighborhoods & Historic Walking Areas, Europe & Croatia & Istria & Rovinj & Things to Do in Rovinj, 4.5, 45.08354, 13.633422, 387343021, 20160601, 20160601, 5.0, sarkiengland, /Profile/sarkiengland, 40f3be3330a467afbd02a61b3c9dff79, /Attraction_Review-g303833-d553696-Reviews-Old_Town-Rovinj_Istria.html
Old Town, 198, 377, Neighborhoods & Historic Walking Areas & Neighborhoods & Historic Walking Areas, Europe & Croatia & Istria & Rovinj & Things to Do in Rovinj, 4.5, 45.08354, 13.633422, 387339286, 20160601, 20160601, 5.0, debcox, /Profile/debcox, 0da844775eea3f986bcbb6d32f252d06, /Attraction_Review-g303833-d553696-Reviews-Old_Town-Rovinj_Istria.html
Old Town, 198, 377, Neighborhoods & Historic Walking Areas & Neighborhoods & Historic Walking Areas, Europe & Croatia & Istria & Rovinj & Things to Do in Rovinj, 4.5, 45.08354, 13.633422, 387197832, 20160601, 20160601, 4.0, Anthony C, /Profile/DAnthonyinmontreal, 5ad5ba70d13e7f136cd90c8de5644637, /Attraction_Review-g303833-d553696-Reviews-Old_Town-Rovinj_Istria.html
