review_location_name, review_current_page, review_last_page, review_location_type, review_location_breadcrumbs, review_location_rate, location_lat, location_lng, review_id, review_date, review_experience_date, review_rate, user_name, user_link, user_id, parent_url
Milos Winery, 8, 12, Wineries & Vineyards & Wineries & Vineyards, Europe & Croatia & Dalmatia & Dubrovnik-Neretva County & Peljesac Peninsula & Ston & Things to Do in Ston, 4.5, 42.848564, 17.624872, 497332075, 20170601, 20170601, 5.0, Barbra R, /Profile/258barbrar, 89a3e78f889561510d5f95d8e8db693d, /Attraction_Review-g608720-d4997645-Reviews-Milos_Winery-Ston_Peljesac_Peninsula_Dubrovnik_Neretva_County_Dalmatia.html
Milos Winery, 8, 12, Wineries & Vineyards & Wineries & Vineyards, Europe & Croatia & Dalmatia & Dubrovnik-Neretva County & Peljesac Peninsula & Ston & Things to Do in Ston, 4.5, 42.848564, 17.624872, 494011288, 20170601, 20170601, 5.0, RhodyTraveler401, /Profile/RhodyTraveler401, 8e5f7adb8b43bf254960791ef790cd61, /Attraction_Review-g608720-d4997645-Reviews-Milos_Winery-Ston_Peljesac_Peninsula_Dubrovnik_Neretva_County_Dalmatia.html
Milos Winery, 8, 12, Wineries & Vineyards & Wineries & Vineyards, Europe & Croatia & Dalmatia & Dubrovnik-Neretva County & Peljesac Peninsula & Ston & Things to Do in Ston, 4.5, 42.848564, 17.624872, 493303537, 20170601, 20170601, 5.0, massbeat, /Profile/massbeat, 7de3b32e61ce9a88a72093a60686e4cd, /Attraction_Review-g608720-d4997645-Reviews-Milos_Winery-Ston_Peljesac_Peninsula_Dubrovnik_Neretva_County_Dalmatia.html
Milos Winery, 8, 12, Wineries & Vineyards & Wineries & Vineyards, Europe & Croatia & Dalmatia & Dubrovnik-Neretva County & Peljesac Peninsula & Ston & Things to Do in Ston, 4.5, 42.848564, 17.624872, 487404446, 20170501, 20170501, 4.0, UrbaneForker, /Profile/UrbaneForker, 61482590539251edd6634b7e5be07355, /Attraction_Review-g608720-d4997645-Reviews-Milos_Winery-Ston_Peljesac_Peninsula_Dubrovnik_Neretva_County_Dalmatia.html
Milos Winery, 8, 12, Wineries & Vineyards & Wineries & Vineyards, Europe & Croatia & Dalmatia & Dubrovnik-Neretva County & Peljesac Peninsula & Ston & Things to Do in Ston, 4.5, 42.848564, 17.624872, 468711902, 20170301, 20170301, 5.0, Bob Č, /Profile/bob_U2778AY, 777e2b5c8590278221b2ac678359f4ff, /Attraction_Review-g608720-d4997645-Reviews-Milos_Winery-Ston_Peljesac_Peninsula_Dubrovnik_Neretva_County_Dalmatia.html
