review_location_name, review_current_page, review_last_page, review_location_type, review_location_breadcrumbs, review_location_rate, location_lat, location_lng, review_id, review_date, review_experience_date, review_rate, user_name, user_link, user_id, parent_url
Serbian-Orthodox St. Nicholas Church, 1, 2, Churches & Cathedrals & Churches & Cathedrals, Europe & Croatia & Primorje-Gorski Kotar County & Rijeka & Things to Do in Rijeka, 4.0, 45.32579, 14.44257, 520499012, 20170901, 20170901, 5.0, morciandszami, /Profile/morciandszami, 65f872e68182f36cb38b65aa2b5c5234, /Attraction_Review-g297516-d6931636-Reviews-Serbian_Orthodox_St_Nicholas_Church-Rijeka_Primorje_Gorski_Kotar_County.html
Serbian-Orthodox St. Nicholas Church, 1, 2, Churches & Cathedrals & Churches & Cathedrals, Europe & Croatia & Primorje-Gorski Kotar County & Rijeka & Things to Do in Rijeka, 4.0, 45.32579, 14.44257, 467012007, 20170301, 20160401, 3.0, Rmohovic, /Profile/Rmohovic, 3c58bff12df0119396a4a1d78bf94a20, /Attraction_Review-g297516-d6931636-Reviews-Serbian_Orthodox_St_Nicholas_Church-Rijeka_Primorje_Gorski_Kotar_County.html
Serbian-Orthodox St. Nicholas Church, 1, 2, Churches & Cathedrals & Churches & Cathedrals, Europe & Croatia & Primorje-Gorski Kotar County & Rijeka & Things to Do in Rijeka, 4.0, 45.32579, 14.44257, 463416819, 20170201, 20170201, 4.0, dolfort, /Profile/dolfort, e26176e19630ef480a1972702d420717, /Attraction_Review-g297516-d6931636-Reviews-Serbian_Orthodox_St_Nicholas_Church-Rijeka_Primorje_Gorski_Kotar_County.html
Serbian-Orthodox St. Nicholas Church, 1, 2, Churches & Cathedrals & Churches & Cathedrals, Europe & Croatia & Primorje-Gorski Kotar County & Rijeka & Things to Do in Rijeka, 4.0, 45.32579, 14.44257, 411058666, 20160801, 20160701, 4.0, periandro, /Profile/periandro, 4ed551d4917ea7a18a01d4df13b865e9, /Attraction_Review-g297516-d6931636-Reviews-Serbian_Orthodox_St_Nicholas_Church-Rijeka_Primorje_Gorski_Kotar_County.html
Serbian-Orthodox St. Nicholas Church, 1, 2, Churches & Cathedrals & Churches & Cathedrals, Europe & Croatia & Primorje-Gorski Kotar County & Rijeka & Things to Do in Rijeka, 4.0, 45.32579, 14.44257, 408897295, 20160801, 20160801, 5.0, Alex218, /Profile/Alex218, 8ebd1a4e1ddd04c736faa02666460d53, /Attraction_Review-g297516-d6931636-Reviews-Serbian_Orthodox_St_Nicholas_Church-Rijeka_Primorje_Gorski_Kotar_County.html
