review_location_name, review_current_page, review_last_page, review_location_type, review_location_breadcrumbs, review_location_rate, location_lat, location_lng, review_id, review_date, review_experience_date, review_rate, user_name, user_link, user_id, parent_url
Zlatni Rat Beach (Golden Horn), 208, 250, Beaches & Beaches, Europe & Croatia & Dalmatia & Split-Dalmatia County & Brac Island & Bol & Things to Do in Bol, 4.0, 43.25916, 16.64372, 223292704, 20140801, 20140801, 3.0, igrskovi, /Profile/igrskovi, 9612c8727e8012e1a73b510aa3176a30, /Attraction_Review-g303802-d550460-Reviews-Zlatni_Rat_Beach_Golden_Horn-Bol_Brac_Island_Split_Dalmatia_County_Dalmatia.html
Zlatni Rat Beach (Golden Horn), 208, 250, Beaches & Beaches, Europe & Croatia & Dalmatia & Split-Dalmatia County & Brac Island & Bol & Things to Do in Bol, 4.0, 43.25916, 16.64372, 223240786, 20140801, 20140801, 2.0, Maijamaija, /Profile/Maijamaija, 87cf7d1011c3872b5b410ccf0fc891bd, /Attraction_Review-g303802-d550460-Reviews-Zlatni_Rat_Beach_Golden_Horn-Bol_Brac_Island_Split_Dalmatia_County_Dalmatia.html
Zlatni Rat Beach (Golden Horn), 208, 250, Beaches & Beaches, Europe & Croatia & Dalmatia & Split-Dalmatia County & Brac Island & Bol & Things to Do in Bol, 4.0, 43.25916, 16.64372, 222810199, 20140801, 20140801, 3.0, TheTravellingBug2013, /Profile/TheTravellingBug2013, beeb6e3a10c92f10d3aec7ceb6a83aec, /Attraction_Review-g303802-d550460-Reviews-Zlatni_Rat_Beach_Golden_Horn-Bol_Brac_Island_Split_Dalmatia_County_Dalmatia.html
Zlatni Rat Beach (Golden Horn), 208, 250, Beaches & Beaches, Europe & Croatia & Dalmatia & Split-Dalmatia County & Brac Island & Bol & Things to Do in Bol, 4.0, 43.25916, 16.64372, 222563822, 20140801, 20140801, 5.0, Erik E, /Profile/926erike, be385c8719c322b1f73c6da9a9b57889, /Attraction_Review-g303802-d550460-Reviews-Zlatni_Rat_Beach_Golden_Horn-Bol_Brac_Island_Split_Dalmatia_County_Dalmatia.html
Zlatni Rat Beach (Golden Horn), 208, 250, Beaches & Beaches, Europe & Croatia & Dalmatia & Split-Dalmatia County & Brac Island & Bol & Things to Do in Bol, 4.0, 43.25916, 16.64372, 222537737, 20140801, 20140801, 2.0, Andy and Family W, /Profile/andyandfamilyw, 1acb198dcf31592347b222f62e448531, /Attraction_Review-g303802-d550460-Reviews-Zlatni_Rat_Beach_Golden_Horn-Bol_Brac_Island_Split_Dalmatia_County_Dalmatia.html
