review_location_name, review_current_page, review_last_page, review_location_type, review_location_breadcrumbs, review_location_rate, location_lat, location_lng, review_id, review_date, review_experience_date, review_rate, user_name, user_link, user_id, parent_url
Stiniva Cove, 45, 54, Beaches & Beaches, Europe & Croatia & Dalmatia & Split-Dalmatia County & Island of Vis & Vis & Things to Do in Vis, 4.0, 43.02317, 16.1703, 268483299, 20150401, 20140701, 4.0, Zsanett B, /Profile/761zsanettb, 51e149717a276c3281502f58b6d344ff, /Attraction_Review-g424973-d2324162-Reviews-Stiniva_Cove-Vis_Island_of_Vis_Split_Dalmatia_County_Dalmatia.html
Stiniva Cove, 45, 54, Beaches & Beaches, Europe & Croatia & Dalmatia & Split-Dalmatia County & Island of Vis & Vis & Things to Do in Vis, 4.0, 43.02317, 16.1703, 264941723, 20150401, 20150401, 2.0, Massive J, /Profile/massivej, 57dd2c5cae9c92e11929abab2acb8f7a, /Attraction_Review-g424973-d2324162-Reviews-Stiniva_Cove-Vis_Island_of_Vis_Split_Dalmatia_County_Dalmatia.html
Stiniva Cove, 45, 54, Beaches & Beaches, Europe & Croatia & Dalmatia & Split-Dalmatia County & Island of Vis & Vis & Things to Do in Vis, 4.0, 43.02317, 16.1703, 251530741, 20150101, 20140801, 4.0, raftman10, /Profile/raftman10, 2c8315a28758f2f60408cf99f704306c, /Attraction_Review-g424973-d2324162-Reviews-Stiniva_Cove-Vis_Island_of_Vis_Split_Dalmatia_County_Dalmatia.html
Stiniva Cove, 45, 54, Beaches & Beaches, Europe & Croatia & Dalmatia & Split-Dalmatia County & Island of Vis & Vis & Things to Do in Vis, 4.0, 43.02317, 16.1703, 245964750, 20141201, 20140901, 5.0, SwissScrivs, /Profile/SwissScrivs, 08ad1c916adc114adc30a1d1d4ec18a8, /Attraction_Review-g424973-d2324162-Reviews-Stiniva_Cove-Vis_Island_of_Vis_Split_Dalmatia_County_Dalmatia.html
Stiniva Cove, 45, 54, Beaches & Beaches, Europe & Croatia & Dalmatia & Split-Dalmatia County & Island of Vis & Vis & Things to Do in Vis, 4.0, 43.02317, 16.1703, 244728100, 20141201, 20140701, 4.0, Jord O, /Profile/J0rdO, 95950350f6fe2514dbf97219a148a80e, /Attraction_Review-g424973-d2324162-Reviews-Stiniva_Cove-Vis_Island_of_Vis_Split_Dalmatia_County_Dalmatia.html
