review_location_name, review_current_page, review_last_page, review_location_type, review_location_breadcrumbs, review_location_rate, location_lat, location_lng, review_id, review_date, review_experience_date, review_rate, user_name, user_link, user_id, parent_url
St. Michael's Fortress, 39, 57, Historic Sites & Historic Sites, Europe & Croatia & Dalmatia & Sibenik-Knin County & Sibenik & Things to Do in Sibenik, 4.0, 43.737682, 15.88965, 395021851, 20160701, 20160701, 5.0, Camille A, /Profile/201camillea, e9eff4f11e861776ca24365cbcf449e5, /Attraction_Review-g295375-d3335650-Reviews-St_Michael_s_Fortress-Sibenik_Sibenik_Knin_County_Dalmatia.html
St. Michael's Fortress, 39, 57, Historic Sites & Historic Sites, Europe & Croatia & Dalmatia & Sibenik-Knin County & Sibenik & Things to Do in Sibenik, 4.0, 43.737682, 15.88965, 394156186, 20160701, 20160701, 4.0, Andrej G, /Profile/224andrejg, b709b744ba9366caba68f3ba25c98afa, /Attraction_Review-g295375-d3335650-Reviews-St_Michael_s_Fortress-Sibenik_Sibenik_Knin_County_Dalmatia.html
St. Michael's Fortress, 39, 57, Historic Sites & Historic Sites, Europe & Croatia & Dalmatia & Sibenik-Knin County & Sibenik & Things to Do in Sibenik, 4.0, 43.737682, 15.88965, 392950196, 20160701, 20160701, 3.0, Linda_Culley, /Profile/Linda_Culley, 50ca06190ef07a91c77309a44e1eff0e, /Attraction_Review-g295375-d3335650-Reviews-St_Michael_s_Fortress-Sibenik_Sibenik_Knin_County_Dalmatia.html
St. Michael's Fortress, 39, 57, Historic Sites & Historic Sites, Europe & Croatia & Dalmatia & Sibenik-Knin County & Sibenik & Things to Do in Sibenik, 4.0, 43.737682, 15.88965, 392834107, 20160701, 20160701, 4.0, KeithVW, /Profile/KeithVW, bf0818cee2d3e274d91f1debeaee60d1, /Attraction_Review-g295375-d3335650-Reviews-St_Michael_s_Fortress-Sibenik_Sibenik_Knin_County_Dalmatia.html
St. Michael's Fortress, 39, 57, Historic Sites & Historic Sites, Europe & Croatia & Dalmatia & Sibenik-Knin County & Sibenik & Things to Do in Sibenik, 4.0, 43.737682, 15.88965, 391063212, 20160701, 20160701, 4.0, EricaDavid, /Profile/EricaDavid, ce49aa069c46fa462bdf3dd53f5755b9, /Attraction_Review-g295375-d3335650-Reviews-St_Michael_s_Fortress-Sibenik_Sibenik_Knin_County_Dalmatia.html
