review_location_name, review_current_page, review_last_page, review_location_type, review_location_breadcrumbs, review_location_rate, location_lat, location_lng, review_id, review_date, review_experience_date, review_rate, user_name, user_link, user_id, parent_url
Dioklecijanova (Cardo Maximus), 21, 22, Points of Interest & Landmarks & Points of Interest & Landmarks, Europe & Croatia & Dalmatia & Split-Dalmatia County & Split & Things to Do in Split, 4.5, 43.50818, 16.440325, 244561829, 20141201, 20141201, 5.0, senadba, /Profile/senadba, c3e82aa674c774ae3788b91f9cc28163, /Attraction_Review-g295370-d550473-Reviews-Dioklecijanova_Cardo_Maximus-Split_Split_Dalmatia_County_Dalmatia.html
Dioklecijanova (Cardo Maximus), 21, 22, Points of Interest & Landmarks & Points of Interest & Landmarks, Europe & Croatia & Dalmatia & Split-Dalmatia County & Split & Things to Do in Split, 4.5, 43.50818, 16.440325, 226579780, 20140901, 20140801, 5.0, Dinno B, /Profile/dinn0b, c25548f616b7497dea07591b77524777, /Attraction_Review-g295370-d550473-Reviews-Dioklecijanova_Cardo_Maximus-Split_Split_Dalmatia_County_Dalmatia.html
Dioklecijanova (Cardo Maximus), 21, 22, Points of Interest & Landmarks & Points of Interest & Landmarks, Europe & Croatia & Dalmatia & Split-Dalmatia County & Split & Things to Do in Split, 4.5, 43.50818, 16.440325, 226253905, 20140901, 20140801, 5.0, Krunoslav S, /Profile/krunoslavs, 5412ff04f748bb6bf254087dafc1fd71, /Attraction_Review-g295370-d550473-Reviews-Dioklecijanova_Cardo_Maximus-Split_Split_Dalmatia_County_Dalmatia.html
Dioklecijanova (Cardo Maximus), 21, 22, Points of Interest & Landmarks & Points of Interest & Landmarks, Europe & Croatia & Dalmatia & Split-Dalmatia County & Split & Things to Do in Split, 4.5, 43.50818, 16.440325, 218183662, 20140701, 20140701, 4.0, PlatinumHoney, /Profile/PlatinumHoney, 1f512a9f156d66d0115bcf74340c9054, /Attraction_Review-g295370-d550473-Reviews-Dioklecijanova_Cardo_Maximus-Split_Split_Dalmatia_County_Dalmatia.html
Dioklecijanova (Cardo Maximus), 21, 22, Points of Interest & Landmarks & Points of Interest & Landmarks, Europe & Croatia & Dalmatia & Split-Dalmatia County & Split & Things to Do in Split, 4.5, 43.50818, 16.440325, 216054220, 20140701, 20140701, 5.0, Carlos1201, /Profile/Carlos1201, 46bc7263a4baf46ba7cf56e73267c938, /Attraction_Review-g295370-d550473-Reviews-Dioklecijanova_Cardo_Maximus-Split_Split_Dalmatia_County_Dalmatia.html
