review_location_name, review_current_page, review_last_page, review_location_type, review_location_breadcrumbs, review_location_rate, location_lat, location_lng, review_id, review_date, review_experience_date, review_rate, user_name, user_link, user_id, parent_url
The Forum, 32, 47, Points of Interest & Landmarks & Points of Interest & Landmarks, Europe & Croatia & Dalmatia & Zadar County & Zadar & Things to Do in Zadar, 4.0, 44.11567, 15.22399, 379416650, 20160601, 20160501, 4.0, Stmirli, /Profile/Stmirli, f2c1ba106882bd3948ee05959a740405, /Attraction_Review-g295374-d4463421-Reviews-The_Forum-Zadar_Zadar_County_Dalmatia.html
The Forum, 32, 47, Points of Interest & Landmarks & Points of Interest & Landmarks, Europe & Croatia & Dalmatia & Zadar County & Zadar & Things to Do in Zadar, 4.0, 44.11567, 15.22399, 378658497, 20160601, 20160501, 3.0, Dive_G, /Profile/Dive_G, 120ab85141b533fee7dcf87e15fa3a99, /Attraction_Review-g295374-d4463421-Reviews-The_Forum-Zadar_Zadar_County_Dalmatia.html
The Forum, 32, 47, Points of Interest & Landmarks & Points of Interest & Landmarks, Europe & Croatia & Dalmatia & Zadar County & Zadar & Things to Do in Zadar, 4.0, 44.11567, 15.22399, 376617009, 20160501, 20160501, 2.0, Paul H, /Profile/713PaulH, 25d16745929f14c0e2593c9f054195fc, /Attraction_Review-g295374-d4463421-Reviews-The_Forum-Zadar_Zadar_County_Dalmatia.html
The Forum, 32, 47, Points of Interest & Landmarks & Points of Interest & Landmarks, Europe & Croatia & Dalmatia & Zadar County & Zadar & Things to Do in Zadar, 4.0, 44.11567, 15.22399, 374820026, 20160501, 20160501, 2.0, Paul h, /Profile/745Paulh745, 6ead4cf317db1df6d2ecc7fb5f28051d, /Attraction_Review-g295374-d4463421-Reviews-The_Forum-Zadar_Zadar_County_Dalmatia.html
The Forum, 32, 47, Points of Interest & Landmarks & Points of Interest & Landmarks, Europe & Croatia & Dalmatia & Zadar County & Zadar & Things to Do in Zadar, 4.0, 44.11567, 15.22399, 373741649, 20160501, 20160401, 5.0, terence1278, /Profile/terence1278, 0cee46e48c5b63cfd89284cc4007279f, /Attraction_Review-g295374-d4463421-Reviews-The_Forum-Zadar_Zadar_County_Dalmatia.html
