review_location_name, review_current_page, review_last_page, review_location_type, review_location_breadcrumbs, review_location_rate, location_lat, location_lng, review_id, review_date, review_experience_date, review_rate, user_name, user_link, user_id, parent_url
Ethnographic Museum Split, 17, 29, History Museums & History Museums, Europe & Croatia & Dalmatia & Split-Dalmatia County & Split & Things to Do in Split, 4.0, 43.5075, 16.440178, 427081135, 20161001, 20161001, 3.0, Sabrina M, /Profile/145sabrinam, 8866dd3c7ce7adc20214e9a3e4e251fd, /Attraction_Review-g295370-d2718916-Reviews-Ethnographic_Museum_Split-Split_Split_Dalmatia_County_Dalmatia.html
Ethnographic Museum Split, 17, 29, History Museums & History Museums, Europe & Croatia & Dalmatia & Split-Dalmatia County & Split & Things to Do in Split, 4.0, 43.5075, 16.440178, 425899084, 20161001, 20161001, 4.0, Neil B, /Profile/514neilb, 440bba4b14e3ed0fc6817375f0d8a3e4, /Attraction_Review-g295370-d2718916-Reviews-Ethnographic_Museum_Split-Split_Split_Dalmatia_County_Dalmatia.html
Ethnographic Museum Split, 17, 29, History Museums & History Museums, Europe & Croatia & Dalmatia & Split-Dalmatia County & Split & Things to Do in Split, 4.0, 43.5075, 16.440178, 424829285, 20161001, 20160901, 4.0, Robert R, /Profile/Meridaman, ea737d25d38ab40a91d3fa04a39b2f97, /Attraction_Review-g295370-d2718916-Reviews-Ethnographic_Museum_Split-Split_Split_Dalmatia_County_Dalmatia.html
Ethnographic Museum Split, 17, 29, History Museums & History Museums, Europe & Croatia & Dalmatia & Split-Dalmatia County & Split & Things to Do in Split, 4.0, 43.5075, 16.440178, 415517394, 20160901, 20160901, 5.0, Kat G, /Profile/513katg, 39b8730e1ef6a54ab9b2808eb797e284, /Attraction_Review-g295370-d2718916-Reviews-Ethnographic_Museum_Split-Split_Split_Dalmatia_County_Dalmatia.html
Ethnographic Museum Split, 17, 29, History Museums & History Museums, Europe & Croatia & Dalmatia & Split-Dalmatia County & Split & Things to Do in Split, 4.0, 43.5075, 16.440178, 404555871, 20160801, 20160701, 5.0, LuvIreland, /Profile/LuvIreland, 6092f2a54da8301199d3bcfd080147af, /Attraction_Review-g295370-d2718916-Reviews-Ethnographic_Museum_Split-Split_Split_Dalmatia_County_Dalmatia.html
