review_location_name, review_current_page, review_last_page, review_location_type, review_location_breadcrumbs, review_location_rate, location_lat, location_lng, review_id, review_date, review_experience_date, review_rate, user_name, user_link, user_id, parent_url
Fruit's Square (Trg Brace Radic), 39, 54, Points of Interest & Landmarks & Points of Interest & Landmarks, Europe & Croatia & Dalmatia & Split-Dalmatia County & Split & Things to Do in Split, 4.0, 43.50817, 16.43829, 358418787, 20160301, 20150901, 5.0, Anthony M, /Profile/anthonymY4738BT, d2eb8599cd228440cd0aaf5332b69b4e, /Attraction_Review-g295370-d553097-Reviews-Fruit_s_Square_Trg_Brace_Radic-Split_Split_Dalmatia_County_Dalmatia.html
Fruit's Square (Trg Brace Radic), 39, 54, Points of Interest & Landmarks & Points of Interest & Landmarks, Europe & Croatia & Dalmatia & Split-Dalmatia County & Split & Things to Do in Split, 4.0, 43.50817, 16.43829, 357228023, 20160301, 20160301, 4.0, TheMulv, /Profile/TheMulv, d7a2c8d594d14e08ea51136c3fa620bd, /Attraction_Review-g295370-d553097-Reviews-Fruit_s_Square_Trg_Brace_Radic-Split_Split_Dalmatia_County_Dalmatia.html
Fruit's Square (Trg Brace Radic), 39, 54, Points of Interest & Landmarks & Points of Interest & Landmarks, Europe & Croatia & Dalmatia & Split-Dalmatia County & Split & Things to Do in Split, 4.0, 43.50817, 16.43829, 356767659, 20160301, 20150701, 3.0, LeoDiCecco_BA, /Profile/LeoDiCecco_BA, 4a3f89a50f5bb07d93dab7c2c7a7df4f, /Attraction_Review-g295370-d553097-Reviews-Fruit_s_Square_Trg_Brace_Radic-Split_Split_Dalmatia_County_Dalmatia.html
Fruit's Square (Trg Brace Radic), 39, 54, Points of Interest & Landmarks & Points of Interest & Landmarks, Europe & Croatia & Dalmatia & Split-Dalmatia County & Split & Things to Do in Split, 4.0, 43.50817, 16.43829, 339755040, 20160101, 20151101, 5.0, Tony36, /Profile/Tony36, 108fa8db5f03173d31a685c76c99c4c2, /Attraction_Review-g295370-d553097-Reviews-Fruit_s_Square_Trg_Brace_Radic-Split_Split_Dalmatia_County_Dalmatia.html
Fruit's Square (Trg Brace Radic), 39, 54, Points of Interest & Landmarks & Points of Interest & Landmarks, Europe & Croatia & Dalmatia & Split-Dalmatia County & Split & Things to Do in Split, 4.0, 43.50817, 16.43829, 335316213, 20151201, 20150501, 4.0, Bradley T, /Profile/tradIndy, de4f621a492461d67b8357ebde526852, /Attraction_Review-g295370-d553097-Reviews-Fruit_s_Square_Trg_Brace_Radic-Split_Split_Dalmatia_County_Dalmatia.html
