review_location_name, review_current_page, review_last_page, review_location_type, review_location_breadcrumbs, review_location_rate, location_lat, location_lng, review_id, review_date, review_experience_date, review_rate, user_name, user_link, user_id, parent_url
Walls of Dubrovnik, 1829, 3165, Historic Sites & Historic Walking Areas & Historic Sites & Historic Walking Areas, Europe & Croatia & Dalmatia & Dubrovnik-Neretva County & Dubrovnik & Things to Do in Dubrovnik, 4.5, 42.64174, 18.10734, 333784199, 20151201, 20150601, 5.0, H.İsmet Benice, /Profile/h_smetb, 48961b872c4f7ce74d3855ed88161713, /Attraction_Review-g295371-d522915-Reviews-Walls_of_Dubrovnik-Dubrovnik_Dubrovnik_Neretva_County_Dalmatia.html
Walls of Dubrovnik, 1829, 3165, Historic Sites & Historic Walking Areas & Historic Sites & Historic Walking Areas, Europe & Croatia & Dalmatia & Dubrovnik-Neretva County & Dubrovnik & Things to Do in Dubrovnik, 4.5, 42.64174, 18.10734, 333606604, 20151201, 20151001, 5.0, Deb1028, /Profile/Deb1028, 56e2052588f59d1602d70e6b44b565ed, /Attraction_Review-g295371-d522915-Reviews-Walls_of_Dubrovnik-Dubrovnik_Dubrovnik_Neretva_County_Dalmatia.html
Walls of Dubrovnik, 1829, 3165, Historic Sites & Historic Walking Areas & Historic Sites & Historic Walking Areas, Europe & Croatia & Dalmatia & Dubrovnik-Neretva County & Dubrovnik & Things to Do in Dubrovnik, 4.5, 42.64174, 18.10734, 333544435, 20151201, 20150701, 5.0, Andy A, /Profile/Reboot62, ca441dd0f937a73b5607f5d1b42a8d5f, /Attraction_Review-g295371-d522915-Reviews-Walls_of_Dubrovnik-Dubrovnik_Dubrovnik_Neretva_County_Dalmatia.html
Walls of Dubrovnik, 1829, 3165, Historic Sites & Historic Walking Areas & Historic Sites & Historic Walking Areas, Europe & Croatia & Dalmatia & Dubrovnik-Neretva County & Dubrovnik & Things to Do in Dubrovnik, 4.5, 42.64174, 18.10734, 333296731, 20151201, 20150901, 4.0, Alina C, /Profile/718alinac, b68104e54d1c145276058b35890bd0cc, /Attraction_Review-g295371-d522915-Reviews-Walls_of_Dubrovnik-Dubrovnik_Dubrovnik_Neretva_County_Dalmatia.html
Walls of Dubrovnik, 1829, 3165, Historic Sites & Historic Walking Areas & Historic Sites & Historic Walking Areas, Europe & Croatia & Dalmatia & Dubrovnik-Neretva County & Dubrovnik & Things to Do in Dubrovnik, 4.5, 42.64174, 18.10734, 333215871, 20151201, 20150701, 5.0, hjeank, /Profile/hjeank, 8d14ea051db09605017c526900e74d4c, /Attraction_Review-g295371-d522915-Reviews-Walls_of_Dubrovnik-Dubrovnik_Dubrovnik_Neretva_County_Dalmatia.html
