review_location_name, review_current_page, review_last_page, review_location_type, review_location_breadcrumbs, review_location_rate, location_lat, location_lng, review_id, review_date, review_experience_date, review_rate, user_name, user_link, user_id, parent_url
Pakleni Islands, 85, 132, Islands & Islands, Europe & Croatia & Dalmatia & Split-Dalmatia County & Hvar Island & Hvar & Things to Do in Hvar, 4.5, 43.159424, 16.41519, 292402371, 20150701, 20150701, 4.0, kc888, /Profile/kc888, e9f85356aca4a5089949e7d25a0731d6, /Attraction_Review-g303808-d552466-Reviews-Pakleni_Islands-Hvar_Hvar_Island_Split_Dalmatia_County_Dalmatia.html
Pakleni Islands, 85, 132, Islands & Islands, Europe & Croatia & Dalmatia & Split-Dalmatia County & Hvar Island & Hvar & Things to Do in Hvar, 4.5, 43.159424, 16.41519, 291810493, 20150701, 20150701, 4.0, lavallins, /Profile/lavallins, 305be321dc1485fcbd85c646e00c10c4, /Attraction_Review-g303808-d552466-Reviews-Pakleni_Islands-Hvar_Hvar_Island_Split_Dalmatia_County_Dalmatia.html
Pakleni Islands, 85, 132, Islands & Islands, Europe & Croatia & Dalmatia & Split-Dalmatia County & Hvar Island & Hvar & Things to Do in Hvar, 4.5, 43.159424, 16.41519, 291462049, 20150701, 20150701, 4.0, AnitaRus, /Profile/AnitaRus, b1adc5a64a6dbf9b2d2fbe1990d17e97, /Attraction_Review-g303808-d552466-Reviews-Pakleni_Islands-Hvar_Hvar_Island_Split_Dalmatia_County_Dalmatia.html
Pakleni Islands, 85, 132, Islands & Islands, Europe & Croatia & Dalmatia & Split-Dalmatia County & Hvar Island & Hvar & Things to Do in Hvar, 4.5, 43.159424, 16.41519, 291382716, 20150701, 20150701, 4.0, KarelRus, /Profile/KarelRus, 8be8b41cb872806eaa856e3064d986aa, /Attraction_Review-g303808-d552466-Reviews-Pakleni_Islands-Hvar_Hvar_Island_Split_Dalmatia_County_Dalmatia.html
Pakleni Islands, 85, 132, Islands & Islands, Europe & Croatia & Dalmatia & Split-Dalmatia County & Hvar Island & Hvar & Things to Do in Hvar, 4.5, 43.159424, 16.41519, 290986483, 20150701, 20140801, 5.0, hvar1203, /Profile/hvar1203, a6a93fc55c3507c531f4202b2a0e631c, /Attraction_Review-g303808-d552466-Reviews-Pakleni_Islands-Hvar_Hvar_Island_Split_Dalmatia_County_Dalmatia.html
