review_location_name, review_current_page, review_last_page, review_location_type, review_location_breadcrumbs, review_location_rate, location_lat, location_lng, review_id, review_date, review_experience_date, review_rate, user_name, user_link, user_id, parent_url
Mount Srđ, 99, 133, Mountains & Lookouts & Mountains & Lookouts, Europe & Croatia & Dalmatia & Dubrovnik-Neretva County & Dubrovnik & Things to Do in Dubrovnik, 4.5, 42.64887, 18.11186, 309465320, 20150901, 20150901, 5.0, Jace_disgrace, /Profile/Jace_disgrace, 56cf4a25262553786f12b1a4bcc069de, /Attraction_Review-g295371-d1956597-Reviews-Mount_Srd-Dubrovnik_Dubrovnik_Neretva_County_Dalmatia.html
Mount Srđ, 99, 133, Mountains & Lookouts & Mountains & Lookouts, Europe & Croatia & Dalmatia & Dubrovnik-Neretva County & Dubrovnik & Things to Do in Dubrovnik, 4.5, 42.64887, 18.11186, 309369024, 20150901, 20150901, 5.0, Livibird16, /Profile/Livibird16, bbe41ca1dbb41ce116eac4dbf14d5774, /Attraction_Review-g295371-d1956597-Reviews-Mount_Srd-Dubrovnik_Dubrovnik_Neretva_County_Dalmatia.html
Mount Srđ, 99, 133, Mountains & Lookouts & Mountains & Lookouts, Europe & Croatia & Dalmatia & Dubrovnik-Neretva County & Dubrovnik & Things to Do in Dubrovnik, 4.5, 42.64887, 18.11186, 309305367, 20150901, 20150901, 5.0, PiaSLongwood, /Profile/PiaSLongwood, 66a496206c5860a59021ec2a403a8720, /Attraction_Review-g295371-d1956597-Reviews-Mount_Srd-Dubrovnik_Dubrovnik_Neretva_County_Dalmatia.html
Mount Srđ, 99, 133, Mountains & Lookouts & Mountains & Lookouts, Europe & Croatia & Dalmatia & Dubrovnik-Neretva County & Dubrovnik & Things to Do in Dubrovnik, 4.5, 42.64887, 18.11186, 309216303, 20150901, 20150901, 3.0, andrescordeiro, /Profile/andrescordeiro, b804e1e7812c4c9ba5d5bc83052707a5, /Attraction_Review-g295371-d1956597-Reviews-Mount_Srd-Dubrovnik_Dubrovnik_Neretva_County_Dalmatia.html
Mount Srđ, 99, 133, Mountains & Lookouts & Mountains & Lookouts, Europe & Croatia & Dalmatia & Dubrovnik-Neretva County & Dubrovnik & Things to Do in Dubrovnik, 4.5, 42.64887, 18.11186, 308956696, 20150901, 20150901, 4.0, papaija2008, /Profile/papaija2008, 0716c6d9ba6a2644a50ac6b723f3ff31, /Attraction_Review-g295371-d1956597-Reviews-Mount_Srd-Dubrovnik_Dubrovnik_Neretva_County_Dalmatia.html
