review_location_name, review_current_page, review_last_page, review_location_type, review_location_breadcrumbs, review_location_rate, location_lat, location_lng, review_id, review_date, review_experience_date, review_rate, user_name, user_link, user_id, parent_url
Aquapark Istralandia, 12, 226, Water Parks & Water Parks, Europe & Croatia & Istria & Novigrad & Things to Do in Novigrad, 4.5, 45.346462, 13.616267, 709039587, 20190901, 20190801, 5.0, Nikolina, /Profile/Nikolina28, cf50b1c319c052db5c7f4a7ad90d5e8c, /Attraction_Review-g608708-d5973653-Reviews-Aquapark_Istralandia-Novigrad_Istria.html
Aquapark Istralandia, 12, 226, Water Parks & Water Parks, Europe & Croatia & Istria & Novigrad & Things to Do in Novigrad, 4.5, 45.346462, 13.616267, 708601657, 20190901, 20190801, 5.0, RDZ, /Profile/RDZ1974, 6b536dbb42bf084832d7902faeb97e5c, /Attraction_Review-g608708-d5973653-Reviews-Aquapark_Istralandia-Novigrad_Istria.html
Aquapark Istralandia, 12, 226, Water Parks & Water Parks, Europe & Croatia & Istria & Novigrad & Things to Do in Novigrad, 4.5, 45.346462, 13.616267, 708162536, 20190901, 20190801, 5.0, Ali_and_Andy, /Profile/Ali_and_Andy, 4d06c76009e0d87236d6fded28ec9493, /Attraction_Review-g608708-d5973653-Reviews-Aquapark_Istralandia-Novigrad_Istria.html
Aquapark Istralandia, 12, 226, Water Parks & Water Parks, Europe & Croatia & Istria & Novigrad & Things to Do in Novigrad, 4.5, 45.346462, 13.616267, 707234811, 20190901, 20190901, 5.0, HELENA C, /Profile/348helenac, 4d471d71a88d7d01e5f35b78081b147b, /Attraction_Review-g608708-d5973653-Reviews-Aquapark_Istralandia-Novigrad_Istria.html
Aquapark Istralandia, 12, 226, Water Parks & Water Parks, Europe & Croatia & Istria & Novigrad & Things to Do in Novigrad, 4.5, 45.346462, 13.616267, 706717424, 20190901, 20190701, 5.0, Katarina D, /Profile/599katarinad, 0094750d7cfcb24f77c799bd73128e15, /Attraction_Review-g608708-d5973653-Reviews-Aquapark_Istralandia-Novigrad_Istria.html
