review_location_name, review_current_page, review_last_page, review_location_type, review_location_breadcrumbs, review_location_rate, location_lat, location_lng, review_id, review_date, review_experience_date, review_rate, user_name, user_link, user_id, parent_url
Pakleni Islands, 57, 132, Islands & Islands, Europe & Croatia & Dalmatia & Split-Dalmatia County & Hvar Island & Hvar & Things to Do in Hvar, 4.5, 43.159424, 16.41519, 400118446, 20160801, 20160701, 5.0, Todd, /Profile/TBA0702, bd940146303b0527ea4e2c65c4937fc1, /Attraction_Review-g303808-d552466-Reviews-Pakleni_Islands-Hvar_Hvar_Island_Split_Dalmatia_County_Dalmatia.html
Pakleni Islands, 57, 132, Islands & Islands, Europe & Croatia & Dalmatia & Split-Dalmatia County & Hvar Island & Hvar & Things to Do in Hvar, 4.5, 43.159424, 16.41519, 400035517, 20160801, 20160701, 4.0, DanielClasson, /Profile/DanielClasson, 28c958eb9f1aff687b83c3c511051e3a, /Attraction_Review-g303808-d552466-Reviews-Pakleni_Islands-Hvar_Hvar_Island_Split_Dalmatia_County_Dalmatia.html
Pakleni Islands, 57, 132, Islands & Islands, Europe & Croatia & Dalmatia & Split-Dalmatia County & Hvar Island & Hvar & Things to Do in Hvar, 4.5, 43.159424, 16.41519, 398282913, 20160701, 20160701, 5.0, anjajurgec, /Profile/anjajurgec, 836c4ddf4120ff4709c7e92cd1329beb, /Attraction_Review-g303808-d552466-Reviews-Pakleni_Islands-Hvar_Hvar_Island_Split_Dalmatia_County_Dalmatia.html
Pakleni Islands, 57, 132, Islands & Islands, Europe & Croatia & Dalmatia & Split-Dalmatia County & Hvar Island & Hvar & Things to Do in Hvar, 4.5, 43.159424, 16.41519, 398277795, 20160701, 20160701, 4.0, DAM_209, /Profile/DAM_209, c60b1a776227e8f73083320b05b83bba, /Attraction_Review-g303808-d552466-Reviews-Pakleni_Islands-Hvar_Hvar_Island_Split_Dalmatia_County_Dalmatia.html
Pakleni Islands, 57, 132, Islands & Islands, Europe & Croatia & Dalmatia & Split-Dalmatia County & Hvar Island & Hvar & Things to Do in Hvar, 4.5, 43.159424, 16.41519, 397837616, 20160701, 20160601, 5.0, DreamVacation1108, /Profile/DreamVacation1108, 3eba4a43fb7a55b8aac7807733db73b7, /Attraction_Review-g303808-d552466-Reviews-Pakleni_Islands-Hvar_Hvar_Island_Split_Dalmatia_County_Dalmatia.html
