review_location_name, review_current_page, review_last_page, review_location_type, review_location_breadcrumbs, review_location_rate, location_lat, location_lng, review_id, review_date, review_experience_date, review_rate, user_name, user_link, user_id, parent_url
Amphitheatre de Pula, 106, 474, Ancient Ruins & Ancient Ruins, Europe & Croatia & Istria & Pula & Things to Do in Pula, 4.5, 44.87324, 13.850233, 601839264, 20180801, 20180501, 4.0, Ilovetravelphotos, /Profile/Ilovetravelphotos, 12b6b744f802fa7f2a04d8f6ab40db50, /Attraction_Review-g295373-d550323-Reviews-Amphitheatre_de_Pula-Pula_Istria.html
Amphitheatre de Pula, 106, 474, Ancient Ruins & Ancient Ruins, Europe & Croatia & Istria & Pula & Things to Do in Pula, 4.5, 44.87324, 13.850233, 601831631, 20180801, 20180701, 5.0, barbara_uNovaGorica, /Profile/barbara_uNovaGorica, 1d210981ba543b18493ae6e430684e96, /Attraction_Review-g295373-d550323-Reviews-Amphitheatre_de_Pula-Pula_Istria.html
Amphitheatre de Pula, 106, 474, Ancient Ruins & Ancient Ruins, Europe & Croatia & Istria & Pula & Things to Do in Pula, 4.5, 44.87324, 13.850233, 601819527, 20180801, 20180601, 5.0, Charles B, /Profile/BlackPepperPlease, 57d32bdcad00ce7b442f1a122e7518bf, /Attraction_Review-g295373-d550323-Reviews-Amphitheatre_de_Pula-Pula_Istria.html
Amphitheatre de Pula, 106, 474, Ancient Ruins & Ancient Ruins, Europe & Croatia & Istria & Pula & Things to Do in Pula, 4.5, 44.87324, 13.850233, 601677383, 20180701, 20180801, 4.0, hannahbodily, /Profile/hannahbodily, d136f86dc22c0f027d091ef68840bf9a, /Attraction_Review-g295373-d550323-Reviews-Amphitheatre_de_Pula-Pula_Istria.html
Amphitheatre de Pula, 106, 474, Ancient Ruins & Ancient Ruins, Europe & Croatia & Istria & Pula & Things to Do in Pula, 4.5, 44.87324, 13.850233, 601500112, 20180701, 20180701, 5.0, ahayes15, /Profile/ahayes15, bd64a9c549299944d7d686ee36666500, /Attraction_Review-g295373-d550323-Reviews-Amphitheatre_de_Pula-Pula_Istria.html
