review_location_name, review_current_page, review_last_page, review_location_type, review_location_breadcrumbs, review_location_rate, location_lat, location_lng, review_id, review_date, review_experience_date, review_rate, user_name, user_link, user_id, parent_url
St. Mark's Church (Crkva sv. Marka), 76, 228, Sacred & Religious Sites & Sacred & Religious Sites, Europe & Croatia & Central Croatia & Zagreb & Things to Do in Zagreb, 4.5, 45.81643, 15.97351, 579096610, 20180501, 20180501, 5.0, BBS-274, /Profile/BBS-274, a8836ac237f3eb4384fc0738066f9db1, /Attraction_Review-g294454-d316411-Reviews-St_Mark_s_Church_Crkva_sv_Marka-Zagreb_Central_Croatia.html
St. Mark's Church (Crkva sv. Marka), 76, 228, Sacred & Religious Sites & Sacred & Religious Sites, Europe & Croatia & Central Croatia & Zagreb & Things to Do in Zagreb, 4.5, 45.81643, 15.97351, 579004304, 20180501, 20180401, 5.0, ian_and_rachel, /Profile/ian_and_rachel, 164a19305ae57b4704caeaa15bad97a2, /Attraction_Review-g294454-d316411-Reviews-St_Mark_s_Church_Crkva_sv_Marka-Zagreb_Central_Croatia.html
St. Mark's Church (Crkva sv. Marka), 76, 228, Sacred & Religious Sites & Sacred & Religious Sites, Europe & Croatia & Central Croatia & Zagreb & Things to Do in Zagreb, 4.5, 45.81643, 15.97351, 578113061, 20180501, 20180501, 4.0, Free Spirit, /Profile/AMD391, 7051549f1cf96916c3a3c0b9aea8a214, /Attraction_Review-g294454-d316411-Reviews-St_Mark_s_Church_Crkva_sv_Marka-Zagreb_Central_Croatia.html
St. Mark's Church (Crkva sv. Marka), 76, 228, Sacred & Religious Sites & Sacred & Religious Sites, Europe & Croatia & Central Croatia & Zagreb & Things to Do in Zagreb, 4.5, 45.81643, 15.97351, 577821899, 20180501, 20180501, 5.0, Chris, /Profile/b1b1b0, 8e53e12e675e11fb99f2ab2fc2617543, /Attraction_Review-g294454-d316411-Reviews-St_Mark_s_Church_Crkva_sv_Marka-Zagreb_Central_Croatia.html
St. Mark's Church (Crkva sv. Marka), 76, 228, Sacred & Religious Sites & Sacred & Religious Sites, Europe & Croatia & Central Croatia & Zagreb & Things to Do in Zagreb, 4.5, 45.81643, 15.97351, 577294501, 20180501, 20180401, 5.0, Maari100, /Profile/Maari100, 25057db9157d0a08ae6d6597fef6c50e, /Attraction_Review-g294454-d316411-Reviews-St_Mark_s_Church_Crkva_sv_Marka-Zagreb_Central_Croatia.html
