review_location_name, review_current_page, review_last_page, review_location_type, review_location_breadcrumbs, review_location_rate, location_lat, location_lng, review_id, review_date, review_experience_date, review_rate, user_name, user_link, user_id, parent_url
Pile Gate, 234, 314, Points of Interest & Landmarks & Points of Interest & Landmarks, Europe & Croatia & Dalmatia & Dubrovnik-Neretva County & Dubrovnik & Things to Do in Dubrovnik, 4.0, 42.64173, 18.10673, 296329635, 20150801, 20150601, 5.0, rongie007, /Profile/rongie007, fab23eb6bfa7871bc681d795c3326d1d, /Attraction_Review-g295371-d550296-Reviews-Pile_Gate-Dubrovnik_Dubrovnik_Neretva_County_Dalmatia.html
Pile Gate, 234, 314, Points of Interest & Landmarks & Points of Interest & Landmarks, Europe & Croatia & Dalmatia & Dubrovnik-Neretva County & Dubrovnik & Things to Do in Dubrovnik, 4.0, 42.64173, 18.10673, 295952224, 20150801, 20150601, 4.0, Keira P, /Profile/keirap2015, 64a92fbedf632d1e08daade3cd99de91, /Attraction_Review-g295371-d550296-Reviews-Pile_Gate-Dubrovnik_Dubrovnik_Neretva_County_Dalmatia.html
Pile Gate, 234, 314, Points of Interest & Landmarks & Points of Interest & Landmarks, Europe & Croatia & Dalmatia & Dubrovnik-Neretva County & Dubrovnik & Things to Do in Dubrovnik, 4.0, 42.64173, 18.10673, 295913812, 20150801, 20150701, 5.0, HolidayGirl1313, /Profile/HolidayGirl1313, 48919e63c9395937569f519bf7f93a46, /Attraction_Review-g295371-d550296-Reviews-Pile_Gate-Dubrovnik_Dubrovnik_Neretva_County_Dalmatia.html
Pile Gate, 234, 314, Points of Interest & Landmarks & Points of Interest & Landmarks, Europe & Croatia & Dalmatia & Dubrovnik-Neretva County & Dubrovnik & Things to Do in Dubrovnik, 4.0, 42.64173, 18.10673, 295458289, 20150801, 20150801, 4.0, Rokerroar66, /Profile/Rokerroar66, 76bb0c6b94d3b7298622bd60489abaeb, /Attraction_Review-g295371-d550296-Reviews-Pile_Gate-Dubrovnik_Dubrovnik_Neretva_County_Dalmatia.html
Pile Gate, 234, 314, Points of Interest & Landmarks & Points of Interest & Landmarks, Europe & Croatia & Dalmatia & Dubrovnik-Neretva County & Dubrovnik & Things to Do in Dubrovnik, 4.0, 42.64173, 18.10673, 295192995, 20150801, 20150701, 4.0, MilkyBarKidd, /Profile/MilkyBarKidd, ed54a4c031ce08d2fb61f0d33c9db685, /Attraction_Review-g295371-d550296-Reviews-Pile_Gate-Dubrovnik_Dubrovnik_Neretva_County_Dalmatia.html
