review_location_name, review_current_page, review_last_page, review_location_type, review_location_breadcrumbs, review_location_rate, location_lat, location_lng, review_id, review_date, review_experience_date, review_rate, user_name, user_link, user_id, parent_url
Eastern (Silver) Gate, 11, 20, Points of Interest & Landmarks & Points of Interest & Landmarks, Europe & Croatia & Dalmatia & Split-Dalmatia County & Split & Things to Do in Split, 4.0, 43.50802, 16.44004, 480282948, 20170401, 20170401, 3.0, idaho92, /Profile/idaho92, f4f1790a1b0abbed52fed0fb274895cf, /Attraction_Review-g295370-d550474-Reviews-Eastern_Silver_Gate-Split_Split_Dalmatia_County_Dalmatia.html
Eastern (Silver) Gate, 11, 20, Points of Interest & Landmarks & Points of Interest & Landmarks, Europe & Croatia & Dalmatia & Split-Dalmatia County & Split & Things to Do in Split, 4.0, 43.50802, 16.44004, 476553404, 20170401, 20170401, 4.0, mjrg59, /Profile/mjrg59, 2e08758674fee84b2bdd55a49bb29e50, /Attraction_Review-g295370-d550474-Reviews-Eastern_Silver_Gate-Split_Split_Dalmatia_County_Dalmatia.html
Eastern (Silver) Gate, 11, 20, Points of Interest & Landmarks & Points of Interest & Landmarks, Europe & Croatia & Dalmatia & Split-Dalmatia County & Split & Things to Do in Split, 4.0, 43.50802, 16.44004, 476217088, 20170401, 20170401, 4.0, Sula, /Profile/sushiDarmstadt, 071498558427ef9651df1147f4884cd4, /Attraction_Review-g295370-d550474-Reviews-Eastern_Silver_Gate-Split_Split_Dalmatia_County_Dalmatia.html
Eastern (Silver) Gate, 11, 20, Points of Interest & Landmarks & Points of Interest & Landmarks, Europe & Croatia & Dalmatia & Split-Dalmatia County & Split & Things to Do in Split, 4.0, 43.50802, 16.44004, 441468057, 20161201, 20161101, 4.0, Jedai79, /Profile/Jedai79, aac3002c8c09bdd132bed745b1c1c268, /Attraction_Review-g295370-d550474-Reviews-Eastern_Silver_Gate-Split_Split_Dalmatia_County_Dalmatia.html
Eastern (Silver) Gate, 11, 20, Points of Interest & Landmarks & Points of Interest & Landmarks, Europe & Croatia & Dalmatia & Split-Dalmatia County & Split & Things to Do in Split, 4.0, 43.50802, 16.44004, 437359209, 20161101, 20161001, 5.0, Andy6591, /Profile/Andy6591, e8da99a88af4f65e74872b728a16c594, /Attraction_Review-g295370-d550474-Reviews-Eastern_Silver_Gate-Split_Split_Dalmatia_County_Dalmatia.html
