review_location_name, review_current_page, review_last_page, review_location_type, review_location_breadcrumbs, review_location_rate, location_lat, location_lng, review_id, review_date, review_experience_date, review_rate, user_name, user_link, user_id, parent_url
Amphitheatre de Pula, 88, 474, Ancient Ruins & Ancient Ruins, Europe & Croatia & Istria & Pula & Things to Do in Pula, 4.5, 44.87324, 13.850233, 614773197, 20180901, 20180901, 2.0, natalielaturno, /Profile/natalielaturno, 4b78d48fabad3287ee03dfa84dcdffb4, /Attraction_Review-g295373-d550323-Reviews-Amphitheatre_de_Pula-Pula_Istria.html
Amphitheatre de Pula, 88, 474, Ancient Ruins & Ancient Ruins, Europe & Croatia & Istria & Pula & Things to Do in Pula, 4.5, 44.87324, 13.850233, 614675228, 20180901, 20180901, 3.0, KarinvdK, /Profile/KarinvdK, 4e8ea29748266ba223b7d88be8711a07, /Attraction_Review-g295373-d550323-Reviews-Amphitheatre_de_Pula-Pula_Istria.html
Amphitheatre de Pula, 88, 474, Ancient Ruins & Ancient Ruins, Europe & Croatia & Istria & Pula & Things to Do in Pula, 4.5, 44.87324, 13.850233, 614610271, 20180901, 20180901, 4.0, stevejackson375, /Profile/stevejackson375, a2cc060e893a1f51cab355055a385028, /Attraction_Review-g295373-d550323-Reviews-Amphitheatre_de_Pula-Pula_Istria.html
Amphitheatre de Pula, 88, 474, Ancient Ruins & Ancient Ruins, Europe & Croatia & Istria & Pula & Things to Do in Pula, 4.5, 44.87324, 13.850233, 614362008, 20180901, 20180901, 4.0, generator5000, /Profile/generator5000, 96c7c733097ff6479e8e401add7314a0, /Attraction_Review-g295373-d550323-Reviews-Amphitheatre_de_Pula-Pula_Istria.html
Amphitheatre de Pula, 88, 474, Ancient Ruins & Ancient Ruins, Europe & Croatia & Istria & Pula & Things to Do in Pula, 4.5, 44.87324, 13.850233, 614275801, 20180901, 20180501, 5.0, Peter K, /Profile/PeterK711, d5ef377c9e570b43e23763be519490d6, /Attraction_Review-g295373-d550323-Reviews-Amphitheatre_de_Pula-Pula_Istria.html
