review_location_name, review_current_page, review_last_page, review_location_type, review_location_breadcrumbs, review_location_rate, location_lat, location_lng, review_id, review_date, review_experience_date, review_rate, user_name, user_link, user_id, parent_url
Lapad Beach, 12, 49, Beaches & Beaches, Europe & Croatia & Dalmatia & Dubrovnik-Neretva County & Dubrovnik & Things to Do in Dubrovnik, 3.5, 42.656, 18.07047, 523073877, 20170901, 20170901, 5.0, Rachael B, /Profile/Barnesyr, 7261008996b4e9e0b6b93741a2f8136f, /Attraction_Review-g295371-d3380542-Reviews-Lapad_Beach-Dubrovnik_Dubrovnik_Neretva_County_Dalmatia.html
Lapad Beach, 12, 49, Beaches & Beaches, Europe & Croatia & Dalmatia & Dubrovnik-Neretva County & Dubrovnik & Things to Do in Dubrovnik, 3.5, 42.656, 18.07047, 522515997, 20170901, 20170901, 4.0, LesJay, /Profile/LesJay, 0ae4f81a3d08f3e3900e9c1c4a59d370, /Attraction_Review-g295371-d3380542-Reviews-Lapad_Beach-Dubrovnik_Dubrovnik_Neretva_County_Dalmatia.html
Lapad Beach, 12, 49, Beaches & Beaches, Europe & Croatia & Dalmatia & Dubrovnik-Neretva County & Dubrovnik & Things to Do in Dubrovnik, 3.5, 42.656, 18.07047, 520084205, 20170801, 20170801, 2.0, John G, /Profile/923JohnG, e631c79ec27c1a0e21de46e2e21dda94, /Attraction_Review-g295371-d3380542-Reviews-Lapad_Beach-Dubrovnik_Dubrovnik_Neretva_County_Dalmatia.html
Lapad Beach, 12, 49, Beaches & Beaches, Europe & Croatia & Dalmatia & Dubrovnik-Neretva County & Dubrovnik & Things to Do in Dubrovnik, 3.5, 42.656, 18.07047, 519770270, 20170801, 20170801, 5.0, joshr772015, /Profile/joshr772015, e65d180e034ca82c4dbb73b5b0ceb25e, /Attraction_Review-g295371-d3380542-Reviews-Lapad_Beach-Dubrovnik_Dubrovnik_Neretva_County_Dalmatia.html
Lapad Beach, 12, 49, Beaches & Beaches, Europe & Croatia & Dalmatia & Dubrovnik-Neretva County & Dubrovnik & Things to Do in Dubrovnik, 3.5, 42.656, 18.07047, 518884269, 20170801, 20170801, 4.0, lingling j, /Profile/444linglingj, 94c8a9ee75efa5d3c0bc28bb823ac4ee, /Attraction_Review-g295371-d3380542-Reviews-Lapad_Beach-Dubrovnik_Dubrovnik_Neretva_County_Dalmatia.html
