review_location_name, review_current_page, review_last_page, review_location_type, review_location_breadcrumbs, review_location_rate, location_lat, location_lng, review_id, review_date, review_experience_date, review_rate, user_name, user_link, user_id, parent_url
Pile Gate, 54, 314, Points of Interest & Landmarks & Points of Interest & Landmarks, Europe & Croatia & Dalmatia & Dubrovnik-Neretva County & Dubrovnik & Things to Do in Dubrovnik, 4.0, 42.64173, 18.10673, 621071904, 20181001, 20181001, 3.0, traaveller1, /Profile/traaveller1, 01aa2bf6c7cd915a4417d305daf59af8, /Attraction_Review-g295371-d550296-Reviews-Pile_Gate-Dubrovnik_Dubrovnik_Neretva_County_Dalmatia.html
Pile Gate, 54, 314, Points of Interest & Landmarks & Points of Interest & Landmarks, Europe & Croatia & Dalmatia & Dubrovnik-Neretva County & Dubrovnik & Things to Do in Dubrovnik, 4.0, 42.64173, 18.10673, 620823491, 20180901, 20180901, 4.0, Debbie S, /Profile/Sm0, ccd86a49de64db0dc0f02299cfb982b8, /Attraction_Review-g295371-d550296-Reviews-Pile_Gate-Dubrovnik_Dubrovnik_Neretva_County_Dalmatia.html
Pile Gate, 54, 314, Points of Interest & Landmarks & Points of Interest & Landmarks, Europe & Croatia & Dalmatia & Dubrovnik-Neretva County & Dubrovnik & Things to Do in Dubrovnik, 4.0, 42.64173, 18.10673, 620669013, 20180901, 20180901, 3.0, grommit35, /Profile/grommit35, 4e45ed2e6730662d82c55c9bf0ff3129, /Attraction_Review-g295371-d550296-Reviews-Pile_Gate-Dubrovnik_Dubrovnik_Neretva_County_Dalmatia.html
Pile Gate, 54, 314, Points of Interest & Landmarks & Points of Interest & Landmarks, Europe & Croatia & Dalmatia & Dubrovnik-Neretva County & Dubrovnik & Things to Do in Dubrovnik, 4.0, 42.64173, 18.10673, 620409892, 20180901, 20180901, 3.0, Ken M, /Profile/270KenM, 6cbd9d936eaa3ad6c8f3efc9023d1f8e, /Attraction_Review-g295371-d550296-Reviews-Pile_Gate-Dubrovnik_Dubrovnik_Neretva_County_Dalmatia.html
Pile Gate, 54, 314, Points of Interest & Landmarks & Points of Interest & Landmarks, Europe & Croatia & Dalmatia & Dubrovnik-Neretva County & Dubrovnik & Things to Do in Dubrovnik, 4.0, 42.64173, 18.10673, 620198660, 20180901, 20180901, 3.0, Irish Pete, /Profile/irish_pete_222, d30ad295be07ba7c7200ca15ef97da75, /Attraction_Review-g295371-d550296-Reviews-Pile_Gate-Dubrovnik_Dubrovnik_Neretva_County_Dalmatia.html
