review_location_name, review_current_page, review_last_page, review_location_type, review_location_breadcrumbs, review_location_rate, location_lat, location_lng, review_id, review_date, review_experience_date, review_rate, user_name, user_link, user_id, parent_url
Walls of Dubrovnik, 658, 3165, Historic Sites & Historic Walking Areas & Historic Sites & Historic Walking Areas, Europe & Croatia & Dalmatia & Dubrovnik-Neretva County & Dubrovnik & Things to Do in Dubrovnik, 4.5, 42.64174, 18.10734, 536021195, 20171001, 20171001, 5.0, JKL_YYC, /Profile/JKL_YYC, c960a2148eaba0acf121d556f88d358f, /Attraction_Review-g295371-d522915-Reviews-Walls_of_Dubrovnik-Dubrovnik_Dubrovnik_Neretva_County_Dalmatia.html
Walls of Dubrovnik, 658, 3165, Historic Sites & Historic Walking Areas & Historic Sites & Historic Walking Areas, Europe & Croatia & Dalmatia & Dubrovnik-Neretva County & Dubrovnik & Things to Do in Dubrovnik, 4.5, 42.64174, 18.10734, 535993191, 20171001, 20171001, 5.0, sacfly1, /Profile/sacfly1, 1151edb627dd33e6162231ffcf484f67, /Attraction_Review-g295371-d522915-Reviews-Walls_of_Dubrovnik-Dubrovnik_Dubrovnik_Neretva_County_Dalmatia.html
Walls of Dubrovnik, 658, 3165, Historic Sites & Historic Walking Areas & Historic Sites & Historic Walking Areas, Europe & Croatia & Dalmatia & Dubrovnik-Neretva County & Dubrovnik & Things to Do in Dubrovnik, 4.5, 42.64174, 18.10734, 535979927, 20171001, 20171001, 4.0, Niall S, /Profile/NiallS365, 2f5d7fc2f275994269e870b92db25e76, /Attraction_Review-g295371-d522915-Reviews-Walls_of_Dubrovnik-Dubrovnik_Dubrovnik_Neretva_County_Dalmatia.html
Walls of Dubrovnik, 658, 3165, Historic Sites & Historic Walking Areas & Historic Sites & Historic Walking Areas, Europe & Croatia & Dalmatia & Dubrovnik-Neretva County & Dubrovnik & Things to Do in Dubrovnik, 4.5, 42.64174, 18.10734, 535949570, 20171001, 20171001, 5.0, Austin T, /Profile/75austint, 4971b21a643bbaa5ea1a5724fa83f68b, /Attraction_Review-g295371-d522915-Reviews-Walls_of_Dubrovnik-Dubrovnik_Dubrovnik_Neretva_County_Dalmatia.html
Walls of Dubrovnik, 658, 3165, Historic Sites & Historic Walking Areas & Historic Sites & Historic Walking Areas, Europe & Croatia & Dalmatia & Dubrovnik-Neretva County & Dubrovnik & Things to Do in Dubrovnik, 4.5, 42.64174, 18.10734, 535929730, 20171001, 20171001, 5.0, Jon L, /Profile/172jonl, e63d71e3ab5f5f38a4f998b13b6b9064, /Attraction_Review-g295371-d522915-Reviews-Walls_of_Dubrovnik-Dubrovnik_Dubrovnik_Neretva_County_Dalmatia.html
