review_location_name, review_current_page, review_last_page, review_location_type, review_location_breadcrumbs, review_location_rate, location_lat, location_lng, review_id, review_date, review_experience_date, review_rate, user_name, user_link, user_id, parent_url
Hilltop 15th Century Church of St. George in Old Town Primosten, 4, 17, Points of Interest & Landmarks & Churches & Cathedrals & Points of Interest & Landmarks & Churches & Cathedrals, Europe & Croatia & Dalmatia & Sibenik-Knin County & Primosten & Things to Do in Primosten, 4.5, 43.584717, 15.920054, 621466945, 20181001, 20180301, 5.0, Jasna N, /Profile/jasnan105, 4fabb0401d1d0278c178bb55adc43854, /Attraction_Review-g787974-d5529967-Reviews-Hilltop_15th_Century_Church_of_St_George_in_Old_Town_Primosten-Primosten_Sibenik_.html
Hilltop 15th Century Church of St. George in Old Town Primosten, 4, 17, Points of Interest & Landmarks & Churches & Cathedrals & Points of Interest & Landmarks & Churches & Cathedrals, Europe & Croatia & Dalmatia & Sibenik-Knin County & Primosten & Things to Do in Primosten, 4.5, 43.584717, 15.920054, 619881786, 20180901, 20180801, 3.0, gordonj258, /Profile/gordonj258, 5feb96a48bb9bdd31657018c3e830586, /Attraction_Review-g787974-d5529967-Reviews-Hilltop_15th_Century_Church_of_St_George_in_Old_Town_Primosten-Primosten_Sibenik_.html
Hilltop 15th Century Church of St. George in Old Town Primosten, 4, 17, Points of Interest & Landmarks & Churches & Cathedrals & Points of Interest & Landmarks & Churches & Cathedrals, Europe & Croatia & Dalmatia & Sibenik-Knin County & Primosten & Things to Do in Primosten, 4.5, 43.584717, 15.920054, 610471491, 20180801, 20180801, 4.0, inapfusi, /Profile/inapfusi, b1dfb0fe16775643a8601733ba8d07e3, /Attraction_Review-g787974-d5529967-Reviews-Hilltop_15th_Century_Church_of_St_George_in_Old_Town_Primosten-Primosten_Sibenik_.html
Hilltop 15th Century Church of St. George in Old Town Primosten, 4, 17, Points of Interest & Landmarks & Churches & Cathedrals & Points of Interest & Landmarks & Churches & Cathedrals, Europe & Croatia & Dalmatia & Sibenik-Knin County & Primosten & Things to Do in Primosten, 4.5, 43.584717, 15.920054, 607054789, 20180801, 20180801, 5.0, MarcinWrocPL, /Profile/MarcinWrocPL, d348751950cd8ce1eb57d5320fd10919, /Attraction_Review-g787974-d5529967-Reviews-Hilltop_15th_Century_Church_of_St_George_in_Old_Town_Primosten-Primosten_Sibenik_.html
Hilltop 15th Century Church of St. George in Old Town Primosten, 4, 17, Points of Interest & Landmarks & Churches & Cathedrals & Points of Interest & Landmarks & Churches & Cathedrals, Europe & Croatia & Dalmatia & Sibenik-Knin County & Primosten & Things to Do in Primosten, 4.5, 43.584717, 15.920054, 605880472, 20180801, 20180801, 4.0, alanmair63, /Profile/alanmair63, 3f33e111125f34e6f590a3fa29419802, /Attraction_Review-g787974-d5529967-Reviews-Hilltop_15th_Century_Church_of_St_George_in_Old_Town_Primosten-Primosten_Sibenik_.html
