review_location_name, review_current_page, review_last_page, review_location_type, review_location_breadcrumbs, review_location_rate, location_lat, location_lng, review_id, review_date, review_experience_date, review_rate, user_name, user_link, user_id, parent_url
Bedalov Winery, 3, 2, Wineries & Vineyards & Wineries & Vineyards, Europe & Croatia & Dalmatia & Split-Dalmatia County & Kastela & Kastel Kambelovac & Things to Do in Kastel Kambelovac, 5.0, 43.548927, 16.381128, 274890540, 20150501, 20150501, 5.0, Blaine H, /Profile/752blaineh, 4f31c9063c76fc1d668b2f8354ecae72, /Attraction_Review-g1937951-d6412448-Reviews-Bedalov_Winery-Kastel_Kambelovac_Kastela_Split_Dalmatia_County_Dalmatia.html
Bedalov Winery, 3, 2, Wineries & Vineyards & Wineries & Vineyards, Europe & Croatia & Dalmatia & Split-Dalmatia County & Kastela & Kastel Kambelovac & Things to Do in Kastel Kambelovac, 5.0, 43.548927, 16.381128, 274053555, 20150501, 20150501, 5.0, karin b, /Profile/karinb478, c5247cb91eb9e9687012d04e4b0f4550, /Attraction_Review-g1937951-d6412448-Reviews-Bedalov_Winery-Kastel_Kambelovac_Kastela_Split_Dalmatia_County_Dalmatia.html
Bedalov Winery, 3, 2, Wineries & Vineyards & Wineries & Vineyards, Europe & Croatia & Dalmatia & Split-Dalmatia County & Kastela & Kastel Kambelovac & Things to Do in Kastel Kambelovac, 5.0, 43.548927, 16.381128, 267304559, 20150401, 20140901, 4.0, jaqueline S, /Profile/JaqSe, 788a12372f2b32ccc7b28dfc0635dcad, /Attraction_Review-g1937951-d6412448-Reviews-Bedalov_Winery-Kastel_Kambelovac_Kastela_Split_Dalmatia_County_Dalmatia.html
Bedalov Winery, 3, 2, Wineries & Vineyards & Wineries & Vineyards, Europe & Croatia & Dalmatia & Split-Dalmatia County & Kastela & Kastel Kambelovac & Things to Do in Kastel Kambelovac, 5.0, 43.548927, 16.381128, 200444735, 20140401, 20131001, 5.0, Nikola M, /Profile/nikolam2, a569113059b4c3a878cf0c4078e2c1cf, /Attraction_Review-g1937951-d6412448-Reviews-Bedalov_Winery-Kastel_Kambelovac_Kastela_Split_Dalmatia_County_Dalmatia.html
Bedalov Winery, 3, 2, Wineries & Vineyards & Wineries & Vineyards, Europe & Croatia & Dalmatia & Split-Dalmatia County & Kastela & Kastel Kambelovac & Things to Do in Kastel Kambelovac, 5.0, 43.548927, 16.381128, 197382064, 20140301, 20130901, 5.0, VanjaPB, /Profile/VanjaPB, dc772d48799b14f440fd23c7bead9db8, /Attraction_Review-g1937951-d6412448-Reviews-Bedalov_Winery-Kastel_Kambelovac_Kastela_Split_Dalmatia_County_Dalmatia.html
