review_location_name, review_current_page, review_last_page, review_location_type, review_location_breadcrumbs, review_location_rate, location_lat, location_lng, review_id, review_date, review_experience_date, review_rate, user_name, user_link, user_id, parent_url
Church of Our Lady of the Snow, 30, 34, Churches & Cathedrals & Churches & Cathedrals, Europe & Croatia & Dalmatia & Dubrovnik-Neretva County & Konavle & Cavtat & Things to Do in Cavtat, 4.0, 42.58444, 18.21515, 233906799, 20141001, 20140901, 4.0, LeslieH7662, /Profile/LeslieH7662, b06a5962710ea1448ccf1268d1d23208, /Attraction_Review-g303804-d4222744-Reviews-Church_of_Our_Lady_of_the_Snow-Cavtat_Konavle_Dubrovnik_Neretva_County_Dalmatia.html
Church of Our Lady of the Snow, 30, 34, Churches & Cathedrals & Churches & Cathedrals, Europe & Croatia & Dalmatia & Dubrovnik-Neretva County & Konavle & Cavtat & Things to Do in Cavtat, 4.0, 42.58444, 18.21515, 231783294, 20140901, 20140701, 4.0, SpikeSeasider50, /Profile/SpikeSeasider50, b618a73687ce4ed1321ba12a00392b86, /Attraction_Review-g303804-d4222744-Reviews-Church_of_Our_Lady_of_the_Snow-Cavtat_Konavle_Dubrovnik_Neretva_County_Dalmatia.html
Church of Our Lady of the Snow, 30, 34, Churches & Cathedrals & Churches & Cathedrals, Europe & Croatia & Dalmatia & Dubrovnik-Neretva County & Konavle & Cavtat & Things to Do in Cavtat, 4.0, 42.58444, 18.21515, 231198714, 20140901, 20140901, 4.0, Anne M, /Profile/SheffieldHazlenut, 9537d863a3a7333f8ab71946182a72e6, /Attraction_Review-g303804-d4222744-Reviews-Church_of_Our_Lady_of_the_Snow-Cavtat_Konavle_Dubrovnik_Neretva_County_Dalmatia.html
Church of Our Lady of the Snow, 30, 34, Churches & Cathedrals & Churches & Cathedrals, Europe & Croatia & Dalmatia & Dubrovnik-Neretva County & Konavle & Cavtat & Things to Do in Cavtat, 4.0, 42.58444, 18.21515, 231088538, 20140901, 20140901, 5.0, navangirl86, /Profile/navangirl86, dfb47a288e16a22c1716656868fcc5f6, /Attraction_Review-g303804-d4222744-Reviews-Church_of_Our_Lady_of_the_Snow-Cavtat_Konavle_Dubrovnik_Neretva_County_Dalmatia.html
Church of Our Lady of the Snow, 30, 34, Churches & Cathedrals & Churches & Cathedrals, Europe & Croatia & Dalmatia & Dubrovnik-Neretva County & Konavle & Cavtat & Things to Do in Cavtat, 4.0, 42.58444, 18.21515, 230595967, 20140901, 20140801, 5.0, gazmaz25, /Profile/gazmaz25, f008b08e89f0f94c76dd0edeca1e5c8f, /Attraction_Review-g303804-d4222744-Reviews-Church_of_Our_Lady_of_the_Snow-Cavtat_Konavle_Dubrovnik_Neretva_County_Dalmatia.html
