review_location_name, review_current_page, review_last_page, review_location_type, review_location_breadcrumbs, review_location_rate, location_lat, location_lng, review_id, review_date, review_experience_date, review_rate, user_name, user_link, user_id, parent_url
Plitvice Lakes National Park, 935, 1391, National Parks & National Parks, Europe & Croatia & Central Croatia & Plitvice Lakes National Park & Things to Do in Plitvice Lakes National Park, 4.5, 44.883595, 15.618849, 303020800, 20150801, 20150801, 5.0, Andrei C, /Profile/781andreic, bc6089f02d521c01cdebeb460d61fed1, /Attraction_Review-g303827-d554038-Reviews-Plitvice_Lakes_National_Park-Plitvice_Lakes_National_Park_Central_Croatia.html
Plitvice Lakes National Park, 935, 1391, National Parks & National Parks, Europe & Croatia & Central Croatia & Plitvice Lakes National Park & Things to Do in Plitvice Lakes National Park, 4.5, 44.883595, 15.618849, 302996891, 20150801, 20150801, 3.0, Ieva D, /Profile/ievad2015, 0c0ccd2a52452fcffe64ef6c59deed4c, /Attraction_Review-g303827-d554038-Reviews-Plitvice_Lakes_National_Park-Plitvice_Lakes_National_Park_Central_Croatia.html
Plitvice Lakes National Park, 935, 1391, National Parks & National Parks, Europe & Croatia & Central Croatia & Plitvice Lakes National Park & Things to Do in Plitvice Lakes National Park, 4.5, 44.883595, 15.618849, 302985331, 20150801, 20150801, 3.0, Cuki A, /Profile/cukib2015, ecfe97cb69f8622afa6fe311b77dbfc4, /Attraction_Review-g303827-d554038-Reviews-Plitvice_Lakes_National_Park-Plitvice_Lakes_National_Park_Central_Croatia.html
Plitvice Lakes National Park, 935, 1391, National Parks & National Parks, Europe & Croatia & Central Croatia & Plitvice Lakes National Park & Things to Do in Plitvice Lakes National Park, 4.5, 44.883595, 15.618849, 302780655, 20150801, 20150801, 5.0, Anda P, /Profile/andap979, 8381e6f53a4e7369e1c86eaee3702848, /Attraction_Review-g303827-d554038-Reviews-Plitvice_Lakes_National_Park-Plitvice_Lakes_National_Park_Central_Croatia.html
Plitvice Lakes National Park, 935, 1391, National Parks & National Parks, Europe & Croatia & Central Croatia & Plitvice Lakes National Park & Things to Do in Plitvice Lakes National Park, 4.5, 44.883595, 15.618849, 302747602, 20150801, 20150601, 5.0, Tine1980, /Profile/Tine1980, 036ef6609964ade298a97a77eec2bfd5, /Attraction_Review-g303827-d554038-Reviews-Plitvice_Lakes_National_Park-Plitvice_Lakes_National_Park_Central_Croatia.html
