review_location_name, review_current_page, review_last_page, review_location_type, review_location_breadcrumbs, review_location_rate, location_lat, location_lng, review_id, review_date, review_experience_date, review_rate, user_name, user_link, user_id, parent_url
The Cathedral of St James in Sibenik, 32, 86, Historic Sites & Churches & Cathedrals & Historic Sites & Churches & Cathedrals, Europe & Croatia & Dalmatia & Sibenik-Knin County & Sibenik & Things to Do in Sibenik, 4.0, 43.73565, 15.88959, 538981335, 20171101, 20170801, 5.0, Antonella G, /Profile/941antonellag, 5513a767a9891f3b13cbfe6226103455, /Attraction_Review-g295375-d319597-Reviews-The_Cathedral_of_St_James_in_Sibenik-Sibenik_Sibenik_Knin_County_Dalmatia.html
The Cathedral of St James in Sibenik, 32, 86, Historic Sites & Churches & Cathedrals & Historic Sites & Churches & Cathedrals, Europe & Croatia & Dalmatia & Sibenik-Knin County & Sibenik & Things to Do in Sibenik, 4.0, 43.73565, 15.88959, 538212683, 20171101, 20171001, 5.0, IsabellaSRome, /Profile/IsabellaSRome, 11c3b50a7ba626c4ba8bf366f4b21405, /Attraction_Review-g295375-d319597-Reviews-The_Cathedral_of_St_James_in_Sibenik-Sibenik_Sibenik_Knin_County_Dalmatia.html
The Cathedral of St James in Sibenik, 32, 86, Historic Sites & Churches & Cathedrals & Historic Sites & Churches & Cathedrals, Europe & Croatia & Dalmatia & Sibenik-Knin County & Sibenik & Things to Do in Sibenik, 4.0, 43.73565, 15.88959, 535305075, 20171001, 20170701, 5.0, Emil F, /Profile/240emilf, 4b470cb459d5525f929749035b796d65, /Attraction_Review-g295375-d319597-Reviews-The_Cathedral_of_St_James_in_Sibenik-Sibenik_Sibenik_Knin_County_Dalmatia.html
The Cathedral of St James in Sibenik, 32, 86, Historic Sites & Churches & Cathedrals & Historic Sites & Churches & Cathedrals, Europe & Croatia & Dalmatia & Sibenik-Knin County & Sibenik & Things to Do in Sibenik, 4.0, 43.73565, 15.88959, 535095465, 20171001, 20171001, 5.0, RichardBuckley1949, /Profile/RichardBuckley1949, 00d06188d8f9fece4e21a00ea0475335, /Attraction_Review-g295375-d319597-Reviews-The_Cathedral_of_St_James_in_Sibenik-Sibenik_Sibenik_Knin_County_Dalmatia.html
The Cathedral of St James in Sibenik, 32, 86, Historic Sites & Churches & Cathedrals & Historic Sites & Churches & Cathedrals, Europe & Croatia & Dalmatia & Sibenik-Knin County & Sibenik & Things to Do in Sibenik, 4.0, 43.73565, 15.88959, 534212647, 20171001, 20170901, 5.0, 424TarikFX🇧🇦, /Profile/424tarikfx, c9249861cecde23bd2174fc89d95f995, /Attraction_Review-g295375-d319597-Reviews-The_Cathedral_of_St_James_in_Sibenik-Sibenik_Sibenik_Knin_County_Dalmatia.html
