review_location_name, review_current_page, review_last_page, review_location_type, review_location_breadcrumbs, review_location_rate, location_lat, location_lng, review_id, review_date, review_experience_date, review_rate, user_name, user_link, user_id, parent_url
Stradun, 181, 278, Points of Interest & Landmarks & Historic Walking Areas & Points of Interest & Landmarks & Historic Walking Areas, Europe & Croatia & Dalmatia & Dubrovnik-Neretva County & Dubrovnik & Things to Do in Dubrovnik, 4.5, 42.64137, 18.10891, 311041291, 20150901, 20150901, 4.0, Moses P, /Profile/mosesp305, cd2e3a3230d627db36cf69ea104a4763, /Attraction_Review-g295371-d550238-Reviews-Stradun-Dubrovnik_Dubrovnik_Neretva_County_Dalmatia.html
Stradun, 181, 278, Points of Interest & Landmarks & Historic Walking Areas & Points of Interest & Landmarks & Historic Walking Areas, Europe & Croatia & Dalmatia & Dubrovnik-Neretva County & Dubrovnik & Things to Do in Dubrovnik, 4.5, 42.64137, 18.10891, 311004427, 20150901, 20150901, 4.0, Russ O, /Profile/russo219, 2ad6dc6ac93adfe7b1d06f8be0923a78, /Attraction_Review-g295371-d550238-Reviews-Stradun-Dubrovnik_Dubrovnik_Neretva_County_Dalmatia.html
Stradun, 181, 278, Points of Interest & Landmarks & Historic Walking Areas & Points of Interest & Landmarks & Historic Walking Areas, Europe & Croatia & Dalmatia & Dubrovnik-Neretva County & Dubrovnik & Things to Do in Dubrovnik, 4.5, 42.64137, 18.10891, 310461604, 20150901, 20150901, 4.0, Florida3034, /Profile/Florida3034, 348b13a365195f7e554a50ac4d6db505, /Attraction_Review-g295371-d550238-Reviews-Stradun-Dubrovnik_Dubrovnik_Neretva_County_Dalmatia.html
Stradun, 181, 278, Points of Interest & Landmarks & Historic Walking Areas & Points of Interest & Landmarks & Historic Walking Areas, Europe & Croatia & Dalmatia & Dubrovnik-Neretva County & Dubrovnik & Things to Do in Dubrovnik, 4.5, 42.64137, 18.10891, 310253503, 20150901, 20150801, 5.0, sarah m, /Profile/sarahmA5915KY, 320fd21881af79006c7b7e534e068389, /Attraction_Review-g295371-d550238-Reviews-Stradun-Dubrovnik_Dubrovnik_Neretva_County_Dalmatia.html
Stradun, 181, 278, Points of Interest & Landmarks & Historic Walking Areas & Points of Interest & Landmarks & Historic Walking Areas, Europe & Croatia & Dalmatia & Dubrovnik-Neretva County & Dubrovnik & Things to Do in Dubrovnik, 4.5, 42.64137, 18.10891, 310169030, 20150901, 20150901, 5.0, Jaybird, /Profile/JanChesterfield, b8ca9cc82de3ba5290759500c1be53f5, /Attraction_Review-g295371-d550238-Reviews-Stradun-Dubrovnik_Dubrovnik_Neretva_County_Dalmatia.html
