review_location_name, review_current_page, review_last_page, review_location_type, review_location_breadcrumbs, review_location_rate, location_lat, location_lng, review_id, review_date, review_experience_date, review_rate, user_name, user_link, user_id, parent_url
Nikola Tesla Statue, 4, 10, Monuments & Statues & Monuments & Statues, Europe & Croatia & Central Croatia & Zagreb & Things to Do in Zagreb, 4.0, 45.811253, 15.974233, 613728478, 20180901, 20180801, 4.0, kc j, /Profile/KCJena900, bb8f3f0e552c0ce5d2ed329cad9a3064, /Attraction_Review-g294454-d8298585-Reviews-Nikola_Tesla_Statue-Zagreb_Central_Croatia.html
Nikola Tesla Statue, 4, 10, Monuments & Statues & Monuments & Statues, Europe & Croatia & Central Croatia & Zagreb & Things to Do in Zagreb, 4.0, 45.811253, 15.974233, 612805930, 20180901, 20180801, 5.0, richard h, /Profile/richardhA4142GU, 480b7c03d03d4a7c1c8061ce58743fd3, /Attraction_Review-g294454-d8298585-Reviews-Nikola_Tesla_Statue-Zagreb_Central_Croatia.html
Nikola Tesla Statue, 4, 10, Monuments & Statues & Monuments & Statues, Europe & Croatia & Central Croatia & Zagreb & Things to Do in Zagreb, 4.0, 45.811253, 15.974233, 598040479, 20180701, 20180601, 5.0, KikiBakshi, /Profile/KikiBakshi, 92c202e34db2a50d4f6bb6695b4ad7a7, /Attraction_Review-g294454-d8298585-Reviews-Nikola_Tesla_Statue-Zagreb_Central_Croatia.html
Nikola Tesla Statue, 4, 10, Monuments & Statues & Monuments & Statues, Europe & Croatia & Central Croatia & Zagreb & Things to Do in Zagreb, 4.0, 45.811253, 15.974233, 595169597, 20180701, 20180601, 5.0, Niho49, /Profile/Niho49, 6cf01f63f3027e49772295de475ce597, /Attraction_Review-g294454-d8298585-Reviews-Nikola_Tesla_Statue-Zagreb_Central_Croatia.html
Nikola Tesla Statue, 4, 10, Monuments & Statues & Monuments & Statues, Europe & Croatia & Central Croatia & Zagreb & Things to Do in Zagreb, 4.0, 45.811253, 15.974233, 592793846, 20180701, 20180701, 4.0, elindoo, /Profile/elindoo, 1a39264fbdbf07a48e079958097cc4c6, /Attraction_Review-g294454-d8298585-Reviews-Nikola_Tesla_Statue-Zagreb_Central_Croatia.html
