review_location_name, review_current_page, review_last_page, review_location_type, review_location_breadcrumbs, review_location_rate, location_lat, location_lng, review_id, review_date, review_experience_date, review_rate, user_name, user_link, user_id, parent_url
Paklenica National Park, 38, 83, National Parks & Nature & Wildlife Areas & National Parks & Nature & Wildlife Areas, Europe & Croatia & Dalmatia & Zadar County & Starigrad-Paklenica & Things to Do in Starigrad-Paklenica, 4.5, 44.27386, 15.48668, 431022414, 20161001, 20160901, 5.0, Dean P, /Profile/DeanP1010, 8cec163201c3f9defb91aa98bb7fb554, /Attraction_Review-g1466943-d14204896-Reviews-Paklenica_National_Park-Starigrad_Paklenica_Zadar_County_Dalmatia.html
Paklenica National Park, 38, 83, National Parks & Nature & Wildlife Areas & National Parks & Nature & Wildlife Areas, Europe & Croatia & Dalmatia & Zadar County & Starigrad-Paklenica & Things to Do in Starigrad-Paklenica, 4.5, 44.27386, 15.48668, 427606753, 20161001, 20161001, 5.0, radroumi, /Profile/radroumi, 79e664de0fbc49adc2de60adb79fb176, /Attraction_Review-g1466943-d14204896-Reviews-Paklenica_National_Park-Starigrad_Paklenica_Zadar_County_Dalmatia.html
Paklenica National Park, 38, 83, National Parks & Nature & Wildlife Areas & National Parks & Nature & Wildlife Areas, Europe & Croatia & Dalmatia & Zadar County & Starigrad-Paklenica & Things to Do in Starigrad-Paklenica, 4.5, 44.27386, 15.48668, 427172728, 20161001, 20160801, 5.0, Cheryl P, /Profile/cherylp602, eb072a5576dc0e614ba7b5ed70460fdf, /Attraction_Review-g1466943-d14204896-Reviews-Paklenica_National_Park-Starigrad_Paklenica_Zadar_County_Dalmatia.html
Paklenica National Park, 38, 83, National Parks & Nature & Wildlife Areas & National Parks & Nature & Wildlife Areas, Europe & Croatia & Dalmatia & Zadar County & Starigrad-Paklenica & Things to Do in Starigrad-Paklenica, 4.5, 44.27386, 15.48668, 426539234, 20161001, 20161001, 5.0, jamie5215, /Profile/jamie5215, a43fbbb5759376f70edde099b93150e5, /Attraction_Review-g1466943-d14204896-Reviews-Paklenica_National_Park-Starigrad_Paklenica_Zadar_County_Dalmatia.html
Paklenica National Park, 38, 83, National Parks & Nature & Wildlife Areas & National Parks & Nature & Wildlife Areas, Europe & Croatia & Dalmatia & Zadar County & Starigrad-Paklenica & Things to Do in Starigrad-Paklenica, 4.5, 44.27386, 15.48668, 426313833, 20161001, 20160901, 4.0, spadesaspade, /Profile/spadesaspade, c31bc6b6e9a25d3a407d2be61deab3ae, /Attraction_Review-g1466943-d14204896-Reviews-Paklenica_National_Park-Starigrad_Paklenica_Zadar_County_Dalmatia.html
