review_location_name, review_current_page, review_last_page, review_location_type, review_location_breadcrumbs, review_location_rate, location_lat, location_lng, review_id, review_date, review_experience_date, review_rate, user_name, user_link, user_id, parent_url
Palazzo di Diocleziano, 54, 1071, Historic Sites & Historic Walking Areas & Historic Sites & Historic Walking Areas, Europe & Croatia & Dalmatia & Split-Dalmatia County & Split & Things to Do in Split, 4.5, 43.50869, 16.440294, 680839120, 20190601, 20190601, 5.0, Joshua C, /Profile/joshuac315, a3ef2461df80146873cc8084f4ac8ff4, /Attraction_Review-g295370-d317704-Reviews-Palazzo_di_Diocleziano-Split_Split_Dalmatia_County_Dalmatia.html
Palazzo di Diocleziano, 54, 1071, Historic Sites & Historic Walking Areas & Historic Sites & Historic Walking Areas, Europe & Croatia & Dalmatia & Split-Dalmatia County & Split & Things to Do in Split, 4.5, 43.50869, 16.440294, 680696311, 20190601, 20190601, 5.0, Dulce N, /Profile/dulcen2018, 864a8f5299bb178204b7bc5c7a2d2214, /Attraction_Review-g295370-d317704-Reviews-Palazzo_di_Diocleziano-Split_Split_Dalmatia_County_Dalmatia.html
Palazzo di Diocleziano, 54, 1071, Historic Sites & Historic Walking Areas & Historic Sites & Historic Walking Areas, Europe & Croatia & Dalmatia & Split-Dalmatia County & Split & Things to Do in Split, 4.5, 43.50869, 16.440294, 680588515, 20190601, 20190601, 5.0, marisang1208, /Profile/marisang1208, 77924e57841bd580452bdbd2f60e1d79, /Attraction_Review-g295370-d317704-Reviews-Palazzo_di_Diocleziano-Split_Split_Dalmatia_County_Dalmatia.html
Palazzo di Diocleziano, 54, 1071, Historic Sites & Historic Walking Areas & Historic Sites & Historic Walking Areas, Europe & Croatia & Dalmatia & Split-Dalmatia County & Split & Things to Do in Split, 4.5, 43.50869, 16.440294, 680450126, 20190601, 20190401, 5.0, Amanda W, /Profile/E4085XSamandaw, 499517191c540865aeb2fea3e3f44e27, /Attraction_Review-g295370-d317704-Reviews-Palazzo_di_Diocleziano-Split_Split_Dalmatia_County_Dalmatia.html
Palazzo di Diocleziano, 54, 1071, Historic Sites & Historic Walking Areas & Historic Sites & Historic Walking Areas, Europe & Croatia & Dalmatia & Split-Dalmatia County & Split & Things to Do in Split, 4.5, 43.50869, 16.440294, 680312925, 20190601, 20190501, 4.0, My2cents16, /Profile/My2cents16, 78e2c59e767b66818be2105b90919cf0, /Attraction_Review-g295370-d317704-Reviews-Palazzo_di_Diocleziano-Split_Split_Dalmatia_County_Dalmatia.html
