review_location_name, review_current_page, review_last_page, review_location_type, review_location_breadcrumbs, review_location_rate, location_lat, location_lng, review_id, review_date, review_experience_date, review_rate, user_name, user_link, user_id, parent_url
Historic City of Trogir, 102, 251, Historic Sites & Historic Sites, Europe & Croatia & Dalmatia & Split-Dalmatia County & Trogir & Things to Do in Trogir, 4.5, 43.515614, 16.249449, 504701471, 20170701, 20170701, 3.0, MGTeach, /Profile/MGTeach, d2509f28695d991581b4ce2179bacd1a, /Attraction_Review-g303838-d523456-Reviews-Historic_City_of_Trogir-Trogir_Split_Dalmatia_County_Dalmatia.html
Historic City of Trogir, 102, 251, Historic Sites & Historic Sites, Europe & Croatia & Dalmatia & Split-Dalmatia County & Trogir & Things to Do in Trogir, 4.5, 43.515614, 16.249449, 504539106, 20170701, 20170701, 5.0, Jarle H, /Profile/238jarleh, 4032ac129757458ba7a7c3300f52c6ae, /Attraction_Review-g303838-d523456-Reviews-Historic_City_of_Trogir-Trogir_Split_Dalmatia_County_Dalmatia.html
Historic City of Trogir, 102, 251, Historic Sites & Historic Sites, Europe & Croatia & Dalmatia & Split-Dalmatia County & Trogir & Things to Do in Trogir, 4.5, 43.515614, 16.249449, 503955664, 20170701, 20170301, 4.0, Judy B, /Profile/judybP7094WB, b8e835b395fa9104ea3f537214ecec27, /Attraction_Review-g303838-d523456-Reviews-Historic_City_of_Trogir-Trogir_Split_Dalmatia_County_Dalmatia.html
Historic City of Trogir, 102, 251, Historic Sites & Historic Sites, Europe & Croatia & Dalmatia & Split-Dalmatia County & Trogir & Things to Do in Trogir, 4.5, 43.515614, 16.249449, 503738961, 20170701, 20170501, 4.0, annieandbob, /Profile/annieandbob, b5cfc09212117bb5a94501f112bd8d1f, /Attraction_Review-g303838-d523456-Reviews-Historic_City_of_Trogir-Trogir_Split_Dalmatia_County_Dalmatia.html
Historic City of Trogir, 102, 251, Historic Sites & Historic Sites, Europe & Croatia & Dalmatia & Split-Dalmatia County & Trogir & Things to Do in Trogir, 4.5, 43.515614, 16.249449, 503509003, 20170701, 20170701, 5.0, matsnilserikande2017, /Profile/matsnilserikande2017, c31ce86d7aac3f7da31c9f7a0b4e7fb5, /Attraction_Review-g303838-d523456-Reviews-Historic_City_of_Trogir-Trogir_Split_Dalmatia_County_Dalmatia.html
