review_location_name, review_current_page, review_last_page, review_location_type, review_location_breadcrumbs, review_location_rate, location_lat, location_lng, review_id, review_date, review_experience_date, review_rate, user_name, user_link, user_id, parent_url
Temple Of Augustus, 83, 104, Sacred & Religious Sites & Sacred & Religious Sites, Europe & Croatia & Istria & Pula & Things to Do in Pula, 4.0, 44.87011, 13.841956, 314037377, 20150901, 20150901, 4.0, Traveler8Colorado, /Profile/Traveler8Colorado, 313656a544e83d7d753a38ab6e86b952, /Attraction_Review-g295373-d553253-Reviews-Temple_Of_Augustus-Pula_Istria.html
Temple Of Augustus, 83, 104, Sacred & Religious Sites & Sacred & Religious Sites, Europe & Croatia & Istria & Pula & Things to Do in Pula, 4.0, 44.87011, 13.841956, 313924363, 20150901, 20150901, 4.0, Detective_Pine, /Profile/Detective_Pine, 70ad6feb516015ee5375d1608974615e, /Attraction_Review-g295373-d553253-Reviews-Temple_Of_Augustus-Pula_Istria.html
Temple Of Augustus, 83, 104, Sacred & Religious Sites & Sacred & Religious Sites, Europe & Croatia & Istria & Pula & Things to Do in Pula, 4.0, 44.87011, 13.841956, 313241722, 20150901, 20150901, 4.0, Eve Karma, /Profile/eXploringWoman, 50242e0a578a6c384a39041a8b6fa855, /Attraction_Review-g295373-d553253-Reviews-Temple_Of_Augustus-Pula_Istria.html
Temple Of Augustus, 83, 104, Sacred & Religious Sites & Sacred & Religious Sites, Europe & Croatia & Istria & Pula & Things to Do in Pula, 4.0, 44.87011, 13.841956, 312318541, 20150901, 20150901, 5.0, happytravelor_8, /Profile/happytravelor_8, 7476868b7f8a5405fdf83b8f008cc8a6, /Attraction_Review-g295373-d553253-Reviews-Temple_Of_Augustus-Pula_Istria.html
Temple Of Augustus, 83, 104, Sacred & Religious Sites & Sacred & Religious Sites, Europe & Croatia & Istria & Pula & Things to Do in Pula, 4.0, 44.87011, 13.841956, 312190588, 20150901, 20150901, 3.0, digipicsuk, /Profile/digipicsuk, a564192bb15c511eaaa493308e537d88, /Attraction_Review-g295373-d553253-Reviews-Temple_Of_Augustus-Pula_Istria.html
