review_location_name, review_current_page, review_last_page, review_location_type, review_location_breadcrumbs, review_location_rate, location_lat, location_lng, review_id, review_date, review_experience_date, review_rate, user_name, user_link, user_id, parent_url
Pile Gate, 69, 314, Points of Interest & Landmarks & Points of Interest & Landmarks, Europe & Croatia & Dalmatia & Dubrovnik-Neretva County & Dubrovnik & Things to Do in Dubrovnik, 4.0, 42.64173, 18.10673, 601371234, 20180701, 20180701, 3.0, sharonyolanda100, /Profile/sharonyolanda100, 9ff698d45b6ebf70ce7cb4111b77b037, /Attraction_Review-g295371-d550296-Reviews-Pile_Gate-Dubrovnik_Dubrovnik_Neretva_County_Dalmatia.html
Pile Gate, 69, 314, Points of Interest & Landmarks & Points of Interest & Landmarks, Europe & Croatia & Dalmatia & Dubrovnik-Neretva County & Dubrovnik & Things to Do in Dubrovnik, 4.0, 42.64173, 18.10673, 601256397, 20180701, 20180701, 5.0, jmcp1973, /Profile/jmcp1973, 31516686640e260c625421413e5be4b8, /Attraction_Review-g295371-d550296-Reviews-Pile_Gate-Dubrovnik_Dubrovnik_Neretva_County_Dalmatia.html
Pile Gate, 69, 314, Points of Interest & Landmarks & Points of Interest & Landmarks, Europe & Croatia & Dalmatia & Dubrovnik-Neretva County & Dubrovnik & Things to Do in Dubrovnik, 4.0, 42.64173, 18.10673, 600607041, 20180701, 20180701, 5.0, Lea_Tracey, /Profile/Lea_Tracey, 8f20a057a94c59ba81d0dc0c3a5b5e15, /Attraction_Review-g295371-d550296-Reviews-Pile_Gate-Dubrovnik_Dubrovnik_Neretva_County_Dalmatia.html
Pile Gate, 69, 314, Points of Interest & Landmarks & Points of Interest & Landmarks, Europe & Croatia & Dalmatia & Dubrovnik-Neretva County & Dubrovnik & Things to Do in Dubrovnik, 4.0, 42.64173, 18.10673, 600204105, 20180701, 20180701, 4.0, Casey T, /Profile/109caseyt, 9e24a1f1472abd0766e097f78c1ce8df, /Attraction_Review-g295371-d550296-Reviews-Pile_Gate-Dubrovnik_Dubrovnik_Neretva_County_Dalmatia.html
Pile Gate, 69, 314, Points of Interest & Landmarks & Points of Interest & Landmarks, Europe & Croatia & Dalmatia & Dubrovnik-Neretva County & Dubrovnik & Things to Do in Dubrovnik, 4.0, 42.64173, 18.10673, 599951395, 20180701, 20180701, 4.0, Middlemiss, /Profile/Middlemiss, 56f89ea2ccf1946c7bb1a5026418fe77, /Attraction_Review-g295371-d550296-Reviews-Pile_Gate-Dubrovnik_Dubrovnik_Neretva_County_Dalmatia.html
