review_location_name, review_current_page, review_last_page, review_location_type, review_location_breadcrumbs, review_location_rate, location_lat, location_lng, review_id, review_date, review_experience_date, review_rate, user_name, user_link, user_id, parent_url
Sport and Fun Center, None, None, Sports Complexes & Sports Complexes, Europe & Croatia & Istria & Cervar Porat & Things to Do in Cervar Porat, 5.0, 45.2754, 13.594572, 564284699, 20180301, 20170901, 5.0, Tamara P, /Profile/tamarapM7338UO, 625e4fe3e2b3f65b31195245f97c4ae0, /Attraction_Review-g1077180-d13569977-Reviews-Sport_and_Fun_Center-Cervar_Porat_Istria.html
Sport and Fun Center, None, None, Sports Complexes & Sports Complexes, Europe & Croatia & Istria & Cervar Porat & Things to Do in Cervar Porat, 5.0, 45.2754, 13.594572, 563897874, 20180301, 20170601, 5.0, danicabago, /Profile/danicabago, 0017be1d3c489b921686f7fa41045d7e, /Attraction_Review-g1077180-d13569977-Reviews-Sport_and_Fun_Center-Cervar_Porat_Istria.html
Sport and Fun Center, None, None, Sports Complexes & Sports Complexes, Europe & Croatia & Istria & Cervar Porat & Things to Do in Cervar Porat, 5.0, 45.2754, 13.594572, 563675997, 20180301, 20170601, 5.0, Tina0293, /Profile/Tina0293, 3ce117eef935fc9f9409d6260cc557a0, /Attraction_Review-g1077180-d13569977-Reviews-Sport_and_Fun_Center-Cervar_Porat_Istria.html
Sport and Fun Center, None, None, Sports Complexes & Sports Complexes, Europe & Croatia & Istria & Cervar Porat & Things to Do in Cervar Porat, 5.0, 45.2754, 13.594572, 563672115, 20180301, 20170801, 5.0, Iva G, /Profile/726ivag, 922ee6ae33823120bca21e7f90f12bd5, /Attraction_Review-g1077180-d13569977-Reviews-Sport_and_Fun_Center-Cervar_Porat_Istria.html
Sport and Fun Center, None, None, Sports Complexes & Sports Complexes, Europe & Croatia & Istria & Cervar Porat & Things to Do in Cervar Porat, 5.0, 45.2754, 13.594572, 563671707, 20180301, 20170801, 5.0, Annamaria G, /Profile/475annamariag, 4835f5261106489730ccdfac75f6d1a6, /Attraction_Review-g1077180-d13569977-Reviews-Sport_and_Fun_Center-Cervar_Porat_Istria.html
