review_location_name, review_current_page, review_last_page, review_location_type, review_location_breadcrumbs, review_location_rate, location_lat, location_lng, review_id, review_date, review_experience_date, review_rate, user_name, user_link, user_id, parent_url
Revelin Tower, 3, 4, Historic Sites & Points of Interest & Landmarks & Architectural Buildings & Historic Sites & Points of Interest & Landmarks & Architectural Buildings, Europe & Croatia & Dalmatia & Dubrovnik-Neretva County & Korcula Island & Korcula Town & Things to Do in Korcula Town, 4.5, 0, 0, 530378657, 20171001, 20170901, 4.0, George S, /Profile/1trekky, 526d5f3956a350bae4a4533a12997df6, /Attraction_Review-g1007309-d10717194-Reviews-Revelin_Tower-Korcula_Town_Korcula_Island_Dubrovnik_Neretva_County_Dalmatia.html
Revelin Tower, 3, 4, Historic Sites & Points of Interest & Landmarks & Architectural Buildings & Historic Sites & Points of Interest & Landmarks & Architectural Buildings, Europe & Croatia & Dalmatia & Dubrovnik-Neretva County & Korcula Island & Korcula Town & Things to Do in Korcula Town, 4.5, 0, 0, 529270526, 20171001, 20170701, 4.0, BigHugh51, /Profile/BigHugh51, 86e8c83652af817d93c4ef9557b66fe0, /Attraction_Review-g1007309-d10717194-Reviews-Revelin_Tower-Korcula_Town_Korcula_Island_Dubrovnik_Neretva_County_Dalmatia.html
Revelin Tower, 3, 4, Historic Sites & Points of Interest & Landmarks & Architectural Buildings & Historic Sites & Points of Interest & Landmarks & Architectural Buildings, Europe & Croatia & Dalmatia & Dubrovnik-Neretva County & Korcula Island & Korcula Town & Things to Do in Korcula Town, 4.5, 0, 0, 499614149, 20170701, 20170601, 4.0, Steveandcaz, /Profile/Steveandcaz, f291c577948af647da9dd3de1dd71e14, /Attraction_Review-g1007309-d10717194-Reviews-Revelin_Tower-Korcula_Town_Korcula_Island_Dubrovnik_Neretva_County_Dalmatia.html
Revelin Tower, 3, 4, Historic Sites & Points of Interest & Landmarks & Architectural Buildings & Historic Sites & Points of Interest & Landmarks & Architectural Buildings, Europe & Croatia & Dalmatia & Dubrovnik-Neretva County & Korcula Island & Korcula Town & Things to Do in Korcula Town, 4.5, 0, 0, 498404019, 20170701, 20170601, 4.0, djhallett, /Profile/djhallett, e452938ad79386776c715a18dbc8a641, /Attraction_Review-g1007309-d10717194-Reviews-Revelin_Tower-Korcula_Town_Korcula_Island_Dubrovnik_Neretva_County_Dalmatia.html
Revelin Tower, 3, 4, Historic Sites & Points of Interest & Landmarks & Architectural Buildings & Historic Sites & Points of Interest & Landmarks & Architectural Buildings, Europe & Croatia & Dalmatia & Dubrovnik-Neretva County & Korcula Island & Korcula Town & Things to Do in Korcula Town, 4.5, 0, 0, 418870299, 20160901, 20160801, 5.0, Lilly102015, /Profile/Lilly102015, 88085131a8bb1fecb0011c341257d260, /Attraction_Review-g1007309-d10717194-Reviews-Revelin_Tower-Korcula_Town_Korcula_Island_Dubrovnik_Neretva_County_Dalmatia.html
