review_location_name, review_current_page, review_last_page, review_location_type, review_location_breadcrumbs, review_location_rate, location_lat, location_lng, review_id, review_date, review_experience_date, review_rate, user_name, user_link, user_id, parent_url
Froggyland, 4, 106, Specialty Museums & Specialty Museums, Europe & Croatia & Dalmatia & Split-Dalmatia County & Split & Things to Do in Split, 4.5, 43.510117, 16.437986, 726305884, 20191101, 20191001, 4.0, Olof K, /Profile/381olofk, 6c19ecedcc8a5c0c3c5588e72b301e44, /Attraction_Review-g295370-d4299371-Reviews-Froggyland-Split_Split_Dalmatia_County_Dalmatia.html
Froggyland, 4, 106, Specialty Museums & Specialty Museums, Europe & Croatia & Dalmatia & Split-Dalmatia County & Split & Things to Do in Split, 4.5, 43.510117, 16.437986, 724924881, 20191101, 20190901, 5.0, BZimm08, /Profile/BZimm08, 0e5c6bc2ab80898b0b3eea3911898ff0, /Attraction_Review-g295370-d4299371-Reviews-Froggyland-Split_Split_Dalmatia_County_Dalmatia.html
Froggyland, 4, 106, Specialty Museums & Specialty Museums, Europe & Croatia & Dalmatia & Split-Dalmatia County & Split & Things to Do in Split, 4.5, 43.510117, 16.437986, 724695753, 20191101, 20191001, 5.0, shar0nbarclay, /Profile/shar0nbarclay, 9a5f4bd94cdf19327828093a3a1a66e0, /Attraction_Review-g295370-d4299371-Reviews-Froggyland-Split_Split_Dalmatia_County_Dalmatia.html
Froggyland, 4, 106, Specialty Museums & Specialty Museums, Europe & Croatia & Dalmatia & Split-Dalmatia County & Split & Things to Do in Split, 4.5, 43.510117, 16.437986, 723028705, 20191101, 20191001, 5.0, Chrislammiman, /Profile/Chrisinblack, b6ee99dacf0c3bf4e2d0199af9bbb0d7, /Attraction_Review-g295370-d4299371-Reviews-Froggyland-Split_Split_Dalmatia_County_Dalmatia.html
Froggyland, 4, 106, Specialty Museums & Specialty Museums, Europe & Croatia & Dalmatia & Split-Dalmatia County & Split & Things to Do in Split, 4.5, 43.510117, 16.437986, 718840412, 20191001, 20190901, 5.0, Heather Storer, /Profile/hgstorer, 45338406638f526c5bd767ddaeb001e2, /Attraction_Review-g295370-d4299371-Reviews-Froggyland-Split_Split_Dalmatia_County_Dalmatia.html
