review_location_name, review_current_page, review_last_page, review_location_type, review_location_breadcrumbs, review_location_rate, location_lat, location_lng, review_id, review_date, review_experience_date, review_rate, user_name, user_link, user_id, parent_url
Sea Organ (Morske Orgulje), 337, 559, Points of Interest & Landmarks & Points of Interest & Landmarks, Europe & Croatia & Dalmatia & Zadar County & Zadar & Things to Do in Zadar, 4.5, 44.11706, 15.220117, 405301563, 20160801, 20160801, 5.0, Lucy D, /Profile/139lucyd, 487c02f82928ea561efff09d9c2029e4, /Attraction_Review-g295374-d2294071-Reviews-Sea_Organ_Morske_Orgulje-Zadar_Zadar_County_Dalmatia.html
Sea Organ (Morske Orgulje), 337, 559, Points of Interest & Landmarks & Points of Interest & Landmarks, Europe & Croatia & Dalmatia & Zadar County & Zadar & Things to Do in Zadar, 4.5, 44.11706, 15.220117, 405021162, 20160801, 20160801, 5.0, Hilgard N, /Profile/hilgardn, 8d7949971c648a3c0da743fe19787c21, /Attraction_Review-g295374-d2294071-Reviews-Sea_Organ_Morske_Orgulje-Zadar_Zadar_County_Dalmatia.html
Sea Organ (Morske Orgulje), 337, 559, Points of Interest & Landmarks & Points of Interest & Landmarks, Europe & Croatia & Dalmatia & Zadar County & Zadar & Things to Do in Zadar, 4.5, 44.11706, 15.220117, 404995349, 20160801, 20160701, 5.0, SUbQuestion, /Profile/SUbQuestion, 5701d00a51a81fa26052266e794c1fc8, /Attraction_Review-g295374-d2294071-Reviews-Sea_Organ_Morske_Orgulje-Zadar_Zadar_County_Dalmatia.html
Sea Organ (Morske Orgulje), 337, 559, Points of Interest & Landmarks & Points of Interest & Landmarks, Europe & Croatia & Dalmatia & Zadar County & Zadar & Things to Do in Zadar, 4.5, 44.11706, 15.220117, 404711610, 20160801, 20160801, 5.0, Mare, /Profile/76Mare, ec88db1656da4f6e065d94d9167ca3f4, /Attraction_Review-g295374-d2294071-Reviews-Sea_Organ_Morske_Orgulje-Zadar_Zadar_County_Dalmatia.html
Sea Organ (Morske Orgulje), 337, 559, Points of Interest & Landmarks & Points of Interest & Landmarks, Europe & Croatia & Dalmatia & Zadar County & Zadar & Things to Do in Zadar, 4.5, 44.11706, 15.220117, 404676068, 20160801, 20160801, 5.0, mikesierra, /Profile/mikesierra, c46dc6e345c8fd14482890e4843876a3, /Attraction_Review-g295374-d2294071-Reviews-Sea_Organ_Morske_Orgulje-Zadar_Zadar_County_Dalmatia.html
