review_location_name, review_current_page, review_last_page, review_location_type, review_location_breadcrumbs, review_location_rate, location_lat, location_lng, review_id, review_date, review_experience_date, review_rate, user_name, user_link, user_id, parent_url
Venezia Lines, 22, 52, Ferries & Ferries, Europe & Croatia & Istria & Porec & Things to Do in Porec, 4.0, 45.22704, 13.596739, 580457248, 20180501, 20180501, 5.0, turn4, /Profile/turn4, b4853a51922e4a2a360e2035742eb253, /Attraction_Review-g303829-d2424195-Reviews-Venezia_Lines-Porec_Istria.html
Venezia Lines, 22, 52, Ferries & Ferries, Europe & Croatia & Istria & Porec & Things to Do in Porec, 4.0, 45.22704, 13.596739, 579963432, 20180501, 20180501, 5.0, 902SamC, /Profile/902SamC, b933c4342529e333da811ce6d86dcb7d, /Attraction_Review-g303829-d2424195-Reviews-Venezia_Lines-Porec_Istria.html
Venezia Lines, 22, 52, Ferries & Ferries, Europe & Croatia & Istria & Porec & Things to Do in Porec, 4.0, 45.22704, 13.596739, 579250560, 20180501, 20180501, 5.0, Elaine B, /Profile/698elaineb, 3dcf2dd837727a7f53d037b687772331, /Attraction_Review-g303829-d2424195-Reviews-Venezia_Lines-Porec_Istria.html
Venezia Lines, 22, 52, Ferries & Ferries, Europe & Croatia & Istria & Porec & Things to Do in Porec, 4.0, 45.22704, 13.596739, 557421659, 20180101, 20171201, 3.0, T_Hotel_Inspectors, /Profile/T_Hotel_Inspectors, 120717b3ff476daf1ca10fda6851f99e, /Attraction_Review-g303829-d2424195-Reviews-Venezia_Lines-Porec_Istria.html
Venezia Lines, 22, 52, Ferries & Ferries, Europe & Croatia & Istria & Porec & Things to Do in Porec, 4.0, 45.22704, 13.596739, 535326930, 20171001, 20170901, 5.0, karenP65, /Profile/karenP65, b87bcdccd293801ce5c1ce4fa4ef5298, /Attraction_Review-g303829-d2424195-Reviews-Venezia_Lines-Porec_Istria.html
