review_location_name, review_current_page, review_last_page, review_location_type, review_location_breadcrumbs, review_location_rate, location_lat, location_lng, review_id, review_date, review_experience_date, review_rate, user_name, user_link, user_id, parent_url
Gradinsko Lake, 5, 9, Bodies of Water & Bodies of Water, Europe & Croatia & Central Croatia & Plitvice Lakes National Park & Things to Do in Plitvice Lakes National Park, 4.5, 44.96986, 15.695888, 467886090, 20170301, 20160801, 5.0, Mezei Máté, /Profile/MezeiMater, 9ab77cc9c54088bed148b176c9bc8e5e, /Attraction_Review-g303827-d553448-Reviews-Gradinsko_Lake-Plitvice_Lakes_National_Park_Central_Croatia.html
Gradinsko Lake, 5, 9, Bodies of Water & Bodies of Water, Europe & Croatia & Central Croatia & Plitvice Lakes National Park & Things to Do in Plitvice Lakes National Park, 4.5, 44.96986, 15.695888, 450481735, 20170101, 20161001, 4.0, Amy B, /Profile/873AmyB873, 92ec454f93f3627d32f721d924941b88, /Attraction_Review-g303827-d553448-Reviews-Gradinsko_Lake-Plitvice_Lakes_National_Park_Central_Croatia.html
Gradinsko Lake, 5, 9, Bodies of Water & Bodies of Water, Europe & Croatia & Central Croatia & Plitvice Lakes National Park & Things to Do in Plitvice Lakes National Park, 4.5, 44.96986, 15.695888, 428604084, 20161001, 20161001, 5.0, drjsaleh, /Profile/TravellingBoneDoctor, f3357ecf74c52cce49a161ef791051ba, /Attraction_Review-g303827-d553448-Reviews-Gradinsko_Lake-Plitvice_Lakes_National_Park_Central_Croatia.html
Gradinsko Lake, 5, 9, Bodies of Water & Bodies of Water, Europe & Croatia & Central Croatia & Plitvice Lakes National Park & Things to Do in Plitvice Lakes National Park, 4.5, 44.96986, 15.695888, 426127991, 20161001, 20161001, 5.0, Anthony S, /Profile/G6426FManthonys, 316ae28f306ce9cd59ff21f48784bfba, /Attraction_Review-g303827-d553448-Reviews-Gradinsko_Lake-Plitvice_Lakes_National_Park_Central_Croatia.html
Gradinsko Lake, 5, 9, Bodies of Water & Bodies of Water, Europe & Croatia & Central Croatia & Plitvice Lakes National Park & Things to Do in Plitvice Lakes National Park, 4.5, 44.96986, 15.695888, 413380953, 20160801, 20160501, 5.0, Miss Wallace W, /Profile/misswallacew, 5104e1375437a77230b1a5565e8221b1, /Attraction_Review-g303827-d553448-Reviews-Gradinsko_Lake-Plitvice_Lakes_National_Park_Central_Croatia.html
