review_location_name, review_current_page, review_last_page, review_location_type, review_location_breadcrumbs, review_location_rate, location_lat, location_lng, review_id, review_date, review_experience_date, review_rate, user_name, user_link, user_id, parent_url
Ban Josip Jelacic Monument, 25, 43, Monuments & Statues & Monuments & Statues, Europe & Croatia & Central Croatia & Zagreb & Things to Do in Zagreb, 4.0, 45.81318, 15.97727, 426434336, 20161001, 20161001, 5.0, Mario M, /Profile/A3550OUmariom, 9403821b4841447211e36b9d6f88c124, /Attraction_Review-g294454-d546669-Reviews-Ban_Josip_Jelacic_Monument-Zagreb_Central_Croatia.html
Ban Josip Jelacic Monument, 25, 43, Monuments & Statues & Monuments & Statues, Europe & Croatia & Central Croatia & Zagreb & Things to Do in Zagreb, 4.0, 45.81318, 15.97727, 425048969, 20161001, 20161001, 5.0, Klepec, /Profile/Klepec, 95a301541d99a0c5bc441c733c08b3d7, /Attraction_Review-g294454-d546669-Reviews-Ban_Josip_Jelacic_Monument-Zagreb_Central_Croatia.html
Ban Josip Jelacic Monument, 25, 43, Monuments & Statues & Monuments & Statues, Europe & Croatia & Central Croatia & Zagreb & Things to Do in Zagreb, 4.0, 45.81318, 15.97727, 422225700, 20160901, 20160901, 3.0, ron m, /Profile/0413RonM, 65f4cea7323f1fa7700f9a220e462ca1, /Attraction_Review-g294454-d546669-Reviews-Ban_Josip_Jelacic_Monument-Zagreb_Central_Croatia.html
Ban Josip Jelacic Monument, 25, 43, Monuments & Statues & Monuments & Statues, Europe & Croatia & Central Croatia & Zagreb & Things to Do in Zagreb, 4.0, 45.81318, 15.97727, 420288469, 20160901, 20151201, 4.0, andrej k, /Profile/andrejk492, c56e9cb3e0d97f352e590167a08b4f4c, /Attraction_Review-g294454-d546669-Reviews-Ban_Josip_Jelacic_Monument-Zagreb_Central_Croatia.html
Ban Josip Jelacic Monument, 25, 43, Monuments & Statues & Monuments & Statues, Europe & Croatia & Central Croatia & Zagreb & Things to Do in Zagreb, 4.0, 45.81318, 15.97727, 419714220, 20160901, 20160901, 4.0, lolla23, /Profile/lolla23, 08f70a59c2a9f1f183a5f43188095b73, /Attraction_Review-g294454-d546669-Reviews-Ban_Josip_Jelacic_Monument-Zagreb_Central_Croatia.html
