review_location_name, review_current_page, review_last_page, review_location_type, review_location_breadcrumbs, review_location_rate, location_lat, location_lng, review_id, review_date, review_experience_date, review_rate, user_name, user_link, user_id, parent_url
The Peristyle of Diocletian's Palace, 107, 176, Points of Interest & Landmarks & Points of Interest & Landmarks, Europe & Croatia & Dalmatia & Split-Dalmatia County & Split & Things to Do in Split, 4.5, 43.50882, 16.44042, 413269236, 20160801, 20160801, 5.0, dannyboytravels, /Profile/dannyboytravels, a7ce06e48a26cce0471534d1fdaf8b91, /Attraction_Review-g295370-d4816096-Reviews-The_Peristyle_of_Diocletian_s_Palace-Split_Split_Dalmatia_County_Dalmatia.html
The Peristyle of Diocletian's Palace, 107, 176, Points of Interest & Landmarks & Points of Interest & Landmarks, Europe & Croatia & Dalmatia & Split-Dalmatia County & Split & Things to Do in Split, 4.5, 43.50882, 16.44042, 412732285, 20160801, 20160801, 5.0, John H, /Profile/johnhX9743IW, d45c9c6577b60bebf6765029bd42e480, /Attraction_Review-g295370-d4816096-Reviews-The_Peristyle_of_Diocletian_s_Palace-Split_Split_Dalmatia_County_Dalmatia.html
The Peristyle of Diocletian's Palace, 107, 176, Points of Interest & Landmarks & Points of Interest & Landmarks, Europe & Croatia & Dalmatia & Split-Dalmatia County & Split & Things to Do in Split, 4.5, 43.50882, 16.44042, 412577147, 20160801, 20160801, 5.0, Goran R, /Profile/Gogo1505, e68853599530bb4410b0c4a5cd36b742, /Attraction_Review-g295370-d4816096-Reviews-The_Peristyle_of_Diocletian_s_Palace-Split_Split_Dalmatia_County_Dalmatia.html
The Peristyle of Diocletian's Palace, 107, 176, Points of Interest & Landmarks & Points of Interest & Landmarks, Europe & Croatia & Dalmatia & Split-Dalmatia County & Split & Things to Do in Split, 4.5, 43.50882, 16.44042, 411973977, 20160801, 20160801, 5.0, Julia Ray, /Profile/JuliaR178, e3bf31cab1e1dc20e5cfa9089117e1a9, /Attraction_Review-g295370-d4816096-Reviews-The_Peristyle_of_Diocletian_s_Palace-Split_Split_Dalmatia_County_Dalmatia.html
The Peristyle of Diocletian's Palace, 107, 176, Points of Interest & Landmarks & Points of Interest & Landmarks, Europe & Croatia & Dalmatia & Split-Dalmatia County & Split & Things to Do in Split, 4.5, 43.50882, 16.44042, 411844930, 20160801, 20160701, 5.0, travelerhunter, /Profile/travelerhunter, 0b13d38a2f305ca8045005b4842dd367, /Attraction_Review-g295370-d4816096-Reviews-The_Peristyle_of_Diocletian_s_Palace-Split_Split_Dalmatia_County_Dalmatia.html
