review_location_name, review_current_page, review_last_page, review_location_type, review_location_breadcrumbs, review_location_rate, location_lat, location_lng, review_id, review_date, review_experience_date, review_rate, user_name, user_link, user_id, parent_url
Tkalčićeva, 3, 210, Points of Interest & Landmarks & Points of Interest & Landmarks, Europe & Croatia & Central Croatia & Zagreb & Things to Do in Zagreb, 4.5, 45.814533, 15.97622, 740290077, 20200101, 20191101, 5.0, Rae, /Profile/SsecretsTravels, e389ead2355fcb9ce1a3ab2b71b7fe2f, /Attraction_Review-g294454-d549763-Reviews-Tkalciceva-Zagreb_Central_Croatia.html
Tkalčićeva, 3, 210, Points of Interest & Landmarks & Points of Interest & Landmarks, Europe & Croatia & Central Croatia & Zagreb & Things to Do in Zagreb, 4.5, 45.814533, 15.97622, 740043002, 20200101, 20200101, 5.0, Vedy, /Profile/Vedy0, 700229d09cab36b0b2f218efa2e6e2bf, /Attraction_Review-g294454-d549763-Reviews-Tkalciceva-Zagreb_Central_Croatia.html
Tkalčićeva, 3, 210, Points of Interest & Landmarks & Points of Interest & Landmarks, Europe & Croatia & Central Croatia & Zagreb & Things to Do in Zagreb, 4.5, 45.814533, 15.97622, 739548385, 20200101, 20191201, 4.0, MitziMarmot, /Profile/MitziMarmot, 83f59357296e90ac913b8378b0f9560a, /Attraction_Review-g294454-d549763-Reviews-Tkalciceva-Zagreb_Central_Croatia.html
Tkalčićeva, 3, 210, Points of Interest & Landmarks & Points of Interest & Landmarks, Europe & Croatia & Central Croatia & Zagreb & Things to Do in Zagreb, 4.5, 45.814533, 15.97622, 738821193, 20200101, 20191201, 4.0, Hugary1, /Profile/Hugary1, 2589b6bbab05be94346ea265bbccbba5, /Attraction_Review-g294454-d549763-Reviews-Tkalciceva-Zagreb_Central_Croatia.html
Tkalčićeva, 3, 210, Points of Interest & Landmarks & Points of Interest & Landmarks, Europe & Croatia & Central Croatia & Zagreb & Things to Do in Zagreb, 4.5, 45.814533, 15.97622, 735618779, 20191201, 20191201, 4.0, alexmihail10, /Profile/alexmihail10, 408247d53ccf2378d1cb210c0fc367ef, /Attraction_Review-g294454-d549763-Reviews-Tkalciceva-Zagreb_Central_Croatia.html
