review_location_name, review_current_page, review_last_page, review_location_type, review_location_breadcrumbs, review_location_rate, location_lat, location_lng, review_id, review_date, review_experience_date, review_rate, user_name, user_link, user_id, parent_url
Marco Polo Museum, 10, 31, Specialty Museums & Specialty Museums, Europe & Croatia & Dalmatia & Dubrovnik-Neretva County & Korcula Island & Korcula Town & Things to Do in Korcula Town, 3.5, 42.96026, 17.135422, 502026410, 20170701, 20170601, 4.0, chantal n, /Profile/chantaln468, e2521b4dd69867d636b6ee85881dae67, /Attraction_Review-g1007309-d5777599-Reviews-Marco_Polo_Museum-Korcula_Town_Korcula_Island_Dubrovnik_Neretva_County_Dalmatia.html
Marco Polo Museum, 10, 31, Specialty Museums & Specialty Museums, Europe & Croatia & Dalmatia & Dubrovnik-Neretva County & Korcula Island & Korcula Town & Things to Do in Korcula Town, 3.5, 42.96026, 17.135422, 501184918, 20170701, 20170701, 4.0, AndrePottas, /Profile/AndrePottas, 5985a7d8222a94bd9d2007882471d8c8, /Attraction_Review-g1007309-d5777599-Reviews-Marco_Polo_Museum-Korcula_Town_Korcula_Island_Dubrovnik_Neretva_County_Dalmatia.html
Marco Polo Museum, 10, 31, Specialty Museums & Specialty Museums, Europe & Croatia & Dalmatia & Dubrovnik-Neretva County & Korcula Island & Korcula Town & Things to Do in Korcula Town, 3.5, 42.96026, 17.135422, 499676270, 20170701, 20170701, 5.0, Arhi K, /Profile/arhik2014, 72cfb3bb10d5f3f97e7fa9a0c8f11585, /Attraction_Review-g1007309-d5777599-Reviews-Marco_Polo_Museum-Korcula_Town_Korcula_Island_Dubrovnik_Neretva_County_Dalmatia.html
Marco Polo Museum, 10, 31, Specialty Museums & Specialty Museums, Europe & Croatia & Dalmatia & Dubrovnik-Neretva County & Korcula Island & Korcula Town & Things to Do in Korcula Town, 3.5, 42.96026, 17.135422, 498219948, 20170701, 20170701, 3.0, Janice M, /Profile/Mulhall1, 12351319083dd2038bcade87d40bbf88, /Attraction_Review-g1007309-d5777599-Reviews-Marco_Polo_Museum-Korcula_Town_Korcula_Island_Dubrovnik_Neretva_County_Dalmatia.html
Marco Polo Museum, 10, 31, Specialty Museums & Specialty Museums, Europe & Croatia & Dalmatia & Dubrovnik-Neretva County & Korcula Island & Korcula Town & Things to Do in Korcula Town, 3.5, 42.96026, 17.135422, 498022602, 20170701, 20170601, 5.0, Julie A, /Profile/225juliea, 9976ec0f8515356fad961b411e12a6ed, /Attraction_Review-g1007309-d5777599-Reviews-Marco_Polo_Museum-Korcula_Town_Korcula_Island_Dubrovnik_Neretva_County_Dalmatia.html
