review_location_name, review_current_page, review_last_page, review_location_type, review_location_breadcrumbs, review_location_rate, location_lat, location_lng, review_id, review_date, review_experience_date, review_rate, user_name, user_link, user_id, parent_url
Walls of Dubrovnik, 1727, 3165, Historic Sites & Historic Walking Areas & Historic Sites & Historic Walking Areas, Europe & Croatia & Dalmatia & Dubrovnik-Neretva County & Dubrovnik & Things to Do in Dubrovnik, 4.5, 42.64174, 18.10734, 374542165, 20160501, 20160501, 5.0, 1039, /Profile/1039, 243caa4308e07399ce17ab8ab7af8fff, /Attraction_Review-g295371-d522915-Reviews-Walls_of_Dubrovnik-Dubrovnik_Dubrovnik_Neretva_County_Dalmatia.html
Walls of Dubrovnik, 1727, 3165, Historic Sites & Historic Walking Areas & Historic Sites & Historic Walking Areas, Europe & Croatia & Dalmatia & Dubrovnik-Neretva County & Dubrovnik & Things to Do in Dubrovnik, 4.5, 42.64174, 18.10734, 374451216, 20160501, 20160501, 5.0, Rufio131, /Profile/Rufio131, 43686981226deacd0bbff9f9d5abd00f, /Attraction_Review-g295371-d522915-Reviews-Walls_of_Dubrovnik-Dubrovnik_Dubrovnik_Neretva_County_Dalmatia.html
Walls of Dubrovnik, 1727, 3165, Historic Sites & Historic Walking Areas & Historic Sites & Historic Walking Areas, Europe & Croatia & Dalmatia & Dubrovnik-Neretva County & Dubrovnik & Things to Do in Dubrovnik, 4.5, 42.64174, 18.10734, 374444973, 20160501, 20160501, 4.0, Amy W, /Profile/387amyw, 092e1322d997d34e0c1651c83606ac87, /Attraction_Review-g295371-d522915-Reviews-Walls_of_Dubrovnik-Dubrovnik_Dubrovnik_Neretva_County_Dalmatia.html
Walls of Dubrovnik, 1727, 3165, Historic Sites & Historic Walking Areas & Historic Sites & Historic Walking Areas, Europe & Croatia & Dalmatia & Dubrovnik-Neretva County & Dubrovnik & Things to Do in Dubrovnik, 4.5, 42.64174, 18.10734, 374419168, 20160501, 20160501, 5.0, jonatanlykke, /Profile/jonatanlykke, 063f6894049ad377e66812c5c2896e2d, /Attraction_Review-g295371-d522915-Reviews-Walls_of_Dubrovnik-Dubrovnik_Dubrovnik_Neretva_County_Dalmatia.html
Walls of Dubrovnik, 1727, 3165, Historic Sites & Historic Walking Areas & Historic Sites & Historic Walking Areas, Europe & Croatia & Dalmatia & Dubrovnik-Neretva County & Dubrovnik & Things to Do in Dubrovnik, 4.5, 42.64174, 18.10734, 374379560, 20160501, 20151001, 5.0, Exploreitall, /Profile/Exploreitall, f492ba7157c85129c6ca20f166cb011c, /Attraction_Review-g295371-d522915-Reviews-Walls_of_Dubrovnik-Dubrovnik_Dubrovnik_Neretva_County_Dalmatia.html
