review_location_name, review_current_page, review_last_page, review_location_type, review_location_breadcrumbs, review_location_rate, location_lat, location_lng, review_id, review_date, review_experience_date, review_rate, user_name, user_link, user_id, parent_url
Mirogoj Cemetery, 149, 165, Cemeteries & Cemeteries, Europe & Croatia & Central Croatia & Zagreb & Things to Do in Zagreb, 4.5, 45.83741, 15.98371, 161138260, 20130501, 20121101, 5.0, AR1511, /Profile/AR1511, 2c077d8f39f0fae1257296b5c1946841, /Attraction_Review-g294454-d316812-Reviews-Mirogoj_Cemetery-Zagreb_Central_Croatia.html
Mirogoj Cemetery, 149, 165, Cemeteries & Cemeteries, Europe & Croatia & Central Croatia & Zagreb & Things to Do in Zagreb, 4.5, 45.83741, 15.98371, 161136264, 20130501, 20130401, 5.0, djejbi, /Profile/djejbi, 6559464f266e3c374da0e02504ac6867, /Attraction_Review-g294454-d316812-Reviews-Mirogoj_Cemetery-Zagreb_Central_Croatia.html
Mirogoj Cemetery, 149, 165, Cemeteries & Cemeteries, Europe & Croatia & Central Croatia & Zagreb & Things to Do in Zagreb, 4.5, 45.83741, 15.98371, 160110082, 20130501, 20130501, 4.0, Sigrun_12, /Profile/Sigrun_12, f4e0e0cb41f058af20d684b7ab0e81eb, /Attraction_Review-g294454-d316812-Reviews-Mirogoj_Cemetery-Zagreb_Central_Croatia.html
Mirogoj Cemetery, 149, 165, Cemeteries & Cemeteries, Europe & Croatia & Central Croatia & Zagreb & Things to Do in Zagreb, 4.5, 45.83741, 15.98371, 158696442, 20130401, 20130401, 5.0, Doats59, /Profile/Doats59, 6fb0b2b59e244b571dd1ea1d19159b6e, /Attraction_Review-g294454-d316812-Reviews-Mirogoj_Cemetery-Zagreb_Central_Croatia.html
Mirogoj Cemetery, 149, 165, Cemeteries & Cemeteries, Europe & Croatia & Central Croatia & Zagreb & Things to Do in Zagreb, 4.5, 45.83741, 15.98371, 157485332, 20130401, 20130401, 3.0, Janamala P, /Profile/JanamalaP, 3c3b977b07d050d517e86cc803e81f6f, /Attraction_Review-g294454-d316812-Reviews-Mirogoj_Cemetery-Zagreb_Central_Croatia.html
