review_location_name, review_current_page, review_last_page, review_location_type, review_location_breadcrumbs, review_location_rate, location_lat, location_lng, review_id, review_date, review_experience_date, review_rate, user_name, user_link, user_id, parent_url
Old Town, 284, 377, Neighborhoods & Historic Walking Areas & Neighborhoods & Historic Walking Areas, Europe & Croatia & Istria & Rovinj & Things to Do in Rovinj, 4.5, 45.08354, 13.633422, 270193022, 20150501, 20150501, 5.0, 070OKH, /Profile/070OKH, d7f6705bb6270879a9f4ac188b332fe6, /Attraction_Review-g303833-d553696-Reviews-Old_Town-Rovinj_Istria.html
Old Town, 284, 377, Neighborhoods & Historic Walking Areas & Neighborhoods & Historic Walking Areas, Europe & Croatia & Istria & Rovinj & Things to Do in Rovinj, 4.5, 45.08354, 13.633422, 269818719, 20150501, 20150401, 5.0, jose yanez, /Profile/josey234, 9f5c4d7bfc64fdbb2dc1bdef4ba7a782, /Attraction_Review-g303833-d553696-Reviews-Old_Town-Rovinj_Istria.html
Old Town, 284, 377, Neighborhoods & Historic Walking Areas & Neighborhoods & Historic Walking Areas, Europe & Croatia & Istria & Rovinj & Things to Do in Rovinj, 4.5, 45.08354, 13.633422, 269641567, 20150501, 20150401, 5.0, Miloš&& jr. S, /Profile/msjr71, ed99c592dbf348a55d27cfbc8be69a82, /Attraction_Review-g303833-d553696-Reviews-Old_Town-Rovinj_Istria.html
Old Town, 284, 377, Neighborhoods & Historic Walking Areas & Neighborhoods & Historic Walking Areas, Europe & Croatia & Istria & Rovinj & Things to Do in Rovinj, 4.5, 45.08354, 13.633422, 269596959, 20150501, 20150401, 5.0, chihwaho, /Profile/chihwaho, 021e6cb41d149909d346c77fd1b68056, /Attraction_Review-g303833-d553696-Reviews-Old_Town-Rovinj_Istria.html
Old Town, 284, 377, Neighborhoods & Historic Walking Areas & Neighborhoods & Historic Walking Areas, Europe & Croatia & Istria & Rovinj & Things to Do in Rovinj, 4.5, 45.08354, 13.633422, 269581259, 20150501, 20150501, 5.0, KasiaWro, /Profile/KasiaWro, 5dfd5523b36a301d447052358c8742e3, /Attraction_Review-g303833-d553696-Reviews-Old_Town-Rovinj_Istria.html
