review_location_name, review_current_page, review_last_page, review_location_type, review_location_breadcrumbs, review_location_rate, location_lat, location_lng, review_id, review_date, review_experience_date, review_rate, user_name, user_link, user_id, parent_url
Old Gateway (Roman Arch), 1, 4, Ancient Ruins & Ancient Ruins, Europe & Croatia & Primorje-Gorski Kotar County & Rijeka & Things to Do in Rijeka, 4.0, 45.32726, 14.44368, 780228122, 20201201, 20200501, 3.0, UriusT, /Profile/UriusT, 681036d47ba7aa082879273b343aa656, /Attraction_Review-g297516-d4355687-Reviews-Old_Gateway_Roman_Arch-Rijeka_Primorje_Gorski_Kotar_County.html
Old Gateway (Roman Arch), 1, 4, Ancient Ruins & Ancient Ruins, Europe & Croatia & Primorje-Gorski Kotar County & Rijeka & Things to Do in Rijeka, 4.0, 45.32726, 14.44368, 727598045, 20191101, 20191101, 5.0, Ken Q, /Profile/220kenq, 4666b58b5444fe4559c16290657104dd, /Attraction_Review-g297516-d4355687-Reviews-Old_Gateway_Roman_Arch-Rijeka_Primorje_Gorski_Kotar_County.html
Old Gateway (Roman Arch), 1, 4, Ancient Ruins & Ancient Ruins, Europe & Croatia & Primorje-Gorski Kotar County & Rijeka & Things to Do in Rijeka, 4.0, 45.32726, 14.44368, 680377854, 20190601, 20190601, 5.0, Maja I, /Profile/853majai, 4c0e5cbc965410bc92873eecc38276d6, /Attraction_Review-g297516-d4355687-Reviews-Old_Gateway_Roman_Arch-Rijeka_Primorje_Gorski_Kotar_County.html
Old Gateway (Roman Arch), 1, 4, Ancient Ruins & Ancient Ruins, Europe & Croatia & Primorje-Gorski Kotar County & Rijeka & Things to Do in Rijeka, 4.0, 45.32726, 14.44368, 589723122, 20180601, 20180601, 5.0, LineMc, /Profile/LineMc, 690ecfa06f89184f4d647e7073441542, /Attraction_Review-g297516-d4355687-Reviews-Old_Gateway_Roman_Arch-Rijeka_Primorje_Gorski_Kotar_County.html
Old Gateway (Roman Arch), 1, 4, Ancient Ruins & Ancient Ruins, Europe & Croatia & Primorje-Gorski Kotar County & Rijeka & Things to Do in Rijeka, 4.0, 45.32726, 14.44368, 532275014, 20171001, 20170101, 5.0, Karlo H, /Profile/karloh567, 834501a63d9d9f576058587353a4f1c0, /Attraction_Review-g297516-d4355687-Reviews-Old_Gateway_Roman_Arch-Rijeka_Primorje_Gorski_Kotar_County.html
