review_location_name, review_current_page, review_last_page, review_location_type, review_location_breadcrumbs, review_location_rate, location_lat, location_lng, review_id, review_date, review_experience_date, review_rate, user_name, user_link, user_id, parent_url
Copacabana Beach, 18, 64, Beaches & Beaches, Europe & Croatia & Dalmatia & Dubrovnik-Neretva County & Dubrovnik & Things to Do in Dubrovnik, 3.5, 42.664173, 18.064198, 569846819, 20180301, 20170801, 5.0, Matea P, /Profile/matea_pejic, ea657458e87af8a4e8a9f7c4cabe7806, /Attraction_Review-g295371-d3380541-Reviews-Copacabana_Beach-Dubrovnik_Dubrovnik_Neretva_County_Dalmatia.html
Copacabana Beach, 18, 64, Beaches & Beaches, Europe & Croatia & Dalmatia & Dubrovnik-Neretva County & Dubrovnik & Things to Do in Dubrovnik, 3.5, 42.664173, 18.064198, 569659005, 20180301, 20170701, 5.0, Alessia B, /Profile/AlessiaB1926, 1955e8c55333454ec2b38c531b70589a, /Attraction_Review-g295371-d3380541-Reviews-Copacabana_Beach-Dubrovnik_Dubrovnik_Neretva_County_Dalmatia.html
Copacabana Beach, 18, 64, Beaches & Beaches, Europe & Croatia & Dalmatia & Dubrovnik-Neretva County & Dubrovnik & Things to Do in Dubrovnik, 3.5, 42.664173, 18.064198, 569635176, 20180301, 20170901, 5.0, jktravel007, /Profile/jktravel007, f113f90d20b8a6fee1b3cea08089c4ef, /Attraction_Review-g295371-d3380541-Reviews-Copacabana_Beach-Dubrovnik_Dubrovnik_Neretva_County_Dalmatia.html
Copacabana Beach, 18, 64, Beaches & Beaches, Europe & Croatia & Dalmatia & Dubrovnik-Neretva County & Dubrovnik & Things to Do in Dubrovnik, 3.5, 42.664173, 18.064198, 569534157, 20180301, 20170701, 5.0, Jovana Ž, /Profile/jovana_71, d9670a210cfc265269458c519aca7afd, /Attraction_Review-g295371-d3380541-Reviews-Copacabana_Beach-Dubrovnik_Dubrovnik_Neretva_County_Dalmatia.html
Copacabana Beach, 18, 64, Beaches & Beaches, Europe & Croatia & Dalmatia & Dubrovnik-Neretva County & Dubrovnik & Things to Do in Dubrovnik, 3.5, 42.664173, 18.064198, 568860903, 20180301, 20170901, 5.0, mark33300, /Profile/mark33300, 847e527e2dc6e1993c1234970e753d32, /Attraction_Review-g295371-d3380541-Reviews-Copacabana_Beach-Dubrovnik_Dubrovnik_Neretva_County_Dalmatia.html
