review_location_name, review_current_page, review_last_page, review_location_type, review_location_breadcrumbs, review_location_rate, location_lat, location_lng, review_id, review_date, review_experience_date, review_rate, user_name, user_link, user_id, parent_url
Jelacic Square (Trg Bana Josipa Jelacica), 19, 120, Points of Interest & Landmarks & Monuments & Statues & Flea & Street Markets & Points of Interest & Landmarks & Monuments & Statues & Flea & Street Markets, Europe & Croatia & Central Croatia & Zagreb & Things to Do in Zagreb, 4.0, 45.813137, 15.976653, 624826747, 20181001, 20180901, 4.0, inthegarden, /Profile/inthegarden, 5e67164f56838184c517bcb27ae7cf56, /Attraction_Review-g294454-d316800-Reviews-Jelacic_Square_Trg_Bana_Josipa_Jelacica-Zagreb_Central_Croatia.html
Jelacic Square (Trg Bana Josipa Jelacica), 19, 120, Points of Interest & Landmarks & Monuments & Statues & Flea & Street Markets & Points of Interest & Landmarks & Monuments & Statues & Flea & Street Markets, Europe & Croatia & Central Croatia & Zagreb & Things to Do in Zagreb, 4.0, 45.813137, 15.976653, 624776175, 20181001, 20180901, 5.0, Laura L, /Profile/O6071KClaural, c16e1b41655a7f267c341d88863a4d3b, /Attraction_Review-g294454-d316800-Reviews-Jelacic_Square_Trg_Bana_Josipa_Jelacica-Zagreb_Central_Croatia.html
Jelacic Square (Trg Bana Josipa Jelacica), 19, 120, Points of Interest & Landmarks & Monuments & Statues & Flea & Street Markets & Points of Interest & Landmarks & Monuments & Statues & Flea & Street Markets, Europe & Croatia & Central Croatia & Zagreb & Things to Do in Zagreb, 4.0, 45.813137, 15.976653, 624237551, 20181001, 20181001, 4.0, Alan H, /Profile/notalamb, 791d8e874a16c05db6f54347a733a1de, /Attraction_Review-g294454-d316800-Reviews-Jelacic_Square_Trg_Bana_Josipa_Jelacica-Zagreb_Central_Croatia.html
Jelacic Square (Trg Bana Josipa Jelacica), 19, 120, Points of Interest & Landmarks & Monuments & Statues & Flea & Street Markets & Points of Interest & Landmarks & Monuments & Statues & Flea & Street Markets, Europe & Croatia & Central Croatia & Zagreb & Things to Do in Zagreb, 4.0, 45.813137, 15.976653, 620347645, 20180901, 20180901, 4.0, LolaGo1, /Profile/LolaGo1, 87ba2d1b55f0773ce59d0518171a357a, /Attraction_Review-g294454-d316800-Reviews-Jelacic_Square_Trg_Bana_Josipa_Jelacica-Zagreb_Central_Croatia.html
Jelacic Square (Trg Bana Josipa Jelacica), 19, 120, Points of Interest & Landmarks & Monuments & Statues & Flea & Street Markets & Points of Interest & Landmarks & Monuments & Statues & Flea & Street Markets, Europe & Croatia & Central Croatia & Zagreb & Things to Do in Zagreb, 4.0, 45.813137, 15.976653, 619534437, 20180901, 20180901, 5.0, Alan G, /Profile/alang50, 21d2d95ed801e4c326bb89eabbcd9b67, /Attraction_Review-g294454-d316800-Reviews-Jelacic_Square_Trg_Bana_Josipa_Jelacica-Zagreb_Central_Croatia.html
