review_location_name, review_current_page, review_last_page, review_location_type, review_location_breadcrumbs, review_location_rate, location_lat, location_lng, review_id, review_date, review_experience_date, review_rate, user_name, user_link, user_id, parent_url
Walls of Dubrovnik, 497, 3165, Historic Sites & Historic Walking Areas & Historic Sites & Historic Walking Areas, Europe & Croatia & Dalmatia & Dubrovnik-Neretva County & Dubrovnik & Things to Do in Dubrovnik, 4.5, 42.64174, 18.10734, 586142088, 20180601, 20180501, 5.0, Mark K, /Profile/markkP3479RD, 1773c919593814193739acf7bd56c5b6, /Attraction_Review-g295371-d522915-Reviews-Walls_of_Dubrovnik-Dubrovnik_Dubrovnik_Neretva_County_Dalmatia.html
Walls of Dubrovnik, 497, 3165, Historic Sites & Historic Walking Areas & Historic Sites & Historic Walking Areas, Europe & Croatia & Dalmatia & Dubrovnik-Neretva County & Dubrovnik & Things to Do in Dubrovnik, 4.5, 42.64174, 18.10734, 586062989, 20180601, 20180601, 5.0, Stephanie C, /Profile/W1845WVstephaniec, 20e39f4073c84681881c7dfb122749ea, /Attraction_Review-g295371-d522915-Reviews-Walls_of_Dubrovnik-Dubrovnik_Dubrovnik_Neretva_County_Dalmatia.html
Walls of Dubrovnik, 497, 3165, Historic Sites & Historic Walking Areas & Historic Sites & Historic Walking Areas, Europe & Croatia & Dalmatia & Dubrovnik-Neretva County & Dubrovnik & Things to Do in Dubrovnik, 4.5, 42.64174, 18.10734, 586061694, 20180601, 20180601, 5.0, Jennifer K, /Profile/F6782FWjenniferk, f5fdefe3b4d9c151cdda914731907974, /Attraction_Review-g295371-d522915-Reviews-Walls_of_Dubrovnik-Dubrovnik_Dubrovnik_Neretva_County_Dalmatia.html
Walls of Dubrovnik, 497, 3165, Historic Sites & Historic Walking Areas & Historic Sites & Historic Walking Areas, Europe & Croatia & Dalmatia & Dubrovnik-Neretva County & Dubrovnik & Things to Do in Dubrovnik, 4.5, 42.64174, 18.10734, 586052298, 20180601, 20180301, 5.0, jack4074, /Profile/jack4074, 4b8217e75e36073e0b34f2b65cf9f239, /Attraction_Review-g295371-d522915-Reviews-Walls_of_Dubrovnik-Dubrovnik_Dubrovnik_Neretva_County_Dalmatia.html
Walls of Dubrovnik, 497, 3165, Historic Sites & Historic Walking Areas & Historic Sites & Historic Walking Areas, Europe & Croatia & Dalmatia & Dubrovnik-Neretva County & Dubrovnik & Things to Do in Dubrovnik, 4.5, 42.64174, 18.10734, 586048794, 20180601, 20180501, 5.0, OJG2013, /Profile/OJG2013, 614930019e76c251ffae551bf6321528, /Attraction_Review-g295371-d522915-Reviews-Walls_of_Dubrovnik-Dubrovnik_Dubrovnik_Neretva_County_Dalmatia.html
