review_location_name, review_current_page, review_last_page, review_location_type, review_location_breadcrumbs, review_location_rate, location_lat, location_lng, review_id, review_date, review_experience_date, review_rate, user_name, user_link, user_id, parent_url
The Peristyle of Diocletian's Palace, 59, 176, Points of Interest & Landmarks & Points of Interest & Landmarks, Europe & Croatia & Dalmatia & Split-Dalmatia County & Split & Things to Do in Split, 4.5, 43.50882, 16.44042, 543486672, 20171101, 20171001, 5.0, Caroline E, /Profile/carolinee71, f83d2e11f4e72d8e6feeeaf9c14a511e, /Attraction_Review-g295370-d4816096-Reviews-The_Peristyle_of_Diocletian_s_Palace-Split_Split_Dalmatia_County_Dalmatia.html
The Peristyle of Diocletian's Palace, 59, 176, Points of Interest & Landmarks & Points of Interest & Landmarks, Europe & Croatia & Dalmatia & Split-Dalmatia County & Split & Things to Do in Split, 4.5, 43.50882, 16.44042, 543469596, 20171101, 20171101, 5.0, DolceVita_9, /Profile/DolceVita_9, 2359402cb05c25a2ae76b6be1ea48ed8, /Attraction_Review-g295370-d4816096-Reviews-The_Peristyle_of_Diocletian_s_Palace-Split_Split_Dalmatia_County_Dalmatia.html
The Peristyle of Diocletian's Palace, 59, 176, Points of Interest & Landmarks & Points of Interest & Landmarks, Europe & Croatia & Dalmatia & Split-Dalmatia County & Split & Things to Do in Split, 4.5, 43.50882, 16.44042, 543277231, 20171101, 20170901, 4.0, Andrew C, /Profile/andrewcS4081SY, 25cbab60d15e9f88885642095467b575, /Attraction_Review-g295370-d4816096-Reviews-The_Peristyle_of_Diocletian_s_Palace-Split_Split_Dalmatia_County_Dalmatia.html
The Peristyle of Diocletian's Palace, 59, 176, Points of Interest & Landmarks & Points of Interest & Landmarks, Europe & Croatia & Dalmatia & Split-Dalmatia County & Split & Things to Do in Split, 4.5, 43.50882, 16.44042, 543064077, 20171101, 20171101, 5.0, travelingman&woman, /Profile/Experience802705, 6b8a86766896ef322859ad7b62a5be75, /Attraction_Review-g295370-d4816096-Reviews-The_Peristyle_of_Diocletian_s_Palace-Split_Split_Dalmatia_County_Dalmatia.html
The Peristyle of Diocletian's Palace, 59, 176, Points of Interest & Landmarks & Points of Interest & Landmarks, Europe & Croatia & Dalmatia & Split-Dalmatia County & Split & Things to Do in Split, 4.5, 43.50882, 16.44042, 543022760, 20171101, 20170501, 5.0, mitch2294, /Profile/mitch2294, 31ac05aac5b30b802d8c4f3311fe5539, /Attraction_Review-g295370-d4816096-Reviews-The_Peristyle_of_Diocletian_s_Palace-Split_Split_Dalmatia_County_Dalmatia.html
