review_location_name, review_current_page, review_last_page, review_location_type, review_location_breadcrumbs, review_location_rate, location_lat, location_lng, review_id, review_date, review_experience_date, review_rate, user_name, user_link, user_id, parent_url
Krilo Ferry, 6, 21, Ferries & Ferries, Europe & Croatia & Dalmatia & Split-Dalmatia County & Krilo Jesenice & Things to Do in Krilo Jesenice, 3.5, 43.461273, 16.599417, 693600360, 20190701, 20190701, 4.0, kathycool77, /Profile/kathycool77, 8fe1f41330845019670e9374e73ea0f5, /Attraction_Review-g2034431-d8744085-Reviews-Krilo_Ferry-Krilo_Jesenice_Split_Dalmatia_County_Dalmatia.html
Krilo Ferry, 6, 21, Ferries & Ferries, Europe & Croatia & Dalmatia & Split-Dalmatia County & Krilo Jesenice & Things to Do in Krilo Jesenice, 3.5, 43.461273, 16.599417, 690280543, 20190701, 20190701, 3.0, John D, /Profile/I3335FYjohnd, ad1f9ef2a019ec9c6559c975bd77d8ff, /Attraction_Review-g2034431-d8744085-Reviews-Krilo_Ferry-Krilo_Jesenice_Split_Dalmatia_County_Dalmatia.html
Krilo Ferry, 6, 21, Ferries & Ferries, Europe & Croatia & Dalmatia & Split-Dalmatia County & Krilo Jesenice & Things to Do in Krilo Jesenice, 3.5, 43.461273, 16.599417, 689697531, 20190701, 20190701, 5.0, Scoutyyy, /Profile/Scoutyyy, b5deb56733cdbadaa05bb229c9dbe263, /Attraction_Review-g2034431-d8744085-Reviews-Krilo_Ferry-Krilo_Jesenice_Split_Dalmatia_County_Dalmatia.html
Krilo Ferry, 6, 21, Ferries & Ferries, Europe & Croatia & Dalmatia & Split-Dalmatia County & Krilo Jesenice & Things to Do in Krilo Jesenice, 3.5, 43.461273, 16.599417, 688195625, 20190701, 20190701, 5.0, Christine B, /Profile/X5977JNchristineb, 59f669cfb65f4c505ea5051e432b04a9, /Attraction_Review-g2034431-d8744085-Reviews-Krilo_Ferry-Krilo_Jesenice_Split_Dalmatia_County_Dalmatia.html
Krilo Ferry, 6, 21, Ferries & Ferries, Europe & Croatia & Dalmatia & Split-Dalmatia County & Krilo Jesenice & Things to Do in Krilo Jesenice, 3.5, 43.461273, 16.599417, 685340745, 20190601, 20190601, 1.0, Grace B, /Profile/graceb700, 4d99b7bf011913ae56165b2e58d99fb8, /Attraction_Review-g2034431-d8744085-Reviews-Krilo_Ferry-Krilo_Jesenice_Split_Dalmatia_County_Dalmatia.html
