review_location_name, review_current_page, review_last_page, review_location_type, review_location_breadcrumbs, review_location_rate, location_lat, location_lng, review_id, review_date, review_experience_date, review_rate, user_name, user_link, user_id, parent_url
Historic City of Trogir, 190, 251, Historic Sites & Historic Sites, Europe & Croatia & Dalmatia & Split-Dalmatia County & Trogir & Things to Do in Trogir, 4.5, 43.515614, 16.249449, 276102478, 20150501, 20150501, 4.0, steve r, /Profile/stever593, b0a8ffcd8ed22d18abe95a3d8be46177, /Attraction_Review-g303838-d523456-Reviews-Historic_City_of_Trogir-Trogir_Split_Dalmatia_County_Dalmatia.html
Historic City of Trogir, 190, 251, Historic Sites & Historic Sites, Europe & Croatia & Dalmatia & Split-Dalmatia County & Trogir & Things to Do in Trogir, 4.5, 43.515614, 16.249449, 275726013, 20150501, 20150501, 5.0, Traveler1, /Profile/tjanderson5, 3ff77c72dae31bac674fee6fd80c89ff, /Attraction_Review-g303838-d523456-Reviews-Historic_City_of_Trogir-Trogir_Split_Dalmatia_County_Dalmatia.html
Historic City of Trogir, 190, 251, Historic Sites & Historic Sites, Europe & Croatia & Dalmatia & Split-Dalmatia County & Trogir & Things to Do in Trogir, 4.5, 43.515614, 16.249449, 275482458, 20150501, 20150501, 5.0, EastSussexArnold, /Profile/EastSussexArnold, 7240b4149acac6e5b234507a14b42d4d, /Attraction_Review-g303838-d523456-Reviews-Historic_City_of_Trogir-Trogir_Split_Dalmatia_County_Dalmatia.html
Historic City of Trogir, 190, 251, Historic Sites & Historic Sites, Europe & Croatia & Dalmatia & Split-Dalmatia County & Trogir & Things to Do in Trogir, 4.5, 43.515614, 16.249449, 275428642, 20150501, 20150501, 4.0, Marcia B, /Profile/409marciab, dbbdd19b15564f7db3d6bc750910cb87, /Attraction_Review-g303838-d523456-Reviews-Historic_City_of_Trogir-Trogir_Split_Dalmatia_County_Dalmatia.html
Historic City of Trogir, 190, 251, Historic Sites & Historic Sites, Europe & Croatia & Dalmatia & Split-Dalmatia County & Trogir & Things to Do in Trogir, 4.5, 43.515614, 16.249449, 274729648, 20150501, 20150501, 5.0, Jim R, /Profile/jimrob233, 6de9573b1a2cc4c8659e1e2e3278e5a1, /Attraction_Review-g303838-d523456-Reviews-Historic_City_of_Trogir-Trogir_Split_Dalmatia_County_Dalmatia.html
