review_location_name, review_current_page, review_last_page, review_location_type, review_location_breadcrumbs, review_location_rate, location_lat, location_lng, review_id, review_date, review_experience_date, review_rate, user_name, user_link, user_id, parent_url
Fort Lovrijenac, 42, 191, Historic Sites & Historic Sites, Europe & Croatia & Dalmatia & Dubrovnik-Neretva County & Dubrovnik & Things to Do in Dubrovnik, 4.5, 42.640884, 18.104162, 612455697, 20180801, 20180801, 4.0, irina j, /Profile/265irinaj, b6a380582f2ea278f22a4011e9a630e7, /Attraction_Review-g295371-d523463-Reviews-Fort_Lovrijenac-Dubrovnik_Dubrovnik_Neretva_County_Dalmatia.html
Fort Lovrijenac, 42, 191, Historic Sites & Historic Sites, Europe & Croatia & Dalmatia & Dubrovnik-Neretva County & Dubrovnik & Things to Do in Dubrovnik, 4.5, 42.640884, 18.104162, 611991649, 20180801, 20180801, 5.0, Alessandro-Pietro, /Profile/Alessandro-Pietro, ee047200549d3cca245398b5ee2fcfc7, /Attraction_Review-g295371-d523463-Reviews-Fort_Lovrijenac-Dubrovnik_Dubrovnik_Neretva_County_Dalmatia.html
Fort Lovrijenac, 42, 191, Historic Sites & Historic Sites, Europe & Croatia & Dalmatia & Dubrovnik-Neretva County & Dubrovnik & Things to Do in Dubrovnik, 4.5, 42.640884, 18.104162, 611423375, 20180801, 20180801, 5.0, HoosierWisdom, /Profile/HoosierWisdom, c70996b702fd73831e27030c058ceb47, /Attraction_Review-g295371-d523463-Reviews-Fort_Lovrijenac-Dubrovnik_Dubrovnik_Neretva_County_Dalmatia.html
Fort Lovrijenac, 42, 191, Historic Sites & Historic Sites, Europe & Croatia & Dalmatia & Dubrovnik-Neretva County & Dubrovnik & Things to Do in Dubrovnik, 4.5, 42.640884, 18.104162, 610007427, 20180801, 20180501, 4.0, Carol A S, /Profile/carolas936, 1c912a0b6f40d4919b5cc3da9cf8cd8d, /Attraction_Review-g295371-d523463-Reviews-Fort_Lovrijenac-Dubrovnik_Dubrovnik_Neretva_County_Dalmatia.html
Fort Lovrijenac, 42, 191, Historic Sites & Historic Sites, Europe & Croatia & Dalmatia & Dubrovnik-Neretva County & Dubrovnik & Things to Do in Dubrovnik, 4.5, 42.640884, 18.104162, 609685884, 20180801, 20180801, 5.0, Matěj S, /Profile/226mat_js, 60ebb7fde247ff16043a8d72ca574707, /Attraction_Review-g295371-d523463-Reviews-Fort_Lovrijenac-Dubrovnik_Dubrovnik_Neretva_County_Dalmatia.html
