review_location_name, review_current_page, review_last_page, review_location_type, review_location_breadcrumbs, review_location_rate, location_lat, location_lng, review_id, review_date, review_experience_date, review_rate, user_name, user_link, user_id, parent_url
Old Town, 1832, 2476, Neighborhoods & Neighborhoods, Europe & Croatia & Dalmatia & Dubrovnik-Neretva County & Dubrovnik & Things to Do in Dubrovnik, 4.5, 42.64129, 18.109331, 280377796, 20150601, 20150601, 5.0, Grant H, /Profile/GrantH481, 1c2989ec8f6ab51925f406925100a51b, /Attraction_Review-g295371-d550317-Reviews-Old_Town-Dubrovnik_Dubrovnik_Neretva_County_Dalmatia.html
Old Town, 1832, 2476, Neighborhoods & Neighborhoods, Europe & Croatia & Dalmatia & Dubrovnik-Neretva County & Dubrovnik & Things to Do in Dubrovnik, 4.5, 42.64129, 18.109331, 280358655, 20150601, 20150501, 5.0, BMW0311983, /Profile/BMW0311983, 8344d51b17b56129892d735b6692df95, /Attraction_Review-g295371-d550317-Reviews-Old_Town-Dubrovnik_Dubrovnik_Neretva_County_Dalmatia.html
Old Town, 1832, 2476, Neighborhoods & Neighborhoods, Europe & Croatia & Dalmatia & Dubrovnik-Neretva County & Dubrovnik & Things to Do in Dubrovnik, 4.5, 42.64129, 18.109331, 280310222, 20150601, 20150601, 3.0, Robin L, /Profile/guycan2, 13f8f49956ddb10e50239c603e33cca2, /Attraction_Review-g295371-d550317-Reviews-Old_Town-Dubrovnik_Dubrovnik_Neretva_County_Dalmatia.html
Old Town, 1832, 2476, Neighborhoods & Neighborhoods, Europe & Croatia & Dalmatia & Dubrovnik-Neretva County & Dubrovnik & Things to Do in Dubrovnik, 4.5, 42.64129, 18.109331, 280308075, 20150601, 20150601, 5.0, 42lynnp, /Profile/42lynnp, 48faa501388fb19d8c61cef6751e3019, /Attraction_Review-g295371-d550317-Reviews-Old_Town-Dubrovnik_Dubrovnik_Neretva_County_Dalmatia.html
Old Town, 1832, 2476, Neighborhoods & Neighborhoods, Europe & Croatia & Dalmatia & Dubrovnik-Neretva County & Dubrovnik & Things to Do in Dubrovnik, 4.5, 42.64129, 18.109331, 280299066, 20150601, 20150501, 4.0, Micke P, /Profile/mickep_13, ccfa10991e0dfe7258a2d77f827709a0, /Attraction_Review-g295371-d550317-Reviews-Old_Town-Dubrovnik_Dubrovnik_Neretva_County_Dalmatia.html
