review_location_name, review_current_page, review_last_page, review_location_type, review_location_breadcrumbs, review_location_rate, location_lat, location_lng, review_id, review_date, review_experience_date, review_rate, user_name, user_link, user_id, parent_url
Maksimir Park (Maksimirirski perivoj), 11, 70, Zoos & Parks & Zoos & Parks, Europe & Croatia & Central Croatia & Zagreb & Things to Do in Zagreb, 4.5, 45.81957, 16.0157, 582441665, 20180501, 20180501, 3.0, pamiller1, /Profile/pamiller1, c9a3b6866885e6c8b1352f33df9f57e3, /Attraction_Review-g294454-d316808-Reviews-Maksimir_Park_Maksimirirski_perivoj-Zagreb_Central_Croatia.html
Maksimir Park (Maksimirirski perivoj), 11, 70, Zoos & Parks & Zoos & Parks, Europe & Croatia & Central Croatia & Zagreb & Things to Do in Zagreb, 4.5, 45.81957, 16.0157, 581421423, 20180501, 20170901, 5.0, Nayara S, /Profile/nayaras225, b1530239d2fbbf5a257ddcf7242754e5, /Attraction_Review-g294454-d316808-Reviews-Maksimir_Park_Maksimirirski_perivoj-Zagreb_Central_Croatia.html
Maksimir Park (Maksimirirski perivoj), 11, 70, Zoos & Parks & Zoos & Parks, Europe & Croatia & Central Croatia & Zagreb & Things to Do in Zagreb, 4.5, 45.81957, 16.0157, 581146749, 20180501, 20180501, 4.0, prathibha_pb, /Profile/prathibha_pb, 34abb271d912023fd6511485bbd4b3e6, /Attraction_Review-g294454-d316808-Reviews-Maksimir_Park_Maksimirirski_perivoj-Zagreb_Central_Croatia.html
Maksimir Park (Maksimirirski perivoj), 11, 70, Zoos & Parks & Zoos & Parks, Europe & Croatia & Central Croatia & Zagreb & Things to Do in Zagreb, 4.5, 45.81957, 16.0157, 579821096, 20180501, 20180501, 5.0, SandarM, /Profile/SandarM, d894c38b1be3e4867fdfeecd3da55e70, /Attraction_Review-g294454-d316808-Reviews-Maksimir_Park_Maksimirirski_perivoj-Zagreb_Central_Croatia.html
Maksimir Park (Maksimirirski perivoj), 11, 70, Zoos & Parks & Zoos & Parks, Europe & Croatia & Central Croatia & Zagreb & Things to Do in Zagreb, 4.5, 45.81957, 16.0157, 576427220, 20180401, 20180301, 4.0, Slavica R, /Profile/592slavicar, b2b108b91b241c29a980527e37087d38, /Attraction_Review-g294454-d316808-Reviews-Maksimir_Park_Maksimirirski_perivoj-Zagreb_Central_Croatia.html
