review_location_name, review_current_page, review_last_page, review_location_type, review_location_breadcrumbs, review_location_rate, location_lat, location_lng, review_id, review_date, review_experience_date, review_rate, user_name, user_link, user_id, parent_url
Museum of Croatian War of Independence, 122, 148, Military Museums & Military Museums, Europe & Croatia & Dalmatia & Dubrovnik-Neretva County & Dubrovnik & Things to Do in Dubrovnik, 4.0, 42.649815, 18.110832, 211247611, 20140601, 20140501, 5.0, livetotravel, /Profile/livetotravel, e6cdfdc588d677dde660ec591ea9a598, /Attraction_Review-g295371-d2069404-Reviews-Museum_of_Croatian_War_of_Independence-Dubrovnik_Dubrovnik_Neretva_County_Dalmati.html
Museum of Croatian War of Independence, 122, 148, Military Museums & Military Museums, Europe & Croatia & Dalmatia & Dubrovnik-Neretva County & Dubrovnik & Things to Do in Dubrovnik, 4.0, 42.649815, 18.110832, 211046849, 20140601, 20140601, 4.0, schba, /Profile/schba, 177941603db45dcf0c3f2bac1528ab18, /Attraction_Review-g295371-d2069404-Reviews-Museum_of_Croatian_War_of_Independence-Dubrovnik_Dubrovnik_Neretva_County_Dalmati.html
Museum of Croatian War of Independence, 122, 148, Military Museums & Military Museums, Europe & Croatia & Dalmatia & Dubrovnik-Neretva County & Dubrovnik & Things to Do in Dubrovnik, 4.0, 42.649815, 18.110832, 210952897, 20140601, 20140601, 4.0, bschmidt2014, /Profile/bschmidt2014, 207a3e9101fcf898bc85ac244d9de117, /Attraction_Review-g295371-d2069404-Reviews-Museum_of_Croatian_War_of_Independence-Dubrovnik_Dubrovnik_Neretva_County_Dalmati.html
Museum of Croatian War of Independence, 122, 148, Military Museums & Military Museums, Europe & Croatia & Dalmatia & Dubrovnik-Neretva County & Dubrovnik & Things to Do in Dubrovnik, 4.0, 42.649815, 18.110832, 210633647, 20140601, 20140601, 5.0, Konstanza, /Profile/Konstanza, 3a62ba814ed6ce5d42882ea8426d3a60, /Attraction_Review-g295371-d2069404-Reviews-Museum_of_Croatian_War_of_Independence-Dubrovnik_Dubrovnik_Neretva_County_Dalmati.html
Museum of Croatian War of Independence, 122, 148, Military Museums & Military Museums, Europe & Croatia & Dalmatia & Dubrovnik-Neretva County & Dubrovnik & Things to Do in Dubrovnik, 4.0, 42.649815, 18.110832, 210257040, 20140601, 20140601, 4.0, 1984abrcem, /Profile/1984abrcem, 4c0a3ce4a98bf5cddfc8ae9a4992803b, /Attraction_Review-g295371-d2069404-Reviews-Museum_of_Croatian_War_of_Independence-Dubrovnik_Dubrovnik_Neretva_County_Dalmati.html
