review_location_name, review_current_page, review_last_page, review_location_type, review_location_breadcrumbs, review_location_rate, location_lat, location_lng, review_id, review_date, review_experience_date, review_rate, user_name, user_link, user_id, parent_url
Dolac Market, 30, 57, Farmers Markets & Farmers Markets, Europe & Croatia & Central Croatia & Zagreb & Things to Do in Zagreb, 4.0, 45.814255, 15.977222, 429011354, 20161001, 20160901, 5.0, Erica F, /Profile/690ericaf, 03f8b345a72fb7df6c698f88dfae16d3, /Attraction_Review-g294454-d548398-Reviews-Dolac_Market-Zagreb_Central_Croatia.html
Dolac Market, 30, 57, Farmers Markets & Farmers Markets, Europe & Croatia & Central Croatia & Zagreb & Things to Do in Zagreb, 4.0, 45.814255, 15.977222, 428028394, 20161001, 20160901, 4.0, Purobi, /Profile/Purobi, 84fde4e2c327efd416fb273afdc83ccf, /Attraction_Review-g294454-d548398-Reviews-Dolac_Market-Zagreb_Central_Croatia.html
Dolac Market, 30, 57, Farmers Markets & Farmers Markets, Europe & Croatia & Central Croatia & Zagreb & Things to Do in Zagreb, 4.0, 45.814255, 15.977222, 427156495, 20161001, 20161001, 5.0, drjsaleh, /Profile/TravellingBoneDoctor, f3357ecf74c52cce49a161ef791051ba, /Attraction_Review-g294454-d548398-Reviews-Dolac_Market-Zagreb_Central_Croatia.html
Dolac Market, 30, 57, Farmers Markets & Farmers Markets, Europe & Croatia & Central Croatia & Zagreb & Things to Do in Zagreb, 4.0, 45.814255, 15.977222, 425698542, 20161001, 20161001, 3.0, Aragorn65, /Profile/Aragorn65, d517357dfc21552b8684a0de01dfa9ba, /Attraction_Review-g294454-d548398-Reviews-Dolac_Market-Zagreb_Central_Croatia.html
Dolac Market, 30, 57, Farmers Markets & Farmers Markets, Europe & Croatia & Central Croatia & Zagreb & Things to Do in Zagreb, 4.0, 45.814255, 15.977222, 424827791, 20161001, 20160901, 4.0, BKandCB, /Profile/BKandCB, d894534f9a9113ebd4591ef2394feb55, /Attraction_Review-g294454-d548398-Reviews-Dolac_Market-Zagreb_Central_Croatia.html
