review_location_name, review_current_page, review_last_page, review_location_type, review_location_breadcrumbs, review_location_rate, location_lat, location_lng, review_id, review_date, review_experience_date, review_rate, user_name, user_link, user_id, parent_url
Zrinjevac, 60, 65, Parks & Parks, Europe & Croatia & Central Croatia & Zagreb & Things to Do in Zagreb, 4.5, 45.810883, 15.978029, 193117384, 20140201, 20140201, 5.0, Snipperton, /Profile/Snipperton, a1439d6b2205ade7d2c92470c5450cfd, /Attraction_Review-g294454-d549623-Reviews-Zrinjevac-Zagreb_Central_Croatia.html
Zrinjevac, 60, 65, Parks & Parks, Europe & Croatia & Central Croatia & Zagreb & Things to Do in Zagreb, 4.5, 45.810883, 15.978029, 192737140, 20140201, 20140201, 5.0, Predrag R, /Profile/predragr2014, 058388479a8279db10ff43007631f8aa, /Attraction_Review-g294454-d549623-Reviews-Zrinjevac-Zagreb_Central_Croatia.html
Zrinjevac, 60, 65, Parks & Parks, Europe & Croatia & Central Croatia & Zagreb & Things to Do in Zagreb, 4.5, 45.810883, 15.978029, 189667373, 20140101, 20140101, 4.0, taarna_hendrix, /Profile/taarna_hendrix, bce2780bf672060aa66a4259c05da2b5, /Attraction_Review-g294454-d549623-Reviews-Zrinjevac-Zagreb_Central_Croatia.html
Zrinjevac, 60, 65, Parks & Parks, Europe & Croatia & Central Croatia & Zagreb & Things to Do in Zagreb, 4.5, 45.810883, 15.978029, 176876135, 20130901, 20121001, 5.0, Bosniangirl87, /Profile/Bosniangirl87, e5cf9e946d9492f693cf216c13f9fb03, /Attraction_Review-g294454-d549623-Reviews-Zrinjevac-Zagreb_Central_Croatia.html
Zrinjevac, 60, 65, Parks & Parks, Europe & Croatia & Central Croatia & Zagreb & Things to Do in Zagreb, 4.5, 45.810883, 15.978029, 174491029, 20130801, 20130801, 4.0, dora4444, /Profile/dora4444, c421436910a592d07e923ae728c58bfd, /Attraction_Review-g294454-d549623-Reviews-Zrinjevac-Zagreb_Central_Croatia.html
