review_location_name, review_current_page, review_last_page, review_location_type, review_location_breadcrumbs, review_location_rate, location_lat, location_lng, review_id, review_date, review_experience_date, review_rate, user_name, user_link, user_id, parent_url
Jarun Lake, 36, 48, Bodies of Water & Sports Complexes & Nature & Wildlife Areas & Bodies of Water & Sports Complexes & Nature & Wildlife Areas, Europe & Croatia & Central Croatia & Zagreb & Things to Do in Zagreb, 4.5, 45.77963, 15.93005, 221428727, 20140801, 20140601, 5.0, Josip M, /Profile/josipm554, 47fccccf08561ee8160e83a015e8d0dd, /Attraction_Review-g294454-d549626-Reviews-Jarun_Lake-Zagreb_Central_Croatia.html
Jarun Lake, 36, 48, Bodies of Water & Sports Complexes & Nature & Wildlife Areas & Bodies of Water & Sports Complexes & Nature & Wildlife Areas, Europe & Croatia & Central Croatia & Zagreb & Things to Do in Zagreb, 4.5, 45.77963, 15.93005, 219500314, 20140801, 20130901, 4.0, Sn34ks, /Profile/Sn34ks, 511ba47b144a31d3de6052e11e6e6e9c, /Attraction_Review-g294454-d549626-Reviews-Jarun_Lake-Zagreb_Central_Croatia.html
Jarun Lake, 36, 48, Bodies of Water & Sports Complexes & Nature & Wildlife Areas & Bodies of Water & Sports Complexes & Nature & Wildlife Areas, Europe & Croatia & Central Croatia & Zagreb & Things to Do in Zagreb, 4.5, 45.77963, 15.93005, 218830743, 20140801, 20131101, 2.0, vu s, /Profile/807vus, 9ac937962b5cdde0c2ba4ef1a39b3815, /Attraction_Review-g294454-d549626-Reviews-Jarun_Lake-Zagreb_Central_Croatia.html
Jarun Lake, 36, 48, Bodies of Water & Sports Complexes & Nature & Wildlife Areas & Bodies of Water & Sports Complexes & Nature & Wildlife Areas, Europe & Croatia & Central Croatia & Zagreb & Things to Do in Zagreb, 4.5, 45.77963, 15.93005, 218710167, 20140701, 20140701, 4.0, gmfromnearlondon, /Profile/gmfromnearlondon, 37d5cf5c22b18a7e9d673da9ccd27ad3, /Attraction_Review-g294454-d549626-Reviews-Jarun_Lake-Zagreb_Central_Croatia.html
Jarun Lake, 36, 48, Bodies of Water & Sports Complexes & Nature & Wildlife Areas & Bodies of Water & Sports Complexes & Nature & Wildlife Areas, Europe & Croatia & Central Croatia & Zagreb & Things to Do in Zagreb, 4.5, 45.77963, 15.93005, 212222048, 20140601, 20140601, 5.0, madham339, /Profile/madham339, 57a87914fa9b38ed494799c9ad063a6c, /Attraction_Review-g294454-d549626-Reviews-Jarun_Lake-Zagreb_Central_Croatia.html
