review_location_name, review_current_page, review_last_page, review_location_type, review_location_breadcrumbs, review_location_rate, location_lat, location_lng, review_id, review_date, review_experience_date, review_rate, user_name, user_link, user_id, parent_url
Old Town, 945, 2476, Neighborhoods & Neighborhoods, Europe & Croatia & Dalmatia & Dubrovnik-Neretva County & Dubrovnik & Things to Do in Dubrovnik, 4.5, 42.64129, 18.109331, 499636919, 20170701, 20170701, 5.0, iLiasMrg, /Profile/iLIasMrg, 464dd1ed10faa6f92e7e017453e221ef, /Attraction_Review-g295371-d550317-Reviews-Old_Town-Dubrovnik_Dubrovnik_Neretva_County_Dalmatia.html
Old Town, 945, 2476, Neighborhoods & Neighborhoods, Europe & Croatia & Dalmatia & Dubrovnik-Neretva County & Dubrovnik & Things to Do in Dubrovnik, 4.5, 42.64129, 18.109331, 499497342, 20170701, 20170701, 5.0, Rick G, /Profile/305rickg, 1e15c5bc4409af774395abcca4bb7e88, /Attraction_Review-g295371-d550317-Reviews-Old_Town-Dubrovnik_Dubrovnik_Neretva_County_Dalmatia.html
Old Town, 945, 2476, Neighborhoods & Neighborhoods, Europe & Croatia & Dalmatia & Dubrovnik-Neretva County & Dubrovnik & Things to Do in Dubrovnik, 4.5, 42.64129, 18.109331, 499489922, 20170701, 20170601, 5.0, leenabloxham, /Profile/leenabloxham, 2dabec4f8784071d5ccc4910e43e692d, /Attraction_Review-g295371-d550317-Reviews-Old_Town-Dubrovnik_Dubrovnik_Neretva_County_Dalmatia.html
Old Town, 945, 2476, Neighborhoods & Neighborhoods, Europe & Croatia & Dalmatia & Dubrovnik-Neretva County & Dubrovnik & Things to Do in Dubrovnik, 4.5, 42.64129, 18.109331, 499442377, 20170701, 20170701, 4.0, Marc R, /Profile/887marcr, 4e616ffe96a748db2aa0f2fd50da9cd8, /Attraction_Review-g295371-d550317-Reviews-Old_Town-Dubrovnik_Dubrovnik_Neretva_County_Dalmatia.html
Old Town, 945, 2476, Neighborhoods & Neighborhoods, Europe & Croatia & Dalmatia & Dubrovnik-Neretva County & Dubrovnik & Things to Do in Dubrovnik, 4.5, 42.64129, 18.109331, 499366538, 20170701, 20170601, 5.0, Bidyut S, /Profile/BidyutS1, fce105aec662ba156bb70eda80f501fc, /Attraction_Review-g295371-d550317-Reviews-Old_Town-Dubrovnik_Dubrovnik_Neretva_County_Dalmatia.html
