review_location_name, review_current_page, review_last_page, review_location_type, review_location_breadcrumbs, review_location_rate, location_lat, location_lng, review_id, review_date, review_experience_date, review_rate, user_name, user_link, user_id, parent_url
Church of St. Euphemia, 36, 128, Churches & Cathedrals & Churches & Cathedrals, Europe & Croatia & Istria & Rovinj & Things to Do in Rovinj, 4.5, 45.08267, 13.63427, 524697469, 20170901, 20170901, 4.0, Katherine M, /Profile/katherinem481, 2cc9f51ce45408191ea21e715d54e315, /Attraction_Review-g303833-d553577-Reviews-Church_of_St_Euphemia-Rovinj_Istria.html
Church of St. Euphemia, 36, 128, Churches & Cathedrals & Churches & Cathedrals, Europe & Croatia & Istria & Rovinj & Things to Do in Rovinj, 4.5, 45.08267, 13.63427, 523076403, 20170901, 20170401, 5.0, Kresimir_Bartulovic, /Profile/KresimirBartulovic, e0021c15da72bcb14899402c5fc1acb0, /Attraction_Review-g303833-d553577-Reviews-Church_of_St_Euphemia-Rovinj_Istria.html
Church of St. Euphemia, 36, 128, Churches & Cathedrals & Churches & Cathedrals, Europe & Croatia & Istria & Rovinj & Things to Do in Rovinj, 4.5, 45.08267, 13.63427, 521787144, 20170901, 20170901, 5.0, Timo Noe D, /Profile/timonoed, 7852f4e4417af066f00b9113525d82ce, /Attraction_Review-g303833-d553577-Reviews-Church_of_St_Euphemia-Rovinj_Istria.html
Church of St. Euphemia, 36, 128, Churches & Cathedrals & Churches & Cathedrals, Europe & Croatia & Istria & Rovinj & Things to Do in Rovinj, 4.5, 45.08267, 13.63427, 521361646, 20170901, 20170601, 4.0, SagarVS, /Profile/SagarVS, 6a0a1fe65a411af901db7b1b30ba2579, /Attraction_Review-g303833-d553577-Reviews-Church_of_St_Euphemia-Rovinj_Istria.html
Church of St. Euphemia, 36, 128, Churches & Cathedrals & Churches & Cathedrals, Europe & Croatia & Istria & Rovinj & Things to Do in Rovinj, 4.5, 45.08267, 13.63427, 520570555, 20170901, 20170801, 5.0, mhalacska, /Profile/mhalacska, 20255cc938e6de1351293be749c9643c, /Attraction_Review-g303833-d553577-Reviews-Church_of_St_Euphemia-Rovinj_Istria.html
