review_location_name, review_current_page, review_last_page, review_location_type, review_location_breadcrumbs, review_location_rate, location_lat, location_lng, review_id, review_date, review_experience_date, review_rate, user_name, user_link, user_id, parent_url
Kopacki Rit Nature Park, 12, 13, Nature & Wildlife Areas & Parks & Nature & Wildlife Areas & Parks, Europe & Croatia & Slavonia & Osijek-Baranja County & Bilje & Things to Do in Bilje, 4.5, 45.69728, 18.8352, 208007136, 20140501, 20140501, 3.0, Miljenko P, /Profile/Ljacmi, 9266bb3bae8efdc2847e401abd7bfc46, /Attraction_Review-g2539210-d4021720-Reviews-Kopacki_Rit_Nature_Park-Bilje_Osijek_Baranja_County_Slavonia.html
Kopacki Rit Nature Park, 12, 13, Nature & Wildlife Areas & Parks & Nature & Wildlife Areas & Parks, Europe & Croatia & Slavonia & Osijek-Baranja County & Bilje & Things to Do in Bilje, 4.5, 45.69728, 18.8352, 203979151, 20140501, 20140501, 5.0, Gooran_G, /Profile/Gooran_G, d851e2fc98df808f3bd9506912dc7163, /Attraction_Review-g2539210-d4021720-Reviews-Kopacki_Rit_Nature_Park-Bilje_Osijek_Baranja_County_Slavonia.html
Kopacki Rit Nature Park, 12, 13, Nature & Wildlife Areas & Parks & Nature & Wildlife Areas & Parks, Europe & Croatia & Slavonia & Osijek-Baranja County & Bilje & Things to Do in Bilje, 4.5, 45.69728, 18.8352, 201755135, 20140401, 20140401, 5.0, Alisnjic, /Profile/Alisnjic, 70794347c4465a2f647e962f747c89ec, /Attraction_Review-g2539210-d4021720-Reviews-Kopacki_Rit_Nature_Park-Bilje_Osijek_Baranja_County_Slavonia.html
Kopacki Rit Nature Park, 12, 13, Nature & Wildlife Areas & Parks & Nature & Wildlife Areas & Parks, Europe & Croatia & Slavonia & Osijek-Baranja County & Bilje & Things to Do in Bilje, 4.5, 45.69728, 18.8352, 168607903, 20130701, 20130701, 5.0, Josip K, /Profile/J0sipK, 9b77a86f8a96c5f4d467a716f492dd92, /Attraction_Review-g2539210-d4021720-Reviews-Kopacki_Rit_Nature_Park-Bilje_Osijek_Baranja_County_Slavonia.html
Kopacki Rit Nature Park, 12, 13, Nature & Wildlife Areas & Parks & Nature & Wildlife Areas & Parks, Europe & Croatia & Slavonia & Osijek-Baranja County & Bilje & Things to Do in Bilje, 4.5, 45.69728, 18.8352, 166048963, 20130701, 20120801, 5.0, dora4444, /Profile/dora4444, c421436910a592d07e923ae728c58bfd, /Attraction_Review-g2539210-d4021720-Reviews-Kopacki_Rit_Nature_Park-Bilje_Osijek_Baranja_County_Slavonia.html
