review_location_name, review_current_page, review_last_page, review_location_type, review_location_breadcrumbs, review_location_rate, location_lat, location_lng, review_id, review_date, review_experience_date, review_rate, user_name, user_link, user_id, parent_url
Cave Bisevo, 13, 58, Caverns & Caves & Caverns & Caves, Europe & Croatia & Dalmatia & Split-Dalmatia County & Bisevo & Things to Do in Bisevo, 4.0, 42.980217, 16.021996, 509709023, 20170801, 20170801, 4.0, Sightseer712421, /Profile/Sightseer712421, a0bec18eeb96b1a76c18f393d8ea323b, /Attraction_Review-g4604897-d2272742-Reviews-Cave_Bisevo-Bisevo_Split_Dalmatia_County_Dalmatia.html
Cave Bisevo, 13, 58, Caverns & Caves & Caverns & Caves, Europe & Croatia & Dalmatia & Split-Dalmatia County & Bisevo & Things to Do in Bisevo, 4.0, 42.980217, 16.021996, 509646132, 20170801, 20170701, 5.0, Tbrunke, /Profile/Tbrunke, 15d8e0e3fb35a1718ff12bc92b6d84fb, /Attraction_Review-g4604897-d2272742-Reviews-Cave_Bisevo-Bisevo_Split_Dalmatia_County_Dalmatia.html
Cave Bisevo, 13, 58, Caverns & Caves & Caverns & Caves, Europe & Croatia & Dalmatia & Split-Dalmatia County & Bisevo & Things to Do in Bisevo, 4.0, 42.980217, 16.021996, 509581871, 20170801, 20170801, 5.0, Martina B, /Profile/B7373WCmartinab, 353fb9267f23045dcd44f6c407e4732a, /Attraction_Review-g4604897-d2272742-Reviews-Cave_Bisevo-Bisevo_Split_Dalmatia_County_Dalmatia.html
Cave Bisevo, 13, 58, Caverns & Caves & Caverns & Caves, Europe & Croatia & Dalmatia & Split-Dalmatia County & Bisevo & Things to Do in Bisevo, 4.0, 42.980217, 16.021996, 509003402, 20170801, 20170801, 4.0, Adrien P, /Profile/adrienp600, f25c940c39275a6ddcfe06e53b6c2cc9, /Attraction_Review-g4604897-d2272742-Reviews-Cave_Bisevo-Bisevo_Split_Dalmatia_County_Dalmatia.html
Cave Bisevo, 13, 58, Caverns & Caves & Caverns & Caves, Europe & Croatia & Dalmatia & Split-Dalmatia County & Bisevo & Things to Do in Bisevo, 4.0, 42.980217, 16.021996, 508696258, 20170801, 20170701, 5.0, Louise M, /Profile/louisem149, 6f9b558f0934de67499c701b89e6fe0a, /Attraction_Review-g4604897-d2272742-Reviews-Cave_Bisevo-Bisevo_Split_Dalmatia_County_Dalmatia.html
