review_location_name, review_current_page, review_last_page, review_location_type, review_location_breadcrumbs, review_location_rate, location_lat, location_lng, review_id, review_date, review_experience_date, review_rate, user_name, user_link, user_id, parent_url
Klis Fortress, 96, 112, Historic Sites & Historic Sites, Europe & Croatia & Dalmatia & Split-Dalmatia County & Split & Klis & Things to Do in Klis, 4.0, 43.56057, 16.52277, 315497183, 20151001, 20150901, 5.0, SingaporeSnow, /Profile/SingaporeSnow, 9f947ea4b0b9ad0de160facdee9376d7, /Attraction_Review-g1051517-d2356012-Reviews-Klis_Fortress-Klis_Split_Split_Dalmatia_County_Dalmatia.html
Klis Fortress, 96, 112, Historic Sites & Historic Sites, Europe & Croatia & Dalmatia & Split-Dalmatia County & Split & Klis & Things to Do in Klis, 4.0, 43.56057, 16.52277, 315297539, 20151001, 20150501, 5.0, Camping B, /Profile/37campb, a86d5971ef0369f32b67f82519023e83, /Attraction_Review-g1051517-d2356012-Reviews-Klis_Fortress-Klis_Split_Split_Dalmatia_County_Dalmatia.html
Klis Fortress, 96, 112, Historic Sites & Historic Sites, Europe & Croatia & Dalmatia & Split-Dalmatia County & Split & Klis & Things to Do in Klis, 4.0, 43.56057, 16.52277, 315079210, 20150901, 20150901, 5.0, Bogusza, /Profile/Bogusza, 320a5a07e5fb90710756c4152bcad14b, /Attraction_Review-g1051517-d2356012-Reviews-Klis_Fortress-Klis_Split_Split_Dalmatia_County_Dalmatia.html
Klis Fortress, 96, 112, Historic Sites & Historic Sites, Europe & Croatia & Dalmatia & Split-Dalmatia County & Split & Klis & Things to Do in Klis, 4.0, 43.56057, 16.52277, 314855721, 20150901, 20150901, 5.0, Olga L, /Profile/olgal998, 38881d1308c80015fbace0f699b2305b, /Attraction_Review-g1051517-d2356012-Reviews-Klis_Fortress-Klis_Split_Split_Dalmatia_County_Dalmatia.html
Klis Fortress, 96, 112, Historic Sites & Historic Sites, Europe & Croatia & Dalmatia & Split-Dalmatia County & Split & Klis & Things to Do in Klis, 4.0, 43.56057, 16.52277, 314620912, 20150901, 20150901, 4.0, Timotraveler, /Profile/Timotraveler, ad1396aacbb14cb1d35b2b6d25b2adc0, /Attraction_Review-g1051517-d2356012-Reviews-Klis_Fortress-Klis_Split_Split_Dalmatia_County_Dalmatia.html
