review_location_name, review_current_page, review_last_page, review_location_type, review_location_breadcrumbs, review_location_rate, location_lat, location_lng, review_id, review_date, review_experience_date, review_rate, user_name, user_link, user_id, parent_url
Plitvice Lakes National Park, 1172, 1391, National Parks & National Parks, Europe & Croatia & Central Croatia & Plitvice Lakes National Park & Things to Do in Plitvice Lakes National Park, 4.5, 44.883595, 15.618849, 214051930, 20140701, 20140701, 5.0, SlyAge, /Profile/SlyAge, 2114df0156b25ac2aa0523110040bfd1, /Attraction_Review-g303827-d554038-Reviews-Plitvice_Lakes_National_Park-Plitvice_Lakes_National_Park_Central_Croatia.html
Plitvice Lakes National Park, 1172, 1391, National Parks & National Parks, Europe & Croatia & Central Croatia & Plitvice Lakes National Park & Things to Do in Plitvice Lakes National Park, 4.5, 44.883595, 15.618849, 214044614, 20140701, 20140701, 5.0, risanovo, /Profile/risanovo, a56f2f4c92e450059e5256a220566b14, /Attraction_Review-g303827-d554038-Reviews-Plitvice_Lakes_National_Park-Plitvice_Lakes_National_Park_Central_Croatia.html
Plitvice Lakes National Park, 1172, 1391, National Parks & National Parks, Europe & Croatia & Central Croatia & Plitvice Lakes National Park & Things to Do in Plitvice Lakes National Park, 4.5, 44.883595, 15.618849, 214013756, 20140701, 20130801, 5.0, AlesBanhC, /Profile/AlesBanhC, 376e8c571f2a406b072d3adaf2854fe1, /Attraction_Review-g303827-d554038-Reviews-Plitvice_Lakes_National_Park-Plitvice_Lakes_National_Park_Central_Croatia.html
Plitvice Lakes National Park, 1172, 1391, National Parks & National Parks, Europe & Croatia & Central Croatia & Plitvice Lakes National Park & Things to Do in Plitvice Lakes National Park, 4.5, 44.883595, 15.618849, 213942402, 20140701, 20140701, 5.0, Heidi S, /Profile/Travel_HeidiS, de7f17f3e4f483aa8123dbd711fdb730, /Attraction_Review-g303827-d554038-Reviews-Plitvice_Lakes_National_Park-Plitvice_Lakes_National_Park_Central_Croatia.html
Plitvice Lakes National Park, 1172, 1391, National Parks & National Parks, Europe & Croatia & Central Croatia & Plitvice Lakes National Park & Things to Do in Plitvice Lakes National Park, 4.5, 44.883595, 15.618849, 213927950, 20140701, 20140601, 3.0, ATJohnson, /Profile/ATJohnson, 6d550c4e3cf1818bdf2fc047bb3d2bbb, /Attraction_Review-g303827-d554038-Reviews-Plitvice_Lakes_National_Park-Plitvice_Lakes_National_Park_Central_Croatia.html
