review_location_name, review_current_page, review_last_page, review_location_type, review_location_breadcrumbs, review_location_rate, location_lat, location_lng, review_id, review_date, review_experience_date, review_rate, user_name, user_link, user_id, parent_url
Cikat Forest Park, 12, 13, Parks & Parks, Europe & Croatia & Primorje-Gorski Kotar County & Kvarner Bay Islands & Losinj Island & Mali Losinj & Things to Do in Mali Losinj, 4.5, 44.530853, 14.455522, 276869940, 20150601, 20150501, 2.0, zubuz, /Profile/zubuz, 52f9100a64b8c26e0303ad34d2d330f5, /Attraction_Review-g297514-d2318766-Reviews-Cikat_Forest_Park-Mali_Losinj_Losinj_Island_Kvarner_Bay_Islands_Primorje_Gorski_K.html
Cikat Forest Park, 12, 13, Parks & Parks, Europe & Croatia & Primorje-Gorski Kotar County & Kvarner Bay Islands & Losinj Island & Mali Losinj & Things to Do in Mali Losinj, 4.5, 44.530853, 14.455522, 218696632, 20140701, 20140701, 5.0, Carugarlic, /Profile/Carugarlic, 3ef0b6706ae1217652eeff8ceef228eb, /Attraction_Review-g297514-d2318766-Reviews-Cikat_Forest_Park-Mali_Losinj_Losinj_Island_Kvarner_Bay_Islands_Primorje_Gorski_K.html
Cikat Forest Park, 12, 13, Parks & Parks, Europe & Croatia & Primorje-Gorski Kotar County & Kvarner Bay Islands & Losinj Island & Mali Losinj & Things to Do in Mali Losinj, 4.5, 44.530853, 14.455522, 215156942, 20140701, 20140701, 5.0, Michaela B, /Profile/michaelab2014, e61b6019f06fc8c357956808f47b2c61, /Attraction_Review-g297514-d2318766-Reviews-Cikat_Forest_Park-Mali_Losinj_Losinj_Island_Kvarner_Bay_Islands_Primorje_Gorski_K.html
Cikat Forest Park, 12, 13, Parks & Parks, Europe & Croatia & Primorje-Gorski Kotar County & Kvarner Bay Islands & Losinj Island & Mali Losinj & Things to Do in Mali Losinj, 4.5, 44.530853, 14.455522, 213166749, 20140701, 20140601, 5.0, Niklas F, /Profile/NiklasF_11, 355d40e31b4320ff9cb8942dee9410e2, /Attraction_Review-g297514-d2318766-Reviews-Cikat_Forest_Park-Mali_Losinj_Losinj_Island_Kvarner_Bay_Islands_Primorje_Gorski_K.html
Cikat Forest Park, 12, 13, Parks & Parks, Europe & Croatia & Primorje-Gorski Kotar County & Kvarner Bay Islands & Losinj Island & Mali Losinj & Things to Do in Mali Losinj, 4.5, 44.530853, 14.455522, 212391104, 20140601, 20140601, 4.0, Donald R, /Profile/734donaldr, b3269cebf649dd0b24d3cc4bb411abec, /Attraction_Review-g297514-d2318766-Reviews-Cikat_Forest_Park-Mali_Losinj_Losinj_Island_Kvarner_Bay_Islands_Primorje_Gorski_K.html
