review_location_name, review_current_page, review_last_page, review_location_type, review_location_breadcrumbs, review_location_rate, location_lat, location_lng, review_id, review_date, review_experience_date, review_rate, user_name, user_link, user_id, parent_url
Taxi Frka, 3, 6, Taxis & Shuttles & Taxis & Shuttles, Europe & Croatia & Dalmatia & Zadar County & Dugi Island & Sali & Things to Do in Sali, 5.0, 43.9379, 15.16422, 614737767, 20180901, 20180801, 5.0, Rhonda M, /Profile/335rhondam, 02d82c554ad117eb843b39bc3395d05d, /Attraction_Review-g1898560-d9821106-Reviews-Taxi_Frka-Sali_Dugi_Island_Zadar_County_Dalmatia.html
Taxi Frka, 3, 6, Taxis & Shuttles & Taxis & Shuttles, Europe & Croatia & Dalmatia & Zadar County & Dugi Island & Sali & Things to Do in Sali, 5.0, 43.9379, 15.16422, 604295749, 20180801, 20180801, 5.0, Lovorka M, /Profile/lovorkam2017, 219cbb28744a70bba571f9547120cab6, /Attraction_Review-g1898560-d9821106-Reviews-Taxi_Frka-Sali_Dugi_Island_Zadar_County_Dalmatia.html
Taxi Frka, 3, 6, Taxis & Shuttles & Taxis & Shuttles, Europe & Croatia & Dalmatia & Zadar County & Dugi Island & Sali & Things to Do in Sali, 5.0, 43.9379, 15.16422, 590230241, 20180601, 20180601, 5.0, bkavas, /Profile/bkavas, d05b6cea2387cec77a82cbd8ed719c37, /Attraction_Review-g1898560-d9821106-Reviews-Taxi_Frka-Sali_Dugi_Island_Zadar_County_Dalmatia.html
Taxi Frka, 3, 6, Taxis & Shuttles & Taxis & Shuttles, Europe & Croatia & Dalmatia & Zadar County & Dugi Island & Sali & Things to Do in Sali, 5.0, 43.9379, 15.16422, 585567897, 20180601, 20180601, 5.0, Настя В, /Profile/Y375IA_, 1d8e4f3837b8ff501a53cdf3b87877de, /Attraction_Review-g1898560-d9821106-Reviews-Taxi_Frka-Sali_Dugi_Island_Zadar_County_Dalmatia.html
Taxi Frka, 3, 6, Taxis & Shuttles & Taxis & Shuttles, Europe & Croatia & Dalmatia & Zadar County & Dugi Island & Sali & Things to Do in Sali, 5.0, 43.9379, 15.16422, 585392067, 20180601, 20180501, 5.0, debsManchester, /Profile/debsManchester, 91203932d1ab2ea6b281a9ce0f30f6ad, /Attraction_Review-g1898560-d9821106-Reviews-Taxi_Frka-Sali_Dugi_Island_Zadar_County_Dalmatia.html
