review_location_name, review_current_page, review_last_page, review_location_type, review_location_breadcrumbs, review_location_rate, location_lat, location_lng, review_id, review_date, review_experience_date, review_rate, user_name, user_link, user_id, parent_url
Porec Old Town, 65, 234, Historic Sites & Historic Sites, Europe & Croatia & Istria & Porec & Things to Do in Porec, 4.5, 45.227894, 13.593683, 522525761, 20170901, 20170901, 5.0, Ian g, /Profile/Iang942, dc5407ff8ba36be98d1aae5c5c7dcb67, /Attraction_Review-g303829-d523222-Reviews-Porec_Old_Town-Porec_Istria.html
Porec Old Town, 65, 234, Historic Sites & Historic Sites, Europe & Croatia & Istria & Porec & Things to Do in Porec, 4.5, 45.227894, 13.593683, 522500160, 20170901, 20170801, 5.0, paulh_reading, /Profile/paulh_reading, ad9e554f1e61048419ce29e090123696, /Attraction_Review-g303829-d523222-Reviews-Porec_Old_Town-Porec_Istria.html
Porec Old Town, 65, 234, Historic Sites & Historic Sites, Europe & Croatia & Istria & Porec & Things to Do in Porec, 4.5, 45.227894, 13.593683, 522311692, 20170901, 20161001, 5.0, Kim L, /Profile/860kiml, e0e7953333166896f6e11459d7ba04d2, /Attraction_Review-g303829-d523222-Reviews-Porec_Old_Town-Porec_Istria.html
Porec Old Town, 65, 234, Historic Sites & Historic Sites, Europe & Croatia & Istria & Porec & Things to Do in Porec, 4.5, 45.227894, 13.593683, 522167640, 20170901, 20170901, 4.0, w0rkingt0travel, /Profile/w0rkingt0travel, 78ac0002f8a38e1a54cd03106311db4d, /Attraction_Review-g303829-d523222-Reviews-Porec_Old_Town-Porec_Istria.html
Porec Old Town, 65, 234, Historic Sites & Historic Sites, Europe & Croatia & Istria & Porec & Things to Do in Porec, 4.5, 45.227894, 13.593683, 521944735, 20170901, 20170901, 5.0, Pauline M, /Profile/PaulineM792, e54bce45e65c89a0e98b1b0fbc59d673, /Attraction_Review-g303829-d523222-Reviews-Porec_Old_Town-Porec_Istria.html
