review_location_name, review_current_page, review_last_page, review_location_type, review_location_breadcrumbs, review_location_rate, location_lat, location_lng, review_id, review_date, review_experience_date, review_rate, user_name, user_link, user_id, parent_url
Nehaj Tower, 1, 2, Observation Decks & Towers & Observation Decks & Towers, Europe & Croatia & Dalmatia & Split-Dalmatia County & Kastela & Kastel Stafilic & Things to Do in Kastel Stafilic, 4.0, 43.546333, 16.330835, 771839523, 20200901, 20200901, 5.0, mayail13, /Profile/mayail13, 1d252d278ac67adff66506d2e8062352, /Attraction_Review-g1096198-d9866732-Reviews-Nehaj_Tower-Kastel_Stafilic_Kastela_Split_Dalmatia_County_Dalmatia.html
Nehaj Tower, 1, 2, Observation Decks & Towers & Observation Decks & Towers, Europe & Croatia & Dalmatia & Split-Dalmatia County & Kastela & Kastel Stafilic & Things to Do in Kastel Stafilic, 4.0, 43.546333, 16.330835, 713385359, 20190901, 20190901, 4.0, James G, /Profile/JamesG754, 84506b397bc3e5927ec709e033dcfd18, /Attraction_Review-g1096198-d9866732-Reviews-Nehaj_Tower-Kastel_Stafilic_Kastela_Split_Dalmatia_County_Dalmatia.html
Nehaj Tower, 1, 2, Observation Decks & Towers & Observation Decks & Towers, Europe & Croatia & Dalmatia & Split-Dalmatia County & Kastela & Kastel Stafilic & Things to Do in Kastel Stafilic, 4.0, 43.546333, 16.330835, 606935893, 20180801, 20180801, 4.0, Alina H, /Profile/alinajte, bfac9327edb63e09420286732a1b2201, /Attraction_Review-g1096198-d9866732-Reviews-Nehaj_Tower-Kastel_Stafilic_Kastela_Split_Dalmatia_County_Dalmatia.html
Nehaj Tower, 1, 2, Observation Decks & Towers & Observation Decks & Towers, Europe & Croatia & Dalmatia & Split-Dalmatia County & Kastela & Kastel Stafilic & Things to Do in Kastel Stafilic, 4.0, 43.546333, 16.330835, 571535486, 20180401, 20180301, 4.0, Andr3a1o, /Profile/Andr3a1o, 58b512179bb232334d2d8d487a44c093, /Attraction_Review-g1096198-d9866732-Reviews-Nehaj_Tower-Kastel_Stafilic_Kastela_Split_Dalmatia_County_Dalmatia.html
Nehaj Tower, 1, 2, Observation Decks & Towers & Observation Decks & Towers, Europe & Croatia & Dalmatia & Split-Dalmatia County & Kastela & Kastel Stafilic & Things to Do in Kastel Stafilic, 4.0, 43.546333, 16.330835, 509007468, 20170801, 20160901, 4.0, 424TarikFX🇧🇦, /Profile/424tarikfx, c9249861cecde23bd2174fc89d95f995, /Attraction_Review-g1096198-d9866732-Reviews-Nehaj_Tower-Kastel_Stafilic_Kastela_Split_Dalmatia_County_Dalmatia.html
