review_location_name, review_current_page, review_last_page, review_location_type, review_location_breadcrumbs, review_location_rate, location_lat, location_lng, review_id, review_date, review_experience_date, review_rate, user_name, user_link, user_id, parent_url
Sea Organ (Morske Orgulje), 282, 559, Points of Interest & Landmarks & Points of Interest & Landmarks, Europe & Croatia & Dalmatia & Zadar County & Zadar & Things to Do in Zadar, 4.5, 44.11706, 15.220117, 459891349, 20170201, 20160301, 5.0, mariuslivadaru, /Profile/mariuslivadaru, 9ff6cfa8f93d88ed234841906468e51d, /Attraction_Review-g295374-d2294071-Reviews-Sea_Organ_Morske_Orgulje-Zadar_Zadar_County_Dalmatia.html
Sea Organ (Morske Orgulje), 282, 559, Points of Interest & Landmarks & Points of Interest & Landmarks, Europe & Croatia & Dalmatia & Zadar County & Zadar & Things to Do in Zadar, 4.5, 44.11706, 15.220117, 459818270, 20170201, 20161001, 5.0, andrewkarr15, /Profile/andrewkarr15, ffaf715b0ea8d922ed3687f53fc9583a, /Attraction_Review-g295374-d2294071-Reviews-Sea_Organ_Morske_Orgulje-Zadar_Zadar_County_Dalmatia.html
Sea Organ (Morske Orgulje), 282, 559, Points of Interest & Landmarks & Points of Interest & Landmarks, Europe & Croatia & Dalmatia & Zadar County & Zadar & Things to Do in Zadar, 4.5, 44.11706, 15.220117, 459602123, 20170201, 20160901, 5.0, Josip P, /Profile/JosipP42, 8b17507c93b6352cb73d7151c0512a59, /Attraction_Review-g295374-d2294071-Reviews-Sea_Organ_Morske_Orgulje-Zadar_Zadar_County_Dalmatia.html
Sea Organ (Morske Orgulje), 282, 559, Points of Interest & Landmarks & Points of Interest & Landmarks, Europe & Croatia & Dalmatia & Zadar County & Zadar & Things to Do in Zadar, 4.5, 44.11706, 15.220117, 459351130, 20170201, 20160601, 5.0, Dubravko A, /Profile/dubravkoa2015, 911a16e511c70d06ea62f755682b00ba, /Attraction_Review-g295374-d2294071-Reviews-Sea_Organ_Morske_Orgulje-Zadar_Zadar_County_Dalmatia.html
Sea Organ (Morske Orgulje), 282, 559, Points of Interest & Landmarks & Points of Interest & Landmarks, Europe & Croatia & Dalmatia & Zadar County & Zadar & Things to Do in Zadar, 4.5, 44.11706, 15.220117, 457183136, 20170201, 20170201, 5.0, BigIsleFoodie, /Profile/BigIsleFoodie, 661a4186556f79ddc5fbdea456d04651, /Attraction_Review-g295374-d2294071-Reviews-Sea_Organ_Morske_Orgulje-Zadar_Zadar_County_Dalmatia.html
