review_location_name, review_current_page, review_last_page, review_location_type, review_location_breadcrumbs, review_location_rate, location_lat, location_lng, review_id, review_date, review_experience_date, review_rate, user_name, user_link, user_id, parent_url
Cavtat Old Town, 299, 411, Neighborhoods & Neighborhoods, Europe & Croatia & Dalmatia & Dubrovnik-Neretva County & Konavle & Cavtat & Things to Do in Cavtat, 4.5, 42.581703, 18.21666, 268757175, 20150401, 20150401, 3.0, Graham J, /Profile/942grahamj, f9fce879b54acf4c9424dbb4c0327a43, /Attraction_Review-g303804-d600370-Reviews-Cavtat_Old_Town-Cavtat_Konavle_Dubrovnik_Neretva_County_Dalmatia.html
Cavtat Old Town, 299, 411, Neighborhoods & Neighborhoods, Europe & Croatia & Dalmatia & Dubrovnik-Neretva County & Konavle & Cavtat & Things to Do in Cavtat, 4.5, 42.581703, 18.21666, 268141023, 20150401, 20150401, 4.0, Danishameican, /Profile/Danishameican, d3c625b06d7609d2680f5afe93c24b72, /Attraction_Review-g303804-d600370-Reviews-Cavtat_Old_Town-Cavtat_Konavle_Dubrovnik_Neretva_County_Dalmatia.html
Cavtat Old Town, 299, 411, Neighborhoods & Neighborhoods, Europe & Croatia & Dalmatia & Dubrovnik-Neretva County & Konavle & Cavtat & Things to Do in Cavtat, 4.5, 42.581703, 18.21666, 267640983, 20150401, 20150401, 5.0, Kimberley B, /Profile/KimberleyB490, 3cecbaf4d7158b58e4ea6245facc832a, /Attraction_Review-g303804-d600370-Reviews-Cavtat_Old_Town-Cavtat_Konavle_Dubrovnik_Neretva_County_Dalmatia.html
Cavtat Old Town, 299, 411, Neighborhoods & Neighborhoods, Europe & Croatia & Dalmatia & Dubrovnik-Neretva County & Konavle & Cavtat & Things to Do in Cavtat, 4.5, 42.581703, 18.21666, 265903585, 20150401, 20150401, 4.0, Krista C, /Profile/993kristac, 85e0b86009c4419ff128eee7220d8790, /Attraction_Review-g303804-d600370-Reviews-Cavtat_Old_Town-Cavtat_Konavle_Dubrovnik_Neretva_County_Dalmatia.html
Cavtat Old Town, 299, 411, Neighborhoods & Neighborhoods, Europe & Croatia & Dalmatia & Dubrovnik-Neretva County & Konavle & Cavtat & Things to Do in Cavtat, 4.5, 42.581703, 18.21666, 265900029, 20150401, 20150401, 4.0, zuco161107, /Profile/zuco161107, df62cc6a5559e3500f2c25ff2bb528d7, /Attraction_Review-g303804-d600370-Reviews-Cavtat_Old_Town-Cavtat_Konavle_Dubrovnik_Neretva_County_Dalmatia.html
