review_location_name, review_current_page, review_last_page, review_location_type, review_location_breadcrumbs, review_location_rate, location_lat, location_lng, review_id, review_date, review_experience_date, review_rate, user_name, user_link, user_id, parent_url
Gornji Ugao Tower, 2, 81, Specialty Museums & Observation Decks & Towers & History Museums & Specialty Museums & Observation Decks & Towers & History Museums, Europe & Croatia & Dalmatia & Dubrovnik-Neretva County & Dubrovnik & Things to Do in Dubrovnik, 5.0, 42.642513, 18.108007, 713021611, 20190901, 20190901, 4.0, perkinscat, /Profile/perkinscat, 77035b77cbad3680b533fb552cc6ef07, /Attraction_Review-g295371-d8071100-Reviews-Gornji_Ugao_Tower-Dubrovnik_Dubrovnik_Neretva_County_Dalmatia.html
Gornji Ugao Tower, 2, 81, Specialty Museums & Observation Decks & Towers & History Museums & Specialty Museums & Observation Decks & Towers & History Museums, Europe & Croatia & Dalmatia & Dubrovnik-Neretva County & Dubrovnik & Things to Do in Dubrovnik, 5.0, 42.642513, 18.108007, 676139008, 20190501, 20180901, 5.0, Angela B, /Profile/A9356TQangelab, dc62508d02e4e541c877e06c71117e28, /Attraction_Review-g295371-d8071100-Reviews-Gornji_Ugao_Tower-Dubrovnik_Dubrovnik_Neretva_County_Dalmatia.html
Gornji Ugao Tower, 2, 81, Specialty Museums & Observation Decks & Towers & History Museums & Specialty Museums & Observation Decks & Towers & History Museums, Europe & Croatia & Dalmatia & Dubrovnik-Neretva County & Dubrovnik & Things to Do in Dubrovnik, 5.0, 42.642513, 18.108007, 664943627, 20190401, 20190401, 5.0, Sue m, /Profile/suemU4254XJ, 0f3366589dbe8d279d358cf67d4e3c58, /Attraction_Review-g295371-d8071100-Reviews-Gornji_Ugao_Tower-Dubrovnik_Dubrovnik_Neretva_County_Dalmatia.html
Gornji Ugao Tower, 2, 81, Specialty Museums & Observation Decks & Towers & History Museums & Specialty Museums & Observation Decks & Towers & History Museums, Europe & Croatia & Dalmatia & Dubrovnik-Neretva County & Dubrovnik & Things to Do in Dubrovnik, 5.0, 42.642513, 18.108007, 618799847, 20180901, 20180901, 2.0, Johan E, /Profile/JohanE957, b7a486119ff706776f278803dc790fb4, /Attraction_Review-g295371-d8071100-Reviews-Gornji_Ugao_Tower-Dubrovnik_Dubrovnik_Neretva_County_Dalmatia.html
Gornji Ugao Tower, 2, 81, Specialty Museums & Observation Decks & Towers & History Museums & Specialty Museums & Observation Decks & Towers & History Museums, Europe & Croatia & Dalmatia & Dubrovnik-Neretva County & Dubrovnik & Things to Do in Dubrovnik, 5.0, 42.642513, 18.108007, 617955036, 20180901, 20180901, 1.0, Ivana S, /Profile/514ivanas, ebd6206002aed332a088f7caf9ce9d04, /Attraction_Review-g295371-d8071100-Reviews-Gornji_Ugao_Tower-Dubrovnik_Dubrovnik_Neretva_County_Dalmatia.html
