review_location_name, review_current_page, review_last_page, review_location_type, review_location_breadcrumbs, review_location_rate, location_lat, location_lng, review_id, review_date, review_experience_date, review_rate, user_name, user_link, user_id, parent_url
National and University Library, 2, 1, Libraries & Libraries, Europe & Croatia & Central Croatia & Zagreb & Things to Do in Zagreb, 4.0, 45.797115, 15.978135, 179627219, 20131001, 20121101, 5.0, Tihon D, /Profile/tihon001, 542bc744f6502128ceb09d8cfe7d54ab, /Attraction_Review-g294454-d549757-Reviews-National_and_University_Library-Zagreb_Central_Croatia.html
National and University Library, 2, 1, Libraries & Libraries, Europe & Croatia & Central Croatia & Zagreb & Things to Do in Zagreb, 4.0, 45.797115, 15.978135, 144140440, 20121001, 20121001, 4.0, Mihaela V, /Profile/Mihaela_Gallus, f3d08260fb9854de48ba3c5d9cae5b7a, /Attraction_Review-g294454-d549757-Reviews-National_and_University_Library-Zagreb_Central_Croatia.html
National and University Library, 2, 1, Libraries & Libraries, Europe & Croatia & Central Croatia & Zagreb & Things to Do in Zagreb, 4.0, 45.797115, 15.978135, 143637734, 20121001, 20120501, 4.0, Maja M, /Profile/JasnaM798, 618aa81e9cb0757dd74a24f6747c3160, /Attraction_Review-g294454-d549757-Reviews-National_and_University_Library-Zagreb_Central_Croatia.html
National and University Library, 2, 1, Libraries & Libraries, Europe & Croatia & Central Croatia & Zagreb & Things to Do in Zagreb, 4.0, 45.797115, 15.978135, 124440778, 20120201, 20120201, 3.0, nina385, /Profile/nina385, c3c19f7cf0af669d04bf4508990ffe1f, /Attraction_Review-g294454-d549757-Reviews-National_and_University_Library-Zagreb_Central_Croatia.html
