review_location_name, review_current_page, review_last_page, review_location_type, review_location_breadcrumbs, review_location_rate, location_lat, location_lng, review_id, review_date, review_experience_date, review_rate, user_name, user_link, user_id, parent_url
Korcula Island - Priscapac, 49, 121, Historic Sites & Islands & Historic Sites & Islands, Europe & Croatia & Dalmatia & Dubrovnik-Neretva County & Dubrovnik & Things to Do in Dubrovnik, 4.5, 42.965252, 17.096537, 382023334, 20160601, 20151001, 5.0, skimilesOrange_CA, /Profile/skimilesOrange_CA, 68c00c91a816582467930abd2d980d72, /Attraction_Review-g295371-d552787-Reviews-Korcula_Island_Priscapac-Dubrovnik_Dubrovnik_Neretva_County_Dalmatia.html
Korcula Island - Priscapac, 49, 121, Historic Sites & Islands & Historic Sites & Islands, Europe & Croatia & Dalmatia & Dubrovnik-Neretva County & Dubrovnik & Things to Do in Dubrovnik, 4.5, 42.965252, 17.096537, 381791153, 20160601, 20160501, 5.0, valerie447, /Profile/valerie447, 1d8d93fa38ed857141339d1c6dc08b6f, /Attraction_Review-g295371-d552787-Reviews-Korcula_Island_Priscapac-Dubrovnik_Dubrovnik_Neretva_County_Dalmatia.html
Korcula Island - Priscapac, 49, 121, Historic Sites & Islands & Historic Sites & Islands, Europe & Croatia & Dalmatia & Dubrovnik-Neretva County & Dubrovnik & Things to Do in Dubrovnik, 4.5, 42.965252, 17.096537, 381690426, 20160601, 20160601, 5.0, eriton, /Profile/eriton, 6f8a6bb88a6cb692d0a8e49445e59c8b, /Attraction_Review-g295371-d552787-Reviews-Korcula_Island_Priscapac-Dubrovnik_Dubrovnik_Neretva_County_Dalmatia.html
Korcula Island - Priscapac, 49, 121, Historic Sites & Islands & Historic Sites & Islands, Europe & Croatia & Dalmatia & Dubrovnik-Neretva County & Dubrovnik & Things to Do in Dubrovnik, 4.5, 42.965252, 17.096537, 381599249, 20160601, 20160601, 5.0, Nancy P, /Profile/nancypQ4423JI, 5a76f2888ae4080116031ff22470f994, /Attraction_Review-g295371-d552787-Reviews-Korcula_Island_Priscapac-Dubrovnik_Dubrovnik_Neretva_County_Dalmatia.html
Korcula Island - Priscapac, 49, 121, Historic Sites & Islands & Historic Sites & Islands, Europe & Croatia & Dalmatia & Dubrovnik-Neretva County & Dubrovnik & Things to Do in Dubrovnik, 4.5, 42.965252, 17.096537, 381406465, 20160601, 20160601, 5.0, Jane G, /Profile/994janeg, 5e499037f5b5ab3662a699deb8e4455d, /Attraction_Review-g295371-d552787-Reviews-Korcula_Island_Priscapac-Dubrovnik_Dubrovnik_Neretva_County_Dalmatia.html
