review_location_name, review_current_page, review_last_page, review_location_type, review_location_breadcrumbs, review_location_rate, location_lat, location_lng, review_id, review_date, review_experience_date, review_rate, user_name, user_link, user_id, parent_url
Tvrdava Fortica, 199, 332, Historic Sites & Lookouts & Historic Sites & Lookouts, Europe & Croatia & Dalmatia & Split-Dalmatia County & Hvar Island & Hvar & Things to Do in Hvar, 4.5, 43.17228, 16.4482, 386226709, 20160601, 20160601, 5.0, cecilia y, /Profile/63ceciliay, 15afff6e9dd9fee5b53f8bf8ad6cae60, /Attraction_Review-g303808-d552473-Reviews-Tvrdava_Fortica-Hvar_Hvar_Island_Split_Dalmatia_County_Dalmatia.html
Tvrdava Fortica, 199, 332, Historic Sites & Lookouts & Historic Sites & Lookouts, Europe & Croatia & Dalmatia & Split-Dalmatia County & Hvar Island & Hvar & Things to Do in Hvar, 4.5, 43.17228, 16.4482, 386180572, 20160601, 20160601, 4.0, Voldar15, /Profile/Voldar15, 6dfdb2d3f87e6748b318e25f7872a00d, /Attraction_Review-g303808-d552473-Reviews-Tvrdava_Fortica-Hvar_Hvar_Island_Split_Dalmatia_County_Dalmatia.html
Tvrdava Fortica, 199, 332, Historic Sites & Lookouts & Historic Sites & Lookouts, Europe & Croatia & Dalmatia & Split-Dalmatia County & Hvar Island & Hvar & Things to Do in Hvar, 4.5, 43.17228, 16.4482, 386066527, 20160601, 20160601, 4.0, World Traveller E, /Profile/W0rldTravellerE, 69b1ef2a465860a96521d27b0f1dc7c6, /Attraction_Review-g303808-d552473-Reviews-Tvrdava_Fortica-Hvar_Hvar_Island_Split_Dalmatia_County_Dalmatia.html
Tvrdava Fortica, 199, 332, Historic Sites & Lookouts & Historic Sites & Lookouts, Europe & Croatia & Dalmatia & Split-Dalmatia County & Hvar Island & Hvar & Things to Do in Hvar, 4.5, 43.17228, 16.4482, 385934976, 20160601, 20160601, 4.0, Kerry S, /Profile/kerryspoonerxx, 1ff928ec8c2831e6a941c67fb5cef46e, /Attraction_Review-g303808-d552473-Reviews-Tvrdava_Fortica-Hvar_Hvar_Island_Split_Dalmatia_County_Dalmatia.html
Tvrdava Fortica, 199, 332, Historic Sites & Lookouts & Historic Sites & Lookouts, Europe & Croatia & Dalmatia & Split-Dalmatia County & Hvar Island & Hvar & Things to Do in Hvar, 4.5, 43.17228, 16.4482, 385214571, 20160601, 20160601, 5.0, Kathy F, /Profile/kathyf906, 5c512e7c1ece76ed84d83c2109456129, /Attraction_Review-g303808-d552473-Reviews-Tvrdava_Fortica-Hvar_Hvar_Island_Split_Dalmatia_County_Dalmatia.html
