review_location_name, review_current_page, review_last_page, review_location_type, review_location_breadcrumbs, review_location_rate, location_lat, location_lng, review_id, review_date, review_experience_date, review_rate, user_name, user_link, user_id, parent_url
Medieval Mediteranean Garden, 5, 24, Gardens & Gardens, Europe & Croatia & Dalmatia & Sibenik-Knin County & Sibenik & Things to Do in Sibenik, 4.0, 43.736465, 15.889504, 600203162, 20180701, 20180701, 5.0, randydean, /Profile/randydean, 9dfa25bf3a4892079217fbb68a211ed5, /Attraction_Review-g295375-d2372323-Reviews-Medieval_Mediteranean_Garden-Sibenik_Sibenik_Knin_County_Dalmatia.html
Medieval Mediteranean Garden, 5, 24, Gardens & Gardens, Europe & Croatia & Dalmatia & Sibenik-Knin County & Sibenik & Things to Do in Sibenik, 4.0, 43.736465, 15.889504, 596575055, 20180701, 20180701, 4.0, jantexHouston, /Profile/jantexHouston, 632d26d173e8384effae83c3b85ecacd, /Attraction_Review-g295375-d2372323-Reviews-Medieval_Mediteranean_Garden-Sibenik_Sibenik_Knin_County_Dalmatia.html
Medieval Mediteranean Garden, 5, 24, Gardens & Gardens, Europe & Croatia & Dalmatia & Sibenik-Knin County & Sibenik & Things to Do in Sibenik, 4.0, 43.736465, 15.889504, 595813401, 20180701, 20180701, 4.0, EddieJ90, /Profile/EddieJ90, 68440173e31f3c420ad17c0ca7e4d1b1, /Attraction_Review-g295375-d2372323-Reviews-Medieval_Mediteranean_Garden-Sibenik_Sibenik_Knin_County_Dalmatia.html
Medieval Mediteranean Garden, 5, 24, Gardens & Gardens, Europe & Croatia & Dalmatia & Sibenik-Knin County & Sibenik & Things to Do in Sibenik, 4.0, 43.736465, 15.889504, 593768676, 20180701, 20180601, 5.0, Bonnie H, /Profile/BonnieHannigan, 4f6521a95ac2a559f5a0c8b5f9e817b5, /Attraction_Review-g295375-d2372323-Reviews-Medieval_Mediteranean_Garden-Sibenik_Sibenik_Knin_County_Dalmatia.html
Medieval Mediteranean Garden, 5, 24, Gardens & Gardens, Europe & Croatia & Dalmatia & Sibenik-Knin County & Sibenik & Things to Do in Sibenik, 4.0, 43.736465, 15.889504, 591377171, 20180601, 20180601, 2.0, Ruben L, /Profile/rubenl217, 4bbe131fb1337394ee241af902a8bbda, /Attraction_Review-g295375-d2372323-Reviews-Medieval_Mediteranean_Garden-Sibenik_Sibenik_Knin_County_Dalmatia.html
