review_location_name, review_current_page, review_last_page, review_location_type, review_location_breadcrumbs, review_location_rate, location_lat, location_lng, review_id, review_date, review_experience_date, review_rate, user_name, user_link, user_id, parent_url
Kozlovic Winery, 20, 25, Wineries & Vineyards & Wineries & Vineyards, Europe & Croatia & Istria & Momjan & Things to Do in Momjan, 4.5, 45.443264, 13.709538, 327896988, 20151101, 20150801, 5.0, Tonči U, /Profile/Adventurer411823, c71865105047ac358dfc8a82f40337e5, /Attraction_Review-g1190335-d3336961-Reviews-Kozlovic_Winery-Momjan_Istria.html
Kozlovic Winery, 20, 25, Wineries & Vineyards & Wineries & Vineyards, Europe & Croatia & Istria & Momjan & Things to Do in Momjan, 4.5, 45.443264, 13.709538, 325978236, 20151101, 20151101, 5.0, Corey Z, /Profile/coreyz991, df170b7e36e5f21fcc52c3d475e7451d, /Attraction_Review-g1190335-d3336961-Reviews-Kozlovic_Winery-Momjan_Istria.html
Kozlovic Winery, 20, 25, Wineries & Vineyards & Wineries & Vineyards, Europe & Croatia & Istria & Momjan & Things to Do in Momjan, 4.5, 45.443264, 13.709538, 322463037, 20151001, 20150901, 5.0, VivSpa, /Profile/VivSpa, ab97e80f44696d1e543eff5ca8a131f6, /Attraction_Review-g1190335-d3336961-Reviews-Kozlovic_Winery-Momjan_Istria.html
Kozlovic Winery, 20, 25, Wineries & Vineyards & Wineries & Vineyards, Europe & Croatia & Istria & Momjan & Things to Do in Momjan, 4.5, 45.443264, 13.709538, 320180456, 20151001, 20151001, 5.0, Margaret M, /Profile/Q1680MRmargaretm, 638d59da6bd77b030e98b81d93237aea, /Attraction_Review-g1190335-d3336961-Reviews-Kozlovic_Winery-Momjan_Istria.html
Kozlovic Winery, 20, 25, Wineries & Vineyards & Wineries & Vineyards, Europe & Croatia & Istria & Momjan & Things to Do in Momjan, 4.5, 45.443264, 13.709538, 319819839, 20151001, 20150901, 5.0, Flashpacker08, /Profile/Flashpacker08, 16bb63ac4d93c5d49e0113acce953c50, /Attraction_Review-g1190335-d3336961-Reviews-Kozlovic_Winery-Momjan_Istria.html
