review_location_name, review_current_page, review_last_page, review_location_type, review_location_breadcrumbs, review_location_rate, location_lat, location_lng, review_id, review_date, review_experience_date, review_rate, user_name, user_link, user_id, parent_url
The Twin Gates of Pula, 16, 18, Points of Interest & Landmarks & Points of Interest & Landmarks, Europe & Croatia & Istria & Pula & Things to Do in Pula, 3.5, 44.87084, 13.84809, 292323804, 20150701, 20140801, 4.0, Andrej Š, /Profile/andrej_983, 2749183f8c60faa13f227c0e3eb07ca7, /Attraction_Review-g295373-d553268-Reviews-The_Twin_Gates_of_Pula-Pula_Istria.html
The Twin Gates of Pula, 16, 18, Points of Interest & Landmarks & Points of Interest & Landmarks, Europe & Croatia & Istria & Pula & Things to Do in Pula, 3.5, 44.87084, 13.84809, 286326591, 20150701, 20150601, 3.0, Leanne M, /Profile/170LeanneM, c54473b4ba128ef4a6da94f795222b6b, /Attraction_Review-g295373-d553268-Reviews-The_Twin_Gates_of_Pula-Pula_Istria.html
The Twin Gates of Pula, 16, 18, Points of Interest & Landmarks & Points of Interest & Landmarks, Europe & Croatia & Istria & Pula & Things to Do in Pula, 3.5, 44.87084, 13.84809, 285480041, 20150701, 20150701, 5.0, VikNorway, /Profile/VikNorway, 982cd7d8e422f8ec3444b503dbc6846e, /Attraction_Review-g295373-d553268-Reviews-The_Twin_Gates_of_Pula-Pula_Istria.html
The Twin Gates of Pula, 16, 18, Points of Interest & Landmarks & Points of Interest & Landmarks, Europe & Croatia & Istria & Pula & Things to Do in Pula, 3.5, 44.87084, 13.84809, 263575271, 20150401, 20140801, 5.0, Saskiagrav, /Profile/Saskiagrav, df714b6e4e3379f5bb094171d89d4ae5, /Attraction_Review-g295373-d553268-Reviews-The_Twin_Gates_of_Pula-Pula_Istria.html
The Twin Gates of Pula, 16, 18, Points of Interest & Landmarks & Points of Interest & Landmarks, Europe & Croatia & Istria & Pula & Things to Do in Pula, 3.5, 44.87084, 13.84809, 238052745, 20141101, 20140801, 3.0, Craig M, /Profile/morfish, 93566403406e726c3a406145b2e716ac, /Attraction_Review-g295373-d553268-Reviews-The_Twin_Gates_of_Pula-Pula_Istria.html
