review_location_name, review_current_page, review_last_page, review_location_type, review_location_breadcrumbs, review_location_rate, location_lat, location_lng, review_id, review_date, review_experience_date, review_rate, user_name, user_link, user_id, parent_url
Croatian Museum of Naive Art, 50, 96, Art Museums & Art Museums, Europe & Croatia & Central Croatia & Zagreb & Things to Do in Zagreb, 4.5, 45.81556, 15.973478, 357650358, 20160301, 20160301, 5.0, gannonmartin, /Profile/gannonmartin, 2e5a5bb2c73f463dd789d1fa3dfda613, /Attraction_Review-g294454-d2236328-Reviews-Croatian_Museum_of_Naive_Art-Zagreb_Central_Croatia.html
Croatian Museum of Naive Art, 50, 96, Art Museums & Art Museums, Europe & Croatia & Central Croatia & Zagreb & Things to Do in Zagreb, 4.5, 45.81556, 15.973478, 356373447, 20160301, 20160301, 5.0, 65Carolann, /Profile/65Carolann, 7cf0548f541c9319d9560c06d1c12421, /Attraction_Review-g294454-d2236328-Reviews-Croatian_Museum_of_Naive_Art-Zagreb_Central_Croatia.html
Croatian Museum of Naive Art, 50, 96, Art Museums & Art Museums, Europe & Croatia & Central Croatia & Zagreb & Things to Do in Zagreb, 4.5, 45.81556, 15.973478, 354613794, 20160301, 20160301, 4.0, DrNona, /Profile/DrNona, ffbeb7965b08974485475b3095088fbc, /Attraction_Review-g294454-d2236328-Reviews-Croatian_Museum_of_Naive_Art-Zagreb_Central_Croatia.html
Croatian Museum of Naive Art, 50, 96, Art Museums & Art Museums, Europe & Croatia & Central Croatia & Zagreb & Things to Do in Zagreb, 4.5, 45.81556, 15.973478, 352885374, 20160301, 20160301, 5.0, Dan O, /Profile/500dano, 02066c3bd1b12c96c06af8ada13cb558, /Attraction_Review-g294454-d2236328-Reviews-Croatian_Museum_of_Naive_Art-Zagreb_Central_Croatia.html
Croatian Museum of Naive Art, 50, 96, Art Museums & Art Museums, Europe & Croatia & Central Croatia & Zagreb & Things to Do in Zagreb, 4.5, 45.81556, 15.973478, 351339845, 20160201, 20151001, 5.0, intrepidCRO, /Profile/intrepidCRO, e90f7c61ed50d4b6f7b46fd30c9f85a6, /Attraction_Review-g294454-d2236328-Reviews-Croatian_Museum_of_Naive_Art-Zagreb_Central_Croatia.html
