review_location_name, review_current_page, review_last_page, review_location_type, review_location_breadcrumbs, review_location_rate, location_lat, location_lng, review_id, review_date, review_experience_date, review_rate, user_name, user_link, user_id, parent_url
Medvednica mountain (Sljeme), 3, 38, Mountains & Parks & Mountains & Parks, Europe & Croatia & Central Croatia & Zagreb & Things to Do in Zagreb, 4.5, 45.87851, 15.977726, 696795035, 20190801, 20190601, 5.0, studioapblue, /Profile/studioapblue, c45109dab34e42f72895f38435365ff8, /Attraction_Review-g294454-d549693-Reviews-Medvednica_mountain_Sljeme-Zagreb_Central_Croatia.html
Medvednica mountain (Sljeme), 3, 38, Mountains & Parks & Mountains & Parks, Europe & Croatia & Central Croatia & Zagreb & Things to Do in Zagreb, 4.5, 45.87851, 15.977726, 683038677, 20190601, 20190501, 5.0, Guenther W, /Profile/795guentherw, 99badfd8aa82e0cbdf80837362f7a7a3, /Attraction_Review-g294454-d549693-Reviews-Medvednica_mountain_Sljeme-Zagreb_Central_Croatia.html
Medvednica mountain (Sljeme), 3, 38, Mountains & Parks & Mountains & Parks, Europe & Croatia & Central Croatia & Zagreb & Things to Do in Zagreb, 4.5, 45.87851, 15.977726, 673724316, 20190501, 20190501, 5.0, Tao of Woo, /Profile/taoofwoooo, 9096a5dae6aeae207c2844a2d5f3bc0a, /Attraction_Review-g294454-d549693-Reviews-Medvednica_mountain_Sljeme-Zagreb_Central_Croatia.html
Medvednica mountain (Sljeme), 3, 38, Mountains & Parks & Mountains & Parks, Europe & Croatia & Central Croatia & Zagreb & Things to Do in Zagreb, 4.5, 45.87851, 15.977726, 657870656, 20190301, 20190201, 5.0, Matthew Nyiri, /Profile/KingTut777, 69061903f76b93fd4503c1ad7686e41a, /Attraction_Review-g294454-d549693-Reviews-Medvednica_mountain_Sljeme-Zagreb_Central_Croatia.html
Medvednica mountain (Sljeme), 3, 38, Mountains & Parks & Mountains & Parks, Europe & Croatia & Central Croatia & Zagreb & Things to Do in Zagreb, 4.5, 45.87851, 15.977726, 657817307, 20190301, 20190301, 5.0, Lulu_Dee3, /Profile/Lulu_Dee3, 4e50dbbfad267a1eee6abf3a59c12deb, /Attraction_Review-g294454-d549693-Reviews-Medvednica_mountain_Sljeme-Zagreb_Central_Croatia.html
