review_location_name, review_current_page, review_last_page, review_location_type, review_location_breadcrumbs, review_location_rate, location_lat, location_lng, review_id, review_date, review_experience_date, review_rate, user_name, user_link, user_id, parent_url
The Cathedral of St James in Sibenik, 85, 86, Historic Sites & Churches & Cathedrals & Historic Sites & Churches & Cathedrals, Europe & Croatia & Dalmatia & Sibenik-Knin County & Sibenik & Things to Do in Sibenik, 4.0, 43.73565, 15.88959, 135536621, 20120701, 20120701, 4.0, sillyinnervoice, /Profile/sillyinnervoice, 23de5bf5b9898a9311d6914560fa97f0, /Attraction_Review-g295375-d319597-Reviews-The_Cathedral_of_St_James_in_Sibenik-Sibenik_Sibenik_Knin_County_Dalmatia.html
The Cathedral of St James in Sibenik, 85, 86, Historic Sites & Churches & Cathedrals & Historic Sites & Churches & Cathedrals, Europe & Croatia & Dalmatia & Sibenik-Knin County & Sibenik & Things to Do in Sibenik, 4.0, 43.73565, 15.88959, 134734437, 20120701, 20120701, 5.0, al3xxx, /Profile/al3xxx, d245ae5a9d75f3051896f21dacb806ed, /Attraction_Review-g295375-d319597-Reviews-The_Cathedral_of_St_James_in_Sibenik-Sibenik_Sibenik_Knin_County_Dalmatia.html
The Cathedral of St James in Sibenik, 85, 86, Historic Sites & Churches & Cathedrals & Historic Sites & Churches & Cathedrals, Europe & Croatia & Dalmatia & Sibenik-Knin County & Sibenik & Things to Do in Sibenik, 4.0, 43.73565, 15.88959, 134197592, 20120701, 20120501, 4.0, Sailingfun, /Profile/Sailingfun, 492d1a0250a3132e5f8f084850068938, /Attraction_Review-g295375-d319597-Reviews-The_Cathedral_of_St_James_in_Sibenik-Sibenik_Sibenik_Knin_County_Dalmatia.html
The Cathedral of St James in Sibenik, 85, 86, Historic Sites & Churches & Cathedrals & Historic Sites & Churches & Cathedrals, Europe & Croatia & Dalmatia & Sibenik-Knin County & Sibenik & Things to Do in Sibenik, 4.0, 43.73565, 15.88959, 133268834, 20120701, 20110801, 4.0, Grantski, /Profile/Grantski, f2220e5729006d801c79d9df566bc626, /Attraction_Review-g295375-d319597-Reviews-The_Cathedral_of_St_James_in_Sibenik-Sibenik_Sibenik_Knin_County_Dalmatia.html
The Cathedral of St James in Sibenik, 85, 86, Historic Sites & Churches & Cathedrals & Historic Sites & Churches & Cathedrals, Europe & Croatia & Dalmatia & Sibenik-Knin County & Sibenik & Things to Do in Sibenik, 4.0, 43.73565, 15.88959, 131572418, 20120601, 20120601, 5.0, garybirder, /Profile/garybirder, 0858a9b41ef1ed8bdd41e2fbca3ccd01, /Attraction_Review-g295375-d319597-Reviews-The_Cathedral_of_St_James_in_Sibenik-Sibenik_Sibenik_Knin_County_Dalmatia.html
