review_location_name, review_current_page, review_last_page, review_location_type, review_location_breadcrumbs, review_location_rate, location_lat, location_lng, review_id, review_date, review_experience_date, review_rate, user_name, user_link, user_id, parent_url
Zlatni Rat Beach (Golden Horn), 179, 250, Beaches & Beaches, Europe & Croatia & Dalmatia & Split-Dalmatia County & Brac Island & Bol & Things to Do in Bol, 4.0, 43.25916, 16.64372, 298640775, 20150801, 20150801, 4.0, Steinar S, /Profile/SteinarS970, 5d5511b4d128bcfda6b2b52df4683661, /Attraction_Review-g303802-d550460-Reviews-Zlatni_Rat_Beach_Golden_Horn-Bol_Brac_Island_Split_Dalmatia_County_Dalmatia.html
Zlatni Rat Beach (Golden Horn), 179, 250, Beaches & Beaches, Europe & Croatia & Dalmatia & Split-Dalmatia County & Brac Island & Bol & Things to Do in Bol, 4.0, 43.25916, 16.64372, 298362653, 20150801, 20150801, 5.0, BellasLey, /Profile/BellasLey, 3a87affbb0a9177bf974fbd53b06f062, /Attraction_Review-g303802-d550460-Reviews-Zlatni_Rat_Beach_Golden_Horn-Bol_Brac_Island_Split_Dalmatia_County_Dalmatia.html
Zlatni Rat Beach (Golden Horn), 179, 250, Beaches & Beaches, Europe & Croatia & Dalmatia & Split-Dalmatia County & Brac Island & Bol & Things to Do in Bol, 4.0, 43.25916, 16.64372, 298315477, 20150801, 20150801, 2.0, pink_elephant, /Profile/pink_elephant, 504e0fabebf48198978eac934d747c02, /Attraction_Review-g303802-d550460-Reviews-Zlatni_Rat_Beach_Golden_Horn-Bol_Brac_Island_Split_Dalmatia_County_Dalmatia.html
Zlatni Rat Beach (Golden Horn), 179, 250, Beaches & Beaches, Europe & Croatia & Dalmatia & Split-Dalmatia County & Brac Island & Bol & Things to Do in Bol, 4.0, 43.25916, 16.64372, 298246649, 20150801, 20150701, 4.0, Whitehavengirl43, /Profile/Whitehavengirl43, 8981c4711e08b8ee0aba256e7527e1f4, /Attraction_Review-g303802-d550460-Reviews-Zlatni_Rat_Beach_Golden_Horn-Bol_Brac_Island_Split_Dalmatia_County_Dalmatia.html
Zlatni Rat Beach (Golden Horn), 179, 250, Beaches & Beaches, Europe & Croatia & Dalmatia & Split-Dalmatia County & Brac Island & Bol & Things to Do in Bol, 4.0, 43.25916, 16.64372, 298023308, 20150801, 20150701, 4.0, Chrigi_CH, /Profile/Chrigi_CH, 3dd91af5b2486095f90147a32d09b548, /Attraction_Review-g303802-d550460-Reviews-Zlatni_Rat_Beach_Golden_Horn-Bol_Brac_Island_Split_Dalmatia_County_Dalmatia.html
