review_location_name, review_current_page, review_last_page, review_location_type, review_location_breadcrumbs, review_location_rate, location_lat, location_lng, review_id, review_date, review_experience_date, review_rate, user_name, user_link, user_id, parent_url
Stiniva Cove, 16, 54, Beaches & Beaches, Europe & Croatia & Dalmatia & Split-Dalmatia County & Island of Vis & Vis & Things to Do in Vis, 4.0, 43.02317, 16.1703, 575641387, 20180401, 20180401, 3.0, Blade051, /Profile/Blade051, 29c19b864e67ecebf789b382074807a2, /Attraction_Review-g424973-d2324162-Reviews-Stiniva_Cove-Vis_Island_of_Vis_Split_Dalmatia_County_Dalmatia.html
Stiniva Cove, 16, 54, Beaches & Beaches, Europe & Croatia & Dalmatia & Split-Dalmatia County & Island of Vis & Vis & Things to Do in Vis, 4.0, 43.02317, 16.1703, 555233991, 20180101, 20170801, 5.0, T0rvik, /Profile/T0rvik, 62ab033e0a81a8efbe837b5dbd20b85c, /Attraction_Review-g424973-d2324162-Reviews-Stiniva_Cove-Vis_Island_of_Vis_Split_Dalmatia_County_Dalmatia.html
Stiniva Cove, 16, 54, Beaches & Beaches, Europe & Croatia & Dalmatia & Split-Dalmatia County & Island of Vis & Vis & Things to Do in Vis, 4.0, 43.02317, 16.1703, 541401919, 20171101, 20170901, 2.0, Miloš&& jr. S, /Profile/msjr71, ed99c592dbf348a55d27cfbc8be69a82, /Attraction_Review-g424973-d2324162-Reviews-Stiniva_Cove-Vis_Island_of_Vis_Split_Dalmatia_County_Dalmatia.html
Stiniva Cove, 16, 54, Beaches & Beaches, Europe & Croatia & Dalmatia & Split-Dalmatia County & Island of Vis & Vis & Things to Do in Vis, 4.0, 43.02317, 16.1703, 529992585, 20171001, 20170901, 3.0, Linda B, /Profile/G43FYlindab, aebf06f4ba2e695923b7686820d641a4, /Attraction_Review-g424973-d2324162-Reviews-Stiniva_Cove-Vis_Island_of_Vis_Split_Dalmatia_County_Dalmatia.html
Stiniva Cove, 16, 54, Beaches & Beaches, Europe & Croatia & Dalmatia & Split-Dalmatia County & Island of Vis & Vis & Things to Do in Vis, 4.0, 43.02317, 16.1703, 529349488, 20171001, 20170801, 5.0, Anna G, /Profile/AnnaG952, 78a7f7b2db5c2af03877ef5d093e76cf, /Attraction_Review-g424973-d2324162-Reviews-Stiniva_Cove-Vis_Island_of_Vis_Split_Dalmatia_County_Dalmatia.html
