review_location_name, review_current_page, review_last_page, review_location_type, review_location_breadcrumbs, review_location_rate, location_lat, location_lng, review_id, review_date, review_experience_date, review_rate, user_name, user_link, user_id, parent_url
War Photo Limited, 119, 234, Specialty Museums & History Museums & Specialty Museums & History Museums, Europe & Croatia & Dalmatia & Dubrovnik-Neretva County & Dubrovnik & Things to Do in Dubrovnik, 4.5, 42.641705, 18.108706, 310683032, 20150901, 20150901, 5.0, Charles S, /Profile/charlessS1751ZT, cc68d4f217f4ad92b7fc369d55161fa1, /Attraction_Review-g295371-d611022-Reviews-War_Photo_Limited-Dubrovnik_Dubrovnik_Neretva_County_Dalmatia.html
War Photo Limited, 119, 234, Specialty Museums & History Museums & Specialty Museums & History Museums, Europe & Croatia & Dalmatia & Dubrovnik-Neretva County & Dubrovnik & Things to Do in Dubrovnik, 4.5, 42.641705, 18.108706, 310484012, 20150901, 20150901, 5.0, EdFLondon, /Profile/EdFLondon, abd0cee834b4b54b55c4e7c15619e5f7, /Attraction_Review-g295371-d611022-Reviews-War_Photo_Limited-Dubrovnik_Dubrovnik_Neretva_County_Dalmatia.html
War Photo Limited, 119, 234, Specialty Museums & History Museums & Specialty Museums & History Museums, Europe & Croatia & Dalmatia & Dubrovnik-Neretva County & Dubrovnik & Things to Do in Dubrovnik, 4.5, 42.641705, 18.108706, 310457315, 20150901, 20150901, 3.0, Florida3034, /Profile/Florida3034, 348b13a365195f7e554a50ac4d6db505, /Attraction_Review-g295371-d611022-Reviews-War_Photo_Limited-Dubrovnik_Dubrovnik_Neretva_County_Dalmatia.html
War Photo Limited, 119, 234, Specialty Museums & History Museums & Specialty Museums & History Museums, Europe & Croatia & Dalmatia & Dubrovnik-Neretva County & Dubrovnik & Things to Do in Dubrovnik, 4.5, 42.641705, 18.108706, 309996493, 20150901, 20150701, 4.0, Ewen M, /Profile/958ewenm, 42dee436ebbe9ccab668ca678f24166b, /Attraction_Review-g295371-d611022-Reviews-War_Photo_Limited-Dubrovnik_Dubrovnik_Neretva_County_Dalmatia.html
War Photo Limited, 119, 234, Specialty Museums & History Museums & Specialty Museums & History Museums, Europe & Croatia & Dalmatia & Dubrovnik-Neretva County & Dubrovnik & Things to Do in Dubrovnik, 4.5, 42.641705, 18.108706, 309844713, 20150901, 20150901, 5.0, Shelbypoppit, /Profile/poppitshelby, f42996fcf64d3bd12f156722f925beeb, /Attraction_Review-g295371-d611022-Reviews-War_Photo_Limited-Dubrovnik_Dubrovnik_Neretva_County_Dalmatia.html
