review_location_name, review_current_page, review_last_page, review_location_type, review_location_breadcrumbs, review_location_rate, location_lat, location_lng, review_id, review_date, review_experience_date, review_rate, user_name, user_link, user_id, parent_url
Pupnatska Luca Beach, 32, 37, Beaches & Beaches, Europe & Croatia & Dalmatia & Dubrovnik-Neretva County & Korcula Island & Korcula Town & Things to Do in Korcula Town, 4.5, 42.92641, 17.01225, 302440311, 20150801, 20150801, 4.0, 500fredav, /Profile/500fredav, cc828e5fbaae31d590e16b425939dc7f, /Attraction_Review-g1007309-d7720745-Reviews-Pupnatska_Luca_Beach-Korcula_Town_Korcula_Island_Dubrovnik_Neretva_County_Dalmat.html
Pupnatska Luca Beach, 32, 37, Beaches & Beaches, Europe & Croatia & Dalmatia & Dubrovnik-Neretva County & Korcula Island & Korcula Town & Things to Do in Korcula Town, 4.5, 42.92641, 17.01225, 301245507, 20150801, 20150801, 4.0, Ben R, /Profile/benrL7752TS, 314058fa1c28de669a4acab7e7b611c4, /Attraction_Review-g1007309-d7720745-Reviews-Pupnatska_Luca_Beach-Korcula_Town_Korcula_Island_Dubrovnik_Neretva_County_Dalmat.html
Pupnatska Luca Beach, 32, 37, Beaches & Beaches, Europe & Croatia & Dalmatia & Dubrovnik-Neretva County & Korcula Island & Korcula Town & Things to Do in Korcula Town, 4.5, 42.92641, 17.01225, 299930710, 20150801, 20150801, 1.0, speli25, /Profile/speli25, f29ee3f1e61d781037e10e8efe82ee53, /Attraction_Review-g1007309-d7720745-Reviews-Pupnatska_Luca_Beach-Korcula_Town_Korcula_Island_Dubrovnik_Neretva_County_Dalmat.html
Pupnatska Luca Beach, 32, 37, Beaches & Beaches, Europe & Croatia & Dalmatia & Dubrovnik-Neretva County & Korcula Island & Korcula Town & Things to Do in Korcula Town, 4.5, 42.92641, 17.01225, 299558500, 20150801, 20150801, 5.0, Gedecharbo, /Profile/Gedecharbo, 4a94a7cf0ed0329593a1da13a5343f89, /Attraction_Review-g1007309-d7720745-Reviews-Pupnatska_Luca_Beach-Korcula_Town_Korcula_Island_Dubrovnik_Neretva_County_Dalmat.html
Pupnatska Luca Beach, 32, 37, Beaches & Beaches, Europe & Croatia & Dalmatia & Dubrovnik-Neretva County & Korcula Island & Korcula Town & Things to Do in Korcula Town, 4.5, 42.92641, 17.01225, 296816757, 20150801, 20150801, 4.0, Sasa O, /Profile/sasao2015, ea28c6c525c5bceeaa960cde33c63dd8, /Attraction_Review-g1007309-d7720745-Reviews-Pupnatska_Luca_Beach-Korcula_Town_Korcula_Island_Dubrovnik_Neretva_County_Dalmat.html
