review_location_name, review_current_page, review_last_page, review_location_type, review_location_breadcrumbs, review_location_rate, location_lat, location_lng, review_id, review_date, review_experience_date, review_rate, user_name, user_link, user_id, parent_url
St. Mark's Church (Crkva sv. Marka), 117, 228, Sacred & Religious Sites & Sacred & Religious Sites, Europe & Croatia & Central Croatia & Zagreb & Things to Do in Zagreb, 4.5, 45.81643, 15.97351, 489034653, 20170501, 20170501, 3.0, Dorkon22, /Profile/Dorkon22, a3360c9c8f7f903dd513400c75c4f43b, /Attraction_Review-g294454-d316411-Reviews-St_Mark_s_Church_Crkva_sv_Marka-Zagreb_Central_Croatia.html
St. Mark's Church (Crkva sv. Marka), 117, 228, Sacred & Religious Sites & Sacred & Religious Sites, Europe & Croatia & Central Croatia & Zagreb & Things to Do in Zagreb, 4.5, 45.81643, 15.97351, 487813989, 20170501, 20170501, 4.0, hockeydad97, /Profile/hockeydad97, bfcd7099bb1a1a14f1053ef622a9a4e4, /Attraction_Review-g294454-d316411-Reviews-St_Mark_s_Church_Crkva_sv_Marka-Zagreb_Central_Croatia.html
St. Mark's Church (Crkva sv. Marka), 117, 228, Sacred & Religious Sites & Sacred & Religious Sites, Europe & Croatia & Central Croatia & Zagreb & Things to Do in Zagreb, 4.5, 45.81643, 15.97351, 487375675, 20170501, 20170501, 3.0, Jarko2015, /Profile/Jarko2015, a1b0729cf49908ed693232a3debaeab4, /Attraction_Review-g294454-d316411-Reviews-St_Mark_s_Church_Crkva_sv_Marka-Zagreb_Central_Croatia.html
St. Mark's Church (Crkva sv. Marka), 117, 228, Sacred & Religious Sites & Sacred & Religious Sites, Europe & Croatia & Central Croatia & Zagreb & Things to Do in Zagreb, 4.5, 45.81643, 15.97351, 486876932, 20170501, 20170501, 5.0, Kenneth P, /Profile/980kennethp, 46347364feea7c387d714ecc45763c06, /Attraction_Review-g294454-d316411-Reviews-St_Mark_s_Church_Crkva_sv_Marka-Zagreb_Central_Croatia.html
St. Mark's Church (Crkva sv. Marka), 117, 228, Sacred & Religious Sites & Sacred & Religious Sites, Europe & Croatia & Central Croatia & Zagreb & Things to Do in Zagreb, 4.5, 45.81643, 15.97351, 486854462, 20170501, 20170501, 4.0, Ilmar T, /Profile/Ilmar1, 39b8537cb00132eefa1eebd1a495daad, /Attraction_Review-g294454-d316411-Reviews-St_Mark_s_Church_Crkva_sv_Marka-Zagreb_Central_Croatia.html
