review_location_name, review_current_page, review_last_page, review_location_type, review_location_breadcrumbs, review_location_rate, location_lat, location_lng, review_id, review_date, review_experience_date, review_rate, user_name, user_link, user_id, parent_url
Lungo Mare, 94, 96, Historic Walking Areas & Historic Walking Areas, Europe & Croatia & Primorje-Gorski Kotar County & Opatija & Things to Do in Opatija, 4.5, 45.3411, 14.31074, 130999723, 20120501, 20120501, 4.0, CFC1899, /Profile/CFC1899, b187b1045ad83f81093e6772dd49875a, /Attraction_Review-g297515-d1997680-Reviews-Lungo_Mare-Opatija_Primorje_Gorski_Kotar_County.html
Lungo Mare, 94, 96, Historic Walking Areas & Historic Walking Areas, Europe & Croatia & Primorje-Gorski Kotar County & Opatija & Things to Do in Opatija, 4.5, 45.3411, 14.31074, 129309051, 20120501, 20120501, 5.0, Hrvoje P, /Profile/hrvojepa, ad3129ff3db932f6867fc0695cbd5ae6, /Attraction_Review-g297515-d1997680-Reviews-Lungo_Mare-Opatija_Primorje_Gorski_Kotar_County.html
Lungo Mare, 94, 96, Historic Walking Areas & Historic Walking Areas, Europe & Croatia & Primorje-Gorski Kotar County & Opatija & Things to Do in Opatija, 4.5, 45.3411, 14.31074, 128484893, 20120401, 20120401, 5.0, Desiderius68, /Profile/Desiderius68, f0bd43177937eb4cf0262eed29d685ba, /Attraction_Review-g297515-d1997680-Reviews-Lungo_Mare-Opatija_Primorje_Gorski_Kotar_County.html
Lungo Mare, 94, 96, Historic Walking Areas & Historic Walking Areas, Europe & Croatia & Primorje-Gorski Kotar County & Opatija & Things to Do in Opatija, 4.5, 45.3411, 14.31074, 128076412, 20120401, 20120401, 5.0, Beverley G, /Profile/BeverleyG_12, 4aedc4853b6467b16196b36592425916, /Attraction_Review-g297515-d1997680-Reviews-Lungo_Mare-Opatija_Primorje_Gorski_Kotar_County.html
Lungo Mare, 94, 96, Historic Walking Areas & Historic Walking Areas, Europe & Croatia & Primorje-Gorski Kotar County & Opatija & Things to Do in Opatija, 4.5, 45.3411, 14.31074, 127596639, 20120401, 20120401, 4.0, Eilish H, /Profile/EHZagCro, ce103a3f7a780bcf6417771c346639e8, /Attraction_Review-g297515-d1997680-Reviews-Lungo_Mare-Opatija_Primorje_Gorski_Kotar_County.html
