review_location_name, review_current_page, review_last_page, review_location_type, review_location_breadcrumbs, review_location_rate, location_lat, location_lng, review_id, review_date, review_experience_date, review_rate, user_name, user_link, user_id, parent_url
Peek & Poke Computer Museum, 20, 24, Specialty Museums & Specialty Museums, Europe & Croatia & Primorje-Gorski Kotar County & Rijeka & Things to Do in Rijeka, 5.0, 45.328163, 14.445267, 280819498, 20150601, 20140701, 5.0, Zeco13, /Profile/Zeco13, 175bfca1bf53dd12a313dbdadd82839c, /Attraction_Review-g297516-d3629157-Reviews-Peek_Poke_Computer_Museum-Rijeka_Primorje_Gorski_Kotar_County.html
Peek & Poke Computer Museum, 20, 24, Specialty Museums & Specialty Museums, Europe & Croatia & Primorje-Gorski Kotar County & Rijeka & Things to Do in Rijeka, 5.0, 45.328163, 14.445267, 269776537, 20150501, 20150501, 5.0, Jakub M, /Profile/803jakubm, 992a3949f7f31b43f1bbbe39cfbbc4fc, /Attraction_Review-g297516-d3629157-Reviews-Peek_Poke_Computer_Museum-Rijeka_Primorje_Gorski_Kotar_County.html
Peek & Poke Computer Museum, 20, 24, Specialty Museums & Specialty Museums, Europe & Croatia & Primorje-Gorski Kotar County & Rijeka & Things to Do in Rijeka, 5.0, 45.328163, 14.445267, 269481306, 20150501, 20150401, 5.0, Barbara K, /Profile/U6416UGbarbarak, bfe46234f80b12c65eb4eacbda6c14ee, /Attraction_Review-g297516-d3629157-Reviews-Peek_Poke_Computer_Museum-Rijeka_Primorje_Gorski_Kotar_County.html
Peek & Poke Computer Museum, 20, 24, Specialty Museums & Specialty Museums, Europe & Croatia & Primorje-Gorski Kotar County & Rijeka & Things to Do in Rijeka, 5.0, 45.328163, 14.445267, 256390972, 20150201, 20150201, 5.0, alex a, /Profile/alexaO2841KO, 062abfcadc5c5eb369fca3f641d85b67, /Attraction_Review-g297516-d3629157-Reviews-Peek_Poke_Computer_Museum-Rijeka_Primorje_Gorski_Kotar_County.html
Peek & Poke Computer Museum, 20, 24, Specialty Museums & Specialty Museums, Europe & Croatia & Primorje-Gorski Kotar County & Rijeka & Things to Do in Rijeka, 5.0, 45.328163, 14.445267, 250308828, 20150101, 20140801, 5.0, yvesbolo, /Profile/yvesbolo, c3e527bb39f337625c617be282278eef, /Attraction_Review-g297516-d3629157-Reviews-Peek_Poke_Computer_Museum-Rijeka_Primorje_Gorski_Kotar_County.html
