review_location_name, review_current_page, review_last_page, review_location_type, review_location_breadcrumbs, review_location_rate, location_lat, location_lng, review_id, review_date, review_experience_date, review_rate, user_name, user_link, user_id, parent_url
Bacina Lakes, 5, 4, Bodies of Water & Bodies of Water, Europe & Croatia & Dalmatia & Dubrovnik-Neretva County & Dubrovnik & Things to Do in Dubrovnik, 4.5, 43.0772, 17.4186, 226194164, 20140901, 20140801, 4.0, sciat, /Profile/sciat, 9024da264dce333c017aabe2bd2675d3, /Attraction_Review-g295371-d4323086-Reviews-Bacina_Lakes-Dubrovnik_Dubrovnik_Neretva_County_Dalmatia.html
Bacina Lakes, 5, 4, Bodies of Water & Bodies of Water, Europe & Croatia & Dalmatia & Dubrovnik-Neretva County & Dubrovnik & Things to Do in Dubrovnik, 4.5, 43.0772, 17.4186, 222757270, 20140801, 20140801, 5.0, mojitoclassic, /Profile/mojitoclassic, c1183774739538e2145a10253d8e7f98, /Attraction_Review-g295371-d4323086-Reviews-Bacina_Lakes-Dubrovnik_Dubrovnik_Neretva_County_Dalmatia.html
Bacina Lakes, 5, 4, Bodies of Water & Bodies of Water, Europe & Croatia & Dalmatia & Dubrovnik-Neretva County & Dubrovnik & Things to Do in Dubrovnik, 4.5, 43.0772, 17.4186, 212971022, 20140601, 20140601, 4.0, Andrew M, /Profile/286AndrewM, 8e3a5ba2131cae60689aaa938da69beb, /Attraction_Review-g295371-d4323086-Reviews-Bacina_Lakes-Dubrovnik_Dubrovnik_Neretva_County_Dalmatia.html
Bacina Lakes, 5, 4, Bodies of Water & Bodies of Water, Europe & Croatia & Dalmatia & Dubrovnik-Neretva County & Dubrovnik & Things to Do in Dubrovnik, 4.5, 43.0772, 17.4186, 211218431, 20140601, 20140301, 5.0, Ivan D, /Profile/ivand294, 4af3c8de42be4f7292c39169d5033378, /Attraction_Review-g295371-d4323086-Reviews-Bacina_Lakes-Dubrovnik_Dubrovnik_Neretva_County_Dalmatia.html
