review_location_name, review_current_page, review_last_page, review_location_type, review_location_breadcrumbs, review_location_rate, location_lat, location_lng, review_id, review_date, review_experience_date, review_rate, user_name, user_link, user_id, parent_url
Pokonji Dol Beach, 7, 9, Beaches & Beaches, Europe & Croatia & Dalmatia & Split-Dalmatia County & Hvar Island & Things to Do in Hvar Island, 4.5, 43.16733, 16.45128, 316629499, 20151001, 20150901, 4.0, supertearz, /Profile/supertearz, 5b658c9b24cb65fcf235d0cbe0d7c18b, /Attraction_Review-g659912-d4960255-Reviews-Pokonji_Dol_Beach-Hvar_Island_Split_Dalmatia_County_Dalmatia.html
Pokonji Dol Beach, 7, 9, Beaches & Beaches, Europe & Croatia & Dalmatia & Split-Dalmatia County & Hvar Island & Things to Do in Hvar Island, 4.5, 43.16733, 16.45128, 310391645, 20150901, 20150901, 4.0, whatdidicomefor, /Profile/whatdidicomefor, 64a23c2c4796eb0fe98b1de34d7a5acc, /Attraction_Review-g659912-d4960255-Reviews-Pokonji_Dol_Beach-Hvar_Island_Split_Dalmatia_County_Dalmatia.html
Pokonji Dol Beach, 7, 9, Beaches & Beaches, Europe & Croatia & Dalmatia & Split-Dalmatia County & Hvar Island & Things to Do in Hvar Island, 4.5, 43.16733, 16.45128, 296051252, 20150801, 20150801, 4.0, Passport562582, /Profile/Passport562582, 6631a89476286cff10697814cfbb7b8c, /Attraction_Review-g659912-d4960255-Reviews-Pokonji_Dol_Beach-Hvar_Island_Split_Dalmatia_County_Dalmatia.html
Pokonji Dol Beach, 7, 9, Beaches & Beaches, Europe & Croatia & Dalmatia & Split-Dalmatia County & Hvar Island & Things to Do in Hvar Island, 4.5, 43.16733, 16.45128, 294296262, 20150701, 20150701, 2.0, LucjaMaria, /Profile/LucjaMaria, 80468aee92b99f626ce75acc40f77872, /Attraction_Review-g659912-d4960255-Reviews-Pokonji_Dol_Beach-Hvar_Island_Split_Dalmatia_County_Dalmatia.html
Pokonji Dol Beach, 7, 9, Beaches & Beaches, Europe & Croatia & Dalmatia & Split-Dalmatia County & Hvar Island & Things to Do in Hvar Island, 4.5, 43.16733, 16.45128, 291456397, 20150701, 20150701, 4.0, David H, /Profile/davidhO4511RE, 7c454e3da5ef94d88097d3b6b56c7bc3, /Attraction_Review-g659912-d4960255-Reviews-Pokonji_Dol_Beach-Hvar_Island_Split_Dalmatia_County_Dalmatia.html
