review_location_name, review_current_page, review_last_page, review_location_type, review_location_breadcrumbs, review_location_rate, location_lat, location_lng, review_id, review_date, review_experience_date, review_rate, user_name, user_link, user_id, parent_url
Museum of Broken Relationships, 549, 650, Specialty Museums & Specialty Museums, Europe & Croatia & Central Croatia & Zagreb & Things to Do in Zagreb, 4.0, 45.814926, 15.973435, 218307629, 20140701, 20131201, 4.0, mary z, /Profile/972maryz, f313e38c7e05fb18800c6ab4568ba8ec, /Attraction_Review-g294454-d1929841-Reviews-Museum_of_Broken_Relationships-Zagreb_Central_Croatia.html
Museum of Broken Relationships, 549, 650, Specialty Museums & Specialty Museums, Europe & Croatia & Central Croatia & Zagreb & Things to Do in Zagreb, 4.0, 45.814926, 15.973435, 218293352, 20140701, 20140701, 5.0, Viva S, /Profile/vivap2014, 5e4d79d3926080d71eea3caceab86af4, /Attraction_Review-g294454-d1929841-Reviews-Museum_of_Broken_Relationships-Zagreb_Central_Croatia.html
Museum of Broken Relationships, 549, 650, Specialty Museums & Specialty Museums, Europe & Croatia & Central Croatia & Zagreb & Things to Do in Zagreb, 4.0, 45.814926, 15.973435, 218221995, 20140701, 20140701, 5.0, curtisannabelle, /Profile/curtisannabelle, 9d1afbf5b1eba7e31983f97bed68f9e9, /Attraction_Review-g294454-d1929841-Reviews-Museum_of_Broken_Relationships-Zagreb_Central_Croatia.html
Museum of Broken Relationships, 549, 650, Specialty Museums & Specialty Museums, Europe & Croatia & Central Croatia & Zagreb & Things to Do in Zagreb, 4.0, 45.814926, 15.973435, 218198736, 20140701, 20140701, 5.0, LeslieGarland, /Profile/LeslieGarland, 22ecde916ba17bd2aac4c873cc748a47, /Attraction_Review-g294454-d1929841-Reviews-Museum_of_Broken_Relationships-Zagreb_Central_Croatia.html
Museum of Broken Relationships, 549, 650, Specialty Museums & Specialty Museums, Europe & Croatia & Central Croatia & Zagreb & Things to Do in Zagreb, 4.0, 45.814926, 15.973435, 217702141, 20140701, 20140701, 5.0, Leanne P, /Profile/leannep436, 52df796d2296e838dbb89c9fb1e17010, /Attraction_Review-g294454-d1929841-Reviews-Museum_of_Broken_Relationships-Zagreb_Central_Croatia.html
