review_location_name, review_current_page, review_last_page, review_location_type, review_location_breadcrumbs, review_location_rate, location_lat, location_lng, review_id, review_date, review_experience_date, review_rate, user_name, user_link, user_id, parent_url
Lokrum Island, 864, 1158, Islands & Islands, Europe & Croatia & Dalmatia & Dubrovnik-Neretva County & Dubrovnik & Things to Do in Dubrovnik, 4.5, 42.624542, 18.120455, 294348938, 20150701, 20150701, 5.0, teithioOz, /Profile/teithioOz, 68dba0e2939251920dd11c7455d3e445, /Attraction_Review-g295371-d483261-Reviews-Lokrum_Island-Dubrovnik_Dubrovnik_Neretva_County_Dalmatia.html
Lokrum Island, 864, 1158, Islands & Islands, Europe & Croatia & Dalmatia & Dubrovnik-Neretva County & Dubrovnik & Things to Do in Dubrovnik, 4.5, 42.624542, 18.120455, 294269509, 20150701, 20150701, 4.0, Magnus F, /Profile/752magnusf, 7b808741526deeed03175f88f672a110, /Attraction_Review-g295371-d483261-Reviews-Lokrum_Island-Dubrovnik_Dubrovnik_Neretva_County_Dalmatia.html
Lokrum Island, 864, 1158, Islands & Islands, Europe & Croatia & Dalmatia & Dubrovnik-Neretva County & Dubrovnik & Things to Do in Dubrovnik, 4.5, 42.624542, 18.120455, 294165941, 20150701, 20150701, 5.0, gecko77, /Profile/gecko77, 306d7dea6cd9d6bfe2b80940507acb44, /Attraction_Review-g295371-d483261-Reviews-Lokrum_Island-Dubrovnik_Dubrovnik_Neretva_County_Dalmatia.html
Lokrum Island, 864, 1158, Islands & Islands, Europe & Croatia & Dalmatia & Dubrovnik-Neretva County & Dubrovnik & Things to Do in Dubrovnik, 4.5, 42.624542, 18.120455, 294040889, 20150701, 20150601, 5.0, natejonson, /Profile/natejonson, 985d510b1a605e246d6eb280125e5b84, /Attraction_Review-g295371-d483261-Reviews-Lokrum_Island-Dubrovnik_Dubrovnik_Neretva_County_Dalmatia.html
Lokrum Island, 864, 1158, Islands & Islands, Europe & Croatia & Dalmatia & Dubrovnik-Neretva County & Dubrovnik & Things to Do in Dubrovnik, 4.5, 42.624542, 18.120455, 293864095, 20150701, 20150601, 5.0, Penfold Shah, /Profile/Penfold-Shah, 84f76c15a6e787d7c2d52d1f5b31cd61, /Attraction_Review-g295371-d483261-Reviews-Lokrum_Island-Dubrovnik_Dubrovnik_Neretva_County_Dalmatia.html
