review_location_name, review_current_page, review_last_page, review_location_type, review_location_breadcrumbs, review_location_rate, location_lat, location_lng, review_id, review_date, review_experience_date, review_rate, user_name, user_link, user_id, parent_url
Korcula Old City, 49, 162, Points of Interest & Landmarks & Points of Interest & Landmarks, Europe & Croatia & Dalmatia & Dubrovnik-Neretva County & Korcula Island & Things to Do in Korcula Island, 4.5, 42.96149, 17.136015, 520218521, 20170901, 20170901, 5.0, Anne, /Profile/N1872GCannec, caca372cbac41a0ce9e951144f174a62, /Attraction_Review-g303810-d548274-Reviews-Korcula_Old_City-Korcula_Island_Dubrovnik_Neretva_County_Dalmatia.html
Korcula Old City, 49, 162, Points of Interest & Landmarks & Points of Interest & Landmarks, Europe & Croatia & Dalmatia & Dubrovnik-Neretva County & Korcula Island & Things to Do in Korcula Island, 4.5, 42.96149, 17.136015, 519998094, 20170801, 20170801, 5.0, Gail S, /Profile/GailS798, 9dcfac0d49cb8a4622ac89da7f5bed59, /Attraction_Review-g303810-d548274-Reviews-Korcula_Old_City-Korcula_Island_Dubrovnik_Neretva_County_Dalmatia.html
Korcula Old City, 49, 162, Points of Interest & Landmarks & Points of Interest & Landmarks, Europe & Croatia & Dalmatia & Dubrovnik-Neretva County & Korcula Island & Things to Do in Korcula Island, 4.5, 42.96149, 17.136015, 518243916, 20170801, 20170801, 5.0, ChrisJS51, /Profile/ChrisJS51, 64411efae5ed51a8b3c9d9ab4f815a1d, /Attraction_Review-g303810-d548274-Reviews-Korcula_Old_City-Korcula_Island_Dubrovnik_Neretva_County_Dalmatia.html
Korcula Old City, 49, 162, Points of Interest & Landmarks & Points of Interest & Landmarks, Europe & Croatia & Dalmatia & Dubrovnik-Neretva County & Korcula Island & Things to Do in Korcula Island, 4.5, 42.96149, 17.136015, 517873779, 20170801, 20170801, 5.0, oilib, /Profile/oilib, c3fa4f31f6ff0d8a356876f3d11a7795, /Attraction_Review-g303810-d548274-Reviews-Korcula_Old_City-Korcula_Island_Dubrovnik_Neretva_County_Dalmatia.html
Korcula Old City, 49, 162, Points of Interest & Landmarks & Points of Interest & Landmarks, Europe & Croatia & Dalmatia & Dubrovnik-Neretva County & Korcula Island & Things to Do in Korcula Island, 4.5, 42.96149, 17.136015, 517297553, 20170801, 20170701, 5.0, cheshire2016, /Profile/cheshire2016, 130ff19fb040bf5653c5f3b471afc161, /Attraction_Review-g303810-d548274-Reviews-Korcula_Old_City-Korcula_Island_Dubrovnik_Neretva_County_Dalmatia.html
