review_location_name, review_current_page, review_last_page, review_location_type, review_location_breadcrumbs, review_location_rate, location_lat, location_lng, review_id, review_date, review_experience_date, review_rate, user_name, user_link, user_id, parent_url
Blaca, 19, 22, Historic Sites & Historic Sites, Europe & Croatia & Dalmatia & Split-Dalmatia County & Brac Island & Bol & Things to Do in Bol, 4.5, 43.293125, 16.529427, 229200454, 20140901, 20140901, 3.0, Mariak1234, /Profile/Mariak1234, 1c99ace2cde50e513ccaed3a8e764ee8, /Attraction_Review-g303802-d554012-Reviews-Blaca-Bol_Brac_Island_Split_Dalmatia_County_Dalmatia.html
Blaca, 19, 22, Historic Sites & Historic Sites, Europe & Croatia & Dalmatia & Split-Dalmatia County & Brac Island & Bol & Things to Do in Bol, 4.5, 43.293125, 16.529427, 223932439, 20140801, 20140801, 5.0, AstridPR, /Profile/AstridPR, c4eeaa1478a18937e1ec2472f0b2a24b, /Attraction_Review-g303802-d554012-Reviews-Blaca-Bol_Brac_Island_Split_Dalmatia_County_Dalmatia.html
Blaca, 19, 22, Historic Sites & Historic Sites, Europe & Croatia & Dalmatia & Split-Dalmatia County & Brac Island & Bol & Things to Do in Bol, 4.5, 43.293125, 16.529427, 223351031, 20140801, 20140801, 5.0, JeanWillemyns, /Profile/JeanWillemyns, 90f8ae65c8a18de677c7d98a48e1ba50, /Attraction_Review-g303802-d554012-Reviews-Blaca-Bol_Brac_Island_Split_Dalmatia_County_Dalmatia.html
Blaca, 19, 22, Historic Sites & Historic Sites, Europe & Croatia & Dalmatia & Split-Dalmatia County & Brac Island & Bol & Things to Do in Bol, 4.5, 43.293125, 16.529427, 223292251, 20140801, 20140801, 5.0, igrskovi, /Profile/igrskovi, 9612c8727e8012e1a73b510aa3176a30, /Attraction_Review-g303802-d554012-Reviews-Blaca-Bol_Brac_Island_Split_Dalmatia_County_Dalmatia.html
Blaca, 19, 22, Historic Sites & Historic Sites, Europe & Croatia & Dalmatia & Split-Dalmatia County & Brac Island & Bol & Things to Do in Bol, 4.5, 43.293125, 16.529427, 221497781, 20140801, 20140801, 5.0, Add-Jay, /Profile/Add-Jay, 7c4618f1a8d8e067d6167a2d6323e1f1, /Attraction_Review-g303802-d554012-Reviews-Blaca-Bol_Brac_Island_Split_Dalmatia_County_Dalmatia.html
