review_location_name, review_current_page, review_last_page, review_location_type, review_location_breadcrumbs, review_location_rate, location_lat, location_lng, review_id, review_date, review_experience_date, review_rate, user_name, user_link, user_id, parent_url
Grgur Ninski Statue, 14, 112, Historic Sites & Ancient Ruins & Monuments & Statues & Historic Sites & Ancient Ruins & Monuments & Statues, Europe & Croatia & Dalmatia & Split-Dalmatia County & Split & Things to Do in Split, 4.0, 43.50943, 16.44084, 678553893, 20190601, 20190501, 3.0, mike r, /Profile/mjandg1, 5fd796818ab2a8b1d74b27c244115cb6, /Attraction_Review-g295370-d550408-Reviews-Grgur_Ninski_Statue-Split_Split_Dalmatia_County_Dalmatia.html
Grgur Ninski Statue, 14, 112, Historic Sites & Ancient Ruins & Monuments & Statues & Historic Sites & Ancient Ruins & Monuments & Statues, Europe & Croatia & Dalmatia & Split-Dalmatia County & Split & Things to Do in Split, 4.0, 43.50943, 16.44084, 674987087, 20190501, 20190501, 3.0, c b, /Profile/648cb, 60794dd791b7fd264087588c0bb13fa4, /Attraction_Review-g295370-d550408-Reviews-Grgur_Ninski_Statue-Split_Split_Dalmatia_County_Dalmatia.html
Grgur Ninski Statue, 14, 112, Historic Sites & Ancient Ruins & Monuments & Statues & Historic Sites & Ancient Ruins & Monuments & Statues, Europe & Croatia & Dalmatia & Split-Dalmatia County & Split & Things to Do in Split, 4.0, 43.50943, 16.44084, 674830183, 20190501, 20190501, 3.0, EVI K, /Profile/122evik, 9cf6dece4e0a53b9122d77f9e8b03ac2, /Attraction_Review-g295370-d550408-Reviews-Grgur_Ninski_Statue-Split_Split_Dalmatia_County_Dalmatia.html
Grgur Ninski Statue, 14, 112, Historic Sites & Ancient Ruins & Monuments & Statues & Historic Sites & Ancient Ruins & Monuments & Statues, Europe & Croatia & Dalmatia & Split-Dalmatia County & Split & Things to Do in Split, 4.0, 43.50943, 16.44084, 673657747, 20190501, 20190401, 5.0, MandM5960, /Profile/MandM5960, 9207f0fdcb22ede064012a7a44aea76b, /Attraction_Review-g295370-d550408-Reviews-Grgur_Ninski_Statue-Split_Split_Dalmatia_County_Dalmatia.html
Grgur Ninski Statue, 14, 112, Historic Sites & Ancient Ruins & Monuments & Statues & Historic Sites & Ancient Ruins & Monuments & Statues, Europe & Croatia & Dalmatia & Split-Dalmatia County & Split & Things to Do in Split, 4.0, 43.50943, 16.44084, 672537599, 20190501, 20190401, 5.0, MisMis345, /Profile/MisMis345, 78dfc6bb734db73bfe93c008c4e2a16f, /Attraction_Review-g295370-d550408-Reviews-Grgur_Ninski_Statue-Split_Split_Dalmatia_County_Dalmatia.html
