review_location_name, review_current_page, review_last_page, review_location_type, review_location_breadcrumbs, review_location_rate, location_lat, location_lng, review_id, review_date, review_experience_date, review_rate, user_name, user_link, user_id, parent_url
Jelacic Square (Trg Bana Josipa Jelacica), 9, 120, Points of Interest & Landmarks & Monuments & Statues & Flea & Street Markets & Points of Interest & Landmarks & Monuments & Statues & Flea & Street Markets, Europe & Croatia & Central Croatia & Zagreb & Things to Do in Zagreb, 4.0, 45.813137, 15.976653, 697223750, 20190801, 20190701, 4.0, bcsystems, /Profile/bcsystems, 33e409e0d6f1eebba875a3319e697258, /Attraction_Review-g294454-d316800-Reviews-Jelacic_Square_Trg_Bana_Josipa_Jelacica-Zagreb_Central_Croatia.html
Jelacic Square (Trg Bana Josipa Jelacica), 9, 120, Points of Interest & Landmarks & Monuments & Statues & Flea & Street Markets & Points of Interest & Landmarks & Monuments & Statues & Flea & Street Markets, Europe & Croatia & Central Croatia & Zagreb & Things to Do in Zagreb, 4.0, 45.813137, 15.976653, 697108587, 20190801, 20180901, 3.0, Stojkin, /Profile/Stojkin, 0453748a3c1d1cbf24d665f567a6abd1, /Attraction_Review-g294454-d316800-Reviews-Jelacic_Square_Trg_Bana_Josipa_Jelacica-Zagreb_Central_Croatia.html
Jelacic Square (Trg Bana Josipa Jelacica), 9, 120, Points of Interest & Landmarks & Monuments & Statues & Flea & Street Markets & Points of Interest & Landmarks & Monuments & Statues & Flea & Street Markets, Europe & Croatia & Central Croatia & Zagreb & Things to Do in Zagreb, 4.0, 45.813137, 15.976653, 696440108, 20190801, 20190701, 3.0, Bram V, /Profile/283bramv, 61a3e40f8081aa09b6e350da48b57402, /Attraction_Review-g294454-d316800-Reviews-Jelacic_Square_Trg_Bana_Josipa_Jelacica-Zagreb_Central_Croatia.html
Jelacic Square (Trg Bana Josipa Jelacica), 9, 120, Points of Interest & Landmarks & Monuments & Statues & Flea & Street Markets & Points of Interest & Landmarks & Monuments & Statues & Flea & Street Markets, Europe & Croatia & Central Croatia & Zagreb & Things to Do in Zagreb, 4.0, 45.813137, 15.976653, 694938540, 20190801, 20190801, 3.0, Stéphanie P, /Profile/686fthyyo, 39b53a89129dbc77c0e861829527e440, /Attraction_Review-g294454-d316800-Reviews-Jelacic_Square_Trg_Bana_Josipa_Jelacica-Zagreb_Central_Croatia.html
Jelacic Square (Trg Bana Josipa Jelacica), 9, 120, Points of Interest & Landmarks & Monuments & Statues & Flea & Street Markets & Points of Interest & Landmarks & Monuments & Statues & Flea & Street Markets, Europe & Croatia & Central Croatia & Zagreb & Things to Do in Zagreb, 4.0, 45.813137, 15.976653, 692128438, 20190701, 20190701, 5.0, massimoswitz, /Profile/massimoswitz, c8364339e7914b2835dfc97300898bfb, /Attraction_Review-g294454-d316800-Reviews-Jelacic_Square_Trg_Bana_Josipa_Jelacica-Zagreb_Central_Croatia.html
