review_location_name, review_current_page, review_last_page, review_location_type, review_location_breadcrumbs, review_location_rate, location_lat, location_lng, review_id, review_date, review_experience_date, review_rate, user_name, user_link, user_id, parent_url
Medulin Village, 11, 20, Historic Sites & Historic Sites, Europe & Croatia & Istria & Pula & Things to Do in Pula, 3.5, 44.81349, 13.93112, 389790762, 20160701, 20160701, 2.0, Margareta B, /Profile/382margaretab, 9096ddaabe6078a29a0f423647ab6b60, /Attraction_Review-g295373-d553250-Reviews-Medulin_Village-Pula_Istria.html
Medulin Village, 11, 20, Historic Sites & Historic Sites, Europe & Croatia & Istria & Pula & Things to Do in Pula, 3.5, 44.81349, 13.93112, 385333667, 20160601, 20150901, 5.0, Janie R, /Profile/374janier, 734b2a0724e4843c98f2775224e6a836, /Attraction_Review-g295373-d553250-Reviews-Medulin_Village-Pula_Istria.html
Medulin Village, 11, 20, Historic Sites & Historic Sites, Europe & Croatia & Istria & Pula & Things to Do in Pula, 3.5, 44.81349, 13.93112, 383163131, 20160601, 20160601, 4.0, bronson74, /Profile/bronson74, eb8992861e625b713003c6aa363a2fb7, /Attraction_Review-g295373-d553250-Reviews-Medulin_Village-Pula_Istria.html
Medulin Village, 11, 20, Historic Sites & Historic Sites, Europe & Croatia & Istria & Pula & Things to Do in Pula, 3.5, 44.81349, 13.93112, 379999389, 20160601, 20160501, 4.0, richmcc08, /Profile/richmcc08, 800aa0c22a08b5e33048d202761f8fda, /Attraction_Review-g295373-d553250-Reviews-Medulin_Village-Pula_Istria.html
Medulin Village, 11, 20, Historic Sites & Historic Sites, Europe & Croatia & Istria & Pula & Things to Do in Pula, 3.5, 44.81349, 13.93112, 379093837, 20160601, 20160601, 2.0, Luke G, /Profile/lukeg2015, 00044f672e24b233c0f44407c7a9bf62, /Attraction_Review-g295373-d553250-Reviews-Medulin_Village-Pula_Istria.html
