review_location_name, review_current_page, review_last_page, review_location_type, review_location_breadcrumbs, review_location_rate, location_lat, location_lng, review_id, review_date, review_experience_date, review_rate, user_name, user_link, user_id, parent_url
Tvrdava Fortica, 240, 332, Historic Sites & Lookouts & Historic Sites & Lookouts, Europe & Croatia & Dalmatia & Split-Dalmatia County & Hvar Island & Hvar & Things to Do in Hvar, 4.5, 43.17228, 16.4482, 301937387, 20150801, 20150701, 5.0, skrentzm, /Profile/skrentzm, b3d8e639830c075868565cea9009e907, /Attraction_Review-g303808-d552473-Reviews-Tvrdava_Fortica-Hvar_Hvar_Island_Split_Dalmatia_County_Dalmatia.html
Tvrdava Fortica, 240, 332, Historic Sites & Lookouts & Historic Sites & Lookouts, Europe & Croatia & Dalmatia & Split-Dalmatia County & Hvar Island & Hvar & Things to Do in Hvar, 4.5, 43.17228, 16.4482, 301473978, 20150801, 20150801, 5.0, Eric G, /Profile/ericg96, 1f2d5ec5d038850719fefd15f3886f87, /Attraction_Review-g303808-d552473-Reviews-Tvrdava_Fortica-Hvar_Hvar_Island_Split_Dalmatia_County_Dalmatia.html
Tvrdava Fortica, 240, 332, Historic Sites & Lookouts & Historic Sites & Lookouts, Europe & Croatia & Dalmatia & Split-Dalmatia County & Hvar Island & Hvar & Things to Do in Hvar, 4.5, 43.17228, 16.4482, 301193855, 20150801, 20150801, 5.0, Mauibeth, /Profile/Mauibeth, e84309621f65515f01fcf78914c5e3b2, /Attraction_Review-g303808-d552473-Reviews-Tvrdava_Fortica-Hvar_Hvar_Island_Split_Dalmatia_County_Dalmatia.html
Tvrdava Fortica, 240, 332, Historic Sites & Lookouts & Historic Sites & Lookouts, Europe & Croatia & Dalmatia & Split-Dalmatia County & Hvar Island & Hvar & Things to Do in Hvar, 4.5, 43.17228, 16.4482, 300795575, 20150801, 20150801, 4.0, marko m, /Profile/xmarkoxmandaricx, 168b1a1ce46ec7ecf7097eb277e18d3f, /Attraction_Review-g303808-d552473-Reviews-Tvrdava_Fortica-Hvar_Hvar_Island_Split_Dalmatia_County_Dalmatia.html
Tvrdava Fortica, 240, 332, Historic Sites & Lookouts & Historic Sites & Lookouts, Europe & Croatia & Dalmatia & Split-Dalmatia County & Hvar Island & Hvar & Things to Do in Hvar, 4.5, 43.17228, 16.4482, 300531808, 20150801, 20150601, 5.0, USCHRU_13, /Profile/USCHRU_13, 267d54ac8aa93f593c5f1593fc897c75, /Attraction_Review-g303808-d552473-Reviews-Tvrdava_Fortica-Hvar_Hvar_Island_Split_Dalmatia_County_Dalmatia.html
