review_location_name, review_current_page, review_last_page, review_location_type, review_location_breadcrumbs, review_location_rate, location_lat, location_lng, review_id, review_date, review_experience_date, review_rate, user_name, user_link, user_id, parent_url
Historic City of Trogir, 40, 251, Historic Sites & Historic Sites, Europe & Croatia & Dalmatia & Split-Dalmatia County & Trogir & Things to Do in Trogir, 4.5, 43.515614, 16.249449, 652775918, 20190201, 20190201, 4.0, Dadvader48, /Profile/Dadvader48, 3d6568a4b9f36f0b0b629ec766e05b03, /Attraction_Review-g303838-d523456-Reviews-Historic_City_of_Trogir-Trogir_Split_Dalmatia_County_Dalmatia.html
Historic City of Trogir, 40, 251, Historic Sites & Historic Sites, Europe & Croatia & Dalmatia & Split-Dalmatia County & Trogir & Things to Do in Trogir, 4.5, 43.515614, 16.249449, 651767438, 20190201, 20180501, 5.0, Rachel N, /Profile/RachelN813, e172f4de5ae79f1720e51822e73d1282, /Attraction_Review-g303838-d523456-Reviews-Historic_City_of_Trogir-Trogir_Split_Dalmatia_County_Dalmatia.html
Historic City of Trogir, 40, 251, Historic Sites & Historic Sites, Europe & Croatia & Dalmatia & Split-Dalmatia County & Trogir & Things to Do in Trogir, 4.5, 43.515614, 16.249449, 650151010, 20190201, 20180301, 5.0, Andr3a1o, /Profile/Andr3a1o, 58b512179bb232334d2d8d487a44c093, /Attraction_Review-g303838-d523456-Reviews-Historic_City_of_Trogir-Trogir_Split_Dalmatia_County_Dalmatia.html
Historic City of Trogir, 40, 251, Historic Sites & Historic Sites, Europe & Croatia & Dalmatia & Split-Dalmatia County & Trogir & Things to Do in Trogir, 4.5, 43.515614, 16.249449, 647182100, 20190101, 20181001, 5.0, Carol A S, /Profile/carolas936, 1c912a0b6f40d4919b5cc3da9cf8cd8d, /Attraction_Review-g303838-d523456-Reviews-Historic_City_of_Trogir-Trogir_Split_Dalmatia_County_Dalmatia.html
Historic City of Trogir, 40, 251, Historic Sites & Historic Sites, Europe & Croatia & Dalmatia & Split-Dalmatia County & Trogir & Things to Do in Trogir, 4.5, 43.515614, 16.249449, 647135637, 20190101, 20181201, 5.0, Francis D, /Profile/Isa-Francis, c6ebdc70bd7d2c6a01ebe58b277f4dbb, /Attraction_Review-g303838-d523456-Reviews-Historic_City_of_Trogir-Trogir_Split_Dalmatia_County_Dalmatia.html
