review_location_name, review_current_page, review_last_page, review_location_type, review_location_breadcrumbs, review_location_rate, location_lat, location_lng, review_id, review_date, review_experience_date, review_rate, user_name, user_link, user_id, parent_url
Lokrum Island, 247, 1158, Islands & Islands, Europe & Croatia & Dalmatia & Dubrovnik-Neretva County & Dubrovnik & Things to Do in Dubrovnik, 4.5, 42.624542, 18.120455, 595073974, 20180701, 20180701, 3.0, SMOOZA, /Profile/SMOOZA, 5368b47fcda19551b176735a95a3abf8, /Attraction_Review-g295371-d483261-Reviews-Lokrum_Island-Dubrovnik_Dubrovnik_Neretva_County_Dalmatia.html
Lokrum Island, 247, 1158, Islands & Islands, Europe & Croatia & Dalmatia & Dubrovnik-Neretva County & Dubrovnik & Things to Do in Dubrovnik, 4.5, 42.624542, 18.120455, 595051265, 20180701, 20180701, 3.0, vppro, /Profile/vppro, 8d2a7d481dd87e63e99885aca0802139, /Attraction_Review-g295371-d483261-Reviews-Lokrum_Island-Dubrovnik_Dubrovnik_Neretva_County_Dalmatia.html
Lokrum Island, 247, 1158, Islands & Islands, Europe & Croatia & Dalmatia & Dubrovnik-Neretva County & Dubrovnik & Things to Do in Dubrovnik, 4.5, 42.624542, 18.120455, 594943188, 20180701, 20180701, 4.0, Tom S, /Profile/TomS740, 226971477ed229e1a6cd1f94dba790cb, /Attraction_Review-g295371-d483261-Reviews-Lokrum_Island-Dubrovnik_Dubrovnik_Neretva_County_Dalmatia.html
Lokrum Island, 247, 1158, Islands & Islands, Europe & Croatia & Dalmatia & Dubrovnik-Neretva County & Dubrovnik & Things to Do in Dubrovnik, 4.5, 42.624542, 18.120455, 594933371, 20180701, 20180701, 5.0, maxine G, /Profile/516maxineg, f46f4e72fbb649ffd01495df650916dc, /Attraction_Review-g295371-d483261-Reviews-Lokrum_Island-Dubrovnik_Dubrovnik_Neretva_County_Dalmatia.html
Lokrum Island, 247, 1158, Islands & Islands, Europe & Croatia & Dalmatia & Dubrovnik-Neretva County & Dubrovnik & Things to Do in Dubrovnik, 4.5, 42.624542, 18.120455, 594837697, 20180701, 20180701, 5.0, langerDurham, /Profile/langerDurham, 84b4df15cf05e8a154341b2121ff79a5, /Attraction_Review-g295371-d483261-Reviews-Lokrum_Island-Dubrovnik_Dubrovnik_Neretva_County_Dalmatia.html
