review_location_name, review_current_page, review_last_page, review_location_type, review_location_breadcrumbs, review_location_rate, location_lat, location_lng, review_id, review_date, review_experience_date, review_rate, user_name, user_link, user_id, parent_url
Upper Town (Gornji Grad), 65, 271, Neighborhoods & Historic Walking Areas & Neighborhoods & Historic Walking Areas, Europe & Croatia & Central Croatia & Zagreb & Things to Do in Zagreb, 4.5, 45.815865, 15.973506, 532035070, 20171001, 20161101, 5.0, Hrvoje O, /Profile/hrvojeo2015, 207d91d1507671f24690c422fac1b8ad, /Attraction_Review-g294454-d549627-Reviews-Upper_Town_Gornji_Grad-Zagreb_Central_Croatia.html
Upper Town (Gornji Grad), 65, 271, Neighborhoods & Historic Walking Areas & Neighborhoods & Historic Walking Areas, Europe & Croatia & Central Croatia & Zagreb & Things to Do in Zagreb, 4.5, 45.815865, 15.973506, 531969593, 20171001, 20171001, 4.0, Stephen N, /Profile/Divebiker888, 3e9ae1ea81e8961a94cd9bcb6d6fe95b, /Attraction_Review-g294454-d549627-Reviews-Upper_Town_Gornji_Grad-Zagreb_Central_Croatia.html
Upper Town (Gornji Grad), 65, 271, Neighborhoods & Historic Walking Areas & Neighborhoods & Historic Walking Areas, Europe & Croatia & Central Croatia & Zagreb & Things to Do in Zagreb, 4.5, 45.815865, 15.973506, 531783644, 20171001, 20170301, 5.0, sargar69, /Profile/sargar69, 2be49c97884323e5c8fd1c58a6c01dc5, /Attraction_Review-g294454-d549627-Reviews-Upper_Town_Gornji_Grad-Zagreb_Central_Croatia.html
Upper Town (Gornji Grad), 65, 271, Neighborhoods & Historic Walking Areas & Neighborhoods & Historic Walking Areas, Europe & Croatia & Central Croatia & Zagreb & Things to Do in Zagreb, 4.5, 45.815865, 15.973506, 531459755, 20171001, 20170901, 4.0, Hayley L, /Profile/650hayleyl, bce0d229509402c4c3a395e13452b950, /Attraction_Review-g294454-d549627-Reviews-Upper_Town_Gornji_Grad-Zagreb_Central_Croatia.html
Upper Town (Gornji Grad), 65, 271, Neighborhoods & Historic Walking Areas & Neighborhoods & Historic Walking Areas, Europe & Croatia & Central Croatia & Zagreb & Things to Do in Zagreb, 4.5, 45.815865, 15.973506, 530981578, 20171001, 20170601, 4.0, RSearth, /Profile/RSearth, 7e4c5e34007975b3dba0bee99f763e0e, /Attraction_Review-g294454-d549627-Reviews-Upper_Town_Gornji_Grad-Zagreb_Central_Croatia.html
