review_location_name, review_current_page, review_last_page, review_location_type, review_location_breadcrumbs, review_location_rate, location_lat, location_lng, review_id, review_date, review_experience_date, review_rate, user_name, user_link, user_id, parent_url
Cave Bisevo, 57, 58, Caverns & Caves & Caverns & Caves, Europe & Croatia & Dalmatia & Split-Dalmatia County & Bisevo & Things to Do in Bisevo, 4.0, 42.980217, 16.021996, 132023333, 20120601, 20120601, 5.0, Goran J, /Profile/Splica, b3413a57d4ebec3241b307da5dad3567, /Attraction_Review-g4604897-d2272742-Reviews-Cave_Bisevo-Bisevo_Split_Dalmatia_County_Dalmatia.html
Cave Bisevo, 57, 58, Caverns & Caves & Caverns & Caves, Europe & Croatia & Dalmatia & Split-Dalmatia County & Bisevo & Things to Do in Bisevo, 4.0, 42.980217, 16.021996, 130631999, 20120501, 20120501, 5.0, Esugarma, /Profile/Esugarma, 9f6460a31d63a48295109c5acdd30942, /Attraction_Review-g4604897-d2272742-Reviews-Cave_Bisevo-Bisevo_Split_Dalmatia_County_Dalmatia.html
Cave Bisevo, 57, 58, Caverns & Caves & Caverns & Caves, Europe & Croatia & Dalmatia & Split-Dalmatia County & Bisevo & Things to Do in Bisevo, 4.0, 42.980217, 16.021996, 127759305, 20120401, 20110701, 5.0, Joakim L, /Profile/JoakimL_12, 245b1887ec2f3aa025b82e54462a76a5, /Attraction_Review-g4604897-d2272742-Reviews-Cave_Bisevo-Bisevo_Split_Dalmatia_County_Dalmatia.html
Cave Bisevo, 57, 58, Caverns & Caves & Caverns & Caves, Europe & Croatia & Dalmatia & Split-Dalmatia County & Bisevo & Things to Do in Bisevo, 4.0, 42.980217, 16.021996, 121635743, 20111201, 20110601, 5.0, milbarb, /Profile/milbarb, f0c4e69df4afd32ebfa59a7e3d228cff, /Attraction_Review-g4604897-d2272742-Reviews-Cave_Bisevo-Bisevo_Split_Dalmatia_County_Dalmatia.html
Cave Bisevo, 57, 58, Caverns & Caves & Caverns & Caves, Europe & Croatia & Dalmatia & Split-Dalmatia County & Bisevo & Things to Do in Bisevo, 4.0, 42.980217, 16.021996, 119079514, 20111001, 20111001, 4.0, britcpl, /Profile/britcpl, 80d624e1b95036590f4ca2364f1fc495, /Attraction_Review-g4604897-d2272742-Reviews-Cave_Bisevo-Bisevo_Split_Dalmatia_County_Dalmatia.html
