review_location_name, review_current_page, review_last_page, review_location_type, review_location_breadcrumbs, review_location_rate, location_lat, location_lng, review_id, review_date, review_experience_date, review_rate, user_name, user_link, user_id, parent_url
Cathedral of Saint Domnius, 113, 286, Historic Sites & Architectural Buildings & Sacred & Religious Sites & Monuments & Statues & Churches & Cathedrals & More &   & Historic Sites & Architectural Buildings & Sacred & Religious Sites & Monuments & Statues & Churches & Cathedrals & More &  , Europe & Croatia & Dalmatia & Split-Dalmatia County & Split & Things to Do in Split, 4.5, 43.50813, 16.440283, 507344273, 20170701, 20170701, 5.0, Peter-The-Sushi-Guy, /Profile/Peter-The-Sushi-Guy, 7e55b7e82c14dfee86e036871705ed5b, /Attraction_Review-g295370-d523517-Reviews-Cathedral_of_Saint_Domnius-Split_Split_Dalmatia_County_Dalmatia.html
Cathedral of Saint Domnius, 113, 286, Historic Sites & Architectural Buildings & Sacred & Religious Sites & Monuments & Statues & Churches & Cathedrals & More &   & Historic Sites & Architectural Buildings & Sacred & Religious Sites & Monuments & Statues & Churches & Cathedrals & More &  , Europe & Croatia & Dalmatia & Split-Dalmatia County & Split & Things to Do in Split, 4.5, 43.50813, 16.440283, 507023662, 20170701, 20170601, 4.0, YatriForever, /Profile/YatriForever, 3915c30a47e94032ea77bb61c1cdf123, /Attraction_Review-g295370-d523517-Reviews-Cathedral_of_Saint_Domnius-Split_Split_Dalmatia_County_Dalmatia.html
Cathedral of Saint Domnius, 113, 286, Historic Sites & Architectural Buildings & Sacred & Religious Sites & Monuments & Statues & Churches & Cathedrals & More &   & Historic Sites & Architectural Buildings & Sacred & Religious Sites & Monuments & Statues & Churches & Cathedrals & More &  , Europe & Croatia & Dalmatia & Split-Dalmatia County & Split & Things to Do in Split, 4.5, 43.50813, 16.440283, 507018178, 20170701, 20170701, 3.0, Jigghead, /Profile/Jigghead, a4729f60cba42010ca8c79cb210b72a0, /Attraction_Review-g295370-d523517-Reviews-Cathedral_of_Saint_Domnius-Split_Split_Dalmatia_County_Dalmatia.html
Cathedral of Saint Domnius, 113, 286, Historic Sites & Architectural Buildings & Sacred & Religious Sites & Monuments & Statues & Churches & Cathedrals & More &   & Historic Sites & Architectural Buildings & Sacred & Religious Sites & Monuments & Statues & Churches & Cathedrals & More &  , Europe & Croatia & Dalmatia & Split-Dalmatia County & Split & Things to Do in Split, 4.5, 43.50813, 16.440283, 506695081, 20170701, 20170701, 5.0, dsmith31, /Profile/dsmith31, 626907718404e3c1182b986eb9e2ace1, /Attraction_Review-g295370-d523517-Reviews-Cathedral_of_Saint_Domnius-Split_Split_Dalmatia_County_Dalmatia.html
Cathedral of Saint Domnius, 113, 286, Historic Sites & Architectural Buildings & Sacred & Religious Sites & Monuments & Statues & Churches & Cathedrals & More &   & Historic Sites & Architectural Buildings & Sacred & Religious Sites & Monuments & Statues & Churches & Cathedrals & More &  , Europe & Croatia & Dalmatia & Split-Dalmatia County & Split & Things to Do in Split, 4.5, 43.50813, 16.440283, 506675222, 20170701, 20170701, 5.0, Helen K, /Profile/helenk436, 9e4fbac2447cc58fd11d6ff11ef7d5d3, /Attraction_Review-g295370-d523517-Reviews-Cathedral_of_Saint_Domnius-Split_Split_Dalmatia_County_Dalmatia.html
