review_location_name, review_current_page, review_last_page, review_location_type, review_location_breadcrumbs, review_location_rate, location_lat, location_lng, review_id, review_date, review_experience_date, review_rate, user_name, user_link, user_id, parent_url
The St. Lawrence Cathedral and Bell Tower, 69, 80, Sacred & Religious Sites & Sacred & Religious Sites, Europe & Croatia & Dalmatia & Split-Dalmatia County & Trogir & Things to Do in Trogir, 4.5, 43.51688, 16.25167, 193223021, 20140201, 20130701, 4.0, KiwiKerry53, /Profile/KiwiKerry53, ce54f1ecf1ea16c5741c33ba0bc5976e, /Attraction_Review-g303838-d554403-Reviews-The_St_Lawrence_Cathedral_and_Bell_Tower-Trogir_Split_Dalmatia_County_Dalmatia.html
The St. Lawrence Cathedral and Bell Tower, 69, 80, Sacred & Religious Sites & Sacred & Religious Sites, Europe & Croatia & Dalmatia & Split-Dalmatia County & Trogir & Things to Do in Trogir, 4.5, 43.51688, 16.25167, 190239265, 20140101, 20131201, 5.0, Marin881, /Profile/Marin881, 11769323b8e8ed3281da5323b6539f70, /Attraction_Review-g303838-d554403-Reviews-The_St_Lawrence_Cathedral_and_Bell_Tower-Trogir_Split_Dalmatia_County_Dalmatia.html
The St. Lawrence Cathedral and Bell Tower, 69, 80, Sacred & Religious Sites & Sacred & Religious Sites, Europe & Croatia & Dalmatia & Split-Dalmatia County & Trogir & Things to Do in Trogir, 4.5, 43.51688, 16.25167, 180236612, 20131001, 20130901, 4.0, keethy, /Profile/keethy, 5e6343c546d521b72aa012cd1dca0587, /Attraction_Review-g303838-d554403-Reviews-The_St_Lawrence_Cathedral_and_Bell_Tower-Trogir_Split_Dalmatia_County_Dalmatia.html
The St. Lawrence Cathedral and Bell Tower, 69, 80, Sacred & Religious Sites & Sacred & Religious Sites, Europe & Croatia & Dalmatia & Split-Dalmatia County & Trogir & Things to Do in Trogir, 4.5, 43.51688, 16.25167, 178678004, 20130901, 20130901, 5.0, Maverick955, /Profile/Maverick955, 96aea18e4669fbde9ea171cbc03cf907, /Attraction_Review-g303838-d554403-Reviews-The_St_Lawrence_Cathedral_and_Bell_Tower-Trogir_Split_Dalmatia_County_Dalmatia.html
The St. Lawrence Cathedral and Bell Tower, 69, 80, Sacred & Religious Sites & Sacred & Religious Sites, Europe & Croatia & Dalmatia & Split-Dalmatia County & Trogir & Things to Do in Trogir, 4.5, 43.51688, 16.25167, 178180637, 20130901, 20130901, 5.0, John H, /Profile/JohnH881, e4102ae7d4fa70d5372363ce98258abd, /Attraction_Review-g303838-d554403-Reviews-The_St_Lawrence_Cathedral_and_Bell_Tower-Trogir_Split_Dalmatia_County_Dalmatia.html
