review_location_name, review_current_page, review_last_page, review_location_type, review_location_breadcrumbs, review_location_rate, location_lat, location_lng, review_id, review_date, review_experience_date, review_rate, user_name, user_link, user_id, parent_url
War Photo Limited, 214, 234, Specialty Museums & History Museums & Specialty Museums & History Museums, Europe & Croatia & Dalmatia & Dubrovnik-Neretva County & Dubrovnik & Things to Do in Dubrovnik, 4.5, 42.641705, 18.108706, 141718976, 20121001, 20120901, 5.0, JustRelaxMan, /Profile/JustRelaxMan, 8a32b47ba6253d8a091cef8342f3ca44, /Attraction_Review-g295371-d611022-Reviews-War_Photo_Limited-Dubrovnik_Dubrovnik_Neretva_County_Dalmatia.html
War Photo Limited, 214, 234, Specialty Museums & History Museums & Specialty Museums & History Museums, Europe & Croatia & Dalmatia & Dubrovnik-Neretva County & Dubrovnik & Things to Do in Dubrovnik, 4.5, 42.641705, 18.108706, 141582644, 20120901, 20120801, 5.0, Tom G, /Profile/715TomG, 30a0e047e9d13e672b42b8a93478ff1e, /Attraction_Review-g295371-d611022-Reviews-War_Photo_Limited-Dubrovnik_Dubrovnik_Neretva_County_Dalmatia.html
War Photo Limited, 214, 234, Specialty Museums & History Museums & Specialty Museums & History Museums, Europe & Croatia & Dalmatia & Dubrovnik-Neretva County & Dubrovnik & Things to Do in Dubrovnik, 4.5, 42.641705, 18.108706, 141397045, 20120901, 20120801, 5.0, br1mp, /Profile/br1mp, 8094133fdd785c256c2d4f45dbdc723e, /Attraction_Review-g295371-d611022-Reviews-War_Photo_Limited-Dubrovnik_Dubrovnik_Neretva_County_Dalmatia.html
War Photo Limited, 214, 234, Specialty Museums & History Museums & Specialty Museums & History Museums, Europe & Croatia & Dalmatia & Dubrovnik-Neretva County & Dubrovnik & Things to Do in Dubrovnik, 4.5, 42.641705, 18.108706, 141126094, 20120901, 20111001, 5.0, Russ1450, /Profile/Russ1450, 1dbf494d835c0022dda8632c8739a580, /Attraction_Review-g295371-d611022-Reviews-War_Photo_Limited-Dubrovnik_Dubrovnik_Neretva_County_Dalmatia.html
War Photo Limited, 214, 234, Specialty Museums & History Museums & Specialty Museums & History Museums, Europe & Croatia & Dalmatia & Dubrovnik-Neretva County & Dubrovnik & Things to Do in Dubrovnik, 4.5, 42.641705, 18.108706, 141063444, 20120901, 20120901, 5.0, eatcheeseplenty, /Profile/eatcheeseplenty, 90666dd14eeddf3fb9254577946a1087, /Attraction_Review-g295371-d611022-Reviews-War_Photo_Limited-Dubrovnik_Dubrovnik_Neretva_County_Dalmatia.html
