review_location_name, review_current_page, review_last_page, review_location_type, review_location_breadcrumbs, review_location_rate, location_lat, location_lng, review_id, review_date, review_experience_date, review_rate, user_name, user_link, user_id, parent_url
Plitvice Lakes National Park, 544, 1391, National Parks & National Parks, Europe & Croatia & Central Croatia & Plitvice Lakes National Park & Things to Do in Plitvice Lakes National Park, 4.5, 44.883595, 15.618849, 488221874, 20170501, 20170401, 5.0, Delly, /Profile/DellyYork, 149651232f295310e754ce78bf84e69f, /Attraction_Review-g303827-d554038-Reviews-Plitvice_Lakes_National_Park-Plitvice_Lakes_National_Park_Central_Croatia.html
Plitvice Lakes National Park, 544, 1391, National Parks & National Parks, Europe & Croatia & Central Croatia & Plitvice Lakes National Park & Things to Do in Plitvice Lakes National Park, 4.5, 44.883595, 15.618849, 488134259, 20170501, 20170501, 5.0, Tanya M, /Profile/tanyamsy78, 623a9df4709dd1fe5303573c3a567cf1, /Attraction_Review-g303827-d554038-Reviews-Plitvice_Lakes_National_Park-Plitvice_Lakes_National_Park_Central_Croatia.html
Plitvice Lakes National Park, 544, 1391, National Parks & National Parks, Europe & Croatia & Central Croatia & Plitvice Lakes National Park & Things to Do in Plitvice Lakes National Park, 4.5, 44.883595, 15.618849, 488066739, 20170501, 20170501, 5.0, barondog, /Profile/barondog, 7c580b5b5ce7f4074681bb24b4f76a08, /Attraction_Review-g303827-d554038-Reviews-Plitvice_Lakes_National_Park-Plitvice_Lakes_National_Park_Central_Croatia.html
Plitvice Lakes National Park, 544, 1391, National Parks & National Parks, Europe & Croatia & Central Croatia & Plitvice Lakes National Park & Things to Do in Plitvice Lakes National Park, 4.5, 44.883595, 15.618849, 488018348, 20170501, 20170501, 5.0, Ann-Shirley G, /Profile/15ann250, 62f11951230c26b7cb5c0af3ce1d8347, /Attraction_Review-g303827-d554038-Reviews-Plitvice_Lakes_National_Park-Plitvice_Lakes_National_Park_Central_Croatia.html
Plitvice Lakes National Park, 544, 1391, National Parks & National Parks, Europe & Croatia & Central Croatia & Plitvice Lakes National Park & Things to Do in Plitvice Lakes National Park, 4.5, 44.883595, 15.618849, 488006135, 20170501, 20170501, 5.0, leviafana, /Profile/leviafana, 7cdf038f51b7c8c0b8360fecc27c59a0, /Attraction_Review-g303827-d554038-Reviews-Plitvice_Lakes_National_Park-Plitvice_Lakes_National_Park_Central_Croatia.html
