review_location_name, review_current_page, review_last_page, review_location_type, review_location_breadcrumbs, review_location_rate, location_lat, location_lng, review_id, review_date, review_experience_date, review_rate, user_name, user_link, user_id, parent_url
Fort Lovrijenac, 153, 191, Historic Sites & Historic Sites, Europe & Croatia & Dalmatia & Dubrovnik-Neretva County & Dubrovnik & Things to Do in Dubrovnik, 4.5, 42.640884, 18.104162, 286626253, 20150701, 20150701, 5.0, Marlies R, /Profile/435marliesr, b93b61dc234d44341d5cf97282f676d0, /Attraction_Review-g295371-d523463-Reviews-Fort_Lovrijenac-Dubrovnik_Dubrovnik_Neretva_County_Dalmatia.html
Fort Lovrijenac, 153, 191, Historic Sites & Historic Sites, Europe & Croatia & Dalmatia & Dubrovnik-Neretva County & Dubrovnik & Things to Do in Dubrovnik, 4.5, 42.640884, 18.104162, 286432363, 20150701, 20150701, 5.0, Hazel M, /Profile/hazelm182, c8acc2c881d7ac3aab0c689c2d2431a5, /Attraction_Review-g295371-d523463-Reviews-Fort_Lovrijenac-Dubrovnik_Dubrovnik_Neretva_County_Dalmatia.html
Fort Lovrijenac, 153, 191, Historic Sites & Historic Sites, Europe & Croatia & Dalmatia & Dubrovnik-Neretva County & Dubrovnik & Things to Do in Dubrovnik, 4.5, 42.640884, 18.104162, 285717761, 20150701, 20150701, 5.0, Embrooks2, /Profile/Embrooks2, 1d46cfff4dae9c8a147cbfe72da721f2, /Attraction_Review-g295371-d523463-Reviews-Fort_Lovrijenac-Dubrovnik_Dubrovnik_Neretva_County_Dalmatia.html
Fort Lovrijenac, 153, 191, Historic Sites & Historic Sites, Europe & Croatia & Dalmatia & Dubrovnik-Neretva County & Dubrovnik & Things to Do in Dubrovnik, 4.5, 42.640884, 18.104162, 285088994, 20150701, 20150601, 5.0, Ebby A, /Profile/810ebbya, a0accda4d4f6a9ff35d50b72340ef487, /Attraction_Review-g295371-d523463-Reviews-Fort_Lovrijenac-Dubrovnik_Dubrovnik_Neretva_County_Dalmatia.html
Fort Lovrijenac, 153, 191, Historic Sites & Historic Sites, Europe & Croatia & Dalmatia & Dubrovnik-Neretva County & Dubrovnik & Things to Do in Dubrovnik, 4.5, 42.640884, 18.104162, 283518677, 20150601, 20150601, 5.0, Norman J, /Profile/normanj187, 68c14fc8f5782fc65730dafe3d42d910, /Attraction_Review-g295371-d523463-Reviews-Fort_Lovrijenac-Dubrovnik_Dubrovnik_Neretva_County_Dalmatia.html
