review_location_name, review_current_page, review_last_page, review_location_type, review_location_breadcrumbs, review_location_rate, location_lat, location_lng, review_id, review_date, review_experience_date, review_rate, user_name, user_link, user_id, parent_url
Froggyland, 46, 106, Specialty Museums & Specialty Museums, Europe & Croatia & Dalmatia & Split-Dalmatia County & Split & Things to Do in Split, 4.5, 43.510117, 16.437986, 430620050, 20161001, 20160901, 5.0, Matthew M, /Profile/matthewmW6999JP, 557efca9e5b7f877ce7ae2b6fd33add3, /Attraction_Review-g295370-d4299371-Reviews-Froggyland-Split_Split_Dalmatia_County_Dalmatia.html
Froggyland, 46, 106, Specialty Museums & Specialty Museums, Europe & Croatia & Dalmatia & Split-Dalmatia County & Split & Things to Do in Split, 4.5, 43.510117, 16.437986, 429630140, 20161001, 20161001, 3.0, Philippa B, /Profile/216pippab, d8f139a29adeb01d29dcc61a6eaa0ee6, /Attraction_Review-g295370-d4299371-Reviews-Froggyland-Split_Split_Dalmatia_County_Dalmatia.html
Froggyland, 46, 106, Specialty Museums & Specialty Museums, Europe & Croatia & Dalmatia & Split-Dalmatia County & Split & Things to Do in Split, 4.5, 43.510117, 16.437986, 426696507, 20161001, 20161001, 4.0, nmhammond, /Profile/nmhammond, 5a774e0765616cdd155c88864c570431, /Attraction_Review-g295370-d4299371-Reviews-Froggyland-Split_Split_Dalmatia_County_Dalmatia.html
Froggyland, 46, 106, Specialty Museums & Specialty Museums, Europe & Croatia & Dalmatia & Split-Dalmatia County & Split & Things to Do in Split, 4.5, 43.510117, 16.437986, 426130370, 20161001, 20160901, 5.0, Scott_H403, /Profile/Scott_H403, a19b280e8b6320ee6c62a027d5875a20, /Attraction_Review-g295370-d4299371-Reviews-Froggyland-Split_Split_Dalmatia_County_Dalmatia.html
Froggyland, 46, 106, Specialty Museums & Specialty Museums, Europe & Croatia & Dalmatia & Split-Dalmatia County & Split & Things to Do in Split, 4.5, 43.510117, 16.437986, 426126001, 20161001, 20160901, 4.0, Heather O, /Profile/890heathero, e0dd199560a4f44b2e92545c3a9a0452, /Attraction_Review-g295370-d4299371-Reviews-Froggyland-Split_Split_Dalmatia_County_Dalmatia.html
