review_location_name, review_current_page, review_last_page, review_location_type, review_location_breadcrumbs, review_location_rate, location_lat, location_lng, review_id, review_date, review_experience_date, review_rate, user_name, user_link, user_id, parent_url
Korcula Town Walls, 7, 9, Historic Sites & Points of Interest & Landmarks & Historic Sites & Points of Interest & Landmarks, Europe & Croatia & Dalmatia & Dubrovnik-Neretva County & Korcula Island & Korcula Town & Things to Do in Korcula Town, 4.5, 42.96071, 17.135712, 603508457, 20180801, 20180701, 5.0, Jillian, /Profile/pinkythecat, e72d8997bf771d5da956bfef43f87660, /Attraction_Review-g1007309-d12901256-Reviews-Korcula_Town_Walls-Korcula_Town_Korcula_Island_Dubrovnik_Neretva_County_Dalmati.html
Korcula Town Walls, 7, 9, Historic Sites & Points of Interest & Landmarks & Historic Sites & Points of Interest & Landmarks, Europe & Croatia & Dalmatia & Dubrovnik-Neretva County & Korcula Island & Korcula Town & Things to Do in Korcula Town, 4.5, 42.96071, 17.135712, 597500745, 20180701, 20180701, 5.0, Anna C, /Profile/lifesgreatadventures, ab7db71ee4a0c0f71a74080b998d294a, /Attraction_Review-g1007309-d12901256-Reviews-Korcula_Town_Walls-Korcula_Town_Korcula_Island_Dubrovnik_Neretva_County_Dalmati.html
Korcula Town Walls, 7, 9, Historic Sites & Points of Interest & Landmarks & Historic Sites & Points of Interest & Landmarks, Europe & Croatia & Dalmatia & Dubrovnik-Neretva County & Korcula Island & Korcula Town & Things to Do in Korcula Town, 4.5, 42.96071, 17.135712, 592864501, 20180701, 20180601, 5.0, Russel H, /Profile/770russelh, d5090818fc02fe468c415f5d827de35a, /Attraction_Review-g1007309-d12901256-Reviews-Korcula_Town_Walls-Korcula_Town_Korcula_Island_Dubrovnik_Neretva_County_Dalmati.html
Korcula Town Walls, 7, 9, Historic Sites & Points of Interest & Landmarks & Historic Sites & Points of Interest & Landmarks, Europe & Croatia & Dalmatia & Dubrovnik-Neretva County & Korcula Island & Korcula Town & Things to Do in Korcula Town, 4.5, 42.96071, 17.135712, 588508904, 20180601, 20180501, 5.0, Mike M, /Profile/14MikeM, cf3dcf655eb17745e454c042caebb61f, /Attraction_Review-g1007309-d12901256-Reviews-Korcula_Town_Walls-Korcula_Town_Korcula_Island_Dubrovnik_Neretva_County_Dalmati.html
Korcula Town Walls, 7, 9, Historic Sites & Points of Interest & Landmarks & Historic Sites & Points of Interest & Landmarks, Europe & Croatia & Dalmatia & Dubrovnik-Neretva County & Korcula Island & Korcula Town & Things to Do in Korcula Town, 4.5, 42.96071, 17.135712, 585352912, 20180601, 20180401, 5.0, A ❤️ G, /Profile/169gillc, c5ab76f96da557bf6b62530ec496046c, /Attraction_Review-g1007309-d12901256-Reviews-Korcula_Town_Walls-Korcula_Town_Korcula_Island_Dubrovnik_Neretva_County_Dalmati.html
