review_location_name, review_current_page, review_last_page, review_location_type, review_location_breadcrumbs, review_location_rate, location_lat, location_lng, review_id, review_date, review_experience_date, review_rate, user_name, user_link, user_id, parent_url
Cathedral of Saint Domnius, 101, 286, Historic Sites & Architectural Buildings & Sacred & Religious Sites & Monuments & Statues & Churches & Cathedrals & More &   & Historic Sites & Architectural Buildings & Sacred & Religious Sites & Monuments & Statues & Churches & Cathedrals & More &  , Europe & Croatia & Dalmatia & Split-Dalmatia County & Split & Things to Do in Split, 4.5, 43.50813, 16.440283, 521628038, 20170901, 20170901, 4.0, Bethyexe, /Profile/Bethyexe, ef82026266f050f363930f3650b9805c, /Attraction_Review-g295370-d523517-Reviews-Cathedral_of_Saint_Domnius-Split_Split_Dalmatia_County_Dalmatia.html
Cathedral of Saint Domnius, 101, 286, Historic Sites & Architectural Buildings & Sacred & Religious Sites & Monuments & Statues & Churches & Cathedrals & More &   & Historic Sites & Architectural Buildings & Sacred & Religious Sites & Monuments & Statues & Churches & Cathedrals & More &  , Europe & Croatia & Dalmatia & Split-Dalmatia County & Split & Things to Do in Split, 4.5, 43.50813, 16.440283, 521319598, 20170901, 20170901, 3.0, shmdhar, /Profile/shmldhar, ed9342e765918d528ca2d30c776accb2, /Attraction_Review-g295370-d523517-Reviews-Cathedral_of_Saint_Domnius-Split_Split_Dalmatia_County_Dalmatia.html
Cathedral of Saint Domnius, 101, 286, Historic Sites & Architectural Buildings & Sacred & Religious Sites & Monuments & Statues & Churches & Cathedrals & More &   & Historic Sites & Architectural Buildings & Sacred & Religious Sites & Monuments & Statues & Churches & Cathedrals & More &  , Europe & Croatia & Dalmatia & Split-Dalmatia County & Split & Things to Do in Split, 4.5, 43.50813, 16.440283, 521002415, 20170901, 20170801, 3.0, RosieVW, /Profile/RosieVW, af284fa21ea976519f72f0810ea3aa33, /Attraction_Review-g295370-d523517-Reviews-Cathedral_of_Saint_Domnius-Split_Split_Dalmatia_County_Dalmatia.html
Cathedral of Saint Domnius, 101, 286, Historic Sites & Architectural Buildings & Sacred & Religious Sites & Monuments & Statues & Churches & Cathedrals & More &   & Historic Sites & Architectural Buildings & Sacred & Religious Sites & Monuments & Statues & Churches & Cathedrals & More &  , Europe & Croatia & Dalmatia & Split-Dalmatia County & Split & Things to Do in Split, 4.5, 43.50813, 16.440283, 520713934, 20170901, 20170801, 5.0, Peter Z, /Profile/806peterz, 6aa381415ee3bea6fd68f948e35a23a4, /Attraction_Review-g295370-d523517-Reviews-Cathedral_of_Saint_Domnius-Split_Split_Dalmatia_County_Dalmatia.html
Cathedral of Saint Domnius, 101, 286, Historic Sites & Architectural Buildings & Sacred & Religious Sites & Monuments & Statues & Churches & Cathedrals & More &   & Historic Sites & Architectural Buildings & Sacred & Religious Sites & Monuments & Statues & Churches & Cathedrals & More &  , Europe & Croatia & Dalmatia & Split-Dalmatia County & Split & Things to Do in Split, 4.5, 43.50813, 16.440283, 520573658, 20170901, 20170801, 4.0, JozeC, /Profile/jcvelbar, cf04dd4b1363ade0fa9df104e3aba328, /Attraction_Review-g295370-d523517-Reviews-Cathedral_of_Saint_Domnius-Split_Split_Dalmatia_County_Dalmatia.html
