review_location_name, review_current_page, review_last_page, review_location_type, review_location_breadcrumbs, review_location_rate, location_lat, location_lng, review_id, review_date, review_experience_date, review_rate, user_name, user_link, user_id, parent_url
Old Town, 333, 377, Neighborhoods & Historic Walking Areas & Neighborhoods & Historic Walking Areas, Europe & Croatia & Istria & Rovinj & Things to Do in Rovinj, 4.5, 45.08354, 13.633422, 176255776, 20130901, 20130801, 4.0, Angela R, /Profile/AngelaR160, d7a005121800a67930bd167948829618, /Attraction_Review-g303833-d553696-Reviews-Old_Town-Rovinj_Istria.html
Old Town, 333, 377, Neighborhoods & Historic Walking Areas & Neighborhoods & Historic Walking Areas, Europe & Croatia & Istria & Rovinj & Things to Do in Rovinj, 4.5, 45.08354, 13.633422, 175791625, 20130901, 20130801, 5.0, Selmita86, /Profile/Selmita86, 569332b535062b4d8e00c9b61c5788d0, /Attraction_Review-g303833-d553696-Reviews-Old_Town-Rovinj_Istria.html
Old Town, 333, 377, Neighborhoods & Historic Walking Areas & Neighborhoods & Historic Walking Areas, Europe & Croatia & Istria & Rovinj & Things to Do in Rovinj, 4.5, 45.08354, 13.633422, 175731242, 20130901, 20130901, 5.0, ALBERT F, /Profile/albertf796, c43698b5d08b7a2a534c25b78b289f8f, /Attraction_Review-g303833-d553696-Reviews-Old_Town-Rovinj_Istria.html
Old Town, 333, 377, Neighborhoods & Historic Walking Areas & Neighborhoods & Historic Walking Areas, Europe & Croatia & Istria & Rovinj & Things to Do in Rovinj, 4.5, 45.08354, 13.633422, 175609084, 20130901, 20130701, 5.0, docntx, /Profile/docntx, 0f24b41df3d40d195ea9e38ba127dbbd, /Attraction_Review-g303833-d553696-Reviews-Old_Town-Rovinj_Istria.html
Old Town, 333, 377, Neighborhoods & Historic Walking Areas & Neighborhoods & Historic Walking Areas, Europe & Croatia & Istria & Rovinj & Things to Do in Rovinj, 4.5, 45.08354, 13.633422, 175271670, 20130901, 20130701, 5.0, Hakan H, /Profile/HakanH116, 0b9d3208c9235f1a122d14d42660fb80, /Attraction_Review-g303833-d553696-Reviews-Old_Town-Rovinj_Istria.html
