review_location_name, review_current_page, review_last_page, review_location_type, review_location_breadcrumbs, review_location_rate, location_lat, location_lng, review_id, review_date, review_experience_date, review_rate, user_name, user_link, user_id, parent_url
Putalj Winery, 52, 66, Wineries & Vineyards & Wineries & Vineyards, Europe & Croatia & Dalmatia & Split-Dalmatia County & Split & Things to Do in Split, 5.0, 43.556026, 16.431065, 392965795, 20160701, 20160601, 5.0, joevick1, /Profile/joevick1, 23c6437b78fb95d19c987029a124e224, /Attraction_Review-g295370-d5892249-Reviews-Putalj_Winery-Split_Split_Dalmatia_County_Dalmatia.html
Putalj Winery, 52, 66, Wineries & Vineyards & Wineries & Vineyards, Europe & Croatia & Dalmatia & Split-Dalmatia County & Split & Things to Do in Split, 5.0, 43.556026, 16.431065, 391970733, 20160701, 20160701, 4.0, Tony M, /Profile/tonymS9953TP, e85e2d298c90592df2e7e7df688a1e06, /Attraction_Review-g295370-d5892249-Reviews-Putalj_Winery-Split_Split_Dalmatia_County_Dalmatia.html
Putalj Winery, 52, 66, Wineries & Vineyards & Wineries & Vineyards, Europe & Croatia & Dalmatia & Split-Dalmatia County & Split & Things to Do in Split, 5.0, 43.556026, 16.431065, 391716069, 20160701, 20160701, 5.0, stcroixjenn, /Profile/stcroixjenn, 5ff364fb67661198182558dc7326aab9, /Attraction_Review-g295370-d5892249-Reviews-Putalj_Winery-Split_Split_Dalmatia_County_Dalmatia.html
Putalj Winery, 52, 66, Wineries & Vineyards & Wineries & Vineyards, Europe & Croatia & Dalmatia & Split-Dalmatia County & Split & Things to Do in Split, 5.0, 43.556026, 16.431065, 390502121, 20160701, 20160701, 5.0, fox_jen159, /Profile/fox_jen159, 7e5e6e7756435790542289dc32955e99, /Attraction_Review-g295370-d5892249-Reviews-Putalj_Winery-Split_Split_Dalmatia_County_Dalmatia.html
Putalj Winery, 52, 66, Wineries & Vineyards & Wineries & Vineyards, Europe & Croatia & Dalmatia & Split-Dalmatia County & Split & Things to Do in Split, 5.0, 43.556026, 16.431065, 389000973, 20160701, 20160601, 5.0, Bonnie C, /Profile/divergirlbbc, a51b641e7a6d0440d7fe2cb361a868de, /Attraction_Review-g295370-d5892249-Reviews-Putalj_Winery-Split_Split_Dalmatia_County_Dalmatia.html
