review_location_name, review_current_page, review_last_page, review_location_type, review_location_breadcrumbs, review_location_rate, location_lat, location_lng, review_id, review_date, review_experience_date, review_rate, user_name, user_link, user_id, parent_url
Dubrovnik Cable Car, 754, 1869, Tramways & Tramways, Europe & Croatia & Dalmatia & Dubrovnik-Neretva County & Dubrovnik & Things to Do in Dubrovnik, 4.5, 42.649178, 18.111687, 444898217, 20161201, 20160901, 3.0, Erin_Dooley, /Profile/Erin_Dooley, c9ddcce1e127fbb0cf5bf250d6a25da3, /Attraction_Review-g295371-d1886448-Reviews-Dubrovnik_Cable_Car-Dubrovnik_Dubrovnik_Neretva_County_Dalmatia.html
Dubrovnik Cable Car, 754, 1869, Tramways & Tramways, Europe & Croatia & Dalmatia & Dubrovnik-Neretva County & Dubrovnik & Things to Do in Dubrovnik, 4.5, 42.649178, 18.111687, 444529718, 20161201, 20160801, 3.0, harryinaus, /Profile/harryinaus, 13cf2a9149238ba32c50471a68537cf2, /Attraction_Review-g295371-d1886448-Reviews-Dubrovnik_Cable_Car-Dubrovnik_Dubrovnik_Neretva_County_Dalmatia.html
Dubrovnik Cable Car, 754, 1869, Tramways & Tramways, Europe & Croatia & Dalmatia & Dubrovnik-Neretva County & Dubrovnik & Things to Do in Dubrovnik, 4.5, 42.649178, 18.111687, 444313728, 20161201, 20161101, 4.0, Krazykat26, /Profile/Krazykat26, 4b1f371acc17aefeb62300a312514c0b, /Attraction_Review-g295371-d1886448-Reviews-Dubrovnik_Cable_Car-Dubrovnik_Dubrovnik_Neretva_County_Dalmatia.html
Dubrovnik Cable Car, 754, 1869, Tramways & Tramways, Europe & Croatia & Dalmatia & Dubrovnik-Neretva County & Dubrovnik & Things to Do in Dubrovnik, 4.5, 42.649178, 18.111687, 443704023, 20161201, 20161201, 4.0, Jesse Williams, /Profile/JesseJWilliams, 296f7cd8844c0da60db1043db46d55d2, /Attraction_Review-g295371-d1886448-Reviews-Dubrovnik_Cable_Car-Dubrovnik_Dubrovnik_Neretva_County_Dalmatia.html
Dubrovnik Cable Car, 754, 1869, Tramways & Tramways, Europe & Croatia & Dalmatia & Dubrovnik-Neretva County & Dubrovnik & Things to Do in Dubrovnik, 4.5, 42.649178, 18.111687, 443329869, 20161201, 20161201, 5.0, Kathleen v, /Profile/Kathleenv811, e85c92c6df43d4fcde7f841e71f05bff, /Attraction_Review-g295371-d1886448-Reviews-Dubrovnik_Cable_Car-Dubrovnik_Dubrovnik_Neretva_County_Dalmatia.html
