review_location_name, review_current_page, review_last_page, review_location_type, review_location_breadcrumbs, review_location_rate, location_lat, location_lng, review_id, review_date, review_experience_date, review_rate, user_name, user_link, user_id, parent_url
Lungo Mare, 93, 96, Historic Walking Areas & Historic Walking Areas, Europe & Croatia & Primorje-Gorski Kotar County & Opatija & Things to Do in Opatija, 4.5, 45.3411, 14.31074, 133813728, 20120701, 20120701, 5.0, Jill B, /Profile/JillB784, a8b28b6564eee1532949e507b0f2dc88, /Attraction_Review-g297515-d1997680-Reviews-Lungo_Mare-Opatija_Primorje_Gorski_Kotar_County.html
Lungo Mare, 93, 96, Historic Walking Areas & Historic Walking Areas, Europe & Croatia & Primorje-Gorski Kotar County & Opatija & Things to Do in Opatija, 4.5, 45.3411, 14.31074, 133334914, 20120701, 20120601, 5.0, pero305, /Profile/pero305, 09d23f251dec200630d99a4b01b8d734, /Attraction_Review-g297515-d1997680-Reviews-Lungo_Mare-Opatija_Primorje_Gorski_Kotar_County.html
Lungo Mare, 93, 96, Historic Walking Areas & Historic Walking Areas, Europe & Croatia & Primorje-Gorski Kotar County & Opatija & Things to Do in Opatija, 4.5, 45.3411, 14.31074, 132907410, 20120601, 20120601, 5.0, polly094, /Profile/polly094, b4469ff791f2345782899a56f47cf7ef, /Attraction_Review-g297515-d1997680-Reviews-Lungo_Mare-Opatija_Primorje_Gorski_Kotar_County.html
Lungo Mare, 93, 96, Historic Walking Areas & Historic Walking Areas, Europe & Croatia & Primorje-Gorski Kotar County & Opatija & Things to Do in Opatija, 4.5, 45.3411, 14.31074, 132183085, 20120601, 20120601, 5.0, Ognjena, /Profile/Ognjena, 0491881a06a9dd38f27e978a6970a46d, /Attraction_Review-g297515-d1997680-Reviews-Lungo_Mare-Opatija_Primorje_Gorski_Kotar_County.html
Lungo Mare, 93, 96, Historic Walking Areas & Historic Walking Areas, Europe & Croatia & Primorje-Gorski Kotar County & Opatija & Things to Do in Opatija, 4.5, 45.3411, 14.31074, 131733012, 20120601, 20120501, 3.0, lanny18, /Profile/lanny18, 7e0af7282c8758bce6e87d36bf03bd32, /Attraction_Review-g297515-d1997680-Reviews-Lungo_Mare-Opatija_Primorje_Gorski_Kotar_County.html
