review_location_name, review_current_page, review_last_page, review_location_type, review_location_breadcrumbs, review_location_rate, location_lat, location_lng, review_id, review_date, review_experience_date, review_rate, user_name, user_link, user_id, parent_url
Amphitheatre de Pula, 455, 474, Ancient Ruins & Ancient Ruins, Europe & Croatia & Istria & Pula & Things to Do in Pula, 4.5, 44.87324, 13.850233, 148785710, 20130101, 20121201, 4.0, Herb G, /Profile/HerbG440, 72465e23eef0eb9011f4c2caca726a19, /Attraction_Review-g295373-d550323-Reviews-Amphitheatre_de_Pula-Pula_Istria.html
Amphitheatre de Pula, 455, 474, Ancient Ruins & Ancient Ruins, Europe & Croatia & Istria & Pula & Things to Do in Pula, 4.5, 44.87324, 13.850233, 148595573, 20130101, 20120701, 4.0, cf0113, /Profile/cf0113, f0be7a5fc3a55b27c2b4da08a16f018e, /Attraction_Review-g295373-d550323-Reviews-Amphitheatre_de_Pula-Pula_Istria.html
Amphitheatre de Pula, 455, 474, Ancient Ruins & Ancient Ruins, Europe & Croatia & Istria & Pula & Things to Do in Pula, 4.5, 44.87324, 13.850233, 148209286, 20121201, 20121201, 5.0, Esker4, /Profile/Esker4, a37bd1da2e8c77937f06f6d3be158e7f, /Attraction_Review-g295373-d550323-Reviews-Amphitheatre_de_Pula-Pula_Istria.html
Amphitheatre de Pula, 455, 474, Ancient Ruins & Ancient Ruins, Europe & Croatia & Istria & Pula & Things to Do in Pula, 4.5, 44.87324, 13.850233, 147087625, 20121201, 20120901, 5.0, 9Maja777, /Profile/9Maja777, 6cac65c3f43c255c7b038431e9f98080, /Attraction_Review-g295373-d550323-Reviews-Amphitheatre_de_Pula-Pula_Istria.html
Amphitheatre de Pula, 455, 474, Ancient Ruins & Ancient Ruins, Europe & Croatia & Istria & Pula & Things to Do in Pula, 4.5, 44.87324, 13.850233, 146898652, 20121201, 20120801, 3.0, kathleen3101, /Profile/kathleen3101, bd710c967e5e95cb3676ba4d5e038bad, /Attraction_Review-g295373-d550323-Reviews-Amphitheatre_de_Pula-Pula_Istria.html
