review_location_name, review_current_page, review_last_page, review_location_type, review_location_breadcrumbs, review_location_rate, location_lat, location_lng, review_id, review_date, review_experience_date, review_rate, user_name, user_link, user_id, parent_url
Palazzo di Diocleziano, 323, 1071, Historic Sites & Historic Walking Areas & Historic Sites & Historic Walking Areas, Europe & Croatia & Dalmatia & Split-Dalmatia County & Split & Things to Do in Split, 4.5, 43.50869, 16.440294, 523178090, 20170901, 20170901, 5.0, nick a, /Profile/R219QLnicka, 79b550ae3eb18c93e1e7ca4a5c2d2af8, /Attraction_Review-g295370-d317704-Reviews-Palazzo_di_Diocleziano-Split_Split_Dalmatia_County_Dalmatia.html
Palazzo di Diocleziano, 323, 1071, Historic Sites & Historic Walking Areas & Historic Sites & Historic Walking Areas, Europe & Croatia & Dalmatia & Split-Dalmatia County & Split & Things to Do in Split, 4.5, 43.50869, 16.440294, 523173369, 20170901, 20170901, 5.0, Angie2612015, /Profile/Angie2612015, 385a42047923255ee832b7e520c4da9b, /Attraction_Review-g295370-d317704-Reviews-Palazzo_di_Diocleziano-Split_Split_Dalmatia_County_Dalmatia.html
Palazzo di Diocleziano, 323, 1071, Historic Sites & Historic Walking Areas & Historic Sites & Historic Walking Areas, Europe & Croatia & Dalmatia & Split-Dalmatia County & Split & Things to Do in Split, 4.5, 43.50869, 16.440294, 523160415, 20170901, 20170901, 5.0, Madeline H, /Profile/432madelineh, 9fc8d79058184e94b64ce9a5633af9da, /Attraction_Review-g295370-d317704-Reviews-Palazzo_di_Diocleziano-Split_Split_Dalmatia_County_Dalmatia.html
Palazzo di Diocleziano, 323, 1071, Historic Sites & Historic Walking Areas & Historic Sites & Historic Walking Areas, Europe & Croatia & Dalmatia & Split-Dalmatia County & Split & Things to Do in Split, 4.5, 43.50869, 16.440294, 523151515, 20170901, 20170901, 5.0, ejd825, /Profile/ejd825, 9edc17f7669a9664615510f0b1a7b685, /Attraction_Review-g295370-d317704-Reviews-Palazzo_di_Diocleziano-Split_Split_Dalmatia_County_Dalmatia.html
Palazzo di Diocleziano, 323, 1071, Historic Sites & Historic Walking Areas & Historic Sites & Historic Walking Areas, Europe & Croatia & Dalmatia & Split-Dalmatia County & Split & Things to Do in Split, 4.5, 43.50869, 16.440294, 523141259, 20170901, 20170901, 5.0, carolineanderson, /Profile/carolineanderson, c8164f15ade6bd8cc9bdd11f897b23b0, /Attraction_Review-g295370-d317704-Reviews-Palazzo_di_Diocleziano-Split_Split_Dalmatia_County_Dalmatia.html
