review_location_name, review_current_page, review_last_page, review_location_type, review_location_breadcrumbs, review_location_rate, location_lat, location_lng, review_id, review_date, review_experience_date, review_rate, user_name, user_link, user_id, parent_url
Synagogue, 23, 56, Historic Sites & Sacred & Religious Sites & Historic Sites & Sacred & Religious Sites, Europe & Croatia & Dalmatia & Dubrovnik-Neretva County & Dubrovnik & Things to Do in Dubrovnik, 4.0, 42.64142, 18.11009, 416947175, 20160901, 20160901, 5.0, Joel G, /Profile/JoelG236, 96fa106c7af2bd37bf1519fdbcaaf25a, /Attraction_Review-g295371-d527841-Reviews-Synagogue-Dubrovnik_Dubrovnik_Neretva_County_Dalmatia.html
Synagogue, 23, 56, Historic Sites & Sacred & Religious Sites & Historic Sites & Sacred & Religious Sites, Europe & Croatia & Dalmatia & Dubrovnik-Neretva County & Dubrovnik & Things to Do in Dubrovnik, 4.0, 42.64142, 18.11009, 416494653, 20160901, 20160901, 4.0, Airsucker, /Profile/Airsucker, 69f1f410f74ad812a5fdca1c3af4fcbf, /Attraction_Review-g295371-d527841-Reviews-Synagogue-Dubrovnik_Dubrovnik_Neretva_County_Dalmatia.html
Synagogue, 23, 56, Historic Sites & Sacred & Religious Sites & Historic Sites & Sacred & Religious Sites, Europe & Croatia & Dalmatia & Dubrovnik-Neretva County & Dubrovnik & Things to Do in Dubrovnik, 4.0, 42.64142, 18.11009, 416438248, 20160901, 20160801, 5.0, BethGold, /Profile/BethGold, bc8093d0968166b3ac1e838e1ef8db2f, /Attraction_Review-g295371-d527841-Reviews-Synagogue-Dubrovnik_Dubrovnik_Neretva_County_Dalmatia.html
Synagogue, 23, 56, Historic Sites & Sacred & Religious Sites & Historic Sites & Sacred & Religious Sites, Europe & Croatia & Dalmatia & Dubrovnik-Neretva County & Dubrovnik & Things to Do in Dubrovnik, 4.0, 42.64142, 18.11009, 416403310, 20160901, 20160901, 4.0, Ivor M, /Profile/178ivorm, 258e7ab100a96d4615c3ae4cf3ef69fe, /Attraction_Review-g295371-d527841-Reviews-Synagogue-Dubrovnik_Dubrovnik_Neretva_County_Dalmatia.html
Synagogue, 23, 56, Historic Sites & Sacred & Religious Sites & Historic Sites & Sacred & Religious Sites, Europe & Croatia & Dalmatia & Dubrovnik-Neretva County & Dubrovnik & Things to Do in Dubrovnik, 4.0, 42.64142, 18.11009, 415658365, 20160901, 20160901, 5.0, spotty_teapot, /Profile/spotty_teapot, dbfb5f284234ee89b7a0170199177818, /Attraction_Review-g295371-d527841-Reviews-Synagogue-Dubrovnik_Dubrovnik_Neretva_County_Dalmatia.html
