review_location_name, review_current_page, review_last_page, review_location_type, review_location_breadcrumbs, review_location_rate, location_lat, location_lng, review_id, review_date, review_experience_date, review_rate, user_name, user_link, user_id, parent_url
Aquarium, 4, 8, Aquariums & Aquariums, Europe & Croatia & Primorje-Gorski Kotar County & Crikvenica & Things to Do in Crikvenica, 3.0, 45.17369, 14.69215, 489767216, 20170601, 20160801, 4.0, Dan P, /Profile/V5815WUdanp, 89ff8ddf9961899f328a3d98d036cd1b, /Attraction_Review-g303805-d3240875-Reviews-Aquarium-Crikvenica_Primorje_Gorski_Kotar_County.html
Aquarium, 4, 8, Aquariums & Aquariums, Europe & Croatia & Primorje-Gorski Kotar County & Crikvenica & Things to Do in Crikvenica, 3.0, 45.17369, 14.69215, 477192149, 20170401, 20160701, 3.0, AH B, /Profile/helenbO6956SN, eb9a3216a3eb611dce7eb085fd44f14d, /Attraction_Review-g303805-d3240875-Reviews-Aquarium-Crikvenica_Primorje_Gorski_Kotar_County.html
Aquarium, 4, 8, Aquariums & Aquariums, Europe & Croatia & Primorje-Gorski Kotar County & Crikvenica & Things to Do in Crikvenica, 3.0, 45.17369, 14.69215, 475313338, 20170401, 20170401, 3.0, Martin Blum, /Profile/blumit, a360f364202b7107fc57aa3fca4382b8, /Attraction_Review-g303805-d3240875-Reviews-Aquarium-Crikvenica_Primorje_Gorski_Kotar_County.html
Aquarium, 4, 8, Aquariums & Aquariums, Europe & Croatia & Primorje-Gorski Kotar County & Crikvenica & Things to Do in Crikvenica, 3.0, 45.17369, 14.69215, 431450232, 20161001, 20160701, 5.0, kungfusuli, /Profile/kungfusuli, c5145a8d183695edafd03aa9bf0a067f, /Attraction_Review-g303805-d3240875-Reviews-Aquarium-Crikvenica_Primorje_Gorski_Kotar_County.html
Aquarium, 4, 8, Aquariums & Aquariums, Europe & Croatia & Primorje-Gorski Kotar County & Crikvenica & Things to Do in Crikvenica, 3.0, 45.17369, 14.69215, 408598171, 20160801, 20160801, 5.0, Gábor N, /Profile/g_born78, 3a67f29325903851c43c62a3d19e865a, /Attraction_Review-g303805-d3240875-Reviews-Aquarium-Crikvenica_Primorje_Gorski_Kotar_County.html
