review_location_name, review_current_page, review_last_page, review_location_type, review_location_breadcrumbs, review_location_rate, location_lat, location_lng, review_id, review_date, review_experience_date, review_rate, user_name, user_link, user_id, parent_url
Amphitheatre de Pula, 470, 474, Ancient Ruins & Ancient Ruins, Europe & Croatia & Istria & Pula & Things to Do in Pula, 4.5, 44.87324, 13.850233, 129147179, 20120401, 20110901, 5.0, Collingwood2019, /Profile/Collingwood2019, 7fcbe23fde34cc464a1307cfeda96291, /Attraction_Review-g295373-d550323-Reviews-Amphitheatre_de_Pula-Pula_Istria.html
Amphitheatre de Pula, 470, 474, Ancient Ruins & Ancient Ruins, Europe & Croatia & Istria & Pula & Things to Do in Pula, 4.5, 44.87324, 13.850233, 129130882, 20120401, 20120401, 5.0, Marina L, /Profile/MarinaL569, aba4d140acd8f90fc61a2b3cfcd32cc5, /Attraction_Review-g295373-d550323-Reviews-Amphitheatre_de_Pula-Pula_Istria.html
Amphitheatre de Pula, 470, 474, Ancient Ruins & Ancient Ruins, Europe & Croatia & Istria & Pula & Things to Do in Pula, 4.5, 44.87324, 13.850233, 127338275, 20120401, 20110501, 4.0, Helenjen, /Profile/Helenjen, a019eb45b0c4461e80974594681b6aa3, /Attraction_Review-g295373-d550323-Reviews-Amphitheatre_de_Pula-Pula_Istria.html
Amphitheatre de Pula, 470, 474, Ancient Ruins & Ancient Ruins, Europe & Croatia & Istria & Pula & Things to Do in Pula, 4.5, 44.87324, 13.850233, 127244790, 20120401, 20110801, 5.0, xapaga, /Profile/xapaga, a4c054475fcc1658317467b276c2b55a, /Attraction_Review-g295373-d550323-Reviews-Amphitheatre_de_Pula-Pula_Istria.html
Amphitheatre de Pula, 470, 474, Ancient Ruins & Ancient Ruins, Europe & Croatia & Istria & Pula & Things to Do in Pula, 4.5, 44.87324, 13.850233, 124993197, 20120201, 20120201, 5.0, Pula, /Profile/Pula, fe929e1690cd29862e149d8c887dc537, /Attraction_Review-g295373-d550323-Reviews-Amphitheatre_de_Pula-Pula_Istria.html
