review_location_name, review_current_page, review_last_page, review_location_type, review_location_breadcrumbs, review_location_rate, location_lat, location_lng, review_id, review_date, review_experience_date, review_rate, user_name, user_link, user_id, parent_url
Žnjan City Beach, 1, 15, Beaches & Beaches, Europe & Croatia & Dalmatia & Split-Dalmatia County & Split & Things to Do in Split, 4.0, 43.502045, 16.481909, 762116044, 20200701, 20200701, 5.0, Derya T, /Profile/954deryat, c78df69df85d5c8c76344815805441c7, /Attraction_Review-g295370-d5599133-Reviews-Znjan_City_Beach-Split_Split_Dalmatia_County_Dalmatia.html
Žnjan City Beach, 1, 15, Beaches & Beaches, Europe & Croatia & Dalmatia & Split-Dalmatia County & Split & Things to Do in Split, 4.0, 43.502045, 16.481909, 717891127, 20191001, 20191001, 5.0, Maricka K, /Profile/56mmk1, f254cae6513f54e6b921589c46b6519d, /Attraction_Review-g295370-d5599133-Reviews-Znjan_City_Beach-Split_Split_Dalmatia_County_Dalmatia.html
Žnjan City Beach, 1, 15, Beaches & Beaches, Europe & Croatia & Dalmatia & Split-Dalmatia County & Split & Things to Do in Split, 4.0, 43.502045, 16.481909, 710621694, 20190901, 20190901, 5.0, Mary B, /Profile/204marijab, e789febd9fe9183b72ea37fda5945878, /Attraction_Review-g295370-d5599133-Reviews-Znjan_City_Beach-Split_Split_Dalmatia_County_Dalmatia.html
Žnjan City Beach, 1, 15, Beaches & Beaches, Europe & Croatia & Dalmatia & Split-Dalmatia County & Split & Things to Do in Split, 4.0, 43.502045, 16.481909, 707435755, 20190901, 20190901, 4.0, Leo, /Profile/drizztl, fb401cd181c8e84fe1eb208d67e7b3e0, /Attraction_Review-g295370-d5599133-Reviews-Znjan_City_Beach-Split_Split_Dalmatia_County_Dalmatia.html
Žnjan City Beach, 1, 15, Beaches & Beaches, Europe & Croatia & Dalmatia & Split-Dalmatia County & Split & Things to Do in Split, 4.0, 43.502045, 16.481909, 701858695, 20190801, 20190801, 3.0, DanaT74, /Profile/DanaT74, ecb103d6527d348a8c41fa84c2af9467, /Attraction_Review-g295370-d5599133-Reviews-Znjan_City_Beach-Split_Split_Dalmatia_County_Dalmatia.html
