review_location_name, review_current_page, review_last_page, review_location_type, review_location_breadcrumbs, review_location_rate, location_lat, location_lng, review_id, review_date, review_experience_date, review_rate, user_name, user_link, user_id, parent_url
Jadrolinija - Day Trips, 20, 35, Ferries & Ferries, Europe & Croatia & Primorje-Gorski Kotar County & Rijeka & Things to Do in Rijeka, 3.0, 45.32729, 14.4386, 398098579, 20160701, 20160701, 1.0, Sam K, /Profile/180samk, 55262c710f44640f395c4052246b7071, /Attraction_Review-g297516-d554017-Reviews-Jadrolinija_Day_Trips-Rijeka_Primorje_Gorski_Kotar_County.html
Jadrolinija - Day Trips, 20, 35, Ferries & Ferries, Europe & Croatia & Primorje-Gorski Kotar County & Rijeka & Things to Do in Rijeka, 3.0, 45.32729, 14.4386, 397940716, 20160701, 20160701, 1.0, Carol F, /Profile/carolfQ8872BN, aeccd64e20515b011e5f0d6884156af4, /Attraction_Review-g297516-d554017-Reviews-Jadrolinija_Day_Trips-Rijeka_Primorje_Gorski_Kotar_County.html
Jadrolinija - Day Trips, 20, 35, Ferries & Ferries, Europe & Croatia & Primorje-Gorski Kotar County & Rijeka & Things to Do in Rijeka, 3.0, 45.32729, 14.4386, 393416318, 20160701, 20160701, 2.0, J B, /Profile/joaob761, 69f705cd4ed8fbbce56c03612a17da53, /Attraction_Review-g297516-d554017-Reviews-Jadrolinija_Day_Trips-Rijeka_Primorje_Gorski_Kotar_County.html
Jadrolinija - Day Trips, 20, 35, Ferries & Ferries, Europe & Croatia & Primorje-Gorski Kotar County & Rijeka & Things to Do in Rijeka, 3.0, 45.32729, 14.4386, 392245636, 20160701, 20160601, 1.0, TonyOnTheRun, /Profile/TonyOnTheRun, 4eec6f4b41b756df6bc513ef12a0d7f8, /Attraction_Review-g297516-d554017-Reviews-Jadrolinija_Day_Trips-Rijeka_Primorje_Gorski_Kotar_County.html
Jadrolinija - Day Trips, 20, 35, Ferries & Ferries, Europe & Croatia & Primorje-Gorski Kotar County & Rijeka & Things to Do in Rijeka, 3.0, 45.32729, 14.4386, 390923334, 20160701, 20160701, 1.0, Maria A, /Profile/mariaaZ9041IQ, 36843eb6e2b8f6530f63bf1ff0ee6457, /Attraction_Review-g297516-d554017-Reviews-Jadrolinija_Day_Trips-Rijeka_Primorje_Gorski_Kotar_County.html
