review_location_name, review_current_page, review_last_page, review_location_type, review_location_breadcrumbs, review_location_rate, location_lat, location_lng, review_id, review_date, review_experience_date, review_rate, user_name, user_link, user_id, parent_url
Zlatni Rat Beach (Golden Horn), 135, 250, Beaches & Beaches, Europe & Croatia & Dalmatia & Split-Dalmatia County & Brac Island & Bol & Things to Do in Bol, 4.0, 43.25916, 16.64372, 397971076, 20160701, 20160701, 4.0, Pippisin, /Profile/Pippisin, 97b6fb333883919dbbdfef0d2a2c2e17, /Attraction_Review-g303802-d550460-Reviews-Zlatni_Rat_Beach_Golden_Horn-Bol_Brac_Island_Split_Dalmatia_County_Dalmatia.html
Zlatni Rat Beach (Golden Horn), 135, 250, Beaches & Beaches, Europe & Croatia & Dalmatia & Split-Dalmatia County & Brac Island & Bol & Things to Do in Bol, 4.0, 43.25916, 16.64372, 397915707, 20160701, 20160701, 5.0, Adam_Hayson, /Profile/Adam_Hayson, 7389fca8d5f03ba815b36d7acb8ce7c3, /Attraction_Review-g303802-d550460-Reviews-Zlatni_Rat_Beach_Golden_Horn-Bol_Brac_Island_Split_Dalmatia_County_Dalmatia.html
Zlatni Rat Beach (Golden Horn), 135, 250, Beaches & Beaches, Europe & Croatia & Dalmatia & Split-Dalmatia County & Brac Island & Bol & Things to Do in Bol, 4.0, 43.25916, 16.64372, 397902733, 20160701, 20160701, 3.0, Deimon, /Profile/Deimon, b5407b2d60baee64b33b8503cfffc124, /Attraction_Review-g303802-d550460-Reviews-Zlatni_Rat_Beach_Golden_Horn-Bol_Brac_Island_Split_Dalmatia_County_Dalmatia.html
Zlatni Rat Beach (Golden Horn), 135, 250, Beaches & Beaches, Europe & Croatia & Dalmatia & Split-Dalmatia County & Brac Island & Bol & Things to Do in Bol, 4.0, 43.25916, 16.64372, 397628574, 20160701, 20160701, 5.0, EYT65, /Profile/EYT65, 072150b5ae40989f545f41f1fa4f6e8a, /Attraction_Review-g303802-d550460-Reviews-Zlatni_Rat_Beach_Golden_Horn-Bol_Brac_Island_Split_Dalmatia_County_Dalmatia.html
Zlatni Rat Beach (Golden Horn), 135, 250, Beaches & Beaches, Europe & Croatia & Dalmatia & Split-Dalmatia County & Brac Island & Bol & Things to Do in Bol, 4.0, 43.25916, 16.64372, 397530777, 20160701, 20160701, 4.0, Marc R, /Profile/q1291, a7254d02e50bbe35013afc3119d81add, /Attraction_Review-g303802-d550460-Reviews-Zlatni_Rat_Beach_Golden_Horn-Bol_Brac_Island_Split_Dalmatia_County_Dalmatia.html
