review_location_name, review_current_page, review_last_page, review_location_type, review_location_breadcrumbs, review_location_rate, location_lat, location_lng, review_id, review_date, review_experience_date, review_rate, user_name, user_link, user_id, parent_url
Republic of Croatia Square / Trg Republike Hrvatske, 5, 10, Points of Interest & Landmarks & Points of Interest & Landmarks, Europe & Croatia & Central Croatia & Zagreb & Things to Do in Zagreb, 4.5, 45.809944, 15.969704, 563144355, 20180201, 20170901, 5.0, Lora W, /Profile/_lora_willey79, d18535149de19f51587f9dd48de64f47, /Attraction_Review-g294454-d10105309-Reviews-Republic_of_Croatia_Square_Trg_Republike_Hrvatske-Zagreb_Central_Croatia.html
Republic of Croatia Square / Trg Republike Hrvatske, 5, 10, Points of Interest & Landmarks & Points of Interest & Landmarks, Europe & Croatia & Central Croatia & Zagreb & Things to Do in Zagreb, 4.5, 45.809944, 15.969704, 558079018, 20180201, 20170301, 4.0, Andr3a1o, /Profile/Andr3a1o, 58b512179bb232334d2d8d487a44c093, /Attraction_Review-g294454-d10105309-Reviews-Republic_of_Croatia_Square_Trg_Republike_Hrvatske-Zagreb_Central_Croatia.html
Republic of Croatia Square / Trg Republike Hrvatske, 5, 10, Points of Interest & Landmarks & Points of Interest & Landmarks, Europe & Croatia & Central Croatia & Zagreb & Things to Do in Zagreb, 4.5, 45.809944, 15.969704, 555940022, 20180101, 20170901, 5.0, PhilStokie, /Profile/PhilStokie, 0efe2a2335f8292a631c1fe4458e183b, /Attraction_Review-g294454-d10105309-Reviews-Republic_of_Croatia_Square_Trg_Republike_Hrvatske-Zagreb_Central_Croatia.html
Republic of Croatia Square / Trg Republike Hrvatske, 5, 10, Points of Interest & Landmarks & Points of Interest & Landmarks, Europe & Croatia & Central Croatia & Zagreb & Things to Do in Zagreb, 4.5, 45.809944, 15.969704, 555100633, 20180101, 20171101, 4.0, 1ak1, /Profile/1ak1, 6032beb34ed936d02953b4015a3527ef, /Attraction_Review-g294454-d10105309-Reviews-Republic_of_Croatia_Square_Trg_Republike_Hrvatske-Zagreb_Central_Croatia.html
Republic of Croatia Square / Trg Republike Hrvatske, 5, 10, Points of Interest & Landmarks & Points of Interest & Landmarks, Europe & Croatia & Central Croatia & Zagreb & Things to Do in Zagreb, 4.5, 45.809944, 15.969704, 545525009, 20171201, 20171201, 4.0, JnVSydney, /Profile/JnVSydney, 6fd634e12ba497eb3b36b7d3b2e69294, /Attraction_Review-g294454-d10105309-Reviews-Republic_of_Croatia_Square_Trg_Republike_Hrvatske-Zagreb_Central_Croatia.html
