review_location_name, review_current_page, review_last_page, review_location_type, review_location_breadcrumbs, review_location_rate, location_lat, location_lng, review_id, review_date, review_experience_date, review_rate, user_name, user_link, user_id, parent_url
Kastel, 40, 49, Historic Sites & Castles & Historic Sites & Castles, Europe & Croatia & Istria & Pula & Things to Do in Pula, 4.0, 44.87038, 13.84521, 309004775, 20150901, 20150901, 4.0, Elderinne, /Profile/Elderinne, cae96cdce62a60f268636f155cb4f5e0, /Attraction_Review-g295373-d553266-Reviews-Kastel-Pula_Istria.html
Kastel, 40, 49, Historic Sites & Castles & Historic Sites & Castles, Europe & Croatia & Istria & Pula & Things to Do in Pula, 4.0, 44.87038, 13.84521, 302932811, 20150801, 20150801, 5.0, Caroline C, /Profile/Q2988DRcarolinec, 0461c987630e2e26d3c9479002fd5c02, /Attraction_Review-g295373-d553266-Reviews-Kastel-Pula_Istria.html
Kastel, 40, 49, Historic Sites & Castles & Historic Sites & Castles, Europe & Croatia & Istria & Pula & Things to Do in Pula, 4.0, 44.87038, 13.84521, 300995233, 20150801, 20150801, 3.0, denisobrien, /Profile/denisobrien, 263a44516c68d20dfcb2ac27c9e9a811, /Attraction_Review-g295373-d553266-Reviews-Kastel-Pula_Istria.html
Kastel, 40, 49, Historic Sites & Castles & Historic Sites & Castles, Europe & Croatia & Istria & Pula & Things to Do in Pula, 4.0, 44.87038, 13.84521, 300211089, 20150801, 20150701, 4.0, Adrian P, /Profile/379paraschiva, 549a1207a07adfd6876573832243047a, /Attraction_Review-g295373-d553266-Reviews-Kastel-Pula_Istria.html
Kastel, 40, 49, Historic Sites & Castles & Historic Sites & Castles, Europe & Croatia & Istria & Pula & Things to Do in Pula, 4.0, 44.87038, 13.84521, 295253309, 20150801, 20150701, 4.0, MirzaMM, /Profile/MirzaMM, 22b33fe3effea7b07ed3c45591727f93, /Attraction_Review-g295373-d553266-Reviews-Kastel-Pula_Istria.html
