review_location_name, review_current_page, review_last_page, review_location_type, review_location_breadcrumbs, review_location_rate, location_lat, location_lng, review_id, review_date, review_experience_date, review_rate, user_name, user_link, user_id, parent_url
Old Split, 78, 357, Historic Sites & Historic Sites, Europe & Croatia & Dalmatia & Split-Dalmatia County & Split & Things to Do in Split, 4.5, 43.50949, 16.43938, 619547729, 20180901, 20180901, 5.0, thefooddood, /Profile/thefooddood, e0433b08a397ddb5965b78b29208f72a, /Attraction_Review-g295370-d548054-Reviews-Old_Split-Split_Split_Dalmatia_County_Dalmatia.html
Old Split, 78, 357, Historic Sites & Historic Sites, Europe & Croatia & Dalmatia & Split-Dalmatia County & Split & Things to Do in Split, 4.5, 43.50949, 16.43938, 619184775, 20180901, 20180901, 5.0, Spirit1414, /Profile/Spirit1414, 7c412ae8d83c7c63618841623b0bb712, /Attraction_Review-g295370-d548054-Reviews-Old_Split-Split_Split_Dalmatia_County_Dalmatia.html
Old Split, 78, 357, Historic Sites & Historic Sites, Europe & Croatia & Dalmatia & Split-Dalmatia County & Split & Things to Do in Split, 4.5, 43.50949, 16.43938, 619161888, 20180901, 20180901, 5.0, groovychickMelbourne, /Profile/groovychickMelbourne, 7fae26aee0128d6523dff017fc31d11a, /Attraction_Review-g295370-d548054-Reviews-Old_Split-Split_Split_Dalmatia_County_Dalmatia.html
Old Split, 78, 357, Historic Sites & Historic Sites, Europe & Croatia & Dalmatia & Split-Dalmatia County & Split & Things to Do in Split, 4.5, 43.50949, 16.43938, 619088995, 20180901, 20180901, 5.0, Ian C, /Profile/IanCwinginit, 4dc0dbcdf6c2a490152ce9c774f47441, /Attraction_Review-g295370-d548054-Reviews-Old_Split-Split_Split_Dalmatia_County_Dalmatia.html
Old Split, 78, 357, Historic Sites & Historic Sites, Europe & Croatia & Dalmatia & Split-Dalmatia County & Split & Things to Do in Split, 4.5, 43.50949, 16.43938, 619038026, 20180901, 20180901, 5.0, Barry M, /Profile/U715OWbarrym, 6c05c86f524d5388697bf3abd46b6ac4, /Attraction_Review-g295370-d548054-Reviews-Old_Split-Split_Split_Dalmatia_County_Dalmatia.html
