review_location_name, review_current_page, review_last_page, review_location_type, review_location_breadcrumbs, review_location_rate, location_lat, location_lng, review_id, review_date, review_experience_date, review_rate, user_name, user_link, user_id, parent_url
Rastoke, 58, 73, Nature & Wildlife Areas & Nature & Wildlife Areas, Europe & Croatia & Central Croatia & Karlovac County & Slunj & Things to Do in Slunj, 4.5, 45.120533, 15.585403, 279171090, 20150601, 20150601, 5.0, Gil Segev, /Profile/Gilsgv, 6b320eead227649d66894b1f64220ac7, /Attraction_Review-g1190778-d3162455-Reviews-Rastoke-Slunj_Karlovac_County_Central_Croatia.html
Rastoke, 58, 73, Nature & Wildlife Areas & Nature & Wildlife Areas, Europe & Croatia & Central Croatia & Karlovac County & Slunj & Things to Do in Slunj, 4.5, 45.120533, 15.585403, 278962348, 20150601, 20150601, 5.0, Vicki_G_1989, /Profile/Vicki_G_1989, 0e19d795f4e58b9967a9f283533055e6, /Attraction_Review-g1190778-d3162455-Reviews-Rastoke-Slunj_Karlovac_County_Central_Croatia.html
Rastoke, 58, 73, Nature & Wildlife Areas & Nature & Wildlife Areas, Europe & Croatia & Central Croatia & Karlovac County & Slunj & Things to Do in Slunj, 4.5, 45.120533, 15.585403, 278711150, 20150601, 20140701, 5.0, XOXOCajunGirl, /Profile/XOXOCajunGirl, 17c5da90b18bf30f5b4c8e01af247ab3, /Attraction_Review-g1190778-d3162455-Reviews-Rastoke-Slunj_Karlovac_County_Central_Croatia.html
Rastoke, 58, 73, Nature & Wildlife Areas & Nature & Wildlife Areas, Europe & Croatia & Central Croatia & Karlovac County & Slunj & Things to Do in Slunj, 4.5, 45.120533, 15.585403, 278289940, 20150601, 20150601, 4.0, Nicola81677, /Profile/Nicola81677, 625f542011930b0ca00e999361d71f46, /Attraction_Review-g1190778-d3162455-Reviews-Rastoke-Slunj_Karlovac_County_Central_Croatia.html
Rastoke, 58, 73, Nature & Wildlife Areas & Nature & Wildlife Areas, Europe & Croatia & Central Croatia & Karlovac County & Slunj & Things to Do in Slunj, 4.5, 45.120533, 15.585403, 276651390, 20150601, 20150501, 5.0, stenquist1, /Profile/stenquist1, 4aa8e1a7c650ec54a7065c83dcb93a6e, /Attraction_Review-g1190778-d3162455-Reviews-Rastoke-Slunj_Karlovac_County_Central_Croatia.html
