review_location_name, review_current_page, review_last_page, review_location_type, review_location_breadcrumbs, review_location_rate, location_lat, location_lng, review_id, review_date, review_experience_date, review_rate, user_name, user_link, user_id, parent_url
Marjan Park, 203, 402, Nature & Wildlife Areas & Parks & Nature & Wildlife Areas & Parks, Europe & Croatia & Dalmatia & Split-Dalmatia County & Split & Things to Do in Split, 4.5, 43.50534, 16.43005, 484080604, 20170501, 20170501, 4.0, Brent K, /Profile/716brentk, a31b152ea806405ac2d49d84e6593fea, /Attraction_Review-g295370-d550486-Reviews-Marjan_Park-Split_Split_Dalmatia_County_Dalmatia.html
Marjan Park, 203, 402, Nature & Wildlife Areas & Parks & Nature & Wildlife Areas & Parks, Europe & Croatia & Dalmatia & Split-Dalmatia County & Split & Things to Do in Split, 4.5, 43.50534, 16.43005, 483811737, 20170501, 20170501, 5.0, Luiza C, /Profile/1luizac, 79b6eb14fae056cac1aa9d453619e614, /Attraction_Review-g295370-d550486-Reviews-Marjan_Park-Split_Split_Dalmatia_County_Dalmatia.html
Marjan Park, 203, 402, Nature & Wildlife Areas & Parks & Nature & Wildlife Areas & Parks, Europe & Croatia & Dalmatia & Split-Dalmatia County & Split & Things to Do in Split, 4.5, 43.50534, 16.43005, 483743416, 20170501, 20170501, 5.0, Yichun X, /Profile/yichunx2015, 2991a9804ed21ff1b0c6ec6b18fe9054, /Attraction_Review-g295370-d550486-Reviews-Marjan_Park-Split_Split_Dalmatia_County_Dalmatia.html
Marjan Park, 203, 402, Nature & Wildlife Areas & Parks & Nature & Wildlife Areas & Parks, Europe & Croatia & Dalmatia & Split-Dalmatia County & Split & Things to Do in Split, 4.5, 43.50534, 16.43005, 483713296, 20170501, 20170501, 5.0, Stacy B, /Profile/stacyb377, 8be0839af65b709da766fe4f53eb2c52, /Attraction_Review-g295370-d550486-Reviews-Marjan_Park-Split_Split_Dalmatia_County_Dalmatia.html
Marjan Park, 203, 402, Nature & Wildlife Areas & Parks & Nature & Wildlife Areas & Parks, Europe & Croatia & Dalmatia & Split-Dalmatia County & Split & Things to Do in Split, 4.5, 43.50534, 16.43005, 483676370, 20170501, 20170501, 4.0, Teresa L, /Profile/TeresaL261, 2033ac04210e5c0b6bbd575fd8efdf3e, /Attraction_Review-g295370-d550486-Reviews-Marjan_Park-Split_Split_Dalmatia_County_Dalmatia.html
