review_location_name, review_current_page, review_last_page, review_location_type, review_location_breadcrumbs, review_location_rate, location_lat, location_lng, review_id, review_date, review_experience_date, review_rate, user_name, user_link, user_id, parent_url
Dominican Monastery, 10, 49, Historic Sites & Sacred & Religious Sites & Historic Sites & Sacred & Religious Sites, Europe & Croatia & Dalmatia & Dubrovnik-Neretva County & Dubrovnik & Things to Do in Dubrovnik, 4.0, 42.64171, 18.11169, 618779613, 20180901, 20180901, 4.0, Sally m, /Profile/173sallym, 3dd128dc72399aab7b73371dfa117844, /Attraction_Review-g295371-d552660-Reviews-Dominican_Monastery-Dubrovnik_Dubrovnik_Neretva_County_Dalmatia.html
Dominican Monastery, 10, 49, Historic Sites & Sacred & Religious Sites & Historic Sites & Sacred & Religious Sites, Europe & Croatia & Dalmatia & Dubrovnik-Neretva County & Dubrovnik & Things to Do in Dubrovnik, 4.0, 42.64171, 18.11169, 618333977, 20180901, 20180901, 5.0, annelainea, /Profile/annelainea, 792acd0897943de82d5ae7b45beb70e1, /Attraction_Review-g295371-d552660-Reviews-Dominican_Monastery-Dubrovnik_Dubrovnik_Neretva_County_Dalmatia.html
Dominican Monastery, 10, 49, Historic Sites & Sacred & Religious Sites & Historic Sites & Sacred & Religious Sites, Europe & Croatia & Dalmatia & Dubrovnik-Neretva County & Dubrovnik & Things to Do in Dubrovnik, 4.0, 42.64171, 18.11169, 617531945, 20180901, 20180901, 3.0, TravellerFaye, /Profile/TravellerFaye, bbd5b159fbd19fc8a9899812e856eb6d, /Attraction_Review-g295371-d552660-Reviews-Dominican_Monastery-Dubrovnik_Dubrovnik_Neretva_County_Dalmatia.html
Dominican Monastery, 10, 49, Historic Sites & Sacred & Religious Sites & Historic Sites & Sacred & Religious Sites, Europe & Croatia & Dalmatia & Dubrovnik-Neretva County & Dubrovnik & Things to Do in Dubrovnik, 4.0, 42.64171, 18.11169, 615868503, 20180901, 20180901, 5.0, SuzannahA, /Profile/SuzannahA, 6823968f10cff4176ec6fe79b51c0d00, /Attraction_Review-g295371-d552660-Reviews-Dominican_Monastery-Dubrovnik_Dubrovnik_Neretva_County_Dalmatia.html
Dominican Monastery, 10, 49, Historic Sites & Sacred & Religious Sites & Historic Sites & Sacred & Religious Sites, Europe & Croatia & Dalmatia & Dubrovnik-Neretva County & Dubrovnik & Things to Do in Dubrovnik, 4.0, 42.64171, 18.11169, 614775042, 20180901, 20180801, 4.0, CKF, /Profile/CKF, e144d53f16401312e4987ed41adcbf88, /Attraction_Review-g295371-d552660-Reviews-Dominican_Monastery-Dubrovnik_Dubrovnik_Neretva_County_Dalmatia.html
