review_location_name, review_current_page, review_last_page, review_location_type, review_location_breadcrumbs, review_location_rate, location_lat, location_lng, review_id, review_date, review_experience_date, review_rate, user_name, user_link, user_id, parent_url
Palace Cipiko, 2, 5, Historic Sites & Historic Sites, Europe & Croatia & Dalmatia & Split-Dalmatia County & Trogir & Things to Do in Trogir, 4.0, 43.51688, 16.25167, 672691100, 20190501, 20180601, 4.0, Karin and Filip, /Profile/KarinAndFilip, c00bf343aa3df1d12c57e1b8cc28d5dd, /Attraction_Review-g303838-d550557-Reviews-Palace_Cipiko-Trogir_Split_Dalmatia_County_Dalmatia.html
Palace Cipiko, 2, 5, Historic Sites & Historic Sites, Europe & Croatia & Dalmatia & Split-Dalmatia County & Trogir & Things to Do in Trogir, 4.0, 43.51688, 16.25167, 650313370, 20190201, 20180301, 4.0, Andr3a1o, /Profile/Andr3a1o, 58b512179bb232334d2d8d487a44c093, /Attraction_Review-g303838-d550557-Reviews-Palace_Cipiko-Trogir_Split_Dalmatia_County_Dalmatia.html
Palace Cipiko, 2, 5, Historic Sites & Historic Sites, Europe & Croatia & Dalmatia & Split-Dalmatia County & Trogir & Things to Do in Trogir, 4.0, 43.51688, 16.25167, 647774859, 20190101, 20181001, 4.0, Carol A S, /Profile/carolas936, 1c912a0b6f40d4919b5cc3da9cf8cd8d, /Attraction_Review-g303838-d550557-Reviews-Palace_Cipiko-Trogir_Split_Dalmatia_County_Dalmatia.html
Palace Cipiko, 2, 5, Historic Sites & Historic Sites, Europe & Croatia & Dalmatia & Split-Dalmatia County & Trogir & Things to Do in Trogir, 4.0, 43.51688, 16.25167, 618417732, 20180901, 20180901, 4.0, davidandmel, /Profile/davidandmel, 78095c22efb7c700e04516edcfc02fce, /Attraction_Review-g303838-d550557-Reviews-Palace_Cipiko-Trogir_Split_Dalmatia_County_Dalmatia.html
Palace Cipiko, 2, 5, Historic Sites & Historic Sites, Europe & Croatia & Dalmatia & Split-Dalmatia County & Trogir & Things to Do in Trogir, 4.0, 43.51688, 16.25167, 616023094, 20180901, 20180901, 3.0, Matthew P, /Profile/matthewpJ6622GO, 0ee052fc2d62db09ff99e5a4436466c3, /Attraction_Review-g303838-d550557-Reviews-Palace_Cipiko-Trogir_Split_Dalmatia_County_Dalmatia.html
