review_location_name, review_current_page, review_last_page, review_location_type, review_location_breadcrumbs, review_location_rate, location_lat, location_lng, review_id, review_date, review_experience_date, review_rate, user_name, user_link, user_id, parent_url
Trg Republike Fountain, 1, 3, Fountains & Fountains, Europe & Croatia & Primorje-Gorski Kotar County & Kvarner Bay Islands & Losinj Island & Mali Losinj & Things to Do in Mali Losinj, 3.5, 44.53207, 14.46796, 743992704, 20200201, 20190901, 4.0, Graham S, /Profile/planetogra, a985059ffd679696a2480693587b300f, /Attraction_Review-g297514-d2345110-Reviews-Trg_Republike_Fountain-Mali_Losinj_Losinj_Island_Kvarner_Bay_Islands_Primorje_Gor.html
Trg Republike Fountain, 1, 3, Fountains & Fountains, Europe & Croatia & Primorje-Gorski Kotar County & Kvarner Bay Islands & Losinj Island & Mali Losinj & Things to Do in Mali Losinj, 3.5, 44.53207, 14.46796, 712325385, 20190901, 20190901, 2.0, Elderly Traveller, /Profile/X8085XIalanf, acaa7ca6e302d844f5fcecc0c28283df, /Attraction_Review-g297514-d2345110-Reviews-Trg_Republike_Fountain-Mali_Losinj_Losinj_Island_Kvarner_Bay_Islands_Primorje_Gor.html
Trg Republike Fountain, 1, 3, Fountains & Fountains, Europe & Croatia & Primorje-Gorski Kotar County & Kvarner Bay Islands & Losinj Island & Mali Losinj & Things to Do in Mali Losinj, 3.5, 44.53207, 14.46796, 614465084, 20180901, 20180801, 3.0, Miha P, /Profile/482mihap, abd2f9c2cd78a57d449f70cdffa1616b, /Attraction_Review-g297514-d2345110-Reviews-Trg_Republike_Fountain-Mali_Losinj_Losinj_Island_Kvarner_Bay_Islands_Primorje_Gor.html
Trg Republike Fountain, 1, 3, Fountains & Fountains, Europe & Croatia & Primorje-Gorski Kotar County & Kvarner Bay Islands & Losinj Island & Mali Losinj & Things to Do in Mali Losinj, 3.5, 44.53207, 14.46796, 506291688, 20170701, 20170701, 4.0, Janja H, /Profile/943janjah, 311520eb6fd733a4f28e399ae774c008, /Attraction_Review-g297514-d2345110-Reviews-Trg_Republike_Fountain-Mali_Losinj_Losinj_Island_Kvarner_Bay_Islands_Primorje_Gor.html
Trg Republike Fountain, 1, 3, Fountains & Fountains, Europe & Croatia & Primorje-Gorski Kotar County & Kvarner Bay Islands & Losinj Island & Mali Losinj & Things to Do in Mali Losinj, 3.5, 44.53207, 14.46796, 496763210, 20170601, 20170601, 3.0, Miha P, /Profile/482mihap, abd2f9c2cd78a57d449f70cdffa1616b, /Attraction_Review-g297514-d2345110-Reviews-Trg_Republike_Fountain-Mali_Losinj_Losinj_Island_Kvarner_Bay_Islands_Primorje_Gor.html
