review_location_name, review_current_page, review_last_page, review_location_type, review_location_breadcrumbs, review_location_rate, location_lat, location_lng, review_id, review_date, review_experience_date, review_rate, user_name, user_link, user_id, parent_url
Lokrum Island, 191, 1158, Islands & Islands, Europe & Croatia & Dalmatia & Dubrovnik-Neretva County & Dubrovnik & Things to Do in Dubrovnik, 4.5, 42.624542, 18.120455, 616403664, 20180901, 20180901, 5.0, Dwayne K, /Profile/413dwaynek, 3ca5e46ca56e92bdb72b6fa2114b98e6, /Attraction_Review-g295371-d483261-Reviews-Lokrum_Island-Dubrovnik_Dubrovnik_Neretva_County_Dalmatia.html
Lokrum Island, 191, 1158, Islands & Islands, Europe & Croatia & Dalmatia & Dubrovnik-Neretva County & Dubrovnik & Things to Do in Dubrovnik, 4.5, 42.624542, 18.120455, 616359527, 20180901, 20180901, 3.0, marita k, /Profile/maritak60, 47cf7fb900cefd06e07e9b3eb19c73f4, /Attraction_Review-g295371-d483261-Reviews-Lokrum_Island-Dubrovnik_Dubrovnik_Neretva_County_Dalmatia.html
Lokrum Island, 191, 1158, Islands & Islands, Europe & Croatia & Dalmatia & Dubrovnik-Neretva County & Dubrovnik & Things to Do in Dubrovnik, 4.5, 42.624542, 18.120455, 616170174, 20180901, 20180901, 2.0, JaDo5, /Profile/JaDo5, 47f996da386c0bd52f9955b93e83ec0f, /Attraction_Review-g295371-d483261-Reviews-Lokrum_Island-Dubrovnik_Dubrovnik_Neretva_County_Dalmatia.html
Lokrum Island, 191, 1158, Islands & Islands, Europe & Croatia & Dalmatia & Dubrovnik-Neretva County & Dubrovnik & Things to Do in Dubrovnik, 4.5, 42.624542, 18.120455, 616096397, 20180901, 20180901, 4.0, wwhershey316, /Profile/wwhershey316, f3ef13743b85eb9f2adc8fcf92c2581d, /Attraction_Review-g295371-d483261-Reviews-Lokrum_Island-Dubrovnik_Dubrovnik_Neretva_County_Dalmatia.html
Lokrum Island, 191, 1158, Islands & Islands, Europe & Croatia & Dalmatia & Dubrovnik-Neretva County & Dubrovnik & Things to Do in Dubrovnik, 4.5, 42.624542, 18.120455, 616020736, 20180901, 20180901, 5.0, Lori S, /Profile/916loris, dff0a9d9e0a7b134d4846bffb81caaae, /Attraction_Review-g295371-d483261-Reviews-Lokrum_Island-Dubrovnik_Dubrovnik_Neretva_County_Dalmatia.html
