review_location_name, review_current_page, review_last_page, review_location_type, review_location_breadcrumbs, review_location_rate, location_lat, location_lng, review_id, review_date, review_experience_date, review_rate, user_name, user_link, user_id, parent_url
Zlatni Rat Beach (Golden Horn), 194, 250, Beaches & Beaches, Europe & Croatia & Dalmatia & Split-Dalmatia County & Brac Island & Bol & Things to Do in Bol, 4.0, 43.25916, 16.64372, 282458124, 20150601, 20150601, 3.0, Ch00dA, /Profile/Ch00dA, 3ec251713635f96e3e8c2bf844c909e6, /Attraction_Review-g303802-d550460-Reviews-Zlatni_Rat_Beach_Golden_Horn-Bol_Brac_Island_Split_Dalmatia_County_Dalmatia.html
Zlatni Rat Beach (Golden Horn), 194, 250, Beaches & Beaches, Europe & Croatia & Dalmatia & Split-Dalmatia County & Brac Island & Bol & Things to Do in Bol, 4.0, 43.25916, 16.64372, 282386891, 20150601, 20150601, 2.0, Spitfire42, /Profile/Spitfire42, 67bd1e4e8a5ee7d11354b67e2d9428fc, /Attraction_Review-g303802-d550460-Reviews-Zlatni_Rat_Beach_Golden_Horn-Bol_Brac_Island_Split_Dalmatia_County_Dalmatia.html
Zlatni Rat Beach (Golden Horn), 194, 250, Beaches & Beaches, Europe & Croatia & Dalmatia & Split-Dalmatia County & Brac Island & Bol & Things to Do in Bol, 4.0, 43.25916, 16.64372, 282285367, 20150601, 20150601, 4.0, Laura E, /Profile/LauraE829, 252946abf43d42c93cc5abedf9eb0b84, /Attraction_Review-g303802-d550460-Reviews-Zlatni_Rat_Beach_Golden_Horn-Bol_Brac_Island_Split_Dalmatia_County_Dalmatia.html
Zlatni Rat Beach (Golden Horn), 194, 250, Beaches & Beaches, Europe & Croatia & Dalmatia & Split-Dalmatia County & Brac Island & Bol & Things to Do in Bol, 4.0, 43.25916, 16.64372, 282276672, 20150601, 20150601, 2.0, ExploringJames, /Profile/ExploringJames, 55a63858ededa51bba8c21868c2c6b54, /Attraction_Review-g303802-d550460-Reviews-Zlatni_Rat_Beach_Golden_Horn-Bol_Brac_Island_Split_Dalmatia_County_Dalmatia.html
Zlatni Rat Beach (Golden Horn), 194, 250, Beaches & Beaches, Europe & Croatia & Dalmatia & Split-Dalmatia County & Brac Island & Bol & Things to Do in Bol, 4.0, 43.25916, 16.64372, 282264408, 20150601, 20150601, 3.0, Susanna K, /Profile/Catizuzanna, 1365a0f92fd5631fc678873b761e9c4a, /Attraction_Review-g303802-d550460-Reviews-Zlatni_Rat_Beach_Golden_Horn-Bol_Brac_Island_Split_Dalmatia_County_Dalmatia.html
