review_location_name, review_current_page, review_last_page, review_location_type, review_location_breadcrumbs, review_location_rate, location_lat, location_lng, review_id, review_date, review_experience_date, review_rate, user_name, user_link, user_id, parent_url
Podstrana Beach, 8, 9, Beaches & Beaches, Europe & Croatia & Dalmatia & Split-Dalmatia County & Split & Things to Do in Split, 4.0, 43.49267, 16.537025, 478303514, 20170401, 20170201, 4.0, miloputnik, /Profile/miloputnik, 0408649850c8bf4ef1375a0e6773f71f, /Attraction_Review-g295370-d8434804-Reviews-Podstrana_Beach-Split_Split_Dalmatia_County_Dalmatia.html
Podstrana Beach, 8, 9, Beaches & Beaches, Europe & Croatia & Dalmatia & Split-Dalmatia County & Split & Things to Do in Split, 4.0, 43.49267, 16.537025, 413538346, 20160901, 20160801, 4.0, accountsclerk, /Profile/accountsclerk, 3f6a12136dd32e684fe060e610099f43, /Attraction_Review-g295370-d8434804-Reviews-Podstrana_Beach-Split_Split_Dalmatia_County_Dalmatia.html
Podstrana Beach, 8, 9, Beaches & Beaches, Europe & Croatia & Dalmatia & Split-Dalmatia County & Split & Things to Do in Split, 4.0, 43.49267, 16.537025, 412733792, 20160801, 20160701, 5.0, gabriella l, /Profile/gabriellal_11, 54aac805b20d9dd06cba5ee47e290f56, /Attraction_Review-g295370-d8434804-Reviews-Podstrana_Beach-Split_Split_Dalmatia_County_Dalmatia.html
Podstrana Beach, 8, 9, Beaches & Beaches, Europe & Croatia & Dalmatia & Split-Dalmatia County & Split & Things to Do in Split, 4.0, 43.49267, 16.537025, 353261116, 20160301, 20150701, 5.0, jarmilkak, /Profile/jarmilkak, ba99ff84003428781474d306e896b763, /Attraction_Review-g295370-d8434804-Reviews-Podstrana_Beach-Split_Split_Dalmatia_County_Dalmatia.html
Podstrana Beach, 8, 9, Beaches & Beaches, Europe & Croatia & Dalmatia & Split-Dalmatia County & Split & Things to Do in Split, 4.0, 43.49267, 16.537025, 323193673, 20151001, 20150901, 4.0, Tim F, /Profile/U4509PPtimf, 52aca6fe1058c5fd96262b0723d85a50, /Attraction_Review-g295370-d8434804-Reviews-Podstrana_Beach-Split_Split_Dalmatia_County_Dalmatia.html
