review_location_name, review_current_page, review_last_page, review_location_type, review_location_breadcrumbs, review_location_rate, location_lat, location_lng, review_id, review_date, review_experience_date, review_rate, user_name, user_link, user_id, parent_url
Groznjan Hilltop village of artists&& Istria&& Croatia, 18, 39, Points of Interest & Landmarks & Points of Interest & Landmarks, Europe & Croatia & Istria & Groznjan & Things to Do in Groznjan, 4.5, 45.37882, 13.722924, 430365352, 20161001, 20160401, 5.0, Loky, /Profile/LorisB765, c9f7cd31af8d3238b594331c55fd4d01, /Attraction_Review-g303807-d4568497-Reviews-Groznjan_Hilltop_village_of_artists_Istria_Croatia-Groznjan_Istria.html
Groznjan Hilltop village of artists&& Istria&& Croatia, 18, 39, Points of Interest & Landmarks & Points of Interest & Landmarks, Europe & Croatia & Istria & Groznjan & Things to Do in Groznjan, 4.5, 45.37882, 13.722924, 429967992, 20161001, 20160901, 4.0, Travelbunny65, /Profile/Travelbunny65, 1e34407453115106822a5889be69bcca, /Attraction_Review-g303807-d4568497-Reviews-Groznjan_Hilltop_village_of_artists_Istria_Croatia-Groznjan_Istria.html
Groznjan Hilltop village of artists&& Istria&& Croatia, 18, 39, Points of Interest & Landmarks & Points of Interest & Landmarks, Europe & Croatia & Istria & Groznjan & Things to Do in Groznjan, 4.5, 45.37882, 13.722924, 424545713, 20161001, 20160901, 4.0, PairADoxCycle, /Profile/PairADoxCycle, 41f5f06777641e547f4e5f716a2361e9, /Attraction_Review-g303807-d4568497-Reviews-Groznjan_Hilltop_village_of_artists_Istria_Croatia-Groznjan_Istria.html
Groznjan Hilltop village of artists&& Istria&& Croatia, 18, 39, Points of Interest & Landmarks & Points of Interest & Landmarks, Europe & Croatia & Istria & Groznjan & Things to Do in Groznjan, 4.5, 45.37882, 13.722924, 424307913, 20161001, 20160901, 5.0, Tan C, /Profile/506tanc, 060e073e3be9c1bb605c701b5ccdfa6b, /Attraction_Review-g303807-d4568497-Reviews-Groznjan_Hilltop_village_of_artists_Istria_Croatia-Groznjan_Istria.html
Groznjan Hilltop village of artists&& Istria&& Croatia, 18, 39, Points of Interest & Landmarks & Points of Interest & Landmarks, Europe & Croatia & Istria & Groznjan & Things to Do in Groznjan, 4.5, 45.37882, 13.722924, 418418103, 20160901, 20160801, 3.0, Olov B, /Profile/197olovb, 7eea4a28b8c0ab8b8554c7fb7e987397, /Attraction_Review-g303807-d4568497-Reviews-Groznjan_Hilltop_village_of_artists_Istria_Croatia-Groznjan_Istria.html
