review_location_name, review_current_page, review_last_page, review_location_type, review_location_breadcrumbs, review_location_rate, location_lat, location_lng, review_id, review_date, review_experience_date, review_rate, user_name, user_link, user_id, parent_url
Sveti Jakov Beach, 17, 50, Beaches & Beaches, Europe & Croatia & Dalmatia & Dubrovnik-Neretva County & Dubrovnik & Things to Do in Dubrovnik, 4.5, 42.635086, 18.130854, 587512657, 20180601, 20180601, 5.0, g00mah, /Profile/g00mah, 4d8c9a930be96f2681f7a1bad259affa, /Attraction_Review-g295371-d3393049-Reviews-Sveti_Jakov_Beach-Dubrovnik_Dubrovnik_Neretva_County_Dalmatia.html
Sveti Jakov Beach, 17, 50, Beaches & Beaches, Europe & Croatia & Dalmatia & Dubrovnik-Neretva County & Dubrovnik & Things to Do in Dubrovnik, 4.5, 42.635086, 18.130854, 586981947, 20180601, 20180501, 5.0, Dolly D, /Profile/dollydib, e3bb906094b6a9ab68df08c25ab2c108, /Attraction_Review-g295371-d3393049-Reviews-Sveti_Jakov_Beach-Dubrovnik_Dubrovnik_Neretva_County_Dalmatia.html
Sveti Jakov Beach, 17, 50, Beaches & Beaches, Europe & Croatia & Dalmatia & Dubrovnik-Neretva County & Dubrovnik & Things to Do in Dubrovnik, 4.5, 42.635086, 18.130854, 586257922, 20180601, 20180501, 4.0, MS06, /Profile/MS06, a00c0fc4b2d05d106c21d3b9df1fc011, /Attraction_Review-g295371-d3393049-Reviews-Sveti_Jakov_Beach-Dubrovnik_Dubrovnik_Neretva_County_Dalmatia.html
Sveti Jakov Beach, 17, 50, Beaches & Beaches, Europe & Croatia & Dalmatia & Dubrovnik-Neretva County & Dubrovnik & Things to Do in Dubrovnik, 4.5, 42.635086, 18.130854, 584071443, 20180501, 20180501, 5.0, Susie R, /Profile/954susier, 28628f6751f9afd5567ef4bd5298cf0d, /Attraction_Review-g295371-d3393049-Reviews-Sveti_Jakov_Beach-Dubrovnik_Dubrovnik_Neretva_County_Dalmatia.html
Sveti Jakov Beach, 17, 50, Beaches & Beaches, Europe & Croatia & Dalmatia & Dubrovnik-Neretva County & Dubrovnik & Things to Do in Dubrovnik, 4.5, 42.635086, 18.130854, 579511040, 20180501, 20180501, 4.0, Kim, /Profile/livelaughadventure, 38fe277b159e3369e6a51e06cb0c5bf5, /Attraction_Review-g295371-d3393049-Reviews-Sveti_Jakov_Beach-Dubrovnik_Dubrovnik_Neretva_County_Dalmatia.html
