review_location_name, review_current_page, review_last_page, review_location_type, review_location_breadcrumbs, review_location_rate, location_lat, location_lng, review_id, review_date, review_experience_date, review_rate, user_name, user_link, user_id, parent_url
Old Town, 1983, 2476, Neighborhoods & Neighborhoods, Europe & Croatia & Dalmatia & Dubrovnik-Neretva County & Dubrovnik & Things to Do in Dubrovnik, 4.5, 42.64129, 18.109331, 229109281, 20140901, 20131101, 5.0, vegancannibal, /Profile/vegancannibal, bf9bb259b04523250479c973517497de, /Attraction_Review-g295371-d550317-Reviews-Old_Town-Dubrovnik_Dubrovnik_Neretva_County_Dalmatia.html
Old Town, 1983, 2476, Neighborhoods & Neighborhoods, Europe & Croatia & Dalmatia & Dubrovnik-Neretva County & Dubrovnik & Things to Do in Dubrovnik, 4.5, 42.64129, 18.109331, 228933334, 20140901, 20140901, 4.0, Sheridan H, /Profile/sheridanhoughton, fe8557d20cb43b92f3a0b5c136c84e96, /Attraction_Review-g295371-d550317-Reviews-Old_Town-Dubrovnik_Dubrovnik_Neretva_County_Dalmatia.html
Old Town, 1983, 2476, Neighborhoods & Neighborhoods, Europe & Croatia & Dalmatia & Dubrovnik-Neretva County & Dubrovnik & Things to Do in Dubrovnik, 4.5, 42.64129, 18.109331, 228916150, 20140901, 20140901, 5.0, Barry R, /Profile/Bazzerr, 530ea37ad5446ba995381b1496688266, /Attraction_Review-g295371-d550317-Reviews-Old_Town-Dubrovnik_Dubrovnik_Neretva_County_Dalmatia.html
Old Town, 1983, 2476, Neighborhoods & Neighborhoods, Europe & Croatia & Dalmatia & Dubrovnik-Neretva County & Dubrovnik & Things to Do in Dubrovnik, 4.5, 42.64129, 18.109331, 228885945, 20140901, 20140901, 5.0, fussy011, /Profile/fussy011, 0dc459cf9972d19f9cc123081baf62d4, /Attraction_Review-g295371-d550317-Reviews-Old_Town-Dubrovnik_Dubrovnik_Neretva_County_Dalmatia.html
Old Town, 1983, 2476, Neighborhoods & Neighborhoods, Europe & Croatia & Dalmatia & Dubrovnik-Neretva County & Dubrovnik & Things to Do in Dubrovnik, 4.5, 42.64129, 18.109331, 228810096, 20140901, 20140901, 5.0, Graham w, /Profile/gwgMimsFlorida, a1a2aa9b55840f294c2a58c48ce9d84b, /Attraction_Review-g295371-d550317-Reviews-Old_Town-Dubrovnik_Dubrovnik_Neretva_County_Dalmatia.html
