review_location_name, review_current_page, review_last_page, review_location_type, review_location_breadcrumbs, review_location_rate, location_lat, location_lng, review_id, review_date, review_experience_date, review_rate, user_name, user_link, user_id, parent_url
War Photo Limited, 222, 234, Specialty Museums & History Museums & Specialty Museums & History Museums, Europe & Croatia & Dalmatia & Dubrovnik-Neretva County & Dubrovnik & Things to Do in Dubrovnik, 4.5, 42.641705, 18.108706, 134518585, 20120701, 20120701, 5.0, lsassock, /Profile/lsassock, 6e39f5d409081740288b462f613be481, /Attraction_Review-g295371-d611022-Reviews-War_Photo_Limited-Dubrovnik_Dubrovnik_Neretva_County_Dalmatia.html
War Photo Limited, 222, 234, Specialty Museums & History Museums & Specialty Museums & History Museums, Europe & Croatia & Dalmatia & Dubrovnik-Neretva County & Dubrovnik & Things to Do in Dubrovnik, 4.5, 42.641705, 18.108706, 134357378, 20120701, 20120701, 4.0, ELW_WP, /Profile/ELW_WP, 22eacdbd75f3dc05071a086006997e3e, /Attraction_Review-g295371-d611022-Reviews-War_Photo_Limited-Dubrovnik_Dubrovnik_Neretva_County_Dalmatia.html
War Photo Limited, 222, 234, Specialty Museums & History Museums & Specialty Museums & History Museums, Europe & Croatia & Dalmatia & Dubrovnik-Neretva County & Dubrovnik & Things to Do in Dubrovnik, 4.5, 42.641705, 18.108706, 134230822, 20120701, 20120601, 5.0, Susanne M, /Profile/977SusanneM, 6c87cf01f68030517acf5df7cc055d31, /Attraction_Review-g295371-d611022-Reviews-War_Photo_Limited-Dubrovnik_Dubrovnik_Neretva_County_Dalmatia.html
War Photo Limited, 222, 234, Specialty Museums & History Museums & Specialty Museums & History Museums, Europe & Croatia & Dalmatia & Dubrovnik-Neretva County & Dubrovnik & Things to Do in Dubrovnik, 4.5, 42.641705, 18.108706, 134174852, 20120701, 20120601, 5.0, Jules29London, /Profile/Jules29London, 665d73bab37fd1e669b49e6323efbe93, /Attraction_Review-g295371-d611022-Reviews-War_Photo_Limited-Dubrovnik_Dubrovnik_Neretva_County_Dalmatia.html
War Photo Limited, 222, 234, Specialty Museums & History Museums & Specialty Museums & History Museums, Europe & Croatia & Dalmatia & Dubrovnik-Neretva County & Dubrovnik & Things to Do in Dubrovnik, 4.5, 42.641705, 18.108706, 134088943, 20120701, 20120701, 3.0, johnowen2004, /Profile/johnowen2004, df8ec0df54953801568a46d9935dde76, /Attraction_Review-g295371-d611022-Reviews-War_Photo_Limited-Dubrovnik_Dubrovnik_Neretva_County_Dalmatia.html
