review_location_name, review_current_page, review_last_page, review_location_type, review_location_breadcrumbs, review_location_rate, location_lat, location_lng, review_id, review_date, review_experience_date, review_rate, user_name, user_link, user_id, parent_url
Historic City of Trogir, 163, 251, Historic Sites & Historic Sites, Europe & Croatia & Dalmatia & Split-Dalmatia County & Trogir & Things to Do in Trogir, 4.5, 43.515614, 16.249449, 333330996, 20151201, 20151001, 5.0, Jens K, /Profile/39jensk, c27e5dd75189a7f34d173424e713dae8, /Attraction_Review-g303838-d523456-Reviews-Historic_City_of_Trogir-Trogir_Split_Dalmatia_County_Dalmatia.html
Historic City of Trogir, 163, 251, Historic Sites & Historic Sites, Europe & Croatia & Dalmatia & Split-Dalmatia County & Trogir & Things to Do in Trogir, 4.5, 43.515614, 16.249449, 330717871, 20151201, 20150901, 5.0, occasionaltravels, /Profile/occasionaltravels, a03ae312e1fd3a77bcc4fedabbaeba00, /Attraction_Review-g303838-d523456-Reviews-Historic_City_of_Trogir-Trogir_Split_Dalmatia_County_Dalmatia.html
Historic City of Trogir, 163, 251, Historic Sites & Historic Sites, Europe & Croatia & Dalmatia & Split-Dalmatia County & Trogir & Things to Do in Trogir, 4.5, 43.515614, 16.249449, 329674107, 20151101, 20150901, 5.0, KirstenS634, /Profile/KirstenS634, 24b1c91ec2beb73ef003731d4f8b6c82, /Attraction_Review-g303838-d523456-Reviews-Historic_City_of_Trogir-Trogir_Split_Dalmatia_County_Dalmatia.html
Historic City of Trogir, 163, 251, Historic Sites & Historic Sites, Europe & Croatia & Dalmatia & Split-Dalmatia County & Trogir & Things to Do in Trogir, 4.5, 43.515614, 16.249449, 329005698, 20151101, 20150601, 5.0, adriankarle, /Profile/adriankarle, c2de2a85f612a46452af7dd17d848f87, /Attraction_Review-g303838-d523456-Reviews-Historic_City_of_Trogir-Trogir_Split_Dalmatia_County_Dalmatia.html
Historic City of Trogir, 163, 251, Historic Sites & Historic Sites, Europe & Croatia & Dalmatia & Split-Dalmatia County & Trogir & Things to Do in Trogir, 4.5, 43.515614, 16.249449, 328923151, 20151101, 20151101, 5.0, Nicola A, /Profile/nicolaa531, e149da9ad966dd87991dcc01e55beb0d, /Attraction_Review-g303838-d523456-Reviews-Historic_City_of_Trogir-Trogir_Split_Dalmatia_County_Dalmatia.html
