review_location_name, review_current_page, review_last_page, review_location_type, review_location_breadcrumbs, review_location_rate, location_lat, location_lng, review_id, review_date, review_experience_date, review_rate, user_name, user_link, user_id, parent_url
Ston City Walls, 45, 76, Points of Interest & Landmarks & Points of Interest & Landmarks, Europe & Croatia & Dalmatia & Dubrovnik-Neretva County & Peljesac Peninsula & Ston & Things to Do in Ston, 4.5, 42.839687, 17.696482, 392436980, 20160701, 20160701, 3.0, ArzuTekinbas, /Profile/ArzuTekinbas, 4ea71e3fe3f8b9c0b355a6e80dc86d40, /Attraction_Review-g608720-d3748647-Reviews-Ston_City_Walls-Ston_Peljesac_Peninsula_Dubrovnik_Neretva_County_Dalmatia.html
Ston City Walls, 45, 76, Points of Interest & Landmarks & Points of Interest & Landmarks, Europe & Croatia & Dalmatia & Dubrovnik-Neretva County & Peljesac Peninsula & Ston & Things to Do in Ston, 4.5, 42.839687, 17.696482, 392118425, 20160701, 20160701, 5.0, Tizimic, /Profile/Tizimic, f6afa20edea6a24faa54685cf65e11b6, /Attraction_Review-g608720-d3748647-Reviews-Ston_City_Walls-Ston_Peljesac_Peninsula_Dubrovnik_Neretva_County_Dalmatia.html
Ston City Walls, 45, 76, Points of Interest & Landmarks & Points of Interest & Landmarks, Europe & Croatia & Dalmatia & Dubrovnik-Neretva County & Peljesac Peninsula & Ston & Things to Do in Ston, 4.5, 42.839687, 17.696482, 391816068, 20160701, 20160701, 3.0, Sonnypest, /Profile/Sonnypest, 25377842c61fb8f9aa92a135488a2a12, /Attraction_Review-g608720-d3748647-Reviews-Ston_City_Walls-Ston_Peljesac_Peninsula_Dubrovnik_Neretva_County_Dalmatia.html
Ston City Walls, 45, 76, Points of Interest & Landmarks & Points of Interest & Landmarks, Europe & Croatia & Dalmatia & Dubrovnik-Neretva County & Peljesac Peninsula & Ston & Things to Do in Ston, 4.5, 42.839687, 17.696482, 391728870, 20160701, 20160701, 5.0, Mercedesmadman, /Profile/Mercedesmadman, 72af7a615dea855ca8a469d52b36792e, /Attraction_Review-g608720-d3748647-Reviews-Ston_City_Walls-Ston_Peljesac_Peninsula_Dubrovnik_Neretva_County_Dalmatia.html
Ston City Walls, 45, 76, Points of Interest & Landmarks & Points of Interest & Landmarks, Europe & Croatia & Dalmatia & Dubrovnik-Neretva County & Peljesac Peninsula & Ston & Things to Do in Ston, 4.5, 42.839687, 17.696482, 390513602, 20160701, 20160701, 4.0, Therese W, /Profile/282theresew, dbc004f306722ea37cb729640df71bac, /Attraction_Review-g608720-d3748647-Reviews-Ston_City_Walls-Ston_Peljesac_Peninsula_Dubrovnik_Neretva_County_Dalmatia.html
