review_location_name, review_current_page, review_last_page, review_location_type, review_location_breadcrumbs, review_location_rate, location_lat, location_lng, review_id, review_date, review_experience_date, review_rate, user_name, user_link, user_id, parent_url
Arco dei Sergi, 31, 72, Architectural Buildings & Architectural Buildings, Europe & Croatia & Istria & Pula & Things to Do in Pula, 4.0, 44.86799, 13.84784, 508607387, 20170801, 20170801, 5.0, love2travel, /Profile/187ronanm, e6000f55666cd638f003b2081ee4ebd1, /Attraction_Review-g295373-d553242-Reviews-Arco_dei_Sergi-Pula_Istria.html
Arco dei Sergi, 31, 72, Architectural Buildings & Architectural Buildings, Europe & Croatia & Istria & Pula & Things to Do in Pula, 4.0, 44.86799, 13.84784, 507817089, 20170801, 20170801, 3.0, JonDoe04134, /Profile/JonDoe04134, 044d128952528dd3575308e40159cdbb, /Attraction_Review-g295373-d553242-Reviews-Arco_dei_Sergi-Pula_Istria.html
Arco dei Sergi, 31, 72, Architectural Buildings & Architectural Buildings, Europe & Croatia & Istria & Pula & Things to Do in Pula, 4.0, 44.86799, 13.84784, 507344560, 20170701, 20170701, 4.0, Travel Time, /Profile/Erandoulis, 1a1a05b5151a1346193b9b6680ffb4f0, /Attraction_Review-g295373-d553242-Reviews-Arco_dei_Sergi-Pula_Istria.html
Arco dei Sergi, 31, 72, Architectural Buildings & Architectural Buildings, Europe & Croatia & Istria & Pula & Things to Do in Pula, 4.0, 44.86799, 13.84784, 507063233, 20170701, 20170601, 4.0, Maxi M, /Profile/MaxiM928, e1231f345c8c36d21279553c75a1ab68, /Attraction_Review-g295373-d553242-Reviews-Arco_dei_Sergi-Pula_Istria.html
Arco dei Sergi, 31, 72, Architectural Buildings & Architectural Buildings, Europe & Croatia & Istria & Pula & Things to Do in Pula, 4.0, 44.86799, 13.84784, 506973681, 20170701, 20170701, 4.0, Bill  B, /Profile/billgb2015, 6f8b499fbeeb074f5cc31f7949495ea9, /Attraction_Review-g295373-d553242-Reviews-Arco_dei_Sergi-Pula_Istria.html
