review_location_name, review_current_page, review_last_page, review_location_type, review_location_breadcrumbs, review_location_rate, location_lat, location_lng, review_id, review_date, review_experience_date, review_rate, user_name, user_link, user_id, parent_url
The Lower Lakes, 43, 46, Bodies of Water & Waterfalls & Bodies of Water & Waterfalls, Europe & Croatia & Central Croatia & Plitvice Lakes National Park & Things to Do in Plitvice Lakes National Park, 5.0, 44.899807, 15.611369, 178238677, 20130901, 20130901, 5.0, varsha156, /Profile/varsha156, c58b9ead97fb8d52d47bf2fc6babd8ac, /Attraction_Review-g303827-d553309-Reviews-The_Lower_Lakes-Plitvice_Lakes_National_Park_Central_Croatia.html
The Lower Lakes, 43, 46, Bodies of Water & Waterfalls & Bodies of Water & Waterfalls, Europe & Croatia & Central Croatia & Plitvice Lakes National Park & Things to Do in Plitvice Lakes National Park, 5.0, 44.899807, 15.611369, 175058938, 20130901, 20130801, 5.0, Mark L, /Profile/629markl, 2fc792d9bcdb6756edfcc51fe178a5cc, /Attraction_Review-g303827-d553309-Reviews-The_Lower_Lakes-Plitvice_Lakes_National_Park_Central_Croatia.html
The Lower Lakes, 43, 46, Bodies of Water & Waterfalls & Bodies of Water & Waterfalls, Europe & Croatia & Central Croatia & Plitvice Lakes National Park & Things to Do in Plitvice Lakes National Park, 5.0, 44.899807, 15.611369, 174343426, 20130801, 20130801, 5.0, AustralianOnTour, /Profile/AustralianOnTour, dd47e84cc0373850c063719c515bd179, /Attraction_Review-g303827-d553309-Reviews-The_Lower_Lakes-Plitvice_Lakes_National_Park_Central_Croatia.html
The Lower Lakes, 43, 46, Bodies of Water & Waterfalls & Bodies of Water & Waterfalls, Europe & Croatia & Central Croatia & Plitvice Lakes National Park & Things to Do in Plitvice Lakes National Park, 5.0, 44.899807, 15.611369, 172523813, 20130801, 20130801, 5.0, Catherine C, /Profile/731catherinec, 0f76a6e65c42e449cf10ddbccf30293f, /Attraction_Review-g303827-d553309-Reviews-The_Lower_Lakes-Plitvice_Lakes_National_Park_Central_Croatia.html
The Lower Lakes, 43, 46, Bodies of Water & Waterfalls & Bodies of Water & Waterfalls, Europe & Croatia & Central Croatia & Plitvice Lakes National Park & Things to Do in Plitvice Lakes National Park, 5.0, 44.899807, 15.611369, 164305820, 20130601, 20130501, 5.0, Pej60, /Profile/Pej60, 09c6421ae30809eb310549275fa4a44f, /Attraction_Review-g303827-d553309-Reviews-The_Lower_Lakes-Plitvice_Lakes_National_Park_Central_Croatia.html
