review_location_name, review_current_page, review_last_page, review_location_type, review_location_breadcrumbs, review_location_rate, location_lat, location_lng, review_id, review_date, review_experience_date, review_rate, user_name, user_link, user_id, parent_url
Tvrdava Fortica, 122, 332, Historic Sites & Lookouts & Historic Sites & Lookouts, Europe & Croatia & Dalmatia & Split-Dalmatia County & Hvar Island & Hvar & Things to Do in Hvar, 4.5, 43.17228, 16.4482, 500343823, 20170701, 20170601, 5.0, BonChicJMB, /Profile/BonChicJMB, 0c1781bd3044eaf840330b882c0de0eb, /Attraction_Review-g303808-d552473-Reviews-Tvrdava_Fortica-Hvar_Hvar_Island_Split_Dalmatia_County_Dalmatia.html
Tvrdava Fortica, 122, 332, Historic Sites & Lookouts & Historic Sites & Lookouts, Europe & Croatia & Dalmatia & Split-Dalmatia County & Hvar Island & Hvar & Things to Do in Hvar, 4.5, 43.17228, 16.4482, 500292181, 20170701, 20170701, 4.0, amy g, /Profile/335amyg, 2a4da3b4106d7a0a14721a1429c045fe, /Attraction_Review-g303808-d552473-Reviews-Tvrdava_Fortica-Hvar_Hvar_Island_Split_Dalmatia_County_Dalmatia.html
Tvrdava Fortica, 122, 332, Historic Sites & Lookouts & Historic Sites & Lookouts, Europe & Croatia & Dalmatia & Split-Dalmatia County & Hvar Island & Hvar & Things to Do in Hvar, 4.5, 43.17228, 16.4482, 500044378, 20170701, 20170701, 5.0, John H, /Profile/N8255SNjohnh, 958190728a13ae3209d334d67f94759b, /Attraction_Review-g303808-d552473-Reviews-Tvrdava_Fortica-Hvar_Hvar_Island_Split_Dalmatia_County_Dalmatia.html
Tvrdava Fortica, 122, 332, Historic Sites & Lookouts & Historic Sites & Lookouts, Europe & Croatia & Dalmatia & Split-Dalmatia County & Hvar Island & Hvar & Things to Do in Hvar, 4.5, 43.17228, 16.4482, 499911527, 20170701, 20170701, 5.0, Christopher M, /Profile/christophermD2004QK, 11b97c163f930dc4399853ccfb700903, /Attraction_Review-g303808-d552473-Reviews-Tvrdava_Fortica-Hvar_Hvar_Island_Split_Dalmatia_County_Dalmatia.html
Tvrdava Fortica, 122, 332, Historic Sites & Lookouts & Historic Sites & Lookouts, Europe & Croatia & Dalmatia & Split-Dalmatia County & Hvar Island & Hvar & Things to Do in Hvar, 4.5, 43.17228, 16.4482, 499764222, 20170701, 20170701, 4.0, Minnie, /Profile/Joojoo12, 17cfa11b78dbbdc1ecdbb995bb56a20d, /Attraction_Review-g303808-d552473-Reviews-Tvrdava_Fortica-Hvar_Hvar_Island_Split_Dalmatia_County_Dalmatia.html
