review_location_name, review_current_page, review_last_page, review_location_type, review_location_breadcrumbs, review_location_rate, location_lat, location_lng, review_id, review_date, review_experience_date, review_rate, user_name, user_link, user_id, parent_url
Palazzo di Diocleziano, 896, 1071, Historic Sites & Historic Walking Areas & Historic Sites & Historic Walking Areas, Europe & Croatia & Dalmatia & Split-Dalmatia County & Split & Things to Do in Split, 4.5, 43.50869, 16.440294, 240833540, 20141101, 20141101, 5.0, thehappytraveler5, /Profile/thehappytraveler5, ccea63bd9f32e1398a35e07a53441a9c, /Attraction_Review-g295370-d317704-Reviews-Palazzo_di_Diocleziano-Split_Split_Dalmatia_County_Dalmatia.html
Palazzo di Diocleziano, 896, 1071, Historic Sites & Historic Walking Areas & Historic Sites & Historic Walking Areas, Europe & Croatia & Dalmatia & Split-Dalmatia County & Split & Things to Do in Split, 4.5, 43.50869, 16.440294, 240826778, 20141101, 20140801, 5.0, Mery J, /Profile/449meryj, fe276dadd3f19955dc7f20cf257c2a73, /Attraction_Review-g295370-d317704-Reviews-Palazzo_di_Diocleziano-Split_Split_Dalmatia_County_Dalmatia.html
Palazzo di Diocleziano, 896, 1071, Historic Sites & Historic Walking Areas & Historic Sites & Historic Walking Areas, Europe & Croatia & Dalmatia & Split-Dalmatia County & Split & Things to Do in Split, 4.5, 43.50869, 16.440294, 240801272, 20141101, 20141101, 5.0, Bob S, /Profile/331bobs, 2944a2af85d195153c71695bc80af4c4, /Attraction_Review-g295370-d317704-Reviews-Palazzo_di_Diocleziano-Split_Split_Dalmatia_County_Dalmatia.html
Palazzo di Diocleziano, 896, 1071, Historic Sites & Historic Walking Areas & Historic Sites & Historic Walking Areas, Europe & Croatia & Dalmatia & Split-Dalmatia County & Split & Things to Do in Split, 4.5, 43.50869, 16.440294, 240757363, 20141101, 20141101, 5.0, A L, /Profile/AL330, 4fe5924229b93b6c6f582be76e113881, /Attraction_Review-g295370-d317704-Reviews-Palazzo_di_Diocleziano-Split_Split_Dalmatia_County_Dalmatia.html
Palazzo di Diocleziano, 896, 1071, Historic Sites & Historic Walking Areas & Historic Sites & Historic Walking Areas, Europe & Croatia & Dalmatia & Split-Dalmatia County & Split & Things to Do in Split, 4.5, 43.50869, 16.440294, 240707134, 20141101, 20141101, 4.0, David G, /Profile/D2353DIdavidg, 650eed30ac1c0daac9a85249baa34df8, /Attraction_Review-g295370-d317704-Reviews-Palazzo_di_Diocleziano-Split_Split_Dalmatia_County_Dalmatia.html
