review_location_name, review_current_page, review_last_page, review_location_type, review_location_breadcrumbs, review_location_rate, location_lat, location_lng, review_id, review_date, review_experience_date, review_rate, user_name, user_link, user_id, parent_url
Decumanus Street, 6, 18, Historic Sites & Points of Interest & Landmarks & Architectural Buildings & Historic Sites & Points of Interest & Landmarks & Architectural Buildings, Europe & Croatia & Istria & Porec & Things to Do in Porec, 4.0, 45.227776, 13.594044, 604675955, 20180801, 20180701, 5.0, Sandygranny, /Profile/Sandygranny, d79aff9a902e34f116901a38e7840cb6, /Attraction_Review-g303829-d7984088-Reviews-Decumanus_Street-Porec_Istria.html
Decumanus Street, 6, 18, Historic Sites & Points of Interest & Landmarks & Architectural Buildings & Historic Sites & Points of Interest & Landmarks & Architectural Buildings, Europe & Croatia & Istria & Porec & Things to Do in Porec, 4.0, 45.227776, 13.594044, 603532392, 20180801, 20180701, 5.0, lutakmoj, /Profile/lutakmoj, e32fed702ceadad6c648f4c2067f2a05, /Attraction_Review-g303829-d7984088-Reviews-Decumanus_Street-Porec_Istria.html
Decumanus Street, 6, 18, Historic Sites & Points of Interest & Landmarks & Architectural Buildings & Historic Sites & Points of Interest & Landmarks & Architectural Buildings, Europe & Croatia & Istria & Porec & Things to Do in Porec, 4.0, 45.227776, 13.594044, 599948968, 20180701, 20180701, 5.0, Famseeker, /Profile/Famseeker, 20873a745709bd9bd9b3f919bac0b500, /Attraction_Review-g303829-d7984088-Reviews-Decumanus_Street-Porec_Istria.html
Decumanus Street, 6, 18, Historic Sites & Points of Interest & Landmarks & Architectural Buildings & Historic Sites & Points of Interest & Landmarks & Architectural Buildings, Europe & Croatia & Istria & Porec & Things to Do in Porec, 4.0, 45.227776, 13.594044, 599016875, 20180701, 20180701, 4.0, SteenDam48, /Profile/SteenDam48, 1e5bcbd3c91f81cd5d4bb2551da8a7be, /Attraction_Review-g303829-d7984088-Reviews-Decumanus_Street-Porec_Istria.html
Decumanus Street, 6, 18, Historic Sites & Points of Interest & Landmarks & Architectural Buildings & Historic Sites & Points of Interest & Landmarks & Architectural Buildings, Europe & Croatia & Istria & Porec & Things to Do in Porec, 4.0, 45.227776, 13.594044, 598541740, 20180701, 20180701, 3.0, lekom2017, /Profile/lekom2017, 54549764d0dd083471f0c00b812f7bdc, /Attraction_Review-g303829-d7984088-Reviews-Decumanus_Street-Porec_Istria.html
