review_location_name, review_current_page, review_last_page, review_location_type, review_location_breadcrumbs, review_location_rate, location_lat, location_lng, review_id, review_date, review_experience_date, review_rate, user_name, user_link, user_id, parent_url
Ston City Walls, 20, 76, Points of Interest & Landmarks & Points of Interest & Landmarks, Europe & Croatia & Dalmatia & Dubrovnik-Neretva County & Peljesac Peninsula & Ston & Things to Do in Ston, 4.5, 42.839687, 17.696482, 589923469, 20180601, 20180501, 5.0, Jeanius421, /Profile/Jeanius421, c754a4699074cdd2879f6647604e3e7f, /Attraction_Review-g608720-d3748647-Reviews-Ston_City_Walls-Ston_Peljesac_Peninsula_Dubrovnik_Neretva_County_Dalmatia.html
Ston City Walls, 20, 76, Points of Interest & Landmarks & Points of Interest & Landmarks, Europe & Croatia & Dalmatia & Dubrovnik-Neretva County & Peljesac Peninsula & Ston & Things to Do in Ston, 4.5, 42.839687, 17.696482, 583964663, 20180501, 20180501, 4.0, nadi O o, /Profile/nadioo, 0c4c066fd09bed95249fb4308ec0e4f8, /Attraction_Review-g608720-d3748647-Reviews-Ston_City_Walls-Ston_Peljesac_Peninsula_Dubrovnik_Neretva_County_Dalmatia.html
Ston City Walls, 20, 76, Points of Interest & Landmarks & Points of Interest & Landmarks, Europe & Croatia & Dalmatia & Dubrovnik-Neretva County & Peljesac Peninsula & Ston & Things to Do in Ston, 4.5, 42.839687, 17.696482, 583662869, 20180501, 20180501, 4.0, Anita T, /Profile/830anitat, b0167d731c44bcdef19a8023919a1f33, /Attraction_Review-g608720-d3748647-Reviews-Ston_City_Walls-Ston_Peljesac_Peninsula_Dubrovnik_Neretva_County_Dalmatia.html
Ston City Walls, 20, 76, Points of Interest & Landmarks & Points of Interest & Landmarks, Europe & Croatia & Dalmatia & Dubrovnik-Neretva County & Peljesac Peninsula & Ston & Things to Do in Ston, 4.5, 42.839687, 17.696482, 582415518, 20180501, 20180501, 5.0, 566Nickyyyy, /Profile/566Nickyyyy, 78d2026eae68c04d7595809847003667, /Attraction_Review-g608720-d3748647-Reviews-Ston_City_Walls-Ston_Peljesac_Peninsula_Dubrovnik_Neretva_County_Dalmatia.html
Ston City Walls, 20, 76, Points of Interest & Landmarks & Points of Interest & Landmarks, Europe & Croatia & Dalmatia & Dubrovnik-Neretva County & Peljesac Peninsula & Ston & Things to Do in Ston, 4.5, 42.839687, 17.696482, 581776388, 20180501, 20180501, 5.0, GumnaJaane, /Profile/GumnaJaane, 6b8d2de17eacfb501ba9912ac6e1ea5d, /Attraction_Review-g608720-d3748647-Reviews-Ston_City_Walls-Ston_Peljesac_Peninsula_Dubrovnik_Neretva_County_Dalmatia.html
