review_location_name, review_current_page, review_last_page, review_location_type, review_location_breadcrumbs, review_location_rate, location_lat, location_lng, review_id, review_date, review_experience_date, review_rate, user_name, user_link, user_id, parent_url
War Photo Limited, 219, 234, Specialty Museums & History Museums & Specialty Museums & History Museums, Europe & Croatia & Dalmatia & Dubrovnik-Neretva County & Dubrovnik & Things to Do in Dubrovnik, 4.5, 42.641705, 18.108706, 137521115, 20120801, 20120801, 5.0, DebsieDee, /Profile/DebsieDee, 9179000434230e0693d0c63baf60ecd0, /Attraction_Review-g295371-d611022-Reviews-War_Photo_Limited-Dubrovnik_Dubrovnik_Neretva_County_Dalmatia.html
War Photo Limited, 219, 234, Specialty Museums & History Museums & Specialty Museums & History Museums, Europe & Croatia & Dalmatia & Dubrovnik-Neretva County & Dubrovnik & Things to Do in Dubrovnik, 4.5, 42.641705, 18.108706, 137093839, 20120801, 20120801, 5.0, MichelleBrighton, /Profile/MichelleBrighton, 96d9808534f8272ca2b30cd164247929, /Attraction_Review-g295371-d611022-Reviews-War_Photo_Limited-Dubrovnik_Dubrovnik_Neretva_County_Dalmatia.html
War Photo Limited, 219, 234, Specialty Museums & History Museums & Specialty Museums & History Museums, Europe & Croatia & Dalmatia & Dubrovnik-Neretva County & Dubrovnik & Things to Do in Dubrovnik, 4.5, 42.641705, 18.108706, 137004537, 20120801, 20120801, 4.0, RednotTan, /Profile/RednotTan, caa4b0b83e4976fb85de6e1ae3574685, /Attraction_Review-g295371-d611022-Reviews-War_Photo_Limited-Dubrovnik_Dubrovnik_Neretva_County_Dalmatia.html
War Photo Limited, 219, 234, Specialty Museums & History Museums & Specialty Museums & History Museums, Europe & Croatia & Dalmatia & Dubrovnik-Neretva County & Dubrovnik & Things to Do in Dubrovnik, 4.5, 42.641705, 18.108706, 136991391, 20120801, 20120801, 5.0, Lucyrodda, /Profile/Lucyrodda, 07158dc803c174c63c0d556b6d76ded0, /Attraction_Review-g295371-d611022-Reviews-War_Photo_Limited-Dubrovnik_Dubrovnik_Neretva_County_Dalmatia.html
War Photo Limited, 219, 234, Specialty Museums & History Museums & Specialty Museums & History Museums, Europe & Croatia & Dalmatia & Dubrovnik-Neretva County & Dubrovnik & Things to Do in Dubrovnik, 4.5, 42.641705, 18.108706, 136842871, 20120801, 20120801, 5.0, MrCriticise, /Profile/MrCriticise, e353532ba39baac62d4eeb72584c81e3, /Attraction_Review-g295371-d611022-Reviews-War_Photo_Limited-Dubrovnik_Dubrovnik_Neretva_County_Dalmatia.html
