review_location_name, review_current_page, review_last_page, review_location_type, review_location_breadcrumbs, review_location_rate, location_lat, location_lng, review_id, review_date, review_experience_date, review_rate, user_name, user_link, user_id, parent_url
Tkalčićeva, 49, 210, Points of Interest & Landmarks & Points of Interest & Landmarks, Europe & Croatia & Central Croatia & Zagreb & Things to Do in Zagreb, 4.5, 45.814533, 15.97622, 538449753, 20171101, 20171001, 5.0, cherryplumUk, /Profile/cherryplumUk, b7471c04273dab3676d1c3602c86a3a9, /Attraction_Review-g294454-d549763-Reviews-Tkalciceva-Zagreb_Central_Croatia.html
Tkalčićeva, 49, 210, Points of Interest & Landmarks & Points of Interest & Landmarks, Europe & Croatia & Central Croatia & Zagreb & Things to Do in Zagreb, 4.5, 45.814533, 15.97622, 538354730, 20171101, 20170901, 5.0, Ralph1803, /Profile/Ralph1803, 2d42ff0fd8cbc456231229a601745821, /Attraction_Review-g294454-d549763-Reviews-Tkalciceva-Zagreb_Central_Croatia.html
Tkalčićeva, 49, 210, Points of Interest & Landmarks & Points of Interest & Landmarks, Europe & Croatia & Central Croatia & Zagreb & Things to Do in Zagreb, 4.5, 45.814533, 15.97622, 537954844, 20171101, 20170901, 4.0, 969richardr, /Profile/969richardr, 676e35a46cfb2aa3bad201c42e7c07e1, /Attraction_Review-g294454-d549763-Reviews-Tkalciceva-Zagreb_Central_Croatia.html
Tkalčićeva, 49, 210, Points of Interest & Landmarks & Points of Interest & Landmarks, Europe & Croatia & Central Croatia & Zagreb & Things to Do in Zagreb, 4.5, 45.814533, 15.97622, 537675730, 20171101, 20171001, 5.0, mvprofit, /Profile/mvprofit, a211b8a6cd882c45a054e2702dbb8016, /Attraction_Review-g294454-d549763-Reviews-Tkalciceva-Zagreb_Central_Croatia.html
Tkalčićeva, 49, 210, Points of Interest & Landmarks & Points of Interest & Landmarks, Europe & Croatia & Central Croatia & Zagreb & Things to Do in Zagreb, 4.5, 45.814533, 15.97622, 536910198, 20171001, 20170701, 5.0, Andrea I, /Profile/andreai485, 4ef9af0d1879744ddef7d2b8b64e2d6a, /Attraction_Review-g294454-d549763-Reviews-Tkalciceva-Zagreb_Central_Croatia.html
