review_location_name, review_current_page, review_last_page, review_location_type, review_location_breadcrumbs, review_location_rate, location_lat, location_lng, review_id, review_date, review_experience_date, review_rate, user_name, user_link, user_id, parent_url
Dubovica Beach, 39, 46, Beaches & Beaches, Europe & Croatia & Dalmatia & Split-Dalmatia County & Zarace & Things to Do in Zarace, 4.5, 43.14598, 16.534231, 210471695, 20140601, 20140601, 5.0, Inga L, /Profile/615ingal, 26e0a17b213fec98a2e1faeadc7f5605, /Attraction_Review-g16740627-d552471-Reviews-Dubovica_Beach-Zarace_Split_Dalmatia_County_Dalmatia.html
Dubovica Beach, 39, 46, Beaches & Beaches, Europe & Croatia & Dalmatia & Split-Dalmatia County & Zarace & Things to Do in Zarace, 4.5, 43.14598, 16.534231, 208740378, 20140601, 20140501, 5.0, Jack S, /Profile/C5643MPjacks, d9d6a93dcbf15b264a808bdbce5eec8e, /Attraction_Review-g16740627-d552471-Reviews-Dubovica_Beach-Zarace_Split_Dalmatia_County_Dalmatia.html
Dubovica Beach, 39, 46, Beaches & Beaches, Europe & Croatia & Dalmatia & Split-Dalmatia County & Zarace & Things to Do in Zarace, 4.5, 43.14598, 16.534231, 208662165, 20140601, 20140501, 5.0, Paula C, /Profile/paulac864, 3628c6affc2e72ad5079e3847aa04ca6, /Attraction_Review-g16740627-d552471-Reviews-Dubovica_Beach-Zarace_Split_Dalmatia_County_Dalmatia.html
Dubovica Beach, 39, 46, Beaches & Beaches, Europe & Croatia & Dalmatia & Split-Dalmatia County & Zarace & Things to Do in Zarace, 4.5, 43.14598, 16.534231, 207883450, 20140501, 20140501, 5.0, Joe T, /Profile/joet432, 1524c71c7031f3be0814c2a94a0dfc85, /Attraction_Review-g16740627-d552471-Reviews-Dubovica_Beach-Zarace_Split_Dalmatia_County_Dalmatia.html
Dubovica Beach, 39, 46, Beaches & Beaches, Europe & Croatia & Dalmatia & Split-Dalmatia County & Zarace & Things to Do in Zarace, 4.5, 43.14598, 16.534231, 207792193, 20140501, 20130901, 5.0, Milena H, /Profile/699milenah, 9112b26ba87b2fc90bd0aee781572658, /Attraction_Review-g16740627-d552471-Reviews-Dubovica_Beach-Zarace_Split_Dalmatia_County_Dalmatia.html
