attraction_name, attraction_rate, attraction_type, attraction_url, attraction_parent_url
Erd Minaret, 5.0, Sights & Landmarks, /Attraction_Review-g660490-d12964318-Reviews-Erd_Minaret-Erd_Pest_County_Central_Hungary.html, /Attractions-g660490-Activities-Erd_Pest_County_Central_Hungary.html
Fundoklia Valley, 3.0, Nature & Parks, /Attraction_Review-g660490-d15275059-Reviews-Fundoklia_Valley-Erd_Pest_County_Central_Hungary.html, /Attractions-g660490-Activities-Erd_Pest_County_Central_Hungary.html
Magyar Foldrajzi Muzeum, 5.0, Museums, /Attraction_Review-g660490-d15191036-Reviews-Magyar_Foldrajzi_Muzeum-Erd_Pest_County_Central_Hungary.html, /Attractions-g660490-Activities-Erd_Pest_County_Central_Hungary.html
Erd-Postastelep Karmelhegyi Boldogasszony Plebania, 5.0, Sights & Landmarks, /Attraction_Review-g660490-d19241844-Reviews-Erd_Postastelep_Karmelhegyi_Boldogasszony_Plebania-Erd_Pest_County_Central_Hunga.html, /Attractions-g660490-Activities-Erd_Pest_County_Central_Hungary.html
Érd Arena, 4.0, Fun & Games, /Attraction_Review-g660490-d10108796-Reviews-Erd_Arena-Erd_Pest_County_Central_Hungary.html, /Attractions-g660490-Activities-Erd_Pest_County_Central_Hungary.html
Funrafting, 5.0, Boat Tours & Water Sports, /Attraction_Review-g660490-d17585880-Reviews-Funrafting-Erd_Pest_County_Central_Hungary.html, /Attractions-g660490-Activities-Erd_Pest_County_Central_Hungary.html
Barokk Kokereszt, 5.0, Sights & Landmarks, /Attraction_Review-g660490-d20323403-Reviews-Barokk_Kokereszt-Erd_Pest_County_Central_Hungary.html, /Attractions-g660490-Activities-Erd_Pest_County_Central_Hungary.html
Kutyavar, None, Sights & Landmarks, /Attraction_Review-g660490-d15205841-Reviews-Kutyavar-Erd_Pest_County_Central_Hungary.html, /Attractions-g660490-Activities-Erd_Pest_County_Central_Hungary.html
Noel tanya, None, Zoos & Aquariums, /Attraction_Review-g660490-d15207984-Reviews-Noel_tanya-Erd_Pest_County_Central_Hungary.html, /Attractions-g660490-Activities-Erd_Pest_County_Central_Hungary.html
Saint Michael Church, None, Sights & Landmarks, /Attraction_Review-g660490-d20368226-Reviews-Saint_Michael_Church-Erd_Pest_County_Central_Hungary.html, /Attractions-g660490-Activities-Erd_Pest_County_Central_Hungary.html
Szent Walburga Szobra, None, Sights & Landmarks, /Attraction_Review-g660490-d20368259-Reviews-Szent_Walburga_Szobra-Erd_Pest_County_Central_Hungary.html, /Attractions-g660490-Activities-Erd_Pest_County_Central_Hungary.html
