attraction_name, attraction_rate, attraction_type, attraction_url, attraction_parent_url
Ludwig Museum of Contemporary Art, 4.0, Museums, /Attraction_Review-g274887-d276805-Reviews-Ludwig_Museum_of_Contemporary_Art-Budapest_Central_Hungary.html, /Attractions-g274887-Activities-Budapest_Central_Hungary.html
Elizabeth Square, 4.0, Sights & Landmarks, /Attraction_Review-g274887-d10500824-Reviews-Elizabeth_Square-Budapest_Central_Hungary.html, /Attractions-g274887-Activities-Budapest_Central_Hungary.html
Budapest History Museum, 3.5, Museums, /Attraction_Review-g274887-d276807-Reviews-Budapest_History_Museum-Budapest_Central_Hungary.html, /Attractions-g274887-Activities-Budapest_Central_Hungary.html
In memoriam 1956. October 25. Memorial and Exhibition, 4.5, Museums, /Attraction_Review-g274887-d12654188-Reviews-In_memoriam_1956_October_25_Memorial_and_Exhibition-Budapest_Central_Hungary.html, /Attractions-g274887-Activities-Budapest_Central_Hungary.html
Monument to Imre Nagy/Remembrance Day (Oct. 23), 4.0, Sights & Landmarks, /Attraction_Review-g274887-d546227-Reviews-Monument_to_Imre_Nagy_Remembrance_Day_Oct_23-Budapest_Central_Hungary.html, /Attractions-g274887-Activities-Budapest_Central_Hungary.html
Victor Vasarely Museum, 4.5, Museums, /Attraction_Review-g274887-d526973-Reviews-Victor_Vasarely_Museum-Budapest_Central_Hungary.html, /Attractions-g274887-Activities-Budapest_Central_Hungary.html
Attila Jozsef Statue, 4.0, Sights & Landmarks, /Attraction_Review-g274887-d8822714-Reviews-Attila_Jozsef_Statue-Budapest_Central_Hungary.html, /Attractions-g274887-Activities-Budapest_Central_Hungary.html
St. Stephen's Square, 4.0, Sights & Landmarks, /Attraction_Review-g274887-d10771912-Reviews-St_Stephen_s_Square-Budapest_Central_Hungary.html, /Attractions-g274887-Activities-Budapest_Central_Hungary.html
Memorial to the Victims of the German Invasion, 4.0, Sights & Landmarks, /Attraction_Review-g274887-d7981192-Reviews-Memorial_to_the_Victims_of_the_German_Invasion-Budapest_Central_Hungary.html, /Attractions-g274887-Activities-Budapest_Central_Hungary.html
Girl With Her Dog Statue, 4.0, Sights & Landmarks, /Attraction_Review-g274887-d7085322-Reviews-Girl_With_Her_Dog_Statue-Budapest_Central_Hungary.html, /Attractions-g274887-Activities-Budapest_Central_Hungary.html
Budapest-Keleti, 3.5, Sights & Landmarks, /Attraction_Review-g274887-d3224728-Reviews-Budapest_Keleti-Budapest_Central_Hungary.html, /Attractions-g274887-Activities-Budapest_Central_Hungary.html
Robert Capa Contemporary Photography Center, 4.5, Museums, /Attraction_Review-g274887-d6878375-Reviews-Robert_Capa_Contemporary_Photography_Center-Budapest_Central_Hungary.html, /Attractions-g274887-Activities-Budapest_Central_Hungary.html
Budatower, 4.0, Sights & Landmarks, /Attraction_Review-g274887-d5030975-Reviews-Budatower-Budapest_Central_Hungary.html, /Attractions-g274887-Activities-Budapest_Central_Hungary.html
Papp László Budapest Sports Arena, 4.0, Sights & Landmarks, /Attraction_Review-g274887-d10771906-Reviews-Papp_Laszlo_Budapest_Sports_Arena-Budapest_Central_Hungary.html, /Attractions-g274887-Activities-Budapest_Central_Hungary.html
Gozsdu Weekend Market, 4.0, Shopping, /Attraction_Review-g274887-d11891479-Reviews-Gozsdu_Weekend_Market-Budapest_Central_Hungary.html, /Attractions-g274887-Activities-Budapest_Central_Hungary.html
St Michael's Church, 4.0, Sights & Landmarks, /Attraction_Review-g274887-d3822455-Reviews-St_Michael_s_Church-Budapest_Central_Hungary.html, /Attractions-g274887-Activities-Budapest_Central_Hungary.html
Hungarian Orthodox Cathedral of Our Lady, 4.5, Sights & Landmarks, /Attraction_Review-g274887-d8728424-Reviews-Hungarian_Orthodox_Cathedral_of_Our_Lady-Budapest_Central_Hungary.html, /Attractions-g274887-Activities-Budapest_Central_Hungary.html
Holy Trinity Column, 4.0, Sights & Landmarks, /Attraction_Review-g274887-d276880-Reviews-Holy_Trinity_Column-Budapest_Central_Hungary.html, /Attractions-g274887-Activities-Budapest_Central_Hungary.html
Vidam Park, 4.0, Water & Amusement Parks, /Attraction_Review-g274887-d526974-Reviews-Vidam_Park-Budapest_Central_Hungary.html, /Attractions-g274887-Activities-Budapest_Central_Hungary.html
Ronald Reagan Statue, 4.0, Sights & Landmarks, /Attraction_Review-g274887-d6485990-Reviews-Ronald_Reagan_Statue-Budapest_Central_Hungary.html, /Attractions-g274887-Activities-Budapest_Central_Hungary.html
Szemlo-Hegyi Barlang (Showcave), 4.5, Nature & Parks, /Attraction_Review-g274887-d553476-Reviews-Szemlo_Hegyi_Barlang_Showcave-Budapest_Central_Hungary.html, /Attractions-g274887-Activities-Budapest_Central_Hungary.html
Budapest Plage, 4.5, Nature & Parks, /Attraction_Review-g274887-d573877-Reviews-Budapest_Plage-Budapest_Central_Hungary.html, /Attractions-g274887-Activities-Budapest_Central_Hungary.html
Ecseri Flea Market (Ecseri bolhapiac), 3.5, Shopping, /Attraction_Review-g274887-d670573-Reviews-Ecseri_Flea_Market_Ecseri_bolhapiac-Budapest_Central_Hungary.html, /Attractions-g274887-Activities-Budapest_Central_Hungary.html
Liszt Ferenc Square, 4.0, Sights & Landmarks, /Attraction_Review-g274887-d1482748-Reviews-Liszt_Ferenc_Square-Budapest_Central_Hungary.html, /Attractions-g274887-Activities-Budapest_Central_Hungary.html
Elizabeth Lookout, 5.0, Sights & Landmarks, /Attraction_Review-g274887-d13877875-Reviews-Elizabeth_Lookout-Budapest_Central_Hungary.html, /Attractions-g274887-Activities-Budapest_Central_Hungary.html
Garden of Philosophy, 4.5, Nature & Parks, /Attraction_Review-g274887-d4817679-Reviews-Garden_of_Philosophy-Budapest_Central_Hungary.html, /Attractions-g274887-Activities-Budapest_Central_Hungary.html
Bud Spencer Statue, 4.5, Sights & Landmarks, /Attraction_Review-g274887-d13184096-Reviews-Bud_Spencer_Statue-Budapest_Central_Hungary.html, /Attractions-g274887-Activities-Budapest_Central_Hungary.html
Elisabeth Bridge, 4.0, Sights & Landmarks, /Attraction_Review-g274887-d3661539-Reviews-Elisabeth_Bridge-Budapest_Central_Hungary.html, /Attractions-g274887-Activities-Budapest_Central_Hungary.html
Király Street, 4.0, Other, /Attraction_Review-g274887-d12432035-Reviews-Kiraly_Street-Budapest_Central_Hungary.html, /Attractions-g274887-Activities-Budapest_Central_Hungary.html
Semmelweis Museum of Medical History (Orvostorteneti Muzeum), 4.0, Museums, /Attraction_Review-g274887-d526988-Reviews-Semmelweis_Museum_of_Medical_History_Orvostorteneti_Muzeum-Budapest_Central_Hungar.html, /Attractions-g274887-Activities-Budapest_Central_Hungary.html
