attraction_name, attraction_rate, attraction_type, attraction_url, attraction_parent_url
Tagore Promenade, 4.5, Nature & Parks, /Attraction_Review-g274884-d7946005-Reviews-Tagore_Promenade-Balatonfured_Veszprem_County_Central_Transdanubia.html, /Attractions-g274884-Activities-Balatonfured_Veszprem_County_Central_Transdanubia.html
Jokai kilato - Tamas hegy, 4.5, Sights & Landmarks, /Attraction_Review-g274884-d11004638-Reviews-Jokai_kilato_Tamas_hegy-Balatonfured_Veszprem_County_Central_Transdanubia.html, /Attractions-g274884-Activities-Balatonfured_Veszprem_County_Central_Transdanubia.html
Kossuth Lajos Drinking Hall, 4.5, Sights & Landmarks, /Attraction_Review-g274884-d7157518-Reviews-Kossuth_Lajos_Drinking_Hall-Balatonfured_Veszprem_County_Central_Transdanubia.html, /Attractions-g274884-Activities-Balatonfured_Veszprem_County_Central_Transdanubia.html
Vaszary-Villa, 4.5, Museums, /Attraction_Review-g274884-d7157520-Reviews-Vaszary_Villa-Balatonfured_Veszprem_County_Central_Transdanubia.html, /Attractions-g274884-Activities-Balatonfured_Veszprem_County_Central_Transdanubia.html
Jokai Mor Memorial House, 4.5, Museums, /Attraction_Review-g274884-d7099226-Reviews-Jokai_Mor_Memorial_House-Balatonfured_Veszprem_County_Central_Transdanubia.html, /Attractions-g274884-Activities-Balatonfured_Veszprem_County_Central_Transdanubia.html
Bodorka Balaton Aquarium, 3.5, Zoos & Aquariums, /Attraction_Review-g274884-d8342757-Reviews-Bodorka_Balaton_Aquarium-Balatonfured_Veszprem_County_Central_Transdanubia.html, /Attractions-g274884-Activities-Balatonfured_Veszprem_County_Central_Transdanubia.html
Vitorlázeum, 4.5, Museums, /Attraction_Review-g274884-d10766292-Reviews-Vitorlazeum-Balatonfured_Veszprem_County_Central_Transdanubia.html, /Attractions-g274884-Activities-Balatonfured_Veszprem_County_Central_Transdanubia.html
Loczy Cave, 4.0, Nature & Parks, /Attraction_Review-g274884-d8342736-Reviews-Loczy_Cave-Balatonfured_Veszprem_County_Central_Transdanubia.html, /Attractions-g274884-Activities-Balatonfured_Veszprem_County_Central_Transdanubia.html
Zsido Kivalosagok Haza, 5.0, Museums, /Attraction_Review-g274884-d15371082-Reviews-Zsido_Kivalosagok_Haza-Balatonfured_Veszprem_County_Central_Transdanubia.html, /Attractions-g274884-Activities-Balatonfured_Veszprem_County_Central_Transdanubia.html
King Christ Roman Catholic Parish Church, 5.0, Sights & Landmarks, /Attraction_Review-g274884-d13847802-Reviews-King_Christ_Roman_Catholic_Parish_Church-Balatonfured_Veszprem_County_Central_Tr.html, /Attractions-g274884-Activities-Balatonfured_Veszprem_County_Central_Transdanubia.html
Round Church, 4.0, Sights & Landmarks, /Attraction_Review-g274884-d8552094-Reviews-Round_Church-Balatonfured_Veszprem_County_Central_Transdanubia.html, /Attractions-g274884-Activities-Balatonfured_Veszprem_County_Central_Transdanubia.html
High-Tech Sports Base 4, 5.0, Tours, /Attraction_Review-g274884-d8016616-Reviews-High_Tech_Sports_Base_4-Balatonfured_Veszprem_County_Central_Transdanubia.html, /Attractions-g274884-Activities-Balatonfured_Veszprem_County_Central_Transdanubia.html
Annagora Aquapark, 4.0, Water & Amusement Parks, /Attraction_Review-g274884-d7038657-Reviews-Annagora_Aquapark-Balatonfured_Veszprem_County_Central_Transdanubia.html, /Attractions-g274884-Activities-Balatonfured_Veszprem_County_Central_Transdanubia.html
Balatonfured City Market, 4.0, Shopping, /Attraction_Review-g274884-d7157522-Reviews-Balatonfured_City_Market-Balatonfured_Veszprem_County_Central_Transdanubia.html, /Attractions-g274884-Activities-Balatonfured_Veszprem_County_Central_Transdanubia.html
Brazay-KalandPart, 4.5, Outdoor Activities, /Attraction_Review-g274884-d4494084-Reviews-Brazay_KalandPart-Balatonfured_Veszprem_County_Central_Transdanubia.html, /Attractions-g274884-Activities-Balatonfured_Veszprem_County_Central_Transdanubia.html
Balaton Shipping Co - Pleasure Boats, 4.0, Boat Tours & Water Sports, /Attraction_Review-g274884-d8017009-Reviews-Balaton_Shipping_Co_Pleasure_Boats-Balatonfured_Veszprem_County_Central_Transdanu.html, /Attractions-g274884-Activities-Balatonfured_Veszprem_County_Central_Transdanubia.html
Liliput Train, 4.0, Tours, /Attraction_Review-g274884-d8016968-Reviews-Liliput_Train-Balatonfured_Veszprem_County_Central_Transdanubia.html, /Attractions-g274884-Activities-Balatonfured_Veszprem_County_Central_Transdanubia.html
Figula Wine Bar, 4.0, Nightlife, /Attraction_Review-g274884-d12291346-Reviews-Figula_Wine_Bar-Balatonfured_Veszprem_County_Central_Transdanubia.html, /Attractions-g274884-Activities-Balatonfured_Veszprem_County_Central_Transdanubia.html
Vanyolai Boat Company, 4.0, Boat Tours & Water Sports, /Attraction_Review-g274884-d6276375-Reviews-Vanyolai_Boat_Company-Balatonfured_Veszprem_County_Central_Transdanubia.html, /Attractions-g274884-Activities-Balatonfured_Veszprem_County_Central_Transdanubia.html
Nauticat Sailing at Lake Balaton, 4.5, Boat Tours & Water Sports, /Attraction_Review-g274884-d5289315-Reviews-Nauticat_Sailing_at_Lake_Balaton-Balatonfured_Veszprem_County_Central_Transdanubi.html, /Attractions-g274884-Activities-Balatonfured_Veszprem_County_Central_Transdanubia.html
Balaton Bike Tours, 5.0, Tours, /Attraction_Review-g274884-d15219429-Reviews-Balaton_Bike_Tours-Balatonfured_Veszprem_County_Central_Transdanubia.html, /Attractions-g274884-Activities-Balatonfured_Veszprem_County_Central_Transdanubia.html
Cseles Kelepce Exit Game, None, Fun & Games, /Attraction_Review-g274884-d11445280-Reviews-Cseles_Kelepce_Exit_Game-Balatonfured_Veszprem_County_Central_Transdanubia.html, /Attractions-g274884-Activities-Balatonfured_Veszprem_County_Central_Transdanubia.html
Balaton Fly, None, Tours, /Attraction_Review-g274884-d21249133-Reviews-Balaton_Fly-Balatonfured_Veszprem_County_Central_Transdanubia.html, /Attractions-g274884-Activities-Balatonfured_Veszprem_County_Central_Transdanubia.html
Landventure - Balatonfüred, None, Fun & Games, /Attraction_Review-g274884-d22868618-Reviews-Landventure_Balatonfured-Balatonfured_Veszprem_County_Central_Transdanubia.html, /Attractions-g274884-Activities-Balatonfured_Veszprem_County_Central_Transdanubia.html
