attraction_name, attraction_rate, attraction_type, attraction_url, attraction_parent_url
Visegrád Citadel, 4.5, Museums, /Attraction_Review-g274920-d276840-Reviews-Visegrad_Citadel-Visegrad_Pest_County_Central_Hungary.html, /Attractions-g274920-Activities-Visegrad_Pest_County_Central_Hungary.html
Matyas Kiraly Museum, 4.5, Museums, /Attraction_Review-g274920-d9695324-Reviews-Matyas_Kiraly_Museum-Visegrad_Pest_County_Central_Hungary.html, /Attractions-g274920-Activities-Visegrad_Pest_County_Central_Hungary.html
Zugfozde Palinka Museum, 4.5, Museums, /Attraction_Review-g274920-d7197272-Reviews-Zugfozde_Palinka_Museum-Visegrad_Pest_County_Central_Hungary.html, /Attractions-g274920-Activities-Visegrad_Pest_County_Central_Hungary.html
Zsitvay-kilato, 5.0, Sights & Landmarks, /Attraction_Review-g274920-d12716564-Reviews-Zsitvay_kilato-Visegrad_Pest_County_Central_Hungary.html, /Attractions-g274920-Activities-Visegrad_Pest_County_Central_Hungary.html
Nagyvillám Ski Slope, 4.5, Nature & Parks, /Attraction_Review-g274920-d9790246-Reviews-Nagyvillam_Ski_Slope-Visegrad_Pest_County_Central_Hungary.html, /Attractions-g274920-Activities-Visegrad_Pest_County_Central_Hungary.html
Visegradi Bobpalya, 4.5, Water & Amusement Parks, /Attraction_Review-g274920-d8468077-Reviews-Visegradi_Bobpalya-Visegrad_Pest_County_Central_Hungary.html, /Attractions-g274920-Activities-Visegrad_Pest_County_Central_Hungary.html
Visegrad Gokart and Adventure Park, 5.0, Fun & Games, /Attraction_Review-g274920-d13630603-Reviews-Visegrad_Gokart_and_Adventure_Park-Visegrad_Pest_County_Central_Hungary.html, /Attractions-g274920-Activities-Visegrad_Pest_County_Central_Hungary.html
Visegrad Bobsled Track, 4.0, Outdoor Activities, /Attraction_Review-g274920-d2251454-Reviews-Visegrad_Bobsled_Track-Visegrad_Pest_County_Central_Hungary.html, /Attractions-g274920-Activities-Visegrad_Pest_County_Central_Hungary.html
Hollo Café &amp; Wine Bar, 4.5, Nightlife, /Attraction_Review-g274920-d13340404-Reviews-Hollo_Cafe_Wine_Bar-Visegrad_Pest_County_Central_Hungary.html, /Attractions-g274920-Activities-Visegrad_Pest_County_Central_Hungary.html
Visegradi Bobpalya, 5.0, Tours, /Attraction_Review-g274920-d19370470-Reviews-Visegradi_Bobpalya-Visegrad_Pest_County_Central_Hungary.html, /Attractions-g274920-Activities-Visegrad_Pest_County_Central_Hungary.html
Outdoor.maffia, 5.0, Boat Tours & Water Sports, /Attraction_Review-g274920-d21048634-Reviews-Outdoor_maffia-Visegrad_Pest_County_Central_Hungary.html, /Attractions-g274920-Activities-Visegrad_Pest_County_Central_Hungary.html
