attraction_name, attraction_rate, attraction_type, attraction_url, attraction_parent_url
AquaCity Water Slide and Adventure Park, 4.0, Water & Amusement Parks, /Attraction_Review-g274921-d12706231-Reviews-AquaCity_Water_Slide_and_Adventure_Park-Zalaegerszeg_Zala_County_Western_Transda.html, /Attractions-g274921-Activities-Zalaegerszeg_Zala_County_Western_Transdanubia.html
Azalea Valley, 5.0, Nature & Parks, /Attraction_Review-g274921-d12378597-Reviews-Azalea_Valley-Zalaegerszeg_Zala_County_Western_Transdanubia.html, /Attractions-g274921-Activities-Zalaegerszeg_Zala_County_Western_Transdanubia.html
Earth Tower Clock-Foldonjaro toronyora, 4.5, Sights & Landmarks, /Attraction_Review-g274921-d12706220-Reviews-Earth_Tower_Clock_Foldonjaro_toronyora-Zalaegerszeg_Zala_County_Western_Transdan.html, /Attractions-g274921-Activities-Zalaegerszeg_Zala_County_Western_Transdanubia.html
TV-tower, 4.5, Sights & Landmarks, /Attraction_Review-g274921-d12706072-Reviews-TV_tower-Zalaegerszeg_Zala_County_Western_Transdanubia.html, /Attractions-g274921-Activities-Zalaegerszeg_Zala_County_Western_Transdanubia.html
Zala Plaza, 3.5, Shopping, /Attraction_Review-g274921-d7856371-Reviews-Zala_Plaza-Zalaegerszeg_Zala_County_Western_Transdanubia.html, /Attractions-g274921-Activities-Zalaegerszeg_Zala_County_Western_Transdanubia.html
Gocseji Village Museum, 4.5, Museums, /Attraction_Review-g274921-d12706026-Reviews-Gocseji_Village_Museum-Zalaegerszeg_Zala_County_Western_Transdanubia.html, /Attractions-g274921-Activities-Zalaegerszeg_Zala_County_Western_Transdanubia.html
Maria Magdalena Roman Catholic Church, 4.5, Sights & Landmarks, /Attraction_Review-g274921-d12706024-Reviews-Maria_Magdalena_Roman_Catholic_Church-Zalaegerszeg_Zala_County_Western_Transdanu.html, /Attractions-g274921-Activities-Zalaegerszeg_Zala_County_Western_Transdanubia.html
Disz Square, 4.0, Sights & Landmarks, /Attraction_Review-g274921-d12706376-Reviews-Disz_Square-Zalaegerszeg_Zala_County_Western_Transdanubia.html, /Attractions-g274921-Activities-Zalaegerszeg_Zala_County_Western_Transdanubia.html
Tourinform Zalaegerszeg, 5.0, Traveller Resources, /Attraction_Review-g274921-d12706018-Reviews-Tourinform_Zalaegerszeg-Zalaegerszeg_Zala_County_Western_Transdanubia.html, /Attractions-g274921-Activities-Zalaegerszeg_Zala_County_Western_Transdanubia.html
Villasor at Kosztolanyi Street, 5.0, Sights & Landmarks, /Attraction_Review-g274921-d12706153-Reviews-Villasor_at_Kosztolanyi_Street-Zalaegerszeg_Zala_County_Western_Transdanubia.html, /Attractions-g274921-Activities-Zalaegerszeg_Zala_County_Western_Transdanubia.html
ZTE Arena, 3.0, Sights & Landmarks, /Attraction_Review-g274921-d12706125-Reviews-ZTE_Arena-Zalaegerszeg_Zala_County_Western_Transdanubia.html, /Attractions-g274921-Activities-Zalaegerszeg_Zala_County_Western_Transdanubia.html
Csany ter, 5.0, Sights & Landmarks, /Attraction_Review-g274921-d12706055-Reviews-Csany_ter-Zalaegerszeg_Zala_County_Western_Transdanubia.html, /Attractions-g274921-Activities-Zalaegerszeg_Zala_County_Western_Transdanubia.html
Keresztury Dezso VMK – Gonczi Galeria, 5.0, Museums, /Attraction_Review-g274921-d12706248-Reviews-Keresztury_Dezso_VMK_Gonczi_Galeria-Zalaegerszeg_Zala_County_Western_Transdanubi.html, /Attractions-g274921-Activities-Zalaegerszeg_Zala_County_Western_Transdanubia.html
Jankahegy Lookout Tower&& Belfry&& Chapel and Calvary, 5.0, Sights & Landmarks, /Attraction_Review-g274921-d12706422-Reviews-Jankahegy_Lookout_Tower_Belfry_Chapel_and_Calvary-Zalaegerszeg_Zala_County_Weste.html, /Attractions-g274921-Activities-Zalaegerszeg_Zala_County_Western_Transdanubia.html
Hungarian Oil and Gas Museum, 3.0, Museums, /Attraction_Review-g274921-d12706036-Reviews-Hungarian_Oil_and_Gas_Museum-Zalaegerszeg_Zala_County_Western_Transdanubia.html, /Attractions-g274921-Activities-Zalaegerszeg_Zala_County_Western_Transdanubia.html
The Town Concert and Exhibition Hall, 4.5, Concerts & Shows, /Attraction_Review-g274921-d12706071-Reviews-The_Town_Concert_and_Exhibition_Hall-Zalaegerszeg_Zala_County_Western_Transdanub.html, /Attractions-g274921-Activities-Zalaegerszeg_Zala_County_Western_Transdanubia.html
Zalaegerszeg Thermal Baths, 3.5, Spas & Wellness, /Attraction_Review-g274921-d12706283-Reviews-Zalaegerszeg_Thermal_Baths-Zalaegerszeg_Zala_County_Western_Transdanubia.html, /Attractions-g274921-Activities-Zalaegerszeg_Zala_County_Western_Transdanubia.html
Szentharomsag-Szobor-Holy Trinity Statue, None, Sights & Landmarks, /Attraction_Review-g274921-d12706041-Reviews-Szentharomsag_Szobor_Holy_Trinity_Statue-Zalaegerszeg_Zala_County_Western_Transd.html, /Attractions-g274921-Activities-Zalaegerszeg_Zala_County_Western_Transdanubia.html
Evangelical Church-Evangélikus templom, None, Sights & Landmarks, /Attraction_Review-g274921-d12706475-Reviews-Evangelical_Church_Evangelikus_templom-Zalaegerszeg_Zala_County_Western_Transdan.html, /Attractions-g274921-Activities-Zalaegerszeg_Zala_County_Western_Transdanubia.html
Memorial Place for AVH Victims, None, Museums, /Attraction_Review-g274921-d12706119-Reviews-Memorial_Place_for_AVH_Victims-Zalaegerszeg_Zala_County_Western_Transdanubia.html, /Attractions-g274921-Activities-Zalaegerszeg_Zala_County_Western_Transdanubia.html
Kvartelyhaz, None, Sights & Landmarks, /Attraction_Review-g274921-d12706133-Reviews-Kvartelyhaz-Zalaegerszeg_Zala_County_Western_Transdanubia.html, /Attractions-g274921-Activities-Zalaegerszeg_Zala_County_Western_Transdanubia.html
Blessed Virgin Mary's Immaculate Heart Temple, None, Sights & Landmarks, /Attraction_Review-g274921-d12706179-Reviews-Blessed_Virgin_Mary_s_Immaculate_Heart_Temple-Zalaegerszeg_Zala_County_Western_T.html, /Attractions-g274921-Activities-Zalaegerszeg_Zala_County_Western_Transdanubia.html
Leveltar Epulete, None, Sights & Landmarks, /Attraction_Review-g274921-d12706163-Reviews-Leveltar_Epulete-Zalaegerszeg_Zala_County_Western_Transdanubia.html, /Attractions-g274921-Activities-Zalaegerszeg_Zala_County_Western_Transdanubia.html
Jesus Heart Parish Church, None, Sights & Landmarks, /Attraction_Review-g274921-d12706168-Reviews-Jesus_Heart_Parish_Church-Zalaegerszeg_Zala_County_Western_Transdanubia.html, /Attractions-g274921-Activities-Zalaegerszeg_Zala_County_Western_Transdanubia.html
Roman Catholic parish house, None, Sights & Landmarks, /Attraction_Review-g274921-d12706187-Reviews-Roman_Catholic_parish_house-Zalaegerszeg_Zala_County_Western_Transdanubia.html, /Attractions-g274921-Activities-Zalaegerszeg_Zala_County_Western_Transdanubia.html
House of Craftsmen of Gebarti, None, Museums, /Attraction_Review-g274921-d12706226-Reviews-House_of_Craftsmen_of_Gebarti-Zalaegerszeg_Zala_County_Western_Transdanubia.html, /Attractions-g274921-Activities-Zalaegerszeg_Zala_County_Western_Transdanubia.html
