attraction_name, attraction_rate, attraction_type, attraction_url, attraction_parent_url
High Tech Sports Base 1, 5.0, Tours, /Attraction_Review-g4224056-d6873995-Reviews-High_Tech_Sports_Base_1-Matrafured_Heves_County_Northern_Hungary.html, /Attractions-g4224056-Activities-Matrafured_Heves_County_Northern_Hungary.html
Dog sled tour  Mátrafüred, 5.0, Tours, /Attraction_Review-g4224056-d8046798-Reviews-Dog_sled_tour_Matrafured-Matrafured_Heves_County_Northern_Hungary.html, /Attractions-g4224056-Activities-Matrafured_Heves_County_Northern_Hungary.html
Kozmáry Kilátó, 4.5, Outdoor Activities, /Attraction_Review-g4224056-d7289642-Reviews-Kozmary_Kilato-Matrafured_Heves_County_Northern_Hungary.html, /Attractions-g4224056-Activities-Matrafured_Heves_County_Northern_Hungary.html
Oxygen Adrenalin Park, 4.0, Fun & Games, /Attraction_Review-g4224056-d4221901-Reviews-Oxygen_Adrenalin_Park-Matrafured_Heves_County_Northern_Hungary.html, /Attractions-g4224056-Activities-Matrafured_Heves_County_Northern_Hungary.html
Harkaly Haz, 5.0, Traveller Resources, /Attraction_Review-g4224056-d20380464-Reviews-Harkaly_Haz-Matrafured_Heves_County_Northern_Hungary.html, /Attractions-g4224056-Activities-Matrafured_Heves_County_Northern_Hungary.html
