attraction_name, attraction_rate, attraction_type, attraction_url, attraction_parent_url
Somlyo Hegyi Kilato, 5.0, Sights & Landmarks, /Attraction_Review-g1189843-d18894716-Reviews-Somlyo_Hegyi_Kilato-Alsoors_Veszprem_County_Central_Transdanubia.html, /Attractions-g1189843-Activities-Alsoors_Veszprem_County_Central_Transdanubia.html
SilverSport, 5.0, Boat Tours & Water Sports, /Attraction_Review-g1189843-d14918316-Reviews-SilverSport-Alsoors_Veszprem_County_Central_Transdanubia.html, /Attractions-g1189843-Activities-Alsoors_Veszprem_County_Central_Transdanubia.html
BalatonSUP, 4.5, Boat Tours & Water Sports, /Attraction_Review-g1189843-d14200797-Reviews-BalatonSUP-Alsoors_Veszprem_County_Central_Transdanubia.html, /Attractions-g1189843-Activities-Alsoors_Veszprem_County_Central_Transdanubia.html
Sport Yacht Charter, None, Boat Tours & Water Sports, /Attraction_Review-g1189843-d15348531-Reviews-Sport_Yacht_Charter-Alsoors_Veszprem_County_Central_Transdanubia.html, /Attractions-g1189843-Activities-Alsoors_Veszprem_County_Central_Transdanubia.html
