attraction_name, attraction_rate, attraction_type, attraction_url, attraction_parent_url
Holloko Var, 4.5, Sights & Landmarks, /Attraction_Review-g754051-d7228048-Reviews-Holloko_Var-Holloko_Nograd_County_Northern_Hungary.html, /Attractions-g754051-Activities-Holloko_Nograd_County_Northern_Hungary.html
Old Village of Hollókő, 4.5, Sights & Landmarks, /Attraction_Review-g754051-d9586865-Reviews-Old_Village_of_Holloko-Holloko_Nograd_County_Northern_Hungary.html, /Attractions-g754051-Activities-Holloko_Nograd_County_Northern_Hungary.html
Szent Márton Church, 4.0, Sights & Landmarks, /Attraction_Review-g754051-d12785343-Reviews-Szent_Marton_Church-Holloko_Nograd_County_Northern_Hungary.html, /Attractions-g754051-Activities-Holloko_Nograd_County_Northern_Hungary.html
Paloc Doll Museum, 3.5, Museums, /Attraction_Review-g754051-d14724650-Reviews-Paloc_Doll_Museum-Holloko_Nograd_County_Northern_Hungary.html, /Attractions-g754051-Activities-Holloko_Nograd_County_Northern_Hungary.html
Village Museum, 4.0, Museums, /Attraction_Review-g754051-d14726904-Reviews-Village_Museum-Holloko_Nograd_County_Northern_Hungary.html, /Attractions-g754051-Activities-Holloko_Nograd_County_Northern_Hungary.html
Post Museum, 3.0, Museums, /Attraction_Review-g754051-d12785044-Reviews-Post_Museum-Holloko_Nograd_County_Northern_Hungary.html, /Attractions-g754051-Activities-Holloko_Nograd_County_Northern_Hungary.html
Gazduram Sajtboltja, 4.5, Tours, /Attraction_Review-g754051-d13128801-Reviews-Gazduram_Sajtboltja-Holloko_Nograd_County_Northern_Hungary.html, /Attractions-g754051-Activities-Holloko_Nograd_County_Northern_Hungary.html
Private Guide in Budapest Day Tours, 3.5, Tours, /Attraction_Review-g754051-d2621107-Reviews-Private_Guide_in_Budapest_Day_Tours-Holloko_Nograd_County_Northern_Hungary.html, /Attractions-g754051-Activities-Holloko_Nograd_County_Northern_Hungary.html
Fazekas House, None, Classes & Workshops, /Attraction_Review-g754051-d10206401-Reviews-Fazekas_House-Holloko_Nograd_County_Northern_Hungary.html, /Attractions-g754051-Activities-Holloko_Nograd_County_Northern_Hungary.html
