attraction_name, attraction_rate, attraction_type, attraction_url, attraction_parent_url
Ligneum, 5.0, Museums, /Attraction_Review-g274909-d10643979-Reviews-Ligneum-Sopron_Gyor_Moson_Sopron_County_Central_Transdanubia.html, /Attractions-g274909-Activities-Sopron_Gyor_Moson_Sopron_County_Central_Transdanubia.html
Saint Stephen's Church, 4.0, Sights & Landmarks, /Attraction_Review-g274909-d15758870-Reviews-Saint_Stephen_s_Church-Sopron_Gyor_Moson_Sopron_County_Central_Transdanubia.html, /Attractions-g274909-Activities-Sopron_Gyor_Moson_Sopron_County_Central_Transdanubia.html
Taschner Bor-es Pezsgohaz, 4.0, Food & Drink, /Attraction_Review-g274909-d2044874-Reviews-Taschner_Bor_es_Pezsgohaz-Sopron_Gyor_Moson_Sopron_County_Central_Transdanubia.html, /Attractions-g274909-Activities-Sopron_Gyor_Moson_Sopron_County_Central_Transdanubia.html
Kuruc Hill, 3.0, Sights & Landmarks, /Attraction_Review-g274909-d15148648-Reviews-Kuruc_Hill-Sopron_Gyor_Moson_Sopron_County_Central_Transdanubia.html, /Attractions-g274909-Activities-Sopron_Gyor_Moson_Sopron_County_Central_Transdanubia.html
Lover Furdo, 4.0, Fun & Games, /Attraction_Review-g274909-d17853276-Reviews-Lover_Furdo-Sopron_Gyor_Moson_Sopron_County_Central_Transdanubia.html, /Attractions-g274909-Activities-Sopron_Gyor_Moson_Sopron_County_Central_Transdanubia.html
Soproni Evangélikus Gyűjtemények, None, Museums, /Attraction_Review-g274909-d21246492-Reviews-Soproni_Evangelikus_Gyujtemenyek-Sopron_Gyor_Moson_Sopron_County_Central_Transda.html, /Attractions-g274909-Activities-Sopron_Gyor_Moson_Sopron_County_Central_Transdanubia.html
Museum of Sopron, None, Museums, /Attraction_Review-g274909-d16945434-Reviews-Museum_of_Sopron-Sopron_Gyor_Moson_Sopron_County_Central_Transdanubia.html, /Attractions-g274909-Activities-Sopron_Gyor_Moson_Sopron_County_Central_Transdanubia.html
Perle Pilates Studio, None, Fun & Games, /Attraction_Review-g274909-d10428312-Reviews-Perle_Pilates_Studio-Sopron_Gyor_Moson_Sopron_County_Central_Transdanubia.html, /Attractions-g274909-Activities-Sopron_Gyor_Moson_Sopron_County_Central_Transdanubia.html
