attraction_name, attraction_rate, attraction_type, attraction_url, attraction_parent_url
Geszler Family Winery, 5.0, Food & Drink, /Attraction_Review-g1189841-d6925716-Reviews-Geszler_Family_Winery-Mor_Fejer_County_Central_Transdanubia.html, /Attractions-g1189841-Activities-Mor_Fejer_County_Central_Transdanubia.html
Csabi Miklós' Cellar, 5.0, Food & Drink, /Attraction_Review-g1189841-d11921536-Reviews-Csabi_Miklos_Cellar-Mor_Fejer_County_Central_Transdanubia.html, /Attractions-g1189841-Activities-Mor_Fejer_County_Central_Transdanubia.html
Csetvei Pince, 5.0, Food & Drink, /Attraction_Review-g1189841-d14189406-Reviews-Csetvei_Pince-Mor_Fejer_County_Central_Transdanubia.html, /Attractions-g1189841-Activities-Mor_Fejer_County_Central_Transdanubia.html
Bozoky Winery, 5.0, Food & Drink, /Attraction_Review-g1189841-d13153042-Reviews-Bozoky_Winery-Mor_Fejer_County_Central_Transdanubia.html, /Attractions-g1189841-Activities-Mor_Fejer_County_Central_Transdanubia.html
Varga es Fia Winery, None, Food & Drink, /Attraction_Review-g1189841-d13479384-Reviews-Varga_es_Fia_Winery-Mor_Fejer_County_Central_Transdanubia.html, /Attractions-g1189841-Activities-Mor_Fejer_County_Central_Transdanubia.html
