attraction_name, attraction_rate, attraction_type, attraction_url, attraction_parent_url
Vörösmarty Mihály Memorial, 3.5, Sights & Landmarks, /Attraction_Review-g274887-d13866768-Reviews-Vorosmarty_Mihaly_Memorial-Budapest_Central_Hungary.html, /Attractions-g274887-Activities-Budapest_Central_Hungary.html
Stade Puskàs Ferenc, 3.5, Sights & Landmarks, /Attraction_Review-g274887-d3227231-Reviews-Stade_Puskas_Ferenc-Budapest_Central_Hungary.html, /Attractions-g274887-Activities-Budapest_Central_Hungary.html
Postal Stamp Museum Budapest, 4.5, Museums, /Attraction_Review-g274887-d526987-Reviews-Postal_Stamp_Museum_Budapest-Budapest_Central_Hungary.html, /Attractions-g274887-Activities-Budapest_Central_Hungary.html
Church of Saint László, 4.5, Sights & Landmarks, /Attraction_Review-g274887-d8822769-Reviews-Church_of_Saint_Laszlo-Budapest_Central_Hungary.html, /Attractions-g274887-Activities-Budapest_Central_Hungary.html
Petofi Bridge, 3.0, Sights & Landmarks, /Attraction_Review-g274887-d3661550-Reviews-Petofi_Bridge-Budapest_Central_Hungary.html, /Attractions-g274887-Activities-Budapest_Central_Hungary.html
Gutenberg Square, 4.0, Sights & Landmarks, /Attraction_Review-g274887-d13307671-Reviews-Gutenberg_Square-Budapest_Central_Hungary.html, /Attractions-g274887-Activities-Budapest_Central_Hungary.html
Istvan Szechenyi Statue, 3.5, Sights & Landmarks, /Attraction_Review-g274887-d15601133-Reviews-Istvan_Szechenyi_Statue-Budapest_Central_Hungary.html, /Attractions-g274887-Activities-Budapest_Central_Hungary.html
II. Janos Pal papa Square, 3.5, Nature & Parks, /Attraction_Review-g274887-d13314752-Reviews-II_Janos_Pal_papa_Square-Budapest_Central_Hungary.html, /Attractions-g274887-Activities-Budapest_Central_Hungary.html
Castle Hill, 5.0, Other, /Attraction_Review-g274887-d18721109-Reviews-Castle_Hill-Budapest_Central_Hungary.html, /Attractions-g274887-Activities-Budapest_Central_Hungary.html
Centennial Memorial, 3.5, Sights & Landmarks, /Attraction_Review-g274887-d7160945-Reviews-Centennial_Memorial-Budapest_Central_Hungary.html, /Attractions-g274887-Activities-Budapest_Central_Hungary.html
The Dreschler Palace, 4.0, Sights & Landmarks, /Attraction_Review-g274887-d6940092-Reviews-The_Dreschler_Palace-Budapest_Central_Hungary.html, /Attractions-g274887-Activities-Budapest_Central_Hungary.html
Feneketlen Lake, 4.5, Nature & Parks, /Attraction_Review-g274887-d12291694-Reviews-Feneketlen_Lake-Budapest_Central_Hungary.html, /Attractions-g274887-Activities-Budapest_Central_Hungary.html
Statue of Baron Eotvos Jozsef, 3.5, Sights & Landmarks, /Attraction_Review-g274887-d13400868-Reviews-Statue_of_Baron_Eotvos_Jozsef-Budapest_Central_Hungary.html, /Attractions-g274887-Activities-Budapest_Central_Hungary.html
Secret Gallery, 4.0, Museums, /Attraction_Review-g274887-d9756103-Reviews-Secret_Gallery-Budapest_Central_Hungary.html, /Attractions-g274887-Activities-Budapest_Central_Hungary.html
New Budapest Gallery, 3.5, Museums, /Attraction_Review-g274887-d6661584-Reviews-New_Budapest_Gallery-Budapest_Central_Hungary.html, /Attractions-g274887-Activities-Budapest_Central_Hungary.html
Szent Istvan Park, 3.5, Fun & Games, /Attraction_Review-g274887-d12827424-Reviews-Szent_Istvan_Park-Budapest_Central_Hungary.html, /Attractions-g274887-Activities-Budapest_Central_Hungary.html
Eotvos Lorand University, 4.0, Sights & Landmarks, /Attraction_Review-g274887-d12459697-Reviews-Eotvos_Lorand_University-Budapest_Central_Hungary.html, /Attractions-g274887-Activities-Budapest_Central_Hungary.html
MOM Cultural Center, 4.5, Sights & Landmarks, /Attraction_Review-g274887-d12213084-Reviews-MOM_Cultural_Center-Budapest_Central_Hungary.html, /Attractions-g274887-Activities-Budapest_Central_Hungary.html
Budapest Spring Festival, 4.0, Events, /Attraction_Review-g274887-d10020418-Reviews-Budapest_Spring_Festival-Budapest_Central_Hungary.html, /Attractions-g274887-Activities-Budapest_Central_Hungary.html
Tutanhamon Rejtelye Es Kincsei, 3.0, Events, /Attraction_Review-g274887-d19627835-Reviews-Tutanhamon_Rejtelye_Es_Kincsei-Budapest_Central_Hungary.html, /Attractions-g274887-Activities-Budapest_Central_Hungary.html
Statue of Old Hussar, 3.5, Sights & Landmarks, /Attraction_Review-g274887-d13340394-Reviews-Statue_of_Old_Hussar-Budapest_Central_Hungary.html, /Attractions-g274887-Activities-Budapest_Central_Hungary.html
Geological Museum, 4.0, Museums, /Attraction_Review-g274887-d8482024-Reviews-Geological_Museum-Budapest_Central_Hungary.html, /Attractions-g274887-Activities-Budapest_Central_Hungary.html
Lion Fountain, 3.5, Sights & Landmarks, /Attraction_Review-g274887-d13962671-Reviews-Lion_Fountain-Budapest_Central_Hungary.html, /Attractions-g274887-Activities-Budapest_Central_Hungary.html
Police Museum, 4.0, Museums, /Attraction_Review-g274887-d7050462-Reviews-Police_Museum-Budapest_Central_Hungary.html, /Attractions-g274887-Activities-Budapest_Central_Hungary.html
Cave Church, 4.0, Sights & Landmarks, /Attraction_Review-g274887-d17796663-Reviews-Cave_Church-Budapest_Central_Hungary.html, /Attractions-g274887-Activities-Budapest_Central_Hungary.html
Post Office Museum (Postamuzeum), 4.5, Museums, /Attraction_Review-g274887-d526968-Reviews-Post_Office_Museum_Postamuzeum-Budapest_Central_Hungary.html, /Attractions-g274887-Activities-Budapest_Central_Hungary.html
Budavar lutheran church, 3.0, Sights & Landmarks, /Attraction_Review-g274887-d10663858-Reviews-Budavar_lutheran_church-Budapest_Central_Hungary.html, /Attractions-g274887-Activities-Budapest_Central_Hungary.html
Small Boulevard, 4.0, Sights & Landmarks, /Attraction_Review-g274887-d12459663-Reviews-Small_Boulevard-Budapest_Central_Hungary.html, /Attractions-g274887-Activities-Budapest_Central_Hungary.html
Parish Church of St. Elizabeth, 3.5, Sights & Landmarks, /Attraction_Review-g274887-d6279870-Reviews-Parish_Church_of_St_Elizabeth-Budapest_Central_Hungary.html, /Attractions-g274887-Activities-Budapest_Central_Hungary.html
Saint Francis of Assisi Parish, 4.0, Sights & Landmarks, /Attraction_Review-g274887-d4458081-Reviews-Saint_Francis_of_Assisi_Parish-Budapest_Central_Hungary.html, /Attractions-g274887-Activities-Budapest_Central_Hungary.html
