attraction_name, attraction_rate, attraction_type, attraction_url, attraction_parent_url
Csónakázó-tó, 4.5, Nature & Parks, /Attraction_Review-g274916-d8287189-Reviews-Csonakazo_to-Szombathely_Vas_County_Western_Transdanubia.html, /Attractions-g274916-Activities-Szombathely_Vas_County_Western_Transdanubia.html
Iseum, 4.5, Museums, /Attraction_Review-g274916-d6675954-Reviews-Iseum-Szombathely_Vas_County_Western_Transdanubia.html, /Attractions-g274916-Activities-Szombathely_Vas_County_Western_Transdanubia.html
Main Square Fountain, 4.0, Sights & Landmarks, /Attraction_Review-g274916-d14200815-Reviews-Main_Square_Fountain-Szombathely_Vas_County_Western_Transdanubia.html, /Attractions-g274916-Activities-Szombathely_Vas_County_Western_Transdanubia.html
Szombathely Synagogue, 4.0, Sights & Landmarks, /Attraction_Review-g274916-d7268977-Reviews-Szombathely_Synagogue-Szombathely_Vas_County_Western_Transdanubia.html, /Attractions-g274916-Activities-Szombathely_Vas_County_Western_Transdanubia.html
Savaria Múzeum, 4.0, Museums, /Attraction_Review-g274916-d7287493-Reviews-Savaria_Muzeum-Szombathely_Vas_County_Western_Transdanubia.html, /Attractions-g274916-Activities-Szombathely_Vas_County_Western_Transdanubia.html
Weores Sandor Theatre, 4.5, Concerts & Shows, /Attraction_Review-g274916-d14200805-Reviews-Weores_Sandor_Theatre-Szombathely_Vas_County_Western_Transdanubia.html, /Attractions-g274916-Activities-Szombathely_Vas_County_Western_Transdanubia.html
Zártajtó, 5.0, Fun & Games, /Attraction_Review-g274916-d12645265-Reviews-Zartajto-Szombathely_Vas_County_Western_Transdanubia.html, /Attractions-g274916-Activities-Szombathely_Vas_County_Western_Transdanubia.html
Swimming Bath and Thermal Bath, 4.0, Spas & Wellness, /Attraction_Review-g274916-d10050719-Reviews-Swimming_Bath_and_Thermal_Bath-Szombathely_Vas_County_Western_Transdanubia.html, /Attractions-g274916-Activities-Szombathely_Vas_County_Western_Transdanubia.html
Bohem, 4.0, Nightlife, /Attraction_Review-g274916-d16760398-Reviews-Bohem-Szombathely_Vas_County_Western_Transdanubia.html, /Attractions-g274916-Activities-Szombathely_Vas_County_Western_Transdanubia.html
St. Nicholas Church, None, Sights & Landmarks, /Attraction_Review-g274916-d15352691-Reviews-St_Nicholas_Church-Szombathely_Vas_County_Western_Transdanubia.html, /Attractions-g274916-Activities-Szombathely_Vas_County_Western_Transdanubia.html
Savaria Gourmet Piknik, None, Events, /Attraction_Review-g274916-d20901121-Reviews-Savaria_Gourmet_Piknik-Szombathely_Vas_County_Western_Transdanubia.html, /Attractions-g274916-Activities-Szombathely_Vas_County_Western_Transdanubia.html
