attraction_name, attraction_rate, attraction_type, attraction_url, attraction_parent_url
Esztergom Basilica / Cathedral, 4.5, Sights & Landmarks, /Attraction_Review-g274892-d276847-Reviews-Esztergom_Basilica_Cathedral-Esztergom_Komarom_Esztergom_County_Central_Transdanub.html, /Attractions-g274892-Activities-Esztergom_Komarom_Esztergom_County_Central_Transdanubia.html
Statue of King Saint Stephen, 4.0, Sights & Landmarks, /Attraction_Review-g274892-d3765970-Reviews-Statue_of_King_Saint_Stephen-Esztergom_Komarom_Esztergom_County_Central_Transdanu.html, /Attractions-g274892-Activities-Esztergom_Komarom_Esztergom_County_Central_Transdanubia.html
Castle Museum, 4.0, Museums, /Attraction_Review-g274892-d279078-Reviews-Castle_Museum-Esztergom_Komarom_Esztergom_County_Central_Transdanubia.html, /Attractions-g274892-Activities-Esztergom_Komarom_Esztergom_County_Central_Transdanubia.html
Museum of Christian Art (Kereszteny Muzeum), 4.5, Museums, /Attraction_Review-g274892-d276848-Reviews-Museum_of_Christian_Art_Kereszteny_Muzeum-Esztergom_Komarom_Esztergom_County_Centr.html, /Attractions-g274892-Activities-Esztergom_Komarom_Esztergom_County_Central_Transdanubia.html
Duna Muzeum, 5.0, Museums, /Attraction_Review-g274892-d279075-Reviews-Duna_Muzeum-Esztergom_Komarom_Esztergom_County_Central_Transdanubia.html, /Attractions-g274892-Activities-Esztergom_Komarom_Esztergom_County_Central_Transdanubia.html
Turkish Mosque, 4.0, Sights & Landmarks, /Attraction_Review-g274892-d3823348-Reviews-Turkish_Mosque-Esztergom_Komarom_Esztergom_County_Central_Transdanubia.html, /Attractions-g274892-Activities-Esztergom_Komarom_Esztergom_County_Central_Transdanubia.html
Vizivaros Parish Church, 4.0, Sights & Landmarks, /Attraction_Review-g274892-d279079-Reviews-Vizivaros_Parish_Church-Esztergom_Komarom_Esztergom_County_Central_Transdanubia.html, /Attractions-g274892-Activities-Esztergom_Komarom_Esztergom_County_Central_Transdanubia.html
Statue of Ferenc Liszt, 4.0, Sights & Landmarks, /Attraction_Review-g274892-d282995-Reviews-Statue_of_Ferenc_Liszt-Esztergom_Komarom_Esztergom_County_Central_Transdanubia.html, /Attractions-g274892-Activities-Esztergom_Komarom_Esztergom_County_Central_Transdanubia.html
Lake Palatinus, 4.5, Nature & Parks, /Attraction_Review-g274892-d12830478-Reviews-Lake_Palatinus-Esztergom_Komarom_Esztergom_County_Central_Transdanubia.html, /Attractions-g274892-Activities-Esztergom_Komarom_Esztergom_County_Central_Transdanubia.html
Szechenyi Square, 3.5, Sights & Landmarks, /Attraction_Review-g274892-d13008650-Reviews-Szechenyi_Square-Esztergom_Komarom_Esztergom_County_Central_Transdanubia.html, /Attractions-g274892-Activities-Esztergom_Komarom_Esztergom_County_Central_Transdanubia.html
Balassa Balint Museum, 4.0, Museums, /Attraction_Review-g274892-d279076-Reviews-Balassa_Balint_Museum-Esztergom_Komarom_Esztergom_County_Central_Transdanubia.html, /Attractions-g274892-Activities-Esztergom_Komarom_Esztergom_County_Central_Transdanubia.html
Szent Anna Parish Church, 4.0, Sights & Landmarks, /Attraction_Review-g274892-d13008629-Reviews-Szent_Anna_Parish_Church-Esztergom_Komarom_Esztergom_County_Central_Transdanubia.html, /Attractions-g274892-Activities-Esztergom_Komarom_Esztergom_County_Central_Transdanubia.html
Fájdalmas Szűz Chapel, 4.5, Sights & Landmarks, /Attraction_Review-g274892-d10749715-Reviews-Fajdalmas_Szuz_Chapel-Esztergom_Komarom_Esztergom_County_Central_Transdanubia.html, /Attractions-g274892-Activities-Esztergom_Komarom_Esztergom_County_Central_Transdanubia.html
City Hall, 3.5, Sights & Landmarks, /Attraction_Review-g274892-d13008662-Reviews-City_Hall-Esztergom_Komarom_Esztergom_County_Central_Transdanubia.html, /Attractions-g274892-Activities-Esztergom_Komarom_Esztergom_County_Central_Transdanubia.html
Szent Janos kut, 5.0, Sights & Landmarks, /Attraction_Review-g274892-d17714528-Reviews-Szent_Janos_kut-Esztergom_Komarom_Esztergom_County_Central_Transdanubia.html, /Attractions-g274892-Activities-Esztergom_Komarom_Esztergom_County_Central_Transdanubia.html
Courthouse, 4.0, Sights & Landmarks, /Attraction_Review-g274892-d3823349-Reviews-Courthouse-Esztergom_Komarom_Esztergom_County_Central_Transdanubia.html, /Attractions-g274892-Activities-Esztergom_Komarom_Esztergom_County_Central_Transdanubia.html
Aquasziget Esztergom Experience Bath, 3.5, Water & Amusement Parks, /Attraction_Review-g274892-d12193206-Reviews-Aquasziget_Esztergom_Experience_Bath-Esztergom_Komarom_Esztergom_County_Central_.html, /Attractions-g274892-Activities-Esztergom_Komarom_Esztergom_County_Central_Transdanubia.html
Puzzle Bar, 5.0, Nightlife, /Attraction_Review-g274892-d12414087-Reviews-Puzzle_Bar-Esztergom_Komarom_Esztergom_County_Central_Transdanubia.html, /Attractions-g274892-Activities-Esztergom_Komarom_Esztergom_County_Central_Transdanubia.html
Room Of Mysteries, 5.0, Fun & Games, /Attraction_Review-g274892-d12261870-Reviews-Room_Of_Mysteries-Esztergom_Komarom_Esztergom_County_Central_Transdanubia.html, /Attractions-g274892-Activities-Esztergom_Komarom_Esztergom_County_Central_Transdanubia.html
Untrodden Path, None, Tours, /Attraction_Review-g274892-d12654140-Reviews-Untrodden_Path-Esztergom_Komarom_Esztergom_County_Central_Transdanubia.html, /Attractions-g274892-Activities-Esztergom_Komarom_Esztergom_County_Central_Transdanubia.html
Babits Mihaly Emlekhaz, None, Museums, /Attraction_Review-g274892-d21244035-Reviews-Babits_Mihaly_Emlekhaz-Esztergom_Komarom_Esztergom_County_Central_Transdanubia.html, /Attractions-g274892-Activities-Esztergom_Komarom_Esztergom_County_Central_Transdanubia.html
Babits Mihály Emlékház, None, Museums, /Attraction_Review-g274892-d21245260-Reviews-Babits_Mihaly_Emlekhaz-Esztergom_Komarom_Esztergom_County_Central_Transdanubia.html, /Attractions-g274892-Activities-Esztergom_Komarom_Esztergom_County_Central_Transdanubia.html
Hollywood Presszo, None, Nightlife, /Attraction_Review-g274892-d19865674-Reviews-Hollywood_Presszo-Esztergom_Komarom_Esztergom_County_Central_Transdanubia.html, /Attractions-g274892-Activities-Esztergom_Komarom_Esztergom_County_Central_Transdanubia.html
Geode Interactive Paleontology and Mineral Show, None, Museums, /Attraction_Review-g274892-d17759864-Reviews-Geode_Interactive_Paleontology_and_Mineral_Show-Esztergom_Komarom_Esztergom_Coun.html, /Attractions-g274892-Activities-Esztergom_Komarom_Esztergom_County_Central_Transdanubia.html
