attraction_name, attraction_rate, attraction_type, attraction_url, attraction_parent_url
Shipping History Visitors Center  – Exhibition and Lookout, 4.5, Museums, /Attraction_Review-g1012576-d11445024-Reviews-Shipping_History_Visitors_Center_Exhibition_and_Lookout-Balatonfoldvar_Somogy_C.html, /Attractions-g1012576-Activities-Balatonfoldvar_Somogy_County_Southern_Transdanubia.html
Kilátó Presszó, 5.0, Sights & Landmarks, /Attraction_Review-g1012576-d10700312-Reviews-Kilato_Presszo-Balatonfoldvar_Somogy_County_Southern_Transdanubia.html, /Attractions-g1012576-Activities-Balatonfoldvar_Somogy_County_Southern_Transdanubia.html
Tourinform Balatonföldvár, 5.0, Traveller Resources, /Attraction_Review-g1012576-d10336117-Reviews-Tourinform_Balatonfoldvar-Balatonfoldvar_Somogy_County_Southern_Transdanubia.html, /Attractions-g1012576-Activities-Balatonfoldvar_Somogy_County_Southern_Transdanubia.html
Eastern Balatonföldvár Beach, 4.0, Nature & Parks, /Attraction_Review-g1012576-d15003190-Reviews-Eastern_Balatonfoldvar_Beach-Balatonfoldvar_Somogy_County_Southern_Transdanubia.html, /Attractions-g1012576-Activities-Balatonfoldvar_Somogy_County_Southern_Transdanubia.html
Kulipintyó, 5.0, Sights & Landmarks, /Attraction_Review-g1012576-d7695173-Reviews-Kulipintyo-Balatonfoldvar_Somogy_County_Southern_Transdanubia.html, /Attractions-g1012576-Activities-Balatonfoldvar_Somogy_County_Southern_Transdanubia.html
Viharsarok Sailing Center Balatonföldvár, 5.0, Boat Tours & Water Sports, /Attraction_Review-g1012576-d10158625-Reviews-Viharsarok_Sailing_Center_Balatonfoldvar-Balatonfoldvar_Somogy_County_Southern_.html, /Attractions-g1012576-Activities-Balatonfoldvar_Somogy_County_Southern_Transdanubia.html
Dirk Sailing Hungary, None, Boat Tours & Water Sports, /Attraction_Review-g1012576-d20162537-Reviews-Dirk_Sailing_Hungary-Balatonfoldvar_Somogy_County_Southern_Transdanubia.html, /Attractions-g1012576-Activities-Balatonfoldvar_Somogy_County_Southern_Transdanubia.html
