attraction_name, attraction_rate, attraction_type, attraction_url, attraction_parent_url
National Flag and Heroes' Monument of Zebegény, 4.5, Sights & Landmarks, /Attraction_Review-g2692041-d10279065-Reviews-National_Flag_and_Heroes_Monument_of_Zebegeny-Zebegeny_Pest_County_Central_Hung.html, /Attractions-g2692041-Activities-Zebegeny_Pest_County_Central_Hungary.html
Our Lady of the Snows Church, 5.0, Sights & Landmarks, /Attraction_Review-g2692041-d4584361-Reviews-Our_Lady_of_the_Snows_Church-Zebegeny_Pest_County_Central_Hungary.html, /Attractions-g2692041-Activities-Zebegeny_Pest_County_Central_Hungary.html
Hajózástörténeti Museum, 5.0, Museums, /Attraction_Review-g2692041-d13559574-Reviews-Hajozastorteneti_Museum-Zebegeny_Pest_County_Central_Hungary.html, /Attractions-g2692041-Activities-Zebegeny_Pest_County_Central_Hungary.html
Depo-Z, 5.0, Tours, /Attraction_Review-g2692041-d12493405-Reviews-Depo_Z-Zebegeny_Pest_County_Central_Hungary.html, /Attractions-g2692041-Activities-Zebegeny_Pest_County_Central_Hungary.html
