attraction_name, attraction_rate, attraction_type, attraction_url, attraction_parent_url
CBA Deli ABC Nagyaruhaz, 4.0, Shopping, /Attraction_Review-g274887-d1582678-Reviews-CBA_Deli_ABC_Nagyaruhaz-Budapest_Central_Hungary.html, /Attractions-g274887-Activities-Budapest_Central_Hungary.html
Keresztúr Market, 3.5, Food & Drink, /Attraction_Review-g274887-d14950888-Reviews-Keresztur_Market-Budapest_Central_Hungary.html, /Attractions-g274887-Activities-Budapest_Central_Hungary.html
Ruins of Contra Aquincum, 2.5, Sights & Landmarks, /Attraction_Review-g274887-d13866955-Reviews-Ruins_of_Contra_Aquincum-Budapest_Central_Hungary.html, /Attractions-g274887-Activities-Budapest_Central_Hungary.html
Istvan Tisza Monument, 3.5, Sights & Landmarks, /Attraction_Review-g274887-d19298665-Reviews-Istvan_Tisza_Monument-Budapest_Central_Hungary.html, /Attractions-g274887-Activities-Budapest_Central_Hungary.html
Kalmar Art Studio, 5.0, Museums, /Attraction_Review-g274887-d15322039-Reviews-Kalmar_Art_Studio-Budapest_Central_Hungary.html, /Attractions-g274887-Activities-Budapest_Central_Hungary.html
Former White Cross Inn, 3.0, Sights & Landmarks, /Attraction_Review-g274887-d13962724-Reviews-Former_White_Cross_Inn-Budapest_Central_Hungary.html, /Attractions-g274887-Activities-Budapest_Central_Hungary.html
Pafrany sorozo, 5.0, Casinos & Gambling, /Attraction_Review-g274887-d11931959-Reviews-Pafrany_sorozo-Budapest_Central_Hungary.html, /Attractions-g274887-Activities-Budapest_Central_Hungary.html
Forest Faun Statue, 3.5, Sights & Landmarks, /Attraction_Review-g274887-d15640710-Reviews-Forest_Faun_Statue-Budapest_Central_Hungary.html, /Attractions-g274887-Activities-Budapest_Central_Hungary.html
Hikisch House, 3.5, Sights & Landmarks, /Attraction_Review-g274887-d13939977-Reviews-Hikisch_House-Budapest_Central_Hungary.html, /Attractions-g274887-Activities-Budapest_Central_Hungary.html
Selfie World Budapest, 4.0, Museums, /Attraction_Review-g274887-d20215830-Reviews-Selfie_World_Budapest-Budapest_Central_Hungary.html, /Attractions-g274887-Activities-Budapest_Central_Hungary.html
Krisztinaváros Lady of Snows Church, 3.5, Sights & Landmarks, /Attraction_Review-g274887-d10664237-Reviews-Krisztinavaros_Lady_of_Snows_Church-Budapest_Central_Hungary.html, /Attractions-g274887-Activities-Budapest_Central_Hungary.html
Tamariska-domb Természetvédelmi Terület, 3.0, Nature & Parks, /Attraction_Review-g274887-d14769815-Reviews-Tamariska_domb_Termeszetvedelmi_Terulet-Budapest_Central_Hungary.html, /Attractions-g274887-Activities-Budapest_Central_Hungary.html
War & Peace memorial by Karoly Senyei, 3.5, Sights & Landmarks, /Attraction_Review-g274887-d13962688-Reviews-War_Peace_memorial_by_Karoly_Senyei-Budapest_Central_Hungary.html, /Attractions-g274887-Activities-Budapest_Central_Hungary.html
Virgin Mary Statue, 4.5, Sights & Landmarks, /Attraction_Review-g274887-d19085898-Reviews-Virgin_Mary_Statue-Budapest_Central_Hungary.html, /Attractions-g274887-Activities-Budapest_Central_Hungary.html
Kovács Gábor Collection, 5.0, Museums, /Attraction_Review-g274887-d13494223-Reviews-Kovacs_Gabor_Collection-Budapest_Central_Hungary.html, /Attractions-g274887-Activities-Budapest_Central_Hungary.html
Moro Antik, 5.0, Sights & Landmarks, /Attraction_Review-g274887-d6888673-Reviews-Moro_Antik-Budapest_Central_Hungary.html, /Attractions-g274887-Activities-Budapest_Central_Hungary.html
Mi&& magyarok - Latogatokozpont a Magyarsag Hazaban, 4.0, Museums, /Attraction_Review-g274887-d8428406-Reviews-Mi_magyarok_Latogatokozpont_a_Magyarsag_Hazaban-Budapest_Central_Hungary.html, /Attractions-g274887-Activities-Budapest_Central_Hungary.html
BigWall - Wall Climbing Club, 3.0, Fun & Games, /Attraction_Review-g274887-d8820668-Reviews-BigWall_Wall_Climbing_Club-Budapest_Central_Hungary.html, /Attractions-g274887-Activities-Budapest_Central_Hungary.html
Bem József Memorial, 3.5, Sights & Landmarks, /Attraction_Review-g274887-d13866890-Reviews-Bem_Jozsef_Memorial-Budapest_Central_Hungary.html, /Attractions-g274887-Activities-Budapest_Central_Hungary.html
National Dance Theater, 4.0, Concerts & Shows, /Attraction_Review-g274887-d5962317-Reviews-National_Dance_Theater-Budapest_Central_Hungary.html, /Attractions-g274887-Activities-Budapest_Central_Hungary.html
Harrer Pal statue, 3.5, Sights & Landmarks, /Attraction_Review-g274887-d13397144-Reviews-Harrer_Pal_statue-Budapest_Central_Hungary.html, /Attractions-g274887-Activities-Budapest_Central_Hungary.html
Egyetemi Hosi Emlek, 3.5, Sights & Landmarks, /Attraction_Review-g274887-d15637190-Reviews-Egyetemi_Hosi_Emlek-Budapest_Central_Hungary.html, /Attractions-g274887-Activities-Budapest_Central_Hungary.html
Tuzolto - Fire Department Museum, 5.0, Museums, /Attraction_Review-g274887-d17154656-Reviews-Tuzolto_Fire_Department_Museum-Budapest_Central_Hungary.html, /Attractions-g274887-Activities-Budapest_Central_Hungary.html
Hunyadi János, 3.0, Sights & Landmarks, /Attraction_Review-g274887-d13934142-Reviews-Hunyadi_Janos-Budapest_Central_Hungary.html, /Attractions-g274887-Activities-Budapest_Central_Hungary.html
Memorial to the First Honved Infantry Regiment, 3.5, Sights & Landmarks, /Attraction_Review-g274887-d13967280-Reviews-Memorial_to_the_First_Honved_Infantry_Regiment-Budapest_Central_Hungary.html, /Attractions-g274887-Activities-Budapest_Central_Hungary.html
Molnár-C. Pál Studio Museum, 3.5, Museums, /Attraction_Review-g274887-d7679130-Reviews-Molnar_C_Pal_Studio_Museum-Budapest_Central_Hungary.html, /Attractions-g274887-Activities-Budapest_Central_Hungary.html
Gardonyi Square, 3.5, Sights & Landmarks, /Attraction_Review-g274887-d13307660-Reviews-Gardonyi_Square-Budapest_Central_Hungary.html, /Attractions-g274887-Activities-Budapest_Central_Hungary.html
Outdoor museum budapest, 3.5, Museums, /Attraction_Review-g274887-d4367944-Reviews-Outdoor_museum_budapest-Budapest_Central_Hungary.html, /Attractions-g274887-Activities-Budapest_Central_Hungary.html
Raoul Wallenberg’s Statue, 4.0, Sights & Landmarks, /Attraction_Review-g274887-d13962699-Reviews-Raoul_Wallenberg_s_Statue-Budapest_Central_Hungary.html, /Attractions-g274887-Activities-Budapest_Central_Hungary.html
Holy Virgin Mary and Michael Archangel Church, 3.0, Sights & Landmarks, /Attraction_Review-g274887-d13350128-Reviews-Holy_Virgin_Mary_and_Michael_Archangel_Church-Budapest_Central_Hungary.html, /Attractions-g274887-Activities-Budapest_Central_Hungary.html
