attraction_name, attraction_rate, attraction_type, attraction_url, attraction_parent_url
Malom Lake, 5.0, Nature & Parks, /Attraction_Review-g277797-d12926789-Reviews-Malom_Lake-Tapolca_Veszprem_County_Central_Transdanubia.html, /Attractions-g277797-Activities-Tapolca_Veszprem_County_Central_Transdanubia.html
Lake Cave, 4.0, Nature & Parks, /Attraction_Review-g277797-d2198372-Reviews-Lake_Cave-Tapolca_Veszprem_County_Central_Transdanubia.html, /Attractions-g277797-Activities-Tapolca_Veszprem_County_Central_Transdanubia.html
Csobanc, 5.0, Nature & Parks, /Attraction_Review-g277797-d11667392-Reviews-Csobanc-Tapolca_Veszprem_County_Central_Transdanubia.html, /Attractions-g277797-Activities-Tapolca_Veszprem_County_Central_Transdanubia.html
Marton Laszlo Studio Gallery, 5.0, Museums, /Attraction_Review-g277797-d15104867-Reviews-Marton_Laszlo_Studio_Gallery-Tapolca_Veszprem_County_Central_Transdanubia.html, /Attractions-g277797-Activities-Tapolca_Veszprem_County_Central_Transdanubia.html
BorBarlang, None, Nightlife, /Attraction_Review-g277797-d13546511-Reviews-BorBarlang-Tapolca_Veszprem_County_Central_Transdanubia.html, /Attractions-g277797-Activities-Tapolca_Veszprem_County_Central_Transdanubia.html
Trio Pince, None, Food & Drink, /Attraction_Review-g277797-d19366725-Reviews-Trio_Pince-Tapolca_Veszprem_County_Central_Transdanubia.html, /Attractions-g277797-Activities-Tapolca_Veszprem_County_Central_Transdanubia.html
