attraction_name, attraction_rate, attraction_type, attraction_url, attraction_parent_url
Szent Andras Brewery, 4.5, Food & Drink, /Attraction_Review-g8801194-d10766920-Reviews-Szent_Andras_Brewery-Bekesszentandras_Bekes_County_Southern_Great_Plain.html, /Attractions-g8801194-Activities-Bekesszentandras_Bekes_County_Southern_Great_Plain.html
Saint Andrew Church, 3.0, Sights & Landmarks, /Attraction_Review-g8801194-d10514408-Reviews-Saint_Andrew_Church-Bekesszentandras_Bekes_County_Southern_Great_Plain.html, /Attractions-g8801194-Activities-Bekesszentandras_Bekes_County_Southern_Great_Plain.html
Andrew’s Cross, 3.0, Sights & Landmarks, /Attraction_Review-g8801194-d10514470-Reviews-Andrew_s_Cross-Bekesszentandras_Bekes_County_Southern_Great_Plain.html, /Attractions-g8801194-Activities-Bekesszentandras_Bekes_County_Southern_Great_Plain.html
World War I Monument or Heroes Statue, 3.0, Sights & Landmarks, /Attraction_Review-g8801194-d10383043-Reviews-World_War_I_Monument_or_Heroes_Statue-Bekesszentandras_Bekes_County_Southern_Gr.html, /Attractions-g8801194-Activities-Bekesszentandras_Bekes_County_Southern_Great_Plain.html
Hunyadi Kastely, None, Sights & Landmarks, /Attraction_Review-g8801194-d17724782-Reviews-Hunyadi_Kastely-Bekesszentandras_Bekes_County_Southern_Great_Plain.html, /Attractions-g8801194-Activities-Bekesszentandras_Bekes_County_Southern_Great_Plain.html
