attraction_name, attraction_rate, attraction_type, attraction_url, attraction_parent_url
Nuclear Energy Museum, 4.5, Museums, /Attraction_Review-g1563518-d12994551-Reviews-Nuclear_Energy_Museum-Paks_Southern_Transdanubia.html, /Attractions-g1563518-Activities-Paks_Southern_Transdanubia.html
Paksi Varosi Muzeum, 5.0, Museums, /Attraction_Review-g1563518-d19056418-Reviews-Paksi_Varosi_Muzeum-Paks_Southern_Transdanubia.html, /Attractions-g1563518-Activities-Paks_Southern_Transdanubia.html
Lussonium – Garden of Roman ruins, 3.5, Sights & Landmarks, /Attraction_Review-g1563518-d8498452-Reviews-Lussonium_Garden_of_Roman_ruins-Paks_Southern_Transdanubia.html, /Attractions-g1563518-Activities-Paks_Southern_Transdanubia.html
Paksi Metszet, None, Museums, /Attraction_Review-g1563518-d19056401-Reviews-Paksi_Metszet-Paks_Southern_Transdanubia.html, /Attractions-g1563518-Activities-Paks_Southern_Transdanubia.html
