attraction_name, attraction_rate, attraction_type, attraction_url, attraction_parent_url
Cascade Barlang Furdo, 3.5, Spas & Wellness, /Attraction_Review-g4293905-d8011767-Reviews-Cascade_Barlang_Furdo-Demjen_Heves_County_Northern_Hungary.html, /Attractions-g4293905-Activities-Demjen_Heves_County_Northern_Hungary.html
Tofurdo, 4.5, Spas & Wellness, /Attraction_Review-g4293905-d14931961-Reviews-Tofurdo-Demjen_Heves_County_Northern_Hungary.html, /Attractions-g4293905-Activities-Demjen_Heves_County_Northern_Hungary.html
Cascade Medicinal Bath and Aqua Park, 3.5, Water & Amusement Parks, /Attraction_Review-g4293905-d12854379-Reviews-Cascade_Medicinal_Bath_and_Aqua_Park-Demjen_Heves_County_Northern_Hungary.html, /Attractions-g4293905-Activities-Demjen_Heves_County_Northern_Hungary.html
Giga Ugralovaras Jatszopark, None, Fun & Games, /Attraction_Review-g4293905-d17826561-Reviews-Giga_Ugralovaras_Jatszopark-Demjen_Heves_County_Northern_Hungary.html, /Attractions-g4293905-Activities-Demjen_Heves_County_Northern_Hungary.html
