attraction_name, attraction_rate, attraction_type, attraction_url, attraction_parent_url
Brunszvik - Kastélypark&& Beethoven Emlékmúzeum, 4.0, Museums, /Attraction_Review-g6309097-d6013656-Reviews-Brunszvik_Kastelypark_Beethoven_Emlekmuzeum-Martonvasar_Fejer_County_Central_Tra.html, /Attractions-g6309097-Activities-Martonvasar_Fejer_County_Central_Transdanubia.html
Brunswick Castle, 4.5, Sights & Landmarks, /Attraction_Review-g6309097-d3668222-Reviews-Brunswick_Castle-Martonvasar_Fejer_County_Central_Transdanubia.html, /Attractions-g6309097-Activities-Martonvasar_Fejer_County_Central_Transdanubia.html
Óvodamúzeum - Kindergarten Museum, 5.0, Museums, /Attraction_Review-g6309097-d10527844-Reviews-Ovodamuzeum_Kindergarten_Museum-Martonvasar_Fejer_County_Central_Transdanubia.html, /Attractions-g6309097-Activities-Martonvasar_Fejer_County_Central_Transdanubia.html
Martonvásári Szent Anna templom, None, Sights & Landmarks, /Attraction_Review-g6309097-d21363315-Reviews-Martonvasari_Szent_Anna_templom-Martonvasar_Fejer_County_Central_Transdanubia.html, /Attractions-g6309097-Activities-Martonvasar_Fejer_County_Central_Transdanubia.html
