attraction_name, attraction_rate, attraction_type, attraction_url, attraction_parent_url
MNM Rakoczi Muzeuma, 4.5, Sights & Landmarks, /Attraction_Review-g754055-d6416239-Reviews-MNM_Rakoczi_Muzeuma-Sarospatak_Borsod_Abauj_Zemplen_County_Northern_Hungary.html, /Attractions-g754055-Activities-Sarospatak_Borsod_Abauj_Zemplen_County_Northern_Hungary.html
Megyer-hegy Tarn, 4.0, Nature & Parks, /Attraction_Review-g754055-d12206875-Reviews-Megyer_hegy_Tarn-Sarospatak_Borsod_Abauj_Zemplen_County_Northern_Hungary.html, /Attractions-g754055-Activities-Sarospatak_Borsod_Abauj_Zemplen_County_Northern_Hungary.html
Iskolakert, 3.5, Nature & Parks, /Attraction_Review-g754055-d10751058-Reviews-Iskolakert-Sarospatak_Borsod_Abauj_Zemplen_County_Northern_Hungary.html, /Attractions-g754055-Activities-Sarospatak_Borsod_Abauj_Zemplen_County_Northern_Hungary.html
Sárospatak Végardó Bath, 3.5, Spas & Wellness, /Attraction_Review-g754055-d10751044-Reviews-Sarospatak_Vegardo_Bath-Sarospatak_Borsod_Abauj_Zemplen_County_Northern_Hungary.html, /Attractions-g754055-Activities-Sarospatak_Borsod_Abauj_Zemplen_County_Northern_Hungary.html
Élet-forma Fitness, None, Spas & Wellness, /Attraction_Review-g754055-d10751050-Reviews-Elet_forma_Fitness-Sarospatak_Borsod_Abauj_Zemplen_County_Northern_Hungary.html, /Attractions-g754055-Activities-Sarospatak_Borsod_Abauj_Zemplen_County_Northern_Hungary.html
Cuvée Event Venue, None, Food & Drink, /Attraction_Review-g754055-d20221721-Reviews-Cuvee_Event_Venue-Sarospatak_Borsod_Abauj_Zemplen_County_Northern_Hungary.html, /Attractions-g754055-Activities-Sarospatak_Borsod_Abauj_Zemplen_County_Northern_Hungary.html
