attraction_name, attraction_rate, attraction_type, attraction_url, attraction_parent_url
Kossuth Square, 4.5, Nature & Parks, /Attraction_Review-g793790-d10770044-Reviews-Kossuth_Square-Hodmezovasarhely_Csongrad_County_Southern_Great_Plain.html, /Attractions-g793790-Activities-Hodmezovasarhely_Csongrad_County_Southern_Great_Plain.html
Synagogue of Hódmezővásárhely, 4.5, Sights & Landmarks, /Attraction_Review-g793790-d10770078-Reviews-Synagogue_of_Hodmezovasarhely-Hodmezovasarhely_Csongrad_County_Southern_Great_Pl.html, /Attractions-g793790-Activities-Hodmezovasarhely_Csongrad_County_Southern_Great_Plain.html
The Statue of Lajos Kossuth, 4.0, Sights & Landmarks, /Attraction_Review-g793790-d10814628-Reviews-The_Statue_of_Lajos_Kossuth-Hodmezovasarhely_Csongrad_County_Southern_Great_Plai.html, /Attractions-g793790-Activities-Hodmezovasarhely_Csongrad_County_Southern_Great_Plain.html
Reformed New Church, 3.5, Sights & Landmarks, /Attraction_Review-g793790-d10769704-Reviews-Reformed_New_Church-Hodmezovasarhely_Csongrad_County_Southern_Great_Plain.html, /Attractions-g793790-Activities-Hodmezovasarhely_Csongrad_County_Southern_Great_Plain.html
Emlekpont, 4.0, Museums, /Attraction_Review-g793790-d13397189-Reviews-Emlekpont-Hodmezovasarhely_Csongrad_County_Southern_Great_Plain.html, /Attractions-g793790-Activities-Hodmezovasarhely_Csongrad_County_Southern_Great_Plain.html
Szent Istvan Square, 2.5, Sights & Landmarks, /Attraction_Review-g793790-d10633088-Reviews-Szent_Istvan_Square-Hodmezovasarhely_Csongrad_County_Southern_Great_Plain.html, /Attractions-g793790-Activities-Hodmezovasarhely_Csongrad_County_Southern_Great_Plain.html
Szent István Church, 3.5, Sights & Landmarks, /Attraction_Review-g793790-d10769671-Reviews-Szent_Istvan_Church-Hodmezovasarhely_Csongrad_County_Southern_Great_Plain.html, /Attractions-g793790-Activities-Hodmezovasarhely_Csongrad_County_Southern_Great_Plain.html
St Stephen Statue, 4.0, Sights & Landmarks, /Attraction_Review-g793790-d10770036-Reviews-St_Stephen_Statue-Hodmezovasarhely_Csongrad_County_Southern_Great_Plain.html, /Attractions-g793790-Activities-Hodmezovasarhely_Csongrad_County_Southern_Great_Plain.html
Borsika Udvar, 5.0, Shopping, /Attraction_Review-g793790-d13490923-Reviews-Borsika_Udvar-Hodmezovasarhely_Csongrad_County_Southern_Great_Plain.html, /Attractions-g793790-Activities-Hodmezovasarhely_Csongrad_County_Southern_Great_Plain.html
Rozetta Glass Jewellery, 4.5, Shopping, /Attraction_Review-g793790-d8743729-Reviews-Rozetta_Glass_Jewellery-Hodmezovasarhely_Csongrad_County_Southern_Great_Plain.html, /Attractions-g793790-Activities-Hodmezovasarhely_Csongrad_County_Southern_Great_Plain.html
