attraction_name, attraction_rate, attraction_type, attraction_url, attraction_parent_url
Andrássy út, 4.5, Sights & Landmarks, /Attraction_Review-g274885-d10263880-Reviews-Andrassy_ut-Bekescsaba_Bekes_County_Southern_Great_Plain.html, /Attractions-g274885-Activities-Bekescsaba_Bekes_County_Southern_Great_Plain.html
Roman Catholic Church, 4.5, Sights & Landmarks, /Attraction_Review-g274885-d7051955-Reviews-Roman_Catholic_Church-Bekescsaba_Bekes_County_Southern_Great_Plain.html, /Attractions-g274885-Activities-Bekescsaba_Bekes_County_Southern_Great_Plain.html
Munkácsy Mihály Múzeum, 4.0, Museums, /Attraction_Review-g274885-d10490889-Reviews-Munkacsy_Mihaly_Muzeum-Bekescsaba_Bekes_County_Southern_Great_Plain.html, /Attractions-g274885-Activities-Bekescsaba_Bekes_County_Southern_Great_Plain.html
Protestant Great Church, 4.0, Sights & Landmarks, /Attraction_Review-g274885-d10758170-Reviews-Protestant_Great_Church-Bekescsaba_Bekes_County_Southern_Great_Plain.html, /Attractions-g274885-Activities-Bekescsaba_Bekes_County_Southern_Great_Plain.html
Békéscsabai Jókai Színház, 4.0, Concerts & Shows, /Attraction_Review-g274885-d12814110-Reviews-Bekescsabai_Jokai_Szinhaz-Bekescsaba_Bekes_County_Southern_Great_Plain.html, /Attractions-g274885-Activities-Bekescsaba_Bekes_County_Southern_Great_Plain.html
City Hall, 3.5, Sights & Landmarks, /Attraction_Review-g274885-d10758271-Reviews-City_Hall-Bekescsaba_Bekes_County_Southern_Great_Plain.html, /Attractions-g274885-Activities-Bekescsaba_Bekes_County_Southern_Great_Plain.html
Market Hall, 4.0, Food & Drink, /Attraction_Review-g274885-d12827628-Reviews-Market_Hall-Bekescsaba_Bekes_County_Southern_Great_Plain.html, /Attractions-g274885-Activities-Bekescsaba_Bekes_County_Southern_Great_Plain.html
Csaba Center, 4.0, Shopping, /Attraction_Review-g274885-d4547963-Reviews-Csaba_Center-Bekescsaba_Bekes_County_Southern_Great_Plain.html, /Attractions-g274885-Activities-Bekescsaba_Bekes_County_Southern_Great_Plain.html
SupPort Pub Kikoto, 5.0, Nightlife, /Attraction_Review-g274885-d17753245-Reviews-SupPort_Pub_Kikoto-Bekescsaba_Bekes_County_Southern_Great_Plain.html, /Attractions-g274885-Activities-Bekescsaba_Bekes_County_Southern_Great_Plain.html
Bottle Crafts Brewery, 5.0, Nightlife, /Attraction_Review-g274885-d15273120-Reviews-Bottle_Crafts_Brewery-Bekescsaba_Bekes_County_Southern_Great_Plain.html, /Attractions-g274885-Activities-Bekescsaba_Bekes_County_Southern_Great_Plain.html
Árpád Gyógy- és Strandfürdő, 3.0, Spas & Wellness, /Attraction_Review-g274885-d12814118-Reviews-Arpad_Gyogy_es_Strandfurdo-Bekescsaba_Bekes_County_Southern_Great_Plain.html, /Attractions-g274885-Activities-Bekescsaba_Bekes_County_Southern_Great_Plain.html
Paintball Arena, None, Fun & Games, /Attraction_Review-g274885-d20316516-Reviews-Paintball_Arena-Bekescsaba_Bekes_County_Southern_Great_Plain.html, /Attractions-g274885-Activities-Bekescsaba_Bekes_County_Southern_Great_Plain.html
Kalitka szabadulószoba, None, Fun & Games, /Attraction_Review-g274885-d21006345-Reviews-Kalitka_szabaduloszoba-Bekescsaba_Bekes_County_Southern_Great_Plain.html, /Attractions-g274885-Activities-Bekescsaba_Bekes_County_Southern_Great_Plain.html
Gabonamúzeum, None, Museums, /Attraction_Review-g274885-d21231448-Reviews-Gabonamuzeum-Bekescsaba_Bekes_County_Southern_Great_Plain.html, /Attractions-g274885-Activities-Bekescsaba_Bekes_County_Southern_Great_Plain.html
