attraction_name, attraction_rate, attraction_type, attraction_url, attraction_parent_url
Lillafured, 4.5, Sights & Landmarks, /Attraction_Review-g274902-d1055194-Reviews-Lillafured-Miskolc_Borsod_Abauj_Zemplen_County_Northern_Hungary.html, /Attractions-g274902-Activities-Miskolc_Borsod_Abauj_Zemplen_County_Northern_Hungary.html
Castle of Diósgyőr, 4.5, Sights & Landmarks, /Attraction_Review-g274902-d1788677-Reviews-Castle_of_Diosgyor-Miskolc_Borsod_Abauj_Zemplen_County_Northern_Hungary.html, /Attractions-g274902-Activities-Miskolc_Borsod_Abauj_Zemplen_County_Northern_Hungary.html
Bükk National Park, 4.5, Nature & Parks, /Attraction_Review-g274902-d3371275-Reviews-Bukk_National_Park-Miskolc_Borsod_Abauj_Zemplen_County_Northern_Hungary.html, /Attractions-g274902-Activities-Miskolc_Borsod_Abauj_Zemplen_County_Northern_Hungary.html
Miskolc Zoo and Culture Park, 4.5, Zoos & Aquariums, /Attraction_Review-g274902-d2043562-Reviews-Miskolc_Zoo_and_Culture_Park-Miskolc_Borsod_Abauj_Zemplen_County_Northern_Hungary.html, /Attractions-g274902-Activities-Miskolc_Borsod_Abauj_Zemplen_County_Northern_Hungary.html
State Forest Railways of Lillafured, 4.5, Tours, /Attraction_Review-g274902-d3533011-Reviews-State_Forest_Railways_of_Lillafured-Miskolc_Borsod_Abauj_Zemplen_County_Northern_.html, /Attractions-g274902-Activities-Miskolc_Borsod_Abauj_Zemplen_County_Northern_Hungary.html
Szentháromság Church, 5.0, Sights & Landmarks, /Attraction_Review-g274902-d11881275-Reviews-Szentharomsag_Church-Miskolc_Borsod_Abauj_Zemplen_County_Northern_Hungary.html, /Attractions-g274902-Activities-Miskolc_Borsod_Abauj_Zemplen_County_Northern_Hungary.html
Old Wooden Church, 4.5, Sights & Landmarks, /Attraction_Review-g274902-d3473674-Reviews-Old_Wooden_Church-Miskolc_Borsod_Abauj_Zemplen_County_Northern_Hungary.html, /Attractions-g274902-Activities-Miskolc_Borsod_Abauj_Zemplen_County_Northern_Hungary.html
Avasi Kilato, 3.5, Sights & Landmarks, /Attraction_Review-g274902-d7159353-Reviews-Avasi_Kilato-Miskolc_Borsod_Abauj_Zemplen_County_Northern_Hungary.html, /Attractions-g274902-Activities-Miskolc_Borsod_Abauj_Zemplen_County_Northern_Hungary.html
Herman Otto Museum, 4.5, Museums, /Attraction_Review-g274902-d6947141-Reviews-Herman_Otto_Museum-Miskolc_Borsod_Abauj_Zemplen_County_Northern_Hungary.html, /Attractions-g274902-Activities-Miskolc_Borsod_Abauj_Zemplen_County_Northern_Hungary.html
Pannontenger Museum, 4.5, Museums, /Attraction_Review-g274902-d6947136-Reviews-Pannontenger_Museum-Miskolc_Borsod_Abauj_Zemplen_County_Northern_Hungary.html, /Attractions-g274902-Activities-Miskolc_Borsod_Abauj_Zemplen_County_Northern_Hungary.html
Miskolc Plaza, 4.0, Shopping, /Attraction_Review-g274902-d7856368-Reviews-Miskolc_Plaza-Miskolc_Borsod_Abauj_Zemplen_County_Northern_Hungary.html, /Attractions-g274902-Activities-Miskolc_Borsod_Abauj_Zemplen_County_Northern_Hungary.html
Mindszenti Church, 4.5, Sights & Landmarks, /Attraction_Review-g274902-d9716514-Reviews-Mindszenti_Church-Miskolc_Borsod_Abauj_Zemplen_County_Northern_Hungary.html, /Attractions-g274902-Activities-Miskolc_Borsod_Abauj_Zemplen_County_Northern_Hungary.html
Selyemréti Bath, 3.5, Water & Amusement Parks, /Attraction_Review-g274902-d10278763-Reviews-Selyemreti_Bath-Miskolc_Borsod_Abauj_Zemplen_County_Northern_Hungary.html, /Attractions-g274902-Activities-Miskolc_Borsod_Abauj_Zemplen_County_Northern_Hungary.html
Greek Orthodox Church and Museum, 4.5, Museums, /Attraction_Review-g274902-d7155690-Reviews-Greek_Orthodox_Church_and_Museum-Miskolc_Borsod_Abauj_Zemplen_County_Northern_Hun.html, /Attractions-g274902-Activities-Miskolc_Borsod_Abauj_Zemplen_County_Northern_Hungary.html
Avas Church, 4.5, Sights & Landmarks, /Attraction_Review-g274902-d8514567-Reviews-Avas_Church-Miskolc_Borsod_Abauj_Zemplen_County_Northern_Hungary.html, /Attractions-g274902-Activities-Miskolc_Borsod_Abauj_Zemplen_County_Northern_Hungary.html
The Kazinczy Street Synagogue of Miskolc, 4.5, Sights & Landmarks, /Attraction_Review-g274902-d5544683-Reviews-The_Kazinczy_Street_Synagogue_of_Miskolc-Miskolc_Borsod_Abauj_Zemplen_County_Nort.html, /Attractions-g274902-Activities-Miskolc_Borsod_Abauj_Zemplen_County_Northern_Hungary.html
Museum of Theatrical History and Acting, 5.0, Museums, /Attraction_Review-g274902-d8535365-Reviews-Museum_of_Theatrical_History_and_Acting-Miskolc_Borsod_Abauj_Zemplen_County_North.html, /Attractions-g274902-Activities-Miskolc_Borsod_Abauj_Zemplen_County_Northern_Hungary.html
The Minorite Church, 4.0, Sights & Landmarks, /Attraction_Review-g274902-d6662327-Reviews-The_Minorite_Church-Miskolc_Borsod_Abauj_Zemplen_County_Northern_Hungary.html, /Attractions-g274902-Activities-Miskolc_Borsod_Abauj_Zemplen_County_Northern_Hungary.html
National Theatre of Miskolc, 4.5, Concerts & Shows, /Attraction_Review-g274902-d6367214-Reviews-National_Theatre_of_Miskolc-Miskolc_Borsod_Abauj_Zemplen_County_Northern_Hungary.html, /Attractions-g274902-Activities-Miskolc_Borsod_Abauj_Zemplen_County_Northern_Hungary.html
Massa Museum, 4.5, Museums, /Attraction_Review-g274902-d8539942-Reviews-Massa_Museum-Miskolc_Borsod_Abauj_Zemplen_County_Northern_Hungary.html, /Attractions-g274902-Activities-Miskolc_Borsod_Abauj_Zemplen_County_Northern_Hungary.html
Diosgyori Stadion, 5.0, Sights & Landmarks, /Attraction_Review-g274902-d15150964-Reviews-Diosgyori_Stadion-Miskolc_Borsod_Abauj_Zemplen_County_Northern_Hungary.html, /Attractions-g274902-Activities-Miskolc_Borsod_Abauj_Zemplen_County_Northern_Hungary.html
Metallurgical Museum, 4.5, Museums, /Attraction_Review-g274902-d8592836-Reviews-Metallurgical_Museum-Miskolc_Borsod_Abauj_Zemplen_County_Northern_Hungary.html, /Attractions-g274902-Activities-Miskolc_Borsod_Abauj_Zemplen_County_Northern_Hungary.html
Tournament Field, 4.5, Sights & Landmarks, /Attraction_Review-g274902-d8714333-Reviews-Tournament_Field-Miskolc_Borsod_Abauj_Zemplen_County_Northern_Hungary.html, /Attractions-g274902-Activities-Miskolc_Borsod_Abauj_Zemplen_County_Northern_Hungary.html
Miskolc Greek Catholic Cathedral of Assumption, 4.5, Sights & Landmarks, /Attraction_Review-g274902-d10165063-Reviews-Miskolc_Greek_Catholic_Cathedral_of_Assumption-Miskolc_Borsod_Abauj_Zemplen_Coun.html, /Attractions-g274902-Activities-Miskolc_Borsod_Abauj_Zemplen_County_Northern_Hungary.html
Benedictine Monastery Ruins, 4.0, Sights & Landmarks, /Attraction_Review-g274902-d3474651-Reviews-Benedictine_Monastery_Ruins-Miskolc_Borsod_Abauj_Zemplen_County_Northern_Hungary.html, /Attractions-g274902-Activities-Miskolc_Borsod_Abauj_Zemplen_County_Northern_Hungary.html
Miskolc Gallery, 4.5, Museums, /Attraction_Review-g274902-d8563636-Reviews-Miskolc_Gallery-Miskolc_Borsod_Abauj_Zemplen_County_Northern_Hungary.html, /Attractions-g274902-Activities-Miskolc_Borsod_Abauj_Zemplen_County_Northern_Hungary.html
Avas-déli Isteni Ige Church, 4.0, Sights & Landmarks, /Attraction_Review-g274902-d10165059-Reviews-Avas_deli_Isteni_Ige_Church-Miskolc_Borsod_Abauj_Zemplen_County_Northern_Hungary.html, /Attractions-g274902-Activities-Miskolc_Borsod_Abauj_Zemplen_County_Northern_Hungary.html
Herman Ottó Emlékház, 5.0, Museums, /Attraction_Review-g274902-d8728756-Reviews-Herman_Otto_Emlekhaz-Miskolc_Borsod_Abauj_Zemplen_County_Northern_Hungary.html, /Attractions-g274902-Activities-Miskolc_Borsod_Abauj_Zemplen_County_Northern_Hungary.html
Rooster Church, 4.5, Sights & Landmarks, /Attraction_Review-g274902-d9716559-Reviews-Rooster_Church-Miskolc_Borsod_Abauj_Zemplen_County_Northern_Hungary.html, /Attractions-g274902-Activities-Miskolc_Borsod_Abauj_Zemplen_County_Northern_Hungary.html
Cave Bath of Miskolctapolca, 4.0, Spas & Wellness, /Attraction_Review-g274902-d1788680-Reviews-Cave_Bath_of_Miskolctapolca-Miskolc_Borsod_Abauj_Zemplen_County_Northern_Hungary.html, /Attractions-g274902-Activities-Miskolc_Borsod_Abauj_Zemplen_County_Northern_Hungary.html
