attraction_name, attraction_rate, attraction_type, attraction_url, attraction_parent_url
Budapest Eye, 4.0, Sights & Landmarks, /Attraction_Review-g274887-d12571866-Reviews-Budapest_Eye-Budapest_Central_Hungary.html, /Attractions-g274887-Activities-Budapest_Central_Hungary.html
Museum of Sweets & Selfies, 4.0, Museums, /Attraction_Review-g274887-d15649183-Reviews-Museum_of_Sweets_Selfies-Budapest_Central_Hungary.html, /Attractions-g274887-Activities-Budapest_Central_Hungary.html
Aquincum Museum, 4.0, Sights & Landmarks, /Attraction_Review-g274887-d276831-Reviews-Aquincum_Museum-Budapest_Central_Hungary.html, /Attractions-g274887-Activities-Budapest_Central_Hungary.html
Little Princess Statue, 4.0, Sights & Landmarks, /Attraction_Review-g274887-d6510929-Reviews-Little_Princess_Statue-Budapest_Central_Hungary.html, /Attractions-g274887-Activities-Budapest_Central_Hungary.html
Budapest Operetta Theatre, 4.5, Concerts & Shows, /Attraction_Review-g274887-d276863-Reviews-Budapest_Operetta_Theatre-Budapest_Central_Hungary.html, /Attractions-g274887-Activities-Budapest_Central_Hungary.html
Columbo Statue, 4.5, Sights & Landmarks, /Attraction_Review-g274887-d8724730-Reviews-Columbo_Statue-Budapest_Central_Hungary.html, /Attractions-g274887-Activities-Budapest_Central_Hungary.html
Metropolitan Ervin Szabó Library, 4.5, Traveller Resources, /Attraction_Review-g274887-d7923506-Reviews-Metropolitan_Ervin_Szabo_Library-Budapest_Central_Hungary.html, /Attractions-g274887-Activities-Budapest_Central_Hungary.html
Gellért Hill Cave, 4.0, Sights & Landmarks, /Attraction_Review-g274887-d1018238-Reviews-Gellert_Hill_Cave-Budapest_Central_Hungary.html, /Attractions-g274887-Activities-Budapest_Central_Hungary.html
Korzo - Danube Embankment (Dunakorzó), 4.5, Sights & Landmarks, /Attraction_Review-g274887-d276811-Reviews-Korzo_Danube_Embankment_Dunakorzo-Budapest_Central_Hungary.html, /Attractions-g274887-Activities-Budapest_Central_Hungary.html
Westend Shopping Center, 4.0, Shopping, /Attraction_Review-g274887-d1063210-Reviews-Westend_Shopping_Center-Budapest_Central_Hungary.html, /Attractions-g274887-Activities-Budapest_Central_Hungary.html
Gul Baba's Tomb (Gul Baba Turbeje), 4.0, Sights & Landmarks, /Attraction_Review-g274887-d279016-Reviews-Gul_Baba_s_Tomb_Gul_Baba_Turbeje-Budapest_Central_Hungary.html, /Attractions-g274887-Activities-Budapest_Central_Hungary.html
Sculpture of the Boys of the Pál Street, 4.5, Sights & Landmarks, /Attraction_Review-g274887-d3202836-Reviews-Sculpture_of_the_Boys_of_the_Pal_Street-Budapest_Central_Hungary.html, /Attractions-g274887-Activities-Budapest_Central_Hungary.html
Müpa Budapest, 4.5, Concerts & Shows, /Attraction_Review-g274887-d2104659-Reviews-Mupa_Budapest-Budapest_Central_Hungary.html, /Attractions-g274887-Activities-Budapest_Central_Hungary.html
Arena Mall, 4.0, Shopping, /Attraction_Review-g274887-d6999097-Reviews-Arena_Mall-Budapest_Central_Hungary.html, /Attractions-g274887-Activities-Budapest_Central_Hungary.html
Palvolgyi Caves, 4.5, Nature & Parks, /Attraction_Review-g274887-d5617713-Reviews-Palvolgyi_Caves-Budapest_Central_Hungary.html, /Attractions-g274887-Activities-Budapest_Central_Hungary.html
Museum of Military History (Hadtorteneti Muzeum), 4.0, Museums, /Attraction_Review-g274887-d276802-Reviews-Museum_of_Military_History_Hadtorteneti_Muzeum-Budapest_Central_Hungary.html, /Attractions-g274887-Activities-Budapest_Central_Hungary.html
Hold Utca Food Market, 4.0, Food & Drink, /Attraction_Review-g274887-d6939725-Reviews-Hold_Utca_Food_Market-Budapest_Central_Hungary.html, /Attractions-g274887-Activities-Budapest_Central_Hungary.html
Panoptikum, 3.5, Museums, /Attraction_Review-g274887-d7372844-Reviews-Panoptikum-Budapest_Central_Hungary.html, /Attractions-g274887-Activities-Budapest_Central_Hungary.html
Pesti Vigado, 4.5, Concerts & Shows, /Attraction_Review-g274887-d607182-Reviews-Pesti_Vigado-Budapest_Central_Hungary.html, /Attractions-g274887-Activities-Budapest_Central_Hungary.html
Bubble Football Budapest, 5.0, Fun & Games, /Attraction_Review-g274887-d13120618-Reviews-Bubble_Football_Budapest-Budapest_Central_Hungary.html, /Attractions-g274887-Activities-Budapest_Central_Hungary.html
Hungarian Jewish Museum and Archives, 4.0, Museums, /Attraction_Review-g274887-d519660-Reviews-Hungarian_Jewish_Museum_and_Archives-Budapest_Central_Hungary.html, /Attractions-g274887-Activities-Budapest_Central_Hungary.html
Lehel Market Hall, 4.0, Shopping, /Attraction_Review-g274887-d3750886-Reviews-Lehel_Market_Hall-Budapest_Central_Hungary.html, /Attractions-g274887-Activities-Budapest_Central_Hungary.html
The Fat Policeman Statue, 4.0, Sights & Landmarks, /Attraction_Review-g274887-d8535203-Reviews-The_Fat_Policeman_Statue-Budapest_Central_Hungary.html, /Attractions-g274887-Activities-Budapest_Central_Hungary.html
Kazinczy Street Synagogue, 4.5, Sights & Landmarks, /Attraction_Review-g274887-d3265693-Reviews-Kazinczy_Street_Synagogue-Budapest_Central_Hungary.html, /Attractions-g274887-Activities-Budapest_Central_Hungary.html
Hungarian Railway Museum (Magyar Vasuttorteneti Park), 4.5, Museums, /Attraction_Review-g274887-d3515521-Reviews-Hungarian_Railway_Museum_Magyar_Vasuttorteneti_Park-Budapest_Central_Hungary.html, /Attractions-g274887-Activities-Budapest_Central_Hungary.html
Normafa, 5.0, Nature & Parks, /Attraction_Review-g274887-d10500994-Reviews-Normafa-Budapest_Central_Hungary.html, /Attractions-g274887-Activities-Budapest_Central_Hungary.html
Budapest Metro, 3.5, Transportation, /Attraction_Review-g274887-d9740716-Reviews-Budapest_Metro-Budapest_Central_Hungary.html, /Attractions-g274887-Activities-Budapest_Central_Hungary.html
Margaret Bridge, 4.0, Sights & Landmarks, /Attraction_Review-g274887-d276129-Reviews-Margaret_Bridge-Budapest_Central_Hungary.html, /Attractions-g274887-Activities-Budapest_Central_Hungary.html
Deak Ferenc Square, 4.0, Sights & Landmarks, /Attraction_Review-g274887-d12405764-Reviews-Deak_Ferenc_Square-Budapest_Central_Hungary.html, /Attractions-g274887-Activities-Budapest_Central_Hungary.html
Fountain of King Matthias, 4.5, Sights & Landmarks, /Attraction_Review-g274887-d6536453-Reviews-Fountain_of_King_Matthias-Budapest_Central_Hungary.html, /Attractions-g274887-Activities-Budapest_Central_Hungary.html
