attraction_name, attraction_rate, attraction_type, attraction_url, attraction_parent_url
Water Mill in Rackevei / Rackevei Hajomalom, 4.5, Sights & Landmarks, /Attraction_Review-g1202839-d6777317-Reviews-Water_Mill_in_Rackevei_Rackevei_Hajomalom-Rackeve_Pest_County_Central_Hungary.html, /Attractions-g1202839-Activities-Rackeve_Pest_County_Central_Hungary.html
Serbian Orthodox Church, 5.0, Sights & Landmarks, /Attraction_Review-g1202839-d12564007-Reviews-Serbian_Orthodox_Church-Rackeve_Pest_County_Central_Hungary.html, /Attractions-g1202839-Activities-Rackeve_Pest_County_Central_Hungary.html
Aqualand, 3.5, Fun & Games, /Attraction_Review-g1202839-d8548799-Reviews-Aqualand-Rackeve_Pest_County_Central_Hungary.html, /Attractions-g1202839-Activities-Rackeve_Pest_County_Central_Hungary.html
Reformed Church, 5.0, Sights & Landmarks, /Attraction_Review-g1202839-d19765837-Reviews-Reformed_Church-Rackeve_Pest_County_Central_Hungary.html, /Attractions-g1202839-Activities-Rackeve_Pest_County_Central_Hungary.html
Duna Lövész Sports Club, 4.0, Fun & Games, /Attraction_Review-g1202839-d9567316-Reviews-Duna_Lovesz_Sports_Club-Rackeve_Pest_County_Central_Hungary.html, /Attractions-g1202839-Activities-Rackeve_Pest_County_Central_Hungary.html
Selfie Boat, None, Boat Tours & Water Sports, /Attraction_Review-g1202839-d20957024-Reviews-Selfie_Boat-Rackeve_Pest_County_Central_Hungary.html, /Attractions-g1202839-Activities-Rackeve_Pest_County_Central_Hungary.html
