attraction_name, attraction_rate, attraction_type, attraction_url, attraction_parent_url
Semsey Castle, 5.0, Sights & Landmarks, /Attraction_Review-g2546087-d15352938-Reviews-Semsey_Castle-Balmazujvaros_Hajdu_Bihar_County_Northern_Great_Plain.html, /Attractions-g2546087-Activities-Balmazujvaros_Hajdu_Bihar_County_Northern_Great_Plain.html
Veres Peter Emlekhaz Balmazujvaros, 5.0, Sights & Landmarks, /Attraction_Review-g2546087-d20048077-Reviews-Veres_Peter_Emlekhaz_Balmazujvaros-Balmazujvaros_Hajdu_Bihar_County_Northern_Gr.html, /Attractions-g2546087-Activities-Balmazujvaros_Hajdu_Bihar_County_Northern_Great_Plain.html
Kamilla Bath, 4.5, Spas & Wellness, /Attraction_Review-g2546087-d10771847-Reviews-Kamilla_Bath-Balmazujvaros_Hajdu_Bihar_County_Northern_Great_Plain.html, /Attractions-g2546087-Activities-Balmazujvaros_Hajdu_Bihar_County_Northern_Great_Plain.html
Irisz Thai Masszazs, 5.0, Spas & Wellness, /Attraction_Review-g2546087-d17810649-Reviews-Irisz_Thai_Masszazs-Balmazujvaros_Hajdu_Bihar_County_Northern_Great_Plain.html, /Attractions-g2546087-Activities-Balmazujvaros_Hajdu_Bihar_County_Northern_Great_Plain.html
