attraction_name, attraction_rate, attraction_type, attraction_url, attraction_parent_url
Mini Magyarorszag, 4.5, Sights & Landmarks, /Attraction_Review-g2356048-d7062944-Reviews-Mini_Magyarorszag-Szarvas_Bekes_County_Southern_Great_Plain.html, /Attractions-g2356048-Activities-Szarvas_Bekes_County_Southern_Great_Plain.html
Szarvas Botanical Garden, 4.5, Nature & Parks, /Attraction_Review-g2356048-d8822958-Reviews-Szarvas_Botanical_Garden-Szarvas_Bekes_County_Southern_Great_Plain.html, /Attractions-g2356048-Activities-Szarvas_Bekes_County_Southern_Great_Plain.html
Korosvolgyi Zoo and Visitors' Centre, 4.5, Zoos & Aquariums, /Attraction_Review-g2356048-d8803798-Reviews-Korosvolgyi_Zoo_and_Visitors_Centre-Szarvas_Bekes_County_Southern_Great_Plain.html, /Attractions-g2356048-Activities-Szarvas_Bekes_County_Southern_Great_Plain.html
Centre of Historical Hungary, 4.5, Sights & Landmarks, /Attraction_Review-g2356048-d10514168-Reviews-Centre_of_Historical_Hungary-Szarvas_Bekes_County_Southern_Great_Plain.html, /Attractions-g2356048-Activities-Szarvas_Bekes_County_Southern_Great_Plain.html
Capitoline Wolf, 4.0, Sights & Landmarks, /Attraction_Review-g2356048-d10757062-Reviews-Capitoline_Wolf-Szarvas_Bekes_County_Southern_Great_Plain.html, /Attractions-g2356048-Activities-Szarvas_Bekes_County_Southern_Great_Plain.html
Dry Mill, 4.5, Museums, /Attraction_Review-g2356048-d10758137-Reviews-Dry_Mill-Szarvas_Bekes_County_Southern_Great_Plain.html, /Attractions-g2356048-Activities-Szarvas_Bekes_County_Southern_Great_Plain.html
Stag Statue, 3.5, Sights & Landmarks, /Attraction_Review-g2356048-d10514199-Reviews-Stag_Statue-Szarvas_Bekes_County_Southern_Great_Plain.html, /Attractions-g2356048-Activities-Szarvas_Bekes_County_Southern_Great_Plain.html
Slovak House, 4.5, Museums, /Attraction_Review-g2356048-d10757022-Reviews-Slovak_House-Szarvas_Bekes_County_Southern_Great_Plain.html, /Attractions-g2356048-Activities-Szarvas_Bekes_County_Southern_Great_Plain.html
Bolza Castle, 3.5, Sights & Landmarks, /Attraction_Review-g2356048-d10514185-Reviews-Bolza_Castle-Szarvas_Bekes_County_Southern_Great_Plain.html, /Attractions-g2356048-Activities-Szarvas_Bekes_County_Southern_Great_Plain.html
Old Lutheran Church, 4.0, Sights & Landmarks, /Attraction_Review-g2356048-d10757008-Reviews-Old_Lutheran_Church-Szarvas_Bekes_County_Southern_Great_Plain.html, /Attractions-g2356048-Activities-Szarvas_Bekes_County_Southern_Great_Plain.html
Tessedik Sámuel Museum, 4.0, Museums, /Attraction_Review-g2356048-d10757032-Reviews-Tessedik_Samuel_Museum-Szarvas_Bekes_County_Southern_Great_Plain.html, /Attractions-g2356048-Activities-Szarvas_Bekes_County_Southern_Great_Plain.html
Mittrovszky Castle, 3.0, Sights & Landmarks, /Attraction_Review-g2356048-d10757058-Reviews-Mittrovszky_Castle-Szarvas_Bekes_County_Southern_Great_Plain.html, /Attractions-g2356048-Activities-Szarvas_Bekes_County_Southern_Great_Plain.html
Saint Clara Parish Church, 3.0, Sights & Landmarks, /Attraction_Review-g2356048-d10514219-Reviews-Saint_Clara_Parish_Church-Szarvas_Bekes_County_Southern_Great_Plain.html, /Attractions-g2356048-Activities-Szarvas_Bekes_County_Southern_Great_Plain.html
Sararany Szalmaporta, 4.5, Museums, /Attraction_Review-g2356048-d12135825-Reviews-Sararany_Szalmaporta-Szarvas_Bekes_County_Southern_Great_Plain.html, /Attractions-g2356048-Activities-Szarvas_Bekes_County_Southern_Great_Plain.html
Lengyel-palota, 3.0, Sights & Landmarks, /Attraction_Review-g2356048-d10479987-Reviews-Lengyel_palota-Szarvas_Bekes_County_Southern_Great_Plain.html, /Attractions-g2356048-Activities-Szarvas_Bekes_County_Southern_Great_Plain.html
New Lutheran Church, 3.5, Sights & Landmarks, /Attraction_Review-g2356048-d10756947-Reviews-New_Lutheran_Church-Szarvas_Bekes_County_Southern_Great_Plain.html, /Attractions-g2356048-Activities-Szarvas_Bekes_County_Southern_Great_Plain.html
Protestant Church, 4.0, Sights & Landmarks, /Attraction_Review-g2356048-d10758154-Reviews-Protestant_Church-Szarvas_Bekes_County_Southern_Great_Plain.html, /Attractions-g2356048-Activities-Szarvas_Bekes_County_Southern_Great_Plain.html
II. World War Memorial, 4.0, Sights & Landmarks, /Attraction_Review-g2356048-d10383186-Reviews-II_World_War_Memorial-Szarvas_Bekes_County_Southern_Great_Plain.html, /Attractions-g2356048-Activities-Szarvas_Bekes_County_Southern_Great_Plain.html
Main Square, 3.5, Nature & Parks, /Attraction_Review-g2356048-d10757027-Reviews-Main_Square-Szarvas_Bekes_County_Southern_Great_Plain.html, /Attractions-g2356048-Activities-Szarvas_Bekes_County_Southern_Great_Plain.html
Millennium Memorial, 3.0, Sights & Landmarks, /Attraction_Review-g2356048-d10756816-Reviews-Millennium_Memorial-Szarvas_Bekes_County_Southern_Great_Plain.html, /Attractions-g2356048-Activities-Szarvas_Bekes_County_Southern_Great_Plain.html
World War I. Memorial, 3.0, Sights & Landmarks, /Attraction_Review-g2356048-d10487568-Reviews-World_War_I_Memorial-Szarvas_Bekes_County_Southern_Great_Plain.html, /Attractions-g2356048-Activities-Szarvas_Bekes_County_Southern_Great_Plain.html
Katalin II. Boat Tour, 4.5, Boat Tours & Water Sports, /Attraction_Review-g2356048-d8825163-Reviews-Katalin_II_Boat_Tour-Szarvas_Bekes_County_Southern_Great_Plain.html, /Attractions-g2356048-Activities-Szarvas_Bekes_County_Southern_Great_Plain.html
Szent Klára Thermal Bath of Szarvas, 4.5, Spas & Wellness, /Attraction_Review-g2356048-d8803828-Reviews-Szent_Klara_Thermal_Bath_of_Szarvas-Szarvas_Bekes_County_Southern_Great_Plain.html, /Attractions-g2356048-Activities-Szarvas_Bekes_County_Southern_Great_Plain.html
Körös-Maros National Park, 4.0, Nature & Parks, /Attraction_Review-g2356048-d12135835-Reviews-Koros_Maros_National_Park-Szarvas_Bekes_County_Southern_Great_Plain.html, /Attractions-g2356048-Activities-Szarvas_Bekes_County_Southern_Great_Plain.html
Ruzicskay Workshop, None, Museums, /Attraction_Review-g2356048-d11435618-Reviews-Ruzicskay_Workshop-Szarvas_Bekes_County_Southern_Great_Plain.html, /Attractions-g2356048-Activities-Szarvas_Bekes_County_Southern_Great_Plain.html
Turul Cinema Szarvas, None, Fun & Games, /Attraction_Review-g2356048-d13152924-Reviews-Turul_Cinema_Szarvas-Szarvas_Bekes_County_Southern_Great_Plain.html, /Attractions-g2356048-Activities-Szarvas_Bekes_County_Southern_Great_Plain.html
Zenepavilon, None, Sights & Landmarks, /Attraction_Review-g2356048-d20154433-Reviews-Zenepavilon-Szarvas_Bekes_County_Southern_Great_Plain.html, /Attractions-g2356048-Activities-Szarvas_Bekes_County_Southern_Great_Plain.html
