attraction_name, attraction_rate, attraction_type, attraction_url, attraction_parent_url
Salgo Castle, 4.5, Sights & Landmarks, /Attraction_Review-g274906-d10758286-Reviews-Salgo_Castle-Salgotarjan_Nograd_County_Northern_Hungary.html, /Attractions-g274906-Activities-Salgotarjan_Nograd_County_Northern_Hungary.html
Tehenesi Quarry Pond, 4.0, Nature & Parks, /Attraction_Review-g274906-d12696210-Reviews-Tehenesi_Quarry_Pond-Salgotarjan_Nograd_County_Northern_Hungary.html, /Attractions-g274906-Activities-Salgotarjan_Nograd_County_Northern_Hungary.html
Mining Museum, 5.0, Museums, /Attraction_Review-g274906-d7109185-Reviews-Mining_Museum-Salgotarjan_Nograd_County_Northern_Hungary.html, /Attractions-g274906-Activities-Salgotarjan_Nograd_County_Northern_Hungary.html
Szilvas-ko, 5.0, Nature & Parks, /Attraction_Review-g274906-d19382020-Reviews-Szilvas_ko-Salgotarjan_Nograd_County_Northern_Hungary.html, /Attractions-g274906-Activities-Salgotarjan_Nograd_County_Northern_Hungary.html
Zagyvaronai Salakkup, 5.0, Sights & Landmarks, /Attraction_Review-g274906-d19865416-Reviews-Zagyvaronai_Salakkup-Salgotarjan_Nograd_County_Northern_Hungary.html, /Attractions-g274906-Activities-Salgotarjan_Nograd_County_Northern_Hungary.html
Dornyay Bela Museum, 5.0, Museums, /Attraction_Review-g274906-d17461863-Reviews-Dornyay_Bela_Museum-Salgotarjan_Nograd_County_Northern_Hungary.html, /Attractions-g274906-Activities-Salgotarjan_Nograd_County_Northern_Hungary.html
Novohrad-Nograd Geopark, None, Nature & Parks, /Attraction_Review-g274906-d19877614-Reviews-Novohrad_Nograd_Geopark-Salgotarjan_Nograd_County_Northern_Hungary.html, /Attractions-g274906-Activities-Salgotarjan_Nograd_County_Northern_Hungary.html
Baglyaskő Vár Természetvédelmi Látogatóközpont, None, Traveller Resources, /Attraction_Review-g274906-d21500293-Reviews-Baglyasko_Var_Termeszetvedelmi_Latogatokozpont-Salgotarjan_Nograd_County_Norther.html, /Attractions-g274906-Activities-Salgotarjan_Nograd_County_Northern_Hungary.html
