attraction_name, attraction_rate, attraction_type, attraction_url, attraction_parent_url
Szalajka Valley, 4.5, Nature & Parks, /Attraction_Review-g1586908-d10377921-Reviews-Szalajka_Valley-Szilvasvarad_Heves_County_Northern_Hungary.html, /Attractions-g1586908-Activities-Szilvasvarad_Heves_County_Northern_Hungary.html
Millennium Lookout, 4.5, Sights & Landmarks, /Attraction_Review-g1586908-d12967545-Reviews-Millennium_Lookout-Szilvasvarad_Heves_County_Northern_Hungary.html, /Attractions-g1586908-Activities-Szilvasvarad_Heves_County_Northern_Hungary.html
Szilvasvarad National Forest Rail, 4.0, Nature & Parks, /Attraction_Review-g1586908-d10377657-Reviews-Szilvasvarad_National_Forest_Rail-Szilvasvarad_Heves_County_Northern_Hungary.html, /Attractions-g1586908-Activities-Szilvasvarad_Heves_County_Northern_Hungary.html
Istallosko Ancient Men's Cave, 4.0, Nature & Parks, /Attraction_Review-g1586908-d10390375-Reviews-Istallosko_Ancient_Men_s_Cave-Szilvasvarad_Heves_County_Northern_Hungary.html, /Attractions-g1586908-Activities-Szilvasvarad_Heves_County_Northern_Hungary.html
Round Church, 4.0, Sights & Landmarks, /Attraction_Review-g1586908-d13373169-Reviews-Round_Church-Szilvasvarad_Heves_County_Northern_Hungary.html, /Attractions-g1586908-Activities-Szilvasvarad_Heves_County_Northern_Hungary.html
Zilahy Aladár Forestry Museum, 4.0, Museums, /Attraction_Review-g1586908-d12226146-Reviews-Zilahy_Aladar_Forestry_Museum-Szilvasvarad_Heves_County_Northern_Hungary.html, /Attractions-g1586908-Activities-Szilvasvarad_Heves_County_Northern_Hungary.html
Szilvasvarad Coach Museum, 4.0, Museums, /Attraction_Review-g1586908-d10377931-Reviews-Szilvasvarad_Coach_Museum-Szilvasvarad_Heves_County_Northern_Hungary.html, /Attractions-g1586908-Activities-Szilvasvarad_Heves_County_Northern_Hungary.html
Szalajka-Volgy Information House, 4.5, Shopping, /Attraction_Review-g1586908-d12967525-Reviews-Szalajka_Volgy_Information_House-Szilvasvarad_Heves_County_Northern_Hungary.html, /Attractions-g1586908-Activities-Szilvasvarad_Heves_County_Northern_Hungary.html
National Stud Farm Szilvásvárad, 3.5, Outdoor Activities, /Attraction_Review-g1586908-d12937862-Reviews-National_Stud_Farm_Szilvasvarad-Szilvasvarad_Heves_County_Northern_Hungary.html, /Attractions-g1586908-Activities-Szilvasvarad_Heves_County_Northern_Hungary.html
Orban House, None, Museums, /Attraction_Review-g1586908-d13373183-Reviews-Orban_House-Szilvasvarad_Heves_County_Northern_Hungary.html, /Attractions-g1586908-Activities-Szilvasvarad_Heves_County_Northern_Hungary.html
