attraction_name, attraction_rate, attraction_type, attraction_url, attraction_parent_url
Sphere Lookout, 4.0, Sights & Landmarks, /Attraction_Review-g1189860-d10766833-Reviews-Sphere_Lookout-Balatonboglar_Somogy_County_Southern_Transdanubia.html, /Attractions-g1189860-Activities-Balatonboglar_Somogy_County_Southern_Transdanubia.html
Ferenc Vejtey Promenade, 4.5, Nature & Parks, /Attraction_Review-g1189860-d17523405-Reviews-Ferenc_Vejtey_Promenade-Balatonboglar_Somogy_County_Southern_Transdanubia.html, /Attractions-g1189860-Activities-Balatonboglar_Somogy_County_Southern_Transdanubia.html
Buggyeg Brick Gallery, 4.5, Museums, /Attraction_Review-g1189860-d17523411-Reviews-Buggyeg_Brick_Gallery-Balatonboglar_Somogy_County_Southern_Transdanubia.html, /Attractions-g1189860-Activities-Balatonboglar_Somogy_County_Southern_Transdanubia.html
Red Chapel, 4.5, Sights & Landmarks, /Attraction_Review-g1189860-d17523409-Reviews-Red_Chapel-Balatonboglar_Somogy_County_Southern_Transdanubia.html, /Attractions-g1189860-Activities-Balatonboglar_Somogy_County_Southern_Transdanubia.html
Lake Balaton Screwed Monument Ship, 5.0, Sights & Landmarks, /Attraction_Review-g1189860-d17523406-Reviews-Lake_Balaton_Screwed_Monument_Ship-Balatonboglar_Somogy_County_Southern_Transda.html, /Attractions-g1189860-Activities-Balatonboglar_Somogy_County_Southern_Transdanubia.html
Dutra Museum, 5.0, Museums, /Attraction_Review-g1189860-d17523417-Reviews-Dutra_Museum-Balatonboglar_Somogy_County_Southern_Transdanubia.html, /Attractions-g1189860-Activities-Balatonboglar_Somogy_County_Southern_Transdanubia.html
Blue chapel, 4.0, Sights & Landmarks, /Attraction_Review-g1189860-d17523407-Reviews-Blue_chapel-Balatonboglar_Somogy_County_Southern_Transdanubia.html, /Attractions-g1189860-Activities-Balatonboglar_Somogy_County_Southern_Transdanubia.html
Balatonboglar Adventure Park Bobpath, 4.5, Nature & Parks, /Attraction_Review-g1189860-d17527205-Reviews-Balatonboglar_Adventure_Park_Bobpath-Balatonboglar_Somogy_County_Southern_Trans.html, /Attractions-g1189860-Activities-Balatonboglar_Somogy_County_Southern_Transdanubia.html
