attraction_name, attraction_rate, attraction_type, attraction_url, attraction_parent_url
Rakoczi Square, 3.5, Sights & Landmarks, /Attraction_Review-g274887-d13314402-Reviews-Rakoczi_Square-Budapest_Central_Hungary.html, /Attractions-g274887-Activities-Budapest_Central_Hungary.html
Andrássy Experience Center, 3.5, Museums, /Attraction_Review-g274887-d14730733-Reviews-Andrassy_Experience_Center-Budapest_Central_Hungary.html, /Attractions-g274887-Activities-Budapest_Central_Hungary.html
Miklos Ybl Square, 4.0, Sights & Landmarks, /Attraction_Review-g274887-d6498781-Reviews-Miklos_Ybl_Square-Budapest_Central_Hungary.html, /Attractions-g274887-Activities-Budapest_Central_Hungary.html
Raoul Wallenberg Statue, 4.5, Sights & Landmarks, /Attraction_Review-g274887-d13877860-Reviews-Raoul_Wallenberg_Statue-Budapest_Central_Hungary.html, /Attractions-g274887-Activities-Budapest_Central_Hungary.html
National Szechenyi Library, 4.0, Museums, /Attraction_Review-g274887-d592851-Reviews-National_Szechenyi_Library-Budapest_Central_Hungary.html, /Attractions-g274887-Activities-Budapest_Central_Hungary.html
Romai parti Market, 5.0, Food & Drink, /Attraction_Review-g274887-d13821298-Reviews-Romai_parti_Market-Budapest_Central_Hungary.html, /Attractions-g274887-Activities-Budapest_Central_Hungary.html
Timewheel, 3.0, Sights & Landmarks, /Attraction_Review-g274887-d2693253-Reviews-Timewheel-Budapest_Central_Hungary.html, /Attractions-g274887-Activities-Budapest_Central_Hungary.html
Elevenpark, 4.0, Fun & Games, /Attraction_Review-g274887-d2294548-Reviews-Elevenpark-Budapest_Central_Hungary.html, /Attractions-g274887-Activities-Budapest_Central_Hungary.html
Little Boy Fountain (Kisfiús díszkút), 3.5, Sights & Landmarks, /Attraction_Review-g274887-d8554659-Reviews-Little_Boy_Fountain_Kisfius_diszkut-Budapest_Central_Hungary.html, /Attractions-g274887-Activities-Budapest_Central_Hungary.html
Comedy Theater, 4.0, Concerts & Shows, /Attraction_Review-g274887-d523709-Reviews-Comedy_Theater-Budapest_Central_Hungary.html, /Attractions-g274887-Activities-Budapest_Central_Hungary.html
Bust of Gábor Szarvas, 3.5, Sights & Landmarks, /Attraction_Review-g274887-d8822722-Reviews-Bust_of_Gabor_Szarvas-Budapest_Central_Hungary.html, /Attractions-g274887-Activities-Budapest_Central_Hungary.html
Dísz Square, 3.5, Sights & Landmarks, /Attraction_Review-g274887-d12442860-Reviews-Disz_Square-Budapest_Central_Hungary.html, /Attractions-g274887-Activities-Budapest_Central_Hungary.html
Klotild Palaces, 4.0, Sights & Landmarks, /Attraction_Review-g274887-d5279902-Reviews-Klotild_Palaces-Budapest_Central_Hungary.html, /Attractions-g274887-Activities-Budapest_Central_Hungary.html
Budapestinfo Points - Deak ter (Suto utca), 4.0, Traveller Resources, /Attraction_Review-g274887-d10207849-Reviews-Budapestinfo_Points_Deak_ter_Suto_utca-Budapest_Central_Hungary.html, /Attractions-g274887-Activities-Budapest_Central_Hungary.html
BKV Boats, 4.0, Transportation, /Attraction_Review-g274887-d10198178-Reviews-BKV_Boats-Budapest_Central_Hungary.html, /Attractions-g274887-Activities-Budapest_Central_Hungary.html
Hunyadi Ter, 4.0, Other, /Attraction_Review-g274887-d1063912-Reviews-Hunyadi_Ter-Budapest_Central_Hungary.html, /Attractions-g274887-Activities-Budapest_Central_Hungary.html
Szell Kalman Square, 3.0, Sights & Landmarks, /Attraction_Review-g274887-d10664103-Reviews-Szell_Kalman_Square-Budapest_Central_Hungary.html, /Attractions-g274887-Activities-Budapest_Central_Hungary.html
Nepliget Park, 3.5, Nature & Parks, /Attraction_Review-g274887-d4458082-Reviews-Nepliget_Park-Budapest_Central_Hungary.html, /Attractions-g274887-Activities-Budapest_Central_Hungary.html
Klauzal Square, 3.0, Fun & Games, /Attraction_Review-g274887-d12432048-Reviews-Klauzal_Square-Budapest_Central_Hungary.html, /Attractions-g274887-Activities-Budapest_Central_Hungary.html
William Shakespeare Statue, 3.5, Sights & Landmarks, /Attraction_Review-g274887-d15619771-Reviews-William_Shakespeare_Statue-Budapest_Central_Hungary.html, /Attractions-g274887-Activities-Budapest_Central_Hungary.html
National Theatre, 4.0, Concerts & Shows, /Attraction_Review-g274887-d5931877-Reviews-National_Theatre-Budapest_Central_Hungary.html, /Attractions-g274887-Activities-Budapest_Central_Hungary.html
Danubius Fountain, 3.5, Sights & Landmarks, /Attraction_Review-g274887-d13866874-Reviews-Danubius_Fountain-Budapest_Central_Hungary.html, /Attractions-g274887-Activities-Budapest_Central_Hungary.html
Paintball Games, 5.0, Fun & Games, /Attraction_Review-g274887-d15273123-Reviews-Paintball_Games-Budapest_Central_Hungary.html, /Attractions-g274887-Activities-Budapest_Central_Hungary.html
Kozma Cemetery, 4.0, Sights & Landmarks, /Attraction_Review-g274887-d526966-Reviews-Kozma_Cemetery-Budapest_Central_Hungary.html, /Attractions-g274887-Activities-Budapest_Central_Hungary.html
Kopaszi Dam, 4.5, Nature & Parks, /Attraction_Review-g274887-d10771153-Reviews-Kopaszi_Dam-Budapest_Central_Hungary.html, /Attractions-g274887-Activities-Budapest_Central_Hungary.html
Zikkurat Gallery, 4.0, Museums, /Attraction_Review-g274887-d12392080-Reviews-Zikkurat_Gallery-Budapest_Central_Hungary.html, /Attractions-g274887-Activities-Budapest_Central_Hungary.html
Szervita Square, 3.5, Sights & Landmarks, /Attraction_Review-g274887-d12370629-Reviews-Szervita_Square-Budapest_Central_Hungary.html, /Attractions-g274887-Activities-Budapest_Central_Hungary.html
Urban Betyar - Visitor Center, 3.5, Museums, /Attraction_Review-g274887-d11892461-Reviews-Urban_Betyar_Visitor_Center-Budapest_Central_Hungary.html, /Attractions-g274887-Activities-Budapest_Central_Hungary.html
Budapest University of Technology and Economics, 4.0, Sights & Landmarks, /Attraction_Review-g274887-d8803786-Reviews-Budapest_University_of_Technology_and_Economics-Budapest_Central_Hungary.html, /Attractions-g274887-Activities-Budapest_Central_Hungary.html
Statue of Harry Hill Bandholtz&& Brigadier General&& U.S. Army, 3.5, Sights & Landmarks, /Attraction_Review-g274887-d8845887-Reviews-Statue_of_Harry_Hill_Bandholtz_Brigadier_General_U_S_Army-Budapest_Central_Hungar.html, /Attractions-g274887-Activities-Budapest_Central_Hungary.html
