attraction_name, attraction_rate, attraction_type, attraction_url, attraction_parent_url
Szabadsag Square, 5.0, Sights & Landmarks, /Attraction_Review-g11893577-d20484307-Reviews-Szabadsag_Square-Nagykallo_Szabolcs_Szatmar_Bereg_County_Northern_Great_Plain.html, /Attractions-g11893577-Activities-Nagykallo_Szabolcs_Szatmar_Bereg_County_Northern_Great_Plain.html
Nagykalloi Romai Katolikus Templom, 5.0, Sights & Landmarks, /Attraction_Review-g11893577-d20484309-Reviews-Nagykalloi_Romai_Katolikus_Templom-Nagykallo_Szabolcs_Szatmar_Bereg_County_Nor.html, /Attractions-g11893577-Activities-Nagykallo_Szabolcs_Szatmar_Bereg_County_Northern_Great_Plain.html
Santa Kalman Pszichiatriai Szakkorhaz, 5.0, Sights & Landmarks, /Attraction_Review-g11893577-d20484312-Reviews-Santa_Kalman_Pszichiatriai_Szakkorhaz-Nagykallo_Szabolcs_Szatmar_Bereg_County_.html, /Attractions-g11893577-Activities-Nagykallo_Szabolcs_Szatmar_Bereg_County_Northern_Great_Plain.html
Statue of Jozsef Ratko, 5.0, Sights & Landmarks, /Attraction_Review-g11893577-d20484315-Reviews-Statue_of_Jozsef_Ratko-Nagykallo_Szabolcs_Szatmar_Bereg_County_Northern_Great_.html, /Attractions-g11893577-Activities-Nagykallo_Szabolcs_Szatmar_Bereg_County_Northern_Great_Plain.html
