attraction_name, attraction_rate, attraction_type, attraction_url, attraction_parent_url
Erzsebet Park, 4.5, Nature & Parks, /Attraction_Review-g754049-d8464891-Reviews-Erzsebet_Park-Godollo_Pest_County_Central_Hungary.html, /Attractions-g754049-Activities-Godollo_Pest_County_Central_Hungary.html
Royal Palace of Gödöllő, 4.0, Sights & Landmarks, /Attraction_Review-g754049-d1767605-Reviews-Royal_Palace_of_Godollo-Godollo_Pest_County_Central_Hungary.html, /Attractions-g754049-Activities-Godollo_Pest_County_Central_Hungary.html
Royal Waiting Hall 1882-2011, 4.5, Sights & Landmarks, /Attraction_Review-g754049-d5111473-Reviews-Royal_Waiting_Hall_1882_2011-Godollo_Pest_County_Central_Hungary.html, /Attractions-g754049-Activities-Godollo_Pest_County_Central_Hungary.html
Calvary, 4.5, Sights & Landmarks, /Attraction_Review-g754049-d11444651-Reviews-Calvary-Godollo_Pest_County_Central_Hungary.html, /Attractions-g754049-Activities-Godollo_Pest_County_Central_Hungary.html
World Peace Gong, 4.0, Sights & Landmarks, /Attraction_Review-g754049-d3703554-Reviews-World_Peace_Gong-Godollo_Pest_County_Central_Hungary.html, /Attractions-g754049-Activities-Godollo_Pest_County_Central_Hungary.html
Alsopark, 4.0, Nature & Parks, /Attraction_Review-g754049-d19454022-Reviews-Alsopark-Godollo_Pest_County_Central_Hungary.html, /Attractions-g754049-Activities-Godollo_Pest_County_Central_Hungary.html
Eyciir Varazsbolt es Galeria, 5.0, Museums, /Attraction_Review-g754049-d21232371-Reviews-Eyciir_Varazsbolt_es_Galeria-Godollo_Pest_County_Central_Hungary.html, /Attractions-g754049-Activities-Godollo_Pest_County_Central_Hungary.html
Lockarium Escape Rooms, 5.0, Fun & Games, /Attraction_Review-g754049-d11046515-Reviews-Lockarium_Escape_Rooms-Godollo_Pest_County_Central_Hungary.html, /Attractions-g754049-Activities-Godollo_Pest_County_Central_Hungary.html
Urbango Gödöllő, 5.0, Fun & Games, /Attraction_Review-g754049-d21004299-Reviews-Urbango_Godollo-Godollo_Pest_County_Central_Hungary.html, /Attractions-g754049-Activities-Godollo_Pest_County_Central_Hungary.html
Sisicret, 5.0, Fun & Games, /Attraction_Review-g754049-d11435630-Reviews-Sisicret-Godollo_Pest_County_Central_Hungary.html, /Attractions-g754049-Activities-Godollo_Pest_County_Central_Hungary.html
Owl Bar, 4.5, Nightlife, /Attraction_Review-g754049-d15115118-Reviews-Owl_Bar-Godollo_Pest_County_Central_Hungary.html, /Attractions-g754049-Activities-Godollo_Pest_County_Central_Hungary.html
