attraction_name, attraction_rate, attraction_type, attraction_url, attraction_parent_url
Stolpersteine in Budapest, 4.5, Sights & Landmarks, /Attraction_Review-g274887-d13284093-Reviews-Stolpersteine_in_Budapest-Budapest_Central_Hungary.html, /Attractions-g274887-Activities-Budapest_Central_Hungary.html
Opera Antikvitas, 5.0, Shopping, /Attraction_Review-g274887-d7901144-Reviews-Opera_Antikvitas-Budapest_Central_Hungary.html, /Attractions-g274887-Activities-Budapest_Central_Hungary.html
Waiting statue group, 4.0, Sights & Landmarks, /Attraction_Review-g274887-d13397109-Reviews-Waiting_statue_group-Budapest_Central_Hungary.html, /Attractions-g274887-Activities-Budapest_Central_Hungary.html
Europa Grove, 4.0, Nature & Parks, /Attraction_Review-g274887-d276876-Reviews-Europa_Grove-Budapest_Central_Hungary.html, /Attractions-g274887-Activities-Budapest_Central_Hungary.html
Bartok Bela Boulevard, 3.5, Sights & Landmarks, /Attraction_Review-g274887-d10771412-Reviews-Bartok_Bela_Boulevard-Budapest_Central_Hungary.html, /Attractions-g274887-Activities-Budapest_Central_Hungary.html
Show Zoo, 4.5, Zoos & Aquariums, /Attraction_Review-g274887-d4985459-Reviews-Show_Zoo-Budapest_Central_Hungary.html, /Attractions-g274887-Activities-Budapest_Central_Hungary.html
Hofi sculpture, 3.5, Sights & Landmarks, /Attraction_Review-g274887-d13455595-Reviews-Hofi_sculpture-Budapest_Central_Hungary.html, /Attractions-g274887-Activities-Budapest_Central_Hungary.html
Leo Frankel Synagogue, 4.0, Sights & Landmarks, /Attraction_Review-g274887-d526964-Reviews-Leo_Frankel_Synagogue-Budapest_Central_Hungary.html, /Attractions-g274887-Activities-Budapest_Central_Hungary.html
Cerka-firka Playground, 5.0, Fun & Games, /Attraction_Review-g274887-d15150957-Reviews-Cerka_firka_Playground-Budapest_Central_Hungary.html, /Attractions-g274887-Activities-Budapest_Central_Hungary.html
Hercules Villa, 4.5, Museums, /Attraction_Review-g274887-d12645528-Reviews-Hercules_Villa-Budapest_Central_Hungary.html, /Attractions-g274887-Activities-Budapest_Central_Hungary.html
Antik Placc, 3.5, Shopping, /Attraction_Review-g274887-d7906114-Reviews-Antik_Placc-Budapest_Central_Hungary.html, /Attractions-g274887-Activities-Budapest_Central_Hungary.html
Interactive Fountain, 4.0, Sights & Landmarks, /Attraction_Review-g274887-d19087006-Reviews-Interactive_Fountain-Budapest_Central_Hungary.html, /Attractions-g274887-Activities-Budapest_Central_Hungary.html
Amphitheatrum, 3.5, Nature & Parks, /Attraction_Review-g274887-d12645863-Reviews-Amphitheatrum-Budapest_Central_Hungary.html, /Attractions-g274887-Activities-Budapest_Central_Hungary.html
The statue of Zrínyi Miklós, 3.0, Sights & Landmarks, /Attraction_Review-g274887-d15594794-Reviews-The_statue_of_Zrinyi_Miklos-Budapest_Central_Hungary.html, /Attractions-g274887-Activities-Budapest_Central_Hungary.html
János Kálvin statue, 3.5, Sights & Landmarks, /Attraction_Review-g274887-d15607238-Reviews-Janos_Kalvin_statue-Budapest_Central_Hungary.html, /Attractions-g274887-Activities-Budapest_Central_Hungary.html
Statue of Imre Thokoly, 3.5, Sights & Landmarks, /Attraction_Review-g274887-d283782-Reviews-Statue_of_Imre_Thokoly-Budapest_Central_Hungary.html, /Attractions-g274887-Activities-Budapest_Central_Hungary.html
Bear Fountain, 4.0, Sights & Landmarks, /Attraction_Review-g274887-d12459627-Reviews-Bear_Fountain-Budapest_Central_Hungary.html, /Attractions-g274887-Activities-Budapest_Central_Hungary.html
Istituto Italiano di Cultura, 4.5, Sights & Landmarks, /Attraction_Review-g274887-d8522745-Reviews-Istituto_Italiano_di_Cultura-Budapest_Central_Hungary.html, /Attractions-g274887-Activities-Budapest_Central_Hungary.html
Budapest Aviation Museum&& Varosliget Park, 3.5, Museums, /Attraction_Review-g274887-d8334885-Reviews-Budapest_Aviation_Museum_Varosliget_Park-Budapest_Central_Hungary.html, /Attractions-g274887-Activities-Budapest_Central_Hungary.html
Budagyongye Shopping Center, 4.0, Shopping, /Attraction_Review-g274887-d16722014-Reviews-Budagyongye_Shopping_Center-Budapest_Central_Hungary.html, /Attractions-g274887-Activities-Budapest_Central_Hungary.html
Customs and Tax History Museum, 4.5, Museums, /Attraction_Review-g274887-d7619001-Reviews-Customs_and_Tax_History_Museum-Budapest_Central_Hungary.html, /Attractions-g274887-Activities-Budapest_Central_Hungary.html
Museum of Telephones, 3.5, Museums, /Attraction_Review-g274887-d4062914-Reviews-Museum_of_Telephones-Budapest_Central_Hungary.html, /Attractions-g274887-Activities-Budapest_Central_Hungary.html
Nagytétény Castle Park, 4.5, Nature & Parks, /Attraction_Review-g274887-d10753700-Reviews-Nagyteteny_Castle_Park-Budapest_Central_Hungary.html, /Attractions-g274887-Activities-Budapest_Central_Hungary.html
Ernst Museum, 4.0, Museums, /Attraction_Review-g274887-d2624877-Reviews-Ernst_Museum-Budapest_Central_Hungary.html, /Attractions-g274887-Activities-Budapest_Central_Hungary.html
Museum of Obuda, 3.5, Museums, /Attraction_Review-g274887-d13400819-Reviews-Museum_of_Obuda-Budapest_Central_Hungary.html, /Attractions-g274887-Activities-Budapest_Central_Hungary.html
Szent Florian Spring, 4.0, Sights & Landmarks, /Attraction_Review-g274887-d10756295-Reviews-Szent_Florian_Spring-Budapest_Central_Hungary.html, /Attractions-g274887-Activities-Budapest_Central_Hungary.html
Bakelit Multi Art Center, 3.5, Sights & Landmarks, /Attraction_Review-g274887-d4137888-Reviews-Bakelit_Multi_Art_Center-Budapest_Central_Hungary.html, /Attractions-g274887-Activities-Budapest_Central_Hungary.html
Collegium Budapest, 3.0, Sights & Landmarks, /Attraction_Review-g274887-d13962866-Reviews-Collegium_Budapest-Budapest_Central_Hungary.html, /Attractions-g274887-Activities-Budapest_Central_Hungary.html
Spar Szupermarket, 4.0, Shopping, /Attraction_Review-g274887-d19085885-Reviews-Spar_Szupermarket-Budapest_Central_Hungary.html, /Attractions-g274887-Activities-Budapest_Central_Hungary.html
Statue de Szondi Gyorgy, 3.5, Sights & Landmarks, /Attraction_Review-g274887-d15656885-Reviews-Statue_de_Szondi_Gyorgy-Budapest_Central_Hungary.html, /Attractions-g274887-Activities-Budapest_Central_Hungary.html
