attraction_name, attraction_rate, attraction_type, attraction_url, attraction_parent_url
Monostori Fort, 4.5, Sights & Landmarks, /Attraction_Review-g616165-d12645285-Reviews-Monostori_Fort-Komarom_Komarom_Esztergom_County_Central_Transdanubia.html, /Attractions-g616165-Activities-Komarom_Komarom_Esztergom_County_Central_Transdanubia.html
DDR. Juba Ferencz Collection of Hungarian Maritime Sailing, 5.0, Museums, /Attraction_Review-g616165-d12842889-Reviews-DDR_Juba_Ferencz_Collection_of_Hungarian_Maritime_Sailing-Komarom_Komarom_Eszter.html, /Attractions-g616165-Activities-Komarom_Komarom_Esztergom_County_Central_Transdanubia.html
Brigetio Thermal Bath Komarom, 4.0, Spas & Wellness, /Attraction_Review-g616165-d13283995-Reviews-Brigetio_Thermal_Bath_Komarom-Komarom_Komarom_Esztergom_County_Central_Transdanu.html, /Attractions-g616165-Activities-Komarom_Komarom_Esztergom_County_Central_Transdanubia.html
Teremgokart Palya &amp; Kavezo, 4.5, Fun & Games, /Attraction_Review-g616165-d8540344-Reviews-Teremgokart_Palya_Kavezo-Komarom_Komarom_Esztergom_County_Central_Transdanubia.html, /Attractions-g616165-Activities-Komarom_Komarom_Esztergom_County_Central_Transdanubia.html
Orchid Thai Massage, None, Spas & Wellness, /Attraction_Review-g616165-d19874295-Reviews-Orchid_Thai_Massage-Komarom_Komarom_Esztergom_County_Central_Transdanubia.html, /Attractions-g616165-Activities-Komarom_Komarom_Esztergom_County_Central_Transdanubia.html
