attraction_name, attraction_rate, attraction_type, attraction_url, attraction_parent_url
Pakozdi-Sukoro Arboretum and Wildlife Park, 4.0, Nature & Parks, /Attraction_Review-g1202818-d15317341-Reviews-Pakozdi_Sukoro_Arboretum_and_Wildlife_Park-Pakozd_Fejer_County_Central_Transdan.html, /Attractions-g1202818-Activities-Pakozd_Fejer_County_Central_Transdanubia.html
Lics Winery, 4.5, Food & Drink, /Attraction_Review-g1202818-d2163303-Reviews-Lics_Winery-Pakozd_Fejer_County_Central_Transdanubia.html, /Attractions-g1202818-Activities-Pakozd_Fejer_County_Central_Transdanubia.html
Miskahuszar Statue, 3.0, Sights & Landmarks, /Attraction_Review-g1202818-d13235760-Reviews-Miskahuszar_Statue-Pakozd_Fejer_County_Central_Transdanubia.html, /Attractions-g1202818-Activities-Pakozd_Fejer_County_Central_Transdanubia.html
National Military Memorial Park, 3.0, Museums, /Attraction_Review-g1202818-d7315439-Reviews-National_Military_Memorial_Park-Pakozd_Fejer_County_Central_Transdanubia.html, /Attractions-g1202818-Activities-Pakozd_Fejer_County_Central_Transdanubia.html
