attraction_name, attraction_rate, attraction_type, attraction_url, attraction_parent_url
Laposa Birtok, 4.5, Food & Drink, /Attraction_Review-g661273-d6403618-Reviews-Laposa_Birtok-Badacsonytomaj_Veszprem_County_Central_Transdanubia.html, /Attractions-g661273-Activities-Badacsonytomaj_Veszprem_County_Central_Transdanubia.html
Németh Pince, 5.0, Food & Drink, /Attraction_Review-g661273-d3317294-Reviews-Nemeth_Pince-Badacsonytomaj_Veszprem_County_Central_Transdanubia.html, /Attractions-g661273-Activities-Badacsonytomaj_Veszprem_County_Central_Transdanubia.html
Fata Cellar, 5.0, Food & Drink, /Attraction_Review-g661273-d10423246-Reviews-Fata_Cellar-Badacsonytomaj_Veszprem_County_Central_Transdanubia.html, /Attractions-g661273-Activities-Badacsonytomaj_Veszprem_County_Central_Transdanubia.html
Borbely Csaladi Pinceszet, 5.0, Food & Drink, /Attraction_Review-g661273-d12494624-Reviews-Borbely_Csaladi_Pinceszet-Badacsonytomaj_Veszprem_County_Central_Transdanubia.html, /Attractions-g661273-Activities-Badacsonytomaj_Veszprem_County_Central_Transdanubia.html
St. Imre's Church, 4.0, Sights & Landmarks, /Attraction_Review-g661273-d14989052-Reviews-St_Imre_s_Church-Badacsonytomaj_Veszprem_County_Central_Transdanubia.html, /Attractions-g661273-Activities-Badacsonytomaj_Veszprem_County_Central_Transdanubia.html
St. Donat Chapel, 3.5, Sights & Landmarks, /Attraction_Review-g661273-d17391949-Reviews-St_Donat_Chapel-Badacsonytomaj_Veszprem_County_Central_Transdanubia.html, /Attractions-g661273-Activities-Badacsonytomaj_Veszprem_County_Central_Transdanubia.html
Pláne Badacsony Wine terrace, 4.5, Nightlife, /Attraction_Review-g661273-d15701134-Reviews-Plane_Badacsony_Wine_terrace-Badacsonytomaj_Veszprem_County_Central_Transdanubia.html, /Attractions-g661273-Activities-Badacsonytomaj_Veszprem_County_Central_Transdanubia.html
Elias Birtok, None, Food & Drink, /Attraction_Review-g661273-d19765852-Reviews-Elias_Birtok-Badacsonytomaj_Veszprem_County_Central_Transdanubia.html, /Attractions-g661273-Activities-Badacsonytomaj_Veszprem_County_Central_Transdanubia.html
Élias, None, Food & Drink, /Attraction_Review-g661273-d19765848-Reviews-Elias-Badacsonytomaj_Veszprem_County_Central_Transdanubia.html, /Attractions-g661273-Activities-Badacsonytomaj_Veszprem_County_Central_Transdanubia.html
