attraction_name, attraction_rate, attraction_type, attraction_url, attraction_parent_url
Sümeg Castle, 4.5, Sights & Landmarks, /Attraction_Review-g1598545-d2180710-Reviews-Sumeg_Castle-Sumeg_Veszprem_County_Central_Transdanubia.html, /Attractions-g1598545-Activities-Sumeg_Veszprem_County_Central_Transdanubia.html
Carriage Museum, 4.5, Museums, /Attraction_Review-g1598545-d7624627-Reviews-Carriage_Museum-Sumeg_Veszprem_County_Central_Transdanubia.html, /Attractions-g1598545-Activities-Sumeg_Veszprem_County_Central_Transdanubia.html
Sümeg Assumption Franciscan Church and Monastery, 4.5, Sights & Landmarks, /Attraction_Review-g1598545-d13786332-Reviews-Sumeg_Assumption_Franciscan_Church_and_Monastery-Sumeg_Veszprem_County_Central_.html, /Attractions-g1598545-Activities-Sumeg_Veszprem_County_Central_Transdanubia.html
Sumegi Plebania Templom, 4.0, Sights & Landmarks, /Attraction_Review-g1598545-d8036311-Reviews-Sumegi_Plebania_Templom-Sumeg_Veszprem_County_Central_Transdanubia.html, /Attractions-g1598545-Activities-Sumeg_Veszprem_County_Central_Transdanubia.html
Bishop's Palace Sümeg, 4.0, Museums, /Attraction_Review-g1598545-d13786355-Reviews-Bishop_s_Palace_Sumeg-Sumeg_Veszprem_County_Central_Transdanubia.html, /Attractions-g1598545-Activities-Sumeg_Veszprem_County_Central_Transdanubia.html
Kisfaludy Sandor Emlekhaz, 4.0, Museums, /Attraction_Review-g1598545-d19102510-Reviews-Kisfaludy_Sandor_Emlekhaz-Sumeg_Veszprem_County_Central_Transdanubia.html, /Attractions-g1598545-Activities-Sumeg_Veszprem_County_Central_Transdanubia.html
Palota Pince Wine Marchant, None, Shopping, /Attraction_Review-g1598545-d13786310-Reviews-Palota_Pince_Wine_Marchant-Sumeg_Veszprem_County_Central_Transdanubia.html, /Attractions-g1598545-Activities-Sumeg_Veszprem_County_Central_Transdanubia.html
