attraction_name, attraction_rate, attraction_type, attraction_url, attraction_parent_url
Campus Klub, 4.5, Fun & Games, /Attraction_Review-g3380124-d12269071-Reviews-Campus_Klub-Dunaujvaros_Fejer_County_Central_Transdanubia.html, /Attractions-g3380124-Activities-Dunaujvaros_Fejer_County_Central_Transdanubia.html
Intercisa Múzeum, 4.0, Museums, /Attraction_Review-g3380124-d4271569-Reviews-Intercisa_Muzeum-Dunaujvaros_Fejer_County_Central_Transdanubia.html, /Attractions-g3380124-Activities-Dunaujvaros_Fejer_County_Central_Transdanubia.html
Escape Code, 5.0, Fun & Games, /Attraction_Review-g3380124-d15007438-Reviews-Escape_Code-Dunaujvaros_Fejer_County_Central_Transdanubia.html, /Attractions-g3380124-Activities-Dunaujvaros_Fejer_County_Central_Transdanubia.html
Szöglet Sport Bár, None, Nightlife, /Attraction_Review-g3380124-d21265104-Reviews-Szoglet_Sport_Bar-Dunaujvaros_Fejer_County_Central_Transdanubia.html, /Attractions-g3380124-Activities-Dunaujvaros_Fejer_County_Central_Transdanubia.html
Bal2 Kocsma, None, Nightlife, /Attraction_Review-g3380124-d21265108-Reviews-Bal2_Kocsma-Dunaujvaros_Fejer_County_Central_Transdanubia.html, /Attractions-g3380124-Activities-Dunaujvaros_Fejer_County_Central_Transdanubia.html
Kaptár Music Pub, None, Nightlife, /Attraction_Review-g3380124-d21265105-Reviews-Kaptar_Music_Pub-Dunaujvaros_Fejer_County_Central_Transdanubia.html, /Attractions-g3380124-Activities-Dunaujvaros_Fejer_County_Central_Transdanubia.html
