attraction_name, attraction_rate, attraction_type, attraction_url, attraction_parent_url
Bonyhadi Szeplotelen Fogantatas Templom, 5.0, Sights & Landmarks, /Attraction_Review-g1056635-d19700963-Reviews-Bonyhadi_Szeplotelen_Fogantatas_Templom-Bonyhad_Tolna_County_Southern_Transdanu.html, /Attractions-g1056635-Activities-Bonyhad_Tolna_County_Southern_Transdanubia.html
Holy Trinity Statue, 5.0, Sights & Landmarks, /Attraction_Review-g1056635-d19700962-Reviews-Holy_Trinity_Statue-Bonyhad_Tolna_County_Southern_Transdanubia.html, /Attractions-g1056635-Activities-Bonyhad_Tolna_County_Southern_Transdanubia.html
Völgység Múzeum, None, Museums, /Attraction_Review-g1056635-d12687699-Reviews-Volgyseg_Muzeum-Bonyhad_Tolna_County_Southern_Transdanubia.html, /Attractions-g1056635-Activities-Bonyhad_Tolna_County_Southern_Transdanubia.html
Fallabda Bonyhad, None, Fun & Games, /Attraction_Review-g1056635-d19877619-Reviews-Fallabda_Bonyhad-Bonyhad_Tolna_County_Southern_Transdanubia.html, /Attractions-g1056635-Activities-Bonyhad_Tolna_County_Southern_Transdanubia.html
