attraction_name, attraction_rate, attraction_type, attraction_url, attraction_parent_url
Gyenesi Lidostrand, 4.5, Nature & Parks, /Attraction_Review-g1077264-d12723594-Reviews-Gyenesi_Lidostrand-Gyenesdias_Zala_County_Western_Transdanubia.html, /Attractions-g1077264-Activities-Gyenesdias_Zala_County_Western_Transdanubia.html
Természet Háza Látogatóközpont, 4.5, Museums, /Attraction_Review-g1077264-d9743758-Reviews-Termeszet_Haza_Latogatokozpont-Gyenesdias_Zala_County_Western_Transdanubia.html, /Attractions-g1077264-Activities-Gyenesdias_Zala_County_Western_Transdanubia.html
Kalandstrand Öko-Kalandpark, 4.0, Water & Amusement Parks, /Attraction_Review-g1077264-d9752069-Reviews-Kalandstrand_Oko_Kalandpark-Gyenesdias_Zala_County_Western_Transdanubia.html, /Attractions-g1077264-Activities-Gyenesdias_Zala_County_Western_Transdanubia.html
Livi's Animal Farm, 3.5, Sights & Landmarks, /Attraction_Review-g1077264-d10136599-Reviews-Livi_s_Animal_Farm-Gyenesdias_Zala_County_Western_Transdanubia.html, /Attractions-g1077264-Activities-Gyenesdias_Zala_County_Western_Transdanubia.html
J&amp;A Pottery, 4.5, Shopping, /Attraction_Review-g1077264-d9780793-Reviews-J_A_Pottery-Gyenesdias_Zala_County_Western_Transdanubia.html, /Attractions-g1077264-Activities-Gyenesdias_Zala_County_Western_Transdanubia.html
Campari Bar, 5.0, Nightlife, /Attraction_Review-g1077264-d7034776-Reviews-Campari_Bar-Gyenesdias_Zala_County_Western_Transdanubia.html, /Attractions-g1077264-Activities-Gyenesdias_Zala_County_Western_Transdanubia.html
Harmonia Tai Chi Retreat, 5.0, Classes & Workshops, /Attraction_Review-g1077264-d17725284-Reviews-Harmonia_Tai_Chi_Retreat-Gyenesdias_Zala_County_Western_Transdanubia.html, /Attractions-g1077264-Activities-Gyenesdias_Zala_County_Western_Transdanubia.html
GyenEScape, None, Tours, /Attraction_Review-g1077264-d21302188-Reviews-GyenEScape-Gyenesdias_Zala_County_Western_Transdanubia.html, /Attractions-g1077264-Activities-Gyenesdias_Zala_County_Western_Transdanubia.html
Antique Stove Private Collection, None, Museums, /Attraction_Review-g1077264-d9752035-Reviews-Antique_Stove_Private_Collection-Gyenesdias_Zala_County_Western_Transdanubia.html, /Attractions-g1077264-Activities-Gyenesdias_Zala_County_Western_Transdanubia.html
