attraction_name, attraction_rate, attraction_type, attraction_url, attraction_parent_url
Sauska, 5.0, Food & Drink, /Attraction_Review-g1809174-d4114685-Reviews-Sauska-Villany_Baranya_County_Southern_Transdanubia.html, /Attractions-g1809174-Activities-Villany_Baranya_County_Southern_Transdanubia.html
Gere Attila Pinceszete- Winery, 4.5, Food & Drink, /Attraction_Review-g1809174-d6560473-Reviews-Gere_Attila_Pinceszete_Winery-Villany_Baranya_County_Southern_Transdanubia.html, /Attractions-g1809174-Activities-Villany_Baranya_County_Southern_Transdanubia.html
Günzer Családi Birtok, 4.5, Food & Drink, /Attraction_Review-g1809174-d12789690-Reviews-Gunzer_Csaladi_Birtok-Villany_Baranya_County_Southern_Transdanubia.html, /Attractions-g1809174-Activities-Villany_Baranya_County_Southern_Transdanubia.html
Wunderlich Winery and Wine Cellar, 4.5, Food & Drink, /Attraction_Review-g1809174-d4702046-Reviews-Wunderlich_Winery_and_Wine_Cellar-Villany_Baranya_County_Southern_Transdanubia.html, /Attractions-g1809174-Activities-Villany_Baranya_County_Southern_Transdanubia.html
7773 Boraszat es BorBar, 5.0, Nightlife, /Attraction_Review-g1809174-d17413664-Reviews-7773_Boraszat_es_BorBar-Villany_Baranya_County_Southern_Transdanubia.html, /Attractions-g1809174-Activities-Villany_Baranya_County_Southern_Transdanubia.html
Polya Pince, 5.0, Nightlife, /Attraction_Review-g1809174-d14158252-Reviews-Polya_Pince-Villany_Baranya_County_Southern_Transdanubia.html, /Attractions-g1809174-Activities-Villany_Baranya_County_Southern_Transdanubia.html
Gal Cellar and Wine Museum, None, Shopping, /Attraction_Review-g1809174-d21093058-Reviews-Gal_Cellar_and_Wine_Museum-Villany_Baranya_County_Southern_Transdanubia.html, /Attractions-g1809174-Activities-Villany_Baranya_County_Southern_Transdanubia.html
