attraction_name, attraction_rate, attraction_type, attraction_url, attraction_parent_url
St. Andrea Pinceszet Winery, 4.5, Food & Drink, /Attraction_Review-g2266230-d12874768-Reviews-St_Andrea_Pinceszet_Winery-Egerszalok_Heves_County_Northern_Hungary.html, /Attractions-g2266230-Activities-Egerszalok_Heves_County_Northern_Hungary.html
Hablik Cellar, 5.0, Food & Drink, /Attraction_Review-g2266230-d15141783-Reviews-Hablik_Cellar-Egerszalok_Heves_County_Northern_Hungary.html, /Attractions-g2266230-Activities-Egerszalok_Heves_County_Northern_Hungary.html
Saliris Resort Egerszalók, 4.5, Spas & Wellness, /Attraction_Review-g2266230-d3227854-Reviews-Saliris_Resort_Egerszalok-Egerszalok_Heves_County_Northern_Hungary.html, /Attractions-g2266230-Activities-Egerszalok_Heves_County_Northern_Hungary.html
Sódomb, 4.5, Nature & Parks, /Attraction_Review-g2266230-d21172463-Reviews-Sodomb-Egerszalok_Heves_County_Northern_Hungary.html, /Attractions-g2266230-Activities-Egerszalok_Heves_County_Northern_Hungary.html
