attraction_name, attraction_rate, attraction_type, attraction_url, attraction_parent_url
Szép Look-out, 5.0, Sights & Landmarks, /Attraction_Review-g1169177-d8489003-Reviews-Szep_Look_out-Balatongyorok_Zala_County_Western_Transdanubia.html, /Attractions-g1169177-Activities-Balatongyorok_Zala_County_Western_Transdanubia.html
Batsányi Kilátó, 4.5, Sights & Landmarks, /Attraction_Review-g1169177-d21242606-Reviews-Batsanyi_Kilato-Balatongyorok_Zala_County_Western_Transdanubia.html, /Attractions-g1169177-Activities-Balatongyorok_Zala_County_Western_Transdanubia.html
Golf Club Imperial, 5.0, Outdoor Activities, /Attraction_Review-g1169177-d12201246-Reviews-Golf_Club_Imperial-Balatongyorok_Zala_County_Western_Transdanubia.html, /Attractions-g1169177-Activities-Balatongyorok_Zala_County_Western_Transdanubia.html
Minigolf Balatongyörök, None, Fun & Games, /Attraction_Review-g1169177-d12806057-Reviews-Minigolf_Balatongyorok-Balatongyorok_Zala_County_Western_Transdanubia.html, /Attractions-g1169177-Activities-Balatongyorok_Zala_County_Western_Transdanubia.html
