attraction_name, attraction_rate, attraction_type, attraction_url, attraction_parent_url
Bences Apatsag, 4.5, Sights & Landmarks, /Attraction_Review-g274918-d279439-Reviews-Bences_Apatsag-Tihany_Veszprem_County_Central_Transdanubia.html, /Attractions-g274918-Activities-Tihany_Veszprem_County_Central_Transdanubia.html
Ortorony Lookout Tower, 4.5, Sights & Landmarks, /Attraction_Review-g274918-d11909712-Reviews-Ortorony_Lookout_Tower-Tihany_Veszprem_County_Central_Transdanubia.html, /Attractions-g274918-Activities-Tihany_Veszprem_County_Central_Transdanubia.html
Tihany Echo, 4.5, Sights & Landmarks, /Attraction_Review-g274918-d7050506-Reviews-Tihany_Echo-Tihany_Veszprem_County_Central_Transdanubia.html, /Attractions-g274918-Activities-Tihany_Veszprem_County_Central_Transdanubia.html
Tihanyi MARKET Place, 4.5, Food & Drink, /Attraction_Review-g274918-d12619902-Reviews-Tihanyi_MARKET_Place-Tihany_Veszprem_County_Central_Transdanubia.html, /Attractions-g274918-Activities-Tihany_Veszprem_County_Central_Transdanubia.html
Via Dolorosa, 4.5, Sights & Landmarks, /Attraction_Review-g274918-d10206396-Reviews-Via_Dolorosa-Tihany_Veszprem_County_Central_Transdanubia.html, /Attractions-g274918-Activities-Tihany_Veszprem_County_Central_Transdanubia.html
Baratlakasok, 4.0, Sights & Landmarks, /Attraction_Review-g274918-d10779503-Reviews-Baratlakasok-Tihany_Veszprem_County_Central_Transdanubia.html, /Attractions-g274918-Activities-Tihany_Veszprem_County_Central_Transdanubia.html
Statue of King Andrew, 4.5, Sights & Landmarks, /Attraction_Review-g274918-d13967287-Reviews-Statue_of_King_Andrew-Tihany_Veszprem_County_Central_Transdanubia.html, /Attractions-g274918-Activities-Tihany_Veszprem_County_Central_Transdanubia.html
Lokomotiv Kisvonat / Road Train Tihany, 4.0, Tours, /Attraction_Review-g274918-d2590127-Reviews-Lokomotiv_Kisvonat_Road_Train_Tihany-Tihany_Veszprem_County_Central_Transdanubia.html, /Attractions-g274918-Activities-Tihany_Veszprem_County_Central_Transdanubia.html
Babamuzeum, 4.0, Museums, /Attraction_Review-g274918-d6869482-Reviews-Babamuzeum-Tihany_Veszprem_County_Central_Transdanubia.html, /Attractions-g274918-Activities-Tihany_Veszprem_County_Central_Transdanubia.html
Lavender House, 3.5, Museums, /Attraction_Review-g274918-d14980978-Reviews-Lavender_House-Tihany_Veszprem_County_Central_Transdanubia.html, /Attractions-g274918-Activities-Tihany_Veszprem_County_Central_Transdanubia.html
Bujtor Istvan Szabadteri Szinpad, 4.0, Concerts & Shows, /Attraction_Review-g274918-d10767859-Reviews-Bujtor_Istvan_Szabadteri_Szinpad-Tihany_Veszprem_County_Central_Transdanubia.html, /Attractions-g274918-Activities-Tihany_Veszprem_County_Central_Transdanubia.html
Historical Waxworks and Pirate museum, 3.5, Museums, /Attraction_Review-g274918-d4227950-Reviews-Historical_Waxworks_and_Pirate_museum-Tihany_Veszprem_County_Central_Transdanubia.html, /Attractions-g274918-Activities-Tihany_Veszprem_County_Central_Transdanubia.html
Port Beach, 3.0, Nature & Parks, /Attraction_Review-g274918-d17634797-Reviews-Port_Beach-Tihany_Veszprem_County_Central_Transdanubia.html, /Attractions-g274918-Activities-Tihany_Veszprem_County_Central_Transdanubia.html
Aktiv Pont Tihany, 5.0, Boat Tours & Water Sports, /Attraction_Review-g274918-d12564228-Reviews-Aktiv_Pont_Tihany-Tihany_Veszprem_County_Central_Transdanubia.html, /Attractions-g274918-Activities-Tihany_Veszprem_County_Central_Transdanubia.html
Tihanyi Levendula Manufaktura, 5.0, Shopping, /Attraction_Review-g274918-d12622571-Reviews-Tihanyi_Levendula_Manufaktura-Tihany_Veszprem_County_Central_Transdanubia.html, /Attractions-g274918-Activities-Tihany_Veszprem_County_Central_Transdanubia.html
Balaton Bike Tour, 5.0, Tours, /Attraction_Review-g274918-d21207706-Reviews-Balaton_Bike_Tour-Tihany_Veszprem_County_Central_Transdanubia.html, /Attractions-g274918-Activities-Tihany_Veszprem_County_Central_Transdanubia.html
SUP Center Balaton, 5.0, Boat Tours & Water Sports, /Attraction_Review-g274918-d8807122-Reviews-SUP_Center_Balaton-Tihany_Veszprem_County_Central_Transdanubia.html, /Attractions-g274918-Activities-Tihany_Veszprem_County_Central_Transdanubia.html
Tihanyi Kisvonat, 4.5, Tours, /Attraction_Review-g274918-d14722777-Reviews-Tihanyi_Kisvonat-Tihany_Veszprem_County_Central_Transdanubia.html, /Attractions-g274918-Activities-Tihany_Veszprem_County_Central_Transdanubia.html
Bokreta Ceramics, 5.0, Shopping, /Attraction_Review-g274918-d12799137-Reviews-Bokreta_Ceramics-Tihany_Veszprem_County_Central_Transdanubia.html, /Attractions-g274918-Activities-Tihany_Veszprem_County_Central_Transdanubia.html
Tihanyi Kisvonat, 3.0, Tours, /Attraction_Review-g274918-d14142737-Reviews-Tihanyi_Kisvonat-Tihany_Veszprem_County_Central_Transdanubia.html, /Attractions-g274918-Activities-Tihany_Veszprem_County_Central_Transdanubia.html
Kecskekorom House, None, Shopping, /Attraction_Review-g274918-d12318745-Reviews-Kecskekorom_House-Tihany_Veszprem_County_Central_Transdanubia.html, /Attractions-g274918-Activities-Tihany_Veszprem_County_Central_Transdanubia.html
Kalandsziget Tihany, None, Tours, /Attraction_Review-g274918-d12622389-Reviews-Kalandsziget_Tihany-Tihany_Veszprem_County_Central_Transdanubia.html, /Attractions-g274918-Activities-Tihany_Veszprem_County_Central_Transdanubia.html
Cinema 360, None, Fun & Games, /Attraction_Review-g274918-d17728820-Reviews-Cinema_360-Tihany_Veszprem_County_Central_Transdanubia.html, /Attractions-g274918-Activities-Tihany_Veszprem_County_Central_Transdanubia.html
Lepke Sor, None, Sights & Landmarks, /Attraction_Review-g274918-d17622604-Reviews-Lepke_Sor-Tihany_Veszprem_County_Central_Transdanubia.html, /Attractions-g274918-Activities-Tihany_Veszprem_County_Central_Transdanubia.html
