attraction_name, attraction_rate, attraction_type, attraction_url, attraction_parent_url
Szent Mihaly Chapel, 5.0, Sights & Landmarks, /Attraction_Review-g2266653-d12700440-Reviews-Szent_Mihaly_Chapel-Vonyarcvashegy_Zala_County_Western_Transdanubia.html, /Attractions-g2266653-Activities-Vonyarcvashegy_Zala_County_Western_Transdanubia.html
Lido Strand, 3.5, Nature & Parks, /Attraction_Review-g2266653-d12789701-Reviews-Lido_Strand-Vonyarcvashegy_Zala_County_Western_Transdanubia.html, /Attractions-g2266653-Activities-Vonyarcvashegy_Zala_County_Western_Transdanubia.html
Szuz Maria neve Kapolna, 4.0, Sights & Landmarks, /Attraction_Review-g2266653-d16904235-Reviews-Szuz_Maria_neve_Kapolna-Vonyarcvashegy_Zala_County_Western_Transdanubia.html, /Attractions-g2266653-Activities-Vonyarcvashegy_Zala_County_Western_Transdanubia.html
Berzsenyi Kilato, 3.5, Sights & Landmarks, /Attraction_Review-g2266653-d12818769-Reviews-Berzsenyi_Kilato-Vonyarcvashegy_Zala_County_Western_Transdanubia.html, /Attractions-g2266653-Activities-Vonyarcvashegy_Zala_County_Western_Transdanubia.html
Sharky Vizisportiskola, None, Boat Tours & Water Sports, /Attraction_Review-g2266653-d17977373-Reviews-Sharky_Vizisportiskola-Vonyarcvashegy_Zala_County_Western_Transdanubia.html, /Attractions-g2266653-Activities-Vonyarcvashegy_Zala_County_Western_Transdanubia.html
