attraction_name, attraction_rate, attraction_type, attraction_url, attraction_parent_url
Fertőrákos Quarry and Cave Theatre, 4.5, Nature & Parks, /Attraction_Review-g754047-d8592085-Reviews-Fertorakos_Quarry_and_Cave_Theatre-Fertorakos_Gyor_Moson_Sopron_County_Central_Tr.html, /Attractions-g754047-Activities-Fertorakos_Gyor_Moson_Sopron_County_Central_Transdanubia.html
Fertőrákosi Kőfejtő Thematic Park, 4.5, Museums, /Attraction_Review-g754047-d10766450-Reviews-Fertorakosi_Kofejto_Thematic_Park-Fertorakos_Gyor_Moson_Sopron_County_Central_Tr.html, /Attractions-g754047-Activities-Fertorakos_Gyor_Moson_Sopron_County_Central_Transdanubia.html
Pan-European Picnic Monument, 4.5, Sights & Landmarks, /Attraction_Review-g754047-d10753684-Reviews-Pan_European_Picnic_Monument-Fertorakos_Gyor_Moson_Sopron_County_Central_Transda.html, /Attractions-g754047-Activities-Fertorakos_Gyor_Moson_Sopron_County_Central_Transdanubia.html
Linzer-Orosz Boraszat, None, Food & Drink, /Attraction_Review-g754047-d19112096-Reviews-Linzer_Orosz_Boraszat-Fertorakos_Gyor_Moson_Sopron_County_Central_Transdanubia.html, /Attractions-g754047-Activities-Fertorakos_Gyor_Moson_Sopron_County_Central_Transdanubia.html
Linzer-Orosz Boraszat, None, Food & Drink, /Attraction_Review-g754047-d19343212-Reviews-Linzer_Orosz_Boraszat-Fertorakos_Gyor_Moson_Sopron_County_Central_Transdanubia.html, /Attractions-g754047-Activities-Fertorakos_Gyor_Moson_Sopron_County_Central_Transdanubia.html
