attraction_name, attraction_rate, attraction_type, attraction_url, attraction_parent_url
Tokaji museum, 4.5, Museums, /Attraction_Review-g657261-d6995630-Reviews-Tokaji_museum-Tokaj_Borsod_Abauj_Zemplen_County_Northern_Hungary.html, /Attractions-g657261-Activities-Tokaj_Borsod_Abauj_Zemplen_County_Northern_Hungary.html
World Heritage Wine Museum, 4.5, Museums, /Attraction_Review-g657261-d9716547-Reviews-World_Heritage_Wine_Museum-Tokaj_Borsod_Abauj_Zemplen_County_Northern_Hungary.html, /Attractions-g657261-Activities-Tokaj_Borsod_Abauj_Zemplen_County_Northern_Hungary.html
Rakoczi Pince es Udvarhaz, 4.0, Food & Drink, /Attraction_Review-g657261-d6749751-Reviews-Rakoczi_Pince_es_Udvarhaz-Tokaj_Borsod_Abauj_Zemplen_County_Northern_Hungary.html, /Attractions-g657261-Activities-Tokaj_Borsod_Abauj_Zemplen_County_Northern_Hungary.html
Erdős Pince - Borkatakomba, 4.5, Food & Drink, /Attraction_Review-g657261-d8555782-Reviews-Erdos_Pince_Borkatakomba-Tokaj_Borsod_Abauj_Zemplen_County_Northern_Hungary.html, /Attractions-g657261-Activities-Tokaj_Borsod_Abauj_Zemplen_County_Northern_Hungary.html
Erzsébet Winery - Tokaj, 5.0, Food & Drink, /Attraction_Review-g657261-d12821183-Reviews-Erzsebet_Winery_Tokaj-Tokaj_Borsod_Abauj_Zemplen_County_Northern_Hungary.html, /Attractions-g657261-Activities-Tokaj_Borsod_Abauj_Zemplen_County_Northern_Hungary.html
Szerelmi Pince, 5.0, Food & Drink, /Attraction_Review-g657261-d16724325-Reviews-Szerelmi_Pince-Tokaj_Borsod_Abauj_Zemplen_County_Northern_Hungary.html, /Attractions-g657261-Activities-Tokaj_Borsod_Abauj_Zemplen_County_Northern_Hungary.html
Soltész Family Winery, 4.5, Food & Drink, /Attraction_Review-g657261-d12615478-Reviews-Soltesz_Family_Winery-Tokaj_Borsod_Abauj_Zemplen_County_Northern_Hungary.html, /Attractions-g657261-Activities-Tokaj_Borsod_Abauj_Zemplen_County_Northern_Hungary.html
Peter Winery, 4.0, Food & Drink, /Attraction_Review-g657261-d15266702-Reviews-Peter_Winery-Tokaj_Borsod_Abauj_Zemplen_County_Northern_Hungary.html, /Attractions-g657261-Activities-Tokaj_Borsod_Abauj_Zemplen_County_Northern_Hungary.html
Soltesz Family Vinery, 5.0, Food & Drink, /Attraction_Review-g657261-d12616037-Reviews-Soltesz_Family_Vinery-Tokaj_Borsod_Abauj_Zemplen_County_Northern_Hungary.html, /Attractions-g657261-Activities-Tokaj_Borsod_Abauj_Zemplen_County_Northern_Hungary.html
Paulay Winery, 5.0, Food & Drink, /Attraction_Review-g657261-d13527544-Reviews-Paulay_Winery-Tokaj_Borsod_Abauj_Zemplen_County_Northern_Hungary.html, /Attractions-g657261-Activities-Tokaj_Borsod_Abauj_Zemplen_County_Northern_Hungary.html
Hímesudvar, 4.5, Nightlife, /Attraction_Review-g657261-d7083615-Reviews-Himesudvar-Tokaj_Borsod_Abauj_Zemplen_County_Northern_Hungary.html, /Attractions-g657261-Activities-Tokaj_Borsod_Abauj_Zemplen_County_Northern_Hungary.html
Prés Wine Bar and Store, 4.0, Nightlife, /Attraction_Review-g657261-d12707172-Reviews-Pres_Wine_Bar_and_Store-Tokaj_Borsod_Abauj_Zemplen_County_Northern_Hungary.html, /Attractions-g657261-Activities-Tokaj_Borsod_Abauj_Zemplen_County_Northern_Hungary.html
Tokaji seta, 5.0, Food & Drink, /Attraction_Review-g657261-d17423118-Reviews-Tokaji_seta-Tokaj_Borsod_Abauj_Zemplen_County_Northern_Hungary.html, /Attractions-g657261-Activities-Tokaj_Borsod_Abauj_Zemplen_County_Northern_Hungary.html
Izes oromest, 4.5, Shopping, /Attraction_Review-g657261-d11445257-Reviews-Izes_oromest-Tokaj_Borsod_Abauj_Zemplen_County_Northern_Hungary.html, /Attractions-g657261-Activities-Tokaj_Borsod_Abauj_Zemplen_County_Northern_Hungary.html
Gizella Pince Tokaj, 5.0, Food & Drink, /Attraction_Review-g657261-d12359002-Reviews-Gizella_Pince_Tokaj-Tokaj_Borsod_Abauj_Zemplen_County_Northern_Hungary.html, /Attractions-g657261-Activities-Tokaj_Borsod_Abauj_Zemplen_County_Northern_Hungary.html
Ászok Borház Tokaj, 5.0, Food & Drink, /Attraction_Review-g657261-d21234435-Reviews-Aszok_Borhaz_Tokaj-Tokaj_Borsod_Abauj_Zemplen_County_Northern_Hungary.html, /Attractions-g657261-Activities-Tokaj_Borsod_Abauj_Zemplen_County_Northern_Hungary.html
travel2Tokaj.sk, 4.0, Food & Drink, /Attraction_Review-g657261-d17839932-Reviews-Travel2Tokaj_sk-Tokaj_Borsod_Abauj_Zemplen_County_Northern_Hungary.html, /Attractions-g657261-Activities-Tokaj_Borsod_Abauj_Zemplen_County_Northern_Hungary.html
Hajókirándulás Tokaj, 2.5, Boat Tours & Water Sports, /Attraction_Review-g657261-d12814590-Reviews-Hajokirandulas_Tokaj-Tokaj_Borsod_Abauj_Zemplen_County_Northern_Hungary.html, /Attractions-g657261-Activities-Tokaj_Borsod_Abauj_Zemplen_County_Northern_Hungary.html
Balassa Bor, None, Food & Drink, /Attraction_Review-g657261-d19082555-Reviews-Balassa_Bor-Tokaj_Borsod_Abauj_Zemplen_County_Northern_Hungary.html, /Attractions-g657261-Activities-Tokaj_Borsod_Abauj_Zemplen_County_Northern_Hungary.html
