attraction_name, attraction_rate, attraction_type, attraction_url, attraction_parent_url
Turr Istvan Muzeum, 4.5, Museums, /Attraction_Review-g1602391-d6894395-Reviews-Turr_Istvan_Muzeum-Baja_Southern_Great_Plain.html, /Attractions-g1602391-Activities-Baja_Southern_Great_Plain.html
Trinity Square, 4.5, Sights & Landmarks, /Attraction_Review-g1602391-d12529301-Reviews-Trinity_Square-Baja_Southern_Great_Plain.html, /Attractions-g1602391-Activities-Baja_Southern_Great_Plain.html
St Nicolas Serbian Orthodox Church, 5.0, Sights & Landmarks, /Attraction_Review-g1602391-d6947260-Reviews-St_Nicolas_Serbian_Orthodox_Church-Baja_Southern_Great_Plain.html, /Attractions-g1602391-Activities-Baja_Southern_Great_Plain.html
Statue of András Jelky, 4.5, Sights & Landmarks, /Attraction_Review-g1602391-d8815078-Reviews-Statue_of_Andras_Jelky-Baja_Southern_Great_Plain.html, /Attractions-g1602391-Activities-Baja_Southern_Great_Plain.html
Baja Synagogue, 4.0, Sights & Landmarks, /Attraction_Review-g1602391-d12529306-Reviews-Baja_Synagogue-Baja_Southern_Great_Plain.html, /Attractions-g1602391-Activities-Baja_Southern_Great_Plain.html
Reaktor Paintball, 5.0, Fun & Games, /Attraction_Review-g1602391-d14967296-Reviews-Reaktor_Paintball-Baja_Southern_Great_Plain.html, /Attractions-g1602391-Activities-Baja_Southern_Great_Plain.html
Szentháromság szobor, 5.0, Sights & Landmarks, /Attraction_Review-g1602391-d12361903-Reviews-Szentharomsag_szobor-Baja_Southern_Great_Plain.html, /Attractions-g1602391-Activities-Baja_Southern_Great_Plain.html
Grassalkovich-kastely, 4.0, Sights & Landmarks, /Attraction_Review-g1602391-d12361915-Reviews-Grassalkovich_kastely-Baja_Southern_Great_Plain.html, /Attractions-g1602391-Activities-Baja_Southern_Great_Plain.html
Bajai csonakazas, 5.0, Boat Tours & Water Sports, /Attraction_Review-g1602391-d17438202-Reviews-Bajai_csonakazas-Baja_Southern_Great_Plain.html, /Attractions-g1602391-Activities-Baja_Southern_Great_Plain.html
Nagy István Gallery, None, Museums, /Attraction_Review-g1602391-d12362046-Reviews-Nagy_Istvan_Gallery-Baja_Southern_Great_Plain.html, /Attractions-g1602391-Activities-Baja_Southern_Great_Plain.html
Zarkaland, None, Fun & Games, /Attraction_Review-g1602391-d18915680-Reviews-Zarkaland-Baja_Southern_Great_Plain.html, /Attractions-g1602391-Activities-Baja_Southern_Great_Plain.html
