attraction_name, attraction_rate, attraction_type, attraction_url, attraction_parent_url
Eco Park Zalakaros, 4.0, Nature & Parks, /Attraction_Review-g311308-d12731753-Reviews-Eco_Park_Zalakaros-Zalakaros_Zala_County_Western_Transdanubia.html, /Attractions-g311308-Activities-Zalakaros_Zala_County_Western_Transdanubia.html
Zalakaros Bath, 4.0, Spas & Wellness, /Attraction_Review-g311308-d3138717-Reviews-Zalakaros_Bath-Zalakaros_Zala_County_Western_Transdanubia.html, /Attractions-g311308-Activities-Zalakaros_Zala_County_Western_Transdanubia.html
Aviado, None, Tours, /Attraction_Review-g311308-d19121535-Reviews-Aviado-Zalakaros_Zala_County_Western_Transdanubia.html, /Attractions-g311308-Activities-Zalakaros_Zala_County_Western_Transdanubia.html
Fenevad Chili, None, Shopping, /Attraction_Review-g311308-d20072623-Reviews-Fenevad_Chili-Zalakaros_Zala_County_Western_Transdanubia.html, /Attractions-g311308-Activities-Zalakaros_Zala_County_Western_Transdanubia.html
