attraction_name, attraction_rate, attraction_type, attraction_url, attraction_parent_url
Csodabogyos-barlang Balatonederics, 5.0, Nature & Parks, /Attraction_Review-g6601433-d12696187-Reviews-Csodabogyos_barlang_Balatonederics-Balatonederics_Veszprem_County_Central_Trans.html, /Attractions-g6601433-Activities-Balatonederics_Veszprem_County_Central_Transdanubia.html
Csodabogyos Cave, 5.0, Nature & Parks, /Attraction_Review-g6601433-d1497554-Reviews-Csodabogyos_Cave-Balatonederics_Veszprem_County_Central_Transdanubia.html, /Attractions-g6601433-Activities-Balatonederics_Veszprem_County_Central_Transdanubia.html
Afrika Múzeum, 3.5, Museums, /Attraction_Review-g6601433-d6603550-Reviews-Afrika_Muzeum-Balatonederics_Veszprem_County_Central_Transdanubia.html, /Attractions-g6601433-Activities-Balatonederics_Veszprem_County_Central_Transdanubia.html
Szabo Winery, 2.0, Food & Drink, /Attraction_Review-g6601433-d10771429-Reviews-Szabo_Winery-Balatonederics_Veszprem_County_Central_Transdanubia.html, /Attractions-g6601433-Activities-Balatonederics_Veszprem_County_Central_Transdanubia.html
Westernpark Nemesvita, 4.5, Fun & Games, /Attraction_Review-g6601433-d6686955-Reviews-Westernpark_Nemesvita-Balatonederics_Veszprem_County_Central_Transdanubia.html, /Attractions-g6601433-Activities-Balatonederics_Veszprem_County_Central_Transdanubia.html
