attraction_name, attraction_rate, attraction_type, attraction_url, attraction_parent_url
Darius Antiques, None, Shopping, /Attraction_Review-g274887-d15753085-Reviews-Darius_Antiques-Budapest_Central_Hungary.html, /Attractions-g274887-Activities-Budapest_Central_Hungary.html
Galeria Centralis, None, Museums, /Attraction_Review-g274887-d592878-Reviews-Galeria_Centralis-Budapest_Central_Hungary.html, /Attractions-g274887-Activities-Budapest_Central_Hungary.html
Kalamajka Tanchaz, None, Sights & Landmarks, /Attraction_Review-g274887-d4154542-Reviews-Kalamajka_Tanchaz-Budapest_Central_Hungary.html, /Attractions-g274887-Activities-Budapest_Central_Hungary.html
Glass Factory, None, Museums, /Attraction_Review-g274887-d3152695-Reviews-Glass_Factory-Budapest_Central_Hungary.html, /Attractions-g274887-Activities-Budapest_Central_Hungary.html
Romai Teniszakademia, None, Fun & Games, /Attraction_Review-g274887-d19119324-Reviews-Romai_Teniszakademia-Budapest_Central_Hungary.html, /Attractions-g274887-Activities-Budapest_Central_Hungary.html
Minnesmerke Over Samhold, None, Sights & Landmarks, /Attraction_Review-g274887-d21251242-Reviews-Minnesmerke_Over_Samhold-Budapest_Central_Hungary.html, /Attractions-g274887-Activities-Budapest_Central_Hungary.html
Nemetajku Reformatus Egyhazkozsegunkben, None, Sights & Landmarks, /Attraction_Review-g274887-d19745756-Reviews-Nemetajku_Reformatus_Egyhazkozsegunkben-Budapest_Central_Hungary.html, /Attractions-g274887-Activities-Budapest_Central_Hungary.html
Budapestee Extra, None, Shopping, /Attraction_Review-g274887-d19720699-Reviews-Budapestee_Extra-Budapest_Central_Hungary.html, /Attractions-g274887-Activities-Budapest_Central_Hungary.html
Szechenyi Bath New Year's Eve Fireworks 2020, None, Events, /Attraction_Review-g274887-d19820769-Reviews-Szechenyi_Bath_New_Year_s_Eve_Fireworks_2020-Budapest_Central_Hungary.html, /Attractions-g274887-Activities-Budapest_Central_Hungary.html
The World Cup of Tennis, None, Other, /Attraction_Review-g274887-d19838975-Reviews-The_World_Cup_of_Tennis-Budapest_Central_Hungary.html, /Attractions-g274887-Activities-Budapest_Central_Hungary.html
Istvántelki Vonattemető, None, Sights & Landmarks, /Attraction_Review-g274887-d21372493-Reviews-Istvantelki_Vonattemeto-Budapest_Central_Hungary.html, /Attractions-g274887-Activities-Budapest_Central_Hungary.html
Pinter Gallery And Auction House, None, Other, /Attraction_Review-g274887-d22922914-Reviews-Pinter_Gallery_And_Auction_House-Budapest_Central_Hungary.html, /Attractions-g274887-Activities-Budapest_Central_Hungary.html
Communistour, None, Sights & Landmarks, /Attraction_Review-g274887-d17549607-Reviews-Communistour-Budapest_Central_Hungary.html, /Attractions-g274887-Activities-Budapest_Central_Hungary.html
Share My Table, None, Food & Drink, /Attraction_Review-g274887-d5961625-Reviews-Share_My_Table-Budapest_Central_Hungary.html, /Attractions-g274887-Activities-Budapest_Central_Hungary.html
Family research center, None, Museums, /Attraction_Review-g274887-d4701623-Reviews-Family_research_center-Budapest_Central_Hungary.html, /Attractions-g274887-Activities-Budapest_Central_Hungary.html
International Book Festival Budapest, None, Events, /Attraction_Review-g274887-d10020415-Reviews-International_Book_Festival_Budapest-Budapest_Central_Hungary.html, /Attractions-g274887-Activities-Budapest_Central_Hungary.html
ART&ME Gallery and Experience Space, None, Museums, /Attraction_Review-g274887-d9977957-Reviews-ART_ME_Gallery_and_Experience_Space-Budapest_Central_Hungary.html, /Attractions-g274887-Activities-Budapest_Central_Hungary.html
Kazi30 nyitott műterem és művészeti galéria, None, Sights & Landmarks, /Attraction_Review-g274887-d6691914-Reviews-Kazi30_nyitott_muterem_es_muveszeti_galeria-Budapest_Central_Hungary.html, /Attractions-g274887-Activities-Budapest_Central_Hungary.html
