attraction_name, attraction_rate, attraction_type, attraction_url, attraction_parent_url
Szamos Marzipan Exhibition and Workshop, 4.0, Museums, /Attraction_Review-g274914-d588699-Reviews-Szamos_Marzipan_Exhibition_and_Workshop-Szentendre_Pest_County_Central_Hungary.html, /Attractions-g274914-Activities-Szentendre_Pest_County_Central_Hungary.html
Main Square (Fo tér), 4.0, Sights & Landmarks, /Attraction_Review-g274914-d276835-Reviews-Main_Square_Fo_ter-Szentendre_Pest_County_Central_Hungary.html, /Attractions-g274914-Activities-Szentendre_Pest_County_Central_Hungary.html
Hungarian Open Air Museum (Szabadtéri Néprajzi Múzeum), 4.5, Museums, /Attraction_Review-g274914-d276839-Reviews-Hungarian_Open_Air_Museum_Szabadteri_Neprajzi_Muzeum-Szentendre_Pest_County_Centra.html, /Attractions-g274914-Activities-Szentendre_Pest_County_Central_Hungary.html
Retro Design Center, 4.5, Museums, /Attraction_Review-g274914-d8066181-Reviews-Retro_Design_Center-Szentendre_Pest_County_Central_Hungary.html, /Attractions-g274914-Activities-Szentendre_Pest_County_Central_Hungary.html
Mikrocsodak Múzeuma, 4.5, Museums, /Attraction_Review-g274914-d3741192-Reviews-Mikrocsodak_Muzeuma-Szentendre_Pest_County_Central_Hungary.html, /Attractions-g274914-Activities-Szentendre_Pest_County_Central_Hungary.html
Old Town, 4.5, Sights & Landmarks, /Attraction_Review-g274914-d13400845-Reviews-Old_Town-Szentendre_Pest_County_Central_Hungary.html, /Attractions-g274914-Activities-Szentendre_Pest_County_Central_Hungary.html
Kovács Margit Muzeum, 4.5, Museums, /Attraction_Review-g274914-d276838-Reviews-Kovacs_Margit_Muzeum-Szentendre_Pest_County_Central_Hungary.html, /Attractions-g274914-Activities-Szentendre_Pest_County_Central_Hungary.html
Szanto Memorial House, 4.5, Sights & Landmarks, /Attraction_Review-g274914-d3360784-Reviews-Szanto_Memorial_House-Szentendre_Pest_County_Central_Hungary.html, /Attractions-g274914-Activities-Szentendre_Pest_County_Central_Hungary.html
Transportation Museum, 4.5, Museums, /Attraction_Review-g274914-d8571255-Reviews-Transportation_Museum-Szentendre_Pest_County_Central_Hungary.html, /Attractions-g274914-Activities-Szentendre_Pest_County_Central_Hungary.html
Blagovestenska Church, 4.0, Sights & Landmarks, /Attraction_Review-g274914-d279084-Reviews-Blagovestenska_Church-Szentendre_Pest_County_Central_Hungary.html, /Attractions-g274914-Activities-Szentendre_Pest_County_Central_Hungary.html
National Wine Museum, 4.0, Museums, /Attraction_Review-g274914-d6781826-Reviews-National_Wine_Museum-Szentendre_Pest_County_Central_Hungary.html, /Attractions-g274914-Activities-Szentendre_Pest_County_Central_Hungary.html
Ferenczy Museum, 4.0, Museums, /Attraction_Review-g274914-d279085-Reviews-Ferenczy_Museum-Szentendre_Pest_County_Central_Hungary.html, /Attractions-g274914-Activities-Szentendre_Pest_County_Central_Hungary.html
Szentendrei Keresztelő Szent János Parish Church, 4.0, Sights & Landmarks, /Attraction_Review-g274914-d13010586-Reviews-Szentendrei_Keresztelo_Szent_Janos_Parish_Church-Szentendre_Pest_County_Central_.html, /Attractions-g274914-Activities-Szentendre_Pest_County_Central_Hungary.html
Serbian Orthodox Museum, 3.5, Museums, /Attraction_Review-g274914-d279086-Reviews-Serbian_Orthodox_Museum-Szentendre_Pest_County_Central_Hungary.html, /Attractions-g274914-Activities-Szentendre_Pest_County_Central_Hungary.html
Ur Eleonora Batik Art Gallery, 5.0, Museums, /Attraction_Review-g274914-d7198595-Reviews-Ur_Eleonora_Batik_Art_Gallery-Szentendre_Pest_County_Central_Hungary.html, /Attractions-g274914-Activities-Szentendre_Pest_County_Central_Hungary.html
Preobrazsenszka Church, 4.0, Sights & Landmarks, /Attraction_Review-g274914-d13821373-Reviews-Preobrazsenszka_Church-Szentendre_Pest_County_Central_Hungary.html, /Attractions-g274914-Activities-Szentendre_Pest_County_Central_Hungary.html
Szentendre Aquarium and Terrarium House, 3.5, Zoos & Aquariums, /Attraction_Review-g274914-d6674707-Reviews-Szentendre_Aquarium_and_Terrarium_House-Szentendre_Pest_County_Central_Hungary.html, /Attractions-g274914-Activities-Szentendre_Pest_County_Central_Hungary.html
ArtMill, 5.0, Museums, /Attraction_Review-g274914-d18189981-Reviews-ArtMill-Szentendre_Pest_County_Central_Hungary.html, /Attractions-g274914-Activities-Szentendre_Pest_County_Central_Hungary.html
Erdesz Gallery &amp; Design, 4.5, Museums, /Attraction_Review-g274914-d12584426-Reviews-Erdesz_Gallery_Design-Szentendre_Pest_County_Central_Hungary.html, /Attractions-g274914-Activities-Szentendre_Pest_County_Central_Hungary.html
Priest's Island (Pap-sziget), 4.5, Nature & Parks, /Attraction_Review-g274914-d529767-Reviews-Priest_s_Island_Pap_sziget-Szentendre_Pest_County_Central_Hungary.html, /Attractions-g274914-Activities-Szentendre_Pest_County_Central_Hungary.html
Belgrade Cathedral, 4.0, Sights & Landmarks, /Attraction_Review-g274914-d13620336-Reviews-Belgrade_Cathedral-Szentendre_Pest_County_Central_Hungary.html, /Attractions-g274914-Activities-Szentendre_Pest_County_Central_Hungary.html
Szent Péter-Pál Church, 3.5, Sights & Landmarks, /Attraction_Review-g274914-d13821430-Reviews-Szent_Peter_Pal_Church-Szentendre_Pest_County_Central_Hungary.html, /Attractions-g274914-Activities-Szentendre_Pest_County_Central_Hungary.html
Local Open Studio Szentendre, 5.0, Museums, /Attraction_Review-g274914-d20131518-Reviews-Local_Open_Studio_Szentendre-Szentendre_Pest_County_Central_Hungary.html, /Attractions-g274914-Activities-Szentendre_Pest_County_Central_Hungary.html
Nosztalgia Café, 5.0, Sights & Landmarks, /Attraction_Review-g274914-d283376-Reviews-Nosztalgia_Cafe-Szentendre_Pest_County_Central_Hungary.html, /Attractions-g274914-Activities-Szentendre_Pest_County_Central_Hungary.html
Amos and Anna Museum, 5.0, Museums, /Attraction_Review-g274914-d279081-Reviews-Amos_and_Anna_Museum-Szentendre_Pest_County_Central_Hungary.html, /Attractions-g274914-Activities-Szentendre_Pest_County_Central_Hungary.html
Barcsay Museum, 3.0, Museums, /Attraction_Review-g274914-d279083-Reviews-Barcsay_Museum-Szentendre_Pest_County_Central_Hungary.html, /Attractions-g274914-Activities-Szentendre_Pest_County_Central_Hungary.html
Hubay House - Christmas Exhibition and Salon, 4.5, Museums, /Attraction_Review-g274914-d7195916-Reviews-Hubay_House_Christmas_Exhibition_and_Salon-Szentendre_Pest_County_Central_Hungary.html, /Attractions-g274914-Activities-Szentendre_Pest_County_Central_Hungary.html
Parti Medve, 5.0, Shopping, /Attraction_Review-g274914-d11809640-Reviews-Parti_Medve-Szentendre_Pest_County_Central_Hungary.html, /Attractions-g274914-Activities-Szentendre_Pest_County_Central_Hungary.html
Palmetta Design Gallery &amp; Shop, 4.0, Museums, /Attraction_Review-g274914-d8294716-Reviews-Palmetta_Design_Gallery_Shop-Szentendre_Pest_County_Central_Hungary.html, /Attractions-g274914-Activities-Szentendre_Pest_County_Central_Hungary.html
Old Goat Art Gallery, 5.0, Museums, /Attraction_Review-g274914-d10206410-Reviews-Old_Goat_Art_Gallery-Szentendre_Pest_County_Central_Hungary.html, /Attractions-g274914-Activities-Szentendre_Pest_County_Central_Hungary.html
