attraction_name, attraction_rate, attraction_type, attraction_url, attraction_parent_url
Blessing Christ Statue, 4.5, Sights & Landmarks, /Attraction_Review-g1099212-d10786434-Reviews-Blessing_Christ_Statue-Tarcal_Borsod_Abauj_Zemplen_County_Northern_Hungary.html, /Attractions-g1099212-Activities-Tarcal_Borsod_Abauj_Zemplen_County_Northern_Hungary.html
Tokaj Kikelet pince &amp; Ízműhely, 4.5, Food & Drink, /Attraction_Review-g1099212-d13084962-Reviews-Tokaj_Kikelet_pince_Izmuhely-Tarcal_Borsod_Abauj_Zemplen_County_Northern_Hungar.html, /Attractions-g1099212-Activities-Tarcal_Borsod_Abauj_Zemplen_County_Northern_Hungary.html
Basilicus Wine Culture Center, 5.0, Shopping, /Attraction_Review-g1099212-d7181975-Reviews-Basilicus_Wine_Culture_Center-Tarcal_Borsod_Abauj_Zemplen_County_Northern_Hungar.html, /Attractions-g1099212-Activities-Tarcal_Borsod_Abauj_Zemplen_County_Northern_Hungary.html
Matyisak-Vizkeleti Pinceszet, None, Food & Drink, /Attraction_Review-g1099212-d19784286-Reviews-Matyisak_Vizkeleti_Pinceszet-Tarcal_Borsod_Abauj_Zemplen_County_Northern_Hungar.html, /Attractions-g1099212-Activities-Tarcal_Borsod_Abauj_Zemplen_County_Northern_Hungary.html
Páll Cellar, None, Food & Drink, /Attraction_Review-g1099212-d10500958-Reviews-Pall_Cellar-Tarcal_Borsod_Abauj_Zemplen_County_Northern_Hungary.html, /Attractions-g1099212-Activities-Tarcal_Borsod_Abauj_Zemplen_County_Northern_Hungary.html
