attraction_name, attraction_rate, attraction_type, attraction_url, attraction_parent_url
Római Bank, 5.0, Sights & Landmarks, /Attraction_Review-g274887-d10771167-Reviews-Romai_Bank-Budapest_Central_Hungary.html, /Attractions-g274887-Activities-Budapest_Central_Hungary.html
Markusovszky Square, 3.5, Nature & Parks, /Attraction_Review-g274887-d13314495-Reviews-Markusovszky_Square-Budapest_Central_Hungary.html, /Attractions-g274887-Activities-Budapest_Central_Hungary.html
Inda Gallery, 5.0, Museums, /Attraction_Review-g274887-d12654055-Reviews-Inda_Gallery-Budapest_Central_Hungary.html, /Attractions-g274887-Activities-Budapest_Central_Hungary.html
Dunai Szél, 3.0, Sights & Landmarks, /Attraction_Review-g274887-d15595793-Reviews-Dunai_Szel-Budapest_Central_Hungary.html, /Attractions-g274887-Activities-Budapest_Central_Hungary.html
Vuk Jatszoter, 5.0, Fun & Games, /Attraction_Review-g274887-d19386216-Reviews-Vuk_Jatszoter-Budapest_Central_Hungary.html, /Attractions-g274887-Activities-Budapest_Central_Hungary.html
Fo Street, 3.5, Sights & Landmarks, /Attraction_Review-g274887-d13962797-Reviews-Fo_Street-Budapest_Central_Hungary.html, /Attractions-g274887-Activities-Budapest_Central_Hungary.html
Sashalmi Market, 4.0, Food & Drink, /Attraction_Review-g274887-d11445267-Reviews-Sashalmi_Market-Budapest_Central_Hungary.html, /Attractions-g274887-Activities-Budapest_Central_Hungary.html
Centrál Theater, 4.0, Concerts & Shows, /Attraction_Review-g274887-d16719174-Reviews-Central_Theater-Budapest_Central_Hungary.html, /Attractions-g274887-Activities-Budapest_Central_Hungary.html
Mesemuzeum, 4.0, Museums, /Attraction_Review-g274887-d4454275-Reviews-Mesemuzeum-Budapest_Central_Hungary.html, /Attractions-g274887-Activities-Budapest_Central_Hungary.html
Art 9 galeria, 4.0, Museums, /Attraction_Review-g274887-d14059063-Reviews-Art_9_galeria-Budapest_Central_Hungary.html, /Attractions-g274887-Activities-Budapest_Central_Hungary.html
Budapest-Pasarét Parish Church of Saint Anthony of Padua, 4.0, Sights & Landmarks, /Attraction_Review-g274887-d13864151-Reviews-Budapest_Pasaret_Parish_Church_of_Saint_Anthony_of_Padua-Budapest_Central_Hungar.html, /Attractions-g274887-Activities-Budapest_Central_Hungary.html
Budapest Festival and Tourism Center, 3.0, Traveller Resources, /Attraction_Review-g274887-d8323587-Reviews-Budapest_Festival_and_Tourism_Center-Budapest_Central_Hungary.html, /Attractions-g274887-Activities-Budapest_Central_Hungary.html
soveny aladar teahaz, 5.0, Museums, /Attraction_Review-g274887-d6855874-Reviews-Soveny_aladar_teahaz-Budapest_Central_Hungary.html, /Attractions-g274887-Activities-Budapest_Central_Hungary.html
Edes Napok Csokolade- Es Edessegunnep, 4.0, Events, /Attraction_Review-g274887-d19082577-Reviews-Edes_Napok_Csokolade_Es_Edessegunnep-Budapest_Central_Hungary.html, /Attractions-g274887-Activities-Budapest_Central_Hungary.html
Fordova Antikvitas, 4.0, Shopping, /Attraction_Review-g274887-d14210686-Reviews-Fordova_Antikvitas-Budapest_Central_Hungary.html, /Attractions-g274887-Activities-Budapest_Central_Hungary.html
Turkish Bath ruin, 3.0, Sights & Landmarks, /Attraction_Review-g274887-d12645887-Reviews-Turkish_Bath_ruin-Budapest_Central_Hungary.html, /Attractions-g274887-Activities-Budapest_Central_Hungary.html
Zsigmond Kun Folk Art Museum (Lakasmuzeum), 4.0, Museums, /Attraction_Review-g274887-d526998-Reviews-Zsigmond_Kun_Folk_Art_Museum_Lakasmuzeum-Budapest_Central_Hungary.html, /Attractions-g274887-Activities-Budapest_Central_Hungary.html
Goldenen Fresken von Karl Lotz, 4.0, Sights & Landmarks, /Attraction_Review-g274887-d2645176-Reviews-Goldenen_Fresken_von_Karl_Lotz-Budapest_Central_Hungary.html, /Attractions-g274887-Activities-Budapest_Central_Hungary.html
Kieselbach, 5.0, Museums, /Attraction_Review-g274887-d11445261-Reviews-Kieselbach-Budapest_Central_Hungary.html, /Attractions-g274887-Activities-Budapest_Central_Hungary.html
Tordai Antikvárium, 5.0, Shopping, /Attraction_Review-g274887-d10342746-Reviews-Tordai_Antikvarium-Budapest_Central_Hungary.html, /Attractions-g274887-Activities-Budapest_Central_Hungary.html
Memorial to the Railway workers perished in the First World War, 3.5, Sights & Landmarks, /Attraction_Review-g274887-d13970866-Reviews-Memorial_to_the_Railway_workers_perished_in_the_First_World_War-Budapest_Central.html, /Attractions-g274887-Activities-Budapest_Central_Hungary.html
Nagyvárad Reformed Church, 3.5, Sights & Landmarks, /Attraction_Review-g274887-d10664048-Reviews-Nagyvarad_Reformed_Church-Budapest_Central_Hungary.html, /Attractions-g274887-Activities-Budapest_Central_Hungary.html
Bkk, 2.0, Transportation, /Attraction_Review-g274887-d20046880-Reviews-Bkk-Budapest_Central_Hungary.html, /Attractions-g274887-Activities-Budapest_Central_Hungary.html
Knoll Gallery Budapest, 4.0, Museums, /Attraction_Review-g274887-d12563836-Reviews-Knoll_Gallery_Budapest-Budapest_Central_Hungary.html, /Attractions-g274887-Activities-Budapest_Central_Hungary.html
Jatekszin, 4.0, Concerts & Shows, /Attraction_Review-g274887-d19392666-Reviews-Jatekszin-Budapest_Central_Hungary.html, /Attractions-g274887-Activities-Budapest_Central_Hungary.html
Statue of Mihaly Tancics, 3.0, Sights & Landmarks, /Attraction_Review-g274887-d13941675-Reviews-Statue_of_Mihaly_Tancics-Budapest_Central_Hungary.html, /Attractions-g274887-Activities-Budapest_Central_Hungary.html
'Flower Bird', 3.5, Sights & Landmarks, /Attraction_Review-g274887-d15625190-Reviews-Flower_Bird-Budapest_Central_Hungary.html, /Attractions-g274887-Activities-Budapest_Central_Hungary.html
Vízjatek-szobor es díszkut, 4.0, Sights & Landmarks, /Attraction_Review-g274887-d13962811-Reviews-Vizjatek_szobor_es_diszkut-Budapest_Central_Hungary.html, /Attractions-g274887-Activities-Budapest_Central_Hungary.html
Chimera-Project Gallery, 4.0, Sights & Landmarks, /Attraction_Review-g274887-d6537137-Reviews-Chimera_Project_Gallery-Budapest_Central_Hungary.html, /Attractions-g274887-Activities-Budapest_Central_Hungary.html
Millenium House, 4.0, Museums, /Attraction_Review-g274887-d19313415-Reviews-Millenium_House-Budapest_Central_Hungary.html, /Attractions-g274887-Activities-Budapest_Central_Hungary.html
