attraction_name, attraction_rate, attraction_type, attraction_url, attraction_parent_url
Szent István park, 4.5, Nature & Parks, /Attraction_Review-g562809-d9587637-Reviews-Szent_Istvan_park-Hajduszoboszlo_Hajdu_Bihar_County_Northern_Great_Plain.html, /Attractions-g562809-Activities-Hajduszoboszlo_Hajdu_Bihar_County_Northern_Great_Plain.html
Haranghaz Bell House, 5.0, Sights & Landmarks, /Attraction_Review-g562809-d19752716-Reviews-Haranghaz_Bell_House-Hajduszoboszlo_Hajdu_Bihar_County_Northern_Great_Plain.html, /Attractions-g562809-Activities-Hajduszoboszlo_Hajdu_Bihar_County_Northern_Great_Plain.html
Muszaki-Kozlekedesi Es Mezogazdasagi Eszkozok Kiallitasa, 4.5, Museums, /Attraction_Review-g562809-d17820286-Reviews-Muszaki_Kozlekedesi_Es_Mezogazdasagi_Eszkozok_Kiallitasa-Hajduszoboszlo_Hajdu_Bi.html, /Attractions-g562809-Activities-Hajduszoboszlo_Hajdu_Bihar_County_Northern_Great_Plain.html
Forditott Haz, 3.5, Sights & Landmarks, /Attraction_Review-g562809-d19411988-Reviews-Forditott_Haz-Hajduszoboszlo_Hajdu_Bihar_County_Northern_Great_Plain.html, /Attractions-g562809-Activities-Hajduszoboszlo_Hajdu_Bihar_County_Northern_Great_Plain.html
Aqua Palace Hajduszoboszlo, 4.0, Spas & Wellness, /Attraction_Review-g562809-d5979213-Reviews-Aqua_Palace_Hajduszoboszlo-Hajduszoboszlo_Hajdu_Bihar_County_Northern_Great_Plain.html, /Attractions-g562809-Activities-Hajduszoboszlo_Hajdu_Bihar_County_Northern_Great_Plain.html
Hungarospa, 4.0, Water & Amusement Parks, /Attraction_Review-g562809-d2486843-Reviews-Hungarospa-Hajduszoboszlo_Hajdu_Bihar_County_Northern_Great_Plain.html, /Attractions-g562809-Activities-Hajduszoboszlo_Hajdu_Bihar_County_Northern_Great_Plain.html
Sightseeing Nostalgia Train, 4.5, Tours, /Attraction_Review-g562809-d9566559-Reviews-Sightseeing_Nostalgia_Train-Hajduszoboszlo_Hajdu_Bihar_County_Northern_Great_Plai.html, /Attractions-g562809-Activities-Hajduszoboszlo_Hajdu_Bihar_County_Northern_Great_Plain.html
Rock Cafe, None, Nightlife, /Attraction_Review-g562809-d15099951-Reviews-Rock_Cafe-Hajduszoboszlo_Hajdu_Bihar_County_Northern_Great_Plain.html, /Attractions-g562809-Activities-Hajduszoboszlo_Hajdu_Bihar_County_Northern_Great_Plain.html
