attraction_name, attraction_rate, attraction_type, attraction_url, attraction_parent_url
Zemplén Adventure Park, 4.0, Nature & Parks, /Attraction_Review-g1598535-d8532401-Reviews-Zemplen_Adventure_Park-Satoraljaujhely_Borsod_Abauj_Zemplen_County_Northern_Hung.html, /Attractions-g1598535-Activities-Satoraljaujhely_Borsod_Abauj_Zemplen_County_Northern_Hungary.html
Exhibition of Hungarian Prison Service Museum, 4.5, Museums, /Attraction_Review-g1598535-d13847782-Reviews-Exhibition_of_Hungarian_Prison_Service_Museum-Satoraljaujhely_Borsod_Abauj_Zemp.html, /Attractions-g1598535-Activities-Satoraljaujhely_Borsod_Abauj_Zemplen_County_Northern_Hungary.html
Petőfi Museum of Literature – Museum of the Hungarian Language, 5.0, Museums, /Attraction_Review-g1598535-d13847747-Reviews-Petofi_Museum_of_Literature_Museum_of_the_Hungarian_Language-Satoraljaujhely_Bo.html, /Attractions-g1598535-Activities-Satoraljaujhely_Borsod_Abauj_Zemplen_County_Northern_Hungary.html
Bodnar Winery &amp; Wine House, 3.5, Food & Drink, /Attraction_Review-g1598535-d14804124-Reviews-Bodnar_Winery_Wine_House-Satoraljaujhely_Borsod_Abauj_Zemplen_County_Northern_H.html, /Attractions-g1598535-Activities-Satoraljaujhely_Borsod_Abauj_Zemplen_County_Northern_Hungary.html
Zsolyomka Cellars, 4.0, Food & Drink, /Attraction_Review-g1598535-d15037882-Reviews-Zsolyomka_Cellars-Satoraljaujhely_Borsod_Abauj_Zemplen_County_Northern_Hungary.html, /Attractions-g1598535-Activities-Satoraljaujhely_Borsod_Abauj_Zemplen_County_Northern_Hungary.html
Kazinczy Ferenc Museum, 4.5, Museums, /Attraction_Review-g1598535-d12024538-Reviews-Kazinczy_Ferenc_Museum-Satoraljaujhely_Borsod_Abauj_Zemplen_County_Northern_Hun.html, /Attractions-g1598535-Activities-Satoraljaujhely_Borsod_Abauj_Zemplen_County_Northern_Hungary.html
Magas-hegy Lookout, 3.0, Sights & Landmarks, /Attraction_Review-g1598535-d13847795-Reviews-Magas_hegy_Lookout-Satoraljaujhely_Borsod_Abauj_Zemplen_County_Northern_Hungary.html, /Attractions-g1598535-Activities-Satoraljaujhely_Borsod_Abauj_Zemplen_County_Northern_Hungary.html
Zemplén Kalandpark, 4.5, Water & Amusement Parks, /Attraction_Review-g1598535-d19249716-Reviews-Zemplen_Kalandpark-Satoraljaujhely_Borsod_Abauj_Zemplen_County_Northern_Hungary.html, /Attractions-g1598535-Activities-Satoraljaujhely_Borsod_Abauj_Zemplen_County_Northern_Hungary.html
Hungarian Calvary, 5.0, Sights & Landmarks, /Attraction_Review-g1598535-d13847763-Reviews-Hungarian_Calvary-Satoraljaujhely_Borsod_Abauj_Zemplen_County_Northern_Hungary.html, /Attractions-g1598535-Activities-Satoraljaujhely_Borsod_Abauj_Zemplen_County_Northern_Hungary.html
A Palinka The Fruit Treasury Manufacture, 5.0, Shopping, /Attraction_Review-g1598535-d16868716-Reviews-A_Palinka_The_Fruit_Treasury_Manufacture-Satoraljaujhely_Borsod_Abauj_Zemplen_C.html, /Attractions-g1598535-Activities-Satoraljaujhely_Borsod_Abauj_Zemplen_County_Northern_Hungary.html
Statue Of Ferenc Kazinczy, 4.0, Sights & Landmarks, /Attraction_Review-g1598535-d21260146-Reviews-Statue_Of_Ferenc_Kazinczy-Satoraljaujhely_Borsod_Abauj_Zemplen_County_Northern_.html, /Attractions-g1598535-Activities-Satoraljaujhely_Borsod_Abauj_Zemplen_County_Northern_Hungary.html
Ungvari Cellars, None, Sights & Landmarks, /Attraction_Review-g1598535-d13847785-Reviews-Ungvari_Cellars-Satoraljaujhely_Borsod_Abauj_Zemplen_County_Northern_Hungary.html, /Attractions-g1598535-Activities-Satoraljaujhely_Borsod_Abauj_Zemplen_County_Northern_Hungary.html
