attraction_name, attraction_rate, attraction_type, attraction_url, attraction_parent_url
Tragor Ignác Museum - Memento Mori Exhibition, 4.5, Museums, /Attraction_Review-g1102816-d6439023-Reviews-Tragor_Ignac_Museum_Memento_Mori_Exhibition-Vac_Pest_County_Central_Hungary.html, /Attractions-g1102816-Activities-Vac_Pest_County_Central_Hungary.html
Cathedral, 4.5, Sights & Landmarks, /Attraction_Review-g1102816-d6437620-Reviews-Cathedral-Vac_Pest_County_Central_Hungary.html, /Attractions-g1102816-Activities-Vac_Pest_County_Central_Hungary.html
Triumphal Arch, 4.0, Sights & Landmarks, /Attraction_Review-g1102816-d6437617-Reviews-Triumphal_Arch-Vac_Pest_County_Central_Hungary.html, /Attractions-g1102816-Activities-Vac_Pest_County_Central_Hungary.html
Kozepkori var, 5.0, Sights & Landmarks, /Attraction_Review-g1102816-d6439013-Reviews-Kozepkori_var-Vac_Pest_County_Central_Hungary.html, /Attractions-g1102816-Activities-Vac_Pest_County_Central_Hungary.html
City Hall, 4.0, Sights & Landmarks, /Attraction_Review-g1102816-d6438652-Reviews-City_Hall-Vac_Pest_County_Central_Hungary.html, /Attractions-g1102816-Activities-Vac_Pest_County_Central_Hungary.html
Vaci Fegyhaz, 4.5, Sights & Landmarks, /Attraction_Review-g1102816-d6439017-Reviews-Vaci_Fegyhaz-Vac_Pest_County_Central_Hungary.html, /Attractions-g1102816-Activities-Vac_Pest_County_Central_Hungary.html
Former Palace of the Great Provost, 5.0, Sights & Landmarks, /Attraction_Review-g1102816-d6438654-Reviews-Former_Palace_of_the_Great_Provost-Vac_Pest_County_Central_Hungary.html, /Attractions-g1102816-Activities-Vac_Pest_County_Central_Hungary.html
Tragor Ignác Museum - Greek Church, 4.5, Sights & Landmarks, /Attraction_Review-g1102816-d6438656-Reviews-Tragor_Ignac_Museum_Greek_Church-Vac_Pest_County_Central_Hungary.html, /Attractions-g1102816-Activities-Vac_Pest_County_Central_Hungary.html
Tragor Ignác Museum - Crypt of St. Michael’s Church, 4.0, Museums, /Attraction_Review-g1102816-d6439024-Reviews-Tragor_Ignac_Museum_Crypt_of_St_Michael_s_Church-Vac_Pest_County_Central_Hungary.html, /Attractions-g1102816-Activities-Vac_Pest_County_Central_Hungary.html
The Bridge Over Gombas-Patak, 4.0, Sights & Landmarks, /Attraction_Review-g1102816-d6439014-Reviews-The_Bridge_Over_Gombas_Patak-Vac_Pest_County_Central_Hungary.html, /Attractions-g1102816-Activities-Vac_Pest_County_Central_Hungary.html
Modern Art Collection, 3.5, Museums, /Attraction_Review-g1102816-d6439032-Reviews-Modern_Art_Collection-Vac_Pest_County_Central_Hungary.html, /Attractions-g1102816-Activities-Vac_Pest_County_Central_Hungary.html
Bishop's Palace, 4.0, Sights & Landmarks, /Attraction_Review-g1102816-d6437618-Reviews-Bishop_s_Palace-Vac_Pest_County_Central_Hungary.html, /Attractions-g1102816-Activities-Vac_Pest_County_Central_Hungary.html
Szentháromság Column, 4.0, Sights & Landmarks, /Attraction_Review-g1102816-d13620488-Reviews-Szentharomsag_Column-Vac_Pest_County_Central_Hungary.html, /Attractions-g1102816-Activities-Vac_Pest_County_Central_Hungary.html
Tragor Ignác Museum - Courtyard of the Pannonia House, 5.0, Museums, /Attraction_Review-g1102816-d12245700-Reviews-Tragor_Ignac_Museum_Courtyard_of_the_Pannonia_House-Vac_Pest_County_Central_Hun.html, /Attractions-g1102816-Activities-Vac_Pest_County_Central_Hungary.html
Pointed Tower, 4.0, Sights & Landmarks, /Attraction_Review-g1102816-d6439010-Reviews-Pointed_Tower-Vac_Pest_County_Central_Hungary.html, /Attractions-g1102816-Activities-Vac_Pest_County_Central_Hungary.html
Vaci Mosolyalbum, 3.5, Museums, /Attraction_Review-g1102816-d6467862-Reviews-Vaci_Mosolyalbum-Vac_Pest_County_Central_Hungary.html, /Attractions-g1102816-Activities-Vac_Pest_County_Central_Hungary.html
Calvary, 4.5, Sights & Landmarks, /Attraction_Review-g1102816-d6437619-Reviews-Calvary-Vac_Pest_County_Central_Hungary.html, /Attractions-g1102816-Activities-Vac_Pest_County_Central_Hungary.html
Medieval Cellar Exhibition Hall, 5.0, Museums, /Attraction_Review-g1102816-d6454290-Reviews-Medieval_Cellar_Exhibition_Hall-Vac_Pest_County_Central_Hungary.html, /Attractions-g1102816-Activities-Vac_Pest_County_Central_Hungary.html
The Red House, 4.5, Sights & Landmarks, /Attraction_Review-g1102816-d6439016-Reviews-The_Red_House-Vac_Pest_County_Central_Hungary.html, /Attractions-g1102816-Activities-Vac_Pest_County_Central_Hungary.html
Seven Chapels, 4.5, Sights & Landmarks, /Attraction_Review-g1102816-d6439008-Reviews-Seven_Chapels-Vac_Pest_County_Central_Hungary.html, /Attractions-g1102816-Activities-Vac_Pest_County_Central_Hungary.html
Fehérek Church, 5.0, Sights & Landmarks, /Attraction_Review-g1102816-d13620466-Reviews-Feherek_Church-Vac_Pest_County_Central_Hungary.html, /Attractions-g1102816-Activities-Vac_Pest_County_Central_Hungary.html
Vác Cathedral Treasurey and Diocesan Collection, 4.5, Museums, /Attraction_Review-g1102816-d13620441-Reviews-Vac_Cathedral_Treasurey_and_Diocesan_Collection-Vac_Pest_County_Central_Hungary.html, /Attractions-g1102816-Activities-Vac_Pest_County_Central_Hungary.html
Hospital &amp; Chapel, 5.0, Sights & Landmarks, /Attraction_Review-g1102816-d6454187-Reviews-Hospital_Chapel-Vac_Pest_County_Central_Hungary.html, /Attractions-g1102816-Activities-Vac_Pest_County_Central_Hungary.html
Foter Gallery, 5.0, Museums, /Attraction_Review-g1102816-d15284064-Reviews-Foter_Gallery-Vac_Pest_County_Central_Hungary.html, /Attractions-g1102816-Activities-Vac_Pest_County_Central_Hungary.html
The Franciscan Church and Friary, 4.5, Sights & Landmarks, /Attraction_Review-g1102816-d6439015-Reviews-The_Franciscan_Church_and_Friary-Vac_Pest_County_Central_Hungary.html, /Attractions-g1102816-Activities-Vac_Pest_County_Central_Hungary.html
Mansion, 4.5, Sights & Landmarks, /Attraction_Review-g1102816-d6439009-Reviews-Mansion-Vac_Pest_County_Central_Hungary.html, /Attractions-g1102816-Activities-Vac_Pest_County_Central_Hungary.html
Goncol House- Foldanya Ekessegei Geological Exhibition, 5.0, Museums, /Attraction_Review-g1102816-d6439022-Reviews-Goncol_House_Foldanya_Ekessegei_Geological_Exhibition-Vac_Pest_County_Central_Hu.html, /Attractions-g1102816-Activities-Vac_Pest_County_Central_Hungary.html
Soldier's Memorial, 3.0, Sights & Landmarks, /Attraction_Review-g1102816-d6439011-Reviews-Soldier_s_Memorial-Vac_Pest_County_Central_Hungary.html, /Attractions-g1102816-Activities-Vac_Pest_County_Central_Hungary.html
Curia Winehouse, 5.0, Shopping, /Attraction_Review-g1102816-d6439021-Reviews-Curia_Winehouse-Vac_Pest_County_Central_Hungary.html, /Attractions-g1102816-Activities-Vac_Pest_County_Central_Hungary.html
Szent Anna Piarist Church, 3.5, Sights & Landmarks, /Attraction_Review-g1102816-d13620478-Reviews-Szent_Anna_Piarist_Church-Vac_Pest_County_Central_Hungary.html, /Attractions-g1102816-Activities-Vac_Pest_County_Central_Hungary.html
