attraction_name, attraction_rate, attraction_type, attraction_url, attraction_parent_url
Kecskemét Town Hall, 4.5, Sights & Landmarks, /Attraction_Review-g274896-d529763-Reviews-Kecskemet_Town_Hall-Kecskemet_Bacs_Kiskun_County_Southern_Great_Plain.html, /Attractions-g274896-Activities-Kecskemet_Bacs_Kiskun_County_Southern_Great_Plain.html
Kossuth Square, 4.5, Sights & Landmarks, /Attraction_Review-g274896-d8818297-Reviews-Kossuth_Square-Kecskemet_Bacs_Kiskun_County_Southern_Great_Plain.html, /Attractions-g274896-Activities-Kecskemet_Bacs_Kiskun_County_Southern_Great_Plain.html
Cifrapalota, 4.5, Museums, /Attraction_Review-g274896-d11872670-Reviews-Cifrapalota-Kecskemet_Bacs_Kiskun_County_Southern_Great_Plain.html, /Attractions-g274896-Activities-Kecskemet_Bacs_Kiskun_County_Southern_Great_Plain.html
Bozso Gyujtemeny, 5.0, Museums, /Attraction_Review-g274896-d8261270-Reviews-Bozso_Gyujtemeny-Kecskemet_Bacs_Kiskun_County_Southern_Great_Plain.html, /Attractions-g274896-Activities-Kecskemet_Bacs_Kiskun_County_Southern_Great_Plain.html
Kiskunsagi Nemzeti Park, 4.5, Nature & Parks, /Attraction_Review-g274896-d5897204-Reviews-Kiskunsagi_Nemzeti_Park-Kecskemet_Bacs_Kiskun_County_Southern_Great_Plain.html, /Attractions-g274896-Activities-Kecskemet_Bacs_Kiskun_County_Southern_Great_Plain.html
Kecskemét Cathedral, 4.0, Sights & Landmarks, /Attraction_Review-g274896-d13818489-Reviews-Kecskemet_Cathedral-Kecskemet_Bacs_Kiskun_County_Southern_Great_Plain.html, /Attractions-g274896-Activities-Kecskemet_Bacs_Kiskun_County_Southern_Great_Plain.html
Kecskemét Reformed Church, 5.0, Sights & Landmarks, /Attraction_Review-g274896-d13818466-Reviews-Kecskemet_Reformed_Church-Kecskemet_Bacs_Kiskun_County_Southern_Great_Plain.html, /Attractions-g274896-Activities-Kecskemet_Bacs_Kiskun_County_Southern_Great_Plain.html
Kecskeméti Zoo, 4.0, Zoos & Aquariums, /Attraction_Review-g274896-d11705992-Reviews-Kecskemeti_Zoo-Kecskemet_Bacs_Kiskun_County_Southern_Great_Plain.html, /Attractions-g274896-Activities-Kecskemet_Bacs_Kiskun_County_Southern_Great_Plain.html
Leskowsky Hangszergyujtemeny, 5.0, Museums, /Attraction_Review-g274896-d17381613-Reviews-Leskowsky_Hangszergyujtemeny-Kecskemet_Bacs_Kiskun_County_Southern_Great_Plain.html, /Attractions-g274896-Activities-Kecskemet_Bacs_Kiskun_County_Southern_Great_Plain.html
Zwack Kecskeméti Pálinka Manufaktúra, 4.5, Museums, /Attraction_Review-g274896-d8319264-Reviews-Zwack_Kecskemeti_Palinka_Manufaktura-Kecskemet_Bacs_Kiskun_County_Southern_Great_.html, /Attractions-g274896-Activities-Kecskemet_Bacs_Kiskun_County_Southern_Great_Plain.html
Szent Miklós Church, 4.0, Sights & Landmarks, /Attraction_Review-g274896-d13818480-Reviews-Szent_Miklos_Church-Kecskemet_Bacs_Kiskun_County_Southern_Great_Plain.html, /Attractions-g274896-Activities-Kecskemet_Bacs_Kiskun_County_Southern_Great_Plain.html
Kecskemeti Arboretum, 4.5, Nature & Parks, /Attraction_Review-g274896-d19079475-Reviews-Kecskemeti_Arboretum-Kecskemet_Bacs_Kiskun_County_Southern_Great_Plain.html, /Attractions-g274896-Activities-Kecskemet_Bacs_Kiskun_County_Southern_Great_Plain.html
Statue of Kossuth Lajos, 3.5, Sights & Landmarks, /Attraction_Review-g274896-d13818534-Reviews-Statue_of_Kossuth_Lajos-Kecskemet_Bacs_Kiskun_County_Southern_Great_Plain.html, /Attractions-g274896-Activities-Kecskemet_Bacs_Kiskun_County_Southern_Great_Plain.html
Kodály Institute of the Liszt Ferenc Academy of Music, 2.5, Museums, /Attraction_Review-g274896-d13818453-Reviews-Kodaly_Institute_of_the_Liszt_Ferenc_Academy_of_Music-Kecskemet_Bacs_Kiskun_Coun.html, /Attractions-g274896-Activities-Kecskemet_Bacs_Kiskun_County_Southern_Great_Plain.html
Wings of Hungary - birding and nature tours, 5.0, Tours, /Attraction_Review-g274896-d15602224-Reviews-Wings_of_Hungary_birding_and_nature_tours-Kecskemet_Bacs_Kiskun_County_Southern_.html, /Attractions-g274896-Activities-Kecskemet_Bacs_Kiskun_County_Southern_Great_Plain.html
Kecskemét Bath, 4.0, Spas & Wellness, /Attraction_Review-g274896-d9715910-Reviews-Kecskemet_Bath-Kecskemet_Bacs_Kiskun_County_Southern_Great_Plain.html, /Attractions-g274896-Activities-Kecskemet_Bacs_Kiskun_County_Southern_Great_Plain.html
OHANA Gasztroklub es Főzőiskola, 5.0, Food & Drink, /Attraction_Review-g274896-d14043504-Reviews-OHANA_Gasztroklub_es_Fozoiskola-Kecskemet_Bacs_Kiskun_County_Southern_Great_Plai.html, /Attractions-g274896-Activities-Kecskemet_Bacs_Kiskun_County_Southern_Great_Plain.html
RideCable, 5.0, Boat Tours & Water Sports, /Attraction_Review-g274896-d10750768-Reviews-RideCable-Kecskemet_Bacs_Kiskun_County_Southern_Great_Plain.html, /Attractions-g274896-Activities-Kecskemet_Bacs_Kiskun_County_Southern_Great_Plain.html
Szakkör Craft Beer Pub, 5.0, Nightlife, /Attraction_Review-g274896-d10266420-Reviews-Szakkor_Craft_Beer_Pub-Kecskemet_Bacs_Kiskun_County_Southern_Great_Plain.html, /Attractions-g274896-Activities-Kecskemet_Bacs_Kiskun_County_Southern_Great_Plain.html
Ban Sabai Thai Masszazs, 5.0, Spas & Wellness, /Attraction_Review-g274896-d14215393-Reviews-Ban_Sabai_Thai_Masszazs-Kecskemet_Bacs_Kiskun_County_Southern_Great_Plain.html, /Attractions-g274896-Activities-Kecskemet_Bacs_Kiskun_County_Southern_Great_Plain.html
Bowling Center &amp; Restaurant Kecskemét, 4.0, Fun & Games, /Attraction_Review-g274896-d12187316-Reviews-Bowling_Center_Restaurant_Kecskemet-Kecskemet_Bacs_Kiskun_County_Southern_Great_.html, /Attractions-g274896-Activities-Kecskemet_Bacs_Kiskun_County_Southern_Great_Plain.html
Garázs Café &amp; Bar, None, Nightlife, /Attraction_Review-g274896-d12187322-Reviews-Garazs_Cafe_Bar-Kecskemet_Bacs_Kiskun_County_Southern_Great_Plain.html, /Attractions-g274896-Activities-Kecskemet_Bacs_Kiskun_County_Southern_Great_Plain.html
KKJM Medical and Pharmaceutical Collection, None, Museums, /Attraction_Review-g274896-d12838675-Reviews-KKJM_Medical_and_Pharmaceutical_Collection-Kecskemet_Bacs_Kiskun_County_Southern.html, /Attractions-g274896-Activities-Kecskemet_Bacs_Kiskun_County_Southern_Great_Plain.html
Kolyankovszky Zoltan, None, Tours, /Attraction_Review-g274896-d21293646-Reviews-Kolyankovszky_Zoltan-Kecskemet_Bacs_Kiskun_County_Southern_Great_Plain.html, /Attractions-g274896-Activities-Kecskemet_Bacs_Kiskun_County_Southern_Great_Plain.html
Apolo Klub, None, Nightlife, /Attraction_Review-g274896-d21247233-Reviews-Apolo_Klub-Kecskemet_Bacs_Kiskun_County_Southern_Great_Plain.html, /Attractions-g274896-Activities-Kecskemet_Bacs_Kiskun_County_Southern_Great_Plain.html
