attraction_name, attraction_rate, attraction_type, attraction_url, attraction_parent_url
House of Hungarian Art Nouveau, 3.5, Museums, /Attraction_Review-g274887-d5026466-Reviews-House_of_Hungarian_Art_Nouveau-Budapest_Central_Hungary.html, /Attractions-g274887-Activities-Budapest_Central_Hungary.html
Liszt Ferenc Memorial Museum, 4.0, Museums, /Attraction_Review-g274887-d279024-Reviews-Liszt_Ferenc_Memorial_Museum-Budapest_Central_Hungary.html, /Attractions-g274887-Activities-Budapest_Central_Hungary.html
St Elizabeth's Church, 4.5, Sights & Landmarks, /Attraction_Review-g274887-d7006631-Reviews-St_Elizabeth_s_Church-Budapest_Central_Hungary.html, /Attractions-g274887-Activities-Budapest_Central_Hungary.html
Trinity Square, 4.0, Sights & Landmarks, /Attraction_Review-g274887-d7739918-Reviews-Trinity_Square-Budapest_Central_Hungary.html, /Attractions-g274887-Activities-Budapest_Central_Hungary.html
Hungarian Agricultural Museum (Magyar Mezogazdasagi Muzeum), 4.0, Museums, /Attraction_Review-g274887-d279025-Reviews-Hungarian_Agricultural_Museum_Magyar_Mezogazdasagi_Muzeum-Budapest_Central_Hungary.html, /Attractions-g274887-Activities-Budapest_Central_Hungary.html
Groupama Arena, 4.0, Sights & Landmarks, /Attraction_Review-g274887-d7074492-Reviews-Groupama_Arena-Budapest_Central_Hungary.html, /Attractions-g274887-Activities-Budapest_Central_Hungary.html
Budapest Western Railway Station, 3.5, Sights & Landmarks, /Attraction_Review-g274887-d501709-Reviews-Budapest_Western_Railway_Station-Budapest_Central_Hungary.html, /Attractions-g274887-Activities-Budapest_Central_Hungary.html
Fény Utca Market, 4.0, Food & Drink, /Attraction_Review-g274887-d3597982-Reviews-Feny_Utca_Market-Budapest_Central_Hungary.html, /Attractions-g274887-Activities-Budapest_Central_Hungary.html
Raoul Wallenberg Holocaust Memorial Park, 4.5, Nature & Parks, /Attraction_Review-g274887-d8539624-Reviews-Raoul_Wallenberg_Holocaust_Memorial_Park-Budapest_Central_Hungary.html, /Attractions-g274887-Activities-Budapest_Central_Hungary.html
Budapest Park, 4.5, Concerts & Shows, /Attraction_Review-g274887-d10767907-Reviews-Budapest_Park-Budapest_Central_Hungary.html, /Attractions-g274887-Activities-Budapest_Central_Hungary.html
Imre Varga Collection (Gyujtemeny), 4.5, Museums, /Attraction_Review-g274887-d527003-Reviews-Imre_Varga_Collection_Gyujtemeny-Budapest_Central_Hungary.html, /Attractions-g274887-Activities-Budapest_Central_Hungary.html
Amazing Metal Art Gallery, 5.0, Museums, /Attraction_Review-g274887-d19366781-Reviews-Amazing_Metal_Art_Gallery-Budapest_Central_Hungary.html, /Attractions-g274887-Activities-Budapest_Central_Hungary.html
Underground Railway Museum, 4.0, Museums, /Attraction_Review-g274887-d2501174-Reviews-Underground_Railway_Museum-Budapest_Central_Hungary.html, /Attractions-g274887-Activities-Budapest_Central_Hungary.html
Csodak Palotaja, 4.0, Museums, /Attraction_Review-g274887-d277712-Reviews-Csodak_Palotaja-Budapest_Central_Hungary.html, /Attractions-g274887-Activities-Budapest_Central_Hungary.html
Miksa Roth Memorial House, 4.5, Museums, /Attraction_Review-g274887-d6373334-Reviews-Miksa_Roth_Memorial_House-Budapest_Central_Hungary.html, /Attractions-g274887-Activities-Budapest_Central_Hungary.html
Statue of Ferenc Rakoczi, 4.0, Sights & Landmarks, /Attraction_Review-g274887-d283783-Reviews-Statue_of_Ferenc_Rakoczi-Budapest_Central_Hungary.html, /Attractions-g274887-Activities-Budapest_Central_Hungary.html
Krepostnaya Mountain, 4.5, Sights & Landmarks, /Attraction_Review-g274887-d8453779-Reviews-Krepostnaya_Mountain-Budapest_Central_Hungary.html, /Attractions-g274887-Activities-Budapest_Central_Hungary.html
Clark Adam Square (Clark Adam ter), 3.5, Sights & Landmarks, /Attraction_Review-g274887-d276875-Reviews-Clark_Adam_Square_Clark_Adam_ter-Budapest_Central_Hungary.html, /Attractions-g274887-Activities-Budapest_Central_Hungary.html
Sandor Palace, 3.5, Sights & Landmarks, /Attraction_Review-g274887-d3729228-Reviews-Sandor_Palace-Budapest_Central_Hungary.html, /Attractions-g274887-Activities-Budapest_Central_Hungary.html
Vigado Square (Vigado ter), 4.0, Sights & Landmarks, /Attraction_Review-g274887-d276824-Reviews-Vigado_Square_Vigado_ter-Budapest_Central_Hungary.html, /Attractions-g274887-Activities-Budapest_Central_Hungary.html
Church of St. Anne (Szent Anna Templom), 4.0, Sights & Landmarks, /Attraction_Review-g274887-d276858-Reviews-Church_of_St_Anne_Szent_Anna_Templom-Budapest_Central_Hungary.html, /Attractions-g274887-Activities-Budapest_Central_Hungary.html
Belvarosi Nagyboldogasszony Foplebaniatemplom, 4.0, Sights & Landmarks, /Attraction_Review-g274887-d276810-Reviews-Belvarosi_Nagyboldogasszony_Foplebaniatemplom-Budapest_Central_Hungary.html, /Attractions-g274887-Activities-Budapest_Central_Hungary.html
Statue of Lajos Kossuth, 4.0, Sights & Landmarks, /Attraction_Review-g274887-d283784-Reviews-Statue_of_Lajos_Kossuth-Budapest_Central_Hungary.html, /Attractions-g274887-Activities-Budapest_Central_Hungary.html
Fovam Square, 4.0, Sights & Landmarks, /Attraction_Review-g274887-d13235749-Reviews-Fovam_Square-Budapest_Central_Hungary.html, /Attractions-g274887-Activities-Budapest_Central_Hungary.html
Füvészkert - Botanical Garden of ELTE, 4.0, Nature & Parks, /Attraction_Review-g274887-d10751308-Reviews-Fuveszkert_Botanical_Garden_of_ELTE-Budapest_Central_Hungary.html, /Attractions-g274887-Activities-Budapest_Central_Hungary.html
Turul Bird Statue, 4.0, Sights & Landmarks, /Attraction_Review-g274887-d13839283-Reviews-Turul_Bird_Statue-Budapest_Central_Hungary.html, /Attractions-g274887-Activities-Budapest_Central_Hungary.html
Iron Curtain Monument, 4.0, Sights & Landmarks, /Attraction_Review-g274887-d10770639-Reviews-Iron_Curtain_Monument-Budapest_Central_Hungary.html, /Attractions-g274887-Activities-Budapest_Central_Hungary.html
Prince Eugene of Savoy's Equestrian Statue, 4.0, Sights & Landmarks, /Attraction_Review-g274887-d13280427-Reviews-Prince_Eugene_of_Savoy_s_Equestrian_Statue-Budapest_Central_Hungary.html, /Attractions-g274887-Activities-Budapest_Central_Hungary.html
Pet Zoo on the Margaret Island, 4.0, Zoos & Aquariums, /Attraction_Review-g274887-d11445471-Reviews-Pet_Zoo_on_the_Margaret_Island-Budapest_Central_Hungary.html, /Attractions-g274887-Activities-Budapest_Central_Hungary.html
Szent Gellért Monument, 4.0, Sights & Landmarks, /Attraction_Review-g274887-d11774369-Reviews-Szent_Gellert_Monument-Budapest_Central_Hungary.html, /Attractions-g274887-Activities-Budapest_Central_Hungary.html
