attraction_name, attraction_rate, attraction_type, attraction_url, attraction_parent_url
Statue of Gróf Károlyi Sándor, 3.5, Sights & Landmarks, /Attraction_Review-g274887-d9566550-Reviews-Statue_of_Grof_Karolyi_Sandor-Budapest_Central_Hungary.html, /Attractions-g274887-Activities-Budapest_Central_Hungary.html
Arpad Toth Promenade (Setany), 4.0, Sights & Landmarks, /Attraction_Review-g274887-d523707-Reviews-Arpad_Toth_Promenade_Setany-Budapest_Central_Hungary.html, /Attractions-g274887-Activities-Budapest_Central_Hungary.html
Petofi Literary Museum (Petofi Irodalmi Muzeum), 4.5, Museums, /Attraction_Review-g274887-d279027-Reviews-Petofi_Literary_Museum_Petofi_Irodalmi_Muzeum-Budapest_Central_Hungary.html, /Attractions-g274887-Activities-Budapest_Central_Hungary.html
Nagymezo Utca, 4.0, Sights & Landmarks, /Attraction_Review-g274887-d6556843-Reviews-Nagymezo_Utca-Budapest_Central_Hungary.html, /Attractions-g274887-Activities-Budapest_Central_Hungary.html
Salgótarjáni Street Jewish Cemetery, 4.5, Sights & Landmarks, /Attraction_Review-g274887-d12926781-Reviews-Salgotarjani_Street_Jewish_Cemetery-Budapest_Central_Hungary.html, /Attractions-g274887-Activities-Budapest_Central_Hungary.html
Szent Gellért Square, 3.5, Sights & Landmarks, /Attraction_Review-g274887-d12432025-Reviews-Szent_Gellert_Square-Budapest_Central_Hungary.html, /Attractions-g274887-Activities-Budapest_Central_Hungary.html
Franciscan Church, 4.0, Sights & Landmarks, /Attraction_Review-g274887-d6279871-Reviews-Franciscan_Church-Budapest_Central_Hungary.html, /Attractions-g274887-Activities-Budapest_Central_Hungary.html
Corvin Mozi, 4.0, Sights & Landmarks, /Attraction_Review-g274887-d5449091-Reviews-Corvin_Mozi-Budapest_Central_Hungary.html, /Attractions-g274887-Activities-Budapest_Central_Hungary.html
The Glass House, 4.5, Sights & Landmarks, /Attraction_Review-g274887-d3337065-Reviews-The_Glass_House-Budapest_Central_Hungary.html, /Attractions-g274887-Activities-Budapest_Central_Hungary.html
Monument to Imre Kalman, 4.0, Sights & Landmarks, /Attraction_Review-g274887-d12006074-Reviews-Monument_to_Imre_Kalman-Budapest_Central_Hungary.html, /Attractions-g274887-Activities-Budapest_Central_Hungary.html
Sándor Petőfi Statue, 4.0, Sights & Landmarks, /Attraction_Review-g274887-d9715889-Reviews-Sandor_Petofi_Statue-Budapest_Central_Hungary.html, /Attractions-g274887-Activities-Budapest_Central_Hungary.html
Ráth György Museum, 4.5, Museums, /Attraction_Review-g274887-d13839302-Reviews-Rath_Gyorgy_Museum-Budapest_Central_Hungary.html, /Attractions-g274887-Activities-Budapest_Central_Hungary.html
Ignác Roskovics Statue, 4.0, Sights & Landmarks, /Attraction_Review-g274887-d15640863-Reviews-Ignac_Roskovics_Statue-Budapest_Central_Hungary.html, /Attractions-g274887-Activities-Budapest_Central_Hungary.html
Hermes Fountain, 3.5, Sights & Landmarks, /Attraction_Review-g274887-d8818381-Reviews-Hermes_Fountain-Budapest_Central_Hungary.html, /Attractions-g274887-Activities-Budapest_Central_Hungary.html
Saint George Martyr Serbian Orthodox Church, 4.0, Sights & Landmarks, /Attraction_Review-g274887-d8284196-Reviews-Saint_George_Martyr_Serbian_Orthodox_Church-Budapest_Central_Hungary.html, /Attractions-g274887-Activities-Budapest_Central_Hungary.html
Szabo Marcipan Museum, 3.5, Museums, /Attraction_Review-g274887-d3290565-Reviews-Szabo_Marcipan_Museum-Budapest_Central_Hungary.html, /Attractions-g274887-Activities-Budapest_Central_Hungary.html
Tropicana Casino, 3.0, Casinos & Gambling, /Attraction_Review-g274887-d1775558-Reviews-Tropicana_Casino-Budapest_Central_Hungary.html, /Attractions-g274887-Activities-Budapest_Central_Hungary.html
FIRST Craft Beer Brewery & Taproom, 4.5, Food & Drink, /Attraction_Review-g274887-d17598812-Reviews-FIRST_Craft_Beer_Brewery_Taproom-Budapest_Central_Hungary.html, /Attractions-g274887-Activities-Budapest_Central_Hungary.html
Gouba Art Market, 4.0, Shopping, /Attraction_Review-g274887-d2578852-Reviews-Gouba_Art_Market-Budapest_Central_Hungary.html, /Attractions-g274887-Activities-Budapest_Central_Hungary.html
Berlin Wall Memorial, 4.0, Sights & Landmarks, /Attraction_Review-g274887-d10770659-Reviews-Berlin_Wall_Memorial-Budapest_Central_Hungary.html, /Attractions-g274887-Activities-Budapest_Central_Hungary.html
University Church, 4.0, Sights & Landmarks, /Attraction_Review-g274887-d6487607-Reviews-University_Church-Budapest_Central_Hungary.html, /Attractions-g274887-Activities-Budapest_Central_Hungary.html
Hopp Ferenc Azsiai Művészeti Múzeum, 3.0, Museums, /Attraction_Review-g274887-d279019-Reviews-Hopp_Ferenc_Azsiai_Muveszeti_Muzeum-Budapest_Central_Hungary.html, /Attractions-g274887-Activities-Budapest_Central_Hungary.html
De la Motte - Beer Palota, 4.0, Sights & Landmarks, /Attraction_Review-g274887-d6721736-Reviews-De_la_Motte_Beer_Palota-Budapest_Central_Hungary.html, /Attractions-g274887-Activities-Budapest_Central_Hungary.html
St. Francis's Wounds Church, 4.0, Sights & Landmarks, /Attraction_Review-g274887-d276859-Reviews-St_Francis_s_Wounds_Church-Budapest_Central_Hungary.html, /Attractions-g274887-Activities-Budapest_Central_Hungary.html
Klauzál Tér Market Hall, 3.5, Food & Drink, /Attraction_Review-g274887-d10051213-Reviews-Klauzal_Ter_Market_Hall-Budapest_Central_Hungary.html, /Attractions-g274887-Activities-Budapest_Central_Hungary.html
Úri Street, 4.0, Sights & Landmarks, /Attraction_Review-g274887-d10771762-Reviews-Uri_Street-Budapest_Central_Hungary.html, /Attractions-g274887-Activities-Budapest_Central_Hungary.html
Cold War Park, 4.0, Museums, /Attraction_Review-g274887-d6759511-Reviews-Cold_War_Park-Budapest_Central_Hungary.html, /Attractions-g274887-Activities-Budapest_Central_Hungary.html
Belvarosi Szent Anna Templomigazgatosag, 4.0, Sights & Landmarks, /Attraction_Review-g274887-d4679175-Reviews-Belvarosi_Szent_Anna_Templomigazgatosag-Budapest_Central_Hungary.html, /Attractions-g274887-Activities-Budapest_Central_Hungary.html
Thonet House, 4.0, Sights & Landmarks, /Attraction_Review-g274887-d8549774-Reviews-Thonet_House-Budapest_Central_Hungary.html, /Attractions-g274887-Activities-Budapest_Central_Hungary.html
Rákóczi Tér Market Hall, 4.0, Food & Drink, /Attraction_Review-g274887-d13507504-Reviews-Rakoczi_Ter_Market_Hall-Budapest_Central_Hungary.html, /Attractions-g274887-Activities-Budapest_Central_Hungary.html
