attraction_name, attraction_rate, attraction_type, attraction_url, attraction_parent_url
Sopron Old Town, 4.5, Sights & Landmarks, /Attraction_Review-g274909-d12168849-Reviews-Sopron_Old_Town-Sopron_Gyor_Moson_Sopron_County_Central_Transdanubia.html, /Attractions-g274909-Activities-Sopron_Gyor_Moson_Sopron_County_Central_Transdanubia.html
Fire Tower (Tuztorony), 4.5, Sights & Landmarks, /Attraction_Review-g274909-d297083-Reviews-Fire_Tower_Tuztorony-Sopron_Gyor_Moson_Sopron_County_Central_Transdanubia.html, /Attractions-g274909-Activities-Sopron_Gyor_Moson_Sopron_County_Central_Transdanubia.html
Storno-haz, 4.5, Museums, /Attraction_Review-g274909-d4993812-Reviews-Storno_haz-Sopron_Gyor_Moson_Sopron_County_Central_Transdanubia.html, /Attractions-g274909-Activities-Sopron_Gyor_Moson_Sopron_County_Central_Transdanubia.html
Lookout Tower Karoly, 4.5, Sights & Landmarks, /Attraction_Review-g274909-d11865911-Reviews-Lookout_Tower_Karoly-Sopron_Gyor_Moson_Sopron_County_Central_Transdanubia.html, /Attractions-g274909-Activities-Sopron_Gyor_Moson_Sopron_County_Central_Transdanubia.html
Sopron Museum - Old Synagogue, 4.5, Museums, /Attraction_Review-g274909-d8818500-Reviews-Sopron_Museum_Old_Synagogue-Sopron_Gyor_Moson_Sopron_County_Central_Transdanubia.html, /Attractions-g274909-Activities-Sopron_Gyor_Moson_Sopron_County_Central_Transdanubia.html
Goat Church, 4.0, Sights & Landmarks, /Attraction_Review-g274909-d8755703-Reviews-Goat_Church-Sopron_Gyor_Moson_Sopron_County_Central_Transdanubia.html, /Attractions-g274909-Activities-Sopron_Gyor_Moson_Sopron_County_Central_Transdanubia.html
Central Mining Museum, 4.5, Museums, /Attraction_Review-g274909-d3385311-Reviews-Central_Mining_Museum-Sopron_Gyor_Moson_Sopron_County_Central_Transdanubia.html, /Attractions-g274909-Activities-Sopron_Gyor_Moson_Sopron_County_Central_Transdanubia.html
Holy Trinity Statue, 4.5, Sights & Landmarks, /Attraction_Review-g274909-d8755957-Reviews-Holy_Trinity_Statue-Sopron_Gyor_Moson_Sopron_County_Central_Transdanubia.html, /Attractions-g274909-Activities-Sopron_Gyor_Moson_Sopron_County_Central_Transdanubia.html
Kőhalmy Hunting Museum, 5.0, Museums, /Attraction_Review-g274909-d11866491-Reviews-Kohalmy_Hunting_Museum-Sopron_Gyor_Moson_Sopron_County_Central_Transdanubia.html, /Attractions-g274909-Activities-Sopron_Gyor_Moson_Sopron_County_Central_Transdanubia.html
Church of St Michael, 4.0, Sights & Landmarks, /Attraction_Review-g274909-d297085-Reviews-Church_of_St_Michael-Sopron_Gyor_Moson_Sopron_County_Central_Transdanubia.html, /Attractions-g274909-Activities-Sopron_Gyor_Moson_Sopron_County_Central_Transdanubia.html
Telekom Volt Festival, 4.5, Events, /Attraction_Review-g274909-d10020420-Reviews-Telekom_Volt_Festival-Sopron_Gyor_Moson_Sopron_County_Central_Transdanubia.html, /Attractions-g274909-Activities-Sopron_Gyor_Moson_Sopron_County_Central_Transdanubia.html
Lover Kalandpark Sopron, 4.5, Nature & Parks, /Attraction_Review-g274909-d7266654-Reviews-Lover_Kalandpark_Sopron-Sopron_Gyor_Moson_Sopron_County_Central_Transdanubia.html, /Attractions-g274909-Activities-Sopron_Gyor_Moson_Sopron_County_Central_Transdanubia.html
Sopron Summer Toboggan Run / Soproni Bobpalya, 4.5, Fun & Games, /Attraction_Review-g274909-d4579862-Reviews-Sopron_Summer_Toboggan_Run_Soproni_Bobpalya-Sopron_Gyor_Moson_Sopron_County_Centr.html, /Attractions-g274909-Activities-Sopron_Gyor_Moson_Sopron_County_Central_Transdanubia.html
Fabricius House, 4.0, Sights & Landmarks, /Attraction_Review-g274909-d8755952-Reviews-Fabricius_House-Sopron_Gyor_Moson_Sopron_County_Central_Transdanubia.html, /Attractions-g274909-Activities-Sopron_Gyor_Moson_Sopron_County_Central_Transdanubia.html
Church of the Immaculate, 4.5, Sights & Landmarks, /Attraction_Review-g274909-d11866019-Reviews-Church_of_the_Immaculate-Sopron_Gyor_Moson_Sopron_County_Central_Transdanubia.html, /Attractions-g274909-Activities-Sopron_Gyor_Moson_Sopron_County_Central_Transdanubia.html
Saint George Dome Church, 4.0, Sights & Landmarks, /Attraction_Review-g274909-d9719423-Reviews-Saint_George_Dome_Church-Sopron_Gyor_Moson_Sopron_County_Central_Transdanubia.html, /Attractions-g274909-Activities-Sopron_Gyor_Moson_Sopron_County_Central_Transdanubia.html
Fertő-tavi Water Estate, 3.5, Nature & Parks, /Attraction_Review-g274909-d12842990-Reviews-Ferto_tavi_Water_Estate-Sopron_Gyor_Moson_Sopron_County_Central_Transdanubia.html, /Attractions-g274909-Activities-Sopron_Gyor_Moson_Sopron_County_Central_Transdanubia.html
Zettl-Langer Collection, 5.0, Museums, /Attraction_Review-g274909-d9717198-Reviews-Zettl_Langer_Collection-Sopron_Gyor_Moson_Sopron_County_Central_Transdanubia.html, /Attractions-g274909-Activities-Sopron_Gyor_Moson_Sopron_County_Central_Transdanubia.html
Tarodi Var, 4.0, Sights & Landmarks, /Attraction_Review-g274909-d18689881-Reviews-Tarodi_Var-Sopron_Gyor_Moson_Sopron_County_Central_Transdanubia.html, /Attractions-g274909-Activities-Sopron_Gyor_Moson_Sopron_County_Central_Transdanubia.html
Coral Aqua Zoo, 5.0, Zoos & Aquariums, /Attraction_Review-g274909-d16884541-Reviews-Coral_Aqua_Zoo-Sopron_Gyor_Moson_Sopron_County_Central_Transdanubia.html, /Attractions-g274909-Activities-Sopron_Gyor_Moson_Sopron_County_Central_Transdanubia.html
Fidelity Gate, 4.0, Sights & Landmarks, /Attraction_Review-g274909-d297084-Reviews-Fidelity_Gate-Sopron_Gyor_Moson_Sopron_County_Central_Transdanubia.html, /Attractions-g274909-Activities-Sopron_Gyor_Moson_Sopron_County_Central_Transdanubia.html
Tourinform Sopron, 3.5, Traveller Resources, /Attraction_Review-g274909-d12806074-Reviews-Tourinform_Sopron-Sopron_Gyor_Moson_Sopron_County_Central_Transdanubia.html, /Attractions-g274909-Activities-Sopron_Gyor_Moson_Sopron_County_Central_Transdanubia.html
Szentlélek Church, 4.0, Sights & Landmarks, /Attraction_Review-g274909-d11866009-Reviews-Szentlelek_Church-Sopron_Gyor_Moson_Sopron_County_Central_Transdanubia.html, /Attractions-g274909-Activities-Sopron_Gyor_Moson_Sopron_County_Central_Transdanubia.html
Saint James Chapel, 4.5, Sights & Landmarks, /Attraction_Review-g274909-d12522261-Reviews-Saint_James_Chapel-Sopron_Gyor_Moson_Sopron_County_Central_Transdanubia.html, /Attractions-g274909-Activities-Sopron_Gyor_Moson_Sopron_County_Central_Transdanubia.html
Legged House, 4.0, Museums, /Attraction_Review-g274909-d12168850-Reviews-Legged_House-Sopron_Gyor_Moson_Sopron_County_Central_Transdanubia.html, /Attractions-g274909-Activities-Sopron_Gyor_Moson_Sopron_County_Central_Transdanubia.html
Erdeszeti Museum, 5.0, Museums, /Attraction_Review-g274909-d14200792-Reviews-Erdeszeti_Museum-Sopron_Gyor_Moson_Sopron_County_Central_Transdanubia.html, /Attractions-g274909-Activities-Sopron_Gyor_Moson_Sopron_County_Central_Transdanubia.html
Pharmacy House, 4.5, Museums, /Attraction_Review-g274909-d12522259-Reviews-Pharmacy_House-Sopron_Gyor_Moson_Sopron_County_Central_Transdanubia.html, /Attractions-g274909-Activities-Sopron_Gyor_Moson_Sopron_County_Central_Transdanubia.html
Bakery House, 4.0, Museums, /Attraction_Review-g274909-d12522252-Reviews-Bakery_House-Sopron_Gyor_Moson_Sopron_County_Central_Transdanubia.html, /Attractions-g274909-Activities-Sopron_Gyor_Moson_Sopron_County_Central_Transdanubia.html
Sorhazdombi Kilato, 4.5, Sights & Landmarks, /Attraction_Review-g274909-d17853278-Reviews-Sorhazdombi_Kilato-Sopron_Gyor_Moson_Sopron_County_Central_Transdanubia.html, /Attractions-g274909-Activities-Sopron_Gyor_Moson_Sopron_County_Central_Transdanubia.html
House of the Two Moors, 3.5, Sights & Landmarks, /Attraction_Review-g274909-d12522254-Reviews-House_of_the_Two_Moors-Sopron_Gyor_Moson_Sopron_County_Central_Transdanubia.html, /Attractions-g274909-Activities-Sopron_Gyor_Moson_Sopron_County_Central_Transdanubia.html
