attraction_name, attraction_rate, attraction_type, attraction_url, attraction_parent_url
Holy Spirit Catholic Church, 4.5, Sights & Landmarks, /Attraction_Review-g274894-d7133204-Reviews-Holy_Spirit_Catholic_Church-Heviz_Zala_County_Western_Transdanubia.html, /Attractions-g274894-Activities-Heviz_Zala_County_Western_Transdanubia.html
Mary Magdalene church in Egregy, 4.5, Sights & Landmarks, /Attraction_Review-g274894-d8041840-Reviews-Mary_Magdalene_church_in_Egregy-Heviz_Zala_County_Western_Transdanubia.html, /Attractions-g274894-Activities-Heviz_Zala_County_Western_Transdanubia.html
Roman Ruin Garden, 4.5, Sights & Landmarks, /Attraction_Review-g274894-d12168986-Reviews-Roman_Ruin_Garden-Heviz_Zala_County_Western_Transdanubia.html, /Attractions-g274894-Activities-Heviz_Zala_County_Western_Transdanubia.html
Egregy Cellars, 4.5, Food & Drink, /Attraction_Review-g274894-d8820643-Reviews-Egregy_Cellars-Heviz_Zala_County_Western_Transdanubia.html, /Attractions-g274894-Activities-Heviz_Zala_County_Western_Transdanubia.html
Museum Collection Hévíz, 4.5, Museums, /Attraction_Review-g274894-d8066045-Reviews-Museum_Collection_Heviz-Heviz_Zala_County_Western_Transdanubia.html, /Attractions-g274894-Activities-Heviz_Zala_County_Western_Transdanubia.html
Dotto Train Heviz, 3.5, Tours, /Attraction_Review-g274894-d12908728-Reviews-Dotto_Train_Heviz-Heviz_Zala_County_Western_Transdanubia.html, /Attractions-g274894-Activities-Heviz_Zala_County_Western_Transdanubia.html
Tomb of the Roman Soldier, 3.5, Sights & Landmarks, /Attraction_Review-g274894-d12168983-Reviews-Tomb_of_the_Roman_Soldier-Heviz_Zala_County_Western_Transdanubia.html, /Attractions-g274894-Activities-Heviz_Zala_County_Western_Transdanubia.html
Heart of Jesus Church, 4.0, Sights & Landmarks, /Attraction_Review-g274894-d15361316-Reviews-Heart_of_Jesus_Church-Heviz_Zala_County_Western_Transdanubia.html, /Attractions-g274894-Activities-Heviz_Zala_County_Western_Transdanubia.html
MagdalenaKirche, 4.5, Sights & Landmarks, /Attraction_Review-g274894-d8036380-Reviews-MagdalenaKirche-Heviz_Zala_County_Western_Transdanubia.html, /Attractions-g274894-Activities-Heviz_Zala_County_Western_Transdanubia.html
The Yearthousands of Hévíz permanent exhibition, 3.5, Museums, /Attraction_Review-g274894-d8822338-Reviews-The_Yearthousands_of_Heviz_permanent_exhibition-Heviz_Zala_County_Western_Transda.html, /Attractions-g274894-Activities-Heviz_Zala_County_Western_Transdanubia.html
Thermal Lake of Hévíz, 4.5, Spas & Wellness, /Attraction_Review-g274894-d626137-Reviews-Thermal_Lake_of_Heviz-Heviz_Zala_County_Western_Transdanubia.html, /Attractions-g274894-Activities-Heviz_Zala_County_Western_Transdanubia.html
High Tech Sports Base 3, 5.0, Tours, /Attraction_Review-g274894-d6874247-Reviews-High_Tech_Sports_Base_3-Heviz_Zala_County_Western_Transdanubia.html, /Attractions-g274894-Activities-Heviz_Zala_County_Western_Transdanubia.html
Hèvízi Termelői Piac, 4.0, Shopping, /Attraction_Review-g274894-d6950468-Reviews-Hevizi_Termeloi_Piac-Heviz_Zala_County_Western_Transdanubia.html, /Attractions-g274894-Activities-Heviz_Zala_County_Western_Transdanubia.html
SPA HEVIZ, 4.0, Spas & Wellness, /Attraction_Review-g274894-d8389021-Reviews-SPA_HEVIZ-Heviz_Zala_County_Western_Transdanubia.html, /Attractions-g274894-Activities-Heviz_Zala_County_Western_Transdanubia.html
Fontana Cinema, 4.5, Fun & Games, /Attraction_Review-g274894-d8066713-Reviews-Fontana_Cinema-Heviz_Zala_County_Western_Transdanubia.html, /Attractions-g274894-Activities-Heviz_Zala_County_Western_Transdanubia.html
Russian Baths, 4.5, Spas & Wellness, /Attraction_Review-g274894-d9719363-Reviews-Russian_Baths-Heviz_Zala_County_Western_Transdanubia.html, /Attractions-g274894-Activities-Heviz_Zala_County_Western_Transdanubia.html
THAI MASSZAZSSZALON AIYARA, 4.0, Spas & Wellness, /Attraction_Review-g274894-d5579901-Reviews-THAI_MASSZAZSSZALON_AIYARA-Heviz_Zala_County_Western_Transdanubia.html, /Attractions-g274894-Activities-Heviz_Zala_County_Western_Transdanubia.html
Hévíz Tourinform Bike tours, 4.0, Tours, /Attraction_Review-g274894-d8807379-Reviews-Heviz_Tourinform_Bike_tours-Heviz_Zala_County_Western_Transdanubia.html, /Attractions-g274894-Activities-Heviz_Zala_County_Western_Transdanubia.html
HeBi - Hévíz Bike, 5.0, Outdoor Activities, /Attraction_Review-g274894-d8807354-Reviews-HeBi_Heviz_Bike-Heviz_Zala_County_Western_Transdanubia.html, /Attractions-g274894-Activities-Heviz_Zala_County_Western_Transdanubia.html
Crysteel Jewellery Shop, 2.0, Shopping, /Attraction_Review-g274894-d9780895-Reviews-Crysteel_Jewellery_Shop-Heviz_Zala_County_Western_Transdanubia.html, /Attractions-g274894-Activities-Heviz_Zala_County_Western_Transdanubia.html
