attraction_name, attraction_rate, attraction_type, attraction_url, attraction_parent_url
Hanging Gardens of Lillafüred, 4.5, Nature & Parks, /Attraction_Review-g1077251-d8724987-Reviews-Hanging_Gardens_of_Lillafured-Lillafured_Borsod_Abauj_Zemplen_County_Northern_Hu.html, /Attractions-g1077251-Activities-Lillafured_Borsod_Abauj_Zemplen_County_Northern_Hungary.html
St. Stephen Stalactite Cave, 4.5, Nature & Parks, /Attraction_Review-g1077251-d8631304-Reviews-St_Stephen_Stalactite_Cave-Lillafured_Borsod_Abauj_Zemplen_County_Northern_Hunga.html, /Attractions-g1077251-Activities-Lillafured_Borsod_Abauj_Zemplen_County_Northern_Hungary.html
Libegő, 4.0, Nature & Parks, /Attraction_Review-g1077251-d10540513-Reviews-Libego-Lillafured_Borsod_Abauj_Zemplen_County_Northern_Hungary.html, /Attractions-g1077251-Activities-Lillafured_Borsod_Abauj_Zemplen_County_Northern_Hungary.html
Anna Sinter Cave, 4.0, Nature & Parks, /Attraction_Review-g1077251-d8631241-Reviews-Anna_Sinter_Cave-Lillafured_Borsod_Abauj_Zemplen_County_Northern_Hungary.html, /Attractions-g1077251-Activities-Lillafured_Borsod_Abauj_Zemplen_County_Northern_Hungary.html
Bukk-videk Geopark, 4.5, Sights & Landmarks, /Attraction_Review-g1077251-d19882145-Reviews-Bukk_videk_Geopark-Lillafured_Borsod_Abauj_Zemplen_County_Northern_Hungary.html, /Attractions-g1077251-Activities-Lillafured_Borsod_Abauj_Zemplen_County_Northern_Hungary.html
Lillafüredi Sport and Adventure Park, 4.0, Fun & Games, /Attraction_Review-g1077251-d8825161-Reviews-Lillafuredi_Sport_and_Adventure_Park-Lillafured_Borsod_Abauj_Zemplen_County_Nort.html, /Attractions-g1077251-Activities-Lillafured_Borsod_Abauj_Zemplen_County_Northern_Hungary.html
