attraction_name, attraction_rate, attraction_type, attraction_url, attraction_parent_url
RWZ Revolution WineZ, 5.0, Food & Drink, /Attraction_Review-g660491-d8532545-Reviews-RWZ_Revolution_WineZ-Mezokovesd_Borsod_Abauj_Zemplen_County_Northern_Hungary.html, /Attractions-g660491-Activities-Mezokovesd_Borsod_Abauj_Zemplen_County_Northern_Hungary.html
Matyo Museum, 4.0, Museums, /Attraction_Review-g660491-d13400907-Reviews-Matyo_Museum-Mezokovesd_Borsod_Abauj_Zemplen_County_Northern_Hungary.html, /Attractions-g660491-Activities-Mezokovesd_Borsod_Abauj_Zemplen_County_Northern_Hungary.html
Zsóry Thermal Bath and Spa, 4.0, Water & Amusement Parks, /Attraction_Review-g660491-d9587236-Reviews-Zsory_Thermal_Bath_and_Spa-Mezokovesd_Borsod_Abauj_Zemplen_County_Northern_Hungar.html, /Attractions-g660491-Activities-Mezokovesd_Borsod_Abauj_Zemplen_County_Northern_Hungary.html
Zsóry Gyógy És Strandfürdő, None, Water & Amusement Parks, /Attraction_Review-g660491-d21341801-Reviews-Zsory_Gyogy_Es_Strandfurdo-Mezokovesd_Borsod_Abauj_Zemplen_County_Northern_Hunga.html, /Attractions-g660491-Activities-Mezokovesd_Borsod_Abauj_Zemplen_County_Northern_Hungary.html
