attraction_name, attraction_rate, attraction_type, attraction_url, attraction_parent_url
Jézus szíve templom (Herz-Jesu-Pfarrkirche), 4.5, Sights & Landmarks, /Attraction_Review-g776248-d2632437-Reviews-Jezus_szive_templom_Herz_Jesu_Pfarrkirche-Koszeg_Vas_County_Western_Transdanubia.html, /Attractions-g776248-Activities-Koszeg_Vas_County_Western_Transdanubia.html
Jurisics vár, 4.0, Museums, /Attraction_Review-g776248-d8554661-Reviews-Jurisics_var-Koszeg_Vas_County_Western_Transdanubia.html, /Attractions-g776248-Activities-Koszeg_Vas_County_Western_Transdanubia.html
Heroe's Gate, 4.5, Sights & Landmarks, /Attraction_Review-g776248-d15219418-Reviews-Heroe_s_Gate-Koszeg_Vas_County_Western_Transdanubia.html, /Attractions-g776248-Activities-Koszeg_Vas_County_Western_Transdanubia.html
Chernel Garden is an arboretum and bird sanctuary, 4.5, Nature & Parks, /Attraction_Review-g776248-d17571531-Reviews-Chernel_Garden_is_an_arboretum_and_bird_sanctuary-Koszeg_Vas_County_Western_Tran.html, /Attractions-g776248-Activities-Koszeg_Vas_County_Western_Transdanubia.html
Church of the Holy Cross, 5.0, Sights & Landmarks, /Attraction_Review-g776248-d13990474-Reviews-Church_of_the_Holy_Cross-Koszeg_Vas_County_Western_Transdanubia.html, /Attractions-g776248-Activities-Koszeg_Vas_County_Western_Transdanubia.html
