attraction_name, attraction_rate, attraction_type, attraction_url, attraction_parent_url
Lake Hársas, 4.5, Nature & Parks, /Attraction_Review-g1016762-d10766100-Reviews-Lake_Harsas-Szentgotthard_Vas_County_Western_Transdanubia.html, /Attractions-g1016762-Activities-Szentgotthard_Vas_County_Western_Transdanubia.html
Roman Catholic Church of Szentgotthárd, 4.5, Sights & Landmarks, /Attraction_Review-g1016762-d9858067-Reviews-Roman_Catholic_Church_of_Szentgotthard-Szentgotthard_Vas_County_Western_Transdan.html, /Attractions-g1016762-Activities-Szentgotthard_Vas_County_Western_Transdanubia.html
St. Georg (Jak), 4.0, Sights & Landmarks, /Attraction_Review-g1016762-d14863853-Reviews-St_Georg_Jak-Szentgotthard_Vas_County_Western_Transdanubia.html, /Attractions-g1016762-Activities-Szentgotthard_Vas_County_Western_Transdanubia.html
Therme Szentgotthárd, 3.5, Spas & Wellness, /Attraction_Review-g1016762-d3618563-Reviews-Therme_Szentgotthard-Szentgotthard_Vas_County_Western_Transdanubia.html, /Attractions-g1016762-Activities-Szentgotthard_Vas_County_Western_Transdanubia.html
