attraction_name, attraction_rate, attraction_type, attraction_url, attraction_parent_url
Wrangler statue, None, Sights & Landmarks, /Attraction_Review-g274887-d13340384-Reviews-Wrangler_statue-Budapest_Central_Hungary.html, /Attractions-g274887-Activities-Budapest_Central_Hungary.html
Kresz Geza Ambulance Museum, None, Museums, /Attraction_Review-g274887-d13205674-Reviews-Kresz_Geza_Ambulance_Museum-Budapest_Central_Hungary.html, /Attractions-g274887-Activities-Budapest_Central_Hungary.html
Katasztrófavédelem Central Museum, None, Museums, /Attraction_Review-g274887-d13205669-Reviews-Katasztrofavedelem_Central_Museum-Budapest_Central_Hungary.html, /Attractions-g274887-Activities-Budapest_Central_Hungary.html
Biokultura, None, Food & Drink, /Attraction_Review-g274887-d14980971-Reviews-Biokultura-Budapest_Central_Hungary.html, /Attractions-g274887-Activities-Budapest_Central_Hungary.html
ipoly gallery, None, Museums, /Attraction_Review-g274887-d13821452-Reviews-Ipoly_gallery-Budapest_Central_Hungary.html, /Attractions-g274887-Activities-Budapest_Central_Hungary.html
Benedek Virag, None, Sights & Landmarks, /Attraction_Review-g274887-d13962685-Reviews-Benedek_Virag-Budapest_Central_Hungary.html, /Attractions-g274887-Activities-Budapest_Central_Hungary.html
Rozsakert Shopping Center, None, Shopping, /Attraction_Review-g274887-d13962763-Reviews-Rozsakert_Shopping_Center-Budapest_Central_Hungary.html, /Attractions-g274887-Activities-Budapest_Central_Hungary.html
Premonstratensian Church, None, Sights & Landmarks, /Attraction_Review-g274887-d13962808-Reviews-Premonstratensian_Church-Budapest_Central_Hungary.html, /Attractions-g274887-Activities-Budapest_Central_Hungary.html
St. John of Nepomuki Statue, None, Sights & Landmarks, /Attraction_Review-g274887-d13962728-Reviews-St_John_of_Nepomuki_Statue-Budapest_Central_Hungary.html, /Attractions-g274887-Activities-Budapest_Central_Hungary.html
Statue of Szent John Nepomuk, None, Sights & Landmarks, /Attraction_Review-g274887-d13962736-Reviews-Statue_of_Szent_John_Nepomuk-Budapest_Central_Hungary.html, /Attractions-g274887-Activities-Budapest_Central_Hungary.html
Svab Hill, None, Sights & Landmarks, /Attraction_Review-g274887-d13962729-Reviews-Svab_Hill-Budapest_Central_Hungary.html, /Attractions-g274887-Activities-Budapest_Central_Hungary.html
Zoltán Kodály's Statue, None, Sights & Landmarks, /Attraction_Review-g274887-d13962731-Reviews-Zoltan_Kodaly_s_Statue-Budapest_Central_Hungary.html, /Attractions-g274887-Activities-Budapest_Central_Hungary.html
Budapest Gallery Exhibition Hall, None, Museums, /Attraction_Review-g274887-d13967191-Reviews-Budapest_Gallery_Exhibition_Hall-Budapest_Central_Hungary.html, /Attractions-g274887-Activities-Budapest_Central_Hungary.html
Apathy Rock, None, Sights & Landmarks, /Attraction_Review-g274887-d13962802-Reviews-Apathy_Rock-Budapest_Central_Hungary.html, /Attractions-g274887-Activities-Budapest_Central_Hungary.html
Napraforgó Street, None, Sights & Landmarks, /Attraction_Review-g274887-d13839312-Reviews-Napraforgo_Street-Budapest_Central_Hungary.html, /Attractions-g274887-Activities-Budapest_Central_Hungary.html
Statue of Joseph Haydn, None, Sights & Landmarks, /Attraction_Review-g274887-d13941678-Reviews-Statue_of_Joseph_Haydn-Budapest_Central_Hungary.html, /Attractions-g274887-Activities-Budapest_Central_Hungary.html
Szechenyi Hill, None, Nature & Parks, /Attraction_Review-g274887-d13967053-Reviews-Szechenyi_Hill-Budapest_Central_Hungary.html, /Attractions-g274887-Activities-Budapest_Central_Hungary.html
51st Esperanto Congress Memorial, None, Sights & Landmarks, /Attraction_Review-g274887-d13967283-Reviews-51st_Esperanto_Congress_Memorial-Budapest_Central_Hungary.html, /Attractions-g274887-Activities-Budapest_Central_Hungary.html
Statue of St Florian, None, Sights & Landmarks, /Attraction_Review-g274887-d13940046-Reviews-Statue_of_St_Florian-Budapest_Central_Hungary.html, /Attractions-g274887-Activities-Budapest_Central_Hungary.html
Statue of Joszef Antall, None, Sights & Landmarks, /Attraction_Review-g274887-d13940625-Reviews-Statue_of_Joszef_Antall-Budapest_Central_Hungary.html, /Attractions-g274887-Activities-Budapest_Central_Hungary.html
Statue of Odon Lechner, None, Sights & Landmarks, /Attraction_Review-g274887-d13939982-Reviews-Statue_of_Odon_Lechner-Budapest_Central_Hungary.html, /Attractions-g274887-Activities-Budapest_Central_Hungary.html
Statue of Sack Heaver, None, Sights & Landmarks, /Attraction_Review-g274887-d13939981-Reviews-Statue_of_Sack_Heaver-Budapest_Central_Hungary.html, /Attractions-g274887-Activities-Budapest_Central_Hungary.html
Statue of Krúdy Gyula, None, Sights & Landmarks, /Attraction_Review-g274887-d13866702-Reviews-Statue_of_Krudy_Gyula-Budapest_Central_Hungary.html, /Attractions-g274887-Activities-Budapest_Central_Hungary.html
Statue of Károlyi Mihály, None, Sights & Landmarks, /Attraction_Review-g274887-d13879741-Reviews-Statue_of_Karolyi_Mihaly-Budapest_Central_Hungary.html, /Attractions-g274887-Activities-Budapest_Central_Hungary.html
Buvesz Theater, None, Concerts & Shows, /Attraction_Review-g274887-d13867017-Reviews-Buvesz_Theater-Budapest_Central_Hungary.html, /Attractions-g274887-Activities-Budapest_Central_Hungary.html
Ruins of Budaszentlőrinc Pauline Monastery, None, Sights & Landmarks, /Attraction_Review-g274887-d13839310-Reviews-Ruins_of_Budaszentlorinc_Pauline_Monastery-Budapest_Central_Hungary.html, /Attractions-g274887-Activities-Budapest_Central_Hungary.html
Goethe Institut, None, Events, /Attraction_Review-g274887-d14181318-Reviews-Goethe_Institut-Budapest_Central_Hungary.html, /Attractions-g274887-Activities-Budapest_Central_Hungary.html
Nostalgia Bazaar, None, Shopping, /Attraction_Review-g274887-d15219423-Reviews-Nostalgia_Bazaar-Budapest_Central_Hungary.html, /Attractions-g274887-Activities-Budapest_Central_Hungary.html
Ordog-orom Nature Reserve, None, Nature & Parks, /Attraction_Review-g274887-d15181693-Reviews-Ordog_orom_Nature_Reserve-Budapest_Central_Hungary.html, /Attractions-g274887-Activities-Budapest_Central_Hungary.html
K.A.S. Gallery, None, Museums, /Attraction_Review-g274887-d15694726-Reviews-K_A_S_Gallery-Budapest_Central_Hungary.html, /Attractions-g274887-Activities-Budapest_Central_Hungary.html
