attraction_name, attraction_rate, attraction_type, attraction_url, attraction_parent_url
Fekete Borpince, 4.5, Food & Drink, /Attraction_Review-g1163717-d11772141-Reviews-Fekete_Borpince-Szekszard_Tolna_County_Southern_Transdanubia.html, /Attractions-g1163717-Activities-Szekszard_Tolna_County_Southern_Transdanubia.html
Kalvaria Lookout, 4.0, Sights & Landmarks, /Attraction_Review-g1163717-d12493323-Reviews-Kalvaria_Lookout-Szekszard_Tolna_County_Southern_Transdanubia.html, /Attractions-g1163717-Activities-Szekszard_Tolna_County_Southern_Transdanubia.html
Bela Kiraly ter, 5.0, Sights & Landmarks, /Attraction_Review-g1163717-d18688856-Reviews-Bela_Kiraly_ter-Szekszard_Tolna_County_Southern_Transdanubia.html, /Attractions-g1163717-Activities-Szekszard_Tolna_County_Southern_Transdanubia.html
Puskas Borhaz - Invictus Winery, 5.0, Food & Drink, /Attraction_Review-g1163717-d7697399-Reviews-Puskas_Borhaz_Invictus_Winery-Szekszard_Tolna_County_Southern_Transdanubia.html, /Attractions-g1163717-Activities-Szekszard_Tolna_County_Southern_Transdanubia.html
Wosinsky Mor County Museum, 4.0, Museums, /Attraction_Review-g1163717-d19657198-Reviews-Wosinsky_Mor_County_Museum-Szekszard_Tolna_County_Southern_Transdanubia.html, /Attractions-g1163717-Activities-Szekszard_Tolna_County_Southern_Transdanubia.html
Vida family wine estate, 5.0, Food & Drink, /Attraction_Review-g1163717-d11445287-Reviews-Vida_family_wine_estate-Szekszard_Tolna_County_Southern_Transdanubia.html, /Attractions-g1163717-Activities-Szekszard_Tolna_County_Southern_Transdanubia.html
Daniel Pince, 5.0, Food & Drink, /Attraction_Review-g1163717-d21285851-Reviews-Daniel_Pince-Szekszard_Tolna_County_Southern_Transdanubia.html, /Attractions-g1163717-Activities-Szekszard_Tolna_County_Southern_Transdanubia.html
Schieber Winery, 5.0, Nightlife, /Attraction_Review-g1163717-d21178635-Reviews-Schieber_Winery-Szekszard_Tolna_County_Southern_Transdanubia.html, /Attractions-g1163717-Activities-Szekszard_Tolna_County_Southern_Transdanubia.html
Videkjaro Terepjaro, 5.0, Food & Drink, /Attraction_Review-g1163717-d20265983-Reviews-Videkjaro_Terepjaro-Szekszard_Tolna_County_Southern_Transdanubia.html, /Attractions-g1163717-Activities-Szekszard_Tolna_County_Southern_Transdanubia.html
Gemenc Hot Air Ballon Club, 5.0, Tours, /Attraction_Review-g1163717-d11805139-Reviews-Gemenc_Hot_Air_Ballon_Club-Szekszard_Tolna_County_Southern_Transdanubia.html, /Attractions-g1163717-Activities-Szekszard_Tolna_County_Southern_Transdanubia.html
The Assumption of Our Lord Church, None, Sights & Landmarks, /Attraction_Review-g1163717-d19657206-Reviews-The_Assumption_of_Our_Lord_Church-Szekszard_Tolna_County_Southern_Transdanubia.html, /Attractions-g1163717-Activities-Szekszard_Tolna_County_Southern_Transdanubia.html
