attraction_name, attraction_rate, attraction_type, attraction_url, attraction_parent_url
Hungarian Parliament Building, 4.5, Sights & Landmarks, /Attraction_Review-g274887-d276817-Reviews-Hungarian_Parliament_Building-Budapest_Central_Hungary.html, /Attractions-g274887-Activities-Budapest_Central_Hungary.html
Halászbástya, 4.5, Sights & Landmarks, /Attraction_Review-g274887-d276803-Reviews-Halaszbastya-Budapest_Central_Hungary.html, /Attractions-g274887-Activities-Budapest_Central_Hungary.html
St. Stephen's Basilica (Szent Istvan Bazilika), 4.5, Sights & Landmarks, /Attraction_Review-g274887-d276822-Reviews-St_Stephen_s_Basilica_Szent_Istvan_Bazilika-Budapest_Central_Hungary.html, /Attractions-g274887-Activities-Budapest_Central_Hungary.html
Danube River, 4.5, Nature & Parks, /Attraction_Review-g274887-d298971-Reviews-Danube_River-Budapest_Central_Hungary.html, /Attractions-g274887-Activities-Budapest_Central_Hungary.html
Buda Castle, 4.5, Sights & Landmarks, /Attraction_Review-g274887-d276804-Reviews-Buda_Castle-Budapest_Central_Hungary.html, /Attractions-g274887-Activities-Budapest_Central_Hungary.html
Shoes on the Danube Bank, 4.5, Sights & Landmarks, /Attraction_Review-g274887-d1063833-Reviews-Shoes_on_the_Danube_Bank-Budapest_Central_Hungary.html, /Attractions-g274887-Activities-Budapest_Central_Hungary.html
Margaret Island, 4.5, Nature & Parks, /Attraction_Review-g274887-d276126-Reviews-Margaret_Island-Budapest_Central_Hungary.html, /Attractions-g274887-Activities-Budapest_Central_Hungary.html
Gellert Hill, 4.5, Sights & Landmarks, /Attraction_Review-g274887-d276878-Reviews-Gellert_Hill-Budapest_Central_Hungary.html, /Attractions-g274887-Activities-Budapest_Central_Hungary.html
Széchenyi Lánchíd, 4.5, Sights & Landmarks, /Attraction_Review-g274887-d276821-Reviews-Szechenyi_Lanchid-Budapest_Central_Hungary.html, /Attractions-g274887-Activities-Budapest_Central_Hungary.html
Matthias Church, 4.5, Sights & Landmarks, /Attraction_Review-g274887-d276808-Reviews-Matthias_Church-Budapest_Central_Hungary.html, /Attractions-g274887-Activities-Budapest_Central_Hungary.html
Varhegy, 4.5, Sights & Landmarks, /Attraction_Review-g274887-d276801-Reviews-Varhegy-Budapest_Central_Hungary.html, /Attractions-g274887-Activities-Budapest_Central_Hungary.html
Budapest Pinball Museum, 5.0, Museums, /Attraction_Review-g274887-d6969659-Reviews-Budapest_Pinball_Museum-Budapest_Central_Hungary.html, /Attractions-g274887-Activities-Budapest_Central_Hungary.html
Heroes' Square, 4.5, Sights & Landmarks, /Attraction_Review-g274887-d276827-Reviews-Heroes_Square-Budapest_Central_Hungary.html, /Attractions-g274887-Activities-Budapest_Central_Hungary.html
3d Gallery Budapest, 5.0, Sights & Landmarks, /Attraction_Review-g274887-d10761239-Reviews-3d_Gallery_Budapest-Budapest_Central_Hungary.html, /Attractions-g274887-Activities-Budapest_Central_Hungary.html
Hospital in the Rock Nuclear Bunker Museum, 4.5, Museums, /Attraction_Review-g274887-d2169533-Reviews-Hospital_in_the_Rock_Nuclear_Bunker_Museum-Budapest_Central_Hungary.html, /Attractions-g274887-Activities-Budapest_Central_Hungary.html
Citadel, 4.5, Sights & Landmarks, /Attraction_Review-g274887-d276867-Reviews-Citadel-Budapest_Central_Hungary.html, /Attractions-g274887-Activities-Budapest_Central_Hungary.html
Great / Central Synagogue (Nagy Zsinagoga), 4.0, Sights & Landmarks, /Attraction_Review-g274887-d276815-Reviews-Great_Central_Synagogue_Nagy_Zsinagoga-Budapest_Central_Hungary.html, /Attractions-g274887-Activities-Budapest_Central_Hungary.html
Chocolate Museum, 4.5, Museums, /Attraction_Review-g274887-d10522908-Reviews-Chocolate_Museum-Budapest_Central_Hungary.html, /Attractions-g274887-Activities-Budapest_Central_Hungary.html
Vajdahunyad Castle (Vajdahunyadvar), 4.5, Sights & Landmarks, /Attraction_Review-g274887-d277831-Reviews-Vajdahunyad_Castle_Vajdahunyadvar-Budapest_Central_Hungary.html, /Attractions-g274887-Activities-Budapest_Central_Hungary.html
Budapest Zoo &amp; Botanical Garden, 4.0, Zoos & Aquariums, /Attraction_Review-g274887-d276871-Reviews-Budapest_Zoo_Botanical_Garden-Budapest_Central_Hungary.html, /Attractions-g274887-Activities-Budapest_Central_Hungary.html
Aeropark Budapest, 4.5, Museums, /Attraction_Review-g274887-d8369998-Reviews-Aeropark_Budapest-Budapest_Central_Hungary.html, /Attractions-g274887-Activities-Budapest_Central_Hungary.html
Music Fountain, 4.5, Sights & Landmarks, /Attraction_Review-g274887-d6936772-Reviews-Music_Fountain-Budapest_Central_Hungary.html, /Attractions-g274887-Activities-Budapest_Central_Hungary.html
Gozsdu Udvar, 4.5, Sights & Landmarks, /Attraction_Review-g274887-d276879-Reviews-Gozsdu_Udvar-Budapest_Central_Hungary.html, /Attractions-g274887-Activities-Budapest_Central_Hungary.html
Palatinus Strand, 4.5, Water & Amusement Parks, /Attraction_Review-g274887-d526980-Reviews-Palatinus_Strand-Budapest_Central_Hungary.html, /Attractions-g274887-Activities-Budapest_Central_Hungary.html
Tram Number 2, 4.5, Tours, /Attraction_Review-g274887-d2191670-Reviews-Tram_Number_2-Budapest_Central_Hungary.html, /Attractions-g274887-Activities-Budapest_Central_Hungary.html
Holocaust Memorial Center, 4.5, Museums, /Attraction_Review-g274887-d601982-Reviews-Holocaust_Memorial_Center-Budapest_Central_Hungary.html, /Attractions-g274887-Activities-Budapest_Central_Hungary.html
Hungarian National Gallery (Magyar Nemzeti Galeria), 4.0, Museums, /Attraction_Review-g274887-d276806-Reviews-Hungarian_National_Gallery_Magyar_Nemzeti_Galeria-Budapest_Central_Hungary.html, /Attractions-g274887-Activities-Budapest_Central_Hungary.html
Central Market Hall, 4.0, Food & Drink, /Attraction_Review-g274887-d276128-Reviews-Central_Market_Hall-Budapest_Central_Hungary.html, /Attractions-g274887-Activities-Budapest_Central_Hungary.html
Liberty Statue, 4.5, Sights & Landmarks, /Attraction_Review-g274887-d8801842-Reviews-Liberty_Statue-Budapest_Central_Hungary.html, /Attractions-g274887-Activities-Budapest_Central_Hungary.html
Szimpla Sunday Farmers' Market, 4.5, Food & Drink, /Attraction_Review-g274887-d3560261-Reviews-Szimpla_Sunday_Farmers_Market-Budapest_Central_Hungary.html, /Attractions-g274887-Activities-Budapest_Central_Hungary.html
