attraction_name, attraction_rate, attraction_type, attraction_url, attraction_parent_url
art quarter budapest, 5.0, Museums, /Attraction_Review-g274887-d12644797-Reviews-Art_quarter_budapest-Budapest_Central_Hungary.html, /Attractions-g274887-Activities-Budapest_Central_Hungary.html
Leonardo da Vinci Muvesz-Zseni-Feltalalo Kiallítas, 3.0, Museums, /Attraction_Review-g274887-d16734115-Reviews-Leonardo_da_Vinci_Muvesz_Zseni_Feltalalo_Kiallitas-Budapest_Central_Hungary.html, /Attractions-g274887-Activities-Budapest_Central_Hungary.html
Spy Museum Buda Castle, 2.0, Museums, /Attraction_Review-g274887-d4471035-Reviews-Spy_Museum_Buda_Castle-Budapest_Central_Hungary.html, /Attractions-g274887-Activities-Budapest_Central_Hungary.html
Statue of The Knight and his Herald, 3.5, Sights & Landmarks, /Attraction_Review-g274887-d13962768-Reviews-Statue_of_The_Knight_and_his_Herald-Budapest_Central_Hungary.html, /Attractions-g274887-Activities-Budapest_Central_Hungary.html
Church of Saint Mary Magdalene, 4.5, Sights & Landmarks, /Attraction_Review-g274887-d18937597-Reviews-Church_of_Saint_Mary_Magdalene-Budapest_Central_Hungary.html, /Attractions-g274887-Activities-Budapest_Central_Hungary.html
Vak Bottyan Janos Statue, 3.5, Sights & Landmarks, /Attraction_Review-g274887-d15619711-Reviews-Vak_Bottyan_Janos_Statue-Budapest_Central_Hungary.html, /Attractions-g274887-Activities-Budapest_Central_Hungary.html
Fasori Evangelical Church, 3.0, Sights & Landmarks, /Attraction_Review-g274887-d10681665-Reviews-Fasori_Evangelical_Church-Budapest_Central_Hungary.html, /Attractions-g274887-Activities-Budapest_Central_Hungary.html
Csepel Plaza, 3.5, Shopping, /Attraction_Review-g274887-d7856363-Reviews-Csepel_Plaza-Budapest_Central_Hungary.html, /Attractions-g274887-Activities-Budapest_Central_Hungary.html
Orokimadas Templom, 4.5, Sights & Landmarks, /Attraction_Review-g274887-d8529128-Reviews-Orokimadas_Templom-Budapest_Central_Hungary.html, /Attractions-g274887-Activities-Budapest_Central_Hungary.html
Katona József Theater, 5.0, Concerts & Shows, /Attraction_Review-g274887-d13866870-Reviews-Katona_Jozsef_Theater-Budapest_Central_Hungary.html, /Attractions-g274887-Activities-Budapest_Central_Hungary.html
Danaides Fountain, 4.0, Sights & Landmarks, /Attraction_Review-g274887-d13962798-Reviews-Danaides_Fountain-Budapest_Central_Hungary.html, /Attractions-g274887-Activities-Budapest_Central_Hungary.html
Statue of Lendvay Marton, 3.0, Sights & Landmarks, /Attraction_Review-g274887-d13939893-Reviews-Statue_of_Lendvay_Marton-Budapest_Central_Hungary.html, /Attractions-g274887-Activities-Budapest_Central_Hungary.html
Foundry Museum, 4.0, Museums, /Attraction_Review-g274887-d8563601-Reviews-Foundry_Museum-Budapest_Central_Hungary.html, /Attractions-g274887-Activities-Budapest_Central_Hungary.html
Konig Pince Winery, 4.5, Food & Drink, /Attraction_Review-g274887-d1748253-Reviews-Konig_Pince_Winery-Budapest_Central_Hungary.html, /Attractions-g274887-Activities-Budapest_Central_Hungary.html
Balázs Folk Art Gallery, 5.0, Museums, /Attraction_Review-g274887-d8786340-Reviews-Balazs_Folk_Art_Gallery-Budapest_Central_Hungary.html, /Attractions-g274887-Activities-Budapest_Central_Hungary.html
Bethlen Theater, 5.0, Concerts & Shows, /Attraction_Review-g274887-d13999717-Reviews-Bethlen_Theater-Budapest_Central_Hungary.html, /Attractions-g274887-Activities-Budapest_Central_Hungary.html
Gyorgy Dozsa Monument, 4.0, Sights & Landmarks, /Attraction_Review-g274887-d15620054-Reviews-Gyorgy_Dozsa_Monument-Budapest_Central_Hungary.html, /Attractions-g274887-Activities-Budapest_Central_Hungary.html
Darusszalám Mosque Church, 5.0, Sights & Landmarks, /Attraction_Review-g274887-d8133381-Reviews-Darusszalam_Mosque_Church-Budapest_Central_Hungary.html, /Attractions-g274887-Activities-Budapest_Central_Hungary.html
Bokay Kalandpark, 4.0, Fun & Games, /Attraction_Review-g274887-d12007402-Reviews-Bokay_Kalandpark-Budapest_Central_Hungary.html, /Attractions-g274887-Activities-Budapest_Central_Hungary.html
Károlyi Garden, 4.0, Nature & Parks, /Attraction_Review-g274887-d17704167-Reviews-Karolyi_Garden-Budapest_Central_Hungary.html, /Attractions-g274887-Activities-Budapest_Central_Hungary.html
Sala de Conciertos Nacional Bela Bartok, 5.0, Concerts & Shows, /Attraction_Review-g274887-d14890687-Reviews-Sala_de_Conciertos_Nacional_Bela_Bartok-Budapest_Central_Hungary.html, /Attractions-g274887-Activities-Budapest_Central_Hungary.html
Kos Karoly Square, 3.5, Fun & Games, /Attraction_Review-g274887-d13866716-Reviews-Kos_Karoly_Square-Budapest_Central_Hungary.html, /Attractions-g274887-Activities-Budapest_Central_Hungary.html
Mansfeld Peter Park, 3.5, Nature & Parks, /Attraction_Review-g274887-d12086423-Reviews-Mansfeld_Peter_Park-Budapest_Central_Hungary.html, /Attractions-g274887-Activities-Budapest_Central_Hungary.html
Kolibri Children and Youth Theater, 5.0, Concerts & Shows, /Attraction_Review-g274887-d7287535-Reviews-Kolibri_Children_and_Youth_Theater-Budapest_Central_Hungary.html, /Attractions-g274887-Activities-Budapest_Central_Hungary.html
The statue of Balassi Bálint, 3.5, Sights & Landmarks, /Attraction_Review-g274887-d15594788-Reviews-The_statue_of_Balassi_Balint-Budapest_Central_Hungary.html, /Attractions-g274887-Activities-Budapest_Central_Hungary.html
Szent László Gimnázium, 4.0, Sights & Landmarks, /Attraction_Review-g274887-d15000661-Reviews-Szent_Laszlo_Gimnazium-Budapest_Central_Hungary.html, /Attractions-g274887-Activities-Budapest_Central_Hungary.html
Bazáruház Antique, 4.5, Shopping, /Attraction_Review-g274887-d10155068-Reviews-Bazaruhaz_Antique-Budapest_Central_Hungary.html, /Attractions-g274887-Activities-Budapest_Central_Hungary.html
Arany Janos Memorial, 3.5, Sights & Landmarks, /Attraction_Review-g274887-d13962740-Reviews-Arany_Janos_Memorial-Budapest_Central_Hungary.html, /Attractions-g274887-Activities-Budapest_Central_Hungary.html
Citygraph Gallery, 5.0, Museums, /Attraction_Review-g274887-d13112032-Reviews-Citygraph_Gallery-Budapest_Central_Hungary.html, /Attractions-g274887-Activities-Budapest_Central_Hungary.html
Newpaper Boy Statue, 4.0, Sights & Landmarks, /Attraction_Review-g274887-d15637268-Reviews-Newpaper_Boy_Statue-Budapest_Central_Hungary.html, /Attractions-g274887-Activities-Budapest_Central_Hungary.html
