attraction_name, attraction_rate, attraction_type, attraction_url, attraction_parent_url
Siklos Castle, 4.5, Sights & Landmarks, /Attraction_Review-g1026929-d8458404-Reviews-Siklos_Castle-Siklos_Baranya_County_Southern_Transdanubia.html, /Attractions-g1026929-Activities-Siklos_Baranya_County_Southern_Transdanubia.html
Malatinszky Kuria Organic Wine Estate, 5.0, Food & Drink, /Attraction_Review-g1026929-d7246008-Reviews-Malatinszky_Kuria_Organic_Wine_Estate-Siklos_Baranya_County_Southern_Transdanubi.html, /Attractions-g1026929-Activities-Siklos_Baranya_County_Southern_Transdanubia.html
Malkocs Bej Mosque, 4.5, Sights & Landmarks, /Attraction_Review-g1026929-d8284200-Reviews-Malkocs_Bej_Mosque-Siklos_Baranya_County_Southern_Transdanubia.html, /Attractions-g1026929-Activities-Siklos_Baranya_County_Southern_Transdanubia.html
Joó Winery Siklós, 4.5, Food & Drink, /Attraction_Review-g1026929-d10080279-Reviews-Joo_Winery_Siklos-Siklos_Baranya_County_Southern_Transdanubia.html, /Attractions-g1026929-Activities-Siklos_Baranya_County_Southern_Transdanubia.html
Thermal Spa, 4.0, Spas & Wellness, /Attraction_Review-g1026929-d2330846-Reviews-Thermal_Spa-Siklos_Baranya_County_Southern_Transdanubia.html, /Attractions-g1026929-Activities-Siklos_Baranya_County_Southern_Transdanubia.html
Apró Paták Lovas Sport Egyesület, None, Nature & Parks, /Attraction_Review-g1026929-d21245528-Reviews-Apro_Patak_Lovas_Sport_Egyesulet-Siklos_Baranya_County_Southern_Transdanubia.html, /Attractions-g1026929-Activities-Siklos_Baranya_County_Southern_Transdanubia.html
