attraction_name, attraction_rate, attraction_type, attraction_url, attraction_parent_url
Valley of the Beautiful Women, 4.5, Food & Drink, /Attraction_Review-g274891-d546872-Reviews-Valley_of_the_Beautiful_Women-Eger_Heves_County_Northern_Hungary.html, /Attractions-g274891-Activities-Eger_Heves_County_Northern_Hungary.html
Eger Castle, 4.0, Sights & Landmarks, /Attraction_Review-g274891-d279408-Reviews-Eger_Castle-Eger_Heves_County_Northern_Hungary.html, /Attractions-g274891-Activities-Eger_Heves_County_Northern_Hungary.html
Bolyki Pinceszet, 5.0, Food & Drink, /Attraction_Review-g274891-d7277054-Reviews-Bolyki_Pinceszet-Eger_Heves_County_Northern_Hungary.html, /Attractions-g274891-Activities-Eger_Heves_County_Northern_Hungary.html
Egri Road Beatles Museum, 5.0, Museums, /Attraction_Review-g274891-d8822991-Reviews-Egri_Road_Beatles_Museum-Eger_Heves_County_Northern_Hungary.html, /Attractions-g274891-Activities-Eger_Heves_County_Northern_Hungary.html
Dobo Square, 4.5, Sights & Landmarks, /Attraction_Review-g274891-d3654218-Reviews-Dobo_Square-Eger_Heves_County_Northern_Hungary.html, /Attractions-g274891-Activities-Eger_Heves_County_Northern_Hungary.html
The Basilica, 4.5, Sights & Landmarks, /Attraction_Review-g274891-d3654216-Reviews-The_Basilica-Eger_Heves_County_Northern_Hungary.html, /Attractions-g274891-Activities-Eger_Heves_County_Northern_Hungary.html
Város a Város Alatt, 4.5, Sights & Landmarks, /Attraction_Review-g274891-d10636139-Reviews-Varos_a_Varos_Alatt-Eger_Heves_County_Northern_Hungary.html, /Attractions-g274891-Activities-Eger_Heves_County_Northern_Hungary.html
Mineral Bath Swimming Pool Park, 4.5, Fun & Games, /Attraction_Review-g274891-d548035-Reviews-Mineral_Bath_Swimming_Pool_Park-Eger_Heves_County_Northern_Hungary.html, /Attractions-g274891-Activities-Eger_Heves_County_Northern_Hungary.html
Kopcsik Marcipánia Szamos édességbolt, 4.5, Museums, /Attraction_Review-g274891-d5532900-Reviews-Kopcsik_Marcipania_Szamos_edessegbolt-Eger_Heves_County_Northern_Hungary.html, /Attractions-g274891-Activities-Eger_Heves_County_Northern_Hungary.html
Kovacs Nimrod Winery, 5.0, Food & Drink, /Attraction_Review-g274891-d7679563-Reviews-Kovacs_Nimrod_Winery-Eger_Heves_County_Northern_Hungary.html, /Attractions-g274891-Activities-Eger_Heves_County_Northern_Hungary.html
Szepasszonyvolgy 46., 4.5, Food & Drink, /Attraction_Review-g274891-d1674548-Reviews-Szepasszonyvolgy_46-Eger_Heves_County_Northern_Hungary.html, /Attractions-g274891-Activities-Eger_Heves_County_Northern_Hungary.html
Torok Kori Minaret, 4.0, Sights & Landmarks, /Attraction_Review-g274891-d2271822-Reviews-Torok_Kori_Minaret-Eger_Heves_County_Northern_Hungary.html, /Attractions-g274891-Activities-Eger_Heves_County_Northern_Hungary.html
Lyceum, 4.5, Sights & Landmarks, /Attraction_Review-g274891-d7149061-Reviews-Lyceum-Eger_Heves_County_Northern_Hungary.html, /Attractions-g274891-Activities-Eger_Heves_County_Northern_Hungary.html
Visitor's Centre of the Eger Archbishop's Palace, 4.5, Traveller Resources, /Attraction_Review-g274891-d10046253-Reviews-Visitor_s_Centre_of_the_Eger_Archbishop_s_Palace-Eger_Heves_County_Northern_Hung.html, /Attractions-g274891-Activities-Eger_Heves_County_Northern_Hungary.html
Minorita Templom, 4.5, Sights & Landmarks, /Attraction_Review-g274891-d3654159-Reviews-Minorita_Templom-Eger_Heves_County_Northern_Hungary.html, /Attractions-g274891-Activities-Eger_Heves_County_Northern_Hungary.html
Agria Park Shopping Center, 4.5, Shopping, /Attraction_Review-g274891-d9755595-Reviews-Agria_Park_Shopping_Center-Eger_Heves_County_Northern_Hungary.html, /Attractions-g274891-Activities-Eger_Heves_County_Northern_Hungary.html
Gárdonyi Géza Emlékmúzeum, 4.5, Museums, /Attraction_Review-g274891-d10786540-Reviews-Gardonyi_Geza_Emlekmuzeum-Eger_Heves_County_Northern_Hungary.html, /Attractions-g274891-Activities-Eger_Heves_County_Northern_Hungary.html
Sike Winery, 4.5, Food & Drink, /Attraction_Review-g274891-d8803965-Reviews-Sike_Winery-Eger_Heves_County_Northern_Hungary.html, /Attractions-g274891-Activities-Eger_Heves_County_Northern_Hungary.html
Erdotelki Arboretum, 4.5, Nature & Parks, /Attraction_Review-g274891-d12363586-Reviews-Erdotelki_Arboretum-Eger_Heves_County_Northern_Hungary.html, /Attractions-g274891-Activities-Eger_Heves_County_Northern_Hungary.html
Tarnaszentmaria, 5.0, Sights & Landmarks, /Attraction_Review-g274891-d4590239-Reviews-Tarnaszentmaria-Eger_Heves_County_Northern_Hungary.html, /Attractions-g274891-Activities-Eger_Heves_County_Northern_Hungary.html
Nagy-Eged Mountain, 4.5, Nature & Parks, /Attraction_Review-g274891-d10749608-Reviews-Nagy_Eged_Mountain-Eger_Heves_County_Northern_Hungary.html, /Attractions-g274891-Activities-Eger_Heves_County_Northern_Hungary.html
Grassi Family Cellar, 4.5, Food & Drink, /Attraction_Review-g274891-d11866066-Reviews-Grassi_Family_Cellar-Eger_Heves_County_Northern_Hungary.html, /Attractions-g274891-Activities-Eger_Heves_County_Northern_Hungary.html
Gonczi Boraszat, 5.0, Food & Drink, /Attraction_Review-g274891-d6936797-Reviews-Gonczi_Boraszat-Eger_Heves_County_Northern_Hungary.html, /Attractions-g274891-Activities-Eger_Heves_County_Northern_Hungary.html
Saint Bernát Church, 4.0, Sights & Landmarks, /Attraction_Review-g274891-d13620400-Reviews-Saint_Bernat_Church-Eger_Heves_County_Northern_Hungary.html, /Attractions-g274891-Activities-Eger_Heves_County_Northern_Hungary.html
Gardonyi Geza Szinhaz, 5.0, Concerts & Shows, /Attraction_Review-g274891-d19919506-Reviews-Gardonyi_Geza_Szinhaz-Eger_Heves_County_Northern_Hungary.html, /Attractions-g274891-Activities-Eger_Heves_County_Northern_Hungary.html
Torok Furdo, 4.5, Spas & Wellness, /Attraction_Review-g274891-d2641412-Reviews-Torok_Furdo-Eger_Heves_County_Northern_Hungary.html, /Attractions-g274891-Activities-Eger_Heves_County_Northern_Hungary.html
Eger Termál, 4.0, Spas & Wellness, /Attraction_Review-g274891-d10514142-Reviews-Eger_Termal-Eger_Heves_County_Northern_Hungary.html, /Attractions-g274891-Activities-Eger_Heves_County_Northern_Hungary.html
MagicTower, 4.5, Fun & Games, /Attraction_Review-g274891-d19853346-Reviews-MagicTower-Eger_Heves_County_Northern_Hungary.html, /Attractions-g274891-Activities-Eger_Heves_County_Northern_Hungary.html
ExitPoint Eger, 4.5, Fun & Games, /Attraction_Review-g274891-d7194630-Reviews-ExitPoint_Eger-Eger_Heves_County_Northern_Hungary.html, /Attractions-g274891-Activities-Eger_Heves_County_Northern_Hungary.html
Időalagút, 4.5, Fun & Games, /Attraction_Review-g274891-d13620496-Reviews-Idoalagut-Eger_Heves_County_Northern_Hungary.html, /Attractions-g274891-Activities-Eger_Heves_County_Northern_Hungary.html
