attraction_name, attraction_rate, attraction_type, attraction_url, attraction_parent_url
TOURINFORM - Mórahalom, 4.5, Traveller Resources, /Attraction_Review-g1131872-d11868540-Reviews-TOURINFORM_Morahalom-Morahalom_Csongrad_County_Southern_Great_Plain.html, /Attractions-g1131872-Activities-Morahalom_Csongrad_County_Southern_Great_Plain.html
Buffalo Reservation, 4.0, Nature & Parks, /Attraction_Review-g1131872-d11706017-Reviews-Buffalo_Reservation-Morahalom_Csongrad_County_Southern_Great_Plain.html, /Attractions-g1131872-Activities-Morahalom_Csongrad_County_Southern_Great_Plain.html
Mini Hungary Park Morahalom, 3.0, Museums, /Attraction_Review-g1131872-d13280643-Reviews-Mini_Hungary_Park_Morahalom-Morahalom_Csongrad_County_Southern_Great_Plain.html, /Attractions-g1131872-Activities-Morahalom_Csongrad_County_Southern_Great_Plain.html
St. Elizabeth's Morahalom Spa, 4.5, Spas & Wellness, /Attraction_Review-g1131872-d2547226-Reviews-St_Elizabeth_s_Morahalom_Spa-Morahalom_Csongrad_County_Southern_Great_Plain.html, /Attractions-g1131872-Activities-Morahalom_Csongrad_County_Southern_Great_Plain.html
