attraction_name, attraction_rate, attraction_type, attraction_url, attraction_parent_url
Sváb Borház, 5.0, Food & Drink, /Attraction_Review-g1158678-d12287699-Reviews-Svab_Borhaz-Torokbalint_Pest_County_Central_Hungary.html, /Attractions-g1158678-Activities-Torokbalint_Pest_County_Central_Hungary.html
Goat World, 5.0, Sights & Landmarks, /Attraction_Review-g1158678-d16724327-Reviews-Goat_World-Torokbalint_Pest_County_Central_Hungary.html, /Attractions-g1158678-Activities-Torokbalint_Pest_County_Central_Hungary.html
Svab Wine House, 5.0, Food & Drink, /Attraction_Review-g1158678-d12282586-Reviews-Svab_Wine_House-Torokbalint_Pest_County_Central_Hungary.html, /Attractions-g1158678-Activities-Torokbalint_Pest_County_Central_Hungary.html
Quad Tura, 5.0, Tours, /Attraction_Review-g1158678-d5562476-Reviews-Quad_Tura-Torokbalint_Pest_County_Central_Hungary.html, /Attractions-g1158678-Activities-Torokbalint_Pest_County_Central_Hungary.html
Patriots Paintball, 5.0, Fun & Games, /Attraction_Review-g1158678-d13497923-Reviews-Patriots_Paintball-Torokbalint_Pest_County_Central_Hungary.html, /Attractions-g1158678-Activities-Torokbalint_Pest_County_Central_Hungary.html
