attraction_name, attraction_rate, attraction_type, attraction_url, attraction_parent_url
Festetics Palace, 4.5, Sights & Landmarks, /Attraction_Review-g274897-d1850105-Reviews-Festetics_Palace-Keszthely_Zala_County_Western_Transdanubia.html, /Attractions-g274897-Activities-Keszthely_Zala_County_Western_Transdanubia.html
Helikon Castle Museum, 4.5, Museums, /Attraction_Review-g274897-d7001369-Reviews-Helikon_Castle_Museum-Keszthely_Zala_County_Western_Transdanubia.html, /Attractions-g274897-Activities-Keszthely_Zala_County_Western_Transdanubia.html
Cadillac Muzeum, 5.0, Museums, /Attraction_Review-g274897-d12802075-Reviews-Cadillac_Muzeum-Keszthely_Zala_County_Western_Transdanubia.html, /Attractions-g274897-Activities-Keszthely_Zala_County_Western_Transdanubia.html
Keszthely Kastell, 4.5, Sights & Landmarks, /Attraction_Review-g274897-d4549647-Reviews-Keszthely_Kastell-Keszthely_Zala_County_Western_Transdanubia.html, /Attractions-g274897-Activities-Keszthely_Zala_County_Western_Transdanubia.html
Medieaval Erotic Wax Museum, 4.0, Museums, /Attraction_Review-g274897-d10786214-Reviews-Medieaval_Erotic_Wax_Museum-Keszthely_Zala_County_Western_Transdanubia.html, /Attractions-g274897-Activities-Keszthely_Zala_County_Western_Transdanubia.html
Balaton Museum, 4.5, Museums, /Attraction_Review-g274897-d1897517-Reviews-Balaton_Museum-Keszthely_Zala_County_Western_Transdanubia.html, /Attractions-g274897-Activities-Keszthely_Zala_County_Western_Transdanubia.html
Municipal Beach, 4.0, Nature & Parks, /Attraction_Review-g274897-d1195026-Reviews-Municipal_Beach-Keszthely_Zala_County_Western_Transdanubia.html, /Attractions-g274897-Activities-Keszthely_Zala_County_Western_Transdanubia.html
The Marzipan Museum and Confectionery, 4.0, Museums, /Attraction_Review-g274897-d12250913-Reviews-The_Marzipan_Museum_and_Confectionery-Keszthely_Zala_County_Western_Transdanubia.html, /Attractions-g274897-Activities-Keszthely_Zala_County_Western_Transdanubia.html
Snail Parliament, 4.5, Museums, /Attraction_Review-g274897-d11445481-Reviews-Snail_Parliament-Keszthely_Zala_County_Western_Transdanubia.html, /Attractions-g274897-Activities-Keszthely_Zala_County_Western_Transdanubia.html
Our Lady of Hungary Church, 4.5, Sights & Landmarks, /Attraction_Review-g274897-d13962686-Reviews-Our_Lady_of_Hungary_Church-Keszthely_Zala_County_Western_Transdanubia.html, /Attractions-g274897-Activities-Keszthely_Zala_County_Western_Transdanubia.html
Festetics Imre Allatpark, 4.5, Sights & Landmarks, /Attraction_Review-g274897-d6960257-Reviews-Festetics_Imre_Allatpark-Keszthely_Zala_County_Western_Transdanubia.html, /Attractions-g274897-Activities-Keszthely_Zala_County_Western_Transdanubia.html
Kocsimuzeum Keszthely, 4.5, Museums, /Attraction_Review-g274897-d12339914-Reviews-Kocsimuzeum_Keszthely-Keszthely_Zala_County_Western_Transdanubia.html, /Attractions-g274897-Activities-Keszthely_Zala_County_Western_Transdanubia.html
Helikon Beach, 4.0, Nature & Parks, /Attraction_Review-g274897-d12644747-Reviews-Helikon_Beach-Keszthely_Zala_County_Western_Transdanubia.html, /Attractions-g274897-Activities-Keszthely_Zala_County_Western_Transdanubia.html
Nostalgia Museum - Curiosities and Kitsch Museum, 4.5, Museums, /Attraction_Review-g274897-d11445564-Reviews-Nostalgia_Museum_Curiosities_and_Kitsch_Museum-Keszthely_Zala_County_Western_Tra.html, /Attractions-g274897-Activities-Keszthely_Zala_County_Western_Transdanubia.html
Jatekmuzeum - Foltermuseum, 4.0, Museums, /Attraction_Review-g274897-d10558172-Reviews-Jatekmuzeum_Foltermuseum-Keszthely_Zala_County_Western_Transdanubia.html, /Attractions-g274897-Activities-Keszthely_Zala_County_Western_Transdanubia.html
Doll Museum Keszthely, 4.0, Museums, /Attraction_Review-g274897-d7148263-Reviews-Doll_Museum_Keszthely-Keszthely_Zala_County_Western_Transdanubia.html, /Attractions-g274897-Activities-Keszthely_Zala_County_Western_Transdanubia.html
Historical Panopticon, 4.5, Museums, /Attraction_Review-g274897-d11622483-Reviews-Historical_Panopticon-Keszthely_Zala_County_Western_Transdanubia.html, /Attractions-g274897-Activities-Keszthely_Zala_County_Western_Transdanubia.html
Horrorárium - és Kínzó Múzeum, 3.5, Museums, /Attraction_Review-g274897-d10624974-Reviews-Horrorarium_es_Kinzo_Muzeum-Keszthely_Zala_County_Western_Transdanubia.html, /Attractions-g274897-Activities-Keszthely_Zala_County_Western_Transdanubia.html
Radio Televizio Museum, 4.5, Museums, /Attraction_Review-g274897-d17675443-Reviews-Radio_Televizio_Museum-Keszthely_Zala_County_Western_Transdanubia.html, /Attractions-g274897-Activities-Keszthely_Zala_County_Western_Transdanubia.html
House of Stoves, 4.5, Museums, /Attraction_Review-g274897-d10767958-Reviews-House_of_Stoves-Keszthely_Zala_County_Western_Transdanubia.html, /Attractions-g274897-Activities-Keszthely_Zala_County_Western_Transdanubia.html
Georgikon Farm History Museum, 5.0, Museums, /Attraction_Review-g274897-d10767966-Reviews-Georgikon_Farm_History_Museum-Keszthely_Zala_County_Western_Transdanubia.html, /Attractions-g274897-Activities-Keszthely_Zala_County_Western_Transdanubia.html
Little Saint Teresa Carmelite Basilica, 4.5, Sights & Landmarks, /Attraction_Review-g274897-d15799035-Reviews-Little_Saint_Teresa_Carmelite_Basilica-Keszthely_Zala_County_Western_Transdanubi.html, /Attractions-g274897-Activities-Keszthely_Zala_County_Western_Transdanubia.html
Lepkemúzeum Keszthely, 4.5, Museums, /Attraction_Review-g274897-d12815225-Reviews-Lepkemuzeum_Keszthely-Keszthely_Zala_County_Western_Transdanubia.html, /Attractions-g274897-Activities-Keszthely_Zala_County_Western_Transdanubia.html
Keszthelyi Neprajzi Muzeum es Intezmenyei, 5.0, Museums, /Attraction_Review-g274897-d7980990-Reviews-Keszthelyi_Neprajzi_Muzeum_es_Intezmenyei-Keszthely_Zala_County_Western_Transdanu.html, /Attractions-g274897-Activities-Keszthely_Zala_County_Western_Transdanubia.html
Surber's Museum of Automatic Musical Instruments and Phonographs, 3.5, Museums, /Attraction_Review-g274897-d9752240-Reviews-Surber_s_Museum_of_Automatic_Musical_Instruments_and_Phonographs-Keszthely_Zala_C.html, /Attractions-g274897-Activities-Keszthely_Zala_County_Western_Transdanubia.html
Keszthely Market, 4.0, Food & Drink, /Attraction_Review-g274897-d1850095-Reviews-Keszthely_Market-Keszthely_Zala_County_Western_Transdanubia.html, /Attractions-g274897-Activities-Keszthely_Zala_County_Western_Transdanubia.html
City Reflection, 5.0, Fun & Games, /Attraction_Review-g274897-d19390232-Reviews-City_Reflection-Keszthely_Zala_County_Western_Transdanubia.html, /Attractions-g274897-Activities-Keszthely_Zala_County_Western_Transdanubia.html
Crownlands Safari, 5.0, Tours, /Attraction_Review-g274897-d16727014-Reviews-Crownlands_Safari-Keszthely_Zala_County_Western_Transdanubia.html, /Attractions-g274897-Activities-Keszthely_Zala_County_Western_Transdanubia.html
Balatoni Hajózási Kft., 4.5, Boat Tours & Water Sports, /Attraction_Review-g274897-d12571827-Reviews-Balatoni_Hajozasi_Kft-Keszthely_Zala_County_Western_Transdanubia.html, /Attractions-g274897-Activities-Keszthely_Zala_County_Western_Transdanubia.html
Sightseeing Nostalgia Train, 4.0, Tours, /Attraction_Review-g274897-d10750796-Reviews-Sightseeing_Nostalgia_Train-Keszthely_Zala_County_Western_Transdanubia.html, /Attractions-g274897-Activities-Keszthely_Zala_County_Western_Transdanubia.html
