attraction_name, attraction_rate, attraction_type, attraction_url, attraction_parent_url
Bella Animal Park Siofok, 5.0, Zoos & Aquariums, /Attraction_Review-g274908-d8815039-Reviews-Bella_Animal_Park_Siofok-Siofok_Somogy_County_Southern_Transdanubia.html, /Attractions-g274908-Activities-Siofok_Somogy_County_Southern_Transdanubia.html
Siofok Water Tower, 4.0, Sights & Landmarks, /Attraction_Review-g274908-d3354086-Reviews-Siofok_Water_Tower-Siofok_Somogy_County_Southern_Transdanubia.html, /Attractions-g274908-Activities-Siofok_Somogy_County_Southern_Transdanubia.html
Siófok Evangelical Church, 4.5, Sights & Landmarks, /Attraction_Review-g274908-d8807169-Reviews-Siofok_Evangelical_Church-Siofok_Somogy_County_Southern_Transdanubia.html, /Attractions-g274908-Activities-Siofok_Somogy_County_Southern_Transdanubia.html
Bebo Aquapark, 4.5, Water & Amusement Parks, /Attraction_Review-g274908-d11966256-Reviews-Bebo_Aquapark-Siofok_Somogy_County_Southern_Transdanubia.html, /Attractions-g274908-Activities-Siofok_Somogy_County_Southern_Transdanubia.html
Kálmán Imre Memorial House, 4.5, Museums, /Attraction_Review-g274908-d10264408-Reviews-Kalman_Imre_Memorial_House-Siofok_Somogy_County_Southern_Transdanubia.html, /Attractions-g274908-Activities-Siofok_Somogy_County_Southern_Transdanubia.html
Mineral Museum, 4.0, Museums, /Attraction_Review-g274908-d11949655-Reviews-Mineral_Museum-Siofok_Somogy_County_Southern_Transdanubia.html, /Attractions-g274908-Activities-Siofok_Somogy_County_Southern_Transdanubia.html
Plázs Siofok, 3.5, Nature & Parks, /Attraction_Review-g274908-d12926838-Reviews-Plazs_Siofok-Siofok_Somogy_County_Southern_Transdanubia.html, /Attractions-g274908-Activities-Siofok_Somogy_County_Southern_Transdanubia.html
The Benevolent Angel of Peace, 4.5, Sights & Landmarks, /Attraction_Review-g274908-d19000524-Reviews-The_Benevolent_Angel_of_Peace-Siofok_Somogy_County_Southern_Transdanubia.html, /Attractions-g274908-Activities-Siofok_Somogy_County_Southern_Transdanubia.html
Millennium Park, 4.5, Nature & Parks, /Attraction_Review-g274908-d17391947-Reviews-Millennium_Park-Siofok_Somogy_County_Southern_Transdanubia.html, /Attractions-g274908-Activities-Siofok_Somogy_County_Southern_Transdanubia.html
Galerius Elmenyfurdo es Wellness Kozpont, 4.0, Water & Amusement Parks, /Attraction_Review-g274908-d8481523-Reviews-Galerius_Elmenyfurdo_es_Wellness_Kozpont-Siofok_Somogy_County_Southern_Transdanub.html, /Attractions-g274908-Activities-Siofok_Somogy_County_Southern_Transdanubia.html
Skydive Balaton, 5.0, Tours, /Attraction_Review-g274908-d5292867-Reviews-Skydive_Balaton-Siofok_Somogy_County_Southern_Transdanubia.html, /Attractions-g274908-Activities-Siofok_Somogy_County_Southern_Transdanubia.html
Minigolf Siofok, 5.0, Fun & Games, /Attraction_Review-g274908-d8179902-Reviews-Minigolf_Siofok-Siofok_Somogy_County_Southern_Transdanubia.html, /Attractions-g274908-Activities-Siofok_Somogy_County_Southern_Transdanubia.html
Renegade Pub, 4.0, Nightlife, /Attraction_Review-g274908-d7168671-Reviews-Renegade_Pub-Siofok_Somogy_County_Southern_Transdanubia.html, /Attractions-g274908-Activities-Siofok_Somogy_County_Southern_Transdanubia.html
Tesók Café &amp; Bar, 4.0, Nightlife, /Attraction_Review-g274908-d7168673-Reviews-Tesok_Cafe_Bar-Siofok_Somogy_County_Southern_Transdanubia.html, /Attractions-g274908-Activities-Siofok_Somogy_County_Southern_Transdanubia.html
Non Stop Taxi, 4.5, Transportation, /Attraction_Review-g274908-d8399691-Reviews-Non_Stop_Taxi-Siofok_Somogy_County_Southern_Transdanubia.html, /Attractions-g274908-Activities-Siofok_Somogy_County_Southern_Transdanubia.html
La Siesta &amp; Cool Bar, 3.5, Nightlife, /Attraction_Review-g274908-d14141991-Reviews-La_Siesta_Cool_Bar-Siofok_Somogy_County_Southern_Transdanubia.html, /Attractions-g274908-Activities-Siofok_Somogy_County_Southern_Transdanubia.html
Hyperjet, 5.0, Boat Tours & Water Sports, /Attraction_Review-g274908-d18915676-Reviews-Hyperjet-Siofok_Somogy_County_Southern_Transdanubia.html, /Attractions-g274908-Activities-Siofok_Somogy_County_Southern_Transdanubia.html
Siofok Taxi, 5.0, Transportation, /Attraction_Review-g274908-d11865597-Reviews-Siofok_Taxi-Siofok_Somogy_County_Southern_Transdanubia.html, /Attractions-g274908-Activities-Siofok_Somogy_County_Southern_Transdanubia.html
SUPport, 5.0, Boat Tours & Water Sports, /Attraction_Review-g274908-d17708977-Reviews-SUPport-Siofok_Somogy_County_Southern_Transdanubia.html, /Attractions-g274908-Activities-Siofok_Somogy_County_Southern_Transdanubia.html
Escape Game Siofok, 3.5, Fun & Games, /Attraction_Review-g274908-d8379708-Reviews-Escape_Game_Siofok-Siofok_Somogy_County_Southern_Transdanubia.html, /Attractions-g274908-Activities-Siofok_Somogy_County_Southern_Transdanubia.html
Hyperjet Balaton, 3.0, Boat Tours & Water Sports, /Attraction_Review-g274908-d18838578-Reviews-Hyperjet_Balaton-Siofok_Somogy_County_Southern_Transdanubia.html, /Attractions-g274908-Activities-Siofok_Somogy_County_Southern_Transdanubia.html
Fordított Ház, 3.0, Sights & Landmarks, /Attraction_Review-g274908-d21199118-Reviews-Forditott_Haz-Siofok_Somogy_County_Southern_Transdanubia.html, /Attractions-g274908-Activities-Siofok_Somogy_County_Southern_Transdanubia.html
Palace Dance Club, 3.5, Nightlife, /Attraction_Review-g274908-d6428869-Reviews-Palace_Dance_Club-Siofok_Somogy_County_Southern_Transdanubia.html, /Attractions-g274908-Activities-Siofok_Somogy_County_Southern_Transdanubia.html
SIÓFOK TAXI, 4.0, Tours, /Attraction_Review-g274908-d8818345-Reviews-SIOFOK_TAXI-Siofok_Somogy_County_Southern_Transdanubia.html, /Attractions-g274908-Activities-Siofok_Somogy_County_Southern_Transdanubia.html
Cseles Kelepce Escape Room, 1.0, Fun & Games, /Attraction_Review-g274908-d17476653-Reviews-Cseles_Kelepce_Escape_Room-Siofok_Somogy_County_Southern_Transdanubia.html, /Attractions-g274908-Activities-Siofok_Somogy_County_Southern_Transdanubia.html
T Flotta, 2.0, Boat Tours & Water Sports, /Attraction_Review-g274908-d12520527-Reviews-T_Flotta-Siofok_Somogy_County_Southern_Transdanubia.html, /Attractions-g274908-Activities-Siofok_Somogy_County_Southern_Transdanubia.html
FLÖRT - The Club, None, Nightlife, /Attraction_Review-g274908-d10767510-Reviews-FLORT_The_Club-Siofok_Somogy_County_Southern_Transdanubia.html, /Attractions-g274908-Activities-Siofok_Somogy_County_Southern_Transdanubia.html
Taxi Siofok Info, None, Tours, /Attraction_Review-g274908-d12131244-Reviews-Taxi_Siofok_Info-Siofok_Somogy_County_Southern_Transdanubia.html, /Attractions-g274908-Activities-Siofok_Somogy_County_Southern_Transdanubia.html
Szent Istvan kiraly Chapel, None, Sights & Landmarks, /Attraction_Review-g274908-d12937824-Reviews-Szent_Istvan_kiraly_Chapel-Siofok_Somogy_County_Southern_Transdanubia.html, /Attractions-g274908-Activities-Siofok_Somogy_County_Southern_Transdanubia.html
Mineral Muzeum, None, Tours, /Attraction_Review-g274908-d19883843-Reviews-Mineral_Muzeum-Siofok_Somogy_County_Southern_Transdanubia.html, /Attractions-g274908-Activities-Siofok_Somogy_County_Southern_Transdanubia.html
