attraction_name, attraction_rate, attraction_type, attraction_url, attraction_parent_url
Lombkorona sétány, 4.0, Nature & Parks, /Attraction_Review-g1599529-d10763394-Reviews-Lombkorona_setany-Mako_Southern_Great_Plain.html, /Attractions-g1599529-Activities-Mako_Southern_Great_Plain.html
Hagymahaz, 4.5, Sights & Landmarks, /Attraction_Review-g1599529-d13112140-Reviews-Hagymahaz-Mako_Southern_Great_Plain.html, /Attractions-g1599529-Activities-Mako_Southern_Great_Plain.html
Hagymatikum Thermal Bath, 4.5, Spas & Wellness, /Attraction_Review-g1599529-d3574998-Reviews-Hagymatikum_Thermal_Bath-Mako_Southern_Great_Plain.html, /Attractions-g1599529-Activities-Mako_Southern_Great_Plain.html
Maros Adventure Bank, 4.0, Tours, /Attraction_Review-g1599529-d10771792-Reviews-Maros_Adventure_Bank-Mako_Southern_Great_Plain.html, /Attractions-g1599529-Activities-Mako_Southern_Great_Plain.html
Mako Museum, None, Museums, /Attraction_Review-g1599529-d14946555-Reviews-Mako_Museum-Mako_Southern_Great_Plain.html, /Attractions-g1599529-Activities-Mako_Southern_Great_Plain.html
