attraction_name, attraction_rate, attraction_type, attraction_url, attraction_parent_url
Viragfurdo Kaposvar, 4.5, Water & Amusement Parks, /Attraction_Review-g1096170-d8442094-Reviews-Viragfurdo_Kaposvar-Kaposvar_Somogy_County_Southern_Transdanubia.html, /Attractions-g1096170-Activities-Kaposvar_Somogy_County_Southern_Transdanubia.html
Rippl-Ronai Museum, 4.5, Museums, /Attraction_Review-g1096170-d10225567-Reviews-Rippl_Ronai_Museum-Kaposvar_Somogy_County_Southern_Transdanubia.html, /Attractions-g1096170-Activities-Kaposvar_Somogy_County_Southern_Transdanubia.html
Erdok Haza Latogatokozpont, 5.0, Traveller Resources, /Attraction_Review-g1096170-d13949255-Reviews-Erdok_Haza_Latogatokozpont-Kaposvar_Somogy_County_Southern_Transdanubia.html, /Attractions-g1096170-Activities-Kaposvar_Somogy_County_Southern_Transdanubia.html
Our Lady of the Assumption Cathedral, 4.0, Sights & Landmarks, /Attraction_Review-g1096170-d12895832-Reviews-Our_Lady_of_the_Assumption_Cathedral-Kaposvar_Somogy_County_Southern_Transdanub.html, /Attractions-g1096170-Activities-Kaposvar_Somogy_County_Southern_Transdanubia.html
Kaposvar Plaza, 3.5, Shopping, /Attraction_Review-g1096170-d7856367-Reviews-Kaposvar_Plaza-Kaposvar_Somogy_County_Southern_Transdanubia.html, /Attractions-g1096170-Activities-Kaposvar_Somogy_County_Southern_Transdanubia.html
István Fekete Visitor Center Deseda, 5.0, Traveller Resources, /Attraction_Review-g1096170-d17394807-Reviews-Istvan_Fekete_Visitor_Center_Deseda-Kaposvar_Somogy_County_Southern_Transdanubi.html, /Attractions-g1096170-Activities-Kaposvar_Somogy_County_Southern_Transdanubia.html
Dark Sky Park, 4.5, Nature & Parks, /Attraction_Review-g1096170-d6418366-Reviews-Dark_Sky_Park-Kaposvar_Somogy_County_Southern_Transdanubia.html, /Attractions-g1096170-Activities-Kaposvar_Somogy_County_Southern_Transdanubia.html
Rippl-Ronai Jozsef Szobra, 5.0, Sights & Landmarks, /Attraction_Review-g1096170-d19923764-Reviews-Rippl_Ronai_Jozsef_Szobra-Kaposvar_Somogy_County_Southern_Transdanubia.html, /Attractions-g1096170-Activities-Kaposvar_Somogy_County_Southern_Transdanubia.html
Florentin Statue, 5.0, Sights & Landmarks, /Attraction_Review-g1096170-d20375039-Reviews-Florentin_Statue-Kaposvar_Somogy_County_Southern_Transdanubia.html, /Attractions-g1096170-Activities-Kaposvar_Somogy_County_Southern_Transdanubia.html
Statue of St. John of Nepomuk, 5.0, Sights & Landmarks, /Attraction_Review-g1096170-d20375092-Reviews-Statue_of_St_John_of_Nepomuk-Kaposvar_Somogy_County_Southern_Transdanubia.html, /Attractions-g1096170-Activities-Kaposvar_Somogy_County_Southern_Transdanubia.html
Tourinform Kaposvar, 5.0, Traveller Resources, /Attraction_Review-g1096170-d20375098-Reviews-Tourinform_Kaposvar-Kaposvar_Somogy_County_Southern_Transdanubia.html, /Attractions-g1096170-Activities-Kaposvar_Somogy_County_Southern_Transdanubia.html
Varoshaza, 5.0, Sights & Landmarks, /Attraction_Review-g1096170-d20375134-Reviews-Varoshaza-Kaposvar_Somogy_County_Southern_Transdanubia.html, /Attractions-g1096170-Activities-Kaposvar_Somogy_County_Southern_Transdanubia.html
Rainbow Palace of Culture, 5.0, Concerts & Shows, /Attraction_Review-g1096170-d20375042-Reviews-Rainbow_Palace_of_Culture-Kaposvar_Somogy_County_Southern_Transdanubia.html, /Attractions-g1096170-Activities-Kaposvar_Somogy_County_Southern_Transdanubia.html
Rippl-Ronai park, 5.0, Nature & Parks, /Attraction_Review-g1096170-d20364838-Reviews-Rippl_Ronai_park-Kaposvar_Somogy_County_Southern_Transdanubia.html, /Attractions-g1096170-Activities-Kaposvar_Somogy_County_Southern_Transdanubia.html
Zsolnay Fountain, 5.0, Sights & Landmarks, /Attraction_Review-g1096170-d20372308-Reviews-Zsolnay_Fountain-Kaposvar_Somogy_County_Southern_Transdanubia.html, /Attractions-g1096170-Activities-Kaposvar_Somogy_County_Southern_Transdanubia.html
Csiky Gergely Theater, 5.0, Concerts & Shows, /Attraction_Review-g1096170-d20372949-Reviews-Csiky_Gergely_Theater-Kaposvar_Somogy_County_Southern_Transdanubia.html, /Attractions-g1096170-Activities-Kaposvar_Somogy_County_Southern_Transdanubia.html
Fusion Leisure Center, 4.0, Fun & Games, /Attraction_Review-g1096170-d10198309-Reviews-Fusion_Leisure_Center-Kaposvar_Somogy_County_Southern_Transdanubia.html, /Attractions-g1096170-Activities-Kaposvar_Somogy_County_Southern_Transdanubia.html
