attraction_name, attraction_rate, attraction_type, attraction_url, attraction_parent_url
House of Culture, 5.0, Sights & Landmarks, /Attraction_Review-g19769734-d20805655-Reviews-House_of_Culture-Hajduhadhaz_Hajdu_Bihar_County_Northern_Great_Plain.html, /Attractions-g19769734-Activities-Hajduhadhaz_Hajdu_Bihar_County_Northern_Great_Plain.html
Polgarmesteri Hivatal, 5.0, Sights & Landmarks, /Attraction_Review-g19769734-d20805652-Reviews-Polgarmesteri_Hivatal-Hajduhadhaz_Hajdu_Bihar_County_Northern_Great_Plain.html, /Attractions-g19769734-Activities-Hajduhadhaz_Hajdu_Bihar_County_Northern_Great_Plain.html
Hajduhadhazi reformatus egyhazkozseg, 5.0, Sights & Landmarks, /Attraction_Review-g19769734-d20471535-Reviews-Hajduhadhazi_reformatus_egyhazkozseg-Hajduhadhaz_Hajdu_Bihar_County_Northern_G.html, /Attractions-g19769734-Activities-Hajduhadhaz_Hajdu_Bihar_County_Northern_Great_Plain.html
Hajduhadhazi Reformatus Templom, None, Sights & Landmarks, /Attraction_Review-g19769734-d19769738-Reviews-Hajduhadhazi_Reformatus_Templom-Hajduhadhaz_Hajdu_Bihar_County_Northern_Great_.html, /Attractions-g19769734-Activities-Hajduhadhaz_Hajdu_Bihar_County_Northern_Great_Plain.html
