attraction_name, attraction_rate, attraction_type, attraction_url, attraction_parent_url
Kinizsi Castle, 4.0, Museums, /Attraction_Review-g7122996-d10338879-Reviews-Kinizsi_Castle-Nagyvazsony_Veszprem_County_Central_Transdanubia.html, /Attractions-g7122996-Activities-Nagyvazsony_Veszprem_County_Central_Transdanubia.html
Ruins of the Pauline Monastery, 4.5, Sights & Landmarks, /Attraction_Review-g7122996-d12503140-Reviews-Ruins_of_the_Pauline_Monastery-Nagyvazsony_Veszprem_County_Central_Transdanubia.html, /Attractions-g7122996-Activities-Nagyvazsony_Veszprem_County_Central_Transdanubia.html
Kab Mountain Lookout Tower, 3.5, Sights & Landmarks, /Attraction_Review-g7122996-d17767703-Reviews-Kab_Mountain_Lookout_Tower-Nagyvazsony_Veszprem_County_Central_Transdanubia.html, /Attractions-g7122996-Activities-Nagyvazsony_Veszprem_County_Central_Transdanubia.html
Postamuzeum, 4.5, Museums, /Attraction_Review-g7122996-d7908967-Reviews-Postamuzeum-Nagyvazsony_Veszprem_County_Central_Transdanubia.html, /Attractions-g7122996-Activities-Nagyvazsony_Veszprem_County_Central_Transdanubia.html
