attraction_name, attraction_rate, attraction_type, attraction_url, attraction_parent_url
Vastuskós House, 4.0, Sights & Landmarks, /Attraction_Review-g274893-d13824707-Reviews-Vastuskos_House-Gyor_Gyor_Moson_Sopron_County_Central_Transdanubia.html, /Attractions-g274893-Activities-Gyor_Gyor_Moson_Sopron_County_Central_Transdanubia.html
Vasilescu Collection, 5.0, Museums, /Attraction_Review-g274893-d10116125-Reviews-Vasilescu_Collection-Gyor_Gyor_Moson_Sopron_County_Central_Transdanubia.html, /Attractions-g274893-Activities-Gyor_Gyor_Moson_Sopron_County_Central_Transdanubia.html
Radnai Collection, 4.0, Museums, /Attraction_Review-g274893-d10116082-Reviews-Radnai_Collection-Gyor_Gyor_Moson_Sopron_County_Central_Transdanubia.html, /Attractions-g274893-Activities-Gyor_Gyor_Moson_Sopron_County_Central_Transdanubia.html
Galgóczi Erzsébet Memorial Room, 3.0, Museums, /Attraction_Review-g274893-d11761450-Reviews-Galgoczi_Erzsebet_Memorial_Room-Gyor_Gyor_Moson_Sopron_County_Central_Transdanub.html, /Attractions-g274893-Activities-Gyor_Gyor_Moson_Sopron_County_Central_Transdanubia.html
Castle casemates – Lapidarium, None, Museums, /Attraction_Review-g274893-d13824581-Reviews-Castle_casemates_Lapidarium-Gyor_Gyor_Moson_Sopron_County_Central_Transdanubia.html, /Attractions-g274893-Activities-Gyor_Gyor_Moson_Sopron_County_Central_Transdanubia.html
