attraction_name, attraction_rate, attraction_type, attraction_url, attraction_parent_url
Bory Castle, 4.5, Sights & Landmarks, /Attraction_Review-g274913-d2469670-Reviews-Bory_Castle-Szekesfehervar_Fejer_County_Central_Transdanubia.html, /Attractions-g274913-Activities-Szekesfehervar_Fejer_County_Central_Transdanubia.html
Hetedhet Toy museum, 4.5, Museums, /Attraction_Review-g274913-d4699000-Reviews-Hetedhet_Toy_museum-Szekesfehervar_Fejer_County_Central_Transdanubia.html, /Attractions-g274913-Activities-Szekesfehervar_Fejer_County_Central_Transdanubia.html
Viragora Flowerclock, 4.0, Sights & Landmarks, /Attraction_Review-g274913-d3781057-Reviews-Viragora_Flowerclock-Szekesfehervar_Fejer_County_Central_Transdanubia.html, /Attractions-g274913-Activities-Szekesfehervar_Fejer_County_Central_Transdanubia.html
Orajatek, 5.0, Sights & Landmarks, /Attraction_Review-g274913-d14129561-Reviews-Orajatek-Szekesfehervar_Fejer_County_Central_Transdanubia.html, /Attractions-g274913-Activities-Szekesfehervar_Fejer_County_Central_Transdanubia.html
Sovereign's Orb, 4.5, Sights & Landmarks, /Attraction_Review-g274913-d13559625-Reviews-Sovereign_s_Orb-Szekesfehervar_Fejer_County_Central_Transdanubia.html, /Attractions-g274913-Activities-Szekesfehervar_Fejer_County_Central_Transdanubia.html
Koronázó Square, 4.0, Sights & Landmarks, /Attraction_Review-g274913-d280593-Reviews-Koronazo_Square-Szekesfehervar_Fejer_County_Central_Transdanubia.html, /Attractions-g274913-Activities-Szekesfehervar_Fejer_County_Central_Transdanubia.html
Fő Street, 4.5, Sights & Landmarks, /Attraction_Review-g274913-d13559615-Reviews-Fo_Street-Szekesfehervar_Fejer_County_Central_Transdanubia.html, /Attractions-g274913-Activities-Szekesfehervar_Fejer_County_Central_Transdanubia.html
Black Eagle Chemist's Shop, 4.0, Museums, /Attraction_Review-g274913-d280596-Reviews-Black_Eagle_Chemist_s_Shop-Szekesfehervar_Fejer_County_Central_Transdanubia.html, /Attractions-g274913-Activities-Szekesfehervar_Fejer_County_Central_Transdanubia.html
Városház Square, 5.0, Sights & Landmarks, /Attraction_Review-g274913-d13559603-Reviews-Varoshaz_Square-Szekesfehervar_Fejer_County_Central_Transdanubia.html, /Attractions-g274913-Activities-Szekesfehervar_Fejer_County_Central_Transdanubia.html
Alba Plaza, 4.0, Shopping, /Attraction_Review-g274913-d12502987-Reviews-Alba_Plaza-Szekesfehervar_Fejer_County_Central_Transdanubia.html, /Attractions-g274913-Activities-Szekesfehervar_Fejer_County_Central_Transdanubia.html
King Stephen Museum, 4.0, Museums, /Attraction_Review-g274913-d280592-Reviews-King_Stephen_Museum-Szekesfehervar_Fejer_County_Central_Transdanubia.html, /Attractions-g274913-Activities-Szekesfehervar_Fejer_County_Central_Transdanubia.html
Székesfehérvár - Our Lady - John of Nepomuk Parish Church, 4.5, Sights & Landmarks, /Attraction_Review-g274913-d12956874-Reviews-Szekesfehervar_Our_Lady_John_of_Nepomuk_Parish_Church-Szekesfehervar_Fejer_Count.html, /Attractions-g274913-Activities-Szekesfehervar_Fejer_County_Central_Transdanubia.html
Fertozug Petting Zoo, 5.0, Zoos & Aquariums, /Attraction_Review-g274913-d12833025-Reviews-Fertozug_Petting_Zoo-Szekesfehervar_Fejer_County_Central_Transdanubia.html, /Attractions-g274913-Activities-Szekesfehervar_Fejer_County_Central_Transdanubia.html
Baratsag Mozi, 4.5, Concerts & Shows, /Attraction_Review-g274913-d14791526-Reviews-Baratsag_Mozi-Szekesfehervar_Fejer_County_Central_Transdanubia.html, /Attractions-g274913-Activities-Szekesfehervar_Fejer_County_Central_Transdanubia.html
Museum of the Diocese of Székesfehérvár, 4.0, Museums, /Attraction_Review-g274913-d8803839-Reviews-Museum_of_the_Diocese_of_Szekesfehervar-Szekesfehervar_Fejer_County_Central_Trans.html, /Attractions-g274913-Activities-Szekesfehervar_Fejer_County_Central_Transdanubia.html
Milk Woman Kati Monument, 5.0, Sights & Landmarks, /Attraction_Review-g274913-d19685477-Reviews-Milk_Woman_Kati_Monument-Szekesfehervar_Fejer_County_Central_Transdanubia.html, /Attractions-g274913-Activities-Szekesfehervar_Fejer_County_Central_Transdanubia.html
Serbian Orthodox Church, 4.0, Sights & Landmarks, /Attraction_Review-g274913-d17295185-Reviews-Serbian_Orthodox_Church-Szekesfehervar_Fejer_County_Central_Transdanubia.html, /Attractions-g274913-Activities-Szekesfehervar_Fejer_County_Central_Transdanubia.html
Rozsaliget es a Csitari kut, 4.5, Sights & Landmarks, /Attraction_Review-g274913-d12708590-Reviews-Rozsaliget_es_a_Csitari_kut-Szekesfehervar_Fejer_County_Central_Transdanubia.html, /Attractions-g274913-Activities-Szekesfehervar_Fejer_County_Central_Transdanubia.html
Szent Anna Chapel, 4.5, Sights & Landmarks, /Attraction_Review-g274913-d280595-Reviews-Szent_Anna_Chapel-Szekesfehervar_Fejer_County_Central_Transdanubia.html, /Attractions-g274913-Activities-Szekesfehervar_Fejer_County_Central_Transdanubia.html
Jester Monument, 4.5, Sights & Landmarks, /Attraction_Review-g274913-d19685714-Reviews-Jester_Monument-Szekesfehervar_Fejer_County_Central_Transdanubia.html, /Attractions-g274913-Activities-Szekesfehervar_Fejer_County_Central_Transdanubia.html
Ifjabb Ocskay Gabor Ice Hall, 4.0, Sights & Landmarks, /Attraction_Review-g274913-d13400928-Reviews-Ifjabb_Ocskay_Gabor_Ice_Hall-Szekesfehervar_Fejer_County_Central_Transdanubia.html, /Attractions-g274913-Activities-Szekesfehervar_Fejer_County_Central_Transdanubia.html
Schaár Erzsébet Museum, 5.0, Museums, /Attraction_Review-g274913-d280597-Reviews-Schaar_Erzsebet_Museum-Szekesfehervar_Fejer_County_Central_Transdanubia.html, /Attractions-g274913-Activities-Szekesfehervar_Fejer_County_Central_Transdanubia.html
MOL Arena Sosto, 4.5, Sights & Landmarks, /Attraction_Review-g274913-d19241727-Reviews-MOL_Arena_Sosto-Szekesfehervar_Fejer_County_Central_Transdanubia.html, /Attractions-g274913-Activities-Szekesfehervar_Fejer_County_Central_Transdanubia.html
Kori liget, 4.0, Nature & Parks, /Attraction_Review-g274913-d19653054-Reviews-Kori_liget-Szekesfehervar_Fejer_County_Central_Transdanubia.html, /Attractions-g274913-Activities-Szekesfehervar_Fejer_County_Central_Transdanubia.html
Kiralykut emlekhaz, 4.0, Museums, /Attraction_Review-g274913-d12708600-Reviews-Kiralykut_emlekhaz-Szekesfehervar_Fejer_County_Central_Transdanubia.html, /Attractions-g274913-Activities-Szekesfehervar_Fejer_County_Central_Transdanubia.html
Szent István király Parish Church, 3.5, Sights & Landmarks, /Attraction_Review-g274913-d12895808-Reviews-Szent_Istvan_kiraly_Parish_Church-Szekesfehervar_Fejer_County_Central_Transdanub.html, /Attractions-g274913-Activities-Szekesfehervar_Fejer_County_Central_Transdanubia.html
Árpád Bath, 4.5, Spas & Wellness, /Attraction_Review-g274913-d10080288-Reviews-Arpad_Bath-Szekesfehervar_Fejer_County_Central_Transdanubia.html, /Attractions-g274913-Activities-Szekesfehervar_Fejer_County_Central_Transdanubia.html
Gokart Fehérvár, 5.0, Fun & Games, /Attraction_Review-g274913-d10078638-Reviews-Gokart_Fehervar-Szekesfehervar_Fejer_County_Central_Transdanubia.html, /Attractions-g274913-Activities-Szekesfehervar_Fejer_County_Central_Transdanubia.html
Hubris Sorfozde, 5.0, Food & Drink, /Attraction_Review-g274913-d20328869-Reviews-Hubris_Sorfozde-Szekesfehervar_Fejer_County_Central_Transdanubia.html, /Attractions-g274913-Activities-Szekesfehervar_Fejer_County_Central_Transdanubia.html
Lugossy's Bell, 3.0, Sights & Landmarks, /Attraction_Review-g274913-d19920278-Reviews-Lugossy_s_Bell-Szekesfehervar_Fejer_County_Central_Transdanubia.html, /Attractions-g274913-Activities-Szekesfehervar_Fejer_County_Central_Transdanubia.html
