attraction_name, attraction_rate, attraction_type, attraction_url, attraction_parent_url
Sarvar Arboretum, 4.5, Nature & Parks, /Attraction_Review-g274907-d7291550-Reviews-Sarvar_Arboretum-Sarvar_Vas_County_Western_Transdanubia.html, /Attractions-g274907-Activities-Sarvar_Vas_County_Western_Transdanubia.html
Nádasdy Ferenc Museum, 4.0, Museums, /Attraction_Review-g274907-d1906705-Reviews-Nadasdy_Ferenc_Museum-Sarvar_Vas_County_Western_Transdanubia.html, /Attractions-g274907-Activities-Sarvar_Vas_County_Western_Transdanubia.html
Boating Lake, 4.5, Nature & Parks, /Attraction_Review-g274907-d12827417-Reviews-Boating_Lake-Sarvar_Vas_County_Western_Transdanubia.html, /Attractions-g274907-Activities-Sarvar_Vas_County_Western_Transdanubia.html
Szent Laszlo Parish Church, 4.0, Sights & Landmarks, /Attraction_Review-g274907-d12971830-Reviews-Szent_Laszlo_Parish_Church-Sarvar_Vas_County_Western_Transdanubia.html, /Attractions-g274907-Activities-Sarvar_Vas_County_Western_Transdanubia.html
Gyogy- es Wellnessfurdo Sarvar, 4.0, Spas & Wellness, /Attraction_Review-g274907-d5996720-Reviews-Gyogy_es_Wellnessfurdo_Sarvar-Sarvar_Vas_County_Western_Transdanubia.html, /Attractions-g274907-Activities-Sarvar_Vas_County_Western_Transdanubia.html
Sihu, 4.0, Tours, /Attraction_Review-g274907-d12886007-Reviews-Sihu-Sarvar_Vas_County_Western_Transdanubia.html, /Attractions-g274907-Activities-Sarvar_Vas_County_Western_Transdanubia.html
Musical Fountain, 5.0, Sights & Landmarks, /Attraction_Review-g274907-d21348836-Reviews-Musical_Fountain-Sarvar_Vas_County_Western_Transdanubia.html, /Attractions-g274907-Activities-Sarvar_Vas_County_Western_Transdanubia.html
Sarvari kalandpark, 4.0, Tours, /Attraction_Review-g274907-d14121984-Reviews-Sarvari_kalandpark-Sarvar_Vas_County_Western_Transdanubia.html, /Attractions-g274907-Activities-Sarvar_Vas_County_Western_Transdanubia.html
