attraction_name, attraction_rate, attraction_type, attraction_url, attraction_parent_url
Biopiac - Farmer's market, 4.0, Food & Drink, /Attraction_Review-g274887-d17388045-Reviews-Biopiac_Farmer_s_market-Budapest_Central_Hungary.html, /Attractions-g274887-Activities-Budapest_Central_Hungary.html
Csonka Janos Emlekmuzeum, 5.0, Museums, /Attraction_Review-g274887-d11621458-Reviews-Csonka_Janos_Emlekmuzeum-Budapest_Central_Hungary.html, /Attractions-g274887-Activities-Budapest_Central_Hungary.html
Reformed church of Óbuda, 4.0, Sights & Landmarks, /Attraction_Review-g274887-d13400799-Reviews-Reformed_church_of_Obuda-Budapest_Central_Hungary.html, /Attractions-g274887-Activities-Budapest_Central_Hungary.html
Ábrahám Ganz Foundry Collection, 5.0, Museums, /Attraction_Review-g274887-d13455576-Reviews-Abraham_Ganz_Foundry_Collection-Budapest_Central_Hungary.html, /Attractions-g274887-Activities-Budapest_Central_Hungary.html
Legenda Bowling Club, 4.5, Food & Drink, /Attraction_Review-g274887-d13128826-Reviews-Legenda_Bowling_Club-Budapest_Central_Hungary.html, /Attractions-g274887-Activities-Budapest_Central_Hungary.html
Faur Zsofi Gallery, 4.0, Museums, /Attraction_Review-g274887-d11865950-Reviews-Faur_Zsofi_Gallery-Budapest_Central_Hungary.html, /Attractions-g274887-Activities-Budapest_Central_Hungary.html
Garmada, 2.0, Shopping, /Attraction_Review-g274887-d8022464-Reviews-Garmada-Budapest_Central_Hungary.html, /Attractions-g274887-Activities-Budapest_Central_Hungary.html
The Agronomist statue, 3.5, Sights & Landmarks, /Attraction_Review-g274887-d13962813-Reviews-The_Agronomist_statue-Budapest_Central_Hungary.html, /Attractions-g274887-Activities-Budapest_Central_Hungary.html
TOBE Gallery, 4.0, Museums, /Attraction_Review-g274887-d13221270-Reviews-TOBE_Gallery-Budapest_Central_Hungary.html, /Attractions-g274887-Activities-Budapest_Central_Hungary.html
Railway Centennial Memorandum, 4.0, Sights & Landmarks, /Attraction_Review-g274887-d13962769-Reviews-Railway_Centennial_Memorandum-Budapest_Central_Hungary.html, /Attractions-g274887-Activities-Budapest_Central_Hungary.html
Török-Bankház Building, 3.5, Sights & Landmarks, /Attraction_Review-g274887-d12374812-Reviews-Torok_Bankhaz_Building-Budapest_Central_Hungary.html, /Attractions-g274887-Activities-Budapest_Central_Hungary.html
Queen of the Rosary Church, 3.0, Sights & Landmarks, /Attraction_Review-g274887-d17391940-Reviews-Queen_of_the_Rosary_Church-Budapest_Central_Hungary.html, /Attractions-g274887-Activities-Budapest_Central_Hungary.html
Ferenc Deak Statue, 3.5, Sights & Landmarks, /Attraction_Review-g274887-d19760358-Reviews-Ferenc_Deak_Statue-Budapest_Central_Hungary.html, /Attractions-g274887-Activities-Budapest_Central_Hungary.html
TRIP, 4.0, Concerts & Shows, /Attraction_Review-g274887-d18503083-Reviews-TRIP-Budapest_Central_Hungary.html, /Attractions-g274887-Activities-Budapest_Central_Hungary.html
Kaszas ferfi, 3.5, Sights & Landmarks, /Attraction_Review-g274887-d13962827-Reviews-Kaszas_ferfi-Budapest_Central_Hungary.html, /Attractions-g274887-Activities-Budapest_Central_Hungary.html
Lutheran Museum, 3.0, Museums, /Attraction_Review-g274887-d13864124-Reviews-Lutheran_Museum-Budapest_Central_Hungary.html, /Attractions-g274887-Activities-Budapest_Central_Hungary.html
Ady Emlekmuzeum, 4.0, Museums, /Attraction_Review-g274887-d8773604-Reviews-Ady_Emlekmuzeum-Budapest_Central_Hungary.html, /Attractions-g274887-Activities-Budapest_Central_Hungary.html
Dominican Convent, 3.0, Sights & Landmarks, /Attraction_Review-g274887-d17413677-Reviews-Dominican_Convent-Budapest_Central_Hungary.html, /Attractions-g274887-Activities-Budapest_Central_Hungary.html
Castle Hill, 4.0, Sights & Landmarks, /Attraction_Review-g274887-d18779830-Reviews-Castle_Hill-Budapest_Central_Hungary.html, /Attractions-g274887-Activities-Budapest_Central_Hungary.html
Jozsef Nador Square, 4.5, Sights & Landmarks, /Attraction_Review-g274887-d20125808-Reviews-Jozsef_Nador_Square-Budapest_Central_Hungary.html, /Attractions-g274887-Activities-Budapest_Central_Hungary.html
Statue of Ferenc Kolcsey, 3.0, Sights & Landmarks, /Attraction_Review-g274887-d13939878-Reviews-Statue_of_Ferenc_Kolcsey-Budapest_Central_Hungary.html, /Attractions-g274887-Activities-Budapest_Central_Hungary.html
FMH Cultural House (Szakszervezetek Fovarosi Muvelodesi Haz), 4.0, Concerts & Shows, /Attraction_Review-g274887-d607562-Reviews-FMH_Cultural_House_Szakszervezetek_Fovarosi_Muvelodesi_Haz-Budapest_Central_Hungar.html, /Attractions-g274887-Activities-Budapest_Central_Hungary.html
Taban Helytorteneti Kiallitas Es Dokumentacios Kozpont Budapest, 3.0, Museums, /Attraction_Review-g274887-d19298645-Reviews-Taban_Helytorteneti_Kiallitas_Es_Dokumentacios_Kozpont_Budapest-Budapest_Central.html, /Attractions-g274887-Activities-Budapest_Central_Hungary.html
Memorial to the second transylvanian hussars, 3.0, Sights & Landmarks, /Attraction_Review-g274887-d13970877-Reviews-Memorial_to_the_second_transylvanian_hussars-Budapest_Central_Hungary.html, /Attractions-g274887-Activities-Budapest_Central_Hungary.html
Momentan Társulat - Improvisation Theater, 5.0, Concerts & Shows, /Attraction_Review-g274887-d13428040-Reviews-Momentan_Tarsulat_Improvisation_Theater-Budapest_Central_Hungary.html, /Attractions-g274887-Activities-Budapest_Central_Hungary.html
Hiking Theater - Sin Village - Independent Theater Hungary, 5.0, Concerts & Shows, /Attraction_Review-g274887-d4660297-Reviews-Hiking_Theater_Sin_Village_Independent_Theater_Hungary-Budapest_Central_Hungary.html, /Attractions-g274887-Activities-Budapest_Central_Hungary.html
Mementó Szmolenszkért, 3.0, Sights & Landmarks, /Attraction_Review-g274887-d14945344-Reviews-Memento_Szmolenszkert-Budapest_Central_Hungary.html, /Attractions-g274887-Activities-Budapest_Central_Hungary.html
Statue of Pecz Samuel, 3.0, Sights & Landmarks, /Attraction_Review-g274887-d13934132-Reviews-Statue_of_Pecz_Samuel-Budapest_Central_Hungary.html, /Attractions-g274887-Activities-Budapest_Central_Hungary.html
Bartok Bela Unitarius Egyhazkozseg., 3.0, Sights & Landmarks, /Attraction_Review-g274887-d4679171-Reviews-Bartok_Bela_Unitarius_Egyhazkozseg-Budapest_Central_Hungary.html, /Attractions-g274887-Activities-Budapest_Central_Hungary.html
ISBN books+gallery, None, Museums, /Attraction_Review-g274887-d13397178-Reviews-ISBN_books_gallery-Budapest_Central_Hungary.html, /Attractions-g274887-Activities-Budapest_Central_Hungary.html
