attraction_name, attraction_rate, attraction_type, attraction_url, attraction_parent_url
Margit-sziget Water Tower, 4.0, Sights & Landmarks, /Attraction_Review-g274887-d13866857-Reviews-Margit_sziget_Water_Tower-Budapest_Central_Hungary.html, /Attractions-g274887-Activities-Budapest_Central_Hungary.html
Campona, 4.0, Shopping, /Attraction_Review-g274887-d12119158-Reviews-Campona-Budapest_Central_Hungary.html, /Attractions-g274887-Activities-Budapest_Central_Hungary.html
Roosevelt Square, 4.0, Sights & Landmarks, /Attraction_Review-g274887-d276818-Reviews-Roosevelt_Square-Budapest_Central_Hungary.html, /Attractions-g274887-Activities-Budapest_Central_Hungary.html
Memorial to the 1956 Hungarian Revolution and War of Independence, 4.5, Sights & Landmarks, /Attraction_Review-g274887-d7382146-Reviews-Memorial_to_the_1956_Hungarian_Revolution_and_War_of_Independence-Budapest_Centra.html, /Attractions-g274887-Activities-Budapest_Central_Hungary.html
Teresa of Ávila Parish Church, 4.0, Sights & Landmarks, /Attraction_Review-g274887-d12442887-Reviews-Teresa_of_Avila_Parish_Church-Budapest_Central_Hungary.html, /Attractions-g274887-Activities-Budapest_Central_Hungary.html
Zero Kilometre Stone, 3.5, Sights & Landmarks, /Attraction_Review-g274887-d6979478-Reviews-Zero_Kilometre_Stone-Budapest_Central_Hungary.html, /Attractions-g274887-Activities-Budapest_Central_Hungary.html
ÁRKÁD Örs vezér tere, 4.0, Shopping, /Attraction_Review-g274887-d10753637-Reviews-ARKAD_Ors_vezer_tere-Budapest_Central_Hungary.html, /Attractions-g274887-Activities-Budapest_Central_Hungary.html
Madach Theatre, 4.5, Concerts & Shows, /Attraction_Review-g274887-d1951370-Reviews-Madach_Theatre-Budapest_Central_Hungary.html, /Attractions-g274887-Activities-Budapest_Central_Hungary.html
Statue of the Independence War, 4.0, Sights & Landmarks, /Attraction_Review-g274887-d9782478-Reviews-Statue_of_the_Independence_War-Budapest_Central_Hungary.html, /Attractions-g274887-Activities-Budapest_Central_Hungary.html
Dob Street, 4.0, Sights & Landmarks, /Attraction_Review-g274887-d12432041-Reviews-Dob_Street-Budapest_Central_Hungary.html, /Attractions-g274887-Activities-Budapest_Central_Hungary.html
Ferenc Puskas Statue, 4.0, Sights & Landmarks, /Attraction_Review-g274887-d8597861-Reviews-Ferenc_Puskas_Statue-Budapest_Central_Hungary.html, /Attractions-g274887-Activities-Budapest_Central_Hungary.html
Eventuell Gallery, 5.0, Museums, /Attraction_Review-g274887-d3732151-Reviews-Eventuell_Gallery-Budapest_Central_Hungary.html, /Attractions-g274887-Activities-Budapest_Central_Hungary.html
The statue of the Great Ho-ho-ho Horgasz's Chief Worm, 4.5, Sights & Landmarks, /Attraction_Review-g274887-d12358802-Reviews-The_statue_of_the_Great_Ho_ho_ho_Horgasz_s_Chief_Worm-Budapest_Central_Hungary.html, /Attractions-g274887-Activities-Budapest_Central_Hungary.html
Sas Hill Nature Reserve, 4.5, Nature & Parks, /Attraction_Review-g274887-d1553341-Reviews-Sas_Hill_Nature_Reserve-Budapest_Central_Hungary.html, /Attractions-g274887-Activities-Budapest_Central_Hungary.html
Budai Zsibvásár, 4.0, Shopping, /Attraction_Review-g274887-d10470555-Reviews-Budai_Zsibvasar-Budapest_Central_Hungary.html, /Attractions-g274887-Activities-Budapest_Central_Hungary.html
The Tree of Life, 4.5, Sights & Landmarks, /Attraction_Review-g274887-d15813528-Reviews-The_Tree_of_Life-Budapest_Central_Hungary.html, /Attractions-g274887-Activities-Budapest_Central_Hungary.html
Hármashatárhegy, 4.0, Nature & Parks, /Attraction_Review-g274887-d7906768-Reviews-Harmashatarhegy-Budapest_Central_Hungary.html, /Attractions-g274887-Activities-Budapest_Central_Hungary.html
LAJTA Monitor Museum Boat, 4.0, Museums, /Attraction_Review-g274887-d13818578-Reviews-LAJTA_Monitor_Museum_Boat-Budapest_Central_Hungary.html, /Attractions-g274887-Activities-Budapest_Central_Hungary.html
Roman Beach, 4.5, Nature & Parks, /Attraction_Review-g274887-d11667427-Reviews-Roman_Beach-Budapest_Central_Hungary.html, /Attractions-g274887-Activities-Budapest_Central_Hungary.html
Hungarian Electrotechnical Museum, 4.0, Museums, /Attraction_Review-g274887-d12493584-Reviews-Hungarian_Electrotechnical_Museum-Budapest_Central_Hungary.html, /Attractions-g274887-Activities-Budapest_Central_Hungary.html
Duna Arena, 4.5, Sights & Landmarks, /Attraction_Review-g274887-d12707714-Reviews-Duna_Arena-Budapest_Central_Hungary.html, /Attractions-g274887-Activities-Budapest_Central_Hungary.html
Buda Castle Tunnel, 3.5, Sights & Landmarks, /Attraction_Review-g274887-d13967235-Reviews-Buda_Castle_Tunnel-Budapest_Central_Hungary.html, /Attractions-g274887-Activities-Budapest_Central_Hungary.html
Sacred Heart Catholic Church, 4.0, Sights & Landmarks, /Attraction_Review-g274887-d8807400-Reviews-Sacred_Heart_Catholic_Church-Budapest_Central_Hungary.html, /Attractions-g274887-Activities-Budapest_Central_Hungary.html
Budapest Puppet Theater, 4.5, Concerts & Shows, /Attraction_Review-g274887-d2665487-Reviews-Budapest_Puppet_Theater-Budapest_Central_Hungary.html, /Attractions-g274887-Activities-Budapest_Central_Hungary.html
Stock Exchange Palace, 4.5, Sights & Landmarks, /Attraction_Review-g274887-d6940680-Reviews-Stock_Exchange_Palace-Budapest_Central_Hungary.html, /Attractions-g274887-Activities-Budapest_Central_Hungary.html
Becsi Kapu Square, 4.0, Sights & Landmarks, /Attraction_Review-g274887-d6534637-Reviews-Becsi_Kapu_Square-Budapest_Central_Hungary.html, /Attractions-g274887-Activities-Budapest_Central_Hungary.html
Jaki Chapel, 3.5, Sights & Landmarks, /Attraction_Review-g274887-d13866640-Reviews-Jaki_Chapel-Budapest_Central_Hungary.html, /Attractions-g274887-Activities-Budapest_Central_Hungary.html
Torley Pezsgopinceszet, 4.5, Food & Drink, /Attraction_Review-g274887-d7610650-Reviews-Torley_Pezsgopinceszet-Budapest_Central_Hungary.html, /Attractions-g274887-Activities-Budapest_Central_Hungary.html
Hungarian Technical and Transportation Museum, 4.0, Museums, /Attraction_Review-g274887-d279014-Reviews-Hungarian_Technical_and_Transportation_Museum-Budapest_Central_Hungary.html, /Attractions-g274887-Activities-Budapest_Central_Hungary.html
Millenáris, 4.0, Fun & Games, /Attraction_Review-g274887-d10753648-Reviews-Millenaris-Budapest_Central_Hungary.html, /Attractions-g274887-Activities-Budapest_Central_Hungary.html
