attraction_name, attraction_rate, attraction_type, attraction_url, attraction_parent_url
Jászberény Zoo and Botanical Garden, 4.5, Zoos & Aquariums, /Attraction_Review-g4181103-d10753680-Reviews-Jaszbereny_Zoo_and_Botanical_Garden-Jaszbereny_Jasz_Nagykun_Szolnok_County_Nort.html, /Attractions-g4181103-Activities-Jaszbereny_Jasz_Nagykun_Szolnok_County_Northern_Great_Plain.html
Jasz Museum, 4.5, Museums, /Attraction_Review-g4181103-d11881267-Reviews-Jasz_Museum-Jaszbereny_Jasz_Nagykun_Szolnok_County_Northern_Great_Plain.html, /Attractions-g4181103-Activities-Jaszbereny_Jasz_Nagykun_Szolnok_County_Northern_Great_Plain.html
Bezar-Lak, 5.0, Fun & Games, /Attraction_Review-g4181103-d17295183-Reviews-Bezar_Lak-Jaszbereny_Jasz_Nagykun_Szolnok_County_Northern_Great_Plain.html, /Attractions-g4181103-Activities-Jaszbereny_Jasz_Nagykun_Szolnok_County_Northern_Great_Plain.html
Ferences Templom, None, Sights & Landmarks, /Attraction_Review-g4181103-d21288042-Reviews-Ferences_Templom-Jaszbereny_Jasz_Nagykun_Szolnok_County_Northern_Great_Plain.html, /Attractions-g4181103-Activities-Jaszbereny_Jasz_Nagykun_Szolnok_County_Northern_Great_Plain.html
Our Lady Church, None, Sights & Landmarks, /Attraction_Review-g4181103-d21288021-Reviews-Our_Lady_Church-Jaszbereny_Jasz_Nagykun_Szolnok_County_Northern_Great_Plain.html, /Attractions-g4181103-Activities-Jaszbereny_Jasz_Nagykun_Szolnok_County_Northern_Great_Plain.html
