attraction_name, attraction_rate, attraction_type, attraction_url, attraction_parent_url
Konyari Pinceszet, 5.0, Food & Drink, /Attraction_Review-g1056634-d12672089-Reviews-Konyari_Pinceszet-Balatonlelle_Somogy_County_Southern_Transdanubia.html, /Attractions-g1056634-Activities-Balatonlelle_Somogy_County_Southern_Transdanubia.html
Cseles Kelepce Escape Room, 3.5, Fun & Games, /Attraction_Review-g1056634-d8805000-Reviews-Cseles_Kelepce_Escape_Room-Balatonlelle_Somogy_County_Southern_Transdanubia.html, /Attractions-g1056634-Activities-Balatonlelle_Somogy_County_Southern_Transdanubia.html
Balatonlelle Kertmozi, None, Fun & Games, /Attraction_Review-g1056634-d20935508-Reviews-Balatonlelle_Kertmozi-Balatonlelle_Somogy_County_Southern_Transdanubia.html, /Attractions-g1056634-Activities-Balatonlelle_Somogy_County_Southern_Transdanubia.html
Csilli Choco Bons, None, Food & Drink, /Attraction_Review-g1056634-d19454011-Reviews-Csilli_Choco_Bons-Balatonlelle_Somogy_County_Southern_Transdanubia.html, /Attractions-g1056634-Activities-Balatonlelle_Somogy_County_Southern_Transdanubia.html
