attraction_name, attraction_rate, attraction_type, attraction_url, attraction_parent_url
Tiszafüred Free Beach, 3.5, Nature & Parks, /Attraction_Review-g1077269-d12792782-Reviews-Tiszafured_Free_Beach-Tiszafured_Jasz_Nagykun_Szolnok_County_Northern_Great_Pla.html, /Attractions-g1077269-Activities-Tiszafured_Jasz_Nagykun_Szolnok_County_Northern_Great_Plain.html
Tisza-tavi Bike Center, 4.5, Outdoor Activities, /Attraction_Review-g1077269-d11445440-Reviews-Tisza_tavi_Bike_Center-Tiszafured_Jasz_Nagykun_Szolnok_County_Northern_Great_Pl.html, /Attractions-g1077269-Activities-Tiszafured_Jasz_Nagykun_Szolnok_County_Northern_Great_Plain.html
Szabics port and Szabadidőpart, 5.0, Boat Tours & Water Sports, /Attraction_Review-g1077269-d14765886-Reviews-Szabics_port_and_Szabadidopart-Tiszafured_Jasz_Nagykun_Szolnok_County_Northern_.html, /Attractions-g1077269-Activities-Tiszafured_Jasz_Nagykun_Szolnok_County_Northern_Great_Plain.html
Chili Outdoors, 5.0, Boat Tours & Water Sports, /Attraction_Review-g1077269-d17373369-Reviews-Chili_Outdoors-Tiszafured_Jasz_Nagykun_Szolnok_County_Northern_Great_Plain.html, /Attractions-g1077269-Activities-Tiszafured_Jasz_Nagykun_Szolnok_County_Northern_Great_Plain.html
Horgász Centrum, 5.0, Boat Tours & Water Sports, /Attraction_Review-g1077269-d21232383-Reviews-Horgasz_Centrum-Tiszafured_Jasz_Nagykun_Szolnok_County_Northern_Great_Plain.html, /Attractions-g1077269-Activities-Tiszafured_Jasz_Nagykun_Szolnok_County_Northern_Great_Plain.html
Gulyás Imre, 5.0, Boat Tours & Water Sports, /Attraction_Review-g1077269-d17559300-Reviews-Gulyas_Imre-Tiszafured_Jasz_Nagykun_Szolnok_County_Northern_Great_Plain.html, /Attractions-g1077269-Activities-Tiszafured_Jasz_Nagykun_Szolnok_County_Northern_Great_Plain.html
SNOW Water Tour booking, None, Boat Tours & Water Sports, /Attraction_Review-g1077269-d17339172-Reviews-SNOW_Water_Tour_booking-Tiszafured_Jasz_Nagykun_Szolnok_County_Northern_Great_P.html, /Attractions-g1077269-Activities-Tiszafured_Jasz_Nagykun_Szolnok_County_Northern_Great_Plain.html
