attraction_name, attraction_rate, attraction_type, attraction_url, attraction_parent_url
Fényes Education Trail of Tata, 4.5, Nature & Parks, /Attraction_Review-g274917-d9567277-Reviews-Fenyes_Education_Trail_of_Tata-Tata_Komarom_Esztergom_County_Central_Transdanubia.html, /Attractions-g274917-Activities-Tata_Komarom_Esztergom_County_Central_Transdanubia.html
Agostyán Arboretum, 4.5, Nature & Parks, /Attraction_Review-g274917-d10767010-Reviews-Agostyan_Arboretum-Tata_Komarom_Esztergom_County_Central_Transdanubia.html, /Attractions-g274917-Activities-Tata_Komarom_Esztergom_County_Central_Transdanubia.html
Tata Castle, 4.5, Sights & Landmarks, /Attraction_Review-g274917-d17394811-Reviews-Tata_Castle-Tata_Komarom_Esztergom_County_Central_Transdanubia.html, /Attractions-g274917-Activities-Tata_Komarom_Esztergom_County_Central_Transdanubia.html
Kuny Domokos Museum at the Tata Castle, 4.0, Museums, /Attraction_Review-g274917-d8388968-Reviews-Kuny_Domokos_Museum_at_the_Tata_Castle-Tata_Komarom_Esztergom_County_Central_Tran.html, /Attractions-g274917-Activities-Tata_Komarom_Esztergom_County_Central_Transdanubia.html
Derito Lake, 4.5, Nature & Parks, /Attraction_Review-g274917-d12414092-Reviews-Derito_Lake-Tata_Komarom_Esztergom_County_Central_Transdanubia.html, /Attractions-g274917-Activities-Tata_Komarom_Esztergom_County_Central_Transdanubia.html
Hősök tere, 5.0, Sights & Landmarks, /Attraction_Review-g274917-d12954198-Reviews-Hosok_tere-Tata_Komarom_Esztergom_County_Central_Transdanubia.html, /Attractions-g274917-Activities-Tata_Komarom_Esztergom_County_Central_Transdanubia.html
Tatai Fenyes strandfurdo, 4.0, Outdoor Activities, /Attraction_Review-g274917-d14160922-Reviews-Tatai_Fenyes_strandfurdo-Tata_Komarom_Esztergom_County_Central_Transdanubia.html, /Attractions-g274917-Activities-Tata_Komarom_Esztergom_County_Central_Transdanubia.html
Angolkert, 5.0, Nature & Parks, /Attraction_Review-g274917-d17394809-Reviews-Angolkert-Tata_Komarom_Esztergom_County_Central_Transdanubia.html, /Attractions-g274917-Activities-Tata_Komarom_Esztergom_County_Central_Transdanubia.html
Borvár Tata, 5.0, Shopping, /Attraction_Review-g274917-d12971895-Reviews-Borvar_Tata-Tata_Komarom_Esztergom_County_Central_Transdanubia.html, /Attractions-g274917-Activities-Tata_Komarom_Esztergom_County_Central_Transdanubia.html
Old Lake Golf Club, 4.0, Outdoor Activities, /Attraction_Review-g274917-d279726-Reviews-Old_Lake_Golf_Club-Tata_Komarom_Esztergom_County_Central_Transdanubia.html, /Attractions-g274917-Activities-Tata_Komarom_Esztergom_County_Central_Transdanubia.html
Monoszkop Kulturbisztro es Muveszeti Galeria, 5.0, Nightlife, /Attraction_Review-g274917-d11888310-Reviews-Monoszkop_Kulturbisztro_es_Muveszeti_Galeria-Tata_Komarom_Esztergom_County_Centr.html, /Attractions-g274917-Activities-Tata_Komarom_Esztergom_County_Central_Transdanubia.html
Old Lake SUP, 5.0, Boat Tours & Water Sports, /Attraction_Review-g274917-d13397160-Reviews-Old_Lake_SUP-Tata_Komarom_Esztergom_County_Central_Transdanubia.html, /Attractions-g274917-Activities-Tata_Komarom_Esztergom_County_Central_Transdanubia.html
UccaBar, 5.0, Nightlife, /Attraction_Review-g274917-d17413681-Reviews-UccaBar-Tata_Komarom_Esztergom_County_Central_Transdanubia.html, /Attractions-g274917-Activities-Tata_Komarom_Esztergom_County_Central_Transdanubia.html
Barkaland Play House, 5.0, Fun & Games, /Attraction_Review-g274917-d12311551-Reviews-Barkaland_Play_House-Tata_Komarom_Esztergom_County_Central_Transdanubia.html, /Attractions-g274917-Activities-Tata_Komarom_Esztergom_County_Central_Transdanubia.html
HappyTours, 5.0, Tours, /Attraction_Review-g274917-d12520532-Reviews-HappyTours-Tata_Komarom_Esztergom_County_Central_Transdanubia.html, /Attractions-g274917-Activities-Tata_Komarom_Esztergom_County_Central_Transdanubia.html
Cseke-to, 5.0, Sights & Landmarks, /Attraction_Review-g274917-d21338511-Reviews-Cseke_to-Tata_Komarom_Esztergom_County_Central_Transdanubia.html, /Attractions-g274917-Activities-Tata_Komarom_Esztergom_County_Central_Transdanubia.html
Tatai Oreg To, 4.0, Tours, /Attraction_Review-g274917-d21338499-Reviews-Tatai_Oreg_To-Tata_Komarom_Esztergom_County_Central_Transdanubia.html, /Attractions-g274917-Activities-Tata_Komarom_Esztergom_County_Central_Transdanubia.html
Happy Train, 3.5, Tours, /Attraction_Review-g274917-d11445110-Reviews-Happy_Train-Tata_Komarom_Esztergom_County_Central_Transdanubia.html, /Attractions-g274917-Activities-Tata_Komarom_Esztergom_County_Central_Transdanubia.html
Explora Kaland Escape Game, 4.0, Fun & Games, /Attraction_Review-g274917-d10500753-Reviews-Explora_Kaland_Escape_Game-Tata_Komarom_Esztergom_County_Central_Transdanubia.html, /Attractions-g274917-Activities-Tata_Komarom_Esztergom_County_Central_Transdanubia.html
Zsigmond Terasz &amp; Pince, 4.5, Nightlife, /Attraction_Review-g274917-d20160656-Reviews-Zsigmond_Terasz_Pince-Tata_Komarom_Esztergom_County_Central_Transdanubia.html, /Attractions-g274917-Activities-Tata_Komarom_Esztergom_County_Central_Transdanubia.html
A Hordó, None, Nightlife, /Attraction_Review-g274917-d20990394-Reviews-A_Hordo-Tata_Komarom_Esztergom_County_Central_Transdanubia.html, /Attractions-g274917-Activities-Tata_Komarom_Esztergom_County_Central_Transdanubia.html
Öreg-tavi Adventure Castle, None, Fun & Games, /Attraction_Review-g274917-d10771966-Reviews-Oreg_tavi_Adventure_Castle-Tata_Komarom_Esztergom_County_Central_Transdanubia.html, /Attractions-g274917-Activities-Tata_Komarom_Esztergom_County_Central_Transdanubia.html
Cifra Water Mill, None, Sights & Landmarks, /Attraction_Review-g274917-d13620314-Reviews-Cifra_Water_Mill-Tata_Komarom_Esztergom_County_Central_Transdanubia.html, /Attractions-g274917-Activities-Tata_Komarom_Esztergom_County_Central_Transdanubia.html
Szent Kereszt Parish Church, None, Sights & Landmarks, /Attraction_Review-g274917-d13620323-Reviews-Szent_Kereszt_Parish_Church-Tata_Komarom_Esztergom_County_Central_Transdanubia.html, /Attractions-g274917-Activities-Tata_Komarom_Esztergom_County_Central_Transdanubia.html
Malom, None, Sights & Landmarks, /Attraction_Review-g274917-d21105621-Reviews-Malom-Tata_Komarom_Esztergom_County_Central_Transdanubia.html, /Attractions-g274917-Activities-Tata_Komarom_Esztergom_County_Central_Transdanubia.html
Borhalo Tata, None, Shopping, /Attraction_Review-g274917-d19456883-Reviews-Borhalo_Tata-Tata_Komarom_Esztergom_County_Central_Transdanubia.html, /Attractions-g274917-Activities-Tata_Komarom_Esztergom_County_Central_Transdanubia.html
