attraction_name, attraction_rate, attraction_type, attraction_url, attraction_parent_url
Nine-holed Bridge, 4.0, Sights & Landmarks, /Attraction_Review-g274895-d8807176-Reviews-Nine_holed_Bridge-Hortobagy_Hajdu_Bihar_County_Northern_Great_Plain.html, /Attractions-g274895-Activities-Hortobagy_Hajdu_Bihar_County_Northern_Great_Plain.html
Pasztormuzeum, 4.0, Museums, /Attraction_Review-g274895-d546488-Reviews-Pasztormuzeum-Hortobagy_Hajdu_Bihar_County_Northern_Great_Plain.html, /Attractions-g274895-Activities-Hortobagy_Hajdu_Bihar_County_Northern_Great_Plain.html
Hortobagy-halastavi Kisvasut, 4.5, Tours, /Attraction_Review-g274895-d20263581-Reviews-Hortobagy_halastavi_Kisvasut-Hortobagy_Hajdu_Bihar_County_Northern_Great_Plain.html, /Attractions-g274895-Activities-Hortobagy_Hajdu_Bihar_County_Northern_Great_Plain.html
Fishery Railway Hortobágy, 4.0, Nature & Parks, /Attraction_Review-g274895-d16880905-Reviews-Fishery_Railway_Hortobagy-Hortobagy_Hajdu_Bihar_County_Northern_Great_Plain.html, /Attractions-g274895-Activities-Hortobagy_Hajdu_Bihar_County_Northern_Great_Plain.html
Hortobagyi Tank Battle Memorial, 4.5, Sights & Landmarks, /Attraction_Review-g274895-d20094566-Reviews-Hortobagyi_Tank_Battle_Memorial-Hortobagy_Hajdu_Bihar_County_Northern_Great_Plai.html, /Attractions-g274895-Activities-Hortobagy_Hajdu_Bihar_County_Northern_Great_Plain.html
Mátai Stud, 4.5, Tours, /Attraction_Review-g274895-d10771938-Reviews-Matai_Stud-Hortobagy_Hajdu_Bihar_County_Northern_Great_Plain.html, /Attractions-g274895-Activities-Hortobagy_Hajdu_Bihar_County_Northern_Great_Plain.html
