attraction_name, attraction_rate, attraction_type, attraction_url, attraction_parent_url
Szechenyi Ter, 4.5, Sights & Landmarks, /Attraction_Review-g274905-d5999691-Reviews-Szechenyi_Ter-Pecs_Baranya_County_Southern_Transdanubia.html, /Attractions-g274905-Activities-Pecs_Baranya_County_Southern_Transdanubia.html
Pecs Cathedral, 4.5, Sights & Landmarks, /Attraction_Review-g274905-d282751-Reviews-Pecs_Cathedral-Pecs_Baranya_County_Southern_Transdanubia.html, /Attractions-g274905-Activities-Pecs_Baranya_County_Southern_Transdanubia.html
Zsolnay Cultural Quarter, 4.5, Sights & Landmarks, /Attraction_Review-g274905-d4740691-Reviews-Zsolnay_Cultural_Quarter-Pecs_Baranya_County_Southern_Transdanubia.html, /Attractions-g274905-Activities-Pecs_Baranya_County_Southern_Transdanubia.html
Zsolnay Museum, 4.5, Museums, /Attraction_Review-g274905-d282755-Reviews-Zsolnay_Museum-Pecs_Baranya_County_Southern_Transdanubia.html, /Attractions-g274905-Activities-Pecs_Baranya_County_Southern_Transdanubia.html
Kiraly Utca, 4.5, Sights & Landmarks, /Attraction_Review-g274905-d297081-Reviews-Kiraly_Utca-Pecs_Baranya_County_Southern_Transdanubia.html, /Attractions-g274905-Activities-Pecs_Baranya_County_Southern_Transdanubia.html
Early Christian Mausoleum, 4.5, Sights & Landmarks, /Attraction_Review-g274905-d547297-Reviews-Early_Christian_Mausoleum-Pecs_Baranya_County_Southern_Transdanubia.html, /Attractions-g274905-Activities-Pecs_Baranya_County_Southern_Transdanubia.html
TV Tower (TV Torony), 3.5, Sights & Landmarks, /Attraction_Review-g274905-d297082-Reviews-TV_Tower_TV_Torony-Pecs_Baranya_County_Southern_Transdanubia.html, /Attractions-g274905-Activities-Pecs_Baranya_County_Southern_Transdanubia.html
Pecs Zoo &amp; Aquarium - Terrarium, 4.0, Zoos & Aquariums, /Attraction_Review-g274905-d10006593-Reviews-Pecs_Zoo_Aquarium_Terrarium-Pecs_Baranya_County_Southern_Transdanubia.html, /Attractions-g274905-Activities-Pecs_Baranya_County_Southern_Transdanubia.html
Mosque of Pasha Gazi Kassim Church of Gyertyaszentelo Boldogasszony, 4.0, Sights & Landmarks, /Attraction_Review-g274905-d282750-Reviews-Mosque_of_Pasha_Gazi_Kassim_Church_of_Gyertyaszentelo_Boldogasszony-Pecs_Baranya_C.html, /Attractions-g274905-Activities-Pecs_Baranya_County_Southern_Transdanubia.html
Victor Vasarely Museum, 4.5, Museums, /Attraction_Review-g274905-d282754-Reviews-Victor_Vasarely_Museum-Pecs_Baranya_County_Southern_Transdanubia.html, /Attractions-g274905-Activities-Pecs_Baranya_County_Southern_Transdanubia.html
Arkad Shopping Centre, 4.0, Shopping, /Attraction_Review-g274905-d9996516-Reviews-Arkad_Shopping_Centre-Pecs_Baranya_County_Southern_Transdanubia.html, /Attractions-g274905-Activities-Pecs_Baranya_County_Southern_Transdanubia.html
Pecs Synagogue, 4.5, Sights & Landmarks, /Attraction_Review-g274905-d282752-Reviews-Pecs_Synagogue-Pecs_Baranya_County_Southern_Transdanubia.html, /Attractions-g274905-Activities-Pecs_Baranya_County_Southern_Transdanubia.html
Tettye, 4.5, Fun & Games, /Attraction_Review-g274905-d14977211-Reviews-Tettye-Pecs_Baranya_County_Southern_Transdanubia.html, /Attractions-g274905-Activities-Pecs_Baranya_County_Southern_Transdanubia.html
Zsolnay Fountain, 4.5, Sights & Landmarks, /Attraction_Review-g274905-d13818561-Reviews-Zsolnay_Fountain-Pecs_Baranya_County_Southern_Transdanubia.html, /Attractions-g274905-Activities-Pecs_Baranya_County_Southern_Transdanubia.html
Bishop's Palace (Püspöki palota), 4.0, Sights & Landmarks, /Attraction_Review-g274905-d546974-Reviews-Bishop_s_Palace_Puspoki_palota-Pecs_Baranya_County_Southern_Transdanubia.html, /Attractions-g274905-Activities-Pecs_Baranya_County_Southern_Transdanubia.html
National Theatre of Pécs, 5.0, Concerts & Shows, /Attraction_Review-g274905-d11865963-Reviews-National_Theatre_of_Pecs-Pecs_Baranya_County_Southern_Transdanubia.html, /Attractions-g274905-Activities-Pecs_Baranya_County_Southern_Transdanubia.html
Tivadar Csontvary Museum, 4.0, Museums, /Attraction_Review-g274905-d282753-Reviews-Tivadar_Csontvary_Museum-Pecs_Baranya_County_Southern_Transdanubia.html, /Attractions-g274905-Activities-Pecs_Baranya_County_Southern_Transdanubia.html
Sopianae cemetery at Pecs, 4.5, Sights & Landmarks, /Attraction_Review-g274905-d320955-Reviews-Sopianae_cemetery_at_Pecs-Pecs_Baranya_County_Southern_Transdanubia.html, /Attractions-g274905-Activities-Pecs_Baranya_County_Southern_Transdanubia.html
Jakovali Hassan Mosque and Museum, 4.5, Museums, /Attraction_Review-g274905-d279407-Reviews-Jakovali_Hassan_Mosque_and_Museum-Pecs_Baranya_County_Southern_Transdanubia.html, /Attractions-g274905-Activities-Pecs_Baranya_County_Southern_Transdanubia.html
Statue of Zsolnay Vilmos, 4.5, Sights & Landmarks, /Attraction_Review-g274905-d13818574-Reviews-Statue_of_Zsolnay_Vilmos-Pecs_Baranya_County_Southern_Transdanubia.html, /Attractions-g274905-Activities-Pecs_Baranya_County_Southern_Transdanubia.html
Statue of Hunyadi János, 4.0, Sights & Landmarks, /Attraction_Review-g274905-d13818562-Reviews-Statue_of_Hunyadi_Janos-Pecs_Baranya_County_Southern_Transdanubia.html, /Attractions-g274905-Activities-Pecs_Baranya_County_Southern_Transdanubia.html
Zsolnay Mauzoleum, 5.0, Sights & Landmarks, /Attraction_Review-g274905-d17826531-Reviews-Zsolnay_Mauzoleum-Pecs_Baranya_County_Southern_Transdanubia.html, /Attractions-g274905-Activities-Pecs_Baranya_County_Southern_Transdanubia.html
Holy Tinity Statue, 4.0, Sights & Landmarks, /Attraction_Review-g274905-d13818548-Reviews-Holy_Tinity_Statue-Pecs_Baranya_County_Southern_Transdanubia.html, /Attractions-g274905-Activities-Pecs_Baranya_County_Southern_Transdanubia.html
Franciscan Church, 4.0, Sights & Landmarks, /Attraction_Review-g274905-d13818571-Reviews-Franciscan_Church-Pecs_Baranya_County_Southern_Transdanubia.html, /Attractions-g274905-Activities-Pecs_Baranya_County_Southern_Transdanubia.html
Angster Memorial, 5.0, Sights & Landmarks, /Attraction_Review-g274905-d12361683-Reviews-Angster_Memorial-Pecs_Baranya_County_Southern_Transdanubia.html, /Attractions-g274905-Activities-Pecs_Baranya_County_Southern_Transdanubia.html
Kodaly Kozpont, 5.0, Concerts & Shows, /Attraction_Review-g274905-d11964134-Reviews-Kodaly_Kozpont-Pecs_Baranya_County_Southern_Transdanubia.html, /Attractions-g274905-Activities-Pecs_Baranya_County_Southern_Transdanubia.html
City History Museum, 4.0, Museums, /Attraction_Review-g274905-d19828682-Reviews-City_History_Museum-Pecs_Baranya_County_Southern_Transdanubia.html, /Attractions-g274905-Activities-Pecs_Baranya_County_Southern_Transdanubia.html
Saint Sebastian's Church, 4.0, Sights & Landmarks, /Attraction_Review-g274905-d19466788-Reviews-Saint_Sebastian_s_Church-Pecs_Baranya_County_Southern_Transdanubia.html, /Attractions-g274905-Activities-Pecs_Baranya_County_Southern_Transdanubia.html
Lab Game Tech Station, 4.0, Museums, /Attraction_Review-g274905-d19504858-Reviews-Lab_Game_Tech_Station-Pecs_Baranya_County_Southern_Transdanubia.html, /Attractions-g274905-Activities-Pecs_Baranya_County_Southern_Transdanubia.html
Statue of Szepessy Ignácz, 3.0, Sights & Landmarks, /Attraction_Review-g274905-d13818565-Reviews-Statue_of_Szepessy_Ignacz-Pecs_Baranya_County_Southern_Transdanubia.html, /Attractions-g274905-Activities-Pecs_Baranya_County_Southern_Transdanubia.html
