attraction_name, attraction_rate, attraction_type, attraction_url, attraction_parent_url
Millenium Monument Budapest, 4.5, Sights & Landmarks, /Attraction_Review-g274887-d13967279-Reviews-Millenium_Monument_Budapest-Budapest_Central_Hungary.html, /Attractions-g274887-Activities-Budapest_Central_Hungary.html
Palace of Exhibitions (Mucsarnok), 4.0, Museums, /Attraction_Review-g274887-d276828-Reviews-Palace_of_Exhibitions_Mucsarnok-Budapest_Central_Hungary.html, /Attractions-g274887-Activities-Budapest_Central_Hungary.html
Obuda, 4.0, Other, /Attraction_Review-g274887-d5953530-Reviews-Obuda-Budapest_Central_Hungary.html, /Attractions-g274887-Activities-Budapest_Central_Hungary.html
Statue of Queen Elizabeth, 4.0, Sights & Landmarks, /Attraction_Review-g274887-d3227229-Reviews-Statue_of_Queen_Elizabeth-Budapest_Central_Hungary.html, /Attractions-g274887-Activities-Budapest_Central_Hungary.html
Statue of Gyula Andrassy, 4.0, Sights & Landmarks, /Attraction_Review-g274887-d13184105-Reviews-Statue_of_Gyula_Andrassy-Budapest_Central_Hungary.html, /Attractions-g274887-Activities-Budapest_Central_Hungary.html
Las Vegas Casino, 3.0, Casinos & Gambling, /Attraction_Review-g274887-d279697-Reviews-Las_Vegas_Casino-Budapest_Central_Hungary.html, /Attractions-g274887-Activities-Budapest_Central_Hungary.html
Hungarian Natural History Museum, 3.5, Museums, /Attraction_Review-g274887-d279026-Reviews-Hungarian_Natural_History_Museum-Budapest_Central_Hungary.html, /Attractions-g274887-Activities-Budapest_Central_Hungary.html
Statue of Mounted András Hadik, 3.5, Sights & Landmarks, /Attraction_Review-g274887-d8725049-Reviews-Statue_of_Mounted_Andras_Hadik-Budapest_Central_Hungary.html, /Attractions-g274887-Activities-Budapest_Central_Hungary.html
Golden Eagle Pharmacy Museum, 4.0, Museums, /Attraction_Review-g274887-d8822778-Reviews-Golden_Eagle_Pharmacy_Museum-Budapest_Central_Hungary.html, /Attractions-g274887-Activities-Budapest_Central_Hungary.html
Corvin Plaza, 4.0, Shopping, /Attraction_Review-g274887-d12799087-Reviews-Corvin_Plaza-Budapest_Central_Hungary.html, /Attractions-g274887-Activities-Budapest_Central_Hungary.html
Hungarian Museum of Trade and Tourism, 4.5, Museums, /Attraction_Review-g274887-d526990-Reviews-Hungarian_Museum_of_Trade_and_Tourism-Budapest_Central_Hungary.html, /Attractions-g274887-Activities-Budapest_Central_Hungary.html
Museum of Music History, 4.5, Museums, /Attraction_Review-g274887-d276809-Reviews-Museum_of_Music_History-Budapest_Central_Hungary.html, /Attractions-g274887-Activities-Budapest_Central_Hungary.html
Hungarian Academy of Sciences, 4.0, Sights & Landmarks, /Attraction_Review-g274887-d3708265-Reviews-Hungarian_Academy_of_Sciences-Budapest_Central_Hungary.html, /Attractions-g274887-Activities-Budapest_Central_Hungary.html
Kincsem Park, 4.5, Casinos & Gambling, /Attraction_Review-g274887-d3649769-Reviews-Kincsem_Park-Budapest_Central_Hungary.html, /Attractions-g274887-Activities-Budapest_Central_Hungary.html
Soviet Heroic Memorial, 4.0, Sights & Landmarks, /Attraction_Review-g274887-d13839341-Reviews-Soviet_Heroic_Memorial-Budapest_Central_Hungary.html, /Attractions-g274887-Activities-Budapest_Central_Hungary.html
Carl Lutz Memorial, 4.0, Sights & Landmarks, /Attraction_Review-g274887-d7797157-Reviews-Carl_Lutz_Memorial-Budapest_Central_Hungary.html, /Attractions-g274887-Activities-Budapest_Central_Hungary.html
Budapest's Erotic & Sex Museum, 3.5, Museums, /Attraction_Review-g274887-d19174986-Reviews-Budapest_s_Erotic_Sex_Museum-Budapest_Central_Hungary.html, /Attractions-g274887-Activities-Budapest_Central_Hungary.html
Peter Mansfeld Monument, 5.0, Sights & Landmarks, /Attraction_Review-g274887-d12056084-Reviews-Peter_Mansfeld_Monument-Budapest_Central_Hungary.html, /Attractions-g274887-Activities-Budapest_Central_Hungary.html
Calvinist Church, 4.0, Sights & Landmarks, /Attraction_Review-g274887-d7133334-Reviews-Calvinist_Church-Budapest_Central_Hungary.html, /Attractions-g274887-Activities-Budapest_Central_Hungary.html
Kiscelli Museum, 4.0, Museums, /Attraction_Review-g274887-d279020-Reviews-Kiscelli_Museum-Budapest_Central_Hungary.html, /Attractions-g274887-Activities-Budapest_Central_Hungary.html
National Archives of Hungary, 4.0, Museums, /Attraction_Review-g274887-d10501528-Reviews-National_Archives_of_Hungary-Budapest_Central_Hungary.html, /Attractions-g274887-Activities-Budapest_Central_Hungary.html
Olimpia park, 3.5, Fun & Games, /Attraction_Review-g274887-d11444995-Reviews-Olimpia_park-Budapest_Central_Hungary.html, /Attractions-g274887-Activities-Budapest_Central_Hungary.html
Batthyany Square, 4.0, Sights & Landmarks, /Attraction_Review-g274887-d13866940-Reviews-Batthyany_Square-Budapest_Central_Hungary.html, /Attractions-g274887-Activities-Budapest_Central_Hungary.html
March 15 Square (Március 15 tér), 4.0, Sights & Landmarks, /Attraction_Review-g274887-d276814-Reviews-March_15_Square_Marcius_15_ter-Budapest_Central_Hungary.html, /Attractions-g274887-Activities-Budapest_Central_Hungary.html
Párizsi Nagyáruház, 4.5, Sights & Landmarks, /Attraction_Review-g274887-d7833306-Reviews-Parizsi_Nagyaruhaz-Budapest_Central_Hungary.html, /Attractions-g274887-Activities-Budapest_Central_Hungary.html
Bela Bartok Memorial House, 4.5, Sights & Landmarks, /Attraction_Review-g274887-d276865-Reviews-Bela_Bartok_Memorial_House-Budapest_Central_Hungary.html, /Attractions-g274887-Activities-Budapest_Central_Hungary.html
Mai Mano Haz, 4.0, Sights & Landmarks, /Attraction_Review-g274887-d4866899-Reviews-Mai_Mano_Haz-Budapest_Central_Hungary.html, /Attractions-g274887-Activities-Budapest_Central_Hungary.html
Museum of Sweets & Selfies No.2: Bubbles, 4.5, Museums, /Attraction_Review-g274887-d19460174-Reviews-Museum_of_Sweets_Selfies_No_2_Bubbles-Budapest_Central_Hungary.html, /Attractions-g274887-Activities-Budapest_Central_Hungary.html
Rumbach Street Synagogue, 4.0, Sights & Landmarks, /Attraction_Review-g274887-d10050832-Reviews-Rumbach_Street_Synagogue-Budapest_Central_Hungary.html, /Attractions-g274887-Activities-Budapest_Central_Hungary.html
Postatakarek Bank, 4.5, Sights & Landmarks, /Attraction_Review-g274887-d11445006-Reviews-Postatakarek_Bank-Budapest_Central_Hungary.html, /Attractions-g274887-Activities-Budapest_Central_Hungary.html
