attraction_name, attraction_rate, attraction_type, attraction_url, attraction_parent_url
1956 Memorial Stone Pillar in Taban, 3.0, Sights & Landmarks, /Attraction_Review-g274887-d13970869-Reviews-1956_Memorial_Stone_Pillar_in_Taban-Budapest_Central_Hungary.html, /Attractions-g274887-Activities-Budapest_Central_Hungary.html
Statue of Gellert and Julianus, 3.0, Sights & Landmarks, /Attraction_Review-g274887-d13940064-Reviews-Statue_of_Gellert_and_Julianus-Budapest_Central_Hungary.html, /Attractions-g274887-Activities-Budapest_Central_Hungary.html
Budavari Matyas Kiraly Jatszoter, 3.0, Fun & Games, /Attraction_Review-g274887-d19085877-Reviews-Budavari_Matyas_Kiraly_Jatszoter-Budapest_Central_Hungary.html, /Attractions-g274887-Activities-Budapest_Central_Hungary.html
Corvinus Geek Club, 3.0, Sights & Landmarks, /Attraction_Review-g274887-d19298661-Reviews-Corvinus_Geek_Club-Budapest_Central_Hungary.html, /Attractions-g274887-Activities-Budapest_Central_Hungary.html
Kalman Imre Theater, 2.0, Concerts & Shows, /Attraction_Review-g274887-d19716144-Reviews-Kalman_Imre_Theater-Budapest_Central_Hungary.html, /Attractions-g274887-Activities-Budapest_Central_Hungary.html
Atrium, 5.0, Concerts & Shows, /Attraction_Review-g274887-d7221842-Reviews-Atrium-Budapest_Central_Hungary.html, /Attractions-g274887-Activities-Budapest_Central_Hungary.html
Kreatív Inas. Marketing Ügynökség, 5.0, Museums, /Attraction_Review-g274887-d20979325-Reviews-Kreativ_Inas_Marketing_Ugynokseg-Budapest_Central_Hungary.html, /Attractions-g274887-Activities-Budapest_Central_Hungary.html
Eiffel Palace, 5.0, Sights & Landmarks, /Attraction_Review-g274887-d20808775-Reviews-Eiffel_Palace-Budapest_Central_Hungary.html, /Attractions-g274887-Activities-Budapest_Central_Hungary.html
Megyeri Bridge, 5.0, Sights & Landmarks, /Attraction_Review-g274887-d21135034-Reviews-Megyeri_Bridge-Budapest_Central_Hungary.html, /Attractions-g274887-Activities-Budapest_Central_Hungary.html
Kolodko Szobor A Városligetben, 5.0, Sights & Landmarks, /Attraction_Review-g274887-d21185367-Reviews-Kolodko_Szobor_A_Varosligetben-Budapest_Central_Hungary.html, /Attractions-g274887-Activities-Budapest_Central_Hungary.html
Tuzolto Skanzen, 5.0, Museums, /Attraction_Review-g274887-d21350919-Reviews-Tuzolto_Skanzen-Budapest_Central_Hungary.html, /Attractions-g274887-Activities-Budapest_Central_Hungary.html
Buvar -Kolodko szobor, 5.0, Sights & Landmarks, /Attraction_Review-g274887-d21191758-Reviews-Buvar_Kolodko_szobor-Budapest_Central_Hungary.html, /Attractions-g274887-Activities-Budapest_Central_Hungary.html
BUDTransport Airport and Hotel Shuttle, 5.0, Other, /Attraction_Review-g274887-d17654385-Reviews-BUDTransport_Airport_and_Hotel_Shuttle-Budapest_Central_Hungary.html, /Attractions-g274887-Activities-Budapest_Central_Hungary.html
Marina Setany, 3.5, Nature & Parks, /Attraction_Review-g274887-d20995018-Reviews-Marina_Setany-Budapest_Central_Hungary.html, /Attractions-g274887-Activities-Budapest_Central_Hungary.html
Mace Tower - Buzoganytorony, 4.0, Sights & Landmarks, /Attraction_Review-g274887-d21065255-Reviews-Mace_Tower_Buzoganytorony-Budapest_Central_Hungary.html, /Attractions-g274887-Activities-Budapest_Central_Hungary.html
Az Összetartozás Emlékhelye, 4.0, Sights & Landmarks, /Attraction_Review-g274887-d21381050-Reviews-Az_Osszetartozas_Emlekhelye-Budapest_Central_Hungary.html, /Attractions-g274887-Activities-Budapest_Central_Hungary.html
Gellert Hill Waterfall, 4.0, Nature & Parks, /Attraction_Review-g274887-d21229620-Reviews-Gellert_Hill_Waterfall-Budapest_Central_Hungary.html, /Attractions-g274887-Activities-Budapest_Central_Hungary.html
Fishermen's Bastion, 4.0, Sights & Landmarks, /Attraction_Review-g274887-d21229283-Reviews-Fishermen_s_Bastion-Budapest_Central_Hungary.html, /Attractions-g274887-Activities-Budapest_Central_Hungary.html
Deli Rondella, 4.0, Sights & Landmarks, /Attraction_Review-g274887-d21090433-Reviews-Deli_Rondella-Budapest_Central_Hungary.html, /Attractions-g274887-Activities-Budapest_Central_Hungary.html
Japanese Garden, 4.0, Nature & Parks, /Attraction_Review-g274887-d20950927-Reviews-Japanese_Garden-Budapest_Central_Hungary.html, /Attractions-g274887-Activities-Budapest_Central_Hungary.html
Budavari Sokadalom, 3.0, Shopping, /Attraction_Review-g274887-d14772827-Reviews-Budavari_Sokadalom-Budapest_Central_Hungary.html, /Attractions-g274887-Activities-Budapest_Central_Hungary.html
Studium Generale, 3.0, Sights & Landmarks, /Attraction_Review-g274887-d20902776-Reviews-Studium_Generale-Budapest_Central_Hungary.html, /Attractions-g274887-Activities-Budapest_Central_Hungary.html
Court Theatre of Buda, 3.0, Concerts & Shows, /Attraction_Review-g274887-d21244048-Reviews-Court_Theatre_of_Buda-Budapest_Central_Hungary.html, /Attractions-g274887-Activities-Budapest_Central_Hungary.html
Statue Of George W. H. Bush, 3.0, Sights & Landmarks, /Attraction_Review-g274887-d21377618-Reviews-Statue_Of_George_W_H_Bush-Budapest_Central_Hungary.html, /Attractions-g274887-Activities-Budapest_Central_Hungary.html
Fons Beatae Gisellae Reginae, 3.0, Sights & Landmarks, /Attraction_Review-g274887-d21242914-Reviews-Fons_Beatae_Gisellae_Reginae-Budapest_Central_Hungary.html, /Attractions-g274887-Activities-Budapest_Central_Hungary.html
Fox Transfer, 3.0, Other, /Attraction_Review-g274887-d17840217-Reviews-Fox_Transfer-Budapest_Central_Hungary.html, /Attractions-g274887-Activities-Budapest_Central_Hungary.html
Lorinci Piac, 2.0, Food & Drink, /Attraction_Review-g274887-d19324981-Reviews-Lorinci_Piac-Budapest_Central_Hungary.html, /Attractions-g274887-Activities-Budapest_Central_Hungary.html
Monument of National Martyrs, 2.0, Sights & Landmarks, /Attraction_Review-g274887-d21380678-Reviews-Monument_of_National_Martyrs-Budapest_Central_Hungary.html, /Attractions-g274887-Activities-Budapest_Central_Hungary.html
Living Gallery Budapest, None, Museums, /Attraction_Review-g274887-d9745756-Reviews-Living_Gallery_Budapest-Budapest_Central_Hungary.html, /Attractions-g274887-Activities-Budapest_Central_Hungary.html
Budapest Projekt Gallery, None, Museums, /Attraction_Review-g274887-d11761460-Reviews-Budapest_Projekt_Gallery-Budapest_Central_Hungary.html, /Attractions-g274887-Activities-Budapest_Central_Hungary.html
