attraction_name, attraction_rate, attraction_type, attraction_url, attraction_parent_url
Gyor Old Town Area, 4.5, Sights & Landmarks, /Attraction_Review-g274893-d7099399-Reviews-Gyor_Old_Town_Area-Gyor_Gyor_Moson_Sopron_County_Central_Transdanubia.html, /Attractions-g274893-Activities-Gyor_Gyor_Moson_Sopron_County_Central_Transdanubia.html
Zoo Gyor, 4.5, Zoos & Aquariums, /Attraction_Review-g274893-d8491701-Reviews-Zoo_Gyor-Gyor_Gyor_Moson_Sopron_County_Central_Transdanubia.html, /Attractions-g274893-Activities-Gyor_Gyor_Moson_Sopron_County_Central_Transdanubia.html
Boatman Sculpture, 4.5, Sights & Landmarks, /Attraction_Review-g274893-d10767138-Reviews-Boatman_Sculpture-Gyor_Gyor_Moson_Sopron_County_Central_Transdanubia.html, /Attractions-g274893-Activities-Gyor_Gyor_Moson_Sopron_County_Central_Transdanubia.html
Gyor Town Hall, 4.5, Sights & Landmarks, /Attraction_Review-g274893-d13479379-Reviews-Gyor_Town_Hall-Gyor_Gyor_Moson_Sopron_County_Central_Transdanubia.html, /Attractions-g274893-Activities-Gyor_Gyor_Moson_Sopron_County_Central_Transdanubia.html
Shopping mall Arkad, 4.0, Shopping, /Attraction_Review-g274893-d8525291-Reviews-Shopping_mall_Arkad-Gyor_Gyor_Moson_Sopron_County_Central_Transdanubia.html, /Attractions-g274893-Activities-Gyor_Gyor_Moson_Sopron_County_Central_Transdanubia.html
Szechenyi Square, 4.0, Sights & Landmarks, /Attraction_Review-g274893-d13824718-Reviews-Szechenyi_Square-Gyor_Gyor_Moson_Sopron_County_Central_Transdanubia.html, /Attractions-g274893-Activities-Gyor_Gyor_Moson_Sopron_County_Central_Transdanubia.html
Cathedral Basilica of the Assumption of Our Lady, 4.5, Sights & Landmarks, /Attraction_Review-g274893-d13824603-Reviews-Cathedral_Basilica_of_the_Assumption_of_Our_Lady-Gyor_Gyor_Moson_Sopron_County_C.html, /Attractions-g274893-Activities-Gyor_Gyor_Moson_Sopron_County_Central_Transdanubia.html
Győr Plaza, 4.0, Shopping, /Attraction_Review-g274893-d7856366-Reviews-Gyor_Plaza-Gyor_Gyor_Moson_Sopron_County_Central_Transdanubia.html, /Attractions-g274893-Activities-Gyor_Gyor_Moson_Sopron_County_Central_Transdanubia.html
Bishop-Lookout Tower, 5.0, Sights & Landmarks, /Attraction_Review-g274893-d17332459-Reviews-Bishop_Lookout_Tower-Gyor_Gyor_Moson_Sopron_County_Central_Transdanubia.html, /Attractions-g274893-Activities-Gyor_Gyor_Moson_Sopron_County_Central_Transdanubia.html
Benedictine Church, 4.5, Sights & Landmarks, /Attraction_Review-g274893-d297091-Reviews-Benedictine_Church-Gyor_Gyor_Moson_Sopron_County_Central_Transdanubia.html, /Attractions-g274893-Activities-Gyor_Gyor_Moson_Sopron_County_Central_Transdanubia.html
Jedlik Ányos Foutain, 4.5, Sights & Landmarks, /Attraction_Review-g274893-d14189412-Reviews-Jedlik_Anyos_Foutain-Gyor_Gyor_Moson_Sopron_County_Central_Transdanubia.html, /Attractions-g274893-Activities-Gyor_Gyor_Moson_Sopron_County_Central_Transdanubia.html
Visitors’ Center, 4.5, Traveller Resources, /Attraction_Review-g274893-d12830769-Reviews-Visitors_Center-Gyor_Gyor_Moson_Sopron_County_Central_Transdanubia.html, /Attractions-g274893-Activities-Gyor_Gyor_Moson_Sopron_County_Central_Transdanubia.html
Tile Stove Exhibition, 5.0, Museums, /Attraction_Review-g274893-d10115119-Reviews-Tile_Stove_Exhibition-Gyor_Gyor_Moson_Sopron_County_Central_Transdanubia.html, /Attractions-g274893-Activities-Gyor_Gyor_Moson_Sopron_County_Central_Transdanubia.html
Ark of the Covenant Statue, 4.5, Sights & Landmarks, /Attraction_Review-g274893-d13824620-Reviews-Ark_of_the_Covenant_Statue-Gyor_Gyor_Moson_Sopron_County_Central_Transdanubia.html, /Attractions-g274893-Activities-Gyor_Gyor_Moson_Sopron_County_Central_Transdanubia.html
Audi Arena Gyor, 4.0, Sights & Landmarks, /Attraction_Review-g274893-d12681217-Reviews-Audi_Arena_Gyor-Gyor_Gyor_Moson_Sopron_County_Central_Transdanubia.html, /Attractions-g274893-Activities-Gyor_Gyor_Moson_Sopron_County_Central_Transdanubia.html
Chapter Hill, 5.0, Sights & Landmarks, /Attraction_Review-g274893-d13824612-Reviews-Chapter_Hill-Gyor_Gyor_Moson_Sopron_County_Central_Transdanubia.html, /Attractions-g274893-Activities-Gyor_Gyor_Moson_Sopron_County_Central_Transdanubia.html
Margit Kovacs Ceramic Collection, 4.5, Museums, /Attraction_Review-g274893-d7299147-Reviews-Margit_Kovacs_Ceramic_Collection-Gyor_Gyor_Moson_Sopron_County_Central_Transdanub.html, /Attractions-g274893-Activities-Gyor_Gyor_Moson_Sopron_County_Central_Transdanubia.html
Mary Column, 4.0, Sights & Landmarks, /Attraction_Review-g274893-d13824760-Reviews-Mary_Column-Gyor_Gyor_Moson_Sopron_County_Central_Transdanubia.html, /Attractions-g274893-Activities-Gyor_Gyor_Moson_Sopron_County_Central_Transdanubia.html
Janos Xantus Museum, 4.0, Museums, /Attraction_Review-g274893-d2479093-Reviews-Janos_Xantus_Museum-Gyor_Gyor_Moson_Sopron_County_Central_Transdanubia.html, /Attractions-g274893-Activities-Gyor_Gyor_Moson_Sopron_County_Central_Transdanubia.html
Hefter Gallery &amp; Studio, 5.0, Museums, /Attraction_Review-g274893-d15207977-Reviews-Hefter_Gallery_Studio-Gyor_Gyor_Moson_Sopron_County_Central_Transdanubia.html, /Attractions-g274893-Activities-Gyor_Gyor_Moson_Sopron_County_Central_Transdanubia.html
Fules Bastya, 5.0, Zoos & Aquariums, /Attraction_Review-g274893-d17347526-Reviews-Fules_Bastya-Gyor_Gyor_Moson_Sopron_County_Central_Transdanubia.html, /Attractions-g274893-Activities-Gyor_Gyor_Moson_Sopron_County_Central_Transdanubia.html
Bishop's Castle, 5.0, Sights & Landmarks, /Attraction_Review-g274893-d13824615-Reviews-Bishop_s_Castle-Gyor_Gyor_Moson_Sopron_County_Central_Transdanubia.html, /Attractions-g274893-Activities-Gyor_Gyor_Moson_Sopron_County_Central_Transdanubia.html
Statue of Kisfaludi Karoly, 3.5, Sights & Landmarks, /Attraction_Review-g274893-d13821520-Reviews-Statue_of_Kisfaludi_Karoly-Gyor_Gyor_Moson_Sopron_County_Central_Transdanubia.html, /Attractions-g274893-Activities-Gyor_Gyor_Moson_Sopron_County_Central_Transdanubia.html
Grobe Synagoge, 5.0, Sights & Landmarks, /Attraction_Review-g274893-d19082583-Reviews-Grobe_Synagoge-Gyor_Gyor_Moson_Sopron_County_Central_Transdanubia.html, /Attractions-g274893-Activities-Gyor_Gyor_Moson_Sopron_County_Central_Transdanubia.html
Zichy Ferenc latogatokozpont, 4.5, Museums, /Attraction_Review-g274893-d4811214-Reviews-Zichy_Ferenc_latogatokozpont-Gyor_Gyor_Moson_Sopron_County_Central_Transdanubia.html, /Attractions-g274893-Activities-Gyor_Gyor_Moson_Sopron_County_Central_Transdanubia.html
Casino Win, 3.0, Casinos & Gambling, /Attraction_Review-g274893-d12622247-Reviews-Casino_Win-Gyor_Gyor_Moson_Sopron_County_Central_Transdanubia.html, /Attractions-g274893-Activities-Gyor_Gyor_Moson_Sopron_County_Central_Transdanubia.html
Borsos Miklós Collection, 4.0, Museums, /Attraction_Review-g274893-d13491303-Reviews-Borsos_Miklos_Collection-Gyor_Gyor_Moson_Sopron_County_Central_Transdanubia.html, /Attractions-g274893-Activities-Gyor_Gyor_Moson_Sopron_County_Central_Transdanubia.html
Becsi Kapu Square, 3.5, Sights & Landmarks, /Attraction_Review-g274893-d13821501-Reviews-Becsi_Kapu_Square-Gyor_Gyor_Moson_Sopron_County_Central_Transdanubia.html, /Attractions-g274893-Activities-Gyor_Gyor_Moson_Sopron_County_Central_Transdanubia.html
Váczy Péter Collection, 5.0, Museums, /Attraction_Review-g274893-d13491300-Reviews-Vaczy_Peter_Collection-Gyor_Gyor_Moson_Sopron_County_Central_Transdanubia.html, /Attractions-g274893-Activities-Gyor_Gyor_Moson_Sopron_County_Central_Transdanubia.html
Statue Saint Michael, 3.5, Sights & Landmarks, /Attraction_Review-g274893-d13824634-Reviews-Statue_Saint_Michael-Gyor_Gyor_Moson_Sopron_County_Central_Transdanubia.html, /Attractions-g274893-Activities-Gyor_Gyor_Moson_Sopron_County_Central_Transdanubia.html
