attraction_name, attraction_rate, attraction_type, attraction_url, attraction_parent_url
Busóudvar, 5.0, Museums, /Attraction_Review-g1131873-d10192344-Reviews-Busoudvar-Mohacs_Baranya_County_Southern_Transdanubia.html, /Attractions-g1131873-Activities-Mohacs_Baranya_County_Southern_Transdanubia.html
The Statue of the Three Nationalities, 4.5, Sights & Landmarks, /Attraction_Review-g1131873-d8598166-Reviews-The_Statue_of_the_Three_Nationalities-Mohacs_Baranya_County_Southern_Transdanubi.html, /Attractions-g1131873-Activities-Mohacs_Baranya_County_Southern_Transdanubia.html
The Statue of Miklos Radnoti, 4.5, Sights & Landmarks, /Attraction_Review-g1131873-d8638584-Reviews-The_Statue_of_Miklos_Radnoti-Mohacs_Baranya_County_Southern_Transdanubia.html, /Attractions-g1131873-Activities-Mohacs_Baranya_County_Southern_Transdanubia.html
Saint Nicholas Watermill and Treadmill, 5.0, Sights & Landmarks, /Attraction_Review-g1131873-d15037873-Reviews-Saint_Nicholas_Watermill_and_Treadmill-Mohacs_Baranya_County_Southern_Transdanu.html, /Attractions-g1131873-Activities-Mohacs_Baranya_County_Southern_Transdanubia.html
Inner City Parish Church, 4.5, Sights & Landmarks, /Attraction_Review-g1131873-d665540-Reviews-Inner_City_Parish_Church-Mohacs_Baranya_County_Southern_Transdanubia.html, /Attractions-g1131873-Activities-Mohacs_Baranya_County_Southern_Transdanubia.html
Votive Memorial Church, 4.0, Sights & Landmarks, /Attraction_Review-g1131873-d6893872-Reviews-Votive_Memorial_Church-Mohacs_Baranya_County_Southern_Transdanubia.html, /Attractions-g1131873-Activities-Mohacs_Baranya_County_Southern_Transdanubia.html
Kanizsai Dorottya Muzeum, 5.0, Museums, /Attraction_Review-g1131873-d17363084-Reviews-Kanizsai_Dorottya_Muzeum-Mohacs_Baranya_County_Southern_Transdanubia.html, /Attractions-g1131873-Activities-Mohacs_Baranya_County_Southern_Transdanubia.html
Kossuth Cinema Gallery, 4.0, Museums, /Attraction_Review-g1131873-d10233902-Reviews-Kossuth_Cinema_Gallery-Mohacs_Baranya_County_Southern_Transdanubia.html, /Attractions-g1131873-Activities-Mohacs_Baranya_County_Southern_Transdanubia.html
Planina Borterasz, 5.0, Nightlife, /Attraction_Review-g1131873-d17540905-Reviews-Planina_Borterasz-Mohacs_Baranya_County_Southern_Transdanubia.html, /Attractions-g1131873-Activities-Mohacs_Baranya_County_Southern_Transdanubia.html
