attraction_name, attraction_rate, attraction_type, attraction_url, attraction_parent_url
Pannonhalma Archabbey, 4.5, Sights & Landmarks, /Attraction_Review-g754048-d7055227-Reviews-Pannonhalma_Archabbey-Pannonhalma_Gyor_Moson_Sopron_County_Central_Transdanubia.html, /Attractions-g754048-Activities-Pannonhalma_Gyor_Moson_Sopron_County_Central_Transdanubia.html
Pannonhalma Abbey Gardens and Herbal Lavender House, 4.5, Nature & Parks, /Attraction_Review-g754048-d8535987-Reviews-Pannonhalma_Abbey_Gardens_and_Herbal_Lavender_House-Pannonhalma_Gyor_Moson_Sopron.html, /Attractions-g754048-Activities-Pannonhalma_Gyor_Moson_Sopron_County_Central_Transdanubia.html
Hefter Glass Gallery &amp; Studio, 5.0, Museums, /Attraction_Review-g754048-d7854731-Reviews-Hefter_Glass_Gallery_Studio-Pannonhalma_Gyor_Moson_Sopron_County_Central_Transdan.html, /Attractions-g754048-Activities-Pannonhalma_Gyor_Moson_Sopron_County_Central_Transdanubia.html
Pannonhalmi Apatsagi Muzeum, 4.5, Museums, /Attraction_Review-g754048-d8513968-Reviews-Pannonhalmi_Apatsagi_Muzeum-Pannonhalma_Gyor_Moson_Sopron_County_Central_Transdan.html, /Attractions-g754048-Activities-Pannonhalma_Gyor_Moson_Sopron_County_Central_Transdanubia.html
Pannonhalmi Palinkarium, 5.0, Food & Drink, /Attraction_Review-g754048-d12819232-Reviews-Pannonhalmi_Palinkarium-Pannonhalma_Gyor_Moson_Sopron_County_Central_Transdanubi.html, /Attractions-g754048-Activities-Pannonhalma_Gyor_Moson_Sopron_County_Central_Transdanubia.html
The Millennium Monument, 4.0, Sights & Landmarks, /Attraction_Review-g754048-d10509890-Reviews-The_Millennium_Monument-Pannonhalma_Gyor_Moson_Sopron_County_Central_Transdanubi.html, /Attractions-g754048-Activities-Pannonhalma_Gyor_Moson_Sopron_County_Central_Transdanubia.html
Anachronistica, 5.0, Fun & Games, /Attraction_Review-g754048-d11435763-Reviews-Anachronistica-Pannonhalma_Gyor_Moson_Sopron_County_Central_Transdanubia.html, /Attractions-g754048-Activities-Pannonhalma_Gyor_Moson_Sopron_County_Central_Transdanubia.html
Pannonhalma Arboretum Nature Reserve, None, Nature & Parks, /Attraction_Review-g754048-d21142668-Reviews-Pannonhalma_Arboretum_Nature_Reserve-Pannonhalma_Gyor_Moson_Sopron_County_Centra.html, /Attractions-g754048-Activities-Pannonhalma_Gyor_Moson_Sopron_County_Central_Transdanubia.html
