attraction_name, attraction_rate, attraction_type, attraction_url, attraction_parent_url
Baths Museum, 5.0, Museums, /Attraction_Review-g274887-d12645660-Reviews-Baths_Museum-Budapest_Central_Hungary.html, /Attractions-g274887-Activities-Budapest_Central_Hungary.html
Statue of Miklos Ybl, 3.5, Sights & Landmarks, /Attraction_Review-g274887-d13939989-Reviews-Statue_of_Miklos_Ybl-Budapest_Central_Hungary.html, /Attractions-g274887-Activities-Budapest_Central_Hungary.html
Gesztenyes-kert, 4.5, Nature & Parks, /Attraction_Review-g274887-d10756227-Reviews-Gesztenyes_kert-Budapest_Central_Hungary.html, /Attractions-g274887-Activities-Budapest_Central_Hungary.html
Budapest Art Factory, 5.0, Museums, /Attraction_Review-g274887-d11868713-Reviews-Budapest_Art_Factory-Budapest_Central_Hungary.html, /Attractions-g274887-Activities-Budapest_Central_Hungary.html
Wine Chapel, 5.0, Food & Drink, /Attraction_Review-g274887-d10767852-Reviews-Wine_Chapel-Budapest_Central_Hungary.html, /Attractions-g274887-Activities-Budapest_Central_Hungary.html
Ignac Alpar Statue, 3.0, Sights & Landmarks, /Attraction_Review-g274887-d15619700-Reviews-Ignac_Alpar_Statue-Budapest_Central_Hungary.html, /Attractions-g274887-Activities-Budapest_Central_Hungary.html
Przemysl Memorial, 4.0, Sights & Landmarks, /Attraction_Review-g274887-d13864428-Reviews-Przemysl_Memorial-Budapest_Central_Hungary.html, /Attractions-g274887-Activities-Budapest_Central_Hungary.html
Csongor and Tude Statue, 3.0, Sights & Landmarks, /Attraction_Review-g274887-d13962741-Reviews-Csongor_and_Tude_Statue-Budapest_Central_Hungary.html, /Attractions-g274887-Activities-Budapest_Central_Hungary.html
Kugler Art Gallery, 4.5, Museums, /Attraction_Review-g274887-d7167789-Reviews-Kugler_Art_Gallery-Budapest_Central_Hungary.html, /Attractions-g274887-Activities-Budapest_Central_Hungary.html
28th Budapest Wine Festival, 5.0, Events, /Attraction_Review-g274887-d18937608-Reviews-28th_Budapest_Wine_Festival-Budapest_Central_Hungary.html, /Attractions-g274887-Activities-Budapest_Central_Hungary.html
Gorzenal Roller Blading, 5.0, Fun & Games, /Attraction_Review-g274887-d526994-Reviews-Gorzenal_Roller_Blading-Budapest_Central_Hungary.html, /Attractions-g274887-Activities-Budapest_Central_Hungary.html
The Flying Nun Sculpture, 3.0, Sights & Landmarks, /Attraction_Review-g274887-d13962726-Reviews-The_Flying_Nun_Sculpture-Budapest_Central_Hungary.html, /Attractions-g274887-Activities-Budapest_Central_Hungary.html
Trafó House of Contemporary Arts, 4.0, Sights & Landmarks, /Attraction_Review-g274887-d5512677-Reviews-Trafo_House_of_Contemporary_Arts-Budapest_Central_Hungary.html, /Attractions-g274887-Activities-Budapest_Central_Hungary.html
Szindbad the boatman, 4.0, Sights & Landmarks, /Attraction_Review-g274887-d13397130-Reviews-Szindbad_the_boatman-Budapest_Central_Hungary.html, /Attractions-g274887-Activities-Budapest_Central_Hungary.html
Barbarian Struggle With The Romans, 3.5, Sights & Landmarks, /Attraction_Review-g274887-d15634500-Reviews-Barbarian_Struggle_With_The_Romans-Budapest_Central_Hungary.html, /Attractions-g274887-Activities-Budapest_Central_Hungary.html
Legenda Brewery, 4.5, Food & Drink, /Attraction_Review-g274887-d10767977-Reviews-Legenda_Brewery-Budapest_Central_Hungary.html, /Attractions-g274887-Activities-Budapest_Central_Hungary.html
Szechenyi Memorial Lookout Tower, 4.0, Sights & Landmarks, /Attraction_Review-g274887-d9730137-Reviews-Szechenyi_Memorial_Lookout_Tower-Budapest_Central_Hungary.html, /Attractions-g274887-Activities-Budapest_Central_Hungary.html
Piac-Placc, 3.0, Shopping, /Attraction_Review-g274887-d12213096-Reviews-Piac_Placc-Budapest_Central_Hungary.html, /Attractions-g274887-Activities-Budapest_Central_Hungary.html
Orsiékszer, 5.0, Museums, /Attraction_Review-g274887-d8588443-Reviews-Orsiekszer-Budapest_Central_Hungary.html, /Attractions-g274887-Activities-Budapest_Central_Hungary.html
Hajogyari Island, 4.5, Nature & Parks, /Attraction_Review-g274887-d13839335-Reviews-Hajogyari_Island-Budapest_Central_Hungary.html, /Attractions-g274887-Activities-Budapest_Central_Hungary.html
Memorial of Buda Castle Recovery, 3.5, Sights & Landmarks, /Attraction_Review-g274887-d15637288-Reviews-Memorial_of_Buda_Castle_Recovery-Budapest_Central_Hungary.html, /Attractions-g274887-Activities-Budapest_Central_Hungary.html
Statue of Istvan Nagytadi Szabo, 3.5, Sights & Landmarks, /Attraction_Review-g274887-d13939950-Reviews-Statue_of_Istvan_Nagytadi_Szabo-Budapest_Central_Hungary.html, /Attractions-g274887-Activities-Budapest_Central_Hungary.html
Varfok Gallery, 4.5, Museums, /Attraction_Review-g274887-d7117157-Reviews-Varfok_Gallery-Budapest_Central_Hungary.html, /Attractions-g274887-Activities-Budapest_Central_Hungary.html
Kassak Museum, 3.5, Museums, /Attraction_Review-g274887-d3652187-Reviews-Kassak_Museum-Budapest_Central_Hungary.html, /Attractions-g274887-Activities-Budapest_Central_Hungary.html
Nereids Fountain, 3.5, Sights & Landmarks, /Attraction_Review-g274887-d13866694-Reviews-Nereids_Fountain-Budapest_Central_Hungary.html, /Attractions-g274887-Activities-Budapest_Central_Hungary.html
Bust of Ferenc Salamon, 3.0, Sights & Landmarks, /Attraction_Review-g274887-d15637256-Reviews-Bust_of_Ferenc_Salamon-Budapest_Central_Hungary.html, /Attractions-g274887-Activities-Budapest_Central_Hungary.html
Memorial of the Katyn Martyrs, 4.0, Sights & Landmarks, /Attraction_Review-g274887-d11445204-Reviews-Memorial_of_the_Katyn_Martyrs-Budapest_Central_Hungary.html, /Attractions-g274887-Activities-Budapest_Central_Hungary.html
Bethlen Sqaure Synagogue, 4.0, Sights & Landmarks, /Attraction_Review-g274887-d12571843-Reviews-Bethlen_Sqaure_Synagogue-Budapest_Central_Hungary.html, /Attractions-g274887-Activities-Budapest_Central_Hungary.html
Saint Florian Church, 3.5, Sights & Landmarks, /Attraction_Review-g274887-d13866683-Reviews-Saint_Florian_Church-Budapest_Central_Hungary.html, /Attractions-g274887-Activities-Budapest_Central_Hungary.html
Jokai Memorial Room, 5.0, Museums, /Attraction_Review-g274887-d13866662-Reviews-Jokai_Memorial_Room-Budapest_Central_Hungary.html, /Attractions-g274887-Activities-Budapest_Central_Hungary.html
