attraction_name, attraction_rate, attraction_type, attraction_url, attraction_parent_url
Liberty Bridge (Szabadsag hid), 4.5, Sights & Landmarks, /Attraction_Review-g274887-d3228385-Reviews-Liberty_Bridge_Szabadsag_hid-Budapest_Central_Hungary.html, /Attractions-g274887-Activities-Budapest_Central_Hungary.html
Faust Wine Cellar, 5.0, Food & Drink, /Attraction_Review-g274887-d1605002-Reviews-Faust_Wine_Cellar-Budapest_Central_Hungary.html, /Attractions-g274887-Activities-Budapest_Central_Hungary.html
Szepmuveszeti Muzeum, 4.0, Museums, /Attraction_Review-g274887-d276829-Reviews-Szepmuveszeti_Muzeum-Budapest_Central_Hungary.html, /Attractions-g274887-Activities-Budapest_Central_Hungary.html
Castle Garden, 4.5, Sights & Landmarks, /Attraction_Review-g274887-d7178088-Reviews-Castle_Garden-Budapest_Central_Hungary.html, /Attractions-g274887-Activities-Budapest_Central_Hungary.html
Andrassy Avenue, 4.0, Sights & Landmarks, /Attraction_Review-g274887-d280730-Reviews-Andrassy_Avenue-Budapest_Central_Hungary.html, /Attractions-g274887-Activities-Budapest_Central_Hungary.html
Budapest Christmas Fair, 4.0, Events, /Attraction_Review-g274887-d10020417-Reviews-Budapest_Christmas_Fair-Budapest_Central_Hungary.html, /Attractions-g274887-Activities-Budapest_Central_Hungary.html
Tropicarium, 4.0, Zoos & Aquariums, /Attraction_Review-g274887-d279010-Reviews-Tropicarium-Budapest_Central_Hungary.html, /Attractions-g274887-Activities-Budapest_Central_Hungary.html
Zugligeti Libegő, 4.5, Transportation, /Attraction_Review-g274887-d6900976-Reviews-Zugligeti_Libego-Budapest_Central_Hungary.html, /Attractions-g274887-Activities-Budapest_Central_Hungary.html
Sziget Festival, 5.0, Events, /Attraction_Review-g274887-d10407622-Reviews-Sziget_Festival-Budapest_Central_Hungary.html, /Attractions-g274887-Activities-Budapest_Central_Hungary.html
New York Palace, 4.5, Sights & Landmarks, /Attraction_Review-g274887-d6940639-Reviews-New_York_Palace-Budapest_Central_Hungary.html, /Attractions-g274887-Activities-Budapest_Central_Hungary.html
The House of Houdini, 4.0, Museums, /Attraction_Review-g274887-d10475152-Reviews-The_House_of_Houdini-Budapest_Central_Hungary.html, /Attractions-g274887-Activities-Budapest_Central_Hungary.html
Hungarian State Opera House (Magyar Allami Operahaz), 4.5, Concerts & Shows, /Attraction_Review-g274887-d276812-Reviews-Hungarian_State_Opera_House_Magyar_Allami_Operahaz-Budapest_Central_Hungary.html, /Attractions-g274887-Activities-Budapest_Central_Hungary.html
Vaci Street, 4.0, Sights & Landmarks, /Attraction_Review-g274887-d276823-Reviews-Vaci_Street-Budapest_Central_Hungary.html, /Attractions-g274887-Activities-Budapest_Central_Hungary.html
Vorosmarty Square (Vorosmarty ter), 4.0, Sights & Landmarks, /Attraction_Review-g274887-d276826-Reviews-Vorosmarty_Square_Vorosmarty_ter-Budapest_Central_Hungary.html, /Attractions-g274887-Activities-Budapest_Central_Hungary.html
Anonymus Szobor (Anonymous' Statue), 4.5, Sights & Landmarks, /Attraction_Review-g274887-d3822703-Reviews-Anonymus_Szobor_Anonymous_Statue-Budapest_Central_Hungary.html, /Attractions-g274887-Activities-Budapest_Central_Hungary.html
Memento Park, 4.0, Museums, /Attraction_Review-g274887-d276834-Reviews-Memento_Park-Budapest_Central_Hungary.html, /Attractions-g274887-Activities-Budapest_Central_Hungary.html
Koller Gallery, 5.0, Museums, /Attraction_Review-g274887-d1988979-Reviews-Koller_Gallery-Budapest_Central_Hungary.html, /Attractions-g274887-Activities-Budapest_Central_Hungary.html
Janoshegy, 4.5, Sights & Landmarks, /Attraction_Review-g274887-d276832-Reviews-Janoshegy-Budapest_Central_Hungary.html, /Attractions-g274887-Activities-Budapest_Central_Hungary.html
Hungarian National Museum, 4.0, Museums, /Attraction_Review-g274887-d276813-Reviews-Hungarian_National_Museum-Budapest_Central_Hungary.html, /Attractions-g274887-Activities-Budapest_Central_Hungary.html
Zwack Heritage and Visitors' Centre, 4.5, Museums, /Attraction_Review-g274887-d3700836-Reviews-Zwack_Heritage_and_Visitors_Centre-Budapest_Central_Hungary.html, /Attractions-g274887-Activities-Budapest_Central_Hungary.html
Danube Palace, 4.5, Concerts & Shows, /Attraction_Review-g274887-d276856-Reviews-Danube_Palace-Budapest_Central_Hungary.html, /Attractions-g274887-Activities-Budapest_Central_Hungary.html
Kossuth Lajos Square, 4.5, Sights & Landmarks, /Attraction_Review-g274887-d6940668-Reviews-Kossuth_Lajos_Square-Budapest_Central_Hungary.html, /Attractions-g274887-Activities-Budapest_Central_Hungary.html
House of Terror Museum, 4.0, Museums, /Attraction_Review-g274887-d325279-Reviews-House_of_Terror_Museum-Budapest_Central_Hungary.html, /Attractions-g274887-Activities-Budapest_Central_Hungary.html
Jewish Quarter, 4.5, Other, /Attraction_Review-g274887-d9716578-Reviews-Jewish_Quarter-Budapest_Central_Hungary.html, /Attractions-g274887-Activities-Budapest_Central_Hungary.html
Gresham Palace, 4.5, Sights & Landmarks, /Attraction_Review-g274887-d2019504-Reviews-Gresham_Palace-Budapest_Central_Hungary.html, /Attractions-g274887-Activities-Budapest_Central_Hungary.html
Buda Hill Funicular, 3.5, Transportation, /Attraction_Review-g274887-d546225-Reviews-Buda_Hill_Funicular-Budapest_Central_Hungary.html, /Attractions-g274887-Activities-Budapest_Central_Hungary.html
Fiumei Road Cemetery, 4.5, Sights & Landmarks, /Attraction_Review-g274887-d2310350-Reviews-Fiumei_Road_Cemetery-Budapest_Central_Hungary.html, /Attractions-g274887-Activities-Budapest_Central_Hungary.html
Erkel Theatre, 4.5, Concerts & Shows, /Attraction_Review-g274887-d276864-Reviews-Erkel_Theatre-Budapest_Central_Hungary.html, /Attractions-g274887-Activities-Budapest_Central_Hungary.html
Szabadság Tér, 4.0, Sights & Landmarks, /Attraction_Review-g274887-d523703-Reviews-Szabadsag_Ter-Budapest_Central_Hungary.html, /Attractions-g274887-Activities-Budapest_Central_Hungary.html
Statue of St Stephen, 4.5, Sights & Landmarks, /Attraction_Review-g274887-d297078-Reviews-Statue_of_St_Stephen-Budapest_Central_Hungary.html, /Attractions-g274887-Activities-Budapest_Central_Hungary.html
