attraction_name, attraction_rate, attraction_type, attraction_url, attraction_parent_url
Nadas Winery - Etyek, 5.0, Food & Drink, /Attraction_Review-g1077271-d7399133-Reviews-Nadas_Winery_Etyek-Etyek_Fejer_County_Central_Transdanubia.html, /Attractions-g1077271-Activities-Etyek_Fejer_County_Central_Transdanubia.html
Etyeki Kuria Winery, 4.5, Food & Drink, /Attraction_Review-g1077271-d3246589-Reviews-Etyeki_Kuria_Winery-Etyek_Fejer_County_Central_Transdanubia.html, /Attractions-g1077271-Activities-Etyek_Fejer_County_Central_Transdanubia.html
Rókusfalvy Estate, 5.0, Food & Drink, /Attraction_Review-g1077271-d3385298-Reviews-Rokusfalvy_Estate-Etyek_Fejer_County_Central_Transdanubia.html, /Attractions-g1077271-Activities-Etyek_Fejer_County_Central_Transdanubia.html
Hernyak Estate, 5.0, Food & Drink, /Attraction_Review-g1077271-d2694366-Reviews-Hernyak_Estate-Etyek_Fejer_County_Central_Transdanubia.html, /Attractions-g1077271-Activities-Etyek_Fejer_County_Central_Transdanubia.html
Haraszthy Vineyards, 4.0, Food & Drink, /Attraction_Review-g1077271-d8355624-Reviews-Haraszthy_Vineyards-Etyek_Fejer_County_Central_Transdanubia.html, /Attractions-g1077271-Activities-Etyek_Fejer_County_Central_Transdanubia.html
Anonym Winery, 4.5, Food & Drink, /Attraction_Review-g1077271-d9716987-Reviews-Anonym_Winery-Etyek_Fejer_County_Central_Transdanubia.html, /Attractions-g1077271-Activities-Etyek_Fejer_County_Central_Transdanubia.html
EtyekM. Winery, 5.0, Food & Drink, /Attraction_Review-g1077271-d5809885-Reviews-EtyekM_Winery-Etyek_Fejer_County_Central_Transdanubia.html, /Attractions-g1077271-Activities-Etyek_Fejer_County_Central_Transdanubia.html
Korda Filmpark, 3.0, Sights & Landmarks, /Attraction_Review-g1077271-d8043084-Reviews-Korda_Filmpark-Etyek_Fejer_County_Central_Transdanubia.html, /Attractions-g1077271-Activities-Etyek_Fejer_County_Central_Transdanubia.html
Orosz Gyula Family Winery, 5.0, Food & Drink, /Attraction_Review-g1077271-d6786997-Reviews-Orosz_Gyula_Family_Winery-Etyek_Fejer_County_Central_Transdanubia.html, /Attractions-g1077271-Activities-Etyek_Fejer_County_Central_Transdanubia.html
SzepvolgyonAT, None, Food & Drink, /Attraction_Review-g1077271-d11761179-Reviews-SzepvolgyonAT-Etyek_Fejer_County_Central_Transdanubia.html, /Attractions-g1077271-Activities-Etyek_Fejer_County_Central_Transdanubia.html
Gingallo Chocolaterie, 5.0, Shopping, /Attraction_Review-g1077271-d7740113-Reviews-Gingallo_Chocolaterie-Etyek_Fejer_County_Central_Transdanubia.html, /Attractions-g1077271-Activities-Etyek_Fejer_County_Central_Transdanubia.html
Kálna Pincze, 5.0, Food & Drink, /Attraction_Review-g1077271-d12206861-Reviews-Kalna_Pincze-Etyek_Fejer_County_Central_Transdanubia.html, /Attractions-g1077271-Activities-Etyek_Fejer_County_Central_Transdanubia.html
