attraction_name, attraction_rate, attraction_type, attraction_url, attraction_parent_url
Kohegyi Kilato, 4.5, Sights & Landmarks, /Attraction_Review-g644233-d3428287-Reviews-Kohegyi_Kilato-Zamardi_Somogy_County_Southern_Transdanubia.html, /Attractions-g644233-Activities-Zamardi_Somogy_County_Southern_Transdanubia.html
Balaton Szive szobor, 4.5, Sights & Landmarks, /Attraction_Review-g644233-d8489552-Reviews-Balaton_Szive_szobor-Zamardi_Somogy_County_Southern_Transdanubia.html, /Attractions-g644233-Activities-Zamardi_Somogy_County_Southern_Transdanubia.html
Balaton Sound, 4.5, Events, /Attraction_Review-g644233-d10020416-Reviews-Balaton_Sound-Zamardi_Somogy_County_Southern_Transdanubia.html, /Attractions-g644233-Activities-Zamardi_Somogy_County_Southern_Transdanubia.html
Kohegy - The Stonehill, 4.5, Nature & Parks, /Attraction_Review-g644233-d1233560-Reviews-Kohegy_The_Stonehill-Zamardi_Somogy_County_Southern_Transdanubia.html, /Attractions-g644233-Activities-Zamardi_Somogy_County_Southern_Transdanubia.html
Szamarko (Donkey Stone), 4.0, Sights & Landmarks, /Attraction_Review-g644233-d1233038-Reviews-Szamarko_Donkey_Stone-Zamardi_Somogy_County_Southern_Transdanubia.html, /Attractions-g644233-Activities-Zamardi_Somogy_County_Southern_Transdanubia.html
Rákóczi Memorial, 4.0, Sights & Landmarks, /Attraction_Review-g644233-d1233027-Reviews-Rakoczi_Memorial-Zamardi_Somogy_County_Southern_Transdanubia.html, /Attractions-g644233-Activities-Zamardi_Somogy_County_Southern_Transdanubia.html
Jubilee Monument, 3.5, Sights & Landmarks, /Attraction_Review-g644233-d1233573-Reviews-Jubilee_Monument-Zamardi_Somogy_County_Southern_Transdanubia.html, /Attractions-g644233-Activities-Zamardi_Somogy_County_Southern_Transdanubia.html
Kalandpark, 4.0, Tours, /Attraction_Review-g644233-d4544977-Reviews-Kalandpark-Zamardi_Somogy_County_Southern_Transdanubia.html, /Attractions-g644233-Activities-Zamardi_Somogy_County_Southern_Transdanubia.html
Zimek Palinka Workshop, 4.5, Food & Drink, /Attraction_Review-g644233-d12076248-Reviews-Zimek_Palinka_Workshop-Zamardi_Somogy_County_Southern_Transdanubia.html, /Attractions-g644233-Activities-Zamardi_Somogy_County_Southern_Transdanubia.html
Fruit Wellness Center, 4.5, Shopping, /Attraction_Review-g644233-d12269078-Reviews-Fruit_Wellness_Center-Zamardi_Somogy_County_Southern_Transdanubia.html, /Attractions-g644233-Activities-Zamardi_Somogy_County_Southern_Transdanubia.html
