attraction_name, attraction_rate, attraction_type, attraction_url, attraction_parent_url
The Obuda Synagogue, 4.0, Sights & Landmarks, /Attraction_Review-g274887-d5113154-Reviews-The_Obuda_Synagogue-Budapest_Central_Hungary.html, /Attractions-g274887-Activities-Budapest_Central_Hungary.html
Mikszath Kalman Square, 4.0, Sights & Landmarks, /Attraction_Review-g274887-d13314073-Reviews-Mikszath_Kalman_Square-Budapest_Central_Hungary.html, /Attractions-g274887-Activities-Budapest_Central_Hungary.html
Saint Roch Parish, 4.0, Sights & Landmarks, /Attraction_Review-g274887-d13369847-Reviews-Saint_Roch_Parish-Budapest_Central_Hungary.html, /Attractions-g274887-Activities-Budapest_Central_Hungary.html
Medieval Jewish Chapel (Kozepkori Zsido Imahaz), 3.0, Sights & Landmarks, /Attraction_Review-g274887-d279022-Reviews-Medieval_Jewish_Chapel_Kozepkori_Zsido_Imahaz-Budapest_Central_Hungary.html, /Attractions-g274887-Activities-Budapest_Central_Hungary.html
Lóvasút Kulturális és Rendezvényközpont, 5.0, Museums, /Attraction_Review-g274887-d12908733-Reviews-Lovasut_Kulturalis_es_Rendezvenykozpont-Budapest_Central_Hungary.html, /Attractions-g274887-Activities-Budapest_Central_Hungary.html
Zelnik Istvan Southeast Asian Gold Museum, 4.5, Museums, /Attraction_Review-g274887-d2311245-Reviews-Zelnik_Istvan_Southeast_Asian_Gold_Museum-Budapest_Central_Hungary.html, /Attractions-g274887-Activities-Budapest_Central_Hungary.html
Árpád lookout, 5.0, Sights & Landmarks, /Attraction_Review-g274887-d13864119-Reviews-Arpad_lookout-Budapest_Central_Hungary.html, /Attractions-g274887-Activities-Budapest_Central_Hungary.html
Birkenstock Store & Outlet, 3.0, Shopping, /Attraction_Review-g274887-d15357085-Reviews-Birkenstock_Store_Outlet-Budapest_Central_Hungary.html, /Attractions-g274887-Activities-Budapest_Central_Hungary.html
Elektrotechnikai Múzeuma, 3.0, Museums, /Attraction_Review-g274887-d8383432-Reviews-Elektrotechnikai_Muzeuma-Budapest_Central_Hungary.html, /Attractions-g274887-Activities-Budapest_Central_Hungary.html
Orczy-Kert (Orczy-Park), 3.5, Nature & Parks, /Attraction_Review-g274887-d4400887-Reviews-Orczy_Kert_Orczy_Park-Budapest_Central_Hungary.html, /Attractions-g274887-Activities-Budapest_Central_Hungary.html
Taras Shevchenko monument, 4.0, Sights & Landmarks, /Attraction_Review-g274887-d6694394-Reviews-Taras_Shevchenko_monument-Budapest_Central_Hungary.html, /Attractions-g274887-Activities-Budapest_Central_Hungary.html
Kazinczy Memorial Fountain, 3.5, Sights & Landmarks, /Attraction_Review-g274887-d13939936-Reviews-Kazinczy_Memorial_Fountain-Budapest_Central_Hungary.html, /Attractions-g274887-Activities-Budapest_Central_Hungary.html
Fasori Reformed Church, 3.5, Sights & Landmarks, /Attraction_Review-g274887-d10440966-Reviews-Fasori_Reformed_Church-Budapest_Central_Hungary.html, /Attractions-g274887-Activities-Budapest_Central_Hungary.html
Guri Serhaz, 5.0, Food & Drink, /Attraction_Review-g274887-d14480301-Reviews-Guri_Serhaz-Budapest_Central_Hungary.html, /Attractions-g274887-Activities-Budapest_Central_Hungary.html
Jókai Mór Sculpture, 3.0, Sights & Landmarks, /Attraction_Review-g274887-d15637960-Reviews-Jokai_Mor_Sculpture-Budapest_Central_Hungary.html, /Attractions-g274887-Activities-Budapest_Central_Hungary.html
Városmajor Heart of Jesus Parish Church, 4.0, Sights & Landmarks, /Attraction_Review-g274887-d10770441-Reviews-Varosmajor_Heart_of_Jesus_Parish_Church-Budapest_Central_Hungary.html, /Attractions-g274887-Activities-Budapest_Central_Hungary.html
The Open Book Fountain, 3.5, Sights & Landmarks, /Attraction_Review-g274887-d15335487-Reviews-The_Open_Book_Fountain-Budapest_Central_Hungary.html, /Attractions-g274887-Activities-Budapest_Central_Hungary.html
Millennium Haza, 4.5, Museums, /Attraction_Review-g274887-d19341898-Reviews-Millennium_Haza-Budapest_Central_Hungary.html, /Attractions-g274887-Activities-Budapest_Central_Hungary.html
National Dance Theatre, 4.0, Concerts & Shows, /Attraction_Review-g274887-d3671838-Reviews-National_Dance_Theatre-Budapest_Central_Hungary.html, /Attractions-g274887-Activities-Budapest_Central_Hungary.html
Statue of Pallas Athene, 3.5, Sights & Landmarks, /Attraction_Review-g274887-d13940067-Reviews-Statue_of_Pallas_Athene-Budapest_Central_Hungary.html, /Attractions-g274887-Activities-Budapest_Central_Hungary.html
LemezPiac Budapest Record Fair, 4.5, Shopping, /Attraction_Review-g274887-d12418019-Reviews-LemezPiac_Budapest_Record_Fair-Budapest_Central_Hungary.html, /Attractions-g274887-Activities-Budapest_Central_Hungary.html
Peter and Paul's Church, 4.0, Sights & Landmarks, /Attraction_Review-g274887-d8743582-Reviews-Peter_and_Paul_s_Church-Budapest_Central_Hungary.html, /Attractions-g274887-Activities-Budapest_Central_Hungary.html
Fountain of the Fishing Children, 4.0, Sights & Landmarks, /Attraction_Review-g274887-d15594777-Reviews-Fountain_of_the_Fishing_Children-Budapest_Central_Hungary.html, /Attractions-g274887-Activities-Budapest_Central_Hungary.html
Örkény Theatre, 5.0, Concerts & Shows, /Attraction_Review-g274887-d10198266-Reviews-Orkeny_Theatre-Budapest_Central_Hungary.html, /Attractions-g274887-Activities-Budapest_Central_Hungary.html
Kalvin Square, 3.0, Sights & Landmarks, /Attraction_Review-g274887-d15640723-Reviews-Kalvin_Square-Budapest_Central_Hungary.html, /Attractions-g274887-Activities-Budapest_Central_Hungary.html
Lajos Fountain, 4.0, Sights & Landmarks, /Attraction_Review-g274887-d13866691-Reviews-Lajos_Fountain-Budapest_Central_Hungary.html, /Attractions-g274887-Activities-Budapest_Central_Hungary.html
Farkasreti Cemetery, 4.5, Sights & Landmarks, /Attraction_Review-g274887-d7109041-Reviews-Farkasreti_Cemetery-Budapest_Central_Hungary.html, /Attractions-g274887-Activities-Budapest_Central_Hungary.html
New Theatre, 3.5, Concerts & Shows, /Attraction_Review-g274887-d3602730-Reviews-New_Theatre-Budapest_Central_Hungary.html, /Attractions-g274887-Activities-Budapest_Central_Hungary.html
St. Catherine of Alexandria Church, 3.5, Sights & Landmarks, /Attraction_Review-g274887-d8743719-Reviews-St_Catherine_of_Alexandria_Church-Budapest_Central_Hungary.html, /Attractions-g274887-Activities-Budapest_Central_Hungary.html
A Habsburg Nadori Kripta, 4.5, Museums, /Attraction_Review-g274887-d14096258-Reviews-A_Habsburg_Nadori_Kripta-Budapest_Central_Hungary.html, /Attractions-g274887-Activities-Budapest_Central_Hungary.html
