attraction_name, attraction_rate, attraction_type, attraction_url, attraction_parent_url
Nagyerdei Park, 4.5, Nature & Parks, /Attraction_Review-g274890-d10088920-Reviews-Nagyerdei_Park-Debrecen_Hajdu_Bihar_County_Northern_Great_Plain.html, /Attractions-g274890-Activities-Debrecen_Hajdu_Bihar_County_Northern_Great_Plain.html
Hortobagy National Park, 4.5, Nature & Parks, /Attraction_Review-g274890-d312348-Reviews-Hortobagy_National_Park-Debrecen_Hajdu_Bihar_County_Northern_Great_Plain.html, /Attractions-g274890-Activities-Debrecen_Hajdu_Bihar_County_Northern_Great_Plain.html
Great Church (Nagytemplom), 4.5, Sights & Landmarks, /Attraction_Review-g274890-d547289-Reviews-Great_Church_Nagytemplom-Debrecen_Hajdu_Bihar_County_Northern_Great_Plain.html, /Attractions-g274890-Activities-Debrecen_Hajdu_Bihar_County_Northern_Great_Plain.html
Deri Museum, 4.0, Museums, /Attraction_Review-g274890-d1759866-Reviews-Deri_Museum-Debrecen_Hajdu_Bihar_County_Northern_Great_Plain.html, /Attractions-g274890-Activities-Debrecen_Hajdu_Bihar_County_Northern_Great_Plain.html
Debrecen Zoo and Amusement Park, 4.0, Zoos & Aquariums, /Attraction_Review-g274890-d1759885-Reviews-Debrecen_Zoo_and_Amusement_Park-Debrecen_Hajdu_Bihar_County_Northern_Great_Plain.html, /Attractions-g274890-Activities-Debrecen_Hajdu_Bihar_County_Northern_Great_Plain.html
Kerekerdő Adventure Park, 4.0, Water & Amusement Parks, /Attraction_Review-g274890-d10155100-Reviews-Kerekerdo_Adventure_Park-Debrecen_Hajdu_Bihar_County_Northern_Great_Plain.html, /Attractions-g274890-Activities-Debrecen_Hajdu_Bihar_County_Northern_Great_Plain.html
Agora Science Center, 4.5, Museums, /Attraction_Review-g274890-d7980907-Reviews-Agora_Science_Center-Debrecen_Hajdu_Bihar_County_Northern_Great_Plain.html, /Attractions-g274890-Activities-Debrecen_Hajdu_Bihar_County_Northern_Great_Plain.html
Main Building of University of Debrecen, 5.0, Sights & Landmarks, /Attraction_Review-g274890-d10771980-Reviews-Main_Building_of_University_of_Debrecen-Debrecen_Hajdu_Bihar_County_Northern_Gre.html, /Attractions-g274890-Activities-Debrecen_Hajdu_Bihar_County_Northern_Great_Plain.html
Nagyerdei Stadium, 4.5, Sights & Landmarks, /Attraction_Review-g274890-d7143821-Reviews-Nagyerdei_Stadium-Debrecen_Hajdu_Bihar_County_Northern_Great_Plain.html, /Attractions-g274890-Activities-Debrecen_Hajdu_Bihar_County_Northern_Great_Plain.html
Museum of the Reformed College of Debrecen, 4.5, Museums, /Attraction_Review-g274890-d10086718-Reviews-Museum_of_the_Reformed_College_of_Debrecen-Debrecen_Hajdu_Bihar_County_Northern_.html, /Attractions-g274890-Activities-Debrecen_Hajdu_Bihar_County_Northern_Great_Plain.html
Statue of Lajos Kossuth, 4.5, Sights & Landmarks, /Attraction_Review-g274890-d7022936-Reviews-Statue_of_Lajos_Kossuth-Debrecen_Hajdu_Bihar_County_Northern_Great_Plain.html, /Attractions-g274890-Activities-Debrecen_Hajdu_Bihar_County_Northern_Great_Plain.html
Szent Anna Cathedral and Parish Church, 4.5, Sights & Landmarks, /Attraction_Review-g274890-d12908745-Reviews-Szent_Anna_Cathedral_and_Parish_Church-Debrecen_Hajdu_Bihar_County_Northern_Grea.html, /Attractions-g274890-Activities-Debrecen_Hajdu_Bihar_County_Northern_Great_Plain.html
Puszta Animal Park, 4.0, Nature & Parks, /Attraction_Review-g274890-d319090-Reviews-Puszta_Animal_Park-Debrecen_Hajdu_Bihar_County_Northern_Great_Plain.html, /Attractions-g274890-Activities-Debrecen_Hajdu_Bihar_County_Northern_Great_Plain.html
Debrecen Plaza, 3.0, Shopping, /Attraction_Review-g274890-d7856365-Reviews-Debrecen_Plaza-Debrecen_Hajdu_Bihar_County_Northern_Great_Plain.html, /Attractions-g274890-Activities-Debrecen_Hajdu_Bihar_County_Northern_Great_Plain.html
Debrecen Market, 4.0, Shopping, /Attraction_Review-g274890-d9566787-Reviews-Debrecen_Market-Debrecen_Hajdu_Bihar_County_Northern_Great_Plain.html, /Attractions-g274890-Activities-Debrecen_Hajdu_Bihar_County_Northern_Great_Plain.html
MODEM Centre for Modern and Contemporary Arts, 4.0, Museums, /Attraction_Review-g274890-d1759875-Reviews-MODEM_Centre_for_Modern_and_Contemporary_Arts-Debrecen_Hajdu_Bihar_County_Norther.html, /Attractions-g274890-Activities-Debrecen_Hajdu_Bihar_County_Northern_Great_Plain.html
Pásti Street Orthodox Synagogue, 4.5, Sights & Landmarks, /Attraction_Review-g274890-d12405718-Reviews-Pasti_Street_Orthodox_Synagogue-Debrecen_Hajdu_Bihar_County_Northern_Great_Plain.html, /Attractions-g274890-Activities-Debrecen_Hajdu_Bihar_County_Northern_Great_Plain.html
Veres Church, 4.0, Sights & Landmarks, /Attraction_Review-g274890-d13085941-Reviews-Veres_Church-Debrecen_Hajdu_Bihar_County_Northern_Great_Plain.html, /Attractions-g274890-Activities-Debrecen_Hajdu_Bihar_County_Northern_Great_Plain.html
Csokonai Szinhaz, 4.0, Concerts & Shows, /Attraction_Review-g274890-d20007496-Reviews-Csokonai_Szinhaz-Debrecen_Hajdu_Bihar_County_Northern_Great_Plain.html, /Attractions-g274890-Activities-Debrecen_Hajdu_Bihar_County_Northern_Great_Plain.html
Aquaticum Medicinal and Thermal Baths, 4.5, Spas & Wellness, /Attraction_Review-g274890-d661724-Reviews-Aquaticum_Medicinal_and_Thermal_Baths-Debrecen_Hajdu_Bihar_County_Northern_Great_P.html, /Attractions-g274890-Activities-Debrecen_Hajdu_Bihar_County_Northern_Great_Plain.html
Aquaticum Debrecen, 4.5, Water & Amusement Parks, /Attraction_Review-g274890-d290718-Reviews-Aquaticum_Debrecen-Debrecen_Hajdu_Bihar_County_Northern_Great_Plain.html, /Attractions-g274890-Activities-Debrecen_Hajdu_Bihar_County_Northern_Great_Plain.html
Nagyerdei Water Tower, 4.5, Nightlife, /Attraction_Review-g274890-d8474834-Reviews-Nagyerdei_Water_Tower-Debrecen_Hajdu_Bihar_County_Northern_Great_Plain.html, /Attractions-g274890-Activities-Debrecen_Hajdu_Bihar_County_Northern_Great_Plain.html
Phoenix Baltadobalas, 5.0, Fun & Games, /Attraction_Review-g274890-d21197090-Reviews-Phoenix_Baltadobalas-Debrecen_Hajdu_Bihar_County_Northern_Great_Plain.html, /Attractions-g274890-Activities-Debrecen_Hajdu_Bihar_County_Northern_Great_Plain.html
SZUSZ&& Szeged Street Leisure Park, 4.5, Fun & Games, /Attraction_Review-g274890-d12620002-Reviews-SZUSZ_Szeged_Street_Leisure_Park-Debrecen_Hajdu_Bihar_County_Northern_Great_Plai.html, /Attractions-g274890-Activities-Debrecen_Hajdu_Bihar_County_Northern_Great_Plain.html
Exit the Room, 4.5, Fun & Games, /Attraction_Review-g274890-d10771118-Reviews-Exit_the_Room-Debrecen_Hajdu_Bihar_County_Northern_Great_Plain.html, /Attractions-g274890-Activities-Debrecen_Hajdu_Bihar_County_Northern_Great_Plain.html
Paparazzi Kitchen &amp; Bar, 5.0, Nightlife, /Attraction_Review-g274890-d15207981-Reviews-Paparazzi_Kitchen_Bar-Debrecen_Hajdu_Bihar_County_Northern_Great_Plain.html, /Attractions-g274890-Activities-Debrecen_Hajdu_Bihar_County_Northern_Great_Plain.html
Apolló Cinema, 5.0, Fun & Games, /Attraction_Review-g274890-d8846139-Reviews-Apollo_Cinema-Debrecen_Hajdu_Bihar_County_Northern_Great_Plain.html, /Attractions-g274890-Activities-Debrecen_Hajdu_Bihar_County_Northern_Great_Plain.html
Mokka Drink Bar, 4.0, Nightlife, /Attraction_Review-g274890-d9456461-Reviews-Mokka_Drink_Bar-Debrecen_Hajdu_Bihar_County_Northern_Great_Plain.html, /Attractions-g274890-Activities-Debrecen_Hajdu_Bihar_County_Northern_Great_Plain.html
Reformed Church, 4.5, Sights & Landmarks, /Attraction_Review-g274890-d20808780-Reviews-Reformed_Church-Debrecen_Hajdu_Bihar_County_Northern_Great_Plain.html, /Attractions-g274890-Activities-Debrecen_Hajdu_Bihar_County_Northern_Great_Plain.html
Huskeebike, 5.0, Outdoor Activities, /Attraction_Review-g274890-d10767801-Reviews-Huskeebike-Debrecen_Hajdu_Bihar_County_Northern_Great_Plain.html, /Attractions-g274890-Activities-Debrecen_Hajdu_Bihar_County_Northern_Great_Plain.html
