attraction_name, attraction_rate, attraction_type, attraction_url, attraction_parent_url
Pécsi Lakatfal, 3.5, Sights & Landmarks, /Attraction_Review-g274905-d20936357-Reviews-Pecsi_Lakatfal-Pecs_Baranya_County_Southern_Transdanubia.html, /Attractions-g274905-Activities-Pecs_Baranya_County_Southern_Transdanubia.html
Tomb of Idris Baba, 4.0, Sights & Landmarks, /Attraction_Review-g274905-d20901102-Reviews-Tomb_of_Idris_Baba-Pecs_Baranya_County_Southern_Transdanubia.html, /Attractions-g274905-Activities-Pecs_Baranya_County_Southern_Transdanubia.html
Kossuth Square, None, Sights & Landmarks, /Attraction_Review-g274905-d20936686-Reviews-Kossuth_Square-Pecs_Baranya_County_Southern_Transdanubia.html, /Attractions-g274905-Activities-Pecs_Baranya_County_Southern_Transdanubia.html
Statue Of Franz Liszt, None, Sights & Landmarks, /Attraction_Review-g274905-d20936690-Reviews-Statue_Of_Franz_Liszt-Pecs_Baranya_County_Southern_Transdanubia.html, /Attractions-g274905-Activities-Pecs_Baranya_County_Southern_Transdanubia.html
Kossuth Statue, None, Sights & Landmarks, /Attraction_Review-g274905-d20937595-Reviews-Kossuth_Statue-Pecs_Baranya_County_Southern_Transdanubia.html, /Attractions-g274905-Activities-Pecs_Baranya_County_Southern_Transdanubia.html
