attraction_name, attraction_rate, attraction_type, attraction_url, attraction_parent_url
Béres Vineyard and Winery, 5.0, Food & Drink, /Attraction_Review-g2546082-d16945435-Reviews-Beres_Vineyard_and_Winery-Erdobenye_Borsod_Abauj_Zemplen_County_Northern_Hungar.html, /Attractions-g2546082-Activities-Erdobenye_Borsod_Abauj_Zemplen_County_Northern_Hungary.html
Abraham Cellar, 4.5, Food & Drink, /Attraction_Review-g2546082-d10766201-Reviews-Abraham_Cellar-Erdobenye_Borsod_Abauj_Zemplen_County_Northern_Hungary.html, /Attractions-g2546082-Activities-Erdobenye_Borsod_Abauj_Zemplen_County_Northern_Hungary.html
Bardon Winery, None, Food & Drink, /Attraction_Review-g2546082-d19336852-Reviews-Bardon_Winery-Erdobenye_Borsod_Abauj_Zemplen_County_Northern_Hungary.html, /Attractions-g2546082-Activities-Erdobenye_Borsod_Abauj_Zemplen_County_Northern_Hungary.html
Illes Pince, 4.5, Nightlife, /Attraction_Review-g2546082-d6619198-Reviews-Illes_Pince-Erdobenye_Borsod_Abauj_Zemplen_County_Northern_Hungary.html, /Attractions-g2546082-Activities-Erdobenye_Borsod_Abauj_Zemplen_County_Northern_Hungary.html
