attraction_name, attraction_rate, attraction_type, attraction_url, attraction_parent_url
Felsopakonyi Sportpalya, None, Fun & Games, /Attraction_Review-g20927425-d21122156-Reviews-Felsopakonyi_Sportpalya-Felsopakony_Pest_County_Central_Hungary.html, /Attractions-g20927425-Activities-Felsopakony_Pest_County_Central_Hungary.html
Felsopakonyi Jatszoter, None, Fun & Games, /Attraction_Review-g20927425-d21122233-Reviews-Felsopakonyi_Jatszoter-Felsopakony_Pest_County_Central_Hungary.html, /Attractions-g20927425-Activities-Felsopakony_Pest_County_Central_Hungary.html
Felsőpakonyi Köztemető, None, Sights & Landmarks, /Attraction_Review-g20927425-d21120870-Reviews-Felsopakonyi_Koztemeto-Felsopakony_Pest_County_Central_Hungary.html, /Attractions-g20927425-Activities-Felsopakony_Pest_County_Central_Hungary.html
Felsőpakony Nagyközség Önkormányzata, None, Sights & Landmarks, /Attraction_Review-g20927425-d21141183-Reviews-Felsopakony_Nagykozseg_Onkormanyzata-Felsopakony_Pest_County_Central_Hungary.html, /Attractions-g20927425-Activities-Felsopakony_Pest_County_Central_Hungary.html
