attraction_name, attraction_rate, attraction_type, attraction_url, attraction_parent_url
Kékfestő Múzeum - Bluedye Museum, 5.0, Museums, /Attraction_Review-g793791-d10512304-Reviews-Kekfesto_Muzeum_Bluedye_Museum-Papa_Veszprem_County_Central_Transdanubia.html, /Attractions-g793791-Activities-Papa_Veszprem_County_Central_Transdanubia.html
Esterhazy Castle, 4.0, Museums, /Attraction_Review-g793791-d13866731-Reviews-Esterhazy_Castle-Papa_Veszprem_County_Central_Transdanubia.html, /Attractions-g793791-Activities-Papa_Veszprem_County_Central_Transdanubia.html
Pannonia Reformata, 5.0, Museums, /Attraction_Review-g793791-d14121993-Reviews-Pannonia_Reformata-Papa_Veszprem_County_Central_Transdanubia.html, /Attractions-g793791-Activities-Papa_Veszprem_County_Central_Transdanubia.html
Vakertfurdo, 4.0, Spas & Wellness, /Attraction_Review-g793791-d15753083-Reviews-Vakertfurdo-Papa_Veszprem_County_Central_Transdanubia.html, /Attractions-g793791-Activities-Papa_Veszprem_County_Central_Transdanubia.html
