attraction_name, attraction_rate, attraction_type, attraction_url, attraction_parent_url
Freedom memorial, 5.0, Sights & Landmarks, /Attraction_Review-g2616774-d20470685-Reviews-Freedom_memorial-Mateszalka_Szabolcs_Szatmar_Bereg_County_Northern_Great_Plain.html, /Attractions-g2616774-Activities-Mateszalka_Szabolcs_Szatmar_Bereg_County_Northern_Great_Plain.html
Seven chieftains fountain, 5.0, Sights & Landmarks, /Attraction_Review-g2616774-d20471507-Reviews-Seven_chieftains_fountain-Mateszalka_Szabolcs_Szatmar_Bereg_County_Northern_Gre.html, /Attractions-g2616774-Activities-Mateszalka_Szabolcs_Szatmar_Bereg_County_Northern_Great_Plain.html
Szentpetery Zsigmond Kulturalis Kozpont es Szinhaz, 4.0, Concerts & Shows, /Attraction_Review-g2616774-d20362822-Reviews-Szentpetery_Zsigmond_Kulturalis_Kozpont_es_Szinhaz-Mateszalka_Szabolcs_Szatmar_.html, /Attractions-g2616774-Activities-Mateszalka_Szabolcs_Szatmar_Bereg_County_Northern_Great_Plain.html
The 'egg' in front of the Kraszna Aruhaz, 3.0, Sights & Landmarks, /Attraction_Review-g2616774-d20471472-Reviews-The_egg_in_front_of_the_Kraszna_Aruhaz-Mateszalka_Szabolcs_Szatmar_Bereg_County.html, /Attractions-g2616774-Activities-Mateszalka_Szabolcs_Szatmar_Bereg_County_Northern_Great_Plain.html
