attraction_name, attraction_rate, attraction_type, attraction_url, attraction_parent_url
Holdvölgy Experience, 5.0, Food & Drink, /Attraction_Review-g274903-d8378528-Reviews-Holdvolgy_Experience-Mad_Borsod_Abauj_Zemplen_County_Northern_Hungary.html, /Attractions-g274903-Activities-Mad_Borsod_Abauj_Zemplen_County_Northern_Hungary.html
Mád Synagogue, 5.0, Sights & Landmarks, /Attraction_Review-g274903-d12362847-Reviews-Mad_Synagogue-Mad_Borsod_Abauj_Zemplen_County_Northern_Hungary.html, /Attractions-g274903-Activities-Mad_Borsod_Abauj_Zemplen_County_Northern_Hungary.html
Pelle Pince, 5.0, Food & Drink, /Attraction_Review-g274903-d20968232-Reviews-Pelle_Pince-Mad_Borsod_Abauj_Zemplen_County_Northern_Hungary.html, /Attractions-g274903-Activities-Mad_Borsod_Abauj_Zemplen_County_Northern_Hungary.html
Juliet Victor Winery, 4.0, Food & Drink, /Attraction_Review-g274903-d17391953-Reviews-Juliet_Victor_Winery-Mad_Borsod_Abauj_Zemplen_County_Northern_Hungary.html, /Attractions-g274903-Activities-Mad_Borsod_Abauj_Zemplen_County_Northern_Hungary.html
