attraction_name, attraction_rate, attraction_type, attraction_url, attraction_parent_url
Zrinyi Castle, 4.5, Sights & Landmarks, /Attraction_Review-g1102817-d6925387-Reviews-Zrinyi_Castle-Szigetvar_Baranya_County_Southern_Transdanubia.html, /Attractions-g1102817-Activities-Szigetvar_Baranya_County_Southern_Transdanubia.html
Zrínyi Monument, 4.5, Sights & Landmarks, /Attraction_Review-g1102817-d10327183-Reviews-Zrinyi_Monument-Szigetvar_Baranya_County_Southern_Transdanubia.html, /Attractions-g1102817-Activities-Szigetvar_Baranya_County_Southern_Transdanubia.html
St. Roch's Church, 4.5, Sights & Landmarks, /Attraction_Review-g1102817-d6925398-Reviews-St_Roch_s_Church-Szigetvar_Baranya_County_Southern_Transdanubia.html, /Attractions-g1102817-Activities-Szigetvar_Baranya_County_Southern_Transdanubia.html
Szigetvar Community and Cultural Centre, 5.0, Sights & Landmarks, /Attraction_Review-g1102817-d10278729-Reviews-Szigetvar_Community_and_Cultural_Centre-Szigetvar_Baranya_County_Southern_Trans.html, /Attractions-g1102817-Activities-Szigetvar_Baranya_County_Southern_Transdanubia.html
Szigetvari Gyogfurdo, 4.5, Spas & Wellness, /Attraction_Review-g1102817-d8662463-Reviews-Szigetvari_Gyogfurdo-Szigetvar_Baranya_County_Southern_Transdanubia.html, /Attractions-g1102817-Activities-Szigetvar_Baranya_County_Southern_Transdanubia.html
Statue of Zrinyi Miklos, 5.0, Sights & Landmarks, /Attraction_Review-g1102817-d20362837-Reviews-Statue_of_Zrinyi_Miklos-Szigetvar_Baranya_County_Southern_Transdanubia.html, /Attractions-g1102817-Activities-Szigetvar_Baranya_County_Southern_Transdanubia.html
Turkish House Museum, 5.0, Museums, /Attraction_Review-g1102817-d20355526-Reviews-Turkish_House_Museum-Szigetvar_Baranya_County_Southern_Transdanubia.html, /Attractions-g1102817-Activities-Szigetvar_Baranya_County_Southern_Transdanubia.html
Equestrian Statue Zrinyi Miklos, 5.0, Sights & Landmarks, /Attraction_Review-g1102817-d20355539-Reviews-Equestrian_Statue_Zrinyi_Miklos-Szigetvar_Baranya_County_Southern_Transdanubia.html, /Attractions-g1102817-Activities-Szigetvar_Baranya_County_Southern_Transdanubia.html
