attraction_name, attraction_rate, attraction_type, attraction_url, attraction_parent_url
RepTár Szolnok Aviation Museum, 5.0, Museums, /Attraction_Review-g274915-d12193324-Reviews-RepTar_Szolnok_Aviation_Museum-Szolnok_Jasz_Nagykun_Szolnok_County_Northern_Grea.html, /Attractions-g274915-Activities-Szolnok_Jasz_Nagykun_Szolnok_County_Northern_Great_Plain.html
Tiszavirág Pedestrian Bridge, 4.5, Sights & Landmarks, /Attraction_Review-g274915-d10771921-Reviews-Tiszavirag_Pedestrian_Bridge-Szolnok_Jasz_Nagykun_Szolnok_County_Northern_Great_.html, /Attractions-g274915-Activities-Szolnok_Jasz_Nagykun_Szolnok_County_Northern_Great_Plain.html
Damjanich Janos Museum, 4.5, Museums, /Attraction_Review-g274915-d12481480-Reviews-Damjanich_Janos_Museum-Szolnok_Jasz_Nagykun_Szolnok_County_Northern_Great_Plain.html, /Attractions-g274915-Activities-Szolnok_Jasz_Nagykun_Szolnok_County_Northern_Great_Plain.html
Tiszaligeti Stadion, 5.0, Sights & Landmarks, /Attraction_Review-g274915-d17154667-Reviews-Tiszaligeti_Stadion-Szolnok_Jasz_Nagykun_Szolnok_County_Northern_Great_Plain.html, /Attractions-g274915-Activities-Szolnok_Jasz_Nagykun_Szolnok_County_Northern_Great_Plain.html
Szolnok Plaza, 3.5, Shopping, /Attraction_Review-g274915-d7856370-Reviews-Szolnok_Plaza-Szolnok_Jasz_Nagykun_Szolnok_County_Northern_Great_Plain.html, /Attractions-g274915-Activities-Szolnok_Jasz_Nagykun_Szolnok_County_Northern_Great_Plain.html
Szolnok Gallery, 3.0, Museums, /Attraction_Review-g274915-d13847753-Reviews-Szolnok_Gallery-Szolnok_Jasz_Nagykun_Szolnok_County_Northern_Great_Plain.html, /Attractions-g274915-Activities-Szolnok_Jasz_Nagykun_Szolnok_County_Northern_Great_Plain.html
Katakomba, 5.0, Fun & Games, /Attraction_Review-g274915-d12168848-Reviews-Katakomba-Szolnok_Jasz_Nagykun_Szolnok_County_Northern_Great_Plain.html, /Attractions-g274915-Activities-Szolnok_Jasz_Nagykun_Szolnok_County_Northern_Great_Plain.html
Stock Pub 1927, None, Nightlife, /Attraction_Review-g274915-d9558245-Reviews-Stock_Pub_1927-Szolnok_Jasz_Nagykun_Szolnok_County_Northern_Great_Plain.html, /Attractions-g274915-Activities-Szolnok_Jasz_Nagykun_Szolnok_County_Northern_Great_Plain.html
Aba-Novak Agora Cultural Center, None, Sights & Landmarks, /Attraction_Review-g274915-d13847760-Reviews-Aba_Novak_Agora_Cultural_Center-Szolnok_Jasz_Nagykun_Szolnok_County_Northern_Gre.html, /Attractions-g274915-Activities-Szolnok_Jasz_Nagykun_Szolnok_County_Northern_Great_Plain.html
Szolnoki Szigligeti Theater, None, Concerts & Shows, /Attraction_Review-g274915-d13847730-Reviews-Szolnoki_Szigligeti_Theater-Szolnok_Jasz_Nagykun_Szolnok_County_Northern_Great_P.html, /Attractions-g274915-Activities-Szolnok_Jasz_Nagykun_Szolnok_County_Northern_Great_Plain.html
Our Lady of Hungary Church, None, Sights & Landmarks, /Attraction_Review-g274915-d21288016-Reviews-Our_Lady_of_Hungary_Church-Szolnok_Jasz_Nagykun_Szolnok_County_Northern_Great_Pl.html, /Attractions-g274915-Activities-Szolnok_Jasz_Nagykun_Szolnok_County_Northern_Great_Plain.html
Herbicum, None, Shopping, /Attraction_Review-g274915-d20230787-Reviews-Herbicum-Szolnok_Jasz_Nagykun_Szolnok_County_Northern_Great_Plain.html, /Attractions-g274915-Activities-Szolnok_Jasz_Nagykun_Szolnok_County_Northern_Great_Plain.html
Reformed Church in Szolnok, None, Sights & Landmarks, /Attraction_Review-g274915-d21314166-Reviews-Reformed_Church_in_Szolnok-Szolnok_Jasz_Nagykun_Szolnok_County_Northern_Great_Pl.html, /Attractions-g274915-Activities-Szolnok_Jasz_Nagykun_Szolnok_County_Northern_Great_Plain.html
