attraction_name, attraction_rate, attraction_type, attraction_url, attraction_parent_url
Gyömrői Tófürdő, 4.5, Nature & Parks, /Attraction_Review-g3175978-d8129406-Reviews-Gyomroi_Tofurdo-Gyomro_Pest_County_Central_Hungary.html, /Attractions-g3175978-Activities-Gyomro_Pest_County_Central_Hungary.html
Allure Gyömrő, 4.0, Nightlife, /Attraction_Review-g3175978-d8798142-Reviews-Allure_Gyomro-Gyomro_Pest_County_Central_Hungary.html, /Attractions-g3175978-Activities-Gyomro_Pest_County_Central_Hungary.html
Gyömrői Nepomuki Szent János Kistemplom, None, Sights & Landmarks, /Attraction_Review-g3175978-d22549593-Reviews-Gyomroi_Nepomuki_Szent_Janos_Kistemplom-Gyomro_Pest_County_Central_Hungary.html, /Attractions-g3175978-Activities-Gyomro_Pest_County_Central_Hungary.html
Reformed Church, None, Sights & Landmarks, /Attraction_Review-g3175978-d22549167-Reviews-Reformed_Church-Gyomro_Pest_County_Central_Hungary.html, /Attractions-g3175978-Activities-Gyomro_Pest_County_Central_Hungary.html
Tőzeges Tó, None, Nature & Parks, /Attraction_Review-g3175978-d8135281-Reviews-Tozeges_To-Gyomro_Pest_County_Central_Hungary.html, /Attractions-g3175978-Activities-Gyomro_Pest_County_Central_Hungary.html
Hanko Istvan Muveszeti Kozpont, None, Concerts & Shows, /Attraction_Review-g3175978-d8131533-Reviews-Hanko_Istvan_Muveszeti_Kozpont-Gyomro_Pest_County_Central_Hungary.html, /Attractions-g3175978-Activities-Gyomro_Pest_County_Central_Hungary.html
