attraction_name, attraction_rate, attraction_type, attraction_url, attraction_parent_url
Gyula Almásy Castle, 5.0, Museums, /Attraction_Review-g1056637-d10322565-Reviews-Gyula_Almasy_Castle-Gyula_Southern_Great_Plain.html, /Attractions-g1056637-Activities-Gyula_Southern_Great_Plain.html
Gyula Castle, 4.5, Museums, /Attraction_Review-g1056637-d7848583-Reviews-Gyula_Castle-Gyula_Southern_Great_Plain.html, /Attractions-g1056637-Activities-Gyula_Southern_Great_Plain.html
Gyulai Kolbasz Museum, 5.0, Museums, /Attraction_Review-g1056637-d13153033-Reviews-Gyulai_Kolbasz_Museum-Gyula_Southern_Great_Plain.html, /Attractions-g1056637-Activities-Gyula_Southern_Great_Plain.html
Kapus-híd, 4.5, Sights & Landmarks, /Attraction_Review-g1056637-d8544715-Reviews-Kapus_hid-Gyula_Southern_Great_Plain.html, /Attractions-g1056637-Activities-Gyula_Southern_Great_Plain.html
Erkel Ferenc Emlekhaz, 4.5, Museums, /Attraction_Review-g1056637-d7160223-Reviews-Erkel_Ferenc_Emlekhaz-Gyula_Southern_Great_Plain.html, /Attractions-g1056637-Activities-Gyula_Southern_Great_Plain.html
Gyulavari Castle, 4.5, Sights & Landmarks, /Attraction_Review-g1056637-d4508791-Reviews-Gyulavari_Castle-Gyula_Southern_Great_Plain.html, /Attractions-g1056637-Activities-Gyula_Southern_Great_Plain.html
Ladics House, 4.5, Museums, /Attraction_Review-g1056637-d7309387-Reviews-Ladics_House-Gyula_Southern_Great_Plain.html, /Attractions-g1056637-Activities-Gyula_Southern_Great_Plain.html
Nádi Boldogasszony Plébánia, 5.0, Sights & Landmarks, /Attraction_Review-g1056637-d8492974-Reviews-Nadi_Boldogasszony_Plebania-Gyula_Southern_Great_Plain.html, /Attractions-g1056637-Activities-Gyula_Southern_Great_Plain.html
Memorial of the Honvéd Officers of 1848-49, 4.5, Sights & Landmarks, /Attraction_Review-g1056637-d8822449-Reviews-Memorial_of_the_Honved_Officers_of_1848_49-Gyula_Southern_Great_Plain.html, /Attractions-g1056637-Activities-Gyula_Southern_Great_Plain.html
Snail Garden, 4.0, Nature & Parks, /Attraction_Review-g1056637-d8822451-Reviews-Snail_Garden-Gyula_Southern_Great_Plain.html, /Attractions-g1056637-Activities-Gyula_Southern_Great_Plain.html
Menyhárt-híd, 4.5, Sights & Landmarks, /Attraction_Review-g1056637-d8544724-Reviews-Menyhart_hid-Gyula_Southern_Great_Plain.html, /Attractions-g1056637-Activities-Gyula_Southern_Great_Plain.html
Exhibition of Radio History, 5.0, Museums, /Attraction_Review-g1056637-d8476205-Reviews-Exhibition_of_Radio_History-Gyula_Southern_Great_Plain.html, /Attractions-g1056637-Activities-Gyula_Southern_Great_Plain.html
Vilagora, 4.0, Sights & Landmarks, /Attraction_Review-g1056637-d15119996-Reviews-Vilagora-Gyula_Southern_Great_Plain.html, /Attractions-g1056637-Activities-Gyula_Southern_Great_Plain.html
Szentharomsag Kapolna, 4.5, Sights & Landmarks, /Attraction_Review-g1056637-d8522413-Reviews-Szentharomsag_Kapolna-Gyula_Southern_Great_Plain.html, /Attractions-g1056637-Activities-Gyula_Southern_Great_Plain.html
Ferences Rendi Romkert, 5.0, Sights & Landmarks, /Attraction_Review-g1056637-d8544677-Reviews-Ferences_Rendi_Romkert-Gyula_Southern_Great_Plain.html, /Attractions-g1056637-Activities-Gyula_Southern_Great_Plain.html
The Little Bridge, 4.5, Sights & Landmarks, /Attraction_Review-g1056637-d8822445-Reviews-The_Little_Bridge-Gyula_Southern_Great_Plain.html, /Attractions-g1056637-Activities-Gyula_Southern_Great_Plain.html
Szent Jozsef Templom, 5.0, Sights & Landmarks, /Attraction_Review-g1056637-d8522411-Reviews-Szent_Jozsef_Templom-Gyula_Southern_Great_Plain.html, /Attractions-g1056637-Activities-Gyula_Southern_Great_Plain.html
Statue of  Petőfi, 3.5, Sights & Landmarks, /Attraction_Review-g1056637-d8728436-Reviews-Statue_of_Petofi-Gyula_Southern_Great_Plain.html, /Attractions-g1056637-Activities-Gyula_Southern_Great_Plain.html
Tajvizhaz, 5.0, Museums, /Attraction_Review-g1056637-d16750947-Reviews-Tajvizhaz-Gyula_Southern_Great_Plain.html, /Attractions-g1056637-Activities-Gyula_Southern_Great_Plain.html
Tanyamuseum, 4.0, Museums, /Attraction_Review-g1056637-d19060085-Reviews-Tanyamuseum-Gyula_Southern_Great_Plain.html, /Attractions-g1056637-Activities-Gyula_Southern_Great_Plain.html
Béla Bartók Memorial, 4.0, Sights & Landmarks, /Attraction_Review-g1056637-d8822461-Reviews-Bela_Bartok_Memorial-Gyula_Southern_Great_Plain.html, /Attractions-g1056637-Activities-Gyula_Southern_Great_Plain.html
Roman Ortodox Puspokseg Muzeuma, 4.0, Museums, /Attraction_Review-g1056637-d16674829-Reviews-Roman_Ortodox_Puspokseg_Muzeuma-Gyula_Southern_Great_Plain.html, /Attractions-g1056637-Activities-Gyula_Southern_Great_Plain.html
Muvelodesi Kozpont, 5.0, Traveller Resources, /Attraction_Review-g1056637-d8555915-Reviews-Muvelodesi_Kozpont-Gyula_Southern_Great_Plain.html, /Attractions-g1056637-Activities-Gyula_Southern_Great_Plain.html
Kalvaria Apsziskapolna, 4.0, Sights & Landmarks, /Attraction_Review-g1056637-d8531891-Reviews-Kalvaria_Apsziskapolna-Gyula_Southern_Great_Plain.html, /Attractions-g1056637-Activities-Gyula_Southern_Great_Plain.html
Bardos-hid, 4.0, Sights & Landmarks, /Attraction_Review-g1056637-d8544698-Reviews-Bardos_hid-Gyula_Southern_Great_Plain.html, /Attractions-g1056637-Activities-Gyula_Southern_Great_Plain.html
Mary's Shrine Collection. Apor Memorial room, 4.0, Museums, /Attraction_Review-g1056637-d8641906-Reviews-Mary_s_Shrine_Collection_Apor_Memorial_room-Gyula_Southern_Great_Plain.html, /Attractions-g1056637-Activities-Gyula_Southern_Great_Plain.html
Gyulai Várfürdő, 4.5, Water & Amusement Parks, /Attraction_Review-g1056637-d2226703-Reviews-Gyulai_Varfurdo-Gyula_Southern_Great_Plain.html, /Attractions-g1056637-Activities-Gyula_Southern_Great_Plain.html
Odalent, 5.0, Fun & Games, /Attraction_Review-g1056637-d13546383-Reviews-Odalent-Gyula_Southern_Great_Plain.html, /Attractions-g1056637-Activities-Gyula_Southern_Great_Plain.html
Gyula Óriáskerék, 4.0, Sights & Landmarks, /Attraction_Review-g1056637-d21149402-Reviews-Gyula_Oriaskerek-Gyula_Southern_Great_Plain.html, /Attractions-g1056637-Activities-Gyula_Southern_Great_Plain.html
Steigervald Tanya Galopp, None, Museums, /Attraction_Review-g1056637-d14922074-Reviews-Steigervald_Tanya_Galopp-Gyula_Southern_Great_Plain.html, /Attractions-g1056637-Activities-Gyula_Southern_Great_Plain.html
