attraction_name, attraction_rate, attraction_type, attraction_url, attraction_parent_url
Deutsch Palace, 4.5, Sights & Landmarks, /Attraction_Review-g274912-d13834400-Reviews-Deutsch_Palace-Szeged_Csongrad_County_Southern_Great_Plain.html, /Attractions-g274912-Activities-Szeged_Csongrad_County_Southern_Great_Plain.html
Saint Stephen and Gisella Statue, 4.0, Sights & Landmarks, /Attraction_Review-g274912-d13839185-Reviews-Saint_Stephen_and_Gisella_Statue-Szeged_Csongrad_County_Southern_Great_Plain.html, /Attractions-g274912-Activities-Szeged_Csongrad_County_Southern_Great_Plain.html
Stefania, 4.0, Sights & Landmarks, /Attraction_Review-g274912-d4173676-Reviews-Stefania-Szeged_Csongrad_County_Southern_Great_Plain.html, /Attractions-g274912-Activities-Szeged_Csongrad_County_Southern_Great_Plain.html
The Franciscan Visitor Centre at Alsovaros, 5.0, Traveller Resources, /Attraction_Review-g274912-d4548635-Reviews-The_Franciscan_Visitor_Centre_at_Alsovaros-Szeged_Csongrad_County_Southern_Great_.html, /Attractions-g274912-Activities-Szeged_Csongrad_County_Southern_Great_Plain.html
Statue of Kuno Klebelsberg, 4.0, Sights & Landmarks, /Attraction_Review-g274912-d13864106-Reviews-Statue_of_Kuno_Klebelsberg-Szeged_Csongrad_County_Southern_Great_Plain.html, /Attractions-g274912-Activities-Szeged_Csongrad_County_Southern_Great_Plain.html
II. Rákóczi Ferenc Statue, 4.5, Sights & Landmarks, /Attraction_Review-g274912-d13834638-Reviews-II_Rakoczi_Ferenc_Statue-Szeged_Csongrad_County_Southern_Great_Plain.html, /Attractions-g274912-Activities-Szeged_Csongrad_County_Southern_Great_Plain.html
Vásárhelyi Pál Memorial Statue, 4.5, Sights & Landmarks, /Attraction_Review-g274912-d13824783-Reviews-Vasarhelyi_Pal_Memorial_Statue-Szeged_Csongrad_County_Southern_Great_Plain.html, /Attractions-g274912-Activities-Szeged_Csongrad_County_Southern_Great_Plain.html
Deák Ferenc Memorial Statue, 4.5, Sights & Landmarks, /Attraction_Review-g274912-d13838765-Reviews-Deak_Ferenc_Memorial_Statue-Szeged_Csongrad_County_Southern_Great_Plain.html, /Attractions-g274912-Activities-Szeged_Csongrad_County_Southern_Great_Plain.html
Statue of St George and the Dragon, 4.5, Sights & Landmarks, /Attraction_Review-g274912-d13834464-Reviews-Statue_of_St_George_and_the_Dragon-Szeged_Csongrad_County_Southern_Great_Plain.html, /Attractions-g274912-Activities-Szeged_Csongrad_County_Southern_Great_Plain.html
Karoly Somogyi Town and County Library, 4.0, Traveller Resources, /Attraction_Review-g274912-d13128807-Reviews-Karoly_Somogyi_Town_and_County_Library-Szeged_Csongrad_County_Southern_Great_Pla.html, /Attractions-g274912-Activities-Szeged_Csongrad_County_Southern_Great_Plain.html
Tisza Lajos Memorial Statue, 4.5, Sights & Landmarks, /Attraction_Review-g274912-d13838769-Reviews-Tisza_Lajos_Memorial_Statue-Szeged_Csongrad_County_Southern_Great_Plain.html, /Attractions-g274912-Activities-Szeged_Csongrad_County_Southern_Great_Plain.html
Széchenyi István Memorial Statue, 4.5, Sights & Landmarks, /Attraction_Review-g274912-d13838783-Reviews-Szechenyi_Istvan_Memorial_Statue-Szeged_Csongrad_County_Southern_Great_Plain.html, /Attractions-g274912-Activities-Szeged_Csongrad_County_Southern_Great_Plain.html
Queen Elizabeth Statue, 4.0, Sights & Landmarks, /Attraction_Review-g274912-d13834430-Reviews-Queen_Elizabeth_Statue-Szeged_Csongrad_County_Southern_Great_Plain.html, /Attractions-g274912-Activities-Szeged_Csongrad_County_Southern_Great_Plain.html
Building and Destroying Tisza Fountain, 4.0, Sights & Landmarks, /Attraction_Review-g274912-d13838759-Reviews-Building_and_Destroying_Tisza_Fountain-Szeged_Csongrad_County_Southern_Great_Pla.html, /Attractions-g274912-Activities-Szeged_Csongrad_County_Southern_Great_Plain.html
Szeged Observatory, 5.0, Museums, /Attraction_Review-g274912-d11444670-Reviews-Szeged_Observatory-Szeged_Csongrad_County_Southern_Great_Plain.html, /Attractions-g274912-Activities-Szeged_Csongrad_County_Southern_Great_Plain.html
Statue of the Young King Matthias, 5.0, Sights & Landmarks, /Attraction_Review-g274912-d13834450-Reviews-Statue_of_the_Young_King_Matthias-Szeged_Csongrad_County_Southern_Great_Plain.html, /Attractions-g274912-Activities-Szeged_Csongrad_County_Southern_Great_Plain.html
Kass Gallery, 2.0, Museums, /Attraction_Review-g274912-d13838738-Reviews-Kass_Gallery-Szeged_Csongrad_County_Southern_Great_Plain.html, /Attractions-g274912-Activities-Szeged_Csongrad_County_Southern_Great_Plain.html
Moricz House, 4.0, Sights & Landmarks, /Attraction_Review-g274912-d18542833-Reviews-Moricz_House-Szeged_Csongrad_County_Southern_Great_Plain.html, /Attractions-g274912-Activities-Szeged_Csongrad_County_Southern_Great_Plain.html
Goldschmidt Palace, 4.0, Sights & Landmarks, /Attraction_Review-g274912-d18542832-Reviews-Goldschmidt_Palace-Szeged_Csongrad_County_Southern_Great_Plain.html, /Attractions-g274912-Activities-Szeged_Csongrad_County_Southern_Great_Plain.html
Kossuth Lajos Memorial Statue, 4.0, Sights & Landmarks, /Attraction_Review-g274912-d13834657-Reviews-Kossuth_Lajos_Memorial_Statue-Szeged_Csongrad_County_Southern_Great_Plain.html, /Attractions-g274912-Activities-Szeged_Csongrad_County_Southern_Great_Plain.html
Old Synagogue, 4.0, Sights & Landmarks, /Attraction_Review-g274912-d13834391-Reviews-Old_Synagogue-Szeged_Csongrad_County_Southern_Great_Plain.html, /Attractions-g274912-Activities-Szeged_Csongrad_County_Southern_Great_Plain.html
Danko Pista Statue, 4.0, Sights & Landmarks, /Attraction_Review-g274912-d13834407-Reviews-Danko_Pista_Statue-Szeged_Csongrad_County_Southern_Great_Plain.html, /Attractions-g274912-Activities-Szeged_Csongrad_County_Southern_Great_Plain.html
Arad Martyrs Square, 4.0, Sights & Landmarks, /Attraction_Review-g274912-d13834499-Reviews-Arad_Martyrs_Square-Szeged_Csongrad_County_Southern_Great_Plain.html, /Attractions-g274912-Activities-Szeged_Csongrad_County_Southern_Great_Plain.html
Castle Museum & Lapidarium, 2.0, Museums, /Attraction_Review-g274912-d13824821-Reviews-Castle_Museum_Lapidarium-Szeged_Csongrad_County_Southern_Great_Plain.html, /Attractions-g274912-Activities-Szeged_Csongrad_County_Southern_Great_Plain.html
Szeged-Csanádi Diocesan Museum and Treasury, None, Museums, /Attraction_Review-g274912-d13824801-Reviews-Szeged_Csanadi_Diocesan_Museum_and_Treasury-Szeged_Csongrad_County_Southern_Grea.html, /Attractions-g274912-Activities-Szeged_Csongrad_County_Southern_Great_Plain.html
Gokartpark Szeged, None, Fun & Games, /Attraction_Review-g274912-d21000930-Reviews-Gokartpark_Szeged-Szeged_Csongrad_County_Southern_Great_Plain.html, /Attractions-g274912-Activities-Szeged_Csongrad_County_Southern_Great_Plain.html
Ungar Mayer Palace, None, Sights & Landmarks, /Attraction_Review-g274912-d18817148-Reviews-Ungar_Mayer_Palace-Szeged_Csongrad_County_Southern_Great_Plain.html, /Attractions-g274912-Activities-Szeged_Csongrad_County_Southern_Great_Plain.html
